time,lap_count,goal_index,wp_index,target_x,target_y,filtered_x,filtered_y,filtered_yaw,raw_odom_x,raw_odom_y,raw_odom_yaw,aruco_x,aruco_y,aruco_yaw,aruco_age,aruco_count,cmd_vx,cmd_vy,dist_to_target,lifter_up,lifter_toggle_count,min_dist
0.109,0,0,0,-0.6167,0.0000,-0.4970,0.0210,-123.3399,0.0000,0.0000,0.0000,-0.7766,0.0833,179.0503,0.004,4,0.0000,0.0000,0.1215,0,0,0.361
0.204,0,0,0,-0.6167,0.0000,-0.5125,0.0209,-127.0293,0.0000,0.0000,0.0000,-0.7011,-0.0031,172.8627,0.010,9,0.0000,0.0000,0.1063,0,0,0.367
0.303,0,0,0,-0.6167,0.0000,-0.5215,0.0217,-128.9623,0.0000,0.0000,0.0000,-0.5939,-0.0231,170.9676,0.014,14,0.0000,0.0000,0.0976,0,0,0.383
0.402,0,0,0,-0.6167,0.0000,-0.5300,0.0209,-131.3647,0.0000,0.0000,0.0000,-0.7766,0.0833,179.0516,0.002,19,0.0000,0.0000,0.0892,0,0,0.384
0.504,0,0,0,-0.6167,0.0000,-0.5388,0.0212,-133.5994,0.0000,0.0000,0.0000,-0.7766,0.0833,179.0476,0.027,23,0.0000,0.0000,0.0807,0,0,0.388
0.605,0,0,0,-0.6167,0.0000,-0.5456,0.0209,-135.3333,0.0000,0.0000,0.0000,-0.5939,-0.0231,170.9655,0.002,28,0.0000,0.0000,0.0741,0,0,0.361
0.707,0,0,0,-0.6167,0.0000,-0.5535,0.0211,-137.3960,0.0000,0.0000,0.0000,-0.5939,-0.0231,170.9656,0.030,32,0.0000,0.0000,0.0667,0,0,0.378
0.805,0,0,0,-0.6167,0.0000,-0.5596,0.0209,-138.9908,0.0000,0.0000,0.0000,-0.7766,0.0833,179.0484,0.003,37,0.0000,0.0000,0.0608,0,0,0.377
0.904,0,0,0,-0.6167,0.0000,-0.5666,0.0211,-140.8848,0.0000,0.0000,0.0000,-0.5939,-0.0231,170.9659,0.029,41,0.0000,0.0000,0.0543,0,0,0.387
1.001,0,0,0,-0.6167,0.0000,-0.5721,0.0208,-142.3644,0.0000,0.0000,0.0000,-0.7010,-0.0032,172.8619,0.024,45,0.0000,0.0000,0.0491,0,0,0.378
1.104,0,0,0,-0.6167,0.0000,-0.5784,0.0210,-144.1110,0.0000,0.0000,0.0000,-0.5939,-0.0231,170.9654,0.026,50,0.0000,0.0000,0.0436,0,0,0.380
1.205,0,0,0,-0.6167,0.0000,-0.5835,0.0202,-145.8333,0.0000,0.0000,0.0000,-0.5939,-0.0231,170.9649,0.009,55,0.0000,0.0000,0.0388,0,0,0.387
1.302,0,0,0,-0.6167,0.0000,-0.5891,0.0208,-147.0904,0.0000,0.0000,0.0000,-0.7010,-0.0032,172.8618,0.013,59,0.0000,0.0000,0.0346,0,0,0.382
1.402,0,0,0,-0.6167,0.0000,-0.5924,0.0208,-148.0212,0.0000,0.0000,0.0000,-0.7766,0.0833,179.0493,0.047,62,0.0000,0.0000,0.0319,0,0,0.367
1.501,0,0,0,-0.6167,0.0000,-0.5988,0.0208,-149.8478,0.0000,0.0000,0.0000,-0.7766,0.0833,179.0484,0.011,68,0.0000,0.0000,0.0274,0,0,0.377
1.601,0,0,0,-0.6167,0.0000,-0.6029,0.0205,-151.0105,0.0000,0.0000,0.0000,-0.7010,-0.0032,172.8636,0.025,72,0.0000,0.0000,0.0247,0,0,0.371
1.709,0,0,0,-0.6167,0.0000,-0.6076,0.0211,-152.0919,0.0000,0.0000,0.0000,-0.7766,0.0833,179.0475,0.044,76,0.0000,0.0000,0.0230,0,0,0.385
1.814,0,0,0,-0.6167,0.0000,-0.6101,0.0205,-153.1951,0.0000,0.0000,0.0000,-0.5939,-0.0231,170.9652,0.040,80,0.0000,0.0000,0.0215,0,0,0.375
1.903,0,0,0,-0.6167,0.0000,-0.6153,0.0204,-154.7534,0.0000,0.0000,0.0000,-0.5939,-0.0231,170.9652,0.022,86,0.0000,0.0000,0.0205,0,0,0.375
2.003,0,0,0,-0.6167,0.0000,-0.6186,0.0202,-155.7520,0.0000,0.0000,0.0000,-0.7009,-0.0032,172.8606,0.017,90,0.0000,0.0000,0.0203,0,0,0.366
2.104,0,0,0,-0.6167,0.0000,-0.6223,0.0204,-156.9267,0.0000,0.0000,0.0000,-0.5939,-0.0231,170.9676,0.026,95,0.0000,0.0000,0.0211,0,0,0.379
2.202,0,0,0,-0.6167,0.0000,-0.6253,0.0201,-157.8546,0.0000,0.0000,0.0000,-0.7010,-0.0032,172.8615,0.016,99,0.0000,0.0000,0.0219,0,0,0.378
2.303,0,0,0,-0.6167,0.0000,-0.6271,0.0196,-158.7663,0.0000,0.0000,0.0000,-0.7766,0.0833,179.0484,0.009,104,0.0000,0.0000,0.0222,0,0,0.374
2.405,0,0,0,-0.6167,0.0000,-0.6314,0.0200,-159.7994,0.0000,0.0000,0.0000,-0.7010,-0.0032,172.8623,0.014,108,0.0000,0.0000,0.0249,0,0,0.382
2.502,0,0,0,-0.6167,0.0000,-0.6345,0.0202,-160.8072,0.0000,0.0000,0.0000,-0.7766,0.0833,179.0483,0.030,113,0.0000,0.0000,0.0269,0,0,0.384
2.606,0,0,0,-0.6167,0.0000,-0.6365,0.0194,-161.8225,0.0000,0.0000,0.0000,-0.5939,-0.0231,170.9674,0.009,118,0.0000,0.0000,0.0278,0,0,0.379
2.702,0,0,0,-0.6167,0.0000,-0.6397,0.0201,-162.5335,0.0000,0.0000,0.0000,-0.5939,-0.0231,170.9656,0.030,122,0.0000,0.0000,0.0306,0,0,0.395
2.804,0,0,0,-0.6167,0.0000,-0.6413,0.0201,-163.0713,0.0000,0.0000,0.0000,-0.7766,0.0833,179.0483,0.059,125,0.0000,0.0000,0.0318,0,0,0.386
2.901,0,0,0,-0.6167,0.0000,-0.6430,0.0193,-164.0070,0.0000,0.0000,0.0000,-0.5939,-0.0231,170.9658,0.014,130,0.0000,0.0000,0.0327,0,0,0.371
3.005,0,0,0,-0.6167,0.0000,-0.6465,0.0198,-164.8335,0.0000,0.0000,0.0000,-0.7009,-0.0032,172.8573,0.018,135,0.0000,0.0000,0.0358,0,0,0.363
3.103,0,0,0,-0.6167,0.0000,-0.6488,0.0200,-165.6358,0.0000,0.0000,0.0000,-0.5939,-0.0231,170.9644,0.017,140,0.0000,0.0000,0.0378,0,0,0.387
3.202,0,0,0,-0.6167,0.0000,-0.6506,0.0197,-166.2713,0.0000,0.0000,0.0000,-0.5939,-0.0231,170.9649,0.009,145,0.0000,0.0000,0.0393,0,0,0.370
3.301,0,0,0,-0.6167,0.0000,-0.6526,0.0199,-167.0114,0.0000,0.0000,0.0000,-0.7766,0.0832,179.0490,0.026,149,0.0000,0.0000,0.0411,0,0,0.389
3.404,0,0,0,-0.6167,0.0000,-0.6557,0.0203,-167.7070,0.0000,0.0000,0.0000,-0.7766,0.0833,179.0469,0.007,154,0.0000,0.0000,0.0440,0,0,0.376
3.503,0,0,0,-0.6167,0.0000,-0.6561,0.0198,-168.2907,0.0000,0.0000,0.0000,-0.5939,-0.0231,170.9657,0.025,158,0.0000,0.0000,0.0442,0,0,0.379
3.605,0,0,0,-0.6167,0.0000,-0.6577,0.0195,-168.8358,0.0000,0.0000,0.0000,-0.5939,-0.0231,170.9669,0.003,163,0.0000,0.0000,0.0455,0,0,0.383
3.703,0,0,0,-0.6167,0.0000,-0.6593,0.0198,-169.4751,0.0000,0.0000,0.0000,-0.7766,0.0833,179.0486,0.026,167,0.0000,0.0000,0.0470,0,0,0.363
3.805,0,0,0,-0.6167,0.0000,-0.6608,0.0195,-169.9834,0.0000,0.0000,0.0000,-0.5939,-0.0231,170.9681,0.002,173,0.0000,0.0000,0.0482,0,0,0.360
3.903,0,0,0,-0.6167,0.0000,-0.6622,0.0197,-170.5744,0.0000,0.0000,0.0000,-0.5939,-0.0231,170.9677,0.027,176,0.0000,0.0000,0.0496,0,0,0.389
4.005,0,0,0,-0.6167,0.0000,-0.6635,0.0194,-171.0454,0.0000,0.0000,0.0000,-0.7766,0.0832,179.0491,0.003,181,0.0000,0.0000,0.0507,0,0,0.382
4.103,0,0,0,-0.6167,0.0000,-0.6648,0.0196,-171.5954,0.0000,0.0000,0.0000,-0.7766,0.0832,179.0485,0.006,185,0.0000,0.0000,0.0520,0,0,0.383
4.206,0,0,0,-0.6167,0.0000,-0.6661,0.0194,-172.0365,0.0000,0.0000,0.0000,-0.7009,-0.0033,172.8601,0.009,189,0.0000,0.0000,0.0531,0,0,0.380
4.302,0,0,0,-0.6167,0.0000,-0.6672,0.0196,-172.5481,0.0000,0.0000,0.0000,-0.7766,0.0832,179.0486,0.027,194,0.0000,0.0000,0.0542,0,0,0.371
4.404,0,0,0,-0.6167,0.0000,-0.6683,0.0193,-172.9576,0.0000,0.0000,0.0000,-0.7766,0.0832,179.0481,0.002,199,0.0000,0.0000,0.0552,0,0,0.372
4.504,0,0,0,-0.6167,0.0000,-0.6694,0.0195,-173.4308,0.0000,0.0000,0.0000,-0.5939,-0.0231,170.9677,0.006,203,0.0000,0.0000,0.0562,0,0,0.390
4.604,0,0,0,-0.6167,0.0000,-0.6695,0.0188,-173.9353,0.0000,0.0000,0.0000,-0.5939,-0.0231,170.9682,0.007,208,0.0000,0.0000,0.0561,0,0,0.365
4.703,0,0,0,-0.6167,0.0000,-0.6713,0.0195,-174.2505,0.0000,0.0000,0.0000,-0.5939,-0.0231,170.9686,0.029,212,0.0000,0.0000,0.0580,0,0,0.391
4.806,0,0,0,-0.6167,0.0000,-0.6722,0.0192,-174.6066,0.0000,0.0000,0.0000,-0.7009,-0.0033,172.8607,0.028,216,0.0000,0.0000,0.0588,0,0,0.385
4.901,0,0,0,-0.6167,0.0000,-0.6731,0.0194,-175.0081,0.0000,0.0000,0.0000,-0.7766,0.0833,179.0470,0.026,221,0.0000,0.0000,0.0597,0,0,0.373
5.004,0,0,0,-0.6167,0.0000,-0.6739,0.0192,-175.3379,0.0000,0.0000,0.0000,-0.7766,0.0833,179.0471,0.004,226,0.0000,0.0000,0.0604,0,0,0.372
5.101,0,0,0,-0.6167,0.0000,-0.6747,0.0194,-175.7148,0.0000,0.0000,0.0000,-0.5939,-0.0231,170.9671,0.026,230,0.0000,0.0000,0.0612,0,0,0.364
5.202,0,0,0,-0.6167,0.0000,-0.6754,0.0191,-176.0224,0.0000,0.0000,0.0000,-0.5939,-0.0231,170.9669,0.006,235,0.0000,0.0000,0.0618,0,0,0.371
5.303,0,0,0,-0.6167,0.0000,-0.6761,0.0194,-176.3676,0.0000,0.0000,0.0000,-0.7766,0.0832,179.0477,0.027,239,0.0000,0.0000,0.0625,0,0,0.375
5.403,0,0,0,-0.6167,0.0000,-0.6777,0.0201,-176.6010,0.0000,0.0000,0.0000,-0.7767,0.0833,179.0450,0.003,243,0.0000,0.0000,0.0642,0,0,0.369
5.502,0,0,0,-0.6167,0.0000,-0.6775,0.0193,-176.9774,0.0000,0.0000,0.0000,-0.7766,0.0832,179.0483,0.025,248,0.0000,0.0000,0.0638,0,0,0.379
5.603,0,0,0,-0.6167,0.0000,-0.6781,0.0191,-177.2403,0.0000,0.0000,0.0000,-0.7008,-0.0033,172.8595,0.002,252,0.0000,0.0000,0.0643,0,0,0.370
5.702,0,0,0,-0.6167,0.0000,-0.6776,0.0186,-177.5173,0.0000,0.0000,0.0000,-0.7766,0.0832,179.0498,0.003,257,0.0000,0.0000,0.0637,0,0,0.376
5.801,0,0,0,-0.6167,0.0000,-0.6793,0.0191,-177.7960,0.0000,0.0000,0.0000,-0.7767,0.0832,179.0468,0.005,262,0.0000,0.0000,0.0654,0,0,0.388
5.903,0,0,0,-0.6167,0.0000,-0.6797,0.0193,-178.0741,0.0000,0.0000,0.0000,-0.7766,0.0832,179.0479,0.026,266,0.0000,0.0000,0.0660,0,0,0.371
6.003,0,0,0,-0.6167,0.0000,-0.6803,0.0190,-178.2979,0.0000,0.0000,0.0000,-0.7767,0.0833,179.0459,0.006,271,0.0000,0.0000,0.0664,0,0,0.375
6.102,0,0,0,-0.6167,0.0000,-0.6807,0.0193,-178.5556,0.0000,0.0000,0.0000,-0.5939,-0.0231,170.9678,0.029,275,0.0000,0.0000,0.0669,0,0,0.382
6.201,0,0,0,-0.6167,0.0000,-0.6813,0.0190,-178.7709,0.0000,0.0000,0.0000,-0.7008,-0.0033,172.8616,0.023,279,0.0000,0.0000,0.0673,0,0,0.366
6.303,0,0,0,-0.6167,0.0000,-0.6816,0.0192,-179.0063,0.0000,0.0000,0.0000,-0.5939,-0.0231,170.9681,0.021,284,0.0000,0.0000,0.0678,0,0,0.378
6.401,0,0,0,-0.6167,0.0000,-0.6821,0.0190,-179.2082,0.0000,0.0000,0.0000,-0.5939,-0.0231,170.9677,0.003,289,0.0000,0.0000,0.0682,0,0,0.369
6.501,0,0,0,-0.6167,0.0000,-0.6825,0.0192,-179.4261,0.0000,0.0000,0.0000,-0.7766,0.0832,179.0483,0.028,293,0.0000,0.0000,0.0685,0,0,0.383
6.604,0,0,0,-0.6167,0.0000,-0.6819,0.0185,-179.6861,0.0000,0.0000,0.0000,-0.5939,-0.0231,170.9686,0.009,298,0.0000,0.0000,0.0679,0,0,0.363
6.703,0,0,0,-0.6167,0.0000,-0.6832,0.0192,-179.8165,0.0000,0.0000,0.0000,-0.5939,-0.0231,170.9684,0.026,302,0.0000,0.0000,0.0692,0,0,0.373
6.803,0,0,0,-0.6167,0.0000,-0.6824,0.0187,179.9972,0.0000,0.0000,0.0000,-0.5939,-0.0231,170.9680,0.007,306,0.0000,0.0000,0.0684,0,0,0.375
6.905,0,0,0,-0.6167,0.0000,-0.6839,0.0192,179.8229,0.0000,0.0000,0.0000,-0.7767,0.0832,179.0482,0.002,311,0.0000,0.0000,0.0699,0,0,0.371
7.001,0,0,0,-0.6167,0.0000,-0.6843,0.0190,179.6582,0.0000,0.0000,0.0000,-0.7008,-0.0033,172.8601,0.018,315,0.0000,0.0000,0.0702,0,0,0.373
7.104,0,0,0,-0.6167,0.0000,-0.6845,0.0192,179.4862,0.0000,0.0000,0.0000,-0.5939,-0.0231,170.9682,0.021,320,0.0000,0.0000,0.0705,0,0,0.375
7.203,0,0,0,-0.6167,0.0000,-0.6848,0.0189,179.3349,0.0000,0.0000,0.0000,-0.7767,0.0833,179.0457,0.002,325,0.0000,0.0000,0.0707,0,0,0.366
7.302,0,0,0,-0.6167,0.0000,-0.6850,0.0192,179.1726,0.0000,0.0000,0.0000,-0.7767,0.0833,179.0452,0.029,329,0.0000,0.0000,0.0710,0,0,0.368
7.401,0,0,0,-0.6167,0.0000,-0.6853,0.0189,179.0306,0.0000,0.0000,0.0000,-0.7767,0.0832,179.0468,0.002,334,0.0000,0.0000,0.0712,0,0,0.374
7.503,0,0,0,-0.6167,0.0000,-0.6855,0.0191,178.8826,0.0000,0.0000,0.0000,-0.7767,0.0833,179.0451,0.027,338,0.0000,0.0000,0.0715,0,0,0.375
7.603,0,0,0,-0.6167,0.0000,-0.6848,0.0185,178.6932,0.0000,0.0000,0.0000,-0.5940,-0.0231,170.9662,0.008,343,0.0000,0.0000,0.0706,0,0,0.378
7.703,0,0,0,-0.6167,0.0000,-0.6860,0.0191,178.6173,0.0000,0.0000,0.0000,-0.7767,0.0833,179.0461,0.028,347,0.0000,0.0000,0.0719,0,0,0.371
7.804,0,0,0,-0.6167,0.0000,-0.6863,0.0189,178.4925,0.0000,0.0000,0.0000,-0.7766,0.0832,179.0482,0.003,352,0.0000,0.0000,0.0721,0,0,0.364
7.901,0,0,0,-0.6167,0.0000,-0.6864,0.0191,178.3647,0.0000,0.0000,0.0000,-0.7767,0.0832,179.0476,0.026,356,0.0000,0.0000,0.0723,0,0,0.401
8.002,0,0,0,-0.6167,0.0000,-0.6867,0.0189,178.2478,0.0000,0.0000,0.0000,-0.7767,0.0832,179.0472,0.006,361,0.0000,0.0000,0.0725,0,0,0.379
8.102,0,0,0,-0.6167,0.0000,-0.6867,0.0191,178.1311,0.0000,0.0000,0.0000,-0.7007,-0.0034,172.8589,0.020,365,0.0000,0.0000,0.0726,0,0,0.376
8.201,0,0,0,-0.6167,0.0000,-0.6869,0.0191,178.0647,0.0000,0.0000,0.0000,-0.5939,-0.0231,170.9696,0.002,370,0.0000,0.0000,0.0728,0,0,0.365
8.304,0,0,0,-0.6167,0.0000,-0.6871,0.0191,177.9169,0.0000,0.0000,0.0000,-0.7767,0.0832,179.0473,0.013,374,0.0000,0.0000,0.0730,0,0,0.361
8.402,0,0,0,-0.6167,0.0000,-0.6874,0.0189,177.8170,0.0000,0.0000,0.0000,-0.7007,-0.0034,172.8607,0.023,378,0.0000,0.0000,0.0732,0,0,0.377
8.503,0,0,0,-0.6167,0.0000,-0.6874,0.0191,177.7159,0.0000,0.0000,0.0000,-0.5939,-0.0231,170.9692,0.015,383,0.0000,0.0000,0.0733,0,0,0.375
8.605,0,0,0,-0.6167,0.0000,-0.6876,0.0189,177.6201,0.0000,0.0000,0.0000,-0.5939,-0.0231,170.9696,0.004,388,0.0000,0.0000,0.0734,0,0,0.372
8.702,0,0,0,-0.6167,0.0000,-0.6877,0.0191,177.5300,0.0000,0.0000,0.0000,-0.5939,-0.0231,170.9697,0.025,392,0.0000,0.0000,0.0735,0,0,0.393
8.804,0,0,0,-0.6167,0.0000,-0.6869,0.0184,177.3916,0.0000,0.0000,0.0000,-0.5939,-0.0231,170.9679,0.007,397,0.0000,0.0000,0.0726,0,0,0.370
8.901,0,0,0,-0.6167,0.0000,-0.6879,0.0191,177.3564,0.0000,0.0000,0.0000,-0.7767,0.0832,179.0466,0.032,401,0.0000,0.0000,0.0738,0,0,0.380
9.002,0,0,0,-0.6167,0.0000,-0.6881,0.0188,177.2727,0.0000,0.0000,0.0000,-0.7007,-0.0034,172.8616,0.025,405,0.0000,0.0000,0.0739,0,0,0.381
9.103,0,0,0,-0.6167,0.0000,-0.6881,0.0191,177.1945,0.0000,0.0000,0.0000,-0.5939,-0.0231,170.9691,0.027,410,0.0000,0.0000,0.0740,0,0,0.372
9.204,0,0,0,-0.6167,0.0000,-0.6873,0.0184,177.0714,0.0000,0.0000,0.0000,-0.7767,0.0832,179.0473,0.002,416,0.0000,0.0000,0.0730,0,0,0.387
9.303,0,0,0,-0.6167,0.0000,-0.6883,0.0191,177.0486,0.0000,0.0000,0.0000,-0.7767,0.0832,179.0472,0.028,419,0.0000,0.0000,0.0742,0,0,0.364
9.403,0,0,0,-0.6167,0.0000,-0.6895,0.0195,176.9977,0.0000,0.0000,0.0000,-0.7767,0.0832,179.0471,0.007,424,0.0000,0.0000,0.0754,0,0,0.396
9.501,0,0,0,-0.6167,0.0000,-0.6885,0.0191,176.9131,0.0000,0.0000,0.0000,-0.5939,-0.0231,170.9684,0.027,428,0.0000,0.0000,0.0743,0,0,0.374
9.603,0,0,0,-0.6167,0.0000,-0.6886,0.0191,176.8766,0.0000,0.0000,0.0000,-0.7767,0.0832,179.0474,0.062,431,0.0000,0.0000,0.0744,0,0,0.366
9.705,0,0,0,-0.6167,0.0000,-0.6878,0.0184,176.7644,0.0000,0.0000,0.0000,-0.7767,0.0833,179.0446,0.006,437,0.0000,0.0000,0.0734,0,0,0.363
9.803,0,0,0,-0.6167,0.0000,-0.6889,0.0188,176.7205,0.0000,0.0000,0.0000,-0.7007,-0.0034,172.8596,0.020,441,0.0000,0.0000,0.0746,0,0,0.377
9.902,0,0,0,-0.6167,0.0000,-0.6889,0.0190,176.6639,0.0000,0.0000,0.0000,-0.5939,-0.0231,170.9681,0.025,446,0.0000,0.0000,0.0747,0,0,0.369
10.003,0,0,0,-0.6167,0.0000,-0.6880,0.0184,176.5603,0.0000,0.0000,0.0000,-0.5939,-0.0231,170.9697,0.006,451,0.0000,0.0000,0.0737,0,0,0.375
10.102,0,0,0,-0.6167,0.0000,-0.6890,0.0190,176.5523,0.0000,0.0000,0.0000,-0.5939,-0.0231,170.9687,0.028,455,0.0000,0.0000,0.0748,0,0,0.378
10.204,0,0,0,-0.6167,0.0000,-0.6881,0.0184,176.4552,0.0000,0.0000,0.0000,-0.5939,-0.0231,170.9710,0.007,460,0.0000,0.0000,0.0738,0,0,0.381
10.302,0,0,0,-0.6167,0.0000,-0.6891,0.0190,176.4516,0.0000,0.0000,0.0000,-0.7767,0.0832,179.0468,0.031,464,0.0000,0.0000,0.0749,0,0,0.390
10.402,0,0,0,-0.6167,0.0000,-0.6893,0.0188,176.3987,0.0000,0.0000,0.0000,-0.7767,0.0832,179.0479,0.003,469,0.0000,0.0000,0.0750,0,0,0.396
10.502,0,0,0,-0.6167,0.0000,-0.6893,0.0190,176.3584,0.0000,0.0000,0.0000,-0.7767,0.0832,179.0477,0.029,473,0.0000,0.0000,0.0750,0,0,0.391
10.604,0,0,0,-0.6167,0.0000,-0.6894,0.0188,176.3095,0.0000,0.0000,0.0000,-0.5939,-0.0230,170.9693,0.006,478,0.0000,0.0000,0.0751,0,0,0.369
10.704,0,0,0,-0.6167,0.0000,-0.6894,0.0190,176.2694,0.0000,0.0000,0.0000,-0.5939,-0.0230,170.9695,0.028,482,0.0000,0.0000,0.0751,0,0,0.379
10.802,0,0,0,-0.6167,0.0000,-0.6894,0.0190,176.2486,0.0000,0.0000,0.0000,-0.7007,-0.0035,172.8621,0.007,486,0.0000,0.0000,0.0752,0,0,0.377
10.902,0,0,0,-0.6167,0.0000,-0.6895,0.0190,176.1898,0.0000,0.0000,0.0000,-0.7767,0.0832,179.0473,0.007,491,0.0000,0.0000,0.0752,0,0,0.390
11.005,0,0,0,-0.6167,0.0000,-0.6896,0.0188,176.1455,0.0000,0.0000,0.0000,-0.7006,-0.0034,172.8603,0.008,495,0.0000,0.0000,0.0753,0,0,0.381
11.103,0,0,0,-0.6167,0.0000,-0.6895,0.0190,176.1083,0.0000,0.0000,0.0000,-0.5939,-0.0230,170.9685,0.018,500,0.0000,0.0000,0.0753,0,0,0.370
11.203,0,0,0,-0.6167,0.0000,-0.6906,0.0195,176.0951,0.0000,0.0000,0.0000,-0.7767,0.0832,179.0456,0.006,505,0.0000,0.0000,0.0765,0,0,0.378
11.305,0,0,0,-0.6167,0.0000,-0.6896,0.0190,176.0378,0.0000,0.0000,0.0000,-0.5939,-0.0230,170.9696,0.022,509,0.0000,0.0000,0.0754,0,0,0.393
11.404,0,0,0,-0.6167,0.0000,-0.6907,0.0195,176.0271,0.0000,0.0000,0.0000,-0.7767,0.0832,179.0467,0.003,514,0.0000,0.0000,0.0765,0,0,0.377
11.501,0,0,0,-0.6167,0.0000,-0.6897,0.0190,175.9738,0.0000,0.0000,0.0000,-0.7767,0.0832,179.0464,0.027,518,0.0000,0.0000,0.0754,0,0,0.373
11.601,0,0,0,-0.6167,0.0000,-0.6898,0.0188,175.9359,0.0000,0.0000,0.0000,-0.5940,-0.0230,170.9675,0.007,523,0.0000,0.0000,0.0755,0,0,0.382
11.703,0,0,0,-0.6167,0.0000,-0.6897,0.0190,175.9140,0.0000,0.0000,0.0000,-0.5940,-0.0230,170.9678,0.029,527,0.0000,0.0000,0.0755,0,0,0.366
11.802,0,0,0,-0.6167,0.0000,-0.6899,0.0188,175.8778,0.0000,0.0000,0.0000,-0.7767,0.0832,179.0451,0.003,532,0.0000,0.0000,0.0756,0,0,0.380
11.901,0,0,0,-0.6167,0.0000,-0.6898,0.0190,175.8570,0.0000,0.0000,0.0000,-0.7767,0.0832,179.0451,0.033,536,0.0000,0.0000,0.0756,0,0,0.400
12.004,0,0,0,-0.6167,0.0000,-0.6889,0.0183,175.7896,0.0000,0.0000,0.0000,-0.5939,-0.0230,170.9694,0.007,541,0.0000,0.0000,0.0745,0,0,0.390
12.102,0,0,0,-0.6167,0.0000,-0.6898,0.0190,175.8066,0.0000,0.0000,0.0000,-0.5940,-0.0230,170.9679,0.027,545,0.0000,0.0000,0.0756,0,0,0.372
12.203,0,0,0,-0.6167,0.0000,-0.6899,0.0190,175.7971,0.0000,0.0000,0.0000,-0.7006,-0.0034,172.8596,0.058,548,0.0000,0.0000,0.0756,0,0,0.379
12.301,0,0,0,-0.6167,0.0000,-0.6899,0.0190,175.7571,0.0000,0.0000,0.0000,-0.7767,0.0832,179.0463,0.029,554,0.0000,0.0000,0.0757,0,0,0.384
12.401,0,0,0,-0.6167,0.0000,-0.6899,0.0190,175.7484,0.0000,0.0000,0.0000,-0.5939,-0.0230,170.9676,0.052,557,0.0000,0.0000,0.0757,0,0,0.363
12.503,0,0,0,-0.6167,0.0000,-0.6910,0.0195,175.7508,0.0000,0.0000,0.0000,-0.7767,0.0832,179.0437,0.016,562,0.0000,0.0000,0.0768,0,0,0.381
12.601,0,0,0,-0.6167,0.0000,-0.6901,0.0188,175.6805,0.0000,0.0000,0.0000,-0.7006,-0.0034,172.8594,0.023,567,0.0000,0.0000,0.0757,0,0,0.370
12.702,0,0,0,-0.6167,0.0000,-0.6900,0.0190,175.6697,0.0000,0.0000,0.0000,-0.5939,-0.0230,170.9690,0.032,572,0.0000,0.0000,0.0757,0,0,0.372
12.802,0,0,0,-0.6167,0.0000,-0.6901,0.0188,175.6406,0.0000,0.0000,0.0000,-0.5939,-0.0230,170.9691,0.003,577,0.0000,0.0000,0.0758,0,0,0.374
12.901,0,0,0,-0.6167,0.0000,-0.6900,0.0190,175.6315,0.0000,0.0000,0.0000,-0.7767,0.0832,179.0432,0.028,581,0.0000,0.0000,0.0758,0,0,0.379
13.003,0,0,0,-0.6167,0.0000,-0.6911,0.0194,175.6364,0.0000,0.0000,0.0000,-0.7767,0.0832,179.0448,0.008,586,0.0000,0.0000,0.0769,0,0,0.379
13.103,0,0,0,-0.6167,0.0000,-0.6900,0.0190,175.5969,0.0000,0.0000,0.0000,-0.5939,-0.0230,170.9689,0.024,590,0.0000,0.0000,0.0758,0,0,0.375
13.202,0,0,0,-0.6167,0.0000,-0.6902,0.0188,175.5715,0.0000,0.0000,0.0000,-0.5939,-0.0230,170.9690,0.008,595,0.0000,0.0000,0.0758,0,0,0.367
13.301,0,0,0,-0.6167,0.0000,-0.6901,0.0190,175.5646,0.0000,0.0000,0.0000,-0.7767,0.0832,179.0464,0.024,599,0.0000,0.0000,0.0758,0,0,0.371
13.403,0,0,0,-0.6167,0.0000,-0.6911,0.0194,175.5713,0.0000,0.0000,0.0000,-0.5939,-0.0230,170.9695,0.002,605,0.0000,0.0000,0.0769,0,0,0.394
13.502,0,0,0,-0.6167,0.0000,-0.6901,0.0190,175.5295,0.0000,0.0000,0.0000,-0.5939,-0.0230,170.9689,0.028,608,0.0000,0.0000,0.0758,0,0,0.373
13.603,0,0,0,-0.6167,0.0000,-0.6901,0.0190,175.5276,0.0000,0.0000,0.0000,-0.7006,-0.0035,172.8620,0.007,612,0.0000,0.0000,0.0758,0,0,0.370
13.701,0,0,0,-0.6167,0.0000,-0.6902,0.0187,175.5059,0.0000,0.0000,0.0000,-0.5939,-0.0230,170.9687,0.009,616,0.0000,0.0000,0.0759,0,0,0.375
13.804,0,0,0,-0.6167,0.0000,-0.6902,0.0187,175.4805,0.0000,0.0000,0.0000,-0.7006,-0.0035,172.8596,0.019,621,0.0000,0.0000,0.0759,0,0,0.388
13.902,0,0,0,-0.6167,0.0000,-0.6901,0.0190,175.4739,0.0000,0.0000,0.0000,-0.5939,-0.0230,170.9683,0.023,626,0.0000,0.0000,0.0759,0,0,0.390
14.001,0,0,0,-0.6167,0.0000,-0.6902,0.0187,175.4509,0.0000,0.0000,0.0000,-0.7767,0.0832,179.0461,0.002,631,0.0000,0.0000,0.0759,0,0,0.380
14.102,0,0,0,-0.6167,0.0000,-0.6901,0.0190,175.4475,0.0000,0.0000,0.0000,-0.5939,-0.0230,170.9687,0.027,635,0.0000,0.0000,0.0759,0,0,0.388
14.202,0,0,0,-0.6167,0.0000,-0.6902,0.0187,175.4255,0.0000,0.0000,0.0000,-0.5939,-0.0230,170.9697,0.007,640,0.0000,0.0000,0.0759,0,0,0.378
14.302,0,0,0,-0.6167,0.0000,-0.6902,0.0190,175.4226,0.0000,0.0000,0.0000,-0.7767,0.0832,179.0466,0.036,644,0.0000,0.0000,0.0759,0,0,0.367
14.402,0,0,0,-0.6167,0.0000,-0.6912,0.0194,175.4375,0.0000,0.0000,0.0000,-0.7767,0.0832,179.0439,0.007,649,0.0000,0.0000,0.0770,0,0,0.358
14.503,0,0,0,-0.6167,0.0000,-0.6902,0.0190,175.4028,0.0000,0.0000,0.0000,-0.7767,0.0832,179.0448,0.033,653,0.0000,0.0000,0.0759,0,0,0.366
14.606,0,0,0,-0.6167,0.0000,-0.6893,0.0183,175.3524,0.0000,0.0000,0.0000,-0.7767,0.0832,179.0457,0.003,659,0.0000,0.0000,0.0749,0,0,0.394
14.703,0,0,0,-0.6167,0.0000,-0.6902,0.0190,175.3827,0.0000,0.0000,0.0000,-0.5939,-0.0230,170.9679,0.028,662,0.0000,0.0000,0.0759,0,0,0.366
14.803,0,0,0,-0.6167,0.0000,-0.6912,0.0194,175.3983,0.0000,0.0000,0.0000,-0.7767,0.0832,179.0453,0.009,667,0.0000,0.0000,0.0771,0,0,0.389
14.901,0,0,0,-0.6167,0.0000,-0.6902,0.0190,175.3650,0.0000,0.0000,0.0000,-0.5939,-0.0230,170.9689,0.018,671,0.0000,0.0000,0.0759,0,0,0.369
15.001,0,0,0,-0.6167,0.0000,-0.6903,0.0187,175.3469,0.0000,0.0000,0.0000,-0.5939,-0.0230,170.9678,0.007,676,0.0000,0.0000,0.0760,0,0,0.375
15.101,0,0,0,-0.6167,0.0000,-0.6902,0.0190,175.3489,0.0000,0.0000,0.0000,-0.7767,0.0832,179.0451,0.016,680,0.0000,0.0000,0.0760,0,0,0.377
15.202,0,0,0,-0.6167,0.0000,-0.6904,0.0187,175.3340,0.0000,0.0000,0.0000,-0.7005,-0.0035,172.8601,0.008,684,0.0000,0.0000,0.0760,0,0,0.381
15.302,0,0,0,-0.6167,0.0000,-0.6902,0.0190,175.3330,0.0000,0.0000,0.0000,-0.5939,-0.0230,170.9696,0.017,689,0.0000,0.0000,0.0760,0,0,0.376
15.402,0,0,0,-0.6167,0.0000,-0.6903,0.0187,175.3141,0.0000,0.0000,0.0000,-0.7767,0.0832,179.0444,0.006,694,0.0000,0.0000,0.0760,0,0,0.387
15.501,0,0,0,-0.6167,0.0000,-0.6902,0.0190,175.3152,0.0000,0.0000,0.0000,-0.7767,0.0832,179.0446,0.029,698,0.0000,0.0000,0.0760,0,0,0.374
15.603,0,0,0,-0.6167,0.0000,-0.6904,0.0187,175.2979,0.0000,0.0000,0.0000,-0.7767,0.0832,179.0457,0.003,703,0.0000,0.0000,0.0760,0,0,0.389
15.704,0,0,0,-0.6167,0.0000,-0.6902,0.0190,175.3012,0.0000,0.0000,0.0000,-0.5939,-0.0230,170.9679,0.030,707,0.0000,0.0000,0.0760,0,0,0.368
15.809,0,0,0,-0.6167,0.0000,-0.6904,0.0187,175.2882,0.0000,0.0000,0.0000,-0.7767,0.0832,179.0453,0.004,712,0.0000,0.0000,0.0760,0,0,0.375
15.903,0,0,0,-0.6167,0.0000,-0.6902,0.0190,175.2909,0.0000,0.0000,0.0000,-0.5939,-0.0230,170.9704,0.015,716,0.0000,0.0000,0.0760,0,0,0.374
16.004,0,0,0,-0.6167,0.0000,-0.6913,0.0194,175.3123,0.0000,0.0000,0.0000,-0.5939,-0.0230,170.9690,0.002,722,0.0000,0.0000,0.0771,0,0,0.371
16.102,0,0,0,-0.6167,0.0000,-0.6903,0.0190,175.2796,0.0000,0.0000,0.0000,-0.5939,-0.0230,170.9670,0.025,725,0.0000,0.0000,0.0760,0,0,0.384
16.203,0,0,0,-0.6167,0.0000,-0.6904,0.0187,175.2694,0.0000,0.0000,0.0000,-0.5939,-0.0230,170.9668,0.002,730,0.0000,0.0000,0.0760,0,0,0.376
16.304,0,0,0,-0.6167,0.0000,-0.6903,0.0190,175.2732,0.0000,0.0000,0.0000,-0.7767,0.0832,179.0448,0.032,734,0.0000,0.0000,0.0760,0,0,0.372
16.404,0,0,0,-0.6167,0.0000,-0.6903,0.0190,175.2792,0.0000,0.0000,0.0000,-0.7767,0.0831,179.0460,0.061,737,0.0000,0.0000,0.0760,0,0,0.384
16.502,0,0,0,-0.6167,0.0000,-0.6893,0.0183,175.2307,0.0000,0.0000,0.0000,-0.7767,0.0832,179.0439,0.002,743,0.0000,0.0000,0.0749,0,0,0.393
16.604,0,0,0,-0.6167,0.0000,-0.6904,0.0187,175.2496,0.0000,0.0000,0.0000,-0.7005,-0.0035,172.8605,0.023,747,0.0000,0.0000,0.0761,0,0,0.361
16.702,0,0,0,-0.6167,0.0000,-0.6903,0.0190,175.2537,0.0000,0.0000,0.0000,-0.5939,-0.0230,170.9674,0.026,752,0.0000,0.0000,0.0760,0,0,0.383
16.803,0,0,0,-0.6167,0.0000,-0.6904,0.0187,175.2390,0.0000,0.0000,0.0000,-0.7767,0.0831,179.0456,0.006,757,0.0000,0.0000,0.0761,0,0,0.367
16.902,0,0,0,-0.6167,0.0000,-0.6903,0.0190,175.2451,0.0000,0.0000,0.0000,-0.7767,0.0832,179.0452,0.027,761,0.0000,0.0000,0.0760,0,0,0.380
17.002,0,0,0,-0.6167,0.0000,-0.6913,0.0194,175.2681,0.0000,0.0000,0.0000,-0.7767,0.0832,179.0452,0.006,766,0.0000,0.0000,0.0772,0,0,0.371
17.102,0,0,0,-0.6167,0.0000,-0.6903,0.0190,175.2373,0.0000,0.0000,0.0000,-0.5939,-0.0230,170.9699,0.029,770,0.0000,0.0000,0.0760,0,0,0.386
17.203,0,0,0,-0.6167,0.0000,-0.6894,0.0183,175.1933,0.0000,0.0000,0.0000,-0.5939,-0.0230,170.9695,0.009,775,0.0000,0.0000,0.0750,0,0,0.375
17.301,0,0,0,-0.6167,0.0000,-0.6903,0.0190,175.2255,0.0000,0.0000,0.0000,-0.7767,0.0832,179.0448,0.028,779,0.0000,0.0000,0.0761,0,0,0.396
17.402,0,0,0,-0.6167,0.0000,-0.6904,0.0187,175.2130,0.0000,0.0000,0.0000,-0.7767,0.0832,179.0430,0.002,784,0.0000,0.0000,0.0761,0,0,0.378
17.501,0,0,0,-0.6167,0.0000,-0.6903,0.0190,175.2149,0.0000,0.0000,0.0000,-0.7767,0.0832,179.0444,0.034,788,0.0000,0.0000,0.0760,0,0,0.360
17.603,0,0,0,-0.6167,0.0000,-0.6903,0.0190,175.2201,0.0000,0.0000,0.0000,-0.5939,-0.0230,170.9679,0.006,792,0.0000,0.0000,0.0760,0,0,0.373
17.701,0,0,0,-0.6167,0.0000,-0.6894,0.0183,175.1743,0.0000,0.0000,0.0000,-0.7768,0.0832,179.0436,0.003,797,0.0000,0.0000,0.0750,0,0,0.373
17.804,0,0,0,-0.6167,0.0000,-0.6904,0.0187,175.1967,0.0000,0.0000,0.0000,-0.7005,-0.0036,172.8599,0.008,801,0.0000,0.0000,0.0761,0,0,0.378
17.903,0,0,0,-0.6167,0.0000,-0.6903,0.0190,175.2008,0.0000,0.0000,0.0000,-0.7767,0.0832,179.0444,0.028,806,0.0000,0.0000,0.0761,0,0,0.377
18.002,0,0,0,-0.6167,0.0000,-0.6914,0.0194,175.2227,0.0000,0.0000,0.0000,-0.7767,0.0831,179.0451,0.006,811,0.0000,0.0000,0.0772,0,0,0.375
18.104,0,0,0,-0.6167,0.0000,-0.6903,0.0190,175.1937,0.0000,0.0000,0.0000,-0.5939,-0.0230,170.9701,0.009,815,0.0000,0.0000,0.0760,0,0,0.371
18.201,0,0,0,-0.6167,0.0000,-0.6904,0.0187,175.1780,0.0000,0.0000,0.0000,-0.7768,0.0832,179.0432,0.006,820,0.0000,0.0000,0.0761,0,0,0.384
18.308,0,0,0,-0.6167,0.0000,-0.6903,0.0189,175.1849,0.0000,0.0000,0.0000,-0.5939,-0.0230,170.9690,0.034,824,0.0000,0.0000,0.0760,0,0,0.381
18.404,0,0,0,-0.6167,0.0000,-0.6904,0.0187,175.1707,0.0000,0.0000,0.0000,-0.7768,0.0832,179.0442,0.002,829,0.0000,0.0000,0.0761,0,0,0.392
18.505,0,0,0,-0.6167,0.0000,-0.6903,0.0190,175.1786,0.0000,0.0000,0.0000,-0.7768,0.0832,179.0443,0.035,833,0.0000,0.0000,0.0760,0,0,0.370
18.603,0,0,0,-0.6167,0.0000,-0.6894,0.0183,175.1366,0.0000,0.0000,0.0000,-0.5939,-0.0230,170.9682,0.008,838,0.0000,0.0000,0.0750,0,0,0.364
18.702,0,0,0,-0.6167,0.0000,-0.6903,0.0190,175.1708,0.0000,0.0000,0.0000,-0.5939,-0.0230,170.9697,0.029,842,0.0000,0.0000,0.0760,0,0,0.387
18.802,0,0,0,-0.6167,0.0000,-0.6904,0.0187,175.1598,0.0000,0.0000,0.0000,-0.5939,-0.0229,170.9670,0.007,847,0.0000,0.0000,0.0761,0,0,0.381
18.903,0,0,0,-0.6167,0.0000,-0.6903,0.0190,175.1679,0.0000,0.0000,0.0000,-0.5939,-0.0229,170.9662,0.028,851,0.0000,0.0000,0.0760,0,0,0.378
19.002,0,0,0,-0.6167,0.0000,-0.6903,0.0190,175.1746,0.0000,0.0000,0.0000,-0.7005,-0.0036,172.8593,0.008,855,0.0000,0.0000,0.0760,0,0,0.381
19.102,0,0,0,-0.6167,0.0000,-0.6903,0.0190,175.1654,0.0000,0.0000,0.0000,-0.7768,0.0831,179.0452,0.030,860,0.0000,0.0000,0.0760,0,0,0.392
19.204,0,0,0,-0.6167,0.0000,-0.6903,0.0189,175.1745,0.0000,0.0000,0.0000,-0.7005,-0.0036,172.8599,0.006,864,0.0000,0.0000,0.0760,0,0,0.380
19.305,0,0,0,-0.6167,0.0000,-0.6913,0.0194,175.1959,0.0000,0.0000,0.0000,-0.7768,0.0831,179.0442,0.015,868,0.0000,0.0000,0.0772,0,0,0.384
19.401,0,0,0,-0.6167,0.0000,-0.6913,0.0194,175.1848,0.0000,0.0000,0.0000,-0.7768,0.0831,179.0451,0.006,874,0.0000,0.0000,0.0771,0,0,0.380
19.506,0,0,0,-0.6167,0.0000,-0.6903,0.0189,175.1563,0.0000,0.0000,0.0000,-0.5939,-0.0229,170.9698,0.031,878,0.0000,0.0000,0.0760,0,0,0.382
19.603,0,0,0,-0.6167,0.0000,-0.6904,0.0187,175.1454,0.0000,0.0000,0.0000,-0.5939,-0.0229,170.9678,0.002,883,0.0000,0.0000,0.0761,0,0,0.379
19.702,0,0,0,-0.6167,0.0000,-0.6903,0.0189,175.1481,0.0000,0.0000,0.0000,-0.5939,-0.0229,170.9673,0.029,887,0.0000,0.0000,0.0760,0,0,0.381
19.804,0,0,0,-0.6167,0.0000,-0.6913,0.0194,175.1765,0.0000,0.0000,0.0000,-0.7768,0.0831,179.0442,0.006,892,0.0000,0.0000,0.0771,0,0,0.384
19.905,0,0,0,-0.6167,0.0000,-0.6903,0.0189,175.1489,0.0000,0.0000,0.0000,-0.7768,0.0832,179.0435,0.033,896,0.0000,0.0000,0.0760,0,0,0.370
20.002,0,0,0,-0.6167,0.0000,-0.6913,0.0194,175.1741,0.0000,0.0000,0.0000,-0.7768,0.0832,179.0436,0.007,901,0.0000,0.0000,0.0771,0,0,0.380
20.103,0,0,0,-0.6167,0.0000,-0.6903,0.0189,175.1467,0.0000,0.0000,0.0000,-0.5939,-0.0229,170.9688,0.036,905,0.0000,0.0000,0.0760,0,0,0.385
20.206,0,0,0,-0.6167,0.0000,-0.6913,0.0194,175.1717,0.0000,0.0000,0.0000,-0.5939,-0.0229,170.9687,0.002,911,0.0000,0.0000,0.0771,0,0,0.365
20.301,0,0,0,-0.6167,0.0000,-0.6903,0.0189,175.1470,0.0000,0.0000,0.0000,-0.7768,0.0831,179.0447,0.032,914,0.0000,0.0000,0.0760,0,0,0.370
20.403,0,0,0,-0.6167,0.0000,-0.6904,0.0187,175.1392,0.0000,0.0000,0.0000,-0.7004,-0.0036,172.8611,0.008,918,0.0000,0.0000,0.0761,0,0,0.373
20.503,0,0,0,-0.6167,0.0000,-0.6894,0.0183,175.1105,0.0000,0.0000,0.0000,-0.7768,0.0831,179.0438,0.007,923,0.0000,0.0000,0.0750,0,0,0.375
20.601,0,0,0,-0.6167,0.0000,-0.6904,0.0187,175.1327,0.0000,0.0000,0.0000,-0.5939,-0.0229,170.9674,0.002,928,0.0000,0.0000,0.0761,0,0,0.399
20.702,0,0,0,-0.6167,0.0000,-0.6903,0.0190,175.1430,0.0000,0.0000,0.0000,-0.5939,-0.0229,170.9684,0.012,932,0.0000,0.0000,0.0761,0,0,0.374
20.803,0,0,0,-0.6167,0.0000,-0.6913,0.0194,175.1650,0.0000,0.0000,0.0000,-0.7768,0.0831,179.0460,0.008,937,0.0000,0.0000,0.0772,0,0,0.370
20.903,0,0,0,-0.6167,0.0000,-0.6903,0.0190,175.1383,0.0000,0.0000,0.0000,-0.5939,-0.0229,170.9681,0.037,941,0.0000,0.0000,0.0760,0,0,0.371
21.003,0,0,0,-0.6167,0.0000,-0.6913,0.0194,175.1618,0.0000,0.0000,0.0000,-0.7768,0.0831,179.0434,0.008,946,0.0000,0.0000,0.0772,0,0,0.377
21.104,0,0,0,-0.6167,0.0000,-0.6903,0.0189,175.1359,0.0000,0.0000,0.0000,-0.5939,-0.0229,170.9695,0.032,950,0.0000,0.0000,0.0760,0,0,0.384
21.204,0,0,0,-0.6167,0.0000,-0.6913,0.0194,175.1613,0.0000,0.0000,0.0000,-0.7768,0.0832,179.0415,0.007,955,0.0000,0.0000,0.0771,0,0,0.382
21.302,0,0,0,-0.6167,0.0000,-0.6903,0.0190,175.1366,0.0000,0.0000,0.0000,-0.7768,0.0831,179.0427,0.029,959,0.0000,0.0000,0.0760,0,0,0.374
21.404,0,0,0,-0.6167,0.0000,-0.6894,0.0183,175.0947,0.0000,0.0000,0.0000,-0.5939,-0.0229,170.9676,0.006,964,0.0000,0.0000,0.0750,0,0,0.375
21.502,0,0,0,-0.6167,0.0000,-0.6903,0.0190,175.1346,0.0000,0.0000,0.0000,-0.7768,0.0831,179.0452,0.027,968,0.0000,0.0000,0.0761,0,0,0.360
21.603,0,0,0,-0.6167,0.0000,-0.6894,0.0183,175.0933,0.0000,0.0000,0.0000,-0.5939,-0.0229,170.9676,0.008,973,0.0000,0.0000,0.0750,0,0,0.364
21.702,0,0,0,-0.6167,0.0000,-0.6903,0.0190,175.1338,0.0000,0.0000,0.0000,-0.7004,-0.0036,172.8618,0.021,977,0.0000,0.0000,0.0761,0,0,0.386
21.801,0,0,0,-0.6167,0.0000,-0.6894,0.0183,175.0932,0.0000,0.0000,0.0000,-0.5939,-0.0229,170.9689,0.006,982,0.0000,0.0000,0.0750,0,0,0.371
21.901,0,0,0,-0.6167,0.0000,-0.6904,0.0190,175.1341,0.0000,0.0000,0.0000,-0.7768,0.0832,179.0423,0.025,986,0.0000,0.0000,0.0761,0,0,0.364
22.002,0,0,0,-0.6167,0.0000,-0.6905,0.0187,175.1257,0.0000,0.0000,0.0000,-0.7004,-0.0036,172.8606,0.016,990,0.0000,0.0000,0.0761,0,0,0.367
22.103,0,0,0,-0.6167,0.0000,-0.6903,0.0190,175.1324,0.0000,0.0000,0.0000,-0.5939,-0.0229,170.9672,0.018,995,0.0000,0.0000,0.0761,0,0,0.374
22.204,0,0,0,-0.6167,0.0000,-0.6894,0.0183,175.0898,0.0000,0.0000,0.0000,-0.5939,-0.0229,170.9656,0.009,1000,0.0000,0.0000,0.0750,0,0,0.383
22.304,0,0,0,-0.6167,0.0000,-0.6903,0.0190,175.1292,0.0000,0.0000,0.0000,-0.7768,0.0831,179.0444,0.034,1004,0.0000,0.0000,0.0761,0,0,0.368
22.401,0,0,0,-0.6167,0.0000,-0.6905,0.0187,175.1169,0.0000,0.0000,0.0000,-0.7004,-0.0036,172.8605,0.025,1008,0.0000,0.0000,0.0761,0,0,0.372
22.503,0,0,0,-0.6167,0.0000,-0.6903,0.0190,175.1249,0.0000,0.0000,0.0000,-0.5939,-0.0229,170.9663,0.028,1013,0.0000,0.0000,0.0761,0,0,0.369
22.622,0,0,0,-0.6167,0.0000,-0.6904,0.0187,175.1186,0.0000,0.0000,0.0000,-0.7004,-0.0036,172.8608,0.042,1017,0.0000,0.0000,0.0761,0,0,0.377
22.705,0,0,0,-0.6167,0.0000,-0.6903,0.0190,175.1232,0.0000,0.0000,0.0000,-0.7768,0.0831,179.0428,0.007,1022,0.0000,0.0000,0.0761,0,0,0.380
22.804,0,0,0,-0.6167,0.0000,-0.6904,0.0187,175.1131,0.0000,0.0000,0.0000,-0.5939,-0.0229,170.9683,0.003,1027,0.0000,0.0000,0.0761,0,0,0.383
22.903,0,0,0,-0.6167,0.0000,-0.6903,0.0190,175.1224,0.0000,0.0000,0.0000,-0.5939,-0.0229,170.9687,0.039,1031,0.0000,0.0000,0.0761,0,0,0.375
23.004,0,0,0,-0.6167,0.0000,-0.6904,0.0187,175.1134,0.0000,0.0000,0.0000,-0.7768,0.0831,179.0440,0.002,1036,0.0000,0.0000,0.0761,0,0,0.376
23.102,0,0,0,-0.6167,0.0000,-0.6903,0.0190,175.1246,0.0000,0.0000,0.0000,-0.5939,-0.0229,170.9666,0.028,1040,0.0000,0.0000,0.0760,0,0,0.388
23.203,0,0,0,-0.6167,0.0000,-0.6904,0.0187,175.1171,0.0000,0.0000,0.0000,-0.7004,-0.0036,172.8611,0.006,1044,0.0000,0.0000,0.0761,0,0,0.380
23.305,0,0,0,-0.6167,0.0000,-0.6894,0.0183,175.0947,0.0000,0.0000,0.0000,-0.7768,0.0831,179.0449,0.003,1049,0.0000,0.0000,0.0750,0,0,0.373
23.405,0,0,0,-0.6167,0.0000,-0.6904,0.0187,175.1168,0.0000,0.0000,0.0000,-0.7004,-0.0036,172.8611,0.024,1053,0.0000,0.0000,0.0761,0,0,0.402
23.505,0,0,0,-0.6167,0.0000,-0.6903,0.0190,175.1268,0.0000,0.0000,0.0000,-0.5939,-0.0229,170.9673,0.017,1058,0.0000,0.0000,0.0760,0,0,0.382
23.602,0,0,0,-0.6167,0.0000,-0.6904,0.0187,175.1142,0.0000,0.0000,0.0000,-0.7768,0.0831,179.0454,0.005,1063,0.0000,0.0000,0.0761,0,0,0.395
23.701,0,0,0,-0.6167,0.0000,-0.6903,0.0189,175.1225,0.0000,0.0000,0.0000,-0.7768,0.0831,179.0443,0.033,1067,0.0000,0.0000,0.0760,0,0,0.393
23.802,0,0,0,-0.6167,0.0000,-0.6903,0.0189,175.1148,0.0000,0.0000,0.0000,-0.5939,-0.0229,170.9673,0.006,1073,0.0000,0.0000,0.0760,0,0,0.360
23.903,0,0,0,-0.6167,0.0000,-0.6903,0.0189,175.1213,0.0000,0.0000,0.0000,-0.5939,-0.0229,170.9680,0.036,1076,0.0000,0.0000,0.0760,0,0,0.368
24.002,0,0,0,-0.6167,0.0000,-0.6913,0.0194,175.1479,0.0000,0.0000,0.0000,-0.7768,0.0831,179.0439,0.006,1081,0.0000,0.0000,0.0771,0,0,0.378
24.102,0,0,0,-0.6167,0.0000,-0.6903,0.0189,175.1209,0.0000,0.0000,0.0000,-0.5939,-0.0229,170.9676,0.028,1085,0.0000,0.0000,0.0760,0,0,0.383
24.203,0,0,0,-0.6167,0.0000,-0.6904,0.0187,175.1094,0.0000,0.0000,0.0000,-0.7003,-0.0036,172.8596,0.027,1089,0.0000,0.0000,0.0761,0,0,0.371
24.308,0,0,0,-0.6167,0.0000,-0.6903,0.0189,175.1192,0.0000,0.0000,0.0000,-0.7768,0.0831,179.0442,0.033,1094,0.0000,0.0000,0.0760,0,0,0.383
24.402,0,0,0,-0.6167,0.0000,-0.6903,0.0189,175.1252,0.0000,0.0000,0.0000,-0.7768,0.0831,179.0432,0.006,1098,0.0000,0.0000,0.0760,0,0,0.382
24.503,0,0,0,-0.6167,0.0000,-0.6903,0.0189,175.1164,0.0000,0.0000,0.0000,-0.7768,0.0831,179.0436,0.014,1103,0.0000,0.0000,0.0760,0,0,0.378
24.602,0,0,0,-0.6167,0.0000,-0.6904,0.0187,175.1071,0.0000,0.0000,0.0000,-0.7004,-0.0036,172.8607,0.017,1107,0.0000,0.0000,0.0761,0,0,0.379
24.705,0,0,0,-0.6167,0.0000,-0.6903,0.0189,175.1153,0.0000,0.0000,0.0000,-0.7768,0.0831,179.0432,0.026,1112,0.0000,0.0000,0.0760,0,0,0.371
24.802,0,0,0,-0.6167,0.0000,-0.6904,0.0187,175.1035,0.0000,0.0000,0.0000,-0.7003,-0.0036,172.8610,0.030,1116,0.0000,0.0000,0.0761,0,0,0.390
24.904,0,0,0,-0.6167,0.0000,-0.6903,0.0189,175.1143,0.0000,0.0000,0.0000,-0.5939,-0.0229,170.9670,0.026,1121,0.0000,0.0000,0.0760,0,0,0.369
25.005,0,0,0,-0.6167,0.0000,-0.6913,0.0194,175.1372,0.0000,0.0000,0.0000,-0.7768,0.0831,179.0429,0.012,1126,0.0000,0.0000,0.0771,0,0,0.374
25.106,0,0,0,-0.6167,0.0000,-0.6903,0.0189,175.1110,0.0000,0.0000,0.0000,-0.5939,-0.0228,170.9660,0.032,1130,0.0000,0.0000,0.0760,0,0,0.390
25.201,0,0,0,-0.6167,0.0000,-0.6904,0.0187,175.0970,0.0000,0.0000,0.0000,-0.7768,0.0831,179.0428,0.003,1135,0.0000,0.0000,0.0761,0,0,0.382
25.303,0,0,0,-0.6167,0.0000,-0.6903,0.0189,175.1081,0.0000,0.0000,0.0000,-0.7768,0.0831,179.0447,0.031,1139,0.0000,0.0000,0.0760,0,0,0.380
25.404,0,0,0,-0.6167,0.0000,-0.6904,0.0187,175.0977,0.0000,0.0000,0.0000,-0.7768,0.0831,179.0434,0.002,1144,0.0000,0.0000,0.0761,0,0,0.389
25.503,0,0,0,-0.6167,0.0000,-0.6903,0.0189,175.1063,0.0000,0.0000,0.0000,-0.5939,-0.0228,170.9680,0.027,1148,0.0000,0.0000,0.0760,0,0,0.376
25.602,0,0,0,-0.6167,0.0000,-0.6904,0.0187,175.0948,0.0000,0.0000,0.0000,-0.7768,0.0831,179.0423,0.002,1153,0.0000,0.0000,0.0761,0,0,0.362
25.702,0,0,0,-0.6167,0.0000,-0.6903,0.0189,175.1010,0.0000,0.0000,0.0000,-0.5939,-0.0228,170.9683,0.033,1157,0.0000,0.0000,0.0760,0,0,0.372
25.802,0,0,0,-0.6167,0.0000,-0.6903,0.0189,175.1105,0.0000,0.0000,0.0000,-0.7003,-0.0036,172.8599,0.007,1161,0.0000,0.0000,0.0760,0,0,0.369
25.903,0,0,0,-0.6167,0.0000,-0.6903,0.0189,175.1029,0.0000,0.0000,0.0000,-0.7768,0.0831,179.0440,0.036,1166,0.0000,0.0000,0.0760,0,0,0.377
26.002,0,0,0,-0.6167,0.0000,-0.6903,0.0189,175.1094,0.0000,0.0000,0.0000,-0.7003,-0.0036,172.8588,0.002,1170,0.0000,0.0000,0.0760,0,0,0.365
26.106,0,0,0,-0.6167,0.0000,-0.6903,0.0189,175.1030,0.0000,0.0000,0.0000,-0.7768,0.0831,179.0430,0.008,1175,0.0000,0.0000,0.0760,0,0,0.369
26.204,0,0,0,-0.6167,0.0000,-0.6904,0.0187,175.0914,0.0000,0.0000,0.0000,-0.7003,-0.0036,172.8607,0.025,1179,0.0000,0.0000,0.0761,0,0,0.381
26.306,0,0,0,-0.6167,0.0000,-0.6903,0.0189,175.1005,0.0000,0.0000,0.0000,-0.7768,0.0831,179.0440,0.034,1184,0.0000,0.0000,0.0760,0,0,0.372
26.403,0,0,0,-0.6167,0.0000,-0.6904,0.0187,175.0924,0.0000,0.0000,0.0000,-0.5939,-0.0228,170.9668,0.002,1190,0.0000,0.0000,0.0761,0,0,0.383
26.501,0,0,0,-0.6167,0.0000,-0.6903,0.0189,175.1042,0.0000,0.0000,0.0000,-0.5939,-0.0228,170.9665,0.032,1193,0.0000,0.0000,0.0760,0,0,0.391
26.603,0,0,0,-0.6167,0.0000,-0.6894,0.0183,175.0639,0.0000,0.0000,0.0000,-0.5939,-0.0228,170.9673,0.008,1198,0.0000,0.0000,0.0750,0,0,0.375
26.701,0,0,0,-0.6167,0.0000,-0.6903,0.0189,175.1050,0.0000,0.0000,0.0000,-0.5939,-0.0228,170.9661,0.035,1202,0.0000,0.0000,0.0760,0,0,0.384
26.802,0,0,0,-0.6167,0.0000,-0.6904,0.0187,175.0937,0.0000,0.0000,0.0000,-0.7768,0.0831,179.0441,0.002,1207,0.0000,0.0000,0.0761,0,0,0.375
26.905,0,0,0,-0.6167,0.0000,-0.6903,0.0189,175.1056,0.0000,0.0000,0.0000,-0.5939,-0.0228,170.9668,0.038,1211,0.0000,0.0000,0.0760,0,0,0.370
27.004,0,0,0,-0.6167,0.0000,-0.6894,0.0183,175.0662,0.0000,0.0000,0.0000,-0.5939,-0.0228,170.9662,0.003,1216,0.0000,0.0000,0.0750,0,0,0.371
27.103,0,0,0,-0.6167,0.0000,-0.6903,0.0189,175.1061,0.0000,0.0000,0.0000,-0.5939,-0.0228,170.9663,0.030,1220,0.0000,0.0000,0.0760,0,0,0.370
27.203,0,0,0,-0.6167,0.0000,-0.6903,0.0190,175.1105,0.0000,0.0000,0.0000,-0.5939,-0.0228,170.9677,0.007,1224,0.0000,0.0000,0.0760,0,0,0.388
27.301,0,0,0,-0.6167,0.0000,-0.6904,0.0187,175.1019,0.0000,0.0000,0.0000,-0.7768,0.0831,179.0442,0.002,1229,0.0000,0.0000,0.0761,0,0,0.372
27.408,0,0,0,-0.6167,0.0000,-0.6904,0.0187,175.0954,0.0000,0.0000,0.0000,-0.5939,-0.0228,170.9674,0.003,1234,0.0000,0.0000,0.0761,0,0,0.376
27.509,0,0,0,-0.6167,0.0000,-0.6903,0.0190,175.1025,0.0000,0.0000,0.0000,-0.5939,-0.0228,170.9668,0.030,1238,0.0000,0.0000,0.0761,0,0,0.376
27.603,0,0,0,-0.6167,0.0000,-0.6914,0.0194,175.1263,0.0000,0.0000,0.0000,-0.7768,0.0831,179.0412,0.007,1243,0.0000,0.0000,0.0772,0,0,0.372
27.703,0,0,0,-0.6167,0.0000,-0.6903,0.0189,175.0996,0.0000,0.0000,0.0000,-0.5939,-0.0228,170.9656,0.035,1247,0.0000,0.0000,0.0760,0,0,0.376
27.804,0,0,0,-0.6167,0.0000,-0.6913,0.0194,175.1252,0.0000,0.0000,0.0000,-0.7768,0.0830,179.0443,0.009,1252,0.0000,0.0000,0.0771,0,0,0.398
27.903,0,0,0,-0.6167,0.0000,-0.6903,0.0189,175.0986,0.0000,0.0000,0.0000,-0.5939,-0.0228,170.9678,0.037,1256,0.0000,0.0000,0.0760,0,0,0.372
28.004,0,0,0,-0.6167,0.0000,-0.6913,0.0194,175.1246,0.0000,0.0000,0.0000,-0.5939,-0.0228,170.9681,0.002,1262,0.0000,0.0000,0.0771,0,0,0.371
28.104,0,0,0,-0.6167,0.0000,-0.6903,0.0189,175.0993,0.0000,0.0000,0.0000,-0.5939,-0.0228,170.9675,0.031,1265,0.0000,0.0000,0.0760,0,0,0.389
28.206,0,0,0,-0.6167,0.0000,-0.6904,0.0187,175.0872,0.0000,0.0000,0.0000,-0.7768,0.0830,179.0447,0.003,1271,0.0000,0.0000,0.0761,0,0,0.374
28.305,0,0,0,-0.6167,0.0000,-0.6903,0.0189,175.0999,0.0000,0.0000,0.0000,-0.7768,0.0830,179.0447,0.041,1274,0.0000,0.0000,0.0760,0,0,0.373
28.403,0,0,0,-0.6167,0.0000,-0.6913,0.0194,175.1258,0.0000,0.0000,0.0000,-0.7768,0.0830,179.0436,0.007,1279,0.0000,0.0000,0.0771,0,0,0.373
28.504,0,0,0,-0.6167,0.0000,-0.6903,0.0189,175.0987,0.0000,0.0000,0.0000,-0.5939,-0.0228,170.9663,0.029,1283,0.0000,0.0000,0.0760,0,0,0.372
28.602,0,0,0,-0.6167,0.0000,-0.6894,0.0183,175.0586,0.0000,0.0000,0.0000,-0.5939,-0.0228,170.9658,0.006,1288,0.0000,0.0000,0.0750,0,0,0.378
28.701,0,0,0,-0.6167,0.0000,-0.6903,0.0190,175.0993,0.0000,0.0000,0.0000,-0.7768,0.0830,179.0449,0.024,1292,0.0000,0.0000,0.0761,0,0,0.395
28.803,0,0,0,-0.6167,0.0000,-0.6904,0.0187,175.0912,0.0000,0.0000,0.0000,-0.7003,-0.0036,172.8606,0.015,1296,0.0000,0.0000,0.0761,0,0,0.384
28.903,0,0,0,-0.6167,0.0000,-0.6903,0.0189,175.0978,0.0000,0.0000,0.0000,-0.5939,-0.0228,170.9645,0.019,1301,0.0000,0.0000,0.0760,0,0,0.384
29.002,0,0,0,-0.6167,0.0000,-0.6904,0.0187,175.0881,0.0000,0.0000,0.0000,-0.7769,0.0831,179.0429,0.004,1306,0.0000,0.0000,0.0761,0,0,0.387
29.103,0,0,0,-0.6167,0.0000,-0.6903,0.0189,175.1001,0.0000,0.0000,0.0000,-0.5939,-0.0228,170.9672,0.030,1310,0.0000,0.0000,0.0760,0,0,0.391
29.201,0,0,0,-0.6167,0.0000,-0.6904,0.0187,175.0882,0.0000,0.0000,0.0000,-0.5939,-0.0228,170.9650,0.007,1315,0.0000,0.0000,0.0761,0,0,0.391
29.303,0,0,0,-0.6167,0.0000,-0.6903,0.0189,175.1000,0.0000,0.0000,0.0000,-0.7769,0.0830,179.0442,0.036,1319,0.0000,0.0000,0.0760,0,0,0.377
29.403,0,0,0,-0.6167,0.0000,-0.6913,0.0194,175.1261,0.0000,0.0000,0.0000,-0.7769,0.0831,179.0430,0.007,1324,0.0000,0.0000,0.0771,0,0,0.374
29.502,0,0,0,-0.6167,0.0000,-0.6903,0.0189,175.1012,0.0000,0.0000,0.0000,-0.5939,-0.0228,170.9649,0.029,1328,0.0000,0.0000,0.0760,0,0,0.375
29.604,0,0,0,-0.6167,0.0000,-0.6904,0.0187,175.0931,0.0000,0.0000,0.0000,-0.5939,-0.0228,170.9662,0.002,1333,0.0000,0.0000,0.0761,0,0,0.377
29.704,0,0,0,-0.6167,0.0000,-0.6903,0.0189,175.1023,0.0000,0.0000,0.0000,-0.5939,-0.0228,170.9647,0.034,1337,0.0000,0.0000,0.0760,0,0,0.385
29.803,0,0,0,-0.6167,0.0000,-0.6904,0.0187,175.0906,0.0000,0.0000,0.0000,-0.7769,0.0831,179.0427,0.004,1342,0.0000,0.0000,0.0761,0,0,0.372
29.903,0,0,0,-0.6167,0.0000,-0.6903,0.0189,175.1018,0.0000,0.0000,0.0000,-0.5939,-0.0228,170.9676,0.030,1346,0.0000,0.0000,0.0760,0,0,0.381
30.002,0,0,0,-0.6167,0.0000,-0.6903,0.0189,175.1095,0.0000,0.0000,0.0000,-0.7003,-0.0037,172.8629,0.002,1350,0.0000,0.0000,0.0760,0,0,0.364
30.107,0,0,0,-0.6167,0.0000,-0.6904,0.0187,175.0989,0.0000,0.0000,0.0000,-0.7769,0.0831,179.0417,0.005,1355,0.0000,0.0000,0.0761,0,0,0.369
30.205,0,0,0,-0.6167,0.0000,-0.6904,0.0187,175.0889,0.0000,0.0000,0.0000,-0.7003,-0.0037,172.8609,0.030,1359,0.0000,0.0000,0.0761,0,0,0.381
30.302,0,0,0,-0.6167,0.0000,-0.6903,0.0189,175.0975,0.0000,0.0000,0.0000,-0.5939,-0.0228,170.9645,0.016,1364,0.0000,0.0000,0.0760,0,0,0.388
30.402,0,0,0,-0.6167,0.0000,-0.6913,0.0194,175.1237,0.0000,0.0000,0.0000,-0.7768,0.0830,179.0448,0.007,1369,0.0000,0.0000,0.0771,0,0,0.373
30.501,0,0,0,-0.6167,0.0000,-0.6903,0.0189,175.0948,0.0000,0.0000,0.0000,-0.7768,0.0830,179.0441,0.032,1373,0.0000,0.0000,0.0760,0,0,0.377
30.602,0,0,0,-0.6167,0.0000,-0.6904,0.0187,175.0872,0.0000,0.0000,0.0000,-0.7768,0.0830,179.0440,0.002,1379,0.0000,0.0000,0.0761,0,0,0.376
30.702,0,0,0,-0.6167,0.0000,-0.6903,0.0189,175.0973,0.0000,0.0000,0.0000,-0.5939,-0.0228,170.9669,0.030,1382,0.0000,0.0000,0.0760,0,0,0.386
30.804,0,0,0,-0.6167,0.0000,-0.6903,0.0189,175.0898,0.0000,0.0000,0.0000,-0.7769,0.0831,179.0419,0.002,1388,0.0000,0.0000,0.0760,0,0,0.380
30.905,0,0,0,-0.6167,0.0000,-0.6903,0.0189,175.0938,0.0000,0.0000,0.0000,-0.5939,-0.0228,170.9660,0.031,1391,0.0000,0.0000,0.0760,0,0,0.383
31.004,0,0,0,-0.6167,0.0000,-0.6913,0.0194,175.1242,0.0000,0.0000,0.0000,-0.7768,0.0830,179.0434,0.007,1396,0.0000,0.0000,0.0771,0,0,0.383
31.106,0,0,0,-0.6167,0.0000,-0.6903,0.0189,175.0981,0.0000,0.0000,0.0000,-0.5939,-0.0228,170.9649,0.033,1400,0.0000,0.0000,0.0760,0,0,0.379
31.208,0,0,0,-0.6167,0.0000,-0.6903,0.0189,175.1057,0.0000,0.0000,0.0000,-0.7769,0.0830,179.0432,0.003,1404,0.0000,0.0000,0.0760,0,0,0.370
31.303,0,0,0,-0.6167,0.0000,-0.6903,0.0189,175.1033,0.0000,0.0000,0.0000,-0.7768,0.0830,179.0448,0.010,1409,0.0000,0.0000,0.0760,0,0,0.390
31.401,0,0,0,-0.6167,0.0000,-0.6904,0.0187,175.0895,0.0000,0.0000,0.0000,-0.5939,-0.0227,170.9667,0.006,1414,0.0000,0.0000,0.0761,0,0,0.370
31.505,0,0,0,-0.6167,0.0000,-0.6903,0.0190,175.1044,0.0000,0.0000,0.0000,-0.7768,0.0830,179.0442,0.030,1418,0.0000,0.0000,0.0761,0,0,0.375
31.603,0,0,0,-0.6167,0.0000,-0.6913,0.0194,175.1296,0.0000,0.0000,0.0000,-0.7769,0.0830,179.0433,0.006,1423,0.0000,0.0000,0.0772,0,0,0.375
31.704,0,0,0,-0.6167,0.0000,-0.6913,0.0194,175.1332,0.0000,0.0000,0.0000,-0.5939,-0.0227,170.9657,0.016,1427,0.0000,0.0000,0.0771,0,0,0.374
31.802,0,0,0,-0.6167,0.0000,-0.6904,0.0187,175.0914,0.0000,0.0000,0.0000,-0.7768,0.0830,179.0441,0.006,1432,0.0000,0.0000,0.0760,0,0,0.371
31.905,0,0,0,-0.6167,0.0000,-0.6903,0.0189,175.0966,0.0000,0.0000,0.0000,-0.7769,0.0830,179.0427,0.036,1436,0.0000,0.0000,0.0760,0,0,0.377
32.003,0,0,0,-0.6167,0.0000,-0.6904,0.0187,175.0856,0.0000,0.0000,0.0000,-0.5939,-0.0227,170.9640,0.002,1441,0.0000,0.0000,0.0761,0,0,0.362
32.101,0,0,0,-0.6167,0.0000,-0.6903,0.0189,175.0922,0.0000,0.0000,0.0000,-0.5939,-0.0227,170.9655,0.028,1445,0.0000,0.0000,0.0760,0,0,0.386
32.203,0,0,0,-0.6167,0.0000,-0.6904,0.0187,175.0844,0.0000,0.0000,0.0000,-0.7769,0.0830,179.0428,0.002,1450,0.0000,0.0000,0.0760,0,0,0.378
32.308,0,0,0,-0.6167,0.0000,-0.6903,0.0189,175.0931,0.0000,0.0000,0.0000,-0.7769,0.0830,179.0433,0.039,1454,0.0000,0.0000,0.0760,0,0,0.392
32.404,0,0,0,-0.6167,0.0000,-0.6903,0.0189,175.0843,0.0000,0.0000,0.0000,-0.5939,-0.0227,170.9656,0.002,1460,0.0000,0.0000,0.0760,0,0,0.383
32.503,0,0,0,-0.6167,0.0000,-0.6903,0.0189,175.0886,0.0000,0.0000,0.0000,-0.7769,0.0831,179.0423,0.036,1463,0.0000,0.0000,0.0760,0,0,0.377
32.604,0,0,0,-0.6167,0.0000,-0.6903,0.0189,175.0980,0.0000,0.0000,0.0000,-0.7002,-0.0037,172.8612,0.003,1468,0.0000,0.0000,0.0760,0,0,0.374
32.702,0,0,0,-0.6167,0.0000,-0.6903,0.0189,175.0902,0.0000,0.0000,0.0000,-0.7769,0.0830,179.0461,0.031,1472,0.0000,0.0000,0.0760,0,0,0.390
32.804,0,0,0,-0.6167,0.0000,-0.6904,0.0187,175.0823,0.0000,0.0000,0.0000,-0.7002,-0.0037,172.8626,0.006,1476,0.0000,0.0000,0.0761,0,0,0.366
32.902,0,0,0,-0.6167,0.0000,-0.6904,0.0187,175.0879,0.0000,0.0000,0.0000,-0.5939,-0.0227,170.9659,0.003,1481,0.0000,0.0000,0.0761,0,0,0.367
33.005,0,0,0,-0.6167,0.0000,-0.6913,0.0194,175.1153,0.0000,0.0000,0.0000,-0.7769,0.0830,179.0432,0.007,1486,0.0000,0.0000,0.0771,0,0,0.380
33.104,0,0,0,-0.6167,0.0000,-0.6903,0.0189,175.0862,0.0000,0.0000,0.0000,-0.5939,-0.0227,170.9659,0.036,1490,0.0000,0.0000,0.0760,0,0,0.385
33.207,0,0,0,-0.6167,0.0000,-0.6913,0.0194,175.1159,0.0000,0.0000,0.0000,-0.5939,-0.0227,170.9649,0.003,1496,0.0000,0.0000,0.0771,0,0,0.379
33.304,0,0,0,-0.6167,0.0000,-0.6903,0.0189,175.0922,0.0000,0.0000,0.0000,-0.7002,-0.0037,172.8628,0.002,1500,0.0000,0.0000,0.0760,0,0,0.397
33.402,0,0,0,-0.6167,0.0000,-0.6913,0.0194,175.1197,0.0000,0.0000,0.0000,-0.7769,0.0830,179.0422,0.007,1504,0.0000,0.0000,0.0771,0,0,0.379
33.502,0,0,0,-0.6167,0.0000,-0.6903,0.0189,175.0940,0.0000,0.0000,0.0000,-0.5939,-0.0227,170.9644,0.036,1508,0.0000,0.0000,0.0760,0,0,0.417
33.603,0,0,0,-0.6167,0.0000,-0.6913,0.0194,175.1195,0.0000,0.0000,0.0000,-0.7769,0.0830,179.0449,0.006,1513,0.0000,0.0000,0.0771,0,0,0.374
33.704,0,0,0,-0.6167,0.0000,-0.6903,0.0189,175.0929,0.0000,0.0000,0.0000,-0.5939,-0.0227,170.9644,0.032,1517,0.0000,0.0000,0.0760,0,0,0.375
33.801,0,0,0,-0.6167,0.0000,-0.6904,0.0187,175.0810,0.0000,0.0000,0.0000,-0.7769,0.0830,179.0434,0.006,1522,0.0000,0.0000,0.0760,0,0,0.373
33.902,0,0,0,-0.6167,0.0000,-0.6903,0.0189,175.0918,0.0000,0.0000,0.0000,-0.7769,0.0830,179.0449,0.032,1526,0.0000,0.0000,0.0760,0,0,0.373
34.003,0,0,0,-0.6167,0.0000,-0.6903,0.0189,175.1017,0.0000,0.0000,0.0000,-0.7002,-0.0037,172.8617,0.002,1530,0.0000,0.0000,0.0760,0,0,0.373
34.103,0,0,0,-0.6167,0.0000,-0.6904,0.0187,175.0928,0.0000,0.0000,0.0000,-0.7769,0.0830,179.0455,0.003,1535,0.0000,0.0000,0.0760,0,0,0.366
34.202,0,0,0,-0.6167,0.0000,-0.6904,0.0187,175.0840,0.0000,0.0000,0.0000,-0.7002,-0.0037,172.8625,0.018,1539,0.0000,0.0000,0.0760,0,0,0.389
34.302,0,0,0,-0.6167,0.0000,-0.6903,0.0189,175.0953,0.0000,0.0000,0.0000,-0.5939,-0.0227,170.9671,0.023,1544,0.0000,0.0000,0.0760,0,0,0.382
34.403,0,0,0,-0.6167,0.0000,-0.6913,0.0194,175.1211,0.0000,0.0000,0.0000,-0.7769,0.0830,179.0459,0.006,1549,0.0000,0.0000,0.0771,0,0,0.364
34.503,0,0,0,-0.6167,0.0000,-0.6902,0.0189,175.0911,0.0000,0.0000,0.0000,-0.7002,-0.0037,172.8625,0.002,1554,0.0000,0.0000,0.0760,0,0,0.371
34.604,0,0,0,-0.6167,0.0000,-0.6893,0.0182,175.0531,0.0000,0.0000,0.0000,-0.5939,-0.0227,170.9644,0.007,1558,0.0000,0.0000,0.0749,0,0,0.378
34.703,0,0,0,-0.6167,0.0000,-0.6902,0.0189,175.0943,0.0000,0.0000,0.0000,-0.5939,-0.0227,170.9644,0.030,1562,0.0000,0.0000,0.0760,0,0,0.382
34.804,0,0,0,-0.6167,0.0000,-0.6902,0.0189,175.0865,0.0000,0.0000,0.0000,-0.7769,0.0830,179.0449,0.002,1568,0.0000,0.0000,0.0760,0,0,0.361
34.904,0,0,0,-0.6167,0.0000,-0.6902,0.0189,175.0932,0.0000,0.0000,0.0000,-0.5939,-0.0227,170.9633,0.035,1571,0.0000,0.0000,0.0760,0,0,0.385
35.002,0,0,0,-0.6167,0.0000,-0.6913,0.0194,175.1181,0.0000,0.0000,0.0000,-0.7769,0.0830,179.0443,0.006,1576,0.0000,0.0000,0.0771,0,0,0.380
35.104,0,0,0,-0.6167,0.0000,-0.6902,0.0189,175.0946,0.0000,0.0000,0.0000,-0.5939,-0.0227,170.9648,0.030,1580,0.0000,0.0000,0.0760,0,0,0.355
35.202,0,0,0,-0.6167,0.0000,-0.6904,0.0187,175.0835,0.0000,0.0000,0.0000,-0.5939,-0.0227,170.9657,0.009,1585,0.0000,0.0000,0.0760,0,0,0.374
35.302,0,0,0,-0.6167,0.0000,-0.6903,0.0189,175.0933,0.0000,0.0000,0.0000,-0.5939,-0.0227,170.9638,0.026,1589,0.0000,0.0000,0.0760,0,0,0.364
35.402,0,0,0,-0.6167,0.0000,-0.6893,0.0182,175.0524,0.0000,0.0000,0.0000,-0.5939,-0.0227,170.9642,0.007,1594,0.0000,0.0000,0.0749,0,0,0.384
35.501,0,0,0,-0.6167,0.0000,-0.6903,0.0189,175.0947,0.0000,0.0000,0.0000,-0.7769,0.0831,179.0416,0.018,1598,0.0000,0.0000,0.0760,0,0,0.387
35.604,0,0,0,-0.6167,0.0000,-0.6904,0.0187,175.0848,0.0000,0.0000,0.0000,-0.7002,-0.0037,172.8607,0.013,1602,0.0000,0.0000,0.0760,0,0,0.381
35.702,0,0,0,-0.6167,0.0000,-0.6903,0.0189,175.0907,0.0000,0.0000,0.0000,-0.5939,-0.0227,170.9657,0.018,1607,0.0000,0.0000,0.0760,0,0,0.363
35.802,0,0,0,-0.6167,0.0000,-0.6904,0.0187,175.0807,0.0000,0.0000,0.0000,-0.7769,0.0830,179.0448,0.002,1613,0.0000,0.0000,0.0760,0,0,0.384
35.902,0,0,0,-0.6167,0.0000,-0.6903,0.0189,175.0904,0.0000,0.0000,0.0000,-0.5939,-0.0227,170.9634,0.038,1616,0.0000,0.0000,0.0760,0,0,0.379
36.002,0,0,0,-0.6167,0.0000,-0.6904,0.0187,175.0812,0.0000,0.0000,0.0000,-0.7769,0.0830,179.0457,0.003,1622,0.0000,0.0000,0.0760,0,0,0.373
36.104,0,0,0,-0.6167,0.0000,-0.6903,0.0189,175.0920,0.0000,0.0000,0.0000,-0.5939,-0.0227,170.9629,0.030,1625,0.0000,0.0000,0.0760,0,0,0.388
36.205,0,0,0,-0.6167,0.0000,-0.6893,0.0183,175.0513,0.0000,0.0000,0.0000,-0.5939,-0.0227,170.9621,0.008,1630,0.0000,0.0000,0.0749,0,0,0.383
36.305,0,0,0,-0.6167,0.0000,-0.6903,0.0189,175.0911,0.0000,0.0000,0.0000,-0.7769,0.0830,179.0445,0.034,1634,0.0000,0.0000,0.0760,0,0,0.365
36.403,0,0,0,-0.6167,0.0000,-0.6904,0.0187,175.0820,0.0000,0.0000,0.0000,-0.7001,-0.0037,172.8619,0.030,1638,0.0000,0.0000,0.0760,0,0,0.381
36.502,0,0,0,-0.6167,0.0000,-0.6903,0.0189,175.0933,0.0000,0.0000,0.0000,-0.5939,-0.0227,170.9642,0.030,1643,0.0000,0.0000,0.0760,0,0,0.388
36.603,0,0,0,-0.6167,0.0000,-0.6893,0.0183,175.0530,0.0000,0.0000,0.0000,-0.7769,0.0830,179.0441,0.002,1649,0.0000,0.0000,0.0749,0,0,0.363
36.705,0,0,0,-0.6167,0.0000,-0.6903,0.0189,175.0948,0.0000,0.0000,0.0000,-0.5939,-0.0227,170.9622,0.036,1652,0.0000,0.0000,0.0760,0,0,0.380
36.804,0,0,0,-0.6167,0.0000,-0.6903,0.0190,175.1063,0.0000,0.0000,0.0000,-0.7769,0.0830,179.0454,0.064,1655,0.0000,0.0000,0.0760,0,0,0.366
36.902,0,0,0,-0.6167,0.0000,-0.6893,0.0183,175.0612,0.0000,0.0000,0.0000,-0.7769,0.0830,179.0457,0.004,1661,0.0000,0.0000,0.0749,0,0,0.371
37.003,0,0,0,-0.6167,0.0000,-0.6904,0.0187,175.0882,0.0000,0.0000,0.0000,-0.5939,-0.0227,170.9644,0.002,1666,0.0000,0.0000,0.0761,0,0,0.356
37.104,0,0,0,-0.6167,0.0000,-0.6913,0.0194,175.1267,0.0000,0.0000,0.0000,-0.5939,-0.0227,170.9633,0.015,1670,0.0000,0.0000,0.0771,0,0,0.386
37.204,0,0,0,-0.6167,0.0000,-0.6903,0.0190,175.0873,0.0000,0.0000,0.0000,-0.5939,-0.0227,170.9653,0.002,1676,0.0000,0.0000,0.0760,0,0,0.371
37.302,0,0,0,-0.6167,0.0000,-0.6903,0.0190,175.0903,0.0000,0.0000,0.0000,-0.7769,0.0830,179.0446,0.038,1679,0.0000,0.0000,0.0760,0,0,0.384
37.404,0,0,0,-0.6167,0.0000,-0.6913,0.0194,175.1159,0.0000,0.0000,0.0000,-0.5939,-0.0227,170.9635,0.002,1685,0.0000,0.0000,0.0771,0,0,0.379
37.505,0,0,0,-0.6167,0.0000,-0.6903,0.0190,175.0911,0.0000,0.0000,0.0000,-0.5939,-0.0227,170.9633,0.037,1688,0.0000,0.0000,0.0760,0,0,0.401
37.604,0,0,0,-0.6167,0.0000,-0.6913,0.0194,175.1184,0.0000,0.0000,0.0000,-0.5939,-0.0227,170.9644,0.002,1694,0.0000,0.0000,0.0771,0,0,0.380
37.706,0,0,0,-0.6167,0.0000,-0.6903,0.0190,175.0922,0.0000,0.0000,0.0000,-0.7769,0.0830,179.0438,0.041,1697,0.0000,0.0000,0.0760,0,0,0.373
37.802,0,0,0,-0.6167,0.0000,-0.6904,0.0187,175.0803,0.0000,0.0000,0.0000,-0.7769,0.0830,179.0443,0.002,1703,0.0000,0.0000,0.0760,0,0,0.379
37.904,0,0,0,-0.6167,0.0000,-0.6903,0.0190,175.0912,0.0000,0.0000,0.0000,-0.5939,-0.0226,170.9626,0.031,1706,0.0000,0.0000,0.0760,0,0,0.371
38.002,0,0,0,-0.6167,0.0000,-0.6903,0.0190,175.0985,0.0000,0.0000,0.0000,-0.7769,0.0830,179.0445,0.007,1710,0.0000,0.0000,0.0760,0,0,0.373
38.102,0,0,0,-0.6167,0.0000,-0.6903,0.0190,175.0912,0.0000,0.0000,0.0000,-0.7769,0.0830,179.0445,0.013,1715,0.0000,0.0000,0.0760,0,0,0.375
38.202,0,0,0,-0.6167,0.0000,-0.6904,0.0187,175.0820,0.0000,0.0000,0.0000,-0.5939,-0.0226,170.9631,0.003,1720,0.0000,0.0000,0.0761,0,0,0.362
38.303,0,0,0,-0.6167,0.0000,-0.6903,0.0190,175.0889,0.0000,0.0000,0.0000,-0.5939,-0.0226,170.9626,0.024,1724,0.0000,0.0000,0.0760,0,0,0.372
38.401,0,0,0,-0.6167,0.0000,-0.6904,0.0187,175.0816,0.0000,0.0000,0.0000,-0.7769,0.0830,179.0448,0.008,1729,0.0000,0.0000,0.0761,0,0,0.389
38.504,0,0,0,-0.6167,0.0000,-0.6903,0.0189,175.0933,0.0000,0.0000,0.0000,-0.5939,-0.0226,170.9629,0.030,1733,0.0000,0.0000,0.0760,0,0,0.363
38.602,0,0,0,-0.6167,0.0000,-0.6904,0.0187,175.0830,0.0000,0.0000,0.0000,-0.5939,-0.0226,170.9640,0.002,1738,0.0000,0.0000,0.0761,0,0,0.397
38.704,0,0,0,-0.6167,0.0000,-0.6903,0.0190,175.0935,0.0000,0.0000,0.0000,-0.5939,-0.0226,170.9630,0.038,1742,0.0000,0.0000,0.0760,0,0,0.376
38.803,0,0,0,-0.6167,0.0000,-0.6904,0.0187,175.0846,0.0000,0.0000,0.0000,-0.5939,-0.0226,170.9645,0.002,1748,0.0000,0.0000,0.0761,0,0,0.379
38.905,0,0,0,-0.6167,0.0000,-0.6903,0.0190,175.0945,0.0000,0.0000,0.0000,-0.7001,-0.0037,172.8624,0.002,1752,0.0000,0.0000,0.0760,0,0,0.376
39.002,0,0,0,-0.6167,0.0000,-0.6904,0.0187,175.0832,0.0000,0.0000,0.0000,-0.7769,0.0830,179.0426,0.002,1756,0.0000,0.0000,0.0761,0,0,0.385
39.111,0,0,0,-0.6167,0.0000,-0.6903,0.0190,175.0916,0.0000,0.0000,0.0000,-0.5939,-0.0226,170.9639,0.044,1760,0.0000,0.0000,0.0760,0,0,0.376
39.201,0,0,0,-0.6167,0.0000,-0.6904,0.0187,175.0800,0.0000,0.0000,0.0000,-0.7769,0.0830,179.0444,0.003,1765,0.0000,0.0000,0.0761,0,0,0.371
39.302,0,0,0,-0.6167,0.0000,-0.6903,0.0190,175.0889,0.0000,0.0000,0.0000,-0.7769,0.0830,179.0441,0.029,1769,0.0000,0.0000,0.0760,0,0,0.369
39.401,0,0,0,-0.6167,0.0000,-0.6903,0.0190,175.0963,0.0000,0.0000,0.0000,-0.7001,-0.0037,172.8623,0.003,1773,0.0000,0.0000,0.0760,0,0,0.372
39.502,0,0,0,-0.6167,0.0000,-0.6903,0.0190,175.0888,0.0000,0.0000,0.0000,-0.7769,0.0830,179.0467,0.028,1778,0.0000,0.0000,0.0760,0,0,0.376
39.604,0,0,0,-0.6167,0.0000,-0.6903,0.0190,175.0942,0.0000,0.0000,0.0000,-0.5938,-0.0226,170.9640,0.055,1781,0.0000,0.0000,0.0760,0,0,0.370
39.704,0,0,0,-0.6167,0.0000,-0.6913,0.0194,175.1223,0.0000,0.0000,0.0000,-0.7769,0.0830,179.0444,0.018,1786,0.0000,0.0000,0.0771,0,0,0.389
39.802,0,0,0,-0.6167,0.0000,-0.6913,0.0194,175.1108,0.0000,0.0000,0.0000,-0.7769,0.0830,179.0440,0.009,1792,0.0000,0.0000,0.0771,0,0,0.371
39.906,0,0,0,-0.6167,0.0000,-0.6902,0.0189,175.0847,0.0000,0.0000,0.0000,-0.5939,-0.0226,170.9637,0.033,1796,0.0000,0.0000,0.0760,0,0,0.387
40.004,0,0,0,-0.6167,0.0000,-0.6913,0.0194,175.1111,0.0000,0.0000,0.0000,-0.5939,-0.0226,170.9625,0.007,1802,0.0000,0.0000,0.0771,0,0,0.387
40.105,0,0,0,-0.6167,0.0000,-0.6902,0.0189,175.0863,0.0000,0.0000,0.0000,-0.5939,-0.0226,170.9622,0.037,1805,0.0000,0.0000,0.0760,0,0,0.384
40.202,0,0,0,-0.6167,0.0000,-0.6893,0.0183,175.0425,0.0000,0.0000,0.0000,-0.7769,0.0830,179.0432,0.006,1811,0.0000,0.0000,0.0749,0,0,0.379
40.308,0,0,0,-0.6167,0.0000,-0.6902,0.0189,175.0808,0.0000,0.0000,0.0000,-0.7769,0.0830,179.0437,0.041,1814,0.0000,0.0000,0.0760,0,0,0.381
40.405,0,0,0,-0.6167,0.0000,-0.6913,0.0194,175.1061,0.0000,0.0000,0.0000,-0.5939,-0.0226,170.9624,0.002,1820,0.0000,0.0000,0.0771,0,0,0.371
40.504,0,0,0,-0.6167,0.0000,-0.6902,0.0189,175.0814,0.0000,0.0000,0.0000,-0.7001,-0.0037,172.8620,0.006,1824,0.0000,0.0000,0.0760,0,0,0.371
40.602,0,0,0,-0.6167,0.0000,-0.6903,0.0187,175.0702,0.0000,0.0000,0.0000,-0.5938,-0.0226,170.9637,0.011,1828,0.0000,0.0000,0.0760,0,0,0.365
40.709,0,0,0,-0.6167,0.0000,-0.6902,0.0190,175.0805,0.0000,0.0000,0.0000,-0.5938,-0.0226,170.9641,0.041,1832,0.0000,0.0000,0.0760,0,0,0.382
40.801,0,0,0,-0.6167,0.0000,-0.6902,0.0189,175.0872,0.0000,0.0000,0.0000,-0.7001,-0.0037,172.8623,0.005,1836,0.0000,0.0000,0.0760,0,0,0.376
40.903,0,0,0,-0.6167,0.0000,-0.6904,0.0187,175.0804,0.0000,0.0000,0.0000,-0.5939,-0.0226,170.9615,0.007,1841,0.0000,0.0000,0.0760,0,0,0.380
41.001,0,0,0,-0.6167,0.0000,-0.6904,0.0187,175.0714,0.0000,0.0000,0.0000,-0.5938,-0.0226,170.9632,0.003,1846,0.0000,0.0000,0.0760,0,0,0.378
41.104,0,0,0,-0.6167,0.0000,-0.6902,0.0190,175.0796,0.0000,0.0000,0.0000,-0.5938,-0.0226,170.9633,0.014,1850,0.0000,0.0000,0.0760,0,0,0.379
41.203,0,0,0,-0.6167,0.0000,-0.6913,0.0194,175.1040,0.0000,0.0000,0.0000,-0.7769,0.0830,179.0444,0.008,1855,0.0000,0.0000,0.0771,0,0,0.365
41.302,0,0,0,-0.6167,0.0000,-0.6902,0.0190,175.0788,0.0000,0.0000,0.0000,-0.7769,0.0830,179.0438,0.026,1859,0.0000,0.0000,0.0760,0,0,0.376
41.403,0,0,0,-0.6167,0.0000,-0.6903,0.0187,175.0677,0.0000,0.0000,0.0000,-0.5938,-0.0226,170.9634,0.002,1865,0.0000,0.0000,0.0760,0,0,0.376
41.501,0,0,0,-0.6167,0.0000,-0.6902,0.0190,175.0794,0.0000,0.0000,0.0000,-0.7769,0.0830,179.0450,0.034,1868,0.0000,0.0000,0.0760,0,0,0.361
41.604,0,0,0,-0.6167,0.0000,-0.6893,0.0183,175.0396,0.0000,0.0000,0.0000,-0.5938,-0.0226,170.9631,0.008,1873,0.0000,0.0000,0.0749,0,0,0.376
41.702,0,0,0,-0.6167,0.0000,-0.6902,0.0190,175.0782,0.0000,0.0000,0.0000,-0.5939,-0.0226,170.9616,0.035,1877,0.0000,0.0000,0.0760,0,0,0.371
41.803,0,0,0,-0.6167,0.0000,-0.6903,0.0187,175.0719,0.0000,0.0000,0.0000,-0.7769,0.0830,179.0415,0.003,1882,0.0000,0.0000,0.0760,0,0,0.403
41.902,0,0,0,-0.6167,0.0000,-0.6902,0.0190,175.0827,0.0000,0.0000,0.0000,-0.5938,-0.0226,170.9648,0.035,1886,0.0000,0.0000,0.0760,0,0,0.383
42.004,0,0,0,-0.6167,0.0000,-0.6902,0.0190,175.0769,0.0000,0.0000,0.0000,-0.5938,-0.0226,170.9632,0.002,1892,0.0000,0.0000,0.0760,0,0,0.380
42.101,0,0,0,-0.6167,0.0000,-0.6902,0.0190,175.0845,0.0000,0.0000,0.0000,-0.5938,-0.0226,170.9638,0.026,1895,0.0000,0.0000,0.0760,0,0,0.387
42.203,0,0,0,-0.6167,0.0000,-0.6893,0.0183,175.0441,0.0000,0.0000,0.0000,-0.5938,-0.0226,170.9637,0.010,1900,0.0000,0.0000,0.0749,0,0,0.386
42.301,0,0,0,-0.6167,0.0000,-0.6893,0.0183,175.0510,0.0000,0.0000,0.0000,-0.7769,0.0830,179.0434,0.012,1904,0.0000,0.0000,0.0749,0,0,0.364
42.402,0,0,0,-0.6167,0.0000,-0.6904,0.0187,175.0765,0.0000,0.0000,0.0000,-0.7001,-0.0038,172.8633,0.023,1908,0.0000,0.0000,0.0760,0,0,0.393
42.504,0,0,0,-0.6167,0.0000,-0.6902,0.0190,175.0829,0.0000,0.0000,0.0000,-0.5938,-0.0226,170.9617,0.021,1913,0.0000,0.0000,0.0760,0,0,0.372
42.603,0,0,0,-0.6167,0.0000,-0.6903,0.0187,175.0712,0.0000,0.0000,0.0000,-0.7769,0.0830,179.0438,0.002,1919,0.0000,0.0000,0.0760,0,0,0.375
42.706,0,0,0,-0.6167,0.0000,-0.6902,0.0190,175.0824,0.0000,0.0000,0.0000,-0.7769,0.0830,179.0455,0.038,1922,0.0000,0.0000,0.0760,0,0,0.379
42.802,0,0,0,-0.6167,0.0000,-0.6893,0.0183,175.0398,0.0000,0.0000,0.0000,-0.7769,0.0830,179.0448,0.003,1928,0.0000,0.0000,0.0749,0,0,0.386
42.902,0,0,0,-0.6167,0.0000,-0.6902,0.0190,175.0796,0.0000,0.0000,0.0000,-0.7769,0.0830,179.0417,0.033,1931,0.0000,0.0000,0.0760,0,0,0.387
43.003,0,0,0,-0.6167,0.0000,-0.6902,0.0190,175.0725,0.0000,0.0000,0.0000,-0.5938,-0.0226,170.9613,0.005,1937,0.0000,0.0000,0.0760,0,0,0.372
43.103,0,0,0,-0.6167,0.0000,-0.6902,0.0190,175.0800,0.0000,0.0000,0.0000,-0.5938,-0.0226,170.9629,0.031,1940,0.0000,0.0000,0.0760,0,0,0.354
43.204,0,0,0,-0.6167,0.0000,-0.6913,0.0194,175.1047,0.0000,0.0000,0.0000,-0.5938,-0.0226,170.9626,0.002,1946,0.0000,0.0000,0.0771,0,0,0.371
43.302,0,0,0,-0.6167,0.0000,-0.6902,0.0190,175.0741,0.0000,0.0000,0.0000,-0.7769,0.0830,179.0440,0.040,1949,0.0000,0.0000,0.0760,0,0,0.381
43.401,0,0,0,-0.6167,0.0000,-0.6903,0.0187,175.0649,0.0000,0.0000,0.0000,-0.7769,0.0830,179.0443,0.003,1954,0.0000,0.0000,0.0760,0,0,0.381
43.504,0,0,0,-0.6167,0.0000,-0.6902,0.0190,175.0763,0.0000,0.0000,0.0000,-0.7769,0.0830,179.0440,0.033,1958,0.0000,0.0000,0.0760,0,0,0.375
43.601,0,0,0,-0.6167,0.0000,-0.6902,0.0190,175.0843,0.0000,0.0000,0.0000,-0.7769,0.0830,179.0434,0.062,1961,0.0000,0.0000,0.0760,0,0,0.378
43.703,0,0,0,-0.6167,0.0000,-0.6902,0.0190,175.0795,0.0000,0.0000,0.0000,-0.5938,-0.0226,170.9632,0.011,1967,0.0000,0.0000,0.0760,0,0,0.386
43.804,0,0,0,-0.6167,0.0000,-0.6893,0.0183,175.0387,0.0000,0.0000,0.0000,-0.5938,-0.0226,170.9621,0.008,1972,0.0000,0.0000,0.0749,0,0,0.367
43.903,0,0,0,-0.6167,0.0000,-0.6902,0.0190,175.0796,0.0000,0.0000,0.0000,-0.5938,-0.0226,170.9624,0.029,1976,0.0000,0.0000,0.0760,0,0,0.392
44.002,0,0,0,-0.6167,0.0000,-0.6903,0.0187,175.0686,0.0000,0.0000,0.0000,-0.7769,0.0831,179.0398,0.002,1982,0.0000,0.0000,0.0760,0,0,0.377
44.102,0,0,0,-0.6167,0.0000,-0.6902,0.0190,175.0816,0.0000,0.0000,0.0000,-0.5938,-0.0225,170.9609,0.030,1985,0.0000,0.0000,0.0760,0,0,0.372
44.204,0,0,0,-0.6167,0.0000,-0.6903,0.0187,175.0696,0.0000,0.0000,0.0000,-0.7769,0.0830,179.0442,0.010,1990,0.0000,0.0000,0.0760,0,0,0.381
44.303,0,0,0,-0.6167,0.0000,-0.6902,0.0190,175.0822,0.0000,0.0000,0.0000,-0.7769,0.0830,179.0447,0.033,1994,0.0000,0.0000,0.0760,0,0,0.373
44.402,0,0,0,-0.6167,0.0000,-0.6902,0.0190,175.0755,0.0000,0.0000,0.0000,-0.7769,0.0830,179.0442,0.006,2000,0.0000,0.0000,0.0760,0,0,0.383
44.501,0,0,0,-0.6167,0.0000,-0.6902,0.0190,175.0801,0.0000,0.0000,0.0000,-0.7001,-0.0038,172.8634,0.002,2004,0.0000,0.0000,0.0760,0,0,0.388
44.601,0,0,0,-0.6167,0.0000,-0.6903,0.0187,175.0722,0.0000,0.0000,0.0000,-0.7769,0.0830,179.0431,0.005,2009,0.0000,0.0000,0.0760,0,0,0.370
44.702,0,0,0,-0.6167,0.0000,-0.6902,0.0190,175.0824,0.0000,0.0000,0.0000,-0.7769,0.0830,179.0422,0.038,2012,0.0000,0.0000,0.0760,0,0,0.371
44.802,0,0,0,-0.6167,0.0000,-0.6902,0.0190,175.0881,0.0000,0.0000,0.0000,-0.7769,0.0830,179.0441,0.004,2017,0.0000,0.0000,0.0760,0,0,0.364
44.902,0,0,0,-0.6167,0.0000,-0.6902,0.0190,175.0818,0.0000,0.0000,0.0000,-0.7769,0.0830,179.0447,0.018,2021,0.0000,0.0000,0.0760,0,0,0.379
45.001,0,0,0,-0.6167,0.0000,-0.6904,0.0187,175.0715,0.0000,0.0000,0.0000,-0.5938,-0.0225,170.9620,0.009,2026,0.0000,0.0000,0.0760,0,0,0.378
45.104,0,0,0,-0.6167,0.0000,-0.6903,0.0190,175.0795,0.0000,0.0000,0.0000,-0.5938,-0.0225,170.9617,0.029,2030,0.0000,0.0000,0.0760,0,0,0.384
45.202,0,0,0,-0.6167,0.0000,-0.6904,0.0187,175.0728,0.0000,0.0000,0.0000,-0.7001,-0.0037,172.8624,0.031,2034,0.0000,0.0000,0.0760,0,0,0.370
45.303,0,0,0,-0.6167,0.0000,-0.6902,0.0190,175.0821,0.0000,0.0000,0.0000,-0.5938,-0.0225,170.9627,0.016,2039,0.0000,0.0000,0.0760,0,0,0.388
45.403,0,0,0,-0.6167,0.0000,-0.6902,0.0190,175.0719,0.0000,0.0000,0.0000,-0.5938,-0.0225,170.9622,0.006,2045,0.0000,0.0000,0.0760,0,0,0.378
45.505,0,0,0,-0.6167,0.0000,-0.6902,0.0190,175.0789,0.0000,0.0000,0.0000,-0.7001,-0.0037,172.8623,0.002,2049,0.0000,0.0000,0.0760,0,0,0.368
45.601,0,0,0,-0.6167,0.0000,-0.6902,0.0190,175.0696,0.0000,0.0000,0.0000,-0.7769,0.0830,179.0438,0.006,2054,0.0000,0.0000,0.0760,0,0,0.369
45.703,0,0,0,-0.6167,0.0000,-0.6902,0.0190,175.0797,0.0000,0.0000,0.0000,-0.7769,0.0830,179.0437,0.035,2057,0.0000,0.0000,0.0760,0,0,0.386
45.801,0,0,0,-0.6167,0.0000,-0.6903,0.0187,175.0709,0.0000,0.0000,0.0000,-0.7001,-0.0038,172.8638,0.028,2061,0.0000,0.0000,0.0760,0,0,0.409
45.902,0,0,0,-0.6167,0.0000,-0.6902,0.0190,175.0803,0.0000,0.0000,0.0000,-0.7001,-0.0038,172.8642,0.003,2067,0.0000,0.0000,0.0760,0,0,0.386
46.001,0,0,0,-0.6167,0.0000,-0.6903,0.0187,175.0730,0.0000,0.0000,0.0000,-0.7769,0.0830,179.0433,0.007,2071,0.0000,0.0000,0.0760,0,0,0.377
46.102,0,0,0,-0.6167,0.0000,-0.6902,0.0190,175.0842,0.0000,0.0000,0.0000,-0.5938,-0.0225,170.9599,0.029,2075,0.0000,0.0000,0.0760,0,0,0.385
46.202,0,0,0,-0.6167,0.0000,-0.6902,0.0190,175.0897,0.0000,0.0000,0.0000,-0.7769,0.0830,179.0421,0.003,2080,0.0000,0.0000,0.0760,0,0,0.373
46.301,0,0,0,-0.6167,0.0000,-0.6902,0.0190,175.0823,0.0000,0.0000,0.0000,-0.7769,0.0830,179.0437,0.033,2084,0.0000,0.0000,0.0760,0,0,0.391
46.401,0,0,0,-0.6167,0.0000,-0.6902,0.0190,175.0901,0.0000,0.0000,0.0000,-0.7001,-0.0038,172.8649,0.004,2088,0.0000,0.0000,0.0760,0,0,0.366
46.502,0,0,0,-0.6167,0.0000,-0.6913,0.0194,175.1172,0.0000,0.0000,0.0000,-0.7769,0.0830,179.0443,0.016,2092,0.0000,0.0000,0.0771,0,0,0.370
46.601,0,0,0,-0.6167,0.0000,-0.6903,0.0187,175.0725,0.0000,0.0000,0.0000,-0.7769,0.0829,179.0458,0.007,2098,0.0000,0.0000,0.0760,0,0,0.380
46.702,0,0,0,-0.6167,0.0000,-0.6902,0.0190,175.0842,0.0000,0.0000,0.0000,-0.5938,-0.0225,170.9603,0.029,2102,0.0000,0.0000,0.0759,0,0,0.381
46.803,0,0,0,-0.6167,0.0000,-0.6912,0.0194,175.1075,0.0000,0.0000,0.0000,-0.5938,-0.0225,170.9610,0.002,2108,0.0000,0.0000,0.0770,0,0,0.381
46.903,0,0,0,-0.6167,0.0000,-0.6902,0.0190,175.0823,0.0000,0.0000,0.0000,-0.7001,-0.0037,172.8635,0.003,2112,0.0000,0.0000,0.0759,0,0,0.389
47.004,0,0,0,-0.6167,0.0000,-0.6902,0.0190,175.0745,0.0000,0.0000,0.0000,-0.5938,-0.0225,170.9608,0.007,2117,0.0000,0.0000,0.0759,0,0,0.380
47.104,0,0,0,-0.6167,0.0000,-0.6902,0.0190,175.0853,0.0000,0.0000,0.0000,-0.7001,-0.0037,172.8626,0.006,2121,0.0000,0.0000,0.0759,0,0,0.382
47.202,0,0,0,-0.6167,0.0000,-0.6903,0.0187,175.0756,0.0000,0.0000,0.0000,-0.5938,-0.0225,170.9604,0.007,2125,0.0000,0.0000,0.0760,0,0,0.394
47.304,0,0,0,-0.6167,0.0000,-0.6902,0.0190,175.0874,0.0000,0.0000,0.0000,-0.7769,0.0830,179.0428,0.040,2129,0.0000,0.0000,0.0760,0,0,0.372
47.409,0,0,0,-0.6167,0.0000,-0.6903,0.0187,175.0763,0.0000,0.0000,0.0000,-0.5938,-0.0225,170.9589,0.004,2135,0.0000,0.0000,0.0760,0,0,0.367
47.502,0,0,0,-0.6167,0.0000,-0.6902,0.0190,175.0877,0.0000,0.0000,0.0000,-0.5938,-0.0225,170.9603,0.036,2138,0.0000,0.0000,0.0760,0,0,0.386
47.604,0,0,0,-0.6167,0.0000,-0.6893,0.0183,175.0470,0.0000,0.0000,0.0000,-0.7001,-0.0037,172.8629,0.006,2143,0.0000,0.0000,0.0749,0,0,0.375
47.705,0,0,0,-0.6167,0.0000,-0.6902,0.0190,175.0898,0.0000,0.0000,0.0000,-0.5938,-0.0225,170.9607,0.007,2147,0.0000,0.0000,0.0760,0,0,0.375
47.804,0,0,0,-0.6167,0.0000,-0.6903,0.0187,175.0793,0.0000,0.0000,0.0000,-0.7001,-0.0038,172.8630,0.021,2151,0.0000,0.0000,0.0760,0,0,0.375
47.904,0,0,0,-0.6167,0.0000,-0.6902,0.0190,175.0858,0.0000,0.0000,0.0000,-0.7001,-0.0038,172.8630,0.002,2157,0.0000,0.0000,0.0760,0,0,0.386
48.002,0,0,0,-0.6167,0.0000,-0.6912,0.0194,175.1083,0.0000,0.0000,0.0000,-0.7769,0.0830,179.0424,0.009,2161,0.0000,0.0000,0.0770,0,0,0.375
48.101,0,0,0,-0.6167,0.0000,-0.6902,0.0190,175.0801,0.0000,0.0000,0.0000,-0.5938,-0.0225,170.9611,0.036,2165,0.0000,0.0000,0.0759,0,0,0.361
48.201,0,0,0,-0.6167,0.0000,-0.6903,0.0187,175.0740,0.0000,0.0000,0.0000,-0.7769,0.0829,179.0450,0.004,2171,0.0000,0.0000,0.0760,0,0,0.379
48.307,0,0,0,-0.6167,0.0000,-0.6902,0.0190,175.0858,0.0000,0.0000,0.0000,-0.7769,0.0830,179.0429,0.041,2174,0.0000,0.0000,0.0759,0,0,0.384
48.403,0,0,0,-0.6167,0.0000,-0.6903,0.0187,175.0758,0.0000,0.0000,0.0000,-0.7769,0.0829,179.0443,0.008,2179,0.0000,0.0000,0.0760,0,0,0.377
48.505,0,0,0,-0.6167,0.0000,-0.6902,0.0190,175.0877,0.0000,0.0000,0.0000,-0.7769,0.0830,179.0429,0.038,2183,0.0000,0.0000,0.0759,0,0,0.401
48.602,0,0,0,-0.6167,0.0000,-0.6903,0.0187,175.0762,0.0000,0.0000,0.0000,-0.7001,-0.0038,172.8633,0.031,2187,0.0000,0.0000,0.0760,0,0,0.380
48.702,0,0,0,-0.6167,0.0000,-0.6902,0.0190,175.0853,0.0000,0.0000,0.0000,-0.5938,-0.0225,170.9615,0.035,2192,0.0000,0.0000,0.0759,0,0,0.372
48.803,0,0,0,-0.6167,0.0000,-0.6903,0.0187,175.0736,0.0000,0.0000,0.0000,-0.5938,-0.0225,170.9617,0.002,2197,0.0000,0.0000,0.0760,0,0,0.385
48.904,0,0,0,-0.6167,0.0000,-0.6902,0.0190,175.0839,0.0000,0.0000,0.0000,-0.5938,-0.0225,170.9607,0.031,2201,0.0000,0.0000,0.0759,0,0,0.374
49.003,0,0,0,-0.6167,0.0000,-0.6903,0.0187,175.0723,0.0000,0.0000,0.0000,-0.5938,-0.0225,170.9603,0.010,2206,0.0000,0.0000,0.0760,0,0,0.386
49.101,0,0,0,-0.6167,0.0000,-0.6902,0.0190,175.0814,0.0000,0.0000,0.0000,-0.5938,-0.0225,170.9598,0.028,2210,0.0000,0.0000,0.0760,0,0,0.378
49.201,0,0,0,-0.6167,0.0000,-0.6903,0.0187,175.0725,0.0000,0.0000,0.0000,-0.7001,-0.0038,172.8645,0.008,2214,0.0000,0.0000,0.0760,0,0,0.388
49.304,0,0,0,-0.6167,0.0000,-0.6902,0.0190,175.0824,0.0000,0.0000,0.0000,-0.5938,-0.0225,170.9595,0.023,2219,0.0000,0.0000,0.0760,0,0,0.369
49.403,0,0,0,-0.6167,0.0000,-0.6902,0.0190,175.0767,0.0000,0.0000,0.0000,-0.5938,-0.0224,170.9579,0.006,2225,0.0000,0.0000,0.0759,0,0,0.366
49.503,0,0,0,-0.6167,0.0000,-0.6902,0.0190,175.0870,0.0000,0.0000,0.0000,-0.7769,0.0830,179.0421,0.044,2228,0.0000,0.0000,0.0760,0,0,0.388
49.603,0,0,0,-0.6167,0.0000,-0.6903,0.0187,175.0758,0.0000,0.0000,0.0000,-0.7769,0.0830,179.0432,0.002,2234,0.0000,0.0000,0.0760,0,0,0.368
49.705,0,0,0,-0.6167,0.0000,-0.6902,0.0190,175.0854,0.0000,0.0000,0.0000,-0.7769,0.0830,179.0417,0.042,2237,0.0000,0.0000,0.0760,0,0,0.377
49.805,0,0,0,-0.6167,0.0000,-0.6902,0.0190,175.0770,0.0000,0.0000,0.0000,-0.7769,0.0830,179.0440,0.007,2243,0.0000,0.0000,0.0760,0,0,0.379
49.907,0,0,0,-0.6167,0.0000,-0.6902,0.0190,175.0857,0.0000,0.0000,0.0000,-0.5938,-0.0224,170.9599,0.036,2246,0.0000,0.0000,0.0760,0,0,0.377
50.004,0,0,0,-0.6167,0.0000,-0.6893,0.0183,175.0429,0.0000,0.0000,0.0000,-0.7769,0.0830,179.0412,0.006,2252,0.0000,0.0000,0.0749,0,0,0.378
50.104,0,0,0,-0.6167,0.0000,-0.6902,0.0190,175.0823,0.0000,0.0000,0.0000,-0.7769,0.0830,179.0424,0.033,2255,0.0000,0.0000,0.0760,0,0,0.400
50.203,0,0,0,-0.6167,0.0000,-0.6893,0.0183,175.0421,0.0000,0.0000,0.0000,-0.7769,0.0830,179.0421,0.002,2261,0.0000,0.0000,0.0749,0,0,0.374
50.303,0,0,0,-0.6167,0.0000,-0.6902,0.0190,175.0856,0.0000,0.0000,0.0000,-0.7769,0.0830,179.0426,0.038,2264,0.0000,0.0000,0.0760,0,0,0.374
50.403,0,0,0,-0.6167,0.0000,-0.6904,0.0188,175.0824,0.0000,0.0000,0.0000,-0.7001,-0.0038,172.8636,0.005,2268,0.0000,0.0000,0.0760,0,0,0.374
50.509,0,0,0,-0.6167,0.0000,-0.6913,0.0195,175.1194,0.0000,0.0000,0.0000,-0.5938,-0.0224,170.9588,0.006,2273,0.0000,0.0000,0.0771,0,0,0.376
50.603,0,0,0,-0.6167,0.0000,-0.6903,0.0188,175.0772,0.0000,0.0000,0.0000,-0.5938,-0.0224,170.9576,0.006,2278,0.0000,0.0000,0.0760,0,0,0.379
50.704,0,0,0,-0.6167,0.0000,-0.6902,0.0190,175.0881,0.0000,0.0000,0.0000,-0.5938,-0.0224,170.9580,0.034,2282,0.0000,0.0000,0.0760,0,0,0.382
50.803,0,0,0,-0.6167,0.0000,-0.6913,0.0194,175.1133,0.0000,0.0000,0.0000,-0.7769,0.0829,179.0440,0.007,2287,0.0000,0.0000,0.0771,0,0,0.380
50.901,0,0,0,-0.6167,0.0000,-0.6902,0.0190,175.0863,0.0000,0.0000,0.0000,-0.7769,0.0829,179.0438,0.036,2291,0.0000,0.0000,0.0760,0,0,0.373
51.003,0,0,0,-0.6167,0.0000,-0.6903,0.0188,175.0775,0.0000,0.0000,0.0000,-0.5938,-0.0224,170.9585,0.002,2297,0.0000,0.0000,0.0760,0,0,0.367
51.102,0,0,0,-0.6167,0.0000,-0.6902,0.0190,175.0879,0.0000,0.0000,0.0000,-0.5938,-0.0224,170.9592,0.031,2300,0.0000,0.0000,0.0760,0,0,0.373
51.202,0,0,0,-0.6167,0.0000,-0.6903,0.0188,175.0771,0.0000,0.0000,0.0000,-0.7769,0.0829,179.0443,0.002,2306,0.0000,0.0000,0.0760,0,0,0.385
51.303,0,0,0,-0.6167,0.0000,-0.6902,0.0190,175.0861,0.0000,0.0000,0.0000,-0.7001,-0.0038,172.8650,0.003,2310,0.0000,0.0000,0.0760,0,0,0.379
51.401,0,0,0,-0.6167,0.0000,-0.6903,0.0188,175.0776,0.0000,0.0000,0.0000,-0.7769,0.0830,179.0425,0.003,2314,0.0000,0.0000,0.0760,0,0,0.364
51.502,0,0,0,-0.6167,0.0000,-0.6902,0.0190,175.0845,0.0000,0.0000,0.0000,-0.7001,-0.0038,172.8650,0.003,2319,0.0000,0.0000,0.0760,0,0,0.376
51.604,0,0,0,-0.6167,0.0000,-0.6902,0.0190,175.0951,0.0000,0.0000,0.0000,-0.5938,-0.0224,170.9577,0.008,2322,0.0000,0.0000,0.0760,0,0,0.387
51.703,0,0,0,-0.6167,0.0000,-0.6902,0.0190,175.0854,0.0000,0.0000,0.0000,-0.7769,0.0830,179.0424,0.024,2327,0.0000,0.0000,0.0760,0,0,0.380
51.803,0,0,0,-0.6167,0.0000,-0.6904,0.0188,175.0759,0.0000,0.0000,0.0000,-0.5938,-0.0224,170.9583,0.007,2332,0.0000,0.0000,0.0760,0,0,0.381
51.903,0,0,0,-0.6167,0.0000,-0.6902,0.0190,175.0819,0.0000,0.0000,0.0000,-0.5938,-0.0224,170.9576,0.024,2336,0.0000,0.0000,0.0760,0,0,0.391
52.004,0,0,0,-0.6167,0.0000,-0.6904,0.0188,175.0739,0.0000,0.0000,0.0000,-0.7001,-0.0038,172.8634,0.030,2340,0.0000,0.0000,0.0760,0,0,0.386
52.101,0,0,0,-0.6167,0.0000,-0.6902,0.0190,175.0834,0.0000,0.0000,0.0000,-0.7001,-0.0038,172.8649,0.002,2346,0.0000,0.0000,0.0760,0,0,0.383
52.204,0,0,0,-0.6167,0.0000,-0.6903,0.0188,175.0727,0.0000,0.0000,0.0000,-0.7769,0.0830,179.0434,0.010,2350,0.0000,0.0000,0.0760,0,0,0.389
52.302,0,0,0,-0.6167,0.0000,-0.6902,0.0190,175.0821,0.0000,0.0000,0.0000,-0.7769,0.0830,179.0438,0.034,2354,0.0000,0.0000,0.0760,0,0,0.362
52.402,0,0,0,-0.6167,0.0000,-0.6903,0.0188,175.0719,0.0000,0.0000,0.0000,-0.7769,0.0830,179.0411,0.008,2359,0.0000,0.0000,0.0760,0,0,0.359
52.504,0,0,0,-0.6167,0.0000,-0.6902,0.0190,175.0823,0.0000,0.0000,0.0000,-0.7769,0.0830,179.0420,0.040,2363,0.0000,0.0000,0.0760,0,0,0.378
52.604,0,0,0,-0.6167,0.0000,-0.6903,0.0188,175.0747,0.0000,0.0000,0.0000,-0.7769,0.0830,179.0418,0.003,2368,0.0000,0.0000,0.0760,0,0,0.389
52.705,0,0,0,-0.6167,0.0000,-0.6902,0.0190,175.0841,0.0000,0.0000,0.0000,-0.5938,-0.0224,170.9589,0.039,2372,0.0000,0.0000,0.0760,0,0,0.377
52.803,0,0,0,-0.6167,0.0000,-0.6902,0.0190,175.0768,0.0000,0.0000,0.0000,-0.5938,-0.0224,170.9590,0.008,2378,0.0000,0.0000,0.0760,0,0,0.376
52.905,0,0,0,-0.6167,0.0000,-0.6902,0.0190,175.0828,0.0000,0.0000,0.0000,-0.5938,-0.0224,170.9585,0.039,2381,0.0000,0.0000,0.0760,0,0,0.370
53.002,0,0,0,-0.6167,0.0000,-0.6902,0.0190,175.0898,0.0000,0.0000,0.0000,-0.7769,0.0830,179.0438,0.003,2386,0.0000,0.0000,0.0760,0,0,0.376
53.106,0,0,0,-0.6167,0.0000,-0.6902,0.0190,175.0820,0.0000,0.0000,0.0000,-0.7769,0.0830,179.0437,0.041,2390,0.0000,0.0000,0.0760,0,0,0.377
53.203,0,0,0,-0.6167,0.0000,-0.6902,0.0190,175.0891,0.0000,0.0000,0.0000,-0.7001,-0.0038,172.8634,0.007,2394,0.0000,0.0000,0.0759,0,0,0.375
53.302,0,0,0,-0.6167,0.0000,-0.6912,0.0195,175.1141,0.0000,0.0000,0.0000,-0.5938,-0.0224,170.9578,0.008,2399,0.0000,0.0000,0.0771,0,0,0.379
53.404,0,0,0,-0.6167,0.0000,-0.6912,0.0194,175.1053,0.0000,0.0000,0.0000,-0.7769,0.0830,179.0424,0.011,2404,0.0000,0.0000,0.0770,0,0,0.384
53.506,0,0,0,-0.6167,0.0000,-0.6902,0.0190,175.0840,0.0000,0.0000,0.0000,-0.5938,-0.0224,170.9577,0.035,2408,0.0000,0.0000,0.0759,0,0,0.375
53.601,0,0,0,-0.6167,0.0000,-0.6903,0.0188,175.0717,0.0000,0.0000,0.0000,-0.5938,-0.0224,170.9585,0.008,2413,0.0000,0.0000,0.0760,0,0,0.383
53.703,0,0,0,-0.6167,0.0000,-0.6902,0.0190,175.0833,0.0000,0.0000,0.0000,-0.5938,-0.0224,170.9584,0.037,2417,0.0000,0.0000,0.0759,0,0,0.377
53.801,0,0,0,-0.6167,0.0000,-0.6903,0.0188,175.0716,0.0000,0.0000,0.0000,-0.5938,-0.0224,170.9579,0.006,2423,0.0000,0.0000,0.0760,0,0,0.366
53.903,0,0,0,-0.6167,0.0000,-0.6902,0.0190,175.0804,0.0000,0.0000,0.0000,-0.7001,-0.0038,172.8652,0.002,2427,0.0000,0.0000,0.0759,0,0,0.366
54.001,0,0,0,-0.6167,0.0000,-0.6903,0.0188,175.0705,0.0000,0.0000,0.0000,-0.5938,-0.0224,170.9582,0.002,2432,0.0000,0.0000,0.0760,0,0,0.372
54.109,0,0,0,-0.6167,0.0000,-0.6902,0.0190,175.0815,0.0000,0.0000,0.0000,-0.7000,-0.0038,172.8637,0.006,2436,0.0000,0.0000,0.0759,0,0,0.391
54.202,0,0,0,-0.6167,0.0000,-0.6903,0.0188,175.0684,0.0000,0.0000,0.0000,-0.5938,-0.0224,170.9585,0.014,2440,0.0000,0.0000,0.0760,0,0,0.389
54.303,0,0,0,-0.6167,0.0000,-0.6902,0.0190,175.0813,0.0000,0.0000,0.0000,-0.7769,0.0830,179.0435,0.035,2444,0.0000,0.0000,0.0759,0,0,0.369
54.403,0,0,0,-0.6167,0.0000,-0.6902,0.0190,175.0873,0.0000,0.0000,0.0000,-0.5938,-0.0224,170.9575,0.013,2448,0.0000,0.0000,0.0759,0,0,0.382
54.503,0,0,0,-0.6167,0.0000,-0.6893,0.0183,175.0473,0.0000,0.0000,0.0000,-0.7769,0.0830,179.0444,0.004,2453,0.0000,0.0000,0.0749,0,0,0.384
54.603,0,0,0,-0.6167,0.0000,-0.6893,0.0183,175.0410,0.0000,0.0000,0.0000,-0.5938,-0.0224,170.9572,0.007,2458,0.0000,0.0000,0.0749,0,0,0.385
54.702,0,0,0,-0.6167,0.0000,-0.6902,0.0190,175.0761,0.0000,0.0000,0.0000,-0.5938,-0.0224,170.9579,0.026,2462,0.0000,0.0000,0.0760,0,0,0.389
54.803,0,0,0,-0.6167,0.0000,-0.6912,0.0195,175.1019,0.0000,0.0000,0.0000,-0.7769,0.0830,179.0443,0.015,2467,0.0000,0.0000,0.0771,0,0,0.379
54.902,0,0,0,-0.6167,0.0000,-0.6902,0.0190,175.0753,0.0000,0.0000,0.0000,-0.7000,-0.0038,172.8652,0.002,2472,0.0000,0.0000,0.0759,0,0,0.377
55.003,0,0,0,-0.6167,0.0000,-0.6903,0.0188,175.0640,0.0000,0.0000,0.0000,-0.7769,0.0830,179.0438,0.002,2477,0.0000,0.0000,0.0760,0,0,0.378
55.103,0,0,0,-0.6167,0.0000,-0.6902,0.0190,175.0728,0.0000,0.0000,0.0000,-0.5938,-0.0224,170.9582,0.037,2480,0.0000,0.0000,0.0759,0,0,0.380
55.204,0,0,0,-0.6167,0.0000,-0.6902,0.0190,175.0682,0.0000,0.0000,0.0000,-0.7769,0.0830,179.0431,0.006,2486,0.0000,0.0000,0.0760,0,0,0.381
55.302,0,0,0,-0.6167,0.0000,-0.6902,0.0190,175.0727,0.0000,0.0000,0.0000,-0.7769,0.0830,179.0436,0.036,2489,0.0000,0.0000,0.0760,0,0,0.365
55.406,0,0,0,-0.6167,0.0000,-0.6912,0.0195,175.1002,0.0000,0.0000,0.0000,-0.5938,-0.0224,170.9579,0.004,2495,0.0000,0.0000,0.0771,0,0,0.374
55.503,0,0,0,-0.6167,0.0000,-0.6902,0.0190,175.0773,0.0000,0.0000,0.0000,-0.7769,0.0830,179.0423,0.030,2498,0.0000,0.0000,0.0760,0,0,0.374
55.603,0,0,0,-0.6167,0.0000,-0.6893,0.0183,175.0340,0.0000,0.0000,0.0000,-0.5938,-0.0224,170.9588,0.007,2503,0.0000,0.0000,0.0749,0,0,0.375
55.702,0,0,0,-0.6167,0.0000,-0.6902,0.0190,175.0735,0.0000,0.0000,0.0000,-0.7000,-0.0038,172.8642,0.026,2507,0.0000,0.0000,0.0760,0,0,0.377
55.802,0,0,0,-0.6167,0.0000,-0.6893,0.0184,175.0318,0.0000,0.0000,0.0000,-0.5938,-0.0224,170.9576,0.010,2512,0.0000,0.0000,0.0749,0,0,0.390
55.901,0,0,0,-0.6167,0.0000,-0.6902,0.0190,175.0714,0.0000,0.0000,0.0000,-0.5938,-0.0224,170.9580,0.025,2516,0.0000,0.0000,0.0760,0,0,0.384
56.002,0,0,0,-0.6167,0.0000,-0.6903,0.0188,175.0629,0.0000,0.0000,0.0000,-0.7000,-0.0038,172.8643,0.016,2520,0.0000,0.0000,0.0760,0,0,0.370
56.106,0,0,0,-0.6167,0.0000,-0.6902,0.0190,175.0729,0.0000,0.0000,0.0000,-0.5938,-0.0224,170.9584,0.019,2525,0.0000,0.0000,0.0760,0,0,0.389
56.202,0,0,0,-0.6167,0.0000,-0.6903,0.0188,175.0602,0.0000,0.0000,0.0000,-0.5938,-0.0223,170.9558,0.006,2531,0.0000,0.0000,0.0760,0,0,0.392
56.305,0,0,0,-0.6167,0.0000,-0.6902,0.0190,175.0719,0.0000,0.0000,0.0000,-0.7000,-0.0038,172.8640,0.002,2535,0.0000,0.0000,0.0760,0,0,0.387
56.402,0,0,0,-0.6167,0.0000,-0.6903,0.0188,175.0619,0.0000,0.0000,0.0000,-0.5938,-0.0223,170.9561,0.002,2540,0.0000,0.0000,0.0760,0,0,0.377
56.503,0,0,0,-0.6167,0.0000,-0.6902,0.0190,175.0726,0.0000,0.0000,0.0000,-0.5938,-0.0223,170.9578,0.036,2543,0.0000,0.0000,0.0760,0,0,0.374
56.603,0,0,0,-0.6167,0.0000,-0.6893,0.0184,175.0315,0.0000,0.0000,0.0000,-0.7769,0.0830,179.0436,0.002,2549,0.0000,0.0000,0.0749,0,0,0.377
56.704,0,0,0,-0.6167,0.0000,-0.6902,0.0190,175.0752,0.0000,0.0000,0.0000,-0.5938,-0.0223,170.9572,0.034,2552,0.0000,0.0000,0.0760,0,0,0.397
56.803,0,0,0,-0.6167,0.0000,-0.6903,0.0188,175.0663,0.0000,0.0000,0.0000,-0.7769,0.0830,179.0437,0.003,2558,0.0000,0.0000,0.0760,0,0,0.384
56.902,0,0,0,-0.6167,0.0000,-0.6902,0.0190,175.0753,0.0000,0.0000,0.0000,-0.7000,-0.0037,172.8628,0.004,2562,0.0000,0.0000,0.0760,0,0,0.363
57.003,0,0,0,-0.6167,0.0000,-0.6903,0.0188,175.0660,0.0000,0.0000,0.0000,-0.5938,-0.0223,170.9579,0.006,2567,0.0000,0.0000,0.0760,0,0,0.379
57.101,0,0,0,-0.6167,0.0000,-0.6902,0.0190,175.0778,0.0000,0.0000,0.0000,-0.7769,0.0830,179.0451,0.026,2570,0.0000,0.0000,0.0760,0,0,0.374
57.202,0,0,0,-0.6167,0.0000,-0.6903,0.0188,175.0699,0.0000,0.0000,0.0000,-0.7000,-0.0037,172.8639,0.007,2574,0.0000,0.0000,0.0760,0,0,0.377
57.303,0,0,0,-0.6167,0.0000,-0.6893,0.0184,175.0409,0.0000,0.0000,0.0000,-0.5938,-0.0223,170.9564,0.018,2578,0.0000,0.0000,0.0749,0,0,0.369
57.406,0,0,0,-0.6167,0.0000,-0.6903,0.0188,175.0633,0.0000,0.0000,0.0000,-0.5938,-0.0223,170.9571,0.002,2584,0.0000,0.0000,0.0760,0,0,0.379
57.505,0,0,0,-0.6167,0.0000,-0.6902,0.0191,175.0742,0.0000,0.0000,0.0000,-0.7000,-0.0038,172.8651,0.007,2589,0.0000,0.0000,0.0760,0,0,0.376
57.602,0,0,0,-0.6167,0.0000,-0.6893,0.0184,175.0301,0.0000,0.0000,0.0000,-0.7769,0.0830,179.0439,0.006,2594,0.0000,0.0000,0.0749,0,0,0.364
57.704,0,0,0,-0.6167,0.0000,-0.6902,0.0191,175.0722,0.0000,0.0000,0.0000,-0.7769,0.0830,179.0424,0.036,2597,0.0000,0.0000,0.0760,0,0,0.392
57.802,0,0,0,-0.6167,0.0000,-0.6893,0.0184,175.0292,0.0000,0.0000,0.0000,-0.7769,0.0830,179.0446,0.006,2603,0.0000,0.0000,0.0749,0,0,0.391
57.901,0,0,0,-0.6167,0.0000,-0.6902,0.0191,175.0695,0.0000,0.0000,0.0000,-0.7000,-0.0037,172.8640,0.003,2607,0.0000,0.0000,0.0760,0,0,0.387
58.001,0,0,0,-0.6167,0.0000,-0.6903,0.0188,175.0624,0.0000,0.0000,0.0000,-0.7769,0.0830,179.0445,0.003,2611,0.0000,0.0000,0.0761,0,0,0.384
58.101,0,0,0,-0.6167,0.0000,-0.6902,0.0191,175.0732,0.0000,0.0000,0.0000,-0.5938,-0.0223,170.9578,0.035,2615,0.0000,0.0000,0.0760,0,0,0.394
58.201,0,0,0,-0.6167,0.0000,-0.6903,0.0188,175.0632,0.0000,0.0000,0.0000,-0.7769,0.0830,179.0433,0.003,2621,0.0000,0.0000,0.0760,0,0,0.383
58.304,0,0,0,-0.6167,0.0000,-0.6902,0.0191,175.0739,0.0000,0.0000,0.0000,-0.5938,-0.0223,170.9577,0.035,2624,0.0000,0.0000,0.0760,0,0,0.375
58.404,0,0,0,-0.6167,0.0000,-0.6902,0.0191,175.0664,0.0000,0.0000,0.0000,-0.5938,-0.0223,170.9566,0.002,2629,0.0000,0.0000,0.0760,0,0,0.365
58.502,0,0,0,-0.6167,0.0000,-0.6902,0.0191,175.0735,0.0000,0.0000,0.0000,-0.7769,0.0830,179.0463,0.017,2633,0.0000,0.0000,0.0760,0,0,0.383
58.601,0,0,0,-0.6167,0.0000,-0.6904,0.0188,175.0626,0.0000,0.0000,0.0000,-0.5938,-0.0223,170.9554,0.011,2638,0.0000,0.0000,0.0761,0,0,0.370
58.703,0,0,0,-0.6167,0.0000,-0.6903,0.0191,175.0746,0.0000,0.0000,0.0000,-0.5938,-0.0223,170.9565,0.026,2642,0.0000,0.0000,0.0760,0,0,0.382
58.801,0,0,0,-0.6167,0.0000,-0.6913,0.0195,175.0992,0.0000,0.0000,0.0000,-0.7769,0.0830,179.0452,0.009,2647,0.0000,0.0000,0.0771,0,0,0.377
58.903,0,0,0,-0.6167,0.0000,-0.6902,0.0191,175.0737,0.0000,0.0000,0.0000,-0.5938,-0.0223,170.9566,0.018,2651,0.0000,0.0000,0.0760,0,0,0.380
59.003,0,0,0,-0.6167,0.0000,-0.6902,0.0191,175.0658,0.0000,0.0000,0.0000,-0.5938,-0.0223,170.9581,0.007,2657,0.0000,0.0000,0.0760,0,0,0.373
59.102,0,0,0,-0.6167,0.0000,-0.6902,0.0191,175.0712,0.0000,0.0000,0.0000,-0.7000,-0.0038,172.8650,0.004,2661,0.0000,0.0000,0.0760,0,0,0.380
59.202,0,0,0,-0.6167,0.0000,-0.6893,0.0184,175.0332,0.0000,0.0000,0.0000,-0.7769,0.0830,179.0433,0.006,2666,0.0000,0.0000,0.0749,0,0,0.378
59.307,0,0,0,-0.6167,0.0000,-0.6902,0.0191,175.0735,0.0000,0.0000,0.0000,-0.7769,0.0830,179.0449,0.040,2669,0.0000,0.0000,0.0760,0,0,0.398
59.403,0,0,0,-0.6167,0.0000,-0.6903,0.0188,175.0641,0.0000,0.0000,0.0000,-0.7769,0.0830,179.0439,0.010,2674,0.0000,0.0000,0.0760,0,0,0.364
59.503,0,0,0,-0.6167,0.0000,-0.6902,0.0191,175.0760,0.0000,0.0000,0.0000,-0.5938,-0.0223,170.9568,0.033,2678,0.0000,0.0000,0.0760,0,0,0.381
59.602,0,0,0,-0.6167,0.0000,-0.6903,0.0188,175.0640,0.0000,0.0000,0.0000,-0.5938,-0.0223,170.9567,0.008,2683,0.0000,0.0000,0.0760,0,0,0.401
59.701,0,0,0,-0.6167,0.0000,-0.6902,0.0191,175.0753,0.0000,0.0000,0.0000,-0.5938,-0.0223,170.9550,0.036,2687,0.0000,0.0000,0.0760,0,0,0.372
59.805,0,0,0,-0.6167,0.0000,-0.6893,0.0184,175.0342,0.0000,0.0000,0.0000,-0.5938,-0.0223,170.9584,0.010,2692,0.0000,0.0000,0.0749,0,0,0.375
59.902,0,0,0,-0.6167,0.0000,-0.6902,0.0191,175.0746,0.0000,0.0000,0.0000,-0.7769,0.0830,179.0432,0.034,2696,0.0000,0.0000,0.0760,0,0,0.373
60.002,0,0,0,-0.6167,0.0000,-0.6902,0.0191,175.0793,0.0000,0.0000,0.0000,-0.7000,-0.0038,172.8659,0.002,2700,0.0000,0.0000,0.0760,0,0,0.381
60.102,0,0,0,-0.6167,0.0000,-0.6902,0.0191,175.0703,0.0000,0.0000,0.0000,-0.5938,-0.0223,170.9570,0.007,2705,0.0000,0.0000,0.0760,0,0,0.382
60.207,0,0,0,-0.6167,0.0000,-0.6912,0.0195,175.0939,0.0000,0.0000,0.0000,-0.5938,-0.0223,170.9550,0.009,2711,0.0000,0.0000,0.0771,0,0,0.374
60.302,0,0,0,-0.6167,0.0000,-0.6902,0.0191,175.0703,0.0000,0.0000,0.0000,-0.7769,0.0830,179.0448,0.036,2714,0.0000,0.0000,0.0760,0,0,0.365
60.403,0,0,0,-0.6167,0.0000,-0.6903,0.0188,175.0567,0.0000,0.0000,0.0000,-0.5938,-0.0223,170.9563,0.006,2720,0.0000,0.0000,0.0760,0,0,0.380
60.503,0,0,0,-0.6167,0.0000,-0.6902,0.0191,175.0681,0.0000,0.0000,0.0000,-0.5938,-0.0223,170.9562,0.037,2723,0.0000,0.0000,0.0759,0,0,0.394
60.601,0,0,0,-0.6167,0.0000,-0.6902,0.0191,175.0605,0.0000,0.0000,0.0000,-0.7769,0.0830,179.0453,0.006,2729,0.0000,0.0000,0.0760,0,0,0.371
60.704,0,0,0,-0.6167,0.0000,-0.6902,0.0191,175.0668,0.0000,0.0000,0.0000,-0.7770,0.0830,179.0416,0.037,2732,0.0000,0.0000,0.0760,0,0,0.380
60.802,0,0,0,-0.6167,0.0000,-0.6902,0.0191,175.0571,0.0000,0.0000,0.0000,-0.7769,0.0830,179.0450,0.008,2738,0.0000,0.0000,0.0760,0,0,0.370
60.902,0,0,0,-0.6167,0.0000,-0.6902,0.0191,175.0648,0.0000,0.0000,0.0000,-0.5938,-0.0223,170.9554,0.040,2741,0.0000,0.0000,0.0760,0,0,0.368
61.003,0,0,0,-0.6167,0.0000,-0.6902,0.0191,175.0604,0.0000,0.0000,0.0000,-0.5938,-0.0223,170.9576,0.008,2747,0.0000,0.0000,0.0760,0,0,0.381
61.103,0,0,0,-0.6167,0.0000,-0.6902,0.0191,175.0697,0.0000,0.0000,0.0000,-0.5938,-0.0223,170.9562,0.032,2750,0.0000,0.0000,0.0760,0,0,0.365
61.204,0,0,0,-0.6167,0.0000,-0.6892,0.0186,175.0448,0.0000,0.0000,0.0000,-0.7000,-0.0037,172.8633,0.002,2755,0.0000,0.0000,0.0748,0,0,0.382
61.301,0,0,0,-0.6167,0.0000,-0.6893,0.0184,175.0330,0.0000,0.0000,0.0000,-0.7769,0.0830,179.0445,0.010,2759,0.0000,0.0000,0.0749,0,0,0.371
61.403,0,0,0,-0.6167,0.0000,-0.6903,0.0188,175.0584,0.0000,0.0000,0.0000,-0.5938,-0.0223,170.9553,0.008,2764,0.0000,0.0000,0.0760,0,0,0.386
61.501,0,0,0,-0.6167,0.0000,-0.6902,0.0191,175.0684,0.0000,0.0000,0.0000,-0.5938,-0.0223,170.9552,0.026,2768,0.0000,0.0000,0.0760,0,0,0.382
61.602,0,0,0,-0.6167,0.0000,-0.6903,0.0188,175.0564,0.0000,0.0000,0.0000,-0.7769,0.0830,179.0453,0.011,2773,0.0000,0.0000,0.0760,0,0,0.389
61.703,0,0,0,-0.6167,0.0000,-0.6902,0.0191,175.0669,0.0000,0.0000,0.0000,-0.7000,-0.0037,172.8651,0.002,2778,0.0000,0.0000,0.0760,0,0,0.375
61.804,0,0,0,-0.6167,0.0000,-0.6902,0.0191,175.0572,0.0000,0.0000,0.0000,-0.7769,0.0830,179.0440,0.012,2783,0.0000,0.0000,0.0760,0,0,0.374
61.905,0,0,0,-0.6167,0.0000,-0.6902,0.0191,175.0661,0.0000,0.0000,0.0000,-0.7769,0.0830,179.0445,0.039,2786,0.0000,0.0000,0.0760,0,0,0.374
62.002,0,0,0,-0.6167,0.0000,-0.6902,0.0191,175.0602,0.0000,0.0000,0.0000,-0.5938,-0.0222,170.9546,0.007,2792,0.0000,0.0000,0.0760,0,0,0.383
62.103,0,0,0,-0.6167,0.0000,-0.6903,0.0188,175.0535,0.0000,0.0000,0.0000,-0.7000,-0.0037,172.8650,0.006,2796,0.0000,0.0000,0.0760,0,0,0.362
62.203,0,0,0,-0.6167,0.0000,-0.6902,0.0191,175.0623,0.0000,0.0000,0.0000,-0.7770,0.0831,179.0417,0.009,2801,0.0000,0.0000,0.0760,0,0,0.383
62.306,0,0,0,-0.6167,0.0000,-0.6902,0.0191,175.0713,0.0000,0.0000,0.0000,-0.7000,-0.0037,172.8645,0.007,2805,0.0000,0.0000,0.0760,0,0,0.381
62.402,0,0,0,-0.6167,0.0000,-0.6893,0.0184,175.0287,0.0000,0.0000,0.0000,-0.7769,0.0830,179.0437,0.006,2810,0.0000,0.0000,0.0749,0,0,0.378
62.504,0,0,0,-0.6167,0.0000,-0.6902,0.0191,175.0714,0.0000,0.0000,0.0000,-0.7000,-0.0037,172.8651,0.025,2813,0.0000,0.0000,0.0760,0,0,0.379
62.604,0,0,0,-0.6167,0.0000,-0.6912,0.0195,175.0947,0.0000,0.0000,0.0000,-0.7769,0.0830,179.0451,0.008,2818,0.0000,0.0000,0.0771,0,0,0.394
62.702,0,0,0,-0.6167,0.0000,-0.6902,0.0191,175.0707,0.0000,0.0000,0.0000,-0.5937,-0.0222,170.9556,0.028,2822,0.0000,0.0000,0.0760,0,0,0.382
62.803,0,0,0,-0.6167,0.0000,-0.6903,0.0188,175.0659,0.0000,0.0000,0.0000,-0.7000,-0.0037,172.8649,0.035,2826,0.0000,0.0000,0.0760,0,0,0.390
62.906,0,0,0,-0.6167,0.0000,-0.6902,0.0191,175.0762,0.0000,0.0000,0.0000,-0.5938,-0.0222,170.9543,0.011,2831,0.0000,0.0000,0.0759,0,0,0.382
63.003,0,0,0,-0.6167,0.0000,-0.6902,0.0191,175.0658,0.0000,0.0000,0.0000,-0.5938,-0.0222,170.9544,0.008,2837,0.0000,0.0000,0.0759,0,0,0.363
63.101,0,0,0,-0.6167,0.0000,-0.6902,0.0191,175.0732,0.0000,0.0000,0.0000,-0.5937,-0.0222,170.9548,0.035,2840,0.0000,0.0000,0.0759,0,0,0.372
63.204,0,0,0,-0.6167,0.0000,-0.6902,0.0191,175.0663,0.0000,0.0000,0.0000,-0.5937,-0.0222,170.9552,0.006,2846,0.0000,0.0000,0.0759,0,0,0.373
63.303,0,0,0,-0.6167,0.0000,-0.6902,0.0191,175.0728,0.0000,0.0000,0.0000,-0.7000,-0.0038,172.8664,0.002,2850,0.0000,0.0000,0.0759,0,0,0.379
63.402,0,0,0,-0.6167,0.0000,-0.6902,0.0191,175.0650,0.0000,0.0000,0.0000,-0.5937,-0.0222,170.9550,0.007,2855,0.0000,0.0000,0.0759,0,0,0.383
63.505,0,0,0,-0.6167,0.0000,-0.6902,0.0191,175.0715,0.0000,0.0000,0.0000,-0.7000,-0.0037,172.8639,0.003,2859,0.0000,0.0000,0.0759,0,0,0.369
63.604,0,0,0,-0.6167,0.0000,-0.6902,0.0191,175.0648,0.0000,0.0000,0.0000,-0.7770,0.0830,179.0453,0.006,2864,0.0000,0.0000,0.0759,0,0,0.377
63.703,0,0,0,-0.6167,0.0000,-0.6902,0.0191,175.0717,0.0000,0.0000,0.0000,-0.7000,-0.0037,172.8643,0.002,2868,0.0000,0.0000,0.0759,0,0,0.391
63.803,0,0,0,-0.6167,0.0000,-0.6902,0.0191,175.0632,0.0000,0.0000,0.0000,-0.5938,-0.0222,170.9545,0.008,2873,0.0000,0.0000,0.0759,0,0,0.370
63.902,0,0,0,-0.6167,0.0000,-0.6902,0.0191,175.0707,0.0000,0.0000,0.0000,-0.5937,-0.0222,170.9561,0.035,2876,0.0000,0.0000,0.0759,0,0,0.386
64.004,0,0,0,-0.6167,0.0000,-0.6902,0.0191,175.0823,0.0000,0.0000,0.0000,-0.7770,0.0830,179.0456,0.061,2879,0.0000,0.0000,0.0759,0,0,0.376
64.102,0,0,0,-0.6167,0.0000,-0.6902,0.0191,175.0734,0.0000,0.0000,0.0000,-0.5937,-0.0222,170.9544,0.011,2885,0.0000,0.0000,0.0759,0,0,0.385
64.203,0,0,0,-0.6167,0.0000,-0.6903,0.0188,175.0655,0.0000,0.0000,0.0000,-0.7000,-0.0037,172.8641,0.031,2889,0.0000,0.0000,0.0760,0,0,0.383
64.305,0,0,0,-0.6167,0.0000,-0.6902,0.0191,175.0741,0.0000,0.0000,0.0000,-0.5937,-0.0222,170.9549,0.030,2894,0.0000,0.0000,0.0759,0,0,0.375
64.403,0,0,0,-0.6167,0.0000,-0.6902,0.0191,175.0659,0.0000,0.0000,0.0000,-0.5937,-0.0222,170.9539,0.002,2900,0.0000,0.0000,0.0759,0,0,0.362
64.505,0,0,0,-0.6167,0.0000,-0.6902,0.0191,175.0742,0.0000,0.0000,0.0000,-0.7769,0.0829,179.0479,0.043,2903,0.0000,0.0000,0.0759,0,0,0.371
64.601,0,0,0,-0.6167,0.0000,-0.6903,0.0188,175.0625,0.0000,0.0000,0.0000,-0.7769,0.0830,179.0462,0.003,2909,0.0000,0.0000,0.0760,0,0,0.385
64.704,0,0,0,-0.6167,0.0000,-0.6902,0.0191,175.0738,0.0000,0.0000,0.0000,-0.7000,-0.0038,172.8660,0.002,2913,0.0000,0.0000,0.0760,0,0,0.374
64.804,0,0,0,-0.6167,0.0000,-0.6902,0.0191,175.0660,0.0000,0.0000,0.0000,-0.7770,0.0830,179.0448,0.011,2918,0.0000,0.0000,0.0760,0,0,0.379
64.906,0,0,0,-0.6167,0.0000,-0.6902,0.0191,175.0754,0.0000,0.0000,0.0000,-0.7000,-0.0038,172.8660,0.003,2922,0.0000,0.0000,0.0760,0,0,0.381
65.004,0,0,0,-0.6167,0.0000,-0.6902,0.0191,175.0667,0.0000,0.0000,0.0000,-0.5937,-0.0222,170.9538,0.007,2927,0.0000,0.0000,0.0760,0,0,0.388
65.104,0,0,0,-0.6167,0.0000,-0.6902,0.0191,175.0739,0.0000,0.0000,0.0000,-0.7000,-0.0037,172.8647,0.003,2931,0.0000,0.0000,0.0760,0,0,0.371
65.202,0,0,0,-0.6167,0.0000,-0.6891,0.0186,175.0480,0.0000,0.0000,0.0000,-0.7770,0.0830,179.0445,0.007,2935,0.0000,0.0000,0.0748,0,0,0.365
65.302,0,0,0,-0.6167,0.0000,-0.6902,0.0191,175.0743,0.0000,0.0000,0.0000,-0.7770,0.0830,179.0434,0.013,2939,0.0000,0.0000,0.0760,0,0,0.378
65.404,0,0,0,-0.6167,0.0000,-0.6893,0.0184,175.0336,0.0000,0.0000,0.0000,-0.5937,-0.0222,170.9548,0.008,2944,0.0000,0.0000,0.0749,0,0,0.383
65.502,0,0,0,-0.6167,0.0000,-0.6902,0.0191,175.0715,0.0000,0.0000,0.0000,-0.7000,-0.0038,172.8657,0.002,2949,0.0000,0.0000,0.0760,0,0,0.386
65.606,0,0,0,-0.6167,0.0000,-0.6903,0.0189,175.0643,0.0000,0.0000,0.0000,-0.7000,-0.0038,172.8659,0.032,2952,0.0000,0.0000,0.0760,0,0,0.386
65.702,0,0,0,-0.6167,0.0000,-0.6902,0.0191,175.0716,0.0000,0.0000,0.0000,-0.5938,-0.0222,170.9525,0.029,2957,0.0000,0.0000,0.0760,0,0,0.390
65.802,0,0,0,-0.6167,0.0000,-0.6902,0.0191,175.0648,0.0000,0.0000,0.0000,-0.5938,-0.0222,170.9524,0.002,2963,0.0000,0.0000,0.0760,0,0,0.380
65.902,0,0,0,-0.6167,0.0000,-0.6902,0.0191,175.0737,0.0000,0.0000,0.0000,-0.7000,-0.0038,172.8662,0.003,2967,0.0000,0.0000,0.0760,0,0,0.390
66.002,0,0,0,-0.6167,0.0000,-0.6902,0.0191,175.0676,0.0000,0.0000,0.0000,-0.5938,-0.0222,170.9537,0.007,2972,0.0000,0.0000,0.0760,0,0,0.378
66.107,0,0,0,-0.6167,0.0000,-0.6902,0.0191,175.0766,0.0000,0.0000,0.0000,-0.5937,-0.0222,170.9540,0.040,2975,0.0000,0.0000,0.0760,0,0,0.381
66.203,0,0,0,-0.6167,0.0000,-0.6893,0.0184,175.0339,0.0000,0.0000,0.0000,-0.7770,0.0829,179.0469,0.006,2981,0.0000,0.0000,0.0749,0,0,0.375
66.302,0,0,0,-0.6167,0.0000,-0.6902,0.0191,175.0756,0.0000,0.0000,0.0000,-0.7000,-0.0037,172.8657,0.004,2985,0.0000,0.0000,0.0760,0,0,0.391
66.401,0,0,0,-0.6167,0.0000,-0.6903,0.0189,175.0694,0.0000,0.0000,0.0000,-0.5937,-0.0222,170.9555,0.005,2990,0.0000,0.0000,0.0760,0,0,0.383
66.503,0,0,0,-0.6167,0.0000,-0.6902,0.0191,175.0802,0.0000,0.0000,0.0000,-0.5937,-0.0222,170.9548,0.036,2993,0.0000,0.0000,0.0760,0,0,0.374
66.603,0,0,0,-0.6167,0.0000,-0.6892,0.0187,175.0550,0.0000,0.0000,0.0000,-0.7770,0.0830,179.0444,0.007,2998,0.0000,0.0000,0.0749,0,0,0.382
66.704,0,0,0,-0.6167,0.0000,-0.6902,0.0191,175.0792,0.0000,0.0000,0.0000,-0.7770,0.0830,179.0448,0.036,3002,0.0000,0.0000,0.0760,0,0,0.384
66.802,0,0,0,-0.6167,0.0000,-0.6903,0.0189,175.0734,0.0000,0.0000,0.0000,-0.7000,-0.0038,172.8661,0.005,3006,0.0000,0.0000,0.0760,0,0,0.379
66.901,0,0,0,-0.6167,0.0000,-0.6902,0.0191,175.0821,0.0000,0.0000,0.0000,-0.5937,-0.0222,170.9551,0.016,3011,0.0000,0.0000,0.0760,0,0,0.364
67.004,0,0,0,-0.6167,0.0000,-0.6912,0.0195,175.1069,0.0000,0.0000,0.0000,-0.7770,0.0830,179.0451,0.015,3016,0.0000,0.0000,0.0771,0,0,0.394
67.104,0,0,0,-0.6167,0.0000,-0.6902,0.0191,175.0840,0.0000,0.0000,0.0000,-0.7000,-0.0037,172.8651,0.004,3021,0.0000,0.0000,0.0760,0,0,0.359
67.202,0,0,0,-0.6167,0.0000,-0.6893,0.0184,175.0407,0.0000,0.0000,0.0000,-0.7770,0.0830,179.0442,0.007,3026,0.0000,0.0000,0.0749,0,0,0.384
67.303,0,0,0,-0.6167,0.0000,-0.6902,0.0191,175.0822,0.0000,0.0000,0.0000,-0.7000,-0.0037,172.8653,0.004,3030,0.0000,0.0000,0.0760,0,0,0.371
67.401,0,0,0,-0.6167,0.0000,-0.6902,0.0191,175.0754,0.0000,0.0000,0.0000,-0.5937,-0.0222,170.9543,0.008,3035,0.0000,0.0000,0.0760,0,0,0.372
67.501,0,0,0,-0.6167,0.0000,-0.6902,0.0191,175.0826,0.0000,0.0000,0.0000,-0.7000,-0.0038,172.8665,0.003,3039,0.0000,0.0000,0.0760,0,0,0.383
67.602,0,0,0,-0.6167,0.0000,-0.6902,0.0191,175.0756,0.0000,0.0000,0.0000,-0.7770,0.0830,179.0449,0.008,3044,0.0000,0.0000,0.0760,0,0,0.378
67.703,0,0,0,-0.6167,0.0000,-0.6902,0.0191,175.0841,0.0000,0.0000,0.0000,-0.7000,-0.0037,172.8653,0.002,3048,0.0000,0.0000,0.0760,0,0,0.378
67.803,0,0,0,-0.6167,0.0000,-0.6902,0.0191,175.0743,0.0000,0.0000,0.0000,-0.7770,0.0830,179.0440,0.006,3053,0.0000,0.0000,0.0760,0,0,0.376
67.902,0,0,0,-0.6167,0.0000,-0.6902,0.0191,175.0820,0.0000,0.0000,0.0000,-0.7770,0.0830,179.0440,0.032,3056,0.0000,0.0000,0.0760,0,0,0.374
68.004,0,0,0,-0.6167,0.0000,-0.6892,0.0187,175.0550,0.0000,0.0000,0.0000,-0.7000,-0.0038,172.8667,0.006,3061,0.0000,0.0000,0.0749,0,0,0.377
68.107,0,0,0,-0.6167,0.0000,-0.6913,0.0196,175.1127,0.0000,0.0000,0.0000,-0.5937,-0.0222,170.9529,0.005,3065,0.0000,0.0000,0.0771,0,0,0.388
68.204,0,0,0,-0.6167,0.0000,-0.6903,0.0189,175.0658,0.0000,0.0000,0.0000,-0.5938,-0.0222,170.9502,0.014,3070,0.0000,0.0000,0.0760,0,0,0.370
68.302,0,0,0,-0.6167,0.0000,-0.6902,0.0191,175.0774,0.0000,0.0000,0.0000,-0.5937,-0.0222,170.9520,0.026,3074,0.0000,0.0000,0.0760,0,0,0.379
68.401,0,0,0,-0.6167,0.0000,-0.6903,0.0189,175.0677,0.0000,0.0000,0.0000,-0.7770,0.0830,179.0435,0.013,3079,0.0000,0.0000,0.0760,0,0,0.386
68.502,0,0,0,-0.6167,0.0000,-0.6902,0.0191,175.0749,0.0000,0.0000,0.0000,-0.7000,-0.0037,172.8646,0.003,3084,0.0000,0.0000,0.0760,0,0,0.378
68.604,0,0,0,-0.6167,0.0000,-0.6902,0.0191,175.0702,0.0000,0.0000,0.0000,-0.7770,0.0830,179.0459,0.007,3089,0.0000,0.0000,0.0760,0,0,0.385
68.701,0,0,0,-0.6167,0.0000,-0.6902,0.0191,175.0741,0.0000,0.0000,0.0000,-0.7000,-0.0037,172.8646,0.002,3093,0.0000,0.0000,0.0760,0,0,0.372
68.804,0,0,0,-0.6167,0.0000,-0.6893,0.0184,175.0347,0.0000,0.0000,0.0000,-0.7770,0.0830,179.0450,0.006,3098,0.0000,0.0000,0.0749,0,0,0.371
68.903,0,0,0,-0.6167,0.0000,-0.6902,0.0191,175.0775,0.0000,0.0000,0.0000,-0.7000,-0.0038,172.8665,0.002,3102,0.0000,0.0000,0.0760,0,0,0.392
69.002,0,0,0,-0.6167,0.0000,-0.6893,0.0184,175.0344,0.0000,0.0000,0.0000,-0.7770,0.0830,179.0456,0.007,3107,0.0000,0.0000,0.0749,0,0,0.377
69.103,0,0,0,-0.6167,0.0000,-0.6902,0.0191,175.0743,0.0000,0.0000,0.0000,-0.7000,-0.0037,172.8655,0.002,3111,0.0000,0.0000,0.0760,0,0,0.381
69.202,0,0,0,-0.6167,0.0000,-0.6902,0.0191,175.0693,0.0000,0.0000,0.0000,-0.7770,0.0830,179.0438,0.006,3116,0.0000,0.0000,0.0760,0,0,0.364
69.302,0,0,0,-0.6167,0.0000,-0.6902,0.0191,175.0785,0.0000,0.0000,0.0000,-0.7000,-0.0037,172.8662,0.028,3119,0.0000,0.0000,0.0760,0,0,0.375
69.401,0,0,0,-0.6167,0.0000,-0.6902,0.0191,175.0719,0.0000,0.0000,0.0000,-0.7770,0.0830,179.0456,0.006,3125,0.0000,0.0000,0.0760,0,0,0.396
69.504,0,0,0,-0.6167,0.0000,-0.6902,0.0191,175.0791,0.0000,0.0000,0.0000,-0.5937,-0.0221,170.9528,0.030,3128,0.0000,0.0000,0.0760,0,0,0.361
69.603,0,0,0,-0.6167,0.0000,-0.6903,0.0189,175.0696,0.0000,0.0000,0.0000,-0.7000,-0.0037,172.8654,0.019,3132,0.0000,0.0000,0.0760,0,0,0.381
69.701,0,0,0,-0.6167,0.0000,-0.6902,0.0191,175.0741,0.0000,0.0000,0.0000,-0.7000,-0.0037,172.8662,0.002,3138,0.0000,0.0000,0.0760,0,0,0.384
69.802,0,0,0,-0.6167,0.0000,-0.6902,0.0191,175.0700,0.0000,0.0000,0.0000,-0.7770,0.0830,179.0451,0.006,3143,0.0000,0.0000,0.0760,0,0,0.379
69.903,0,0,0,-0.6167,0.0000,-0.6902,0.0191,175.0735,0.0000,0.0000,0.0000,-0.7770,0.0830,179.0444,0.039,3146,0.0000,0.0000,0.0760,0,0,0.384
70.001,0,0,0,-0.6167,0.0000,-0.6903,0.0189,175.0631,0.0000,0.0000,0.0000,-0.5937,-0.0221,170.9525,0.002,3152,0.0000,0.0000,0.0761,0,0,0.375
70.101,0,0,0,-0.6167,0.0000,-0.6902,0.0191,175.0704,0.0000,0.0000,0.0000,-0.7000,-0.0038,172.8665,0.003,3156,0.0000,0.0000,0.0760,0,0,0.373
70.202,0,0,0,-0.6167,0.0000,-0.6902,0.0191,175.0658,0.0000,0.0000,0.0000,-0.5937,-0.0221,170.9545,0.006,3161,0.0000,0.0000,0.0760,0,0,0.375
70.302,0,0,0,-0.6167,0.0000,-0.6902,0.0191,175.0706,0.0000,0.0000,0.0000,-0.7000,-0.0037,172.8649,0.005,3165,0.0000,0.0000,0.0760,0,0,0.363
70.403,0,0,0,-0.6167,0.0000,-0.6903,0.0189,175.0636,0.0000,0.0000,0.0000,-0.5937,-0.0221,170.9518,0.006,3170,0.0000,0.0000,0.0760,0,0,0.380
70.502,0,0,0,-0.6167,0.0000,-0.6902,0.0191,175.0739,0.0000,0.0000,0.0000,-0.5937,-0.0221,170.9514,0.038,3173,0.0000,0.0000,0.0760,0,0,0.371
70.604,0,0,0,-0.6167,0.0000,-0.6902,0.0191,175.0668,0.0000,0.0000,0.0000,-0.5937,-0.0221,170.9531,0.007,3179,0.0000,0.0000,0.0760,0,0,0.379
70.701,0,0,0,-0.6167,0.0000,-0.6902,0.0191,175.0746,0.0000,0.0000,0.0000,-0.5937,-0.0221,170.9528,0.041,3182,0.0000,0.0000,0.0760,0,0,0.381
70.803,0,0,0,-0.6167,0.0000,-0.6902,0.0191,175.0837,0.0000,0.0000,0.0000,-0.7000,-0.0037,172.8646,0.003,3186,0.0000,0.0000,0.0760,0,0,0.388
70.903,0,0,0,-0.6167,0.0000,-0.6902,0.0191,175.0731,0.0000,0.0000,0.0000,-0.7770,0.0830,179.0437,0.008,3191,0.0000,0.0000,0.0760,0,0,0.382
71.005,0,0,0,-0.6167,0.0000,-0.6903,0.0189,175.0636,0.0000,0.0000,0.0000,-0.7770,0.0829,179.0462,0.007,3196,0.0000,0.0000,0.0760,0,0,0.364
71.104,0,0,0,-0.6167,0.0000,-0.6902,0.0191,175.0694,0.0000,0.0000,0.0000,-0.5937,-0.0221,170.9519,0.011,3200,0.0000,0.0000,0.0760,0,0,0.384
71.201,0,0,0,-0.6167,0.0000,-0.6903,0.0189,175.0553,0.0000,0.0000,0.0000,-0.5937,-0.0221,170.9517,0.002,3206,0.0000,0.0000,0.0760,0,0,0.378
71.301,0,0,0,-0.6167,0.0000,-0.6902,0.0191,175.0643,0.0000,0.0000,0.0000,-0.7000,-0.0037,172.8659,0.002,3210,0.0000,0.0000,0.0760,0,0,0.364
71.401,0,0,0,-0.6167,0.0000,-0.6902,0.0191,175.0600,0.0000,0.0000,0.0000,-0.5937,-0.0221,170.9535,0.007,3215,0.0000,0.0000,0.0760,0,0,0.391
71.503,0,0,0,-0.6167,0.0000,-0.6902,0.0191,175.0688,0.0000,0.0000,0.0000,-0.7000,-0.0037,172.8649,0.005,3219,0.0000,0.0000,0.0760,0,0,0.372
71.603,0,0,0,-0.6167,0.0000,-0.6902,0.0191,175.0587,0.0000,0.0000,0.0000,-0.7770,0.0830,179.0456,0.009,3224,0.0000,0.0000,0.0760,0,0,0.387
71.702,0,0,0,-0.6167,0.0000,-0.6902,0.0191,175.0665,0.0000,0.0000,0.0000,-0.7000,-0.0037,172.8657,0.003,3228,0.0000,0.0000,0.0760,0,0,0.365
71.804,0,0,0,-0.6167,0.0000,-0.6902,0.0191,175.0596,0.0000,0.0000,0.0000,-0.7770,0.0830,179.0454,0.006,3233,0.0000,0.0000,0.0760,0,0,0.381
71.904,0,0,0,-0.6167,0.0000,-0.6902,0.0191,175.0697,0.0000,0.0000,0.0000,-0.7000,-0.0037,172.8657,0.002,3237,0.0000,0.0000,0.0760,0,0,0.370
72.003,0,0,0,-0.6167,0.0000,-0.6901,0.0194,175.0812,0.0000,0.0000,0.0000,-0.7770,0.0830,179.0444,0.009,3241,0.0000,0.0000,0.0759,0,0,0.374
72.104,0,0,0,-0.6167,0.0000,-0.6902,0.0191,175.0721,0.0000,0.0000,0.0000,-0.7770,0.0829,179.0459,0.030,3245,0.0000,0.0000,0.0760,0,0,0.373
72.202,0,0,0,-0.6167,0.0000,-0.6903,0.0189,175.0606,0.0000,0.0000,0.0000,-0.5937,-0.0221,170.9519,0.010,3250,0.0000,0.0000,0.0760,0,0,0.394
72.304,0,0,0,-0.6167,0.0000,-0.6902,0.0191,175.0701,0.0000,0.0000,0.0000,-0.7000,-0.0037,172.8660,0.006,3255,0.0000,0.0000,0.0760,0,0,0.379
72.403,0,0,0,-0.6167,0.0000,-0.6912,0.0196,175.0939,0.0000,0.0000,0.0000,-0.7770,0.0830,179.0448,0.016,3259,0.0000,0.0000,0.0771,0,0,0.385
72.503,0,0,0,-0.6167,0.0000,-0.6902,0.0191,175.0696,0.0000,0.0000,0.0000,-0.5937,-0.0221,170.9520,0.006,3263,0.0000,0.0000,0.0759,0,0,0.386
72.602,0,0,0,-0.6167,0.0000,-0.6912,0.0195,175.0942,0.0000,0.0000,0.0000,-0.7770,0.0830,179.0447,0.009,3268,0.0000,0.0000,0.0770,0,0,0.378
72.701,0,0,0,-0.6167,0.0000,-0.6901,0.0191,175.0653,0.0000,0.0000,0.0000,-0.5937,-0.0221,170.9526,0.038,3272,0.0000,0.0000,0.0759,0,0,0.374
72.802,0,0,0,-0.6167,0.0000,-0.6892,0.0184,175.0231,0.0000,0.0000,0.0000,-0.5937,-0.0221,170.9514,0.017,3277,0.0000,0.0000,0.0749,0,0,0.370
72.904,0,0,0,-0.6167,0.0000,-0.6902,0.0191,175.0671,0.0000,0.0000,0.0000,-0.7000,-0.0037,172.8668,0.002,3282,0.0000,0.0000,0.0759,0,0,0.368
73.003,0,0,0,-0.6167,0.0000,-0.6892,0.0184,175.0236,0.0000,0.0000,0.0000,-0.7770,0.0830,179.0447,0.002,3287,0.0000,0.0000,0.0749,0,0,0.377
73.102,0,0,0,-0.6167,0.0000,-0.6902,0.0191,175.0628,0.0000,0.0000,0.0000,-0.7000,-0.0038,172.8674,0.002,3291,0.0000,0.0000,0.0759,0,0,0.383
73.203,0,0,0,-0.6167,0.0000,-0.6902,0.0191,175.0567,0.0000,0.0000,0.0000,-0.7770,0.0829,179.0462,0.006,3296,0.0000,0.0000,0.0760,0,0,0.383
73.304,0,0,0,-0.6167,0.0000,-0.6902,0.0191,175.0638,0.0000,0.0000,0.0000,-0.7000,-0.0037,172.8669,0.003,3300,0.0000,0.0000,0.0760,0,0,0.378
73.403,0,0,0,-0.6167,0.0000,-0.6902,0.0191,175.0596,0.0000,0.0000,0.0000,-0.5937,-0.0221,170.9500,0.005,3305,0.0000,0.0000,0.0760,0,0,0.375
73.502,0,0,0,-0.6167,0.0000,-0.6902,0.0191,175.0700,0.0000,0.0000,0.0000,-0.7770,0.0830,179.0430,0.041,3308,0.0000,0.0000,0.0760,0,0,0.358
73.604,0,0,0,-0.6167,0.0000,-0.6903,0.0189,175.0611,0.0000,0.0000,0.0000,-0.7000,-0.0037,172.8650,0.017,3312,0.0000,0.0000,0.0760,0,0,0.365
73.702,0,0,0,-0.6167,0.0000,-0.6902,0.0191,175.0705,0.0000,0.0000,0.0000,-0.7770,0.0829,179.0451,0.016,3317,0.0000,0.0000,0.0760,0,0,0.376
73.803,0,0,0,-0.6167,0.0000,-0.6912,0.0196,175.0989,0.0000,0.0000,0.0000,-0.5937,-0.0221,170.9513,0.002,3323,0.0000,0.0000,0.0771,0,0,0.376
73.903,0,0,0,-0.6167,0.0000,-0.6902,0.0191,175.0761,0.0000,0.0000,0.0000,-0.7770,0.0829,179.0457,0.040,3326,0.0000,0.0000,0.0760,0,0,0.383
74.002,0,0,0,-0.6167,0.0000,-0.6902,0.0191,175.0681,0.0000,0.0000,0.0000,-0.7770,0.0829,179.0468,0.007,3332,0.0000,0.0000,0.0760,0,0,0.380
74.103,0,0,0,-0.6167,0.0000,-0.6902,0.0191,175.0758,0.0000,0.0000,0.0000,-0.7000,-0.0037,172.8627,0.002,3336,0.0000,0.0000,0.0760,0,0,0.377
74.202,0,0,0,-0.6167,0.0000,-0.6912,0.0196,175.1003,0.0000,0.0000,0.0000,-0.5937,-0.0221,170.9514,0.007,3341,0.0000,0.0000,0.0771,0,0,0.380
74.302,0,0,0,-0.6167,0.0000,-0.6902,0.0191,175.0725,0.0000,0.0000,0.0000,-0.7770,0.0830,179.0443,0.043,3344,0.0000,0.0000,0.0760,0,0,0.380
74.403,0,0,0,-0.6167,0.0000,-0.6902,0.0191,175.0695,0.0000,0.0000,0.0000,-0.5937,-0.0221,170.9522,0.006,3350,0.0000,0.0000,0.0760,0,0,0.368
74.504,0,0,0,-0.6167,0.0000,-0.6902,0.0191,175.0756,0.0000,0.0000,0.0000,-0.7000,-0.0037,172.8665,0.002,3354,0.0000,0.0000,0.0760,0,0,0.360
74.603,0,0,0,-0.6167,0.0000,-0.6903,0.0189,175.0681,0.0000,0.0000,0.0000,-0.7770,0.0830,179.0444,0.003,3359,0.0000,0.0000,0.0760,0,0,0.372
74.704,0,0,0,-0.6167,0.0000,-0.6902,0.0191,175.0751,0.0000,0.0000,0.0000,-0.5937,-0.0221,170.9492,0.039,3362,0.0000,0.0000,0.0760,0,0,0.376
74.804,0,0,0,-0.6167,0.0000,-0.6892,0.0187,175.0557,0.0000,0.0000,0.0000,-0.7000,-0.0037,172.8658,0.002,3367,0.0000,0.0000,0.0749,0,0,0.392
74.902,0,0,0,-0.6167,0.0000,-0.6902,0.0191,175.0778,0.0000,0.0000,0.0000,-0.7770,0.0829,179.0472,0.014,3371,0.0000,0.0000,0.0760,0,0,0.365
75.004,0,0,0,-0.6167,0.0000,-0.6893,0.0185,175.0385,0.0000,0.0000,0.0000,-0.5937,-0.0221,170.9508,0.009,3376,0.0000,0.0000,0.0749,0,0,0.366
75.101,0,0,0,-0.6167,0.0000,-0.6902,0.0191,175.0768,0.0000,0.0000,0.0000,-0.5937,-0.0221,170.9503,0.028,3380,0.0000,0.0000,0.0760,0,0,0.389
75.203,0,0,0,-0.6167,0.0000,-0.6903,0.0189,175.0689,0.0000,0.0000,0.0000,-0.7770,0.0829,179.0460,0.014,3385,0.0000,0.0000,0.0760,0,0,0.394
75.303,0,0,0,-0.6167,0.0000,-0.6902,0.0191,175.0775,0.0000,0.0000,0.0000,-0.5937,-0.0221,170.9511,0.038,3389,0.0000,0.0000,0.0760,0,0,0.359
75.403,0,0,0,-0.6167,0.0000,-0.6902,0.0191,175.0736,0.0000,0.0000,0.0000,-0.5937,-0.0221,170.9514,0.006,3395,0.0000,0.0000,0.0760,0,0,0.381
75.504,0,0,0,-0.6167,0.0000,-0.6902,0.0191,175.0770,0.0000,0.0000,0.0000,-0.5937,-0.0221,170.9498,0.037,3398,0.0000,0.0000,0.0760,0,0,0.387
75.602,0,0,0,-0.6167,0.0000,-0.6902,0.0191,175.0711,0.0000,0.0000,0.0000,-0.7770,0.0829,179.0465,0.005,3404,0.0000,0.0000,0.0760,0,0,0.378
75.702,0,0,0,-0.6167,0.0000,-0.6902,0.0191,175.0768,0.0000,0.0000,0.0000,-0.7000,-0.0037,172.8672,0.003,3408,0.0000,0.0000,0.0760,0,0,0.393
75.803,0,0,0,-0.6167,0.0000,-0.6902,0.0191,175.0730,0.0000,0.0000,0.0000,-0.7770,0.0829,179.0460,0.006,3413,0.0000,0.0000,0.0760,0,0,0.372
75.904,0,0,0,-0.6167,0.0000,-0.6902,0.0191,175.0810,0.0000,0.0000,0.0000,-0.7770,0.0829,179.0473,0.040,3416,0.0000,0.0000,0.0760,0,0,0.387
76.001,0,0,0,-0.6167,0.0000,-0.6903,0.0189,175.0700,0.0000,0.0000,0.0000,-0.7770,0.0829,179.0460,0.005,3422,0.0000,0.0000,0.0760,0,0,0.364
76.102,0,0,0,-0.6167,0.0000,-0.6902,0.0191,175.0803,0.0000,0.0000,0.0000,-0.7000,-0.0037,172.8647,0.031,3425,0.0000,0.0000,0.0760,0,0,0.367
76.203,0,0,0,-0.6167,0.0000,-0.6893,0.0184,175.0346,0.0000,0.0000,0.0000,-0.7771,0.0830,179.0417,0.003,3431,0.0000,0.0000,0.0749,0,0,0.374
76.302,0,0,0,-0.6167,0.0000,-0.6902,0.0191,175.0771,0.0000,0.0000,0.0000,-0.5937,-0.0221,170.9496,0.025,3434,0.0000,0.0000,0.0760,0,0,0.398
76.402,0,0,0,-0.6167,0.0000,-0.6903,0.0189,175.0669,0.0000,0.0000,0.0000,-0.7000,-0.0037,172.8657,0.019,3438,0.0000,0.0000,0.0760,0,0,0.373
76.504,0,0,0,-0.6167,0.0000,-0.6902,0.0191,175.0783,0.0000,0.0000,0.0000,-0.5937,-0.0221,170.9501,0.026,3443,0.0000,0.0000,0.0760,0,0,0.366
76.604,0,0,0,-0.6167,0.0000,-0.6902,0.0191,175.0706,0.0000,0.0000,0.0000,-0.7771,0.0830,179.0440,0.006,3449,0.0000,0.0000,0.0760,0,0,0.387
76.701,0,0,0,-0.6167,0.0000,-0.6902,0.0191,175.0747,0.0000,0.0000,0.0000,-0.5936,-0.0221,170.9513,0.031,3452,0.0000,0.0000,0.0760,0,0,0.387
76.804,0,0,0,-0.6167,0.0000,-0.6902,0.0191,175.0691,0.0000,0.0000,0.0000,-0.7771,0.0830,179.0440,0.006,3458,0.0000,0.0000,0.0760,0,0,0.382
76.904,0,0,0,-0.6167,0.0000,-0.6902,0.0191,175.0773,0.0000,0.0000,0.0000,-0.7000,-0.0037,172.8668,0.005,3462,0.0000,0.0000,0.0760,0,0,0.368
77.002,0,0,0,-0.6167,0.0000,-0.6902,0.0191,175.0688,0.0000,0.0000,0.0000,-0.5937,-0.0221,170.9493,0.011,3467,0.0000,0.0000,0.0760,0,0,0.365
77.104,0,0,0,-0.6167,0.0000,-0.6903,0.0189,175.0614,0.0000,0.0000,0.0000,-0.7000,-0.0037,172.8655,0.002,3471,0.0000,0.0000,0.0760,0,0,0.364
77.202,0,0,0,-0.6167,0.0000,-0.6902,0.0191,175.0705,0.0000,0.0000,0.0000,-0.7770,0.0829,179.0475,0.006,3476,0.0000,0.0000,0.0760,0,0,0.372
77.303,0,0,0,-0.6167,0.0000,-0.6902,0.0191,175.0779,0.0000,0.0000,0.0000,-0.7000,-0.0037,172.8659,0.002,3480,0.0000,0.0000,0.0760,0,0,0.378
77.402,0,0,0,-0.6167,0.0000,-0.6902,0.0191,175.0708,0.0000,0.0000,0.0000,-0.5937,-0.0221,170.9491,0.006,3485,0.0000,0.0000,0.0760,0,0,0.373
77.502,0,0,0,-0.6167,0.0000,-0.6902,0.0191,175.0801,0.0000,0.0000,0.0000,-0.7770,0.0830,179.0439,0.040,3488,0.0000,0.0000,0.0760,0,0,0.376
77.602,0,0,0,-0.6167,0.0000,-0.6903,0.0189,175.0718,0.0000,0.0000,0.0000,-0.7000,-0.0037,172.8665,0.008,3492,0.0000,0.0000,0.0760,0,0,0.378
77.704,0,0,0,-0.6167,0.0000,-0.6902,0.0191,175.0813,0.0000,0.0000,0.0000,-0.7770,0.0829,179.0471,0.020,3497,0.0000,0.0000,0.0760,0,0,0.388
77.805,0,0,0,-0.6167,0.0000,-0.6913,0.0196,175.1072,0.0000,0.0000,0.0000,-0.5937,-0.0221,170.9493,0.002,3503,0.0000,0.0000,0.0771,0,0,0.373
77.901,0,0,0,-0.6167,0.0000,-0.6902,0.0191,175.0801,0.0000,0.0000,0.0000,-0.5936,-0.0221,170.9504,0.026,3506,0.0000,0.0000,0.0760,0,0,0.389
78.001,0,0,0,-0.6167,0.0000,-0.6902,0.0191,175.0694,0.0000,0.0000,0.0000,-0.7770,0.0830,179.0440,0.007,3512,0.0000,0.0000,0.0760,0,0,0.378
78.101,0,0,0,-0.6167,0.0000,-0.6902,0.0191,175.0764,0.0000,0.0000,0.0000,-0.5937,-0.0220,170.9480,0.037,3515,0.0000,0.0000,0.0760,0,0,0.391
78.203,0,0,0,-0.6167,0.0000,-0.6902,0.0191,175.0707,0.0000,0.0000,0.0000,-0.7770,0.0829,179.0452,0.010,3521,0.0000,0.0000,0.0760,0,0,0.386
78.301,0,0,0,-0.6167,0.0000,-0.6902,0.0191,175.0772,0.0000,0.0000,0.0000,-0.7770,0.0829,179.0455,0.041,3524,0.0000,0.0000,0.0760,0,0,0.379
78.403,0,0,0,-0.6167,0.0000,-0.6902,0.0191,175.0722,0.0000,0.0000,0.0000,-0.5936,-0.0220,170.9499,0.007,3530,0.0000,0.0000,0.0760,0,0,0.388
78.503,0,0,0,-0.6167,0.0000,-0.6902,0.0191,175.0774,0.0000,0.0000,0.0000,-0.7000,-0.0038,172.8692,0.002,3534,0.0000,0.0000,0.0760,0,0,0.386
78.604,0,0,0,-0.6167,0.0000,-0.6902,0.0191,175.0706,0.0000,0.0000,0.0000,-0.7770,0.0829,179.0459,0.007,3539,0.0000,0.0000,0.0760,0,0,0.372
78.702,0,0,0,-0.6167,0.0000,-0.6902,0.0191,175.0801,0.0000,0.0000,0.0000,-0.5936,-0.0220,170.9497,0.038,3542,0.0000,0.0000,0.0760,0,0,0.376
78.801,0,0,0,-0.6167,0.0000,-0.6891,0.0187,175.0549,0.0000,0.0000,0.0000,-0.7770,0.0830,179.0440,0.002,3547,0.0000,0.0000,0.0749,0,0,0.392
78.901,0,0,0,-0.6167,0.0000,-0.6902,0.0191,175.0804,0.0000,0.0000,0.0000,-0.7771,0.0830,179.0441,0.023,3551,0.0000,0.0000,0.0760,0,0,0.383
79.007,0,0,0,-0.6167,0.0000,-0.6893,0.0185,175.0382,0.0000,0.0000,0.0000,-0.5936,-0.0220,170.9495,0.015,3556,0.0000,0.0000,0.0749,0,0,0.386
79.106,0,0,0,-0.6167,0.0000,-0.6903,0.0189,175.0626,0.0000,0.0000,0.0000,-0.7000,-0.0037,172.8651,0.003,3561,0.0000,0.0000,0.0761,0,0,0.396
79.205,0,0,0,-0.6167,0.0000,-0.6912,0.0196,175.1017,0.0000,0.0000,0.0000,-0.7770,0.0829,179.0447,0.019,3565,0.0000,0.0000,0.0771,0,0,0.399
79.303,0,0,0,-0.6167,0.0000,-0.6902,0.0191,175.0794,0.0000,0.0000,0.0000,-0.7000,-0.0037,172.8661,0.002,3570,0.0000,0.0000,0.0760,0,0,0.383
79.402,0,0,0,-0.6167,0.0000,-0.6902,0.0191,175.0746,0.0000,0.0000,0.0000,-0.5936,-0.0220,170.9488,0.007,3575,0.0000,0.0000,0.0760,0,0,0.374
79.502,0,0,0,-0.6167,0.0000,-0.6902,0.0191,175.0824,0.0000,0.0000,0.0000,-0.5936,-0.0220,170.9497,0.040,3578,0.0000,0.0000,0.0760,0,0,0.368
79.601,0,0,0,-0.6167,0.0000,-0.6893,0.0185,175.0381,0.0000,0.0000,0.0000,-0.7770,0.0829,179.0468,0.008,3584,0.0000,0.0000,0.0749,0,0,0.386
79.701,0,0,0,-0.6167,0.0000,-0.6902,0.0191,175.0778,0.0000,0.0000,0.0000,-0.7771,0.0829,179.0464,0.038,3587,0.0000,0.0000,0.0760,0,0,0.385
79.811,0,0,0,-0.6167,0.0000,-0.6903,0.0189,175.0691,0.0000,0.0000,0.0000,-0.7771,0.0829,179.0456,0.006,3592,0.0000,0.0000,0.0760,0,0,0.384
79.903,0,0,0,-0.6167,0.0000,-0.6902,0.0191,175.0787,0.0000,0.0000,0.0000,-0.5936,-0.0220,170.9494,0.038,3596,0.0000,0.0000,0.0760,0,0,0.382
80.003,0,0,0,-0.6167,0.0000,-0.6902,0.0191,175.0698,0.0000,0.0000,0.0000,-0.7770,0.0829,179.0464,0.006,3602,0.0000,0.0000,0.0760,0,0,0.371
80.105,0,0,0,-0.6167,0.0000,-0.6902,0.0191,175.0748,0.0000,0.0000,0.0000,-0.7000,-0.0037,172.8659,0.007,3606,0.0000,0.0000,0.0760,0,0,0.374
80.202,0,0,0,-0.6167,0.0000,-0.6902,0.0191,175.0678,0.0000,0.0000,0.0000,-0.5936,-0.0220,170.9494,0.006,3611,0.0000,0.0000,0.0760,0,0,0.377
80.304,0,0,0,-0.6167,0.0000,-0.6902,0.0191,175.0752,0.0000,0.0000,0.0000,-0.7771,0.0830,179.0443,0.042,3614,0.0000,0.0000,0.0760,0,0,0.384
80.401,0,0,0,-0.6167,0.0000,-0.6902,0.0191,175.0809,0.0000,0.0000,0.0000,-0.5937,-0.0220,170.9485,0.053,3617,0.0000,0.0000,0.0760,0,0,0.375
80.507,0,0,0,-0.6167,0.0000,-0.6902,0.0191,175.0733,0.0000,0.0000,0.0000,-0.7770,0.0829,179.0469,0.020,3623,0.0000,0.0000,0.0760,0,0,0.378
80.605,0,0,0,-0.6167,0.0000,-0.6902,0.0191,175.0651,0.0000,0.0000,0.0000,-0.5937,-0.0220,170.9476,0.008,3629,0.0000,0.0000,0.0760,0,0,0.378
80.704,0,0,0,-0.6167,0.0000,-0.6902,0.0191,175.0731,0.0000,0.0000,0.0000,-0.7000,-0.0037,172.8656,0.003,3633,0.0000,0.0000,0.0760,0,0,0.367
80.801,0,0,0,-0.6167,0.0000,-0.6893,0.0185,175.0307,0.0000,0.0000,0.0000,-0.7770,0.0830,179.0459,0.007,3638,0.0000,0.0000,0.0749,0,0,0.369
80.902,0,0,0,-0.6167,0.0000,-0.6902,0.0192,175.0706,0.0000,0.0000,0.0000,-0.5937,-0.0220,170.9475,0.040,3641,0.0000,0.0000,0.0760,0,0,0.368
81.001,0,0,0,-0.6167,0.0000,-0.6902,0.0192,175.0677,0.0000,0.0000,0.0000,-0.7771,0.0830,179.0454,0.006,3647,0.0000,0.0000,0.0760,0,0,0.365
81.103,0,0,0,-0.6167,0.0000,-0.6902,0.0192,175.0761,0.0000,0.0000,0.0000,-0.5936,-0.0220,170.9485,0.036,3650,0.0000,0.0000,0.0760,0,0,0.373
81.204,0,0,0,-0.6167,0.0000,-0.6902,0.0192,175.0684,0.0000,0.0000,0.0000,-0.5936,-0.0220,170.9494,0.010,3656,0.0000,0.0000,0.0760,0,0,0.361
81.304,0,0,0,-0.6167,0.0000,-0.6903,0.0189,175.0608,0.0000,0.0000,0.0000,-0.7000,-0.0037,172.8656,0.005,3660,0.0000,0.0000,0.0760,0,0,0.382
81.401,0,0,0,-0.6167,0.0000,-0.6893,0.0185,175.0354,0.0000,0.0000,0.0000,-0.7771,0.0830,179.0449,0.007,3665,0.0000,0.0000,0.0749,0,0,0.383
81.503,0,0,0,-0.6167,0.0000,-0.6902,0.0192,175.0813,0.0000,0.0000,0.0000,-0.7771,0.0830,179.0442,0.034,3668,0.0000,0.0000,0.0760,0,0,0.389
81.604,0,0,0,-0.6167,0.0000,-0.6893,0.0185,175.0410,0.0000,0.0000,0.0000,-0.7000,-0.0037,172.8662,0.006,3673,0.0000,0.0000,0.0749,0,0,0.370
81.708,0,0,0,-0.6167,0.0000,-0.6902,0.0192,175.0809,0.0000,0.0000,0.0000,-0.7771,0.0830,179.0453,0.023,3677,0.0000,0.0000,0.0760,0,0,0.387
81.803,0,0,0,-0.6167,0.0000,-0.6913,0.0196,175.1063,0.0000,0.0000,0.0000,-0.7771,0.0829,179.0457,0.009,3682,0.0000,0.0000,0.0771,0,0,0.381
81.903,0,0,0,-0.6167,0.0000,-0.6903,0.0189,175.0634,0.0000,0.0000,0.0000,-0.7000,-0.0037,172.8663,0.006,3687,0.0000,0.0000,0.0761,0,0,0.386
82.004,0,0,0,-0.6167,0.0000,-0.6912,0.0196,175.1034,0.0000,0.0000,0.0000,-0.7770,0.0829,179.0463,0.018,3691,0.0000,0.0000,0.0771,0,0,0.378
82.105,0,0,0,-0.6167,0.0000,-0.6902,0.0192,175.0793,0.0000,0.0000,0.0000,-0.7000,-0.0037,172.8658,0.002,3696,0.0000,0.0000,0.0760,0,0,0.371
82.204,0,0,0,-0.6167,0.0000,-0.6902,0.0192,175.0687,0.0000,0.0000,0.0000,-0.5936,-0.0220,170.9497,0.012,3701,0.0000,0.0000,0.0760,0,0,0.384
82.303,0,0,0,-0.6167,0.0000,-0.6902,0.0192,175.0760,0.0000,0.0000,0.0000,-0.7771,0.0829,179.0457,0.039,3704,0.0000,0.0000,0.0760,0,0,0.377
82.401,0,0,0,-0.6167,0.0000,-0.6902,0.0192,175.0712,0.0000,0.0000,0.0000,-0.7771,0.0830,179.0445,0.006,3710,0.0000,0.0000,0.0760,0,0,0.374
82.505,0,0,0,-0.6167,0.0000,-0.6902,0.0192,175.0803,0.0000,0.0000,0.0000,-0.7000,-0.0037,172.8651,0.008,3714,0.0000,0.0000,0.0760,0,0,0.378
82.605,0,0,0,-0.6167,0.0000,-0.6902,0.0192,175.0737,0.0000,0.0000,0.0000,-0.7771,0.0830,179.0453,0.010,3719,0.0000,0.0000,0.0760,0,0,0.374
82.703,0,0,0,-0.6167,0.0000,-0.6902,0.0192,175.0794,0.0000,0.0000,0.0000,-0.7000,-0.0037,172.8661,0.003,3723,0.0000,0.0000,0.0760,0,0,0.367
82.804,0,0,0,-0.6167,0.0000,-0.6902,0.0192,175.0733,0.0000,0.0000,0.0000,-0.7771,0.0829,179.0472,0.009,3728,0.0000,0.0000,0.0760,0,0,0.366
82.902,0,0,0,-0.6167,0.0000,-0.6902,0.0192,175.0816,0.0000,0.0000,0.0000,-0.5936,-0.0220,170.9475,0.042,3731,0.0000,0.0000,0.0760,0,0,0.384
83.002,0,0,0,-0.6167,0.0000,-0.6902,0.0192,175.0743,0.0000,0.0000,0.0000,-0.7771,0.0830,179.0441,0.006,3737,0.0000,0.0000,0.0760,0,0,0.374
83.101,0,0,0,-0.6167,0.0000,-0.6902,0.0192,175.0849,0.0000,0.0000,0.0000,-0.5936,-0.0220,170.9489,0.027,3740,0.0000,0.0000,0.0760,0,0,0.374
83.201,0,0,0,-0.6167,0.0000,-0.6903,0.0189,175.0730,0.0000,0.0000,0.0000,-0.7000,-0.0037,172.8665,0.018,3744,0.0000,0.0000,0.0760,0,0,0.359
83.302,0,0,0,-0.6167,0.0000,-0.6902,0.0192,175.0824,0.0000,0.0000,0.0000,-0.5936,-0.0220,170.9476,0.019,3749,0.0000,0.0000,0.0760,0,0,0.378
83.403,0,0,0,-0.6167,0.0000,-0.6902,0.0192,175.0779,0.0000,0.0000,0.0000,-0.7771,0.0830,179.0461,0.006,3755,0.0000,0.0000,0.0760,0,0,0.381
83.501,0,0,0,-0.6167,0.0000,-0.6902,0.0192,175.0815,0.0000,0.0000,0.0000,-0.5936,-0.0220,170.9478,0.041,3758,0.0000,0.0000,0.0760,0,0,0.383
83.603,0,0,0,-0.6167,0.0000,-0.6902,0.0192,175.0739,0.0000,0.0000,0.0000,-0.7771,0.0830,179.0464,0.008,3764,0.0000,0.0000,0.0760,0,0,0.379
83.705,0,0,0,-0.6167,0.0000,-0.6902,0.0192,175.0805,0.0000,0.0000,0.0000,-0.7771,0.0830,179.0447,0.045,3767,0.0000,0.0000,0.0760,0,0,0.368
83.801,0,0,0,-0.6167,0.0000,-0.6893,0.0185,175.0374,0.0000,0.0000,0.0000,-0.7771,0.0830,179.0447,0.002,3773,0.0000,0.0000,0.0749,0,0,0.355
83.901,0,0,0,-0.6167,0.0000,-0.6902,0.0192,175.0767,0.0000,0.0000,0.0000,-0.7771,0.0830,179.0456,0.039,3776,0.0000,0.0000,0.0760,0,0,0.381
84.003,0,0,0,-0.6167,0.0000,-0.6902,0.0192,175.0695,0.0000,0.0000,0.0000,-0.5936,-0.0220,170.9478,0.015,3782,0.0000,0.0000,0.0760,0,0,0.376
84.103,0,0,0,-0.6167,0.0000,-0.6902,0.0192,175.0779,0.0000,0.0000,0.0000,-0.7000,-0.0037,172.8673,0.002,3786,0.0000,0.0000,0.0760,0,0,0.388
84.204,0,0,0,-0.6167,0.0000,-0.6902,0.0192,175.0710,0.0000,0.0000,0.0000,-0.5936,-0.0220,170.9483,0.006,3791,0.0000,0.0000,0.0760,0,0,0.389
84.303,0,0,0,-0.6167,0.0000,-0.6902,0.0192,175.0790,0.0000,0.0000,0.0000,-0.7771,0.0830,179.0466,0.038,3794,0.0000,0.0000,0.0760,0,0,0.389
84.401,0,0,0,-0.6167,0.0000,-0.6902,0.0192,175.0858,0.0000,0.0000,0.0000,-0.7000,-0.0037,172.8659,0.003,3798,0.0000,0.0000,0.0760,0,0,0.390
84.504,0,0,0,-0.6167,0.0000,-0.6902,0.0192,175.0798,0.0000,0.0000,0.0000,-0.5936,-0.0220,170.9494,0.020,3803,0.0000,0.0000,0.0760,0,0,0.372
84.601,0,0,0,-0.6167,0.0000,-0.6903,0.0189,175.0670,0.0000,0.0000,0.0000,-0.7771,0.0830,179.0457,0.003,3808,0.0000,0.0000,0.0761,0,0,0.380
84.705,0,0,0,-0.6167,0.0000,-0.6902,0.0192,175.0788,0.0000,0.0000,0.0000,-0.5936,-0.0220,170.9478,0.020,3812,0.0000,0.0000,0.0760,0,0,0.375
84.802,0,0,0,-0.6167,0.0000,-0.6902,0.0192,175.0690,0.0000,0.0000,0.0000,-0.5936,-0.0220,170.9481,0.006,3818,0.0000,0.0000,0.0760,0,0,0.396
84.903,0,0,0,-0.6167,0.0000,-0.6902,0.0192,175.0769,0.0000,0.0000,0.0000,-0.7000,-0.0037,172.8686,0.004,3822,0.0000,0.0000,0.0760,0,0,0.365
85.003,0,0,0,-0.6167,0.0000,-0.6902,0.0192,175.0673,0.0000,0.0000,0.0000,-0.7771,0.0830,179.0462,0.006,3827,0.0000,0.0000,0.0760,0,0,0.387
85.104,0,0,0,-0.6167,0.0000,-0.6903,0.0189,175.0596,0.0000,0.0000,0.0000,-0.7000,-0.0037,172.8657,0.002,3831,0.0000,0.0000,0.0760,0,0,0.380
85.203,0,0,0,-0.6167,0.0000,-0.6902,0.0192,175.0679,0.0000,0.0000,0.0000,-0.7771,0.0830,179.0449,0.011,3836,0.0000,0.0000,0.0760,0,0,0.394
85.303,0,0,0,-0.6167,0.0000,-0.6903,0.0189,175.0609,0.0000,0.0000,0.0000,-0.7000,-0.0037,172.8677,0.003,3840,0.0000,0.0000,0.0760,0,0,0.369
85.401,0,0,0,-0.6167,0.0000,-0.6893,0.0185,175.0318,0.0000,0.0000,0.0000,-0.7771,0.0830,179.0461,0.002,3845,0.0000,0.0000,0.0749,0,0,0.385
85.503,0,0,0,-0.6167,0.0000,-0.6902,0.0192,175.0763,0.0000,0.0000,0.0000,-0.7000,-0.0037,172.8661,0.002,3849,0.0000,0.0000,0.0760,0,0,0.384
85.605,0,0,0,-0.6167,0.0000,-0.6901,0.0194,175.0868,0.0000,0.0000,0.0000,-0.7771,0.0829,179.0487,0.008,3853,0.0000,0.0000,0.0759,0,0,0.365
85.702,0,0,0,-0.6167,0.0000,-0.6902,0.0192,175.0780,0.0000,0.0000,0.0000,-0.7771,0.0829,179.0470,0.025,3857,0.0000,0.0000,0.0760,0,0,0.378
85.802,0,0,0,-0.6167,0.0000,-0.6893,0.0185,175.0372,0.0000,0.0000,0.0000,-0.5936,-0.0220,170.9479,0.015,3862,0.0000,0.0000,0.0749,0,0,0.385
85.904,0,0,0,-0.6167,0.0000,-0.6902,0.0192,175.0809,0.0000,0.0000,0.0000,-0.5936,-0.0220,170.9494,0.026,3866,0.0000,0.0000,0.0760,0,0,0.384
86.004,0,0,0,-0.6167,0.0000,-0.6912,0.0196,175.1048,0.0000,0.0000,0.0000,-0.7771,0.0829,179.0476,0.018,3871,0.0000,0.0000,0.0771,0,0,0.386
86.102,0,0,0,-0.6167,0.0000,-0.6902,0.0192,175.0773,0.0000,0.0000,0.0000,-0.7000,-0.0037,172.8678,0.002,3876,0.0000,0.0000,0.0760,0,0,0.365
86.201,0,0,0,-0.6167,0.0000,-0.6912,0.0196,175.1033,0.0000,0.0000,0.0000,-0.5936,-0.0220,170.9486,0.010,3881,0.0000,0.0000,0.0771,0,0,0.383
86.304,0,0,0,-0.6167,0.0000,-0.6902,0.0192,175.0821,0.0000,0.0000,0.0000,-0.7000,-0.0037,172.8666,0.006,3885,0.0000,0.0000,0.0760,0,0,0.380
86.401,0,0,0,-0.6167,0.0000,-0.6912,0.0196,175.1079,0.0000,0.0000,0.0000,-0.5936,-0.0220,170.9484,0.006,3890,0.0000,0.0000,0.0771,0,0,0.374
86.502,0,0,0,-0.6167,0.0000,-0.6902,0.0192,175.0848,0.0000,0.0000,0.0000,-0.7000,-0.0037,172.8681,0.004,3894,0.0000,0.0000,0.0760,0,0,0.366
86.601,0,0,0,-0.6167,0.0000,-0.6903,0.0189,175.0770,0.0000,0.0000,0.0000,-0.7771,0.0829,179.0470,0.007,3898,0.0000,0.0000,0.0760,0,0,0.370
86.702,0,0,0,-0.6167,0.0000,-0.6902,0.0192,175.0872,0.0000,0.0000,0.0000,-0.5936,-0.0220,170.9476,0.043,3902,0.0000,0.0000,0.0760,0,0,0.383
86.803,0,0,0,-0.6167,0.0000,-0.6902,0.0192,175.0797,0.0000,0.0000,0.0000,-0.5936,-0.0220,170.9467,0.007,3908,0.0000,0.0000,0.0760,0,0,0.371
86.902,0,0,0,-0.6167,0.0000,-0.6903,0.0189,175.0686,0.0000,0.0000,0.0000,-0.7000,-0.0037,172.8678,0.006,3912,0.0000,0.0000,0.0760,0,0,0.362
87.004,0,0,0,-0.6167,0.0000,-0.6902,0.0192,175.0745,0.0000,0.0000,0.0000,-0.7771,0.0829,179.0479,0.012,3917,0.0000,0.0000,0.0760,0,0,0.379
87.104,0,0,0,-0.6167,0.0000,-0.6902,0.0192,175.0838,0.0000,0.0000,0.0000,-0.7771,0.0829,179.0480,0.040,3920,0.0000,0.0000,0.0760,0,0,0.378
87.203,0,0,0,-0.6167,0.0000,-0.6903,0.0189,175.0722,0.0000,0.0000,0.0000,-0.7000,-0.0037,172.8666,0.017,3924,0.0000,0.0000,0.0760,0,0,0.384
87.303,0,0,0,-0.6167,0.0000,-0.6903,0.0189,175.0626,0.0000,0.0000,0.0000,-0.7000,-0.0037,172.8663,0.008,3930,0.0000,0.0000,0.0760,0,0,0.381
87.401,0,0,0,-0.6167,0.0000,-0.6912,0.0196,175.1006,0.0000,0.0000,0.0000,-0.5936,-0.0219,170.9469,0.006,3935,0.0000,0.0000,0.0771,0,0,0.373
87.501,0,0,0,-0.6167,0.0000,-0.6903,0.0189,175.0587,0.0000,0.0000,0.0000,-0.7000,-0.0037,172.8687,0.007,3939,0.0000,0.0000,0.0760,0,0,0.370
87.604,0,0,0,-0.6167,0.0000,-0.6902,0.0192,175.0692,0.0000,0.0000,0.0000,-0.5936,-0.0219,170.9467,0.011,3944,0.0000,0.0000,0.0760,0,0,0.371
87.703,0,0,0,-0.6167,0.0000,-0.6903,0.0189,175.0639,0.0000,0.0000,0.0000,-0.7000,-0.0037,172.8683,0.005,3948,0.0000,0.0000,0.0760,0,0,0.362
87.801,0,0,0,-0.6167,0.0000,-0.6902,0.0192,175.0704,0.0000,0.0000,0.0000,-0.5936,-0.0219,170.9467,0.007,3953,0.0000,0.0000,0.0760,0,0,0.376
87.902,0,0,0,-0.6167,0.0000,-0.6902,0.0192,175.0820,0.0000,0.0000,0.0000,-0.7771,0.0829,179.0475,0.046,3956,0.0000,0.0000,0.0760,0,0,0.383
88.003,0,0,0,-0.6167,0.0000,-0.6902,0.0192,175.0710,0.0000,0.0000,0.0000,-0.5936,-0.0219,170.9460,0.010,3962,0.0000,0.0000,0.0760,0,0,0.384
88.105,0,0,0,-0.6167,0.0000,-0.6902,0.0192,175.0799,0.0000,0.0000,0.0000,-0.7000,-0.0037,172.8664,0.008,3966,0.0000,0.0000,0.0760,0,0,0.379
88.203,0,0,0,-0.6167,0.0000,-0.6902,0.0192,175.0702,0.0000,0.0000,0.0000,-0.7771,0.0829,179.0487,0.011,3971,0.0000,0.0000,0.0760,0,0,0.386
88.302,0,0,0,-0.6167,0.0000,-0.6902,0.0192,175.0804,0.0000,0.0000,0.0000,-0.7772,0.0829,179.0467,0.046,3974,0.0000,0.0000,0.0760,0,0,0.369
88.408,0,0,0,-0.6167,0.0000,-0.6902,0.0192,175.0844,0.0000,0.0000,0.0000,-0.5936,-0.0219,170.9471,0.004,3978,0.0000,0.0000,0.0760,0,0,0.389
88.511,0,0,0,-0.6167,0.0000,-0.6902,0.0192,175.0758,0.0000,0.0000,0.0000,-0.7771,0.0829,179.0484,0.020,3983,0.0000,0.0000,0.0760,0,0,0.389
88.604,0,0,0,-0.6167,0.0000,-0.6902,0.0192,175.0718,0.0000,0.0000,0.0000,-0.5936,-0.0219,170.9485,0.007,3989,0.0000,0.0000,0.0760,0,0,0.373
88.703,0,0,0,-0.6167,0.0000,-0.6902,0.0192,175.0840,0.0000,0.0000,0.0000,-0.6999,-0.0037,172.8676,0.002,3993,0.0000,0.0000,0.0760,0,0,0.373
88.803,0,0,0,-0.6167,0.0000,-0.6912,0.0196,175.1066,0.0000,0.0000,0.0000,-0.7772,0.0829,179.0474,0.016,3997,0.0000,0.0000,0.0771,0,0,0.379
88.902,0,0,0,-0.6167,0.0000,-0.6901,0.0191,175.0825,0.0000,0.0000,0.0000,-0.6999,-0.0037,172.8674,0.002,4002,0.0000,0.0000,0.0759,0,0,0.381
89.001,0,0,0,-0.6167,0.0000,-0.6901,0.0191,175.0723,0.0000,0.0000,0.0000,-0.5936,-0.0219,170.9478,0.008,4007,0.0000,0.0000,0.0759,0,0,0.382
89.103,0,0,0,-0.6167,0.0000,-0.6901,0.0191,175.0840,0.0000,0.0000,0.0000,-0.5936,-0.0219,170.9488,0.041,4010,0.0000,0.0000,0.0759,0,0,0.367
89.204,0,0,0,-0.6167,0.0000,-0.6902,0.0191,175.0762,0.0000,0.0000,0.0000,-0.7771,0.0829,179.0488,0.016,4016,0.0000,0.0000,0.0759,0,0,0.380
89.302,0,0,0,-0.6167,0.0000,-0.6903,0.0189,175.0708,0.0000,0.0000,0.0000,-0.6999,-0.0037,172.8658,0.007,4020,0.0000,0.0000,0.0760,0,0,0.385
89.417,0,0,0,-0.6167,0.0000,-0.6903,0.0189,175.0751,0.0000,0.0000,0.0000,-0.7771,0.0829,179.0479,0.009,4024,0.0000,0.0000,0.0760,0,0,0.369
89.504,0,0,0,-0.6167,0.0000,-0.6892,0.0185,175.0513,0.0000,0.0000,0.0000,-0.5936,-0.0219,170.9474,0.029,4027,0.0000,0.0000,0.0749,0,0,0.369
89.602,0,0,0,-0.6167,0.0000,-0.6902,0.0192,175.0919,0.0000,0.0000,0.0000,-0.5936,-0.0219,170.9468,0.003,4033,0.0000,0.0000,0.0760,0,0,0.369
89.702,0,0,0,-0.6167,0.0000,-0.6902,0.0192,175.0887,0.0000,0.0000,0.0000,-0.7771,0.0829,179.0478,0.034,4037,0.0000,0.0000,0.0760,0,0,0.383
89.802,0,0,0,-0.6167,0.0000,-0.6902,0.0192,175.0811,0.0000,0.0000,0.0000,-0.7772,0.0829,179.0469,0.006,4043,0.0000,0.0000,0.0760,0,0,0.385
89.901,0,0,0,-0.6167,0.0000,-0.6902,0.0192,175.0878,0.0000,0.0000,0.0000,-0.5936,-0.0219,170.9474,0.034,4046,0.0000,0.0000,0.0760,0,0,0.383
90.001,0,0,0,-0.6167,0.0000,-0.6903,0.0189,175.0769,0.0000,0.0000,0.0000,-0.6999,-0.0037,172.8663,0.024,4050,0.0000,0.0000,0.0760,0,0,0.364
90.103,0,0,0,-0.6167,0.0000,-0.6903,0.0189,175.0689,0.0000,0.0000,0.0000,-0.7000,-0.0037,172.8692,0.005,4056,0.0000,0.0000,0.0760,0,0,0.360
90.202,0,0,0,-0.6167,0.0000,-0.6902,0.0192,175.0777,0.0000,0.0000,0.0000,-0.5936,-0.0219,170.9451,0.006,4061,0.0000,0.0000,0.0760,0,0,0.352
90.301,0,0,0,-0.6167,0.0000,-0.6902,0.0192,175.0819,0.0000,0.0000,0.0000,-0.7000,-0.0037,172.8676,0.003,4065,0.0000,0.0000,0.0760,0,0,0.372
90.401,0,0,0,-0.6167,0.0000,-0.6902,0.0192,175.0777,0.0000,0.0000,0.0000,-0.5936,-0.0219,170.9469,0.008,4070,0.0000,0.0000,0.0760,0,0,0.373
90.503,0,0,0,-0.6167,0.0000,-0.6903,0.0189,175.0699,0.0000,0.0000,0.0000,-0.6999,-0.0037,172.8666,0.006,4074,0.0000,0.0000,0.0760,0,0,0.387
90.604,0,0,0,-0.6167,0.0000,-0.6902,0.0192,175.0759,0.0000,0.0000,0.0000,-0.7772,0.0829,179.0458,0.012,4079,0.0000,0.0000,0.0760,0,0,0.384
90.701,0,0,0,-0.6167,0.0000,-0.6902,0.0192,175.0821,0.0000,0.0000,0.0000,-0.5936,-0.0219,170.9462,0.045,4082,0.0000,0.0000,0.0760,0,0,0.380
90.801,0,0,0,-0.6167,0.0000,-0.6902,0.0192,175.0754,0.0000,0.0000,0.0000,-0.5936,-0.0219,170.9446,0.010,4088,0.0000,0.0000,0.0760,0,0,0.385
90.902,0,0,0,-0.6167,0.0000,-0.6903,0.0189,175.0664,0.0000,0.0000,0.0000,-0.6999,-0.0037,172.8664,0.002,4092,0.0000,0.0000,0.0760,0,0,0.374
91.001,0,0,0,-0.6167,0.0000,-0.6902,0.0192,175.0750,0.0000,0.0000,0.0000,-0.5936,-0.0219,170.9475,0.006,4097,0.0000,0.0000,0.0760,0,0,0.385
91.103,0,0,0,-0.6167,0.0000,-0.6902,0.0192,175.0834,0.0000,0.0000,0.0000,-0.7771,0.0829,179.0477,0.037,4100,0.0000,0.0000,0.0760,0,0,0.369
91.205,0,0,0,-0.6167,0.0000,-0.6903,0.0189,175.0763,0.0000,0.0000,0.0000,-0.7000,-0.0037,172.8678,0.010,4104,0.0000,0.0000,0.0760,0,0,0.388
91.305,0,0,0,-0.6167,0.0000,-0.6902,0.0192,175.0832,0.0000,0.0000,0.0000,-0.7772,0.0829,179.0463,0.022,4109,0.0000,0.0000,0.0760,0,0,0.361
91.402,0,0,0,-0.6167,0.0000,-0.6903,0.0189,175.0718,0.0000,0.0000,0.0000,-0.7771,0.0829,179.0473,0.007,4114,0.0000,0.0000,0.0760,0,0,0.374
91.504,0,0,0,-0.6167,0.0000,-0.6903,0.0189,175.0672,0.0000,0.0000,0.0000,-0.6999,-0.0037,172.8682,0.011,4119,0.0000,0.0000,0.0760,0,0,0.392
91.604,0,0,0,-0.6167,0.0000,-0.6902,0.0192,175.0769,0.0000,0.0000,0.0000,-0.5935,-0.0219,170.9480,0.009,4124,0.0000,0.0000,0.0760,0,0,0.360
91.704,0,0,0,-0.6167,0.0000,-0.6902,0.0192,175.0862,0.0000,0.0000,0.0000,-0.6999,-0.0037,172.8684,0.002,4128,0.0000,0.0000,0.0760,0,0,0.363
91.803,0,0,0,-0.6167,0.0000,-0.6902,0.0192,175.0792,0.0000,0.0000,0.0000,-0.7771,0.0829,179.0465,0.010,4133,0.0000,0.0000,0.0760,0,0,0.372
91.901,0,0,0,-0.6167,0.0000,-0.6902,0.0192,175.0855,0.0000,0.0000,0.0000,-0.6999,-0.0037,172.8671,0.006,4137,0.0000,0.0000,0.0760,0,0,0.375
92.003,0,0,0,-0.6167,0.0000,-0.6902,0.0192,175.0776,0.0000,0.0000,0.0000,-0.5936,-0.0219,170.9457,0.013,4142,0.0000,0.0000,0.0760,0,0,0.387
92.103,0,0,0,-0.6167,0.0000,-0.6903,0.0189,175.0696,0.0000,0.0000,0.0000,-0.6999,-0.0037,172.8684,0.012,4146,0.0000,0.0000,0.0760,0,0,0.368
92.201,0,0,0,-0.6167,0.0000,-0.6903,0.0189,175.0757,0.0000,0.0000,0.0000,-0.7772,0.0829,179.0454,0.007,4150,0.0000,0.0000,0.0760,0,0,0.374
92.301,0,0,0,-0.6167,0.0000,-0.6902,0.0192,175.0869,0.0000,0.0000,0.0000,-0.7000,-0.0037,172.8695,0.003,4155,0.0000,0.0000,0.0760,0,0,0.382
92.402,0,0,0,-0.6167,0.0000,-0.6902,0.0192,175.0805,0.0000,0.0000,0.0000,-0.6999,-0.0037,172.8677,0.006,4160,0.0000,0.0000,0.0760,0,0,0.378
92.502,0,0,0,-0.6167,0.0000,-0.6902,0.0192,175.0881,0.0000,0.0000,0.0000,-0.7772,0.0829,179.0477,0.023,4163,0.0000,0.0000,0.0760,0,0,0.372
92.602,0,0,0,-0.6167,0.0000,-0.6902,0.0192,175.0814,0.0000,0.0000,0.0000,-0.7772,0.0829,179.0473,0.006,4169,0.0000,0.0000,0.0760,0,0,0.386
92.703,0,0,0,-0.6167,0.0000,-0.6902,0.0192,175.0903,0.0000,0.0000,0.0000,-0.6999,-0.0037,172.8671,0.002,4173,0.0000,0.0000,0.0760,0,0,0.358
92.801,0,0,0,-0.6167,0.0000,-0.6903,0.0189,175.0788,0.0000,0.0000,0.0000,-0.7772,0.0829,179.0464,0.005,4177,0.0000,0.0000,0.0760,0,0,0.385
92.902,0,0,0,-0.6167,0.0000,-0.6903,0.0189,175.0697,0.0000,0.0000,0.0000,-0.6999,-0.0037,172.8679,0.008,4182,0.0000,0.0000,0.0760,0,0,0.390
93.001,0,0,0,-0.6167,0.0000,-0.6902,0.0192,175.0752,0.0000,0.0000,0.0000,-0.7772,0.0829,179.0465,0.008,4187,0.0000,0.0000,0.0760,0,0,0.381
93.103,0,0,0,-0.6167,0.0000,-0.6903,0.0189,175.0666,0.0000,0.0000,0.0000,-0.6999,-0.0037,172.8693,0.006,4191,0.0000,0.0000,0.0760,0,0,0.373
93.202,0,0,0,-0.6167,0.0000,-0.6902,0.0192,175.0763,0.0000,0.0000,0.0000,-0.7772,0.0829,179.0470,0.009,4196,0.0000,0.0000,0.0760,0,0,0.383
93.303,0,0,0,-0.6167,0.0000,-0.6902,0.0192,175.0869,0.0000,0.0000,0.0000,-0.7772,0.0829,179.0463,0.047,4199,0.0000,0.0000,0.0760,0,0,0.369
93.401,0,0,0,-0.6167,0.0000,-0.6902,0.0192,175.0777,0.0000,0.0000,0.0000,-0.5935,-0.0219,170.9464,0.011,4205,0.0000,0.0000,0.0760,0,0,0.376
93.503,0,0,0,-0.6167,0.0000,-0.6902,0.0192,175.0871,0.0000,0.0000,0.0000,-0.5935,-0.0219,170.9459,0.044,4208,0.0000,0.0000,0.0760,0,0,0.373
93.603,0,0,0,-0.6167,0.0000,-0.6902,0.0192,175.0805,0.0000,0.0000,0.0000,-0.7772,0.0829,179.0476,0.010,4214,0.0000,0.0000,0.0760,0,0,0.397
93.702,0,0,0,-0.6167,0.0000,-0.6902,0.0192,175.0903,0.0000,0.0000,0.0000,-0.5935,-0.0219,170.9464,0.038,4217,0.0000,0.0000,0.0760,0,0,0.384
93.803,0,0,0,-0.6167,0.0000,-0.6902,0.0192,175.0811,0.0000,0.0000,0.0000,-0.7772,0.0829,179.0488,0.012,4223,0.0000,0.0000,0.0760,0,0,0.378
93.903,0,0,0,-0.6167,0.0000,-0.6902,0.0192,175.0914,0.0000,0.0000,0.0000,-0.7772,0.0828,179.0498,0.039,4226,0.0000,0.0000,0.0760,0,0,0.398
94.004,0,0,0,-0.6167,0.0000,-0.6903,0.0189,175.0825,0.0000,0.0000,0.0000,-0.6999,-0.0037,172.8676,0.019,4230,0.0000,0.0000,0.0760,0,0,0.386
94.102,0,0,0,-0.6167,0.0000,-0.6902,0.0192,175.0878,0.0000,0.0000,0.0000,-0.5935,-0.0219,170.9469,0.017,4235,0.0000,0.0000,0.0760,0,0,0.387
94.204,0,0,0,-0.6167,0.0000,-0.6912,0.0196,175.1136,0.0000,0.0000,0.0000,-0.7772,0.0829,179.0459,0.019,4240,0.0000,0.0000,0.0771,0,0,0.383
94.301,0,0,0,-0.6167,0.0000,-0.6903,0.0189,175.0711,0.0000,0.0000,0.0000,-0.6999,-0.0037,172.8680,0.006,4245,0.0000,0.0000,0.0760,0,0,0.378
94.403,0,0,0,-0.6167,0.0000,-0.6902,0.0192,175.0796,0.0000,0.0000,0.0000,-0.5935,-0.0219,170.9436,0.008,4250,0.0000,0.0000,0.0760,0,0,0.387
94.502,0,0,0,-0.6167,0.0000,-0.6903,0.0189,175.0704,0.0000,0.0000,0.0000,-0.6999,-0.0037,172.8669,0.006,4254,0.0000,0.0000,0.0760,0,0,0.365
94.628,0,0,0,-0.6167,0.0000,-0.6892,0.0185,175.0443,0.0000,0.0000,0.0000,-0.5935,-0.0219,170.9458,0.014,4258,0.0000,0.0000,0.0749,0,0,0.392
94.708,0,0,0,-0.6167,0.0000,-0.6903,0.0189,175.0757,0.0000,0.0000,0.0000,-0.7772,0.0829,179.0473,0.005,4261,0.0000,0.0000,0.0760,0,0,0.373
94.807,0,0,0,-0.6167,0.0000,-0.6901,0.0192,175.0915,0.0000,0.0000,0.0000,-0.5935,-0.0219,170.9454,0.019,4265,0.0000,0.0000,0.0759,0,0,0.373
94.901,0,0,0,-0.6167,0.0000,-0.6902,0.0189,175.0661,0.0000,0.0000,0.0000,-0.6999,-0.0037,172.8675,0.007,4272,0.0000,0.0000,0.0760,0,0,0.377
95.002,0,0,0,-0.6167,0.0000,-0.6901,0.0192,175.0731,0.0000,0.0000,0.0000,-0.5935,-0.0219,170.9435,0.013,4277,0.0000,0.0000,0.0759,0,0,0.374
95.101,0,0,0,-0.6167,0.0000,-0.6901,0.0192,175.0855,0.0000,0.0000,0.0000,-0.5935,-0.0219,170.9441,0.039,4280,0.0000,0.0000,0.0759,0,0,0.388
95.204,0,0,0,-0.6167,0.0000,-0.6892,0.0185,175.0455,0.0000,0.0000,0.0000,-0.6999,-0.0037,172.8681,0.008,4285,0.0000,0.0000,0.0749,0,0,0.372
95.304,0,0,0,-0.6167,0.0000,-0.6902,0.0192,175.0885,0.0000,0.0000,0.0000,-0.6999,-0.0037,172.8671,0.002,4290,0.0000,0.0000,0.0760,0,0,0.373
95.402,0,0,0,-0.6167,0.0000,-0.6902,0.0192,175.0817,0.0000,0.0000,0.0000,-0.7772,0.0829,179.0463,0.006,4295,0.0000,0.0000,0.0760,0,0,0.387
95.503,0,0,0,-0.6167,0.0000,-0.6902,0.0192,175.0908,0.0000,0.0000,0.0000,-0.5935,-0.0219,170.9454,0.015,4298,0.0000,0.0000,0.0760,0,0,0.384
95.602,0,0,0,-0.6167,0.0000,-0.6902,0.0192,175.0794,0.0000,0.0000,0.0000,-0.5935,-0.0219,170.9445,0.010,4304,0.0000,0.0000,0.0759,0,0,0.370
95.703,0,0,0,-0.6167,0.0000,-0.6902,0.0192,175.0865,0.0000,0.0000,0.0000,-0.6999,-0.0037,172.8673,0.002,4308,0.0000,0.0000,0.0760,0,0,0.383
95.801,0,0,0,-0.6167,0.0000,-0.6892,0.0185,175.0449,0.0000,0.0000,0.0000,-0.7772,0.0829,179.0480,0.012,4313,0.0000,0.0000,0.0749,0,0,0.375
95.902,0,0,0,-0.6167,0.0000,-0.6902,0.0192,175.0910,0.0000,0.0000,0.0000,-0.6999,-0.0037,172.8680,0.003,4317,0.0000,0.0000,0.0760,0,0,0.367
96.003,0,0,0,-0.6167,0.0000,-0.6902,0.0192,175.0823,0.0000,0.0000,0.0000,-0.5935,-0.0219,170.9446,0.008,4322,0.0000,0.0000,0.0760,0,0,0.371
96.103,0,0,0,-0.6167,0.0000,-0.6903,0.0189,175.0775,0.0000,0.0000,0.0000,-0.6999,-0.0037,172.8678,0.006,4326,0.0000,0.0000,0.0760,0,0,0.391
96.203,0,0,0,-0.6167,0.0000,-0.6902,0.0192,175.0821,0.0000,0.0000,0.0000,-0.7772,0.0829,179.0469,0.015,4331,0.0000,0.0000,0.0760,0,0,0.368
96.313,0,0,0,-0.6167,0.0000,-0.6902,0.0192,175.0859,0.0000,0.0000,0.0000,-0.7772,0.0829,179.0467,0.050,4334,0.0000,0.0000,0.0760,0,0,0.383
96.405,0,0,0,-0.6167,0.0000,-0.6903,0.0189,175.0771,0.0000,0.0000,0.0000,-0.7772,0.0829,179.0475,0.007,4339,0.0000,0.0000,0.0760,0,0,0.373
96.511,0,0,0,-0.6167,0.0000,-0.6902,0.0192,175.0962,0.0000,0.0000,0.0000,-0.7772,0.0829,179.0483,0.012,4341,0.0000,0.0000,0.0760,0,0,0.379
96.603,0,0,0,-0.6167,0.0000,-0.6910,0.0201,175.1667,0.0000,0.0000,0.0000,-0.6999,-0.0037,172.8678,0.002,4344,0.0000,0.0000,0.0770,0,0,0.371
96.701,0,0,0,-0.6167,0.0000,-0.6911,0.0198,175.1405,0.0000,0.0000,0.0000,-0.6999,-0.0037,172.8672,0.010,4350,0.0000,0.0000,0.0770,0,0,0.383
96.805,0,0,0,-0.6167,0.0000,-0.6911,0.0195,175.1313,0.0000,0.0000,0.0000,-0.6999,-0.0037,172.8694,0.022,4354,0.0000,0.0000,0.0770,0,0,0.366
96.903,0,0,0,-0.6167,0.0000,-0.6911,0.0195,175.1218,0.0000,0.0000,0.0000,-0.6999,-0.0037,172.8685,0.007,4360,0.0000,0.0000,0.0769,0,0,0.388
97.004,0,0,0,-0.6167,0.0000,-0.6910,0.0195,175.1091,0.0000,0.0000,0.0000,-0.6999,-0.0037,172.8681,0.006,4366,0.0000,0.0000,0.0768,0,0,0.384
97.104,0,0,0,-0.6167,0.0000,-0.6910,0.0194,175.1146,0.0000,0.0000,0.0000,-0.6999,-0.0037,172.8675,0.002,4370,0.0000,0.0000,0.0768,0,0,0.371
97.202,0,0,0,-0.6167,0.0000,-0.6900,0.0187,175.0725,0.0000,0.0000,0.0000,-0.7772,0.0829,179.0466,0.008,4375,0.0000,0.0000,0.0757,0,0,0.378
97.302,0,0,0,-0.6167,0.0000,-0.6910,0.0192,175.0984,0.0000,0.0000,0.0000,-0.6999,-0.0037,172.8676,0.007,4379,0.0000,0.0000,0.0768,0,0,0.391
97.403,0,0,0,-0.6167,0.0000,-0.6909,0.0194,175.1070,0.0000,0.0000,0.0000,-0.5935,-0.0219,170.9450,0.007,4384,0.0000,0.0000,0.0767,0,0,0.377
97.503,0,0,0,-0.6167,0.0000,-0.6909,0.0192,175.0980,0.0000,0.0000,0.0000,-0.6999,-0.0037,172.8674,0.003,4388,0.0000,0.0000,0.0767,0,0,0.380
97.603,0,0,0,-0.6167,0.0000,-0.6908,0.0194,175.1032,0.0000,0.0000,0.0000,-0.7772,0.0829,179.0486,0.013,4393,0.0000,0.0000,0.0766,0,0,0.370
97.702,0,0,0,-0.6167,0.0000,-0.6908,0.0194,175.1108,0.0000,0.0000,0.0000,-0.6999,-0.0037,172.8673,0.002,4397,0.0000,0.0000,0.0766,0,0,0.380
97.804,0,0,0,-0.6167,0.0000,-0.6907,0.0194,175.1007,0.0000,0.0000,0.0000,-0.5935,-0.0219,170.9444,0.009,4402,0.0000,0.0000,0.0765,0,0,0.381
97.901,0,0,0,-0.6167,0.0000,-0.6907,0.0194,175.1055,0.0000,0.0000,0.0000,-0.7772,0.0829,179.0458,0.037,4405,0.0000,0.0000,0.0765,0,0,0.366
98.004,0,0,0,-0.6167,0.0000,-0.6907,0.0194,175.1186,0.0000,0.0000,0.0000,-0.6999,-0.0037,172.8681,0.006,4409,0.0000,0.0000,0.0765,0,0,0.371
98.102,0,0,0,-0.6167,0.0000,-0.6907,0.0194,175.1071,0.0000,0.0000,0.0000,-0.5935,-0.0219,170.9446,0.017,4414,0.0000,0.0000,0.0765,0,0,0.388
98.204,0,0,0,-0.6167,0.0000,-0.6917,0.0198,175.1296,0.0000,0.0000,0.0000,-0.7772,0.0829,179.0469,0.010,4419,0.0000,0.0000,0.0776,0,0,0.365
98.302,0,0,0,-0.6167,0.0000,-0.6917,0.0198,175.1337,0.0000,0.0000,0.0000,-0.5935,-0.0219,170.9440,0.002,4423,0.0000,0.0000,0.0776,0,0,0.375
98.404,0,0,0,-0.6167,0.0000,-0.6906,0.0193,175.0931,0.0000,0.0000,0.0000,-0.5935,-0.0219,170.9448,0.009,4429,0.0000,0.0000,0.0764,0,0,0.390
98.503,0,0,0,-0.6167,0.0000,-0.6906,0.0191,175.0865,0.0000,0.0000,0.0000,-0.6999,-0.0037,172.8665,0.007,4433,0.0000,0.0000,0.0764,0,0,0.373
98.604,0,0,0,-0.6167,0.0000,-0.6905,0.0193,175.0925,0.0000,0.0000,0.0000,-0.7772,0.0829,179.0470,0.011,4438,0.0000,0.0000,0.0763,0,0,0.384
98.705,0,0,0,-0.6167,0.0000,-0.6905,0.0193,175.1012,0.0000,0.0000,0.0000,-0.7772,0.0829,179.0473,0.047,4441,0.0000,0.0000,0.0763,0,0,0.387
98.804,0,0,0,-0.6167,0.0000,-0.6905,0.0193,175.0929,0.0000,0.0000,0.0000,-0.7772,0.0829,179.0469,0.012,4447,0.0000,0.0000,0.0763,0,0,0.378
98.901,0,0,0,-0.6167,0.0000,-0.6906,0.0190,175.0858,0.0000,0.0000,0.0000,-0.6999,-0.0037,172.8685,0.008,4451,0.0000,0.0000,0.0763,0,0,0.383
99.002,0,0,0,-0.6167,0.0000,-0.6895,0.0186,175.0571,0.0000,0.0000,0.0000,-0.7772,0.0829,179.0470,0.011,4456,0.0000,0.0000,0.0752,0,0,0.375
99.105,0,0,0,-0.6167,0.0000,-0.6906,0.0190,175.0851,0.0000,0.0000,0.0000,-0.6999,-0.0037,172.8673,0.007,4460,0.0000,0.0000,0.0763,0,0,0.390
99.212,0,0,0,-0.6167,0.0000,-0.6905,0.0193,175.1087,0.0000,0.0000,0.0000,-0.5935,-0.0218,170.9435,0.010,4463,0.0000,0.0000,0.0763,0,0,0.379
99.310,0,0,0,-0.6167,0.0000,-0.6895,0.0186,175.0678,0.0000,0.0000,0.0000,-0.5935,-0.0218,170.9438,0.007,4467,0.0000,0.0000,0.0752,0,0,0.368
99.417,0,0,0,-0.6167,0.0000,-0.6895,0.0186,175.0755,0.0000,0.0000,0.0000,-0.7772,0.0829,179.0488,0.023,4471,0.0000,0.0000,0.0752,0,0,0.363
99.507,0,0,0,-0.6167,0.0000,-0.6895,0.0186,175.0643,0.0000,0.0000,0.0000,-0.7772,0.0829,179.0468,0.015,4477,0.0000,0.0000,0.0752,0,0,0.370
99.626,0,0,0,-0.6167,0.0000,-0.6905,0.0193,175.1019,0.0000,0.0000,0.0000,-0.5935,-0.0218,170.9429,0.011,4480,0.0000,0.0000,0.0763,0,0,0.375
99.701,0,0,0,-0.6167,0.0000,-0.6905,0.0190,175.0813,0.0000,0.0000,0.0000,-0.6999,-0.0037,172.8691,0.007,4487,0.0000,0.0000,0.0763,0,0,0.366
99.802,0,0,0,-0.6167,0.0000,-0.6904,0.0193,175.0870,0.0000,0.0000,0.0000,-0.7772,0.0829,179.0473,0.019,4492,0.0000,0.0000,0.0762,0,0,0.366
99.902,0,0,0,-0.6167,0.0000,-0.6904,0.0193,175.0973,0.0000,0.0000,0.0000,-0.6999,-0.0037,172.8680,0.003,4496,0.0000,0.0000,0.0762,0,0,0.397
100.001,0,0,0,-0.6167,0.0000,-0.6904,0.0193,175.0874,0.0000,0.0000,0.0000,-0.7772,0.0829,179.0464,0.010,4501,0.0000,0.0000,0.0762,0,0,0.382
100.102,0,0,0,-0.6167,0.0000,-0.6905,0.0190,175.0791,0.0000,0.0000,0.0000,-0.6999,-0.0037,172.8679,0.006,4505,0.0000,0.0000,0.0762,0,0,0.369
100.201,0,0,0,-0.6167,0.0000,-0.6904,0.0193,175.0879,0.0000,0.0000,0.0000,-0.7772,0.0829,179.0477,0.010,4510,0.0000,0.0000,0.0762,0,0,0.378
100.303,0,0,0,-0.6167,0.0000,-0.6905,0.0190,175.0827,0.0000,0.0000,0.0000,-0.6999,-0.0037,172.8684,0.006,4514,0.0000,0.0000,0.0762,0,0,0.379
100.404,0,0,0,-0.6167,0.0000,-0.6903,0.0193,175.0891,0.0000,0.0000,0.0000,-0.5935,-0.0218,170.9432,0.014,4519,0.0000,0.0000,0.0762,0,0,0.383
100.502,0,0,0,-0.6167,0.0000,-0.6905,0.0190,175.0823,0.0000,0.0000,0.0000,-0.6999,-0.0037,172.8696,0.007,4523,0.0000,0.0000,0.0762,0,0,0.379
100.601,0,0,0,-0.6167,0.0000,-0.6894,0.0186,175.0561,0.0000,0.0000,0.0000,-0.7772,0.0829,179.0481,0.009,4528,0.0000,0.0000,0.0751,0,0,0.385
100.704,0,0,0,-0.6167,0.0000,-0.6903,0.0193,175.1009,0.0000,0.0000,0.0000,-0.7772,0.0829,179.0476,0.044,4531,0.0000,0.0000,0.0761,0,0,0.363
100.801,0,0,0,-0.6167,0.0000,-0.6904,0.0190,175.0939,0.0000,0.0000,0.0000,-0.6999,-0.0037,172.8688,0.006,4535,0.0000,0.0000,0.0762,0,0,0.363
100.904,0,0,0,-0.6167,0.0000,-0.6903,0.0193,175.0997,0.0000,0.0000,0.0000,-0.6999,-0.0037,172.8685,0.007,4541,0.0000,0.0000,0.0761,0,0,0.388
101.001,0,0,0,-0.6167,0.0000,-0.6914,0.0197,175.1220,0.0000,0.0000,0.0000,-0.7772,0.0829,179.0489,0.017,4545,0.0000,0.0000,0.0772,0,0,0.385
101.102,0,0,0,-0.6167,0.0000,-0.6904,0.0190,175.0830,0.0000,0.0000,0.0000,-0.6999,-0.0037,172.8674,0.008,4550,0.0000,0.0000,0.0761,0,0,0.393
101.201,0,0,0,-0.6167,0.0000,-0.6903,0.0192,175.0870,0.0000,0.0000,0.0000,-0.7772,0.0829,179.0468,0.013,4555,0.0000,0.0000,0.0761,0,0,0.384
101.302,0,0,0,-0.6167,0.0000,-0.6904,0.0190,175.0815,0.0000,0.0000,0.0000,-0.6999,-0.0037,172.8679,0.009,4559,0.0000,0.0000,0.0761,0,0,0.408
101.402,0,0,0,-0.6167,0.0000,-0.6913,0.0197,175.1205,0.0000,0.0000,0.0000,-0.5935,-0.0218,170.9428,0.013,4564,0.0000,0.0000,0.0772,0,0,0.369
101.503,0,0,0,-0.6167,0.0000,-0.6903,0.0192,175.0998,0.0000,0.0000,0.0000,-0.6999,-0.0037,172.8696,0.006,4568,0.0000,0.0000,0.0761,0,0,0.383
101.603,0,0,0,-0.6167,0.0000,-0.6903,0.0192,175.0888,0.0000,0.0000,0.0000,-0.7772,0.0829,179.0466,0.011,4573,0.0000,0.0000,0.0761,0,0,0.375
101.701,0,0,0,-0.6167,0.0000,-0.6904,0.0190,175.0822,0.0000,0.0000,0.0000,-0.6999,-0.0037,172.8677,0.006,4577,0.0000,0.0000,0.0761,0,0,0.378
101.801,0,0,0,-0.6167,0.0000,-0.6903,0.0192,175.0890,0.0000,0.0000,0.0000,-0.5935,-0.0218,170.9429,0.011,4582,0.0000,0.0000,0.0761,0,0,0.382
101.904,0,0,0,-0.6167,0.0000,-0.6903,0.0192,175.1002,0.0000,0.0000,0.0000,-0.5935,-0.0218,170.9434,0.045,4585,0.0000,0.0000,0.0761,0,0,0.385
102.006,0,0,0,-0.6167,0.0000,-0.6893,0.0186,175.0557,0.0000,0.0000,0.0000,-0.6999,-0.0037,172.8686,0.014,4590,0.0000,0.0000,0.0750,0,0,0.384
102.104,0,0,0,-0.6167,0.0000,-0.6903,0.0192,175.0982,0.0000,0.0000,0.0000,-0.5935,-0.0218,170.9425,0.021,4594,0.0000,0.0000,0.0761,0,0,0.377
102.205,0,0,0,-0.6167,0.0000,-0.6893,0.0186,175.0570,0.0000,0.0000,0.0000,-0.7772,0.0829,179.0479,0.006,4600,0.0000,0.0000,0.0750,0,0,0.356
102.301,0,0,0,-0.6167,0.0000,-0.6904,0.0190,175.0819,0.0000,0.0000,0.0000,-0.6999,-0.0037,172.8684,0.006,4604,0.0000,0.0000,0.0761,0,0,0.369
102.402,0,0,0,-0.6167,0.0000,-0.6913,0.0197,175.1204,0.0000,0.0000,0.0000,-0.5935,-0.0218,170.9433,0.002,4609,0.0000,0.0000,0.0772,0,0,0.371
102.502,0,0,0,-0.6167,0.0000,-0.6903,0.0190,175.0816,0.0000,0.0000,0.0000,-0.6999,-0.0037,172.8683,0.006,4613,0.0000,0.0000,0.0761,0,0,0.368
102.603,0,0,0,-0.6167,0.0000,-0.6902,0.0192,175.0869,0.0000,0.0000,0.0000,-0.7772,0.0829,179.0473,0.011,4618,0.0000,0.0000,0.0760,0,0,0.376
102.702,0,0,0,-0.6167,0.0000,-0.6903,0.0190,175.0799,0.0000,0.0000,0.0000,-0.6999,-0.0037,172.8681,0.007,4622,0.0000,0.0000,0.0761,0,0,0.399
102.802,0,0,0,-0.6167,0.0000,-0.6902,0.0192,175.0888,0.0000,0.0000,0.0000,-0.7772,0.0829,179.0467,0.006,4627,0.0000,0.0000,0.0760,0,0,0.388
102.902,0,0,0,-0.6167,0.0000,-0.6903,0.0190,175.0790,0.0000,0.0000,0.0000,-0.6999,-0.0037,172.8699,0.007,4631,0.0000,0.0000,0.0761,0,0,0.379
103.003,0,0,0,-0.6167,0.0000,-0.6902,0.0192,175.0850,0.0000,0.0000,0.0000,-0.7772,0.0829,179.0467,0.015,4636,0.0000,0.0000,0.0760,0,0,0.370
103.101,0,0,0,-0.6167,0.0000,-0.6903,0.0190,175.0772,0.0000,0.0000,0.0000,-0.6999,-0.0037,172.8681,0.010,4640,0.0000,0.0000,0.0761,0,0,0.377
103.203,0,0,0,-0.6167,0.0000,-0.6902,0.0192,175.0857,0.0000,0.0000,0.0000,-0.7772,0.0829,179.0470,0.015,4645,0.0000,0.0000,0.0760,0,0,0.368
103.302,0,0,0,-0.6167,0.0000,-0.6902,0.0192,175.0951,0.0000,0.0000,0.0000,-0.5935,-0.0218,170.9427,0.039,4648,0.0000,0.0000,0.0760,0,0,0.368
103.404,0,0,0,-0.6167,0.0000,-0.6901,0.0195,175.1024,0.0000,0.0000,0.0000,-0.5935,-0.0218,170.9426,0.002,4654,0.0000,0.0000,0.0760,0,0,0.377
103.501,0,0,0,-0.6167,0.0000,-0.6901,0.0195,175.1087,0.0000,0.0000,0.0000,-0.5935,-0.0218,170.9418,0.033,4657,0.0000,0.0000,0.0760,0,0,0.395
103.603,0,0,0,-0.6167,0.0000,-0.6902,0.0192,175.1001,0.0000,0.0000,0.0000,-0.6999,-0.0037,172.8691,0.039,4661,0.0000,0.0000,0.0760,0,0,0.368
103.704,0,0,0,-0.6167,0.0000,-0.6901,0.0194,175.1061,0.0000,0.0000,0.0000,-0.6999,-0.0037,172.8687,0.006,4667,0.0000,0.0000,0.0760,0,0,0.391
103.803,0,0,0,-0.6167,0.0000,-0.6901,0.0194,175.0951,0.0000,0.0000,0.0000,-0.7772,0.0829,179.0474,0.016,4672,0.0000,0.0000,0.0760,0,0,0.388
103.902,0,0,0,-0.6167,0.0000,-0.6902,0.0192,175.0882,0.0000,0.0000,0.0000,-0.6999,-0.0037,172.8682,0.008,4676,0.0000,0.0000,0.0760,0,0,0.382
104.003,0,0,0,-0.6167,0.0000,-0.6901,0.0194,175.0955,0.0000,0.0000,0.0000,-0.5935,-0.0218,170.9420,0.014,4681,0.0000,0.0000,0.0760,0,0,0.362
104.106,0,0,0,-0.6167,0.0000,-0.6901,0.0194,175.1058,0.0000,0.0000,0.0000,-0.6999,-0.0037,172.8673,0.007,4685,0.0000,0.0000,0.0760,0,0,0.368
104.203,0,0,0,-0.6167,0.0000,-0.6901,0.0194,175.0940,0.0000,0.0000,0.0000,-0.7772,0.0829,179.0471,0.017,4690,0.0000,0.0000,0.0760,0,0,0.390
104.302,0,0,0,-0.6167,0.0000,-0.6901,0.0194,175.1024,0.0000,0.0000,0.0000,-0.7772,0.0829,179.0488,0.046,4693,0.0000,0.0000,0.0760,0,0,0.377
104.404,0,0,0,-0.6167,0.0000,-0.6901,0.0194,175.0904,0.0000,0.0000,0.0000,-0.5935,-0.0218,170.9421,0.012,4699,0.0000,0.0000,0.0760,0,0,0.367
104.503,0,0,0,-0.6167,0.0000,-0.6901,0.0194,175.0994,0.0000,0.0000,0.0000,-0.6999,-0.0037,172.8690,0.002,4703,0.0000,0.0000,0.0760,0,0,0.375
104.604,0,0,0,-0.6167,0.0000,-0.6901,0.0194,175.0918,0.0000,0.0000,0.0000,-0.7772,0.0829,179.0476,0.007,4708,0.0000,0.0000,0.0760,0,0,0.378
104.703,0,0,0,-0.6167,0.0000,-0.6901,0.0194,175.0997,0.0000,0.0000,0.0000,-0.5935,-0.0218,170.9422,0.047,4711,0.0000,0.0000,0.0760,0,0,0.363
104.804,0,0,0,-0.6167,0.0000,-0.6902,0.0194,175.1057,0.0000,0.0000,0.0000,-0.6999,-0.0037,172.8690,0.008,4715,0.0000,0.0000,0.0760,0,0,0.366
104.904,0,0,0,-0.6167,0.0000,-0.6902,0.0194,175.0974,0.0000,0.0000,0.0000,-0.5935,-0.0218,170.9412,0.020,4720,0.0000,0.0000,0.0760,0,0,0.377
105.001,0,0,0,-0.6167,0.0000,-0.6912,0.0198,175.1202,0.0000,0.0000,0.0000,-0.5935,-0.0218,170.9417,0.007,4726,0.0000,0.0000,0.0771,0,0,0.385
105.104,0,0,0,-0.6167,0.0000,-0.6902,0.0191,175.0781,0.0000,0.0000,0.0000,-0.6999,-0.0037,172.8692,0.006,4730,0.0000,0.0000,0.0760,0,0,0.369
105.203,0,0,0,-0.6167,0.0000,-0.6901,0.0193,175.0841,0.0000,0.0000,0.0000,-0.7772,0.0829,179.0498,0.013,4735,0.0000,0.0000,0.0760,0,0,0.379
105.301,0,0,0,-0.6167,0.0000,-0.6902,0.0191,175.0755,0.0000,0.0000,0.0000,-0.6999,-0.0037,172.8690,0.006,4739,0.0000,0.0000,0.0760,0,0,0.380
105.404,0,0,0,-0.6167,0.0000,-0.6901,0.0193,175.0826,0.0000,0.0000,0.0000,-0.5935,-0.0218,170.9417,0.013,4744,0.0000,0.0000,0.0760,0,0,0.372
105.503,0,0,0,-0.6167,0.0000,-0.6902,0.0191,175.0766,0.0000,0.0000,0.0000,-0.6999,-0.0037,172.8690,0.007,4748,0.0000,0.0000,0.0760,0,0,0.376
105.601,0,0,0,-0.6167,0.0000,-0.6892,0.0186,175.0484,0.0000,0.0000,0.0000,-0.7772,0.0829,179.0494,0.009,4753,0.0000,0.0000,0.0749,0,0,0.386
105.702,0,0,0,-0.6167,0.0000,-0.6902,0.0191,175.0782,0.0000,0.0000,0.0000,-0.6999,-0.0037,172.8688,0.005,4757,0.0000,0.0000,0.0760,0,0,0.375
105.802,0,0,0,-0.6167,0.0000,-0.6901,0.0193,175.0853,0.0000,0.0000,0.0000,-0.7772,0.0829,179.0493,0.011,4762,0.0000,0.0000,0.0760,0,0,0.369
105.903,0,0,0,-0.6167,0.0000,-0.6902,0.0191,175.0769,0.0000,0.0000,0.0000,-0.6999,-0.0037,172.8691,0.008,4766,0.0000,0.0000,0.0760,0,0,0.376
106.002,0,0,0,-0.6167,0.0000,-0.6901,0.0193,175.0854,0.0000,0.0000,0.0000,-0.5935,-0.0218,170.9411,0.006,4771,0.0000,0.0000,0.0760,0,0,0.370
106.101,0,0,0,-0.6167,0.0000,-0.6901,0.0193,175.0934,0.0000,0.0000,0.0000,-0.7772,0.0829,179.0480,0.027,4774,0.0000,0.0000,0.0760,0,0,0.377
106.204,0,0,0,-0.6167,0.0000,-0.6892,0.0186,175.0500,0.0000,0.0000,0.0000,-0.5935,-0.0218,170.9425,0.020,4779,0.0000,0.0000,0.0749,0,0,0.382
106.302,0,0,0,-0.6167,0.0000,-0.6903,0.0191,175.0752,0.0000,0.0000,0.0000,-0.6999,-0.0037,172.8690,0.012,4784,0.0000,0.0000,0.0760,0,0,0.383
106.402,0,0,0,-0.6167,0.0000,-0.6901,0.0193,175.0839,0.0000,0.0000,0.0000,-0.5935,-0.0218,170.9408,0.010,4789,0.0000,0.0000,0.0760,0,0,0.379
106.504,0,0,0,-0.6167,0.0000,-0.6902,0.0190,175.0778,0.0000,0.0000,0.0000,-0.6999,-0.0037,172.8685,0.006,4793,0.0000,0.0000,0.0760,0,0,0.374
106.603,0,0,0,-0.6167,0.0000,-0.6902,0.0193,175.0837,0.0000,0.0000,0.0000,-0.7772,0.0829,179.0488,0.009,4798,0.0000,0.0000,0.0760,0,0,0.364
106.704,0,0,0,-0.6167,0.0000,-0.6903,0.0190,175.0760,0.0000,0.0000,0.0000,-0.6999,-0.0037,172.8692,0.006,4802,0.0000,0.0000,0.0760,0,0,0.399
106.803,0,0,0,-0.6167,0.0000,-0.6902,0.0193,175.0838,0.0000,0.0000,0.0000,-0.7772,0.0829,179.0482,0.016,4807,0.0000,0.0000,0.0760,0,0,0.376
106.903,0,0,0,-0.6167,0.0000,-0.6903,0.0190,175.0763,0.0000,0.0000,0.0000,-0.6999,-0.0037,172.8699,0.006,4811,0.0000,0.0000,0.0760,0,0,0.379
0.041,0,0,0,-0.6167,0.0000,-0.6892,0.0186,175.0482,0.0000,0.0000,0.0000,-0.7772,0.0829,179.0486,0.011,4816,0.0000,0.0000,0.0749,0,0,0.391
0.142,0,0,0,-0.6167,0.0000,-0.6902,0.0193,175.0937,0.0000,0.0000,0.0000,-0.5935,-0.0218,170.9428,0.046,4819,0.0000,0.0000,0.0760,0,0,0.368
0.241,0,0,0,-0.6167,0.0000,-0.6902,0.0193,175.0856,0.0000,0.0000,0.0000,-0.7772,0.0829,179.0494,0.014,4825,0.0000,0.0000,0.0760,0,0,0.373
0.340,0,0,0,-0.6167,0.0000,-0.6903,0.0190,175.0776,0.0000,0.0000,0.0000,-0.6999,-0.0037,172.8685,0.002,4829,0.0000,0.0000,0.0760,0,0,0.379
0.441,0,0,0,-0.6167,0.0000,-0.6902,0.0193,175.0841,0.0000,0.0000,0.0000,-0.5935,-0.0218,170.9427,0.010,4834,0.0000,0.0000,0.0760,0,0,0.363
0.541,0,0,0,-0.6167,0.0000,-0.6902,0.0193,175.0919,0.0000,0.0000,0.0000,-0.7772,0.0829,179.0487,0.044,4837,0.0000,0.0000,0.0760,0,0,0.382
0.641,0,0,0,-0.6167,0.0000,-0.6903,0.0190,175.0809,0.0000,0.0000,0.0000,-0.6999,-0.0037,172.8699,0.026,4841,0.0000,0.0000,0.0760,0,0,0.374
0.741,0,0,0,-0.6167,0.0000,-0.6903,0.0190,175.0741,0.0000,0.0000,0.0000,-0.6999,-0.0037,172.8707,0.007,4847,0.0000,0.0000,0.0760,0,0,0.370
0.841,0,0,0,-0.6167,0.0000,-0.6902,0.0193,175.0819,0.0000,0.0000,0.0000,-0.5934,-0.0218,170.9437,0.008,4852,0.0000,0.0000,0.0760,0,0,0.375
0.941,0,0,0,-0.6167,0.0000,-0.6903,0.0190,175.0727,0.0000,0.0000,0.0000,-0.6999,-0.0037,172.8693,0.007,4856,0.0000,0.0000,0.0760,0,0,0.374
1.042,0,0,0,-0.6167,0.0000,-0.6902,0.0193,175.0821,0.0000,0.0000,0.0000,-0.5935,-0.0218,170.9404,0.009,4861,0.0000,0.0000,0.0760,0,0,0.389
1.141,0,0,0,-0.6167,0.0000,-0.6903,0.0190,175.0729,0.0000,0.0000,0.0000,-0.6999,-0.0037,172.8697,0.014,4865,0.0000,0.0000,0.0760,0,0,0.378
1.242,0,0,0,-0.6167,0.0000,-0.6902,0.0193,175.0824,0.0000,0.0000,0.0000,-0.7772,0.0829,179.0475,0.016,4870,0.0000,0.0000,0.0760,0,0,0.371
1.343,0,0,0,-0.6167,0.0000,-0.6903,0.0190,175.0759,0.0000,0.0000,0.0000,-0.6999,-0.0037,172.8701,0.006,4874,0.0000,0.0000,0.0760,0,0,0.385
1.440,0,0,0,-0.6167,0.0000,-0.6901,0.0193,175.0811,0.0000,0.0000,0.0000,-0.5935,-0.0218,170.9410,0.010,4879,0.0000,0.0000,0.0760,0,0,0.380
1.541,0,0,0,-0.6167,0.0000,-0.6903,0.0190,175.0742,0.0000,0.0000,0.0000,-0.6999,-0.0037,172.8710,0.009,4883,0.0000,0.0000,0.0760,0,0,0.367
1.642,0,0,0,-0.6167,0.0000,-0.6902,0.0193,175.0824,0.0000,0.0000,0.0000,-0.7772,0.0829,179.0477,0.017,4888,0.0000,0.0000,0.0760,0,0,0.398
1.739,0,0,0,-0.6167,0.0000,-0.6902,0.0193,175.0922,0.0000,0.0000,0.0000,-0.7772,0.0829,179.0488,0.043,4891,0.0000,0.0000,0.0760,0,0,0.361
1.843,0,0,0,-0.6167,0.0000,-0.6892,0.0186,175.0528,0.0000,0.0000,0.0000,-0.6999,-0.0037,172.8696,0.012,4896,0.0000,0.0000,0.0749,0,0,0.371
1.940,0,0,0,-0.6167,0.0000,-0.6902,0.0193,175.0914,0.0000,0.0000,0.0000,-0.6999,-0.0037,172.8701,0.003,4901,0.0000,0.0000,0.0760,0,0,0.387
2.041,0,0,0,-0.6167,0.0000,-0.6903,0.0190,175.0851,0.0000,0.0000,0.0000,-0.7773,0.0829,179.0476,0.002,4906,0.0000,0.0000,0.0760,0,0,0.361
2.139,0,0,0,-0.6167,0.0000,-0.6902,0.0193,175.0917,0.0000,0.0000,0.0000,-0.6999,-0.0037,172.8692,0.006,4910,0.0000,0.0000,0.0760,0,0,0.367
2.241,0,0,0,-0.6167,0.0000,-0.6902,0.0193,175.0845,0.0000,0.0000,0.0000,-0.5934,-0.0217,170.9419,0.009,4915,0.0000,0.0000,0.0760,0,0,0.384
2.339,0,0,0,-0.6167,0.0000,-0.6902,0.0193,175.0911,0.0000,0.0000,0.0000,-0.6999,-0.0037,172.8701,0.002,4919,0.0000,0.0000,0.0760,0,0,0.379
2.441,0,0,0,-0.6167,0.0000,-0.6902,0.0193,175.0851,0.0000,0.0000,0.0000,-0.5934,-0.0217,170.9420,0.009,4924,0.0000,0.0000,0.0760,0,0,0.384
2.542,0,0,0,-0.6167,0.0000,-0.6903,0.0190,175.0776,0.0000,0.0000,0.0000,-0.6999,-0.0037,172.8696,0.006,4928,0.0000,0.0000,0.0760,0,0,0.366
2.641,0,0,0,-0.6167,0.0000,-0.6902,0.0193,175.0851,0.0000,0.0000,0.0000,-0.7772,0.0829,179.0490,0.015,4933,0.0000,0.0000,0.0760,0,0,0.378
2.742,0,0,0,-0.6167,0.0000,-0.6903,0.0190,175.0790,0.0000,0.0000,0.0000,-0.6999,-0.0037,172.8705,0.005,4937,0.0000,0.0000,0.0760,0,0,0.388
2.840,0,0,0,-0.6167,0.0000,-0.6912,0.0197,175.1186,0.0000,0.0000,0.0000,-0.5934,-0.0217,170.9411,0.011,4942,0.0000,0.0000,0.0771,0,0,0.384
2.942,0,0,0,-0.6167,0.0000,-0.6902,0.0193,175.0969,0.0000,0.0000,0.0000,-0.6999,-0.0037,172.8698,0.003,4946,0.0000,0.0000,0.0760,0,0,0.388
3.042,0,0,0,-0.6167,0.0000,-0.6902,0.0193,175.0871,0.0000,0.0000,0.0000,-0.5934,-0.0217,170.9415,0.012,4951,0.0000,0.0000,0.0760,0,0,0.374
3.143,0,0,0,-0.6167,0.0000,-0.6902,0.0192,175.0956,0.0000,0.0000,0.0000,-0.6999,-0.0037,172.8694,0.002,4955,0.0000,0.0000,0.0760,0,0,0.373
3.242,0,0,0,-0.6167,0.0000,-0.6902,0.0193,175.0851,0.0000,0.0000,0.0000,-0.7772,0.0829,179.0489,0.013,4960,0.0000,0.0000,0.0760,0,0,0.384
3.343,0,0,0,-0.6167,0.0000,-0.6902,0.0192,175.0925,0.0000,0.0000,0.0000,-0.5934,-0.0217,170.9415,0.039,4963,0.0000,0.0000,0.0760,0,0,0.371
3.441,0,0,0,-0.6167,0.0000,-0.6903,0.0190,175.0791,0.0000,0.0000,0.0000,-0.6999,-0.0037,172.8697,0.019,4967,0.0000,0.0000,0.0760,0,0,0.387
3.540,0,0,0,-0.6167,0.0000,-0.6901,0.0192,175.0886,0.0000,0.0000,0.0000,-0.6999,-0.0037,172.8695,0.002,4973,0.0000,0.0000,0.0759,0,0,0.369
3.642,0,0,0,-0.6167,0.0000,-0.6901,0.0192,175.0812,0.0000,0.0000,0.0000,-0.5934,-0.0217,170.9406,0.009,4978,0.0000,0.0000,0.0759,0,0,0.376
3.740,0,0,0,-0.6167,0.0000,-0.6902,0.0190,175.0725,0.0000,0.0000,0.0000,-0.6999,-0.0037,172.8701,0.002,4982,0.0000,0.0000,0.0760,0,0,0.382
3.842,0,0,0,-0.6167,0.0000,-0.6901,0.0192,175.0776,0.0000,0.0000,0.0000,-0.5934,-0.0217,170.9425,0.013,4987,0.0000,0.0000,0.0759,0,0,0.378
3.940,0,0,0,-0.6167,0.0000,-0.6901,0.0192,175.0837,0.0000,0.0000,0.0000,-0.6999,-0.0037,172.8701,0.008,4991,0.0000,0.0000,0.0759,0,0,0.376
4.039,0,0,0,-0.6167,0.0000,-0.6901,0.0192,175.0769,0.0000,0.0000,0.0000,-0.5934,-0.0217,170.9426,0.009,4996,0.0000,0.0000,0.0759,0,0,0.386
4.141,0,0,0,-0.6167,0.0000,-0.6902,0.0190,175.0694,0.0000,0.0000,0.0000,-0.6999,-0.0037,172.8725,0.007,5000,0.0000,0.0000,0.0759,0,0,0.390
4.242,0,0,0,-0.6167,0.0000,-0.6901,0.0192,175.0763,0.0000,0.0000,0.0000,-0.7772,0.0829,179.0498,0.017,5005,0.0000,0.0000,0.0759,0,0,0.373
4.340,0,0,0,-0.6167,0.0000,-0.6902,0.0190,175.0706,0.0000,0.0000,0.0000,-0.6999,-0.0037,172.8712,0.006,5009,0.0000,0.0000,0.0760,0,0,0.402
4.442,0,0,0,-0.6167,0.0000,-0.6901,0.0192,175.0789,0.0000,0.0000,0.0000,-0.5934,-0.0217,170.9418,0.009,5014,0.0000,0.0000,0.0759,0,0,0.369
4.542,0,0,0,-0.6167,0.0000,-0.6901,0.0192,175.0869,0.0000,0.0000,0.0000,-0.7772,0.0829,179.0497,0.048,5017,0.0000,0.0000,0.0759,0,0,0.382
4.641,0,0,0,-0.6167,0.0000,-0.6901,0.0192,175.0936,0.0000,0.0000,0.0000,-0.6999,-0.0036,172.8685,0.007,5021,0.0000,0.0000,0.0759,0,0,0.385
4.741,0,0,0,-0.6167,0.0000,-0.6901,0.0192,175.0876,0.0000,0.0000,0.0000,-0.7772,0.0829,179.0496,0.028,5026,0.0000,0.0000,0.0760,0,0,0.372
4.843,0,0,0,-0.6167,0.0000,-0.6912,0.0197,175.1117,0.0000,0.0000,0.0000,-0.5934,-0.0217,170.9426,0.007,5032,0.0000,0.0000,0.0771,0,0,0.365
4.942,0,0,0,-0.6167,0.0000,-0.6901,0.0192,175.0868,0.0000,0.0000,0.0000,-0.6999,-0.0036,172.8687,0.005,5036,0.0000,0.0000,0.0759,0,0,0.363
5.042,0,0,0,-0.6167,0.0000,-0.6901,0.0192,175.0776,0.0000,0.0000,0.0000,-0.5934,-0.0217,170.9430,0.015,5041,0.0000,0.0000,0.0759,0,0,0.374
5.140,0,0,0,-0.6167,0.0000,-0.6902,0.0190,175.0710,0.0000,0.0000,0.0000,-0.6999,-0.0037,172.8697,0.008,5045,0.0000,0.0000,0.0760,0,0,0.385
5.242,0,0,0,-0.6167,0.0000,-0.6901,0.0192,175.0780,0.0000,0.0000,0.0000,-0.7772,0.0829,179.0494,0.017,5050,0.0000,0.0000,0.0759,0,0,0.383
5.339,0,0,0,-0.6167,0.0000,-0.6902,0.0190,175.0723,0.0000,0.0000,0.0000,-0.6999,-0.0037,172.8699,0.006,5054,0.0000,0.0000,0.0760,0,0,0.366
5.442,0,0,0,-0.6167,0.0000,-0.6901,0.0192,175.0773,0.0000,0.0000,0.0000,-0.5935,-0.0217,170.9389,0.016,5059,0.0000,0.0000,0.0759,0,0,0.367
5.542,0,0,0,-0.6167,0.0000,-0.6902,0.0190,175.0702,0.0000,0.0000,0.0000,-0.6999,-0.0037,172.8694,0.009,5063,0.0000,0.0000,0.0760,0,0,0.372
5.639,0,0,0,-0.6167,0.0000,-0.6901,0.0192,175.0785,0.0000,0.0000,0.0000,-0.7772,0.0829,179.0487,0.014,5068,0.0000,0.0000,0.0760,0,0,0.380
5.743,0,0,0,-0.6167,0.0000,-0.6901,0.0192,175.0888,0.0000,0.0000,0.0000,-0.6999,-0.0037,172.8699,0.002,5072,0.0000,0.0000,0.0760,0,0,0.384
5.842,0,0,0,-0.6167,0.0000,-0.6901,0.0192,175.0819,0.0000,0.0000,0.0000,-0.5934,-0.0217,170.9407,0.006,5077,0.0000,0.0000,0.0760,0,0,0.383
5.943,0,0,0,-0.6167,0.0000,-0.6902,0.0192,175.0916,0.0000,0.0000,0.0000,-0.6999,-0.0037,172.8707,0.002,5081,0.0000,0.0000,0.0760,0,0,0.390
6.040,0,0,0,-0.6167,0.0000,-0.6903,0.0190,175.0826,0.0000,0.0000,0.0000,-0.5934,-0.0217,170.9427,0.006,5086,0.0000,0.0000,0.0760,0,0,0.379
6.142,0,0,0,-0.6167,0.0000,-0.6903,0.0190,175.0803,0.0000,0.0000,0.0000,-0.6999,-0.0037,172.8708,0.006,5090,0.0000,0.0000,0.0760,0,0,0.373
6.241,0,0,0,-0.6167,0.0000,-0.6912,0.0197,175.1242,0.0000,0.0000,0.0000,-0.7772,0.0829,179.0469,0.008,5094,0.0000,0.0000,0.0771,0,0,0.376
6.340,0,0,0,-0.6167,0.0000,-0.6901,0.0192,175.0931,0.0000,0.0000,0.0000,-0.6999,-0.0037,172.8708,0.007,5099,0.0000,0.0000,0.0760,0,0,0.364
6.441,0,0,0,-0.6167,0.0000,-0.6901,0.0192,175.0895,0.0000,0.0000,0.0000,-0.5934,-0.0217,170.9403,0.007,5104,0.0000,0.0000,0.0760,0,0,0.381
6.540,0,0,0,-0.6167,0.0000,-0.6902,0.0190,175.0819,0.0000,0.0000,0.0000,-0.6999,-0.0037,172.8708,0.008,5108,0.0000,0.0000,0.0760,0,0,0.390
6.642,0,0,0,-0.6167,0.0000,-0.6901,0.0193,175.0894,0.0000,0.0000,0.0000,-0.7772,0.0829,179.0494,0.014,5113,0.0000,0.0000,0.0760,0,0,0.390
6.740,0,0,0,-0.6167,0.0000,-0.6902,0.0190,175.0811,0.0000,0.0000,0.0000,-0.6999,-0.0037,172.8713,0.005,5117,0.0000,0.0000,0.0760,0,0,0.388
6.842,0,0,0,-0.6167,0.0000,-0.6901,0.0193,175.0879,0.0000,0.0000,0.0000,-0.7772,0.0829,179.0482,0.017,5122,0.0000,0.0000,0.0760,0,0,0.377
6.941,0,0,0,-0.6167,0.0000,-0.6901,0.0193,175.0957,0.0000,0.0000,0.0000,-0.7772,0.0829,179.0508,0.048,5125,0.0000,0.0000,0.0760,0,0,0.395
7.042,0,0,0,-0.6167,0.0000,-0.6901,0.0193,175.0898,0.0000,0.0000,0.0000,-0.5934,-0.0217,170.9399,0.017,5131,0.0000,0.0000,0.0760,0,0,0.384
7.140,0,0,0,-0.6167,0.0000,-0.6901,0.0193,175.0957,0.0000,0.0000,0.0000,-0.6999,-0.0037,172.8697,0.008,5135,0.0000,0.0000,0.0760,0,0,0.376
7.243,0,0,0,-0.6167,0.0000,-0.6902,0.0193,175.0925,0.0000,0.0000,0.0000,-0.7772,0.0829,179.0487,0.012,5140,0.0000,0.0000,0.0760,0,0,0.363
7.341,0,0,0,-0.6167,0.0000,-0.6902,0.0193,175.1014,0.0000,0.0000,0.0000,-0.7772,0.0829,179.0484,0.039,5143,0.0000,0.0000,0.0760,0,0,0.385
7.440,0,0,0,-0.6167,0.0000,-0.6903,0.0190,175.0898,0.0000,0.0000,0.0000,-0.6999,-0.0037,172.8705,0.022,5147,0.0000,0.0000,0.0760,0,0,0.378
7.543,0,0,0,-0.6167,0.0000,-0.6903,0.0190,175.0819,0.0000,0.0000,0.0000,-0.6999,-0.0037,172.8708,0.012,5153,0.0000,0.0000,0.0760,0,0,0.387
7.642,0,0,0,-0.6167,0.0000,-0.6912,0.0197,175.1247,0.0000,0.0000,0.0000,-0.7772,0.0829,179.0478,0.018,5157,0.0000,0.0000,0.0771,0,0,0.387
7.740,0,0,0,-0.6167,0.0000,-0.6901,0.0193,175.0979,0.0000,0.0000,0.0000,-0.6999,-0.0037,172.8701,0.006,5162,0.0000,0.0000,0.0760,0,0,0.375
7.842,0,0,0,-0.6167,0.0000,-0.6901,0.0193,175.0943,0.0000,0.0000,0.0000,-0.7773,0.0829,179.0471,0.016,5167,0.0000,0.0000,0.0760,0,0,0.362
7.940,0,0,0,-0.6167,0.0000,-0.6902,0.0190,175.0829,0.0000,0.0000,0.0000,-0.6999,-0.0037,172.8703,0.013,5171,0.0000,0.0000,0.0760,0,0,0.380
8.042,0,0,0,-0.6167,0.0000,-0.6901,0.0193,175.0920,0.0000,0.0000,0.0000,-0.7773,0.0829,179.0470,0.019,5176,0.0000,0.0000,0.0760,0,0,0.374
8.140,0,0,0,-0.6167,0.0000,-0.6901,0.0193,175.1015,0.0000,0.0000,0.0000,-0.5934,-0.0217,170.9409,0.046,5179,0.0000,0.0000,0.0760,0,0,0.378
8.242,0,0,0,-0.6167,0.0000,-0.6901,0.0193,175.0904,0.0000,0.0000,0.0000,-0.7772,0.0828,179.0512,0.017,5185,0.0000,0.0000,0.0760,0,0,0.372
8.341,0,0,0,-0.6167,0.0000,-0.6903,0.0190,175.0846,0.0000,0.0000,0.0000,-0.6999,-0.0037,172.8699,0.008,5189,0.0000,0.0000,0.0760,0,0,0.378
8.440,0,0,0,-0.6167,0.0000,-0.6912,0.0197,175.1225,0.0000,0.0000,0.0000,-0.5934,-0.0217,170.9409,0.010,5194,0.0000,0.0000,0.0771,0,0,0.374
8.540,0,0,0,-0.6167,0.0000,-0.6901,0.0193,175.0977,0.0000,0.0000,0.0000,-0.5934,-0.0217,170.9411,0.043,5197,0.0000,0.0000,0.0760,0,0,0.386
8.641,0,0,0,-0.6167,0.0000,-0.6892,0.0186,175.0602,0.0000,0.0000,0.0000,-0.6999,-0.0037,172.8720,0.009,5202,0.0000,0.0000,0.0749,0,0,0.382
8.740,0,0,0,-0.6167,0.0000,-0.6902,0.0193,175.0995,0.0000,0.0000,0.0000,-0.6999,-0.0036,172.8679,0.002,5207,0.0000,0.0000,0.0760,0,0,0.377
8.842,0,0,0,-0.6167,0.0000,-0.6902,0.0193,175.0933,0.0000,0.0000,0.0000,-0.5934,-0.0217,170.9398,0.006,5212,0.0000,0.0000,0.0760,0,0,0.374
8.941,0,0,0,-0.6167,0.0000,-0.6903,0.0190,175.0858,0.0000,0.0000,0.0000,-0.6999,-0.0037,172.8701,0.005,5216,0.0000,0.0000,0.0760,0,0,0.389
9.042,0,0,0,-0.6167,0.0000,-0.6901,0.0193,175.0911,0.0000,0.0000,0.0000,-0.5934,-0.0217,170.9399,0.014,5221,0.0000,0.0000,0.0760,0,0,0.376
9.140,0,0,0,-0.6167,0.0000,-0.6902,0.0190,175.0849,0.0000,0.0000,0.0000,-0.6999,-0.0037,172.8708,0.007,5225,0.0000,0.0000,0.0760,0,0,0.365
9.243,0,0,0,-0.6167,0.0000,-0.6901,0.0193,175.0904,0.0000,0.0000,0.0000,-0.7773,0.0829,179.0482,0.017,5230,0.0000,0.0000,0.0760,0,0,0.378
9.343,0,0,0,-0.6167,0.0000,-0.6903,0.0190,175.0844,0.0000,0.0000,0.0000,-0.6999,-0.0036,172.8695,0.011,5234,0.0000,0.0000,0.0760,0,0,0.384
9.441,0,0,0,-0.6167,0.0000,-0.6901,0.0193,175.0901,0.0000,0.0000,0.0000,-0.5934,-0.0217,170.9393,0.016,5239,0.0000,0.0000,0.0760,0,0,0.386
9.540,0,0,0,-0.6167,0.0000,-0.6903,0.0190,175.0834,0.0000,0.0000,0.0000,-0.6999,-0.0036,172.8695,0.011,5243,0.0000,0.0000,0.0760,0,0,0.375
9.640,0,0,0,-0.6167,0.0000,-0.6902,0.0193,175.0913,0.0000,0.0000,0.0000,-0.7773,0.0829,179.0478,0.015,5248,0.0000,0.0000,0.0760,0,0,0.381
9.743,0,0,0,-0.6167,0.0000,-0.6903,0.0190,175.0889,0.0000,0.0000,0.0000,-0.6999,-0.0037,172.8707,0.008,5252,0.0000,0.0000,0.0760,0,0,0.388
9.842,0,0,0,-0.6167,0.0000,-0.6902,0.0193,175.0951,0.0000,0.0000,0.0000,-0.7772,0.0829,179.0504,0.016,5257,0.0000,0.0000,0.0760,0,0,0.368
9.942,0,0,0,-0.6167,0.0000,-0.6901,0.0193,175.1051,0.0000,0.0000,0.0000,-0.5934,-0.0217,170.9401,0.039,5260,0.0000,0.0000,0.0760,0,0,0.380
0.002,0,0,0,-0.6167,0.0000,-0.6902,0.0193,175.0948,0.0000,0.0000,0.0000,-0.7772,0.0829,179.0507,0.019,5266,0.0000,0.0000,0.0760,0,0,0.361
0.101,0,0,0,-0.6167,0.0000,-0.6885,0.0188,175.1133,0.0000,0.0000,0.0000,-0.5934,-0.0217,170.9380,0.034,5269,-0.0586,0.0100,0.0743,0,0,0.374
0.200,0,0,1,-0.6167,0.6167,-0.6840,0.0175,175.3002,0.0000,0.0000,0.0000,-0.7001,-0.0042,172.9005,0.028,5273,-0.0026,-0.1000,0.6030,0,0,0.401
0.301,0,0,1,-0.6167,0.6167,-0.6830,0.0259,175.0733,0.0000,0.0000,0.0000,-0.6958,-0.0102,172.9778,0.008,5279,-0.0026,-0.1000,0.5945,0,0,0.397
0.401,0,0,1,-0.6167,0.6167,-0.6821,0.0349,175.3836,0.0000,0.0000,0.0000,-0.5917,-0.0221,171.0571,0.016,5284,-0.0026,-0.1000,0.5854,0,0,0.376
0.500,0,0,1,-0.6167,0.6167,-0.6811,0.0441,175.2697,0.0000,0.0000,0.0000,-0.6903,0.0126,173.2358,0.008,5288,-0.0026,-0.1000,0.5762,0,0,0.363
0.601,0,0,1,-0.6167,0.6167,-0.6799,0.0528,174.9425,0.0000,0.0000,0.0000,-0.7608,0.1064,178.8547,0.018,5293,-0.0026,-0.1000,0.5674,0,0,0.368
0.700,0,0,1,-0.6167,0.6167,-0.6788,0.0626,175.1113,0.0000,0.0000,0.0000,-0.6756,0.0468,173.0982,0.007,5297,-0.0026,-0.1000,0.5575,0,0,0.383
0.799,0,0,1,-0.6167,0.6167,-0.6769,0.0703,175.0685,0.0000,0.0000,0.0000,-0.5850,-0.0229,171.8635,0.024,5301,-0.0024,-0.1000,0.5496,0,0,0.339
0.903,0,0,1,-0.6167,0.6167,-0.6761,0.0795,174.9166,0.0000,0.0000,0.0000,-0.6817,0.0592,172.8278,0.012,5305,-0.0024,-0.1000,0.5404,0,0,0.333
1.001,0,0,1,-0.6167,0.6167,-0.6752,0.0887,174.8290,0.0000,0.0000,0.0000,-0.7797,0.1662,179.4013,0.016,5310,-0.0025,-0.1000,0.5312,0,0,0.328
1.102,0,0,1,-0.6167,0.6167,-0.6740,0.0986,175.0593,0.0000,0.0000,0.0000,-0.6741,0.0787,172.7823,0.018,5314,-0.0025,-0.1000,0.5212,0,0,0.318
1.201,0,0,1,-0.6167,0.6167,-0.6729,0.1084,175.0087,0.0000,0.0000,0.0000,-0.7674,0.1882,179.4140,0.020,5319,-0.0025,-0.1000,0.5114,0,0,0.302
1.300,0,0,1,-0.6167,0.6167,-0.6719,0.1183,174.8249,0.0000,0.0000,0.0000,-0.5750,0.0325,171.3720,0.046,5322,-0.0025,-0.1000,0.5014,0,0,0.277
1.402,0,0,1,-0.6167,0.6167,-0.6709,0.1279,174.9199,0.0000,0.0000,0.0000,-0.6715,0.1140,172.5769,0.029,5326,-0.0025,-0.1000,0.4918,0,0,0.280
1.501,0,0,1,-0.6167,0.6167,-0.6686,0.1375,174.8927,0.0000,0.0000,0.0000,-0.6612,0.1324,173.1509,0.006,5331,-0.0022,-0.1000,0.4820,0,0,0.267
1.599,0,0,1,-0.6167,0.6167,-0.6664,0.1463,174.8404,0.0000,0.0000,0.0000,-0.5662,0.0984,170.7193,0.006,5335,-0.0020,-0.1000,0.4730,0,0,0.279
1.700,0,0,1,-0.6167,0.6167,-0.6654,0.1568,174.8813,0.0000,0.0000,0.0000,-0.6640,0.1524,172.7916,0.009,5339,-0.0020,-0.1000,0.4625,0,0,0.254
1.801,0,0,1,-0.6167,0.6167,-0.6632,0.1658,174.9670,0.0000,0.0000,0.0000,-0.5637,0.0980,171.0267,0.019,5343,-0.0017,-0.1000,0.4532,0,0,0.240
1.899,0,0,1,-0.6167,0.6167,-0.6612,0.1760,174.9694,0.0000,0.0000,0.0000,-0.6582,0.1829,173.2501,0.009,5349,-0.0015,-0.1000,0.4429,0,0,0.235
2.000,0,0,1,-0.6167,0.6167,-0.6602,0.1872,174.8850,0.0000,0.0000,0.0000,-0.7900,0.2937,-179.5344,0.016,5355,-0.0015,-0.1000,0.4317,0,0,0.212
2.104,0,0,1,-0.6167,0.6167,-0.6593,0.1984,174.9957,0.0000,0.0000,0.0000,-0.6529,0.1995,173.0762,0.004,5359,-0.0027,-0.0989,0.4204,0,0,0.183
2.201,0,0,1,-0.6167,0.6167,-0.6567,0.2074,174.9293,0.0000,0.0000,0.0000,-0.5510,0.1564,170.8031,0.020,5364,-0.0012,-0.1000,0.4112,0,0,0.224
2.299,0,0,1,-0.6167,0.6167,-0.6537,0.2174,174.8010,0.0000,0.0000,0.0000,-0.6519,0.2276,173.3186,0.014,5368,-0.0007,-0.1000,0.4010,0,0,0.210
2.399,0,0,1,-0.6167,0.6167,-0.6494,0.2259,174.8305,0.0000,0.0000,0.0000,-0.5508,0.1564,170.8788,0.008,5374,-0.0005,-0.0993,0.3922,0,0,0.198
2.500,0,0,1,-0.6167,0.6167,-0.6427,0.2341,174.8547,0.0000,0.0000,0.0000,-0.4827,0.1783,177.0656,0.006,5379,-0.0074,-0.0908,0.3835,0,0,0.174
2.601,0,0,1,-0.6167,0.6167,-0.6393,0.2429,174.8881,0.0000,0.0000,0.0000,-0.7960,0.3731,-178.9908,0.014,5384,0.0025,-0.1000,0.3744,0,0,0.204
2.699,0,0,1,-0.6167,0.6167,-0.6376,0.2521,174.7772,0.0000,0.0000,0.0000,-0.6302,0.2578,171.5623,0.017,5389,0.0028,-0.1000,0.3652,0,0,0.244
2.799,0,0,1,-0.6167,0.6167,-0.6348,0.2604,174.8727,0.0000,0.0000,0.0000,-0.5468,0.2160,170.7206,0.018,5394,0.0035,-0.0999,0.3567,0,0,0.207
2.901,0,0,1,-0.6167,0.6167,-0.6364,0.2734,174.8173,0.0000,0.0000,0.0000,-0.6406,0.2905,173.3458,0.018,5401,0.0145,-0.0883,0.3439,0,0,0.167
2.999,0,0,1,-0.6167,0.6167,-0.6352,0.2812,174.7443,0.0000,0.0000,0.0000,-0.5394,0.2145,170.8559,0.002,5405,0.0031,-0.1000,0.3359,0,0,0.201
3.099,0,0,1,-0.6167,0.6167,-0.6323,0.2909,174.5665,0.0000,0.0000,0.0000,-0.6342,0.3204,173.5571,0.014,5410,0.0208,-0.0830,0.3261,0,0,0.152
3.202,0,0,1,-0.6167,0.6167,-0.6304,0.2987,174.7893,0.0000,0.0000,0.0000,-0.5386,0.2151,171.2766,0.029,5414,0.0134,-0.0907,0.3183,0,0,0.154
3.299,0,0,1,-0.6167,0.6167,-0.6273,0.3070,174.7387,0.0000,0.0000,0.0000,-0.6366,0.3344,173.5881,0.012,5419,0.0161,-0.0889,0.3098,0,0,0.169
3.399,0,0,1,-0.6167,0.6167,-0.6295,0.3177,174.6338,0.0000,0.0000,0.0000,-0.5381,0.2162,171.7154,0.011,5425,-0.0193,-0.0902,0.2992,0,0,0.149
3.499,0,0,1,-0.6167,0.6167,-0.6280,0.3275,174.7181,0.0000,0.0000,0.0000,-0.5954,0.3439,173.9241,0.013,5429,-0.0268,-0.0869,0.2894,0,0,0.132
3.602,0,0,1,-0.6167,0.6167,-0.6224,0.3350,174.8447,0.0000,0.0000,0.0000,-0.5408,0.2641,171.3501,0.028,5432,-0.0139,-0.0914,0.2817,0,0,0.182
3.702,0,0,1,-0.6167,0.6167,-0.6211,0.3454,174.9610,0.0000,0.0000,0.0000,-0.4558,0.2666,177.9093,0.006,5436,0.0027,-0.0980,0.2713,0,0,0.191
3.802,0,0,1,-0.6167,0.6167,-0.6207,0.3559,174.9622,0.0000,0.0000,0.0000,-0.8004,0.5139,-177.9838,0.017,5441,0.0070,-0.0998,0.2608,0,0,0.318
3.900,0,0,1,-0.6167,0.6167,-0.6196,0.3652,175.0723,0.0000,0.0000,0.0000,-0.6192,0.4013,174.0683,0.017,5444,0.0384,-0.0869,0.2515,0,0,0.133
4.001,0,0,1,-0.6167,0.6167,-0.6200,0.3734,174.8959,0.0000,0.0000,0.0000,-0.5183,0.3182,171.2700,0.028,5447,0.0457,-0.0838,0.2433,0,0,0.117
4.102,0,0,1,-0.6167,0.6167,-0.6223,0.3819,174.8834,0.0000,0.0000,0.0000,-0.5192,0.3191,171.0992,0.059,5449,0.0445,-0.0839,0.2349,0,0,0.117
4.201,0,0,1,-0.6167,0.6167,-0.6246,0.3907,174.7918,0.0000,0.0000,0.0000,-0.6235,0.4257,174.0684,0.029,5452,0.0434,-0.0840,0.2261,0,0,0.117
4.299,0,0,1,-0.6167,0.6167,-0.6242,0.3990,174.9338,0.0000,0.0000,0.0000,-0.6222,0.4472,174.4296,0.015,5456,-0.0364,-0.0999,0.2178,0,0,0.117
4.401,0,0,1,-0.6167,0.6167,-0.6172,0.4083,174.5845,0.0000,0.0000,0.0000,-0.5352,0.3526,171.3708,0.010,5459,-0.0107,-0.0997,0.2084,0,0,0.162
4.502,0,0,1,-0.6167,0.6167,-0.6149,0.4181,174.7785,0.0000,0.0000,0.0000,-0.6170,0.4703,174.5233,0.018,5462,0.0441,-0.0995,0.1985,0,0,0.127
4.601,0,0,1,-0.6167,0.6167,-0.6161,0.4272,174.5543,0.0000,0.0000,0.0000,-0.5347,0.3530,171.3989,0.029,5465,0.0503,-0.0996,0.1894,0,0,0.117
4.703,0,0,1,-0.6167,0.6167,-0.6191,0.4383,174.7386,0.0000,0.0000,0.0000,-0.6217,0.4866,174.3541,0.014,5468,0.0487,-0.0997,0.1784,0,0,0.117
4.799,0,0,1,-0.6167,0.6167,-0.6186,0.4488,174.6445,0.0000,0.0000,0.0000,-0.5067,0.4308,170.2832,0.023,5472,-0.0310,-0.1156,0.1679,0,0,0.117
4.899,0,0,1,-0.6167,0.6167,-0.6134,0.4632,174.6014,0.0000,0.0000,0.0000,-0.6238,0.5149,174.7906,0.016,5477,-0.0277,-0.1153,0.1535,0,0,0.117
5.001,0,0,1,-0.6167,0.6167,-0.6069,0.4749,174.8252,0.0000,0.0000,0.0000,-0.5065,0.4307,170.6866,0.028,5481,-0.0193,-0.1132,0.1421,0,0,0.141
5.101,0,0,1,-0.6167,0.6167,-0.6043,0.4871,174.6355,0.0000,0.0000,0.0000,-0.6201,0.5276,174.3314,0.018,5485,0.0564,-0.1142,0.1301,0,0,0.117
5.199,0,0,1,-0.6167,0.6167,-0.6051,0.4975,174.4820,0.0000,0.0000,0.0000,-0.5162,0.4332,171.2155,0.025,5490,0.0541,-0.1094,0.1198,0,0,0.117
5.299,0,0,1,-0.6167,0.6167,-0.6087,0.5068,174.6010,0.0000,0.0000,0.0000,-0.5948,0.5321,174.1462,0.024,5495,0.0476,-0.1010,0.1101,0,0,0.117
5.402,0,0,1,-0.6167,0.6167,-0.6105,0.5184,174.6629,0.0000,0.0000,0.0000,-0.6146,0.5786,175.2318,0.015,5500,0.0291,-0.0851,0.0984,0,0,0.152
5.500,0,0,1,-0.6167,0.6167,-0.6119,0.5290,174.5414,0.0000,0.0000,0.0000,-0.6202,0.5919,175.1147,0.008,5505,0.0188,-0.0733,0.0878,0,0,0.172
5.601,0,0,1,-0.6167,0.6167,-0.6110,0.5367,174.7598,0.0000,0.0000,0.0000,-0.5301,0.4763,171.5056,0.009,5509,0.0059,-0.0674,0.0802,0,0,0.182
5.700,0,0,1,-0.6167,0.6167,-0.6103,0.5448,174.8096,0.0000,0.0000,0.0000,-0.6207,0.6101,175.6979,0.017,5514,0.0124,-0.0579,0.0722,0,0,0.191
5.807,0,0,1,-0.6167,0.6167,-0.6098,0.5472,174.7699,0.0000,0.0000,0.0000,-0.5304,0.4761,171.9941,0.016,5519,0.0000,0.0000,0.0698,0,0,0.155
5.901,0,0,1,-0.6167,0.6167,-0.6093,0.5493,174.7667,0.0000,0.0000,0.0000,-0.6193,0.6172,175.4971,0.017,5524,0.0000,0.0000,0.0678,0,0,0.179
6.002,0,0,1,-0.6167,0.6167,-0.6064,0.5483,174.7528,0.0000,0.0000,0.0000,-0.5310,0.4770,172.0916,0.030,5528,0.0000,0.0000,0.0691,0,0,0.164
6.102,0,0,1,-0.6167,0.6167,-0.6036,0.5488,174.7861,0.0000,0.0000,0.0000,-0.6190,0.6182,175.4579,0.013,5533,0.0000,0.0000,0.0691,0,0,0.176
6.200,0,0,1,-0.6167,0.6167,-0.6012,0.5480,174.7723,0.0000,0.0000,0.0000,-0.5310,0.4771,172.0860,0.026,5537,0.0000,0.0000,0.0703,0,0,0.171
6.300,0,0,1,-0.6167,0.6167,-0.5998,0.5488,174.7991,0.0000,0.0000,0.0000,-0.6190,0.6183,175.4559,0.010,5541,0.0000,0.0000,0.0700,0,0,0.165
6.401,0,0,1,-0.6167,0.6167,-0.5975,0.5459,174.7294,0.0000,0.0000,0.0000,-0.5310,0.4772,172.0826,0.029,5547,0.0000,0.0000,0.0733,0,0,0.179
6.500,0,0,1,-0.6167,0.6167,-0.5954,0.5465,174.7707,0.0000,0.0000,0.0000,-0.6190,0.6184,175.4535,0.008,5552,0.0000,0.0000,0.0733,0,0,0.166
6.601,0,0,1,-0.6167,0.6167,-0.5933,0.5458,174.7682,0.0000,0.0000,0.0000,-0.5311,0.4772,172.0830,0.030,5556,0.0000,0.0000,0.0746,0,0,0.180
6.700,0,0,1,-0.6167,0.6167,-0.5921,0.5437,174.7296,0.0000,0.0000,0.0000,-0.5055,0.5414,176.9796,0.026,5561,0.0000,0.0000,0.0770,0,0,0.174
6.806,0,0,1,-0.6167,0.6167,-0.5916,0.5419,174.6640,0.0000,0.0000,0.0000,-0.7011,0.3567,164.7307,0.023,5567,0.0000,0.0000,0.0789,1,1,0.177
6.900,0,0,1,-0.6167,0.6167,-0.5894,0.5419,174.7028,0.0000,0.0000,0.0000,-0.5055,0.5414,176.9806,0.023,5571,0.0000,0.0000,0.0795,1,1,0.180
7.001,0,0,1,-0.6167,0.6167,-0.5879,0.5421,174.7152,0.0000,0.0000,0.0000,-0.5311,0.4774,172.0773,0.009,5576,0.0000,0.0000,0.0800,1,1,0.175
7.099,0,0,1,-0.6167,0.6167,-0.5895,0.5421,174.6251,0.0000,0.0000,0.0000,-0.6190,0.6185,175.4502,0.016,5582,0.0000,0.0000,0.0794,1,1,0.176
7.199,0,0,1,-0.6167,0.6167,-0.5887,0.5421,174.5995,0.0000,0.0000,0.0000,-0.5311,0.4775,172.0746,0.026,5586,0.0000,0.0000,0.0796,1,1,0.183
7.301,0,0,1,-0.6167,0.6167,-0.5891,0.5440,174.6016,0.0000,0.0000,0.0000,-0.6190,0.6185,175.4505,0.015,5591,0.0000,0.0000,0.0777,1,1,0.179
7.402,0,0,1,-0.6167,0.6167,-0.5882,0.5434,174.5738,0.0000,0.0000,0.0000,-0.5312,0.4776,172.0629,0.024,5594,0.0000,0.0000,0.0786,1,1,0.170
7.498,0,0,1,-0.6167,0.6167,-0.5905,0.5462,174.5005,0.0000,0.0000,0.0000,-0.6191,0.6187,175.4458,0.011,5599,0.0000,0.0000,0.0751,1,1,0.171
7.600,0,0,1,-0.6167,0.6167,-0.5904,0.5464,174.4563,0.0000,0.0000,0.0000,-0.5312,0.4777,172.0567,0.028,5603,0.0000,0.0000,0.0750,1,1,0.174
7.702,0,0,1,-0.6167,0.6167,-0.5922,0.5488,174.4009,0.0000,0.0000,0.0000,-0.6191,0.6187,175.4468,0.017,5608,0.0000,0.0000,0.0722,1,1,0.171
7.801,0,0,1,-0.6167,0.6167,-0.5920,0.5488,174.3596,0.0000,0.0000,0.0000,-0.5312,0.4778,172.0567,0.019,5612,0.0000,0.0000,0.0722,1,1,0.155
7.899,0,0,1,-0.6167,0.6167,-0.5926,0.5496,174.3337,0.0000,0.0000,0.0000,-0.6191,0.6187,175.4458,0.014,5616,0.0000,0.0000,0.0713,1,1,0.166
7.999,0,0,1,-0.6167,0.6167,-0.5935,0.5511,174.2680,0.0000,0.0000,0.0000,-0.5313,0.4778,172.0567,0.026,5621,0.0000,0.0000,0.0695,1,1,0.166
8.099,0,0,1,-0.6167,0.6167,-0.5959,0.5506,174.1367,0.0000,0.0000,0.0000,-0.6760,0.6261,169.2460,0.024,5626,0.0000,0.0000,0.0693,1,1,0.165
8.199,0,0,1,-0.6167,0.6167,-0.5963,0.5513,174.1168,0.0000,0.0000,0.0000,-0.5313,0.4779,172.0567,0.003,5631,0.0000,0.0000,0.0685,1,1,0.169
8.300,0,0,1,-0.6167,0.6167,-0.5982,0.5507,173.9844,0.0000,0.0000,0.0000,-0.6192,0.6188,175.4468,0.004,5637,0.0000,0.0000,0.0685,1,1,0.164
8.399,0,0,1,-0.6167,0.6167,-0.5980,0.5513,173.9673,0.0000,0.0000,0.0000,-0.5313,0.4780,172.0542,0.017,5641,0.0000,0.0000,0.0680,1,1,0.162
8.500,0,0,1,-0.6167,0.6167,-0.6004,0.5514,173.8644,0.0000,0.0000,0.0000,-0.6192,0.6188,175.4459,0.010,5647,0.0000,0.0000,0.0672,1,1,0.171
8.601,0,0,1,-0.6167,0.6167,-0.5999,0.5514,173.8394,0.0000,0.0000,0.0000,-0.5313,0.4780,172.0531,0.018,5651,0.0000,0.0000,0.0674,1,1,0.164
8.703,0,0,1,-0.6167,0.6167,-0.6011,0.5535,173.8084,0.0000,0.0000,0.0000,-0.6192,0.6188,175.4459,0.016,5656,0.0000,0.0000,0.0650,1,1,0.171
8.801,0,0,1,-0.6167,0.6167,-0.6007,0.5534,173.7876,0.0000,0.0000,0.0000,-0.5313,0.4781,172.0552,0.025,5660,0.0000,0.0000,0.0653,1,1,0.169
8.898,0,0,1,-0.6167,0.6167,-0.6019,0.5554,173.7614,0.0000,0.0000,0.0000,-0.6192,0.6188,175.4458,0.008,5665,0.0000,0.0000,0.0630,1,1,0.170
9.001,0,0,1,-0.6167,0.6167,-0.6014,0.5552,173.7434,0.0000,0.0000,0.0000,-0.5314,0.4781,172.0550,0.029,5669,0.0000,0.0000,0.0633,1,1,0.171
9.102,0,0,1,-0.6167,0.6167,-0.6018,0.5565,173.7511,0.0000,0.0000,0.0000,-0.6192,0.6188,175.4467,0.020,5673,0.0000,0.0000,0.0620,1,1,0.161
9.199,0,0,1,-0.6167,0.6167,-0.6020,0.5569,173.6971,0.0000,0.0000,0.0000,-0.6757,0.6262,169.2384,0.008,5678,0.0000,0.0000,0.0615,1,1,0.173
9.300,0,0,1,-0.6167,0.6167,-0.6022,0.5575,173.6850,0.0000,0.0000,0.0000,-0.6193,0.6189,175.4466,0.002,5683,0.0000,0.0000,0.0609,1,1,0.177
9.401,0,0,1,-0.6167,0.6167,-0.6026,0.5585,173.6477,0.0000,0.0000,0.0000,-0.5314,0.4783,172.0520,0.019,5687,0.0000,0.0000,0.0599,1,1,0.168
9.504,0,0,1,-0.6167,0.6167,-0.6036,0.5597,173.6075,0.0000,0.0000,0.0000,-0.6756,0.6262,169.2346,0.024,5691,0.0000,0.0000,0.0585,1,1,0.173
9.601,0,0,1,-0.6167,0.6167,-0.6032,0.5599,173.6078,0.0000,0.0000,0.0000,-0.5314,0.4783,172.0505,0.019,5696,0.0000,0.0000,0.0584,1,1,0.163
9.700,0,0,1,-0.6167,0.6167,-0.6042,0.5616,173.5865,0.0000,0.0000,0.0000,-0.6193,0.6189,175.4475,0.012,5701,0.0000,0.0000,0.0564,1,1,0.166
9.801,0,0,1,-0.6167,0.6167,-0.6036,0.5611,173.5714,0.0000,0.0000,0.0000,-0.5314,0.4784,172.0509,0.009,5705,0.0000,0.0000,0.0570,1,1,0.159
9.903,0,0,1,-0.6167,0.6167,-0.6047,0.5628,173.5486,0.0000,0.0000,0.0000,-0.6193,0.6189,175.4482,0.017,5710,0.0000,0.0000,0.0551,1,1,0.167
9.999,0,0,1,-0.6167,0.6167,-0.6041,0.5623,173.5305,0.0000,0.0000,0.0000,-0.5315,0.4785,172.0501,0.027,5714,0.0000,0.0000,0.0558,1,1,0.161
10.099,0,0,1,-0.6167,0.6167,-0.6051,0.5639,173.5128,0.0000,0.0000,0.0000,-0.6194,0.6189,175.4488,0.011,5719,0.0000,0.0000,0.0540,1,1,0.166
10.201,0,0,1,-0.6167,0.6167,-0.6045,0.5634,173.5007,0.0000,0.0000,0.0000,-0.5315,0.4785,172.0479,0.031,5723,0.0000,0.0000,0.0547,1,1,0.174
10.300,0,0,1,-0.6167,0.6167,-0.6053,0.5644,173.4633,0.0000,0.0000,0.0000,-0.6194,0.6189,175.4491,0.014,5728,0.0000,0.0000,0.0535,1,1,0.163
10.401,0,0,1,-0.6167,0.6167,-0.6048,0.5644,173.4698,0.0000,0.0000,0.0000,-0.5315,0.4786,172.0460,0.014,5732,0.0000,0.0000,0.0536,1,1,0.164
10.499,0,0,1,-0.6167,0.6167,-0.6059,0.5659,173.4560,0.0000,0.0000,0.0000,-0.6194,0.6189,175.4489,0.006,5737,0.0000,0.0000,0.0519,1,1,0.166
10.600,0,0,1,-0.6167,0.6167,-0.6053,0.5653,173.4471,0.0000,0.0000,0.0000,-0.5315,0.4787,172.0464,0.028,5741,0.0000,0.0000,0.0526,1,1,0.168
10.699,0,0,1,-0.6167,0.6167,-0.6073,0.5646,173.3663,0.0000,0.0000,0.0000,-0.6787,0.6260,169.4644,0.008,5747,0.0000,0.0000,0.0529,1,1,0.165
10.800,0,0,1,-0.6167,0.6167,-0.6066,0.5640,173.3599,0.0000,0.0000,0.0000,-0.5315,0.4787,172.0477,0.028,5751,0.0000,0.0000,0.0536,1,1,0.164
10.899,0,0,1,-0.6167,0.6167,-0.6075,0.5650,173.3325,0.0000,0.0000,0.0000,-0.6787,0.6260,169.4644,0.025,5755,0.0000,0.0000,0.0525,1,1,0.169
11.004,0,0,1,-0.6167,0.6167,-0.6069,0.5649,173.3470,0.0000,0.0000,0.0000,-0.5316,0.4788,172.0451,0.009,5760,0.0000,0.0000,0.0527,1,1,0.168
11.099,0,0,1,-0.6167,0.6167,-0.6088,0.5642,173.2684,0.0000,0.0000,0.0000,-0.6195,0.6190,175.4492,0.014,5766,0.0000,0.0000,0.0530,1,1,0.168
11.198,0,0,1,-0.6167,0.6167,-0.6080,0.5637,173.2664,0.0000,0.0000,0.0000,-0.5316,0.4788,172.0461,0.016,5770,0.0000,0.0000,0.0537,1,1,0.183
11.300,0,0,1,-0.6167,0.6167,-0.6088,0.5646,173.2415,0.0000,0.0000,0.0000,-0.6195,0.6190,175.4493,0.011,5775,0.0000,0.0000,0.0526,1,1,0.168
11.401,0,0,1,-0.6167,0.6167,-0.6082,0.5646,173.2578,0.0000,0.0000,0.0000,-0.5316,0.4789,172.0464,0.029,5779,0.0000,0.0000,0.0528,1,1,0.161
11.500,0,0,1,-0.6167,0.6167,-0.6091,0.5661,173.2531,0.0000,0.0000,0.0000,-0.6195,0.6190,175.4504,0.015,5784,0.0000,0.0000,0.0511,1,1,0.164
11.601,0,0,1,-0.6167,0.6167,-0.6083,0.5655,173.2468,0.0000,0.0000,0.0000,-0.5316,0.4790,172.0449,0.028,5788,0.0000,0.0000,0.0519,1,1,0.165
11.702,0,0,1,-0.6167,0.6167,-0.6092,0.5669,173.2443,0.0000,0.0000,0.0000,-0.6195,0.6190,175.4503,0.010,5793,0.0000,0.0000,0.0503,1,1,0.169
11.800,0,0,1,-0.6167,0.6167,-0.6093,0.5641,173.1705,0.0000,0.0000,0.0000,-0.5316,0.4790,172.0408,0.027,5798,0.0000,0.0000,0.0530,1,1,0.167
11.909,0,0,1,-0.6167,0.6167,-0.6095,0.5650,173.1985,0.0000,0.0000,0.0000,-0.6196,0.6190,175.4504,0.026,5802,0.0000,0.0000,0.0521,1,1,0.165
12.001,0,0,1,-0.6167,0.6167,-0.6094,0.5651,173.1696,0.0000,0.0000,0.0000,-0.5317,0.4791,172.0402,0.026,5807,0.0000,0.0000,0.0521,1,1,0.169
12.101,0,0,1,-0.6167,0.6167,-0.6101,0.5660,173.1514,0.0000,0.0000,0.0000,-0.6787,0.6260,169.4644,0.030,5811,0.0000,0.0000,0.0511,1,1,0.170
12.200,0,0,1,-0.6167,0.6167,-0.6094,0.5659,173.1711,0.0000,0.0000,0.0000,-0.6196,0.6190,175.4520,0.019,5816,0.0000,0.0000,0.0513,1,1,0.162
12.299,0,0,1,-0.6167,0.6167,-0.6101,0.5668,173.1489,0.0000,0.0000,0.0000,-0.6196,0.6190,175.4521,0.009,5821,0.0000,0.0000,0.0503,1,1,0.176
12.401,0,0,1,-0.6167,0.6167,-0.6122,0.5632,173.0475,0.0000,0.0000,0.0000,-0.5317,0.4792,172.0418,0.002,5827,0.0000,0.0000,0.0536,1,1,0.170
12.501,0,0,1,-0.6167,0.6167,-0.6138,0.5627,172.9853,0.0000,0.0000,0.0000,-0.6196,0.6190,175.4504,0.014,5833,0.0000,0.0000,0.0541,1,1,0.183
12.600,0,0,1,-0.6167,0.6167,-0.6137,0.5631,172.9951,0.0000,0.0000,0.0000,-0.5317,0.4793,172.0383,0.007,5837,0.0000,0.0000,0.0537,1,1,0.172
12.701,0,0,1,-0.6167,0.6167,-0.6135,0.5638,172.9990,0.0000,0.0000,0.0000,-0.6196,0.6190,175.4510,0.016,5842,0.0000,0.0000,0.0530,1,1,0.170
12.802,0,0,1,-0.6167,0.6167,-0.6125,0.5633,173.0054,0.0000,0.0000,0.0000,-0.5318,0.4793,172.0397,0.030,5846,0.0000,0.0000,0.0536,1,1,0.169
12.901,0,0,1,-0.6167,0.6167,-0.6132,0.5648,173.0123,0.0000,0.0000,0.0000,-0.6196,0.6191,175.4508,0.018,5851,0.0000,0.0000,0.0519,1,1,0.158
13.001,0,0,1,-0.6167,0.6167,-0.6123,0.5643,173.0188,0.0000,0.0000,0.0000,-0.5318,0.4794,172.0393,0.030,5855,0.0000,0.0000,0.0526,1,1,0.176
13.105,0,0,1,-0.6167,0.6167,-0.6130,0.5658,173.0252,0.0000,0.0000,0.0000,-0.6787,0.6260,169.4644,0.004,5860,0.0000,0.0000,0.0510,1,1,0.164
13.199,0,0,1,-0.6167,0.6167,-0.6120,0.5652,173.0278,0.0000,0.0000,0.0000,-0.5318,0.4795,172.0391,0.027,5864,0.0000,0.0000,0.0517,1,1,0.175
13.299,0,0,1,-0.6167,0.6167,-0.6128,0.5667,173.0320,0.0000,0.0000,0.0000,-0.6197,0.6191,175.4510,0.007,5869,0.0000,0.0000,0.0501,1,1,0.172
13.401,0,0,1,-0.6167,0.6167,-0.6118,0.5661,173.0346,0.0000,0.0000,0.0000,-0.5318,0.4795,172.0399,0.016,5873,0.0000,0.0000,0.0508,1,1,0.169
13.499,0,0,1,-0.6167,0.6167,-0.6125,0.5670,173.0190,0.0000,0.0000,0.0000,-0.6787,0.6260,169.4644,0.024,5877,0.0000,0.0000,0.0499,1,1,0.157
13.600,0,0,1,-0.6167,0.6167,-0.6126,0.5646,172.9766,0.0000,0.0000,0.0000,-0.6989,0.3558,164.7513,0.015,5883,0.0000,0.0000,0.0522,1,1,0.176
13.703,0,0,1,-0.6167,0.6167,-0.6132,0.5656,172.9623,0.0000,0.0000,0.0000,-0.6787,0.6260,169.4644,0.021,5887,0.0000,0.0000,0.0512,1,1,0.170
13.799,0,0,1,-0.6167,0.6167,-0.6131,0.5664,172.9929,0.0000,0.0000,0.0000,-0.6197,0.6191,175.4533,0.036,5891,0.0000,0.0000,0.0504,1,1,0.158
13.899,0,0,1,-0.6167,0.6167,-0.6130,0.5669,172.9928,0.0000,0.0000,0.0000,-0.6197,0.6191,175.4529,0.009,5897,0.0000,0.0000,0.0499,1,1,0.171
14.001,0,0,1,-0.6167,0.6167,-0.6120,0.5663,173.0017,0.0000,0.0000,0.0000,-0.5319,0.4797,172.0367,0.026,5901,0.0000,0.0000,0.0506,1,1,0.176
14.099,0,0,1,-0.6167,0.6167,-0.6127,0.5677,173.0049,0.0000,0.0000,0.0000,-0.6197,0.6191,175.4520,0.009,5906,0.0000,0.0000,0.0491,1,1,0.158
14.202,0,0,1,-0.6167,0.6167,-0.6118,0.5670,173.0101,0.0000,0.0000,0.0000,-0.5319,0.4798,172.0365,0.030,5910,0.0000,0.0000,0.0499,1,1,0.162
14.299,0,0,1,-0.6167,0.6167,-0.6126,0.5684,173.0122,0.0000,0.0000,0.0000,-0.6198,0.6191,175.4527,0.014,5915,0.0000,0.0000,0.0484,1,1,0.171
14.400,0,0,1,-0.6167,0.6167,-0.6116,0.5677,173.0157,0.0000,0.0000,0.0000,-0.6980,0.3585,164.8545,0.013,5920,0.0000,0.0000,0.0492,1,1,0.173
14.502,0,0,1,-0.6167,0.6167,-0.6132,0.5670,172.9604,0.0000,0.0000,0.0000,-0.6198,0.6191,175.4532,0.010,5925,0.0000,0.0000,0.0498,1,1,0.183
14.599,0,0,1,-0.6167,0.6167,-0.6123,0.5664,172.9656,0.0000,0.0000,0.0000,-0.5319,0.4799,172.0355,0.024,5929,0.0000,0.0000,0.0505,1,1,0.173
14.700,0,0,1,-0.6167,0.6167,-0.6123,0.5672,173.0035,0.0000,0.0000,0.0000,-0.6198,0.6191,175.4531,0.015,5933,0.0000,0.0000,0.0497,1,1,0.173
14.801,0,0,1,-0.6167,0.6167,-0.6130,0.5650,172.9174,0.0000,0.0000,0.0000,-0.6997,0.3577,164.7824,0.020,5939,0.0000,0.0000,0.0518,1,1,0.172
14.899,0,0,1,-0.6167,0.6167,-0.6136,0.5659,172.9045,0.0000,0.0000,0.0000,-0.6787,0.6260,169.4644,0.022,5943,0.0000,0.0000,0.0509,1,1,0.170
15.001,0,0,1,-0.6167,0.6167,-0.6136,0.5668,172.9381,0.0000,0.0000,0.0000,-0.5320,0.4800,172.0367,0.008,5948,0.0000,0.0000,0.0500,1,1,0.184
15.102,0,0,1,-0.6167,0.6167,-0.6134,0.5673,172.9447,0.0000,0.0000,0.0000,-0.6198,0.6192,175.4528,0.011,5953,0.0000,0.0000,0.0495,1,1,0.171
15.202,0,0,1,-0.6167,0.6167,-0.6124,0.5666,172.9529,0.0000,0.0000,0.0000,-0.5320,0.4801,172.0359,0.007,5957,0.0000,0.0000,0.0502,1,1,0.179
15.299,0,0,1,-0.6167,0.6167,-0.6140,0.5659,172.8956,0.0000,0.0000,0.0000,-0.6198,0.6192,175.4519,0.014,5963,0.0000,0.0000,0.0508,1,1,0.175
15.400,0,0,1,-0.6167,0.6167,-0.6140,0.5632,172.8426,0.0000,0.0000,0.0000,-0.6993,0.3586,164.8293,0.018,5968,0.0000,0.0000,0.0536,1,1,0.170
15.501,0,0,1,-0.6167,0.6167,-0.6146,0.5647,172.8533,0.0000,0.0000,0.0000,-0.6198,0.6192,175.4521,0.018,5973,0.0000,0.0000,0.0520,1,1,0.178
15.599,0,0,1,-0.6167,0.6167,-0.6145,0.5621,172.7968,0.0000,0.0000,0.0000,-0.5320,0.4802,172.0365,0.029,5978,0.0000,0.0000,0.0546,1,1,0.165
15.701,0,0,1,-0.6167,0.6167,-0.6150,0.5637,172.8140,0.0000,0.0000,0.0000,-0.6198,0.6192,175.4527,0.007,5983,0.0000,0.0000,0.0530,1,1,0.172
15.798,0,0,1,-0.6167,0.6167,-0.6140,0.5632,172.8209,0.0000,0.0000,0.0000,-0.5320,0.4802,172.0339,0.026,5987,0.0000,0.0000,0.0535,1,1,0.174
15.899,0,0,1,-0.6167,0.6167,-0.6140,0.5642,172.8608,0.0000,0.0000,0.0000,-0.6199,0.6192,175.4545,0.015,5991,0.0000,0.0000,0.0526,1,1,0.164
16.002,0,0,1,-0.6167,0.6167,-0.6137,0.5643,172.8514,0.0000,0.0000,0.0000,-0.6787,0.6260,169.4644,0.009,5996,0.0000,0.0000,0.0525,1,1,0.167
16.099,0,0,1,-0.6167,0.6167,-0.6137,0.5652,172.8863,0.0000,0.0000,0.0000,-0.6199,0.6192,175.4543,0.014,6000,0.0000,0.0000,0.0516,1,1,0.163
16.201,0,0,1,-0.6167,0.6167,-0.6134,0.5653,172.8693,0.0000,0.0000,0.0000,-0.6199,0.6192,175.4537,0.021,6005,0.0000,0.0000,0.0515,1,1,0.168
16.301,0,0,1,-0.6167,0.6167,-0.6140,0.5662,172.8595,0.0000,0.0000,0.0000,-0.6787,0.6260,169.4644,0.021,6009,0.0000,0.0000,0.0506,1,1,0.163
16.399,0,0,1,-0.6167,0.6167,-0.6139,0.5640,172.8241,0.0000,0.0000,0.0000,-0.5321,0.4804,172.0306,0.015,6015,0.0000,0.0000,0.0528,1,1,0.182
16.501,0,0,1,-0.6167,0.6167,-0.6145,0.5655,172.8352,0.0000,0.0000,0.0000,-0.6199,0.6192,175.4549,0.017,6020,0.0000,0.0000,0.0512,1,1,0.168
16.603,0,0,1,-0.6167,0.6167,-0.6144,0.5658,172.8508,0.0000,0.0000,0.0000,-0.5321,0.4805,172.0316,0.002,6024,0.0000,0.0000,0.0509,1,1,0.159
16.699,0,0,1,-0.6167,0.6167,-0.6142,0.5664,172.8560,0.0000,0.0000,0.0000,-0.6199,0.6192,175.4534,0.010,6029,0.0000,0.0000,0.0503,1,1,0.171
16.801,0,0,1,-0.6167,0.6167,-0.6132,0.5658,172.8671,0.0000,0.0000,0.0000,-0.5322,0.4805,172.0331,0.030,6033,0.0000,0.0000,0.0510,1,1,0.184
16.903,0,1,0,-0.6167,0.6167,-0.6139,0.5673,172.8777,0.0000,0.0000,0.0000,-0.6199,0.6193,175.4526,0.018,6038,0.0000,0.0000,0.0495,1,1,0.178
17.001,0,1,0,-0.6167,0.6167,-0.6129,0.5676,172.9137,0.0000,0.0000,0.0000,-0.5322,0.4806,172.0322,0.030,6042,0.0019,-0.0433,0.0492,1,1,0.168
17.104,0,1,1,-0.6167,0.0000,-0.6137,0.5696,173.1725,0.0000,0.0000,0.0000,-0.6204,0.6187,175.4816,0.022,6048,-0.0204,0.0873,0.5696,1,1,0.174
17.202,0,1,1,-0.6167,0.0000,-0.6119,0.5590,173.4029,0.0000,0.0000,0.0000,-0.7111,0.3461,164.3999,0.018,6053,-0.0155,0.0919,0.5590,1,1,0.173
17.300,0,1,1,-0.6167,0.0000,-0.6106,0.5516,173.8343,0.0000,0.0000,0.0000,-0.6253,0.6114,175.8410,0.009,6058,-0.0209,0.0863,0.5517,1,1,0.162
17.400,0,1,1,-0.6167,0.0000,-0.6083,0.5433,174.2725,0.0000,0.0000,0.0000,-0.5315,0.4808,173.2052,0.018,6062,-0.0187,0.0881,0.5434,1,1,0.167
17.502,0,1,1,-0.6167,0.0000,-0.6066,0.5353,174.6179,0.0000,0.0000,0.0000,-0.6117,0.5878,175.5067,0.010,6067,-0.0176,0.0888,0.5354,1,1,0.169
17.599,0,1,1,-0.6167,0.0000,-0.6044,0.5272,174.8239,0.0000,0.0000,0.0000,-0.5312,0.4806,173.3874,0.027,6071,-0.0154,0.0906,0.5273,1,1,0.174
17.701,0,1,1,-0.6167,0.0000,-0.6031,0.5197,174.9285,0.0000,0.0000,0.0000,-0.6112,0.5872,175.5141,0.029,6075,-0.0151,0.0906,0.5199,1,1,0.174
17.800,0,1,1,-0.6167,0.0000,-0.6019,0.5127,175.0092,0.0000,0.0000,0.0000,-0.5298,0.4799,173.4464,0.006,6080,-0.0188,0.0868,0.5129,1,1,0.163
17.902,0,1,1,-0.6167,0.0000,-0.5997,0.5043,175.2612,0.0000,0.0000,0.0000,-0.6177,0.5571,177.5181,0.019,6085,-0.0155,0.0896,0.5046,1,1,0.165
18.001,0,1,1,-0.6167,0.0000,-0.5975,0.4961,175.2446,0.0000,0.0000,0.0000,-0.5285,0.4792,173.4325,0.017,6089,-0.0146,0.0900,0.4964,1,1,0.172
18.102,0,1,1,-0.6167,0.0000,-0.5961,0.4887,175.2522,0.0000,0.0000,0.0000,-0.6138,0.5423,177.7637,0.019,6094,-0.0154,0.0889,0.4891,1,1,0.169
18.200,0,1,1,-0.6167,0.0000,-0.5938,0.4808,175.2708,0.0000,0.0000,0.0000,-0.4859,0.4678,172.5290,0.028,6098,-0.0141,0.0897,0.4814,1,1,0.171
18.302,0,1,1,-0.6167,0.0000,-0.5910,0.4720,175.3831,0.0000,0.0000,0.0000,-0.6143,0.5126,177.2141,0.020,6103,-0.0148,0.0883,0.4727,1,1,0.167
18.399,0,1,1,-0.6167,0.0000,-0.5870,0.4627,175.4587,0.0000,0.0000,0.0000,-0.4858,0.4676,172.3588,0.028,6107,-0.0135,0.0887,0.4637,1,1,0.168
18.503,0,1,1,-0.6167,0.0000,-0.5834,0.4535,175.5468,0.0000,0.0000,0.0000,-0.6142,0.4974,177.4367,0.019,6112,-0.0108,0.0904,0.4547,1,1,0.173
18.599,0,1,1,-0.6167,0.0000,-0.5803,0.4455,175.4373,0.0000,0.0000,0.0000,-0.4852,0.4665,172.1736,0.029,6116,-0.0096,0.0908,0.4470,1,1,0.174
18.700,0,1,1,-0.6167,0.0000,-0.5790,0.4350,175.5639,0.0000,0.0000,0.0000,-0.6189,0.4695,177.0271,0.016,6120,-0.0113,0.0887,0.4366,1,1,0.168
18.801,0,1,1,-0.6167,0.0000,-0.5757,0.4256,175.6350,0.0000,0.0000,0.0000,-0.5181,0.3863,173.2781,0.031,6125,-0.0103,0.0887,0.4276,1,1,0.168
18.901,0,1,1,-0.6167,0.0000,-0.5733,0.4158,175.6171,0.0000,0.0000,0.0000,-0.4860,0.3883,179.1183,0.029,6129,-0.0046,0.0936,0.4181,1,1,0.182
19.002,0,1,1,-0.6167,0.0000,-0.5724,0.4074,175.6027,0.0000,0.0000,0.0000,-0.6223,0.4422,176.7407,0.022,6134,-0.0098,0.0880,0.4098,1,1,0.166
19.099,0,1,1,-0.6167,0.0000,-0.5707,0.3963,175.5277,0.0000,0.0000,0.0000,-0.6170,0.4313,176.8508,0.006,6139,-0.0062,0.0908,0.3989,1,1,0.174
19.199,0,1,1,-0.6167,0.0000,-0.5691,0.3870,175.5956,0.0000,0.0000,0.0000,-0.5076,0.3511,172.7786,0.016,6143,-0.0052,0.0911,0.3899,1,1,0.175
19.299,0,1,1,-0.6167,0.0000,-0.5681,0.3786,175.5438,0.0000,0.0000,0.0000,-0.4823,0.3460,178.9111,0.003,6147,-0.0036,0.0921,0.3817,1,1,0.178
19.400,0,1,1,-0.6167,0.0000,-0.5662,0.3676,175.6355,0.0000,0.0000,0.0000,-0.5050,0.3501,172.4265,0.008,6152,-0.0055,0.0893,0.3710,1,1,0.170
19.501,0,1,1,-0.6167,0.0000,-0.5669,0.3603,175.7715,0.0000,0.0000,0.0000,-0.6225,0.3882,176.5843,0.018,6158,-0.0047,0.0900,0.3637,1,1,0.172
19.603,0,1,1,-0.6167,0.0000,-0.5696,0.3531,175.7135,0.0000,0.0000,0.0000,-0.7755,0.4605,-177.4029,0.020,6164,-0.0088,0.0865,0.3562,1,1,0.162
19.703,0,1,1,-0.6167,0.0000,-0.5695,0.3456,175.6665,0.0000,0.0000,0.0000,-0.6273,0.3593,175.9644,0.008,6170,-0.0077,0.0871,0.3488,1,1,0.164
19.801,0,1,1,-0.6167,0.0000,-0.5688,0.3350,175.6582,0.0000,0.0000,0.0000,-0.5102,0.3061,172.2883,0.031,6174,-0.0036,0.0906,0.3384,1,1,0.174
19.901,0,1,1,-0.6167,0.0000,-0.5707,0.3271,175.7735,0.0000,0.0000,0.0000,-0.4808,0.2854,178.8737,0.003,6180,-0.0059,0.0885,0.3303,1,1,0.168
20.001,0,1,1,-0.6167,0.0000,-0.5723,0.3187,175.7192,0.0000,0.0000,0.0000,-0.7718,0.4188,-177.7812,0.023,6186,-0.0078,0.0868,0.3217,1,1,0.165
20.101,0,1,1,-0.6167,0.0000,-0.5730,0.3096,175.5684,0.0000,0.0000,0.0000,-0.4795,0.2652,178.7604,0.009,6192,-0.0062,0.0886,0.3126,1,1,0.168
20.201,0,1,1,-0.6167,0.0000,-0.5752,0.3026,175.6284,0.0000,0.0000,0.0000,-0.7701,0.3963,-178.2478,0.019,6198,-0.0045,0.0903,0.3054,1,1,0.173
20.301,0,1,1,-0.6167,0.0000,-0.5733,0.2938,175.7373,0.0000,0.0000,0.0000,-0.4792,0.2459,178.6549,0.029,6202,0.0004,0.0942,0.2969,1,1,0.184
20.402,0,1,1,-0.6167,0.0000,-0.5728,0.2830,175.5911,0.0000,0.0000,0.0000,-0.5302,0.2352,172.3930,0.029,6207,-0.0031,0.0899,0.2864,1,1,0.172
20.501,0,1,1,-0.6167,0.0000,-0.5712,0.2739,175.4303,0.0000,0.0000,0.0000,-0.4749,0.2257,178.5527,0.028,6211,-0.0006,0.0912,0.2777,1,1,0.176
20.599,0,1,1,-0.6167,0.0000,-0.5729,0.2647,175.5645,0.0000,0.0000,0.0000,-0.5308,0.2352,172.0253,0.010,6216,-0.0003,0.0916,0.2683,1,1,0.177
20.702,0,1,1,-0.6167,0.0000,-0.5752,0.2540,175.3183,0.0000,0.0000,0.0000,-0.6427,0.2559,174.9990,0.018,6221,-0.0005,0.0916,0.2574,1,1,0.168
20.803,0,1,1,-0.6167,0.0000,-0.5760,0.2446,175.3083,0.0000,0.0000,0.0000,-0.5319,0.2346,171.5545,0.032,6225,-0.0052,0.0866,0.2479,1,1,0.164
20.902,0,1,1,-0.6167,0.0000,-0.5781,0.2359,175.1778,0.0000,0.0000,0.0000,-0.6396,0.2440,175.1975,0.018,6230,0.0013,0.0933,0.2390,1,1,0.182
21.002,0,1,1,-0.6167,0.0000,-0.5790,0.2258,175.1625,0.0000,0.0000,0.0000,-0.5341,0.1923,171.8577,0.031,6234,-0.0034,0.0884,0.2289,1,1,0.167
21.103,0,1,1,-0.6167,0.0000,-0.5812,0.2167,175.1704,0.0000,0.0000,0.0000,-0.6407,0.2171,175.0534,0.014,6239,-0.0005,0.0916,0.2196,1,1,0.177
21.199,0,1,1,-0.6167,0.0000,-0.5821,0.2072,175.1517,0.0000,0.0000,0.0000,-0.5340,0.1917,171.7116,0.030,6243,-0.0002,0.0916,0.2101,1,1,0.177
21.300,0,1,1,-0.6167,0.0000,-0.5848,0.1980,175.0952,0.0000,0.0000,0.0000,-0.6490,0.1909,174.7478,0.014,6248,-0.0011,0.0912,0.2005,1,1,0.176
21.401,0,1,1,-0.6167,0.0000,-0.5857,0.1888,175.1375,0.0000,0.0000,0.0000,-0.5340,0.1909,171.5410,0.029,6252,-0.0018,0.0902,0.1913,1,1,0.173
21.501,0,1,1,-0.6167,0.0000,-0.5882,0.1789,175.1337,0.0000,0.0000,0.0000,-0.6281,0.1749,173.6628,0.006,6257,-0.0045,0.0881,0.1811,1,1,0.167
21.602,0,1,1,-0.6167,0.0000,-0.5888,0.1694,175.0847,0.0000,0.0000,0.0000,-0.5430,0.1160,172.5082,0.035,6261,-0.0039,0.0880,0.1717,1,1,0.167
21.702,0,1,1,-0.6167,0.0000,-0.5903,0.1596,175.1486,0.0000,0.0000,0.0000,-0.6310,0.1503,173.7890,0.029,6265,-0.0039,0.0880,0.1618,1,1,0.167
21.801,0,1,1,-0.6167,0.0000,-0.5916,0.1493,175.0644,0.0000,0.0000,0.0000,-0.5442,0.1158,172.2478,0.010,6270,-0.0033,0.0884,0.1514,1,1,0.168
21.901,0,1,1,-0.6167,0.0000,-0.5939,0.1399,174.9951,0.0000,0.0000,0.0000,-0.6569,0.1243,174.6757,0.008,6275,-0.0034,0.0888,0.1417,1,1,0.169
21.999,0,1,1,-0.6167,0.0000,-0.5944,0.1313,175.1159,0.0000,0.0000,0.0000,-0.5366,0.0959,172.1433,0.017,6279,0.0001,0.0915,0.1332,1,1,0.177
22.104,0,1,1,-0.6167,0.0000,-0.5969,0.1207,175.2652,0.0000,0.0000,0.0000,-0.6590,0.1062,174.8865,0.019,6284,-0.0015,0.0886,0.1223,1,1,0.170
22.199,0,1,1,-0.6167,0.0000,-0.5973,0.1124,175.1857,0.0000,0.0000,0.0000,-0.5363,0.0957,172.1654,0.034,6288,0.0000,0.0832,0.1140,1,1,0.176
22.302,0,1,1,-0.6167,0.0000,-0.5995,0.1031,175.1809,0.0000,0.0000,0.0000,-0.6589,0.0882,175.0515,0.018,6293,-0.0007,0.0759,0.1045,1,1,0.175
22.402,0,1,1,-0.6167,0.0000,-0.6000,0.0946,175.1336,0.0000,0.0000,0.0000,-0.5482,0.0390,172.8607,0.032,6297,-0.0003,0.0700,0.0961,1,1,0.172
22.502,0,1,1,-0.6167,0.0000,-0.6027,0.0858,175.3090,0.0000,0.0000,0.0000,-0.6722,0.0610,174.6818,0.016,6302,-0.0016,0.0625,0.0869,1,1,0.172
22.601,0,1,1,-0.6167,0.0000,-0.6032,0.0794,175.1839,0.0000,0.0000,0.0000,-0.5484,0.0393,172.8716,0.028,6306,-0.0002,0.0587,0.0805,1,1,0.176
22.700,0,1,1,-0.6167,0.0000,-0.6052,0.0719,175.1482,0.0000,0.0000,0.0000,-0.6715,0.0453,174.6014,0.018,6310,-0.0026,0.0513,0.0728,1,1,0.167
22.801,0,1,2,0.0000,0.0000,-0.6050,0.0670,175.0557,0.0000,0.0000,0.0000,-0.5508,0.0397,172.5490,0.028,6315,-0.1113,-0.0089,0.6087,1,1,0.168
22.899,0,1,2,0.0000,0.0000,-0.5973,0.0657,175.2004,0.0000,0.0000,0.0000,-0.6698,0.0311,174.5393,0.012,6320,-0.1067,-0.0043,0.6009,1,1,0.181
23.002,0,1,2,0.0000,0.0000,-0.5874,0.0640,175.2062,0.0000,0.0000,0.0000,-0.6704,0.0288,174.6468,0.010,6324,-0.1099,-0.0075,0.5909,1,1,0.172
23.099,0,1,2,0.0000,0.0000,-0.5789,0.0630,175.0514,0.0000,0.0000,0.0000,-0.6522,0.0704,173.3519,0.026,6328,-0.1109,-0.0087,0.5823,1,1,0.169
23.200,0,1,2,0.0000,0.0000,-0.5705,0.0609,175.0965,0.0000,0.0000,0.0000,-0.5358,0.0048,173.2395,0.019,6333,-0.1085,-0.0064,0.5737,1,1,0.176
23.301,0,1,2,0.0000,0.0000,-0.5610,0.0600,175.0870,0.0000,0.0000,0.0000,-0.6263,0.0333,174.9738,0.006,6338,-0.1078,-0.0057,0.5642,1,1,0.178
23.401,0,1,2,0.0000,0.0000,-0.5508,0.0578,175.0952,0.0000,0.0000,0.0000,-0.5134,-0.0056,173.6678,0.003,6342,-0.1131,-0.0112,0.5539,1,1,0.163
23.500,0,1,2,0.0000,0.0000,-0.5431,0.0565,174.9072,0.0000,0.0000,0.0000,-0.6031,0.0351,174.9453,0.016,6347,-0.1099,-0.0081,0.5461,1,1,0.172
23.600,0,1,2,0.0000,0.0000,-0.5349,0.0563,175.2180,0.0000,0.0000,0.0000,-0.6018,0.0369,174.8300,0.043,6349,-0.1116,-0.0097,0.5378,1,1,0.167
23.699,0,1,2,0.0000,0.0000,-0.5257,0.0559,175.2694,0.0000,0.0000,0.0000,-0.5888,0.0349,175.1117,0.008,6353,-0.1088,-0.0068,0.5287,1,1,0.175
23.803,0,1,2,0.0000,0.0000,-0.5166,0.0556,175.1306,0.0000,0.0000,0.0000,-0.5686,0.0366,175.5961,0.042,6355,-0.0805,0.0021,0.5196,1,1,0.170
23.902,0,1,2,0.0000,0.0000,-0.5101,0.0543,175.1511,0.0000,0.0000,0.0000,-0.4354,0.0138,173.1352,0.002,6361,-0.0740,0.0020,0.5130,1,1,0.148
24.001,0,1,2,0.0000,0.0000,-0.5021,0.0528,175.1438,0.0000,0.0000,0.0000,-0.4341,0.0135,173.2445,0.030,6364,-0.0862,-0.0119,0.5049,1,1,0.161
24.100,0,1,2,0.0000,0.0000,-0.4948,0.0520,175.0409,0.0000,0.0000,0.0000,-0.5449,0.0297,175.1202,0.007,6369,-0.1127,-0.0108,0.4975,1,1,0.164
24.201,0,1,2,0.0000,0.0000,-0.4876,0.0516,175.0918,0.0000,0.0000,0.0000,-0.5442,0.0307,175.0525,0.046,6371,-0.0840,0.0020,0.4903,1,1,0.163
24.301,0,1,2,0.0000,0.0000,-0.4821,0.0514,174.9520,0.0000,0.0000,0.0000,-0.5984,0.0734,171.4287,0.004,6375,-0.0851,-0.0128,0.4848,1,1,0.158
24.402,0,1,2,0.0000,0.0000,-0.4760,0.0519,175.0208,0.0000,0.0000,0.0000,-0.5237,0.0385,175.2718,0.041,6377,-0.0810,-0.0056,0.4789,1,1,0.159
24.502,0,1,2,0.0000,0.0000,-0.4675,0.0508,175.0131,0.0000,0.0000,0.0000,-0.2878,-0.0319,-179.2313,0.030,6380,-0.1127,0.0150,0.4703,1,1,0.157
24.602,0,1,2,0.0000,0.0000,-0.4560,0.0473,175.1032,0.0000,0.0000,0.0000,-0.3818,-0.0099,173.6307,0.017,6384,-0.0765,0.0019,0.4585,1,1,0.167
24.699,0,1,2,0.0000,0.0000,-0.4439,0.0435,175.1222,0.0000,0.0000,0.0000,-0.4892,0.0323,175.3607,0.008,6389,-0.0769,-0.0084,0.4460,1,1,0.150
24.799,0,1,2,0.0000,0.0000,-0.4357,0.0424,175.2928,0.0000,0.0000,0.0000,-0.4881,0.0338,175.2515,0.048,6391,-0.0797,-0.0073,0.4377,1,1,0.156
24.899,0,1,2,0.0000,0.0000,-0.4242,0.0407,175.2425,0.0000,0.0000,0.0000,-0.4721,0.0326,175.3980,0.015,6395,-0.0617,-0.0149,0.4262,1,1,0.117
24.999,0,1,2,0.0000,0.0000,-0.4170,0.0406,175.3914,0.0000,0.0000,0.0000,-0.4707,0.0350,175.2460,0.046,6397,-0.0617,-0.0147,0.4189,1,1,0.117
25.101,0,1,2,0.0000,0.0000,-0.4066,0.0394,175.3253,0.0000,0.0000,0.0000,-0.4696,0.0355,175.1829,0.011,6401,-0.0926,-0.0020,0.4085,1,1,0.184
25.200,0,1,2,0.0000,0.0000,-0.3969,0.0384,175.4189,0.0000,0.0000,0.0000,-0.4677,0.0384,174.9818,0.044,6403,-0.0929,-0.0060,0.3988,1,1,0.180
25.299,0,1,2,0.0000,0.0000,-0.3854,0.0365,175.4615,0.0000,0.0000,0.0000,-0.4445,0.0388,175.2640,0.014,6407,-0.1069,-0.0020,0.3872,1,1,0.185
25.401,0,1,2,0.0000,0.0000,-0.3736,0.0351,175.4531,0.0000,0.0000,0.0000,-0.4430,0.0405,175.1271,0.042,6409,-0.1069,-0.0021,0.3753,1,1,0.167
25.502,0,1,2,0.0000,0.0000,-0.3620,0.0337,175.4369,0.0000,0.0000,0.0000,-0.4158,0.0392,175.3190,0.018,6412,-0.1166,-0.0062,0.3636,1,1,0.164
25.601,0,1,2,0.0000,0.0000,-0.3478,0.0311,175.2518,0.0000,0.0000,0.0000,-0.1861,-0.0514,-179.3065,0.036,6415,-0.1129,-0.0050,0.3492,1,1,0.166
25.701,0,1,2,0.0000,0.0000,-0.3343,0.0282,175.4862,0.0000,0.0000,0.0000,-0.1690,-0.0612,-179.5787,0.029,6418,-0.1148,-0.0063,0.3355,1,1,0.168
25.799,0,1,2,0.0000,0.0000,-0.3236,0.0267,175.4917,0.0000,0.0000,0.0000,-0.4045,0.0400,174.8513,0.027,6421,-0.0894,-0.0109,0.3247,1,1,0.170
25.899,0,1,2,0.0000,0.0000,-0.3114,0.0252,175.3411,0.0000,0.0000,0.0000,-0.3844,0.0365,174.8397,0.008,6425,-0.1157,-0.0070,0.3124,1,1,0.166
25.999,0,1,2,0.0000,0.0000,-0.2994,0.0241,175.1900,0.0000,0.0000,0.0000,-0.3749,0.0344,174.5162,0.036,6427,-0.0969,-0.0079,0.3004,1,1,0.184
26.099,0,1,2,0.0000,0.0000,-0.2861,0.0219,175.3670,0.0000,0.0000,0.0000,-0.3732,0.0366,174.3448,0.014,6431,-0.1125,-0.0061,0.2869,1,1,0.173
26.202,0,1,2,0.0000,0.0000,-0.2750,0.0212,175.5080,0.0000,0.0000,0.0000,-0.3404,0.0382,174.8904,0.053,6433,-0.1162,-0.0076,0.2758,1,1,0.165
26.300,0,1,2,0.0000,0.0000,-0.2625,0.0197,175.1794,0.0000,0.0000,0.0000,-0.3364,0.0408,174.6625,0.017,6437,-0.0920,-0.0205,0.2632,1,1,0.158
26.399,0,1,2,0.0000,0.0000,-0.2519,0.0193,175.3144,0.0000,0.0000,0.0000,-0.3259,0.0390,174.3076,0.044,6439,-0.0937,-0.0161,0.2526,1,1,0.167
26.499,0,1,2,0.0000,0.0000,-0.2331,0.0199,175.3962,0.0000,0.0000,0.0000,0.0881,0.1576,-177.3690,0.009,6443,-0.0941,-0.0144,0.2340,1,1,0.169
26.602,0,1,2,0.0000,0.0000,-0.2172,0.0210,175.5543,0.0000,0.0000,0.0000,0.0889,0.1580,-177.4415,0.046,6445,-0.1148,-0.0051,0.2182,1,1,0.168
26.701,0,1,2,0.0000,0.0000,-0.1958,0.0232,175.5862,0.0000,0.0000,0.0000,0.0868,0.1577,-177.7926,0.010,6448,-0.0940,-0.0111,0.1972,1,1,0.169
26.801,0,1,2,0.0000,0.0000,-0.1788,0.0221,175.7302,0.0000,0.0000,0.0000,-0.1507,-0.0085,170.9700,0.028,6452,-0.0694,0.0037,0.1802,1,1,0.139
26.900,0,1,2,0.0000,0.0000,-0.1590,0.0229,175.9117,0.0000,0.0000,0.0000,0.0907,0.1599,-178.2013,0.007,6456,-0.1137,-0.0000,0.1607,1,1,0.170
26.999,0,1,2,0.0000,0.0000,-0.1454,0.0229,175.9585,0.0000,0.0000,0.0000,0.0914,0.1600,-178.2548,0.037,6458,-0.0946,-0.0054,0.1472,1,1,0.173
27.099,0,1,2,0.0000,0.0000,-0.1282,0.0216,175.8109,0.0000,0.0000,0.0000,0.0228,-0.1153,-179.0199,0.028,6461,-0.0941,-0.0053,0.1300,1,1,0.171
27.202,0,1,2,0.0000,0.0000,-0.1108,0.0234,176.0778,0.0000,0.0000,0.0000,0.0980,0.1626,-178.8323,0.039,6464,-0.0739,0.0111,0.1133,1,1,0.163
27.299,0,1,2,0.0000,0.0000,-0.0963,0.0206,176.1767,0.0000,0.0000,0.0000,0.0524,-0.1245,-178.7471,0.027,6467,-0.0735,-0.0014,0.0985,1,1,0.169
27.400,0,1,2,0.0000,0.0000,-0.0820,0.0223,176.2776,0.0000,0.0000,0.0000,0.1006,0.1626,-179.0168,0.026,6470,-0.0633,0.0034,0.0850,1,1,0.172
27.499,0,1,2,0.0000,0.0000,-0.0673,0.0217,176.1464,0.0000,0.0000,0.0000,0.1056,0.1625,-179.3232,0.015,6474,-0.0517,0.0046,0.0707,1,1,0.169
27.599,0,1,2,0.0000,0.0000,-0.0595,0.0198,176.1556,0.0000,0.0000,0.0000,-0.0889,-0.0221,170.5642,0.027,6478,0.0000,0.0000,0.0627,1,1,0.169
27.701,0,1,2,0.0000,0.0000,-0.0514,0.0190,176.2256,0.0000,0.0000,0.0000,0.1088,0.1636,-179.5973,0.013,6483,0.0000,0.0000,0.0548,1,1,0.175
27.799,0,1,2,0.0000,0.0000,-0.0483,0.0178,176.2187,0.0000,0.0000,0.0000,-0.0881,-0.0223,170.6087,0.023,6487,0.0000,0.0000,0.0514,1,1,0.167
27.903,0,1,2,0.0000,0.0000,-0.0413,0.0171,176.3599,0.0000,0.0000,0.0000,0.1088,0.1636,-179.5973,0.021,6492,0.0000,0.0000,0.0447,1,1,0.165
28.001,0,1,2,0.0000,0.0000,-0.0388,0.0160,176.3559,0.0000,0.0000,0.0000,-0.0882,-0.0224,170.5979,0.029,6496,0.0000,0.0000,0.0420,1,1,0.164
28.099,0,1,2,0.0000,0.0000,-0.0327,0.0155,176.4899,0.0000,0.0000,0.0000,0.1088,0.1636,-179.5975,0.013,6501,0.0000,0.0000,0.0362,1,1,0.172
28.199,0,1,2,0.0000,0.0000,-0.0308,0.0144,176.4826,0.0000,0.0000,0.0000,-0.0882,-0.0224,170.5983,0.028,6505,0.0000,0.0000,0.0340,1,1,0.164
28.299,0,1,2,0.0000,0.0000,-0.0267,0.0157,176.5819,0.0000,0.0000,0.0000,0.1088,0.1636,-179.5975,0.015,6509,0.0000,0.0000,0.0310,1,1,0.156
28.401,0,1,2,0.0000,0.0000,-0.0237,0.0129,176.6097,0.0000,0.0000,0.0000,-0.0881,-0.0224,170.6005,0.028,6514,0.0000,0.0000,0.0270,1,1,0.165
28.499,0,1,2,0.0000,0.0000,-0.0231,0.0116,176.6978,0.0000,0.0000,0.0000,0.1014,-0.1429,-178.5527,0.027,6519,0.0000,0.0000,0.0258,1,1,0.168
28.604,0,1,2,0.0000,0.0000,-0.0232,0.0133,176.7400,0.0000,0.0000,0.0000,-0.0881,-0.0225,170.5974,0.012,6525,0.0000,0.0000,0.0267,0,2,0.172
28.702,0,1,2,0.0000,0.0000,-0.0239,0.0144,176.8675,0.0000,0.0000,0.0000,0.1088,0.1636,-179.5975,0.013,6532,0.0000,0.0000,0.0279,0,2,0.176
28.802,0,1,2,0.0000,0.0000,-0.0252,0.0142,176.8598,0.0000,0.0000,0.0000,-0.2804,0.0833,177.1605,0.007,6538,0.0000,0.0000,0.0289,0,2,0.168
28.902,0,1,2,0.0000,0.0000,-0.0258,0.0152,176.9689,0.0000,0.0000,0.0000,0.1089,0.1636,-179.6032,0.015,6544,0.0000,0.0000,0.0299,0,2,0.163
29.000,0,1,2,0.0000,0.0000,-0.0297,0.0157,176.9654,0.0000,0.0000,0.0000,-0.0881,-0.0225,170.5981,0.010,6550,0.0000,0.0000,0.0335,0,2,0.169
29.103,0,1,2,0.0000,0.0000,-0.0274,0.0158,177.0700,0.0000,0.0000,0.0000,0.1089,0.1636,-179.6032,0.017,6556,0.0000,0.0000,0.0317,0,2,0.159
29.199,0,1,2,0.0000,0.0000,-0.0310,0.0163,177.0658,0.0000,0.0000,0.0000,-0.2803,0.0833,177.1611,0.012,6562,0.0000,0.0000,0.0351,0,2,0.159
29.300,0,1,2,0.0000,0.0000,-0.0287,0.0164,177.1722,0.0000,0.0000,0.0000,0.1089,0.1636,-179.6032,0.016,6568,0.0000,0.0000,0.0331,0,2,0.169
29.400,0,1,2,0.0000,0.0000,-0.0323,0.0168,177.1598,0.0000,0.0000,0.0000,-0.2804,0.0833,177.1569,0.017,6574,0.0000,0.0000,0.0364,0,2,0.164
29.501,0,1,2,0.0000,0.0000,-0.0312,0.0184,177.2245,0.0000,0.0000,0.0000,0.1089,0.1636,-179.6032,0.018,6579,0.0000,0.0000,0.0362,0,2,0.163
29.601,0,1,2,0.0000,0.0000,-0.0333,0.0172,177.2350,0.0000,0.0000,0.0000,-0.2804,0.0833,177.1552,0.020,6586,0.0000,0.0000,0.0374,0,2,0.162
29.699,0,1,2,0.0000,0.0000,-0.0323,0.0158,177.2967,0.0000,0.0000,0.0000,0.1089,0.1636,-179.6032,0.010,6592,0.0000,0.0000,0.0359,0,2,0.172
29.803,0,1,2,0.0000,0.0000,-0.0341,0.0176,177.3087,0.0000,0.0000,0.0000,-0.0881,-0.0226,170.5931,0.009,6598,0.0000,0.0000,0.0384,0,2,0.164
29.900,0,1,2,0.0000,0.0000,-0.0317,0.0176,177.3963,0.0000,0.0000,0.0000,0.1089,0.1636,-179.6032,0.008,6604,0.0000,0.0000,0.0363,0,2,0.159
29.999,0,1,2,0.0000,0.0000,-0.0326,0.0173,177.3741,0.0000,0.0000,0.0000,-0.2803,0.0833,177.1552,0.010,6610,0.0000,0.0000,0.0369,0,2,0.168
30.101,0,1,2,0.0000,0.0000,-0.0325,0.0179,177.4605,0.0000,0.0000,0.0000,0.1089,0.1636,-179.6032,0.015,6616,0.0000,0.0000,0.0371,0,2,0.165
30.202,0,1,2,0.0000,0.0000,-0.0334,0.0177,177.4376,0.0000,0.0000,0.0000,-0.0880,-0.0226,170.5946,0.003,6621,0.0000,0.0000,0.0378,0,2,0.167
30.302,0,1,2,0.0000,0.0000,-0.0333,0.0182,177.5097,0.0000,0.0000,0.0000,0.1089,0.1636,-179.6032,0.020,6628,0.0000,0.0000,0.0380,0,2,0.151
30.399,0,1,2,0.0000,0.0000,-0.0363,0.0185,177.4819,0.0000,0.0000,0.0000,-0.2803,0.0833,177.1553,0.020,6634,0.0000,0.0000,0.0408,0,2,0.153
30.499,0,1,2,0.0000,0.0000,-0.0339,0.0185,177.5598,0.0000,0.0000,0.0000,0.1089,0.1636,-179.6032,0.018,6640,0.0000,0.0000,0.0386,0,2,0.159
30.604,0,1,2,0.0000,0.0000,-0.0368,0.0188,177.5294,0.0000,0.0000,0.0000,-0.2803,0.0833,177.1555,0.022,6646,0.0000,0.0000,0.0413,0,2,0.164
30.702,0,1,2,0.0000,0.0000,-0.0343,0.0187,177.6039,0.0000,0.0000,0.0000,0.1089,0.1636,-179.6032,0.016,6652,0.0000,0.0000,0.0391,0,2,0.167
30.799,0,1,2,0.0000,0.0000,-0.0373,0.0190,177.5704,0.0000,0.0000,0.0000,-0.2803,0.0833,177.1545,0.019,6658,0.0000,0.0000,0.0418,0,2,0.157
30.899,0,1,2,0.0000,0.0000,-0.0348,0.0188,177.6445,0.0000,0.0000,0.0000,0.1089,0.1636,-179.6032,0.011,6664,0.0000,0.0000,0.0395,0,2,0.156
31.001,0,1,2,0.0000,0.0000,-0.0376,0.0191,177.6128,0.0000,0.0000,0.0000,-0.2803,0.0833,177.1553,0.026,6670,0.0000,0.0000,0.0422,0,2,0.160
31.100,0,1,2,0.0000,0.0000,-0.0365,0.0176,177.6637,0.0000,0.0000,0.0000,0.1089,0.1636,-179.6032,0.008,6676,0.0000,0.0000,0.0405,0,2,0.166
31.199,0,1,2,0.0000,0.0000,-0.0380,0.0193,177.6513,0.0000,0.0000,0.0000,-0.2803,0.0833,177.1540,0.018,6682,0.0000,0.0000,0.0426,0,2,0.167
31.299,0,1,2,0.0000,0.0000,-0.0368,0.0178,177.7016,0.0000,0.0000,0.0000,0.1015,-0.1430,-178.5561,0.027,6687,0.0000,0.0000,0.0409,0,2,0.154
31.405,0,1,2,0.0000,0.0000,-0.0360,0.0189,177.6941,0.0000,0.0000,0.0000,-0.0879,-0.0228,170.5926,0.012,6693,0.0000,0.0000,0.0407,0,2,0.164
31.499,0,1,2,0.0000,0.0000,-0.0358,0.0194,177.7527,0.0000,0.0000,0.0000,0.1089,0.1636,-179.6032,0.016,6700,0.0000,0.0000,0.0407,0,2,0.154
31.599,0,1,2,0.0000,0.0000,-0.0386,0.0196,177.7215,0.0000,0.0000,0.0000,-0.0879,-0.0228,170.5919,0.006,6706,0.0000,0.0000,0.0433,0,2,0.170
31.700,0,1,2,0.0000,0.0000,-0.0360,0.0195,177.7843,0.0000,0.0000,0.0000,0.1089,0.1636,-179.6032,0.013,6712,0.0000,0.0000,0.0410,0,2,0.163
31.802,0,1,2,0.0000,0.0000,-0.0389,0.0197,177.7455,0.0000,0.0000,0.0000,-0.2803,0.0833,177.1518,0.029,6718,0.0000,0.0000,0.0436,0,2,0.166
31.900,0,1,2,0.0000,0.0000,-0.0363,0.0196,177.8090,0.0000,0.0000,0.0000,0.1089,0.1636,-179.6032,0.015,6724,0.0000,0.0000,0.0412,0,2,0.169
31.999,0,1,2,0.0000,0.0000,-0.0391,0.0198,177.7715,0.0000,0.0000,0.0000,-0.2803,0.0833,177.1536,0.025,6730,0.0000,0.0000,0.0438,0,2,0.166
32.101,0,1,2,0.0000,0.0000,-0.0365,0.0197,177.8335,0.0000,0.0000,0.0000,0.1089,0.1636,-179.6032,0.018,6736,0.0000,0.0000,0.0414,0,2,0.156
32.201,0,1,2,0.0000,0.0000,-0.0393,0.0199,177.7987,0.0000,0.0000,0.0000,-0.2803,0.0833,177.1540,0.028,6742,0.0000,0.0000,0.0440,0,2,0.165
32.300,0,1,2,0.0000,0.0000,-0.0379,0.0212,177.8355,0.0000,0.0000,0.0000,0.1089,0.1636,-179.6032,0.014,6747,0.0000,0.0000,0.0435,0,2,0.169
32.401,0,1,2,0.0000,0.0000,-0.0394,0.0199,177.8221,0.0000,0.0000,0.0000,-0.0878,-0.0229,170.5907,0.018,6754,0.0000,0.0000,0.0441,0,2,0.161
32.505,0,1,2,0.0000,0.0000,-0.0381,0.0184,177.8645,0.0000,0.0000,0.0000,0.1015,-0.1430,-178.5563,0.033,6759,0.0000,0.0000,0.0423,0,2,0.158
32.599,0,1,2,0.0000,0.0000,-0.0372,0.0194,177.8428,0.0000,0.0000,0.0000,-0.0878,-0.0229,170.5905,0.025,6765,0.0000,0.0000,0.0420,0,2,0.162
32.698,0,1,2,0.0000,0.0000,-0.0383,0.0185,177.8797,0.0000,0.0000,0.0000,0.1089,0.1636,-179.6032,0.009,6772,0.0000,0.0000,0.0425,0,2,0.169
32.801,0,1,2,0.0000,0.0000,-0.0347,0.0193,177.9200,0.0000,0.0000,0.0000,-0.0878,-0.0229,170.5898,0.002,6776,0.0000,0.0000,0.0397,0,2,0.156
32.899,0,1,2,0.0000,0.0000,-0.0318,0.0168,177.9137,0.0000,0.0000,0.0000,0.1089,0.1636,-179.6032,0.007,6781,0.0000,0.0000,0.0360,0,2,0.163
33.000,0,1,2,0.0000,0.0000,-0.0290,0.0173,177.8996,0.0000,0.0000,0.0000,-0.0877,-0.0229,170.5919,0.016,6785,0.0000,0.0000,0.0338,0,2,0.157
33.102,0,1,2,0.0000,0.0000,-0.0245,0.0167,177.9643,0.0000,0.0000,0.0000,0.1089,0.1636,-179.6032,0.019,6790,0.0000,0.0000,0.0296,0,2,0.163
33.200,0,1,2,0.0000,0.0000,-0.0232,0.0158,177.9254,0.0000,0.0000,0.0000,-0.0877,-0.0229,170.5930,0.027,6794,0.0000,0.0000,0.0281,0,2,0.165
33.300,0,1,2,0.0000,0.0000,-0.0189,0.0152,177.9916,0.0000,0.0000,0.0000,0.1089,0.1636,-179.6032,0.018,6799,0.0000,0.0000,0.0243,0,2,0.157
33.399,0,1,2,0.0000,0.0000,-0.0178,0.0144,177.9566,0.0000,0.0000,0.0000,-0.0877,-0.0229,170.5921,0.022,6803,0.0000,0.0000,0.0229,0,2,0.166
33.503,0,1,2,0.0000,0.0000,-0.0148,0.0155,177.9975,0.0000,0.0000,0.0000,0.1015,-0.1430,-178.5566,0.007,6808,0.0000,0.0000,0.0214,0,2,0.164
33.601,0,1,2,0.0000,0.0000,-0.0127,0.0131,177.9850,0.0000,0.0000,0.0000,-0.0877,-0.0230,170.5917,0.030,6812,0.0000,0.0000,0.0183,0,2,0.167
33.703,0,1,2,0.0000,0.0000,-0.0088,0.0126,178.0474,0.0000,0.0000,0.0000,0.1089,0.1636,-179.6032,0.018,6817,0.0000,0.0000,0.0154,0,2,0.157
33.804,0,1,2,0.0000,0.0000,-0.0081,0.0118,178.0092,0.0000,0.0000,0.0000,-0.0877,-0.0230,170.5899,0.032,6821,0.0000,0.0000,0.0143,0,2,0.161
33.903,0,1,2,0.0000,0.0000,-0.0044,0.0115,178.0719,0.0000,0.0000,0.0000,0.1089,0.1636,-179.6032,0.019,6826,0.0000,0.0000,0.0123,0,2,0.171
34.002,0,1,2,0.0000,0.0000,-0.0038,0.0108,178.0325,0.0000,0.0000,0.0000,-0.0877,-0.0230,170.5893,0.030,6830,0.0000,0.0000,0.0114,0,2,0.159
34.102,0,1,2,0.0000,0.0000,-0.0014,0.0088,178.0730,0.0000,0.0000,0.0000,0.1015,-0.1430,-178.5566,0.030,6834,0.0000,0.0000,0.0089,0,2,0.160
34.200,0,1,2,0.0000,0.0000,0.0010,0.0101,178.1054,0.0000,0.0000,0.0000,-0.0876,-0.0230,170.5895,0.008,6839,0.0000,0.0000,0.0102,0,2,0.167
34.299,0,1,2,0.0000,0.0000,0.0035,0.0095,178.1085,0.0000,0.0000,0.0000,0.1089,0.1636,-179.6032,0.013,6844,0.0000,0.0000,0.0101,0,2,0.172
34.403,0,1,2,0.0000,0.0000,0.0037,0.0088,178.0681,0.0000,0.0000,0.0000,-0.0876,-0.0230,170.5903,0.031,6848,0.0000,0.0000,0.0096,0,2,0.171
34.502,0,1,2,0.0000,0.0000,0.0069,0.0086,178.1278,0.0000,0.0000,0.0000,0.1089,0.1636,-179.6032,0.020,6853,0.0000,0.0000,0.0110,0,2,0.161
34.599,0,1,2,0.0000,0.0000,0.0070,0.0080,178.0819,0.0000,0.0000,0.0000,-0.0876,-0.0230,170.5915,0.025,6857,0.0000,0.0000,0.0106,0,2,0.156
34.703,0,1,2,0.0000,0.0000,0.0100,0.0078,178.1418,0.0000,0.0000,0.0000,0.1089,0.1636,-179.6032,0.019,6862,0.0000,0.0000,0.0127,0,2,0.165
34.801,0,1,2,0.0000,0.0000,0.0100,0.0072,178.0966,0.0000,0.0000,0.0000,-0.0876,-0.0231,170.5901,0.029,6866,0.0000,0.0000,0.0123,0,2,0.160
34.902,0,1,2,0.0000,0.0000,0.0129,0.0070,178.1507,0.0000,0.0000,0.0000,0.1089,0.1636,-179.6032,0.022,6871,0.0000,0.0000,0.0147,0,2,0.167
35.001,0,1,2,0.0000,0.0000,0.0127,0.0065,178.1047,0.0000,0.0000,0.0000,-0.0876,-0.0231,170.5902,0.030,6875,0.0000,0.0000,0.0143,0,2,0.162
35.101,0,1,2,0.0000,0.0000,0.0155,0.0063,178.1649,0.0000,0.0000,0.0000,0.1015,-0.1430,-178.5566,0.007,6880,0.0000,0.0000,0.0168,0,2,0.263
35.203,0,1,2,0.0000,0.0000,0.0153,0.0058,178.1192,0.0000,0.0000,0.0000,-0.0876,-0.0231,170.5894,0.030,6884,0.0000,0.0000,0.0163,0,2,0.151
35.301,0,1,2,0.0000,0.0000,0.0170,0.0040,178.1602,0.0000,0.0000,0.0000,0.1015,-0.1430,-178.5566,0.030,6888,0.0000,0.0000,0.0174,0,2,0.164
35.400,0,1,2,0.0000,0.0000,0.0176,0.0052,178.1333,0.0000,0.0000,0.0000,-0.0875,-0.0231,170.5893,0.007,6893,0.0000,0.0000,0.0183,0,2,0.163
35.499,0,1,2,0.0000,0.0000,0.0192,0.0035,178.1670,0.0000,0.0000,0.0000,0.1089,0.1636,-179.6032,0.006,6898,0.0000,0.0000,0.0195,0,2,0.162
35.601,0,1,2,0.0000,0.0000,0.0208,0.0050,178.1977,0.0000,0.0000,0.0000,0.1089,0.1636,-179.6032,0.039,6901,0.0000,0.0000,0.0214,0,2,0.166
35.702,0,1,2,0.0000,0.0000,0.0221,0.0047,178.1969,0.0000,0.0000,0.0000,0.1089,0.1636,-179.6032,0.006,6907,0.0000,0.0000,0.0225,0,2,0.159
35.800,0,1,2,0.0000,0.0000,0.0215,0.0042,178.1461,0.0000,0.0000,0.0000,-0.0875,-0.0232,170.5883,0.020,6911,0.0000,0.0000,0.0219,0,2,0.172
35.901,0,1,2,0.0000,0.0000,0.0238,0.0042,178.2051,0.0000,0.0000,0.0000,0.1089,0.1636,-179.6032,0.018,6916,0.0000,0.0000,0.0242,0,2,0.148
35.999,0,1,2,0.0000,0.0000,0.0232,0.0038,178.1530,0.0000,0.0000,0.0000,-0.0875,-0.0232,170.5884,0.026,6920,0.0000,0.0000,0.0235,0,2,0.167
36.101,0,1,2,0.0000,0.0000,0.0255,0.0038,178.2143,0.0000,0.0000,0.0000,0.1089,0.1636,-179.6032,0.017,6925,0.0000,0.0000,0.0258,0,2,0.155
36.201,0,1,2,0.0000,0.0000,0.0248,0.0033,178.1636,0.0000,0.0000,0.0000,-0.0875,-0.0232,170.5897,0.031,6929,0.0000,0.0000,0.0250,0,2,0.168
36.304,0,1,2,0.0000,0.0000,0.0262,0.0049,178.1926,0.0000,0.0000,0.0000,0.1015,-0.1430,-178.5566,0.005,6934,0.0000,0.0000,0.0266,0,2,0.162
36.401,0,1,2,0.0000,0.0000,0.0262,0.0029,178.1706,0.0000,0.0000,0.0000,-0.0875,-0.0232,170.5879,0.026,6938,0.0000,0.0000,0.0264,0,2,0.159
36.501,0,1,2,0.0000,0.0000,0.0284,0.0030,178.2281,0.0000,0.0000,0.0000,-0.0875,-0.0232,170.5868,0.002,6944,0.0000,0.0000,0.0285,0,2,0.158
36.602,0,1,2,0.0000,0.0000,0.0276,0.0026,178.1757,0.0000,0.0000,0.0000,0.1089,0.1636,-179.6032,0.019,6947,0.0000,0.0000,0.0277,0,2,0.170
36.699,0,1,2,0.0000,0.0000,0.0288,0.0010,178.2074,0.0000,0.0000,0.0000,0.1089,0.1636,-179.6032,0.011,6952,0.0000,0.0000,0.0288,0,2,0.166
36.802,0,1,2,0.0000,0.0000,0.0287,0.0023,178.1776,0.0000,0.0000,0.0000,-0.0874,-0.0232,170.5893,0.011,6956,0.0000,0.0000,0.0288,0,2,0.162
36.903,0,1,2,0.0000,0.0000,0.0307,0.0024,178.2337,0.0000,0.0000,0.0000,0.1089,0.1636,-179.6032,0.008,6961,0.0000,0.0000,0.0308,0,2,0.168
37.002,0,1,2,0.0000,0.0000,0.0298,0.0021,178.1800,0.0000,0.0000,0.0000,-0.0874,-0.0233,170.5879,0.026,6965,0.0000,0.0000,0.0299,0,2,0.163
37.102,0,1,2,0.0000,0.0000,0.0317,0.0022,178.2358,0.0000,0.0000,0.0000,0.1089,0.1636,-179.6032,0.016,6970,0.0000,0.0000,0.0318,0,2,0.161
37.202,0,1,2,0.0000,0.0000,0.0308,0.0018,178.1834,0.0000,0.0000,0.0000,-0.0874,-0.0233,170.5891,0.027,6974,0.0000,0.0000,0.0308,0,2,0.156
37.302,0,1,2,0.0000,0.0000,0.0327,0.0019,178.2431,0.0000,0.0000,0.0000,0.1089,0.1636,-179.6032,0.018,6979,0.0000,0.0000,0.0327,0,2,0.162
37.401,0,1,2,0.0000,0.0000,0.0317,0.0016,178.1928,0.0000,0.0000,0.0000,-0.0874,-0.0233,170.5891,0.025,6983,0.0000,0.0000,0.0317,0,2,0.142
37.500,0,1,2,0.0000,0.0000,0.0335,0.0017,178.2507,0.0000,0.0000,0.0000,0.1089,0.1636,-179.6032,0.016,6988,0.0000,0.0000,0.0335,0,2,0.162
37.601,0,1,2,0.0000,0.0000,0.0325,0.0014,178.1977,0.0000,0.0000,0.0000,-0.0874,-0.0233,170.5871,0.020,6992,0.0000,0.0000,0.0325,0,2,0.151
37.702,0,1,2,0.0000,0.0000,0.0343,0.0015,178.2536,0.0000,0.0000,0.0000,0.1089,0.1636,-179.6032,0.018,6997,0.0000,0.0000,0.0343,0,2,0.162
37.801,0,1,2,0.0000,0.0000,0.0332,0.0012,178.2022,0.0000,0.0000,0.0000,-0.0874,-0.0233,170.5871,0.029,7001,0.0000,0.0000,0.0332,0,2,0.157
37.900,0,1,2,0.0000,0.0000,0.0350,0.0013,178.2595,0.0000,0.0000,0.0000,0.1015,-0.1430,-178.5566,0.007,7006,0.0000,0.0000,0.0350,0,2,0.156
38.001,0,1,2,0.0000,0.0000,0.0339,0.0009,178.2086,0.0000,0.0000,0.0000,-0.0873,-0.0233,170.5869,0.028,7010,0.0000,0.0000,0.0339,0,2,0.171
38.099,0,1,2,0.0000,0.0000,0.0348,-0.0006,178.2466,0.0000,0.0000,0.0000,0.1015,-0.1430,-178.5566,0.026,7014,0.0000,0.0000,0.0349,0,2,0.164
38.202,0,1,2,0.0000,0.0000,0.0345,0.0008,178.2116,0.0000,0.0000,0.0000,-0.0873,-0.0233,170.5882,0.009,7019,0.0000,0.0000,0.0345,0,2,0.158
38.302,0,1,2,0.0000,0.0000,0.0362,0.0010,178.2668,0.0000,0.0000,0.0000,0.1089,0.1636,-179.6032,0.019,7024,0.0000,0.0000,0.0362,0,2,0.163
38.403,0,1,2,0.0000,0.0000,0.0364,0.0010,178.2737,0.0000,0.0000,0.0000,0.1089,0.1636,-179.6032,0.053,7027,0.0000,0.0000,0.0364,0,2,0.174
38.499,0,1,2,0.0000,0.0000,0.0367,0.0009,178.2685,0.0000,0.0000,0.0000,0.1089,0.1636,-179.6032,0.016,7033,0.0000,0.0000,0.0367,0,2,0.160
38.599,0,1,2,0.0000,0.0000,0.0297,0.0021,178.1845,0.0000,0.0000,0.0000,-0.2482,0.0746,176.3906,0.022,7039,0.0000,0.0000,0.0298,0,2,0.156
38.704,0,1,2,0.0000,0.0000,0.0288,0.0029,178.2305,0.0000,0.0000,0.0000,0.1089,0.1636,-179.6032,0.017,7045,0.0000,0.0000,0.0289,0,2,0.159
38.802,0,1,2,0.0000,0.0000,0.0224,0.0039,178.1550,0.0000,0.0000,0.0000,-0.2482,0.0745,176.3921,0.026,7051,0.0000,0.0000,0.0228,0,2,0.164
38.899,0,1,2,0.0000,0.0000,0.0220,0.0046,178.2016,0.0000,0.0000,0.0000,0.1089,0.1636,-179.6032,0.017,7057,0.0000,0.0000,0.0225,0,2,0.203
39.001,0,1,2,0.0000,0.0000,0.0163,0.0055,178.1301,0.0000,0.0000,0.0000,-0.0873,-0.0234,170.5864,0.027,7063,0.0000,0.0000,0.0172,0,2,0.164
39.099,0,1,2,0.0000,0.0000,0.0154,0.0075,178.1476,0.0000,0.0000,0.0000,0.1089,0.1636,-179.6032,0.015,7068,0.0000,0.0000,0.0171,0,2,0.156
39.204,0,1,2,0.0000,0.0000,0.0110,0.0068,178.1064,0.0000,0.0000,0.0000,-0.2483,0.0745,176.3944,0.026,7075,0.0000,0.0000,0.0129,0,2,0.165
39.301,0,1,2,0.0000,0.0000,0.0103,0.0057,178.1347,0.0000,0.0000,0.0000,0.1062,-0.1459,-178.4227,0.029,7080,0.0000,0.0000,0.0117,0,2,0.161
39.399,0,1,2,0.0000,0.0000,0.0088,0.0073,178.0984,0.0000,0.0000,0.0000,-0.2483,0.0744,176.3962,0.006,7087,0.0000,0.0000,0.0115,0,2,0.156
39.500,0,1,2,0.0000,0.0000,0.0068,0.0084,178.1367,0.0000,0.0000,0.0000,0.1089,0.1636,-179.6032,0.010,7093,0.0000,0.0000,0.0108,0,2,0.161
39.604,0,1,2,0.0000,0.0000,0.0021,0.0091,178.0715,0.0000,0.0000,0.0000,-0.0872,-0.0235,170.5860,0.011,7099,0.0000,0.0000,0.0093,0,2,0.174
39.700,0,1,2,0.0000,0.0000,0.0029,0.0094,178.1190,0.0000,0.0000,0.0000,0.1089,0.1636,-179.6032,0.013,7105,0.0000,0.0000,0.0098,0,2,0.164
39.800,0,1,2,0.0000,0.0000,0.0016,0.0097,178.1183,0.0000,0.0000,0.0000,-0.0872,-0.0235,170.5857,0.006,7110,0.0000,0.0000,0.0098,0,2,0.167
39.901,0,1,2,0.0000,0.0000,0.0040,0.0091,178.1238,0.0000,0.0000,0.0000,0.1089,0.1636,-179.6032,0.019,7115,0.0000,0.0000,0.0099,0,2,0.161
40.004,0,1,2,0.0000,0.0000,0.0042,0.0084,178.0843,0.0000,0.0000,0.0000,-0.0872,-0.0235,170.5860,0.033,7119,0.0000,0.0000,0.0094,0,2,0.165
40.102,0,1,2,0.0000,0.0000,0.0073,0.0082,178.1453,0.0000,0.0000,0.0000,0.1090,0.1636,-179.6090,0.019,7124,0.0000,0.0000,0.0110,0,2,0.172
40.200,0,1,2,0.0000,0.0000,0.0075,0.0076,178.1048,0.0000,0.0000,0.0000,-0.0872,-0.0235,170.5866,0.029,7128,0.0000,0.0000,0.0106,0,2,0.163
40.301,0,1,2,0.0000,0.0000,0.0095,0.0089,178.1365,0.0000,0.0000,0.0000,0.1090,0.1636,-179.6090,0.016,7132,0.0000,0.0000,0.0130,0,2,0.164
40.401,0,1,2,0.0000,0.0000,0.0105,0.0067,178.1196,0.0000,0.0000,0.0000,-0.0871,-0.0235,170.5855,0.015,7137,0.0000,0.0000,0.0125,0,2,0.163
40.506,0,1,2,0.0000,0.0000,0.0134,0.0065,178.1777,0.0000,0.0000,0.0000,0.1090,0.1636,-179.6090,0.023,7142,0.0000,0.0000,0.0149,0,2,0.157
40.602,0,1,2,0.0000,0.0000,0.0133,0.0060,178.1349,0.0000,0.0000,0.0000,-0.0871,-0.0235,170.5865,0.029,7146,0.0000,0.0000,0.0145,0,2,0.169
40.706,0,1,2,0.0000,0.0000,0.0121,0.0055,178.1808,0.0000,0.0000,0.0000,0.1090,0.1636,-179.6090,0.010,7152,0.0000,0.0000,0.0133,0,2,0.167
40.799,0,1,2,0.0000,0.0000,0.0073,0.0080,178.1360,0.0000,0.0000,0.0000,-0.2754,0.0805,176.9899,0.017,7158,0.0000,0.0000,0.0108,0,2,0.166
40.900,0,1,2,0.0000,0.0000,0.0065,0.0069,178.1698,0.0000,0.0000,0.0000,0.1062,-0.1459,-178.4218,0.028,7163,0.0000,0.0000,0.0095,0,2,0.171
41.003,0,1,2,0.0000,0.0000,0.0049,0.0086,178.1355,0.0000,0.0000,0.0000,-0.2754,0.0805,176.9901,0.003,7170,0.0000,0.0000,0.0099,0,2,0.160
41.100,0,1,2,0.0000,0.0000,0.0026,0.0097,178.1741,0.0000,0.0000,0.0000,0.1090,0.1636,-179.6090,0.011,7176,0.0000,0.0000,0.0100,0,2,0.160
41.199,0,1,2,0.0000,0.0000,-0.0024,0.0104,178.1160,0.0000,0.0000,0.0000,-0.2754,0.0805,176.9916,0.021,7182,0.0000,0.0000,0.0106,0,2,0.174
41.300,0,1,2,0.0000,0.0000,-0.0016,0.0107,178.1663,0.0000,0.0000,0.0000,0.1090,0.1636,-179.6090,0.010,7188,0.0000,0.0000,0.0108,0,2,0.165
41.401,0,1,2,0.0000,0.0000,-0.0063,0.0113,178.1032,0.0000,0.0000,0.0000,-0.0871,-0.0236,170.5854,0.025,7194,0.0000,0.0000,0.0130,0,2,0.209
41.504,0,1,2,0.0000,0.0000,-0.0053,0.0116,178.1576,0.0000,0.0000,0.0000,0.1090,0.1636,-179.6090,0.018,7200,0.0000,0.0000,0.0127,0,2,0.156
41.601,0,1,2,0.0000,0.0000,-0.0097,0.0122,178.1014,0.0000,0.0000,0.0000,-0.2754,0.0805,176.9898,0.021,7206,0.0000,0.0000,0.0156,0,2,0.201
41.704,0,1,2,0.0000,0.0000,-0.0085,0.0124,178.1504,0.0000,0.0000,0.0000,0.1090,0.1636,-179.6090,0.013,7212,0.0000,0.0000,0.0150,0,2,0.164
41.801,0,1,2,0.0000,0.0000,-0.0128,0.0129,178.0950,0.0000,0.0000,0.0000,-0.2754,0.0805,176.9910,0.023,7218,0.0000,0.0000,0.0182,0,2,0.155
41.899,0,1,2,0.0000,0.0000,-0.0125,0.0146,178.1180,0.0000,0.0000,0.0000,0.1063,-0.1458,-178.4230,0.007,7224,0.0000,0.0000,0.0192,0,2,0.160
42.000,0,1,2,0.0000,0.0000,-0.0154,0.0135,178.0867,0.0000,0.0000,0.0000,-0.2754,0.0805,176.9894,0.026,7230,0.0000,0.0000,0.0205,0,2,0.160
42.106,0,1,2,0.0000,0.0000,-0.0128,0.0128,178.1770,0.0000,0.0000,0.0000,0.1063,-0.1458,-178.4230,0.036,7235,0.0000,0.0000,0.0181,0,2,0.165
42.204,0,1,2,0.0000,0.0000,-0.0155,0.0113,178.1148,0.0000,0.0000,0.0000,-0.0870,-0.0236,170.5824,0.003,7239,0.0000,0.0000,0.0192,0,2,0.153
42.299,0,1,2,0.0000,0.0000,-0.0188,0.0093,178.1234,0.0000,0.0000,0.0000,0.1063,-0.1458,-178.4230,0.024,7244,0.0000,0.0000,0.0210,0,2,0.164
42.403,0,1,2,0.0000,0.0000,-0.0238,0.0085,178.0516,0.0000,0.0000,0.0000,-0.0870,-0.0236,170.5860,0.015,7249,0.0000,0.0000,0.0253,0,2,0.164
42.500,0,1,2,0.0000,0.0000,-0.0244,0.0059,178.0664,0.0000,0.0000,0.0000,-0.0870,-0.0237,170.5843,0.023,7253,0.0000,0.0000,0.0251,0,2,0.171
42.604,0,1,2,0.0000,0.0000,-0.0292,0.0053,177.9997,0.0000,0.0000,0.0000,-0.0870,-0.0237,170.5851,0.020,7258,0.0000,0.0000,0.0297,0,2,0.158
42.699,0,1,2,0.0000,0.0000,-0.0295,0.0028,178.0192,0.0000,0.0000,0.0000,0.1063,-0.1458,-178.4229,0.030,7262,0.0000,0.0000,0.0296,0,2,0.164
42.801,0,1,2,0.0000,0.0000,-0.0341,0.0024,177.9451,0.0000,0.0000,0.0000,-0.2754,0.0805,176.9913,0.025,7267,0.0000,0.0000,0.0342,0,2,0.161
42.903,0,1,2,0.0000,0.0000,-0.0343,-0.0000,177.9697,0.0000,0.0000,0.0000,0.1063,-0.1458,-178.4229,0.036,7271,0.0000,0.0000,0.0343,0,2,0.162
43.001,0,1,2,0.0000,0.0000,-0.0387,-0.0004,177.9004,0.0000,0.0000,0.0000,-0.2754,0.0805,176.9916,0.022,7276,0.0000,0.0000,0.0387,0,2,0.163
43.103,0,1,2,0.0000,0.0000,-0.0401,-0.0012,177.8988,0.0000,0.0000,0.0000,-0.0870,-0.0237,170.5816,0.059,7279,0.0000,0.0000,0.0402,0,2,0.173
43.201,0,1,2,0.0000,0.0000,-0.0429,-0.0029,177.8541,0.0000,0.0000,0.0000,-0.0869,-0.0237,170.5828,0.024,7285,0.0000,0.0000,0.0430,0,2,0.169
43.301,0,1,2,0.0000,0.0000,-0.0426,-0.0052,177.8806,0.0000,0.0000,0.0000,0.1063,-0.1458,-178.4229,0.024,7289,0.0000,0.0000,0.0430,0,2,0.164
43.402,0,1,2,0.0000,0.0000,-0.0468,-0.0053,177.8127,0.0000,0.0000,0.0000,-0.2754,0.0805,176.9897,0.019,7294,0.0000,0.0000,0.0471,0,2,0.169
43.502,0,1,2,0.0000,0.0000,-0.0464,-0.0074,177.8364,0.0000,0.0000,0.0000,0.1063,-0.1458,-178.4229,0.031,7298,0.0000,0.0000,0.0470,0,2,0.214
43.599,0,1,2,0.0000,0.0000,-0.0500,-0.0072,177.8293,0.0000,0.0000,0.0000,-0.0869,-0.0237,170.5838,0.003,7303,0.0000,0.0000,0.0505,0,2,0.175
43.702,0,1,2,0.0000,0.0000,-0.0498,-0.0095,177.8005,0.0000,0.0000,0.0000,0.1063,-0.1458,-178.4229,0.029,7307,0.0000,0.0000,0.0507,0,2,0.167
43.799,0,1,2,0.0000,0.0000,-0.0533,-0.0092,177.7864,0.0000,0.0000,0.0000,-0.2754,0.0805,176.9894,0.016,7311,0.0000,0.0000,0.0541,0,2,0.166
43.903,0,1,2,0.0000,0.0000,-0.0530,-0.0113,177.7590,0.0000,0.0000,0.0000,0.1063,-0.1458,-178.4229,0.033,7316,0.0000,0.0000,0.0542,0,2,0.158
44.000,0,1,2,0.0000,0.0000,-0.0566,-0.0111,177.6910,0.0000,0.0000,0.0000,-0.0869,-0.0238,170.5829,0.026,7321,0.0000,0.0000,0.0577,0,2,0.172
44.101,0,1,2,0.0000,0.0000,-0.0558,-0.0131,177.7170,0.0000,0.0000,0.0000,0.1063,-0.1458,-178.4232,0.028,7325,0.0000,0.0000,0.0573,0,2,0.168
44.200,0,1,2,0.0000,0.0000,-0.0593,-0.0127,177.6523,0.0000,0.0000,0.0000,-0.2754,0.0805,176.9909,0.027,7330,0.0000,0.0000,0.0606,0,2,0.174
44.302,0,1,2,0.0000,0.0000,-0.0584,-0.0146,177.6827,0.0000,0.0000,0.0000,0.1063,-0.1458,-178.4232,0.031,7334,0.0000,0.0000,0.0602,0,2,0.162
44.401,0,1,2,0.0000,0.0000,-0.0617,-0.0142,177.6226,0.0000,0.0000,0.0000,-0.2754,0.0805,176.9895,0.024,7339,0.0000,0.0000,0.0634,0,2,0.163
44.500,0,1,2,0.0000,0.0000,-0.0607,-0.0161,177.6555,0.0000,0.0000,0.0000,0.1063,-0.1458,-178.4232,0.029,7343,0.0000,0.0000,0.0628,0,2,0.167
44.601,0,1,2,0.0000,0.0000,-0.0640,-0.0156,177.5917,0.0000,0.0000,0.0000,-0.2754,0.0805,176.9914,0.028,7348,0.0000,0.0000,0.0658,0,2,0.163
44.700,0,1,2,0.0000,0.0000,-0.0628,-0.0174,177.6262,0.0000,0.0000,0.0000,0.1063,-0.1458,-178.4210,0.006,7352,0.0000,0.0000,0.0652,0,2,0.172
44.800,0,1,2,0.0000,0.0000,-0.0660,-0.0168,177.5638,0.0000,0.0000,0.0000,-0.2754,0.0805,176.9902,0.027,7357,0.0000,0.0000,0.0681,0,2,0.158
44.900,0,1,2,0.0000,0.0000,-0.0648,-0.0186,177.5942,0.0000,0.0000,0.0000,0.1063,-0.1458,-178.4208,0.036,7361,0.0000,0.0000,0.0674,0,2,0.159
45.001,0,1,2,0.0000,0.0000,-0.0679,-0.0179,177.5348,0.0000,0.0000,0.0000,-0.2754,0.0805,176.9911,0.006,7366,0.0000,0.0000,0.0702,0,2,0.160
45.101,0,1,2,0.0000,0.0000,-0.0667,-0.0196,177.5657,0.0000,0.0000,0.0000,0.1063,-0.1458,-178.4216,0.033,7370,0.0000,0.0000,0.0695,0,2,0.174
45.201,0,1,2,0.0000,0.0000,-0.0695,-0.0189,177.5584,0.0000,0.0000,0.0000,-0.2754,0.0805,176.9912,0.032,7374,0.0000,0.0000,0.0720,0,2,0.164
45.308,0,1,2,0.0000,0.0000,-0.0683,-0.0206,177.5401,0.0000,0.0000,0.0000,0.1063,-0.1458,-178.4216,0.036,7379,0.0000,0.0000,0.0713,0,2,0.161
45.399,0,1,2,0.0000,0.0000,-0.0712,-0.0199,177.4778,0.0000,0.0000,0.0000,-0.0868,-0.0239,170.5822,0.024,7384,0.0000,0.0000,0.0739,0,2,0.170
45.501,0,1,2,0.0000,0.0000,-0.0698,-0.0215,177.5150,0.0000,0.0000,0.0000,0.1063,-0.1458,-178.4216,0.031,7388,0.0000,0.0000,0.0730,0,2,0.168
45.601,0,1,2,0.0000,0.0000,-0.0726,-0.0207,177.4580,0.0000,0.0000,0.0000,-0.2754,0.0805,176.9910,0.025,7393,0.0000,0.0000,0.0755,0,2,0.157
45.704,0,1,2,0.0000,0.0000,-0.0711,-0.0223,177.4908,0.0000,0.0000,0.0000,0.1063,-0.1458,-178.4216,0.033,7397,0.0000,0.0000,0.0745,0,2,0.174
45.802,0,1,2,0.0000,0.0000,-0.0738,-0.0215,177.4363,0.0000,0.0000,0.0000,-0.2754,0.0805,176.9900,0.011,7402,0.0000,0.0000,0.0769,0,2,0.165
45.902,0,1,2,0.0000,0.0000,-0.0742,-0.0217,177.4391,0.0000,0.0000,0.0000,-0.0868,-0.0239,170.5814,0.057,7405,0.0000,0.0000,0.0773,0,2,0.171
46.000,0,1,2,0.0000,0.0000,-0.0749,-0.0222,177.4195,0.0000,0.0000,0.0000,-0.0867,-0.0239,170.5812,0.017,7411,0.0000,0.0000,0.0781,0,2,0.165
46.105,0,1,2,0.0000,0.0000,-0.0733,-0.0238,177.4549,0.0000,0.0000,0.0000,0.1063,-0.1458,-178.4221,0.037,7415,0.0000,0.0000,0.0771,0,2,0.163
46.200,0,1,2,0.0000,0.0000,-0.0738,-0.0240,177.4036,0.0000,0.0000,0.0000,-0.2754,0.0805,176.9922,0.002,7420,0.0000,0.0000,0.0776,0,2,0.161
46.302,0,1,2,0.0000,0.0000,-0.0744,-0.0243,177.4427,0.0000,0.0000,0.0000,0.1063,-0.1458,-178.4221,0.030,7424,0.0000,0.0000,0.0783,0,2,0.161
46.400,0,1,2,0.0000,0.0000,-0.0770,-0.0234,177.3866,0.0000,0.0000,0.0000,-0.0867,-0.0240,170.5819,0.011,7429,0.0000,0.0000,0.0804,0,2,0.164
46.500,0,1,2,0.0000,0.0000,-0.0753,-0.0249,177.4234,0.0000,0.0000,0.0000,0.1063,-0.1458,-178.4214,0.026,7433,0.0000,0.0000,0.0793,0,2,0.158
46.603,0,1,2,0.0000,0.0000,-0.0779,-0.0239,177.3700,0.0000,0.0000,0.0000,-0.0867,-0.0240,170.5806,0.022,7438,0.0000,0.0000,0.0815,0,2,0.159
46.700,0,1,2,0.0000,0.0000,-0.0762,-0.0254,177.4103,0.0000,0.0000,0.0000,0.1063,-0.1458,-178.4214,0.029,7442,0.0000,0.0000,0.0803,0,2,0.166
46.802,0,1,2,0.0000,0.0000,-0.0786,-0.0244,177.3534,0.0000,0.0000,0.0000,-0.2754,0.0805,176.9912,0.023,7447,0.0000,0.0000,0.0823,0,2,0.169
46.907,0,1,2,0.0000,0.0000,-0.0769,-0.0258,177.3940,0.0000,0.0000,0.0000,0.1063,-0.1458,-178.4215,0.036,7451,0.0000,0.0000,0.0811,0,2,0.156
46.999,0,1,2,0.0000,0.0000,-0.0794,-0.0248,177.3372,0.0000,0.0000,0.0000,-0.2754,0.0805,176.9911,0.020,7456,0.0000,0.0000,0.0832,0,2,0.160
47.100,0,1,2,0.0000,0.0000,-0.0796,-0.0250,177.3408,0.0000,0.0000,0.0000,0.1063,-0.1458,-178.4215,0.004,7460,0.0000,0.0000,0.0834,0,2,0.166
47.199,0,1,2,0.0000,0.0000,-0.0800,-0.0252,177.3228,0.0000,0.0000,0.0000,-0.2754,0.0805,176.9907,0.023,7465,0.0000,0.0000,0.0839,0,2,0.165
47.308,0,1,2,0.0000,0.0000,-0.0782,-0.0267,177.3584,0.0000,0.0000,0.0000,0.1063,-0.1458,-178.4215,0.036,7469,0.0000,0.0000,0.0826,0,2,0.162
47.401,0,1,2,0.0000,0.0000,-0.0805,-0.0256,177.3080,0.0000,0.0000,0.0000,-0.0867,-0.0240,170.5815,0.026,7474,0.0000,0.0000,0.0845,0,2,0.171
47.508,0,1,2,0.0000,0.0000,-0.0787,-0.0270,177.3485,0.0000,0.0000,0.0000,0.1063,-0.1458,-178.4215,0.037,7478,0.0000,0.0000,0.0832,0,2,0.166
47.600,0,1,2,0.0000,0.0000,-0.0811,-0.0259,177.2923,0.0000,0.0000,0.0000,-0.2754,0.0805,176.9909,0.022,7483,0.0000,0.0000,0.0851,0,2,0.160
47.701,0,1,2,0.0000,0.0000,-0.0792,-0.0273,177.3332,0.0000,0.0000,0.0000,0.1063,-0.1458,-178.4215,0.029,7487,0.0000,0.0000,0.0838,0,2,0.152
47.805,0,1,2,0.0000,0.0000,-0.0795,-0.0274,177.2841,0.0000,0.0000,0.0000,-0.0866,-0.0240,170.5823,0.010,7491,0.0000,0.0000,0.0841,0,2,0.158
47.902,0,1,2,0.0000,0.0000,-0.0798,-0.0276,177.3190,0.0000,0.0000,0.0000,0.1063,-0.1458,-178.4215,0.036,7496,0.0000,0.0000,0.0844,0,2,0.162
48.001,0,1,2,0.0000,0.0000,-0.0821,-0.0265,177.2635,0.0000,0.0000,0.0000,-0.0866,-0.0241,170.5811,0.028,7501,0.0000,0.0000,0.0862,0,2,0.164
48.109,0,1,2,0.0000,0.0000,-0.0802,-0.0278,177.3049,0.0000,0.0000,0.0000,0.1063,-0.1458,-178.4215,0.042,7505,0.0000,0.0000,0.0849,0,2,0.173
48.204,0,1,2,0.0000,0.0000,-0.0825,-0.0267,177.2535,0.0000,0.0000,0.0000,-0.2754,0.0805,176.9896,0.031,7510,0.0000,0.0000,0.0867,0,2,0.169
48.304,0,1,2,0.0000,0.0000,-0.0806,-0.0280,177.2929,0.0000,0.0000,0.0000,0.1063,-0.1458,-178.4215,0.033,7514,0.0000,0.0000,0.0853,0,2,0.156
48.403,0,1,2,0.0000,0.0000,-0.0828,-0.0269,177.2375,0.0000,0.0000,0.0000,-0.0866,-0.0241,170.5813,0.029,7519,0.0000,0.0000,0.0871,0,2,0.160
48.506,0,1,2,0.0000,0.0000,-0.0734,-0.0245,177.4019,0.0000,0.0000,0.0000,0.2490,0.1280,-176.2432,0.014,7525,0.0000,0.0000,0.0774,0,2,0.165
48.602,0,1,2,0.0000,0.0000,-0.0727,-0.0220,177.3962,0.0000,0.0000,0.0000,-0.2754,0.0805,176.9926,0.029,7531,0.0000,0.0000,0.0759,0,2,0.153
48.700,0,1,2,0.0000,0.0000,-0.0698,-0.0207,177.4460,0.0000,0.0000,0.0000,0.1063,-0.1458,-178.4211,0.004,7537,0.0000,0.0000,0.0728,0,2,0.150
48.800,0,1,2,0.0000,0.0000,-0.0645,-0.0183,177.5196,0.0000,0.0000,0.0000,-0.2754,0.0805,176.9899,0.029,7543,0.0000,0.0000,0.0670,0,2,0.166
48.902,0,1,2,0.0000,0.0000,-0.0603,-0.0185,177.6008,0.0000,0.0000,0.0000,0.1063,-0.1458,-178.4211,0.038,7548,0.0000,0.0000,0.0631,0,2,0.162
49.002,0,1,2,0.0000,0.0000,-0.0549,-0.0159,177.6959,0.0000,0.0000,0.0000,-0.0866,-0.0241,170.5799,0.004,7554,0.0000,0.0000,0.0572,0,2,0.158
49.102,0,1,2,0.0000,0.0000,-0.0537,-0.0154,177.7118,0.0000,0.0000,0.0000,0.1076,-0.1466,-178.3860,0.035,7560,0.0000,0.0000,0.0558,0,2,0.162
49.200,0,1,2,0.0000,0.0000,-0.0513,-0.0122,177.7460,0.0000,0.0000,0.0000,-0.0865,-0.0241,170.5798,0.007,7567,0.0000,0.0000,0.0527,0,2,0.159
49.303,0,1,2,0.0000,0.0000,-0.0450,-0.0113,177.8604,0.0000,0.0000,0.0000,0.2490,0.1280,-176.2404,0.019,7573,0.0000,0.0000,0.0464,0,2,0.157
49.401,0,1,2,0.0000,0.0000,-0.0459,-0.0098,177.8369,0.0000,0.0000,0.0000,0.1076,-0.1466,-178.3854,0.002,7580,0.0000,0.0000,0.0469,0,2,0.166
49.503,0,1,2,0.0000,0.0000,-0.0400,-0.0090,177.9458,0.0000,0.0000,0.0000,0.2490,0.1280,-176.2370,0.019,7585,0.0000,0.0000,0.0410,0,2,0.155
49.600,0,1,2,0.0000,0.0000,-0.0411,-0.0076,177.9228,0.0000,0.0000,0.0000,-0.2754,0.0805,176.9898,0.025,7591,0.0000,0.0000,0.0418,0,2,0.161
49.703,0,1,2,0.0000,0.0000,-0.0355,-0.0070,178.0285,0.0000,0.0000,0.0000,0.2490,0.1280,-176.2412,0.015,7597,0.0000,0.0000,0.0362,0,2,0.159
49.801,0,1,2,0.0000,0.0000,-0.0369,-0.0057,178.0008,0.0000,0.0000,0.0000,-0.2754,0.0805,176.9906,0.024,7603,0.0000,0.0000,0.0374,0,2,0.168
49.904,0,1,2,0.0000,0.0000,-0.0329,-0.0039,178.0755,0.0000,0.0000,0.0000,0.2490,0.1280,-176.2412,0.019,7608,0.0000,0.0000,0.0331,0,2,0.159
50.000,0,1,2,0.0000,0.0000,-0.0332,-0.0041,178.0728,0.0000,0.0000,0.0000,-0.2754,0.0804,176.9924,0.026,7615,0.0000,0.0000,0.0334,0,2,0.170
50.100,0,1,2,0.0000,0.0000,-0.0281,-0.0037,178.1711,0.0000,0.0000,0.0000,0.2490,0.1280,-176.2386,0.018,7621,0.0000,0.0000,0.0283,0,2,0.167
50.199,0,1,2,0.0000,0.0000,-0.0298,-0.0026,178.1366,0.0000,0.0000,0.0000,0.2490,0.1280,-176.2392,0.018,7627,0.0000,0.0000,0.0299,0,2,0.163
50.302,0,1,2,0.0000,0.0000,-0.0275,-0.0034,178.1884,0.0000,0.0000,0.0000,0.2490,0.1280,-176.2412,0.008,7633,0.0000,0.0000,0.0277,0,2,0.166
50.398,0,1,2,0.0000,0.0000,-0.0263,-0.0010,178.2526,0.0000,0.0000,0.0000,-0.0865,-0.0242,170.5802,0.012,7639,0.0000,0.0000,0.0263,0,2,0.165
50.500,0,1,2,0.0000,0.0000,-0.0221,-0.0009,178.2929,0.0000,0.0000,0.0000,0.2490,0.1280,-176.2417,0.008,7645,0.0000,0.0000,0.0221,0,2,0.173
50.602,0,1,2,0.0000,0.0000,-0.0219,-0.0007,178.2595,0.0000,0.0000,0.0000,-0.2754,0.0805,176.9906,0.002,7651,0.0000,0.0000,0.0220,0,2,0.166
50.701,0,1,2,0.0000,0.0000,-0.0198,0.0002,178.3451,0.0000,0.0000,0.0000,0.2491,0.1280,-176.2421,0.014,7657,0.0000,0.0000,0.0198,0,2,0.174
50.799,0,1,2,0.0000,0.0000,-0.0220,0.0011,178.3036,0.0000,0.0000,0.0000,-0.2754,0.0804,176.9913,0.025,7663,0.0000,0.0000,0.0221,0,2,0.169
50.905,0,1,2,0.0000,0.0000,-0.0176,0.0012,178.3968,0.0000,0.0000,0.0000,0.2491,0.1280,-176.2414,0.024,7669,0.0000,0.0000,0.0177,0,2,0.164
51.001,0,1,2,0.0000,0.0000,-0.0200,0.0020,178.3562,0.0000,0.0000,0.0000,-0.2754,0.0804,176.9926,0.021,7675,0.0000,0.0000,0.0201,0,2,0.162
51.101,0,1,2,0.0000,0.0000,-0.0157,0.0021,178.4446,0.0000,0.0000,0.0000,0.2490,0.1280,-176.2399,0.022,7681,0.0000,0.0000,0.0158,0,2,0.166
51.200,0,1,2,0.0000,0.0000,-0.0182,0.0028,178.4019,0.0000,0.0000,0.0000,-0.2754,0.0804,176.9911,0.025,7687,0.0000,0.0000,0.0184,0,2,0.167
51.299,0,1,2,0.0000,0.0000,-0.0139,0.0028,178.4855,0.0000,0.0000,0.0000,0.2491,0.1280,-176.2411,0.007,7693,0.0000,0.0000,0.0142,0,2,0.165
51.400,0,1,2,0.0000,0.0000,-0.0165,0.0035,178.4424,0.0000,0.0000,0.0000,-0.2754,0.0804,176.9906,0.019,7699,0.0000,0.0000,0.0169,0,2,0.164
51.500,0,1,2,0.0000,0.0000,-0.0135,0.0049,178.5008,0.0000,0.0000,0.0000,0.1076,-0.1466,-178.3867,0.004,7705,0.0000,0.0000,0.0144,0,2,0.165
51.599,0,1,2,0.0000,0.0000,-0.0150,0.0042,178.4797,0.0000,0.0000,0.0000,-0.2754,0.0804,176.9923,0.016,7711,0.0000,0.0000,0.0156,0,2,0.159
51.699,0,1,2,0.0000,0.0000,-0.0134,0.0030,178.5245,0.0000,0.0000,0.0000,0.1076,-0.1466,-178.3867,0.025,7716,0.0000,0.0000,0.0138,0,2,0.161
51.800,0,1,2,0.0000,0.0000,-0.0106,0.0044,178.5808,0.0000,0.0000,0.0000,-0.0864,-0.0243,170.5782,0.002,7722,0.0000,0.0000,0.0114,0,2,0.171
51.898,0,1,2,0.0000,0.0000,-0.0098,0.0048,178.5917,0.0000,0.0000,0.0000,0.2491,0.1281,-176.2416,0.019,7729,0.0000,0.0000,0.0109,0,2,0.161
52.002,0,1,2,0.0000,0.0000,-0.0119,0.0056,178.5996,0.0000,0.0000,0.0000,-0.0864,-0.0243,170.5789,0.003,7735,0.0000,0.0000,0.0132,0,2,0.167
52.103,0,1,2,0.0000,0.0000,-0.0087,0.0053,178.6234,0.0000,0.0000,0.0000,0.2491,0.1281,-176.2415,0.023,7741,0.0000,0.0000,0.0102,0,2,0.168
52.199,0,1,2,0.0000,0.0000,-0.0116,0.0058,178.5735,0.0000,0.0000,0.0000,-0.2754,0.0804,176.9914,0.025,7747,0.0000,0.0000,0.0130,0,2,0.161
52.303,0,1,2,0.0000,0.0000,-0.0078,0.0057,178.6512,0.0000,0.0000,0.0000,0.2490,0.1281,-176.2403,0.017,7753,0.0000,0.0000,0.0096,0,2,0.165
52.399,0,1,2,0.0000,0.0000,-0.0107,0.0063,178.5992,0.0000,0.0000,0.0000,-0.2754,0.0804,176.9922,0.018,7759,0.0000,0.0000,0.0124,0,2,0.162
52.500,0,1,2,0.0000,0.0000,-0.0069,0.0061,178.6784,0.0000,0.0000,0.0000,0.2491,0.1281,-176.2432,0.019,7765,0.0000,0.0000,0.0092,0,2,0.166
52.600,0,1,2,0.0000,0.0000,-0.0098,0.0066,178.6273,0.0000,0.0000,0.0000,-0.2754,0.0804,176.9931,0.020,7771,0.0000,0.0000,0.0119,0,2,0.161
52.701,0,1,2,0.0000,0.0000,-0.0071,0.0079,178.6826,0.0000,0.0000,0.0000,0.2490,0.1281,-176.2397,0.019,7776,0.0000,0.0000,0.0106,0,2,0.166
52.800,0,1,2,0.0000,0.0000,-0.0090,0.0069,178.6491,0.0000,0.0000,0.0000,-0.2754,0.0804,176.9932,0.025,7783,0.0000,0.0000,0.0114,0,2,0.173
52.901,0,1,2,0.0000,0.0000,-0.0077,0.0055,178.6893,0.0000,0.0000,0.0000,0.1086,-0.1475,-178.3507,0.036,7788,0.0000,0.0000,0.0095,0,2,0.167
53.000,0,1,2,0.0000,0.0000,-0.0058,0.0065,178.6822,0.0000,0.0000,0.0000,0.2491,0.1281,-176.2405,0.021,7794,0.0000,0.0000,0.0087,0,2,0.165
53.100,0,1,2,0.0000,0.0000,-0.0047,0.0070,178.7494,0.0000,0.0000,0.0000,0.2490,0.1281,-176.2401,0.006,7801,0.0000,0.0000,0.0084,0,2,0.159
53.200,0,1,2,0.0000,0.0000,-0.0070,0.0078,178.7481,0.0000,0.0000,0.0000,-0.0863,-0.0244,170.5789,0.011,7807,0.0000,0.0000,0.0105,0,2,0.168
53.298,0,1,2,0.0000,0.0000,-0.0041,0.0073,178.7571,0.0000,0.0000,0.0000,0.2490,0.1281,-176.2393,0.017,7813,0.0000,0.0000,0.0084,0,2,0.164
53.401,0,1,2,0.0000,0.0000,-0.0073,0.0077,178.7018,0.0000,0.0000,0.0000,-0.2754,0.0804,176.9905,0.020,7819,0.0000,0.0000,0.0106,0,2,0.173
53.499,0,1,2,0.0000,0.0000,-0.0037,0.0075,178.7709,0.0000,0.0000,0.0000,0.2490,0.1281,-176.2397,0.019,7825,0.0000,0.0000,0.0083,0,2,0.161
53.601,0,1,2,0.0000,0.0000,-0.0068,0.0079,178.7160,0.0000,0.0000,0.0000,0.1087,-0.1473,-178.3523,0.002,7832,0.0000,0.0000,0.0104,0,2,0.154
53.699,0,1,2,0.0000,0.0000,-0.0032,0.0077,178.7875,0.0000,0.0000,0.0000,0.2491,0.1281,-176.2399,0.014,7837,0.0000,0.0000,0.0083,0,2,0.162
53.801,0,1,2,0.0000,0.0000,-0.0063,0.0081,178.7285,0.0000,0.0000,0.0000,-0.2754,0.0804,176.9916,0.024,7843,0.0000,0.0000,0.0103,0,2,0.160
53.900,0,1,2,0.0000,0.0000,-0.0038,0.0093,178.7777,0.0000,0.0000,0.0000,0.1087,-0.1473,-178.3522,0.010,7849,0.0000,0.0000,0.0100,0,2,0.166
53.999,0,1,2,0.0000,0.0000,-0.0059,0.0083,178.7461,0.0000,0.0000,0.0000,-0.2754,0.0804,176.9913,0.025,7855,0.0000,0.0000,0.0101,0,2,0.165
54.100,0,1,2,0.0000,0.0000,-0.0023,0.0080,178.8151,0.0000,0.0000,0.0000,0.2490,0.1281,-176.2382,0.014,7861,0.0000,0.0000,0.0083,0,2,0.160
54.200,0,1,2,0.0000,0.0000,-0.0055,0.0084,178.7605,0.0000,0.0000,0.0000,-0.2754,0.0804,176.9907,0.023,7867,0.0000,0.0000,0.0100,0,2,0.169
54.299,0,1,2,0.0000,0.0000,-0.0020,0.0081,178.8320,0.0000,0.0000,0.0000,0.2491,0.1281,-176.2387,0.015,7873,0.0000,0.0000,0.0083,0,2,0.167
54.399,0,1,2,0.0000,0.0000,-0.0052,0.0085,178.7739,0.0000,0.0000,0.0000,0.1087,-0.1473,-178.3522,0.003,7880,0.0000,0.0000,0.0100,0,2,0.167
54.501,0,1,2,0.0000,0.0000,-0.0040,0.0071,178.8104,0.0000,0.0000,0.0000,0.1088,-0.1473,-178.3518,0.029,7884,0.0000,0.0000,0.0082,0,2,0.151
54.602,0,1,2,0.0000,0.0000,-0.0024,0.0080,178.7996,0.0000,0.0000,0.0000,-0.2754,0.0804,176.9924,0.003,7891,0.0000,0.0000,0.0084,0,2,0.157
54.706,0,1,2,0.0000,0.0000,-0.0014,0.0084,178.8567,0.0000,0.0000,0.0000,0.2491,0.1281,-176.2393,0.016,7897,0.0000,0.0000,0.0085,0,2,0.162
54.799,0,1,2,0.0000,0.0000,-0.0046,0.0088,178.7982,0.0000,0.0000,0.0000,-0.0862,-0.0245,170.5782,0.023,7903,0.0000,0.0000,0.0099,0,2,0.168
54.901,0,1,2,0.0000,0.0000,-0.0012,0.0085,178.8668,0.0000,0.0000,0.0000,0.2491,0.1281,-176.2378,0.015,7909,0.0000,0.0000,0.0086,0,2,0.161
55.000,0,1,2,0.0000,0.0000,-0.0044,0.0089,178.8075,0.0000,0.0000,0.0000,-0.2754,0.0804,176.9911,0.024,7915,0.0000,0.0000,0.0099,0,2,0.163
55.099,0,1,2,0.0000,0.0000,-0.0009,0.0086,178.8779,0.0000,0.0000,0.0000,0.2491,0.1281,-176.2396,0.017,7921,0.0000,0.0000,0.0086,0,2,0.168
55.201,0,1,2,0.0000,0.0000,-0.0042,0.0090,178.8186,0.0000,0.0000,0.0000,-0.2754,0.0804,176.9907,0.027,7927,0.0000,0.0000,0.0099,0,2,0.157
55.301,0,1,2,0.0000,0.0000,-0.0007,0.0087,178.8871,0.0000,0.0000,0.0000,0.2491,0.1281,-176.2405,0.018,7933,0.0000,0.0000,0.0087,0,2,0.163
55.399,0,1,2,0.0000,0.0000,-0.0040,0.0090,178.8296,0.0000,0.0000,0.0000,-0.0862,-0.0245,170.5780,0.024,7939,0.0000,0.0000,0.0099,0,2,0.160
55.501,0,1,2,0.0000,0.0000,-0.0016,0.0101,178.8762,0.0000,0.0000,0.0000,0.1088,-0.1473,-178.3519,0.003,7945,0.0000,0.0000,0.0103,0,2,0.165
55.601,0,1,2,0.0000,0.0000,-0.0038,0.0090,178.8375,0.0000,0.0000,0.0000,-0.2754,0.0804,176.9904,0.028,7951,0.0000,0.0000,0.0098,0,2,0.166
55.699,0,1,2,0.0000,0.0000,-0.0026,0.0076,178.8691,0.0000,0.0000,0.0000,0.1088,-0.1473,-178.3519,0.031,7956,0.0000,0.0000,0.0081,0,2,0.168
55.809,0,1,2,0.0000,0.0000,-0.0002,0.0088,178.9154,0.0000,0.0000,0.0000,-0.0862,-0.0245,170.5779,0.003,7962,0.0000,0.0000,0.0088,0,2,0.169
55.902,0,1,2,0.0000,0.0000,-0.0002,0.0089,178.9122,0.0000,0.0000,0.0000,0.2491,0.1281,-176.2369,0.019,7969,0.0000,0.0000,0.0089,0,2,0.158
56.000,0,1,2,0.0000,0.0000,-0.0027,0.0096,178.9110,0.0000,0.0000,0.0000,-0.0862,-0.0245,170.5784,0.007,7975,0.0000,0.0000,0.0099,0,2,0.165
56.102,0,1,2,0.0000,0.0000,-0.0001,0.0089,178.9166,0.0000,0.0000,0.0000,0.2491,0.1281,-176.2375,0.020,7981,0.0000,0.0000,0.0089,0,2,0.167
56.199,0,1,2,0.0000,0.0000,-0.0034,0.0093,178.8531,0.0000,0.0000,0.0000,-0.0861,-0.0245,170.5784,0.020,7987,0.0000,0.0000,0.0099,0,2,0.162
56.299,0,1,2,0.0000,0.0000,-0.0000,0.0089,178.9192,0.0000,0.0000,0.0000,0.2491,0.1281,-176.2392,0.017,7993,0.0000,0.0000,0.0089,0,2,0.159
56.400,0,1,2,0.0000,0.0000,-0.0033,0.0093,178.8599,0.0000,0.0000,0.0000,-0.2754,0.0804,176.9898,0.022,7999,0.0000,0.0000,0.0099,0,2,0.165
56.499,0,1,2,0.0000,0.0000,0.0001,0.0090,178.9242,0.0000,0.0000,0.0000,0.2491,0.1281,-176.2396,0.022,8005,0.0000,0.0000,0.0090,0,2,0.158
56.599,0,1,2,0.0000,0.0000,-0.0032,0.0093,178.8662,0.0000,0.0000,0.0000,-0.2754,0.0804,176.9916,0.021,8011,0.0000,0.0000,0.0099,0,2,0.172
56.702,0,1,2,0.0000,0.0000,0.0002,0.0090,178.9336,0.0000,0.0000,0.0000,0.1088,-0.1473,-178.3515,0.009,8017,0.0000,0.0000,0.0090,0,2,0.167
56.802,0,2,0,0.0000,0.0000,-0.0031,0.0093,178.8714,0.0000,0.0000,0.0000,-0.2754,0.0804,176.9907,0.027,8023,-0.0025,0.0059,0.0098,0,2,0.163
56.903,0,2,1,0.6167,0.0000,0.0005,0.0085,178.7142,0.0000,0.0000,0.0000,0.1088,-0.1473,-178.3518,0.018,8029,-0.0938,-0.0215,0.6162,0,2,0.169
57.001,0,2,1,0.6167,0.0000,0.0009,0.0099,178.0421,0.0000,0.0000,0.0000,0.2503,0.1287,-176.3775,0.011,8035,-0.0955,-0.0171,0.6159,0,2,0.178
57.099,0,2,1,0.6167,0.0000,0.0103,0.0098,177.4718,0.0000,0.0000,0.0000,0.2071,0.1063,-178.6213,0.008,8041,-0.0925,-0.0245,0.6065,0,2,0.162
57.203,0,2,1,0.6167,0.0000,0.0179,0.0127,176.8491,0.0000,0.0000,0.0000,-0.0884,-0.0327,169.1807,0.012,8047,-0.0921,-0.0249,0.5989,0,2,0.170
57.301,0,2,1,0.6167,0.0000,0.0301,0.0122,176.5773,0.0000,0.0000,0.0000,0.1910,0.0958,179.5241,0.006,8053,-0.0906,-0.0288,0.5867,0,2,0.152
57.403,0,2,1,0.6167,0.0000,0.0348,0.0128,176.4311,0.0000,0.0000,0.0000,0.2616,-0.2236,-177.1673,0.002,8060,-0.0912,-0.0273,0.5820,0,2,0.117
57.499,0,2,1,0.6167,0.0000,0.0464,0.0112,176.2279,0.0000,0.0000,0.0000,0.1725,0.0759,177.9017,0.014,8065,-0.0952,-0.0020,0.5704,0,2,0.187
57.599,0,2,1,0.6167,0.0000,0.0487,0.0128,175.9072,0.0000,0.0000,0.0000,-0.0288,0.0437,172.1203,0.006,8072,-0.0722,0.0213,0.5681,0,2,0.122
57.703,0,2,1,0.6167,0.0000,0.0532,0.0120,175.8077,0.0000,0.0000,0.0000,0.1765,0.0782,177.3538,0.018,8077,-0.0704,0.0229,0.5636,0,2,0.117
57.802,0,2,1,0.6167,0.0000,0.0527,0.0107,175.6450,0.0000,0.0000,0.0000,-0.0789,0.0136,170.9402,0.010,8084,-0.0704,0.0227,0.5640,0,2,0.117
57.900,0,2,1,0.6167,0.0000,0.0582,0.0096,175.4687,0.0000,0.0000,0.0000,0.1887,0.0689,177.1922,0.012,8088,-0.0704,0.0225,0.5585,0,2,0.117
57.998,0,2,1,0.6167,0.0000,0.0599,0.0082,175.4514,0.0000,0.0000,0.0000,-0.2180,0.0985,174.7089,0.022,8093,-0.0750,0.0177,0.5568,0,2,0.130
58.102,0,2,1,0.6167,0.0000,0.0685,0.0099,175.4190,0.0000,0.0000,0.0000,0.3259,0.1737,-178.5622,0.014,8097,-0.0998,-0.0458,0.5482,0,2,0.122
58.199,0,2,1,0.6167,0.0000,0.0721,0.0135,175.4509,0.0000,0.0000,0.0000,-0.1906,0.0841,174.3582,0.018,8101,-0.0998,-0.0421,0.5447,0,2,0.128
58.301,0,2,1,0.6167,0.0000,0.0771,0.0151,176.0890,0.0000,0.0000,0.0000,0.0175,-0.0527,168.5003,0.003,8105,-0.0718,-0.0058,0.5398,0,2,0.144
58.402,0,2,1,0.6167,0.0000,0.0771,0.0125,175.8920,0.0000,0.0000,0.0000,-0.0268,-0.0728,174.3191,0.006,8110,-0.0839,0.0323,0.5397,0,2,0.122
58.499,0,2,1,0.6167,0.0000,0.0809,0.0093,176.1304,0.0000,0.0000,0.0000,0.0240,0.0375,172.7070,0.031,8113,-0.0839,0.0315,0.5358,0,2,0.117
58.603,0,2,1,0.6167,0.0000,0.0832,0.0057,175.7403,0.0000,0.0000,0.0000,-0.1643,0.0701,175.7265,0.008,8118,-0.0838,0.0309,0.5335,0,2,0.117
58.702,0,2,1,0.6167,0.0000,0.0864,0.0029,175.5593,0.0000,0.0000,0.0000,0.0314,0.0361,172.2142,0.031,8122,-0.0838,0.0303,0.5302,0,2,0.117
58.801,0,2,1,0.6167,0.0000,0.0875,0.0008,175.5080,0.0000,0.0000,0.0000,0.0665,-0.0521,167.9123,0.007,8127,-0.0889,0.0175,0.5291,0,2,0.144
58.899,0,2,1,0.6167,0.0000,0.0937,-0.0006,175.3861,0.0000,0.0000,0.0000,0.0368,0.0369,171.9569,0.033,8131,-0.1130,-0.0410,0.5230,0,2,0.130
59.000,0,2,1,0.6167,0.0000,0.0984,0.0019,175.2089,0.0000,0.0000,0.0000,-0.1240,0.0493,175.0413,0.025,8136,-0.1155,-0.0465,0.5182,0,2,0.117
59.101,0,2,1,0.6167,0.0000,0.1078,0.0058,174.9872,0.0000,0.0000,0.0000,0.0660,0.0294,172.2220,0.036,8140,-0.1156,-0.0458,0.5089,0,2,0.117
59.202,0,2,1,0.6167,0.0000,0.1142,0.0087,175.0010,0.0000,0.0000,0.0000,-0.1093,0.0535,174.9284,0.025,8145,-0.0998,0.0347,0.5025,0,2,0.117
59.301,0,2,1,0.6167,0.0000,0.1242,0.0087,175.1595,0.0000,0.0000,0.0000,0.2774,0.0426,177.2796,0.018,8151,-0.0998,0.0347,0.4925,0,2,0.117
59.401,0,2,1,0.6167,0.0000,0.1307,0.0057,175.2093,0.0000,0.0000,0.0000,-0.0908,0.0525,175.4093,0.021,8157,-0.0997,-0.0074,0.4860,0,2,0.430
59.501,0,2,1,0.6167,0.0000,0.1385,0.0059,174.9958,0.0000,0.0000,0.0000,0.1074,0.0261,172.4243,0.003,8163,-0.0997,-0.0073,0.4782,0,2,0.211
59.600,0,2,1,0.6167,0.0000,0.1478,0.0055,174.9115,0.0000,0.0000,0.0000,-0.0557,0.0507,175.0348,0.023,8169,-0.1156,0.0310,0.4689,0,2,0.117
59.707,0,2,1,0.6167,0.0000,0.1577,0.0026,175.2382,0.0000,0.0000,0.0000,0.1619,-0.0641,168.4002,0.004,8175,-0.1156,0.0303,0.4589,0,2,0.117
59.802,0,2,1,0.6167,0.0000,0.1689,-0.0011,175.0283,0.0000,0.0000,0.0000,-0.0515,0.0442,175.7335,0.003,8181,-0.1155,0.0295,0.4478,0,2,0.117
59.899,0,2,1,0.6167,0.0000,0.1789,-0.0038,175.1249,0.0000,0.0000,0.0000,0.3307,0.0302,177.3446,0.007,8187,-0.1057,0.0053,0.4378,0,2,0.168
60.003,0,2,1,0.6167,0.0000,0.1866,-0.0076,175.1478,0.0000,0.0000,0.0000,0.1337,-0.1009,174.6299,0.002,8194,-0.1140,-0.0249,0.4301,0,2,0.176
60.101,0,2,1,0.6167,0.0000,0.1991,-0.0090,175.1571,0.0000,0.0000,0.0000,0.3396,0.0221,177.3788,0.019,8198,-0.1058,-0.0171,0.4177,0,2,0.182
60.200,0,2,1,0.6167,0.0000,0.2085,-0.0114,174.7817,0.0000,0.0000,0.0000,0.1369,-0.1046,174.1721,0.006,8204,-0.0994,-0.0113,0.4083,0,2,0.213
60.301,0,2,1,0.6167,0.0000,0.2208,-0.0117,174.8944,0.0000,0.0000,0.0000,0.3528,0.0160,176.7988,0.017,8208,-0.1114,0.0005,0.3960,0,2,0.166
60.399,0,2,1,0.6167,0.0000,0.2322,-0.0141,174.8769,0.0000,0.0000,0.0000,0.1793,-0.1090,174.6557,0.003,8213,-0.1035,-0.0080,0.3848,0,2,0.188
60.502,0,2,1,0.6167,0.0000,0.2459,-0.0168,174.9974,0.0000,0.0000,0.0000,0.3702,0.0160,177.0385,0.011,8217,-0.1066,-0.0057,0.3712,0,2,0.179
60.599,0,2,1,0.6167,0.0000,0.2565,-0.0193,174.7626,0.0000,0.0000,0.0000,0.2552,-0.0794,168.5307,0.034,8221,-0.1086,-0.0043,0.3606,0,2,0.173
60.700,0,2,1,0.6167,0.0000,0.2706,-0.0217,174.9416,0.0000,0.0000,0.0000,0.2016,-0.1100,174.5545,0.008,8226,-0.1077,-0.0059,0.3468,0,2,0.175
60.802,0,2,1,0.6167,0.0000,0.2808,-0.0239,174.9912,0.0000,0.0000,0.0000,0.2815,-0.0962,168.7457,0.029,8230,-0.1027,-0.0117,0.3367,0,2,0.189
60.900,0,2,1,0.6167,0.0000,0.2921,-0.0252,174.8682,0.0000,0.0000,0.0000,0.3998,0.0149,176.8817,0.016,8235,-0.0987,-0.0162,0.3255,0,2,0.204
61.001,0,2,1,0.6167,0.0000,0.3051,-0.0253,174.9829,0.0000,0.0000,0.0000,0.2968,-0.1020,169.0084,0.019,8239,-0.0986,-0.0166,0.3126,0,2,0.224
61.101,0,2,1,0.6167,0.0000,0.3150,-0.0254,175.1301,0.0000,0.0000,0.0000,0.2993,-0.1007,169.1708,0.066,8240,-0.0986,-0.0169,0.3027,0,2,0.203
61.199,0,2,1,0.6167,0.0000,0.3237,-0.0266,175.1260,0.0000,0.0000,0.0000,0.3157,-0.1035,169.3293,0.034,8242,-0.0985,-0.0175,0.2942,0,2,0.202
61.299,0,2,1,0.6167,0.0000,0.3343,-0.0265,174.9683,0.0000,0.0000,0.0000,0.3191,-0.1012,169.5752,0.037,8243,-0.0924,-0.0203,0.2836,0,2,0.187
61.399,0,2,1,0.6167,0.0000,0.3425,-0.0264,175.1389,0.0000,0.0000,0.0000,0.3301,-0.1056,169.6564,0.009,8245,-0.0984,-0.0181,0.2754,0,2,0.203
61.500,0,2,1,0.6167,0.0000,0.3531,-0.0273,175.1022,0.0000,0.0000,0.0000,0.3330,-0.1042,169.8403,0.058,8246,-0.0982,-0.0188,0.2650,0,2,0.211
61.601,0,2,1,0.6167,0.0000,0.3636,-0.0276,175.0674,0.0000,0.0000,0.0000,0.3442,-0.1053,169.9341,0.033,8249,-0.0981,-0.0193,0.2545,0,2,0.216
61.700,0,2,1,0.6167,0.0000,0.3749,-0.0264,175.1054,0.0000,0.0000,0.0000,0.4685,0.0061,176.6996,0.014,8252,-0.0981,-0.0193,0.2432,0,2,0.224
61.801,0,2,1,0.6167,0.0000,0.3854,-0.0266,175.1108,0.0000,0.0000,0.0000,0.3941,-0.0911,169.0568,0.040,8255,-0.0980,-0.0199,0.2328,0,2,0.262
61.900,0,2,1,0.6167,0.0000,0.3974,-0.0272,175.0873,0.0000,0.0000,0.0000,0.4032,-0.0928,169.1884,0.007,8260,-0.0978,-0.0208,0.2209,0,2,0.276
61.999,0,2,1,0.6167,0.0000,0.4056,-0.0274,175.0440,0.0000,0.0000,0.0000,0.4076,-0.0929,169.5091,0.034,8263,-0.0821,-0.0369,0.2128,0,2,0.156
62.102,0,2,1,0.6167,0.0000,0.4160,-0.0263,175.1647,0.0000,0.0000,0.0000,0.4164,-0.0962,169.8179,0.003,8269,-0.0800,-0.0391,0.2024,0,2,0.150
62.201,0,2,1,0.6167,0.0000,0.4248,-0.0258,175.0422,0.0000,0.0000,0.0000,0.4168,-0.0958,169.8454,0.040,8272,-0.0813,-0.0381,0.1936,0,2,0.156
62.299,0,2,1,0.6167,0.0000,0.4336,-0.0237,175.1112,0.0000,0.0000,0.0000,0.4212,-0.0930,170.1379,0.003,8278,-0.0733,-0.0457,0.1846,0,2,0.131
62.402,0,2,1,0.6167,0.0000,0.4415,-0.0222,174.9243,0.0000,0.0000,0.0000,0.3946,-0.0835,175.4768,0.007,8281,-0.0758,-0.0430,0.1766,0,2,0.138
62.501,0,2,1,0.6167,0.0000,0.4491,-0.0204,175.1954,0.0000,0.0000,0.0000,0.3956,-0.0855,175.3192,0.037,8283,-0.0843,0.0123,0.1688,0,2,0.129
62.604,0,2,1,0.6167,0.0000,0.4583,-0.0220,175.2577,0.0000,0.0000,0.0000,0.4118,-0.0797,175.6624,0.003,8287,-0.0817,0.0164,0.1598,0,2,0.117
62.701,0,2,1,0.6167,0.0000,0.4671,-0.0242,175.5341,0.0000,0.0000,0.0000,0.5258,0.0220,176.6249,0.006,8290,-0.0811,0.0140,0.1515,0,2,0.117
62.802,0,2,1,0.6167,0.0000,0.4751,-0.0265,175.4660,0.0000,0.0000,0.0000,0.4144,-0.0782,175.6362,0.007,8293,-0.0937,-0.0203,0.1440,0,2,0.186
62.900,0,2,1,0.6167,0.0000,0.4845,-0.0254,175.2471,0.0000,0.0000,0.0000,0.5566,0.0195,176.9567,0.017,8296,-0.0901,-0.0124,0.1346,0,2,0.168
62.999,0,2,1,0.6167,0.0000,0.4921,-0.0262,175.1455,0.0000,0.0000,0.0000,0.4608,-0.1022,170.5099,0.033,8300,-0.0799,-0.0672,0.1273,0,2,0.117
63.100,0,2,1,0.6167,0.0000,0.5007,-0.0221,175.2552,0.0000,0.0000,0.0000,0.5607,0.0177,176.5837,0.018,8305,-0.0759,-0.0618,0.1181,0,2,0.117
63.199,0,2,1,0.6167,0.0000,0.5076,-0.0191,175.2176,0.0000,0.0000,0.0000,0.4631,-0.0744,175.5881,0.003,8310,-0.0715,-0.0566,0.1107,0,2,0.117
63.299,0,2,1,0.6167,0.0000,0.5160,-0.0162,175.2368,0.0000,0.0000,0.0000,0.5660,0.0164,176.1020,0.014,8314,-0.0791,0.0140,0.1019,0,2,0.117
63.402,0,2,1,0.6167,0.0000,0.5239,-0.0230,175.1743,0.0000,0.0000,0.0000,0.7004,-0.3026,165.1996,0.021,8319,-0.0730,0.0074,0.0956,0,2,0.117
63.502,0,2,1,0.6167,0.0000,0.5299,-0.0233,175.3710,0.0000,0.0000,0.0000,0.4831,-0.0614,175.7771,0.010,8324,-0.0676,0.0053,0.0899,0,2,0.117
63.601,0,2,1,0.6167,0.0000,0.5392,-0.0313,175.1509,0.0000,0.0000,0.0000,0.7033,-0.2687,166.2941,0.026,8330,-0.0596,-0.0025,0.0835,0,2,0.117
63.699,0,2,1,0.6167,0.0000,0.5453,-0.0330,175.1128,0.0000,0.0000,0.0000,0.5275,0.0744,176.1672,0.021,8336,-0.0546,-0.0073,0.0786,0,2,0.124
63.802,0,2,1,0.6167,0.0000,0.5522,-0.0367,174.7963,0.0000,0.0000,0.0000,0.5107,-0.0703,175.9749,0.009,8343,0.0000,0.0000,0.0742,0,2,0.117
63.902,0,2,1,0.6167,0.0000,0.5540,-0.0360,174.7292,0.0000,0.0000,0.0000,0.5331,-0.0733,171.0957,0.007,8349,0.0000,0.0000,0.0723,0,2,0.117
64.002,0,2,1,0.6167,0.0000,0.5558,-0.0405,174.5373,0.0000,0.0000,0.0000,0.5118,-0.0723,175.8238,0.002,8355,0.0000,0.0000,0.0730,0,2,0.117
64.100,0,2,1,0.6167,0.0000,0.5547,-0.0403,174.5656,0.0000,0.0000,0.0000,0.5118,-0.0723,175.8242,0.015,8358,0.0000,0.0000,0.0739,0,2,0.117
64.202,0,2,1,0.6167,0.0000,0.5535,-0.0391,174.5721,0.0000,0.0000,0.0000,0.5322,-0.0746,171.0117,0.013,8363,0.0000,0.0000,0.0742,0,2,0.117
64.300,0,2,1,0.6167,0.0000,0.5521,-0.0378,174.6170,0.0000,0.0000,0.0000,0.5350,0.0710,175.5969,0.017,8368,0.0000,0.0000,0.0748,0,2,0.117
64.401,0,2,1,0.6167,0.0000,0.5512,-0.0378,174.6054,0.0000,0.0000,0.0000,0.5118,-0.0723,175.8237,0.006,8373,0.0000,0.0000,0.0756,0,2,0.117
64.499,0,2,1,0.6167,0.0000,0.5498,-0.0366,174.6444,0.0000,0.0000,0.0000,0.5323,-0.0746,171.0128,0.003,8378,0.0000,0.0000,0.0762,0,2,0.117
64.599,0,2,1,0.6167,0.0000,0.5489,-0.0367,174.6317,0.0000,0.0000,0.0000,0.5323,-0.0747,171.0112,0.036,8381,0.0000,0.0000,0.0771,0,2,0.117
64.699,0,2,1,0.6167,0.0000,0.5478,-0.0367,174.6594,0.0000,0.0000,0.0000,0.5350,0.0710,175.5985,0.014,8386,0.0000,0.0000,0.0780,0,2,0.117
64.807,0,2,1,0.6167,0.0000,0.5468,-0.0357,174.6623,0.0000,0.0000,0.0000,0.5323,-0.0747,171.0114,0.040,8390,0.0000,0.0000,0.0784,1,3,0.117
64.899,0,2,1,0.6167,0.0000,0.5457,-0.0346,174.6989,0.0000,0.0000,0.0000,0.5350,0.0710,175.5961,0.015,8395,0.0000,0.0000,0.0790,1,3,0.117
65.001,0,2,1,0.6167,0.0000,0.5449,-0.0348,174.6871,0.0000,0.0000,0.0000,0.5323,-0.0747,171.0112,0.037,8399,0.0000,0.0000,0.0798,1,3,0.117
65.102,0,2,1,0.6167,0.0000,0.5438,-0.0338,174.7212,0.0000,0.0000,0.0000,0.5323,-0.0747,171.0111,0.004,8405,0.0000,0.0000,0.0803,1,3,0.117
65.200,0,2,1,0.6167,0.0000,0.5431,-0.0340,174.7044,0.0000,0.0000,0.0000,0.5118,-0.0722,175.8205,0.002,8409,0.0000,0.0000,0.0810,1,3,0.117
65.300,0,2,1,0.6167,0.0000,0.5422,-0.0341,174.7447,0.0000,0.0000,0.0000,0.5118,-0.0722,175.8208,0.029,8412,0.0000,0.0000,0.0819,1,3,0.117
65.402,0,2,1,0.6167,0.0000,0.5416,-0.0327,174.7658,0.0000,0.0000,0.0000,0.5348,0.0710,175.6289,0.028,8416,0.0000,0.0000,0.0818,1,3,0.117
65.505,0,2,1,0.6167,0.0000,0.5407,-0.0322,174.7703,0.0000,0.0000,0.0000,0.5348,0.0710,175.6246,0.023,8422,0.0000,0.0000,0.0826,1,3,0.117
65.601,0,2,1,0.6167,0.0000,0.5398,-0.0329,174.7671,0.0000,0.0000,0.0000,0.5118,-0.0718,175.8382,0.006,8427,0.0000,0.0000,0.0836,1,3,0.117
65.707,0,2,1,0.6167,0.0000,0.5393,-0.0315,174.7898,0.0000,0.0000,0.0000,0.5349,0.0710,175.6254,0.022,8431,0.0000,0.0000,0.0836,1,3,0.117
65.799,0,2,1,0.6167,0.0000,0.5388,-0.0318,174.7727,0.0000,0.0000,0.0000,0.5118,-0.0718,175.8398,0.006,8436,0.0000,0.0000,0.0841,1,3,0.117
65.902,0,2,1,0.6167,0.0000,0.5381,-0.0309,174.8030,0.0000,0.0000,0.0000,0.5328,-0.0746,171.0343,0.003,8441,0.0000,0.0000,0.0845,1,3,0.117
65.999,0,2,1,0.6167,0.0000,0.5376,-0.0312,174.7850,0.0000,0.0000,0.0000,0.5328,-0.0746,171.0346,0.032,8444,0.0000,0.0000,0.0850,1,3,0.117
66.101,0,2,1,0.6167,0.0000,0.5369,-0.0308,174.7897,0.0000,0.0000,0.0000,0.5328,-0.0746,171.0343,0.007,8450,0.0000,0.0000,0.0855,1,3,0.117
66.201,0,2,1,0.6167,0.0000,0.5366,-0.0307,174.8006,0.0000,0.0000,0.0000,0.5328,-0.0746,171.0347,0.036,8453,0.0000,0.0000,0.0858,1,3,0.117
66.299,0,2,1,0.6167,0.0000,0.5362,-0.0294,174.8226,0.0000,0.0000,0.0000,0.5349,0.0709,175.6291,0.015,8457,0.0000,0.0000,0.0857,1,3,0.117
66.401,0,2,1,0.6167,0.0000,0.5356,-0.0302,174.8118,0.0000,0.0000,0.0000,0.5328,-0.0746,171.0341,0.017,8462,0.0000,0.0000,0.0865,1,3,0.117
66.501,0,2,1,0.6167,0.0000,0.5350,-0.0305,174.8297,0.0000,0.0000,0.0000,0.5328,-0.0746,171.0345,0.005,8467,0.0000,0.0000,0.0871,1,3,0.117
66.599,0,2,1,0.6167,0.0000,0.5347,-0.0297,174.8214,0.0000,0.0000,0.0000,0.5349,0.0709,175.6293,0.015,8471,0.0000,0.0000,0.0871,1,3,0.117
66.705,0,2,1,0.6167,0.0000,0.5342,-0.0289,174.8499,0.0000,0.0000,0.0000,0.5349,0.0709,175.6293,0.019,8476,0.0000,0.0000,0.0874,1,3,0.117
66.799,0,2,1,0.6167,0.0000,0.5340,-0.0288,174.8632,0.0000,0.0000,0.0000,0.5119,-0.0716,175.8397,0.002,8481,0.0000,0.0000,0.0876,1,3,0.117
66.902,0,2,1,0.6167,0.0000,0.5335,-0.0285,174.8651,0.0000,0.0000,0.0000,0.5349,0.0709,175.6299,0.018,8485,0.0000,0.0000,0.0879,1,3,0.117
67.002,0,2,1,0.6167,0.0000,0.5330,-0.0294,174.8573,0.0000,0.0000,0.0000,0.5120,-0.0716,175.8413,0.005,8490,0.0000,0.0000,0.0886,1,3,0.117
67.099,0,2,1,0.6167,0.0000,0.5328,-0.0282,174.8715,0.0000,0.0000,0.0000,0.5329,-0.0747,171.0341,0.006,8495,0.0000,0.0000,0.0884,1,3,0.117
67.202,0,2,1,0.6167,0.0000,0.5324,-0.0290,174.8650,0.0000,0.0000,0.0000,0.5120,-0.0716,175.8399,0.006,8499,0.0000,0.0000,0.0891,1,3,0.117
67.299,0,2,1,0.6167,0.0000,0.5322,-0.0279,174.8813,0.0000,0.0000,0.0000,0.5349,0.0709,175.6309,0.014,8503,0.0000,0.0000,0.0889,1,3,0.117
67.401,0,2,1,0.6167,0.0000,0.5318,-0.0287,174.8743,0.0000,0.0000,0.0000,0.5120,-0.0716,175.8391,0.007,8508,0.0000,0.0000,0.0896,1,3,0.117
67.500,0,2,1,0.6167,0.0000,0.5319,-0.0271,174.8827,0.0000,0.0000,0.0000,0.5120,-0.0715,175.8392,0.004,8512,0.0000,0.0000,0.0890,1,3,0.117
67.603,0,2,1,0.6167,0.0000,0.5315,-0.0280,174.8710,0.0000,0.0000,0.0000,0.5329,-0.0747,171.0329,0.036,8516,0.0000,0.0000,0.0896,1,3,0.117
67.703,0,2,1,0.6167,0.0000,0.5312,-0.0273,174.8981,0.0000,0.0000,0.0000,0.5350,0.0709,175.6298,0.016,8521,0.0000,0.0000,0.0897,1,3,0.117
67.802,0,2,1,0.6167,0.0000,0.5311,-0.0277,174.8793,0.0000,0.0000,0.0000,0.5330,-0.0747,171.0349,0.029,8525,0.0000,0.0000,0.0900,1,3,0.117
67.901,0,2,1,0.6167,0.0000,0.5308,-0.0271,174.9055,0.0000,0.0000,0.0000,0.5330,-0.0747,171.0338,0.006,8531,0.0000,0.0000,0.0901,1,3,0.117
67.999,0,2,1,0.6167,0.0000,0.5307,-0.0275,174.8825,0.0000,0.0000,0.0000,0.5329,-0.0747,171.0327,0.036,8534,0.0000,0.0000,0.0903,1,3,0.117
68.101,0,2,1,0.6167,0.0000,0.5303,-0.0279,174.9051,0.0000,0.0000,0.0000,0.5121,-0.0715,175.8383,0.019,8538,0.0000,0.0000,0.0907,1,3,0.117
68.202,0,2,1,0.6167,0.0000,0.5303,-0.0273,174.8912,0.0000,0.0000,0.0000,0.5330,-0.0747,171.0338,0.018,8543,0.0000,0.0000,0.0906,1,3,0.117
68.299,0,2,1,0.6167,0.0000,0.5300,-0.0266,174.9144,0.0000,0.0000,0.0000,0.5350,0.0708,175.6271,0.020,8548,0.0000,0.0000,0.0906,1,3,0.117
68.401,0,2,1,0.6167,0.0000,0.5297,-0.0275,174.9079,0.0000,0.0000,0.0000,0.5121,-0.0714,175.8402,0.007,8553,0.0000,0.0000,0.0912,1,3,0.117
68.501,0,2,1,0.6167,0.0000,0.5297,-0.0264,174.9217,0.0000,0.0000,0.0000,0.5330,-0.0748,171.0328,0.005,8558,0.0000,0.0000,0.0909,1,3,0.117
68.602,0,2,1,0.6167,0.0000,0.5294,-0.0274,174.9134,0.0000,0.0000,0.0000,0.5121,-0.0714,175.8400,0.006,8562,0.0000,0.0000,0.0914,1,3,0.117
68.701,0,2,1,0.6167,0.0000,0.5294,-0.0263,174.9280,0.0000,0.0000,0.0000,0.5330,-0.0748,171.0330,0.003,8567,0.0000,0.0000,0.0911,1,3,0.117
68.801,0,2,1,0.6167,0.0000,0.5294,-0.0267,174.9057,0.0000,0.0000,0.0000,0.5121,-0.0714,175.8388,0.007,8571,0.0000,0.0000,0.0913,1,3,0.117
68.899,0,2,1,0.6167,0.0000,0.5292,-0.0261,174.9302,0.0000,0.0000,0.0000,0.5330,-0.0748,171.0310,0.002,8576,0.0000,0.0000,0.0913,1,3,0.117
69.001,0,2,1,0.6167,0.0000,0.5291,-0.0266,174.9097,0.0000,0.0000,0.0000,0.5330,-0.0748,171.0327,0.036,8579,0.0000,0.0000,0.0915,1,3,0.117
69.102,0,2,1,0.6167,0.0000,0.5289,-0.0260,174.9359,0.0000,0.0000,0.0000,0.5330,-0.0748,171.0334,0.002,8585,0.0000,0.0000,0.0915,1,3,0.117
69.199,0,2,1,0.6167,0.0000,0.5289,-0.0265,174.9135,0.0000,0.0000,0.0000,0.5122,-0.0713,175.8384,0.006,8589,0.0000,0.0000,0.0917,1,3,0.117
69.301,0,2,1,0.6167,0.0000,0.5287,-0.0274,174.9048,0.0000,0.0000,0.0000,0.5331,-0.0748,171.0335,0.006,8593,0.0000,0.0000,0.0921,1,3,0.117
69.400,0,2,1,0.6167,0.0000,0.5286,-0.0268,174.9385,0.0000,0.0000,0.0000,0.5350,0.0708,175.6295,0.003,8596,0.0000,0.0000,0.0921,1,3,0.117
69.501,0,2,1,0.6167,0.0000,0.5285,-0.0257,174.9398,0.0000,0.0000,0.0000,0.5350,0.0708,175.6285,0.012,8602,0.0000,0.0000,0.0918,1,3,0.117
69.601,0,2,1,0.6167,0.0000,0.5285,-0.0257,174.9472,0.0000,0.0000,0.0000,0.5122,-0.0713,175.8398,0.007,8606,0.0000,0.0000,0.0919,1,3,0.117
69.700,0,2,1,0.6167,0.0000,0.5284,-0.0256,174.9443,0.0000,0.0000,0.0000,0.5350,0.0708,175.6298,0.013,8611,0.0000,0.0000,0.0919,1,3,0.117
69.801,0,2,1,0.6167,0.0000,0.5282,-0.0266,174.9316,0.0000,0.0000,0.0000,0.5122,-0.0713,175.8382,0.008,8616,0.0000,0.0000,0.0924,1,3,0.117
69.902,0,2,1,0.6167,0.0000,0.5282,-0.0255,174.9448,0.0000,0.0000,0.0000,0.5331,-0.0749,171.0301,0.006,8621,0.0000,0.0000,0.0921,1,3,0.117
70.003,0,2,1,0.6167,0.0000,0.5282,-0.0260,174.9229,0.0000,0.0000,0.0000,0.5331,-0.0749,171.0296,0.039,8624,0.0000,0.0000,0.0922,1,3,0.117
70.100,0,2,1,0.6167,0.0000,0.5281,-0.0254,174.9476,0.0000,0.0000,0.0000,0.5331,-0.0749,171.0306,0.003,8630,0.0000,0.0000,0.0922,1,3,0.117
70.201,0,2,1,0.6167,0.0000,0.5281,-0.0259,174.9268,0.0000,0.0000,0.0000,0.5331,-0.0749,171.0321,0.036,8633,0.0000,0.0000,0.0923,1,3,0.117
70.299,0,2,1,0.6167,0.0000,0.5280,-0.0254,174.9501,0.0000,0.0000,0.0000,0.5331,-0.0749,171.0332,0.003,8639,0.0000,0.0000,0.0923,1,3,0.117
70.402,0,2,1,0.6167,0.0000,0.5280,-0.0259,174.9321,0.0000,0.0000,0.0000,0.5331,-0.0749,171.0330,0.038,8642,0.0000,0.0000,0.0924,1,3,0.117
70.500,0,2,1,0.6167,0.0000,0.5278,-0.0253,174.9575,0.0000,0.0000,0.0000,0.5331,-0.0750,171.0303,0.003,8648,0.0000,0.0000,0.0924,1,3,0.117
70.599,0,2,1,0.6167,0.0000,0.5277,-0.0263,174.9425,0.0000,0.0000,0.0000,0.5123,-0.0711,175.8394,0.008,8652,0.0000,0.0000,0.0928,1,3,0.117
70.699,0,2,1,0.6167,0.0000,0.5277,-0.0252,174.9591,0.0000,0.0000,0.0000,0.5350,0.0708,175.6297,0.008,8656,0.0000,0.0000,0.0924,1,3,0.117
70.800,0,2,1,0.6167,0.0000,0.5278,-0.0257,174.9349,0.0000,0.0000,0.0000,0.5331,-0.0750,171.0306,0.009,8660,0.0000,0.0000,0.0925,1,3,0.117
70.902,0,2,1,0.6167,0.0000,0.5276,-0.0262,174.9559,0.0000,0.0000,0.0000,0.5350,0.0708,175.6301,0.002,8665,0.0000,0.0000,0.0929,1,3,0.117
70.999,0,2,1,0.6167,0.0000,0.5277,-0.0257,174.9335,0.0000,0.0000,0.0000,0.5331,-0.0750,171.0304,0.027,8669,0.0000,0.0000,0.0926,1,3,0.117
71.101,0,2,1,0.6167,0.0000,0.5276,-0.0251,174.9565,0.0000,0.0000,0.0000,0.5332,-0.0750,171.0308,0.003,8675,0.0000,0.0000,0.0926,1,3,0.117
71.201,0,2,1,0.6167,0.0000,0.5275,-0.0261,174.9508,0.0000,0.0000,0.0000,0.5124,-0.0711,175.8360,0.007,8679,0.0000,0.0000,0.0930,1,3,0.117
71.300,0,2,1,0.6167,0.0000,0.5275,-0.0250,174.9635,0.0000,0.0000,0.0000,0.5332,-0.0750,171.0305,0.003,8684,0.0000,0.0000,0.0926,1,3,0.117
71.401,0,2,1,0.6167,0.0000,0.5274,-0.0261,174.9512,0.0000,0.0000,0.0000,0.5124,-0.0711,175.8383,0.006,8688,0.0000,0.0000,0.0930,1,3,0.117
71.502,0,2,1,0.6167,0.0000,0.5275,-0.0255,174.9352,0.0000,0.0000,0.0000,0.5332,-0.0750,171.0300,0.007,8693,0.0000,0.0000,0.0927,1,3,0.117
71.600,0,2,1,0.6167,0.0000,0.5275,-0.0255,174.9429,0.0000,0.0000,0.0000,0.5332,-0.0750,171.0302,0.034,8696,0.0000,0.0000,0.0928,1,3,0.117
71.701,0,2,1,0.6167,0.0000,0.5274,-0.0250,174.9660,0.0000,0.0000,0.0000,0.5350,0.0708,175.6301,0.012,8701,0.0000,0.0000,0.0927,1,3,0.117
71.800,0,2,1,0.6167,0.0000,0.5274,-0.0255,174.9437,0.0000,0.0000,0.0000,0.5332,-0.0750,171.0310,0.041,8705,0.0000,0.0000,0.0928,1,3,0.117
71.904,0,2,1,0.6167,0.0000,0.5273,-0.0250,174.9663,0.0000,0.0000,0.0000,0.5332,-0.0751,171.0287,0.003,8711,0.0000,0.0000,0.0927,1,3,0.117
72.001,0,2,1,0.6167,0.0000,0.5272,-0.0260,174.9548,0.0000,0.0000,0.0000,0.5125,-0.0710,175.8364,0.005,8715,0.0000,0.0000,0.0931,1,3,0.117
72.099,0,2,1,0.6167,0.0000,0.5272,-0.0259,174.9626,0.0000,0.0000,0.0000,0.5125,-0.0710,175.8372,0.028,8718,0.0000,0.0000,0.0931,1,3,0.117
72.201,0,2,1,0.6167,0.0000,0.5273,-0.0254,174.9474,0.0000,0.0000,0.0000,0.5332,-0.0751,171.0275,0.017,8723,0.0000,0.0000,0.0929,1,3,0.117
72.300,0,2,1,0.6167,0.0000,0.5273,-0.0249,174.9694,0.0000,0.0000,0.0000,0.5350,0.0708,175.6285,0.019,8728,0.0000,0.0000,0.0928,1,3,0.117
72.401,0,2,1,0.6167,0.0000,0.5273,-0.0254,174.9479,0.0000,0.0000,0.0000,0.5125,-0.0710,175.8373,0.002,8733,0.0000,0.0000,0.0929,1,3,0.117
72.500,0,2,1,0.6167,0.0000,0.5272,-0.0248,174.9698,0.0000,0.0000,0.0000,0.5350,0.0708,175.6279,0.019,8737,0.0000,0.0000,0.0928,1,3,0.117
72.600,0,2,1,0.6167,0.0000,0.5273,-0.0254,174.9481,0.0000,0.0000,0.0000,0.5125,-0.0710,175.8369,0.002,8742,0.0000,0.0000,0.0929,1,3,0.117
72.702,0,2,1,0.6167,0.0000,0.5272,-0.0248,174.9723,0.0000,0.0000,0.0000,0.5332,-0.0751,171.0279,0.003,8747,0.0000,0.0000,0.0928,1,3,0.117
72.800,0,2,1,0.6167,0.0000,0.5273,-0.0254,174.9473,0.0000,0.0000,0.0000,0.5125,-0.0709,175.8372,0.006,8751,0.0000,0.0000,0.0929,1,3,0.117
72.907,0,2,1,0.6167,0.0000,0.5272,-0.0253,174.9426,0.0000,0.0000,0.0000,0.5332,-0.0752,171.0278,0.011,8756,0.0000,0.0000,0.0929,1,3,0.117
73.000,0,2,1,0.6167,0.0000,0.5272,-0.0253,174.9504,0.0000,0.0000,0.0000,0.5333,-0.0752,171.0281,0.036,8759,0.0000,0.0000,0.0930,1,3,0.117
73.099,0,2,1,0.6167,0.0000,0.5271,-0.0248,174.9729,0.0000,0.0000,0.0000,0.5332,-0.0752,171.0262,0.003,8765,0.0000,0.0000,0.0929,1,3,0.117
73.200,0,2,1,0.6167,0.0000,0.5272,-0.0253,174.9511,0.0000,0.0000,0.0000,0.5332,-0.0752,171.0266,0.036,8768,0.0000,0.0000,0.0930,1,3,0.117
73.301,0,2,1,0.6167,0.0000,0.5271,-0.0263,174.9393,0.0000,0.0000,0.0000,0.5333,-0.0752,171.0280,0.008,8773,0.0000,0.0000,0.0934,1,3,0.117
73.401,0,2,1,0.6167,0.0000,0.5272,-0.0253,174.9545,0.0000,0.0000,0.0000,0.5350,0.0707,175.6284,0.024,8777,0.0000,0.0000,0.0930,1,3,0.117
73.501,0,2,1,0.6167,0.0000,0.5271,-0.0247,174.9780,0.0000,0.0000,0.0000,0.5350,0.0707,175.6275,0.009,8782,0.0000,0.0000,0.0929,1,3,0.117
73.599,0,2,1,0.6167,0.0000,0.5271,-0.0247,174.9839,0.0000,0.0000,0.0000,0.5126,-0.0709,175.8353,0.005,8787,0.0000,0.0000,0.0929,1,3,0.117
73.699,0,2,1,0.6167,0.0000,0.5270,-0.0257,174.9710,0.0000,0.0000,0.0000,0.5350,0.0707,175.6292,0.005,8791,0.0000,0.0000,0.0933,1,3,0.117
73.801,0,2,1,0.6167,0.0000,0.5270,-0.0257,174.9643,0.0000,0.0000,0.0000,0.5126,-0.0708,175.8369,0.008,8796,0.0000,0.0000,0.0933,1,3,0.117
73.899,0,2,1,0.6167,0.0000,0.5271,-0.0247,174.9783,0.0000,0.0000,0.0000,0.5350,0.0707,175.6281,0.017,8800,0.0000,0.0000,0.0929,1,3,0.117
74.000,0,2,1,0.6167,0.0000,0.5271,-0.0252,174.9535,0.0000,0.0000,0.0000,0.5333,-0.0752,171.0264,0.039,8804,0.0000,0.0000,0.0930,1,3,0.117
74.100,0,2,1,0.6167,0.0000,0.5271,-0.0252,174.9501,0.0000,0.0000,0.0000,0.5333,-0.0752,171.0293,0.006,8810,0.0000,0.0000,0.0930,1,3,0.117
74.199,0,2,1,0.6167,0.0000,0.5271,-0.0252,174.9592,0.0000,0.0000,0.0000,0.5126,-0.0708,175.8360,0.002,8814,0.0000,0.0000,0.0930,1,3,0.117
74.301,0,2,1,0.6167,0.0000,0.5271,-0.0247,174.9838,0.0000,0.0000,0.0000,0.5127,-0.0708,175.8352,0.009,8818,0.0000,0.0000,0.0929,1,3,0.117
74.400,0,2,1,0.6167,0.0000,0.5271,-0.0252,174.9601,0.0000,0.0000,0.0000,0.5333,-0.0753,171.0261,0.036,8822,0.0000,0.0000,0.0930,1,3,0.117
74.500,0,2,1,0.6167,0.0000,0.5271,-0.0247,174.9821,0.0000,0.0000,0.0000,0.5350,0.0707,175.6272,0.015,8827,0.0000,0.0000,0.0930,1,3,0.117
74.601,0,2,1,0.6167,0.0000,0.5271,-0.0252,174.9577,0.0000,0.0000,0.0000,0.5333,-0.0753,171.0266,0.038,8831,0.0000,0.0000,0.0930,1,3,0.117
74.699,0,2,1,0.6167,0.0000,0.5270,-0.0257,174.9705,0.0000,0.0000,0.0000,0.5333,-0.0753,171.0260,0.003,8837,0.0000,0.0000,0.0933,1,3,0.117
74.799,0,2,1,0.6167,0.0000,0.5271,-0.0252,174.9525,0.0000,0.0000,0.0000,0.5334,-0.0753,171.0279,0.035,8840,0.0000,0.0000,0.0930,1,3,0.117
74.901,0,2,1,0.6167,0.0000,0.5270,-0.0257,174.9719,0.0000,0.0000,0.0000,0.5127,-0.0708,175.8359,0.032,8844,0.0000,0.0000,0.0933,1,3,0.117
75.000,0,2,1,0.6167,0.0000,0.5271,-0.0252,174.9569,0.0000,0.0000,0.0000,0.5334,-0.0753,171.0261,0.028,8849,0.0000,0.0000,0.0930,1,3,0.117
75.101,0,2,1,0.6167,0.0000,0.5270,-0.0247,174.9772,0.0000,0.0000,0.0000,0.5350,0.0707,175.6295,0.024,8854,0.0000,0.0000,0.0930,1,3,0.117
75.200,0,2,1,0.6167,0.0000,0.5270,-0.0257,174.9669,0.0000,0.0000,0.0000,0.5127,-0.0707,175.8358,0.008,8859,0.0000,0.0000,0.0933,1,3,0.117
75.301,0,2,1,0.6167,0.0000,0.5271,-0.0252,174.9499,0.0000,0.0000,0.0000,0.5334,-0.0753,171.0254,0.003,8864,0.0000,0.0000,0.0930,1,3,0.117
75.399,0,2,1,0.6167,0.0000,0.5271,-0.0252,174.9542,0.0000,0.0000,0.0000,0.5127,-0.0707,175.8350,0.002,8868,0.0000,0.0000,0.0930,1,3,0.117
75.505,0,2,1,0.6167,0.0000,0.5270,-0.0247,174.9792,0.0000,0.0000,0.0000,0.5334,-0.0754,171.0243,0.009,8873,0.0000,0.0000,0.0930,1,3,0.117
75.602,0,2,1,0.6167,0.0000,0.5270,-0.0257,174.9677,0.0000,0.0000,0.0000,0.5128,-0.0707,175.8349,0.007,8877,0.0000,0.0000,0.0933,1,3,0.117
75.700,0,2,1,0.6167,0.0000,0.5270,-0.0257,174.9727,0.0000,0.0000,0.0000,0.5351,0.0707,175.6278,0.011,8881,0.0000,0.0000,0.0933,1,3,0.117
75.799,0,2,1,0.6167,0.0000,0.5271,-0.0252,174.9557,0.0000,0.0000,0.0000,0.5334,-0.0754,171.0252,0.037,8885,0.0000,0.0000,0.0930,1,3,0.117
75.899,0,2,1,0.6167,0.0000,0.5272,-0.0242,174.9708,0.0000,0.0000,0.0000,0.5334,-0.0754,171.0263,0.003,8891,0.0000,0.0000,0.0927,1,3,0.117
75.999,0,2,1,0.6167,0.0000,0.5271,-0.0252,174.9567,0.0000,0.0000,0.0000,0.5128,-0.0707,175.8354,0.002,8895,0.0000,0.0000,0.0930,1,3,0.117
76.100,0,2,1,0.6167,0.0000,0.5270,-0.0257,174.9726,0.0000,0.0000,0.0000,0.5334,-0.0754,171.0249,0.002,8899,0.0000,0.0000,0.0933,1,3,0.117
76.201,0,2,1,0.6167,0.0000,0.5271,-0.0251,174.9583,0.0000,0.0000,0.0000,0.5128,-0.0706,175.8354,0.005,8904,0.0000,0.0000,0.0930,1,3,0.117
76.305,0,2,1,0.6167,0.0000,0.5271,-0.0246,174.9808,0.0000,0.0000,0.0000,0.5350,0.0707,175.6291,0.013,8908,0.0000,0.0000,0.0929,1,3,0.117
76.403,0,2,1,0.6167,0.0000,0.5271,-0.0246,174.9917,0.0000,0.0000,0.0000,0.5334,-0.0754,171.0249,0.002,8912,0.0000,0.0000,0.0929,1,3,0.117
76.501,0,2,1,0.6167,0.0000,0.5271,-0.0246,174.9805,0.0000,0.0000,0.0000,0.5350,0.0707,175.6287,0.022,8917,0.0000,0.0000,0.0929,1,3,0.117
76.598,0,2,1,0.6167,0.0000,0.5271,-0.0252,174.9561,0.0000,0.0000,0.0000,0.5128,-0.0706,175.8345,0.002,8922,0.0000,0.0000,0.0930,1,3,0.117
76.702,0,2,1,0.6167,0.0000,0.5271,-0.0246,174.9817,0.0000,0.0000,0.0000,0.5335,-0.0754,171.0258,0.006,8927,0.0000,0.0000,0.0929,1,3,0.117
76.800,0,2,1,0.6167,0.0000,0.5270,-0.0256,174.9711,0.0000,0.0000,0.0000,0.5128,-0.0706,175.8358,0.006,8931,0.0000,0.0000,0.0933,1,3,0.117
76.902,0,2,1,0.6167,0.0000,0.5271,-0.0251,174.9537,0.0000,0.0000,0.0000,0.5335,-0.0754,171.0274,0.007,8936,0.0000,0.0000,0.0930,1,3,0.117
77.001,0,2,1,0.6167,0.0000,0.5271,-0.0251,174.9606,0.0000,0.0000,0.0000,0.5335,-0.0754,171.0264,0.038,8939,0.0000,0.0000,0.0930,1,3,0.117
77.100,0,2,1,0.6167,0.0000,0.5272,-0.0241,174.9743,0.0000,0.0000,0.0000,0.5129,-0.0706,175.8350,0.011,8944,0.0000,0.0000,0.0926,1,3,0.117
77.201,0,2,1,0.6167,0.0000,0.5271,-0.0252,174.9599,0.0000,0.0000,0.0000,0.5334,-0.0755,171.0223,0.036,8948,0.0000,0.0000,0.0930,1,3,0.117
77.303,0,2,1,0.6167,0.0000,0.5271,-0.0252,174.9579,0.0000,0.0000,0.0000,0.5335,-0.0755,171.0233,0.003,8954,0.0000,0.0000,0.0930,1,3,0.117
77.400,0,2,1,0.6167,0.0000,0.5270,-0.0256,174.9748,0.0000,0.0000,0.0000,0.5129,-0.0705,175.8359,0.008,8958,0.0000,0.0000,0.0933,1,3,0.117
77.504,0,2,1,0.6167,0.0000,0.5271,-0.0246,174.9898,0.0000,0.0000,0.0000,0.5335,-0.0755,171.0237,0.005,8963,0.0000,0.0000,0.0929,1,3,0.117
77.600,0,2,1,0.6167,0.0000,0.5271,-0.0246,174.9973,0.0000,0.0000,0.0000,0.5129,-0.0705,175.8349,0.002,8967,0.0000,0.0000,0.0929,1,3,0.117
77.700,0,2,1,0.6167,0.0000,0.5271,-0.0246,174.9917,0.0000,0.0000,0.0000,0.5350,0.0707,175.6285,0.011,8971,0.0000,0.0000,0.0929,1,3,0.117
77.800,0,2,1,0.6167,0.0000,0.5270,-0.0256,174.9799,0.0000,0.0000,0.0000,0.5129,-0.0705,175.8359,0.006,8976,0.0000,0.0000,0.0933,1,3,0.117
77.900,0,2,1,0.6167,0.0000,0.5271,-0.0246,174.9905,0.0000,0.0000,0.0000,0.5335,-0.0755,171.0242,0.006,8981,0.0000,0.0000,0.0929,1,3,0.117
78.000,0,2,1,0.6167,0.0000,0.5270,-0.0256,174.9801,0.0000,0.0000,0.0000,0.5129,-0.0705,175.8351,0.006,8985,0.0000,0.0000,0.0933,1,3,0.117
78.101,0,2,1,0.6167,0.0000,0.5272,-0.0252,174.9627,0.0000,0.0000,0.0000,0.5335,-0.0755,171.0240,0.008,8990,0.0000,0.0000,0.0930,1,3,0.117
78.200,0,2,1,0.6167,0.0000,0.5270,-0.0256,174.9810,0.0000,0.0000,0.0000,0.5130,-0.0704,175.8361,0.006,8994,0.0000,0.0000,0.0932,1,3,0.117
78.301,0,2,1,0.6167,0.0000,0.5272,-0.0251,174.9660,0.0000,0.0000,0.0000,0.5335,-0.0755,171.0242,0.006,8999,0.0000,0.0000,0.0930,1,3,0.117
78.401,0,2,1,0.6167,0.0000,0.5272,-0.0251,174.9744,0.0000,0.0000,0.0000,0.5335,-0.0755,171.0231,0.031,9002,0.0000,0.0000,0.0930,1,3,0.117
78.501,0,2,1,0.6167,0.0000,0.5271,-0.0246,174.9946,0.0000,0.0000,0.0000,0.5335,-0.0755,171.0236,0.003,9008,0.0000,0.0000,0.0929,1,3,0.117
78.600,0,2,1,0.6167,0.0000,0.5272,-0.0252,174.9755,0.0000,0.0000,0.0000,0.5335,-0.0755,171.0227,0.037,9011,0.0000,0.0000,0.0930,1,3,0.117
78.702,0,2,1,0.6167,0.0000,0.5271,-0.0246,174.9955,0.0000,0.0000,0.0000,0.5335,-0.0755,171.0241,0.003,9017,0.0000,0.0000,0.0929,1,3,0.117
78.803,0,3,0,0.6167,0.0000,0.5270,-0.0256,174.9793,0.0000,0.0000,0.0000,0.5130,-0.0704,175.8349,0.008,9021,0.0000,0.0000,0.0932,1,3,0.117
78.899,0,3,0,0.6167,0.0000,0.5289,-0.0242,174.9957,0.0000,0.0000,0.0000,0.5130,-0.0704,175.8349,0.024,9024,-0.0683,-0.0555,0.0910,1,3,0.117
79.001,0,3,0,0.6167,0.0000,0.5351,-0.0196,175.3563,0.0000,0.0000,0.0000,0.5343,-0.0749,171.0758,0.019,9029,-0.0637,-0.0490,0.0839,1,3,0.117
79.099,0,3,0,0.6167,0.0000,0.5415,-0.0148,175.4901,0.0000,0.0000,0.0000,0.5412,0.0682,176.3204,0.017,9034,-0.0589,-0.0424,0.0766,1,3,0.117
79.200,0,3,1,0.6167,0.6167,0.5463,-0.0110,175.3695,0.0000,0.0000,0.0000,0.5201,-0.0608,176.2780,0.008,9039,-0.0026,-0.1415,0.6316,1,3,0.117
79.302,0,3,1,0.6167,0.6167,0.5476,0.0021,174.8527,0.0000,0.0000,0.0000,0.5435,-0.0652,171.7935,0.007,9044,-0.0026,-0.1415,0.6185,1,3,0.117
79.400,0,3,1,0.6167,0.6167,0.5491,0.0147,174.6893,0.0000,0.0000,0.0000,0.5288,-0.0451,175.5947,0.007,9048,-0.0026,-0.1310,0.6057,1,3,0.138
79.502,0,3,1,0.6167,0.6167,0.5510,0.0276,174.7934,0.0000,0.0000,0.0000,0.5853,-0.0245,170.0976,0.004,9053,-0.0025,-0.1290,0.5928,1,3,0.142
79.599,0,3,1,0.6167,0.6167,0.5501,0.0334,174.6969,0.0000,0.0000,0.0000,0.5370,-0.0202,175.8899,0.007,9058,-0.0028,-0.0735,0.5870,1,3,0.147
79.699,0,3,1,0.6167,0.6167,0.5491,0.0367,174.7126,0.0000,0.0000,0.0000,0.5340,0.1210,174.8748,0.019,9063,-0.0030,-0.0585,0.5839,1,3,0.117
79.800,0,3,1,0.6167,0.6167,0.5469,0.0348,174.4757,0.0000,0.0000,0.0000,0.3645,-0.3429,164.8191,0.023,9069,-0.0034,-0.0584,0.5860,1,3,0.117
79.899,0,3,1,0.6167,0.6167,0.5478,0.0415,174.5657,0.0000,0.0000,0.0000,0.5758,0.0054,170.4608,0.003,9075,-0.0033,-0.0584,0.5793,1,3,0.117
80.000,0,3,1,0.6167,0.6167,0.5490,0.0464,174.7531,0.0000,0.0000,0.0000,0.5780,0.0085,170.6717,0.034,9078,-0.0032,-0.0584,0.5743,1,3,0.117
80.102,0,3,1,0.6167,0.6167,0.5505,0.0530,174.4749,0.0000,0.0000,0.0000,0.5729,0.0185,170.7893,0.007,9083,-0.0031,-0.0585,0.5675,1,3,0.117
80.201,0,3,1,0.6167,0.6167,0.5478,0.0526,174.5599,0.0000,0.0000,0.0000,0.3746,-0.3150,165.0663,0.007,9089,-0.0036,-0.0584,0.5683,1,3,0.117
80.301,0,3,1,0.6167,0.6167,0.5467,0.0558,174.5070,0.0000,0.0000,0.0000,0.5356,0.1606,175.1415,0.009,9095,-0.0197,-0.1383,0.5652,1,3,0.117
80.399,0,3,1,0.6167,0.6167,0.5455,0.0574,174.4206,0.0000,0.0000,0.0000,0.5341,0.0354,175.8005,0.002,9102,-0.0200,-0.1383,0.5637,1,3,0.117
80.501,0,3,1,0.6167,0.6167,0.5490,0.0722,174.1234,0.0000,0.0000,0.0000,0.5304,0.1660,174.6049,0.026,9106,-0.0197,-0.1383,0.5486,1,3,0.117
80.599,0,3,1,0.6167,0.6167,0.5504,0.0810,174.4007,0.0000,0.0000,0.0000,0.5464,0.0600,175.7310,0.006,9112,-0.0196,-0.1383,0.5398,1,3,0.117
80.701,0,3,1,0.6167,0.6167,0.5523,0.0934,173.9847,0.0000,0.0000,0.0000,0.5647,0.0637,170.9511,0.009,9118,-0.0196,-0.1383,0.5272,1,3,0.117
80.800,0,3,1,0.6167,0.6167,0.5538,0.1036,174.2330,0.0000,0.0000,0.0000,0.5474,0.0863,175.4226,0.008,9123,-0.0195,-0.1383,0.5169,1,3,0.117
80.901,0,3,1,0.6167,0.6167,0.5552,0.1146,174.0115,0.0000,0.0000,0.0000,0.5690,0.0787,171.2602,0.007,9129,-0.0195,-0.1383,0.5058,1,3,0.117
81.000,0,3,1,0.6167,0.6167,0.5552,0.1219,174.0534,0.0000,0.0000,0.0000,0.5499,0.1177,175.2539,0.006,9135,-0.0197,-0.1383,0.4986,1,3,0.117
81.102,0,3,1,0.6167,0.6167,0.5567,0.1317,173.9400,0.0000,0.0000,0.0000,0.5537,0.1269,175.3609,0.002,9140,-0.0196,-0.1383,0.4886,1,3,0.117
81.199,0,3,1,0.6167,0.6167,0.5594,0.1429,173.9528,0.0000,0.0000,0.0000,0.4229,-0.1685,165.4216,0.026,9145,-0.0193,-0.1383,0.4772,1,3,0.117
81.302,0,3,1,0.6167,0.6167,0.5615,0.1565,174.1007,0.0000,0.0000,0.0000,0.5924,0.1549,171.0998,0.002,9152,-0.0193,-0.1383,0.4635,1,3,0.117
81.399,0,3,1,0.6167,0.6167,0.5631,0.1657,174.0070,0.0000,0.0000,0.0000,0.5661,0.1659,175.6506,0.006,9158,-0.0191,-0.1383,0.4541,1,3,0.117
81.501,0,3,1,0.6167,0.6167,0.5655,0.1788,174.0359,0.0000,0.0000,0.0000,0.5918,0.1934,171.4067,0.006,9164,-0.0189,-0.1383,0.4409,1,3,0.117
81.599,0,3,1,0.6167,0.6167,0.5661,0.1856,173.9206,0.0000,0.0000,0.0000,0.5755,0.1969,175.6066,0.007,9170,-0.0190,-0.1383,0.4340,1,3,0.117
81.699,0,3,1,0.6167,0.6167,0.5680,0.1968,173.9612,0.0000,0.0000,0.0000,0.5742,0.1996,175.7485,0.027,9174,-0.0189,-0.1383,0.4227,1,3,0.117
81.799,0,3,1,0.6167,0.6167,0.5690,0.2061,174.0209,0.0000,0.0000,0.0000,0.5780,0.2199,175.7382,0.007,9182,-0.0189,-0.1383,0.4134,1,3,0.117
81.901,0,3,1,0.6167,0.6167,0.5706,0.2181,174.0208,0.0000,0.0000,0.0000,0.5376,0.3211,173.6299,0.029,9187,-0.0188,-0.1383,0.4012,1,3,0.117
82.000,0,3,1,0.6167,0.6167,0.5714,0.2266,173.9633,0.0000,0.0000,0.0000,0.5793,0.2490,175.7220,0.003,9194,-0.0189,-0.1383,0.3927,1,3,0.117
82.101,0,3,1,0.6167,0.6167,0.5727,0.2392,174.0862,0.0000,0.0000,0.0000,0.5823,0.2617,172.3660,0.003,9200,-0.0189,-0.1383,0.3800,1,3,0.117
82.200,0,3,1,0.6167,0.6167,0.5742,0.2492,173.8083,0.0000,0.0000,0.0000,0.5825,0.2689,175.6700,0.006,9206,-0.0188,-0.1383,0.3699,1,3,0.117
82.303,0,3,1,0.6167,0.6167,0.5762,0.2627,174.1618,0.0000,0.0000,0.0000,0.5772,0.2831,172.6037,0.007,9212,-0.0188,-0.1383,0.3563,1,3,0.117
82.401,0,3,1,0.6167,0.6167,0.5775,0.2725,173.9258,0.0000,0.0000,0.0000,0.5841,0.2988,175.8531,0.007,9218,-0.0187,-0.1383,0.3464,1,3,0.117
82.502,0,3,1,0.6167,0.6167,0.5791,0.2858,174.0035,0.0000,0.0000,0.0000,0.5679,0.3111,172.9922,0.008,9224,-0.0186,-0.1383,0.3330,1,3,0.117
82.601,0,3,1,0.6167,0.6167,0.5799,0.2944,173.9583,0.0000,0.0000,0.0000,0.4617,-0.0051,165.4177,0.025,9229,-0.0187,-0.1383,0.3244,1,3,0.117
82.702,0,3,1,0.6167,0.6167,0.5819,0.3094,174.2771,0.0000,0.0000,0.0000,0.5586,0.3373,173.5485,0.007,9236,-0.0186,-0.1383,0.3092,1,3,0.117
82.801,0,3,1,0.6167,0.6167,0.5834,0.3194,174.0011,0.0000,0.0000,0.0000,0.5961,0.3454,176.3632,0.008,9242,-0.0186,-0.1383,0.2991,1,3,0.117
82.901,0,3,1,0.6167,0.6167,0.5856,0.3338,173.8159,0.0000,0.0000,0.0000,0.5547,0.4383,172.7927,0.002,9248,-0.0182,-0.1383,0.2846,1,3,0.117
83.001,0,3,1,0.6167,0.6167,0.5843,0.3426,174.1167,0.0000,0.0000,0.0000,0.5937,0.3740,175.9408,0.006,9254,0.0127,-0.0616,0.2760,1,3,0.117
83.099,0,3,1,0.6167,0.6167,0.5813,0.3487,174.2407,0.0000,0.0000,0.0000,0.5614,0.4671,173.1398,0.010,9259,0.0113,-0.0616,0.2703,1,3,0.117
83.201,0,3,1,0.6167,0.6167,0.5778,0.3553,174.2099,0.0000,0.0000,0.0000,0.3278,0.2908,-179.8874,0.003,9265,0.0097,-0.0615,0.2642,1,3,0.117
83.299,0,3,1,0.6167,0.6167,0.5724,0.3603,174.5157,0.0000,0.0000,0.0000,0.5126,0.1035,166.2494,0.004,9272,0.0074,-0.0613,0.2602,1,3,0.117
83.400,0,3,1,0.6167,0.6167,0.5671,0.3640,174.6336,0.0000,0.0000,0.0000,0.5974,0.4080,176.2504,0.006,9278,0.0051,-0.0611,0.2575,1,3,0.117
83.500,0,3,1,0.6167,0.6167,0.5648,0.3694,174.5836,0.0000,0.0000,0.0000,0.3459,0.3212,179.7094,0.002,9284,0.0038,-0.0609,0.2527,1,3,0.117
83.600,0,3,1,0.6167,0.6167,0.5603,0.3712,174.6027,0.0000,0.0000,0.0000,0.6005,0.4163,176.1775,0.006,9290,0.0019,-0.0607,0.2519,1,3,0.117
83.700,0,3,1,0.6167,0.6167,0.5594,0.3783,174.5330,0.0000,0.0000,0.0000,0.3565,0.3404,179.1817,0.003,9296,0.0009,-0.0605,0.2452,1,3,0.117
83.800,0,3,1,0.6167,0.6167,0.5563,0.3822,174.5521,0.0000,0.0000,0.0000,0.5419,0.1866,167.2932,0.025,9301,-0.0007,-0.0603,0.2421,1,3,0.117
83.900,0,3,1,0.6167,0.6167,0.5558,0.3893,174.6908,0.0000,0.0000,0.0000,0.5943,0.4342,175.9313,0.016,9307,-0.0016,-0.0601,0.2354,1,3,0.117
84.000,0,3,1,0.6167,0.6167,0.5530,0.3916,174.7877,0.0000,0.0000,0.0000,0.5421,0.1869,167.2183,0.026,9313,-0.0030,-0.0599,0.2339,1,3,0.117
84.101,0,3,1,0.6167,0.6167,0.5513,0.3990,174.7888,0.0000,0.0000,0.0000,0.3853,0.3794,178.4604,0.003,9320,-0.0046,-0.0595,0.2272,1,3,0.117
84.200,0,3,1,0.6167,0.6167,0.5510,0.4020,174.5557,0.0000,0.0000,0.0000,0.5356,0.2042,167.1515,0.022,9325,-0.0051,-0.0594,0.2244,1,3,0.117
84.299,0,3,1,0.6167,0.6167,0.5492,0.4086,174.6114,0.0000,0.0000,0.0000,0.3876,0.3938,178.0046,0.006,9330,-0.0067,-0.0591,0.2187,1,3,0.117
84.399,0,3,1,0.6167,0.6167,0.5503,0.4113,174.6046,0.0000,0.0000,0.0000,0.3879,0.3965,178.1639,0.006,9334,-0.0066,-0.0591,0.2158,1,3,0.117
84.499,0,3,1,0.6167,0.6167,0.5487,0.4173,174.7346,0.0000,0.0000,0.0000,0.5650,0.5409,172.4944,0.010,9338,-0.0082,-0.0587,0.2106,1,3,0.117
84.599,0,3,1,0.6167,0.6167,0.5472,0.4198,174.6250,0.0000,0.0000,0.0000,0.5379,0.2056,166.7106,0.019,9343,-0.0092,-0.0585,0.2088,1,3,0.117
84.700,0,3,1,0.6167,0.6167,0.5476,0.4257,174.5208,0.0000,0.0000,0.0000,0.5660,0.5466,172.2105,0.028,9347,-0.0099,-0.0583,0.2030,1,3,0.117
84.800,0,3,1,0.6167,0.6167,0.5466,0.4282,174.5757,0.0000,0.0000,0.0000,0.5391,0.2073,166.4028,0.029,9352,-0.0108,-0.0580,0.2010,1,3,0.117
84.899,0,3,1,0.6167,0.6167,0.5472,0.4338,174.6276,0.0000,0.0000,0.0000,0.4268,0.4412,177.3940,0.002,9357,-0.0115,-0.0578,0.1956,1,3,0.117
85.000,0,3,1,0.6167,0.6167,0.5471,0.4375,174.6135,0.0000,0.0000,0.0000,0.5634,0.2690,167.6183,0.027,9361,-0.0122,-0.0576,0.1922,1,3,0.117
85.101,0,3,1,0.6167,0.6167,0.5474,0.4446,174.4728,0.0000,0.0000,0.0000,0.4339,0.4553,177.2937,0.008,9366,-0.0143,-0.0596,0.1855,1,3,0.122
85.201,0,3,1,0.6167,0.6167,0.5503,0.4494,174.5246,0.0000,0.0000,0.0000,0.5630,0.2763,167.3934,0.028,9370,-0.0582,-0.1251,0.1800,1,3,0.117
85.302,0,3,1,0.6167,0.6167,0.5567,0.4620,173.9765,0.0000,0.0000,0.0000,0.4402,0.4679,176.8028,0.006,9375,-0.0574,-0.1253,0.1659,1,3,0.117
85.401,0,3,1,0.6167,0.6167,0.5616,0.4712,173.6062,0.0000,0.0000,0.0000,0.5629,0.2860,166.4668,0.022,9379,-0.0568,-0.1255,0.1556,1,3,0.117
85.504,0,3,1,0.6167,0.6167,0.5678,0.4835,173.7608,0.0000,0.0000,0.0000,0.4568,0.4945,176.0445,0.009,9384,-0.0558,-0.1258,0.1418,1,3,0.117
85.600,0,3,1,0.6167,0.6167,0.5728,0.4927,173.7949,0.0000,0.0000,0.0000,0.5675,0.2865,165.8908,0.026,9388,-0.0546,-0.1261,0.1315,1,3,0.117
85.702,0,3,1,0.6167,0.6167,0.5789,0.5039,173.7669,0.0000,0.0000,0.0000,0.5687,0.2870,165.7343,0.042,9391,-0.0503,-0.1204,0.1189,1,3,0.117
85.801,0,3,1,0.6167,0.6167,0.5837,0.5158,174.0819,0.0000,0.0000,0.0000,0.4972,0.5330,175.5865,0.012,9396,-0.0443,-0.1076,0.1061,1,3,0.117
85.901,0,3,1,0.6167,0.6167,0.5890,0.5239,173.8873,0.0000,0.0000,0.0000,0.6221,0.6560,171.8694,0.026,9401,-0.0384,-0.0985,0.0968,1,3,0.117
86.001,0,3,1,0.6167,0.6167,0.5926,0.5303,174.2440,0.0000,0.0000,0.0000,0.5194,0.5569,175.6246,0.010,9406,-0.0343,-0.0915,0.0897,1,3,0.117
86.099,0,3,1,0.6167,0.6167,0.5969,0.5393,174.1693,0.0000,0.0000,0.0000,0.5353,0.5711,175.8580,0.003,9411,-0.0292,-0.0818,0.0799,1,3,0.117
86.202,0,3,2,0.0000,0.6167,0.6027,0.5506,174.1832,0.0000,0.0000,0.0000,0.8879,0.9191,179.7925,0.023,9415,0.0706,-0.0317,0.6063,1,3,0.117
86.300,0,3,2,0.0000,0.6167,0.6047,0.5650,174.1682,0.0000,0.0000,0.0000,0.6857,0.7532,167.4574,0.002,9420,0.0707,-0.0293,0.6069,1,3,0.117
86.400,0,3,2,0.0000,0.6167,0.6006,0.5679,173.9051,0.0000,0.0000,0.0000,0.6339,0.3979,167.3129,0.029,9424,0.0707,-0.0289,0.6026,1,3,0.117
86.501,0,3,2,0.0000,0.6167,0.5974,0.5766,173.7727,0.0000,0.0000,0.0000,0.6818,0.7667,166.8539,0.003,9429,0.0706,-0.0275,0.5988,1,3,0.117
86.600,0,3,2,0.0000,0.6167,0.5959,0.5846,173.9636,0.0000,0.0000,0.0000,0.8678,0.9097,178.9332,0.027,9433,0.0706,-0.0261,0.5967,1,3,0.117
86.701,0,3,2,0.0000,0.6167,0.5918,0.5929,173.9204,0.0000,0.0000,0.0000,0.6641,0.7703,167.4136,0.007,9438,0.0706,-0.0248,0.5923,1,3,0.117
86.801,0,3,2,0.0000,0.6167,0.5876,0.5957,173.9012,0.0000,0.0000,0.0000,0.6216,0.4430,168.2258,0.026,9442,0.0705,-0.0244,0.5880,1,3,0.117
86.902,0,3,2,0.0000,0.6167,0.5853,0.6075,173.9569,0.0000,0.0000,0.0000,0.6571,0.7790,167.5562,0.007,9446,0.0704,-0.0224,0.5854,1,3,0.117
87.000,0,3,2,0.0000,0.6167,0.5835,0.6158,173.9272,0.0000,0.0000,0.0000,0.8460,0.9337,179.5642,0.011,9451,0.0703,-0.0209,0.5835,1,3,0.117
87.100,0,3,2,0.0000,0.6167,0.5786,0.6209,173.9210,0.0000,0.0000,0.0000,0.6018,0.7231,172.3722,0.018,9455,0.0702,-0.0201,0.5786,1,3,0.117
87.200,0,3,2,0.0000,0.6167,0.5726,0.6231,174.0073,0.0000,0.0000,0.0000,0.4913,0.6099,176.3762,0.015,9460,0.0702,-0.0197,0.5726,1,3,0.117
87.301,0,3,2,0.0000,0.6167,0.5657,0.6262,174.1848,0.0000,0.0000,0.0000,0.5844,0.7257,172.5836,0.016,9464,0.0701,-0.0191,0.5658,1,3,0.117
87.401,0,3,2,0.0000,0.6167,0.5586,0.6263,174.2185,0.0000,0.0000,0.0000,0.4892,0.6221,176.2843,0.019,9469,0.0701,-0.0191,0.5587,1,3,0.117
87.500,0,3,2,0.0000,0.6167,0.5521,0.6294,174.3274,0.0000,0.0000,0.0000,0.4801,0.6267,176.3936,0.003,9474,0.0701,-0.0185,0.5522,1,3,0.117
87.600,0,3,2,0.0000,0.6167,0.5450,0.6296,174.3701,0.0000,0.0000,0.0000,0.5797,0.4719,168.9761,0.028,9478,0.0701,-0.0184,0.5451,1,3,0.117
87.701,0,3,2,0.0000,0.6167,0.5390,0.6325,174.2499,0.0000,0.0000,0.0000,0.5817,0.4733,168.6784,0.002,9484,0.0700,-0.0179,0.5392,1,3,0.117
87.800,0,3,2,0.0000,0.6167,0.5312,0.6330,174.3770,0.0000,0.0000,0.0000,0.5809,0.4735,168.7336,0.033,9487,0.0700,-0.0177,0.5314,1,3,0.117
87.900,0,3,2,0.0000,0.6167,0.5252,0.6359,174.4646,0.0000,0.0000,0.0000,0.4521,0.6354,176.5327,0.004,9492,0.0699,-0.0172,0.5256,1,3,0.117
88.000,0,3,2,0.0000,0.6167,0.5174,0.6364,174.4624,0.0000,0.0000,0.0000,0.5606,0.4854,169.0780,0.023,9496,0.0699,-0.0170,0.5177,1,3,0.117
88.100,0,3,2,0.0000,0.6167,0.5115,0.6393,174.6153,0.0000,0.0000,0.0000,0.5380,0.7475,173.1467,0.026,9500,0.0698,-0.0164,0.5120,1,3,0.117
88.201,0,3,2,0.0000,0.6167,0.5038,0.6398,174.6030,0.0000,0.0000,0.0000,0.5446,0.4938,169.2526,0.021,9505,0.0698,-0.0162,0.5043,1,3,0.117
88.301,0,3,2,0.0000,0.6167,0.4970,0.6430,174.5504,0.0000,0.0000,0.0000,0.5366,0.4977,169.0521,0.002,9510,0.0697,-0.0155,0.4977,1,3,0.117
88.400,0,3,2,0.0000,0.6167,0.4901,0.6434,174.4326,0.0000,0.0000,0.0000,0.5359,0.4978,169.1048,0.020,9514,0.0697,-0.0154,0.4909,1,3,0.117
88.500,0,3,2,0.0000,0.6167,0.4834,0.6453,174.6277,0.0000,0.0000,0.0000,0.5136,0.7590,173.0305,0.002,9518,0.0696,-0.0149,0.4842,1,3,0.117
88.599,0,3,2,0.0000,0.6167,0.4768,0.6481,174.6182,0.0000,0.0000,0.0000,0.5204,0.5064,169.2670,0.007,9523,0.0695,-0.0142,0.4778,1,3,0.117
88.700,0,3,2,0.0000,0.6167,0.4700,0.6487,174.0834,0.0000,0.0000,0.0000,0.5052,0.5112,168.8317,0.003,9528,0.0695,-0.0140,0.4711,1,3,0.117
88.800,0,3,2,0.0000,0.6167,0.4634,0.6529,174.0189,0.0000,0.0000,0.0000,0.5311,0.7481,173.0351,0.008,9534,0.0694,-0.0133,0.4648,1,3,0.117
88.901,0,3,2,0.0000,0.6167,0.4583,0.6570,174.0437,0.0000,0.0000,0.0000,0.3801,0.6555,176.3470,0.004,9540,0.0692,-0.0121,0.4601,1,3,0.117
89.000,0,3,2,0.0000,0.6167,0.4525,0.6595,173.9907,0.0000,0.0000,0.0000,0.5481,0.7578,174.1699,0.008,9546,0.0690,-0.0114,0.4545,1,3,0.117
89.102,0,3,2,0.0000,0.6167,0.4461,0.6632,174.2216,0.0000,0.0000,0.0000,0.3649,0.6592,176.5126,0.002,9552,0.0689,-0.0105,0.4485,1,3,0.117
89.201,0,3,2,0.0000,0.6167,0.4417,0.6653,174.3777,0.0000,0.0000,0.0000,0.5382,0.7641,174.6832,0.009,9558,0.0688,-0.0102,0.4444,1,3,0.117
89.302,0,3,2,0.0000,0.6167,0.4364,0.6687,174.4518,0.0000,0.0000,0.0000,0.3558,0.6612,176.9053,0.007,9564,0.0686,-0.0091,0.4395,1,3,0.117
89.401,0,3,2,0.0000,0.6167,0.4302,0.6695,174.4983,0.0000,0.0000,0.0000,0.4764,0.5318,169.0269,0.028,9569,0.0685,-0.0087,0.4335,1,3,0.117
89.501,0,3,2,0.0000,0.6167,0.4257,0.6737,174.4111,0.0000,0.0000,0.0000,0.5259,0.7684,175.1152,0.015,9575,0.0683,-0.0076,0.4295,1,3,0.117
89.600,0,3,2,0.0000,0.6167,0.4199,0.6753,174.3313,0.0000,0.0000,0.0000,0.5234,0.7695,175.2083,0.008,9582,0.0681,-0.0071,0.4240,1,3,0.117
89.699,0,3,2,0.0000,0.6167,0.4143,0.6773,174.5897,0.0000,0.0000,0.0000,0.5051,0.7820,174.4564,0.036,9586,0.0680,-0.0065,0.4187,1,3,0.117
89.800,0,3,2,0.0000,0.6167,0.4086,0.6798,174.4703,0.0000,0.0000,0.0000,0.4990,0.7860,174.7380,0.006,9594,0.0678,-0.0057,0.4135,1,3,0.117
89.903,0,3,2,0.0000,0.6167,0.4031,0.6826,174.3161,0.0000,0.0000,0.0000,0.4317,0.7860,172.8767,0.020,9599,0.0676,-0.0048,0.4085,1,3,0.117
89.999,0,3,2,0.0000,0.6167,0.3977,0.6841,174.4792,0.0000,0.0000,0.0000,0.3046,0.6678,176.8916,0.007,9604,0.0675,-0.0042,0.4034,1,3,0.117
90.099,0,3,2,0.0000,0.6167,0.3922,0.6865,174.4501,0.0000,0.0000,0.0000,0.4240,0.5579,169.1135,0.003,9612,0.0672,-0.0035,0.3984,1,3,0.117
90.201,0,3,2,0.0000,0.6167,0.3845,0.6868,174.4862,0.0000,0.0000,0.0000,0.4826,0.7866,175.1590,0.007,9618,0.1124,0.0646,0.3908,1,3,0.117
90.306,0,3,2,0.0000,0.6167,0.3745,0.6836,174.5267,0.0000,0.0000,0.0000,0.4501,0.8846,168.1758,0.004,9624,0.1125,0.0643,0.3804,1,3,0.117
90.400,0,3,2,0.0000,0.6167,0.3668,0.6834,174.3386,0.0000,0.0000,0.0000,0.4624,0.7803,175.1747,0.008,9630,0.1124,0.0646,0.3728,1,3,0.117
90.501,0,3,2,0.0000,0.6167,0.3579,0.6812,174.4080,0.0000,0.0000,0.0000,0.3996,0.5652,169.4898,0.003,9636,0.1124,0.0644,0.3637,1,3,0.117
90.600,0,3,2,0.0000,0.6167,0.3494,0.6779,174.4064,0.0000,0.0000,0.0000,0.3947,0.5644,169.8223,0.027,9641,0.1024,0.0395,0.3547,1,3,0.170
90.699,0,3,2,0.0000,0.6167,0.3423,0.6791,174.4129,0.0000,0.0000,0.0000,0.3720,0.5616,169.8799,0.002,9648,0.0806,-0.0120,0.3480,1,3,0.117
90.802,0,3,2,0.0000,0.6167,0.3367,0.6833,174.3614,0.0000,0.0000,0.0000,0.3710,0.5615,169.9450,0.034,9653,0.0802,-0.0107,0.3432,1,3,0.117
90.901,0,3,2,0.0000,0.6167,0.3308,0.6878,174.5694,0.0000,0.0000,0.0000,0.4087,0.7722,175.3825,0.011,9659,0.0797,-0.0090,0.3384,1,3,0.117
91.000,0,3,2,0.0000,0.6167,0.3253,0.6917,174.4176,0.0000,0.0000,0.0000,0.4029,0.7753,175.6369,0.006,9666,0.0793,-0.0076,0.3338,1,3,0.117
91.103,0,3,2,0.0000,0.6167,0.3194,0.6960,174.5111,0.0000,0.0000,0.0000,0.3748,0.8986,168.0195,0.003,9672,0.0787,-0.0060,0.3291,1,3,0.117
91.201,0,3,2,0.0000,0.6167,0.3135,0.6975,174.2745,0.0000,0.0000,0.0000,0.3865,0.7833,175.5458,0.002,9678,0.0785,-0.0052,0.3238,1,3,0.117
91.301,0,3,2,0.0000,0.6167,0.3072,0.7015,174.3119,0.0000,0.0000,0.0000,0.3153,0.7766,173.2932,0.016,9683,0.0779,-0.0036,0.3187,1,3,0.117
91.399,0,3,2,0.0000,0.6167,0.3013,0.7013,174.3353,0.0000,0.0000,0.0000,0.3755,0.7823,175.8037,0.002,9690,0.0777,-0.0031,0.3130,1,3,0.117
91.499,0,3,2,0.0000,0.6167,0.2942,0.7037,174.1773,0.0000,0.0000,0.0000,0.2877,0.5407,169.0511,0.005,9696,0.0772,-0.0019,0.3068,1,3,0.117
91.603,0,3,2,0.0000,0.6167,0.2886,0.7065,174.1376,0.0000,0.0000,0.0000,0.3567,0.7918,175.3343,0.007,9702,0.0767,-0.0006,0.3022,1,3,0.117
91.700,0,3,2,0.0000,0.6167,0.2831,0.7085,173.9762,0.0000,0.0000,0.0000,0.2852,0.5444,168.8131,0.006,9708,0.0762,0.0005,0.2977,1,3,0.117
91.801,0,3,2,0.0000,0.6167,0.2760,0.7098,173.8032,0.0000,0.0000,0.0000,0.3441,0.7920,174.9166,0.010,9714,0.0758,0.0016,0.2913,1,3,0.117
91.900,0,3,2,0.0000,0.6167,0.2697,0.7117,174.0940,0.0000,0.0000,0.0000,0.2762,0.7863,172.8422,0.025,9719,0.0752,0.0028,0.2859,1,3,0.117
92.000,0,3,2,0.0000,0.6167,0.2640,0.7183,174.0830,0.0000,0.0000,0.0000,0.3278,0.8005,175.0051,0.006,9726,0.0740,0.0054,0.2829,1,3,0.117
92.099,0,3,2,0.0000,0.6167,0.2588,0.7232,173.9826,0.0000,0.0000,0.0000,0.2634,0.7892,173.0759,0.014,9731,0.0730,0.0075,0.2798,1,3,0.117
92.202,0,3,2,0.0000,0.6167,0.2523,0.7260,174.1094,0.0000,0.0000,0.0000,0.2615,0.7578,172.7322,0.027,9737,0.0722,0.0090,0.2750,1,3,0.117
92.305,0,3,2,0.0000,0.6167,0.2462,0.7295,174.2860,0.0000,0.0000,0.0000,0.2549,0.7586,172.8915,0.003,9745,0.0713,0.0107,0.2708,1,3,0.117
92.402,0,3,2,0.0000,0.6167,0.2405,0.7320,174.3853,0.0000,0.0000,0.0000,0.3026,0.7967,175.3639,0.011,9750,0.0704,0.0122,0.2667,1,3,0.117
92.499,0,3,2,0.0000,0.6167,0.2345,0.7333,174.4480,0.0000,0.0000,0.0000,0.2985,0.7990,175.5523,0.035,9754,0.0695,0.0137,0.2620,1,3,0.117
92.600,0,3,2,0.0000,0.6167,0.2287,0.7375,174.0667,0.0000,0.0000,0.0000,0.2402,0.7713,174.8090,0.007,9761,0.0682,0.0158,0.2587,1,3,0.117
92.699,0,3,2,0.0000,0.6167,0.2236,0.7394,173.7594,0.0000,0.0000,0.0000,0.2291,0.7906,172.6703,0.023,9767,0.0673,0.0171,0.2550,1,3,0.117
92.803,0,3,2,0.0000,0.6167,0.2175,0.7411,173.9393,0.0000,0.0000,0.0000,0.2783,0.8070,174.2281,0.010,9774,0.0665,0.0183,0.2506,1,3,0.117
92.901,0,3,2,0.0000,0.6167,0.2109,0.7420,174.0596,0.0000,0.0000,0.0000,0.2009,0.7478,172.8788,0.007,9780,0.0654,0.0199,0.2453,1,3,0.117
93.002,0,3,2,0.0000,0.6167,0.2056,0.7429,174.3530,0.0000,0.0000,0.0000,0.2660,0.7970,175.0527,0.011,9786,0.0647,0.0209,0.2413,1,3,0.117
93.102,0,3,2,0.0000,0.6167,0.1996,0.7435,174.4558,0.0000,0.0000,0.0000,0.2062,0.7764,174.7054,0.009,9792,0.0636,0.0223,0.2365,1,3,0.117
93.201,0,3,2,0.0000,0.6167,0.1943,0.7438,174.5355,0.0000,0.0000,0.0000,0.2526,0.7972,175.3566,0.010,9798,0.0629,0.0232,0.2322,1,3,0.117
93.302,0,3,2,0.0000,0.6167,0.1882,0.7438,174.6500,0.0000,0.0000,0.0000,0.1950,0.7699,174.8917,0.007,9804,0.0619,0.0245,0.2271,1,3,0.117
93.402,0,3,2,0.0000,0.6167,0.1828,0.7433,174.7565,0.0000,0.0000,0.0000,0.1699,0.7413,173.5083,0.028,9809,0.0612,0.0254,0.2224,1,3,0.117
93.499,0,3,2,0.0000,0.6167,0.1776,0.7435,174.8248,0.0000,0.0000,0.0000,0.1639,0.7385,173.5889,0.003,9816,0.0602,0.0265,0.2183,1,3,0.117
93.603,0,3,2,0.0000,0.6167,0.1716,0.7428,174.8840,0.0000,0.0000,0.0000,0.2256,0.7928,175.3818,0.009,9822,0.0593,0.0276,0.2130,1,3,0.117
93.701,0,3,2,0.0000,0.6167,0.1663,0.7417,174.7623,0.0000,0.0000,0.0000,0.1720,0.7606,174.9478,0.007,9827,0.0586,0.0284,0.2080,1,3,0.117
93.802,0,3,2,0.0000,0.6167,0.1602,0.7401,174.8971,0.0000,0.0000,0.0000,0.2147,0.7897,175.3239,0.009,9834,0.0737,0.1091,0.2022,1,3,0.117
93.899,0,3,2,0.0000,0.6167,0.1525,0.7318,174.9313,0.0000,0.0000,0.0000,0.1546,0.7751,173.5403,0.013,9839,0.0743,0.1084,0.1911,1,3,0.117
94.003,0,3,2,0.0000,0.6167,0.1441,0.7230,174.8720,0.0000,0.0000,0.0000,0.1311,0.7220,173.7539,0.008,9845,0.0751,0.1075,0.1791,1,3,0.117
94.099,0,3,2,0.0000,0.6167,0.1371,0.7152,175.1110,0.0000,0.0000,0.0000,0.1388,0.7465,173.5536,0.008,9851,0.0759,0.1066,0.1689,1,3,0.117
94.202,0,3,2,0.0000,0.6167,0.1303,0.7078,175.3836,0.0000,0.0000,0.0000,0.1759,0.7679,175.5504,0.007,9858,0.0768,0.1056,0.1590,1,3,0.117
94.302,0,3,2,0.0000,0.6167,0.1215,0.6982,175.5249,0.0000,0.0000,0.0000,0.1376,0.7044,173.6501,0.002,9865,0.0780,0.1041,0.1464,1,3,0.117
94.402,0,3,2,0.0000,0.6167,0.1145,0.6900,175.4274,0.0000,0.0000,0.0000,0.1642,0.7386,176.0752,0.010,9870,0.0791,0.1027,0.1359,1,3,0.117
94.499,0,3,2,0.0000,0.6167,0.1070,0.6820,175.6880,0.0000,0.0000,0.0000,0.1190,0.6727,175.3386,0.002,9876,0.0806,0.1007,0.1253,1,3,0.117
94.601,0,3,2,0.0000,0.6167,0.0996,0.6736,175.6309,0.0000,0.0000,0.0000,0.1467,0.7262,176.2353,0.010,9882,0.0755,0.0903,0.1147,1,3,0.117
94.700,0,3,2,0.0000,0.6167,0.0921,0.6658,175.6256,0.0000,0.0000,0.0000,0.1382,0.7017,176.4924,0.006,9887,0.0701,0.0801,0.1044,1,3,0.117
94.800,0,3,2,0.0000,0.6167,0.0874,0.6604,175.5274,0.0000,0.0000,0.0000,0.1255,0.6985,176.3350,0.003,9894,0.0667,0.0733,0.0978,1,3,0.117
94.901,0,3,2,0.0000,0.6167,0.0807,0.6540,175.5291,0.0000,0.0000,0.0000,0.0774,0.6785,174.4809,0.028,9899,0.0617,0.0648,0.0889,1,3,0.117
95.005,0,3,2,0.0000,0.6167,0.0744,0.6480,175.2883,0.0000,0.0000,0.0000,0.0010,0.6091,175.7517,0.025,9905,0.0571,0.0568,0.0807,1,3,0.117
95.102,0,3,2,0.0000,0.6167,0.0681,0.6432,175.4237,0.0000,0.0000,0.0000,-0.0124,0.5997,175.6303,0.002,9913,0.0524,0.0500,0.0730,1,3,0.117
95.202,0,3,3,0.0000,1.2333,0.0623,0.6390,175.4300,0.0000,0.0000,0.0000,0.0999,0.6819,176.0541,0.012,9918,0.0189,-0.0567,0.5976,1,3,0.117
95.300,0,3,3,0.0000,1.2333,0.0602,0.6430,175.2180,0.0000,0.0000,0.0000,0.0521,0.6497,174.1775,0.003,9923,0.0186,-0.0567,0.5934,1,3,0.117
95.403,0,3,3,0.0000,1.2333,0.0574,0.6478,175.1644,0.0000,0.0000,0.0000,0.0923,0.6712,175.8431,0.010,9930,0.0183,-0.0568,0.5884,1,3,0.117
95.501,0,3,3,0.0000,1.2333,0.0552,0.6526,174.9463,0.0000,0.0000,0.0000,0.0591,0.6339,174.6912,0.008,9936,0.0180,-0.0569,0.5833,1,3,0.117
95.599,0,3,3,0.0000,1.2333,0.0527,0.6573,174.9620,0.0000,0.0000,0.0000,0.0917,0.6724,175.8887,0.006,9942,0.0176,-0.0569,0.5784,1,3,0.117
95.700,0,3,3,0.0000,1.2333,0.0509,0.6623,175.0179,0.0000,0.0000,0.0000,0.0445,0.6695,173.4052,0.024,9947,0.0174,-0.0570,0.5733,1,3,0.117
95.799,0,3,3,0.0000,1.2333,0.0484,0.6662,174.9221,0.0000,0.0000,0.0000,0.0855,0.6945,175.5224,0.007,9954,0.0170,-0.0570,0.5691,1,3,0.117
95.900,0,3,3,0.0000,1.2333,0.0468,0.6725,175.0362,0.0000,0.0000,0.0000,0.0402,0.6779,173.2088,0.027,9959,0.0168,-0.0571,0.5628,1,3,0.117
96.001,0,3,3,0.0000,1.2333,0.0448,0.6771,174.9992,0.0000,0.0000,0.0000,0.0817,0.7149,175.2460,0.007,9966,0.0006,-0.1370,0.5580,1,3,0.117
96.101,0,3,3,0.0000,1.2333,0.0456,0.6919,174.7045,0.0000,0.0000,0.0000,-0.0506,0.6242,175.3709,0.002,9973,0.0010,-0.1369,0.5433,1,3,0.117
96.204,0,3,3,0.0000,1.2333,0.0451,0.7035,174.7392,0.0000,0.0000,0.0000,-0.0537,0.6313,175.1406,0.031,9977,0.0011,-0.1369,0.5318,1,3,0.117
96.300,0,3,3,0.0000,1.2333,0.0458,0.7162,174.9028,0.0000,0.0000,0.0000,0.0436,0.7222,174.7615,0.003,9984,0.0014,-0.1368,0.5192,1,3,0.117
96.399,0,3,3,0.0000,1.2333,0.0455,0.7283,174.7977,0.0000,0.0000,0.0000,0.0806,0.7621,174.9526,0.007,9990,0.0016,-0.1368,0.5071,1,3,0.117
96.501,0,3,3,0.0000,1.2333,0.0467,0.7444,174.7144,0.0000,0.0000,0.0000,0.0401,0.7418,172.5022,0.008,9995,0.0329,-0.0623,0.4911,1,3,0.122
96.601,0,3,3,0.0000,1.2333,0.0443,0.7535,174.8002,0.0000,0.0000,0.0000,0.0861,0.7939,174.7554,0.007,10002,0.0336,-0.0601,0.4819,1,3,0.117
96.700,0,3,3,0.0000,1.2333,0.0415,0.7596,174.6019,0.0000,0.0000,0.0000,0.0415,0.7726,172.6271,0.012,10007,0.0331,-0.0602,0.4755,1,3,0.117
96.802,0,3,3,0.0000,1.2333,0.0384,0.7671,174.7529,0.0000,0.0000,0.0000,0.0852,0.7950,174.8145,0.002,10014,0.0326,-0.0603,0.4678,1,3,0.117
96.900,0,3,3,0.0000,1.2333,0.0369,0.7769,174.8942,0.0000,0.0000,0.0000,0.0348,0.7948,175.0168,0.007,10020,0.0324,-0.0603,0.4580,1,3,0.117
97.002,0,3,3,0.0000,1.2333,0.0357,0.7861,174.7090,0.0000,0.0000,0.0000,0.0776,0.8234,174.7569,0.010,10026,0.0323,-0.0603,0.4486,1,3,0.117
97.099,0,3,3,0.0000,1.2333,0.0342,0.7949,174.7621,0.0000,0.0000,0.0000,0.1026,1.0413,165.2943,0.002,10032,-0.0131,-0.1280,0.4398,1,3,0.117
97.202,0,3,3,0.0000,1.2333,0.0369,0.8095,174.6004,0.0000,0.0000,0.0000,0.0708,0.8272,175.1088,0.011,10038,-0.0122,-0.1279,0.4255,1,3,0.117
97.301,0,3,3,0.0000,1.2333,0.0411,0.8281,174.1589,0.0000,0.0000,0.0000,0.0237,0.8365,174.8501,0.002,10045,-0.0108,-0.1276,0.4073,1,3,0.117
97.402,0,3,3,0.0000,1.2333,0.0436,0.8401,174.2387,0.0000,0.0000,0.0000,0.0982,1.0568,165.2538,0.033,10049,-0.0099,-0.1274,0.3957,1,3,0.117
97.503,0,3,3,0.0000,1.2333,0.0467,0.8548,173.9925,0.0000,0.0000,0.0000,0.0286,0.8609,174.8825,0.007,10056,-0.0087,-0.1272,0.3814,1,3,0.117
97.602,0,3,3,0.0000,1.2333,0.0442,0.8636,174.1633,0.0000,0.0000,0.0000,0.0240,0.8793,174.9860,0.029,10061,-0.0090,-0.1273,0.3723,1,3,0.117
97.704,0,3,3,0.0000,1.2333,0.0446,0.8731,174.3876,0.0000,0.0000,0.0000,0.0249,0.9002,175.3253,0.008,10068,-0.0087,-0.1272,0.3630,1,3,0.117
97.799,0,3,3,0.0000,1.2333,0.0478,0.8867,174.1200,0.0000,0.0000,0.0000,0.0838,0.9096,174.3388,0.009,10074,-0.0073,-0.1269,0.3499,1,3,0.117
97.902,0,3,3,0.0000,1.2333,0.0509,0.9021,174.2787,0.0000,0.0000,0.0000,0.0454,0.8929,172.4526,0.020,10079,-0.0058,-0.1265,0.3352,1,3,0.117
97.999,0,3,3,0.0000,1.2333,0.0533,0.9165,174.2837,0.0000,0.0000,0.0000,0.1272,1.1069,165.8611,0.008,10085,-0.0044,-0.1262,0.3213,1,3,0.117
98.101,0,3,3,0.0000,1.2333,0.0563,0.9317,174.0438,0.0000,0.0000,0.0000,0.0507,0.9136,172.1240,0.011,10091,-0.0026,-0.1257,0.3068,1,3,0.117
98.201,0,3,3,0.0000,1.2333,0.0578,0.9449,174.1796,0.0000,0.0000,0.0000,0.0888,0.9711,174.0256,0.014,10097,-0.0014,-0.1254,0.2942,1,3,0.117
98.301,0,3,3,0.0000,1.2333,0.0593,0.9592,174.0190,0.0000,0.0000,0.0000,0.0255,0.9924,175.5812,0.007,10104,0.0001,-0.1249,0.2805,1,3,0.117
98.402,0,3,3,0.0000,1.2333,0.0604,0.9703,174.2411,0.0000,0.0000,0.0000,0.0925,0.9962,173.9653,0.012,10110,0.0013,-0.1245,0.2699,1,3,0.117
98.502,0,3,3,0.0000,1.2333,0.0614,0.9823,174.2945,0.0000,0.0000,0.0000,0.0278,1.0173,175.6931,0.007,10116,0.0026,-0.1241,0.2584,1,3,0.117
98.601,0,3,3,0.0000,1.2333,0.0625,0.9934,174.0432,0.0000,0.0000,0.0000,0.0930,1.0147,174.0938,0.011,10122,0.0040,-0.1236,0.2480,1,3,0.117
98.699,0,3,3,0.0000,1.2333,0.0633,1.0082,174.2886,0.0000,0.0000,0.0000,0.0233,1.0524,175.6970,0.006,10128,0.0059,-0.1229,0.2338,1,3,0.117
98.802,0,3,3,0.0000,1.2333,0.0644,1.0180,174.0635,0.0000,0.0000,0.0000,0.0956,1.0379,174.1121,0.011,10134,0.0070,-0.1225,0.2247,1,3,0.117
98.901,0,3,3,0.0000,1.2333,0.0648,1.0286,174.0417,0.0000,0.0000,0.0000,0.0445,0.9593,172.9403,0.002,10140,0.0089,-0.1218,0.2148,1,3,0.117
99.002,0,3,3,0.0000,1.2333,0.0643,1.0421,174.2583,0.0000,0.0000,0.0000,0.0401,0.9683,173.0538,0.035,10145,0.0105,-0.1211,0.2018,1,3,0.117
99.101,0,3,3,0.0000,1.2333,0.0651,1.0517,174.2254,0.0000,0.0000,0.0000,0.0215,1.1117,175.9608,0.009,10152,0.0123,-0.1203,0.1930,1,3,0.117
99.202,0,3,3,0.0000,1.2333,0.0641,1.0636,174.2888,0.0000,0.0000,0.0000,0.1015,1.0961,173.8598,0.014,10158,0.0139,-0.1195,0.1815,1,3,0.117
99.300,0,3,3,0.0000,1.2333,0.0646,1.0767,174.3693,0.0000,0.0000,0.0000,0.0751,1.0776,172.4617,0.008,10163,0.0166,-0.1182,0.1695,1,3,0.117
99.402,0,3,3,0.0000,1.2333,0.0801,1.0913,173.7673,0.0000,0.0000,0.0000,0.1022,1.1177,173.9722,0.011,10170,0.0561,-0.0828,0.1630,1,3,0.117
99.503,0,3,3,0.0000,1.2333,0.0782,1.1017,173.9615,0.0000,0.0000,0.0000,0.0782,1.1068,172.0941,0.033,10175,0.0286,-0.1108,0.1531,1,3,0.117
99.610,0,3,3,0.0000,1.2333,0.0830,1.1149,174.0040,0.0000,0.0000,0.0000,0.0747,1.1224,172.5772,0.002,10182,0.0346,-0.1062,0.1446,1,3,0.117
99.702,0,3,3,0.0000,1.2333,0.0804,1.1267,173.9093,0.0000,0.0000,0.0000,0.0044,1.1967,176.2013,0.006,10188,0.0371,-0.1040,0.1336,1,3,0.117
99.802,0,3,3,0.0000,1.2333,0.0793,1.1368,174.1776,0.0000,0.0000,0.0000,0.0870,1.1659,173.8443,0.015,10194,0.0405,-0.1009,0.1249,1,3,0.117
99.900,0,3,3,0.0000,1.2333,0.0755,1.1489,174.2052,0.0000,0.0000,0.0000,-0.0046,1.2211,176.5715,0.008,10200,0.0394,-0.0887,0.1132,1,3,0.117
100.002,0,3,3,0.0000,1.2333,0.0737,1.1568,174.1308,0.0000,0.0000,0.0000,0.0825,1.1845,174.0076,0.011,10206,0.0391,-0.0809,0.1062,1,3,0.117
100.103,0,3,3,0.0000,1.2333,0.0710,1.1657,174.1395,0.0000,0.0000,0.0000,0.1300,1.1037,171.9087,0.008,10212,0.0382,-0.0721,0.0981,1,3,0.117
100.202,0,3,3,0.0000,1.2333,0.0687,1.1710,174.2715,0.0000,0.0000,0.0000,0.0598,1.0964,171.7430,0.029,10217,0.0374,-0.0675,0.0928,1,3,0.117
100.302,0,3,3,0.0000,1.2333,0.0644,1.1809,174.3352,0.0000,0.0000,0.0000,-0.0214,1.2632,176.8486,0.007,10224,0.0354,-0.0569,0.0830,1,3,0.117
100.404,0,3,3,0.0000,1.2333,0.0627,1.1856,174.3226,0.0000,0.0000,0.0000,0.0687,1.2239,173.8346,0.009,10230,0.0347,-0.0523,0.0788,1,3,0.117
100.507,0,3,3,0.0000,1.2333,0.0594,1.1927,174.3014,0.0000,0.0000,0.0000,0.0475,1.1338,172.3266,0.012,10236,0.0000,0.0000,0.0720,1,3,0.117
100.601,0,3,3,0.0000,1.2333,0.0598,1.1929,174.1878,0.0000,0.0000,0.0000,0.0638,1.2268,174.0351,0.013,10242,0.0000,0.0000,0.0721,1,3,0.117
100.699,0,3,3,0.0000,1.2333,0.0593,1.1943,174.1938,0.0000,0.0000,0.0000,0.0569,1.2170,172.7200,0.018,10247,0.0000,0.0000,0.0710,1,3,0.117
100.802,0,3,3,0.0000,1.2333,0.0592,1.1951,174.1922,0.0000,0.0000,0.0000,0.0632,1.2271,174.0556,0.008,10254,0.0000,0.0000,0.0704,1,3,0.117
100.902,0,3,3,0.0000,1.2333,0.0595,1.1952,174.1755,0.0000,0.0000,0.0000,0.1183,1.1372,171.9736,0.024,10259,0.0000,0.0000,0.0707,1,3,0.117
101.002,0,3,3,0.0000,1.2333,0.0595,1.1954,174.1708,0.0000,0.0000,0.0000,0.0633,1.2272,174.0536,0.011,10265,0.0000,0.0000,0.0706,1,3,0.117
101.100,0,3,3,0.0000,1.2333,0.0601,1.1949,174.1375,0.0000,0.0000,0.0000,0.0314,1.1879,173.5412,0.007,10272,0.0000,0.0000,0.0713,1,3,0.117
101.203,0,3,3,0.0000,1.2333,0.0610,1.1946,174.1148,0.0000,0.0000,0.0000,0.0633,1.2272,174.0531,0.013,10278,0.0000,0.0000,0.0722,1,3,0.117
101.302,0,3,3,0.0000,1.2333,0.0609,1.1946,174.1020,0.0000,0.0000,0.0000,0.0314,1.1879,173.5413,0.011,10284,0.0000,0.0000,0.0722,1,3,0.117
101.402,0,3,3,0.0000,1.2333,0.0617,1.1943,174.0837,0.0000,0.0000,0.0000,0.0633,1.2272,174.0535,0.014,10290,0.0000,0.0000,0.0730,1,3,0.117
101.501,0,3,3,0.0000,1.2333,0.0617,1.1943,174.0748,0.0000,0.0000,0.0000,0.0314,1.1879,173.5435,0.008,10296,0.0000,0.0000,0.0730,1,3,0.117
101.601,0,3,3,0.0000,1.2333,0.0624,1.1937,174.0589,0.0000,0.0000,0.0000,0.1181,1.1375,171.9718,0.027,10301,0.0000,0.0000,0.0739,0,4,0.117
101.700,0,3,3,0.0000,1.2333,0.0623,1.1940,174.0481,0.0000,0.0000,0.0000,0.0314,1.1879,173.5451,0.006,10308,0.0000,0.0000,0.0737,0,4,0.117
101.799,0,3,3,0.0000,1.2333,0.0614,1.1944,174.0765,0.0000,0.0000,0.0000,0.0633,1.2274,174.0541,0.014,10314,0.0000,0.0000,0.0727,0,4,0.117
101.900,0,3,3,0.0000,1.2333,0.0578,1.1933,174.1239,0.0000,0.0000,0.0000,0.0270,1.1702,173.0207,0.006,10320,0.0000,0.0000,0.0703,0,4,0.320
102.001,0,3,3,0.0000,1.2333,0.0576,1.1939,174.1638,0.0000,0.0000,0.0000,0.0629,1.2278,174.0689,0.011,10324,0.0000,0.0000,0.0698,0,4,0.117
102.100,0,3,3,0.0000,1.2333,0.0573,1.1943,174.1828,0.0000,0.0000,0.0000,0.0565,1.2161,172.7789,0.008,10328,0.0000,0.0000,0.0693,0,4,0.117
102.203,0,3,3,0.0000,1.2333,0.0569,1.1947,174.2148,0.0000,0.0000,0.0000,0.0622,1.2282,174.0954,0.013,10333,0.0000,0.0000,0.0687,0,4,0.117
102.299,0,3,3,0.0000,1.2333,0.0563,1.1949,174.2132,0.0000,0.0000,0.0000,0.0261,1.1691,173.0870,0.006,10338,0.0000,0.0000,0.0682,0,4,0.117
102.402,0,3,3,0.0000,1.2333,0.0561,1.1955,174.2239,0.0000,0.0000,0.0000,0.0621,1.2283,174.1004,0.010,10342,0.0000,0.0000,0.0677,0,4,0.117
102.503,0,3,3,0.0000,1.2333,0.0559,1.1959,174.2216,0.0000,0.0000,0.0000,0.0560,1.2157,172.8055,0.033,10346,0.0000,0.0000,0.0673,0,4,0.117
102.603,0,3,3,0.0000,1.2333,0.0555,1.1962,174.2231,0.0000,0.0000,0.0000,0.0620,1.2283,174.1009,0.017,10351,0.0000,0.0000,0.0667,0,4,0.117
102.699,0,3,3,0.0000,1.2333,0.0553,1.1966,174.2224,0.0000,0.0000,0.0000,0.0261,1.1690,173.0908,0.006,10356,0.0000,0.0000,0.0664,0,4,0.117
102.800,0,3,3,0.0000,1.2333,0.0548,1.1969,174.2212,0.0000,0.0000,0.0000,0.0620,1.2284,174.1011,0.010,10360,0.0000,0.0000,0.0659,0,4,0.117
102.901,0,3,3,0.0000,1.2333,0.0547,1.1973,174.2194,0.0000,0.0000,0.0000,0.0261,1.1690,173.0921,0.006,10365,0.0000,0.0000,0.0655,0,4,0.117
103.002,0,3,3,0.0000,1.2333,0.0542,1.1972,174.2192,0.0000,0.0000,0.0000,0.0261,1.1690,173.0923,0.041,10368,0.0000,0.0000,0.0651,0,4,0.117
103.102,0,3,3,0.0000,1.2333,0.0541,1.1979,174.2148,0.0000,0.0000,0.0000,0.0620,1.2285,174.1023,0.025,10373,0.0000,0.0000,0.0647,0,4,0.117
103.201,0,3,3,0.0000,1.2333,0.0536,1.1978,174.2173,0.0000,0.0000,0.0000,0.0620,1.2285,174.1017,0.010,10378,0.0000,0.0000,0.0644,0,4,0.117
103.303,0,3,3,0.0000,1.2333,0.0536,1.1984,174.2192,0.0000,0.0000,0.0000,0.0561,1.2157,172.8093,0.011,10382,0.0000,0.0000,0.0640,0,4,0.117
103.400,0,3,3,0.0000,1.2333,0.0531,1.1983,174.2167,0.0000,0.0000,0.0000,0.0620,1.2285,174.1019,0.010,10387,0.0000,0.0000,0.0637,0,4,0.117
103.499,0,3,3,0.0000,1.2333,0.0531,1.1989,174.2184,0.0000,0.0000,0.0000,0.0561,1.2157,172.8105,0.016,10391,0.0000,0.0000,0.0633,0,4,0.117
103.603,0,3,3,0.0000,1.2333,0.0528,1.1991,174.2186,0.0000,0.0000,0.0000,0.0621,1.2285,174.1019,0.012,10396,0.0000,0.0000,0.0629,0,4,0.117
103.699,0,3,3,0.0000,1.2333,0.0527,1.1994,174.2127,0.0000,0.0000,0.0000,0.0262,1.1689,173.0954,0.006,10401,0.0000,0.0000,0.0627,0,4,0.117
103.801,0,3,3,0.0000,1.2333,0.0524,1.1995,174.2164,0.0000,0.0000,0.0000,0.0621,1.2286,174.1017,0.013,10405,0.0000,0.0000,0.0623,0,4,0.117
103.899,0,3,3,0.0000,1.2333,0.0523,1.1999,174.2111,0.0000,0.0000,0.0000,0.0263,1.1689,173.0915,0.002,10410,0.0000,0.0000,0.0621,0,4,0.309
104.002,0,3,3,0.0000,1.2333,0.0520,1.2000,174.2138,0.0000,0.0000,0.0000,0.0621,1.2286,174.0996,0.012,10414,0.0000,0.0000,0.0618,0,4,0.117
104.101,0,3,3,0.0000,1.2333,0.0517,1.1999,174.2037,0.0000,0.0000,0.0000,0.0263,1.1689,173.0910,0.007,10419,0.0000,0.0000,0.0615,0,4,0.117
104.206,0,3,3,0.0000,1.2333,0.0516,1.2000,174.2116,0.0000,0.0000,0.0000,0.0264,1.1689,173.0903,0.041,10422,0.0000,0.0000,0.0614,0,4,0.117
104.300,0,3,3,0.0000,1.2333,0.0514,1.2003,174.2032,0.0000,0.0000,0.0000,0.0264,1.1689,173.0911,0.002,10428,0.0000,0.0000,0.0611,0,4,0.117
104.402,0,3,3,0.0000,1.2333,0.0514,1.2007,174.2108,0.0000,0.0000,0.0000,0.0621,1.2286,174.0997,0.011,10432,0.0000,0.0000,0.0609,0,4,0.117
104.501,0,3,3,0.0000,1.2333,0.0511,1.2006,174.1987,0.0000,0.0000,0.0000,0.0264,1.1689,173.0906,0.008,10437,0.0000,0.0000,0.0606,0,4,0.117
104.602,0,3,3,0.0000,1.2333,0.0511,1.2010,174.2034,0.0000,0.0000,0.0000,0.0621,1.2286,174.0999,0.015,10441,0.0000,0.0000,0.0604,0,4,0.117
104.700,0,3,3,0.0000,1.2333,0.0511,1.2013,174.2019,0.0000,0.0000,0.0000,0.0562,1.2156,172.8098,0.019,10445,0.0000,0.0000,0.0603,0,4,0.117
104.801,0,3,3,0.0000,1.2333,0.0507,1.2010,174.1978,0.0000,0.0000,0.0000,0.0621,1.2286,174.0991,0.016,10450,0.0000,0.0000,0.0601,0,4,0.117
104.902,0,3,3,0.0000,1.2333,0.0508,1.2014,174.2105,0.0000,0.0000,0.0000,0.0562,1.2156,172.8112,0.002,10454,0.0000,0.0000,0.0600,0,4,0.117
105.002,0,3,3,0.0000,1.2333,0.0506,1.2016,174.1994,0.0000,0.0000,0.0000,0.0622,1.2286,174.0988,0.010,10459,0.0000,0.0000,0.0597,0,4,0.117
105.101,0,3,3,0.0000,1.2333,0.0503,1.2015,174.1890,0.0000,0.0000,0.0000,0.0265,1.1688,173.0897,0.006,10464,0.0000,0.0000,0.0596,0,4,0.117
105.201,0,3,3,0.0000,1.2333,0.0504,1.2018,174.1955,0.0000,0.0000,0.0000,0.0562,1.2156,172.8119,0.002,10469,0.0000,0.0000,0.0594,0,4,0.117
105.302,0,3,3,0.0000,1.2333,0.0501,1.2017,174.1865,0.0000,0.0000,0.0000,0.0265,1.1688,173.0902,0.007,10473,0.0000,0.0000,0.0593,0,4,0.117
105.400,0,3,3,0.0000,1.2333,0.0502,1.2021,174.1914,0.0000,0.0000,0.0000,0.0563,1.2156,172.8107,0.002,10478,0.0000,0.0000,0.0592,0,4,0.117
105.500,0,3,3,0.0000,1.2333,0.0500,1.2019,174.1825,0.0000,0.0000,0.0000,0.0265,1.1688,173.0907,0.008,10482,0.0000,0.0000,0.0590,0,4,0.117
105.599,0,3,3,0.0000,1.2333,0.0499,1.2020,174.1877,0.0000,0.0000,0.0000,0.0621,1.2287,174.0995,0.008,10486,0.0000,0.0000,0.0589,0,4,0.304
105.699,0,3,3,0.0000,1.2333,0.0498,1.2021,174.1814,0.0000,0.0000,0.0000,0.0266,1.1688,173.0897,0.006,10491,0.0000,0.0000,0.0588,0,4,0.117
105.802,0,3,3,0.0000,1.2333,0.0498,1.2022,174.1849,0.0000,0.0000,0.0000,0.0266,1.1688,173.0892,0.040,10494,0.0000,0.0000,0.0587,0,4,0.117
105.901,0,3,3,0.0000,1.2333,0.0497,1.2023,174.1805,0.0000,0.0000,0.0000,0.0266,1.1688,173.0902,0.007,10500,0.0000,0.0000,0.0586,0,4,0.117
106.001,0,3,3,0.0000,1.2333,0.0497,1.2026,174.1868,0.0000,0.0000,0.0000,0.0622,1.2287,174.0970,0.014,10504,0.0000,0.0000,0.0585,0,4,0.117
106.099,0,3,3,0.0000,1.2333,0.0498,1.2028,174.1845,0.0000,0.0000,0.0000,0.0563,1.2156,172.8107,0.009,10508,0.0000,0.0000,0.0584,0,4,0.117
106.204,0,3,3,0.0000,1.2333,0.0496,1.2028,174.1833,0.0000,0.0000,0.0000,0.0622,1.2287,174.0975,0.013,10513,0.0000,0.0000,0.0583,0,4,0.117
106.299,0,3,3,0.0000,1.2333,0.0497,1.2030,174.1810,0.0000,0.0000,0.0000,0.0563,1.2156,172.8109,0.029,10517,0.0000,0.0000,0.0582,0,4,0.117
106.399,0,3,3,0.0000,1.2333,0.0494,1.2027,174.1787,0.0000,0.0000,0.0000,0.0622,1.2288,174.0973,0.009,10522,0.0000,0.0000,0.0581,0,4,0.117
106.501,0,3,3,0.0000,1.2333,0.0493,1.2028,174.1720,0.0000,0.0000,0.0000,0.0267,1.1687,173.0904,0.008,10527,0.0000,0.0000,0.0580,0,4,0.117
106.601,0,3,3,0.0000,1.2333,0.0494,1.2031,174.1796,0.0000,0.0000,0.0000,0.0622,1.2288,174.0967,0.015,10531,0.0000,0.0000,0.0579,0,4,0.117
106.702,0,3,3,0.0000,1.2333,0.0492,1.2029,174.1717,0.0000,0.0000,0.0000,0.0267,1.1687,173.0895,0.011,10536,0.0000,0.0000,0.0579,0,4,0.117
106.800,0,3,3,0.0000,1.2333,0.0492,1.2029,174.1761,0.0000,0.0000,0.0000,0.0622,1.2288,174.0977,0.013,10540,0.0000,0.0000,0.0578,0,4,0.117
106.899,0,3,3,0.0000,1.2333,0.0491,1.2030,174.1695,0.0000,0.0000,0.0000,0.0267,1.1687,173.0895,0.007,10545,0.0000,0.0000,0.0577,0,4,0.117
107.003,0,3,3,0.0000,1.2333,0.0491,1.2030,174.1761,0.0000,0.0000,0.0000,0.0267,1.1687,173.0899,0.042,10548,0.0000,0.0000,0.0577,0,4,0.117
107.103,0,3,3,0.0000,1.2333,0.0491,1.2031,174.1657,0.0000,0.0000,0.0000,0.0268,1.1687,173.0892,0.011,10554,0.0000,0.0000,0.0576,0,4,0.117
107.200,0,3,3,0.0000,1.2333,0.0490,1.2031,174.1719,0.0000,0.0000,0.0000,0.0268,1.1687,173.0893,0.042,10557,0.0000,0.0000,0.0576,0,4,0.117
107.305,0,3,3,0.0000,1.2333,0.0489,1.2031,174.1732,0.0000,0.0000,0.0000,0.0268,1.1687,173.0882,0.012,10562,0.0000,0.0000,0.0575,0,4,0.117
107.401,0,3,3,0.0000,1.2333,0.0491,1.2035,174.1702,0.0000,0.0000,0.0000,0.0623,1.2289,174.0965,0.014,10567,0.0000,0.0000,0.0575,0,4,0.117
107.502,0,3,3,0.0000,1.2333,0.0489,1.2033,174.1598,0.0000,0.0000,0.0000,0.0268,1.1687,173.0894,0.008,10572,0.0000,0.0000,0.0574,0,4,0.117
107.599,0,3,3,0.0000,1.2333,0.0489,1.2033,174.1641,0.0000,0.0000,0.0000,0.0268,1.1687,173.0906,0.014,10575,0.0000,0.0000,0.0574,0,4,0.117
107.702,0,3,3,0.0000,1.2333,0.0491,1.2037,174.1658,0.0000,0.0000,0.0000,0.0564,1.2156,172.8135,0.011,10580,0.0000,0.0000,0.0573,0,4,0.117
107.799,0,3,3,0.0000,1.2333,0.0489,1.2034,174.1644,0.0000,0.0000,0.0000,0.0623,1.2289,174.0959,0.009,10585,0.0000,0.0000,0.0573,0,4,0.117
107.901,0,3,3,0.0000,1.2333,0.0488,1.2034,174.1603,0.0000,0.0000,0.0000,0.0269,1.1687,173.0885,0.007,10590,0.0000,0.0000,0.0573,0,4,0.117
108.002,0,3,3,0.0000,1.2333,0.0490,1.2037,174.1697,0.0000,0.0000,0.0000,0.0623,1.2289,174.0967,0.012,10594,0.0000,0.0000,0.0572,0,4,0.117
108.102,0,3,3,0.0000,1.2333,0.0488,1.2035,174.1614,0.0000,0.0000,0.0000,0.0269,1.1687,173.0883,0.010,10599,0.0000,0.0000,0.0572,0,4,0.117
108.199,0,3,3,0.0000,1.2333,0.0489,1.2038,174.1681,0.0000,0.0000,0.0000,0.0623,1.2289,174.0957,0.015,10603,0.0000,0.0000,0.0571,0,4,0.117
108.303,0,3,3,0.0000,1.2333,0.0488,1.2036,174.1595,0.0000,0.0000,0.0000,0.0269,1.1687,173.0871,0.011,10608,0.0000,0.0000,0.0571,0,4,0.117
108.403,0,3,3,0.0000,1.2333,0.0487,1.2036,174.1677,0.0000,0.0000,0.0000,0.0622,1.2290,174.0976,0.003,10612,0.0000,0.0000,0.0571,0,4,0.117
108.500,0,3,3,0.0000,1.2333,0.0487,1.2036,174.1580,0.0000,0.0000,0.0000,0.0269,1.1686,173.0893,0.008,10617,0.0000,0.0000,0.0571,0,4,0.117
108.599,0,3,3,0.0000,1.2333,0.0487,1.2036,174.1627,0.0000,0.0000,0.0000,0.0269,1.1686,173.0885,0.027,10620,0.0000,0.0000,0.0571,0,4,0.117
108.699,0,3,3,0.0000,1.2333,0.0487,1.2037,174.1556,0.0000,0.0000,0.0000,0.0269,1.1686,173.0895,0.007,10626,0.0000,0.0000,0.0570,0,4,0.117
108.800,0,3,3,0.0000,1.2333,0.0488,1.2040,174.1643,0.0000,0.0000,0.0000,0.0623,1.2290,174.0950,0.009,10630,0.0000,0.0000,0.0570,0,4,0.318
108.900,0,3,3,0.0000,1.2333,0.0489,1.2041,174.1629,0.0000,0.0000,0.0000,0.0564,1.2155,172.8153,0.008,10634,0.0000,0.0000,0.0570,0,4,0.311
108.999,0,3,3,0.0000,1.2333,0.0487,1.2037,174.1606,0.0000,0.0000,0.0000,0.0623,1.2290,174.0943,0.007,10639,0.0000,0.0000,0.0570,0,4,0.117
109.100,0,3,3,0.0000,1.2333,0.0487,1.2038,174.1500,0.0000,0.0000,0.0000,0.0270,1.1686,173.0891,0.008,10644,0.0000,0.0000,0.0569,0,4,0.117
109.201,0,3,3,0.0000,1.2333,0.0486,1.2038,174.1564,0.0000,0.0000,0.0000,0.0623,1.2290,174.0947,0.012,10648,0.0000,0.0000,0.0569,0,4,0.117
109.300,0,3,3,0.0000,1.2333,0.0489,1.2042,174.1547,0.0000,0.0000,0.0000,0.0270,1.1686,173.0888,0.009,10653,0.0000,0.0000,0.0569,0,4,0.117
109.401,0,3,3,0.0000,1.2333,0.0488,1.2041,174.1565,0.0000,0.0000,0.0000,0.0564,1.2155,172.8150,0.002,10658,0.0000,0.0000,0.0569,0,4,0.117
109.500,0,3,3,0.0000,1.2333,0.0486,1.2038,174.1498,0.0000,0.0000,0.0000,0.0270,1.1686,173.0878,0.008,10662,0.0000,0.0000,0.0569,0,4,0.117
109.600,0,3,3,0.0000,1.2333,0.0488,1.2041,174.1568,0.0000,0.0000,0.0000,0.0623,1.2291,174.0954,0.013,10666,0.0000,0.0000,0.0568,0,4,0.117
109.700,0,3,3,0.0000,1.2333,0.0488,1.2042,174.1540,0.0000,0.0000,0.0000,0.0271,1.1686,173.0874,0.003,10671,0.0000,0.0000,0.0568,0,4,0.117
109.800,0,3,3,0.0000,1.2333,0.0486,1.2039,174.1554,0.0000,0.0000,0.0000,0.0270,1.1686,173.0885,0.044,10674,0.0000,0.0000,0.0568,0,4,0.117
109.902,0,3,3,0.0000,1.2333,0.0488,1.2043,174.1534,0.0000,0.0000,0.0000,0.0271,1.1686,173.0870,0.006,10680,0.0000,0.0000,0.0568,0,4,0.117
110.001,0,3,3,0.0000,1.2333,0.0487,1.2042,174.1530,0.0000,0.0000,0.0000,0.0624,1.2291,174.0935,0.012,10684,0.0000,0.0000,0.0568,0,4,0.117
110.100,0,3,3,0.0000,1.2333,0.0488,1.2043,174.1494,0.0000,0.0000,0.0000,0.0565,1.2155,172.8158,0.010,10688,0.0000,0.0000,0.0568,0,4,0.117
110.201,0,3,3,0.0000,1.2333,0.0487,1.2042,174.1484,0.0000,0.0000,0.0000,0.0624,1.2291,174.0931,0.014,10693,0.0000,0.0000,0.0568,0,4,0.117
110.299,0,3,3,0.0000,1.2333,0.0488,1.2043,174.1472,0.0000,0.0000,0.0000,0.0565,1.2155,172.8160,0.026,10697,0.0000,0.0000,0.0568,0,4,0.117
110.399,0,3,3,0.0000,1.2333,0.0482,1.2055,174.1801,0.0000,0.0000,0.0000,0.0624,1.2291,174.0939,0.010,10702,0.0000,0.0000,0.0557,0,4,0.117
110.499,0,3,3,0.0000,1.2333,0.0484,1.2053,174.1727,0.0000,0.0000,0.0000,0.0393,1.1757,173.3037,0.007,10707,0.0000,0.0000,0.0559,0,4,0.117
110.599,0,3,3,0.0000,1.2333,0.0486,1.2056,174.1797,0.0000,0.0000,0.0000,0.0624,1.2291,174.0932,0.010,10711,0.0000,0.0000,0.0560,0,4,0.117
110.702,0,3,3,0.0000,1.2333,0.0488,1.2055,174.1729,0.0000,0.0000,0.0000,0.0393,1.1757,173.3037,0.011,10716,0.0000,0.0000,0.0562,0,4,0.117
110.801,0,3,3,0.0000,1.2333,0.0490,1.2057,174.1805,0.0000,0.0000,0.0000,0.0624,1.2291,174.0932,0.017,10720,0.0000,0.0000,0.0562,0,4,0.117
110.901,0,3,3,0.0000,1.2333,0.0492,1.2059,174.1788,0.0000,0.0000,0.0000,0.0565,1.2155,172.8161,0.034,10724,0.0000,0.0000,0.0564,0,4,0.117
111.003,0,3,3,0.0000,1.2333,0.0492,1.2056,174.1834,0.0000,0.0000,0.0000,0.0393,1.1757,173.3038,0.047,10728,0.0000,0.0000,0.0565,0,4,0.117
111.101,0,3,3,0.0000,1.2333,0.0496,1.2060,174.1821,0.0000,0.0000,0.0000,0.0624,1.2291,174.0920,0.026,10733,0.0000,0.0000,0.0566,0,4,0.117
111.199,0,3,3,0.0000,1.2333,0.0497,1.2059,174.1877,0.0000,0.0000,0.0000,0.0624,1.2292,174.0920,0.007,10738,0.0000,0.0000,0.0567,0,4,0.117
111.300,0,3,3,0.0000,1.2333,0.0499,1.2061,174.1814,0.0000,0.0000,0.0000,0.0624,1.2292,174.0932,0.024,10742,0.0000,0.0000,0.0568,0,4,0.117
111.399,0,3,3,0.0000,1.2333,0.0498,1.2058,174.1829,0.0000,0.0000,0.0000,0.0624,1.2292,174.0926,0.010,10747,0.0000,0.0000,0.0569,0,4,0.117
111.502,0,3,3,0.0000,1.2333,0.0501,1.2062,174.1838,0.0000,0.0000,0.0000,0.0565,1.2155,172.8161,0.029,10751,0.0000,0.0000,0.0570,0,4,0.117
111.601,0,3,3,0.0000,1.2333,0.0502,1.2061,174.1883,0.0000,0.0000,0.0000,0.0624,1.2292,174.0926,0.006,10756,0.0000,0.0000,0.0571,0,4,0.117
111.702,0,3,3,0.0000,1.2333,0.0504,1.2062,174.1854,0.0000,0.0000,0.0000,0.0565,1.2155,172.8160,0.015,10760,0.0000,0.0000,0.0572,0,4,0.117
111.799,0,3,3,0.0000,1.2333,0.0503,1.2059,174.1879,0.0000,0.0000,0.0000,0.0624,1.2292,174.0923,0.012,10765,0.0000,0.0000,0.0573,0,4,0.117
111.901,0,3,3,0.0000,1.2333,0.0505,1.2060,174.1828,0.0000,0.0000,0.0000,0.0393,1.1757,173.3039,0.006,10770,0.0000,0.0000,0.0574,0,4,0.117
112.002,0,3,3,0.0000,1.2333,0.0516,1.2076,174.1311,0.0000,0.0000,0.0000,0.0624,1.2292,174.0927,0.012,10775,0.0000,0.0000,0.0576,0,4,0.117
112.099,0,3,3,0.0000,1.2333,0.0522,1.2083,174.0796,0.0000,0.0000,0.0000,0.0392,1.1756,173.3064,0.007,10781,0.0000,0.0000,0.0579,0,4,0.117
112.199,0,3,3,0.0000,1.2333,0.0534,1.2101,173.9930,0.0000,0.0000,0.0000,0.0624,1.2292,174.0917,0.009,10787,0.0000,0.0000,0.0583,0,4,0.117
112.301,0,3,3,0.0000,1.2333,0.0540,1.2108,173.9526,0.0000,0.0000,0.0000,0.0392,1.1756,173.3065,0.009,10793,0.0000,0.0000,0.0585,0,4,0.117
112.400,0,3,3,0.0000,1.2333,0.0551,1.2124,173.8740,0.0000,0.0000,0.0000,0.0625,1.2293,174.0916,0.008,10799,0.0000,0.0000,0.0590,0,4,0.117
112.502,0,3,3,0.0000,1.2333,0.0556,1.2129,173.8430,0.0000,0.0000,0.0000,0.0392,1.1757,173.3055,0.007,10805,0.0000,0.0000,0.0592,0,4,0.117
112.600,0,3,3,0.0000,1.2333,0.0566,1.2144,173.7709,0.0000,0.0000,0.0000,0.1141,1.2989,168.0922,0.033,10810,0.0000,0.0000,0.0597,0,4,0.117
112.699,0,3,3,0.0000,1.2333,0.0569,1.2147,173.7460,0.0000,0.0000,0.0000,0.0392,1.1756,173.3074,0.008,10817,0.0000,0.0000,0.0599,0,4,0.117
112.801,0,3,3,0.0000,1.2333,0.0580,1.2163,173.6845,0.0000,0.0000,0.0000,0.0625,1.2293,174.0897,0.017,10823,0.0000,0.0000,0.0604,0,4,0.117
112.901,0,3,3,0.0000,1.2333,0.0583,1.2168,173.6598,0.0000,0.0000,0.0000,0.0565,1.2155,172.8166,0.011,10828,0.0000,0.0000,0.0606,0,4,0.117
113.003,0,3,3,0.0000,1.2333,0.0591,1.2178,173.6015,0.0000,0.0000,0.0000,0.0565,1.2155,172.8166,0.002,10836,0.0000,0.0000,0.0611,0,4,0.117
113.100,0,3,3,0.0000,1.2333,0.0594,1.2182,173.5803,0.0000,0.0000,0.0000,0.0565,1.2155,172.8174,0.033,10840,0.0000,0.0000,0.0613,0,4,0.117
113.202,0,3,3,0.0000,1.2333,0.0596,1.2183,173.5681,0.0000,0.0000,0.0000,0.0626,1.2294,174.0885,0.018,10846,0.0000,0.0000,0.0614,0,4,0.117
113.300,0,3,3,0.0000,1.2333,0.0604,1.2195,173.5112,0.0000,0.0000,0.0000,0.0392,1.1756,173.3063,0.003,10853,0.0000,0.0000,0.0619,0,4,0.117
113.400,0,3,3,0.0000,1.2333,0.0610,1.2203,173.4620,0.0000,0.0000,0.0000,0.0626,1.2294,174.0887,0.017,10859,0.0000,0.0000,0.0623,0,4,0.117
113.502,0,3,3,0.0000,1.2333,0.0617,1.2214,173.4112,0.0000,0.0000,0.0000,0.1140,1.2989,168.0946,0.009,10865,0.0000,0.0000,0.0628,0,4,0.117
113.599,0,3,3,0.0000,1.2333,0.0617,1.2214,173.4033,0.0000,0.0000,0.0000,0.0625,1.2294,174.0898,0.010,10871,0.0000,0.0000,0.0629,0,4,0.117
113.701,0,3,3,0.0000,1.2333,0.0617,1.2212,173.3905,0.0000,0.0000,0.0000,0.0392,1.1756,173.3066,0.012,10877,0.0000,0.0000,0.0629,0,4,0.117
113.800,0,3,3,0.0000,1.2333,0.0624,1.2222,173.3397,0.0000,0.0000,0.0000,0.1141,1.2988,168.0927,0.035,10882,0.0000,0.0000,0.0634,0,4,0.117
113.901,0,3,3,0.0000,1.2333,0.0624,1.2221,173.3392,0.0000,0.0000,0.0000,0.0392,1.1757,173.3042,0.008,10889,0.0000,0.0000,0.0634,0,4,0.117
114.004,0,3,3,0.0000,1.2333,0.0630,1.2231,173.3023,0.0000,0.0000,0.0000,0.0625,1.2295,174.0898,0.009,10895,0.0000,0.0000,0.0639,0,4,0.117
114.099,0,3,3,0.0000,1.2333,0.0632,1.2234,173.2915,0.0000,0.0000,0.0000,0.0565,1.2156,172.8165,0.008,10900,0.0000,0.0000,0.0640,0,4,0.117
114.202,0,3,3,0.0000,1.2333,0.0636,1.2238,173.2542,0.0000,0.0000,0.0000,0.0626,1.2295,174.0889,0.016,10907,0.0000,0.0000,0.0643,0,4,0.117
114.299,0,3,3,0.0000,1.2333,0.0637,1.2240,173.2434,0.0000,0.0000,0.0000,0.0392,1.1757,173.3062,0.002,10913,0.0000,0.0000,0.0644,0,4,0.117
114.400,0,3,3,0.0000,1.2333,0.0636,1.2238,173.2398,0.0000,0.0000,0.0000,0.1140,1.2988,168.0956,0.003,10919,0.0000,0.0000,0.0643,0,4,0.117
114.503,0,3,3,0.0000,1.2333,0.0642,1.2246,173.2039,0.0000,0.0000,0.0000,0.0565,1.2156,172.8170,0.019,10924,0.0000,0.0000,0.0647,0,4,0.117
114.601,0,3,3,0.0000,1.2333,0.0627,1.2264,173.2508,0.0000,0.0000,0.0000,0.0626,1.2295,174.0888,0.009,10931,0.0000,0.0000,0.0631,0,4,0.117
114.699,0,3,3,0.0000,1.2333,0.0630,1.2263,173.2106,0.0000,0.0000,0.0000,0.0364,1.1554,172.7096,0.007,10937,0.0000,0.0000,0.0634,0,4,0.117
114.800,0,3,3,0.0000,1.2333,0.0637,1.2269,173.1622,0.0000,0.0000,0.0000,0.0626,1.2295,174.0868,0.015,10943,0.0000,0.0000,0.0640,0,4,0.117
114.899,0,3,3,0.0000,1.2333,0.0637,1.2267,173.1599,0.0000,0.0000,0.0000,0.0364,1.1555,172.7086,0.002,10950,0.0000,0.0000,0.0641,0,4,0.117
115.003,0,3,3,0.0000,1.2333,0.0640,1.2267,173.1271,0.0000,0.0000,0.0000,0.0626,1.2295,174.0865,0.013,10955,0.0000,0.0000,0.0644,0,4,0.117
115.100,0,3,3,0.0000,1.2333,0.0646,1.2272,173.0848,0.0000,0.0000,0.0000,0.1140,1.2987,168.1006,0.008,10961,0.0000,0.0000,0.0649,0,4,0.117
115.201,0,3,3,0.0000,1.2333,0.0644,1.2265,173.0745,0.0000,0.0000,0.0000,0.1140,1.2988,168.1011,0.035,10966,0.0000,0.0000,0.0648,0,4,0.117
115.299,0,3,3,0.0000,1.2333,0.0644,1.2263,173.0751,0.0000,0.0000,0.0000,0.1140,1.2987,168.0993,0.002,10973,0.0000,0.0000,0.0648,0,4,0.117
115.402,0,3,3,0.0000,1.2333,0.0647,1.2263,173.0442,0.0000,0.0000,0.0000,0.0626,1.2295,174.0867,0.018,10979,0.0000,0.0000,0.0651,0,4,0.117
115.500,0,3,3,0.0000,1.2333,0.0652,1.2269,173.0057,0.0000,0.0000,0.0000,0.1140,1.2987,168.0990,0.008,10985,0.0000,0.0000,0.0655,0,4,0.117
115.602,0,3,3,0.0000,1.2333,0.0650,1.2261,172.9991,0.0000,0.0000,0.0000,0.0626,1.2296,174.0867,0.011,10991,0.0000,0.0000,0.0654,0,4,0.117
115.703,0,3,3,0.0000,1.2333,0.0650,1.2260,173.0084,0.0000,0.0000,0.0000,0.0565,1.2155,172.8185,0.007,10996,0.0000,0.0000,0.0654,0,4,0.117
115.800,0,3,3,0.0000,1.2333,0.0653,1.2260,172.9678,0.0000,0.0000,0.0000,0.0627,1.2296,174.0862,0.011,11003,0.0000,0.0000,0.0657,0,4,0.117
115.900,0,3,3,0.0000,1.2333,0.0650,1.2252,172.9775,0.0000,0.0000,0.0000,0.0364,1.1554,172.7098,0.007,11009,0.0000,0.0000,0.0655,0,4,0.117
116.000,0,3,3,0.0000,1.2333,0.0655,1.2259,172.9391,0.0000,0.0000,0.0000,0.0627,1.2296,174.0863,0.012,11015,0.0000,0.0000,0.0659,0,4,0.117
116.101,0,3,3,0.0000,1.2333,0.0657,1.2258,172.9171,0.0000,0.0000,0.0000,0.0364,1.1554,172.7107,0.007,11022,0.0000,0.0000,0.0661,0,4,0.117
116.199,0,3,3,0.0000,1.2333,0.0657,1.2258,172.9173,0.0000,0.0000,0.0000,0.0627,1.2296,174.0843,0.011,11027,0.0000,0.0000,0.0662,0,4,0.117
116.299,0,3,3,0.0000,1.2333,0.0661,1.2264,172.8960,0.0000,0.0000,0.0000,0.1140,1.2986,168.1028,0.009,11033,0.0000,0.0000,0.0665,0,4,0.117
116.401,0,3,3,0.0000,1.2333,0.0659,1.2257,172.9031,0.0000,0.0000,0.0000,0.0565,1.2155,172.8193,0.002,11040,0.0000,0.0000,0.0663,0,4,0.117
116.502,0,3,3,0.0000,1.2333,0.0663,1.2263,172.8715,0.0000,0.0000,0.0000,0.0364,1.1554,172.7090,0.007,11046,0.0000,0.0000,0.0667,0,4,0.117
116.600,0,3,3,0.0000,1.2333,0.0661,1.2256,172.8718,0.0000,0.0000,0.0000,0.0364,1.1555,172.7080,0.040,11050,0.0000,0.0000,0.0665,0,4,0.117
116.699,0,3,3,0.0000,1.2333,0.0660,1.2255,172.8829,0.0000,0.0000,0.0000,0.0365,1.1555,172.7068,0.007,11057,0.0000,0.0000,0.0665,0,4,0.117
116.800,0,3,3,0.0000,1.2333,0.0662,1.2255,172.8625,0.0000,0.0000,0.0000,0.0627,1.2297,174.0858,0.010,11063,0.0000,0.0000,0.0666,0,4,0.117
116.902,0,3,3,0.0000,1.2333,0.0666,1.2261,172.8345,0.0000,0.0000,0.0000,0.1141,1.2985,168.1002,0.007,11069,0.0000,0.0000,0.0670,0,4,0.117
117.002,0,3,3,0.0000,1.2333,0.0657,1.2268,172.8780,0.0000,0.0000,0.0000,0.0627,1.2297,174.0854,0.016,11075,0.0000,0.0000,0.0660,0,4,0.117
117.099,0,3,3,0.0000,1.2333,0.0657,1.2268,172.8797,0.0000,0.0000,0.0000,0.0392,1.1739,173.2584,0.002,11081,0.0000,0.0000,0.0660,0,4,0.117
117.202,0,3,3,0.0000,1.2333,0.0660,1.2271,172.8566,0.0000,0.0000,0.0000,0.0565,1.2156,172.8189,0.002,11088,0.0000,0.0000,0.0663,0,4,0.117
117.301,0,3,3,0.0000,1.2333,0.0657,1.2266,172.8744,0.0000,0.0000,0.0000,0.0392,1.1739,173.2585,0.011,11093,0.0000,0.0000,0.0661,0,4,0.117
117.399,0,3,3,0.0000,1.2333,0.0662,1.2274,172.8556,0.0000,0.0000,0.0000,0.0627,1.2297,174.0840,0.015,11099,0.0000,0.0000,0.0665,0,4,0.117
117.500,0,3,3,0.0000,1.2333,0.0659,1.2268,172.8681,0.0000,0.0000,0.0000,0.0392,1.1739,173.2607,0.007,11105,0.0000,0.0000,0.0663,0,4,0.117
117.600,0,3,3,0.0000,1.2333,0.0664,1.2276,172.8497,0.0000,0.0000,0.0000,0.0565,1.2156,172.8199,0.002,11112,0.0000,0.0000,0.0667,0,4,0.117
117.699,0,3,3,0.0000,1.2333,0.0664,1.2275,172.8547,0.0000,0.0000,0.0000,0.1140,1.2985,168.1058,0.002,11118,0.0000,0.0000,0.0666,0,4,0.117
117.800,0,3,3,0.0000,1.2333,0.0666,1.2278,172.8339,0.0000,0.0000,0.0000,0.0393,1.1739,173.2578,0.038,11122,0.0000,0.0000,0.0669,0,4,0.117
117.900,0,3,3,0.0000,1.2333,0.0670,1.2284,172.8173,0.0000,0.0000,0.0000,0.0392,1.1739,173.2596,0.002,11130,0.0000,0.0000,0.0672,0,4,0.117
118.002,0,3,3,0.0000,1.2333,0.0668,1.2279,172.8259,0.0000,0.0000,0.0000,0.0628,1.2298,174.0832,0.008,11135,0.0000,0.0000,0.0670,0,4,0.117
118.101,0,3,3,0.0000,1.2333,0.0664,1.2274,172.8507,0.0000,0.0000,0.0000,0.1140,1.2984,168.1049,0.006,11142,0.0000,0.0000,0.0667,0,4,0.117
118.199,0,3,3,0.0000,1.2333,0.0669,1.2281,172.8339,0.0000,0.0000,0.0000,0.0628,1.2298,174.0832,0.017,11147,0.0000,0.0000,0.0671,0,4,0.117
118.301,0,3,3,0.0000,1.2333,0.0673,1.2287,172.8115,0.0000,0.0000,0.0000,0.1140,1.2984,168.1058,0.008,11153,0.0000,0.0000,0.0674,0,4,0.117
118.399,0,3,3,0.0000,1.2333,0.0666,1.2276,172.8625,0.0000,0.0000,0.0000,0.1140,1.2984,168.1070,0.005,11159,0.0000,0.0000,0.0668,0,4,0.117
118.499,0,3,3,0.0000,1.2333,0.0670,1.2282,172.8373,0.0000,0.0000,0.0000,0.0565,1.2156,172.8205,0.015,11164,0.0000,0.0000,0.0672,0,4,0.306
118.599,0,3,3,0.0000,1.2333,0.0671,1.2284,172.8220,0.0000,0.0000,0.0000,0.0565,1.2156,172.8203,0.002,11172,0.0000,0.0000,0.0673,0,4,0.117
118.699,0,3,3,0.0000,1.2333,0.0671,1.2283,172.8279,0.0000,0.0000,0.0000,0.1140,1.2984,168.1075,0.003,11178,0.0000,0.0000,0.0673,0,4,0.117
118.799,0,3,3,0.0000,1.2333,0.0673,1.2285,172.8161,0.0000,0.0000,0.0000,0.0628,1.2298,174.0815,0.016,11183,0.0000,0.0000,0.0674,0,4,0.117
118.899,0,3,3,0.0000,1.2333,0.0672,1.2284,172.8222,0.0000,0.0000,0.0000,0.0393,1.1739,173.2580,0.002,11189,0.0000,0.0000,0.0674,0,4,0.117
119.000,0,3,3,0.0000,1.2333,0.0674,1.2286,172.8112,0.0000,0.0000,0.0000,0.0628,1.2298,174.0824,0.011,11195,0.0000,0.0000,0.0675,0,4,0.117
119.101,0,3,3,0.0000,1.2333,0.0670,1.2280,172.8255,0.0000,0.0000,0.0000,0.1141,1.2984,168.1070,0.002,11202,0.0000,0.0000,0.0672,0,4,0.117
119.199,0,3,3,0.0000,1.2333,0.0674,1.2287,172.8101,0.0000,0.0000,0.0000,0.0628,1.2298,174.0817,0.010,11207,0.0000,0.0000,0.0676,0,4,0.117
119.301,0,3,3,0.0000,1.2333,0.0674,1.2286,172.8151,0.0000,0.0000,0.0000,0.0393,1.1738,173.2599,0.003,11214,0.0000,0.0000,0.0675,0,4,0.117
119.399,0,3,3,0.0000,1.2333,0.0676,1.2288,172.7935,0.0000,0.0000,0.0000,0.1141,1.2983,168.1084,0.031,11218,0.0000,0.0000,0.0677,0,4,0.117
119.500,0,3,3,0.0000,1.2333,0.0676,1.2288,172.7881,0.0000,0.0000,0.0000,0.1141,1.2983,168.1086,0.006,11226,0.0000,0.0000,0.0678,0,4,0.117
119.600,0,3,3,0.0000,1.2333,0.0676,1.2288,172.8054,0.0000,0.0000,0.0000,0.0628,1.2299,174.0812,0.016,11231,0.0000,0.0000,0.0677,0,4,0.117
119.701,0,3,3,0.0000,1.2333,0.0675,1.2287,172.8160,0.0000,0.0000,0.0000,0.0565,1.2156,172.8213,0.012,11236,0.0000,0.0000,0.0677,0,4,0.117
119.799,0,3,3,0.0000,1.2333,0.0676,1.2289,172.8020,0.0000,0.0000,0.0000,0.0629,1.2299,174.0792,0.014,11243,0.0000,0.0000,0.0678,0,4,0.117
119.900,0,3,3,0.0000,1.2333,0.0676,1.2288,172.8103,0.0000,0.0000,0.0000,0.0565,1.2156,172.8219,0.036,11248,0.0000,0.0000,0.0677,0,4,0.117
120.002,0,3,3,0.0000,1.2333,0.0673,1.2283,172.8200,0.0000,0.0000,0.0000,0.1140,1.2983,168.1101,0.008,11255,0.0000,0.0000,0.0675,0,4,0.117
120.099,0,3,3,0.0000,1.2333,0.0674,1.2284,172.8110,0.0000,0.0000,0.0000,0.0393,1.1738,173.2587,0.010,11261,0.0000,0.0000,0.0676,0,4,0.117
120.200,0,3,3,0.0000,1.2333,0.0678,1.2290,172.7934,0.0000,0.0000,0.0000,0.0629,1.2300,174.0801,0.013,11267,0.0000,0.0000,0.0679,0,4,0.117
120.301,0,3,3,0.0000,1.2333,0.0674,1.2284,172.8055,0.0000,0.0000,0.0000,0.0393,1.1738,173.2589,0.009,11273,0.0000,0.0000,0.0676,0,4,0.117
120.399,0,3,3,0.0000,1.2333,0.0678,1.2291,172.7871,0.0000,0.0000,0.0000,0.0629,1.2299,174.0786,0.014,11279,0.0000,0.0000,0.0680,0,4,0.117
120.502,0,3,3,0.0000,1.2333,0.0679,1.2291,172.7678,0.0000,0.0000,0.0000,0.0393,1.1738,173.2588,0.007,11286,0.0000,0.0000,0.0680,0,4,0.117
120.600,0,3,3,0.0000,1.2333,0.0679,1.2291,172.7719,0.0000,0.0000,0.0000,0.0565,1.2156,172.8205,0.002,11291,0.0000,0.0000,0.0680,0,4,0.117
120.699,0,3,3,0.0000,1.2333,0.0678,1.2290,172.7900,0.0000,0.0000,0.0000,0.1141,1.2982,168.1106,0.002,11298,0.0000,0.0000,0.0679,0,4,0.117
120.800,0,3,3,0.0000,1.2333,0.0679,1.2291,172.7707,0.0000,0.0000,0.0000,0.1141,1.2982,168.1097,0.031,11302,0.0000,0.0000,0.0681,0,4,0.117
120.900,0,3,3,0.0000,1.2333,0.0675,1.2285,172.7977,0.0000,0.0000,0.0000,0.0393,1.1738,173.2591,0.006,11309,0.0000,0.0000,0.0677,0,4,0.117
121.002,0,3,3,0.0000,1.2333,0.0679,1.2292,172.7810,0.0000,0.0000,0.0000,0.0629,1.2300,174.0785,0.013,11315,0.0000,0.0000,0.0681,0,4,0.117
121.099,0,3,3,0.0000,1.2333,0.0678,1.2291,172.7898,0.0000,0.0000,0.0000,0.0565,1.2156,172.8228,0.017,11320,0.0000,0.0000,0.0680,0,4,0.117
121.202,0,3,3,0.0000,1.2333,0.0680,1.2292,172.7853,0.0000,0.0000,0.0000,0.0629,1.2300,174.0796,0.007,11327,0.0000,0.0000,0.0681,0,4,0.117
121.299,0,3,3,0.0000,1.2333,0.0679,1.2291,172.7909,0.0000,0.0000,0.0000,0.0565,1.2156,172.8218,0.023,11332,0.0000,0.0000,0.0680,0,4,0.117
121.401,0,3,3,0.0000,1.2333,0.0680,1.2293,172.7784,0.0000,0.0000,0.0000,0.0629,1.2300,174.0786,0.017,11339,0.0000,0.0000,0.0681,0,4,0.117
121.502,0,3,3,0.0000,1.2333,0.0681,1.2293,172.7608,0.0000,0.0000,0.0000,0.0393,1.1738,173.2582,0.006,11346,0.0000,0.0000,0.0682,0,4,0.117
121.600,0,3,3,0.0000,1.2333,0.0680,1.2293,172.7784,0.0000,0.0000,0.0000,0.0629,1.2300,174.0792,0.017,11351,0.0000,0.0000,0.0681,0,4,0.117
121.700,0,3,3,0.0000,1.2333,0.0677,1.2286,172.7926,0.0000,0.0000,0.0000,0.0393,1.1738,173.2575,0.008,11357,0.0000,0.0000,0.0678,0,4,0.117
121.799,0,3,3,0.0000,1.2333,0.0680,1.2293,172.7758,0.0000,0.0000,0.0000,0.0629,1.2301,174.0787,0.015,11363,0.0000,0.0000,0.0682,0,4,0.117
121.904,0,3,3,0.0000,1.2333,0.0684,1.2298,172.7541,0.0000,0.0000,0.0000,0.1140,1.2982,168.1140,0.014,11369,0.0000,0.0000,0.0685,0,4,0.117
122.002,0,3,3,0.0000,1.2333,0.0681,1.2293,172.7751,0.0000,0.0000,0.0000,0.0629,1.2301,174.0793,0.010,11375,0.0000,0.0000,0.0682,0,4,0.117
122.101,0,3,3,0.0000,1.2333,0.0684,1.2298,172.7509,0.0000,0.0000,0.0000,0.1141,1.2981,168.1145,0.006,11381,0.0000,0.0000,0.0685,0,4,0.117
122.199,0,3,3,0.0000,1.2333,0.0681,1.2293,172.7574,0.0000,0.0000,0.0000,0.0393,1.1738,173.2594,0.035,11386,0.0000,0.0000,0.0682,0,4,0.117
122.299,0,3,3,0.0000,1.2333,0.0677,1.2287,172.7860,0.0000,0.0000,0.0000,0.0393,1.1738,173.2599,0.006,11393,0.0000,0.0000,0.0679,0,4,0.117
122.401,0,3,3,0.0000,1.2333,0.0681,1.2293,172.7697,0.0000,0.0000,0.0000,0.0629,1.2301,174.0782,0.014,11399,0.0000,0.0000,0.0682,0,4,0.117
122.499,0,3,3,0.0000,1.2333,0.0680,1.2292,172.7788,0.0000,0.0000,0.0000,0.0565,1.2156,172.8217,0.014,11404,0.0000,0.0000,0.0681,0,4,0.117
122.600,0,3,3,0.0000,1.2333,0.0681,1.2293,172.7705,0.0000,0.0000,0.0000,0.0629,1.2301,174.0783,0.007,11411,0.0000,0.0000,0.0682,0,4,0.117
122.701,0,3,3,0.0000,1.2333,0.0677,1.2287,172.7830,0.0000,0.0000,0.0000,0.0393,1.1738,173.2580,0.010,11417,0.0000,0.0000,0.0679,0,4,0.117
122.799,0,3,3,0.0000,1.2333,0.0681,1.2294,172.7660,0.0000,0.0000,0.0000,0.0629,1.2301,174.0768,0.015,11423,0.0000,0.0000,0.0682,0,4,0.117
122.900,0,3,3,0.0000,1.2333,0.0682,1.2293,172.7460,0.0000,0.0000,0.0000,0.0394,1.1738,173.2580,0.006,11430,0.0000,0.0000,0.0683,0,4,0.117
123.000,0,3,3,0.0000,1.2333,0.0681,1.2294,172.7635,0.0000,0.0000,0.0000,0.0630,1.2301,174.0764,0.011,11435,0.0000,0.0000,0.0682,0,4,0.117
123.101,0,3,3,0.0000,1.2333,0.0680,1.2292,172.7696,0.0000,0.0000,0.0000,0.0393,1.1738,173.2593,0.007,11441,0.0000,0.0000,0.0681,0,4,0.117
123.202,0,3,3,0.0000,1.2333,0.0681,1.2294,172.7616,0.0000,0.0000,0.0000,0.0565,1.2156,172.8217,0.002,11448,0.0000,0.0000,0.0682,0,4,0.117
123.299,0,3,3,0.0000,1.2333,0.0680,1.2292,172.7680,0.0000,0.0000,0.0000,0.0393,1.1738,173.2584,0.003,11453,0.0000,0.0000,0.0682,0,4,0.117
123.399,0,3,3,0.0000,1.2333,0.0682,1.2294,172.7491,0.0000,0.0000,0.0000,0.0565,1.2156,172.8222,0.002,11459,0.0000,0.0000,0.0683,0,4,0.311
123.499,0,3,3,0.0000,1.2333,0.0680,1.2293,172.7694,0.0000,0.0000,0.0000,0.0394,1.1738,173.2552,0.002,11466,0.0000,0.0000,0.0682,0,4,0.117
123.600,0,3,3,0.0000,1.2333,0.0682,1.2294,172.7652,0.0000,0.0000,0.0000,0.0629,1.2302,174.0774,0.014,11471,0.0000,0.0000,0.0683,0,4,0.117
123.702,0,3,3,0.0000,1.2333,0.0680,1.2292,172.7769,0.0000,0.0000,0.0000,0.1139,1.2981,168.1245,0.002,11477,0.0000,0.0000,0.0682,0,4,0.117
123.799,0,3,3,0.0000,1.2333,0.0682,1.2294,172.7550,0.0000,0.0000,0.0000,0.0629,1.2302,174.0768,0.010,11483,0.0000,0.0000,0.0683,0,4,0.117
123.900,0,3,3,0.0000,1.2333,0.0680,1.2292,172.7772,0.0000,0.0000,0.0000,0.0565,1.2156,172.8230,0.025,11488,0.0000,0.0000,0.0682,0,4,0.117
124.000,0,3,3,0.0000,1.2333,0.0682,1.2294,172.7563,0.0000,0.0000,0.0000,0.0630,1.2302,174.0759,0.002,11495,0.0000,0.0000,0.0683,0,4,0.117
124.100,0,3,3,0.0000,1.2333,0.0678,1.2287,172.7818,0.0000,0.0000,0.0000,0.1140,1.2979,168.1206,0.002,11502,0.0000,0.0000,0.0679,0,4,0.117
124.199,0,3,3,0.0000,1.2333,0.0682,1.2294,172.7665,0.0000,0.0000,0.0000,0.0629,1.2302,174.0769,0.017,11507,0.0000,0.0000,0.0683,0,4,0.117
124.302,0,3,3,0.0000,1.2333,0.0685,1.2299,172.7447,0.0000,0.0000,0.0000,0.0394,1.1738,173.2576,0.007,11514,0.0000,0.0000,0.0686,0,4,0.117
124.402,0,3,3,0.0000,1.2333,0.0682,1.2294,172.7664,0.0000,0.0000,0.0000,0.0565,1.2156,172.8237,0.006,11520,0.0000,0.0000,0.0683,0,4,0.117
124.501,0,3,3,0.0000,1.2333,0.0685,1.2299,172.7460,0.0000,0.0000,0.0000,0.0394,1.1738,173.2571,0.006,11526,0.0000,0.0000,0.0686,0,4,0.117
124.604,0,3,3,0.0000,1.2333,0.0682,1.2294,172.7598,0.0000,0.0000,0.0000,0.0565,1.2156,172.8234,0.004,11531,0.0000,0.0000,0.0683,0,4,0.117
124.699,0,3,3,0.0000,1.2333,0.0681,1.2293,172.7770,0.0000,0.0000,0.0000,0.0394,1.1738,173.2569,0.008,11537,0.0000,0.0000,0.0682,0,4,0.117
124.801,0,3,3,0.0000,1.2333,0.0682,1.2294,172.7582,0.0000,0.0000,0.0000,0.0630,1.2302,174.0756,0.009,11543,0.0000,0.0000,0.0683,0,4,0.117
124.902,0,3,3,0.0000,1.2333,0.0678,1.2287,172.7860,0.0000,0.0000,0.0000,0.0394,1.1738,173.2568,0.011,11549,0.0000,0.0000,0.0680,0,4,0.117
125.001,0,3,3,0.0000,1.2333,0.0682,1.2294,172.7708,0.0000,0.0000,0.0000,0.0630,1.2302,174.0752,0.017,11555,0.0000,0.0000,0.0683,0,4,0.117
125.101,0,3,3,0.0000,1.2333,0.0685,1.2299,172.7491,0.0000,0.0000,0.0000,0.1140,1.2979,168.1224,0.011,11561,0.0000,0.0000,0.0686,0,4,0.117
125.200,0,3,3,0.0000,1.2333,0.0682,1.2294,172.7610,0.0000,0.0000,0.0000,0.0630,1.2303,174.0745,0.009,11567,0.0000,0.0000,0.0684,0,4,0.117
125.300,0,3,3,0.0000,1.2333,0.0681,1.2293,172.7819,0.0000,0.0000,0.0000,0.0565,1.2156,172.8241,0.026,11572,0.0000,0.0000,0.0682,0,4,0.117
125.402,0,3,3,0.0000,1.2333,0.0682,1.2294,172.7716,0.0000,0.0000,0.0000,0.0565,1.2156,172.8238,0.006,11580,0.0000,0.0000,0.0683,0,4,0.117
125.499,0,3,3,0.0000,1.2333,0.0678,1.2288,172.7867,0.0000,0.0000,0.0000,0.0394,1.1738,173.2586,0.008,11585,0.0000,0.0000,0.0680,0,4,0.117
125.602,0,3,3,0.0000,1.2333,0.0682,1.2294,172.7726,0.0000,0.0000,0.0000,0.0565,1.2156,172.8242,0.007,11592,0.0000,0.0000,0.0683,0,4,0.117
125.702,0,3,3,0.0000,1.2333,0.0678,1.2288,172.7904,0.0000,0.0000,0.0000,0.0394,1.1738,173.2578,0.007,11597,0.0000,0.0000,0.0680,0,4,0.117
125.799,0,3,3,0.0000,1.2333,0.0682,1.2294,172.7741,0.0000,0.0000,0.0000,0.0565,1.2156,172.8243,0.002,11604,0.0000,0.0000,0.0683,0,4,0.117
125.902,0,3,3,0.0000,1.2333,0.0683,1.2294,172.7579,0.0000,0.0000,0.0000,0.0394,1.1738,173.2584,0.002,11610,0.0000,0.0000,0.0684,0,4,0.117
126.003,0,3,3,0.0000,1.2333,0.0682,1.2294,172.7749,0.0000,0.0000,0.0000,0.0630,1.2303,174.0745,0.014,11615,0.0000,0.0000,0.0683,0,4,0.117
126.103,0,3,3,0.0000,1.2333,0.0685,1.2299,172.7516,0.0000,0.0000,0.0000,0.0394,1.1738,173.2590,0.002,11622,0.0000,0.0000,0.0686,0,4,0.117
126.201,0,3,3,0.0000,1.2333,0.0682,1.2293,172.7670,0.0000,0.0000,0.0000,0.0565,1.2156,172.8244,0.007,11627,0.0000,0.0000,0.0683,0,4,0.117
126.301,0,3,3,0.0000,1.2333,0.0678,1.2287,172.7892,0.0000,0.0000,0.0000,0.1140,1.2978,168.1251,0.002,11634,0.0000,0.0000,0.0680,0,4,0.117
126.401,0,3,3,0.0000,1.2333,0.0682,1.2294,172.7748,0.0000,0.0000,0.0000,0.0630,1.2303,174.0748,0.018,11639,0.0000,0.0000,0.0683,0,4,0.117
126.500,0,3,3,0.0000,1.2333,0.0681,1.2293,172.7865,0.0000,0.0000,0.0000,0.0565,1.2156,172.8249,0.015,11644,0.0000,0.0000,0.0682,0,4,0.117
126.599,0,3,3,0.0000,1.2333,0.0683,1.2294,172.7672,0.0000,0.0000,0.0000,0.0630,1.2303,174.0734,0.009,11651,0.0000,0.0000,0.0684,0,4,0.117
126.703,0,3,3,0.0000,1.2333,0.0681,1.2292,172.7859,0.0000,0.0000,0.0000,0.0565,1.2156,172.8243,0.038,11656,0.0000,0.0000,0.0682,0,4,0.117
126.800,0,3,3,0.0000,1.2333,0.0682,1.2294,172.7757,0.0000,0.0000,0.0000,0.1140,1.2977,168.1251,0.008,11663,0.0000,0.0000,0.0683,0,4,0.117
126.899,0,3,3,0.0000,1.2333,0.0681,1.2293,172.7820,0.0000,0.0000,0.0000,0.0394,1.1738,173.2580,0.003,11669,0.0000,0.0000,0.0682,0,4,0.117
127.002,0,3,3,0.0000,1.2333,0.0682,1.2294,172.7734,0.0000,0.0000,0.0000,0.0565,1.2156,172.8249,0.002,11676,0.0000,0.0000,0.0683,0,4,0.117
127.100,0,3,3,0.0000,1.2333,0.0685,1.2299,172.7517,0.0000,0.0000,0.0000,0.0394,1.1738,173.2575,0.002,11682,0.0000,0.0000,0.0686,0,4,0.117
127.199,0,3,3,0.0000,1.2333,0.0676,1.2304,172.8019,0.0000,0.0000,0.0000,0.0565,1.2156,172.8255,0.002,11688,0.0000,0.0000,0.0676,0,4,0.117
127.300,0,3,3,0.0000,1.2333,0.0679,1.2310,172.7818,0.0000,0.0000,0.0000,0.0842,1.2161,174.5280,0.002,11694,0.0000,0.0000,0.0679,0,4,0.117
127.403,0,3,3,0.0000,1.2333,0.0683,1.2313,172.7994,0.0000,0.0000,0.0000,0.0565,1.2156,172.8265,0.002,11698,0.0000,0.0000,0.0684,0,4,0.117
127.501,0,3,3,0.0000,1.2333,0.0689,1.2322,172.7816,0.0000,0.0000,0.0000,0.1140,1.2977,168.1254,0.009,11703,0.0000,0.0000,0.0689,0,4,0.117
127.601,0,3,3,0.0000,1.2333,0.0691,1.2327,172.7978,0.0000,0.0000,0.0000,0.0630,1.2304,174.0735,0.010,11707,0.0000,0.0000,0.0691,0,4,0.117
127.699,0,3,3,0.0000,1.2333,0.0693,1.2331,172.7977,0.0000,0.0000,0.0000,0.0565,1.2156,172.8253,0.008,11711,0.0000,0.0000,0.0693,0,4,0.117
127.802,0,3,3,0.0000,1.2333,0.0698,1.2340,172.7845,0.0000,0.0000,0.0000,0.0630,1.2304,174.0736,0.015,11716,0.0000,0.0000,0.0698,0,4,0.117
127.899,0,3,3,0.0000,1.2333,0.0699,1.2342,172.7908,0.0000,0.0000,0.0000,0.0609,1.2136,172.8782,0.030,11720,0.0000,0.0000,0.0700,0,4,0.117
128.001,0,3,3,0.0000,1.2333,0.0707,1.2353,172.7809,0.0000,0.0000,0.0000,0.0630,1.2304,174.0726,0.007,11725,0.0000,0.0000,0.0708,0,4,0.117
128.099,0,3,3,0.0000,1.2333,0.0712,1.2358,172.7947,0.0000,0.0000,0.0000,0.0764,1.2312,173.6036,0.018,11729,0.0000,0.0000,0.0712,0,4,0.117
128.202,0,3,3,0.0000,1.2333,0.0719,1.2368,172.7783,0.0000,0.0000,0.0000,0.0764,1.2312,173.6032,0.007,11735,0.0000,0.0000,0.0720,0,4,0.117
128.300,0,3,3,0.0000,1.2333,0.0728,1.2379,172.7583,0.0000,0.0000,0.0000,0.1140,1.2976,168.1276,0.016,11739,0.0000,0.0000,0.0729,0,4,0.117
128.402,0,3,3,0.0000,1.2333,0.0730,1.2382,172.7880,0.0000,0.0000,0.0000,0.0764,1.2312,173.6038,0.007,11744,0.0000,0.0000,0.0732,0,4,0.117
128.499,0,3,3,0.0000,1.2333,0.0738,1.2392,172.7618,0.0000,0.0000,0.0000,0.1140,1.2976,168.1272,0.014,11748,0.0000,0.0000,0.0740,0,4,0.117
128.599,0,3,3,0.0000,1.2333,0.0740,1.2396,172.7823,0.0000,0.0000,0.0000,0.0764,1.2312,173.6026,0.002,11753,0.0000,0.0000,0.0743,0,4,0.117
128.701,0,3,3,0.0000,1.2333,0.0745,1.2402,172.7573,0.0000,0.0000,0.0000,0.1140,1.2976,168.1298,0.011,11757,0.0000,0.0000,0.0749,0,4,0.117
128.803,0,3,3,0.0000,1.2333,0.0747,1.2405,172.7613,0.0000,0.0000,0.0000,0.0630,1.2305,174.0728,0.008,11761,0.0000,0.0000,0.0750,0,4,0.117
128.900,0,3,3,0.0000,1.2333,0.0751,1.2411,172.7485,0.0000,0.0000,0.0000,0.1140,1.2976,168.1287,0.009,11766,0.0000,0.0000,0.0755,0,4,0.117
129.003,0,3,3,0.0000,1.2333,0.0752,1.2414,172.7689,0.0000,0.0000,0.0000,0.0630,1.2305,174.0726,0.010,11770,0.0000,0.0000,0.0757,0,4,0.117
129.101,0,3,3,0.0000,1.2333,0.0759,1.2422,172.7479,0.0000,0.0000,0.0000,0.1140,1.2976,168.1302,0.011,11775,0.0000,0.0000,0.0765,0,4,0.117
129.201,0,3,3,0.0000,1.2333,0.0761,1.2425,172.7683,0.0000,0.0000,0.0000,0.0631,1.2305,174.0719,0.014,11779,0.0000,0.0000,0.0766,0,4,0.117
129.302,0,3,3,0.0000,1.2333,0.0731,1.2450,172.8567,0.0000,0.0000,0.0000,0.0766,1.2320,173.6349,0.013,11784,0.0000,0.0000,0.0741,0,4,0.117
129.400,0,3,3,0.0000,1.2333,0.0706,1.2480,172.9125,0.0000,0.0000,0.0000,0.0631,1.2305,174.0716,0.007,11790,0.0000,0.0000,0.0721,0,4,0.117
129.501,0,3,3,0.0000,1.2333,0.0711,1.2480,172.9198,0.0000,0.0000,0.0000,0.0766,1.2320,173.6344,0.039,11794,0.0000,0.0000,0.0726,0,4,0.117
129.600,0,3,3,0.0000,1.2333,0.0689,1.2508,172.9699,0.0000,0.0000,0.0000,0.0766,1.2320,173.6341,0.002,11801,0.0000,0.0000,0.0710,0,4,0.117
129.699,0,3,3,0.0000,1.2333,0.0665,1.2529,173.0436,0.0000,0.0000,0.0000,-0.2207,1.4730,-178.2202,0.003,11806,0.0000,0.0000,0.0693,0,4,0.117
129.799,0,3,3,0.0000,1.2333,0.0647,1.2552,173.0876,0.0000,0.0000,0.0000,0.0631,1.2305,174.0701,0.016,11811,0.0000,0.0000,0.0683,0,4,0.117
129.900,0,3,3,0.0000,1.2333,0.0625,1.2571,173.1604,0.0000,0.0000,0.0000,0.1140,1.2975,168.1300,0.015,11817,0.0000,0.0000,0.0669,0,4,0.117
130.000,0,3,3,0.0000,1.2333,0.0609,1.2592,173.1985,0.0000,0.0000,0.0000,0.0631,1.2305,174.0711,0.017,11822,0.0000,0.0000,0.0661,0,4,0.117
130.099,0,3,3,0.0000,1.2333,0.0623,1.2592,173.1650,0.0000,0.0000,0.0000,0.1140,1.2975,168.1312,0.009,11827,0.0000,0.0000,0.0674,0,4,0.117
130.200,0,3,3,0.0000,1.2333,0.0629,1.2590,173.1615,0.0000,0.0000,0.0000,0.1140,1.2975,168.1317,0.046,11830,0.0000,0.0000,0.0680,0,4,0.117
130.303,0,3,3,0.0000,1.2333,0.0642,1.2587,173.1385,0.0000,0.0000,0.0000,0.1140,1.2975,168.1316,0.013,11836,0.0000,0.0000,0.0690,0,4,0.311
130.401,0,3,3,0.0000,1.2333,0.0648,1.2582,173.1466,0.0000,0.0000,0.0000,0.0631,1.2305,174.0702,0.019,11840,0.0000,0.0000,0.0694,0,4,0.117
130.499,0,3,3,0.0000,1.2333,0.0660,1.2582,173.1148,0.0000,0.0000,0.0000,0.1140,1.2975,168.1325,0.006,11845,0.0000,0.0000,0.0706,0,4,0.117
130.599,0,3,3,0.0000,1.2333,0.0666,1.2578,173.1219,0.0000,0.0000,0.0000,0.0631,1.2305,174.0701,0.010,11849,0.0000,0.0000,0.0709,0,4,0.117
130.700,0,3,3,0.0000,1.2333,0.0671,1.2576,173.1219,0.0000,0.0000,0.0000,0.0767,1.2320,173.6330,0.002,11853,0.0000,0.0000,0.0714,0,4,0.117
130.803,0,3,3,0.0000,1.2333,0.0682,1.2574,173.0961,0.0000,0.0000,0.0000,0.1140,1.2975,168.1326,0.012,11858,0.0000,0.0000,0.0723,0,4,0.117
130.899,0,3,3,0.0000,1.2333,0.0688,1.2570,173.0986,0.0000,0.0000,0.0000,0.1140,1.2974,168.1322,0.002,11863,0.0000,0.0000,0.0727,0,4,0.117
131.001,0,3,3,0.0000,1.2333,0.0697,1.2570,173.0723,0.0000,0.0000,0.0000,0.0631,1.2306,174.0697,0.018,11867,0.0000,0.0000,0.0736,0,4,0.117
131.101,0,3,3,0.0000,1.2333,0.0707,1.2571,173.0411,0.0000,0.0000,0.0000,0.1140,1.2974,168.1330,0.016,11872,0.0000,0.0000,0.0745,0,4,0.117
131.199,0,3,3,0.0000,1.2333,0.0710,1.2567,173.0511,0.0000,0.0000,0.0000,0.0631,1.2306,174.0700,0.016,11876,0.0000,0.0000,0.0747,0,4,0.117
131.301,0,3,3,0.0000,1.2333,0.0718,1.2573,173.0130,0.0000,0.0000,0.0000,0.1140,1.2974,168.1331,0.006,11879,0.0000,0.0000,0.0757,0,4,0.117
131.403,0,3,3,0.0000,1.2333,0.0722,1.2574,173.0098,0.0000,0.0000,0.0000,0.1140,1.2974,168.1325,0.048,11881,0.0000,0.0000,0.0761,0,4,0.117
131.499,0,3,3,0.0000,1.2333,0.0696,1.2600,173.0501,0.0000,0.0000,0.0000,0.1140,1.2974,168.1326,0.007,11886,0.0000,0.0000,0.0746,0,4,0.117
131.603,0,3,3,0.0000,1.2333,0.0701,1.2601,173.0436,0.0000,0.0000,0.0000,0.0631,1.2306,174.0704,0.012,11889,0.0000,0.0000,0.0750,0,4,0.117
131.702,0,3,3,0.0000,1.2333,0.0709,1.2603,173.0141,0.0000,0.0000,0.0000,0.1140,1.2974,168.1347,0.007,11892,0.0000,0.0000,0.0758,0,4,0.117
131.802,0,3,3,0.0000,1.2333,0.0712,1.2600,173.0186,0.0000,0.0000,0.0000,0.0631,1.2306,174.0694,0.018,11895,0.0000,0.0000,0.0760,0,4,0.117
131.899,0,3,3,0.0000,1.2333,0.0721,1.2605,172.9751,0.0000,0.0000,0.0000,0.1139,1.2974,168.1359,0.008,11898,0.0000,0.0000,0.0770,0,4,0.117
131.999,0,3,3,0.0000,1.2333,0.0685,1.2626,173.0866,0.0000,0.0000,0.0000,0.0631,1.2306,174.0687,0.003,11902,0.0000,0.0000,0.0745,0,4,0.117
132.102,0,3,3,0.0000,1.2333,0.0695,1.2623,173.0560,0.0000,0.0000,0.0000,0.1140,1.2973,168.1339,0.002,11906,0.0000,0.0000,0.0753,0,4,0.117
132.202,0,3,3,0.0000,1.2333,0.0704,1.2620,173.0261,0.0000,0.0000,0.0000,0.0632,1.2306,174.0678,0.018,11910,0.0000,0.0000,0.0760,0,4,0.117
132.299,0,3,3,0.0000,1.2333,0.0710,1.2613,173.0310,0.0000,0.0000,0.0000,0.0761,1.2315,173.5870,0.033,11914,0.0000,0.0000,0.0763,0,4,0.117
132.402,0,3,3,0.0000,1.2333,0.0718,1.2611,173.0003,0.0000,0.0000,0.0000,0.0631,1.2307,174.0695,0.020,11919,0.0000,0.0000,0.0770,0,4,0.117
132.499,0,3,3,0.0000,1.2333,0.0694,1.2632,173.0409,0.0000,0.0000,0.0000,0.1140,1.2973,168.1325,0.012,11925,0.0000,0.0000,0.0756,0,4,0.117
132.602,0,3,3,0.0000,1.2333,0.0664,1.2647,173.1254,0.0000,0.0000,0.0000,0.0632,1.2307,174.0681,0.020,11930,0.0000,0.0000,0.0735,0,4,0.117
132.702,0,3,3,0.0000,1.2333,0.0676,1.2644,173.0892,0.0000,0.0000,0.0000,0.1140,1.2973,168.1356,0.009,11935,0.0000,0.0000,0.0744,0,4,0.117
132.802,0,3,3,0.0000,1.2333,0.0681,1.2636,173.0983,0.0000,0.0000,0.0000,0.0632,1.2307,174.0684,0.011,11939,0.0000,0.0000,0.0745,0,4,0.117
132.901,0,3,3,0.0000,1.2333,0.0692,1.2633,173.0622,0.0000,0.0000,0.0000,0.1139,1.2974,168.1425,0.017,11944,0.0000,0.0000,0.0754,0,4,0.117
132.999,0,3,3,0.0000,1.2333,0.0665,1.2652,173.1342,0.0000,0.0000,0.0000,0.1139,1.2973,168.1392,0.046,11948,0.0000,0.0000,0.0737,0,4,0.117
133.101,0,3,3,0.0000,1.2333,0.0646,1.2665,173.1787,0.0000,0.0000,0.0000,0.1140,1.2973,168.1341,0.009,11955,0.0000,0.0000,0.0726,0,4,0.117
133.199,0,3,3,0.0000,1.2333,0.0652,1.2657,173.1824,0.0000,0.0000,0.0000,0.0632,1.2307,174.0685,0.013,11959,0.0000,0.0000,0.0728,0,4,0.117
133.301,0,3,3,0.0000,1.2333,0.0659,1.2650,173.1893,0.0000,0.0000,0.0000,0.0761,1.2315,173.5874,0.007,11963,0.0000,0.0000,0.0731,0,4,0.117
133.401,0,3,3,0.0000,1.2333,0.0669,1.2646,173.1519,0.0000,0.0000,0.0000,0.0632,1.2307,174.0655,0.012,11968,0.0000,0.0000,0.0739,0,4,0.117
133.502,0,3,3,0.0000,1.2333,0.0676,1.2638,173.1556,0.0000,0.0000,0.0000,0.0761,1.2315,173.5870,0.028,11972,0.0000,0.0000,0.0741,0,4,0.117
133.599,0,3,3,0.0000,1.2333,0.0681,1.2632,173.1632,0.0000,0.0000,0.0000,0.1139,1.2973,168.1387,0.008,11977,0.0000,0.0000,0.0743,0,4,0.117
133.699,0,3,3,0.0000,1.2333,0.0691,1.2629,173.1265,0.0000,0.0000,0.0000,-0.2360,1.4680,-178.0155,0.002,11982,0.0000,0.0000,0.0752,0,4,0.117
133.799,0,3,3,0.0000,1.2333,0.0669,1.2646,173.1631,0.0000,0.0000,0.0000,0.0632,1.2307,174.0652,0.015,11987,0.0000,0.0000,0.0739,0,4,0.117
133.900,0,3,3,0.0000,1.2333,0.0680,1.2643,173.1273,0.0000,0.0000,0.0000,0.1139,1.2972,168.1378,0.011,11992,0.0000,0.0000,0.0747,0,4,0.287
134.002,0,3,3,0.0000,1.2333,0.0685,1.2636,173.1340,0.0000,0.0000,0.0000,0.0632,1.2307,174.0655,0.019,11996,0.0000,0.0000,0.0749,0,4,0.117
134.102,0,3,3,0.0000,1.2333,0.0695,1.2633,173.0979,0.0000,0.0000,0.0000,0.1139,1.2972,168.1397,0.015,12001,0.0000,0.0000,0.0757,0,4,0.117
134.201,0,3,3,0.0000,1.2333,0.0700,1.2630,173.0945,0.0000,0.0000,0.0000,0.1139,1.2972,168.1386,0.046,12004,0.0000,0.0000,0.0760,0,4,0.117
134.301,0,3,3,0.0000,1.2333,0.0709,1.2624,173.0710,0.0000,0.0000,0.0000,0.1139,1.2972,168.1398,0.012,12010,0.0000,0.0000,0.0766,0,4,0.117
134.401,0,3,3,0.0000,1.2333,0.0712,1.2618,173.0793,0.0000,0.0000,0.0000,0.0632,1.2308,174.0662,0.005,12014,0.0000,0.0000,0.0767,0,4,0.117
134.499,0,3,3,0.0000,1.2333,0.0717,1.2615,173.0753,0.0000,0.0000,0.0000,0.0761,1.2315,173.5870,0.003,12018,0.0000,0.0000,0.0770,0,4,0.117
134.600,0,3,3,0.0000,1.2333,0.0724,1.2610,173.0538,0.0000,0.0000,0.0000,0.0632,1.2308,174.0660,0.016,12023,0.0000,0.0000,0.0775,0,4,0.117
134.700,0,3,3,0.0000,1.2333,0.0729,1.2604,173.0601,0.0000,0.0000,0.0000,0.0761,1.2315,173.5870,0.015,12027,0.0000,0.0000,0.0777,0,4,0.117
134.800,0,3,3,0.0000,1.2333,0.0737,1.2606,173.0213,0.0000,0.0000,0.0000,0.1139,1.2972,168.1387,0.016,12031,0.0000,0.0000,0.0785,0,4,0.117
134.899,0,3,3,0.0000,1.2333,0.0739,1.2597,173.0351,0.0000,0.0000,0.0000,0.0761,1.2315,173.5880,0.023,12036,0.0000,0.0000,0.0785,0,4,0.117
135.002,0,3,3,0.0000,1.2333,0.0745,1.2596,173.0062,0.0000,0.0000,0.0000,0.0632,1.2308,174.0655,0.020,12041,0.0000,0.0000,0.0790,0,4,0.117
135.101,0,3,3,0.0000,1.2333,0.0753,1.2595,172.9768,0.0000,0.0000,0.0000,0.1139,1.2972,168.1414,0.007,12046,0.0000,0.0000,0.0797,0,4,0.117
135.200,0,3,3,0.0000,1.2333,0.0754,1.2590,172.9868,0.0000,0.0000,0.0000,0.0632,1.2308,174.0647,0.019,12050,0.0000,0.0000,0.0797,0,4,0.117
135.302,0,3,3,0.0000,1.2333,0.0761,1.2589,172.9571,0.0000,0.0000,0.0000,0.1139,1.2971,168.1392,0.016,12055,0.0000,0.0000,0.0803,0,4,0.117
135.401,0,3,3,0.0000,1.2333,0.0763,1.2585,172.9704,0.0000,0.0000,0.0000,0.0632,1.2308,174.0655,0.019,12059,0.0000,0.0000,0.0803,0,4,0.117
135.502,0,3,3,0.0000,1.2333,0.0769,1.2584,172.9443,0.0000,0.0000,0.0000,0.1139,1.2971,168.1420,0.012,12064,0.0000,0.0000,0.0809,0,4,0.117
135.600,0,3,3,0.0000,1.2333,0.0770,1.2580,172.9580,0.0000,0.0000,0.0000,0.0632,1.2308,174.0655,0.015,12068,0.0000,0.0000,0.0808,0,4,0.117
135.699,0,3,3,0.0000,1.2333,0.0772,1.2575,172.9650,0.0000,0.0000,0.0000,0.1138,1.2971,168.1436,0.007,12073,0.0000,0.0000,0.0809,0,4,0.117
135.799,0,3,3,0.0000,1.2333,0.0778,1.2578,172.9312,0.0000,0.0000,0.0000,0.0632,1.2308,174.0654,0.006,12077,0.0000,0.0000,0.0816,0,4,0.117
135.901,0,3,3,0.0000,1.2333,0.0779,1.2571,172.9513,0.0000,0.0000,0.0000,-0.2400,1.4702,-177.9279,0.009,12083,0.0000,0.0000,0.0814,0,4,0.117
136.001,0,3,3,0.0000,1.2333,0.0751,1.2593,173.0025,0.0000,0.0000,0.0000,0.0632,1.2309,174.0652,0.015,12087,0.0000,0.0000,0.0794,0,4,0.117
136.101,0,3,3,0.0000,1.2333,0.0754,1.2588,173.0118,0.0000,0.0000,0.0000,0.0761,1.2315,173.5883,0.006,12091,0.0000,0.0000,0.0795,0,4,0.117
136.199,0,3,3,0.0000,1.2333,0.0759,1.2587,172.9809,0.0000,0.0000,0.0000,0.0632,1.2309,174.0648,0.019,12096,0.0000,0.0000,0.0800,0,4,0.117
136.299,0,3,3,0.0000,1.2333,0.0762,1.2582,172.9905,0.0000,0.0000,0.0000,0.0761,1.2315,173.5867,0.032,12100,0.0000,0.0000,0.0801,0,4,0.117
136.402,0,3,3,0.0000,1.2333,0.0767,1.2582,172.9660,0.0000,0.0000,0.0000,0.0632,1.2309,174.0643,0.020,12105,0.0000,0.0000,0.0806,0,4,0.117
136.501,0,3,3,0.0000,1.2333,0.0773,1.2582,172.9356,0.0000,0.0000,0.0000,0.1139,1.2970,168.1417,0.017,12110,0.0000,0.0000,0.0812,0,4,0.117
136.601,0,3,3,0.0000,1.2333,0.0774,1.2577,172.9473,0.0000,0.0000,0.0000,0.0632,1.2309,174.0649,0.019,12114,0.0000,0.0000,0.0811,0,4,0.117
136.700,0,3,3,0.0000,1.2333,0.0780,1.2577,172.9216,0.0000,0.0000,0.0000,0.1138,1.2971,168.1455,0.003,12119,0.0000,0.0000,0.0817,0,4,0.117
136.801,0,3,3,0.0000,1.2333,0.0780,1.2573,172.9341,0.0000,0.0000,0.0000,0.0632,1.2309,174.0641,0.018,12123,0.0000,0.0000,0.0816,0,4,0.117
136.899,0,3,3,0.0000,1.2333,0.0750,1.2591,173.0133,0.0000,0.0000,0.0000,0.1138,1.2971,168.1458,0.002,12129,0.0000,0.0000,0.0793,0,4,0.117
137.000,0,3,3,0.0000,1.2333,0.0757,1.2593,172.9803,0.0000,0.0000,0.0000,0.1138,1.2970,168.1453,0.045,12132,0.0000,0.0000,0.0800,0,4,0.117
137.101,0,3,3,0.0000,1.2333,0.0763,1.2589,172.9614,0.0000,0.0000,0.0000,0.1138,1.2971,168.1459,0.014,12138,0.0000,0.0000,0.0804,0,4,0.117
137.200,0,3,3,0.0000,1.2333,0.0732,1.2607,173.0476,0.0000,0.0000,0.0000,0.0632,1.2309,174.0647,0.018,12143,0.0000,0.0000,0.0782,0,4,0.117
137.300,0,3,3,0.0000,1.2333,0.0705,1.2624,173.1252,0.0000,0.0000,0.0000,0.1138,1.2970,168.1450,0.007,12149,0.0000,0.0000,0.0763,0,4,0.117
137.400,0,3,3,0.0000,1.2333,0.0713,1.2621,173.0950,0.0000,0.0000,0.0000,0.0633,1.2309,174.0634,0.018,12153,0.0000,0.0000,0.0769,0,4,0.117
137.503,0,3,3,0.0000,1.2333,0.0717,1.2618,173.0950,0.0000,0.0000,0.0000,0.0761,1.2315,173.5871,0.005,12157,0.0000,0.0000,0.0772,0,4,0.117
137.602,0,3,3,0.0000,1.2333,0.0692,1.2635,173.1433,0.0000,0.0000,0.0000,0.1138,1.2970,168.1453,0.008,12163,0.0000,0.0000,0.0755,0,4,0.117
137.701,0,3,3,0.0000,1.2333,0.0698,1.2628,173.1476,0.0000,0.0000,0.0000,0.1138,1.2970,168.1441,0.002,12168,0.0000,0.0000,0.0758,0,4,0.117
137.800,0,3,3,0.0000,1.2333,0.0706,1.2625,173.1165,0.0000,0.0000,0.0000,0.0633,1.2309,174.0628,0.019,12172,0.0000,0.0000,0.0764,0,4,0.117
137.901,0,3,3,0.0000,1.2333,0.0715,1.2623,173.0870,0.0000,0.0000,0.0000,0.1138,1.2970,168.1453,0.015,12177,0.0000,0.0000,0.0772,0,4,0.117
138.000,0,3,3,0.0000,1.2333,0.0718,1.2617,173.0966,0.0000,0.0000,0.0000,0.0633,1.2309,174.0634,0.018,12181,0.0000,0.0000,0.0772,0,4,0.117
138.099,0,3,3,0.0000,1.2333,0.0723,1.2611,173.1002,0.0000,0.0000,0.0000,0.1138,1.2970,168.1451,0.012,12186,0.0000,0.0000,0.0774,0,4,0.117
138.201,0,3,3,0.0000,1.2333,0.0699,1.2634,173.1372,0.0000,0.0000,0.0000,-0.2299,1.4691,-178.0952,0.038,12190,0.0000,0.0000,0.0761,0,4,0.279
138.300,0,3,3,0.0000,1.2333,0.0703,1.2624,173.1460,0.0000,0.0000,0.0000,0.0632,1.2309,174.0633,0.022,12195,0.0000,0.0000,0.0761,0,4,0.117
138.401,0,3,3,0.0000,1.2333,0.0711,1.2622,173.1202,0.0000,0.0000,0.0000,0.0632,1.2310,174.0633,0.008,12200,0.0000,0.0000,0.0768,0,4,0.117
138.501,0,3,3,0.0000,1.2333,0.0720,1.2619,173.0846,0.0000,0.0000,0.0000,0.1139,1.2969,168.1445,0.014,12205,0.0000,0.0000,0.0775,0,4,0.117
138.605,0,3,3,0.0000,1.2333,0.0723,1.2613,173.0941,0.0000,0.0000,0.0000,0.0633,1.2309,174.0618,0.024,12209,0.0000,0.0000,0.0776,0,4,0.117
138.701,0,3,3,0.0000,1.2333,0.0732,1.2611,173.0642,0.0000,0.0000,0.0000,0.1138,1.2969,168.1460,0.008,12214,0.0000,0.0000,0.0783,0,4,0.117
138.802,0,3,3,0.0000,1.2333,0.0735,1.2609,173.0687,0.0000,0.0000,0.0000,0.0633,1.2310,174.0630,0.002,12218,0.0000,0.0000,0.0785,0,4,0.117
138.899,0,3,3,0.0000,1.2333,0.0738,1.2600,173.0843,0.0000,0.0000,0.0000,0.0761,1.2315,173.5869,0.013,12222,0.0000,0.0000,0.0785,0,4,0.117
138.999,0,3,3,0.0000,1.2333,0.0744,1.2599,173.0554,0.0000,0.0000,0.0000,0.0633,1.2310,174.0623,0.014,12227,0.0000,0.0000,0.0790,0,4,0.117
139.101,0,3,3,0.0000,1.2333,0.0752,1.2598,173.0245,0.0000,0.0000,0.0000,0.1138,1.2969,168.1487,0.005,12232,0.0000,0.0000,0.0797,0,4,0.117
139.199,0,3,3,0.0000,1.2333,0.0753,1.2593,173.0332,0.0000,0.0000,0.0000,0.0633,1.2310,174.0622,0.018,12236,0.0000,0.0000,0.0797,0,4,0.117
139.300,0,3,3,0.0000,1.2333,0.0756,1.2588,173.0406,0.0000,0.0000,0.0000,0.1138,1.2968,168.1476,0.005,12241,0.0000,0.0000,0.0798,0,4,0.117
139.399,0,3,3,0.0000,1.2333,0.0761,1.2587,173.0159,0.0000,0.0000,0.0000,0.0761,1.2315,173.5869,0.002,12246,0.0000,0.0000,0.0803,0,4,0.117
139.502,0,3,3,0.0000,1.2333,0.0768,1.2587,172.9889,0.0000,0.0000,0.0000,0.1138,1.2969,168.1502,0.016,12250,0.0000,0.0000,0.0809,0,4,0.117
139.603,0,3,3,0.0000,1.2333,0.0770,1.2585,172.9863,0.0000,0.0000,0.0000,0.0632,1.2310,174.0635,0.010,12254,0.0000,0.0000,0.0810,0,4,0.117
139.699,0,3,3,0.0000,1.2333,0.0740,1.2600,173.0739,0.0000,0.0000,0.0000,0.1138,1.2968,168.1492,0.010,12260,0.0000,0.0000,0.0786,0,4,0.117
139.800,0,3,3,0.0000,1.2333,0.0747,1.2601,173.0372,0.0000,0.0000,0.0000,0.1138,1.2968,168.1498,0.035,12263,0.0000,0.0000,0.0793,0,4,0.117
139.900,0,3,3,0.0000,1.2333,0.0753,1.2597,173.0154,0.0000,0.0000,0.0000,0.1138,1.2968,168.1495,0.009,12269,0.0000,0.0000,0.0798,0,4,0.117
139.999,0,3,3,0.0000,1.2333,0.0754,1.2592,173.0290,0.0000,0.0000,0.0000,0.0633,1.2310,174.0609,0.017,12273,0.0000,0.0000,0.0798,0,4,0.274
140.099,0,3,3,0.0000,1.2333,0.0757,1.2587,173.0389,0.0000,0.0000,0.0000,0.0760,1.2315,173.5877,0.008,12277,0.0000,0.0000,0.0799,0,4,0.117
140.200,0,3,3,0.0000,1.2333,0.0763,1.2586,173.0118,0.0000,0.0000,0.0000,0.0633,1.2310,174.0608,0.018,12282,0.0000,0.0000,0.0803,0,4,0.117
140.300,0,3,3,0.0000,1.2333,0.0765,1.2582,173.0176,0.0000,0.0000,0.0000,0.0761,1.2315,173.5868,0.033,12286,0.0000,0.0000,0.0804,0,4,0.117
140.401,0,3,3,0.0000,1.2333,0.0770,1.2579,173.0000,0.0000,0.0000,0.0000,0.0761,1.2315,173.5862,0.006,12292,0.0000,0.0000,0.0808,0,4,0.117
140.500,0,3,3,0.0000,1.2333,0.0776,1.2581,172.9627,0.0000,0.0000,0.0000,0.1138,1.2968,168.1503,0.014,12296,0.0000,0.0000,0.0815,0,4,0.117
140.599,0,3,3,0.0000,1.2333,0.0777,1.2577,172.9763,0.0000,0.0000,0.0000,0.0633,1.2311,174.0586,0.018,12300,0.0000,0.0000,0.0814,0,4,0.117
140.700,0,3,3,0.0000,1.2333,0.0779,1.2573,172.9840,0.0000,0.0000,0.0000,0.1138,1.2968,168.1508,0.002,12305,0.0000,0.0000,0.0814,0,4,0.117
140.802,0,3,3,0.0000,1.2333,0.0751,1.2595,173.0348,0.0000,0.0000,0.0000,0.0761,1.2315,173.5865,0.002,12311,0.0000,0.0000,0.0795,0,4,0.117
140.900,0,3,3,0.0000,1.2333,0.0758,1.2594,173.0070,0.0000,0.0000,0.0000,0.1137,1.2968,168.1534,0.007,12315,0.0000,0.0000,0.0802,0,4,0.117
141.001,0,3,3,0.0000,1.2333,0.0761,1.2592,173.0075,0.0000,0.0000,0.0000,0.1137,1.2968,168.1552,0.047,12318,0.0000,0.0000,0.0804,0,4,0.117
141.099,0,3,3,0.0000,1.2333,0.0762,1.2585,173.0248,0.0000,0.0000,0.0000,0.1138,1.2967,168.1507,0.003,12324,0.0000,0.0000,0.0802,0,4,0.117
141.203,0,3,3,0.0000,1.2333,0.0767,1.2584,173.0011,0.0000,0.0000,0.0000,0.0633,1.2311,174.0602,0.011,12328,0.0000,0.0000,0.0807,0,4,0.117
141.300,0,3,3,0.0000,1.2333,0.0769,1.2579,173.0098,0.0000,0.0000,0.0000,0.0760,1.2315,173.5871,0.012,12332,0.0000,0.0000,0.0808,0,4,0.117
141.400,0,3,3,0.0000,1.2333,0.0774,1.2579,172.9843,0.0000,0.0000,0.0000,0.0633,1.2311,174.0591,0.016,12337,0.0000,0.0000,0.0812,0,4,0.117
141.501,0,3,3,0.0000,1.2333,0.0776,1.2575,172.9941,0.0000,0.0000,0.0000,0.0760,1.2315,173.5875,0.027,12341,0.0000,0.0000,0.0813,0,4,0.117
141.600,0,3,3,0.0000,1.2333,0.0780,1.2575,172.9665,0.0000,0.0000,0.0000,0.0633,1.2311,174.0603,0.011,12346,0.0000,0.0000,0.0817,0,4,0.117
141.699,0,3,3,0.0000,1.2333,0.0782,1.2571,172.9758,0.0000,0.0000,0.0000,0.0760,1.2315,173.5876,0.028,12350,0.0000,0.0000,0.0817,0,4,0.117
141.802,0,3,3,0.0000,1.2333,0.0786,1.2571,172.9511,0.0000,0.0000,0.0000,0.0633,1.2311,174.0600,0.020,12355,0.0000,0.0000,0.0821,0,4,0.117
141.900,0,3,3,0.0000,1.2333,0.0791,1.2571,172.9239,0.0000,0.0000,0.0000,0.1137,1.2967,168.1530,0.011,12360,0.0000,0.0000,0.0826,0,4,0.117
142.000,0,3,3,0.0000,1.2333,0.0791,1.2567,172.9374,0.0000,0.0000,0.0000,0.0633,1.2311,174.0589,0.018,12364,0.0000,0.0000,0.0825,0,4,0.117
142.100,0,3,3,0.0000,1.2333,0.0796,1.2568,172.9136,0.0000,0.0000,0.0000,0.1137,1.2967,168.1532,0.014,12369,0.0000,0.0000,0.0830,0,4,0.117
142.200,0,3,3,0.0000,1.2333,0.0796,1.2564,172.9305,0.0000,0.0000,0.0000,0.0633,1.2312,174.0585,0.020,12373,0.0000,0.0000,0.0829,0,4,0.277
142.301,0,3,3,0.0000,1.2333,0.0801,1.2564,172.9050,0.0000,0.0000,0.0000,0.1137,1.2967,168.1542,0.015,12378,0.0000,0.0000,0.0833,0,4,0.117
142.399,0,3,3,0.0000,1.2333,0.0768,1.2586,172.9829,0.0000,0.0000,0.0000,0.0634,1.2312,174.0575,0.007,12383,0.0000,0.0000,0.0808,0,4,0.117
142.499,0,3,3,0.0000,1.2333,0.0773,1.2582,172.9669,0.0000,0.0000,0.0000,0.1137,1.2967,168.1547,0.015,12388,0.0000,0.0000,0.0812,0,4,0.117
142.598,0,3,3,0.0000,1.2333,0.0775,1.2581,172.9691,0.0000,0.0000,0.0000,0.0633,1.2312,174.0596,0.002,12392,0.0000,0.0000,0.0813,0,4,0.117
142.702,0,3,3,0.0000,1.2333,0.0779,1.2578,172.9534,0.0000,0.0000,0.0000,0.1137,1.2966,168.1534,0.011,12397,0.0000,0.0000,0.0817,0,4,0.117
142.799,0,3,3,0.0000,1.2333,0.0781,1.2576,172.9590,0.0000,0.0000,0.0000,0.0633,1.2312,174.0597,0.008,12401,0.0000,0.0000,0.0818,0,4,0.117
142.901,0,3,3,0.0000,1.2333,0.0782,1.2570,172.9803,0.0000,0.0000,0.0000,0.0761,1.2315,173.5860,0.010,12405,0.0000,0.0000,0.0816,0,4,0.117
142.999,0,3,3,0.0000,1.2333,0.0786,1.2570,172.9529,0.0000,0.0000,0.0000,0.0634,1.2312,174.0567,0.012,12410,0.0000,0.0000,0.0820,0,4,0.117
143.100,0,3,3,0.0000,1.2333,0.0755,1.2587,173.0333,0.0000,0.0000,0.0000,0.0760,1.2315,173.5875,0.030,12415,0.0000,0.0000,0.0797,0,4,0.117
143.201,0,3,3,0.0000,1.2333,0.0761,1.2587,173.0080,0.0000,0.0000,0.0000,0.0760,1.2315,173.5872,0.002,12421,0.0000,0.0000,0.0802,0,4,0.117
143.300,0,3,3,0.0000,1.2333,0.0767,1.2586,172.9778,0.0000,0.0000,0.0000,0.1137,1.2966,168.1568,0.014,12425,0.0000,0.0000,0.0808,0,4,0.117
143.400,0,3,3,0.0000,1.2333,0.0768,1.2579,172.9960,0.0000,0.0000,0.0000,0.0761,1.2315,173.5864,0.006,12430,0.0000,0.0000,0.0806,0,4,0.117
143.499,0,3,3,0.0000,1.2333,0.0774,1.2581,172.9595,0.0000,0.0000,0.0000,0.1137,1.2966,168.1566,0.017,12434,0.0000,0.0000,0.0813,0,4,0.117
143.601,0,3,3,0.0000,1.2333,0.0775,1.2577,172.9737,0.0000,0.0000,0.0000,0.0634,1.2312,174.0565,0.019,12438,0.0000,0.0000,0.0812,0,4,0.117
143.700,0,3,3,0.0000,1.2333,0.0781,1.2577,172.9482,0.0000,0.0000,0.0000,0.1137,1.2966,168.1572,0.005,12443,0.0000,0.0000,0.0818,0,4,0.117
143.799,0,3,3,0.0000,1.2333,0.0783,1.2576,172.9486,0.0000,0.0000,0.0000,0.1137,1.2966,168.1575,0.045,12446,0.0000,0.0000,0.0819,0,4,0.117
143.901,0,3,3,0.0000,1.2333,0.0787,1.2573,172.9325,0.0000,0.0000,0.0000,0.1137,1.2966,168.1565,0.012,12452,0.0000,0.0000,0.0822,0,4,0.117
144.001,0,3,3,0.0000,1.2333,0.0787,1.2569,172.9455,0.0000,0.0000,0.0000,0.0634,1.2313,174.0566,0.018,12456,0.0000,0.0000,0.0821,0,4,0.117
144.099,0,3,3,0.0000,1.2333,0.0789,1.2568,172.9475,0.0000,0.0000,0.0000,0.1137,1.2966,168.1570,0.002,12461,0.0000,0.0000,0.0823,0,4,0.117
144.200,0,3,3,0.0000,1.2333,0.0792,1.2565,172.9328,0.0000,0.0000,0.0000,0.0634,1.2313,174.0560,0.017,12465,0.0000,0.0000,0.0825,0,4,0.117
144.300,0,3,3,0.0000,1.2333,0.0794,1.2564,172.9362,0.0000,0.0000,0.0000,0.0760,1.2315,173.5864,0.003,12469,0.0000,0.0000,0.0826,0,4,0.117
144.401,0,3,3,0.0000,1.2333,0.0797,1.2562,172.9199,0.0000,0.0000,0.0000,0.1137,1.2965,168.1554,0.010,12474,0.0000,0.0000,0.0829,0,4,0.283
144.501,0,3,3,0.0000,1.2333,0.0798,1.2559,172.9312,0.0000,0.0000,0.0000,0.1137,1.2966,168.1595,0.002,12479,0.0000,0.0000,0.0829,0,4,0.117
144.601,0,3,3,0.0000,1.2333,0.0801,1.2559,172.9075,0.0000,0.0000,0.0000,0.0634,1.2313,174.0565,0.019,12483,0.0000,0.0000,0.0832,0,4,0.117
144.701,0,3,3,0.0000,1.2333,0.0772,1.2583,172.9584,0.0000,0.0000,0.0000,-0.2406,1.4674,-177.9487,0.002,12489,0.0000,0.0000,0.0811,0,4,0.117
144.800,0,3,3,0.0000,1.2333,0.0739,1.2600,173.0398,0.0000,0.0000,0.0000,0.0634,1.2313,174.0564,0.018,12494,0.0000,0.0000,0.0786,0,4,0.117
144.900,0,3,3,0.0000,1.2333,0.0747,1.2599,173.0119,0.0000,0.0000,0.0000,0.1137,1.2965,168.1571,0.016,12499,0.0000,0.0000,0.0793,0,4,0.117
145.000,0,3,3,0.0000,1.2333,0.0718,1.2618,173.0794,0.0000,0.0000,0.0000,-0.2295,1.4699,-178.1040,0.037,12503,0.0000,0.0000,0.0773,0,4,0.117
145.101,0,3,3,0.0000,1.2333,0.0691,1.2631,173.1632,0.0000,0.0000,0.0000,-0.2296,1.4699,-178.1012,0.003,12511,0.0000,0.0000,0.0753,0,4,0.117
145.201,0,3,3,0.0000,1.2333,0.0670,1.2648,173.1985,0.0000,0.0000,0.0000,0.0761,1.2315,173.5845,0.002,12516,0.0000,0.0000,0.0741,0,4,0.117
145.300,0,3,3,0.0000,1.2333,0.0681,1.2644,173.1638,0.0000,0.0000,0.0000,0.1136,1.2965,168.1593,0.009,12520,0.0000,0.0000,0.0749,0,4,0.117
145.399,0,3,3,0.0000,1.2333,0.0686,1.2638,173.1678,0.0000,0.0000,0.0000,0.0634,1.2314,174.0551,0.017,12524,0.0000,0.0000,0.0750,0,4,0.117
145.504,0,3,3,0.0000,1.2333,0.0696,1.2634,173.1356,0.0000,0.0000,0.0000,0.1136,1.2965,168.1605,0.013,12529,0.0000,0.0000,0.0758,0,4,0.117
145.600,0,3,3,0.0000,1.2333,0.0700,1.2628,173.1433,0.0000,0.0000,0.0000,0.0634,1.2313,174.0543,0.009,12533,0.0000,0.0000,0.0759,0,4,0.117
145.699,0,3,3,0.0000,1.2333,0.0675,1.2643,173.2126,0.0000,0.0000,0.0000,0.1137,1.2965,168.1600,0.003,12539,0.0000,0.0000,0.0742,0,4,0.117
145.799,0,3,3,0.0000,1.2333,0.0626,1.2681,173.3153,0.0000,0.0000,0.0000,0.0634,1.2313,174.0535,0.019,12545,0.0000,0.0000,0.0716,0,4,0.117
145.900,0,3,3,0.0000,1.2333,0.0633,1.2673,173.3128,0.0000,0.0000,0.0000,-0.2266,1.4716,-178.1319,0.003,12550,0.0000,0.0000,0.0719,0,4,0.117
146.001,0,3,3,0.0000,1.2333,0.0617,1.2688,173.3433,0.0000,0.0000,0.0000,0.0634,1.2314,174.0542,0.020,12555,0.0000,0.0000,0.0711,0,4,0.117
146.099,0,3,3,0.0000,1.2333,0.0601,1.2701,173.3690,0.0000,0.0000,0.0000,0.1136,1.2965,168.1609,0.016,12561,0.0000,0.0000,0.0705,0,4,0.117
146.199,0,3,3,0.0000,1.2333,0.0609,1.2692,173.3673,0.0000,0.0000,0.0000,0.0760,1.2315,173.5863,0.003,12566,0.0000,0.0000,0.0707,0,4,0.117
146.301,0,3,3,0.0000,1.2333,0.0622,1.2687,173.3280,0.0000,0.0000,0.0000,0.1136,1.2965,168.1625,0.015,12570,0.0000,0.0000,0.0716,0,4,0.117
146.400,0,3,3,0.0000,1.2333,0.0600,1.2698,173.3978,0.0000,0.0000,0.0000,0.0634,1.2314,174.0526,0.015,12575,0.0000,0.0000,0.0702,0,4,0.117
146.501,0,4,0,0.0000,1.2333,0.0614,1.2692,173.3537,0.0000,0.0000,0.0000,0.1136,1.2965,168.1623,0.009,12580,0.0000,0.0000,0.0711,0,4,0.117
146.599,0,4,0,0.0000,1.2333,0.0613,1.2684,173.3728,0.0000,0.0000,0.0000,0.0634,1.2314,174.0528,0.037,12583,0.0299,0.0156,0.0706,0,4,0.117
146.699,0,4,1,0.6167,1.2333,0.0599,1.2665,173.6527,0.0000,0.0000,0.0000,0.1125,1.2979,168.2673,0.015,12589,-0.1293,-0.0320,0.5577,0,4,0.117
146.800,0,4,1,0.6167,1.2333,0.0661,1.2697,174.1442,0.0000,0.0000,0.0000,0.0586,1.2382,174.3374,0.018,12594,-0.1293,-0.0313,0.5517,0,4,0.117
146.900,0,4,1,0.6167,1.2333,0.0773,1.2685,175.1980,0.0000,0.0000,0.0000,-0.1026,1.0476,178.2337,0.010,12598,-0.1293,-0.0314,0.5405,0,4,0.117
147.006,0,4,1,0.6167,1.2333,0.0850,1.2666,175.6681,0.0000,0.0000,0.0000,0.0896,1.2308,175.8435,0.004,12602,-0.1293,-0.0317,0.5327,0,4,0.117
147.101,0,4,1,0.6167,1.2333,0.0904,1.2664,175.6349,0.0000,0.0000,0.0000,0.1042,1.2310,175.6879,0.026,12609,-0.0841,0.0360,0.5273,0,4,0.117
147.200,0,4,1,0.6167,1.2333,0.0945,1.2583,175.8766,0.0000,0.0000,0.0000,0.1224,1.2336,175.7391,0.006,12616,-0.0840,0.0345,0.5228,0,4,0.117
147.300,0,4,1,0.6167,1.2333,0.0994,1.2499,175.8053,0.0000,0.0000,0.0000,-0.0377,1.0537,178.5396,0.011,12620,-0.0840,0.0330,0.5176,0,4,0.117
147.400,0,4,1,0.6167,1.2333,0.1075,1.2432,175.7501,0.0000,0.0000,0.0000,0.1374,1.2238,175.8726,0.007,12625,-0.0839,0.0317,0.5092,0,4,0.117
147.499,0,4,1,0.6167,1.2333,0.1134,1.2367,175.6016,0.0000,0.0000,0.0000,-0.0180,1.0459,178.2134,0.013,12629,-0.1135,-0.0136,0.5033,0,4,0.170
147.600,0,4,1,0.6167,1.2333,0.1234,1.2345,175.4771,0.0000,0.0000,0.0000,0.1555,1.2152,175.2563,0.003,12634,-0.0997,0.0112,0.4933,0,4,0.161
147.700,0,4,1,0.6167,1.2333,0.1310,1.2325,175.5798,0.0000,0.0000,0.0000,0.0060,1.0469,177.8230,0.003,12640,-0.0996,0.0328,0.4857,0,4,0.117
147.801,0,4,1,0.6167,1.2333,0.1361,1.2282,175.8627,0.0000,0.0000,0.0000,-0.0388,1.3930,-178.8074,0.038,12644,-0.0995,0.0319,0.4806,0,4,0.117
147.901,0,4,1,0.6167,1.2333,0.1406,1.2249,175.7310,0.0000,0.0000,0.0000,-0.0399,1.3916,-178.7045,0.008,12651,-0.0995,0.0312,0.4761,0,4,0.117
148.002,0,4,1,0.6167,1.2333,0.1488,1.2208,175.7787,0.0000,0.0000,0.0000,0.1896,1.2100,175.6072,0.008,12655,-0.1058,-0.0139,0.4681,0,4,0.186
148.101,0,4,1,0.6167,1.2333,0.1549,1.2196,175.7943,0.0000,0.0000,0.0000,0.0076,1.3655,-179.3042,0.006,12661,-0.1141,-0.0174,0.4620,0,4,0.168
148.200,0,4,1,0.6167,1.2333,0.1631,1.2214,175.7935,0.0000,0.0000,0.0000,0.2105,1.2064,175.4146,0.018,12666,-0.0994,-0.0112,0.4537,0,4,0.208
148.301,0,4,1,0.6167,1.2333,0.1724,1.2199,175.5896,0.0000,0.0000,0.0000,0.2193,1.2031,174.8646,0.028,12671,-0.1152,0.0268,0.4444,0,4,0.117
148.401,0,4,1,0.6167,1.2333,0.1797,1.2167,175.8945,0.0000,0.0000,0.0000,0.2333,1.2038,175.4443,0.003,12678,-0.1151,0.0260,0.4373,0,4,0.117
148.500,0,4,1,0.6167,1.2333,0.1901,1.2132,175.8154,0.0000,0.0000,0.0000,0.2457,1.1981,175.1089,0.029,12683,-0.1117,0.0172,0.4271,0,4,0.134
148.599,0,4,1,0.6167,1.2333,0.1972,1.2121,175.8961,0.0000,0.0000,0.0000,0.2548,1.1960,175.2868,0.019,12690,-0.0783,-0.0222,0.4200,0,4,0.155
148.700,0,4,1,0.6167,1.2333,0.2034,1.2135,175.6698,0.0000,0.0000,0.0000,0.1272,1.0980,175.6593,0.002,12696,-0.0991,-0.0133,0.4137,0,4,0.201
148.799,0,4,1,0.6167,1.2333,0.2110,1.2142,175.6216,0.0000,0.0000,0.0000,0.2748,1.1945,174.4185,0.006,12702,-0.0608,-0.0291,0.4062,0,4,0.117
148.901,0,4,1,0.6167,1.2333,0.2163,1.2167,175.5510,0.0000,0.0000,0.0000,0.0741,1.3658,-179.8639,0.007,12708,-0.0609,-0.0286,0.4007,0,4,0.117
149.000,0,4,1,0.6167,1.2333,0.2220,1.2185,175.5770,0.0000,0.0000,0.0000,0.2924,1.1947,174.9678,0.016,12713,-0.0609,-0.0282,0.3949,0,4,0.117
149.101,0,4,1,0.6167,1.2333,0.2263,1.2213,175.4464,0.0000,0.0000,0.0000,0.0797,1.3677,179.8142,0.002,12719,-0.0610,-0.0275,0.3906,0,4,0.117
149.201,0,4,1,0.6167,1.2333,0.2306,1.2230,175.2982,0.0000,0.0000,0.0000,0.3052,1.2014,174.3714,0.010,12724,-0.0610,-0.0271,0.3862,0,4,0.117
149.299,0,4,1,0.6167,1.2333,0.2349,1.2257,175.3550,0.0000,0.0000,0.0000,0.0846,1.3701,179.5285,0.006,12729,-0.0611,-0.0264,0.3818,0,4,0.117
149.400,0,4,1,0.6167,1.2333,0.2398,1.2275,175.3472,0.0000,0.0000,0.0000,0.0834,1.3698,179.6154,0.028,12733,-0.0611,-0.0260,0.3769,0,4,0.117
149.502,0,4,1,0.6167,1.2333,0.2468,1.2274,175.3998,0.0000,0.0000,0.0000,0.1139,1.3925,179.4065,0.006,12739,-0.1210,0.0113,0.3699,0,4,0.139
149.600,0,4,1,0.6167,1.2333,0.2570,1.2254,175.0367,0.0000,0.0000,0.0000,0.3325,1.2060,174.4795,0.017,12743,-0.1288,0.0186,0.3598,0,4,0.117
149.700,0,4,1,0.6167,1.2333,0.2675,1.2232,175.1275,0.0000,0.0000,0.0000,0.3426,1.2007,174.0936,0.039,12746,-0.1287,0.0179,0.3493,0,4,0.117
149.799,0,4,1,0.6167,1.2333,0.2766,1.2210,175.1959,0.0000,0.0000,0.0000,0.3579,1.1988,173.9317,0.018,12751,-0.0699,-0.0415,0.3403,0,4,0.117
149.900,0,4,1,0.6167,1.2333,0.2896,1.2275,175.0216,0.0000,0.0000,0.0000,0.1154,1.3930,179.3499,0.011,12755,-0.0701,-0.0397,0.3272,0,4,0.117
149.999,0,4,1,0.6167,1.2333,0.3121,1.2308,174.8888,0.0000,0.0000,0.0000,0.3775,1.1996,173.9642,0.014,12760,-0.0702,-0.0387,0.3046,0,4,0.117
150.101,0,4,1,0.6167,1.2333,0.3268,1.2338,174.7716,0.0000,0.0000,0.0000,0.1135,1.3922,179.5849,0.018,12764,-0.0703,-0.0378,0.2899,0,4,0.117
150.202,0,4,1,0.6167,1.2333,0.3331,1.2378,174.8237,0.0000,0.0000,0.0000,0.3905,1.2022,173.8590,0.021,12767,-0.0711,-0.0356,0.2836,0,4,0.119
150.301,0,4,1,0.6167,1.2333,0.3395,1.2422,175.0557,0.0000,0.0000,0.0000,0.1790,1.4031,178.9434,0.010,12772,-0.1101,0.0049,0.2773,0,4,0.171
150.401,0,4,1,0.6167,1.2333,0.3502,1.2417,174.9705,0.0000,0.0000,0.0000,0.4094,1.2113,174.1240,0.020,12776,-0.0922,-0.0239,0.2666,0,4,0.160
150.502,0,4,1,0.6167,1.2333,0.3576,1.2447,175.0309,0.0000,0.0000,0.0000,0.2154,1.4052,178.7389,0.006,12781,-0.0840,-0.0427,0.2593,0,4,0.117
150.601,0,4,1,0.6167,1.2333,0.3654,1.2457,175.2468,0.0000,0.0000,0.0000,0.2812,1.0739,175.2813,0.046,12783,-0.0841,-0.0420,0.2515,0,4,0.117
150.700,0,4,1,0.6167,1.2333,0.3708,1.2496,175.2311,0.0000,0.0000,0.0000,0.2661,1.1413,174.5075,0.003,12789,-0.0841,-0.0403,0.2464,0,4,0.117
150.800,0,4,1,0.6167,1.2333,0.3773,1.2523,175.0083,0.0000,0.0000,0.0000,0.4488,1.2153,174.0231,0.019,12793,-0.0841,-0.0390,0.2401,0,4,0.117
150.899,0,4,1,0.6167,1.2333,0.3879,1.2540,175.1988,0.0000,0.0000,0.0000,0.4770,1.2171,169.1141,0.017,12797,-0.1208,0.0091,0.2297,0,4,0.155
151.001,0,4,1,0.6167,1.2333,0.3974,1.2543,175.4053,0.0000,0.0000,0.0000,0.4682,1.2186,174.2022,0.019,12802,-0.1000,-0.0306,0.2202,0,4,0.137
151.101,0,4,1,0.6167,1.2333,0.4057,1.2584,175.3565,0.0000,0.0000,0.0000,0.2002,1.4015,179.9009,0.006,12806,-0.0999,-0.0382,0.2125,0,4,0.117
151.199,0,4,1,0.6167,1.2333,0.4161,1.2597,175.3186,0.0000,0.0000,0.0000,0.4909,1.2140,174.1321,0.012,12811,-0.0999,-0.0370,0.2023,0,4,0.117
151.299,0,4,1,0.6167,1.2333,0.4246,1.2622,175.2915,0.0000,0.0000,0.0000,0.5007,1.1712,170.8623,0.003,12816,-0.0998,-0.0352,0.1942,0,4,0.117
151.399,0,4,1,0.6167,1.2333,0.4336,1.2649,175.3996,0.0000,0.0000,0.0000,0.5127,1.2204,174.4772,0.019,12820,-0.0996,-0.0040,0.1857,0,4,0.175
151.500,0,4,1,0.6167,1.2333,0.4453,1.2654,175.3906,0.0000,0.0000,0.0000,0.3272,1.4064,178.3653,0.006,12825,-0.0995,0.0099,0.1743,0,4,0.232
151.599,0,4,1,0.6167,1.2333,0.4572,1.2616,175.6368,0.0000,0.0000,0.0000,0.5340,1.2194,174.7523,0.018,12829,-0.1038,-0.0012,0.1620,0,4,0.178
151.701,0,4,1,0.6167,1.2333,0.4688,1.2619,175.3795,0.0000,0.0000,0.0000,0.3338,1.4049,178.7765,0.002,12834,-0.1153,-0.0279,0.1506,0,4,0.117
151.799,0,4,1,0.6167,1.2333,0.4786,1.2629,175.2824,0.0000,0.0000,0.0000,0.3390,1.4072,178.6486,0.036,12837,-0.0992,0.0125,0.1412,0,4,0.290
151.900,0,4,1,0.6167,1.2333,0.4909,1.2626,175.2532,0.0000,0.0000,0.0000,0.3380,1.4071,178.7199,0.010,12843,-0.1149,-0.0241,0.1291,0,4,0.117
152.000,0,4,1,0.6167,1.2333,0.5032,1.2632,175.2929,0.0000,0.0000,0.0000,0.5797,1.2105,174.7934,0.010,12847,-0.0984,0.0017,0.1173,0,4,0.167
152.100,0,4,1,0.6167,1.2333,0.5152,1.2601,175.2831,0.0000,0.0000,0.0000,0.5824,1.1870,170.7025,0.017,12850,-0.0890,-0.0008,0.1050,0,4,0.161
152.200,0,4,1,0.6167,1.2333,0.5268,1.2569,175.3488,0.0000,0.0000,0.0000,0.6016,1.2054,175.1419,0.019,12853,-0.0733,0.0126,0.0929,0,4,0.437
152.301,0,4,1,0.6167,1.2333,0.5365,1.2529,175.3368,0.0000,0.0000,0.0000,0.5987,1.1852,170.8372,0.015,12856,-0.0653,0.0101,0.0826,0,4,0.394
152.401,0,4,1,0.6167,1.2333,0.5455,1.2494,175.3535,0.0000,0.0000,0.0000,0.6086,1.1780,170.9714,0.013,12859,-0.0585,0.0073,0.0730,0,4,0.197
152.499,0,4,2,1.2333,1.2333,0.5535,1.2470,175.2104,0.0000,0.0000,0.0000,0.6089,1.1796,171.0351,0.044,12861,-0.0998,-0.0066,0.6800,0,4,0.480
152.599,0,4,2,1.2333,1.2333,0.5658,1.2440,175.0507,0.0000,0.0000,0.0000,0.6315,1.1990,175.1428,0.016,12865,-0.1019,-0.0091,0.6676,0,4,0.194
152.701,0,4,2,1.2333,1.2333,0.5790,1.2419,174.9630,0.0000,0.0000,0.0000,0.6321,1.1742,170.7963,0.018,12868,-0.1079,-0.0154,0.6544,0,4,0.177
152.799,0,4,2,1.2333,1.2333,0.5918,1.2406,175.1019,0.0000,0.0000,0.0000,0.6561,1.1933,175.2577,0.018,12871,-0.1068,-0.0145,0.6416,0,4,0.180
152.899,0,4,2,1.2333,1.2333,0.6016,1.2423,175.1924,0.0000,0.0000,0.0000,0.6545,1.1679,171.1026,0.015,12875,-0.1022,-0.0096,0.6318,0,4,0.193
152.999,0,4,2,1.2333,1.2333,0.6124,1.2420,175.2703,0.0000,0.0000,0.0000,0.6772,1.1950,175.6013,0.017,12880,-0.1004,-0.0079,0.6210,0,4,0.198
153.102,0,4,2,1.2333,1.2333,0.6233,1.2413,175.0544,0.0000,0.0000,0.0000,0.6750,1.1669,171.2305,0.020,12884,-0.0997,-0.0073,0.6101,0,4,0.232
153.199,0,4,2,1.2333,1.2333,0.6351,1.2385,175.2282,0.0000,0.0000,0.0000,0.7009,1.1879,175.7136,0.007,12888,-0.0997,-0.0077,0.5983,0,4,0.270
153.301,0,4,2,1.2333,1.2333,0.6516,1.2331,175.2216,0.0000,0.0000,0.0000,0.6929,1.1710,171.2295,0.017,12893,-0.0996,-0.0086,0.5817,0,4,0.230
153.401,0,4,2,1.2333,1.2333,0.6660,1.2295,175.1314,0.0000,0.0000,0.0000,0.7829,1.1439,174.7653,0.009,12897,-0.0996,-0.0092,0.5674,0,4,0.234
153.501,0,4,2,1.2333,1.2333,0.6789,1.2260,175.0378,0.0000,0.0000,0.0000,0.7156,1.1634,171.3105,0.019,12902,-0.0995,-0.0099,0.5545,0,4,0.286
153.599,0,4,2,1.2333,1.2333,0.6909,1.2235,175.1010,0.0000,0.0000,0.0000,0.7443,1.1805,176.2545,0.017,12906,-0.0995,-0.0104,0.5425,0,4,0.387
153.700,0,4,2,1.2333,1.2333,0.7042,1.2208,175.1266,0.0000,0.0000,0.0000,0.8040,1.1517,174.7522,0.006,12911,-0.0994,-0.0109,0.5293,0,4,0.324
153.802,0,4,2,1.2333,1.2333,0.7163,1.2196,175.1229,0.0000,0.0000,0.0000,0.7668,1.1763,176.6001,0.020,12916,-0.0994,-0.0112,0.5172,0,4,0.311
153.899,0,4,2,1.2333,1.2333,0.7277,1.2190,175.0478,0.0000,0.0000,0.0000,0.8216,1.1582,174.6611,0.038,12921,-0.0994,-0.0114,0.5059,0,4,0.317
154.002,0,4,2,1.2333,1.2333,0.7369,1.2196,175.2179,0.0000,0.0000,0.0000,0.8342,1.1595,174.8241,0.002,12929,-0.0994,-0.0113,0.4966,0,4,0.283
154.102,0,4,2,1.2333,1.2333,0.7489,1.2183,175.2814,0.0000,0.0000,0.0000,0.7777,1.1551,171.7105,0.020,12934,-0.0993,-0.0116,0.4846,0,4,0.291
154.201,0,4,2,1.2333,1.2333,0.7626,1.2157,175.0757,0.0000,0.0000,0.0000,0.8516,1.1634,174.6474,0.010,12939,-0.0993,-0.0121,0.4711,0,4,0.245
154.301,0,4,2,1.2333,1.2333,0.7740,1.2135,175.1200,0.0000,0.0000,0.0000,0.7895,1.1512,171.7911,0.017,12943,-0.0992,-0.0128,0.4598,0,4,0.235
154.399,0,4,2,1.2333,1.2333,0.7852,1.2116,175.1978,0.0000,0.0000,0.0000,0.8684,1.1667,174.6418,0.006,12948,-0.0991,-0.0134,0.4486,0,4,0.228
154.499,0,4,2,1.2333,1.2333,0.7987,1.2093,175.2377,0.0000,0.0000,0.0000,0.8143,1.1500,172.0597,0.015,12952,-0.0990,-0.0140,0.4353,0,4,0.222
154.602,0,4,2,1.2333,1.2333,0.8116,1.2078,175.1341,0.0000,0.0000,0.0000,0.8862,1.1709,174.5975,0.010,12956,-0.0989,-0.0146,0.4225,0,4,0.234
154.701,0,4,2,1.2333,1.2333,0.8228,1.2063,175.2856,0.0000,0.0000,0.0000,0.8324,1.1527,172.2669,0.006,12961,-0.0989,-0.0151,0.4114,0,4,0.226
154.800,0,4,2,1.2333,1.2333,0.8332,1.2048,175.2317,0.0000,0.0000,0.0000,0.8796,1.1546,177.7558,0.010,12965,-0.0988,-0.0156,0.4011,0,4,0.273
154.901,0,4,2,1.2333,1.2333,0.8461,1.2030,175.3381,0.0000,0.0000,0.0000,0.8558,1.1504,172.4333,0.016,12969,-0.0987,-0.0163,0.3885,0,4,0.223
155.000,0,4,2,1.2333,1.2333,0.8583,1.2016,175.2805,0.0000,0.0000,0.0000,0.9084,1.1469,178.4606,0.018,12974,-0.0986,-0.0169,0.3764,0,4,0.217
155.103,0,4,2,1.2333,1.2333,0.8702,1.2008,175.1766,0.0000,0.0000,0.0000,0.9279,1.1798,174.7442,0.030,12978,-0.0985,-0.0174,0.3646,0,4,0.217
155.201,0,4,2,1.2333,1.2333,0.8820,1.1991,175.2989,0.0000,0.0000,0.0000,0.8781,1.1500,172.3251,0.011,12983,-0.0983,-0.0182,0.3530,0,4,0.216
155.301,0,4,2,1.2333,1.2333,0.8934,1.1984,175.1871,0.0000,0.0000,0.0000,0.9444,1.1819,174.5922,0.036,12987,-0.0982,-0.0187,0.3417,0,4,0.235
155.402,0,4,2,1.2333,1.2333,0.9051,1.1969,175.2423,0.0000,0.0000,0.0000,0.9574,1.1864,174.4264,0.006,12993,-0.0981,-0.0195,0.3302,0,4,0.191
155.500,0,4,2,1.2333,1.2333,0.9168,1.1960,175.2415,0.0000,0.0000,0.0000,0.9163,1.1511,172.3964,0.017,12997,-0.0912,-0.0269,0.3187,0,4,0.181
155.603,0,4,2,1.2333,1.2333,0.9278,1.1971,175.3549,0.0000,0.0000,0.0000,0.9764,1.1880,174.7575,0.011,13000,-0.0873,-0.0308,0.3077,0,4,0.170
155.699,0,4,2,1.2333,1.2333,0.9370,1.1984,175.1668,0.0000,0.0000,0.0000,0.9852,1.2124,169.6234,0.012,13003,-0.0884,-0.0297,0.2984,0,4,0.173
155.800,0,4,2,1.2333,1.2333,0.9462,1.2003,175.2787,0.0000,0.0000,0.0000,0.9912,1.1939,174.3786,0.008,13005,-0.0835,-0.0344,0.2890,0,4,0.159
155.901,0,4,2,1.2333,1.2333,0.9571,1.2026,175.2006,0.0000,0.0000,0.0000,0.9986,1.1979,174.6668,0.037,13006,-0.0914,-0.0034,0.2779,0,4,0.162
156.000,0,4,2,1.2333,1.2333,0.9658,1.2023,175.2132,0.0000,0.0000,0.0000,1.0087,1.1983,174.3926,0.007,13008,-0.0882,0.0036,0.2693,0,4,0.149
156.101,0,4,2,1.2333,1.2333,0.9762,1.2006,175.2613,0.0000,0.0000,0.0000,1.0153,1.1995,174.4748,0.041,13009,-0.0819,0.0173,0.2592,0,4,0.117
156.200,0,4,2,1.2333,1.2333,0.9859,1.1982,175.3166,0.0000,0.0000,0.0000,1.0260,1.1975,174.3408,0.008,13011,-0.0816,0.0159,0.2499,0,4,0.117
156.301,0,4,2,1.2333,1.2333,0.9940,1.1954,175.2881,0.0000,0.0000,0.0000,0.9946,1.1577,172.2915,0.017,13013,-0.0812,0.0143,0.2423,0,4,0.117
156.401,0,4,2,1.2333,1.2333,1.0054,1.1922,175.3961,0.0000,0.0000,0.0000,1.2540,1.1057,-165.6303,0.018,13016,-0.0906,-0.0118,0.2316,0,4,0.169
156.503,0,4,2,1.2333,1.2333,1.0187,1.1913,175.5296,0.0000,0.0000,0.0000,1.0025,1.1432,172.7255,0.002,13021,-0.0961,-0.0276,0.2188,0,4,0.160
156.601,0,4,2,1.2333,1.2333,1.0324,1.1919,175.4209,0.0000,0.0000,0.0000,1.0562,1.1927,174.1203,0.009,13025,-0.0865,-0.0511,0.2052,0,4,0.151
156.700,0,4,2,1.2333,1.2333,1.0408,1.1952,175.2623,0.0000,0.0000,0.0000,1.0205,1.1439,172.4853,0.008,13028,-0.0802,-0.0661,0.1963,0,4,0.117
156.802,0,4,2,1.2333,1.2333,1.0498,1.2003,175.3319,0.0000,0.0000,0.0000,1.0738,1.2013,174.1384,0.009,13031,-0.0965,0.0154,0.1865,0,4,0.117
156.901,0,4,2,1.2333,1.2333,1.0584,1.1994,175.3155,0.0000,0.0000,0.0000,1.0381,1.1527,172.6435,0.019,13034,-0.0963,0.0144,0.1782,0,4,0.117
157.001,0,4,2,1.2333,1.2333,1.0687,1.1972,175.3598,0.0000,0.0000,0.0000,1.0911,1.2082,174.1481,0.009,13037,-0.0955,0.0118,0.1686,0,4,0.117
157.102,0,4,2,1.2333,1.2333,1.0773,1.1943,175.3222,0.0000,0.0000,0.0000,1.0578,1.1512,172.7284,0.020,13040,-0.0946,0.0090,0.1609,0,4,0.120
157.201,0,4,2,1.2333,1.2333,1.0876,1.1926,175.2766,0.0000,0.0000,0.0000,1.1093,1.2060,174.1792,0.008,13043,-0.0937,-0.0576,0.1513,0,4,0.155
157.299,0,4,2,1.2333,1.2333,1.0962,1.1946,175.1588,0.0000,0.0000,0.0000,1.0708,1.1478,173.0171,0.016,13046,-0.0936,-0.0523,0.1425,0,4,0.166
157.401,0,4,2,1.2333,1.2333,1.1068,1.1992,175.1151,0.0000,0.0000,0.0000,1.1272,1.2077,174.1388,0.007,13049,-0.1098,0.0041,0.1310,0,4,0.117
157.499,0,4,2,1.2333,1.2333,1.1166,1.1994,175.1978,0.0000,0.0000,0.0000,1.0950,1.1533,172.6995,0.015,13052,-0.1062,0.0023,0.1216,0,4,0.117
157.602,0,4,2,1.2333,1.2333,1.1270,1.1980,175.3018,0.0000,0.0000,0.0000,1.1041,1.1574,172.8294,0.051,13054,-0.0966,-0.0010,0.1121,0,4,0.117
157.699,0,4,2,1.2333,1.2333,1.1368,1.1966,175.0187,0.0000,0.0000,0.0000,1.1532,1.2142,174.3532,0.009,13058,-0.0833,-0.0145,0.1033,0,4,0.144
157.802,0,4,2,1.2333,1.2333,1.1447,1.1975,175.0926,0.0000,0.0000,0.0000,1.1173,1.1542,172.9321,0.050,13060,-0.0682,-0.0346,0.0956,0,4,0.212
157.907,0,4,2,1.2333,1.2333,1.1527,1.2001,175.0502,0.0000,0.0000,0.0000,1.1721,1.2139,174.2504,0.013,13063,-0.0677,-0.0459,0.0872,0,4,0.157
157.999,0,4,2,1.2333,1.2333,1.1590,1.2024,175.2078,0.0000,0.0000,0.0000,1.1361,1.1569,172.9121,0.019,13066,-0.0683,-0.0186,0.0806,0,4,0.151
158.102,0,4,2,1.2333,1.2333,1.1664,1.2041,175.0541,0.0000,0.0000,0.0000,1.1457,1.1616,173.0968,0.007,13070,-0.0657,-0.0143,0.0730,0,4,0.117
158.201,0,4,2,1.2333,1.2333,1.1720,1.2049,175.0756,0.0000,0.0000,0.0000,1.1917,1.2261,174.2183,0.009,13073,0.0000,0.0000,0.0676,0,4,0.117
158.299,0,4,2,1.2333,1.2333,1.1719,1.2040,174.9784,0.0000,0.0000,0.0000,1.1541,1.1609,173.0775,0.017,13076,0.0000,0.0000,0.0681,0,4,0.117
158.399,0,4,2,1.2333,1.2333,1.1721,1.2037,174.9782,0.0000,0.0000,0.0000,1.1953,1.2262,174.1193,0.006,13079,0.0000,0.0000,0.0680,0,4,0.117
158.499,0,4,2,1.2333,1.2333,1.1725,1.2031,174.9530,0.0000,0.0000,0.0000,1.1543,1.1613,173.0887,0.014,13082,0.0000,0.0000,0.0680,0,4,0.117
158.599,0,4,2,1.2333,1.2333,1.1729,1.2032,174.9503,0.0000,0.0000,0.0000,1.1952,1.2262,174.1218,0.008,13085,0.0000,0.0000,0.0675,0,4,0.117
158.699,0,4,2,1.2333,1.2333,1.1728,1.2023,174.9296,0.0000,0.0000,0.0000,1.1544,1.1613,173.0893,0.016,13088,0.0000,0.0000,0.0681,0,4,0.117
158.801,0,4,2,1.2333,1.2333,1.1731,1.2024,174.9270,0.0000,0.0000,0.0000,1.1952,1.2262,174.1221,0.010,13091,0.0000,0.0000,0.0677,0,4,0.117
158.901,0,4,2,1.2333,1.2333,1.1729,1.2015,174.9065,0.0000,0.0000,0.0000,1.1544,1.1613,173.0899,0.018,13094,0.0000,0.0000,0.0683,0,4,0.117
159.001,0,4,2,1.2333,1.2333,1.1730,1.2013,174.9054,0.0000,0.0000,0.0000,1.1952,1.2262,174.1226,0.002,13097,0.0000,0.0000,0.0683,0,4,0.117
159.101,0,4,2,1.2333,1.2333,1.1730,1.2008,174.8838,0.0000,0.0000,0.0000,1.1544,1.1613,173.0900,0.018,13100,0.0000,0.0000,0.0685,0,4,0.117
159.201,0,4,2,1.2333,1.2333,1.1731,1.2006,174.8859,0.0000,0.0000,0.0000,1.1544,1.1613,173.0900,0.024,13102,0.0000,0.0000,0.0686,1,5,0.117
159.303,0,4,2,1.2333,1.2333,1.1734,1.2007,174.8824,0.0000,0.0000,0.0000,1.1952,1.2262,174.1226,0.034,13105,0.0000,0.0000,0.0682,1,5,0.117
159.399,0,4,2,1.2333,1.2333,1.1731,1.2000,174.8633,0.0000,0.0000,0.0000,1.1952,1.2261,174.1217,0.007,13109,0.0000,0.0000,0.0688,1,5,0.117
159.502,0,4,2,1.2333,1.2333,1.1732,1.1996,174.8464,0.0000,0.0000,0.0000,1.1544,1.1613,173.0893,0.017,13112,0.0000,0.0000,0.0690,1,5,0.117
159.602,0,4,2,1.2333,1.2333,1.1734,1.1998,174.8476,0.0000,0.0000,0.0000,1.1952,1.2261,174.1227,0.008,13115,0.0000,0.0000,0.0687,1,5,0.117
159.701,0,4,2,1.2333,1.2333,1.1732,1.1991,174.8416,0.0000,0.0000,0.0000,1.1544,1.1615,173.0944,0.019,13118,0.0000,0.0000,0.0692,1,5,0.117
159.802,0,4,2,1.2333,1.2333,1.1735,1.1993,174.8413,0.0000,0.0000,0.0000,1.1953,1.2262,174.1187,0.006,13121,0.0000,0.0000,0.0689,1,5,0.117
159.901,0,4,2,1.2333,1.2333,1.1733,1.1986,174.8267,0.0000,0.0000,0.0000,1.1546,1.1615,173.0909,0.018,13124,0.0000,0.0000,0.0693,1,5,0.117
160.002,0,4,2,1.2333,1.2333,1.1736,1.1988,174.8290,0.0000,0.0000,0.0000,1.1952,1.2262,174.1243,0.010,13127,0.0000,0.0000,0.0690,1,5,0.117
160.102,0,4,2,1.2333,1.2333,1.1734,1.1982,174.8170,0.0000,0.0000,0.0000,1.1547,1.1616,173.0924,0.020,13130,0.0000,0.0000,0.0695,1,5,0.117
160.199,0,4,2,1.2333,1.2333,1.1734,1.1981,174.8193,0.0000,0.0000,0.0000,1.1951,1.2263,174.1259,0.006,13133,0.0000,0.0000,0.0695,1,5,0.117
160.302,0,4,2,1.2333,1.2333,1.1735,1.1978,174.8035,0.0000,0.0000,0.0000,1.1547,1.1616,173.0919,0.019,13136,0.0000,0.0000,0.0696,1,5,0.117
160.401,0,4,2,1.2333,1.2333,1.1735,1.1977,174.8103,0.0000,0.0000,0.0000,1.1952,1.2263,174.1247,0.046,13138,0.0000,0.0000,0.0696,1,5,0.117
160.501,0,4,2,1.2333,1.2333,1.1735,1.1975,174.7940,0.0000,0.0000,0.0000,1.1952,1.2263,174.1249,0.011,13142,0.0000,0.0000,0.0697,1,5,0.117
160.602,0,4,2,1.2333,1.2333,1.1736,1.1974,174.7981,0.0000,0.0000,0.0000,1.1548,1.1615,173.0904,0.050,13144,0.0000,0.0000,0.0697,1,5,0.117
160.699,0,4,2,1.2333,1.2333,1.1739,1.1977,174.7957,0.0000,0.0000,0.0000,1.1953,1.2263,174.1222,0.037,13147,0.0000,0.0000,0.0693,1,5,0.117
160.800,0,4,2,1.2333,1.2333,1.1739,1.1975,174.7845,0.0000,0.0000,0.0000,1.1953,1.2263,174.1226,0.009,13151,0.0000,0.0000,0.0694,1,5,0.117
160.899,0,4,2,1.2333,1.2333,1.1737,1.1969,174.7737,0.0000,0.0000,0.0000,1.1548,1.1615,173.0868,0.007,13154,0.0000,0.0000,0.0699,1,5,0.117
161.001,0,4,2,1.2333,1.2333,1.1740,1.1972,174.7765,0.0000,0.0000,0.0000,1.1953,1.2263,174.1231,0.009,13157,0.0000,0.0000,0.0695,1,5,0.117
161.101,0,4,2,1.2333,1.2333,1.1737,1.1966,174.7645,0.0000,0.0000,0.0000,1.1549,1.1615,173.0870,0.018,13160,0.0000,0.0000,0.0700,1,5,0.117
161.200,0,4,2,1.2333,1.2333,1.1740,1.1970,174.7690,0.0000,0.0000,0.0000,1.1953,1.2263,174.1236,0.008,13163,0.0000,0.0000,0.0696,1,5,0.117
161.302,0,4,2,1.2333,1.2333,1.1738,1.1964,174.7576,0.0000,0.0000,0.0000,1.1549,1.1615,173.0877,0.017,13166,0.0000,0.0000,0.0700,1,5,0.117
161.398,0,4,2,1.2333,1.2333,1.1738,1.1963,174.7608,0.0000,0.0000,0.0000,1.1953,1.2263,174.1238,0.007,13169,0.0000,0.0000,0.0701,1,5,0.117
161.501,0,4,2,1.2333,1.2333,1.1739,1.1962,174.7482,0.0000,0.0000,0.0000,1.1550,1.1615,173.0861,0.021,13172,0.0000,0.0000,0.0701,1,5,0.117
161.601,0,4,2,1.2333,1.2333,1.1742,1.1965,174.7505,0.0000,0.0000,0.0000,1.1954,1.2263,174.1210,0.007,13175,0.0000,0.0000,0.0697,1,5,0.117
161.701,0,4,2,1.2333,1.2333,1.1740,1.1960,174.7401,0.0000,0.0000,0.0000,1.1550,1.1615,173.0846,0.011,13178,0.0000,0.0000,0.0701,1,5,0.117
161.804,0,4,2,1.2333,1.2333,1.1740,1.1959,174.7472,0.0000,0.0000,0.0000,1.1953,1.2263,174.1227,0.002,13181,0.0000,0.0000,0.0701,1,5,0.117
161.900,0,4,2,1.2333,1.2333,1.1743,1.1963,174.7481,0.0000,0.0000,0.0000,1.1953,1.2263,174.1224,0.022,13183,0.0000,0.0000,0.0697,1,5,0.117
162.001,0,4,2,1.2333,1.2333,1.1741,1.1958,174.7386,0.0000,0.0000,0.0000,1.1551,1.1613,173.0796,0.021,13186,0.0000,0.0000,0.0702,1,5,0.117
162.101,0,4,2,1.2333,1.2333,1.1744,1.1961,174.7389,0.0000,0.0000,0.0000,1.1953,1.2263,174.1227,0.029,13189,0.0000,0.0000,0.0697,1,5,0.117
162.200,0,4,2,1.2333,1.2333,1.1744,1.1960,174.7268,0.0000,0.0000,0.0000,1.1953,1.2263,174.1224,0.008,13193,0.0000,0.0000,0.0698,1,5,0.117
162.299,0,4,2,1.2333,1.2333,1.1742,1.1955,174.7161,0.0000,0.0000,0.0000,1.1552,1.1614,173.0815,0.017,13196,0.0000,0.0000,0.0702,1,5,0.117
162.400,0,4,2,1.2333,1.2333,1.1745,1.1959,174.7197,0.0000,0.0000,0.0000,1.1953,1.2264,174.1229,0.006,13199,0.0000,0.0000,0.0698,1,5,0.117
162.500,0,4,2,1.2333,1.2333,1.1742,1.1954,174.7100,0.0000,0.0000,0.0000,1.1552,1.1614,173.0806,0.017,13202,0.0000,0.0000,0.0702,1,5,0.117
162.602,0,4,2,1.2333,1.2333,1.1745,1.1957,174.7147,0.0000,0.0000,0.0000,1.1952,1.2264,174.1264,0.009,13205,0.0000,0.0000,0.0698,1,5,0.117
162.700,0,4,2,1.2333,1.2333,1.1743,1.1952,174.7055,0.0000,0.0000,0.0000,1.1553,1.1612,173.0748,0.017,13208,0.0000,0.0000,0.0703,1,5,0.117
162.802,0,4,2,1.2333,1.2333,1.1746,1.1956,174.7091,0.0000,0.0000,0.0000,1.1952,1.2264,174.1262,0.010,13211,0.0000,0.0000,0.0698,1,5,0.117
162.901,0,4,2,1.2333,1.2333,1.1743,1.1951,174.6989,0.0000,0.0000,0.0000,1.1552,1.1613,173.0768,0.019,13214,0.0000,0.0000,0.0703,1,5,0.117
163.001,0,4,2,1.2333,1.2333,1.1746,1.1955,174.7049,0.0000,0.0000,0.0000,1.1952,1.2265,174.1273,0.007,13217,0.0000,0.0000,0.0698,1,5,0.117
163.098,0,4,2,1.2333,1.2333,1.1744,1.1950,174.6930,0.0000,0.0000,0.0000,1.1553,1.1613,173.0773,0.016,13220,0.0000,0.0000,0.0703,1,5,0.117
163.203,0,5,0,1.2333,1.2333,1.1744,1.1950,174.7054,0.0000,0.0000,0.0000,1.1953,1.2265,174.1261,0.050,13222,0.0000,0.0000,0.0703,1,5,0.117
163.302,0,5,0,1.2333,1.2333,1.1756,1.1953,174.6967,0.0000,0.0000,0.0000,1.1553,1.1613,173.0767,0.015,13226,-0.0599,-0.0178,0.0691,1,5,0.117
163.401,0,5,1,0.6167,1.2333,1.1804,1.1960,175.0928,0.0000,0.0000,0.0000,1.1968,1.2286,174.3234,0.011,13229,0.0706,0.0313,0.5650,1,5,0.117
163.500,0,5,1,0.6167,1.2333,1.1745,1.1935,175.2921,0.0000,0.0000,0.0000,1.1992,1.2261,174.8439,0.041,13231,0.0706,0.0308,0.5592,1,5,0.117
163.602,0,5,1,0.6167,1.2333,1.1683,1.1910,175.0413,0.0000,0.0000,0.0000,1.1978,1.2283,174.8243,0.010,13235,0.0707,0.0303,0.5532,1,5,0.117
163.702,0,5,1,0.6167,1.2333,1.1612,1.1887,175.1028,0.0000,0.0000,0.0000,1.1572,1.1615,173.2678,0.014,13238,0.0707,0.0297,0.5464,1,5,0.117
163.801,0,5,1,0.6167,1.2333,1.1543,1.1869,175.0753,0.0000,0.0000,0.0000,1.1823,1.2218,174.6977,0.009,13241,0.0707,0.0293,0.5397,1,5,0.117
163.901,0,5,1,0.6167,1.2333,1.1478,1.1843,175.1021,0.0000,0.0000,0.0000,1.1443,1.1545,173.2745,0.016,13244,0.0707,0.0287,0.5333,1,5,0.117
164.002,0,5,1,0.6167,1.2333,1.1407,1.1824,175.0318,0.0000,0.0000,0.0000,1.1694,1.2140,174.5874,0.009,13247,0.0706,0.0282,0.5265,1,5,0.117
164.099,0,5,1,0.6167,1.2333,1.1340,1.1800,174.9605,0.0000,0.0000,0.0000,1.1221,1.1491,173.2420,0.017,13250,0.0706,0.0276,0.5201,1,5,0.117
164.199,0,5,1,0.6167,1.2333,1.1270,1.1782,175.1651,0.0000,0.0000,0.0000,1.1552,1.2107,174.7763,0.007,13253,0.0706,0.0272,0.5133,1,5,0.117
164.299,0,5,1,0.6167,1.2333,1.1203,1.1759,175.0730,0.0000,0.0000,0.0000,1.1134,1.1470,173.2310,0.016,13256,0.0706,0.0266,0.5069,1,5,0.117
164.401,0,5,1,0.6167,1.2333,1.1133,1.1740,174.8803,0.0000,0.0000,0.0000,1.1029,1.1432,173.3999,0.050,13258,0.0706,0.0260,0.5002,1,5,0.117
164.499,0,5,1,0.6167,1.2333,1.1066,1.1720,174.9429,0.0000,0.0000,0.0000,1.0982,1.1423,172.8669,0.007,13262,0.0706,0.0255,0.4937,1,5,0.117
164.599,0,5,1,0.6167,1.2333,1.1003,1.1703,175.0838,0.0000,0.0000,0.0000,1.0976,1.1428,172.8877,0.054,13264,0.0706,0.0250,0.4878,1,5,0.117
164.699,0,5,1,0.6167,1.2333,1.0931,1.1686,174.9211,0.0000,0.0000,0.0000,1.1244,1.1971,174.7173,0.014,13267,0.0705,0.0244,0.4808,1,5,0.117
164.801,0,5,1,0.6167,1.2333,1.0857,1.1667,174.9281,0.0000,0.0000,0.0000,1.1152,1.1953,174.6759,0.010,13271,0.0705,0.0238,0.4738,1,5,0.117
164.901,0,5,1,0.6167,1.2333,1.0787,1.1646,174.9076,0.0000,0.0000,0.0000,1.0620,1.1362,173.0273,0.010,13274,0.0705,0.0232,0.4672,1,5,0.117
165.000,0,5,1,0.6167,1.2333,1.0727,1.1632,175.0079,0.0000,0.0000,0.0000,1.1020,1.1902,174.6395,0.005,13277,0.0704,0.0227,0.4614,1,5,0.117
165.099,0,5,1,0.6167,1.2333,1.0653,1.1613,174.9974,0.0000,0.0000,0.0000,1.0551,1.1313,172.9789,0.015,13280,0.0704,0.0220,0.4544,1,5,0.117
165.199,0,5,1,0.6167,1.2333,1.0590,1.1599,175.0408,0.0000,0.0000,0.0000,1.0901,1.1886,174.8741,0.008,13283,0.0703,0.0215,0.4484,1,5,0.117
165.301,0,5,1,0.6167,1.2333,1.0564,1.1577,175.2644,0.0000,0.0000,0.0000,1.0369,1.1299,173.1533,0.019,13287,0.0703,0.0209,0.4462,1,5,0.117
165.400,0,5,1,0.6167,1.2333,1.0549,1.1559,175.4757,0.0000,0.0000,0.0000,1.0760,1.1797,174.5491,0.009,13291,0.0703,0.0204,0.4450,1,5,0.117
165.499,0,5,1,0.6167,1.2333,1.0563,1.1535,175.7621,0.0000,0.0000,0.0000,1.0245,1.1274,172.7288,0.017,13296,0.0702,0.0200,0.4468,1,5,0.117
165.602,0,5,1,0.6167,1.2333,1.0577,1.1515,176.2768,0.0000,0.0000,0.0000,1.0618,1.1780,174.4301,0.009,13301,0.0702,0.0196,0.4486,1,5,0.117
165.700,0,5,1,0.6167,1.2333,1.0546,1.1496,176.2161,0.0000,0.0000,0.0000,1.0103,1.1243,172.5009,0.013,13305,0.0701,0.0190,0.4459,1,5,0.117
165.802,0,5,1,0.6167,1.2333,1.0555,1.1478,176.3491,0.0000,0.0000,0.0000,1.0471,1.1725,173.8335,0.009,13310,0.0701,0.0187,0.4471,1,5,0.117
165.901,0,5,1,0.6167,1.2333,1.0516,1.1460,176.2582,0.0000,0.0000,0.0000,0.9973,1.1261,171.5022,0.014,13314,0.0700,0.0181,0.4436,1,5,0.117
166.001,0,5,1,0.6167,1.2333,1.0514,1.1433,176.5246,0.0000,0.0000,0.0000,1.3223,1.0810,-162.3825,0.011,13318,0.0700,0.0175,0.4439,1,5,0.117
166.099,0,5,1,0.6167,1.2333,1.0464,1.1416,176.4056,0.0000,0.0000,0.0000,1.0262,1.1689,173.0782,0.027,13322,0.0699,0.0169,0.4394,1,5,0.117
166.199,0,5,1,0.6167,1.2333,1.0433,1.1388,176.4652,0.0000,0.0000,0.0000,1.0180,1.1674,172.7173,0.008,13328,0.0698,0.0161,0.4370,1,5,0.117
166.301,0,5,1,0.6167,1.2333,1.0374,1.1368,176.1420,0.0000,0.0000,0.0000,0.9704,1.1245,170.5841,0.007,13332,0.0697,0.0154,0.4316,1,5,0.117
166.402,0,5,1,0.6167,1.2333,1.0353,1.1346,176.0376,0.0000,0.0000,0.0000,1.0021,1.1640,171.8104,0.010,13337,0.0696,0.0148,0.4302,1,5,0.117
166.500,0,5,1,0.6167,1.2333,1.0299,1.1330,176.0914,0.0000,0.0000,0.0000,0.9562,1.1284,169.6661,0.013,13341,0.0695,0.0142,0.4253,1,5,0.117
166.602,0,5,1,0.6167,1.2333,1.0271,1.1309,176.2208,0.0000,0.0000,0.0000,0.9890,1.1630,171.6579,0.009,13346,0.0694,0.0135,0.4231,1,5,0.117
166.701,0,5,1,0.6167,1.2333,1.0194,1.1295,175.9367,0.0000,0.0000,0.0000,0.9459,1.1261,169.3574,0.014,13350,0.0693,0.0128,0.4159,1,5,0.117
166.801,0,5,1,0.6167,1.2333,1.0132,1.1283,175.7325,0.0000,0.0000,0.0000,1.1149,1.0471,-174.6959,0.008,13354,0.0692,0.0121,0.4102,1,5,0.117
166.899,0,5,1,0.6167,1.2333,1.0052,1.1265,175.5890,0.0000,0.0000,0.0000,0.9313,1.1268,168.9620,0.016,13359,0.0690,0.0112,0.4030,1,5,0.117
167.000,0,5,1,0.6167,1.2333,0.9972,1.1259,175.3939,0.0000,0.0000,0.0000,0.9612,1.1604,170.6692,0.009,13363,0.0689,0.0105,0.3955,1,5,0.117
167.099,0,5,1,0.6167,1.2333,0.9909,1.1240,175.4461,0.0000,0.0000,0.0000,0.9136,1.1272,168.6928,0.016,13368,0.0687,0.0096,0.3899,1,5,0.117
167.201,0,5,1,0.6167,1.2333,0.9853,1.1223,175.3936,0.0000,0.0000,0.0000,1.0961,1.0427,-174.3977,0.020,13372,0.0685,0.0088,0.3850,1,5,0.117
167.302,0,5,1,0.6167,1.2333,0.9770,1.1221,175.1686,0.0000,0.0000,0.0000,0.9010,1.1312,168.3142,0.013,13377,0.0684,0.0081,0.3771,1,5,0.117
167.403,0,5,1,0.6167,1.2333,0.9714,1.1205,175.2362,0.0000,0.0000,0.0000,1.0863,1.0392,-174.3301,0.024,13381,0.0682,0.0074,0.3723,1,5,0.117
167.502,0,5,1,0.6167,1.2333,0.9628,1.1211,175.0323,0.0000,0.0000,0.0000,0.9305,1.1581,170.4196,0.041,13385,0.0681,0.0067,0.3638,1,5,0.117
167.599,0,5,1,0.6167,1.2333,0.9548,1.1208,174.9835,0.0000,0.0000,0.0000,0.9207,1.1573,170.2732,0.005,13391,0.0679,0.0060,0.3564,1,5,0.117
167.700,0,5,1,0.6167,1.2333,0.9451,1.1218,174.7784,0.0000,0.0000,0.0000,0.8710,1.1352,168.0743,0.002,13395,0.0677,0.0054,0.3469,1,5,0.117
167.801,0,5,1,0.6167,1.2333,0.9358,1.1223,174.6798,0.0000,0.0000,0.0000,0.9086,1.1565,170.3321,0.011,13400,0.0676,0.0047,0.3379,1,5,0.117
167.899,0,5,1,0.6167,1.2333,0.9271,1.1230,174.6026,0.0000,0.0000,0.0000,0.8585,1.1359,168.0404,0.016,13404,0.0674,0.0040,0.3294,1,5,0.117
168.001,0,5,1,0.6167,1.2333,0.9180,1.1239,174.4771,0.0000,0.0000,0.0000,0.8969,1.1581,170.3711,0.009,13409,0.0672,0.0034,0.3206,1,5,0.117
168.102,0,5,1,0.6167,1.2333,0.9098,1.1249,174.5170,0.0000,0.0000,0.0000,0.8480,1.1414,167.8448,0.017,13413,0.0671,0.0028,0.3126,1,5,0.117
168.201,0,5,1,0.6167,1.2333,0.9027,1.1257,174.4497,0.0000,0.0000,0.0000,0.8860,1.1596,170.6374,0.009,13417,0.0669,0.0023,0.3056,1,5,0.117
168.299,0,5,1,0.6167,1.2333,0.8931,1.1273,174.4308,0.0000,0.0000,0.0000,0.8314,1.1415,168.1871,0.010,13422,0.0667,0.0016,0.2961,1,5,0.117
168.399,0,5,1,0.6167,1.2333,0.8861,1.1282,174.3855,0.0000,0.0000,0.0000,0.8598,1.1188,174.3492,0.002,13426,0.0666,0.0011,0.2892,1,5,0.117
168.499,0,5,1,0.6167,1.2333,0.8772,1.1295,174.4281,0.0000,0.0000,0.0000,0.8700,1.1575,170.7043,0.003,13431,0.0664,0.0004,0.2805,1,5,0.117
168.600,0,5,1,0.6167,1.2333,0.8696,1.1309,174.2982,0.0000,0.0000,0.0000,0.8439,1.1262,174.2434,0.025,13435,0.0662,-0.0001,0.2729,1,5,0.117
168.699,0,5,1,0.6167,1.2333,0.8614,1.1325,174.3811,0.0000,0.0000,0.0000,0.8569,1.1572,170.6312,0.029,13439,0.0660,-0.0007,0.2647,1,5,0.117
168.801,0,5,1,0.6167,1.2333,0.8532,1.1340,174.3977,0.0000,0.0000,0.0000,0.8091,1.1482,168.3180,0.016,13444,0.0658,-0.0013,0.2565,1,5,0.117
168.899,0,5,1,0.6167,1.2333,0.8449,1.1359,174.2819,0.0000,0.0000,0.0000,0.7940,1.1503,168.5819,0.008,13449,0.0657,-0.0019,0.2482,1,5,0.117
169.002,0,5,1,0.6167,1.2333,0.8377,1.1373,174.3256,0.0000,0.0000,0.0000,0.8408,1.1597,171.1808,0.007,13454,0.0654,-0.0025,0.2410,1,5,0.117
169.099,0,5,1,0.6167,1.2333,0.8300,1.1392,174.3619,0.0000,0.0000,0.0000,0.7895,1.1522,168.5447,0.016,13458,0.0653,-0.0030,0.2332,1,5,0.117
169.201,0,5,1,0.6167,1.2333,0.8224,1.1411,174.3031,0.0000,0.0000,0.0000,0.8289,1.1572,171.2941,0.009,13463,0.0651,-0.0036,0.2255,1,5,0.117
169.299,0,5,1,0.6167,1.2333,0.8152,1.1428,174.4247,0.0000,0.0000,0.0000,0.7757,1.1572,168.5924,0.011,13467,0.0649,-0.0042,0.2182,1,5,0.117
169.401,0,5,1,0.6167,1.2333,0.8078,1.1447,174.4695,0.0000,0.0000,0.0000,0.8175,1.1594,171.6232,0.011,13472,0.0646,-0.0048,0.2107,1,5,0.117
169.502,0,5,1,0.6167,1.2333,0.7954,1.1519,174.4745,0.0000,0.0000,0.0000,0.5761,1.4050,176.4602,0.011,13478,0.0649,-0.0042,0.1964,1,5,0.117
169.600,0,5,1,0.6167,1.2333,0.7863,1.1561,174.4283,0.0000,0.0000,0.0000,0.8057,1.1580,171.6000,0.008,13484,0.0649,-0.0042,0.1864,1,5,0.117
169.701,0,5,1,0.6167,1.2333,0.7769,1.1601,174.5289,0.0000,0.0000,0.0000,0.7450,1.1596,169.1794,0.006,13489,0.0648,-0.0043,0.1761,1,5,0.117
169.799,0,5,1,0.6167,1.2333,0.7706,1.1614,174.3672,0.0000,0.0000,0.0000,0.7975,1.1602,171.9388,0.007,13494,0.0645,-0.0051,0.1699,1,5,0.117
169.902,0,5,1,0.6167,1.2333,0.7643,1.1628,174.4882,0.0000,0.0000,0.0000,0.7413,1.1672,168.8084,0.018,13498,0.0642,-0.0059,0.1636,1,5,0.117
170.001,0,5,1,0.6167,1.2333,0.7577,1.1644,174.6757,0.0000,0.0000,0.0000,0.7455,1.1747,174.4014,0.019,13502,0.0639,-0.0067,0.1570,1,5,0.117
170.100,0,5,1,0.6167,1.2333,0.7512,1.1660,174.6530,0.0000,0.0000,0.0000,0.7247,1.1699,169.5067,0.007,13507,0.0636,-0.0076,0.1505,1,5,0.117
170.202,0,5,1,0.6167,1.2333,0.7451,1.1676,174.5085,0.0000,0.0000,0.0000,0.7754,1.1597,172.2822,0.011,13512,0.0633,-0.0084,0.1443,1,5,0.117
170.299,0,5,1,0.6167,1.2333,0.7389,1.1692,174.6384,0.0000,0.0000,0.0000,0.7726,1.1613,172.3707,0.042,13515,0.0629,-0.0094,0.1380,1,5,0.117
170.399,0,5,1,0.6167,1.2333,0.7323,1.1712,174.5485,0.0000,0.0000,0.0000,0.7643,1.1572,172.3142,0.008,13521,0.0625,-0.0103,0.1313,1,5,0.117
170.502,0,5,1,0.6167,1.2333,0.7261,1.1731,174.4016,0.0000,0.0000,0.0000,0.6954,1.1827,169.3638,0.018,13525,0.0621,-0.0112,0.1250,1,5,0.117
170.600,0,5,1,0.6167,1.2333,0.7199,1.1752,174.7845,0.0000,0.0000,0.0000,0.7561,1.1601,172.6105,0.008,13530,0.0585,-0.0115,0.1185,1,5,0.117
170.700,0,5,1,0.6167,1.2333,0.7109,1.1819,174.6121,0.0000,0.0000,0.0000,0.6934,1.1871,169.5484,0.002,13536,0.0534,-0.0094,0.1074,1,5,0.117
170.801,0,5,1,0.6167,1.2333,0.7034,1.1860,174.6616,0.0000,0.0000,0.0000,0.7465,1.1598,172.5828,0.009,13542,0.0492,-0.0086,0.0988,1,5,0.117
170.899,0,5,1,0.6167,1.2333,0.6949,1.1920,174.6525,0.0000,0.0000,0.0000,0.6775,1.1892,169.8360,0.006,13548,0.0444,-0.0068,0.0885,1,5,0.117
171.000,0,5,1,0.6167,1.2333,0.6884,1.1965,174.6482,0.0000,0.0000,0.0000,0.7383,1.1615,172.6317,0.008,13553,0.0408,-0.0055,0.0807,1,5,0.117
171.099,0,5,1,0.6167,1.2333,0.6845,1.1972,174.6435,0.0000,0.0000,0.0000,0.6673,1.1951,169.8606,0.013,13558,0.0385,-0.0061,0.0769,1,5,0.117
171.199,0,5,2,0.6167,0.6167,0.6819,1.1969,174.5730,0.0000,0.0000,0.0000,0.6758,1.2135,174.2678,0.026,13562,-0.0267,0.1293,0.5839,1,5,0.117
171.300,0,5,2,0.6167,0.6167,0.6835,1.1852,174.7256,0.0000,0.0000,0.0000,0.7287,1.1571,172.5377,0.007,13567,-0.0262,0.1293,0.5725,1,5,0.117
171.402,0,5,2,0.6167,0.6167,0.6848,1.1735,174.8233,0.0000,0.0000,0.0000,0.6725,1.2052,174.6962,0.026,13571,-0.0257,0.1293,0.5610,1,5,0.117
171.502,0,5,2,0.6167,0.6167,0.6838,1.1639,174.9114,0.0000,0.0000,0.0000,0.4720,1.3936,177.7226,0.007,13577,-0.0259,0.1293,0.5513,1,5,0.117
171.605,0,5,2,0.6167,0.6167,0.6832,1.1529,175.0763,0.0000,0.0000,0.0000,0.6713,1.1755,169.7649,0.011,13582,-0.0256,0.1293,0.5403,1,5,0.117
171.702,0,5,2,0.6167,0.6167,0.6853,1.1401,174.9648,0.0000,0.0000,0.0000,0.7445,1.0946,174.0269,0.041,13586,-0.0249,0.1292,0.5279,1,5,0.117
171.802,0,5,2,0.6167,0.6167,0.6872,1.1263,175.0679,0.0000,0.0000,0.0000,0.7465,1.0733,174.0855,0.011,13592,-0.0244,0.1292,0.5145,1,5,0.117
171.907,0,5,2,0.6167,0.6167,0.6887,1.1127,175.1532,0.0000,0.0000,0.0000,0.6652,1.1225,170.5307,0.012,13596,-0.0235,0.1292,0.5012,1,5,0.117
171.999,0,5,2,0.6167,0.6167,0.6898,1.1018,174.9843,0.0000,0.0000,0.0000,0.7603,1.0487,174.9545,0.006,13601,-0.0229,0.1291,0.4906,1,5,0.117
172.102,0,5,2,0.6167,0.6167,0.6879,1.0915,175.0204,0.0000,0.0000,0.0000,0.6698,1.1000,170.0619,0.013,13607,-0.0230,0.1291,0.4801,1,5,0.117
172.199,0,5,2,0.6167,0.6167,0.6876,1.0819,175.0900,0.0000,0.0000,0.0000,0.6773,1.0893,175.2578,0.002,13613,-0.0228,0.1291,0.4706,1,5,0.117
172.301,0,5,2,0.6167,0.6167,0.6863,1.0702,175.1410,0.0000,0.0000,0.0000,0.6592,1.0748,170.4197,0.006,13619,-0.0227,0.1291,0.4588,1,5,0.117
172.402,0,5,2,0.6167,0.6167,0.6878,1.0563,175.2089,0.0000,0.0000,0.0000,0.6774,1.0576,175.2029,0.010,13623,-0.0219,0.1291,0.4453,1,5,0.117
172.500,0,5,2,0.6167,0.6167,0.6910,1.0436,175.2170,0.0000,0.0000,0.0000,0.6647,1.0510,170.3584,0.007,13629,-0.0207,0.1290,0.4334,1,5,0.117
172.601,0,5,2,0.6167,0.6167,0.6915,1.0323,175.1856,0.0000,0.0000,0.0000,0.5989,1.1220,168.5062,0.019,13633,-0.0201,0.1289,0.4223,1,5,0.117
172.699,0,5,2,0.6167,0.6167,0.6932,1.0196,175.3424,0.0000,0.0000,0.0000,0.6578,1.0312,170.5548,0.013,13638,-0.0192,0.1288,0.4102,1,5,0.117
172.802,0,5,2,0.6167,0.6167,0.6937,1.0061,174.8965,0.0000,0.0000,0.0000,0.6022,1.1011,168.6325,0.007,13642,-0.0184,0.1287,0.3970,1,5,0.117
172.900,0,5,2,0.6167,0.6167,0.6951,0.9944,175.1123,0.0000,0.0000,0.0000,0.8358,0.9616,179.2290,0.026,13646,-0.0175,0.1286,0.3858,1,5,0.117
173.000,0,5,2,0.6167,0.6167,0.6943,0.9838,175.0203,0.0000,0.0000,0.0000,0.8383,0.9350,179.3462,0.009,13652,-0.0171,0.1286,0.3752,1,5,0.117
173.101,0,5,2,0.6167,0.6167,0.6963,0.9691,175.0776,0.0000,0.0000,0.0000,0.6668,0.9870,169.9803,0.006,13656,-0.0157,0.1284,0.3613,1,5,0.117
173.199,0,5,2,0.6167,0.6167,0.6958,0.9595,175.0184,0.0000,0.0000,0.0000,0.8473,0.9000,179.4664,0.008,13661,-0.0153,0.1284,0.3519,1,5,0.117
173.300,0,5,2,0.6167,0.6167,0.6980,0.9454,175.0748,0.0000,0.0000,0.0000,0.8507,0.8906,179.5331,0.042,13664,-0.0137,0.1281,0.3387,1,5,0.117
173.401,0,5,2,0.6167,0.6167,0.6997,0.9332,175.1436,0.0000,0.0000,0.0000,0.8962,0.9112,-177.5300,0.009,13670,-0.0123,0.1279,0.3272,1,5,0.117
173.500,0,5,2,0.6167,0.6167,0.7005,0.9216,175.1652,0.0000,0.0000,0.0000,0.8996,0.9008,-177.4757,0.045,13673,-0.0112,0.1277,0.3162,1,5,0.117
173.599,0,5,2,0.6167,0.6167,0.7006,0.9109,175.0742,0.0000,0.0000,0.0000,0.9062,0.8837,-177.4340,0.002,13679,-0.0103,0.1275,0.3060,1,5,0.117
173.699,0,5,2,0.6167,0.6167,0.7002,0.8995,175.2293,0.0000,0.0000,0.0000,0.6107,0.9687,170.3322,0.031,13681,-0.0093,0.1273,0.2949,1,5,0.117
173.799,0,5,2,0.6167,0.6167,0.6977,0.8865,175.2347,0.0000,0.0000,0.0000,0.6524,0.9116,169.9963,0.042,13684,-0.0089,0.1272,0.2818,1,5,0.117
173.902,0,5,2,0.6167,0.6167,0.6948,0.8753,175.1314,0.0000,0.0000,0.0000,0.6479,0.8970,170.0935,0.007,13688,-0.0089,0.1272,0.2702,1,5,0.117
174.001,0,5,2,0.6167,0.6167,0.6920,0.8633,175.2452,0.0000,0.0000,0.0000,0.6672,0.8349,175.4828,0.021,13691,-0.0084,0.1271,0.2579,1,5,0.117
174.102,0,5,2,0.6167,0.6167,0.6902,0.8508,174.9973,0.0000,0.0000,0.0000,0.6449,0.8742,170.2625,0.019,13694,-0.0077,0.1270,0.2454,1,5,0.117
174.202,0,5,2,0.6167,0.6167,0.6887,0.8381,174.8600,0.0000,0.0000,0.0000,0.6639,0.8097,175.1893,0.020,13697,-0.0067,0.1268,0.2329,1,5,0.117
174.301,0,5,2,0.6167,0.6167,0.6880,0.8251,175.2719,0.0000,0.0000,0.0000,0.6616,0.8020,175.1532,0.057,13698,-0.0052,0.1264,0.2203,1,5,0.117
174.401,0,5,2,0.6167,0.6167,0.6868,0.8118,175.2375,0.0000,0.0000,0.0000,0.6585,0.7865,175.5206,0.026,13700,-0.0037,0.1260,0.2074,1,5,0.117
174.499,0,5,2,0.6167,0.6167,0.6858,0.7987,175.3678,0.0000,0.0000,0.0000,0.6576,0.7767,175.4206,0.056,13701,-0.0020,0.1255,0.1947,1,5,0.117
174.601,0,5,2,0.6167,0.6167,0.6843,0.7857,175.5533,0.0000,0.0000,0.0000,0.6581,0.7554,175.8393,0.024,13703,-0.0003,0.1250,0.1820,1,5,0.117
174.703,0,5,2,0.6167,0.6167,0.6831,0.7728,176.3405,0.0000,0.0000,0.0000,0.6547,0.7514,175.8273,0.060,13704,0.0470,0.0567,0.1697,1,5,0.117
174.802,0,5,2,0.6167,0.6167,0.6783,0.7653,177.5035,0.0000,0.0000,0.0000,0.6481,0.7506,177.2167,0.027,13706,0.0304,0.0538,0.1609,1,5,0.117
174.899,0,5,2,0.6167,0.6167,0.6745,0.7599,178.2645,0.0000,0.0000,0.0000,0.6378,0.7581,177.7032,0.056,13707,0.0294,0.0541,0.1545,1,5,0.117
175.003,0,5,2,0.6167,0.6167,0.6713,0.7544,178.6312,0.0000,0.0000,0.0000,0.6608,0.7461,179.7568,0.071,13708,0.0288,0.0543,0.1482,1,5,0.117
175.101,0,5,2,0.6167,0.6167,0.6680,0.7489,178.9032,0.0000,0.0000,0.0000,0.6517,0.7522,-179.8013,0.045,13710,0.0281,0.0545,0.1418,1,5,0.117
175.202,0,5,2,0.6167,0.6167,0.6644,0.7424,179.0983,0.0000,0.0000,0.0000,0.6453,0.7540,-179.4693,0.010,13712,0.0274,0.0547,0.1345,1,5,0.117
175.302,0,5,2,0.6167,0.6167,0.6614,0.7364,178.9626,0.0000,0.0000,0.0000,0.6420,0.7564,-179.3161,0.059,13713,0.0428,0.0580,0.1278,1,5,0.117
175.400,0,5,2,0.6167,0.6167,0.6570,0.7313,179.3046,0.0000,0.0000,0.0000,0.6377,0.7548,-179.1338,0.025,13715,0.0243,0.0538,0.1216,1,5,0.117
175.500,0,5,2,0.6167,0.6167,0.6539,0.7263,179.2032,0.0000,0.0000,0.0000,0.6343,0.7570,-178.9779,0.059,13716,0.0075,0.0544,0.1158,1,5,0.117
175.601,0,5,2,0.6167,0.6167,0.6525,0.7218,179.2053,0.0000,0.0000,0.0000,0.6413,0.7518,-178.3856,0.022,13718,0.0073,0.0522,0.1111,1,5,0.117
175.699,0,5,2,0.6167,0.6167,0.6502,0.7158,179.6138,0.0000,0.0000,0.0000,0.5612,0.6337,-178.4672,0.015,13720,0.0066,0.0492,0.1046,1,5,0.117
175.800,0,5,2,0.6167,0.6167,0.6480,0.7114,179.3688,0.0000,0.0000,0.0000,0.6422,0.7507,-177.5341,0.023,13723,0.0058,0.0471,0.0998,1,5,0.117
175.899,0,5,2,0.6167,0.6167,0.6445,0.7049,179.2555,0.0000,0.0000,0.0000,0.5608,0.6366,-178.2516,0.018,13726,0.0044,0.0438,0.0925,1,5,0.117
176.002,0,5,2,0.6167,0.6167,0.6427,0.7008,179.1388,0.0000,0.0000,0.0000,0.6436,0.7455,-177.7312,0.020,13729,0.0038,0.0420,0.0881,1,5,0.117
176.099,0,5,2,0.6167,0.6167,0.6383,0.6958,179.2399,0.0000,0.0000,0.0000,0.5226,0.6565,-177.8622,0.017,13732,0.0014,0.0394,0.0821,1,5,0.117
176.199,0,5,2,0.6167,0.6167,0.6365,0.6926,179.0987,0.0000,0.0000,0.0000,0.6376,0.7378,-177.9050,0.027,13735,0.0007,0.0378,0.0785,1,5,0.117
176.303,0,5,3,0.6167,0.0000,0.6340,0.6902,178.8969,0.0000,0.0000,0.0000,0.5981,0.7722,176.5922,0.021,13738,-0.0219,0.0615,0.6904,1,5,0.117
176.401,0,5,3,0.6167,0.0000,0.6333,0.6883,178.3810,0.0000,0.0000,0.0000,0.5419,0.8238,176.5718,0.009,13741,-0.0220,0.0615,0.6885,1,5,0.117
176.499,0,5,3,0.6167,0.0000,0.6326,0.6868,177.5374,0.0000,0.0000,0.0000,0.5454,0.8197,176.3115,0.011,13744,-0.0356,0.0705,0.6869,1,5,0.117
176.601,0,5,3,0.6167,0.0000,0.6323,0.6849,177.0574,0.0000,0.0000,0.0000,0.5544,0.8100,175.5623,0.013,13747,-0.0222,0.0615,0.6851,1,5,0.117
176.702,0,5,3,0.6167,0.0000,0.6322,0.6829,176.5797,0.0000,0.0000,0.0000,0.5970,0.7731,174.4057,0.019,13750,-0.0222,0.0615,0.6831,1,5,0.117
176.801,0,5,3,0.6167,0.0000,0.6321,0.6805,175.9368,0.0000,0.0000,0.0000,0.5606,0.8009,174.8985,0.025,13753,-0.0222,0.0615,0.6807,1,5,0.117
176.899,0,5,3,0.6167,0.0000,0.6326,0.6768,175.4425,0.0000,0.0000,0.0000,0.5616,0.7968,174.6910,0.051,13755,-0.0221,0.0615,0.6770,1,5,0.117
176.999,0,5,3,0.6167,0.0000,0.6313,0.6770,175.1636,0.0000,0.0000,0.0000,0.5671,0.7879,174.2013,0.019,13759,-0.0223,0.0615,0.6772,1,5,0.117
177.101,0,5,3,0.6167,0.0000,0.6317,0.6731,175.0578,0.0000,0.0000,0.0000,0.5679,0.7854,174.0669,0.056,13761,-0.0447,0.0839,0.6732,1,5,0.117
177.199,0,5,3,0.6167,0.0000,0.6294,0.6673,175.0309,0.0000,0.0000,0.0000,0.5696,0.7765,174.0318,0.018,13765,-0.0225,0.0614,0.6675,1,5,0.117
177.302,0,5,3,0.6167,0.0000,0.6270,0.6614,174.9708,0.0000,0.0000,0.0000,0.5069,0.6210,177.9250,0.020,13768,-0.0453,0.0839,0.6615,1,5,0.117
177.402,0,5,3,0.6167,0.0000,0.6271,0.6558,175.1731,0.0000,0.0000,0.0000,0.5726,0.7655,173.8917,0.021,13771,-0.0364,0.0704,0.6559,1,5,0.117
177.502,0,5,3,0.6167,0.0000,0.6265,0.6483,175.2076,0.0000,0.0000,0.0000,0.5077,0.6053,178.4667,0.021,13774,-0.0229,0.0614,0.6484,1,5,0.117
177.602,0,5,3,0.6167,0.0000,0.6256,0.6439,175.1263,0.0000,0.0000,0.0000,0.5788,0.7475,174.0601,0.020,13777,-0.0231,0.0614,0.6440,1,5,0.117
177.701,0,5,3,0.6167,0.0000,0.6238,0.6377,175.1740,0.0000,0.0000,0.0000,0.5125,0.5914,178.0733,0.019,13780,-0.0233,0.0614,0.6377,1,5,0.117
177.799,0,5,3,0.6167,0.0000,0.6238,0.6323,175.2918,0.0000,0.0000,0.0000,0.5122,0.5867,178.2371,0.052,13782,-0.0449,0.0842,0.6323,1,5,0.119
177.902,0,5,3,0.6167,0.0000,0.6238,0.6241,175.3305,0.0000,0.0000,0.0000,0.5116,0.5763,178.3624,0.019,13786,-0.0368,0.0704,0.6241,1,5,0.117
178.002,0,5,3,0.6167,0.0000,0.6245,0.6185,175.3385,0.0000,0.0000,0.0000,0.5892,0.7156,174.2116,0.020,13789,-0.0367,0.0704,0.6185,1,5,0.117
178.099,0,5,3,0.6167,0.0000,0.6244,0.6110,175.4676,0.0000,0.0000,0.0000,0.5175,0.5589,178.4883,0.023,13792,-0.0238,0.0997,0.6111,1,5,0.167
178.199,0,5,3,0.6167,0.0000,0.6238,0.6034,175.3864,0.0000,0.0000,0.0000,0.5957,0.7007,174.3039,0.018,13795,-0.0254,0.0923,0.6035,1,5,0.161
178.302,0,5,3,0.6167,0.0000,0.6245,0.5947,175.4743,0.0000,0.0000,0.0000,0.5987,0.6925,174.2622,0.054,13797,-0.0456,0.0839,0.5948,1,5,0.117
178.401,0,5,3,0.6167,0.0000,0.6248,0.5870,175.6416,0.0000,0.0000,0.0000,0.5164,0.5350,178.6169,0.011,13801,-0.0455,0.0839,0.5871,1,5,0.117
178.499,0,5,3,0.6167,0.0000,0.6258,0.5774,175.5822,0.0000,0.0000,0.0000,0.5233,0.5243,178.6853,0.008,13804,-0.0485,0.0998,0.5775,1,5,0.117
178.601,0,5,3,0.6167,0.0000,0.6276,0.5694,175.4404,0.0000,0.0000,0.0000,0.6069,0.6627,174.3021,0.021,13807,-0.0481,0.0998,0.5695,1,5,0.117
178.699,0,5,3,0.6167,0.0000,0.6287,0.5588,175.4020,0.0000,0.0000,0.0000,0.5251,0.5035,178.5584,0.017,13810,-0.0479,0.0998,0.5589,1,5,0.117
178.801,0,5,3,0.6167,0.0000,0.6309,0.5501,175.3857,0.0000,0.0000,0.0000,0.6184,0.6384,174.3666,0.024,13813,-0.0002,0.1137,0.5503,1,5,0.117
178.899,0,5,3,0.6167,0.0000,0.6293,0.5388,175.5207,0.0000,0.0000,0.0000,0.5287,0.4842,178.5012,0.014,13816,-0.0477,0.0998,0.5390,1,5,0.117
179.002,0,5,3,0.6167,0.0000,0.6318,0.5290,175.4429,0.0000,0.0000,0.0000,0.5294,0.4750,178.6663,0.057,13818,-0.0002,0.1132,0.5292,1,5,0.117
179.101,0,5,3,0.6167,0.0000,0.6300,0.5189,175.5315,0.0000,0.0000,0.0000,0.5264,0.4594,178.7678,0.021,13822,-0.0475,0.0998,0.5191,1,5,0.117
179.201,0,5,3,0.6167,0.0000,0.6335,0.5102,175.5399,0.0000,0.0000,0.0000,0.7050,0.5694,178.2035,0.009,13826,-0.0468,0.0999,0.5105,1,5,0.117
179.301,0,5,3,0.6167,0.0000,0.6354,0.5007,175.5900,0.0000,0.0000,0.0000,0.5275,0.4377,178.6635,0.011,13830,-0.0463,0.0999,0.5011,1,5,0.117
179.402,0,5,3,0.6167,0.0000,0.6385,0.4928,175.7929,0.0000,0.0000,0.0000,0.7007,0.5690,178.4670,0.007,13835,-0.0456,0.0999,0.4933,1,5,0.117
179.503,0,5,3,0.6167,0.0000,0.6415,0.4825,175.6999,0.0000,0.0000,0.0000,0.7133,0.5343,178.1375,0.008,13839,-0.0449,0.0999,0.4831,1,5,0.117
179.599,0,5,3,0.6167,0.0000,0.6441,0.4753,175.6350,0.0000,0.0000,0.0000,0.6449,0.5469,174.5354,0.017,13843,-0.0443,0.1000,0.4761,1,5,0.117
179.699,0,5,3,0.6167,0.0000,0.6469,0.4651,175.8573,0.0000,0.0000,0.0000,0.5275,0.3936,178.8981,0.009,13848,-0.0436,0.1000,0.4661,1,5,0.117
179.799,0,5,3,0.6167,0.0000,0.6494,0.4574,175.7847,0.0000,0.0000,0.0000,0.6479,0.5270,174.6291,0.017,13852,-0.0429,0.1000,0.4586,1,5,0.117
179.899,0,5,3,0.6167,0.0000,0.6501,0.4451,175.6247,0.0000,0.0000,0.0000,0.5216,0.3680,179.1475,0.007,13855,-0.0426,0.1000,0.4464,1,5,0.117
179.999,0,5,3,0.6167,0.0000,0.6519,0.4352,175.7033,0.0000,0.0000,0.0000,0.6663,0.3878,178.6524,0.018,13858,-0.0420,0.1000,0.4367,1,5,0.117
180.101,0,5,3,0.6167,0.0000,0.6524,0.4228,175.6685,0.0000,0.0000,0.0000,0.5150,0.3440,179.3322,0.019,13861,-0.0416,0.1000,0.4243,1,5,0.117
180.199,0,5,3,0.6167,0.0000,0.6546,0.4118,175.7403,0.0000,0.0000,0.0000,0.6866,0.3654,178.9363,0.019,13864,-0.0409,0.1000,0.4135,1,5,0.117
180.302,0,5,3,0.6167,0.0000,0.6548,0.3990,175.6259,0.0000,0.0000,0.0000,0.5080,0.3190,179.5803,0.022,13867,-0.0406,0.1000,0.4008,1,5,0.117
180.402,0,5,3,0.6167,0.0000,0.6571,0.3868,175.7404,0.0000,0.0000,0.0000,0.6903,0.3521,178.3919,0.014,13870,-0.0399,0.1000,0.3889,1,5,0.117
180.502,0,5,3,0.6167,0.0000,0.6592,0.3734,175.8179,0.0000,0.0000,0.0000,0.6672,0.2708,177.0317,0.020,13873,-0.0387,0.1000,0.3758,1,5,0.117
180.601,0,5,3,0.6167,0.0000,0.6603,0.3632,175.6595,0.0000,0.0000,0.0000,0.6998,0.3369,178.6493,0.038,13875,-0.0381,0.0999,0.3658,1,5,0.117
180.699,0,5,3,0.6167,0.0000,0.6604,0.3489,175.8163,0.0000,0.0000,0.0000,0.4786,0.2618,-179.6456,0.014,13879,-0.0376,0.0999,0.3516,1,5,0.117
180.802,0,5,3,0.6167,0.0000,0.6625,0.3370,175.9612,0.0000,0.0000,0.0000,0.7123,0.3102,178.5021,0.026,13882,-0.0367,0.0999,0.3401,1,5,0.117
180.902,0,5,3,0.6167,0.0000,0.6613,0.3234,175.8526,0.0000,0.0000,0.0000,0.4608,0.2272,-178.7315,0.018,13885,-0.0363,0.0999,0.3264,1,5,0.117
181.002,0,5,3,0.6167,0.0000,0.6628,0.3121,175.8083,0.0000,0.0000,0.0000,0.7158,0.2949,177.9145,0.026,13888,-0.0355,0.0998,0.3155,1,5,0.117
181.103,0,5,3,0.6167,0.0000,0.6665,0.3005,175.8475,0.0000,0.0000,0.0000,0.7172,0.2912,177.7530,0.056,13890,-0.0336,0.0997,0.3046,1,5,0.117
181.201,0,5,3,0.6167,0.0000,0.6708,0.2878,175.8326,0.0000,0.0000,0.0000,0.7171,0.2784,177.4788,0.021,13894,-0.0315,0.0995,0.2928,1,5,0.117
181.299,0,5,3,0.6167,0.0000,0.6744,0.2752,175.6490,0.0000,0.0000,0.0000,0.6879,0.1888,176.2711,0.018,13897,-0.0294,0.0993,0.2811,1,5,0.117
181.399,0,5,3,0.6167,0.0000,0.6784,0.2636,175.7033,0.0000,0.0000,0.0000,0.7380,0.2535,177.5601,0.025,13900,-0.0271,0.0990,0.2708,1,5,0.117
181.502,0,5,3,0.6167,0.0000,0.6813,0.2515,175.6725,0.0000,0.0000,0.0000,0.6891,0.1757,175.9496,0.025,13903,-0.0250,0.0986,0.2596,1,5,0.117
181.601,0,5,3,0.6167,0.0000,0.6846,0.2402,175.5532,0.0000,0.0000,0.0000,0.7337,0.2348,177.1494,0.026,13906,-0.0226,0.0982,0.2496,1,5,0.117
181.700,0,5,3,0.6167,0.0000,0.6870,0.2284,175.7408,0.0000,0.0000,0.0000,0.6923,0.1525,175.7825,0.015,13909,0.0246,0.1061,0.2390,1,5,0.182
181.801,0,5,3,0.6167,0.0000,0.6870,0.2179,175.7651,0.0000,0.0000,0.0000,0.6924,0.1405,176.0320,0.052,13911,0.0240,0.1011,0.2290,1,5,0.192
181.901,0,5,3,0.6167,0.0000,0.6879,0.2049,175.7415,0.0000,0.0000,0.0000,0.6934,0.1311,175.8574,0.027,13915,-0.0168,0.0969,0.2169,1,5,0.117
182.002,0,5,3,0.6167,0.0000,0.6896,0.1944,175.7242,0.0000,0.0000,0.0000,0.6925,0.1273,175.6864,0.060,13917,-0.0145,0.0963,0.2076,1,5,0.117
182.100,0,5,3,0.6167,0.0000,0.6917,0.1836,175.8591,0.0000,0.0000,0.0000,0.6904,0.1112,175.7843,0.023,13921,-0.0117,0.0955,0.1983,1,5,0.117
182.199,0,5,3,0.6167,0.0000,0.6937,0.1731,175.7258,0.0000,0.0000,0.0000,0.7443,0.1721,177.4561,0.024,13924,-0.0088,0.0945,0.1894,1,5,0.117
182.300,0,5,3,0.6167,0.0000,0.6944,0.1617,175.6208,0.0000,0.0000,0.0000,0.7456,0.1663,177.1471,0.058,13926,-0.0060,0.0935,0.1794,1,5,0.117
182.402,0,5,3,0.6167,0.0000,0.6939,0.1457,175.5173,0.0000,0.0000,0.0000,0.5903,-0.2251,166.4041,0.006,13932,-0.0024,0.0920,0.1649,1,5,0.117
182.500,0,5,3,0.6167,0.0000,0.6910,0.1276,175.3354,0.0000,0.0000,0.0000,0.6937,0.0730,175.3345,0.009,13936,0.0013,0.0904,0.1477,1,5,0.117
182.601,0,5,3,0.6167,0.0000,0.6903,0.1123,175.2792,0.0000,0.0000,0.0000,0.7521,0.1333,177.0933,0.026,13940,0.0060,0.0880,0.1343,1,5,0.117
182.700,0,5,3,0.6167,0.0000,0.6884,0.0983,175.2775,0.0000,0.0000,0.0000,0.6963,0.0524,175.2306,0.011,13944,0.0542,0.0743,0.1217,1,5,0.180
182.801,0,5,3,0.6167,0.0000,0.6867,0.0939,175.3363,0.0000,0.0000,0.0000,0.7387,0.1206,176.7145,0.027,13948,0.0105,0.0797,0.1172,1,5,0.117
182.899,0,5,3,0.6167,0.0000,0.6847,0.0847,175.3062,0.0000,0.0000,0.0000,0.5887,-0.2688,166.5572,0.008,13954,0.0124,0.0722,0.1087,1,5,0.117
182.999,0,5,3,0.6167,0.0000,0.6834,0.0767,175.3227,0.0000,0.0000,0.0000,0.7368,0.1042,176.7410,0.019,13959,0.0496,0.0698,0.1016,1,5,0.189
183.101,0,5,3,0.6167,0.0000,0.6778,0.0637,175.1007,0.0000,0.0000,0.0000,0.6795,0.0206,175.2754,0.006,13966,0.0150,0.0550,0.0883,1,5,0.117
183.201,0,5,3,0.6167,0.0000,0.6766,0.0583,175.0587,0.0000,0.0000,0.0000,0.6984,0.2149,176.1102,0.003,13972,0.0160,0.0506,0.0836,1,5,0.117
183.300,0,5,3,0.6167,0.0000,0.6733,0.0475,174.9704,0.0000,0.0000,0.0000,0.5897,-0.2698,166.9240,0.006,13978,0.0174,0.0417,0.0739,1,5,0.117
183.402,0,5,4,0.6167,-0.6167,0.6731,0.0428,175.1803,0.0000,0.0000,0.0000,0.6952,0.2159,176.5714,0.009,13984,-0.0415,0.1000,0.6619,1,5,0.117
183.499,0,5,4,0.6167,-0.6167,0.6771,0.0320,175.1333,0.0000,0.0000,0.0000,0.7425,-0.1575,170.8403,0.006,13990,-0.0408,0.1000,0.6514,1,5,0.117
183.601,0,5,4,0.6167,-0.6167,0.6829,0.0215,175.2106,0.0000,0.0000,0.0000,0.7429,-0.1519,171.0321,0.017,13995,-0.0397,0.1000,0.6416,1,5,0.117
183.701,0,5,4,0.6167,-0.6167,0.6871,0.0139,175.2366,0.0000,0.0000,0.0000,0.7076,0.1911,176.6303,0.029,14000,-0.0389,0.1000,0.6345,1,5,0.117
183.799,0,5,4,0.6167,-0.6167,0.6923,0.0045,175.4325,0.0000,0.0000,0.0000,0.7048,0.1917,177.0994,0.002,14008,-0.0380,0.0999,0.6258,1,5,0.117
183.904,0,5,4,0.6167,-0.6167,0.6974,-0.0044,175.4720,0.0000,0.0000,0.0000,0.7480,-0.1710,171.6323,0.016,14013,-0.0370,0.0999,0.6175,1,5,0.117
183.999,0,5,4,0.6167,-0.6167,0.7011,-0.0137,175.5307,0.0000,0.0000,0.0000,0.7353,0.0263,176.7524,0.018,14019,-0.0362,0.0999,0.6088,1,5,0.117
184.102,0,5,4,0.6167,-0.6167,0.7055,-0.0253,175.6061,0.0000,0.0000,0.0000,0.7518,-0.2053,171.4531,0.012,14026,-0.0352,0.0998,0.5980,1,5,0.117
184.199,0,5,4,0.6167,-0.6167,0.7091,-0.0340,175.5802,0.0000,0.0000,0.0000,0.7159,0.1615,177.6252,0.003,14032,-0.0343,0.0997,0.5900,1,5,0.117
184.301,0,5,4,0.6167,-0.6167,0.7130,-0.0454,175.4965,0.0000,0.0000,0.0000,0.7534,-0.2346,171.1675,0.012,14038,-0.0334,0.0997,0.5793,1,5,0.117
184.400,0,5,4,0.6167,-0.6167,0.7174,-0.0532,175.6342,0.0000,0.0000,0.0000,0.7263,0.1150,176.9948,0.007,14044,-0.0324,0.0996,0.5724,1,5,0.117
184.499,0,5,4,0.6167,-0.6167,0.7213,-0.0625,175.5364,0.0000,0.0000,0.0000,0.8003,-0.0911,173.3567,0.009,14050,-0.0314,0.0995,0.5640,1,5,0.117
184.606,0,5,4,0.6167,-0.6167,0.7245,-0.0707,175.5148,0.0000,0.0000,0.0000,0.7252,0.1152,177.2694,0.010,14055,-0.0307,0.0994,0.5565,1,5,0.117
184.700,0,5,4,0.6167,-0.6167,0.7278,-0.0806,175.3198,0.0000,0.0000,0.0000,0.7560,-0.2714,170.9919,0.017,14062,-0.0297,0.0993,0.5475,1,5,0.117
184.802,0,5,4,0.6167,-0.6167,0.7305,-0.0911,175.4345,0.0000,0.0000,0.0000,0.7654,-0.0681,176.6642,0.027,14067,-0.0288,0.0992,0.5378,1,5,0.117
184.905,0,5,4,0.6167,-0.6167,0.7326,-0.0994,175.4098,0.0000,0.0000,0.0000,0.7085,0.0370,176.1185,0.018,14073,-0.0281,0.0991,0.5301,1,5,0.117
184.999,0,5,4,0.6167,-0.6167,0.7358,-0.1084,175.4014,0.0000,0.0000,0.0000,0.7705,-0.0851,176.6685,0.021,14079,-0.0271,0.0990,0.5221,1,5,0.117
185.105,0,5,4,0.6167,-0.6167,0.7377,-0.1194,175.4561,0.0000,0.0000,0.0000,0.7082,0.0367,176.3886,0.005,14084,-0.0263,0.0988,0.5118,1,5,0.117
185.199,0,5,4,0.6167,-0.6167,0.7394,-0.1302,175.3756,0.0000,0.0000,0.0000,0.6873,-0.0516,174.7798,0.002,14092,-0.0254,0.0987,0.5017,1,5,0.117
185.300,0,5,4,0.6167,-0.6167,0.7408,-0.1401,175.4710,0.0000,0.0000,0.0000,0.7068,-0.1811,175.0219,0.009,14098,-0.0247,0.0986,0.4924,1,5,0.117
185.401,0,5,4,0.6167,-0.6167,0.7425,-0.1491,175.4569,0.0000,0.0000,0.0000,0.6872,-0.0515,175.1935,0.008,14104,0.0213,0.0897,0.4842,1,5,0.181
185.502,0,5,4,0.6167,-0.6167,0.7423,-0.1573,175.6839,0.0000,0.0000,0.0000,0.7833,-0.1393,174.4233,0.014,14110,-0.0235,0.0984,0.4763,1,5,0.117
185.602,0,5,4,0.6167,-0.6167,0.7442,-0.1665,175.7052,0.0000,0.0000,0.0000,0.7165,-0.0597,176.0383,0.007,14116,-0.0226,0.0982,0.4679,1,5,0.117
185.701,0,5,4,0.6167,-0.6167,0.7457,-0.1770,175.5115,0.0000,0.0000,0.0000,0.7788,-0.2176,173.6029,0.008,14122,-0.0216,0.0980,0.4582,1,5,0.117
185.800,0,5,4,0.6167,-0.6167,0.7478,-0.1866,175.5090,0.0000,0.0000,0.0000,0.7854,-0.1700,176.8944,0.022,14126,-0.0206,0.0978,0.4496,1,5,0.117
185.901,0,5,4,0.6167,-0.6167,0.7497,-0.1977,175.5802,0.0000,0.0000,0.0000,0.7762,-0.2654,173.0992,0.016,14130,-0.0195,0.0976,0.4396,1,5,0.117
185.999,0,5,4,0.6167,-0.6167,0.7513,-0.2068,175.5229,0.0000,0.0000,0.0000,0.7928,-0.1986,177.1415,0.003,14133,-0.0185,0.0973,0.4314,1,5,0.117
186.101,0,5,4,0.6167,-0.6167,0.7535,-0.2192,175.6379,0.0000,0.0000,0.0000,0.7934,-0.2013,177.0134,0.002,14136,-0.0172,0.0970,0.4204,1,5,0.117
186.200,0,5,4,0.6167,-0.6167,0.7572,-0.2275,175.6843,0.0000,0.0000,0.0000,0.7865,-0.2180,176.9264,0.016,14140,-0.0157,0.0966,0.4138,1,5,0.117
186.300,0,5,4,0.6167,-0.6167,0.7613,-0.2347,175.6165,0.0000,0.0000,0.0000,0.8891,-0.1470,177.7687,0.023,14144,-0.0142,0.0962,0.4084,1,5,0.117
186.402,0,5,4,0.6167,-0.6167,0.7641,-0.2453,175.5535,0.0000,0.0000,0.0000,0.7800,-0.2628,173.6334,0.009,14148,-0.0127,0.0958,0.3995,1,5,0.117
186.501,0,5,4,0.6167,-0.6167,0.7682,-0.2530,175.6579,0.0000,0.0000,0.0000,0.7637,-0.2939,173.5876,0.011,14154,-0.0111,0.0953,0.3940,1,5,0.117
186.599,0,5,4,0.6167,-0.6167,0.7705,-0.2605,175.8235,0.0000,0.0000,0.0000,0.8907,-0.1809,177.7049,0.006,14159,-0.0099,0.0949,0.3879,1,5,0.117
186.701,0,5,4,0.6167,-0.6167,0.7733,-0.2699,175.6867,0.0000,0.0000,0.0000,0.7549,-0.3191,173.6787,0.010,14163,-0.0083,0.0943,0.3805,1,5,0.117
186.801,0,5,4,0.6167,-0.6167,0.7732,-0.2774,175.6080,0.0000,0.0000,0.0000,0.8905,-0.1805,177.8247,0.007,14168,-0.0075,0.0941,0.3736,1,5,0.117
186.902,0,5,4,0.6167,-0.6167,0.7714,-0.2851,175.4112,0.0000,0.0000,0.0000,0.7550,-0.3192,173.6871,0.011,14172,-0.0071,0.0939,0.3659,1,5,0.117
186.999,0,5,4,0.6167,-0.6167,0.7670,-0.2905,175.2783,0.0000,0.0000,0.0000,0.8914,-0.1818,177.7950,0.003,14177,-0.0076,0.0941,0.3591,1,5,0.117
187.102,0,5,4,0.6167,-0.6167,0.7668,-0.2985,175.2842,0.0000,0.0000,0.0000,0.7408,-0.3496,173.7256,0.017,14181,-0.0067,0.0938,0.3519,1,5,0.117
187.202,0,5,4,0.6167,-0.6167,0.7632,-0.3064,175.2618,0.0000,0.0000,0.0000,0.5468,-0.2217,169.1910,0.008,14185,-0.0067,0.0937,0.3431,1,5,0.117
187.300,0,5,4,0.6167,-0.6167,0.7636,-0.3139,175.4444,0.0000,0.0000,0.0000,0.7462,-0.3790,173.5649,0.014,14190,-0.0057,0.0934,0.3365,1,5,0.117
187.402,0,5,4,0.6167,-0.6167,0.7640,-0.3220,175.3889,0.0000,0.0000,0.0000,0.9035,-0.2290,178.1848,0.007,14194,-0.0046,0.0929,0.3295,1,5,0.117
187.500,0,5,4,0.6167,-0.6167,0.7604,-0.3295,175.2222,0.0000,0.0000,0.0000,0.7488,-0.3782,173.8356,0.012,14199,-0.0046,0.0929,0.3211,1,5,0.117
187.602,0,5,4,0.6167,-0.6167,0.7564,-0.3366,175.2570,0.0000,0.0000,0.0000,0.5765,-0.2931,170.7640,0.018,14203,-0.0046,0.0930,0.3129,1,5,0.117
187.701,0,5,4,0.6167,-0.6167,0.7546,-0.3457,175.3744,0.0000,0.0000,0.0000,0.9217,-0.2608,178.4425,0.007,14207,-0.0039,0.0927,0.3040,1,5,0.117
187.800,0,5,4,0.6167,-0.6167,0.7530,-0.3539,175.1426,0.0000,0.0000,0.0000,0.5763,-0.3132,170.9903,0.020,14212,-0.0032,0.0924,0.2961,1,5,0.117
187.900,0,5,4,0.6167,-0.6167,0.7539,-0.3626,175.2533,0.0000,0.0000,0.0000,0.9218,-0.2604,178.5926,0.042,14216,-0.0017,0.0917,0.2887,1,5,0.117
187.999,0,5,4,0.6167,-0.6167,0.7505,-0.3723,175.2740,0.0000,0.0000,0.0000,0.9212,-0.2579,178.9649,0.002,14222,-0.0011,0.0915,0.2786,1,5,0.117
188.099,0,5,4,0.6167,-0.6167,0.7509,-0.3825,175.2844,0.0000,0.0000,0.0000,0.7087,-0.5143,173.1130,0.016,14226,0.0006,0.0907,0.2699,1,5,0.117
188.199,0,5,4,0.6167,-0.6167,0.7470,-0.3890,175.2290,0.0000,0.0000,0.0000,0.7916,-0.2573,177.1378,0.008,14231,0.0006,0.0907,0.2624,1,5,0.117
188.302,0,5,4,0.6167,-0.6167,0.7461,-0.3994,175.2349,0.0000,0.0000,0.0000,0.7043,-0.5179,173.2872,0.023,14235,0.0021,0.0900,0.2529,1,5,0.117
188.400,0,5,4,0.6167,-0.6167,0.7435,-0.4089,175.4961,0.0000,0.0000,0.0000,0.7673,-0.3169,176.4088,0.002,14240,0.0031,0.0895,0.2435,1,5,0.117
188.499,0,5,4,0.6167,-0.6167,0.7411,-0.4160,175.3279,0.0000,0.0000,0.0000,0.7035,-0.5432,173.5711,0.013,14244,0.0037,0.0892,0.2361,1,5,0.117
188.602,0,5,4,0.6167,-0.6167,0.7378,-0.4263,175.1166,0.0000,0.0000,0.0000,0.7684,-0.3356,176.2174,0.003,14248,0.0048,0.0887,0.2256,1,5,0.117
188.701,0,5,4,0.6167,-0.6167,0.7334,-0.4363,175.1184,0.0000,0.0000,0.0000,0.6986,-0.5615,173.1482,0.017,14253,0.0055,0.0883,0.2149,1,5,0.117
188.800,0,5,4,0.6167,-0.6167,0.7310,-0.4443,175.1819,0.0000,0.0000,0.0000,0.7793,-0.3434,176.7438,0.007,14257,0.0064,0.0878,0.2068,1,5,0.117
188.899,0,5,4,0.6167,-0.6167,0.7266,-0.4546,175.2553,0.0000,0.0000,0.0000,0.7820,-0.3462,176.9678,0.006,14262,0.0074,0.0873,0.1958,1,5,0.117
189.001,0,5,4,0.6167,-0.6167,0.7234,-0.4621,175.1583,0.0000,0.0000,0.0000,0.6066,-0.4502,172.7908,0.020,14266,0.0081,0.0869,0.1878,1,5,0.117
189.100,0,5,4,0.6167,-0.6167,0.7211,-0.4725,175.1597,0.0000,0.0000,0.0000,0.6925,-0.6044,173.2273,0.006,14271,0.0100,0.0857,0.1780,1,5,0.117
189.201,0,5,4,0.6167,-0.6167,0.7185,-0.4811,175.2333,0.0000,0.0000,0.0000,0.6096,-0.4701,173.0510,0.007,14277,0.0115,0.0848,0.1695,1,5,0.117
189.300,0,5,4,0.6167,-0.6167,0.7174,-0.4901,175.1122,0.0000,0.0000,0.0000,0.6895,-0.6264,173.3302,0.006,14284,0.0138,0.0833,0.1618,1,5,0.117
189.399,0,5,4,0.6167,-0.6167,0.7143,-0.4973,175.1116,0.0000,0.0000,0.0000,0.7775,-0.4037,176.8897,0.006,14290,0.0149,0.0826,0.1542,1,5,0.117
189.502,0,5,4,0.6167,-0.6167,0.7128,-0.5076,175.1375,0.0000,0.0000,0.0000,0.6834,-0.6577,172.9677,0.016,14296,0.0178,0.0805,0.1454,1,5,0.117
189.599,0,5,4,0.6167,-0.6167,0.7101,-0.5151,175.1200,0.0000,0.0000,0.0000,0.7832,-0.4137,177.2464,0.008,14302,0.0196,0.0791,0.1380,1,5,0.117
189.700,0,5,4,0.6167,-0.6167,0.7080,-0.5246,175.1020,0.0000,0.0000,0.0000,0.7861,-0.5326,170.9132,0.012,14308,0.0226,0.0767,0.1297,1,5,0.117
189.803,0,5,4,0.6167,-0.6167,0.7047,-0.5321,175.1569,0.0000,0.0000,0.0000,0.7659,-0.4525,176.8046,0.011,14314,0.0236,0.0738,0.1221,1,5,0.117
189.902,0,5,4,0.6167,-0.6167,0.7025,-0.5410,175.0501,0.0000,0.0000,0.0000,0.6735,-0.6854,173.2721,0.017,14320,0.0252,0.0664,0.1144,1,5,0.117
190.003,0,5,4,0.6167,-0.6167,0.6983,-0.5483,174.8900,0.0000,0.0000,0.0000,0.5990,-0.5387,173.3511,0.009,14325,0.0250,0.0601,0.1065,1,5,0.117
190.100,0,5,4,0.6167,-0.6167,0.6967,-0.5552,175.0898,0.0000,0.0000,0.0000,0.7813,-0.5611,170.4968,0.016,14332,0.0261,0.0544,0.1009,1,5,0.117
190.200,0,5,4,0.6167,-0.6167,0.6945,-0.5600,175.0267,0.0000,0.0000,0.0000,0.7565,-0.4856,176.9139,0.002,14338,0.0262,0.0505,0.0963,1,5,0.117
190.300,0,5,4,0.6167,-0.6167,0.6915,-0.5667,174.9524,0.0000,0.0000,0.0000,0.7568,-0.4859,176.9311,0.013,14344,0.0264,0.0450,0.0900,1,5,0.117
190.401,0,5,4,0.6167,-0.6167,0.6881,-0.5709,174.8565,0.0000,0.0000,0.0000,0.5917,-0.5636,173.6611,0.012,14349,0.0257,0.0414,0.0849,1,5,0.117
190.499,0,5,4,0.6167,-0.6167,0.6842,-0.5741,174.9329,0.0000,0.0000,0.0000,0.7754,-0.5807,170.2083,0.004,14355,0.0509,0.0386,0.0798,1,5,0.214
190.602,0,5,5,0.0000,-0.6167,0.6782,-0.5791,174.9678,0.0000,0.0000,0.0000,0.6404,-0.4838,176.9855,0.008,14362,0.0575,0.0141,0.6793,1,5,0.117
190.700,0,5,5,0.0000,-0.6167,0.6726,-0.5824,174.9661,0.0000,0.0000,0.0000,0.6469,-0.7416,173.1097,0.020,14367,0.0576,0.0136,0.6735,1,5,0.117
190.800,0,5,5,0.0000,-0.6167,0.6661,-0.5830,174.8651,0.0000,0.0000,0.0000,0.6398,-0.4837,177.0368,0.007,14374,0.0576,0.0136,0.6670,1,5,0.117
190.902,0,5,5,0.0000,-0.6167,0.6610,-0.5857,174.9765,0.0000,0.0000,0.0000,0.6379,-0.7353,173.2757,0.018,14380,0.0576,0.0132,0.6618,1,5,0.117
191.001,0,5,5,0.0000,-0.6167,0.6543,-0.5870,174.9902,0.0000,0.0000,0.0000,0.6403,-0.4837,177.3681,0.002,14386,0.0576,0.0131,0.6550,1,5,0.117
191.099,0,5,5,0.0000,-0.6167,0.6481,-0.5890,175.0431,0.0000,0.0000,0.0000,0.6275,-0.7389,173.3285,0.014,14392,0.0577,0.0128,0.6487,1,5,0.117
191.202,0,5,5,0.0000,-0.6167,0.6404,-0.5890,174.9526,0.0000,0.0000,0.0000,0.6161,-0.4764,177.5455,0.011,14398,0.0577,0.0127,0.6410,1,5,0.117
191.302,0,5,5,0.0000,-0.6167,0.6350,-0.5917,174.9647,0.0000,0.0000,0.0000,0.6163,-0.7432,173.1526,0.015,14404,0.0577,0.0125,0.6354,1,5,0.117
191.407,0,5,5,0.0000,-0.6167,0.6284,-0.5917,174.9035,0.0000,0.0000,0.0000,0.6148,-0.4762,177.5218,0.013,14409,0.0577,0.0125,0.6289,1,5,0.117
191.499,0,5,5,0.0000,-0.6167,0.6226,-0.5942,175.0318,0.0000,0.0000,0.0000,0.6041,-0.7481,173.1246,0.013,14416,0.0578,0.0122,0.6230,1,5,0.117
191.602,0,5,5,0.0000,-0.6167,0.6153,-0.5952,174.9717,0.0000,0.0000,0.0000,0.5282,-0.5815,173.9457,0.021,14421,0.0578,0.0120,0.6157,1,5,0.117
191.700,0,5,5,0.0000,-0.6167,0.6092,-0.5967,175.0050,0.0000,0.0000,0.0000,0.5850,-0.4822,177.5842,0.008,14428,0.0578,0.0118,0.6096,1,5,0.117
191.800,0,5,5,0.0000,-0.6167,0.6030,-0.5974,174.9628,0.0000,0.0000,0.0000,0.5164,-0.5835,174.0160,0.018,14433,0.0993,0.0117,0.6033,1,5,0.210
191.899,0,5,5,0.0000,-0.6167,0.5951,-0.5971,175.0049,0.0000,0.0000,0.0000,0.5848,-0.4821,177.6141,0.027,14438,0.0578,0.0118,0.5954,1,5,0.117
192.000,0,5,5,0.0000,-0.6167,0.5876,-0.5986,175.0055,0.0000,0.0000,0.0000,0.5607,-0.4956,177.3069,0.006,14446,0.0578,0.0116,0.5879,1,5,0.117
192.101,0,5,5,0.0000,-0.6167,0.5826,-0.6026,174.9360,0.0000,0.0000,0.0000,0.6686,-0.6238,171.3740,0.013,14452,0.0579,0.0110,0.5827,1,5,0.117
192.201,0,5,5,0.0000,-0.6167,0.5762,-0.6050,175.1231,0.0000,0.0000,0.0000,0.5593,-0.4955,177.3426,0.011,14458,0.0579,0.0106,0.5763,1,5,0.117
192.300,0,5,5,0.0000,-0.6167,0.5711,-0.6086,175.1578,0.0000,0.0000,0.0000,0.5559,-0.7545,173.1271,0.014,14464,0.0580,0.0100,0.5712,1,5,0.117
192.401,0,5,5,0.0000,-0.6167,0.5639,-0.6109,175.1561,0.0000,0.0000,0.0000,0.5300,-0.5104,177.0205,0.007,14470,0.0580,0.0096,0.5639,1,5,0.117
192.502,0,5,5,0.0000,-0.6167,0.5592,-0.6133,175.1465,0.0000,0.0000,0.0000,0.5461,-0.7502,173.1060,0.013,14476,0.0581,0.0092,0.5592,1,5,0.117
192.604,0,5,5,0.0000,-0.6167,0.5527,-0.6143,175.2507,0.0000,0.0000,0.0000,0.5297,-0.5104,177.0869,0.009,14481,0.0581,0.0090,0.5527,1,5,0.117
192.699,0,5,5,0.0000,-0.6167,0.5477,-0.6183,175.2488,0.0000,0.0000,0.0000,0.5349,-0.7514,173.1687,0.016,14488,0.0582,0.0083,0.5477,1,5,0.117
192.799,0,5,5,0.0000,-0.6167,0.5426,-0.6200,175.2152,0.0000,0.0000,0.0000,0.5286,-0.5102,177.0764,0.004,14493,0.0582,0.0080,0.5426,1,5,0.117
192.900,0,5,5,0.0000,-0.6167,0.5358,-0.6224,175.2250,0.0000,0.0000,0.0000,0.4929,-0.7384,179.8456,0.008,14500,0.0582,0.0075,0.5358,1,5,0.117
193.002,0,5,5,0.0000,-0.6167,0.5293,-0.6246,175.2936,0.0000,0.0000,0.0000,0.4838,-0.7392,179.7775,0.009,14505,0.0998,0.0071,0.5294,1,5,0.220
193.101,0,5,5,0.0000,-0.6167,0.5237,-0.6254,175.2226,0.0000,0.0000,0.0000,0.4796,-0.5579,175.7197,0.015,14511,0.0583,0.0069,0.5238,1,5,0.117
193.201,0,5,5,0.0000,-0.6167,0.5163,-0.6272,175.3650,0.0000,0.0000,0.0000,0.4713,-0.7416,179.7372,0.013,14517,0.0583,0.0065,0.5164,1,5,0.117
193.300,0,5,5,0.0000,-0.6167,0.5106,-0.6276,175.2885,0.0000,0.0000,0.0000,0.5016,-0.6618,174.7143,0.008,14524,0.0583,0.0064,0.5107,1,5,0.117
193.399,0,5,5,0.0000,-0.6167,0.5042,-0.6288,175.3500,0.0000,0.0000,0.0000,0.4664,-0.5545,175.7548,0.009,14530,0.1031,-0.0017,0.5043,1,5,0.183
193.501,0,5,5,0.0000,-0.6167,0.4962,-0.6294,175.2493,0.0000,0.0000,0.0000,0.5798,-0.6351,171.2908,0.009,14536,0.0583,0.0060,0.4964,1,5,0.117
193.601,0,5,5,0.0000,-0.6167,0.4906,-0.6313,175.1895,0.0000,0.0000,0.0000,0.4405,-0.5431,175.7233,0.002,14542,0.0583,0.0056,0.4908,1,5,0.117
193.699,0,5,5,0.0000,-0.6167,0.4846,-0.6314,175.0958,0.0000,0.0000,0.0000,0.4721,-0.6626,174.4747,0.014,14548,0.0583,0.0055,0.4849,1,5,0.117
193.800,0,5,5,0.0000,-0.6167,0.4775,-0.6323,175.1818,0.0000,0.0000,0.0000,0.4395,-0.5426,175.6135,0.006,14554,0.0584,0.0053,0.4778,1,5,0.117
193.899,0,5,5,0.0000,-0.6167,0.4725,-0.6331,175.1360,0.0000,0.0000,0.0000,0.4677,-0.6621,174.2431,0.009,14560,0.0584,0.0051,0.4728,1,5,0.117
194.003,0,5,5,0.0000,-0.6167,0.4667,-0.6336,175.2412,0.0000,0.0000,0.0000,0.4241,-0.5403,175.7895,0.003,14565,0.0584,0.0050,0.4670,1,5,0.117
194.100,0,5,5,0.0000,-0.6167,0.4597,-0.6325,175.1634,0.0000,0.0000,0.0000,0.5391,-0.6384,171.2691,0.006,14572,0.0584,0.0051,0.4600,1,5,0.117
194.200,0,5,5,0.0000,-0.6167,0.4539,-0.6310,175.0973,0.0000,0.0000,0.0000,0.4091,-0.5316,175.8149,0.006,14577,0.0584,0.0054,0.4541,1,5,0.117
194.300,0,5,5,0.0000,-0.6167,0.4458,-0.6282,174.8953,0.0000,0.0000,0.0000,0.4398,-0.6532,174.3888,0.017,14584,0.0583,0.0060,0.4460,1,5,0.117
194.401,0,5,5,0.0000,-0.6167,0.4383,-0.6261,174.8644,0.0000,0.0000,0.0000,0.3221,-0.5455,171.5868,0.020,14589,0.0583,0.0064,0.4384,1,5,0.117
194.499,0,5,5,0.0000,-0.6167,0.4322,-0.6240,174.8041,0.0000,0.0000,0.0000,0.3929,-0.5280,175.8430,0.018,14595,0.0583,0.0069,0.4323,1,5,0.117
194.603,0,5,5,0.0000,-0.6167,0.4248,-0.6224,174.7990,0.0000,0.0000,0.0000,0.3065,-0.5419,171.5680,0.020,14601,0.0582,0.0072,0.4249,1,5,0.117
194.700,0,5,5,0.0000,-0.6167,0.4188,-0.6204,174.9055,0.0000,0.0000,0.0000,0.4356,-0.6537,174.2125,0.003,14607,0.0582,0.0077,0.4188,1,5,0.117
194.801,0,5,5,0.0000,-0.6167,0.4113,-0.6181,174.8969,0.0000,0.0000,0.0000,0.3757,-0.5217,176.2510,0.009,14614,0.0582,0.0082,0.4113,1,5,0.117
194.902,0,5,5,0.0000,-0.6167,0.4059,-0.6179,174.7382,0.0000,0.0000,0.0000,0.4131,-0.6687,174.2023,0.019,14620,0.0582,0.0083,0.4059,1,5,0.170
195.001,0,5,5,0.0000,-0.6167,0.3987,-0.6165,174.6369,0.0000,0.0000,0.0000,0.3750,-0.5213,176.2108,0.006,14626,0.0581,0.0086,0.3987,1,5,0.117
195.099,0,5,5,0.0000,-0.6167,0.3929,-0.6157,174.8294,0.0000,0.0000,0.0000,0.4079,-0.6682,173.9564,0.011,14632,0.0581,0.0088,0.3929,1,5,0.117
195.201,0,5,5,0.0000,-0.6167,0.3852,-0.6143,174.8720,0.0000,0.0000,0.0000,0.3577,-0.5226,176.4294,0.006,14638,0.1038,-0.0010,0.3852,1,5,0.178
195.299,0,5,5,0.0000,-0.6167,0.3776,-0.6129,174.8794,0.0000,0.0000,0.0000,0.3889,-0.6616,174.5634,0.014,14644,0.0580,0.0095,0.3776,1,5,0.117
195.407,0,5,5,0.0000,-0.6167,0.3710,-0.6116,174.9231,0.0000,0.0000,0.0000,0.3578,-0.5231,176.5788,0.011,14649,0.0580,0.0097,0.3710,1,5,0.117
195.499,0,5,5,0.0000,-0.6167,0.3649,-0.6110,174.9204,0.0000,0.0000,0.0000,0.3733,-0.6667,174.6399,0.016,14656,0.0580,0.0101,0.3649,1,5,0.117
195.602,0,5,5,0.0000,-0.6167,0.3591,-0.6106,174.8698,0.0000,0.0000,0.0000,0.3423,-0.5190,176.7110,0.010,14661,0.0580,0.0102,0.3592,1,5,0.117
195.699,0,5,5,0.0000,-0.6167,0.3525,-0.6099,174.8295,0.0000,0.0000,0.0000,0.3696,-0.6663,174.4544,0.007,14667,0.0579,0.0105,0.3526,1,5,0.117
195.802,0,5,5,0.0000,-0.6167,0.3448,-0.6085,175.0012,0.0000,0.0000,0.0000,0.2140,-0.5301,171.6514,0.018,14673,0.0579,0.0109,0.3449,1,5,0.117
195.902,0,5,5,0.0000,-0.6167,0.3381,-0.6074,175.0670,0.0000,0.0000,0.0000,0.3546,-0.6611,174.9063,0.003,14679,0.0579,0.0113,0.3382,1,5,0.117
196.002,0,5,5,0.0000,-0.6167,0.3321,-0.6073,174.9166,0.0000,0.0000,0.0000,0.1989,-0.5276,171.6202,0.013,14685,0.0579,0.0114,0.3322,1,5,0.117
196.101,0,5,5,0.0000,-0.6167,0.3266,-0.6072,174.8780,0.0000,0.0000,0.0000,0.3495,-0.6611,174.6881,0.012,14692,0.0578,0.0114,0.3267,1,5,0.117
196.201,0,5,5,0.0000,-0.6167,0.3190,-0.6055,174.8058,0.0000,0.0000,0.0000,0.3133,-0.5210,176.9863,0.007,14698,0.0578,0.0120,0.3192,1,5,0.117
196.300,0,5,5,0.0000,-0.6167,0.3141,-0.6061,174.8462,0.0000,0.0000,0.0000,0.3352,-0.6561,174.9024,0.017,14704,0.0578,0.0119,0.3142,1,5,0.117
196.402,0,5,5,0.0000,-0.6167,0.3065,-0.6045,174.8009,0.0000,0.0000,0.0000,0.2898,-0.5179,177.0559,0.012,14710,0.0577,0.0125,0.3067,1,5,0.117
196.500,0,5,5,0.0000,-0.6167,0.3017,-0.6052,174.8328,0.0000,0.0000,0.0000,0.3308,-0.6565,174.7163,0.006,14716,0.0577,0.0123,0.3019,1,5,0.117
196.602,0,5,5,0.0000,-0.6167,0.2943,-0.6046,174.8420,0.0000,0.0000,0.0000,0.1608,-0.5266,171.5651,0.019,14721,0.0577,0.0126,0.2945,1,5,0.117
196.702,0,5,5,0.0000,-0.6167,0.2893,-0.6065,174.8044,0.0000,0.0000,0.0000,0.3086,-0.6681,174.7863,0.014,14726,0.0578,0.0121,0.2895,1,5,0.117
196.800,0,5,5,0.0000,-0.6167,0.2840,-0.6073,174.7143,0.0000,0.0000,0.0000,0.3066,-0.6680,174.6838,0.048,14729,0.0578,0.0118,0.2841,1,5,0.117
196.901,0,5,5,0.0000,-0.6167,0.2771,-0.6086,174.8940,0.0000,0.0000,0.0000,0.3772,-0.6499,171.6331,0.008,14735,0.0578,0.0115,0.2772,1,5,0.117
197.001,0,5,5,0.0000,-0.6167,0.2720,-0.6093,174.9417,0.0000,0.0000,0.0000,0.1360,-0.5272,171.6409,0.008,14739,0.0579,0.0112,0.2721,1,5,0.117
197.102,0,5,5,0.0000,-0.6167,0.2656,-0.6098,174.9143,0.0000,0.0000,0.0000,0.2963,-0.6785,174.6144,0.012,14744,0.1028,0.0028,0.2657,1,5,0.182
197.199,0,5,5,0.0000,-0.6167,0.2558,-0.6099,174.7752,0.0000,0.0000,0.0000,0.1176,-0.5244,171.6400,0.016,14748,0.0579,0.0112,0.2559,1,5,0.117
197.303,0,5,5,0.0000,-0.6167,0.2510,-0.6108,174.5691,0.0000,0.0000,0.0000,0.2751,-0.6626,174.8807,0.003,14753,0.0579,0.0109,0.2510,1,5,0.117
197.399,0,5,5,0.0000,-0.6167,0.2444,-0.6110,174.6693,0.0000,0.0000,0.0000,0.1075,-0.5244,171.3443,0.018,14757,0.0579,0.0109,0.2444,1,5,0.117
197.502,0,5,5,0.0000,-0.6167,0.2383,-0.6121,174.8297,0.0000,0.0000,0.0000,0.2740,-0.6631,174.8430,0.025,14761,0.0579,0.0105,0.2383,1,5,0.117
197.601,0,5,5,0.0000,-0.6167,0.2320,-0.6121,174.6949,0.0000,0.0000,0.0000,0.0940,-0.5247,171.5670,0.021,14766,0.0579,0.0105,0.2320,1,5,0.117
197.702,0,5,5,0.0000,-0.6167,0.2272,-0.6139,174.8479,0.0000,0.0000,0.0000,0.2582,-0.6782,174.6347,0.016,14771,0.0580,0.0098,0.2272,1,5,0.117
197.802,0,5,5,0.0000,-0.6167,0.2199,-0.6134,174.8606,0.0000,0.0000,0.0000,0.0766,-0.5202,171.6359,0.022,14775,0.0580,0.0100,0.2199,1,5,0.117
197.899,0,5,5,0.0000,-0.6167,0.2147,-0.6150,174.7917,0.0000,0.0000,0.0000,0.2429,-0.6743,174.9975,0.013,14780,0.0581,0.0093,0.2147,1,5,0.117
198.000,0,5,5,0.0000,-0.6167,0.2076,-0.6143,174.7328,0.0000,0.0000,0.0000,0.0664,-0.5209,171.5584,0.019,14784,0.0580,0.0097,0.2076,1,5,0.117
198.099,0,5,5,0.0000,-0.6167,0.2031,-0.6156,174.7602,0.0000,0.0000,0.0000,0.2305,-0.6623,175.2908,0.007,14789,0.0581,0.0091,0.2031,1,5,0.117
198.203,0,5,5,0.0000,-0.6167,0.1968,-0.6158,174.8264,0.0000,0.0000,0.0000,0.0512,-0.5185,171.5591,0.003,14793,0.0581,0.0090,0.1968,1,5,0.117
198.299,0,5,5,0.0000,-0.6167,0.1905,-0.6162,174.8529,0.0000,0.0000,0.0000,0.2216,-0.6722,175.2085,0.023,14798,0.0581,0.0088,0.1905,1,5,0.117
198.400,0,5,5,0.0000,-0.6167,0.1835,-0.6154,174.7721,0.0000,0.0000,0.0000,0.0334,-0.5162,171.5639,0.019,14802,0.0581,0.0092,0.1835,1,5,0.117
198.502,0,5,5,0.0000,-0.6167,0.1783,-0.6168,174.8184,0.0000,0.0000,0.0000,0.2168,-0.6722,175.0198,0.015,14807,0.0581,0.0085,0.1783,1,5,0.117
198.600,0,5,5,0.0000,-0.6167,0.1708,-0.6161,174.8462,0.0000,0.0000,0.0000,0.0236,-0.5165,171.6694,0.020,14811,0.0581,0.0089,0.1708,1,5,0.117
198.700,0,5,5,0.0000,-0.6167,0.1647,-0.6164,174.9127,0.0000,0.0000,0.0000,0.0157,-0.5141,171.5877,0.052,14814,0.0581,0.0087,0.1647,1,5,0.117
198.802,0,5,5,0.0000,-0.6167,0.1588,-0.6168,174.8896,0.0000,0.0000,0.0000,0.0103,-0.5165,171.7999,0.019,14820,0.0581,0.0085,0.1588,1,5,0.117
198.900,0,5,5,0.0000,-0.6167,0.1543,-0.6181,174.9560,0.0000,0.0000,0.0000,0.2540,-0.6583,172.6332,0.015,14825,0.0582,0.0077,0.1543,1,5,0.117
198.999,0,5,5,0.0000,-0.6167,0.1471,-0.6170,174.8275,0.0000,0.0000,0.0000,-0.0090,-0.5107,171.6840,0.017,14829,0.0582,0.0083,0.1471,1,5,0.117
199.099,0,5,5,0.0000,-0.6167,0.1420,-0.6184,174.8547,0.0000,0.0000,0.0000,0.1774,-0.6758,175.3589,0.012,14834,0.0582,0.0074,0.1420,1,5,0.117
199.202,0,5,5,0.0000,-0.6167,0.1343,-0.6174,174.7978,0.0000,0.0000,0.0000,-0.0148,-0.5146,171.7736,0.021,14838,0.0582,0.0080,0.1343,1,5,0.117
199.299,0,5,5,0.0000,-0.6167,0.1298,-0.6185,174.8816,0.0000,0.0000,0.0000,0.1715,-0.6779,175.2032,0.012,14843,0.0582,0.0071,0.1298,1,5,0.117
199.402,0,5,5,0.0000,-0.6167,0.1245,-0.6186,174.8148,0.0000,0.0000,0.0000,0.1726,-0.6785,175.2770,0.048,14846,0.0580,0.0070,0.1245,1,5,0.117
199.501,0,5,5,0.0000,-0.6167,0.1168,-0.6192,174.8655,0.0000,0.0000,0.0000,0.1297,-0.7023,175.4710,0.006,14852,0.0979,-0.0052,0.1168,1,5,0.174
199.603,0,5,5,0.0000,-0.6167,0.1094,-0.6184,174.8189,0.0000,0.0000,0.0000,0.1522,-0.6802,175.4590,0.055,14855,0.0513,0.0061,0.1095,1,5,0.117
199.700,0,5,5,0.0000,-0.6167,0.1032,-0.6186,174.8305,0.0000,0.0000,0.0000,0.2061,-0.6574,172.6336,0.010,14861,0.0481,0.0055,0.1033,1,5,0.117
199.799,0,5,5,0.0000,-0.6167,0.0964,-0.6176,174.7927,0.0000,0.0000,0.0000,-0.0605,-0.5067,171.7714,0.021,14865,0.0449,0.0059,0.0964,1,5,0.117
199.903,0,5,5,0.0000,-0.6167,0.0923,-0.6180,174.7383,0.0000,0.0000,0.0000,0.1942,-0.6542,172.6546,0.018,14869,0.0430,0.0052,0.0923,1,5,0.117
199.999,0,5,5,0.0000,-0.6167,0.0859,-0.6177,174.7281,0.0000,0.0000,0.0000,-0.0718,-0.5053,171.6064,0.007,14874,0.0400,0.0051,0.0859,1,5,0.117
200.100,0,5,5,0.0000,-0.6167,0.0829,-0.6191,174.8105,0.0000,0.0000,0.0000,0.0991,-0.6943,175.6359,0.008,14879,0.0387,0.0038,0.0829,1,5,0.117
200.202,0,5,5,0.0000,-0.6167,0.0770,-0.6179,174.9277,0.0000,0.0000,0.0000,-0.0831,-0.5010,171.6783,0.026,14883,0.0360,0.0043,0.0770,1,5,0.117
200.302,0,5,5,0.0000,-0.6167,0.0749,-0.6194,174.9344,0.0000,0.0000,0.0000,0.1748,-0.6611,173.1115,0.011,14888,0.0000,0.0000,0.0749,1,5,0.117
200.399,0,5,5,0.0000,-0.6167,0.0725,-0.6182,174.9453,0.0000,0.0000,0.0000,-0.0852,-0.5050,171.9216,0.018,14892,0.0000,0.0000,0.0725,1,5,0.117
200.501,0,5,5,0.0000,-0.6167,0.0732,-0.6197,174.9443,0.0000,0.0000,0.0000,0.0904,-0.7035,175.7349,0.016,14897,0.0000,0.0000,0.0733,1,5,0.117
200.599,0,5,5,0.0000,-0.6167,0.0710,-0.6186,174.9095,0.0000,0.0000,0.0000,-0.0853,-0.5050,171.9375,0.025,14901,0.0000,0.0000,0.0711,1,5,0.117
200.701,0,5,5,0.0000,-0.6167,0.0719,-0.6200,174.9147,0.0000,0.0000,0.0000,0.1742,-0.6612,173.0883,0.012,14906,0.0000,0.0000,0.0720,1,5,0.117
200.806,0,5,5,0.0000,-0.6167,0.0715,-0.6201,174.9115,0.0000,0.0000,0.0000,-0.0854,-0.5050,171.9390,0.010,14910,0.0000,0.0000,0.0716,1,5,0.117
200.901,0,5,5,0.0000,-0.6167,0.0708,-0.6203,174.8808,0.0000,0.0000,0.0000,0.0903,-0.7035,175.7360,0.011,14915,0.0000,0.0000,0.0709,1,5,0.213
201.001,0,5,5,0.0000,-0.6167,0.0705,-0.6203,174.8782,0.0000,0.0000,0.0000,0.0903,-0.7035,175.7366,0.047,14918,0.0000,0.0000,0.0706,1,5,0.117
201.099,0,5,5,0.0000,-0.6167,0.0698,-0.6205,174.8528,0.0000,0.0000,0.0000,0.0903,-0.7035,175.7369,0.013,14924,0.0000,0.0000,0.0699,1,5,0.117
201.202,0,5,5,0.0000,-0.6167,0.0679,-0.6193,174.8265,0.0000,0.0000,0.0000,-0.0854,-0.5050,171.9396,0.021,14928,0.0000,0.0000,0.0680,1,5,0.117
201.302,0,5,5,0.0000,-0.6167,0.0688,-0.6199,174.8138,0.0000,0.0000,0.0000,0.1741,-0.6611,173.0876,0.026,14932,0.0000,0.0000,0.0689,0,6,0.117
201.401,0,5,5,0.0000,-0.6167,0.0671,-0.6196,174.8013,0.0000,0.0000,0.0000,-0.0855,-0.5050,171.9397,0.019,14937,0.0000,0.0000,0.0672,0,6,0.117
201.499,0,5,5,0.0000,-0.6167,0.0669,-0.6197,174.8031,0.0000,0.0000,0.0000,-0.0855,-0.5050,171.9407,0.055,14940,0.0000,0.0000,0.0670,0,6,0.190
201.601,0,5,5,0.0000,-0.6167,0.0665,-0.6199,174.7755,0.0000,0.0000,0.0000,-0.0855,-0.5050,171.9425,0.016,14946,0.0000,0.0000,0.0666,0,6,0.117
201.701,0,5,5,0.0000,-0.6167,0.0676,-0.6213,174.7781,0.0000,0.0000,0.0000,0.1741,-0.6610,173.0894,0.017,14951,0.0000,0.0000,0.0678,0,6,0.117
201.802,0,5,5,0.0000,-0.6167,0.0658,-0.6201,174.7581,0.0000,0.0000,0.0000,-0.0855,-0.5049,171.9465,0.021,14955,0.0000,0.0000,0.0659,0,6,0.117
201.901,0,5,5,0.0000,-0.6167,0.0670,-0.6215,174.7680,0.0000,0.0000,0.0000,0.0901,-0.7038,175.7577,0.014,14960,0.0000,0.0000,0.0672,0,6,0.117
201.999,0,5,5,0.0000,-0.6167,0.0652,-0.6203,174.7542,0.0000,0.0000,0.0000,-0.0856,-0.5048,171.9624,0.018,14964,0.0000,0.0000,0.0653,0,6,0.117
202.099,0,5,5,0.0000,-0.6167,0.0662,-0.6208,174.7403,0.0000,0.0000,0.0000,0.0887,-0.7037,175.7956,0.012,14969,0.0000,0.0000,0.0663,0,6,0.117
202.199,0,5,5,0.0000,-0.6167,0.0662,-0.6217,174.7591,0.0000,0.0000,0.0000,0.0887,-0.7037,175.7965,0.047,14972,0.0000,0.0000,0.0664,0,6,0.117
202.302,0,5,5,0.0000,-0.6167,0.0658,-0.6218,174.7384,0.0000,0.0000,0.0000,0.0888,-0.7037,175.8013,0.014,14978,0.0000,0.0000,0.0660,0,6,0.117
202.399,0,5,5,0.0000,-0.6167,0.0656,-0.6219,174.7377,0.0000,0.0000,0.0000,0.0888,-0.7036,175.8000,0.044,14981,0.0000,0.0000,0.0658,0,6,0.117
202.500,0,5,5,0.0000,-0.6167,0.0653,-0.6220,174.7169,0.0000,0.0000,0.0000,0.0888,-0.7036,175.8004,0.009,14987,0.0000,0.0000,0.0655,0,6,0.117
202.599,0,5,5,0.0000,-0.6167,0.0635,-0.6208,174.6963,0.0000,0.0000,0.0000,-0.0857,-0.5049,171.9591,0.016,14991,0.0000,0.0000,0.0636,0,6,0.117
202.700,0,5,5,0.0000,-0.6167,0.0633,-0.6208,174.6970,0.0000,0.0000,0.0000,-0.0857,-0.5049,171.9612,0.055,14994,0.0000,0.0000,0.0635,0,6,0.117
202.802,0,5,5,0.0000,-0.6167,0.0631,-0.6209,174.6804,0.0000,0.0000,0.0000,0.0889,-0.7036,175.8009,0.012,15000,0.0000,0.0000,0.0632,0,6,0.117
202.900,0,5,5,0.0000,-0.6167,0.0644,-0.6223,174.6793,0.0000,0.0000,0.0000,0.0888,-0.7036,175.8004,0.006,15005,0.0000,0.0000,0.0646,0,6,0.117
202.999,0,5,5,0.0000,-0.6167,0.0627,-0.6211,174.6620,0.0000,0.0000,0.0000,-0.0857,-0.5049,171.9603,0.019,15009,0.0000,0.0000,0.0628,0,6,0.117
203.099,0,5,5,0.0000,-0.6167,0.0640,-0.6224,174.6629,0.0000,0.0000,0.0000,0.0889,-0.7035,175.8041,0.010,15014,0.0000,0.0000,0.0643,0,6,0.117
203.199,0,5,5,0.0000,-0.6167,0.0623,-0.6212,174.6446,0.0000,0.0000,0.0000,-0.0857,-0.5049,171.9602,0.026,15018,0.0000,0.0000,0.0625,0,6,0.117
203.301,0,5,5,0.0000,-0.6167,0.0636,-0.6225,174.6471,0.0000,0.0000,0.0000,0.0889,-0.7035,175.8031,0.014,15023,0.0000,0.0000,0.0639,0,6,0.117
203.400,0,5,5,0.0000,-0.6167,0.0620,-0.6213,174.6296,0.0000,0.0000,0.0000,-0.0858,-0.5049,171.9605,0.023,15027,0.0000,0.0000,0.0621,0,6,0.117
203.501,0,5,5,0.0000,-0.6167,0.0633,-0.6226,174.6338,0.0000,0.0000,0.0000,0.0889,-0.7034,175.8034,0.009,15032,0.0000,0.0000,0.0636,0,6,0.117
203.600,0,5,5,0.0000,-0.6167,0.0632,-0.6227,174.6357,0.0000,0.0000,0.0000,-0.0858,-0.5049,171.9614,0.002,15036,0.0000,0.0000,0.0635,0,6,0.117
203.701,0,5,5,0.0000,-0.6167,0.0615,-0.6214,174.6197,0.0000,0.0000,0.0000,0.1740,-0.6604,173.1038,0.006,15041,0.0000,0.0000,0.0617,0,6,0.117
203.801,0,5,5,0.0000,-0.6167,0.0613,-0.6215,174.6042,0.0000,0.0000,0.0000,-0.0858,-0.5049,171.9623,0.017,15045,0.0000,0.0000,0.0615,0,6,0.117
203.899,0,5,5,0.0000,-0.6167,0.0627,-0.6228,174.6085,0.0000,0.0000,0.0000,0.0889,-0.7034,175.8048,0.009,15050,0.0000,0.0000,0.0630,0,6,0.117
204.000,0,5,5,0.0000,-0.6167,0.0610,-0.6215,174.5953,0.0000,0.0000,0.0000,-0.0858,-0.5049,171.9614,0.010,15054,0.0000,0.0000,0.0612,0,6,0.117
204.100,0,5,5,0.0000,-0.6167,0.0622,-0.6220,174.5880,0.0000,0.0000,0.0000,0.1740,-0.6604,173.1032,0.015,15058,0.0000,0.0000,0.0624,0,6,0.117
204.199,0,5,5,0.0000,-0.6167,0.0608,-0.6216,174.5803,0.0000,0.0000,0.0000,-0.0858,-0.5049,171.9597,0.022,15063,0.0000,0.0000,0.0610,0,6,0.196
204.301,0,5,5,0.0000,-0.6167,0.0610,-0.6225,174.6023,0.0000,0.0000,0.0000,0.0889,-0.7034,175.8032,0.018,15067,0.0000,0.0000,0.0613,0,6,0.117
204.401,0,5,5,0.0000,-0.6167,0.0606,-0.6217,174.5760,0.0000,0.0000,0.0000,-0.0858,-0.5049,171.9576,0.020,15072,0.0000,0.0000,0.0608,0,6,0.117
204.499,0,5,5,0.0000,-0.6167,0.0620,-0.6230,174.5810,0.0000,0.0000,0.0000,0.0890,-0.7033,175.8065,0.011,15077,0.0000,0.0000,0.0624,0,6,0.117
204.600,0,5,5,0.0000,-0.6167,0.0604,-0.6218,174.5691,0.0000,0.0000,0.0000,-0.0859,-0.5049,171.9582,0.018,15081,0.0000,0.0000,0.0606,0,6,0.117
204.701,0,5,5,0.0000,-0.6167,0.0619,-0.6231,174.5749,0.0000,0.0000,0.0000,0.1739,-0.6603,173.1032,0.009,15086,0.0000,0.0000,0.0622,0,6,0.117
204.801,0,5,5,0.0000,-0.6167,0.0602,-0.6218,174.5597,0.0000,0.0000,0.0000,-0.0859,-0.5048,171.9600,0.023,15090,0.0000,0.0000,0.0604,0,6,0.117
204.901,0,5,5,0.0000,-0.6167,0.0614,-0.6222,174.5576,0.0000,0.0000,0.0000,0.0890,-0.7033,175.8068,0.002,15095,0.0000,0.0000,0.0616,0,6,0.117
204.999,0,5,5,0.0000,-0.6167,0.0616,-0.6231,174.5717,0.0000,0.0000,0.0000,0.0889,-0.7033,175.8051,0.044,15098,0.0000,0.0000,0.0619,0,6,0.117
205.100,0,5,5,0.0000,-0.6167,0.0614,-0.6231,174.5613,0.0000,0.0000,0.0000,0.0890,-0.7033,175.8071,0.017,15104,0.0000,0.0000,0.0618,0,6,0.117
205.199,0,5,5,0.0000,-0.6167,0.0598,-0.6218,174.5432,0.0000,0.0000,0.0000,-0.0859,-0.5048,171.9591,0.019,15108,0.0000,0.0000,0.0600,0,6,0.117
