time,lap_count,goal_index,wp_index,target_x,target_y,filtered_x,filtered_y,filtered_yaw,raw_odom_x,raw_odom_y,raw_odom_yaw,aruco_x,aruco_y,aruco_yaw,aruco_age,aruco_count,cmd_vx,cmd_vy,dist_to_target,lifter_up,lifter_toggle_count,min_dist
0.120,0,0,0,-0.6167,-1.2333,-0.3893,-0.6722,130.1708,0.0000,0.0000,0.0000,-0.6427,-1.3212,178.9881,0.035,3,0.0000,0.0000,0.6054,0,0,0.472
0.256,0,0,0,-0.6167,-1.2333,-0.3958,-0.6895,131.1438,0.0000,0.0000,0.0000,-0.6235,-1.2672,178.8874,0.044,6,0.0000,0.0000,0.5869,0,0,0.480
0.303,0,0,0,-0.6167,-1.2333,-0.4115,-0.7307,133.4847,0.0000,0.0000,0.0000,-0.6235,-1.2672,178.8873,0.010,10,0.0000,0.0000,0.5428,0,0,0.477
0.404,0,0,0,-0.6167,-1.2333,-0.4233,-0.7616,135.2767,0.0000,0.0000,0.0000,-0.6235,-1.2672,178.8875,0.024,13,0.0000,0.0000,0.5098,0,0,0.479
0.500,0,0,0,-0.6167,-1.2333,-0.4342,-0.7904,136.9923,0.0000,0.0000,0.0000,-0.6428,-1.3211,178.9903,0.031,16,0.0000,0.0000,0.4790,0,0,0.480
0.612,0,0,0,-0.6167,-1.2333,-0.4396,-0.8043,137.8309,0.0000,0.0000,0.0000,-0.6428,-1.3211,178.9911,0.072,18,0.0000,0.0000,0.4641,0,0,0.482
0.701,0,0,0,-0.6167,-1.2333,-0.4498,-0.8309,139.4548,0.0000,0.0000,0.0000,-0.6428,-1.3211,178.9904,0.033,22,0.0000,0.0000,0.4357,0,0,0.477
0.798,0,0,0,-0.6167,-1.2333,-0.4593,-0.8556,141.0029,0.0000,0.0000,0.0000,-0.6428,-1.3211,178.9904,0.011,26,0.0000,0.0000,0.4092,0,0,0.471
0.900,0,0,0,-0.6167,-1.2333,-0.4659,-0.8729,142.1313,0.0000,0.0000,0.0000,-0.6235,-1.2672,178.8878,0.015,29,0.0000,0.0000,0.3907,0,0,0.478
1.001,0,0,0,-0.6167,-1.2333,-0.4702,-0.8840,142.8533,0.0000,0.0000,0.0000,-0.6235,-1.2672,178.8897,0.046,31,0.0000,0.0000,0.3787,0,0,0.454
1.133,0,0,0,-0.6167,-1.2333,-0.4725,-0.8900,143.2143,0.0000,0.0000,0.0000,-0.6235,-1.2672,178.8895,0.007,33,0.0000,0.0000,0.3724,0,0,0.479
1.200,0,0,0,-0.6167,-1.2333,-0.4830,-0.9162,144.9682,0.0000,0.0000,0.0000,-0.6429,-1.3209,178.9910,0.002,38,0.0000,0.0000,0.3442,0,0,0.467
1.299,0,0,0,-0.6167,-1.2333,-0.4870,-0.9264,145.6456,0.0000,0.0000,0.0000,-0.6235,-1.2672,178.8896,0.003,40,0.0000,0.0000,0.3332,0,0,0.476
1.399,0,0,0,-0.6167,-1.2333,-0.4928,-0.9408,146.6474,0.0000,0.0000,0.0000,-0.6428,-1.3209,178.9913,0.003,43,0.0000,0.0000,0.3176,0,0,0.488
1.504,0,0,0,-0.6167,-1.2333,-0.4983,-0.9548,147.6212,0.0000,0.0000,0.0000,-0.6235,-1.2672,178.8895,0.005,45,0.0000,0.0000,0.3027,0,0,0.469
1.599,0,0,0,-0.6167,-1.2333,-0.5056,-0.9736,148.8650,0.0000,0.0000,0.0000,-0.6428,-1.3209,178.9900,0.037,49,0.0000,0.0000,0.2825,0,0,0.474
1.699,0,0,0,-0.6167,-1.2333,-0.5122,-0.9905,150.0508,0.0000,0.0000,0.0000,-0.6235,-1.2672,178.8892,0.013,53,0.0000,0.0000,0.2643,0,0,0.467
1.800,0,0,0,-0.6167,-1.2333,-0.5170,-1.0029,150.9090,0.0000,0.0000,0.0000,-0.6428,-1.3209,178.9901,0.009,56,0.0000,0.0000,0.2510,0,0,0.472
1.900,0,0,0,-0.6167,-1.2333,-0.5214,-1.0141,151.7444,0.0000,0.0000,0.0000,-0.6235,-1.2672,178.8881,0.005,59,0.0000,0.0000,0.2390,0,0,0.469
2.013,0,0,0,-0.6167,-1.2333,-0.5230,-1.0183,152.0209,0.0000,0.0000,0.0000,-0.6235,-1.2672,178.8892,0.003,61,0.0000,0.0000,0.2346,0,0,0.477
2.101,0,0,0,-0.6167,-1.2333,-0.5288,-1.0327,153.0872,0.0000,0.0000,0.0000,-0.6428,-1.3210,178.9909,0.031,64,0.0000,0.0000,0.2190,0,0,0.473
2.198,0,0,0,-0.6167,-1.2333,-0.5342,-1.0464,154.1060,0.0000,0.0000,0.0000,-0.6428,-1.3210,178.9900,0.017,68,0.0000,0.0000,0.2043,0,0,0.475
2.300,0,0,0,-0.6167,-1.2333,-0.5368,-1.0529,154.6034,0.0000,0.0000,0.0000,-0.6235,-1.2673,178.8900,0.011,71,0.0000,0.0000,0.1973,0,0,0.473
2.400,0,0,0,-0.6167,-1.2333,-0.5418,-1.0655,155.5620,0.0000,0.0000,0.0000,-0.6428,-1.3210,178.9899,0.015,74,0.0000,0.0000,0.1838,0,0,0.467
2.499,0,0,0,-0.6167,-1.2333,-0.5441,-1.0715,156.0276,0.0000,0.0000,0.0000,-0.6235,-1.2672,178.8887,0.008,77,0.0000,0.0000,0.1774,0,0,0.469
2.601,0,0,0,-0.6167,-1.2333,-0.5487,-1.0831,156.9336,0.0000,0.0000,0.0000,-0.6427,-1.3210,178.9913,0.014,80,0.0000,0.0000,0.1649,0,0,0.482
2.699,0,0,0,-0.6167,-1.2333,-0.5519,-1.0910,157.5895,0.0000,0.0000,0.0000,-0.6235,-1.2672,178.8889,0.014,83,0.0000,0.0000,0.1564,0,0,0.485
2.799,0,0,0,-0.6167,-1.2333,-0.5552,-1.0993,158.2249,0.0000,0.0000,0.0000,-0.6427,-1.3210,178.9902,0.015,86,0.0000,0.0000,0.1475,0,0,0.469
2.899,0,0,0,-0.6167,-1.2333,-0.5581,-1.1065,158.8434,0.0000,0.0000,0.0000,-0.6235,-1.2673,178.8914,0.011,89,0.0000,0.0000,0.1397,0,0,0.473
3.000,0,0,0,-0.6167,-1.2333,-0.5611,-1.1142,159.4420,0.0000,0.0000,0.0000,-0.6427,-1.3210,178.9908,0.014,92,0.0000,0.0000,0.1314,0,0,0.477
3.099,0,0,0,-0.6167,-1.2333,-0.5638,-1.1209,160.0245,0.0000,0.0000,0.0000,-0.6235,-1.2672,178.8886,0.014,95,0.0000,0.0000,0.1243,0,0,0.479
3.200,0,0,0,-0.6167,-1.2333,-0.5657,-1.1254,160.4056,0.0000,0.0000,0.0000,-0.6235,-1.2672,178.8883,0.042,97,0.0000,0.0000,0.1193,0,0,0.476
3.300,0,0,0,-0.6167,-1.2333,-0.5684,-1.1324,160.9628,0.0000,0.0000,0.0000,-0.6427,-1.3210,178.9907,0.044,100,0.0000,0.0000,0.1119,0,0,0.477
3.398,0,0,0,-0.6167,-1.2333,-0.5711,-1.1391,161.5016,0.0000,0.0000,0.0000,-0.6235,-1.2672,178.8888,0.006,104,0.0000,0.0000,0.1047,0,0,0.474
3.499,0,0,0,-0.6167,-1.2333,-0.5734,-1.1448,162.0222,0.0000,0.0000,0.0000,-0.6235,-1.2672,178.8885,0.006,107,0.0000,0.0000,0.0986,0,0,0.476
3.599,0,0,0,-0.6167,-1.2333,-0.5764,-1.1523,162.6808,0.0000,0.0000,0.0000,-0.6428,-1.3209,178.9883,0.015,110,0.0000,0.0000,0.0905,0,0,0.483
3.699,0,0,0,-0.6167,-1.2333,-0.5784,-1.1575,163.1642,0.0000,0.0000,0.0000,-0.6235,-1.2673,178.8905,0.016,113,0.0000,0.0000,0.0849,0,0,0.475
3.798,0,0,0,-0.6167,-1.2333,-0.5807,-1.1632,163.6340,0.0000,0.0000,0.0000,-0.6428,-1.3210,178.9881,0.018,116,0.0000,0.0000,0.0789,0,0,0.472
3.911,0,0,0,-0.6167,-1.2333,-0.5821,-1.1666,163.9426,0.0000,0.0000,0.0000,-0.6235,-1.2673,178.8904,0.008,119,0.0000,0.0000,0.0752,0,0,0.477
4.013,0,0,0,-0.6167,-1.2333,-0.5839,-1.1712,164.3905,0.0000,0.0000,0.0000,-0.6235,-1.2672,178.8897,0.038,121,0.0000,0.0000,0.0702,0,0,0.480
4.098,0,0,0,-0.6167,-1.2333,-0.5865,-1.1775,164.9680,0.0000,0.0000,0.0000,-0.6235,-1.2672,178.8890,0.012,125,0.0000,0.0000,0.0634,0,0,0.471
4.198,0,0,0,-0.6167,-1.2333,-0.5884,-1.1824,165.3855,0.0000,0.0000,0.0000,-0.6427,-1.3210,178.9891,0.015,128,0.0000,0.0000,0.0582,0,0,0.478
4.298,0,0,0,-0.6167,-1.2333,-0.5896,-1.1853,165.6587,0.0000,0.0000,0.0000,-0.6235,-1.2673,178.8900,0.012,131,0.0000,0.0000,0.0551,0,0,0.474
4.399,0,0,0,-0.6167,-1.2333,-0.5912,-1.1892,166.0576,0.0000,0.0000,0.0000,-0.6235,-1.2672,178.8896,0.044,133,0.0000,0.0000,0.0510,0,0,0.477
4.498,0,0,0,-0.6167,-1.2333,-0.5933,-1.1946,166.5671,0.0000,0.0000,0.0000,-0.6235,-1.2672,178.8895,0.014,137,0.0000,0.0000,0.0452,0,0,0.469
4.599,0,0,0,-0.6167,-1.2333,-0.5940,-1.1963,166.6943,0.0000,0.0000,0.0000,-0.6427,-1.3210,178.9894,0.003,140,0.0000,0.0000,0.0434,0,0,0.476
4.699,0,0,0,-0.6167,-1.2333,-0.5960,-1.2014,167.1840,0.0000,0.0000,0.0000,-0.6428,-1.3210,178.9886,0.017,142,0.0000,0.0000,0.0380,0,0,0.480
4.799,0,0,0,-0.6167,-1.2333,-0.5979,-1.2062,167.6532,0.0000,0.0000,0.0000,-0.6428,-1.3210,178.9887,0.012,146,0.0000,0.0000,0.0330,0,0,0.475
4.900,0,0,0,-0.6167,-1.2333,-0.5992,-1.2093,167.9917,0.0000,0.0000,0.0000,-0.6235,-1.2672,178.8890,0.012,149,0.0000,0.0000,0.0298,0,0,0.478
4.999,0,0,0,-0.6167,-1.2333,-0.6006,-1.2129,168.3210,0.0000,0.0000,0.0000,-0.6428,-1.3210,178.9890,0.016,152,0.0000,0.0000,0.0260,0,0,0.472
5.099,0,0,0,-0.6167,-1.2333,-0.6018,-1.2157,168.6386,0.0000,0.0000,0.0000,-0.6235,-1.2672,178.8889,0.015,155,0.0000,0.0000,0.0231,0,0,0.479
5.198,0,0,0,-0.6167,-1.2333,-0.6031,-1.2191,168.9481,0.0000,0.0000,0.0000,-0.6428,-1.3210,178.9885,0.017,158,0.0000,0.0000,0.0197,0,0,0.467
5.298,0,0,0,-0.6167,-1.2333,-0.6039,-1.2210,169.1509,0.0000,0.0000,0.0000,-0.6235,-1.2673,178.8901,0.011,161,0.0000,0.0000,0.0177,0,0,0.480
5.398,0,0,0,-0.6167,-1.2333,-0.6054,-1.2248,169.5402,0.0000,0.0000,0.0000,-0.6428,-1.3210,178.9875,0.017,164,0.0000,0.0000,0.0142,0,0,0.474
5.501,0,0,0,-0.6167,-1.2333,-0.6063,-1.2271,169.8221,0.0000,0.0000,0.0000,-0.6235,-1.2672,178.8898,0.016,167,0.0000,0.0000,0.0120,0,0,0.478
5.599,0,0,0,-0.6167,-1.2333,-0.6075,-1.2301,170.0960,0.0000,0.0000,0.0000,-0.6428,-1.3210,178.9858,0.018,170,0.0000,0.0000,0.0097,0,0,0.464
5.698,0,0,0,-0.6167,-1.2333,-0.6084,-1.2322,170.3598,0.0000,0.0000,0.0000,-0.6235,-1.2673,178.8914,0.013,173,0.0000,0.0000,0.0084,0,0,0.482
5.799,0,0,0,-0.6167,-1.2333,-0.6090,-1.2338,170.5340,0.0000,0.0000,0.0000,-0.6427,-1.3210,178.9868,0.013,176,0.0000,0.0000,0.0077,0,0,0.465
5.899,0,0,0,-0.6167,-1.2333,-0.6102,-1.2369,170.8675,0.0000,0.0000,0.0000,-0.6235,-1.2672,178.8891,0.014,179,0.0000,0.0000,0.0073,0,0,0.480
5.999,0,0,0,-0.6167,-1.2333,-0.6108,-1.2384,171.0342,0.0000,0.0000,0.0000,-0.6235,-1.2672,178.8898,0.046,181,0.0000,0.0000,0.0077,0,0,0.477
6.098,0,0,0,-0.6167,-1.2333,-0.6118,-1.2409,171.2737,0.0000,0.0000,0.0000,-0.6427,-1.3210,178.9879,0.035,184,0.0000,0.0000,0.0090,0,0,0.473
6.199,0,0,0,-0.6167,-1.2333,-0.6129,-1.2437,171.5801,0.0000,0.0000,0.0000,-0.6235,-1.2672,178.8889,0.006,188,0.0000,0.0000,0.0110,0,0,0.464
6.297,0,0,0,-0.6167,-1.2333,-0.6134,-1.2448,171.7197,0.0000,0.0000,0.0000,-0.6348,-1.3099,178.0281,0.046,190,0.0000,0.0000,0.0120,0,0,0.475
6.399,0,0,0,-0.6167,-1.2333,-0.6143,-1.2472,171.9988,0.0000,0.0000,0.0000,-0.6427,-1.3207,178.9864,0.016,194,0.0000,0.0000,0.0141,0,0,0.473
6.500,0,0,0,-0.6167,-1.2333,-0.6148,-1.2486,172.1917,0.0000,0.0000,0.0000,-0.6235,-1.2672,178.8898,0.015,197,0.0000,0.0000,0.0153,0,0,0.475
6.599,0,0,0,-0.6167,-1.2333,-0.6156,-1.2507,172.3954,0.0000,0.0000,0.0000,-0.6426,-1.3217,179.0045,0.019,200,0.0000,0.0000,0.0174,0,0,0.493
6.700,0,0,0,-0.6167,-1.2333,-0.6162,-1.2520,172.5933,0.0000,0.0000,0.0000,-0.6235,-1.2672,178.8889,0.014,203,0.0000,0.0000,0.0187,0,0,0.479
6.800,0,0,0,-0.6167,-1.2333,-0.6169,-1.2540,172.7855,0.0000,0.0000,0.0000,-0.6426,-1.3216,179.0016,0.017,206,0.0000,0.0000,0.0207,0,0,0.481
6.898,0,0,0,-0.6167,-1.2333,-0.6174,-1.2551,172.9095,0.0000,0.0000,0.0000,-0.6235,-1.2672,178.8898,0.010,209,0.0000,0.0000,0.0218,0,0,0.476
6.999,0,0,0,-0.6167,-1.2333,-0.6188,-1.2571,173.1538,0.0000,0.0000,0.0000,-0.6424,-1.3217,179.0023,0.016,212,0.0000,0.0000,0.0239,0,0,0.483
7.099,0,0,0,-0.6167,-1.2333,-0.6192,-1.2581,173.2709,0.0000,0.0000,0.0000,-0.6235,-1.2672,178.8897,0.010,215,0.0000,0.0000,0.0249,0,0,0.483
7.199,0,0,0,-0.6167,-1.2333,-0.6196,-1.2592,173.4443,0.0000,0.0000,0.0000,-0.6235,-1.2672,178.8896,0.046,217,0.0000,0.0000,0.0260,0,0,0.482
7.298,0,0,0,-0.6167,-1.2333,-0.6202,-1.2609,173.6134,0.0000,0.0000,0.0000,-0.6424,-1.3216,179.0010,0.026,220,0.0000,0.0000,0.0278,0,0,0.478
7.400,0,0,0,-0.6167,-1.2333,-0.6206,-1.2618,173.7755,0.0000,0.0000,0.0000,-0.6425,-1.3216,179.0004,0.003,224,0.0000,0.0000,0.0288,0,0,0.465
7.500,0,0,0,-0.6167,-1.2333,-0.6212,-1.2635,173.9328,0.0000,0.0000,0.0000,-0.6235,-1.2672,178.8898,0.004,227,0.0000,0.0000,0.0305,0,0,0.466
7.600,0,0,0,-0.6167,-1.2333,-0.6218,-1.2651,174.1322,0.0000,0.0000,0.0000,-0.6425,-1.3216,179.0001,0.018,230,0.0000,0.0000,0.0321,0,0,0.479
7.700,0,0,0,-0.6167,-1.2333,-0.6221,-1.2658,174.2781,0.0000,0.0000,0.0000,-0.6235,-1.2672,178.8902,0.016,233,0.0000,0.0000,0.0330,0,0,0.467
7.801,0,0,0,-0.6167,-1.2333,-0.6227,-1.2673,174.4226,0.0000,0.0000,0.0000,-0.6425,-1.3215,179.0000,0.021,236,0.0000,0.0000,0.0345,0,0,0.471
7.899,0,0,0,-0.6167,-1.2333,-0.6228,-1.2678,174.5512,0.0000,0.0000,0.0000,-0.6235,-1.2672,178.8902,0.015,239,0.0000,0.0000,0.0351,0,0,0.472
7.998,0,0,0,-0.6167,-1.2333,-0.6234,-1.2692,174.6883,0.0000,0.0000,0.0000,-0.6427,-1.3212,178.9970,0.017,242,0.0000,0.0000,0.0365,0,0,0.480
8.100,0,0,0,-0.6167,-1.2333,-0.6235,-1.2697,174.8086,0.0000,0.0000,0.0000,-0.6235,-1.2672,178.8898,0.015,245,0.0000,0.0000,0.0370,0,0,0.483
8.199,0,0,0,-0.6167,-1.2333,-0.6240,-1.2710,174.9354,0.0000,0.0000,0.0000,-0.6428,-1.3210,178.9853,0.017,248,0.0000,0.0000,0.0384,0,0,0.484
8.300,0,0,0,-0.6167,-1.2333,-0.6242,-1.2715,175.0581,0.0000,0.0000,0.0000,-0.6235,-1.2672,178.8899,0.010,251,0.0000,0.0000,0.0389,0,0,0.468
8.399,0,0,0,-0.6167,-1.2333,-0.6247,-1.2727,175.1733,0.0000,0.0000,0.0000,-0.6428,-1.3210,178.9866,0.017,254,0.0000,0.0000,0.0402,0,0,0.481
8.497,0,0,0,-0.6167,-1.2333,-0.6249,-1.2732,175.2883,0.0000,0.0000,0.0000,-0.6235,-1.2672,178.8895,0.014,257,0.0000,0.0000,0.0407,0,0,0.476
8.599,0,0,0,-0.6167,-1.2333,-0.6254,-1.2744,175.3997,0.0000,0.0000,0.0000,-0.6427,-1.3210,178.9874,0.007,260,0.0000,0.0000,0.0420,0,0,0.481
8.699,0,0,0,-0.6167,-1.2333,-0.6256,-1.2749,175.4737,0.0000,0.0000,0.0000,-0.6427,-1.3210,178.9881,0.033,262,0.0000,0.0000,0.0425,0,0,0.470
8.799,0,0,0,-0.6167,-1.2333,-0.6257,-1.2753,175.5782,0.0000,0.0000,0.0000,-0.6235,-1.2672,178.8899,0.041,265,0.0000,0.0000,0.0429,0,0,0.469
8.900,0,0,0,-0.6167,-1.2333,-0.6261,-1.2764,175.6798,0.0000,0.0000,0.0000,-0.6427,-1.3210,178.9864,0.042,268,0.0000,0.0000,0.0441,0,0,0.473
8.999,0,0,0,-0.6167,-1.2333,-0.6265,-1.2773,175.8135,0.0000,0.0000,0.0000,-0.6427,-1.3210,178.9876,0.014,272,0.0000,0.0000,0.0451,0,0,0.478
9.099,0,0,0,-0.6167,-1.2333,-0.6266,-1.2776,175.9074,0.0000,0.0000,0.0000,-0.6235,-1.2672,178.8897,0.015,275,0.0000,0.0000,0.0454,0,0,0.481
9.200,0,0,0,-0.6167,-1.2333,-0.6270,-1.2786,176.0006,0.0000,0.0000,0.0000,-0.6428,-1.3210,178.9860,0.014,278,0.0000,0.0000,0.0464,0,0,0.482
9.299,0,0,0,-0.6167,-1.2333,-0.6271,-1.2788,176.0913,0.0000,0.0000,0.0000,-0.6235,-1.2672,178.8896,0.008,281,0.0000,0.0000,0.0467,0,0,0.468
9.398,0,0,0,-0.6167,-1.2333,-0.6275,-1.2798,176.1798,0.0000,0.0000,0.0000,-0.6428,-1.3210,178.9863,0.019,284,0.0000,0.0000,0.0477,0,0,0.469
9.499,0,0,0,-0.6167,-1.2333,-0.6276,-1.2800,176.2656,0.0000,0.0000,0.0000,-0.6235,-1.2672,178.8905,0.014,287,0.0000,0.0000,0.0479,0,0,0.478
9.598,0,0,0,-0.6167,-1.2333,-0.6279,-1.2809,176.3491,0.0000,0.0000,0.0000,-0.6427,-1.3210,178.9870,0.018,290,0.0000,0.0000,0.0489,0,0,0.479
9.700,0,0,0,-0.6167,-1.2333,-0.6280,-1.2810,176.4221,0.0000,0.0000,0.0000,-0.6235,-1.2672,178.8905,0.011,293,0.0000,0.0000,0.0490,0,0,0.480
9.800,0,0,0,-0.6167,-1.2333,-0.6283,-1.2819,176.4999,0.0000,0.0000,0.0000,-0.6428,-1.3210,178.9863,0.020,296,0.0000,0.0000,0.0499,0,0,0.476
9.900,0,0,0,-0.6167,-1.2333,-0.6284,-1.2820,176.5767,0.0000,0.0000,0.0000,-0.6235,-1.2672,178.8898,0.010,299,0.0000,0.0000,0.0501,0,0,0.473
9.999,0,0,0,-0.6167,-1.2333,-0.6285,-1.2823,176.6285,0.0000,0.0000,0.0000,-0.6236,-1.2672,178.8890,0.046,301,0.0000,0.0000,0.0504,0,0,0.469
10.099,0,0,0,-0.6167,-1.2333,-0.6288,-1.2831,176.7030,0.0000,0.0000,0.0000,-0.6428,-1.3210,178.9857,0.039,304,0.0000,0.0000,0.0513,0,0,0.464
10.199,0,0,0,-0.6167,-1.2333,-0.6291,-1.2839,176.7735,0.0000,0.0000,0.0000,-0.6235,-1.2672,178.8904,0.003,308,0.0000,0.0000,0.0521,0,0,0.472
10.301,0,0,0,-0.6167,-1.2333,-0.6291,-1.2840,176.8423,0.0000,0.0000,0.0000,-0.6235,-1.2672,178.8902,0.003,311,0.0000,0.0000,0.0522,0,0,0.480
10.398,0,0,0,-0.6167,-1.2333,-0.6293,-1.2845,176.9291,0.0000,0.0000,0.0000,-0.6427,-1.3210,178.9853,0.019,314,0.0000,0.0000,0.0527,0,0,0.480
10.500,0,0,0,-0.6167,-1.2333,-0.6294,-1.2845,176.9919,0.0000,0.0000,0.0000,-0.6235,-1.2672,178.8892,0.017,317,0.0000,0.0000,0.0528,0,0,0.475
10.598,0,0,0,-0.6167,-1.2333,-0.6295,-1.2851,177.0461,0.0000,0.0000,0.0000,-0.6428,-1.3212,178.9956,0.017,320,0.0000,0.0000,0.0534,0,0,0.474
10.701,0,0,0,-0.6167,-1.2333,-0.6296,-1.2851,177.1066,0.0000,0.0000,0.0000,-0.6235,-1.2672,178.8904,0.018,323,0.0000,0.0000,0.0534,0,0,0.474
10.798,0,0,0,-0.6167,-1.2333,-0.6298,-1.2858,177.1683,0.0000,0.0000,0.0000,-0.6428,-1.3212,178.9948,0.018,326,0.0000,0.0000,0.0541,0,0,0.481
10.900,0,0,0,-0.6167,-1.2333,-0.6298,-1.2858,177.2250,0.0000,0.0000,0.0000,-0.6235,-1.2672,178.8907,0.018,329,0.0000,0.0000,0.0541,0,0,0.480
10.999,0,0,0,-0.6167,-1.2333,-0.6301,-1.2865,177.2807,0.0000,0.0000,0.0000,-0.6428,-1.3212,178.9949,0.018,332,0.0000,0.0000,0.0548,0,0,0.458
11.100,0,0,0,-0.6167,-1.2333,-0.6300,-1.2863,177.3237,0.0000,0.0000,0.0000,-0.6235,-1.2672,178.8900,0.016,335,0.0000,0.0000,0.0546,0,0,0.470
11.199,0,0,0,-0.6167,-1.2333,-0.6300,-1.2865,177.3608,0.0000,0.0000,0.0000,-0.6235,-1.2672,178.8909,0.049,337,0.0000,0.0000,0.0548,0,0,0.482
11.300,0,0,0,-0.6167,-1.2333,-0.6302,-1.2869,177.4285,0.0000,0.0000,0.0000,-0.6235,-1.2672,178.8904,0.010,341,0.0000,0.0000,0.0552,0,0,0.486
11.401,0,0,0,-0.6167,-1.2333,-0.6304,-1.2875,177.4786,0.0000,0.0000,0.0000,-0.6427,-1.3210,178.9919,0.013,344,0.0000,0.0000,0.0559,0,0,0.468
11.501,0,0,0,-0.6167,-1.2333,-0.6305,-1.2877,177.5124,0.0000,0.0000,0.0000,-0.6427,-1.3210,178.9920,0.022,346,0.0000,0.0000,0.0561,0,0,0.478
11.598,0,0,0,-0.6167,-1.2333,-0.6305,-1.2879,177.5646,0.0000,0.0000,0.0000,-0.6426,-1.3214,178.9956,0.010,350,0.0000,0.0000,0.0563,0,0,0.477
11.699,0,0,0,-0.6167,-1.2333,-0.6305,-1.2878,177.6097,0.0000,0.0000,0.0000,-0.6235,-1.2672,178.8904,0.009,353,0.0000,0.0000,0.0562,0,0,0.464
11.798,0,0,0,-0.6167,-1.2333,-0.6307,-1.2884,177.6530,0.0000,0.0000,0.0000,-0.6427,-1.3214,178.9950,0.017,356,0.0000,0.0000,0.0568,0,0,0.479
11.901,0,0,0,-0.6167,-1.2333,-0.6307,-1.2883,177.6951,0.0000,0.0000,0.0000,-0.6235,-1.2673,178.8905,0.016,359,0.0000,0.0000,0.0567,0,0,0.487
11.998,0,0,0,-0.6167,-1.2333,-0.6309,-1.2888,177.7353,0.0000,0.0000,0.0000,-0.6426,-1.3214,178.9957,0.011,362,0.0000,0.0000,0.0573,0,0,0.476
12.100,0,0,0,-0.6167,-1.2333,-0.6309,-1.2887,177.7734,0.0000,0.0000,0.0000,-0.6235,-1.2673,178.8904,0.019,365,0.0000,0.0000,0.0572,0,0,0.475
12.199,0,0,0,-0.6167,-1.2333,-0.6311,-1.2893,177.8151,0.0000,0.0000,0.0000,-0.6426,-1.3214,178.9956,0.019,368,0.0000,0.0000,0.0578,0,0,0.478
12.301,0,0,0,-0.6167,-1.2333,-0.6310,-1.2891,177.8529,0.0000,0.0000,0.0000,-0.6235,-1.2673,178.8922,0.017,371,0.0000,0.0000,0.0576,0,0,0.474
12.399,0,0,0,-0.6167,-1.2333,-0.6312,-1.2895,177.8822,0.0000,0.0000,0.0000,-0.6354,-1.3102,178.0579,0.019,374,0.0000,0.0000,0.0580,0,0,0.473
12.498,0,0,0,-0.6167,-1.2333,-0.6312,-1.2896,177.9064,0.0000,0.0000,0.0000,-0.6235,-1.2673,178.8904,0.006,377,0.0000,0.0000,0.0582,0,0,0.464
12.598,0,0,0,-0.6167,-1.2333,-0.6313,-1.2899,177.9528,0.0000,0.0000,0.0000,-0.6427,-1.3210,178.9851,0.006,380,0.0000,0.0000,0.0584,0,0,0.466
12.700,0,0,0,-0.6167,-1.2333,-0.6313,-1.2897,177.9851,0.0000,0.0000,0.0000,-0.6236,-1.2673,178.8901,0.017,383,0.0000,0.0000,0.0582,0,0,0.481
12.802,0,0,0,-0.6167,-1.2333,-0.6313,-1.2898,178.0090,0.0000,0.0000,0.0000,-0.6236,-1.2673,178.8903,0.046,385,0.0000,0.0000,0.0584,0,0,0.470
12.900,0,0,0,-0.6167,-1.2333,-0.6315,-1.2903,178.0351,0.0000,0.0000,0.0000,-0.6427,-1.3210,178.9848,0.041,388,0.0000,0.0000,0.0589,0,0,0.480
12.998,0,0,0,-0.6167,-1.2333,-0.6317,-1.2908,178.0663,0.0000,0.0000,0.0000,-0.6236,-1.2673,178.8901,0.004,392,0.0000,0.0000,0.0594,0,0,0.462
13.098,0,0,0,-0.6167,-1.2333,-0.6316,-1.2906,178.0944,0.0000,0.0000,0.0000,-0.6236,-1.2673,178.8902,0.003,395,0.0000,0.0000,0.0592,0,0,0.472
13.199,0,0,0,-0.6167,-1.2333,-0.6317,-1.2908,178.1319,0.0000,0.0000,0.0000,-0.6427,-1.3210,178.9858,0.020,398,0.0000,0.0000,0.0594,0,0,0.477
13.300,0,0,0,-0.6167,-1.2333,-0.6316,-1.2906,178.1602,0.0000,0.0000,0.0000,-0.6235,-1.2673,178.8906,0.016,401,0.0000,0.0000,0.0592,0,0,0.474
13.399,0,0,0,-0.6167,-1.2333,-0.6318,-1.2911,178.1876,0.0000,0.0000,0.0000,-0.6427,-1.3210,178.9855,0.018,404,0.0000,0.0000,0.0597,0,0,0.462
13.498,0,0,0,-0.6167,-1.2333,-0.6317,-1.2909,178.2135,0.0000,0.0000,0.0000,-0.6235,-1.2673,178.8906,0.016,407,0.0000,0.0000,0.0595,0,0,0.476
13.598,0,0,0,-0.6167,-1.2333,-0.6319,-1.2913,178.2402,0.0000,0.0000,0.0000,-0.6427,-1.3210,178.9847,0.017,410,0.0000,0.0000,0.0600,0,0,0.467
13.701,0,0,0,-0.6167,-1.2333,-0.6318,-1.2911,178.2654,0.0000,0.0000,0.0000,-0.6235,-1.2673,178.8912,0.018,413,0.0000,0.0000,0.0597,0,0,0.475
13.798,0,0,0,-0.6167,-1.2333,-0.6320,-1.2916,178.2886,0.0000,0.0000,0.0000,-0.6427,-1.3210,178.9851,0.016,416,0.0000,0.0000,0.0602,0,0,0.478
13.898,0,0,0,-0.6167,-1.2333,-0.6319,-1.2913,178.3106,0.0000,0.0000,0.0000,-0.6235,-1.2673,178.8916,0.017,419,0.0000,0.0000,0.0600,0,0,0.472
13.998,0,0,0,-0.6167,-1.2333,-0.6320,-1.2914,178.3263,0.0000,0.0000,0.0000,-0.6235,-1.2673,178.8914,0.046,421,0.0000,0.0000,0.0600,0,0,0.467
14.100,0,0,0,-0.6167,-1.2333,-0.6321,-1.2918,178.3464,0.0000,0.0000,0.0000,-0.6427,-1.3210,178.9859,0.039,424,0.0000,0.0000,0.0605,0,0,0.466
14.201,0,0,0,-0.6167,-1.2333,-0.6321,-1.2916,178.3675,0.0000,0.0000,0.0000,-0.6236,-1.2673,178.8901,0.028,427,0.0000,0.0000,0.0602,0,0,0.473
14.301,0,0,0,-0.6167,-1.2333,-0.6321,-1.2917,178.3937,0.0000,0.0000,0.0000,-0.6235,-1.2673,178.8904,0.010,431,0.0000,0.0000,0.0604,0,0,0.470
14.399,0,0,0,-0.6167,-1.2333,-0.6323,-1.2921,178.4135,0.0000,0.0000,0.0000,-0.6427,-1.3210,178.9858,0.021,434,0.0000,0.0000,0.0608,0,0,0.484
14.498,0,0,0,-0.6167,-1.2333,-0.6322,-1.2919,178.4333,0.0000,0.0000,0.0000,-0.6235,-1.2673,178.8906,0.017,437,0.0000,0.0000,0.0606,0,0,0.463
14.600,0,0,0,-0.6167,-1.2333,-0.6323,-1.2923,178.4523,0.0000,0.0000,0.0000,-0.6427,-1.3210,178.9854,0.021,440,0.0000,0.0000,0.0610,0,0,0.481
14.699,0,0,0,-0.6167,-1.2333,-0.6322,-1.2920,178.4712,0.0000,0.0000,0.0000,-0.6235,-1.2673,178.8909,0.018,443,0.0000,0.0000,0.0607,0,0,0.467
14.799,0,0,0,-0.6167,-1.2333,-0.6324,-1.2925,178.4895,0.0000,0.0000,0.0000,-0.6427,-1.3210,178.9858,0.017,446,0.0000,0.0000,0.0612,0,0,0.478
14.900,0,0,0,-0.6167,-1.2333,-0.6323,-1.2922,178.5049,0.0000,0.0000,0.0000,-0.6235,-1.2673,178.8914,0.017,449,0.0000,0.0000,0.0609,0,0,0.470
14.999,0,0,0,-0.6167,-1.2333,-0.6325,-1.2926,178.5213,0.0000,0.0000,0.0000,-0.6427,-1.3210,178.9866,0.017,452,0.0000,0.0000,0.0613,0,0,0.475
15.099,0,0,0,-0.6167,-1.2333,-0.6324,-1.2923,178.5364,0.0000,0.0000,0.0000,-0.6235,-1.2673,178.8909,0.018,455,0.0000,0.0000,0.0610,0,0,0.470
15.199,0,0,0,-0.6167,-1.2333,-0.6324,-1.2926,178.5449,0.0000,0.0000,0.0000,-0.6350,-1.3105,178.0600,0.021,458,0.0000,0.0000,0.0613,0,0,0.467
15.299,0,0,0,-0.6167,-1.2333,-0.6323,-1.2923,178.5609,0.0000,0.0000,0.0000,-0.6236,-1.2672,178.8900,0.017,461,0.0000,0.0000,0.0610,0,0,0.470
15.400,0,0,0,-0.6167,-1.2333,-0.6325,-1.2927,178.5761,0.0000,0.0000,0.0000,-0.6427,-1.3211,178.9933,0.010,464,0.0000,0.0000,0.0615,0,0,0.475
15.497,0,0,0,-0.6167,-1.2333,-0.6325,-1.2928,178.5861,0.0000,0.0000,0.0000,-0.6235,-1.2673,178.8910,0.007,467,0.0000,0.0000,0.0615,0,0,0.473
15.600,0,0,0,-0.6167,-1.2333,-0.6325,-1.2928,178.6056,0.0000,0.0000,0.0000,-0.6427,-1.3211,178.9929,0.010,470,0.0000,0.0000,0.0616,0,0,0.473
15.699,0,0,0,-0.6167,-1.2333,-0.6325,-1.2929,178.6139,0.0000,0.0000,0.0000,-0.6427,-1.3211,178.9925,0.046,472,0.0000,0.0000,0.0616,0,0,0.474
15.798,0,0,0,-0.6167,-1.2333,-0.6325,-1.2928,178.6199,0.0000,0.0000,0.0000,-0.6351,-1.3099,178.0251,0.017,476,0.0000,0.0000,0.0615,0,0,0.473
15.899,0,0,0,-0.6167,-1.2333,-0.6324,-1.2925,178.6327,0.0000,0.0000,0.0000,-0.6235,-1.2673,178.8916,0.017,479,0.0000,0.0000,0.0612,0,0,0.476
15.999,0,0,0,-0.6167,-1.2333,-0.6325,-1.2929,178.6459,0.0000,0.0000,0.0000,-0.6427,-1.3213,178.9994,0.016,482,0.0000,0.0000,0.0617,0,0,0.481
16.100,0,0,0,-0.6167,-1.2333,-0.6324,-1.2926,178.6571,0.0000,0.0000,0.0000,-0.6235,-1.2673,178.8912,0.019,485,0.0000,0.0000,0.0614,0,0,0.476
16.198,0,0,0,-0.6167,-1.2333,-0.6326,-1.2930,178.6698,0.0000,0.0000,0.0000,-0.6427,-1.3213,178.9984,0.020,488,0.0000,0.0000,0.0618,0,0,0.471
16.299,0,0,0,-0.6167,-1.2333,-0.6325,-1.2927,178.6786,0.0000,0.0000,0.0000,-0.6235,-1.2673,178.8909,0.017,491,0.0000,0.0000,0.0615,0,0,0.478
16.399,0,0,0,-0.6167,-1.2333,-0.6326,-1.2931,178.6896,0.0000,0.0000,0.0000,-0.6427,-1.3213,178.9985,0.019,494,0.0000,0.0000,0.0619,0,0,0.478
16.501,0,0,0,-0.6167,-1.2333,-0.6325,-1.2928,178.7014,0.0000,0.0000,0.0000,-0.6235,-1.2672,178.8912,0.020,497,0.0000,0.0000,0.0616,0,0,0.465
16.599,0,0,0,-0.6167,-1.2333,-0.6327,-1.2932,178.7129,0.0000,0.0000,0.0000,-0.6427,-1.3213,178.9976,0.020,500,0.0000,0.0000,0.0620,0,0,0.484
16.698,0,0,0,-0.6167,-1.2333,-0.6326,-1.2929,178.7237,0.0000,0.0000,0.0000,-0.6235,-1.2673,178.8911,0.012,503,0.0000,0.0000,0.0617,0,0,0.486
16.798,0,0,0,-0.6167,-1.2333,-0.6326,-1.2930,178.7325,0.0000,0.0000,0.0000,-0.6235,-1.2672,178.8903,0.047,505,0.0000,0.0000,0.0617,0,0,0.488
16.900,0,0,0,-0.6167,-1.2333,-0.6327,-1.2934,178.7434,0.0000,0.0000,0.0000,-0.6427,-1.3213,178.9982,0.043,508,0.0000,0.0000,0.0621,0,0,0.480
17.003,0,0,0,-0.6167,-1.2333,-0.6328,-1.2936,178.7455,0.0000,0.0000,0.0000,-0.6427,-1.3213,178.9894,0.020,511,0.0000,0.0000,0.0624,0,0,0.482
17.100,0,0,0,-0.6167,-1.2333,-0.6327,-1.2933,178.7544,0.0000,0.0000,0.0000,-0.6427,-1.3213,178.9901,0.040,514,0.0000,0.0000,0.0621,0,0,0.467
17.198,0,0,0,-0.6167,-1.2333,-0.6327,-1.2934,178.7659,0.0000,0.0000,0.0000,-0.6427,-1.3213,178.9901,0.016,518,0.0000,0.0000,0.0621,0,0,0.467
17.298,0,0,0,-0.6167,-1.2333,-0.6327,-1.2934,178.7726,0.0000,0.0000,0.0000,-0.6235,-1.2672,178.8906,0.012,521,0.0000,0.0000,0.0621,0,0,0.471
17.401,0,0,0,-0.6167,-1.2333,-0.6327,-1.2934,178.7839,0.0000,0.0000,0.0000,-0.6427,-1.3213,178.9894,0.019,524,0.0000,0.0000,0.0622,0,0,0.487
17.498,0,0,0,-0.6167,-1.2333,-0.6326,-1.2931,178.7906,0.0000,0.0000,0.0000,-0.6235,-1.2672,178.8907,0.013,527,0.0000,0.0000,0.0619,0,0,0.468
17.599,0,0,0,-0.6167,-1.2333,-0.6328,-1.2935,178.8004,0.0000,0.0000,0.0000,-0.6427,-1.3213,178.9902,0.017,530,0.0000,0.0000,0.0623,0,0,0.478
17.700,0,0,0,-0.6167,-1.2333,-0.6326,-1.2932,178.8089,0.0000,0.0000,0.0000,-0.6235,-1.2672,178.8907,0.015,533,0.0000,0.0000,0.0619,0,0,0.465
17.798,0,0,0,-0.6167,-1.2333,-0.6328,-1.2936,178.8160,0.0000,0.0000,0.0000,-0.6427,-1.3213,178.9894,0.017,536,0.0000,0.0000,0.0624,0,0,0.475
17.901,0,0,0,-0.6167,-1.2333,-0.6327,-1.2933,178.8229,0.0000,0.0000,0.0000,-0.6235,-1.2672,178.8912,0.018,539,0.0000,0.0000,0.0620,0,0,0.479
18.001,0,0,0,-0.6167,-1.2333,-0.6327,-1.2933,178.8296,0.0000,0.0000,0.0000,-0.6235,-1.2672,178.8912,0.044,541,0.0000,0.0000,0.0620,0,0,0.477
18.101,0,0,0,-0.6167,-1.2333,-0.6327,-1.2933,178.8377,0.0000,0.0000,0.0000,-0.6235,-1.2673,178.8915,0.018,545,0.0000,0.0000,0.0621,0,0,0.468
18.199,0,0,0,-0.6167,-1.2333,-0.6327,-1.2933,178.8455,0.0000,0.0000,0.0000,-0.6427,-1.3213,178.9896,0.007,548,0.0000,0.0000,0.0621,0,0,0.478
18.299,0,0,0,-0.6167,-1.2333,-0.6328,-1.2937,178.8537,0.0000,0.0000,0.0000,-0.6426,-1.3213,178.9912,0.019,550,0.0000,0.0000,0.0625,0,0,0.472
18.400,0,0,0,-0.6167,-1.2333,-0.6328,-1.2936,178.8537,0.0000,0.0000,0.0000,-0.6351,-1.3099,178.0499,0.013,554,0.0000,0.0000,0.0624,0,0,0.469
18.500,0,0,0,-0.6167,-1.2333,-0.6328,-1.2936,178.8591,0.0000,0.0000,0.0000,-0.6235,-1.2673,178.8920,0.013,557,0.0000,0.0000,0.0624,0,0,0.477
18.598,0,0,0,-0.6167,-1.2333,-0.6328,-1.2937,178.8671,0.0000,0.0000,0.0000,-0.6426,-1.3212,178.9900,0.015,560,0.0000,0.0000,0.0625,0,0,0.466
18.699,0,0,0,-0.6167,-1.2333,-0.6327,-1.2933,178.8732,0.0000,0.0000,0.0000,-0.6235,-1.2672,178.8919,0.017,563,0.0000,0.0000,0.0621,0,0,0.473
18.798,0,0,0,-0.6167,-1.2333,-0.6328,-1.2937,178.8798,0.0000,0.0000,0.0000,-0.6426,-1.3212,178.9890,0.017,566,0.0000,0.0000,0.0625,0,0,0.478
18.902,0,0,0,-0.6167,-1.2333,-0.6327,-1.2934,178.8870,0.0000,0.0000,0.0000,-0.6235,-1.2672,178.8916,0.018,569,0.0000,0.0000,0.0622,0,0,0.478
18.999,0,0,0,-0.6167,-1.2333,-0.6328,-1.2938,178.8928,0.0000,0.0000,0.0000,-0.6426,-1.3212,178.9889,0.018,572,0.0000,0.0000,0.0626,0,0,0.478
19.098,0,0,0,-0.6167,-1.2333,-0.6328,-1.2938,178.8980,0.0000,0.0000,0.0000,-0.6235,-1.2672,178.8910,0.012,575,0.0000,0.0000,0.0626,0,0,0.481
19.200,0,0,0,-0.6167,-1.2333,-0.6329,-1.2938,178.9049,0.0000,0.0000,0.0000,-0.6426,-1.3212,178.9914,0.018,578,0.0000,0.0000,0.0626,0,0,0.476
19.299,0,0,0,-0.6167,-1.2333,-0.6327,-1.2935,178.9103,0.0000,0.0000,0.0000,-0.6235,-1.2672,178.8917,0.013,581,0.0000,0.0000,0.0623,0,0,0.479
19.401,0,0,0,-0.6167,-1.2333,-0.6329,-1.2939,178.9143,0.0000,0.0000,0.0000,-0.6426,-1.3212,178.9909,0.014,584,0.0000,0.0000,0.0627,0,0,0.482
19.498,0,0,0,-0.6167,-1.2333,-0.6328,-1.2935,178.9188,0.0000,0.0000,0.0000,-0.6235,-1.2672,178.8917,0.014,587,0.0000,0.0000,0.0623,0,0,0.474
19.600,0,0,0,-0.6167,-1.2333,-0.6328,-1.2935,178.9233,0.0000,0.0000,0.0000,-0.6235,-1.2673,178.8920,0.044,589,0.0000,0.0000,0.0623,0,0,0.492
19.699,0,0,0,-0.6167,-1.2333,-0.6329,-1.2939,178.9283,0.0000,0.0000,0.0000,-0.6427,-1.3212,178.9884,0.043,592,0.0000,0.0000,0.0627,0,0,0.478
19.798,0,0,0,-0.6167,-1.2333,-0.6329,-1.2939,178.9332,0.0000,0.0000,0.0000,-0.6426,-1.3212,178.9898,0.016,596,0.0000,0.0000,0.0627,0,0,0.476
19.898,0,0,0,-0.6167,-1.2333,-0.6328,-1.2936,178.9350,0.0000,0.0000,0.0000,-0.6235,-1.2672,178.8914,0.012,599,0.0000,0.0000,0.0624,0,0,0.482
20.001,0,0,0,-0.6167,-1.2333,-0.6329,-1.2940,178.9397,0.0000,0.0000,0.0000,-0.6426,-1.3212,178.9908,0.018,602,0.0000,0.0000,0.0628,0,0,0.481
20.098,0,0,0,-0.6167,-1.2333,-0.6327,-1.2935,178.9323,0.0000,0.0000,0.0000,-0.6235,-1.2672,178.8916,0.014,605,0.0000,0.0000,0.0623,0,0,0.469
20.198,0,0,0,-0.6167,-1.2333,-0.6329,-1.2939,178.9370,0.0000,0.0000,0.0000,-0.6427,-1.3210,178.9908,0.017,608,0.0000,0.0000,0.0626,0,0,0.468
20.301,0,0,0,-0.6167,-1.2333,-0.6326,-1.2934,178.9315,0.0000,0.0000,0.0000,-0.6235,-1.2673,178.8925,0.017,611,0.0000,0.0000,0.0621,0,0,0.478
20.399,0,0,0,-0.6167,-1.2333,-0.6328,-1.2938,178.9347,0.0000,0.0000,0.0000,-0.6426,-1.3213,178.9941,0.019,614,0.0000,0.0000,0.0625,0,0,0.473
20.498,0,0,0,-0.6167,-1.2333,-0.6327,-1.2934,178.9385,0.0000,0.0000,0.0000,-0.6236,-1.2672,178.8902,0.016,617,0.0000,0.0000,0.0622,0,0,0.471
20.600,0,0,0,-0.6167,-1.2333,-0.6328,-1.2938,178.9416,0.0000,0.0000,0.0000,-0.6427,-1.3213,178.9938,0.018,620,0.0000,0.0000,0.0626,0,0,0.481
20.698,0,0,0,-0.6167,-1.2333,-0.6327,-1.2935,178.9446,0.0000,0.0000,0.0000,-0.6235,-1.2672,178.8914,0.017,623,0.0000,0.0000,0.0622,0,0,0.474
20.799,0,0,0,-0.6167,-1.2333,-0.6327,-1.2935,178.9465,0.0000,0.0000,0.0000,-0.6235,-1.2672,178.8912,0.046,625,0.0000,0.0000,0.0623,0,0,0.476
20.898,0,0,0,-0.6167,-1.2333,-0.6329,-1.2939,178.9484,0.0000,0.0000,0.0000,-0.6426,-1.3213,178.9942,0.030,628,0.0000,0.0000,0.0627,0,0,0.477
21.002,0,0,0,-0.6167,-1.2333,-0.6329,-1.2939,178.9536,0.0000,0.0000,0.0000,-0.6426,-1.3213,178.9947,0.008,632,0.0000,0.0000,0.0627,0,0,0.472
21.098,0,0,0,-0.6167,-1.2333,-0.6329,-1.2939,178.9573,0.0000,0.0000,0.0000,-0.6235,-1.2672,178.8912,0.007,635,0.0000,0.0000,0.0627,0,0,0.472
21.198,0,0,0,-0.6167,-1.2333,-0.6329,-1.2939,178.9600,0.0000,0.0000,0.0000,-0.6427,-1.3213,178.9933,0.016,638,0.0000,0.0000,0.0627,0,0,0.480
21.297,0,0,0,-0.6167,-1.2333,-0.6328,-1.2936,178.9630,0.0000,0.0000,0.0000,-0.6235,-1.2672,178.8913,0.016,641,0.0000,0.0000,0.0624,0,0,0.471
21.399,0,0,0,-0.6167,-1.2333,-0.6329,-1.2940,178.9679,0.0000,0.0000,0.0000,-0.6426,-1.3212,178.9940,0.015,644,0.0000,0.0000,0.0628,0,0,0.465
21.498,0,0,0,-0.6167,-1.2333,-0.6328,-1.2936,178.9709,0.0000,0.0000,0.0000,-0.6235,-1.2672,178.8913,0.015,647,0.0000,0.0000,0.0624,0,0,0.477
21.598,0,0,0,-0.6167,-1.2333,-0.6329,-1.2940,178.9735,0.0000,0.0000,0.0000,-0.6427,-1.3212,178.9925,0.017,650,0.0000,0.0000,0.0628,0,0,0.471
21.702,0,0,0,-0.6167,-1.2333,-0.6328,-1.2937,178.9763,0.0000,0.0000,0.0000,-0.6235,-1.2672,178.8915,0.018,653,0.0000,0.0000,0.0625,0,0,0.479
21.798,0,0,0,-0.6167,-1.2333,-0.6329,-1.2940,178.9787,0.0000,0.0000,0.0000,-0.6426,-1.3212,178.9934,0.019,656,0.0000,0.0000,0.0628,0,0,0.465
21.899,0,0,0,-0.6167,-1.2333,-0.6328,-1.2937,178.9796,0.0000,0.0000,0.0000,-0.6235,-1.2672,178.8916,0.015,659,0.0000,0.0000,0.0625,0,0,0.483
21.998,0,0,0,-0.6167,-1.2333,-0.6330,-1.2941,178.9838,0.0000,0.0000,0.0000,-0.6427,-1.3212,178.9927,0.019,662,0.0000,0.0000,0.0629,0,0,0.474
22.101,0,0,0,-0.6167,-1.2333,-0.6328,-1.2937,178.9872,0.0000,0.0000,0.0000,-0.6235,-1.2673,178.8921,0.015,665,0.0000,0.0000,0.0625,0,0,0.467
22.199,0,0,0,-0.6167,-1.2333,-0.6328,-1.2937,178.9897,0.0000,0.0000,0.0000,-0.6427,-1.3212,178.9925,0.013,668,0.0000,0.0000,0.0625,0,0,0.481
22.301,0,0,0,-0.6167,-1.2333,-0.6329,-1.2937,178.9905,0.0000,0.0000,0.0000,-0.6235,-1.2673,178.8924,0.011,671,0.0000,0.0000,0.0625,0,0,0.470
22.400,0,0,0,-0.6167,-1.2333,-0.6330,-1.2941,178.9937,0.0000,0.0000,0.0000,-0.6427,-1.3212,178.9929,0.012,674,0.0000,0.0000,0.0629,0,0,0.466
22.500,0,0,0,-0.6167,-1.2333,-0.6330,-1.2941,178.9973,0.0000,0.0000,0.0000,-0.6427,-1.3212,178.9921,0.054,676,0.0000,0.0000,0.0629,0,0,0.477
22.599,0,0,0,-0.6167,-1.2333,-0.6330,-1.2941,178.9986,0.0000,0.0000,0.0000,-0.6427,-1.3212,178.9923,0.019,680,0.0000,0.0000,0.0629,0,0,0.472
22.700,0,0,0,-0.6167,-1.2333,-0.6329,-1.2938,178.9988,0.0000,0.0000,0.0000,-0.6235,-1.2672,178.8915,0.017,683,0.0000,0.0000,0.0626,0,0,0.472
22.800,0,0,0,-0.6167,-1.2333,-0.6330,-1.2941,179.0004,0.0000,0.0000,0.0000,-0.6427,-1.3212,178.9918,0.022,686,0.0000,0.0000,0.0630,0,0,0.480
22.899,0,0,0,-0.6167,-1.2333,-0.6329,-1.2938,179.0011,0.0000,0.0000,0.0000,-0.6235,-1.2672,178.8916,0.017,689,0.0000,0.0000,0.0626,0,0,0.481
23.001,0,0,0,-0.6167,-1.2333,-0.6330,-1.2942,179.0036,0.0000,0.0000,0.0000,-0.6427,-1.3212,178.9930,0.018,692,0.0000,0.0000,0.0630,0,0,0.487
23.102,0,0,0,-0.6167,-1.2333,-0.6328,-1.2937,178.9922,0.0000,0.0000,0.0000,-0.6235,-1.2672,178.8911,0.020,695,0.0000,0.0000,0.0625,0,0,0.481
23.200,0,0,0,-0.6167,-1.2333,-0.6329,-1.2940,178.9940,0.0000,0.0000,0.0000,-0.6427,-1.3213,178.9991,0.018,698,0.0000,0.0000,0.0629,0,0,0.477
23.299,0,0,0,-0.6167,-1.2333,-0.6329,-1.2940,178.9949,0.0000,0.0000,0.0000,-0.6235,-1.2673,178.8917,0.014,701,0.0000,0.0000,0.0629,0,0,0.479
23.400,0,0,0,-0.6167,-1.2333,-0.6330,-1.2941,178.9956,0.0000,0.0000,0.0000,-0.6427,-1.3212,178.9975,0.019,704,0.0000,0.0000,0.0629,0,0,0.469
23.498,0,0,0,-0.6167,-1.2333,-0.6328,-1.2937,178.9965,0.0000,0.0000,0.0000,-0.6235,-1.2673,178.8920,0.014,707,0.0000,0.0000,0.0625,0,0,0.472
23.599,0,0,0,-0.6167,-1.2333,-0.6328,-1.2937,178.9987,0.0000,0.0000,0.0000,-0.6235,-1.2673,178.8925,0.047,709,0.0000,0.0000,0.0625,0,0,0.472
23.700,0,0,0,-0.6167,-1.2333,-0.6330,-1.2941,179.0009,0.0000,0.0000,0.0000,-0.6427,-1.3212,178.9966,0.030,712,0.0000,0.0000,0.0629,0,0,0.480
23.801,0,0,0,-0.6167,-1.2333,-0.6330,-1.2941,179.0015,0.0000,0.0000,0.0000,-0.6235,-1.2673,178.8923,0.011,716,0.0000,0.0000,0.0629,0,0,0.468
23.901,0,0,0,-0.6167,-1.2333,-0.6329,-1.2938,179.0011,0.0000,0.0000,0.0000,-0.6235,-1.2672,178.8913,0.010,719,0.0000,0.0000,0.0626,0,0,0.478
23.999,0,0,0,-0.6167,-1.2333,-0.6330,-1.2941,179.0048,0.0000,0.0000,0.0000,-0.6427,-1.3212,178.9951,0.017,722,0.0000,0.0000,0.0630,0,0,0.479
24.098,0,0,0,-0.6167,-1.2333,-0.6329,-1.2938,179.0052,0.0000,0.0000,0.0000,-0.6235,-1.2673,178.8913,0.017,725,0.0000,0.0000,0.0626,0,0,0.477
24.198,0,0,0,-0.6167,-1.2333,-0.6329,-1.2938,179.0081,0.0000,0.0000,0.0000,-0.6427,-1.3212,178.9956,0.020,727,0.0000,0.0000,0.0626,0,0,0.471
24.299,0,0,0,-0.6167,-1.2333,-0.6328,-1.2935,179.0079,0.0000,0.0000,0.0000,-0.6235,-1.2673,178.8919,0.016,730,0.0000,0.0000,0.0623,0,0,0.484
24.399,0,0,0,-0.6167,-1.2333,-0.6329,-1.2939,179.0094,0.0000,0.0000,0.0000,-0.6427,-1.3212,178.9951,0.020,733,0.0000,0.0000,0.0627,0,0,0.472
24.500,0,0,0,-0.6167,-1.2333,-0.6328,-1.2935,179.0112,0.0000,0.0000,0.0000,-0.6235,-1.2672,178.8913,0.019,736,0.0000,0.0000,0.0623,0,0,0.472
24.599,0,0,0,-0.6167,-1.2333,-0.6329,-1.2939,179.0122,0.0000,0.0000,0.0000,-0.6427,-1.3212,178.9944,0.018,739,0.0000,0.0000,0.0627,0,0,0.473
24.706,0,0,0,-0.6167,-1.2333,-0.6329,-1.2939,179.0126,0.0000,0.0000,0.0000,-0.6236,-1.2672,178.8907,0.012,742,0.0000,0.0000,0.0627,0,0,0.472
24.798,0,0,0,-0.6167,-1.2333,-0.6328,-1.2936,179.0112,0.0000,0.0000,0.0000,-0.6236,-1.2673,178.8910,0.035,744,0.0000,0.0000,0.0624,0,0,0.479
24.902,0,0,0,-0.6167,-1.2333,-0.6330,-1.2940,179.0116,0.0000,0.0000,0.0000,-0.6236,-1.2673,178.8912,0.012,748,0.0000,0.0000,0.0628,0,0,0.475
25.001,0,0,0,-0.6167,-1.2333,-0.6330,-1.2940,179.0126,0.0000,0.0000,0.0000,-0.6427,-1.3212,178.9942,0.010,751,0.0000,0.0000,0.0628,0,0,0.474
25.099,0,0,0,-0.6167,-1.2333,-0.6329,-1.2936,179.0144,0.0000,0.0000,0.0000,-0.6236,-1.2672,178.8909,0.007,754,0.0000,0.0000,0.0624,0,0,0.481
25.198,0,0,0,-0.6167,-1.2333,-0.6330,-1.2940,179.0175,0.0000,0.0000,0.0000,-0.6427,-1.3212,178.9933,0.012,757,0.0000,0.0000,0.0628,0,0,0.468
25.301,0,0,0,-0.6167,-1.2333,-0.6330,-1.2940,179.0196,0.0000,0.0000,0.0000,-0.6427,-1.3212,178.9938,0.041,759,0.0000,0.0000,0.0628,0,0,0.462
25.399,0,0,0,-0.6167,-1.2333,-0.6330,-1.2940,179.0207,0.0000,0.0000,0.0000,-0.6427,-1.3212,178.9939,0.017,763,0.0000,0.0000,0.0629,0,0,0.465
25.499,0,0,0,-0.6167,-1.2333,-0.6329,-1.2937,179.0223,0.0000,0.0000,0.0000,-0.6236,-1.2673,178.8913,0.019,766,0.0000,0.0000,0.0625,0,0,0.490
25.599,0,0,0,-0.6167,-1.2333,-0.6330,-1.2941,179.0226,0.0000,0.0000,0.0000,-0.6427,-1.3212,178.9936,0.019,769,0.0000,0.0000,0.0629,0,0,0.474
25.699,0,0,0,-0.6167,-1.2333,-0.6329,-1.2937,179.0248,0.0000,0.0000,0.0000,-0.6235,-1.2673,178.8927,0.015,772,0.0000,0.0000,0.0625,0,0,0.462
25.798,0,0,0,-0.6167,-1.2333,-0.6330,-1.2941,179.0256,0.0000,0.0000,0.0000,-0.6427,-1.3212,178.9933,0.017,775,0.0000,0.0000,0.0629,0,0,0.482
25.898,0,0,0,-0.6167,-1.2333,-0.6329,-1.2937,179.0255,0.0000,0.0000,0.0000,-0.6235,-1.2673,178.8918,0.012,778,0.0000,0.0000,0.0626,0,0,0.476
25.998,0,0,0,-0.6167,-1.2333,-0.6330,-1.2941,179.0252,0.0000,0.0000,0.0000,-0.6427,-1.3212,178.9942,0.015,781,0.0000,0.0000,0.0629,0,0,0.469
26.097,0,0,0,-0.6167,-1.2333,-0.6329,-1.2938,179.0259,0.0000,0.0000,0.0000,-0.6235,-1.2673,178.8918,0.011,784,0.0000,0.0000,0.0626,0,0,0.483
26.198,0,0,0,-0.6167,-1.2333,-0.6329,-1.2938,179.0300,0.0000,0.0000,0.0000,-0.6427,-1.3212,178.9932,0.009,787,0.0000,0.0000,0.0626,0,0,0.482
26.298,0,0,0,-0.6167,-1.2333,-0.6329,-1.2938,179.0307,0.0000,0.0000,0.0000,-0.6235,-1.2673,178.8917,0.017,790,0.0000,0.0000,0.0626,0,0,0.469
26.400,0,0,0,-0.6167,-1.2333,-0.6329,-1.2938,179.0328,0.0000,0.0000,0.0000,-0.6235,-1.2673,178.8919,0.044,792,0.0000,0.0000,0.0626,0,0,0.472
26.499,0,0,0,-0.6167,-1.2333,-0.6331,-1.2942,179.0333,0.0000,0.0000,0.0000,-0.6427,-1.3212,178.9944,0.042,795,0.0000,0.0000,0.0630,0,0,0.472
26.599,0,0,0,-0.6167,-1.2333,-0.6331,-1.2942,179.0328,0.0000,0.0000,0.0000,-0.6427,-1.3212,178.9929,0.018,799,0.0000,0.0000,0.0630,0,0,0.476
26.699,0,0,0,-0.6167,-1.2333,-0.6329,-1.2938,179.0361,0.0000,0.0000,0.0000,-0.6235,-1.2672,178.8911,0.019,802,0.0000,0.0000,0.0626,0,0,0.473
26.798,0,0,0,-0.6167,-1.2333,-0.6331,-1.2942,179.0376,0.0000,0.0000,0.0000,-0.6427,-1.3212,178.9909,0.024,805,0.0000,0.0000,0.0630,0,0,0.472
26.900,0,0,0,-0.6167,-1.2333,-0.6330,-1.2938,179.0367,0.0000,0.0000,0.0000,-0.6235,-1.2673,178.8922,0.018,808,0.0000,0.0000,0.0627,0,0,0.459
26.998,0,0,0,-0.6167,-1.2333,-0.6331,-1.2942,179.0376,0.0000,0.0000,0.0000,-0.6427,-1.3212,178.9921,0.018,811,0.0000,0.0000,0.0630,0,0,0.474
27.099,0,0,0,-0.6167,-1.2333,-0.6329,-1.2937,179.0292,0.0000,0.0000,0.0000,-0.6235,-1.2673,178.8916,0.017,814,0.0000,0.0000,0.0625,0,0,0.474
27.199,0,0,0,-0.6167,-1.2333,-0.6330,-1.2941,179.0318,0.0000,0.0000,0.0000,-0.6428,-1.3210,178.9892,0.020,817,0.0000,0.0000,0.0629,0,0,0.465
27.298,0,0,0,-0.6167,-1.2333,-0.6329,-1.2937,179.0340,0.0000,0.0000,0.0000,-0.6235,-1.2673,178.8916,0.013,820,0.0000,0.0000,0.0625,0,0,0.482
27.399,0,0,0,-0.6167,-1.2333,-0.6330,-1.2941,179.0361,0.0000,0.0000,0.0000,-0.6428,-1.3210,178.9897,0.020,823,0.0000,0.0000,0.0629,0,0,0.472
27.499,0,0,0,-0.6167,-1.2333,-0.6329,-1.2937,179.0370,0.0000,0.0000,0.0000,-0.6235,-1.2673,178.8929,0.018,826,0.0000,0.0000,0.0626,0,0,0.481
27.600,0,0,0,-0.6167,-1.2333,-0.6329,-1.2938,179.0379,0.0000,0.0000,0.0000,-0.6236,-1.2672,178.8910,0.053,828,0.0000,0.0000,0.0626,0,0,0.470
27.699,0,0,0,-0.6167,-1.2333,-0.6330,-1.2941,179.0376,0.0000,0.0000,0.0000,-0.6428,-1.3211,178.9898,0.046,831,0.0000,0.0000,0.0630,0,0,0.484
27.800,0,0,0,-0.6167,-1.2333,-0.6329,-1.2938,179.0378,0.0000,0.0000,0.0000,-0.6235,-1.2672,178.8912,0.017,834,0.0000,0.0000,0.0626,0,0,0.473
27.898,0,0,0,-0.6167,-1.2333,-0.6331,-1.2941,179.0395,0.0000,0.0000,0.0000,-0.6235,-1.2672,178.8914,0.003,838,0.0000,0.0000,0.0630,0,0,0.480
27.999,0,0,0,-0.6167,-1.2333,-0.6331,-1.2941,179.0393,0.0000,0.0000,0.0000,-0.6427,-1.3211,178.9906,0.019,841,0.0000,0.0000,0.0630,0,0,0.465
28.102,0,0,0,-0.6167,-1.2333,-0.6329,-1.2938,179.0406,0.0000,0.0000,0.0000,-0.6235,-1.2672,178.8914,0.020,844,0.0000,0.0000,0.0626,0,0,0.475
28.200,0,0,0,-0.6167,-1.2333,-0.6331,-1.2942,179.0436,0.0000,0.0000,0.0000,-0.6427,-1.3211,178.9902,0.024,847,0.0000,0.0000,0.0630,0,0,0.477
28.301,0,0,0,-0.6167,-1.2333,-0.6329,-1.2938,179.0440,0.0000,0.0000,0.0000,-0.6235,-1.2672,178.8918,0.019,850,0.0000,0.0000,0.0626,0,0,0.483
28.400,0,0,0,-0.6167,-1.2333,-0.6331,-1.2942,179.0466,0.0000,0.0000,0.0000,-0.6427,-1.3211,178.9906,0.019,853,0.0000,0.0000,0.0630,0,0,0.475
28.499,0,0,0,-0.6167,-1.2333,-0.6330,-1.2938,179.0480,0.0000,0.0000,0.0000,-0.6235,-1.2672,178.8919,0.017,856,0.0000,0.0000,0.0626,0,0,0.473
28.600,0,0,0,-0.6167,-1.2333,-0.6330,-1.2940,179.0401,0.0000,0.0000,0.0000,-0.6426,-1.3209,178.9913,0.019,859,0.0000,0.0000,0.0629,0,0,0.477
28.699,0,0,0,-0.6167,-1.2333,-0.6329,-1.2937,179.0392,0.0000,0.0000,0.0000,-0.6235,-1.2673,178.8927,0.016,862,0.0000,0.0000,0.0625,0,0,0.475
28.798,0,0,0,-0.6167,-1.2333,-0.6330,-1.2940,179.0395,0.0000,0.0000,0.0000,-0.6427,-1.3209,178.9914,0.018,865,0.0000,0.0000,0.0629,0,0,0.485
28.901,0,0,0,-0.6167,-1.2333,-0.6329,-1.2937,179.0383,0.0000,0.0000,0.0000,-0.6235,-1.2672,178.8919,0.020,868,0.0000,0.0000,0.0625,0,0,0.475
29.001,0,0,0,-0.6167,-1.2333,-0.6330,-1.2941,179.0390,0.0000,0.0000,0.0000,-0.6426,-1.3209,178.9937,0.015,871,0.0000,0.0000,0.0629,0,0,0.481
29.099,0,0,0,-0.6167,-1.2333,-0.6330,-1.2941,179.0402,0.0000,0.0000,0.0000,-0.6235,-1.2673,178.8922,0.015,874,0.0000,0.0000,0.0629,0,0,0.466
29.199,0,0,0,-0.6167,-1.2333,-0.6329,-1.2939,179.0312,0.0000,0.0000,0.0000,-0.6350,-1.3102,178.0417,0.014,877,0.0000,0.0000,0.0628,0,0,0.473
29.302,0,0,0,-0.6167,-1.2333,-0.6329,-1.2939,179.0314,0.0000,0.0000,0.0000,-0.6427,-1.3212,178.9987,0.056,879,0.0000,0.0000,0.0628,0,0,0.473
29.399,0,0,0,-0.6167,-1.2333,-0.6329,-1.2940,179.0312,0.0000,0.0000,0.0000,-0.6427,-1.3212,178.9970,0.020,883,0.0000,0.0000,0.0628,0,0,0.477
29.500,0,0,0,-0.6167,-1.2333,-0.6328,-1.2936,179.0322,0.0000,0.0000,0.0000,-0.6235,-1.2672,178.8914,0.018,886,0.0000,0.0000,0.0624,0,0,0.480
29.599,0,0,0,-0.6167,-1.2333,-0.6330,-1.2940,179.0336,0.0000,0.0000,0.0000,-0.6427,-1.3212,178.9965,0.020,889,0.0000,0.0000,0.0628,0,0,0.468
29.700,0,0,0,-0.6167,-1.2333,-0.6328,-1.2937,179.0328,0.0000,0.0000,0.0000,-0.6235,-1.2673,178.8921,0.017,892,0.0000,0.0000,0.0625,0,0,0.476
29.802,0,0,0,-0.6167,-1.2333,-0.6330,-1.2940,179.0338,0.0000,0.0000,0.0000,-0.6427,-1.3212,178.9947,0.022,895,0.0000,0.0000,0.0628,0,0,0.471
29.899,0,0,0,-0.6167,-1.2333,-0.6329,-1.2937,179.0333,0.0000,0.0000,0.0000,-0.6235,-1.2673,178.8923,0.016,898,0.0000,0.0000,0.0625,0,0,0.475
30.001,0,0,0,-0.6167,-1.2333,-0.6330,-1.2940,179.0351,0.0000,0.0000,0.0000,-0.6427,-1.3212,178.9962,0.019,901,0.0000,0.0000,0.0629,0,0,0.478
30.098,0,0,0,-0.6167,-1.2333,-0.6329,-1.2937,179.0338,0.0000,0.0000,0.0000,-0.6235,-1.2672,178.8913,0.019,904,0.0000,0.0000,0.0625,0,0,0.472
30.199,0,0,0,-0.6167,-1.2333,-0.6330,-1.2941,179.0346,0.0000,0.0000,0.0000,-0.6427,-1.3211,178.9952,0.022,907,0.0000,0.0000,0.0629,0,0,0.479
30.299,0,0,0,-0.6167,-1.2333,-0.6328,-1.2936,179.0251,0.0000,0.0000,0.0000,-0.6236,-1.2672,178.8905,0.012,910,0.0000,0.0000,0.0624,0,0,0.468
30.399,0,0,0,-0.6167,-1.2333,-0.6328,-1.2936,179.0274,0.0000,0.0000,0.0000,-0.6426,-1.3213,178.9922,0.038,912,0.0000,0.0000,0.0624,0,0,0.475
30.500,0,0,0,-0.6167,-1.2333,-0.6328,-1.2939,179.0207,0.0000,0.0000,0.0000,-0.6428,-1.3211,178.9879,0.030,915,0.0000,0.0000,0.0626,0,0,0.468
30.602,0,0,0,-0.6167,-1.2333,-0.6329,-1.2939,179.0219,0.0000,0.0000,0.0000,-0.6236,-1.2672,178.8912,0.008,919,0.0000,0.0000,0.0627,0,0,0.472
30.700,0,0,0,-0.6167,-1.2333,-0.6327,-1.2935,179.0212,0.0000,0.0000,0.0000,-0.6235,-1.2672,178.8914,0.010,922,0.0000,0.0000,0.0623,0,0,0.468
30.800,0,0,0,-0.6167,-1.2333,-0.6329,-1.2939,179.0233,0.0000,0.0000,0.0000,-0.6427,-1.3212,178.9907,0.018,925,0.0000,0.0000,0.0627,0,0,0.468
30.901,0,0,0,-0.6167,-1.2333,-0.6328,-1.2936,179.0237,0.0000,0.0000,0.0000,-0.6236,-1.2672,178.8912,0.018,928,0.0000,0.0000,0.0623,0,0,0.478
30.999,0,0,0,-0.6167,-1.2333,-0.6328,-1.2938,179.0166,0.0000,0.0000,0.0000,-0.6355,-1.3102,178.0684,0.020,931,0.0000,0.0000,0.0626,0,0,0.467
31.101,0,0,0,-0.6167,-1.2333,-0.6327,-1.2935,179.0174,0.0000,0.0000,0.0000,-0.6235,-1.2673,178.8916,0.019,934,0.0000,0.0000,0.0622,0,0,0.481
31.198,0,0,0,-0.6167,-1.2333,-0.6328,-1.2938,179.0198,0.0000,0.0000,0.0000,-0.6427,-1.3209,178.9832,0.023,937,0.0000,0.0000,0.0626,0,0,0.479
31.301,0,0,0,-0.6167,-1.2333,-0.6327,-1.2935,179.0221,0.0000,0.0000,0.0000,-0.6235,-1.2673,178.8918,0.020,940,0.0000,0.0000,0.0623,0,0,0.475
31.400,0,0,0,-0.6167,-1.2333,-0.6329,-1.2939,179.0233,0.0000,0.0000,0.0000,-0.6427,-1.3209,178.9845,0.022,943,0.0000,0.0000,0.0627,0,0,0.471
31.501,0,0,0,-0.6167,-1.2333,-0.6327,-1.2935,179.0238,0.0000,0.0000,0.0000,-0.6236,-1.2672,178.8912,0.018,946,0.0000,0.0000,0.0623,0,0,0.480
31.598,0,0,0,-0.6167,-1.2333,-0.6328,-1.2935,179.0246,0.0000,0.0000,0.0000,-0.6235,-1.2673,178.8917,0.053,948,0.0000,0.0000,0.0623,0,0,0.474
31.700,0,0,0,-0.6167,-1.2333,-0.6328,-1.2936,179.0257,0.0000,0.0000,0.0000,-0.6427,-1.3209,178.9856,0.012,952,0.0000,0.0000,0.0623,0,0,0.473
31.802,0,0,0,-0.6167,-1.2333,-0.6329,-1.2939,179.0269,0.0000,0.0000,0.0000,-0.6427,-1.3209,178.9853,0.007,955,0.0000,0.0000,0.0627,0,0,0.463
31.898,0,0,0,-0.6167,-1.2333,-0.6329,-1.2939,179.0280,0.0000,0.0000,0.0000,-0.6235,-1.2673,178.8916,0.011,958,0.0000,0.0000,0.0627,0,0,0.479
31.998,0,0,0,-0.6167,-1.2333,-0.6329,-1.2940,179.0284,0.0000,0.0000,0.0000,-0.6427,-1.3209,178.9858,0.016,961,0.0000,0.0000,0.0628,0,0,0.467
32.102,0,0,0,-0.6167,-1.2333,-0.6328,-1.2936,179.0299,0.0000,0.0000,0.0000,-0.6235,-1.2673,178.8924,0.009,964,0.0000,0.0000,0.0624,0,0,0.472
32.200,0,0,0,-0.6167,-1.2333,-0.6329,-1.2940,179.0315,0.0000,0.0000,0.0000,-0.6427,-1.3209,178.9851,0.022,967,0.0000,0.0000,0.0628,0,0,0.479
32.300,0,0,0,-0.6167,-1.2333,-0.6328,-1.2936,179.0312,0.0000,0.0000,0.0000,-0.6235,-1.2673,178.8918,0.019,970,0.0000,0.0000,0.0624,0,0,0.474
32.398,0,0,0,-0.6167,-1.2333,-0.6330,-1.2940,179.0315,0.0000,0.0000,0.0000,-0.6427,-1.3210,178.9859,0.020,973,0.0000,0.0000,0.0628,0,0,0.470
32.497,0,0,0,-0.6167,-1.2333,-0.6327,-1.2935,179.0213,0.0000,0.0000,0.0000,-0.6235,-1.2673,178.8918,0.017,976,0.0000,0.0000,0.0623,0,0,0.483
32.599,0,0,0,-0.6167,-1.2333,-0.6328,-1.2937,179.0136,0.0000,0.0000,0.0000,-0.6426,-1.3211,178.9863,0.020,979,0.0000,0.0000,0.0625,0,0,0.482
32.701,0,0,0,-0.6167,-1.2333,-0.6327,-1.2934,179.0155,0.0000,0.0000,0.0000,-0.6236,-1.2673,178.8915,0.020,982,0.0000,0.0000,0.0622,0,0,0.474
32.799,0,0,0,-0.6167,-1.2333,-0.6328,-1.2938,179.0172,0.0000,0.0000,0.0000,-0.6426,-1.3211,178.9867,0.022,985,0.0000,0.0000,0.0626,0,0,0.481
32.901,0,0,0,-0.6167,-1.2333,-0.6327,-1.2935,179.0194,0.0000,0.0000,0.0000,-0.6235,-1.2673,178.8915,0.021,988,0.0000,0.0000,0.0622,0,0,0.473
32.998,0,0,0,-0.6167,-1.2333,-0.6327,-1.2935,179.0227,0.0000,0.0000,0.0000,-0.6426,-1.3211,178.9883,0.009,991,0.0000,0.0000,0.0622,0,0,0.473
33.099,0,0,0,-0.6167,-1.2333,-0.6327,-1.2935,179.0243,0.0000,0.0000,0.0000,-0.6235,-1.2673,178.8918,0.020,994,0.0000,0.0000,0.0623,0,0,0.476
33.200,0,0,0,-0.6167,-1.2333,-0.6327,-1.2935,179.0280,0.0000,0.0000,0.0000,-0.6235,-1.2673,178.8918,0.044,996,0.0000,0.0000,0.0623,0,0,0.475
33.301,0,0,0,-0.6167,-1.2333,-0.6329,-1.2939,179.0314,0.0000,0.0000,0.0000,-0.6427,-1.3211,178.9870,0.043,999,0.0000,0.0000,0.0627,0,0,0.482
33.400,0,0,0,-0.6167,-1.2333,-0.6329,-1.2939,179.0328,0.0000,0.0000,0.0000,-0.6427,-1.3211,178.9875,0.025,1003,0.0000,0.0000,0.0627,0,0,0.479
33.498,0,0,0,-0.6167,-1.2333,-0.6328,-1.2936,179.0318,0.0000,0.0000,0.0000,-0.6235,-1.2673,178.8917,0.014,1006,0.0000,0.0000,0.0624,0,0,0.467
33.600,0,0,0,-0.6167,-1.2333,-0.6329,-1.2939,179.0313,0.0000,0.0000,0.0000,-0.6427,-1.3211,178.9868,0.019,1009,0.0000,0.0000,0.0627,0,0,0.469
33.698,0,0,0,-0.6167,-1.2333,-0.6328,-1.2936,179.0304,0.0000,0.0000,0.0000,-0.6235,-1.2673,178.8919,0.017,1012,0.0000,0.0000,0.0624,0,0,0.475
33.799,0,0,0,-0.6167,-1.2333,-0.6329,-1.2940,179.0324,0.0000,0.0000,0.0000,-0.6427,-1.3211,178.9864,0.022,1015,0.0000,0.0000,0.0628,0,0,0.466
33.901,0,0,0,-0.6167,-1.2333,-0.6328,-1.2936,179.0321,0.0000,0.0000,0.0000,-0.6236,-1.2672,178.8911,0.021,1018,0.0000,0.0000,0.0624,0,0,0.477
34.001,0,0,0,-0.6167,-1.2333,-0.6329,-1.2940,179.0319,0.0000,0.0000,0.0000,-0.6427,-1.3211,178.9873,0.021,1021,0.0000,0.0000,0.0628,0,0,0.492
34.098,0,0,0,-0.6167,-1.2333,-0.6328,-1.2937,179.0312,0.0000,0.0000,0.0000,-0.6235,-1.2673,178.8917,0.018,1024,0.0000,0.0000,0.0625,0,0,0.467
34.201,0,0,0,-0.6167,-1.2333,-0.6330,-1.2940,179.0341,0.0000,0.0000,0.0000,-0.6427,-1.3211,178.9881,0.023,1027,0.0000,0.0000,0.0628,0,0,0.474
34.301,0,0,0,-0.6167,-1.2333,-0.6328,-1.2937,179.0328,0.0000,0.0000,0.0000,-0.6236,-1.2673,178.8909,0.018,1030,0.0000,0.0000,0.0625,0,0,0.471
34.401,0,0,0,-0.6167,-1.2333,-0.6329,-1.2937,179.0356,0.0000,0.0000,0.0000,-0.6236,-1.2673,178.8913,0.055,1032,0.0000,0.0000,0.0625,0,0,0.472
34.502,0,0,0,-0.6167,-1.2333,-0.6330,-1.2941,179.0372,0.0000,0.0000,0.0000,-0.6427,-1.3211,178.9890,0.036,1035,0.0000,0.0000,0.0629,0,0,0.473
34.598,0,0,0,-0.6167,-1.2333,-0.6329,-1.2937,179.0361,0.0000,0.0000,0.0000,-0.6427,-1.3211,178.9880,0.009,1039,0.0000,0.0000,0.0625,0,0,0.475
34.699,0,0,0,-0.6167,-1.2333,-0.6330,-1.2941,179.0397,0.0000,0.0000,0.0000,-0.6236,-1.2673,178.8915,0.009,1042,0.0000,0.0000,0.0629,0,0,0.477
34.801,0,0,0,-0.6167,-1.2333,-0.6330,-1.2941,179.0401,0.0000,0.0000,0.0000,-0.6427,-1.3211,178.9884,0.017,1045,0.0000,0.0000,0.0629,0,0,0.484
34.900,0,0,0,-0.6167,-1.2333,-0.6329,-1.2938,179.0404,0.0000,0.0000,0.0000,-0.6235,-1.2673,178.8919,0.021,1048,0.0000,0.0000,0.0626,0,0,0.481
35.000,0,0,0,-0.6167,-1.2333,-0.6330,-1.2941,179.0417,0.0000,0.0000,0.0000,-0.6427,-1.3211,178.9873,0.020,1051,0.0000,0.0000,0.0629,0,0,0.481
35.101,0,0,0,-0.6167,-1.2333,-0.6329,-1.2938,179.0416,0.0000,0.0000,0.0000,-0.6236,-1.2672,178.8903,0.021,1054,0.0000,0.0000,0.0626,0,0,0.462
35.201,0,0,0,-0.6167,-1.2333,-0.6330,-1.2941,179.0437,0.0000,0.0000,0.0000,-0.6427,-1.3211,178.9873,0.023,1057,0.0000,0.0000,0.0630,0,0,0.472
35.300,0,0,0,-0.6167,-1.2333,-0.6329,-1.2938,179.0424,0.0000,0.0000,0.0000,-0.6235,-1.2673,178.8924,0.017,1060,0.0000,0.0000,0.0626,0,0,0.482
35.398,0,0,0,-0.6167,-1.2333,-0.6330,-1.2941,179.0428,0.0000,0.0000,0.0000,-0.6427,-1.3211,178.9881,0.019,1063,0.0000,0.0000,0.0630,0,0,0.488
35.499,0,0,0,-0.6167,-1.2333,-0.6329,-1.2938,179.0443,0.0000,0.0000,0.0000,-0.6236,-1.2673,178.8916,0.020,1066,0.0000,0.0000,0.0626,0,0,0.470
35.599,0,0,0,-0.6167,-1.2333,-0.6331,-1.2942,179.0462,0.0000,0.0000,0.0000,-0.6427,-1.3211,178.9878,0.021,1069,0.0000,0.0000,0.0630,0,0,0.486
35.698,0,0,0,-0.6167,-1.2333,-0.6329,-1.2938,179.0466,0.0000,0.0000,0.0000,-0.6235,-1.2673,178.8917,0.018,1072,0.0000,0.0000,0.0626,0,0,0.470
35.798,0,0,0,-0.6167,-1.2333,-0.6329,-1.2938,179.0502,0.0000,0.0000,0.0000,-0.6427,-1.3211,178.9879,0.012,1075,0.0000,0.0000,0.0626,0,0,0.469
35.900,0,0,0,-0.6167,-1.2333,-0.6329,-1.2938,179.0496,0.0000,0.0000,0.0000,-0.6235,-1.2673,178.8921,0.010,1078,0.0000,0.0000,0.0627,0,0,0.465
35.998,0,0,0,-0.6167,-1.2333,-0.6329,-1.2938,179.0491,0.0000,0.0000,0.0000,-0.6427,-1.3211,178.9867,0.009,1081,0.0000,0.0000,0.0627,0,0,0.478
36.101,0,0,0,-0.6167,-1.2333,-0.6331,-1.2942,179.0513,0.0000,0.0000,0.0000,-0.6427,-1.3211,178.9873,0.050,1083,0.0000,0.0000,0.0630,0,0,0.480
36.198,0,0,0,-0.6167,-1.2333,-0.6331,-1.2942,179.0523,0.0000,0.0000,0.0000,-0.6427,-1.3211,178.9878,0.019,1087,0.0000,0.0000,0.0630,0,0,0.463
36.299,0,0,0,-0.6167,-1.2333,-0.6330,-1.2939,179.0544,0.0000,0.0000,0.0000,-0.6236,-1.2673,178.8913,0.017,1090,0.0000,0.0000,0.0627,0,0,0.467
36.400,0,0,0,-0.6167,-1.2333,-0.6331,-1.2942,179.0568,0.0000,0.0000,0.0000,-0.6427,-1.3211,178.9884,0.021,1093,0.0000,0.0000,0.0631,0,0,0.478
36.500,0,0,0,-0.6167,-1.2333,-0.6330,-1.2939,179.0588,0.0000,0.0000,0.0000,-0.6236,-1.2672,178.8910,0.020,1096,0.0000,0.0000,0.0627,0,0,0.477
36.599,0,0,0,-0.6167,-1.2333,-0.6331,-1.2942,179.0595,0.0000,0.0000,0.0000,-0.6427,-1.3211,178.9883,0.019,1099,0.0000,0.0000,0.0631,0,0,0.470
36.702,0,0,0,-0.6167,-1.2333,-0.6330,-1.2939,179.0592,0.0000,0.0000,0.0000,-0.6236,-1.2672,178.8912,0.021,1102,0.0000,0.0000,0.0627,0,0,0.469
36.803,0,0,0,-0.6167,-1.2333,-0.6331,-1.2942,179.0590,0.0000,0.0000,0.0000,-0.6427,-1.3211,178.9886,0.027,1105,0.0000,0.0000,0.0631,0,0,0.469
36.898,0,0,0,-0.6167,-1.2333,-0.6330,-1.2939,179.0604,0.0000,0.0000,0.0000,-0.6236,-1.2672,178.8912,0.016,1108,0.0000,0.0000,0.0627,0,0,0.469
37.002,0,0,0,-0.6167,-1.2333,-0.6331,-1.2942,179.0615,0.0000,0.0000,0.0000,-0.6427,-1.3211,178.9878,0.019,1111,0.0000,0.0000,0.0631,0,0,0.486
37.098,0,0,0,-0.6167,-1.2333,-0.6330,-1.2939,179.0598,0.0000,0.0000,0.0000,-0.6235,-1.2673,178.8923,0.017,1114,0.0000,0.0000,0.0627,0,0,0.478
37.200,0,0,0,-0.6167,-1.2333,-0.6330,-1.2939,179.0609,0.0000,0.0000,0.0000,-0.6236,-1.2673,178.8918,0.047,1116,0.0000,0.0000,0.0627,0,0,0.470
37.301,0,0,0,-0.6167,-1.2333,-0.6331,-1.2943,179.0609,0.0000,0.0000,0.0000,-0.6427,-1.3212,178.9892,0.034,1119,0.0000,0.0000,0.0631,0,0,0.469
37.399,0,0,0,-0.6167,-1.2333,-0.6332,-1.2946,179.0619,0.0000,0.0000,0.0000,-0.6236,-1.2673,178.8918,0.011,1123,0.0000,0.0000,0.0635,0,0,0.484
37.499,0,0,0,-0.6167,-1.2333,-0.6331,-1.2943,179.0626,0.0000,0.0000,0.0000,-0.6236,-1.2673,178.8917,0.008,1126,0.0000,0.0000,0.0631,0,0,0.472
37.600,0,0,0,-0.6167,-1.2333,-0.6331,-1.2943,179.0605,0.0000,0.0000,0.0000,-0.6427,-1.3212,178.9900,0.024,1129,0.0000,0.0000,0.0631,0,0,0.462
37.700,0,0,0,-0.6167,-1.2333,-0.6330,-1.2939,179.0599,0.0000,0.0000,0.0000,-0.6235,-1.2673,178.8922,0.015,1132,0.0000,0.0000,0.0627,0,0,0.477
37.798,0,0,0,-0.6167,-1.2333,-0.6331,-1.2943,179.0612,0.0000,0.0000,0.0000,-0.6427,-1.3212,178.9901,0.023,1135,0.0000,0.0000,0.0631,0,0,0.480
37.898,0,0,0,-0.6167,-1.2333,-0.6330,-1.2939,179.0620,0.0000,0.0000,0.0000,-0.6236,-1.2673,178.8919,0.019,1138,0.0000,0.0000,0.0628,0,0,0.479
37.999,0,0,0,-0.6167,-1.2333,-0.6329,-1.2940,179.0454,0.0000,0.0000,0.0000,-0.6349,-1.3099,178.0301,0.020,1141,0.0000,0.0000,0.0628,0,0,0.469
38.098,0,0,0,-0.6167,-1.2333,-0.6328,-1.2937,179.0471,0.0000,0.0000,0.0000,-0.6235,-1.2673,178.8926,0.015,1144,0.0000,0.0000,0.0624,0,0,0.469
38.200,0,0,0,-0.6167,-1.2333,-0.6330,-1.2940,179.0486,0.0000,0.0000,0.0000,-0.6428,-1.3211,178.9867,0.024,1147,0.0000,0.0000,0.0628,0,0,0.467
38.302,0,0,0,-0.6167,-1.2333,-0.6327,-1.2935,179.0401,0.0000,0.0000,0.0000,-0.6235,-1.2673,178.8923,0.022,1150,0.0000,0.0000,0.0623,0,0,0.478
38.402,0,0,0,-0.6167,-1.2333,-0.6327,-1.2935,179.0416,0.0000,0.0000,0.0000,-0.6236,-1.2673,178.8917,0.058,1152,0.0000,0.0000,0.0623,0,0,0.465
38.498,0,0,0,-0.6167,-1.2333,-0.6327,-1.2934,179.0325,0.0000,0.0000,0.0000,-0.6236,-1.2673,178.8919,0.019,1156,0.0000,0.0000,0.0622,0,0,0.472
38.598,0,0,0,-0.6167,-1.2333,-0.6327,-1.2934,179.0348,0.0000,0.0000,0.0000,-0.6427,-1.3210,178.9874,0.006,1159,0.0000,0.0000,0.0622,0,0,0.475
38.698,0,0,0,-0.6167,-1.2333,-0.6328,-1.2938,179.0361,0.0000,0.0000,0.0000,-0.6235,-1.2673,178.8925,0.007,1162,0.0000,0.0000,0.0626,0,0,0.481
38.800,0,0,0,-0.6167,-1.2333,-0.6328,-1.2938,179.0367,0.0000,0.0000,0.0000,-0.6427,-1.3211,178.9871,0.025,1165,0.0000,0.0000,0.0626,0,0,0.472
38.899,0,0,0,-0.6167,-1.2333,-0.6329,-1.2939,179.0366,0.0000,0.0000,0.0000,-0.6235,-1.2673,178.8921,0.007,1168,0.0000,0.0000,0.0626,0,0,0.473
38.999,0,0,0,-0.6167,-1.2333,-0.6327,-1.2936,179.0183,0.0000,0.0000,0.0000,-0.6348,-1.3102,178.0402,0.021,1171,0.0000,0.0000,0.0623,0,0,0.478
39.099,0,0,0,-0.6167,-1.2333,-0.6326,-1.2933,179.0179,0.0000,0.0000,0.0000,-0.6236,-1.2673,178.8920,0.019,1174,0.0000,0.0000,0.0620,0,0,0.471
39.199,0,0,0,-0.6167,-1.2333,-0.6327,-1.2936,179.0191,0.0000,0.0000,0.0000,-0.6427,-1.3208,178.9864,0.024,1177,0.0000,0.0000,0.0624,0,0,0.468
39.301,0,0,0,-0.6167,-1.2333,-0.6326,-1.2933,179.0191,0.0000,0.0000,0.0000,-0.6236,-1.2673,178.8917,0.020,1180,0.0000,0.0000,0.0621,0,0,0.475
39.399,0,0,0,-0.6167,-1.2333,-0.6327,-1.2937,179.0209,0.0000,0.0000,0.0000,-0.6427,-1.3208,178.9861,0.022,1183,0.0000,0.0000,0.0625,0,0,0.464
39.500,0,0,0,-0.6167,-1.2333,-0.6325,-1.2932,179.0105,0.0000,0.0000,0.0000,-0.6235,-1.2673,178.8925,0.020,1186,0.0000,0.0000,0.0619,0,0,0.469
39.600,0,0,0,-0.6167,-1.2333,-0.6327,-1.2936,179.0127,0.0000,0.0000,0.0000,-0.6425,-1.3214,178.9926,0.026,1189,0.0000,0.0000,0.0624,0,0,0.474
39.700,0,0,0,-0.6167,-1.2333,-0.6326,-1.2933,179.0135,0.0000,0.0000,0.0000,-0.6235,-1.2673,178.8923,0.018,1192,0.0000,0.0000,0.0620,0,0,0.475
39.800,0,0,0,-0.6167,-1.2333,-0.6327,-1.2937,179.0161,0.0000,0.0000,0.0000,-0.6425,-1.3214,178.9908,0.017,1195,0.0000,0.0000,0.0624,0,0,0.477
39.901,0,0,0,-0.6167,-1.2333,-0.6326,-1.2933,179.0168,0.0000,0.0000,0.0000,-0.6236,-1.2672,178.8915,0.017,1198,0.0000,0.0000,0.0621,0,0,0.479
40.000,0,0,0,-0.6167,-1.2333,-0.6326,-1.2934,179.0192,0.0000,0.0000,0.0000,-0.6236,-1.2672,178.8911,0.035,1200,0.0000,0.0000,0.0621,0,0,0.472
40.100,0,0,0,-0.6167,-1.2333,-0.6326,-1.2936,179.0114,0.0000,0.0000,0.0000,-0.6350,-1.3099,178.0190,0.042,1203,0.0000,0.0000,0.0624,0,0,0.462
40.198,0,0,0,-0.6167,-1.2333,-0.6327,-1.2936,179.0126,0.0000,0.0000,0.0000,-0.6428,-1.3210,178.9916,0.022,1207,0.0000,0.0000,0.0624,0,0,0.478
40.299,0,0,0,-0.6167,-1.2333,-0.6326,-1.2933,179.0155,0.0000,0.0000,0.0000,-0.6236,-1.2672,178.8913,0.018,1210,0.0000,0.0000,0.0621,0,0,0.476
40.400,0,0,0,-0.6167,-1.2333,-0.6327,-1.2937,179.0179,0.0000,0.0000,0.0000,-0.6428,-1.3211,178.9920,0.021,1213,0.0000,0.0000,0.0625,0,0,0.473
40.498,0,0,0,-0.6167,-1.2333,-0.6326,-1.2934,179.0199,0.0000,0.0000,0.0000,-0.6235,-1.2673,178.8934,0.019,1216,0.0000,0.0000,0.0621,0,0,0.460
40.602,0,0,0,-0.6167,-1.2333,-0.6328,-1.2937,179.0213,0.0000,0.0000,0.0000,-0.6427,-1.3211,178.9928,0.024,1219,0.0000,0.0000,0.0625,0,0,0.482
40.698,0,0,0,-0.6167,-1.2333,-0.6326,-1.2934,179.0223,0.0000,0.0000,0.0000,-0.6235,-1.2673,178.8926,0.020,1222,0.0000,0.0000,0.0622,0,0,0.484
40.801,0,0,0,-0.6167,-1.2333,-0.6328,-1.2938,179.0282,0.0000,0.0000,0.0000,-0.6427,-1.3211,178.9920,0.026,1225,0.0000,0.0000,0.0626,0,0,0.474
40.899,0,0,0,-0.6167,-1.2333,-0.6327,-1.2934,179.0292,0.0000,0.0000,0.0000,-0.6235,-1.2673,178.8923,0.018,1228,0.0000,0.0000,0.0622,0,0,0.476
40.999,0,0,0,-0.6167,-1.2333,-0.6328,-1.2938,179.0321,0.0000,0.0000,0.0000,-0.6427,-1.3211,178.9935,0.019,1231,0.0000,0.0000,0.0626,0,0,0.474
41.102,0,0,0,-0.6167,-1.2333,-0.6327,-1.2935,179.0332,0.0000,0.0000,0.0000,-0.6236,-1.2672,178.8917,0.023,1234,0.0000,0.0000,0.0623,0,0,0.467
41.198,0,0,0,-0.6167,-1.2333,-0.6327,-1.2935,179.0356,0.0000,0.0000,0.0000,-0.6235,-1.2673,178.8924,0.050,1236,0.0000,0.0000,0.0623,0,0,0.473
41.299,0,0,0,-0.6167,-1.2333,-0.6329,-1.2939,179.0375,0.0000,0.0000,0.0000,-0.6427,-1.3211,178.9911,0.031,1239,0.0000,0.0000,0.0627,0,0,0.478
41.400,0,0,0,-0.6167,-1.2333,-0.6329,-1.2939,179.0381,0.0000,0.0000,0.0000,-0.6427,-1.3211,178.9914,0.007,1243,0.0000,0.0000,0.0627,0,0,0.476
41.498,0,0,0,-0.6167,-1.2333,-0.6329,-1.2939,179.0404,0.0000,0.0000,0.0000,-0.6235,-1.2673,178.8926,0.008,1246,0.0000,0.0000,0.0627,0,0,0.470
41.599,0,0,0,-0.6167,-1.2333,-0.6329,-1.2939,179.0418,0.0000,0.0000,0.0000,-0.6427,-1.3211,178.9925,0.018,1249,0.0000,0.0000,0.0627,0,0,0.480
41.700,0,0,0,-0.6167,-1.2333,-0.6328,-1.2936,179.0424,0.0000,0.0000,0.0000,-0.6235,-1.2673,178.8929,0.018,1252,0.0000,0.0000,0.0624,0,0,0.472
41.800,0,0,0,-0.6167,-1.2333,-0.6329,-1.2940,179.0442,0.0000,0.0000,0.0000,-0.6427,-1.3211,178.9930,0.024,1255,0.0000,0.0000,0.0628,0,0,0.479
41.898,0,0,0,-0.6167,-1.2333,-0.6328,-1.2936,179.0422,0.0000,0.0000,0.0000,-0.6235,-1.2673,178.8925,0.016,1258,0.0000,0.0000,0.0624,0,0,0.465
42.001,0,0,0,-0.6167,-1.2333,-0.6329,-1.2940,179.0436,0.0000,0.0000,0.0000,-0.6427,-1.3211,178.9913,0.025,1261,0.0000,0.0000,0.0628,0,0,0.473
42.100,0,0,0,-0.6167,-1.2333,-0.6328,-1.2937,179.0430,0.0000,0.0000,0.0000,-0.6235,-1.2673,178.8922,0.024,1264,0.0000,0.0000,0.0624,0,0,0.465
42.199,0,0,0,-0.6167,-1.2333,-0.6330,-1.2940,179.0450,0.0000,0.0000,0.0000,-0.6427,-1.3211,178.9921,0.022,1267,0.0000,0.0000,0.0628,0,0,0.458
42.301,0,0,0,-0.6167,-1.2333,-0.6328,-1.2937,179.0450,0.0000,0.0000,0.0000,-0.6236,-1.2673,178.8919,0.020,1270,0.0000,0.0000,0.0625,0,0,0.465
42.401,0,0,0,-0.6167,-1.2333,-0.6330,-1.2940,179.0456,0.0000,0.0000,0.0000,-0.6427,-1.3211,178.9913,0.026,1273,0.0000,0.0000,0.0629,0,0,0.479
42.499,0,0,0,-0.6167,-1.2333,-0.6329,-1.2937,179.0476,0.0000,0.0000,0.0000,-0.6236,-1.2672,178.8917,0.018,1276,0.0000,0.0000,0.0625,0,0,0.481
42.601,0,0,0,-0.6167,-1.2333,-0.6330,-1.2941,179.0487,0.0000,0.0000,0.0000,-0.6427,-1.3211,178.9915,0.021,1279,0.0000,0.0000,0.0629,0,0,0.477
42.699,0,0,0,-0.6167,-1.2333,-0.6330,-1.2941,179.0505,0.0000,0.0000,0.0000,-0.6236,-1.2673,178.8922,0.008,1282,0.0000,0.0000,0.0629,0,0,0.470
42.802,0,0,0,-0.6167,-1.2333,-0.6329,-1.2937,179.0514,0.0000,0.0000,0.0000,-0.6427,-1.3211,178.9921,0.002,1285,0.0000,0.0000,0.0625,0,0,0.480
42.901,0,0,0,-0.6167,-1.2333,-0.6330,-1.2941,179.0538,0.0000,0.0000,0.0000,-0.6427,-1.3211,178.9915,0.046,1287,0.0000,0.0000,0.0629,0,0,0.474
42.998,0,0,0,-0.6167,-1.2333,-0.6330,-1.2941,179.0519,0.0000,0.0000,0.0000,-0.6427,-1.3211,178.9923,0.015,1291,0.0000,0.0000,0.0629,0,0,0.462
43.099,0,0,0,-0.6167,-1.2333,-0.6329,-1.2938,179.0518,0.0000,0.0000,0.0000,-0.6235,-1.2673,178.8923,0.020,1294,0.0000,0.0000,0.0626,0,0,0.467
43.197,0,0,0,-0.6167,-1.2333,-0.6330,-1.2941,179.0544,0.0000,0.0000,0.0000,-0.6427,-1.3211,178.9924,0.018,1297,0.0000,0.0000,0.0629,0,0,0.483
43.298,0,0,0,-0.6167,-1.2333,-0.6329,-1.2938,179.0537,0.0000,0.0000,0.0000,-0.6236,-1.2673,178.8916,0.013,1300,0.0000,0.0000,0.0626,0,0,0.470
43.399,0,0,0,-0.6167,-1.2333,-0.6330,-1.2941,179.0541,0.0000,0.0000,0.0000,-0.6427,-1.3211,178.9906,0.023,1303,0.0000,0.0000,0.0630,0,0,0.482
43.499,0,0,0,-0.6167,-1.2333,-0.6329,-1.2938,179.0573,0.0000,0.0000,0.0000,-0.6235,-1.2673,178.8924,0.021,1306,0.0000,0.0000,0.0626,0,0,0.480
43.599,0,0,0,-0.6167,-1.2333,-0.6330,-1.2941,179.0577,0.0000,0.0000,0.0000,-0.6427,-1.3211,178.9916,0.021,1309,0.0000,0.0000,0.0630,0,0,0.480
43.699,0,0,0,-0.6167,-1.2333,-0.6329,-1.2938,179.0579,0.0000,0.0000,0.0000,-0.6235,-1.2672,178.8926,0.022,1312,0.0000,0.0000,0.0626,0,0,0.472
43.798,0,0,0,-0.6167,-1.2333,-0.6331,-1.2942,179.0584,0.0000,0.0000,0.0000,-0.6427,-1.3211,178.9920,0.023,1315,0.0000,0.0000,0.0630,0,0,0.479
43.901,0,0,0,-0.6167,-1.2333,-0.6329,-1.2938,179.0593,0.0000,0.0000,0.0000,-0.6236,-1.2672,178.8918,0.014,1318,0.0000,0.0000,0.0626,0,0,0.472
43.998,0,0,0,-0.6167,-1.2333,-0.6329,-1.2938,179.0611,0.0000,0.0000,0.0000,-0.6236,-1.2672,178.8918,0.049,1320,0.0000,0.0000,0.0626,0,0,0.479
44.100,0,0,0,-0.6167,-1.2333,-0.6330,-1.2941,179.0522,0.0000,0.0000,0.0000,-0.6426,-1.3214,178.9984,0.034,1323,0.0000,0.0000,0.0629,0,0,0.474
44.199,0,0,0,-0.6167,-1.2333,-0.6330,-1.2941,179.0517,0.0000,0.0000,0.0000,-0.6426,-1.3214,178.9975,0.020,1327,0.0000,0.0000,0.0629,0,0,0.480
44.299,0,0,0,-0.6167,-1.2333,-0.6329,-1.2937,179.0517,0.0000,0.0000,0.0000,-0.6235,-1.2672,178.8922,0.011,1330,0.0000,0.0000,0.0625,0,0,0.475
44.401,0,0,0,-0.6167,-1.2333,-0.6330,-1.2941,179.0533,0.0000,0.0000,0.0000,-0.6426,-1.3214,178.9974,0.024,1333,0.0000,0.0000,0.0629,0,0,0.476
44.499,0,0,0,-0.6167,-1.2333,-0.6329,-1.2938,179.0560,0.0000,0.0000,0.0000,-0.6235,-1.2672,178.8926,0.019,1336,0.0000,0.0000,0.0626,0,0,0.476
44.599,0,0,0,-0.6167,-1.2333,-0.6330,-1.2941,179.0568,0.0000,0.0000,0.0000,-0.6426,-1.3214,178.9969,0.024,1339,0.0000,0.0000,0.0629,0,0,0.482
44.701,0,0,0,-0.6167,-1.2333,-0.6329,-1.2938,179.0555,0.0000,0.0000,0.0000,-0.6236,-1.2672,178.8920,0.021,1342,0.0000,0.0000,0.0626,0,0,0.476
44.799,0,0,0,-0.6167,-1.2333,-0.6330,-1.2941,179.0578,0.0000,0.0000,0.0000,-0.6426,-1.3213,178.9965,0.018,1345,0.0000,0.0000,0.0630,0,0,0.467
44.900,0,0,0,-0.6167,-1.2333,-0.6329,-1.2938,179.0577,0.0000,0.0000,0.0000,-0.6235,-1.2673,178.8929,0.020,1348,0.0000,0.0000,0.0626,0,0,0.473
45.000,0,0,0,-0.6167,-1.2333,-0.6330,-1.2942,179.0588,0.0000,0.0000,0.0000,-0.6426,-1.3213,178.9971,0.017,1351,0.0000,0.0000,0.0630,0,0,0.473
45.098,0,0,0,-0.6167,-1.2333,-0.6329,-1.2938,179.0584,0.0000,0.0000,0.0000,-0.6235,-1.2672,178.8926,0.019,1354,0.0000,0.0000,0.0626,0,0,0.469
45.201,0,0,0,-0.6167,-1.2333,-0.6329,-1.2938,179.0610,0.0000,0.0000,0.0000,-0.6426,-1.3213,178.9964,0.003,1357,0.0000,0.0000,0.0626,0,0,0.469
45.299,0,0,0,-0.6167,-1.2333,-0.6329,-1.2939,179.0597,0.0000,0.0000,0.0000,-0.6235,-1.2672,178.8922,0.015,1360,0.0000,0.0000,0.0627,0,0,0.481
45.398,0,0,0,-0.6167,-1.2333,-0.6330,-1.2942,179.0605,0.0000,0.0000,0.0000,-0.6427,-1.3213,178.9961,0.012,1363,0.0000,0.0000,0.0630,0,0,0.477
45.498,0,0,0,-0.6167,-1.2333,-0.6330,-1.2942,179.0603,0.0000,0.0000,0.0000,-0.6235,-1.2672,178.8921,0.004,1366,0.0000,0.0000,0.0631,0,0,0.457
45.599,0,0,0,-0.6167,-1.2333,-0.6331,-1.2942,179.0595,0.0000,0.0000,0.0000,-0.6427,-1.3213,178.9956,0.018,1369,0.0000,0.0000,0.0631,0,0,0.480
45.698,0,0,0,-0.6167,-1.2333,-0.6331,-1.2942,179.0599,0.0000,0.0000,0.0000,-0.6235,-1.2672,178.8923,0.003,1372,0.0000,0.0000,0.0631,0,0,0.467
45.798,0,0,0,-0.6167,-1.2333,-0.6331,-1.2942,179.0612,0.0000,0.0000,0.0000,-0.6426,-1.3213,178.9971,0.022,1375,0.0000,0.0000,0.0631,0,0,0.487
45.897,0,0,0,-0.6167,-1.2333,-0.6329,-1.2939,179.0616,0.0000,0.0000,0.0000,-0.6235,-1.2672,178.8919,0.019,1378,0.0000,0.0000,0.0627,0,0,0.482
45.999,0,0,0,-0.6167,-1.2333,-0.6331,-1.2943,179.0637,0.0000,0.0000,0.0000,-0.6426,-1.3213,178.9965,0.023,1381,0.0000,0.0000,0.0631,0,0,0.461
46.098,0,0,0,-0.6167,-1.2333,-0.6329,-1.2939,179.0640,0.0000,0.0000,0.0000,-0.6235,-1.2672,178.8922,0.025,1384,0.0000,0.0000,0.0627,0,0,0.466
46.199,0,0,0,-0.6167,-1.2333,-0.6331,-1.2943,179.0637,0.0000,0.0000,0.0000,-0.6426,-1.3213,178.9958,0.023,1387,0.0000,0.0000,0.0631,0,0,0.474
46.300,0,0,0,-0.6167,-1.2333,-0.6329,-1.2939,179.0625,0.0000,0.0000,0.0000,-0.6235,-1.2672,178.8928,0.019,1390,0.0000,0.0000,0.0627,0,0,0.467
46.397,0,0,0,-0.6167,-1.2333,-0.6331,-1.2943,179.0622,0.0000,0.0000,0.0000,-0.6427,-1.3213,178.9952,0.021,1393,0.0000,0.0000,0.0631,0,0,0.468
46.498,0,0,0,-0.6167,-1.2333,-0.6330,-1.2939,179.0624,0.0000,0.0000,0.0000,-0.6235,-1.2672,178.8928,0.018,1396,0.0000,0.0000,0.0627,0,0,0.479
46.599,0,0,0,-0.6167,-1.2333,-0.6331,-1.2943,179.0638,0.0000,0.0000,0.0000,-0.6427,-1.3213,178.9956,0.014,1399,0.0000,0.0000,0.0631,0,0,0.474
46.699,0,0,0,-0.6167,-1.2333,-0.6330,-1.2939,179.0656,0.0000,0.0000,0.0000,-0.6236,-1.2672,178.8918,0.011,1402,0.0000,0.0000,0.0628,0,0,0.474
46.799,0,0,0,-0.6167,-1.2333,-0.6329,-1.2938,179.0587,0.0000,0.0000,0.0000,-0.6235,-1.2672,178.8923,0.044,1404,0.0000,0.0000,0.0626,0,0,0.474
46.899,0,0,0,-0.6167,-1.2333,-0.6330,-1.2942,179.0602,0.0000,0.0000,0.0000,-0.6427,-1.3211,178.9910,0.046,1407,0.0000,0.0000,0.0630,0,0,0.461
46.998,0,0,0,-0.6167,-1.2333,-0.6330,-1.2942,179.0587,0.0000,0.0000,0.0000,-0.6427,-1.3211,178.9911,0.009,1411,0.0000,0.0000,0.0630,0,0,0.482
47.098,0,0,0,-0.6167,-1.2333,-0.6329,-1.2938,179.0607,0.0000,0.0000,0.0000,-0.6236,-1.2672,178.8920,0.019,1414,0.0000,0.0000,0.0626,0,0,0.469
47.198,0,0,0,-0.6167,-1.2333,-0.6330,-1.2942,179.0634,0.0000,0.0000,0.0000,-0.6427,-1.3211,178.9914,0.023,1417,0.0000,0.0000,0.0630,0,0,0.471
47.300,0,0,0,-0.6167,-1.2333,-0.6328,-1.2937,179.0544,0.0000,0.0000,0.0000,-0.6235,-1.2672,178.8927,0.013,1420,0.0000,0.0000,0.0625,0,0,0.471
47.398,0,0,0,-0.6167,-1.2333,-0.6330,-1.2941,179.0555,0.0000,0.0000,0.0000,-0.6428,-1.3211,178.9951,0.025,1423,0.0000,0.0000,0.0629,0,0,0.473
47.499,0,0,0,-0.6167,-1.2333,-0.6328,-1.2937,179.0563,0.0000,0.0000,0.0000,-0.6235,-1.2672,178.8928,0.023,1426,0.0000,0.0000,0.0625,0,0,0.468
47.599,0,0,0,-0.6167,-1.2333,-0.6330,-1.2941,179.0581,0.0000,0.0000,0.0000,-0.6428,-1.3211,178.9952,0.025,1429,0.0000,0.0000,0.0629,0,0,0.465
47.698,0,0,0,-0.6167,-1.2333,-0.6329,-1.2937,179.0593,0.0000,0.0000,0.0000,-0.6236,-1.2672,178.8920,0.017,1432,0.0000,0.0000,0.0625,0,0,0.480
47.798,0,0,0,-0.6167,-1.2333,-0.6330,-1.2941,179.0619,0.0000,0.0000,0.0000,-0.6427,-1.3211,178.9960,0.023,1435,0.0000,0.0000,0.0629,0,0,0.472
47.898,0,0,0,-0.6167,-1.2333,-0.6329,-1.2938,179.0606,0.0000,0.0000,0.0000,-0.6235,-1.2673,178.8926,0.014,1438,0.0000,0.0000,0.0626,0,0,0.477
47.998,0,0,0,-0.6167,-1.2333,-0.6329,-1.2938,179.0649,0.0000,0.0000,0.0000,-0.6236,-1.2672,178.8920,0.049,1440,0.0000,0.0000,0.0626,0,0,0.480
48.099,0,0,0,-0.6167,-1.2333,-0.6330,-1.2941,179.0664,0.0000,0.0000,0.0000,-0.6428,-1.3211,178.9942,0.032,1443,0.0000,0.0000,0.0630,0,0,0.464
48.200,0,0,0,-0.6167,-1.2333,-0.6330,-1.2941,179.0681,0.0000,0.0000,0.0000,-0.6427,-1.3211,178.9951,0.009,1447,0.0000,0.0000,0.0630,0,0,0.475
48.299,0,0,0,-0.6167,-1.2333,-0.6329,-1.2938,179.0692,0.0000,0.0000,0.0000,-0.6235,-1.2672,178.8922,0.009,1450,0.0000,0.0000,0.0626,0,0,0.493
48.398,0,0,0,-0.6167,-1.2333,-0.6330,-1.2942,179.0689,0.0000,0.0000,0.0000,-0.6427,-1.3211,178.9956,0.026,1453,0.0000,0.0000,0.0630,0,0,0.482
48.500,0,0,0,-0.6167,-1.2333,-0.6329,-1.2938,179.0696,0.0000,0.0000,0.0000,-0.6236,-1.2672,178.8918,0.023,1456,0.0000,0.0000,0.0626,0,0,0.475
48.599,0,0,0,-0.6167,-1.2333,-0.6330,-1.2942,179.0710,0.0000,0.0000,0.0000,-0.6427,-1.3211,178.9949,0.025,1459,0.0000,0.0000,0.0630,0,0,0.487
48.698,0,0,0,-0.6167,-1.2333,-0.6329,-1.2938,179.0712,0.0000,0.0000,0.0000,-0.6235,-1.2673,178.8927,0.021,1462,0.0000,0.0000,0.0626,0,0,0.473
48.798,0,0,0,-0.6167,-1.2333,-0.6331,-1.2942,179.0744,0.0000,0.0000,0.0000,-0.6427,-1.3211,178.9956,0.022,1465,0.0000,0.0000,0.0630,0,0,0.481
48.899,0,0,0,-0.6167,-1.2333,-0.6329,-1.2938,179.0757,0.0000,0.0000,0.0000,-0.6235,-1.2672,178.8926,0.022,1468,0.0000,0.0000,0.0626,0,0,0.468
48.999,0,0,0,-0.6167,-1.2333,-0.6331,-1.2942,179.0760,0.0000,0.0000,0.0000,-0.6427,-1.3211,178.9952,0.022,1471,0.0000,0.0000,0.0630,0,0,0.476
49.098,0,0,0,-0.6167,-1.2333,-0.6329,-1.2938,179.0763,0.0000,0.0000,0.0000,-0.6235,-1.2672,178.8927,0.016,1474,0.0000,0.0000,0.0627,0,0,0.479
49.199,0,0,0,-0.6167,-1.2333,-0.6331,-1.2942,179.0762,0.0000,0.0000,0.0000,-0.6427,-1.3211,178.9945,0.027,1477,0.0000,0.0000,0.0630,0,0,0.471
49.298,0,0,0,-0.6167,-1.2333,-0.6330,-1.2939,179.0755,0.0000,0.0000,0.0000,-0.6235,-1.2673,178.8928,0.018,1480,0.0000,0.0000,0.0627,0,0,0.469
49.399,0,0,0,-0.6167,-1.2333,-0.6331,-1.2942,179.0777,0.0000,0.0000,0.0000,-0.6427,-1.3211,178.9949,0.017,1483,0.0000,0.0000,0.0631,0,0,0.463
49.498,0,0,0,-0.6167,-1.2333,-0.6330,-1.2939,179.0773,0.0000,0.0000,0.0000,-0.6235,-1.2672,178.8922,0.012,1486,0.0000,0.0000,0.0627,0,0,0.470
49.600,0,0,0,-0.6167,-1.2333,-0.6331,-1.2942,179.0780,0.0000,0.0000,0.0000,-0.6427,-1.3211,178.9943,0.008,1489,0.0000,0.0000,0.0631,0,0,0.473
49.700,0,0,0,-0.6167,-1.2333,-0.6331,-1.2942,179.0783,0.0000,0.0000,0.0000,-0.6428,-1.3211,178.9937,0.049,1491,0.0000,0.0000,0.0631,0,0,0.466
49.798,0,0,0,-0.6167,-1.2333,-0.6331,-1.2942,179.0769,0.0000,0.0000,0.0000,-0.6427,-1.3211,178.9945,0.024,1495,0.0000,0.0000,0.0631,0,0,0.470
49.898,0,0,0,-0.6167,-1.2333,-0.6330,-1.2939,179.0767,0.0000,0.0000,0.0000,-0.6236,-1.2672,178.8921,0.019,1498,0.0000,0.0000,0.0627,0,0,0.476
49.998,0,0,0,-0.6167,-1.2333,-0.6331,-1.2942,179.0773,0.0000,0.0000,0.0000,-0.6427,-1.3211,178.9949,0.022,1501,0.0000,0.0000,0.0631,0,0,0.474
50.100,0,0,0,-0.6167,-1.2333,-0.6330,-1.2939,179.0780,0.0000,0.0000,0.0000,-0.6235,-1.2672,178.8928,0.022,1504,0.0000,0.0000,0.0627,0,0,0.477
50.198,0,0,0,-0.6167,-1.2333,-0.6331,-1.2942,179.0782,0.0000,0.0000,0.0000,-0.6428,-1.3211,178.9922,0.021,1507,0.0000,0.0000,0.0631,0,0,0.473
50.298,0,0,0,-0.6167,-1.2333,-0.6330,-1.2939,179.0792,0.0000,0.0000,0.0000,-0.6236,-1.2672,178.8920,0.020,1510,0.0000,0.0000,0.0627,0,0,0.472
50.398,0,0,0,-0.6167,-1.2333,-0.6330,-1.2941,179.0705,0.0000,0.0000,0.0000,-0.6425,-1.3211,178.9923,0.025,1513,0.0000,0.0000,0.0629,0,0,0.473
50.499,0,0,0,-0.6167,-1.2333,-0.6329,-1.2938,179.0699,0.0000,0.0000,0.0000,-0.6235,-1.2672,178.8923,0.019,1516,0.0000,0.0000,0.0626,0,0,0.481
50.599,0,0,0,-0.6167,-1.2333,-0.6330,-1.2941,179.0703,0.0000,0.0000,0.0000,-0.6426,-1.3211,178.9918,0.021,1519,0.0000,0.0000,0.0630,0,0,0.471
50.699,0,0,0,-0.6167,-1.2333,-0.6329,-1.2938,179.0697,0.0000,0.0000,0.0000,-0.6235,-1.2672,178.8925,0.018,1522,0.0000,0.0000,0.0626,0,0,0.468
50.800,0,0,0,-0.6167,-1.2333,-0.6329,-1.2938,179.0715,0.0000,0.0000,0.0000,-0.6426,-1.3211,178.9908,0.005,1525,0.0000,0.0000,0.0626,0,0,0.464
50.898,0,0,0,-0.6167,-1.2333,-0.6330,-1.2942,179.0715,0.0000,0.0000,0.0000,-0.6426,-1.3211,178.9907,0.048,1527,0.0000,0.0000,0.0630,0,0,0.472
50.998,0,0,0,-0.6167,-1.2333,-0.6330,-1.2942,179.0704,0.0000,0.0000,0.0000,-0.6427,-1.3210,178.9887,0.024,1531,0.0000,0.0000,0.0630,0,0,0.481
51.100,0,0,0,-0.6167,-1.2333,-0.6329,-1.2938,179.0728,0.0000,0.0000,0.0000,-0.6235,-1.2673,178.8943,0.014,1534,0.0000,0.0000,0.0626,0,0,0.469
51.198,0,0,0,-0.6167,-1.2333,-0.6331,-1.2942,179.0733,0.0000,0.0000,0.0000,-0.6427,-1.3210,178.9900,0.026,1537,0.0000,0.0000,0.0630,0,0,0.483
51.299,0,0,0,-0.6167,-1.2333,-0.6329,-1.2938,179.0748,0.0000,0.0000,0.0000,-0.6235,-1.2672,178.8926,0.017,1540,0.0000,0.0000,0.0626,0,0,0.471
51.398,0,0,0,-0.6167,-1.2333,-0.6331,-1.2942,179.0750,0.0000,0.0000,0.0000,-0.6427,-1.3210,178.9901,0.026,1543,0.0000,0.0000,0.0630,0,0,0.467
51.499,0,0,0,-0.6167,-1.2333,-0.6329,-1.2938,179.0733,0.0000,0.0000,0.0000,-0.6236,-1.2672,178.8922,0.021,1546,0.0000,0.0000,0.0626,0,0,0.481
51.599,0,0,0,-0.6167,-1.2333,-0.6331,-1.2942,179.0719,0.0000,0.0000,0.0000,-0.6427,-1.3210,178.9893,0.027,1549,0.0000,0.0000,0.0630,0,0,0.478
51.698,0,0,0,-0.6167,-1.2333,-0.6329,-1.2938,179.0723,0.0000,0.0000,0.0000,-0.6236,-1.2672,178.8924,0.023,1552,0.0000,0.0000,0.0627,0,0,0.482
51.799,0,0,0,-0.6167,-1.2333,-0.6331,-1.2942,179.0730,0.0000,0.0000,0.0000,-0.6427,-1.3210,178.9898,0.024,1555,0.0000,0.0000,0.0630,0,0,0.471
51.899,0,0,0,-0.6167,-1.2333,-0.6330,-1.2938,179.0726,0.0000,0.0000,0.0000,-0.6235,-1.2672,178.8924,0.020,1558,0.0000,0.0000,0.0627,0,0,0.478
51.998,0,0,0,-0.6167,-1.2333,-0.6330,-1.2938,179.0728,0.0000,0.0000,0.0000,-0.6427,-1.3210,178.9887,0.003,1561,0.0000,0.0000,0.0627,0,0,0.474
52.099,0,0,0,-0.6167,-1.2333,-0.6330,-1.2939,179.0723,0.0000,0.0000,0.0000,-0.6236,-1.2672,178.8920,0.018,1564,0.0000,0.0000,0.0627,0,0,0.475
52.199,0,0,0,-0.6167,-1.2333,-0.6331,-1.2942,179.0736,0.0000,0.0000,0.0000,-0.6427,-1.3210,178.9886,0.006,1567,0.0000,0.0000,0.0631,0,0,0.468
52.300,0,0,0,-0.6167,-1.2333,-0.6330,-1.2939,179.0724,0.0000,0.0000,0.0000,-0.6235,-1.2672,178.8929,0.006,1570,0.0000,0.0000,0.0627,0,0,0.483
52.398,0,0,0,-0.6167,-1.2333,-0.6331,-1.2942,179.0728,0.0000,0.0000,0.0000,-0.6427,-1.3210,178.9893,0.013,1573,0.0000,0.0000,0.0631,0,0,0.466
52.499,0,0,0,-0.6167,-1.2333,-0.6331,-1.2942,179.0738,0.0000,0.0000,0.0000,-0.6235,-1.2672,178.8926,0.040,1575,0.0000,0.0000,0.0631,0,0,0.479
52.600,0,0,0,-0.6167,-1.2333,-0.6331,-1.2942,179.0711,0.0000,0.0000,0.0000,-0.6427,-1.3210,178.9893,0.024,1579,0.0000,0.0000,0.0631,0,0,0.485
52.698,0,0,0,-0.6167,-1.2333,-0.6330,-1.2939,179.0700,0.0000,0.0000,0.0000,-0.6235,-1.2672,178.8925,0.017,1582,0.0000,0.0000,0.0627,0,0,0.472
52.799,0,0,0,-0.6167,-1.2333,-0.6331,-1.2942,179.0687,0.0000,0.0000,0.0000,-0.6426,-1.3210,178.9891,0.020,1585,0.0000,0.0000,0.0631,0,0,0.486
52.899,0,0,0,-0.6167,-1.2333,-0.6330,-1.2939,179.0669,0.0000,0.0000,0.0000,-0.6236,-1.2672,178.8920,0.024,1588,0.0000,0.0000,0.0627,0,0,0.478
52.998,0,0,0,-0.6167,-1.2333,-0.6330,-1.2939,179.0676,0.0000,0.0000,0.0000,-0.6427,-1.3210,178.9883,0.021,1590,0.0000,0.0000,0.0627,0,0,0.479
53.099,0,0,0,-0.6167,-1.2333,-0.6329,-1.2935,179.0668,0.0000,0.0000,0.0000,-0.6236,-1.2672,178.8922,0.024,1593,0.0000,0.0000,0.0623,0,0,0.482
53.198,0,0,0,-0.6167,-1.2333,-0.6330,-1.2939,179.0676,0.0000,0.0000,0.0000,-0.6427,-1.3210,178.9885,0.024,1596,0.0000,0.0000,0.0627,0,0,0.477
53.300,0,0,0,-0.6167,-1.2333,-0.6329,-1.2936,179.0677,0.0000,0.0000,0.0000,-0.6235,-1.2673,178.8932,0.025,1599,0.0000,0.0000,0.0624,0,0,0.471
53.399,0,0,0,-0.6167,-1.2333,-0.6330,-1.2939,179.0672,0.0000,0.0000,0.0000,-0.6426,-1.3210,178.9914,0.011,1602,0.0000,0.0000,0.0628,0,0,0.457
53.498,0,0,0,-0.6167,-1.2333,-0.6329,-1.2936,179.0678,0.0000,0.0000,0.0000,-0.6236,-1.2672,178.8924,0.015,1605,0.0000,0.0000,0.0624,0,0,0.474
53.599,0,0,0,-0.6167,-1.2333,-0.6329,-1.2936,179.0692,0.0000,0.0000,0.0000,-0.6235,-1.2672,178.8927,0.040,1607,0.0000,0.0000,0.0624,0,0,0.475
53.699,0,0,0,-0.6167,-1.2333,-0.6330,-1.2940,179.0719,0.0000,0.0000,0.0000,-0.6426,-1.3210,178.9905,0.047,1610,0.0000,0.0000,0.0628,0,0,0.464
53.798,0,0,0,-0.6167,-1.2333,-0.6330,-1.2940,179.0714,0.0000,0.0000,0.0000,-0.6427,-1.3210,178.9898,0.024,1614,0.0000,0.0000,0.0628,0,0,0.476
53.898,0,0,0,-0.6167,-1.2333,-0.6329,-1.2936,179.0703,0.0000,0.0000,0.0000,-0.6235,-1.2672,178.8927,0.019,1617,0.0000,0.0000,0.0625,0,0,0.472
53.999,0,0,0,-0.6167,-1.2333,-0.6330,-1.2940,179.0706,0.0000,0.0000,0.0000,-0.6426,-1.3210,178.9903,0.023,1620,0.0000,0.0000,0.0629,0,0,0.470
54.099,0,0,0,-0.6167,-1.2333,-0.6329,-1.2937,179.0703,0.0000,0.0000,0.0000,-0.6235,-1.2672,178.8925,0.023,1623,0.0000,0.0000,0.0625,0,0,0.473
54.199,0,0,0,-0.6167,-1.2333,-0.6331,-1.2940,179.0700,0.0000,0.0000,0.0000,-0.6427,-1.3210,178.9898,0.026,1626,0.0000,0.0000,0.0629,0,0,0.474
54.299,0,0,0,-0.6167,-1.2333,-0.6329,-1.2937,179.0711,0.0000,0.0000,0.0000,-0.6235,-1.2672,178.8929,0.022,1629,0.0000,0.0000,0.0625,0,0,0.476
54.398,0,0,0,-0.6167,-1.2333,-0.6329,-1.2938,179.0494,0.0000,0.0000,0.0000,-0.6350,-1.3100,178.0276,0.026,1632,0.0000,0.0000,0.0626,0,0,0.477
54.500,0,0,0,-0.6167,-1.2333,-0.6327,-1.2934,179.0427,0.0000,0.0000,0.0000,-0.6236,-1.2672,178.8925,0.021,1635,0.0000,0.0000,0.0622,0,0,0.477
54.599,0,0,0,-0.6167,-1.2333,-0.6329,-1.2938,179.0435,0.0000,0.0000,0.0000,-0.6427,-1.3210,178.9930,0.024,1638,0.0000,0.0000,0.0626,0,0,0.474
54.699,0,0,0,-0.6167,-1.2333,-0.6328,-1.2935,179.0435,0.0000,0.0000,0.0000,-0.6236,-1.2672,178.8924,0.024,1641,0.0000,0.0000,0.0623,0,0,0.478
54.800,0,0,0,-0.6167,-1.2333,-0.6328,-1.2935,179.0469,0.0000,0.0000,0.0000,-0.6427,-1.3210,178.9941,0.003,1644,0.0000,0.0000,0.0623,0,0,0.468
54.898,0,0,0,-0.6167,-1.2333,-0.6329,-1.2939,179.0475,0.0000,0.0000,0.0000,-0.6427,-1.3210,178.9941,0.048,1646,0.0000,0.0000,0.0627,0,0,0.487
55.000,0,0,0,-0.6167,-1.2333,-0.6328,-1.2935,179.0467,0.0000,0.0000,0.0000,-0.6236,-1.2672,178.8926,0.034,1649,0.0000,0.0000,0.0623,0,0,0.476
55.100,0,0,0,-0.6167,-1.2333,-0.6328,-1.2935,179.0464,0.0000,0.0000,0.0000,-0.6236,-1.2672,178.8923,0.013,1653,0.0000,0.0000,0.0623,0,0,0.482
55.199,0,0,0,-0.6167,-1.2333,-0.6330,-1.2939,179.0481,0.0000,0.0000,0.0000,-0.6427,-1.3210,178.9933,0.027,1656,0.0000,0.0000,0.0627,0,0,0.470
55.298,0,0,0,-0.6167,-1.2333,-0.6328,-1.2936,179.0480,0.0000,0.0000,0.0000,-0.6236,-1.2672,178.8922,0.016,1659,0.0000,0.0000,0.0624,0,0,0.484
55.398,0,0,0,-0.6167,-1.2333,-0.6330,-1.2939,179.0506,0.0000,0.0000,0.0000,-0.6427,-1.3210,178.9925,0.022,1662,0.0000,0.0000,0.0628,0,0,0.476
55.500,0,0,0,-0.6167,-1.2333,-0.6329,-1.2936,179.0503,0.0000,0.0000,0.0000,-0.6235,-1.2672,178.8928,0.021,1665,0.0000,0.0000,0.0624,0,0,0.473
55.599,0,0,0,-0.6167,-1.2333,-0.6330,-1.2940,179.0512,0.0000,0.0000,0.0000,-0.6427,-1.3210,178.9931,0.027,1668,0.0000,0.0000,0.0628,0,0,0.469
55.698,0,0,0,-0.6167,-1.2333,-0.6329,-1.2936,179.0499,0.0000,0.0000,0.0000,-0.6236,-1.2672,178.8924,0.023,1671,0.0000,0.0000,0.0624,0,0,0.463
55.799,0,0,0,-0.6167,-1.2333,-0.6330,-1.2940,179.0523,0.0000,0.0000,0.0000,-0.6427,-1.3210,178.9930,0.027,1674,0.0000,0.0000,0.0628,0,0,0.477
55.899,0,0,0,-0.6167,-1.2333,-0.6329,-1.2936,179.0525,0.0000,0.0000,0.0000,-0.6235,-1.2673,178.8940,0.023,1677,0.0000,0.0000,0.0625,0,0,0.470
55.998,0,0,0,-0.6167,-1.2333,-0.6330,-1.2940,179.0536,0.0000,0.0000,0.0000,-0.6427,-1.3210,178.9932,0.025,1680,0.0000,0.0000,0.0628,0,0,0.476
56.098,0,0,0,-0.6167,-1.2333,-0.6329,-1.2937,179.0537,0.0000,0.0000,0.0000,-0.6236,-1.2672,178.8918,0.023,1683,0.0000,0.0000,0.0625,0,0,0.469
56.198,0,0,0,-0.6167,-1.2333,-0.6330,-1.2940,179.0554,0.0000,0.0000,0.0000,-0.6427,-1.3210,178.9923,0.012,1686,0.0000,0.0000,0.0629,0,0,0.473
56.300,0,0,0,-0.6167,-1.2333,-0.6329,-1.2937,179.0523,0.0000,0.0000,0.0000,-0.6236,-1.2673,178.8921,0.010,1689,0.0000,0.0000,0.0625,0,0,0.492
56.399,0,0,0,-0.6167,-1.2333,-0.6329,-1.2937,179.0530,0.0000,0.0000,0.0000,-0.6236,-1.2673,178.8921,0.042,1691,0.0000,0.0000,0.0625,0,0,0.470
56.499,0,0,0,-0.6167,-1.2333,-0.6330,-1.2941,179.0537,0.0000,0.0000,0.0000,-0.6427,-1.3210,178.9919,0.039,1694,0.0000,0.0000,0.0629,0,0,0.471
56.599,0,0,0,-0.6167,-1.2333,-0.6331,-1.2941,179.0537,0.0000,0.0000,0.0000,-0.6427,-1.3210,178.9915,0.026,1698,0.0000,0.0000,0.0629,0,0,0.474
56.698,0,0,0,-0.6167,-1.2333,-0.6329,-1.2937,179.0551,0.0000,0.0000,0.0000,-0.6236,-1.2673,178.8927,0.022,1701,0.0000,0.0000,0.0625,0,0,0.468
56.799,0,0,0,-0.6167,-1.2333,-0.6331,-1.2941,179.0578,0.0000,0.0000,0.0000,-0.6427,-1.3210,178.9926,0.024,1704,0.0000,0.0000,0.0629,0,0,0.481
56.898,0,0,0,-0.6167,-1.2333,-0.6329,-1.2937,179.0576,0.0000,0.0000,0.0000,-0.6236,-1.2673,178.8925,0.021,1707,0.0000,0.0000,0.0626,0,0,0.480
56.999,0,0,0,-0.6167,-1.2333,-0.6331,-1.2941,179.0590,0.0000,0.0000,0.0000,-0.6427,-1.3210,178.9924,0.024,1710,0.0000,0.0000,0.0629,0,0,0.469
57.099,0,0,0,-0.6167,-1.2333,-0.6330,-1.2938,179.0583,0.0000,0.0000,0.0000,-0.6236,-1.2673,178.8920,0.020,1713,0.0000,0.0000,0.0626,0,0,0.482
57.199,0,0,0,-0.6167,-1.2333,-0.6331,-1.2941,179.0583,0.0000,0.0000,0.0000,-0.6427,-1.3210,178.9924,0.025,1716,0.0000,0.0000,0.0630,0,0,0.478
57.300,0,0,0,-0.6167,-1.2333,-0.6330,-1.2938,179.0580,0.0000,0.0000,0.0000,-0.6236,-1.2673,178.8928,0.021,1719,0.0000,0.0000,0.0626,0,0,0.469
57.400,0,0,0,-0.6167,-1.2333,-0.6331,-1.2941,179.0565,0.0000,0.0000,0.0000,-0.6427,-1.3210,178.9921,0.027,1722,0.0000,0.0000,0.0630,0,0,0.478
57.499,0,0,0,-0.6167,-1.2333,-0.6330,-1.2938,179.0569,0.0000,0.0000,0.0000,-0.6235,-1.2673,178.8935,0.022,1725,0.0000,0.0000,0.0626,0,0,0.480
57.599,0,0,0,-0.6167,-1.2333,-0.6337,-1.2941,179.0604,0.0000,0.0000,0.0000,-0.6900,-1.3202,179.3553,0.005,1728,0.0000,0.0000,0.0631,0,0,0.483
57.699,0,0,0,-0.6167,-1.2333,-0.6337,-1.2941,179.0565,0.0000,0.0000,0.0000,-0.6429,-1.3211,178.9934,0.048,1730,0.0000,0.0000,0.0631,0,0,0.475
57.799,0,0,0,-0.6167,-1.2333,-0.6337,-1.2941,179.0560,0.0000,0.0000,0.0000,-0.6236,-1.2673,178.8929,0.013,1734,0.0000,0.0000,0.0631,0,0,0.470
57.899,0,0,0,-0.6167,-1.2333,-0.6335,-1.2938,179.0555,0.0000,0.0000,0.0000,-0.6235,-1.2673,178.8934,0.012,1737,0.0000,0.0000,0.0628,0,0,0.477
57.998,0,0,0,-0.6167,-1.2333,-0.6336,-1.2942,179.0558,0.0000,0.0000,0.0000,-0.6428,-1.3211,178.9953,0.024,1740,0.0000,0.0000,0.0631,0,0,0.479
58.098,0,0,0,-0.6167,-1.2333,-0.6335,-1.2938,179.0563,0.0000,0.0000,0.0000,-0.6235,-1.2673,178.8928,0.021,1743,0.0000,0.0000,0.0628,0,0,0.468
58.200,0,0,0,-0.6167,-1.2333,-0.6336,-1.2942,179.0564,0.0000,0.0000,0.0000,-0.6428,-1.3212,178.9938,0.029,1746,0.0000,0.0000,0.0632,0,0,0.475
58.302,0,0,0,-0.6167,-1.2333,-0.6335,-1.2938,179.0574,0.0000,0.0000,0.0000,-0.6236,-1.2672,178.8926,0.020,1749,0.0000,0.0000,0.0628,0,0,0.474
58.398,0,0,0,-0.6167,-1.2333,-0.6336,-1.2942,179.0590,0.0000,0.0000,0.0000,-0.6428,-1.3212,178.9950,0.024,1752,0.0000,0.0000,0.0632,0,0,0.477
58.499,0,0,0,-0.6167,-1.2333,-0.6334,-1.2938,179.0591,0.0000,0.0000,0.0000,-0.6235,-1.2673,178.8932,0.027,1755,0.0000,0.0000,0.0628,0,0,0.482
58.597,0,0,0,-0.6167,-1.2333,-0.6336,-1.2942,179.0583,0.0000,0.0000,0.0000,-0.6427,-1.3212,178.9949,0.024,1758,0.0000,0.0000,0.0632,0,0,0.476
58.701,0,0,0,-0.6167,-1.2333,-0.6334,-1.2939,179.0623,0.0000,0.0000,0.0000,-0.6236,-1.2672,178.8923,0.026,1761,0.0000,0.0000,0.0628,0,0,0.487
58.800,0,0,0,-0.6167,-1.2333,-0.6335,-1.2942,179.0640,0.0000,0.0000,0.0000,-0.6427,-1.3212,178.9942,0.005,1764,0.0000,0.0000,0.0632,0,0,0.487
58.899,0,0,0,-0.6167,-1.2333,-0.6334,-1.2939,179.0631,0.0000,0.0000,0.0000,-0.6236,-1.2672,178.8922,0.020,1767,0.0000,0.0000,0.0628,0,0,0.481
58.998,0,0,0,-0.6167,-1.2333,-0.6335,-1.2942,179.0635,0.0000,0.0000,0.0000,-0.6427,-1.3212,178.9950,0.009,1770,0.0000,0.0000,0.0632,0,0,0.482
59.100,0,0,0,-0.6167,-1.2333,-0.6333,-1.2937,179.0539,0.0000,0.0000,0.0000,-0.6236,-1.2672,178.8925,0.012,1773,0.0000,0.0000,0.0626,0,0,0.482
59.199,0,0,0,-0.6167,-1.2333,-0.6334,-1.2941,179.0549,0.0000,0.0000,0.0000,-0.6427,-1.3212,178.9929,0.024,1776,0.0000,0.0000,0.0630,0,0,0.472
59.307,0,0,0,-0.6167,-1.2333,-0.6333,-1.2938,179.0555,0.0000,0.0000,0.0000,-0.6236,-1.2672,178.8919,0.018,1779,0.0000,0.0000,0.0627,0,0,0.477
59.399,0,0,0,-0.6167,-1.2333,-0.6334,-1.2941,179.0552,0.0000,0.0000,0.0000,-0.6427,-1.3212,178.9930,0.024,1782,0.0000,0.0000,0.0630,0,0,0.474
59.499,0,0,0,-0.6167,-1.2333,-0.6332,-1.2938,179.0563,0.0000,0.0000,0.0000,-0.6236,-1.2672,178.8926,0.017,1785,0.0000,0.0000,0.0627,0,0,0.469
59.598,0,0,0,-0.6167,-1.2333,-0.6334,-1.2941,179.0561,0.0000,0.0000,0.0000,-0.6427,-1.3212,178.9927,0.028,1788,0.0000,0.0000,0.0631,0,0,0.480
59.700,0,0,0,-0.6167,-1.2333,-0.6332,-1.2938,179.0556,0.0000,0.0000,0.0000,-0.6236,-1.2672,178.8923,0.022,1791,0.0000,0.0000,0.0627,0,0,0.474
59.798,0,0,0,-0.6167,-1.2333,-0.6332,-1.2940,179.0480,0.0000,0.0000,0.0000,-0.6352,-1.3104,178.0620,0.026,1794,0.0000,0.0000,0.0629,0,0,0.476
59.898,0,0,0,-0.6167,-1.2333,-0.6331,-1.2937,179.0482,0.0000,0.0000,0.0000,-0.6235,-1.2673,178.8937,0.017,1797,0.0000,0.0000,0.0625,0,0,0.479
59.998,0,0,0,-0.6167,-1.2333,-0.6332,-1.2940,179.0484,0.0000,0.0000,0.0000,-0.6427,-1.3208,178.9895,0.022,1800,0.0000,0.0000,0.0629,0,0,0.468
60.100,0,0,0,-0.6167,-1.2333,-0.6331,-1.2937,179.0484,0.0000,0.0000,0.0000,-0.6235,-1.2672,178.8929,0.021,1803,0.0000,0.0000,0.0626,0,0,0.480
60.198,0,0,0,-0.6167,-1.2333,-0.6331,-1.2937,179.0487,0.0000,0.0000,0.0000,-0.6427,-1.3208,178.9896,0.010,1806,0.0000,0.0000,0.0626,0,0,0.471
60.299,0,0,0,-0.6167,-1.2333,-0.6331,-1.2937,179.0476,0.0000,0.0000,0.0000,-0.6235,-1.2672,178.8931,0.018,1809,0.0000,0.0000,0.0626,0,0,0.483
60.398,0,0,0,-0.6167,-1.2333,-0.6331,-1.2937,179.0476,0.0000,0.0000,0.0000,-0.6427,-1.3208,178.9894,0.003,1812,0.0000,0.0000,0.0626,0,0,0.478
60.500,0,0,0,-0.6167,-1.2333,-0.6332,-1.2941,179.0478,0.0000,0.0000,0.0000,-0.6427,-1.3208,178.9894,0.042,1814,0.0000,0.0000,0.0630,0,0,0.482
60.600,0,0,0,-0.6167,-1.2333,-0.6332,-1.2941,179.0496,0.0000,0.0000,0.0000,-0.6427,-1.3209,178.9899,0.023,1818,0.0000,0.0000,0.0630,0,0,0.486
60.700,0,0,0,-0.6167,-1.2333,-0.6331,-1.2937,179.0485,0.0000,0.0000,0.0000,-0.6235,-1.2672,178.8930,0.022,1821,0.0000,0.0000,0.0626,0,0,0.471
60.800,0,0,0,-0.6167,-1.2333,-0.6332,-1.2941,179.0473,0.0000,0.0000,0.0000,-0.6427,-1.3209,178.9887,0.023,1824,0.0000,0.0000,0.0630,0,0,0.478
60.897,0,0,0,-0.6167,-1.2333,-0.6331,-1.2937,179.0468,0.0000,0.0000,0.0000,-0.6236,-1.2672,178.8923,0.021,1827,0.0000,0.0000,0.0626,0,0,0.467
60.999,0,0,0,-0.6167,-1.2333,-0.6332,-1.2941,179.0467,0.0000,0.0000,0.0000,-0.6427,-1.3208,178.9886,0.024,1830,0.0000,0.0000,0.0630,0,0,0.473
61.100,0,0,0,-0.6167,-1.2333,-0.6331,-1.2937,179.0459,0.0000,0.0000,0.0000,-0.6236,-1.2672,178.8921,0.018,1833,0.0000,0.0000,0.0626,0,0,0.474
61.199,0,0,0,-0.6167,-1.2333,-0.6332,-1.2941,179.0472,0.0000,0.0000,0.0000,-0.6427,-1.3209,178.9893,0.026,1836,0.0000,0.0000,0.0630,0,0,0.476
61.298,0,0,0,-0.6167,-1.2333,-0.6331,-1.2938,179.0473,0.0000,0.0000,0.0000,-0.6235,-1.2672,178.8930,0.019,1839,0.0000,0.0000,0.0626,0,0,0.472
61.400,0,0,0,-0.6167,-1.2333,-0.6332,-1.2941,179.0476,0.0000,0.0000,0.0000,-0.6427,-1.3209,178.9887,0.026,1842,0.0000,0.0000,0.0630,0,0,0.475
61.498,0,0,0,-0.6167,-1.2333,-0.6331,-1.2938,179.0470,0.0000,0.0000,0.0000,-0.6235,-1.2672,178.8927,0.020,1845,0.0000,0.0000,0.0626,0,0,0.480
61.598,0,0,0,-0.6167,-1.2333,-0.6331,-1.2938,179.0489,0.0000,0.0000,0.0000,-0.6427,-1.3209,178.9896,0.003,1848,0.0000,0.0000,0.0626,0,0,0.471
61.701,0,0,0,-0.6167,-1.2333,-0.6332,-1.2941,179.0506,0.0000,0.0000,0.0000,-0.6427,-1.3209,178.9896,0.055,1850,0.0000,0.0000,0.0630,0,0,0.470
61.800,0,0,0,-0.6167,-1.2333,-0.6331,-1.2938,179.0511,0.0000,0.0000,0.0000,-0.6235,-1.2672,178.8928,0.024,1853,0.0000,0.0000,0.0626,0,0,0.474
61.899,0,0,0,-0.6167,-1.2333,-0.6331,-1.2938,179.0516,0.0000,0.0000,0.0000,-0.6235,-1.2672,178.8928,0.015,1857,0.0000,0.0000,0.0626,0,0,0.468
61.999,0,0,0,-0.6167,-1.2333,-0.6332,-1.2941,179.0538,0.0000,0.0000,0.0000,-0.6427,-1.3208,178.9898,0.022,1860,0.0000,0.0000,0.0630,0,0,0.486
62.103,0,0,0,-0.6167,-1.2333,-0.6331,-1.2938,179.0526,0.0000,0.0000,0.0000,-0.6235,-1.2672,178.8924,0.031,1863,0.0000,0.0000,0.0626,0,0,0.476
62.198,0,0,0,-0.6167,-1.2333,-0.6332,-1.2941,179.0530,0.0000,0.0000,0.0000,-0.6427,-1.3208,178.9891,0.021,1866,0.0000,0.0000,0.0630,0,0,0.466
62.302,0,0,0,-0.6167,-1.2333,-0.6331,-1.2938,179.0539,0.0000,0.0000,0.0000,-0.6236,-1.2672,178.8923,0.021,1869,0.0000,0.0000,0.0626,0,0,0.483
62.400,0,0,0,-0.6167,-1.2333,-0.6332,-1.2941,179.0542,0.0000,0.0000,0.0000,-0.6427,-1.3208,178.9899,0.026,1872,0.0000,0.0000,0.0630,0,0,0.475
62.500,0,0,0,-0.6167,-1.2333,-0.6331,-1.2938,179.0522,0.0000,0.0000,0.0000,-0.6235,-1.2672,178.8929,0.021,1875,0.0000,0.0000,0.0626,0,0,0.475
62.598,0,0,0,-0.6167,-1.2333,-0.6332,-1.2941,179.0524,0.0000,0.0000,0.0000,-0.6427,-1.3208,178.9901,0.026,1878,0.0000,0.0000,0.0630,0,0,0.483
62.699,0,0,0,-0.6167,-1.2333,-0.6331,-1.2938,179.0503,0.0000,0.0000,0.0000,-0.6236,-1.2672,178.8921,0.019,1881,0.0000,0.0000,0.0626,0,0,0.475
62.799,0,0,0,-0.6167,-1.2333,-0.6332,-1.2941,179.0505,0.0000,0.0000,0.0000,-0.6427,-1.3208,178.9893,0.027,1884,0.0000,0.0000,0.0630,0,0,0.480
62.898,0,0,0,-0.6167,-1.2333,-0.6331,-1.2938,179.0499,0.0000,0.0000,0.0000,-0.6235,-1.2672,178.8926,0.024,1887,0.0000,0.0000,0.0627,0,0,0.471
63.000,0,0,0,-0.6167,-1.2333,-0.6332,-1.2942,179.0502,0.0000,0.0000,0.0000,-0.6428,-1.3208,178.9890,0.019,1890,0.0000,0.0000,0.0630,0,0,0.471
63.099,0,0,0,-0.6167,-1.2333,-0.6331,-1.2938,179.0509,0.0000,0.0000,0.0000,-0.6236,-1.2672,178.8921,0.021,1893,0.0000,0.0000,0.0627,0,0,0.476
63.199,0,0,0,-0.6167,-1.2333,-0.6331,-1.2940,179.0439,0.0000,0.0000,0.0000,-0.6428,-1.3209,178.9970,0.017,1896,0.0000,0.0000,0.0629,0,0,0.475
63.300,0,0,0,-0.6167,-1.2333,-0.6331,-1.2940,179.0471,0.0000,0.0000,0.0000,-0.6428,-1.3209,178.9956,0.049,1898,0.0000,0.0000,0.0629,0,0,0.478
63.399,0,0,0,-0.6167,-1.2333,-0.6331,-1.2940,179.0463,0.0000,0.0000,0.0000,-0.6428,-1.3210,178.9943,0.026,1902,0.0000,0.0000,0.0629,0,0,0.480
63.499,0,0,0,-0.6167,-1.2333,-0.6330,-1.2937,179.0449,0.0000,0.0000,0.0000,-0.6235,-1.2672,178.8929,0.020,1905,0.0000,0.0000,0.0625,0,0,0.478
63.599,0,0,0,-0.6167,-1.2333,-0.6331,-1.2940,179.0449,0.0000,0.0000,0.0000,-0.6428,-1.3210,178.9952,0.028,1908,0.0000,0.0000,0.0629,0,0,0.482
63.699,0,0,0,-0.6167,-1.2333,-0.6330,-1.2937,179.0457,0.0000,0.0000,0.0000,-0.6235,-1.2672,178.8929,0.026,1911,0.0000,0.0000,0.0625,0,0,0.472
63.799,0,0,0,-0.6167,-1.2333,-0.6331,-1.2941,179.0488,0.0000,0.0000,0.0000,-0.6427,-1.3210,178.9957,0.029,1914,0.0000,0.0000,0.0629,0,0,0.470
63.900,0,0,0,-0.6167,-1.2333,-0.6330,-1.2937,179.0495,0.0000,0.0000,0.0000,-0.6236,-1.2672,178.8919,0.026,1917,0.0000,0.0000,0.0626,0,0,0.474
63.999,0,0,0,-0.6167,-1.2333,-0.6331,-1.2941,179.0511,0.0000,0.0000,0.0000,-0.6427,-1.3210,178.9964,0.023,1920,0.0000,0.0000,0.0629,0,0,0.482
64.101,0,0,0,-0.6167,-1.2333,-0.6330,-1.2937,179.0433,0.0000,0.0000,0.0000,-0.6236,-1.2672,178.8921,0.024,1923,0.0000,0.0000,0.0626,0,0,0.474
64.199,0,0,0,-0.6167,-1.2333,-0.6330,-1.2940,179.0351,0.0000,0.0000,0.0000,-0.6351,-1.3106,178.0652,0.027,1926,0.0000,0.0000,0.0628,0,0,0.468
64.299,0,0,0,-0.6167,-1.2333,-0.6329,-1.2936,179.0353,0.0000,0.0000,0.0000,-0.6235,-1.2672,178.8926,0.018,1929,0.0000,0.0000,0.0624,0,0,0.475
64.400,0,0,0,-0.6167,-1.2333,-0.6329,-1.2936,179.0380,0.0000,0.0000,0.0000,-0.6427,-1.3211,178.9922,0.046,1931,0.0000,0.0000,0.0625,0,0,0.471
64.499,0,0,0,-0.6167,-1.2333,-0.6331,-1.2940,179.0405,0.0000,0.0000,0.0000,-0.6427,-1.3211,178.9931,0.049,1934,0.0000,0.0000,0.0628,0,0,0.487
64.598,0,0,0,-0.6167,-1.2333,-0.6331,-1.2940,179.0431,0.0000,0.0000,0.0000,-0.6427,-1.3211,178.9932,0.009,1938,0.0000,0.0000,0.0629,0,0,0.480
64.698,0,0,0,-0.6167,-1.2333,-0.6331,-1.2940,179.0464,0.0000,0.0000,0.0000,-0.6235,-1.2672,178.8927,0.011,1941,0.0000,0.0000,0.0629,0,0,0.476
64.798,0,0,0,-0.6167,-1.2333,-0.6331,-1.2940,179.0483,0.0000,0.0000,0.0000,-0.6427,-1.3211,178.9927,0.022,1944,0.0000,0.0000,0.0629,0,0,0.462
64.899,0,0,0,-0.6167,-1.2333,-0.6330,-1.2937,179.0477,0.0000,0.0000,0.0000,-0.6235,-1.2672,178.8925,0.022,1947,0.0000,0.0000,0.0625,0,0,0.469
64.999,0,0,0,-0.6167,-1.2333,-0.6331,-1.2941,179.0495,0.0000,0.0000,0.0000,-0.6427,-1.3211,178.9909,0.022,1950,0.0000,0.0000,0.0629,0,0,0.479
65.099,0,0,0,-0.6167,-1.2333,-0.6330,-1.2937,179.0517,0.0000,0.0000,0.0000,-0.6235,-1.2672,178.8929,0.024,1953,0.0000,0.0000,0.0625,0,0,0.483
65.200,0,0,0,-0.6167,-1.2333,-0.6331,-1.2941,179.0518,0.0000,0.0000,0.0000,-0.6427,-1.3211,178.9917,0.027,1956,0.0000,0.0000,0.0629,0,0,0.474
65.299,0,0,0,-0.6167,-1.2333,-0.6330,-1.2937,179.0533,0.0000,0.0000,0.0000,-0.6235,-1.2672,178.8928,0.016,1959,0.0000,0.0000,0.0626,0,0,0.467
65.399,0,0,0,-0.6167,-1.2333,-0.6331,-1.2941,179.0529,0.0000,0.0000,0.0000,-0.6427,-1.3211,178.9915,0.024,1962,0.0000,0.0000,0.0629,0,0,0.476
65.498,0,0,0,-0.6167,-1.2333,-0.6330,-1.2937,179.0516,0.0000,0.0000,0.0000,-0.6236,-1.2672,178.8925,0.026,1965,0.0000,0.0000,0.0626,0,0,0.471
65.598,0,0,0,-0.6167,-1.2333,-0.6330,-1.2937,179.0532,0.0000,0.0000,0.0000,-0.6427,-1.3211,178.9921,0.003,1968,0.0000,0.0000,0.0626,0,0,0.475
65.699,0,0,0,-0.6167,-1.2333,-0.6330,-1.2938,179.0553,0.0000,0.0000,0.0000,-0.6235,-1.2672,178.8931,0.022,1971,0.0000,0.0000,0.0626,0,0,0.486
65.801,0,0,0,-0.6167,-1.2333,-0.6330,-1.2938,179.0579,0.0000,0.0000,0.0000,-0.6427,-1.3211,178.9917,0.003,1974,0.0000,0.0000,0.0626,0,0,0.477
65.900,0,0,0,-0.6167,-1.2333,-0.6331,-1.2941,179.0584,0.0000,0.0000,0.0000,-0.6235,-1.2672,178.8931,0.002,1977,0.0000,0.0000,0.0630,0,0,0.479
65.998,0,0,0,-0.6167,-1.2333,-0.6331,-1.2941,179.0609,0.0000,0.0000,0.0000,-0.6427,-1.3210,178.9912,0.022,1980,0.0000,0.0000,0.0630,0,0,0.473
66.100,0,0,0,-0.6167,-1.2333,-0.6330,-1.2938,179.0591,0.0000,0.0000,0.0000,-0.6236,-1.2672,178.8925,0.020,1983,0.0000,0.0000,0.0626,0,0,0.478
66.199,0,0,0,-0.6167,-1.2333,-0.6331,-1.2941,179.0612,0.0000,0.0000,0.0000,-0.6427,-1.3211,178.9915,0.028,1986,0.0000,0.0000,0.0630,0,0,0.478
66.300,0,0,0,-0.6167,-1.2333,-0.6330,-1.2938,179.0625,0.0000,0.0000,0.0000,-0.6235,-1.2672,178.8930,0.023,1989,0.0000,0.0000,0.0626,0,0,0.471
66.399,0,0,0,-0.6167,-1.2333,-0.6330,-1.2940,179.0559,0.0000,0.0000,0.0000,-0.6345,-1.3102,178.0285,0.027,1992,0.0000,0.0000,0.0628,0,0,0.476
66.498,0,0,0,-0.6167,-1.2333,-0.6329,-1.2937,179.0574,0.0000,0.0000,0.0000,-0.6236,-1.2672,178.8928,0.026,1995,0.0000,0.0000,0.0625,0,0,0.476
66.598,0,0,0,-0.6167,-1.2333,-0.6330,-1.2941,179.0598,0.0000,0.0000,0.0000,-0.6424,-1.3213,178.9975,0.023,1998,0.0000,0.0000,0.0629,0,0,0.472
66.700,0,0,0,-0.6167,-1.2333,-0.6329,-1.2937,179.0593,0.0000,0.0000,0.0000,-0.6236,-1.2672,178.8922,0.021,2001,0.0000,0.0000,0.0625,0,0,0.476
66.799,0,0,0,-0.6167,-1.2333,-0.6330,-1.2941,179.0605,0.0000,0.0000,0.0000,-0.6426,-1.3213,178.9950,0.028,2004,0.0000,0.0000,0.0629,0,0,0.463
66.900,0,0,0,-0.6167,-1.2333,-0.6329,-1.2937,179.0613,0.0000,0.0000,0.0000,-0.6235,-1.2672,178.8937,0.026,2007,0.0000,0.0000,0.0625,0,0,0.472
66.999,0,0,0,-0.6167,-1.2333,-0.6330,-1.2941,179.0625,0.0000,0.0000,0.0000,-0.6425,-1.3212,178.9958,0.015,2010,0.0000,0.0000,0.0629,0,0,0.482
67.098,0,0,0,-0.6167,-1.2333,-0.6329,-1.2938,179.0618,0.0000,0.0000,0.0000,-0.6235,-1.2672,178.8929,0.026,2013,0.0000,0.0000,0.0626,0,0,0.468
67.198,0,0,0,-0.6167,-1.2333,-0.6329,-1.2938,179.0644,0.0000,0.0000,0.0000,-0.6235,-1.2672,178.8932,0.048,2015,0.0000,0.0000,0.0626,0,0,0.470
67.298,0,0,0,-0.6167,-1.2333,-0.6330,-1.2941,179.0659,0.0000,0.0000,0.0000,-0.6426,-1.3212,178.9950,0.047,2018,0.0000,0.0000,0.0630,0,0,0.470
67.399,0,0,0,-0.6167,-1.2333,-0.6330,-1.2941,179.0661,0.0000,0.0000,0.0000,-0.6426,-1.3212,178.9947,0.027,2022,0.0000,0.0000,0.0630,0,0,0.478
67.499,0,0,0,-0.6167,-1.2333,-0.6329,-1.2938,179.0667,0.0000,0.0000,0.0000,-0.6235,-1.2672,178.8934,0.018,2025,0.0000,0.0000,0.0626,0,0,0.470
67.599,0,0,0,-0.6167,-1.2333,-0.6330,-1.2942,179.0674,0.0000,0.0000,0.0000,-0.6426,-1.3212,178.9940,0.024,2028,0.0000,0.0000,0.0630,0,0,0.475
67.698,0,0,0,-0.6167,-1.2333,-0.6329,-1.2938,179.0671,0.0000,0.0000,0.0000,-0.6235,-1.2672,178.8932,0.022,2031,0.0000,0.0000,0.0626,0,0,0.461
67.798,0,0,0,-0.6167,-1.2333,-0.6331,-1.2942,179.0690,0.0000,0.0000,0.0000,-0.6426,-1.3212,178.9934,0.028,2034,0.0000,0.0000,0.0630,0,0,0.467
67.900,0,0,0,-0.6167,-1.2333,-0.6328,-1.2937,179.0590,0.0000,0.0000,0.0000,-0.6235,-1.2672,178.8933,0.022,2037,0.0000,0.0000,0.0625,0,0,0.474
67.999,0,0,0,-0.6167,-1.2333,-0.6330,-1.2941,179.0611,0.0000,0.0000,0.0000,-0.6426,-1.3214,178.9994,0.028,2040,0.0000,0.0000,0.0629,0,0,0.482
68.098,0,0,0,-0.6167,-1.2333,-0.6328,-1.2937,179.0611,0.0000,0.0000,0.0000,-0.6235,-1.2672,178.8938,0.026,2043,0.0000,0.0000,0.0625,0,0,0.474
68.199,0,0,0,-0.6167,-1.2333,-0.6330,-1.2941,179.0640,0.0000,0.0000,0.0000,-0.6426,-1.3214,179.0000,0.028,2046,0.0000,0.0000,0.0629,0,0,0.476
68.298,0,0,0,-0.6167,-1.2333,-0.6329,-1.2937,179.0647,0.0000,0.0000,0.0000,-0.6235,-1.2672,178.8935,0.019,2049,0.0000,0.0000,0.0625,0,0,0.481
68.399,0,0,0,-0.6167,-1.2333,-0.6330,-1.2941,179.0672,0.0000,0.0000,0.0000,-0.6426,-1.3214,178.9996,0.010,2052,0.0000,0.0000,0.0629,0,0,0.475
68.499,0,0,0,-0.6167,-1.2333,-0.6330,-1.2941,179.0690,0.0000,0.0000,0.0000,-0.6426,-1.3214,178.9991,0.048,2054,0.0000,0.0000,0.0630,0,0,0.477
68.599,0,0,0,-0.6167,-1.2333,-0.6329,-1.2938,179.0695,0.0000,0.0000,0.0000,-0.6426,-1.3214,178.9979,0.003,2058,0.0000,0.0000,0.0626,0,0,0.481
68.701,0,0,0,-0.6167,-1.2333,-0.6330,-1.2942,179.0686,0.0000,0.0000,0.0000,-0.6426,-1.3214,178.9985,0.044,2060,0.0000,0.0000,0.0630,0,0,0.465
68.798,0,0,0,-0.6167,-1.2333,-0.6329,-1.2940,179.0592,0.0000,0.0000,0.0000,-0.6353,-1.3105,178.0737,0.022,2064,0.0000,0.0000,0.0628,0,0,0.474
68.900,0,0,0,-0.6167,-1.2333,-0.6328,-1.2937,179.0592,0.0000,0.0000,0.0000,-0.6235,-1.2672,178.8935,0.025,2067,0.0000,0.0000,0.0625,0,0,0.478
68.999,0,0,0,-0.6167,-1.2333,-0.6329,-1.2941,179.0593,0.0000,0.0000,0.0000,-0.6425,-1.3214,178.9931,0.028,2070,0.0000,0.0000,0.0629,0,0,0.486
69.102,0,0,0,-0.6167,-1.2333,-0.6328,-1.2937,179.0602,0.0000,0.0000,0.0000,-0.6235,-1.2672,178.8928,0.029,2073,0.0000,0.0000,0.0625,0,0,0.473
69.201,0,0,0,-0.6167,-1.2333,-0.6329,-1.2941,179.0611,0.0000,0.0000,0.0000,-0.6425,-1.3214,178.9940,0.030,2076,0.0000,0.0000,0.0629,0,0,0.464
69.300,0,0,0,-0.6167,-1.2333,-0.6328,-1.2937,179.0615,0.0000,0.0000,0.0000,-0.6235,-1.2672,178.8933,0.020,2079,0.0000,0.0000,0.0625,0,0,0.470
69.398,0,0,0,-0.6167,-1.2333,-0.6329,-1.2941,179.0615,0.0000,0.0000,0.0000,-0.6426,-1.3214,178.9934,0.026,2082,0.0000,0.0000,0.0629,0,0,0.472
69.499,0,0,0,-0.6167,-1.2333,-0.6328,-1.2938,179.0636,0.0000,0.0000,0.0000,-0.6235,-1.2672,178.8938,0.024,2085,0.0000,0.0000,0.0626,0,0,0.465
69.598,0,0,0,-0.6167,-1.2333,-0.6330,-1.2941,179.0665,0.0000,0.0000,0.0000,-0.6426,-1.3214,178.9937,0.027,2088,0.0000,0.0000,0.0630,0,0,0.483
69.699,0,0,0,-0.6167,-1.2333,-0.6328,-1.2938,179.0677,0.0000,0.0000,0.0000,-0.6235,-1.2672,178.8934,0.028,2091,0.0000,0.0000,0.0626,0,0,0.477
69.800,0,0,0,-0.6167,-1.2333,-0.6328,-1.2938,179.0689,0.0000,0.0000,0.0000,-0.6426,-1.3213,178.9931,0.007,2094,0.0000,0.0000,0.0626,0,0,0.463
69.900,0,0,0,-0.6167,-1.2333,-0.6329,-1.2938,179.0685,0.0000,0.0000,0.0000,-0.6235,-1.2672,178.8927,0.013,2097,0.0000,0.0000,0.0626,0,0,0.474
70.002,0,0,0,-0.6167,-1.2333,-0.6330,-1.2942,179.0692,0.0000,0.0000,0.0000,-0.6426,-1.3214,178.9931,0.014,2100,0.0000,0.0000,0.0630,0,0,0.479
70.101,0,0,0,-0.6167,-1.2333,-0.6329,-1.2938,179.0701,0.0000,0.0000,0.0000,-0.6235,-1.2672,178.8943,0.003,2103,0.0000,0.0000,0.0626,0,0,0.471
70.199,0,0,0,-0.6167,-1.2333,-0.6330,-1.2942,179.0711,0.0000,0.0000,0.0000,-0.6426,-1.3214,178.9929,0.029,2106,0.0000,0.0000,0.0630,0,0,0.467
70.299,0,0,0,-0.6167,-1.2333,-0.6329,-1.2939,179.0707,0.0000,0.0000,0.0000,-0.6235,-1.2672,178.8935,0.018,2109,0.0000,0.0000,0.0627,0,0,0.483
70.399,0,0,0,-0.6167,-1.2333,-0.6330,-1.2942,179.0712,0.0000,0.0000,0.0000,-0.6426,-1.3213,178.9927,0.024,2112,0.0000,0.0000,0.0630,0,0,0.472
70.499,0,0,0,-0.6167,-1.2333,-0.6329,-1.2939,179.0696,0.0000,0.0000,0.0000,-0.6235,-1.2672,178.8931,0.026,2115,0.0000,0.0000,0.0627,0,0,0.470
70.598,0,0,0,-0.6167,-1.2333,-0.6330,-1.2942,179.0711,0.0000,0.0000,0.0000,-0.6426,-1.3213,178.9928,0.027,2118,0.0000,0.0000,0.0631,0,0,0.475
70.699,0,0,0,-0.6167,-1.2333,-0.6329,-1.2939,179.0694,0.0000,0.0000,0.0000,-0.6235,-1.2672,178.8938,0.025,2121,0.0000,0.0000,0.0627,0,0,0.471
70.799,0,0,0,-0.6167,-1.2333,-0.6330,-1.2943,179.0689,0.0000,0.0000,0.0000,-0.6426,-1.3213,178.9921,0.028,2124,0.0000,0.0000,0.0631,0,0,0.457
70.900,0,0,0,-0.6167,-1.2333,-0.6329,-1.2939,179.0690,0.0000,0.0000,0.0000,-0.6236,-1.2672,178.8927,0.028,2127,0.0000,0.0000,0.0627,0,0,0.480
71.001,0,0,0,-0.6167,-1.2333,-0.6330,-1.2943,179.0698,0.0000,0.0000,0.0000,-0.6426,-1.3213,178.9923,0.032,2130,0.0000,0.0000,0.0631,0,0,0.476
71.100,0,0,0,-0.6167,-1.2333,-0.6329,-1.2939,179.0713,0.0000,0.0000,0.0000,-0.6235,-1.2672,178.8934,0.026,2133,0.0000,0.0000,0.0627,0,0,0.467
71.199,0,0,0,-0.6167,-1.2333,-0.6330,-1.2943,179.0749,0.0000,0.0000,0.0000,-0.6426,-1.3213,178.9929,0.007,2136,0.0000,0.0000,0.0631,0,0,0.472
71.299,0,0,0,-0.6167,-1.2333,-0.6330,-1.2943,179.0774,0.0000,0.0000,0.0000,-0.6426,-1.3213,178.9932,0.053,2138,0.0000,0.0000,0.0631,0,0,0.481
71.399,0,0,0,-0.6167,-1.2333,-0.6330,-1.2943,179.0769,0.0000,0.0000,0.0000,-0.6236,-1.2672,178.8922,0.016,2142,0.0000,0.0000,0.0631,0,0,0.472
71.498,0,0,0,-0.6167,-1.2333,-0.6329,-1.2939,179.0766,0.0000,0.0000,0.0000,-0.6235,-1.2672,178.8933,0.015,2145,0.0000,0.0000,0.0628,0,0,0.495
71.599,0,0,0,-0.6167,-1.2333,-0.6331,-1.2943,179.0778,0.0000,0.0000,0.0000,-0.6426,-1.3213,178.9927,0.029,2148,0.0000,0.0000,0.0631,0,0,0.473
71.699,0,0,0,-0.6167,-1.2333,-0.6329,-1.2940,179.0782,0.0000,0.0000,0.0000,-0.6235,-1.2672,178.8937,0.028,2151,0.0000,0.0000,0.0628,0,0,0.457
71.798,0,0,0,-0.6167,-1.2333,-0.6331,-1.2943,179.0795,0.0000,0.0000,0.0000,-0.6426,-1.3213,178.9944,0.023,2154,0.0000,0.0000,0.0631,0,0,0.489
71.899,0,0,0,-0.6167,-1.2333,-0.6329,-1.2940,179.0784,0.0000,0.0000,0.0000,-0.6235,-1.2672,178.8933,0.029,2157,0.0000,0.0000,0.0628,0,0,0.479
71.999,0,0,0,-0.6167,-1.2333,-0.6331,-1.2943,179.0790,0.0000,0.0000,0.0000,-0.6426,-1.3213,178.9938,0.024,2160,0.0000,0.0000,0.0632,0,0,0.464
72.099,0,0,0,-0.6167,-1.2333,-0.6328,-1.2938,179.0620,0.0000,0.0000,0.0000,-0.6236,-1.2672,178.8927,0.027,2163,0.0000,0.0000,0.0626,0,0,0.476
72.199,0,0,0,-0.6167,-1.2333,-0.6330,-1.2942,179.0630,0.0000,0.0000,0.0000,-0.6427,-1.3211,178.9905,0.027,2166,0.0000,0.0000,0.0630,0,0,0.478
72.299,0,0,0,-0.6167,-1.2333,-0.6329,-1.2938,179.0635,0.0000,0.0000,0.0000,-0.6236,-1.2672,178.8924,0.021,2169,0.0000,0.0000,0.0626,0,0,0.486
72.399,0,0,0,-0.6167,-1.2333,-0.6330,-1.2942,179.0653,0.0000,0.0000,0.0000,-0.6427,-1.3211,178.9888,0.006,2172,0.0000,0.0000,0.0630,0,0,0.469
72.499,0,0,0,-0.6167,-1.2333,-0.6329,-1.2939,179.0641,0.0000,0.0000,0.0000,-0.6236,-1.2672,178.8928,0.029,2175,0.0000,0.0000,0.0627,0,0,0.466
72.600,0,0,0,-0.6167,-1.2333,-0.6330,-1.2942,179.0665,0.0000,0.0000,0.0000,-0.6427,-1.3211,178.9888,0.012,2178,0.0000,0.0000,0.0630,0,0,0.468
72.699,0,0,0,-0.6167,-1.2333,-0.6329,-1.2939,179.0665,0.0000,0.0000,0.0000,-0.6235,-1.2673,178.8946,0.013,2181,0.0000,0.0000,0.0627,0,0,0.472
72.799,0,0,0,-0.6167,-1.2333,-0.6330,-1.2942,179.0692,0.0000,0.0000,0.0000,-0.6427,-1.3211,178.9895,0.020,2184,0.0000,0.0000,0.0630,0,0,0.474
72.898,0,0,0,-0.6167,-1.2333,-0.6330,-1.2942,179.0716,0.0000,0.0000,0.0000,-0.6235,-1.2672,178.8941,0.048,2186,0.0000,0.0000,0.0630,0,0,0.474
72.999,0,0,0,-0.6167,-1.2333,-0.6330,-1.2942,179.0723,0.0000,0.0000,0.0000,-0.6427,-1.3211,178.9894,0.021,2190,0.0000,0.0000,0.0630,0,0,0.466
73.099,0,0,0,-0.6167,-1.2333,-0.6329,-1.2939,179.0712,0.0000,0.0000,0.0000,-0.6236,-1.2672,178.8927,0.025,2193,0.0000,0.0000,0.0627,0,0,0.477
73.199,0,0,0,-0.6167,-1.2333,-0.6330,-1.2942,179.0737,0.0000,0.0000,0.0000,-0.6427,-1.3211,178.9898,0.025,2196,0.0000,0.0000,0.0631,0,0,0.471
73.298,0,0,0,-0.6167,-1.2333,-0.6329,-1.2939,179.0725,0.0000,0.0000,0.0000,-0.6235,-1.2672,178.8933,0.023,2199,0.0000,0.0000,0.0627,0,0,0.478
73.399,0,0,0,-0.6167,-1.2333,-0.6331,-1.2942,179.0732,0.0000,0.0000,0.0000,-0.6427,-1.3211,178.9891,0.030,2202,0.0000,0.0000,0.0631,0,0,0.480
73.499,0,0,0,-0.6167,-1.2333,-0.6329,-1.2939,179.0728,0.0000,0.0000,0.0000,-0.6235,-1.2672,178.8932,0.026,2205,0.0000,0.0000,0.0627,0,0,0.475
73.599,0,0,0,-0.6167,-1.2333,-0.6331,-1.2942,179.0741,0.0000,0.0000,0.0000,-0.6427,-1.3211,178.9888,0.024,2208,0.0000,0.0000,0.0631,0,0,0.479
73.699,0,0,0,-0.6167,-1.2333,-0.6329,-1.2939,179.0738,0.0000,0.0000,0.0000,-0.6235,-1.2672,178.8932,0.026,2211,0.0000,0.0000,0.0627,0,0,0.465
73.801,0,0,0,-0.6167,-1.2333,-0.6330,-1.2941,179.0649,0.0000,0.0000,0.0000,-0.6353,-1.3104,178.0596,0.010,2214,0.0000,0.0000,0.0629,0,0,0.464
73.900,0,0,0,-0.6167,-1.2333,-0.6329,-1.2938,179.0657,0.0000,0.0000,0.0000,-0.6236,-1.2672,178.8922,0.024,2217,0.0000,0.0000,0.0626,0,0,0.478
74.000,0,0,0,-0.6167,-1.2333,-0.6330,-1.2941,179.0664,0.0000,0.0000,0.0000,-0.6427,-1.3209,178.9869,0.006,2220,0.0000,0.0000,0.0630,0,0,0.473
74.099,0,0,0,-0.6167,-1.2333,-0.6330,-1.2941,179.0671,0.0000,0.0000,0.0000,-0.6427,-1.3209,178.9871,0.048,2222,0.0000,0.0000,0.0630,0,0,0.484
74.200,0,0,0,-0.6167,-1.2333,-0.6330,-1.2941,179.0658,0.0000,0.0000,0.0000,-0.6427,-1.3210,178.9880,0.026,2226,0.0000,0.0000,0.0630,0,0,0.469
74.299,0,0,0,-0.6167,-1.2333,-0.6329,-1.2938,179.0653,0.0000,0.0000,0.0000,-0.6236,-1.2672,178.8927,0.020,2229,0.0000,0.0000,0.0626,0,0,0.467
74.399,0,0,0,-0.6167,-1.2333,-0.6330,-1.2941,179.0654,0.0000,0.0000,0.0000,-0.6427,-1.3209,178.9894,0.029,2232,0.0000,0.0000,0.0630,0,0,0.466
74.499,0,0,0,-0.6167,-1.2333,-0.6328,-1.2937,179.0565,0.0000,0.0000,0.0000,-0.6236,-1.2672,178.8926,0.019,2235,0.0000,0.0000,0.0624,0,0,0.477
74.600,0,0,0,-0.6167,-1.2333,-0.6329,-1.2940,179.0568,0.0000,0.0000,0.0000,-0.6426,-1.3211,178.9915,0.032,2238,0.0000,0.0000,0.0628,0,0,0.480
74.700,0,0,0,-0.6167,-1.2333,-0.6328,-1.2937,179.0570,0.0000,0.0000,0.0000,-0.6235,-1.2672,178.8933,0.032,2241,0.0000,0.0000,0.0625,0,0,0.471
74.799,0,0,0,-0.6167,-1.2333,-0.6329,-1.2940,179.0583,0.0000,0.0000,0.0000,-0.6427,-1.3211,178.9912,0.030,2244,0.0000,0.0000,0.0629,0,0,0.466
74.899,0,0,0,-0.6167,-1.2333,-0.6328,-1.2937,179.0588,0.0000,0.0000,0.0000,-0.6236,-1.2673,178.8932,0.027,2247,0.0000,0.0000,0.0625,0,0,0.476
74.998,0,0,0,-0.6167,-1.2333,-0.6330,-1.2941,179.0606,0.0000,0.0000,0.0000,-0.6426,-1.3211,178.9918,0.026,2250,0.0000,0.0000,0.0629,0,0,0.474
75.100,0,0,0,-0.6167,-1.2333,-0.6328,-1.2937,179.0610,0.0000,0.0000,0.0000,-0.6236,-1.2672,178.8927,0.024,2253,0.0000,0.0000,0.0625,0,0,0.470
75.198,0,0,0,-0.6167,-1.2333,-0.6329,-1.2937,179.0635,0.0000,0.0000,0.0000,-0.6427,-1.3211,178.9912,0.006,2256,0.0000,0.0000,0.0625,0,0,0.468
75.302,0,0,0,-0.6167,-1.2333,-0.6330,-1.2941,179.0651,0.0000,0.0000,0.0000,-0.6426,-1.3211,178.9917,0.046,2258,0.0000,0.0000,0.0629,0,0,0.478
75.399,0,0,0,-0.6167,-1.2333,-0.6329,-1.2938,179.0666,0.0000,0.0000,0.0000,-0.6236,-1.2672,178.8929,0.027,2261,0.0000,0.0000,0.0626,0,0,0.469
75.499,0,0,0,-0.6167,-1.2333,-0.6329,-1.2938,179.0690,0.0000,0.0000,0.0000,-0.6236,-1.2672,178.8922,0.017,2265,0.0000,0.0000,0.0626,0,0,0.474
75.599,0,0,0,-0.6167,-1.2333,-0.6330,-1.2941,179.0706,0.0000,0.0000,0.0000,-0.6427,-1.3211,178.9910,0.027,2268,0.0000,0.0000,0.0629,0,0,0.469
75.699,0,0,0,-0.6167,-1.2333,-0.6329,-1.2938,179.0701,0.0000,0.0000,0.0000,-0.6236,-1.2672,178.8925,0.030,2271,0.0000,0.0000,0.0626,0,0,0.474
75.799,0,0,0,-0.6167,-1.2333,-0.6330,-1.2941,179.0723,0.0000,0.0000,0.0000,-0.6426,-1.3210,178.9913,0.026,2274,0.0000,0.0000,0.0630,0,0,0.480
75.900,0,0,0,-0.6167,-1.2333,-0.6329,-1.2938,179.0719,0.0000,0.0000,0.0000,-0.6236,-1.2672,178.8923,0.025,2277,0.0000,0.0000,0.0626,0,0,0.484
75.999,0,0,0,-0.6167,-1.2333,-0.6330,-1.2941,179.0751,0.0000,0.0000,0.0000,-0.6427,-1.3210,178.9910,0.025,2280,0.0000,0.0000,0.0630,0,0,0.478
76.099,0,0,0,-0.6167,-1.2333,-0.6329,-1.2938,179.0747,0.0000,0.0000,0.0000,-0.6236,-1.2672,178.8927,0.027,2283,0.0000,0.0000,0.0626,0,0,0.484
76.199,0,0,0,-0.6167,-1.2333,-0.6330,-1.2942,179.0754,0.0000,0.0000,0.0000,-0.6427,-1.3210,178.9912,0.029,2286,0.0000,0.0000,0.0630,0,0,0.470
76.298,0,0,0,-0.6167,-1.2333,-0.6329,-1.2938,179.0753,0.0000,0.0000,0.0000,-0.6236,-1.2673,178.8931,0.023,2289,0.0000,0.0000,0.0626,0,0,0.470
76.399,0,0,0,-0.6167,-1.2333,-0.6331,-1.2942,179.0769,0.0000,0.0000,0.0000,-0.6427,-1.3210,178.9892,0.029,2292,0.0000,0.0000,0.0630,0,0,0.470
76.499,0,0,0,-0.6167,-1.2333,-0.6329,-1.2938,179.0775,0.0000,0.0000,0.0000,-0.6236,-1.2672,178.8924,0.027,2295,0.0000,0.0000,0.0626,0,0,0.474
76.599,0,0,0,-0.6167,-1.2333,-0.6331,-1.2942,179.0782,0.0000,0.0000,0.0000,-0.6427,-1.3211,178.9898,0.014,2298,0.0000,0.0000,0.0630,0,0,0.483
76.699,0,0,0,-0.6167,-1.2333,-0.6329,-1.2938,179.0784,0.0000,0.0000,0.0000,-0.6236,-1.2672,178.8928,0.020,2301,0.0000,0.0000,0.0627,0,0,0.481
76.799,0,0,0,-0.6167,-1.2333,-0.6331,-1.2942,179.0793,0.0000,0.0000,0.0000,-0.6427,-1.3210,178.9898,0.019,2304,0.0000,0.0000,0.0630,0,0,0.480
76.899,0,0,0,-0.6167,-1.2333,-0.6331,-1.2942,179.0800,0.0000,0.0000,0.0000,-0.6427,-1.3210,178.9901,0.051,2306,0.0000,0.0000,0.0630,0,0,0.464
76.999,0,0,0,-0.6167,-1.2333,-0.6330,-1.2941,179.0685,0.0000,0.0000,0.0000,-0.6352,-1.3104,178.0633,0.021,2310,0.0000,0.0000,0.0629,0,0,0.475
77.101,0,0,0,-0.6167,-1.2333,-0.6329,-1.2937,179.0692,0.0000,0.0000,0.0000,-0.6236,-1.2672,178.8926,0.029,2313,0.0000,0.0000,0.0625,0,0,0.468
77.200,0,0,0,-0.6167,-1.2333,-0.6330,-1.2941,179.0725,0.0000,0.0000,0.0000,-0.6428,-1.3206,178.9844,0.029,2316,0.0000,0.0000,0.0629,0,0,0.468
77.299,0,0,0,-0.6167,-1.2333,-0.6329,-1.2937,179.0718,0.0000,0.0000,0.0000,-0.6235,-1.2673,178.8940,0.020,2319,0.0000,0.0000,0.0625,0,0,0.466
77.401,0,0,0,-0.6167,-1.2333,-0.6330,-1.2941,179.0731,0.0000,0.0000,0.0000,-0.6428,-1.3205,178.9840,0.030,2322,0.0000,0.0000,0.0629,0,0,0.483
77.500,0,0,0,-0.6167,-1.2333,-0.6329,-1.2937,179.0727,0.0000,0.0000,0.0000,-0.6235,-1.2672,178.8936,0.025,2325,0.0000,0.0000,0.0625,0,0,0.460
77.601,0,0,0,-0.6167,-1.2333,-0.6330,-1.2941,179.0712,0.0000,0.0000,0.0000,-0.6428,-1.3206,178.9838,0.026,2328,0.0000,0.0000,0.0629,0,0,0.467
77.701,0,0,0,-0.6167,-1.2333,-0.6329,-1.2937,179.0730,0.0000,0.0000,0.0000,-0.6236,-1.2672,178.8933,0.029,2331,0.0000,0.0000,0.0625,0,0,0.478
77.798,0,0,0,-0.6167,-1.2333,-0.6330,-1.2941,179.0744,0.0000,0.0000,0.0000,-0.6428,-1.3206,178.9832,0.022,2334,0.0000,0.0000,0.0629,0,0,0.480
77.899,0,0,0,-0.6167,-1.2333,-0.6329,-1.2937,179.0754,0.0000,0.0000,0.0000,-0.6236,-1.2672,178.8930,0.019,2337,0.0000,0.0000,0.0625,0,0,0.476
77.999,0,0,0,-0.6167,-1.2333,-0.6330,-1.2939,179.0671,0.0000,0.0000,0.0000,-0.6351,-1.3107,178.0807,0.006,2340,0.0000,0.0000,0.0628,0,0,0.487
78.100,0,0,0,-0.6167,-1.2333,-0.6329,-1.2938,179.0588,0.0000,0.0000,0.0000,-0.6351,-1.3107,178.0802,0.057,2342,0.0000,0.0000,0.0626,0,0,0.479
78.199,0,0,0,-0.6167,-1.2333,-0.6328,-1.2937,179.0488,0.0000,0.0000,0.0000,-0.6429,-1.3208,178.9913,0.024,2346,0.0000,0.0000,0.0625,0,0,0.479
78.301,0,0,0,-0.6167,-1.2333,-0.6327,-1.2934,179.0498,0.0000,0.0000,0.0000,-0.6236,-1.2672,178.8923,0.015,2349,0.0000,0.0000,0.0621,0,0,0.469
78.400,0,0,0,-0.6167,-1.2333,-0.6328,-1.2937,179.0515,0.0000,0.0000,0.0000,-0.6429,-1.3209,178.9915,0.030,2352,0.0000,0.0000,0.0625,0,0,0.475
78.501,0,0,0,-0.6167,-1.2333,-0.6327,-1.2934,179.0524,0.0000,0.0000,0.0000,-0.6236,-1.2672,178.8932,0.030,2355,0.0000,0.0000,0.0622,0,0,0.473
78.599,0,0,0,-0.6167,-1.2333,-0.6329,-1.2938,179.0526,0.0000,0.0000,0.0000,-0.6429,-1.3209,178.9894,0.023,2358,0.0000,0.0000,0.0626,0,0,0.475
78.701,0,0,0,-0.6167,-1.2333,-0.6327,-1.2934,179.0530,0.0000,0.0000,0.0000,-0.6236,-1.2672,178.8935,0.031,2361,0.0000,0.0000,0.0622,0,0,0.475
78.800,0,0,0,-0.6167,-1.2333,-0.6329,-1.2938,179.0533,0.0000,0.0000,0.0000,-0.6428,-1.3209,178.9933,0.028,2364,0.0000,0.0000,0.0626,0,0,0.476
78.901,0,0,0,-0.6167,-1.2333,-0.6328,-1.2935,179.0515,0.0000,0.0000,0.0000,-0.6236,-1.2672,178.8935,0.024,2367,0.0000,0.0000,0.0623,0,0,0.474
78.998,0,0,0,-0.6167,-1.2333,-0.6329,-1.2938,179.0522,0.0000,0.0000,0.0000,-0.6428,-1.3209,178.9922,0.025,2370,0.0000,0.0000,0.0626,0,0,0.467
79.101,0,0,0,-0.6167,-1.2333,-0.6328,-1.2935,179.0524,0.0000,0.0000,0.0000,-0.6236,-1.2672,178.8928,0.025,2373,0.0000,0.0000,0.0623,0,0,0.483
79.199,0,0,0,-0.6167,-1.2333,-0.6329,-1.2939,179.0525,0.0000,0.0000,0.0000,-0.6428,-1.3209,178.9909,0.008,2376,0.0000,0.0000,0.0627,0,0,0.474
79.299,0,0,0,-0.6167,-1.2333,-0.6328,-1.2935,179.0521,0.0000,0.0000,0.0000,-0.6236,-1.2672,178.8926,0.023,2379,0.0000,0.0000,0.0623,0,0,0.474
79.399,0,0,0,-0.6167,-1.2333,-0.6330,-1.2939,179.0533,0.0000,0.0000,0.0000,-0.6428,-1.3209,178.9902,0.008,2382,0.0000,0.0000,0.0627,0,0,0.481
79.498,0,0,0,-0.6167,-1.2333,-0.6327,-1.2934,179.0440,0.0000,0.0000,0.0000,-0.6236,-1.2673,178.8934,0.016,2385,0.0000,0.0000,0.0622,0,0,0.479
79.599,0,0,0,-0.6167,-1.2333,-0.6329,-1.2938,179.0456,0.0000,0.0000,0.0000,-0.6425,-1.3213,179.0000,0.028,2388,0.0000,0.0000,0.0626,0,0,0.463
79.699,0,0,0,-0.6167,-1.2333,-0.6328,-1.2937,179.0363,0.0000,0.0000,0.0000,-0.6236,-1.2672,178.8931,0.003,2391,0.0000,0.0000,0.0625,0,0,0.469
79.798,0,0,0,-0.6167,-1.2333,-0.6328,-1.2937,179.0375,0.0000,0.0000,0.0000,-0.6427,-1.3212,178.9964,0.028,2394,0.0000,0.0000,0.0625,0,0,0.485
79.898,0,0,0,-0.6167,-1.2333,-0.6327,-1.2934,179.0382,0.0000,0.0000,0.0000,-0.6236,-1.2673,178.8933,0.022,2397,0.0000,0.0000,0.0621,0,0,0.480
80.000,0,0,0,-0.6167,-1.2333,-0.6328,-1.2938,179.0393,0.0000,0.0000,0.0000,-0.6426,-1.3212,178.9976,0.028,2400,0.0000,0.0000,0.0626,0,0,0.473
80.100,0,0,0,-0.6167,-1.2333,-0.6327,-1.2934,179.0325,0.0000,0.0000,0.0000,-0.6236,-1.2672,178.8928,0.030,2403,0.0000,0.0000,0.0622,0,0,0.465
80.199,0,0,0,-0.6167,-1.2333,-0.6329,-1.2938,179.0351,0.0000,0.0000,0.0000,-0.6427,-1.3212,178.9962,0.029,2406,0.0000,0.0000,0.0626,0,0,0.467
80.300,0,0,0,-0.6167,-1.2333,-0.6327,-1.2935,179.0357,0.0000,0.0000,0.0000,-0.6236,-1.2672,178.8932,0.024,2409,0.0000,0.0000,0.0623,0,0,0.480
80.398,0,0,0,-0.6167,-1.2333,-0.6329,-1.2939,179.0371,0.0000,0.0000,0.0000,-0.6426,-1.3212,178.9959,0.028,2412,0.0000,0.0000,0.0627,0,0,0.472
80.500,0,0,0,-0.6167,-1.2333,-0.6328,-1.2935,179.0388,0.0000,0.0000,0.0000,-0.6236,-1.2673,178.8934,0.025,2415,0.0000,0.0000,0.0623,0,0,0.470
80.599,0,0,0,-0.6167,-1.2333,-0.6329,-1.2939,179.0409,0.0000,0.0000,0.0000,-0.6426,-1.3212,178.9947,0.010,2418,0.0000,0.0000,0.0627,0,0,0.475
80.699,0,0,0,-0.6167,-1.2333,-0.6328,-1.2936,179.0412,0.0000,0.0000,0.0000,-0.6236,-1.2672,178.8933,0.022,2421,0.0000,0.0000,0.0624,0,0,0.472
80.798,0,0,0,-0.6167,-1.2333,-0.6329,-1.2939,179.0435,0.0000,0.0000,0.0000,-0.6426,-1.3212,178.9958,0.019,2424,0.0000,0.0000,0.0627,0,0,0.480
80.900,0,0,0,-0.6167,-1.2333,-0.6329,-1.2940,179.0452,0.0000,0.0000,0.0000,-0.6426,-1.3212,178.9954,0.049,2426,0.0000,0.0000,0.0628,0,0,0.477
80.998,0,0,0,-0.6167,-1.2333,-0.6329,-1.2940,179.0462,0.0000,0.0000,0.0000,-0.6426,-1.3212,178.9951,0.025,2430,0.0000,0.0000,0.0628,0,0,0.470
81.101,0,0,0,-0.6167,-1.2333,-0.6328,-1.2936,179.0471,0.0000,0.0000,0.0000,-0.6236,-1.2672,178.8932,0.030,2433,0.0000,0.0000,0.0624,0,0,0.469
81.199,0,0,0,-0.6167,-1.2333,-0.6330,-1.2940,179.0500,0.0000,0.0000,0.0000,-0.6426,-1.3212,178.9949,0.028,2436,0.0000,0.0000,0.0628,0,0,0.479
81.298,0,0,0,-0.6167,-1.2333,-0.6328,-1.2937,179.0499,0.0000,0.0000,0.0000,-0.6235,-1.2672,178.8937,0.023,2439,0.0000,0.0000,0.0625,0,0,0.482
81.399,0,0,0,-0.6167,-1.2333,-0.6330,-1.2940,179.0515,0.0000,0.0000,0.0000,-0.6427,-1.3212,178.9943,0.029,2442,0.0000,0.0000,0.0628,0,0,0.463
81.500,0,0,0,-0.6167,-1.2333,-0.6329,-1.2937,179.0530,0.0000,0.0000,0.0000,-0.6236,-1.2673,178.8937,0.027,2445,0.0000,0.0000,0.0625,0,0,0.480
81.598,0,0,0,-0.6167,-1.2333,-0.6330,-1.2940,179.0554,0.0000,0.0000,0.0000,-0.6427,-1.3212,178.9936,0.030,2448,0.0000,0.0000,0.0629,0,0,0.481
81.699,0,0,0,-0.6167,-1.2333,-0.6329,-1.2937,179.0562,0.0000,0.0000,0.0000,-0.6235,-1.2673,178.8943,0.032,2451,0.0000,0.0000,0.0625,0,0,0.467
81.798,0,0,0,-0.6167,-1.2333,-0.6330,-1.2941,179.0588,0.0000,0.0000,0.0000,-0.6427,-1.3212,178.9934,0.027,2454,0.0000,0.0000,0.0629,0,0,0.471
81.899,0,0,0,-0.6167,-1.2333,-0.6329,-1.2937,179.0608,0.0000,0.0000,0.0000,-0.6236,-1.2672,178.8935,0.021,2457,0.0000,0.0000,0.0625,0,0,0.476
81.999,0,0,0,-0.6167,-1.2333,-0.6330,-1.2941,179.0631,0.0000,0.0000,0.0000,-0.6427,-1.3211,178.9940,0.008,2460,0.0000,0.0000,0.0629,0,0,0.467
82.100,0,0,0,-0.6167,-1.2333,-0.6330,-1.2941,179.0650,0.0000,0.0000,0.0000,-0.6427,-1.3211,178.9931,0.055,2462,0.0000,0.0000,0.0629,0,0,0.473
82.198,0,0,0,-0.6167,-1.2333,-0.6330,-1.2941,179.0647,0.0000,0.0000,0.0000,-0.6427,-1.3211,178.9926,0.006,2466,0.0000,0.0000,0.0629,0,0,0.471
82.299,0,0,0,-0.6167,-1.2333,-0.6329,-1.2938,179.0646,0.0000,0.0000,0.0000,-0.6236,-1.2672,178.8933,0.018,2469,0.0000,0.0000,0.0626,0,0,0.473
82.399,0,0,0,-0.6167,-1.2333,-0.6330,-1.2941,179.0668,0.0000,0.0000,0.0000,-0.6426,-1.3212,178.9941,0.027,2472,0.0000,0.0000,0.0630,0,0,0.462
82.501,0,0,0,-0.6167,-1.2333,-0.6329,-1.2938,179.0685,0.0000,0.0000,0.0000,-0.6236,-1.2672,178.8931,0.029,2475,0.0000,0.0000,0.0626,0,0,0.484
82.598,0,0,0,-0.6167,-1.2333,-0.6330,-1.2941,179.0692,0.0000,0.0000,0.0000,-0.6426,-1.3211,178.9946,0.027,2478,0.0000,0.0000,0.0630,0,0,0.475
82.699,0,0,0,-0.6167,-1.2333,-0.6329,-1.2938,179.0700,0.0000,0.0000,0.0000,-0.6236,-1.2673,178.8937,0.028,2481,0.0000,0.0000,0.0626,0,0,0.476
82.799,0,0,0,-0.6167,-1.2333,-0.6331,-1.2942,179.0701,0.0000,0.0000,0.0000,-0.6427,-1.3212,178.9941,0.030,2484,0.0000,0.0000,0.0630,0,0,0.479
82.900,0,0,0,-0.6167,-1.2333,-0.6329,-1.2938,179.0730,0.0000,0.0000,0.0000,-0.6236,-1.2672,178.8920,0.030,2487,0.0000,0.0000,0.0626,0,0,0.463
82.999,0,0,0,-0.6167,-1.2333,-0.6331,-1.2942,179.0740,0.0000,0.0000,0.0000,-0.6426,-1.3212,178.9946,0.024,2490,0.0000,0.0000,0.0630,0,0,0.466
83.100,0,0,0,-0.6167,-1.2333,-0.6329,-1.2938,179.0733,0.0000,0.0000,0.0000,-0.6236,-1.2673,178.8934,0.029,2493,0.0000,0.0000,0.0627,0,0,0.477
83.199,0,0,0,-0.6167,-1.2333,-0.6331,-1.2942,179.0751,0.0000,0.0000,0.0000,-0.6427,-1.3212,178.9946,0.029,2496,0.0000,0.0000,0.0630,0,0,0.473
83.298,0,0,0,-0.6167,-1.2333,-0.6329,-1.2938,179.0722,0.0000,0.0000,0.0000,-0.6236,-1.2673,178.8934,0.017,2499,0.0000,0.0000,0.0627,0,0,0.481
83.399,0,0,0,-0.6167,-1.2333,-0.6331,-1.2942,179.0732,0.0000,0.0000,0.0000,-0.6427,-1.3211,178.9923,0.010,2502,0.0000,0.0000,0.0631,0,0,0.484
83.500,0,0,0,-0.6167,-1.2333,-0.6330,-1.2939,179.0734,0.0000,0.0000,0.0000,-0.6236,-1.2673,178.8930,0.023,2505,0.0000,0.0000,0.0627,0,0,0.468
83.599,0,0,0,-0.6167,-1.2333,-0.6331,-1.2942,179.0739,0.0000,0.0000,0.0000,-0.6427,-1.3211,178.9939,0.017,2508,0.0000,0.0000,0.0631,0,0,0.465
83.701,0,0,0,-0.6167,-1.2333,-0.6331,-1.2942,179.0753,0.0000,0.0000,0.0000,-0.6236,-1.2672,178.8930,0.003,2511,0.0000,0.0000,0.0631,0,0,0.475
83.799,0,0,0,-0.6167,-1.2333,-0.6331,-1.2942,179.0741,0.0000,0.0000,0.0000,-0.6427,-1.3211,178.9933,0.027,2514,0.0000,0.0000,0.0631,0,0,0.474
83.900,0,0,0,-0.6167,-1.2333,-0.6330,-1.2939,179.0739,0.0000,0.0000,0.0000,-0.6236,-1.2673,178.8939,0.029,2517,0.0000,0.0000,0.0627,0,0,0.475
83.998,0,0,0,-0.6167,-1.2333,-0.6331,-1.2942,179.0769,0.0000,0.0000,0.0000,-0.6426,-1.3212,178.9940,0.027,2520,0.0000,0.0000,0.0631,0,0,0.484
84.098,0,0,0,-0.6167,-1.2333,-0.6330,-1.2939,179.0778,0.0000,0.0000,0.0000,-0.6236,-1.2672,178.8933,0.024,2523,0.0000,0.0000,0.0627,0,0,0.485
84.199,0,0,0,-0.6167,-1.2333,-0.6330,-1.2941,179.0681,0.0000,0.0000,0.0000,-0.6352,-1.3108,178.0895,0.029,2526,0.0000,0.0000,0.0629,0,0,0.471
84.298,0,0,0,-0.6167,-1.2333,-0.6329,-1.2938,179.0702,0.0000,0.0000,0.0000,-0.6236,-1.2672,178.8921,0.024,2529,0.0000,0.0000,0.0626,0,0,0.456
84.399,0,0,0,-0.6167,-1.2333,-0.6330,-1.2941,179.0706,0.0000,0.0000,0.0000,-0.6426,-1.3211,178.9904,0.029,2532,0.0000,0.0000,0.0630,0,0,0.479
84.501,0,0,0,-0.6167,-1.2333,-0.6328,-1.2936,179.0612,0.0000,0.0000,0.0000,-0.6235,-1.2672,178.8942,0.031,2535,0.0000,0.0000,0.0624,0,0,0.476
84.598,0,0,0,-0.6167,-1.2333,-0.6329,-1.2940,179.0623,0.0000,0.0000,0.0000,-0.6427,-1.3212,178.9925,0.027,2538,0.0000,0.0000,0.0628,0,0,0.468
84.699,0,0,0,-0.6167,-1.2333,-0.6328,-1.2937,179.0633,0.0000,0.0000,0.0000,-0.6236,-1.2672,178.8934,0.019,2541,0.0000,0.0000,0.0625,0,0,0.473
84.798,0,0,0,-0.6167,-1.2333,-0.6330,-1.2940,179.0648,0.0000,0.0000,0.0000,-0.6427,-1.3212,178.9914,0.008,2544,0.0000,0.0000,0.0629,0,0,0.483
84.897,0,0,0,-0.6167,-1.2333,-0.6330,-1.2940,179.0660,0.0000,0.0000,0.0000,-0.6235,-1.2672,178.8937,0.004,2547,0.0000,0.0000,0.0629,0,0,0.476
84.999,0,0,0,-0.6167,-1.2333,-0.6330,-1.2941,179.0654,0.0000,0.0000,0.0000,-0.6427,-1.3212,178.9912,0.026,2550,0.0000,0.0000,0.0629,0,0,0.464
85.098,0,0,0,-0.6167,-1.2333,-0.6329,-1.2937,179.0652,0.0000,0.0000,0.0000,-0.6235,-1.2672,178.8933,0.010,2553,0.0000,0.0000,0.0625,0,0,0.467
85.199,0,0,0,-0.6167,-1.2333,-0.6330,-1.2941,179.0666,0.0000,0.0000,0.0000,-0.6427,-1.3212,178.9921,0.023,2556,0.0000,0.0000,0.0629,0,0,0.475
85.299,0,0,0,-0.6167,-1.2333,-0.6329,-1.2937,179.0674,0.0000,0.0000,0.0000,-0.6235,-1.2672,178.8944,0.027,2559,0.0000,0.0000,0.0625,0,0,0.469
85.399,0,0,0,-0.6167,-1.2333,-0.6330,-1.2941,179.0688,0.0000,0.0000,0.0000,-0.6427,-1.3212,178.9907,0.028,2562,0.0000,0.0000,0.0629,0,0,0.477
85.499,0,0,0,-0.6167,-1.2333,-0.6329,-1.2938,179.0686,0.0000,0.0000,0.0000,-0.6235,-1.2672,178.8936,0.024,2565,0.0000,0.0000,0.0626,0,0,0.471
85.603,0,0,0,-0.6167,-1.2333,-0.6330,-1.2941,179.0703,0.0000,0.0000,0.0000,-0.6427,-1.3212,178.9911,0.033,2568,0.0000,0.0000,0.0629,0,0,0.473
85.702,0,0,0,-0.6167,-1.2333,-0.6329,-1.2938,179.0703,0.0000,0.0000,0.0000,-0.6235,-1.2672,178.8940,0.032,2571,0.0000,0.0000,0.0626,0,0,0.479
85.799,0,0,0,-0.6167,-1.2333,-0.6330,-1.2941,179.0718,0.0000,0.0000,0.0000,-0.6428,-1.3212,178.9898,0.032,2574,0.0000,0.0000,0.0630,0,0,0.464
85.900,0,0,0,-0.6167,-1.2333,-0.6329,-1.2938,179.0735,0.0000,0.0000,0.0000,-0.6235,-1.2672,178.8935,0.025,2577,0.0000,0.0000,0.0626,0,0,0.473
85.999,0,0,0,-0.6167,-1.2333,-0.6329,-1.2938,179.0744,0.0000,0.0000,0.0000,-0.6427,-1.3212,178.9921,0.003,2580,0.0000,0.0000,0.0626,0,0,0.474
86.099,0,0,0,-0.6167,-1.2333,-0.6329,-1.2938,179.0723,0.0000,0.0000,0.0000,-0.6235,-1.2672,178.8935,0.023,2583,0.0000,0.0000,0.0626,0,0,0.482
86.200,0,0,0,-0.6167,-1.2333,-0.6331,-1.2942,179.0725,0.0000,0.0000,0.0000,-0.6427,-1.3212,178.9916,0.006,2586,0.0000,0.0000,0.0630,0,0,0.471
86.299,0,0,0,-0.6167,-1.2333,-0.6329,-1.2938,179.0710,0.0000,0.0000,0.0000,-0.6235,-1.2672,178.8936,0.015,2589,0.0000,0.0000,0.0626,0,0,0.479
86.398,0,0,0,-0.6167,-1.2333,-0.6331,-1.2942,179.0727,0.0000,0.0000,0.0000,-0.6427,-1.3212,178.9914,0.024,2592,0.0000,0.0000,0.0630,0,0,0.473
86.498,0,0,0,-0.6167,-1.2333,-0.6329,-1.2938,179.0708,0.0000,0.0000,0.0000,-0.6236,-1.2672,178.8931,0.017,2595,0.0000,0.0000,0.0627,0,0,0.484
86.600,0,0,0,-0.6167,-1.2333,-0.6331,-1.2942,179.0709,0.0000,0.0000,0.0000,-0.6427,-1.3212,178.9915,0.029,2598,0.0000,0.0000,0.0630,0,0,0.469
86.699,0,0,0,-0.6167,-1.2333,-0.6329,-1.2939,179.0722,0.0000,0.0000,0.0000,-0.6235,-1.2672,178.8939,0.030,2601,0.0000,0.0000,0.0627,0,0,0.472
86.798,0,0,0,-0.6167,-1.2333,-0.6331,-1.2942,179.0706,0.0000,0.0000,0.0000,-0.6426,-1.3212,178.9926,0.027,2604,0.0000,0.0000,0.0631,0,0,0.465
86.902,0,0,0,-0.6167,-1.2333,-0.6330,-1.2939,179.0706,0.0000,0.0000,0.0000,-0.6235,-1.2672,178.8937,0.032,2607,0.0000,0.0000,0.0627,0,0,0.476
86.999,0,0,0,-0.6167,-1.2333,-0.6331,-1.2942,179.0689,0.0000,0.0000,0.0000,-0.6427,-1.3212,178.9893,0.028,2610,0.0000,0.0000,0.0631,0,0,0.476
87.100,0,0,0,-0.6167,-1.2333,-0.6330,-1.2939,179.0684,0.0000,0.0000,0.0000,-0.6236,-1.2672,178.8932,0.029,2613,0.0000,0.0000,0.0627,0,0,0.470
87.199,0,0,0,-0.6167,-1.2333,-0.6331,-1.2942,179.0681,0.0000,0.0000,0.0000,-0.6427,-1.3212,178.9914,0.029,2616,0.0000,0.0000,0.0631,0,0,0.472
87.299,0,0,0,-0.6167,-1.2333,-0.6330,-1.2939,179.0685,0.0000,0.0000,0.0000,-0.6235,-1.2672,178.8935,0.024,2619,0.0000,0.0000,0.0627,0,0,0.475
87.398,0,0,0,-0.6167,-1.2333,-0.6330,-1.2939,179.0699,0.0000,0.0000,0.0000,-0.6427,-1.3212,178.9903,0.009,2622,0.0000,0.0000,0.0627,0,0,0.476
87.499,0,0,0,-0.6167,-1.2333,-0.6330,-1.2939,179.0696,0.0000,0.0000,0.0000,-0.6236,-1.2672,178.8934,0.029,2625,0.0000,0.0000,0.0627,0,0,0.474
87.599,0,0,0,-0.6167,-1.2333,-0.6331,-1.2943,179.0706,0.0000,0.0000,0.0000,-0.6427,-1.3212,178.9904,0.021,2628,0.0000,0.0000,0.0631,0,0,0.468
87.699,0,0,0,-0.6167,-1.2333,-0.6331,-1.2943,179.0728,0.0000,0.0000,0.0000,-0.6427,-1.3212,178.9903,0.054,2630,0.0000,0.0000,0.0631,0,0,0.462
87.799,0,0,0,-0.6167,-1.2333,-0.6331,-1.2943,179.0712,0.0000,0.0000,0.0000,-0.6427,-1.3212,178.9905,0.028,2634,0.0000,0.0000,0.0631,0,0,0.473
87.900,0,0,0,-0.6167,-1.2333,-0.6329,-1.2938,179.0619,0.0000,0.0000,0.0000,-0.6236,-1.2672,178.8932,0.029,2637,0.0000,0.0000,0.0626,0,0,0.470
88.000,0,0,0,-0.6167,-1.2333,-0.6330,-1.2941,179.0616,0.0000,0.0000,0.0000,-0.6427,-1.3211,178.9948,0.028,2640,0.0000,0.0000,0.0630,0,0,0.483
88.098,0,0,0,-0.6167,-1.2333,-0.6329,-1.2938,179.0540,0.0000,0.0000,0.0000,-0.6235,-1.2672,178.8939,0.027,2643,0.0000,0.0000,0.0626,0,0,0.462
88.202,0,0,0,-0.6167,-1.2333,-0.6330,-1.2942,179.0547,0.0000,0.0000,0.0000,-0.6427,-1.3211,178.9940,0.035,2646,0.0000,0.0000,0.0630,0,0,0.475
88.301,0,0,0,-0.6167,-1.2333,-0.6329,-1.2938,179.0547,0.0000,0.0000,0.0000,-0.6236,-1.2672,178.8933,0.024,2649,0.0000,0.0000,0.0626,0,0,0.469
88.399,0,0,0,-0.6167,-1.2333,-0.6330,-1.2942,179.0571,0.0000,0.0000,0.0000,-0.6428,-1.3211,178.9914,0.033,2652,0.0000,0.0000,0.0630,0,0,0.464
88.499,0,0,0,-0.6167,-1.2333,-0.6329,-1.2938,179.0603,0.0000,0.0000,0.0000,-0.6236,-1.2672,178.8928,0.026,2655,0.0000,0.0000,0.0626,0,0,0.482
88.598,0,0,0,-0.6167,-1.2333,-0.6331,-1.2942,179.0612,0.0000,0.0000,0.0000,-0.6427,-1.3211,178.9910,0.029,2658,0.0000,0.0000,0.0630,0,0,0.476
88.699,0,0,0,-0.6167,-1.2333,-0.6329,-1.2938,179.0640,0.0000,0.0000,0.0000,-0.6236,-1.2672,178.8936,0.026,2661,0.0000,0.0000,0.0626,0,0,0.471
88.798,0,0,0,-0.6167,-1.2333,-0.6329,-1.2938,179.0660,0.0000,0.0000,0.0000,-0.6427,-1.3211,178.9918,0.007,2664,0.0000,0.0000,0.0627,0,0,0.481
88.900,0,0,0,-0.6167,-1.2333,-0.6331,-1.2942,179.0681,0.0000,0.0000,0.0000,-0.6427,-1.3211,178.9922,0.054,2666,0.0000,0.0000,0.0630,0,0,0.474
89.000,0,0,0,-0.6167,-1.2333,-0.6330,-1.2941,179.0579,0.0000,0.0000,0.0000,-0.6427,-1.3213,178.9925,0.006,2670,0.0000,0.0000,0.0629,0,0,0.477
89.099,0,0,0,-0.6167,-1.2333,-0.6329,-1.2937,179.0594,0.0000,0.0000,0.0000,-0.6236,-1.2672,178.8931,0.020,2673,0.0000,0.0000,0.0625,0,0,0.477
89.198,0,0,0,-0.6167,-1.2333,-0.6330,-1.2941,179.0610,0.0000,0.0000,0.0000,-0.6427,-1.3213,178.9920,0.028,2676,0.0000,0.0000,0.0629,0,0,0.462
89.301,0,0,0,-0.6167,-1.2333,-0.6329,-1.2938,179.0614,0.0000,0.0000,0.0000,-0.6236,-1.2672,178.8935,0.027,2679,0.0000,0.0000,0.0626,0,0,0.473
89.400,0,0,0,-0.6167,-1.2333,-0.6330,-1.2941,179.0628,0.0000,0.0000,0.0000,-0.6427,-1.3213,178.9930,0.030,2682,0.0000,0.0000,0.0629,0,0,0.484
89.500,0,0,0,-0.6167,-1.2333,-0.6329,-1.2938,179.0620,0.0000,0.0000,0.0000,-0.6236,-1.2672,178.8932,0.024,2685,0.0000,0.0000,0.0626,0,0,0.472
89.599,0,0,0,-0.6167,-1.2333,-0.6328,-1.2938,179.0421,0.0000,0.0000,0.0000,-0.6355,-1.3095,178.0329,0.031,2688,0.0000,0.0000,0.0626,0,0,0.479
89.699,0,0,0,-0.6167,-1.2333,-0.6327,-1.2935,179.0430,0.0000,0.0000,0.0000,-0.6236,-1.2672,178.8931,0.029,2691,0.0000,0.0000,0.0623,0,0,0.480
89.800,0,0,0,-0.6167,-1.2333,-0.6329,-1.2939,179.0436,0.0000,0.0000,0.0000,-0.6427,-1.3211,178.9856,0.027,2694,0.0000,0.0000,0.0627,0,0,0.469
89.900,0,0,0,-0.6167,-1.2333,-0.6327,-1.2935,179.0429,0.0000,0.0000,0.0000,-0.6236,-1.2673,178.8939,0.031,2697,0.0000,0.0000,0.0623,0,0,0.477
89.999,0,0,0,-0.6167,-1.2333,-0.6329,-1.2939,179.0448,0.0000,0.0000,0.0000,-0.6426,-1.3211,178.9872,0.028,2700,0.0000,0.0000,0.0627,0,0,0.472
90.099,0,0,0,-0.6167,-1.2333,-0.6327,-1.2934,179.0345,0.0000,0.0000,0.0000,-0.6236,-1.2672,178.8930,0.026,2703,0.0000,0.0000,0.0622,0,0,0.476
90.198,0,0,0,-0.6167,-1.2333,-0.6328,-1.2938,179.0362,0.0000,0.0000,0.0000,-0.6426,-1.3213,178.9938,0.020,2706,0.0000,0.0000,0.0626,0,0,0.475
90.298,0,0,0,-0.6167,-1.2333,-0.6327,-1.2935,179.0372,0.0000,0.0000,0.0000,-0.6236,-1.2672,178.8932,0.016,2709,0.0000,0.0000,0.0623,0,0,0.471
90.400,0,0,0,-0.6167,-1.2333,-0.6328,-1.2939,179.0399,0.0000,0.0000,0.0000,-0.6426,-1.3213,178.9939,0.017,2712,0.0000,0.0000,0.0627,0,0,0.473
90.498,0,0,0,-0.6167,-1.2333,-0.6328,-1.2939,179.0409,0.0000,0.0000,0.0000,-0.6236,-1.2672,178.8935,0.048,2714,0.0000,0.0000,0.0627,0,0,0.483
90.603,0,0,0,-0.6167,-1.2333,-0.6327,-1.2935,179.0433,0.0000,0.0000,0.0000,-0.6426,-1.3212,178.9932,0.005,2718,0.0000,0.0000,0.0623,0,0,0.475
90.708,0,0,0,-0.6167,-1.2333,-0.6329,-1.2939,179.0455,0.0000,0.0000,0.0000,-0.6236,-1.2672,178.8937,0.012,2721,0.0000,0.0000,0.0627,0,0,0.478
90.805,0,0,0,-0.6167,-1.2333,-0.6327,-1.2936,179.0459,0.0000,0.0000,0.0000,-0.6426,-1.3212,178.9938,0.011,2724,0.0000,0.0000,0.0623,0,0,0.480
90.897,0,0,0,-0.6167,-1.2333,-0.6328,-1.2936,179.0437,0.0000,0.0000,0.0000,-0.6236,-1.2673,178.8940,0.028,2727,0.0000,0.0000,0.0624,0,0,0.469
90.999,0,0,0,-0.6167,-1.2333,-0.6329,-1.2940,179.0445,0.0000,0.0000,0.0000,-0.6426,-1.3212,178.9941,0.026,2730,0.0000,0.0000,0.0628,0,0,0.465
91.099,0,0,0,-0.6167,-1.2333,-0.6328,-1.2936,179.0444,0.0000,0.0000,0.0000,-0.6426,-1.3212,178.9928,0.002,2734,0.0000,0.0000,0.0624,0,0,0.478
91.200,0,0,0,-0.6167,-1.2333,-0.6329,-1.2940,179.0460,0.0000,0.0000,0.0000,-0.6426,-1.3212,178.9929,0.034,2736,0.0000,0.0000,0.0628,0,0,0.474
91.301,0,0,0,-0.6167,-1.2333,-0.6328,-1.2937,179.0465,0.0000,0.0000,0.0000,-0.6236,-1.2672,178.8932,0.030,2739,0.0000,0.0000,0.0624,0,0,0.469
91.400,0,0,0,-0.6167,-1.2333,-0.6329,-1.2940,179.0479,0.0000,0.0000,0.0000,-0.6426,-1.3212,178.9932,0.033,2742,0.0000,0.0000,0.0628,0,0,0.485
91.505,0,0,0,-0.6167,-1.2333,-0.6328,-1.2937,179.0491,0.0000,0.0000,0.0000,-0.6236,-1.2672,178.8927,0.025,2745,0.0000,0.0000,0.0625,0,0,0.472
91.602,0,0,0,-0.6167,-1.2333,-0.6328,-1.2937,179.0494,0.0000,0.0000,0.0000,-0.6236,-1.2672,178.8927,0.036,2747,0.0000,0.0000,0.0625,0,0,0.468
91.713,0,0,0,-0.6167,-1.2333,-0.6330,-1.2941,179.0496,0.0000,0.0000,0.0000,-0.6427,-1.3212,178.9929,0.003,2750,0.0000,0.0000,0.0629,0,0,0.469
91.798,0,0,0,-0.6167,-1.2333,-0.6328,-1.2937,179.0487,0.0000,0.0000,0.0000,-0.6236,-1.2672,178.8929,0.023,2753,0.0000,0.0000,0.0625,0,0,0.470
91.902,0,0,0,-0.6167,-1.2333,-0.6329,-1.2937,179.0498,0.0000,0.0000,0.0000,-0.6236,-1.2672,178.8933,0.021,2757,0.0000,0.0000,0.0625,0,0,0.471
91.998,0,0,0,-0.6167,-1.2333,-0.6330,-1.2941,179.0491,0.0000,0.0000,0.0000,-0.6427,-1.3212,178.9935,0.022,2760,0.0000,0.0000,0.0629,0,0,0.479
92.099,0,0,0,-0.6167,-1.2333,-0.6329,-1.2938,179.0512,0.0000,0.0000,0.0000,-0.6236,-1.2673,178.8939,0.030,2763,0.0000,0.0000,0.0626,0,0,0.470
92.201,0,0,0,-0.6167,-1.2333,-0.6330,-1.2941,179.0515,0.0000,0.0000,0.0000,-0.6426,-1.3212,178.9938,0.030,2766,0.0000,0.0000,0.0630,0,0,0.481
92.301,0,0,0,-0.6167,-1.2333,-0.6329,-1.2938,179.0520,0.0000,0.0000,0.0000,-0.6236,-1.2672,178.8932,0.028,2769,0.0000,0.0000,0.0626,0,0,0.472
92.401,0,0,0,-0.6167,-1.2333,-0.6329,-1.2940,179.0454,0.0000,0.0000,0.0000,-0.6355,-1.3103,178.0771,0.035,2772,0.0000,0.0000,0.0628,0,0,0.468
92.502,0,0,0,-0.6167,-1.2333,-0.6328,-1.2937,179.0459,0.0000,0.0000,0.0000,-0.6236,-1.2672,178.8935,0.032,2775,0.0000,0.0000,0.0625,0,0,0.470
92.600,0,0,0,-0.6167,-1.2333,-0.6329,-1.2940,179.0483,0.0000,0.0000,0.0000,-0.6425,-1.3214,178.9964,0.028,2778,0.0000,0.0000,0.0629,0,0,0.481
92.701,0,0,0,-0.6167,-1.2333,-0.6328,-1.2937,179.0489,0.0000,0.0000,0.0000,-0.6236,-1.2672,178.8933,0.029,2781,0.0000,0.0000,0.0625,0,0,0.478
92.805,0,0,0,-0.6167,-1.2333,-0.6329,-1.2941,179.0494,0.0000,0.0000,0.0000,-0.6425,-1.3214,178.9979,0.013,2784,0.0000,0.0000,0.0629,0,0,0.470
92.899,0,0,0,-0.6167,-1.2333,-0.6328,-1.2937,179.0495,0.0000,0.0000,0.0000,-0.6236,-1.2672,178.8928,0.026,2787,0.0000,0.0000,0.0625,0,0,0.479
92.998,0,0,0,-0.6167,-1.2333,-0.6328,-1.2939,179.0330,0.0000,0.0000,0.0000,-0.6347,-1.3112,178.0632,0.023,2790,0.0000,0.0000,0.0626,0,0,0.473
93.098,0,0,0,-0.6167,-1.2333,-0.6325,-1.2934,179.0252,0.0000,0.0000,0.0000,-0.6236,-1.2673,178.8939,0.022,2793,0.0000,0.0000,0.0621,0,0,0.478
93.198,0,0,0,-0.6167,-1.2333,-0.6327,-1.2938,179.0257,0.0000,0.0000,0.0000,-0.6427,-1.3211,178.9931,0.023,2796,0.0000,0.0000,0.0625,0,0,0.472
93.301,0,0,0,-0.6167,-1.2333,-0.6326,-1.2934,179.0269,0.0000,0.0000,0.0000,-0.6236,-1.2673,178.8939,0.008,2799,0.0000,0.0000,0.0622,0,0,0.473
93.398,0,0,0,-0.6167,-1.2333,-0.6327,-1.2938,179.0292,0.0000,0.0000,0.0000,-0.6427,-1.3211,178.9924,0.030,2802,0.0000,0.0000,0.0626,0,0,0.477
93.500,0,0,0,-0.6167,-1.2333,-0.6326,-1.2935,179.0337,0.0000,0.0000,0.0000,-0.6236,-1.2673,178.8940,0.028,2805,0.0000,0.0000,0.0622,0,0,0.480
93.599,0,0,0,-0.6167,-1.2333,-0.6328,-1.2938,179.0352,0.0000,0.0000,0.0000,-0.6426,-1.3211,178.9949,0.029,2808,0.0000,0.0000,0.0626,0,0,0.475
93.698,0,0,0,-0.6167,-1.2333,-0.6327,-1.2935,179.0375,0.0000,0.0000,0.0000,-0.6236,-1.2673,178.8940,0.026,2811,0.0000,0.0000,0.0623,0,0,0.480
93.801,0,0,0,-0.6167,-1.2333,-0.6328,-1.2939,179.0372,0.0000,0.0000,0.0000,-0.6427,-1.3211,178.9926,0.033,2814,0.0000,0.0000,0.0627,0,0,0.472
93.897,0,0,0,-0.6167,-1.2333,-0.6326,-1.2934,179.0284,0.0000,0.0000,0.0000,-0.6236,-1.2673,178.8932,0.025,2817,0.0000,0.0000,0.0622,0,0,0.470
94.000,0,0,0,-0.6167,-1.2333,-0.6326,-1.2936,179.0226,0.0000,0.0000,0.0000,-0.6428,-1.3208,178.9857,0.029,2820,0.0000,0.0000,0.0624,0,0,0.475
94.099,0,0,0,-0.6167,-1.2333,-0.6325,-1.2933,179.0250,0.0000,0.0000,0.0000,-0.6236,-1.2672,178.8929,0.028,2823,0.0000,0.0000,0.0620,0,0,0.477
94.199,0,0,0,-0.6167,-1.2333,-0.6327,-1.2937,179.0278,0.0000,0.0000,0.0000,-0.6428,-1.3208,178.9858,0.011,2826,0.0000,0.0000,0.0624,0,0,0.473
94.298,0,0,0,-0.6167,-1.2333,-0.6326,-1.2934,179.0285,0.0000,0.0000,0.0000,-0.6236,-1.2673,178.8942,0.022,2829,0.0000,0.0000,0.0621,0,0,0.476
94.399,0,0,0,-0.6167,-1.2333,-0.6326,-1.2934,179.0306,0.0000,0.0000,0.0000,-0.6428,-1.3208,178.9854,0.005,2832,0.0000,0.0000,0.0621,0,0,0.472
94.498,0,0,0,-0.6167,-1.2333,-0.6327,-1.2937,179.0337,0.0000,0.0000,0.0000,-0.6428,-1.3208,178.9849,0.041,2834,0.0000,0.0000,0.0625,0,0,0.479
94.598,0,0,0,-0.6167,-1.2333,-0.6328,-1.2938,179.0348,0.0000,0.0000,0.0000,-0.6428,-1.3208,178.9838,0.028,2838,0.0000,0.0000,0.0625,0,0,0.472
94.700,0,0,0,-0.6167,-1.2333,-0.6327,-1.2934,179.0353,0.0000,0.0000,0.0000,-0.6236,-1.2673,178.8940,0.031,2841,0.0000,0.0000,0.0622,0,0,0.489
94.800,0,0,0,-0.6167,-1.2333,-0.6328,-1.2938,179.0390,0.0000,0.0000,0.0000,-0.6428,-1.3209,178.9847,0.029,2844,0.0000,0.0000,0.0626,0,0,0.470
94.898,0,0,0,-0.6167,-1.2333,-0.6327,-1.2935,179.0416,0.0000,0.0000,0.0000,-0.6236,-1.2673,178.8937,0.028,2847,0.0000,0.0000,0.0622,0,0,0.473
94.999,0,0,0,-0.6167,-1.2333,-0.6328,-1.2938,179.0444,0.0000,0.0000,0.0000,-0.6428,-1.3208,178.9842,0.027,2850,0.0000,0.0000,0.0626,0,0,0.470
95.102,0,0,0,-0.6167,-1.2333,-0.6326,-1.2934,179.0363,0.0000,0.0000,0.0000,-0.6236,-1.2673,178.8935,0.034,2853,0.0000,0.0000,0.0621,0,0,0.479
95.201,0,0,0,-0.6167,-1.2333,-0.6328,-1.2937,179.0377,0.0000,0.0000,0.0000,-0.6428,-1.3212,178.9909,0.034,2856,0.0000,0.0000,0.0625,0,0,0.478
95.298,0,0,0,-0.6167,-1.2333,-0.6327,-1.2934,179.0394,0.0000,0.0000,0.0000,-0.6236,-1.2673,178.8944,0.026,2859,0.0000,0.0000,0.0622,0,0,0.468
95.399,0,0,0,-0.6167,-1.2333,-0.6327,-1.2936,179.0326,0.0000,0.0000,0.0000,-0.6350,-1.3099,178.0314,0.037,2862,0.0000,0.0000,0.0624,0,0,0.469
95.499,0,0,0,-0.6167,-1.2333,-0.6326,-1.2933,179.0361,0.0000,0.0000,0.0000,-0.6236,-1.2673,178.8939,0.029,2865,0.0000,0.0000,0.0621,0,0,0.472
95.600,0,0,0,-0.6167,-1.2333,-0.6326,-1.2936,179.0309,0.0000,0.0000,0.0000,-0.6349,-1.3106,178.0567,0.014,2868,0.0000,0.0000,0.0623,0,0,0.475
95.698,0,0,0,-0.6167,-1.2333,-0.6327,-1.2936,179.0329,0.0000,0.0000,0.0000,-0.6236,-1.2673,178.8945,0.003,2871,0.0000,0.0000,0.0623,0,0,0.480
95.800,0,0,0,-0.6167,-1.2333,-0.6326,-1.2933,179.0332,0.0000,0.0000,0.0000,-0.6427,-1.3214,178.9940,0.003,2874,0.0000,0.0000,0.0620,0,0,0.467
95.900,0,0,0,-0.6167,-1.2333,-0.6326,-1.2933,179.0354,0.0000,0.0000,0.0000,-0.6236,-1.2673,178.8948,0.023,2877,0.0000,0.0000,0.0620,0,0,0.472
96.000,0,0,0,-0.6167,-1.2333,-0.6326,-1.2935,179.0280,0.0000,0.0000,0.0000,-0.6353,-1.3100,178.0493,0.022,2880,0.0000,0.0000,0.0623,0,0,0.475
96.100,0,0,0,-0.6167,-1.2333,-0.6325,-1.2932,179.0300,0.0000,0.0000,0.0000,-0.6236,-1.2673,178.8936,0.020,2883,0.0000,0.0000,0.0619,0,0,0.482
96.199,0,0,0,-0.6167,-1.2333,-0.6327,-1.2936,179.0328,0.0000,0.0000,0.0000,-0.6426,-1.3209,178.9842,0.029,2886,0.0000,0.0000,0.0623,0,0,0.471
96.301,0,0,0,-0.6167,-1.2333,-0.6326,-1.2933,179.0353,0.0000,0.0000,0.0000,-0.6236,-1.2673,178.8944,0.026,2889,0.0000,0.0000,0.0620,0,0,0.483
96.399,0,0,0,-0.6167,-1.2333,-0.6326,-1.2935,179.0291,0.0000,0.0000,0.0000,-0.6427,-1.3210,178.9836,0.028,2892,0.0000,0.0000,0.0623,0,0,0.479
96.500,0,0,0,-0.6167,-1.2333,-0.6325,-1.2932,179.0300,0.0000,0.0000,0.0000,-0.6236,-1.2673,178.8937,0.031,2895,0.0000,0.0000,0.0619,0,0,0.478
96.598,0,0,0,-0.6167,-1.2333,-0.6327,-1.2936,179.0327,0.0000,0.0000,0.0000,-0.6427,-1.3210,178.9842,0.030,2898,0.0000,0.0000,0.0623,0,0,0.470
96.699,0,0,0,-0.6167,-1.2333,-0.6325,-1.2932,179.0355,0.0000,0.0000,0.0000,-0.6236,-1.2673,178.8940,0.029,2901,0.0000,0.0000,0.0620,0,0,0.477
96.823,0,0,0,-0.6167,-1.2333,-0.6326,-1.2933,179.0369,0.0000,0.0000,0.0000,-0.6427,-1.3210,178.9838,0.038,2904,0.0000,0.0000,0.0620,0,0,0.473
96.929,0,0,0,-0.6167,-1.2333,-0.6326,-1.2933,179.0375,0.0000,0.0000,0.0000,-0.6236,-1.2673,178.8938,0.013,2907,0.0000,0.0000,0.0620,0,0,0.467
97.023,0,0,0,-0.6167,-1.2333,-0.6326,-1.2933,179.0400,0.0000,0.0000,0.0000,-0.6427,-1.3210,178.9846,0.008,2910,0.0000,0.0000,0.0620,0,0,0.472
97.098,0,0,0,-0.6167,-1.2333,-0.6326,-1.2934,179.0424,0.0000,0.0000,0.0000,-0.6236,-1.2673,178.8939,0.020,2913,0.0000,0.0000,0.0621,0,0,0.480
97.200,0,0,0,-0.6167,-1.2333,-0.6328,-1.2937,179.0437,0.0000,0.0000,0.0000,-0.6426,-1.3211,178.9835,0.028,2916,0.0000,0.0000,0.0625,0,0,0.474
97.301,0,0,0,-0.6167,-1.2333,-0.6328,-1.2937,179.0450,0.0000,0.0000,0.0000,-0.6427,-1.3210,178.9830,0.057,2918,0.0000,0.0000,0.0625,0,0,0.470
97.400,0,0,0,-0.6167,-1.2333,-0.6328,-1.2938,179.0462,0.0000,0.0000,0.0000,-0.6427,-1.3211,178.9833,0.029,2922,0.0000,0.0000,0.0625,0,0,0.484
97.500,0,0,0,-0.6167,-1.2333,-0.6327,-1.2934,179.0473,0.0000,0.0000,0.0000,-0.6236,-1.2672,178.8933,0.029,2925,0.0000,0.0000,0.0622,0,0,0.480
97.599,0,0,0,-0.6167,-1.2333,-0.6328,-1.2938,179.0495,0.0000,0.0000,0.0000,-0.6427,-1.3210,178.9833,0.033,2928,0.0000,0.0000,0.0626,0,0,0.476
97.699,0,0,0,-0.6167,-1.2333,-0.6326,-1.2933,179.0426,0.0000,0.0000,0.0000,-0.6236,-1.2672,178.8931,0.028,2931,0.0000,0.0000,0.0621,0,0,0.466
97.799,0,0,0,-0.6167,-1.2333,-0.6328,-1.2937,179.0461,0.0000,0.0000,0.0000,-0.6426,-1.3213,178.9945,0.035,2934,0.0000,0.0000,0.0625,0,0,0.488
97.900,0,0,0,-0.6167,-1.2333,-0.6326,-1.2932,179.0385,0.0000,0.0000,0.0000,-0.6236,-1.2672,178.8929,0.029,2937,0.0000,0.0000,0.0620,0,0,0.480
98.000,0,0,0,-0.6167,-1.2333,-0.6327,-1.2936,179.0406,0.0000,0.0000,0.0000,-0.6426,-1.3214,178.9945,0.030,2940,0.0000,0.0000,0.0624,0,0,0.470
98.099,0,0,0,-0.6167,-1.2333,-0.6326,-1.2933,179.0433,0.0000,0.0000,0.0000,-0.6236,-1.2672,178.8936,0.029,2943,0.0000,0.0000,0.0621,0,0,0.475
98.199,0,0,0,-0.6167,-1.2333,-0.6326,-1.2935,179.0354,0.0000,0.0000,0.0000,-0.6352,-1.3096,178.0290,0.033,2946,0.0000,0.0000,0.0623,0,0,0.476
98.300,0,0,0,-0.6167,-1.2333,-0.6324,-1.2931,179.0273,0.0000,0.0000,0.0000,-0.6235,-1.2672,178.8941,0.024,2949,0.0000,0.0000,0.0618,0,0,0.473
98.399,0,0,0,-0.6167,-1.2333,-0.6324,-1.2931,179.0314,0.0000,0.0000,0.0000,-0.6427,-1.3214,178.9973,0.006,2952,0.0000,0.0000,0.0618,0,0,0.464
98.506,0,0,0,-0.6167,-1.2333,-0.6326,-1.2935,179.0347,0.0000,0.0000,0.0000,-0.6427,-1.3214,178.9967,0.052,2954,0.0000,0.0000,0.0622,0,0,0.485
98.617,0,0,0,-0.6167,-1.2333,-0.6325,-1.2931,179.0341,0.0000,0.0000,0.0000,-0.6427,-1.3214,178.9961,0.011,2956,0.0000,0.0000,0.0619,0,0,0.475
98.700,0,0,0,-0.6167,-1.2333,-0.6327,-1.2939,179.0378,0.0000,0.0000,0.0000,-0.6426,-1.3214,178.9959,0.037,2957,0.0000,0.0000,0.0627,0,0,0.475
98.798,0,0,0,-0.6167,-1.2333,-0.6328,-1.2939,179.0403,0.0000,0.0000,0.0000,-0.6236,-1.2672,178.8937,0.016,2961,0.0000,0.0000,0.0627,0,0,0.474
98.900,0,0,0,-0.6167,-1.2333,-0.6328,-1.2939,179.0396,0.0000,0.0000,0.0000,-0.6236,-1.2672,178.8940,0.005,2965,0.0000,0.0000,0.0627,0,0,0.480
98.999,0,0,0,-0.6167,-1.2333,-0.6329,-1.2943,179.0422,0.0000,0.0000,0.0000,-0.6426,-1.3214,178.9956,0.018,2968,0.0000,0.0000,0.0631,0,0,0.478
99.099,0,0,0,-0.6167,-1.2333,-0.6328,-1.2940,179.0432,0.0000,0.0000,0.0000,-0.6235,-1.2672,178.8943,0.045,2971,0.0000,0.0000,0.0627,0,0,0.482
99.198,0,0,0,-0.6167,-1.2333,-0.6328,-1.2940,179.0444,0.0000,0.0000,0.0000,-0.6426,-1.3214,178.9949,0.030,2975,0.0000,0.0000,0.0628,0,0,0.467
99.299,0,0,0,-0.6167,-1.2333,-0.6327,-1.2936,179.0470,0.0000,0.0000,0.0000,-0.6235,-1.2672,178.8941,0.033,2978,0.0000,0.0000,0.0624,0,0,0.481
99.399,0,0,0,-0.6167,-1.2333,-0.6327,-1.2937,179.0477,0.0000,0.0000,0.0000,-0.6235,-1.2672,178.8941,0.025,2982,0.0000,0.0000,0.0624,0,0,0.474
99.500,0,0,0,-0.6167,-1.2333,-0.6326,-1.2933,179.0492,0.0000,0.0000,0.0000,-0.6236,-1.2672,178.8935,0.016,2985,0.0000,0.0000,0.0621,0,0,0.465
99.599,0,0,0,-0.6167,-1.2333,-0.6328,-1.2937,179.0503,0.0000,0.0000,0.0000,-0.6427,-1.3213,178.9934,0.008,2988,0.0000,0.0000,0.0625,0,0,0.473
99.698,0,0,0,-0.6167,-1.2333,-0.6326,-1.2934,179.0527,0.0000,0.0000,0.0000,-0.6236,-1.2672,178.8936,0.030,2991,0.0000,0.0000,0.0622,0,0,0.476
99.799,0,0,0,-0.6167,-1.2333,-0.6328,-1.2938,179.0539,0.0000,0.0000,0.0000,-0.6427,-1.3213,178.9932,0.007,2994,0.0000,0.0000,0.0626,0,0,0.474
99.898,0,0,0,-0.6167,-1.2333,-0.6327,-1.2935,179.0526,0.0000,0.0000,0.0000,-0.6235,-1.2672,178.8939,0.023,2997,0.0000,0.0000,0.0622,0,0,0.469
99.998,0,0,0,-0.6167,-1.2333,-0.6328,-1.2938,179.0544,0.0000,0.0000,0.0000,-0.6427,-1.3213,178.9931,0.028,3000,0.0000,0.0000,0.0626,0,0,0.473
100.101,0,0,0,-0.6167,-1.2333,-0.6327,-1.2935,179.0547,0.0000,0.0000,0.0000,-0.6427,-1.3213,178.9932,0.003,3004,0.0000,0.0000,0.0623,0,0,0.476
100.198,0,0,0,-0.6167,-1.2333,-0.6327,-1.2937,179.0474,0.0000,0.0000,0.0000,-0.6353,-1.3098,178.0466,0.033,3006,0.0000,0.0000,0.0625,0,0,0.473
100.300,0,0,0,-0.6167,-1.2333,-0.6326,-1.2934,179.0484,0.0000,0.0000,0.0000,-0.6236,-1.2672,178.8932,0.030,3009,0.0000,0.0000,0.0622,0,0,0.469
100.401,0,0,0,-0.6167,-1.2333,-0.6328,-1.2938,179.0507,0.0000,0.0000,0.0000,-0.6426,-1.3214,178.9962,0.035,3012,0.0000,0.0000,0.0626,0,0,0.481
100.500,0,0,0,-0.6167,-1.2333,-0.6327,-1.2935,179.0512,0.0000,0.0000,0.0000,-0.6236,-1.2672,178.8934,0.029,3015,0.0000,0.0000,0.0622,0,0,0.473
100.601,0,0,0,-0.6167,-1.2333,-0.6328,-1.2938,179.0520,0.0000,0.0000,0.0000,-0.6425,-1.3214,178.9974,0.034,3018,0.0000,0.0000,0.0626,0,0,0.474
100.698,0,0,0,-0.6167,-1.2333,-0.6327,-1.2935,179.0522,0.0000,0.0000,0.0000,-0.6235,-1.2672,178.8940,0.028,3021,0.0000,0.0000,0.0623,0,0,0.485
100.800,0,0,0,-0.6167,-1.2333,-0.6328,-1.2939,179.0551,0.0000,0.0000,0.0000,-0.6426,-1.3214,178.9969,0.031,3024,0.0000,0.0000,0.0627,0,0,0.479
100.899,0,0,0,-0.6167,-1.2333,-0.6327,-1.2935,179.0554,0.0000,0.0000,0.0000,-0.6236,-1.2672,178.8929,0.028,3027,0.0000,0.0000,0.0623,0,0,0.479
101.000,0,0,0,-0.6167,-1.2333,-0.6329,-1.2939,179.0577,0.0000,0.0000,0.0000,-0.6426,-1.3214,178.9967,0.014,3030,0.0000,0.0000,0.0627,0,0,0.470
101.099,0,0,0,-0.6167,-1.2333,-0.6327,-1.2936,179.0575,0.0000,0.0000,0.0000,-0.6235,-1.2672,178.8941,0.029,3033,0.0000,0.0000,0.0624,0,0,0.471
101.198,0,0,0,-0.6167,-1.2333,-0.6329,-1.2940,179.0594,0.0000,0.0000,0.0000,-0.6426,-1.3214,178.9965,0.022,3036,0.0000,0.0000,0.0628,0,0,0.475
101.300,0,0,0,-0.6167,-1.2333,-0.6329,-1.2940,179.0604,0.0000,0.0000,0.0000,-0.6235,-1.2672,178.8940,0.004,3039,0.0000,0.0000,0.0628,0,0,0.467
101.407,0,0,0,-0.6167,-1.2333,-0.6329,-1.2940,179.0602,0.0000,0.0000,0.0000,-0.6426,-1.3214,178.9966,0.027,3042,0.0000,0.0000,0.0628,0,0,0.470
101.520,0,0,0,-0.6167,-1.2333,-0.6328,-1.2937,179.0606,0.0000,0.0000,0.0000,-0.6236,-1.2672,178.8939,0.047,3045,0.0000,0.0000,0.0624,0,0,0.467
101.612,0,0,0,-0.6167,-1.2333,-0.6329,-1.2940,179.0624,0.0000,0.0000,0.0000,-0.6426,-1.3214,178.9953,0.014,3048,0.0000,0.0000,0.0628,0,0,0.486
101.703,0,0,0,-0.6167,-1.2333,-0.6329,-1.2941,179.0664,0.0000,0.0000,0.0000,-0.6426,-1.3214,178.9953,0.042,3050,0.0000,0.0000,0.0629,0,0,0.474
101.798,0,0,0,-0.6167,-1.2333,-0.6329,-1.2941,179.0662,0.0000,0.0000,0.0000,-0.6426,-1.3214,178.9949,0.032,3054,0.0000,0.0000,0.0629,0,0,0.472
101.900,0,0,0,-0.6167,-1.2333,-0.6328,-1.2937,179.0663,0.0000,0.0000,0.0000,-0.6236,-1.2672,178.8937,0.029,3057,0.0000,0.0000,0.0625,0,0,0.480
102.000,0,0,0,-0.6167,-1.2333,-0.6329,-1.2941,179.0667,0.0000,0.0000,0.0000,-0.6426,-1.3214,178.9955,0.034,3060,0.0000,0.0000,0.0629,0,0,0.473
102.099,0,0,0,-0.6167,-1.2333,-0.6328,-1.2938,179.0682,0.0000,0.0000,0.0000,-0.6235,-1.2672,178.8938,0.029,3063,0.0000,0.0000,0.0625,0,0,0.484
102.201,0,0,0,-0.6167,-1.2333,-0.6330,-1.2941,179.0702,0.0000,0.0000,0.0000,-0.6426,-1.3214,178.9967,0.034,3066,0.0000,0.0000,0.0629,0,0,0.477
102.300,0,0,0,-0.6167,-1.2333,-0.6328,-1.2938,179.0702,0.0000,0.0000,0.0000,-0.6235,-1.2672,178.8940,0.027,3069,0.0000,0.0000,0.0626,0,0,0.469
102.399,0,0,0,-0.6167,-1.2333,-0.6328,-1.2938,179.0699,0.0000,0.0000,0.0000,-0.6426,-1.3213,178.9938,0.014,3072,0.0000,0.0000,0.0626,0,0,0.485
102.498,0,0,0,-0.6167,-1.2333,-0.6330,-1.2942,179.0718,0.0000,0.0000,0.0000,-0.6235,-1.2672,178.8949,0.008,3075,0.0000,0.0000,0.0630,0,0,0.464
102.602,0,0,0,-0.6167,-1.2333,-0.6328,-1.2937,179.0633,0.0000,0.0000,0.0000,-0.6426,-1.3210,178.9891,0.003,3078,0.0000,0.0000,0.0624,0,0,0.469
102.700,0,0,0,-0.6167,-1.2333,-0.6328,-1.2937,179.0637,0.0000,0.0000,0.0000,-0.6235,-1.2672,178.8944,0.020,3081,0.0000,0.0000,0.0625,0,0,0.468
102.801,0,0,0,-0.6167,-1.2333,-0.6329,-1.2940,179.0668,0.0000,0.0000,0.0000,-0.6426,-1.3210,178.9888,0.036,3084,0.0000,0.0000,0.0628,0,0,0.483
102.900,0,0,0,-0.6167,-1.2333,-0.6328,-1.2937,179.0677,0.0000,0.0000,0.0000,-0.6235,-1.2672,178.8942,0.035,3087,0.0000,0.0000,0.0625,0,0,0.478
102.998,0,0,0,-0.6167,-1.2333,-0.6329,-1.2941,179.0687,0.0000,0.0000,0.0000,-0.6426,-1.3209,178.9882,0.033,3090,0.0000,0.0000,0.0629,0,0,0.483
103.097,0,0,0,-0.6167,-1.2333,-0.6328,-1.2937,179.0684,0.0000,0.0000,0.0000,-0.6426,-1.3209,178.9877,0.002,3094,0.0000,0.0000,0.0625,0,0,0.475
103.201,0,0,0,-0.6167,-1.2333,-0.6329,-1.2941,179.0702,0.0000,0.0000,0.0000,-0.6426,-1.3209,178.9884,0.037,3096,0.0000,0.0000,0.0629,0,0,0.477
103.301,0,0,0,-0.6167,-1.2333,-0.6328,-1.2937,179.0706,0.0000,0.0000,0.0000,-0.6235,-1.2672,178.8940,0.028,3099,0.0000,0.0000,0.0625,0,0,0.470
103.400,0,0,0,-0.6167,-1.2333,-0.6329,-1.2941,179.0715,0.0000,0.0000,0.0000,-0.6426,-1.3209,178.9887,0.037,3102,0.0000,0.0000,0.0629,0,0,0.469
103.499,0,0,0,-0.6167,-1.2333,-0.6328,-1.2937,179.0731,0.0000,0.0000,0.0000,-0.6236,-1.2672,178.8936,0.030,3105,0.0000,0.0000,0.0625,0,0,0.460
103.600,0,0,0,-0.6167,-1.2333,-0.6330,-1.2941,179.0724,0.0000,0.0000,0.0000,-0.6426,-1.3209,178.9891,0.035,3108,0.0000,0.0000,0.0629,0,0,0.475
103.700,0,0,0,-0.6167,-1.2333,-0.6328,-1.2937,179.0729,0.0000,0.0000,0.0000,-0.6235,-1.2672,178.8944,0.030,3111,0.0000,0.0000,0.0625,0,0,0.463
103.800,0,0,0,-0.6167,-1.2333,-0.6328,-1.2937,179.0745,0.0000,0.0000,0.0000,-0.6236,-1.2672,178.8939,0.064,3113,0.0000,0.0000,0.0625,0,0,0.468
103.898,0,0,0,-0.6167,-1.2333,-0.6329,-1.2938,179.0734,0.0000,0.0000,0.0000,-0.6235,-1.2672,178.8945,0.019,3117,0.0000,0.0000,0.0626,0,0,0.471
104.000,0,0,0,-0.6167,-1.2333,-0.6330,-1.2941,179.0736,0.0000,0.0000,0.0000,-0.6427,-1.3209,178.9889,0.024,3120,0.0000,0.0000,0.0629,0,0,0.467
104.098,0,0,0,-0.6167,-1.2333,-0.6330,-1.2941,179.0745,0.0000,0.0000,0.0000,-0.6235,-1.2672,178.8942,0.003,3123,0.0000,0.0000,0.0629,0,0,0.480
104.202,0,0,0,-0.6167,-1.2333,-0.6330,-1.2941,179.0745,0.0000,0.0000,0.0000,-0.6427,-1.3209,178.9891,0.037,3126,0.0000,0.0000,0.0629,0,0,0.478
104.301,0,0,0,-0.6167,-1.2333,-0.6329,-1.2938,179.0732,0.0000,0.0000,0.0000,-0.6236,-1.2672,178.8933,0.028,3129,0.0000,0.0000,0.0626,0,0,0.471
104.401,0,0,0,-0.6167,-1.2333,-0.6330,-1.2941,179.0751,0.0000,0.0000,0.0000,-0.6427,-1.3209,178.9887,0.037,3132,0.0000,0.0000,0.0630,0,0,0.470
104.501,0,0,0,-0.6167,-1.2333,-0.6329,-1.2938,179.0716,0.0000,0.0000,0.0000,-0.6236,-1.2672,178.8940,0.034,3135,0.0000,0.0000,0.0626,0,0,0.480
104.601,0,0,0,-0.6167,-1.2333,-0.6330,-1.2941,179.0715,0.0000,0.0000,0.0000,-0.6427,-1.3209,178.9893,0.036,3138,0.0000,0.0000,0.0630,0,0,0.464
104.698,0,0,0,-0.6167,-1.2333,-0.6329,-1.2938,179.0704,0.0000,0.0000,0.0000,-0.6236,-1.2672,178.8942,0.030,3141,0.0000,0.0000,0.0626,0,0,0.467
104.801,0,0,0,-0.6167,-1.2333,-0.6330,-1.2941,179.0713,0.0000,0.0000,0.0000,-0.6427,-1.3209,178.9885,0.037,3144,0.0000,0.0000,0.0630,0,0,0.470
104.900,0,0,0,-0.6167,-1.2333,-0.6330,-1.2941,179.0700,0.0000,0.0000,0.0000,-0.6426,-1.3209,178.9901,0.007,3148,0.0000,0.0000,0.0630,0,0,0.472
105.000,0,0,0,-0.6167,-1.2333,-0.6331,-1.2941,179.0708,0.0000,0.0000,0.0000,-0.6426,-1.3209,178.9902,0.035,3150,0.0000,0.0000,0.0630,0,0,0.473
105.101,0,0,0,-0.6167,-1.2333,-0.6329,-1.2938,179.0691,0.0000,0.0000,0.0000,-0.6235,-1.2673,178.8954,0.035,3153,0.0000,0.0000,0.0626,0,0,0.483
105.200,0,0,0,-0.6167,-1.2333,-0.6331,-1.2942,179.0689,0.0000,0.0000,0.0000,-0.6427,-1.3209,178.9883,0.024,3156,0.0000,0.0000,0.0630,0,0,0.480
105.302,0,0,0,-0.6167,-1.2333,-0.6330,-1.2940,179.0595,0.0000,0.0000,0.0000,-0.6350,-1.3101,178.0354,0.057,3158,0.0000,0.0000,0.0628,0,0,0.478
105.398,0,0,0,-0.6167,-1.2333,-0.6330,-1.2940,179.0586,0.0000,0.0000,0.0000,-0.6428,-1.3208,178.9863,0.017,3162,0.0000,0.0000,0.0628,0,0,0.469
105.502,0,0,0,-0.6167,-1.2333,-0.6329,-1.2937,179.0589,0.0000,0.0000,0.0000,-0.6427,-1.3208,178.9890,0.002,3166,0.0000,0.0000,0.0625,0,0,0.471
105.599,0,0,0,-0.6167,-1.2333,-0.6330,-1.2940,179.0593,0.0000,0.0000,0.0000,-0.6428,-1.3208,178.9859,0.035,3168,0.0000,0.0000,0.0629,0,0,0.472
105.699,0,0,0,-0.6167,-1.2333,-0.6329,-1.2937,179.0587,0.0000,0.0000,0.0000,-0.6236,-1.2672,178.8932,0.029,3171,0.0000,0.0000,0.0625,0,0,0.478
105.798,0,0,0,-0.6167,-1.2333,-0.6329,-1.2939,179.0497,0.0000,0.0000,0.0000,-0.6356,-1.3098,178.0584,0.037,3174,0.0000,0.0000,0.0627,0,0,0.479
105.900,0,0,0,-0.6167,-1.2333,-0.6328,-1.2936,179.0486,0.0000,0.0000,0.0000,-0.6235,-1.2672,178.8943,0.031,3177,0.0000,0.0000,0.0624,0,0,0.470
106.002,0,0,0,-0.6167,-1.2333,-0.6329,-1.2939,179.0520,0.0000,0.0000,0.0000,-0.6428,-1.3209,178.9872,0.035,3180,0.0000,0.0000,0.0627,0,0,0.472
106.098,0,0,0,-0.6167,-1.2333,-0.6328,-1.2936,179.0520,0.0000,0.0000,0.0000,-0.6235,-1.2672,178.8945,0.032,3183,0.0000,0.0000,0.0624,0,0,0.479
106.201,0,0,0,-0.6167,-1.2333,-0.6330,-1.2939,179.0529,0.0000,0.0000,0.0000,-0.6428,-1.3209,178.9874,0.036,3186,0.0000,0.0000,0.0628,0,0,0.467
106.298,0,0,0,-0.6167,-1.2333,-0.6328,-1.2936,179.0532,0.0000,0.0000,0.0000,-0.6236,-1.2672,178.8939,0.027,3189,0.0000,0.0000,0.0624,0,0,0.479
106.401,0,0,0,-0.6167,-1.2333,-0.6330,-1.2940,179.0539,0.0000,0.0000,0.0000,-0.6427,-1.3209,178.9876,0.038,3192,0.0000,0.0000,0.0628,0,0,0.464
106.502,0,0,0,-0.6167,-1.2333,-0.6328,-1.2935,179.0468,0.0000,0.0000,0.0000,-0.6236,-1.2672,178.8937,0.034,3195,0.0000,0.0000,0.0623,0,0,0.471
106.600,0,0,0,-0.6167,-1.2333,-0.6328,-1.2935,179.0486,0.0000,0.0000,0.0000,-0.6236,-1.2672,178.8934,0.043,3197,0.0000,0.0000,0.0623,0,0,0.474
106.698,0,0,0,-0.6167,-1.2333,-0.6327,-1.2934,179.0406,0.0000,0.0000,0.0000,-0.6236,-1.2672,178.8933,0.020,3201,0.0000,0.0000,0.0621,0,0,0.477
106.799,0,0,0,-0.6167,-1.2333,-0.6328,-1.2938,179.0430,0.0000,0.0000,0.0000,-0.6427,-1.3212,178.9935,0.028,3204,0.0000,0.0000,0.0625,0,0,0.475
106.898,0,0,0,-0.6167,-1.2333,-0.6328,-1.2938,179.0458,0.0000,0.0000,0.0000,-0.6235,-1.2672,178.8955,0.055,3206,0.0000,0.0000,0.0626,0,0,0.478
107.001,0,0,0,-0.6167,-1.2333,-0.6329,-1.2938,179.0486,0.0000,0.0000,0.0000,-0.6427,-1.3212,178.9925,0.035,3210,0.0000,0.0000,0.0626,0,0,0.460
107.100,0,0,0,-0.6167,-1.2333,-0.6327,-1.2935,179.0489,0.0000,0.0000,0.0000,-0.6427,-1.3212,178.9934,0.003,3214,0.0000,0.0000,0.0622,0,0,0.471
107.198,0,0,0,-0.6167,-1.2333,-0.6329,-1.2938,179.0517,0.0000,0.0000,0.0000,-0.6427,-1.3212,178.9932,0.032,3216,0.0000,0.0000,0.0626,0,0,0.479
107.301,0,0,0,-0.6167,-1.2333,-0.6328,-1.2935,179.0531,0.0000,0.0000,0.0000,-0.6236,-1.2672,178.8932,0.035,3219,0.0000,0.0000,0.0623,0,0,0.469
107.400,0,0,0,-0.6167,-1.2333,-0.6329,-1.2939,179.0535,0.0000,0.0000,0.0000,-0.6427,-1.3212,178.9932,0.037,3222,0.0000,0.0000,0.0627,0,0,0.476
107.502,0,0,0,-0.6167,-1.2333,-0.6328,-1.2935,179.0547,0.0000,0.0000,0.0000,-0.6427,-1.3212,178.9927,0.007,3226,0.0000,0.0000,0.0623,0,0,0.483
107.600,0,0,0,-0.6167,-1.2333,-0.6329,-1.2939,179.0559,0.0000,0.0000,0.0000,-0.6427,-1.3212,178.9918,0.037,3228,0.0000,0.0000,0.0627,0,0,0.472
107.699,0,0,0,-0.6167,-1.2333,-0.6328,-1.2936,179.0554,0.0000,0.0000,0.0000,-0.6236,-1.2672,178.8939,0.033,3231,0.0000,0.0000,0.0624,0,0,0.474
107.799,0,0,0,-0.6167,-1.2333,-0.6328,-1.2936,179.0582,0.0000,0.0000,0.0000,-0.6427,-1.3212,178.9925,0.014,3234,0.0000,0.0000,0.0624,0,0,0.477
107.899,0,0,0,-0.6167,-1.2333,-0.6328,-1.2936,179.0596,0.0000,0.0000,0.0000,-0.6235,-1.2672,178.8948,0.032,3237,0.0000,0.0000,0.0624,0,0,0.467
107.998,0,0,0,-0.6167,-1.2333,-0.6328,-1.2936,179.0634,0.0000,0.0000,0.0000,-0.6427,-1.3212,178.9927,0.007,3240,0.0000,0.0000,0.0624,0,0,0.476
108.100,0,0,0,-0.6167,-1.2333,-0.6328,-1.2937,179.0660,0.0000,0.0000,0.0000,-0.6236,-1.2672,178.8941,0.012,3243,0.0000,0.0000,0.0625,0,0,0.475
108.198,0,0,0,-0.6167,-1.2333,-0.6330,-1.2940,179.0667,0.0000,0.0000,0.0000,-0.6427,-1.3212,178.9927,0.033,3246,0.0000,0.0000,0.0628,0,0,0.462
108.298,0,0,0,-0.6167,-1.2333,-0.6329,-1.2937,179.0673,0.0000,0.0000,0.0000,-0.6236,-1.2672,178.8940,0.026,3249,0.0000,0.0000,0.0625,0,0,0.465
108.401,0,0,0,-0.6167,-1.2333,-0.6330,-1.2940,179.0695,0.0000,0.0000,0.0000,-0.6426,-1.3212,178.9925,0.039,3252,0.0000,0.0000,0.0629,0,0,0.476
108.498,0,0,0,-0.6167,-1.2333,-0.6328,-1.2936,179.0593,0.0000,0.0000,0.0000,-0.6236,-1.2672,178.8929,0.029,3255,0.0000,0.0000,0.0623,0,0,0.477
108.601,0,0,0,-0.6167,-1.2333,-0.6329,-1.2939,179.0604,0.0000,0.0000,0.0000,-0.6427,-1.3209,178.9848,0.036,3258,0.0000,0.0000,0.0627,0,0,0.476
108.700,0,0,0,-0.6167,-1.2333,-0.6328,-1.2936,179.0600,0.0000,0.0000,0.0000,-0.6236,-1.2672,178.8942,0.032,3261,0.0000,0.0000,0.0624,0,0,0.477
108.798,0,0,0,-0.6167,-1.2333,-0.6329,-1.2939,179.0591,0.0000,0.0000,0.0000,-0.6427,-1.3209,178.9845,0.027,3264,0.0000,0.0000,0.0628,0,0,0.462
108.901,0,0,0,-0.6167,-1.2333,-0.6328,-1.2936,179.0595,0.0000,0.0000,0.0000,-0.6427,-1.3209,178.9844,0.003,3268,0.0000,0.0000,0.0624,0,0,0.485
108.999,0,0,0,-0.6167,-1.2333,-0.6330,-1.2940,179.0624,0.0000,0.0000,0.0000,-0.6427,-1.3209,178.9849,0.032,3270,0.0000,0.0000,0.0628,0,0,0.469
109.099,0,0,0,-0.6167,-1.2333,-0.6328,-1.2936,179.0628,0.0000,0.0000,0.0000,-0.6236,-1.2672,178.8940,0.032,3273,0.0000,0.0000,0.0624,0,0,0.472
0.079,0,0,0,-0.6167,-1.2333,-0.6330,-1.2940,179.0629,0.0000,0.0000,0.0000,-0.6427,-1.3209,178.9850,0.014,3276,0.0000,0.0000,0.0628,0,0,0.474
0.176,0,0,0,-0.6167,-1.2333,-0.6330,-1.2940,179.0647,0.0000,0.0000,0.0000,-0.6236,-1.2672,178.8945,0.003,3279,0.0000,0.0000,0.0628,0,0,0.473
0.285,0,0,0,-0.6167,-1.2333,-0.6330,-1.2940,179.0629,0.0000,0.0000,0.0000,-0.6427,-1.3209,178.9850,0.018,3282,0.0000,0.0000,0.0628,0,0,0.493
0.381,0,0,0,-0.6167,-1.2333,-0.6329,-1.2937,179.0629,0.0000,0.0000,0.0000,-0.6427,-1.3209,178.9860,0.002,3286,0.0000,0.0000,0.0625,0,0,0.476
0.477,0,0,0,-0.6167,-1.2333,-0.6330,-1.2940,179.0631,0.0000,0.0000,0.0000,-0.6427,-1.3209,178.9859,0.021,3288,0.0000,0.0000,0.0629,0,0,0.468
0.578,0,0,0,-0.6167,-1.2333,-0.6329,-1.2937,179.0621,0.0000,0.0000,0.0000,-0.6427,-1.3209,178.9854,0.003,3292,0.0000,0.0000,0.0625,0,0,0.473
0.676,0,0,0,-0.6167,-1.2333,-0.6330,-1.2940,179.0629,0.0000,0.0000,0.0000,-0.6427,-1.3209,178.9854,0.034,3294,0.0000,0.0000,0.0629,0,0,0.470
0.777,0,0,0,-0.6167,-1.2333,-0.6329,-1.2937,179.0629,0.0000,0.0000,0.0000,-0.6236,-1.2672,178.8939,0.034,3297,0.0000,0.0000,0.0625,0,0,0.467
0.879,0,0,0,-0.6167,-1.2333,-0.6330,-1.2941,179.0648,0.0000,0.0000,0.0000,-0.6427,-1.3209,178.9848,0.035,3300,0.0000,0.0000,0.0629,0,0,0.479
0.977,0,0,0,-0.6167,-1.2333,-0.6329,-1.2937,179.0635,0.0000,0.0000,0.0000,-0.6236,-1.2672,178.8945,0.029,3303,0.0000,0.0000,0.0625,0,0,0.475
1.077,0,0,0,-0.6167,-1.2333,-0.6330,-1.2941,179.0647,0.0000,0.0000,0.0000,-0.6427,-1.3210,178.9851,0.040,3306,0.0000,0.0000,0.0629,0,0,0.472
1.178,0,0,0,-0.6167,-1.2333,-0.6329,-1.2937,179.0649,0.0000,0.0000,0.0000,-0.6236,-1.2672,178.8941,0.030,3309,0.0000,0.0000,0.0625,0,0,0.484
1.279,0,0,0,-0.6167,-1.2333,-0.6330,-1.2939,179.0562,0.0000,0.0000,0.0000,-0.6235,-1.2672,178.8947,0.002,3313,0.0000,0.0000,0.0628,0,0,0.478
1.376,0,0,0,-0.6167,-1.2333,-0.6328,-1.2936,179.0564,0.0000,0.0000,0.0000,-0.6236,-1.2672,178.8942,0.028,3315,0.0000,0.0000,0.0624,0,0,0.468
1.476,0,0,0,-0.6167,-1.2333,-0.6329,-1.2938,179.0466,0.0000,0.0000,0.0000,-0.6346,-1.3100,178.0190,0.016,3318,0.0000,0.0000,0.0626,0,0,0.477
1.579,0,0,0,-0.6167,-1.2333,-0.6326,-1.2934,179.0381,0.0000,0.0000,0.0000,-0.6236,-1.2672,178.8933,0.024,3321,0.0000,0.0000,0.0621,0,0,0.470
1.678,0,0,0,-0.6167,-1.2333,-0.6327,-1.2936,179.0305,0.0000,0.0000,0.0000,-0.6427,-1.3212,178.9922,0.029,3324,0.0000,0.0000,0.0624,0,0,0.475
1.778,0,0,0,-0.6167,-1.2333,-0.6326,-1.2933,179.0315,0.0000,0.0000,0.0000,-0.6427,-1.3212,178.9921,0.006,3328,0.0000,0.0000,0.0620,0,0,0.480
1.880,0,0,0,-0.6167,-1.2333,-0.6327,-1.2937,179.0336,0.0000,0.0000,0.0000,-0.6427,-1.3213,178.9932,0.037,3330,0.0000,0.0000,0.0624,0,0,0.473
1.979,0,0,0,-0.6167,-1.2333,-0.6326,-1.2933,179.0345,0.0000,0.0000,0.0000,-0.6426,-1.3213,178.9938,0.003,3334,0.0000,0.0000,0.0621,0,0,0.470
2.078,0,0,0,-0.6167,-1.2333,-0.6327,-1.2936,179.0266,0.0000,0.0000,0.0000,-0.6352,-1.3096,178.0283,0.038,3336,0.0000,0.0000,0.0623,0,0,0.483
2.179,0,0,0,-0.6167,-1.2333,-0.6326,-1.2932,179.0300,0.0000,0.0000,0.0000,-0.6236,-1.2672,178.8941,0.031,3339,0.0000,0.0000,0.0620,0,0,0.479
2.280,0,0,0,-0.6167,-1.2333,-0.6327,-1.2936,179.0320,0.0000,0.0000,0.0000,-0.6427,-1.3212,178.9888,0.037,3342,0.0000,0.0000,0.0624,0,0,0.468
2.376,0,0,0,-0.6167,-1.2333,-0.6326,-1.2933,179.0345,0.0000,0.0000,0.0000,-0.6426,-1.3212,178.9887,0.003,3346,0.0000,0.0000,0.0620,0,0,0.470
2.479,0,0,0,-0.6167,-1.2333,-0.6327,-1.2937,179.0375,0.0000,0.0000,0.0000,-0.6426,-1.3212,178.9890,0.038,3348,0.0000,0.0000,0.0624,0,0,0.479
2.577,0,0,0,-0.6167,-1.2333,-0.6326,-1.2933,179.0385,0.0000,0.0000,0.0000,-0.6426,-1.3212,178.9889,0.002,3352,0.0000,0.0000,0.0621,0,0,0.468
2.679,0,0,0,-0.6167,-1.2333,-0.6328,-1.2937,179.0396,0.0000,0.0000,0.0000,-0.6426,-1.3212,178.9890,0.036,3354,0.0000,0.0000,0.0625,0,0,0.469
2.776,0,0,0,-0.6167,-1.2333,-0.6326,-1.2933,179.0313,0.0000,0.0000,0.0000,-0.6235,-1.2672,178.8942,0.025,3357,0.0000,0.0000,0.0620,0,0,0.464
2.876,0,0,0,-0.6167,-1.2333,-0.6326,-1.2933,179.0335,0.0000,0.0000,0.0000,-0.6428,-1.3209,178.9904,0.012,3360,0.0000,0.0000,0.0620,0,0,0.470
2.976,0,0,0,-0.6167,-1.2333,-0.6327,-1.2937,179.0369,0.0000,0.0000,0.0000,-0.6236,-1.2672,178.8937,0.007,3363,0.0000,0.0000,0.0624,0,0,0.474
3.076,0,0,0,-0.6167,-1.2333,-0.6327,-1.2937,179.0367,0.0000,0.0000,0.0000,-0.6428,-1.3209,178.9905,0.032,3366,0.0000,0.0000,0.0625,0,0,0.469
3.179,0,0,0,-0.6167,-1.2333,-0.6326,-1.2934,179.0370,0.0000,0.0000,0.0000,-0.6235,-1.2672,178.8945,0.019,3369,0.0000,0.0000,0.0621,0,0,0.464
3.278,0,0,0,-0.6167,-1.2333,-0.6328,-1.2937,179.0385,0.0000,0.0000,0.0000,-0.6428,-1.3209,178.9889,0.038,3372,0.0000,0.0000,0.0625,0,0,0.474
3.379,0,0,0,-0.6167,-1.2333,-0.6327,-1.2934,179.0395,0.0000,0.0000,0.0000,-0.6428,-1.3209,178.9896,0.003,3376,0.0000,0.0000,0.0622,0,0,0.471
3.476,0,0,0,-0.6167,-1.2333,-0.6328,-1.2938,179.0415,0.0000,0.0000,0.0000,-0.6427,-1.3209,178.9907,0.033,3378,0.0000,0.0000,0.0625,0,0,0.472
3.577,0,0,0,-0.6167,-1.2333,-0.6327,-1.2934,179.0426,0.0000,0.0000,0.0000,-0.6356,-1.3106,178.1018,0.003,3382,0.0000,0.0000,0.0622,0,0,0.474
3.675,0,0,0,-0.6167,-1.2333,-0.6327,-1.2937,179.0341,0.0000,0.0000,0.0000,-0.6428,-1.3207,178.9869,0.032,3384,0.0000,0.0000,0.0624,0,0,0.475
3.777,0,0,0,-0.6167,-1.2333,-0.6326,-1.2933,179.0345,0.0000,0.0000,0.0000,-0.6235,-1.2672,178.8947,0.032,3387,0.0000,0.0000,0.0621,0,0,0.460
3.876,0,0,0,-0.6167,-1.2333,-0.6328,-1.2937,179.0375,0.0000,0.0000,0.0000,-0.6427,-1.3208,178.9884,0.034,3390,0.0000,0.0000,0.0625,0,0,0.469
3.977,0,0,0,-0.6167,-1.2333,-0.6327,-1.2934,179.0384,0.0000,0.0000,0.0000,-0.6235,-1.2672,178.8944,0.035,3393,0.0000,0.0000,0.0621,0,0,0.462
4.079,0,0,0,-0.6167,-1.2333,-0.6328,-1.2937,179.0391,0.0000,0.0000,0.0000,-0.6428,-1.3207,178.9871,0.038,3396,0.0000,0.0000,0.0625,0,0,0.471
4.176,0,0,0,-0.6167,-1.2333,-0.6326,-1.2933,179.0315,0.0000,0.0000,0.0000,-0.6235,-1.2672,178.8957,0.028,3399,0.0000,0.0000,0.0620,0,0,0.466
4.280,0,0,0,-0.6167,-1.2333,-0.6326,-1.2933,179.0330,0.0000,0.0000,0.0000,-0.6426,-1.3214,178.9993,0.003,3402,0.0000,0.0000,0.0620,0,0,0.487
4.378,0,0,0,-0.6167,-1.2333,-0.6326,-1.2933,179.0328,0.0000,0.0000,0.0000,-0.6236,-1.2672,178.8935,0.030,3405,0.0000,0.0000,0.0621,0,0,0.481
4.477,0,0,0,-0.6167,-1.2333,-0.6328,-1.2937,179.0362,0.0000,0.0000,0.0000,-0.6426,-1.3214,178.9980,0.032,3408,0.0000,0.0000,0.0625,0,0,0.475
4.577,0,0,0,-0.6167,-1.2333,-0.6328,-1.2937,179.0400,0.0000,0.0000,0.0000,-0.6235,-1.2672,178.8947,0.008,3411,0.0000,0.0000,0.0625,0,0,0.471
4.680,0,0,0,-0.6167,-1.2333,-0.6328,-1.2938,179.0412,0.0000,0.0000,0.0000,-0.6236,-1.2672,178.8933,0.002,3415,0.0000,0.0000,0.0625,0,0,0.468
4.779,0,0,0,-0.6167,-1.2333,-0.6328,-1.2938,179.0427,0.0000,0.0000,0.0000,-0.6426,-1.3214,178.9973,0.006,3418,0.0000,0.0000,0.0626,0,0,0.467
4.877,0,0,0,-0.6167,-1.2333,-0.6328,-1.2938,179.0459,0.0000,0.0000,0.0000,-0.6235,-1.2672,178.8948,0.002,3421,0.0000,0.0000,0.0626,0,0,0.462
4.980,0,0,0,-0.6167,-1.2333,-0.6327,-1.2935,179.0467,0.0000,0.0000,0.0000,-0.6427,-1.3213,178.9961,0.003,3424,0.0000,0.0000,0.0623,0,0,0.471
5.077,0,0,0,-0.6167,-1.2333,-0.6329,-1.2939,179.0474,0.0000,0.0000,0.0000,-0.6427,-1.3213,178.9953,0.038,3426,0.0000,0.0000,0.0627,0,0,0.479
5.177,0,0,0,-0.6167,-1.2333,-0.6327,-1.2935,179.0476,0.0000,0.0000,0.0000,-0.6236,-1.2672,178.8944,0.033,3429,0.0000,0.0000,0.0623,0,0,0.476
5.278,0,0,0,-0.6167,-1.2333,-0.6329,-1.2939,179.0498,0.0000,0.0000,0.0000,-0.6426,-1.3213,178.9962,0.036,3432,0.0000,0.0000,0.0627,0,0,0.473
5.378,0,0,0,-0.6167,-1.2333,-0.6328,-1.2936,179.0490,0.0000,0.0000,0.0000,-0.6426,-1.3213,178.9964,0.003,3436,0.0000,0.0000,0.0624,0,0,0.477
5.476,0,0,0,-0.6167,-1.2333,-0.6328,-1.2936,179.0523,0.0000,0.0000,0.0000,-0.6426,-1.3213,178.9962,0.009,3438,0.0000,0.0000,0.0624,0,0,0.473
5.578,0,0,0,-0.6167,-1.2333,-0.6328,-1.2936,179.0538,0.0000,0.0000,0.0000,-0.6235,-1.2672,178.8953,0.019,3441,0.0000,0.0000,0.0624,0,0,0.468
5.676,0,0,0,-0.6167,-1.2333,-0.6329,-1.2940,179.0557,0.0000,0.0000,0.0000,-0.6427,-1.3213,178.9951,0.022,3444,0.0000,0.0000,0.0628,0,0,0.474
5.776,0,0,0,-0.6167,-1.2333,-0.6329,-1.2940,179.0564,0.0000,0.0000,0.0000,-0.6346,-1.3099,178.0047,0.002,3447,0.0000,0.0000,0.0628,0,0,0.479
5.876,0,0,0,-0.6167,-1.2333,-0.6328,-1.2939,179.0451,0.0000,0.0000,0.0000,-0.6430,-1.3201,178.9737,0.030,3450,0.0000,0.0000,0.0626,0,0,0.472
5.975,0,0,0,-0.6167,-1.2333,-0.6327,-1.2935,179.0463,0.0000,0.0000,0.0000,-0.6236,-1.2672,178.8944,0.028,3453,0.0000,0.0000,0.0623,0,0,0.476
6.078,0,0,0,-0.6167,-1.2333,-0.6329,-1.2939,179.0488,0.0000,0.0000,0.0000,-0.6430,-1.3202,178.9753,0.038,3456,0.0000,0.0000,0.0627,0,0,0.463
6.176,0,0,0,-0.6167,-1.2333,-0.6328,-1.2935,179.0494,0.0000,0.0000,0.0000,-0.6236,-1.2672,178.8943,0.027,3459,0.0000,0.0000,0.0623,0,0,0.471
6.276,0,0,0,-0.6167,-1.2333,-0.6329,-1.2939,179.0498,0.0000,0.0000,0.0000,-0.6429,-1.3202,178.9764,0.036,3462,0.0000,0.0000,0.0627,0,0,0.467
6.377,0,0,0,-0.6167,-1.2333,-0.6328,-1.2935,179.0506,0.0000,0.0000,0.0000,-0.6236,-1.2672,178.8946,0.032,3465,0.0000,0.0000,0.0623,0,0,0.471
6.476,0,0,0,-0.6167,-1.2333,-0.6329,-1.2939,179.0519,0.0000,0.0000,0.0000,-0.6429,-1.3203,178.9780,0.035,3468,0.0000,0.0000,0.0627,0,0,0.472
6.575,0,0,0,-0.6167,-1.2333,-0.6328,-1.2935,179.0508,0.0000,0.0000,0.0000,-0.6236,-1.2672,178.8933,0.030,3471,0.0000,0.0000,0.0623,0,0,0.477
6.676,0,0,0,-0.6167,-1.2333,-0.6329,-1.2937,179.0438,0.0000,0.0000,0.0000,-0.6351,-1.3099,178.0324,0.036,3474,0.0000,0.0000,0.0625,0,0,0.477
6.777,0,0,0,-0.6167,-1.2333,-0.6327,-1.2934,179.0431,0.0000,0.0000,0.0000,-0.6236,-1.2672,178.8946,0.029,3477,0.0000,0.0000,0.0622,0,0,0.472
6.878,0,0,0,-0.6167,-1.2333,-0.6327,-1.2933,179.0345,0.0000,0.0000,0.0000,-0.6426,-1.3213,178.9940,0.004,3480,0.0000,0.0000,0.0620,0,0,0.460
6.976,0,0,0,-0.6167,-1.2333,-0.6328,-1.2937,179.0390,0.0000,0.0000,0.0000,-0.6236,-1.2672,178.8937,0.009,3483,0.0000,0.0000,0.0624,0,0,0.476
7.077,0,0,0,-0.6167,-1.2333,-0.6328,-1.2937,179.0391,0.0000,0.0000,0.0000,-0.6426,-1.3213,178.9948,0.016,3486,0.0000,0.0000,0.0625,0,0,0.472
7.179,0,0,0,-0.6167,-1.2333,-0.6327,-1.2934,179.0417,0.0000,0.0000,0.0000,-0.6236,-1.2672,178.8936,0.020,3489,0.0000,0.0000,0.0621,0,0,0.474
7.278,0,0,0,-0.6167,-1.2333,-0.6328,-1.2937,179.0417,0.0000,0.0000,0.0000,-0.6426,-1.3213,178.9940,0.028,3492,0.0000,0.0000,0.0625,0,0,0.476
7.377,0,0,0,-0.6167,-1.2333,-0.6327,-1.2934,179.0412,0.0000,0.0000,0.0000,-0.6236,-1.2672,178.8941,0.031,3495,0.0000,0.0000,0.0622,0,0,0.467
7.479,0,0,0,-0.6167,-1.2333,-0.6329,-1.2938,179.0422,0.0000,0.0000,0.0000,-0.6426,-1.3213,178.9946,0.037,3498,0.0000,0.0000,0.0626,0,0,0.479
7.580,0,0,0,-0.6167,-1.2333,-0.6326,-1.2933,179.0343,0.0000,0.0000,0.0000,-0.6236,-1.2672,178.8940,0.039,3501,0.0000,0.0000,0.0621,0,0,0.469
7.676,0,0,0,-0.6167,-1.2333,-0.6328,-1.2937,179.0357,0.0000,0.0000,0.0000,-0.6236,-1.2672,178.8940,0.003,3505,0.0000,0.0000,0.0625,0,0,0.465
7.775,0,0,0,-0.6167,-1.2333,-0.6326,-1.2932,179.0207,0.0000,0.0000,0.0000,-0.6427,-1.3210,178.9918,0.003,3508,0.0000,0.0000,0.0620,0,0,0.473
7.877,0,0,0,-0.6167,-1.2333,-0.6327,-1.2936,179.0222,0.0000,0.0000,0.0000,-0.6427,-1.3210,178.9919,0.032,3510,0.0000,0.0000,0.0624,0,0,0.473
7.976,0,0,0,-0.6167,-1.2333,-0.6326,-1.2933,179.0199,0.0000,0.0000,0.0000,-0.6427,-1.3210,178.9924,0.003,3514,0.0000,0.0000,0.0621,0,0,0.475
8.078,0,0,0,-0.6167,-1.2333,-0.6328,-1.2937,179.0211,0.0000,0.0000,0.0000,-0.6427,-1.3210,178.9919,0.035,3516,0.0000,0.0000,0.0625,0,0,0.475
8.177,0,0,0,-0.6167,-1.2333,-0.6326,-1.2934,179.0213,0.0000,0.0000,0.0000,-0.6236,-1.2672,178.8947,0.030,3519,0.0000,0.0000,0.0621,0,0,0.467
8.278,0,0,0,-0.6167,-1.2333,-0.6328,-1.2937,179.0237,0.0000,0.0000,0.0000,-0.6427,-1.3210,178.9923,0.012,3522,0.0000,0.0000,0.0625,0,0,0.470
8.376,0,0,0,-0.6167,-1.2333,-0.6327,-1.2934,179.0245,0.0000,0.0000,0.0000,-0.6236,-1.2672,178.8942,0.026,3525,0.0000,0.0000,0.0622,0,0,0.474
8.476,0,0,0,-0.6167,-1.2333,-0.6328,-1.2938,179.0257,0.0000,0.0000,0.0000,-0.6427,-1.3210,178.9920,0.024,3528,0.0000,0.0000,0.0626,0,0,0.471
8.576,0,0,0,-0.6167,-1.2333,-0.6327,-1.2934,179.0266,0.0000,0.0000,0.0000,-0.6236,-1.2672,178.8947,0.013,3531,0.0000,0.0000,0.0622,0,0,0.471
8.678,0,0,0,-0.6167,-1.2333,-0.6328,-1.2938,179.0297,0.0000,0.0000,0.0000,-0.6427,-1.3210,178.9920,0.036,3534,0.0000,0.0000,0.0626,0,0,0.474
8.777,0,0,0,-0.6167,-1.2333,-0.6327,-1.2935,179.0310,0.0000,0.0000,0.0000,-0.6236,-1.2672,178.8945,0.031,3537,0.0000,0.0000,0.0623,0,0,0.468
8.876,0,0,0,-0.6167,-1.2333,-0.6328,-1.2937,179.0234,0.0000,0.0000,0.0000,-0.6236,-1.2672,178.8946,0.002,3541,0.0000,0.0000,0.0625,0,0,0.474
8.977,0,0,0,-0.6167,-1.2333,-0.6327,-1.2936,179.0160,0.0000,0.0000,0.0000,-0.6351,-1.3098,178.0265,0.006,3544,0.0000,0.0000,0.0624,0,0,0.474
9.078,0,0,0,-0.6167,-1.2333,-0.6327,-1.2936,179.0188,0.0000,0.0000,0.0000,-0.6429,-1.3210,178.9952,0.036,3546,0.0000,0.0000,0.0624,0,0,0.476
9.179,0,0,0,-0.6167,-1.2333,-0.6326,-1.2933,179.0195,0.0000,0.0000,0.0000,-0.6429,-1.3210,178.9951,0.003,3550,0.0000,0.0000,0.0620,0,0,0.480
9.278,0,0,0,-0.6167,-1.2333,-0.6328,-1.2937,179.0218,0.0000,0.0000,0.0000,-0.6236,-1.2672,178.8940,0.003,3553,0.0000,0.0000,0.0624,0,0,0.476
9.376,0,0,0,-0.6167,-1.2333,-0.6327,-1.2933,179.0235,0.0000,0.0000,0.0000,-0.6429,-1.3210,178.9947,0.003,3556,0.0000,0.0000,0.0621,0,0,0.475
9.477,0,0,0,-0.6167,-1.2333,-0.6328,-1.2937,179.0255,0.0000,0.0000,0.0000,-0.6429,-1.3210,178.9942,0.035,3558,0.0000,0.0000,0.0625,0,0,0.480
9.576,0,0,0,-0.6167,-1.2333,-0.6327,-1.2934,179.0241,0.0000,0.0000,0.0000,-0.6236,-1.2672,178.8936,0.032,3561,0.0000,0.0000,0.0622,0,0,0.469
9.676,0,0,0,-0.6167,-1.2333,-0.6328,-1.2938,179.0245,0.0000,0.0000,0.0000,-0.6429,-1.3210,178.9945,0.027,3564,0.0000,0.0000,0.0626,0,0,0.474
9.776,0,0,0,-0.6167,-1.2333,-0.6327,-1.2934,179.0259,0.0000,0.0000,0.0000,-0.6236,-1.2672,178.8933,0.011,3567,0.0000,0.0000,0.0622,0,0,0.476
9.876,0,0,0,-0.6167,-1.2333,-0.6329,-1.2938,179.0278,0.0000,0.0000,0.0000,-0.6428,-1.3211,178.9936,0.023,3570,0.0000,0.0000,0.0626,0,0,0.472
9.977,0,0,0,-0.6167,-1.2333,-0.6329,-1.2938,179.0287,0.0000,0.0000,0.0000,-0.6428,-1.3211,178.9931,0.006,3574,0.0000,0.0000,0.0626,0,0,0.479
0.054,0,0,0,-0.6167,-1.2333,-0.6329,-1.2938,179.0313,0.0000,0.0000,0.0000,-0.6428,-1.3211,178.9926,0.037,3576,-0.0122,-0.0486,0.0626,0,0,0.477
0.152,0,0,1,-1.2333,-1.2333,-0.6317,-1.2898,179.0761,0.0000,0.0000,0.0000,-0.6236,-1.2672,178.8943,0.034,3579,0.0997,-0.0077,0.6043,0,0,0.476
0.251,0,0,1,-1.2333,-1.2333,-0.6366,-1.2886,178.9728,0.0000,0.0000,0.0000,-0.6420,-1.3198,179.0570,0.036,3582,0.0997,-0.0076,0.5992,0,0,0.475
0.349,0,0,1,-1.2333,-1.2333,-0.6442,-1.2873,178.7661,0.0000,0.0000,0.0000,-0.6405,-1.3022,177.8416,0.002,3586,0.0997,-0.0075,0.5916,0,0,0.489
0.451,0,0,1,-1.2333,-1.2333,-0.6549,-1.2863,178.8395,0.0000,0.0000,0.0000,-0.6480,-1.3017,177.6670,0.039,3588,0.0997,-0.0075,0.5809,0,0,0.479
0.551,0,0,1,-1.2333,-1.2333,-0.6640,-1.2849,178.9020,0.0000,0.0000,0.0000,-0.6635,-1.3054,178.1237,0.005,3592,0.0997,-0.0074,0.5716,0,0,0.463
0.650,0,0,1,-1.2333,-1.2333,-0.6735,-1.2840,178.9424,0.0000,0.0000,0.0000,-0.6704,-1.3034,178.1122,0.037,3594,0.0997,-0.0074,0.5621,0,0,0.440
0.749,0,0,1,-1.2333,-1.2333,-0.6818,-1.2825,178.8346,0.0000,0.0000,0.0000,-0.7498,-1.3073,179.1722,0.003,3598,0.0997,-0.0073,0.5537,0,0,0.439
0.851,0,0,1,-1.2333,-1.2333,-0.6930,-1.2816,178.8965,0.0000,0.0000,0.0000,-0.6547,-1.2391,178.0469,0.002,3601,0.0997,-0.0073,0.5425,0,0,0.420
0.951,0,0,1,-1.2333,-1.2333,-0.7020,-1.2799,178.8690,0.0000,0.0000,0.0000,-0.6573,-1.2376,177.9608,0.032,3603,0.0997,-0.0071,0.5334,0,0,0.411
1.052,0,0,1,-1.2333,-1.2333,-0.7115,-1.2791,178.9747,0.0000,0.0000,0.0000,-0.7151,-1.3045,178.3455,0.012,3606,0.0997,-0.0071,0.5239,0,0,0.400
1.150,0,0,1,-1.2333,-1.2333,-0.7201,-1.2773,178.8802,0.0000,0.0000,0.0000,-0.6665,-1.2323,177.6483,0.020,3609,0.0998,-0.0069,0.5152,0,0,0.411
1.249,0,0,1,-1.2333,-1.2333,-0.7305,-1.2765,178.8549,0.0000,0.0000,0.0000,-0.7949,-1.3033,179.2321,0.037,3612,0.0998,-0.0069,0.5047,0,0,0.393
1.350,0,0,1,-1.2333,-1.2333,-0.7394,-1.2741,179.0061,0.0000,0.0000,0.0000,-0.7511,-1.3033,178.5792,0.003,3617,0.0998,-0.0066,0.4956,0,0,0.398
1.449,0,0,1,-1.2333,-1.2333,-0.7525,-1.2714,178.9652,0.0000,0.0000,0.0000,-0.8161,-1.2990,179.3900,0.037,3619,0.0998,-0.0063,0.4823,0,0,0.398
1.549,0,0,1,-1.2333,-1.2333,-0.7621,-1.2700,178.9928,0.0000,0.0000,0.0000,-0.7777,-1.3061,179.1435,0.003,3623,0.0998,-0.0061,0.4727,0,0,0.389
1.649,0,0,1,-1.2333,-1.2333,-0.7737,-1.2678,178.9985,0.0000,0.0000,0.0000,-0.7844,-1.3062,179.2215,0.035,3625,0.0998,-0.0059,0.4609,0,0,0.364
1.750,0,0,1,-1.2333,-1.2333,-0.7841,-1.2659,179.1657,0.0000,0.0000,0.0000,-0.7940,-1.3005,178.9794,0.006,3629,0.0998,-0.0056,0.4504,0,0,0.347
1.849,0,0,1,-1.2333,-1.2333,-0.7938,-1.2647,179.1817,0.0000,0.0000,0.0000,-0.8013,-1.3009,179.0761,0.035,3631,0.0998,-0.0055,0.4407,0,0,0.329
1.950,0,0,1,-1.2333,-1.2333,-0.8032,-1.2626,179.1506,0.0000,0.0000,0.0000,-0.7690,-1.1928,-179.7848,0.017,3634,0.0999,-0.0052,0.4312,0,0,0.336
2.050,0,0,1,-1.2333,-1.2333,-0.8127,-1.2616,179.1338,0.0000,0.0000,0.0000,-0.8272,-1.3043,179.3950,0.035,3636,0.0999,-0.0051,0.4215,0,0,0.316
2.150,0,0,1,-1.2333,-1.2333,-0.8247,-1.2599,179.3168,0.0000,0.0000,0.0000,-0.8503,-1.2097,179.6429,0.008,3639,0.0999,-0.0049,0.4095,0,0,0.301
2.249,0,0,1,-1.2333,-1.2333,-0.8350,-1.2592,179.2157,0.0000,0.0000,0.0000,-0.8478,-1.3030,179.5935,0.011,3641,0.0999,-0.0049,0.3991,0,0,0.288
2.350,0,0,1,-1.2333,-1.2333,-0.8454,-1.2579,179.2166,0.0000,0.0000,0.0000,-0.8464,-1.2131,179.9758,0.007,3644,0.0999,-0.0047,0.3887,0,0,0.277
2.449,0,0,1,-1.2333,-1.2333,-0.8564,-1.2579,179.1921,0.0000,0.0000,0.0000,-0.8455,-1.2139,-179.9483,0.023,3647,0.0999,-0.0049,0.3778,0,0,0.280
2.549,0,0,1,-1.2333,-1.2333,-0.8653,-1.2573,179.3496,0.0000,0.0000,0.0000,-0.8808,-1.3006,179.4387,0.005,3650,0.0999,-0.0049,0.3688,0,0,0.281
2.649,0,0,1,-1.2333,-1.2333,-0.8760,-1.2567,179.2712,0.0000,0.0000,0.0000,-0.8404,-1.2188,-179.4928,0.027,3653,0.0999,-0.0049,0.3581,0,0,0.263
2.752,0,0,1,-1.2333,-1.2333,-0.8855,-1.2557,179.2990,0.0000,0.0000,0.0000,-0.9031,-1.2971,179.3057,0.007,3656,0.0999,-0.0048,0.3486,0,0,0.229
2.849,0,0,1,-1.2333,-1.2333,-0.8983,-1.2535,179.2157,0.0000,0.0000,0.0000,-0.9133,-1.2999,179.5035,0.033,3658,0.0999,-0.0044,0.3357,0,0,0.291
2.951,0,0,1,-1.2333,-1.2333,-0.9143,-1.2498,179.1978,0.0000,0.0000,0.0000,-0.9250,-1.2987,179.3353,0.005,3662,0.0999,-0.0035,0.3194,0,0,0.263
3.049,0,0,1,-1.2333,-1.2333,-0.9186,-1.2527,179.2557,0.0000,0.0000,0.0000,-0.5106,-1.4764,-172.3539,0.045,3663,0.0999,-0.0045,0.3154,0,0,0.232
3.151,0,0,1,-1.2333,-1.2333,-0.9179,-1.2592,179.4823,0.0000,0.0000,0.0000,-0.5103,-1.4765,-172.3319,0.010,3666,0.0998,-0.0065,0.3165,0,0,0.250
3.249,0,0,1,-1.2333,-1.2333,-0.9231,-1.2627,179.3504,0.0000,0.0000,0.0000,-0.9553,-1.2967,179.3465,0.038,3669,0.0997,-0.0078,0.3116,0,0,0.251
3.349,0,0,1,-1.2333,-1.2333,-0.9230,-1.2685,179.6946,0.0000,0.0000,0.0000,-1.0388,-1.2851,179.5602,0.002,3673,0.0967,-0.0068,0.3123,0,0,0.192
3.449,0,0,1,-1.2333,-1.2333,-0.9301,-1.2708,179.5867,0.0000,0.0000,0.0000,-0.9772,-1.2987,179.3824,0.035,3675,0.0860,-0.0241,0.3055,0,0,0.162
3.551,0,0,1,-1.2333,-1.2333,-0.9316,-1.2743,179.6697,0.0000,0.0000,0.0000,-0.6041,-1.4663,-173.4627,0.010,3678,0.0883,-0.0228,0.3045,0,0,0.169
3.649,0,0,1,-1.2333,-1.2333,-0.9362,-1.2747,179.6364,0.0000,0.0000,0.0000,-0.6016,-1.4665,-173.3403,0.037,3680,0.0717,-0.0397,0.3000,0,0,0.122
3.750,0,0,1,-1.2333,-1.2333,-0.9388,-1.2737,179.7758,0.0000,0.0000,0.0000,-0.6022,-1.4668,-173.3028,0.065,3681,0.0714,-0.0399,0.2973,0,0,0.121
3.850,0,0,1,-1.2333,-1.2333,-0.9392,-1.2757,179.7511,0.0000,0.0000,0.0000,-1.0167,-1.2886,179.0486,0.012,3685,0.0776,-0.0342,0.2972,0,0,0.139
3.950,0,0,1,-1.2333,-1.2333,-0.9394,-1.2779,179.8002,0.0000,0.0000,0.0000,-0.6217,-1.4605,-173.5472,0.012,3688,0.0846,-0.0279,0.2973,0,0,0.159
4.050,0,0,1,-1.2333,-1.2333,-0.9449,-1.2782,179.8417,0.0000,0.0000,0.0000,-1.0294,-1.2813,178.7458,0.036,3690,0.0990,-0.0138,0.2919,0,0,0.219
4.151,0,0,1,-1.2333,-1.2333,-0.9488,-1.2822,179.7887,0.0000,0.0000,0.0000,-0.6558,-1.4496,-173.9811,0.011,3693,0.0988,-0.0153,0.2887,0,0,0.211
4.250,0,0,1,-1.2333,-1.2333,-0.9555,-1.2836,179.7295,0.0000,0.0000,0.0000,-1.0502,-1.2808,178.6592,0.038,3695,0.0839,-0.0518,0.2823,0,0,0.123
4.349,0,0,1,-1.2333,-1.2333,-0.9566,-1.2848,179.5547,0.0000,0.0000,0.0000,-1.0683,-1.2753,178.3606,0.003,3699,0.0827,-0.0550,0.2814,0,0,0.117
4.450,0,0,1,-1.2333,-1.2333,-0.9689,-1.2838,179.7990,0.0000,0.0000,0.0000,-1.0741,-1.2742,178.1001,0.033,3701,0.0826,-0.0555,0.2692,0,0,0.117
4.549,0,0,1,-1.2333,-1.2333,-0.9781,-1.2889,179.8648,0.0000,0.0000,0.0000,-1.0850,-1.2654,178.2639,0.003,3705,0.0822,0.0187,0.2612,0,0,0.117
4.651,0,0,1,-1.2333,-1.2333,-0.9897,-1.2925,179.7545,0.0000,0.0000,0.0000,-1.0914,-1.2633,178.0095,0.039,3707,0.0817,0.0163,0.2507,0,0,0.117
4.749,0,0,1,-1.2333,-1.2333,-0.9985,-1.3032,179.9269,0.0000,0.0000,0.0000,-1.1029,-1.2638,178.0575,0.003,3711,0.0877,-0.0061,0.2450,0,0,0.155
4.849,0,0,1,-1.2333,-1.2333,-1.0109,-1.3058,179.9555,0.0000,0.0000,0.0000,-1.1104,-1.2612,178.0495,0.032,3713,0.0956,-0.0294,0.2340,0,0,0.322
4.950,0,0,1,-1.2333,-1.2333,-1.0221,-1.3058,179.5785,0.0000,0.0000,0.0000,-1.1147,-1.2611,178.0346,0.068,3715,0.0951,-0.0674,0.2233,0,0,0.127
5.050,0,0,1,-1.2333,-1.2333,-1.0347,-1.3070,179.7536,0.0000,0.0000,0.0000,-1.1307,-1.2584,177.3002,0.017,3719,0.0943,-0.0747,0.2119,0,0,0.117
5.151,0,0,1,-1.2333,-1.2333,-1.0456,-1.3100,179.6608,0.0000,0.0000,0.0000,-1.0348,-1.6304,-174.6026,0.006,3722,0.0932,0.0052,0.2028,0,0,0.117
5.249,0,0,1,-1.2333,-1.2333,-1.0565,-1.3084,179.7022,0.0000,0.0000,0.0000,-1.0396,-1.6294,-174.8053,0.007,3725,0.0927,0.0039,0.1921,0,0,0.117
5.350,0,0,1,-1.2333,-1.2333,-1.0686,-1.3157,179.7557,0.0000,0.0000,0.0000,-1.1624,-1.2479,177.5018,0.007,3728,0.0902,-0.0018,0.1842,0,0,0.117
5.449,0,0,1,-1.2333,-1.2333,-1.0778,-1.3231,179.7770,0.0000,0.0000,0.0000,-1.1683,-1.2457,177.3802,0.038,3731,0.0874,-0.0191,0.1796,0,0,0.141
5.549,0,0,1,-1.2333,-1.2333,-1.0865,-1.3293,179.7922,0.0000,0.0000,0.0000,-1.0692,-1.6586,-174.6422,0.013,3734,0.0959,-0.0806,0.1754,0,0,0.141
5.650,0,0,1,-1.2333,-1.2333,-1.0984,-1.3254,179.6635,0.0000,0.0000,0.0000,-1.1889,-1.2462,177.2610,0.030,3737,0.0935,-0.0790,0.1633,0,0,0.148
5.751,0,0,1,-1.2333,-1.2333,-1.1098,-1.3265,179.5650,0.0000,0.0000,0.0000,-1.2058,-1.2358,176.8812,0.005,3741,0.0967,-0.0205,0.1547,0,0,0.117
5.849,0,0,1,-1.2333,-1.2333,-1.1198,-1.3277,179.6697,0.0000,0.0000,0.0000,-1.2104,-1.2336,176.7963,0.036,3743,0.0938,-0.0243,0.1477,0,0,0.117
5.949,0,0,1,-1.2333,-1.2333,-1.1280,-1.3334,179.8096,0.0000,0.0000,0.0000,-1.2244,-1.2262,176.8781,0.003,3747,0.0895,-0.0293,0.1452,0,0,0.117
6.049,0,0,1,-1.2333,-1.2333,-1.1395,-1.3317,179.5596,0.0000,0.0000,0.0000,-1.2318,-1.2250,176.7766,0.038,3749,0.0817,-0.0435,0.1360,0,0,0.140
6.151,0,0,1,-1.2333,-1.2333,-1.1461,-1.3348,179.6453,0.0000,0.0000,0.0000,-1.2458,-1.2216,176.4913,0.003,3753,0.0595,-0.0719,0.1338,0,0,0.185
6.249,0,0,1,-1.2333,-1.2333,-1.1551,-1.3285,179.7890,0.0000,0.0000,0.0000,-1.2504,-1.2197,176.5857,0.037,3755,0.0875,-0.0514,0.1232,0,0,0.132
6.350,0,0,1,-1.2333,-1.2333,-1.1647,-1.3217,179.5286,0.0000,0.0000,0.0000,-1.2554,-1.2126,176.5504,0.048,3756,0.0824,-0.0435,0.1119,0,0,0.117
6.449,0,0,1,-1.2333,-1.2333,-1.1751,-1.3140,179.3032,0.0000,0.0000,0.0000,-1.2631,-1.2057,176.4005,0.033,3758,0.0710,-0.0404,0.0995,0,0,0.117
6.550,0,0,1,-1.2333,-1.2333,-1.1834,-1.3081,179.1371,0.0000,0.0000,0.0000,-1.2744,-1.1971,176.2329,0.059,3759,0.0620,-0.0380,0.0899,0,0,0.117
6.649,0,0,1,-1.2333,-1.2333,-1.1920,-1.3009,179.2644,0.0000,0.0000,0.0000,-1.2795,-1.1946,176.1856,0.029,3761,0.0521,-0.0354,0.0792,0,0,0.119
6.752,0,0,1,-1.2333,-1.2333,-1.1992,-1.2935,179.1465,0.0000,0.0000,0.0000,-1.2899,-1.1882,176.1800,0.008,3763,0.0000,0.0000,0.0692,0,0,0.164
6.849,0,0,1,-1.2333,-1.2333,-1.2011,-1.2955,179.0687,0.0000,0.0000,0.0000,-1.2941,-1.1843,176.1946,0.031,3765,0.0000,0.0000,0.0700,0,0,0.171
6.951,0,0,1,-1.2333,-1.2333,-1.2041,-1.3017,179.1355,0.0000,0.0000,0.0000,-1.2964,-1.1829,176.0668,0.005,3769,0.0000,0.0000,0.0744,0,0,0.170
7.049,0,0,1,-1.2333,-1.2333,-1.2054,-1.3047,179.1932,0.0000,0.0000,0.0000,-1.2965,-1.1829,176.0622,0.033,3771,0.0000,0.0000,0.0767,0,0,0.174
7.150,0,0,1,-1.2333,-1.2333,-1.2066,-1.3123,179.3420,0.0000,0.0000,0.0000,-1.2965,-1.1829,176.0617,0.002,3775,0.0000,0.0000,0.0834,0,0,0.174
7.249,0,0,1,-1.2333,-1.2333,-1.2090,-1.3131,179.3447,0.0000,0.0000,0.0000,-1.2966,-1.1829,176.0601,0.034,3777,0.0000,0.0000,0.0834,0,0,0.168
7.349,0,0,1,-1.2333,-1.2333,-1.2100,-1.3202,179.4773,0.0000,0.0000,0.0000,-1.2966,-1.1829,176.0606,0.003,3781,0.0000,0.0000,0.0900,0,0,0.173
7.449,0,0,1,-1.2333,-1.2333,-1.2122,-1.3208,179.4738,0.0000,0.0000,0.0000,-1.2939,-1.1871,176.1688,0.038,3783,0.0000,0.0000,0.0899,0,0,0.181
7.549,0,0,1,-1.2333,-1.2333,-1.2130,-1.3275,179.5920,0.0000,0.0000,0.0000,-1.2957,-1.1830,176.0729,0.004,3787,0.0000,0.0000,0.0963,0,0,0.179
7.650,0,0,1,-1.2333,-1.2333,-1.2150,-1.3276,179.5793,0.0000,0.0000,0.0000,-1.2958,-1.1829,176.0709,0.037,3789,0.0000,0.0000,0.0961,0,0,0.164
7.749,0,0,1,-1.2333,-1.2333,-1.2158,-1.3298,179.6093,0.0000,0.0000,0.0000,-1.1975,-1.6272,-175.6708,0.055,3791,0.0000,0.0000,0.0981,0,0,0.173
7.852,0,0,1,-1.2333,-1.2333,-1.2177,-1.3298,179.5944,0.0000,0.0000,0.0000,-1.1975,-1.6271,-175.6737,0.002,3795,0.0000,0.0000,0.0978,1,1,0.182
7.949,0,0,1,-1.2333,-1.2333,-1.2183,-1.3360,179.6916,0.0000,0.0000,0.0000,-1.2965,-1.1823,176.0630,0.023,3797,0.0000,0.0000,0.1038,1,1,0.171
8.050,0,0,1,-1.2333,-1.2333,-1.2198,-1.3397,179.7373,0.0000,0.0000,0.0000,-1.2965,-1.1823,176.0634,0.025,3801,0.0000,0.0000,0.1072,1,1,0.173
8.150,0,0,1,-1.2333,-1.2333,-1.2202,-1.3454,179.8230,0.0000,0.0000,0.0000,-1.1973,-1.6271,-175.6689,0.016,3804,0.0000,0.0000,0.1129,1,1,0.168
8.249,0,0,1,-1.2333,-1.2333,-1.2219,-1.3449,179.8000,0.0000,0.0000,0.0000,-1.2947,-1.1860,176.1473,0.037,3807,0.0000,0.0000,0.1121,1,1,0.178
8.349,0,0,1,-1.2333,-1.2333,-1.2222,-1.3504,179.8781,0.0000,0.0000,0.0000,-1.2957,-1.1833,176.0742,0.003,3811,0.0000,0.0000,0.1176,1,1,0.156
8.449,0,0,1,-1.2333,-1.2333,-1.2238,-1.3496,179.8507,0.0000,0.0000,0.0000,-1.2957,-1.1833,176.0740,0.038,3813,0.0000,0.0000,0.1167,1,1,0.157
8.549,0,0,1,-1.2333,-1.2333,-1.2240,-1.3549,179.9263,0.0000,0.0000,0.0000,-1.2956,-1.1833,176.0753,0.003,3817,0.0000,0.0000,0.1219,1,1,0.143
8.650,0,0,1,-1.2333,-1.2333,-1.2255,-1.3540,179.8936,0.0000,0.0000,0.0000,-1.2957,-1.1832,176.0746,0.037,3819,0.0000,0.0000,0.1209,1,1,0.126
8.749,0,0,1,-1.2333,-1.2333,-1.2257,-1.3590,179.9632,0.0000,0.0000,0.0000,-1.2957,-1.1832,176.0750,0.003,3823,0.0000,0.0000,0.1259,1,1,0.123
8.849,0,0,1,-1.2333,-1.2333,-1.2271,-1.3579,179.9321,0.0000,0.0000,0.0000,-1.2957,-1.1832,176.0742,0.035,3825,0.0000,0.0000,0.1247,1,1,0.117
8.949,0,0,1,-1.2333,-1.2333,-1.2272,-1.3628,179.9955,0.0000,0.0000,0.0000,-1.2957,-1.1832,176.0744,0.003,3829,0.0000,0.0000,0.1296,1,1,0.121
9.049,0,0,1,-1.2333,-1.2333,-1.2286,-1.3615,179.9630,0.0000,0.0000,0.0000,-1.2957,-1.1832,176.0751,0.011,3831,0.0000,0.0000,0.1283,1,1,0.128
9.150,0,0,1,-1.2333,-1.2333,-1.2287,-1.3662,-179.9785,0.0000,0.0000,0.0000,-1.1977,-1.6269,-175.6995,0.016,3834,0.0000,0.0000,0.1329,1,1,0.118
9.250,0,0,1,-1.2333,-1.2333,-1.2300,-1.3648,179.9883,0.0000,0.0000,0.0000,-1.2957,-1.1832,176.0762,0.024,3837,0.0000,0.0000,0.1315,1,1,0.120
9.352,0,0,1,-1.2333,-1.2333,-1.2313,-1.3635,179.9574,0.0000,0.0000,0.0000,-1.2957,-1.1832,176.0748,0.008,3840,0.0000,0.0000,0.1301,1,1,0.121
9.449,0,0,1,-1.2333,-1.2333,-1.2313,-1.3680,-179.9853,0.0000,0.0000,0.0000,-1.2957,-1.1832,176.0741,0.033,3843,0.0000,0.0000,0.1346,1,1,0.124
9.550,0,0,1,-1.2333,-1.2333,-1.2312,-1.3724,-179.9295,0.0000,0.0000,0.0000,-1.2958,-1.1831,176.0723,0.003,3847,0.0000,0.0000,0.1390,1,1,0.117
9.649,0,0,1,-1.2333,-1.2333,-1.2324,-1.3708,-179.9665,0.0000,0.0000,0.0000,-1.2958,-1.1831,176.0731,0.036,3849,0.0000,0.0000,0.1374,1,1,0.119
9.750,0,0,1,-1.2333,-1.2333,-1.2332,-1.3725,-179.9545,0.0000,0.0000,0.0000,-1.2957,-1.1831,176.0755,0.006,3853,0.0000,0.0000,0.1392,1,1,0.122
9.849,0,0,1,-1.2333,-1.2333,-1.2335,-1.3734,-179.9479,0.0000,0.0000,0.0000,-1.2957,-1.1831,176.0746,0.034,3855,0.0000,0.0000,0.1400,1,1,0.117
9.950,0,0,1,-1.2333,-1.2333,-1.2342,-1.3750,-179.9387,0.0000,0.0000,0.0000,-1.2958,-1.1831,176.0732,0.005,3859,0.0000,0.0000,0.1416,1,1,0.130
10.049,0,0,1,-1.2333,-1.2333,-1.2345,-1.3757,-179.9325,0.0000,0.0000,0.0000,-1.2958,-1.1831,176.0737,0.037,3861,0.0000,0.0000,0.1424,1,1,0.124
10.150,0,0,1,-1.2333,-1.2333,-1.2343,-1.3798,-179.8786,0.0000,0.0000,0.0000,-1.2958,-1.1831,176.0743,0.003,3865,0.0000,0.0000,0.1465,1,1,0.124
10.249,0,0,1,-1.2333,-1.2333,-1.2354,-1.3779,-179.9135,0.0000,0.0000,0.0000,-1.2958,-1.1831,176.0731,0.037,3867,0.0000,0.0000,0.1446,1,1,0.118
10.350,0,0,1,-1.2333,-1.2333,-1.2352,-1.3819,-179.8604,0.0000,0.0000,0.0000,-1.1974,-1.6270,-175.6960,0.016,3870,0.0000,0.0000,0.1486,1,1,0.117
10.449,0,0,1,-1.2333,-1.2333,-1.2363,-1.3799,-179.8941,0.0000,0.0000,0.0000,-1.2958,-1.1831,176.0736,0.010,3873,0.0000,0.0000,0.1466,1,1,0.125
10.549,0,0,1,-1.2333,-1.2333,-1.2365,-1.3806,-179.8857,0.0000,0.0000,0.0000,-1.1973,-1.6270,-175.6927,0.051,3875,0.0000,0.0000,0.1473,1,1,0.121
10.649,0,0,1,-1.2333,-1.2333,-1.2371,-1.3819,-179.8776,0.0000,0.0000,0.0000,-1.2959,-1.1831,176.0718,0.012,3879,0.0000,0.0000,0.1486,1,1,0.123
10.751,0,0,1,-1.2333,-1.2333,-1.2368,-1.3857,-179.8301,0.0000,0.0000,0.0000,-1.2959,-1.1830,176.0711,0.003,3883,0.0000,0.0000,0.1524,1,1,0.126
10.850,0,0,1,-1.2333,-1.2333,-1.2378,-1.3836,-179.8674,0.0000,0.0000,0.0000,-1.2959,-1.1830,176.0727,0.030,3885,0.0000,0.0000,0.1503,1,1,0.125
10.949,0,0,1,-1.2333,-1.2333,-1.2375,-1.3873,-179.8196,0.0000,0.0000,0.0000,-1.2959,-1.1830,176.0718,0.003,3889,0.0000,0.0000,0.1540,1,1,0.124
11.050,0,0,1,-1.2333,-1.2333,-1.2385,-1.3852,-179.8559,0.0000,0.0000,0.0000,-1.2959,-1.1830,176.0725,0.039,3891,0.0000,0.0000,0.1519,1,1,0.121
11.149,0,0,1,-1.2333,-1.2333,-1.2381,-1.3888,-179.8088,0.0000,0.0000,0.0000,-1.1972,-1.6270,-175.6925,0.018,3894,0.0000,0.0000,0.1556,1,1,0.117
11.249,0,0,1,-1.2333,-1.2333,-1.2391,-1.3866,-179.8447,0.0000,0.0000,0.0000,-1.2959,-1.1830,176.0714,0.036,3897,0.0000,0.0000,0.1534,1,1,0.123
11.351,0,0,1,-1.2333,-1.2333,-1.2395,-1.3875,-179.8388,0.0000,0.0000,0.0000,-1.2960,-1.1830,176.0706,0.006,3901,0.0000,0.0000,0.1543,1,1,0.122
11.450,0,0,1,-1.2333,-1.2333,-1.2396,-1.3880,-179.8344,0.0000,0.0000,0.0000,-1.2959,-1.1830,176.0719,0.035,3903,0.0000,0.0000,0.1548,1,1,0.119
11.549,0,0,1,-1.2333,-1.2333,-1.2393,-1.3915,-179.7882,0.0000,0.0000,0.0000,-1.2960,-1.1829,176.0691,0.002,3907,0.0000,0.0000,0.1583,1,1,0.117
11.650,0,0,1,-1.2333,-1.2333,-1.2402,-1.3892,-179.8241,0.0000,0.0000,0.0000,-1.2959,-1.1830,176.0710,0.038,3909,0.0000,0.0000,0.1560,1,1,0.125
11.749,0,0,1,-1.2333,-1.2333,-1.2403,-1.3896,-179.8195,0.0000,0.0000,0.0000,-1.2959,-1.1830,176.0711,0.069,3911,0.0000,0.0000,0.1564,1,1,0.123
11.849,0,0,1,-1.2333,-1.2333,-1.2407,-1.3904,-179.8152,0.0000,0.0000,0.0000,-1.2960,-1.1830,176.0709,0.005,3915,0.0000,0.0000,0.1572,1,1,0.126
11.949,0,0,1,-1.2333,-1.2333,-1.2402,-1.3939,-179.7699,0.0000,0.0000,0.0000,-1.1970,-1.6271,-175.6866,0.009,3918,0.0000,0.0000,0.1607,1,1,0.122
12.050,0,0,1,-1.2333,-1.2333,-1.2411,-1.3915,-179.8078,0.0000,0.0000,0.0000,-1.2960,-1.1829,176.0702,0.028,3921,0.0000,0.0000,0.1583,1,1,0.117
12.150,0,0,1,-1.2333,-1.2333,-1.2407,-1.3949,-179.7626,0.0000,0.0000,0.0000,-1.2960,-1.1829,176.0701,0.003,3925,0.0000,0.0000,0.1617,1,1,0.118
12.249,0,0,1,-1.2333,-1.2333,-1.2415,-1.3924,-179.7998,0.0000,0.0000,0.0000,-1.2960,-1.1829,176.0682,0.035,3927,0.0000,0.0000,0.1593,1,1,0.121
12.349,0,0,1,-1.2333,-1.2333,-1.2411,-1.3958,-179.7565,0.0000,0.0000,0.0000,-1.2960,-1.1829,176.0691,0.003,3931,0.0000,0.0000,0.1627,1,1,0.118
12.450,0,0,1,-1.2333,-1.2333,-1.2419,-1.3933,-179.7953,0.0000,0.0000,0.0000,-1.2960,-1.1829,176.0687,0.034,3933,0.0000,0.0000,0.1602,1,1,0.121
12.550,0,0,1,-1.2333,-1.2333,-1.2414,-1.3967,-179.7513,0.0000,0.0000,0.0000,-1.2961,-1.1829,176.0679,0.003,3937,0.0000,0.0000,0.1636,1,1,0.120
12.650,0,0,1,-1.2333,-1.2333,-1.2423,-1.3942,-179.7879,0.0000,0.0000,0.0000,-1.2960,-1.1828,176.0685,0.038,3939,0.0000,0.0000,0.1611,1,1,0.119
12.749,0,0,1,-1.2333,-1.2333,-1.2418,-1.3975,-179.7427,0.0000,0.0000,0.0000,-1.2961,-1.1829,176.0688,0.003,3943,0.0000,0.0000,0.1644,1,1,0.125
12.849,0,0,1,-1.2333,-1.2333,-1.2426,-1.3949,-179.7820,0.0000,0.0000,0.0000,-1.2961,-1.1828,176.0681,0.034,3945,0.0000,0.0000,0.1619,1,1,0.119
12.950,0,0,1,-1.2333,-1.2333,-1.2428,-1.3954,-179.7774,0.0000,0.0000,0.0000,-1.2959,-1.1829,176.0733,0.009,3949,0.0000,0.0000,0.1624,1,1,0.125
13.049,0,0,1,-1.2333,-1.2333,-1.2429,-1.3957,-179.7728,0.0000,0.0000,0.0000,-1.2959,-1.1829,176.0727,0.038,3951,0.0000,0.0000,0.1626,1,1,0.117
13.149,0,0,1,-1.2333,-1.2333,-1.2424,-1.3989,-179.7269,0.0000,0.0000,0.0000,-1.1968,-1.6271,-175.6867,0.016,3954,0.0000,0.0000,0.1658,1,1,0.117
13.251,0,0,1,-1.2333,-1.2333,-1.2432,-1.3963,-179.7658,0.0000,0.0000,0.0000,-1.2960,-1.1828,176.0671,0.025,3957,0.0000,0.0000,0.1632,1,1,0.120
13.350,0,0,1,-1.2333,-1.2333,-1.2433,-1.3965,-179.7634,0.0000,0.0000,0.0000,-1.1967,-1.6271,-175.6842,0.056,3959,0.0000,0.0000,0.1635,1,1,0.120
13.449,0,0,1,-1.2333,-1.2333,-1.2434,-1.3970,-179.7625,0.0000,0.0000,0.0000,-1.1967,-1.6271,-175.6830,0.017,3963,0.0000,0.0000,0.1639,1,1,0.118
13.549,0,0,1,-1.2333,-1.2333,-1.2429,-1.4002,-179.7210,0.0000,0.0000,0.0000,-1.2960,-1.1828,176.0687,0.003,3967,0.0000,0.0000,0.1671,1,1,0.120
13.649,0,0,1,-1.2333,-1.2333,-1.2436,-1.3975,-179.7602,0.0000,0.0000,0.0000,-1.2961,-1.1828,176.0682,0.029,3969,0.0000,0.0000,0.1645,1,1,0.117
13.750,0,0,1,-1.2333,-1.2333,-1.2438,-1.3979,-179.7589,0.0000,0.0000,0.0000,-1.2961,-1.1828,176.0686,0.005,3973,0.0000,0.0000,0.1649,1,1,0.125
13.849,0,0,1,-1.2333,-1.2333,-1.2439,-1.3981,-179.7562,0.0000,0.0000,0.0000,-1.2960,-1.1828,176.0695,0.030,3975,0.0000,0.0000,0.1651,1,1,0.123
13.949,0,0,1,-1.2333,-1.2333,-1.2433,-1.4012,-179.7141,0.0000,0.0000,0.0000,-1.2960,-1.1828,176.0697,0.002,3979,0.0000,0.0000,0.1682,1,1,0.118
14.050,0,0,1,-1.2333,-1.2333,-1.2441,-1.3985,-179.7534,0.0000,0.0000,0.0000,-1.2960,-1.1829,176.0701,0.039,3981,0.0000,0.0000,0.1655,1,1,0.117
14.150,0,0,1,-1.2333,-1.2333,-1.2435,-1.4017,-179.7104,0.0000,0.0000,0.0000,-1.2961,-1.1828,176.0683,0.002,3985,0.0000,0.0000,0.1687,1,1,0.124
14.249,0,0,1,-1.2333,-1.2333,-1.2442,-1.3990,-179.7480,0.0000,0.0000,0.0000,-1.2961,-1.1828,176.0686,0.037,3987,0.0000,0.0000,0.1660,1,1,0.118
14.350,0,0,1,-1.2333,-1.2333,-1.2443,-1.3992,-179.7450,0.0000,0.0000,0.0000,-1.2961,-1.1828,176.0669,0.005,3991,0.0000,0.0000,0.1663,1,1,0.127
14.450,0,0,1,-1.2333,-1.2333,-1.2444,-1.3994,-179.7418,0.0000,0.0000,0.0000,-1.2961,-1.1828,176.0670,0.037,3993,0.0000,0.0000,0.1664,1,1,0.117
14.550,0,0,1,-1.2333,-1.2333,-1.2445,-1.3995,-179.7390,0.0000,0.0000,0.0000,-1.1966,-1.6272,-175.6851,0.053,3995,0.0000,0.0000,0.1666,1,1,0.117
14.650,0,0,1,-1.2333,-1.2333,-1.2445,-1.3998,-179.7383,0.0000,0.0000,0.0000,-1.2961,-1.1828,176.0673,0.011,3999,0.0000,0.0000,0.1668,1,1,0.122
14.751,0,0,1,-1.2333,-1.2333,-1.2440,-1.4029,-179.6957,0.0000,0.0000,0.0000,-1.1965,-1.6272,-175.6843,0.010,4002,0.0000,0.0000,0.1699,1,1,0.119
14.849,0,0,1,-1.2333,-1.2333,-1.2447,-1.4001,-179.7361,0.0000,0.0000,0.0000,-1.2961,-1.1828,176.0663,0.034,4005,0.0000,0.0000,0.1672,1,1,0.125
14.950,0,0,1,-1.2333,-1.2333,-1.2448,-1.4003,-179.7338,0.0000,0.0000,0.0000,-1.2961,-1.1828,176.0666,0.005,4009,0.0000,0.0000,0.1674,1,1,0.124
15.050,0,0,1,-1.2333,-1.2333,-1.2448,-1.4004,-179.7313,0.0000,0.0000,0.0000,-1.2961,-1.1828,176.0678,0.035,4011,0.0000,0.0000,0.1675,1,1,0.122
15.149,0,0,1,-1.2333,-1.2333,-1.2442,-1.4035,-179.6884,0.0000,0.0000,0.0000,-1.2961,-1.1828,176.0683,0.003,4015,0.0000,0.0000,0.1705,1,1,0.117
15.249,0,0,1,-1.2333,-1.2333,-1.2449,-1.4007,-179.7273,0.0000,0.0000,0.0000,-1.2961,-1.1828,176.0683,0.041,4017,0.0000,0.0000,0.1678,1,1,0.118
15.351,0,0,1,-1.2333,-1.2333,-1.2450,-1.4009,-179.7328,0.0000,0.0000,0.0000,-1.2961,-1.1828,176.0682,0.005,4021,0.0000,0.0000,0.1680,1,1,0.127
15.449,0,0,1,-1.2333,-1.2333,-1.2450,-1.4010,-179.7298,0.0000,0.0000,0.0000,-1.2961,-1.1828,176.0675,0.038,4023,0.0000,0.0000,0.1681,1,1,0.122
15.550,0,0,1,-1.2333,-1.2333,-1.2451,-1.4012,-179.7267,0.0000,0.0000,0.0000,-1.2961,-1.1828,176.0684,0.005,4027,0.0000,0.0000,0.1683,1,1,0.122
15.650,0,0,1,-1.2333,-1.2333,-1.2451,-1.4013,-179.7230,0.0000,0.0000,0.0000,-1.2961,-1.1828,176.0676,0.035,4029,0.0000,0.0000,0.1683,1,1,0.123
15.749,0,0,1,-1.2333,-1.2333,-1.2445,-1.4043,-179.6816,0.0000,0.0000,0.0000,-1.2961,-1.1828,176.0686,0.003,4033,0.0000,0.0000,0.1713,1,1,0.123
15.850,0,0,1,-1.2333,-1.2333,-1.2452,-1.4015,-179.7228,0.0000,0.0000,0.0000,-1.2962,-1.1827,176.0655,0.010,4035,0.0000,0.0000,0.1686,1,1,0.124
15.949,0,0,1,-1.2333,-1.2333,-1.2446,-1.4045,-179.6805,0.0000,0.0000,0.0000,-1.1962,-1.6272,-175.6814,0.013,4038,0.0000,0.0000,0.1716,1,1,0.120
16.049,0,0,1,-1.2333,-1.2333,-1.2453,-1.4017,-179.7224,0.0000,0.0000,0.0000,-1.2962,-1.1827,176.0672,0.024,4041,0.0000,0.0000,0.1688,1,1,0.124
16.151,0,0,1,-1.2333,-1.2333,-1.2453,-1.4018,-179.7191,0.0000,0.0000,0.0000,-1.2962,-1.1827,176.0665,0.003,4044,0.0000,0.0000,0.1689,1,1,0.119
16.249,0,0,1,-1.2333,-1.2333,-1.2454,-1.4019,-179.7187,0.0000,0.0000,0.0000,-1.2962,-1.1827,176.0667,0.036,4047,0.0000,0.0000,0.1690,1,1,0.117
16.349,0,0,1,-1.2333,-1.2333,-1.2448,-1.4049,-179.6761,0.0000,0.0000,0.0000,-1.2962,-1.1827,176.0668,0.002,4051,0.0000,0.0000,0.1720,1,1,0.120
16.450,0,0,1,-1.2333,-1.2333,-1.2454,-1.4021,-179.7145,0.0000,0.0000,0.0000,-1.2962,-1.1827,176.0669,0.040,4053,0.0000,0.0000,0.1692,1,1,0.122
16.550,0,0,1,-1.2333,-1.2333,-1.2455,-1.4022,-179.7127,0.0000,0.0000,0.0000,-1.2961,-1.1827,176.0688,0.005,4057,0.0000,0.0000,0.1693,1,1,0.119
16.650,0,0,1,-1.2333,-1.2333,-1.2455,-1.4023,-179.7120,0.0000,0.0000,0.0000,-1.2962,-1.1827,176.0675,0.038,4059,0.0000,0.0000,0.1694,1,1,0.122
16.751,0,0,1,-1.2333,-1.2333,-1.2455,-1.4024,-179.7124,0.0000,0.0000,0.0000,-1.2961,-1.1827,176.0688,0.005,4063,0.0000,0.0000,0.1695,1,1,0.126
16.850,0,0,1,-1.2333,-1.2333,-1.2456,-1.4024,-179.7085,0.0000,0.0000,0.0000,-1.2962,-1.1828,176.0677,0.036,4065,0.0000,0.0000,0.1696,1,1,0.123
16.949,0,1,0,-1.2333,-1.2333,-1.2449,-1.4054,-179.6669,0.0000,0.0000,0.0000,-1.2962,-1.1828,176.0690,0.003,4069,-0.0416,-0.0848,0.1725,1,1,0.121
17.049,0,1,0,-1.2333,-1.2333,-1.2425,-1.3967,-179.6524,0.0000,0.0000,0.0000,-1.2962,-1.1828,176.0680,0.039,4071,-0.0391,-0.0854,0.1636,1,1,0.124
17.150,0,1,0,-1.2333,-1.2333,-1.2383,-1.3919,-179.3261,0.0000,0.0000,0.0000,-1.1841,-1.6318,-175.1537,0.017,4074,-0.0398,-0.0841,0.1586,1,1,0.117
17.250,0,1,0,-1.2333,-1.2333,-1.2351,-1.3814,-179.6305,0.0000,0.0000,0.0000,-1.2904,-1.1695,176.4239,0.029,4077,-0.0370,-0.0845,0.1480,1,1,0.119
17.350,0,1,0,-1.2333,-1.2333,-1.2324,-1.3701,-179.9977,0.0000,0.0000,0.0000,-1.2872,-1.1647,176.2215,0.066,4078,0.0232,-0.0791,0.1368,1,1,0.141
17.449,0,1,0,-1.2333,-1.2333,-1.2349,-1.3567,179.8304,0.0000,0.0000,0.0000,-1.2803,-1.1557,175.8768,0.018,4080,0.0203,-0.0788,0.1234,1,1,0.143
17.549,0,1,0,-1.2333,-1.2333,-1.2364,-1.3466,179.5848,0.0000,0.0000,0.0000,-1.2808,-1.1433,175.7818,0.003,4082,-0.0173,-0.0839,0.1133,1,1,0.161
17.649,0,1,0,-1.2333,-1.2333,-1.2314,-1.3354,179.4346,0.0000,0.0000,0.0000,-1.2789,-1.1422,175.7147,0.037,4084,0.0130,-0.0715,0.1021,1,1,0.165
17.751,0,1,0,-1.2333,-1.2333,-1.2341,-1.3233,179.3979,0.0000,0.0000,0.0000,-1.2780,-1.1336,175.6193,0.007,4086,0.0186,-0.0539,0.0900,1,1,0.129
17.851,0,1,0,-1.2333,-1.2333,-1.2365,-1.3152,179.3302,0.0000,0.0000,0.0000,-1.2783,-1.1247,175.3894,0.039,4087,0.0162,-0.0479,0.0820,1,1,0.124
17.951,0,1,0,-1.2333,-1.2333,-1.2376,-1.3056,179.2566,0.0000,0.0000,0.0000,-1.2806,-1.1203,175.4919,0.007,4090,0.0145,-0.0409,0.0724,1,1,0.117
18.050,0,1,1,-1.2333,-0.6167,-1.2401,-1.2978,178.8649,0.0000,0.0000,0.0000,-1.2815,-1.1161,175.5504,0.036,4091,0.0300,-0.0707,0.6811,1,1,0.117
18.149,0,1,1,-1.2333,-0.6167,-1.2442,-1.2854,178.8859,0.0000,0.0000,0.0000,-1.2872,-1.1160,175.3646,0.005,4093,0.0293,-0.0707,0.6688,1,1,0.117
18.249,0,1,1,-1.2333,-0.6167,-1.2475,-1.2758,178.8737,0.0000,0.0000,0.0000,-1.2845,-1.1014,175.0964,0.040,4094,0.0288,-0.0707,0.6593,1,1,0.117
18.351,0,1,1,-1.2333,-0.6167,-1.2512,-1.2634,178.7967,0.0000,0.0000,0.0000,-1.2866,-1.0938,175.1331,0.007,4096,0.0282,-0.0706,0.6469,1,1,0.117
18.449,0,1,1,-1.2333,-0.6167,-1.2544,-1.2539,178.8974,0.0000,0.0000,0.0000,-1.2890,-1.0928,175.3690,0.038,4097,0.0277,-0.0706,0.6376,1,1,0.117
18.550,0,1,1,-1.2333,-0.6167,-1.2575,-1.2442,178.9779,0.0000,0.0000,0.0000,-1.2894,-1.0816,175.1818,0.068,4098,0.0271,-0.0706,0.6279,1,1,0.117
18.649,0,1,1,-1.2333,-0.6167,-1.2610,-1.2320,178.7689,0.0000,0.0000,0.0000,-1.2922,-1.0752,175.4287,0.013,4100,0.0265,-0.0706,0.6160,1,1,0.117
18.751,0,1,1,-1.2333,-0.6167,-1.2627,-1.2209,178.7830,0.0000,0.0000,0.0000,-1.2247,-0.9703,170.5626,0.046,4101,0.0261,-0.0706,0.6050,1,1,0.117
18.850,0,1,1,-1.2333,-0.6167,-1.2637,-1.2058,178.6285,0.0000,0.0000,0.0000,-1.2251,-0.9608,170.5412,0.029,4103,0.0258,-0.0706,0.5899,1,1,0.117
18.951,0,1,1,-1.2333,-0.6167,-1.2647,-1.1906,178.5164,0.0000,0.0000,0.0000,-1.2290,-0.9511,170.6974,0.007,4105,0.0255,-0.0706,0.5748,1,1,0.117
19.049,0,1,1,-1.2333,-0.6167,-1.2662,-1.1799,178.5997,0.0000,0.0000,0.0000,-1.2292,-0.9443,170.7704,0.037,4106,0.0251,-0.0706,0.5642,1,1,0.117
19.149,0,1,1,-1.2333,-0.6167,-1.2676,-1.1695,178.5709,0.0000,0.0000,0.0000,-1.2315,-0.9350,170.9597,0.003,4108,0.0248,-0.0706,0.5539,1,1,0.117
19.249,0,1,1,-1.2333,-0.6167,-1.2686,-1.1542,178.4339,0.0000,0.0000,0.0000,-1.2320,-0.9345,170.9421,0.033,4109,0.0244,-0.0705,0.5387,1,1,0.117
19.351,0,1,1,-1.2333,-0.6167,-1.2698,-1.1439,178.4250,0.0000,0.0000,0.0000,-1.2375,-0.9220,171.1594,0.002,4111,0.0241,-0.0705,0.5285,1,1,0.117
19.449,0,1,1,-1.2333,-0.6167,-1.2707,-1.1289,178.1589,0.0000,0.0000,0.0000,-1.2361,-0.9158,171.1971,0.033,4112,0.0237,-0.0705,0.5136,1,1,0.117
19.550,0,1,1,-1.2333,-0.6167,-1.2715,-1.1145,178.2016,0.0000,0.0000,0.0000,-1.2395,-0.9055,171.3965,0.006,4114,0.0233,-0.0705,0.4993,1,1,0.117
19.650,0,1,1,-1.2333,-0.6167,-1.2729,-1.1041,178.2167,0.0000,0.0000,0.0000,-1.2405,-0.9046,171.3602,0.034,4115,0.0229,-0.0704,0.4890,1,1,0.117
19.750,0,1,1,-1.2333,-0.6167,-1.2743,-1.0935,178.5638,0.0000,0.0000,0.0000,-1.2417,-0.8904,171.6433,0.002,4117,0.0224,-0.0704,0.4786,1,1,0.117
19.849,0,1,1,-1.2333,-0.6167,-1.2748,-1.0795,178.2875,0.0000,0.0000,0.0000,-1.2395,-0.8824,171.7482,0.033,4118,0.0221,-0.0704,0.4647,1,1,0.117
19.949,0,1,1,-1.2333,-0.6167,-1.2760,-1.0690,178.4609,0.0000,0.0000,0.0000,-1.2415,-0.8808,171.6786,0.045,4119,0.0216,-0.0704,0.4544,1,1,0.117
20.050,0,1,1,-1.2333,-0.6167,-1.2765,-1.0553,178.2927,0.0000,0.0000,0.0000,-1.2465,-0.8688,172.0086,0.027,4121,0.0212,-0.0703,0.4407,1,1,0.117
20.150,0,1,1,-1.2333,-0.6167,-1.2777,-1.0449,178.5304,0.0000,0.0000,0.0000,-1.2475,-0.8655,171.9844,0.054,4122,0.0207,-0.0703,0.4305,1,1,0.117
20.250,0,1,1,-1.2333,-0.6167,-1.2781,-1.0315,178.2690,0.0000,0.0000,0.0000,-1.2478,-0.8571,172.2702,0.020,4124,0.0202,-0.0702,0.4173,1,1,0.117
20.350,0,1,1,-1.2333,-0.6167,-1.2791,-1.0220,178.4755,0.0000,0.0000,0.0000,-1.2495,-0.8557,172.2074,0.003,4126,0.0197,-0.0702,0.4079,1,1,0.117
20.449,0,1,1,-1.2333,-0.6167,-1.2738,-1.0099,178.1933,0.0000,0.0000,0.0000,-0.9444,-0.9344,154.8650,0.035,4127,0.0207,-0.0703,0.3953,1,1,0.117
20.551,0,1,1,-1.2333,-0.6167,-1.2625,-0.9995,177.6362,0.0000,0.0000,0.0000,-0.9360,-0.9285,154.4211,0.005,4129,0.0234,-0.0705,0.3839,1,1,0.117
20.650,0,1,1,-1.2333,-0.6167,-1.2579,-0.9912,177.2489,0.0000,0.0000,0.0000,-0.9351,-0.9216,154.6974,0.036,4130,0.0244,-0.0705,0.3753,1,1,0.117
20.751,0,1,1,-1.2333,-0.6167,-1.2473,-0.9808,177.0092,0.0000,0.0000,0.0000,-0.9336,-0.9078,154.8725,0.006,4132,0.0271,-0.0706,0.3644,1,1,0.117
20.849,0,1,1,-1.2333,-0.6167,-1.2432,-0.9724,177.1381,0.0000,0.0000,0.0000,-0.9298,-0.9049,154.8738,0.034,4133,0.0282,-0.0706,0.3559,1,1,0.117
20.950,0,1,1,-1.2333,-0.6167,-1.2389,-0.9644,177.0195,0.0000,0.0000,0.0000,-0.9095,-0.8973,154.4359,0.003,4135,0.0294,-0.0707,0.3478,1,1,0.117
21.049,0,1,1,-1.2333,-0.6167,-1.2286,-0.9539,176.6644,0.0000,0.0000,0.0000,-0.9118,-0.8942,154.3906,0.035,4136,0.0313,-0.0717,0.3373,1,1,0.120
21.151,0,1,1,-1.2333,-0.6167,-1.2182,-0.9437,176.5511,0.0000,0.0000,0.0000,-0.8949,-0.8857,154.1673,0.005,4138,0.0356,-0.0705,0.3274,1,1,0.117
21.250,0,1,1,-1.2333,-0.6167,-1.2144,-0.9355,176.4994,0.0000,0.0000,0.0000,-0.8840,-0.8832,153.8894,0.033,4139,0.0337,-0.0736,0.3194,1,1,0.126
21.353,0,1,1,-1.2333,-0.6167,-1.2106,-0.9269,176.5554,0.0000,0.0000,0.0000,-0.8819,-0.8792,153.8971,0.067,4140,0.0372,-0.0713,0.3110,1,1,0.120
21.449,0,1,1,-1.2333,-0.6167,-1.2003,-0.9170,176.3175,0.0000,0.0000,0.0000,-0.8751,-0.8646,154.1175,0.007,4142,0.0412,-0.0706,0.3021,1,1,0.119
21.551,0,1,1,-1.2333,-0.6167,-1.1968,-0.9084,176.3794,0.0000,0.0000,0.0000,-0.8617,-0.8642,153.6061,0.029,4143,0.0409,-0.0721,0.2940,1,1,0.124
21.649,0,1,1,-1.2333,-0.6167,-1.1860,-0.8988,176.1243,0.0000,0.0000,0.0000,-0.8447,-0.8569,153.2353,0.017,4145,0.0397,-0.0768,0.2861,1,1,0.139
21.750,0,1,1,-1.2333,-0.6167,-1.1824,-0.8899,176.2619,0.0000,0.0000,0.0000,-0.8397,-0.8531,153.2413,0.069,4146,0.0394,-0.0786,0.2779,1,1,0.145
21.850,0,1,1,-1.2333,-0.6167,-1.1716,-0.8802,175.9194,0.0000,0.0000,0.0000,-0.8220,-0.8553,154.3667,0.023,4148,0.0389,-0.0825,0.2707,1,1,0.159
21.951,0,1,1,-1.2333,-0.6167,-1.1674,-0.8721,176.2431,0.0000,0.0000,0.0000,-0.7865,-0.8588,156.6098,0.003,4150,0.0411,-0.0819,0.2638,1,1,0.159
22.049,0,1,1,-1.2333,-0.6167,-1.1557,-0.8626,176.3125,0.0000,0.0000,0.0000,-0.7338,-0.8619,159.8969,0.032,4151,0.0543,-0.0722,0.2579,1,1,0.136
22.150,0,1,1,-1.2333,-0.6167,-1.1579,-0.8302,176.3214,0.0000,0.0000,0.0000,-1.0835,0.5264,160.6359,0.005,4153,0.0582,-0.0704,0.2265,1,1,0.134
22.250,0,1,1,-1.2333,-0.6167,-1.1595,-0.7733,176.3664,0.0000,0.0000,0.0000,-1.0847,0.5226,161.0906,0.038,4154,0.0657,-0.0682,0.1732,1,1,0.139
22.350,0,1,1,-1.2333,-0.6167,-1.1626,-0.7420,176.3974,0.0000,0.0000,0.0000,-1.0864,0.5183,161.5502,0.073,4155,0.0355,-0.0863,0.1439,1,1,0.170
22.449,0,1,1,-1.2333,-0.6167,-1.1618,-0.6883,176.5369,0.0000,0.0000,0.0000,-1.0895,0.5113,162.1778,0.038,4157,0.0492,-0.0564,0.1013,1,1,0.178
22.551,0,1,1,-1.2333,-0.6167,-1.1759,-0.6846,177.4211,0.0000,0.0000,0.0000,-1.4103,-0.7443,-174.5509,0.008,4159,0.0340,-0.0536,0.0890,1,1,0.164
22.650,0,1,1,-1.2333,-0.6167,-1.1836,-0.6806,177.8283,0.0000,0.0000,0.0000,-1.4118,-0.7401,-174.3868,0.008,4160,0.0283,-0.0505,0.0810,1,1,0.162
22.749,0,1,1,-1.2333,-0.6167,-1.1910,-0.6768,178.2835,0.0000,0.0000,0.0000,-1.4118,-0.7378,-174.2059,0.050,4161,0.0229,-0.0475,0.0735,1,1,0.160
22.850,0,1,2,-0.6167,-0.6167,-1.2002,-0.6757,178.7670,0.0000,0.0000,0.0000,-1.4128,-0.7315,-173.8706,0.030,4163,-0.1208,-0.0117,0.5865,1,1,0.157
22.951,0,1,2,-0.6167,-0.6167,-1.1982,-0.6769,179.1198,0.0000,0.0000,0.0000,-1.4143,-0.7277,-173.7942,0.007,4165,-0.1168,-0.0119,0.5846,1,1,0.165
23.050,0,1,2,-0.6167,-0.6167,-1.1913,-0.6771,179.7238,0.0000,0.0000,0.0000,-1.4058,-0.7288,-173.6284,0.038,4166,-0.1088,-0.0121,0.5778,1,1,0.181
23.149,0,1,2,-0.6167,-0.6167,-1.1856,-0.6770,179.7795,0.0000,0.0000,0.0000,-1.3862,-0.7245,-173.3308,0.003,4168,-0.1143,-0.0122,0.5721,1,1,0.170
23.250,0,1,2,-0.6167,-0.6167,-1.1822,-0.6782,179.9705,0.0000,0.0000,0.0000,-1.3800,-0.7219,-173.4316,0.037,4169,-0.0738,0.0130,0.5689,1,1,0.128
23.351,0,1,2,-0.6167,-0.6167,-1.1762,-0.6483,179.7122,0.0000,0.0000,0.0000,-1.2433,0.1763,171.1112,0.007,4171,-0.0704,0.0221,0.5604,1,1,0.117
23.449,0,1,2,-0.6167,-0.6167,-1.1704,-0.6354,179.4573,0.0000,0.0000,0.0000,-1.2430,0.1748,171.2219,0.034,4172,-0.0705,0.0243,0.5540,1,1,0.117
23.551,0,1,2,-0.6167,-0.6167,-1.1654,-0.6085,179.1330,0.0000,0.0000,0.0000,-1.2429,0.1781,170.8921,0.007,4174,-0.0707,0.0292,0.5488,1,1,0.117
23.650,0,1,2,-0.6167,-0.6167,-1.1598,-0.5971,179.0119,0.0000,0.0000,0.0000,-1.2430,0.1780,170.8503,0.037,4175,-0.0706,0.0313,0.5435,1,1,0.117
23.749,0,1,2,-0.6167,-0.6167,-1.1573,-0.5868,179.1866,0.0000,0.0000,0.0000,-1.2413,0.1767,170.8795,0.004,4178,-0.0706,0.0332,0.5414,1,1,0.117
23.850,0,1,2,-0.6167,-0.6167,-1.1547,-0.5648,179.0478,0.0000,0.0000,0.0000,-1.2401,0.1761,170.8771,0.037,4180,-0.0703,0.0373,0.5406,1,1,0.117
23.950,0,1,2,-0.6167,-0.6167,-1.1575,-0.5608,179.3443,0.0000,0.0000,0.0000,-1.2799,-0.6304,-173.2622,0.019,4184,-0.0752,0.0330,0.5438,1,1,0.131
24.050,0,1,2,-0.6167,-0.6167,-1.1596,-0.5467,179.5299,0.0000,0.0000,0.0000,-1.3583,-0.7222,-172.6382,0.008,4189,-0.0821,0.0285,0.5474,1,1,0.151
24.149,0,1,2,-0.6167,-0.6167,-1.1524,-0.5396,179.6187,0.0000,0.0000,0.0000,-1.2798,-0.6290,-173.3443,0.055,4191,-0.1371,0.0283,0.5413,1,1,0.118
24.250,0,1,2,-0.6167,-0.6167,-1.1460,-0.5384,179.7206,0.0000,0.0000,0.0000,-1.3380,-0.7276,-172.9146,0.003,4196,-0.1375,0.0289,0.5351,1,1,0.117
24.350,0,1,2,-0.6167,-0.6167,-1.1456,-0.5558,-179.8742,0.0000,0.0000,0.0000,-1.2376,-0.6523,-173.0484,0.010,4201,-0.1369,0.0253,0.5324,1,1,0.119
24.450,0,1,2,-0.6167,-0.6167,-1.1428,-0.5693,-179.7568,0.0000,0.0000,0.0000,-1.3067,-0.7328,-173.2009,0.006,4206,-0.0692,0.0200,0.5282,1,1,0.134
24.550,0,1,2,-0.6167,-0.6167,-1.1411,-0.5800,-179.5931,0.0000,0.0000,0.0000,-1.2474,-0.7472,-173.9825,0.008,4211,-0.1382,0.0212,0.5257,1,1,0.117
24.650,0,1,2,-0.6167,-0.6167,-1.1364,-0.5889,-179.6409,0.0000,0.0000,0.0000,-1.2834,-0.7356,-173.6790,0.010,4215,-0.0616,0.0196,0.5205,1,1,0.117
24.749,0,1,2,-0.6167,-0.6167,-1.1356,-0.5957,-179.6814,0.0000,0.0000,0.0000,-1.2267,-0.7493,-174.2733,0.003,4220,-0.0616,0.0183,0.5194,1,1,0.117
24.850,0,1,2,-0.6167,-0.6167,-1.1353,-0.6056,-179.7543,0.0000,0.0000,0.0000,-1.2648,-0.7395,-174.3906,0.008,4224,-0.0617,0.0164,0.5188,1,1,0.117
24.951,0,1,2,-0.6167,-0.6167,-1.1332,-0.6113,-179.6981,0.0000,0.0000,0.0000,-1.2207,-0.7493,-174.7637,0.003,4229,-0.0617,0.0153,0.5166,1,1,0.117
25.051,0,1,2,-0.6167,-0.6167,-1.1329,-0.6195,-179.6546,0.0000,0.0000,0.0000,-1.2536,-0.7429,-174.3995,0.011,4233,-0.0616,0.0137,0.5162,1,1,0.117
25.151,0,1,2,-0.6167,-0.6167,-1.1297,-0.6251,-179.8785,0.0000,0.0000,0.0000,-1.1542,-0.6663,-174.8127,0.020,4237,-0.0616,0.0126,0.5131,1,1,0.117
25.249,0,1,2,-0.6167,-0.6167,-1.1285,-0.6327,-179.8375,0.0000,0.0000,0.0000,-1.2406,-0.7460,-175.1129,0.010,4242,-0.0615,0.0111,0.5120,1,1,0.117
25.351,0,1,2,-0.6167,-0.6167,-1.1248,-0.6368,-179.9125,0.0000,0.0000,0.0000,-1.2351,-0.7465,-175.3614,0.047,4245,-0.0615,0.0103,0.5085,1,1,0.117
25.451,0,1,2,-0.6167,-0.6167,-1.1236,-0.6435,179.9809,0.0000,0.0000,0.0000,-1.2288,-0.7479,-175.5160,0.005,4251,-0.0614,0.0090,0.5076,1,1,0.117
25.551,0,1,2,-0.6167,-0.6167,-1.1200,-0.6470,-179.9183,0.0000,0.0000,0.0000,-1.1552,-0.6462,-176.3044,0.003,4255,-0.0618,0.0080,0.5043,1,1,0.118
25.650,0,1,2,-0.6167,-0.6167,-1.1175,-0.6515,-179.8683,0.0000,0.0000,0.0000,-1.1552,-0.6452,-176.3800,0.006,4259,-0.0613,0.0073,0.5020,1,1,0.117
25.749,0,1,2,-0.6167,-0.6167,-1.1153,-0.6555,-179.9332,0.0000,0.0000,0.0000,-1.1535,-0.6468,-176.6840,0.007,4264,-0.0654,0.0048,0.5002,1,1,0.126
25.850,0,1,2,-0.6167,-0.6167,-1.1128,-0.6603,-179.9566,0.0000,0.0000,0.0000,-1.2052,-0.7514,-176.0241,0.009,4269,-0.0676,0.0028,0.4981,1,1,0.131
25.952,0,1,2,-0.6167,-0.6167,-1.1077,-0.6624,-179.9687,0.0000,0.0000,0.0000,-1.1533,-0.6396,-177.2118,0.010,4273,-0.1167,0.0064,0.4931,1,1,0.151
26.050,0,1,2,-0.6167,-0.6167,-1.1002,-0.6669,-179.9311,0.0000,0.0000,0.0000,-1.1896,-0.7520,-176.3322,0.011,4278,-0.1180,0.0068,0.4862,1,1,0.147
26.150,0,1,2,-0.6167,-0.6167,-1.0920,-0.6692,-179.8288,0.0000,0.0000,0.0000,-1.1528,-0.6330,-177.6629,0.011,4282,-0.1225,0.0107,0.4782,1,1,0.134
26.250,0,1,2,-0.6167,-0.6167,-1.0830,-0.6736,-179.9670,0.0000,0.0000,0.0000,-1.1664,-0.7545,-176.5094,0.012,4287,-0.1284,0.0156,0.4698,1,1,0.117
26.350,0,1,2,-0.6167,-0.6167,-1.0736,-0.6762,-179.9557,0.0000,0.0000,0.0000,-1.1517,-0.6187,-178.6363,0.009,4291,-0.1283,0.0148,0.4608,1,1,0.117
26.450,0,1,2,-0.6167,-0.6167,-1.0642,-0.6801,179.8883,0.0000,0.0000,0.0000,-1.1387,-0.7589,-177.0501,0.010,4296,-0.1281,0.0137,0.4521,1,1,0.117
26.551,0,1,2,-0.6167,-0.6167,-1.0551,-0.6823,179.7883,0.0000,0.0000,0.0000,-0.6789,-0.9062,-168.6002,0.013,4300,-0.1280,0.0129,0.4433,1,1,0.117
26.650,0,1,2,-0.6167,-0.6167,-1.0352,-0.6918,179.9842,0.0000,0.0000,0.0000,-1.1149,-0.7609,-177.2227,0.013,4305,-0.1275,0.0101,0.4252,1,1,0.117
26.751,0,1,2,-0.6167,-0.6167,-1.0147,-0.6990,-179.9193,0.0000,0.0000,0.0000,-0.5993,-0.9176,-167.7556,0.005,4309,-0.1269,0.0075,0.4064,1,1,0.117
26.850,0,1,2,-0.6167,-0.6167,-0.9999,-0.7042,-179.9799,0.0000,0.0000,0.0000,-1.0584,-0.7735,-176.8580,0.017,4313,-0.1265,0.0055,0.3931,1,1,0.117
26.950,0,1,2,-0.6167,-0.6167,-0.9848,-0.7090,179.9686,0.0000,0.0000,0.0000,-1.0809,-0.7648,-177.4840,0.019,4317,-0.1206,-0.0019,0.3795,1,1,0.132
27.050,0,1,2,-0.6167,-0.6167,-0.9713,-0.7129,179.9994,0.0000,0.0000,0.0000,-0.4639,-0.9288,-166.1727,0.004,4322,-0.1081,-0.0157,0.3675,1,1,0.166
27.150,0,1,2,-0.6167,-0.6167,-0.9517,-0.7177,-179.9209,0.0000,0.0000,0.0000,-1.0575,-0.7658,-177.8579,0.032,4326,-0.1020,-0.0237,0.3499,1,1,0.181
27.251,0,1,2,-0.6167,-0.6167,-0.9319,-0.7218,-179.9755,0.0000,0.0000,0.0000,-1.0416,-0.7650,-178.4095,0.014,4332,-0.0943,-0.0332,0.3323,1,1,0.205
27.350,0,1,2,-0.6167,-0.6167,-0.9180,-0.7226,-179.9835,0.0000,0.0000,0.0000,-0.3194,-0.9272,-164.6586,0.011,4336,-0.1164,-0.0121,0.3194,1,1,0.136
27.451,0,1,2,-0.6167,-0.6167,-0.9000,-0.7276,179.8664,0.0000,0.0000,0.0000,-1.0203,-0.7603,-178.7925,0.009,4341,-0.0904,-0.0430,0.3042,1,1,0.189
27.550,0,1,2,-0.6167,-0.6167,-0.8851,-0.7278,179.9153,0.0000,0.0000,0.0000,-0.1426,-0.9080,-162.1067,0.003,4345,-0.1137,-0.0178,0.2906,1,1,0.138
27.650,0,1,2,-0.6167,-0.6167,-0.8621,-0.7307,-179.9409,0.0000,0.0000,0.0000,-0.9994,-0.7560,-179.0530,0.009,4350,-0.1144,-0.0192,0.2707,1,1,0.131
27.749,0,1,2,-0.6167,-0.6167,-0.8511,-0.7320,179.9632,0.0000,0.0000,0.0000,-0.5344,-0.9675,-170.2421,0.007,4354,-0.1138,-0.0208,0.2613,1,1,0.130
27.850,0,1,2,-0.6167,-0.6167,-0.8417,-0.7327,179.9100,0.0000,0.0000,0.0000,-0.9826,-0.7466,-179.0621,0.013,4359,-0.1118,-0.0236,0.2532,1,1,0.133
27.950,0,1,2,-0.6167,-0.6167,-0.8356,-0.7300,179.8396,0.0000,0.0000,0.0000,-0.9262,-0.6780,179.7828,0.013,4363,-0.1100,-0.0255,0.2466,1,1,0.138
28.050,0,1,2,-0.6167,-0.6167,-0.8297,-0.7281,179.7057,0.0000,0.0000,0.0000,-0.9553,-0.7445,-179.4966,0.010,4368,-0.1105,-0.0252,0.2404,1,1,0.136
28.151,0,1,2,-0.6167,-0.6167,-0.8220,-0.7258,179.6576,0.0000,0.0000,0.0000,-0.9500,-0.7424,-179.5291,0.040,4371,-0.1130,-0.0229,0.2326,1,1,0.128
28.251,0,1,2,-0.6167,-0.6167,-0.8158,-0.7236,179.5234,0.0000,0.0000,0.0000,-0.9335,-0.7421,-179.8288,0.010,4375,-0.1064,-0.0296,0.2260,1,1,0.146
28.349,0,1,2,-0.6167,-0.6167,-0.8114,-0.7207,179.4760,0.0000,0.0000,0.0000,-0.9273,-0.7396,-179.8257,0.025,4380,-0.1055,-0.0305,0.2208,1,1,0.149
28.450,0,1,2,-0.6167,-0.6167,-0.8053,-0.7173,179.3366,0.0000,0.0000,0.0000,-0.8764,-0.7730,-178.5375,0.023,4385,-0.1062,-0.0298,0.2138,1,1,0.147
28.550,0,1,2,-0.6167,-0.6167,-0.8012,-0.7140,179.5432,0.0000,0.0000,0.0000,-0.8590,-0.7657,-178.6142,0.003,4391,-0.1103,-0.0254,0.2087,1,1,0.136
28.650,0,1,2,-0.6167,-0.6167,-0.7941,-0.7117,179.3770,0.0000,0.0000,0.0000,-0.8915,-0.7255,-179.6908,0.014,4395,-0.0854,-0.0486,0.2013,1,1,0.196
28.752,0,1,2,-0.6167,-0.6167,-0.7892,-0.7065,179.2535,0.0000,0.0000,0.0000,-0.8451,-0.7602,-178.7174,0.003,4400,-0.0804,-0.0476,0.1945,1,1,0.185
28.851,0,1,2,-0.6167,-0.6167,-0.7853,-0.7027,179.3494,0.0000,0.0000,0.0000,-0.8726,-0.7219,179.9689,0.014,4404,-0.0897,-0.0455,0.1893,1,1,0.196
28.952,0,1,2,-0.6167,-0.6167,-0.7801,-0.6967,179.2786,0.0000,0.0000,0.0000,-0.8192,-0.7455,-178.9779,0.003,4409,-0.0976,-0.0370,0.1820,1,1,0.176
29.051,0,1,2,-0.6167,-0.6167,-0.7742,-0.6938,179.3227,0.0000,0.0000,0.0000,-0.8559,-0.7083,-179.8703,0.014,4413,-0.1053,-0.0292,0.1754,1,1,0.154
29.153,0,1,2,-0.6167,-0.6167,-0.7673,-0.6898,179.2875,0.0000,0.0000,0.0000,-0.9062,-0.6025,176.3993,0.015,4417,-0.1090,-0.0253,0.1675,1,1,0.144
29.250,0,1,2,-0.6167,-0.6167,-0.7606,-0.6879,179.2260,0.0000,0.0000,0.0000,-0.8336,-0.7037,179.8772,0.013,4422,-0.1080,-0.0267,0.1606,1,1,0.146
29.352,0,1,2,-0.6167,-0.6167,-0.7538,-0.6840,179.2003,0.0000,0.0000,0.0000,-0.9047,-0.5925,175.6248,0.011,4426,-0.1106,-0.0240,0.1527,1,1,0.139
29.453,0,1,2,-0.6167,-0.6167,-0.7459,-0.6817,179.1608,0.0000,0.0000,0.0000,-0.7660,-0.7253,-179.3832,0.008,4430,-0.1084,-0.0266,0.1447,1,1,0.144
29.550,0,1,2,-0.6167,-0.6167,-0.7392,-0.6795,179.2107,0.0000,0.0000,0.0000,-0.8079,-0.6960,179.9512,0.044,4434,-0.0999,-0.0354,0.1377,1,1,0.167
29.651,0,1,2,-0.6167,-0.6167,-0.7306,-0.6756,179.2070,0.0000,0.0000,0.0000,-0.8367,-0.6227,176.7396,0.018,4439,-0.0969,-0.0385,0.1283,1,1,0.175
29.752,0,1,2,-0.6167,-0.6167,-0.7232,-0.6722,179.2232,0.0000,0.0000,0.0000,-0.7838,-0.6951,179.5890,0.024,4443,-0.0961,-0.0342,0.1202,1,1,0.166
29.850,0,1,2,-0.6167,-0.6167,-0.7160,-0.6687,179.3614,0.0000,0.0000,0.0000,-0.6885,-0.6920,178.7723,0.020,4448,-0.0906,-0.0312,0.1122,1,1,0.163
29.950,0,1,2,-0.6167,-0.6167,-0.7107,-0.6655,179.1740,0.0000,0.0000,0.0000,-0.6783,-0.6905,179.1525,0.003,4454,-0.0923,-0.0226,0.1060,1,1,0.141
30.051,0,1,2,-0.6167,-0.6167,-0.7024,-0.6631,179.1967,0.0000,0.0000,0.0000,-0.7533,-0.6775,-179.9938,0.013,4458,-0.0829,-0.0234,0.0975,1,1,0.146
30.151,0,1,2,-0.6167,-0.6167,-0.6962,-0.6608,179.2256,0.0000,0.0000,0.0000,-0.6562,-0.6779,178.9184,0.003,4463,-0.0762,-0.0232,0.0910,1,1,0.149
30.251,0,1,2,-0.6167,-0.6167,-0.6907,-0.6575,179.0601,0.0000,0.0000,0.0000,-0.7321,-0.6709,-179.8626,0.011,4467,-0.0709,-0.0215,0.0846,1,1,0.149
30.350,0,1,2,-0.6167,-0.6167,-0.6919,-0.6521,179.0861,0.0000,0.0000,0.0000,-0.6497,-0.6799,179.1622,0.003,4472,-0.0792,-0.0098,0.0831,1,1,0.117
30.451,0,1,2,-0.6167,-0.6167,-0.6821,-0.6558,179.1891,0.0000,0.0000,0.0000,-0.7229,-0.6681,-179.9050,0.009,4476,-0.0697,-0.0143,0.0762,1,1,0.117
30.550,0,1,3,-0.6167,0.0000,-0.6762,-0.6547,179.0029,0.0000,0.0000,0.0000,-0.6394,-0.6791,179.4242,0.007,4479,0.0198,-0.0884,0.6574,1,1,0.141
30.650,0,1,3,-0.6167,0.0000,-0.6743,-0.6471,178.6520,0.0000,0.0000,0.0000,-0.7128,-0.6729,179.5292,0.015,4482,-0.0366,-0.0704,0.6496,1,1,0.117
30.750,0,1,3,-0.6167,0.0000,-0.6706,-0.6406,178.6552,0.0000,0.0000,0.0000,-0.7107,-0.6654,179.3088,0.041,4484,-0.0361,-0.0704,0.6428,1,1,0.117
30.852,0,1,3,-0.6167,0.0000,-0.6667,-0.6347,178.3137,0.0000,0.0000,0.0000,-0.7083,-0.6511,179.2193,0.010,4488,-0.0356,-0.0705,0.6366,1,1,0.117
30.951,0,1,3,-0.6167,0.0000,-0.6605,-0.6312,177.8670,0.0000,0.0000,0.0000,-0.7079,-0.6444,179.0217,0.021,4491,-0.0346,-0.0705,0.6327,1,1,0.117
31.050,0,1,3,-0.6167,0.0000,-0.6565,-0.6250,177.8078,0.0000,0.0000,0.0000,-0.6206,-0.6507,177.2937,0.017,4494,-0.0341,-0.0705,0.6263,1,1,0.117
31.150,0,1,3,-0.6167,0.0000,-0.6538,-0.6192,177.8935,0.0000,0.0000,0.0000,-0.6051,-0.6411,176.7466,0.003,4498,-0.0337,-0.0706,0.6203,1,1,0.117
31.251,0,1,3,-0.6167,0.0000,-0.6499,-0.6125,178.0525,0.0000,0.0000,0.0000,-0.6974,-0.6257,178.5919,0.007,4501,-0.0331,-0.0706,0.6134,1,1,0.117
31.349,0,1,3,-0.6167,0.0000,-0.6467,-0.6066,178.2626,0.0000,0.0000,0.0000,-0.6955,-0.6206,178.6143,0.039,4503,-0.0327,-0.0706,0.6073,1,1,0.117
31.449,0,1,3,-0.6167,0.0000,-0.6430,-0.5998,178.3271,0.0000,0.0000,0.0000,-0.6895,-0.6148,178.7453,0.006,4507,-0.0321,-0.0706,0.6004,1,1,0.117
31.549,0,1,3,-0.6167,0.0000,-0.6383,-0.5849,178.3403,0.0000,0.0000,0.0000,-0.4202,0.1846,160.5493,0.007,4510,-0.0314,-0.0706,0.5853,1,1,0.117
31.651,0,1,3,-0.6167,0.0000,-0.6331,-0.5691,177.5006,0.0000,0.0000,0.0000,-0.6829,-0.5994,178.4551,0.009,4512,-0.0306,-0.0706,0.5693,1,1,0.117
31.751,0,1,3,-0.6167,0.0000,-0.6303,-0.5624,176.8160,0.0000,0.0000,0.0000,-0.6853,-0.5908,178.1358,0.042,4513,-0.0301,-0.0707,0.5625,1,1,0.117
31.850,0,1,3,-0.6167,0.0000,-0.6283,-0.5561,175.8850,0.0000,0.0000,0.0000,-0.6806,-0.5755,177.0474,0.013,4515,-0.0298,-0.0707,0.5562,1,1,0.117
31.951,0,1,3,-0.6167,0.0000,-0.6256,-0.5494,175.2743,0.0000,0.0000,0.0000,-0.6861,-0.5673,176.6611,0.040,4516,-0.0293,-0.0707,0.5495,1,1,0.117
32.050,0,1,3,-0.6167,0.0000,-0.6237,-0.5432,174.7659,0.0000,0.0000,0.0000,-0.6807,-0.5658,175.3078,0.009,4518,-0.0237,-0.0760,0.5433,1,1,0.132
32.151,0,1,3,-0.6167,0.0000,-0.6229,-0.5352,174.5730,0.0000,0.0000,0.0000,-0.6839,-0.5607,175.0706,0.038,4519,0.0355,-0.1000,0.5352,1,1,0.130
32.250,0,1,3,-0.6167,0.0000,-0.6271,-0.5257,174.7684,0.0000,0.0000,0.0000,-0.6836,-0.5531,174.8232,0.013,4521,0.0412,-0.1000,0.5258,1,1,0.117
32.354,0,1,3,-0.6167,0.0000,-0.6310,-0.5158,175.4884,0.0000,0.0000,0.0000,-0.6837,-0.5527,174.8071,0.040,4522,0.0404,-0.1000,0.5160,1,1,0.117
32.449,0,1,3,-0.6167,0.0000,-0.6350,-0.5061,176.1259,0.0000,0.0000,0.0000,-0.6906,-0.5425,175.4807,0.054,4523,0.0270,-0.1000,0.5065,1,1,0.142
32.550,0,1,3,-0.6167,0.0000,-0.6387,-0.4969,176.7304,0.0000,0.0000,0.0000,-0.6912,-0.5283,176.2860,0.019,4525,0.0252,-0.1000,0.4974,1,1,0.144
32.650,0,1,3,-0.6167,0.0000,-0.6422,-0.4879,177.1959,0.0000,0.0000,0.0000,-0.6908,-0.5202,176.7144,0.013,4527,0.0278,-0.1129,0.4886,1,1,0.132
32.750,0,1,3,-0.6167,0.0000,-0.6450,-0.4773,177.3662,0.0000,0.0000,0.0000,-0.6939,-0.5112,177.1526,0.040,4528,0.0172,-0.0999,0.4781,1,1,0.157
32.850,0,1,3,-0.6167,0.0000,-0.6483,-0.4675,177.9804,0.0000,0.0000,0.0000,-0.6974,-0.5002,177.5304,0.010,4530,0.0286,-0.1138,0.4686,1,1,0.127
32.951,0,1,3,-0.6167,0.0000,-0.6464,-0.4631,177.9412,0.0000,0.0000,0.0000,-0.4856,-0.6875,-178.3311,0.012,4533,-0.0431,-0.0840,0.4640,1,1,0.117
33.050,0,1,3,-0.6167,0.0000,-0.6466,-0.4569,178.2573,0.0000,0.0000,0.0000,-0.7013,-0.4716,178.0991,0.014,4536,0.0334,-0.0840,0.4579,1,1,0.117
33.151,0,1,3,-0.6167,0.0000,-0.6482,-0.4499,178.2660,0.0000,0.0000,0.0000,-0.8572,-0.3846,169.7708,0.011,4539,0.0330,-0.0840,0.4510,1,1,0.117
33.251,0,1,3,-0.6167,0.0000,-0.6549,-0.4412,178.4492,0.0000,0.0000,0.0000,-0.7043,-0.4537,178.2194,0.012,4542,0.0316,-0.0839,0.4428,1,1,0.117
33.350,0,1,3,-0.6167,0.0000,-0.6625,-0.4321,178.4428,0.0000,0.0000,0.0000,-0.8069,-0.4041,171.6653,0.014,4545,0.0294,-0.0837,0.4345,1,1,0.117
33.451,0,1,3,-0.6167,0.0000,-0.6684,-0.4234,178.4616,0.0000,0.0000,0.0000,-0.7093,-0.4384,178.2470,0.009,4548,0.0278,-0.0836,0.4266,1,1,0.117
33.550,0,1,3,-0.6167,0.0000,-0.6752,-0.4141,178.3324,0.0000,0.0000,0.0000,-0.8094,-0.3825,171.6130,0.012,4551,0.0260,-0.0833,0.4182,1,1,0.117
33.650,0,1,3,-0.6167,0.0000,-0.6799,-0.4055,178.2635,0.0000,0.0000,0.0000,-0.8095,-0.3826,171.7178,0.029,4553,0.0246,-0.0832,0.4104,1,1,0.117
33.750,0,1,3,-0.6167,0.0000,-0.6845,-0.3971,178.1744,0.0000,0.0000,0.0000,-0.7138,-0.4144,178.2470,0.017,4556,-0.0503,-0.0843,0.4028,1,1,0.124
33.851,0,1,3,-0.6167,0.0000,-0.6870,-0.3881,178.4599,0.0000,0.0000,0.0000,-0.7823,-0.3707,172.2312,0.006,4559,-0.0546,-0.0828,0.3944,1,1,0.117
33.951,0,1,3,-0.6167,0.0000,-0.6867,-0.3801,178.5227,0.0000,0.0000,0.0000,-0.7208,-0.3881,178.8836,0.031,4562,-0.0405,-0.0887,0.3865,1,1,0.148
34.050,0,1,3,-0.6167,0.0000,-0.6859,-0.3719,178.6066,0.0000,0.0000,0.0000,-0.7194,-0.3841,179.0224,0.009,4566,0.0108,-0.0986,0.3783,1,1,0.145
34.150,0,1,3,-0.6167,0.0000,-0.6870,-0.3625,178.9047,0.0000,0.0000,0.0000,-0.7525,-0.3511,173.5931,0.008,4569,0.0240,-0.0985,0.3692,1,1,0.117
34.251,0,1,3,-0.6167,0.0000,-0.6913,-0.3517,178.7765,0.0000,0.0000,0.0000,-0.7143,-0.3654,179.5983,0.010,4572,0.0223,-0.0981,0.3596,1,1,0.117
34.350,0,1,3,-0.6167,0.0000,-0.6941,-0.3428,178.7750,0.0000,0.0000,0.0000,-0.7511,-0.3330,173.6348,0.009,4575,0.0210,-0.0979,0.3514,1,1,0.117
34.449,0,1,3,-0.6167,0.0000,-0.6980,-0.3325,178.8229,0.0000,0.0000,0.0000,-0.7221,-0.3407,179.5770,0.006,4578,0.0193,-0.0975,0.3423,1,1,0.117
34.550,0,1,3,-0.6167,0.0000,-0.7024,-0.3210,178.5967,0.0000,0.0000,0.0000,-0.7748,-0.2868,173.0634,0.014,4581,0.0173,-0.0970,0.3323,1,1,0.117
34.651,0,1,3,-0.6167,0.0000,-0.7051,-0.3112,178.7756,0.0000,0.0000,0.0000,-0.7208,-0.3255,179.4332,0.011,4584,-0.0609,-0.0821,0.3235,1,1,0.124
34.751,0,1,3,-0.6167,0.0000,-0.7027,-0.3023,178.9817,0.0000,0.0000,0.0000,-0.7408,-0.2954,174.4100,0.014,4587,-0.0641,-0.0807,0.3143,1,1,0.117
34.850,0,1,3,-0.6167,0.0000,-0.6977,-0.2942,178.7406,0.0000,0.0000,0.0000,-0.7236,-0.2963,-179.9386,0.015,4590,-0.0615,-0.0817,0.3052,1,1,0.121
34.950,0,1,3,-0.6167,0.0000,-0.6926,-0.2859,178.8157,0.0000,0.0000,0.0000,-0.7221,-0.2885,179.9958,0.039,4592,-0.0624,-0.0812,0.2959,1,1,0.117
35.052,0,1,3,-0.6167,0.0000,-0.6881,-0.2778,178.7880,0.0000,0.0000,0.0000,-0.7102,-0.2800,179.9542,0.010,4596,-0.0608,-0.0817,0.2868,1,1,0.119
35.150,0,1,3,-0.6167,0.0000,-0.6828,-0.2695,178.8625,0.0000,0.0000,0.0000,-0.7071,-0.2742,179.9610,0.029,4598,-0.0606,-0.0816,0.2775,1,1,0.117
35.250,0,1,3,-0.6167,0.0000,-0.6799,-0.2610,178.8125,0.0000,0.0000,0.0000,-0.7266,-0.2664,174.2852,0.029,4601,0.0155,-0.0976,0.2686,1,1,0.125
35.351,0,1,3,-0.6167,0.0000,-0.6826,-0.2509,179.2768,0.0000,0.0000,0.0000,-0.7303,-0.2352,173.9162,0.017,4605,0.0172,-0.0971,0.2594,1,1,0.118
35.450,0,1,3,-0.6167,0.0000,-0.6825,-0.2419,179.2388,0.0000,0.0000,0.0000,-0.6959,-0.2522,-179.7337,0.009,4608,-0.0630,-0.0810,0.2507,1,1,0.117
35.551,0,1,3,-0.6167,0.0000,-0.6771,-0.2332,179.1553,0.0000,0.0000,0.0000,-0.7028,-0.2169,175.0905,0.027,4611,-0.0605,-0.0819,0.2410,1,1,0.120
35.649,0,1,3,-0.6167,0.0000,-0.6704,-0.2232,179.1958,0.0000,0.0000,0.0000,-0.6967,-0.2243,-178.9978,0.009,4616,-0.0542,-0.0842,0.2296,1,1,0.130
35.751,0,1,3,-0.6167,0.0000,-0.6632,-0.2127,179.0205,0.0000,0.0000,0.0000,-0.5930,-0.1379,174.9828,0.003,4621,-0.0530,-0.0843,0.2177,1,1,0.128
35.850,0,1,3,-0.6167,0.0000,-0.6574,-0.2039,178.9837,0.0000,0.0000,0.0000,-0.6820,-0.2119,-179.2323,0.014,4625,-0.0563,-0.0825,0.2079,1,1,0.117
35.951,0,1,3,-0.6167,0.0000,-0.6516,-0.1949,178.9986,0.0000,0.0000,0.0000,-0.6738,-0.2127,175.6102,0.022,4629,0.0255,-0.0987,0.1980,1,1,0.117
36.051,0,1,3,-0.6167,0.0000,-0.6498,-0.1836,179.2405,0.0000,0.0000,0.0000,-0.6740,-0.1870,-178.8807,0.007,4634,0.0254,-0.0987,0.1866,1,1,0.117
36.150,0,1,3,-0.6167,0.0000,-0.6506,-0.1740,179.0799,0.0000,0.0000,0.0000,-0.6530,-0.1777,176.2148,0.016,4638,0.0240,-0.0985,0.1773,1,1,0.117
36.250,0,1,3,-0.6167,0.0000,-0.6474,-0.1645,179.4045,0.0000,0.0000,0.0000,-0.6741,-0.1765,-179.0417,0.010,4642,-0.0551,-0.0827,0.1674,1,1,0.117
36.350,0,1,3,-0.6167,0.0000,-0.6350,-0.1562,179.6779,0.0000,0.0000,0.0000,-0.4033,-0.2342,-176.2906,0.019,4647,-0.0483,-0.0836,0.1573,1,1,0.117
36.449,0,1,3,-0.6167,0.0000,-0.6261,-0.1475,-179.4060,0.0000,0.0000,0.0000,-0.5423,-0.0820,175.9644,0.016,4651,0.0367,-0.0999,0.1478,1,1,0.117
36.549,0,1,3,-0.6167,0.0000,-0.6239,-0.1393,-179.2787,0.0000,0.0000,0.0000,-0.4129,-0.1996,-174.7953,0.003,4656,0.0380,-0.0999,0.1395,1,1,0.117
36.649,0,1,3,-0.6167,0.0000,-0.6208,-0.1300,-179.3098,0.0000,0.0000,0.0000,-0.6725,-0.1520,-176.9950,0.003,4661,-0.0399,-0.0841,0.1301,1,1,0.117
36.751,0,1,3,-0.6167,0.0000,-0.6182,-0.1208,-179.4763,0.0000,0.0000,0.0000,-0.6164,-0.1322,179.4815,0.028,4665,0.0255,-0.0966,0.1208,1,1,0.148
36.851,0,1,3,-0.6167,0.0000,-0.6187,-0.1111,-179.7938,0.0000,0.0000,0.0000,-0.6844,-0.1221,-176.9435,0.011,4670,-0.0314,-0.0759,0.1111,1,1,0.124
36.950,0,1,3,-0.6167,0.0000,-0.6175,-0.1033,-179.9743,0.0000,0.0000,0.0000,-0.6141,-0.1295,179.2382,0.030,4674,-0.0234,-0.0727,0.1033,1,1,0.137
37.050,0,1,3,-0.6167,0.0000,-0.6153,-0.0948,179.8828,0.0000,0.0000,0.0000,-0.6839,-0.1072,-177.3641,0.006,4679,-0.0184,-0.0673,0.0949,1,1,0.141
37.151,0,1,3,-0.6167,0.0000,-0.6143,-0.0887,179.7291,0.0000,0.0000,0.0000,-0.6496,-0.0886,177.7978,0.022,4683,-0.0111,-0.0651,0.0887,1,1,0.157
37.251,0,1,3,-0.6167,0.0000,-0.6132,-0.0840,179.6595,0.0000,0.0000,0.0000,-0.6849,-0.0853,-177.1601,0.008,4688,-0.0086,-0.0620,0.0841,1,1,0.160
37.349,0,1,3,-0.6167,0.0000,-0.6128,-0.0790,179.6366,0.0000,0.0000,0.0000,-0.5325,-0.1584,178.4472,0.003,4693,-0.0134,-0.0559,0.0791,1,1,0.140
37.453,0,1,4,-0.6167,0.6167,-0.6116,-0.0743,179.6299,0.0000,0.0000,0.0000,-0.6807,-0.0725,-177.3590,0.010,4697,-0.0189,-0.0912,0.6910,1,1,0.154
37.549,0,1,4,-0.6167,0.6167,-0.6105,-0.0678,179.6220,0.0000,0.0000,0.0000,-0.6412,-0.0712,177.6598,0.026,4701,-0.0256,-0.0883,0.6845,1,1,0.139
37.650,0,1,4,-0.6167,0.6167,-0.6073,-0.0607,-179.9397,0.0000,0.0000,0.0000,-0.6753,-0.0671,-177.2602,0.007,4706,-0.0219,-0.0896,0.6775,1,1,0.146
37.751,0,1,4,-0.6167,0.6167,-0.6070,-0.0517,-179.7989,0.0000,0.0000,0.0000,-0.6803,-0.0542,-176.6924,0.017,4709,-0.0209,-0.0900,0.6685,1,1,0.148
37.851,0,1,4,-0.6167,0.6167,-0.6059,-0.0439,-179.8523,0.0000,0.0000,0.0000,-0.6023,-0.0582,179.5199,0.035,4713,-0.0217,-0.0896,0.6607,1,1,0.146
37.950,0,1,4,-0.6167,0.6167,-0.6035,-0.0371,179.8111,0.0000,0.0000,0.0000,-0.6003,-0.0468,179.4776,0.020,4719,-0.0255,-0.0879,0.6539,1,1,0.137
38.051,0,1,4,-0.6167,0.6167,-0.5983,-0.0302,179.8737,0.0000,0.0000,0.0000,-0.5059,-0.0718,177.9085,0.032,4723,-0.0265,-0.0871,0.6472,1,1,0.133
38.151,0,1,4,-0.6167,0.6167,-0.5933,-0.0234,179.9826,0.0000,0.0000,0.0000,-0.4278,-0.0631,-175.5852,0.020,4728,-0.0238,-0.0878,0.6405,1,1,0.137
38.251,0,1,4,-0.6167,0.6167,-0.5890,-0.0152,179.9567,0.0000,0.0000,0.0000,-0.6802,-0.0007,-176.5653,0.007,4733,-0.0245,-0.0872,0.6325,1,1,0.134
38.350,0,1,4,-0.6167,0.6167,-0.5836,-0.0087,179.9949,0.0000,0.0000,0.0000,-0.5088,-0.0718,178.7844,0.006,4738,-0.0250,-0.0866,0.6263,1,1,0.131
38.451,0,1,4,-0.6167,0.6167,-0.5817,-0.0003,-179.7567,0.0000,0.0000,0.0000,-0.6810,0.0143,-176.5032,0.006,4742,0.0423,-0.0997,0.6179,1,1,0.130
38.551,0,1,4,-0.6167,0.6167,-0.5821,0.0074,-179.6697,0.0000,0.0000,0.0000,-0.5048,-0.0709,179.3331,0.003,4747,0.0413,-0.0997,0.6103,1,1,0.132
38.650,0,1,4,-0.6167,0.6167,-0.5836,0.0161,-179.7513,0.0000,0.0000,0.0000,-0.6820,0.0403,-176.0410,0.009,4751,-0.0248,-0.0865,0.6014,1,1,0.131
38.751,0,1,4,-0.6167,0.6167,-0.5787,0.0236,-179.9739,0.0000,0.0000,0.0000,-0.5172,-0.0511,179.1661,0.003,4756,-0.0211,-0.0876,0.5942,1,1,0.137
38.850,0,1,4,-0.6167,0.6167,-0.5765,0.0309,-179.9079,0.0000,0.0000,0.0000,-0.6827,0.0601,-176.5959,0.009,4760,-0.0155,-0.0897,0.5871,1,1,0.148
38.950,0,1,4,-0.6167,0.6167,-0.5741,0.0381,-179.9766,0.0000,0.0000,0.0000,-0.4310,0.0022,-175.6911,0.003,4764,-0.0243,-0.0858,0.5801,1,1,0.128
39.049,0,1,4,-0.6167,0.6167,-0.5697,0.0454,179.9207,0.0000,0.0000,0.0000,-0.5102,0.0106,178.1811,0.003,4768,-0.0211,-0.0867,0.5732,1,1,0.133
39.150,0,1,4,-0.6167,0.6167,-0.5659,0.0544,179.9981,0.0000,0.0000,0.0000,-0.4320,0.0209,-175.9552,0.015,4773,-0.0190,-0.0872,0.5645,1,1,0.136
39.250,0,1,4,-0.6167,0.6167,-0.5627,0.0620,179.9017,0.0000,0.0000,0.0000,-0.5081,0.0107,178.4685,0.020,4777,-0.0150,-0.0885,0.5573,1,1,0.143
39.349,0,1,4,-0.6167,0.6167,-0.5604,0.0698,179.8865,0.0000,0.0000,0.0000,-0.6799,0.1058,-176.8320,0.013,4782,-0.0191,-0.0865,0.5497,1,1,0.133
39.450,0,1,4,-0.6167,0.6167,-0.5586,0.0787,179.8850,0.0000,0.0000,0.0000,-0.6776,0.1233,-176.7876,0.008,4787,-0.0181,-0.0866,0.5411,1,1,0.134
39.551,0,1,4,-0.6167,0.6167,-0.5550,0.0871,179.9351,0.0000,0.0000,0.0000,-0.4985,0.0501,177.9778,0.003,4792,-0.0178,-0.0863,0.5332,1,1,0.133
39.650,0,1,4,-0.6167,0.6167,-0.5536,0.0955,-179.9032,0.0000,0.0000,0.0000,-0.6884,0.1384,-176.5301,0.006,4796,-0.0173,-0.0862,0.5250,1,1,0.133
39.749,0,1,4,-0.6167,0.6167,-0.5506,0.1030,-179.8829,0.0000,0.0000,0.0000,-0.4958,0.0507,178.3822,0.002,4801,-0.0124,-0.0879,0.5179,1,1,0.142
39.852,0,1,4,-0.6167,0.6167,-0.5498,0.1122,-179.7671,0.0000,0.0000,0.0000,-0.6774,0.1597,-176.3677,0.008,4805,-0.0176,-0.0855,0.5088,1,1,0.130
39.952,0,1,4,-0.6167,0.6167,-0.5465,0.1200,179.9486,0.0000,0.0000,0.0000,-0.5049,0.0619,178.6873,0.007,4810,-0.0209,-0.0837,0.5016,1,1,0.121
40.050,0,1,4,-0.6167,0.6167,-0.5463,0.1286,179.9989,0.0000,0.0000,0.0000,-0.6862,0.1840,-176.5111,0.010,4814,-0.0141,-0.0863,0.4932,1,1,0.135
40.153,0,1,4,-0.6167,0.6167,-0.5439,0.1368,179.9695,0.0000,0.0000,0.0000,-0.4872,0.1070,177.7463,0.002,4819,-0.0121,-0.0868,0.4854,1,1,0.138
40.251,0,1,4,-0.6167,0.6167,-0.5433,0.1456,179.9785,0.0000,0.0000,0.0000,-0.6843,0.1986,-176.4989,0.010,4823,-0.0140,-0.0857,0.4768,1,1,0.133
40.349,0,1,4,-0.6167,0.6167,-0.5406,0.1539,179.8848,0.0000,0.0000,0.0000,-0.4318,0.1312,-176.5513,0.018,4827,-0.0108,-0.0865,0.4690,1,1,0.138
40.450,0,1,4,-0.6167,0.6167,-0.5389,0.1619,179.7681,0.0000,0.0000,0.0000,-0.4968,0.1131,177.9747,0.027,4831,-0.0111,-0.0860,0.4614,1,1,0.136
40.549,0,1,4,-0.6167,0.6167,-0.5400,0.1708,179.8794,0.0000,0.0000,0.0000,-0.4317,0.1465,-176.6209,0.003,4835,-0.0105,-0.0862,0.4525,1,1,0.137
40.653,0,1,4,-0.6167,0.6167,-0.5382,0.1803,-179.9411,0.0000,0.0000,0.0000,-0.4334,0.1570,-176.7647,0.050,4837,-0.0130,-0.0847,0.4434,1,1,0.130
40.752,0,1,4,-0.6167,0.6167,-0.5381,0.1897,-179.9637,0.0000,0.0000,0.0000,-0.6845,0.2452,-176.2993,0.021,4841,-0.0103,-0.0856,0.4342,1,1,0.135
40.850,0,1,4,-0.6167,0.6167,-0.5394,0.1996,-179.9416,0.0000,0.0000,0.0000,-0.6877,0.2677,-176.2334,0.008,4844,-0.0120,-0.0848,0.4242,1,1,0.131
40.952,0,1,4,-0.6167,0.6167,-0.5376,0.2084,-179.9942,0.0000,0.0000,0.0000,-0.4339,0.1858,-176.7835,0.029,4847,-0.0099,-0.0852,0.4158,1,1,0.134
41.052,0,1,4,-0.6167,0.6167,-0.5389,0.2179,-179.9161,0.0000,0.0000,0.0000,-0.6884,0.2743,-176.5366,0.012,4850,-0.0098,-0.0852,0.4063,1,1,0.134
41.150,0,1,4,-0.6167,0.6167,-0.5374,0.2267,-179.9040,0.0000,0.0000,0.0000,-0.4352,0.2024,-176.9576,0.018,4853,-0.0104,-0.0845,0.3979,1,1,0.131
41.250,0,1,4,-0.6167,0.6167,-0.5387,0.2363,-179.9050,0.0000,0.0000,0.0000,-0.6825,0.2949,-176.7074,0.010,4856,-0.0065,-0.0860,0.3883,1,1,0.139
41.350,0,1,4,-0.6167,0.6167,-0.5369,0.2442,-179.9841,0.0000,0.0000,0.0000,-0.4378,0.2233,-177.2518,0.029,4860,-0.0093,-0.0842,0.3809,1,1,0.131
41.450,0,1,4,-0.6167,0.6167,-0.5365,0.2533,179.9563,0.0000,0.0000,0.0000,-0.6843,0.3132,-176.8477,0.007,4865,-0.0097,-0.0837,0.3721,1,1,0.129
41.549,0,1,4,-0.6167,0.6167,-0.5343,0.2609,-179.9679,0.0000,0.0000,0.0000,-0.4664,0.2236,176.9649,0.003,4870,-0.0137,-0.0813,0.3651,1,1,0.118
41.651,0,1,4,-0.6167,0.6167,-0.5338,0.2701,-179.8191,0.0000,0.0000,0.0000,-0.6756,0.3291,-176.8960,0.007,4874,-0.0052,-0.0844,0.3563,1,1,0.135
41.750,0,1,4,-0.6167,0.6167,-0.5319,0.2781,-179.8060,0.0000,0.0000,0.0000,-0.4381,0.2547,-177.1385,0.008,4878,-0.0055,-0.0836,0.3490,1,1,0.132
41.851,0,1,4,-0.6167,0.6167,-0.5331,0.2874,-179.9278,0.0000,0.0000,0.0000,-0.6821,0.3518,-176.5301,0.005,4882,-0.0103,-0.0814,0.3397,1,1,0.121
41.950,0,1,4,-0.6167,0.6167,-0.5306,0.2946,179.9360,0.0000,0.0000,0.0000,-0.4384,0.2692,-177.3936,0.016,4887,-0.0087,-0.0813,0.3334,1,1,0.122
42.051,0,1,4,-0.6167,0.6167,-0.5296,0.3021,179.8454,0.0000,0.0000,0.0000,-0.4823,0.2432,177.3863,0.030,4891,-0.0092,-0.0804,0.3264,1,1,0.119
42.151,0,1,4,-0.6167,0.6167,-0.5299,0.3108,179.8302,0.0000,0.0000,0.0000,-0.4413,0.2917,-177.7554,0.023,4896,-0.0016,-0.0831,0.3180,1,1,0.134
42.250,0,1,4,-0.6167,0.6167,-0.5307,0.3189,179.8489,0.0000,0.0000,0.0000,-0.6733,0.3976,-176.9495,0.008,4901,-0.0030,-0.0822,0.3100,1,1,0.130
42.351,0,1,4,-0.6167,0.6167,-0.5293,0.3265,179.8156,0.0000,0.0000,0.0000,-0.4396,0.3036,-177.7275,0.028,4905,-0.0042,-0.0809,0.3030,1,1,0.125
42.451,0,1,4,-0.6167,0.6167,-0.5308,0.3353,179.8347,0.0000,0.0000,0.0000,-0.6915,0.4185,-176.6003,0.007,4909,-0.0048,-0.0804,0.2942,1,1,0.123
42.550,0,1,4,-0.6167,0.6167,-0.5302,0.3438,179.9553,0.0000,0.0000,0.0000,-0.4430,0.3236,-177.9064,0.027,4912,-0.0052,-0.0795,0.2862,1,1,0.120
42.651,0,1,4,-0.6167,0.6167,-0.5325,0.3531,-179.8765,0.0000,0.0000,0.0000,-0.6913,0.4207,-176.6831,0.010,4915,-0.0050,-0.0794,0.2767,1,1,0.120
42.750,0,1,4,-0.6167,0.6167,-0.5318,0.3616,179.9527,0.0000,0.0000,0.0000,-0.4446,0.3421,-177.8244,0.025,4918,0.0003,-0.0808,0.2688,1,1,0.129
42.851,0,1,4,-0.6167,0.6167,-0.5345,0.3715,179.9168,0.0000,0.0000,0.0000,-0.6980,0.4672,-176.1966,0.010,4921,0.0000,-0.0805,0.2586,1,1,0.128
42.951,0,1,4,-0.6167,0.6167,-0.5324,0.3790,179.6884,0.0000,0.0000,0.0000,-0.4431,0.3529,-178.2371,0.024,4923,-0.0025,-0.0782,0.2522,1,1,0.119
43.051,0,1,4,-0.6167,0.6167,-0.5312,0.3866,179.6647,0.0000,0.0000,0.0000,-0.4463,0.3619,-178.4861,0.061,4924,-0.0006,-0.0779,0.2455,1,1,0.120
43.150,0,1,4,-0.6167,0.6167,-0.5291,0.3939,179.5646,0.0000,0.0000,0.0000,-0.4478,0.3753,-178.5935,0.023,4926,-0.0002,-0.0766,0.2394,1,1,0.117
43.249,0,1,4,-0.6167,0.6167,-0.5281,0.4012,179.5791,0.0000,0.0000,0.0000,-0.4472,0.3774,-178.5915,0.032,4927,0.0049,-0.0775,0.2329,1,1,0.125
43.351,0,1,4,-0.6167,0.6167,-0.5266,0.4087,179.5599,0.0000,0.0000,0.0000,-0.4477,0.3877,-178.5953,0.006,4929,0.0103,-0.0783,0.2266,1,1,0.133
43.450,0,1,4,-0.6167,0.6167,-0.5264,0.4160,179.6082,0.0000,0.0000,0.0000,-0.4489,0.3930,-178.6597,0.045,4930,0.0088,-0.0765,0.2200,1,1,0.127
43.550,0,1,4,-0.6167,0.6167,-0.5252,0.4231,179.5098,0.0000,0.0000,0.0000,-0.4493,0.3994,-178.5030,0.031,4932,0.0146,-0.0775,0.2141,1,1,0.136
43.650,0,1,4,-0.6167,0.6167,-0.5254,0.4305,179.3897,0.0000,0.0000,0.0000,-0.4511,0.4076,-178.6794,0.064,4933,0.0118,-0.0751,0.2073,1,1,0.127
43.750,0,1,4,-0.6167,0.6167,-0.5245,0.4375,179.2982,0.0000,0.0000,0.0000,-0.4531,0.4142,-178.8276,0.028,4935,0.0176,-0.0759,0.2015,1,1,0.136
43.851,0,1,4,-0.6167,0.6167,-0.5250,0.4448,179.3145,0.0000,0.0000,0.0000,-0.4563,0.4247,-179.0251,0.060,4936,0.0171,-0.0744,0.1948,1,1,0.132
43.950,0,1,4,-0.6167,0.6167,-0.5248,0.4518,179.3232,0.0000,0.0000,0.0000,-0.4590,0.4356,-179.0442,0.025,4938,0.0214,-0.0747,0.1887,1,1,0.138
44.051,0,1,4,-0.6167,0.6167,-0.5260,0.4590,179.5684,0.0000,0.0000,0.0000,-0.4587,0.4372,-178.9905,0.058,4939,0.0194,-0.0727,0.1819,1,1,0.131
44.151,0,1,4,-0.6167,0.6167,-0.5261,0.4660,179.4910,0.0000,0.0000,0.0000,-0.4664,0.4565,-178.9352,0.027,4941,0.0220,-0.0720,0.1758,1,1,0.133
44.251,0,1,4,-0.6167,0.6167,-0.5273,0.4730,179.4421,0.0000,0.0000,0.0000,-0.4659,0.4566,-178.9755,0.063,4942,0.0209,-0.0703,0.1692,1,1,0.128
44.350,0,1,4,-0.6167,0.6167,-0.5276,0.4797,179.4992,0.0000,0.0000,0.0000,-0.4702,0.4681,-179.2293,0.026,4944,0.0222,-0.0690,0.1633,1,1,0.127
44.451,0,1,4,-0.6167,0.6167,-0.5288,0.4864,179.3615,0.0000,0.0000,0.0000,-0.4725,0.4716,-179.0346,0.037,4945,0.0249,-0.0686,0.1572,1,1,0.130
44.550,0,1,4,-0.6167,0.6167,-0.5300,0.4923,179.4207,0.0000,0.0000,0.0000,-0.4764,0.4844,-179.2859,0.006,4947,0.0225,-0.0662,0.1516,1,1,0.122
44.652,0,1,4,-0.6167,0.6167,-0.5307,0.4993,179.3407,0.0000,0.0000,0.0000,-0.4789,0.4900,-179.2757,0.047,4948,0.0239,-0.0646,0.1455,1,1,0.121
44.751,0,1,4,-0.6167,0.6167,-0.5314,0.5056,179.4744,0.0000,0.0000,0.0000,-0.4819,0.4994,-179.2777,0.018,4950,0.0243,-0.0626,0.1400,1,1,0.118
44.851,0,1,4,-0.6167,0.6167,-0.5330,0.5116,179.3440,0.0000,0.0000,0.0000,-0.4842,0.5030,-179.1587,0.058,4951,0.0266,-0.0619,0.1343,1,1,0.120
44.949,0,1,4,-0.6167,0.6167,-0.5340,0.5174,179.4166,0.0000,0.0000,0.0000,-0.4886,0.5144,-179.3279,0.024,4953,0.0269,-0.0599,0.1292,1,1,0.117
45.049,0,1,4,-0.6167,0.6167,-0.5362,0.5239,179.4278,0.0000,0.0000,0.0000,-0.4896,0.5147,-179.2781,0.062,4954,0.0329,-0.0596,0.1228,1,1,0.128
45.150,0,1,4,-0.6167,0.6167,-0.5414,0.5246,179.2663,0.0000,0.0000,0.0000,-0.4953,0.5304,-179.5346,0.023,4957,0.0249,-0.0575,0.1189,1,1,0.117
45.252,0,1,4,-0.6167,0.6167,-0.5499,0.5212,179.0762,0.0000,0.0000,0.0000,-0.7752,0.2245,162.6864,0.006,4960,0.0189,-0.0607,0.1165,1,1,0.117
45.350,0,1,4,-0.6167,0.6167,-0.5534,0.5229,179.1725,0.0000,0.0000,0.0000,-0.5011,0.5387,-179.2847,0.028,4963,0.0171,-0.0598,0.1131,1,1,0.117
45.450,0,1,4,-0.6167,0.6167,-0.5606,0.5205,178.7856,0.0000,0.0000,0.0000,-0.7748,0.2382,163.0032,0.007,4966,0.0120,-0.0620,0.1113,1,1,0.117
45.550,0,1,4,-0.6167,0.6167,-0.5631,0.5234,178.8691,0.0000,0.0000,0.0000,-0.5077,0.5564,-179.3468,0.026,4969,0.0111,-0.0603,0.1076,1,1,0.117
45.649,0,1,4,-0.6167,0.6167,-0.5660,0.5248,178.6982,0.0000,0.0000,0.0000,-0.7749,0.2510,163.2139,0.003,4972,0.0095,-0.0595,0.1049,1,1,0.117
45.751,0,1,4,-0.6167,0.6167,-0.5710,0.5252,178.5565,0.0000,0.0000,0.0000,-0.5125,0.5710,-179.2419,0.007,4975,0.0064,-0.0595,0.1022,1,1,0.117
45.850,0,1,4,-0.6167,0.6167,-0.5733,0.5280,178.5813,0.0000,0.0000,0.0000,-0.5131,0.5727,-179.1060,0.042,4977,0.0067,-0.0583,0.0987,1,1,0.120
45.950,0,1,4,-0.6167,0.6167,-0.5750,0.5316,178.5908,0.0000,0.0000,0.0000,-0.5147,0.5821,-179.0540,0.009,4980,0.0054,-0.0555,0.0947,1,1,0.117
46.050,0,1,4,-0.6167,0.6167,-0.5771,0.5343,178.5369,0.0000,0.0000,0.0000,-0.5160,0.5874,-179.0056,0.036,4982,0.0047,-0.0537,0.0913,1,1,0.117
46.150,0,1,4,-0.6167,0.6167,-0.5807,0.5340,178.5191,0.0000,0.0000,0.0000,-0.7612,0.2961,164.4038,0.013,4986,0.0022,-0.0542,0.0901,1,1,0.117
46.252,0,1,4,-0.6167,0.6167,-0.5824,0.5375,178.6983,0.0000,0.0000,0.0000,-0.5182,0.6001,-178.7092,0.050,4988,0.0036,-0.0526,0.0862,1,1,0.122
46.349,0,1,4,-0.6167,0.6167,-0.5834,0.5412,178.6713,0.0000,0.0000,0.0000,-0.5213,0.6118,-178.6323,0.027,4991,0.0023,-0.0494,0.0825,1,1,0.117
46.451,0,1,4,-0.6167,0.6167,-0.5852,0.5436,178.6289,0.0000,0.0000,0.0000,-0.7665,0.3057,164.5637,0.007,4993,0.0017,-0.0479,0.0795,1,1,0.117
46.551,0,1,5,-1.2333,0.6167,-0.5870,0.5463,178.6584,0.0000,0.0000,0.0000,-0.5229,0.6216,-178.4035,0.025,4996,0.0612,0.0067,0.6501,1,1,0.117
46.652,0,1,5,-1.2333,0.6167,-0.5964,0.5409,178.3553,0.0000,0.0000,0.0000,-0.7589,0.3295,165.2099,0.013,4999,0.0611,0.0057,0.6414,1,1,0.117
46.753,0,1,5,-1.2333,0.6167,-0.6024,0.5401,178.5658,0.0000,0.0000,0.0000,-0.5292,0.6278,-178.4827,0.030,5002,0.0611,0.0055,0.6356,1,1,0.117
46.852,0,1,5,-1.2333,0.6167,-0.6116,0.5351,178.4750,0.0000,0.0000,0.0000,-0.7722,0.3216,164.9891,0.008,5005,0.0610,0.0045,0.6270,1,1,0.117
46.950,0,1,5,-1.2333,0.6167,-0.6178,0.5345,178.5660,0.0000,0.0000,0.0000,-0.5426,0.6292,-178.1420,0.027,5008,0.0610,0.0043,0.6210,1,1,0.117
47.051,0,1,5,-1.2333,0.6167,-0.6270,0.5294,178.5766,0.0000,0.0000,0.0000,-0.7961,0.3016,164.1758,0.008,5011,0.0609,0.0033,0.6126,1,1,0.117
47.149,0,1,5,-1.2333,0.6167,-0.6340,0.5273,178.6613,0.0000,0.0000,0.0000,-0.5564,0.6272,-177.7202,0.010,5014,0.0608,0.0027,0.6060,1,1,0.117
47.249,0,1,5,-1.2333,0.6167,-0.6383,0.5300,178.8165,0.0000,0.0000,0.0000,-0.5615,0.6315,-177.6350,0.043,5015,0.0608,0.0031,0.6013,1,1,0.117
47.351,0,1,5,-1.2333,0.6167,-0.6425,0.5326,178.9261,0.0000,0.0000,0.0000,-0.5706,0.6297,-177.5187,0.007,5017,0.0609,0.0034,0.5968,1,1,0.117
47.450,0,1,5,-1.2333,0.6167,-0.6474,0.5337,178.9628,0.0000,0.0000,0.0000,-0.5754,0.6294,-177.4902,0.042,5018,0.0609,0.0035,0.5918,1,1,0.117
47.550,0,1,5,-1.2333,0.6167,-0.6515,0.5364,178.9199,0.0000,0.0000,0.0000,-0.5841,0.6335,-177.5413,0.026,5020,0.1376,0.0038,0.5873,1,1,0.117
47.654,0,1,5,-1.2333,0.6167,-0.6623,0.5375,179.1245,0.0000,0.0000,0.0000,-0.5880,0.6302,-177.5534,0.066,5021,0.1376,0.0038,0.5765,1,1,0.117
47.750,0,1,5,-1.2333,0.6167,-0.6725,0.5401,179.2659,0.0000,0.0000,0.0000,-0.6006,0.6292,-177.3277,0.027,5023,0.0609,0.0040,0.5661,1,1,0.117
47.852,0,1,5,-1.2333,0.6167,-0.6808,0.5410,179.1746,0.0000,0.0000,0.0000,-0.6110,0.6265,-177.2123,0.058,5024,0.0609,0.0039,0.5576,1,1,0.117
47.952,0,1,5,-1.2333,0.6167,-0.6854,0.5434,179.2422,0.0000,0.0000,0.0000,-0.6279,0.6321,-177.5948,0.031,5026,0.0610,0.0043,0.5528,1,1,0.117
48.051,0,1,5,-1.2333,0.6167,-0.6905,0.5444,179.4087,0.0000,0.0000,0.0000,-0.6280,0.6313,-177.4985,0.058,5027,0.0610,0.0043,0.5476,1,1,0.117
48.152,0,1,5,-1.2333,0.6167,-0.6978,0.5474,179.4824,0.0000,0.0000,0.0000,-0.6384,0.6301,-177.2684,0.030,5030,0.1377,0.0047,0.5400,1,1,0.117
48.251,0,1,5,-1.2333,0.6167,-0.7123,0.5500,179.3328,0.0000,0.0000,0.0000,-0.7669,0.6047,-179.0748,0.008,5033,0.1377,0.0048,0.5253,1,1,0.117
48.351,0,1,5,-1.2333,0.6167,-0.7248,0.5529,179.1864,0.0000,0.0000,0.0000,-0.6559,0.6338,-177.7893,0.031,5036,0.1378,0.0051,0.5125,1,1,0.117
48.451,0,1,5,-1.2333,0.6167,-0.7395,0.5552,179.2549,0.0000,0.0000,0.0000,-0.7974,0.6082,-179.3073,0.006,5039,0.1378,0.0052,0.4976,1,1,0.117
48.550,0,1,5,-1.2333,0.6167,-0.7518,0.5576,179.3874,0.0000,0.0000,0.0000,-0.6865,0.6269,-177.7168,0.008,5042,0.1378,0.0053,0.4851,1,1,0.117
48.651,0,1,5,-1.2333,0.6167,-0.7668,0.5595,179.3803,0.0000,0.0000,0.0000,-0.8250,0.6047,-179.3765,0.008,5045,0.1378,0.0053,0.4700,1,1,0.117
48.750,0,1,5,-1.2333,0.6167,-0.7795,0.5616,179.5724,0.0000,0.0000,0.0000,-0.7162,0.6245,-177.6572,0.010,5048,0.1378,0.0055,0.4572,1,1,0.117
48.851,0,1,5,-1.2333,0.6167,-0.7928,0.5626,179.6325,0.0000,0.0000,0.0000,-0.8427,0.6030,-179.2999,0.052,5050,0.1378,0.0053,0.4438,1,1,0.117
48.950,0,1,5,-1.2333,0.6167,-0.8054,0.5652,179.5362,0.0000,0.0000,0.0000,-0.7447,0.5726,178.9795,0.005,5056,0.1378,0.0056,0.4310,1,1,0.117
49.051,0,1,5,-1.2333,0.6167,-0.8191,0.5668,179.6949,0.0000,0.0000,0.0000,-0.8801,0.6060,-179.1631,0.012,5060,0.1378,0.0056,0.4173,1,1,0.117
49.151,0,1,5,-1.2333,0.6167,-0.8311,0.5685,179.7415,0.0000,0.0000,0.0000,-0.7734,0.6267,-177.5648,0.030,5064,0.1378,0.0056,0.4051,1,1,0.117
49.252,0,1,5,-1.2333,0.6167,-0.8450,0.5687,179.6398,0.0000,0.0000,0.0000,-0.9092,0.6072,-178.9088,0.012,5069,0.1378,0.0052,0.3913,1,1,0.117
49.350,0,1,5,-1.2333,0.6167,-0.8583,0.5701,179.7279,0.0000,0.0000,0.0000,-0.8033,0.6279,-177.7159,0.026,5072,0.1378,0.0052,0.3780,1,1,0.117
49.450,0,1,5,-1.2333,0.6167,-0.8732,0.5712,179.8002,0.0000,0.0000,0.0000,-0.9345,0.6045,-178.9077,0.007,5075,0.1377,0.0050,0.3630,1,1,0.117
49.550,0,1,5,-1.2333,0.6167,-0.8864,0.5725,179.7168,0.0000,0.0000,0.0000,-0.8319,0.6260,-177.7334,0.029,5078,0.1377,0.0049,0.3497,1,1,0.117
49.651,0,1,5,-1.2333,0.6167,-0.9013,0.5736,179.7315,0.0000,0.0000,0.0000,-0.9673,0.6065,-178.7894,0.010,5081,0.1377,0.0046,0.3348,1,1,0.117
49.750,0,1,5,-1.2333,0.6167,-0.9146,0.5749,179.6488,0.0000,0.0000,0.0000,-0.8621,0.6265,-177.8682,0.028,5084,0.1377,0.0045,0.3214,1,1,0.117
49.852,0,1,5,-1.2333,0.6167,-0.9294,0.5760,179.5957,0.0000,0.0000,0.0000,-0.9930,0.6081,-179.0085,0.012,5087,0.1377,0.0042,0.3066,1,1,0.117
49.949,0,1,5,-1.2333,0.6167,-0.9427,0.5772,179.6406,0.0000,0.0000,0.0000,-0.8900,0.6230,-178.0347,0.021,5090,0.1376,0.0040,0.2933,1,1,0.117
50.050,0,1,5,-1.2333,0.6167,-0.9566,0.5779,179.5926,0.0000,0.0000,0.0000,-0.9003,0.6268,-178.1381,0.037,5092,0.1376,0.0036,0.2794,1,1,0.117
50.150,0,1,5,-1.2333,0.6167,-0.9710,0.5786,179.4873,0.0000,0.0000,0.0000,-1.0295,0.6096,-178.8883,0.008,5097,0.1375,0.0031,0.2650,1,1,0.117
50.251,0,1,5,-1.2333,0.6167,-0.9859,0.5782,179.5658,0.0000,0.0000,0.0000,-1.0514,0.6096,-178.8877,0.007,5102,0.1374,0.0021,0.2504,1,1,0.117
50.351,0,1,5,-1.2333,0.6167,-0.9984,0.5787,179.4608,0.0000,0.0000,0.0000,-0.9802,0.5243,179.4841,0.005,5107,0.1373,0.0015,0.2380,1,1,0.117
50.450,0,1,5,-1.2333,0.6167,-1.0133,0.5786,179.5324,0.0000,0.0000,0.0000,-1.0780,0.6104,-178.9916,0.012,5111,0.1371,0.0004,0.2233,1,1,0.117
50.551,0,1,5,-1.2333,0.6167,-1.0259,0.5788,179.5254,0.0000,0.0000,0.0000,-0.9801,0.5304,178.9291,0.007,5116,0.1370,-0.0005,0.2109,1,1,0.117
50.653,0,1,5,-1.2333,0.6167,-1.0399,0.5796,179.4101,0.0000,0.0000,0.0000,-1.1069,0.6127,-178.7922,0.017,5120,0.1368,-0.0013,0.1970,1,1,0.117
50.749,0,1,5,-1.2333,0.6167,-1.0514,0.5806,179.3389,0.0000,0.0000,0.0000,-1.0002,0.5922,177.7676,0.003,5125,0.1367,-0.0020,0.1855,1,1,0.117
50.850,0,1,5,-1.2333,0.6167,-1.0662,0.5825,179.3160,0.0000,0.0000,0.0000,-1.1352,0.6129,-179.0064,0.013,5129,0.1366,-0.0026,0.1706,1,1,0.117
50.951,0,1,5,-1.2333,0.6167,-1.0782,0.5845,179.1348,0.0000,0.0000,0.0000,-1.0003,0.5983,177.1994,0.007,5134,0.1366,-0.0028,0.1584,1,1,0.117
51.051,0,1,5,-1.2333,0.6167,-1.0918,0.5862,179.1353,0.0000,0.0000,0.0000,-1.1645,0.6160,-179.0010,0.015,5138,0.1364,-0.0035,0.1447,1,1,0.117
51.150,0,1,5,-1.2333,0.6167,-1.1045,0.5880,179.2416,0.0000,0.0000,0.0000,-1.0663,0.6206,-179.1095,0.026,5142,0.1363,-0.0042,0.1320,1,1,0.117
51.250,0,1,5,-1.2333,0.6167,-1.1177,0.5897,179.1353,0.0000,0.0000,0.0000,-1.1919,0.6177,-178.8763,0.015,5147,0.1292,-0.0049,0.1187,1,1,0.117
51.350,0,1,5,-1.2333,0.6167,-1.1302,0.5912,179.1886,0.0000,0.0000,0.0000,-1.0955,0.6187,-179.1717,0.010,5151,0.1155,-0.0055,0.1063,1,1,0.117
51.450,0,1,5,-1.2333,0.6167,-1.1419,0.5928,179.2558,0.0000,0.0000,0.0000,-1.2200,0.6185,-178.6692,0.007,5156,0.1024,-0.0059,0.0945,1,1,0.117
51.551,0,1,5,-1.2333,0.6167,-1.1515,0.5943,179.1862,0.0000,0.0000,0.0000,-1.1199,0.5889,177.7398,0.003,5161,0.0918,-0.0060,0.0849,1,1,0.117
51.650,0,1,5,-1.2333,0.6167,-1.1613,0.5947,179.2122,0.0000,0.0000,0.0000,-1.2423,0.6240,-178.4719,0.015,5165,0.0810,-0.0071,0.0753,1,1,0.117
51.753,0,1,5,-1.2333,0.6167,-1.1676,0.5939,179.3206,0.0000,0.0000,0.0000,-1.1208,0.5907,177.6074,0.007,5169,0.0000,0.0000,0.0696,1,1,0.158
51.850,0,1,5,-1.2333,0.6167,-1.1707,0.5937,179.4995,0.0000,0.0000,0.0000,-1.2588,0.6251,-178.3713,0.016,5173,0.0000,0.0000,0.0667,1,1,0.283
51.949,0,1,5,-1.2333,0.6167,-1.1712,0.5923,179.5997,0.0000,0.0000,0.0000,-1.1540,0.5827,178.0827,0.007,5178,0.0000,0.0000,0.0667,1,1,0.281
52.051,0,1,5,-1.2333,0.6167,-1.1729,0.5922,179.6599,0.0000,0.0000,0.0000,-1.2608,0.6249,-178.2883,0.015,5182,0.0000,0.0000,0.0652,1,1,0.279
52.149,0,1,5,-1.2333,0.6167,-1.1733,0.5910,179.7354,0.0000,0.0000,0.0000,-1.1540,0.5827,178.0852,0.003,5187,0.0000,0.0000,0.0653,1,1,0.287
52.249,0,1,5,-1.2333,0.6167,-1.1746,0.5909,179.7722,0.0000,0.0000,0.0000,-1.2608,0.6249,-178.2898,0.015,5191,0.0000,0.0000,0.0642,1,1,0.263
52.350,0,1,5,-1.2333,0.6167,-1.1745,0.5897,179.8270,0.0000,0.0000,0.0000,-1.1540,0.5828,178.0860,0.005,5196,0.0000,0.0000,0.0647,1,1,0.283
52.449,0,1,5,-1.2333,0.6167,-1.1758,0.5898,179.8753,0.0000,0.0000,0.0000,-1.2608,0.6249,-178.2905,0.010,5200,0.0000,0.0000,0.0635,1,1,0.257
52.550,0,1,5,-1.2333,0.6167,-1.1758,0.5887,179.9373,0.0000,0.0000,0.0000,-1.1464,0.5333,-177.0819,0.008,5204,0.0000,0.0000,0.0639,1,1,0.286
52.650,0,1,5,-1.2333,0.6167,-1.1768,0.5888,179.9647,0.0000,0.0000,0.0000,-1.1539,0.5828,178.0846,0.006,5209,0.0000,0.0000,0.0630,1,1,0.260
52.750,0,1,5,-1.2333,0.6167,-1.1768,0.5878,-179.9777,0.0000,0.0000,0.0000,-1.1464,0.5333,-177.0819,0.008,5213,0.0000,0.0000,0.0635,1,1,0.275
52.850,0,1,5,-1.2333,0.6167,-1.1768,0.5875,-179.9647,0.0000,0.0000,0.0000,-1.1539,0.5829,178.0823,0.027,5217,0.0000,0.0000,0.0636,0,2,0.275
52.950,0,1,5,-1.2333,0.6167,-1.1774,0.5870,-179.9234,0.0000,0.0000,0.0000,-1.1539,0.5828,178.0847,0.008,5223,0.0000,0.0000,0.0633,0,2,0.274
53.050,0,1,5,-1.2333,0.6167,-1.1786,0.5872,-179.8870,0.0000,0.0000,0.0000,-1.2609,0.6250,-178.2922,0.016,5227,0.0000,0.0000,0.0622,0,2,0.255
53.151,0,1,5,-1.2333,0.6167,-1.1784,0.5864,-179.8401,0.0000,0.0000,0.0000,-1.1464,0.5333,-177.0819,0.030,5231,0.0000,0.0000,0.0627,0,2,0.267
53.251,0,1,5,-1.2333,0.6167,-1.1793,0.5865,-179.8276,0.0000,0.0000,0.0000,-1.2609,0.6251,-178.2932,0.019,5236,0.0000,0.0000,0.0619,0,2,0.271
53.351,0,1,5,-1.2333,0.6167,-1.1788,0.5857,-179.8196,0.0000,0.0000,0.0000,-1.1539,0.5833,178.0536,0.005,5241,0.0000,0.0000,0.0627,0,2,0.178
53.450,0,1,5,-1.2333,0.6167,-1.1799,0.5860,-179.7848,0.0000,0.0000,0.0000,-1.2610,0.6255,-178.3055,0.011,5245,0.0000,0.0000,0.0616,0,2,0.280
53.550,0,1,5,-1.2333,0.6167,-1.1797,0.5852,-179.7444,0.0000,0.0000,0.0000,-1.1537,0.5840,178.0122,0.005,5250,0.0000,0.0000,0.0621,0,2,0.279
53.651,0,1,5,-1.2333,0.6167,-1.1805,0.5855,-179.7317,0.0000,0.0000,0.0000,-1.2611,0.6254,-178.3046,0.018,5254,0.0000,0.0000,0.0613,0,2,0.276
53.750,0,1,5,-1.2333,0.6167,-1.1800,0.5848,-179.7074,0.0000,0.0000,0.0000,-1.1536,0.5840,178.0098,0.008,5259,0.0000,0.0000,0.0621,0,2,0.266
53.852,0,1,5,-1.2333,0.6167,-1.1811,0.5851,-179.6799,0.0000,0.0000,0.0000,-1.2611,0.6255,-178.3053,0.020,5263,0.0000,0.0000,0.0610,0,2,0.277
53.950,0,1,5,-1.2333,0.6167,-1.1809,0.5844,-179.6393,0.0000,0.0000,0.0000,-1.1459,0.5336,-177.1060,0.022,5267,0.0000,0.0000,0.0616,0,2,0.282
54.049,0,1,5,-1.2333,0.6167,-1.1807,0.5843,-179.6418,0.0000,0.0000,0.0000,-1.1536,0.5841,178.0064,0.031,5271,0.0000,0.0000,0.0618,0,2,0.271
54.150,0,1,5,-1.2333,0.6167,-1.1817,0.5846,-179.6153,0.0000,0.0000,0.0000,-1.1459,0.5336,-177.1060,0.003,5276,0.0000,0.0000,0.0607,0,2,0.283
54.251,0,1,5,-1.2333,0.6167,-1.1820,0.5844,-179.5893,0.0000,0.0000,0.0000,-1.2611,0.6254,-178.3043,0.006,5281,0.0000,0.0000,0.0606,0,2,0.282
54.350,0,1,5,-1.2333,0.6167,-1.1815,0.5838,-179.5729,0.0000,0.0000,0.0000,-1.1536,0.5842,178.0049,0.007,5286,0.0000,0.0000,0.0614,0,2,0.273
54.450,0,1,5,-1.2333,0.6167,-1.1825,0.5842,-179.5487,0.0000,0.0000,0.0000,-1.2612,0.6254,-178.3047,0.010,5290,0.0000,0.0000,0.0604,0,2,0.283
54.550,0,1,5,-1.2333,0.6167,-1.1819,0.5835,-179.5338,0.0000,0.0000,0.0000,-1.1535,0.5843,178.0006,0.007,5295,0.0000,0.0000,0.0612,0,2,0.277
54.651,0,1,5,-1.2333,0.6167,-1.1829,0.5839,-179.5090,0.0000,0.0000,0.0000,-1.2612,0.6254,-178.3041,0.016,5299,0.0000,0.0000,0.0602,0,2,0.282
54.751,0,1,5,-1.2333,0.6167,-1.1823,0.5833,-179.4958,0.0000,0.0000,0.0000,-1.1535,0.5843,178.0022,0.007,5304,0.0000,0.0000,0.0610,0,2,0.268
54.851,0,1,5,-1.2333,0.6167,-1.1832,0.5837,-179.4726,0.0000,0.0000,0.0000,-1.2612,0.6255,-178.3052,0.014,5308,0.0000,0.0000,0.0600,0,2,0.278
54.950,0,1,5,-1.2333,0.6167,-1.1826,0.5831,-179.4603,0.0000,0.0000,0.0000,-1.1535,0.5843,177.9987,0.009,5313,0.0000,0.0000,0.0608,0,2,0.273
55.052,0,1,5,-1.2333,0.6167,-1.1836,0.5835,-179.4391,0.0000,0.0000,0.0000,-1.2612,0.6254,-178.3042,0.013,5317,0.0000,0.0000,0.0598,0,2,0.279
55.152,0,1,5,-1.2333,0.6167,-1.1830,0.5829,-179.4291,0.0000,0.0000,0.0000,-1.1534,0.5843,177.9989,0.003,5322,0.0000,0.0000,0.0607,0,2,0.284
55.249,0,1,5,-1.2333,0.6167,-1.1839,0.5833,-179.4101,0.0000,0.0000,0.0000,-1.2612,0.6253,-178.3020,0.014,5326,0.0000,0.0000,0.0597,0,2,0.278
55.352,0,1,5,-1.2333,0.6167,-1.1840,0.5832,-179.3995,0.0000,0.0000,0.0000,-1.2612,0.6255,-178.3055,0.046,5329,0.0000,0.0000,0.0596,0,2,0.282
55.449,0,1,5,-1.2333,0.6167,-1.1836,0.5826,-179.3698,0.0000,0.0000,0.0000,-1.2612,0.6254,-178.3035,0.004,5335,0.0000,0.0000,0.0602,0,2,0.279
55.552,0,1,5,-1.2333,0.6167,-1.1838,0.5825,-179.3543,0.0000,0.0000,0.0000,-1.1459,0.5336,-177.1060,0.022,5339,0.0000,0.0000,0.0601,0,2,0.276
55.650,0,1,5,-1.2333,0.6167,-1.1836,0.5825,-179.3658,0.0000,0.0000,0.0000,-1.1534,0.5844,177.9970,0.038,5343,0.0000,0.0000,0.0603,0,2,0.271
55.749,0,1,5,-1.2333,0.6167,-1.1841,0.5824,-179.3284,0.0000,0.0000,0.0000,-1.1534,0.5845,177.9912,0.004,5349,0.0000,0.0000,0.0600,0,2,0.279
55.852,0,1,5,-1.2333,0.6167,-1.1847,0.5828,-179.3336,0.0000,0.0000,0.0000,-1.2612,0.6254,-178.3052,0.018,5353,0.0000,0.0000,0.0593,0,2,0.278
55.954,0,1,5,-1.2333,0.6167,-1.1840,0.5823,-179.3288,0.0000,0.0000,0.0000,-1.1533,0.5845,177.9897,0.010,5358,0.0000,0.0000,0.0601,0,2,0.277
56.049,0,1,5,-1.2333,0.6167,-1.1849,0.5827,-179.3133,0.0000,0.0000,0.0000,-1.2612,0.6254,-178.3048,0.007,5362,0.0000,0.0000,0.0592,0,2,0.279
56.150,0,1,5,-1.2333,0.6167,-1.1835,0.5815,-179.2574,0.0000,0.0000,0.0000,-1.1533,0.5847,177.9841,0.003,5367,0.0000,0.0000,0.0610,0,2,0.276
56.249,0,1,5,-1.2333,0.6167,-1.1841,0.5819,-179.2642,0.0000,0.0000,0.0000,-1.2612,0.6254,-178.3049,0.016,5371,0.0000,0.0000,0.0602,0,2,0.265
56.352,0,1,5,-1.2333,0.6167,-1.1842,0.5819,-179.2570,0.0000,0.0000,0.0000,-1.1460,0.5331,-177.1081,0.007,5375,0.0000,0.0000,0.0602,0,2,0.276
56.451,0,1,5,-1.2333,0.6167,-1.1836,0.5814,-179.2566,0.0000,0.0000,0.0000,-1.2612,0.6254,-178.3055,0.020,5380,0.0000,0.0000,0.0610,0,2,0.270
56.549,0,1,5,-1.2333,0.6167,-1.1841,0.5814,-179.2235,0.0000,0.0000,0.0000,-1.1532,0.5847,177.9866,0.006,5385,0.0000,0.0000,0.0606,0,2,0.280
56.651,0,1,5,-1.2333,0.6167,-1.1842,0.5813,-179.2181,0.0000,0.0000,0.0000,-1.2612,0.6254,-178.3042,0.003,5388,0.0000,0.0000,0.0605,0,2,0.276
56.751,0,1,5,-1.2333,0.6167,-1.1843,0.5813,-179.2091,0.0000,0.0000,0.0000,-1.1460,0.5331,-177.1080,0.022,5393,0.0000,0.0000,0.0604,0,2,0.272
56.857,0,2,0,-1.2333,0.6167,-1.1844,0.5813,-179.2048,0.0000,0.0000,0.0000,-1.1532,0.5847,177.9817,0.010,5397,0.0000,0.0000,0.0604,0,2,0.286
56.949,0,2,0,-1.2333,0.6167,-1.1845,0.5816,-179.1993,0.0000,0.0000,0.0000,-1.1461,0.5333,-177.1123,0.005,5402,0.0395,-0.0274,0.0601,0,2,0.286
57.050,0,2,1,-1.2333,0.0000,-1.1868,0.5829,-179.6609,0.0000,0.0000,0.0000,-1.2618,0.6272,-178.3605,0.003,5407,0.0063,0.0998,0.5848,0,2,0.266
57.152,0,2,1,-1.2333,0.0000,-1.1864,0.5713,-179.7788,0.0000,0.0000,0.0000,-1.0413,0.4588,-173.7927,0.031,5411,0.0066,0.0998,0.5732,0,2,0.259
57.252,0,2,1,-1.2333,0.0000,-1.1827,0.5649,179.9466,0.0000,0.0000,0.0000,-1.2675,0.6196,-178.8635,0.019,5415,0.0050,0.1007,0.5672,0,2,0.195
57.349,0,2,1,-1.2333,0.0000,-1.1794,0.5588,179.6981,0.0000,0.0000,0.0000,0.0251,0.2511,147.7275,0.005,5420,0.0246,0.1163,0.5614,0,2,0.153
57.451,0,2,1,-1.2333,0.0000,-1.1582,0.5382,179.1291,0.0000,0.0000,0.0000,-1.2682,0.5960,-179.3892,0.018,5424,0.0412,0.1282,0.5435,0,2,0.118
57.550,0,2,1,-1.2333,0.0000,-1.1495,0.5223,179.0494,0.0000,0.0000,0.0000,-0.2052,0.3438,153.0064,0.002,5429,0.0429,0.1276,0.5290,0,2,0.119
57.650,0,2,1,-1.2333,0.0000,-1.1357,0.5070,178.7385,0.0000,0.0000,0.0000,-1.2759,0.5653,-179.7450,0.017,5433,0.0367,0.1179,0.5163,0,2,0.145
57.752,0,2,1,-1.2333,0.0000,-1.1187,0.4960,179.3461,0.0000,0.0000,0.0000,-0.9785,0.6885,172.4364,0.003,5438,0.0347,0.1116,0.5091,0,2,0.161
57.852,0,2,1,-1.2333,0.0000,-1.1223,0.4894,179.1832,0.0000,0.0000,0.0000,-1.2797,0.5368,-179.9107,0.021,5442,0.0347,0.1120,0.5018,0,2,0.160
57.951,0,2,1,-1.2333,0.0000,-1.1238,0.4799,179.3880,0.0000,0.0000,0.0000,-0.9913,0.6636,172.6051,0.009,5447,0.0206,0.0978,0.4922,0,2,0.214
58.050,0,2,1,-1.2333,0.0000,-1.1283,0.4717,179.2621,0.0000,0.0000,0.0000,-1.2865,0.5128,-179.7705,0.017,5451,0.0067,0.1114,0.4832,0,2,0.162
58.150,0,2,1,-1.2333,0.0000,-1.1297,0.4637,179.3019,0.0000,0.0000,0.0000,-1.1249,0.3480,-176.6259,0.005,5455,0.0387,0.0903,0.4751,0,2,0.160
58.250,0,2,1,-1.2333,0.0000,-1.1333,0.4530,179.3118,0.0000,0.0000,0.0000,-1.2884,0.4863,179.7921,0.009,5459,0.0421,0.0888,0.4639,0,2,0.152
58.352,0,2,1,-1.2333,0.0000,-1.1385,0.4457,179.2952,0.0000,0.0000,0.0000,-1.1656,0.3866,-177.7445,0.029,5464,0.0381,0.0903,0.4557,0,2,0.159
58.451,0,2,1,-1.2333,0.0000,-1.1258,0.4329,179.0427,0.0000,0.0000,0.0000,-0.2846,0.2721,153.8682,0.035,5468,0.0006,0.0755,0.4460,0,2,0.138
58.551,0,2,1,-1.2333,0.0000,-1.1221,0.4244,178.9168,0.0000,0.0000,0.0000,-0.3026,0.2630,154.0244,0.003,5474,-0.0056,0.0678,0.4387,0,2,0.117
58.649,0,2,1,-1.2333,0.0000,-1.1094,0.4135,178.6292,0.0000,0.0000,0.0000,-1.2970,0.4456,179.6361,0.017,5478,-0.0022,0.0669,0.4317,0,2,0.117
58.750,0,2,1,-1.2333,0.0000,-1.1044,0.4052,178.6638,0.0000,0.0000,0.0000,-0.3022,0.2611,154.1643,0.003,5483,-0.0006,0.0664,0.4252,0,2,0.117
58.851,0,2,1,-1.2333,0.0000,-1.0930,0.3947,178.5466,0.0000,0.0000,0.0000,-1.2922,0.4267,179.3155,0.021,5487,0.0026,0.0654,0.4189,0,2,0.117
58.950,0,2,1,-1.2333,0.0000,-1.0891,0.3863,178.5254,0.0000,0.0000,0.0000,-0.2935,0.2287,153.6848,0.003,5492,0.0041,0.0649,0.4124,0,2,0.117
59.051,0,2,1,-1.2333,0.0000,-1.0787,0.3766,178.3588,0.0000,0.0000,0.0000,-1.2917,0.4127,179.1818,0.019,5496,0.0071,0.0638,0.4071,0,2,0.117
59.150,0,2,1,-1.2333,0.0000,-1.0759,0.3690,178.2880,0.0000,0.0000,0.0000,-1.1742,0.3366,-177.5261,0.022,5500,0.0218,0.0767,0.4012,0,2,0.155
59.252,0,2,1,-1.2333,0.0000,-1.0665,0.3568,178.3378,0.0000,0.0000,0.0000,-1.2936,0.3976,179.2952,0.018,5504,0.0409,0.0913,0.3939,0,2,0.245
59.350,0,2,1,-1.2333,0.0000,-1.0658,0.3473,178.2177,0.0000,0.0000,0.0000,-1.1763,0.3263,-177.3236,0.003,5508,0.0455,0.0872,0.3856,0,2,0.190
59.449,0,2,1,-1.2333,0.0000,-1.0581,0.3358,178.2037,0.0000,0.0000,0.0000,-0.2834,0.1915,153.3482,0.008,5512,0.0065,0.0735,0.3787,0,2,0.117
59.551,0,2,1,-1.2333,0.0000,-1.0534,0.3262,178.2061,0.0000,0.0000,0.0000,-1.1811,0.3060,-177.1277,0.025,5515,0.0085,0.0725,0.3726,0,2,0.117
59.649,0,2,1,-1.2333,0.0000,-1.0394,0.3158,178.2107,0.0000,0.0000,0.0000,-0.2868,0.1763,153.3033,0.018,5518,0.0126,0.0702,0.3706,0,2,0.117
59.750,0,2,1,-1.2333,0.0000,-1.0357,0.3079,178.3805,0.0000,0.0000,0.0000,-0.2619,0.1569,152.9422,0.007,5522,0.0143,0.0691,0.3659,0,2,0.117
59.852,0,2,1,-1.2333,0.0000,-1.0238,0.2968,178.1853,0.0000,0.0000,0.0000,-0.2615,0.1560,153.0325,0.036,5524,0.0715,0.0674,0.3633,0,2,0.157
59.949,0,2,1,-1.2333,0.0000,-1.0259,0.2887,177.8984,0.0000,0.0000,0.0000,-0.9355,0.5069,171.3294,0.003,5528,0.0754,0.0638,0.3555,0,2,0.148
60.049,0,2,1,-1.2333,0.0000,-1.0342,0.2860,177.7940,0.0000,0.0000,0.0000,-0.9386,0.5010,171.3374,0.031,5530,0.0848,0.0830,0.3485,0,2,0.142
60.149,0,2,1,-1.2333,0.0000,-1.0434,0.2812,178.1100,0.0000,0.0000,0.0000,-1.1919,0.2636,-176.8713,0.020,5533,0.0131,0.0838,0.3394,0,2,0.117
60.250,0,2,1,-1.2333,0.0000,-1.0457,0.2764,178.1584,0.0000,0.0000,0.0000,-0.9710,0.4886,172.0743,0.038,5536,0.0133,0.0836,0.3341,0,2,0.117
60.350,0,2,1,-1.2333,0.0000,-1.0500,0.2715,178.3685,0.0000,0.0000,0.0000,-0.9779,0.4732,171.9948,0.003,5540,0.0131,0.0838,0.3276,0,2,0.117
60.452,0,2,1,-1.2333,0.0000,-1.0521,0.2665,178.2156,0.0000,0.0000,0.0000,-0.9766,0.4713,172.1221,0.039,5542,0.0964,0.0836,0.3223,0,2,0.117
60.549,0,2,1,-1.2333,0.0000,-1.0602,0.2617,178.3606,0.0000,0.0000,0.0000,-0.9822,0.4592,172.1034,0.007,5546,0.0923,0.0843,0.3137,0,2,0.123
60.649,0,2,1,-1.2333,0.0000,-1.0705,0.2566,178.3711,0.0000,0.0000,0.0000,-0.9833,0.4558,172.1333,0.032,5548,0.0138,0.1012,0.3039,0,2,0.117
60.751,0,2,1,-1.2333,0.0000,-1.0763,0.2482,178.5492,0.0000,0.0000,0.0000,-1.2159,0.2227,-176.3023,0.019,5551,0.0135,0.1014,0.2937,0,2,0.117
60.850,0,2,1,-1.2333,0.0000,-1.0779,0.2441,178.4054,0.0000,0.0000,0.0000,-1.0030,0.4350,172.4373,0.027,5554,0.0140,0.0693,0.2894,0,2,0.117
60.950,0,2,1,-1.2333,0.0000,-1.0805,0.2403,178.4960,0.0000,0.0000,0.0000,-1.2204,0.2048,-176.3176,0.003,5557,0.0139,0.0694,0.2848,0,2,0.117
61.051,0,2,1,-1.2333,0.0000,-1.0853,0.2335,178.4450,0.0000,0.0000,0.0000,-1.2215,0.2012,-176.2773,0.043,5559,0.0138,0.0694,0.2764,0,2,0.117
61.151,0,2,1,-1.2333,0.0000,-1.0884,0.2295,178.7038,0.0000,0.0000,0.0000,-1.1791,0.1538,-174.8213,0.026,5563,0.0746,0.0948,0.2714,0,2,0.151
61.251,0,2,1,-1.2333,0.0000,-1.0937,0.2249,178.6716,0.0000,0.0000,0.0000,-1.0140,0.4057,172.7255,0.038,5566,0.0587,0.0889,0.2647,0,2,0.184
61.350,0,2,1,-1.2333,0.0000,-1.1002,0.2187,178.8212,0.0000,0.0000,0.0000,-1.0169,0.3953,172.7633,0.003,5570,0.0886,0.0863,0.2560,0,2,0.124
61.452,0,2,1,-1.2333,0.0000,-1.1067,0.2113,178.7117,0.0000,0.0000,0.0000,-1.0398,0.3849,173.2200,0.036,5572,0.0207,0.1159,0.2464,0,2,0.117
61.549,0,2,1,-1.2333,0.0000,-1.1025,0.1990,178.7807,0.0000,0.0000,0.0000,-1.2356,0.1600,-175.8975,0.022,5575,0.0121,0.0844,0.2381,0,2,0.117
61.652,0,2,1,-1.2333,0.0000,-1.0880,0.1845,178.5485,0.0000,0.0000,0.0000,-0.3594,0.0210,153.1901,0.032,5578,0.0191,0.0796,0.2349,0,2,0.117
61.751,0,2,1,-1.2333,0.0000,-1.0847,0.1744,178.6815,0.0000,0.0000,0.0000,-0.3643,0.0131,153.2585,0.004,5582,0.0221,0.0772,0.2292,0,2,0.117
61.851,0,2,1,-1.2333,0.0000,-1.0716,0.1620,178.6978,0.0000,0.0000,0.0000,-0.3635,0.0122,153.3167,0.035,5584,0.0695,0.0719,0.2289,0,2,0.239
61.952,0,2,1,-1.2333,0.0000,-1.0736,0.1522,178.5544,0.0000,0.0000,0.0000,-0.3396,-0.0244,152.5006,0.003,5588,0.0930,0.0792,0.2206,0,2,0.153
62.051,0,2,1,-1.2333,0.0000,-1.0663,0.1406,178.3561,0.0000,0.0000,0.0000,-0.3689,-0.0095,153.2284,0.036,5590,0.0510,0.0758,0.2184,0,2,0.147
62.150,0,2,1,-1.2333,0.0000,-1.0645,0.1318,178.3615,0.0000,0.0000,0.0000,-1.2517,0.1081,-175.4349,0.007,5593,0.0395,0.0787,0.2142,0,2,0.117
62.251,0,2,1,-1.2333,0.0000,-1.0662,0.1233,178.2326,0.0000,0.0000,0.0000,-1.0910,0.3141,174.2572,0.011,5596,0.0412,0.0765,0.2077,0,2,0.117
62.352,0,2,1,-1.2333,0.0000,-1.0759,0.1175,178.2909,0.0000,0.0000,0.0000,-1.2601,0.0938,-175.2977,0.014,5599,0.0408,0.0770,0.1965,0,2,0.117
62.452,0,2,1,-1.2333,0.0000,-1.0829,0.1152,178.5712,0.0000,0.0000,0.0000,-1.1096,0.2919,174.4826,0.016,5602,0.0433,0.0766,0.1895,0,2,0.124
62.549,0,2,1,-1.2333,0.0000,-1.0948,0.1087,178.6908,0.0000,0.0000,0.0000,-1.2612,0.2352,178.5805,0.002,5606,0.0878,0.0672,0.1761,0,2,0.178
62.649,0,2,1,-1.2333,0.0000,-1.1086,0.1041,178.8859,0.0000,0.0000,0.0000,-1.2673,0.2259,178.6900,0.039,5608,0.0580,0.0830,0.1625,0,2,0.150
62.750,0,2,1,-1.2333,0.0000,-1.1192,0.0954,178.9715,0.0000,0.0000,0.0000,-1.2788,0.2151,178.8973,0.006,5612,0.0463,0.0947,0.1488,0,2,0.117
62.851,0,2,1,-1.2333,0.0000,-1.1298,0.0870,178.9654,0.0000,0.0000,0.0000,-1.2842,0.2080,179.0106,0.039,5614,0.0462,0.0949,0.1353,0,2,0.117
62.952,0,2,1,-1.2333,0.0000,-1.1400,0.0786,179.0339,0.0000,0.0000,0.0000,-1.2898,0.1920,178.9106,0.003,5618,0.0450,0.0927,0.1220,0,2,0.117
63.052,0,2,1,-1.2333,0.0000,-1.1502,0.0744,179.1704,0.0000,0.0000,0.0000,-1.1858,0.2266,176.0044,0.039,5620,0.0577,0.0416,0.1115,0,2,0.154
63.149,0,2,1,-1.2333,0.0000,-1.1607,0.0731,178.9719,0.0000,0.0000,0.0000,-1.1867,0.2164,176.0681,0.006,5624,0.0536,0.0511,0.1030,0,2,0.178
63.251,0,2,1,-1.2333,0.0000,-1.1697,0.0721,179.1336,0.0000,0.0000,0.0000,-1.2024,0.2062,176.2274,0.040,5626,0.0430,0.0418,0.0962,0,2,0.153
63.349,0,2,1,-1.2333,0.0000,-1.1787,0.0704,179.1556,0.0000,0.0000,0.0000,-1.3521,0.1154,-176.9190,0.029,5629,0.0362,0.0728,0.0891,0,2,0.152
63.450,0,2,1,-1.2333,0.0000,-1.1851,0.0652,179.0743,0.0000,0.0000,0.0000,-1.2129,0.1984,176.5682,0.007,5632,0.0274,0.0776,0.0811,0,2,0.117
63.550,0,2,1,-1.2333,0.0000,-1.1932,0.0617,179.0719,0.0000,0.0000,0.0000,-1.3569,0.0802,-176.4934,0.018,5635,0.0219,0.0725,0.0736,0,2,0.117
63.650,0,2,1,-1.2333,0.0000,-1.1977,0.0575,178.9972,0.0000,0.0000,0.0000,-1.2341,0.1698,176.7054,0.010,5638,0.0000,0.0000,0.0677,0,2,0.122
63.749,0,2,1,-1.2333,0.0000,-1.2030,0.0606,178.9247,0.0000,0.0000,0.0000,-1.2450,0.1560,176.8675,0.003,5642,0.0000,0.0000,0.0678,0,2,0.137
63.852,0,2,1,-1.2333,0.0000,-1.2062,0.0632,178.8828,0.0000,0.0000,0.0000,-1.2448,0.1570,176.8793,0.041,5644,0.0000,0.0000,0.0687,0,2,0.134
63.950,0,2,1,-1.2333,0.0000,-1.2105,0.0648,178.9061,0.0000,0.0000,0.0000,-1.2448,0.1571,176.8749,0.009,5648,0.0000,0.0000,0.0687,0,2,0.129
64.051,0,2,1,-1.2333,0.0000,-1.2134,0.0673,178.8766,0.0000,0.0000,0.0000,-1.2448,0.1570,176.8754,0.035,5650,0.0000,0.0000,0.0702,0,2,0.132
64.150,0,2,1,-1.2333,0.0000,-1.2174,0.0688,178.9082,0.0000,0.0000,0.0000,-1.3542,0.0826,-176.7702,0.025,5653,0.0000,0.0000,0.0706,0,2,0.133
64.251,0,2,1,-1.2333,0.0000,-1.2199,0.0712,178.8886,0.0000,0.0000,0.0000,-1.2448,0.1570,176.8775,0.042,5656,0.0000,0.0000,0.0725,0,2,0.131
64.350,0,2,1,-1.2333,0.0000,-1.2237,0.0726,178.9260,0.0000,0.0000,0.0000,-1.2448,0.1570,176.8746,0.008,5660,0.0000,0.0000,0.0733,0,2,0.133
64.450,0,2,1,-1.2333,0.0000,-1.2259,0.0749,178.9112,0.0000,0.0000,0.0000,-1.2448,0.1570,176.8773,0.039,5662,0.0000,0.0000,0.0753,0,2,0.132
64.549,0,2,1,-1.2333,0.0000,-1.2294,0.0762,178.9580,0.0000,0.0000,0.0000,-1.2448,0.1570,176.8759,0.006,5666,0.0000,0.0000,0.0763,0,2,0.134
64.653,0,2,1,-1.2333,0.0000,-1.2315,0.0784,178.9477,0.0000,0.0000,0.0000,-1.2448,0.1570,176.8755,0.046,5668,0.0000,0.0000,0.0784,1,3,0.128
64.750,0,2,1,-1.2333,0.0000,-1.2348,0.0795,178.9909,0.0000,0.0000,0.0000,-1.3543,0.0824,-176.7699,0.027,5671,0.0000,0.0000,0.0795,1,3,0.130
64.849,0,2,1,-1.2333,0.0000,-1.2366,0.0816,178.9843,0.0000,0.0000,0.0000,-1.2448,0.1570,176.8751,0.027,5674,0.0000,0.0000,0.0816,1,3,0.130
64.950,0,2,1,-1.2333,0.0000,-1.2382,0.0826,179.0012,0.0000,0.0000,0.0000,-1.3543,0.0824,-176.7717,0.057,5676,0.0000,0.0000,0.0827,1,3,0.133
65.050,0,2,1,-1.2333,0.0000,-1.2413,0.0836,179.0561,0.0000,0.0000,0.0000,-1.3543,0.0824,-176.7721,0.040,5679,0.0000,0.0000,0.0839,1,3,0.137
65.150,0,2,1,-1.2333,0.0000,-1.2443,0.0855,179.0870,0.0000,0.0000,0.0000,-1.3543,0.0823,-176.7697,0.028,5683,0.0000,0.0000,0.0862,1,3,0.117
65.251,0,2,1,-1.2333,0.0000,-1.2457,0.0873,179.0780,0.0000,0.0000,0.0000,-1.2448,0.1570,176.8748,0.036,5686,0.0000,0.0000,0.0882,1,3,0.117
65.349,0,2,1,-1.2333,0.0000,-1.2485,0.0881,179.1318,0.0000,0.0000,0.0000,-1.2448,0.1571,176.8695,0.003,5690,0.0000,0.0000,0.0894,1,3,0.117
65.452,0,2,1,-1.2333,0.0000,-1.2497,0.0898,179.1272,0.0000,0.0000,0.0000,-1.2448,0.1570,176.8742,0.041,5692,0.0000,0.0000,0.0913,1,3,0.117
65.551,0,2,1,-1.2333,0.0000,-1.2523,0.0914,179.1607,0.0000,0.0000,0.0000,-1.2448,0.1570,176.8743,0.008,5696,0.0000,0.0000,0.0933,1,3,0.117
65.650,0,2,1,-1.2333,0.0000,-1.2535,0.0921,179.1817,0.0000,0.0000,0.0000,-1.2447,0.1570,176.8780,0.040,5698,0.0000,0.0000,0.0943,1,3,0.117
65.750,0,2,1,-1.2333,0.0000,-1.2558,0.0936,179.2108,0.0000,0.0000,0.0000,-1.2447,0.1570,176.8751,0.009,5702,0.0000,0.0000,0.0962,1,3,0.117
65.849,0,2,1,-1.2333,0.0000,-1.2569,0.0942,179.2306,0.0000,0.0000,0.0000,-1.2447,0.1570,176.8767,0.038,5704,0.0000,0.0000,0.0971,1,3,0.117
65.948,0,2,1,-1.2333,0.0000,-1.2592,0.0948,179.2867,0.0000,0.0000,0.0000,-1.2447,0.1570,176.8784,0.006,5708,0.0000,0.0000,0.0982,1,3,0.117
66.050,0,2,1,-1.2333,0.0000,-1.2601,0.0962,179.2812,0.0000,0.0000,0.0000,-1.2447,0.1570,176.8769,0.038,5710,0.0000,0.0000,0.0998,1,3,0.117
66.150,0,2,1,-1.2333,0.0000,-1.2623,0.0967,179.3382,0.0000,0.0000,0.0000,-1.3544,0.0821,-176.7686,0.007,5713,0.0000,0.0000,0.1009,1,3,0.117
66.249,0,2,1,-1.2333,0.0000,-1.2633,0.0972,179.3545,0.0000,0.0000,0.0000,-1.2446,0.1570,176.8781,0.003,5716,0.0000,0.0000,0.1017,1,3,0.117
66.350,0,2,1,-1.2333,0.0000,-1.2652,0.0984,179.3834,0.0000,0.0000,0.0000,-1.3545,0.0820,-176.7673,0.012,5719,0.0000,0.0000,0.1034,1,3,0.117
66.451,0,2,1,-1.2333,0.0000,-1.2658,0.0997,179.3770,0.0000,0.0000,0.0000,-1.2446,0.1570,176.8790,0.028,5722,0.0000,0.0000,0.1048,1,3,0.117
66.553,0,2,1,-1.2333,0.0000,-1.2675,0.1008,179.4045,0.0000,0.0000,0.0000,-1.2446,0.1571,176.8753,0.010,5726,0.0000,0.0000,0.1064,1,3,0.117
66.651,0,2,1,-1.2333,0.0000,-1.2683,0.1012,179.4210,0.0000,0.0000,0.0000,-1.2446,0.1571,176.8748,0.042,5728,0.0000,0.0000,0.1071,1,3,0.117
66.750,0,2,1,-1.2333,0.0000,-1.2699,0.1022,179.4466,0.0000,0.0000,0.0000,-1.2446,0.1571,176.8750,0.010,5732,0.0000,0.0000,0.1085,1,3,0.117
66.850,0,2,1,-1.2333,0.0000,-1.2706,0.1027,179.4629,0.0000,0.0000,0.0000,-1.2446,0.1571,176.8753,0.041,5734,0.0000,0.0000,0.1092,1,3,0.117
66.951,0,2,1,-1.2333,0.0000,-1.2721,0.1035,179.4888,0.0000,0.0000,0.0000,-1.2446,0.1570,176.8773,0.011,5738,0.0000,0.0000,0.1106,1,3,0.117
67.050,0,2,1,-1.2333,0.0000,-1.2728,0.1040,179.5035,0.0000,0.0000,0.0000,-1.2446,0.1570,176.8768,0.040,5740,0.0000,0.0000,0.1112,1,3,0.117
67.150,0,2,1,-1.2333,0.0000,-1.2742,0.1048,179.5274,0.0000,0.0000,0.0000,-1.2446,0.1571,176.8763,0.006,5744,0.0000,0.0000,0.1124,1,3,0.117
67.250,0,2,1,-1.2333,0.0000,-1.2748,0.1052,179.5413,0.0000,0.0000,0.0000,-1.2446,0.1570,176.8768,0.040,5746,0.0000,0.0000,0.1130,1,3,0.117
67.350,0,2,1,-1.2333,0.0000,-1.2761,0.1059,179.5645,0.0000,0.0000,0.0000,-1.2446,0.1571,176.8742,0.007,5750,0.0000,0.0000,0.1142,1,3,0.117
67.450,0,2,1,-1.2333,0.0000,-1.2767,0.1063,179.5791,0.0000,0.0000,0.0000,-1.2445,0.1571,176.8758,0.038,5752,0.0000,0.0000,0.1148,1,3,0.117
67.550,0,2,1,-1.2333,0.0000,-1.2783,0.1063,179.6287,0.0000,0.0000,0.0000,-1.3546,0.0818,-176.7676,0.021,5755,0.0000,0.0000,0.1154,1,3,0.117
67.649,0,2,1,-1.2333,0.0000,-1.2784,0.1073,179.6147,0.0000,0.0000,0.0000,-1.2445,0.1571,176.8756,0.032,5758,0.0000,0.0000,0.1164,1,3,0.117
67.749,0,2,1,-1.2333,0.0000,-1.2799,0.1073,179.6641,0.0000,0.0000,0.0000,-1.3546,0.0818,-176.7661,0.007,5761,0.0000,0.0000,0.1170,1,3,0.117
67.851,0,2,1,-1.2333,0.0000,-1.2800,0.1083,179.6486,0.0000,0.0000,0.0000,-1.2445,0.1572,176.8703,0.013,5764,0.0000,0.0000,0.1179,1,3,0.117
67.950,0,2,1,-1.2333,0.0000,-1.2814,0.1082,179.6962,0.0000,0.0000,0.0000,-1.2445,0.1571,176.8772,0.004,5768,0.0000,0.0000,0.1184,1,3,0.117
68.050,0,2,1,-1.2333,0.0000,-1.2814,0.1091,179.6795,0.0000,0.0000,0.0000,-1.2445,0.1571,176.8749,0.039,5770,0.0000,0.0000,0.1193,1,3,0.117
68.150,0,2,1,-1.2333,0.0000,-1.2823,0.1097,179.6922,0.0000,0.0000,0.0000,-1.2445,0.1571,176.8764,0.007,5774,0.0000,0.0000,0.1201,1,3,0.117
68.251,0,2,1,-1.2333,0.0000,-1.2828,0.1099,179.7044,0.0000,0.0000,0.0000,-1.2445,0.1571,176.8755,0.039,5776,0.0000,0.0000,0.1205,1,3,0.117
68.350,0,2,1,-1.2333,0.0000,-1.2836,0.1104,179.7216,0.0000,0.0000,0.0000,-1.2445,0.1572,176.8722,0.007,5780,0.0000,0.0000,0.1213,1,3,0.117
68.453,0,2,1,-1.2333,0.0000,-1.2840,0.1107,179.7326,0.0000,0.0000,0.0000,-1.2445,0.1572,176.8730,0.042,5782,0.0000,0.0000,0.1217,1,3,0.117
68.549,0,2,1,-1.2333,0.0000,-1.2848,0.1111,179.7502,0.0000,0.0000,0.0000,-1.2445,0.1572,176.8707,0.010,5786,0.0000,0.0000,0.1225,1,3,0.117
68.650,0,2,1,-1.2333,0.0000,-1.2852,0.1113,179.7604,0.0000,0.0000,0.0000,-1.2444,0.1572,176.8730,0.043,5788,0.0000,0.0000,0.1228,1,3,0.117
68.751,0,2,1,-1.2333,0.0000,-1.2859,0.1118,179.7757,0.0000,0.0000,0.0000,-1.2444,0.1571,176.8748,0.007,5792,0.0000,0.0000,0.1235,1,3,0.117
68.850,0,2,1,-1.2333,0.0000,-1.2862,0.1120,179.7856,0.0000,0.0000,0.0000,-1.2443,0.1570,176.8785,0.039,5794,0.0000,0.0000,0.1238,1,3,0.117
68.949,0,2,1,-1.2333,0.0000,-1.2866,0.1122,179.7939,0.0000,0.0000,0.0000,-1.3547,0.0815,-176.7639,0.011,5797,0.0000,0.0000,0.1242,1,3,0.117
69.050,0,2,1,-1.2333,0.0000,-1.2878,0.1119,179.8373,0.0000,0.0000,0.0000,-1.3547,0.0815,-176.7636,0.059,5799,0.0000,0.0000,0.1245,1,3,0.117
69.151,0,2,1,-1.2333,0.0000,-1.2875,0.1127,179.8162,0.0000,0.0000,0.0000,-1.2443,0.1571,176.8754,0.043,5802,0.0000,0.0000,0.1251,1,3,0.117
69.249,0,2,1,-1.2333,0.0000,-1.2881,0.1131,179.8297,0.0000,0.0000,0.0000,-1.2443,0.1571,176.8754,0.042,5806,0.0000,0.0000,0.1257,1,3,0.117
69.351,0,2,1,-1.2333,0.0000,-1.2887,0.1134,179.8433,0.0000,0.0000,0.0000,-1.2443,0.1572,176.8732,0.007,5810,0.0000,0.0000,0.1262,1,3,0.117
69.451,0,2,1,-1.2333,0.0000,-1.2890,0.1136,179.8502,0.0000,0.0000,0.0000,-1.2443,0.1572,176.8729,0.040,5812,0.0000,0.0000,0.1265,1,3,0.117
69.551,0,2,1,-1.2333,0.0000,-1.2901,0.1133,179.8916,0.0000,0.0000,0.0000,-1.2443,0.1572,176.8723,0.002,5816,0.0000,0.0000,0.1267,1,3,0.117
69.651,0,2,1,-1.2333,0.0000,-1.2898,0.1140,179.8701,0.0000,0.0000,0.0000,-1.2442,0.1571,176.8794,0.042,5818,0.0000,0.0000,0.1272,1,3,0.117
69.750,0,2,1,-1.2333,0.0000,-1.2903,0.1143,179.8792,0.0000,0.0000,0.0000,-1.2445,0.1583,176.8483,0.006,5822,0.0000,0.0000,0.1277,1,3,0.117
69.850,0,2,1,-1.2333,0.0000,-1.2905,0.1145,179.8865,0.0000,0.0000,0.0000,-1.2445,0.1581,176.8552,0.031,5824,0.0000,0.0000,0.1279,1,3,0.117
69.950,0,2,1,-1.2333,0.0000,-1.2722,0.1079,179.4549,0.0000,0.0000,0.0000,-0.5139,-0.1059,154.2576,0.008,5828,0.0000,0.0000,0.1147,1,3,0.117
70.051,0,2,1,-1.2333,0.0000,-1.2634,0.1048,179.2480,0.0000,0.0000,0.0000,-0.5139,-0.1059,154.2558,0.041,5830,0.0000,0.0000,0.1090,1,3,0.117
70.150,0,2,1,-1.2333,0.0000,-1.2561,0.1015,179.0854,0.0000,0.0000,0.0000,-0.5139,-0.1059,154.2575,0.003,5834,0.0000,0.0000,0.1040,1,3,0.117
70.250,0,2,1,-1.2333,0.0000,-1.2381,0.0959,178.6395,0.0000,0.0000,0.0000,-0.5093,-0.1046,154.4854,0.013,5836,0.0000,0.0000,0.0960,1,3,0.117
70.351,0,2,1,-1.2333,0.0000,-1.2317,0.0929,178.4953,0.0000,0.0000,0.0000,-1.3548,0.0812,-176.7629,0.019,5839,0.0000,0.0000,0.0929,1,3,0.117
70.450,0,2,1,-1.2333,0.0000,-1.2146,0.0876,178.0733,0.0000,0.0000,0.0000,-0.5093,-0.1046,154.4854,0.024,5842,0.0000,0.0000,0.0896,1,3,0.117
70.550,0,2,1,-1.2333,0.0000,-1.2090,0.0850,177.9447,0.0000,0.0000,0.0000,-1.3549,0.0812,-176.7615,0.011,5845,0.0000,0.0000,0.0884,1,3,0.117
70.651,0,2,1,-1.2333,0.0000,-1.1928,0.0800,177.5364,0.0000,0.0000,0.0000,-0.5093,-0.1046,154.4854,0.024,5848,0.0000,0.0000,0.0897,1,3,0.117
70.751,0,2,1,-1.2333,0.0000,-1.1882,0.0777,177.4277,0.0000,0.0000,0.0000,-0.5093,-0.1046,154.4854,0.005,5852,0.0000,0.0000,0.0898,1,3,0.117
70.850,0,2,1,-1.2333,0.0000,-1.1729,0.0730,177.0376,0.0000,0.0000,0.0000,-0.5093,-0.1046,154.4854,0.044,5854,0.0000,0.0000,0.0948,1,3,0.117
70.950,0,2,1,-1.2333,0.0000,-1.1605,0.0687,176.7217,0.0000,0.0000,0.0000,-0.5093,-0.1046,154.4854,0.007,5858,0.0000,0.0000,0.1001,1,3,0.117
71.050,0,2,1,-1.2333,0.0000,-1.1545,0.0666,176.5694,0.0000,0.0000,0.0000,-0.5093,-0.1046,154.4854,0.040,5860,0.0000,0.0000,0.1032,1,3,0.117
71.149,0,2,1,-1.2333,0.0000,-1.1514,0.0647,176.4887,0.0000,0.0000,0.0000,-0.5093,-0.1046,154.4854,0.005,5864,0.0000,0.0000,0.1044,1,3,0.117
71.250,0,2,1,-1.2333,0.0000,-1.1375,0.0606,176.1287,0.0000,0.0000,0.0000,-0.5093,-0.1046,154.4854,0.040,5866,0.0000,0.0000,0.1134,1,3,0.117
71.351,0,2,1,-1.2333,0.0000,-1.1269,0.0569,175.8457,0.0000,0.0000,0.0000,-0.5093,-0.1046,154.4854,0.005,5870,0.0000,0.0000,0.1207,1,3,0.117
71.450,0,2,1,-1.2333,0.0000,-1.1218,0.0551,175.7092,0.0000,0.0000,0.0000,-0.5093,-0.1046,154.4854,0.038,5872,0.0000,0.0000,0.1244,1,3,0.117
71.551,0,2,1,-1.2333,0.0000,-1.1120,0.0516,175.4431,0.0000,0.0000,0.0000,-0.5093,-0.1046,154.4854,0.007,5876,0.0000,0.0000,0.1319,1,3,0.117
71.652,0,2,1,-1.2333,0.0000,-1.1072,0.0500,175.3156,0.0000,0.0000,0.0000,-0.5093,-0.1046,154.4854,0.027,5878,0.0000,0.0000,0.1356,1,3,0.117
71.750,0,2,1,-1.2333,0.0000,-1.1026,0.0483,175.1921,0.0000,0.0000,0.0000,-1.3550,0.0810,-176.7602,0.049,5880,0.0000,0.0000,0.1393,1,3,0.117
71.851,0,2,1,-1.2333,0.0000,-1.1015,0.0472,175.1508,0.0000,0.0000,0.0000,-1.3550,0.0809,-176.7607,0.034,5883,0.0000,0.0000,0.1400,1,3,0.117
71.949,0,2,1,-1.2333,0.0000,-1.0929,0.0442,174.9074,0.0000,0.0000,0.0000,-1.3550,0.0809,-176.7589,0.029,5887,0.0000,0.0000,0.1473,1,3,0.117
72.050,0,2,1,-1.2333,0.0000,-1.0812,0.0408,174.5907,0.0000,0.0000,0.0000,-0.5093,-0.1046,154.4854,0.037,5890,0.0000,0.0000,0.1575,1,3,0.117
72.149,0,2,1,-1.2333,0.0000,-1.0809,0.0400,174.5677,0.0000,0.0000,0.0000,-0.5093,-0.1046,154.4854,0.003,5894,0.0000,0.0000,0.1576,1,3,0.117
72.251,0,2,1,-1.2333,0.0000,-1.0698,0.0368,174.2648,0.0000,0.0000,0.0000,-0.5093,-0.1046,154.4854,0.035,5896,0.0000,0.0000,0.1677,1,3,0.117
72.350,0,2,1,-1.2333,0.0000,-1.0626,0.0343,174.0568,0.0000,0.0000,0.0000,-0.5093,-0.1046,154.4854,0.010,5900,0.0000,0.0000,0.1741,1,3,0.117
72.450,0,2,1,-1.2333,0.0000,-1.0592,0.0331,173.9595,0.0000,0.0000,0.0000,-0.5093,-0.1046,154.4854,0.038,5902,0.0000,0.0000,0.1772,1,3,0.117
72.550,0,2,1,-1.2333,0.0000,-1.0526,0.0307,173.7642,0.0000,0.0000,0.0000,-0.5093,-0.1046,154.4854,0.009,5906,0.0000,0.0000,0.1833,1,3,0.117
72.651,0,2,1,-1.2333,0.0000,-1.0494,0.0296,173.6719,0.0000,0.0000,0.0000,-0.5093,-0.1046,154.4854,0.046,5908,0.0000,0.0000,0.1863,1,3,0.117
72.750,0,2,1,-1.2333,0.0000,-1.0433,0.0275,173.4865,0.0000,0.0000,0.0000,-0.5093,-0.1046,154.4854,0.006,5912,0.0000,0.0000,0.1920,1,3,0.117
72.849,0,2,1,-1.2333,0.0000,-1.0404,0.0264,173.3983,0.0000,0.0000,0.0000,-0.5093,-0.1046,154.4854,0.042,5914,0.0000,0.0000,0.1947,1,3,0.117
72.950,0,2,1,-1.2333,0.0000,-1.0375,0.0254,173.3075,0.0000,0.0000,0.0000,-0.5093,-0.1046,154.4854,0.070,5916,0.0000,0.0000,0.1974,1,3,0.117
73.049,0,2,1,-1.2333,0.0000,-1.0390,0.0252,173.3234,0.0000,0.0000,0.0000,-0.5093,-0.1046,154.4854,0.009,5920,0.0000,0.0000,0.1960,1,3,0.117
73.149,0,2,1,-1.2333,0.0000,-1.0336,0.0233,173.1555,0.0000,0.0000,0.0000,-1.3551,0.0807,-176.7604,0.018,5923,0.0000,0.0000,0.2011,1,3,0.117
73.250,0,2,1,-1.2333,0.0000,-1.0242,0.0207,172.8923,0.0000,0.0000,0.0000,-0.5093,-0.1046,154.4854,0.029,5926,0.0000,0.0000,0.2102,1,3,0.117
73.350,0,2,1,-1.2333,0.0000,-1.0194,0.0190,172.7374,0.0000,0.0000,0.0000,-0.5093,-0.1046,154.4854,0.008,5930,0.0000,0.0000,0.2148,1,3,0.117
73.450,0,2,1,-1.2333,0.0000,-1.0171,0.0182,172.6655,0.0000,0.0000,0.0000,-0.5093,-0.1046,154.4854,0.034,5932,0.0000,0.0000,0.2170,1,3,0.117
73.551,0,2,1,-1.2333,0.0000,-1.0127,0.0167,172.5169,0.0000,0.0000,0.0000,-0.5093,-0.1046,154.4854,0.008,5936,0.0000,0.0000,0.2213,1,3,0.117
73.652,0,2,1,-1.2333,0.0000,-1.0105,0.0159,172.4483,0.0000,0.0000,0.0000,-0.5093,-0.1046,154.4854,0.036,5938,0.0000,0.0000,0.2234,1,3,0.117
73.749,0,2,1,-1.2333,0.0000,-1.0064,0.0145,172.3121,0.0000,0.0000,0.0000,-0.5093,-0.1046,154.4854,0.011,5942,0.0000,0.0000,0.2274,1,3,0.117
73.850,0,2,1,-1.2333,0.0000,-1.0045,0.0138,172.2468,0.0000,0.0000,0.0000,-0.5093,-0.1046,154.4854,0.037,5944,0.0000,0.0000,0.2293,1,3,0.117
73.949,0,2,1,-1.2333,0.0000,-1.0007,0.0124,172.1176,0.0000,0.0000,0.0000,-0.5093,-0.1046,154.4854,0.008,5948,0.0000,0.0000,0.2330,1,3,0.117
74.051,0,2,1,-1.2333,0.0000,-0.9989,0.0118,172.0565,0.0000,0.0000,0.0000,-0.5093,-0.1046,154.4854,0.045,5950,0.0000,0.0000,0.2348,1,3,0.117
74.150,0,2,1,-1.2333,0.0000,-1.0018,0.0121,172.1102,0.0000,0.0000,0.0000,-0.5093,-0.1046,154.4854,0.002,5954,0.0000,0.0000,0.2319,1,3,0.117
74.251,0,2,1,-1.2333,0.0000,-0.9937,0.0099,171.8787,0.0000,0.0000,0.0000,-0.5093,-0.1046,154.4854,0.042,5956,0.0000,0.0000,0.2399,1,3,0.117
74.350,0,2,1,-1.2333,0.0000,-0.9967,0.0103,171.9346,0.0000,0.0000,0.0000,-0.5093,-0.1046,154.4854,0.003,5960,0.0000,0.0000,0.2368,1,3,0.117
74.450,0,2,1,-1.2333,0.0000,-0.9888,0.0082,171.7076,0.0000,0.0000,0.0000,-0.5093,-0.1046,154.4854,0.031,5962,0.0000,0.0000,0.2446,1,3,0.117
74.550,0,2,1,-1.2333,0.0000,-0.9921,0.0086,171.7715,0.0000,0.0000,0.0000,-1.3552,0.0805,-176.7591,0.009,5965,0.0000,0.0000,0.2413,1,3,0.117
74.651,0,2,1,-1.2333,0.0000,-0.9843,0.0066,171.5477,0.0000,0.0000,0.0000,-0.5093,-0.1046,154.4854,0.033,5968,0.0000,0.0000,0.2491,1,3,0.117
74.751,0,2,1,-1.2333,0.0000,-0.9816,0.0057,171.4452,0.0000,0.0000,0.0000,-0.5093,-0.1046,154.4854,0.006,5972,0.0000,0.0000,0.2518,1,3,0.117
74.851,0,2,1,-1.2333,0.0000,-0.9803,0.0052,171.3989,0.0000,0.0000,0.0000,-0.5093,-0.1046,154.4854,0.040,5974,0.0000,0.0000,0.2531,1,3,0.117
74.949,0,2,1,-1.2333,0.0000,-0.9777,0.0043,171.3011,0.0000,0.0000,0.0000,-0.5093,-0.1046,154.4854,0.010,5978,0.0000,0.0000,0.2557,1,3,0.117
75.051,0,2,1,-1.2333,0.0000,-0.9765,0.0038,171.2565,0.0000,0.0000,0.0000,-0.5093,-0.1046,154.4854,0.043,5980,0.0000,0.0000,0.2569,1,3,0.117
75.150,0,2,1,-1.2333,0.0000,-0.9741,0.0030,171.1659,0.0000,0.0000,0.0000,-0.5093,-0.1046,154.4854,0.008,5984,0.0000,0.0000,0.2592,1,3,0.117
75.250,0,2,1,-1.2333,0.0000,-0.9730,0.0026,171.1247,0.0000,0.0000,0.0000,-0.5093,-0.1046,154.4854,0.044,5986,0.0000,0.0000,0.2604,1,3,0.117
75.351,0,2,1,-1.2333,0.0000,-0.9708,0.0018,171.0380,0.0000,0.0000,0.0000,-0.5093,-0.1046,154.4854,0.009,5990,0.0000,0.0000,0.2625,1,3,0.117
75.450,0,2,1,-1.2333,0.0000,-0.9698,0.0015,170.9996,0.0000,0.0000,0.0000,-0.5093,-0.1046,154.4854,0.046,5992,0.0000,0.0000,0.2636,1,3,0.117
75.549,0,2,1,-1.2333,0.0000,-0.9677,0.0007,170.9180,0.0000,0.0000,0.0000,-0.5093,-0.1046,154.4854,0.011,5996,0.0000,0.0000,0.2656,1,3,0.117
75.649,0,2,1,-1.2333,0.0000,-0.9668,0.0004,170.8802,0.0000,0.0000,0.0000,-0.5093,-0.1046,154.4854,0.045,5998,0.0000,0.0000,0.2666,1,3,0.117
75.750,0,2,1,-1.2333,0.0000,-0.9659,0.0001,170.8438,0.0000,0.0000,0.0000,-1.3553,0.0803,-176.7563,0.058,6000,0.0000,0.0000,0.2674,1,3,0.117
75.849,0,2,1,-1.2333,0.0000,-0.9702,0.0008,170.9330,0.0000,0.0000,0.0000,-0.5093,-0.1046,154.4854,0.003,6004,0.0000,0.0000,0.2632,1,3,0.117
75.950,0,2,1,-1.2333,0.0000,-0.9683,0.0002,170.8582,0.0000,0.0000,0.0000,-1.3553,0.0802,-176.7566,0.019,6007,0.0000,0.0000,0.2650,1,3,0.117
76.050,0,2,1,-1.2333,0.0000,-0.9615,-0.0015,170.6639,0.0000,0.0000,0.0000,-0.5093,-0.1046,154.4854,0.040,6010,0.0000,0.0000,0.2718,1,3,0.117
76.150,0,2,1,-1.2333,0.0000,-0.9658,-0.0007,170.7488,0.0000,0.0000,0.0000,-0.5093,-0.1046,154.4854,0.002,6014,0.0000,0.0000,0.2675,1,3,0.117
76.251,0,2,1,-1.2333,0.0000,-0.9591,-0.0023,170.5581,0.0000,0.0000,0.0000,-0.5093,-0.1046,154.4854,0.044,6016,0.0000,0.0000,0.2742,1,3,0.117
76.350,0,2,1,-1.2333,0.0000,-0.9577,-0.0029,170.4947,0.0000,0.0000,0.0000,-0.5093,-0.1046,154.4854,0.008,6020,0.0000,0.0000,0.2757,1,3,0.117
76.450,0,2,1,-1.2333,0.0000,-0.9570,-0.0031,170.4654,0.0000,0.0000,0.0000,-0.5093,-0.1046,154.4854,0.041,6022,0.0000,0.0000,0.2764,1,3,0.117
76.553,0,2,1,-1.2333,0.0000,-0.9556,-0.0036,170.4034,0.0000,0.0000,0.0000,-0.5093,-0.1046,154.4854,0.011,6026,0.0000,0.0000,0.2777,1,3,0.117
76.651,0,2,1,-1.2333,0.0000,-0.9550,-0.0038,170.3771,0.0000,0.0000,0.0000,-0.5093,-0.1046,154.4854,0.044,6028,0.0000,0.0000,0.2784,1,3,0.117
76.749,0,2,1,-1.2333,0.0000,-0.9596,-0.0030,170.4794,0.0000,0.0000,0.0000,-0.5093,-0.1046,154.4854,0.008,6032,0.0000,0.0000,0.2738,1,3,0.117
76.851,0,2,1,-1.2333,0.0000,-0.9531,-0.0045,170.2955,0.0000,0.0000,0.0000,-0.5093,-0.1046,154.4854,0.042,6034,0.0000,0.0000,0.2802,1,3,0.117
76.952,0,2,1,-1.2333,0.0000,-0.9578,-0.0036,170.3966,0.0000,0.0000,0.0000,-0.5093,-0.1046,154.4854,0.002,6038,0.0000,0.0000,0.2755,1,3,0.117
77.051,0,2,1,-1.2333,0.0000,-0.9513,-0.0052,170.2122,0.0000,0.0000,0.0000,-0.5093,-0.1046,154.4854,0.011,6040,0.0000,0.0000,0.2820,1,3,0.117
77.151,0,2,1,-1.2333,0.0000,-0.9561,-0.0042,170.3200,0.0000,0.0000,0.0000,-0.5093,-0.1046,154.4854,0.002,6044,0.0000,0.0000,0.2773,1,3,0.117
77.250,0,2,1,-1.2333,0.0000,-0.9498,-0.0057,170.1403,0.0000,0.0000,0.0000,-1.3554,0.0800,-176.7549,0.022,6046,0.0000,0.0000,0.2836,1,3,0.117
77.350,0,2,1,-1.2333,0.0000,-0.9546,-0.0048,170.2493,0.0000,0.0000,0.0000,-1.3554,0.0800,-176.7557,0.023,6049,0.0000,0.0000,0.2788,1,3,0.117
77.451,0,2,1,-1.2333,0.0000,-0.9482,-0.0063,170.0707,0.0000,0.0000,0.0000,-0.5093,-0.1046,154.4854,0.037,6052,0.0000,0.0000,0.2852,1,3,0.117
77.552,0,2,1,-1.2333,0.0000,-0.9473,-0.0066,170.0270,0.0000,0.0000,0.0000,-0.5093,-0.1046,154.4854,0.012,6056,0.0000,0.0000,0.2861,1,3,0.117
77.649,0,2,1,-1.2333,0.0000,-0.9469,-0.0068,170.0053,0.0000,0.0000,0.0000,-0.5093,-0.1046,154.4854,0.036,6058,0.0000,0.0000,0.2865,1,3,0.117
77.749,0,2,1,-1.2333,0.0000,-0.9518,-0.0058,170.1169,0.0000,0.0000,0.0000,-0.5093,-0.1046,154.4854,0.008,6062,0.0000,0.0000,0.2816,1,3,0.117
77.852,0,2,1,-1.2333,0.0000,-0.9457,-0.0072,169.9443,0.0000,0.0000,0.0000,-0.5093,-0.1046,154.4854,0.040,6064,0.0000,0.0000,0.2878,1,3,0.117
77.951,0,2,1,-1.2333,0.0000,-0.9449,-0.0075,169.9059,0.0000,0.0000,0.0000,-0.5093,-0.1046,154.4854,0.008,6068,0.0000,0.0000,0.2886,1,3,0.117
78.051,0,2,1,-1.2333,0.0000,-0.9445,-0.0076,169.8894,0.0000,0.0000,0.0000,-0.5093,-0.1046,154.4854,0.039,6070,0.0000,0.0000,0.2889,1,3,0.117
78.153,0,2,1,-1.2333,0.0000,-0.9495,-0.0066,170.0050,0.0000,0.0000,0.0000,-0.5093,-0.1046,154.4854,0.002,6074,0.0000,0.0000,0.2839,1,3,0.117
78.252,0,2,1,-1.2333,0.0000,-0.9434,-0.0080,169.8369,0.0000,0.0000,0.0000,-0.5093,-0.1046,154.4854,0.043,6076,0.0000,0.0000,0.2900,1,3,0.117
78.352,0,2,1,-1.2333,0.0000,-0.9428,-0.0083,169.8036,0.0000,0.0000,0.0000,-0.5093,-0.1046,154.4854,0.010,6080,0.0000,0.0000,0.2907,1,3,0.117
78.451,0,2,1,-1.2333,0.0000,-0.9425,-0.0084,169.7889,0.0000,0.0000,0.0000,-1.3555,0.0798,-176.7534,0.025,6082,0.0000,0.0000,0.2909,1,3,0.117
78.550,0,2,1,-1.2333,0.0000,-0.9423,-0.0085,169.7752,0.0000,0.0000,0.0000,-1.3555,0.0798,-176.7535,0.060,6084,0.0000,0.0000,0.2912,1,3,0.117
78.650,0,2,1,-1.2333,0.0000,-0.9417,-0.0087,169.7398,0.0000,0.0000,0.0000,-0.5093,-0.1046,154.4854,0.012,6088,0.0000,0.0000,0.2918,1,3,0.117
78.749,0,2,1,-1.2333,0.0000,-0.9468,-0.0077,169.8606,0.0000,0.0000,0.0000,-0.5093,-0.1046,154.4854,0.006,6092,0.0000,0.0000,0.2867,1,3,0.117
78.854,0,3,0,-1.2333,0.0000,-0.9408,-0.0090,169.6952,0.0000,0.0000,0.0000,-0.5093,-0.1046,154.4854,0.041,6094,0.0000,0.0000,0.2927,1,3,0.117
78.951,0,3,0,-1.2333,0.0000,-0.9419,-0.0076,169.7838,0.0000,0.0000,0.0000,-0.5093,-0.1046,154.4854,0.011,6098,0.0841,-0.0393,0.2916,1,3,0.117
79.052,0,3,0,-1.2333,0.0000,-0.9487,-0.0028,171.3939,0.0000,0.0000,0.0000,-1.3663,0.0677,-175.9369,0.003,6101,0.0841,-0.0377,0.2846,1,3,0.117
79.149,0,3,0,-1.2333,0.0000,-0.9699,0.0061,173.1168,0.0000,0.0000,0.0000,-1.1881,0.2253,177.3679,0.003,6104,0.0840,-0.0344,0.2635,1,3,0.117
79.251,0,3,0,-1.2333,0.0000,-0.9893,0.0179,174.7312,0.0000,0.0000,0.0000,-1.1739,0.2514,177.6332,0.041,6106,0.0837,-0.0294,0.2447,1,3,0.117
79.351,0,3,0,-1.2333,0.0000,-1.0157,0.0261,175.9019,0.0000,0.0000,0.0000,-1.4262,-0.0204,-172.1881,0.014,6110,0.0832,-0.0248,0.2192,1,3,0.117
79.449,0,3,0,-1.2333,0.0000,-1.0335,0.0289,176.6968,0.0000,0.0000,0.0000,-1.4227,-0.0239,-171.9167,0.043,6112,0.0828,-0.0224,0.2020,1,3,0.117
79.551,0,3,0,-1.2333,0.0000,-1.0627,0.0318,177.8433,0.0000,0.0000,0.0000,-1.4354,-0.0312,-170.9425,0.010,6116,0.0869,0.0467,0.1735,1,3,0.142
79.652,0,3,0,-1.2333,0.0000,-1.0810,0.0316,178.4619,0.0000,0.0000,0.0000,-1.4475,0.0846,-170.2383,0.003,6119,0.0817,-0.0165,0.1555,1,3,0.117
79.751,0,3,0,-1.2333,0.0000,-1.1035,0.0338,179.0250,0.0000,0.0000,0.0000,-1.4515,0.0797,-169.9042,0.015,6121,0.0805,-0.0116,0.1341,1,3,0.117
79.851,0,3,0,-1.2333,0.0000,-1.1248,0.0340,179.3274,0.0000,0.0000,0.0000,-1.4451,-0.0172,-170.5459,0.010,6124,0.0719,-0.0063,0.1138,1,3,0.117
79.949,0,3,0,-1.2333,0.0000,-1.1450,0.0348,179.5629,0.0000,0.0000,0.0000,-1.4557,0.0751,-169.5668,0.023,6127,0.0581,-0.0001,0.0949,1,3,0.117
80.051,0,3,0,-1.2333,0.0000,-1.1634,0.0339,179.9083,0.0000,0.0000,0.0000,-1.4766,-0.0115,-170.5163,0.035,6130,0.0456,0.0042,0.0777,1,3,0.117
80.153,0,3,1,-1.2333,-0.6167,-1.1837,0.0329,-179.6785,0.0000,0.0000,0.0000,-1.4782,-0.0102,-170.6217,0.017,6134,-0.0099,0.0615,0.6515,1,3,0.117
80.251,0,3,1,-1.2333,-0.6167,-1.1918,0.0284,-179.6535,0.0000,0.0000,0.0000,-1.4598,0.0717,-169.4195,0.003,6137,-0.0111,0.0615,0.6464,1,3,0.117
80.352,0,3,1,-1.2333,-0.6167,-1.2028,0.0268,-179.5816,0.0000,0.0000,0.0000,-1.2586,0.2981,-179.5834,0.009,6140,-0.0128,0.0616,0.6442,1,3,0.117
80.452,0,3,1,-1.2333,-0.6167,-1.2061,0.0253,-179.9168,0.0000,0.0000,0.0000,-1.4946,0.0894,-171.2713,0.003,6143,-0.0133,0.0616,0.6425,1,3,0.117
80.550,0,3,1,-1.2333,-0.6167,-1.2139,0.0272,-179.9130,0.0000,0.0000,0.0000,-1.2672,0.2709,-179.5384,0.013,6146,-0.0145,0.0616,0.6442,1,3,0.117
80.651,0,3,1,-1.2333,-0.6167,-1.2168,0.0251,179.8926,0.0000,0.0000,0.0000,-1.2684,0.2623,-179.6812,0.047,6148,-0.0113,0.0704,0.6420,1,3,0.136
80.750,0,3,1,-1.2333,-0.6167,-1.2241,0.0250,179.9816,0.0000,0.0000,0.0000,-1.2761,0.2449,-179.6271,0.011,6152,-0.0082,0.1194,0.6417,1,3,0.158
80.850,0,3,1,-1.2333,-0.6167,-1.2272,0.0179,-179.9994,0.0000,0.0000,0.0000,-1.2750,0.2392,-179.6582,0.048,6154,-0.0039,0.1079,0.6346,1,3,0.183
80.951,0,3,1,-1.2333,-0.6167,-1.2278,0.0122,179.6436,0.0000,0.0000,0.0000,-1.2751,0.2205,-179.7600,0.011,6156,-0.0059,0.1125,0.6289,1,3,0.173
81.051,0,3,1,-1.2333,-0.6167,-1.2282,0.0041,179.5237,0.0000,0.0000,0.0000,-1.2795,0.2047,-179.8047,0.045,6157,-0.0008,0.0660,0.6208,1,3,0.132
81.149,0,3,1,-1.2333,-0.6167,-1.2288,-0.0008,179.6742,0.0000,0.0000,0.0000,-1.2781,0.1961,-179.8760,0.054,6158,-0.0009,0.0710,0.6159,1,3,0.142
81.250,0,3,1,-1.2333,-0.6167,-1.2354,-0.0022,179.6366,0.0000,0.0000,0.0000,-1.2764,0.1831,-179.7695,0.029,6161,-0.0020,0.0585,0.6145,1,3,0.117
81.350,0,3,1,-1.2333,-0.6167,-1.2462,-0.0050,179.6516,0.0000,0.0000,0.0000,-1.6160,0.0214,-173.1946,0.014,6164,-0.0037,0.0584,0.6118,1,3,0.117
81.450,0,3,1,-1.2333,-0.6167,-1.2519,-0.0059,179.6177,0.0000,0.0000,0.0000,-1.2840,0.1641,-179.6952,0.014,6167,-0.0047,0.0584,0.6111,1,3,0.117
81.551,0,3,1,-1.2333,-0.6167,-1.2619,-0.0066,179.6196,0.0000,0.0000,0.0000,-1.2849,0.1509,-179.8884,0.005,6171,-0.0063,0.0583,0.6107,1,3,0.117
81.650,0,3,1,-1.2333,-0.6167,-1.2663,-0.0097,179.4376,0.0000,0.0000,0.0000,-1.2821,0.1481,-179.8418,0.036,6173,-0.0364,0.1291,0.6078,1,3,0.117
81.749,0,3,1,-1.2333,-0.6167,-1.2682,-0.0187,179.7013,0.0000,0.0000,0.0000,-1.2832,0.1387,-179.7829,0.008,6177,-0.0368,0.1291,0.5990,1,3,0.117
81.851,0,3,1,-1.2333,-0.6167,-1.2671,-0.0277,179.6960,0.0000,0.0000,0.0000,-1.2837,0.1284,-179.9855,0.045,6179,-0.0367,0.1291,0.5899,1,3,0.117
81.951,0,3,1,-1.2333,-0.6167,-1.2672,-0.0390,179.8354,0.0000,0.0000,0.0000,-1.2788,0.1059,179.9341,0.011,6183,-0.0368,0.1291,0.5787,1,3,0.117
82.049,0,3,1,-1.2333,-0.6167,-1.2682,-0.0489,179.6190,0.0000,0.0000,0.0000,-1.2650,0.1036,179.6740,0.040,6185,-0.0371,0.1290,0.5689,1,3,0.117
82.152,0,3,1,-1.2333,-0.6167,-1.2686,-0.0593,179.6314,0.0000,0.0000,0.0000,-1.2614,0.0823,179.4949,0.006,6188,0.0049,0.0687,0.5585,1,3,0.133
82.252,0,3,1,-1.2333,-0.6167,-1.2745,-0.0699,179.6750,0.0000,0.0000,0.0000,-1.5810,-0.0537,-174.0500,0.003,6191,0.0025,0.0714,0.5483,1,3,0.139
82.349,0,3,1,-1.2333,-0.6167,-1.2847,-0.0783,179.8517,0.0000,0.0000,0.0000,-1.4461,-0.2168,-172.6231,0.011,6194,0.0042,0.0624,0.5408,1,3,0.120
82.451,0,3,1,-1.2333,-0.6167,-1.2928,-0.0889,179.8465,0.0000,0.0000,0.0000,-1.4455,-0.2175,-172.5919,0.043,6196,0.0031,0.0608,0.5311,1,3,0.117
82.551,0,3,1,-1.2333,-0.6167,-1.3026,-0.0955,179.9679,0.0000,0.0000,0.0000,-1.5771,-0.0436,-174.6526,0.017,6199,0.0009,0.0610,0.5258,1,3,0.118
82.650,0,3,1,-1.2333,-0.6167,-1.3078,-0.1019,179.9028,0.0000,0.0000,0.0000,-1.5776,-0.0475,-174.4645,0.062,6201,-0.0543,0.1146,0.5201,1,3,0.117
82.750,0,3,1,-1.2333,-0.6167,-1.3107,-0.1144,179.7952,0.0000,0.0000,0.0000,-1.4267,-0.2158,-173.6227,0.049,6204,-0.0552,0.1145,0.5082,1,3,0.117
82.852,0,3,1,-1.2333,-0.6167,-1.3084,-0.1286,179.7394,0.0000,0.0000,0.0000,-1.5714,-0.0291,-175.4913,0.003,6207,-0.0551,0.1145,0.4938,1,3,0.117
82.950,0,3,1,-1.2333,-0.6167,-1.3096,-0.1425,179.9822,0.0000,0.0000,0.0000,-1.4140,-0.2495,-173.9555,0.014,6210,-0.0558,0.1143,0.4803,1,3,0.117
83.051,0,3,1,-1.2333,-0.6167,-1.3058,-0.1558,-179.9588,0.0000,0.0000,0.0000,-1.4108,-0.2517,-173.7946,0.045,6212,-0.0555,0.1144,0.4665,1,3,0.117
83.151,0,3,1,-1.2333,-0.6167,-1.3035,-0.1714,-179.9017,0.0000,0.0000,0.0000,-1.4111,-0.2694,-173.7235,0.014,6216,-0.0555,0.1144,0.4507,1,3,0.117
83.250,0,3,1,-1.2333,-0.6167,-1.2971,-0.1814,-179.8342,0.0000,0.0000,0.0000,-1.2174,-0.0283,178.1970,0.045,6218,-0.0544,0.1146,0.4399,1,3,0.117
83.350,0,3,1,-1.2333,-0.6167,-1.2795,-0.1953,-179.9010,0.0000,0.0000,0.0000,-0.4350,-0.4269,149.7863,0.008,6222,-0.0171,0.1011,0.4239,1,3,0.190
83.451,0,3,1,-1.2333,-0.6167,-1.2784,-0.2073,-179.9924,0.0000,0.0000,0.0000,-1.4230,-0.2857,-174.5324,0.048,6224,-0.0126,0.0992,0.4118,1,3,0.273
83.549,0,3,1,-1.2333,-0.6167,-1.2794,-0.2201,-179.6138,0.0000,0.0000,0.0000,-1.3867,-0.2718,-175.5899,0.013,6228,-0.0132,0.0991,0.3992,1,3,0.252
83.650,0,3,1,-1.2333,-0.6167,-1.2793,-0.2313,-179.8498,0.0000,0.0000,0.0000,-1.3837,-0.2750,-175.3459,0.048,6230,-0.0135,0.0991,0.3881,1,3,0.206
83.750,0,3,1,-1.2333,-0.6167,-1.2805,-0.2435,-179.8316,0.0000,0.0000,0.0000,-1.3835,-0.2988,-175.6059,0.015,6234,-0.0141,0.0990,0.3761,1,3,0.211
83.851,0,3,1,-1.2333,-0.6167,-1.2806,-0.2541,-179.8687,0.0000,0.0000,0.0000,-1.3873,-0.2944,-175.9289,0.018,6236,-0.0075,0.0919,0.3656,1,3,0.180
83.951,0,3,1,-1.2333,-0.6167,-1.2820,-0.2651,-179.8248,0.0000,0.0000,0.0000,-1.3898,-0.2911,-176.2075,0.005,6240,-0.0089,0.0929,0.3549,1,3,0.183
84.051,0,3,1,-1.2333,-0.6167,-1.2829,-0.2739,-179.6807,0.0000,0.0000,0.0000,-1.3931,-0.2875,-176.5276,0.024,6242,-0.0011,0.0839,0.3464,1,3,0.158
84.151,0,3,1,-1.2333,-0.6167,-1.2832,-0.2845,-179.7520,0.0000,0.0000,0.0000,-1.2667,-0.3431,-171.5803,0.005,6245,-0.0052,0.0873,0.3359,1,3,0.168
84.251,0,3,1,-1.2333,-0.6167,-1.2851,-0.2935,-179.8650,0.0000,0.0000,0.0000,-1.3970,-0.2842,-176.9376,0.037,6248,-0.0043,0.0854,0.3273,1,3,0.163
84.349,0,3,1,-1.2333,-0.6167,-1.2847,-0.3031,-179.8141,0.0000,0.0000,0.0000,-1.3782,-0.3483,-176.4036,0.012,6252,-0.0058,0.0864,0.3178,1,3,0.166
84.449,0,3,1,-1.2333,-0.6167,-1.2834,-0.3117,-179.8472,0.0000,0.0000,0.0000,-1.2609,-0.1697,179.2058,0.041,6254,-0.0563,0.0984,0.3090,1,3,0.123
84.550,0,3,1,-1.2333,-0.6167,-1.2776,-0.3201,-179.8736,0.0000,0.0000,0.0000,-1.2621,-0.1845,179.1695,0.010,6258,-0.0434,0.0986,0.2999,1,3,0.146
84.649,0,3,1,-1.2333,-0.6167,-1.2746,-0.3307,-179.9634,0.0000,0.0000,0.0000,-1.3693,-0.4012,-176.3822,0.042,6260,-0.0574,0.0987,0.2889,1,3,0.117
84.749,0,3,1,-1.2333,-0.6167,-1.2714,-0.3435,-179.7282,0.0000,0.0000,0.0000,-1.3720,-0.3987,-176.5810,0.012,6264,-0.0569,0.0988,0.2758,1,3,0.117
84.852,0,3,1,-1.2333,-0.6167,-1.2667,-0.3542,-179.9482,0.0000,0.0000,0.0000,-1.2402,-0.3864,-172.5112,0.059,6265,-0.0557,0.0990,0.2646,1,3,0.117
84.950,0,3,1,-1.2333,-0.6167,-1.2615,-0.3646,-179.7307,0.0000,0.0000,0.0000,-1.2291,-0.4003,-172.8260,0.030,6267,-0.0542,0.0992,0.2536,1,3,0.117
85.050,0,3,1,-1.2333,-0.6167,-1.2574,-0.3741,-179.8924,0.0000,0.0000,0.0000,-1.2175,-0.4335,-172.3318,0.061,6268,-0.0530,0.0993,0.2437,1,3,0.117
85.150,0,3,1,-1.2333,-0.6167,-1.2517,-0.3875,-179.7700,0.0000,0.0000,0.0000,-1.3266,-0.4711,-176.3656,0.014,6271,-0.0022,0.0921,0.2299,1,3,0.179
85.250,0,3,1,-1.2333,-0.6167,-1.2507,-0.3985,-179.9539,0.0000,0.0000,0.0000,-1.2085,-0.4319,-172.8097,0.036,6273,0.0042,0.0858,0.2188,1,3,0.161
85.351,0,3,1,-1.2333,-0.6167,-1.2508,-0.4090,-179.9204,0.0000,0.0000,0.0000,-1.2073,-0.4283,-173.0773,0.061,6275,0.0041,0.0854,0.2084,1,3,0.160
85.451,0,3,1,-1.2333,-0.6167,-1.2508,-0.4216,-179.9262,0.0000,0.0000,0.0000,-1.3217,-0.4995,-176.5735,0.029,6279,-0.0038,0.0927,0.1959,1,3,0.181
85.550,0,3,1,-1.2333,-0.6167,-1.2503,-0.4339,-179.7139,0.0000,0.0000,0.0000,-1.3181,-0.5040,-177.0518,0.017,6283,0.0033,0.0853,0.1835,1,3,0.160
85.651,0,3,1,-1.2333,-0.6167,-1.2502,-0.4433,-179.8327,0.0000,0.0000,0.0000,-1.3160,-0.5135,-177.0195,0.052,6285,0.0004,0.0877,0.1742,1,3,0.167
85.751,0,3,1,-1.2333,-0.6167,-1.2499,-0.4560,-179.8485,0.0000,0.0000,0.0000,-1.3189,-0.5304,-177.1596,0.010,6289,0.0001,0.0873,0.1615,1,3,0.166
85.851,0,3,1,-1.2333,-0.6167,-1.2498,-0.4661,-179.8843,0.0000,0.0000,0.0000,-1.3199,-0.5327,-177.2792,0.046,6291,-0.0226,0.0950,0.1515,1,3,0.178
85.950,0,3,1,-1.2333,-0.6167,-1.2476,-0.4790,-179.8679,0.0000,0.0000,0.0000,-1.3219,-0.5605,-177.0530,0.017,6295,-0.0350,0.0897,0.1384,1,3,0.150
86.051,0,3,1,-1.2333,-0.6167,-1.2453,-0.4900,-179.8912,0.0000,0.0000,0.0000,-1.3226,-0.5634,-177.2367,0.053,6297,-0.0110,0.0994,0.1272,1,3,0.207
86.152,0,3,1,-1.2333,-0.6167,-1.2435,-0.5023,-179.9302,0.0000,0.0000,0.0000,-1.3110,-0.5736,-177.6310,0.017,6301,-0.0342,0.0811,0.1148,1,3,0.142
86.253,0,3,1,-1.2333,-0.6167,-1.2397,-0.5122,-179.8966,0.0000,0.0000,0.0000,-1.3191,-0.5929,-177.2647,0.051,6303,-0.0386,0.0702,0.1046,1,3,0.117
86.350,0,3,1,-1.2333,-0.6167,-1.2357,-0.5223,-179.9756,0.0000,0.0000,0.0000,-1.3108,-0.5896,-177.7931,0.021,6307,-0.0320,0.0635,0.0944,1,3,0.117
86.452,0,3,1,-1.2333,-0.6167,-1.2325,-0.5300,-179.9964,0.0000,0.0000,0.0000,-1.3098,-0.5991,-177.8440,0.052,6309,-0.0270,0.0583,0.0867,1,3,0.117
86.552,0,3,1,-1.2333,-0.6167,-1.2287,-0.5373,179.9265,0.0000,0.0000,0.0000,-1.1618,-0.5538,-174.4558,0.010,6312,-0.0217,0.0535,0.0795,1,3,0.117
86.652,0,3,2,-1.2333,-1.2333,-1.2266,-0.5444,179.7421,0.0000,0.0000,0.0000,-1.2796,-0.5805,-179.3958,0.020,6315,-0.0390,0.0841,0.6890,1,3,0.117
86.751,0,3,2,-1.2333,-1.2333,-1.2241,-0.5532,179.6176,0.0000,0.0000,0.0000,-1.2773,-0.5935,-179.6162,0.011,6319,-0.0294,0.0879,0.6802,1,3,0.137
86.850,0,3,2,-1.2333,-1.2333,-1.2220,-0.5631,179.4335,0.0000,0.0000,0.0000,-1.1370,-0.6023,-174.5925,0.031,6321,0.0134,0.0945,0.6703,1,3,0.171
86.950,0,3,2,-1.2333,-1.2333,-1.2238,-0.5731,179.4671,0.0000,0.0000,0.0000,-1.2736,-0.6052,-179.9763,0.013,6325,0.0118,0.0950,0.6603,1,3,0.174
87.049,0,3,2,-1.2333,-1.2333,-1.2242,-0.5835,179.6338,0.0000,0.0000,0.0000,-1.2745,-0.6176,-179.9948,0.046,6327,0.0109,0.0954,0.6499,1,3,0.176
87.149,0,3,2,-1.2333,-1.2333,-1.2260,-0.5938,179.6202,0.0000,0.0000,0.0000,-1.2768,-0.6326,-179.8896,0.015,6331,0.0125,0.0946,0.6395,1,3,0.172
87.253,0,3,2,-1.2333,-1.2333,-1.2267,-0.6043,179.4940,0.0000,0.0000,0.0000,-1.2782,-0.6393,-179.8862,0.054,6333,-0.0046,0.1097,0.6291,1,3,0.179
87.349,0,3,2,-1.2333,-1.2333,-1.2244,-0.6160,179.8252,0.0000,0.0000,0.0000,-1.2812,-0.6508,-179.9246,0.013,6337,-0.0267,0.0735,0.6174,1,3,0.125
87.450,0,3,2,-1.2333,-1.2333,-1.2235,-0.6245,179.7696,0.0000,0.0000,0.0000,-1.3832,-0.6221,-175.3694,0.017,6340,-0.0209,0.0791,0.6089,1,3,0.141
87.551,0,3,2,-1.2333,-1.2333,-1.2219,-0.6332,179.5789,0.0000,0.0000,0.0000,-1.2783,-0.6735,-179.7954,0.018,6344,-0.0291,0.0707,0.6002,1,3,0.117
87.651,0,3,2,-1.2333,-1.2333,-1.2262,-0.6345,179.3919,0.0000,0.0000,0.0000,-1.3765,-0.6383,-175.8687,0.021,6347,-0.0298,0.0707,0.5989,1,3,0.117
87.750,0,3,2,-1.2333,-1.2333,-1.2327,-0.6318,179.2943,0.0000,0.0000,0.0000,-1.2740,-0.6847,179.8737,0.016,6351,-0.0309,0.0706,0.6015,1,3,0.117
87.850,0,3,2,-1.2333,-1.2333,-1.2360,-0.6344,179.0077,0.0000,0.0000,0.0000,-1.3673,-0.6559,-176.0720,0.019,6354,-0.0314,0.0706,0.5989,1,3,0.117
87.949,0,3,2,-1.2333,-1.2333,-1.2428,-0.6319,178.9368,0.0000,0.0000,0.0000,-1.2700,-0.6999,179.7040,0.006,6359,-0.0325,0.0706,0.6015,1,3,0.117
88.050,0,3,2,-1.2333,-1.2333,-1.2452,-0.6366,178.8408,0.0000,0.0000,0.0000,-1.5140,-0.2391,172.4582,0.033,6362,-0.0330,0.0706,0.5969,1,3,0.117
88.150,0,3,2,-1.2333,-1.2333,-1.2485,-0.6406,178.9880,0.0000,0.0000,0.0000,-1.3558,-0.6785,-176.4913,0.027,6366,-0.0335,0.0706,0.5930,1,3,0.117
88.249,0,3,2,-1.2333,-1.2333,-1.2568,-0.6419,178.9149,0.0000,0.0000,0.0000,-1.3498,-0.6915,-176.5194,0.016,6372,-0.0056,0.0998,0.5919,1,3,0.206
88.350,0,3,2,-1.2333,-1.2333,-1.2649,-0.6449,178.8920,0.0000,0.0000,0.0000,-1.3286,-0.7256,-178.6875,0.010,6377,-0.0010,0.0973,0.5893,1,3,0.187
88.450,0,3,2,-1.2333,-1.2333,-1.2692,-0.6516,179.0243,0.0000,0.0000,0.0000,-1.3289,-0.7255,-178.6750,0.045,6380,-0.0013,0.0970,0.5828,1,3,0.186
88.550,0,3,2,-1.2333,-1.2333,-1.2774,-0.6548,179.0806,0.0000,0.0000,0.0000,-1.3325,-0.7253,-178.7370,0.017,6385,-0.0018,0.0965,0.5802,1,3,0.184
88.651,0,3,2,-1.2333,-1.2333,-1.2820,-0.6637,179.0602,0.0000,0.0000,0.0000,-1.3401,-0.7382,-176.7516,0.024,6389,0.0005,0.0951,0.5717,1,3,0.177
88.750,0,3,2,-1.2333,-1.2333,-1.2892,-0.6681,179.0900,0.0000,0.0000,0.0000,-1.3439,-0.7254,-178.8904,0.007,6394,-0.0027,0.0957,0.5679,1,3,0.181
88.850,0,3,2,-1.2333,-1.2333,-1.2929,-0.6753,179.1082,0.0000,0.0000,0.0000,-1.3458,-0.7254,-178.9214,0.043,6397,-0.0044,0.0960,0.5612,1,3,0.183
88.950,0,3,2,-1.2333,-1.2333,-1.2996,-0.6792,178.9892,0.0000,0.0000,0.0000,-1.3538,-0.7258,-179.0285,0.011,6402,-0.0024,0.0945,0.5581,1,3,0.176
89.050,0,3,2,-1.2333,-1.2333,-1.3032,-0.6875,179.1132,0.0000,0.0000,0.0000,-1.3341,-0.7842,-177.1739,0.019,6406,-0.0083,0.0965,0.5503,1,3,0.187
89.150,0,3,2,-1.2333,-1.2333,-1.3090,-0.6900,179.0789,0.0000,0.0000,0.0000,-1.3645,-0.7281,-179.1361,0.010,6410,-0.0089,0.0961,0.5486,1,3,0.186
89.250,0,3,2,-1.2333,-1.2333,-1.3084,-0.7002,179.0733,0.0000,0.0000,0.0000,-1.3666,-0.7287,-179.1595,0.044,6412,-0.0119,0.0973,0.5384,1,3,0.192
89.351,0,3,2,-1.2333,-1.2333,-1.3073,-0.7106,179.2315,0.0000,0.0000,0.0000,-1.2466,-0.7327,-178.0845,0.053,6414,-0.0156,0.0988,0.5279,1,3,0.213
89.450,0,3,2,-1.2333,-1.2333,-1.3062,-0.7211,179.2389,0.0000,0.0000,0.0000,-1.3763,-0.7313,-179.2697,0.011,6418,-0.0074,0.0953,0.5174,1,3,0.182
89.551,0,3,2,-1.2333,-1.2333,-1.3046,-0.7314,179.4381,0.0000,0.0000,0.0000,-1.2481,-0.7307,-178.3519,0.010,6421,-0.0078,0.0955,0.5070,1,3,0.183
89.650,0,3,2,-1.2333,-1.2333,-1.3048,-0.7415,179.4401,0.0000,0.0000,0.0000,-1.3749,-0.7633,-178.8506,0.045,6424,-0.0160,0.0987,0.4970,1,3,0.201
89.750,0,3,2,-1.2333,-1.2333,-1.3021,-0.7538,179.4003,0.0000,0.0000,0.0000,-1.2511,-0.8798,-179.0965,0.012,6428,-0.0317,0.0604,0.4844,1,3,0.117
89.850,0,3,2,-1.2333,-1.2333,-1.2980,-0.7627,179.4916,0.0000,0.0000,0.0000,-1.2519,-0.8818,-179.0845,0.046,6430,-0.0302,0.0628,0.4751,1,3,0.122
89.949,0,3,2,-1.2333,-1.2333,-1.2933,-0.7739,179.4370,0.0000,0.0000,0.0000,-1.2466,-0.8972,-178.9400,0.011,6434,-0.0283,0.0657,0.4633,1,3,0.128
90.053,0,3,2,-1.2333,-1.2333,-1.2895,-0.7823,179.4317,0.0000,0.0000,0.0000,-1.2467,-0.9018,-179.0704,0.047,6436,-0.0299,0.0607,0.4545,1,3,0.117
90.150,0,3,2,-1.2333,-1.2333,-1.2865,-0.7908,179.4524,0.0000,0.0000,0.0000,-1.2448,-0.9168,-179.1760,0.011,6440,-0.0294,0.0607,0.4457,1,3,0.117
90.251,0,3,2,-1.2333,-1.2333,-1.2837,-0.7978,179.2944,0.0000,0.0000,0.0000,-1.2417,-0.9180,-179.0726,0.049,6442,-0.0290,0.0608,0.4384,1,3,0.117
90.350,0,3,2,-1.2333,-1.2333,-1.2797,-0.8070,179.2440,0.0000,0.0000,0.0000,-1.2402,-0.9222,-179.4066,0.011,6444,-0.0283,0.0609,0.4288,1,3,0.117
90.451,0,3,2,-1.2333,-1.2333,-1.2764,-0.8146,179.1685,0.0000,0.0000,0.0000,-1.2367,-0.9296,-179.3435,0.047,6445,-0.0277,0.0610,0.4210,1,3,0.117
90.550,0,3,2,-1.2333,-1.2333,-1.2726,-0.8238,179.1931,0.0000,0.0000,0.0000,-1.2353,-0.9360,-179.4797,0.016,6447,-0.0271,0.0610,0.4114,1,3,0.117
90.650,0,3,2,-1.2333,-1.2333,-1.2695,-0.8315,179.3252,0.0000,0.0000,0.0000,-1.2321,-0.9451,-179.3381,0.020,6448,-0.0265,0.0611,0.4035,1,3,0.117
90.751,0,3,2,-1.2333,-1.2333,-1.2657,-0.8409,179.2789,0.0000,0.0000,0.0000,-1.2289,-0.9508,-179.2461,0.006,6450,-0.0259,0.0612,0.3938,1,3,0.117
90.850,0,3,2,-1.2333,-1.2333,-1.2628,-0.8483,179.2791,0.0000,0.0000,0.0000,-1.2276,-0.9550,-179.2935,0.043,6451,-0.0251,0.0612,0.3861,1,3,0.117
90.951,0,3,2,-1.2333,-1.2333,-1.2598,-0.8560,179.3769,0.0000,0.0000,0.0000,-1.2247,-0.9608,-179.2751,0.058,6452,-0.0245,0.0613,0.3782,1,3,0.117
91.052,0,3,2,-1.2333,-1.2333,-1.2563,-0.8652,179.2883,0.0000,0.0000,0.0000,-1.2241,-0.9673,-179.1807,0.047,6454,-0.0237,0.0613,0.3688,1,3,0.117
91.149,0,3,2,-1.2333,-1.2333,-1.2530,-0.8744,179.4401,0.0000,0.0000,0.0000,-1.2199,-0.9766,-179.2463,0.009,6456,-0.0230,0.0614,0.3594,1,3,0.117
91.253,0,3,2,-1.2333,-1.2333,-1.2502,-0.8820,179.4309,0.0000,0.0000,0.0000,-1.2178,-0.9819,-179.1409,0.051,6457,-0.0223,0.0615,0.3517,1,3,0.117
91.350,0,3,2,-1.2333,-1.2333,-1.2470,-0.8913,179.3621,0.0000,0.0000,0.0000,-1.2137,-0.9917,-179.0559,0.015,6459,-0.0215,0.0615,0.3423,1,3,0.117
91.450,0,3,2,-1.2333,-1.2333,-1.2444,-0.8989,179.3566,0.0000,0.0000,0.0000,-1.2145,-0.9946,-179.2285,0.048,6460,-0.0208,0.0615,0.3346,1,3,0.117
91.550,0,3,2,-1.2333,-1.2333,-1.2413,-0.9081,179.2951,0.0000,0.0000,0.0000,-1.2092,-1.0083,-179.2192,0.013,6462,-0.0200,0.0616,0.3253,1,3,0.117
91.651,0,3,2,-1.2333,-1.2333,-1.2389,-0.9158,179.2325,0.0000,0.0000,0.0000,-1.2086,-1.0097,-179.2818,0.047,6463,-0.0193,0.0616,0.3176,1,3,0.117
91.750,0,3,2,-1.2333,-1.2333,-1.2365,-0.9266,179.3264,0.0000,0.0000,0.0000,-1.2072,-1.0176,-179.3206,0.018,6466,-0.0185,0.0616,0.3067,1,3,0.117
91.851,0,3,2,-1.2333,-1.2333,-1.2346,-0.9358,179.2437,0.0000,0.0000,0.0000,-1.2073,-1.0180,-179.3182,0.048,6468,-0.0180,0.0616,0.2976,1,3,0.117
91.951,0,3,2,-1.2333,-1.2333,-1.2323,-0.9463,179.2924,0.0000,0.0000,0.0000,-1.2048,-1.0298,-179.3144,0.016,6471,-0.0172,0.0617,0.2870,1,3,0.117
92.050,0,3,2,-1.2333,-1.2333,-1.2310,-0.9569,179.1609,0.0000,0.0000,0.0000,-1.2539,-1.0618,178.2756,0.023,6474,-0.0167,0.0617,0.2764,1,3,0.117
92.149,0,3,2,-1.2333,-1.2333,-1.2294,-0.9658,179.1122,0.0000,0.0000,0.0000,-1.2533,-1.0627,178.2990,0.052,6476,-0.0160,0.0617,0.2676,1,3,0.117
92.250,0,3,2,-1.2333,-1.2333,-1.2278,-0.9772,179.2320,0.0000,0.0000,0.0000,-1.2505,-1.0762,178.1303,0.013,6480,-0.0153,0.0617,0.2562,1,3,0.117
92.349,0,3,2,-1.2333,-1.2333,-1.2259,-0.9866,179.2760,0.0000,0.0000,0.0000,-1.1970,-1.0575,-179.1946,0.012,6483,-0.0145,0.0616,0.2469,1,3,0.117
92.451,0,3,2,-1.2333,-1.2333,-1.2247,-0.9971,179.0958,0.0000,0.0000,0.0000,-1.2457,-1.0967,177.5508,0.014,6486,-0.0139,0.0616,0.2364,1,3,0.117
92.549,0,3,2,-1.2333,-1.2333,-1.2229,-1.0067,179.1883,0.0000,0.0000,0.0000,-1.1948,-1.0726,-179.2203,0.017,6489,-0.0129,0.0616,0.2269,1,3,0.117
92.651,0,3,2,-1.2333,-1.2333,-1.2220,-1.0165,179.1526,0.0000,0.0000,0.0000,-1.2450,-1.1099,177.5750,0.024,6492,-0.0123,0.0616,0.2171,1,3,0.117
92.749,0,3,2,-1.2333,-1.2333,-1.2204,-1.0257,179.0887,0.0000,0.0000,0.0000,-1.1931,-1.0830,-179.0266,0.016,6495,-0.0113,0.0616,0.2081,1,3,0.117
92.851,0,3,2,-1.2333,-1.2333,-1.2197,-1.0353,179.0861,0.0000,0.0000,0.0000,-1.2421,-1.1263,177.2602,0.025,6498,-0.0106,0.0615,0.1985,1,3,0.117
92.949,0,3,2,-1.2333,-1.2333,-1.2183,-1.0444,179.1453,0.0000,0.0000,0.0000,-1.1918,-1.0967,-179.1995,0.017,6501,-0.0096,0.0615,0.1895,1,3,0.117
93.050,0,3,2,-1.2333,-1.2333,-1.2178,-1.0532,178.9861,0.0000,0.0000,0.0000,-1.2395,-1.1488,176.4496,0.023,6504,-0.0089,0.0614,0.1808,1,3,0.117
93.149,0,3,2,-1.2333,-1.2333,-1.2165,-1.0627,179.1826,0.0000,0.0000,0.0000,-1.1897,-1.1096,-178.9677,0.016,6507,-0.0077,0.0613,0.1715,1,3,0.117
93.251,0,3,2,-1.2333,-1.2333,-1.2162,-1.0720,179.2483,0.0000,0.0000,0.0000,-1.2382,-1.1630,176.4983,0.021,6510,-0.0069,0.0613,0.1622,1,3,0.117
93.351,0,3,2,-1.2333,-1.2333,-1.2156,-1.0801,179.1634,0.0000,0.0000,0.0000,-1.2378,-1.1729,176.1619,0.056,6512,-0.0060,0.0612,0.1542,1,3,0.117
93.450,0,3,2,-1.2333,-1.2333,-1.2150,-1.0899,179.1432,0.0000,0.0000,0.0000,-1.1910,-1.1244,-179.0164,0.009,6516,-0.0048,0.0610,0.1446,1,3,0.117
93.551,0,3,2,-1.2333,-1.2333,-1.2146,-1.0979,179.3031,0.0000,0.0000,0.0000,-1.2380,-1.1866,175.9350,0.034,6518,-0.0038,0.0609,0.1367,1,3,0.117
93.649,0,3,2,-1.2333,-1.2333,-1.2140,-1.1057,179.1123,0.0000,0.0000,0.0000,-1.1893,-1.1390,-178.7471,0.037,6521,-0.0025,0.0608,0.1291,1,3,0.117
93.750,0,3,2,-1.2333,-1.2333,-1.2103,-1.1217,179.3026,0.0000,0.0000,0.0000,-1.1889,-1.1466,-178.8709,0.008,6527,0.0025,0.0546,0.1140,1,3,0.117
93.850,0,3,2,-1.2333,-1.2333,-1.2095,-1.1325,179.2771,0.0000,0.0000,0.0000,-1.2404,-1.2214,174.9096,0.021,6531,0.0046,0.0492,0.1036,1,3,0.117
93.949,0,3,2,-1.2333,-1.2333,-1.2069,-1.1453,179.4076,0.0000,0.0000,0.0000,-1.1906,-1.1593,-178.9296,0.012,6536,0.0083,0.0426,0.0919,1,3,0.117
94.050,0,3,2,-1.2333,-1.2333,-1.2066,-1.1537,179.4764,0.0000,0.0000,0.0000,-1.2413,-1.2388,174.4532,0.021,6539,0.0097,0.0383,0.0840,1,3,0.117
94.149,0,3,2,-1.2333,-1.2333,-1.2047,-1.1632,179.4459,0.0000,0.0000,0.0000,-1.1933,-1.1711,-178.9861,0.011,6544,0.0124,0.0332,0.0757,1,3,0.117
94.254,0,3,3,-0.6167,-1.2333,-1.2055,-1.1709,179.4128,0.0000,0.0000,0.0000,-1.2444,-1.2493,174.1456,0.023,6548,-0.1155,-0.0294,0.5921,1,3,0.117
94.350,0,3,3,-0.6167,-1.2333,-1.1963,-1.1737,179.5703,0.0000,0.0000,0.0000,-1.1942,-1.1802,-179.0294,0.012,6552,-0.1155,-0.0297,0.5827,1,3,0.117
94.450,0,3,3,-0.6167,-1.2333,-1.1859,-1.1754,179.6494,0.0000,0.0000,0.0000,-1.2464,-1.2590,173.8185,0.019,6556,-0.1155,-0.0298,0.5722,1,3,0.117
94.550,0,3,3,-0.6167,-1.2333,-1.1735,-1.1775,179.5506,0.0000,0.0000,0.0000,-1.1786,-1.1847,-178.5749,0.016,6561,-0.1155,-0.0300,0.5596,1,3,0.117
94.650,0,3,3,-0.6167,-1.2333,-1.1626,-1.1782,179.4700,0.0000,0.0000,0.0000,-1.2160,-1.2457,174.4169,0.019,6565,-0.1155,-0.0299,0.5488,1,3,0.117
94.750,0,3,3,-0.6167,-1.2333,-1.1507,-1.1793,179.5110,0.0000,0.0000,0.0000,-1.1523,-1.1705,-179.2746,0.009,6570,-0.1155,-0.0299,0.5367,1,3,0.117
94.851,0,3,3,-0.6167,-1.2333,-1.1399,-1.1798,179.4549,0.0000,0.0000,0.0000,-1.1117,-1.3196,-175.0361,0.034,6573,-0.0996,0.0086,0.5260,1,3,0.200
94.950,0,3,3,-0.6167,-1.2333,-1.1304,-1.1822,179.4550,0.0000,0.0000,0.0000,-1.1820,-1.2317,174.9417,0.037,6576,-0.1120,0.0206,0.5163,1,3,0.165
95.049,0,3,3,-0.6167,-1.2333,-1.1205,-1.1849,179.3883,0.0000,0.0000,0.0000,-1.1668,-1.2339,175.1250,0.014,6580,-0.1145,0.0228,0.5061,1,3,0.158
95.150,0,3,3,-0.6167,-1.2333,-1.1096,-1.1873,179.4702,0.0000,0.0000,0.0000,-1.1040,-1.1761,-178.8585,0.012,6583,-0.1082,0.0162,0.4951,1,3,0.176
95.251,0,3,3,-0.6167,-1.2333,-1.0999,-1.1899,179.1403,0.0000,0.0000,0.0000,-1.1446,-1.2400,175.0370,0.026,6586,-0.0997,0.0073,0.4852,1,3,0.218
95.349,0,3,3,-0.6167,-1.2333,-1.0906,-1.1884,179.1135,0.0000,0.0000,0.0000,-1.0787,-1.1691,-179.2368,0.013,6590,-0.0997,-0.0227,0.4761,1,3,0.139
95.453,0,3,3,-0.6167,-1.2333,-1.0821,-1.1857,178.9094,0.0000,0.0000,0.0000,-1.1231,-1.2418,175.0220,0.021,6594,-0.0996,-0.0329,0.4679,1,3,0.117
95.550,0,3,3,-0.6167,-1.2333,-1.0738,-1.1798,179.0297,0.0000,0.0000,0.0000,-1.0586,-1.1683,-179.5070,0.013,6599,-0.0995,-0.0315,0.4602,1,3,0.117
95.651,0,3,3,-0.6167,-1.2333,-1.0654,-1.1767,179.0451,0.0000,0.0000,0.0000,-1.1013,-1.2340,175.1737,0.023,6603,-0.0994,-0.0306,0.4523,1,3,0.117
95.750,0,3,3,-0.6167,-1.2333,-1.0557,-1.1718,179.0289,0.0000,0.0000,0.0000,-1.0349,-1.1607,-179.3459,0.017,6608,-0.0992,-0.0292,0.4434,1,3,0.117
95.850,0,3,3,-0.6167,-1.2333,-1.0466,-1.1691,178.9891,0.0000,0.0000,0.0000,-1.0813,-1.2283,175.2740,0.023,6612,-0.0991,-0.0283,0.4347,1,3,0.117
95.950,0,3,3,-0.6167,-1.2333,-1.0366,-1.1659,179.0610,0.0000,0.0000,0.0000,-1.0154,-1.1545,-179.5114,0.010,6617,-0.1290,0.0267,0.4253,1,3,0.135
96.049,0,3,3,-0.6167,-1.2333,-1.0250,-1.1685,178.9423,0.0000,0.0000,0.0000,-1.0605,-1.2222,175.4505,0.022,6621,-0.1346,0.0288,0.4135,1,3,0.123
96.150,0,3,3,-0.6167,-1.2333,-1.0127,-1.1701,178.9248,0.0000,0.0000,0.0000,-1.0530,-1.2224,175.5588,0.043,6624,-0.1189,0.0224,0.4010,1,3,0.157
96.250,0,3,3,-0.6167,-1.2333,-1.0034,-1.1700,178.9713,0.0000,0.0000,0.0000,-1.0358,-1.2254,175.8198,0.010,6630,-0.0989,0.0145,0.3918,1,3,0.231
96.351,0,3,3,-0.6167,-1.2333,-0.9939,-1.1691,179.1244,0.0000,0.0000,0.0000,-0.9646,-1.1590,-179.5393,0.006,6635,-0.1169,0.0226,0.3826,1,3,0.161
96.451,0,3,3,-0.6167,-1.2333,-0.9840,-1.1703,179.1019,0.0000,0.0000,0.0000,-0.9564,-1.1605,-179.3682,0.040,6638,-0.1058,0.0182,0.3727,1,3,0.185
96.550,0,3,3,-0.6167,-1.2333,-0.9753,-1.1704,178.9999,0.0000,0.0000,0.0000,-0.9404,-1.1636,-179.3614,0.012,6644,-0.1242,0.0262,0.3641,1,3,0.145
96.652,0,3,3,-0.6167,-1.2333,-0.9661,-1.1701,179.1398,0.0000,0.0000,0.0000,-0.9906,-1.2447,175.5191,0.025,6648,-0.1167,0.0237,0.3551,1,3,0.161
96.750,0,3,3,-0.6167,-1.2333,-0.9588,-1.1650,179.0056,0.0000,0.0000,0.0000,-0.9174,-1.1645,-179.4311,0.014,6653,-0.1016,0.0193,0.3489,1,3,0.193
96.852,0,3,3,-0.6167,-1.2333,-0.9507,-1.1653,178.9684,0.0000,0.0000,0.0000,-0.9672,-1.2525,175.3950,0.022,6657,-0.0983,0.0184,0.3409,1,3,0.210
96.949,0,3,3,-0.6167,-1.2333,-0.9396,-1.1700,179.1518,0.0000,0.0000,0.0000,-0.8950,-1.1700,-179.4049,0.015,6662,-0.0989,0.0178,0.3291,1,3,0.199
97.051,0,3,3,-0.6167,-1.2333,-0.9282,-1.1779,179.1007,0.0000,0.0000,0.0000,-0.9474,-1.2571,175.6100,0.024,6666,-0.0968,0.0113,0.3164,1,3,0.190
97.150,0,3,3,-0.6167,-1.2333,-0.9150,-1.1885,179.1282,0.0000,0.0000,0.0000,-0.8730,-1.1733,-179.3526,0.013,6671,-0.0920,-0.0038,0.3017,1,3,0.163
97.251,0,3,3,-0.6167,-1.2333,-0.9046,-1.1944,179.1497,0.0000,0.0000,0.0000,-0.9290,-1.2639,175.2659,0.023,6675,-0.0939,-0.0012,0.2905,1,3,0.172
97.349,0,3,3,-0.6167,-1.2333,-0.8922,-1.2034,179.1631,0.0000,0.0000,0.0000,-0.8552,-1.1716,-179.5356,0.013,6680,-0.0921,-0.0088,0.2772,1,3,0.161
97.450,0,3,3,-0.6167,-1.2333,-0.8820,-1.2077,179.0936,0.0000,0.0000,0.0000,-0.9093,-1.2588,175.4680,0.020,6684,-0.0918,-0.0110,0.2666,1,3,0.159
97.550,0,3,3,-0.6167,-1.2333,-0.8705,-1.2151,179.0978,0.0000,0.0000,0.0000,-0.7703,-1.6094,-169.3682,0.010,6688,-0.0901,-0.0180,0.2545,1,3,0.149
97.650,0,3,3,-0.6167,-1.2333,-0.8596,-1.2173,179.2398,0.0000,0.0000,0.0000,-0.7425,-1.6050,-169.2725,0.031,6692,-0.0905,-0.0177,0.2435,1,3,0.151
97.750,0,3,3,-0.6167,-1.2333,-0.8537,-1.2124,179.0458,0.0000,0.0000,0.0000,-1.0402,-0.8474,175.1735,0.003,6697,-0.0940,-0.0067,0.2380,1,3,0.170
97.852,0,3,3,-0.6167,-1.2333,-0.8472,-1.2039,179.1025,0.0000,0.0000,0.0000,-0.8730,-1.2495,175.6480,0.007,6702,-0.0923,-0.0059,0.2324,1,3,0.163
97.950,0,3,3,-0.6167,-1.2333,-0.8416,-1.1951,179.0232,0.0000,0.0000,0.0000,-0.7960,-1.1630,-179.9198,0.019,6707,-0.0943,0.0041,0.2282,1,3,0.176
98.053,0,3,3,-0.6167,-1.2333,-0.8338,-1.1924,178.9093,0.0000,0.0000,0.0000,-0.8533,-1.2466,175.7590,0.022,6711,-0.0875,-0.0099,0.2210,1,3,0.142
98.149,0,3,3,-0.6167,-1.2333,-0.8229,-1.1984,179.0083,0.0000,0.0000,0.0000,-0.7759,-1.1623,-179.9782,0.015,6716,-0.0881,-0.0108,0.2092,1,3,0.144
98.250,0,3,3,-0.6167,-1.2333,-0.8136,-1.2015,179.0376,0.0000,0.0000,0.0000,-0.8344,-1.2561,175.2499,0.019,6720,-0.0869,-0.0148,0.1994,1,3,0.137
98.350,0,3,3,-0.6167,-1.2333,-0.8024,-1.2070,179.0959,0.0000,0.0000,0.0000,-0.7575,-1.1588,179.9794,0.017,6725,-0.0893,-0.0116,0.1876,1,3,0.148
98.450,0,3,3,-0.6167,-1.2333,-0.7923,-1.2102,179.1091,0.0000,0.0000,0.0000,-0.8165,-1.2523,175.4031,0.018,6729,-0.0869,-0.0186,0.1771,1,3,0.135
98.550,0,3,3,-0.6167,-1.2333,-0.7804,-1.2155,179.3380,0.0000,0.0000,0.0000,-0.7373,-1.1564,179.9914,0.018,6734,-0.0917,-0.0097,0.1647,1,3,0.159
98.652,0,3,3,-0.6167,-1.2333,-0.7704,-1.2181,179.2620,0.0000,0.0000,0.0000,-0.7979,-1.2506,175.6427,0.021,6738,-0.0872,-0.0218,0.1545,1,3,0.135
98.751,0,3,3,-0.6167,-1.2333,-0.7590,-1.2223,179.2168,0.0000,0.0000,0.0000,-0.7199,-1.1513,179.8707,0.016,6743,-0.0899,-0.0179,0.1427,1,3,0.148
98.850,0,3,3,-0.6167,-1.2333,-0.7491,-1.2238,179.2827,0.0000,0.0000,0.0000,-0.7799,-1.2440,175.6460,0.023,6747,-0.0889,-0.0208,0.1327,1,3,0.143
98.949,0,3,3,-0.6167,-1.2333,-0.7401,-1.2248,179.1865,0.0000,0.0000,0.0000,-0.6544,-1.5449,-170.1365,0.003,6751,-0.0856,-0.0268,0.1238,1,3,0.130
99.050,0,3,3,-0.6167,-1.2333,-0.7290,-1.2276,179.3383,0.0000,0.0000,0.0000,-0.7488,-1.0076,-172.9082,0.005,6756,-0.0782,-0.0251,0.1125,1,3,0.132
99.150,0,3,3,-0.6167,-1.2333,-0.7177,-1.2251,179.5830,0.0000,0.0000,0.0000,-0.6832,-1.1404,179.7392,0.007,6761,-0.0743,-0.0108,0.1014,1,3,0.157
99.249,0,3,3,-0.6167,-1.2333,-0.7098,-1.2244,179.6598,0.0000,0.0000,0.0000,-0.7377,-1.0011,-172.8156,0.011,6765,-0.0732,0.0024,0.0935,1,3,0.190
99.350,0,3,3,-0.6167,-1.2333,-0.6997,-1.2237,179.9190,0.0000,0.0000,0.0000,-0.6665,-1.1401,179.5983,0.021,6770,-0.0638,0.0001,0.0836,1,3,0.179
99.451,0,3,3,-0.6167,-1.2333,-0.6928,-1.2207,179.9723,0.0000,0.0000,0.0000,-0.7267,-0.9964,-172.7190,0.019,6774,-0.0598,0.0060,0.0772,1,3,0.189
99.553,0,3,4,0.0000,-1.2333,-0.6850,-1.2228,179.9590,0.0000,0.0000,0.0000,-0.6537,-1.1387,179.2884,0.019,6779,-0.0975,-0.0061,0.6850,1,3,0.187
99.651,0,3,4,0.0000,-1.2333,-0.6755,-1.2193,-179.9269,0.0000,0.0000,0.0000,-0.7186,-0.9893,-172.7399,0.020,6783,-0.0981,-0.0042,0.6757,1,3,0.190
99.750,0,3,4,0.0000,-1.2333,-0.6641,-1.2205,-179.9520,0.0000,0.0000,0.0000,-0.6395,-1.1380,179.0342,0.017,6788,-0.0954,-0.0108,0.6642,1,3,0.176
99.852,0,3,4,0.0000,-1.2333,-0.6544,-1.2161,179.9610,0.0000,0.0000,0.0000,-0.7035,-0.9790,-172.7444,0.022,6792,-0.0950,-0.0110,0.6546,1,3,0.174
99.950,0,3,4,0.0000,-1.2333,-0.6434,-1.2161,179.8764,0.0000,0.0000,0.0000,-0.6192,-1.1387,178.5566,0.017,6797,-0.0958,-0.0091,0.6436,1,3,0.178
100.050,0,3,4,0.0000,-1.2333,-0.6340,-1.2115,179.8874,0.0000,0.0000,0.0000,-0.6898,-0.9671,-172.8345,0.019,6801,-0.0946,-0.0111,0.6344,1,3,0.172
100.151,0,3,4,0.0000,-1.2333,-0.6228,-1.2132,179.8677,0.0000,0.0000,0.0000,-0.5661,-1.4779,-172.5122,0.006,6805,-0.0931,-0.0150,0.6231,1,3,0.164
100.250,0,3,4,0.0000,-1.2333,-0.6135,-1.2082,179.9051,0.0000,0.0000,0.0000,-0.6460,-1.0105,-175.4567,0.016,6810,-0.0975,-0.0035,0.6140,1,3,0.187
100.351,0,3,4,0.0000,-1.2333,-0.6029,-1.2091,179.8018,0.0000,0.0000,0.0000,-0.5808,-1.1345,177.8057,0.003,6815,-0.0933,-0.0138,0.6034,1,3,0.165
100.450,0,3,4,0.0000,-1.2333,-0.5930,-1.2064,179.7801,0.0000,0.0000,0.0000,-0.5345,-1.4453,-173.3740,0.026,6818,-0.0931,-0.0137,0.5937,1,3,0.164
100.551,0,3,4,0.0000,-1.2333,-0.5827,-1.2038,179.7224,0.0000,0.0000,0.0000,-0.5615,-1.1326,177.4660,0.018,6824,-0.0887,-0.0238,0.5834,1,3,0.141
100.651,0,3,4,0.0000,-1.2333,-0.5740,-1.1983,179.7306,0.0000,0.0000,0.0000,-0.6160,-0.9899,-175.5004,0.020,6828,-0.0844,-0.0329,0.5750,1,3,0.119
100.749,0,3,4,0.0000,-1.2333,-0.5641,-1.1960,179.7032,0.0000,0.0000,0.0000,-0.5429,-1.1298,177.1927,0.016,6833,-0.0840,-0.0334,0.5653,1,3,0.117
100.851,0,3,4,0.0000,-1.2333,-0.5573,-1.1870,179.7857,0.0000,0.0000,0.0000,-0.5797,-1.0293,-177.9015,0.020,6837,-0.0873,-0.0234,0.5592,1,3,0.135
100.949,0,3,4,0.0000,-1.2333,-0.5495,-1.1805,179.8440,0.0000,0.0000,0.0000,-0.5260,-1.1241,177.2174,0.013,6842,-0.1292,0.0079,0.5520,1,3,0.141
101.051,0,3,4,0.0000,-1.2333,-0.5399,-1.1760,179.9628,0.0000,0.0000,0.0000,-0.6707,-1.0693,177.6946,0.003,6847,-0.1241,0.0089,0.5429,1,3,0.151
101.149,0,3,4,0.0000,-1.2333,-0.5300,-1.1715,179.8783,0.0000,0.0000,0.0000,-0.5408,-1.1285,177.8264,0.019,6851,-0.1065,0.0100,0.5336,1,3,0.186
101.251,0,3,4,0.0000,-1.2333,-0.5211,-1.1695,179.6843,0.0000,0.0000,0.0000,-0.6455,-1.0686,177.4776,0.003,6856,-0.0994,0.0105,0.5250,1,3,0.218
101.349,0,3,4,0.0000,-1.2333,-0.5123,-1.1671,179.5709,0.0000,0.0000,0.0000,-0.5207,-1.1344,177.9439,0.022,6860,-0.0994,0.0112,0.5166,1,3,0.240
101.450,0,3,4,0.0000,-1.2333,-0.5023,-1.1659,179.4663,0.0000,0.0000,0.0000,-0.4514,-1.1065,176.2586,0.020,6864,-0.0993,0.0117,0.5068,1,3,0.205
101.551,0,3,4,0.0000,-1.2333,-0.4949,-1.1643,179.4598,0.0000,0.0000,0.0000,-0.5018,-1.1353,177.7794,0.004,6869,-0.0947,0.0076,0.4997,1,3,0.187
101.654,0,3,4,0.0000,-1.2333,-0.4857,-1.1630,179.6109,0.0000,0.0000,0.0000,-0.6037,-1.0775,177.5958,0.045,6872,-0.0882,0.0018,0.4908,1,3,0.169
101.750,0,3,4,0.0000,-1.2333,-0.4781,-1.1603,179.4379,0.0000,0.0000,0.0000,-0.5772,-1.0874,177.9886,0.010,6877,-0.0786,-0.0070,0.4836,1,3,0.142
101.850,0,3,4,0.0000,-1.2333,-0.4701,-1.1581,179.2974,0.0000,0.0000,0.0000,-0.4268,-1.1130,176.9736,0.021,6882,-0.1152,0.0075,0.4761,1,3,0.165
101.950,0,3,4,0.0000,-1.2333,-0.4557,-1.1579,179.4030,0.0000,0.0000,0.0000,-0.4244,-1.1243,176.8234,0.016,6887,-0.1252,0.0038,0.4619,1,3,0.143
102.050,0,3,4,0.0000,-1.2333,-0.4421,-1.1583,179.4768,0.0000,0.0000,0.0000,-0.4171,-1.1249,176.9884,0.053,6889,-0.1316,0.0015,0.4484,1,3,0.129
102.150,0,3,4,0.0000,-1.2333,-0.4273,-1.1593,179.4057,0.0000,0.0000,0.0000,-0.3782,-1.1007,175.1539,0.016,6894,-0.1353,0.0003,0.4337,1,3,0.121
102.251,0,3,4,0.0000,-1.2333,-0.4140,-1.1613,179.3020,0.0000,0.0000,0.0000,-0.4670,-1.2473,174.2592,0.026,6898,-0.1348,0.0006,0.4202,1,3,0.122
102.350,0,3,4,0.0000,-1.2333,-0.3994,-1.1618,179.2246,0.0000,0.0000,0.0000,-0.3451,-1.0976,174.6606,0.021,6903,-0.1255,0.0049,0.4057,1,3,0.142
102.450,0,3,4,0.0000,-1.2333,-0.3873,-1.1644,179.2249,0.0000,0.0000,0.0000,-0.4389,-1.2432,174.6190,0.019,6907,-0.1001,0.0191,0.3934,1,3,0.193
102.550,0,3,4,0.0000,-1.2333,-0.3751,-1.1644,179.2198,0.0000,0.0000,0.0000,-0.3438,-1.1200,176.8082,0.015,6912,-0.0871,0.0117,0.3813,1,3,0.175
102.652,0,3,4,0.0000,-1.2333,-0.3660,-1.1636,179.1248,0.0000,0.0000,0.0000,-0.3881,-1.0946,-179.5445,0.022,6916,-0.0731,0.0066,0.3726,1,3,0.145
102.749,0,3,4,0.0000,-1.2333,-0.3617,-1.1608,179.1327,0.0000,0.0000,0.0000,-0.3271,-1.1215,176.5330,0.018,6921,-0.0748,0.0083,0.3689,1,3,0.149
102.850,0,3,4,0.0000,-1.2333,-0.3516,-1.1624,179.2295,0.0000,0.0000,0.0000,-0.3724,-1.1013,-179.7662,0.020,6925,-0.1277,-0.0112,0.3586,1,3,0.117
102.950,0,3,4,0.0000,-1.2333,-0.3375,-1.1673,179.1670,0.0000,0.0000,0.0000,-0.2367,-1.4461,-173.2833,0.011,6929,-0.0984,0.0176,0.3439,1,3,0.214
103.050,0,3,4,0.0000,-1.2333,-0.3262,-1.1694,179.2511,0.0000,0.0000,0.0000,-0.3516,-1.1015,-179.8862,0.009,6934,-0.1278,-0.0117,0.3324,1,3,0.117
103.149,0,3,4,0.0000,-1.2333,-0.3161,-1.1682,179.2291,0.0000,0.0000,0.0000,-0.1355,-1.5245,-170.8869,0.003,6938,-0.1103,0.0066,0.3227,1,3,0.166
103.252,0,3,4,0.0000,-1.2333,-0.3010,-1.1753,179.3147,0.0000,0.0000,0.0000,-0.1309,-1.5307,-170.8309,0.038,6941,-0.1162,-0.0004,0.3065,1,3,0.150
103.349,0,3,4,0.0000,-1.2333,-0.2902,-1.1734,179.3221,0.0000,0.0000,0.0000,-0.2934,-1.1534,177.7939,0.021,6945,-0.1198,-0.0030,0.2963,1,3,0.139
103.450,0,3,4,0.0000,-1.2333,-0.2763,-1.1761,179.3174,0.0000,0.0000,0.0000,-0.3090,-1.1093,-179.9629,0.019,6949,-0.1223,-0.0054,0.2822,1,3,0.132
103.549,0,3,4,0.0000,-1.2333,-0.2648,-1.1748,179.2869,0.0000,0.0000,0.0000,-0.2669,-1.1529,177.6172,0.021,6952,-0.1153,0.0027,0.2712,1,3,0.151
103.650,0,3,4,0.0000,-1.2333,-0.2537,-1.1733,179.3241,0.0000,0.0000,0.0000,-0.2863,-1.1095,179.9143,0.018,6955,-0.1207,-0.0015,0.2607,1,3,0.135
103.750,0,3,4,0.0000,-1.2333,-0.2418,-1.1719,179.3238,0.0000,0.0000,0.0000,-0.2425,-1.1528,177.5758,0.021,6958,-0.1267,-0.0063,0.2495,1,3,0.117
103.849,0,3,4,0.0000,-1.2333,-0.2299,-1.1699,179.2019,0.0000,0.0000,0.0000,-0.2632,-1.1156,179.6329,0.019,6961,-0.1262,-0.0043,0.2385,1,3,0.117
103.950,0,3,4,0.0000,-1.2333,-0.2177,-1.1686,179.1979,0.0000,0.0000,0.0000,-0.2157,-1.1552,177.4997,0.018,6964,-0.1249,-0.0017,0.2271,1,3,0.119
104.050,0,3,4,0.0000,-1.2333,-0.2058,-1.1671,179.2671,0.0000,0.0000,0.0000,-0.2386,-1.1126,179.6642,0.023,6967,-0.1250,-0.0003,0.2162,1,3,0.117
104.149,0,3,4,0.0000,-1.2333,-0.1936,-1.1663,179.1491,0.0000,0.0000,0.0000,-0.1884,-1.1511,177.3020,0.019,6970,-0.1244,0.0018,0.2049,1,3,0.117
104.249,0,3,4,0.0000,-1.2333,-0.1818,-1.1654,179.1822,0.0000,0.0000,0.0000,-0.2138,-1.1157,179.5704,0.018,6973,-0.1236,0.0041,0.1941,1,3,0.117
104.350,0,3,4,0.0000,-1.2333,-0.1696,-1.1652,179.1373,0.0000,0.0000,0.0000,-0.1614,-1.1558,177.3822,0.013,6976,-0.1227,0.0064,0.1828,1,3,0.117
104.452,0,3,4,0.0000,-1.2333,-0.1578,-1.1652,179.1465,0.0000,0.0000,0.0000,-0.1530,-1.1512,177.1282,0.046,6978,-0.1218,0.0088,0.1719,1,3,0.117
104.551,0,3,4,0.0000,-1.2333,-0.1461,-1.1651,179.0692,0.0000,0.0000,0.0000,-0.1339,-1.1573,177.1780,0.010,6982,-0.1206,0.0115,0.1612,1,3,0.117
104.650,0,3,4,0.0000,-1.2333,-0.1343,-1.1653,179.0420,0.0000,0.0000,0.0000,-0.1672,-1.1254,179.2646,0.006,6985,-0.1193,0.0144,0.1506,1,3,0.117
104.750,0,3,4,0.0000,-1.2333,-0.1205,-1.1678,179.0532,0.0000,0.0000,0.0000,-0.1108,-1.1606,177.1670,0.021,6989,-0.1180,0.0170,0.1372,1,3,0.117
104.850,0,3,4,0.0000,-1.2333,-0.1106,-1.1684,178.9734,0.0000,0.0000,0.0000,-0.0183,-1.1884,-178.9863,0.003,6993,-0.1164,0.0199,0.1283,1,3,0.117
104.949,0,3,4,0.0000,-1.2333,-0.0959,-1.1705,179.0075,0.0000,0.0000,0.0000,-0.0856,-1.1612,176.9574,0.022,6997,-0.1045,0.0221,0.1147,1,3,0.117
105.050,0,3,4,0.0000,-1.2333,-0.0855,-1.1721,178.9864,0.0000,0.0000,0.0000,-0.1217,-1.1352,179.1530,0.021,7001,-0.0939,0.0232,0.1052,1,3,0.117
105.150,0,3,4,0.0000,-1.2333,-0.0749,-1.1743,179.1788,0.0000,0.0000,0.0000,-0.0621,-1.1670,176.9253,0.017,7006,-0.0830,0.0238,0.0953,1,3,0.117
105.249,0,3,4,0.0000,-1.2333,-0.0675,-1.1758,179.1100,0.0000,0.0000,0.0000,-0.0261,-1.1914,-179.6423,0.002,7011,-0.0755,0.0243,0.0887,1,3,0.117
105.350,0,3,4,0.0000,-1.2333,-0.0584,-1.1785,179.1151,0.0000,0.0000,0.0000,-0.0444,-1.1737,177.0157,0.023,7015,-0.0662,0.0243,0.0801,1,3,0.117
105.450,0,3,4,0.0000,-1.2333,-0.0520,-1.1803,179.0717,0.0000,0.0000,0.0000,-0.0873,-1.1424,179.4503,0.019,7019,-0.0597,0.0243,0.0743,1,3,0.117
105.550,0,3,5,0.6167,-1.2333,-0.0438,-1.1813,178.9885,0.0000,0.0000,0.0000,-0.0277,-1.1799,176.9013,0.023,7024,-0.1292,-0.0231,0.6625,1,3,0.117
105.650,0,3,5,0.6167,-1.2333,-0.0320,-1.1791,178.9892,0.0000,0.0000,0.0000,-0.0734,-1.1528,179.1988,0.020,7028,-0.1291,-0.0226,0.6509,1,3,0.117
105.750,0,3,5,0.6167,-1.2333,-0.0185,-1.1773,178.9236,0.0000,0.0000,0.0000,0.0551,-1.1917,-179.4239,0.017,7032,-0.1291,-0.0222,0.6376,1,3,0.117
105.849,0,3,5,0.6167,-1.2333,-0.0068,-1.1760,178.9349,0.0000,0.0000,0.0000,-0.0460,-1.1498,179.0471,0.017,7037,-0.1291,-0.0218,0.6261,1,3,0.117
105.949,0,3,5,0.6167,-1.2333,0.0070,-1.1745,179.0128,0.0000,0.0000,0.0000,0.0233,-1.1771,176.7377,0.020,7042,-0.1290,-0.0214,0.6125,1,3,0.117
106.052,0,3,5,0.6167,-1.2333,0.0196,-1.1722,179.0455,0.0000,0.0000,0.0000,0.0578,-1.1837,-179.9264,0.003,7047,-0.1290,-0.0208,0.6002,1,3,0.117
106.151,0,3,5,0.6167,-1.2333,0.0330,-1.1705,179.0405,0.0000,0.0000,0.0000,0.0504,-1.1748,176.9966,0.017,7051,-0.1289,-0.0203,0.5870,1,3,0.117
106.250,0,3,5,0.6167,-1.2333,0.0455,-1.1683,179.0668,0.0000,0.0000,0.0000,0.0021,-1.1439,179.1648,0.024,7055,-0.1289,-0.0197,0.5748,1,3,0.117
106.349,0,3,5,0.6167,-1.2333,0.0596,-1.1666,178.9429,0.0000,0.0000,0.0000,0.0782,-1.1725,176.8708,0.019,7059,-0.1288,-0.0191,0.5610,1,3,0.117
106.451,0,3,5,0.6167,-1.2333,0.0728,-1.1646,179.0098,0.0000,0.0000,0.0000,0.0258,-1.1433,178.9512,0.017,7063,-0.1287,-0.0184,0.5482,1,3,0.117
106.549,0,3,5,0.6167,-1.2333,0.0876,-1.1632,179.0277,0.0000,0.0000,0.0000,0.1071,-1.1670,176.6463,0.017,7068,-0.1287,-0.0178,0.5337,1,3,0.117
106.651,0,3,5,0.6167,-1.2333,0.1004,-1.1613,179.0090,0.0000,0.0000,0.0000,0.1561,-1.1849,-179.5811,0.003,7073,-0.1286,-0.0171,0.5213,1,3,0.117
106.749,0,3,5,0.6167,-1.2333,0.1144,-1.1602,179.0572,0.0000,0.0000,0.0000,0.1353,-1.1662,176.5146,0.019,7077,-0.1285,-0.0165,0.5076,1,3,0.117
106.851,0,3,5,0.6167,-1.2333,0.1251,-1.1606,178.9935,0.0000,0.0000,0.0000,0.1532,-1.1872,-179.9884,0.003,7082,-0.1285,-0.0163,0.4969,1,3,0.117
106.950,0,3,5,0.6167,-1.2333,0.1408,-1.1591,179.0254,0.0000,0.0000,0.0000,0.2502,-1.1695,-178.7775,0.016,7085,-0.1284,-0.0155,0.4816,1,3,0.117
107.050,0,3,5,0.6167,-1.2333,0.1541,-1.1575,179.0761,0.0000,0.0000,0.0000,0.1036,-1.1319,179.1632,0.020,7090,-0.1283,-0.0148,0.4687,1,3,0.117
107.150,0,3,5,0.6167,-1.2333,0.1691,-1.1563,179.1092,0.0000,0.0000,0.0000,0.1943,-1.1596,176.5639,0.014,7095,-0.1282,-0.0140,0.4541,1,3,0.117
107.251,0,3,5,0.6167,-1.2333,0.1822,-1.1577,179.0308,0.0000,0.0000,0.0000,0.2601,-1.1705,-178.9362,0.034,7098,-0.1281,-0.0138,0.4410,1,3,0.117
107.350,0,3,5,0.6167,-1.2333,0.1965,-1.1559,179.0620,0.0000,0.0000,0.0000,0.2228,-1.1572,176.4876,0.022,7104,-0.1280,-0.0128,0.4273,1,3,0.117
107.450,0,3,5,0.6167,-1.2333,0.2076,-1.1584,178.8206,0.0000,0.0000,0.0000,0.2751,-1.1619,-179.4444,0.003,7109,-0.1280,-0.0129,0.4159,1,3,0.117
107.549,0,3,5,0.6167,-1.2333,0.2230,-1.1571,178.9098,0.0000,0.0000,0.0000,0.2500,-1.1558,176.2153,0.021,7113,-0.1278,-0.0119,0.4010,1,3,0.117
107.649,0,3,5,0.6167,-1.2333,0.2342,-1.1556,178.8559,0.0000,0.0000,0.0000,0.3276,-1.1591,-178.9622,0.003,7118,-0.1277,-0.0110,0.3903,1,3,0.117
107.749,0,3,5,0.6167,-1.2333,0.2504,-1.1543,178.8934,0.0000,0.0000,0.0000,0.2785,-1.1523,176.1391,0.022,7122,-0.1274,-0.0099,0.3747,1,3,0.117
107.850,0,3,5,0.6167,-1.2333,0.2615,-1.1532,178.8242,0.0000,0.0000,0.0000,0.3224,-1.1653,-179.5428,0.003,7127,-0.1272,-0.0089,0.3641,1,3,0.117
107.950,0,3,5,0.6167,-1.2333,0.2767,-1.1546,178.7738,0.0000,0.0000,0.0000,0.3055,-1.1507,175.9647,0.024,7131,-0.1271,-0.0084,0.3489,1,3,0.117
108.051,0,3,5,0.6167,-1.2333,0.2897,-1.1535,178.8690,0.0000,0.0000,0.0000,0.3193,-1.1690,-179.9274,0.006,7136,-0.1269,-0.0073,0.3366,1,3,0.117
108.150,0,3,5,0.6167,-1.2333,0.3032,-1.1527,178.8973,0.0000,0.0000,0.0000,0.3332,-1.1515,176.2221,0.022,7140,-0.1266,-0.0060,0.3237,1,3,0.117
108.250,0,3,5,0.6167,-1.2333,0.3143,-1.1517,179.0056,0.0000,0.0000,0.0000,0.3829,-1.1553,-179.2957,0.003,7145,-0.1263,-0.0049,0.3132,1,3,0.117
108.351,0,3,5,0.6167,-1.2333,0.3294,-1.1511,179.0560,0.0000,0.0000,0.0000,0.3626,-1.1493,176.2242,0.003,7149,-0.1259,-0.0034,0.2988,1,3,0.117
108.452,0,3,5,0.6167,-1.2333,0.3430,-1.1533,178.9706,0.0000,0.0000,0.0000,0.4234,-1.1483,-178.9485,0.044,7152,-0.1258,-0.0029,0.2851,1,3,0.117
108.550,0,3,5,0.6167,-1.2333,0.3566,-1.1526,179.0248,0.0000,0.0000,0.0000,0.4209,-1.1520,-179.2206,0.010,7157,-0.1253,-0.0013,0.2723,1,3,0.117
108.651,0,3,5,0.6167,-1.2333,0.3697,-1.1543,179.0715,0.0000,0.0000,0.0000,0.4198,-1.1545,-179.4080,0.005,7163,-0.1251,-0.0004,0.2593,1,3,0.117
108.750,0,3,5,0.6167,-1.2333,0.3824,-1.1564,178.9445,0.0000,0.0000,0.0000,0.4187,-1.1470,176.2115,0.021,7167,-0.1249,0.0003,0.2466,1,3,0.117
108.849,0,3,5,0.6167,-1.2333,0.3935,-1.1582,178.9579,0.0000,0.0000,0.0000,0.4840,-1.1565,-178.6269,0.003,7172,-0.1246,0.0010,0.2354,1,3,0.117
108.950,0,3,5,0.6167,-1.2333,0.4093,-1.1603,178.9671,0.0000,0.0000,0.0000,0.4470,-1.1479,176.0930,0.024,7176,-0.1242,0.0023,0.2198,1,3,0.117
109.051,0,3,5,0.6167,-1.2333,0.4215,-1.1644,178.9252,0.0000,0.0000,0.0000,0.3475,-1.3290,174.4980,0.024,7180,-0.1242,0.0024,0.2070,1,3,0.117
109.150,0,3,5,0.6167,-1.2333,0.4352,-1.1662,178.8535,0.0000,0.0000,0.0000,0.4751,-1.1472,176.1223,0.018,7185,-0.1237,0.0038,0.1935,1,3,0.117
109.249,0,3,5,0.6167,-1.2333,0.4459,-1.1700,178.8034,0.0000,0.0000,0.0000,0.4904,-1.1582,-179.2365,0.003,7190,-0.1237,0.0039,0.1822,1,3,0.117
109.349,0,3,5,0.6167,-1.2333,0.4605,-1.1716,178.8575,0.0000,0.0000,0.0000,0.5002,-1.1481,176.2646,0.024,7194,-0.1229,0.0059,0.1679,1,3,0.117
109.452,0,3,5,0.6167,-1.2333,0.4729,-1.1751,178.8097,0.0000,0.0000,0.0000,0.5632,-1.1467,-178.3958,0.003,7199,-0.1226,0.0067,0.1551,1,3,0.117
109.550,0,3,5,0.6167,-1.2333,0.4871,-1.1763,178.9160,0.0000,0.0000,0.0000,0.5269,-1.1472,176.2195,0.023,7203,-0.1215,0.0094,0.1415,1,3,0.117
109.651,0,3,5,0.6167,-1.2333,0.4974,-1.1806,178.7714,0.0000,0.0000,0.0000,0.4310,-1.3063,175.7147,0.022,7207,-0.1215,0.0096,0.1304,1,3,0.117
109.750,0,3,5,0.6167,-1.2333,0.5110,-1.1823,178.8615,0.0000,0.0000,0.0000,0.6105,-1.1454,-178.0462,0.013,7211,-0.1128,0.0119,0.1174,1,3,0.117
109.850,0,3,5,0.6167,-1.2333,0.5223,-1.1854,178.9571,0.0000,0.0000,0.0000,0.4469,-1.3025,175.9114,0.007,7216,-0.1010,0.0123,0.1059,1,3,0.117
109.951,0,3,5,0.6167,-1.2333,0.5345,-1.1866,178.7977,0.0000,0.0000,0.0000,0.5788,-1.1497,176.0101,0.005,7221,-0.0886,0.0141,0.0946,1,3,0.117
110.049,0,3,5,0.6167,-1.2333,0.5418,-1.1889,178.8106,0.0000,0.0000,0.0000,0.6039,-1.1567,-178.7150,0.003,7224,-0.0809,0.0141,0.0871,1,3,0.117
110.150,0,3,5,0.6167,-1.2333,0.5516,-1.1916,178.8916,0.0000,0.0000,0.0000,0.5951,-1.1549,176.1314,0.019,7229,-0.0707,0.0144,0.0773,1,3,0.117
110.252,0,3,6,1.2333,-1.2333,0.5590,-1.1943,178.8613,0.0000,0.0000,0.0000,0.6038,-1.1609,-178.9699,0.008,7234,-0.1293,-0.0252,0.6755,1,3,0.117
110.349,0,3,6,1.2333,-1.2333,0.5710,-1.1928,178.9231,0.0000,0.0000,0.0000,0.6117,-1.1546,176.0259,0.019,7238,-0.1292,-0.0249,0.6636,1,3,0.117
110.450,0,3,6,1.2333,-1.2333,0.5829,-1.1923,178.9529,0.0000,0.0000,0.0000,0.5087,-1.2938,176.8409,0.022,7242,-0.1292,-0.0247,0.6518,1,3,0.117
110.550,0,3,6,1.2333,-1.2333,0.5979,-1.1898,178.8781,0.0000,0.0000,0.0000,0.6397,-1.1495,176.0677,0.021,7247,-0.1292,-0.0241,0.6370,1,3,0.117
110.649,0,3,6,1.2333,-1.2333,0.6095,-1.1893,178.9171,0.0000,0.0000,0.0000,0.7118,-1.1521,-177.6823,0.005,7252,-0.1292,-0.0239,0.6254,1,3,0.117
110.750,0,3,6,1.2333,-1.2333,0.6260,-1.1863,178.9720,0.0000,0.0000,0.0000,0.6693,-1.1441,175.8578,0.018,7256,-0.1292,-0.0233,0.6091,1,3,0.117
110.849,0,3,6,1.2333,-1.2333,0.6372,-1.1859,178.9505,0.0000,0.0000,0.0000,0.7098,-1.1555,-177.8911,0.003,7261,-0.1291,-0.0230,0.5981,1,3,0.117
110.949,0,3,6,1.2333,-1.2333,0.6531,-1.1831,178.9272,0.0000,0.0000,0.0000,0.6965,-1.1368,175.8543,0.019,7265,-0.1291,-0.0223,0.5824,1,3,0.117
111.050,0,3,6,1.2333,-1.2333,0.6660,-1.1822,178.7774,0.0000,0.0000,0.0000,0.5881,-1.2744,177.1036,0.024,7269,-0.1291,-0.0220,0.5697,1,3,0.117
111.150,0,3,6,1.2333,-1.2333,0.6810,-1.1793,178.7594,0.0000,0.0000,0.0000,0.7265,-1.1272,175.2210,0.010,7274,-0.1290,-0.0212,0.5550,1,3,0.117
111.250,0,3,6,1.2333,-1.2333,0.6941,-1.1776,178.7006,0.0000,0.0000,0.0000,0.7500,-1.1495,-178.2130,0.040,7277,-0.1290,-0.0207,0.5421,1,3,0.117
111.350,0,3,6,1.2333,-1.2333,0.7081,-1.1758,178.6910,0.0000,0.0000,0.0000,0.7539,-1.1218,175.2644,0.007,7283,-0.1289,-0.0201,0.5284,1,3,0.117
111.450,0,3,6,1.2333,-1.2333,0.7199,-1.1742,178.6824,0.0000,0.0000,0.0000,0.6310,-1.2647,177.0449,0.003,7287,-0.1289,-0.0195,0.5168,1,3,0.117
111.549,0,3,6,1.2333,-1.2333,0.7353,-1.1722,178.7751,0.0000,0.0000,0.0000,0.7844,-1.1149,175.0433,0.026,7292,-0.1288,-0.0188,0.5018,1,3,0.117
111.650,0,3,6,1.2333,-1.2333,0.7494,-1.1708,178.8060,0.0000,0.0000,0.0000,0.8510,-1.1157,-177.5341,0.006,7297,-0.1287,-0.0181,0.4880,1,3,0.117
111.750,0,3,6,1.2333,-1.2333,0.7634,-1.1683,178.8260,0.0000,0.0000,0.0000,0.8171,-1.1046,174.5759,0.025,7301,-0.1286,-0.0173,0.4744,1,3,0.117
111.850,0,3,6,1.2333,-1.2333,0.7763,-1.1674,178.8037,0.0000,0.0000,0.0000,0.6965,-1.2491,177.4719,0.019,7305,-0.1285,-0.0167,0.4618,1,3,0.117
111.950,0,3,6,1.2333,-1.2333,0.7895,-1.1657,178.7720,0.0000,0.0000,0.0000,0.8495,-1.0959,174.1189,0.024,7308,-0.1284,-0.0159,0.4490,1,3,0.117
112.049,0,3,6,1.2333,-1.2333,0.8006,-1.1651,178.8127,0.0000,0.0000,0.0000,0.8824,-1.1258,-177.5218,0.003,7313,-0.1284,-0.0154,0.4381,1,3,0.117
112.150,0,3,6,1.2333,-1.2333,0.8163,-1.1626,178.7123,0.0000,0.0000,0.0000,0.8824,-1.0888,173.6932,0.020,7316,-0.1282,-0.0142,0.4229,1,3,0.117
112.250,0,3,6,1.2333,-1.2333,0.8284,-1.1625,178.6847,0.0000,0.0000,0.0000,0.7503,-1.2375,177.6710,0.017,7319,-0.1281,-0.0137,0.4110,1,3,0.117
112.349,0,3,6,1.2333,-1.2333,0.8420,-1.1607,178.6399,0.0000,0.0000,0.0000,0.9214,-1.0799,172.6922,0.023,7322,-0.1280,-0.0127,0.3980,1,3,0.117
112.450,0,3,6,1.2333,-1.2333,0.8542,-1.1607,178.7023,0.0000,0.0000,0.0000,0.7791,-1.2350,177.8763,0.015,7325,-0.1279,-0.0121,0.3860,1,3,0.117
112.550,0,3,6,1.2333,-1.2333,0.8675,-1.1597,178.6305,0.0000,0.0000,0.0000,0.7934,-1.2288,178.0329,0.046,7327,-0.1277,-0.0112,0.3731,1,3,0.117
112.651,0,3,6,1.2333,-1.2333,0.8811,-1.1587,178.6326,0.0000,0.0000,0.0000,0.7930,-1.2284,177.9622,0.009,7331,-0.1275,-0.0102,0.3600,1,3,0.117
112.751,0,3,6,1.2333,-1.2333,0.8974,-1.1563,178.7064,0.0000,0.0000,0.0000,1.0424,-1.0591,168.5978,0.013,7335,-0.1272,-0.0086,0.3446,1,3,0.117
112.851,0,3,6,1.2333,-1.2333,0.9112,-1.1559,178.5526,0.0000,0.0000,0.0000,0.8304,-1.2256,178.3481,0.008,7339,-0.1269,-0.0076,0.3313,1,3,0.117
112.950,0,3,6,1.2333,-1.2333,0.9278,-1.1541,178.5297,0.0000,0.0000,0.0000,1.1268,-1.0645,164.5250,0.023,7343,-0.1265,-0.0058,0.3156,1,3,0.117
113.050,0,3,6,1.2333,-1.2333,0.9422,-1.1539,178.6085,0.0000,0.0000,0.0000,0.8702,-1.2124,178.8324,0.016,7347,-0.1262,-0.0046,0.3018,1,3,0.117
113.149,0,3,6,1.2333,-1.2333,0.9606,-1.1528,178.3370,0.0000,0.0000,0.0000,1.2158,-1.0800,160.4611,0.018,7351,-0.1257,-0.0026,0.2844,1,3,0.117
113.251,0,3,6,1.2333,-1.2333,0.9756,-1.1527,178.4330,0.0000,0.0000,0.0000,1.0425,-1.1060,-176.8712,0.005,7356,-0.1253,-0.0010,0.2700,1,3,0.117
113.350,0,3,6,1.2333,-1.2333,0.9940,-1.1532,178.2716,0.0000,0.0000,0.0000,1.2953,-1.1033,156.7930,0.024,7359,-0.1247,0.0009,0.2524,1,3,0.117
113.451,0,3,6,1.2333,-1.2333,1.0045,-1.1546,178.3903,0.0000,0.0000,0.0000,0.9193,-1.1989,179.5542,0.013,7361,-0.1244,0.0016,0.2420,1,3,0.117
113.549,0,3,6,1.2333,-1.2333,1.0237,-1.1561,178.1383,0.0000,0.0000,0.0000,1.3574,-1.1303,153.9113,0.020,7364,-0.1237,0.0037,0.2234,1,3,0.117
113.649,0,3,6,1.2333,-1.2333,1.0323,-1.1585,178.4142,0.0000,0.0000,0.0000,0.9564,-1.1926,-179.9761,0.017,7366,-0.1236,0.0040,0.2145,1,3,0.117
113.750,0,3,6,1.2333,-1.2333,1.0431,-1.1598,178.6722,0.0000,0.0000,0.0000,0.9609,-1.1916,-179.7721,0.053,7367,-0.1232,0.0052,0.2040,1,3,0.117
113.851,0,3,6,1.2333,-1.2333,1.0540,-1.1605,178.8148,0.0000,0.0000,0.0000,0.9701,-1.1893,-179.3839,0.014,7370,-0.1226,0.0068,0.1936,1,3,0.117
113.950,0,3,6,1.2333,-1.2333,1.0658,-1.1610,178.8954,0.0000,0.0000,0.0000,0.9712,-1.1890,-179.3463,0.028,7372,-0.1218,0.0088,0.1825,1,3,0.117
114.050,0,3,6,1.2333,-1.2333,1.0766,-1.1624,179.0390,0.0000,0.0000,0.0000,0.9720,-1.1886,-179.3266,0.052,7373,-0.1211,0.0104,0.1720,1,3,0.117
114.150,0,3,6,1.2333,-1.2333,1.0866,-1.1640,179.0153,0.0000,0.0000,0.0000,1.0230,-1.1708,-178.7713,0.045,7375,-0.1205,0.0119,0.1623,1,3,0.117
114.251,0,3,6,1.2333,-1.2333,1.0967,-1.1655,179.1409,0.0000,0.0000,0.0000,1.0231,-1.1707,-178.7744,0.021,7377,-0.1196,0.0137,0.1525,1,3,0.117
114.350,0,3,6,1.2333,-1.2333,1.1076,-1.1670,179.1262,0.0000,0.0000,0.0000,1.0254,-1.1699,-178.6983,0.052,7378,-0.1185,0.0159,0.1422,1,3,0.117
114.450,0,3,6,1.2333,-1.2333,1.1175,-1.1686,179.1189,0.0000,0.0000,0.0000,1.0611,-1.1648,-178.6772,0.012,7380,-0.1174,0.0180,0.1326,1,3,0.117
114.549,0,3,6,1.2333,-1.2333,1.1283,-1.1705,179.0829,0.0000,0.0000,0.0000,1.0614,-1.1647,-178.6676,0.053,7381,-0.1136,0.0202,0.1224,1,3,0.117
114.650,0,3,6,1.2333,-1.2333,1.1376,-1.1723,179.1260,0.0000,0.0000,0.0000,1.0635,-1.1639,-178.6233,0.018,7383,-0.1040,0.0209,0.1135,1,3,0.117
114.750,0,3,6,1.2333,-1.2333,1.1466,-1.1743,179.0755,0.0000,0.0000,0.0000,1.0644,-1.1635,-178.6012,0.053,7384,-0.0948,0.0214,0.1049,1,3,0.117
114.850,0,3,6,1.2333,-1.2333,1.1541,-1.1758,179.0965,0.0000,0.0000,0.0000,1.1115,-1.1474,-178.3900,0.020,7386,-0.0871,0.0220,0.0979,1,3,0.117
114.950,0,3,6,1.2333,-1.2333,1.1622,-1.1776,179.1939,0.0000,0.0000,0.0000,1.1122,-1.1472,-178.3538,0.053,7387,-0.0789,0.0224,0.0904,1,3,0.117
115.050,0,3,6,1.2333,-1.2333,1.1684,-1.1787,179.1456,0.0000,0.0000,0.0000,1.1146,-1.1462,-178.2926,0.023,7389,-0.0725,0.0229,0.0848,1,3,0.117
115.151,0,3,6,1.2333,-1.2333,1.1748,-1.1805,179.2980,0.0000,0.0000,0.0000,1.1140,-1.1463,-178.3376,0.048,7390,-0.0661,0.0230,0.0789,1,3,0.117
115.254,0,3,6,1.2333,-1.2333,1.1805,-1.1822,179.2285,0.0000,0.0000,0.0000,1.1190,-1.1443,-178.1303,0.092,7391,0.0000,0.0000,0.0736,1,3,0.117
115.349,0,3,6,1.2333,-1.2333,1.1800,-1.1880,179.1074,0.0000,0.0000,0.0000,1.1170,-1.5452,174.1680,0.028,7393,0.0000,0.0000,0.0699,1,3,0.117
115.450,0,3,6,1.2333,-1.2333,1.1781,-1.2003,178.8647,0.0000,0.0000,0.0000,1.1182,-1.5447,174.1920,0.013,7395,0.0000,0.0000,0.0644,1,3,0.117
115.551,0,3,6,1.2333,-1.2333,1.1773,-1.2063,178.7304,0.0000,0.0000,0.0000,1.1194,-1.5444,174.2347,0.023,7396,0.0000,0.0000,0.0623,1,3,0.117
115.650,0,3,6,1.2333,-1.2333,1.1754,-1.2179,178.4830,0.0000,0.0000,0.0000,1.1192,-1.5444,174.2278,0.018,7398,0.0000,0.0000,0.0600,1,3,0.117
115.751,0,3,6,1.2333,-1.2333,1.1745,-1.2236,178.3736,0.0000,0.0000,0.0000,1.1191,-1.5445,174.2240,0.057,7399,0.0000,0.0000,0.0596,1,3,0.117
115.849,0,3,6,1.2333,-1.2333,1.1727,-1.2347,178.1548,0.0000,0.0000,0.0000,1.1192,-1.5444,174.2248,0.023,7401,0.0000,0.0000,0.0607,1,3,0.117
115.950,0,3,6,1.2333,-1.2333,1.1718,-1.2401,178.0529,0.0000,0.0000,0.0000,1.1192,-1.5444,174.2254,0.054,7402,0.0000,0.0000,0.0619,1,3,0.117
116.051,0,3,6,1.2333,-1.2333,1.1700,-1.2506,177.8564,0.0000,0.0000,0.0000,1.1193,-1.5444,174.2287,0.024,7404,0.0000,0.0000,0.0657,1,3,0.117
116.150,0,3,6,1.2333,-1.2333,1.1691,-1.2557,177.7686,0.0000,0.0000,0.0000,1.1193,-1.5444,174.2280,0.053,7405,0.0000,0.0000,0.0680,1,3,0.117
116.250,0,3,6,1.2333,-1.2333,1.1674,-1.2658,177.5944,0.0000,0.0000,0.0000,1.1191,-1.5444,174.2232,0.024,7407,0.0000,0.0000,0.0735,1,3,0.117
116.349,0,3,6,1.2333,-1.2333,1.1666,-1.2707,177.5128,0.0000,0.0000,0.0000,1.1192,-1.5444,174.2263,0.056,7408,0.0000,0.0000,0.0765,0,4,0.117
116.451,0,3,6,1.2333,-1.2333,1.1649,-1.2802,177.3578,0.0000,0.0000,0.0000,1.1193,-1.5444,174.2268,0.024,7410,0.0000,0.0000,0.0829,0,4,0.117
116.549,0,3,6,1.2333,-1.2333,1.1641,-1.2849,177.2868,0.0000,0.0000,0.0000,1.1192,-1.5444,174.2251,0.057,7411,0.0000,0.0000,0.0863,0,4,0.117
116.651,0,3,6,1.2333,-1.2333,1.1625,-1.2940,177.1468,0.0000,0.0000,0.0000,1.1193,-1.5444,174.2261,0.009,7413,0.0000,0.0000,0.0932,0,4,0.117
116.750,0,3,6,1.2333,-1.2333,1.1618,-1.2984,177.0841,0.0000,0.0000,0.0000,1.1192,-1.5444,174.2237,0.034,7414,0.0000,0.0000,0.0967,0,4,0.117
116.851,0,3,6,1.2333,-1.2333,1.1610,-1.3028,177.0276,0.0000,0.0000,0.0000,1.1192,-1.5444,174.2222,0.053,7415,0.0000,0.0000,0.1003,0,4,0.117
116.950,0,3,6,1.2333,-1.2333,1.1595,-1.3113,176.8974,0.0000,0.0000,0.0000,1.1194,-1.5444,174.2311,0.043,7417,0.0000,0.0000,0.1074,0,4,0.117
117.050,0,3,6,1.2333,-1.2333,1.1581,-1.3195,176.7859,0.0000,0.0000,0.0000,1.1192,-1.5444,174.2206,0.024,7419,0.0000,0.0000,0.1144,0,4,0.117
117.149,0,3,6,1.2333,-1.2333,1.1574,-1.3235,176.7355,0.0000,0.0000,0.0000,1.1191,-1.5444,174.2196,0.053,7420,0.0000,0.0000,0.1179,0,4,0.117
117.250,0,3,6,1.2333,-1.2333,1.1560,-1.3313,176.6339,0.0000,0.0000,0.0000,1.1191,-1.5444,174.2173,0.024,7422,0.0000,0.0000,0.1248,0,4,0.117
117.350,0,3,6,1.2333,-1.2333,1.1554,-1.3351,176.5886,0.0000,0.0000,0.0000,1.1191,-1.5444,174.2183,0.058,7423,0.0000,0.0000,0.1282,0,4,0.117
117.449,0,3,6,1.2333,-1.2333,1.1541,-1.3425,176.4961,0.0000,0.0000,0.0000,1.1192,-1.5444,174.2197,0.018,7425,0.0000,0.0000,0.1349,0,4,0.117
117.550,0,3,6,1.2333,-1.2333,1.1535,-1.3462,176.4545,0.0000,0.0000,0.0000,1.1192,-1.5444,174.2211,0.060,7426,0.0000,0.0000,0.1382,0,4,0.117
117.649,0,3,6,1.2333,-1.2333,1.1528,-1.3497,176.4135,0.0000,0.0000,0.0000,1.1192,-1.5444,174.2212,0.003,7428,0.0000,0.0000,0.1415,0,4,0.117
117.750,0,3,6,1.2333,-1.2333,1.1516,-1.3567,176.3346,0.0000,0.0000,0.0000,1.1192,-1.5444,174.2199,0.037,7429,0.0000,0.0000,0.1479,0,4,0.117
117.849,0,3,6,1.2333,-1.2333,1.1505,-1.3634,176.2620,0.0000,0.0000,0.0000,1.1193,-1.5444,174.2214,0.024,7431,0.0000,0.0000,0.1542,0,4,0.117
117.951,0,3,6,1.2333,-1.2333,1.1499,-1.3666,176.2322,0.0000,0.0000,0.0000,1.1192,-1.5444,174.2192,0.058,7432,0.0000,0.0000,0.1572,0,4,0.117
118.051,0,3,6,1.2333,-1.2333,1.1493,-1.3698,176.1988,0.0000,0.0000,0.0000,1.1192,-1.5444,174.2200,0.067,7433,0.0000,0.0000,0.1603,0,4,0.117
118.151,0,3,6,1.2333,-1.2333,1.1483,-1.3761,176.1308,0.0000,0.0000,0.0000,1.1193,-1.5444,174.2224,0.041,7435,0.0000,0.0000,0.1662,0,4,0.117
118.251,0,3,6,1.2333,-1.2333,1.1477,-1.3791,176.0992,0.0000,0.0000,0.0000,1.1193,-1.5443,174.2224,0.078,7436,0.0000,0.0000,0.1691,0,4,0.117
118.349,0,3,6,1.2333,-1.2333,1.1467,-1.3851,176.0359,0.0000,0.0000,0.0000,1.1193,-1.5444,174.2214,0.045,7438,0.0000,0.0000,0.1747,0,4,0.117
118.450,0,3,6,1.2333,-1.2333,1.1457,-1.3908,175.9774,0.0000,0.0000,0.0000,1.1193,-1.5443,174.2221,0.024,7440,0.0000,0.0000,0.1802,0,4,0.117
118.550,0,3,6,1.2333,-1.2333,1.1452,-1.3936,175.9524,0.0000,0.0000,0.0000,1.1193,-1.5443,174.2217,0.057,7441,0.0000,0.0000,0.1828,0,4,0.117
118.649,0,3,6,1.2333,-1.2333,1.1443,-1.3990,175.8977,0.0000,0.0000,0.0000,1.1193,-1.5443,174.2230,0.022,7443,0.0000,0.0000,0.1881,0,4,0.117
118.750,0,3,6,1.2333,-1.2333,1.1438,-1.4016,175.8740,0.0000,0.0000,0.0000,1.1193,-1.5443,174.2220,0.045,7444,0.0000,0.0000,0.1906,0,4,0.117
118.849,0,3,6,1.2333,-1.2333,1.1430,-1.4067,175.8232,0.0000,0.0000,0.0000,1.1194,-1.5443,174.2235,0.023,7446,0.0000,0.0000,0.1956,0,4,0.117
118.949,0,3,6,1.2333,-1.2333,1.1425,-1.4093,175.8026,0.0000,0.0000,0.0000,1.1193,-1.5443,174.2219,0.046,7447,0.0000,0.0000,0.1980,0,4,0.117
119.050,0,3,6,1.2333,-1.2333,1.1417,-1.4141,175.7555,0.0000,0.0000,0.0000,1.1194,-1.5443,174.2228,0.025,7449,0.0000,0.0000,0.2027,0,4,0.117
119.150,0,3,6,1.2333,-1.2333,1.1413,-1.4165,175.7339,0.0000,0.0000,0.0000,1.1194,-1.5443,174.2231,0.053,7450,0.0000,0.0000,0.2050,0,4,0.117
119.250,0,3,6,1.2333,-1.2333,1.1405,-1.4211,175.6885,0.0000,0.0000,0.0000,1.1194,-1.5443,174.2238,0.022,7452,0.0000,0.0000,0.2095,0,4,0.117
119.350,0,3,6,1.2333,-1.2333,1.1401,-1.4233,175.6692,0.0000,0.0000,0.0000,1.1194,-1.5443,174.2243,0.048,7453,0.0000,0.0000,0.2117,0,4,0.117
119.451,0,3,6,1.2333,-1.2333,1.1393,-1.4277,175.6303,0.0000,0.0000,0.0000,1.1194,-1.5443,174.2244,0.008,7455,0.0000,0.0000,0.2159,0,4,0.117
119.549,0,3,6,1.2333,-1.2333,1.1390,-1.4299,175.6132,0.0000,0.0000,0.0000,1.1194,-1.5443,174.2245,0.027,7456,0.0000,0.0000,0.2180,0,4,0.117
119.651,0,3,6,1.2333,-1.2333,1.1383,-1.4340,175.5754,0.0000,0.0000,0.0000,1.1195,-1.5443,174.2252,0.012,7458,0.0000,0.0000,0.2221,0,4,0.117
119.750,0,3,6,1.2333,-1.2333,1.1379,-1.4360,175.5599,0.0000,0.0000,0.0000,1.1195,-1.5443,174.2246,0.053,7459,0.0000,0.0000,0.2240,0,4,0.117
119.850,0,3,6,1.2333,-1.2333,1.1373,-1.4400,175.5239,0.0000,0.0000,0.0000,1.1195,-1.5443,174.2257,0.026,7461,0.0000,0.0000,0.2279,0,4,0.117
119.950,0,3,6,1.2333,-1.2333,1.1369,-1.4419,175.5070,0.0000,0.0000,0.0000,1.1195,-1.5443,174.2252,0.055,7462,0.0000,0.0000,0.2297,0,4,0.117
120.050,0,3,6,1.2333,-1.2333,1.1363,-1.4456,175.4710,0.0000,0.0000,0.0000,1.1195,-1.5443,174.2250,0.019,7464,0.0000,0.0000,0.2334,0,4,0.117
120.151,0,3,6,1.2333,-1.2333,1.1360,-1.4474,175.4574,0.0000,0.0000,0.0000,1.1195,-1.5443,174.2239,0.053,7465,0.0000,0.0000,0.2351,0,4,0.117
120.251,0,3,6,1.2333,-1.2333,1.1354,-1.4509,175.4246,0.0000,0.0000,0.0000,1.1195,-1.5442,174.2249,0.022,7467,0.0000,0.0000,0.2386,0,4,0.117
120.350,0,3,6,1.2333,-1.2333,1.1351,-1.4526,175.4106,0.0000,0.0000,0.0000,1.1195,-1.5443,174.2240,0.053,7468,0.0000,0.0000,0.2403,0,4,0.117
120.450,0,3,6,1.2333,-1.2333,1.1345,-1.4559,175.3814,0.0000,0.0000,0.0000,1.1195,-1.5442,174.2251,0.017,7470,0.0000,0.0000,0.2435,0,4,0.117
120.550,0,3,6,1.2333,-1.2333,1.1342,-1.4575,175.3685,0.0000,0.0000,0.0000,1.1195,-1.5442,174.2245,0.049,7471,0.0000,0.0000,0.2451,0,4,0.117
120.649,0,3,6,1.2333,-1.2333,1.1337,-1.4607,175.3388,0.0000,0.0000,0.0000,1.1196,-1.5442,174.2263,0.022,7473,0.0000,0.0000,0.2482,0,4,0.117
120.751,0,3,6,1.2333,-1.2333,1.1335,-1.4622,175.3265,0.0000,0.0000,0.0000,1.1196,-1.5442,174.2272,0.030,7474,0.0000,0.0000,0.2497,0,4,0.117
120.850,0,3,6,1.2333,-1.2333,1.1332,-1.4637,175.3144,0.0000,0.0000,0.0000,1.1196,-1.5442,174.2272,0.057,7475,0.0000,0.0000,0.2512,0,4,0.117
120.950,0,3,6,1.2333,-1.2333,1.1327,-1.4667,175.2816,0.0000,0.0000,0.0000,1.1195,-1.5442,174.2245,0.045,7477,0.0000,0.0000,0.2541,0,4,0.117
121.050,0,3,6,1.2333,-1.2333,1.1322,-1.4695,175.2570,0.0000,0.0000,0.0000,1.1195,-1.5442,174.2242,0.025,7479,0.0000,0.0000,0.2569,0,4,0.117
121.151,0,3,6,1.2333,-1.2333,1.1320,-1.4709,175.2469,0.0000,0.0000,0.0000,1.1196,-1.5442,174.2248,0.053,7480,0.0000,0.0000,0.2583,0,4,0.117
121.250,0,3,6,1.2333,-1.2333,1.1315,-1.4735,175.2228,0.0000,0.0000,0.0000,1.1196,-1.5442,174.2245,0.020,7482,0.0000,0.0000,0.2609,0,4,0.117
121.349,0,3,6,1.2333,-1.2333,1.1313,-1.4748,175.2124,0.0000,0.0000,0.0000,1.1196,-1.5442,174.2245,0.055,7483,0.0000,0.0000,0.2622,0,4,0.117
121.451,0,3,6,1.2333,-1.2333,1.1309,-1.4774,175.1887,0.0000,0.0000,0.0000,1.1196,-1.5442,174.2274,0.016,7485,0.0000,0.0000,0.2647,0,4,0.117
121.550,0,3,6,1.2333,-1.2333,1.1307,-1.4786,175.1777,0.0000,0.0000,0.0000,1.1196,-1.5442,174.2264,0.044,7486,0.0000,0.0000,0.2659,0,4,0.117
121.649,0,3,6,1.2333,-1.2333,1.1303,-1.4810,175.1547,0.0000,0.0000,0.0000,1.1196,-1.5442,174.2257,0.012,7488,0.0000,0.0000,0.2682,0,4,0.117
121.750,0,3,6,1.2333,-1.2333,1.1301,-1.4821,175.1462,0.0000,0.0000,0.0000,1.1196,-1.5442,174.2264,0.056,7489,0.0000,0.0000,0.2694,0,4,0.117
121.849,0,3,6,1.2333,-1.2333,1.1297,-1.4844,175.1236,0.0000,0.0000,0.0000,1.1196,-1.5442,174.2262,0.023,7491,0.0000,0.0000,0.2716,0,4,0.117
121.950,0,3,6,1.2333,-1.2333,1.1295,-1.4855,175.1132,0.0000,0.0000,0.0000,1.1197,-1.5442,174.2269,0.055,7492,0.0000,0.0000,0.2727,0,4,0.117
122.051,0,3,6,1.2333,-1.2333,1.1293,-1.4866,175.1052,0.0000,0.0000,0.0000,1.1197,-1.5442,174.2273,0.093,7493,0.0000,0.0000,0.2738,0,4,0.117
122.149,0,3,6,1.2333,-1.2333,1.1290,-1.4887,175.0860,0.0000,0.0000,0.0000,1.1197,-1.5442,174.2264,0.045,7495,0.0000,0.0000,0.2758,0,4,0.117
122.250,0,3,6,1.2333,-1.2333,1.1288,-1.4897,175.0777,0.0000,0.0000,0.0000,1.1197,-1.5442,174.2255,0.083,7496,0.0000,0.0000,0.2769,0,4,0.117
122.350,0,3,6,1.2333,-1.2333,1.1285,-1.4917,175.0586,0.0000,0.0000,0.0000,1.1197,-1.5442,174.2268,0.036,7498,0.0000,0.0000,0.2788,0,4,0.117
122.450,0,3,6,1.2333,-1.2333,1.1281,-1.4936,175.0388,0.0000,0.0000,0.0000,1.1197,-1.5441,174.2280,0.023,7500,0.0000,0.0000,0.2807,0,4,0.117
122.551,0,3,6,1.2333,-1.2333,1.1280,-1.4945,175.0312,0.0000,0.0000,0.0000,1.1197,-1.5442,174.2256,0.055,7501,0.0000,0.0000,0.2816,0,4,0.117
122.649,0,3,6,1.2333,-1.2333,1.1277,-1.4963,175.0141,0.0000,0.0000,0.0000,1.1197,-1.5441,174.2264,0.025,7503,0.0000,0.0000,0.2834,0,4,0.117
122.749,0,3,6,1.2333,-1.2333,1.1275,-1.4972,175.0088,0.0000,0.0000,0.0000,1.1197,-1.5441,174.2275,0.055,7504,0.0000,0.0000,0.2843,0,4,0.117
122.849,0,3,6,1.2333,-1.2333,1.1273,-1.4989,174.9910,0.0000,0.0000,0.0000,1.1197,-1.5441,174.2270,0.022,7506,0.0000,0.0000,0.2860,0,4,0.117
122.950,0,3,6,1.2333,-1.2333,1.1271,-1.4998,174.9850,0.0000,0.0000,0.0000,1.1198,-1.5441,174.2283,0.051,7507,0.0000,0.0000,0.2868,0,4,0.117
123.050,0,3,6,1.2333,-1.2333,1.1268,-1.5014,174.9660,0.0000,0.0000,0.0000,1.1198,-1.5441,174.2274,0.025,7509,0.0000,0.0000,0.2884,0,4,0.117
123.151,0,3,6,1.2333,-1.2333,1.1267,-1.5022,174.9599,0.0000,0.0000,0.0000,1.1197,-1.5441,174.2246,0.054,7510,0.0000,0.0000,0.2892,0,4,0.117
123.250,0,3,6,1.2333,-1.2333,1.1265,-1.5037,174.9434,0.0000,0.0000,0.0000,1.1198,-1.5441,174.2272,0.026,7512,0.0000,0.0000,0.2907,0,4,0.117
123.350,0,3,6,1.2333,-1.2333,1.1263,-1.5044,174.9372,0.0000,0.0000,0.0000,1.1198,-1.5441,174.2278,0.047,7513,0.0000,0.0000,0.2915,0,4,0.117
123.450,0,3,6,1.2333,-1.2333,1.1261,-1.5059,174.9229,0.0000,0.0000,0.0000,1.1198,-1.5441,174.2284,0.007,7515,0.0000,0.0000,0.2929,0,4,0.117
123.549,0,3,6,1.2333,-1.2333,1.1260,-1.5066,174.9175,0.0000,0.0000,0.0000,1.1198,-1.5441,174.2264,0.030,7516,0.0000,0.0000,0.2936,0,4,0.117
123.650,0,3,6,1.2333,-1.2333,1.1259,-1.5073,174.9102,0.0000,0.0000,0.0000,1.1198,-1.5441,174.2269,0.051,7517,0.0000,0.0000,0.2943,0,4,0.117
123.749,0,3,6,1.2333,-1.2333,1.1256,-1.5086,174.8962,0.0000,0.0000,0.0000,1.1198,-1.5441,174.2269,0.039,7519,0.0000,0.0000,0.2956,0,4,0.117
123.850,0,3,6,1.2333,-1.2333,1.1254,-1.5099,174.8832,0.0000,0.0000,0.0000,1.1198,-1.5441,174.2267,0.025,7521,0.0000,0.0000,0.2969,0,4,0.117
123.952,0,3,6,1.2333,-1.2333,1.1253,-1.5106,174.8774,0.0000,0.0000,0.0000,1.1198,-1.5441,174.2273,0.058,7522,0.0000,0.0000,0.2975,0,4,0.117
124.049,0,3,6,1.2333,-1.2333,1.1251,-1.5118,174.8653,0.0000,0.0000,0.0000,1.1198,-1.5441,174.2280,0.023,7524,0.0000,0.0000,0.2987,0,4,0.117
124.150,0,3,6,1.2333,-1.2333,1.1250,-1.5124,174.8607,0.0000,0.0000,0.0000,1.1199,-1.5441,174.2287,0.054,7525,0.0000,0.0000,0.2993,0,4,0.117
124.250,0,3,6,1.2333,-1.2333,1.1248,-1.5135,174.8468,0.0000,0.0000,0.0000,1.1199,-1.5441,174.2291,0.024,7527,0.0000,0.0000,0.3005,0,4,0.117
124.350,0,3,6,1.2333,-1.2333,1.1247,-1.5141,174.8421,0.0000,0.0000,0.0000,1.1198,-1.5441,174.2268,0.058,7528,0.0000,0.0000,0.3010,0,4,0.117
124.450,0,3,6,1.2333,-1.2333,1.1246,-1.5152,174.8296,0.0000,0.0000,0.0000,1.1198,-1.5441,174.2274,0.024,7530,0.0000,0.0000,0.3021,0,4,0.117
124.551,0,3,6,1.2333,-1.2333,1.1245,-1.5157,174.8255,0.0000,0.0000,0.0000,1.1199,-1.5441,174.2283,0.052,7531,0.0000,0.0000,0.3026,0,4,0.117
124.649,0,3,6,1.2333,-1.2333,1.1243,-1.5168,174.8174,0.0000,0.0000,0.0000,1.1199,-1.5441,174.2301,0.023,7533,0.0000,0.0000,0.3037,0,4,0.117
124.750,0,3,6,1.2333,-1.2333,1.1242,-1.5173,174.8152,0.0000,0.0000,0.0000,1.1199,-1.5440,174.2302,0.049,7534,0.0000,0.0000,0.3042,0,4,0.117
124.851,0,3,6,1.2333,-1.2333,1.1242,-1.5178,174.8120,0.0000,0.0000,0.0000,1.1199,-1.5440,174.2296,0.059,7535,0.0000,0.0000,0.3047,0,4,0.117
124.950,0,3,6,1.2333,-1.2333,1.1240,-1.5187,174.7997,0.0000,0.0000,0.0000,1.1199,-1.5441,174.2283,0.037,7537,0.0000,0.0000,0.3056,0,4,0.117
125.050,0,3,6,1.2333,-1.2333,1.1238,-1.5197,174.7880,0.0000,0.0000,0.0000,1.1199,-1.5440,174.2286,0.013,7539,0.0000,0.0000,0.3065,0,4,0.117
125.149,0,3,6,1.2333,-1.2333,1.1238,-1.5201,174.7834,0.0000,0.0000,0.0000,1.1199,-1.5440,174.2287,0.055,7540,0.0000,0.0000,0.3070,0,4,0.117
125.250,0,3,6,1.2333,-1.2333,1.1236,-1.5210,174.7728,0.0000,0.0000,0.0000,1.1199,-1.5441,174.2261,0.022,7542,0.0000,0.0000,0.3078,0,4,0.117
125.349,0,3,6,1.2333,-1.2333,1.1236,-1.5214,174.7709,0.0000,0.0000,0.0000,1.1200,-1.5440,174.2294,0.049,7543,0.0000,0.0000,0.3083,0,4,0.117
125.450,0,3,6,1.2333,-1.2333,1.1234,-1.5222,174.7611,0.0000,0.0000,0.0000,1.1199,-1.5440,174.2290,0.024,7545,0.0000,0.0000,0.3091,0,4,0.117
125.553,0,3,6,1.2333,-1.2333,1.1234,-1.5226,174.7573,0.0000,0.0000,0.0000,1.1200,-1.5440,174.2293,0.062,7546,0.0000,0.0000,0.3095,0,4,0.117
125.650,0,3,6,1.2333,-1.2333,1.1232,-1.5234,174.7457,0.0000,0.0000,0.0000,1.1200,-1.5440,174.2307,0.019,7548,0.0000,0.0000,0.3103,0,4,0.117
125.751,0,3,6,1.2333,-1.2333,1.1232,-1.5238,174.7445,0.0000,0.0000,0.0000,1.1200,-1.5440,174.2299,0.052,7549,0.0000,0.0000,0.3106,0,4,0.117
125.849,0,3,6,1.2333,-1.2333,1.1231,-1.5245,174.7346,0.0000,0.0000,0.0000,1.1201,-1.5440,174.2330,0.023,7551,0.0000,0.0000,0.3114,0,4,0.117
125.950,0,3,6,1.2333,-1.2333,1.1230,-1.5249,174.7330,0.0000,0.0000,0.0000,1.1200,-1.5440,174.2298,0.057,7552,0.0000,0.0000,0.3117,0,4,0.117
126.049,0,3,6,1.2333,-1.2333,1.1229,-1.5256,174.7244,0.0000,0.0000,0.0000,1.1201,-1.5440,174.2323,0.022,7554,0.0000,0.0000,0.3124,0,4,0.117
126.151,0,3,6,1.2333,-1.2333,1.1229,-1.5259,174.7236,0.0000,0.0000,0.0000,1.1200,-1.5440,174.2305,0.054,7555,0.0000,0.0000,0.3128,0,4,0.117
126.249,0,3,6,1.2333,-1.2333,1.1227,-1.5266,174.7151,0.0000,0.0000,0.0000,1.1200,-1.5440,174.2300,0.009,7557,0.0000,0.0000,0.3134,0,4,0.117
126.350,0,3,6,1.2333,-1.2333,1.1227,-1.5269,174.7107,0.0000,0.0000,0.0000,1.1201,-1.5440,174.2317,0.033,7558,0.0000,0.0000,0.3137,0,4,0.117
126.450,0,3,6,1.2333,-1.2333,1.1226,-1.5275,174.7016,0.0000,0.0000,0.0000,1.1201,-1.5440,174.2315,0.016,7560,0.0000,0.0000,0.3143,0,4,0.117
126.549,0,3,6,1.2333,-1.2333,1.1226,-1.5278,174.6990,0.0000,0.0000,0.0000,1.1201,-1.5440,174.2316,0.056,7561,0.0000,0.0000,0.3146,0,4,0.117
126.650,0,3,6,1.2333,-1.2333,1.1225,-1.5284,174.6919,0.0000,0.0000,0.0000,1.1201,-1.5440,174.2319,0.026,7563,0.0000,0.0000,0.3152,0,4,0.117
126.750,0,3,6,1.2333,-1.2333,1.1224,-1.5287,174.6911,0.0000,0.0000,0.0000,1.1201,-1.5440,174.2311,0.053,7564,0.0000,0.0000,0.3155,0,4,0.117
126.850,0,3,6,1.2333,-1.2333,1.1223,-1.5293,174.6832,0.0000,0.0000,0.0000,1.1201,-1.5440,174.2318,0.025,7566,0.0000,0.0000,0.3161,0,4,0.117
126.951,0,3,6,1.2333,-1.2333,1.1223,-1.5295,174.6824,0.0000,0.0000,0.0000,1.1201,-1.5440,174.2320,0.058,7567,0.0000,0.0000,0.3163,0,4,0.117
127.049,0,3,6,1.2333,-1.2333,1.1222,-1.5301,174.6732,0.0000,0.0000,0.0000,1.1201,-1.5440,174.2319,0.023,7569,0.0000,0.0000,0.3169,0,4,0.117
127.150,0,3,6,1.2333,-1.2333,1.1222,-1.5303,174.6718,0.0000,0.0000,0.0000,1.1201,-1.5440,174.2314,0.056,7570,0.0000,0.0000,0.3171,0,4,0.117
127.249,0,3,6,1.2333,-1.2333,1.1221,-1.5308,174.6641,0.0000,0.0000,0.0000,1.1201,-1.5439,174.2314,0.018,7572,0.0000,0.0000,0.3176,0,4,0.117
127.351,0,3,6,1.2333,-1.2333,1.1221,-1.5311,174.6584,0.0000,0.0000,0.0000,1.1202,-1.5439,174.2330,0.049,7573,0.0000,0.0000,0.3178,0,4,0.117
127.449,0,3,6,1.2333,-1.2333,1.1220,-1.5315,174.6514,0.0000,0.0000,0.0000,1.1201,-1.5439,174.2318,0.022,7575,0.0000,0.0000,0.3183,0,4,0.117
127.550,0,3,6,1.2333,-1.2333,1.1220,-1.5318,174.6493,0.0000,0.0000,0.0000,1.1201,-1.5439,174.2308,0.031,7576,0.0000,0.0000,0.3185,0,4,0.117
127.651,0,3,6,1.2333,-1.2333,1.1219,-1.5320,174.6491,0.0000,0.0000,0.0000,1.1202,-1.5439,174.2323,0.005,7578,0.0000,0.0000,0.3188,0,4,0.117
127.750,0,3,6,1.2333,-1.2333,1.1219,-1.5324,174.6427,0.0000,0.0000,0.0000,1.1201,-1.5439,174.2292,0.047,7579,0.0000,0.0000,0.3192,0,4,0.117
127.850,0,3,6,1.2333,-1.2333,1.1218,-1.5328,174.6355,0.0000,0.0000,0.0000,1.1202,-1.5439,174.2316,0.025,7581,0.0000,0.0000,0.3196,0,4,0.117
127.950,0,3,6,1.2333,-1.2333,1.1218,-1.5330,174.6345,0.0000,0.0000,0.0000,1.1202,-1.5439,174.2324,0.058,7582,0.0000,0.0000,0.3198,0,4,0.117
128.050,0,3,6,1.2333,-1.2333,1.1217,-1.5334,174.6289,0.0000,0.0000,0.0000,1.1202,-1.5439,174.2324,0.026,7584,0.0000,0.0000,0.3202,0,4,0.117
128.149,0,3,6,1.2333,-1.2333,1.1217,-1.5336,174.6283,0.0000,0.0000,0.0000,1.1202,-1.5439,174.2332,0.054,7585,0.0000,0.0000,0.3204,0,4,0.117
128.249,0,3,6,1.2333,-1.2333,1.1216,-1.5340,174.6236,0.0000,0.0000,0.0000,1.1201,-1.5439,174.2297,0.014,7587,0.0000,0.0000,0.3208,0,4,0.117
128.350,0,3,6,1.2333,-1.2333,1.1216,-1.5342,174.6214,0.0000,0.0000,0.0000,1.1202,-1.5439,174.2311,0.053,7588,0.0000,0.0000,0.3209,0,4,0.117
128.450,0,3,6,1.2333,-1.2333,1.1215,-1.5345,174.6148,0.0000,0.0000,0.0000,1.1202,-1.5439,174.2328,0.024,7590,0.0000,0.0000,0.3213,0,4,0.117
128.550,0,3,6,1.2333,-1.2333,1.1215,-1.5347,174.6132,0.0000,0.0000,0.0000,1.1202,-1.5439,174.2327,0.048,7591,0.0000,0.0000,0.3215,0,4,0.117
128.650,0,3,6,1.2333,-1.2333,1.1215,-1.5351,174.6072,0.0000,0.0000,0.0000,1.1202,-1.5439,174.2321,0.023,7593,0.0000,0.0000,0.3218,0,4,0.117
128.750,0,3,6,1.2333,-1.2333,1.1215,-1.5352,174.6071,0.0000,0.0000,0.0000,1.1202,-1.5439,174.2329,0.057,7594,0.0000,0.0000,0.3219,0,4,0.117
128.849,0,3,6,1.2333,-1.2333,1.1214,-1.5354,174.6060,0.0000,0.0000,0.0000,1.1203,-1.5439,174.2342,0.002,7596,0.0000,0.0000,0.3221,0,4,0.117
128.950,0,3,6,1.2333,-1.2333,1.1214,-1.5357,174.5998,0.0000,0.0000,0.0000,1.1203,-1.5439,174.2343,0.035,7597,0.0000,0.0000,0.3224,0,4,0.117
129.050,0,3,6,1.2333,-1.2333,1.1213,-1.5360,174.5918,0.0000,0.0000,0.0000,1.1203,-1.5439,174.2350,0.014,7599,0.0000,0.0000,0.3227,0,4,0.117
129.149,0,3,6,1.2333,-1.2333,1.1213,-1.5361,174.5923,0.0000,0.0000,0.0000,1.1203,-1.5439,174.2334,0.031,7600,0.0000,0.0000,0.3229,0,4,0.117
129.249,0,3,6,1.2333,-1.2333,1.1213,-1.5364,174.5866,0.0000,0.0000,0.0000,1.1203,-1.5439,174.2332,0.024,7602,0.0000,0.0000,0.3231,0,4,0.117
129.350,0,3,6,1.2333,-1.2333,1.1213,-1.5366,174.5860,0.0000,0.0000,0.0000,1.1203,-1.5439,174.2346,0.057,7603,0.0000,0.0000,0.3233,0,4,0.117
129.449,0,3,6,1.2333,-1.2333,1.1212,-1.5368,174.5793,0.0000,0.0000,0.0000,1.1204,-1.5438,174.2369,0.023,7605,0.0000,0.0000,0.3235,0,4,0.117
129.551,0,3,6,1.2333,-1.2333,1.1212,-1.5369,174.5791,0.0000,0.0000,0.0000,1.1204,-1.5438,174.2369,0.059,7606,0.0000,0.0000,0.3237,0,4,0.117
129.650,0,3,6,1.2333,-1.2333,1.1212,-1.5372,174.5731,0.0000,0.0000,0.0000,1.1204,-1.5438,174.2360,0.023,7608,0.0000,0.0000,0.3239,0,4,0.117
129.751,0,3,6,1.2333,-1.2333,1.1212,-1.5373,174.5723,0.0000,0.0000,0.0000,1.1204,-1.5438,174.2373,0.051,7609,0.0000,0.0000,0.3240,0,4,0.117
129.850,0,3,6,1.2333,-1.2333,1.1211,-1.5376,174.5659,0.0000,0.0000,0.0000,1.1203,-1.5438,174.2338,0.024,7611,0.0000,0.0000,0.3243,0,4,0.117
129.950,0,3,6,1.2333,-1.2333,1.1211,-1.5377,174.5662,0.0000,0.0000,0.0000,1.1203,-1.5438,174.2338,0.057,7612,0.0000,0.0000,0.3244,0,4,0.117
130.050,0,3,6,1.2333,-1.2333,1.1211,-1.5379,174.5609,0.0000,0.0000,0.0000,1.1204,-1.5438,174.2370,0.025,7614,0.0000,0.0000,0.3246,0,4,0.117
130.151,0,3,6,1.2333,-1.2333,1.1211,-1.5380,174.5622,0.0000,0.0000,0.0000,1.1204,-1.5438,174.2368,0.057,7615,0.0000,0.0000,0.3247,0,4,0.117
130.250,0,3,6,1.2333,-1.2333,1.1211,-1.5382,174.5580,0.0000,0.0000,0.0000,1.1204,-1.5438,174.2371,0.008,7617,0.0000,0.0000,0.3249,0,4,0.117
130.350,0,3,6,1.2333,-1.2333,1.1211,-1.5383,174.5584,0.0000,0.0000,0.0000,1.1204,-1.5438,174.2366,0.034,7618,0.0000,0.0000,0.3250,0,4,0.117
130.450,0,3,6,1.2333,-1.2333,1.1210,-1.5384,174.5579,0.0000,0.0000,0.0000,1.1204,-1.5438,174.2362,0.057,7619,0.0000,0.0000,0.3251,0,4,0.117
130.549,0,3,6,1.2333,-1.2333,1.1210,-1.5386,174.5544,0.0000,0.0000,0.0000,1.1203,-1.5438,174.2333,0.044,7621,0.0000,0.0000,0.3253,0,4,0.117
130.650,0,3,6,1.2333,-1.2333,1.1210,-1.5388,174.5500,0.0000,0.0000,0.0000,1.1204,-1.5438,174.2356,0.026,7623,0.0000,0.0000,0.3255,0,4,0.117
130.751,0,3,6,1.2333,-1.2333,1.1210,-1.5389,174.5487,0.0000,0.0000,0.0000,1.1204,-1.5438,174.2358,0.054,7624,0.0000,0.0000,0.3256,0,4,0.117
130.849,0,3,6,1.2333,-1.2333,1.1210,-1.5391,174.5436,0.0000,0.0000,0.0000,1.1204,-1.5438,174.2357,0.024,7626,0.0000,0.0000,0.3257,0,4,0.117
130.951,0,3,6,1.2333,-1.2333,1.1210,-1.5392,174.5442,0.0000,0.0000,0.0000,1.1204,-1.5438,174.2359,0.061,7627,0.0000,0.0000,0.3258,0,4,0.117
131.051,0,3,6,1.2333,-1.2333,1.1209,-1.5393,174.5393,0.0000,0.0000,0.0000,1.1205,-1.5438,174.2364,0.025,7629,0.0000,0.0000,0.3260,0,4,0.117
131.150,0,3,6,1.2333,-1.2333,1.1209,-1.5394,174.5398,0.0000,0.0000,0.0000,1.1204,-1.5438,174.2357,0.052,7630,0.0000,0.0000,0.3261,0,4,0.117
131.250,0,3,6,1.2333,-1.2333,1.1209,-1.5396,174.5363,0.0000,0.0000,0.0000,1.1204,-1.5438,174.2350,0.024,7632,0.0000,0.0000,0.3262,0,4,0.117
131.351,0,3,6,1.2333,-1.2333,1.1209,-1.5397,174.5371,0.0000,0.0000,0.0000,1.1205,-1.5438,174.2357,0.055,7633,0.0000,0.0000,0.3263,0,4,0.117
131.449,0,3,6,1.2333,-1.2333,1.1209,-1.5398,174.5328,0.0000,0.0000,0.0000,1.1205,-1.5438,174.2353,0.021,7635,0.0000,0.0000,0.3265,0,4,0.117
131.551,0,3,6,1.2333,-1.2333,1.1209,-1.5399,174.5340,0.0000,0.0000,0.0000,1.1204,-1.5438,174.2349,0.060,7636,0.0000,0.0000,0.3265,0,4,0.117
131.651,0,3,6,1.2333,-1.2333,1.1209,-1.5400,174.5292,0.0000,0.0000,0.0000,1.1205,-1.5438,174.2362,0.006,7638,0.0000,0.0000,0.3267,0,4,0.117
131.751,0,3,6,1.2333,-1.2333,1.1209,-1.5401,174.5290,0.0000,0.0000,0.0000,1.1205,-1.5438,174.2372,0.050,7639,0.0000,0.0000,0.3267,0,4,0.117
131.849,0,3,6,1.2333,-1.2333,1.1209,-1.5402,174.5303,0.0000,0.0000,0.0000,1.1205,-1.5438,174.2346,0.081,7640,0.0000,0.0000,0.3268,0,4,0.117
131.949,0,3,6,1.2333,-1.2333,1.1208,-1.5403,174.5253,0.0000,0.0000,0.0000,1.1205,-1.5438,174.2370,0.041,7642,0.0000,0.0000,0.3269,0,4,0.117
132.050,0,3,6,1.2333,-1.2333,1.1208,-1.5404,174.5217,0.0000,0.0000,0.0000,1.1205,-1.5438,174.2359,0.013,7644,0.0000,0.0000,0.3270,0,4,0.117
132.149,0,3,6,1.2333,-1.2333,1.1208,-1.5405,174.5199,0.0000,0.0000,0.0000,1.1206,-1.5437,174.2384,0.056,7645,0.0000,0.0000,0.3271,0,4,0.117
132.250,0,3,6,1.2333,-1.2333,1.1208,-1.5406,174.5169,0.0000,0.0000,0.0000,1.1206,-1.5437,174.2374,0.026,7647,0.0000,0.0000,0.3272,0,4,0.117
132.350,0,3,6,1.2333,-1.2333,1.1208,-1.5407,174.5174,0.0000,0.0000,0.0000,1.1206,-1.5437,174.2378,0.057,7648,0.0000,0.0000,0.3273,0,4,0.117
132.449,0,3,6,1.2333,-1.2333,1.1208,-1.5408,174.5154,0.0000,0.0000,0.0000,1.1205,-1.5437,174.2366,0.024,7650,0.0000,0.0000,0.3274,0,4,0.117
132.551,0,3,6,1.2333,-1.2333,1.1208,-1.5408,174.5167,0.0000,0.0000,0.0000,1.1206,-1.5437,174.2380,0.054,7651,0.0000,0.0000,0.3274,0,4,0.117
132.649,0,3,6,1.2333,-1.2333,1.1208,-1.5409,174.5129,0.0000,0.0000,0.0000,1.1206,-1.5437,174.2390,0.025,7653,0.0000,0.0000,0.3275,0,4,0.117
132.751,0,3,6,1.2333,-1.2333,1.1208,-1.5410,174.5127,0.0000,0.0000,0.0000,1.1207,-1.5437,174.2403,0.062,7654,0.0000,0.0000,0.3276,0,4,0.117
132.850,0,3,6,1.2333,-1.2333,1.1208,-1.5411,174.5092,0.0000,0.0000,0.0000,1.1206,-1.5437,174.2371,0.025,7656,0.0000,0.0000,0.3277,0,4,0.117
132.951,0,3,6,1.2333,-1.2333,1.1208,-1.5411,174.5095,0.0000,0.0000,0.0000,1.1206,-1.5437,174.2369,0.059,7657,0.0000,0.0000,0.3277,0,4,0.117
133.050,0,3,6,1.2333,-1.2333,1.1208,-1.5412,174.5075,0.0000,0.0000,0.0000,1.1206,-1.5437,174.2377,0.013,7659,0.0000,0.0000,0.3278,0,4,0.117
133.149,0,3,6,1.2333,-1.2333,1.1208,-1.5413,174.5097,0.0000,0.0000,0.0000,1.1207,-1.5437,174.2397,0.031,7660,0.0000,0.0000,0.3279,0,4,0.117
133.249,0,3,6,1.2333,-1.2333,1.1208,-1.5414,174.5044,0.0000,0.0000,0.0000,1.1206,-1.5437,174.2382,0.015,7662,0.0000,0.0000,0.3280,0,4,0.117
133.349,0,3,6,1.2333,-1.2333,1.1208,-1.5414,174.5069,0.0000,0.0000,0.0000,1.1206,-1.5437,174.2384,0.060,7663,0.0000,0.0000,0.3280,0,4,0.117
133.450,0,3,6,1.2333,-1.2333,1.1208,-1.5415,174.5049,0.0000,0.0000,0.0000,1.1206,-1.5437,174.2382,0.019,7665,0.0000,0.0000,0.3281,0,4,0.117
133.550,0,3,6,1.2333,-1.2333,1.1208,-1.5415,174.5046,0.0000,0.0000,0.0000,1.1206,-1.5437,174.2382,0.058,7666,0.0000,0.0000,0.3281,0,4,0.117
133.651,0,3,6,1.2333,-1.2333,1.1208,-1.5416,174.5006,0.0000,0.0000,0.0000,1.1206,-1.5437,174.2374,0.023,7668,0.0000,0.0000,0.3282,0,4,0.117
133.750,0,3,6,1.2333,-1.2333,1.1207,-1.5416,174.5024,0.0000,0.0000,0.0000,1.1206,-1.5437,174.2367,0.048,7669,0.0000,0.0000,0.3282,0,4,0.117
133.850,0,3,6,1.2333,-1.2333,1.1207,-1.5417,174.4982,0.0000,0.0000,0.0000,1.1206,-1.5437,174.2373,0.024,7671,0.0000,0.0000,0.3283,0,4,0.117
133.954,0,3,6,1.2333,-1.2333,1.1207,-1.5418,174.4976,0.0000,0.0000,0.0000,1.1207,-1.5437,174.2393,0.063,7672,0.0000,0.0000,0.3283,0,4,0.117
134.049,0,3,6,1.2333,-1.2333,1.1207,-1.5418,174.4949,0.0000,0.0000,0.0000,1.1207,-1.5437,174.2397,0.025,7674,0.0000,0.0000,0.3284,0,4,0.117
134.151,0,3,6,1.2333,-1.2333,1.1207,-1.5419,174.4955,0.0000,0.0000,0.0000,1.1207,-1.5437,174.2399,0.058,7675,0.0000,0.0000,0.3284,0,4,0.117
134.249,0,3,6,1.2333,-1.2333,1.1207,-1.5419,174.4928,0.0000,0.0000,0.0000,1.1207,-1.5437,174.2386,0.023,7677,0.0000,0.0000,0.3285,0,4,0.117
134.349,0,3,6,1.2333,-1.2333,1.1207,-1.5420,174.4929,0.0000,0.0000,0.0000,1.1207,-1.5437,174.2390,0.029,7678,0.0000,0.0000,0.3285,0,4,0.117
134.451,0,3,6,1.2333,-1.2333,1.1207,-1.5420,174.4932,0.0000,0.0000,0.0000,1.1207,-1.5437,174.2382,0.003,7680,0.0000,0.0000,0.3285,0,4,0.117
134.550,0,3,6,1.2333,-1.2333,1.1207,-1.5420,174.4895,0.0000,0.0000,0.0000,1.1207,-1.5437,174.2389,0.045,7681,0.0000,0.0000,0.3286,0,4,0.117
134.650,0,3,6,1.2333,-1.2333,1.1207,-1.5421,174.4856,0.0000,0.0000,0.0000,1.1208,-1.5436,174.2404,0.029,7683,0.0000,0.0000,0.3287,0,4,0.117
134.750,0,3,6,1.2333,-1.2333,1.1207,-1.5421,174.4865,0.0000,0.0000,0.0000,1.1207,-1.5437,174.2383,0.062,7684,0.0000,0.0000,0.3287,0,4,0.117
134.849,0,3,6,1.2333,-1.2333,1.1207,-1.5422,174.4844,0.0000,0.0000,0.0000,1.1207,-1.5436,174.2380,0.025,7686,0.0000,0.0000,0.3287,0,4,0.117
134.949,0,3,6,1.2333,-1.2333,1.1207,-1.5422,174.4854,0.0000,0.0000,0.0000,1.1207,-1.5436,174.2385,0.058,7687,0.0000,0.0000,0.3288,0,4,0.250
135.049,0,3,6,1.2333,-1.2333,1.1207,-1.5423,174.4831,0.0000,0.0000,0.0000,1.1208,-1.5436,174.2395,0.018,7689,0.0000,0.0000,0.3288,0,4,0.117
135.150,0,3,6,1.2333,-1.2333,1.1207,-1.5423,174.4856,0.0000,0.0000,0.0000,1.1207,-1.5436,174.2377,0.057,7690,0.0000,0.0000,0.3288,0,4,0.117
135.250,0,3,6,1.2333,-1.2333,1.1207,-1.5423,174.4829,0.0000,0.0000,0.0000,1.1208,-1.5436,174.2405,0.017,7692,0.0000,0.0000,0.3289,0,4,0.117
135.350,0,3,6,1.2333,-1.2333,1.1207,-1.5424,174.4844,0.0000,0.0000,0.0000,1.1208,-1.5436,174.2403,0.054,7693,0.0000,0.0000,0.3289,0,4,0.117
135.450,0,3,6,1.2333,-1.2333,1.1207,-1.5424,174.4821,0.0000,0.0000,0.0000,1.1208,-1.5436,174.2388,0.026,7695,0.0000,0.0000,0.3289,0,4,0.117
135.550,0,3,6,1.2333,-1.2333,1.1207,-1.5424,174.4832,0.0000,0.0000,0.0000,1.1208,-1.5436,174.2402,0.057,7696,0.0000,0.0000,0.3290,0,4,0.117
135.651,0,3,6,1.2333,-1.2333,1.1207,-1.5425,174.4859,0.0000,0.0000,0.0000,1.1208,-1.5436,174.2396,0.006,7698,0.0000,0.0000,0.3290,0,4,0.117
135.749,0,3,6,1.2333,-1.2333,1.1207,-1.5425,174.4848,0.0000,0.0000,0.0000,1.1208,-1.5436,174.2381,0.048,7699,0.0000,0.0000,0.3290,0,4,0.117
135.851,0,3,6,1.2333,-1.2333,1.1207,-1.5425,174.4813,0.0000,0.0000,0.0000,1.1208,-1.5436,174.2394,0.010,7701,0.0000,0.0000,0.3291,0,4,0.117
135.950,0,3,6,1.2333,-1.2333,1.1207,-1.5426,174.4799,0.0000,0.0000,0.0000,1.1208,-1.5436,174.2403,0.021,7702,0.0000,0.0000,0.3291,0,4,0.117
136.050,0,3,6,1.2333,-1.2333,1.1208,-1.5426,174.4782,0.0000,0.0000,0.0000,1.1209,-1.5436,174.2417,0.017,7704,0.0000,0.0000,0.3291,0,4,0.117
136.151,0,3,6,1.2333,-1.2333,1.1208,-1.5426,174.4799,0.0000,0.0000,0.0000,1.1209,-1.5436,174.2411,0.055,7705,0.0000,0.0000,0.3291,0,4,0.117
136.250,0,3,6,1.2333,-1.2333,1.1208,-1.5427,174.4790,0.0000,0.0000,0.0000,1.1210,-1.5436,174.2446,0.028,7707,0.0000,0.0000,0.3292,0,4,0.117
136.350,0,3,6,1.2333,-1.2333,1.1208,-1.5427,174.4804,0.0000,0.0000,0.0000,1.1209,-1.5436,174.2412,0.058,7708,0.0000,0.0000,0.3292,0,4,0.117
136.451,0,3,6,1.2333,-1.2333,1.1208,-1.5427,174.4778,0.0000,0.0000,0.0000,1.1209,-1.5436,174.2419,0.024,7710,0.0000,0.0000,0.3292,0,4,0.117
136.550,0,3,6,1.2333,-1.2333,1.1208,-1.5427,174.4776,0.0000,0.0000,0.0000,1.1209,-1.5436,174.2422,0.057,7711,0.0000,0.0000,0.3292,0,4,0.117
136.649,0,3,6,1.2333,-1.2333,1.1208,-1.5427,174.4757,0.0000,0.0000,0.0000,1.1209,-1.5436,174.2402,0.023,7713,0.0000,0.0000,0.3293,0,4,0.117
136.750,0,3,6,1.2333,-1.2333,1.1208,-1.5428,174.4762,0.0000,0.0000,0.0000,1.1208,-1.5436,174.2383,0.049,7714,0.0000,0.0000,0.3293,0,4,0.117
136.849,0,3,6,1.2333,-1.2333,1.1208,-1.5428,174.4735,0.0000,0.0000,0.0000,1.1209,-1.5436,174.2407,0.021,7716,0.0000,0.0000,0.3293,0,4,0.117
136.951,0,3,6,1.2333,-1.2333,1.1208,-1.5428,174.4770,0.0000,0.0000,0.0000,1.1209,-1.5436,174.2427,0.058,7717,0.0000,0.0000,0.3293,0,4,0.117
137.051,0,3,6,1.2333,-1.2333,1.1208,-1.5428,174.4747,0.0000,0.0000,0.0000,1.1209,-1.5436,174.2417,0.010,7719,0.0000,0.0000,0.3293,0,4,0.117
137.151,0,3,6,1.2333,-1.2333,1.1208,-1.5428,174.4767,0.0000,0.0000,0.0000,1.1209,-1.5436,174.2424,0.033,7720,0.0000,0.0000,0.3293,0,4,0.117
137.250,0,3,6,1.2333,-1.2333,1.1208,-1.5429,174.4757,0.0000,0.0000,0.0000,1.1210,-1.5435,174.2426,0.017,7722,0.0000,0.0000,0.3294,0,4,0.117
137.350,0,3,6,1.2333,-1.2333,1.1208,-1.5429,174.4794,0.0000,0.0000,0.0000,1.1210,-1.5435,174.2434,0.047,7723,0.0000,0.0000,0.3294,0,4,0.117
137.450,0,3,6,1.2333,-1.2333,1.1208,-1.5429,174.4785,0.0000,0.0000,0.0000,1.1210,-1.5435,174.2435,0.023,7725,0.0000,0.0000,0.3294,0,4,0.117
137.550,0,3,6,1.2333,-1.2333,1.1208,-1.5429,174.4787,0.0000,0.0000,0.0000,1.1210,-1.5435,174.2435,0.060,7726,0.0000,0.0000,0.3294,0,4,0.117
137.651,0,3,6,1.2333,-1.2333,1.1208,-1.5429,174.4765,0.0000,0.0000,0.0000,1.1210,-1.5435,174.2431,0.025,7728,0.0000,0.0000,0.3294,0,4,0.117
137.751,0,3,6,1.2333,-1.2333,1.1208,-1.5430,174.4780,0.0000,0.0000,0.0000,1.1210,-1.5435,174.2427,0.045,7729,0.0000,0.0000,0.3294,0,4,0.117
137.851,0,3,6,1.2333,-1.2333,1.1208,-1.5430,174.4757,0.0000,0.0000,0.0000,1.1210,-1.5435,174.2417,0.028,7731,0.0000,0.0000,0.3294,0,4,0.117
137.949,0,3,6,1.2333,-1.2333,1.1208,-1.5430,174.4731,0.0000,0.0000,0.0000,1.1209,-1.5435,174.2411,0.056,7732,0.0000,0.0000,0.3295,0,4,0.117
138.049,0,3,6,1.2333,-1.2333,1.1208,-1.5430,174.4712,0.0000,0.0000,0.0000,1.1210,-1.5435,174.2417,0.020,7734,0.0000,0.0000,0.3295,0,4,0.117
138.150,0,3,6,1.2333,-1.2333,1.1208,-1.5430,174.4711,0.0000,0.0000,0.0000,1.1210,-1.5435,174.2417,0.056,7735,0.0000,0.0000,0.3295,0,4,0.117
138.250,0,3,6,1.2333,-1.2333,1.1208,-1.5430,174.4710,0.0000,0.0000,0.0000,1.1209,-1.5435,174.2403,0.024,7737,0.0000,0.0000,0.3295,0,4,0.117
138.352,0,3,6,1.2333,-1.2333,1.1208,-1.5430,174.4721,0.0000,0.0000,0.0000,1.1210,-1.5435,174.2411,0.058,7738,0.0000,0.0000,0.3295,0,4,0.117
138.449,0,3,6,1.2333,-1.2333,1.1208,-1.5431,174.4721,0.0000,0.0000,0.0000,1.1210,-1.5435,174.2421,0.003,7740,0.0000,0.0000,0.3295,0,4,0.117
138.551,0,3,6,1.2333,-1.2333,1.1208,-1.5431,174.4697,0.0000,0.0000,0.0000,1.1210,-1.5435,174.2413,0.043,7741,0.0000,0.0000,0.3295,0,4,0.117
138.652,0,3,6,1.2333,-1.2333,1.1208,-1.5431,174.4696,0.0000,0.0000,0.0000,1.1210,-1.5435,174.2403,0.003,7743,0.0000,0.0000,0.3295,0,4,0.117
138.749,0,3,6,1.2333,-1.2333,1.1209,-1.5431,174.4667,0.0000,0.0000,0.0000,1.1210,-1.5435,174.2418,0.042,7744,0.0000,0.0000,0.3296,0,4,0.117
138.851,0,3,6,1.2333,-1.2333,1.1209,-1.5431,174.4648,0.0000,0.0000,0.0000,1.1210,-1.5435,174.2432,0.027,7746,0.0000,0.0000,0.3296,0,4,0.117
138.949,0,3,6,1.2333,-1.2333,1.1209,-1.5431,174.4645,0.0000,0.0000,0.0000,1.1210,-1.5435,174.2426,0.056,7747,0.0000,0.0000,0.3296,0,4,0.117
139.050,0,3,6,1.2333,-1.2333,1.1209,-1.5431,174.4611,0.0000,0.0000,0.0000,1.1211,-1.5435,174.2437,0.026,7749,0.0000,0.0000,0.3296,0,4,0.117
139.151,0,3,6,1.2333,-1.2333,1.1209,-1.5431,174.4610,0.0000,0.0000,0.0000,1.1211,-1.5435,174.2443,0.057,7750,0.0000,0.0000,0.3296,0,4,0.117
139.250,0,3,6,1.2333,-1.2333,1.1209,-1.5431,174.4568,0.0000,0.0000,0.0000,1.1210,-1.5435,174.2417,0.025,7752,0.0000,0.0000,0.3296,0,4,0.117
139.350,0,3,6,1.2333,-1.2333,1.1209,-1.5432,174.4579,0.0000,0.0000,0.0000,1.1210,-1.5435,174.2426,0.056,7753,0.0000,0.0000,0.3296,0,4,0.117
139.449,0,3,6,1.2333,-1.2333,1.1209,-1.5432,174.4550,0.0000,0.0000,0.0000,1.1211,-1.5435,174.2425,0.022,7755,0.0000,0.0000,0.3296,0,4,0.117
139.552,0,3,6,1.2333,-1.2333,1.1209,-1.5432,174.4554,0.0000,0.0000,0.0000,1.1211,-1.5435,174.2429,0.059,7756,0.0000,0.0000,0.3296,0,4,0.117
139.650,0,3,6,1.2333,-1.2333,1.1209,-1.5432,174.4533,0.0000,0.0000,0.0000,1.1211,-1.5435,174.2441,0.021,7758,0.0000,0.0000,0.3296,0,4,0.117
139.749,0,3,6,1.2333,-1.2333,1.1209,-1.5432,174.4554,0.0000,0.0000,0.0000,1.1211,-1.5435,174.2436,0.057,7759,0.0000,0.0000,0.3296,0,4,0.117
139.851,0,3,6,1.2333,-1.2333,1.1209,-1.5432,174.4542,0.0000,0.0000,0.0000,1.1211,-1.5435,174.2444,0.009,7761,0.0000,0.0000,0.3296,0,4,0.117
139.951,0,3,6,1.2333,-1.2333,1.1209,-1.5432,174.4543,0.0000,0.0000,0.0000,1.1211,-1.5435,174.2434,0.024,7762,0.0000,0.0000,0.3296,0,4,0.117
140.050,0,3,6,1.2333,-1.2333,1.1209,-1.5432,174.4525,0.0000,0.0000,0.0000,1.1211,-1.5435,174.2451,0.018,7764,0.0000,0.0000,0.3296,0,4,0.117
140.149,0,3,6,1.2333,-1.2333,1.1209,-1.5432,174.4552,0.0000,0.0000,0.0000,1.1211,-1.5435,174.2425,0.051,7765,0.0000,0.0000,0.3296,0,4,0.117
140.250,0,3,6,1.2333,-1.2333,1.1209,-1.5432,174.4531,0.0000,0.0000,0.0000,1.1211,-1.5435,174.2430,0.014,7767,0.0000,0.0000,0.3296,0,4,0.117
140.351,0,3,6,1.2333,-1.2333,1.1209,-1.5432,174.4562,0.0000,0.0000,0.0000,1.1211,-1.5435,174.2433,0.061,7768,0.0000,0.0000,0.3297,0,4,0.117
140.451,0,3,6,1.2333,-1.2333,1.1209,-1.5432,174.4571,0.0000,0.0000,0.0000,1.1212,-1.5434,174.2454,0.021,7770,0.0000,0.0000,0.3297,0,4,0.117
140.549,0,3,6,1.2333,-1.2333,1.1209,-1.5432,174.4580,0.0000,0.0000,0.0000,1.1212,-1.5434,174.2461,0.051,7771,0.0000,0.0000,0.3297,0,4,0.117
140.649,0,3,6,1.2333,-1.2333,1.1210,-1.5433,174.4546,0.0000,0.0000,0.0000,1.1212,-1.5434,174.2449,0.016,7773,0.0000,0.0000,0.3297,0,4,0.117
140.750,0,3,6,1.2333,-1.2333,1.1210,-1.5433,174.4543,0.0000,0.0000,0.0000,1.1212,-1.5434,174.2444,0.056,7774,0.0000,0.0000,0.3297,0,4,0.117
140.849,0,3,6,1.2333,-1.2333,1.1210,-1.5433,174.4524,0.0000,0.0000,0.0000,1.1211,-1.5434,174.2434,0.026,7776,0.0000,0.0000,0.3297,0,4,0.117
140.952,0,3,6,1.2333,-1.2333,1.1210,-1.5433,174.4521,0.0000,0.0000,0.0000,1.1211,-1.5434,174.2437,0.057,7777,0.0000,0.0000,0.3297,0,4,0.117
141.050,0,3,6,1.2333,-1.2333,1.1210,-1.5433,174.4496,0.0000,0.0000,0.0000,1.1211,-1.5434,174.2425,0.020,7779,0.0000,0.0000,0.3297,0,4,0.117
141.151,0,3,6,1.2333,-1.2333,1.1210,-1.5433,174.4509,0.0000,0.0000,0.0000,1.1212,-1.5434,174.2444,0.033,7780,0.0000,0.0000,0.3297,0,4,0.117
141.250,0,3,6,1.2333,-1.2333,1.1210,-1.5433,174.4475,0.0000,0.0000,0.0000,1.1212,-1.5434,174.2449,0.009,7782,0.0000,0.0000,0.3297,0,4,0.117
141.351,0,3,6,1.2333,-1.2333,1.1210,-1.5433,174.4499,0.0000,0.0000,0.0000,1.1212,-1.5434,174.2436,0.049,7783,0.0000,0.0000,0.3297,0,4,0.117
141.453,0,3,6,1.2333,-1.2333,1.1210,-1.5433,174.4459,0.0000,0.0000,0.0000,1.1212,-1.5434,174.2433,0.027,7785,0.0000,0.0000,0.3297,0,4,0.117
141.549,0,3,6,1.2333,-1.2333,1.1210,-1.5433,174.4477,0.0000,0.0000,0.0000,1.1212,-1.5434,174.2446,0.058,7786,0.0000,0.0000,0.3297,0,4,0.117
141.649,0,3,6,1.2333,-1.2333,1.1210,-1.5433,174.4452,0.0000,0.0000,0.0000,1.1212,-1.5434,174.2458,0.022,7788,0.0000,0.0000,0.3297,0,4,0.117
141.750,0,3,6,1.2333,-1.2333,1.1210,-1.5433,174.4459,0.0000,0.0000,0.0000,1.1212,-1.5434,174.2444,0.054,7789,0.0000,0.0000,0.3297,0,4,0.117
141.850,0,3,6,1.2333,-1.2333,1.1210,-1.5433,174.4441,0.0000,0.0000,0.0000,1.1213,-1.5434,174.2466,0.025,7791,0.0000,0.0000,0.3297,0,4,0.117
141.950,0,3,6,1.2333,-1.2333,1.1210,-1.5433,174.4469,0.0000,0.0000,0.0000,1.1212,-1.5434,174.2451,0.047,7792,0.0000,0.0000,0.3297,0,4,0.117
142.050,0,3,6,1.2333,-1.2333,1.1210,-1.5433,174.4447,0.0000,0.0000,0.0000,1.1213,-1.5434,174.2460,0.025,7794,0.0000,0.0000,0.3297,0,4,0.117
142.152,0,3,6,1.2333,-1.2333,1.1210,-1.5433,174.4475,0.0000,0.0000,0.0000,1.1213,-1.5434,174.2468,0.057,7795,0.0000,0.0000,0.3297,0,4,0.117
142.250,0,3,6,1.2333,-1.2333,1.1210,-1.5433,174.4457,0.0000,0.0000,0.0000,1.1213,-1.5434,174.2472,0.028,7797,0.0000,0.0000,0.3297,0,4,0.117
142.351,0,3,6,1.2333,-1.2333,1.1211,-1.5433,174.4445,0.0000,0.0000,0.0000,1.1213,-1.5434,174.2482,0.052,7798,0.0000,0.0000,0.3297,0,4,0.117
142.450,0,3,6,1.2333,-1.2333,1.1211,-1.5433,174.4454,0.0000,0.0000,0.0000,1.1213,-1.5434,174.2466,0.002,7800,0.0000,0.0000,0.3297,0,4,0.117
142.549,0,3,6,1.2333,-1.2333,1.1211,-1.5433,174.4453,0.0000,0.0000,0.0000,1.1213,-1.5434,174.2475,0.047,7801,0.0000,0.0000,0.3297,0,4,0.117
142.649,0,3,6,1.2333,-1.2333,1.1211,-1.5433,174.4446,0.0000,0.0000,0.0000,1.1213,-1.5434,174.2452,0.003,7803,0.0000,0.0000,0.3297,0,4,0.117
142.750,0,3,6,1.2333,-1.2333,1.1211,-1.5433,174.4428,0.0000,0.0000,0.0000,1.1212,-1.5434,174.2432,0.036,7804,0.0000,0.0000,0.3297,0,4,0.117
142.851,0,3,6,1.2333,-1.2333,1.1211,-1.5433,174.4398,0.0000,0.0000,0.0000,1.1213,-1.5434,174.2467,0.026,7806,0.0000,0.0000,0.3297,0,4,0.117
142.950,0,3,6,1.2333,-1.2333,1.1211,-1.5433,174.4402,0.0000,0.0000,0.0000,1.1213,-1.5434,174.2455,0.057,7807,0.0000,0.0000,0.3297,0,4,0.117
143.051,0,3,6,1.2333,-1.2333,1.1211,-1.5433,174.4397,0.0000,0.0000,0.0000,1.1213,-1.5434,174.2467,0.027,7809,0.0000,0.0000,0.3297,0,4,0.117
143.150,0,3,6,1.2333,-1.2333,1.1211,-1.5433,174.4421,0.0000,0.0000,0.0000,1.1213,-1.5434,174.2453,0.057,7810,0.0000,0.0000,0.3297,0,4,0.117
143.250,0,3,6,1.2333,-1.2333,1.1211,-1.5433,174.4426,0.0000,0.0000,0.0000,1.1213,-1.5434,174.2456,0.014,7812,0.0000,0.0000,0.3297,0,4,0.117
143.349,0,3,6,1.2333,-1.2333,1.1211,-1.5433,174.4436,0.0000,0.0000,0.0000,1.1213,-1.5434,174.2457,0.048,7813,0.0000,0.0000,0.3297,0,4,0.117
143.450,0,3,6,1.2333,-1.2333,1.1211,-1.5433,174.4408,0.0000,0.0000,0.0000,1.1213,-1.5434,174.2457,0.023,7815,0.0000,0.0000,0.3297,0,4,0.117
143.552,0,3,6,1.2333,-1.2333,1.1211,-1.5433,174.4436,0.0000,0.0000,0.0000,1.1213,-1.5434,174.2461,0.050,7816,0.0000,0.0000,0.3297,0,4,0.117
143.651,0,3,6,1.2333,-1.2333,1.1211,-1.5433,174.4411,0.0000,0.0000,0.0000,1.1213,-1.5434,174.2447,0.018,7818,0.0000,0.0000,0.3297,0,4,0.117
143.750,0,3,6,1.2333,-1.2333,1.1211,-1.5433,174.4426,0.0000,0.0000,0.0000,1.1214,-1.5433,174.2467,0.055,7819,0.0000,0.0000,0.3297,0,4,0.117
143.849,0,3,6,1.2333,-1.2333,1.1211,-1.5433,174.4415,0.0000,0.0000,0.0000,1.1213,-1.5433,174.2457,0.009,7821,0.0000,0.0000,0.3297,0,4,0.117
143.950,0,3,6,1.2333,-1.2333,1.1211,-1.5433,174.4401,0.0000,0.0000,0.0000,1.1213,-1.5433,174.2459,0.038,7822,0.0000,0.0000,0.3297,0,4,0.117
144.051,0,3,6,1.2333,-1.2333,1.1212,-1.5433,174.4384,0.0000,0.0000,0.0000,1.1213,-1.5433,174.2455,0.019,7824,0.0000,0.0000,0.3297,0,4,0.117
144.149,0,3,6,1.2333,-1.2333,1.1212,-1.5433,174.4387,0.0000,0.0000,0.0000,1.1214,-1.5433,174.2467,0.055,7825,0.0000,0.0000,0.3297,0,4,0.117
144.252,0,3,6,1.2333,-1.2333,1.1212,-1.5433,174.4373,0.0000,0.0000,0.0000,1.1214,-1.5433,174.2491,0.029,7827,0.0000,0.0000,0.3297,0,4,0.117
144.350,0,3,6,1.2333,-1.2333,1.1212,-1.5433,174.4377,0.0000,0.0000,0.0000,1.1214,-1.5433,174.2478,0.058,7828,0.0000,0.0000,0.3297,0,4,0.117
144.451,0,3,6,1.2333,-1.2333,1.1212,-1.5433,174.4371,0.0000,0.0000,0.0000,1.1214,-1.5433,174.2481,0.024,7830,0.0000,0.0000,0.3297,0,4,0.117
144.550,0,3,6,1.2333,-1.2333,1.1212,-1.5433,174.4379,0.0000,0.0000,0.0000,1.1214,-1.5433,174.2460,0.061,7831,0.0000,0.0000,0.3297,0,4,0.117
144.651,0,3,6,1.2333,-1.2333,1.1212,-1.5433,174.4378,0.0000,0.0000,0.0000,1.1214,-1.5433,174.2463,0.022,7833,0.0000,0.0000,0.3297,0,4,0.117
144.750,0,3,6,1.2333,-1.2333,1.1212,-1.5433,174.4407,0.0000,0.0000,0.0000,1.1214,-1.5433,174.2476,0.057,7834,0.0000,0.0000,0.3297,0,4,0.117
144.849,0,3,6,1.2333,-1.2333,1.1212,-1.5433,174.4403,0.0000,0.0000,0.0000,1.1214,-1.5433,174.2472,0.023,7836,0.0000,0.0000,0.3296,0,4,0.117
144.950,0,3,6,1.2333,-1.2333,1.1212,-1.5433,174.4426,0.0000,0.0000,0.0000,1.1215,-1.5433,174.2492,0.060,7837,0.0000,0.0000,0.3296,0,4,0.117
145.050,0,3,6,1.2333,-1.2333,1.1212,-1.5433,174.4406,0.0000,0.0000,0.0000,1.1214,-1.5433,174.2472,0.017,7839,0.0000,0.0000,0.3296,0,4,0.117
145.151,0,3,6,1.2333,-1.2333,1.1212,-1.5433,174.4412,0.0000,0.0000,0.0000,1.1214,-1.5433,174.2475,0.053,7840,0.0000,0.0000,0.3296,0,4,0.117
145.250,0,3,6,1.2333,-1.2333,1.1212,-1.5433,174.4400,0.0000,0.0000,0.0000,1.1215,-1.5433,174.2489,0.005,7842,0.0000,0.0000,0.3296,0,4,0.117
145.350,0,3,6,1.2333,-1.2333,1.1212,-1.5433,174.4433,0.0000,0.0000,0.0000,1.1215,-1.5433,174.2496,0.053,7843,0.0000,0.0000,0.3296,0,4,0.117
145.450,0,3,6,1.2333,-1.2333,1.1212,-1.5433,174.4441,0.0000,0.0000,0.0000,1.1215,-1.5433,174.2486,0.087,7844,0.0000,0.0000,0.3296,0,4,0.117
145.550,0,3,6,1.2333,-1.2333,1.1213,-1.5433,174.4434,0.0000,0.0000,0.0000,1.1215,-1.5433,174.2481,0.043,7846,0.0000,0.0000,0.3296,0,4,0.117
145.650,0,3,6,1.2333,-1.2333,1.1213,-1.5433,174.4427,0.0000,0.0000,0.0000,1.1215,-1.5433,174.2490,0.029,7848,0.0000,0.0000,0.3296,0,4,0.117
145.751,0,3,6,1.2333,-1.2333,1.1213,-1.5433,174.4451,0.0000,0.0000,0.0000,1.1215,-1.5433,174.2480,0.045,7849,0.0000,0.0000,0.3296,0,4,0.117
145.850,0,3,6,1.2333,-1.2333,1.1213,-1.5433,174.4448,0.0000,0.0000,0.0000,1.1215,-1.5433,174.2483,0.024,7851,0.0000,0.0000,0.3296,0,4,0.117
145.950,0,3,6,1.2333,-1.2333,1.1213,-1.5433,174.4482,0.0000,0.0000,0.0000,1.1215,-1.5433,174.2483,0.058,7852,0.0000,0.0000,0.3296,0,4,0.117
146.050,0,3,6,1.2333,-1.2333,1.1213,-1.5433,174.4473,0.0000,0.0000,0.0000,1.1215,-1.5433,174.2483,0.024,7854,0.0000,0.0000,0.3296,0,4,0.117
146.152,0,3,6,1.2333,-1.2333,1.1213,-1.5433,174.4486,0.0000,0.0000,0.0000,1.1215,-1.5433,174.2489,0.060,7855,0.0000,0.0000,0.3296,0,4,0.117
146.251,0,3,6,1.2333,-1.2333,1.1213,-1.5433,174.4488,0.0000,0.0000,0.0000,1.1215,-1.5432,174.2496,0.020,7857,0.0000,0.0000,0.3296,0,4,0.117
146.350,0,3,6,1.2333,-1.2333,1.1213,-1.5433,174.4502,0.0000,0.0000,0.0000,1.1215,-1.5433,174.2489,0.056,7858,0.0000,0.0000,0.3296,0,4,0.117
146.451,0,3,6,1.2333,-1.2333,1.1213,-1.5433,174.4485,0.0000,0.0000,0.0000,1.1215,-1.5433,174.2482,0.028,7860,0.0000,0.0000,0.3296,0,4,0.117
146.551,0,4,0,1.2333,-1.2333,1.1213,-1.5433,174.4500,0.0000,0.0000,0.0000,1.1215,-1.5432,174.2487,0.054,7861,-0.0618,-0.1239,0.3296,0,4,0.117
146.651,0,4,0,1.2333,-1.2333,1.1267,-1.5363,174.7663,0.0000,0.0000,0.0000,1.1216,-1.5432,174.2519,0.018,7863,-0.0610,-0.1242,0.3212,0,4,0.117
146.750,0,4,0,1.2333,-1.2333,1.1336,-1.5251,175.0568,0.0000,0.0000,0.0000,1.1281,-1.5416,174.5110,0.034,7864,-0.0601,-0.1245,0.3084,0,4,0.117
146.850,0,4,0,1.2333,-1.2333,1.1401,-1.5144,175.8369,0.0000,0.0000,0.0000,1.1370,-1.5395,174.8519,0.015,7866,-0.0593,-0.1248,0.2961,0,4,0.117
146.962,0,4,0,1.2333,-1.2333,1.1459,-1.5050,176.3296,0.0000,0.0000,0.0000,1.1467,-1.5370,175.2426,0.069,7867,-0.0560,-0.1225,0.2854,0,4,0.124
147.050,0,4,0,1.2333,-1.2333,1.1530,-1.4938,176.9878,0.0000,0.0000,0.0000,1.1626,-1.5328,175.8984,0.017,7869,-0.0279,-0.0960,0.2725,0,4,0.207
147.150,0,4,0,1.2333,-1.2333,1.1575,-1.4842,177.3645,0.0000,0.0000,0.0000,1.1696,-1.5311,176.2037,0.057,7870,-0.0171,-0.1064,0.2621,0,4,0.171
147.250,0,4,0,1.2333,-1.2333,1.1612,-1.4765,177.8365,0.0000,0.0000,0.0000,1.1728,-1.5303,176.3457,0.024,7872,-0.0442,-0.1136,0.2536,0,4,0.151
147.350,0,4,0,1.2333,-1.2333,1.1662,-1.4679,177.9753,0.0000,0.0000,0.0000,1.1848,-1.5271,176.8312,0.059,7873,-0.0411,-0.0814,0.2440,0,4,0.157
147.450,0,4,0,1.2333,-1.2333,1.1702,-1.4613,178.0873,0.0000,0.0000,0.0000,1.1817,-1.5281,176.7193,0.024,7875,-0.0407,-0.0812,0.2366,0,4,0.156
147.550,0,4,0,1.2333,-1.2333,1.1745,-1.4545,178.2395,0.0000,0.0000,0.0000,1.1819,-1.5280,176.7241,0.059,7876,-0.0457,-0.0755,0.2288,0,4,0.139
147.652,0,4,0,1.2333,-1.2333,1.1778,-1.4417,178.2932,0.0000,0.0000,0.0000,1.0967,-1.0205,-177.5746,0.013,7879,-0.0383,-0.0829,0.2157,0,4,0.160
147.751,0,4,0,1.2333,-1.2333,1.1853,-1.4299,178.2215,0.0000,0.0000,0.0000,1.1768,-1.5296,176.5035,0.058,7881,-0.0258,-0.0887,0.2024,0,4,0.181
147.850,0,4,0,1.2333,-1.2333,1.1941,-1.3978,177.9736,0.0000,0.0000,0.0000,1.1355,-1.0007,-176.1600,0.006,7886,-0.0382,-0.0810,0.1691,0,4,0.153
147.950,0,4,0,1.2333,-1.2333,1.2033,-1.3737,177.5982,0.0000,0.0000,0.0000,1.3574,-1.1303,153.9113,0.022,7889,-0.0018,-0.0908,0.1435,0,4,0.162
148.050,0,4,0,1.2333,-1.2333,1.2051,-1.3436,177.9181,0.0000,0.0000,0.0000,1.1898,-0.6138,-166.2102,0.003,7893,0.0138,-0.0741,0.1139,0,4,0.117
148.149,0,4,0,1.2333,-1.2333,1.2077,-1.2961,178.3003,0.0000,0.0000,0.0000,1.3574,-1.1303,153.9113,0.023,7898,0.0011,-0.0419,0.0678,0,4,0.117
148.252,0,4,1,1.2333,-0.6167,1.2073,-1.2601,178.6950,0.0000,0.0000,0.0000,1.1292,-0.9845,-174.8110,0.016,7903,0.0359,-0.0841,0.6440,0,4,0.117
148.350,0,4,1,1.2333,-0.6167,1.2080,-1.2365,178.7005,0.0000,0.0000,0.0000,1.3574,-1.1303,153.9113,0.030,7907,0.0359,-0.0841,0.6203,0,4,0.117
148.449,0,4,1,1.2333,-0.6167,1.2082,-1.2092,178.6744,0.0000,0.0000,0.0000,1.1901,-0.6125,-166.0647,0.023,7910,-0.0409,-0.0841,0.5930,0,4,0.117
148.550,0,4,1,1.2333,-0.6167,1.2165,-1.1907,178.1569,0.0000,0.0000,0.0000,1.3574,-1.1303,153.9113,0.028,7913,-0.0396,-0.0841,0.5743,0,4,0.117
148.651,0,4,1,1.2333,-0.6167,1.2193,-1.1625,178.6394,0.0000,0.0000,0.0000,1.0958,-0.9306,-176.9412,0.010,7917,-0.0393,-0.0841,0.5460,0,4,0.117
148.750,0,4,1,1.2333,-0.6167,1.2249,-1.1429,178.2367,0.0000,0.0000,0.0000,1.3574,-1.1303,153.9113,0.027,7921,0.0315,-0.1000,0.5263,0,4,0.137
148.850,0,4,1,1.2333,-0.6167,1.2222,-1.1160,178.7888,0.0000,0.0000,0.0000,1.1298,-0.9136,-175.4738,0.013,7925,0.0409,-0.1000,0.4995,0,4,0.117
148.949,0,4,1,1.2333,-0.6167,1.2224,-1.1002,178.7362,0.0000,0.0000,0.0000,1.3574,-1.1303,153.9113,0.030,7928,0.0409,-0.1000,0.4837,0,4,0.117
149.049,0,4,1,1.2333,-0.6167,1.2213,-1.0780,178.9027,0.0000,0.0000,0.0000,1.1873,-0.6134,-166.3755,0.027,7931,-0.0303,-0.0707,0.4615,0,4,0.117
149.150,0,4,1,1.2333,-0.6167,1.2284,-1.0683,178.5222,0.0000,0.0000,0.0000,1.3574,-1.1303,153.9113,0.022,7934,-0.0410,-0.1000,0.4516,0,4,0.117
149.250,0,4,1,1.2333,-0.6167,1.2334,-1.0573,178.6331,0.0000,0.0000,0.0000,1.2460,-0.8600,-171.2555,0.003,7937,-0.0399,-0.1000,0.4406,0,4,0.117
149.351,0,4,1,1.2333,-0.6167,1.2412,-1.0429,178.5357,0.0000,0.0000,0.0000,1.3574,-1.1303,153.9113,0.005,7940,-0.0380,-0.0999,0.4263,0,4,0.117
149.449,0,4,1,1.2333,-0.6167,1.2428,-1.0282,178.6009,0.0000,0.0000,0.0000,1.3574,-1.1303,153.9113,0.053,7943,0.0423,-0.1158,0.4117,0,4,0.117
149.549,0,4,1,1.2333,-0.6167,1.2427,-1.0178,178.4816,0.0000,0.0000,0.0000,1.3574,-1.1303,153.9113,0.022,7946,0.0423,-0.1158,0.4012,0,4,0.117
149.651,0,4,1,1.2333,-0.6167,1.2408,-1.0069,178.1947,0.0000,0.0000,0.0000,1.3574,-1.1303,153.9113,0.064,7947,0.0419,-0.1158,0.3903,0,4,0.117
149.751,0,4,1,1.2333,-0.6167,1.2433,-1.0002,177.9115,0.0000,0.0000,0.0000,1.3574,-1.1303,153.9113,0.025,7949,-0.0341,-0.0840,0.3836,0,4,0.117
149.850,0,4,1,1.2333,-0.6167,1.2466,-0.9831,178.2093,0.0000,0.0000,0.0000,1.1923,-0.6088,-166.2208,0.030,7952,-0.0331,-0.0840,0.3667,0,4,0.117
149.950,0,4,1,1.2333,-0.6167,1.2530,-0.9739,178.0561,0.0000,0.0000,0.0000,1.3574,-1.1303,153.9113,0.029,7955,-0.0312,-0.0839,0.3578,0,4,0.117
150.050,0,4,1,1.2333,-0.6167,1.2558,-0.9581,178.3057,0.0000,0.0000,0.0000,1.1940,-0.6084,-166.2536,0.026,7958,-0.0301,-0.0838,0.3421,0,4,0.117
150.150,0,4,1,1.2333,-0.6167,1.2577,-0.9449,178.6493,0.0000,0.0000,0.0000,1.1922,-0.6093,-166.3773,0.064,7959,0.0474,-0.1155,0.3292,0,4,0.117
150.250,0,4,1,1.2333,-0.6167,1.2538,-0.9227,179.3292,0.0000,0.0000,0.0000,1.2885,-0.7637,-167.8657,0.008,7962,0.0267,-0.1180,0.3067,0,4,0.148
150.350,0,4,1,1.2333,-0.6167,1.2501,-0.9199,179.3192,0.0000,0.0000,0.0000,1.2906,-0.7580,-167.6949,0.044,7964,-0.0344,-0.0997,0.3037,0,4,0.117
150.450,0,4,1,1.2333,-0.6167,1.2511,-0.9155,179.2479,0.0000,0.0000,0.0000,1.2705,-0.5874,-168.0693,0.023,7966,-0.0339,-0.0997,0.2994,0,4,0.117
150.550,0,4,1,1.2333,-0.6167,1.2545,-0.8989,179.6996,0.0000,0.0000,0.0000,1.2907,-0.7564,-167.6442,0.026,7968,-0.0324,-0.0996,0.2830,0,4,0.117
150.653,0,4,1,1.2333,-0.6167,1.2541,-0.8797,179.7873,0.0000,0.0000,0.0000,1.1602,-0.7524,-169.7380,0.002,7972,-0.0318,-0.0995,0.2639,0,4,0.117
150.749,0,4,1,1.2333,-0.6167,1.2514,-0.8632,-179.8756,0.0000,0.0000,0.0000,1.1637,-0.7471,-169.7626,0.030,7974,0.0263,-0.1169,0.2472,0,4,0.151
150.850,0,4,1,1.2333,-0.6167,1.2460,-0.8480,-179.8705,0.0000,0.0000,0.0000,1.1619,-0.7326,-170.0923,0.008,7976,0.0198,-0.1125,0.2317,0,4,0.164
150.951,0,4,1,1.2333,-0.6167,1.2372,-0.8478,179.8953,0.0000,0.0000,0.0000,1.1566,-0.7253,-170.1253,0.040,7978,-0.0304,-0.1139,0.2312,0,4,0.127
151.050,0,4,1,1.2333,-0.6167,1.2360,-0.8406,179.9213,0.0000,0.0000,0.0000,1.1501,-0.7114,-170.6502,0.011,7981,-0.0323,-0.1145,0.2239,0,4,0.124
151.153,0,4,1,1.2333,-0.6167,1.2363,-0.8355,179.6919,0.0000,0.0000,0.0000,1.1496,-0.7049,-170.5374,0.044,7983,-0.0118,-0.1061,0.2188,0,4,0.168
151.250,0,4,1,1.2333,-0.6167,1.2330,-0.8338,179.8166,0.0000,0.0000,0.0000,1.1462,-0.6599,-172.5609,0.010,7987,0.0015,-0.1000,0.2171,0,4,0.201
151.350,0,4,1,1.2333,-0.6167,1.2310,-0.8278,179.6599,0.0000,0.0000,0.0000,1.1443,-0.6538,-172.6293,0.039,7989,0.0005,-0.1000,0.2112,0,4,0.220
151.450,0,4,1,1.2333,-0.6167,1.2300,-0.8297,179.2999,0.0000,0.0000,0.0000,1.1381,-0.6401,-173.1006,0.011,7994,-0.0028,-0.0931,0.2130,0,4,0.185
151.550,0,4,1,1.2333,-0.6167,1.2335,-0.8314,178.8723,0.0000,0.0000,0.0000,1.3574,-1.1303,153.9113,0.030,7998,-0.0031,-0.0884,0.2147,0,4,0.175
151.650,0,4,1,1.2333,-0.6167,1.2327,-0.8220,178.8735,0.0000,0.0000,0.0000,1.1331,-0.6224,-173.1655,0.010,8003,-0.0096,-0.0737,0.2054,0,4,0.143
151.750,0,4,1,1.2333,-0.6167,1.2365,-0.8233,178.3658,0.0000,0.0000,0.0000,1.3574,-1.1303,153.9113,0.027,8007,-0.0070,-0.0755,0.2067,0,4,0.147
151.851,0,4,1,1.2333,-0.6167,1.2340,-0.8212,178.3739,0.0000,0.0000,0.0000,1.1297,-0.6389,-171.2912,0.005,8012,-0.0137,-0.0621,0.2045,0,4,0.118
151.950,0,4,1,1.2333,-0.6167,1.2359,-0.8154,178.3612,0.0000,0.0000,0.0000,1.3574,-1.1303,153.9113,0.016,8016,-0.0130,-0.0616,0.1988,0,4,0.117
152.051,0,4,1,1.2333,-0.6167,1.2335,-0.8153,178.2923,0.0000,0.0000,0.0000,0.9416,-1.4022,172.2158,0.007,8020,-0.0142,-0.0616,0.1986,0,4,0.117
152.149,0,4,1,1.2333,-0.6167,1.2326,-0.8184,178.0576,0.0000,0.0000,0.0000,1.3574,-1.1303,153.9113,0.007,8025,-0.0146,-0.0617,0.2018,0,4,0.117
152.250,0,4,1,1.2333,-0.6167,1.2298,-0.8169,178.3703,0.0000,0.0000,0.0000,1.1165,-0.5817,-172.8819,0.010,8029,-0.0160,-0.0617,0.2003,0,4,0.117
152.350,0,4,1,1.2333,-0.6167,1.2300,-0.8201,178.2155,0.0000,0.0000,0.0000,1.3574,-1.1303,153.9113,0.029,8034,-0.0159,-0.0617,0.2034,0,4,0.117
152.450,0,4,1,1.2333,-0.6167,1.2239,-0.8257,178.4968,0.0000,0.0000,0.0000,1.1111,-0.6108,-169.9288,0.013,8039,-0.0188,-0.0616,0.2092,0,4,0.117
152.551,0,4,1,1.2333,-0.6167,1.2250,-0.8305,178.2761,0.0000,0.0000,0.0000,1.3574,-1.1303,153.9113,0.029,8043,-0.0181,-0.0616,0.2140,0,4,0.117
152.651,0,4,1,1.2333,-0.6167,1.2222,-0.8253,178.5802,0.0000,0.0000,0.0000,1.1006,-0.5626,-171.9241,0.007,8048,-0.0196,-0.0616,0.2089,0,4,0.117
152.750,0,4,1,1.2333,-0.6167,1.2262,-0.8207,178.3607,0.0000,0.0000,0.0000,1.3574,-1.1303,153.9113,0.029,8052,-0.0178,-0.0616,0.2041,0,4,0.117
152.850,0,4,1,1.2333,-0.6167,1.2234,-0.8159,178.6394,0.0000,0.0000,0.0000,1.0976,-0.5518,-171.7592,0.013,8057,-0.0192,-0.0616,0.1995,0,4,0.117
152.950,0,4,1,1.2333,-0.6167,1.2247,-0.8207,178.4039,0.0000,0.0000,0.0000,1.3574,-1.1303,153.9113,0.029,8061,-0.0185,-0.0616,0.2042,0,4,0.117
153.050,0,4,1,1.2333,-0.6167,1.2243,-0.8062,178.9225,0.0000,0.0000,0.0000,1.0873,-0.5418,-171.4593,0.010,8066,-0.0190,-0.0616,0.1898,0,4,0.117
153.149,0,4,1,1.2333,-0.6167,1.2278,-0.8016,178.6508,0.0000,0.0000,0.0000,1.3574,-1.1303,153.9113,0.027,8070,-0.0172,-0.0617,0.1850,0,4,0.117
153.249,0,4,1,1.2333,-0.6167,1.2288,-0.7911,178.8782,0.0000,0.0000,0.0000,1.2047,-0.5662,-171.1317,0.025,8074,-0.0168,-0.0617,0.1745,0,4,0.117
153.350,0,4,1,1.2333,-0.6167,1.2252,-0.7903,178.9651,0.0000,0.0000,0.0000,1.0729,-0.5290,-171.3635,0.032,8078,-0.0189,-0.0616,0.1739,0,4,0.117
153.449,0,4,1,1.2333,-0.6167,1.2284,-0.7871,178.7817,0.0000,0.0000,0.0000,1.2335,-0.8021,-174.9526,0.005,8083,-0.0172,-0.0617,0.1706,0,4,0.117
153.550,0,4,1,1.2333,-0.6167,1.2295,-0.7799,179.1409,0.0000,0.0000,0.0000,1.3574,-1.1303,153.9113,0.016,8088,-0.0166,-0.0617,0.1632,0,4,0.117
153.649,0,4,1,1.2333,-0.6167,1.2304,-0.7730,179.2124,0.0000,0.0000,0.0000,1.0433,-0.5142,-171.0072,0.005,8093,-0.0161,-0.0617,0.1564,0,4,0.117
153.752,0,4,1,1.2333,-0.6167,1.2242,-0.7843,179.0571,0.0000,0.0000,0.0000,1.3574,-1.1303,153.9113,0.032,8097,-0.0197,-0.0616,0.1679,0,4,0.117
153.850,0,4,1,1.2333,-0.6167,1.2219,-0.7845,179.3361,0.0000,0.0000,0.0000,0.8904,-1.5005,171.8030,0.026,8101,-0.0210,-0.0615,0.1682,0,4,0.117
153.950,0,4,1,1.2333,-0.6167,1.2276,-0.7801,179.4046,0.0000,0.0000,0.0000,1.3574,-1.1303,153.9113,0.031,8105,-0.0177,-0.0616,0.1635,0,4,0.117
154.051,0,4,1,1.2333,-0.6167,1.2232,-0.7918,179.1759,0.0000,0.0000,0.0000,0.8412,-1.5780,170.8578,0.029,8109,-0.0200,-0.0616,0.1754,0,4,0.117
154.149,0,4,1,1.2333,-0.6167,1.2288,-0.7869,179.0972,0.0000,0.0000,0.0000,1.3574,-1.1303,153.9113,0.028,8113,-0.0169,-0.0617,0.1703,0,4,0.117
154.250,0,4,1,1.2333,-0.6167,1.2323,-0.7749,179.6685,0.0000,0.0000,0.0000,1.2644,-0.4494,-164.5115,0.012,8118,-0.0109,-0.0714,0.1582,0,4,0.138
154.349,0,4,1,1.2333,-0.6167,1.2329,-0.7810,179.3522,0.0000,0.0000,0.0000,1.3574,-1.1303,153.9113,0.029,8122,0.0000,-0.0968,0.1643,0,4,0.193
154.450,0,4,1,1.2333,-0.6167,1.2344,-0.7662,179.6010,0.0000,0.0000,0.0000,1.2570,-0.4415,-164.0916,0.011,8127,0.0010,-0.0967,0.1495,0,4,0.193
154.551,0,4,1,1.2333,-0.6167,1.2334,-0.7699,179.1572,0.0000,0.0000,0.0000,1.3574,-1.1303,153.9113,0.010,8131,0.0067,-0.1000,0.1532,0,4,0.190
154.652,0,4,1,1.2333,-0.6167,1.2301,-0.7639,179.1650,0.0000,0.0000,0.0000,1.2147,-0.3032,-165.0319,0.029,8135,-0.0260,-0.0745,0.1473,0,4,0.128
154.751,0,4,1,1.2333,-0.6167,1.2352,-0.7576,178.8936,0.0000,0.0000,0.0000,1.3574,-1.1303,153.9113,0.018,8139,-0.0264,-0.0706,0.1409,0,4,0.117
154.851,0,4,1,1.2333,-0.6167,1.2385,-0.7428,179.1677,0.0000,0.0000,0.0000,1.2087,-0.3057,-165.3824,0.007,8143,-0.0236,-0.0705,0.1262,0,4,0.117
154.951,0,4,1,1.2333,-0.6167,1.2437,-0.7373,179.1414,0.0000,0.0000,0.0000,1.3574,-1.1303,153.9113,0.031,8147,-0.0186,-0.0679,0.1210,0,4,0.117
155.051,0,4,1,1.2333,-0.6167,1.2447,-0.7197,179.4797,0.0000,0.0000,0.0000,1.2495,-0.3893,-164.0649,0.011,8152,-0.0139,-0.0579,0.1036,0,4,0.117
155.150,0,4,1,1.2333,-0.6167,1.2478,-0.7152,179.3088,0.0000,0.0000,0.0000,1.3574,-1.1303,153.9113,0.030,8156,-0.0051,-0.0606,0.0996,0,4,0.136
155.250,0,4,1,1.2333,-0.6167,1.2490,-0.7059,179.3154,0.0000,0.0000,0.0000,1.2497,-0.3855,-163.9536,0.011,8159,0.0137,-0.0712,0.0906,0,4,0.259
155.349,0,4,1,1.2333,-0.6167,1.2499,-0.7010,179.0779,0.0000,0.0000,0.0000,1.3574,-1.1303,153.9113,0.030,8163,0.0143,-0.0672,0.0859,0,4,0.264
155.451,0,4,1,1.2333,-0.6167,1.2495,-0.6885,179.3681,0.0000,0.0000,0.0000,1.2554,-0.3603,-163.7353,0.011,8167,-0.0087,-0.0479,0.0736,0,4,0.117
155.553,0,4,1,1.2333,-0.6167,1.2518,-0.6856,179.2362,0.0000,0.0000,0.0000,1.3574,-1.1303,153.9113,0.032,8171,0.0000,0.0000,0.0713,0,4,0.117
155.650,0,4,1,1.2333,-0.6167,1.2519,-0.6783,179.4931,0.0000,0.0000,0.0000,1.2457,-0.3485,-164.0773,0.010,8175,0.0000,0.0000,0.0643,0,4,0.117
155.750,0,4,1,1.2333,-0.6167,1.2537,-0.6809,179.2901,0.0000,0.0000,0.0000,1.3574,-1.1303,153.9113,0.032,8179,0.0000,0.0000,0.0674,0,4,0.117
155.851,0,4,1,1.2333,-0.6167,1.2543,-0.6822,179.1925,0.0000,0.0000,0.0000,1.1864,-0.3650,-166.8673,0.030,8181,0.0000,0.0000,0.0688,0,4,0.117
155.949,0,4,1,1.2333,-0.6167,1.2558,-0.6883,178.8853,0.0000,0.0000,0.0000,1.3574,-1.1303,153.9113,0.028,8184,0.0000,0.0000,0.0750,0,4,0.117
156.051,0,4,1,1.2333,-0.6167,1.2541,-0.6837,178.9776,0.0000,0.0000,0.0000,1.1386,-0.2738,-164.3940,0.005,8187,0.0000,0.0000,0.0702,0,4,0.117
156.151,0,4,1,1.2333,-0.6167,1.2546,-0.6851,178.8859,0.0000,0.0000,0.0000,1.1831,-0.3576,-166.7236,0.054,8189,0.0000,0.0000,0.0716,0,4,0.117
156.250,0,4,1,1.2333,-0.6167,1.2555,-0.6878,178.6997,0.0000,0.0000,0.0000,1.1831,-0.3576,-166.7232,0.011,8193,0.0000,0.0000,0.0745,0,4,0.117
156.351,0,4,1,1.2333,-0.6167,1.2566,-0.6945,178.3944,0.0000,0.0000,0.0000,1.1216,-0.3758,-165.8719,0.022,8196,0.0000,0.0000,0.0813,0,4,0.117
156.449,0,4,1,1.2333,-0.6167,1.2570,-0.6956,178.3124,0.0000,0.0000,0.0000,1.1823,-0.3554,-166.6530,0.023,8198,0.0000,0.0000,0.0824,0,4,0.117
156.550,0,4,1,1.2333,-0.6167,1.2595,-0.7019,178.0235,0.0000,0.0000,0.0000,1.3574,-1.1303,153.9113,0.025,8201,0.0000,0.0000,0.0892,0,4,0.117
156.652,0,4,1,1.2333,-0.6167,1.2599,-0.7030,177.9444,0.0000,0.0000,0.0000,1.3574,-1.1303,153.9113,0.066,8203,0.0000,0.0000,0.0903,1,5,0.117
156.751,0,4,1,1.2333,-0.6167,1.2615,-0.7092,177.6426,0.0000,0.0000,0.0000,1.3574,-1.1303,153.9113,0.033,8206,0.0000,0.0000,0.0968,1,5,0.117
156.851,0,4,1,1.2333,-0.6167,1.2607,-0.7057,177.7211,0.0000,0.0000,0.0000,1.1823,-0.3554,-166.6538,0.029,8209,0.0000,0.0000,0.0932,1,5,0.117
156.949,0,4,1,1.2333,-0.6167,1.2623,-0.7119,177.4221,0.0000,0.0000,0.0000,1.3574,-1.1303,153.9113,0.033,8212,0.0000,0.0000,0.0996,1,5,0.117
157.050,0,4,1,1.2333,-0.6167,1.2637,-0.7173,177.2002,0.0000,0.0000,0.0000,1.3574,-1.1303,153.9113,0.064,8213,0.0000,0.0000,0.1051,1,5,0.117
157.151,0,4,1,1.2333,-0.6167,1.2652,-0.7232,176.9017,0.0000,0.0000,0.0000,1.3574,-1.1303,153.9113,0.032,8216,0.0000,0.0000,0.1112,1,5,0.117
157.251,0,4,1,1.2333,-0.6167,1.2628,-0.7135,177.2203,0.0000,0.0000,0.0000,1.1428,-0.3225,-165.1961,0.029,8220,0.0000,0.0000,0.1012,1,5,0.117
157.351,0,4,1,1.2333,-0.6167,1.2619,-0.7046,177.5286,0.0000,0.0000,0.0000,1.2446,-0.3456,-163.9523,0.034,8224,0.0000,0.0000,0.0925,1,5,0.117
157.450,0,4,1,1.2333,-0.6167,1.2585,-0.6906,178.0455,0.0000,0.0000,0.0000,1.1428,-0.3225,-165.1962,0.009,8227,0.0000,0.0000,0.0781,1,5,0.117
157.552,0,4,1,1.2333,-0.6167,1.2578,-0.6828,178.3254,0.0000,0.0000,0.0000,1.2445,-0.3456,-163.9520,0.025,8231,0.0000,0.0000,0.0705,1,5,0.117
157.652,0,4,1,1.2333,-0.6167,1.2557,-0.6712,178.7426,0.0000,0.0000,0.0000,1.2445,-0.3456,-163.9497,0.011,8236,0.0000,0.0000,0.0589,1,5,0.117
157.750,0,4,1,1.2333,-0.6167,1.2567,-0.6741,178.5975,0.0000,0.0000,0.0000,1.3574,-1.1303,153.9113,0.026,8240,0.0000,0.0000,0.0620,1,5,0.117
157.851,0,4,1,1.2333,-0.6167,1.2548,-0.6634,178.9918,0.0000,0.0000,0.0000,1.2445,-0.3456,-163.9489,0.011,8245,0.0000,0.0000,0.0514,1,5,0.117
157.953,0,4,1,1.2333,-0.6167,1.2545,-0.6610,179.0696,0.0000,0.0000,0.0000,1.2445,-0.3456,-163.9497,0.049,8248,0.0000,0.0000,0.0491,1,5,0.117
158.050,0,4,1,1.2333,-0.6167,1.2528,-0.6512,179.4378,0.0000,0.0000,0.0000,1.2445,-0.3456,-163.9510,0.010,8253,0.0000,0.0000,0.0396,1,5,0.117
158.152,0,4,1,1.2333,-0.6167,1.2527,-0.6494,179.5000,0.0000,0.0000,0.0000,1.3574,-1.1303,153.9113,0.030,8256,0.0000,0.0000,0.0380,1,5,0.117
158.250,0,4,1,1.2333,-0.6167,1.2511,-0.6403,179.8485,0.0000,0.0000,0.0000,1.2446,-0.3457,-163.9526,0.011,8261,0.0000,0.0000,0.0296,1,5,0.117
158.351,0,4,1,1.2333,-0.6167,1.2497,-0.6331,-179.8645,0.0000,0.0000,0.0000,1.2445,-0.3456,-163.9509,0.048,8263,0.0000,0.0000,0.0232,1,5,0.117
158.450,0,4,1,1.2333,-0.6167,1.2483,-0.6249,-179.5450,0.0000,0.0000,0.0000,1.2446,-0.3456,-163.9507,0.009,8268,0.0000,0.0000,0.0171,1,5,0.117
158.550,0,4,1,1.2333,-0.6167,1.2483,-0.6239,-179.5057,0.0000,0.0000,0.0000,1.2446,-0.3456,-163.9511,0.044,8271,0.0000,0.0000,0.0166,1,5,0.117
158.651,0,4,1,1.2333,-0.6167,1.2471,-0.6196,-179.3445,0.0000,0.0000,0.0000,1.2445,-0.3456,-163.9498,0.002,8276,0.0000,0.0000,0.0140,1,5,0.117
158.750,0,4,1,1.2333,-0.6167,1.2470,-0.6157,-179.1756,0.0000,0.0000,0.0000,1.2445,-0.3455,-163.9474,0.022,8279,0.0000,0.0000,0.0137,1,5,0.117
158.850,0,4,1,1.2333,-0.6167,1.2445,-0.6056,-178.7806,0.0000,0.0000,0.0000,1.1432,-0.3224,-165.2015,0.008,8282,0.0000,0.0000,0.0157,1,5,0.117
158.949,0,4,1,1.2333,-0.6167,1.2433,-0.5962,-178.3855,0.0000,0.0000,0.0000,1.2445,-0.3456,-163.9490,0.036,8285,0.0000,0.0000,0.0228,1,5,0.117
159.053,0,4,1,1.2333,-0.6167,1.2435,-0.5933,-178.2520,0.0000,0.0000,0.0000,1.1433,-0.3223,-165.2051,0.003,8290,0.0000,0.0000,0.0255,1,5,0.117
159.151,0,4,1,1.2333,-0.6167,1.2425,-0.5903,-178.1332,0.0000,0.0000,0.0000,1.2445,-0.3456,-163.9496,0.044,8293,0.0000,0.0000,0.0279,1,5,0.117
159.250,0,4,1,1.2333,-0.6167,1.2416,-0.5847,-177.8951,0.0000,0.0000,0.0000,1.2445,-0.3456,-163.9506,0.012,8298,0.0000,0.0000,0.0330,1,5,0.117
159.349,0,4,1,1.2333,-0.6167,1.2418,-0.5851,-177.9003,0.0000,0.0000,0.0000,1.2445,-0.3456,-163.9511,0.047,8301,0.0000,0.0000,0.0327,1,5,0.117
159.451,0,4,1,1.2333,-0.6167,1.2409,-0.5798,-177.6729,0.0000,0.0000,0.0000,1.2445,-0.3456,-163.9502,0.010,8306,0.0000,0.0000,0.0376,1,5,0.117
159.550,0,4,1,1.2333,-0.6167,1.2425,-0.5867,-177.9370,0.0000,0.0000,0.0000,1.3574,-1.1303,153.9113,0.034,8310,0.0000,0.0000,0.0313,1,5,0.117
159.651,0,4,1,1.2333,-0.6167,1.2416,-0.5814,-177.7122,0.0000,0.0000,0.0000,1.2445,-0.3456,-163.9505,0.013,8315,0.0000,0.0000,0.0362,1,5,0.117
159.749,0,4,1,1.2333,-0.6167,1.2431,-0.5881,-177.9715,0.0000,0.0000,0.0000,1.3574,-1.1303,153.9113,0.030,8319,0.0000,0.0000,0.0302,1,5,0.117
159.849,0,4,1,1.2333,-0.6167,1.2422,-0.5829,-177.7454,0.0000,0.0000,0.0000,1.2445,-0.3456,-163.9499,0.011,8324,0.0000,0.0000,0.0350,1,5,0.117
159.950,0,4,1,1.2333,-0.6167,1.2437,-0.5894,-178.0004,0.0000,0.0000,0.0000,1.3574,-1.1303,153.9113,0.033,8328,0.0000,0.0000,0.0291,1,5,0.117
160.050,0,4,1,1.2333,-0.6167,1.2427,-0.5868,-177.8963,0.0000,0.0000,0.0000,1.1433,-0.3222,-165.2056,0.031,8332,0.0000,0.0000,0.0313,1,5,0.117
160.151,0,4,1,1.2333,-0.6167,1.2429,-0.5845,-177.7857,0.0000,0.0000,0.0000,1.2445,-0.3455,-163.9475,0.041,8336,0.0000,0.0000,0.0335,1,5,0.117
160.249,0,4,1,1.2333,-0.6167,1.2420,-0.5820,-177.6862,0.0000,0.0000,0.0000,1.1434,-0.3221,-165.1987,0.013,8340,0.0000,0.0000,0.0357,1,5,0.117
160.349,0,4,1,1.2333,-0.6167,1.2434,-0.5829,-177.6913,0.0000,0.0000,0.0000,1.2445,-0.3456,-163.9488,0.023,8343,0.0000,0.0000,0.0352,1,5,0.117
160.449,0,4,1,1.2333,-0.6167,1.2411,-0.5743,-177.3487,0.0000,0.0000,0.0000,1.2445,-0.3455,-163.9478,0.008,8347,0.0000,0.0000,0.0431,1,5,0.117
160.551,0,4,1,1.2333,-0.6167,1.2427,-0.5788,-177.5050,0.0000,0.0000,0.0000,1.3574,-1.1303,153.9113,0.036,8351,0.0000,0.0000,0.0390,1,5,0.117
160.651,0,4,1,1.2333,-0.6167,1.2405,-0.5678,-177.0547,0.0000,0.0000,0.0000,1.2445,-0.3455,-163.9484,0.010,8355,0.0000,0.0000,0.0494,1,5,0.117
160.751,0,4,1,1.2333,-0.6167,1.2421,-0.5751,-177.3369,0.0000,0.0000,0.0000,1.3574,-1.1303,153.9113,0.034,8359,0.0000,0.0000,0.0425,1,5,0.117
160.850,0,4,1,1.2333,-0.6167,1.2412,-0.5705,-177.1453,0.0000,0.0000,0.0000,1.2446,-0.3457,-163.9521,0.012,8364,0.0000,0.0000,0.0468,1,5,0.117
160.950,0,4,1,1.2333,-0.6167,1.2415,-0.5716,-177.1772,0.0000,0.0000,0.0000,1.3574,-1.1303,153.9113,0.035,8367,0.0000,0.0000,0.0458,1,5,0.117
161.050,0,4,1,1.2333,-0.6167,1.2407,-0.5672,-176.9906,0.0000,0.0000,0.0000,1.2446,-0.3455,-163.9486,0.014,8372,0.0000,0.0000,0.0500,1,5,0.117
161.151,0,4,1,1.2333,-0.6167,1.2409,-0.5683,-177.0242,0.0000,0.0000,0.0000,1.3574,-1.1303,153.9113,0.031,8375,0.0000,0.0000,0.0489,1,5,0.117
161.251,0,4,1,1.2333,-0.6167,1.2402,-0.5641,-176.8411,0.0000,0.0000,0.0000,1.2446,-0.3455,-163.9476,0.014,8380,0.0000,0.0000,0.0530,1,5,0.117
161.350,0,4,1,1.2333,-0.6167,1.2417,-0.5716,-177.1271,0.0000,0.0000,0.0000,1.3574,-1.1303,153.9113,0.012,8384,0.0000,0.0000,0.0458,1,5,0.117
161.449,0,4,1,1.2333,-0.6167,1.2409,-0.5698,-177.0562,0.0000,0.0000,0.0000,1.1434,-0.3220,-165.2017,0.025,8388,0.0000,0.0000,0.0474,1,5,0.117
161.549,0,4,1,1.2333,-0.6167,1.2424,-0.5745,-177.2229,0.0000,0.0000,0.0000,1.2446,-0.3455,-163.9483,0.014,8393,0.0000,0.0000,0.0432,1,5,0.117
161.651,0,4,1,1.2333,-0.6167,1.2416,-0.5725,-177.1487,0.0000,0.0000,0.0000,1.1435,-0.3220,-165.2029,0.008,8397,0.0000,0.0000,0.0449,1,5,0.117
161.750,0,4,1,1.2333,-0.6167,1.2431,-0.5770,-177.3109,0.0000,0.0000,0.0000,1.3574,-1.1303,153.9113,0.029,8402,0.0000,0.0000,0.0408,1,5,0.117
161.851,0,4,1,1.2333,-0.6167,1.2422,-0.5724,-177.1199,0.0000,0.0000,0.0000,1.2445,-0.3455,-163.9469,0.012,8407,0.0000,0.0000,0.0451,1,5,0.117
161.950,0,4,1,1.2333,-0.6167,1.2436,-0.5793,-177.3880,0.0000,0.0000,0.0000,1.3574,-1.1303,153.9113,0.030,8411,0.0000,0.0000,0.0388,1,5,0.117
162.051,0,4,1,1.2333,-0.6167,1.2427,-0.5746,-177.1968,0.0000,0.0000,0.0000,1.2446,-0.3456,-163.9493,0.014,8416,0.0000,0.0000,0.0431,1,5,0.117
162.152,0,4,1,1.2333,-0.6167,1.2441,-0.5813,-177.4588,0.0000,0.0000,0.0000,1.3574,-1.1303,153.9113,0.031,8420,0.0000,0.0000,0.0369,1,5,0.117
162.250,0,4,1,1.2333,-0.6167,1.2432,-0.5766,-177.2643,0.0000,0.0000,0.0000,1.2446,-0.3456,-163.9507,0.012,8425,0.0000,0.0000,0.0413,1,5,0.117
162.349,0,4,1,1.2333,-0.6167,1.2434,-0.5774,-177.2902,0.0000,0.0000,0.0000,1.3574,-1.1303,153.9113,0.030,8428,0.0000,0.0000,0.0406,1,5,0.117
162.451,0,4,1,1.2333,-0.6167,1.2425,-0.5728,-177.1024,0.0000,0.0000,0.0000,1.2446,-0.3455,-163.9462,0.009,8433,0.0000,0.0000,0.0448,1,5,0.117
162.550,0,4,1,1.2333,-0.6167,1.2439,-0.5796,-177.3704,0.0000,0.0000,0.0000,1.3574,-1.1303,153.9113,0.029,8437,0.0000,0.0000,0.0385,1,5,0.117
162.650,0,4,1,1.2333,-0.6167,1.2430,-0.5750,-177.1826,0.0000,0.0000,0.0000,1.2446,-0.3455,-163.9458,0.013,8442,0.0000,0.0000,0.0428,1,5,0.117
162.749,0,4,1,1.2333,-0.6167,1.2444,-0.5816,-177.4449,0.0000,0.0000,0.0000,1.2446,-0.3455,-163.9471,0.012,8446,0.0000,0.0000,0.0368,1,5,0.117
162.849,0,4,1,1.2333,-0.6167,1.2435,-0.5794,-177.3630,0.0000,0.0000,0.0000,1.1438,-0.3219,-165.2102,0.009,8450,0.0000,0.0000,0.0387,1,5,0.117
162.949,0,4,1,1.2333,-0.6167,1.2449,-0.5835,-177.5136,0.0000,0.0000,0.0000,1.3574,-1.1303,153.9113,0.011,8455,0.0000,0.0000,0.0351,1,5,0.117
163.051,0,4,1,1.2333,-0.6167,1.2439,-0.5786,-177.3181,0.0000,0.0000,0.0000,1.1436,-0.3218,-165.2020,0.005,8460,0.0000,0.0000,0.0395,1,5,0.117
163.149,0,4,1,1.2333,-0.6167,1.2464,-0.5879,-177.6775,0.0000,0.0000,0.0000,1.3574,-1.1303,153.9113,0.030,8463,0.0000,0.0000,0.0316,1,5,0.117
163.253,0,5,0,1.2333,-0.6167,1.2453,-0.5828,-177.4733,0.0000,0.0000,0.0000,1.2446,-0.3455,-163.9489,0.010,8468,0.0000,0.0000,0.0359,1,5,0.117
163.350,0,5,0,1.2333,-0.6167,1.2455,-0.5842,-177.5464,0.0000,0.0000,0.0000,1.2446,-0.3455,-163.9487,0.039,8471,-0.0014,0.0306,0.0347,1,5,0.117
163.451,0,5,1,1.2333,0.0000,1.2461,-0.5831,-177.9094,0.0000,0.0000,0.0000,1.1805,-0.3542,-166.6452,0.030,8475,-0.0345,-0.0840,0.5833,1,5,0.117
163.551,0,5,1,1.2333,0.0000,1.2503,-0.5819,-178.7557,0.0000,0.0000,0.0000,1.3574,-1.1303,153.9113,0.033,8479,-0.0338,-0.0840,0.5821,1,5,0.117
163.650,0,5,1,1.2333,0.0000,1.2526,-0.5722,-178.5525,0.0000,0.0000,0.0000,1.1483,-0.3195,-166.2831,0.028,8483,-0.0333,-0.0840,0.5725,1,5,0.117
163.750,0,5,1,1.2333,0.0000,1.2573,-0.5715,-179.2760,0.0000,0.0000,0.0000,1.3574,-1.1303,153.9113,0.032,8487,-0.0325,-0.0839,0.5720,1,5,0.117
163.850,0,5,1,1.2333,0.0000,1.2584,-0.5601,-179.4729,0.0000,0.0000,0.0000,1.2415,-0.3382,-165.3671,0.011,8492,-0.0322,-0.0839,0.5606,1,5,0.117
163.951,0,5,1,1.2333,0.0000,1.2636,-0.5618,-179.8531,0.0000,0.0000,0.0000,1.3574,-1.1303,153.9113,0.033,8495,-0.0313,-0.0839,0.5626,1,5,0.117
164.052,0,5,1,1.2333,0.0000,1.2646,-0.5529,-179.9073,0.0000,0.0000,0.0000,1.1427,-0.3533,-168.1518,0.032,8499,-0.0311,-0.0839,0.5538,1,5,0.117
164.150,0,5,1,1.2333,0.0000,1.2669,-0.5432,-179.8962,0.0000,0.0000,0.0000,1.2481,-0.3122,-165.7014,0.023,8503,-0.0305,-0.0838,0.5443,1,5,0.117
164.252,0,5,1,1.2333,0.0000,1.2698,-0.5414,179.7958,0.0000,0.0000,0.0000,1.1586,-0.2645,-167.3756,0.007,8507,-0.0300,-0.0838,0.5426,1,5,0.117
164.349,0,5,1,1.2333,0.0000,1.2745,-0.5441,179.5055,0.0000,0.0000,0.0000,1.3574,-1.1303,153.9113,0.022,8510,-0.0292,-0.0837,0.5456,1,5,0.117
164.450,0,5,1,1.2333,0.0000,1.2770,-0.5337,-179.9685,0.0000,0.0000,0.0000,1.2469,-0.2755,-165.6538,0.008,8514,-0.0286,-0.0836,0.5355,1,5,0.117
164.550,0,5,1,1.2333,0.0000,1.2786,-0.5303,179.7430,0.0000,0.0000,0.0000,1.3574,-1.1303,153.9113,0.029,8519,-0.0282,-0.0836,0.5322,1,5,0.117
164.650,0,5,1,1.2333,0.0000,1.2785,-0.5168,179.9621,0.0000,0.0000,0.0000,1.2460,-0.2689,-165.4276,0.015,8524,-0.0280,-0.0836,0.5188,1,5,0.117
164.752,0,5,1,1.2333,0.0000,1.2815,-0.5160,179.5547,0.0000,0.0000,0.0000,1.3574,-1.1303,153.9113,0.032,8528,-0.0274,-0.0835,0.5182,1,5,0.117
164.851,0,5,1,1.2333,0.0000,1.2824,-0.5060,179.6676,0.0000,0.0000,0.0000,1.2454,-0.2424,-165.9957,0.013,8532,-0.0271,-0.0835,0.5084,1,5,0.117
164.951,0,5,1,1.2333,0.0000,1.2860,-0.5059,179.2817,0.0000,0.0000,0.0000,1.3574,-1.1303,153.9113,0.031,8536,-0.0264,-0.0834,0.5086,1,5,0.117
165.050,0,5,1,1.2333,0.0000,1.2858,-0.4951,179.4669,0.0000,0.0000,0.0000,1.3574,-1.1303,153.9113,0.003,8541,-0.0262,-0.0834,0.4978,1,5,0.117
165.149,0,5,1,1.2333,0.0000,1.2852,-0.4946,179.3057,0.0000,0.0000,0.0000,1.3574,-1.1303,153.9113,0.034,8544,0.0535,-0.0993,0.4973,1,5,0.117
165.250,0,5,1,1.2333,0.0000,1.2797,-0.4815,179.2946,0.0000,0.0000,0.0000,1.2406,-0.2066,-166.2453,0.013,8548,0.0527,-0.0994,0.4838,1,5,0.117
165.351,0,5,1,1.2333,0.0000,1.2751,-0.4805,179.0175,0.0000,0.0000,0.0000,1.3574,-1.1303,153.9113,0.033,8552,0.0518,-0.0995,0.4823,1,5,0.117
165.449,0,5,1,1.2333,0.0000,1.2682,-0.4706,179.0983,0.0000,0.0000,0.0000,1.2304,-0.1916,-166.0752,0.003,8557,0.0505,-0.0996,0.4718,1,5,0.117
165.551,0,5,1,1.2333,0.0000,1.2631,-0.4646,178.9061,0.0000,0.0000,0.0000,1.3574,-1.1303,153.9113,0.015,8561,0.0495,-0.0997,0.4656,1,5,0.117
165.650,0,5,1,1.2333,0.0000,1.2565,-0.4496,179.2010,0.0000,0.0000,0.0000,1.2285,-0.1844,-165.8390,0.045,8563,0.0483,-0.0998,0.4502,1,5,0.117
165.750,0,5,1,1.2333,0.0000,1.2475,-0.4256,179.7968,0.0000,0.0000,0.0000,1.2096,-0.1666,-166.2264,0.040,8567,-0.0245,-0.0999,0.4259,1,5,0.141
165.851,0,5,1,1.2333,0.0000,1.2458,-0.4063,179.9822,0.0000,0.0000,0.0000,1.2065,-0.1574,-165.8755,0.014,8570,-0.0018,-0.0999,0.4065,1,5,0.187
165.949,0,5,1,1.2333,0.0000,1.2427,-0.3865,-179.6430,0.0000,0.0000,0.0000,1.1933,-0.1500,-166.5265,0.036,8573,-0.0084,-0.0999,0.3866,1,5,0.175
166.049,0,5,1,1.2333,0.0000,1.2393,-0.3646,-179.3990,0.0000,0.0000,0.0000,1.1934,-0.1391,-166.3671,0.012,8577,-0.0197,-0.0999,0.3646,1,5,0.154
166.151,0,5,1,1.2333,0.0000,1.2388,-0.3485,-179.4895,0.0000,0.0000,0.0000,1.1934,-0.1283,-166.6010,0.043,8579,-0.0193,-0.0999,0.3486,1,5,0.155
166.250,0,5,1,1.2333,0.0000,1.2364,-0.3270,-179.1466,0.0000,0.0000,0.0000,1.1960,-0.1225,-166.6682,0.013,8583,-0.0319,-0.1000,0.3270,1,5,0.131
166.350,0,5,1,1.2333,0.0000,1.2368,-0.3113,-179.0406,0.0000,0.0000,0.0000,1.1932,-0.1106,-166.9282,0.043,8585,-0.0293,-0.1000,0.3113,1,5,0.136
166.450,0,5,1,1.2333,0.0000,1.2346,-0.2912,-178.7118,0.0000,0.0000,0.0000,1.1921,-0.1047,-166.7376,0.010,8589,-0.0269,-0.1000,0.2912,1,5,0.142
166.550,0,5,1,1.2333,0.0000,1.2348,-0.2758,-178.6962,0.0000,0.0000,0.0000,1.1861,-0.0915,-167.2842,0.043,8591,0.0022,-0.1000,0.2758,1,5,0.282
166.649,0,5,1,1.2333,0.0000,1.2329,-0.2582,-178.7102,0.0000,0.0000,0.0000,1.1941,-0.0781,-167.2289,0.011,8594,-0.0226,-0.1000,0.2582,1,5,0.152
166.750,0,5,1,1.2333,0.0000,1.2345,-0.2442,-179.0402,0.0000,0.0000,0.0000,1.1903,-0.0724,-167.5396,0.046,8596,-0.0294,-0.1000,0.2442,1,5,0.137
166.850,0,5,1,1.2333,0.0000,1.2331,-0.2270,-179.0264,0.0000,0.0000,0.0000,1.1069,-0.0791,-170.8350,0.028,8599,-0.0285,-0.1000,0.2270,1,5,0.140
166.949,0,5,1,1.2333,0.0000,1.2330,-0.2099,-178.9225,0.0000,0.0000,0.0000,1.1916,-0.0526,-168.2674,0.022,8602,-0.0285,-0.1000,0.2099,1,5,0.140
167.051,0,5,1,1.2333,0.0000,1.2315,-0.1946,-178.9088,0.0000,0.0000,0.0000,1.1086,-0.0825,-171.5809,0.009,8605,-0.0313,-0.1000,0.1946,1,5,0.136
167.149,0,5,1,1.2333,0.0000,1.2315,-0.1778,-178.8580,0.0000,0.0000,0.0000,1.1555,0.0475,-170.5074,0.021,8608,-0.0324,-0.1000,0.1778,1,5,0.134
167.250,0,5,1,1.2333,0.0000,1.2283,-0.1569,-178.9178,0.0000,0.0000,0.0000,1.0927,0.0416,-173.5956,0.008,8612,-0.0331,-0.1000,0.1570,1,5,0.137
167.350,0,5,1,1.2333,0.0000,1.2286,-0.1415,-179.0799,0.0000,0.0000,0.0000,1.0983,0.0479,-173.7337,0.042,8614,-0.0367,-0.1000,0.1416,1,5,0.130
167.450,0,5,1,1.2333,0.0000,1.2260,-0.1229,-179.0501,0.0000,0.0000,0.0000,1.0983,0.0607,-174.1355,0.008,8618,-0.0377,-0.0984,0.1231,1,5,0.132
167.549,0,5,1,1.2333,0.0000,1.2264,-0.1096,-179.0794,0.0000,0.0000,0.0000,1.1020,0.0667,-174.2083,0.044,8620,-0.0367,-0.0878,0.1098,1,5,0.126
167.649,0,5,1,1.2333,0.0000,1.2246,-0.0913,-179.1836,0.0000,0.0000,0.0000,1.1071,0.0785,-174.2484,0.012,8624,-0.0304,-0.0731,0.0917,1,5,0.133
167.751,0,5,1,1.2333,0.0000,1.2250,-0.0793,-179.0804,0.0000,0.0000,0.0000,1.0995,0.0821,-174.9339,0.043,8626,-0.0248,-0.0635,0.0797,1,5,0.140
167.852,0,5,2,1.2333,0.6167,1.2213,-0.0669,-179.2726,0.0000,0.0000,0.0000,1.1030,0.0917,-174.8347,0.012,8630,-0.0306,-0.1000,0.6837,1,5,0.139
167.949,0,5,2,1.2333,0.6167,1.2213,-0.0549,-179.2404,0.0000,0.0000,0.0000,1.1088,0.0946,-175.0380,0.041,8632,-0.0297,-0.1000,0.6717,1,5,0.141
168.050,0,5,2,1.2333,0.6167,1.2199,-0.0362,-179.3337,0.0000,0.0000,0.0000,1.1117,0.1064,-174.9151,0.011,8636,-0.0244,-0.1000,0.6530,1,5,0.152
168.150,0,5,2,1.2333,0.6167,1.2207,-0.0221,-179.4887,0.0000,0.0000,0.0000,1.1197,0.1111,-175.2147,0.043,8638,-0.0318,-0.1000,0.6389,1,5,0.137
168.251,0,5,2,1.2333,0.6167,1.2211,-0.0076,-178.9762,0.0000,0.0000,0.0000,1.1222,0.1253,-175.1058,0.003,8642,-0.0313,-0.1000,0.6244,1,5,0.138
168.350,0,5,2,1.2333,0.6167,1.2206,0.0080,-178.7487,0.0000,0.0000,0.0000,1.1196,0.1329,-174.8496,0.018,8644,-0.0250,-0.1000,0.6088,1,5,0.151
168.449,0,5,2,1.2333,0.6167,1.2210,0.0217,-178.9769,0.0000,0.0000,0.0000,1.1200,0.1398,-174.7544,0.046,8646,-0.0214,-0.1000,0.5951,1,5,0.158
168.550,0,5,2,1.2333,0.6167,1.2365,0.0312,-179.7503,0.0000,0.0000,0.0000,2.3911,-0.4080,142.2956,0.028,8651,-0.0193,-0.1000,0.5855,1,5,0.157
168.651,0,5,2,1.2333,0.6167,1.2496,0.0413,179.8127,0.0000,0.0000,0.0000,1.1159,0.1616,-175.9016,0.016,8656,-0.0210,-0.0999,0.5756,1,5,0.149
168.750,0,5,2,1.2333,0.6167,1.2792,0.0417,178.8458,0.0000,0.0000,0.0000,2.3997,-0.3924,142.9195,0.030,8660,-0.0174,-0.0995,0.5768,1,5,0.146
168.850,0,5,2,1.2333,0.6167,1.2892,0.0525,178.8807,0.0000,0.0000,0.0000,1.1231,0.1820,-175.8184,0.014,8665,-0.0035,-0.0993,0.5669,1,5,0.170
168.950,0,5,2,1.2333,0.6167,1.3161,0.0558,178.0421,0.0000,0.0000,0.0000,2.4284,-0.3465,145.5452,0.030,8669,-0.0023,-0.0987,0.5670,1,5,0.163
169.051,0,5,2,1.2333,0.6167,1.3228,0.0673,178.0648,0.0000,0.0000,0.0000,1.1243,0.2038,-175.4773,0.014,8674,-0.0023,-0.0984,0.5566,1,5,0.160
169.151,0,5,2,1.2333,0.6167,1.3480,0.0717,177.6270,0.0000,0.0000,0.0000,2.4635,-0.2935,148.8911,0.028,8678,-0.0003,-0.0975,0.5569,1,5,0.155
169.250,0,5,2,1.2333,0.6167,1.3520,0.0823,177.9505,0.0000,0.0000,0.0000,1.1241,0.2241,-175.1049,0.014,8683,0.0008,-0.0973,0.5474,1,5,0.155
169.350,0,5,2,1.2333,0.6167,1.3753,0.0889,177.6687,0.0000,0.0000,0.0000,2.4976,-0.1779,156.5890,0.032,8687,0.0116,-0.0961,0.5466,1,5,0.168
169.450,0,5,2,1.2333,0.6167,1.3781,0.1040,178.0385,0.0000,0.0000,0.0000,1.1219,0.2482,-174.5895,0.010,8692,0.0087,-0.0958,0.5328,1,5,0.160
169.550,0,5,2,1.2333,0.6167,1.3992,0.1130,177.8892,0.0000,0.0000,0.0000,1.1215,0.2542,-174.4624,0.014,8696,0.0008,-0.0945,0.5303,1,5,0.136
169.650,0,5,2,1.2333,0.6167,1.4041,0.1264,178.4108,0.0000,0.0000,0.0000,1.2116,0.3170,-172.5248,0.029,8700,0.0079,-0.0939,0.5192,1,5,0.147
169.750,0,5,2,1.2333,0.6167,1.4198,0.1380,178.4221,0.0000,0.0000,0.0000,2.4958,-0.0097,166.4051,0.011,8705,0.0138,-0.0926,0.5137,1,5,0.152
169.849,0,5,2,1.2333,0.6167,1.4210,0.1484,178.4428,0.0000,0.0000,0.0000,1.1428,0.1868,-173.2801,0.011,8710,0.0067,-0.0922,0.5045,1,5,0.136
169.949,0,5,2,1.2333,0.6167,1.4349,0.1577,178.3764,0.0000,0.0000,0.0000,2.4915,0.0309,168.2767,0.027,8714,0.0047,-0.0909,0.5013,1,5,0.126
170.051,0,5,2,1.2333,0.6167,1.4336,0.1727,178.7702,0.0000,0.0000,0.0000,1.1160,0.3065,-173.3887,0.015,8719,0.0086,-0.0905,0.4870,1,5,0.132
170.150,0,5,2,1.2333,0.6167,1.4503,0.1826,178.6821,0.0000,0.0000,0.0000,2.4874,0.0579,168.7388,0.029,8723,0.0122,-0.0887,0.4853,1,5,0.132
170.251,0,5,2,1.2333,0.6167,1.4472,0.1971,179.1312,0.0000,0.0000,0.0000,1.1165,0.3234,-173.1363,0.018,8728,0.0114,-0.0883,0.4709,1,5,0.129
170.350,0,5,2,1.2333,0.6167,1.4626,0.2065,178.8176,0.0000,0.0000,0.0000,2.4656,0.0751,168.8399,0.030,8732,0.0122,-0.0865,0.4699,1,5,0.124
170.450,0,5,2,1.2333,0.6167,1.4585,0.2207,179.0655,0.0000,0.0000,0.0000,1.1151,0.3433,-172.8552,0.014,8737,0.0133,-0.0861,0.4555,1,5,0.125
170.551,0,5,2,1.2333,0.6167,1.4730,0.2297,178.8822,0.0000,0.0000,0.0000,2.4864,0.1024,169.6193,0.027,8741,0.0140,-0.0841,0.4552,1,5,0.120
170.651,0,5,2,1.2333,0.6167,1.4679,0.2434,179.2873,0.0000,0.0000,0.0000,1.0743,0.3628,-174.2321,0.013,8746,0.0166,-0.0838,0.4408,1,5,0.124
170.750,0,5,2,1.2333,0.6167,1.4812,0.2520,178.9770,0.0000,0.0000,0.0000,2.4741,0.1091,169.2206,0.029,8750,0.0161,-0.0818,0.4410,1,5,0.117
170.850,0,5,2,1.2333,0.6167,1.4765,0.2602,179.1481,0.0000,0.0000,0.0000,1.1270,0.2837,-172.9691,0.032,8754,0.0202,-0.0817,0.4315,1,5,0.125
170.950,0,5,2,1.2333,0.6167,1.4831,0.2697,178.9944,0.0000,0.0000,0.0000,2.4924,0.1371,170.1905,0.012,8759,0.0981,-0.0643,0.4275,1,5,0.117
171.049,0,5,2,1.2333,0.6167,1.4808,0.2777,179.1030,0.0000,0.0000,0.0000,1.1832,0.4586,-171.7721,0.009,8763,0.0986,-0.0639,0.4197,1,5,0.117
171.150,0,5,2,1.2333,0.6167,1.4775,0.2884,179.1760,0.0000,0.0000,0.0000,2.5028,0.1539,170.5168,0.015,8768,0.0993,-0.0634,0.4091,1,5,0.117
171.249,0,5,2,1.2333,0.6167,1.4724,0.2958,179.2383,0.0000,0.0000,0.0000,1.1669,0.4775,-171.5619,0.003,8773,0.0994,-0.0633,0.4001,1,5,0.117
171.350,0,5,2,1.2333,0.6167,1.4684,0.3042,179.4313,0.0000,0.0000,0.0000,2.5241,0.1648,170.5701,0.030,8777,0.0998,-0.0630,0.3910,1,5,0.117
171.449,0,5,2,1.2333,0.6167,1.4526,0.3135,179.5386,0.0000,0.0000,0.0000,1.0143,0.4223,-174.3710,0.014,8782,0.0983,-0.0642,0.3742,1,5,0.117
171.550,0,5,2,1.2333,0.6167,1.4583,0.3197,179.5532,0.0000,0.0000,0.0000,2.5358,0.1548,169.2323,0.030,8786,0.1000,-0.0628,0.3726,1,5,0.117
171.651,0,5,2,1.2333,0.6167,1.4423,0.3288,179.7147,0.0000,0.0000,0.0000,0.9885,0.4356,-174.2945,0.018,8791,0.0984,-0.0641,0.3557,1,5,0.117
171.751,0,5,2,1.2333,0.6167,1.4481,0.3350,179.5637,0.0000,0.0000,0.0000,2.5569,0.1626,169.1658,0.028,8795,0.1003,-0.0626,0.3542,1,5,0.117
171.850,0,5,2,1.2333,0.6167,1.4324,0.3456,179.9895,0.0000,0.0000,0.0000,0.9579,0.4488,-174.4633,0.012,8800,0.0988,-0.0637,0.3363,1,5,0.117
171.953,0,5,2,1.2333,0.6167,1.4384,0.3517,179.6202,0.0000,0.0000,0.0000,2.5786,0.1718,168.8419,0.027,8804,0.1008,-0.0622,0.3350,1,5,0.117
172.050,0,5,2,1.2333,0.6167,1.4225,0.3628,179.6875,0.0000,0.0000,0.0000,0.9444,0.4562,-174.3241,0.011,8809,0.0994,-0.0633,0.3166,1,5,0.117
172.150,0,5,2,1.2333,0.6167,1.4292,0.3685,179.6250,0.0000,0.0000,0.0000,2.6047,0.1789,169.1521,0.029,8813,0.1016,-0.0616,0.3162,1,5,0.117
172.249,0,5,2,1.2333,0.6167,1.4201,0.3775,179.6143,0.0000,0.0000,0.0000,0.9043,0.4735,-174.9701,0.004,8818,0.1012,-0.0619,0.3034,1,5,0.117
172.351,0,5,2,1.2333,0.6167,1.4241,0.3825,179.3988,0.0000,0.0000,0.0000,0.9035,0.4744,-174.9277,0.011,8821,0.1028,-0.0606,0.3020,1,5,0.117
172.450,0,5,2,1.2333,0.6167,1.4242,0.3833,179.4390,0.0000,0.0000,0.0000,1.5295,0.1846,175.5616,0.012,8825,0.1029,-0.0605,0.3014,1,5,0.117
172.550,0,5,2,1.2333,0.6167,1.4169,0.3875,179.2372,0.0000,0.0000,0.0000,0.8817,0.4882,-174.7935,0.039,8829,0.1021,-0.0611,0.2936,1,5,0.117
172.650,0,5,2,1.2333,0.6167,1.4238,0.3896,179.0118,0.0000,0.0000,0.0000,1.5647,0.1636,174.1290,0.003,8835,0.1039,-0.0597,0.2964,1,5,0.117
172.750,0,5,2,1.2333,0.6167,1.4368,0.3889,179.0580,0.0000,0.0000,0.0000,2.6727,0.2031,169.0287,0.027,8839,0.1062,-0.0576,0.3054,1,5,0.117
172.850,0,5,2,1.2333,0.6167,1.4297,0.3906,178.9597,0.0000,0.0000,0.0000,0.8392,0.5071,-174.8166,0.014,8844,0.1051,-0.0585,0.2995,1,5,0.117
172.951,0,5,2,1.2333,0.6167,1.4414,0.3920,178.8880,0.0000,0.0000,0.0000,2.6939,0.2113,168.7125,0.028,8848,0.1075,-0.0564,0.3062,1,5,0.117
173.051,0,5,2,1.2333,0.6167,1.4342,0.3933,179.0885,0.0000,0.0000,0.0000,0.8101,0.5172,-174.6184,0.019,8853,0.1064,-0.0574,0.3004,1,5,0.117
173.150,0,5,2,1.2333,0.6167,1.4461,0.3946,178.7887,0.0000,0.0000,0.0000,2.7148,0.2203,168.2487,0.022,8857,0.1087,-0.0552,0.3075,1,5,0.117
173.251,0,5,2,1.2333,0.6167,1.4380,0.3960,178.8710,0.0000,0.0000,0.0000,0.7890,0.5279,-174.5624,0.014,8862,0.1075,-0.0563,0.3009,1,5,0.117
173.351,0,5,2,1.2333,0.6167,1.4497,0.3978,178.8408,0.0000,0.0000,0.0000,2.7385,0.2273,168.0506,0.026,8866,0.1098,-0.0541,0.3078,1,5,0.117
173.450,0,5,2,1.2333,0.6167,1.4413,0.3994,178.7758,0.0000,0.0000,0.0000,0.7666,0.5339,-174.0870,0.013,8871,0.1087,-0.0552,0.3007,1,5,0.117
173.553,0,5,2,1.2333,0.6167,1.4529,0.4009,178.8213,0.0000,0.0000,0.0000,2.7630,0.2333,167.8396,0.027,8875,0.1108,-0.0530,0.3078,1,5,0.117
173.653,0,5,2,1.2333,0.6167,1.4492,0.4063,178.8353,0.0000,0.0000,0.0000,2.7684,0.2374,167.5674,0.044,8877,0.1111,-0.0527,0.3014,1,5,0.117
173.751,0,5,2,1.2333,0.6167,1.4536,0.4088,178.6610,0.0000,0.0000,0.0000,2.7847,0.2406,167.5289,0.005,8882,0.1101,-0.0538,0.3028,1,5,0.117
173.851,0,5,2,1.2333,0.6167,1.4433,0.4128,178.8356,0.0000,0.0000,0.0000,0.7194,0.5491,-173.7030,0.009,8886,0.1112,-0.0526,0.2927,1,5,0.117
173.949,0,5,2,1.2333,0.6167,1.4547,0.4165,178.6994,0.0000,0.0000,0.0000,2.8081,0.2473,167.2883,0.027,8889,0.1136,-0.0500,0.2984,1,5,0.117
174.050,0,5,2,1.2333,0.6167,1.4428,0.4201,179.0630,0.0000,0.0000,0.0000,0.7691,0.3422,-163.5674,0.017,8892,0.1124,-0.0513,0.2872,1,5,0.117
174.150,0,5,2,1.2333,0.6167,1.4553,0.4210,179.0407,0.0000,0.0000,0.0000,2.8298,0.2531,166.9449,0.019,8895,0.1144,-0.0490,0.2959,1,5,0.117
174.250,0,5,2,1.2333,0.6167,1.4443,0.4237,179.3714,0.0000,0.0000,0.0000,0.7879,0.4988,-167.4886,0.017,8898,0.1132,-0.0504,0.2859,1,5,0.117
174.350,0,5,2,1.2333,0.6167,1.4579,0.4265,179.1653,0.0000,0.0000,0.0000,2.8539,0.2589,166.6219,0.030,8901,0.1157,-0.0475,0.2943,1,5,0.117
174.450,0,5,2,1.2333,0.6167,1.4464,0.4307,179.4207,0.0000,0.0000,0.0000,0.7266,0.4969,-168.7056,0.016,8904,0.1147,-0.0486,0.2828,1,5,0.117
174.550,0,5,2,1.2333,0.6167,1.4599,0.4308,179.2456,0.0000,0.0000,0.0000,2.8774,0.2640,166.5018,0.027,8907,0.1167,-0.0463,0.2930,1,5,0.117
174.651,0,5,2,1.2333,0.6167,1.4472,0.4302,179.4226,0.0000,0.0000,0.0000,0.6981,0.3164,-161.7614,0.018,8910,0.1148,-0.0486,0.2838,1,5,0.117
174.751,0,5,2,1.2333,0.6167,1.4615,0.4302,178.7623,0.0000,0.0000,0.0000,2.9062,0.2620,166.5840,0.030,8913,0.1168,-0.0461,0.2947,1,5,0.117
174.849,0,5,2,1.2333,0.6167,1.4486,0.4296,178.5666,0.0000,0.0000,0.0000,0.6760,0.3228,-162.9074,0.015,8916,0.1149,-0.0485,0.2852,1,5,0.117
174.951,0,5,2,1.2333,0.6167,1.4638,0.4299,177.5250,0.0000,0.0000,0.0000,2.9404,0.2617,167.9533,0.005,8919,0.1148,-0.0486,0.2966,1,5,0.117
175.051,0,5,2,1.2333,0.6167,1.4504,0.4308,177.0580,0.0000,0.0000,0.0000,0.6538,0.3373,-165.3147,0.006,8922,0.1154,-0.0479,0.2857,1,5,0.117
175.151,0,5,2,1.2333,0.6167,1.4655,0.4334,176.2861,0.0000,0.0000,0.0000,0.6497,0.3390,-165.7995,0.015,8925,0.1178,-0.0448,0.2958,1,5,0.117
175.251,0,5,2,1.2333,0.6167,1.4522,0.4347,175.4620,0.0000,0.0000,0.0000,0.6322,0.3493,-167.8588,0.007,8928,0.1163,-0.0468,0.2846,1,5,0.117
175.349,0,5,2,1.2333,0.6167,1.4677,0.4379,175.5649,0.0000,0.0000,0.0000,2.9659,0.3850,179.0725,0.030,8931,0.1188,-0.0435,0.2948,1,5,0.117
175.451,0,5,2,1.2333,0.6167,1.4534,0.4394,175.9251,0.0000,0.0000,0.0000,0.6090,0.3577,-169.2561,0.014,8934,0.1172,-0.0456,0.2826,1,5,0.117
175.551,0,5,2,1.2333,0.6167,1.4693,0.4421,176.1937,0.0000,0.0000,0.0000,2.9948,0.3826,179.1237,0.030,8937,0.1197,-0.0423,0.2935,1,5,0.117
175.651,0,5,2,1.2333,0.6167,1.4546,0.4430,177.0673,0.0000,0.0000,0.0000,0.5917,0.3489,-168.9105,0.019,8940,0.1180,-0.0446,0.2813,1,5,0.117
175.751,0,5,2,1.2333,0.6167,1.4706,0.4456,177.0822,0.0000,0.0000,0.0000,3.0074,0.3967,178.9712,0.028,8943,0.1204,-0.0413,0.2925,1,5,0.117
175.851,0,5,2,1.2333,0.6167,1.4557,0.4458,177.1963,0.0000,0.0000,0.0000,0.5824,0.3311,-168.0893,0.021,8946,0.1186,-0.0437,0.2804,1,5,0.117
175.950,0,5,2,1.2333,0.6167,1.4731,0.4478,177.1553,0.0000,0.0000,0.0000,3.0321,0.4071,-179.9154,0.029,8949,0.1210,-0.0404,0.2932,1,5,0.117
176.053,0,5,2,1.2333,0.6167,1.4566,0.4350,177.3866,0.0000,0.0000,0.0000,0.5367,0.3460,-169.4231,0.019,8952,0.1169,-0.0460,0.2878,1,5,0.117
176.151,0,5,2,1.2333,0.6167,1.4852,0.4123,177.0373,0.0000,0.0000,0.0000,3.0058,-0.7354,127.9484,0.030,8954,0.1170,-0.0458,0.3244,1,5,0.117
176.250,0,5,2,1.2333,0.6167,1.4941,0.4037,176.7513,0.0000,0.0000,0.0000,3.0049,-0.7283,127.9724,0.064,8955,0.1168,-0.0461,0.3367,1,5,0.117
176.351,0,5,2,1.2333,0.6167,1.5243,0.3802,176.3835,0.0000,0.0000,0.0000,3.0020,-0.7276,127.8468,0.027,8957,0.1170,-0.0459,0.3750,1,5,0.117
176.449,0,5,2,1.2333,0.6167,1.5363,0.3596,176.4545,0.0000,0.0000,0.0000,3.0368,-1.6212,102.9333,0.046,8958,0.0358,-0.0634,0.3973,1,5,0.117
176.550,0,5,2,1.2333,0.6167,1.5538,0.3391,175.8187,0.0000,0.0000,0.0000,3.0279,-1.6456,101.4438,0.002,8960,0.0767,-0.0227,0.4240,1,5,0.117
176.650,0,5,2,1.2333,0.6167,1.5878,0.2893,175.0074,0.0000,0.0000,0.0000,3.0182,-1.6629,101.1521,0.051,8961,0.0746,-0.0251,0.4825,1,5,0.117
176.749,0,5,2,1.2333,0.6167,1.6219,0.2395,174.5700,0.0000,0.0000,0.0000,3.0181,-1.6731,100.6186,0.026,8963,0.0729,-0.0270,0.5415,1,5,0.117
176.849,0,5,2,1.2333,0.6167,1.6357,0.2165,174.8209,0.0000,0.0000,0.0000,3.0212,-1.6761,100.3752,0.055,8964,0.0721,-0.0278,0.5675,1,5,0.117
176.950,0,5,2,1.2333,0.6167,1.6724,0.1956,174.8247,0.0000,0.0000,0.0000,3.1859,0.2680,169.9239,0.030,8966,0.0733,-0.0265,0.6084,1,5,0.117
177.054,0,5,2,1.2333,0.6167,1.6870,0.2018,175.4438,0.0000,0.0000,0.0000,3.1880,0.2692,169.4670,0.063,8967,0.1132,-0.0504,0.6148,1,5,0.117
177.150,0,5,2,1.2333,0.6167,1.7217,0.2112,175.6571,0.0000,0.0000,0.0000,3.1942,0.2707,168.3048,0.027,8969,0.1073,-0.0333,0.6348,1,5,0.117
177.250,0,5,2,1.2333,0.6167,1.7336,0.2177,176.0024,0.0000,0.0000,0.0000,3.1947,0.2765,168.0667,0.065,8970,0.1175,-0.0452,0.6398,1,5,0.117
177.350,0,5,2,1.2333,0.6167,1.7678,0.2265,176.1825,0.0000,0.0000,0.0000,3.2069,0.2813,167.3905,0.031,8972,0.1201,-0.0417,0.6617,1,5,0.117
177.450,0,5,2,1.2333,0.6167,1.7808,0.2331,176.5295,0.0000,0.0000,0.0000,3.2129,0.2833,166.9910,0.063,8973,0.1212,-0.0402,0.6684,1,5,0.117
177.551,0,5,2,1.2333,0.6167,1.8171,0.2411,176.4433,0.0000,0.0000,0.0000,3.2230,0.2878,166.4327,0.032,8975,0.1233,-0.0368,0.6941,1,5,0.117
177.651,0,5,2,1.2333,0.6167,1.8279,0.2472,176.4914,0.0000,0.0000,0.0000,3.2303,0.2870,165.9932,0.064,8976,0.1241,-0.0355,0.7000,1,5,0.117
177.749,0,5,2,1.2333,0.6167,1.7941,0.2614,177.1811,0.0000,0.0000,0.0000,3.2352,0.2944,165.8366,0.008,8980,0.0470,-0.0363,0.6638,1,5,0.117
177.851,0,5,2,1.2333,0.6167,1.8100,0.2725,177.2279,0.0000,0.0000,0.0000,0.3585,0.5954,-167.4039,0.003,8983,0.1250,-0.0340,0.6715,1,5,0.117
177.949,0,5,2,1.2333,0.6167,1.7984,0.2870,177.2015,0.0000,0.0000,0.0000,3.2553,0.2961,164.7701,0.014,8986,0.1255,-0.0331,0.6542,1,5,0.117
178.050,0,5,2,1.2333,0.6167,1.7667,0.2994,177.5924,0.0000,0.0000,0.0000,0.3388,0.5984,-167.3922,0.018,8989,0.0484,-0.0338,0.6206,1,5,0.117
178.153,0,5,2,1.2333,0.6167,1.7851,0.3083,177.6644,0.0000,0.0000,0.0000,3.2806,0.2985,164.8183,0.032,8992,0.0497,-0.0315,0.6321,1,5,0.117
178.250,0,5,2,1.2333,0.6167,1.7592,0.3192,178.0895,0.0000,0.0000,0.0000,0.3230,0.5974,-166.6029,0.018,8995,0.0495,-0.0319,0.6042,1,5,0.117
178.350,0,5,2,1.2333,0.6167,1.7746,0.3276,177.9779,0.0000,0.0000,0.0000,3.2384,0.3098,165.0839,0.032,8998,0.0506,-0.0298,0.6136,1,5,0.117
178.450,0,5,2,1.2333,0.6167,1.7468,0.3379,178.4647,0.0000,0.0000,0.0000,0.3135,0.6025,-166.1042,0.015,9001,0.0503,-0.0304,0.5843,1,5,0.117
178.550,0,5,2,1.2333,0.6167,1.7645,0.3447,178.4971,0.0000,0.0000,0.0000,3.2660,0.3079,164.4645,0.032,9004,0.0514,-0.0282,0.5967,1,5,0.117
178.651,0,5,2,1.2333,0.6167,1.7388,0.3541,178.8660,0.0000,0.0000,0.0000,0.2936,0.6110,-166.0316,0.020,9007,0.0511,-0.0288,0.5696,1,5,0.117
178.750,0,5,2,1.2333,0.6167,1.7561,0.3604,178.5110,0.0000,0.0000,0.0000,3.2562,0.3201,164.5123,0.030,9010,0.0522,-0.0267,0.5822,1,5,0.117
178.851,0,5,2,1.2333,0.6167,1.7308,0.3689,178.9240,0.0000,0.0000,0.0000,0.2842,0.6106,-165.6698,0.017,9013,0.0519,-0.0272,0.5557,1,5,0.117
178.950,0,5,2,1.2333,0.6167,1.7462,0.3751,178.6874,0.0000,0.0000,0.0000,3.2637,0.3230,164.5948,0.033,9016,0.1326,-0.0411,0.5669,1,5,0.117
179.051,0,5,2,1.2333,0.6167,1.7146,0.3845,178.8106,0.0000,0.0000,0.0000,0.2734,0.6114,-165.5095,0.006,9019,0.1323,-0.0420,0.5343,1,5,0.117
179.150,0,5,2,1.2333,0.6167,1.7047,0.3916,178.7474,0.0000,0.0000,0.0000,3.2863,0.2246,160.8912,0.016,9023,0.1324,-0.0416,0.5224,1,5,0.117
179.252,0,5,2,1.2333,0.6167,1.6460,0.3549,178.5826,0.0000,0.0000,0.0000,0.1653,0.5751,-165.5880,0.006,9027,0.1268,-0.0522,0.4887,1,5,0.117
179.350,0,5,2,1.2333,0.6167,1.6087,0.2764,177.7448,0.0000,0.0000,0.0000,2.7809,-3.2896,52.2398,0.005,9032,0.1167,-0.0659,0.5066,1,5,0.117
179.451,0,5,2,1.2333,0.6167,1.5606,0.2501,177.4143,0.0000,0.0000,0.0000,0.2058,0.6256,-165.8329,0.020,9036,0.0268,-0.0735,0.4914,1,5,0.118
179.550,0,5,2,1.2333,0.6167,1.5276,0.1753,176.7745,0.0000,0.0000,0.0000,2.1665,-4.0307,29.9048,0.025,9041,0.0153,-0.0823,0.5305,1,5,0.117
179.650,0,5,2,1.2333,0.6167,1.5008,0.1432,176.9113,0.0000,0.0000,0.0000,0.1770,0.6400,-165.6191,0.015,9044,0.0091,-0.0862,0.5438,1,5,0.117
179.751,0,5,2,1.2333,0.6167,1.5023,0.0566,175.4360,0.0000,0.0000,0.0000,2.2231,-4.0189,29.9892,0.029,9047,0.0033,-0.0894,0.6213,1,5,0.117
179.850,0,5,2,1.2333,0.6167,1.4781,0.0299,175.6524,0.0000,0.0000,0.0000,0.1571,0.6562,-165.0052,0.019,9050,-0.0015,-0.0917,0.6358,1,5,0.117
179.951,0,5,2,1.2333,0.6167,1.4837,-0.0514,174.5897,0.0000,0.0000,0.0000,2.2887,-3.9832,30.8082,0.031,9053,-0.0049,-0.0931,0.7134,1,5,0.117
180.051,0,5,2,1.2333,0.6167,1.4617,-0.0736,174.8364,0.0000,0.0000,0.0000,0.1459,0.6759,-164.0005,0.015,9056,-0.0070,-0.0944,0.7271,1,5,0.120
180.152,0,5,2,1.2333,0.6167,1.4702,-0.1520,173.7911,0.0000,0.0000,0.0000,2.3394,-4.0202,29.9670,0.023,9059,-0.0105,-0.0951,0.8043,1,5,0.117
180.252,0,5,2,1.2333,0.6167,1.4492,-0.1683,174.1844,0.0000,0.0000,0.0000,0.0362,0.7676,-166.5848,0.020,9062,-0.0134,-0.0960,0.8141,1,5,0.117
180.350,0,5,2,1.2333,0.6167,1.4783,-0.2547,172.7666,0.0000,0.0000,0.0000,2.4620,-3.9912,30.9510,0.025,9064,0.0701,-0.0958,0.9051,1,5,0.117
180.449,0,5,2,1.2333,0.6167,1.4880,-0.2925,172.6574,0.0000,0.0000,0.0000,2.5007,-3.9641,31.4388,0.043,9065,0.0700,-0.0958,0.9442,1,5,0.117
180.549,0,5,2,1.2333,0.6167,1.4985,-0.3299,172.5660,0.0000,0.0000,0.0000,2.5507,-3.9324,32.0797,0.068,9066,0.0700,-0.0958,0.9830,1,5,0.117
180.653,0,5,2,1.2333,0.6167,1.5071,-0.4002,171.7993,0.0000,0.0000,0.0000,0.0821,0.6430,-157.0571,0.003,9070,0.0691,-0.0961,1.0531,1,5,0.117
180.751,0,5,2,1.2333,0.6167,1.4993,-0.4530,171.5243,0.0000,0.0000,0.0000,0.0798,0.6389,-156.4013,0.011,9073,0.0672,-0.0966,1.1023,1,5,0.117
180.849,0,5,2,1.2333,0.6167,1.4750,-0.4582,172.6031,0.0000,0.0000,0.0000,0.0748,0.6301,-154.8063,0.011,9076,0.0650,-0.0972,1.1016,1,5,0.117
180.952,0,5,2,1.2333,0.6167,1.4495,-0.4330,174.3002,0.0000,0.0000,0.0000,0.0459,0.6697,-152.9889,0.054,9077,0.0633,-0.0976,1.0717,1,5,0.117
181.050,0,5,2,1.2333,0.6167,1.3819,-0.3853,177.0172,0.0000,0.0000,0.0000,-0.4095,0.9183,-140.0555,0.025,9080,0.0578,-0.0987,1.0129,1,5,0.117
181.149,0,5,2,1.2333,0.6167,1.3157,-0.3419,178.9420,0.0000,0.0000,0.0000,-0.0320,0.4436,-145.2615,0.023,9083,-0.0313,-0.0995,0.9621,1,5,0.117
181.249,0,5,2,1.2333,0.6167,1.2488,-0.2902,-179.1893,0.0000,0.0000,0.0000,-0.3886,0.9069,-140.1815,0.024,9086,-0.0382,-0.0999,0.9070,1,5,0.117
181.352,0,5,2,1.2333,0.6167,1.1990,-0.2537,-177.6885,0.0000,0.0000,0.0000,0.2135,0.1985,-134.8606,0.030,9089,-0.0438,-0.1000,0.8711,1,5,0.117
181.449,0,5,2,1.2333,0.6167,1.1265,-0.1955,-176.2080,0.0000,0.0000,0.0000,-0.0621,0.8380,-156.3839,0.015,9093,-0.0529,-0.0993,0.8192,1,5,0.117
181.550,0,5,2,1.2333,0.6167,1.0685,-0.1485,-175.2429,0.0000,0.0000,0.0000,0.2152,0.1967,-135.0314,0.025,9097,-0.0610,-0.0981,0.7827,1,5,0.117
181.650,0,5,2,1.2333,0.6167,0.9898,-0.0834,-174.4579,0.0000,0.0000,0.0000,-0.0516,0.8587,-157.5088,0.019,9102,0.0070,-0.0791,0.7413,1,5,0.117
181.752,0,5,2,1.2333,0.6167,0.9414,-0.0484,-173.8839,0.0000,0.0000,0.0000,0.2282,0.1625,-135.0380,0.011,9106,-0.0004,-0.0763,0.7263,1,5,0.117
181.851,0,5,2,1.2333,0.6167,0.8825,0.0022,-173.8988,0.0000,0.0000,0.0000,-0.0362,0.8565,-158.9236,0.005,9111,-0.0098,-0.0718,0.7076,1,5,0.117
181.949,0,5,2,1.2333,0.6167,0.8259,0.0392,-174.1150,0.0000,0.0000,0.0000,-0.6881,0.4290,-140.7783,0.009,9115,-0.0180,-0.0668,0.7067,1,5,0.117
182.050,0,5,2,1.2333,0.6167,0.7873,0.0689,-174.2594,0.0000,0.0000,0.0000,-0.0214,0.8549,-160.6686,0.003,9120,-0.0235,-0.0627,0.7064,1,5,0.117
182.152,0,5,2,1.2333,0.6167,0.7175,0.1209,-174.0374,0.0000,0.0000,0.0000,-0.4776,0.5755,-148.0945,0.017,9124,-0.0326,-0.0546,0.7154,1,5,0.117
182.250,0,5,2,1.2333,0.6167,0.6717,0.1643,-174.1857,0.0000,0.0000,0.0000,-0.0033,0.8596,-162.4448,0.018,9129,-0.0385,-0.0481,0.7211,1,5,0.117
182.350,0,5,2,1.2333,0.6167,0.6330,0.1954,-174.5336,0.0000,0.0000,0.0000,-0.0229,0.7985,-160.8606,0.003,9134,-0.0426,-0.0429,0.7334,1,5,0.117
182.451,0,5,2,1.2333,0.6167,0.5947,0.2339,-174.8039,0.0000,0.0000,0.0000,0.0133,0.8638,-164.3858,0.019,9138,-0.0466,-0.0369,0.7445,1,5,0.117
182.549,0,5,2,1.2333,0.6167,0.5636,0.2617,-174.9398,0.0000,0.0000,0.0000,-0.2814,0.6745,-156.6103,0.026,9142,-0.0492,-0.0324,0.7580,1,5,0.117
182.651,0,5,2,1.2333,0.6167,0.5325,0.2961,-175.1848,0.0000,0.0000,0.0000,0.0228,0.8717,-166.0647,0.021,9147,-0.0519,-0.0272,0.7706,1,5,0.117
182.751,0,5,2,1.2333,0.6167,0.5062,0.3201,-175.6013,0.0000,0.0000,0.0000,-0.2761,0.6737,-158.3421,0.024,9151,-0.0536,-0.0234,0.7852,1,5,0.117
182.850,0,5,2,1.2333,0.6167,0.4806,0.3509,-175.9052,0.0000,0.0000,0.0000,0.0423,0.8750,-167.7775,0.022,9156,-0.0554,-0.0190,0.7983,1,5,0.117
182.949,0,5,2,1.2333,0.6167,0.4632,0.3714,-176.3497,0.0000,0.0000,0.0000,0.0106,0.8484,-167.2893,0.002,9161,-0.0564,-0.0160,0.8083,1,5,0.117
183.050,0,5,2,1.2333,0.6167,0.4439,0.3985,-176.7786,0.0000,0.0000,0.0000,0.0591,0.8834,-169.6664,0.019,9165,-0.0576,-0.0123,0.8190,1,5,0.117
183.150,0,5,2,1.2333,0.6167,0.4296,0.4167,-177.1051,0.0000,0.0000,0.0000,-0.0300,0.6760,-166.4848,0.014,9169,-0.0583,-0.0098,0.8283,1,5,0.117
183.250,0,5,2,1.2333,0.6167,0.4167,0.4360,-177.3261,0.0000,0.0000,0.0000,0.0249,0.8653,-169.5486,0.030,9173,-0.0589,-0.0073,0.8364,1,5,0.117
183.350,0,5,2,1.2333,0.6167,0.4056,0.4545,-177.5011,0.0000,0.0000,0.0000,0.0807,0.8937,-171.6247,0.040,9177,-0.0595,-0.0049,0.8435,1,5,0.117
183.449,0,5,2,1.2333,0.6167,0.3900,0.4742,-177.5657,0.0000,0.0000,0.0000,0.0941,0.8809,-171.7873,0.012,9182,-0.0600,-0.0024,0.8553,1,5,0.117
183.551,0,5,2,1.2333,0.6167,0.3760,0.4925,-177.7506,0.0000,0.0000,0.0000,-0.0173,0.6794,-168.6759,0.015,9187,-0.0604,-0.0001,0.8663,1,5,0.117
183.651,0,5,2,1.2333,0.6167,0.3635,0.5124,-177.9145,0.0000,0.0000,0.0000,0.1100,0.8936,-173.2582,0.017,9192,-0.0607,0.0024,0.8761,1,5,0.117
183.750,0,5,2,1.2333,0.6167,0.3574,0.5287,-178.2751,0.0000,0.0000,0.0000,0.1268,0.8785,-176.5484,0.030,9196,-0.0610,0.0043,0.8804,1,5,0.117
183.850,0,5,2,1.2333,0.6167,0.3486,0.5482,-178.5491,0.0000,0.0000,0.0000,0.1257,0.8867,-173.9691,0.019,9201,-0.0612,0.0065,0.8874,1,5,0.117
183.950,0,5,2,1.2333,0.6167,0.3439,0.5624,-178.7273,0.0000,0.0000,0.0000,0.1299,0.8749,-177.4217,0.030,9205,-0.0614,0.0082,0.8911,1,5,0.117
184.050,0,5,2,1.2333,0.6167,0.3362,0.5796,-178.8740,0.0000,0.0000,0.0000,0.1432,0.8813,-174.7197,0.019,9210,-0.0615,0.0101,0.8979,1,5,0.117
184.149,0,5,2,1.2333,0.6167,0.3319,0.5919,-179.1618,0.0000,0.0000,0.0000,0.1331,0.8679,-177.9428,0.025,9214,-0.0616,0.0115,0.9018,1,5,0.117
184.251,0,5,2,1.2333,0.6167,0.3263,0.6074,-179.2834,0.0000,0.0000,0.0000,0.1601,0.8809,-175.5684,0.021,9219,-0.0616,0.0132,0.9071,1,5,0.117
184.352,0,5,2,1.2333,0.6167,0.3239,0.6189,-179.3473,0.0000,0.0000,0.0000,0.1627,0.9038,-179.8448,0.035,9223,-0.0616,0.0145,0.9094,1,5,0.117
184.450,0,5,2,1.2333,0.6167,0.3203,0.6300,-179.4787,0.0000,0.0000,0.0000,0.0304,0.9226,-173.7142,0.028,9227,-0.0617,0.0157,0.9132,1,5,0.117
184.551,0,5,2,1.2333,0.6167,0.3169,0.6427,-179.4674,0.0000,0.0000,0.0000,0.1676,0.8960,179.6741,0.014,9232,-0.0617,0.0171,0.9168,1,5,0.117
184.650,0,5,2,1.2333,0.6167,0.3137,0.6525,-179.5615,0.0000,0.0000,0.0000,0.0324,0.9240,-173.8894,0.010,9236,-0.0616,0.0181,0.9203,1,5,0.117
184.750,0,5,2,1.2333,0.6167,0.3137,0.6591,-179.7238,0.0000,0.0000,0.0000,0.1778,0.8916,179.4356,0.016,9239,-0.0616,0.0189,0.9206,1,5,0.117
184.850,0,5,2,1.2333,0.6167,0.3121,0.6658,-179.8464,0.0000,0.0000,0.0000,0.0372,0.9269,-174.3172,0.022,9242,-0.0616,0.0196,0.9226,1,5,0.117
184.951,0,5,2,1.2333,0.6167,0.3122,0.6718,-179.9290,0.0000,0.0000,0.0000,0.1809,0.8864,179.1037,0.029,9245,-0.0616,0.0202,0.9228,1,5,0.117
185.052,0,5,2,1.2333,0.6167,0.3090,0.6758,-179.9653,0.0000,0.0000,0.0000,0.0390,0.9279,-174.4412,0.036,9248,-0.0615,0.0206,0.9262,1,5,0.117
185.151,0,5,2,1.2333,0.6167,0.3079,0.6792,-179.9683,0.0000,0.0000,0.0000,0.2048,0.8984,178.0437,0.030,9251,-0.0659,0.0051,0.9275,1,5,0.132
185.250,0,5,2,1.2333,0.6167,0.3075,0.6806,-179.9245,0.0000,0.0000,0.0000,0.3349,0.1454,-156.5287,0.020,9255,-0.1290,0.0173,0.9280,1,5,0.137
185.352,0,5,2,1.2333,0.6167,0.3129,0.6812,-179.8181,0.0000,0.0000,0.0000,0.0429,0.9302,-174.6960,0.003,9260,-0.1382,0.0213,0.9227,1,5,0.117
185.450,0,5,2,1.2333,0.6167,0.3193,0.6763,-179.4060,0.0000,0.0000,0.0000,0.3423,0.1737,-157.5077,0.014,9264,-0.1382,0.0208,0.9160,1,5,0.117
185.551,0,5,2,1.2333,0.6167,0.3288,0.6764,-179.4920,0.0000,0.0000,0.0000,0.2431,0.8874,177.7823,0.031,9268,-0.1382,0.0208,0.9065,1,5,0.117
185.651,0,5,2,1.2333,0.6167,0.3369,0.6825,-179.6637,0.0000,0.0000,0.0000,0.1237,0.9212,-175.8161,0.037,9271,-0.1382,0.0216,0.8988,1,5,0.117
185.750,0,5,2,1.2333,0.6167,0.3466,0.6878,179.8884,0.0000,0.0000,0.0000,0.2702,0.8840,177.0701,0.031,9274,-0.0705,0.0357,0.8896,1,5,0.117
185.850,0,5,2,1.2333,0.6167,0.3490,0.6960,179.7954,0.0000,0.0000,0.0000,0.3089,0.8469,-178.9595,0.008,9279,-0.0704,0.0367,0.8879,1,5,0.117
185.950,0,5,2,1.2333,0.6167,0.3521,0.6993,179.6770,0.0000,0.0000,0.0000,0.2821,0.8784,176.4546,0.018,9282,-0.0704,0.0370,0.8851,1,5,0.117
186.050,0,5,2,1.2333,0.6167,0.3533,0.7031,179.5390,0.0000,0.0000,0.0000,0.1293,0.9246,-176.2921,0.011,9285,-0.0703,0.0375,0.8843,1,5,0.117
186.153,0,5,2,1.2333,0.6167,0.3572,0.7040,179.4016,0.0000,0.0000,0.0000,0.2978,0.8716,175.8572,0.004,9288,-0.0703,0.0376,0.8805,1,5,0.117
186.251,0,5,2,1.2333,0.6167,0.3620,0.7033,179.4114,0.0000,0.0000,0.0000,0.3470,0.3537,-165.5343,0.019,9291,-0.1380,0.0241,0.8757,1,5,0.117
186.350,0,5,2,1.2333,0.6167,0.3685,0.7061,179.3371,0.0000,0.0000,0.0000,0.3099,0.8728,175.6040,0.024,9296,-0.1380,0.0245,0.8694,1,5,0.117
186.450,0,5,2,1.2333,0.6167,0.3747,0.7083,179.2760,0.0000,0.0000,0.0000,0.3021,0.8066,178.0609,0.017,9301,-0.1379,0.0249,0.8636,1,5,0.117
186.550,0,5,2,1.2333,0.6167,0.3829,0.7066,179.3926,0.0000,0.0000,0.0000,0.2335,0.6849,-178.5469,0.030,9304,-0.1379,0.0248,0.8552,1,5,0.117
186.650,0,5,2,1.2333,0.6167,0.3944,0.7059,179.1046,0.0000,0.0000,0.0000,0.3306,0.8121,177.5049,0.019,9307,-0.1379,0.0248,0.8437,1,5,0.117
186.751,0,5,2,1.2333,0.6167,0.4042,0.7040,179.1281,0.0000,0.0000,0.0000,0.2677,0.6815,-178.9278,0.029,9310,-0.1379,0.0247,0.8337,1,5,0.117
186.850,0,5,2,1.2333,0.6167,0.4150,0.7036,178.8807,0.0000,0.0000,0.0000,0.3589,0.8149,176.8862,0.018,9313,-0.0996,0.0504,0.8230,1,5,0.117
186.952,0,5,2,1.2333,0.6167,0.4222,0.6998,178.7828,0.0000,0.0000,0.0000,0.2934,0.6773,-179.1690,0.032,9316,-0.0996,0.0501,0.8154,1,5,0.117
187.052,0,5,2,1.2333,0.6167,0.4297,0.6972,178.8578,0.0000,0.0000,0.0000,0.3858,0.8173,176.2877,0.018,9319,-0.0997,0.0498,0.8077,1,5,0.117
187.151,0,5,2,1.2333,0.6167,0.4362,0.6930,178.7809,0.0000,0.0000,0.0000,0.3154,0.6682,-179.2546,0.029,9322,-0.1380,0.0238,0.8008,1,5,0.117
187.252,0,5,2,1.2333,0.6167,0.4469,0.6908,178.6438,0.0000,0.0000,0.0000,0.3203,0.6636,-179.3525,0.045,9324,-0.1380,0.0236,0.7899,1,5,0.117
187.351,0,5,2,1.2333,0.6167,0.4579,0.6908,178.4470,0.0000,0.0000,0.0000,0.4127,0.8146,175.5753,0.047,9327,-0.1380,0.0238,0.7790,1,5,0.117
187.452,0,5,2,1.2333,0.6167,0.4683,0.6888,178.6397,0.0000,0.0000,0.0000,0.4310,0.8160,175.1923,0.003,9331,-0.1380,0.0236,0.7684,1,5,0.117
187.550,0,5,2,1.2333,0.6167,0.4781,0.6884,178.4121,0.0000,0.0000,0.0000,0.3710,0.6557,-179.7172,0.025,9334,-0.1380,0.0237,0.7587,1,5,0.117
187.651,0,5,2,1.2333,0.6167,0.4895,0.6884,178.6536,0.0000,0.0000,0.0000,0.4564,0.8176,174.6569,0.017,9337,-0.1380,0.0239,0.7473,1,5,0.117
187.752,0,5,2,1.2333,0.6167,0.5003,0.6864,178.6361,0.0000,0.0000,0.0000,0.3968,0.6494,-179.6323,0.031,9340,-0.1380,0.0237,0.7363,1,5,0.117
187.850,0,5,2,1.2333,0.6167,0.5118,0.6866,178.5010,0.0000,0.0000,0.0000,0.4786,0.8234,174.3379,0.014,9343,-0.1380,0.0239,0.7249,1,5,0.117
187.951,0,5,2,1.2333,0.6167,0.5229,0.6845,178.5951,0.0000,0.0000,0.0000,0.4248,0.6435,-179.9262,0.030,9346,-0.1380,0.0238,0.7136,1,5,0.117
188.050,0,5,2,1.2333,0.6167,0.5345,0.6847,178.4145,0.0000,0.0000,0.0000,0.5002,0.8244,173.8681,0.018,9349,-0.1380,0.0239,0.7021,1,5,0.117
188.149,0,5,2,1.2333,0.6167,0.5457,0.6826,178.4845,0.0000,0.0000,0.0000,0.4582,0.6398,-179.9738,0.026,9352,-0.1380,0.0238,0.6908,1,5,0.117
188.250,0,5,2,1.2333,0.6167,0.5577,0.6828,178.4400,0.0000,0.0000,0.0000,0.5233,0.8260,173.4120,0.015,9355,-0.1380,0.0240,0.6789,1,5,0.117
188.352,0,5,2,1.2333,0.6167,0.5689,0.6807,178.3944,0.0000,0.0000,0.0000,0.4880,0.6335,179.9125,0.030,9358,-0.1380,0.0238,0.6675,1,5,0.117
188.450,0,5,2,1.2333,0.6167,0.5808,0.6809,178.3717,0.0000,0.0000,0.0000,0.5472,0.8263,172.8730,0.015,9361,-0.1380,0.0240,0.6557,1,5,0.117
188.549,0,5,2,1.2333,0.6167,0.5918,0.6796,178.4378,0.0000,0.0000,0.0000,0.5171,0.6291,179.9277,0.003,9364,-0.1380,0.0240,0.6446,1,5,0.117
188.650,0,5,2,1.2333,0.6167,0.6040,0.6789,178.2986,0.0000,0.0000,0.0000,0.5690,0.8274,172.4275,0.008,9367,-0.1380,0.0241,0.6324,1,5,0.117
188.750,0,5,2,1.2333,0.6167,0.6157,0.6766,178.3884,0.0000,0.0000,0.0000,0.5468,0.6231,179.8604,0.011,9370,-0.1380,0.0239,0.6206,1,5,0.117
188.851,0,5,2,1.2333,0.6167,0.6274,0.6769,178.2569,0.0000,0.0000,0.0000,0.5891,0.8289,172.0542,0.006,9373,-0.1380,0.0241,0.6089,1,5,0.117
188.950,0,5,2,1.2333,0.6167,0.6391,0.6745,178.2981,0.0000,0.0000,0.0000,0.5797,0.6180,179.8476,0.026,9376,-0.1380,0.0239,0.5970,1,5,0.117
189.050,0,5,2,1.2333,0.6167,0.6510,0.6747,178.2895,0.0000,0.0000,0.0000,0.6096,0.8284,171.6133,0.017,9379,-0.1380,0.0242,0.5853,1,5,0.117
189.151,0,5,2,1.2333,0.6167,0.6629,0.6722,178.3110,0.0000,0.0000,0.0000,0.6100,0.6109,179.9336,0.030,9382,-0.1380,0.0239,0.5732,1,5,0.117
189.251,0,5,2,1.2333,0.6167,0.6747,0.6724,178.3305,0.0000,0.0000,0.0000,0.6281,0.8268,171.2087,0.019,9385,-0.1380,0.0242,0.5615,1,5,0.117
189.351,0,5,2,1.2333,0.6167,0.6865,0.6699,178.3401,0.0000,0.0000,0.0000,0.6429,0.6058,-179.9976,0.031,9388,-0.1380,0.0239,0.5494,1,5,0.117
189.450,0,5,2,1.2333,0.6167,0.7000,0.6705,178.2720,0.0000,0.0000,0.0000,0.7026,0.7604,174.2761,0.017,9391,-0.1380,0.0243,0.5360,1,5,0.117
189.551,0,5,2,1.2333,0.6167,0.7129,0.6670,178.2143,0.0000,0.0000,0.0000,0.6736,0.5997,179.9075,0.033,9394,-0.1380,0.0239,0.5229,1,5,0.117
189.651,0,5,2,1.2333,0.6167,0.7248,0.6658,178.1528,0.0000,0.0000,0.0000,0.7583,0.6959,174.7394,0.003,9398,-0.1380,0.0239,0.5109,1,5,0.117
189.751,0,5,2,1.2333,0.6167,0.7397,0.6633,178.1253,0.0000,0.0000,0.0000,0.7023,0.5941,179.8457,0.034,9400,-0.1380,0.0237,0.4959,1,5,0.117
189.850,0,5,2,1.2333,0.6167,0.7525,0.6620,178.2243,0.0000,0.0000,0.0000,0.7393,0.7584,173.3485,0.016,9403,-0.1380,0.0236,0.4829,1,5,0.117
189.951,0,5,2,1.2333,0.6167,0.7652,0.6585,178.0849,0.0000,0.0000,0.0000,0.7446,0.7583,173.2240,0.013,9406,-0.1381,0.0232,0.4700,1,5,0.117
190.051,0,5,2,1.2333,0.6167,0.7790,0.6571,178.2996,0.0000,0.0000,0.0000,0.7966,0.6727,175.1844,0.054,9408,-0.1381,0.0231,0.4561,1,5,0.117
190.152,0,5,2,1.2333,0.6167,0.7919,0.6560,178.1171,0.0000,0.0000,0.0000,0.8189,0.6650,175.5793,0.009,9412,-0.1381,0.0231,0.4431,1,5,0.117
190.250,0,5,2,1.2333,0.6167,0.8057,0.6553,178.1289,0.0000,0.0000,0.0000,0.8150,0.7208,174.5907,0.015,9415,-0.1381,0.0232,0.4294,1,5,0.117
190.351,0,5,2,1.2333,0.6167,0.8197,0.6523,178.1254,0.0000,0.0000,0.0000,0.8392,0.6544,175.7493,0.034,9418,-0.1381,0.0228,0.4152,1,5,0.117
190.451,0,5,2,1.2333,0.6167,0.8336,0.6512,178.2038,0.0000,0.0000,0.0000,0.8292,0.7206,174.2522,0.015,9421,-0.1381,0.0229,0.4013,1,5,0.117
190.550,0,5,2,1.2333,0.6167,0.8478,0.6490,178.1316,0.0000,0.0000,0.0000,0.8680,0.6452,175.8579,0.034,9424,-0.1381,0.0226,0.3868,1,5,0.117
190.650,0,5,2,1.2333,0.6167,0.8614,0.6478,178.0505,0.0000,0.0000,0.0000,0.8467,0.7176,173.8489,0.019,9427,-0.1381,0.0226,0.3733,1,5,0.117
190.750,0,5,2,1.2333,0.6167,0.8760,0.6453,178.1413,0.0000,0.0000,0.0000,0.8974,0.6369,175.8727,0.030,9430,-0.1381,0.0223,0.3585,1,5,0.117
190.851,0,5,2,1.2333,0.6167,0.8899,0.6437,178.0084,0.0000,0.0000,0.0000,0.8870,0.6960,174.6883,0.021,9433,-0.1381,0.0221,0.3445,1,5,0.117
190.951,0,5,2,1.2333,0.6167,0.9036,0.6403,178.2325,0.0000,0.0000,0.0000,0.8817,0.5630,179.8408,0.031,9436,-0.1382,0.0214,0.3306,1,5,0.117
191.049,0,5,2,1.2333,0.6167,0.9163,0.6388,178.2362,0.0000,0.0000,0.0000,0.9416,0.6180,176.5683,0.003,9440,-0.1382,0.0212,0.3178,1,5,0.117
191.150,0,5,2,1.2333,0.6167,0.9319,0.6358,178.0863,0.0000,0.0000,0.0000,0.9512,0.6147,176.7219,0.027,9442,-0.1382,0.0206,0.3020,1,5,0.117
191.251,0,5,2,1.2333,0.6167,0.9461,0.6334,178.0757,0.0000,0.0000,0.0000,0.9600,0.6115,176.5624,0.065,9444,-0.1383,0.0201,0.2877,1,5,0.117
191.350,0,5,2,1.2333,0.6167,0.9599,0.6312,178.1520,0.0000,0.0000,0.0000,0.9797,0.6078,176.5543,0.008,9448,-0.1383,0.0196,0.2738,1,5,0.117
191.450,0,5,2,1.2333,0.6167,0.9743,0.6291,178.1171,0.0000,0.0000,0.0000,0.9823,0.6587,175.8555,0.008,9451,-0.1383,0.0190,0.2594,1,5,0.117
191.550,0,5,2,1.2333,0.6167,0.9885,0.6262,178.1292,0.0000,0.0000,0.0000,1.0067,0.5977,176.8721,0.014,9454,-0.1383,0.0181,0.2450,1,5,0.117
191.651,0,5,2,1.2333,0.6167,1.0024,0.6241,178.1159,0.0000,0.0000,0.0000,0.9983,0.6537,175.4881,0.018,9457,-0.1383,0.0175,0.2310,1,5,0.117
191.749,0,5,2,1.2333,0.6167,1.0169,0.6212,178.1827,0.0000,0.0000,0.0000,1.0347,0.5888,177.1107,0.034,9460,-0.1383,0.0163,0.2165,1,5,0.117
191.850,0,5,2,1.2333,0.6167,1.0310,0.6190,178.1696,0.0000,0.0000,0.0000,1.0510,0.5836,177.3383,0.003,9464,-0.1383,0.0154,0.2023,1,5,0.117
191.950,0,5,2,1.2333,0.6167,1.0453,0.6162,178.2246,0.0000,0.0000,0.0000,1.0601,0.5819,177.4260,0.033,9466,-0.1383,0.0140,0.1880,1,5,0.117
192.050,0,5,2,1.2333,0.6167,1.0584,0.6143,178.3090,0.0000,0.0000,0.0000,1.0792,0.5765,177.6417,0.003,9470,-0.1383,0.0129,0.1750,1,5,0.117
192.151,0,5,2,1.2333,0.6167,1.0741,0.6114,178.2783,0.0000,0.0000,0.0000,1.0904,0.5753,177.7142,0.033,9472,-0.1382,0.0110,0.1594,1,5,0.117
192.249,0,5,2,1.2333,0.6167,1.0870,0.6096,178.3588,0.0000,0.0000,0.0000,1.1081,0.5723,177.8515,0.003,9476,-0.1381,0.0094,0.1465,1,5,0.117
192.350,0,5,2,1.2333,0.6167,1.1026,0.6071,178.3568,0.0000,0.0000,0.0000,1.1156,0.5684,178.1213,0.036,9478,-0.1379,0.0070,0.1311,1,5,0.117
192.451,0,5,2,1.2333,0.6167,1.1162,0.6055,178.3821,0.0000,0.0000,0.0000,1.1355,0.5658,178.2201,0.003,9482,-0.1297,0.0045,0.1177,1,5,0.117
192.550,0,5,2,1.2333,0.6167,1.1309,0.6032,178.4253,0.0000,0.0000,0.0000,1.1437,0.5641,178.1623,0.034,9484,-0.1135,0.0010,0.1033,1,5,0.117
192.653,0,5,2,1.2333,0.6167,1.1431,0.6019,178.4700,0.0000,0.0000,0.0000,1.1889,0.5748,-179.9430,0.002,9487,-0.1012,-0.0012,0.0915,1,5,0.117
192.750,0,5,2,1.2333,0.6167,1.1577,0.5983,178.5032,0.0000,0.0000,0.0000,1.1710,0.5626,178.4166,0.019,9491,-0.0842,-0.0058,0.0779,1,5,0.117
192.853,0,5,2,1.2333,0.6167,1.1725,0.5943,178.3749,0.0000,0.0000,0.0000,1.2103,0.5759,179.8706,0.018,9496,0.0000,0.0000,0.0648,1,5,0.117
192.950,0,5,2,1.2333,0.6167,1.1790,0.5917,178.4017,0.0000,0.0000,0.0000,1.1900,0.5608,178.4210,0.028,9500,0.0000,0.0000,0.0598,1,5,0.117
193.053,0,5,2,1.2333,0.6167,1.1832,0.5894,178.3523,0.0000,0.0000,0.0000,1.1925,0.5596,178.6514,0.003,9505,0.0000,0.0000,0.0570,1,5,0.117
193.150,0,5,2,1.2333,0.6167,1.1888,0.5857,178.3003,0.0000,0.0000,0.0000,1.1925,0.5597,178.6533,0.030,9509,0.0000,0.0000,0.0542,1,5,0.117
193.249,0,5,2,1.2333,0.6167,1.1942,0.5826,178.2552,0.0000,0.0000,0.0000,1.1924,0.5596,178.6490,0.003,9515,0.0000,0.0000,0.0519,1,5,0.117
193.351,0,5,2,1.2333,0.6167,1.1968,0.5807,178.2366,0.0000,0.0000,0.0000,1.1924,0.5596,178.6493,0.036,9518,0.0000,0.0000,0.0513,1,5,0.117
193.451,0,5,2,1.2333,0.6167,1.2015,0.5768,178.1791,0.0000,0.0000,0.0000,1.1924,0.5596,178.6497,0.003,9524,0.0000,0.0000,0.0511,1,5,0.117
193.552,0,5,2,1.2333,0.6167,1.2037,0.5756,178.1765,0.0000,0.0000,0.0000,1.3914,0.5062,175.4866,0.003,9528,0.0000,0.0000,0.0507,1,5,0.117
193.649,0,5,2,1.2333,0.6167,1.2082,0.5738,178.1582,0.0000,0.0000,0.0000,1.1924,0.5597,178.6498,0.003,9533,0.0000,0.0000,0.0497,1,5,0.117
193.749,0,5,2,1.2333,0.6167,1.2098,0.5713,178.1346,0.0000,0.0000,0.0000,1.1924,0.5597,178.6503,0.037,9536,0.0000,0.0000,0.0512,1,5,0.117
193.850,0,5,2,1.2333,0.6167,1.2133,0.5684,178.1090,0.0000,0.0000,0.0000,1.1924,0.5597,178.6498,0.003,9542,0.0000,0.0000,0.0523,1,5,0.117
193.953,0,5,2,1.2333,0.6167,1.2150,0.5679,178.1116,0.0000,0.0000,0.0000,1.3836,0.5207,175.7513,0.003,9546,0.0000,0.0000,0.0521,0,6,0.117
194.051,0,5,2,1.2333,0.6167,1.2185,0.5649,178.0755,0.0000,0.0000,0.0000,1.3814,0.3579,173.8667,0.031,9549,0.0000,0.0000,0.0538,0,6,0.117
194.149,0,5,2,1.2333,0.6167,1.2199,0.5643,178.0921,0.0000,0.0000,0.0000,1.1923,0.5596,178.6488,0.013,9554,0.0000,0.0000,0.0541,0,6,0.117
194.253,0,5,2,1.2333,0.6167,1.2233,0.5629,178.0626,0.0000,0.0000,0.0000,1.3884,0.4970,175.4216,0.014,9558,0.0000,0.0000,0.0547,0,6,0.117
194.351,0,5,2,1.2333,0.6167,1.2244,0.5624,178.0846,0.0000,0.0000,0.0000,1.3884,0.4970,175.4236,0.019,9563,0.0000,0.0000,0.0550,0,6,0.117
194.452,0,5,2,1.2333,0.6167,1.2275,0.5613,178.0768,0.0000,0.0000,0.0000,1.1923,0.5597,178.6514,0.002,9569,0.0000,0.0000,0.0557,0,6,0.117
194.549,0,5,2,1.2333,0.6167,1.2284,0.5607,178.0812,0.0000,0.0000,0.0000,1.1923,0.5597,178.6513,0.036,9572,0.0000,0.0000,0.0562,0,6,0.117
194.649,0,5,2,1.2333,0.6167,1.2311,0.5583,178.0603,0.0000,0.0000,0.0000,1.1924,0.5597,178.6504,0.002,9578,0.0000,0.0000,0.0584,0,6,0.117
194.752,0,5,2,1.2333,0.6167,1.2318,0.5580,178.0700,0.0000,0.0000,0.0000,1.1924,0.5597,178.6509,0.037,9581,0.0000,0.0000,0.0587,0,6,0.117
194.850,0,5,2,1.2333,0.6167,1.2344,0.5574,178.0688,0.0000,0.0000,0.0000,1.1924,0.5597,178.6515,0.003,9587,0.0000,0.0000,0.0593,0,6,0.117
194.950,0,5,2,1.2333,0.6167,1.2349,0.5572,178.0768,0.0000,0.0000,0.0000,1.3824,0.5107,175.6485,0.003,9591,0.0000,0.0000,0.0595,0,6,0.117
195.049,0,5,2,1.2333,0.6167,1.2373,0.5567,178.0771,0.0000,0.0000,0.0000,1.1924,0.5597,178.6493,0.003,9596,0.0000,0.0000,0.0601,0,6,0.117
195.150,0,5,2,1.2333,0.6167,1.2377,0.5564,178.0818,0.0000,0.0000,0.0000,1.1923,0.5597,178.6511,0.035,9599,0.0000,0.0000,0.0604,0,6,0.117
195.251,0,5,2,1.2333,0.6167,1.2394,0.5560,178.0861,0.0000,0.0000,0.0000,1.1923,0.5597,178.6505,0.006,9605,0.0000,0.0000,0.0610,0,6,0.117
195.352,0,5,2,1.2333,0.6167,1.2402,0.5558,178.0893,0.0000,0.0000,0.0000,1.3824,0.5107,175.6487,0.002,9609,0.0000,0.0000,0.0613,0,6,0.117
195.452,0,5,2,1.2333,0.6167,1.2423,0.5553,178.0881,0.0000,0.0000,0.0000,1.2235,0.5769,179.9110,0.011,9613,0.0000,0.0000,0.0620,0,6,0.117
195.551,0,5,2,1.2333,0.6167,1.2425,0.5536,178.0818,0.0000,0.0000,0.0000,1.2236,0.5769,179.9109,0.025,9617,0.0000,0.0000,0.0637,0,6,0.117
195.652,0,5,2,1.2333,0.6167,1.2448,0.5530,178.0757,0.0000,0.0000,0.0000,1.3951,0.4986,175.3633,0.007,9622,0.0000,0.0000,0.0647,0,6,0.117
195.751,0,5,2,1.2333,0.6167,1.2451,0.5528,178.0837,0.0000,0.0000,0.0000,1.1923,0.5597,178.6501,0.038,9626,0.0000,0.0000,0.0649,0,6,0.117
195.851,0,5,2,1.2333,0.6167,1.2466,0.5524,178.0814,0.0000,0.0000,0.0000,1.1923,0.5597,178.6503,0.005,9632,0.0000,0.0000,0.0657,0,6,0.117
195.952,0,5,2,1.2333,0.6167,1.2473,0.5521,178.0835,0.0000,0.0000,0.0000,1.3951,0.4986,175.3593,0.002,9636,0.0000,0.0000,0.0660,0,6,0.117
196.049,0,5,2,1.2333,0.6167,1.2493,0.5516,178.0776,0.0000,0.0000,0.0000,1.1923,0.5597,178.6491,0.003,9641,0.0000,0.0000,0.0670,0,6,0.117
196.150,0,5,2,1.2333,0.6167,1.2494,0.5515,178.0862,0.0000,0.0000,0.0000,1.1923,0.5597,178.6496,0.036,9644,0.0000,0.0000,0.0671,0,6,0.117
196.249,0,5,2,1.2333,0.6167,1.2513,0.5510,178.0814,0.0000,0.0000,0.0000,1.2236,0.5769,179.9107,0.020,9649,0.0000,0.0000,0.0681,0,6,0.117
196.352,0,5,2,1.2333,0.6167,1.2510,0.5496,178.0810,0.0000,0.0000,0.0000,1.3912,0.4974,175.3855,0.003,9654,0.0000,0.0000,0.0694,0,6,0.117
196.452,0,5,2,1.2333,0.6167,1.2527,0.5492,178.0769,0.0000,0.0000,0.0000,1.1923,0.5597,178.6495,0.003,9659,0.0000,0.0000,0.0702,0,6,0.117
196.551,0,5,2,1.2333,0.6167,1.2526,0.5492,178.0830,0.0000,0.0000,0.0000,1.3912,0.4974,175.3878,0.003,9663,0.0000,0.0000,0.0702,0,6,0.117
196.649,0,5,2,1.2333,0.6167,1.2542,0.5488,178.0783,0.0000,0.0000,0.0000,1.1923,0.5597,178.6502,0.003,9668,0.0000,0.0000,0.0710,0,6,0.117
196.750,0,5,2,1.2333,0.6167,1.2540,0.5488,178.0853,0.0000,0.0000,0.0000,1.2236,0.5769,179.9111,0.022,9671,0.0000,0.0000,0.0710,0,6,0.117
196.851,0,5,2,1.2333,0.6167,1.2560,0.5481,178.0667,0.0000,0.0000,0.0000,1.3912,0.4975,175.3908,0.037,9675,0.0000,0.0000,0.0722,0,6,0.117
196.951,0,5,2,1.2333,0.6167,1.2553,0.5484,178.0899,0.0000,0.0000,0.0000,1.1923,0.5597,178.6492,0.014,9680,0.0000,0.0000,0.0717,0,6,0.117
197.052,0,5,2,1.2333,0.6167,1.2569,0.5481,178.0855,0.0000,0.0000,0.0000,1.1923,0.5597,178.6495,0.002,9686,0.0000,0.0000,0.0725,0,6,0.117
197.150,0,5,2,1.2333,0.6167,1.2564,0.5467,178.0814,0.0000,0.0000,0.0000,1.3736,0.3729,174.1436,0.021,9689,0.0000,0.0000,0.0736,0,6,0.117
197.251,0,5,2,1.2333,0.6167,1.2577,0.5467,178.0800,0.0000,0.0000,0.0000,1.1923,0.5597,178.6489,0.002,9695,0.0000,0.0000,0.0741,0,6,0.117
197.350,0,5,2,1.2333,0.6167,1.2572,0.5469,178.0885,0.0000,0.0000,0.0000,1.3811,0.5090,175.6499,0.003,9699,0.0000,0.0000,0.0737,0,6,0.117
197.450,0,5,2,1.2333,0.6167,1.2584,0.5469,178.0873,0.0000,0.0000,0.0000,1.2236,0.5769,179.9105,0.016,9703,0.0000,0.0000,0.0741,0,6,0.117
197.550,0,5,2,1.2333,0.6167,1.2579,0.5471,178.0963,0.0000,0.0000,0.0000,1.3811,0.5090,175.6503,0.003,9708,0.0000,0.0000,0.0738,0,6,0.117
197.652,0,5,2,1.2333,0.6167,1.2584,0.5472,178.1004,0.0000,0.0000,0.0000,1.1923,0.5597,178.6491,0.007,9713,0.0000,0.0000,0.0739,0,6,0.117
197.750,0,5,2,1.2333,0.6167,1.2586,0.5472,178.1044,0.0000,0.0000,0.0000,1.1923,0.5597,178.6488,0.037,9716,0.0000,0.0000,0.0739,0,6,0.117
197.850,0,5,2,1.2333,0.6167,1.2597,0.5472,178.1030,0.0000,0.0000,0.0000,1.1923,0.5597,178.6501,0.003,9722,0.0000,0.0000,0.0743,0,6,0.117
197.951,0,5,2,1.2333,0.6167,1.2592,0.5474,178.1115,0.0000,0.0000,0.0000,1.3812,0.5090,175.6487,0.003,9726,0.0000,0.0000,0.0740,0,6,0.117
198.051,0,5,2,1.2333,0.6167,1.2607,0.5470,178.0969,0.0000,0.0000,0.0000,1.3812,0.5090,175.6472,0.036,9729,0.0000,0.0000,0.0748,0,6,0.117
198.150,0,5,2,1.2333,0.6167,1.2604,0.5474,178.1157,0.0000,0.0000,0.0000,1.1923,0.5597,178.6490,0.014,9734,0.0000,0.0000,0.0744,0,6,0.117
198.249,0,5,2,1.2333,0.6167,1.2599,0.5475,178.1227,0.0000,0.0000,0.0000,1.3812,0.5090,175.6480,0.003,9739,0.0000,0.0000,0.0741,0,6,0.117
198.350,0,5,2,1.2333,0.6167,1.2602,0.5476,178.1267,0.0000,0.0000,0.0000,1.1923,0.5597,178.6489,0.019,9743,0.0000,0.0000,0.0741,0,6,0.117
198.450,0,5,2,1.2333,0.6167,1.2613,0.5475,178.1235,0.0000,0.0000,0.0000,1.1923,0.5597,178.6479,0.003,9749,0.0000,0.0000,0.0746,0,6,0.117
198.551,0,5,2,1.2333,0.6167,1.2606,0.5463,178.1202,0.0000,0.0000,0.0000,1.3939,0.5057,175.4618,0.003,9753,0.0000,0.0000,0.0755,0,6,0.117
198.651,0,5,2,1.2333,0.6167,1.2611,0.5464,178.1203,0.0000,0.0000,0.0000,1.1923,0.5597,178.6492,0.007,9758,0.0000,0.0000,0.0756,0,6,0.117
198.750,0,5,2,1.2333,0.6167,1.2614,0.5464,178.1218,0.0000,0.0000,0.0000,1.1923,0.5597,178.6491,0.035,9761,0.0000,0.0000,0.0756,0,6,0.117
198.851,0,5,2,1.2333,0.6167,1.2626,0.5464,178.1172,0.0000,0.0000,0.0000,1.1923,0.5597,178.6489,0.005,9767,0.0000,0.0000,0.0762,0,6,0.117
198.953,0,5,2,1.2333,0.6167,1.2632,0.5448,178.0948,0.0000,0.0000,0.0000,1.3809,0.5058,175.6038,0.002,9771,0.0000,0.0000,0.0778,0,6,0.117
199.050,0,5,2,1.2333,0.6167,1.2621,0.5454,178.1165,0.0000,0.0000,0.0000,1.1923,0.5597,178.6489,0.005,9776,0.0000,0.0000,0.0769,0,6,0.117
199.149,0,5,2,1.2333,0.6167,1.2627,0.5450,178.1132,0.0000,0.0000,0.0000,1.1923,0.5597,178.6490,0.034,9779,0.0000,0.0000,0.0774,0,6,0.117
199.250,0,5,2,1.2333,0.6167,1.2604,0.5460,178.1563,0.0000,0.0000,0.0000,1.1923,0.5597,178.6491,0.006,9783,0.0000,0.0000,0.0757,0,6,0.117
199.349,0,5,2,1.2333,0.6167,1.2592,0.5465,178.1782,0.0000,0.0000,0.0000,1.1923,0.5597,178.6485,0.036,9785,0.0000,0.0000,0.0748,0,6,0.117
199.450,0,5,2,1.2333,0.6167,1.2577,0.5473,178.2158,0.0000,0.0000,0.0000,1.2236,0.5769,179.9099,0.005,9788,0.0000,0.0000,0.0735,0,6,0.117
199.550,0,5,2,1.2333,0.6167,1.2559,0.5479,178.2440,0.0000,0.0000,0.0000,1.2236,0.5769,179.9103,0.018,9791,0.0000,0.0000,0.0723,0,6,0.117
199.650,0,5,2,1.2333,0.6167,1.2544,0.5487,178.2785,0.0000,0.0000,0.0000,1.2236,0.5770,179.9106,0.014,9794,0.0000,0.0000,0.0711,0,6,0.117
199.751,0,5,2,1.2333,0.6167,1.2526,0.5493,178.3034,0.0000,0.0000,0.0000,1.1923,0.5597,178.6476,0.030,9797,0.0000,0.0000,0.0701,0,6,0.117
199.851,0,5,2,1.2333,0.6167,1.2506,0.5502,178.3406,0.0000,0.0000,0.0000,1.1923,0.5598,178.6496,0.005,9801,0.0000,0.0000,0.0687,0,6,0.117
199.950,0,5,2,1.2333,0.6167,1.2496,0.5506,178.3609,0.0000,0.0000,0.0000,1.1923,0.5597,178.6487,0.036,9803,0.0000,0.0000,0.0681,0,6,0.117
200.051,0,5,2,1.2333,0.6167,1.2483,0.5513,178.3957,0.0000,0.0000,0.0000,1.1923,0.5597,178.6479,0.005,9807,0.0000,0.0000,0.0671,0,6,0.117
200.149,0,5,2,1.2333,0.6167,1.2467,0.5518,178.4182,0.0000,0.0000,0.0000,1.1923,0.5597,178.6476,0.033,9809,0.0000,0.0000,0.0662,0,6,0.117
200.251,0,5,2,1.2333,0.6167,1.2455,0.5525,178.4514,0.0000,0.0000,0.0000,1.1923,0.5597,178.6479,0.003,9813,0.0000,0.0000,0.0653,0,6,0.117
200.351,0,5,2,1.2333,0.6167,1.2440,0.5530,178.4744,0.0000,0.0000,0.0000,1.1923,0.5597,178.6486,0.034,9815,0.0000,0.0000,0.0646,0,6,0.117
200.449,0,5,2,1.2333,0.6167,1.2429,0.5536,178.5061,0.0000,0.0000,0.0000,1.1923,0.5597,178.6478,0.003,9819,0.0000,0.0000,0.0638,0,6,0.117
200.549,0,5,2,1.2333,0.6167,1.2415,0.5540,178.5249,0.0000,0.0000,0.0000,1.1923,0.5597,178.6481,0.033,9821,0.0000,0.0000,0.0632,0,6,0.117
200.650,0,5,2,1.2333,0.6167,1.2404,0.5547,178.5565,0.0000,0.0000,0.0000,1.1923,0.5597,178.6477,0.003,9825,0.0000,0.0000,0.0624,0,6,0.117
200.750,0,5,2,1.2333,0.6167,1.2391,0.5551,178.5750,0.0000,0.0000,0.0000,1.1923,0.5597,178.6484,0.039,9827,0.0000,0.0000,0.0619,0,6,0.117
200.850,0,5,2,1.2333,0.6167,1.2383,0.5554,178.5933,0.0000,0.0000,0.0000,1.2236,0.5770,179.9104,0.003,9830,0.0000,0.0000,0.0615,0,6,0.117
200.950,0,5,2,1.2333,0.6167,1.2368,0.5560,178.6236,0.0000,0.0000,0.0000,1.1923,0.5597,178.6474,0.015,9833,0.0000,0.0000,0.0607,0,6,0.117
201.051,0,5,2,1.2333,0.6167,1.2361,0.5563,178.6409,0.0000,0.0000,0.0000,1.1923,0.5597,178.6478,0.061,9835,0.0000,0.0000,0.0604,0,6,0.117
201.150,0,5,2,1.2333,0.6167,1.2347,0.5569,178.6697,0.0000,0.0000,0.0000,1.1923,0.5597,178.6478,0.027,9839,0.0000,0.0000,0.0598,0,6,0.117
201.251,0,5,2,1.2333,0.6167,1.2334,0.5575,178.6982,0.0000,0.0000,0.0000,1.1923,0.5597,178.6478,0.008,9843,0.0000,0.0000,0.0592,0,6,0.117
201.350,0,5,2,1.2333,0.6167,1.2327,0.5578,178.7138,0.0000,0.0000,0.0000,1.1923,0.5597,178.6485,0.037,9845,0.0000,0.0000,0.0589,0,6,0.117
201.449,0,5,2,1.2333,0.6167,1.2320,0.5583,178.7403,0.0000,0.0000,0.0000,1.1923,0.5597,178.6477,0.003,9849,0.0000,0.0000,0.0584,0,6,0.117
201.550,0,5,2,1.2333,0.6167,1.2309,0.5585,178.7549,0.0000,0.0000,0.0000,1.1923,0.5597,178.6477,0.036,9851,0.0000,0.0000,0.0582,0,6,0.117
201.648,0,5,2,1.2333,0.6167,1.2302,0.5590,178.7789,0.0000,0.0000,0.0000,1.1923,0.5597,178.6474,0.003,9855,0.0000,0.0000,0.0577,0,6,0.117
201.752,0,5,2,1.2333,0.6167,1.2292,0.5592,178.7938,0.0000,0.0000,0.0000,1.1923,0.5597,178.6470,0.038,9857,0.0000,0.0000,0.0576,0,6,0.117
201.849,0,5,2,1.2333,0.6167,1.2286,0.5597,178.8182,0.0000,0.0000,0.0000,1.1923,0.5598,178.6487,0.002,9861,0.0000,0.0000,0.0572,0,6,0.117
201.949,0,5,2,1.2333,0.6167,1.2276,0.5599,178.8297,0.0000,0.0000,0.0000,1.1923,0.5597,178.6485,0.036,9863,0.0000,0.0000,0.0570,0,6,0.117
202.050,0,5,2,1.2333,0.6167,1.2266,0.5603,178.8517,0.0000,0.0000,0.0000,1.1923,0.5597,178.6482,0.005,9867,0.0000,0.0000,0.0567,0,6,0.117
202.150,0,5,2,1.2333,0.6167,1.2262,0.5605,178.8670,0.0000,0.0000,0.0000,1.1923,0.5597,178.6484,0.015,9869,0.0000,0.0000,0.0566,0,6,0.117
202.251,0,5,2,1.2333,0.6167,1.2257,0.5610,178.8893,0.0000,0.0000,0.0000,1.2236,0.5769,179.9096,0.009,9872,0.0000,0.0000,0.0562,0,6,0.117
202.350,0,5,2,1.2333,0.6167,1.2248,0.5611,178.8993,0.0000,0.0000,0.0000,1.2236,0.5769,179.9097,0.020,9875,0.0000,0.0000,0.0562,0,6,0.117
202.450,0,5,2,1.2333,0.6167,1.2243,0.5615,178.9215,0.0000,0.0000,0.0000,1.2236,0.5769,179.9094,0.014,9878,0.0000,0.0000,0.0559,0,6,0.117
202.550,0,5,2,1.2333,0.6167,1.2235,0.5617,178.9305,0.0000,0.0000,0.0000,1.1923,0.5597,178.6466,0.036,9881,0.0000,0.0000,0.0559,0,6,0.117
202.650,0,5,2,1.2333,0.6167,1.2227,0.5620,178.9471,0.0000,0.0000,0.0000,1.1923,0.5597,178.6475,0.005,9885,0.0000,0.0000,0.0557,0,6,0.117
202.751,0,5,2,1.2333,0.6167,1.2223,0.5622,178.9578,0.0000,0.0000,0.0000,1.1923,0.5597,178.6474,0.038,9887,0.0000,0.0000,0.0556,0,6,0.117
202.850,0,5,2,1.2333,0.6167,1.2220,0.5625,178.9769,0.0000,0.0000,0.0000,1.1923,0.5597,178.6478,0.003,9891,0.0000,0.0000,0.0553,0,6,0.117
202.950,0,5,2,1.2333,0.6167,1.2213,0.5626,178.9845,0.0000,0.0000,0.0000,1.1923,0.5597,178.6477,0.036,9893,0.0000,0.0000,0.0554,0,6,0.117
203.050,0,5,2,1.2333,0.6167,1.2210,0.5630,179.0051,0.0000,0.0000,0.0000,1.1923,0.5597,178.6478,0.003,9897,0.0000,0.0000,0.0551,0,6,0.117
203.149,0,5,2,1.2333,0.6167,1.2203,0.5630,179.0127,0.0000,0.0000,0.0000,1.1923,0.5597,178.6478,0.033,9899,0.0000,0.0000,0.0552,0,6,0.117
203.249,0,5,2,1.2333,0.6167,1.2200,0.5634,179.0319,0.0000,0.0000,0.0000,1.1923,0.5597,178.6478,0.003,9903,0.0000,0.0000,0.0549,0,6,0.117
203.350,0,5,2,1.2333,0.6167,1.2193,0.5634,179.0389,0.0000,0.0000,0.0000,1.1923,0.5597,178.6473,0.037,9905,0.0000,0.0000,0.0550,0,6,0.117
203.452,0,5,2,1.2333,0.6167,1.2191,0.5637,179.0564,0.0000,0.0000,0.0000,1.1923,0.5597,178.6471,0.003,9909,0.0000,0.0000,0.0548,0,6,0.117
203.549,0,5,2,1.2333,0.6167,1.2185,0.5638,179.0621,0.0000,0.0000,0.0000,1.2236,0.5769,179.9099,0.026,9911,0.0000,0.0000,0.0549,0,6,0.117
203.650,0,5,2,1.2333,0.6167,1.2182,0.5639,179.0711,0.0000,0.0000,0.0000,1.2236,0.5769,179.9096,0.003,9914,0.0000,0.0000,0.0549,0,6,0.117
203.751,0,5,2,1.2333,0.6167,1.2177,0.5642,179.0864,0.0000,0.0000,0.0000,1.1923,0.5597,178.6466,0.017,9917,0.0000,0.0000,0.0548,0,6,0.117
203.851,0,5,2,1.2333,0.6167,1.2175,0.5644,179.1030,0.0000,0.0000,0.0000,1.1923,0.5597,178.6467,0.003,9921,0.0000,0.0000,0.0546,0,6,0.117
203.950,0,5,2,1.2333,0.6167,1.2169,0.5645,179.1066,0.0000,0.0000,0.0000,1.1923,0.5597,178.6470,0.036,9923,0.0000,0.0000,0.0547,0,6,0.117
204.049,0,5,2,1.2333,0.6167,1.2168,0.5647,179.1250,0.0000,0.0000,0.0000,1.1923,0.5597,178.6473,0.002,9927,0.0000,0.0000,0.0545,0,6,0.117
204.150,0,5,2,1.2333,0.6167,1.2163,0.5648,179.1302,0.0000,0.0000,0.0000,1.1923,0.5598,178.6477,0.035,9929,0.0000,0.0000,0.0547,0,6,0.117
204.250,0,5,2,1.2333,0.6167,1.2161,0.5650,179.1453,0.0000,0.0000,0.0000,1.1923,0.5598,178.6475,0.003,9933,0.0000,0.0000,0.0545,0,6,0.117
204.350,0,5,2,1.2333,0.6167,1.2156,0.5650,179.1520,0.0000,0.0000,0.0000,1.1923,0.5597,178.6460,0.037,9935,0.0000,0.0000,0.0546,0,6,0.117
204.451,0,5,2,1.2333,0.6167,1.2155,0.5653,179.1666,0.0000,0.0000,0.0000,1.1923,0.5597,178.6461,0.002,9939,0.0000,0.0000,0.0544,0,6,0.117
204.551,0,5,2,1.2333,0.6167,1.2150,0.5653,179.1678,0.0000,0.0000,0.0000,1.1923,0.5597,178.6458,0.036,9941,0.0000,0.0000,0.0546,0,6,0.117
204.651,0,5,2,1.2333,0.6167,1.2147,0.5654,179.1771,0.0000,0.0000,0.0000,1.1923,0.5597,178.6464,0.005,9945,0.0000,0.0000,0.0545,0,6,0.117
204.750,0,5,2,1.2333,0.6167,1.2145,0.5655,179.1856,0.0000,0.0000,0.0000,1.1923,0.5597,178.6464,0.038,9947,0.0000,0.0000,0.0545,0,6,0.117
204.850,0,5,2,1.2333,0.6167,1.2143,0.5656,179.1940,0.0000,0.0000,0.0000,1.1923,0.5597,178.6463,0.067,9949,0.0000,0.0000,0.0545,0,6,0.117
204.951,0,5,2,1.2333,0.6167,1.2140,0.5657,179.2023,0.0000,0.0000,0.0000,1.1923,0.5597,178.6459,0.005,9953,0.0000,0.0000,0.0545,0,6,0.117
205.049,0,5,2,1.2333,0.6167,1.2138,0.5658,179.2093,0.0000,0.0000,0.0000,1.2236,0.5769,179.9095,0.003,9956,0.0000,0.0000,0.0545,0,6,0.117
205.150,0,5,2,1.2333,0.6167,1.2135,0.5659,179.2191,0.0000,0.0000,0.0000,1.2236,0.5769,179.9094,0.016,9959,0.0000,0.0000,0.0545,0,6,0.117
205.251,0,5,2,1.2333,0.6167,1.2133,0.5660,179.2270,0.0000,0.0000,0.0000,1.1923,0.5597,178.6469,0.006,9963,0.0000,0.0000,0.0545,0,6,0.117
