time,lap_count,goal_index,wp_index,target_x,target_y,filtered_x,filtered_y,filtered_yaw,raw_odom_x,raw_odom_y,raw_odom_yaw,aruco_x,aruco_y,aruco_yaw,aruco_age,aruco_count,cmd_vx,cmd_vy,dist_to_target,lifter_up,lifter_toggle_count,min_dist
0.118,0,0,0,-0.6167,1.2333,0.0000,0.0000,0.0000,0.0000,0.0000,0.0000,0.0000,0.0000,0.0000,-1.000,0,0.0000,0.0000,1.3789,0,0,100.000
0.221,0,0,0,-0.6167,1.2333,-0.3975,0.0427,-43.9594,0.0000,0.0000,0.0000,-0.5762,1.2204,-177.5076,0.009,6,0.0000,0.0000,1.2106,0,0,0.395
0.319,0,0,0,-0.6167,1.2333,-0.4071,0.0932,-47.6502,0.0000,0.0000,0.0000,-0.6470,1.3537,-171.2595,0.008,8,0.0000,0.0000,1.1592,0,0,0.413
0.408,0,0,0,-0.6167,1.2333,-0.4184,0.1561,-52.4051,0.0000,0.0000,0.0000,-0.6470,1.3536,-171.2582,0.007,13,0.0000,0.0000,1.0954,0,0,0.414
0.513,0,0,0,-0.6167,1.2333,-0.4371,0.2548,-60.1101,0.0000,0.0000,0.0000,-0.6564,1.1995,-179.0332,0.008,20,0.0000,0.0000,0.9949,0,0,0.402
0.605,0,0,0,-0.6167,1.2333,-0.4510,0.3287,-66.3295,0.0000,0.0000,0.0000,-0.5762,1.2204,-177.5072,0.007,27,0.0000,0.0000,0.9197,0,0,0.411
0.708,0,0,0,-0.6167,1.2333,-0.4611,0.3859,-71.1077,0.0000,0.0000,0.0000,-0.6564,1.1995,-179.0333,0.003,31,0.0000,0.0000,0.8616,0,0,0.399
0.806,0,0,0,-0.6167,1.2333,-0.4712,0.4387,-75.6440,0.0000,0.0000,0.0000,-0.5762,1.2204,-177.5068,0.019,36,0.0000,0.0000,0.8078,0,0,0.396
0.903,0,0,0,-0.6167,1.2333,-0.4777,0.4778,-79.1400,0.0000,0.0000,0.0000,-0.5762,1.2204,-177.5080,0.029,39,0.0000,0.0000,0.7682,0,0,0.417
1.004,0,0,0,-0.6167,1.2333,-0.4876,0.5327,-84.1132,0.0000,0.0000,0.0000,-0.5762,1.2204,-177.5078,0.025,45,0.0000,0.0000,0.7124,0,0,0.392
1.117,0,0,0,-0.6167,1.2333,-0.4913,0.5511,-85.7040,0.0000,0.0000,0.0000,-0.6469,1.3536,-171.2602,0.007,47,0.0000,0.0000,0.6937,0,0,0.398
1.201,0,0,0,-0.6167,1.2333,-0.5011,0.6082,-91.0760,0.0000,0.0000,0.0000,-0.5762,1.2204,-177.5076,0.022,54,0.0000,0.0000,0.6358,0,0,0.391
1.302,0,0,0,-0.6167,1.2333,-0.5046,0.6224,-92.6184,0.0000,0.0000,0.0000,-0.6469,1.3536,-171.2602,0.005,57,0.0000,0.0000,0.6211,0,0,0.408
1.401,0,0,0,-0.6167,1.2333,-0.5132,0.6740,-97.4834,0.0000,0.0000,0.0000,-0.5762,1.2204,-177.5074,0.016,63,0.0000,0.0000,0.5688,0,0,0.400
1.502,0,0,0,-0.6167,1.2333,-0.5198,0.7072,-100.7634,0.0000,0.0000,0.0000,-0.5762,1.2204,-177.5074,0.003,69,0.0000,0.0000,0.5350,0,0,0.413
1.603,0,0,0,-0.6167,1.2333,-0.5238,0.7315,-103.2958,0.0000,0.0000,0.0000,-0.6564,1.1995,-179.0340,0.003,73,0.0000,0.0000,0.5104,0,0,0.394
1.701,0,0,0,-0.6167,1.2333,-0.5298,0.7612,-106.3093,0.0000,0.0000,0.0000,-0.5762,1.2204,-177.5074,0.005,78,0.0000,0.0000,0.4801,0,0,0.405
1.811,0,0,0,-0.6167,1.2333,-0.5334,0.7829,-108.6506,0.0000,0.0000,0.0000,-0.6564,1.1995,-179.0345,0.009,82,0.0000,0.0000,0.4581,0,0,0.415
1.903,0,0,0,-0.6167,1.2333,-0.5390,0.8096,-111.4304,0.0000,0.0000,0.0000,-0.6468,1.3536,-171.2610,0.024,86,0.0000,0.0000,0.4308,0,0,0.396
2.005,0,0,0,-0.6167,1.2333,-0.5421,0.8289,-113.5852,0.0000,0.0000,0.0000,-0.5762,1.2204,-177.5084,0.040,90,0.0000,0.0000,0.4112,0,0,0.417
2.104,0,0,0,-0.6167,1.2333,-0.5471,0.8528,-116.1465,0.0000,0.0000,0.0000,-0.5762,1.2204,-177.5063,0.002,96,0.0000,0.0000,0.3868,0,0,0.599
2.202,0,0,0,-0.6167,1.2333,-0.5511,0.8738,-118.6462,0.0000,0.0000,0.0000,-0.6563,1.1995,-179.0342,0.013,100,0.0000,0.0000,0.3655,0,0,0.391
2.302,0,0,0,-0.6167,1.2333,-0.5535,0.8865,-120.0788,0.0000,0.0000,0.0000,-0.5762,1.2204,-177.5077,0.005,104,0.0000,0.0000,0.3526,0,0,0.403
2.405,0,0,0,-0.6167,1.2333,-0.5570,0.9073,-122.3560,0.0000,0.0000,0.0000,-0.6563,1.1995,-179.0343,0.009,109,0.0000,0.0000,0.3315,0,0,0.414
2.501,0,0,0,-0.6167,1.2333,-0.5612,0.9267,-124.5435,0.0000,0.0000,0.0000,-0.6468,1.3536,-171.2613,0.013,113,0.0000,0.0000,0.3116,0,0,0.322
2.606,0,0,0,-0.6167,1.2333,-0.5633,0.9375,-125.8176,0.0000,0.0000,0.0000,-0.6563,1.1995,-179.0341,0.010,117,0.0000,0.0000,0.3006,0,0,0.405
2.702,0,0,0,-0.6167,1.2333,-0.5673,0.9581,-128.2752,0.0000,0.0000,0.0000,-0.6468,1.3536,-171.2626,0.017,122,0.0000,0.0000,0.2796,0,0,0.403
2.803,0,0,0,-0.6167,1.2333,-0.5693,0.9707,-129.8522,0.0000,0.0000,0.0000,-0.5762,1.2204,-177.5079,0.039,126,0.0000,0.0000,0.2669,0,0,0.315
2.904,0,0,0,-0.6167,1.2333,-0.5719,0.9841,-131.3292,0.0000,0.0000,0.0000,-0.5762,1.2204,-177.5075,0.006,132,0.0000,0.0000,0.2532,0,0,0.333
3.003,0,0,0,-0.6167,1.2333,-0.5746,0.9978,-133.1905,0.0000,0.0000,0.0000,-0.5762,1.2204,-177.5079,0.038,135,0.0000,0.0000,0.2393,0,0,0.392
3.102,0,0,0,-0.6167,1.2333,-0.5778,1.0120,-134.9164,0.0000,0.0000,0.0000,-0.5762,1.2204,-177.5076,0.007,141,0.0000,0.0000,0.2247,0,0,0.395
3.202,0,0,0,-0.6167,1.2333,-0.5794,1.0222,-136.2709,0.0000,0.0000,0.0000,-0.6563,1.1995,-179.0346,0.007,145,0.0000,0.0000,0.2144,0,0,0.396
3.303,0,0,0,-0.6167,1.2333,-0.5824,1.0351,-137.8689,0.0000,0.0000,0.0000,-0.5761,1.2204,-177.5091,0.005,150,0.0000,0.0000,0.2012,0,0,0.414
3.402,0,0,0,-0.6167,1.2333,-0.5837,1.0442,-139.1215,0.0000,0.0000,0.0000,-0.6564,1.1995,-179.0338,0.007,154,0.0000,0.0000,0.1920,0,0,0.414
3.502,0,0,0,-0.6167,1.2333,-0.5865,1.0560,-140.6030,0.0000,0.0000,0.0000,-0.5762,1.2204,-177.5076,0.007,159,0.0000,0.0000,0.1799,0,0,0.394
3.606,0,0,0,-0.6167,1.2333,-0.5876,1.0642,-141.7686,0.0000,0.0000,0.0000,-0.6564,1.1995,-179.0340,0.014,163,0.0000,0.0000,0.1716,0,0,0.413
3.707,0,0,0,-0.6167,1.2333,-0.5897,1.0719,-142.9121,0.0000,0.0000,0.0000,-0.5762,1.2204,-177.5057,0.011,167,0.0000,0.0000,0.1637,0,0,0.413
3.811,0,0,0,-0.6167,1.2333,-0.5915,1.0809,-143.9518,0.0000,0.0000,0.0000,-0.6467,1.3536,-171.2619,0.027,170,0.0000,0.0000,0.1545,0,0,0.396
3.903,0,0,0,-0.6167,1.2333,-0.5932,1.0894,-145.2927,0.0000,0.0000,0.0000,-0.6467,1.3536,-171.2631,0.006,176,0.0000,0.0000,0.1458,0,0,0.387
4.003,0,0,0,-0.6167,1.2333,-0.5946,1.0990,-146.5128,0.0000,0.0000,0.0000,-0.5762,1.2204,-177.5057,0.025,180,0.0000,0.0000,0.1362,0,0,0.398
4.102,0,0,0,-0.6167,1.2333,-0.5956,1.1041,-147.2337,0.0000,0.0000,0.0000,-0.6563,1.1995,-179.0339,0.004,185,0.0000,0.0000,0.1310,0,0,0.274
4.202,0,0,0,-0.6167,1.2333,-0.5975,1.1138,-148.6240,0.0000,0.0000,0.0000,-0.5761,1.2204,-177.5093,0.026,189,0.0000,0.0000,0.1211,0,0,0.340
4.302,0,0,0,-0.6167,1.2333,-0.5995,1.1218,-149.7194,0.0000,0.0000,0.0000,-0.5762,1.2204,-177.5067,0.002,195,0.0000,0.0000,0.1128,0,0,0.389
4.402,0,0,0,-0.6167,1.2333,-0.6001,1.1272,-150.5817,0.0000,0.0000,0.0000,-0.6564,1.1995,-179.0341,0.010,199,0.0000,0.0000,0.1074,0,0,0.344
4.502,0,0,0,-0.6167,1.2333,-0.6020,1.1345,-151.5924,0.0000,0.0000,0.0000,-0.5762,1.2204,-177.5062,0.006,204,0.0000,0.0000,0.0999,0,0,0.349
4.602,0,0,0,-0.6167,1.2333,-0.6025,1.1393,-152.3930,0.0000,0.0000,0.0000,-0.6564,1.1995,-179.0341,0.008,208,0.0000,0.0000,0.0951,0,0,0.407
4.703,0,0,0,-0.6167,1.2333,-0.6043,1.1460,-153.3282,0.0000,0.0000,0.0000,-0.5762,1.2204,-177.5057,0.005,213,0.0000,0.0000,0.0882,0,0,0.131
4.805,0,0,0,-0.6167,1.2333,-0.6047,1.1503,-154.0708,0.0000,0.0000,0.0000,-0.6564,1.1995,-179.0339,0.008,217,0.0000,0.0000,0.0839,0,0,0.420
4.903,0,0,0,-0.6167,1.2333,-0.6064,1.1564,-154.9392,0.0000,0.0000,0.0000,-0.5762,1.2204,-177.5074,0.005,222,0.0000,0.0000,0.0776,0,0,0.410
5.003,0,0,0,-0.6167,1.2333,-0.6067,1.1603,-155.6316,0.0000,0.0000,0.0000,-0.6564,1.1995,-179.0337,0.007,226,0.0000,0.0000,0.0737,0,0,0.401
5.102,0,0,0,-0.6167,1.2333,-0.6078,1.1639,-156.3142,0.0000,0.0000,0.0000,-0.5762,1.2204,-177.5069,0.005,230,0.0000,0.0000,0.0700,0,0,0.399
5.203,0,0,0,-0.6167,1.2333,-0.6085,1.1694,-157.0815,0.0000,0.0000,0.0000,-0.6564,1.1995,-179.0345,0.007,235,0.0000,0.0000,0.0644,0,0,0.394
5.301,0,0,0,-0.6167,1.2333,-0.6100,1.1745,-157.8292,0.0000,0.0000,0.0000,-0.6466,1.3536,-171.2634,0.023,239,0.0000,0.0000,0.0592,0,0,0.381
5.401,0,0,0,-0.6167,1.2333,-0.6101,1.1777,-158.4299,0.0000,0.0000,0.0000,-0.5762,1.2204,-177.5071,0.014,243,0.0000,0.0000,0.0561,0,0,0.316
5.501,0,0,0,-0.6167,1.2333,-0.6115,1.1823,-159.1209,0.0000,0.0000,0.0000,-0.5762,1.2204,-177.5064,0.005,249,0.0000,0.0000,0.0513,0,0,0.390
5.605,0,0,0,-0.6167,1.2333,-0.6116,1.1851,-159.6773,0.0000,0.0000,0.0000,-0.6564,1.1995,-179.0339,0.003,253,0.0000,0.0000,0.0485,0,0,0.415
5.702,0,0,0,-0.6167,1.2333,-0.6129,1.1893,-160.3186,0.0000,0.0000,0.0000,-0.5762,1.2204,-177.5068,0.009,258,0.0000,0.0000,0.0442,0,0,0.409
5.804,0,0,0,-0.6167,1.2333,-0.6130,1.1918,-160.8353,0.0000,0.0000,0.0000,-0.6563,1.1995,-179.0345,0.006,262,0.0000,0.0000,0.0417,0,0,0.395
5.903,0,0,0,-0.6167,1.2333,-0.6142,1.1957,-161.4313,0.0000,0.0000,0.0000,-0.5762,1.2204,-177.5075,0.005,267,0.0000,0.0000,0.0377,0,0,0.338
6.003,0,0,0,-0.6167,1.2333,-0.6142,1.1979,-161.9147,0.0000,0.0000,0.0000,-0.6564,1.1995,-179.0347,0.005,271,0.0000,0.0000,0.0355,0,0,0.410
6.102,0,0,0,-0.6167,1.2333,-0.6153,1.2015,-162.4670,0.0000,0.0000,0.0000,-0.5762,1.2204,-177.5058,0.008,276,0.0000,0.0000,0.0319,0,0,0.319
6.202,0,0,0,-0.6167,1.2333,-0.6153,1.2035,-162.9147,0.0000,0.0000,0.0000,-0.6563,1.1995,-179.0349,0.011,280,0.0000,0.0000,0.0299,0,0,0.415
6.303,0,0,0,-0.6167,1.2333,-0.6161,1.2052,-163.3604,0.0000,0.0000,0.0000,-0.5762,1.2204,-177.5057,0.002,284,0.0000,0.0000,0.0282,0,0,0.578
6.405,0,0,0,-0.6167,1.2333,-0.6163,1.2086,-163.8421,0.0000,0.0000,0.0000,-0.6564,1.1995,-179.0351,0.008,289,0.0000,0.0000,0.0248,0,0,0.312
6.501,0,0,0,-0.6167,1.2333,-0.6173,1.2116,-164.3175,0.0000,0.0000,0.0000,-0.6466,1.3536,-171.2648,0.018,293,0.0000,0.0000,0.0218,0,0,0.348
6.603,0,0,0,-0.6167,1.2333,-0.6176,1.2130,-164.6037,0.0000,0.0000,0.0000,-0.6564,1.1995,-179.0349,0.007,297,0.0000,0.0000,0.0203,0,0,0.402
6.702,0,0,0,-0.6167,1.2333,-0.6182,1.2159,-165.1493,0.0000,0.0000,0.0000,-0.6466,1.3536,-171.2642,0.015,302,0.0000,0.0000,0.0175,0,0,0.587
6.803,0,0,0,-0.6167,1.2333,-0.6180,1.2173,-165.5100,0.0000,0.0000,0.0000,-0.5762,1.2204,-177.5059,0.040,306,0.0000,0.0000,0.0161,0,0,0.403
6.901,0,0,0,-0.6167,1.2333,-0.6190,1.2198,-165.9180,0.0000,0.0000,0.0000,-0.6466,1.3536,-171.2646,0.012,311,0.0000,0.0000,0.0137,0,0,0.399
7.002,0,0,0,-0.6167,1.2333,-0.6188,1.2210,-166.2551,0.0000,0.0000,0.0000,-0.5762,1.2204,-177.5069,0.036,315,0.0000,0.0000,0.0125,0,0,0.367
7.101,0,0,0,-0.6167,1.2333,-0.6197,1.2233,-166.6344,0.0000,0.0000,0.0000,-0.5762,1.2204,-177.5063,0.008,321,0.0000,0.0000,0.0104,0,0,0.408
7.203,0,0,0,-0.6167,1.2333,-0.6195,1.2244,-166.9472,0.0000,0.0000,0.0000,-0.6564,1.1995,-179.0341,0.007,325,0.0000,0.0000,0.0093,0,0,0.400
7.303,0,0,0,-0.6167,1.2333,-0.6203,1.2266,-167.2961,0.0000,0.0000,0.0000,-0.5762,1.2204,-177.5065,0.005,330,0.0000,0.0000,0.0077,0,0,0.423
7.402,0,0,0,-0.6167,1.2333,-0.6201,1.2275,-167.5883,0.0000,0.0000,0.0000,-0.6564,1.1995,-179.0341,0.012,334,0.0000,0.0000,0.0068,0,0,0.414
7.502,0,0,0,-0.6167,1.2333,-0.6209,1.2295,-167.9116,0.0000,0.0000,0.0000,-0.6466,1.3535,-171.2640,0.021,338,0.0000,0.0000,0.0057,0,0,0.409
7.602,0,0,0,-0.6167,1.2333,-0.6206,1.2303,-168.1844,0.0000,0.0000,0.0000,-0.6564,1.1995,-179.0338,0.009,343,0.0000,0.0000,0.0050,0,0,0.358
7.702,0,0,0,-0.6167,1.2333,-0.6215,1.2322,-168.4849,0.0000,0.0000,0.0000,-0.5762,1.2204,-177.5064,0.003,348,0.0000,0.0000,0.0049,0,0,0.408
7.803,0,0,0,-0.6167,1.2333,-0.6211,1.2329,-168.7392,0.0000,0.0000,0.0000,-0.6564,1.1995,-179.0340,0.009,352,0.0000,0.0000,0.0045,0,0,0.412
7.905,0,0,0,-0.6167,1.2333,-0.6217,1.2333,-168.9984,0.0000,0.0000,0.0000,-0.6465,1.3535,-171.2648,0.003,356,0.0000,0.0000,0.0050,0,0,0.396
8.004,0,0,0,-0.6167,1.2333,-0.6216,1.2352,-169.2546,0.0000,0.0000,0.0000,-0.6563,1.1995,-179.0346,0.006,361,0.0000,0.0000,0.0053,0,0,0.409
8.101,0,0,0,-0.6167,1.2333,-0.6224,1.2368,-169.5114,0.0000,0.0000,0.0000,-0.6465,1.3536,-171.2664,0.019,365,0.0000,0.0000,0.0067,0,0,0.394
8.201,0,0,0,-0.6167,1.2333,-0.6220,1.2373,-169.7318,0.0000,0.0000,0.0000,-0.5762,1.2204,-177.5065,0.039,369,0.0000,0.0000,0.0067,0,0,0.360
8.301,0,0,0,-0.6167,1.2333,-0.6228,1.2388,-169.9710,0.0000,0.0000,0.0000,-0.5762,1.2204,-177.5064,0.005,375,0.0000,0.0000,0.0082,0,0,0.322
8.403,0,0,0,-0.6167,1.2333,-0.6224,1.2392,-170.1768,0.0000,0.0000,0.0000,-0.5762,1.2204,-177.5063,0.042,378,0.0000,0.0000,0.0082,0,0,0.413
8.501,0,0,0,-0.6167,1.2333,-0.6231,1.2406,-170.3960,0.0000,0.0000,0.0000,-0.5762,1.2204,-177.5070,0.004,384,0.0000,0.0000,0.0097,0,0,0.417
8.602,0,0,0,-0.6167,1.2333,-0.6227,1.2409,-170.5884,0.0000,0.0000,0.0000,-0.6564,1.1995,-179.0339,0.006,388,0.0000,0.0000,0.0097,0,0,0.396
8.701,0,0,0,-0.6167,1.2333,-0.6235,1.2422,-170.7918,0.0000,0.0000,0.0000,-0.5762,1.2204,-177.5070,0.003,393,0.0000,0.0000,0.0112,0,0,0.359
8.801,0,0,0,-0.6167,1.2333,-0.6231,1.2425,-170.9696,0.0000,0.0000,0.0000,-0.6564,1.1995,-179.0342,0.007,397,0.0000,0.0000,0.0112,0,0,0.411
8.901,0,0,0,-0.6167,1.2333,-0.6238,1.2437,-171.1569,0.0000,0.0000,0.0000,-0.5762,1.2204,-177.5052,0.003,402,0.0000,0.0000,0.0126,0,0,0.387
9.003,0,0,0,-0.6167,1.2333,-0.6237,1.2434,-171.3883,0.0000,0.0000,0.0000,-0.6563,1.1995,-179.0347,0.009,406,0.0000,0.0000,0.0123,0,0,0.415
9.102,0,0,0,-0.6167,1.2333,-0.6238,1.2439,-171.5012,0.0000,0.0000,0.0000,-0.5762,1.2204,-177.5049,0.006,410,0.0000,0.0000,0.0127,0,0,0.398
9.201,0,0,0,-0.6167,1.2333,-0.6240,1.2448,-171.7143,0.0000,0.0000,0.0000,-0.6564,1.1995,-179.0350,0.010,415,0.0000,0.0000,0.0136,0,0,0.410
9.301,0,0,0,-0.6167,1.2333,-0.6243,1.2463,-171.8144,0.0000,0.0000,0.0000,-0.6465,1.3535,-171.2662,0.016,419,0.0000,0.0000,0.0151,0,0,0.392
9.405,0,0,0,-0.6167,1.2333,-0.6243,1.2467,-171.9158,0.0000,0.0000,0.0000,-0.6564,1.1995,-179.0345,0.010,423,0.0000,0.0000,0.0154,0,0,0.394
9.501,0,0,0,-0.6167,1.2333,-0.6245,1.2474,-172.1095,0.0000,0.0000,0.0000,-0.6465,1.3535,-171.2658,0.020,428,0.0000,0.0000,0.0161,0,0,0.306
9.601,0,0,0,-0.6167,1.2333,-0.6240,1.2475,-172.2470,0.0000,0.0000,0.0000,-0.5762,1.2204,-177.5057,0.037,432,0.0000,0.0000,0.0159,0,0,0.395
9.702,0,0,0,-0.6167,1.2333,-0.6243,1.2489,-172.3305,0.0000,0.0000,0.0000,-0.5762,1.2205,-177.5059,0.004,438,0.0000,0.0000,0.0174,0,0,0.290
9.803,0,0,0,-0.6167,1.2333,-0.6242,1.2484,-172.5147,0.0000,0.0000,0.0000,-0.6563,1.1995,-179.0355,0.006,442,0.0000,0.0000,0.0169,0,0,0.411
9.902,0,0,0,-0.6167,1.2333,-0.6249,1.2493,-172.6410,0.0000,0.0000,0.0000,-0.5762,1.2204,-177.5059,0.004,447,0.0000,0.0000,0.0180,0,0,0.287
10.003,0,0,0,-0.6167,1.2333,-0.6244,1.2493,-172.7600,0.0000,0.0000,0.0000,-0.6563,1.1995,-179.0350,0.006,451,0.0000,0.0000,0.0177,0,0,0.387
10.101,0,0,0,-0.6167,1.2333,-0.6250,1.2502,-172.8745,0.0000,0.0000,0.0000,-0.5762,1.2204,-177.5058,0.005,456,0.0000,0.0000,0.0188,0,0,0.386
10.202,0,0,0,-0.6167,1.2333,-0.6246,1.2501,-172.9876,0.0000,0.0000,0.0000,-0.6564,1.1995,-179.0338,0.007,460,0.0000,0.0000,0.0185,0,0,0.410
10.301,0,0,0,-0.6167,1.2333,-0.6252,1.2509,-173.0941,0.0000,0.0000,0.0000,-0.5762,1.2204,-177.5053,0.005,465,0.0000,0.0000,0.0195,0,0,0.396
10.401,0,0,0,-0.6167,1.2333,-0.6247,1.2508,-173.2007,0.0000,0.0000,0.0000,-0.6563,1.1995,-179.0358,0.006,469,0.0000,0.0000,0.0193,0,0,0.413
10.502,0,0,0,-0.6167,1.2333,-0.6251,1.2505,-173.3144,0.0000,0.0000,0.0000,-0.5762,1.2204,-177.5054,0.005,473,0.0000,0.0000,0.0191,0,0,0.411
10.602,0,0,0,-0.6167,1.2333,-0.6254,1.2518,-173.3626,0.0000,0.0000,0.0000,-0.5762,1.2204,-177.5066,0.003,478,0.0000,0.0000,0.0205,0,0,0.399
10.701,0,0,0,-0.6167,1.2333,-0.6254,1.2522,-173.4885,0.0000,0.0000,0.0000,-0.6465,1.3535,-171.2665,0.016,482,0.0000,0.0000,0.0208,0,0,0.405
10.803,0,0,0,-0.6167,1.2333,-0.6249,1.2521,-173.5817,0.0000,0.0000,0.0000,-0.6564,1.1995,-179.0341,0.007,487,0.0000,0.0000,0.0205,0,0,0.390
10.902,0,0,0,-0.6167,1.2333,-0.6252,1.2534,-173.6198,0.0000,0.0000,0.0000,-0.5762,1.2204,-177.5055,0.003,492,0.0000,0.0000,0.0218,0,0,0.405
11.003,0,0,0,-0.6167,1.2333,-0.6251,1.2526,-173.7500,0.0000,0.0000,0.0000,-0.5762,1.2204,-177.5054,0.036,495,0.0000,0.0000,0.0210,0,0,0.410
11.101,0,0,0,-0.6167,1.2333,-0.6257,1.2533,-173.8269,0.0000,0.0000,0.0000,-0.5761,1.2204,-177.5066,0.003,501,0.0000,0.0000,0.0219,0,0,0.387
11.204,0,0,0,-0.6167,1.2333,-0.6252,1.2531,-173.9076,0.0000,0.0000,0.0000,-0.6563,1.1995,-179.0357,0.007,505,0.0000,0.0000,0.0215,0,0,0.407
11.301,0,0,0,-0.6167,1.2333,-0.6258,1.2537,-173.9765,0.0000,0.0000,0.0000,-0.5762,1.2204,-177.5059,0.003,510,0.0000,0.0000,0.0223,0,0,0.393
11.401,0,0,0,-0.6167,1.2333,-0.6253,1.2535,-174.0513,0.0000,0.0000,0.0000,-0.6563,1.1995,-179.0346,0.009,514,0.0000,0.0000,0.0220,0,0,0.394
11.504,0,0,0,-0.6167,1.2333,-0.6258,1.2542,-174.1149,0.0000,0.0000,0.0000,-0.5762,1.2204,-177.5059,0.006,519,0.0000,0.0000,0.0228,0,0,0.407
11.602,0,0,0,-0.6167,1.2333,-0.6253,1.2539,-174.1866,0.0000,0.0000,0.0000,-0.6563,1.1995,-179.0346,0.004,523,0.0000,0.0000,0.0224,0,0,0.410
11.702,0,0,0,-0.6167,1.2333,-0.6259,1.2546,-174.2462,0.0000,0.0000,0.0000,-0.5761,1.2204,-177.5066,0.006,528,0.0000,0.0000,0.0231,0,0,0.412
11.801,0,0,0,-0.6167,1.2333,-0.6254,1.2543,-174.3131,0.0000,0.0000,0.0000,-0.6563,1.1995,-179.0353,0.008,532,0.0000,0.0000,0.0227,0,0,0.411
11.901,0,0,0,-0.6167,1.2333,-0.6258,1.2539,-174.3929,0.0000,0.0000,0.0000,-0.5761,1.2204,-177.5066,0.004,536,0.0000,0.0000,0.0224,0,0,0.407
12.001,0,0,0,-0.6167,1.2333,-0.6255,1.2547,-174.4330,0.0000,0.0000,0.0000,-0.6563,1.1995,-179.0350,0.006,541,0.0000,0.0000,0.0231,0,0,0.394
12.101,0,0,0,-0.6167,1.2333,-0.6260,1.2553,-174.4810,0.0000,0.0000,0.0000,-0.6465,1.3535,-171.2671,0.021,545,0.0000,0.0000,0.0238,0,0,0.331
12.202,0,0,0,-0.6167,1.2333,-0.6255,1.2550,-174.5411,0.0000,0.0000,0.0000,-0.5762,1.2204,-177.5060,0.018,549,0.0000,0.0000,0.0234,0,0,0.407
12.302,0,0,0,-0.6167,1.2333,-0.6261,1.2555,-174.5860,0.0000,0.0000,0.0000,-0.5762,1.2204,-177.5052,0.006,555,0.0000,0.0000,0.0241,0,0,0.387
12.402,0,0,0,-0.6167,1.2333,-0.6256,1.2552,-174.6435,0.0000,0.0000,0.0000,-0.6564,1.1995,-179.0336,0.003,559,0.0000,0.0000,0.0236,0,0,0.411
12.502,0,0,0,-0.6167,1.2333,-0.6262,1.2558,-174.6848,0.0000,0.0000,0.0000,-0.5762,1.2204,-177.5062,0.006,564,0.0000,0.0000,0.0244,0,0,0.406
12.601,0,0,0,-0.6167,1.2333,-0.6260,1.2549,-174.7730,0.0000,0.0000,0.0000,-0.6563,1.1995,-179.0347,0.014,568,0.0000,0.0000,0.0235,0,0,0.400
12.702,0,0,0,-0.6167,1.2333,-0.6262,1.2560,-174.7749,0.0000,0.0000,0.0000,-0.5761,1.2204,-177.5065,0.005,573,0.0000,0.0000,0.0246,0,0,0.406
12.802,0,0,0,-0.6167,1.2333,-0.6257,1.2557,-174.8252,0.0000,0.0000,0.0000,-0.6563,1.1995,-179.0349,0.008,577,0.0000,0.0000,0.0241,0,0,0.412
12.901,0,0,0,-0.6167,1.2333,-0.6262,1.2562,-174.8575,0.0000,0.0000,0.0000,-0.5762,1.2204,-177.5060,0.005,582,0.0000,0.0000,0.0248,0,0,0.398
13.002,0,0,0,-0.6167,1.2333,-0.6257,1.2559,-174.9054,0.0000,0.0000,0.0000,-0.6563,1.1995,-179.0350,0.007,586,0.0000,0.0000,0.0243,0,0,0.388
13.104,0,0,0,-0.6167,1.2333,-0.6261,1.2554,-174.9644,0.0000,0.0000,0.0000,-0.6464,1.3535,-171.2674,0.002,591,0.0000,0.0000,0.0240,0,0,0.389
13.202,0,0,0,-0.6167,1.2333,-0.6258,1.2561,-174.9795,0.0000,0.0000,0.0000,-0.6563,1.1995,-179.0352,0.007,595,0.0000,0.0000,0.0245,0,0,0.390
13.301,0,0,0,-0.6167,1.2333,-0.6263,1.2566,-175.0065,0.0000,0.0000,0.0000,-0.6464,1.3535,-171.2687,0.017,599,0.0000,0.0000,0.0252,0,0,0.396
13.403,0,0,0,-0.6167,1.2333,-0.6263,1.2567,-175.0292,0.0000,0.0000,0.0000,-0.6563,1.1995,-179.0344,0.006,603,0.0000,0.0000,0.0253,0,0,0.407
13.501,0,0,0,-0.6167,1.2333,-0.6263,1.2568,-175.0719,0.0000,0.0000,0.0000,-0.6464,1.3535,-171.2682,0.020,608,0.0000,0.0000,0.0253,0,0,0.300
13.602,0,0,0,-0.6167,1.2333,-0.6258,1.2564,-175.1141,0.0000,0.0000,0.0000,-0.5762,1.2204,-177.5055,0.037,612,0.0000,0.0000,0.0248,0,0,0.417
13.702,0,0,0,-0.6167,1.2333,-0.6264,1.2569,-175.1358,0.0000,0.0000,0.0000,-0.5762,1.2204,-177.5055,0.005,618,0.0000,0.0000,0.0255,0,0,0.415
13.802,0,0,0,-0.6167,1.2333,-0.6258,1.2565,-175.1756,0.0000,0.0000,0.0000,-0.5762,1.2204,-177.5056,0.030,621,0.0000,0.0000,0.0250,0,0,0.387
13.902,0,0,0,-0.6167,1.2333,-0.6264,1.2570,-175.1952,0.0000,0.0000,0.0000,-0.5762,1.2204,-177.5050,0.004,627,0.0000,0.0000,0.0256,0,0,0.401
14.003,0,0,0,-0.6167,1.2333,-0.6259,1.2567,-175.2323,0.0000,0.0000,0.0000,-0.6563,1.1995,-179.0356,0.006,631,0.0000,0.0000,0.0251,0,0,0.397
14.101,0,0,0,-0.6167,1.2333,-0.6264,1.2571,-175.2490,0.0000,0.0000,0.0000,-0.5762,1.2204,-177.5059,0.003,636,0.0000,0.0000,0.0257,0,0,0.312
14.201,0,0,0,-0.6167,1.2333,-0.6259,1.2568,-175.2860,0.0000,0.0000,0.0000,-0.6563,1.1995,-179.0354,0.006,640,0.0000,0.0000,0.0252,0,0,0.411
14.303,0,0,0,-0.6167,1.2333,-0.6264,1.2572,-175.2990,0.0000,0.0000,0.0000,-0.5761,1.2204,-177.5062,0.003,645,0.0000,0.0000,0.0258,0,0,0.325
14.402,0,0,0,-0.6167,1.2333,-0.6259,1.2569,-175.3338,0.0000,0.0000,0.0000,-0.6563,1.1995,-179.0356,0.005,649,0.0000,0.0000,0.0253,0,0,0.367
14.502,0,0,0,-0.6167,1.2333,-0.6264,1.2573,-175.3466,0.0000,0.0000,0.0000,-0.5762,1.2204,-177.5048,0.007,654,0.0000,0.0000,0.0259,0,0,0.350
14.603,0,0,0,-0.6167,1.2333,-0.6259,1.2570,-175.3777,0.0000,0.0000,0.0000,-0.6564,1.1995,-179.0348,0.008,658,0.0000,0.0000,0.0254,0,0,0.402
14.701,0,0,0,-0.6167,1.2333,-0.6262,1.2564,-175.4227,0.0000,0.0000,0.0000,-0.6564,1.1995,-179.0347,0.036,661,0.0000,0.0000,0.0250,0,0,0.411
14.803,0,0,0,-0.6167,1.2333,-0.6259,1.2571,-175.4198,0.0000,0.0000,0.0000,-0.6564,1.1995,-179.0346,0.006,667,0.0000,0.0000,0.0255,0,0,0.393
14.901,0,0,0,-0.6167,1.2333,-0.6265,1.2575,-175.4300,0.0000,0.0000,0.0000,-0.6465,1.3535,-171.2682,0.023,671,0.0000,0.0000,0.0261,0,0,0.401
15.002,0,0,0,-0.6167,1.2333,-0.6259,1.2571,-175.4616,0.0000,0.0000,0.0000,-0.5762,1.2204,-177.5055,0.042,675,0.0000,0.0000,0.0256,0,0,0.416
15.101,0,0,0,-0.6167,1.2333,-0.6265,1.2576,-175.4694,0.0000,0.0000,0.0000,-0.5762,1.2204,-177.5044,0.005,681,0.0000,0.0000,0.0262,0,0,0.420
15.202,0,0,0,-0.6167,1.2333,-0.6260,1.2572,-175.4974,0.0000,0.0000,0.0000,-0.5762,1.2204,-177.5056,0.043,684,0.0000,0.0000,0.0256,0,0,0.400
15.302,0,0,0,-0.6167,1.2333,-0.6265,1.2577,-175.5039,0.0000,0.0000,0.0000,-0.5761,1.2204,-177.5060,0.007,690,0.0000,0.0000,0.0262,0,0,0.336
15.402,0,0,0,-0.6167,1.2333,-0.6260,1.2573,-175.5313,0.0000,0.0000,0.0000,-0.6564,1.1995,-179.0350,0.009,694,0.0000,0.0000,0.0257,0,0,0.395
15.502,0,0,0,-0.6167,1.2333,-0.6265,1.2577,-175.5362,0.0000,0.0000,0.0000,-0.5761,1.2204,-177.5058,0.007,699,0.0000,0.0000,0.0263,0,0,0.396
15.602,0,0,0,-0.6167,1.2333,-0.6260,1.2573,-175.5640,0.0000,0.0000,0.0000,-0.6564,1.1995,-179.0353,0.007,703,0.0000,0.0000,0.0257,0,0,0.380
15.701,0,0,0,-0.6167,1.2333,-0.6265,1.2578,-175.5673,0.0000,0.0000,0.0000,-0.5761,1.2204,-177.5061,0.006,708,0.0000,0.0000,0.0264,0,0,0.385
15.802,0,0,0,-0.6167,1.2333,-0.6260,1.2574,-175.5938,0.0000,0.0000,0.0000,-0.6564,1.1995,-179.0355,0.009,712,0.0000,0.0000,0.0258,0,0,0.400
15.901,0,0,0,-0.6167,1.2333,-0.6263,1.2568,-175.6319,0.0000,0.0000,0.0000,-0.5762,1.2204,-177.5053,0.003,716,0.0000,0.0000,0.0254,0,0,0.352
16.003,0,0,0,-0.6167,1.2333,-0.6260,1.2575,-175.6207,0.0000,0.0000,0.0000,-0.6564,1.1995,-179.0352,0.007,721,0.0000,0.0000,0.0259,0,0,0.347
16.101,0,0,0,-0.6167,1.2333,-0.6266,1.2579,-175.6215,0.0000,0.0000,0.0000,-0.6464,1.3535,-171.2685,0.010,725,0.0000,0.0000,0.0265,0,0,0.414
16.202,0,0,0,-0.6167,1.2333,-0.6266,1.2579,-175.6318,0.0000,0.0000,0.0000,-0.5762,1.2204,-177.5048,0.003,730,0.0000,0.0000,0.0265,0,0,0.298
16.301,0,0,0,-0.6167,1.2333,-0.6265,1.2579,-175.6482,0.0000,0.0000,0.0000,-0.6464,1.3535,-171.2691,0.019,734,0.0000,0.0000,0.0265,0,0,0.411
16.402,0,0,0,-0.6167,1.2333,-0.6260,1.2575,-175.6706,0.0000,0.0000,0.0000,-0.5761,1.2204,-177.5057,0.043,738,0.0000,0.0000,0.0259,0,0,0.413
16.503,0,0,0,-0.6167,1.2333,-0.6266,1.2579,-175.6707,0.0000,0.0000,0.0000,-0.5762,1.2204,-177.5053,0.002,744,0.0000,0.0000,0.0265,0,0,0.396
16.604,0,0,0,-0.6167,1.2333,-0.6260,1.2576,-175.6946,0.0000,0.0000,0.0000,-0.5762,1.2204,-177.5053,0.039,747,0.0000,0.0000,0.0260,0,0,0.409
16.702,0,0,0,-0.6167,1.2333,-0.6266,1.2580,-175.6881,0.0000,0.0000,0.0000,-0.5762,1.2204,-177.5046,0.006,753,0.0000,0.0000,0.0266,0,0,0.393
16.802,0,0,0,-0.6167,1.2333,-0.6260,1.2576,-175.7109,0.0000,0.0000,0.0000,-0.6563,1.1995,-179.0353,0.007,757,0.0000,0.0000,0.0260,0,0,0.399
16.902,0,0,0,-0.6167,1.2333,-0.6266,1.2580,-175.7086,0.0000,0.0000,0.0000,-0.5761,1.2204,-177.5070,0.004,762,0.0000,0.0000,0.0266,0,0,0.419
17.001,0,0,0,-0.6167,1.2333,-0.6260,1.2576,-175.7292,0.0000,0.0000,0.0000,-0.6564,1.1995,-179.0348,0.006,766,0.0000,0.0000,0.0260,0,0,0.396
17.102,0,0,0,-0.6167,1.2333,-0.6266,1.2580,-175.7271,0.0000,0.0000,0.0000,-0.5762,1.2204,-177.5049,0.009,771,0.0000,0.0000,0.0266,0,0,0.421
17.202,0,0,0,-0.6167,1.2333,-0.6261,1.2576,-175.7478,0.0000,0.0000,0.0000,-0.6564,1.1995,-179.0353,0.012,775,0.0000,0.0000,0.0261,0,0,0.395
17.301,0,0,0,-0.6167,1.2333,-0.6264,1.2570,-175.7795,0.0000,0.0000,0.0000,-0.5762,1.2204,-177.5035,0.006,779,0.0000,0.0000,0.0256,0,0,0.328
17.405,0,0,0,-0.6167,1.2333,-0.6261,1.2577,-175.7630,0.0000,0.0000,0.0000,-0.6564,1.1995,-179.0347,0.008,784,0.0000,0.0000,0.0261,0,0,0.397
17.502,0,0,0,-0.6167,1.2333,-0.6266,1.2581,-175.7594,0.0000,0.0000,0.0000,-0.5762,1.2204,-177.5045,0.006,789,0.0000,0.0000,0.0267,0,0,0.417
17.603,0,0,0,-0.6167,1.2333,-0.6261,1.2577,-175.7793,0.0000,0.0000,0.0000,-0.6564,1.1995,-179.0351,0.007,793,0.0000,0.0000,0.0261,0,0,0.411
17.701,0,0,0,-0.6167,1.2333,-0.6263,1.2587,-175.7471,0.0000,0.0000,0.0000,-0.6563,1.1995,-179.0354,0.003,797,0.0000,0.0000,0.0272,0,0,0.389
17.801,0,0,0,-0.6167,1.2333,-0.6261,1.2577,-175.7941,0.0000,0.0000,0.0000,-0.5762,1.2204,-177.5042,0.036,801,0.0000,0.0000,0.0261,0,0,0.411
17.901,0,0,0,-0.6167,1.2333,-0.6266,1.2581,-175.7896,0.0000,0.0000,0.0000,-0.5762,1.2204,-177.5046,0.006,807,0.0000,0.0000,0.0267,0,0,0.415
18.004,0,0,0,-0.6167,1.2333,-0.6261,1.2577,-175.8076,0.0000,0.0000,0.0000,-0.6563,1.1995,-179.0358,0.006,811,0.0000,0.0000,0.0261,0,0,0.404
18.102,0,0,0,-0.6167,1.2333,-0.6266,1.2581,-175.8029,0.0000,0.0000,0.0000,-0.5762,1.2204,-177.5041,0.004,816,0.0000,0.0000,0.0267,0,0,0.402
18.202,0,0,0,-0.6167,1.2333,-0.6264,1.2571,-175.8472,0.0000,0.0000,0.0000,-0.6563,1.1995,-179.0352,0.014,820,0.0000,0.0000,0.0257,0,0,0.394
18.303,0,0,0,-0.6167,1.2333,-0.6266,1.2581,-175.8158,0.0000,0.0000,0.0000,-0.5762,1.2204,-177.5038,0.002,825,0.0000,0.0000,0.0267,0,0,0.400
18.401,0,0,0,-0.6167,1.2333,-0.6261,1.2577,-175.8333,0.0000,0.0000,0.0000,-0.6563,1.1995,-179.0355,0.007,829,0.0000,0.0000,0.0262,0,0,0.327
18.501,0,0,0,-0.6167,1.2333,-0.6266,1.2581,-175.8267,0.0000,0.0000,0.0000,-0.5762,1.2204,-177.5052,0.004,834,0.0000,0.0000,0.0267,0,0,0.390
18.602,0,0,0,-0.6167,1.2333,-0.6261,1.2578,-175.8458,0.0000,0.0000,0.0000,-0.6563,1.1995,-179.0356,0.010,838,0.0000,0.0000,0.0262,0,0,0.388
18.701,0,0,0,-0.6167,1.2333,-0.6264,1.2572,-175.8766,0.0000,0.0000,0.0000,-0.5761,1.2204,-177.5056,0.005,842,0.0000,0.0000,0.0257,0,0,0.412
18.803,0,0,0,-0.6167,1.2333,-0.6261,1.2578,-175.8550,0.0000,0.0000,0.0000,-0.6564,1.1995,-179.0355,0.006,847,0.0000,0.0000,0.0262,0,0,0.390
18.902,0,0,0,-0.6167,1.2333,-0.6266,1.2582,-175.8462,0.0000,0.0000,0.0000,-0.6464,1.3535,-171.2695,0.024,851,0.0000,0.0000,0.0268,0,0,0.396
19.002,0,0,0,-0.6167,1.2333,-0.6261,1.2578,-175.8647,0.0000,0.0000,0.0000,-0.5761,1.2204,-177.5056,0.018,855,0.0000,0.0000,0.0262,0,0,0.411
19.101,0,0,0,-0.6167,1.2333,-0.6266,1.2582,-175.8562,0.0000,0.0000,0.0000,-0.5761,1.2204,-177.5057,0.008,861,0.0000,0.0000,0.0268,0,0,0.405
19.203,0,0,0,-0.6167,1.2333,-0.6261,1.2578,-175.8726,0.0000,0.0000,0.0000,-0.5762,1.2204,-177.5049,0.041,864,0.0000,0.0000,0.0262,0,0,0.401
19.303,0,0,0,-0.6167,1.2333,-0.6263,1.2588,-175.8395,0.0000,0.0000,0.0000,-0.5762,1.2204,-177.5042,0.003,870,0.0000,0.0000,0.0273,0,0,0.406
19.404,0,0,0,-0.6167,1.2333,-0.6261,1.2578,-175.8815,0.0000,0.0000,0.0000,-0.6563,1.1995,-179.0350,0.003,874,0.0000,0.0000,0.0262,0,0,0.388
19.501,0,0,0,-0.6167,1.2333,-0.6266,1.2582,-175.8711,0.0000,0.0000,0.0000,-0.5762,1.2204,-177.5047,0.005,879,0.0000,0.0000,0.0268,0,0,0.412
19.601,0,0,0,-0.6167,1.2333,-0.6261,1.2578,-175.8860,0.0000,0.0000,0.0000,-0.6563,1.1995,-179.0366,0.009,883,0.0000,0.0000,0.0262,0,0,0.407
19.702,0,0,0,-0.6167,1.2333,-0.6266,1.2582,-175.8763,0.0000,0.0000,0.0000,-0.5762,1.2204,-177.5045,0.005,888,0.0000,0.0000,0.0268,0,0,0.416
19.801,0,0,0,-0.6167,1.2333,-0.6261,1.2578,-175.8927,0.0000,0.0000,0.0000,-0.6563,1.1995,-179.0357,0.006,892,0.0000,0.0000,0.0262,0,0,0.416
19.904,0,0,0,-0.6167,1.2333,-0.6264,1.2572,-175.9164,0.0000,0.0000,0.0000,-0.6464,1.3535,-171.2697,0.003,897,0.0000,0.0000,0.0258,0,0,0.339
20.002,0,0,0,-0.6167,1.2333,-0.6261,1.2578,-175.8939,0.0000,0.0000,0.0000,-0.6563,1.1995,-179.0361,0.006,901,0.0000,0.0000,0.0263,0,0,0.311
20.102,0,0,0,-0.6167,1.2333,-0.6266,1.2583,-175.8850,0.0000,0.0000,0.0000,-0.6464,1.3535,-171.2710,0.013,905,0.0000,0.0000,0.0268,0,0,0.387
20.203,0,0,0,-0.6167,1.2333,-0.6266,1.2583,-175.8881,0.0000,0.0000,0.0000,-0.5762,1.2204,-177.5037,0.003,910,0.0000,0.0000,0.0268,0,0,0.342
20.304,0,0,0,-0.6167,1.2333,-0.6266,1.2582,-175.8919,0.0000,0.0000,0.0000,-0.6464,1.3535,-171.2708,0.025,914,0.0000,0.0000,0.0268,0,0,0.334
20.402,0,0,0,-0.6167,1.2333,-0.6261,1.2578,-175.9082,0.0000,0.0000,0.0000,-0.5762,1.2204,-177.5037,0.035,918,0.0000,0.0000,0.0263,0,0,0.416
20.502,0,0,0,-0.6167,1.2333,-0.6266,1.2582,-175.8987,0.0000,0.0000,0.0000,-0.5762,1.2204,-177.5046,0.008,924,0.0000,0.0000,0.0268,0,0,0.417
20.603,0,0,0,-0.6167,1.2333,-0.6261,1.2578,-175.9145,0.0000,0.0000,0.0000,-0.6563,1.1995,-179.0350,0.002,928,0.0000,0.0000,0.0262,0,0,0.411
20.702,0,0,0,-0.6167,1.2333,-0.6266,1.2582,-175.9047,0.0000,0.0000,0.0000,-0.5762,1.2204,-177.5049,0.007,933,0.0000,0.0000,0.0268,0,0,0.388
20.801,0,0,0,-0.6167,1.2333,-0.6261,1.2578,-175.9210,0.0000,0.0000,0.0000,-0.6563,1.1995,-179.0361,0.008,937,0.0000,0.0000,0.0263,0,0,0.406
20.902,0,0,0,-0.6167,1.2333,-0.6266,1.2582,-175.9100,0.0000,0.0000,0.0000,-0.5762,1.2204,-177.5052,0.005,942,0.0000,0.0000,0.0268,0,0,0.402
21.004,0,0,0,-0.6167,1.2333,-0.6261,1.2578,-175.9251,0.0000,0.0000,0.0000,-0.6563,1.1995,-179.0356,0.010,946,0.0000,0.0000,0.0263,0,0,0.327
21.101,0,0,0,-0.6167,1.2333,-0.6266,1.2582,-175.9153,0.0000,0.0000,0.0000,-0.5762,1.2204,-177.5045,0.007,951,0.0000,0.0000,0.0268,0,0,0.411
21.203,0,0,0,-0.6167,1.2333,-0.6261,1.2578,-175.9293,0.0000,0.0000,0.0000,-0.6563,1.1995,-179.0355,0.007,955,0.0000,0.0000,0.0263,0,0,0.418
21.301,0,0,0,-0.6167,1.2333,-0.6266,1.2583,-175.9179,0.0000,0.0000,0.0000,-0.5762,1.2204,-177.5049,0.006,960,0.0000,0.0000,0.0268,0,0,0.395
21.402,0,0,0,-0.6167,1.2333,-0.6264,1.2572,-175.9579,0.0000,0.0000,0.0000,-0.6564,1.1995,-179.0356,0.009,964,0.0000,0.0000,0.0258,0,0,0.388
21.502,0,0,0,-0.6167,1.2333,-0.6264,1.2572,-175.9594,0.0000,0.0000,0.0000,-0.6564,1.1995,-179.0353,0.037,967,0.0000,0.0000,0.0258,0,0,0.409
21.603,0,0,0,-0.6167,1.2333,-0.6264,1.2572,-175.9609,0.0000,0.0000,0.0000,-0.6563,1.1995,-179.0354,0.012,973,0.0000,0.0000,0.0258,0,0,0.416
21.703,0,0,0,-0.6167,1.2333,-0.6266,1.2583,-175.9256,0.0000,0.0000,0.0000,-0.6464,1.3534,-171.2704,0.023,977,0.0000,0.0000,0.0269,0,0,0.410
21.802,0,0,0,-0.6167,1.2333,-0.6261,1.2579,-175.9427,0.0000,0.0000,0.0000,-0.5762,1.2204,-177.5041,0.039,981,0.0000,0.0000,0.0263,0,0,0.394
21.901,0,0,0,-0.6167,1.2333,-0.6266,1.2583,-175.9311,0.0000,0.0000,0.0000,-0.5762,1.2204,-177.5038,0.003,987,0.0000,0.0000,0.0268,0,0,0.410
22.005,0,0,0,-0.6167,1.2333,-0.6261,1.2579,-175.9460,0.0000,0.0000,0.0000,-0.5762,1.2204,-177.5029,0.046,990,0.0000,0.0000,0.0263,0,0,0.417
22.101,0,0,0,-0.6167,1.2333,-0.6266,1.2583,-175.9328,0.0000,0.0000,0.0000,-0.5761,1.2204,-177.5054,0.004,996,0.0000,0.0000,0.0268,0,0,0.391
22.203,0,0,0,-0.6167,1.2333,-0.6261,1.2579,-175.9460,0.0000,0.0000,0.0000,-0.6563,1.1995,-179.0357,0.009,1000,0.0000,0.0000,0.0263,0,0,0.358
22.302,0,0,0,-0.6167,1.2333,-0.6266,1.2583,-175.9353,0.0000,0.0000,0.0000,-0.5762,1.2204,-177.5034,0.006,1005,0.0000,0.0000,0.0268,0,0,0.411
22.401,0,0,0,-0.6167,1.2333,-0.6264,1.2572,-175.9738,0.0000,0.0000,0.0000,-0.6563,1.1995,-179.0362,0.015,1009,0.0000,0.0000,0.0258,0,0,0.381
22.502,0,0,0,-0.6167,1.2333,-0.6266,1.2583,-175.9361,0.0000,0.0000,0.0000,-0.5762,1.2204,-177.5038,0.005,1014,0.0000,0.0000,0.0269,0,0,0.335
22.602,0,0,0,-0.6167,1.2333,-0.6261,1.2579,-175.9508,0.0000,0.0000,0.0000,-0.6563,1.1995,-179.0354,0.009,1018,0.0000,0.0000,0.0263,0,0,0.414
22.702,0,0,0,-0.6167,1.2333,-0.6264,1.2573,-175.9769,0.0000,0.0000,0.0000,-0.5762,1.2204,-177.5043,0.006,1022,0.0000,0.0000,0.0258,0,0,0.402
22.803,0,0,0,-0.6167,1.2333,-0.6264,1.2573,-175.9783,0.0000,0.0000,0.0000,-0.6563,1.1995,-179.0355,0.010,1027,0.0000,0.0000,0.0259,0,0,0.399
22.901,0,0,0,-0.6167,1.2333,-0.6266,1.2583,-175.9422,0.0000,0.0000,0.0000,-0.6464,1.3534,-171.2710,0.016,1031,0.0000,0.0000,0.0269,0,0,0.405
23.002,0,0,0,-0.6167,1.2333,-0.6266,1.2583,-175.9431,0.0000,0.0000,0.0000,-0.6563,1.1995,-179.0360,0.005,1035,0.0000,0.0000,0.0269,0,0,0.407
23.101,0,0,0,-0.6167,1.2333,-0.6266,1.2583,-175.9431,0.0000,0.0000,0.0000,-0.6464,1.3534,-171.2708,0.022,1040,0.0000,0.0000,0.0269,0,0,0.411
23.202,0,0,0,-0.6167,1.2333,-0.6261,1.2579,-175.9563,0.0000,0.0000,0.0000,-0.5762,1.2204,-177.5027,0.043,1044,0.0000,0.0000,0.0263,0,0,0.396
23.302,0,0,0,-0.6167,1.2333,-0.6266,1.2583,-175.9436,0.0000,0.0000,0.0000,-0.5762,1.2204,-177.5029,0.004,1050,0.0000,0.0000,0.0268,0,0,0.394
23.402,0,0,0,-0.6167,1.2333,-0.6261,1.2579,-175.9596,0.0000,0.0000,0.0000,-0.5762,1.2204,-177.5036,0.040,1053,0.0000,0.0000,0.0263,0,0,0.409
23.502,0,0,0,-0.6167,1.2333,-0.6266,1.2583,-175.9472,0.0000,0.0000,0.0000,-0.5761,1.2204,-177.5052,0.007,1059,0.0000,0.0000,0.0268,0,0,0.327
23.601,0,0,0,-0.6167,1.2333,-0.6261,1.2579,-175.9590,0.0000,0.0000,0.0000,-0.6563,1.1995,-179.0353,0.007,1063,0.0000,0.0000,0.0263,0,0,0.371
23.702,0,0,0,-0.6167,1.2333,-0.6266,1.2583,-175.9478,0.0000,0.0000,0.0000,-0.5762,1.2204,-177.5043,0.011,1068,0.0000,0.0000,0.0268,0,0,0.403
23.802,0,0,0,-0.6167,1.2333,-0.6264,1.2572,-175.9867,0.0000,0.0000,0.0000,-0.6563,1.1995,-179.0359,0.011,1072,0.0000,0.0000,0.0258,0,0,0.408
23.901,0,0,0,-0.6167,1.2333,-0.6266,1.2583,-175.9493,0.0000,0.0000,0.0000,-0.5762,1.2204,-177.5040,0.006,1077,0.0000,0.0000,0.0268,0,0,0.402
24.002,0,0,0,-0.6167,1.2333,-0.6264,1.2572,-175.9877,0.0000,0.0000,0.0000,-0.6563,1.1995,-179.0362,0.006,1081,0.0000,0.0000,0.0258,0,0,0.412
24.101,0,0,0,-0.6167,1.2333,-0.6266,1.2583,-175.9511,0.0000,0.0000,0.0000,-0.5761,1.2204,-177.5047,0.007,1086,0.0000,0.0000,0.0269,0,0,0.415
24.203,0,0,0,-0.6167,1.2333,-0.6261,1.2579,-175.9658,0.0000,0.0000,0.0000,-0.6563,1.1995,-179.0355,0.006,1090,0.0000,0.0000,0.0263,0,0,0.412
24.301,0,0,0,-0.6167,1.2333,-0.6266,1.2583,-175.9533,0.0000,0.0000,0.0000,-0.6464,1.3534,-171.2707,0.014,1094,0.0000,0.0000,0.0269,0,0,0.390
24.402,0,0,0,-0.6167,1.2333,-0.6264,1.2573,-175.9914,0.0000,0.0000,0.0000,-0.6563,1.1995,-179.0360,0.010,1099,0.0000,0.0000,0.0258,0,0,0.318
24.502,0,0,0,-0.6167,1.2333,-0.6261,1.2579,-175.9678,0.0000,0.0000,0.0000,-0.6464,1.3534,-171.2708,0.006,1102,0.0000,0.0000,0.0263,0,0,0.334
24.604,0,0,0,-0.6167,1.2333,-0.6266,1.2583,-175.9567,0.0000,0.0000,0.0000,-0.5762,1.2204,-177.5044,0.007,1107,0.0000,0.0000,0.0268,0,0,0.402
24.702,0,0,0,-0.6167,1.2333,-0.6266,1.2582,-175.9570,0.0000,0.0000,0.0000,-0.5761,1.2204,-177.5049,0.011,1113,0.0000,0.0000,0.0268,0,0,0.338
24.802,0,0,0,-0.6167,1.2333,-0.6264,1.2572,-175.9951,0.0000,0.0000,0.0000,-0.6563,1.1995,-179.0360,0.015,1117,0.0000,0.0000,0.0258,0,0,0.409
24.902,0,0,0,-0.6167,1.2333,-0.6266,1.2582,-175.9572,0.0000,0.0000,0.0000,-0.5762,1.2204,-177.5033,0.010,1122,0.0000,0.0000,0.0268,0,0,0.404
25.003,0,0,0,-0.6167,1.2333,-0.6264,1.2572,-175.9958,0.0000,0.0000,0.0000,-0.6563,1.1995,-179.0363,0.015,1126,0.0000,0.0000,0.0258,0,0,0.424
25.102,0,0,0,-0.6167,1.2333,-0.6266,1.2582,-175.9574,0.0000,0.0000,0.0000,-0.5762,1.2204,-177.5035,0.010,1131,0.0000,0.0000,0.0268,0,0,0.351
25.201,0,0,0,-0.6167,1.2333,-0.6264,1.2572,-175.9961,0.0000,0.0000,0.0000,-0.6563,1.1995,-179.0360,0.013,1135,0.0000,0.0000,0.0258,0,0,0.413
25.301,0,0,0,-0.6167,1.2333,-0.6266,1.2582,-175.9587,0.0000,0.0000,0.0000,-0.5762,1.2204,-177.5042,0.010,1140,0.0000,0.0000,0.0268,0,0,0.394
25.404,0,0,0,-0.6167,1.2333,-0.6264,1.2572,-175.9976,0.0000,0.0000,0.0000,-0.6563,1.1995,-179.0355,0.014,1144,0.0000,0.0000,0.0258,0,0,0.399
25.502,0,0,0,-0.6167,1.2333,-0.6264,1.2572,-175.9971,0.0000,0.0000,0.0000,-0.5762,1.2204,-177.5035,0.012,1148,0.0000,0.0000,0.0258,0,0,0.416
25.603,0,0,0,-0.6167,1.2333,-0.6261,1.2579,-175.9707,0.0000,0.0000,0.0000,-0.6563,1.1995,-179.0361,0.013,1153,0.0000,0.0000,0.0263,0,0,0.410
25.701,0,0,0,-0.6167,1.2333,-0.6266,1.2583,-175.9591,0.0000,0.0000,0.0000,-0.6464,1.3534,-171.2713,0.022,1157,0.0000,0.0000,0.0269,0,0,0.404
25.803,0,0,0,-0.6167,1.2333,-0.6261,1.2579,-175.9732,0.0000,0.0000,0.0000,-0.5762,1.2204,-177.5039,0.020,1161,0.0000,0.0000,0.0263,0,0,0.398
25.901,0,0,0,-0.6167,1.2333,-0.6266,1.2583,-175.9620,0.0000,0.0000,0.0000,-0.5762,1.2204,-177.5036,0.004,1167,0.0000,0.0000,0.0268,0,0,0.394
26.004,0,0,0,-0.6167,1.2333,-0.6261,1.2579,-175.9777,0.0000,0.0000,0.0000,-0.6563,1.1995,-179.0358,0.003,1171,0.0000,0.0000,0.0263,0,0,0.407
26.101,0,0,0,-0.6167,1.2333,-0.6266,1.2583,-175.9665,0.0000,0.0000,0.0000,-0.5762,1.2204,-177.5039,0.008,1176,0.0000,0.0000,0.0268,0,0,0.399
26.202,0,0,0,-0.6167,1.2333,-0.6261,1.2579,-175.9794,0.0000,0.0000,0.0000,-0.6563,1.1995,-179.0357,0.008,1180,0.0000,0.0000,0.0263,0,0,0.411
26.302,0,0,0,-0.6167,1.2333,-0.6266,1.2583,-175.9690,0.0000,0.0000,0.0000,-0.5762,1.2204,-177.5036,0.007,1185,0.0000,0.0000,0.0268,0,0,0.327
26.401,0,0,0,-0.6167,1.2333,-0.6264,1.2572,-176.0070,0.0000,0.0000,0.0000,-0.6563,1.1995,-179.0358,0.011,1189,0.0000,0.0000,0.0258,0,0,0.396
26.503,0,0,0,-0.6167,1.2333,-0.6266,1.2583,-175.9696,0.0000,0.0000,0.0000,-0.5762,1.2204,-177.5029,0.012,1194,0.0000,0.0000,0.0268,0,0,0.400
26.603,0,0,0,-0.6167,1.2333,-0.6264,1.2572,-176.0079,0.0000,0.0000,0.0000,-0.6563,1.1995,-179.0358,0.013,1198,0.0000,0.0000,0.0258,0,0,0.419
26.704,0,0,0,-0.6167,1.2333,-0.6264,1.2572,-176.0096,0.0000,0.0000,0.0000,-0.5762,1.2204,-177.5028,0.009,1202,0.0000,0.0000,0.0258,0,0,0.400
26.803,0,0,0,-0.6167,1.2333,-0.6264,1.2573,-176.0077,0.0000,0.0000,0.0000,-0.6563,1.1995,-179.0363,0.013,1207,0.0000,0.0000,0.0258,0,0,0.396
26.902,0,0,0,-0.6167,1.2333,-0.6266,1.2583,-175.9685,0.0000,0.0000,0.0000,-0.6464,1.3534,-171.2716,0.014,1211,0.0000,0.0000,0.0269,0,0,0.391
27.003,0,0,0,-0.6167,1.2333,-0.6266,1.2583,-175.9689,0.0000,0.0000,0.0000,-0.6563,1.1995,-179.0355,0.008,1215,0.0000,0.0000,0.0269,0,0,0.403
27.104,0,0,0,-0.6167,1.2333,-0.6266,1.2583,-175.9700,0.0000,0.0000,0.0000,-0.5762,1.2203,-177.5037,0.004,1221,0.0000,0.0000,0.0268,0,0,0.403
27.206,0,0,0,-0.6167,1.2333,-0.6261,1.2579,-175.9836,0.0000,0.0000,0.0000,-0.5762,1.2204,-177.5039,0.045,1224,0.0000,0.0000,0.0263,0,0,0.326
27.301,0,0,0,-0.6167,1.2333,-0.6264,1.2572,-176.0103,0.0000,0.0000,0.0000,-0.5762,1.2204,-177.5038,0.002,1230,0.0000,0.0000,0.0258,0,0,0.418
27.401,0,0,0,-0.6167,1.2333,-0.6261,1.2578,-175.9859,0.0000,0.0000,0.0000,-0.5762,1.2203,-177.5040,0.034,1233,0.0000,0.0000,0.0263,0,0,0.407
27.502,0,0,0,-0.6167,1.2333,-0.6266,1.2582,-175.9743,0.0000,0.0000,0.0000,-0.5844,1.2301,-178.1927,0.011,1239,0.0000,0.0000,0.0268,0,0,0.393
27.601,0,0,0,-0.6167,1.2333,-0.6262,1.2579,-175.9919,0.0000,0.0000,0.0000,-0.6563,1.1995,-179.0362,0.008,1243,0.0000,0.0000,0.0264,0,0,0.300
27.702,0,0,0,-0.6167,1.2333,-0.6262,1.2579,-175.9908,0.0000,0.0000,0.0000,-0.5758,1.2200,-177.4668,0.008,1248,0.0000,0.0000,0.0264,0,0,0.397
27.802,0,0,0,-0.6167,1.2333,-0.6265,1.2573,-176.0166,0.0000,0.0000,0.0000,-0.6563,1.1995,-179.0357,0.016,1252,0.0000,0.0000,0.0259,0,0,0.301
27.905,0,0,0,-0.6167,1.2333,-0.6267,1.2583,-175.9777,0.0000,0.0000,0.0000,-0.5758,1.2200,-177.4670,0.008,1257,0.0000,0.0000,0.0269,0,0,0.404
28.001,0,0,0,-0.6167,1.2333,-0.6264,1.2573,-176.0159,0.0000,0.0000,0.0000,-0.6563,1.1995,-179.0374,0.007,1261,0.0000,0.0000,0.0259,0,0,0.342
28.102,0,0,0,-0.6167,1.2333,-0.6261,1.2579,-175.9898,0.0000,0.0000,0.0000,-0.5758,1.2200,-177.4670,0.012,1266,0.0000,0.0000,0.0263,0,0,0.398
28.202,0,0,0,-0.6167,1.2333,-0.6264,1.2573,-176.0140,0.0000,0.0000,0.0000,-0.6563,1.1995,-179.0372,0.015,1270,0.0000,0.0000,0.0258,0,0,0.335
28.301,0,0,0,-0.6167,1.2333,-0.6264,1.2573,-176.0140,0.0000,0.0000,0.0000,-0.5758,1.2199,-177.4670,0.003,1274,0.0000,0.0000,0.0259,0,0,0.397
28.402,0,0,0,-0.6167,1.2333,-0.6264,1.2573,-176.0128,0.0000,0.0000,0.0000,-0.6563,1.1995,-179.0363,0.013,1279,0.0000,0.0000,0.0259,0,0,0.407
28.501,0,0,0,-0.6167,1.2333,-0.6266,1.2583,-175.9740,0.0000,0.0000,0.0000,-0.6464,1.3534,-171.2716,0.025,1283,0.0000,0.0000,0.0269,0,0,0.417
28.603,0,0,0,-0.6167,1.2333,-0.6261,1.2579,-175.9869,0.0000,0.0000,0.0000,-0.5758,1.2199,-177.4668,0.024,1287,0.0000,0.0000,0.0263,0,0,0.414
28.703,0,0,0,-0.6167,1.2333,-0.6266,1.2583,-175.9738,0.0000,0.0000,0.0000,-0.5758,1.2199,-177.4662,0.003,1293,0.0000,0.0000,0.0268,0,0,0.399
28.802,0,0,0,-0.6167,1.2333,-0.6261,1.2578,-175.9860,0.0000,0.0000,0.0000,-0.5758,1.2199,-177.4671,0.044,1296,0.0000,0.0000,0.0262,0,0,0.334
28.903,0,0,0,-0.6167,1.2333,-0.6266,1.2582,-175.9707,0.0000,0.0000,0.0000,-0.5758,1.2199,-177.4667,0.005,1302,0.0000,0.0000,0.0268,0,0,0.405
29.001,0,0,0,-0.6167,1.2333,-0.6261,1.2578,-175.9839,0.0000,0.0000,0.0000,-0.6563,1.1995,-179.0366,0.006,1306,0.0000,0.0000,0.0262,0,0,0.408
29.102,0,0,0,-0.6167,1.2333,-0.6261,1.2578,-175.9826,0.0000,0.0000,0.0000,-0.5758,1.2199,-177.4661,0.014,1311,0.0000,0.0000,0.0262,0,0,0.391
29.202,0,0,0,-0.6167,1.2333,-0.6261,1.2578,-175.9833,0.0000,0.0000,0.0000,-0.6563,1.1995,-179.0364,0.013,1315,0.0000,0.0000,0.0262,0,0,0.396
29.302,0,0,0,-0.6167,1.2333,-0.6266,1.2582,-175.9703,0.0000,0.0000,0.0000,-0.5758,1.2199,-177.4671,0.011,1320,0.0000,0.0000,0.0268,0,0,0.399
29.403,0,0,0,-0.6167,1.2333,-0.6264,1.2572,-176.0074,0.0000,0.0000,0.0000,-0.6563,1.1995,-179.0360,0.011,1324,0.0000,0.0000,0.0257,0,0,0.347
29.503,0,0,0,-0.6167,1.2333,-0.6258,1.2568,-176.0200,0.0000,0.0000,0.0000,-0.6464,1.3534,-171.2727,0.003,1329,0.0000,0.0000,0.0252,0,0,0.321
29.603,0,0,0,-0.6167,1.2333,-0.6260,1.2578,-175.9826,0.0000,0.0000,0.0000,-0.6563,1.1995,-179.0366,0.006,1333,0.0000,0.0000,0.0262,0,0,0.389
29.703,0,0,0,-0.6167,1.2333,-0.6264,1.2572,-176.0067,0.0000,0.0000,0.0000,-0.6464,1.3534,-171.2729,0.012,1337,0.0000,0.0000,0.0258,0,0,0.409
29.801,0,0,0,-0.6167,1.2333,-0.6269,1.2576,-175.9915,0.0000,0.0000,0.0000,-0.6563,1.1995,-179.0365,0.011,1341,0.0000,0.0000,0.0263,0,0,0.382
29.902,0,0,0,-0.6167,1.2333,-0.6265,1.2582,-175.9655,0.0000,0.0000,0.0000,-0.6464,1.3534,-171.2731,0.021,1346,0.0000,0.0000,0.0268,0,0,0.422
30.003,0,0,0,-0.6167,1.2333,-0.6260,1.2578,-175.9771,0.0000,0.0000,0.0000,-0.5758,1.2199,-177.4667,0.045,1350,0.0000,0.0000,0.0262,0,0,0.306
30.103,0,0,0,-0.6167,1.2333,-0.6266,1.2582,-175.9649,0.0000,0.0000,0.0000,-0.5758,1.2199,-177.4679,0.005,1356,0.0000,0.0000,0.0267,0,0,0.409
30.203,0,0,0,-0.6167,1.2333,-0.6260,1.2578,-175.9790,0.0000,0.0000,0.0000,-0.6563,1.1995,-179.0362,0.003,1360,0.0000,0.0000,0.0262,0,0,0.395
30.301,0,0,0,-0.6167,1.2333,-0.6260,1.2578,-175.9783,0.0000,0.0000,0.0000,-0.5758,1.2199,-177.4658,0.006,1365,0.0000,0.0000,0.0262,0,0,0.407
30.402,0,0,0,-0.6167,1.2333,-0.6263,1.2571,-176.0048,0.0000,0.0000,0.0000,-0.6563,1.1995,-179.0367,0.013,1369,0.0000,0.0000,0.0257,0,0,0.402
30.501,0,0,0,-0.6167,1.2333,-0.6265,1.2582,-175.9659,0.0000,0.0000,0.0000,-0.5758,1.2199,-177.4658,0.011,1374,0.0000,0.0000,0.0267,0,0,0.396
30.603,0,0,0,-0.6167,1.2333,-0.6263,1.2571,-176.0040,0.0000,0.0000,0.0000,-0.6563,1.1995,-179.0365,0.014,1378,0.0000,0.0000,0.0257,0,0,0.334
30.702,0,0,0,-0.6167,1.2333,-0.6265,1.2582,-175.9680,0.0000,0.0000,0.0000,-0.5758,1.2199,-177.4666,0.007,1383,0.0000,0.0000,0.0267,0,0,0.401
30.804,0,0,0,-0.6167,1.2333,-0.6263,1.2571,-176.0055,0.0000,0.0000,0.0000,-0.6563,1.1995,-179.0368,0.015,1387,0.0000,0.0000,0.0257,0,0,0.394
30.901,0,0,0,-0.6167,1.2333,-0.6265,1.2582,-175.9665,0.0000,0.0000,0.0000,-0.5758,1.2199,-177.4662,0.008,1392,0.0000,0.0000,0.0267,0,0,0.404
31.002,0,0,0,-0.6167,1.2333,-0.6260,1.2578,-175.9774,0.0000,0.0000,0.0000,-0.6563,1.1995,-179.0362,0.008,1396,0.0000,0.0000,0.0261,0,0,0.399
31.102,0,0,0,-0.6167,1.2333,-0.6263,1.2571,-176.0013,0.0000,0.0000,0.0000,-0.5758,1.2199,-177.4663,0.006,1400,0.0000,0.0000,0.0257,0,0,0.404
31.203,0,0,0,-0.6167,1.2333,-0.6263,1.2571,-175.9999,0.0000,0.0000,0.0000,-0.6563,1.1995,-179.0372,0.012,1405,0.0000,0.0000,0.0257,0,0,0.393
31.302,0,0,0,-0.6167,1.2333,-0.6265,1.2582,-175.9612,0.0000,0.0000,0.0000,-0.6563,1.1995,-179.0368,0.014,1409,0.0000,0.0000,0.0267,0,0,0.323
31.401,0,0,0,-0.6167,1.2333,-0.6260,1.2577,-175.9748,0.0000,0.0000,0.0000,-0.5758,1.2199,-177.4671,0.043,1413,0.0000,0.0000,0.0261,0,0,0.406
31.502,0,0,0,-0.6167,1.2333,-0.6261,1.2578,-175.9799,0.0000,0.0000,0.0000,-0.5758,1.2203,-177.4863,0.011,1419,0.0000,0.0000,0.0263,0,0,0.331
31.602,0,0,0,-0.6167,1.2333,-0.6264,1.2572,-176.0033,0.0000,0.0000,0.0000,-0.6563,1.1995,-179.0361,0.012,1423,0.0000,0.0000,0.0258,0,0,0.310
31.703,0,0,0,-0.6167,1.2333,-0.6261,1.2578,-175.9773,0.0000,0.0000,0.0000,-0.5759,1.2203,-177.4857,0.012,1428,0.0000,0.0000,0.0262,0,0,0.409
31.801,0,0,0,-0.6167,1.2333,-0.6264,1.2572,-176.0028,0.0000,0.0000,0.0000,-0.6563,1.1995,-179.0366,0.012,1432,0.0000,0.0000,0.0258,0,0,0.424
31.903,0,0,0,-0.6167,1.2333,-0.6266,1.2582,-175.9633,0.0000,0.0000,0.0000,-0.5759,1.2203,-177.4842,0.011,1437,0.0000,0.0000,0.0268,0,0,0.413
32.003,0,0,0,-0.6167,1.2333,-0.6261,1.2578,-175.9758,0.0000,0.0000,0.0000,-0.6563,1.1995,-179.0365,0.009,1441,0.0000,0.0000,0.0262,0,0,0.391
32.102,0,0,0,-0.6167,1.2333,-0.6266,1.2582,-175.9629,0.0000,0.0000,0.0000,-0.5759,1.2203,-177.4837,0.008,1446,0.0000,0.0000,0.0268,0,0,0.574
32.204,0,0,0,-0.6167,1.2333,-0.6261,1.2578,-175.9768,0.0000,0.0000,0.0000,-0.6563,1.1995,-179.0365,0.013,1450,0.0000,0.0000,0.0262,0,0,0.409
32.302,0,0,0,-0.6167,1.2333,-0.6264,1.2572,-176.0000,0.0000,0.0000,0.0000,-0.5759,1.2203,-177.4848,0.011,1454,0.0000,0.0000,0.0258,0,0,0.395
32.403,0,0,0,-0.6167,1.2333,-0.6264,1.2572,-175.9992,0.0000,0.0000,0.0000,-0.6563,1.1995,-179.0368,0.014,1459,0.0000,0.0000,0.0258,0,0,0.337
32.501,0,0,0,-0.6167,1.2333,-0.6266,1.2583,-175.9614,0.0000,0.0000,0.0000,-0.6464,1.3534,-171.2728,0.024,1463,0.0000,0.0000,0.0268,0,0,0.409
32.601,0,0,0,-0.6167,1.2333,-0.6260,1.2579,-175.9736,0.0000,0.0000,0.0000,-0.5759,1.2203,-177.4851,0.021,1467,0.0000,0.0000,0.0263,0,0,0.410
32.703,0,0,0,-0.6167,1.2333,-0.6266,1.2582,-175.9602,0.0000,0.0000,0.0000,-0.5759,1.2203,-177.4851,0.008,1473,0.0000,0.0000,0.0268,0,0,0.408
32.803,0,0,0,-0.6167,1.2333,-0.6260,1.2578,-175.9740,0.0000,0.0000,0.0000,-0.5759,1.2203,-177.4846,0.047,1476,0.0000,0.0000,0.0262,0,0,0.390
32.902,0,0,0,-0.6167,1.2333,-0.6266,1.2582,-175.9612,0.0000,0.0000,0.0000,-0.5759,1.2203,-177.4837,0.006,1482,0.0000,0.0000,0.0268,0,0,0.400
33.003,0,0,0,-0.6167,1.2333,-0.6261,1.2578,-175.9744,0.0000,0.0000,0.0000,-0.6563,1.1994,-179.0360,0.010,1486,0.0000,0.0000,0.0262,0,0,0.407
33.102,0,0,0,-0.6167,1.2333,-0.6261,1.2578,-175.9738,0.0000,0.0000,0.0000,-0.5759,1.2203,-177.4841,0.011,1491,0.0000,0.0000,0.0262,0,0,0.391
33.202,0,0,0,-0.6167,1.2333,-0.6260,1.2578,-175.9754,0.0000,0.0000,0.0000,-0.6563,1.1994,-179.0360,0.013,1495,0.0000,0.0000,0.0262,0,0,0.393
33.302,0,0,0,-0.6167,1.2333,-0.6266,1.2582,-175.9615,0.0000,0.0000,0.0000,-0.5759,1.2203,-177.4837,0.010,1500,0.0000,0.0000,0.0268,0,0,0.389
33.402,0,0,0,-0.6167,1.2333,-0.6264,1.2572,-175.9986,0.0000,0.0000,0.0000,-0.6563,1.1994,-179.0359,0.012,1504,0.0000,0.0000,0.0258,0,0,0.405
33.504,0,0,0,-0.6167,1.2333,-0.6264,1.2572,-175.9996,0.0000,0.0000,0.0000,-0.6464,1.3534,-171.2729,0.002,1509,0.0000,0.0000,0.0258,0,0,0.400
33.602,0,0,0,-0.6167,1.2333,-0.6264,1.2572,-175.9991,0.0000,0.0000,0.0000,-0.6563,1.1995,-179.0365,0.017,1513,0.0000,0.0000,0.0258,0,0,0.395
33.701,0,0,0,-0.6167,1.2333,-0.6266,1.2583,-175.9618,0.0000,0.0000,0.0000,-0.6464,1.3534,-171.2732,0.016,1517,0.0000,0.0000,0.0268,0,0,0.386
33.803,0,0,0,-0.6167,1.2333,-0.6260,1.2578,-175.9758,0.0000,0.0000,0.0000,-0.6563,1.1994,-179.0360,0.011,1522,0.0000,0.0000,0.0262,0,0,0.394
33.903,0,0,0,-0.6167,1.2333,-0.6266,1.2582,-175.9634,0.0000,0.0000,0.0000,-0.5759,1.2203,-177.4862,0.002,1527,0.0000,0.0000,0.0268,0,0,0.293
34.005,0,0,0,-0.6167,1.2333,-0.6260,1.2578,-175.9777,0.0000,0.0000,0.0000,-0.5759,1.2203,-177.4856,0.038,1530,0.0000,0.0000,0.0262,0,0,0.391
34.101,0,0,0,-0.6167,1.2333,-0.6260,1.2578,-175.9779,0.0000,0.0000,0.0000,-0.6464,1.3534,-171.2735,0.003,1533,0.0000,0.0000,0.0262,0,0,0.313
34.202,0,0,0,-0.6167,1.2333,-0.6260,1.2578,-175.9790,0.0000,0.0000,0.0000,-0.5759,1.2203,-177.4844,0.044,1538,0.0000,0.0000,0.0262,0,0,0.398
34.301,0,0,0,-0.6167,1.2333,-0.6266,1.2582,-175.9657,0.0000,0.0000,0.0000,-0.5759,1.2203,-177.4840,0.009,1544,0.0000,0.0000,0.0268,0,0,0.410
34.402,0,0,0,-0.6167,1.2333,-0.6264,1.2572,-176.0042,0.0000,0.0000,0.0000,-0.6563,1.1995,-179.0367,0.014,1548,0.0000,0.0000,0.0257,0,0,0.396
34.501,0,0,0,-0.6167,1.2333,-0.6266,1.2582,-175.9651,0.0000,0.0000,0.0000,-0.5759,1.2203,-177.4843,0.010,1553,0.0000,0.0000,0.0268,0,0,0.409
34.602,0,0,0,-0.6167,1.2333,-0.6263,1.2572,-176.0013,0.0000,0.0000,0.0000,-0.6563,1.1994,-179.0359,0.013,1557,0.0000,0.0000,0.0257,0,0,0.344
34.703,0,0,0,-0.6167,1.2333,-0.6266,1.2582,-175.9640,0.0000,0.0000,0.0000,-0.5759,1.2203,-177.4841,0.010,1562,0.0000,0.0000,0.0268,0,0,0.388
34.801,0,0,0,-0.6167,1.2333,-0.6263,1.2572,-176.0022,0.0000,0.0000,0.0000,-0.6563,1.1995,-179.0373,0.010,1566,0.0000,0.0000,0.0257,0,0,0.414
34.902,0,0,0,-0.6167,1.2333,-0.6266,1.2582,-175.9657,0.0000,0.0000,0.0000,-0.5759,1.2203,-177.4841,0.010,1571,0.0000,0.0000,0.0268,0,0,0.403
35.003,0,0,0,-0.6167,1.2333,-0.6263,1.2572,-176.0032,0.0000,0.0000,0.0000,-0.6563,1.1995,-179.0366,0.014,1575,0.0000,0.0000,0.0257,0,0,0.415
35.103,0,0,0,-0.6167,1.2333,-0.6264,1.2572,-176.0027,0.0000,0.0000,0.0000,-0.5760,1.2203,-177.4828,0.011,1579,0.0000,0.0000,0.0258,0,0,0.413
35.203,0,0,0,-0.6167,1.2333,-0.6260,1.2578,-175.9778,0.0000,0.0000,0.0000,-0.6563,1.1994,-179.0361,0.010,1584,0.0000,0.0000,0.0262,0,0,0.418
35.301,0,0,0,-0.6167,1.2333,-0.6266,1.2582,-175.9659,0.0000,0.0000,0.0000,-0.6465,1.3533,-171.2729,0.024,1588,0.0000,0.0000,0.0268,0,0,0.431
35.402,0,0,0,-0.6167,1.2333,-0.6260,1.2578,-175.9799,0.0000,0.0000,0.0000,-0.5759,1.2203,-177.4850,0.028,1592,0.0000,0.0000,0.0262,0,0,0.410
35.502,0,0,0,-0.6167,1.2333,-0.6260,1.2578,-175.9788,0.0000,0.0000,0.0000,-0.5759,1.2203,-177.4848,0.010,1598,0.0000,0.0000,0.0262,0,0,0.415
35.603,0,0,0,-0.6167,1.2333,-0.6260,1.2578,-175.9793,0.0000,0.0000,0.0000,-0.5759,1.2203,-177.4843,0.041,1601,0.0000,0.0000,0.0262,0,0,0.395
35.702,0,0,0,-0.6167,1.2333,-0.6266,1.2582,-175.9655,0.0000,0.0000,0.0000,-0.5759,1.2203,-177.4845,0.012,1607,0.0000,0.0000,0.0268,0,0,0.416
35.802,0,0,0,-0.6167,1.2333,-0.6264,1.2572,-176.0034,0.0000,0.0000,0.0000,-0.6563,1.1994,-179.0363,0.010,1611,0.0000,0.0000,0.0257,0,0,0.408
35.902,0,0,0,-0.6167,1.2333,-0.6266,1.2582,-175.9652,0.0000,0.0000,0.0000,-0.5759,1.2203,-177.4841,0.010,1616,0.0000,0.0000,0.0268,0,0,0.387
36.002,0,0,0,-0.6167,1.2333,-0.6260,1.2578,-175.9792,0.0000,0.0000,0.0000,-0.6563,1.1994,-179.0361,0.011,1620,0.0000,0.0000,0.0262,0,0,0.396
36.103,0,0,0,-0.6167,1.2333,-0.6260,1.2578,-175.9794,0.0000,0.0000,0.0000,-0.5759,1.2203,-177.4840,0.013,1625,0.0000,0.0000,0.0262,0,0,0.418
36.203,0,0,0,-0.6167,1.2333,-0.6264,1.2572,-176.0060,0.0000,0.0000,0.0000,-0.6563,1.1995,-179.0371,0.014,1629,0.0000,0.0000,0.0257,0,0,0.409
36.303,0,0,0,-0.6167,1.2333,-0.6258,1.2568,-176.0186,0.0000,0.0000,0.0000,-0.6465,1.3534,-171.2733,0.002,1634,0.0000,0.0000,0.0252,0,0,0.398
36.403,0,0,0,-0.6167,1.2333,-0.6264,1.2572,-176.0056,0.0000,0.0000,0.0000,-0.6563,1.1995,-179.0371,0.016,1638,0.0000,0.0000,0.0258,0,0,0.417
36.502,0,0,0,-0.6167,1.2333,-0.6266,1.2583,-175.9675,0.0000,0.0000,0.0000,-0.6465,1.3534,-171.2737,0.014,1642,0.0000,0.0000,0.0268,0,0,0.385
36.602,0,0,0,-0.6167,1.2333,-0.6269,1.2576,-175.9926,0.0000,0.0000,0.0000,-0.6563,1.1995,-179.0374,0.013,1646,0.0000,0.0000,0.0263,0,0,0.405
36.702,0,0,0,-0.6167,1.2333,-0.6266,1.2582,-175.9667,0.0000,0.0000,0.0000,-0.6465,1.3533,-171.2731,0.024,1651,0.0000,0.0000,0.0268,0,0,0.411
36.804,0,0,0,-0.6167,1.2333,-0.6260,1.2578,-175.9796,0.0000,0.0000,0.0000,-0.5759,1.2202,-177.4844,0.047,1655,0.0000,0.0000,0.0262,0,0,0.405
36.902,0,0,0,-0.6167,1.2333,-0.6266,1.2582,-175.9682,0.0000,0.0000,0.0000,-0.5759,1.2202,-177.4845,0.009,1661,0.0000,0.0000,0.0268,0,0,0.405
37.005,0,0,0,-0.6167,1.2333,-0.6260,1.2578,-175.9821,0.0000,0.0000,0.0000,-0.5759,1.2202,-177.4843,0.042,1664,0.0000,0.0000,0.0262,0,0,0.414
37.102,0,0,0,-0.6167,1.2333,-0.6260,1.2578,-175.9818,0.0000,0.0000,0.0000,-0.5760,1.2202,-177.4834,0.014,1670,0.0000,0.0000,0.0262,0,0,0.365
37.202,0,0,0,-0.6167,1.2333,-0.6264,1.2572,-176.0065,0.0000,0.0000,0.0000,-0.6563,1.1995,-179.0378,0.014,1674,0.0000,0.0000,0.0257,0,0,0.392
37.302,0,0,0,-0.6167,1.2333,-0.6260,1.2578,-175.9820,0.0000,0.0000,0.0000,-0.5760,1.2202,-177.4831,0.011,1679,0.0000,0.0000,0.0262,0,0,0.400
37.402,0,0,0,-0.6167,1.2333,-0.6264,1.2572,-176.0077,0.0000,0.0000,0.0000,-0.6563,1.1994,-179.0364,0.012,1683,0.0000,0.0000,0.0257,0,0,0.381
37.501,0,0,0,-0.6167,1.2333,-0.6266,1.2582,-175.9698,0.0000,0.0000,0.0000,-0.5760,1.2202,-177.4838,0.008,1688,0.0000,0.0000,0.0268,0,0,0.337
37.602,0,0,0,-0.6167,1.2333,-0.6264,1.2572,-176.0074,0.0000,0.0000,0.0000,-0.6563,1.1994,-179.0369,0.014,1692,0.0000,0.0000,0.0257,0,0,0.379
37.703,0,0,0,-0.6167,1.2333,-0.6266,1.2582,-175.9683,0.0000,0.0000,0.0000,-0.5760,1.2202,-177.4838,0.008,1697,0.0000,0.0000,0.0268,0,0,0.585
37.801,0,0,0,-0.6167,1.2333,-0.6260,1.2578,-175.9792,0.0000,0.0000,0.0000,-0.6563,1.1995,-179.0378,0.011,1701,0.0000,0.0000,0.0262,0,0,0.412
37.902,0,0,0,-0.6167,1.2333,-0.6263,1.2572,-176.0037,0.0000,0.0000,0.0000,-0.5760,1.2202,-177.4835,0.035,1704,0.0000,0.0000,0.0257,0,0,0.393
38.002,0,0,0,-0.6167,1.2333,-0.6260,1.2578,-175.9771,0.0000,0.0000,0.0000,-0.6563,1.1994,-179.0363,0.013,1710,0.0000,0.0000,0.0262,0,0,0.400
38.102,0,0,0,-0.6167,1.2333,-0.6266,1.2582,-175.9646,0.0000,0.0000,0.0000,-0.5760,1.2202,-177.4833,0.008,1715,0.0000,0.0000,0.0268,0,0,0.404
38.203,0,0,0,-0.6167,1.2333,-0.6260,1.2578,-175.9785,0.0000,0.0000,0.0000,-0.5760,1.2202,-177.4838,0.045,1718,0.0000,0.0000,0.0262,0,0,0.420
38.302,0,0,0,-0.6167,1.2333,-0.6266,1.2582,-175.9652,0.0000,0.0000,0.0000,-0.5760,1.2202,-177.4838,0.011,1724,0.0000,0.0000,0.0268,0,0,0.394
38.401,0,0,0,-0.6167,1.2333,-0.6264,1.2572,-176.0018,0.0000,0.0000,0.0000,-0.6563,1.1994,-179.0367,0.015,1728,0.0000,0.0000,0.0257,0,0,0.315
38.503,0,0,0,-0.6167,1.2333,-0.6266,1.2582,-175.9627,0.0000,0.0000,0.0000,-0.5760,1.2202,-177.4840,0.012,1733,0.0000,0.0000,0.0268,0,0,0.400
38.602,0,0,0,-0.6167,1.2333,-0.6264,1.2572,-176.0024,0.0000,0.0000,0.0000,-0.6563,1.1995,-179.0370,0.013,1737,0.0000,0.0000,0.0257,0,0,0.321
38.701,0,0,0,-0.6167,1.2333,-0.6266,1.2582,-175.9657,0.0000,0.0000,0.0000,-0.5760,1.2202,-177.4837,0.006,1742,0.0000,0.0000,0.0268,0,0,0.328
38.802,0,0,0,-0.6167,1.2333,-0.6264,1.2572,-176.0038,0.0000,0.0000,0.0000,-0.6563,1.1995,-179.0369,0.015,1746,0.0000,0.0000,0.0257,0,0,0.405
38.902,0,0,0,-0.6167,1.2333,-0.6266,1.2582,-175.9664,0.0000,0.0000,0.0000,-0.5760,1.2202,-177.4833,0.011,1751,0.0000,0.0000,0.0268,0,0,0.411
39.002,0,0,0,-0.6167,1.2333,-0.6264,1.2572,-176.0055,0.0000,0.0000,0.0000,-0.6563,1.1995,-179.0370,0.011,1755,0.0000,0.0000,0.0257,0,0,0.412
39.101,0,0,0,-0.6167,1.2333,-0.6264,1.2572,-176.0042,0.0000,0.0000,0.0000,-0.6465,1.3534,-171.2749,0.003,1760,0.0000,0.0000,0.0257,0,0,0.586
39.202,0,0,0,-0.6167,1.2333,-0.6264,1.2572,-176.0052,0.0000,0.0000,0.0000,-0.6563,1.1995,-179.0369,0.014,1764,0.0000,0.0000,0.0258,0,0,0.405
39.302,0,0,0,-0.6167,1.2333,-0.6266,1.2582,-175.9667,0.0000,0.0000,0.0000,-0.6466,1.3533,-171.2728,0.023,1768,0.0000,0.0000,0.0268,0,0,0.403
39.402,0,0,0,-0.6167,1.2333,-0.6260,1.2578,-175.9805,0.0000,0.0000,0.0000,-0.6563,1.1994,-179.0367,0.003,1773,0.0000,0.0000,0.0262,0,0,0.402
39.502,0,0,0,-0.6167,1.2333,-0.6260,1.2578,-175.9794,0.0000,0.0000,0.0000,-0.5760,1.2202,-177.4835,0.013,1778,0.0000,0.0000,0.0262,0,0,0.395
39.602,0,0,0,-0.6167,1.2333,-0.6260,1.2578,-175.9800,0.0000,0.0000,0.0000,-0.5760,1.2202,-177.4835,0.041,1781,0.0000,0.0000,0.0262,0,0,0.410
39.702,0,0,0,-0.6167,1.2333,-0.6263,1.2588,-175.9412,0.0000,0.0000,0.0000,-0.6563,1.1994,-179.0364,0.007,1786,0.0000,0.0000,0.0272,0,0,0.411
39.802,0,0,0,-0.6167,1.2333,-0.6261,1.2578,-175.9778,0.0000,0.0000,0.0000,-0.5760,1.2202,-177.4841,0.043,1790,0.0000,0.0000,0.0262,0,0,0.333
39.903,0,0,0,-0.6167,1.2333,-0.6266,1.2582,-175.9644,0.0000,0.0000,0.0000,-0.5760,1.2202,-177.4839,0.012,1796,0.0000,0.0000,0.0268,0,0,0.390
40.001,0,0,0,-0.6167,1.2333,-0.6264,1.2572,-176.0022,0.0000,0.0000,0.0000,-0.6563,1.1995,-179.0370,0.011,1800,0.0000,0.0000,0.0257,0,0,0.412
40.102,0,0,0,-0.6167,1.2333,-0.6266,1.2582,-175.9657,0.0000,0.0000,0.0000,-0.5759,1.2202,-177.4860,0.010,1805,0.0000,0.0000,0.0268,0,0,0.397
40.201,0,0,0,-0.6167,1.2333,-0.6264,1.2572,-176.0041,0.0000,0.0000,0.0000,-0.6563,1.1994,-179.0363,0.015,1809,0.0000,0.0000,0.0257,0,0,0.421
40.303,0,0,0,-0.6167,1.2333,-0.6258,1.2568,-176.0165,0.0000,0.0000,0.0000,-0.6466,1.3533,-171.2743,0.005,1814,0.0000,0.0000,0.0252,0,0,0.345
40.402,0,0,0,-0.6167,1.2333,-0.6264,1.2572,-176.0012,0.0000,0.0000,0.0000,-0.6563,1.1995,-179.0375,0.012,1818,0.0000,0.0000,0.0257,0,0,0.419
40.501,0,0,0,-0.6167,1.2333,-0.6266,1.2582,-175.9620,0.0000,0.0000,0.0000,-0.6466,1.3533,-171.2735,0.020,1822,0.0000,0.0000,0.0268,0,0,0.408
40.603,0,0,0,-0.6167,1.2333,-0.6269,1.2576,-175.9875,0.0000,0.0000,0.0000,-0.5759,1.2202,-177.4849,0.003,1827,0.0000,0.0000,0.0263,0,0,0.390
40.702,0,0,0,-0.6167,1.2333,-0.6266,1.2582,-175.9598,0.0000,0.0000,0.0000,-0.6466,1.3533,-171.2728,0.022,1831,0.0000,0.0000,0.0268,0,0,0.390
40.803,0,0,0,-0.6167,1.2333,-0.6260,1.2578,-175.9730,0.0000,0.0000,0.0000,-0.5760,1.2202,-177.4840,0.040,1835,0.0000,0.0000,0.0262,0,0,0.397
40.902,0,0,0,-0.6167,1.2333,-0.6266,1.2582,-175.9591,0.0000,0.0000,0.0000,-0.5760,1.2202,-177.4844,0.007,1841,0.0000,0.0000,0.0268,0,0,0.393
41.005,0,0,0,-0.6167,1.2333,-0.6260,1.2578,-175.9725,0.0000,0.0000,0.0000,-0.5759,1.2202,-177.4848,0.046,1844,0.0000,0.0000,0.0262,0,0,0.384
41.101,0,0,0,-0.6167,1.2333,-0.6261,1.2578,-175.9714,0.0000,0.0000,0.0000,-0.5759,1.2202,-177.4847,0.010,1850,0.0000,0.0000,0.0262,0,0,0.396
41.202,0,0,0,-0.6167,1.2333,-0.6264,1.2571,-175.9952,0.0000,0.0000,0.0000,-0.6563,1.1994,-179.0364,0.015,1854,0.0000,0.0000,0.0257,0,0,0.392
41.301,0,0,0,-0.6167,1.2333,-0.6261,1.2578,-175.9696,0.0000,0.0000,0.0000,-0.5759,1.2202,-177.4868,0.008,1859,0.0000,0.0000,0.0262,0,0,0.422
41.401,0,0,0,-0.6167,1.2333,-0.6264,1.2571,-175.9941,0.0000,0.0000,0.0000,-0.6563,1.1994,-179.0365,0.010,1863,0.0000,0.0000,0.0257,0,0,0.406
41.502,0,0,0,-0.6167,1.2333,-0.6266,1.2582,-175.9551,0.0000,0.0000,0.0000,-0.5760,1.2202,-177.4834,0.008,1868,0.0000,0.0000,0.0268,0,0,0.385
41.601,0,0,0,-0.6167,1.2333,-0.6264,1.2572,-175.9911,0.0000,0.0000,0.0000,-0.6563,1.1995,-179.0374,0.014,1872,0.0000,0.0000,0.0257,0,0,0.400
41.702,0,0,0,-0.6167,1.2333,-0.6261,1.2578,-175.9652,0.0000,0.0000,0.0000,-0.5760,1.2202,-177.4834,0.010,1877,0.0000,0.0000,0.0262,0,0,0.390
41.802,0,0,0,-0.6167,1.2333,-0.6264,1.2572,-175.9904,0.0000,0.0000,0.0000,-0.6563,1.1994,-179.0369,0.013,1881,0.0000,0.0000,0.0257,0,0,0.390
41.901,0,0,0,-0.6167,1.2333,-0.6264,1.2572,-175.9899,0.0000,0.0000,0.0000,-0.5760,1.2202,-177.4823,0.008,1885,0.0000,0.0000,0.0257,0,0,0.407
42.002,0,0,0,-0.6167,1.2333,-0.6264,1.2572,-175.9885,0.0000,0.0000,0.0000,-0.6563,1.1995,-179.0375,0.016,1890,0.0000,0.0000,0.0258,0,0,0.345
42.103,0,0,0,-0.6167,1.2333,-0.6266,1.2582,-175.9499,0.0000,0.0000,0.0000,-0.6466,1.3533,-171.2734,0.029,1894,0.0000,0.0000,0.0268,0,0,0.418
42.205,0,0,0,-0.6167,1.2333,-0.6260,1.2578,-175.9626,0.0000,0.0000,0.0000,-0.5760,1.2202,-177.4837,0.021,1898,0.0000,0.0000,0.0262,0,0,0.414
42.302,0,0,0,-0.6167,1.2333,-0.6266,1.2582,-175.9505,0.0000,0.0000,0.0000,-0.5760,1.2202,-177.4843,0.007,1904,0.0000,0.0000,0.0268,0,0,0.416
42.403,0,0,0,-0.6167,1.2333,-0.6261,1.2578,-175.9620,0.0000,0.0000,0.0000,-0.5760,1.2202,-177.4838,0.045,1907,0.0000,0.0000,0.0262,0,0,0.358
42.501,0,0,0,-0.6167,1.2333,-0.6266,1.2582,-175.9490,0.0000,0.0000,0.0000,-0.5760,1.2202,-177.4841,0.007,1913,0.0000,0.0000,0.0267,0,0,0.350
42.602,0,0,0,-0.6167,1.2333,-0.6261,1.2578,-175.9605,0.0000,0.0000,0.0000,-0.6563,1.1994,-179.0366,0.008,1917,0.0000,0.0000,0.0262,0,0,0.358
42.701,0,0,0,-0.6167,1.2333,-0.6266,1.2582,-175.9472,0.0000,0.0000,0.0000,-0.5760,1.2202,-177.4832,0.008,1922,0.0000,0.0000,0.0267,0,0,0.509
42.802,0,0,0,-0.6167,1.2333,-0.6264,1.2571,-175.9833,0.0000,0.0000,0.0000,-0.6563,1.1994,-179.0372,0.015,1926,0.0000,0.0000,0.0257,0,0,0.393
42.901,0,0,0,-0.6167,1.2333,-0.6266,1.2582,-175.9451,0.0000,0.0000,0.0000,-0.5760,1.2202,-177.4834,0.008,1931,0.0000,0.0000,0.0267,0,0,0.408
43.001,0,0,0,-0.6167,1.2333,-0.6264,1.2571,-175.9826,0.0000,0.0000,0.0000,-0.6563,1.1994,-179.0364,0.014,1935,0.0000,0.0000,0.0257,0,0,0.412
43.104,0,0,0,-0.6167,1.2333,-0.6258,1.2568,-175.9926,0.0000,0.0000,0.0000,-0.6465,1.3533,-171.2760,0.005,1940,0.0000,0.0000,0.0252,0,0,0.599
43.203,0,0,0,-0.6167,1.2333,-0.6264,1.2572,-175.9790,0.0000,0.0000,0.0000,-0.6563,1.1994,-179.0371,0.016,1944,0.0000,0.0000,0.0257,0,0,0.404
43.301,0,0,0,-0.6167,1.2333,-0.6266,1.2582,-175.9414,0.0000,0.0000,0.0000,-0.6465,1.3533,-171.2753,0.016,1948,0.0000,0.0000,0.0268,0,0,0.389
43.402,0,0,0,-0.6167,1.2333,-0.6269,1.2576,-175.9668,0.0000,0.0000,0.0000,-0.6563,1.1994,-179.0372,0.017,1952,0.0000,0.0000,0.0263,0,0,0.384
43.503,0,0,0,-0.6167,1.2333,-0.6266,1.2582,-175.9404,0.0000,0.0000,0.0000,-0.5760,1.2202,-177.4843,0.003,1958,0.0000,0.0000,0.0268,0,0,0.359
43.602,0,0,0,-0.6167,1.2333,-0.6260,1.2578,-175.9541,0.0000,0.0000,0.0000,-0.5760,1.2202,-177.4844,0.044,1961,0.0000,0.0000,0.0262,0,0,0.395
43.702,0,0,0,-0.6167,1.2333,-0.6261,1.2578,-175.9545,0.0000,0.0000,0.0000,-0.5760,1.2202,-177.4842,0.005,1967,0.0000,0.0000,0.0262,0,0,0.321
43.801,0,0,0,-0.6167,1.2333,-0.6261,1.2578,-175.9562,0.0000,0.0000,0.0000,-0.6563,1.1994,-179.0364,0.003,1971,0.0000,0.0000,0.0262,0,0,0.385
43.901,0,0,0,-0.6167,1.2333,-0.6266,1.2582,-175.9437,0.0000,0.0000,0.0000,-0.5760,1.2202,-177.4840,0.007,1976,0.0000,0.0000,0.0267,0,0,0.412
44.001,0,0,0,-0.6167,1.2333,-0.6264,1.2571,-175.9836,0.0000,0.0000,0.0000,-0.6563,1.1994,-179.0362,0.010,1980,0.0000,0.0000,0.0257,0,0,0.417
44.101,0,0,0,-0.6167,1.2333,-0.6261,1.2578,-175.9587,0.0000,0.0000,0.0000,-0.5760,1.2202,-177.4851,0.013,1985,0.0000,0.0000,0.0262,0,0,0.414
44.201,0,0,0,-0.6167,1.2333,-0.6264,1.2571,-175.9842,0.0000,0.0000,0.0000,-0.6563,1.1994,-179.0366,0.013,1989,0.0000,0.0000,0.0257,0,0,0.408
44.302,0,0,0,-0.6167,1.2333,-0.6261,1.2578,-175.9587,0.0000,0.0000,0.0000,-0.5760,1.2202,-177.4848,0.011,1994,0.0000,0.0000,0.0262,0,0,0.417
44.401,0,0,0,-0.6167,1.2333,-0.6264,1.2571,-175.9838,0.0000,0.0000,0.0000,-0.6563,1.1994,-179.0365,0.019,1998,0.0000,0.0000,0.0257,0,0,0.421
44.501,0,0,0,-0.6167,1.2333,-0.6261,1.2578,-175.9581,0.0000,0.0000,0.0000,-0.5760,1.2202,-177.4848,0.012,2003,0.0000,0.0000,0.0262,0,0,0.414
44.603,0,0,0,-0.6167,1.2333,-0.6264,1.2572,-175.9847,0.0000,0.0000,0.0000,-0.6563,1.1995,-179.0377,0.008,2007,0.0000,0.0000,0.0257,0,0,0.422
44.701,0,0,0,-0.6167,1.2333,-0.6266,1.2582,-175.9474,0.0000,0.0000,0.0000,-0.5760,1.2202,-177.4841,0.003,2012,0.0000,0.0000,0.0268,0,0,0.408
44.802,0,0,0,-0.6167,1.2333,-0.6264,1.2572,-175.9855,0.0000,0.0000,0.0000,-0.6563,1.1994,-179.0371,0.014,2016,0.0000,0.0000,0.0257,0,0,0.383
44.903,0,0,0,-0.6167,1.2333,-0.6266,1.2582,-175.9485,0.0000,0.0000,0.0000,-0.6563,1.1994,-179.0371,0.018,2020,0.0000,0.0000,0.0268,0,0,0.563
45.001,0,0,0,-0.6167,1.2333,-0.6261,1.2578,-175.9627,0.0000,0.0000,0.0000,-0.5760,1.2202,-177.4841,0.043,2024,0.0000,0.0000,0.0262,0,0,0.393
45.101,0,0,0,-0.6167,1.2333,-0.6261,1.2578,-175.9635,0.0000,0.0000,0.0000,-0.5760,1.2202,-177.4833,0.009,2030,0.0000,0.0000,0.0262,0,0,0.408
45.201,0,0,0,-0.6167,1.2333,-0.6264,1.2571,-175.9904,0.0000,0.0000,0.0000,-0.6563,1.1994,-179.0370,0.016,2034,0.0000,0.0000,0.0257,0,0,0.415
45.301,0,0,0,-0.6167,1.2333,-0.6261,1.2578,-175.9648,0.0000,0.0000,0.0000,-0.5760,1.2202,-177.4841,0.010,2039,0.0000,0.0000,0.0262,0,0,0.408
45.402,0,0,0,-0.6167,1.2333,-0.6264,1.2571,-175.9915,0.0000,0.0000,0.0000,-0.6563,1.1995,-179.0378,0.012,2043,0.0000,0.0000,0.0257,0,0,0.423
45.501,0,0,0,-0.6167,1.2333,-0.6266,1.2582,-175.9531,0.0000,0.0000,0.0000,-0.5760,1.2202,-177.4845,0.009,2048,0.0000,0.0000,0.0267,0,0,0.405
45.601,0,0,0,-0.6167,1.2333,-0.6264,1.2571,-175.9919,0.0000,0.0000,0.0000,-0.6563,1.1994,-179.0369,0.010,2052,0.0000,0.0000,0.0257,0,0,0.414
45.701,0,0,0,-0.6167,1.2333,-0.6261,1.2577,-175.9682,0.0000,0.0000,0.0000,-0.5760,1.2202,-177.4845,0.010,2057,0.0000,0.0000,0.0262,0,0,0.393
45.801,0,0,0,-0.6167,1.2333,-0.6264,1.2571,-175.9951,0.0000,0.0000,0.0000,-0.6563,1.1994,-179.0372,0.014,2061,0.0000,0.0000,0.0257,0,0,0.411
45.902,0,0,0,-0.6167,1.2333,-0.6264,1.2571,-175.9977,0.0000,0.0000,0.0000,-0.5760,1.2202,-177.4854,0.009,2065,0.0000,0.0000,0.0257,0,0,0.606
46.001,0,0,0,-0.6167,1.2333,-0.6264,1.2572,-175.9982,0.0000,0.0000,0.0000,-0.6563,1.1994,-179.0372,0.011,2070,0.0000,0.0000,0.0257,0,0,0.410
46.101,0,0,0,-0.6167,1.2333,-0.6266,1.2582,-175.9588,0.0000,0.0000,0.0000,-0.6466,1.3533,-171.2753,0.023,2074,0.0000,0.0000,0.0268,0,0,0.470
46.202,0,0,0,-0.6167,1.2333,-0.6264,1.2571,-175.9977,0.0000,0.0000,0.0000,-0.6563,1.1994,-179.0378,0.014,2079,0.0000,0.0000,0.0257,0,0,0.404
46.301,0,0,0,-0.6167,1.2333,-0.6261,1.2578,-175.9728,0.0000,0.0000,0.0000,-0.5760,1.2202,-177.4851,0.006,2084,0.0000,0.0000,0.0262,0,0,0.592
46.401,0,0,0,-0.6167,1.2333,-0.6261,1.2578,-175.9716,0.0000,0.0000,0.0000,-0.5760,1.2202,-177.4836,0.044,2087,0.0000,0.0000,0.0262,0,0,0.416
46.502,0,0,0,-0.6167,1.2333,-0.6266,1.2581,-175.9578,0.0000,0.0000,0.0000,-0.5760,1.2202,-177.4856,0.004,2093,0.0000,0.0000,0.0267,0,0,0.401
46.602,0,0,0,-0.6167,1.2333,-0.6261,1.2577,-175.9713,0.0000,0.0000,0.0000,-0.6563,1.1995,-179.0383,0.007,2097,0.0000,0.0000,0.0262,0,0,0.398
46.702,0,0,0,-0.6167,1.2333,-0.6266,1.2581,-175.9587,0.0000,0.0000,0.0000,-0.5760,1.2202,-177.4851,0.008,2102,0.0000,0.0000,0.0267,0,0,0.383
46.801,0,0,0,-0.6167,1.2333,-0.6264,1.2571,-175.9969,0.0000,0.0000,0.0000,-0.6563,1.1995,-179.0386,0.013,2106,0.0000,0.0000,0.0257,0,0,0.338
46.903,0,0,0,-0.6167,1.2333,-0.6266,1.2581,-175.9578,0.0000,0.0000,0.0000,-0.5760,1.2202,-177.4841,0.007,2111,0.0000,0.0000,0.0267,0,0,0.403
47.001,0,0,0,-0.6167,1.2333,-0.6264,1.2571,-175.9961,0.0000,0.0000,0.0000,-0.6563,1.1995,-179.0379,0.014,2115,0.0000,0.0000,0.0257,0,0,0.419
47.101,0,0,0,-0.6167,1.2333,-0.6259,1.2567,-176.0080,0.0000,0.0000,0.0000,-0.6466,1.3533,-171.2755,0.003,2120,0.0000,0.0000,0.0251,0,0,0.587
47.201,0,0,0,-0.6167,1.2333,-0.6264,1.2571,-175.9954,0.0000,0.0000,0.0000,-0.6563,1.1994,-179.0373,0.014,2124,0.0000,0.0000,0.0257,0,0,0.405
47.301,0,0,0,-0.6167,1.2333,-0.6266,1.2582,-175.9567,0.0000,0.0000,0.0000,-0.6466,1.3533,-171.2758,0.027,2128,0.0000,0.0000,0.0268,0,0,0.577
47.402,0,0,0,-0.6167,1.2333,-0.6264,1.2571,-175.9943,0.0000,0.0000,0.0000,-0.6563,1.1994,-179.0373,0.015,2133,0.0000,0.0000,0.0257,0,0,0.392
47.501,0,0,0,-0.6167,1.2333,-0.6266,1.2582,-175.9565,0.0000,0.0000,0.0000,-0.5760,1.2202,-177.4853,0.003,2138,0.0000,0.0000,0.0267,0,0,0.588
47.603,0,0,0,-0.6167,1.2333,-0.6261,1.2577,-175.9700,0.0000,0.0000,0.0000,-0.5760,1.2202,-177.4846,0.031,2141,0.0000,0.0000,0.0262,0,0,0.330
47.701,0,0,0,-0.6167,1.2333,-0.6261,1.2577,-175.9706,0.0000,0.0000,0.0000,-0.5760,1.2202,-177.4843,0.008,2147,0.0000,0.0000,0.0261,0,0,0.588
47.801,0,0,0,-0.6167,1.2333,-0.6261,1.2577,-175.9725,0.0000,0.0000,0.0000,-0.5760,1.2202,-177.4837,0.045,2150,0.0000,0.0000,0.0261,0,0,0.407
47.901,0,0,0,-0.6167,1.2333,-0.6261,1.2577,-175.9730,0.0000,0.0000,0.0000,-0.5760,1.2202,-177.4838,0.009,2156,0.0000,0.0000,0.0261,0,0,0.395
48.001,0,0,0,-0.6167,1.2333,-0.6264,1.2571,-175.9987,0.0000,0.0000,0.0000,-0.6563,1.1994,-179.0372,0.014,2160,0.0000,0.0000,0.0257,0,0,0.325
48.103,0,0,0,-0.6167,1.2333,-0.6261,1.2577,-175.9738,0.0000,0.0000,0.0000,-0.5760,1.2202,-177.4833,0.013,2165,0.0000,0.0000,0.0261,0,0,0.393
48.201,0,0,0,-0.6167,1.2333,-0.6264,1.2571,-176.0002,0.0000,0.0000,0.0000,-0.6563,1.1994,-179.0363,0.015,2169,0.0000,0.0000,0.0257,0,0,0.389
48.302,0,0,0,-0.6167,1.2333,-0.6261,1.2577,-175.9751,0.0000,0.0000,0.0000,-0.5760,1.2202,-177.4827,0.009,2174,0.0000,0.0000,0.0261,0,0,0.398
48.402,0,0,0,-0.6167,1.2333,-0.6264,1.2571,-176.0019,0.0000,0.0000,0.0000,-0.6563,1.1995,-179.0381,0.010,2178,0.0000,0.0000,0.0257,0,0,0.413
48.501,0,0,0,-0.6167,1.2333,-0.6261,1.2577,-175.9752,0.0000,0.0000,0.0000,-0.5760,1.2202,-177.4838,0.009,2183,0.0000,0.0000,0.0262,0,0,0.393
48.602,0,0,0,-0.6167,1.2333,-0.6264,1.2571,-176.0001,0.0000,0.0000,0.0000,-0.6563,1.1995,-179.0385,0.014,2187,0.0000,0.0000,0.0257,0,0,0.418
48.702,0,0,0,-0.6167,1.2333,-0.6264,1.2571,-175.9996,0.0000,0.0000,0.0000,-0.6466,1.3533,-171.2756,0.003,2192,0.0000,0.0000,0.0257,0,0,0.345
48.802,0,0,0,-0.6167,1.2333,-0.6264,1.2571,-175.9991,0.0000,0.0000,0.0000,-0.6563,1.1994,-179.0378,0.016,2196,0.0000,0.0000,0.0257,0,0,0.416
48.901,0,0,0,-0.6167,1.2333,-0.6266,1.2582,-175.9608,0.0000,0.0000,0.0000,-0.6466,1.3533,-171.2766,0.024,2200,0.0000,0.0000,0.0268,0,0,0.567
49.002,0,0,0,-0.6167,1.2333,-0.6261,1.2578,-175.9736,0.0000,0.0000,0.0000,-0.5760,1.2202,-177.4855,0.035,2204,0.0000,0.0000,0.0262,0,0,0.417
49.101,0,0,0,-0.6167,1.2333,-0.6261,1.2577,-175.9730,0.0000,0.0000,0.0000,-0.5760,1.2202,-177.4842,0.013,2210,0.0000,0.0000,0.0262,0,0,0.399
49.201,0,0,0,-0.6167,1.2333,-0.6261,1.2577,-175.9734,0.0000,0.0000,0.0000,-0.5760,1.2202,-177.4850,0.046,2213,0.0000,0.0000,0.0262,0,0,0.407
49.301,0,0,0,-0.6167,1.2333,-0.6261,1.2577,-175.9735,0.0000,0.0000,0.0000,-0.5760,1.2202,-177.4842,0.014,2219,0.0000,0.0000,0.0262,0,0,0.414
49.401,0,0,0,-0.6167,1.2333,-0.6264,1.2571,-175.9984,0.0000,0.0000,0.0000,-0.6563,1.1994,-179.0379,0.016,2223,0.0000,0.0000,0.0257,0,0,0.391
49.501,0,0,0,-0.6167,1.2333,-0.6266,1.2581,-175.9607,0.0000,0.0000,0.0000,-0.5760,1.2202,-177.4846,0.013,2228,0.0000,0.0000,0.0267,0,0,0.412
49.601,0,0,0,-0.6167,1.2333,-0.6264,1.2571,-175.9995,0.0000,0.0000,0.0000,-0.6563,1.1994,-179.0368,0.014,2232,0.0000,0.0000,0.0257,0,0,0.412
49.701,0,0,0,-0.6167,1.2333,-0.6261,1.2577,-175.9736,0.0000,0.0000,0.0000,-0.5760,1.2202,-177.4846,0.010,2237,0.0000,0.0000,0.0262,0,0,0.396
49.801,0,0,0,-0.6167,1.2333,-0.6264,1.2571,-175.9982,0.0000,0.0000,0.0000,-0.6563,1.1994,-179.0379,0.018,2241,0.0000,0.0000,0.0257,0,0,0.415
49.904,0,0,0,-0.6167,1.2333,-0.6264,1.2571,-175.9961,0.0000,0.0000,0.0000,-0.6466,1.3533,-171.2759,0.002,2246,0.0000,0.0000,0.0257,0,0,0.412
50.001,0,0,0,-0.6167,1.2333,-0.6264,1.2572,-175.9954,0.0000,0.0000,0.0000,-0.6563,1.1994,-179.0381,0.014,2250,0.0000,0.0000,0.0257,0,0,0.395
50.102,0,0,0,-0.6167,1.2333,-0.6266,1.2582,-175.9560,0.0000,0.0000,0.0000,-0.6466,1.3533,-171.2755,0.019,2254,0.0000,0.0000,0.0268,0,0,0.367
50.201,0,0,0,-0.6167,1.2333,-0.6261,1.2578,-175.9702,0.0000,0.0000,0.0000,-0.6563,1.1994,-179.0373,0.009,2259,0.0000,0.0000,0.0262,0,0,0.405
50.301,0,0,0,-0.6167,1.2333,-0.6266,1.2582,-175.9568,0.0000,0.0000,0.0000,-0.5760,1.2202,-177.4843,0.007,2264,0.0000,0.0000,0.0268,0,0,0.270
50.402,0,0,0,-0.6167,1.2333,-0.6261,1.2578,-175.9698,0.0000,0.0000,0.0000,-0.5760,1.2202,-177.4843,0.047,2267,0.0000,0.0000,0.0262,0,0,0.412
50.503,0,0,0,-0.6167,1.2333,-0.6266,1.2582,-175.9580,0.0000,0.0000,0.0000,-0.5760,1.2202,-177.4854,0.005,2273,0.0000,0.0000,0.0267,0,0,0.302
50.604,0,0,0,-0.6167,1.2333,-0.6261,1.2577,-175.9707,0.0000,0.0000,0.0000,-0.5760,1.2202,-177.4846,0.047,2276,0.0000,0.0000,0.0262,0,0,0.426
50.702,0,0,0,-0.6167,1.2333,-0.6261,1.2577,-175.9687,0.0000,0.0000,0.0000,-0.5760,1.2201,-177.4842,0.012,2282,0.0000,0.0000,0.0262,0,0,0.356
50.802,0,0,0,-0.6167,1.2333,-0.6264,1.2571,-175.9936,0.0000,0.0000,0.0000,-0.6563,1.1994,-179.0369,0.015,2286,0.0000,0.0000,0.0257,0,0,0.415
50.904,0,0,0,-0.6167,1.2333,-0.6266,1.2581,-175.9554,0.0000,0.0000,0.0000,-0.5760,1.2201,-177.4846,0.012,2291,0.0000,0.0000,0.0267,0,0,0.398
51.001,0,0,0,-0.6167,1.2333,-0.6264,1.2571,-175.9933,0.0000,0.0000,0.0000,-0.6563,1.1994,-179.0371,0.011,2295,0.0000,0.0000,0.0257,0,0,0.410
51.101,0,0,0,-0.6167,1.2333,-0.6266,1.2581,-175.9547,0.0000,0.0000,0.0000,-0.5760,1.2201,-177.4840,0.010,2300,0.0000,0.0000,0.0267,0,0,0.584
51.208,0,0,0,-0.6167,1.2333,-0.6264,1.2571,-175.9942,0.0000,0.0000,0.0000,-0.6563,1.1994,-179.0376,0.020,2304,0.0000,0.0000,0.0257,0,0,0.398
51.303,0,0,0,-0.6167,1.2333,-0.6261,1.2577,-175.9694,0.0000,0.0000,0.0000,-0.5760,1.2201,-177.4846,0.012,2309,0.0000,0.0000,0.0262,0,0,0.409
51.403,0,0,0,-0.6167,1.2333,-0.6264,1.2571,-175.9942,0.0000,0.0000,0.0000,-0.6563,1.1995,-179.0379,0.013,2313,0.0000,0.0000,0.0257,0,0,0.528
51.505,0,0,0,-0.6167,1.2333,-0.6264,1.2571,-175.9950,0.0000,0.0000,0.0000,-0.5760,1.2201,-177.4838,0.004,2318,0.0000,0.0000,0.0257,0,0,0.392
51.602,0,0,0,-0.6167,1.2333,-0.6264,1.2571,-175.9954,0.0000,0.0000,0.0000,-0.6564,1.1994,-179.0369,0.016,2322,0.0000,0.0000,0.0257,0,0,0.400
51.702,0,0,0,-0.6167,1.2333,-0.6266,1.2581,-175.9560,0.0000,0.0000,0.0000,-0.5760,1.2201,-177.4833,0.006,2327,0.0000,0.0000,0.0267,0,0,0.412
51.807,0,0,0,-0.6167,1.2333,-0.6261,1.2577,-175.9685,0.0000,0.0000,0.0000,-0.6563,1.1994,-179.0377,0.003,2331,0.0000,0.0000,0.0262,0,0,0.306
51.902,0,0,0,-0.6167,1.2333,-0.6261,1.2577,-175.9672,0.0000,0.0000,0.0000,-0.5760,1.2201,-177.4844,0.008,2336,0.0000,0.0000,0.0262,0,0,0.408
52.003,0,0,0,-0.6167,1.2333,-0.6264,1.2571,-175.9927,0.0000,0.0000,0.0000,-0.6563,1.1994,-179.0375,0.015,2340,0.0000,0.0000,0.0257,0,0,0.401
52.102,0,0,0,-0.6167,1.2333,-0.6261,1.2577,-175.9683,0.0000,0.0000,0.0000,-0.5760,1.2201,-177.4841,0.011,2345,0.0000,0.0000,0.0262,0,0,0.328
52.202,0,0,0,-0.6167,1.2333,-0.6264,1.2571,-175.9944,0.0000,0.0000,0.0000,-0.6564,1.1994,-179.0371,0.015,2349,0.0000,0.0000,0.0257,0,0,0.397
52.303,0,0,0,-0.6167,1.2333,-0.6261,1.2577,-175.9698,0.0000,0.0000,0.0000,-0.5760,1.2201,-177.4848,0.013,2354,0.0000,0.0000,0.0262,0,0,0.413
52.402,0,0,0,-0.6167,1.2333,-0.6264,1.2571,-175.9959,0.0000,0.0000,0.0000,-0.6563,1.1994,-179.0377,0.018,2358,0.0000,0.0000,0.0257,0,0,0.408
52.503,0,0,0,-0.6167,1.2333,-0.6261,1.2577,-175.9681,0.0000,0.0000,0.0000,-0.5760,1.2201,-177.4848,0.013,2363,0.0000,0.0000,0.0262,0,0,0.317
52.602,0,0,0,-0.6167,1.2333,-0.6264,1.2571,-175.9923,0.0000,0.0000,0.0000,-0.6563,1.1994,-179.0368,0.014,2367,0.0000,0.0000,0.0257,0,0,0.379
52.703,0,0,0,-0.6167,1.2333,-0.6259,1.2567,-176.0063,0.0000,0.0000,0.0000,-0.6467,1.3532,-171.2757,0.005,2372,0.0000,0.0000,0.0252,0,0,0.337
52.802,0,0,0,-0.6167,1.2333,-0.6264,1.2571,-175.9933,0.0000,0.0000,0.0000,-0.6563,1.1994,-179.0382,0.020,2376,0.0000,0.0000,0.0257,0,0,0.313
52.902,0,0,0,-0.6167,1.2333,-0.6266,1.2582,-175.9556,0.0000,0.0000,0.0000,-0.6467,1.3533,-171.2764,0.028,2380,0.0000,0.0000,0.0268,0,0,0.575
53.001,0,0,0,-0.6167,1.2333,-0.6264,1.2571,-175.9928,0.0000,0.0000,0.0000,-0.6563,1.1994,-179.0374,0.010,2385,0.0000,0.0000,0.0257,0,0,0.402
53.103,0,0,0,-0.6167,1.2333,-0.6261,1.2578,-175.9667,0.0000,0.0000,0.0000,-0.5760,1.2201,-177.4835,0.013,2390,0.0000,0.0000,0.0262,0,0,0.351
53.201,0,0,0,-0.6167,1.2333,-0.6261,1.2578,-175.9673,0.0000,0.0000,0.0000,-0.5760,1.2201,-177.4831,0.047,2393,0.0000,0.0000,0.0262,0,0,0.404
53.302,0,0,0,-0.6167,1.2333,-0.6266,1.2581,-175.9557,0.0000,0.0000,0.0000,-0.5760,1.2201,-177.4835,0.006,2399,0.0000,0.0000,0.0267,0,0,0.391
53.405,0,0,0,-0.6167,1.2333,-0.6261,1.2577,-175.9687,0.0000,0.0000,0.0000,-0.6563,1.1994,-179.0380,0.010,2403,0.0000,0.0000,0.0262,0,0,0.391
53.502,0,0,0,-0.6167,1.2333,-0.6261,1.2577,-175.9667,0.0000,0.0000,0.0000,-0.5760,1.2201,-177.4838,0.012,2408,0.0000,0.0000,0.0262,0,0,0.411
53.601,0,0,0,-0.6167,1.2333,-0.6264,1.2571,-175.9934,0.0000,0.0000,0.0000,-0.6563,1.1994,-179.0380,0.012,2412,0.0000,0.0000,0.0257,0,0,0.401
53.701,0,0,0,-0.6167,1.2333,-0.6261,1.2577,-175.9674,0.0000,0.0000,0.0000,-0.5760,1.2201,-177.4840,0.009,2417,0.0000,0.0000,0.0262,0,0,0.406
53.801,0,0,0,-0.6167,1.2333,-0.6264,1.2571,-175.9935,0.0000,0.0000,0.0000,-0.6563,1.1994,-179.0376,0.015,2421,0.0000,0.0000,0.0257,0,0,0.390
53.902,0,0,0,-0.6167,1.2333,-0.6259,1.2567,-176.0060,0.0000,0.0000,0.0000,-0.6467,1.3533,-171.2766,0.003,2426,0.0000,0.0000,0.0251,0,0,0.404
54.002,0,0,0,-0.6167,1.2333,-0.6264,1.2571,-175.9929,0.0000,0.0000,0.0000,-0.6563,1.1994,-179.0358,0.014,2430,0.0000,0.0000,0.0257,0,0,0.410
54.102,0,0,0,-0.6167,1.2333,-0.6267,1.2581,-175.9550,0.0000,0.0000,0.0000,-0.6467,1.3532,-171.2757,0.022,2434,0.0000,0.0000,0.0267,0,0,0.396
54.202,0,0,0,-0.6167,1.2333,-0.6264,1.2571,-175.9921,0.0000,0.0000,0.0000,-0.6563,1.1994,-179.0378,0.015,2439,0.0000,0.0000,0.0257,0,0,0.419
54.303,0,0,0,-0.6167,1.2333,-0.6266,1.2581,-175.9547,0.0000,0.0000,0.0000,-0.5760,1.2201,-177.4829,0.002,2444,0.0000,0.0000,0.0267,0,0,0.413
54.402,0,0,0,-0.6167,1.2333,-0.6261,1.2577,-175.9671,0.0000,0.0000,0.0000,-0.5760,1.2201,-177.4833,0.036,2447,0.0000,0.0000,0.0262,0,0,0.402
54.502,0,0,0,-0.6167,1.2333,-0.6261,1.2577,-175.9668,0.0000,0.0000,0.0000,-0.5760,1.2201,-177.4830,0.011,2453,0.0000,0.0000,0.0261,0,0,0.216
54.603,0,0,0,-0.6167,1.2333,-0.6261,1.2577,-175.9666,0.0000,0.0000,0.0000,-0.5760,1.2201,-177.4836,0.047,2456,0.0000,0.0000,0.0261,0,0,0.391
54.701,0,0,0,-0.6167,1.2333,-0.6261,1.2577,-175.9663,0.0000,0.0000,0.0000,-0.5760,1.2201,-177.4838,0.011,2462,0.0000,0.0000,0.0261,0,0,0.389
54.803,0,0,0,-0.6167,1.2333,-0.6264,1.2571,-175.9918,0.0000,0.0000,0.0000,-0.6563,1.1994,-179.0376,0.017,2466,0.0000,0.0000,0.0257,0,0,0.395
54.901,0,0,0,-0.6167,1.2333,-0.6267,1.2581,-175.9536,0.0000,0.0000,0.0000,-0.5760,1.2201,-177.4845,0.007,2471,0.0000,0.0000,0.0267,0,0,0.396
55.002,0,0,0,-0.6167,1.2333,-0.6264,1.2571,-175.9916,0.0000,0.0000,0.0000,-0.6563,1.1994,-179.0370,0.016,2475,0.0000,0.0000,0.0257,0,0,0.397
55.103,0,0,0,-0.6167,1.2333,-0.6261,1.2577,-175.9628,0.0000,0.0000,0.0000,-0.5760,1.2201,-177.4833,0.015,2480,0.0000,0.0000,0.0261,0,0,0.405
55.203,0,0,0,-0.6167,1.2333,-0.6264,1.2571,-175.9879,0.0000,0.0000,0.0000,-0.6563,1.1994,-179.0374,0.015,2484,0.0000,0.0000,0.0257,0,0,0.410
55.303,0,0,0,-0.6167,1.2333,-0.6261,1.2577,-175.9627,0.0000,0.0000,0.0000,-0.5760,1.2201,-177.4831,0.011,2489,0.0000,0.0000,0.0261,0,0,0.406
55.401,0,0,0,-0.6167,1.2333,-0.6264,1.2571,-175.9876,0.0000,0.0000,0.0000,-0.6563,1.1994,-179.0371,0.016,2493,0.0000,0.0000,0.0257,0,0,0.395
55.503,0,0,0,-0.6167,1.2333,-0.6259,1.2567,-176.0002,0.0000,0.0000,0.0000,-0.6467,1.3533,-171.2774,0.003,2498,0.0000,0.0000,0.0251,0,0,0.389
55.603,0,0,0,-0.6167,1.2333,-0.6264,1.2571,-175.9863,0.0000,0.0000,0.0000,-0.6563,1.1994,-179.0380,0.015,2502,0.0000,0.0000,0.0257,0,0,0.405
55.701,0,0,0,-0.6167,1.2333,-0.6267,1.2581,-175.9472,0.0000,0.0000,0.0000,-0.6467,1.3532,-171.2765,0.026,2506,0.0000,0.0000,0.0267,0,0,0.404
55.804,0,0,0,-0.6167,1.2333,-0.6261,1.2577,-175.9608,0.0000,0.0000,0.0000,-0.5760,1.2201,-177.4841,0.030,2510,0.0000,0.0000,0.0262,0,0,0.325
55.902,0,0,0,-0.6167,1.2333,-0.6261,1.2577,-175.9610,0.0000,0.0000,0.0000,-0.5760,1.2201,-177.4850,0.012,2516,0.0000,0.0000,0.0262,0,0,0.358
56.002,0,0,0,-0.6167,1.2333,-0.6261,1.2577,-175.9614,0.0000,0.0000,0.0000,-0.5760,1.2201,-177.4844,0.046,2519,0.0000,0.0000,0.0262,0,0,0.406
56.102,0,0,0,-0.6167,1.2333,-0.6261,1.2577,-175.9600,0.0000,0.0000,0.0000,-0.5760,1.2201,-177.4844,0.013,2525,0.0000,0.0000,0.0262,0,0,0.396
56.202,0,0,0,-0.6167,1.2333,-0.6264,1.2571,-175.9856,0.0000,0.0000,0.0000,-0.6563,1.1994,-179.0377,0.015,2529,0.0000,0.0000,0.0257,0,0,0.388
56.301,0,0,0,-0.6167,1.2333,-0.6261,1.2577,-175.9613,0.0000,0.0000,0.0000,-0.5760,1.2201,-177.4835,0.010,2534,0.0000,0.0000,0.0262,0,0,0.400
56.402,0,0,0,-0.6167,1.2333,-0.6264,1.2571,-175.9863,0.0000,0.0000,0.0000,-0.6563,1.1994,-179.0368,0.013,2538,0.0000,0.0000,0.0257,0,0,0.399
56.502,0,0,0,-0.6167,1.2333,-0.6261,1.2577,-175.9622,0.0000,0.0000,0.0000,-0.5760,1.2201,-177.4828,0.013,2543,0.0000,0.0000,0.0262,0,0,0.392
56.602,0,0,0,-0.6167,1.2333,-0.6264,1.2571,-175.9881,0.0000,0.0000,0.0000,-0.6563,1.1994,-179.0377,0.016,2547,0.0000,0.0000,0.0257,0,0,0.407
56.703,0,0,0,-0.6167,1.2333,-0.6259,1.2567,-176.0003,0.0000,0.0000,0.0000,-0.6467,1.3532,-171.2758,0.005,2552,0.0000,0.0000,0.0251,0,0,0.387
56.802,0,0,0,-0.6167,1.2333,-0.6265,1.2571,-175.9872,0.0000,0.0000,0.0000,-0.6563,1.1994,-179.0383,0.017,2556,0.0000,0.0000,0.0257,0,0,0.399
56.901,0,0,0,-0.6167,1.2333,-0.6267,1.2582,-175.9503,0.0000,0.0000,0.0000,-0.6467,1.3532,-171.2765,0.016,2560,0.0000,0.0000,0.0268,0,0,0.409
57.001,0,0,0,-0.6167,1.2333,-0.6264,1.2571,-175.9886,0.0000,0.0000,0.0000,-0.6563,1.1994,-179.0375,0.015,2565,0.0000,0.0000,0.0257,0,0,0.387
57.103,0,0,0,-0.6167,1.2333,-0.6261,1.2577,-175.9624,0.0000,0.0000,0.0000,-0.5760,1.2201,-177.4841,0.011,2570,0.0000,0.0000,0.0262,0,0,0.560
57.203,0,0,0,-0.6167,1.2333,-0.6261,1.2577,-175.9643,0.0000,0.0000,0.0000,-0.5760,1.2201,-177.4835,0.048,2573,0.0000,0.0000,0.0262,0,0,0.396
57.304,0,0,0,-0.6167,1.2333,-0.6267,1.2581,-175.9520,0.0000,0.0000,0.0000,-0.5760,1.2201,-177.4833,0.002,2579,0.0000,0.0000,0.0267,0,0,0.332
57.402,0,0,0,-0.6167,1.2333,-0.6261,1.2577,-175.9661,0.0000,0.0000,0.0000,-0.5760,1.2201,-177.4834,0.042,2582,0.0000,0.0000,0.0261,0,0,0.412
57.501,0,0,0,-0.6167,1.2333,-0.6261,1.2577,-175.9646,0.0000,0.0000,0.0000,-0.5760,1.2201,-177.4839,0.014,2588,0.0000,0.0000,0.0261,0,0,0.392
57.601,0,0,0,-0.6167,1.2333,-0.6264,1.2571,-175.9905,0.0000,0.0000,0.0000,-0.6563,1.1994,-179.0386,0.015,2592,0.0000,0.0000,0.0257,0,0,0.413
57.702,0,0,0,-0.6167,1.2333,-0.6261,1.2577,-175.9661,0.0000,0.0000,0.0000,-0.5760,1.2201,-177.4841,0.014,2597,0.0000,0.0000,0.0261,0,0,0.400
57.803,0,0,0,-0.6167,1.2333,-0.6264,1.2571,-175.9914,0.0000,0.0000,0.0000,-0.6563,1.1994,-179.0384,0.017,2601,0.0000,0.0000,0.0257,0,0,0.396
57.901,0,0,0,-0.6167,1.2333,-0.6261,1.2577,-175.9666,0.0000,0.0000,0.0000,-0.5760,1.2201,-177.4836,0.008,2606,0.0000,0.0000,0.0261,0,0,0.399
58.002,0,0,0,-0.6167,1.2333,-0.6264,1.2571,-175.9924,0.0000,0.0000,0.0000,-0.6563,1.1994,-179.0372,0.013,2610,0.0000,0.0000,0.0257,0,0,0.392
58.102,0,0,0,-0.6167,1.2333,-0.6261,1.2577,-175.9674,0.0000,0.0000,0.0000,-0.5760,1.2201,-177.4830,0.013,2615,0.0000,0.0000,0.0261,0,0,0.398
58.202,0,0,0,-0.6167,1.2333,-0.6264,1.2571,-175.9937,0.0000,0.0000,0.0000,-0.6563,1.1994,-179.0371,0.020,2619,0.0000,0.0000,0.0257,0,0,0.396
58.303,0,0,0,-0.6167,1.2333,-0.6264,1.2571,-175.9940,0.0000,0.0000,0.0000,-0.6467,1.3532,-171.2770,0.008,2623,0.0000,0.0000,0.0257,0,0,0.382
58.402,0,0,0,-0.6167,1.2333,-0.6264,1.2571,-175.9944,0.0000,0.0000,0.0000,-0.6563,1.1994,-179.0372,0.017,2628,0.0000,0.0000,0.0257,0,0,0.391
58.502,0,0,0,-0.6167,1.2333,-0.6261,1.2577,-175.9702,0.0000,0.0000,0.0000,-0.5760,1.2201,-177.4847,0.011,2633,0.0000,0.0000,0.0262,0,0,0.337
58.603,0,0,0,-0.6167,1.2333,-0.6261,1.2577,-175.9711,0.0000,0.0000,0.0000,-0.5760,1.2201,-177.4841,0.048,2636,0.0000,0.0000,0.0262,0,0,0.400
58.702,0,0,0,-0.6167,1.2333,-0.6261,1.2577,-175.9710,0.0000,0.0000,0.0000,-0.5760,1.2201,-177.4829,0.014,2642,0.0000,0.0000,0.0261,0,0,0.411
58.801,0,0,0,-0.6167,1.2333,-0.6265,1.2571,-175.9971,0.0000,0.0000,0.0000,-0.6563,1.1994,-179.0376,0.013,2646,0.0000,0.0000,0.0257,0,0,0.404
58.902,0,0,0,-0.6167,1.2333,-0.6261,1.2577,-175.9727,0.0000,0.0000,0.0000,-0.5760,1.2201,-177.4846,0.011,2651,0.0000,0.0000,0.0261,0,0,0.414
59.002,0,0,0,-0.6167,1.2333,-0.6265,1.2571,-175.9976,0.0000,0.0000,0.0000,-0.6563,1.1994,-179.0382,0.013,2655,0.0000,0.0000,0.0257,0,0,0.404
59.106,0,0,0,-0.6167,1.2333,-0.6267,1.2581,-175.9590,0.0000,0.0000,0.0000,-0.5760,1.2201,-177.4836,0.010,2660,0.0000,0.0000,0.0267,0,0,0.385
59.202,0,0,0,-0.6167,1.2333,-0.6264,1.2571,-175.9968,0.0000,0.0000,0.0000,-0.6563,1.1994,-179.0376,0.016,2664,0.0000,0.0000,0.0257,0,0,0.406
59.303,0,0,0,-0.6167,1.2333,-0.6261,1.2577,-175.9713,0.0000,0.0000,0.0000,-0.5760,1.2201,-177.4840,0.015,2669,0.0000,0.0000,0.0261,0,0,0.401
59.401,0,0,0,-0.6167,1.2333,-0.6265,1.2571,-175.9965,0.0000,0.0000,0.0000,-0.6563,1.1994,-179.0381,0.013,2673,0.0000,0.0000,0.0257,0,0,0.591
59.502,0,0,0,-0.6167,1.2333,-0.6259,1.2567,-176.0086,0.0000,0.0000,0.0000,-0.6467,1.3532,-171.2774,0.008,2678,0.0000,0.0000,0.0251,0,0,0.394
59.602,0,0,0,-0.6167,1.2333,-0.6265,1.2571,-175.9933,0.0000,0.0000,0.0000,-0.6563,1.1994,-179.0378,0.013,2682,0.0000,0.0000,0.0257,0,0,0.403
59.702,0,0,0,-0.6167,1.2333,-0.6267,1.2581,-175.9526,0.0000,0.0000,0.0000,-0.6467,1.3532,-171.2770,0.028,2686,0.0000,0.0000,0.0268,0,0,0.401
59.804,0,0,0,-0.6167,1.2333,-0.6264,1.2571,-175.9912,0.0000,0.0000,0.0000,-0.6563,1.1994,-179.0370,0.016,2691,0.0000,0.0000,0.0257,0,0,0.406
59.903,0,0,0,-0.6167,1.2333,-0.6261,1.2577,-175.9663,0.0000,0.0000,0.0000,-0.5760,1.2201,-177.4840,0.013,2696,0.0000,0.0000,0.0262,0,0,0.347
60.003,0,0,0,-0.6167,1.2333,-0.6261,1.2577,-175.9657,0.0000,0.0000,0.0000,-0.5760,1.2201,-177.4840,0.051,2699,0.0000,0.0000,0.0262,0,0,0.329
60.102,0,0,0,-0.6167,1.2333,-0.6261,1.2577,-175.9666,0.0000,0.0000,0.0000,-0.5760,1.2201,-177.4842,0.013,2705,0.0000,0.0000,0.0261,0,0,0.404
60.202,0,0,0,-0.6167,1.2333,-0.6264,1.2571,-175.9912,0.0000,0.0000,0.0000,-0.6563,1.1994,-179.0388,0.017,2709,0.0000,0.0000,0.0257,0,0,0.333
60.303,0,0,0,-0.6167,1.2333,-0.6261,1.2577,-175.9647,0.0000,0.0000,0.0000,-0.5760,1.2201,-177.4841,0.011,2714,0.0000,0.0000,0.0261,0,0,0.377
60.402,0,0,0,-0.6167,1.2333,-0.6264,1.2571,-175.9910,0.0000,0.0000,0.0000,-0.6563,1.1994,-179.0383,0.019,2718,0.0000,0.0000,0.0257,0,0,0.296
60.502,0,0,0,-0.6167,1.2333,-0.6261,1.2577,-175.9626,0.0000,0.0000,0.0000,-0.5760,1.2201,-177.4849,0.014,2723,0.0000,0.0000,0.0261,0,0,0.407
60.603,0,0,0,-0.6167,1.2333,-0.6264,1.2571,-175.9882,0.0000,0.0000,0.0000,-0.6563,1.1994,-179.0379,0.016,2727,0.0000,0.0000,0.0257,0,0,0.416
60.705,0,0,0,-0.6167,1.2333,-0.6259,1.2567,-176.0002,0.0000,0.0000,0.0000,-0.6467,1.3532,-171.2776,0.003,2732,0.0000,0.0000,0.0251,0,0,0.420
60.802,0,0,0,-0.6167,1.2333,-0.6264,1.2571,-175.9882,0.0000,0.0000,0.0000,-0.6563,1.1994,-179.0381,0.016,2736,0.0000,0.0000,0.0257,0,0,0.409
60.902,0,0,0,-0.6167,1.2333,-0.6267,1.2581,-175.9500,0.0000,0.0000,0.0000,-0.6467,1.3532,-171.2779,0.025,2740,0.0000,0.0000,0.0267,0,0,0.321
61.002,0,0,0,-0.6167,1.2333,-0.6264,1.2571,-175.9876,0.0000,0.0000,0.0000,-0.6563,1.1994,-179.0382,0.014,2745,0.0000,0.0000,0.0257,0,0,0.392
61.102,0,0,0,-0.6167,1.2333,-0.6266,1.2581,-175.9502,0.0000,0.0000,0.0000,-0.5760,1.2201,-177.4837,0.005,2750,0.0000,0.0000,0.0267,0,0,0.403
61.204,0,0,0,-0.6167,1.2333,-0.6261,1.2577,-175.9635,0.0000,0.0000,0.0000,-0.5760,1.2201,-177.4838,0.038,2753,0.0000,0.0000,0.0261,0,0,0.400
61.302,0,0,0,-0.6167,1.2333,-0.6266,1.2581,-175.9521,0.0000,0.0000,0.0000,-0.5760,1.2201,-177.4845,0.008,2759,0.0000,0.0000,0.0267,0,0,0.361
61.404,0,0,0,-0.6167,1.2333,-0.6261,1.2577,-175.9646,0.0000,0.0000,0.0000,-0.5760,1.2201,-177.4842,0.047,2762,0.0000,0.0000,0.0261,0,0,0.406
61.502,0,0,0,-0.6167,1.2333,-0.6261,1.2577,-175.9658,0.0000,0.0000,0.0000,-0.5760,1.2201,-177.4847,0.012,2768,0.0000,0.0000,0.0261,0,0,0.405
61.601,0,0,0,-0.6167,1.2333,-0.6264,1.2571,-175.9906,0.0000,0.0000,0.0000,-0.6563,1.1994,-179.0387,0.011,2772,0.0000,0.0000,0.0257,0,0,0.344
61.702,0,0,0,-0.6167,1.2333,-0.6261,1.2577,-175.9658,0.0000,0.0000,0.0000,-0.5760,1.2201,-177.4838,0.010,2777,0.0000,0.0000,0.0261,0,0,0.378
61.803,0,0,0,-0.6167,1.2333,-0.6264,1.2571,-175.9915,0.0000,0.0000,0.0000,-0.6563,1.1994,-179.0382,0.019,2781,0.0000,0.0000,0.0257,0,0,0.390
61.904,0,0,0,-0.6167,1.2333,-0.6261,1.2577,-175.9668,0.0000,0.0000,0.0000,-0.5760,1.2201,-177.4840,0.014,2786,0.0000,0.0000,0.0261,0,0,0.563
62.007,0,0,0,-0.6167,1.2333,-0.6264,1.2571,-175.9928,0.0000,0.0000,0.0000,-0.6563,1.1994,-179.0378,0.020,2790,0.0000,0.0000,0.0257,0,0,0.404
62.103,0,0,0,-0.6167,1.2333,-0.6261,1.2577,-175.9668,0.0000,0.0000,0.0000,-0.5760,1.2201,-177.4840,0.014,2795,0.0000,0.0000,0.0261,0,0,0.361
62.201,0,0,0,-0.6167,1.2333,-0.6264,1.2571,-175.9927,0.0000,0.0000,0.0000,-0.6563,1.1994,-179.0371,0.018,2799,0.0000,0.0000,0.0257,0,0,0.417
62.303,0,0,0,-0.6167,1.2333,-0.6259,1.2567,-176.0056,0.0000,0.0000,0.0000,-0.6467,1.3532,-171.2796,0.007,2804,0.0000,0.0000,0.0251,0,0,0.408
62.403,0,0,0,-0.6167,1.2333,-0.6264,1.2571,-175.9909,0.0000,0.0000,0.0000,-0.6563,1.1994,-179.0380,0.024,2808,0.0000,0.0000,0.0257,0,0,0.333
62.502,0,0,0,-0.6167,1.2333,-0.6267,1.2581,-175.9525,0.0000,0.0000,0.0000,-0.6467,1.3532,-171.2786,0.031,2812,0.0000,0.0000,0.0267,0,0,0.402
62.602,0,0,0,-0.6167,1.2333,-0.6261,1.2577,-175.9660,0.0000,0.0000,0.0000,-0.5760,1.2201,-177.4843,0.027,2816,0.0000,0.0000,0.0261,0,0,0.409
62.702,0,0,0,-0.6167,1.2333,-0.6261,1.2577,-175.9659,0.0000,0.0000,0.0000,-0.5760,1.2201,-177.4846,0.011,2822,0.0000,0.0000,0.0261,0,0,0.607
62.806,0,0,0,-0.6167,1.2333,-0.6261,1.2577,-175.9675,0.0000,0.0000,0.0000,-0.6563,1.1994,-179.0380,0.003,2826,0.0000,0.0000,0.0261,0,0,0.348
62.901,0,0,0,-0.6167,1.2333,-0.6261,1.2577,-175.9680,0.0000,0.0000,0.0000,-0.5760,1.2201,-177.4838,0.009,2831,0.0000,0.0000,0.0261,0,0,0.398
63.002,0,0,0,-0.6167,1.2333,-0.6264,1.2571,-175.9945,0.0000,0.0000,0.0000,-0.6563,1.1994,-179.0392,0.017,2835,0.0000,0.0000,0.0257,0,0,0.395
63.103,0,0,0,-0.6167,1.2333,-0.6267,1.2581,-175.9547,0.0000,0.0000,0.0000,-0.5760,1.2201,-177.4839,0.011,2840,0.0000,0.0000,0.0267,0,0,0.400
63.202,0,0,0,-0.6167,1.2333,-0.6264,1.2571,-175.9936,0.0000,0.0000,0.0000,-0.6563,1.1994,-179.0388,0.017,2844,0.0000,0.0000,0.0257,0,0,0.393
63.301,0,0,0,-0.6167,1.2333,-0.6261,1.2577,-175.9682,0.0000,0.0000,0.0000,-0.5760,1.2201,-177.4845,0.013,2849,0.0000,0.0000,0.0261,0,0,0.412
63.402,0,0,0,-0.6167,1.2333,-0.6264,1.2571,-175.9942,0.0000,0.0000,0.0000,-0.6563,1.1994,-179.0380,0.018,2853,0.0000,0.0000,0.0257,0,0,0.419
63.502,0,0,0,-0.6167,1.2333,-0.6259,1.2567,-176.0069,0.0000,0.0000,0.0000,-0.6467,1.3532,-171.2782,0.008,2858,0.0000,0.0000,0.0251,0,0,0.336
63.601,0,0,0,-0.6167,1.2333,-0.6264,1.2571,-175.9935,0.0000,0.0000,0.0000,-0.6563,1.1994,-179.0383,0.016,2862,0.0000,0.0000,0.0257,0,0,0.405
63.703,0,0,0,-0.6167,1.2333,-0.6267,1.2581,-175.9550,0.0000,0.0000,0.0000,-0.6467,1.3532,-171.2771,0.021,2866,0.0000,0.0000,0.0267,0,0,0.567
63.802,0,0,0,-0.6167,1.2333,-0.6261,1.2577,-175.9689,0.0000,0.0000,0.0000,-0.6563,1.1994,-179.0383,0.010,2871,0.0000,0.0000,0.0261,0,0,0.301
63.903,0,0,0,-0.6167,1.2333,-0.6261,1.2577,-175.9684,0.0000,0.0000,0.0000,-0.5760,1.2201,-177.4834,0.013,2876,0.0000,0.0000,0.0261,0,0,0.395
64.003,0,0,0,-0.6167,1.2333,-0.6261,1.2577,-175.9693,0.0000,0.0000,0.0000,-0.5760,1.2201,-177.4844,0.048,2879,0.0000,0.0000,0.0261,0,0,0.390
64.102,0,0,0,-0.6167,1.2333,-0.6261,1.2577,-175.9713,0.0000,0.0000,0.0000,-0.5760,1.2201,-177.4844,0.014,2885,0.0000,0.0000,0.0261,0,0,0.581
64.202,0,0,0,-0.6167,1.2333,-0.6261,1.2577,-175.9733,0.0000,0.0000,0.0000,-0.6563,1.1994,-179.0383,0.007,2889,0.0000,0.0000,0.0261,0,0,0.404
64.302,0,0,0,-0.6167,1.2333,-0.6261,1.2577,-175.9753,0.0000,0.0000,0.0000,-0.5760,1.2201,-177.4847,0.013,2894,0.0000,0.0000,0.0261,0,0,0.333
64.403,0,0,0,-0.6167,1.2333,-0.6264,1.2570,-175.9989,0.0000,0.0000,0.0000,-0.6563,1.1994,-179.0385,0.019,2898,0.0000,0.0000,0.0256,0,0,0.387
64.502,0,0,0,-0.6167,1.2333,-0.6261,1.2577,-175.9740,0.0000,0.0000,0.0000,-0.5760,1.2201,-177.4849,0.014,2903,0.0000,0.0000,0.0261,0,0,0.411
64.602,0,0,0,-0.6167,1.2333,-0.6264,1.2570,-176.0010,0.0000,0.0000,0.0000,-0.6563,1.1994,-179.0390,0.016,2907,0.0000,0.0000,0.0256,0,0,0.389
64.702,0,0,0,-0.6167,1.2333,-0.6261,1.2577,-175.9749,0.0000,0.0000,0.0000,-0.5760,1.2201,-177.4846,0.015,2912,0.0000,0.0000,0.0261,0,0,0.389
64.802,0,0,0,-0.6167,1.2333,-0.6264,1.2571,-176.0016,0.0000,0.0000,0.0000,-0.6563,1.1994,-179.0383,0.016,2916,0.0000,0.0000,0.0257,0,0,0.395
64.902,0,0,0,-0.6167,1.2333,-0.6261,1.2577,-175.9755,0.0000,0.0000,0.0000,-0.5760,1.2201,-177.4838,0.013,2921,0.0000,0.0000,0.0261,0,0,0.415
65.002,0,0,0,-0.6167,1.2333,-0.6264,1.2571,-176.0012,0.0000,0.0000,0.0000,-0.6563,1.1995,-179.0398,0.014,2925,0.0000,0.0000,0.0257,0,0,0.404
65.103,0,0,0,-0.6167,1.2333,-0.6259,1.2567,-176.0136,0.0000,0.0000,0.0000,-0.6467,1.3532,-171.2785,0.005,2930,0.0000,0.0000,0.0251,0,0,0.410
65.204,0,0,0,-0.6167,1.2333,-0.6264,1.2571,-176.0008,0.0000,0.0000,0.0000,-0.6563,1.1994,-179.0383,0.017,2934,0.0000,0.0000,0.0257,0,0,0.408
65.302,0,0,0,-0.6167,1.2333,-0.6267,1.2581,-175.9644,0.0000,0.0000,0.0000,-0.6563,1.1994,-179.0386,0.017,2938,0.0000,0.0000,0.0267,0,0,0.599
65.402,0,0,0,-0.6167,1.2333,-0.6261,1.2577,-175.9778,0.0000,0.0000,0.0000,-0.5760,1.2201,-177.4824,0.046,2942,0.0000,0.0000,0.0261,0,0,0.386
65.501,0,0,0,-0.6167,1.2333,-0.6261,1.2577,-175.9780,0.0000,0.0000,0.0000,-0.5760,1.2201,-177.4835,0.014,2948,0.0000,0.0000,0.0261,0,0,0.409
65.603,0,0,0,-0.6167,1.2333,-0.6264,1.2571,-176.0038,0.0000,0.0000,0.0000,-0.6563,1.1994,-179.0387,0.021,2952,0.0000,0.0000,0.0257,0,0,0.400
65.702,0,0,0,-0.6167,1.2333,-0.6261,1.2577,-175.9778,0.0000,0.0000,0.0000,-0.5760,1.2201,-177.4835,0.015,2957,0.0000,0.0000,0.0261,0,0,0.393
65.803,0,0,0,-0.6167,1.2333,-0.6264,1.2571,-176.0024,0.0000,0.0000,0.0000,-0.6563,1.1994,-179.0389,0.018,2961,0.0000,0.0000,0.0257,0,0,0.327
65.902,0,0,0,-0.6167,1.2333,-0.6261,1.2577,-175.9759,0.0000,0.0000,0.0000,-0.5760,1.2201,-177.4835,0.012,2966,0.0000,0.0000,0.0261,0,0,0.399
66.003,0,0,0,-0.6167,1.2333,-0.6264,1.2571,-176.0011,0.0000,0.0000,0.0000,-0.6563,1.1994,-179.0386,0.014,2970,0.0000,0.0000,0.0257,0,0,0.383
66.101,0,0,0,-0.6167,1.2333,-0.6261,1.2577,-175.9755,0.0000,0.0000,0.0000,-0.5760,1.2201,-177.4845,0.013,2975,0.0000,0.0000,0.0261,0,0,0.417
66.202,0,0,0,-0.6167,1.2333,-0.6264,1.2571,-176.0000,0.0000,0.0000,0.0000,-0.6563,1.1994,-179.0395,0.016,2979,0.0000,0.0000,0.0257,0,0,0.410
66.302,0,0,0,-0.6167,1.2333,-0.6259,1.2567,-176.0122,0.0000,0.0000,0.0000,-0.6467,1.3532,-171.2786,0.005,2984,0.0000,0.0000,0.0251,0,0,0.401
66.402,0,0,0,-0.6167,1.2333,-0.6265,1.2571,-175.9993,0.0000,0.0000,0.0000,-0.6563,1.1994,-179.0378,0.011,2988,0.0000,0.0000,0.0257,0,0,0.414
66.502,0,0,0,-0.6167,1.2333,-0.6267,1.2581,-175.9611,0.0000,0.0000,0.0000,-0.6467,1.3532,-171.2786,0.031,2992,0.0000,0.0000,0.0267,0,0,0.408
66.602,0,0,0,-0.6167,1.2333,-0.6264,1.2571,-175.9986,0.0000,0.0000,0.0000,-0.6563,1.1994,-179.0381,0.012,2997,0.0000,0.0000,0.0257,0,0,0.401
66.702,0,0,0,-0.6167,1.2333,-0.6261,1.2577,-175.9717,0.0000,0.0000,0.0000,-0.5760,1.2201,-177.4839,0.013,3002,0.0000,0.0000,0.0261,0,0,0.388
66.803,0,0,0,-0.6167,1.2333,-0.6261,1.2577,-175.9724,0.0000,0.0000,0.0000,-0.5760,1.2201,-177.4845,0.052,3005,0.0000,0.0000,0.0261,0,0,0.413
66.902,0,0,0,-0.6167,1.2333,-0.6261,1.2577,-175.9718,0.0000,0.0000,0.0000,-0.5760,1.2201,-177.4834,0.012,3011,0.0000,0.0000,0.0261,0,0,0.389
67.003,0,0,0,-0.6167,1.2333,-0.6264,1.2571,-175.9965,0.0000,0.0000,0.0000,-0.6563,1.1994,-179.0382,0.015,3015,0.0000,0.0000,0.0257,0,0,0.395
67.104,0,0,0,-0.6167,1.2333,-0.6261,1.2577,-175.9710,0.0000,0.0000,0.0000,-0.5760,1.2201,-177.4841,0.015,3020,0.0000,0.0000,0.0261,0,0,0.391
67.202,0,0,0,-0.6167,1.2333,-0.6264,1.2571,-175.9962,0.0000,0.0000,0.0000,-0.6563,1.1994,-179.0381,0.022,3024,0.0000,0.0000,0.0257,0,0,0.416
67.303,0,0,0,-0.6167,1.2333,-0.6261,1.2577,-175.9694,0.0000,0.0000,0.0000,-0.5759,1.2201,-177.4856,0.016,3029,0.0000,0.0000,0.0261,0,0,0.387
67.403,0,0,0,-0.6167,1.2333,-0.6264,1.2571,-175.9973,0.0000,0.0000,0.0000,-0.6563,1.1994,-179.0379,0.017,3033,0.0000,0.0000,0.0257,0,0,0.341
67.502,0,0,0,-0.6167,1.2333,-0.6259,1.2567,-176.0121,0.0000,0.0000,0.0000,-0.6467,1.3532,-171.2792,0.006,3038,0.0000,0.0000,0.0251,0,0,0.407
67.601,0,0,0,-0.6167,1.2333,-0.6264,1.2571,-175.9969,0.0000,0.0000,0.0000,-0.6563,1.1994,-179.0386,0.020,3042,0.0000,0.0000,0.0257,0,0,0.408
67.702,0,0,0,-0.6167,1.2333,-0.6267,1.2581,-175.9583,0.0000,0.0000,0.0000,-0.6467,1.3532,-171.2797,0.016,3046,0.0000,0.0000,0.0267,0,0,0.319
67.801,0,0,0,-0.6167,1.2333,-0.6264,1.2571,-175.9969,0.0000,0.0000,0.0000,-0.6563,1.1994,-179.0380,0.016,3051,0.0000,0.0000,0.0257,0,0,0.393
67.902,0,0,0,-0.6167,1.2333,-0.6266,1.2581,-175.9578,0.0000,0.0000,0.0000,-0.5759,1.2201,-177.4858,0.003,3056,0.0000,0.0000,0.0267,0,0,0.401
68.002,0,0,0,-0.6167,1.2333,-0.6261,1.2577,-175.9713,0.0000,0.0000,0.0000,-0.5759,1.2201,-177.4860,0.035,3059,0.0000,0.0000,0.0261,0,0,0.393
68.102,0,0,0,-0.6167,1.2333,-0.6261,1.2577,-175.9706,0.0000,0.0000,0.0000,-0.5760,1.2201,-177.4851,0.013,3065,0.0000,0.0000,0.0261,0,0,0.410
68.201,0,0,0,-0.6167,1.2333,-0.6261,1.2577,-175.9722,0.0000,0.0000,0.0000,-0.5760,1.2201,-177.4825,0.046,3068,0.0000,0.0000,0.0261,0,0,0.400
68.302,0,0,0,-0.6167,1.2333,-0.6261,1.2577,-175.9725,0.0000,0.0000,0.0000,-0.5760,1.2201,-177.4847,0.017,3074,0.0000,0.0000,0.0261,0,0,0.390
68.401,0,0,0,-0.6167,1.2333,-0.6264,1.2571,-175.9978,0.0000,0.0000,0.0000,-0.6563,1.1994,-179.0389,0.021,3078,0.0000,0.0000,0.0257,0,0,0.407
68.502,0,0,0,-0.6167,1.2333,-0.6261,1.2577,-175.9732,0.0000,0.0000,0.0000,-0.5760,1.2201,-177.4844,0.017,3083,0.0000,0.0000,0.0261,0,0,0.407
68.601,0,0,0,-0.6167,1.2333,-0.6264,1.2571,-175.9994,0.0000,0.0000,0.0000,-0.6563,1.1994,-179.0388,0.017,3087,0.0000,0.0000,0.0257,0,0,0.415
68.701,0,0,0,-0.6167,1.2333,-0.6261,1.2577,-175.9743,0.0000,0.0000,0.0000,-0.5760,1.2201,-177.4841,0.014,3092,0.0000,0.0000,0.0261,0,0,0.396
68.802,0,0,0,-0.6167,1.2333,-0.6264,1.2571,-176.0006,0.0000,0.0000,0.0000,-0.6563,1.1994,-179.0385,0.017,3096,0.0000,0.0000,0.0257,0,0,0.404
68.902,0,0,0,-0.6167,1.2333,-0.6261,1.2577,-175.9748,0.0000,0.0000,0.0000,-0.5760,1.2201,-177.4830,0.016,3101,0.0000,0.0000,0.0261,0,0,0.398
69.001,0,0,0,-0.6167,1.2333,-0.6264,1.2571,-176.0013,0.0000,0.0000,0.0000,-0.6563,1.1994,-179.0371,0.019,3105,0.0000,0.0000,0.0257,0,0,0.400
69.102,0,0,0,-0.6167,1.2333,-0.6259,1.2567,-176.0135,0.0000,0.0000,0.0000,-0.6468,1.3532,-171.2797,0.006,3110,0.0000,0.0000,0.0251,0,0,0.426
69.202,0,0,0,-0.6167,1.2333,-0.6264,1.2571,-176.0003,0.0000,0.0000,0.0000,-0.6563,1.1994,-179.0384,0.022,3114,0.0000,0.0000,0.0257,0,0,0.411
69.302,0,0,0,-0.6167,1.2333,-0.6267,1.2581,-175.9616,0.0000,0.0000,0.0000,-0.6468,1.3532,-171.2792,0.027,3118,0.0000,0.0000,0.0267,0,0,0.403
69.403,0,0,0,-0.6167,1.2333,-0.6261,1.2577,-175.9754,0.0000,0.0000,0.0000,-0.5760,1.2201,-177.4827,0.029,3122,0.0000,0.0000,0.0261,0,0,0.417
69.502,0,0,0,-0.6167,1.2333,-0.6261,1.2577,-175.9742,0.0000,0.0000,0.0000,-0.5760,1.2201,-177.4830,0.018,3128,0.0000,0.0000,0.0261,0,0,0.303
69.602,0,0,0,-0.6167,1.2333,-0.6261,1.2577,-175.9750,0.0000,0.0000,0.0000,-0.5760,1.2201,-177.4833,0.047,3131,0.0000,0.0000,0.0261,0,0,0.397
69.701,0,0,0,-0.6167,1.2333,-0.6261,1.2577,-175.9732,0.0000,0.0000,0.0000,-0.5760,1.2201,-177.4833,0.017,3137,0.0000,0.0000,0.0261,0,0,0.411
69.804,0,0,0,-0.6167,1.2333,-0.6264,1.2571,-175.9987,0.0000,0.0000,0.0000,-0.6563,1.1994,-179.0379,0.022,3141,0.0000,0.0000,0.0257,0,0,0.378
69.902,0,0,0,-0.6167,1.2333,-0.6261,1.2577,-175.9728,0.0000,0.0000,0.0000,-0.5760,1.2201,-177.4848,0.015,3146,0.0000,0.0000,0.0261,0,0,0.395
70.001,0,0,0,-0.6167,1.2333,-0.6264,1.2570,-175.9978,0.0000,0.0000,0.0000,-0.6563,1.1994,-179.0374,0.015,3150,0.0000,0.0000,0.0257,0,0,0.399
70.102,0,0,0,-0.6167,1.2333,-0.6261,1.2577,-175.9719,0.0000,0.0000,0.0000,-0.5760,1.2201,-177.4848,0.017,3155,0.0000,0.0000,0.0261,0,0,0.397
70.201,0,0,0,-0.6167,1.2333,-0.6264,1.2570,-175.9977,0.0000,0.0000,0.0000,-0.6563,1.1994,-179.0387,0.018,3159,0.0000,0.0000,0.0257,0,0,0.389
70.301,0,0,0,-0.6167,1.2333,-0.6261,1.2577,-175.9729,0.0000,0.0000,0.0000,-0.5760,1.2201,-177.4849,0.010,3164,0.0000,0.0000,0.0261,0,0,0.419
70.401,0,0,0,-0.6167,1.2333,-0.6264,1.2571,-175.9973,0.0000,0.0000,0.0000,-0.6563,1.1994,-179.0385,0.020,3168,0.0000,0.0000,0.0257,0,0,0.400
70.503,0,0,0,-0.6167,1.2333,-0.6264,1.2571,-175.9980,0.0000,0.0000,0.0000,-0.6468,1.3531,-171.2780,0.003,3172,0.0000,0.0000,0.0257,0,0,0.410
70.601,0,0,0,-0.6167,1.2333,-0.6264,1.2571,-175.9960,0.0000,0.0000,0.0000,-0.6563,1.1994,-179.0388,0.016,3177,0.0000,0.0000,0.0257,0,0,0.399
70.701,0,0,0,-0.6167,1.2333,-0.6261,1.2577,-175.9710,0.0000,0.0000,0.0000,-0.5760,1.2201,-177.4844,0.014,3182,0.0000,0.0000,0.0261,0,0,0.397
70.805,0,0,0,-0.6167,1.2333,-0.6261,1.2577,-175.9715,0.0000,0.0000,0.0000,-0.6563,1.1994,-179.0391,0.002,3186,0.0000,0.0000,0.0261,0,0,0.406
70.903,0,0,0,-0.6167,1.2333,-0.6261,1.2577,-175.9710,0.0000,0.0000,0.0000,-0.5760,1.2201,-177.4841,0.013,3191,0.0000,0.0000,0.0261,0,0,0.395
71.002,0,0,0,-0.6167,1.2333,-0.6261,1.2577,-175.9719,0.0000,0.0000,0.0000,-0.6563,1.1994,-179.0396,0.004,3195,0.0000,0.0000,0.0261,0,0,0.406
71.101,0,0,0,-0.6167,1.2333,-0.6261,1.2577,-175.9720,0.0000,0.0000,0.0000,-0.5760,1.2201,-177.4847,0.016,3200,0.0000,0.0000,0.0261,0,0,0.403
71.202,0,0,0,-0.6167,1.2333,-0.6264,1.2570,-175.9973,0.0000,0.0000,0.0000,-0.6563,1.1994,-179.0389,0.021,3204,0.0000,0.0000,0.0256,0,0,0.409
71.302,0,0,0,-0.6167,1.2333,-0.6261,1.2577,-175.9730,0.0000,0.0000,0.0000,-0.5760,1.2201,-177.4841,0.015,3209,0.0000,0.0000,0.0261,0,0,0.418
71.401,0,0,0,-0.6167,1.2333,-0.6265,1.2570,-175.9994,0.0000,0.0000,0.0000,-0.6563,1.1994,-179.0382,0.021,3213,0.0000,0.0000,0.0256,0,0,0.414
71.502,0,0,0,-0.6167,1.2333,-0.6261,1.2577,-175.9743,0.0000,0.0000,0.0000,-0.5760,1.2201,-177.4841,0.018,3218,0.0000,0.0000,0.0261,0,0,0.407
71.602,0,0,0,-0.6167,1.2333,-0.6264,1.2570,-176.0003,0.0000,0.0000,0.0000,-0.6563,1.1994,-179.0395,0.020,3222,0.0000,0.0000,0.0256,0,0,0.325
71.701,0,0,0,-0.6167,1.2333,-0.6261,1.2577,-175.9745,0.0000,0.0000,0.0000,-0.5760,1.2201,-177.4842,0.015,3227,0.0000,0.0000,0.0261,0,0,0.413
71.802,0,0,0,-0.6167,1.2333,-0.6264,1.2570,-175.9985,0.0000,0.0000,0.0000,-0.6563,1.1994,-179.0390,0.014,3231,0.0000,0.0000,0.0257,0,0,0.391
71.903,0,0,0,-0.6167,1.2333,-0.6261,1.2577,-175.9740,0.0000,0.0000,0.0000,-0.5759,1.2201,-177.4861,0.015,3236,0.0000,0.0000,0.0261,0,0,0.386
72.001,0,0,0,-0.6167,1.2333,-0.6264,1.2571,-175.9986,0.0000,0.0000,0.0000,-0.6563,1.1994,-179.0387,0.016,3240,0.0000,0.0000,0.0257,0,0,0.403
72.103,0,0,0,-0.6167,1.2333,-0.6267,1.2581,-175.9608,0.0000,0.0000,0.0000,-0.5760,1.2201,-177.4845,0.005,3245,0.0000,0.0000,0.0267,0,0,0.409
72.203,0,0,0,-0.6167,1.2333,-0.6261,1.2577,-175.9741,0.0000,0.0000,0.0000,-0.5760,1.2201,-177.4840,0.050,3248,0.0000,0.0000,0.0261,0,0,0.311
72.301,0,0,0,-0.6167,1.2333,-0.6261,1.2577,-175.9738,0.0000,0.0000,0.0000,-0.5760,1.2201,-177.4843,0.016,3254,0.0000,0.0000,0.0261,0,0,0.420
72.403,0,0,0,-0.6167,1.2333,-0.6265,1.2570,-175.9984,0.0000,0.0000,0.0000,-0.6563,1.1994,-179.0380,0.021,3258,0.0000,0.0000,0.0256,0,0,0.322
72.502,0,0,0,-0.6167,1.2333,-0.6261,1.2577,-175.9738,0.0000,0.0000,0.0000,-0.5760,1.2201,-177.4823,0.017,3263,0.0000,0.0000,0.0261,0,0,0.392
72.602,0,0,0,-0.6167,1.2333,-0.6265,1.2570,-175.9995,0.0000,0.0000,0.0000,-0.6563,1.1994,-179.0391,0.021,3267,0.0000,0.0000,0.0256,0,0,0.391
72.702,0,0,0,-0.6167,1.2333,-0.6261,1.2577,-175.9741,0.0000,0.0000,0.0000,-0.5760,1.2201,-177.4846,0.019,3272,0.0000,0.0000,0.0261,0,0,0.402
72.801,0,0,0,-0.6167,1.2333,-0.6265,1.2570,-175.9998,0.0000,0.0000,0.0000,-0.6563,1.1994,-179.0383,0.021,3276,0.0000,0.0000,0.0256,0,0,0.411
72.902,0,0,0,-0.6167,1.2333,-0.6261,1.2577,-175.9726,0.0000,0.0000,0.0000,-0.5760,1.2201,-177.4839,0.016,3281,0.0000,0.0000,0.0261,0,0,0.393
73.001,0,0,0,-0.6167,1.2333,-0.6265,1.2570,-175.9980,0.0000,0.0000,0.0000,-0.6563,1.1994,-179.0382,0.015,3285,0.0000,0.0000,0.0257,0,0,0.410
73.102,0,0,0,-0.6167,1.2333,-0.6259,1.2567,-176.0093,0.0000,0.0000,0.0000,-0.6468,1.3531,-171.2790,0.007,3290,0.0000,0.0000,0.0251,0,0,0.333
73.201,0,0,0,-0.6167,1.2333,-0.6265,1.2571,-175.9967,0.0000,0.0000,0.0000,-0.6563,1.1994,-179.0394,0.022,3294,0.0000,0.0000,0.0257,0,0,0.413
73.302,0,0,0,-0.6167,1.2333,-0.6267,1.2581,-175.9600,0.0000,0.0000,0.0000,-0.6468,1.3531,-171.2803,0.026,3298,0.0000,0.0000,0.0267,0,0,0.411
73.402,0,0,0,-0.6167,1.2333,-0.6264,1.2571,-175.9983,0.0000,0.0000,0.0000,-0.6563,1.1994,-179.0391,0.018,3303,0.0000,0.0000,0.0257,0,0,0.396
73.502,0,0,0,-0.6167,1.2333,-0.6261,1.2577,-175.9743,0.0000,0.0000,0.0000,-0.5760,1.2201,-177.4840,0.016,3308,0.0000,0.0000,0.0261,0,0,0.403
73.602,0,0,0,-0.6167,1.2333,-0.6261,1.2577,-175.9759,0.0000,0.0000,0.0000,-0.5760,1.2201,-177.4844,0.047,3311,0.0000,0.0000,0.0261,0,0,0.414
73.701,0,0,0,-0.6167,1.2333,-0.6261,1.2577,-175.9755,0.0000,0.0000,0.0000,-0.5760,1.2201,-177.4845,0.013,3317,0.0000,0.0000,0.0261,0,0,0.411
73.805,0,0,0,-0.6167,1.2333,-0.6265,1.2570,-176.0038,0.0000,0.0000,0.0000,-0.6563,1.1994,-179.0389,0.023,3321,0.0000,0.0000,0.0256,0,0,0.384
73.902,0,0,0,-0.6167,1.2333,-0.6261,1.2576,-175.9782,0.0000,0.0000,0.0000,-0.5760,1.2201,-177.4847,0.015,3326,0.0000,0.0000,0.0261,0,0,0.396
74.002,0,0,0,-0.6167,1.2333,-0.6265,1.2570,-176.0035,0.0000,0.0000,0.0000,-0.6563,1.1994,-179.0382,0.021,3330,0.0000,0.0000,0.0256,0,0,0.413
74.102,0,0,0,-0.6167,1.2333,-0.6261,1.2576,-175.9793,0.0000,0.0000,0.0000,-0.5760,1.2201,-177.4838,0.017,3335,0.0000,0.0000,0.0261,0,0,0.338
74.202,0,0,0,-0.6167,1.2333,-0.6265,1.2570,-176.0044,0.0000,0.0000,0.0000,-0.6563,1.1994,-179.0389,0.021,3339,0.0000,0.0000,0.0256,0,0,0.386
74.303,0,0,0,-0.6167,1.2333,-0.6259,1.2566,-176.0178,0.0000,0.0000,0.0000,-0.6468,1.3532,-171.2809,0.007,3344,0.0000,0.0000,0.0251,0,0,0.412
74.401,0,0,0,-0.6167,1.2333,-0.6265,1.2571,-176.0042,0.0000,0.0000,0.0000,-0.6563,1.1994,-179.0398,0.018,3348,0.0000,0.0000,0.0257,0,0,0.398
74.501,0,0,0,-0.6167,1.2333,-0.6267,1.2581,-175.9662,0.0000,0.0000,0.0000,-0.6468,1.3532,-171.2809,0.024,3352,0.0000,0.0000,0.0267,0,0,0.401
74.603,0,0,0,-0.6167,1.2333,-0.6265,1.2571,-176.0035,0.0000,0.0000,0.0000,-0.6563,1.1994,-179.0383,0.014,3357,0.0000,0.0000,0.0257,0,0,0.420
74.701,0,0,0,-0.6167,1.2333,-0.6261,1.2577,-175.9780,0.0000,0.0000,0.0000,-0.5759,1.2201,-177.4848,0.014,3362,0.0000,0.0000,0.0261,0,0,0.406
74.802,0,0,0,-0.6167,1.2333,-0.6261,1.2577,-175.9774,0.0000,0.0000,0.0000,-0.5760,1.2201,-177.4839,0.037,3365,0.0000,0.0000,0.0261,0,0,0.362
74.902,0,0,0,-0.6167,1.2333,-0.6261,1.2577,-175.9772,0.0000,0.0000,0.0000,-0.5760,1.2201,-177.4843,0.011,3371,0.0000,0.0000,0.0261,0,0,0.360
75.002,0,0,0,-0.6167,1.2333,-0.6261,1.2577,-175.9773,0.0000,0.0000,0.0000,-0.6563,1.1994,-179.0392,0.003,3375,0.0000,0.0000,0.0261,0,0,0.415
75.101,0,0,0,-0.6167,1.2333,-0.6261,1.2577,-175.9758,0.0000,0.0000,0.0000,-0.5760,1.2201,-177.4840,0.012,3380,0.0000,0.0000,0.0261,0,0,0.403
75.203,0,0,0,-0.6167,1.2333,-0.6265,1.2570,-176.0009,0.0000,0.0000,0.0000,-0.6563,1.1994,-179.0400,0.017,3384,0.0000,0.0000,0.0256,0,0,0.332
75.301,0,0,0,-0.6167,1.2333,-0.6261,1.2577,-175.9742,0.0000,0.0000,0.0000,-0.5760,1.2201,-177.4830,0.015,3389,0.0000,0.0000,0.0261,0,0,0.412
75.402,0,0,0,-0.6167,1.2333,-0.6265,1.2570,-176.0006,0.0000,0.0000,0.0000,-0.6563,1.1994,-179.0395,0.020,3393,0.0000,0.0000,0.0256,0,0,0.377
75.502,0,0,0,-0.6167,1.2333,-0.6261,1.2577,-175.9738,0.0000,0.0000,0.0000,-0.5760,1.2201,-177.4827,0.013,3398,0.0000,0.0000,0.0261,0,0,0.409
75.602,0,0,0,-0.6167,1.2333,-0.6265,1.2570,-175.9984,0.0000,0.0000,0.0000,-0.6563,1.1994,-179.0382,0.021,3402,0.0000,0.0000,0.0256,0,0,0.407
75.702,0,0,0,-0.6167,1.2333,-0.6261,1.2577,-175.9724,0.0000,0.0000,0.0000,-0.5760,1.2201,-177.4823,0.014,3407,0.0000,0.0000,0.0261,0,0,0.413
75.802,0,0,0,-0.6167,1.2333,-0.6265,1.2570,-175.9988,0.0000,0.0000,0.0000,-0.6562,1.1994,-179.0401,0.024,3411,0.0000,0.0000,0.0257,0,0,0.400
75.903,0,0,0,-0.6167,1.2333,-0.6259,1.2567,-176.0122,0.0000,0.0000,0.0000,-0.6468,1.3531,-171.2805,0.008,3416,0.0000,0.0000,0.0251,0,0,0.415
76.002,0,0,0,-0.6167,1.2333,-0.6265,1.2571,-175.9973,0.0000,0.0000,0.0000,-0.6563,1.1994,-179.0391,0.019,3420,0.0000,0.0000,0.0257,0,0,0.332
76.102,0,0,0,-0.6167,1.2333,-0.6267,1.2581,-175.9591,0.0000,0.0000,0.0000,-0.6468,1.3532,-171.2816,0.033,3424,0.0000,0.0000,0.0267,0,0,0.411
76.204,0,0,0,-0.6167,1.2333,-0.6261,1.2577,-175.9724,0.0000,0.0000,0.0000,-0.5760,1.2201,-177.4829,0.045,3428,0.0000,0.0000,0.0261,0,0,0.342
76.302,0,0,0,-0.6167,1.2333,-0.6261,1.2577,-175.9708,0.0000,0.0000,0.0000,-0.5760,1.2201,-177.4834,0.017,3434,0.0000,0.0000,0.0261,0,0,0.397
76.404,0,0,0,-0.6167,1.2333,-0.6261,1.2577,-175.9703,0.0000,0.0000,0.0000,-0.6563,1.1994,-179.0387,0.002,3438,0.0000,0.0000,0.0261,0,0,0.390
76.501,0,0,0,-0.6167,1.2333,-0.6261,1.2577,-175.9716,0.0000,0.0000,0.0000,-0.5760,1.2201,-177.4836,0.018,3443,0.0000,0.0000,0.0261,0,0,0.413
76.602,0,0,0,-0.6167,1.2333,-0.6265,1.2570,-175.9988,0.0000,0.0000,0.0000,-0.6563,1.1994,-179.0385,0.021,3447,0.0000,0.0000,0.0257,0,0,0.409
76.703,0,0,0,-0.6167,1.2333,-0.6261,1.2577,-175.9721,0.0000,0.0000,0.0000,-0.5760,1.2201,-177.4841,0.014,3452,0.0000,0.0000,0.0261,0,0,0.411
76.802,0,0,0,-0.6167,1.2333,-0.6265,1.2570,-175.9977,0.0000,0.0000,0.0000,-0.6563,1.1994,-179.0388,0.018,3456,0.0000,0.0000,0.0256,0,0,0.348
76.904,0,0,0,-0.6167,1.2333,-0.6261,1.2577,-175.9731,0.0000,0.0000,0.0000,-0.5760,1.2201,-177.4833,0.018,3461,0.0000,0.0000,0.0261,0,0,0.404
77.002,0,0,0,-0.6167,1.2333,-0.6265,1.2570,-175.9994,0.0000,0.0000,0.0000,-0.6563,1.1994,-179.0390,0.017,3465,0.0000,0.0000,0.0257,0,0,0.405
77.102,0,0,0,-0.6167,1.2333,-0.6259,1.2567,-176.0110,0.0000,0.0000,0.0000,-0.6468,1.3531,-171.2810,0.007,3470,0.0000,0.0000,0.0251,0,0,0.412
77.201,0,0,0,-0.6167,1.2333,-0.6265,1.2571,-175.9964,0.0000,0.0000,0.0000,-0.6563,1.1994,-179.0394,0.018,3474,0.0000,0.0000,0.0257,0,0,0.392
77.302,0,0,0,-0.6167,1.2333,-0.6267,1.2581,-175.9583,0.0000,0.0000,0.0000,-0.6469,1.3531,-171.2804,0.021,3478,0.0000,0.0000,0.0267,0,0,0.410
77.401,0,0,0,-0.6167,1.2333,-0.6265,1.2571,-175.9959,0.0000,0.0000,0.0000,-0.6563,1.1994,-179.0385,0.018,3483,0.0000,0.0000,0.0257,0,0,0.403
77.502,0,0,0,-0.6167,1.2333,-0.6261,1.2577,-175.9648,0.0000,0.0000,0.0000,-0.5760,1.2201,-177.4836,0.017,3488,0.0000,0.0000,0.0261,0,0,0.398
77.603,0,0,0,-0.6167,1.2333,-0.6261,1.2577,-175.9658,0.0000,0.0000,0.0000,-0.5760,1.2201,-177.4840,0.051,3491,0.0000,0.0000,0.0261,0,0,0.389
77.703,0,0,0,-0.6167,1.2333,-0.6267,1.2581,-175.9544,0.0000,0.0000,0.0000,-0.5760,1.2201,-177.4831,0.003,3497,0.0000,0.0000,0.0267,0,0,0.393
77.803,0,0,0,-0.6167,1.2333,-0.6262,1.2577,-175.9678,0.0000,0.0000,0.0000,-0.6563,1.1994,-179.0387,0.007,3501,0.0000,0.0000,0.0261,0,0,0.404
77.902,0,0,0,-0.6167,1.2333,-0.6262,1.2576,-175.9668,0.0000,0.0000,0.0000,-0.5760,1.2201,-177.4827,0.017,3506,0.0000,0.0000,0.0261,0,0,0.409
78.002,0,0,0,-0.6167,1.2333,-0.6265,1.2570,-175.9929,0.0000,0.0000,0.0000,-0.6563,1.1994,-179.0384,0.022,3510,0.0000,0.0000,0.0256,0,0,0.413
78.101,0,0,0,-0.6167,1.2333,-0.6262,1.2576,-175.9683,0.0000,0.0000,0.0000,-0.5760,1.2201,-177.4823,0.017,3515,0.0000,0.0000,0.0261,0,0,0.405
78.201,0,0,0,-0.6167,1.2333,-0.6265,1.2570,-175.9944,0.0000,0.0000,0.0000,-0.6563,1.1994,-179.0389,0.019,3519,0.0000,0.0000,0.0256,0,0,0.412
78.301,0,0,0,-0.6167,1.2333,-0.6262,1.2577,-175.9685,0.0000,0.0000,0.0000,-0.5760,1.2201,-177.4833,0.018,3524,0.0000,0.0000,0.0261,0,0,0.413
78.401,0,0,0,-0.6167,1.2333,-0.6265,1.2570,-175.9949,0.0000,0.0000,0.0000,-0.6563,1.1994,-179.0391,0.020,3528,0.0000,0.0000,0.0256,0,0,0.414
78.502,0,0,0,-0.6167,1.2333,-0.6262,1.2577,-175.9685,0.0000,0.0000,0.0000,-0.5760,1.2201,-177.4822,0.016,3533,0.0000,0.0000,0.0261,0,0,0.413
78.601,0,0,0,-0.6167,1.2333,-0.6265,1.2570,-175.9954,0.0000,0.0000,0.0000,-0.6563,1.1994,-179.0392,0.014,3537,0.0000,0.0000,0.0257,0,0,0.402
78.701,0,0,0,-0.6167,1.2333,-0.6265,1.2570,-175.9943,0.0000,0.0000,0.0000,-0.5760,1.2201,-177.4830,0.002,3542,0.0000,0.0000,0.0257,0,0,0.407
78.802,0,0,0,-0.6167,1.2333,-0.6265,1.2571,-175.9940,0.0000,0.0000,0.0000,-0.6563,1.1994,-179.0386,0.024,3546,0.0000,0.0000,0.0257,0,0,0.415
78.901,0,0,0,-0.6167,1.2333,-0.6262,1.2577,-175.9689,0.0000,0.0000,0.0000,-0.5760,1.2201,-177.4842,0.015,3551,0.0000,0.0000,0.0261,0,0,0.418
79.002,0,0,0,-0.6167,1.2333,-0.6265,1.2570,-175.9949,0.0000,0.0000,0.0000,-0.6563,1.1994,-179.0394,0.009,3555,0.0000,0.0000,0.0257,0,0,0.352
79.101,0,0,0,-0.6167,1.2333,-0.6262,1.2577,-175.9675,0.0000,0.0000,0.0000,-0.5760,1.2201,-177.4840,0.016,3560,0.0000,0.0000,0.0261,0,0,0.396
79.204,0,0,0,-0.6167,1.2333,-0.6262,1.2577,-175.9671,0.0000,0.0000,0.0000,-0.6563,1.1994,-179.0390,0.003,3564,0.0000,0.0000,0.0261,0,0,0.396
79.301,0,0,0,-0.6167,1.2333,-0.6262,1.2576,-175.9652,0.0000,0.0000,0.0000,-0.5760,1.2201,-177.4833,0.019,3569,0.0000,0.0000,0.0261,0,0,0.408
79.402,0,0,0,-0.6167,1.2333,-0.6265,1.2570,-175.9903,0.0000,0.0000,0.0000,-0.6563,1.1994,-179.0393,0.022,3573,0.0000,0.0000,0.0256,0,0,0.366
79.502,0,0,0,-0.6167,1.2333,-0.6262,1.2576,-175.9624,0.0000,0.0000,0.0000,-0.5759,1.2201,-177.4855,0.017,3578,0.0000,0.0000,0.0261,0,0,0.398
79.602,0,0,0,-0.6167,1.2333,-0.6265,1.2570,-175.9874,0.0000,0.0000,0.0000,-0.6563,1.1994,-179.0386,0.021,3582,0.0000,0.0000,0.0256,0,0,0.407
79.701,0,0,0,-0.6167,1.2333,-0.6262,1.2576,-175.9595,0.0000,0.0000,0.0000,-0.5759,1.2201,-177.4842,0.016,3587,0.0000,0.0000,0.0261,0,0,0.419
79.801,0,0,0,-0.6167,1.2333,-0.6265,1.2570,-175.9840,0.0000,0.0000,0.0000,-0.6563,1.1994,-179.0384,0.017,3591,0.0000,0.0000,0.0257,0,0,0.415
79.903,0,0,0,-0.6167,1.2333,-0.6259,1.2567,-175.9956,0.0000,0.0000,0.0000,-0.6468,1.3531,-171.2814,0.008,3596,0.0000,0.0000,0.0251,0,0,0.325
80.002,0,0,0,-0.6167,1.2333,-0.6265,1.2571,-175.9815,0.0000,0.0000,0.0000,-0.6563,1.1994,-179.0382,0.017,3600,0.0000,0.0000,0.0257,0,0,0.381
80.102,0,0,0,-0.6167,1.2333,-0.6267,1.2581,-175.9421,0.0000,0.0000,0.0000,-0.6469,1.3531,-171.2816,0.033,3604,0.0000,0.0000,0.0267,0,0,0.415
80.202,0,0,0,-0.6167,1.2333,-0.6265,1.2570,-175.9808,0.0000,0.0000,0.0000,-0.6563,1.1994,-179.0383,0.019,3609,0.0000,0.0000,0.0257,0,0,0.393
80.302,0,0,0,-0.6167,1.2333,-0.6261,1.2577,-175.9552,0.0000,0.0000,0.0000,-0.5760,1.2201,-177.4821,0.021,3614,0.0000,0.0000,0.0261,0,0,0.369
80.402,0,0,0,-0.6167,1.2333,-0.6262,1.2577,-175.9556,0.0000,0.0000,0.0000,-0.5760,1.2201,-177.4841,0.054,3617,0.0000,0.0000,0.0261,0,0,0.315
80.502,0,0,0,-0.6167,1.2333,-0.6262,1.2576,-175.9561,0.0000,0.0000,0.0000,-0.5760,1.2201,-177.4831,0.016,3623,0.0000,0.0000,0.0261,0,0,0.393
80.602,0,0,0,-0.6167,1.2333,-0.6265,1.2570,-175.9813,0.0000,0.0000,0.0000,-0.6563,1.1994,-179.0392,0.023,3627,0.0000,0.0000,0.0256,0,0,0.414
80.702,0,0,0,-0.6167,1.2333,-0.6267,1.2580,-175.9418,0.0000,0.0000,0.0000,-0.5760,1.2201,-177.4840,0.005,3632,0.0000,0.0000,0.0267,0,0,0.394
80.801,0,0,0,-0.6167,1.2333,-0.6265,1.2570,-175.9800,0.0000,0.0000,0.0000,-0.6563,1.1994,-179.0386,0.022,3636,0.0000,0.0000,0.0256,0,0,0.396
80.902,0,0,0,-0.6167,1.2333,-0.6262,1.2576,-175.9550,0.0000,0.0000,0.0000,-0.5760,1.2201,-177.4829,0.017,3641,0.0000,0.0000,0.0261,0,0,0.389
81.002,0,0,0,-0.6167,1.2333,-0.6265,1.2570,-175.9805,0.0000,0.0000,0.0000,-0.6563,1.1994,-179.0376,0.013,3645,0.0000,0.0000,0.0256,0,0,0.413
81.102,0,0,0,-0.6167,1.2333,-0.6262,1.2576,-175.9542,0.0000,0.0000,0.0000,-0.6469,1.3531,-171.2808,0.013,3650,0.0000,0.0000,0.0261,0,0,0.311
81.203,0,0,0,-0.6167,1.2333,-0.6265,1.2570,-175.9787,0.0000,0.0000,0.0000,-0.6563,1.1994,-179.0385,0.023,3654,0.0000,0.0000,0.0257,0,0,0.401
81.302,0,0,0,-0.6167,1.2333,-0.6267,1.2581,-175.9405,0.0000,0.0000,0.0000,-0.6469,1.3531,-171.2811,0.030,3658,0.0000,0.0000,0.0267,0,0,0.410
81.402,0,0,0,-0.6167,1.2333,-0.6265,1.2570,-175.9775,0.0000,0.0000,0.0000,-0.6563,1.1994,-179.0386,0.016,3663,0.0000,0.0000,0.0257,0,0,0.324
81.503,0,0,0,-0.6167,1.2333,-0.6267,1.2581,-175.9394,0.0000,0.0000,0.0000,-0.5760,1.2201,-177.4826,0.006,3668,0.0000,0.0000,0.0267,0,0,0.408
81.603,0,0,0,-0.6167,1.2333,-0.6262,1.2576,-175.9536,0.0000,0.0000,0.0000,-0.6469,1.3531,-171.2817,0.002,3672,0.0000,0.0000,0.0261,0,0,0.338
81.702,0,0,0,-0.6167,1.2333,-0.6262,1.2576,-175.9540,0.0000,0.0000,0.0000,-0.5760,1.2201,-177.4821,0.015,3677,0.0000,0.0000,0.0261,0,0,0.410
81.805,0,0,0,-0.6167,1.2333,-0.6262,1.2576,-175.9542,0.0000,0.0000,0.0000,-0.6563,1.1994,-179.0382,0.003,3681,0.0000,0.0000,0.0261,0,0,0.398
81.901,0,0,0,-0.6167,1.2333,-0.6262,1.2576,-175.9551,0.0000,0.0000,0.0000,-0.5759,1.2201,-177.4851,0.015,3686,0.0000,0.0000,0.0261,0,0,0.397
82.003,0,0,0,-0.6167,1.2333,-0.6265,1.2570,-175.9810,0.0000,0.0000,0.0000,-0.6563,1.1994,-179.0396,0.014,3690,0.0000,0.0000,0.0256,0,0,0.410
82.101,0,0,0,-0.6167,1.2333,-0.6262,1.2576,-175.9565,0.0000,0.0000,0.0000,-0.5759,1.2201,-177.4844,0.020,3695,0.0000,0.0000,0.0261,0,0,0.409
82.201,0,0,0,-0.6167,1.2333,-0.6265,1.2570,-175.9820,0.0000,0.0000,0.0000,-0.6563,1.1994,-179.0395,0.022,3699,0.0000,0.0000,0.0256,0,0,0.382
82.302,0,0,0,-0.6167,1.2333,-0.6262,1.2576,-175.9527,0.0000,0.0000,0.0000,-0.5760,1.2201,-177.4836,0.018,3704,0.0000,0.0000,0.0261,0,0,0.391
82.403,0,0,0,-0.6167,1.2333,-0.6265,1.2570,-175.9794,0.0000,0.0000,0.0000,-0.6563,1.1994,-179.0385,0.025,3708,0.0000,0.0000,0.0256,0,0,0.393
82.501,0,0,0,-0.6167,1.2333,-0.6262,1.2576,-175.9540,0.0000,0.0000,0.0000,-0.5760,1.2201,-177.4836,0.016,3713,0.0000,0.0000,0.0261,0,0,0.329
82.602,0,0,0,-0.6167,1.2333,-0.6265,1.2570,-175.9800,0.0000,0.0000,0.0000,-0.6563,1.1994,-179.0382,0.023,3717,0.0000,0.0000,0.0256,0,0,0.417
82.702,0,0,0,-0.6167,1.2333,-0.6260,1.2566,-175.9923,0.0000,0.0000,0.0000,-0.6469,1.3531,-171.2814,0.006,3722,0.0000,0.0000,0.0251,0,0,0.390
82.802,0,0,0,-0.6167,1.2333,-0.6265,1.2570,-175.9803,0.0000,0.0000,0.0000,-0.6563,1.1994,-179.0381,0.023,3726,0.0000,0.0000,0.0257,0,0,0.413
82.902,0,0,0,-0.6167,1.2333,-0.6267,1.2581,-175.9424,0.0000,0.0000,0.0000,-0.6469,1.3531,-171.2819,0.035,3730,0.0000,0.0000,0.0267,0,0,0.405
83.002,0,0,0,-0.6167,1.2333,-0.6262,1.2576,-175.9564,0.0000,0.0000,0.0000,-0.5760,1.2201,-177.4822,0.029,3734,0.0000,0.0000,0.0261,0,0,0.392
83.102,0,0,0,-0.6167,1.2333,-0.6262,1.2576,-175.9570,0.0000,0.0000,0.0000,-0.5760,1.2201,-177.4822,0.021,3740,0.0000,0.0000,0.0261,0,0,0.417
83.204,0,0,0,-0.6167,1.2333,-0.6262,1.2576,-175.9570,0.0000,0.0000,0.0000,-0.5760,1.2201,-177.4817,0.047,3743,0.0000,0.0000,0.0261,0,0,0.342
83.302,0,0,0,-0.6167,1.2333,-0.6262,1.2576,-175.9588,0.0000,0.0000,0.0000,-0.5760,1.2201,-177.4824,0.022,3749,0.0000,0.0000,0.0261,0,0,0.327
83.402,0,0,0,-0.6167,1.2333,-0.6265,1.2570,-175.9835,0.0000,0.0000,0.0000,-0.6563,1.1994,-179.0396,0.025,3753,0.0000,0.0000,0.0256,0,0,0.390
83.503,0,0,0,-0.6167,1.2333,-0.6262,1.2576,-175.9581,0.0000,0.0000,0.0000,-0.5760,1.2201,-177.4831,0.020,3758,0.0000,0.0000,0.0261,0,0,0.389
83.603,0,0,0,-0.6167,1.2333,-0.6265,1.2570,-175.9844,0.0000,0.0000,0.0000,-0.6563,1.1994,-179.0387,0.022,3762,0.0000,0.0000,0.0256,0,0,0.382
83.702,0,0,0,-0.6167,1.2333,-0.6262,1.2576,-175.9590,0.0000,0.0000,0.0000,-0.5760,1.2201,-177.4837,0.014,3767,0.0000,0.0000,0.0261,0,0,0.414
83.802,0,0,0,-0.6167,1.2333,-0.6265,1.2570,-175.9818,0.0000,0.0000,0.0000,-0.6563,1.1994,-179.0395,0.022,3771,0.0000,0.0000,0.0256,0,0,0.342
83.902,0,0,0,-0.6167,1.2333,-0.6260,1.2566,-175.9944,0.0000,0.0000,0.0000,-0.6469,1.3531,-171.2822,0.006,3776,0.0000,0.0000,0.0251,0,0,0.400
84.001,0,0,0,-0.6167,1.2333,-0.6265,1.2570,-175.9795,0.0000,0.0000,0.0000,-0.6563,1.1994,-179.0394,0.023,3780,0.0000,0.0000,0.0257,0,0,0.411
84.101,0,0,0,-0.6167,1.2333,-0.6267,1.2581,-175.9420,0.0000,0.0000,0.0000,-0.6469,1.3531,-171.2825,0.024,3784,0.0000,0.0000,0.0267,0,0,0.410
84.202,0,0,0,-0.6167,1.2333,-0.6265,1.2570,-175.9789,0.0000,0.0000,0.0000,-0.6563,1.1994,-179.0390,0.015,3789,0.0000,0.0000,0.0257,0,0,0.388
84.301,0,0,0,-0.6167,1.2333,-0.6262,1.2577,-175.9535,0.0000,0.0000,0.0000,-0.5760,1.2201,-177.4824,0.019,3794,0.0000,0.0000,0.0261,0,0,0.412
84.405,0,0,0,-0.6167,1.2333,-0.6262,1.2576,-175.9543,0.0000,0.0000,0.0000,-0.6469,1.3531,-171.2815,0.003,3798,0.0000,0.0000,0.0261,0,0,0.298
84.502,0,0,0,-0.6167,1.2333,-0.6262,1.2576,-175.9553,0.0000,0.0000,0.0000,-0.5759,1.2201,-177.4845,0.014,3803,0.0000,0.0000,0.0261,0,0,0.354
84.604,0,0,0,-0.6167,1.2333,-0.6262,1.2576,-175.9569,0.0000,0.0000,0.0000,-0.6563,1.1994,-179.0387,0.002,3807,0.0000,0.0000,0.0261,0,0,0.379
84.702,0,0,0,-0.6167,1.2333,-0.6262,1.2576,-175.9561,0.0000,0.0000,0.0000,-0.5760,1.2201,-177.4836,0.020,3812,0.0000,0.0000,0.0261,0,0,0.404
84.802,0,0,0,-0.6167,1.2333,-0.6265,1.2570,-175.9819,0.0000,0.0000,0.0000,-0.6563,1.1994,-179.0397,0.021,3816,0.0000,0.0000,0.0256,0,0,0.420
84.901,0,0,0,-0.6167,1.2333,-0.6262,1.2576,-175.9567,0.0000,0.0000,0.0000,-0.5760,1.2201,-177.4839,0.017,3821,0.0000,0.0000,0.0261,0,0,0.337
85.002,0,0,0,-0.6167,1.2333,-0.6265,1.2570,-175.9838,0.0000,0.0000,0.0000,-0.6563,1.1994,-179.0391,0.019,3825,0.0000,0.0000,0.0256,0,0,0.388
85.102,0,0,0,-0.6167,1.2333,-0.6262,1.2576,-175.9595,0.0000,0.0000,0.0000,-0.5760,1.2201,-177.4835,0.020,3830,0.0000,0.0000,0.0261,0,0,0.404
85.201,0,0,0,-0.6167,1.2333,-0.6265,1.2570,-175.9853,0.0000,0.0000,0.0000,-0.6563,1.1994,-179.0381,0.023,3834,0.0000,0.0000,0.0256,0,0,0.325
85.301,0,0,0,-0.6167,1.2333,-0.6262,1.2576,-175.9601,0.0000,0.0000,0.0000,-0.5760,1.2201,-177.4835,0.019,3839,0.0000,0.0000,0.0261,0,0,0.402
85.401,0,0,0,-0.6167,1.2333,-0.6265,1.2570,-175.9852,0.0000,0.0000,0.0000,-0.6563,1.1994,-179.0394,0.023,3843,0.0000,0.0000,0.0256,0,0,0.385
85.501,0,0,0,-0.6167,1.2333,-0.6267,1.2581,-175.9476,0.0000,0.0000,0.0000,-0.5760,1.2201,-177.4828,0.009,3848,0.0000,0.0000,0.0267,0,0,0.408
85.603,0,0,0,-0.6167,1.2333,-0.6265,1.2570,-175.9849,0.0000,0.0000,0.0000,-0.6469,1.3531,-171.2822,0.002,3853,0.0000,0.0000,0.0256,0,0,0.334
85.701,0,0,0,-0.6167,1.2333,-0.6262,1.2576,-175.9597,0.0000,0.0000,0.0000,-0.5759,1.2201,-177.4842,0.017,3857,0.0000,0.0000,0.0261,0,0,0.320
85.802,0,0,0,-0.6167,1.2333,-0.6262,1.2576,-175.9607,0.0000,0.0000,0.0000,-0.5760,1.2201,-177.4838,0.054,3860,0.0000,0.0000,0.0261,0,0,0.387
85.901,0,0,0,-0.6167,1.2333,-0.6262,1.2576,-175.9593,0.0000,0.0000,0.0000,-0.5760,1.2201,-177.4830,0.016,3866,0.0000,0.0000,0.0261,0,0,0.417
86.001,0,0,0,-0.6167,1.2333,-0.6265,1.2570,-175.9855,0.0000,0.0000,0.0000,-0.6563,1.1994,-179.0384,0.019,3870,0.0000,0.0000,0.0256,0,0,0.412
86.102,0,0,0,-0.6167,1.2333,-0.6262,1.2576,-175.9600,0.0000,0.0000,0.0000,-0.5760,1.2201,-177.4825,0.021,3875,0.0000,0.0000,0.0261,0,0,0.382
86.203,0,0,0,-0.6167,1.2333,-0.6265,1.2570,-175.9843,0.0000,0.0000,0.0000,-0.6563,1.1994,-179.0387,0.024,3879,0.0000,0.0000,0.0256,0,0,0.411
86.301,0,0,0,-0.6167,1.2333,-0.6262,1.2576,-175.9583,0.0000,0.0000,0.0000,-0.5760,1.2201,-177.4834,0.018,3884,0.0000,0.0000,0.0261,0,0,0.386
86.402,0,0,0,-0.6167,1.2333,-0.6265,1.2570,-175.9827,0.0000,0.0000,0.0000,-0.6563,1.1994,-179.0386,0.026,3888,0.0000,0.0000,0.0256,0,0,0.341
86.501,0,0,0,-0.6167,1.2333,-0.6262,1.2576,-175.9561,0.0000,0.0000,0.0000,-0.5760,1.2201,-177.4827,0.020,3893,0.0000,0.0000,0.0261,0,0,0.407
86.601,0,0,0,-0.6167,1.2333,-0.6265,1.2570,-175.9809,0.0000,0.0000,0.0000,-0.6563,1.1994,-179.0390,0.018,3897,0.0000,0.0000,0.0257,0,0,0.377
86.701,0,0,0,-0.6167,1.2333,-0.6260,1.2566,-175.9929,0.0000,0.0000,0.0000,-0.6469,1.3531,-171.2826,0.010,3902,0.0000,0.0000,0.0251,0,0,0.401
86.802,0,0,0,-0.6167,1.2333,-0.6265,1.2571,-175.9811,0.0000,0.0000,0.0000,-0.6563,1.1994,-179.0396,0.022,3906,0.0000,0.0000,0.0257,0,0,0.403
86.902,0,0,0,-0.6167,1.2333,-0.6267,1.2581,-175.9440,0.0000,0.0000,0.0000,-0.6469,1.3531,-171.2825,0.033,3910,0.0000,0.0000,0.0267,0,0,0.403
87.002,0,0,0,-0.6167,1.2333,-0.6265,1.2570,-175.9825,0.0000,0.0000,0.0000,-0.6563,1.1994,-179.0399,0.016,3915,0.0000,0.0000,0.0257,0,0,0.399
87.101,0,0,0,-0.6167,1.2333,-0.6262,1.2577,-175.9573,0.0000,0.0000,0.0000,-0.5760,1.2201,-177.4833,0.021,3920,0.0000,0.0000,0.0261,0,0,0.403
87.202,0,0,0,-0.6167,1.2333,-0.6262,1.2576,-175.9587,0.0000,0.0000,0.0000,-0.5760,1.2201,-177.4836,0.050,3923,0.0000,0.0000,0.0261,0,0,0.415
87.301,0,0,0,-0.6167,1.2333,-0.6262,1.2576,-175.9571,0.0000,0.0000,0.0000,-0.5760,1.2201,-177.4834,0.019,3929,0.0000,0.0000,0.0261,0,0,0.387
87.402,0,0,0,-0.6167,1.2333,-0.6265,1.2570,-175.9816,0.0000,0.0000,0.0000,-0.6563,1.1994,-179.0392,0.023,3933,0.0000,0.0000,0.0256,0,0,0.415
87.501,0,0,0,-0.6167,1.2333,-0.6262,1.2576,-175.9557,0.0000,0.0000,0.0000,-0.5760,1.2201,-177.4834,0.018,3938,0.0000,0.0000,0.0261,0,0,0.409
87.602,0,0,0,-0.6167,1.2333,-0.6265,1.2570,-175.9814,0.0000,0.0000,0.0000,-0.6563,1.1994,-179.0387,0.023,3942,0.0000,0.0000,0.0256,0,0,0.328
87.701,0,0,0,-0.6167,1.2333,-0.6262,1.2576,-175.9551,0.0000,0.0000,0.0000,-0.5760,1.2201,-177.4819,0.021,3947,0.0000,0.0000,0.0261,0,0,0.399
87.801,0,0,0,-0.6167,1.2333,-0.6265,1.2570,-175.9806,0.0000,0.0000,0.0000,-0.6563,1.1994,-179.0384,0.021,3951,0.0000,0.0000,0.0256,0,0,0.414
87.902,0,0,0,-0.6167,1.2333,-0.6260,1.2566,-175.9940,0.0000,0.0000,0.0000,-0.6469,1.3531,-171.2834,0.003,3956,0.0000,0.0000,0.0251,0,0,0.386
88.002,0,0,0,-0.6167,1.2333,-0.6265,1.2570,-175.9803,0.0000,0.0000,0.0000,-0.6563,1.1994,-179.0386,0.023,3960,0.0000,0.0000,0.0257,0,0,0.306
88.102,0,0,0,-0.6167,1.2333,-0.6267,1.2581,-175.9415,0.0000,0.0000,0.0000,-0.6469,1.3530,-171.2827,0.025,3964,0.0000,0.0000,0.0267,0,0,0.323
88.202,0,0,0,-0.6167,1.2333,-0.6265,1.2570,-175.9810,0.0000,0.0000,0.0000,-0.6563,1.1994,-179.0386,0.022,3969,0.0000,0.0000,0.0257,0,0,0.318
88.302,0,0,0,-0.6167,1.2333,-0.6262,1.2577,-175.9563,0.0000,0.0000,0.0000,-0.5759,1.2201,-177.4848,0.017,3974,0.0000,0.0000,0.0261,0,0,0.400
88.401,0,0,0,-0.6167,1.2333,-0.6262,1.2577,-175.9571,0.0000,0.0000,0.0000,-0.5759,1.2201,-177.4849,0.036,3977,0.0000,0.0000,0.0261,0,0,0.393
88.501,0,0,0,-0.6167,1.2333,-0.6262,1.2576,-175.9581,0.0000,0.0000,0.0000,-0.5760,1.2201,-177.4831,0.020,3983,0.0000,0.0000,0.0261,0,0,0.382
88.602,0,0,0,-0.6167,1.2333,-0.6265,1.2570,-175.9832,0.0000,0.0000,0.0000,-0.6563,1.1994,-179.0393,0.015,3987,0.0000,0.0000,0.0256,0,0,0.411
88.702,0,0,0,-0.6167,1.2333,-0.6262,1.2576,-175.9563,0.0000,0.0000,0.0000,-0.5760,1.2201,-177.4830,0.021,3992,0.0000,0.0000,0.0261,0,0,0.414
88.804,0,0,0,-0.6167,1.2333,-0.6265,1.2570,-175.9823,0.0000,0.0000,0.0000,-0.6563,1.1994,-179.0391,0.024,3996,0.0000,0.0000,0.0256,0,0,0.384
88.901,0,0,0,-0.6167,1.2333,-0.6262,1.2576,-175.9566,0.0000,0.0000,0.0000,-0.5760,1.2201,-177.4830,0.017,4001,0.0000,0.0000,0.0261,0,0,0.414
89.001,0,0,0,-0.6167,1.2333,-0.6265,1.2570,-175.9819,0.0000,0.0000,0.0000,-0.6563,1.1994,-179.0395,0.018,4005,0.0000,0.0000,0.0256,0,0,0.336
89.102,0,0,0,-0.6167,1.2333,-0.6262,1.2576,-175.9559,0.0000,0.0000,0.0000,-0.5760,1.2201,-177.4831,0.021,4010,0.0000,0.0000,0.0261,0,0,0.408
89.202,0,0,0,-0.6167,1.2333,-0.6265,1.2570,-175.9831,0.0000,0.0000,0.0000,-0.6563,1.1994,-179.0391,0.023,4014,0.0000,0.0000,0.0256,0,0,0.412
89.302,0,0,0,-0.6167,1.2333,-0.6262,1.2576,-175.9574,0.0000,0.0000,0.0000,-0.5760,1.2201,-177.4816,0.020,4019,0.0000,0.0000,0.0261,0,0,0.399
89.401,0,0,0,-0.6167,1.2333,-0.6265,1.2570,-175.9828,0.0000,0.0000,0.0000,-0.6563,1.1994,-179.0384,0.023,4023,0.0000,0.0000,0.0257,0,0,0.350
89.503,0,0,0,-0.6167,1.2333,-0.6260,1.2566,-175.9971,0.0000,0.0000,0.0000,-0.6469,1.3531,-171.2835,0.006,4028,0.0000,0.0000,0.0251,0,0,0.414
89.601,0,0,0,-0.6167,1.2333,-0.6265,1.2570,-175.9835,0.0000,0.0000,0.0000,-0.6563,1.1994,-179.0394,0.023,4032,0.0000,0.0000,0.0257,0,0,0.410
89.702,0,0,0,-0.6167,1.2333,-0.6267,1.2581,-175.9447,0.0000,0.0000,0.0000,-0.6469,1.3530,-171.2832,0.030,4036,0.0000,0.0000,0.0267,0,0,0.394
89.802,0,0,0,-0.6167,1.2333,-0.6262,1.2576,-175.9583,0.0000,0.0000,0.0000,-0.6563,1.1994,-179.0387,0.003,4041,0.0000,0.0000,0.0261,0,0,0.409
89.901,0,0,0,-0.6167,1.2333,-0.6262,1.2576,-175.9584,0.0000,0.0000,0.0000,-0.5760,1.2201,-177.4841,0.017,4046,0.0000,0.0000,0.0261,0,0,0.412
90.004,0,0,0,-0.6167,1.2333,-0.6262,1.2576,-175.9603,0.0000,0.0000,0.0000,-0.6563,1.1994,-179.0384,0.006,4050,0.0000,0.0000,0.0261,0,0,0.408
90.101,0,0,0,-0.6167,1.2333,-0.6262,1.2576,-175.9601,0.0000,0.0000,0.0000,-0.5760,1.2201,-177.4832,0.017,4055,0.0000,0.0000,0.0261,0,0,0.407
90.203,0,0,0,-0.6167,1.2333,-0.6265,1.2570,-175.9847,0.0000,0.0000,0.0000,-0.6469,1.3530,-171.2835,0.003,4060,0.0000,0.0000,0.0256,0,0,0.402
90.302,0,0,0,-0.6167,1.2333,-0.6262,1.2576,-175.9589,0.0000,0.0000,0.0000,-0.5760,1.2201,-177.4828,0.014,4064,0.0000,0.0000,0.0261,0,0,0.394
90.416,0,0,0,-0.6167,1.2333,-0.6265,1.2570,-175.9819,0.0000,0.0000,0.0000,-0.6563,1.1994,-179.0384,0.020,4068,0.0000,0.0000,0.0256,0,0,0.292
90.512,0,0,0,-0.6167,1.2333,-0.6265,1.2570,-175.9806,0.0000,0.0000,0.0000,-0.6469,1.3530,-171.2833,0.006,4073,0.0000,0.0000,0.0256,0,0,0.393
90.605,0,0,0,-0.6167,1.2333,-0.6262,1.2577,-175.9539,0.0000,0.0000,0.0000,-0.6563,1.1994,-179.0387,0.003,4077,0.0000,0.0000,0.0261,0,0,0.393
90.701,0,0,0,-0.6167,1.2333,-0.6260,1.2566,-175.9907,0.0000,0.0000,0.0000,-0.6469,1.3530,-171.2838,0.008,4082,0.0000,0.0000,0.0251,0,0,0.403
90.801,0,0,0,-0.6167,1.2333,-0.6265,1.2570,-175.9764,0.0000,0.0000,0.0000,-0.6563,1.1994,-179.0398,0.020,4086,0.0000,0.0000,0.0257,0,0,0.408
90.902,0,0,0,-0.6167,1.2333,-0.6265,1.2570,-175.9774,0.0000,0.0000,0.0000,-0.6469,1.3531,-171.2839,0.007,4090,0.0000,0.0000,0.0257,0,0,0.407
91.002,0,0,0,-0.6167,1.2333,-0.6265,1.2570,-175.9776,0.0000,0.0000,0.0000,-0.6563,1.1994,-179.0390,0.015,4095,0.0000,0.0000,0.0257,0,0,0.413
91.102,0,0,0,-0.6167,1.2333,-0.6262,1.2577,-175.9528,0.0000,0.0000,0.0000,-0.5760,1.2201,-177.4835,0.014,4100,0.0000,0.0000,0.0261,0,0,0.419
91.205,0,0,0,-0.6167,1.2333,-0.6262,1.2577,-175.9533,0.0000,0.0000,0.0000,-0.5760,1.2201,-177.4829,0.051,4103,0.0000,0.0000,0.0261,0,0,0.396
91.306,0,0,0,-0.6167,1.2333,-0.6267,1.2580,-175.9412,0.0000,0.0000,0.0000,-0.6563,1.1994,-179.0398,0.007,4108,0.0000,0.0000,0.0267,0,0,0.383
91.424,0,0,0,-0.6167,1.2333,-0.6267,1.2580,-175.9420,0.0000,0.0000,0.0000,-0.5760,1.2201,-177.4840,0.016,4112,0.0000,0.0000,0.0267,0,0,0.388
91.504,0,0,0,-0.6167,1.2333,-0.6265,1.2570,-175.9825,0.0000,0.0000,0.0000,-0.5760,1.2201,-177.4826,0.007,4118,0.0000,0.0000,0.0256,0,0,0.402
91.604,0,0,0,-0.6167,1.2333,-0.6265,1.2570,-175.9802,0.0000,0.0000,0.0000,-0.6469,1.3530,-171.2826,0.002,4123,0.0000,0.0000,0.0256,0,0,0.412
91.701,0,0,0,-0.6167,1.2333,-0.6262,1.2576,-175.9551,0.0000,0.0000,0.0000,-0.5760,1.2201,-177.4833,0.016,4127,0.0000,0.0000,0.0261,0,0,0.397
91.803,0,0,0,-0.6167,1.2333,-0.6265,1.2570,-175.9823,0.0000,0.0000,0.0000,-0.6469,1.3530,-171.2838,0.002,4132,0.0000,0.0000,0.0256,0,0,0.417
91.902,0,0,0,-0.6167,1.2333,-0.6262,1.2576,-175.9563,0.0000,0.0000,0.0000,-0.5760,1.2201,-177.4830,0.016,4136,0.0000,0.0000,0.0261,0,0,0.327
92.001,0,0,0,-0.6167,1.2333,-0.6265,1.2570,-175.9833,0.0000,0.0000,0.0000,-0.6563,1.1994,-179.0393,0.016,4140,0.0000,0.0000,0.0256,0,0,0.409
92.102,0,0,0,-0.6167,1.2333,-0.6262,1.2576,-175.9588,0.0000,0.0000,0.0000,-0.5760,1.2201,-177.4825,0.013,4145,0.0000,0.0000,0.0261,0,0,0.412
92.202,0,0,0,-0.6167,1.2333,-0.6265,1.2570,-175.9844,0.0000,0.0000,0.0000,-0.6563,1.1994,-179.0391,0.019,4149,0.0000,0.0000,0.0256,0,0,0.408
92.301,0,0,0,-0.6167,1.2333,-0.6262,1.2576,-175.9590,0.0000,0.0000,0.0000,-0.5760,1.2201,-177.4831,0.018,4154,0.0000,0.0000,0.0261,0,0,0.411
92.403,0,0,0,-0.6167,1.2333,-0.6265,1.2570,-175.9852,0.0000,0.0000,0.0000,-0.6469,1.3530,-171.2834,0.003,4159,0.0000,0.0000,0.0256,0,0,0.394
92.502,0,0,0,-0.6167,1.2333,-0.6267,1.2580,-175.9482,0.0000,0.0000,0.0000,-0.5760,1.2201,-177.4833,0.011,4163,0.0000,0.0000,0.0267,0,0,0.423
92.602,0,0,0,-0.6167,1.2333,-0.6265,1.2570,-175.9882,0.0000,0.0000,0.0000,-0.6563,1.1994,-179.0384,0.014,4167,0.0000,0.0000,0.0256,0,0,0.401
92.701,0,0,0,-0.6167,1.2333,-0.6262,1.2576,-175.9634,0.0000,0.0000,0.0000,-0.5759,1.2201,-177.4839,0.016,4172,0.0000,0.0000,0.0261,0,0,0.399
92.804,0,0,0,-0.6167,1.2333,-0.6265,1.2570,-175.9893,0.0000,0.0000,0.0000,-0.6563,1.1994,-179.0388,0.015,4176,0.0000,0.0000,0.0256,0,0,0.311
92.901,0,0,0,-0.6167,1.2333,-0.6262,1.2576,-175.9654,0.0000,0.0000,0.0000,-0.5759,1.2201,-177.4841,0.018,4181,0.0000,0.0000,0.0261,0,0,0.403
93.002,0,0,0,-0.6167,1.2333,-0.6265,1.2570,-175.9902,0.0000,0.0000,0.0000,-0.6563,1.1994,-179.0397,0.021,4185,0.0000,0.0000,0.0256,0,0,0.406
93.103,0,0,0,-0.6167,1.2333,-0.6262,1.2576,-175.9646,0.0000,0.0000,0.0000,-0.5760,1.2201,-177.4831,0.020,4190,0.0000,0.0000,0.0261,0,0,0.409
93.203,0,0,0,-0.6167,1.2333,-0.6265,1.2570,-175.9886,0.0000,0.0000,0.0000,-0.6563,1.1994,-179.0390,0.023,4194,0.0000,0.0000,0.0256,0,0,0.394
93.301,0,0,0,-0.6167,1.2333,-0.6262,1.2576,-175.9628,0.0000,0.0000,0.0000,-0.5760,1.2201,-177.4826,0.020,4199,0.0000,0.0000,0.0261,0,0,0.400
93.402,0,0,0,-0.6167,1.2333,-0.6265,1.2570,-175.9863,0.0000,0.0000,0.0000,-0.6563,1.1994,-179.0395,0.020,4203,0.0000,0.0000,0.0256,0,0,0.391
93.504,0,0,0,-0.6167,1.2333,-0.6262,1.2577,-175.9604,0.0000,0.0000,0.0000,-0.6469,1.3530,-171.2840,0.014,4208,0.0000,0.0000,0.0261,0,0,0.117
93.603,0,0,0,-0.6167,1.2333,-0.6265,1.2570,-175.9878,0.0000,0.0000,0.0000,-0.6563,1.1994,-179.0400,0.021,4212,0.0000,0.0000,0.0257,0,0,0.415
93.702,0,0,0,-0.6167,1.2333,-0.6267,1.2581,-175.9519,0.0000,0.0000,0.0000,-0.6469,1.3530,-171.2846,0.031,4216,0.0000,0.0000,0.0267,0,0,0.397
93.804,0,0,0,-0.6167,1.2333,-0.6265,1.2570,-175.9911,0.0000,0.0000,0.0000,-0.6469,1.3530,-171.2844,0.002,4222,0.0000,0.0000,0.0256,0,0,0.424
93.901,0,0,0,-0.6167,1.2333,-0.6262,1.2576,-175.9661,0.0000,0.0000,0.0000,-0.5760,1.2201,-177.4830,0.017,4226,0.0000,0.0000,0.0261,0,0,0.298
94.003,0,0,0,-0.6167,1.2333,-0.6262,1.2576,-175.9671,0.0000,0.0000,0.0000,-0.5760,1.2201,-177.4831,0.055,4229,0.0000,0.0000,0.0261,0,0,0.392
94.101,0,0,0,-0.6167,1.2333,-0.6262,1.2576,-175.9686,0.0000,0.0000,0.0000,-0.5760,1.2201,-177.4837,0.016,4235,0.0000,0.0000,0.0261,0,0,0.418
94.202,0,0,0,-0.6167,1.2333,-0.6265,1.2570,-175.9927,0.0000,0.0000,0.0000,-0.6563,1.1994,-179.0393,0.021,4239,0.0000,0.0000,0.0256,0,0,0.404
94.302,0,0,0,-0.6167,1.2333,-0.6262,1.2576,-175.9669,0.0000,0.0000,0.0000,-0.5759,1.2201,-177.4844,0.016,4244,0.0000,0.0000,0.0261,0,0,0.423
94.405,0,0,0,-0.6167,1.2333,-0.6265,1.2570,-175.9921,0.0000,0.0000,0.0000,-0.6563,1.1994,-179.0386,0.029,4248,0.0000,0.0000,0.0256,0,0,0.396
94.501,0,0,0,-0.6167,1.2333,-0.6262,1.2576,-175.9669,0.0000,0.0000,0.0000,-0.5760,1.2201,-177.4833,0.020,4253,0.0000,0.0000,0.0261,0,0,0.393
94.604,0,0,0,-0.6167,1.2333,-0.6265,1.2570,-175.9933,0.0000,0.0000,0.0000,-0.6469,1.3530,-171.2852,0.002,4258,0.0000,0.0000,0.0256,0,0,0.406
94.701,0,0,0,-0.6167,1.2333,-0.6262,1.2576,-175.9673,0.0000,0.0000,0.0000,-0.5760,1.2201,-177.4834,0.019,4262,0.0000,0.0000,0.0261,0,0,0.329
94.802,0,0,0,-0.6167,1.2333,-0.6265,1.2570,-175.9921,0.0000,0.0000,0.0000,-0.6563,1.1994,-179.0393,0.025,4266,0.0000,0.0000,0.0256,0,0,0.380
94.904,0,0,0,-0.6167,1.2333,-0.6267,1.2580,-175.9554,0.0000,0.0000,0.0000,-0.6469,1.3530,-171.2832,0.023,4270,0.0000,0.0000,0.0267,0,0,0.404
95.002,0,0,0,-0.6167,1.2333,-0.6265,1.2570,-175.9941,0.0000,0.0000,0.0000,-0.6563,1.1994,-179.0390,0.016,4275,0.0000,0.0000,0.0256,0,0,0.316
95.101,0,0,0,-0.6167,1.2333,-0.6262,1.2576,-175.9679,0.0000,0.0000,0.0000,-0.5760,1.2201,-177.4832,0.018,4280,0.0000,0.0000,0.0261,0,0,0.405
95.202,0,0,0,-0.6167,1.2333,-0.6262,1.2576,-175.9686,0.0000,0.0000,0.0000,-0.5760,1.2201,-177.4829,0.038,4283,0.0000,0.0000,0.0261,0,0,0.396
95.301,0,0,0,-0.6167,1.2333,-0.6262,1.2576,-175.9692,0.0000,0.0000,0.0000,-0.5760,1.2201,-177.4830,0.019,4289,0.0000,0.0000,0.0261,0,0,0.410
95.402,0,0,0,-0.6167,1.2333,-0.6262,1.2576,-175.9708,0.0000,0.0000,0.0000,-0.6469,1.3530,-171.2846,0.002,4294,0.0000,0.0000,0.0261,0,0,0.357
95.501,0,0,0,-0.6167,1.2333,-0.6262,1.2576,-175.9698,0.0000,0.0000,0.0000,-0.5760,1.2201,-177.4828,0.021,4298,0.0000,0.0000,0.0261,0,0,0.395
95.604,0,0,0,-0.6167,1.2333,-0.6265,1.2570,-175.9958,0.0000,0.0000,0.0000,-0.6470,1.3530,-171.2830,0.002,4303,0.0000,0.0000,0.0256,0,0,0.405
95.702,0,0,0,-0.6167,1.2333,-0.6262,1.2576,-175.9712,0.0000,0.0000,0.0000,-0.5760,1.2201,-177.4826,0.020,4307,0.0000,0.0000,0.0261,0,0,0.408
95.806,0,0,0,-0.6167,1.2333,-0.6265,1.2570,-175.9961,0.0000,0.0000,0.0000,-0.6469,1.3530,-171.2839,0.009,4312,0.0000,0.0000,0.0256,0,0,0.395
95.902,0,0,0,-0.6167,1.2333,-0.6262,1.2576,-175.9711,0.0000,0.0000,0.0000,-0.5760,1.2201,-177.4827,0.020,4316,0.0000,0.0000,0.0261,0,0,0.409
96.002,0,0,0,-0.6167,1.2333,-0.6265,1.2570,-175.9985,0.0000,0.0000,0.0000,-0.6563,1.1994,-179.0392,0.021,4320,0.0000,0.0000,0.0256,0,0,0.403
96.102,0,0,0,-0.6167,1.2333,-0.6262,1.2576,-175.9721,0.0000,0.0000,0.0000,-0.5760,1.2201,-177.4822,0.016,4325,0.0000,0.0000,0.0261,0,0,0.397
96.202,0,0,0,-0.6167,1.2333,-0.6265,1.2570,-175.9972,0.0000,0.0000,0.0000,-0.6563,1.1994,-179.0388,0.023,4329,0.0000,0.0000,0.0256,0,0,0.397
96.301,0,0,0,-0.6167,1.2333,-0.6260,1.2566,-176.0092,0.0000,0.0000,0.0000,-0.6469,1.3530,-171.2844,0.010,4334,0.0000,0.0000,0.0251,0,0,0.411
96.403,0,0,0,-0.6167,1.2333,-0.6265,1.2570,-175.9974,0.0000,0.0000,0.0000,-0.6469,1.3530,-171.2845,0.002,4339,0.0000,0.0000,0.0257,0,0,0.409
96.507,0,0,0,-0.6167,1.2333,-0.6267,1.2580,-175.9587,0.0000,0.0000,0.0000,-0.6469,1.3530,-171.2840,0.040,4342,0.0000,0.0000,0.0267,0,0,0.408
96.609,0,0,0,-0.6167,1.2333,-0.6262,1.2576,-175.9721,0.0000,0.0000,0.0000,-0.5760,1.2201,-177.4828,0.023,4346,0.0000,0.0000,0.0261,0,0,0.405
96.706,0,0,0,-0.6167,1.2333,-0.6265,1.2570,-175.9978,0.0000,0.0000,0.0000,-0.6563,1.1994,-179.0385,0.023,4350,0.0000,0.0000,0.0256,0,0,0.412
96.807,0,0,0,-0.6167,1.2333,-0.6262,1.2576,-175.9725,0.0000,0.0000,0.0000,-0.5760,1.2201,-177.4832,0.008,4354,0.0000,0.0000,0.0261,0,0,0.393
96.902,0,0,0,-0.6167,1.2333,-0.6262,1.2577,-175.9754,0.0000,0.0000,0.0000,-0.5760,1.2201,-177.4834,0.015,4361,0.0000,0.0000,0.0261,0,0,0.395
97.002,0,0,0,-0.6167,1.2333,-0.6265,1.2570,-176.0025,0.0000,0.0000,0.0000,-0.6563,1.1994,-179.0391,0.022,4365,0.0000,0.0000,0.0256,0,0,0.396
97.101,0,0,0,-0.6167,1.2333,-0.6262,1.2576,-175.9768,0.0000,0.0000,0.0000,-0.5760,1.2201,-177.4827,0.019,4370,0.0000,0.0000,0.0261,0,0,0.325
97.201,0,0,0,-0.6167,1.2333,-0.6265,1.2570,-176.0020,0.0000,0.0000,0.0000,-0.6563,1.1994,-179.0388,0.021,4374,0.0000,0.0000,0.0256,0,0,0.389
97.301,0,0,0,-0.6167,1.2333,-0.6262,1.2576,-175.9774,0.0000,0.0000,0.0000,-0.5759,1.2201,-177.4837,0.021,4379,0.0000,0.0000,0.0261,0,0,0.421
97.402,0,0,0,-0.6167,1.2333,-0.6265,1.2570,-176.0030,0.0000,0.0000,0.0000,-0.6563,1.1994,-179.0392,0.021,4383,0.0000,0.0000,0.0256,0,0,0.410
97.502,0,0,0,-0.6167,1.2333,-0.6260,1.2566,-176.0168,0.0000,0.0000,0.0000,-0.6469,1.3530,-171.2852,0.007,4388,0.0000,0.0000,0.0251,0,0,0.409
97.601,0,0,0,-0.6167,1.2333,-0.6265,1.2571,-176.0025,0.0000,0.0000,0.0000,-0.6563,1.1994,-179.0389,0.022,4392,0.0000,0.0000,0.0257,0,0,0.390
97.702,0,0,0,-0.6167,1.2333,-0.6267,1.2581,-175.9641,0.0000,0.0000,0.0000,-0.6469,1.3530,-171.2852,0.024,4396,0.0000,0.0000,0.0267,0,0,0.411
97.801,0,0,0,-0.6167,1.2333,-0.6265,1.2570,-176.0014,0.0000,0.0000,0.0000,-0.6469,1.3530,-171.2854,0.003,4402,0.0000,0.0000,0.0257,0,0,0.408
97.901,0,0,0,-0.6167,1.2333,-0.6262,1.2577,-175.9758,0.0000,0.0000,0.0000,-0.5759,1.2201,-177.4839,0.017,4406,0.0000,0.0000,0.0261,0,0,0.409
98.002,0,0,0,-0.6167,1.2333,-0.6262,1.2576,-175.9759,0.0000,0.0000,0.0000,-0.5760,1.2201,-177.4828,0.054,4409,0.0000,0.0000,0.0261,0,0,0.401
98.102,0,0,0,-0.6167,1.2333,-0.6262,1.2576,-175.9755,0.0000,0.0000,0.0000,-0.5760,1.2201,-177.4825,0.009,4415,0.0000,0.0000,0.0261,0,0,0.579
98.204,0,0,0,-0.6167,1.2333,-0.6262,1.2576,-175.9770,0.0000,0.0000,0.0000,-0.6469,1.3530,-171.2854,0.002,4420,0.0000,0.0000,0.0261,0,0,0.396
98.301,0,0,0,-0.6167,1.2333,-0.6265,1.2570,-176.0008,0.0000,0.0000,0.0000,-0.6563,1.1994,-179.0389,0.025,4422,0.0000,0.0000,0.0256,0,0,0.404
98.407,0,0,0,-0.6167,1.2333,-0.6267,1.2580,-175.9606,0.0000,0.0000,0.0000,-0.5759,1.2201,-177.4838,0.013,4427,0.0000,0.0000,0.0267,0,0,0.412
98.514,0,0,0,-0.6167,1.2333,-0.6265,1.2570,-175.9982,0.0000,0.0000,0.0000,-0.6469,1.3530,-171.2852,0.010,4432,0.0000,0.0000,0.0256,0,0,0.412
98.608,0,0,0,-0.6167,1.2333,-0.6265,1.2570,-175.9959,0.0000,0.0000,0.0000,-0.6470,1.3530,-171.2844,0.006,4438,0.0000,0.0000,0.0256,0,0,0.411
98.702,0,0,0,-0.6167,1.2333,-0.6262,1.2576,-175.9680,0.0000,0.0000,0.0000,-0.5760,1.2201,-177.4831,0.021,4442,0.0000,0.0000,0.0261,0,0,0.354
98.804,0,0,0,-0.6167,1.2333,-0.6265,1.2570,-175.9950,0.0000,0.0000,0.0000,-0.6563,1.1994,-179.0392,0.025,4446,0.0000,0.0000,0.0256,0,0,0.340
98.902,0,0,0,-0.6167,1.2333,-0.6262,1.2576,-175.9695,0.0000,0.0000,0.0000,-0.5760,1.2201,-177.4824,0.018,4451,0.0000,0.0000,0.0261,0,0,0.390
99.002,0,0,0,-0.6167,1.2333,-0.6265,1.2570,-175.9957,0.0000,0.0000,0.0000,-0.6563,1.1994,-179.0389,0.017,4455,0.0000,0.0000,0.0256,0,0,0.344
99.111,0,0,0,-0.6167,1.2333,-0.6265,1.2570,-175.9954,0.0000,0.0000,0.0000,-0.6469,1.3530,-171.2854,0.010,4460,0.0000,0.0000,0.0256,0,0,0.397
99.206,0,0,0,-0.6167,1.2333,-0.6265,1.2570,-175.9959,0.0000,0.0000,0.0000,-0.6470,1.3530,-171.2845,0.003,4465,0.0000,0.0000,0.0257,0,0,0.399
99.302,0,0,0,-0.6167,1.2333,-0.6262,1.2576,-175.9693,0.0000,0.0000,0.0000,-0.5760,1.2201,-177.4833,0.017,4469,0.0000,0.0000,0.0261,0,0,0.303
99.402,0,0,0,-0.6167,1.2333,-0.6265,1.2570,-175.9956,0.0000,0.0000,0.0000,-0.6563,1.1994,-179.0386,0.015,4473,0.0000,0.0000,0.0256,0,0,0.322
99.502,0,0,0,-0.6167,1.2333,-0.6262,1.2576,-175.9702,0.0000,0.0000,0.0000,-0.5760,1.2201,-177.4832,0.021,4478,0.0000,0.0000,0.0261,0,0,0.415
99.603,0,0,0,-0.6167,1.2333,-0.6265,1.2570,-175.9962,0.0000,0.0000,0.0000,-0.6470,1.3530,-171.2850,0.003,4483,0.0000,0.0000,0.0256,0,0,0.414
99.701,0,0,0,-0.6167,1.2333,-0.6262,1.2576,-175.9687,0.0000,0.0000,0.0000,-0.5760,1.2201,-177.4832,0.016,4487,0.0000,0.0000,0.0261,0,0,0.405
99.803,0,0,0,-0.6167,1.2333,-0.6265,1.2570,-175.9949,0.0000,0.0000,0.0000,-0.6469,1.3530,-171.2859,0.003,4492,0.0000,0.0000,0.0256,0,0,0.408
99.903,0,0,0,-0.6167,1.2333,-0.6262,1.2576,-175.9696,0.0000,0.0000,0.0000,-0.5760,1.2201,-177.4829,0.019,4496,0.0000,0.0000,0.0261,0,0,0.411
100.003,0,0,0,-0.6167,1.2333,-0.6265,1.2570,-175.9946,0.0000,0.0000,0.0000,-0.6563,1.1994,-179.0384,0.021,4500,0.0000,0.0000,0.0256,0,0,0.398
100.102,0,0,0,-0.6167,1.2333,-0.6262,1.2576,-175.9702,0.0000,0.0000,0.0000,-0.5759,1.2201,-177.4835,0.022,4505,0.0000,0.0000,0.0261,0,0,0.411
100.201,0,0,0,-0.6167,1.2333,-0.6265,1.2570,-175.9963,0.0000,0.0000,0.0000,-0.6563,1.1994,-179.0386,0.025,4509,0.0000,0.0000,0.0256,0,0,0.316
100.302,0,0,0,-0.6167,1.2333,-0.6260,1.2566,-176.0096,0.0000,0.0000,0.0000,-0.6470,1.3530,-171.2853,0.014,4514,0.0000,0.0000,0.0251,0,0,0.322
100.404,0,0,0,-0.6167,1.2333,-0.6265,1.2570,-175.9968,0.0000,0.0000,0.0000,-0.6470,1.3530,-171.2861,0.003,4519,0.0000,0.0000,0.0257,0,0,0.385
100.502,0,0,0,-0.6167,1.2333,-0.6267,1.2580,-175.9589,0.0000,0.0000,0.0000,-0.6470,1.3530,-171.2845,0.035,4522,0.0000,0.0000,0.0267,0,0,0.516
100.602,0,0,0,-0.6167,1.2333,-0.6265,1.2570,-175.9981,0.0000,0.0000,0.0000,-0.6470,1.3530,-171.2859,0.003,4528,0.0000,0.0000,0.0256,0,0,0.394
100.701,0,0,0,-0.6167,1.2333,-0.6262,1.2576,-175.9728,0.0000,0.0000,0.0000,-0.5760,1.2201,-177.4816,0.020,4532,0.0000,0.0000,0.0261,0,0,0.418
100.803,0,0,0,-0.6167,1.2333,-0.6262,1.2576,-175.9737,0.0000,0.0000,0.0000,-0.6470,1.3530,-171.2860,0.002,4536,0.0000,0.0000,0.0261,0,0,0.400
100.901,0,0,0,-0.6167,1.2333,-0.6262,1.2576,-175.9756,0.0000,0.0000,0.0000,-0.5760,1.2201,-177.4832,0.010,4541,0.0000,0.0000,0.0261,0,0,0.410
101.003,0,0,0,-0.6167,1.2333,-0.6265,1.2570,-176.0010,0.0000,0.0000,0.0000,-0.6470,1.3530,-171.2852,0.002,4546,0.0000,0.0000,0.0256,0,0,0.388
101.103,0,0,0,-0.6167,1.2333,-0.6262,1.2576,-175.9758,0.0000,0.0000,0.0000,-0.5759,1.2201,-177.4836,0.017,4550,0.0000,0.0000,0.0261,0,0,0.414
101.203,0,0,0,-0.6167,1.2333,-0.6262,1.2576,-175.9756,0.0000,0.0000,0.0000,-0.5760,1.2201,-177.4831,0.010,4553,0.0000,0.0000,0.0261,0,0,0.394
101.311,0,0,0,-0.6167,1.2333,-0.6265,1.2570,-176.0041,0.0000,0.0000,0.0000,-0.6470,1.3530,-171.2855,0.008,4558,0.0000,0.0000,0.0256,0,0,0.387
101.412,0,0,0,-0.6167,1.2333,-0.6265,1.2570,-176.0040,0.0000,0.0000,0.0000,-0.6470,1.3530,-171.2850,0.009,4561,0.0000,0.0000,0.0256,0,0,0.394
101.515,0,0,0,-0.6167,1.2333,-0.6265,1.2570,-176.0035,0.0000,0.0000,0.0000,-0.5760,1.2201,-177.4825,0.015,4567,0.0000,0.0000,0.0256,0,0,0.338
101.603,0,0,0,-0.6167,1.2333,-0.6265,1.2570,-176.0002,0.0000,0.0000,0.0000,-0.6563,1.1994,-179.0394,0.024,4572,0.0000,0.0000,0.0256,0,0,0.302
101.702,0,0,0,-0.6167,1.2333,-0.6267,1.2580,-175.9621,0.0000,0.0000,0.0000,-0.6470,1.3530,-171.2853,0.032,4576,0.0000,0.0000,0.0267,0,0,0.394
101.802,0,0,0,-0.6167,1.2333,-0.6265,1.2570,-175.9990,0.0000,0.0000,0.0000,-0.6470,1.3530,-171.2855,0.003,4582,0.0000,0.0000,0.0256,0,0,0.407
101.902,0,0,0,-0.6167,1.2333,-0.6262,1.2576,-175.9721,0.0000,0.0000,0.0000,-0.5760,1.2201,-177.4828,0.018,4586,0.0000,0.0000,0.0261,0,0,0.396
102.002,0,0,0,-0.6167,1.2333,-0.6262,1.2576,-175.9735,0.0000,0.0000,0.0000,-0.5760,1.2201,-177.4829,0.041,4589,0.0000,0.0000,0.0261,0,0,0.330
102.101,0,0,0,-0.6167,1.2333,-0.6262,1.2576,-175.9731,0.0000,0.0000,0.0000,-0.5760,1.2201,-177.4826,0.020,4595,0.0000,0.0000,0.0261,0,0,0.413
102.201,0,0,0,-0.6167,1.2333,-0.6265,1.2570,-175.9977,0.0000,0.0000,0.0000,-0.6470,1.3530,-171.2852,0.003,4600,0.0000,0.0000,0.0256,0,0,0.406
102.301,0,0,0,-0.6167,1.2333,-0.6262,1.2576,-175.9736,0.0000,0.0000,0.0000,-0.5760,1.2201,-177.4829,0.023,4604,0.0000,0.0000,0.0261,0,0,0.373
102.402,0,0,0,-0.6167,1.2333,-0.6265,1.2570,-176.0007,0.0000,0.0000,0.0000,-0.6470,1.3530,-171.2855,0.003,4609,0.0000,0.0000,0.0256,0,0,0.414
102.502,0,0,0,-0.6167,1.2333,-0.6262,1.2576,-175.9758,0.0000,0.0000,0.0000,-0.5760,1.2201,-177.4827,0.024,4613,0.0000,0.0000,0.0261,0,0,0.410
102.603,0,0,0,-0.6167,1.2333,-0.6265,1.2570,-175.9996,0.0000,0.0000,0.0000,-0.6470,1.3530,-171.2851,0.003,4618,0.0000,0.0000,0.0256,0,0,0.395
102.702,0,0,0,-0.6167,1.2333,-0.6262,1.2576,-175.9745,0.0000,0.0000,0.0000,-0.5760,1.2201,-177.4825,0.023,4622,0.0000,0.0000,0.0261,0,0,0.404
102.802,0,0,0,-0.6167,1.2333,-0.6265,1.2570,-175.9998,0.0000,0.0000,0.0000,-0.6470,1.3530,-171.2853,0.005,4627,0.0000,0.0000,0.0256,0,0,0.396
102.901,0,0,0,-0.6167,1.2333,-0.6262,1.2576,-175.9751,0.0000,0.0000,0.0000,-0.5760,1.2201,-177.4825,0.019,4631,0.0000,0.0000,0.0261,0,0,0.425
103.002,0,0,0,-0.6167,1.2333,-0.6265,1.2570,-176.0003,0.0000,0.0000,0.0000,-0.6563,1.1994,-179.0395,0.023,4635,0.0000,0.0000,0.0256,0,0,0.420
103.101,0,0,0,-0.6167,1.2333,-0.6262,1.2576,-175.9749,0.0000,0.0000,0.0000,-0.6470,1.3530,-171.2853,0.013,4640,0.0000,0.0000,0.0261,0,0,0.400
103.202,0,0,0,-0.6167,1.2333,-0.6265,1.2570,-176.0003,0.0000,0.0000,0.0000,-0.6470,1.3530,-171.2852,0.004,4645,0.0000,0.0000,0.0256,0,0,0.347
103.301,0,0,0,-0.6167,1.2333,-0.6267,1.2580,-175.9616,0.0000,0.0000,0.0000,-0.6470,1.3530,-171.2855,0.036,4648,0.0000,0.0000,0.0267,0,0,0.384
103.402,0,0,0,-0.6167,1.2333,-0.6262,1.2576,-175.9755,0.0000,0.0000,0.0000,-0.6563,1.1994,-179.0403,0.007,4653,0.0000,0.0000,0.0261,0,0,0.383
103.501,0,0,0,-0.6167,1.2333,-0.6262,1.2576,-175.9765,0.0000,0.0000,0.0000,-0.5760,1.2201,-177.4827,0.022,4658,0.0000,0.0000,0.0261,0,0,0.388
103.602,0,0,0,-0.6167,1.2333,-0.6262,1.2576,-175.9778,0.0000,0.0000,0.0000,-0.6470,1.3530,-171.2855,0.003,4662,0.0000,0.0000,0.0261,0,0,0.417
103.702,0,0,0,-0.6167,1.2333,-0.6262,1.2576,-175.9770,0.0000,0.0000,0.0000,-0.5759,1.2201,-177.4830,0.021,4667,0.0000,0.0000,0.0261,0,0,0.402
103.804,0,0,0,-0.6167,1.2333,-0.6265,1.2570,-176.0038,0.0000,0.0000,0.0000,-0.6470,1.3530,-171.2858,0.002,4672,0.0000,0.0000,0.0256,0,0,0.416
103.901,0,0,0,-0.6167,1.2333,-0.6262,1.2576,-175.9790,0.0000,0.0000,0.0000,-0.5759,1.2201,-177.4831,0.014,4676,0.0000,0.0000,0.0261,0,0,0.334
104.002,0,0,0,-0.6167,1.2333,-0.6265,1.2570,-176.0044,0.0000,0.0000,0.0000,-0.6470,1.3530,-171.2850,0.003,4681,0.0000,0.0000,0.0256,0,0,0.399
104.101,0,0,0,-0.6167,1.2333,-0.6262,1.2576,-175.9788,0.0000,0.0000,0.0000,-0.5759,1.2201,-177.4832,0.023,4685,0.0000,0.0000,0.0261,0,0,0.411
104.201,0,0,0,-0.6167,1.2333,-0.6265,1.2570,-176.0041,0.0000,0.0000,0.0000,-0.6563,1.1994,-179.0392,0.026,4689,0.0000,0.0000,0.0256,0,0,0.393
104.301,0,0,0,-0.6167,1.2333,-0.6262,1.2576,-175.9775,0.0000,0.0000,0.0000,-0.6470,1.3530,-171.2859,0.016,4694,0.0000,0.0000,0.0261,0,0,0.331
104.401,0,0,0,-0.6167,1.2333,-0.6265,1.2570,-176.0022,0.0000,0.0000,0.0000,-0.6563,1.1994,-179.0392,0.025,4698,0.0000,0.0000,0.0256,0,0,0.421
104.501,0,0,0,-0.6167,1.2333,-0.6267,1.2580,-175.9643,0.0000,0.0000,0.0000,-0.6470,1.3530,-171.2857,0.020,4702,0.0000,0.0000,0.0267,0,0,0.401
104.601,0,0,0,-0.6167,1.2333,-0.6265,1.2570,-176.0022,0.0000,0.0000,0.0000,-0.6563,1.1994,-179.0401,0.021,4707,0.0000,0.0000,0.0256,0,0,0.394
104.701,0,0,0,-0.6167,1.2333,-0.6262,1.2576,-175.9766,0.0000,0.0000,0.0000,-0.5760,1.2201,-177.4823,0.016,4712,0.0000,0.0000,0.0261,0,0,0.396
104.802,0,0,0,-0.6167,1.2333,-0.6262,1.2576,-175.9776,0.0000,0.0000,0.0000,-0.6470,1.3530,-171.2854,0.003,4716,0.0000,0.0000,0.0261,0,0,0.410
104.901,0,0,0,-0.6167,1.2333,-0.6262,1.2576,-175.9772,0.0000,0.0000,0.0000,-0.5760,1.2201,-177.4819,0.019,4721,0.0000,0.0000,0.0260,0,0,0.401
105.002,0,0,0,-0.6167,1.2333,-0.6265,1.2569,-176.0027,0.0000,0.0000,0.0000,-0.6563,1.1994,-179.0387,0.015,4725,0.0000,0.0000,0.0256,0,0,0.413
105.102,0,0,0,-0.6167,1.2333,-0.6262,1.2576,-175.9768,0.0000,0.0000,0.0000,-0.5760,1.2201,-177.4828,0.022,4730,0.0000,0.0000,0.0260,0,0,0.275
105.202,0,0,0,-0.6167,1.2333,-0.6265,1.2570,-176.0021,0.0000,0.0000,0.0000,-0.6470,1.3530,-171.2860,0.003,4735,0.0000,0.0000,0.0256,0,0,0.419
105.301,0,0,0,-0.6167,1.2333,-0.6262,1.2576,-175.9768,0.0000,0.0000,0.0000,-0.5760,1.2201,-177.4824,0.022,4739,0.0000,0.0000,0.0260,0,0,0.395
105.404,0,0,0,-0.6167,1.2333,-0.6265,1.2570,-176.0029,0.0000,0.0000,0.0000,-0.6470,1.3530,-171.2854,0.003,4744,0.0000,0.0000,0.0256,0,0,0.392
105.501,0,0,0,-0.6167,1.2333,-0.6262,1.2576,-175.9774,0.0000,0.0000,0.0000,-0.5759,1.2201,-177.4837,0.023,4748,0.0000,0.0000,0.0260,0,0,0.419
105.601,0,0,0,-0.6167,1.2333,-0.6265,1.2570,-176.0049,0.0000,0.0000,0.0000,-0.6563,1.1994,-179.0395,0.026,4752,0.0000,0.0000,0.0256,0,0,0.409
105.702,0,0,0,-0.6167,1.2333,-0.6262,1.2576,-175.9787,0.0000,0.0000,0.0000,-0.5759,1.2201,-177.4840,0.018,4757,0.0000,0.0000,0.0261,0,0,0.407
105.801,0,0,0,-0.6167,1.2333,-0.6265,1.2570,-176.0050,0.0000,0.0000,0.0000,-0.6563,1.1994,-179.0397,0.023,4761,0.0000,0.0000,0.0256,0,0,0.339
105.902,0,0,0,-0.6167,1.2333,-0.6262,1.2576,-175.9806,0.0000,0.0000,0.0000,-0.5760,1.2201,-177.4828,0.019,4766,0.0000,0.0000,0.0261,0,0,0.411
106.002,0,0,0,-0.6167,1.2333,-0.6265,1.2570,-176.0059,0.0000,0.0000,0.0000,-0.6563,1.1994,-179.0398,0.022,4770,0.0000,0.0000,0.0256,0,0,0.391
106.101,0,0,0,-0.6167,1.2333,-0.6267,1.2580,-175.9686,0.0000,0.0000,0.0000,-0.5760,1.2201,-177.4823,0.007,4775,0.0000,0.0000,0.0266,0,0,0.405
106.202,0,0,0,-0.6167,1.2333,-0.6262,1.2576,-175.9837,0.0000,0.0000,0.0000,-0.6563,1.1994,-179.0401,0.003,4779,0.0000,0.0000,0.0261,0,0,0.403
106.301,0,0,0,-0.6167,1.2333,-0.6262,1.2576,-175.9830,0.0000,0.0000,0.0000,-0.5759,1.2201,-177.4834,0.022,4784,0.0000,0.0000,0.0261,0,0,0.339
106.401,0,0,0,-0.6167,1.2333,-0.6265,1.2570,-176.0091,0.0000,0.0000,0.0000,-0.6470,1.3530,-171.2859,0.004,4789,0.0000,0.0000,0.0256,0,0,0.398
106.501,0,0,0,-0.6167,1.2333,-0.6262,1.2576,-175.9833,0.0000,0.0000,0.0000,-0.5760,1.2201,-177.4828,0.023,4793,0.0000,0.0000,0.0261,0,0,0.401
106.601,0,0,0,-0.6167,1.2333,-0.6265,1.2570,-176.0084,0.0000,0.0000,0.0000,-0.6563,1.1994,-179.0400,0.024,4797,0.0000,0.0000,0.0256,0,0,0.411
106.702,0,0,0,-0.6167,1.2333,-0.6262,1.2576,-175.9820,0.0000,0.0000,0.0000,-0.5759,1.2201,-177.4831,0.021,4802,0.0000,0.0000,0.0261,0,0,0.398
106.804,0,0,0,-0.6167,1.2333,-0.6265,1.2570,-176.0058,0.0000,0.0000,0.0000,-0.6471,1.3530,-171.2855,0.004,4807,0.0000,0.0000,0.0256,0,0,0.400
106.902,0,0,0,-0.6167,1.2333,-0.6262,1.2576,-175.9792,0.0000,0.0000,0.0000,-0.5760,1.2201,-177.4813,0.021,4811,0.0000,0.0000,0.0261,0,0,0.347
107.002,0,0,0,-0.6167,1.2333,-0.6265,1.2570,-176.0050,0.0000,0.0000,0.0000,-0.6563,1.1993,-179.0378,0.024,4815,0.0000,0.0000,0.0256,0,0,0.289
107.101,0,0,0,-0.6167,1.2333,-0.6262,1.2576,-175.9793,0.0000,0.0000,0.0000,-0.6471,1.3529,-171.2854,0.014,4820,0.0000,0.0000,0.0261,0,0,0.330
107.203,0,0,0,-0.6167,1.2333,-0.6265,1.2570,-176.0057,0.0000,0.0000,0.0000,-0.6563,1.1994,-179.0406,0.027,4824,0.0000,0.0000,0.0256,0,0,0.408
107.301,0,0,0,-0.6167,1.2333,-0.6267,1.2580,-175.9663,0.0000,0.0000,0.0000,-0.6471,1.3529,-171.2857,0.030,4828,0.0000,0.0000,0.0267,0,0,0.391
107.403,0,0,0,-0.6167,1.2333,-0.6265,1.2570,-176.0044,0.0000,0.0000,0.0000,-0.6471,1.3530,-171.2862,0.002,4834,0.0000,0.0000,0.0256,0,0,0.396
107.502,0,0,0,-0.6167,1.2333,-0.6262,1.2576,-175.9796,0.0000,0.0000,0.0000,-0.5760,1.2201,-177.4826,0.022,4838,0.0000,0.0000,0.0261,0,0,0.408
107.601,0,0,0,-0.6167,1.2333,-0.6262,1.2576,-175.9797,0.0000,0.0000,0.0000,-0.6471,1.3529,-171.2852,0.003,4842,0.0000,0.0000,0.0261,0,0,0.413
107.701,0,0,0,-0.6167,1.2333,-0.6262,1.2576,-175.9809,0.0000,0.0000,0.0000,-0.5760,1.2201,-177.4826,0.021,4847,0.0000,0.0000,0.0261,0,0,0.319
107.803,0,0,0,-0.6167,1.2333,-0.6265,1.2570,-176.0074,0.0000,0.0000,0.0000,-0.6471,1.3530,-171.2868,0.002,4852,0.0000,0.0000,0.0256,0,0,0.409
107.902,0,0,0,-0.6167,1.2333,-0.6262,1.2576,-175.9812,0.0000,0.0000,0.0000,-0.5760,1.2201,-177.4820,0.015,4856,0.0000,0.0000,0.0261,0,0,0.409
108.002,0,0,0,-0.6167,1.2333,-0.6265,1.2570,-176.0056,0.0000,0.0000,0.0000,-0.6563,1.1994,-179.0401,0.023,4860,0.0000,0.0000,0.0256,0,0,0.421
108.101,0,0,0,-0.6167,1.2333,-0.6262,1.2576,-175.9796,0.0000,0.0000,0.0000,-0.5760,1.2201,-177.4827,0.024,4865,0.0000,0.0000,0.0261,0,0,0.400
108.203,0,0,0,-0.6167,1.2333,-0.6265,1.2570,-176.0057,0.0000,0.0000,0.0000,-0.6471,1.3530,-171.2868,0.002,4870,0.0000,0.0000,0.0256,0,0,0.414
108.303,0,0,0,-0.6167,1.2333,-0.6262,1.2576,-175.9793,0.0000,0.0000,0.0000,-0.6471,1.3530,-171.2865,0.017,4874,0.0000,0.0000,0.0261,0,0,0.410
108.401,0,0,0,-0.6167,1.2333,-0.6265,1.2570,-176.0045,0.0000,0.0000,0.0000,-0.6563,1.1994,-179.0398,0.026,4878,0.0000,0.0000,0.0256,0,0,0.422
108.501,0,0,0,-0.6167,1.2333,-0.6268,1.2580,-175.9660,0.0000,0.0000,0.0000,-0.6470,1.3530,-171.2875,0.026,4882,0.0000,0.0000,0.0267,0,0,0.404
108.603,0,0,0,-0.6167,1.2333,-0.6265,1.2570,-176.0027,0.0000,0.0000,0.0000,-0.5760,1.2201,-177.4819,0.021,4887,0.0000,0.0000,0.0256,0,0,0.407
108.702,0,0,0,-0.6167,1.2333,-0.6262,1.2576,-175.9776,0.0000,0.0000,0.0000,-0.5760,1.2201,-177.4828,0.021,4892,0.0000,0.0000,0.0261,0,0,0.408
108.803,0,0,0,-0.6167,1.2333,-0.6262,1.2576,-175.9775,0.0000,0.0000,0.0000,-0.6471,1.3530,-171.2864,0.002,4896,0.0000,0.0000,0.0261,0,0,0.388
108.901,0,0,0,-0.6167,1.2333,-0.6262,1.2576,-175.9777,0.0000,0.0000,0.0000,-0.5760,1.2201,-177.4827,0.019,4901,0.0000,0.0000,0.0261,0,0,0.415
0.093,0,0,0,-0.6167,1.2333,-0.6262,1.2576,-175.9789,0.0000,0.0000,0.0000,-0.6562,1.1994,-179.0414,0.004,4905,0.0000,0.0000,0.0261,0,0,0.393
0.193,0,0,0,-0.6167,1.2333,-0.6262,1.2576,-175.9787,0.0000,0.0000,0.0000,-0.5760,1.2200,-177.4816,0.024,4910,0.0000,0.0000,0.0261,0,0,0.394
0.293,0,0,0,-0.6167,1.2333,-0.6265,1.2570,-176.0041,0.0000,0.0000,0.0000,-0.6471,1.3530,-171.2870,0.003,4915,0.0000,0.0000,0.0256,0,0,0.415
0.392,0,0,0,-0.6167,1.2333,-0.6262,1.2576,-175.9779,0.0000,0.0000,0.0000,-0.5760,1.2200,-177.4822,0.025,4919,0.0000,0.0000,0.0261,0,0,0.409
0.492,0,0,0,-0.6167,1.2333,-0.6265,1.2570,-176.0060,0.0000,0.0000,0.0000,-0.6471,1.3529,-171.2862,0.003,4924,0.0000,0.0000,0.0256,0,0,0.324
0.592,0,0,0,-0.6167,1.2333,-0.6262,1.2576,-175.9816,0.0000,0.0000,0.0000,-0.5760,1.2201,-177.4814,0.025,4928,0.0000,0.0000,0.0261,0,0,0.401
0.693,0,0,0,-0.6167,1.2333,-0.6265,1.2570,-176.0080,0.0000,0.0000,0.0000,-0.6471,1.3529,-171.2849,0.005,4933,0.0000,0.0000,0.0256,0,0,0.393
0.792,0,0,0,-0.6167,1.2333,-0.6262,1.2576,-175.9833,0.0000,0.0000,0.0000,-0.5760,1.2201,-177.4819,0.019,4937,0.0000,0.0000,0.0261,0,0,0.344
0.892,0,0,0,-0.6167,1.2333,-0.6265,1.2570,-176.0086,0.0000,0.0000,0.0000,-0.6563,1.1994,-179.0395,0.030,4941,0.0000,0.0000,0.0256,0,0,0.380
0.995,0,0,0,-0.6167,1.2333,-0.6262,1.2576,-175.9826,0.0000,0.0000,0.0000,-0.6471,1.3529,-171.2863,0.016,4946,0.0000,0.0000,0.0261,0,0,0.399
1.094,0,0,0,-0.6167,1.2333,-0.6265,1.2570,-176.0087,0.0000,0.0000,0.0000,-0.6471,1.3529,-171.2867,0.002,4951,0.0000,0.0000,0.0256,0,0,0.412
1.194,0,0,0,-0.6167,1.2333,-0.6267,1.2580,-175.9714,0.0000,0.0000,0.0000,-0.5759,1.2201,-177.4832,0.002,4955,0.0000,0.0000,0.0267,0,0,0.414
1.294,0,0,0,-0.6167,1.2333,-0.6262,1.2576,-175.9842,0.0000,0.0000,0.0000,-0.6563,1.1994,-179.0393,0.002,4959,0.0000,0.0000,0.0261,0,0,0.400
1.392,0,0,0,-0.6167,1.2333,-0.6262,1.2576,-175.9841,0.0000,0.0000,0.0000,-0.5760,1.2201,-177.4822,0.023,4964,0.0000,0.0000,0.0261,0,0,0.402
1.493,0,0,0,-0.6167,1.2333,-0.6262,1.2576,-175.9863,0.0000,0.0000,0.0000,-0.6563,1.1994,-179.0401,0.003,4968,0.0000,0.0000,0.0261,0,0,0.358
1.592,0,0,0,-0.6167,1.2333,-0.6262,1.2576,-175.9860,0.0000,0.0000,0.0000,-0.5760,1.2201,-177.4820,0.023,4973,0.0000,0.0000,0.0261,0,0,0.393
1.693,0,0,0,-0.6167,1.2333,-0.6265,1.2570,-176.0119,0.0000,0.0000,0.0000,-0.6471,1.3529,-171.2870,0.004,4978,0.0000,0.0000,0.0256,0,0,0.412
1.792,0,0,0,-0.6167,1.2333,-0.6262,1.2576,-175.9864,0.0000,0.0000,0.0000,-0.5760,1.2201,-177.4818,0.025,4982,0.0000,0.0000,0.0261,0,0,0.333
1.894,0,0,0,-0.6167,1.2333,-0.6265,1.2570,-176.0118,0.0000,0.0000,0.0000,-0.6471,1.3529,-171.2867,0.006,4987,0.0000,0.0000,0.0256,0,0,0.385
1.992,0,0,0,-0.6167,1.2333,-0.6262,1.2576,-175.9860,0.0000,0.0000,0.0000,-0.5759,1.2201,-177.4837,0.021,4991,0.0000,0.0000,0.0261,0,0,0.395
2.093,0,0,0,-0.6167,1.2333,-0.6265,1.2570,-176.0120,0.0000,0.0000,0.0000,-0.6563,1.1994,-179.0384,0.015,4995,0.0000,0.0000,0.0256,0,0,0.390
2.192,0,0,0,-0.6167,1.2333,-0.6262,1.2576,-175.9864,0.0000,0.0000,0.0000,-0.6471,1.3530,-171.2873,0.013,5000,0.0000,0.0000,0.0261,0,0,0.408
2.293,0,0,0,-0.6167,1.2333,-0.6265,1.2570,-176.0129,0.0000,0.0000,0.0000,-0.6563,1.1994,-179.0403,0.027,5004,0.0000,0.0000,0.0256,0,0,0.388
2.392,0,0,0,-0.6167,1.2333,-0.6268,1.2580,-175.9736,0.0000,0.0000,0.0000,-0.6471,1.3529,-171.2873,0.028,5008,0.0000,0.0000,0.0267,0,0,0.414
2.493,0,0,0,-0.6167,1.2333,-0.6265,1.2570,-176.0114,0.0000,0.0000,0.0000,-0.6471,1.3530,-171.2875,0.003,5014,0.0000,0.0000,0.0256,0,0,0.334
2.592,0,0,0,-0.6167,1.2333,-0.6262,1.2576,-175.9842,0.0000,0.0000,0.0000,-0.5760,1.2201,-177.4826,0.016,5018,0.0000,0.0000,0.0261,0,0,0.337
2.697,0,0,0,-0.6167,1.2333,-0.6262,1.2576,-175.9850,0.0000,0.0000,0.0000,-0.6471,1.3529,-171.2866,0.003,5022,0.0000,0.0000,0.0261,0,0,0.414
2.792,0,0,0,-0.6167,1.2333,-0.6262,1.2576,-175.9840,0.0000,0.0000,0.0000,-0.5760,1.2201,-177.4820,0.017,5027,0.0000,0.0000,0.0261,0,0,0.350
2.892,0,0,0,-0.6167,1.2333,-0.6265,1.2570,-176.0093,0.0000,0.0000,0.0000,-0.6470,1.3530,-171.2880,0.005,5032,0.0000,0.0000,0.0256,0,0,0.330
2.993,0,0,0,-0.6167,1.2333,-0.6262,1.2576,-175.9840,0.0000,0.0000,0.0000,-0.5760,1.2201,-177.4821,0.020,5036,0.0000,0.0000,0.0261,0,0,0.335
3.093,0,0,0,-0.6167,1.2333,-0.6265,1.2570,-176.0090,0.0000,0.0000,0.0000,-0.6470,1.3529,-171.2875,0.003,5041,0.0000,0.0000,0.0256,0,0,0.398
3.192,0,0,0,-0.6167,1.2333,-0.6262,1.2576,-175.9826,0.0000,0.0000,0.0000,-0.5760,1.2201,-177.4818,0.024,5045,0.0000,0.0000,0.0261,0,0,0.422
3.292,0,0,0,-0.6167,1.2333,-0.6265,1.2570,-176.0073,0.0000,0.0000,0.0000,-0.6471,1.3529,-171.2868,0.003,5050,0.0000,0.0000,0.0256,0,0,0.402
3.392,0,0,0,-0.6167,1.2333,-0.6262,1.2576,-175.9818,0.0000,0.0000,0.0000,-0.5760,1.2201,-177.4824,0.022,5054,0.0000,0.0000,0.0261,0,0,0.419
3.492,0,0,0,-0.6167,1.2333,-0.6265,1.2570,-176.0065,0.0000,0.0000,0.0000,-0.6562,1.1994,-179.0406,0.026,5058,0.0000,0.0000,0.0256,0,0,0.325
3.593,0,0,0,-0.6167,1.2333,-0.6262,1.2576,-175.9805,0.0000,0.0000,0.0000,-0.5760,1.2201,-177.4822,0.022,5063,0.0000,0.0000,0.0261,0,0,0.395
3.692,0,0,0,-0.6167,1.2333,-0.6265,1.2570,-176.0059,0.0000,0.0000,0.0000,-0.6563,1.1994,-179.0392,0.023,5067,0.0000,0.0000,0.0256,0,0,0.408
3.792,0,0,0,-0.6167,1.2333,-0.6262,1.2576,-175.9799,0.0000,0.0000,0.0000,-0.5760,1.2201,-177.4818,0.021,5072,0.0000,0.0000,0.0261,0,0,0.406
3.892,0,0,0,-0.6167,1.2333,-0.6265,1.2570,-176.0042,0.0000,0.0000,0.0000,-0.6470,1.3529,-171.2877,0.003,5077,0.0000,0.0000,0.0256,0,0,0.320
3.992,0,0,0,-0.6167,1.2333,-0.6262,1.2576,-175.9787,0.0000,0.0000,0.0000,-0.5759,1.2201,-177.4827,0.012,5081,0.0000,0.0000,0.0261,0,0,0.409
4.093,0,0,0,-0.6167,1.2333,-0.6265,1.2570,-176.0037,0.0000,0.0000,0.0000,-0.6562,1.1994,-179.0399,0.020,5085,0.0000,0.0000,0.0256,0,0,0.389
4.192,0,0,0,-0.6167,1.2333,-0.6262,1.2576,-175.9759,0.0000,0.0000,0.0000,-0.5759,1.2201,-177.4830,0.023,5090,0.0000,0.0000,0.0261,0,0,0.412
4.296,0,0,0,-0.6167,1.2333,-0.6262,1.2576,-175.9766,0.0000,0.0000,0.0000,-0.6470,1.3529,-171.2870,0.003,5095,0.0000,0.0000,0.0261,0,0,0.382
4.392,0,0,0,-0.6167,1.2333,-0.6262,1.2576,-175.9763,0.0000,0.0000,0.0000,-0.5760,1.2200,-177.4799,0.025,5099,0.0000,0.0000,0.0261,0,0,0.407
4.493,0,0,0,-0.6167,1.2333,-0.6265,1.2570,-176.0015,0.0000,0.0000,0.0000,-0.6471,1.3529,-171.2874,0.003,5104,0.0000,0.0000,0.0256,0,0,0.402
4.592,0,0,0,-0.6167,1.2333,-0.6262,1.2576,-175.9767,0.0000,0.0000,0.0000,-0.5760,1.2201,-177.4823,0.024,5108,0.0000,0.0000,0.0261,0,0,0.156
4.695,0,0,0,-0.6167,1.2333,-0.6265,1.2569,-176.0013,0.0000,0.0000,0.0000,-0.6470,1.3529,-171.2886,0.002,5113,0.0000,0.0000,0.0256,0,0,0.393
4.792,0,0,0,-0.6167,1.2333,-0.6262,1.2576,-175.9772,0.0000,0.0000,0.0000,-0.5759,1.2200,-177.4828,0.023,5117,0.0000,0.0000,0.0261,0,0,0.398
4.892,0,0,0,-0.6167,1.2333,-0.6265,1.2570,-176.0039,0.0000,0.0000,0.0000,-0.6563,1.1994,-179.0397,0.024,5121,0.0000,0.0000,0.0256,0,0,0.140
4.992,0,0,0,-0.6167,1.2333,-0.6262,1.2576,-175.9769,0.0000,0.0000,0.0000,-0.6471,1.3529,-171.2864,0.013,5126,0.0000,0.0000,0.0261,0,0,0.392
5.093,0,0,0,-0.6167,1.2333,-0.6265,1.2570,-176.0019,0.0000,0.0000,0.0000,-0.6563,1.1994,-179.0388,0.019,5130,0.0000,0.0000,0.0256,0,0,0.329
5.192,0,0,0,-0.6167,1.2333,-0.6268,1.2580,-175.9634,0.0000,0.0000,0.0000,-0.6471,1.3529,-171.2881,0.035,5134,0.0000,0.0000,0.0267,0,0,0.396
5.293,0,0,0,-0.6167,1.2333,-0.6265,1.2570,-176.0024,0.0000,0.0000,0.0000,-0.6471,1.3529,-171.2884,0.002,5140,0.0000,0.0000,0.0256,0,0,0.345
5.394,0,0,0,-0.6167,1.2333,-0.6262,1.2576,-175.9739,0.0000,0.0000,0.0000,-0.5760,1.2200,-177.4823,0.028,5144,0.0000,0.0000,0.0261,0,0,0.410
5.493,0,0,0,-0.6167,1.2333,-0.6262,1.2576,-175.9743,0.0000,0.0000,0.0000,-0.6471,1.3529,-171.2882,0.003,5148,0.0000,0.0000,0.0261,0,0,0.405
5.592,0,0,0,-0.6167,1.2333,-0.6262,1.2576,-175.9734,0.0000,0.0000,0.0000,-0.5760,1.2200,-177.4816,0.021,5153,0.0000,0.0000,0.0261,0,0,0.417
5.692,0,0,0,-0.6167,1.2333,-0.6265,1.2569,-176.0001,0.0000,0.0000,0.0000,-0.6471,1.3529,-171.2878,0.003,5158,0.0000,0.0000,0.0256,0,0,0.411
5.792,0,0,0,-0.6167,1.2333,-0.6262,1.2576,-175.9746,0.0000,0.0000,0.0000,-0.5760,1.2200,-177.4813,0.017,5162,0.0000,0.0000,0.0260,0,0,0.235
5.894,0,0,0,-0.6167,1.2333,-0.6265,1.2569,-176.0001,0.0000,0.0000,0.0000,-0.6471,1.3529,-171.2879,0.004,5167,0.0000,0.0000,0.0256,0,0,0.407
5.992,0,0,0,-0.6167,1.2333,-0.6262,1.2576,-175.9735,0.0000,0.0000,0.0000,-0.5759,1.2200,-177.4826,0.024,5171,0.0000,0.0000,0.0260,0,0,0.396
6.094,0,0,0,-0.6167,1.2333,-0.6265,1.2569,-175.9983,0.0000,0.0000,0.0000,-0.6471,1.3529,-171.2880,0.002,5176,0.0000,0.0000,0.0256,0,0,0.391
6.192,0,0,0,-0.6167,1.2333,-0.6262,1.2576,-175.9742,0.0000,0.0000,0.0000,-0.5760,1.2200,-177.4821,0.023,5180,0.0000,0.0000,0.0260,0,0,0.401
6.293,0,0,0,-0.6167,1.2333,-0.6265,1.2570,-175.9988,0.0000,0.0000,0.0000,-0.6563,1.1994,-179.0393,0.027,5184,0.0000,0.0000,0.0256,0,0,0.405
6.394,0,0,0,-0.6167,1.2333,-0.6268,1.2580,-175.9618,0.0000,0.0000,0.0000,-0.5760,1.2200,-177.4818,0.002,5189,0.0000,0.0000,0.0266,0,0,0.296
6.494,0,0,0,-0.6167,1.2333,-0.6265,1.2570,-176.0008,0.0000,0.0000,0.0000,-0.6563,1.1994,-179.0399,0.028,5193,0.0000,0.0000,0.0256,0,0,0.415
6.592,0,0,0,-0.6167,1.2333,-0.6262,1.2576,-175.9747,0.0000,0.0000,0.0000,-0.5760,1.2200,-177.4816,0.024,5198,0.0000,0.0000,0.0261,0,0,0.403
6.696,0,0,0,-0.6167,1.2333,-0.6262,1.2576,-175.9754,0.0000,0.0000,0.0000,-0.6471,1.3529,-171.2873,0.007,5202,0.0000,0.0000,0.0261,0,0,0.416
6.792,0,0,0,-0.6167,1.2333,-0.6262,1.2576,-175.9752,0.0000,0.0000,0.0000,-0.5760,1.2200,-177.4819,0.022,5207,0.0000,0.0000,0.0261,0,0,0.391
6.893,0,0,0,-0.6167,1.2333,-0.6265,1.2569,-176.0012,0.0000,0.0000,0.0000,-0.6471,1.3529,-171.2880,0.005,5212,0.0000,0.0000,0.0256,0,0,0.423
6.993,0,0,0,-0.6167,1.2333,-0.6262,1.2576,-175.9752,0.0000,0.0000,0.0000,-0.5760,1.2200,-177.4817,0.024,5216,0.0000,0.0000,0.0261,0,0,0.410
7.094,0,0,0,-0.6167,1.2333,-0.6265,1.2569,-176.0008,0.0000,0.0000,0.0000,-0.6471,1.3529,-171.2880,0.004,5221,0.0000,0.0000,0.0256,0,0,0.331
7.192,0,0,0,-0.6167,1.2333,-0.6262,1.2576,-175.9745,0.0000,0.0000,0.0000,-0.5759,1.2200,-177.4823,0.023,5225,0.0000,0.0000,0.0261,0,0,0.394
7.294,0,0,0,-0.6167,1.2333,-0.6265,1.2569,-176.0012,0.0000,0.0000,0.0000,-0.6471,1.3529,-171.2884,0.006,5230,0.0000,0.0000,0.0256,0,0,0.292
7.392,0,0,0,-0.6167,1.2333,-0.6262,1.2576,-175.9756,0.0000,0.0000,0.0000,-0.5759,1.2200,-177.4829,0.021,5234,0.0000,0.0000,0.0261,0,0,0.412
7.494,0,0,0,-0.6167,1.2333,-0.6265,1.2569,-176.0017,0.0000,0.0000,0.0000,-0.6471,1.3529,-171.2874,0.002,5239,0.0000,0.0000,0.0256,0,0,0.410
7.592,0,0,0,-0.6167,1.2333,-0.6262,1.2576,-175.9763,0.0000,0.0000,0.0000,-0.5760,1.2200,-177.4815,0.019,5243,0.0000,0.0000,0.0261,0,0,0.410
7.692,0,0,0,-0.6167,1.2333,-0.6266,1.2570,-176.0017,0.0000,0.0000,0.0000,-0.6563,1.1994,-179.0393,0.026,5247,0.0000,0.0000,0.0256,0,0,0.386
7.793,0,0,0,-0.6167,1.2333,-0.6262,1.2576,-175.9747,0.0000,0.0000,0.0000,-0.6471,1.3529,-171.2881,0.010,5252,0.0000,0.0000,0.0261,0,0,0.383
7.894,0,0,0,-0.6167,1.2333,-0.6266,1.2570,-175.9985,0.0000,0.0000,0.0000,-0.6471,1.3530,-171.2901,0.006,5257,0.0000,0.0000,0.0256,0,0,0.311
7.994,0,0,0,-0.6167,1.2333,-0.6268,1.2580,-175.9614,0.0000,0.0000,0.0000,-0.5760,1.2200,-177.4806,0.002,5261,0.0000,0.0000,0.0267,0,0,0.339
8.093,0,0,0,-0.6167,1.2333,-0.6265,1.2570,-176.0009,0.0000,0.0000,0.0000,-0.6471,1.3529,-171.2880,0.003,5266,0.0000,0.0000,0.0256,0,0,0.344
8.192,0,0,0,-0.6167,1.2333,-0.6262,1.2576,-175.9772,0.0000,0.0000,0.0000,-0.5760,1.2200,-177.4812,0.023,5270,0.0000,0.0000,0.0261,0,0,0.390
8.294,0,0,0,-0.6167,1.2333,-0.6262,1.2576,-175.9785,0.0000,0.0000,0.0000,-0.6471,1.3529,-171.2874,0.008,5274,0.0000,0.0000,0.0261,0,0,0.408
8.393,0,0,0,-0.6167,1.2333,-0.6262,1.2576,-175.9792,0.0000,0.0000,0.0000,-0.5760,1.2200,-177.4813,0.026,5279,0.0000,0.0000,0.0261,0,0,0.391
8.494,0,0,0,-0.6167,1.2333,-0.6266,1.2569,-176.0048,0.0000,0.0000,0.0000,-0.6471,1.3529,-171.2876,0.003,5284,0.0000,0.0000,0.0256,0,0,0.415
8.593,0,0,0,-0.6167,1.2333,-0.6262,1.2576,-175.9754,0.0000,0.0000,0.0000,-0.5760,1.2200,-177.4814,0.025,5288,0.0000,0.0000,0.0261,0,0,0.403
8.692,0,0,0,-0.6167,1.2333,-0.6266,1.2569,-176.0005,0.0000,0.0000,0.0000,-0.6471,1.3529,-171.2873,0.003,5293,0.0000,0.0000,0.0256,0,0,0.409
8.796,0,0,0,-0.6167,1.2333,-0.6262,1.2576,-175.9752,0.0000,0.0000,0.0000,-0.5759,1.2200,-177.4828,0.026,5297,0.0000,0.0000,0.0261,0,0,0.413
8.893,0,0,0,-0.6167,1.2333,-0.6266,1.2569,-176.0013,0.0000,0.0000,0.0000,-0.6563,1.1994,-179.0388,0.027,5301,0.0000,0.0000,0.0256,0,0,0.388
8.994,0,0,0,-0.6167,1.2333,-0.6262,1.2576,-175.9754,0.0000,0.0000,0.0000,-0.6471,1.3529,-171.2871,0.014,5306,0.0000,0.0000,0.0261,0,0,0.382
9.092,0,0,0,-0.6167,1.2333,-0.6266,1.2570,-175.9993,0.0000,0.0000,0.0000,-0.6563,1.1994,-179.0394,0.022,5310,0.0000,0.0000,0.0256,0,0,0.408
9.192,0,0,0,-0.6167,1.2333,-0.6268,1.2580,-175.9613,0.0000,0.0000,0.0000,-0.6471,1.3529,-171.2875,0.027,5314,0.0000,0.0000,0.0266,0,0,0.390
9.292,0,0,0,-0.6167,1.2333,-0.6265,1.2570,-175.9994,0.0000,0.0000,0.0000,-0.6471,1.3529,-171.2878,0.005,5320,0.0000,0.0000,0.0256,0,0,0.377
9.392,0,0,0,-0.6167,1.2333,-0.6262,1.2576,-175.9764,0.0000,0.0000,0.0000,-0.5759,1.2200,-177.4821,0.021,5324,0.0000,0.0000,0.0261,0,0,0.392
9.497,0,0,0,-0.6167,1.2333,-0.6262,1.2576,-175.9770,0.0000,0.0000,0.0000,-0.6471,1.3529,-171.2874,0.004,5328,0.0000,0.0000,0.0261,0,0,0.407
9.592,0,0,0,-0.6167,1.2333,-0.6262,1.2575,-175.9774,0.0000,0.0000,0.0000,-0.5760,1.2200,-177.4815,0.023,5333,0.0000,0.0000,0.0260,0,0,0.388
9.694,0,0,0,-0.6167,1.2333,-0.6266,1.2569,-176.0044,0.0000,0.0000,0.0000,-0.6472,1.3529,-171.2868,0.003,5338,0.0000,0.0000,0.0256,0,0,0.416
9.792,0,0,0,-0.6167,1.2333,-0.6262,1.2575,-175.9795,0.0000,0.0000,0.0000,-0.5759,1.2200,-177.4821,0.026,5342,0.0000,0.0000,0.0260,0,0,0.420
9.894,0,0,0,-0.6167,1.2333,-0.6266,1.2569,-176.0062,0.0000,0.0000,0.0000,-0.6472,1.3529,-171.2888,0.006,5347,0.0000,0.0000,0.0256,0,0,0.412
9.992,0,0,0,-0.6167,1.2333,-0.6262,1.2575,-175.9805,0.0000,0.0000,0.0000,-0.5760,1.2200,-177.4816,0.023,5351,0.0000,0.0000,0.0260,0,0,0.390
0.050,0,0,0,-0.6167,1.2333,-0.6266,1.2569,-176.0072,0.0000,0.0000,0.0000,-0.6563,1.1994,-179.0390,0.026,5355,-0.0066,0.0194,0.0256,0,0,0.405
0.154,0,0,1,0.0000,1.2333,-0.6257,1.2563,-175.9768,0.0000,0.0000,0.0000,-0.5760,1.2200,-177.4812,0.025,5360,-0.0994,0.0107,0.6262,0,0,0.338
0.253,0,0,1,0.0000,1.2333,-0.6209,1.2548,-175.9052,0.0000,0.0000,0.0000,-0.6563,1.1994,-179.0408,0.022,5364,-0.0995,0.0105,0.6213,0,0,0.351
0.354,0,0,1,0.0000,1.2333,-0.6116,1.2551,-175.8240,0.0000,0.0000,0.0000,-0.6497,1.3429,-171.5357,0.023,5369,-0.0994,0.0106,0.6120,0,0,0.393
0.452,0,0,1,0.0000,1.2333,-0.6026,1.2540,-175.8938,0.0000,0.0000,0.0000,-0.6404,1.1930,-178.8758,0.032,5373,-0.0995,0.0104,0.6029,0,0,0.396
0.551,0,0,1,0.0000,1.2333,-0.5930,1.2540,-175.9641,0.0000,0.0000,0.0000,-0.5485,1.2155,-177.3957,0.013,5378,-0.0994,0.0105,0.5934,0,0,0.398
0.652,0,0,1,0.0000,1.2333,-0.5837,1.2528,-175.9870,0.0000,0.0000,0.0000,-0.6145,1.3412,-171.7878,0.006,5383,-0.0995,0.0103,0.5841,0,0,0.417
0.750,0,0,1,0.0000,1.2333,-0.5748,1.2533,-175.9245,0.0000,0.0000,0.0000,-0.5277,1.2128,-177.2127,0.006,5387,-0.0995,0.0105,0.5751,0,0,0.412
0.851,0,0,1,0.0000,1.2333,-0.5641,1.2479,-175.9333,0.0000,0.0000,0.0000,-0.5927,1.3399,-171.7102,0.003,5393,-0.0995,0.0096,0.5643,0,0,0.445
0.950,0,0,1,0.0000,1.2333,-0.5540,1.2432,-176.2080,0.0000,0.0000,0.0000,-0.5046,1.2092,-177.0093,0.021,5398,-0.0996,0.0088,0.5541,0,0,0.433
1.050,0,0,1,0.0000,1.2333,-0.5478,1.2323,-176.2412,0.0000,0.0000,0.0000,-0.5757,1.3438,-171.6691,0.003,5405,-0.0998,0.0068,0.5478,0,0,0.486
1.150,0,0,1,0.0000,1.2333,-0.5389,1.2306,-176.0790,0.0000,0.0000,0.0000,-0.4850,1.2081,-177.1194,0.025,5410,-0.0998,0.0065,0.5389,0,0,0.496
1.251,0,0,1,0.0000,1.2333,-0.5301,1.2246,-176.1079,0.0000,0.0000,0.0000,-0.5509,1.3439,-171.4395,0.007,5416,-0.0999,0.0054,0.5301,0,0,0.549
1.350,0,0,1,0.0000,1.2333,-0.5210,1.2235,-176.0288,0.0000,0.0000,0.0000,-0.6718,0.9322,-172.5403,0.004,5422,-0.0999,0.0051,0.5211,0,0,0.242
1.452,0,0,1,0.0000,1.2333,-0.5136,1.2153,-176.1004,0.0000,0.0000,0.0000,-0.4912,1.0591,177.0145,0.008,5428,-0.0999,0.0035,0.5139,0,0,0.448
1.551,0,0,1,0.0000,1.2333,-0.5046,1.2066,-176.1590,0.0000,0.0000,0.0000,-0.4389,1.2014,-176.2301,0.026,5434,-0.1000,0.0017,0.5053,0,0,0.598
1.650,0,0,1,0.0000,1.2333,-0.4951,1.2059,-176.0727,0.0000,0.0000,0.0000,-0.4258,1.2599,179.4100,0.021,5440,-0.1000,0.0015,0.4959,0,0,0.427
1.751,0,0,1,0.0000,1.2333,-0.4829,1.2042,-176.2909,0.0000,0.0000,0.0000,-0.4591,1.0794,178.1022,0.015,5446,-0.1000,0.0010,0.4838,0,0,0.387
1.853,0,0,1,0.0000,1.2333,-0.4716,1.2039,-176.3786,0.0000,0.0000,0.0000,-0.4279,1.2610,179.6804,0.019,5452,-0.1000,0.0008,0.4725,0,0,0.379
1.950,0,0,1,0.0000,1.2333,-0.4603,1.2021,-176.3908,0.0000,0.0000,0.0000,-0.4407,1.0729,178.0014,0.034,5457,-0.1000,0.0002,0.4613,0,0,0.383
2.051,0,0,1,0.0000,1.2333,-0.4483,1.2021,-176.3688,0.0000,0.0000,0.0000,-0.4241,1.0946,179.0965,0.003,5465,-0.1000,0.0001,0.4494,0,0,0.372
2.151,0,0,1,0.0000,1.2333,-0.4365,1.2008,-176.4047,0.0000,0.0000,0.0000,-0.3738,1.2002,-175.3432,0.027,5470,-0.1000,-0.0004,0.4377,0,0,0.388
2.250,0,0,1,0.0000,1.2333,-0.4250,1.2010,-176.4147,0.0000,0.0000,0.0000,-0.4021,1.1065,179.6682,0.003,5476,-0.1000,-0.0006,0.4262,0,0,0.395
2.351,0,0,1,0.0000,1.2333,-0.4133,1.1998,-176.3725,0.0000,0.0000,0.0000,-0.3529,1.2020,-175.1093,0.025,5482,-0.1000,-0.0011,0.4147,0,0,0.411
2.450,0,0,1,0.0000,1.2333,-0.4055,1.1950,-176.2210,0.0000,0.0000,0.0000,-0.3795,1.1259,-179.2791,0.003,5489,-0.1000,-0.0024,0.4073,0,0,0.439
2.550,0,0,1,0.0000,1.2333,-0.3956,1.1946,-176.0212,0.0000,0.0000,0.0000,-0.5310,0.9691,-171.8440,0.013,5494,-0.1000,-0.0027,0.3974,0,0,0.413
2.651,0,0,1,0.0000,1.2333,-0.3867,1.1924,-176.0322,0.0000,0.0000,0.0000,-0.3597,1.1299,-179.0227,0.006,5500,-0.0999,-0.0035,0.3889,0,0,0.405
2.751,0,0,1,0.0000,1.2333,-0.3779,1.1887,-175.9437,0.0000,0.0000,0.0000,-0.3273,1.2256,-175.9942,0.026,5506,-0.0999,-0.0047,0.3805,0,0,0.398
2.851,0,0,1,0.0000,1.2333,-0.3696,1.1856,-175.9482,0.0000,0.0000,0.0000,-0.3383,1.1436,-178.2506,0.003,5513,-0.0998,-0.0058,0.3727,0,0,0.412
2.951,0,0,1,0.0000,1.2333,-0.3594,1.1848,-175.9870,0.0000,0.0000,0.0000,-0.3064,1.2263,-175.8682,0.021,5518,-0.0998,-0.0064,0.3626,0,0,0.437
3.051,0,0,1,0.0000,1.2333,-0.3514,1.1841,-175.7932,0.0000,0.0000,0.0000,-0.3194,1.1532,-177.9665,0.004,5525,-0.0998,-0.0069,0.3548,0,0,0.420
3.151,0,0,1,0.0000,1.2333,-0.3419,1.1834,-175.8828,0.0000,0.0000,0.0000,-0.3129,1.1575,-177.7975,0.032,5529,-0.0997,-0.0075,0.3456,0,0,0.457
3.249,0,0,1,0.0000,1.2333,-0.3333,1.1837,-175.8196,0.0000,0.0000,0.0000,-0.4327,1.0045,-171.8972,0.012,5536,-0.0997,-0.0078,0.3370,0,0,0.464
3.350,0,0,1,0.0000,1.2333,-0.3226,1.1837,-175.8583,0.0000,0.0000,0.0000,-0.2652,1.2304,-175.6785,0.023,5542,-0.0997,-0.0082,0.3264,0,0,0.477
3.452,0,0,1,0.0000,1.2333,-0.3140,1.1822,-175.7991,0.0000,0.0000,0.0000,-0.2805,1.1736,-177.3768,0.006,5548,-0.0996,-0.0091,0.3182,0,0,0.489
3.551,0,0,1,0.0000,1.2333,-0.3034,1.1824,-175.8924,0.0000,0.0000,0.0000,-0.2179,1.2054,-173.0716,0.024,5554,-0.0995,-0.0096,0.3076,0,0,0.495
3.651,0,0,1,0.0000,1.2333,-0.2922,1.1848,-175.8227,0.0000,0.0000,0.0000,-0.2628,1.1780,-177.3290,0.005,5561,-0.0996,-0.0094,0.2962,0,0,0.495
3.750,0,0,1,0.0000,1.2333,-0.2810,1.1892,-175.9087,0.0000,0.0000,0.0000,-0.2238,1.2341,-175.4426,0.024,5566,-0.0996,-0.0086,0.2844,0,0,0.468
3.851,0,0,1,0.0000,1.2333,-0.2700,1.1912,-176.0423,0.0000,0.0000,0.0000,-0.2440,1.1880,-177.2776,0.005,5573,-0.0996,-0.0085,0.2732,0,0,0.440
3.950,0,0,1,0.0000,1.2333,-0.2582,1.1932,-176.0876,0.0000,0.0000,0.0000,-0.1711,1.2048,-172.5211,0.025,5578,-0.0996,-0.0084,0.2613,0,0,0.425
4.052,0,0,1,0.0000,1.2333,-0.2480,1.1950,-175.9675,0.0000,0.0000,0.0000,-0.2251,1.1946,-176.9023,0.006,5584,-0.0997,-0.0083,0.2509,0,0,0.336
4.150,0,0,1,0.0000,1.2333,-0.2359,1.1967,-176.0616,0.0000,0.0000,0.0000,-0.2215,1.1958,-176.6256,0.010,5590,-0.0996,-0.0084,0.2387,0,0,0.403
4.250,0,0,1,0.0000,1.2333,-0.2254,1.1984,-175.9874,0.0000,0.0000,0.0000,-0.1946,1.1983,-176.9270,0.005,5596,-0.0996,-0.0084,0.2281,0,0,0.407
4.352,0,0,1,0.0000,1.2333,-0.2133,1.2001,-175.9350,0.0000,0.0000,0.0000,-0.1235,1.2078,-171.7071,0.019,5602,-0.0996,-0.0084,0.2158,0,0,0.400
4.450,0,0,1,0.0000,1.2333,-0.2030,1.2018,-175.9539,0.0000,0.0000,0.0000,-0.1971,1.2023,-176.3839,0.018,5608,-0.0996,-0.0084,0.2054,0,0,0.406
4.552,0,0,1,0.0000,1.2333,-0.1912,1.2034,-175.8734,0.0000,0.0000,0.0000,-0.1802,1.2074,-176.7606,0.011,5614,-0.0996,-0.0085,0.1936,0,0,0.431
4.651,0,0,1,0.0000,1.2333,-0.1807,1.2051,-175.8934,0.0000,0.0000,0.0000,-0.1691,1.2140,-176.5364,0.005,5621,-0.0996,-0.0085,0.1828,0,0,0.446
4.751,0,0,1,0.0000,1.2333,-0.1708,1.2075,-175.8556,0.0000,0.0000,0.0000,-0.1625,1.2134,-176.5974,0.034,5625,-0.0997,-0.0080,0.1728,0,0,0.457
4.851,0,0,1,0.0000,1.2333,-0.1610,1.2096,-175.9378,0.0000,0.0000,0.0000,-0.1495,1.2167,-176.4952,0.005,5632,-0.0997,-0.0076,0.1628,0,0,0.462
4.950,0,0,1,0.0000,1.2333,-0.1510,1.2110,-175.9359,0.0000,0.0000,0.0000,-0.1422,1.2204,-176.4027,0.032,5635,-0.0997,-0.0076,0.1527,0,0,0.516
5.052,0,0,1,0.0000,1.2333,-0.1408,1.2123,-175.9569,0.0000,0.0000,0.0000,-0.1670,1.2005,-178.0016,0.003,5640,-0.0997,-0.0078,0.1423,0,0,0.500
5.150,0,0,1,0.0000,1.2333,-0.1314,1.2144,-175.8830,0.0000,0.0000,0.0000,-0.1245,1.2254,-176.3193,0.032,5645,-0.0997,-0.0073,0.1328,0,0,0.497
5.250,0,0,1,0.0000,1.2333,-0.1218,1.2155,-175.9733,0.0000,0.0000,0.0000,-0.1461,1.3951,-170.8741,0.009,5650,-0.0982,-0.0074,0.1231,0,0,0.472
5.351,0,0,1,0.0000,1.2333,-0.1125,1.2210,-175.9159,0.0000,0.0000,0.0000,-0.0861,1.2148,-176.3269,0.012,5655,-0.0904,-0.0035,0.1131,0,0,0.465
5.451,0,0,1,0.0000,1.2333,-0.1037,1.2218,-175.8627,0.0000,0.0000,0.0000,-0.1347,1.4228,-170.1360,0.003,5660,-0.0834,-0.0034,0.1043,0,0,0.463
5.550,0,0,1,0.0000,1.2333,-0.0957,1.2270,-175.7473,0.0000,0.0000,0.0000,-0.1203,1.2961,-176.9264,0.025,5665,-0.0767,0.0004,0.0959,0,0,0.447
5.650,0,0,1,0.0000,1.2333,-0.0880,1.2269,-175.7775,0.0000,0.0000,0.0000,-0.0709,1.2094,-175.7521,0.018,5670,-0.0706,-0.0002,0.0882,0,0,0.441
5.750,0,0,1,0.0000,1.2333,-0.0811,1.2278,-175.8161,0.0000,0.0000,0.0000,-0.0716,1.2398,-175.8985,0.011,5675,-0.0650,0.0001,0.0812,0,0,0.425
5.850,0,0,1,0.0000,1.2333,-0.0741,1.2276,-175.7984,0.0000,0.0000,0.0000,-0.0492,1.2099,-175.8945,0.016,5680,-0.0595,-0.0004,0.0743,0,0,0.468
5.950,0,0,2,0.0000,0.6167,-0.0690,1.2296,-175.8540,0.0000,0.0000,0.0000,-0.0582,1.2376,-175.9104,0.010,5685,-0.0042,0.0999,0.6168,0,0,0.445
6.051,0,0,2,0.0000,0.6167,-0.0678,1.2223,-175.9553,0.0000,0.0000,0.0000,-0.0526,1.2394,-175.9949,0.002,5691,-0.0041,0.0999,0.6095,0,0,0.455
6.152,0,0,2,0.0000,0.6167,-0.0660,1.2136,-176.0667,0.0000,0.0000,0.0000,-0.0793,1.2938,-177.1513,0.017,5695,-0.0040,0.0999,0.6005,0,0,0.441
6.251,0,0,2,0.0000,0.6167,-0.0639,1.2034,-176.1235,0.0000,0.0000,0.0000,-0.0831,1.3916,-170.9600,0.006,5701,-0.0038,0.0999,0.5902,0,0,0.421
6.351,0,0,2,0.0000,0.6167,-0.0621,1.1939,-176.0648,0.0000,0.0000,0.0000,-0.0753,1.2714,-177.0075,0.011,5707,-0.0037,0.0999,0.5805,0,0,0.409
6.451,0,0,2,0.0000,0.6167,-0.0598,1.1823,-176.0543,0.0000,0.0000,0.0000,-0.0877,1.3775,-170.3104,0.009,5713,-0.0035,0.0999,0.5688,0,0,0.420
6.550,0,0,2,0.0000,0.6167,-0.0586,1.1748,-176.1846,0.0000,0.0000,0.0000,-0.0710,1.2474,-176.7364,0.026,5718,-0.0034,0.0999,0.5612,0,0,0.407
6.652,0,0,2,0.0000,0.6167,-0.0571,1.1652,-176.0948,0.0000,0.0000,0.0000,-0.0453,1.1735,-176.2136,0.005,5725,-0.0033,0.0999,0.5515,0,0,0.400
6.751,0,0,2,0.0000,0.6167,-0.0550,1.1555,-176.1218,0.0000,0.0000,0.0000,-0.0656,1.2273,-176.7671,0.026,5730,-0.0032,0.1000,0.5417,0,0,0.370
6.852,0,0,2,0.0000,0.6167,-0.0526,1.1438,-176.2479,0.0000,0.0000,0.0000,-0.0428,1.1582,-176.0048,0.003,5736,-0.0029,0.1000,0.5297,0,0,0.371
6.950,0,0,2,0.0000,0.6167,-0.0493,1.1328,-176.2897,0.0000,0.0000,0.0000,0.0292,1.1353,-172.6762,0.020,5742,-0.0025,0.1000,0.5185,0,0,0.341
7.052,0,0,2,0.0000,0.6167,-0.0468,1.1215,-176.0523,0.0000,0.0000,0.0000,-0.0208,1.1319,-176.5847,0.019,5748,-0.0022,0.1000,0.5070,0,0,0.350
7.153,0,0,2,0.0000,0.6167,-0.0439,1.1108,-175.9342,0.0000,0.0000,0.0000,-0.0388,1.1271,-175.8745,0.023,5754,-0.0018,0.1000,0.4961,0,0,0.323
7.251,0,0,2,0.0000,0.6167,-0.0416,1.0992,-176.1841,0.0000,0.0000,0.0000,-0.0227,1.0955,-176.0121,0.014,5760,-0.0016,0.1000,0.4844,0,0,0.324
7.351,0,0,2,0.0000,0.6167,-0.0389,1.0887,-175.9845,0.0000,0.0000,0.0000,0.0367,1.0977,-172.4665,0.012,5766,-0.0012,0.1000,0.4736,0,0,0.335
7.450,0,0,2,0.0000,0.6167,-0.0374,1.0747,-176.0937,0.0000,0.0000,0.0000,-0.0340,1.0935,-175.8019,0.006,5773,-0.0011,0.1000,0.4596,0,0,0.317
7.551,0,0,2,0.0000,0.6167,-0.0349,1.0631,-176.0765,0.0000,0.0000,0.0000,0.0415,1.0808,-172.1592,0.011,5778,-0.0008,0.1000,0.4478,0,0,0.316
7.650,0,0,2,0.0000,0.6167,-0.0329,1.0519,-176.1527,0.0000,0.0000,0.0000,-0.0318,1.0759,-175.8855,0.006,5784,-0.0005,0.1000,0.4364,0,0,0.282
7.750,0,0,2,0.0000,0.6167,-0.0308,1.0390,-176.0552,0.0000,0.0000,0.0000,0.0424,1.0639,-172.3322,0.024,5790,-0.0003,0.1000,0.4235,0,0,0.271
7.851,0,0,2,0.0000,0.6167,-0.0290,1.0259,-176.1998,0.0000,0.0000,0.0000,-0.0285,1.0524,-175.7426,0.006,5797,-0.0001,0.1000,0.4102,0,0,0.274
7.951,0,0,2,0.0000,0.6167,-0.0269,1.0152,-176.2915,0.0000,0.0000,0.0000,0.0513,1.0359,-172.0873,0.024,5802,0.0003,0.1000,0.3995,0,0,0.272
8.053,0,0,2,0.0000,0.6167,-0.0257,1.0021,-176.1891,0.0000,0.0000,0.0000,-0.0252,1.0323,-175.6433,0.003,5808,0.0004,0.1000,0.3862,0,0,0.252
8.151,0,0,2,0.0000,0.6167,-0.0233,0.9920,-176.1628,0.0000,0.0000,0.0000,0.0022,1.0437,-176.8792,0.018,5814,0.0008,0.1000,0.3760,0,0,0.250
8.250,0,0,2,0.0000,0.6167,-0.0224,0.9789,-176.3185,0.0000,0.0000,0.0000,0.0042,1.0408,-177.0188,0.010,5820,0.0009,0.1000,0.3629,0,0,0.235
8.351,0,0,2,0.0000,0.6167,-0.0204,0.9682,-176.2204,0.0000,0.0000,0.0000,0.0599,0.9943,-171.9165,0.025,5826,0.0012,0.1000,0.3521,0,0,0.224
8.451,0,0,2,0.0000,0.6167,-0.0194,0.9552,-176.1872,0.0000,0.0000,0.0000,0.0071,1.0151,-176.8117,0.013,5832,0.0013,0.1000,0.3391,0,0,0.233
8.550,0,0,2,0.0000,0.6167,-0.0175,0.9450,-176.1464,0.0000,0.0000,0.0000,-0.0169,0.9862,-175.2304,0.010,5838,0.0017,0.1000,0.3288,0,0,0.221
8.650,0,0,2,0.0000,0.6167,-0.0168,0.9322,-176.3323,0.0000,0.0000,0.0000,-0.0025,0.9779,-176.3314,0.011,5844,0.0017,0.1000,0.3160,0,0,0.243
8.753,0,0,2,0.0000,0.6167,-0.0158,0.9226,-176.1078,0.0000,0.0000,0.0000,-0.0139,0.9647,-175.3368,0.025,5849,0.0019,0.1000,0.3063,0,0,0.214
8.851,0,0,2,0.0000,0.6167,-0.0135,0.9134,-176.0440,0.0000,0.0000,0.0000,0.0013,0.9733,-176.6395,0.003,5856,0.0010,0.0986,0.2971,0,0,0.196
8.950,0,0,2,0.0000,0.6167,-0.0113,0.9062,-176.0401,0.0000,0.0000,0.0000,0.0675,0.9394,-171.5192,0.021,5862,0.0031,0.1000,0.2897,0,0,0.242
9.051,0,0,2,0.0000,0.6167,-0.0100,0.8977,-175.8612,0.0000,0.0000,0.0000,-0.0079,0.9314,-175.1716,0.004,5868,0.0035,0.0999,0.2812,0,0,0.210
9.150,0,0,2,0.0000,0.6167,-0.0079,0.8895,-175.7637,0.0000,0.0000,0.0000,0.0777,0.9110,-171.0740,0.022,5874,0.0041,0.0999,0.2729,0,0,0.201
9.251,0,0,2,0.0000,0.6167,-0.0064,0.8810,-175.7306,0.0000,0.0000,0.0000,-0.0023,0.9144,-174.7125,0.005,5881,0.0046,0.0999,0.2645,0,0,0.201
9.350,0,0,2,0.0000,0.6167,-0.0042,0.8728,-175.8897,0.0000,0.0000,0.0000,0.0794,0.8932,-171.3113,0.024,5886,0.0216,0.0836,0.2561,0,0,0.154
9.451,0,0,2,0.0000,0.6167,-0.0041,0.8654,-175.8485,0.0000,0.0000,0.0000,-0.0004,0.8967,-174.9583,0.002,5893,0.0188,0.0864,0.2488,0,0,0.162
9.551,0,0,2,0.0000,0.6167,-0.0043,0.8556,-175.9320,0.0000,0.0000,0.0000,0.0795,0.8745,-171.3515,0.023,5898,0.0275,0.0776,0.2390,0,0,0.137
9.652,0,0,2,0.0000,0.6167,-0.0068,0.8433,-176.0571,0.0000,0.0000,0.0000,-0.0006,0.8783,-175.0389,0.002,5904,0.0263,0.0776,0.2267,0,0,0.137
9.750,0,0,2,0.0000,0.6167,-0.0076,0.8335,-176.0203,0.0000,0.0000,0.0000,-0.0006,0.8742,-174.9579,0.015,5908,0.0328,0.0706,0.2169,0,0,0.117
9.850,0,0,2,0.0000,0.6167,-0.0108,0.8216,-176.2190,0.0000,0.0000,0.0000,-0.0756,0.5483,173.9924,0.022,5912,0.0311,0.0706,0.2052,0,0,0.117
9.951,0,0,2,0.0000,0.6167,-0.0123,0.8137,-176.2419,0.0000,0.0000,0.0000,-0.0047,0.8549,-175.2457,0.006,5917,0.0178,0.0830,0.1974,0,0,0.152
10.050,0,0,2,0.0000,0.6167,-0.0128,0.8014,-176.1967,0.0000,0.0000,0.0000,-0.0775,0.5467,174.1261,0.024,5922,-0.0133,0.0945,0.1852,0,0,0.171
10.151,0,0,2,0.0000,0.6167,-0.0106,0.7909,-176.2911,0.0000,0.0000,0.0000,0.0786,0.8191,-171.2197,0.008,5927,-0.0143,0.0937,0.1746,0,0,0.167
10.251,0,0,2,0.0000,0.6167,-0.0083,0.7821,-176.1421,0.0000,0.0000,0.0000,-0.0006,0.8391,-174.7705,0.006,5933,-0.0257,0.0885,0.1656,0,0,0.140
10.350,0,0,2,0.0000,0.6167,-0.0051,0.7717,-176.1462,0.0000,0.0000,0.0000,0.0881,0.7953,-170.7579,0.020,5939,-0.0341,0.0842,0.1551,0,0,0.118
10.450,0,0,2,0.0000,0.6167,-0.0019,0.7603,-176.1386,0.0000,0.0000,0.0000,0.0089,0.8189,-174.4179,0.002,5946,0.0316,0.0891,0.1436,0,0,0.144
10.550,0,0,2,0.0000,0.6167,-0.0017,0.7517,-176.1556,0.0000,0.0000,0.0000,0.0988,0.7790,-170.5752,0.023,5951,0.0441,0.0840,0.1350,0,0,0.117
10.651,0,0,2,0.0000,0.6167,-0.0054,0.7413,-176.2786,0.0000,0.0000,0.0000,0.0137,0.8078,-174.1371,0.003,5958,0.0410,0.0839,0.1247,0,0,0.117
10.750,0,0,2,0.0000,0.6167,-0.0060,0.7358,-176.1777,0.0000,0.0000,0.0000,0.0944,0.7611,-170.6661,0.023,5962,0.0385,0.0802,0.1193,0,0,0.117
10.850,0,0,2,0.0000,0.6167,-0.0077,0.7296,-176.0819,0.0000,0.0000,0.0000,0.0930,0.7550,-170.6793,0.055,5965,0.0291,0.0786,0.1132,0,0,0.131
10.950,0,0,2,0.0000,0.6167,-0.0067,0.7251,-176.0357,0.0000,0.0000,0.0000,-0.0094,0.8319,-177.6568,0.014,5971,-0.0292,0.0869,0.1087,0,0,0.131
11.054,0,0,2,0.0000,0.6167,-0.0035,0.7200,-175.9699,0.0000,0.0000,0.0000,-0.0126,0.8288,-177.9745,0.003,5976,-0.0313,0.0827,0.1034,0,0,0.117
11.150,0,0,2,0.0000,0.6167,0.0009,0.7171,-175.7851,0.0000,0.0000,0.0000,0.0175,0.7830,-173.4441,0.017,5982,-0.0270,0.0801,0.1005,0,0,0.117
11.250,0,0,2,0.0000,0.6167,0.0044,0.7123,-175.7691,0.0000,0.0000,0.0000,0.0040,0.8222,-178.2012,0.021,5988,-0.0229,0.0761,0.0958,0,0,0.117
11.352,0,0,2,0.0000,0.6167,0.0072,0.7079,-175.8489,0.0000,0.0000,0.0000,0.0280,0.7690,-173.2914,0.010,5994,0.0412,0.0724,0.0915,0,0,0.117
11.450,0,0,2,0.0000,0.6167,0.0034,0.7062,-175.6815,0.0000,0.0000,0.0000,0.0068,0.8157,-178.6172,0.009,6000,0.0375,0.0713,0.0896,0,0,0.117
11.550,0,0,2,0.0000,0.6167,0.0029,0.7027,-175.6440,0.0000,0.0000,0.0000,0.1246,0.7752,-170.2144,0.043,6005,0.0358,0.0685,0.0861,0,0,0.117
11.652,0,0,2,0.0000,0.6167,0.0017,0.7006,-175.6826,0.0000,0.0000,0.0000,0.1295,0.7632,-170.0733,0.002,6013,0.0235,0.0669,0.0839,0,0,0.148
11.750,0,0,2,0.0000,0.6167,0.0045,0.6965,-175.5319,0.0000,0.0000,0.0000,0.1052,0.6743,-170.6038,0.022,6018,-0.0164,0.0736,0.0800,0,0,0.117
11.853,0,0,2,0.0000,0.6167,0.0065,0.6922,-175.6115,0.0000,0.0000,0.0000,-0.1034,0.8024,-173.7466,0.005,6023,0.0000,0.0000,0.0758,0,0,0.117
11.950,0,0,2,0.0000,0.6167,0.0068,0.6921,-175.6612,0.0000,0.0000,0.0000,0.1093,0.6580,-170.5747,0.018,6027,0.0000,0.0000,0.0757,0,0,0.117
12.062,0,0,2,0.0000,0.6167,0.0055,0.6945,-175.6087,0.0000,0.0000,0.0000,-0.1037,0.8018,-173.7490,0.033,6031,0.0000,0.0000,0.0780,0,0,0.117
12.150,0,0,2,0.0000,0.6167,0.0063,0.6963,-175.5734,0.0000,0.0000,0.0000,0.1093,0.6551,-170.6443,0.015,6036,0.0000,0.0000,0.0799,0,0,0.117
12.252,0,0,2,0.0000,0.6167,0.0049,0.6997,-175.5761,0.0000,0.0000,0.0000,-0.0079,0.7903,-179.2145,0.016,6041,0.0000,0.0000,0.0831,0,0,0.117
12.351,0,0,2,0.0000,0.6167,0.0048,0.6991,-175.5451,0.0000,0.0000,0.0000,0.1093,0.6551,-170.6420,0.019,6047,0.0000,0.0000,0.0826,0,0,0.117
12.451,0,0,2,0.0000,0.6167,0.0030,0.7016,-175.5609,0.0000,0.0000,0.0000,-0.0079,0.7903,-179.2125,0.020,6053,0.0000,0.0000,0.0850,0,0,0.117
12.551,0,0,2,0.0000,0.6167,0.0031,0.7009,-175.5285,0.0000,0.0000,0.0000,-0.0429,0.6196,-177.3655,0.014,6059,0.0000,0.0000,0.0843,0,0,0.117
12.651,0,0,2,0.0000,0.6167,0.0014,0.7033,-175.5436,0.0000,0.0000,0.0000,-0.0079,0.7904,-179.2098,0.007,6065,0.0000,0.0000,0.0867,0,0,0.117
12.753,0,0,2,0.0000,0.6167,0.0009,0.7039,-175.5376,0.0000,0.0000,0.0000,-0.0430,0.6196,-177.3633,0.002,6070,0.0000,0.0000,0.0872,0,0,0.117
12.855,0,0,2,0.0000,0.6167,0.0000,0.7049,-175.5258,0.0000,0.0000,0.0000,-0.0429,0.6196,-177.3648,0.006,6078,0.0000,0.0000,0.0883,1,1,0.117
12.952,0,0,2,0.0000,0.6167,-0.0008,0.7046,-175.5342,0.0000,0.0000,0.0000,0.1093,0.6553,-170.6392,0.012,6083,0.0000,0.0000,0.0880,1,1,0.117
13.050,0,0,2,0.0000,0.6167,-0.0003,0.7055,-175.5181,0.0000,0.0000,0.0000,-0.0079,0.7904,-179.2097,0.026,6088,0.0000,0.0000,0.0888,1,1,0.117
13.151,0,0,2,0.0000,0.6167,-0.0010,0.7056,-175.4805,0.0000,0.0000,0.0000,-0.1038,0.8015,-173.7383,0.017,6095,0.0000,0.0000,0.0889,1,1,0.117
13.251,0,0,2,0.0000,0.6167,-0.0015,0.7068,-175.5040,0.0000,0.0000,0.0000,-0.0430,0.6195,-177.3557,0.003,6102,0.0000,0.0000,0.0902,1,1,0.117
13.351,0,0,2,0.0000,0.6167,-0.0021,0.7068,-175.4675,0.0000,0.0000,0.0000,0.1093,0.6554,-170.6343,0.025,6107,0.0000,0.0000,0.0902,1,1,0.117
13.454,0,0,2,0.0000,0.6167,-0.0034,0.7089,-175.4902,0.0000,0.0000,0.0000,-0.0078,0.7904,-179.2068,0.021,6113,0.0000,0.0000,0.0923,1,1,0.117
13.550,0,0,2,0.0000,0.6167,-0.0033,0.7098,-175.4119,0.0000,0.0000,0.0000,0.1093,0.6554,-170.6319,0.024,6119,0.0000,0.0000,0.0932,1,1,0.117
13.652,0,0,2,0.0000,0.6167,-0.0046,0.7118,-175.3712,0.0000,0.0000,0.0000,-0.1038,0.8013,-173.7420,0.023,6124,0.0000,0.0000,0.0953,1,1,0.117
13.750,0,0,2,0.0000,0.6167,-0.0044,0.7133,-175.3331,0.0000,0.0000,0.0000,0.1093,0.6555,-170.6314,0.024,6131,0.0000,0.0000,0.0967,1,1,0.117
13.850,0,0,2,0.0000,0.6167,-0.0057,0.7159,-175.3286,0.0000,0.0000,0.0000,-0.0078,0.7904,-179.2079,0.018,6137,0.0000,0.0000,0.0994,1,1,0.117
13.952,0,0,2,0.0000,0.6167,-0.0055,0.7164,-175.2651,0.0000,0.0000,0.0000,-0.0565,0.7210,-174.2395,0.016,6143,0.0000,0.0000,0.0998,1,1,0.117
14.052,0,0,2,0.0000,0.6167,-0.0067,0.7188,-175.2614,0.0000,0.0000,0.0000,-0.0078,0.7904,-179.2063,0.018,6149,0.0000,0.0000,0.1023,1,1,0.117
14.152,0,0,2,0.0000,0.6167,-0.0064,0.7191,-175.2008,0.0000,0.0000,0.0000,0.1093,0.6555,-170.6297,0.018,6155,0.0000,0.0000,0.1026,1,1,0.117
14.250,0,0,2,0.0000,0.6167,-0.0076,0.7214,-175.2006,0.0000,0.0000,0.0000,-0.0078,0.7904,-179.2064,0.015,6161,0.0000,0.0000,0.1050,1,1,0.117
14.351,0,0,2,0.0000,0.6167,-0.0083,0.7221,-175.1738,0.0000,0.0000,0.0000,0.1093,0.6555,-170.6287,0.006,6167,0.0000,0.0000,0.1058,1,1,0.117
14.450,0,0,2,0.0000,0.6167,-0.0075,0.7229,-175.1521,0.0000,0.0000,0.0000,-0.0565,0.7210,-174.2401,0.003,6173,0.0000,0.0000,0.1065,1,1,0.117
14.550,0,0,2,0.0000,0.6167,-0.0080,0.7237,-175.0854,0.0000,0.0000,0.0000,0.1093,0.6555,-170.6288,0.025,6179,0.0000,0.0000,0.1074,1,1,0.117
14.651,0,0,2,0.0000,0.6167,-0.0082,0.7250,-175.0981,0.0000,0.0000,0.0000,-0.1039,0.8010,-173.7362,0.010,6185,0.0000,0.0000,0.1087,1,1,0.117
14.751,0,0,2,0.0000,0.6167,-0.0087,0.7257,-175.0346,0.0000,0.0000,0.0000,0.1093,0.6555,-170.6275,0.025,6191,0.0000,0.0000,0.1093,1,1,0.117
14.851,0,0,2,0.0000,0.6167,-0.0098,0.7270,-175.0100,0.0000,0.0000,0.0000,-0.0565,0.7210,-174.2398,0.005,6197,0.0000,0.0000,0.1107,1,1,0.117
14.951,0,0,2,0.0000,0.6167,-0.0093,0.7274,-174.9894,0.0000,0.0000,0.0000,-0.0077,0.7903,-179.2082,0.016,6203,0.0000,0.0000,0.1111,1,1,0.117
15.050,0,0,2,0.0000,0.6167,-0.0103,0.7286,-174.9664,0.0000,0.0000,0.0000,-0.0077,0.7903,-179.2089,0.010,6209,0.0000,0.0000,0.1124,1,1,0.117
15.152,0,0,2,0.0000,0.6167,-0.0098,0.7289,-174.9457,0.0000,0.0000,0.0000,0.1093,0.6555,-170.6297,0.028,6215,0.0000,0.0000,0.1127,1,1,0.117
15.252,0,0,2,0.0000,0.6167,-0.0108,0.7306,-174.9550,0.0000,0.0000,0.0000,-0.0076,0.7903,-179.2093,0.015,6221,0.0000,0.0000,0.1145,1,1,0.117
15.350,0,0,2,0.0000,0.6167,-0.0103,0.7303,-174.9070,0.0000,0.0000,0.0000,-0.0565,0.7210,-174.2405,0.012,6227,0.0000,0.0000,0.1141,1,1,0.117
15.451,0,0,2,0.0000,0.6167,-0.0113,0.7319,-174.9164,0.0000,0.0000,0.0000,-0.1039,0.8007,-173.7379,0.021,6233,0.0000,0.0000,0.1158,1,1,0.117
15.551,0,0,2,0.0000,0.6167,-0.0118,0.7322,-174.9004,0.0000,0.0000,0.0000,0.1093,0.6555,-170.6278,0.005,6239,0.0000,0.0000,0.1161,1,1,0.117
15.653,0,0,2,0.0000,0.6167,-0.0116,0.7330,-174.8829,0.0000,0.0000,0.0000,-0.0076,0.7903,-179.2073,0.015,6245,0.0000,0.0000,0.1169,1,1,0.117
15.752,0,0,2,0.0000,0.6167,-0.0110,0.7325,-174.8386,0.0000,0.0000,0.0000,0.1093,0.6555,-170.6277,0.023,6251,0.0000,0.0000,0.1164,1,1,0.117
15.851,0,0,2,0.0000,0.6167,-0.0111,0.7334,-174.8597,0.0000,0.0000,0.0000,-0.0076,0.7903,-179.2069,0.022,6256,0.0000,0.0000,0.1173,1,1,0.117
15.951,0,0,2,0.0000,0.6167,-0.0114,0.7335,-174.8073,0.0000,0.0000,0.0000,0.1093,0.6555,-170.6276,0.011,6263,0.0000,0.0000,0.1174,1,1,0.117
16.052,0,0,2,0.0000,0.6167,-0.0123,0.7349,-174.8203,0.0000,0.0000,0.0000,-0.0076,0.7903,-179.2079,0.016,6269,0.0000,0.0000,0.1189,1,1,0.117
16.150,0,0,2,0.0000,0.6167,-0.0117,0.7344,-174.7788,0.0000,0.0000,0.0000,0.1093,0.6555,-170.6279,0.025,6275,0.0000,0.0000,0.1183,1,1,0.117
16.251,0,0,2,0.0000,0.6167,-0.0126,0.7358,-174.7954,0.0000,0.0000,0.0000,-0.0076,0.7903,-179.2065,0.018,6281,0.0000,0.0000,0.1198,1,1,0.117
16.350,0,0,2,0.0000,0.6167,-0.0120,0.7351,-174.7541,0.0000,0.0000,0.0000,0.1093,0.6555,-170.6274,0.026,6287,0.0000,0.0000,0.1191,1,1,0.117
16.453,0,0,2,0.0000,0.6167,-0.0129,0.7360,-174.7391,0.0000,0.0000,0.0000,-0.1039,0.8005,-173.7417,0.027,6292,0.0000,0.0000,0.1200,1,1,0.117
16.550,0,0,2,0.0000,0.6167,-0.0122,0.7358,-174.7315,0.0000,0.0000,0.0000,-0.0565,0.7211,-174.2407,0.016,6299,0.0000,0.0000,0.1198,1,1,0.117
16.653,0,0,2,0.0000,0.6167,-0.0131,0.7371,-174.7493,0.0000,0.0000,0.0000,-0.0075,0.7903,-179.2081,0.022,6305,0.0000,0.0000,0.1212,1,1,0.117
16.750,0,0,2,0.0000,0.6167,-0.0136,0.7372,-174.7398,0.0000,0.0000,0.0000,0.1093,0.6555,-170.6259,0.003,6311,0.0000,0.0000,0.1213,1,1,0.117
16.853,0,0,2,0.0000,0.6167,-0.0133,0.7377,-174.7295,0.0000,0.0000,0.0000,-0.0075,0.7903,-179.2088,0.020,6317,0.0000,0.0000,0.1217,1,1,0.117
16.950,0,1,0,0.0000,0.6167,-0.0126,0.7369,-174.6916,0.0000,0.0000,0.0000,0.1093,0.6555,-170.6273,0.018,6323,0.0338,0.1120,0.1209,1,1,0.117
17.052,0,1,0,0.0000,0.6167,-0.0143,0.7316,-174.7682,0.0000,0.0000,0.0000,-0.0075,0.7903,-179.2094,0.026,6328,0.0305,0.1072,0.1158,1,1,0.117
17.150,0,1,0,0.0000,0.6167,-0.0162,0.7225,-174.5503,0.0000,0.0000,0.0000,0.1076,0.6529,-170.5487,0.016,6335,0.0259,0.0990,0.1071,1,1,0.117
17.250,0,1,0,0.0000,0.6167,-0.0174,0.7136,-174.9543,0.0000,0.0000,0.0000,-0.1143,0.7736,-173.7536,0.010,6340,0.0218,0.0908,0.0984,1,1,0.117
17.351,0,1,0,0.0000,0.6167,-0.0180,0.7049,-175.1506,0.0000,0.0000,0.0000,0.1091,0.6262,-170.8653,0.026,6344,0.0182,0.0829,0.0901,1,1,0.117
17.451,0,1,0,0.0000,0.6167,-0.0192,0.6991,-175.2965,0.0000,0.0000,0.0000,0.0065,0.8004,178.9677,0.019,6349,0.0152,0.0776,0.0846,1,1,0.117
17.551,0,1,0,0.0000,0.6167,-0.0183,0.6914,-175.2145,0.0000,0.0000,0.0000,0.1097,0.6058,-170.9152,0.017,6353,0.0132,0.0704,0.0769,1,1,0.117
17.654,0,1,1,0.0000,0.0000,-0.0201,0.6843,-175.3644,0.0000,0.0000,0.0000,-0.1141,0.7406,-174.3155,0.026,6357,0.0424,0.1158,0.6846,1,1,0.117
17.750,0,1,1,0.0000,0.0000,-0.0211,0.6737,-175.7098,0.0000,0.0000,0.0000,0.1108,0.5897,-171.1520,0.021,6362,0.0422,0.1158,0.6740,1,1,0.117
17.851,0,1,1,0.0000,0.0000,-0.0242,0.6649,-175.8271,0.0000,0.0000,0.0000,0.0057,0.8019,177.5637,0.020,6367,0.0417,0.1158,0.6654,1,1,0.117
17.951,0,1,1,0.0000,0.0000,-0.0255,0.6530,-175.8938,0.0000,0.0000,0.0000,0.1078,0.5616,-171.3214,0.024,6371,0.0415,0.1158,0.6535,1,1,0.117
18.051,0,1,1,0.0000,0.0000,-0.0288,0.6443,-176.0854,0.0000,0.0000,0.0000,-0.1227,0.6952,-174.9046,0.019,6376,0.0409,0.1158,0.6449,1,1,0.117
18.152,0,1,1,0.0000,0.0000,-0.0310,0.6349,-176.1442,0.0000,0.0000,0.0000,0.1050,0.5337,-171.6260,0.016,6380,0.0405,0.1159,0.6357,1,1,0.117
18.250,0,1,1,0.0000,0.0000,-0.0331,0.6246,-176.0800,0.0000,0.0000,0.0000,0.0081,0.8045,175.6323,0.016,6385,-0.0366,0.1159,0.6255,1,1,0.117
18.351,0,1,1,0.0000,0.0000,-0.0310,0.6144,-176.1828,0.0000,0.0000,0.0000,0.1010,0.5101,-171.4523,0.006,6389,-0.0364,0.1159,0.6152,1,1,0.117
18.452,0,1,1,0.0000,0.0000,-0.0238,0.5994,-176.3118,0.0000,0.0000,0.0000,0.0459,0.3543,177.4873,0.014,6394,-0.0353,0.1158,0.5999,1,1,0.117
18.553,0,1,1,0.0000,0.0000,-0.0205,0.5879,-176.1570,0.0000,0.0000,0.0000,0.1130,0.4844,-171.3816,0.028,6398,-0.0348,0.1158,0.5883,1,1,0.117
18.652,0,1,1,0.0000,0.0000,-0.0163,0.5800,-176.2867,0.0000,0.0000,0.0000,-0.0097,0.7708,175.6223,0.022,6402,-0.0341,0.1158,0.5802,1,1,0.117
18.751,0,1,1,0.0000,0.0000,0.0013,0.5657,-176.1854,0.0000,0.0000,0.0000,0.1217,0.4603,-171.2338,0.016,6407,0.0327,0.1103,0.5657,1,1,0.145
18.853,0,1,1,0.0000,0.0000,0.0132,0.5530,-176.2716,0.0000,0.0000,0.0000,0.4846,0.4331,174.5708,0.021,6411,-0.0188,0.1112,0.5531,1,1,0.139
18.951,0,1,1,0.0000,0.0000,0.0229,0.5403,-176.5152,0.0000,0.0000,0.0000,0.0019,0.7579,175.1025,0.014,6416,0.0390,0.1108,0.5408,1,1,0.140
19.050,0,1,1,0.0000,0.0000,0.0341,0.5261,-176.4288,0.0000,0.0000,0.0000,0.0169,0.7778,173.9912,0.011,6421,0.0134,0.0991,0.5272,1,1,0.242
19.150,0,1,1,0.0000,0.0000,0.0414,0.5132,-176.3452,0.0000,0.0000,0.0000,0.1318,0.4155,-170.7942,0.024,6425,0.0150,0.0989,0.5148,1,1,0.228
19.250,0,1,1,0.0000,0.0000,0.0519,0.5011,-176.6811,0.0000,0.0000,0.0000,0.0186,0.7737,173.7733,0.009,6430,0.0173,0.0985,0.5038,1,1,0.222
19.352,0,1,1,0.0000,0.0000,0.0579,0.4888,-176.5223,0.0000,0.0000,0.0000,0.1363,0.3951,-170.8505,0.028,6434,0.0187,0.0982,0.4922,1,1,0.231
19.451,0,1,1,0.0000,0.0000,0.0685,0.4714,-176.5378,0.0000,0.0000,0.0000,0.5825,0.1588,169.6853,0.019,6437,0.0213,0.0977,0.4764,1,1,0.247
19.551,0,1,1,0.0000,0.0000,0.0734,0.4572,-176.4221,0.0000,0.0000,0.0000,0.1347,0.3760,-170.5973,0.005,6440,0.0227,0.0974,0.4631,1,1,0.216
19.650,0,1,1,0.0000,0.0000,0.0838,0.4393,-176.2965,0.0000,0.0000,0.0000,0.5616,0.1576,170.2983,0.020,6443,0.0256,0.0967,0.4472,1,1,0.219
19.753,0,1,1,0.0000,0.0000,0.0882,0.4249,-176.2272,0.0000,0.0000,0.0000,0.1353,0.3557,-170.4049,0.019,6446,0.0271,0.0962,0.4339,1,1,0.238
19.851,0,1,1,0.0000,0.0000,0.0886,0.4084,-176.2606,0.0000,0.0000,0.0000,0.1349,0.3497,-170.4697,0.044,6449,0.0280,0.0960,0.4179,1,1,0.255
19.950,0,1,1,0.0000,0.0000,0.0871,0.3901,-176.3641,0.0000,0.0000,0.0000,0.5175,0.1600,171.3021,0.005,6455,0.0286,0.0958,0.3997,1,1,0.219
20.054,0,1,1,0.0000,0.0000,0.0920,0.3726,-176.4019,0.0000,0.0000,0.0000,0.5045,0.1481,171.3251,0.014,6459,0.0307,0.0952,0.3838,1,1,0.234
20.150,0,1,1,0.0000,0.0000,0.0938,0.3526,-176.4014,0.0000,0.0000,0.0000,0.1314,0.3173,-170.2886,0.020,6464,0.0324,0.0946,0.3648,1,1,0.247
20.252,0,1,1,0.0000,0.0000,0.0977,0.3374,-176.4173,0.0000,0.0000,0.0000,-0.1013,0.2940,-176.9639,0.003,6469,0.0345,0.0939,0.3513,1,1,0.203
20.350,0,1,1,0.0000,0.0000,0.0955,0.3242,-176.3846,0.0000,0.0000,0.0000,0.1263,0.3000,-170.3044,0.024,6473,0.0349,0.0937,0.3379,1,1,0.207
20.452,0,1,1,0.0000,0.0000,0.0994,0.3099,-176.3509,0.0000,0.0000,0.0000,-0.1066,0.2904,-176.5092,0.006,6478,0.0371,0.0928,0.3254,1,1,0.250
20.550,0,1,1,0.0000,0.0000,0.0973,0.2972,-176.2529,0.0000,0.0000,0.0000,0.1255,0.2785,-170.1647,0.015,6482,0.0354,0.0936,0.3127,1,1,0.195
20.654,0,1,1,0.0000,0.0000,0.1009,0.2837,-176.3009,0.0000,0.0000,0.0000,0.4334,0.1010,172.7229,0.027,6486,0.0082,0.1048,0.3011,1,1,0.131
20.751,0,1,1,0.0000,0.0000,0.0999,0.2724,-176.3554,0.0000,0.0000,0.0000,-0.0811,0.3282,-174.3752,0.015,6491,0.0793,0.1071,0.2902,1,1,0.117
20.851,0,1,1,0.0000,0.0000,0.1012,0.2589,-176.2692,0.0000,0.0000,0.0000,0.4330,0.0951,172.6735,0.017,6495,0.0091,0.1043,0.2780,1,1,0.127
20.951,0,1,1,0.0000,0.0000,0.0989,0.2477,-176.2012,0.0000,0.0000,0.0000,0.1233,0.2368,-170.0281,0.014,6500,0.0805,0.1053,0.2667,1,1,0.120
21.053,0,1,1,0.0000,0.0000,0.0982,0.2344,-176.2306,0.0000,0.0000,0.0000,-0.0962,0.2705,-174.8247,0.003,6505,0.0686,0.0991,0.2542,1,1,0.149
21.151,0,1,1,0.0000,0.0000,0.0929,0.2232,-176.3449,0.0000,0.0000,0.0000,0.1178,0.2180,-170.0400,0.017,6509,0.0125,0.1028,0.2417,1,1,0.130
21.254,0,1,1,0.0000,0.0000,0.0922,0.2119,-176.2303,0.0000,0.0000,0.0000,-0.1179,0.2327,-175.3522,0.003,6513,0.0158,0.1013,0.2310,1,1,0.134
21.352,0,1,1,0.0000,0.0000,0.0900,0.2015,-176.1211,0.0000,0.0000,0.0000,0.1152,0.1915,-170.1271,0.022,6515,0.0087,0.1041,0.2207,1,1,0.117
21.452,0,1,1,0.0000,0.0000,0.0878,0.1913,-176.1551,0.0000,0.0000,0.0000,-0.1192,0.2242,-175.3437,0.003,6518,0.0096,0.1036,0.2105,1,1,0.117
21.550,0,1,1,0.0000,0.0000,0.0837,0.1813,-175.9703,0.0000,0.0000,0.0000,0.1157,0.1718,-170.0007,0.024,6521,0.0158,0.1010,0.1997,1,1,0.130
21.650,0,1,1,0.0000,0.0000,0.0869,0.1683,-175.9893,0.0000,0.0000,0.0000,0.3305,0.0626,174.6357,0.024,6525,0.0247,0.0967,0.1894,1,1,0.141
21.751,0,1,1,0.0000,0.0000,0.0836,0.1577,-175.9658,0.0000,0.0000,0.0000,0.1206,0.1507,-169.9297,0.021,6530,0.0728,0.0931,0.1785,1,1,0.157
21.850,0,1,1,0.0000,0.0000,0.0803,0.1456,-175.9840,0.0000,0.0000,0.0000,-0.1054,0.1897,-174.9639,0.004,6535,0.0649,0.0884,0.1662,1,1,0.177
21.952,0,1,1,0.0000,0.0000,0.0748,0.1354,-176.0783,0.0000,0.0000,0.0000,0.1178,0.1276,-169.7159,0.020,6539,0.0304,0.0939,0.1546,1,1,0.148
22.052,0,1,1,0.0000,0.0000,0.0749,0.1238,-176.2682,0.0000,0.0000,0.0000,0.3077,0.0240,174.5896,0.023,6543,0.0202,0.0972,0.1447,1,1,0.119
22.152,0,1,1,0.0000,0.0000,0.0703,0.1131,-176.6117,0.0000,0.0000,0.0000,-0.1313,0.1412,-175.8756,0.020,6548,0.0203,0.0969,0.1331,1,1,0.117
22.251,0,1,1,0.0000,0.0000,0.0732,0.1013,-176.6895,0.0000,0.0000,0.0000,0.3040,0.0240,174.0144,0.021,6551,0.0258,0.0926,0.1250,1,1,0.117
22.351,0,1,1,0.0000,0.0000,0.0720,0.0907,-176.5071,0.0000,0.0000,0.0000,0.1168,0.0824,-170.5751,0.038,6553,0.0981,0.0831,0.1158,1,1,0.117
22.450,0,1,1,0.0000,0.0000,0.0731,0.0789,-176.6877,0.0000,0.0000,0.0000,0.3191,-0.0427,172.9264,0.021,6557,0.0957,0.0726,0.1076,1,1,0.117
22.552,0,1,1,0.0000,0.0000,0.0702,0.0696,-176.4062,0.0000,0.0000,0.0000,0.1043,0.0608,-170.6430,0.027,6560,0.0902,0.0642,0.0989,1,1,0.117
22.652,0,1,1,0.0000,0.0000,0.0650,0.0611,-176.2603,0.0000,0.0000,0.0000,0.0998,0.0558,-170.5656,0.055,6562,0.0827,0.0565,0.0892,1,1,0.117
22.750,0,1,1,0.0000,0.0000,0.0609,0.0534,-176.2955,0.0000,0.0000,0.0000,0.2832,-0.0437,173.6799,0.003,6566,0.0764,0.0494,0.0809,1,1,0.117
22.851,0,1,1,0.0000,0.0000,0.0591,0.0456,-176.3522,0.0000,0.0000,0.0000,0.2820,-0.0438,173.5631,0.046,6568,0.0726,0.0425,0.0746,1,1,0.117
22.952,0,1,2,0.0000,-0.6167,0.0583,0.0372,-176.3372,0.0000,0.0000,0.0000,0.0755,0.0339,-170.4852,0.013,6572,0.0542,0.1146,0.6564,1,1,0.117
23.050,0,1,2,0.0000,-0.6167,0.0590,0.0237,-176.5095,0.0000,0.0000,0.0000,0.2764,-0.0765,172.8338,0.027,6575,0.0545,0.1146,0.6431,1,1,0.117
23.152,0,1,2,0.0000,-0.6167,0.0570,0.0111,-176.5484,0.0000,0.0000,0.0000,0.0589,0.0154,-171.2395,0.024,6578,0.0544,0.1146,0.6304,1,1,0.117
23.253,0,1,2,0.0000,-0.6167,0.0576,-0.0033,-176.6072,0.0000,0.0000,0.0000,0.2749,-0.1212,171.9808,0.027,6581,0.0547,0.1145,0.6160,1,1,0.117
23.351,0,1,2,0.0000,-0.6167,0.0554,-0.0164,-176.5164,0.0000,0.0000,0.0000,0.0548,-0.0112,-170.9436,0.022,6584,0.0545,0.1146,0.6028,1,1,0.117
23.452,0,1,2,0.0000,-0.6167,0.0555,-0.0308,-176.5979,0.0000,0.0000,0.0000,0.2617,-0.1441,171.9062,0.034,6587,0.0547,0.1145,0.5885,1,1,0.117
23.552,0,1,2,0.0000,-0.6167,0.0531,-0.0436,-176.4526,0.0000,0.0000,0.0000,0.0456,-0.0349,-171.0885,0.003,6590,0.0545,0.1146,0.5755,1,1,0.117
23.651,0,1,2,0.0000,-0.6167,0.0527,-0.0573,-176.2974,0.0000,0.0000,0.0000,0.0425,-0.0404,-170.8509,0.027,6593,0.0547,0.1145,0.5619,1,1,0.117
23.750,0,1,2,0.0000,-0.6167,0.0475,-0.0693,-176.3653,0.0000,0.0000,0.0000,0.2016,-0.1616,173.4130,0.003,6597,0.0540,0.1147,0.5494,1,1,0.117
23.852,0,1,2,0.0000,-0.6167,0.0448,-0.0817,-176.2843,0.0000,0.0000,0.0000,0.2016,-0.1613,173.3830,0.012,6599,-0.0230,0.1147,0.5369,1,1,0.117
23.951,0,1,2,0.0000,-0.6167,0.0482,-0.0937,-176.5368,0.0000,0.0000,0.0000,-0.0386,-0.0613,-172.8118,0.020,6602,0.0161,0.0987,0.5252,1,1,0.225
24.054,0,1,2,0.0000,-0.6167,0.0466,-0.1036,-176.4405,0.0000,0.0000,0.0000,0.1927,-0.1737,173.5224,0.018,6607,0.0008,0.0924,0.5151,1,1,0.167
24.151,0,1,2,0.0000,-0.6167,0.0451,-0.1122,-176.3204,0.0000,0.0000,0.0000,-0.0301,-0.0844,-172.4923,0.028,6611,0.0344,0.0987,0.5065,1,1,0.163
24.252,0,1,2,0.0000,-0.6167,0.0424,-0.1227,-176.5396,0.0000,0.0000,0.0000,-0.0930,-0.0642,-176.7444,0.018,6616,-0.0138,0.1281,0.4958,1,1,0.117
24.353,0,1,2,0.0000,-0.6167,0.0423,-0.1345,-176.7296,0.0000,0.0000,0.0000,-0.0165,-0.1096,-172.2630,0.024,6620,-0.0136,0.1281,0.4841,1,1,0.117
24.450,0,1,2,0.0000,-0.6167,0.0443,-0.1471,-176.7360,0.0000,0.0000,0.0000,0.1497,-0.1862,174.9377,0.032,6624,-0.0130,0.1280,0.4716,1,1,0.117
24.551,0,1,2,0.0000,-0.6167,0.0433,-0.1584,-176.5506,0.0000,0.0000,0.0000,-0.0789,-0.0915,-177.4525,0.018,6629,-0.0130,0.1280,0.4603,1,1,0.117
24.650,0,1,2,0.0000,-0.6167,0.0434,-0.1707,-176.6816,0.0000,0.0000,0.0000,-0.0811,-0.1182,-176.9767,0.016,6634,-0.0127,0.1280,0.4481,1,1,0.117
24.753,0,1,2,0.0000,-0.6167,0.0439,-0.1829,-176.4604,0.0000,0.0000,0.0000,0.0111,-0.1669,-171.6518,0.026,6638,-0.0123,0.1279,0.4360,1,1,0.117
24.850,0,1,2,0.0000,-0.6167,0.0449,-0.1964,-176.6593,0.0000,0.0000,0.0000,-0.0931,-0.1509,-176.2602,0.020,6643,-0.0118,0.1278,0.4226,1,1,0.117
24.951,0,1,2,0.0000,-0.6167,0.0467,-0.2086,-176.5494,0.0000,0.0000,0.0000,0.0245,-0.1945,-171.4188,0.014,6647,-0.0110,0.1277,0.4107,1,1,0.117
25.051,0,1,2,0.0000,-0.6167,0.0454,-0.2210,-176.4524,0.0000,0.0000,0.0000,-0.0839,-0.1651,-176.5389,0.019,6650,-0.0110,0.1276,0.3983,1,1,0.117
25.151,0,1,2,0.0000,-0.6167,0.0456,-0.2332,-176.3245,0.0000,0.0000,0.0000,0.0295,-0.2104,-171.2034,0.040,6652,-0.0106,0.1276,0.3862,1,1,0.117
25.252,0,1,2,0.0000,-0.6167,0.0442,-0.2444,-176.3333,0.0000,0.0000,0.0000,-0.0760,-0.2090,-176.1908,0.022,6656,-0.0196,0.1141,0.3748,1,1,0.117
25.352,0,1,2,0.0000,-0.6167,0.0455,-0.2555,-176.1399,0.0000,0.0000,0.0000,0.0546,-0.2510,-170.7115,0.022,6659,-0.0189,0.1140,0.3640,1,1,0.117
25.453,0,1,2,0.0000,-0.6167,0.0454,-0.2658,-176.1057,0.0000,0.0000,0.0000,-0.0740,-0.2250,-176.3413,0.029,6662,-0.0186,0.1139,0.3538,1,1,0.117
25.551,0,1,2,0.0000,-0.6167,0.0461,-0.2764,-176.1995,0.0000,0.0000,0.0000,0.0636,-0.2724,-170.6603,0.019,6665,-0.0092,0.1102,0.3434,1,1,0.136
25.652,0,1,2,0.0000,-0.6167,0.0451,-0.2871,-175.9157,0.0000,0.0000,0.0000,0.0719,-0.2837,-170.6983,0.052,6667,0.0046,0.1362,0.3326,1,1,0.117
25.752,0,1,2,0.0000,-0.6167,0.0401,-0.3003,-176.2159,0.0000,0.0000,0.0000,0.0682,-0.2918,-170.6427,0.021,6672,0.0036,0.1364,0.3189,1,1,0.117
25.852,0,1,2,0.0000,-0.6167,0.0357,-0.3132,-176.3652,0.0000,0.0000,0.0000,-0.2004,-0.3304,-177.2478,0.009,6677,0.0027,0.1366,0.3055,1,1,0.117
25.950,0,1,2,0.0000,-0.6167,0.0311,-0.3271,-176.1263,0.0000,0.0000,0.0000,0.0960,-0.3327,-170.4622,0.019,6681,0.0017,0.1368,0.2912,1,1,0.117
26.051,0,1,2,0.0000,-0.6167,0.0306,-0.3398,-176.3173,0.0000,0.0000,0.0000,-0.0494,-0.2941,-177.1453,0.022,6684,0.0021,0.1367,0.2786,1,1,0.117
26.154,0,1,2,0.0000,-0.6167,0.0323,-0.3531,-176.2496,0.0000,0.0000,0.0000,0.1023,-0.3584,-170.5280,0.029,6687,0.0032,0.1365,0.2655,1,1,0.117
26.252,0,1,2,0.0000,-0.6167,0.0321,-0.3660,-175.9829,0.0000,0.0000,0.0000,-0.0494,-0.3221,-177.2676,0.019,6690,0.0037,0.1364,0.2527,1,1,0.117
26.352,0,1,2,0.0000,-0.6167,0.0333,-0.3791,-176.0831,0.0000,0.0000,0.0000,0.1377,-0.3903,-169.6267,0.003,6693,0.0049,0.1362,0.2399,1,1,0.117
26.452,0,1,2,0.0000,-0.6167,0.0321,-0.3918,-176.0105,0.0000,0.0000,0.0000,-0.2164,-0.4334,-178.1186,0.006,6698,0.0375,0.0978,0.2271,1,1,0.167
26.551,0,1,2,0.0000,-0.6167,0.0268,-0.4044,-176.1382,0.0000,0.0000,0.0000,0.1440,-0.4189,-169.5199,0.015,6703,0.0107,0.1193,0.2140,1,1,0.154
26.651,0,1,2,0.0000,-0.6167,0.0240,-0.4151,-176.1108,0.0000,0.0000,0.0000,-0.2139,-0.4565,-177.9205,0.003,6709,0.0003,0.0906,0.2030,1,1,0.160
26.751,0,1,2,0.0000,-0.6167,0.0140,-0.4235,-176.3632,0.0000,0.0000,0.0000,-0.1242,-0.3331,-176.0026,0.024,6715,0.0142,0.1140,0.1937,1,1,0.170
26.850,0,1,2,0.0000,-0.6167,0.0085,-0.4322,-176.5302,0.0000,0.0000,0.0000,-0.0241,-0.3504,-178.6772,0.018,6721,-0.0018,0.0938,0.1847,1,1,0.171
26.951,0,1,2,0.0000,-0.6167,0.0005,-0.4400,-176.5622,0.0000,0.0000,0.0000,-0.0038,-0.4487,179.5805,0.002,6728,0.0073,0.1272,0.1766,1,1,0.145
27.050,0,1,2,0.0000,-0.6167,-0.0046,-0.4506,-176.5974,0.0000,0.0000,0.0000,-0.2271,-0.5213,-178.2910,0.003,6734,0.0042,0.1234,0.1662,1,1,0.153
27.153,0,1,2,0.0000,-0.6167,-0.0105,-0.4613,-176.6883,0.0000,0.0000,0.0000,-0.0088,-0.4768,179.6442,0.003,6739,0.0003,0.1220,0.1557,1,1,0.156
27.251,0,1,2,0.0000,-0.6167,-0.0131,-0.4718,-176.5110,0.0000,0.0000,0.0000,-0.2132,-0.5465,-177.7484,0.006,6744,-0.0020,0.1220,0.1455,1,1,0.156
27.352,0,1,2,0.0000,-0.6167,-0.0215,-0.4830,-176.7203,0.0000,0.0000,0.0000,-0.4005,-0.4927,-177.1655,0.019,6749,-0.0274,0.0919,0.1354,1,1,0.160
27.451,0,1,2,0.0000,-0.6167,-0.0257,-0.4918,-176.6653,0.0000,0.0000,0.0000,-0.0385,-0.4323,-177.5687,0.025,6755,-0.0294,0.0924,0.1275,1,1,0.165
27.552,0,1,2,0.0000,-0.6167,-0.0361,-0.5017,-176.8392,0.0000,0.0000,0.0000,-0.2042,-0.5911,-177.6368,0.018,6761,-0.0415,0.0858,0.1205,1,1,0.157
27.651,0,1,2,0.0000,-0.6167,-0.0336,-0.5103,-176.5909,0.0000,0.0000,0.0000,-0.4965,-0.4694,-179.0932,0.003,6767,-0.0390,0.0792,0.1115,1,1,0.156
27.753,0,1,2,0.0000,-0.6167,-0.0350,-0.5185,-176.4311,0.0000,0.0000,0.0000,-0.2022,-0.5983,-177.3179,0.025,6772,-0.0057,0.0803,0.1042,1,1,0.160
27.852,0,1,2,0.0000,-0.6167,-0.0392,-0.5265,-176.4043,0.0000,0.0000,0.0000,-0.1966,-0.6211,-177.0961,0.006,6779,-0.0452,0.0664,0.0984,1,1,0.148
27.952,0,1,2,0.0000,-0.6167,-0.0380,-0.5350,-176.4866,0.0000,0.0000,0.0000,-0.1967,-0.6207,-177.1399,0.038,6782,-0.0411,0.0609,0.0901,1,1,0.154
28.053,0,1,2,0.0000,-0.6167,-0.0349,-0.5407,-176.2706,0.0000,0.0000,0.0000,-0.0246,-0.5347,-177.6093,0.022,6787,-0.0344,0.0581,0.0836,1,1,0.165
28.152,0,1,2,0.0000,-0.6167,-0.0343,-0.5483,-176.3682,0.0000,0.0000,0.0000,-0.1911,-0.6447,-177.0141,0.032,6791,-0.0357,0.0515,0.0765,1,1,0.157
28.254,0,1,3,-0.6167,-0.6167,-0.0323,-0.5534,-176.3202,0.0000,0.0000,0.0000,-0.0287,-0.5433,-177.1256,0.006,6796,0.0828,-0.0033,0.5877,1,1,0.163
28.353,0,1,3,-0.6167,-0.6167,-0.0386,-0.5586,-176.3435,0.0000,0.0000,0.0000,-0.1815,-0.6649,-177.0383,0.041,6800,0.1000,0.0320,0.5810,1,1,0.142
28.453,0,1,3,-0.6167,-0.6167,-0.0487,-0.5621,-176.3151,0.0000,0.0000,0.0000,-0.1809,-0.6666,-176.8933,0.007,6805,0.1000,0.0301,0.5706,1,1,0.145
28.552,0,1,3,-0.6167,-0.6167,-0.0596,-0.5652,-176.4580,0.0000,0.0000,0.0000,-0.1808,-0.6671,-176.8505,0.027,6809,0.0824,-0.0051,0.5595,1,1,0.162
28.651,0,1,3,-0.6167,-0.6167,-0.0679,-0.5659,-176.4821,0.0000,0.0000,0.0000,-0.1809,-0.6688,-176.7183,0.007,6815,0.0857,-0.0037,0.5511,1,1,0.169
28.760,0,1,3,-0.6167,-0.6167,-0.0789,-0.5695,-176.2449,0.0000,0.0000,0.0000,-0.2077,-0.6748,-177.2131,0.043,6818,0.1000,0.0327,0.5398,1,1,0.138
28.851,0,1,3,-0.6167,-0.6167,-0.0891,-0.5724,-176.4194,0.0000,0.0000,0.0000,-0.0489,-0.5091,-176.2064,0.018,6823,0.0792,-0.0073,0.5294,1,1,0.155
28.950,0,1,3,-0.6167,-0.6167,-0.0990,-0.5732,-176.3953,0.0000,0.0000,0.0000,-0.2319,-0.6888,-177.4035,0.010,6827,0.0801,-0.0069,0.5195,1,1,0.157
29.053,0,1,3,-0.6167,-0.6167,-0.1086,-0.5744,-176.4658,0.0000,0.0000,0.0000,-0.0702,-0.5072,-176.6409,0.022,6832,0.1000,0.0308,0.5099,1,1,0.141
29.151,0,1,3,-0.6167,-0.6167,-0.1196,-0.5783,-176.3916,0.0000,0.0000,0.0000,-0.2314,-0.6921,-177.0917,0.036,6836,0.0797,-0.0077,0.4986,1,1,0.156
29.250,0,1,3,-0.6167,-0.6167,-0.1276,-0.5789,-176.2611,0.0000,0.0000,0.0000,-0.2309,-0.6959,-176.7393,0.005,6842,0.0838,-0.0060,0.4905,1,1,0.165
29.350,0,1,3,-0.6167,-0.6167,-0.1375,-0.5815,-176.4150,0.0000,0.0000,0.0000,-0.2308,-0.6978,-176.5655,0.033,6845,0.1000,0.0298,0.4805,1,1,0.141
29.454,0,1,3,-0.6167,-0.6167,-0.1466,-0.5839,-176.1607,0.0000,0.0000,0.0000,-0.1036,-0.5823,-177.5528,0.003,6851,0.1000,0.0239,0.4712,1,1,0.152
29.551,0,1,3,-0.6167,-0.6167,-0.1573,-0.5880,-176.3462,0.0000,0.0000,0.0000,-0.3012,-0.7076,-177.5224,0.027,6854,0.1000,0.0407,0.4602,1,1,0.117
29.651,0,1,3,-0.6167,-0.6167,-0.1669,-0.5922,-176.2365,0.0000,0.0000,0.0000,-0.1332,-0.5241,-176.2059,0.024,6859,0.1000,0.0399,0.4504,1,1,0.117
29.750,0,1,3,-0.6167,-0.6167,-0.1783,-0.5977,-176.3739,0.0000,0.0000,0.0000,-0.1349,-0.5942,-177.4543,0.003,6864,0.1000,0.0318,0.4388,1,1,0.131
29.850,0,1,3,-0.6167,-0.6167,-0.1876,-0.5992,-176.3127,0.0000,0.0000,0.0000,-0.1574,-0.5357,-176.1875,0.013,6869,0.1000,0.0280,0.4295,1,1,0.138
29.950,0,1,3,-0.6167,-0.6167,-0.1967,-0.6023,-176.4399,0.0000,0.0000,0.0000,-0.1944,-0.5431,-173.1502,0.017,6873,0.0778,-0.0128,0.4202,1,1,0.152
30.051,0,1,3,-0.6167,-0.6167,-0.2048,-0.6014,-176.4526,0.0000,0.0000,0.0000,-0.1702,-0.5392,-176.0389,0.045,6875,0.0999,0.0292,0.4122,1,1,0.135
30.151,0,1,3,-0.6167,-0.6167,-0.2132,-0.6013,-176.2828,0.0000,0.0000,0.0000,-0.1959,-0.5444,-173.2312,0.022,6879,0.0999,0.0223,0.4037,1,1,0.149
30.251,0,1,3,-0.6167,-0.6167,-0.2221,-0.6016,-175.9175,0.0000,0.0000,0.0000,-0.1948,-0.5352,-176.2467,0.019,6882,0.0759,-0.0132,0.3948,1,1,0.148
30.358,0,1,3,-0.6167,-0.6167,-0.2303,-0.6012,-175.9511,0.0000,0.0000,0.0000,-0.2261,-0.5741,-172.6187,0.007,6885,0.0815,-0.0107,0.3867,1,1,0.160
30.452,0,1,3,-0.6167,-0.6167,-0.2376,-0.5993,-175.8993,0.0000,0.0000,0.0000,-0.2126,-0.5398,-175.9212,0.021,6888,0.0856,0.0322,0.3795,1,1,0.125
30.550,0,1,3,-0.6167,-0.6167,-0.2453,-0.6010,-175.7386,0.0000,0.0000,0.0000,-0.2265,-0.5745,-172.4340,0.011,6891,0.0841,0.0355,0.3717,1,1,0.117
30.652,0,1,3,-0.6167,-0.6167,-0.2527,-0.6032,-176.1824,0.0000,0.0000,0.0000,-0.2245,-0.5367,-175.9340,0.012,6894,0.0841,0.0350,0.3642,1,1,0.117
30.750,0,1,3,-0.6167,-0.6167,-0.2603,-0.6060,-176.5474,0.0000,0.0000,0.0000,-0.2562,-0.5860,-173.2424,0.018,6897,0.0840,0.0343,0.3565,1,1,0.117
30.851,0,1,3,-0.6167,-0.6167,-0.2678,-0.6079,-177.5409,0.0000,0.0000,0.0000,-0.2490,-0.5443,-177.3347,0.022,6900,0.0840,0.0338,0.3490,1,1,0.117
30.951,0,1,3,-0.6167,-0.6167,-0.2758,-0.6106,-178.3248,0.0000,0.0000,0.0000,-0.7621,-0.1733,171.3357,0.010,6903,0.0840,0.0331,0.3409,1,1,0.117
31.051,0,1,3,-0.6167,-0.6167,-0.2897,-0.6065,-178.8993,0.0000,0.0000,0.0000,-0.2671,-0.5381,-179.5756,0.025,6906,0.0840,0.0344,0.3271,1,1,0.117
31.151,0,1,3,-0.6167,-0.6167,-0.2981,-0.6082,-179.4681,0.0000,0.0000,0.0000,-0.3066,-0.5676,-178.0807,0.019,6909,0.0840,0.0340,0.3187,1,1,0.117
31.250,0,1,3,-0.6167,-0.6167,-0.3062,-0.6102,179.8538,0.0000,0.0000,0.0000,-0.3081,-0.5679,-178.8659,0.053,6911,0.0840,0.0334,0.3106,1,1,0.117
31.351,0,1,3,-0.6167,-0.6167,-0.3139,-0.6103,179.1447,0.0000,0.0000,0.0000,-0.3104,-0.5677,179.6233,0.019,6915,0.0840,0.0334,0.3028,1,1,0.117
31.450,0,1,3,-0.6167,-0.6167,-0.3240,-0.6024,178.3860,0.0000,0.0000,0.0000,-0.1804,-0.1187,166.2529,0.026,6918,0.0841,0.0362,0.2930,1,1,0.117
31.551,0,1,3,-0.6167,-0.6167,-0.3340,-0.5962,177.8446,0.0000,0.0000,0.0000,-0.5820,-0.3499,171.0936,0.007,6921,0.0841,0.0386,0.2834,1,1,0.117
31.651,0,1,3,-0.6167,-0.6167,-0.3441,-0.5794,176.8078,0.0000,0.0000,0.0000,-0.1396,-0.0338,162.7218,0.025,6924,0.0839,0.0449,0.2751,1,1,0.117
31.752,0,1,3,-0.6167,-0.6167,-0.3496,-0.5757,176.0661,0.0000,0.0000,0.0000,-0.5390,-0.3852,170.4104,0.009,6927,0.0838,0.0466,0.2702,1,1,0.117
31.851,0,1,3,-0.6167,-0.6167,-0.3563,-0.5575,175.1222,0.0000,0.0000,0.0000,-0.0632,0.1142,156.9366,0.023,6930,0.0829,0.0536,0.2670,1,1,0.117
31.952,0,1,3,-0.6167,-0.6167,-0.3633,-0.5502,174.6343,0.0000,0.0000,0.0000,-0.5223,-0.3908,169.4703,0.048,6932,0.0824,0.0569,0.2619,1,1,0.117
32.051,0,1,3,-0.6167,-0.6167,-0.3674,-0.5314,174.0025,0.0000,0.0000,0.0000,-0.0104,0.2164,152.9770,0.025,6936,0.0808,0.0640,0.2635,1,1,0.117
32.152,0,1,3,-0.6167,-0.6167,-0.3752,-0.5232,173.8022,0.0000,0.0000,0.0000,-0.5078,-0.4043,168.4902,0.020,6939,0.0797,0.0678,0.2590,1,1,0.117
32.252,0,1,3,-0.6167,-0.6167,-0.3854,-0.5273,174.3997,0.0000,0.0000,0.0000,-0.5084,-0.4057,168.4226,0.057,6940,0.0797,0.0678,0.2479,1,1,0.117
32.352,0,1,3,-0.6167,-0.6167,-0.3972,-0.5300,175.9733,0.0000,0.0000,0.0000,-0.5168,-0.4164,169.4208,0.020,6942,0.0795,0.0684,0.2360,1,1,0.117
32.452,0,1,3,-0.6167,-0.6167,-0.4077,-0.5343,177.1449,0.0000,0.0000,0.0000,-0.5565,-0.3962,170.0353,0.056,6943,0.0795,0.0684,0.2246,1,1,0.117
32.553,0,1,3,-0.6167,-0.6167,-0.4181,-0.5389,178.4222,0.0000,0.0000,0.0000,-0.4013,-0.6313,178.0847,0.006,6946,0.0796,0.0682,0.2133,1,1,0.117
32.651,0,1,3,-0.6167,-0.6167,-0.4306,-0.5440,179.2844,0.0000,0.0000,0.0000,-0.4006,-0.6492,178.5326,0.035,6948,0.0796,0.0681,0.1998,1,1,0.117
32.752,0,1,3,-0.6167,-0.6167,-0.4438,-0.5474,-179.9641,0.0000,0.0000,0.0000,-0.4050,-0.6740,179.1605,0.003,6952,0.0793,0.0690,0.1862,1,1,0.117
32.851,0,1,3,-0.6167,-0.6167,-0.4491,-0.5591,-179.2534,0.0000,0.0000,0.0000,-0.4063,-0.6877,179.4795,0.037,6954,0.0807,0.0641,0.1772,1,1,0.117
32.954,0,1,3,-0.6167,-0.6167,-0.4638,-0.5594,-178.6225,0.0000,0.0000,0.0000,-0.4114,-0.7062,-179.9413,0.008,6959,0.0800,0.0667,0.1632,1,1,0.117
33.054,0,1,3,-0.6167,-0.6167,-0.4686,-0.5696,-177.9653,0.0000,0.0000,0.0000,-0.4851,-0.4330,-167.2261,0.003,6963,0.0813,0.0618,0.1554,1,1,0.117
33.154,0,1,3,-0.6167,-0.6167,-0.4742,-0.5762,-177.4774,0.0000,0.0000,0.0000,-0.2450,-0.7132,177.1417,0.003,6967,0.0820,0.0588,0.1481,1,1,0.117
33.252,0,1,3,-0.6167,-0.6167,-0.4782,-0.5814,-177.3333,0.0000,0.0000,0.0000,-0.4958,-0.4616,-167.2112,0.012,6972,0.0825,0.0562,0.1429,1,1,0.117
33.351,0,1,3,-0.6167,-0.6167,-0.4817,-0.5862,-176.9227,0.0000,0.0000,0.0000,-0.7907,-0.3532,173.6927,0.004,6976,0.0830,0.0535,0.1384,1,1,0.117
33.450,0,1,3,-0.6167,-0.6167,-0.4949,-0.5861,-177.1354,0.0000,0.0000,0.0000,-0.5057,-0.4827,-167.1897,0.003,6981,0.0826,0.0558,0.1256,1,1,0.117
33.551,0,1,3,-0.6167,-0.6167,-0.4975,-0.5936,-176.8404,0.0000,0.0000,0.0000,-0.7947,-0.3813,174.1925,0.011,6985,0.0810,0.0490,0.1214,1,1,0.117
33.650,0,1,3,-0.6167,-0.6167,-0.5052,-0.5986,-176.7430,0.0000,0.0000,0.0000,-0.5146,-0.5041,-167.4325,0.010,6990,0.0756,0.0428,0.1129,1,1,0.117
33.750,0,1,3,-0.6167,-0.6167,-0.5141,-0.6016,-176.7954,0.0000,0.0000,0.0000,-0.8305,-0.3705,173.9624,0.017,6993,0.0695,0.0381,0.1037,1,1,0.117
33.849,0,1,3,-0.6167,-0.6167,-0.5196,-0.6074,-176.7488,0.0000,0.0000,0.0000,-0.4327,-0.6836,-175.9304,0.033,6996,0.0656,0.0318,0.0975,1,1,0.117
33.953,0,1,3,-0.6167,-0.6167,-0.5253,-0.6130,-176.7584,0.0000,0.0000,0.0000,-0.4713,-0.7787,-179.1867,0.007,6998,0.0615,0.0259,0.0915,1,1,0.117
34.053,0,1,3,-0.6167,-0.6167,-0.5300,-0.6201,-176.7269,0.0000,0.0000,0.0000,-0.4779,-0.7856,-179.2201,0.037,6999,0.0424,0.0034,0.0867,1,1,0.117
34.151,0,1,3,-0.6167,-0.6167,-0.5340,-0.6233,-176.7216,0.0000,0.0000,0.0000,-0.4857,-0.7889,-179.2908,0.006,7001,0.0401,0.0006,0.0829,1,1,0.117
34.253,0,1,3,-0.6167,-0.6167,-0.5368,-0.6268,-176.4308,0.0000,0.0000,0.0000,-0.4856,-0.7894,-179.2740,0.038,7003,0.0385,-0.0023,0.0805,1,1,0.117
34.353,0,1,3,-0.6167,-0.6167,-0.5400,-0.6290,-176.2464,0.0000,0.0000,0.0000,-0.4898,-0.7957,-179.0834,0.003,7005,0.0367,-0.0043,0.0777,1,1,0.117
34.452,0,1,3,-0.6167,-0.6167,-0.5414,-0.6333,-176.3242,0.0000,0.0000,0.0000,-0.4909,-0.7949,-179.1345,0.037,7006,0.0000,0.0000,0.0771,1,1,0.154
34.550,0,1,3,-0.6167,-0.6167,-0.5413,-0.6333,-176.1175,0.0000,0.0000,0.0000,-0.5616,-0.5398,-167.3368,0.029,7009,0.0000,0.0000,0.0771,1,1,0.164
34.650,0,1,3,-0.6167,-0.6167,-0.5406,-0.6365,-176.0547,0.0000,0.0000,0.0000,-0.5614,-0.5400,-167.3267,0.008,7013,0.0000,0.0000,0.0786,1,1,0.117
34.752,0,1,3,-0.6167,-0.6167,-0.5404,-0.6363,-175.9210,0.0000,0.0000,0.0000,-0.5615,-0.5400,-167.3279,0.027,7015,0.0000,0.0000,0.0787,1,1,0.117
34.850,0,1,3,-0.6167,-0.6167,-0.5395,-0.6394,-175.8759,0.0000,0.0000,0.0000,-0.5615,-0.5400,-167.3286,0.006,7019,0.0000,0.0000,0.0805,1,1,0.117
34.950,0,1,3,-0.6167,-0.6167,-0.5394,-0.6391,-175.7585,0.0000,0.0000,0.0000,-0.5615,-0.5400,-167.3281,0.038,7021,0.0000,0.0000,0.0804,1,1,0.170
35.051,0,1,3,-0.6167,-0.6167,-0.5385,-0.6420,-175.7216,0.0000,0.0000,0.0000,-0.5615,-0.5399,-167.3325,0.005,7025,0.0000,0.0000,0.0822,1,1,0.198
35.152,0,1,3,-0.6167,-0.6167,-0.5384,-0.6414,-175.5985,0.0000,0.0000,0.0000,-0.4950,-0.7970,-179.1559,0.003,7028,0.0000,0.0000,0.0821,1,1,0.199
35.251,0,1,3,-0.6167,-0.6167,-0.5376,-0.6442,-175.5713,0.0000,0.0000,0.0000,-0.5615,-0.5399,-167.3320,0.008,7031,0.0000,0.0000,0.0838,1,1,0.146
35.351,0,1,3,-0.6167,-0.6167,-0.5375,-0.6436,-175.4494,0.0000,0.0000,0.0000,-0.4951,-0.7969,-179.1571,0.003,7034,0.0000,0.0000,0.0836,1,1,0.140
35.451,0,1,3,-0.6167,-0.6167,-0.5367,-0.6463,-175.4238,0.0000,0.0000,0.0000,-0.5614,-0.5401,-167.3242,0.002,7037,0.0000,0.0000,0.0853,0,2,0.117
35.550,0,1,3,-0.6167,-0.6167,-0.5367,-0.6455,-175.3026,0.0000,0.0000,0.0000,-0.4950,-0.7970,-179.1530,0.002,7040,0.0000,0.0000,0.0850,0,2,0.145
35.650,0,1,3,-0.6167,-0.6167,-0.5359,-0.6481,-175.2987,0.0000,0.0000,0.0000,-0.4950,-0.7970,-179.1528,0.034,7042,0.0000,0.0000,0.0866,0,2,0.173
35.751,0,1,3,-0.6167,-0.6167,-0.5360,-0.6473,-175.1840,0.0000,0.0000,0.0000,-0.4951,-0.7969,-179.1594,0.006,7046,0.0000,0.0000,0.0863,0,2,0.179
35.850,0,1,3,-0.6167,-0.6167,-0.5352,-0.6497,-175.1724,0.0000,0.0000,0.0000,-0.4951,-0.7969,-179.1600,0.041,7048,0.0000,0.0000,0.0879,0,2,0.162
35.951,0,1,3,-0.6167,-0.6167,-0.5353,-0.6489,-175.0578,0.0000,0.0000,0.0000,-0.4951,-0.7970,-179.1562,0.006,7052,0.0000,0.0000,0.0875,0,2,0.167
36.050,0,1,3,-0.6167,-0.6167,-0.5346,-0.6513,-175.0557,0.0000,0.0000,0.0000,-0.5616,-0.5400,-167.3294,0.006,7055,0.0000,0.0000,0.0891,0,2,0.156
36.150,0,1,3,-0.6167,-0.6167,-0.5347,-0.6503,-174.9479,0.0000,0.0000,0.0000,-0.5616,-0.5400,-167.3281,0.034,7057,0.0000,0.0000,0.0886,0,2,0.146
36.252,0,1,3,-0.6167,-0.6167,-0.5345,-0.6508,-174.9138,0.0000,0.0000,0.0000,-0.4951,-0.7970,-179.1541,0.003,7061,0.0000,0.0000,0.0889,0,2,0.122
36.350,0,1,3,-0.6167,-0.6167,-0.5319,-0.6512,-174.8804,0.0000,0.0000,0.0000,-0.5615,-0.5401,-167.3264,0.036,7063,0.0000,0.0000,0.0916,0,2,0.129
36.451,0,1,3,-0.6167,-0.6167,-0.5267,-0.6525,-174.9528,0.0000,0.0000,0.0000,-0.5615,-0.5401,-167.3269,0.007,7067,0.0000,0.0000,0.0969,0,2,0.163
36.550,0,1,3,-0.6167,-0.6167,-0.5248,-0.6509,-174.8802,0.0000,0.0000,0.0000,-0.3171,-0.7563,177.3516,0.004,7070,0.0000,0.0000,0.0980,0,2,0.171
36.651,0,1,3,-0.6167,-0.6167,-0.5199,-0.6522,-174.9535,0.0000,0.0000,0.0000,-0.5615,-0.5401,-167.3255,0.003,7073,0.0000,0.0000,0.1031,0,2,0.183
36.750,0,1,3,-0.6167,-0.6167,-0.5183,-0.6506,-174.8829,0.0000,0.0000,0.0000,-0.3171,-0.7563,177.3534,0.006,7076,0.0000,0.0000,0.1040,0,2,0.168
36.850,0,1,3,-0.6167,-0.6167,-0.5137,-0.6519,-174.9570,0.0000,0.0000,0.0000,-0.5615,-0.5401,-167.3245,0.008,7079,0.0000,0.0000,0.1089,0,2,0.179
36.951,0,1,3,-0.6167,-0.6167,-0.5123,-0.6504,-174.8861,0.0000,0.0000,0.0000,-0.3171,-0.7563,177.3523,0.004,7082,0.0000,0.0000,0.1096,0,2,0.172
37.050,0,1,3,-0.6167,-0.6167,-0.5079,-0.6517,-174.9629,0.0000,0.0000,0.0000,-0.3170,-0.7563,177.3538,0.038,7084,0.0000,0.0000,0.1142,0,2,0.170
37.151,0,1,3,-0.6167,-0.6167,-0.5068,-0.6501,-174.8921,0.0000,0.0000,0.0000,-0.3170,-0.7563,177.3539,0.009,7088,0.0000,0.0000,0.1148,0,2,0.175
37.252,0,1,3,-0.6167,-0.6167,-0.5026,-0.6514,-174.9693,0.0000,0.0000,0.0000,-0.5616,-0.5401,-167.3261,0.002,7091,0.0000,0.0000,0.1192,0,2,0.172
37.356,0,1,3,-0.6167,-0.6167,-0.5017,-0.6499,-174.8962,0.0000,0.0000,0.0000,-0.5616,-0.5401,-167.3261,0.045,7093,0.0000,0.0000,0.1196,0,2,0.174
37.450,0,1,3,-0.6167,-0.6167,-0.5001,-0.6499,-174.8982,0.0000,0.0000,0.0000,-0.5615,-0.5401,-167.3245,0.003,7097,0.0000,0.0000,0.1212,0,2,0.178
37.550,0,1,3,-0.6167,-0.6167,-0.4970,-0.6498,-174.9028,0.0000,0.0000,0.0000,-0.5615,-0.5401,-167.3245,0.034,7099,0.0000,0.0000,0.1242,0,2,0.160
37.649,0,1,3,-0.6167,-0.6167,-0.4931,-0.6511,-174.9825,0.0000,0.0000,0.0000,-0.5616,-0.5401,-167.3250,0.007,7103,0.0000,0.0000,0.1283,0,2,0.173
37.750,0,1,3,-0.6167,-0.6167,-0.4926,-0.6496,-174.9091,0.0000,0.0000,0.0000,-0.3171,-0.7563,177.3527,0.007,7106,0.0000,0.0000,0.1284,0,2,0.176
37.851,0,1,3,-0.6167,-0.6167,-0.4889,-0.6509,-174.9867,0.0000,0.0000,0.0000,-0.5616,-0.5401,-167.3256,0.010,7109,0.0000,0.0000,0.1322,0,2,0.176
37.951,0,1,3,-0.6167,-0.6167,-0.4886,-0.6494,-174.9112,0.0000,0.0000,0.0000,-0.3171,-0.7563,177.3518,0.007,7112,0.0000,0.0000,0.1322,0,2,0.176
38.050,0,1,3,-0.6167,-0.6167,-0.4851,-0.6508,-174.9863,0.0000,0.0000,0.0000,-0.5616,-0.5401,-167.3247,0.005,7115,0.0000,0.0000,0.1359,0,2,0.175
38.152,0,1,3,-0.6167,-0.6167,-0.4849,-0.6493,-174.9134,0.0000,0.0000,0.0000,-0.3170,-0.7564,177.3553,0.006,7118,0.0000,0.0000,0.1358,0,2,0.175
38.250,0,1,3,-0.6167,-0.6167,-0.4826,-0.6492,-174.9148,0.0000,0.0000,0.0000,-0.5616,-0.5401,-167.3244,0.008,7121,0.0000,0.0000,0.1380,0,2,0.177
38.351,0,1,3,-0.6167,-0.6167,-0.4815,-0.6492,-174.9163,0.0000,0.0000,0.0000,-0.3171,-0.7563,177.3517,0.007,7124,0.0000,0.0000,0.1390,0,2,0.178
38.452,0,1,3,-0.6167,-0.6167,-0.4783,-0.6505,-174.9945,0.0000,0.0000,0.0000,-0.5616,-0.5401,-167.3254,0.032,7126,0.0000,0.0000,0.1424,0,2,0.180
38.553,0,1,3,-0.6167,-0.6167,-0.4784,-0.6490,-174.9210,0.0000,0.0000,0.0000,-0.3171,-0.7564,177.3522,0.003,7130,0.0000,0.0000,0.1420,0,2,0.172
38.650,0,1,3,-0.6167,-0.6167,-0.4753,-0.6503,-174.9995,0.0000,0.0000,0.0000,-0.5616,-0.5401,-167.3247,0.005,7133,0.0000,0.0000,0.1454,0,2,0.176
38.751,0,1,3,-0.6167,-0.6167,-0.4755,-0.6489,-174.9247,0.0000,0.0000,0.0000,-0.3170,-0.7564,177.3532,0.007,7136,0.0000,0.0000,0.1448,0,2,0.182
38.850,0,1,3,-0.6167,-0.6167,-0.4725,-0.6502,-175.0023,0.0000,0.0000,0.0000,-0.5616,-0.5401,-167.3243,0.009,7139,0.0000,0.0000,0.1481,0,2,0.172
38.950,0,1,3,-0.6167,-0.6167,-0.4727,-0.6488,-174.9291,0.0000,0.0000,0.0000,-0.5616,-0.5402,-167.3238,0.036,7141,0.0000,0.0000,0.1475,0,2,0.172
39.052,0,1,3,-0.6167,-0.6167,-0.4698,-0.6502,-175.0089,0.0000,0.0000,0.0000,-0.5616,-0.5402,-167.3238,0.002,7145,0.0000,0.0000,0.1506,0,2,0.176
39.150,0,1,3,-0.6167,-0.6167,-0.4702,-0.6487,-174.9334,0.0000,0.0000,0.0000,-0.3170,-0.7564,177.3537,0.006,7148,0.0000,0.0000,0.1499,0,2,0.180
39.253,0,1,3,-0.6167,-0.6167,-0.4687,-0.6486,-174.9358,0.0000,0.0000,0.0000,-0.5616,-0.5402,-167.3238,0.014,7151,0.0000,0.0000,0.1514,0,2,0.176
39.350,0,1,3,-0.6167,-0.6167,-0.4679,-0.6486,-174.9372,0.0000,0.0000,0.0000,-0.3171,-0.7563,177.3517,0.004,7154,0.0000,0.0000,0.1521,0,2,0.180
39.451,0,1,3,-0.6167,-0.6167,-0.4652,-0.6500,-175.0152,0.0000,0.0000,0.0000,-0.5616,-0.5402,-167.3233,0.006,7157,0.0000,0.0000,0.1551,0,2,0.172
39.551,0,1,3,-0.6167,-0.6167,-0.4658,-0.6485,-174.9403,0.0000,0.0000,0.0000,-0.3171,-0.7563,177.3502,0.005,7160,0.0000,0.0000,0.1542,0,2,0.178
39.650,0,1,3,-0.6167,-0.6167,-0.4632,-0.6499,-175.0185,0.0000,0.0000,0.0000,-0.3170,-0.7564,177.3532,0.036,7162,0.0000,0.0000,0.1570,0,2,0.177
39.751,0,1,3,-0.6167,-0.6167,-0.4626,-0.6499,-175.0216,0.0000,0.0000,0.0000,-0.5616,-0.5402,-167.3222,0.009,7165,0.0000,0.0000,0.1576,0,2,0.171
39.851,0,1,3,-0.6167,-0.6167,-0.4613,-0.6498,-175.0228,0.0000,0.0000,0.0000,-0.3171,-0.7564,177.3507,0.038,7168,0.0000,0.0000,0.1588,0,2,0.179
39.951,0,1,3,-0.6167,-0.6167,-0.4621,-0.6484,-174.9472,0.0000,0.0000,0.0000,-0.3171,-0.7564,177.3516,0.004,7172,0.0000,0.0000,0.1578,0,2,0.176
40.052,0,1,3,-0.6167,-0.6167,-0.4596,-0.6497,-175.0245,0.0000,0.0000,0.0000,-0.5616,-0.5402,-167.3241,0.009,7175,0.0000,0.0000,0.1605,0,2,0.167
40.150,0,1,3,-0.6167,-0.6167,-0.4604,-0.6483,-174.9508,0.0000,0.0000,0.0000,-0.5616,-0.5402,-167.3233,0.035,7177,0.0000,0.0000,0.1594,0,2,0.173
40.251,0,1,3,-0.6167,-0.6167,-0.4599,-0.6483,-174.9546,0.0000,0.0000,0.0000,-0.5616,-0.5402,-167.3220,0.003,7180,0.0000,0.0000,0.1599,0,2,0.176
40.350,0,1,3,-0.6167,-0.6167,-0.4588,-0.6483,-174.9568,0.0000,0.0000,0.0000,-0.5616,-0.5402,-167.3221,0.037,7183,0.0000,0.0000,0.1610,0,2,0.181
40.450,0,1,3,-0.6167,-0.6167,-0.4569,-0.6676,-174.6360,0.0000,0.0000,0.0000,-0.5616,-0.5402,-167.3219,0.007,7188,0.0000,0.0000,0.1676,0,2,0.169
40.550,0,1,3,-0.6167,-0.6167,-0.4556,-0.6859,-174.3267,0.0000,0.0000,0.0000,-0.3171,-0.7564,177.3523,0.006,7192,0.0000,0.0000,0.1753,0,2,0.179
40.650,0,1,3,-0.6167,-0.6167,-0.4518,-0.7225,-173.8018,0.0000,0.0000,0.0000,-0.5616,-0.5402,-167.3222,0.005,7197,0.0000,0.0000,0.1959,0,2,0.170
40.750,0,1,3,-0.6167,-0.6167,-0.4520,-0.7361,-173.4644,0.0000,0.0000,0.0000,-0.3171,-0.7564,177.3512,0.007,7201,0.0000,0.0000,0.2034,0,2,0.170
40.850,0,1,3,-0.6167,-0.6167,-0.4493,-0.7515,-173.2871,0.0000,0.0000,0.0000,-0.5616,-0.5402,-167.3217,0.008,7205,0.0000,0.0000,0.2149,0,2,0.165
40.951,0,1,3,-0.6167,-0.6167,-0.4489,-0.7800,-172.6873,0.0000,0.0000,0.0000,-0.3171,-0.7564,177.3504,0.007,7210,0.0000,0.0000,0.2341,0,2,0.174
41.050,0,1,3,-0.6167,-0.6167,-0.4457,-0.8090,-172.2601,0.0000,0.0000,0.0000,-0.3869,-2.1590,-142.0258,0.023,7214,0.0000,0.0000,0.2574,0,2,0.181
41.151,0,1,3,-0.6167,-0.6167,-0.4462,-0.8179,-171.9925,0.0000,0.0000,0.0000,-0.3170,-0.7564,177.3532,0.007,7219,0.0000,0.0000,0.2637,0,2,0.172
41.252,0,1,3,-0.6167,-0.6167,-0.4432,-0.8442,-171.6042,0.0000,0.0000,0.0000,-0.3869,-2.1590,-142.0251,0.025,7223,0.0000,0.0000,0.2861,0,2,0.164
41.350,0,1,3,-0.6167,-0.6167,-0.4438,-0.8513,-171.3655,0.0000,0.0000,0.0000,-0.3171,-0.7564,177.3507,0.003,7228,0.0000,0.0000,0.2914,0,2,0.180
41.451,0,1,3,-0.6167,-0.6167,-0.4410,-0.8752,-171.0122,0.0000,0.0000,0.0000,-0.5616,-0.5402,-167.3220,0.007,7233,0.0000,0.0000,0.3126,0,2,0.179
41.550,0,1,3,-0.6167,-0.6167,-0.4417,-0.8809,-170.7959,0.0000,0.0000,0.0000,-0.5616,-0.5402,-167.3228,0.040,7236,0.0000,0.0000,0.3169,0,2,0.174
41.650,0,1,3,-0.6167,-0.6167,-0.4391,-0.9029,-170.4711,0.0000,0.0000,0.0000,-0.5616,-0.5402,-167.3214,0.005,7242,0.0000,0.0000,0.3368,0,2,0.165
41.751,0,1,3,-0.6167,-0.6167,-0.4398,-0.9072,-170.2778,0.0000,0.0000,0.0000,-0.5616,-0.5402,-167.3217,0.039,7245,0.0000,0.0000,0.3401,0,2,0.167
41.850,0,1,3,-0.6167,-0.6167,-0.4373,-0.9275,-169.9812,0.0000,0.0000,0.0000,-0.5616,-0.5402,-167.3219,0.008,7251,0.0000,0.0000,0.3589,0,2,0.182
41.950,0,1,3,-0.6167,-0.6167,-0.4381,-0.9308,-169.8042,0.0000,0.0000,0.0000,-0.3171,-0.7564,177.3497,0.006,7255,0.0000,0.0000,0.3613,0,2,0.172
42.051,0,1,3,-0.6167,-0.6167,-0.4363,-0.9362,-169.7676,0.0000,0.0000,0.0000,-0.5616,-0.5402,-167.3224,0.006,7259,0.0000,0.0000,0.3669,0,2,0.161
42.150,0,1,3,-0.6167,-0.6167,-0.4366,-0.9523,-169.3661,0.0000,0.0000,0.0000,-0.3171,-0.7564,177.3500,0.004,7264,0.0000,0.0000,0.3809,0,2,0.169
42.250,0,1,3,-0.6167,-0.6167,-0.4343,-0.9699,-169.1092,0.0000,0.0000,0.0000,-0.5616,-0.5402,-167.3213,0.002,7269,0.0000,0.0000,0.3976,0,2,0.177
42.350,0,1,3,-0.6167,-0.6167,-0.4353,-0.9713,-168.9678,0.0000,0.0000,0.0000,-0.3171,-0.7563,177.3486,0.004,7273,0.0000,0.0000,0.3983,0,2,0.177
42.450,0,1,3,-0.6167,-0.6167,-0.4331,-0.9876,-168.7326,0.0000,0.0000,0.0000,-0.3869,-2.1589,-142.0269,0.025,7277,0.0000,0.0000,0.4139,0,2,0.185
42.551,0,1,3,-0.6167,-0.6167,-0.4341,-0.9882,-168.6009,0.0000,0.0000,0.0000,-0.3171,-0.7564,177.3494,0.003,7282,0.0000,0.0000,0.4139,0,2,0.176
42.650,0,1,3,-0.6167,-0.6167,-0.4320,-1.0036,-168.3805,0.0000,0.0000,0.0000,-0.3869,-2.1589,-142.0264,0.019,7286,0.0000,0.0000,0.4288,0,2,0.170
42.751,0,1,3,-0.6167,-0.6167,-0.4330,-1.0035,-168.2625,0.0000,0.0000,0.0000,-0.3171,-0.7564,177.3504,0.007,7291,0.0000,0.0000,0.4282,0,2,0.171
42.851,0,1,3,-0.6167,-0.6167,-0.4309,-1.0180,-168.0573,0.0000,0.0000,0.0000,-0.5616,-0.5402,-167.3212,0.009,7296,0.0000,0.0000,0.4422,0,2,0.178
42.950,0,1,3,-0.6167,-0.6167,-0.4320,-1.0173,-167.9529,0.0000,0.0000,0.0000,-0.5616,-0.5402,-167.3213,0.042,7299,0.0000,0.0000,0.4411,0,2,0.180
43.053,0,1,3,-0.6167,-0.6167,-0.4312,-1.0340,-167.6400,0.0000,0.0000,0.0000,-0.3171,-0.7564,177.3493,0.002,7305,0.0000,0.0000,0.4566,0,2,0.181
43.150,0,1,3,-0.6167,-0.6167,-0.4311,-1.0296,-167.6703,0.0000,0.0000,0.0000,-0.5616,-0.5403,-167.3205,0.039,7308,0.0000,0.0000,0.4527,0,2,0.175
43.250,0,1,3,-0.6167,-0.6167,-0.4291,-1.0427,-167.4912,0.0000,0.0000,0.0000,-0.5616,-0.5403,-167.3208,0.004,7314,0.0000,0.0000,0.4655,0,2,0.176
43.350,0,1,3,-0.6167,-0.6167,-0.4303,-1.0410,-167.4028,0.0000,0.0000,0.0000,-0.3171,-0.7564,177.3496,0.004,7318,0.0000,0.0000,0.4635,0,2,0.175
43.450,0,1,3,-0.6167,-0.6167,-0.4284,-1.0536,-167.2345,0.0000,0.0000,0.0000,-0.5616,-0.5403,-167.3202,0.008,7323,0.0000,0.0000,0.4758,0,2,0.164
43.550,0,1,3,-0.6167,-0.6167,-0.4296,-1.0515,-167.1551,0.0000,0.0000,0.0000,-0.3171,-0.7564,177.3496,0.007,7327,0.0000,0.0000,0.4734,0,2,0.172
43.650,0,1,3,-0.6167,-0.6167,-0.4281,-1.0516,-167.2053,0.0000,0.0000,0.0000,-0.5617,-0.5403,-167.3207,0.003,7332,0.0000,0.0000,0.4740,0,2,0.178
43.752,0,1,3,-0.6167,-0.6167,-0.4289,-1.0610,-166.9234,0.0000,0.0000,0.0000,-0.3171,-0.7564,177.3493,0.003,7336,0.0000,0.0000,0.4823,0,2,0.176
43.851,0,1,3,-0.6167,-0.6167,-0.4271,-1.0723,-166.7764,0.0000,0.0000,0.0000,-0.5616,-0.5403,-167.3200,0.002,7341,0.0000,0.0000,0.4935,0,2,0.175
43.950,0,1,3,-0.6167,-0.6167,-0.4283,-1.0692,-166.7150,0.0000,0.0000,0.0000,-0.5617,-0.5403,-167.3204,0.019,7344,0.0000,0.0000,0.4902,0,2,0.173
44.052,0,1,3,-0.6167,-0.6167,-0.4265,-1.0801,-166.5781,0.0000,0.0000,0.0000,-0.5617,-0.5403,-167.3204,0.003,7350,0.0000,0.0000,0.5009,0,2,0.171
44.152,0,1,3,-0.6167,-0.6167,-0.4278,-1.0767,-166.5223,0.0000,0.0000,0.0000,-0.3171,-0.7563,177.3483,0.006,7354,0.0000,0.0000,0.4973,0,2,0.179
44.252,0,1,3,-0.6167,-0.6167,-0.4260,-1.0872,-166.3951,0.0000,0.0000,0.0000,-0.3171,-0.7564,177.3490,0.004,7358,0.0000,0.0000,0.5077,0,2,0.176
44.350,0,1,3,-0.6167,-0.6167,-0.4273,-1.0835,-166.3470,0.0000,0.0000,0.0000,-0.3171,-0.7564,177.3495,0.003,7363,0.0000,0.0000,0.5038,0,2,0.170
44.450,0,1,3,-0.6167,-0.6167,-0.4256,-1.0936,-166.2280,0.0000,0.0000,0.0000,-0.5617,-0.5403,-167.3192,0.009,7368,0.0000,0.0000,0.5138,0,2,0.193
44.550,0,1,3,-0.6167,-0.6167,-0.4268,-1.0896,-166.1843,0.0000,0.0000,0.0000,-0.5617,-0.5403,-167.3198,0.035,7371,0.0000,0.0000,0.5096,0,2,0.174
44.650,0,1,3,-0.6167,-0.6167,-0.4266,-1.0934,-166.0814,0.0000,0.0000,0.0000,-0.5617,-0.5403,-167.3199,0.013,7377,0.0000,0.0000,0.5133,0,2,0.160
44.750,0,1,3,-0.6167,-0.6167,-0.4264,-1.0953,-166.0317,0.0000,0.0000,0.0000,-0.3171,-0.7564,177.3490,0.008,7381,0.0000,0.0000,0.5151,0,2,0.175
44.850,0,1,3,-0.6167,-0.6167,-0.4251,-1.0936,-166.1184,0.0000,0.0000,0.0000,-0.5617,-0.5403,-167.3211,0.007,7385,0.0000,0.0000,0.5139,0,2,0.171
44.952,0,1,3,-0.6167,-0.6167,-0.4265,-1.0895,-166.0803,0.0000,0.0000,0.0000,-0.3870,-2.1588,-142.0311,0.007,7389,0.0000,0.0000,0.5096,0,2,0.183
45.051,0,1,3,-0.6167,-0.6167,-0.4248,-1.0991,-165.9715,0.0000,0.0000,0.0000,-0.3171,-0.7564,177.3492,0.035,7393,0.0000,0.0000,0.5192,0,2,0.177
45.150,0,1,3,-0.6167,-0.6167,-0.4257,-1.1059,-165.7419,0.0000,0.0000,0.0000,-0.3171,-0.7563,177.3464,0.008,7399,0.0000,0.0000,0.5252,0,2,0.176
45.250,0,1,3,-0.6167,-0.6167,-0.4241,-1.1147,-165.6468,0.0000,0.0000,0.0000,-0.3871,-2.1588,-142.0329,0.024,7403,0.0000,0.0000,0.5340,0,2,0.165
45.351,0,1,3,-0.6167,-0.6167,-0.4255,-1.1099,-165.6218,0.0000,0.0000,0.0000,-0.3170,-0.7564,177.3504,0.005,7408,0.0000,0.0000,0.5290,0,2,0.174
45.451,0,1,3,-0.6167,-0.6167,-0.4238,-1.1186,-165.5299,0.0000,0.0000,0.0000,-0.5617,-0.5403,-167.3189,0.010,7413,0.0000,0.0000,0.5377,0,2,0.172
45.551,0,1,3,-0.6167,-0.6167,-0.4252,-1.1136,-165.5087,0.0000,0.0000,0.0000,-0.3171,-0.7564,177.3491,0.007,7417,0.0000,0.0000,0.5326,0,2,0.176
45.649,0,1,3,-0.6167,-0.6167,-0.4236,-1.1221,-165.4237,0.0000,0.0000,0.0000,-0.5617,-0.5403,-167.3195,0.007,7422,0.0000,0.0000,0.5411,0,2,0.184
45.752,0,1,3,-0.6167,-0.6167,-0.4250,-1.1170,-165.4067,0.0000,0.0000,0.0000,-0.5617,-0.5403,-167.3186,0.039,7425,0.0000,0.0000,0.5358,0,2,0.179
45.852,0,1,3,-0.6167,-0.6167,-0.4245,-1.1292,-165.1820,0.0000,0.0000,0.0000,-0.3171,-0.7564,177.3490,0.002,7431,0.0000,0.0000,0.5474,0,2,0.175
45.951,0,1,3,-0.6167,-0.6167,-0.4247,-1.1199,-165.3115,0.0000,0.0000,0.0000,-0.5617,-0.5403,-167.3188,0.035,7434,0.0000,0.0000,0.5386,0,2,0.179
46.052,0,1,3,-0.6167,-0.6167,-0.4235,-1.1170,-165.4238,0.0000,0.0000,0.0000,-0.5617,-0.5403,-167.3198,0.002,7439,0.0000,0.0000,0.5363,0,2,0.173
46.150,0,1,3,-0.6167,-0.6167,-0.4245,-1.1231,-165.2179,0.0000,0.0000,0.0000,-0.3171,-0.7564,177.3484,0.006,7444,0.0000,0.0000,0.5417,0,2,0.172
46.251,0,1,3,-0.6167,-0.6167,-0.4248,-1.1141,-165.3451,0.0000,0.0000,0.0000,-0.5617,-0.5403,-167.3183,0.007,7448,0.0000,0.0000,0.5331,0,2,0.177
46.350,0,1,3,-0.6167,-0.6167,-0.4243,-1.1261,-165.1268,0.0000,0.0000,0.0000,-0.3171,-0.7564,177.3492,0.008,7453,0.0000,0.0000,0.5446,0,2,0.174
46.451,0,1,3,-0.6167,-0.6167,-0.4227,-1.1340,-165.0568,0.0000,0.0000,0.0000,-0.5617,-0.5403,-167.3193,0.008,7458,0.0000,0.0000,0.5525,0,2,0.176
46.551,0,1,3,-0.6167,-0.6167,-0.4242,-1.1284,-165.0525,0.0000,0.0000,0.0000,-0.3171,-0.7564,177.3473,0.007,7462,0.0000,0.0000,0.5467,0,2,0.175
46.650,0,1,3,-0.6167,-0.6167,-0.4226,-1.1361,-164.9845,0.0000,0.0000,0.0000,-0.5617,-0.5403,-167.3191,0.003,7467,0.0000,0.0000,0.5545,0,2,0.179
46.751,0,1,3,-0.6167,-0.6167,-0.4241,-1.1303,-164.9811,0.0000,0.0000,0.0000,-0.5617,-0.5403,-167.3195,0.018,7470,0.0000,0.0000,0.5486,0,2,0.180
46.850,0,1,3,-0.6167,-0.6167,-0.4240,-1.1316,-164.9359,0.0000,0.0000,0.0000,-0.5617,-0.5403,-167.3193,0.010,7476,0.0000,0.0000,0.5498,0,2,0.178
46.950,0,1,3,-0.6167,-0.6167,-0.4239,-1.1322,-164.9145,0.0000,0.0000,0.0000,-0.5617,-0.5403,-167.3189,0.026,7479,0.0000,0.0000,0.5504,0,2,0.179
47.051,0,1,3,-0.6167,-0.6167,-0.4223,-1.1396,-164.8540,0.0000,0.0000,0.0000,-0.5617,-0.5403,-167.3195,0.007,7485,0.0000,0.0000,0.5579,0,2,0.168
47.151,0,1,3,-0.6167,-0.6167,-0.4238,-1.1337,-164.8547,0.0000,0.0000,0.0000,-0.5617,-0.5403,-167.3194,0.041,7488,0.0000,0.0000,0.5519,0,2,0.177
47.251,0,1,3,-0.6167,-0.6167,-0.4237,-1.1348,-164.8152,0.0000,0.0000,0.0000,-0.5617,-0.5403,-167.3186,0.011,7494,0.0000,0.0000,0.5529,0,2,0.183
47.351,0,1,3,-0.6167,-0.6167,-0.4236,-1.1353,-164.7957,0.0000,0.0000,0.0000,-0.3170,-0.7564,177.3500,0.004,7498,0.0000,0.0000,0.5534,0,2,0.182
47.450,0,1,3,-0.6167,-0.6167,-0.4221,-1.1429,-164.7333,0.0000,0.0000,0.0000,-0.5617,-0.5403,-167.3188,0.005,7503,0.0000,0.0000,0.5610,0,2,0.176
47.550,0,1,3,-0.6167,-0.6167,-0.4235,-1.1370,-164.7375,0.0000,0.0000,0.0000,-0.3171,-0.7564,177.3478,0.007,7507,0.0000,0.0000,0.5550,0,2,0.173
47.651,0,1,3,-0.6167,-0.6167,-0.4239,-1.1271,-164.8873,0.0000,0.0000,0.0000,-0.3871,-2.1588,-142.0336,0.003,7512,0.0000,0.0000,0.5456,0,2,0.179
47.750,0,1,3,-0.6167,-0.6167,-0.4235,-1.1385,-164.6853,0.0000,0.0000,0.0000,-0.3171,-0.7564,177.3473,0.005,7516,0.0000,0.0000,0.5564,0,2,0.163
47.852,0,1,3,-0.6167,-0.6167,-0.4219,-1.1457,-164.6314,0.0000,0.0000,0.0000,-0.3871,-2.1588,-142.0349,0.025,7520,0.0000,0.0000,0.5637,0,2,0.176
47.951,0,1,3,-0.6167,-0.6167,-0.4234,-1.1396,-164.6398,0.0000,0.0000,0.0000,-0.3170,-0.7564,177.3494,0.008,7525,0.0000,0.0000,0.5575,0,2,0.169
48.052,0,1,3,-0.6167,-0.6167,-0.4219,-1.1466,-164.5876,0.0000,0.0000,0.0000,-0.3871,-2.1588,-142.0342,0.028,7529,0.0000,0.0000,0.5646,0,2,0.168
48.152,0,1,3,-0.6167,-0.6167,-0.4234,-1.1404,-164.5968,0.0000,0.0000,0.0000,-0.3171,-0.7564,177.3475,0.005,7534,0.0000,0.0000,0.5583,0,2,0.167
48.251,0,1,3,-0.6167,-0.6167,-0.4233,-1.1411,-164.5689,0.0000,0.0000,0.0000,-0.5617,-0.5403,-167.3191,0.011,7539,0.0000,0.0000,0.5589,0,2,0.183
48.351,0,1,3,-0.6167,-0.6167,-0.4233,-1.1414,-164.5566,0.0000,0.0000,0.0000,-0.3171,-0.7564,177.3483,0.003,7543,0.0000,0.0000,0.5592,0,2,0.173
48.450,0,1,3,-0.6167,-0.6167,-0.4218,-1.1485,-164.5078,0.0000,0.0000,0.0000,-0.5617,-0.5403,-167.3181,0.002,7548,0.0000,0.0000,0.5664,0,2,0.169
48.550,0,1,3,-0.6167,-0.6167,-0.4232,-1.1423,-164.5200,0.0000,0.0000,0.0000,-0.5617,-0.5403,-167.3182,0.040,7551,0.0000,0.0000,0.5601,0,2,0.179
48.654,0,1,3,-0.6167,-0.6167,-0.4228,-1.1534,-164.3260,0.0000,0.0000,0.0000,-0.5617,-0.5403,-167.3189,0.002,7557,0.0000,0.0000,0.5707,0,2,0.179
48.751,0,1,3,-0.6167,-0.6167,-0.4231,-1.1429,-164.4906,0.0000,0.0000,0.0000,-0.3171,-0.7564,177.3481,0.004,7561,0.0000,0.0000,0.5607,0,2,0.168
48.851,0,1,3,-0.6167,-0.6167,-0.4235,-1.1327,-164.6490,0.0000,0.0000,0.0000,-0.5617,-0.5403,-167.3194,0.012,7565,0.0000,0.0000,0.5510,0,2,0.165
48.951,0,1,3,-0.6167,-0.6167,-0.4231,-1.1441,-164.4520,0.0000,0.0000,0.0000,-0.3171,-0.7564,177.3473,0.005,7570,0.0000,0.0000,0.5619,0,2,0.172
49.051,0,1,3,-0.6167,-0.6167,-0.4215,-1.1511,-164.4034,0.0000,0.0000,0.0000,-0.5618,-0.5403,-167.3189,0.009,7575,0.0000,0.0000,0.5690,0,2,0.170
49.152,0,1,3,-0.6167,-0.6167,-0.4230,-1.1448,-164.4166,0.0000,0.0000,0.0000,-0.3170,-0.7564,177.3487,0.009,7579,0.0000,0.0000,0.5626,0,2,0.179
49.250,0,1,3,-0.6167,-0.6167,-0.4215,-1.1517,-164.3739,0.0000,0.0000,0.0000,-0.3871,-2.1587,-142.0329,0.026,7583,0.0000,0.0000,0.5695,0,2,0.180
49.351,0,1,3,-0.6167,-0.6167,-0.4230,-1.1452,-164.3893,0.0000,0.0000,0.0000,-0.3171,-0.7564,177.3465,0.003,7588,0.0000,0.0000,0.5629,0,2,0.169
49.451,0,1,3,-0.6167,-0.6167,-0.4215,-1.1520,-164.3474,0.0000,0.0000,0.0000,-0.3872,-2.1587,-142.0384,0.024,7592,0.0000,0.0000,0.5698,0,2,0.174
49.552,0,1,3,-0.6167,-0.6167,-0.4230,-1.1456,-164.3640,0.0000,0.0000,0.0000,-0.3171,-0.7564,177.3464,0.008,7597,0.0000,0.0000,0.5633,0,2,0.172
49.651,0,1,3,-0.6167,-0.6167,-0.4215,-1.1525,-164.3221,0.0000,0.0000,0.0000,-0.5617,-0.5404,-167.3169,0.002,7602,0.0000,0.0000,0.5703,0,2,0.179
49.750,0,1,3,-0.6167,-0.6167,-0.4230,-1.1461,-164.3420,0.0000,0.0000,0.0000,-0.5617,-0.5404,-167.3167,0.036,7605,0.0000,0.0000,0.5637,0,2,0.173
49.853,0,1,3,-0.6167,-0.6167,-0.4226,-1.1571,-164.1546,0.0000,0.0000,0.0000,-0.3171,-0.7564,177.3465,0.006,7611,0.0000,0.0000,0.5742,0,2,0.167
49.954,0,1,3,-0.6167,-0.6167,-0.4229,-1.1464,-164.3243,0.0000,0.0000,0.0000,-0.3171,-0.7564,177.3471,0.004,7615,0.0000,0.0000,0.5640,0,2,0.170
50.050,0,1,3,-0.6167,-0.6167,-0.4214,-1.1532,-164.2856,0.0000,0.0000,0.0000,-0.5617,-0.5404,-167.3172,0.006,7620,0.0000,0.0000,0.5709,0,2,0.183
50.150,0,1,3,-0.6167,-0.6167,-0.4229,-1.1469,-164.3007,0.0000,0.0000,0.0000,-0.3170,-0.7564,177.3491,0.004,7624,0.0000,0.0000,0.5646,0,2,0.174
50.251,0,1,3,-0.6167,-0.6167,-0.4214,-1.1539,-164.2590,0.0000,0.0000,0.0000,-0.5617,-0.5404,-167.3172,0.005,7629,0.0000,0.0000,0.5716,0,2,0.183
50.350,0,1,3,-0.6167,-0.6167,-0.4228,-1.1476,-164.2780,0.0000,0.0000,0.0000,-0.3170,-0.7565,177.3506,0.006,7633,0.0000,0.0000,0.5652,0,2,0.173
50.453,0,1,3,-0.6167,-0.6167,-0.4232,-1.1372,-164.4446,0.0000,0.0000,0.0000,-0.3872,-2.1587,-142.0379,0.003,7638,0.0000,0.0000,0.5553,0,2,0.176
50.552,0,1,3,-0.6167,-0.6167,-0.4228,-1.1482,-164.2586,0.0000,0.0000,0.0000,-0.3171,-0.7564,177.3479,0.009,7642,0.0000,0.0000,0.5658,0,2,0.184
50.650,0,1,3,-0.6167,-0.6167,-0.4213,-1.1549,-164.2220,0.0000,0.0000,0.0000,-0.5618,-0.5403,-167.3186,0.003,7647,0.0000,0.0000,0.5726,0,2,0.175
50.751,0,1,3,-0.6167,-0.6167,-0.4228,-1.1484,-164.2446,0.0000,0.0000,0.0000,-0.3171,-0.7564,177.3467,0.006,7651,0.0000,0.0000,0.5660,0,2,0.175
50.852,0,1,3,-0.6167,-0.6167,-0.4213,-1.1550,-164.2090,0.0000,0.0000,0.0000,-0.3872,-2.1587,-142.0393,0.029,7655,0.0000,0.0000,0.5727,0,2,0.169
50.950,0,1,3,-0.6167,-0.6167,-0.4228,-1.1485,-164.2295,0.0000,0.0000,0.0000,-0.3171,-0.7564,177.3457,0.007,7660,0.0000,0.0000,0.5661,0,2,0.168
51.050,0,1,3,-0.6167,-0.6167,-0.4213,-1.1552,-164.1948,0.0000,0.0000,0.0000,-0.5617,-0.5404,-167.3170,0.006,7665,0.0000,0.0000,0.5729,0,2,0.168
51.151,0,1,3,-0.6167,-0.6167,-0.4228,-1.1487,-164.2192,0.0000,0.0000,0.0000,-0.5618,-0.5404,-167.3172,0.040,7668,0.0000,0.0000,0.5662,0,2,0.164
51.250,0,1,3,-0.6167,-0.6167,-0.4228,-1.1488,-164.2086,0.0000,0.0000,0.0000,-0.5618,-0.5404,-167.3170,0.010,7674,0.0000,0.0000,0.5663,0,2,0.181
51.353,0,1,3,-0.6167,-0.6167,-0.4227,-1.1488,-164.2051,0.0000,0.0000,0.0000,-0.3171,-0.7564,177.3461,0.006,7678,0.0000,0.0000,0.5664,0,2,0.177
51.450,0,1,3,-0.6167,-0.6167,-0.4227,-1.1490,-164.1982,0.0000,0.0000,0.0000,-0.5618,-0.5404,-167.3177,0.010,7683,0.0000,0.0000,0.5665,0,2,0.170
51.550,0,1,3,-0.6167,-0.6167,-0.4227,-1.1491,-164.1943,0.0000,0.0000,0.0000,-0.3170,-0.7565,177.3493,0.008,7687,0.0000,0.0000,0.5666,0,2,0.172
51.650,0,1,3,-0.6167,-0.6167,-0.4231,-1.1386,-164.3649,0.0000,0.0000,0.0000,-0.5618,-0.5404,-167.3178,0.009,7691,0.0000,0.0000,0.5566,0,2,0.172
51.752,0,1,3,-0.6167,-0.6167,-0.4227,-1.1497,-164.1794,0.0000,0.0000,0.0000,-0.3170,-0.7565,177.3487,0.010,7696,0.0000,0.0000,0.5672,0,2,0.178
51.850,0,1,3,-0.6167,-0.6167,-0.4227,-1.1498,-164.1722,0.0000,0.0000,0.0000,-0.5618,-0.5404,-167.3180,0.013,7701,0.0000,0.0000,0.5673,0,2,0.177
51.950,0,1,3,-0.6167,-0.6167,-0.4227,-1.1497,-164.1694,0.0000,0.0000,0.0000,-0.3171,-0.7565,177.3472,0.007,7705,0.0000,0.0000,0.5673,0,2,0.174
52.050,0,1,3,-0.6167,-0.6167,-0.4212,-1.1563,-164.1375,0.0000,0.0000,0.0000,-0.3872,-2.1587,-142.0393,0.018,7709,0.0000,0.0000,0.5739,0,2,0.171
52.149,0,1,3,-0.6167,-0.6167,-0.4228,-1.1497,-164.1625,0.0000,0.0000,0.0000,-0.3171,-0.7564,177.3457,0.002,7714,0.0000,0.0000,0.5672,0,2,0.172
52.251,0,1,3,-0.6167,-0.6167,-0.4213,-1.1563,-164.1296,0.0000,0.0000,0.0000,-0.5618,-0.5404,-167.3173,0.007,7719,0.0000,0.0000,0.5739,0,2,0.169
52.351,0,1,3,-0.6167,-0.6167,-0.4228,-1.1498,-164.1552,0.0000,0.0000,0.0000,-0.3171,-0.7564,177.3469,0.008,7723,0.0000,0.0000,0.5673,0,2,0.170
52.450,0,1,3,-0.6167,-0.6167,-0.4213,-1.1564,-164.1224,0.0000,0.0000,0.0000,-0.5618,-0.5404,-167.3157,0.006,7728,0.0000,0.0000,0.5740,0,2,0.176
52.550,0,1,3,-0.6167,-0.6167,-0.4227,-1.1498,-164.1482,0.0000,0.0000,0.0000,-0.5618,-0.5404,-167.3173,0.037,7731,0.0000,0.0000,0.5673,0,2,0.172
52.651,0,1,3,-0.6167,-0.6167,-0.4212,-1.1563,-164.1202,0.0000,0.0000,0.0000,-0.5618,-0.5404,-167.3181,0.009,7737,0.0000,0.0000,0.5740,0,2,0.168
52.750,0,1,3,-0.6167,-0.6167,-0.4227,-1.1498,-164.1470,0.0000,0.0000,0.0000,-0.3171,-0.7565,177.3462,0.009,7741,0.0000,0.0000,0.5673,0,2,0.171
52.850,0,1,3,-0.6167,-0.6167,-0.4231,-1.1391,-164.3229,0.0000,0.0000,0.0000,-0.5618,-0.5404,-167.3169,0.010,7745,0.0000,0.0000,0.5572,0,2,0.171
52.951,0,1,3,-0.6167,-0.6167,-0.4227,-1.1502,-164.1386,0.0000,0.0000,0.0000,-0.3171,-0.7565,177.3473,0.006,7750,0.0000,0.0000,0.5677,0,2,0.174
53.050,0,1,3,-0.6167,-0.6167,-0.4212,-1.1569,-164.1085,0.0000,0.0000,0.0000,-0.5618,-0.5404,-167.3167,0.007,7755,0.0000,0.0000,0.5745,0,2,0.169
53.150,0,1,3,-0.6167,-0.6167,-0.4227,-1.1505,-164.1320,0.0000,0.0000,0.0000,-0.3171,-0.7565,177.3486,0.006,7759,0.0000,0.0000,0.5680,0,2,0.178
53.253,0,1,3,-0.6167,-0.6167,-0.4212,-1.1572,-164.1003,0.0000,0.0000,0.0000,-0.3872,-2.1586,-142.0395,0.025,7763,0.0000,0.0000,0.5748,0,2,0.172
53.353,0,1,3,-0.6167,-0.6167,-0.4227,-1.1505,-164.1256,0.0000,0.0000,0.0000,-0.3171,-0.7565,177.3475,0.007,7768,0.0000,0.0000,0.5680,0,2,0.171
53.452,0,1,3,-0.6167,-0.6167,-0.4212,-1.1571,-164.0961,0.0000,0.0000,0.0000,-0.5618,-0.5404,-167.3162,0.002,7773,0.0000,0.0000,0.5747,0,2,0.172
53.550,0,1,3,-0.6167,-0.6167,-0.4227,-1.1504,-164.1215,0.0000,0.0000,0.0000,-0.3171,-0.7565,177.3473,0.008,7777,0.0000,0.0000,0.5679,0,2,0.170
53.650,0,1,3,-0.6167,-0.6167,-0.4212,-1.1570,-164.0930,0.0000,0.0000,0.0000,-0.5618,-0.5404,-167.3169,0.004,7782,0.0000,0.0000,0.5746,0,2,0.180
53.750,0,1,3,-0.6167,-0.6167,-0.4227,-1.1505,-164.1191,0.0000,0.0000,0.0000,-0.5618,-0.5404,-167.3170,0.045,7785,0.0000,0.0000,0.5679,0,2,0.167
53.850,0,1,3,-0.6167,-0.6167,-0.4227,-1.1504,-164.1183,0.0000,0.0000,0.0000,-0.5618,-0.5404,-167.3158,0.007,7791,0.0000,0.0000,0.5679,0,2,0.174
53.953,0,1,3,-0.6167,-0.6167,-0.4227,-1.1504,-164.1171,0.0000,0.0000,0.0000,-0.3171,-0.7564,177.3461,0.004,7795,0.0000,0.0000,0.5678,0,2,0.171
54.050,0,1,3,-0.6167,-0.6167,-0.4212,-1.1569,-164.0869,0.0000,0.0000,0.0000,-0.5618,-0.5404,-167.3164,0.007,7800,0.0000,0.0000,0.5745,0,2,0.174
54.151,0,1,3,-0.6167,-0.6167,-0.4216,-1.1461,-164.2632,0.0000,0.0000,0.0000,-0.3171,-0.7564,177.3452,0.007,7804,0.0000,0.0000,0.5643,0,2,0.179
54.250,0,1,3,-0.6167,-0.6167,-0.4227,-1.1505,-164.1056,0.0000,0.0000,0.0000,-0.5618,-0.5404,-167.3166,0.013,7809,0.0000,0.0000,0.5680,0,2,0.170
54.351,0,1,3,-0.6167,-0.6167,-0.4227,-1.1506,-164.1031,0.0000,0.0000,0.0000,-0.3171,-0.7564,177.3462,0.007,7813,0.0000,0.0000,0.5681,0,2,0.166
54.450,0,1,3,-0.6167,-0.6167,-0.4230,-1.1400,-164.2771,0.0000,0.0000,0.0000,-0.3873,-2.1586,-142.0422,0.003,7818,0.0000,0.0000,0.5580,0,2,0.180
54.552,0,1,3,-0.6167,-0.6167,-0.4227,-1.1509,-164.0905,0.0000,0.0000,0.0000,-0.3171,-0.7564,177.3470,0.006,7822,0.0000,0.0000,0.5684,0,2,0.175
54.650,0,1,3,-0.6167,-0.6167,-0.4212,-1.1575,-164.0610,0.0000,0.0000,0.0000,-0.3873,-2.1586,-142.0413,0.026,7826,0.0000,0.0000,0.5751,0,2,0.178
54.753,0,1,3,-0.6167,-0.6167,-0.4227,-1.1508,-164.0873,0.0000,0.0000,0.0000,-0.3171,-0.7564,177.3471,0.007,7831,0.0000,0.0000,0.5683,0,2,0.173
54.850,0,1,3,-0.6167,-0.6167,-0.4212,-1.1572,-164.0593,0.0000,0.0000,0.0000,-0.3873,-2.1586,-142.0411,0.027,7835,0.0000,0.0000,0.5748,0,2,0.168
54.951,0,1,3,-0.6167,-0.6167,-0.4227,-1.1506,-164.0839,0.0000,0.0000,0.0000,-0.3171,-0.7564,177.3458,0.009,7840,0.0000,0.0000,0.5681,0,2,0.175
55.050,0,1,3,-0.6167,-0.6167,-0.4212,-1.1572,-164.0535,0.0000,0.0000,0.0000,-0.5618,-0.5404,-167.3166,0.005,7845,0.0000,0.0000,0.5748,0,2,0.183
55.150,0,1,3,-0.6167,-0.6167,-0.4227,-1.1506,-164.0793,0.0000,0.0000,0.0000,-0.3171,-0.7564,177.3466,0.010,7849,0.0000,0.0000,0.5681,0,2,0.172
55.250,0,1,3,-0.6167,-0.6167,-0.4227,-1.1507,-164.0763,0.0000,0.0000,0.0000,-0.5618,-0.5404,-167.3179,0.014,7854,0.0000,0.0000,0.5681,0,2,0.179
55.350,0,1,3,-0.6167,-0.6167,-0.4227,-1.1506,-164.0764,0.0000,0.0000,0.0000,-0.5618,-0.5404,-167.3167,0.041,7857,0.0000,0.0000,0.5681,0,2,0.172
55.450,0,1,3,-0.6167,-0.6167,-0.4212,-1.1571,-164.0496,0.0000,0.0000,0.0000,-0.5618,-0.5404,-167.3168,0.007,7863,0.0000,0.0000,0.5747,0,2,0.170
55.551,0,1,3,-0.6167,-0.6167,-0.4227,-1.1505,-164.0754,0.0000,0.0000,0.0000,-0.3171,-0.7565,177.3475,0.008,7867,0.0000,0.0000,0.5680,0,2,0.179
55.651,0,1,3,-0.6167,-0.6167,-0.4230,-1.1400,-164.2485,0.0000,0.0000,0.0000,-0.5618,-0.5404,-167.3149,0.012,7871,0.0000,0.0000,0.5580,0,2,0.171
55.750,0,1,3,-0.6167,-0.6167,-0.4227,-1.1510,-164.0680,0.0000,0.0000,0.0000,-0.3171,-0.7564,177.3467,0.009,7876,0.0000,0.0000,0.5685,0,2,0.172
55.850,0,1,3,-0.6167,-0.6167,-0.4227,-1.1512,-164.0659,0.0000,0.0000,0.0000,-0.5618,-0.5404,-167.3146,0.010,7881,0.0000,0.0000,0.5686,0,2,0.174
55.950,0,1,3,-0.6167,-0.6167,-0.4227,-1.1512,-164.0663,0.0000,0.0000,0.0000,-0.3171,-0.7564,177.3467,0.008,7885,0.0000,0.0000,0.5686,0,2,0.178
56.050,0,1,3,-0.6167,-0.6167,-0.4212,-1.1576,-164.0380,0.0000,0.0000,0.0000,-0.3873,-2.1586,-142.0427,0.023,7889,0.0000,0.0000,0.5752,0,2,0.175
56.150,0,1,3,-0.6167,-0.6167,-0.4227,-1.1509,-164.0638,0.0000,0.0000,0.0000,-0.3171,-0.7565,177.3467,0.007,7894,0.0000,0.0000,0.5683,0,2,0.174
56.251,0,1,3,-0.6167,-0.6167,-0.4212,-1.1574,-164.0347,0.0000,0.0000,0.0000,-0.3873,-2.1586,-142.0423,0.025,7898,0.0000,0.0000,0.5750,0,2,0.175
56.352,0,1,3,-0.6167,-0.6167,-0.4227,-1.1508,-164.0606,0.0000,0.0000,0.0000,-0.3171,-0.7565,177.3461,0.010,7903,0.0000,0.0000,0.5683,0,2,0.171
56.450,0,1,3,-0.6167,-0.6167,-0.4227,-1.1509,-164.0586,0.0000,0.0000,0.0000,-0.5618,-0.5404,-167.3171,0.009,7908,0.0000,0.0000,0.5683,0,2,0.157
56.550,0,1,3,-0.6167,-0.6167,-0.4227,-1.1508,-164.0604,0.0000,0.0000,0.0000,-0.5618,-0.5404,-167.3168,0.036,7911,0.0000,0.0000,0.5683,0,2,0.180
56.650,0,1,3,-0.6167,-0.6167,-0.4238,-1.1550,-163.9099,0.0000,0.0000,0.0000,-0.3171,-0.7565,177.3466,0.006,7917,0.0000,0.0000,0.5718,0,2,0.175
56.761,0,2,0,-0.6167,-0.6167,-0.4227,-1.1507,-164.0660,0.0000,0.0000,0.0000,-0.5618,-0.5404,-167.3154,0.047,7920,0.0000,0.0000,0.5682,0,2,0.171
56.850,0,2,0,-0.6167,-0.6167,-0.4221,-1.1564,-164.1031,0.0000,0.0000,0.0000,-0.5618,-0.5404,-167.3157,0.007,7926,0.0272,-0.0822,0.5737,0,2,0.172
56.950,0,2,0,-0.6167,-0.6167,-0.4280,-1.1434,-165.7684,0.0000,0.0000,0.0000,-0.3874,-2.1586,-142.0477,0.030,7929,0.0067,-0.1047,0.5595,0,2,0.156
57.050,0,2,0,-0.6167,-0.6167,-0.4290,-1.1591,-167.2677,0.0000,0.0000,0.0000,-0.3234,-2.3384,-139.5788,0.022,7931,-0.0123,-0.1124,0.5740,0,2,0.117
57.151,0,2,0,-0.6167,-0.6167,-0.4319,-1.1499,-168.8604,0.0000,0.0000,0.0000,-0.5114,-0.7395,177.4397,0.005,7935,0.0099,-0.1033,0.5643,0,2,0.165
57.250,0,2,0,-0.6167,-0.6167,-0.4323,-1.1628,-169.9562,0.0000,0.0000,0.0000,-0.2198,-2.5663,-136.2780,0.015,7938,0.0253,-0.0713,0.5764,0,2,0.149
57.352,0,2,0,-0.6167,-0.6167,-0.4365,-1.1575,-171.0300,0.0000,0.0000,0.0000,-0.5163,-0.7092,174.7486,0.006,7942,0.0249,-0.0779,0.5701,0,2,0.162
57.450,0,2,0,-0.6167,-0.6167,-0.4418,-1.1399,-172.3052,0.0000,0.0000,0.0000,-0.5209,-0.6972,174.2429,0.040,7943,0.0062,-0.1156,0.5517,0,2,0.147
57.552,0,2,0,-0.6167,-0.6167,-0.4453,-1.1245,-173.1444,0.0000,0.0000,0.0000,-0.5269,-0.6761,173.5020,0.009,7945,0.0111,-0.1109,0.5360,0,2,0.160
57.650,0,2,0,-0.6167,-0.6167,-0.4494,-1.1029,-174.4198,0.0000,0.0000,0.0000,-0.5288,-0.6662,173.2290,0.039,7946,0.0095,-0.1129,0.5142,0,2,0.154
57.752,0,2,0,-0.6167,-0.6167,-0.4525,-1.0864,-175.0103,0.0000,0.0000,0.0000,-0.5328,-0.6415,172.4116,0.009,7948,0.0090,-0.1138,0.4976,0,2,0.151
57.851,0,2,0,-0.6167,-0.6167,-0.4556,-1.0698,-175.2462,0.0000,0.0000,0.0000,-0.5326,-0.6330,172.2182,0.006,7949,0.0130,-0.1101,0.4809,0,2,0.161
57.951,0,2,0,-0.6167,-0.6167,-0.4597,-1.0485,-175.6222,0.0000,0.0000,0.0000,-0.5316,-0.6268,172.2061,0.042,7950,0.0275,-0.0782,0.4595,0,2,0.164
58.050,0,2,0,-0.6167,-0.6167,-0.4647,-1.0295,-175.9971,0.0000,0.0000,0.0000,-0.5442,-0.6003,172.7635,0.026,7952,0.0279,-0.0805,0.4399,0,2,0.169
58.156,0,2,0,-0.6167,-0.6167,-0.4689,-1.0160,-176.0621,0.0000,0.0000,0.0000,-0.5425,-0.5946,172.5888,0.051,7953,0.0280,-0.0720,0.4258,0,2,0.152
58.250,0,2,0,-0.6167,-0.6167,-0.4738,-0.9973,-176.2297,0.0000,0.0000,0.0000,-0.5446,-0.5919,172.4537,0.027,7955,0.0285,-0.0759,0.4066,0,2,0.160
58.351,0,2,0,-0.6167,-0.6167,-0.4776,-0.9833,-176.4157,0.0000,0.0000,0.0000,-0.5438,-0.5810,172.2746,0.006,7957,0.0182,-0.1064,0.3921,0,2,0.170
58.451,0,2,0,-0.6167,-0.6167,-0.4818,-0.9622,-176.5785,0.0000,0.0000,0.0000,-0.5497,-0.5638,172.8596,0.040,7958,0.0297,-0.0550,0.3709,0,2,0.119
58.550,0,2,0,-0.6167,-0.6167,-0.4858,-0.9508,-176.4804,0.0000,0.0000,0.0000,-0.5470,-0.5582,172.7962,0.008,7960,0.0298,-0.0539,0.3589,0,2,0.117
58.650,0,2,0,-0.6167,-0.6167,-0.4904,-0.9342,-176.7682,0.0000,0.0000,0.0000,-0.5458,-0.5534,172.7570,0.042,7961,0.0304,-0.0538,0.3417,0,2,0.117
58.752,0,2,0,-0.6167,-0.6167,-0.4943,-0.9233,-176.7841,0.0000,0.0000,0.0000,-0.5466,-0.5519,172.6899,0.066,7962,0.0305,-0.0537,0.3301,0,2,0.117
58.850,0,2,0,-0.6167,-0.6167,-0.4989,-0.9068,-176.9325,0.0000,0.0000,0.0000,-0.5571,-0.5339,173.2907,0.040,7964,0.0310,-0.0536,0.3131,0,2,0.117
58.951,0,2,0,-0.6167,-0.6167,-0.5029,-0.8959,-176.8716,0.0000,0.0000,0.0000,-0.5573,-0.5319,173.2623,0.007,7966,0.0311,-0.0535,0.3015,0,2,0.117
59.050,0,2,0,-0.6167,-0.6167,-0.5075,-0.8795,-176.9970,0.0000,0.0000,0.0000,-0.5576,-0.5314,173.2346,0.039,7967,0.0318,-0.0533,0.2846,0,2,0.117
59.152,0,2,0,-0.6167,-0.6167,-0.5116,-0.8689,-177.0181,0.0000,0.0000,0.0000,-0.5652,-0.5187,173.5658,0.006,7969,0.0319,-0.0533,0.2732,0,2,0.117
59.250,0,2,0,-0.6167,-0.6167,-0.5162,-0.8528,-177.1055,0.0000,0.0000,0.0000,-0.5654,-0.5184,173.5529,0.032,7970,0.0326,-0.0530,0.2567,0,2,0.117
59.350,0,2,0,-0.6167,-0.6167,-0.5203,-0.8424,-177.0163,0.0000,0.0000,0.0000,-0.5661,-0.5171,173.4912,0.055,7971,0.0147,-0.1125,0.2454,0,2,0.149
59.450,0,2,0,-0.6167,-0.6167,-0.5235,-0.8228,-177.2645,0.0000,0.0000,0.0000,-0.5668,-0.5156,173.4285,0.018,7973,0.0159,-0.1125,0.2262,0,2,0.147
59.550,0,2,0,-0.6167,-0.6167,-0.5268,-0.8072,-177.7107,0.0000,0.0000,0.0000,-0.5779,-0.4869,173.8324,0.008,7975,0.0200,-0.1095,0.2106,0,2,0.154
59.650,0,2,0,-0.6167,-0.6167,-0.5306,-0.7863,-177.5736,0.0000,0.0000,0.0000,-0.5795,-0.4839,173.6915,0.039,7976,0.0548,-0.0538,0.1902,0,2,0.117
59.751,0,2,0,-0.6167,-0.6167,-0.5351,-0.7643,-177.6414,0.0000,0.0000,0.0000,-0.5828,-0.4695,174.1052,0.010,7980,0.0580,-0.0524,0.1686,0,2,0.117
59.850,0,2,0,-0.6167,-0.6167,-0.5414,-0.7454,-177.8186,0.0000,0.0000,0.0000,-0.5795,-0.4650,174.2674,0.041,7982,0.0602,-0.0513,0.1491,0,2,0.117
59.951,0,2,0,-0.6167,-0.6167,-0.5469,-0.7278,-177.7560,0.0000,0.0000,0.0000,-0.5795,-0.4649,174.2700,0.004,7986,0.0178,-0.1175,0.1312,0,2,0.117
60.050,0,2,0,-0.6167,-0.6167,-0.5503,-0.7069,-177.8087,0.0000,0.0000,0.0000,-0.5806,-0.4640,174.2193,0.036,7988,0.0216,-0.1020,0.1120,0,2,0.117
60.150,0,2,0,-0.6167,-0.6167,-0.5532,-0.6930,-177.9320,0.0000,0.0000,0.0000,-0.5838,-0.4591,173.9805,0.003,7990,0.0230,-0.0878,0.0992,0,2,0.117
60.253,0,2,0,-0.6167,-0.6167,-0.5568,-0.6769,-177.6428,0.0000,0.0000,0.0000,-0.6032,-0.4309,175.3423,0.043,7991,0.0644,-0.0315,0.0850,0,2,0.117
60.353,0,2,0,-0.6167,-0.6167,-0.5615,-0.6673,-177.4250,0.0000,0.0000,0.0000,-0.6015,-0.4322,175.4361,0.003,7993,0.0236,-0.0611,0.0749,0,2,0.117
60.450,0,2,1,-0.6167,-1.2333,-0.5646,-0.6540,-177.3562,0.0000,0.0000,0.0000,-0.6072,-0.4146,175.9525,0.037,7994,0.0453,0.1281,0.5816,0,2,0.117
60.550,0,2,1,-0.6167,-1.2333,-0.5665,-0.6494,-177.2617,0.0000,0.0000,0.0000,-0.5495,-0.4002,174.7602,0.022,7997,0.0449,0.1281,0.5860,0,2,0.117
60.651,0,2,1,-0.6167,-1.2333,-0.5696,-0.6491,-177.5314,0.0000,0.0000,0.0000,-0.6031,-0.4207,176.2784,0.022,8000,-0.0143,0.0695,0.5861,0,2,0.117
60.750,0,2,1,-0.6167,-1.2333,-0.5677,-0.6445,-177.3719,0.0000,0.0000,0.0000,-0.5500,-0.4014,174.9354,0.033,8003,-0.0141,0.0695,0.5908,0,2,0.117
60.850,0,2,1,-0.6167,-1.2333,-0.5676,-0.6447,-177.2699,0.0000,0.0000,0.0000,-0.6202,-0.4386,177.0837,0.023,8005,-0.0141,0.0695,0.5907,0,2,0.117
60.951,0,2,1,-0.6167,-1.2333,-0.5666,-0.6483,-177.2238,0.0000,0.0000,0.0000,-0.6064,-0.4582,176.6844,0.007,8007,-0.0139,0.0694,0.5872,0,2,0.117
61.051,0,2,1,-0.6167,-1.2333,-0.5660,-0.6492,-177.1875,0.0000,0.0000,0.0000,-0.6077,-0.4633,176.8143,0.035,8008,-0.0137,0.0694,0.5864,0,2,0.117
61.151,0,2,1,-0.6167,-1.2333,-0.5649,-0.6531,-176.9535,0.0000,0.0000,0.0000,-0.6097,-0.4720,177.1597,0.010,8010,-0.0061,0.0768,0.5826,0,2,0.138
61.251,0,2,1,-0.6167,-1.2333,-0.5656,-0.6554,-176.8776,0.0000,0.0000,0.0000,-0.6082,-0.4783,177.4131,0.039,8011,0.0158,0.0987,0.5802,0,2,0.247
61.351,0,2,1,-0.6167,-1.2333,-0.5671,-0.6624,-176.8310,0.0000,0.0000,0.0000,-0.6086,-0.4888,177.5927,0.007,8013,0.0156,0.0988,0.5731,0,2,0.233
61.450,0,2,1,-0.6167,-1.2333,-0.5695,-0.6643,-177.0808,0.0000,0.0000,0.0000,-0.6107,-0.4964,177.5656,0.043,8015,0.0261,0.1252,0.5710,0,2,0.143
61.551,0,2,1,-0.6167,-1.2333,-0.5721,-0.6659,-177.2096,0.0000,0.0000,0.0000,-0.6069,-0.5164,177.3502,0.013,8019,-0.0235,0.0830,0.5691,0,2,0.117
61.650,0,2,1,-0.6167,-1.2333,-0.5706,-0.6722,-177.1367,0.0000,0.0000,0.0000,-0.5554,-0.4573,176.3105,0.053,8020,-0.0232,0.0830,0.5631,0,2,0.117
61.750,0,2,1,-0.6167,-1.2333,-0.5678,-0.6770,-177.0460,0.0000,0.0000,0.0000,-0.5560,-0.4584,176.3166,0.004,8022,-0.0226,0.0829,0.5585,0,2,0.117
61.850,0,2,1,-0.6167,-1.2333,-0.5649,-0.6783,-177.0423,0.0000,0.0000,0.0000,-0.5565,-0.4594,176.4107,0.019,8023,-0.0221,0.0828,0.5575,0,2,0.117
61.950,0,2,1,-0.6167,-1.2333,-0.5622,-0.6827,-176.8951,0.0000,0.0000,0.0000,-0.5566,-0.4594,176.3729,0.040,8024,-0.0049,0.0896,0.5534,0,2,0.153
62.050,0,2,1,-0.6167,-1.2333,-0.5615,-0.6842,-176.7895,0.0000,0.0000,0.0000,-0.5572,-0.4609,176.5202,0.041,8026,0.0191,0.0935,0.5519,0,2,0.189
62.150,0,2,1,-0.6167,-1.2333,-0.5660,-0.6873,-176.9100,0.0000,0.0000,0.0000,-0.5958,-0.5877,177.7902,0.059,8028,-0.0143,0.0987,0.5484,0,2,0.139
62.250,0,2,1,-0.6167,-1.2333,-0.5657,-0.6937,-176.8622,0.0000,0.0000,0.0000,-0.5985,-0.5996,177.9560,0.015,8030,-0.0251,0.0987,0.5421,0,2,0.117
62.350,0,2,1,-0.6167,-1.2333,-0.5634,-0.7018,-176.7721,0.0000,0.0000,0.0000,-0.5991,-0.6136,178.1217,0.004,8032,-0.0246,0.0986,0.5342,0,2,0.117
62.450,0,2,1,-0.6167,-1.2333,-0.5616,-0.7086,-176.5846,0.0000,0.0000,0.0000,-0.5948,-0.6196,178.4094,0.040,8033,-0.0241,0.0985,0.5276,0,2,0.117
62.550,0,2,1,-0.6167,-1.2333,-0.5602,-0.7170,-176.5274,0.0000,0.0000,0.0000,-0.5864,-0.6395,178.1856,0.003,8035,0.0216,0.0892,0.5194,0,2,0.180
62.650,0,2,1,-0.6167,-1.2333,-0.5628,-0.7235,-176.7988,0.0000,0.0000,0.0000,-0.5804,-0.6564,177.7999,0.043,8036,0.0249,0.0804,0.5127,0,2,0.161
62.752,0,2,1,-0.6167,-1.2333,-0.5644,-0.7312,-176.6065,0.0000,0.0000,0.0000,-0.5857,-0.6661,177.9061,0.011,8038,-0.0210,0.1144,0.5048,0,2,0.117
62.850,0,2,1,-0.6167,-1.2333,-0.5632,-0.7401,-176.5922,0.0000,0.0000,0.0000,-0.5876,-0.6749,178.0984,0.041,8039,-0.0206,0.1143,0.4961,0,2,0.117
62.952,0,2,1,-0.6167,-1.2333,-0.5635,-0.7434,-176.4821,0.0000,0.0000,0.0000,-0.5822,-0.6975,177.8850,0.008,8042,-0.0206,0.1143,0.4928,0,2,0.117
63.050,0,2,1,-0.6167,-1.2333,-0.5640,-0.7466,-176.2720,0.0000,0.0000,0.0000,-0.5873,-0.7059,177.9782,0.039,8044,-0.0169,0.1128,0.4896,0,2,0.125
63.151,0,2,1,-0.6167,-1.2333,-0.5649,-0.7507,-176.2154,0.0000,0.0000,0.0000,-0.5827,-0.7173,178.4482,0.009,8047,0.0047,0.1038,0.4854,0,2,0.172
63.250,0,2,1,-0.6167,-1.2333,-0.5677,-0.7545,-176.2107,0.0000,0.0000,0.0000,-0.6885,-0.3993,-165.5111,0.010,8049,0.0171,0.0985,0.4813,0,2,0.227
63.350,0,2,1,-0.6167,-1.2333,-0.5711,-0.7580,-176.1708,0.0000,0.0000,0.0000,-0.6847,-0.4155,-165.8583,0.042,8051,0.0458,0.0693,0.4775,0,2,0.117
63.451,0,2,1,-0.6167,-1.2333,-0.5766,-0.7601,-175.9986,0.0000,0.0000,0.0000,-0.6752,-0.4437,-166.4682,0.010,8055,0.0448,0.0695,0.4749,0,2,0.117
63.550,0,2,1,-0.6167,-1.2333,-0.5832,-0.7578,-175.7781,0.0000,0.0000,0.0000,-0.6799,-0.4537,-166.3621,0.045,8057,0.0433,0.0697,0.4767,0,2,0.117
63.650,0,2,1,-0.6167,-1.2333,-0.5884,-0.7610,-175.9126,0.0000,0.0000,0.0000,-0.6734,-0.4727,-166.9228,0.006,8061,0.0423,0.0698,0.4731,0,2,0.117
63.750,0,2,1,-0.6167,-1.2333,-0.5944,-0.7599,-175.7357,0.0000,0.0000,0.0000,-0.5951,-0.7828,178.2424,0.009,8064,0.0410,0.0700,0.4739,0,2,0.117
63.852,0,2,1,-0.6167,-1.2333,-0.5981,-0.7648,-175.9683,0.0000,0.0000,0.0000,-0.6777,-0.4888,-167.0808,0.010,8067,-0.0184,0.1287,0.4689,0,2,0.117
63.952,0,2,1,-0.6167,-1.2333,-0.5977,-0.7683,-175.9485,0.0000,0.0000,0.0000,-0.5993,-0.8067,177.5953,0.013,8071,-0.0183,0.1287,0.4654,0,2,0.117
64.050,0,2,1,-0.6167,-1.2333,-0.5973,-0.7777,-176.1642,0.0000,0.0000,0.0000,-0.5559,-0.7561,-179.6416,0.008,8075,0.0496,0.0835,0.4560,0,2,0.117
64.152,0,2,1,-0.6167,-1.2333,-0.6018,-0.7799,-176.2342,0.0000,0.0000,0.0000,-0.6013,-0.8234,177.9187,0.010,8080,0.0486,0.0836,0.4537,0,2,0.117
64.250,0,2,1,-0.6167,-1.2333,-0.6057,-0.7861,-176.1134,0.0000,0.0000,0.0000,-0.5584,-0.7858,-179.5687,0.020,8084,0.0478,0.0837,0.4474,0,2,0.117
64.354,0,2,1,-0.6167,-1.2333,-0.6097,-0.7915,-176.1749,0.0000,0.0000,0.0000,-0.6692,-0.5623,-168.3281,0.015,8088,0.0220,0.0941,0.4419,0,2,0.171
64.451,0,2,1,-0.6167,-1.2333,-0.6118,-0.8000,-176.2622,0.0000,0.0000,0.0000,-0.5470,-0.8011,179.2820,0.016,8093,0.0081,0.0997,0.4334,0,2,0.427
64.552,0,2,1,-0.6167,-1.2333,-0.6133,-0.8044,-176.2860,0.0000,0.0000,0.0000,-0.6166,-0.8632,177.9988,0.011,8098,0.0298,0.0997,0.4290,0,2,0.156
64.651,0,2,1,-0.6167,-1.2333,-0.6144,-0.8143,-176.3239,0.0000,0.0000,0.0000,-0.6703,-0.6107,-169.0716,0.004,8103,0.0490,0.0997,0.4190,0,2,0.117
64.752,0,2,1,-0.6167,-1.2333,-0.6187,-0.8236,-176.4208,0.0000,0.0000,0.0000,-0.6165,-0.9032,177.0439,0.003,8106,0.0480,0.0998,0.4097,0,2,0.117
64.851,0,2,1,-0.6167,-1.2333,-0.6220,-0.8335,-176.6098,0.0000,0.0000,0.0000,-0.6707,-0.6445,-169.6927,0.007,8111,0.0472,0.0998,0.3999,0,2,0.117
64.950,0,2,1,-0.6167,-1.2333,-0.6245,-0.8460,-176.3433,0.0000,0.0000,0.0000,-0.5303,-1.3043,-170.8401,0.019,8115,-0.0040,0.1216,0.3874,0,2,0.153
65.050,0,2,1,-0.6167,-1.2333,-0.6226,-0.8624,-176.4074,0.0000,0.0000,0.0000,-0.6756,-0.6727,-169.9047,0.007,8122,0.0006,0.1114,0.3709,0,2,0.175
65.150,0,2,1,-0.6167,-1.2333,-0.6210,-0.8806,-176.1924,0.0000,0.0000,0.0000,-0.6322,-0.9408,177.4527,0.009,8128,0.0220,0.1065,0.3528,0,2,0.165
65.251,0,2,1,-0.6167,-1.2333,-0.6223,-0.8959,-176.1426,0.0000,0.0000,0.0000,-0.6679,-0.7106,-170.4906,0.008,8133,0.0437,0.1157,0.3375,0,2,0.117
65.351,0,2,1,-0.6167,-1.2333,-0.6234,-0.9137,-175.9799,0.0000,0.0000,0.0000,-0.6338,-0.9834,176.6123,0.006,8140,0.0433,0.1158,0.3197,0,2,0.117
65.451,0,2,1,-0.6167,-1.2333,-0.6251,-0.9289,-176.2604,0.0000,0.0000,0.0000,-0.6688,-0.7404,-170.9563,0.010,8146,0.0043,0.0999,0.3045,0,2,0.229
65.550,0,2,1,-0.6167,-1.2333,-0.6245,-0.9445,-176.0982,0.0000,0.0000,0.0000,-0.6440,-1.0130,176.2856,0.003,8152,0.0126,0.1034,0.2889,0,2,0.182
65.650,0,2,1,-0.6167,-1.2333,-0.6244,-0.9580,-175.9713,0.0000,0.0000,0.0000,-0.5740,-0.9447,179.0528,0.028,8157,0.0047,0.1001,0.2754,0,2,0.199
65.751,0,2,1,-0.6167,-1.2333,-0.6240,-0.9671,-176.0578,0.0000,0.0000,0.0000,-0.6356,-0.8326,-174.7264,0.008,8163,0.0043,0.0999,0.2664,0,2,0.286
65.850,0,2,1,-0.6167,-1.2333,-0.6232,-0.9757,-176.1767,0.0000,0.0000,0.0000,-0.6057,-0.9488,-178.2631,0.009,8168,0.0045,0.0999,0.2577,0,2,0.417
65.951,0,2,1,-0.6167,-1.2333,-0.6224,-0.9837,-176.2816,0.0000,0.0000,0.0000,-0.6351,-0.8571,-174.9145,0.005,8172,0.0047,0.0999,0.2497,0,2,0.289
66.050,0,2,1,-0.6167,-1.2333,-0.6215,-0.9906,-176.2376,0.0000,0.0000,0.0000,-0.6096,-0.9749,-178.4590,0.013,8177,0.0096,0.1045,0.2428,0,2,0.187
66.151,0,2,1,-0.6167,-1.2333,-0.6215,-1.0020,-176.3403,0.0000,0.0000,0.0000,-0.6105,-0.9833,-178.5607,0.040,8180,0.0152,0.1101,0.2314,0,2,0.171
66.251,0,2,1,-0.6167,-1.2333,-0.6207,-1.0160,-176.4809,0.0000,0.0000,0.0000,-0.6128,-1.0008,-178.6712,0.007,8187,0.0051,0.0999,0.2174,0,2,0.223
66.350,0,2,1,-0.6167,-1.2333,-0.6187,-1.0318,-176.2166,0.0000,0.0000,0.0000,-0.6371,-0.9068,-174.9791,0.003,8193,0.0060,0.0998,0.2015,0,2,0.206
66.453,0,2,1,-0.6167,-1.2333,-0.6179,-1.0425,-176.1755,0.0000,0.0000,0.0000,-0.5774,-1.0275,179.2294,0.003,8199,0.0064,0.0998,0.1909,0,2,0.223
66.551,0,2,1,-0.6167,-1.2333,-0.6192,-1.0513,-176.3411,0.0000,0.0000,0.0000,-0.6429,-0.9209,-174.4049,0.010,8205,0.0056,0.0998,0.1821,0,2,0.250
66.650,0,2,1,-0.6167,-1.2333,-0.6215,-1.0598,-176.5184,0.0000,0.0000,0.0000,-0.6217,-1.0553,-178.9772,0.010,8211,0.0043,0.0999,0.1736,0,2,0.210
66.750,0,2,1,-0.6167,-1.2333,-0.6254,-1.0650,-176.5244,0.0000,0.0000,0.0000,-0.6472,-1.1799,175.1674,0.006,8217,0.0018,0.1000,0.1686,0,2,0.230
66.850,0,2,1,-0.6167,-1.2333,-0.6273,-1.0751,-176.8175,0.0000,0.0000,0.0000,-0.5790,-1.0702,179.3299,0.028,8222,0.0003,0.1000,0.1586,0,2,0.307
66.951,0,2,1,-0.6167,-1.2333,-0.6246,-1.0904,-176.6426,0.0000,0.0000,0.0000,-0.6287,-0.9944,-175.6400,0.002,8229,0.0015,0.1000,0.1432,0,2,0.306
67.051,0,2,1,-0.6167,-1.2333,-0.6225,-1.1024,-176.3460,0.0000,0.0000,0.0000,-0.6289,-1.1107,-178.8827,0.003,8235,0.0026,0.1000,0.1311,0,2,0.385
67.151,0,2,1,-0.6167,-1.2333,-0.6215,-1.1167,-176.3822,0.0000,0.0000,0.0000,-0.6269,-1.0235,-175.4726,0.005,8240,0.0027,0.0933,0.1167,0,2,0.395
67.249,0,2,1,-0.6167,-1.2333,-0.6191,-1.1301,-176.3963,0.0000,0.0000,0.0000,-0.6335,-1.1370,-179.0387,0.015,8247,0.0038,0.0825,0.1033,0,2,0.381
67.352,0,2,1,-0.6167,-1.2333,-0.6188,-1.1403,-176.2236,0.0000,0.0000,0.0000,-0.5477,-1.4305,-172.0961,0.006,8252,0.0035,0.0743,0.0930,0,2,0.399
67.450,0,2,1,-0.6167,-1.2333,-0.6169,-1.1512,-176.1124,0.0000,0.0000,0.0000,-0.6526,-1.0202,-172.7804,0.006,8259,0.0044,0.0655,0.0821,0,2,0.384
67.550,0,2,1,-0.6167,-1.2333,-0.6158,-1.1611,-176.0458,0.0000,0.0000,0.0000,-0.5539,-1.4552,-171.7726,0.019,8264,0.0048,0.0576,0.0722,0,2,0.401
67.651,0,2,2,0.0000,-1.2333,-0.6143,-1.1655,-176.1162,0.0000,0.0000,0.0000,-0.6394,-1.1753,-179.0774,0.015,8271,-0.0984,0.0179,0.6181,0,2,0.397
67.750,0,2,2,0.0000,-1.2333,-0.6045,-1.1716,-175.8613,0.0000,0.0000,0.0000,-0.6224,-1.0762,-175.5584,0.007,8277,-0.0985,0.0171,0.6076,0,2,0.400
67.850,0,2,2,0.0000,-1.2333,-0.5959,-1.1722,-175.8927,0.0000,0.0000,0.0000,-0.6302,-1.1851,-178.8573,0.008,8283,-0.0985,0.0172,0.5990,0,2,0.312
67.950,0,2,2,0.0000,-1.2333,-0.5852,-1.1779,-175.8409,0.0000,0.0000,0.0000,-0.6068,-1.0804,-175.1735,0.007,8289,-0.0986,0.0164,0.5878,0,2,0.301
68.052,0,2,2,0.0000,-1.2333,-0.5761,-1.1785,-176.0748,0.0000,0.0000,0.0000,-0.5500,-1.1537,-179.9162,0.005,8295,-0.0986,0.0164,0.5787,0,2,0.272
68.151,0,2,2,0.0000,-1.2333,-0.5656,-1.1807,-176.0583,0.0000,0.0000,0.0000,-0.5874,-1.0730,-175.0701,0.006,8300,-0.0987,0.0162,0.5681,0,2,0.257
68.252,0,2,2,0.0000,-1.2333,-0.5560,-1.1793,-176.0430,0.0000,0.0000,0.0000,-0.5300,-1.1560,-179.9757,0.028,8304,-0.0986,0.0166,0.5586,0,2,0.291
68.350,0,2,2,0.0000,-1.2333,-0.5469,-1.1779,-175.8979,0.0000,0.0000,0.0000,-0.5567,-1.1115,-176.4401,0.003,8309,-0.0985,0.0170,0.5497,0,2,0.281
68.450,0,2,2,0.0000,-1.2333,-0.5369,-1.1774,-176.0456,0.0000,0.0000,0.0000,-0.5059,-1.1509,179.9551,0.018,8313,-0.0985,0.0173,0.5398,0,2,0.287
68.551,0,2,2,0.0000,-1.2333,-0.5275,-1.1779,-175.9597,0.0000,0.0000,0.0000,-0.5408,-1.1124,-176.1166,0.007,8318,-0.0985,0.0174,0.5304,0,2,0.284
68.650,0,2,2,0.0000,-1.2333,-0.5178,-1.1776,-176.0088,0.0000,0.0000,0.0000,-0.5536,-1.1973,-178.6755,0.018,8323,-0.0984,0.0177,0.5208,0,2,0.331
68.753,0,2,2,0.0000,-1.2333,-0.5089,-1.1778,-176.0983,0.0000,0.0000,0.0000,-0.4713,-1.1501,179.8638,0.002,8327,-0.0984,0.0178,0.5119,0,2,0.346
68.854,0,2,2,0.0000,-1.2333,-0.4984,-1.1780,-176.0905,0.0000,0.0000,0.0000,-0.5344,-1.2005,-178.5622,0.016,8332,-0.0984,0.0180,0.5014,0,2,0.336
68.953,0,2,2,0.0000,-1.2333,-0.4890,-1.1786,-176.1441,0.0000,0.0000,0.0000,-0.4509,-1.1497,179.6716,0.002,8336,-0.0984,0.0181,0.4920,0,2,0.368
69.052,0,2,2,0.0000,-1.2333,-0.4789,-1.1785,-176.2388,0.0000,0.0000,0.0000,-0.5124,-1.2024,-178.5245,0.012,8341,-0.0983,0.0183,0.4820,0,2,0.393
69.150,0,2,2,0.0000,-1.2333,-0.4694,-1.1795,-176.2073,0.0000,0.0000,0.0000,-0.4769,-1.1354,-176.7859,0.006,8345,-0.0983,0.0183,0.4725,0,2,0.330
69.252,0,2,2,0.0000,-1.2333,-0.4597,-1.1801,-176.1527,0.0000,0.0000,0.0000,-0.4226,-1.1507,179.6831,0.002,8350,-0.0983,0.0184,0.4627,0,2,0.287
69.351,0,2,2,0.0000,-1.2333,-0.4497,-1.1806,-176.1224,0.0000,0.0000,0.0000,-0.4569,-1.1431,-176.7267,0.007,8354,-0.0983,0.0186,0.4527,0,2,0.274
69.452,0,2,2,0.0000,-1.2333,-0.4398,-1.1811,-176.3921,0.0000,0.0000,0.0000,-0.4745,-1.2098,-178.2577,0.016,8359,-0.0982,0.0187,0.4428,0,2,0.297
69.550,0,2,2,0.0000,-1.2333,-0.4297,-1.1819,-176.2382,0.0000,0.0000,0.0000,-0.4351,-1.1479,-176.6814,0.006,8363,-0.0982,0.0188,0.4327,0,2,0.252
69.652,0,2,2,0.0000,-1.2333,-0.4235,-1.1793,-176.2336,0.0000,0.0000,0.0000,-0.3753,-1.1407,179.2632,0.023,8368,-0.0981,0.0196,0.4269,0,2,0.280
69.753,0,2,2,0.0000,-1.2333,-0.4176,-1.1780,-176.4221,0.0000,0.0000,0.0000,-0.3529,-1.1351,178.7681,0.003,8375,-0.0980,0.0201,0.4213,0,2,0.290
69.851,0,2,2,0.0000,-1.2333,-0.4066,-1.1786,-176.3882,0.0000,0.0000,0.0000,-0.3486,-1.1373,178.8883,0.035,8378,-0.0979,0.0203,0.4103,0,2,0.274
69.952,0,2,2,0.0000,-1.2333,-0.3967,-1.1803,-176.4231,0.0000,0.0000,0.0000,-0.3952,-1.1630,-176.9444,0.009,8383,-0.0859,0.0252,0.4002,0,2,0.174
70.052,0,2,2,0.0000,-1.2333,-0.3870,-1.1816,-176.3835,0.0000,0.0000,0.0000,-0.4145,-1.2210,-177.8951,0.009,8387,-0.0915,0.0229,0.3904,0,2,0.186
70.150,0,2,2,0.0000,-1.2333,-0.3772,-1.1834,-176.3152,0.0000,0.0000,0.0000,-0.4085,-1.2235,-177.7831,0.038,8390,-0.0790,0.0279,0.3805,0,2,0.159
70.254,0,2,2,0.0000,-1.2333,-0.3688,-1.1860,-176.1575,0.0000,0.0000,0.0000,-0.3699,-1.1696,-176.6176,0.008,8394,-0.0860,0.0246,0.3718,0,2,0.174
70.351,0,2,2,0.0000,-1.2333,-0.3605,-1.1880,-176.1596,0.0000,0.0000,0.0000,-0.3909,-1.2295,-177.4991,0.037,8396,-0.0695,0.0480,0.3633,0,2,0.119
70.452,0,2,2,0.0000,-1.2333,-0.3535,-1.1907,-176.1642,0.0000,0.0000,0.0000,-0.3825,-1.1217,-173.3930,0.016,8400,-0.0876,0.0233,0.3561,0,2,0.177
70.552,0,2,2,0.0000,-1.2333,-0.3454,-1.1917,-176.1931,0.0000,0.0000,0.0000,-0.3415,-1.1879,-176.6549,0.008,8403,-0.0742,0.0289,0.3479,0,2,0.148
70.652,0,2,2,0.0000,-1.2333,-0.3381,-1.1922,-176.0395,0.0000,0.0000,0.0000,-0.3682,-1.1184,-173.2162,0.016,8406,-0.0742,0.0290,0.3406,0,2,0.148
70.752,0,2,2,0.0000,-1.2333,-0.3308,-1.1937,-176.1001,0.0000,0.0000,0.0000,-0.3258,-1.1866,-176.6718,0.008,8409,-0.0714,0.0299,0.3331,0,2,0.142
70.850,0,2,2,0.0000,-1.2333,-0.3239,-1.1940,-175.8466,0.0000,0.0000,0.0000,-0.3530,-1.1183,-172.9049,0.015,8412,-0.0779,0.0274,0.3263,0,2,0.156
70.950,0,2,2,0.0000,-1.2333,-0.3158,-1.1951,-175.7780,0.0000,0.0000,0.0000,-0.3101,-1.1952,-176.5461,0.008,8415,-0.0982,0.0190,0.3181,0,2,0.254
71.052,0,2,2,0.0000,-1.2333,-0.3070,-1.1959,-175.8722,0.0000,0.0000,0.0000,-0.3050,-1.2001,-176.5462,0.040,8417,-0.0788,0.0271,0.3093,0,2,0.158
71.150,0,2,2,0.0000,-1.2333,-0.2996,-1.1960,-175.8558,0.0000,0.0000,0.0000,-0.2918,-1.2009,-176.5772,0.009,8421,-0.0981,0.0193,0.3019,0,2,0.244
71.251,0,2,2,0.0000,-1.2333,-0.2903,-1.1965,-175.8419,0.0000,0.0000,0.0000,-0.3194,-1.1156,-172.6168,0.005,8424,-0.0981,0.0195,0.2926,0,2,0.229
71.353,0,2,2,0.0000,-1.2333,-0.2816,-1.1966,-175.8051,0.0000,0.0000,0.0000,-0.2740,-1.2066,-176.6877,0.008,8427,-0.0687,0.0492,0.2840,0,2,0.117
71.451,0,2,2,0.0000,-1.2333,-0.2745,-1.1999,-175.6260,0.0000,0.0000,0.0000,-0.3006,-1.1161,-172.3699,0.006,8430,-0.0688,0.0484,0.2765,0,2,0.117
71.550,0,2,2,0.0000,-1.2333,-0.2678,-1.2021,-175.5366,0.0000,0.0000,0.0000,-0.2987,-1.1175,-172.2817,0.046,8432,-0.0689,0.0479,0.2696,0,2,0.117
71.652,0,2,2,0.0000,-1.2333,-0.2606,-1.2055,-175.6062,0.0000,0.0000,0.0000,-0.2905,-1.1178,-172.1495,0.017,8436,-0.0691,0.0469,0.2621,0,2,0.117
71.751,0,2,2,0.0000,-1.2333,-0.2539,-1.2075,-175.7895,0.0000,0.0000,0.0000,-0.2799,-1.1182,-172.1545,0.036,8438,-0.0695,0.0461,0.2552,0,2,0.118
71.851,0,2,2,0.0000,-1.2333,-0.2465,-1.2086,-175.6927,0.0000,0.0000,0.0000,-0.2749,-1.1174,-172.1466,0.017,8442,-0.0909,-0.0015,0.2477,0,2,0.160
71.952,0,2,2,0.0000,-1.2333,-0.2375,-1.2080,-175.7729,0.0000,0.0000,0.0000,-0.2271,-1.2326,-177.1450,0.008,8445,-0.0914,0.0005,0.2389,0,2,0.163
72.052,0,2,2,0.0000,-1.2333,-0.2284,-1.2081,-175.7686,0.0000,0.0000,0.0000,-0.2491,-1.1761,-174.3072,0.007,8448,-0.0836,0.0535,0.2298,0,2,0.123
72.150,0,2,2,0.0000,-1.2333,-0.2199,-1.2111,-175.6036,0.0000,0.0000,0.0000,-0.2091,-1.2344,-176.9207,0.010,8451,-0.0827,0.0554,0.2210,0,2,0.117
72.250,0,2,2,0.0000,-1.2333,-0.2115,-1.2153,-175.7978,0.0000,0.0000,0.0000,-0.2305,-1.1746,-173.9103,0.015,8454,-0.0829,0.0538,0.2123,0,2,0.117
72.350,0,2,2,0.0000,-1.2333,-0.2036,-1.2233,-175.9110,0.0000,0.0000,0.0000,-0.1906,-1.2425,-177.2402,0.003,8457,-0.0834,0.0502,0.2038,0,2,0.117
72.451,0,2,2,0.0000,-1.2333,-0.1949,-1.2275,-175.7853,0.0000,0.0000,0.0000,-0.1846,-1.2455,-177.2171,0.037,8459,-0.0890,0.0354,0.1950,0,2,0.145
72.550,0,2,2,0.0000,-1.2333,-0.1860,-1.2284,-175.8798,0.0000,0.0000,0.0000,-0.1723,-1.2551,-177.1328,0.006,8463,-0.0995,-0.0213,0.1860,0,2,0.138
72.650,0,2,2,0.0000,-1.2333,-0.1764,-1.2249,-175.8486,0.0000,0.0000,0.0000,-0.1963,-1.1714,-173.4216,0.013,8466,-0.0993,-0.0298,0.1766,0,2,0.117
72.752,0,2,2,0.0000,-1.2333,-0.1668,-1.2224,-175.8288,0.0000,0.0000,0.0000,-0.1536,-1.2533,-177.2935,0.010,8469,-0.0991,0.0550,0.1671,0,2,0.117
72.852,0,2,2,0.0000,-1.2333,-0.1567,-1.2259,-175.5641,0.0000,0.0000,0.0000,-0.1745,-1.1624,-173.3158,0.016,8472,-0.0993,0.0532,0.1568,0,2,0.117
72.950,0,2,2,0.0000,-1.2333,-0.1466,-1.2298,-175.8634,0.0000,0.0000,0.0000,-0.1687,-1.1663,-173.0449,0.040,8474,-0.0996,0.0509,0.1466,0,2,0.117
73.051,0,2,2,0.0000,-1.2333,-0.1362,-1.2327,-175.8431,0.0000,0.0000,0.0000,-0.1541,-1.1639,-173.0647,0.011,8478,-0.0997,0.0074,0.1362,0,2,0.242
73.151,0,2,2,0.0000,-1.2333,-0.1264,-1.2326,-175.8447,0.0000,0.0000,0.0000,-0.1107,-1.2642,-177.2144,0.011,8481,-0.1037,-0.0021,0.1264,0,2,0.179
73.251,0,2,2,0.0000,-1.2333,-0.1160,-1.2300,-175.9644,0.0000,0.0000,0.0000,-0.1398,-1.1623,-172.9238,0.017,8484,-0.1071,-0.0264,0.1160,0,2,0.117
73.352,0,2,2,0.0000,-1.2333,-0.1056,-1.2264,-175.9381,0.0000,0.0000,0.0000,-0.0892,-1.2614,-177.4897,0.007,8487,-0.0974,0.0440,0.1059,0,2,0.117
73.451,0,2,2,0.0000,-1.2333,-0.0958,-1.2266,-175.7488,0.0000,0.0000,0.0000,-0.1169,-1.1550,-172.9134,0.017,8490,-0.0883,0.0402,0.0961,0,2,0.117
73.554,0,2,2,0.0000,-1.2333,-0.0867,-1.2292,-175.5264,0.0000,0.0000,0.0000,-0.0538,-1.3029,-176.5618,0.003,8494,-0.0800,0.0348,0.0868,0,2,0.117
73.651,0,2,2,0.0000,-1.2333,-0.0775,-1.2335,-175.7210,0.0000,0.0000,0.0000,-0.0372,-1.3004,-176.7884,0.041,8497,-0.0644,0.0105,0.0775,0,2,0.178
73.752,0,2,2,0.0000,-1.2333,-0.0689,-1.2358,-175.7670,0.0000,0.0000,0.0000,-0.0526,-1.2727,-177.3211,0.011,8502,0.0000,0.0000,0.0690,0,2,0.160
73.853,0,2,2,0.0000,-1.2333,-0.0648,-1.2379,-175.9283,0.0000,0.0000,0.0000,-0.0807,-1.1939,-173.9188,0.006,8507,0.0000,0.0000,0.0649,0,2,0.175
73.951,0,2,2,0.0000,-1.2333,-0.0636,-1.2379,-175.9422,0.0000,0.0000,0.0000,-0.0444,-1.2693,-177.3066,0.002,8511,0.0000,0.0000,0.0638,0,2,0.191
74.052,0,2,2,0.0000,-1.2333,-0.0601,-1.2405,-176.0273,0.0000,0.0000,0.0000,-0.0621,-1.2020,-174.2255,0.017,8516,0.0000,0.0000,0.0605,0,2,0.186
74.151,0,2,2,0.0000,-1.2333,-0.0590,-1.2410,-176.0489,0.0000,0.0000,0.0000,-0.0623,-1.2019,-174.2315,0.047,8519,0.0000,0.0000,0.0595,0,2,0.181
74.251,0,2,2,0.0000,-1.2333,-0.0573,-1.2417,-176.0730,0.0000,0.0000,0.0000,-0.0445,-1.2693,-177.3107,0.009,8525,0.0000,0.0000,0.0579,0,2,0.186
74.352,0,2,2,0.0000,-1.2333,-0.0562,-1.2425,-176.1048,0.0000,0.0000,0.0000,0.0073,-1.2920,-178.2298,0.006,8529,0.0000,0.0000,0.0570,0,2,0.188
74.455,0,2,2,0.0000,-1.2333,-0.0546,-1.2438,-176.1562,0.0000,0.0000,0.0000,-0.0623,-1.2019,-174.2314,0.011,8534,0.0000,0.0000,0.0556,0,2,0.183
74.555,0,2,2,0.0000,-1.2333,-0.0546,-1.2472,-176.2553,0.0000,0.0000,0.0000,0.0072,-1.2921,-178.2310,0.003,8539,0.0000,0.0000,0.0563,0,2,0.173
74.650,0,2,2,0.0000,-1.2333,-0.0533,-1.2478,-176.2784,0.0000,0.0000,0.0000,-0.0623,-1.2019,-174.2326,0.017,8543,0.0000,0.0000,0.0552,0,2,0.181
74.756,0,2,2,0.0000,-1.2333,-0.0515,-1.2493,-176.3243,0.0000,0.0000,0.0000,-0.0458,-1.2729,-177.4241,0.011,8547,0.0000,0.0000,0.0539,1,3,0.170
74.850,0,2,2,0.0000,-1.2333,-0.0505,-1.2495,-176.3393,0.0000,0.0000,0.0000,-0.0684,-1.1952,-174.0274,0.011,8552,0.0000,0.0000,0.0531,1,3,0.173
74.953,0,2,2,0.0000,-1.2333,-0.0501,-1.2497,-176.3493,0.0000,0.0000,0.0000,0.0071,-1.2921,-178.2334,0.002,8557,0.0000,0.0000,0.0527,1,3,0.186
75.053,0,2,2,0.0000,-1.2333,-0.0490,-1.2505,-176.3841,0.0000,0.0000,0.0000,-0.0684,-1.1952,-174.0280,0.002,8561,0.0000,0.0000,0.0519,1,3,0.182
75.151,0,2,2,0.0000,-1.2333,-0.0488,-1.2500,-176.3692,0.0000,0.0000,0.0000,0.0071,-1.2921,-178.2340,0.003,8566,0.0000,0.0000,0.0516,1,3,0.190
75.252,0,2,2,0.0000,-1.2333,-0.0484,-1.2540,-176.4892,0.0000,0.0000,0.0000,0.0071,-1.2921,-178.2334,0.037,8569,0.0000,0.0000,0.0526,1,3,0.180
75.352,0,2,2,0.0000,-1.2333,-0.0482,-1.2533,-176.4717,0.0000,0.0000,0.0000,0.0072,-1.2921,-178.2322,0.003,8575,0.0000,0.0000,0.0522,1,3,0.219
75.450,0,2,2,0.0000,-1.2333,-0.0463,-1.2544,-176.5005,0.0000,0.0000,0.0000,-0.0689,-1.1907,-173.8940,0.016,8579,0.0000,0.0000,0.0509,1,3,0.183
75.552,0,2,2,0.0000,-1.2333,-0.0466,-1.2575,-176.5876,0.0000,0.0000,0.0000,-0.0451,-1.2707,-177.3554,0.012,8583,0.0000,0.0000,0.0525,1,3,0.164
75.651,0,2,2,0.0000,-1.2333,-0.0459,-1.2571,-176.5795,0.0000,0.0000,0.0000,-0.0689,-1.1907,-173.8927,0.015,8588,0.0000,0.0000,0.0517,1,3,0.185
75.752,0,2,2,0.0000,-1.2333,-0.0456,-1.2569,-176.5800,0.0000,0.0000,0.0000,0.0072,-1.2921,-178.2319,0.002,8592,0.0000,0.0000,0.0514,1,3,0.167
75.850,0,2,2,0.0000,-1.2333,-0.0450,-1.2565,-176.5787,0.0000,0.0000,0.0000,-0.0689,-1.1907,-173.8924,0.014,8597,0.0000,0.0000,0.0507,1,3,0.185
75.950,0,2,2,0.0000,-1.2333,-0.0448,-1.2563,-176.5790,0.0000,0.0000,0.0000,-0.0450,-1.2706,-177.3543,0.005,8601,0.0000,0.0000,0.0503,1,3,0.175
76.052,0,2,2,0.0000,-1.2333,-0.0448,-1.2556,-176.5618,0.0000,0.0000,0.0000,0.0072,-1.2921,-178.2311,0.006,8606,0.0000,0.0000,0.0500,1,3,0.198
76.151,0,2,2,0.0000,-1.2333,-0.0439,-1.2558,-176.5738,0.0000,0.0000,0.0000,-0.0450,-1.2706,-177.3547,0.010,8610,0.0000,0.0000,0.0494,1,3,0.189
76.250,0,2,2,0.0000,-1.2333,-0.0435,-1.2555,-176.5701,0.0000,0.0000,0.0000,-0.0688,-1.1907,-173.8924,0.010,8615,0.0000,0.0000,0.0488,1,3,0.184
76.351,0,2,2,0.0000,-1.2333,-0.0432,-1.2553,-176.5692,0.0000,0.0000,0.0000,-0.0450,-1.2706,-177.3551,0.006,8619,0.0000,0.0000,0.0485,1,3,0.192
76.454,0,2,2,0.0000,-1.2333,-0.0425,-1.2558,-176.5893,0.0000,0.0000,0.0000,0.0071,-1.2921,-178.2315,0.038,8623,0.0000,0.0000,0.0480,1,3,0.188
76.553,0,2,2,0.0000,-1.2333,-0.0426,-1.2549,-176.5649,0.0000,0.0000,0.0000,0.0071,-1.2921,-178.2313,0.002,8629,0.0000,0.0000,0.0477,1,3,0.181
76.651,0,2,2,0.0000,-1.2333,-0.0419,-1.2553,-176.5845,0.0000,0.0000,0.0000,-0.0688,-1.1907,-173.8906,0.006,8633,0.0000,0.0000,0.0473,1,3,0.174
76.751,0,2,2,0.0000,-1.2333,-0.0420,-1.2545,-176.5621,0.0000,0.0000,0.0000,0.0072,-1.2921,-178.2299,0.003,8638,0.0000,0.0000,0.0470,1,3,0.168
76.851,0,2,2,0.0000,-1.2333,-0.0394,-1.2568,-176.6222,0.0000,0.0000,0.0000,0.0360,-1.3102,-177.6395,0.006,8642,0.0000,0.0000,0.0458,1,3,0.195
76.951,0,2,2,0.0000,-1.2333,-0.0392,-1.2568,-176.6189,0.0000,0.0000,0.0000,0.0072,-1.2921,-178.2303,0.006,8646,0.0000,0.0000,0.0457,1,3,0.211
77.050,0,2,2,0.0000,-1.2333,-0.0384,-1.2609,-176.7213,0.0000,0.0000,0.0000,-0.0980,-1.5644,173.4034,0.005,8651,0.0000,0.0000,0.0472,1,3,0.168
77.152,0,2,2,0.0000,-1.2333,-0.0395,-1.2672,-176.8820,0.0000,0.0000,0.0000,0.0071,-1.2921,-178.2315,0.006,8655,0.0000,0.0000,0.0520,1,3,0.177
77.251,0,2,2,0.0000,-1.2333,-0.0393,-1.2668,-176.8774,0.0000,0.0000,0.0000,-0.0696,-1.2199,-174.8299,0.014,8660,0.0000,0.0000,0.0516,1,3,0.191
77.353,0,2,2,0.0000,-1.2333,-0.0398,-1.2697,-176.9524,0.0000,0.0000,0.0000,-0.0452,-1.2711,-177.3688,0.007,8664,0.0000,0.0000,0.0539,1,3,0.174
77.453,0,2,2,0.0000,-1.2333,-0.0395,-1.2691,-176.9464,0.0000,0.0000,0.0000,-0.0696,-1.2199,-174.8289,0.019,8669,0.0000,0.0000,0.0533,1,3,0.192
77.551,0,2,2,0.0000,-1.2333,-0.0395,-1.2689,-176.9448,0.0000,0.0000,0.0000,-0.0451,-1.2711,-177.3666,0.007,8673,0.0000,0.0000,0.0531,1,3,0.193
77.650,0,2,2,0.0000,-1.2333,-0.0381,-1.2693,-176.9637,0.0000,0.0000,0.0000,0.0367,-1.3083,-177.5821,0.012,8678,0.0000,0.0000,0.0524,1,3,0.196
77.750,0,2,2,0.0000,-1.2333,-0.0380,-1.2689,-176.9570,0.0000,0.0000,0.0000,0.0071,-1.2921,-178.2300,0.003,8683,0.0000,0.0000,0.0521,1,3,0.181
77.854,0,2,2,0.0000,-1.2333,-0.0375,-1.2688,-176.9638,0.0000,0.0000,0.0000,-0.0670,-1.2066,-174.3828,0.007,8687,0.0000,0.0000,0.0516,1,3,0.190
77.950,0,2,2,0.0000,-1.2333,-0.0384,-1.2709,-177.0159,0.0000,0.0000,0.0000,0.0072,-1.2921,-178.2294,0.002,8692,0.0000,0.0000,0.0537,1,3,0.164
78.050,0,2,2,0.0000,-1.2333,-0.0385,-1.2738,-177.0996,0.0000,0.0000,0.0000,-0.0670,-1.2066,-174.3839,0.007,8696,0.0000,0.0000,0.0559,1,3,0.179
78.153,0,2,2,0.0000,-1.2333,-0.0387,-1.2726,-177.0695,0.0000,0.0000,0.0000,0.0071,-1.2921,-178.2301,0.003,8701,0.0000,0.0000,0.0551,1,3,0.188
78.250,0,2,2,0.0000,-1.2333,-0.0381,-1.2723,-177.0735,0.0000,0.0000,0.0000,-0.0670,-1.2065,-174.3842,0.011,8705,0.0000,0.0000,0.0545,1,3,0.200
78.352,0,2,2,0.0000,-1.2333,-0.0383,-1.2711,-177.0443,0.0000,0.0000,0.0000,0.0072,-1.2921,-178.2291,0.009,8709,0.0000,0.0000,0.0538,1,3,0.191
78.451,0,2,2,0.0000,-1.2333,-0.0381,-1.2701,-177.0282,0.0000,0.0000,0.0000,-0.0670,-1.2065,-174.3846,0.017,8714,0.0000,0.0000,0.0530,1,3,0.203
78.552,0,2,2,0.0000,-1.2333,-0.0375,-1.2739,-177.1242,0.0000,0.0000,0.0000,0.0071,-1.2921,-178.2297,0.006,8718,0.0000,0.0000,0.0553,1,3,0.173
78.652,0,2,2,0.0000,-1.2333,-0.0374,-1.2727,-177.0998,0.0000,0.0000,0.0000,-0.0693,-1.2017,-174.2397,0.016,8723,0.0000,0.0000,0.0543,1,3,0.203
78.755,0,2,2,0.0000,-1.2333,-0.0374,-1.2722,-177.0897,0.0000,0.0000,0.0000,-0.0454,-1.2724,-177.4093,0.011,8727,0.0000,0.0000,0.0539,1,3,0.182
78.853,0,3,0,0.0000,-1.2333,-0.0378,-1.2709,-177.0588,0.0000,0.0000,0.0000,0.0071,-1.2921,-178.2291,0.009,8732,0.0000,0.0000,0.0533,1,3,0.187
78.951,0,3,0,0.0000,-1.2333,-0.0365,-1.2699,-177.0458,0.0000,0.0000,0.0000,-0.0454,-1.2724,-177.4099,0.010,8736,-0.0339,-0.0299,0.0516,1,3,0.181
79.050,0,3,1,0.0000,-0.6167,-0.0340,-1.2650,-176.9705,0.0000,0.0000,0.0000,-0.0688,-1.2019,-174.2194,0.014,8741,-0.0140,-0.1010,0.6493,1,3,0.195
79.152,0,3,1,0.0000,-0.6167,-0.0331,-1.2559,-176.4221,0.0000,0.0000,0.0000,0.0097,-1.2860,-177.9581,0.005,8746,-0.0171,-0.1042,0.6401,1,3,0.186
79.252,0,3,1,0.0000,-0.6167,-0.0319,-1.2468,-176.1258,0.0000,0.0000,0.0000,-0.0087,-1.2802,-176.8930,0.034,8749,-0.0174,-0.0863,0.6309,1,3,0.172
79.351,0,3,1,0.0000,-0.6167,-0.0319,-1.2371,-175.8668,0.0000,0.0000,0.0000,-0.0401,-1.2466,-176.2428,0.006,8753,-0.0128,-0.1000,0.6213,1,3,0.198
79.451,0,3,1,0.0000,-0.6167,-0.0310,-1.2276,-175.8248,0.0000,0.0000,0.0000,-0.0682,-1.1750,-173.0575,0.014,8756,-0.0202,-0.1074,0.6117,1,3,0.177
79.550,0,3,1,0.0000,-0.6167,-0.0305,-1.2171,-175.8397,0.0000,0.0000,0.0000,-0.0416,-1.2275,-176.1207,0.010,8759,-0.0180,-0.0849,0.6012,1,3,0.169
79.650,0,3,1,0.0000,-0.6167,-0.0307,-1.2071,-175.7661,0.0000,0.0000,0.0000,-0.0665,-1.1637,-173.4479,0.013,8762,-0.0168,-0.0882,0.5913,1,3,0.176
79.752,0,3,1,0.0000,-0.6167,-0.0301,-1.1973,-175.7163,0.0000,0.0000,0.0000,-0.0685,-1.1624,-173.5498,0.049,8764,-0.0171,-0.1042,0.5814,1,3,0.170
79.850,0,3,1,0.0000,-0.6167,-0.0302,-1.1865,-175.7557,0.0000,0.0000,0.0000,-0.0625,-1.1550,-173.6659,0.012,8768,-0.0137,-0.1007,0.5707,1,3,0.196
79.950,0,3,1,0.0000,-0.6167,-0.0299,-1.1768,-175.6553,0.0000,0.0000,0.0000,-0.0415,-1.1846,-175.9170,0.007,8771,-0.0142,-0.0946,0.5609,1,3,0.190
80.053,0,3,1,0.0000,-0.6167,-0.0302,-1.1666,-175.8529,0.0000,0.0000,0.0000,-0.0618,-1.1400,-174.0552,0.016,8774,-0.0160,-0.1028,0.5508,1,3,0.187
80.152,0,3,1,0.0000,-0.6167,-0.0299,-1.1565,-175.7761,0.0000,0.0000,0.0000,-0.0423,-1.1651,-176.1183,0.012,8777,-0.0132,-0.0999,0.5406,1,3,0.198
80.250,0,3,1,0.0000,-0.6167,-0.0299,-1.1475,-175.7866,0.0000,0.0000,0.0000,-0.0640,-1.1307,-174.3948,0.015,8780,-0.0169,-0.1034,0.5316,1,3,0.188
80.352,0,3,1,0.0000,-0.6167,-0.0299,-1.1357,-175.6739,0.0000,0.0000,0.0000,-0.0428,-1.1450,-176.0070,0.008,8783,-0.0205,-0.1070,0.5199,1,3,0.178
80.453,0,3,1,0.0000,-0.6167,-0.0295,-1.1250,-175.6026,0.0000,0.0000,0.0000,-0.0408,-1.1287,-175.7478,0.040,8785,-0.0198,-0.1063,0.5092,1,3,0.180
80.550,0,3,1,0.0000,-0.6167,-0.0293,-1.1144,-175.7772,0.0000,0.0000,0.0000,-0.0424,-1.1216,-175.9770,0.007,8789,-0.0228,-0.1091,0.4986,1,3,0.172
80.650,0,3,1,0.0000,-0.6167,-0.0287,-1.1037,-175.7222,0.0000,0.0000,0.0000,-0.0555,-1.1013,-174.8545,0.011,8792,-0.0192,-0.1055,0.4878,1,3,0.182
80.752,0,3,1,0.0000,-0.6167,-0.0285,-1.0927,-175.7134,0.0000,0.0000,0.0000,-0.0412,-1.0984,-175.9795,0.011,8795,-0.0186,-0.1048,0.4769,1,3,0.184
80.850,0,3,1,0.0000,-0.6167,-0.0284,-1.0804,-175.7786,0.0000,0.0000,0.0000,-0.0510,-0.9983,-172.2763,0.016,8798,-0.0205,-0.1066,0.4646,1,3,0.179
80.951,0,3,1,0.0000,-0.6167,-0.0276,-1.0687,-175.7178,0.0000,0.0000,0.0000,-0.0474,-0.9887,-172.4730,0.050,8800,-0.0191,-0.1051,0.4528,1,3,0.183
81.051,0,3,1,0.0000,-0.6167,-0.0272,-1.0573,-175.7229,0.0000,0.0000,0.0000,-0.0492,-0.9852,-172.6600,0.011,8804,-0.0209,-0.1069,0.4415,1,3,0.178
81.151,0,3,1,0.0000,-0.6167,-0.0267,-1.0448,-175.7085,0.0000,0.0000,0.0000,-0.0403,-1.0556,-176.2126,0.012,8807,-0.0132,-0.0991,0.4290,1,3,0.232
81.250,0,3,1,0.0000,-0.6167,-0.0267,-1.0330,-175.6561,0.0000,0.0000,0.0000,-0.0412,-0.9671,-172.9255,0.018,8810,-0.0194,-0.1051,0.4172,1,3,0.183
81.350,0,3,1,0.0000,-0.6167,-0.0261,-1.0226,-175.6849,0.0000,0.0000,0.0000,-0.0394,-1.0292,-176.0541,0.007,8813,-0.0169,-0.1026,0.4068,1,3,0.190
81.452,0,3,1,0.0000,-0.6167,-0.0257,-1.0095,-175.5680,0.0000,0.0000,0.0000,-0.0400,-0.9508,-173.1608,0.019,8816,-0.0185,-0.1040,0.3937,1,3,0.186
81.550,0,3,1,0.0000,-0.6167,-0.0252,-0.9985,-175.6545,0.0000,0.0000,0.0000,-0.0376,-1.0082,-175.9827,0.015,8819,-0.0224,-0.1079,0.3826,1,3,0.175
81.650,0,3,1,0.0000,-0.6167,-0.0246,-0.9867,-175.6613,0.0000,0.0000,0.0000,-0.0344,-0.9311,-173.2469,0.015,8822,-0.0171,-0.1026,0.3709,1,3,0.190
81.751,0,3,1,0.0000,-0.6167,-0.0241,-0.9756,-175.6354,0.0000,0.0000,0.0000,0.3174,-0.0538,154.0791,0.004,8826,-0.0188,-0.0866,0.3598,1,3,0.173
81.850,0,3,1,0.0000,-0.6167,-0.0141,-0.9427,-176.4381,0.0000,0.0000,0.0000,-0.0505,-0.8395,-171.0754,0.004,8830,-0.0169,-0.0860,0.3263,1,3,0.171
81.952,0,3,1,0.0000,-0.6167,-0.0084,-0.9230,-176.3942,0.0000,0.0000,0.0000,0.2661,-0.0737,155.8462,0.003,8837,-0.0155,-0.0857,0.3064,1,3,0.170
82.050,0,3,1,0.0000,-0.6167,-0.0012,-0.8948,-176.6250,0.0000,0.0000,0.0000,-0.0483,-0.8315,-171.2110,0.009,8842,-0.0141,-0.0836,0.2781,1,3,0.165
82.152,0,3,1,0.0000,-0.6167,0.0033,-0.8810,-176.6783,0.0000,0.0000,0.0000,0.2144,-0.1499,159.4624,0.003,8849,-0.0123,-0.0841,0.2643,1,3,0.166
82.250,0,3,1,0.0000,-0.6167,0.0079,-0.8581,-176.7663,0.0000,0.0000,0.0000,-0.0480,-0.8261,-171.4013,0.010,8854,-0.0118,-0.0805,0.2416,1,3,0.158
82.350,0,3,1,0.0000,-0.6167,0.0114,-0.8463,-176.6198,0.0000,0.0000,0.0000,-0.0340,-0.9406,-175.8096,0.005,8860,-0.0088,-0.1067,0.2299,1,3,0.181
82.450,0,3,1,0.0000,-0.6167,0.0142,-0.8268,-176.7390,0.0000,0.0000,0.0000,-0.0411,-0.8170,-171.3266,0.010,8866,-0.0066,-0.0848,0.2106,1,3,0.167
82.550,0,3,1,0.0000,-0.6167,0.0167,-0.8169,-176.5787,0.0000,0.0000,0.0000,0.0940,-0.9980,-171.8990,0.028,8871,-0.0060,-0.0824,0.2009,1,3,0.162
82.652,0,3,1,0.0000,-0.6167,0.0184,-0.8013,-176.5017,0.0000,0.0000,0.0000,-0.0407,-0.8162,-171.3376,0.013,8878,-0.0007,-0.0912,0.1855,1,3,0.181
82.750,0,3,1,0.0000,-0.6167,0.0199,-0.7928,-176.3844,0.0000,0.0000,0.0000,-0.0365,-0.8987,-174.8679,0.008,8884,-0.0000,-0.1042,0.1773,1,3,0.188
82.850,0,3,1,0.0000,-0.6167,0.0211,-0.7784,-176.4744,0.0000,0.0000,0.0000,-0.0611,-0.7350,-169.0908,0.004,8890,-0.0006,-0.0841,0.1631,1,3,0.166
82.951,0,3,1,0.0000,-0.6167,0.0201,-0.7702,-176.3739,0.0000,0.0000,0.0000,-0.0386,-0.8720,-174.6052,0.010,8896,-0.0003,-0.1062,0.1549,1,3,0.182
83.050,0,3,1,0.0000,-0.6167,0.0209,-0.7552,-176.4782,0.0000,0.0000,0.0000,-0.0594,-0.7255,-169.2887,0.009,8902,0.0016,-0.0844,0.1401,1,3,0.167
83.150,0,3,1,0.0000,-0.6167,0.0192,-0.7477,-176.0656,0.0000,0.0000,0.0000,0.1038,-0.3578,170.0044,0.003,8909,0.0007,-0.0831,0.1324,1,3,0.164
83.250,0,3,1,0.0000,-0.6167,0.0193,-0.7349,-176.0497,0.0000,0.0000,0.0000,0.0684,-0.4135,172.3144,0.034,8913,0.0013,-0.1029,0.1198,1,3,0.178
83.350,0,3,1,0.0000,-0.6167,0.0169,-0.7237,-175.7362,0.0000,0.0000,0.0000,-0.0418,-0.8496,-174.3732,0.005,8920,0.0020,-0.0731,0.1084,1,3,0.167
83.450,0,3,1,0.0000,-0.6167,0.0163,-0.7188,-175.7983,0.0000,0.0000,0.0000,0.0167,-0.8152,-175.0927,0.024,8924,-0.0009,-0.0906,0.1034,1,3,0.172
83.550,0,3,1,0.0000,-0.6167,0.0156,-0.7144,-175.7833,0.0000,0.0000,0.0000,0.0919,-0.9268,-170.1393,0.003,8929,0.0014,-0.0654,0.0990,1,3,0.163
83.650,0,3,1,0.0000,-0.6167,0.0150,-0.7156,-175.7248,0.0000,0.0000,0.0000,0.0115,-0.8076,-174.9204,0.031,8933,0.0012,-0.0672,0.1001,1,3,0.166
83.750,0,3,1,0.0000,-0.6167,0.0151,-0.7147,-175.7841,0.0000,0.0000,0.0000,0.0093,-0.8049,-174.8814,0.003,8938,0.0008,-0.0652,0.0992,1,3,0.162
83.851,0,3,1,0.0000,-0.6167,0.0135,-0.7130,-175.6616,0.0000,0.0000,0.0000,-0.0485,-0.8053,-174.4597,0.022,8942,-0.0004,-0.0834,0.0973,1,3,0.179
83.951,0,3,1,0.0000,-0.6167,0.0131,-0.7105,-175.5572,0.0000,0.0000,0.0000,0.0084,-0.7965,-174.6513,0.003,8947,-0.0009,-0.0609,0.0947,1,3,0.158
84.051,0,3,1,0.0000,-0.6167,0.0117,-0.7089,-175.4934,0.0000,0.0000,0.0000,0.0083,-0.7946,-174.6358,0.037,8951,0.0018,-0.0766,0.0929,1,3,0.191
84.151,0,3,1,0.0000,-0.6167,0.0114,-0.7061,-175.5173,0.0000,0.0000,0.0000,-0.0483,-0.7814,-174.5182,0.010,8956,-0.0018,-0.0779,0.0902,1,3,0.177
84.251,0,3,1,0.0000,-0.6167,0.0107,-0.7033,-175.5641,0.0000,0.0000,0.0000,0.0115,-0.7640,-175.3104,0.020,8960,-0.0006,-0.0594,0.0873,1,3,0.168
84.350,0,3,1,0.0000,-0.6167,0.0111,-0.7016,-175.5388,0.0000,0.0000,0.0000,-0.0082,-0.7865,-176.3901,0.003,8965,-0.0024,-0.0750,0.0857,1,3,0.173
84.450,0,3,1,0.0000,-0.6167,0.0095,-0.6969,-175.4618,0.0000,0.0000,0.0000,0.0113,-0.7596,-175.1507,0.003,8970,-0.0002,-0.0565,0.0808,1,3,0.173
84.550,0,3,1,0.0000,-0.6167,0.0088,-0.6944,-175.4665,0.0000,0.0000,0.0000,-0.0067,-0.7766,-176.5563,0.008,8976,-0.0014,-0.0527,0.0782,1,3,0.166
84.654,0,3,2,0.6167,-0.6167,0.0077,-0.6909,-175.5682,0.0000,0.0000,0.0000,-0.0938,-0.5634,-168.2191,0.005,8982,-0.1035,0.0037,0.6135,1,3,0.181
84.752,0,3,2,0.6167,-0.6167,0.0105,-0.6877,-175.4837,0.0000,0.0000,0.0000,-0.0028,-0.7553,-176.8688,0.002,8988,-0.1066,0.0115,0.6103,1,3,0.165
84.850,0,3,2,0.6167,-0.6167,0.0197,-0.6900,-175.6646,0.0000,0.0000,0.0000,-0.0895,-0.5468,-168.3915,0.010,8994,-0.1071,0.0124,0.6015,1,3,0.162
84.951,0,3,2,0.6167,-0.6167,0.0277,-0.6900,-175.4625,0.0000,0.0000,0.0000,0.0075,-0.7487,-176.7830,0.008,9000,-0.1098,-0.0153,0.5935,1,3,0.172
85.050,0,3,2,0.6167,-0.6167,0.0368,-0.6895,-175.3520,0.0000,0.0000,0.0000,-0.0754,-0.5321,-168.0306,0.003,9006,-0.1059,-0.0115,0.5845,1,3,0.183
85.151,0,3,2,0.6167,-0.6167,0.0478,-0.6874,-175.3938,0.0000,0.0000,0.0000,0.0557,-0.7176,-176.2629,0.004,9012,-0.1052,-0.0106,0.5733,1,3,0.185
85.250,0,3,2,0.6167,-0.6167,0.0589,-0.6843,-175.2679,0.0000,0.0000,0.0000,-0.0608,-0.5204,-168.0032,0.017,9018,-0.1058,0.0093,0.5619,1,3,0.169
85.352,0,3,2,0.6167,-0.6167,0.0742,-0.6842,-175.0680,0.0000,0.0000,0.0000,0.0793,-0.7171,-176.0985,0.006,9024,-0.1039,0.0043,0.5466,1,3,0.179
85.451,0,3,2,0.6167,-0.6167,0.0849,-0.6824,-175.1489,0.0000,0.0000,0.0000,-0.0387,-0.5110,-167.7931,0.016,9030,-0.1052,0.0077,0.5358,1,3,0.172
85.550,0,3,2,0.6167,-0.6167,0.1002,-0.6823,-175.1652,0.0000,0.0000,0.0000,0.0663,-0.7418,-177.0500,0.005,9036,-0.1052,0.0073,0.5206,1,3,0.172
85.651,0,3,2,0.6167,-0.6167,0.1121,-0.6827,-175.1547,0.0000,0.0000,0.0000,-0.0128,-0.5047,-168.0881,0.010,9041,-0.1059,0.0088,0.5089,1,3,0.168
85.751,0,3,2,0.6167,-0.6167,0.1258,-0.6814,-174.9613,0.0000,0.0000,0.0000,0.0894,-0.7460,-177.1677,0.009,9048,-0.1040,0.0041,0.4952,1,3,0.178
85.850,0,3,2,0.6167,-0.6167,0.1376,-0.6815,-175.2178,0.0000,0.0000,0.0000,0.0915,-0.6157,-172.0864,0.008,9054,-0.1051,-0.0117,0.4834,1,3,0.185
85.951,0,3,2,0.6167,-0.6167,0.1539,-0.6818,-175.2341,0.0000,0.0000,0.0000,0.1137,-0.7381,-177.3815,0.003,9060,-0.1051,-0.0123,0.4674,1,3,0.185
86.051,0,3,2,0.6167,-0.6167,0.1664,-0.6829,-175.4076,0.0000,0.0000,0.0000,0.1535,-0.7143,-176.8849,0.031,9065,-0.1078,-0.0157,0.4551,1,3,0.177
86.153,0,3,2,0.6167,-0.6167,0.1836,-0.7026,-175.9404,0.0000,0.0000,0.0000,0.1332,-0.7297,-177.4140,0.003,9072,-0.1049,-0.0182,0.4415,1,3,0.184
86.250,0,3,2,0.6167,-0.6167,0.1954,-0.7014,-176.0404,0.0000,0.0000,0.0000,0.1733,-0.7189,-176.7624,0.029,9076,-0.1055,-0.0192,0.4297,1,3,0.182
86.350,0,3,2,0.6167,-0.6167,0.2111,-0.6998,-175.9369,0.0000,0.0000,0.0000,0.1610,-0.7368,-178.0627,0.004,9081,-0.1012,-0.0081,0.4140,1,3,0.189
86.450,0,3,2,0.6167,-0.6167,0.2231,-0.6988,-175.7618,0.0000,0.0000,0.0000,0.1640,-0.7371,-177.9274,0.027,9085,-0.1005,-0.0149,0.4021,1,3,0.196
86.550,0,3,2,0.6167,-0.6167,0.2385,-0.6971,-175.8783,0.0000,0.0000,0.0000,0.5393,-0.7191,-167.8553,0.033,9089,-0.1072,-0.0220,0.3866,1,3,0.177
86.651,0,3,2,0.6167,-0.6167,0.2507,-0.6950,-175.9342,0.0000,0.0000,0.0000,0.1846,-0.7173,-177.6582,0.007,9094,-0.1068,-0.0218,0.3742,1,3,0.178
86.752,0,3,2,0.6167,-0.6167,0.2656,-0.6932,-175.7382,0.0000,0.0000,0.0000,0.2342,-0.7098,-176.7171,0.003,9099,-0.1060,-0.0215,0.3594,1,3,0.180
86.851,0,3,2,0.6167,-0.6167,0.2774,-0.6918,-175.7209,0.0000,0.0000,0.0000,0.2421,-0.7060,-176.7882,0.005,9103,-0.1063,-0.0221,0.3475,1,3,0.179
86.950,0,3,2,0.6167,-0.6167,0.2923,-0.6899,-175.6284,0.0000,0.0000,0.0000,0.2193,-0.7266,-177.9043,0.007,9108,-0.1109,-0.0272,0.3326,1,3,0.166
87.050,0,3,2,0.6167,-0.6167,0.3036,-0.6881,-175.6514,0.0000,0.0000,0.0000,0.2623,-0.7081,-176.4694,0.028,9112,-0.1013,-0.0178,0.3211,1,3,0.193
87.150,0,3,2,0.6167,-0.6167,0.3184,-0.6864,-175.4346,0.0000,0.0000,0.0000,0.2412,-0.7051,-177.4146,0.006,9117,-0.1029,-0.0057,0.3063,1,3,0.178
87.252,0,3,2,0.6167,-0.6167,0.3291,-0.6860,-175.5713,0.0000,0.0000,0.0000,0.2872,-0.6981,-176.5301,0.031,9121,-0.1063,0.0019,0.2958,1,3,0.160
87.351,0,3,2,0.6167,-0.6167,0.3443,-0.6853,-175.3959,0.0000,0.0000,0.0000,0.3001,-0.7007,-176.3874,0.003,9127,-0.1067,0.0023,0.2809,1,3,0.157
87.450,0,3,2,0.6167,-0.6167,0.3550,-0.6845,-175.4655,0.0000,0.0000,0.0000,0.3086,-0.6982,-176.3859,0.035,9130,-0.1043,-0.0039,0.2703,1,3,0.169
87.551,0,3,2,0.6167,-0.6167,0.3668,-0.6831,-175.4918,0.0000,0.0000,0.0000,0.6384,-0.6905,-167.6995,0.008,9134,-0.1039,-0.0245,0.2585,1,3,0.184
87.650,0,3,2,0.6167,-0.6167,0.3801,-0.6814,-175.5219,0.0000,0.0000,0.0000,0.3301,-0.6962,-176.4877,0.039,9139,-0.1048,-0.0034,0.2453,1,3,0.165
87.755,0,3,2,0.6167,-0.6167,0.3920,-0.6803,-175.4525,0.0000,0.0000,0.0000,0.3433,-0.6949,-176.4061,0.004,9143,-0.1040,-0.0056,0.2335,1,3,0.168
87.850,0,3,2,0.6167,-0.6167,0.4049,-0.6795,-175.4697,0.0000,0.0000,0.0000,0.2988,-0.7007,-177.5062,0.016,9148,-0.1053,-0.0032,0.2209,1,3,0.160
87.952,0,3,2,0.6167,-0.6167,0.4190,-0.6782,-175.5694,0.0000,0.0000,0.0000,0.3665,-0.6886,-176.7539,0.003,9153,-0.1050,-0.0045,0.2070,1,3,0.160
88.050,0,3,2,0.6167,-0.6167,0.4289,-0.6774,-175.5927,0.0000,0.0000,0.0000,0.3239,-0.6975,-177.8639,0.021,9157,-0.1038,-0.0078,0.1974,1,3,0.165
88.150,0,3,2,0.6167,-0.6167,0.4426,-0.6761,-175.5577,0.0000,0.0000,0.0000,0.3367,-0.6891,-177.7121,0.004,9162,-0.1069,-0.0358,0.1840,1,3,0.171
88.250,0,3,2,0.6167,-0.6167,0.4518,-0.6738,-175.5847,0.0000,0.0000,0.0000,0.3893,-0.6947,-176.5009,0.030,9166,-0.1023,-0.0122,0.1745,1,3,0.170
88.350,0,3,2,0.6167,-0.6167,0.4649,-0.6715,-175.4963,0.0000,0.0000,0.0000,0.3510,-0.6772,-177.4364,0.007,9171,-0.1016,-0.0144,0.1613,1,3,0.172
88.451,0,3,2,0.6167,-0.6167,0.4743,-0.6691,-175.6071,0.0000,0.0000,0.0000,0.6913,-0.6792,-168.6865,0.003,9176,-0.1025,-0.0122,0.1517,1,3,0.166
88.551,0,3,2,0.6167,-0.6167,0.4863,-0.6675,-175.3257,0.0000,0.0000,0.0000,0.3736,-0.6739,-177.5721,0.006,9180,-0.1012,-0.0158,0.1399,1,3,0.170
88.650,0,3,2,0.6167,-0.6167,0.4949,-0.6657,-175.4428,0.0000,0.0000,0.0000,0.4341,-0.6803,-176.5567,0.030,9184,-0.1079,-0.0435,0.1313,1,3,0.164
88.751,0,3,2,0.6167,-0.6167,0.5064,-0.6626,-175.5753,0.0000,0.0000,0.0000,0.4467,-0.6785,-176.8660,0.006,9190,-0.0968,-0.0155,0.1194,1,3,0.166
88.851,0,3,2,0.6167,-0.6167,0.5151,-0.6601,-175.4616,0.0000,0.0000,0.0000,0.4549,-0.6744,-176.9410,0.035,9193,-0.0910,-0.0364,0.1104,1,3,0.176
88.952,0,3,2,0.6167,-0.6167,0.5270,-0.6565,-175.4108,0.0000,0.0000,0.0000,0.4698,-0.6673,-176.8220,0.003,9199,-0.0832,-0.0362,0.0981,1,3,0.166
89.050,0,3,2,0.6167,-0.6167,0.5342,-0.6534,-175.4489,0.0000,0.0000,0.0000,0.7948,-0.6554,-167.2655,0.020,9202,-0.0712,-0.0280,0.0903,1,3,0.187
89.151,0,3,2,0.6167,-0.6167,0.5415,-0.6507,-175.4818,0.0000,0.0000,0.0000,0.4327,-0.6510,-177.6509,0.003,9207,-0.0667,-0.0113,0.0825,1,3,0.162
89.252,0,3,2,0.6167,-0.6167,0.5440,-0.6495,-175.6062,0.0000,0.0000,0.0000,0.4908,-0.6721,-174.1996,0.003,9212,-0.0653,-0.0089,0.0797,1,3,0.155
89.352,0,3,3,0.6167,0.0000,0.5473,-0.6484,-175.5667,0.0000,0.0000,0.0000,0.4979,-0.6592,-176.9422,0.005,9216,-0.0260,-0.0781,0.6521,1,3,0.156
89.451,0,3,3,0.6167,0.0000,0.5453,-0.6427,-175.7210,0.0000,0.0000,0.0000,0.5333,-0.6648,-173.6916,0.003,9222,-0.0237,-0.0845,0.6466,1,3,0.170
89.550,0,3,3,0.6167,0.0000,0.5441,-0.6342,-175.4649,0.0000,0.0000,0.0000,0.4480,-0.6557,-177.9874,0.006,9227,-0.0244,-0.0835,0.6383,1,3,0.168
89.652,0,3,3,0.6167,0.0000,0.5420,-0.6262,-175.5298,0.0000,0.0000,0.0000,0.5351,-0.6573,-173.2726,0.003,9234,-0.0241,-0.0853,0.6306,1,3,0.172
89.750,0,3,3,0.6167,0.0000,0.5396,-0.6176,-175.6255,0.0000,0.0000,0.0000,0.4552,-0.6335,-177.7797,0.009,9239,-0.0257,-0.1045,0.6224,1,3,0.182
89.851,0,3,3,0.6167,0.0000,0.5378,-0.6089,-175.6195,0.0000,0.0000,0.0000,0.5357,-0.6552,-173.2372,0.003,9246,-0.0251,-0.0851,0.6140,1,3,0.172
89.950,0,3,3,0.6167,0.0000,0.5358,-0.6002,-175.7313,0.0000,0.0000,0.0000,0.4641,-0.6216,-178.1368,0.008,9251,-0.0274,-0.0808,0.6057,1,3,0.163
90.051,0,3,3,0.6167,0.0000,0.5345,-0.5922,-175.8219,0.0000,0.0000,0.0000,0.5180,-0.6089,-177.0246,0.031,9256,-0.0275,-0.0812,0.5979,1,3,0.164
90.152,0,3,3,0.6167,0.0000,0.5319,-0.5848,-175.7867,0.0000,0.0000,0.0000,0.5193,-0.5993,-176.7811,0.003,9264,-0.0281,-0.0811,0.5909,1,3,0.164
90.250,0,3,3,0.6167,0.0000,0.5317,-0.5789,-175.8218,0.0000,0.0000,0.0000,0.5117,-0.6141,-174.0508,0.021,9268,-0.0287,-0.0801,0.5851,1,3,0.162
90.350,0,3,3,0.6167,0.0000,0.5306,-0.5728,-175.6774,0.0000,0.0000,0.0000,0.5286,-0.5791,-177.0327,0.003,9276,-0.0277,-0.0833,0.5792,1,3,0.169
90.450,0,3,3,0.6167,0.0000,0.5296,-0.5680,-175.8928,0.0000,0.0000,0.0000,0.3878,-0.5776,-176.5752,0.020,9281,-0.0272,-0.0851,0.5747,1,3,0.173
90.550,0,3,3,0.6167,0.0000,0.5303,-0.5613,-176.0194,0.0000,0.0000,0.0000,0.4975,-0.5335,-175.9617,0.004,9287,-0.0288,-0.0814,0.5680,1,3,0.165
90.651,0,3,3,0.6167,0.0000,0.5299,-0.5560,-176.0500,0.0000,0.0000,0.0000,0.3823,-0.5730,-177.3165,0.007,9293,-0.0283,-0.1035,0.5627,1,3,0.183
90.750,0,3,3,0.6167,0.0000,0.5290,-0.5479,-176.1073,0.0000,0.0000,0.0000,0.4967,-0.5245,-175.7367,0.008,9299,-0.0282,-0.0840,0.5548,1,3,0.171
90.851,0,3,3,0.6167,0.0000,0.5274,-0.5418,-175.9937,0.0000,0.0000,0.0000,0.5505,-0.5503,-173.3796,0.003,9306,-0.0355,-0.1097,0.5491,1,3,0.165
90.951,0,3,3,0.6167,0.0000,0.5284,-0.5333,-176.0192,0.0000,0.0000,0.0000,0.5003,-0.6721,179.0134,0.009,9311,-0.0291,-0.0829,0.5406,1,3,0.169
91.051,0,3,3,0.6167,0.0000,0.5309,-0.5243,-175.8495,0.0000,0.0000,0.0000,0.5548,-0.5195,-173.3654,0.003,9318,-0.0336,-0.1079,0.5313,1,3,0.170
91.150,0,3,3,0.6167,0.0000,0.5350,-0.5138,-175.9770,0.0000,0.0000,0.0000,0.5071,-0.6494,179.0908,0.008,9323,-0.0293,-0.0812,0.5202,1,3,0.165
91.252,0,3,3,0.6167,0.0000,0.5383,-0.5039,-175.8107,0.0000,0.0000,0.0000,0.4908,-0.4739,-174.9110,0.008,9329,-0.0265,-0.0873,0.5099,1,3,0.178
91.351,0,3,3,0.6167,0.0000,0.5385,-0.4949,-175.6743,0.0000,0.0000,0.0000,0.4934,-0.4613,-174.5303,0.005,9336,-0.0275,-0.0854,0.5011,1,3,0.174
91.450,0,3,3,0.6167,0.0000,0.5384,-0.4874,-175.6511,0.0000,0.0000,0.0000,0.4915,-0.4566,-174.5010,0.039,9340,-0.0281,-0.0844,0.4936,1,3,0.172
91.550,0,3,3,0.6167,0.0000,0.5380,-0.4782,-175.6301,0.0000,0.0000,0.0000,0.5180,-0.6089,179.5294,0.003,9346,-0.0358,-0.1100,0.4846,1,3,0.164
91.651,0,3,3,0.6167,0.0000,0.5385,-0.4697,-175.7600,0.0000,0.0000,0.0000,0.4258,-0.3936,-174.5550,0.003,9353,-0.0289,-0.0839,0.4762,1,3,0.171
91.750,0,3,3,0.6167,0.0000,0.5383,-0.4606,-175.6431,0.0000,0.0000,0.0000,0.4876,-0.4267,-174.0647,0.003,9360,-0.0319,-0.0773,0.4672,1,3,0.157
91.851,0,3,3,0.6167,0.0000,0.5387,-0.4535,-175.6833,0.0000,0.0000,0.0000,0.4236,-0.3913,-175.0447,0.005,9365,-0.0327,-0.1060,0.4602,1,3,0.175
91.952,0,3,3,0.6167,0.0000,0.5389,-0.4437,-175.6433,0.0000,0.0000,0.0000,0.4911,-0.4036,-174.2347,0.007,9371,-0.0312,-0.1041,0.4504,1,3,0.180
92.052,0,3,3,0.6167,0.0000,0.5384,-0.4340,-175.6968,0.0000,0.0000,0.0000,0.5693,-0.4260,-173.0544,0.003,9378,-0.0307,-0.0821,0.4410,1,3,0.168
92.150,0,3,3,0.6167,0.0000,0.5399,-0.4254,-175.6508,0.0000,0.0000,0.0000,0.4895,-0.3872,-173.8992,0.008,9383,-0.0309,-0.0817,0.4322,1,3,0.167
92.254,0,3,3,0.6167,0.0000,0.5393,-0.4176,-175.6946,0.0000,0.0000,0.0000,0.4206,-0.3878,-175.8110,0.020,9389,-0.0308,-0.0829,0.4247,1,3,0.170
92.351,0,3,3,0.6167,0.0000,0.5404,-0.4100,-175.5422,0.0000,0.0000,0.0000,0.5380,-0.5245,179.8349,0.004,9395,-0.0318,-0.0806,0.4170,1,3,0.165
92.451,0,3,3,0.6167,0.0000,0.5413,-0.4026,-175.7023,0.0000,0.0000,0.0000,0.4188,-0.3860,-176.1802,0.006,9401,-0.0344,-0.1060,0.4096,1,3,0.174
92.552,0,3,3,0.6167,0.0000,0.5419,-0.3936,-175.8066,0.0000,0.0000,0.0000,0.4973,-0.3516,-174.0020,0.003,9408,-0.0316,-0.0819,0.4006,1,3,0.168
92.651,0,3,3,0.6167,0.0000,0.5468,-0.3819,-175.6595,0.0000,0.0000,0.0000,0.5740,-0.3792,-173.1811,0.003,9414,-0.0344,-0.1064,0.3882,1,3,0.173
92.750,0,3,3,0.6167,0.0000,0.5534,-0.3694,-175.6121,0.0000,0.0000,0.0000,0.5476,-0.4839,179.7407,0.009,9419,-0.0354,-0.1088,0.3748,1,3,0.167
92.852,0,3,3,0.6167,0.0000,0.5562,-0.3590,-175.6875,0.0000,0.0000,0.0000,0.5774,-0.3604,-173.0869,0.005,9425,-0.0317,-0.0773,0.3641,1,3,0.157
92.953,0,3,3,0.6167,0.0000,0.5640,-0.3450,-175.6734,0.0000,0.0000,0.0000,0.4814,-0.3097,-173.2233,0.003,9432,-0.0319,-0.1075,0.3490,1,3,0.172
93.051,0,3,3,0.6167,0.0000,0.5718,-0.3314,-175.6060,0.0000,0.0000,0.0000,0.9434,-0.0893,-167.0902,0.012,9437,-0.0288,-0.1064,0.3344,1,3,0.176
93.153,0,3,3,0.6167,0.0000,0.5763,-0.3204,-175.4594,0.0000,0.0000,0.0000,0.4777,-0.2940,-172.8599,0.003,9444,-0.0244,-0.0861,0.3230,1,3,0.174
93.250,0,3,3,0.6167,0.0000,0.5826,-0.3091,-175.2731,0.0000,0.0000,0.0000,0.5980,-0.3092,-172.9453,0.003,9450,-0.0232,-0.0855,0.3110,1,3,0.172
93.350,0,3,3,0.6167,0.0000,0.5868,-0.2977,-175.4435,0.0000,0.0000,0.0000,0.4725,-0.2795,-172.5772,0.005,9455,-0.0169,-0.0986,0.2992,1,3,0.202
93.450,0,3,3,0.6167,0.0000,0.5889,-0.2860,-175.5056,0.0000,0.0000,0.0000,0.9332,-0.0565,-167.3089,0.003,9461,-0.0269,-0.1089,0.2873,1,3,0.171
93.552,0,3,3,0.6167,0.0000,0.5957,-0.2730,-175.4663,0.0000,0.0000,0.0000,0.4635,-0.2590,-172.5452,0.003,9468,-0.0206,-0.0846,0.2738,1,3,0.169
93.652,0,3,3,0.6167,0.0000,0.5972,-0.2618,-175.3943,0.0000,0.0000,0.0000,0.9125,-0.0461,-167.7480,0.005,9473,-0.0268,-0.1113,0.2625,1,3,0.165
93.750,0,3,3,0.6167,0.0000,0.6028,-0.2480,-175.3428,0.0000,0.0000,0.0000,0.5870,-0.2896,-179.1309,0.012,9479,-0.0218,-0.1084,0.2484,1,3,0.174
93.850,0,3,3,0.6167,0.0000,0.6065,-0.2340,-175.4164,0.0000,0.0000,0.0000,0.6000,-0.2640,-173.1028,0.005,9486,-0.0150,-0.0906,0.2343,1,3,0.181
93.951,0,3,3,0.6167,0.0000,0.6082,-0.2234,-175.4609,0.0000,0.0000,0.0000,0.5908,-0.2508,-179.1675,0.010,9491,-0.0154,-0.1040,0.2236,1,3,0.187
94.050,0,3,3,0.6167,0.0000,0.6082,-0.2124,-175.5937,0.0000,0.0000,0.0000,0.6045,-0.2403,-173.3842,0.004,9497,-0.0188,-0.0805,0.2126,1,3,0.159
94.151,0,3,3,0.6167,0.0000,0.6121,-0.2019,-175.3489,0.0000,0.0000,0.0000,0.6037,-0.2253,-179.4435,0.006,9503,-0.0146,-0.1049,0.2019,1,3,0.185
94.252,0,3,3,0.6167,0.0000,0.6116,-0.1909,-175.2896,0.0000,0.0000,0.0000,0.4496,-0.1950,-172.2103,0.029,9508,-0.0181,-0.1080,0.1910,1,3,0.176
94.350,0,3,3,0.6167,0.0000,0.6125,-0.1800,-175.3956,0.0000,0.0000,0.0000,0.8559,-0.0243,-169.3766,0.003,9514,-0.0192,-0.1095,0.1801,1,3,0.172
94.451,0,3,3,0.6167,0.0000,0.6142,-0.1678,-175.5292,0.0000,0.0000,0.0000,0.5949,-0.1925,-173.9890,0.004,9522,-0.0148,-0.1060,0.1678,1,3,0.182
94.551,0,3,3,0.6167,0.0000,0.6169,-0.1558,-175.3892,0.0000,0.0000,0.0000,0.4354,-0.1675,-171.9566,0.004,9527,-0.0132,-0.0845,0.1558,1,3,0.167
94.650,0,3,3,0.6167,0.0000,0.6158,-0.1467,-175.3704,0.0000,0.0000,0.0000,0.8369,-0.0274,-170.4553,0.007,9533,-0.0185,-0.1107,0.1467,1,3,0.169
94.753,0,3,3,0.6167,0.0000,0.6185,-0.1347,-175.4360,0.0000,0.0000,0.0000,0.4528,-0.1391,-172.5605,0.013,9539,-0.0187,-0.1129,0.1347,1,3,0.163
94.853,0,3,3,0.6167,0.0000,0.6176,-0.1235,-175.5830,0.0000,0.0000,0.0000,0.8153,0.0027,-170.7837,0.006,9545,-0.0129,-0.1052,0.1235,1,3,0.181
94.950,0,3,3,0.6167,0.0000,0.6195,-0.1116,-175.6668,0.0000,0.0000,0.0000,0.4359,-0.1234,-172.3872,0.003,9552,-0.0154,-0.1005,0.1116,1,3,0.164
95.050,0,3,3,0.6167,0.0000,0.6201,-0.1006,-175.5217,0.0000,0.0000,0.0000,0.5920,-0.1277,-174.3401,0.006,9558,-0.0081,-0.0856,0.1007,1,3,0.182
95.150,0,3,3,0.6167,0.0000,0.6181,-0.0928,-175.5704,0.0000,0.0000,0.0000,0.6374,-0.1227,179.8274,0.003,9562,-0.0075,-0.0776,0.0928,1,3,0.187
95.252,0,3,3,0.6167,0.0000,0.6168,-0.0859,-175.6066,0.0000,0.0000,0.0000,0.5963,-0.1111,-174.2815,0.002,9567,-0.0098,-0.0737,0.0859,1,3,0.179
95.352,0,3,3,0.6167,0.0000,0.6135,-0.0794,-175.4829,0.0000,0.0000,0.0000,0.6350,-0.1232,179.5711,0.002,9571,-0.0111,-0.0672,0.0794,1,3,0.182
95.457,0,3,4,0.6167,0.6167,0.6107,-0.0737,-175.5634,0.0000,0.0000,0.0000,0.5956,-0.1060,-174.0410,0.011,9576,-0.0174,-0.1092,0.6904,1,3,0.173
95.550,0,3,4,0.6167,0.6167,0.6097,-0.0655,-175.6919,0.0000,0.0000,0.0000,0.6016,-0.0928,-174.0361,0.037,9579,-0.0140,-0.1057,0.6822,1,3,0.183
95.651,0,3,4,0.6167,0.6167,0.6072,-0.0565,-175.5801,0.0000,0.0000,0.0000,0.5122,-0.0159,-176.3229,0.006,9585,-0.0166,-0.1078,0.6732,1,3,0.177
95.751,0,3,4,0.6167,0.6167,0.6042,-0.0461,-175.6471,0.0000,0.0000,0.0000,0.4109,-0.0496,-171.7731,0.006,9592,-0.0145,-0.1053,0.6629,1,3,0.184
95.850,0,3,4,0.6167,0.6167,0.6003,-0.0361,-175.7550,0.0000,0.0000,0.0000,0.5140,-0.0152,-176.8374,0.016,9597,-0.0183,-0.1084,0.6529,1,3,0.175
95.953,0,3,4,0.6167,0.6167,0.5990,-0.0260,-175.6346,0.0000,0.0000,0.0000,0.4036,-0.0349,-171.6682,0.002,9604,-0.0172,-0.0815,0.6430,1,3,0.161
96.052,0,3,4,0.6167,0.6167,0.5955,-0.0172,-175.5668,0.0000,0.0000,0.0000,0.5879,-0.0382,-174.3940,0.005,9610,-0.0171,-0.1062,0.6343,1,3,0.181
96.151,0,3,4,0.6167,0.6167,0.5942,-0.0078,-175.6176,0.0000,0.0000,0.0000,0.3933,-0.0171,-171.3667,0.007,9615,-0.0219,-0.1108,0.6249,1,3,0.168
96.251,0,3,4,0.6167,0.6167,0.5910,-0.0016,-175.6756,0.0000,0.0000,0.0000,0.5902,-0.0199,-174.4480,0.006,9622,-0.0159,-0.0878,0.6188,1,3,0.175
96.351,0,3,4,0.6167,0.6167,0.5898,0.0037,-175.6142,0.0000,0.0000,0.0000,0.6401,-0.3879,173.6191,0.006,9627,-0.0216,-0.1096,0.6136,1,3,0.171
96.450,0,3,4,0.6167,0.6167,0.5866,0.0066,-175.7011,0.0000,0.0000,0.0000,0.5875,-0.0008,-174.4467,0.006,9634,-0.0207,-0.1081,0.6108,1,3,0.175
96.552,0,3,4,0.6167,0.6167,0.5858,0.0129,-175.7841,0.0000,0.0000,0.0000,0.7399,-0.0685,177.1009,0.012,9639,-0.0173,-0.0868,0.6046,1,3,0.173
96.651,0,3,4,0.6167,0.6167,0.5854,0.0209,-175.8701,0.0000,0.0000,0.0000,0.5956,0.0148,-174.2154,0.006,9646,-0.0235,-0.1106,0.5965,1,3,0.168
96.751,0,3,4,0.6167,0.6167,0.5808,0.0254,-175.8952,0.0000,0.0000,0.0000,0.3726,0.0341,-170.6544,0.008,9651,-0.0199,-0.0825,0.5924,1,3,0.164
96.852,0,3,4,0.6167,0.6167,0.5742,0.0296,-175.9764,0.0000,0.0000,0.0000,0.6006,0.0308,-174.0605,0.007,9656,-0.0195,-0.0861,0.5886,1,3,0.172
96.950,0,3,4,0.6167,0.6167,0.5699,0.0350,-175.9931,0.0000,0.0000,0.0000,0.5970,0.0438,-174.1787,0.032,9661,-0.0252,-0.1091,0.5835,1,3,0.171
97.052,0,3,4,0.6167,0.6167,0.5645,0.0413,-175.8479,0.0000,0.0000,0.0000,0.3634,0.0554,-170.3711,0.036,9666,-0.0220,-0.1047,0.5777,1,3,0.183
97.150,0,3,4,0.6167,0.6167,0.5613,0.0482,-175.8281,0.0000,0.0000,0.0000,0.2307,-0.5713,164.4622,0.007,9673,-0.0276,-0.1096,0.5712,1,3,0.169
97.252,0,3,4,0.6167,0.6167,0.5536,0.0491,-175.9427,0.0000,0.0000,0.0000,0.5275,0.1092,-176.8984,0.018,9679,-0.0279,-0.1083,0.5711,1,3,0.172
97.352,0,3,4,0.6167,0.6167,0.5517,0.0555,-176.0544,0.0000,0.0000,0.0000,0.3557,0.1037,-170.0404,0.008,9685,-0.0294,-0.1092,0.5649,1,3,0.169
97.451,0,3,4,0.6167,0.6167,0.5454,0.0576,-175.9975,0.0000,0.0000,0.0000,0.5894,0.0950,-174.0023,0.006,9692,-0.0295,-0.1080,0.5635,1,3,0.172
97.551,0,3,4,0.6167,0.6167,0.5441,0.0651,-176.0449,0.0000,0.0000,0.0000,0.3354,-0.0449,-167.9443,0.003,9697,-0.0267,-0.1047,0.5563,1,3,0.181
97.651,0,3,4,0.6167,0.6167,0.5412,0.0694,-175.9430,0.0000,0.0000,0.0000,0.6029,0.1121,-173.5993,0.007,9704,-0.0266,-0.1039,0.5524,1,3,0.183
97.751,0,3,4,0.6167,0.6167,0.5414,0.0769,-175.8402,0.0000,0.0000,0.0000,0.3058,-0.4527,166.5495,0.010,9709,-0.0251,-0.0872,0.5450,1,3,0.177
97.851,0,3,4,0.6167,0.6167,0.5408,0.0856,-175.7096,0.0000,0.0000,0.0000,0.6071,0.1293,-173.1272,0.006,9715,-0.0260,-0.1027,0.5365,1,3,0.186
97.951,0,3,4,0.6167,0.6167,0.5412,0.0926,-175.9158,0.0000,0.0000,0.0000,0.2999,-0.4334,166.4625,0.011,9720,-0.0286,-0.1052,0.5294,1,3,0.179
98.051,0,3,4,0.6167,0.6167,0.5408,0.0978,-176.0245,0.0000,0.0000,0.0000,0.3899,0.0531,-169.8099,0.007,9726,-0.0327,-0.1090,0.5243,1,3,0.168
98.152,0,3,4,0.6167,0.6167,0.5406,0.1065,-176.0238,0.0000,0.0000,0.0000,0.3323,-0.3847,167.1826,0.012,9732,-0.0259,-0.1019,0.5158,1,3,0.188
98.252,0,3,4,0.6167,0.6167,0.5386,0.1102,-176.1219,0.0000,0.0000,0.0000,0.6083,0.1687,-173.2684,0.007,9738,-0.0341,-0.1095,0.5125,1,3,0.166
98.352,0,3,4,0.6167,0.6167,0.5417,0.1220,-175.9077,0.0000,0.0000,0.0000,0.6572,0.3599,-173.2438,0.011,9743,-0.0278,-0.0833,0.5003,1,3,0.169
98.453,0,3,4,0.6167,0.6167,0.5404,0.1260,-175.9280,0.0000,0.0000,0.0000,0.6199,0.1860,-172.5410,0.002,9751,-0.0325,-0.1077,0.4966,1,3,0.171
98.550,0,3,4,0.6167,0.6167,0.5440,0.1378,-175.9618,0.0000,0.0000,0.0000,0.4493,0.1492,-171.2309,0.003,9757,-0.0269,-0.0856,0.4844,1,3,0.174
98.650,0,3,4,0.6167,0.6167,0.5433,0.1418,-176.1226,0.0000,0.0000,0.0000,0.6536,0.3761,-173.4734,0.006,9762,-0.0292,-0.1046,0.4805,1,3,0.180
98.756,0,3,4,0.6167,0.6167,0.5466,0.1536,-175.8867,0.0000,0.0000,0.0000,0.3859,-0.2733,168.8602,0.003,9769,-0.0335,-0.1092,0.4683,1,3,0.167
98.850,0,3,4,0.6167,0.6167,0.5473,0.1611,-175.9657,0.0000,0.0000,0.0000,0.6189,0.2207,-172.3773,0.006,9775,-0.0354,-0.1110,0.4608,1,3,0.162
98.954,0,3,4,0.6167,0.6167,0.5497,0.1705,-176.0047,0.0000,0.0000,0.0000,0.4796,0.2062,-171.8487,0.010,9780,-0.0320,-0.1079,0.4511,1,3,0.171
99.051,0,3,4,0.6167,0.6167,0.5506,0.1788,-176.0323,0.0000,0.0000,0.0000,0.6250,0.2401,-172.2334,0.007,9787,-0.0300,-0.1057,0.4428,1,3,0.177
99.151,0,3,4,0.6167,0.6167,0.5531,0.1892,-175.9030,0.0000,0.0000,0.0000,0.4064,-0.2217,169.4895,0.007,9792,-0.0268,-0.0852,0.4322,1,3,0.173
99.252,0,3,4,0.6167,0.6167,0.5547,0.1967,-175.8718,0.0000,0.0000,0.0000,0.6285,0.2553,-171.7475,0.003,9798,-0.0289,-0.1051,0.4245,1,3,0.179
99.352,0,3,4,0.6167,0.6167,0.5580,0.2112,-175.8124,0.0000,0.0000,0.0000,0.4329,-0.1720,170.4154,0.006,9803,-0.0262,-0.1027,0.4097,1,3,0.186
99.451,0,3,4,0.6167,0.6167,0.5592,0.2191,-175.8956,0.0000,0.0000,0.0000,0.6435,0.2592,-171.1186,0.006,9810,-0.0301,-0.1066,0.4017,1,3,0.175
99.551,0,3,4,0.6167,0.6167,0.5625,0.2285,-175.8859,0.0000,0.0000,0.0000,0.5119,0.2828,-172.4201,0.002,9815,-0.0278,-0.1049,0.3920,1,3,0.180
99.650,0,3,4,0.6167,0.6167,0.5650,0.2388,-175.7690,0.0000,0.0000,0.0000,0.5162,0.2902,-172.5090,0.035,9819,-0.0293,-0.1067,0.3814,1,3,0.175
99.752,0,3,4,0.6167,0.6167,0.5667,0.2478,-175.8095,0.0000,0.0000,0.0000,0.5230,0.3094,-172.5467,0.005,9825,-0.0313,-0.1089,0.3723,1,3,0.169
99.851,0,3,4,0.6167,0.6167,0.5688,0.2610,-175.8328,0.0000,0.0000,0.0000,0.6497,0.4794,-173.3477,0.012,9829,-0.0263,-0.1039,0.3589,1,3,0.183
99.952,0,3,4,0.6167,0.6167,0.5703,0.2706,-175.9065,0.0000,0.0000,0.0000,0.4666,-0.1018,170.9510,0.003,9833,-0.0276,-0.1054,0.3492,1,3,0.179
100.050,0,3,4,0.6167,0.6167,0.5715,0.2794,-175.9897,0.0000,0.0000,0.0000,0.6455,0.4913,-173.8030,0.014,9838,-0.0259,-0.0841,0.3403,1,3,0.170
100.153,0,3,4,0.6167,0.6167,0.5733,0.2883,-175.9523,0.0000,0.0000,0.0000,0.5425,0.3604,-172.6888,0.006,9842,-0.0264,-0.1043,0.3313,1,3,0.189
100.251,0,3,4,0.6167,0.6167,0.5742,0.2957,-176.0292,0.0000,0.0000,0.0000,0.6437,0.5095,-173.7466,0.003,9847,-0.0275,-0.1054,0.3237,1,3,0.179
100.353,0,3,4,0.6167,0.6167,0.5767,0.3083,-176.0812,0.0000,0.0000,0.0000,0.5507,0.3837,-172.8306,0.002,9852,-0.0258,-0.1040,0.3110,1,3,0.183
100.451,0,3,4,0.6167,0.6167,0.5776,0.3162,-175.9777,0.0000,0.0000,0.0000,0.6457,0.5339,-173.4972,0.003,9856,-0.0272,-0.1054,0.3030,1,3,0.179
100.551,0,3,4,0.6167,0.6167,0.5794,0.3252,-176.1292,0.0000,0.0000,0.0000,0.4932,-0.0192,171.7994,0.016,9860,-0.0295,-0.1080,0.2938,1,3,0.172
100.651,0,3,4,0.6167,0.6167,0.5811,0.3383,-176.0650,0.0000,0.0000,0.0000,0.6438,0.5416,-173.6476,0.014,9865,-0.0323,-0.1108,0.2807,1,3,0.164
100.751,0,3,4,0.6167,0.6167,0.5823,0.3487,-176.1734,0.0000,0.0000,0.0000,0.5017,0.0153,172.1276,0.008,9869,-0.0292,-0.1076,0.2701,1,3,0.173
100.850,0,3,4,0.6167,0.6167,0.5742,0.3561,-175.9953,0.0000,0.0000,0.0000,0.1484,0.4154,-162.9679,0.035,9873,-0.0272,-0.1016,0.2640,1,3,0.188
100.952,0,3,4,0.6167,0.6167,0.5719,0.3652,-176.0224,0.0000,0.0000,0.0000,0.1375,0.4359,-162.7041,0.005,9879,-0.0297,-0.1023,0.2554,1,3,0.185
101.050,0,3,4,0.6167,0.6167,0.5649,0.3758,-175.6367,0.0000,0.0000,0.0000,0.1368,0.4369,-162.6847,0.031,9882,-0.0370,-0.1052,0.2464,1,3,0.174
101.152,0,3,4,0.6167,0.6167,0.5634,0.3851,-175.6266,0.0000,0.0000,0.0000,0.1174,0.4494,-161.9871,0.008,9888,-0.0334,-0.0999,0.2376,1,3,0.188
101.250,0,3,4,0.6167,0.6167,0.5580,0.3984,-175.4513,0.0000,0.0000,0.0000,0.6534,0.6369,-172.9606,0.013,9892,-0.0408,-0.1027,0.2260,1,3,0.177
101.351,0,3,4,0.6167,0.6167,0.5567,0.4087,-175.5248,0.0000,0.0000,0.0000,0.1320,0.4775,-162.5076,0.006,9896,-0.0457,-0.1052,0.2164,1,3,0.168
101.450,0,3,4,0.6167,0.6167,0.5516,0.4188,-175.3859,0.0000,0.0000,0.0000,0.6118,0.6470,-173.6887,0.011,9901,-0.0459,-0.1007,0.2083,1,3,0.177
101.551,0,3,4,0.6167,0.6167,0.5509,0.4286,-175.4805,0.0000,0.0000,0.0000,0.5301,0.1013,172.3096,0.007,9905,-0.0502,-0.1025,0.1993,1,3,0.170
101.650,0,3,4,0.6167,0.6167,0.5458,0.4360,-175.3534,0.0000,0.0000,0.0000,0.6187,0.6479,-174.2990,0.003,9910,-0.0532,-0.1006,0.1940,1,3,0.171
101.751,0,3,4,0.6167,0.6167,0.5470,0.4444,-175.4953,0.0000,0.0000,0.0000,0.0975,0.5081,-161.8154,0.007,9915,-0.0499,-0.0959,0.1858,1,3,0.183
101.850,0,3,4,0.6167,0.6167,0.5433,0.4576,-175.3534,0.0000,0.0000,0.0000,0.6238,0.6489,-174.7823,0.012,9919,-0.0541,-0.0937,0.1751,1,3,0.183
101.951,0,3,4,0.6167,0.6167,0.5438,0.4669,-175.3661,0.0000,0.0000,0.0000,0.5602,0.1715,172.7888,0.011,9923,-0.0563,-0.0930,0.1666,1,3,0.182
102.051,0,3,4,0.6167,0.6167,0.5394,0.4734,-175.3596,0.0000,0.0000,0.0000,0.6304,0.6503,-175.4351,0.005,9928,-0.0606,-0.0916,0.1628,1,3,0.180
102.151,0,3,4,0.6167,0.6167,0.5428,0.4823,-175.5851,0.0000,0.0000,0.0000,0.0657,0.5327,-161.2035,0.005,9933,-0.0648,-0.0946,0.1534,1,3,0.170
102.251,0,3,4,0.6167,0.6167,0.5396,0.4929,-175.4195,0.0000,0.0000,0.0000,0.0657,0.5331,-161.1643,0.037,9936,-0.0714,-0.0937,0.1458,1,3,0.164
102.353,0,3,4,0.6167,0.6167,0.5434,0.5054,-175.3708,0.0000,0.0000,0.0000,0.0524,0.5532,-160.9526,0.003,9942,-0.0713,-0.0901,0.1332,1,3,0.170
102.452,0,3,4,0.6167,0.6167,0.5410,0.5117,-175.4623,0.0000,0.0000,0.0000,0.6800,0.7625,-174.2467,0.003,9946,-0.0739,-0.0867,0.1294,1,3,0.172
102.552,0,3,4,0.6167,0.6167,0.5459,0.5193,-175.5209,0.0000,0.0000,0.0000,0.0441,0.5661,-160.7678,0.006,9951,-0.0705,-0.0823,0.1204,1,3,0.175
102.651,0,3,4,0.6167,0.6167,0.5442,0.5301,-175.4792,0.0000,0.0000,0.0000,0.6893,0.7622,-174.8876,0.017,9955,-0.0726,-0.0749,0.1129,1,3,0.169
102.752,0,3,4,0.6167,0.6167,0.5469,0.5371,-175.4014,0.0000,0.0000,0.0000,0.0322,0.5785,-160.3587,0.009,9959,-0.0665,-0.0658,0.1058,1,3,0.179
102.850,0,3,4,0.6167,0.6167,0.5456,0.5422,-175.3680,0.0000,0.0000,0.0000,0.6943,0.7619,-175.2234,0.014,9964,-0.0702,-0.0648,0.1030,1,3,0.168
102.950,0,3,4,0.6167,0.6167,0.5481,0.5476,-175.4508,0.0000,0.0000,0.0000,0.0270,0.6007,-160.1909,0.008,9968,-0.0630,-0.0556,0.0973,1,3,0.184
103.051,0,3,4,0.6167,0.6167,0.5453,0.5495,-175.3768,0.0000,0.0000,0.0000,0.7027,0.7608,-175.7255,0.009,9973,-0.0662,-0.0551,0.0980,1,3,0.180
103.150,0,3,4,0.6167,0.6167,0.5501,0.5526,-175.6249,0.0000,0.0000,0.0000,0.5788,0.1784,169.7898,0.013,9977,-0.0649,-0.0555,0.0924,1,3,0.169
103.251,0,3,4,0.6167,0.6167,0.5541,0.5594,-175.6562,0.0000,0.0000,0.0000,0.0048,0.6051,-159.6247,0.003,9982,-0.0577,-0.0468,0.0848,1,3,0.181
103.351,0,3,4,0.6167,0.6167,0.5495,0.5638,-175.4295,0.0000,0.0000,0.0000,0.5831,0.1791,169.3244,0.010,9986,-0.0598,-0.0305,0.0855,1,3,0.175
103.451,0,3,4,0.6167,0.6167,0.5478,0.5655,-175.4930,0.0000,0.0000,0.0000,0.7166,0.7588,-176.5399,0.016,9991,-0.0637,-0.0428,0.0858,1,3,0.176
103.550,0,3,4,0.6167,0.6167,0.5502,0.5689,-175.4644,0.0000,0.0000,0.0000,-0.0092,0.6247,-159.2327,0.003,9996,-0.0631,-0.0418,0.0819,1,3,0.168
103.651,0,3,4,0.6167,0.6167,0.5472,0.5687,-175.4566,0.0000,0.0000,0.0000,-0.0101,0.6257,-159.0222,0.035,9999,-0.0646,-0.0408,0.0844,1,3,0.173
103.750,0,3,4,0.6167,0.6167,0.5498,0.5613,-175.7545,0.0000,0.0000,0.0000,-0.0295,0.6327,-158.5585,0.005,10004,-0.0641,-0.0481,0.0868,1,3,0.169
103.851,0,3,4,0.6167,0.6167,0.5435,0.5639,-175.6098,0.0000,0.0000,0.0000,-0.0298,0.6335,-158.4606,0.038,10006,-0.0683,-0.0449,0.0902,1,3,0.173
103.951,0,3,4,0.6167,0.6167,0.5475,0.5651,-175.7220,0.0000,0.0000,0.0000,-0.0299,0.6339,-158.4500,0.005,10010,-0.0642,-0.0434,0.0863,1,3,0.175
104.050,0,3,4,0.6167,0.6167,0.5422,0.5694,-175.3463,0.0000,0.0000,0.0000,-0.0440,0.6449,-158.1267,0.034,10012,-0.0668,-0.0383,0.0882,1,3,0.181
104.151,0,3,4,0.6167,0.6167,0.5439,0.5724,-175.3893,0.0000,0.0000,0.0000,-0.0496,0.6470,-157.7387,0.010,10015,-0.0671,-0.0377,0.0852,1,3,0.173
104.251,0,3,4,0.6167,0.6167,0.5405,0.5736,-175.4492,0.0000,0.0000,0.0000,0.7140,0.3582,172.7670,0.027,10018,-0.0686,-0.0355,0.0875,1,3,0.178
104.353,0,3,4,0.6167,0.6167,0.5420,0.5760,-175.4669,0.0000,0.0000,0.0000,0.7189,0.3567,172.3385,0.003,10022,-0.0695,-0.0359,0.0850,1,3,0.168
104.450,0,3,4,0.6167,0.6167,0.5387,0.5769,-175.3476,0.0000,0.0000,0.0000,-0.0611,0.6562,-157.6142,0.035,10024,-0.0709,-0.0338,0.0875,1,3,0.174
104.550,0,3,4,0.6167,0.6167,0.5426,0.5765,-175.3808,0.0000,0.0000,0.0000,0.7210,0.3557,172.2171,0.011,10027,-0.0681,-0.0346,0.0843,1,3,0.172
104.652,0,3,4,0.6167,0.6167,0.5368,0.5803,-175.2591,0.0000,0.0000,0.0000,-0.0695,0.6628,-157.1696,0.033,10030,-0.0771,-0.0356,0.0878,1,3,0.157
104.750,0,3,4,0.6167,0.6167,0.5504,0.5816,-175.6528,0.0000,0.0000,0.0000,0.7481,0.3483,171.8098,0.012,10033,-0.0601,-0.0296,0.0750,1,3,0.175
104.852,0,3,5,0.0000,0.6167,0.5622,0.5868,-175.7897,0.0000,0.0000,0.0000,0.6977,0.8980,-173.9497,0.029,10036,0.0911,-0.0204,0.5630,1,3,0.177
104.950,0,3,5,0.0000,0.6167,0.5539,0.5902,-175.5561,0.0000,0.0000,0.0000,-0.0971,0.6567,-156.3082,0.006,10038,0.0894,-0.0217,0.5545,1,3,0.172
105.050,0,3,5,0.0000,0.6167,0.5284,0.5938,-175.0776,0.0000,0.0000,0.0000,-0.0978,0.6570,-156.1749,0.041,10039,0.0880,-0.0226,0.5289,1,3,0.168
105.151,0,3,5,0.0000,0.6167,0.5113,0.5963,-175.1569,0.0000,0.0000,0.0000,-0.0966,0.6572,-156.6385,0.005,10041,0.0898,-0.0205,0.5117,1,3,0.173
105.251,0,3,5,0.0000,0.6167,0.4863,0.5998,-174.9825,0.0000,0.0000,0.0000,-0.0958,0.6556,-156.9749,0.040,10042,0.0924,-0.0175,0.4866,1,3,0.180
105.351,0,3,5,0.0000,0.6167,0.4693,0.6019,-174.8012,0.0000,0.0000,0.0000,-0.0948,0.6544,-157.2851,0.006,10044,0.0903,-0.0193,0.4695,1,3,0.174
105.451,0,3,5,0.0000,0.6167,0.4447,0.6048,-174.6542,0.0000,0.0000,0.0000,-0.0941,0.6536,-157.5118,0.039,10045,0.0882,-0.0210,0.4448,1,3,0.168
105.551,0,3,5,0.0000,0.6167,0.4280,0.6068,-174.8482,0.0000,0.0000,0.0000,-0.0933,0.6527,-157.7971,0.072,10046,0.0900,-0.0189,0.4281,1,3,0.173
105.651,0,3,5,0.0000,0.6167,0.4060,0.6105,-174.7256,0.0000,0.0000,0.0000,-0.0209,0.6977,-160.2594,0.040,10048,0.0912,-0.0170,0.4060,1,3,0.176
105.750,0,3,5,0.0000,0.6167,0.3906,0.6126,-174.9298,0.0000,0.0000,0.0000,-0.0144,0.6911,-160.8557,0.010,10050,0.0901,-0.0176,0.3906,1,3,0.173
105.850,0,3,5,0.0000,0.6167,0.3694,0.6154,-174.6887,0.0000,0.0000,0.0000,-0.0136,0.6891,-161.1800,0.038,10051,0.0898,-0.0173,0.3694,1,3,0.172
105.950,0,3,5,0.0000,0.6167,0.3542,0.6170,-174.9441,0.0000,0.0000,0.0000,-0.0136,0.6887,-161.3141,0.056,10052,0.0899,-0.0168,0.3542,1,3,0.172
106.051,0,3,5,0.0000,0.6167,0.3340,0.6196,-174.8845,0.0000,0.0000,0.0000,-0.0115,0.6853,-162.1154,0.021,10054,0.0949,-0.0111,0.3340,1,3,0.186
106.153,0,3,5,0.0000,0.6167,0.3193,0.6208,-174.9624,0.0000,0.0000,0.0000,-0.0090,0.6823,-162.7067,0.003,10056,0.0924,-0.0131,0.3193,1,3,0.179
106.250,0,3,5,0.0000,0.6167,0.2999,0.6230,-174.9885,0.0000,0.0000,0.0000,-0.0084,0.6814,-162.9092,0.035,10057,0.0935,-0.0113,0.3000,1,3,0.182
106.351,0,3,5,0.0000,0.6167,0.2859,0.6242,-175.0217,0.0000,0.0000,0.0000,-0.0060,0.6792,-163.4694,0.009,10059,0.0911,-0.0132,0.2860,1,3,0.175
106.451,0,3,5,0.0000,0.6167,0.2677,0.6263,-175.0945,0.0000,0.0000,0.0000,-0.0050,0.6782,-163.7708,0.038,10060,0.0961,-0.0073,0.2678,1,3,0.189
106.550,0,3,5,0.0000,0.6167,0.2541,0.6272,-175.1218,0.0000,0.0000,0.0000,-0.0022,0.6748,-164.4687,0.006,10062,0.0925,-0.0103,0.2543,1,3,0.179
106.650,0,3,5,0.0000,0.6167,0.2369,0.6288,-175.0564,0.0000,0.0000,0.0000,-0.0013,0.6745,-164.6002,0.038,10063,0.0897,-0.0122,0.2372,1,3,0.171
106.752,0,3,5,0.0000,0.6167,0.2239,0.6298,-175.2107,0.0000,0.0000,0.0000,0.0013,0.6720,-165.2420,0.006,10065,0.0929,-0.0083,0.2243,1,3,0.180
106.851,0,3,5,0.0000,0.6167,0.2075,0.6308,-175.0598,0.0000,0.0000,0.0000,0.7047,0.8518,179.0233,0.007,10067,0.0890,-0.0112,0.2080,1,3,0.169
106.950,0,3,5,0.0000,0.6167,0.2111,0.6383,-175.3878,0.0000,0.0000,0.0000,0.0033,0.6699,-165.8746,0.010,10070,0.0925,-0.0042,0.2122,1,3,0.179
107.051,0,3,5,0.0000,0.6167,0.2032,0.6418,-175.4358,0.0000,0.0000,0.0000,0.6990,0.8419,179.4919,0.008,10073,0.0907,-0.0039,0.2048,1,3,0.174
107.151,0,3,5,0.0000,0.6167,0.2064,0.6481,-175.6505,0.0000,0.0000,0.0000,0.1345,0.7555,-169.7741,0.005,10076,0.0922,0.0007,0.2087,1,3,0.179
107.251,0,3,5,0.0000,0.6167,0.2024,0.6535,-175.8095,0.0000,0.0000,0.0000,0.6656,0.7959,176.3353,0.009,10079,0.0909,0.0025,0.2057,1,3,0.176
107.353,0,3,5,0.0000,0.6167,0.2200,0.6641,-176.0701,0.0000,0.0000,0.0000,0.1363,0.7520,-170.3194,0.002,10084,0.0894,0.0046,0.2251,1,3,0.173
107.452,0,3,5,0.0000,0.6167,0.2273,0.6723,-176.2642,0.0000,0.0000,0.0000,0.6625,0.8444,179.3087,0.008,10089,0.0901,0.0084,0.2340,1,3,0.176
107.551,0,3,5,0.0000,0.6167,0.2352,0.6790,-176.3664,0.0000,0.0000,0.0000,0.6575,0.8442,179.3385,0.033,10092,0.0897,0.0103,0.2433,1,3,0.176
107.651,0,3,5,0.0000,0.6167,0.2350,0.6834,-176.3925,0.0000,0.0000,0.0000,0.6424,0.8502,179.3140,0.007,10097,0.0890,0.0117,0.2442,1,3,0.175
107.752,0,3,5,0.0000,0.6167,0.2439,0.6786,-176.7783,0.0000,0.0000,0.0000,0.1384,0.7506,-170.9182,0.005,10102,0.0935,0.0128,0.2516,1,3,0.186
107.851,0,3,5,0.0000,0.6167,0.2373,0.6810,-176.6551,0.0000,0.0000,0.0000,0.1389,0.7492,-171.1008,0.037,10104,0.0896,0.0109,0.2459,1,3,0.176
107.952,0,3,5,0.0000,0.6167,0.2412,0.6854,-176.5744,0.0000,0.0000,0.0000,0.5428,0.7043,173.5946,0.003,10109,0.0873,0.0100,0.2508,1,3,0.170
108.051,0,3,5,0.0000,0.6167,0.2423,0.6884,-176.8175,0.0000,0.0000,0.0000,0.6052,0.8492,179.5462,0.007,10114,0.0867,0.0106,0.2527,1,3,0.169
108.151,0,3,5,0.0000,0.6167,0.2448,0.6917,-176.8119,0.0000,0.0000,0.0000,0.1397,0.7477,-171.4634,0.008,10118,0.0911,0.0162,0.2561,1,3,0.182
108.252,0,3,5,0.0000,0.6167,0.2448,0.6934,-176.9593,0.0000,0.0000,0.0000,0.5870,0.8506,179.5468,0.003,10123,0.0892,0.0150,0.2565,1,3,0.177
108.353,0,3,5,0.0000,0.6167,0.2466,0.6962,-176.9124,0.0000,0.0000,0.0000,0.1395,0.7468,-171.6840,0.008,10127,0.0893,0.0162,0.2591,1,3,0.178
108.451,0,3,5,0.0000,0.6167,0.2450,0.6941,-177.0072,0.0000,0.0000,0.0000,0.5709,0.8452,179.8422,0.009,10132,0.0852,0.0114,0.2570,1,3,0.166
108.552,0,3,5,0.0000,0.6167,0.2484,0.6936,-177.1080,0.0000,0.0000,0.0000,0.1390,0.7465,-171.8177,0.008,10137,0.0875,0.0129,0.2600,1,3,0.172
108.651,0,3,5,0.0000,0.6167,0.2437,0.6933,-176.9503,0.0000,0.0000,0.0000,0.5527,0.8435,-179.8951,0.009,10141,0.0909,0.0168,0.2555,1,3,0.182
108.750,0,3,5,0.0000,0.6167,0.2458,0.6926,-177.0172,0.0000,0.0000,0.0000,0.4661,0.5678,171.3967,0.011,10145,0.0871,0.0125,0.2573,1,3,0.171
108.852,0,3,5,0.0000,0.6167,0.2422,0.6919,-176.9853,0.0000,0.0000,0.0000,0.1385,0.7461,-171.9646,0.009,10149,0.0906,0.0162,0.2536,1,3,0.181
108.952,0,3,5,0.0000,0.6167,0.2413,0.6942,-176.8879,0.0000,0.0000,0.0000,0.2272,0.8028,-174.0842,0.002,10155,0.0851,0.0118,0.2535,1,3,0.166
109.050,0,3,5,0.0000,0.6167,0.2403,0.6941,-176.8295,0.0000,0.0000,0.0000,0.5140,0.8448,-179.3943,0.010,10159,0.0868,0.0137,0.2525,1,3,0.171
109.151,0,3,5,0.0000,0.6167,0.2419,0.6943,-176.9022,0.0000,0.0000,0.0000,0.2272,0.8030,-174.0713,0.008,10164,0.0869,0.0136,0.2540,1,3,0.171
109.254,0,3,5,0.0000,0.6167,0.2382,0.6954,-176.9707,0.0000,0.0000,0.0000,0.2269,0.8034,-174.1313,0.041,10167,0.0845,0.0123,0.2508,1,3,0.165
109.353,0,3,5,0.0000,0.6167,0.2375,0.6968,-176.8376,0.0000,0.0000,0.0000,0.4255,0.5742,172.5997,0.012,10172,0.0883,0.0168,0.2507,1,3,0.176
109.450,0,3,5,0.0000,0.6167,0.2355,0.6964,-176.9391,0.0000,0.0000,0.0000,0.4809,0.8448,-179.1232,0.030,10176,0.0868,0.0155,0.2486,1,3,0.172
109.551,0,3,5,0.0000,0.6167,0.2341,0.6976,-176.9310,0.0000,0.0000,0.0000,0.4103,0.5730,172.9462,0.007,10181,0.0891,0.0186,0.2477,1,3,0.179
109.650,0,3,5,0.0000,0.6167,0.2312,0.6959,-177.1386,0.0000,0.0000,0.0000,0.4632,0.8344,-178.9916,0.008,10186,0.0873,0.0483,0.2444,1,3,0.151
109.751,0,3,5,0.0000,0.6167,0.2304,0.6931,-177.3608,0.0000,0.0000,0.0000,0.3398,0.7154,-176.8908,0.007,10190,0.0813,0.0092,0.2427,1,3,0.156
109.850,0,3,5,0.0000,0.6167,0.2298,0.6895,-177.4233,0.0000,0.0000,0.0000,0.4437,0.8283,-179.1420,0.009,10195,0.0876,0.0465,0.2411,1,3,0.150
109.950,0,3,5,0.0000,0.6167,0.2307,0.6902,-177.3055,0.0000,0.0000,0.0000,0.3575,0.5471,172.2746,0.009,10200,0.0849,0.0532,0.2421,1,3,0.136
110.051,0,3,5,0.0000,0.6167,0.2322,0.6876,-177.3825,0.0000,0.0000,0.0000,0.4283,0.8246,-178.8183,0.008,10207,0.0801,0.0051,0.2428,1,3,0.151
110.151,0,3,5,0.0000,0.6167,0.2327,0.6869,-177.5337,0.0000,0.0000,0.0000,0.3506,0.5456,172.7649,0.014,10212,0.0897,0.0410,0.2431,1,3,0.159
110.251,0,3,5,0.0000,0.6167,0.2314,0.6873,-177.5140,0.0000,0.0000,0.0000,0.4085,0.8199,-178.7901,0.006,10219,0.0851,0.0100,0.2419,1,3,0.165
110.352,0,3,5,0.0000,0.6167,0.2304,0.6867,-177.8715,0.0000,0.0000,0.0000,0.3811,0.8209,178.3139,0.005,10225,0.0833,0.0081,0.2408,1,3,0.160
110.453,0,3,5,0.0000,0.6167,0.2288,0.6894,-178.3698,0.0000,0.0000,0.0000,0.3946,0.8208,-179.5780,0.011,10230,0.0873,0.0136,0.2401,1,3,0.172
110.550,0,3,5,0.0000,0.6167,0.2294,0.6916,-178.7018,0.0000,0.0000,0.0000,0.3747,0.8380,176.6348,0.007,10237,0.0822,0.0304,0.2413,1,3,0.168
110.651,0,3,5,0.0000,0.6167,0.2289,0.6944,-178.3143,0.0000,0.0000,0.0000,0.3549,0.8529,-179.1678,0.013,10242,0.0967,0.0409,0.2418,1,3,0.169
110.750,0,3,5,0.0000,0.6167,0.2267,0.6928,-178.0993,0.0000,0.0000,0.0000,0.3506,0.8260,177.9228,0.003,10249,0.0968,0.0491,0.2392,1,3,0.152
110.850,0,3,5,0.0000,0.6167,0.2247,0.6939,-177.8862,0.0000,0.0000,0.0000,0.3358,0.8495,-178.0923,0.026,10254,0.0966,0.0473,0.2376,1,3,0.157
110.951,0,3,5,0.0000,0.6167,0.2213,0.6924,-177.7219,0.0000,0.0000,0.0000,0.3489,0.8277,178.0316,0.011,10260,0.0726,0.0157,0.2339,1,3,0.148
111.050,0,3,5,0.0000,0.6167,0.2195,0.6920,-177.7805,0.0000,0.0000,0.0000,0.3443,0.7995,-178.0492,0.003,10267,0.0652,0.0127,0.2321,1,3,0.132
111.153,0,3,5,0.0000,0.6167,0.2175,0.6930,-177.7561,0.0000,0.0000,0.0000,0.2348,0.4536,171.3910,0.008,10272,0.0673,0.0143,0.2305,1,3,0.137
111.251,0,3,5,0.0000,0.6167,0.2158,0.6922,-177.5368,0.0000,0.0000,0.0000,0.3321,0.8009,-177.8147,0.007,10279,0.0671,0.0557,0.2286,1,3,0.117
111.351,0,3,5,0.0000,0.6167,0.2134,0.6882,-177.5093,0.0000,0.0000,0.0000,0.2267,0.4497,172.0834,0.015,10284,0.0675,0.0544,0.2250,1,3,0.117
111.451,0,3,5,0.0000,0.6167,0.2119,0.6887,-177.3145,0.0000,0.0000,0.0000,0.3133,0.7959,-177.4324,0.008,10291,0.0674,0.0548,0.2238,1,3,0.117
111.550,0,3,5,0.0000,0.6167,0.2102,0.6880,-177.2102,0.0000,0.0000,0.0000,0.2848,0.7188,-179.8912,0.016,10296,0.0662,0.0128,0.2220,1,3,0.134
111.652,0,3,5,0.0000,0.6167,0.2076,0.6893,-177.0809,0.0000,0.0000,0.0000,0.3015,0.7855,-176.8917,0.003,10303,0.0651,0.0133,0.2199,1,3,0.132
111.750,0,3,5,0.0000,0.6167,0.2063,0.6924,-177.0360,0.0000,0.0000,0.0000,0.2822,0.7901,-179.9441,0.005,10309,0.0914,0.0259,0.2197,1,3,0.190
111.852,0,3,5,0.0000,0.6167,0.2019,0.6936,-176.9340,0.0000,0.0000,0.0000,0.2874,0.7796,-176.6760,0.009,10314,0.0819,0.0232,0.2161,1,3,0.170
111.951,0,3,5,0.0000,0.6167,0.1971,0.6976,-176.8224,0.0000,0.0000,0.0000,0.2712,0.7915,-179.8670,0.008,10321,0.0798,0.0679,0.2131,1,3,0.121
112.052,0,3,5,0.0000,0.6167,0.1919,0.6958,-176.8019,0.0000,0.0000,0.0000,0.2492,0.7754,-176.1884,0.011,10326,0.0790,0.0699,0.2076,1,3,0.117
112.151,0,3,5,0.0000,0.6167,0.1864,0.6950,-176.7015,0.0000,0.0000,0.0000,0.2622,0.7677,-176.5880,0.008,10332,0.0788,0.0705,0.2022,1,3,0.117
112.250,0,3,5,0.0000,0.6167,0.1823,0.6936,-176.6098,0.0000,0.0000,0.0000,0.2370,0.7540,-176.0384,0.020,10338,0.0849,0.0559,0.1978,1,3,0.149
112.351,0,3,5,0.0000,0.6167,0.1762,0.6915,-176.6559,0.0000,0.0000,0.0000,0.2319,0.7705,-179.5682,0.003,10344,0.0852,0.0552,0.1914,1,3,0.151
112.451,0,3,5,0.0000,0.6167,0.1694,0.6927,-176.5722,0.0000,0.0000,0.0000,0.2364,0.7442,-176.2594,0.008,10351,0.0943,0.0335,0.1857,1,3,0.198
112.552,0,3,5,0.0000,0.6167,0.1620,0.6937,-176.6599,0.0000,0.0000,0.0000,0.2155,0.7676,-179.8146,0.006,10357,0.0931,0.0365,0.1794,1,3,0.214
112.651,0,3,5,0.0000,0.6167,0.1552,0.6932,-176.6608,0.0000,0.0000,0.0000,0.2234,0.7342,-176.1017,0.010,10363,0.1010,0.0175,0.1731,1,3,0.156
112.753,0,3,5,0.0000,0.6167,0.1474,0.6938,-176.5548,0.0000,0.0000,0.0000,0.1204,0.8112,-175.7237,0.018,10368,0.0641,0.0400,0.1663,1,3,0.145
112.852,0,3,5,0.0000,0.6167,0.1418,0.6920,-176.5166,0.0000,0.0000,0.0000,0.1972,0.7291,-176.5722,0.005,10375,0.0914,0.0746,0.1606,1,3,0.132
112.950,0,3,5,0.0000,0.6167,0.1353,0.6890,-176.4477,0.0000,0.0000,0.0000,0.1187,0.8095,-175.6590,0.017,10380,0.0658,0.0409,0.1534,1,3,0.149
113.051,0,3,5,0.0000,0.6167,0.1309,0.6883,-176.5548,0.0000,0.0000,0.0000,0.1817,0.7169,-176.3191,0.007,10387,0.0689,0.0417,0.1492,1,3,0.156
113.151,0,3,5,0.0000,0.6167,0.1251,0.6870,-176.5652,0.0000,0.0000,0.0000,0.1765,0.7642,179.5590,0.009,10393,0.0654,0.0428,0.1435,1,3,0.150
113.251,0,3,5,0.0000,0.6167,0.1202,0.6853,-176.4610,0.0000,0.0000,0.0000,0.1700,0.7022,-176.0891,0.006,10398,0.0676,0.0434,0.1384,1,3,0.155
113.352,0,3,5,0.0000,0.6167,0.1153,0.6838,-176.3145,0.0000,0.0000,0.0000,0.1564,0.7639,179.5290,0.008,10405,0.0527,0.0441,0.1334,1,3,0.126
113.451,0,3,5,0.0000,0.6167,0.1120,0.6822,-176.3790,0.0000,0.0000,0.0000,0.1656,0.7013,-175.0584,0.019,10410,0.0486,0.0443,0.1298,1,3,0.118
113.551,0,3,5,0.0000,0.6167,0.1087,0.6796,-176.3941,0.0000,0.0000,0.0000,0.0631,0.7832,-175.0408,0.010,10416,0.0504,0.0439,0.1256,1,3,0.121
113.650,0,3,5,0.0000,0.6167,0.1054,0.6788,-176.4618,0.0000,0.0000,0.0000,0.1472,0.6868,-175.9343,0.007,10423,0.0470,0.0437,0.1223,1,3,0.117
113.751,0,3,5,0.0000,0.6167,0.1017,0.6760,-176.4081,0.0000,0.0000,0.0000,0.1377,0.7572,179.2116,0.008,10428,0.0454,0.0416,0.1178,1,3,0.117
113.851,0,3,5,0.0000,0.6167,0.0980,0.6750,-176.4045,0.0000,0.0000,0.0000,0.1423,0.6799,-175.9302,0.010,10435,0.0436,0.0410,0.1140,1,3,0.117
113.951,0,3,5,0.0000,0.6167,0.0941,0.6730,-176.4566,0.0000,0.0000,0.0000,0.1304,0.7561,178.9621,0.006,10441,0.0418,0.0397,0.1097,1,3,0.117
114.051,0,3,5,0.0000,0.6167,0.0910,0.6713,-176.3763,0.0000,0.0000,0.0000,0.1275,0.6686,-176.0491,0.003,10447,0.0404,0.0385,0.1061,1,3,0.117
114.151,0,3,5,0.0000,0.6167,0.0880,0.6695,-176.2772,0.0000,0.0000,0.0000,0.0185,0.7275,-175.1516,0.020,10452,0.0391,0.0372,0.1027,1,3,0.117
114.251,0,3,5,0.0000,0.6167,0.0844,0.6648,-176.2636,0.0000,0.0000,0.0000,0.1253,0.6688,-175.9638,0.007,10459,0.0378,0.0337,0.0972,1,3,0.117
114.351,0,3,5,0.0000,0.6167,0.0799,0.6603,-176.1487,0.0000,0.0000,0.0000,0.0176,0.7267,-175.0917,0.016,10464,0.0360,0.0304,0.0911,1,3,0.117
114.450,0,3,5,0.0000,0.6167,0.0756,0.6538,-176.0218,0.0000,0.0000,0.0000,0.1148,0.6571,-175.8776,0.006,10471,0.0344,0.0254,0.0842,1,3,0.117
114.551,0,3,5,0.0000,0.6167,0.0716,0.6505,-175.9692,0.0000,0.0000,0.0000,-0.0301,0.4470,-171.4821,0.002,10477,0.0327,0.0230,0.0792,1,3,0.117
114.663,0,3,6,-0.6167,0.6167,0.0671,0.6451,-175.8144,0.0000,0.0000,0.0000,-0.0305,0.4459,-171.5921,0.051,10481,0.0585,-0.0029,0.6844,1,3,0.117
114.754,0,3,6,-0.6167,0.6167,0.0614,0.6436,-175.8108,0.0000,0.0000,0.0000,0.1357,0.6621,-174.1297,0.003,10488,0.0590,-0.0030,0.6786,1,3,0.118
114.854,0,3,6,-0.6167,0.6167,0.0552,0.6405,-175.7674,0.0000,0.0000,0.0000,0.1272,0.6502,-174.4925,0.004,10494,0.0589,-0.0035,0.6723,1,3,0.118
114.951,0,3,6,-0.6167,0.6167,0.0503,0.6393,-175.8187,0.0000,0.0000,0.0000,-0.0526,0.4339,-171.4845,0.006,10500,0.0584,-0.0036,0.6673,1,3,0.117
115.051,0,3,6,-0.6167,0.6167,0.0435,0.6369,-175.8519,0.0000,0.0000,0.0000,0.0946,0.6403,-175.8849,0.006,10507,0.0584,-0.0039,0.6605,1,3,0.117
115.152,0,3,6,-0.6167,0.6167,0.0380,0.6359,-175.8733,0.0000,0.0000,0.0000,-0.0807,0.4206,-171.2679,0.002,10513,0.0584,-0.0041,0.6550,1,3,0.117
115.253,0,3,6,-0.6167,0.6167,0.0312,0.6336,-175.9163,0.0000,0.0000,0.0000,0.0810,0.6330,-175.9779,0.006,10519,0.0584,-0.0044,0.6481,1,3,0.117
115.352,0,3,6,-0.6167,0.6167,0.0253,0.6333,-175.9159,0.0000,0.0000,0.0000,-0.0878,0.4208,-171.5279,0.006,10525,0.0584,-0.0044,0.6422,1,3,0.117
115.451,0,3,6,-0.6167,0.6167,0.0190,0.6305,-175.8360,0.0000,0.0000,0.0000,0.0617,0.6414,-176.4048,0.010,10531,0.0584,-0.0048,0.6358,1,3,0.117
115.550,0,3,6,-0.6167,0.6167,0.0126,0.6300,-175.7097,0.0000,0.0000,0.0000,-0.0369,0.6947,-175.6611,0.014,10536,0.0584,-0.0049,0.6294,1,3,0.117
115.653,0,3,6,-0.6167,0.6167,0.0071,0.6291,-175.7951,0.0000,0.0000,0.0000,-0.1051,0.4174,-171.3214,0.002,10543,0.0604,-0.0050,0.6239,1,3,0.121
115.750,0,3,6,-0.6167,0.6167,-0.0001,0.6269,-175.8558,0.0000,0.0000,0.0000,-0.0363,0.6982,-176.0924,0.017,10548,0.0584,-0.0053,0.6166,1,3,0.117
115.852,0,3,6,-0.6167,0.6167,-0.0074,0.6241,-175.9188,0.0000,0.0000,0.0000,0.0419,0.6454,-176.5561,0.012,10554,0.0583,-0.0058,0.6093,1,3,0.117
115.952,0,3,6,-0.6167,0.6167,-0.0126,0.6244,-175.7981,0.0000,0.0000,0.0000,-0.1439,0.3994,-171.1241,0.007,10561,0.0583,-0.0057,0.6041,1,3,0.117
116.050,0,3,6,-0.6167,0.6167,-0.0198,0.6215,-175.7740,0.0000,0.0000,0.0000,-0.1452,0.4008,-171.1574,0.037,10565,0.0583,-0.0062,0.5969,1,3,0.117
116.152,0,3,6,-0.6167,0.6167,-0.0252,0.6218,-175.7515,0.0000,0.0000,0.0000,0.0215,0.6479,-176.7210,0.006,10572,0.0583,-0.0062,0.5915,1,3,0.117
116.252,0,3,6,-0.6167,0.6167,-0.0315,0.6197,-175.7672,0.0000,0.0000,0.0000,0.0479,0.6397,-175.5134,0.013,10578,0.0583,-0.0065,0.5851,1,3,0.117
116.352,0,3,6,-0.6167,0.6167,-0.0381,0.6204,-175.8710,0.0000,0.0000,0.0000,-0.1565,0.4077,-171.5701,0.005,10585,0.0583,-0.0064,0.5786,1,3,0.117
116.451,0,3,6,-0.6167,0.6167,-0.0447,0.6183,-175.8997,0.0000,0.0000,0.0000,0.0069,0.6479,-176.8435,0.008,10591,0.0583,-0.0067,0.5720,1,3,0.117
116.552,0,3,6,-0.6167,0.6167,-0.0505,0.6181,-175.7870,0.0000,0.0000,0.0000,-0.1864,0.3913,-171.1477,0.006,10596,0.0583,-0.0068,0.5661,1,3,0.117
116.650,0,3,6,-0.6167,0.6167,-0.0577,0.6168,-175.7878,0.0000,0.0000,0.0000,-0.0084,0.6464,-176.7945,0.007,10603,0.0583,-0.0070,0.5589,1,3,0.117
116.750,0,3,6,-0.6167,0.6167,-0.0640,0.6178,-175.8156,0.0000,0.0000,0.0000,-0.0999,0.7200,-176.0099,0.014,10608,0.0583,-0.0068,0.5527,1,3,0.117
116.851,0,3,6,-0.6167,0.6167,-0.0712,0.6161,-175.8051,0.0000,0.0000,0.0000,-0.1944,0.3963,-171.4605,0.014,10614,0.0582,-0.0071,0.5454,1,3,0.117
116.950,0,3,6,-0.6167,0.6167,-0.0779,0.6166,-175.8330,0.0000,0.0000,0.0000,-0.0998,0.7213,-176.2167,0.017,10618,0.0583,-0.0070,0.5388,1,3,0.117
117.050,0,3,6,-0.6167,0.6167,-0.0847,0.6141,-175.8210,0.0000,0.0000,0.0000,-0.2116,0.3909,-171.3277,0.012,10623,0.0582,-0.0075,0.5320,1,3,0.117
117.152,0,3,6,-0.6167,0.6167,-0.0911,0.6146,-176.0240,0.0000,0.0000,0.0000,-0.2175,0.3913,-171.5914,0.005,10628,0.0582,-0.0074,0.5256,1,3,0.117
117.251,0,3,6,-0.6167,0.6167,-0.0985,0.6119,-175.9005,0.0000,0.0000,0.0000,-0.2214,0.3920,-171.6795,0.039,10631,0.0582,-0.0079,0.5182,1,3,0.117
117.351,0,3,6,-0.6167,0.6167,-0.1045,0.6129,-175.8979,0.0000,0.0000,0.0000,-0.2377,0.3837,-171.4229,0.009,10637,0.0582,-0.0077,0.5122,1,3,0.117
117.451,0,3,6,-0.6167,0.6167,-0.1083,0.6136,-176.0225,0.0000,0.0000,0.0000,-0.0200,0.6396,-176.2496,0.011,10641,0.0582,-0.0076,0.5084,1,3,0.117
117.552,0,3,6,-0.6167,0.6167,-0.1155,0.6143,-175.9623,0.0000,0.0000,0.0000,0.1402,0.7041,176.9803,0.005,10646,0.0582,-0.0075,0.5012,1,3,0.117
117.650,0,3,6,-0.6167,0.6167,-0.1191,0.6148,-176.0678,0.0000,0.0000,0.0000,-0.0309,0.6382,-176.3893,0.019,10650,0.0582,-0.0074,0.4976,1,3,0.117
117.751,0,3,6,-0.6167,0.6167,-0.1233,0.6169,-176.1747,0.0000,0.0000,0.0000,-0.2716,0.3739,-171.3199,0.006,10654,0.0583,-0.0070,0.4934,1,3,0.117
117.850,0,3,6,-0.6167,0.6167,-0.1295,0.6176,-176.1476,0.0000,0.0000,0.0000,-0.0423,0.6384,-176.4227,0.020,10659,0.0583,-0.0068,0.4872,1,3,0.117
117.951,0,3,6,-0.6167,0.6167,-0.1363,0.6168,-176.1243,0.0000,0.0000,0.0000,-0.1706,0.7338,-176.4445,0.007,10663,0.0583,-0.0070,0.4804,1,3,0.117
118.052,0,3,6,-0.6167,0.6167,-0.1439,0.6151,-175.9893,0.0000,0.0000,0.0000,-0.0527,0.6385,-176.3465,0.020,10668,0.0582,-0.0073,0.4728,1,3,0.117
118.151,0,3,6,-0.6167,0.6167,-0.1506,0.6156,-175.9705,0.0000,0.0000,0.0000,-0.1715,0.7337,-176.4790,0.016,10672,0.0582,-0.0072,0.4660,1,3,0.117
118.251,0,3,6,-0.6167,0.6167,-0.1582,0.6126,-176.0122,0.0000,0.0000,0.0000,-0.0650,0.6344,-176.5079,0.021,10677,0.0582,-0.0079,0.4584,1,3,0.117
118.350,0,3,6,-0.6167,0.6167,-0.1661,0.6130,-175.9379,0.0000,0.0000,0.0000,-0.2265,0.7290,-175.9730,0.016,10681,0.0582,-0.0078,0.4506,1,3,0.117
118.451,0,3,6,-0.6167,0.6167,-0.1733,0.6100,-175.7919,0.0000,0.0000,0.0000,-0.3103,0.3737,-171.4140,0.016,10686,0.0581,-0.0085,0.4434,1,3,0.117
118.552,0,3,6,-0.6167,0.6167,-0.1806,0.6107,-175.9122,0.0000,0.0000,0.0000,-0.3144,0.3750,-171.4705,0.002,10691,0.0581,-0.0084,0.4361,1,3,0.117
118.652,0,3,6,-0.6167,0.6167,-0.1885,0.6077,-175.8507,0.0000,0.0000,0.0000,-0.1818,0.6760,-176.1266,0.009,10695,0.0596,-0.0091,0.4282,1,3,0.120
118.750,0,3,6,-0.6167,0.6167,-0.1955,0.6080,-175.7878,0.0000,0.0000,0.0000,-0.2656,0.7378,-175.6251,0.006,10699,0.0581,-0.0091,0.4212,1,3,0.117
118.851,0,3,6,-0.6167,0.6167,-0.2043,0.6065,-175.8256,0.0000,0.0000,0.0000,-0.0974,0.6282,-176.7483,0.007,10704,0.0581,-0.0095,0.4125,1,3,0.117
118.950,0,3,6,-0.6167,0.6167,-0.2107,0.6078,-175.8497,0.0000,0.0000,0.0000,-0.3449,0.3678,-171.5538,0.003,10709,0.0581,-0.0092,0.4061,1,3,0.117
119.050,0,3,6,-0.6167,0.6167,-0.2186,0.6045,-175.7210,0.0000,0.0000,0.0000,-0.1103,0.6252,-177.1404,0.017,10713,0.0580,-0.0101,0.3983,1,3,0.117
119.150,0,3,6,-0.6167,0.6167,-0.2267,0.6036,-175.9365,0.0000,0.0000,0.0000,-0.3536,0.3713,-171.7203,0.006,10717,0.0580,-0.0103,0.3902,1,3,0.117
119.250,0,3,6,-0.6167,0.6167,-0.2342,0.6026,-176.0627,0.0000,0.0000,0.0000,-0.1247,0.6264,-177.4439,0.016,10722,0.0579,-0.0107,0.3828,1,3,0.117
119.350,0,3,6,-0.6167,0.6167,-0.2416,0.6038,-176.0197,0.0000,0.0000,0.0000,-0.3781,0.3613,-171.7645,0.003,10727,0.0580,-0.0104,0.3753,1,3,0.117
119.450,0,3,6,-0.6167,0.6167,-0.2486,0.6011,-176.0075,0.0000,0.0000,0.0000,-0.1403,0.6161,-177.9724,0.018,10731,0.0579,-0.0112,0.3684,1,3,0.117
119.550,0,3,6,-0.6167,0.6167,-0.2557,0.6025,-175.9748,0.0000,0.0000,0.0000,-0.2973,0.7451,-176.3317,0.016,10735,0.0579,-0.0109,0.3613,1,3,0.117
119.651,0,3,6,-0.6167,0.6167,-0.2600,0.6059,-176.2023,0.0000,0.0000,0.0000,-0.1609,0.9116,173.2412,0.012,10740,0.0580,-0.0100,0.3568,1,3,0.117
119.752,0,3,6,-0.6167,0.6167,-0.2650,0.6131,-176.4220,0.0000,0.0000,0.0000,-0.3368,0.7562,-175.8914,0.018,10744,0.0582,-0.0080,0.3517,1,3,0.117
119.850,0,3,6,-0.6167,0.6167,-0.2673,0.6214,-176.4812,0.0000,0.0000,0.0000,-0.1635,0.6090,-178.2763,0.021,10749,0.0623,-0.0057,0.3494,1,3,0.125
119.953,0,3,6,-0.6167,0.6167,-0.2719,0.6262,-176.6201,0.0000,0.0000,0.0000,-0.1736,0.9152,173.1831,0.002,10754,0.0584,-0.0043,0.3449,1,3,0.117
120.050,0,3,6,-0.6167,0.6167,-0.2758,0.6351,-176.8002,0.0000,0.0000,0.0000,-0.1733,0.9147,173.1121,0.037,10757,0.0585,-0.0016,0.3414,1,3,0.117
120.151,0,3,6,-0.6167,0.6167,-0.2794,0.6403,-176.7171,0.0000,0.0000,0.0000,-0.1698,0.9415,172.5447,0.007,10763,0.0585,-0.0000,0.3380,1,3,0.117
120.251,0,3,6,-0.6167,0.6167,-0.2816,0.6436,-176.7687,0.0000,0.0000,0.0000,-0.1799,0.6040,-178.0450,0.019,10767,0.0585,0.0010,0.3361,1,3,0.117
120.353,0,3,6,-0.6167,0.6167,-0.2861,0.6438,-176.6707,0.0000,0.0000,0.0000,-0.3376,0.7569,-176.0204,0.006,10771,0.0585,0.0012,0.3317,1,3,0.117
120.451,0,3,6,-0.6167,0.6167,-0.2912,0.6460,-176.5002,0.0000,0.0000,0.0000,-0.2907,0.6752,-176.4416,0.019,10776,0.0585,0.0020,0.3268,1,3,0.117
120.550,0,3,6,-0.6167,0.6167,-0.2969,0.6467,-176.3974,0.0000,0.0000,0.0000,-0.2106,0.6291,-179.0980,0.007,10780,0.0585,0.0024,0.3212,1,3,0.117
120.651,0,3,6,-0.6167,0.6167,-0.3015,0.6477,-176.4014,0.0000,0.0000,0.0000,-0.3050,0.6724,-176.1109,0.019,10785,0.0585,0.0028,0.3167,1,3,0.117
120.751,0,3,6,-0.6167,0.6167,-0.3079,0.6493,-176.3755,0.0000,0.0000,0.0000,-0.2156,0.9280,173.7509,0.008,10790,0.0584,0.0035,0.3105,1,3,0.117
120.852,0,3,6,-0.6167,0.6167,-0.3124,0.6563,-176.5337,0.0000,0.0000,0.0000,-0.2152,0.9277,173.7071,0.014,10794,0.0583,0.0059,0.3068,1,3,0.117
120.951,0,3,6,-0.6167,0.6167,-0.3183,0.6605,-176.5252,0.0000,0.0000,0.0000,-0.3767,0.7493,-175.3758,0.017,10798,0.0582,0.0076,0.3015,1,3,0.117
121.052,0,3,6,-0.6167,0.6167,-0.3230,0.6663,-176.6101,0.0000,0.0000,0.0000,-0.3219,0.6761,-175.7056,0.021,10803,0.0580,0.0097,0.2978,1,3,0.117
121.150,0,3,6,-0.6167,0.6167,-0.3289,0.6697,-176.4665,0.0000,0.0000,0.0000,-0.3786,0.7471,-175.2592,0.017,10807,0.0579,0.0112,0.2926,1,3,0.117
121.251,0,3,6,-0.6167,0.6167,-0.3386,0.6617,-176.2714,0.0000,0.0000,0.0000,-0.3326,0.6734,-175.3026,0.025,10812,0.0581,0.0090,0.2817,1,3,0.117
121.351,0,3,6,-0.6167,0.6167,-0.3469,0.6579,-176.2560,0.0000,0.0000,0.0000,-0.4945,0.3332,-170.4374,0.003,10818,0.0582,0.0081,0.2729,1,3,0.117
121.451,0,3,6,-0.6167,0.6167,-0.3554,0.6501,-176.0503,0.0000,0.0000,0.0000,-0.4959,0.3344,-170.4922,0.036,10822,0.0583,0.0057,0.2634,1,3,0.117
121.551,0,3,6,-0.6167,0.6167,-0.3621,0.6464,-175.9927,0.0000,0.0000,0.0000,-0.4996,0.3362,-170.5034,0.005,10830,0.0599,0.0046,0.2563,1,3,0.120
121.653,0,3,6,-0.6167,0.6167,-0.3702,0.6395,-176.0507,0.0000,0.0000,0.0000,-0.3599,0.6546,-175.9447,0.019,10835,0.0585,0.0022,0.2476,1,3,0.117
121.750,0,3,6,-0.6167,0.6167,-0.3769,0.6361,-176.0028,0.0000,0.0000,0.0000,-0.2711,0.5762,-176.0605,0.003,10841,0.0585,0.0011,0.2406,1,3,0.117
121.852,0,3,6,-0.6167,0.6167,-0.3846,0.6306,-175.8911,0.0000,0.0000,0.0000,-0.3737,0.6596,-175.8819,0.018,10847,0.0590,-0.0010,0.2324,1,3,0.118
121.951,0,3,6,-0.6167,0.6167,-0.3904,0.6274,-175.9308,0.0000,0.0000,0.0000,-0.4708,0.7348,-174.6521,0.007,10853,0.0585,-0.0023,0.2266,1,3,0.117
122.051,0,3,6,-0.6167,0.6167,-0.3993,0.6236,-175.8572,0.0000,0.0000,0.0000,-0.3102,0.5906,-177.1089,0.006,10860,0.0584,-0.0038,0.2175,1,3,0.117
122.151,0,3,6,-0.6167,0.6167,-0.4059,0.6226,-175.8474,0.0000,0.0000,0.0000,-0.5550,0.3055,-170.4075,0.005,10866,0.0584,-0.0042,0.2109,1,3,0.117
122.251,0,3,6,-0.6167,0.6167,-0.4138,0.6181,-175.9411,0.0000,0.0000,0.0000,-0.3956,0.6641,-175.9307,0.016,10871,0.0583,-0.0063,0.2029,1,3,0.117
122.350,0,3,6,-0.6167,0.6167,-0.4201,0.6174,-175.9750,0.0000,0.0000,0.0000,-0.4873,0.7295,-175.2388,0.013,10877,0.0583,-0.0067,0.1966,1,3,0.117
122.451,0,3,6,-0.6167,0.6167,-0.4282,0.6130,-175.8046,0.0000,0.0000,0.0000,-0.3195,0.5834,-176.8163,0.006,10884,0.0581,-0.0090,0.1885,1,3,0.117
122.551,0,3,6,-0.6167,0.6167,-0.4342,0.6126,-175.7905,0.0000,0.0000,0.0000,-0.5831,0.2991,-170.4987,0.005,10890,0.0601,-0.0093,0.1825,1,3,0.121
122.652,0,3,6,-0.6167,0.6167,-0.4421,0.6085,-175.8829,0.0000,0.0000,0.0000,-0.3246,0.5834,-176.5922,0.010,10895,0.0578,-0.0117,0.1748,1,3,0.117
122.752,0,3,6,-0.6167,0.6167,-0.4476,0.6095,-175.8072,0.0000,0.0000,0.0000,-0.5921,0.3041,-171.0080,0.007,10902,0.0579,-0.0112,0.1692,1,3,0.117
122.851,0,3,6,-0.6167,0.6167,-0.4550,0.6063,-175.7920,0.0000,0.0000,0.0000,-0.4337,0.6493,-176.8305,0.017,10907,0.0576,-0.0134,0.1620,1,3,0.117
122.952,0,3,6,-0.6167,0.6167,-0.4606,0.6072,-175.8720,0.0000,0.0000,0.0000,-0.6012,0.3068,-171.0562,0.005,10914,0.0576,-0.0131,0.1563,1,3,0.117
123.050,0,3,6,-0.6167,0.6167,-0.4682,0.6046,-175.7437,0.0000,0.0000,0.0000,-0.4453,0.6598,-176.7568,0.018,10919,0.0574,-0.0151,0.1489,1,3,0.117
123.151,0,3,6,-0.6167,0.6167,-0.4742,0.6058,-175.7532,0.0000,0.0000,0.0000,-0.6123,0.3095,-170.9922,0.006,10926,0.0574,-0.0146,0.1429,1,3,0.117
123.251,0,3,6,-0.6167,0.6167,-0.4816,0.6036,-175.7502,0.0000,0.0000,0.0000,-0.3642,0.5954,-176.8470,0.003,10932,0.0571,-0.0166,0.1357,1,3,0.117
123.352,0,3,6,-0.6167,0.6167,-0.4868,0.6039,-175.7114,0.0000,0.0000,0.0000,-0.6431,0.2879,-170.5052,0.007,10937,0.0571,-0.0168,0.1305,1,3,0.117
123.451,0,3,6,-0.6167,0.6167,-0.4950,0.6029,-175.8186,0.0000,0.0000,0.0000,-0.3689,0.5947,-176.6537,0.006,10944,0.0557,-0.0178,0.1224,1,3,0.117
123.550,0,3,6,-0.6167,0.6167,-0.5007,0.6047,-175.8702,0.0000,0.0000,0.0000,-0.5553,0.7497,-175.6214,0.014,10949,0.0532,-0.0160,0.1166,1,3,0.117
123.652,0,3,6,-0.6167,0.6167,-0.5080,0.6029,-175.8367,0.0000,0.0000,0.0000,-0.6557,0.2965,-171.0164,0.011,10955,0.0496,-0.0171,0.1096,1,3,0.117
123.752,0,3,6,-0.6167,0.6167,-0.5127,0.6050,-175.9189,0.0000,0.0000,0.0000,-0.6619,0.2988,-171.1198,0.003,10962,0.0476,-0.0152,0.1047,1,3,0.117
123.850,0,3,6,-0.6167,0.6167,-0.5199,0.6033,-175.8931,0.0000,0.0000,0.0000,-0.3998,0.6109,-177.4693,0.005,10968,0.0441,-0.0161,0.0977,1,3,0.117
123.951,0,3,6,-0.6167,0.6167,-0.5245,0.6054,-175.9407,0.0000,0.0000,0.0000,-0.6698,0.3029,-171.2698,0.005,10974,0.0421,-0.0141,0.0928,1,3,0.117
124.050,0,3,6,-0.6167,0.6167,-0.5302,0.6017,-175.8565,0.0000,0.0000,0.0000,-0.4058,0.6105,-177.2114,0.003,10978,0.0390,-0.0168,0.0878,1,3,0.117
124.150,0,3,6,-0.6167,0.6167,-0.5344,0.6048,-175.8272,0.0000,0.0000,0.0000,-0.7252,0.2598,-170.1195,0.004,10985,0.0374,-0.0141,0.0831,1,3,0.117
124.253,0,3,6,-0.6167,0.6167,-0.5378,0.6092,-175.9588,0.0000,0.0000,0.0000,-0.5021,0.6849,-176.7849,0.003,10990,0.0362,-0.0103,0.0792,1,3,0.117
124.350,0,3,7,-0.6167,1.2333,-0.5372,0.6229,-176.2504,0.0000,0.0000,0.0000,-0.4126,1.0288,171.3591,0.010,10997,-0.0356,-0.0998,0.6156,1,3,0.117
124.450,0,3,7,-0.6167,1.2333,-0.5330,0.6378,-176.0893,0.0000,0.0000,0.0000,-0.5205,0.6728,-177.5251,0.026,11002,-0.0346,-0.0998,0.6014,1,3,0.117
124.550,0,3,7,-0.6167,1.2333,-0.5284,0.6525,-175.7768,0.0000,0.0000,0.0000,-0.4017,1.0362,172.1032,0.004,11008,-0.0319,-0.0997,0.5875,1,3,0.120
124.650,0,3,7,-0.6167,1.2333,-0.5272,0.6654,-175.8953,0.0000,0.0000,0.0000,-0.4313,0.6588,-177.0171,0.008,11015,-0.0314,-0.0996,0.5749,1,3,0.120
124.751,0,3,7,-0.6167,1.2333,-0.5253,0.6735,-175.7773,0.0000,0.0000,0.0000,-0.6856,0.3350,-170.3338,0.003,11020,-0.0324,-0.0996,0.5673,1,3,0.117
124.851,0,3,7,-0.6167,1.2333,-0.5264,0.6797,-175.6479,0.0000,0.0000,0.0000,-0.4261,0.6773,-176.8208,0.006,11027,-0.0304,-0.0996,0.5609,1,3,0.121
124.950,0,3,7,-0.6167,1.2333,-0.5240,0.6886,-175.7322,0.0000,0.0000,0.0000,-0.5800,0.8262,-174.8838,0.016,11031,-0.0317,-0.0995,0.5526,1,3,0.117
125.050,0,3,7,-0.6167,1.2333,-0.5238,0.6950,-175.6552,0.0000,0.0000,0.0000,-0.4207,0.6974,-176.9358,0.008,11038,-0.0315,-0.0995,0.5463,1,3,0.117
125.150,0,3,7,-0.6167,1.2333,-0.5208,0.7026,-175.5692,0.0000,0.0000,0.0000,-0.4179,0.7032,-176.8565,0.036,11041,-0.0307,-0.0994,0.5394,1,3,0.117
125.251,0,3,7,-0.6167,1.2333,-0.5208,0.7092,-175.5306,0.0000,0.0000,0.0000,-0.4149,0.7166,-176.6748,0.004,11048,-0.0295,-0.0994,0.5328,1,3,0.119
125.352,0,3,7,-0.6167,1.2333,-0.5194,0.7198,-175.6937,0.0000,0.0000,0.0000,-0.6608,0.4175,-170.8386,0.002,11054,-0.0298,-0.0993,0.5226,1,3,0.117
125.451,0,3,7,-0.6167,1.2333,-0.5204,0.7258,-175.6076,0.0000,0.0000,0.0000,-0.5070,0.7717,-176.9098,0.003,11060,-0.0298,-0.0993,0.5166,1,3,0.117
125.552,0,3,7,-0.6167,1.2333,-0.5182,0.7340,-175.7097,0.0000,0.0000,0.0000,-0.6481,0.4517,-171.2566,0.002,11064,-0.0291,-0.0992,0.5090,1,3,0.117
125.650,0,3,7,-0.6167,1.2333,-0.5181,0.7412,-175.6073,0.0000,0.0000,0.0000,-0.5056,0.7870,-177.2286,0.017,11069,-0.0288,-0.0992,0.5019,1,3,0.117
125.752,0,3,7,-0.6167,1.2333,-0.5166,0.7511,-175.5978,0.0000,0.0000,0.0000,-0.4064,0.7646,-176.8230,0.009,11074,-0.0281,-0.0991,0.4926,1,3,0.117
125.851,0,3,7,-0.6167,1.2333,-0.5151,0.7588,-175.6430,0.0000,0.0000,0.0000,-0.5032,0.7979,-177.5493,0.020,11080,-0.0275,-0.0990,0.4853,1,3,0.117
125.950,0,3,7,-0.6167,1.2333,-0.5120,0.7669,-175.6144,0.0000,0.0000,0.0000,-0.6440,0.4953,-171.2819,0.004,11085,-0.0265,-0.0989,0.4780,1,3,0.117
126.050,0,3,7,-0.6167,1.2333,-0.5119,0.7751,-175.6546,0.0000,0.0000,0.0000,-0.3959,0.7990,-176.6625,0.005,11091,-0.0261,-0.0988,0.4700,1,3,0.117
126.152,0,3,7,-0.6167,1.2333,-0.5088,0.7838,-175.6517,0.0000,0.0000,0.0000,-0.6272,0.5316,-171.7265,0.003,11095,-0.0250,-0.0986,0.4623,1,3,0.117
126.251,0,3,7,-0.6167,1.2333,-0.5088,0.7922,-175.6601,0.0000,0.0000,0.0000,-0.3925,0.8188,-176.7107,0.003,11101,-0.0246,-0.0986,0.4541,1,3,0.117
126.350,0,3,7,-0.6167,1.2333,-0.5058,0.8010,-175.6560,0.0000,0.0000,0.0000,-0.3915,0.8273,-176.7564,0.033,11104,-0.0235,-0.0984,0.4463,1,3,0.117
126.451,0,3,7,-0.6167,1.2333,-0.5038,0.8101,-175.6316,0.0000,0.0000,0.0000,-0.3887,0.8393,-176.6540,0.005,11109,-0.0226,-0.0982,0.4380,1,3,0.117
126.550,0,3,7,-0.6167,1.2333,-0.5037,0.8204,-175.5973,0.0000,0.0000,0.0000,-0.5946,1.0087,-174.1256,0.017,11115,-0.0219,-0.0981,0.4281,1,3,0.117
126.650,0,3,7,-0.6167,1.2333,-0.5029,0.8279,-175.5857,0.0000,0.0000,0.0000,-0.3877,0.8616,-176.6165,0.004,11121,-0.0198,-0.0979,0.4211,1,3,0.120
126.751,0,3,7,-0.6167,1.2333,-0.4976,0.8419,-175.8647,0.0000,0.0000,0.0000,-0.3768,1.0787,175.9091,0.003,11125,-0.0192,-0.0975,0.4092,1,3,0.117
126.850,0,3,7,-0.6167,1.2333,-0.4925,0.8574,-175.9978,0.0000,0.0000,0.0000,-0.3814,0.8804,-176.7519,0.005,11129,-0.0169,-0.0969,0.3959,1,3,0.117
126.952,0,3,7,-0.6167,1.2333,-0.4877,0.8715,-175.9665,0.0000,0.0000,0.0000,-0.3970,1.0785,176.6211,0.002,11134,-0.0126,-0.0963,0.3841,1,3,0.121
127.050,0,3,7,-0.6167,1.2333,-0.4836,0.8869,-176.1537,0.0000,0.0000,0.0000,-0.4693,0.9558,-176.2526,0.019,11138,-0.0103,-0.0956,0.3711,1,3,0.121
127.151,0,3,7,-0.6167,1.2333,-0.4809,0.9011,-175.9983,0.0000,0.0000,0.0000,-0.4014,1.0817,177.1069,0.003,11144,-0.0103,-0.0950,0.3589,1,3,0.117
127.250,0,3,7,-0.6167,1.2333,-0.4775,0.9161,-176.1003,0.0000,0.0000,0.0000,-0.3795,0.9228,-176.4283,0.003,11149,-0.0078,-0.0942,0.3464,1,3,0.117
127.352,0,3,7,-0.6167,1.2333,-0.4742,0.9281,-176.2162,0.0000,0.0000,0.0000,-0.3995,1.0783,177.6631,0.003,11153,-0.0057,-0.0934,0.3368,1,3,0.117
127.450,0,3,7,-0.6167,1.2333,-0.4704,0.9369,-176.2780,0.0000,0.0000,0.0000,-0.3788,0.9431,-176.3089,0.010,11158,-0.0036,-0.0926,0.3306,1,3,0.117
127.550,0,3,7,-0.6167,1.2333,-0.4700,0.9472,-176.4166,0.0000,0.0000,0.0000,-0.4050,1.0820,178.1679,0.003,11163,-0.0022,-0.0920,0.3215,1,3,0.117
127.651,0,3,7,-0.6167,1.2333,-0.4685,0.9539,-176.5927,0.0000,0.0000,0.0000,-0.3800,0.9638,-176.2487,0.002,11168,-0.0010,-0.0914,0.3163,1,3,0.117
127.750,0,3,7,-0.6167,1.2333,-0.4657,0.9669,-176.4346,0.0000,0.0000,0.0000,-0.4076,1.0833,178.3488,0.026,11171,0.0016,-0.0902,0.3062,1,3,0.117
127.851,0,3,7,-0.6167,1.2333,-0.4640,0.9748,-176.4566,0.0000,0.0000,0.0000,-0.3828,0.9832,-175.7987,0.003,11177,0.0032,-0.0895,0.3003,1,3,0.117
127.951,0,3,7,-0.6167,1.2333,-0.4624,0.9830,-176.5233,0.0000,0.0000,0.0000,-0.3793,0.9894,-175.5271,0.041,11180,0.0054,-0.0886,0.2940,1,3,0.118
128.050,0,3,7,-0.6167,1.2333,-0.4616,0.9932,-176.6295,0.0000,0.0000,0.0000,-0.3819,1.0016,-175.5220,0.011,11186,0.0067,-0.0876,0.2859,1,3,0.117
128.150,0,3,7,-0.6167,1.2333,-0.4606,1.0014,-176.5963,0.0000,0.0000,0.0000,-0.4213,1.0952,179.6333,0.006,11190,0.0084,-0.0867,0.2796,1,3,0.117
128.251,0,3,7,-0.6167,1.2333,-0.4602,1.0101,-176.5421,0.0000,0.0000,0.0000,-0.4654,0.8264,175.5441,0.003,11194,0.0100,-0.0857,0.2726,1,3,0.117
128.351,0,3,7,-0.6167,1.2333,-0.4590,1.0159,-176.6183,0.0000,0.0000,0.0000,-0.4370,0.7496,170.9443,0.010,11200,0.0114,-0.0849,0.2685,1,3,0.117
128.450,0,3,7,-0.6167,1.2333,-0.4584,1.0173,-176.8806,0.0000,0.0000,0.0000,-0.3908,1.0419,-175.2695,0.005,11207,0.0118,-0.0846,0.2678,1,3,0.117
128.551,0,3,7,-0.6167,1.2333,-0.4582,1.0236,-176.8204,0.0000,0.0000,0.0000,-0.4351,1.1035,-179.1483,0.007,11212,0.0130,-0.0838,0.2629,1,3,0.117
128.650,0,3,7,-0.6167,1.2333,-0.4588,1.0274,-176.8651,0.0000,0.0000,0.0000,-0.3945,1.0576,-174.9558,0.010,11219,0.0136,-0.0834,0.2595,1,3,0.117
128.752,0,3,7,-0.6167,1.2333,-0.4596,1.0368,-176.6351,0.0000,0.0000,0.0000,-0.4778,0.8700,174.8546,0.007,11224,0.0153,-0.0823,0.2516,1,3,0.117
128.851,0,3,7,-0.6167,1.2333,-0.4605,1.0438,-176.6037,0.0000,0.0000,0.0000,-0.4018,1.0785,-174.5441,0.012,11231,0.0165,-0.0815,0.2456,1,3,0.117
128.951,0,3,7,-0.6167,1.2333,-0.4622,1.0479,-176.6505,0.0000,0.0000,0.0000,-0.4817,0.8745,174.7987,0.022,11236,0.0170,-0.0811,0.2413,1,3,0.117
129.051,0,3,7,-0.6167,1.2333,-0.4635,1.0594,-176.5451,0.0000,0.0000,0.0000,-0.4050,1.0950,-174.1400,0.011,11243,0.0192,-0.0795,0.2318,1,3,0.117
129.151,0,3,7,-0.6167,1.2333,-0.4653,1.0660,-176.6202,0.0000,0.0000,0.0000,-0.4884,0.8877,174.6564,0.019,11248,0.0202,-0.0787,0.2256,1,3,0.117
129.253,0,3,7,-0.6167,1.2333,-0.4674,1.0734,-176.5115,0.0000,0.0000,0.0000,-0.4149,1.1149,-174.2924,0.009,11254,0.0259,-0.0777,0.2188,1,3,0.117
129.351,0,3,7,-0.6167,1.2333,-0.4688,1.0785,-176.6071,0.0000,0.0000,0.0000,-0.4915,0.8932,174.5901,0.014,11260,0.0223,-0.0770,0.2141,1,3,0.117
129.451,0,3,7,-0.6167,1.2333,-0.4699,1.0854,-176.5596,0.0000,0.0000,0.0000,-0.4204,1.1330,-174.0321,0.014,11266,0.0238,-0.0757,0.2084,1,3,0.117
129.551,0,3,7,-0.6167,1.2333,-0.4725,1.0909,-176.5474,0.0000,0.0000,0.0000,-0.4376,1.1587,-177.3668,0.006,11273,0.0245,-0.0751,0.2026,1,3,0.117
129.650,0,3,7,-0.6167,1.2333,-0.4752,1.1009,-176.4059,0.0000,0.0000,0.0000,-0.5059,1.2329,-171.1393,0.017,11278,0.0265,-0.0733,0.1938,1,3,0.117
129.750,0,3,7,-0.6167,1.2333,-0.4773,1.1050,-176.4425,0.0000,0.0000,0.0000,-0.4461,1.1628,-176.8151,0.006,11285,0.0271,-0.0727,0.1895,1,3,0.117
129.851,0,3,7,-0.6167,1.2333,-0.4801,1.1122,-176.3317,0.0000,0.0000,0.0000,-0.5186,1.2573,-170.5469,0.021,11290,0.0285,-0.0714,0.1826,1,3,0.117
129.952,0,3,7,-0.6167,1.2333,-0.4824,1.1175,-176.3082,0.0000,0.0000,0.0000,-0.4546,1.1669,-176.2820,0.002,11297,0.0295,-0.0704,0.1773,1,3,0.117
130.050,0,3,7,-0.6167,1.2333,-0.4852,1.1239,-176.3514,0.0000,0.0000,0.0000,-0.4460,1.1825,-173.5909,0.012,11303,0.0307,-0.0692,0.1711,1,3,0.117
130.152,0,3,7,-0.6167,1.2333,-0.4886,1.1315,-176.2353,0.0000,0.0000,0.0000,-0.4556,1.2002,-176.6855,0.009,11308,0.0322,-0.0676,0.1637,1,3,0.117
130.250,0,3,7,-0.6167,1.2333,-0.4918,1.1371,-176.3019,0.0000,0.0000,0.0000,-0.4545,1.1970,-173.5197,0.008,11315,0.0332,-0.0665,0.1577,1,3,0.117
130.350,0,3,7,-0.6167,1.2333,-0.4947,1.1412,-176.3833,0.0000,0.0000,0.0000,-0.5065,0.9978,176.6308,0.016,11320,0.0339,-0.0657,0.1529,1,3,0.117
130.451,0,3,7,-0.6167,1.2333,-0.4989,1.1509,-176.1168,0.0000,0.0000,0.0000,-0.4620,1.2022,-176.2742,0.002,11327,0.0362,-0.0629,0.1438,1,3,0.117
130.551,0,3,7,-0.6167,1.2333,-0.5025,1.1569,-176.1498,0.0000,0.0000,0.0000,-0.5145,1.0057,176.6440,0.017,11332,0.0395,-0.0613,0.1374,1,3,0.121
130.651,0,3,7,-0.6167,1.2333,-0.5062,1.1636,-176.0566,0.0000,0.0000,0.0000,-0.4757,1.2251,-173.4991,0.013,11339,0.0391,-0.0592,0.1306,1,3,0.117
130.751,0,3,7,-0.6167,1.2333,-0.5106,1.1693,-176.1360,0.0000,0.0000,0.0000,-0.4818,1.2186,-175.7882,0.003,11345,0.0404,-0.0571,0.1239,1,3,0.118
130.850,0,3,7,-0.6167,1.2333,-0.5139,1.1743,-176.2268,0.0000,0.0000,0.0000,-0.5183,1.0096,177.4558,0.003,11351,0.0394,-0.0529,0.1185,1,3,0.117
130.950,0,3,7,-0.6167,1.2333,-0.5182,1.1784,-176.1912,0.0000,0.0000,0.0000,-0.4837,1.2194,-175.7855,0.010,11357,0.0381,-0.0493,0.1127,1,3,0.117
131.050,0,3,7,-0.6167,1.2333,-0.5213,1.1826,-176.3092,0.0000,0.0000,0.0000,-0.5762,1.3510,-169.0175,0.011,11362,0.0374,-0.0459,0.1081,1,3,0.117
131.150,0,3,7,-0.6167,1.2333,-0.5256,1.1900,-176.1757,0.0000,0.0000,0.0000,-0.4639,1.2681,-176.7659,0.009,11369,0.0368,-0.0397,0.1009,1,3,0.117
131.251,0,3,7,-0.6167,1.2333,-0.5294,1.1976,-175.9762,0.0000,0.0000,0.0000,-0.5835,1.3534,-169.0391,0.030,11374,0.0363,-0.0334,0.0943,1,3,0.117
131.353,0,3,7,-0.6167,1.2333,-0.5330,1.2028,-175.8622,0.0000,0.0000,0.0000,-0.4727,1.2709,-176.2788,0.007,11380,0.0355,-0.0290,0.0891,1,3,0.117
131.451,0,3,7,-0.6167,1.2333,-0.5367,1.2085,-175.9341,0.0000,0.0000,0.0000,-0.5178,1.2674,-173.6062,0.012,11387,0.0346,-0.0243,0.0838,1,3,0.117
131.551,0,3,7,-0.6167,1.2333,-0.5398,1.2090,-176.0528,0.0000,0.0000,0.0000,-0.5042,1.2598,-175.8656,0.003,11393,0.0332,-0.0237,0.0806,1,3,0.117
131.650,0,3,7,-0.6167,1.2333,-0.5436,1.2138,-175.9621,0.0000,0.0000,0.0000,-0.5251,1.2700,-173.6317,0.014,11399,0.0321,-0.0197,0.0756,1,3,0.117
131.751,0,3,8,-1.2333,1.2333,-0.5472,1.2156,-175.8580,0.0000,0.0000,0.0000,-0.5564,1.0971,178.5565,0.021,11404,0.0580,-0.0096,0.6864,1,3,0.117
131.850,0,3,8,-1.2333,1.2333,-0.5534,1.2197,-175.8056,0.0000,0.0000,0.0000,-0.5322,1.2748,-173.4730,0.012,11411,0.0581,-0.0090,0.6800,1,3,0.117
131.951,0,3,8,-1.2333,1.2333,-0.5593,1.2203,-175.8573,0.0000,0.0000,0.0000,-0.5675,1.1023,178.7095,0.017,11416,0.0581,-0.0089,0.6742,1,3,0.117
132.050,0,3,8,-1.2333,1.2333,-0.5654,1.2238,-175.9068,0.0000,0.0000,0.0000,-0.5485,1.2780,-173.8034,0.006,11423,0.0581,-0.0084,0.6680,1,3,0.117
132.151,0,3,8,-1.2333,1.2333,-0.5711,1.2248,-175.8630,0.0000,0.0000,0.0000,-0.5281,1.2654,-175.9431,0.003,11429,0.1060,0.0069,0.6622,1,3,0.167
132.255,0,3,8,-1.2333,1.2333,-0.5792,1.2256,-175.9468,0.0000,0.0000,0.0000,-0.6332,1.3723,-168.6598,0.004,11435,0.0582,-0.0082,0.6542,1,3,0.117
132.350,0,3,8,-1.2333,1.2333,-0.5855,1.2279,-175.8591,0.0000,0.0000,0.0000,-0.5274,1.2655,-176.0990,0.005,11441,0.0582,-0.0078,0.6479,1,3,0.117
132.452,0,3,8,-1.2333,1.2333,-0.5913,1.2309,-175.8497,0.0000,0.0000,0.0000,-0.5755,1.2769,-173.9102,0.002,11447,0.0582,-0.0074,0.6420,1,3,0.117
132.552,0,3,8,-1.2333,1.2333,-0.5977,1.2311,-175.9198,0.0000,0.0000,0.0000,-0.5842,1.2560,-175.6098,0.003,11453,0.1049,0.0051,0.6357,1,3,0.173
132.653,0,3,8,-1.2333,1.2333,-0.6065,1.2333,-175.7891,0.0000,0.0000,0.0000,-0.5888,1.2775,-174.0119,0.002,11459,0.0583,-0.0070,0.6268,1,3,0.117
132.753,0,3,8,-1.2333,1.2333,-0.6126,1.2347,-175.8554,0.0000,0.0000,0.0000,-0.6219,1.1264,179.2348,0.003,11464,0.0998,-0.0068,0.6208,1,3,0.221
132.850,0,3,8,-1.2333,1.2333,-0.6211,1.2364,-176.1157,0.0000,0.0000,0.0000,-0.6039,1.2762,-174.2767,0.012,11471,0.0583,-0.0065,0.6122,1,3,0.117
132.951,0,3,8,-1.2333,1.2333,-0.6271,1.2377,-176.3412,0.0000,0.0000,0.0000,-0.6441,1.1323,178.5587,0.004,11476,0.0998,-0.0063,0.6062,1,3,0.206
133.050,0,3,8,-1.2333,1.2333,-0.6355,1.2399,-176.0904,0.0000,0.0000,0.0000,-0.6176,1.2775,-174.6816,0.013,11483,0.0583,-0.0059,0.5979,1,3,0.117
133.150,0,3,8,-1.2333,1.2333,-0.6415,1.2400,-176.1460,0.0000,0.0000,0.0000,-0.6507,1.1352,178.8837,0.015,11488,0.0583,-0.0059,0.5918,1,3,0.117
133.250,0,3,8,-1.2333,1.2333,-0.6480,1.2424,-176.1949,0.0000,0.0000,0.0000,-0.5844,1.2841,-177.1999,0.003,11494,0.0584,-0.0055,0.5854,1,3,0.117
133.351,0,3,8,-1.2333,1.2333,-0.6534,1.2433,-176.2649,0.0000,0.0000,0.0000,-0.6621,1.1411,178.9239,0.016,11500,0.1062,0.0099,0.5800,1,3,0.167
133.452,0,3,8,-1.2333,1.2333,-0.6624,1.2453,-176.1690,0.0000,0.0000,0.0000,-0.6448,1.2779,-174.9460,0.016,11507,0.0584,-0.0049,0.5710,1,3,0.117
133.550,0,3,8,-1.2333,1.2333,-0.6679,1.2454,-176.1141,0.0000,0.0000,0.0000,-0.6138,1.2900,-177.3378,0.004,11513,0.0999,-0.0049,0.5655,1,3,0.231
133.650,0,3,8,-1.2333,1.2333,-0.6761,1.2480,-176.0679,0.0000,0.0000,0.0000,-0.6607,1.2773,-174.8469,0.011,11519,0.0584,-0.0044,0.5574,1,3,0.117
133.752,0,3,8,-1.2333,1.2333,-0.6818,1.2488,-176.1196,0.0000,0.0000,0.0000,-0.6934,1.1468,179.2276,0.009,11524,0.0999,-0.0042,0.5517,1,3,0.231
133.850,0,3,8,-1.2333,1.2333,-0.6914,1.2494,-176.2346,0.0000,0.0000,0.0000,-0.7404,1.3629,-169.4415,0.024,11530,0.0999,-0.0041,0.5422,1,3,0.233
133.952,0,3,8,-1.2333,1.2333,-0.7005,1.2490,-176.2659,0.0000,0.0000,0.0000,-0.6665,1.2814,-177.3173,0.007,11537,0.1058,0.0102,0.5330,1,3,0.169
134.050,0,3,8,-1.2333,1.2333,-0.7093,1.2503,-176.1539,0.0000,0.0000,0.0000,-0.6965,1.2770,-175.3282,0.011,11543,0.0584,-0.0038,0.5243,1,3,0.117
134.153,0,3,8,-1.2333,1.2333,-0.7157,1.2508,-176.1306,0.0000,0.0000,0.0000,-0.6677,1.2817,-177.3161,0.012,11548,0.0584,-0.0037,0.5179,1,3,0.117
134.250,0,3,8,-1.2333,1.2333,-0.7214,1.2525,-176.1395,0.0000,0.0000,0.0000,-0.7115,1.2764,-175.3626,0.011,11555,0.0584,-0.0033,0.5123,1,3,0.117
134.351,0,3,8,-1.2333,1.2333,-0.7273,1.2526,-176.2318,0.0000,0.0000,0.0000,-0.6583,1.3313,-178.4813,0.003,11561,0.1061,0.0116,0.5064,1,3,0.168
134.450,0,3,8,-1.2333,1.2333,-0.7354,1.2541,-176.1833,0.0000,0.0000,0.0000,-0.7233,1.2737,-175.3286,0.009,11567,0.0585,-0.0028,0.4983,1,3,0.117
134.550,0,3,8,-1.2333,1.2333,-0.7413,1.2541,-176.1935,0.0000,0.0000,0.0000,-0.7596,1.1432,178.8903,0.017,11572,0.1076,0.0157,0.4925,1,3,0.160
134.650,0,3,8,-1.2333,1.2333,-0.7498,1.2551,-176.1058,0.0000,0.0000,0.0000,-0.7366,1.2744,-175.3625,0.014,11579,0.0620,-0.0025,0.4840,1,3,0.124
134.751,0,3,8,-1.2333,1.2333,-0.7564,1.2543,-176.1703,0.0000,0.0000,0.0000,-0.7739,1.1450,179.0484,0.017,11584,0.0585,-0.0026,0.4774,1,3,0.117
134.850,0,3,8,-1.2333,1.2333,-0.7626,1.2562,-176.1208,0.0000,0.0000,0.0000,-0.7545,1.2710,-175.4138,0.014,11591,0.0585,-0.0022,0.4712,1,3,0.117
134.950,0,3,8,-1.2333,1.2333,-0.7687,1.2557,-176.3070,0.0000,0.0000,0.0000,-0.7087,1.3240,-178.3967,0.007,11597,0.0585,-0.0022,0.4652,1,3,0.117
135.052,0,3,8,-1.2333,1.2333,-0.7740,1.2569,-176.2263,0.0000,0.0000,0.0000,-0.8292,1.3560,-169.2509,0.007,11602,0.0585,-0.0019,0.4600,1,3,0.117
135.151,0,3,8,-1.2333,1.2333,-0.7805,1.2573,-176.2311,0.0000,0.0000,0.0000,-0.7079,1.3241,-178.6699,0.005,11609,0.0585,-0.0017,0.4534,1,3,0.117
135.252,0,3,8,-1.2333,1.2333,-0.7865,1.2591,-176.1025,0.0000,0.0000,0.0000,-0.7797,1.2708,-175.5485,0.014,11615,0.0585,-0.0013,0.4476,1,3,0.117
135.350,0,3,8,-1.2333,1.2333,-0.7925,1.2593,-176.1116,0.0000,0.0000,0.0000,-0.7467,1.3032,-177.9724,0.003,11620,0.0585,-0.0011,0.4416,1,3,0.117
135.451,0,3,8,-1.2333,1.2333,-0.7988,1.2597,-176.0859,0.0000,0.0000,0.0000,-0.7920,1.2706,-175.5889,0.013,11627,0.1000,-0.0009,0.4354,1,3,0.225
135.551,0,3,8,-1.2333,1.2333,-0.8072,1.2587,-176.2156,0.0000,0.0000,0.0000,-0.7599,1.3296,-178.4677,0.006,11633,0.0585,-0.0011,0.4269,1,3,0.117
135.650,0,3,8,-1.2333,1.2333,-0.8131,1.2605,-176.1903,0.0000,0.0000,0.0000,-0.8083,1.2688,-175.7192,0.014,11639,0.0585,-0.0006,0.4211,1,3,0.117
135.753,0,3,8,-1.2333,1.2333,-0.8194,1.2595,-176.2776,0.0000,0.0000,0.0000,-0.7563,1.3295,-178.7764,0.003,11645,0.0610,-0.0007,0.4147,1,3,0.122
135.850,0,3,8,-1.2333,1.2333,-0.8253,1.2612,-176.0989,0.0000,0.0000,0.0000,-0.8213,1.2682,-175.7293,0.014,11651,0.0585,-0.0002,0.4090,1,3,0.117
135.950,0,3,8,-1.2333,1.2333,-0.8315,1.2601,-176.0775,0.0000,0.0000,0.0000,-0.8510,1.1419,178.6751,0.018,11656,0.0585,-0.0004,0.4027,1,3,0.117
136.054,0,3,8,-1.2333,1.2333,-0.8378,1.2609,-175.9805,0.0000,0.0000,0.0000,-0.8353,1.2670,-175.5544,0.008,11663,0.0585,-0.0001,0.3965,1,3,0.117
136.151,0,3,8,-1.2333,1.2333,-0.8431,1.2605,-176.0430,0.0000,0.0000,0.0000,-0.7611,1.3300,-178.7001,0.007,11668,0.0585,-0.0001,0.3912,1,3,0.117
136.252,0,3,8,-1.2333,1.2333,-0.8482,1.2611,-176.1097,0.0000,0.0000,0.0000,-0.9055,1.3436,-168.8678,0.003,11673,0.0585,0.0002,0.3861,1,3,0.117
136.351,0,3,8,-1.2333,1.2333,-0.8548,1.2609,-176.1092,0.0000,0.0000,0.0000,-0.7998,1.3432,-178.7342,0.011,11679,0.1000,0.0002,0.3796,1,3,0.230
136.450,0,3,8,-1.2333,1.2333,-0.8628,1.2623,-176.1591,0.0000,0.0000,0.0000,-0.9198,1.3427,-168.8149,0.018,11684,0.0585,0.0008,0.3717,1,3,0.117
136.553,0,3,8,-1.2333,1.2333,-0.8690,1.2612,-176.1795,0.0000,0.0000,0.0000,-0.7964,1.3429,-179.0495,0.008,11691,0.0585,0.0006,0.3654,1,3,0.117
136.650,0,3,8,-1.2333,1.2333,-0.8747,1.2625,-176.0184,0.0000,0.0000,0.0000,-0.9322,1.3377,-168.9158,0.025,11696,0.0585,0.0011,0.3598,1,3,0.117
136.751,0,3,8,-1.2333,1.2333,-0.8810,1.2613,-176.1498,0.0000,0.0000,0.0000,-0.8158,1.3468,-178.8342,0.010,11703,0.0585,0.0009,0.3534,1,3,0.117
136.850,0,3,8,-1.2333,1.2333,-0.8869,1.2627,-176.1003,0.0000,0.0000,0.0000,-0.8880,1.2659,-175.8781,0.012,11709,0.0585,0.0014,0.3477,1,3,0.117
136.951,0,3,8,-1.2333,1.2333,-0.8928,1.2625,-176.1684,0.0000,0.0000,0.0000,-0.8279,1.3445,-178.8896,0.007,11714,0.0585,0.0015,0.3418,1,3,0.117
137.053,0,3,8,-1.2333,1.2333,-0.8988,1.2626,-176.1327,0.0000,0.0000,0.0000,-0.9008,1.2645,-175.9336,0.017,11721,0.0585,0.0017,0.3358,1,3,0.117
137.152,0,3,8,-1.2333,1.2333,-0.9050,1.2613,-176.2091,0.0000,0.0000,0.0000,-0.9259,1.1433,178.8607,0.020,11726,0.0585,0.0015,0.3296,1,3,0.117
137.252,0,3,8,-1.2333,1.2333,-0.9111,1.2621,-176.0537,0.0000,0.0000,0.0000,-0.8902,1.3054,-177.9167,0.016,11732,0.0585,0.0019,0.3235,1,3,0.117
137.350,0,3,8,-1.2333,1.2333,-0.9175,1.2604,-176.0351,0.0000,0.0000,0.0000,-0.9386,1.1426,179.0095,0.021,11737,0.1000,0.0015,0.3170,1,3,0.232
137.451,0,3,8,-1.2333,1.2333,-0.9264,1.2602,-176.0913,0.0000,0.0000,0.0000,-0.8934,1.3048,-177.7400,0.009,11744,0.0585,0.0017,0.3081,1,3,0.117
137.551,0,3,8,-1.2333,1.2333,-0.9325,1.2589,-176.0593,0.0000,0.0000,0.0000,-0.9547,1.1381,178.6398,0.024,11749,0.1084,0.0218,0.3019,1,3,0.156
137.650,0,3,8,-1.2333,1.2333,-0.9405,1.2577,-176.1485,0.0000,0.0000,0.0000,-0.9943,1.3252,-168.6838,0.006,11756,0.0585,0.0013,0.2939,1,3,0.117
137.750,0,3,8,-1.2333,1.2333,-0.9473,1.2566,-176.2320,0.0000,0.0000,0.0000,-0.9095,1.3364,-178.5331,0.007,11762,0.0585,0.0011,0.2870,1,3,0.117
137.850,0,3,8,-1.2333,1.2333,-0.9537,1.2576,-176.0630,0.0000,0.0000,0.0000,-1.0102,1.3208,-168.8184,0.016,11767,0.0585,0.0016,0.2807,1,3,0.117
137.952,0,3,8,-1.2333,1.2333,-0.9603,1.2569,-176.0128,0.0000,0.0000,0.0000,-0.9098,1.3364,-178.5694,0.006,11774,0.0585,0.0016,0.2741,1,3,0.117
138.051,0,3,8,-1.2333,1.2333,-0.9663,1.2578,-176.0326,0.0000,0.0000,0.0000,-0.9702,1.2608,-176.0181,0.005,11780,0.0585,0.0021,0.2681,1,3,0.117
138.151,0,3,8,-1.2333,1.2333,-0.9720,1.2589,-176.0729,0.0000,0.0000,0.0000,-0.9052,1.3378,-178.8756,0.014,11785,0.0585,0.0027,0.2626,1,3,0.117
138.250,0,3,8,-1.2333,1.2333,-0.9789,1.2593,-176.0840,0.0000,0.0000,0.0000,-0.9804,1.2556,-176.0193,0.011,11792,0.0585,0.0031,0.2558,1,3,0.117
138.352,0,3,8,-1.2333,1.2333,-0.9846,1.2586,-176.1428,0.0000,0.0000,0.0000,-0.9003,1.3401,-179.3368,0.003,11797,0.0585,0.0031,0.2500,1,3,0.117
138.451,0,3,8,-1.2333,1.2333,-0.9906,1.2597,-176.0963,0.0000,0.0000,0.0000,-0.9896,1.2532,-176.2136,0.012,11803,0.0999,0.0038,0.2441,1,3,0.224
138.552,0,3,8,-1.2333,1.2333,-0.9996,1.2584,-176.0395,0.0000,0.0000,0.0000,-1.0381,1.2215,-175.7184,0.024,11808,0.0584,0.0037,0.2351,1,3,0.117
138.651,0,3,8,-1.2333,1.2333,-1.0056,1.2596,-176.0463,0.0000,0.0000,0.0000,-1.0082,1.2505,-176.1888,0.011,11815,0.0584,0.0045,0.2293,1,3,0.117
138.754,0,3,8,-1.2333,1.2333,-1.0120,1.2592,-176.0189,0.0000,0.0000,0.0000,-1.0528,1.2205,-175.7939,0.025,11820,0.0584,0.0046,0.2228,1,3,0.117
138.850,0,3,8,-1.2333,1.2333,-1.0178,1.2594,-176.0176,0.0000,0.0000,0.0000,-1.0197,1.2497,-176.2292,0.013,11826,0.0584,0.0050,0.2171,1,3,0.117
138.952,0,3,8,-1.2333,1.2333,-1.0240,1.2581,-176.0996,0.0000,0.0000,0.0000,-0.9404,1.3410,-179.4715,0.008,11832,0.0584,0.0048,0.2108,1,3,0.117
139.051,0,3,8,-1.2333,1.2333,-1.0294,1.2590,-176.1532,0.0000,0.0000,0.0000,-1.0322,1.2480,-176.3817,0.014,11836,0.0583,0.0055,0.2056,1,3,0.117
139.151,0,3,8,-1.2333,1.2333,-1.0357,1.2578,-176.2139,0.0000,0.0000,0.0000,-0.9669,1.3624,-179.8974,0.006,11842,0.0584,0.0053,0.1991,1,3,0.117
139.252,0,3,8,-1.2333,1.2333,-1.0416,1.2592,-176.0314,0.0000,0.0000,0.0000,-1.0456,1.2457,-176.4410,0.003,11848,0.0583,0.0064,0.1935,1,3,0.117
139.354,0,3,8,-1.2333,1.2333,-1.0480,1.2586,-175.9997,0.0000,0.0000,0.0000,-0.9675,1.3633,-179.9583,0.004,11854,0.0583,0.0065,0.1870,1,3,0.117
139.451,0,3,8,-1.2333,1.2333,-1.0537,1.2596,-175.9913,0.0000,0.0000,0.0000,-1.0581,1.2403,-176.2964,0.005,11860,0.0582,0.0075,0.1816,1,3,0.117
139.551,0,3,8,-1.2333,1.2333,-1.0601,1.2585,-176.0329,0.0000,0.0000,0.0000,-1.0009,1.3733,179.9768,0.003,11866,0.0582,0.0074,0.1751,1,3,0.117
139.651,0,3,8,-1.2333,1.2333,-1.0658,1.2589,-176.1069,0.0000,0.0000,0.0000,-1.1204,1.2994,-168.5320,0.023,11871,0.0582,0.0081,0.1695,1,3,0.117
139.752,0,3,8,-1.2333,1.2333,-1.0718,1.2585,-176.1422,0.0000,0.0000,0.0000,-0.9970,1.3746,179.6891,0.006,11876,0.0581,0.0084,0.1635,1,3,0.117
139.850,0,3,8,-1.2333,1.2333,-1.0776,1.2574,-176.1636,0.0000,0.0000,0.0000,-1.0812,1.2356,-176.5505,0.013,11883,0.0582,0.0083,0.1576,1,3,0.117
139.951,0,3,8,-1.2333,1.2333,-1.0839,1.2565,-176.0507,0.0000,0.0000,0.0000,-1.1219,1.2077,-175.7593,0.018,11888,0.0582,0.0083,0.1513,1,3,0.117
140.051,0,3,8,-1.2333,1.2333,-1.0902,1.2556,-176.0802,0.0000,0.0000,0.0000,-1.1457,1.2938,-168.3491,0.031,11893,0.0581,0.0084,0.1449,1,3,0.117
140.151,0,3,8,-1.2333,1.2333,-1.0953,1.2551,-176.0646,0.0000,0.0000,0.0000,-1.1342,1.2061,-175.6849,0.023,11899,0.0581,0.0086,0.1398,1,3,0.117
140.251,0,3,8,-1.2333,1.2333,-1.1003,1.2556,-176.1104,0.0000,0.0000,0.0000,-1.1064,1.2322,-176.5441,0.013,11905,0.0580,0.0096,0.1349,1,3,0.117
140.352,0,3,8,-1.2333,1.2333,-1.1060,1.2531,-176.1262,0.0000,0.0000,0.0000,-0.9975,1.3772,179.3897,0.012,11911,0.0582,0.0083,0.1288,1,3,0.117
140.451,0,3,8,-1.2333,1.2333,-1.1115,1.2534,-176.1252,0.0000,0.0000,0.0000,-1.1194,1.2314,-176.6762,0.008,11917,0.0573,0.0092,0.1234,1,3,0.117
140.553,0,3,8,-1.2333,1.2333,-1.1177,1.2509,-176.2675,0.0000,0.0000,0.0000,-1.0408,1.3827,179.5198,0.003,11922,0.0544,0.0075,0.1170,1,3,0.117
140.651,0,3,8,-1.2333,1.2333,-1.1231,1.2513,-176.1433,0.0000,0.0000,0.0000,-1.1843,1.2848,-168.1065,0.031,11927,0.0968,0.0272,0.1117,1,3,0.154
140.751,0,3,8,-1.2333,1.2333,-1.1307,1.2485,-176.1571,0.0000,0.0000,0.0000,-1.0417,1.3828,179.5156,0.007,11934,0.0483,0.0064,0.1037,1,3,0.117
140.850,0,3,8,-1.2333,1.2333,-1.1354,1.2488,-176.2284,0.0000,0.0000,0.0000,-1.1468,1.2232,-176.5638,0.015,11940,0.0461,0.0069,0.0991,1,3,0.117
140.952,0,3,8,-1.2333,1.2333,-1.1396,1.2484,-176.2289,0.0000,0.0000,0.0000,-1.0370,1.3851,179.0456,0.009,11944,0.0441,0.0067,0.0949,1,3,0.117
141.050,0,3,8,-1.2333,1.2333,-1.1441,1.2484,-176.2226,0.0000,0.0000,0.0000,-1.1551,1.2256,-176.6582,0.013,11950,0.0427,0.0070,0.0905,1,3,0.119
141.152,0,3,8,-1.2333,1.2333,-1.1487,1.2463,-176.2032,0.0000,0.0000,0.0000,-1.0393,1.3860,179.0214,0.011,11955,0.0399,0.0056,0.0857,1,3,0.117
141.251,0,3,8,-1.2333,1.2333,-1.1528,1.2451,-176.2522,0.0000,0.0000,0.0000,-1.0422,1.3861,179.1305,0.002,11960,0.0379,0.0049,0.0814,1,3,0.117
141.351,0,3,8,-1.2333,1.2333,-1.1557,1.2444,-176.3094,0.0000,0.0000,0.0000,-1.1882,1.1018,177.4506,0.022,11965,0.0365,0.0045,0.0784,1,3,0.117
141.453,0,3,8,-1.2333,1.2333,-1.1581,1.2456,-176.3553,0.0000,0.0000,0.0000,-1.1714,1.2183,-176.6089,0.014,11971,0.0000,0.0000,0.0762,1,3,0.117
141.551,0,3,8,-1.2333,1.2333,-1.1594,1.2437,-176.4436,0.0000,0.0000,0.0000,-1.1961,1.0967,177.0691,0.024,11976,0.0000,0.0000,0.0747,1,3,0.117
141.650,0,3,8,-1.2333,1.2333,-1.1600,1.2442,-176.4905,0.0000,0.0000,0.0000,-1.1754,1.2156,-176.6577,0.012,11982,0.0000,0.0000,0.0741,1,3,0.117
141.751,0,3,8,-1.2333,1.2333,-1.1612,1.2425,-176.5430,0.0000,0.0000,0.0000,-1.1140,1.3547,179.8994,0.009,11988,0.0000,0.0000,0.0727,1,3,0.117
141.851,0,3,8,-1.2333,1.2333,-1.1616,1.2430,-176.5810,0.0000,0.0000,0.0000,-1.2299,1.2725,-167.6112,0.002,11994,0.0000,0.0000,0.0724,1,3,0.117
141.951,0,3,8,-1.2333,1.2333,-1.1628,1.2426,-176.5965,0.0000,0.0000,0.0000,-1.1140,1.3548,179.8944,0.013,12000,0.0000,0.0000,0.0712,1,3,0.117
142.051,0,3,8,-1.2333,1.2333,-1.1634,1.2424,-176.6044,0.0000,0.0000,0.0000,-1.1754,1.2156,-176.6588,0.002,12005,0.0000,0.0000,0.0705,1,3,0.117
142.155,0,3,8,-1.2333,1.2333,-1.1639,1.2421,-176.6110,0.0000,0.0000,0.0000,-1.1959,1.0970,177.0619,0.004,12010,0.0000,0.0000,0.0699,1,3,0.117
142.251,0,3,8,-1.2333,1.2333,-1.1650,1.2416,-176.6236,0.0000,0.0000,0.0000,-1.1754,1.2156,-176.6595,0.015,12016,0.0000,0.0000,0.0688,1,3,0.117
142.351,0,3,8,-1.2333,1.2333,-1.1658,1.2402,-176.6738,0.0000,0.0000,0.0000,-1.1141,1.3548,179.8979,0.011,12021,0.0000,0.0000,0.0679,1,3,0.117
142.452,0,3,8,-1.2333,1.2333,-1.1664,1.2411,-176.6403,0.0000,0.0000,0.0000,-1.1754,1.2156,-176.6585,0.017,12027,0.0000,0.0000,0.0674,0,4,0.117
142.550,0,3,8,-1.2333,1.2333,-1.1671,1.2397,-176.6900,0.0000,0.0000,0.0000,-1.1141,1.3549,179.8974,0.006,12032,0.0000,0.0000,0.0666,0,4,0.117
142.650,0,3,8,-1.2333,1.2333,-1.1677,1.2407,-176.6538,0.0000,0.0000,0.0000,-1.1754,1.2156,-176.6609,0.014,12038,0.0000,0.0000,0.0661,0,4,0.117
142.750,0,3,8,-1.2333,1.2333,-1.1683,1.2394,-176.7056,0.0000,0.0000,0.0000,-1.1960,1.0969,177.0640,0.023,12042,0.0000,0.0000,0.0654,0,4,0.117
142.851,0,3,8,-1.2333,1.2333,-1.1687,1.2406,-176.6711,0.0000,0.0000,0.0000,-1.1141,1.3549,179.8968,0.020,12048,0.0000,0.0000,0.0650,0,4,0.117
142.951,0,3,8,-1.2333,1.2333,-1.1687,1.2404,-176.7501,0.0000,0.0000,0.0000,-1.1141,1.3549,179.8947,0.010,12053,0.0000,0.0000,0.0650,0,4,0.117
143.050,0,3,8,-1.2333,1.2333,-1.1690,1.2404,-176.7542,0.0000,0.0000,0.0000,-1.1142,1.3549,179.8978,0.043,12056,0.0000,0.0000,0.0647,0,4,0.117
143.151,0,3,8,-1.2333,1.2333,-1.1696,1.2388,-176.8039,0.0000,0.0000,0.0000,-1.1143,1.3548,179.9033,0.009,12062,0.0000,0.0000,0.0639,0,4,0.117
143.250,0,3,8,-1.2333,1.2333,-1.1700,1.2401,-176.7626,0.0000,0.0000,0.0000,-1.2300,1.2725,-167.6093,0.018,12067,0.0000,0.0000,0.0636,0,4,0.117
143.351,0,3,8,-1.2333,1.2333,-1.1707,1.2383,-176.8085,0.0000,0.0000,0.0000,-1.1143,1.3548,179.9044,0.007,12074,0.0000,0.0000,0.0629,0,4,0.117
143.451,0,3,8,-1.2333,1.2333,-1.1710,1.2396,-176.7709,0.0000,0.0000,0.0000,-1.2300,1.2725,-167.6095,0.033,12079,0.0000,0.0000,0.0626,0,4,0.117
143.552,0,3,8,-1.2333,1.2333,-1.1715,1.2380,-176.8192,0.0000,0.0000,0.0000,-1.1142,1.3549,179.8999,0.010,12085,0.0000,0.0000,0.0620,0,4,0.117
143.650,0,3,8,-1.2333,1.2333,-1.1719,1.2391,-176.7746,0.0000,0.0000,0.0000,-1.1755,1.2157,-176.6583,0.014,12091,0.0000,0.0000,0.0617,0,4,0.117
143.751,0,3,8,-1.2333,1.2333,-1.1716,1.2400,-176.8004,0.0000,0.0000,0.0000,-1.1143,1.3549,179.9008,0.011,12096,0.0000,0.0000,0.0621,0,4,0.117
143.850,0,3,8,-1.2333,1.2333,-1.1726,1.2391,-176.7803,0.0000,0.0000,0.0000,-1.2300,1.2725,-167.6098,0.030,12101,0.0000,0.0000,0.0610,0,4,0.219
143.952,0,3,8,-1.2333,1.2333,-1.1730,1.2377,-176.8316,0.0000,0.0000,0.0000,-1.1961,1.0969,177.0641,0.025,12105,0.0000,0.0000,0.0605,0,4,0.117
144.052,0,3,8,-1.2333,1.2333,-1.1738,1.2380,-176.7658,0.0000,0.0000,0.0000,-1.1144,1.3549,179.9059,0.007,12111,0.0000,0.0000,0.0597,0,4,0.117
144.151,0,3,8,-1.2333,1.2333,-1.1736,1.2376,-176.8389,0.0000,0.0000,0.0000,-1.1961,1.0969,177.0659,0.025,12116,0.0000,0.0000,0.0599,0,4,0.117
144.250,0,3,8,-1.2333,1.2333,-1.1738,1.2389,-176.7977,0.0000,0.0000,0.0000,-1.1755,1.2157,-176.6590,0.010,12122,0.0000,0.0000,0.0598,0,4,0.117
144.350,0,3,8,-1.2333,1.2333,-1.1736,1.2386,-176.8693,0.0000,0.0000,0.0000,-1.1144,1.3549,179.9058,0.009,12128,0.0000,0.0000,0.0600,0,4,0.117
144.451,0,3,8,-1.2333,1.2333,-1.1738,1.2382,-176.8666,0.0000,0.0000,0.0000,-1.1755,1.2157,-176.6591,0.016,12133,0.0000,0.0000,0.0597,0,4,0.117
144.552,0,3,8,-1.2333,1.2333,-1.1742,1.2367,-176.9110,0.0000,0.0000,0.0000,-1.1143,1.3550,179.9048,0.008,12139,0.0000,0.0000,0.0592,0,4,0.117
144.651,0,3,8,-1.2333,1.2333,-1.1739,1.2378,-176.9342,0.0000,0.0000,0.0000,-1.2300,1.2725,-167.6101,0.009,12144,0.0000,0.0000,0.0596,0,4,0.117
144.752,0,3,8,-1.2333,1.2333,-1.1742,1.2380,-176.9359,0.0000,0.0000,0.0000,-1.1143,1.3550,179.9041,0.013,12149,0.0000,0.0000,0.0593,0,4,0.117
144.850,0,3,8,-1.2333,1.2333,-1.1749,1.2384,-176.8687,0.0000,0.0000,0.0000,-1.1755,1.2157,-176.6588,0.003,12154,0.0000,0.0000,0.0587,0,4,0.117
144.950,0,3,8,-1.2333,1.2333,-1.1751,1.2383,-176.8688,0.0000,0.0000,0.0000,-1.1143,1.3550,179.9033,0.008,12158,0.0000,0.0000,0.0585,0,4,0.117
145.050,0,3,8,-1.2333,1.2333,-1.1748,1.2377,-176.9369,0.0000,0.0000,0.0000,-1.1755,1.2157,-176.6593,0.013,12164,0.0000,0.0000,0.0587,0,4,0.117
145.153,0,3,8,-1.2333,1.2333,-1.1750,1.2376,-176.9341,0.0000,0.0000,0.0000,-1.1143,1.3551,179.8998,0.010,12169,0.0000,0.0000,0.0585,0,4,0.117
145.250,0,3,8,-1.2333,1.2333,-1.1753,1.2376,-176.9306,0.0000,0.0000,0.0000,-1.2300,1.2725,-167.6100,0.029,12175,0.0000,0.0000,0.0582,0,4,0.224
145.352,0,3,8,-1.2333,1.2333,-1.1756,1.2361,-176.9709,0.0000,0.0000,0.0000,-1.1142,1.3551,179.8997,0.006,12181,0.0000,0.0000,0.0578,0,4,0.117
145.450,0,3,8,-1.2333,1.2333,-1.1757,1.2374,-176.9201,0.0000,0.0000,0.0000,-1.1755,1.2158,-176.6618,0.013,12187,0.0000,0.0000,0.0578,0,4,0.117
145.550,0,3,8,-1.2333,1.2333,-1.1760,1.2361,-176.9665,0.0000,0.0000,0.0000,-1.1966,1.0966,177.0841,0.023,12191,0.0000,0.0000,0.0574,0,4,0.117
145.651,0,3,8,-1.2333,1.2333,-1.1761,1.2374,-176.9168,0.0000,0.0000,0.0000,-1.1755,1.2158,-176.6628,0.013,12198,0.0000,0.0000,0.0574,0,4,0.117
145.752,0,3,8,-1.2333,1.2333,-1.1764,1.2359,-176.9558,0.0000,0.0000,0.0000,-1.1143,1.3551,179.9032,0.011,12204,0.0000,0.0000,0.0570,0,4,0.117
145.852,0,3,8,-1.2333,1.2333,-1.1759,1.2370,-176.9775,0.0000,0.0000,0.0000,-1.2301,1.2725,-167.6091,0.006,12209,0.0000,0.0000,0.0576,0,4,0.117
145.950,0,3,8,-1.2333,1.2333,-1.1767,1.2359,-176.9501,0.0000,0.0000,0.0000,-1.1143,1.3551,179.9022,0.008,12215,0.0000,0.0000,0.0567,0,4,0.222
146.050,0,3,8,-1.2333,1.2333,-1.1762,1.2372,-176.9724,0.0000,0.0000,0.0000,-1.1143,1.3551,179.9004,0.045,12218,0.0000,0.0000,0.0572,0,4,0.117
146.152,0,3,8,-1.2333,1.2333,-1.1765,1.2357,-177.0133,0.0000,0.0000,0.0000,-1.1142,1.3552,179.8996,0.007,12224,0.0000,0.0000,0.0569,0,4,0.117
146.251,0,3,8,-1.2333,1.2333,-1.1766,1.2374,-176.9665,0.0000,0.0000,0.0000,-1.1754,1.2159,-176.6649,0.011,12229,0.0000,0.0000,0.0569,0,4,0.117
146.351,0,3,8,-1.2333,1.2333,-1.1768,1.2359,-177.0079,0.0000,0.0000,0.0000,-1.1143,1.3552,179.9019,0.008,12234,0.0000,0.0000,0.0565,0,4,0.117
146.450,0,3,8,-1.2333,1.2333,-1.1769,1.2373,-176.9566,0.0000,0.0000,0.0000,-1.2300,1.2725,-167.6100,0.029,12239,0.0000,0.0000,0.0566,0,4,0.117
