time,lap_count,goal_index,wp_index,target_x,target_y,filtered_x,filtered_y,filtered_yaw,raw_odom_x,raw_odom_y,raw_odom_yaw,aruco_x,aruco_y,aruco_yaw,aruco_age,aruco_count,cmd_vx,cmd_vy,dist_to_target,lifter_up,lifter_toggle_count,min_dist
0.108,0,0,0,-0.6167,1.2333,-0.4198,0.8656,8.6499,0.0000,0.0000,0.0000,-0.6174,1.2225,-0.8041,0.002,2,0.0000,0.0000,0.4171,0,0,0.374
0.203,0,0,0,-0.6167,1.2333,-0.4323,0.8886,8.3137,0.0000,0.0000,0.0000,-0.6174,1.2225,-0.8039,0.022,9,0.0000,0.0000,0.3910,0,0,0.377
0.303,0,0,0,-0.6167,1.2333,-0.4407,0.9033,8.0889,0.0000,0.0000,0.0000,-0.6048,1.2110,0.5512,0.003,14,0.0000,0.0000,0.3740,0,0,0.350
0.402,0,0,0,-0.6167,1.2333,-0.4499,0.9203,7.8005,0.0000,0.0000,0.0000,-0.6174,1.2225,-0.8038,0.032,18,0.0000,0.0000,0.3546,0,0,0.356
0.504,0,0,0,-0.6167,1.2333,-0.4589,0.9364,7.5438,0.0000,0.0000,0.0000,-0.6174,1.2225,-0.8039,0.012,23,0.0000,0.0000,0.3363,0,0,0.387
0.602,0,0,0,-0.6167,1.2333,-0.4653,0.9484,7.3463,0.0000,0.0000,0.0000,-0.6042,1.2117,0.5642,0.026,27,0.0000,0.0000,0.3227,0,0,0.395
0.704,0,0,0,-0.6167,1.2333,-0.4721,0.9602,7.1536,0.0000,0.0000,0.0000,-0.6041,1.2116,0.5638,0.005,32,0.0000,0.0000,0.3091,0,0,0.381
0.805,0,0,0,-0.6167,1.2333,-0.4795,0.9738,6.9055,0.0000,0.0000,0.0000,-0.6274,1.2170,3.0389,0.003,37,0.0000,0.0000,0.2936,0,0,0.379
0.901,0,0,0,-0.6167,1.2333,-0.4865,0.9866,6.6979,0.0000,0.0000,0.0000,-0.5751,1.1814,3.1460,0.010,41,0.0000,0.0000,0.2790,0,0,0.382
1.004,0,0,0,-0.6167,1.2333,-0.4918,0.9963,6.5182,0.0000,0.0000,0.0000,-0.6274,1.2170,3.0388,0.003,46,0.0000,0.0000,0.2679,0,0,0.359
1.101,0,0,0,-0.6167,1.2333,-0.4991,1.0097,6.2889,0.0000,0.0000,0.0000,-0.6174,1.2225,-0.8050,0.006,51,0.0000,0.0000,0.2526,0,0,0.385
1.203,0,0,0,-0.6167,1.2333,-0.5029,1.0165,6.1581,0.0000,0.0000,0.0000,-0.6274,1.2170,3.0374,0.003,55,0.0000,0.0000,0.2449,0,0,0.369
1.302,0,0,0,-0.6167,1.2333,-0.5063,1.0226,6.0534,0.0000,0.0000,0.0000,-0.5751,1.1813,3.1470,0.003,59,0.0000,0.0000,0.2379,0,0,0.380
1.404,0,0,0,-0.6167,1.2333,-0.5130,1.0347,5.8266,0.0000,0.0000,0.0000,-0.6274,1.2170,3.0384,0.032,63,0.0000,0.0000,0.2240,0,0,0.373
1.503,0,0,0,-0.6167,1.2333,-0.5182,1.0440,5.6645,0.0000,0.0000,0.0000,-0.5752,1.1819,3.1218,0.014,68,0.0000,0.0000,0.2134,0,0,0.385
1.602,0,0,0,-0.6167,1.2333,-0.5224,1.0515,5.4942,0.0000,0.0000,0.0000,-0.6175,1.2225,-0.8040,0.023,72,0.0000,0.0000,0.2048,0,0,0.387
1.702,0,0,0,-0.6167,1.2333,-0.5268,1.0596,5.3660,0.0000,0.0000,0.0000,-0.5753,1.1808,3.1521,0.014,77,0.0000,0.0000,0.1956,0,0,0.398
1.804,0,0,0,-0.6167,1.2333,-0.5306,1.0664,5.2074,0.0000,0.0000,0.0000,-0.6274,1.2170,3.0381,0.003,82,0.0000,0.0000,0.1878,0,0,0.385
1.903,0,0,0,-0.6167,1.2333,-0.5344,1.0728,5.0860,0.0000,0.0000,0.0000,-0.6175,1.2225,-0.8044,0.003,86,0.0000,0.0000,0.1804,0,0,0.335
2.002,0,0,0,-0.6167,1.2333,-0.5383,1.0801,4.9219,0.0000,0.0000,0.0000,-0.6274,1.2170,3.0386,0.002,91,0.0000,0.0000,0.1721,0,0,0.374
2.101,0,0,0,-0.6167,1.2333,-0.5422,1.0871,4.7844,0.0000,0.0000,0.0000,-0.5751,1.1819,3.1341,0.003,96,0.0000,0.0000,0.1641,0,0,0.369
2.205,0,0,0,-0.6167,1.2333,-0.5449,1.0922,4.6774,0.0000,0.0000,0.0000,-0.6274,1.2170,3.0387,0.003,100,0.0000,0.0000,0.1583,0,0,0.375
2.304,0,0,0,-0.6167,1.2333,-0.5484,1.0984,4.5620,0.0000,0.0000,0.0000,-0.6175,1.2225,-0.8042,0.006,105,0.0000,0.0000,0.1512,0,0,0.372
2.403,0,0,0,-0.6167,1.2333,-0.5510,1.1031,4.4504,0.0000,0.0000,0.0000,-0.6175,1.2225,-0.8043,0.043,108,0.0000,0.0000,0.1458,0,0,0.390
2.501,0,0,0,-0.6167,1.2333,-0.5551,1.1103,4.2813,0.0000,0.0000,0.0000,-0.6175,1.2225,-0.8048,0.009,114,0.0000,0.0000,0.1376,0,0,0.389
2.606,0,0,0,-0.6167,1.2333,-0.5567,1.1134,4.2226,0.0000,0.0000,0.0000,-0.6274,1.2170,3.0388,0.002,118,0.0000,0.0000,0.1341,0,0,0.353
2.704,0,0,0,-0.6167,1.2333,-0.5592,1.1181,4.1453,0.0000,0.0000,0.0000,-0.6175,1.2225,-0.8046,0.006,123,0.0000,0.0000,0.1288,0,0,0.378
2.802,0,0,0,-0.6167,1.2333,-0.5613,1.1220,4.0491,0.0000,0.0000,0.0000,-0.6175,1.2225,-0.8047,0.038,126,0.0000,0.0000,0.1243,0,0,0.384
2.903,0,0,0,-0.6167,1.2333,-0.5632,1.1257,3.9652,0.0000,0.0000,0.0000,-0.6274,1.2171,3.0381,0.008,131,0.0000,0.0000,0.1202,0,0,0.380
3.005,0,0,0,-0.6167,1.2333,-0.5659,1.1302,3.8667,0.0000,0.0000,0.0000,-0.6274,1.2171,3.0370,0.003,136,0.0000,0.0000,0.1149,0,0,0.399
3.104,0,0,0,-0.6167,1.2333,-0.5682,1.1344,3.7825,0.0000,0.0000,0.0000,-0.6175,1.2225,-0.8041,0.003,141,0.0000,0.0000,0.1102,0,0,0.352
3.203,0,0,0,-0.6167,1.2333,-0.5702,1.1380,3.6752,0.0000,0.0000,0.0000,-0.6274,1.2170,3.0394,0.003,145,0.0000,0.0000,0.1061,0,0,0.397
3.301,0,0,0,-0.6167,1.2333,-0.5725,1.1419,3.5859,0.0000,0.0000,0.0000,-0.6175,1.2225,-0.8046,0.008,149,0.0000,0.0000,0.1016,0,0,0.356
3.402,0,0,0,-0.6167,1.2333,-0.5742,1.1450,3.4978,0.0000,0.0000,0.0000,-0.6047,1.2122,0.5026,0.029,153,0.0000,0.0000,0.0980,0,0,0.389
3.504,0,0,0,-0.6167,1.2333,-0.5763,1.1485,3.4179,0.0000,0.0000,0.0000,-0.6175,1.2225,-0.8046,0.012,158,0.0000,0.0000,0.0940,0,0,0.394
3.602,0,0,0,-0.6167,1.2333,-0.5775,1.1510,3.3555,0.0000,0.0000,0.0000,-0.6274,1.2171,3.0381,0.002,163,0.0000,0.0000,0.0911,0,0,0.375
3.702,0,0,0,-0.6167,1.2333,-0.5795,1.1544,3.2722,0.0000,0.0000,0.0000,-0.6175,1.2225,-0.8042,0.006,168,0.0000,0.0000,0.0872,0,0,0.376
3.804,0,0,0,-0.6167,1.2333,-0.5811,1.1571,3.1839,0.0000,0.0000,0.0000,-0.6274,1.2170,3.0397,0.003,172,0.0000,0.0000,0.0841,0,0,0.379
3.902,0,0,0,-0.6167,1.2333,-0.5823,1.1596,3.1483,0.0000,0.0000,0.0000,-0.6175,1.2225,-0.8047,0.003,177,0.0000,0.0000,0.0814,0,0,0.393
4.004,0,0,0,-0.6167,1.2333,-0.5838,1.1620,3.0629,0.0000,0.0000,0.0000,-0.6175,1.2225,-0.8045,0.046,180,0.0000,0.0000,0.0785,0,0,0.381
4.103,0,0,0,-0.6167,1.2333,-0.5855,1.1648,2.9921,0.0000,0.0000,0.0000,-0.6175,1.2225,-0.8049,0.007,186,0.0000,0.0000,0.0752,0,0,0.351
4.203,0,0,0,-0.6167,1.2333,-0.5865,1.1668,2.9337,0.0000,0.0000,0.0000,-0.6274,1.2171,3.0383,0.036,189,0.0000,0.0000,0.0731,0,0,0.374
4.301,0,0,0,-0.6167,1.2333,-0.5881,1.1694,2.8654,0.0000,0.0000,0.0000,-0.6055,1.2127,0.4529,0.011,194,0.0000,0.0000,0.0700,0,0,0.382
4.403,0,0,0,-0.6167,1.2333,-0.5893,1.1715,2.7888,0.0000,0.0000,0.0000,-0.6175,1.2225,-0.8051,0.019,198,0.0000,0.0000,0.0677,0,0,0.359
4.502,0,0,0,-0.6167,1.2333,-0.5904,1.1735,2.7465,0.0000,0.0000,0.0000,-0.5751,1.1815,3.1414,0.016,203,0.0000,0.0000,0.0654,0,0,0.377
4.604,0,0,0,-0.6167,1.2333,-0.5915,1.1754,2.6731,0.0000,0.0000,0.0000,-0.6274,1.2171,3.0386,0.003,208,0.0000,0.0000,0.0632,0,0,0.380
4.703,0,0,0,-0.6167,1.2333,-0.5926,1.1773,2.6263,0.0000,0.0000,0.0000,-0.5750,1.1817,3.1312,0.005,213,0.0000,0.0000,0.0610,0,0,0.377
4.804,0,0,0,-0.6167,1.2333,-0.5929,1.1783,2.6082,0.0000,0.0000,0.0000,-0.6274,1.2170,3.0396,0.006,217,0.0000,0.0000,0.0600,0,0,0.339
4.902,0,0,0,-0.6167,1.2333,-0.5940,1.1801,2.5640,0.0000,0.0000,0.0000,-0.6044,1.2121,0.5291,0.002,222,0.0000,0.0000,0.0579,0,0,0.390
5.002,0,0,0,-0.6167,1.2333,-0.5948,1.1816,2.5078,0.0000,0.0000,0.0000,-0.6274,1.2171,3.0393,0.003,226,0.0000,0.0000,0.0562,0,0,0.368
5.104,0,0,0,-0.6167,1.2333,-0.5953,1.1827,2.5009,0.0000,0.0000,0.0000,-0.6175,1.2225,-0.8048,0.007,231,0.0000,0.0000,0.0550,0,0,0.387
5.202,0,0,0,-0.6167,1.2333,-0.5959,1.1839,2.4575,0.0000,0.0000,0.0000,-0.6274,1.2171,3.0382,0.003,235,0.0000,0.0000,0.0536,0,0,0.326
5.302,0,0,0,-0.6167,1.2333,-0.5968,1.1856,2.4046,0.0000,0.0000,0.0000,-0.6175,1.2225,-0.8052,0.009,240,0.0000,0.0000,0.0517,0,0,0.377
5.401,0,0,0,-0.6167,1.2333,-0.5975,1.1866,2.3690,0.0000,0.0000,0.0000,-0.6274,1.2171,3.0384,0.036,243,0.0000,0.0000,0.0505,0,0,0.396
5.504,0,0,0,-0.6167,1.2333,-0.5983,1.1882,2.3199,0.0000,0.0000,0.0000,-0.6175,1.2225,-0.8050,0.009,249,0.0000,0.0000,0.0487,0,0,0.388
5.601,0,0,0,-0.6167,1.2333,-0.5989,1.1892,2.2844,0.0000,0.0000,0.0000,-0.6175,1.2225,-0.8052,0.014,252,0.0000,0.0000,0.0476,0,0,0.379
5.702,0,0,0,-0.6167,1.2333,-0.5998,1.1906,2.2431,0.0000,0.0000,0.0000,-0.6047,1.2124,0.5020,0.011,257,0.0000,0.0000,0.0459,0,0,0.378
5.804,0,0,0,-0.6167,1.2333,-0.6006,1.1918,2.1873,0.0000,0.0000,0.0000,-0.6274,1.2171,3.0395,0.006,262,0.0000,0.0000,0.0446,0,0,0.395
5.902,0,0,0,-0.6167,1.2333,-0.6011,1.1927,2.1729,0.0000,0.0000,0.0000,-0.6175,1.2225,-0.8055,0.005,267,0.0000,0.0000,0.0435,0,0,0.356
6.005,0,0,0,-0.6167,1.2333,-0.6014,1.1935,2.1381,0.0000,0.0000,0.0000,-0.6274,1.2170,3.0401,0.007,271,0.0000,0.0000,0.0427,0,0,0.382
6.104,0,0,0,-0.6167,1.2333,-0.6020,1.1944,2.1128,0.0000,0.0000,0.0000,-0.6175,1.2225,-0.8049,0.012,275,0.0000,0.0000,0.0416,0,0,0.374
6.204,0,0,0,-0.6167,1.2333,-0.6025,1.1953,2.0691,0.0000,0.0000,0.0000,-0.6274,1.2171,3.0388,0.003,280,0.0000,0.0000,0.0405,0,0,0.385
6.302,0,0,0,-0.6167,1.2333,-0.6028,1.1961,2.0575,0.0000,0.0000,0.0000,-0.6175,1.2225,-0.8054,0.009,285,0.0000,0.0000,0.0398,0,0,0.340
6.403,0,0,0,-0.6167,1.2333,-0.6032,1.1967,2.0284,0.0000,0.0000,0.0000,-0.6274,1.2171,3.0381,0.003,289,0.0000,0.0000,0.0390,0,0,0.397
6.502,0,0,0,-0.6167,1.2333,-0.6033,1.1971,2.0396,0.0000,0.0000,0.0000,-0.6176,1.2225,-0.8049,0.004,294,0.0000,0.0000,0.0386,0,0,0.391
6.605,0,0,0,-0.6167,1.2333,-0.6035,1.1977,2.0095,0.0000,0.0000,0.0000,-0.6274,1.2171,3.0392,0.007,298,0.0000,0.0000,0.0380,0,0,0.374
6.701,0,0,0,-0.6167,1.2333,-0.6040,1.1986,1.9787,0.0000,0.0000,0.0000,-0.6176,1.2225,-0.8050,0.011,303,0.0000,0.0000,0.0370,0,0,0.376
6.801,0,0,0,-0.6167,1.2333,-0.6044,1.1992,1.9529,0.0000,0.0000,0.0000,-0.6175,1.2225,-0.8055,0.032,306,0.0000,0.0000,0.0363,0,0,0.388
6.903,0,0,0,-0.6167,1.2333,-0.6048,1.1998,1.9166,0.0000,0.0000,0.0000,-0.6274,1.2171,3.0381,0.004,311,0.0000,0.0000,0.0355,0,0,0.379
7.004,0,0,0,-0.6167,1.2333,-0.6055,1.2008,1.8794,0.0000,0.0000,0.0000,-0.6176,1.2225,-0.8052,0.039,315,0.0000,0.0000,0.0344,0,0,0.393
7.104,0,0,0,-0.6167,1.2333,-0.6058,1.2013,1.8764,0.0000,0.0000,0.0000,-0.6176,1.2225,-0.8051,0.006,321,0.0000,0.0000,0.0339,0,0,0.373
7.201,0,0,0,-0.6167,1.2333,-0.6059,1.2017,1.8523,0.0000,0.0000,0.0000,-0.6273,1.2171,3.0375,0.003,325,0.0000,0.0000,0.0334,0,0,0.358
7.302,0,0,0,-0.6167,1.2333,-0.6066,1.2026,1.8170,0.0000,0.0000,0.0000,-0.6176,1.2225,-0.8054,0.010,329,0.0000,0.0000,0.0324,0,0,0.398
7.401,0,0,0,-0.6167,1.2333,-0.6063,1.2025,1.8281,0.0000,0.0000,0.0000,-0.5752,1.1808,3.1478,0.027,333,0.0000,0.0000,0.0326,0,0,0.384
7.502,0,0,0,-0.6167,1.2333,-0.6065,1.2027,1.8372,0.0000,0.0000,0.0000,-0.6044,1.2116,0.5542,0.010,338,0.0000,0.0000,0.0322,0,0,0.361
7.602,0,0,0,-0.6167,1.2333,-0.6069,1.2035,1.7842,0.0000,0.0000,0.0000,-0.6044,1.2116,0.5549,0.017,342,0.0000,0.0000,0.0314,0,0,0.345
7.701,0,0,0,-0.6167,1.2333,-0.6068,1.2035,1.8056,0.0000,0.0000,0.0000,-0.6176,1.2225,-0.8055,0.002,348,0.0000,0.0000,0.0314,0,0,0.365
7.802,0,0,0,-0.6167,1.2333,-0.6069,1.2038,1.7855,0.0000,0.0000,0.0000,-0.6274,1.2171,3.0387,0.005,352,0.0000,0.0000,0.0311,0,0,0.335
7.904,0,0,0,-0.6167,1.2333,-0.6072,1.2043,1.7655,0.0000,0.0000,0.0000,-0.6176,1.2225,-0.8055,0.008,357,0.0000,0.0000,0.0305,0,0,0.353
8.005,0,0,0,-0.6167,1.2333,-0.6075,1.2047,1.7469,0.0000,0.0000,0.0000,-0.6274,1.2171,3.0393,0.007,361,0.0000,0.0000,0.0301,0,0,0.367
8.103,0,0,0,-0.6167,1.2333,-0.6075,1.2051,1.7185,0.0000,0.0000,0.0000,-0.6273,1.2171,3.0382,0.003,366,0.0000,0.0000,0.0297,0,0,0.385
8.207,0,0,0,-0.6167,1.2333,-0.6080,1.2055,1.7104,0.0000,0.0000,0.0000,-0.6273,1.2171,3.0389,0.039,369,0.0000,0.0000,0.0291,0,0,0.387
8.301,0,0,0,-0.6167,1.2333,-0.6084,1.2061,1.6928,0.0000,0.0000,0.0000,-0.6176,1.2225,-0.8057,0.002,375,0.0000,0.0000,0.0285,0,0,0.397
8.403,0,0,0,-0.6167,1.2333,-0.6088,1.2066,1.6556,0.0000,0.0000,0.0000,-0.6176,1.2225,-0.8059,0.020,378,0.0000,0.0000,0.0279,0,0,0.386
8.501,0,0,0,-0.6167,1.2333,-0.6088,1.2067,1.6634,0.0000,0.0000,0.0000,-0.5751,1.1815,3.1376,0.013,383,0.0000,0.0000,0.0277,0,0,0.385
8.601,0,0,0,-0.6167,1.2333,-0.6092,1.2072,1.6256,0.0000,0.0000,0.0000,-0.6274,1.2171,3.0403,0.002,388,0.0000,0.0000,0.0272,0,0,0.368
8.701,0,0,0,-0.6167,1.2333,-0.6097,1.2078,1.6002,0.0000,0.0000,0.0000,-0.5750,1.1815,3.1402,0.002,393,0.0000,0.0000,0.0265,0,0,0.387
8.801,0,0,0,-0.6167,1.2333,-0.6092,1.2075,1.6179,0.0000,0.0000,0.0000,-0.5750,1.1815,3.1412,0.031,396,0.0000,0.0000,0.0269,0,0,0.353
8.902,0,0,0,-0.6167,1.2333,-0.6097,1.2081,1.5934,0.0000,0.0000,0.0000,-0.6176,1.2225,-0.8056,0.009,401,0.0000,0.0000,0.0262,0,0,0.386
9.002,0,0,0,-0.6167,1.2333,-0.6096,1.2081,1.5895,0.0000,0.0000,0.0000,-0.6273,1.2171,3.0382,0.002,406,0.0000,0.0000,0.0262,0,0,0.367
9.101,0,0,0,-0.6167,1.2333,-0.6097,1.2083,1.5776,0.0000,0.0000,0.0000,-0.6176,1.2225,-0.8053,0.008,411,0.0000,0.0000,0.0260,0,0,0.352
9.204,0,0,0,-0.6167,1.2333,-0.6096,1.2083,1.5830,0.0000,0.0000,0.0000,-0.6273,1.2171,3.0390,0.003,415,0.0000,0.0000,0.0260,0,0,0.354
9.302,0,0,0,-0.6167,1.2333,-0.6099,1.2087,1.5721,0.0000,0.0000,0.0000,-0.6176,1.2225,-0.8061,0.008,420,0.0000,0.0000,0.0256,0,0,0.398
9.401,0,0,0,-0.6167,1.2333,-0.6102,1.2091,1.5387,0.0000,0.0000,0.0000,-0.6176,1.2225,-0.8061,0.038,423,0.0000,0.0000,0.0251,0,0,0.361
9.501,0,0,0,-0.6167,1.2333,-0.6102,1.2091,1.5487,0.0000,0.0000,0.0000,-0.6176,1.2225,-0.8057,0.007,429,0.0000,0.0000,0.0250,0,0,0.371
9.604,0,0,0,-0.6167,1.2333,-0.6102,1.2092,1.5359,0.0000,0.0000,0.0000,-0.6273,1.2171,3.0388,0.034,432,0.0000,0.0000,0.0250,0,0,0.371
9.701,0,0,0,-0.6167,1.2333,-0.6099,1.2089,1.5691,0.0000,0.0000,0.0000,-0.6273,1.2171,3.0378,0.008,437,0.0000,0.0000,0.0253,0,0,0.383
9.805,0,0,0,-0.6167,1.2333,-0.6099,1.2090,1.5568,0.0000,0.0000,0.0000,-0.6274,1.2171,3.0406,0.007,442,0.0000,0.0000,0.0253,0,0,0.384
9.902,0,0,0,-0.6167,1.2333,-0.6099,1.2090,1.5692,0.0000,0.0000,0.0000,-0.5751,1.1818,3.1282,0.015,446,0.0000,0.0000,0.0252,0,0,0.379
10.003,0,0,0,-0.6167,1.2333,-0.6102,1.2094,1.5339,0.0000,0.0000,0.0000,-0.6176,1.2225,-0.8057,0.036,450,0.0000,0.0000,0.0248,0,0,0.385
10.103,0,0,0,-0.6167,1.2333,-0.6106,1.2099,1.5120,0.0000,0.0000,0.0000,-0.6176,1.2225,-0.8059,0.013,455,0.0000,0.0000,0.0242,0,0,0.383
10.203,0,0,0,-0.6167,1.2333,-0.6107,1.2101,1.4910,0.0000,0.0000,0.0000,-0.6274,1.2171,3.0399,0.003,460,0.0000,0.0000,0.0240,0,0,0.365
10.303,0,0,0,-0.6167,1.2333,-0.6108,1.2102,1.4911,0.0000,0.0000,0.0000,-0.6176,1.2225,-0.8066,0.014,464,0.0000,0.0000,0.0239,0,0,0.392
10.401,0,0,0,-0.6167,1.2333,-0.6110,1.2104,1.4722,0.0000,0.0000,0.0000,-0.6043,1.2115,0.5564,0.038,468,0.0000,0.0000,0.0236,0,0,0.395
10.504,0,0,0,-0.6167,1.2333,-0.6109,1.2104,1.4867,0.0000,0.0000,0.0000,-0.6176,1.2225,-0.8064,0.010,474,0.0000,0.0000,0.0236,0,0,0.354
10.603,0,0,0,-0.6167,1.2333,-0.6109,1.2104,1.4752,0.0000,0.0000,0.0000,-0.6273,1.2171,3.0397,0.003,478,0.0000,0.0000,0.0236,0,0,0.364
10.702,0,0,0,-0.6167,1.2333,-0.6111,1.2107,1.4673,0.0000,0.0000,0.0000,-0.6176,1.2225,-0.8068,0.009,483,0.0000,0.0000,0.0233,0,0,0.365
10.803,0,0,0,-0.6167,1.2333,-0.6114,1.2110,1.4378,0.0000,0.0000,0.0000,-0.6176,1.2225,-0.8068,0.043,486,0.0000,0.0000,0.0229,0,0,0.397
10.903,0,0,0,-0.6167,1.2333,-0.6109,1.2107,1.4426,0.0000,0.0000,0.0000,-0.6273,1.2171,3.0380,0.003,492,0.0000,0.0000,0.0233,0,0,0.347
11.002,0,0,0,-0.6167,1.2333,-0.6112,1.2110,1.4430,0.0000,0.0000,0.0000,-0.6273,1.2171,3.0384,0.036,495,0.0000,0.0000,0.0230,0,0,0.375
11.102,0,0,0,-0.6167,1.2333,-0.6112,1.2109,1.4587,0.0000,0.0000,0.0000,-0.5751,1.1814,3.1379,0.015,500,0.0000,0.0000,0.0231,0,0,0.349
11.205,0,0,0,-0.6167,1.2333,-0.6111,1.2109,1.4485,0.0000,0.0000,0.0000,-0.6274,1.2171,3.0402,0.003,505,0.0000,0.0000,0.0231,0,0,0.381
11.302,0,0,0,-0.6167,1.2333,-0.6111,1.2109,1.4605,0.0000,0.0000,0.0000,-0.6176,1.2225,-0.8062,0.003,510,0.0000,0.0000,0.0231,0,0,0.371
11.402,0,0,0,-0.6167,1.2333,-0.6113,1.2112,1.4287,0.0000,0.0000,0.0000,-0.6273,1.2171,3.0388,0.002,514,0.0000,0.0000,0.0228,0,0,0.385
11.502,0,0,0,-0.6167,1.2333,-0.6117,1.2116,1.4096,0.0000,0.0000,0.0000,-0.6048,1.2120,0.5187,0.005,519,0.0000,0.0000,0.0223,0,0,0.378
11.603,0,0,0,-0.6167,1.2333,-0.6118,1.2118,1.3903,0.0000,0.0000,0.0000,-0.6274,1.2171,3.0394,0.003,523,0.0000,0.0000,0.0221,0,0,0.382
11.702,0,0,0,-0.6167,1.2333,-0.6119,1.2118,1.3974,0.0000,0.0000,0.0000,-0.6045,1.2117,0.5400,0.006,528,0.0000,0.0000,0.0221,0,0,0.364
11.803,0,0,0,-0.6167,1.2333,-0.6119,1.2119,1.3805,0.0000,0.0000,0.0000,-0.6274,1.2171,3.0401,0.002,532,0.0000,0.0000,0.0219,0,0,0.382
11.904,0,0,0,-0.6167,1.2333,-0.6119,1.2118,1.3973,0.0000,0.0000,0.0000,-0.6176,1.2225,-0.8065,0.013,537,0.0000,0.0000,0.0220,0,0,0.379
12.003,0,0,0,-0.6167,1.2333,-0.6117,1.2118,1.3890,0.0000,0.0000,0.0000,-0.6273,1.2171,3.0383,0.005,541,0.0000,0.0000,0.0221,0,0,0.373
12.103,0,0,0,-0.6167,1.2333,-0.6117,1.2118,1.3882,0.0000,0.0000,0.0000,-0.6176,1.2225,-0.8066,0.012,546,0.0000,0.0000,0.0221,0,0,0.384
12.202,0,0,0,-0.6167,1.2333,-0.6119,1.2120,1.3774,0.0000,0.0000,0.0000,-0.6176,1.2225,-0.8064,0.042,549,0.0000,0.0000,0.0219,0,0,0.384
12.303,0,0,0,-0.6167,1.2333,-0.6121,1.2122,1.3728,0.0000,0.0000,0.0000,-0.6176,1.2225,-0.8069,0.009,555,0.0000,0.0000,0.0216,0,0,0.373
12.402,0,0,0,-0.6167,1.2333,-0.6123,1.2124,1.3458,0.0000,0.0000,0.0000,-0.6176,1.2225,-0.8068,0.021,558,0.0000,0.0000,0.0213,0,0,0.374
12.502,0,0,0,-0.6167,1.2333,-0.6119,1.2120,1.3874,0.0000,0.0000,0.0000,-0.5752,1.1809,3.1604,0.009,563,0.0000,0.0000,0.0219,0,0,0.397
12.604,0,0,0,-0.6167,1.2333,-0.6121,1.2123,1.3585,0.0000,0.0000,0.0000,-0.6273,1.2171,3.0387,0.003,568,0.0000,0.0000,0.0216,0,0,0.369
12.704,0,0,0,-0.6167,1.2333,-0.6121,1.2123,1.3589,0.0000,0.0000,0.0000,-0.6176,1.2225,-0.8072,0.011,573,0.0000,0.0000,0.0216,0,0,0.390
12.803,0,0,0,-0.6167,1.2333,-0.6119,1.2121,1.3688,0.0000,0.0000,0.0000,-0.6273,1.2171,3.0386,0.003,577,0.0000,0.0000,0.0218,0,0,0.386
12.902,0,0,0,-0.6167,1.2333,-0.6119,1.2121,1.3744,0.0000,0.0000,0.0000,-0.6176,1.2225,-0.8069,0.013,581,0.0000,0.0000,0.0218,0,0,0.391
13.003,0,0,0,-0.6167,1.2333,-0.6120,1.2122,1.3585,0.0000,0.0000,0.0000,-0.6273,1.2172,3.0381,0.005,586,0.0000,0.0000,0.0216,0,0,0.381
13.101,0,0,0,-0.6167,1.2333,-0.6123,1.2125,1.3383,0.0000,0.0000,0.0000,-0.6176,1.2225,-0.8069,0.010,591,0.0000,0.0000,0.0213,0,0,0.395
13.204,0,0,0,-0.6167,1.2333,-0.6124,1.2127,1.3278,0.0000,0.0000,0.0000,-0.6273,1.2172,3.0383,0.006,595,0.0000,0.0000,0.0211,0,0,0.393
13.302,0,0,0,-0.6167,1.2333,-0.6124,1.2126,1.3303,0.0000,0.0000,0.0000,-0.6176,1.2225,-0.8070,0.009,600,0.0000,0.0000,0.0212,0,0,0.381
13.403,0,0,0,-0.6167,1.2333,-0.6125,1.2128,1.3211,0.0000,0.0000,0.0000,-0.6274,1.2171,3.0397,0.003,604,0.0000,0.0000,0.0210,0,0,0.353
13.502,0,0,0,-0.6167,1.2333,-0.6127,1.2129,1.3181,0.0000,0.0000,0.0000,-0.6176,1.2225,-0.8074,0.007,609,0.0000,0.0000,0.0208,0,0,0.397
13.601,0,0,0,-0.6167,1.2333,-0.6129,1.2131,1.2920,0.0000,0.0000,0.0000,-0.6176,1.2225,-0.8069,0.037,612,0.0000,0.0000,0.0205,0,0,0.373
13.701,0,0,0,-0.6167,1.2333,-0.6126,1.2129,1.2979,0.0000,0.0000,0.0000,-0.6176,1.2225,-0.8071,0.006,617,0.0000,0.0000,0.0208,0,0,0.390
13.802,0,0,0,-0.6167,1.2333,-0.6129,1.2132,1.2875,0.0000,0.0000,0.0000,-0.6176,1.2225,-0.8070,0.021,621,0.0000,0.0000,0.0205,0,0,0.388
13.903,0,0,0,-0.6167,1.2333,-0.6125,1.2128,1.3119,0.0000,0.0000,0.0000,-0.6176,1.2225,-0.8075,0.013,627,0.0000,0.0000,0.0209,0,0,0.395
14.003,0,0,0,-0.6167,1.2333,-0.6123,1.2126,1.3250,0.0000,0.0000,0.0000,-0.6273,1.2171,3.0394,0.002,631,0.0000,0.0000,0.0211,0,0,0.392
14.104,0,0,0,-0.6167,1.2333,-0.6127,1.2129,1.3118,0.0000,0.0000,0.0000,-0.6176,1.2225,-0.8075,0.011,635,0.0000,0.0000,0.0208,0,0,0.357
14.202,0,0,0,-0.6167,1.2333,-0.6124,1.2127,1.3170,0.0000,0.0000,0.0000,-0.6273,1.2172,3.0369,0.002,640,0.0000,0.0000,0.0210,0,0,0.355
14.302,0,0,0,-0.6167,1.2333,-0.6127,1.2130,1.3034,0.0000,0.0000,0.0000,-0.6041,1.2117,0.5530,0.002,645,0.0000,0.0000,0.0207,0,0,0.369
14.402,0,0,0,-0.6167,1.2333,-0.6128,1.2131,1.2871,0.0000,0.0000,0.0000,-0.6041,1.2117,0.5540,0.024,648,0.0000,0.0000,0.0206,0,0,0.371
14.503,0,0,0,-0.6167,1.2333,-0.6130,1.2134,1.2688,0.0000,0.0000,0.0000,-0.6176,1.2225,-0.8071,0.010,654,0.0000,0.0000,0.0203,0,0,0.344
14.603,0,0,0,-0.6167,1.2333,-0.6128,1.2132,1.2824,0.0000,0.0000,0.0000,-0.6273,1.2171,3.0397,0.006,658,0.0000,0.0000,0.0205,0,0,0.387
14.702,0,0,0,-0.6167,1.2333,-0.6130,1.2134,1.2653,0.0000,0.0000,0.0000,-0.6176,1.2225,-0.8072,0.010,663,0.0000,0.0000,0.0202,0,0,0.394
14.802,0,0,0,-0.6167,1.2333,-0.6131,1.2135,1.2574,0.0000,0.0000,0.0000,-0.6273,1.2171,3.0392,0.007,667,0.0000,0.0000,0.0201,0,0,0.380
14.902,0,0,0,-0.6167,1.2333,-0.6131,1.2136,1.2444,0.0000,0.0000,0.0000,-0.6176,1.2225,-0.8072,0.003,671,0.0000,0.0000,0.0200,0,0,0.387
15.004,0,0,0,-0.6167,1.2333,-0.6134,1.2139,1.2353,0.0000,0.0000,0.0000,-0.6176,1.2225,-0.8075,0.037,675,0.0000,0.0000,0.0197,0,0,0.388
15.107,0,0,0,-0.6167,1.2333,-0.6130,1.2133,1.2802,0.0000,0.0000,0.0000,-0.6176,1.2225,-0.8075,0.002,681,0.0000,0.0000,0.0203,0,0,0.391
15.203,0,0,0,-0.6167,1.2333,-0.6131,1.2136,1.2540,0.0000,0.0000,0.0000,-0.6176,1.2225,-0.8078,0.027,684,0.0000,0.0000,0.0201,0,0,0.384
15.304,0,0,0,-0.6167,1.2333,-0.6130,1.2134,1.2756,0.0000,0.0000,0.0000,-0.6038,1.2112,0.5930,0.017,689,0.0000,0.0000,0.0203,0,0,0.376
15.403,0,0,0,-0.6167,1.2333,-0.6128,1.2133,1.2719,0.0000,0.0000,0.0000,-0.6273,1.2172,3.0392,0.003,694,0.0000,0.0000,0.0204,0,0,0.393
15.502,0,0,0,-0.6167,1.2333,-0.6128,1.2132,1.2818,0.0000,0.0000,0.0000,-0.5751,1.1813,3.1486,0.003,699,0.0000,0.0000,0.0205,0,0,0.347
15.603,0,0,0,-0.6167,1.2333,-0.6122,1.2127,1.3081,0.0000,0.0000,0.0000,-0.6273,1.2171,3.0400,0.006,703,0.0000,0.0000,0.0211,0,0,0.359
15.701,0,0,0,-0.6167,1.2333,-0.6123,1.2126,1.3162,0.0000,0.0000,0.0000,-0.6176,1.2225,-0.8079,0.013,707,0.0000,0.0000,0.0211,0,0,0.388
15.802,0,0,0,-0.6167,1.2333,-0.6123,1.2128,1.3003,0.0000,0.0000,0.0000,-0.6273,1.2172,3.0397,0.002,712,0.0000,0.0000,0.0210,0,0,0.363
15.903,0,0,0,-0.6167,1.2333,-0.6122,1.2126,1.3208,0.0000,0.0000,0.0000,-0.6176,1.2225,-0.8080,0.006,717,0.0000,0.0000,0.0212,0,0,0.380
16.003,0,0,0,-0.6167,1.2333,-0.6121,1.2125,1.3164,0.0000,0.0000,0.0000,-0.6273,1.2171,3.0407,0.003,721,0.0000,0.0000,0.0213,0,0,0.379
16.102,0,0,0,-0.6167,1.2333,-0.6121,1.2125,1.3192,0.0000,0.0000,0.0000,-0.6176,1.2225,-0.8079,0.009,726,0.0000,0.0000,0.0213,0,0,0.367
16.203,0,0,0,-0.6167,1.2333,-0.6119,1.2123,1.3309,0.0000,0.0000,0.0000,-0.6176,1.2225,-0.8077,0.041,729,0.0000,0.0000,0.0215,0,0,0.378
16.303,0,0,0,-0.6167,1.2333,-0.6121,1.2125,1.3304,0.0000,0.0000,0.0000,-0.6176,1.2225,-0.8080,0.007,735,0.0000,0.0000,0.0213,0,0,0.382
16.403,0,0,0,-0.6167,1.2333,-0.6123,1.2128,1.3038,0.0000,0.0000,0.0000,-0.6176,1.2225,-0.8082,0.039,738,0.0000,0.0000,0.0210,0,0,0.354
16.501,0,0,0,-0.6167,1.2333,-0.6124,1.2129,1.2901,0.0000,0.0000,0.0000,-0.6273,1.2171,3.0404,0.006,743,0.0000,0.0000,0.0209,0,0,0.341
16.602,0,0,0,-0.6167,1.2333,-0.6124,1.2128,1.3009,0.0000,0.0000,0.0000,-0.6176,1.2225,-0.8079,0.024,747,0.0000,0.0000,0.0209,0,0,0.394
16.703,0,0,0,-0.6167,1.2333,-0.6120,1.2124,1.3422,0.0000,0.0000,0.0000,-0.6176,1.2225,-0.8081,0.002,753,0.0000,0.0000,0.0215,0,0,0.350
16.801,0,0,0,-0.6167,1.2333,-0.6119,1.2123,1.3372,0.0000,0.0000,0.0000,-0.6273,1.2172,3.0394,0.006,757,0.0000,0.0000,0.0216,0,0,0.372
16.904,0,0,0,-0.6167,1.2333,-0.6119,1.2123,1.3452,0.0000,0.0000,0.0000,-0.6176,1.2225,-0.8080,0.016,761,0.0000,0.0000,0.0216,0,0,0.380
17.005,0,0,0,-0.6167,1.2333,-0.6120,1.2124,1.3284,0.0000,0.0000,0.0000,-0.6273,1.2172,3.0396,0.003,766,0.0000,0.0000,0.0214,0,0,0.382
17.102,0,0,0,-0.6167,1.2333,-0.6124,1.2127,1.3176,0.0000,0.0000,0.0000,-0.6177,1.2225,-0.8078,0.015,770,0.0000,0.0000,0.0211,0,0,0.376
17.201,0,0,0,-0.6167,1.2333,-0.6118,1.2122,1.3444,0.0000,0.0000,0.0000,-0.6274,1.2172,3.0406,0.007,775,0.0000,0.0000,0.0217,0,0,0.376
17.301,0,0,0,-0.6167,1.2333,-0.6118,1.2122,1.3471,0.0000,0.0000,0.0000,-0.6176,1.2225,-0.8087,0.010,780,0.0000,0.0000,0.0217,0,0,0.376
17.401,0,0,0,-0.6167,1.2333,-0.6119,1.2123,1.3378,0.0000,0.0000,0.0000,-0.6273,1.2172,3.0396,0.005,784,0.0000,0.0000,0.0215,0,0,0.376
17.501,0,0,0,-0.6167,1.2333,-0.6122,1.2126,1.3197,0.0000,0.0000,0.0000,-0.6176,1.2225,-0.8087,0.012,789,0.0000,0.0000,0.0212,0,0,0.376
17.601,0,0,0,-0.6167,1.2333,-0.6120,1.2125,1.3320,0.0000,0.0000,0.0000,-0.6177,1.2225,-0.8082,0.043,792,0.0000,0.0000,0.0214,0,0,0.376
17.701,0,0,0,-0.6167,1.2333,-0.6117,1.2121,1.3560,0.0000,0.0000,0.0000,-0.6176,1.2225,-0.8085,0.008,798,0.0000,0.0000,0.0218,0,0,0.376
17.801,0,0,0,-0.6167,1.2333,-0.6115,1.2119,1.3677,0.0000,0.0000,0.0000,-0.6273,1.2172,3.0386,0.044,801,0.0000,0.0000,0.0220,0,0,0.376
17.901,0,0,0,-0.6167,1.2333,-0.6114,1.2118,1.3871,0.0000,0.0000,0.0000,-0.6177,1.2225,-0.8081,0.003,807,0.0000,0.0000,0.0222,0,0,0.376
18.001,0,0,0,-0.6167,1.2333,-0.6117,1.2121,1.3588,0.0000,0.0000,0.0000,-0.6274,1.2172,3.0401,0.007,811,0.0000,0.0000,0.0218,0,0,0.376
18.101,0,0,0,-0.6167,1.2333,-0.6112,1.2116,1.3996,0.0000,0.0000,0.0000,-0.6177,1.2225,-0.8083,0.008,816,0.0000,0.0000,0.0224,0,0,0.376
18.202,0,0,0,-0.6167,1.2333,-0.6115,1.2120,1.3708,0.0000,0.0000,0.0000,-0.6274,1.2171,3.0414,0.003,820,0.0000,0.0000,0.0220,0,0,0.382
18.301,0,0,0,-0.6167,1.2333,-0.6115,1.2119,1.3960,0.0000,0.0000,0.0000,-0.5750,1.1816,3.1473,0.006,824,0.0000,0.0000,0.0221,0,0,0.388
18.402,0,0,0,-0.6167,1.2333,-0.6111,1.2115,1.4009,0.0000,0.0000,0.0000,-0.6273,1.2172,3.0400,0.003,829,0.0000,0.0000,0.0226,0,0,0.393
18.503,0,0,0,-0.6167,1.2333,-0.6115,1.2118,1.3837,0.0000,0.0000,0.0000,-0.6043,1.2110,0.5781,0.006,834,0.0000,0.0000,0.0221,0,0,0.349
18.603,0,0,0,-0.6167,1.2333,-0.6112,1.2117,1.3881,0.0000,0.0000,0.0000,-0.6273,1.2172,3.0393,0.006,838,0.0000,0.0000,0.0223,0,0,0.330
18.702,0,0,0,-0.6167,1.2333,-0.6113,1.2117,1.3847,0.0000,0.0000,0.0000,-0.6177,1.2225,-0.8086,0.008,843,0.0000,0.0000,0.0223,0,0,0.385
18.801,0,0,0,-0.6167,1.2333,-0.6114,1.2119,1.3756,0.0000,0.0000,0.0000,-0.6274,1.2172,3.0405,0.002,847,0.0000,0.0000,0.0221,0,0,0.379
18.903,0,0,0,-0.6167,1.2333,-0.6114,1.2119,1.3750,0.0000,0.0000,0.0000,-0.6177,1.2225,-0.8084,0.008,852,0.0000,0.0000,0.0221,0,0,0.352
19.001,0,0,0,-0.6167,1.2333,-0.6113,1.2117,1.3854,0.0000,0.0000,0.0000,-0.6177,1.2225,-0.8082,0.037,855,0.0000,0.0000,0.0223,0,0,0.389
19.102,0,0,0,-0.6167,1.2333,-0.6110,1.2114,1.4078,0.0000,0.0000,0.0000,-0.6177,1.2225,-0.8088,0.010,861,0.0000,0.0000,0.0226,0,0,0.385
19.202,0,0,0,-0.6167,1.2333,-0.6109,1.2113,1.4169,0.0000,0.0000,0.0000,-0.6176,1.2225,-0.8089,0.019,864,0.0000,0.0000,0.0228,0,0,0.406
19.301,0,0,0,-0.6167,1.2333,-0.6108,1.2112,1.4333,0.0000,0.0000,0.0000,-0.5752,1.1809,3.1515,0.012,869,0.0000,0.0000,0.0229,0,0,0.356
19.405,0,0,0,-0.6167,1.2333,-0.6108,1.2112,1.4259,0.0000,0.0000,0.0000,-0.6176,1.2225,-0.8091,0.041,873,0.0000,0.0000,0.0229,0,0,0.390
19.502,0,0,0,-0.6167,1.2333,-0.6108,1.2112,1.4238,0.0000,0.0000,0.0000,-0.6177,1.2225,-0.8091,0.006,879,0.0000,0.0000,0.0229,0,0,0.357
19.601,0,0,0,-0.6167,1.2333,-0.6110,1.2114,1.4118,0.0000,0.0000,0.0000,-0.6274,1.2171,3.0422,0.005,883,0.0000,0.0000,0.0227,0,0,0.382
19.703,0,0,0,-0.6167,1.2333,-0.6111,1.2114,1.4174,0.0000,0.0000,0.0000,-0.6177,1.2225,-0.8091,0.013,887,0.0000,0.0000,0.0226,0,0,0.383
19.803,0,0,0,-0.6167,1.2333,-0.6109,1.2113,1.4184,0.0000,0.0000,0.0000,-0.6274,1.2171,3.0425,0.006,892,0.0000,0.0000,0.0228,0,0,0.374
19.903,0,0,0,-0.6167,1.2333,-0.6109,1.2114,1.4158,0.0000,0.0000,0.0000,-0.6177,1.2225,-0.8090,0.011,897,0.0000,0.0000,0.0227,0,0,0.383
20.003,0,0,0,-0.6167,1.2333,-0.6108,1.2112,1.4235,0.0000,0.0000,0.0000,-0.6177,1.2224,-0.8086,0.041,900,0.0000,0.0000,0.0229,0,0,0.349
20.102,0,0,0,-0.6167,1.2333,-0.6108,1.2112,1.4403,0.0000,0.0000,0.0000,-0.6176,1.2225,-0.8095,0.003,906,0.0000,0.0000,0.0230,0,0,0.388
20.203,0,0,0,-0.6167,1.2333,-0.6107,1.2111,1.4302,0.0000,0.0000,0.0000,-0.6274,1.2172,3.0399,0.005,910,0.0000,0.0000,0.0230,0,0,0.374
20.304,0,0,0,-0.6167,1.2333,-0.6108,1.2112,1.4270,0.0000,0.0000,0.0000,-0.6177,1.2224,-0.8090,0.011,915,0.0000,0.0000,0.0229,0,0,0.365
20.402,0,0,0,-0.6167,1.2333,-0.6110,1.2114,1.4154,0.0000,0.0000,0.0000,-0.6274,1.2172,3.0413,0.039,918,0.0000,0.0000,0.0227,0,0,0.382
20.504,0,0,0,-0.6167,1.2333,-0.6108,1.2113,1.4178,0.0000,0.0000,0.0000,-0.6176,1.2225,-0.8097,0.009,923,0.0000,0.0000,0.0228,0,0,0.383
20.601,0,0,0,-0.6167,1.2333,-0.6112,1.2116,1.4012,0.0000,0.0000,0.0000,-0.6177,1.2225,-0.8095,0.043,927,0.0000,0.0000,0.0224,0,0,0.374
20.704,0,0,0,-0.6167,1.2333,-0.6111,1.2115,1.4190,0.0000,0.0000,0.0000,-0.6045,1.2109,0.5662,0.021,932,0.0000,0.0000,0.0225,0,0,0.373
20.804,0,0,0,-0.6167,1.2333,-0.6114,1.2118,1.3887,0.0000,0.0000,0.0000,-0.6274,1.2172,3.0400,0.007,937,0.0000,0.0000,0.0222,0,0,0.367
20.903,0,0,0,-0.6167,1.2333,-0.6114,1.2117,1.4130,0.0000,0.0000,0.0000,-0.6177,1.2224,-0.8091,0.010,941,0.0000,0.0000,0.0222,0,0,0.362
21.004,0,0,0,-0.6167,1.2333,-0.6109,1.2114,1.4198,0.0000,0.0000,0.0000,-0.6274,1.2172,3.0418,0.008,946,0.0000,0.0000,0.0227,0,0,0.366
21.103,0,0,0,-0.6167,1.2333,-0.6114,1.2117,1.4056,0.0000,0.0000,0.0000,-0.6043,1.2112,0.5752,0.003,951,0.0000,0.0000,0.0222,0,0,0.372
21.202,0,0,0,-0.6167,1.2333,-0.6111,1.2116,1.4103,0.0000,0.0000,0.0000,-0.6274,1.2172,3.0416,0.002,955,0.0000,0.0000,0.0225,0,0,0.384
21.301,0,0,0,-0.6167,1.2333,-0.6114,1.2118,1.4059,0.0000,0.0000,0.0000,-0.6177,1.2224,-0.8098,0.008,960,0.0000,0.0000,0.0222,0,0,0.387
21.402,0,0,0,-0.6167,1.2333,-0.6116,1.2121,1.3763,0.0000,0.0000,0.0000,-0.6274,1.2172,3.0420,0.003,964,0.0000,0.0000,0.0219,0,0,0.378
21.501,0,0,0,-0.6167,1.2333,-0.6112,1.2117,1.4153,0.0000,0.0000,0.0000,-0.6177,1.2224,-0.8100,0.008,969,0.0000,0.0000,0.0224,0,0,0.386
21.604,0,0,0,-0.6167,1.2333,-0.6115,1.2119,1.3865,0.0000,0.0000,0.0000,-0.6274,1.2172,3.0417,0.006,973,0.0000,0.0000,0.0220,0,0,0.352
21.702,0,0,0,-0.6167,1.2333,-0.6115,1.2121,1.3693,0.0000,0.0000,0.0000,-0.6177,1.2224,-0.8100,0.010,977,0.0000,0.0000,0.0219,0,0,0.384
21.804,0,0,0,-0.6167,1.2333,-0.6116,1.2121,1.3756,0.0000,0.0000,0.0000,-0.6274,1.2171,3.0422,0.039,981,0.0000,0.0000,0.0218,0,0,0.388
21.901,0,0,0,-0.6167,1.2333,-0.6112,1.2116,1.4149,0.0000,0.0000,0.0000,-0.5752,1.1813,3.1458,0.017,986,0.0000,0.0000,0.0224,0,0,0.384
22.004,0,0,0,-0.6167,1.2333,-0.6115,1.2119,1.3862,0.0000,0.0000,0.0000,-0.6177,1.2224,-0.8098,0.024,990,0.0000,0.0000,0.0220,0,0,0.391
22.104,0,0,0,-0.6167,1.2333,-0.6111,1.2115,1.4256,0.0000,0.0000,0.0000,-0.5752,1.1813,3.1496,0.018,995,0.0000,0.0000,0.0225,0,0,0.357
22.202,0,0,0,-0.6167,1.2333,-0.6114,1.2118,1.3965,0.0000,0.0000,0.0000,-0.6274,1.2172,3.0417,0.008,1000,0.0000,0.0000,0.0222,0,0,0.367
22.302,0,0,0,-0.6167,1.2333,-0.6118,1.2122,1.3811,0.0000,0.0000,0.0000,-0.6047,1.2124,0.5033,0.005,1005,0.0000,0.0000,0.0217,0,0,0.402
22.401,0,0,0,-0.6167,1.2333,-0.6115,1.2120,1.3832,0.0000,0.0000,0.0000,-0.6274,1.2172,3.0409,0.002,1009,0.0000,0.0000,0.0220,0,0,0.362
22.502,0,0,0,-0.6167,1.2333,-0.6116,1.2120,1.3894,0.0000,0.0000,0.0000,-0.6177,1.2224,-0.8102,0.013,1013,0.0000,0.0000,0.0219,0,0,0.366
22.604,0,0,0,-0.6167,1.2333,-0.6111,1.2115,1.4148,0.0000,0.0000,0.0000,-0.6274,1.2172,3.0417,0.003,1018,0.0000,0.0000,0.0225,0,0,0.380
22.702,0,0,0,-0.6167,1.2333,-0.6111,1.2115,1.4122,0.0000,0.0000,0.0000,-0.6177,1.2224,-0.8100,0.010,1023,0.0000,0.0000,0.0225,0,0,0.391
22.801,0,0,0,-0.6167,1.2333,-0.6113,1.2117,1.4014,0.0000,0.0000,0.0000,-0.6274,1.2172,3.0415,0.005,1027,0.0000,0.0000,0.0223,0,0,0.363
22.903,0,0,0,-0.6167,1.2333,-0.6113,1.2117,1.3993,0.0000,0.0000,0.0000,-0.6177,1.2224,-0.8104,0.006,1032,0.0000,0.0000,0.0223,0,0,0.357
23.001,0,0,0,-0.6167,1.2333,-0.6112,1.2116,1.4109,0.0000,0.0000,0.0000,-0.6274,1.2172,3.0408,0.002,1036,0.0000,0.0000,0.0225,0,0,0.378
23.105,0,0,0,-0.6167,1.2333,-0.6115,1.2119,1.3884,0.0000,0.0000,0.0000,-0.6177,1.2224,-0.8104,0.018,1041,0.0000,0.0000,0.0220,0,0,0.377
23.201,0,0,0,-0.6167,1.2333,-0.6117,1.2121,1.3769,0.0000,0.0000,0.0000,-0.6177,1.2224,-0.8103,0.031,1044,0.0000,0.0000,0.0219,0,0,0.393
23.303,0,0,0,-0.6167,1.2333,-0.6119,1.2123,1.3734,0.0000,0.0000,0.0000,-0.6274,1.2172,3.0412,0.011,1049,0.0000,0.0000,0.0216,0,0,0.378
23.401,0,0,0,-0.6167,1.2333,-0.6121,1.2125,1.3457,0.0000,0.0000,0.0000,-0.6274,1.2172,3.0414,0.002,1054,0.0000,0.0000,0.0213,0,0,0.386
23.504,0,0,0,-0.6167,1.2333,-0.6123,1.2127,1.3440,0.0000,0.0000,0.0000,-0.6177,1.2224,-0.8104,0.004,1059,0.0000,0.0000,0.0211,0,0,0.386
23.604,0,0,0,-0.6167,1.2333,-0.6122,1.2126,1.3377,0.0000,0.0000,0.0000,-0.6274,1.2172,3.0412,0.009,1063,0.0000,0.0000,0.0212,0,0,0.384
23.704,0,0,0,-0.6167,1.2333,-0.6122,1.2126,1.3467,0.0000,0.0000,0.0000,-0.6177,1.2224,-0.8096,0.015,1067,0.0000,0.0000,0.0212,0,0,0.384
23.803,0,0,0,-0.6167,1.2333,-0.6120,1.2124,1.3518,0.0000,0.0000,0.0000,-0.6274,1.2172,3.0428,0.009,1072,0.0000,0.0000,0.0214,0,0,0.388
23.904,0,0,0,-0.6167,1.2333,-0.6121,1.2124,1.3593,0.0000,0.0000,0.0000,-0.6177,1.2224,-0.8102,0.015,1076,0.0000,0.0000,0.0214,0,0,0.399
24.001,0,0,0,-0.6167,1.2333,-0.6115,1.2119,1.3860,0.0000,0.0000,0.0000,-0.6274,1.2172,3.0419,0.002,1081,0.0000,0.0000,0.0220,0,0,0.387
24.103,0,0,0,-0.6167,1.2333,-0.6111,1.2115,1.4236,0.0000,0.0000,0.0000,-0.6177,1.2224,-0.8101,0.010,1086,0.0000,0.0000,0.0225,0,0,0.373
24.203,0,0,0,-0.6167,1.2333,-0.6111,1.2115,1.4172,0.0000,0.0000,0.0000,-0.6274,1.2172,3.0414,0.004,1090,0.0000,0.0000,0.0226,0,0,0.334
24.303,0,0,0,-0.6167,1.2333,-0.6110,1.2114,1.4316,0.0000,0.0000,0.0000,-0.6177,1.2224,-0.8105,0.006,1095,0.0000,0.0000,0.0227,0,0,0.341
24.401,0,0,0,-0.6167,1.2333,-0.6110,1.2113,1.4251,0.0000,0.0000,0.0000,-0.6177,1.2224,-0.8108,0.040,1098,0.0000,0.0000,0.0227,0,0,0.390
24.501,0,0,0,-0.6167,1.2333,-0.6111,1.2116,1.3880,0.0000,0.0000,0.0000,-0.6274,1.2172,3.0431,0.004,1104,0.0000,0.0000,0.0224,0,0,0.342
24.604,0,0,0,-0.6167,1.2333,-0.6112,1.2115,1.4124,0.0000,0.0000,0.0000,-0.6274,1.2172,3.0426,0.037,1107,0.0000,0.0000,0.0225,0,0,0.377
24.704,0,0,0,-0.6167,1.2333,-0.6108,1.2111,1.4498,0.0000,0.0000,0.0000,-0.5751,1.1810,3.1527,0.015,1112,0.0000,0.0000,0.0230,0,0,0.385
24.802,0,0,0,-0.6167,1.2333,-0.6108,1.2111,1.4405,0.0000,0.0000,0.0000,-0.6274,1.2172,3.0427,0.008,1117,0.0000,0.0000,0.0230,0,0,0.371
24.903,0,0,0,-0.6167,1.2333,-0.6107,1.2111,1.4540,0.0000,0.0000,0.0000,-0.6177,1.2224,-0.8105,0.005,1122,0.0000,0.0000,0.0231,0,0,0.395
25.001,0,0,0,-0.6167,1.2333,-0.6110,1.2114,1.4246,0.0000,0.0000,0.0000,-0.6274,1.2172,3.0423,0.002,1126,0.0000,0.0000,0.0227,0,0,0.389
25.103,0,0,0,-0.6167,1.2333,-0.6111,1.2114,1.4284,0.0000,0.0000,0.0000,-0.6051,1.2118,0.5096,0.008,1131,0.0000,0.0000,0.0226,0,0,0.387
25.203,0,0,0,-0.6167,1.2333,-0.6112,1.2116,1.4087,0.0000,0.0000,0.0000,-0.6274,1.2172,3.0422,0.005,1135,0.0000,0.0000,0.0224,0,0,0.356
25.304,0,0,0,-0.6167,1.2333,-0.6174,1.1952,0.8010,0.0000,0.0000,0.0000,-0.5750,1.1812,3.1553,0.003,1140,0.0000,0.0000,0.0382,0,0,0.386
25.405,0,0,0,-0.6167,1.2333,-0.6169,1.1957,0.8216,0.0000,0.0000,0.0000,-0.6259,1.2176,3.0198,0.003,1144,0.0000,0.0000,0.0376,0,0,0.362
25.504,0,0,0,-0.6167,1.2333,-0.6166,1.1968,0.8476,0.0000,0.0000,0.0000,-0.6177,1.2224,-0.8111,0.011,1149,0.0000,0.0000,0.0366,0,0,0.397
25.602,0,0,0,-0.6167,1.2333,-0.6166,1.1974,0.8507,0.0000,0.0000,0.0000,-0.6259,1.2176,3.0191,0.008,1153,0.0000,0.0000,0.0359,0,0,0.395
25.701,0,0,0,-0.6167,1.2333,-0.6165,1.1986,0.8538,0.0000,0.0000,0.0000,-0.6177,1.2224,-0.8111,0.012,1158,0.0000,0.0000,0.0347,0,0,0.380
25.802,0,0,0,-0.6167,1.2333,-0.6165,1.1992,0.8566,0.0000,0.0000,0.0000,-0.6260,1.2176,3.0204,0.037,1161,0.0000,0.0000,0.0341,0,0,0.392
25.904,0,0,0,-0.6167,1.2333,-0.6162,1.2000,0.8810,0.0000,0.0000,0.0000,-0.6177,1.2224,-0.8114,0.014,1167,0.0000,0.0000,0.0333,0,0,0.375
26.003,0,0,0,-0.6167,1.2333,-0.6159,1.2003,0.9023,0.0000,0.0000,0.0000,-0.6177,1.2224,-0.8112,0.020,1170,0.0000,0.0000,0.0331,0,0,0.391
26.104,0,0,0,-0.6167,1.2333,-0.6156,1.2008,0.9388,0.0000,0.0000,0.0000,-0.6260,1.2176,3.0197,0.016,1175,0.0000,0.0000,0.0326,0,0,0.385
26.202,0,0,0,-0.6167,1.2333,-0.6156,1.2015,0.9229,0.0000,0.0000,0.0000,-0.6260,1.2176,3.0199,0.005,1180,0.0000,0.0000,0.0318,0,0,0.396
26.302,0,0,0,-0.6167,1.2333,-0.6156,1.2025,0.9229,0.0000,0.0000,0.0000,-0.6177,1.2224,-0.8113,0.012,1185,0.0000,0.0000,0.0309,0,0,0.342
26.403,0,0,0,-0.6167,1.2333,-0.6153,1.2026,0.9456,0.0000,0.0000,0.0000,-0.5752,1.1812,3.1394,0.026,1188,0.0000,0.0000,0.0307,0,0,0.405
26.504,0,0,0,-0.6167,1.2333,-0.6155,1.2035,0.9491,0.0000,0.0000,0.0000,-0.6177,1.2224,-0.8110,0.015,1193,0.0000,0.0000,0.0299,0,0,0.348
26.601,0,0,0,-0.6167,1.2333,-0.6148,1.2034,0.9861,0.0000,0.0000,0.0000,-0.6261,1.2176,3.0227,0.006,1198,0.0000,0.0000,0.0300,0,0,0.389
26.701,0,0,0,-0.6167,1.2333,-0.6149,1.2042,0.9825,0.0000,0.0000,0.0000,-0.6177,1.2224,-0.8111,0.013,1203,0.0000,0.0000,0.0291,0,0,0.375
26.801,0,0,0,-0.6167,1.2333,-0.6146,1.2043,1.0046,0.0000,0.0000,0.0000,-0.6261,1.2176,3.0222,0.002,1207,0.0000,0.0000,0.0291,0,0,0.380
26.903,0,0,0,-0.6167,1.2333,-0.6144,1.2048,1.0216,0.0000,0.0000,0.0000,-0.6177,1.2224,-0.8115,0.009,1212,0.0000,0.0000,0.0286,0,0,0.342
27.002,0,0,0,-0.6167,1.2333,-0.6144,1.2052,1.0183,0.0000,0.0000,0.0000,-0.6261,1.2175,3.0230,0.005,1216,0.0000,0.0000,0.0282,0,0,0.364
27.101,0,0,0,-0.6167,1.2333,-0.6139,1.2053,1.0561,0.0000,0.0000,0.0000,-0.6177,1.2224,-0.8116,0.007,1221,0.0000,0.0000,0.0281,0,0,0.403
27.204,0,0,0,-0.6167,1.2333,-0.6137,1.2054,1.0749,0.0000,0.0000,0.0000,-0.6261,1.2176,3.0211,0.039,1224,0.0000,0.0000,0.0281,0,0,0.354
27.303,0,0,0,-0.6167,1.2333,-0.6136,1.2058,1.0682,0.0000,0.0000,0.0000,-0.6261,1.2176,3.0212,0.003,1230,0.0000,0.0000,0.0277,0,0,0.391
27.404,0,0,0,-0.6167,1.2333,-0.6136,1.2061,1.0888,0.0000,0.0000,0.0000,-0.6261,1.2176,3.0215,0.044,1233,0.0000,0.0000,0.0274,0,0,0.380
27.504,0,0,0,-0.6167,1.2333,-0.6131,1.2060,1.1403,0.0000,0.0000,0.0000,-0.5751,1.1810,3.1561,0.018,1238,0.0000,0.0000,0.0275,0,0,0.379
27.603,0,0,0,-0.6167,1.2333,-0.6129,1.2062,1.1401,0.0000,0.0000,0.0000,-0.6261,1.2176,3.0229,0.006,1243,0.0000,0.0000,0.0274,0,0,0.379
27.702,0,0,0,-0.6167,1.2333,-0.6128,1.2064,1.1728,0.0000,0.0000,0.0000,-0.6177,1.2224,-0.8111,0.003,1247,0.0000,0.0000,0.0272,0,0,0.378
27.801,0,0,0,-0.6167,1.2333,-0.6129,1.2069,1.1456,0.0000,0.0000,0.0000,-0.6261,1.2176,3.0217,0.002,1252,0.0000,0.0000,0.0267,0,0,0.391
27.904,0,0,0,-0.6167,1.2333,-0.6129,1.2072,1.1600,0.0000,0.0000,0.0000,-0.5751,1.1817,3.1300,0.011,1257,0.0000,0.0000,0.0264,0,0,0.387
28.002,0,0,0,-0.6167,1.2333,-0.6126,1.2073,1.1716,0.0000,0.0000,0.0000,-0.6262,1.2175,3.0234,0.004,1261,0.0000,0.0000,0.0264,0,0,0.349
28.102,0,0,0,-0.6167,1.2333,-0.6124,1.2074,1.1970,0.0000,0.0000,0.0000,-0.6177,1.2224,-0.8122,0.009,1266,0.0000,0.0000,0.0263,0,0,0.389
28.203,0,0,0,-0.6167,1.2333,-0.6123,1.2075,1.1976,0.0000,0.0000,0.0000,-0.6262,1.2175,3.0256,0.008,1270,0.0000,0.0000,0.0262,0,0,0.362
28.303,0,0,0,-0.6167,1.2333,-0.6125,1.2082,1.1860,0.0000,0.0000,0.0000,-0.6177,1.2224,-0.8121,0.013,1275,0.0000,0.0000,0.0255,0,0,0.378
28.404,0,0,0,-0.6167,1.2333,-0.6127,1.2085,1.1803,0.0000,0.0000,0.0000,-0.6262,1.2175,3.0251,0.007,1279,0.0000,0.0000,0.0252,0,0,0.381
28.504,0,0,0,-0.6167,1.2333,-0.6124,1.2086,1.1726,0.0000,0.0000,0.0000,-0.6262,1.2176,3.0227,0.003,1284,0.0000,0.0000,0.0251,0,0,0.395
28.601,0,0,0,-0.6167,1.2333,-0.6127,1.2090,1.1804,0.0000,0.0000,0.0000,-0.6177,1.2224,-0.8121,0.039,1287,0.0000,0.0000,0.0247,0,0,0.372
28.701,0,0,0,-0.6167,1.2333,-0.6125,1.2090,1.2058,0.0000,0.0000,0.0000,-0.6177,1.2224,-0.8122,0.003,1293,0.0000,0.0000,0.0246,0,0,0.389
28.803,0,0,0,-0.6167,1.2333,-0.6127,1.2094,1.1827,0.0000,0.0000,0.0000,-0.6262,1.2175,3.0249,0.008,1297,0.0000,0.0000,0.0242,0,0,0.379
28.903,0,0,0,-0.6167,1.2333,-0.6126,1.2095,1.2069,0.0000,0.0000,0.0000,-0.6177,1.2224,-0.8123,0.007,1302,0.0000,0.0000,0.0242,0,0,0.368
29.004,0,0,0,-0.6167,1.2333,-0.6127,1.2098,1.1829,0.0000,0.0000,0.0000,-0.6263,1.2175,3.0247,0.009,1306,0.0000,0.0000,0.0238,0,0,0.377
29.102,0,0,0,-0.6167,1.2333,-0.6130,1.2103,1.1741,0.0000,0.0000,0.0000,-0.5752,1.1807,3.1614,0.007,1311,0.0000,0.0000,0.0233,0,0,0.369
29.202,0,0,0,-0.6167,1.2333,-0.6124,1.2099,1.2057,0.0000,0.0000,0.0000,-0.6263,1.2175,3.0247,0.002,1315,0.0000,0.0000,0.0239,0,0,0.401
29.303,0,0,0,-0.6167,1.2333,-0.6124,1.2100,1.2180,0.0000,0.0000,0.0000,-0.6177,1.2224,-0.8121,0.009,1319,0.0000,0.0000,0.0237,0,0,0.391
29.402,0,0,0,-0.6167,1.2333,-0.6118,1.2096,1.2480,0.0000,0.0000,0.0000,-0.5752,1.1807,3.1607,0.040,1323,0.0000,0.0000,0.0242,0,0,0.365
29.503,0,0,0,-0.6167,1.2333,-0.6115,1.2094,1.2739,0.0000,0.0000,0.0000,-0.6177,1.2224,-0.8121,0.010,1329,0.0000,0.0000,0.0245,0,0,0.381
29.601,0,0,0,-0.6167,1.2333,-0.6116,1.2097,1.2660,0.0000,0.0000,0.0000,-0.6263,1.2175,3.0270,0.002,1333,0.0000,0.0000,0.0242,0,0,0.361
29.701,0,0,0,-0.6167,1.2333,-0.6113,1.2094,1.3096,0.0000,0.0000,0.0000,-0.6177,1.2224,-0.8121,0.008,1338,0.0000,0.0000,0.0246,0,0,0.376
29.803,0,0,0,-0.6167,1.2333,-0.6115,1.2097,1.2852,0.0000,0.0000,0.0000,-0.6263,1.2175,3.0249,0.007,1342,0.0000,0.0000,0.0242,0,0,0.366
29.901,0,0,0,-0.6167,1.2333,-0.6115,1.2099,1.2888,0.0000,0.0000,0.0000,-0.6177,1.2224,-0.8124,0.010,1347,0.0000,0.0000,0.0240,0,0,0.390
30.001,0,0,0,-0.6167,1.2333,-0.6116,1.2101,1.2798,0.0000,0.0000,0.0000,-0.6263,1.2175,3.0261,0.037,1350,0.0000,0.0000,0.0238,0,0,0.391
30.102,0,0,0,-0.6167,1.2333,-0.6115,1.2101,1.3008,0.0000,0.0000,0.0000,-0.6043,1.2116,0.5543,0.019,1355,0.0000,0.0000,0.0238,0,0,0.388
30.204,0,0,0,-0.6167,1.2333,-0.6117,1.2105,1.2750,0.0000,0.0000,0.0000,-0.6264,1.2175,3.0271,0.007,1360,0.0000,0.0000,0.0234,0,0,0.389
30.302,0,0,0,-0.6167,1.2333,-0.6116,1.2104,1.2967,0.0000,0.0000,0.0000,-0.6177,1.2224,-0.8124,0.004,1365,0.0000,0.0000,0.0234,0,0,0.374
30.401,0,0,0,-0.6167,1.2333,-0.6118,1.2108,1.2697,0.0000,0.0000,0.0000,-0.6264,1.2175,3.0279,0.002,1369,0.0000,0.0000,0.0231,0,0,0.348
30.502,0,0,0,-0.6167,1.2333,-0.6119,1.2108,1.2796,0.0000,0.0000,0.0000,-0.6177,1.2224,-0.8126,0.014,1373,0.0000,0.0000,0.0230,0,0,0.353
30.604,0,0,0,-0.6167,1.2333,-0.6119,1.2110,1.2644,0.0000,0.0000,0.0000,-0.6264,1.2174,3.0283,0.009,1378,0.0000,0.0000,0.0228,0,0,0.365
30.704,0,0,0,-0.6167,1.2333,-0.6123,1.2114,1.2558,0.0000,0.0000,0.0000,-0.6046,1.2116,0.5358,0.007,1383,0.0000,0.0000,0.0223,0,0,0.358
30.804,0,0,0,-0.6167,1.2333,-0.6120,1.2113,1.2652,0.0000,0.0000,0.0000,-0.6264,1.2175,3.0260,0.006,1387,0.0000,0.0000,0.0225,0,0,0.378
30.903,0,0,0,-0.6167,1.2333,-0.6116,1.2109,1.3079,0.0000,0.0000,0.0000,-0.6177,1.2224,-0.8122,0.007,1392,0.0000,0.0000,0.0230,0,0,0.377
31.003,0,0,0,-0.6167,1.2333,-0.6115,1.2109,1.3036,0.0000,0.0000,0.0000,-0.6264,1.2175,3.0274,0.003,1396,0.0000,0.0000,0.0230,0,0,0.374
31.103,0,0,0,-0.6167,1.2333,-0.6112,1.2107,1.3254,0.0000,0.0000,0.0000,-0.6177,1.2224,-0.8127,0.013,1401,0.0000,0.0000,0.0233,0,0,0.379
31.201,0,0,0,-0.6167,1.2333,-0.6113,1.2109,1.3162,0.0000,0.0000,0.0000,-0.6177,1.2224,-0.8131,0.047,1404,0.0000,0.0000,0.0231,0,0,0.390
31.305,0,0,0,-0.6167,1.2333,-0.6112,1.2109,1.3039,0.0000,0.0000,0.0000,-0.6265,1.2175,3.0287,0.003,1410,0.0000,0.0000,0.0231,0,0,0.390
31.402,0,0,0,-0.6167,1.2333,-0.6115,1.2112,1.3100,0.0000,0.0000,0.0000,-0.6265,1.2174,3.0287,0.037,1413,0.0000,0.0000,0.0228,0,0,0.362
31.501,0,0,0,-0.6167,1.2333,-0.6114,1.2111,1.3289,0.0000,0.0000,0.0000,-0.6177,1.2224,-0.8128,0.002,1419,0.0000,0.0000,0.0228,0,0,0.331
31.603,0,0,0,-0.6167,1.2333,-0.6113,1.2111,1.3205,0.0000,0.0000,0.0000,-0.6265,1.2174,3.0297,0.006,1423,0.0000,0.0000,0.0229,0,0,0.341
31.701,0,0,0,-0.6167,1.2333,-0.6113,1.2110,1.3393,0.0000,0.0000,0.0000,-0.6177,1.2224,-0.8129,0.006,1428,0.0000,0.0000,0.0229,0,0,0.370
31.801,0,0,0,-0.6167,1.2333,-0.6114,1.2111,1.3478,0.0000,0.0000,0.0000,-0.6265,1.2174,3.0302,0.006,1432,0.0000,0.0000,0.0229,0,0,0.341
31.903,0,0,0,-0.6167,1.2333,-0.6116,1.2114,1.3207,0.0000,0.0000,0.0000,-0.5752,1.1812,3.1411,0.005,1437,0.0000,0.0000,0.0225,0,0,0.400
32.003,0,0,0,-0.6167,1.2333,-0.6110,1.2110,1.3487,0.0000,0.0000,0.0000,-0.6265,1.2174,3.0290,0.005,1441,0.0000,0.0000,0.0231,0,0,0.377
32.103,0,0,0,-0.6167,1.2333,-0.6114,1.2114,1.3278,0.0000,0.0000,0.0000,-0.6042,1.2122,0.5347,0.010,1446,0.0000,0.0000,0.0226,0,0,0.324
32.204,0,0,0,-0.6167,1.2333,-0.6115,1.2115,1.3188,0.0000,0.0000,0.0000,-0.6265,1.2174,3.0302,0.006,1450,0.0000,0.0000,0.0224,0,0,0.340
32.303,0,0,0,-0.6167,1.2333,-0.6115,1.2116,1.3206,0.0000,0.0000,0.0000,-0.6177,1.2224,-0.8127,0.012,1455,0.0000,0.0000,0.0224,0,0,0.381
32.401,0,0,0,-0.6167,1.2333,-0.6116,1.2118,1.3132,0.0000,0.0000,0.0000,-0.6265,1.2174,3.0312,0.005,1459,0.0000,0.0000,0.0222,0,0,0.387
32.503,0,0,0,-0.6167,1.2333,-0.6113,1.2115,1.3374,0.0000,0.0000,0.0000,-0.6177,1.2224,-0.8125,0.013,1464,0.0000,0.0000,0.0225,0,0,0.359
32.603,0,0,0,-0.6167,1.2333,-0.6112,1.2113,1.3487,0.0000,0.0000,0.0000,-0.6265,1.2174,3.0293,0.005,1468,0.0000,0.0000,0.0227,0,0,0.392
32.702,0,0,0,-0.6167,1.2333,-0.6112,1.2114,1.3503,0.0000,0.0000,0.0000,-0.6177,1.2224,-0.8131,0.011,1473,0.0000,0.0000,0.0226,0,0,0.384
32.802,0,0,0,-0.6167,1.2333,-0.6110,1.2112,1.3621,0.0000,0.0000,0.0000,-0.6177,1.2224,-0.8133,0.021,1476,0.0000,0.0000,0.0228,0,0,0.372
32.902,0,0,0,-0.6167,1.2333,-0.6110,1.2112,1.3792,0.0000,0.0000,0.0000,-0.6045,1.2109,0.5740,0.019,1481,0.0000,0.0000,0.0229,0,0,0.360
33.001,0,0,0,-0.6167,1.2333,-0.6112,1.2115,1.3516,0.0000,0.0000,0.0000,-0.6266,1.2174,3.0298,0.005,1486,0.0000,0.0000,0.0225,0,0,0.393
33.101,0,0,0,-0.6167,1.2333,-0.6115,1.2118,1.3319,0.0000,0.0000,0.0000,-0.6177,1.2224,-0.8134,0.011,1491,0.0000,0.0000,0.0221,0,0,0.389
33.201,0,0,0,-0.6167,1.2333,-0.6114,1.2117,1.3463,0.0000,0.0000,0.0000,-0.6266,1.2174,3.0302,0.002,1495,0.0000,0.0000,0.0223,0,0,0.387
33.303,0,0,0,-0.6167,1.2333,-0.6114,1.2117,1.3540,0.0000,0.0000,0.0000,-0.6177,1.2224,-0.8133,0.015,1499,0.0000,0.0000,0.0223,0,0,0.381
33.402,0,0,0,-0.6167,1.2333,-0.6109,1.2112,1.3801,0.0000,0.0000,0.0000,-0.6266,1.2175,3.0295,0.002,1504,0.0000,0.0000,0.0228,0,0,0.354
33.501,0,0,0,-0.6167,1.2333,-0.6109,1.2113,1.3777,0.0000,0.0000,0.0000,-0.6177,1.2224,-0.8140,0.010,1509,0.0000,0.0000,0.0228,0,0,0.379
33.602,0,0,0,-0.6167,1.2333,-0.6110,1.2112,1.4017,0.0000,0.0000,0.0000,-0.6266,1.2174,3.0312,0.008,1513,0.0000,0.0000,0.0228,0,0,0.375
33.701,0,0,0,-0.6167,1.2333,-0.6108,1.2112,1.3852,0.0000,0.0000,0.0000,-0.6177,1.2224,-0.8138,0.016,1518,0.0000,0.0000,0.0229,0,0,0.395
33.802,0,0,0,-0.6167,1.2333,-0.6110,1.2114,1.3757,0.0000,0.0000,0.0000,-0.6266,1.2174,3.0323,0.005,1522,0.0000,0.0000,0.0226,0,0,0.375
33.901,0,0,0,-0.6167,1.2333,-0.6107,1.2112,1.3981,0.0000,0.0000,0.0000,-0.6177,1.2224,-0.8138,0.013,1527,0.0000,0.0000,0.0230,0,0,0.338
34.002,0,0,0,-0.6167,1.2333,-0.6106,1.2110,1.4100,0.0000,0.0000,0.0000,-0.6266,1.2174,3.0314,0.038,1530,0.0000,0.0000,0.0231,0,0,0.384
34.101,0,0,0,-0.6167,1.2333,-0.6102,1.2107,1.4170,0.0000,0.0000,0.0000,-0.6177,1.2224,-0.8143,0.009,1535,0.0000,0.0000,0.0235,0,0,0.381
34.202,0,0,0,-0.6167,1.2333,-0.6105,1.2110,1.4156,0.0000,0.0000,0.0000,-0.6177,1.2224,-0.8138,0.043,1539,0.0000,0.0000,0.0232,0,0,0.380
34.303,0,0,0,-0.6167,1.2333,-0.6105,1.2109,1.4318,0.0000,0.0000,0.0000,-0.6040,1.2111,0.5799,0.020,1544,0.0000,0.0000,0.0232,0,0,0.342
34.403,0,0,0,-0.6167,1.2333,-0.6108,1.2112,1.4030,0.0000,0.0000,0.0000,-0.6267,1.2174,3.0322,0.002,1549,0.0000,0.0000,0.0229,0,0,0.371
34.502,0,0,0,-0.6167,1.2333,-0.6111,1.2115,1.4059,0.0000,0.0000,0.0000,-0.6177,1.2223,-0.8136,0.005,1553,0.0000,0.0000,0.0225,0,0,0.356
34.602,0,0,0,-0.6167,1.2333,-0.6109,1.2114,1.3927,0.0000,0.0000,0.0000,-0.6267,1.2174,3.0325,0.008,1558,0.0000,0.0000,0.0226,0,0,0.396
34.702,0,0,0,-0.6167,1.2333,-0.6113,1.2118,1.3764,0.0000,0.0000,0.0000,-0.6040,1.2122,0.5389,0.006,1563,0.0000,0.0000,0.0222,0,0,0.372
34.802,0,0,0,-0.6167,1.2333,-0.6111,1.2117,1.3809,0.0000,0.0000,0.0000,-0.5751,1.1815,3.1367,0.015,1566,0.0000,0.0000,0.0224,0,0,0.376
34.903,0,0,0,-0.6167,1.2333,-0.6115,1.2120,1.3650,0.0000,0.0000,0.0000,-0.5751,1.1814,3.1499,0.010,1572,0.0000,0.0000,0.0219,0,0,0.390
35.002,0,0,0,-0.6167,1.2333,-0.6113,1.2118,1.3705,0.0000,0.0000,0.0000,-0.6267,1.2174,3.0318,0.002,1576,0.0000,0.0000,0.0222,0,0,0.372
35.102,0,0,0,-0.6167,1.2333,-0.6113,1.2119,1.3714,0.0000,0.0000,0.0000,-0.6177,1.2223,-0.8138,0.016,1581,0.0000,0.0000,0.0221,0,0,0.383
35.201,0,0,0,-0.6167,1.2333,-0.6111,1.2117,1.3833,0.0000,0.0000,0.0000,-0.6267,1.2174,3.0333,0.006,1585,0.0000,0.0000,0.0223,0,0,0.411
35.304,0,0,0,-0.6167,1.2333,-0.6109,1.2116,1.3875,0.0000,0.0000,0.0000,-0.6267,1.2174,3.0325,0.003,1590,0.0000,0.0000,0.0225,0,0,0.389
35.403,0,0,0,-0.6167,1.2333,-0.6113,1.2119,1.3727,0.0000,0.0000,0.0000,-0.6267,1.2174,3.0321,0.039,1593,0.0000,0.0000,0.0221,0,0,0.349
35.504,0,0,0,-0.6167,1.2333,-0.6109,1.2115,1.4101,0.0000,0.0000,0.0000,-0.5752,1.1814,3.1450,0.019,1598,0.0000,0.0000,0.0226,0,0,0.383
35.603,0,0,0,-0.6167,1.2333,-0.6112,1.2118,1.3809,0.0000,0.0000,0.0000,-0.6267,1.2174,3.0323,0.005,1603,0.0000,0.0000,0.0222,0,0,0.388
35.701,0,0,0,-0.6167,1.2333,-0.6108,1.2114,1.4186,0.0000,0.0000,0.0000,-0.5752,1.1812,3.1488,0.016,1607,0.0000,0.0000,0.0227,0,0,0.353
35.802,0,0,0,-0.6167,1.2333,-0.6111,1.2117,1.3908,0.0000,0.0000,0.0000,-0.6267,1.2174,3.0322,0.007,1612,0.0000,0.0000,0.0224,0,0,0.389
35.904,0,0,0,-0.6167,1.2333,-0.6111,1.2117,1.3898,0.0000,0.0000,0.0000,-0.6047,1.2120,0.5135,0.012,1617,0.0000,0.0000,0.0223,0,0,0.365
36.003,0,0,0,-0.6167,1.2333,-0.6109,1.2115,1.4020,0.0000,0.0000,0.0000,-0.6267,1.2174,3.0332,0.005,1621,0.0000,0.0000,0.0225,0,0,0.382
36.105,0,0,0,-0.6167,1.2333,-0.6110,1.2116,1.4094,0.0000,0.0000,0.0000,-0.6046,1.2111,0.5581,0.003,1626,0.0000,0.0000,0.0225,0,0,0.375
36.202,0,0,0,-0.6167,1.2333,-0.6111,1.2117,1.3940,0.0000,0.0000,0.0000,-0.6267,1.2174,3.0324,0.007,1630,0.0000,0.0000,0.0223,0,0,0.387
36.303,0,0,0,-0.6167,1.2333,-0.6111,1.2116,1.4120,0.0000,0.0000,0.0000,-0.6177,1.2223,-0.8144,0.008,1635,0.0000,0.0000,0.0224,0,0,0.385
36.404,0,0,0,-0.6167,1.2333,-0.6110,1.2116,1.4049,0.0000,0.0000,0.0000,-0.6267,1.2174,3.0321,0.006,1639,0.0000,0.0000,0.0224,0,0,0.406
36.501,0,0,0,-0.6167,1.2333,-0.6107,1.2113,1.4251,0.0000,0.0000,0.0000,-0.6177,1.2223,-0.8145,0.016,1644,0.0000,0.0000,0.0228,0,0,0.384
36.603,0,0,0,-0.6167,1.2333,-0.6109,1.2115,1.4137,0.0000,0.0000,0.0000,-0.6268,1.2174,3.0339,0.005,1648,0.0000,0.0000,0.0226,0,0,0.375
36.705,0,0,0,-0.6167,1.2333,-0.6109,1.2115,1.4131,0.0000,0.0000,0.0000,-0.6177,1.2224,-0.8152,0.008,1653,0.0000,0.0000,0.0225,0,0,0.388
36.801,0,0,0,-0.6167,1.2333,-0.6111,1.2117,1.4017,0.0000,0.0000,0.0000,-0.6177,1.2223,-0.8148,0.042,1656,0.0000,0.0000,0.0223,0,0,0.385
36.902,0,0,0,-0.6167,1.2333,-0.6110,1.2116,1.4183,0.0000,0.0000,0.0000,-0.6268,1.2174,3.0337,0.013,1661,0.0000,0.0000,0.0224,0,0,0.377
37.001,0,0,0,-0.6167,1.2333,-0.6110,1.2116,1.4105,0.0000,0.0000,0.0000,-0.6267,1.2174,3.0322,0.006,1666,0.0000,0.0000,0.0225,0,0,0.371
37.102,0,0,0,-0.6167,1.2333,-0.6112,1.2118,1.4051,0.0000,0.0000,0.0000,-0.6177,1.2223,-0.8148,0.003,1671,0.0000,0.0000,0.0222,0,0,0.373
37.202,0,0,0,-0.6167,1.2333,-0.6115,1.2121,1.3767,0.0000,0.0000,0.0000,-0.6268,1.2174,3.0348,0.007,1675,0.0000,0.0000,0.0219,0,0,0.394
37.306,0,0,0,-0.6167,1.2333,-0.6115,1.2121,1.3812,0.0000,0.0000,0.0000,-0.6177,1.2223,-0.8151,0.013,1679,0.0000,0.0000,0.0218,0,0,0.392
37.402,0,0,0,-0.6167,1.2333,-0.6110,1.2116,1.4061,0.0000,0.0000,0.0000,-0.6268,1.2174,3.0341,0.005,1684,0.0000,0.0000,0.0224,0,0,0.339
37.501,0,0,0,-0.6167,1.2333,-0.6111,1.2116,1.4104,0.0000,0.0000,0.0000,-0.6045,1.2119,0.5264,0.003,1689,0.0000,0.0000,0.0224,0,0,0.352
37.601,0,0,0,-0.6167,1.2333,-0.6109,1.2115,1.4145,0.0000,0.0000,0.0000,-0.6268,1.2174,3.0347,0.007,1693,0.0000,0.0000,0.0226,0,0,0.348
37.703,0,0,0,-0.6167,1.2333,-0.6106,1.2112,1.4323,0.0000,0.0000,0.0000,-0.6178,1.2223,-0.8150,0.019,1698,0.0000,0.0000,0.0229,0,0,0.362
37.803,0,0,0,-0.6167,1.2333,-0.6105,1.2111,1.4422,0.0000,0.0000,0.0000,-0.6268,1.2173,3.0359,0.005,1702,0.0000,0.0000,0.0231,0,0,0.354
37.904,0,0,0,-0.6167,1.2333,-0.6105,1.2112,1.4373,0.0000,0.0000,0.0000,-0.6177,1.2223,-0.8151,0.011,1707,0.0000,0.0000,0.0230,0,0,0.405
38.003,0,0,0,-0.6167,1.2333,-0.6107,1.2113,1.4258,0.0000,0.0000,0.0000,-0.6177,1.2223,-0.8156,0.044,1710,0.0000,0.0000,0.0228,0,0,0.379
38.102,0,0,0,-0.6167,1.2333,-0.6106,1.2113,1.4127,0.0000,0.0000,0.0000,-0.6268,1.2174,3.0349,0.005,1716,0.0000,0.0000,0.0228,0,0,0.343
38.202,0,0,0,-0.6167,1.2333,-0.6109,1.2116,1.4150,0.0000,0.0000,0.0000,-0.6177,1.2223,-0.8155,0.045,1719,0.0000,0.0000,0.0225,0,0,0.374
38.302,0,0,0,-0.6167,1.2333,-0.6109,1.2115,1.4320,0.0000,0.0000,0.0000,-0.6268,1.2174,3.0339,0.014,1724,0.0000,0.0000,0.0226,0,0,0.367
38.403,0,0,0,-0.6167,1.2333,-0.6111,1.2118,1.4017,0.0000,0.0000,0.0000,-0.6268,1.2174,3.0352,0.005,1729,0.0000,0.0000,0.0222,0,0,0.389
38.502,0,0,0,-0.6167,1.2333,-0.6111,1.2117,1.4191,0.0000,0.0000,0.0000,-0.6178,1.2223,-0.8153,0.006,1734,0.0000,0.0000,0.0223,0,0,0.360
38.602,0,0,0,-0.6167,1.2333,-0.6110,1.2117,1.4090,0.0000,0.0000,0.0000,-0.6268,1.2173,3.0356,0.002,1738,0.0000,0.0000,0.0224,0,0,0.346
38.702,0,0,0,-0.6167,1.2333,-0.6111,1.2117,1.4129,0.0000,0.0000,0.0000,-0.5752,1.1813,3.1428,0.006,1743,0.0000,0.0000,0.0223,0,0,0.350
38.802,0,0,0,-0.6167,1.2333,-0.6109,1.2115,1.4158,0.0000,0.0000,0.0000,-0.6268,1.2174,3.0348,0.008,1747,0.0000,0.0000,0.0225,0,0,0.357
38.903,0,0,0,-0.6167,1.2333,-0.6109,1.2116,1.4143,0.0000,0.0000,0.0000,-0.6044,1.2105,0.5882,0.012,1752,0.0000,0.0000,0.0225,0,0,0.351
39.002,0,0,0,-0.6167,1.2333,-0.6108,1.2114,1.4253,0.0000,0.0000,0.0000,-0.6269,1.2174,3.0355,0.005,1756,0.0000,0.0000,0.0227,0,0,0.335
39.105,0,0,0,-0.6167,1.2333,-0.6108,1.2114,1.4385,0.0000,0.0000,0.0000,-0.6178,1.2223,-0.8151,0.010,1761,0.0000,0.0000,0.0227,0,0,0.373
39.203,0,0,0,-0.6167,1.2333,-0.6110,1.2117,1.4078,0.0000,0.0000,0.0000,-0.6269,1.2174,3.0359,0.006,1765,0.0000,0.0000,0.0224,0,0,0.379
39.302,0,0,0,-0.6167,1.2333,-0.6110,1.2117,1.4066,0.0000,0.0000,0.0000,-0.6178,1.2223,-0.8156,0.017,1770,0.0000,0.0000,0.0224,0,0,0.387
39.402,0,0,0,-0.6167,1.2333,-0.6112,1.2119,1.3963,0.0000,0.0000,0.0000,-0.6269,1.2173,3.0375,0.003,1774,0.0000,0.0000,0.0221,0,0,0.387
39.501,0,0,0,-0.6167,1.2333,-0.6115,1.2122,1.3744,0.0000,0.0000,0.0000,-0.6178,1.2223,-0.8155,0.010,1779,0.0000,0.0000,0.0217,0,0,0.400
39.602,0,0,0,-0.6167,1.2333,-0.6117,1.2124,1.3653,0.0000,0.0000,0.0000,-0.6178,1.2223,-0.8155,0.022,1782,0.0000,0.0000,0.0216,0,0,0.375
39.703,0,0,0,-0.6167,1.2333,-0.6113,1.2119,1.4057,0.0000,0.0000,0.0000,-0.5751,1.1815,3.1419,0.023,1787,0.0000,0.0000,0.0221,0,0,0.376
39.802,0,0,0,-0.6167,1.2333,-0.6115,1.2122,1.3773,0.0000,0.0000,0.0000,-0.6269,1.2174,3.0358,0.007,1792,0.0000,0.0000,0.0218,0,0,0.397
39.902,0,0,0,-0.6167,1.2333,-0.6112,1.2119,1.3994,0.0000,0.0000,0.0000,-0.6178,1.2223,-0.8157,0.012,1797,0.0000,0.0000,0.0221,0,0,0.370
40.004,0,0,0,-0.6167,1.2333,-0.6112,1.2118,1.4238,0.0000,0.0000,0.0000,-0.6269,1.2173,3.0368,0.009,1801,0.0000,0.0000,0.0222,0,0,0.334
40.102,0,0,0,-0.6167,1.2333,-0.6112,1.2117,1.4150,0.0000,0.0000,0.0000,-0.6178,1.2223,-0.8158,0.016,1805,0.0000,0.0000,0.0223,0,0,0.366
40.204,0,0,0,-0.6167,1.2333,-0.6113,1.2119,1.3972,0.0000,0.0000,0.0000,-0.6269,1.2173,3.0375,0.006,1810,0.0000,0.0000,0.0221,0,0,0.390
40.303,0,0,0,-0.6167,1.2333,-0.6110,1.2116,1.4168,0.0000,0.0000,0.0000,-0.6178,1.2223,-0.8161,0.010,1815,0.0000,0.0000,0.0225,0,0,0.375
40.403,0,0,0,-0.6167,1.2333,-0.6108,1.2114,1.4270,0.0000,0.0000,0.0000,-0.6269,1.2173,3.0370,0.009,1819,0.0000,0.0000,0.0227,0,0,0.393
40.503,0,0,0,-0.6167,1.2333,-0.6106,1.2112,1.4441,0.0000,0.0000,0.0000,-0.6178,1.2223,-0.8155,0.008,1824,0.0000,0.0000,0.0230,0,0,0.340
40.603,0,0,0,-0.6167,1.2333,-0.6104,1.2110,1.4516,0.0000,0.0000,0.0000,-0.6269,1.2173,3.0370,0.009,1828,0.0000,0.0000,0.0232,0,0,0.359
40.701,0,0,0,-0.6167,1.2333,-0.6105,1.2111,1.4472,0.0000,0.0000,0.0000,-0.6178,1.2223,-0.8159,0.012,1833,0.0000,0.0000,0.0231,0,0,0.373
40.802,0,0,0,-0.6167,1.2333,-0.6104,1.2110,1.4566,0.0000,0.0000,0.0000,-0.6269,1.2174,3.0367,0.043,1836,0.0000,0.0000,0.0232,0,0,0.386
40.905,0,0,0,-0.6167,1.2333,-0.6103,1.2110,1.4380,0.0000,0.0000,0.0000,-0.6270,1.2173,3.0381,0.008,1842,0.0000,0.0000,0.0233,0,0,0.360
41.004,0,0,0,-0.6167,1.2333,-0.6103,1.2109,1.4601,0.0000,0.0000,0.0000,-0.6269,1.2174,3.0364,0.002,1846,0.0000,0.0000,0.0233,0,0,0.367
41.101,0,0,0,-0.6167,1.2333,-0.6107,1.2112,1.4534,0.0000,0.0000,0.0000,-0.6052,1.2113,0.5233,0.022,1850,0.0000,0.0000,0.0230,0,0,0.378
41.203,0,0,0,-0.6167,1.2333,-0.6108,1.2112,1.4582,0.0000,0.0000,0.0000,-0.6270,1.2173,3.0380,0.007,1855,0.0000,0.0000,0.0229,0,0,0.358
41.304,0,0,0,-0.6167,1.2333,-0.6110,1.2115,1.4279,0.0000,0.0000,0.0000,-0.6178,1.2223,-0.8166,0.019,1859,0.0000,0.0000,0.0225,0,0,0.382
41.401,0,0,0,-0.6167,1.2333,-0.6108,1.2114,1.4297,0.0000,0.0000,0.0000,-0.6269,1.2174,3.0365,0.005,1864,0.0000,0.0000,0.0227,0,0,0.375
41.503,0,0,0,-0.6167,1.2333,-0.6109,1.2114,1.4340,0.0000,0.0000,0.0000,-0.6046,1.2114,0.5473,0.003,1869,0.0000,0.0000,0.0226,0,0,0.396
41.602,0,0,0,-0.6167,1.2333,-0.6110,1.2116,1.4155,0.0000,0.0000,0.0000,-0.6270,1.2173,3.0378,0.002,1873,0.0000,0.0000,0.0224,0,0,0.355
41.702,0,0,0,-0.6167,1.2333,-0.6108,1.2113,1.4355,0.0000,0.0000,0.0000,-0.5751,1.1813,3.1506,0.015,1878,0.0000,0.0000,0.0228,0,0,0.402
41.804,0,0,0,-0.6167,1.2333,-0.6106,1.2112,1.4454,0.0000,0.0000,0.0000,-0.6270,1.2173,3.0379,0.006,1882,0.0000,0.0000,0.0230,0,0,0.389
41.902,0,0,0,-0.6167,1.2333,-0.6104,1.2109,1.4609,0.0000,0.0000,0.0000,-0.6177,1.2223,-0.8170,0.013,1887,0.0000,0.0000,0.0233,0,0,0.354
42.001,0,0,0,-0.6167,1.2333,-0.6104,1.2109,1.4828,0.0000,0.0000,0.0000,-0.6270,1.2173,3.0386,0.008,1891,0.0000,0.0000,0.0233,0,0,0.377
42.103,0,0,0,-0.6167,1.2333,-0.6102,1.2108,1.4529,0.0000,0.0000,0.0000,-0.6270,1.2174,3.0372,0.006,1896,0.0000,0.0000,0.0234,0,0,0.357
42.203,0,0,0,-0.6167,1.2333,-0.6105,1.2111,1.4459,0.0000,0.0000,0.0000,-0.6177,1.2223,-0.8171,0.039,1899,0.0000,0.0000,0.0231,0,0,0.350
42.302,0,0,0,-0.6167,1.2333,-0.6105,1.2110,1.4605,0.0000,0.0000,0.0000,-0.6051,1.2116,0.4988,0.021,1904,0.0000,0.0000,0.0231,0,0,0.390
42.402,0,0,0,-0.6167,1.2333,-0.6105,1.2110,1.4509,0.0000,0.0000,0.0000,-0.6178,1.2223,-0.8165,0.024,1908,0.0000,0.0000,0.0231,0,0,0.377
42.503,0,0,0,-0.6167,1.2333,-0.6108,1.2113,1.4451,0.0000,0.0000,0.0000,-0.6043,1.2112,0.5642,0.024,1913,0.0000,0.0000,0.0228,0,0,0.384
42.603,0,0,0,-0.6167,1.2333,-0.6107,1.2113,1.4374,0.0000,0.0000,0.0000,-0.6270,1.2174,3.0377,0.006,1918,0.0000,0.0000,0.0229,0,0,0.375
42.703,0,0,0,-0.6167,1.2333,-0.6111,1.2116,1.4213,0.0000,0.0000,0.0000,-0.5750,1.1815,3.1454,0.006,1923,0.0000,0.0000,0.0224,0,0,0.391
42.802,0,0,0,-0.6167,1.2333,-0.6111,1.2116,1.4362,0.0000,0.0000,0.0000,-0.6270,1.2173,3.0387,0.008,1927,0.0000,0.0000,0.0225,0,0,0.393
42.902,0,0,0,-0.6167,1.2333,-0.6114,1.2118,1.4067,0.0000,0.0000,0.0000,-0.5752,1.1811,3.1507,0.005,1932,0.0000,0.0000,0.0221,0,0,0.340
43.004,0,0,0,-0.6167,1.2333,-0.6108,1.2114,1.4311,0.0000,0.0000,0.0000,-0.6270,1.2174,3.0370,0.008,1936,0.0000,0.0000,0.0227,0,0,0.391
43.102,0,0,0,-0.6167,1.2333,-0.6109,1.2114,1.4298,0.0000,0.0000,0.0000,-0.6178,1.2223,-0.8171,0.014,1941,0.0000,0.0000,0.0227,0,0,0.368
43.203,0,0,0,-0.6167,1.2333,-0.6107,1.2113,1.4393,0.0000,0.0000,0.0000,-0.6270,1.2174,3.0373,0.008,1945,0.0000,0.0000,0.0228,0,0,0.358
43.302,0,0,0,-0.6167,1.2333,-0.6108,1.2113,1.4354,0.0000,0.0000,0.0000,-0.6177,1.2223,-0.8176,0.016,1950,0.0000,0.0000,0.0228,0,0,0.363
43.401,0,0,0,-0.6167,1.2333,-0.6110,1.2115,1.4247,0.0000,0.0000,0.0000,-0.6270,1.2174,3.0382,0.002,1954,0.0000,0.0000,0.0225,0,0,0.391
43.502,0,0,0,-0.6167,1.2333,-0.6110,1.2116,1.4220,0.0000,0.0000,0.0000,-0.6178,1.2223,-0.8173,0.013,1959,0.0000,0.0000,0.0225,0,0,0.376
43.601,0,0,0,-0.6167,1.2333,-0.6109,1.2114,1.4314,0.0000,0.0000,0.0000,-0.6270,1.2173,3.0394,0.031,1962,0.0000,0.0000,0.0227,0,0,0.346
43.704,0,0,0,-0.6167,1.2333,-0.6112,1.2117,1.4265,0.0000,0.0000,0.0000,-0.6270,1.2173,3.0387,0.013,1967,0.0000,0.0000,0.0223,0,0,0.363
43.802,0,0,0,-0.6167,1.2333,-0.6111,1.2116,1.4191,0.0000,0.0000,0.0000,-0.6270,1.2173,3.0387,0.008,1972,0.0000,0.0000,0.0224,0,0,0.380
43.902,0,0,0,-0.6167,1.2333,-0.6114,1.2119,1.4125,0.0000,0.0000,0.0000,-0.6178,1.2223,-0.8175,0.008,1977,0.0000,0.0000,0.0221,0,0,0.343
44.003,0,0,0,-0.6167,1.2333,-0.6116,1.2122,1.3855,0.0000,0.0000,0.0000,-0.6271,1.2173,3.0405,0.006,1981,0.0000,0.0000,0.0218,0,0,0.359
44.102,0,0,0,-0.6167,1.2333,-0.6117,1.2122,1.3923,0.0000,0.0000,0.0000,-0.6047,1.2121,0.5118,0.002,1986,0.0000,0.0000,0.0218,0,0,0.395
44.204,0,0,0,-0.6167,1.2333,-0.6114,1.2120,1.3955,0.0000,0.0000,0.0000,-0.6270,1.2173,3.0391,0.009,1990,0.0000,0.0000,0.0220,0,0,0.379
44.302,0,0,0,-0.6167,1.2333,-0.6115,1.2120,1.4019,0.0000,0.0000,0.0000,-0.6178,1.2223,-0.8178,0.018,1994,0.0000,0.0000,0.0219,0,0,0.369
44.401,0,0,0,-0.6167,1.2333,-0.6113,1.2118,1.4067,0.0000,0.0000,0.0000,-0.5752,1.1810,3.1514,0.038,1998,0.0000,0.0000,0.0222,0,0,0.380
44.503,0,0,0,-0.6167,1.2333,-0.6113,1.2118,1.4033,0.0000,0.0000,0.0000,-0.6178,1.2223,-0.8173,0.018,2004,0.0000,0.0000,0.0222,0,0,0.363
44.604,0,0,0,-0.6167,1.2333,-0.6115,1.2120,1.3927,0.0000,0.0000,0.0000,-0.6271,1.2173,3.0387,0.009,2008,0.0000,0.0000,0.0220,0,0,0.384
44.701,0,0,0,-0.6167,1.2333,-0.6115,1.2120,1.3921,0.0000,0.0000,0.0000,-0.6178,1.2223,-0.8177,0.013,2013,0.0000,0.0000,0.0220,0,0,0.343
44.801,0,0,0,-0.6167,1.2333,-0.6113,1.2118,1.4015,0.0000,0.0000,0.0000,-0.6178,1.2223,-0.8176,0.052,2016,0.0000,0.0000,0.0222,0,0,0.388
44.901,0,0,0,-0.6167,1.2333,-0.6113,1.2118,1.3982,0.0000,0.0000,0.0000,-0.6178,1.2223,-0.8176,0.011,2022,0.0000,0.0000,0.0221,0,0,0.390
45.001,0,0,0,-0.6167,1.2333,-0.6112,1.2117,1.4093,0.0000,0.0000,0.0000,-0.6178,1.2223,-0.8177,0.045,2025,0.0000,0.0000,0.0223,0,0,0.379
45.102,0,0,0,-0.6167,1.2333,-0.6114,1.2119,1.4067,0.0000,0.0000,0.0000,-0.6178,1.2223,-0.8181,0.003,2031,0.0000,0.0000,0.0221,0,0,0.380
45.202,0,0,0,-0.6167,1.2333,-0.6115,1.2119,1.4130,0.0000,0.0000,0.0000,-0.6271,1.2174,3.0388,0.011,2035,0.0000,0.0000,0.0220,0,0,0.387
45.302,0,0,0,-0.6167,1.2333,-0.6110,1.2114,1.4387,0.0000,0.0000,0.0000,-0.6178,1.2223,-0.8183,0.006,2040,0.0000,0.0000,0.0226,0,0,0.397
45.403,0,0,0,-0.6167,1.2333,-0.6112,1.2117,1.4105,0.0000,0.0000,0.0000,-0.6271,1.2173,3.0397,0.006,2044,0.0000,0.0000,0.0223,0,0,0.357
45.503,0,0,0,-0.6167,1.2333,-0.6116,1.2121,1.3938,0.0000,0.0000,0.0000,-0.6051,1.2119,0.4942,0.008,2049,0.0000,0.0000,0.0218,0,0,0.374
45.602,0,0,0,-0.6167,1.2333,-0.6114,1.2119,1.3980,0.0000,0.0000,0.0000,-0.6271,1.2173,3.0402,0.007,2053,0.0000,0.0000,0.0221,0,0,0.353
45.702,0,0,0,-0.6167,1.2333,-0.6115,1.2119,1.4032,0.0000,0.0000,0.0000,-0.5751,1.1814,3.1502,0.005,2058,0.0000,0.0000,0.0220,0,0,0.369
45.802,0,0,0,-0.6167,1.2333,-0.6113,1.2118,1.4082,0.0000,0.0000,0.0000,-0.6271,1.2174,3.0391,0.005,2062,0.0000,0.0000,0.0222,0,0,0.383
45.901,0,0,0,-0.6167,1.2333,-0.6113,1.2118,1.4054,0.0000,0.0000,0.0000,-0.6178,1.2223,-0.8187,0.013,2067,0.0000,0.0000,0.0222,0,0,0.390
46.002,0,0,0,-0.6167,1.2333,-0.6113,1.2117,1.4288,0.0000,0.0000,0.0000,-0.6271,1.2173,3.0409,0.008,2071,0.0000,0.0000,0.0223,0,0,0.365
46.104,0,0,0,-0.6167,1.2333,-0.6111,1.2117,1.4147,0.0000,0.0000,0.0000,-0.6178,1.2223,-0.8177,0.018,2076,0.0000,0.0000,0.0224,0,0,0.393
46.203,0,0,0,-0.6167,1.2333,-0.6113,1.2118,1.4051,0.0000,0.0000,0.0000,-0.6271,1.2173,3.0405,0.005,2080,0.0000,0.0000,0.0222,0,0,0.354
46.302,0,0,0,-0.6167,1.2333,-0.6116,1.2122,1.3830,0.0000,0.0000,0.0000,-0.6178,1.2223,-0.8185,0.014,2085,0.0000,0.0000,0.0218,0,0,0.343
46.401,0,0,0,-0.6167,1.2333,-0.6115,1.2120,1.3941,0.0000,0.0000,0.0000,-0.6178,1.2223,-0.8185,0.024,2088,0.0000,0.0000,0.0220,0,0,0.358
46.504,0,0,0,-0.6167,1.2333,-0.6111,1.2116,1.4320,0.0000,0.0000,0.0000,-0.5750,1.1815,3.1413,0.019,2093,0.0000,0.0000,0.0225,0,0,0.392
46.601,0,0,0,-0.6167,1.2333,-0.6113,1.2119,1.4031,0.0000,0.0000,0.0000,-0.6271,1.2173,3.0407,0.005,2098,0.0000,0.0000,0.0221,0,0,0.371
46.701,0,0,0,-0.6167,1.2333,-0.6110,1.2115,1.4244,0.0000,0.0000,0.0000,-0.6178,1.2223,-0.8185,0.011,2103,0.0000,0.0000,0.0225,0,0,0.393
46.802,0,0,0,-0.6167,1.2333,-0.6114,1.2118,1.4257,0.0000,0.0000,0.0000,-0.6271,1.2173,3.0413,0.007,2107,0.0000,0.0000,0.0222,0,0,0.369
46.901,0,0,0,-0.6167,1.2333,-0.6116,1.2120,1.3984,0.0000,0.0000,0.0000,-0.6178,1.2223,-0.8181,0.016,2111,0.0000,0.0000,0.0219,0,0,0.380
47.001,0,0,0,-0.6167,1.2333,-0.6114,1.2119,1.3998,0.0000,0.0000,0.0000,-0.6271,1.2173,3.0405,0.007,2116,0.0000,0.0000,0.0221,0,0,0.346
47.104,0,0,0,-0.6167,1.2333,-0.6111,1.2116,1.4182,0.0000,0.0000,0.0000,-0.6178,1.2223,-0.8184,0.011,2121,0.0000,0.0000,0.0225,0,0,0.338
47.203,0,0,0,-0.6167,1.2333,-0.6109,1.2114,1.4282,0.0000,0.0000,0.0000,-0.6271,1.2173,3.0405,0.003,2125,0.0000,0.0000,0.0226,0,0,0.368
47.301,0,0,0,-0.6167,1.2333,-0.6107,1.2112,1.4473,0.0000,0.0000,0.0000,-0.6178,1.2222,-0.8183,0.009,2130,0.0000,0.0000,0.0230,0,0,0.348
47.404,0,0,0,-0.6167,1.2333,-0.6105,1.2110,1.4565,0.0000,0.0000,0.0000,-0.6271,1.2173,3.0400,0.005,2134,0.0000,0.0000,0.0231,0,0,0.351
47.501,0,0,0,-0.6167,1.2333,-0.6106,1.2111,1.4529,0.0000,0.0000,0.0000,-0.6178,1.2223,-0.8187,0.013,2139,0.0000,0.0000,0.0231,0,0,0.355
47.601,0,0,0,-0.6167,1.2333,-0.6108,1.2113,1.4399,0.0000,0.0000,0.0000,-0.6271,1.2174,3.0395,0.039,2142,0.0000,0.0000,0.0228,0,0,0.384
47.701,0,0,0,-0.6167,1.2333,-0.6104,1.2109,1.4441,0.0000,0.0000,0.0000,-0.6271,1.2174,3.0395,0.006,2148,0.0000,0.0000,0.0233,0,0,0.380
47.802,0,0,0,-0.6167,1.2333,-0.6107,1.2112,1.4462,0.0000,0.0000,0.0000,-0.6178,1.2223,-0.8187,0.040,2151,0.0000,0.0000,0.0229,0,0,0.375
47.904,0,0,0,-0.6167,1.2333,-0.6107,1.2111,1.4604,0.0000,0.0000,0.0000,-0.6178,1.2223,-0.8189,0.005,2157,0.0000,0.0000,0.0230,0,0,0.354
48.003,0,0,0,-0.6167,1.2333,-0.6111,1.2115,1.4414,0.0000,0.0000,0.0000,-0.6272,1.2173,3.0419,0.008,2161,0.0000,0.0000,0.0225,0,0,0.370
48.105,0,0,0,-0.6167,1.2333,-0.6114,1.2118,1.4104,0.0000,0.0000,0.0000,-0.6044,1.2126,0.5043,0.004,2166,0.0000,0.0000,0.0222,0,0,0.364
48.203,0,0,0,-0.6167,1.2333,-0.6116,1.2121,1.4056,0.0000,0.0000,0.0000,-0.6272,1.2173,3.0419,0.008,2170,0.0000,0.0000,0.0219,0,0,0.377
48.303,0,0,0,-0.6167,1.2333,-0.6119,1.2123,1.3765,0.0000,0.0000,0.0000,-0.6045,1.2126,0.5054,0.010,2175,0.0000,0.0000,0.0215,0,0,0.359
48.401,0,0,0,-0.6167,1.2333,-0.6119,1.2125,1.3602,0.0000,0.0000,0.0000,-0.6271,1.2174,3.0400,0.005,2179,0.0000,0.0000,0.0214,0,0,0.377
48.502,0,0,0,-0.6167,1.2333,-0.6122,1.2128,1.3369,0.0000,0.0000,0.0000,-0.6178,1.2223,-0.8191,0.012,2184,0.0000,0.0000,0.0210,0,0,0.383
48.602,0,0,0,-0.6167,1.2333,-0.6125,1.2130,1.3421,0.0000,0.0000,0.0000,-0.6272,1.2173,3.0422,0.008,2188,0.0000,0.0000,0.0208,0,0,0.393
48.702,0,0,0,-0.6167,1.2333,-0.6123,1.2129,1.3295,0.0000,0.0000,0.0000,-0.6178,1.2223,-0.8191,0.015,2193,0.0000,0.0000,0.0209,0,0,0.366
48.803,0,0,0,-0.6167,1.2333,-0.6123,1.2128,1.3531,0.0000,0.0000,0.0000,-0.6272,1.2173,3.0422,0.007,2197,0.0000,0.0000,0.0210,0,0,0.388
48.902,0,0,0,-0.6167,1.2333,-0.6116,1.2123,1.3477,0.0000,0.0000,0.0000,-0.6272,1.2173,3.0418,0.007,2202,0.0000,0.0000,0.0216,0,0,0.361
49.001,0,0,0,-0.6167,1.2333,-0.6116,1.2122,1.3717,0.0000,0.0000,0.0000,-0.6272,1.2173,3.0418,0.033,2205,0.0000,0.0000,0.0217,0,0,0.349
49.101,0,0,0,-0.6167,1.2333,-0.6115,1.2121,1.3899,0.0000,0.0000,0.0000,-0.6043,1.2119,0.5340,0.020,2210,0.0000,0.0000,0.0219,0,0,0.391
49.201,0,0,0,-0.6167,1.2333,-0.6115,1.2120,1.3841,0.0000,0.0000,0.0000,-0.6178,1.2222,-0.8185,0.022,2214,0.0000,0.0000,0.0219,0,0,0.365
49.303,0,0,0,-0.6167,1.2333,-0.6111,1.2116,1.4227,0.0000,0.0000,0.0000,-0.5752,1.1806,3.1664,0.018,2219,0.0000,0.0000,0.0225,0,0,0.345
49.401,0,0,0,-0.6167,1.2333,-0.6113,1.2119,1.3909,0.0000,0.0000,0.0000,-0.6272,1.2173,3.0413,0.005,2224,0.0000,0.0000,0.0221,0,0,0.351
49.505,0,0,0,-0.6167,1.2333,-0.6114,1.2119,1.3977,0.0000,0.0000,0.0000,-0.5750,1.1818,3.1381,0.004,2229,0.0000,0.0000,0.0221,0,0,0.386
49.603,0,0,0,-0.6167,1.2333,-0.6111,1.2115,1.4348,0.0000,0.0000,0.0000,-0.6272,1.2173,3.0405,0.010,2233,0.0000,0.0000,0.0226,0,0,0.382
49.704,0,0,0,-0.6167,1.2333,-0.6110,1.2115,1.4263,0.0000,0.0000,0.0000,-0.6178,1.2222,-0.8187,0.019,2237,0.0000,0.0000,0.0226,0,0,0.377
49.810,0,0,0,-0.6167,1.2333,-0.6108,1.2113,1.4298,0.0000,0.0000,0.0000,-0.5753,1.1814,3.1330,0.033,2241,0.0000,0.0000,0.0228,0,0,0.382
49.904,0,0,0,-0.6167,1.2333,-0.6105,1.2110,1.4475,0.0000,0.0000,0.0000,-0.6178,1.2222,-0.8194,0.009,2247,0.0000,0.0000,0.0231,0,0,0.382
50.004,0,0,0,-0.6167,1.2333,-0.6104,1.2109,1.4596,0.0000,0.0000,0.0000,-0.6272,1.2173,3.0422,0.011,2251,0.0000,0.0000,0.0233,0,0,0.385
50.102,0,0,0,-0.6167,1.2333,-0.6102,1.2107,1.4746,0.0000,0.0000,0.0000,-0.6178,1.2222,-0.8193,0.018,2256,0.0000,0.0000,0.0236,0,0,0.380
50.202,0,0,0,-0.6167,1.2333,-0.6102,1.2106,1.4973,0.0000,0.0000,0.0000,-0.6272,1.2173,3.0410,0.012,2260,0.0000,0.0000,0.0236,0,0,0.390
50.302,0,0,0,-0.6167,1.2333,-0.6102,1.2107,1.4797,0.0000,0.0000,0.0000,-0.6178,1.2222,-0.8194,0.012,2265,0.0000,0.0000,0.0236,0,0,0.386
50.401,0,0,0,-0.6167,1.2333,-0.6104,1.2109,1.4671,0.0000,0.0000,0.0000,-0.6178,1.2222,-0.8194,0.040,2268,0.0000,0.0000,0.0233,0,0,0.345
50.501,0,0,0,-0.6167,1.2333,-0.6104,1.2108,1.4821,0.0000,0.0000,0.0000,-0.6272,1.2173,3.0425,0.013,2273,0.0000,0.0000,0.0234,0,0,0.370
50.604,0,0,0,-0.6167,1.2333,-0.6106,1.2112,1.4518,0.0000,0.0000,0.0000,-0.6272,1.2173,3.0414,0.008,2278,0.0000,0.0000,0.0230,0,0,0.368
50.703,0,0,0,-0.6167,1.2333,-0.6107,1.2112,1.4498,0.0000,0.0000,0.0000,-0.6178,1.2222,-0.8206,0.011,2283,0.0000,0.0000,0.0229,0,0,0.377
50.804,0,0,0,-0.6167,1.2333,-0.6107,1.2112,1.4710,0.0000,0.0000,0.0000,-0.6272,1.2173,3.0432,0.013,2287,0.0000,0.0000,0.0230,0,0,0.378
50.903,0,0,0,-0.6167,1.2333,-0.6107,1.2111,1.4602,0.0000,0.0000,0.0000,-0.6050,1.2120,0.4986,0.003,2292,0.0000,0.0000,0.0230,0,0,0.391
51.002,0,0,0,-0.6167,1.2333,-0.6110,1.2114,1.4535,0.0000,0.0000,0.0000,-0.6272,1.2173,3.0421,0.009,2296,0.0000,0.0000,0.0226,0,0,0.382
51.105,0,0,0,-0.6167,1.2333,-0.6109,1.2114,1.4447,0.0000,0.0000,0.0000,-0.6178,1.2222,-0.8196,0.022,2300,0.0000,0.0000,0.0227,0,0,0.370
51.204,0,0,0,-0.6167,1.2333,-0.6109,1.2113,1.4594,0.0000,0.0000,0.0000,-0.6272,1.2173,3.0418,0.011,2305,0.0000,0.0000,0.0228,0,0,0.394
51.302,0,0,0,-0.6167,1.2333,-0.6111,1.2116,1.4235,0.0000,0.0000,0.0000,-0.6178,1.2222,-0.8204,0.016,2310,0.0000,0.0000,0.0224,0,0,0.362
51.402,0,0,0,-0.6167,1.2333,-0.6109,1.2115,1.4341,0.0000,0.0000,0.0000,-0.6273,1.2173,3.0446,0.007,2314,0.0000,0.0000,0.0226,0,0,0.386
51.503,0,0,0,-0.6167,1.2333,-0.6113,1.2118,1.4106,0.0000,0.0000,0.0000,-0.6178,1.2222,-0.8195,0.017,2319,0.0000,0.0000,0.0222,0,0,0.348
51.604,0,0,0,-0.6167,1.2333,-0.6114,1.2120,1.4002,0.0000,0.0000,0.0000,-0.6178,1.2222,-0.8198,0.049,2322,0.0000,0.0000,0.0220,0,0,0.374
51.716,0,0,0,-0.6167,1.2333,-0.6113,1.2118,1.4118,0.0000,0.0000,0.0000,-0.5752,1.1812,3.1471,0.009,2326,0.0000,0.0000,0.0222,0,0,0.385
51.804,0,0,0,-0.6167,1.2333,-0.6113,1.2118,1.4106,0.0000,0.0000,0.0000,-0.6273,1.2173,3.0437,0.046,2331,0.0000,0.0000,0.0222,0,0,0.370
51.903,0,0,0,-0.6167,1.2333,-0.6113,1.2117,1.4268,0.0000,0.0000,0.0000,-0.6178,1.2222,-0.8202,0.003,2337,0.0000,0.0000,0.0223,0,0,0.381
52.005,0,0,0,-0.6167,1.2333,-0.6117,1.2121,1.4114,0.0000,0.0000,0.0000,-0.6272,1.2173,3.0437,0.012,2341,0.0000,0.0000,0.0218,0,0,0.380
52.104,0,0,0,-0.6167,1.2333,-0.6118,1.2123,1.3755,0.0000,0.0000,0.0000,-0.6178,1.2222,-0.8203,0.011,2346,0.0000,0.0000,0.0215,0,0,0.380
52.205,0,0,0,-0.6167,1.2333,-0.6121,1.2125,1.3784,0.0000,0.0000,0.0000,-0.6272,1.2173,3.0433,0.016,2350,0.0000,0.0000,0.0213,0,0,0.345
52.302,0,0,0,-0.6167,1.2333,-0.6119,1.2125,1.3644,0.0000,0.0000,0.0000,-0.5750,1.1819,3.1324,0.010,2355,0.0000,0.0000,0.0214,0,0,0.376
52.404,0,0,0,-0.6167,1.2333,-0.6118,1.2123,1.3755,0.0000,0.0000,0.0000,-0.6272,1.2173,3.0420,0.007,2359,0.0000,0.0000,0.0216,0,0,0.349
52.504,0,0,0,-0.6167,1.2333,-0.6117,1.2123,1.3757,0.0000,0.0000,0.0000,-0.5750,1.1819,3.1371,0.014,2364,0.0000,0.0000,0.0216,0,0,0.358
52.601,0,0,0,-0.6167,1.2333,-0.6119,1.2124,1.3638,0.0000,0.0000,0.0000,-0.6272,1.2173,3.0432,0.006,2368,0.0000,0.0000,0.0215,0,0,0.403
52.704,0,0,0,-0.6167,1.2333,-0.6116,1.2121,1.3861,0.0000,0.0000,0.0000,-0.6178,1.2222,-0.8213,0.017,2373,0.0000,0.0000,0.0219,0,0,0.391
52.801,0,0,0,-0.6167,1.2333,-0.6114,1.2119,1.3958,0.0000,0.0000,0.0000,-0.6273,1.2173,3.0429,0.006,2377,0.0000,0.0000,0.0221,0,0,0.343
52.903,0,0,0,-0.6167,1.2333,-0.6114,1.2119,1.3936,0.0000,0.0000,0.0000,-0.6178,1.2222,-0.8194,0.018,2382,0.0000,0.0000,0.0220,0,0,0.346
53.001,0,0,0,-0.6167,1.2333,-0.6116,1.2121,1.3829,0.0000,0.0000,0.0000,-0.6273,1.2173,3.0443,0.003,2386,0.0000,0.0000,0.0218,0,0,0.354
53.102,0,0,0,-0.6167,1.2333,-0.6113,1.2118,1.4043,0.0000,0.0000,0.0000,-0.6178,1.2222,-0.8204,0.017,2391,0.0000,0.0000,0.0222,0,0,0.344
53.202,0,0,0,-0.6167,1.2333,-0.6115,1.2119,1.3920,0.0000,0.0000,0.0000,-0.6178,1.2222,-0.8204,0.023,2394,0.0000,0.0000,0.0220,0,0,0.367
53.303,0,0,0,-0.6167,1.2333,-0.6114,1.2118,1.4086,0.0000,0.0000,0.0000,-0.6273,1.2173,3.0440,0.014,2399,0.0000,0.0000,0.0221,0,0,0.379
53.404,0,0,0,-0.6167,1.2333,-0.6115,1.2119,1.4076,0.0000,0.0000,0.0000,-0.6273,1.2173,3.0438,0.013,2404,0.0000,0.0000,0.0221,0,0,0.391
53.501,0,0,0,-0.6167,1.2333,-0.6113,1.2118,1.3931,0.0000,0.0000,0.0000,-0.6178,1.2222,-0.8210,0.015,2409,0.0000,0.0000,0.0222,0,0,0.341
53.603,0,0,0,-0.6167,1.2333,-0.6117,1.2121,1.3942,0.0000,0.0000,0.0000,-0.6273,1.2173,3.0433,0.013,2413,0.0000,0.0000,0.0219,0,0,0.404
53.701,0,0,0,-0.6167,1.2333,-0.6119,1.2123,1.3649,0.0000,0.0000,0.0000,-0.6178,1.2222,-0.8211,0.021,2417,0.0000,0.0000,0.0215,0,0,0.361
53.803,0,0,0,-0.6167,1.2333,-0.6115,1.2119,1.4041,0.0000,0.0000,0.0000,-0.6273,1.2173,3.0433,0.013,2422,0.0000,0.0000,0.0220,0,0,0.385
53.901,0,0,0,-0.6167,1.2333,-0.6114,1.2118,1.3896,0.0000,0.0000,0.0000,-0.6178,1.2222,-0.8204,0.013,2427,0.0000,0.0000,0.0221,0,0,0.351
54.003,0,0,0,-0.6167,1.2333,-0.6117,1.2121,1.3930,0.0000,0.0000,0.0000,-0.6272,1.2173,3.0426,0.012,2431,0.0000,0.0000,0.0218,0,0,0.382
54.102,0,0,0,-0.6167,1.2333,-0.6112,1.2117,1.3996,0.0000,0.0000,0.0000,-0.6178,1.2222,-0.8209,0.014,2436,0.0000,0.0000,0.0223,0,0,0.372
54.203,0,0,0,-0.6167,1.2333,-0.6112,1.2116,1.4229,0.0000,0.0000,0.0000,-0.6273,1.2173,3.0435,0.007,2440,0.0000,0.0000,0.0224,0,0,0.358
54.301,0,0,0,-0.6167,1.2333,-0.6114,1.2119,1.3885,0.0000,0.0000,0.0000,-0.6178,1.2222,-0.8213,0.010,2445,0.0000,0.0000,0.0221,0,0,0.367
54.403,0,0,0,-0.6167,1.2333,-0.6112,1.2118,1.4003,0.0000,0.0000,0.0000,-0.6273,1.2173,3.0453,0.044,2448,0.0000,0.0000,0.0223,0,0,0.387
54.502,0,0,0,-0.6167,1.2333,-0.6111,1.2117,1.3848,0.0000,0.0000,0.0000,-0.6273,1.2173,3.0437,0.006,2454,0.0000,0.0000,0.0223,0,0,0.372
54.602,0,0,0,-0.6167,1.2333,-0.6114,1.2119,1.3891,0.0000,0.0000,0.0000,-0.6178,1.2222,-0.8210,0.049,2457,0.0000,0.0000,0.0220,0,0,0.390
54.701,0,0,0,-0.6167,1.2333,-0.6111,1.2115,1.4258,0.0000,0.0000,0.0000,-0.5751,1.1810,3.1611,0.024,2462,0.0000,0.0000,0.0225,0,0,0.389
54.801,0,0,0,-0.6167,1.2333,-0.6112,1.2115,1.4333,0.0000,0.0000,0.0000,-0.6273,1.2173,3.0449,0.011,2467,0.0000,0.0000,0.0225,0,0,0.390
54.904,0,0,0,-0.6167,1.2333,-0.6111,1.2115,1.4255,0.0000,0.0000,0.0000,-0.5751,1.1810,3.1606,0.006,2472,0.0000,0.0000,0.0225,0,0,0.382
55.001,0,0,0,-0.6167,1.2333,-0.6108,1.2111,1.4616,0.0000,0.0000,0.0000,-0.6273,1.2173,3.0437,0.010,2476,0.0000,0.0000,0.0230,0,0,0.390
55.106,0,0,0,-0.6167,1.2333,-0.6110,1.2114,1.4313,0.0000,0.0000,0.0000,-0.6178,1.2222,-0.8217,0.025,2480,0.0000,0.0000,0.0226,0,0,0.382
55.206,0,0,0,-0.6167,1.2333,-0.6108,1.2112,1.4332,0.0000,0.0000,0.0000,-0.6273,1.2173,3.0439,0.002,2485,0.0000,0.0000,0.0228,0,0,0.397
55.302,0,0,0,-0.6167,1.2333,-0.6106,1.2110,1.4505,0.0000,0.0000,0.0000,-0.6178,1.2222,-0.8215,0.014,2490,0.0000,0.0000,0.0232,0,0,0.358
55.402,0,0,0,-0.6167,1.2333,-0.6104,1.2108,1.4585,0.0000,0.0000,0.0000,-0.6273,1.2173,3.0441,0.003,2494,0.0000,0.0000,0.0233,0,0,0.349
55.504,0,0,0,-0.6167,1.2333,-0.6102,1.2106,1.4757,0.0000,0.0000,0.0000,-0.6178,1.2222,-0.8219,0.019,2499,0.0000,0.0000,0.0236,0,0,0.382
55.604,0,0,0,-0.6167,1.2333,-0.6106,1.2109,1.4761,0.0000,0.0000,0.0000,-0.6273,1.2173,3.0446,0.009,2503,0.0000,0.0000,0.0233,0,0,0.387
55.704,0,0,0,-0.6167,1.2333,-0.6105,1.2109,1.4577,0.0000,0.0000,0.0000,-0.6273,1.2173,3.0439,0.013,2508,0.0000,0.0000,0.0233,0,0,0.385
55.803,0,0,0,-0.6167,1.2333,-0.6104,1.2107,1.4681,0.0000,0.0000,0.0000,-0.6273,1.2173,3.0440,0.006,2512,0.0000,0.0000,0.0234,0,0,0.361
55.901,0,0,0,-0.6167,1.2333,-0.6104,1.2107,1.4829,0.0000,0.0000,0.0000,-0.6273,1.2173,3.0452,0.017,2516,0.0000,0.0000,0.0235,0,0,0.382
56.002,0,0,0,-0.6167,1.2333,-0.6106,1.2110,1.4520,0.0000,0.0000,0.0000,-0.6178,1.2222,-0.8214,0.022,2520,0.0000,0.0000,0.0231,0,0,0.374
56.103,0,0,0,-0.6167,1.2333,-0.6107,1.2111,1.4491,0.0000,0.0000,0.0000,-0.6178,1.2222,-0.8218,0.009,2526,0.0000,0.0000,0.0230,0,0,0.367
56.204,0,0,0,-0.6167,1.2333,-0.6108,1.2110,1.4711,0.0000,0.0000,0.0000,-0.6273,1.2174,3.0432,0.009,2530,0.0000,0.0000,0.0231,0,0,0.366
56.302,0,0,0,-0.6167,1.2333,-0.6107,1.2110,1.4598,0.0000,0.0000,0.0000,-0.6178,1.2222,-0.8222,0.018,2534,0.0000,0.0000,0.0231,0,0,0.397
56.404,0,0,0,-0.6167,1.2333,-0.6107,1.2110,1.4736,0.0000,0.0000,0.0000,-0.6273,1.2173,3.0443,0.009,2539,0.0000,0.0000,0.0232,0,0,0.388
56.503,0,0,0,-0.6167,1.2333,-0.6106,1.2110,1.4555,0.0000,0.0000,0.0000,-0.5750,1.1812,3.1447,0.012,2544,0.0000,0.0000,0.0232,0,0,0.382
56.603,0,0,0,-0.6167,1.2333,-0.6109,1.2112,1.4548,0.0000,0.0000,0.0000,-0.6273,1.2173,3.0440,0.014,2548,0.0000,0.0000,0.0228,0,0,0.398
56.702,0,0,0,-0.6167,1.2333,-0.6108,1.2112,1.4375,0.0000,0.0000,0.0000,-0.6178,1.2222,-0.8225,0.020,2553,0.0000,0.0000,0.0229,0,0,0.380
56.804,0,0,0,-0.6167,1.2333,-0.6112,1.2115,1.4399,0.0000,0.0000,0.0000,-0.6273,1.2173,3.0445,0.014,2557,0.0000,0.0000,0.0226,0,0,0.360
56.904,0,0,0,-0.6167,1.2333,-0.6107,1.2111,1.4438,0.0000,0.0000,0.0000,-0.6178,1.2222,-0.8223,0.021,2562,0.0000,0.0000,0.0230,0,0,0.383
57.002,0,0,0,-0.6167,1.2333,-0.6108,1.2111,1.4664,0.0000,0.0000,0.0000,-0.6273,1.2173,3.0455,0.007,2566,0.0000,0.0000,0.0230,0,0,0.385
57.102,0,0,0,-0.6167,1.2333,-0.6104,1.2108,1.4710,0.0000,0.0000,0.0000,-0.6178,1.2222,-0.8224,0.017,2571,0.0000,0.0000,0.0234,0,0,0.394
57.201,0,0,0,-0.6167,1.2333,-0.6102,1.2106,1.4804,0.0000,0.0000,0.0000,-0.6273,1.2173,3.0453,0.039,2574,0.0000,0.0000,0.0236,0,0,0.384
57.303,0,0,0,-0.6167,1.2333,-0.6106,1.2109,1.4726,0.0000,0.0000,0.0000,-0.6273,1.2173,3.0446,0.018,2579,0.0000,0.0000,0.0232,0,0,0.373
57.402,0,0,0,-0.6167,1.2333,-0.6107,1.2110,1.4760,0.0000,0.0000,0.0000,-0.6273,1.2173,3.0449,0.007,2584,0.0000,0.0000,0.0231,0,0,0.369
57.504,0,0,0,-0.6167,1.2333,-0.6108,1.2112,1.4548,0.0000,0.0000,0.0000,-0.6178,1.2222,-0.8223,0.003,2589,0.0000,0.0000,0.0229,0,0,0.359
57.603,0,0,0,-0.6167,1.2333,-0.6109,1.2112,1.4584,0.0000,0.0000,0.0000,-0.6273,1.2173,3.0448,0.013,2593,0.0000,0.0000,0.0228,0,0,0.378
57.702,0,0,0,-0.6167,1.2333,-0.6109,1.2112,1.4502,0.0000,0.0000,0.0000,-0.6049,1.2126,0.4832,0.004,2598,0.0000,0.0000,0.0229,0,0,0.385
57.803,0,0,0,-0.6167,1.2333,-0.6112,1.2115,1.4428,0.0000,0.0000,0.0000,-0.6273,1.2173,3.0462,0.013,2602,0.0000,0.0000,0.0225,0,0,0.360
57.904,0,0,0,-0.6167,1.2333,-0.6111,1.2115,1.4330,0.0000,0.0000,0.0000,-0.6047,1.2117,0.5329,0.004,2607,0.0000,0.0000,0.0226,0,0,0.384
58.001,0,0,0,-0.6167,1.2333,-0.6111,1.2114,1.4481,0.0000,0.0000,0.0000,-0.6273,1.2173,3.0465,0.012,2611,0.0000,0.0000,0.0227,0,0,0.369
58.102,0,0,0,-0.6167,1.2333,-0.6106,1.2110,1.4537,0.0000,0.0000,0.0000,-0.6178,1.2222,-0.8225,0.015,2616,0.0000,0.0000,0.0231,0,0,0.355
58.201,0,0,0,-0.6167,1.2333,-0.6110,1.2113,1.4548,0.0000,0.0000,0.0000,-0.6273,1.2173,3.0451,0.011,2620,0.0000,0.0000,0.0228,0,0,0.381
58.301,0,0,0,-0.6167,1.2333,-0.6109,1.2113,1.4368,0.0000,0.0000,0.0000,-0.6178,1.2222,-0.8226,0.016,2625,0.0000,0.0000,0.0228,0,0,0.395
58.401,0,0,0,-0.6167,1.2333,-0.6107,1.2112,1.4465,0.0000,0.0000,0.0000,-0.6178,1.2221,-0.8223,0.047,2628,0.0000,0.0000,0.0230,0,0,0.396
58.503,0,0,0,-0.6167,1.2333,-0.6108,1.2112,1.4410,0.0000,0.0000,0.0000,-0.6273,1.2173,3.0460,0.010,2634,0.0000,0.0000,0.0229,0,0,0.385
58.604,0,0,0,-0.6167,1.2333,-0.6107,1.2111,1.4507,0.0000,0.0000,0.0000,-0.6273,1.2174,3.0449,0.003,2638,0.0000,0.0000,0.0230,0,0,0.389
58.705,0,0,0,-0.6167,1.2333,-0.6103,1.2107,1.4869,0.0000,0.0000,0.0000,-0.6178,1.2222,-0.8228,0.003,2643,0.0000,0.0000,0.0235,0,0,0.356
58.804,0,0,0,-0.6167,1.2333,-0.6108,1.2111,1.4684,0.0000,0.0000,0.0000,-0.6273,1.2174,3.0445,0.014,2647,0.0000,0.0000,0.0230,0,0,0.360
58.902,0,0,0,-0.6167,1.2333,-0.6107,1.2111,1.4504,0.0000,0.0000,0.0000,-0.6178,1.2222,-0.8228,0.012,2652,0.0000,0.0000,0.0230,0,0,0.391
59.001,0,0,0,-0.6167,1.2333,-0.6167,1.1949,0.8683,0.0000,0.0000,0.0000,-0.6271,1.2165,3.0130,0.009,2656,0.0000,0.0000,0.0384,0,0,0.344
59.109,0,0,0,-0.6167,1.2333,-0.6166,1.1958,0.8663,0.0000,0.0000,0.0000,-0.6043,1.2116,0.5453,0.004,2660,0.0000,0.0000,0.0376,0,0,0.349
59.201,0,0,0,-0.6167,1.2333,-0.6167,1.1969,0.8726,0.0000,0.0000,0.0000,-0.6271,1.2165,3.0119,0.011,2665,0.0000,0.0000,0.0364,0,0,0.349
59.303,0,0,0,-0.6167,1.2333,-0.6160,1.1973,0.8988,0.0000,0.0000,0.0000,-0.5752,1.1813,3.1398,0.012,2670,0.0000,0.0000,0.0360,0,0,0.379
59.402,0,0,0,-0.6167,1.2333,-0.6160,1.1979,0.8997,0.0000,0.0000,0.0000,-0.6271,1.2165,3.0134,0.008,2674,0.0000,0.0000,0.0354,0,0,0.382
59.505,0,0,0,-0.6167,1.2333,-0.6154,1.1985,0.9413,0.0000,0.0000,0.0000,-0.6178,1.2222,-0.8230,0.017,2679,0.0000,0.0000,0.0349,0,0,0.387
59.603,0,0,0,-0.6167,1.2333,-0.6151,1.1987,0.9621,0.0000,0.0000,0.0000,-0.6271,1.2165,3.0126,0.009,2683,0.0000,0.0000,0.0346,0,0,0.379
59.705,0,0,0,-0.6167,1.2333,-0.6146,1.1992,1.0002,0.0000,0.0000,0.0000,-0.6178,1.2222,-0.8237,0.015,2688,0.0000,0.0000,0.0342,0,0,0.383
59.803,0,0,0,-0.6167,1.2333,-0.6146,1.1998,0.9923,0.0000,0.0000,0.0000,-0.6271,1.2165,3.0125,0.007,2692,0.0000,0.0000,0.0336,0,0,0.370
59.902,0,0,0,-0.6167,1.2333,-0.6148,1.2009,0.9872,0.0000,0.0000,0.0000,-0.6178,1.2222,-0.8236,0.021,2697,0.0000,0.0000,0.0325,0,0,0.377
60.005,0,0,0,-0.6167,1.2333,-0.6145,1.2010,1.0068,0.0000,0.0000,0.0000,-0.6178,1.2222,-0.8236,0.026,2700,0.0000,0.0000,0.0324,0,0,0.379
60.102,0,0,0,-0.6167,1.2333,-0.6143,1.2015,1.0390,0.0000,0.0000,0.0000,-0.6042,1.2118,0.5537,0.015,2705,0.0000,0.0000,0.0319,0,0,0.406
60.203,0,0,0,-0.6167,1.2333,-0.6145,1.2023,1.0375,0.0000,0.0000,0.0000,-0.6271,1.2165,3.0127,0.015,2710,0.0000,0.0000,0.0311,0,0,0.390
60.302,0,0,0,-0.6167,1.2333,-0.6142,1.2028,1.0379,0.0000,0.0000,0.0000,-0.6178,1.2221,-0.8234,0.016,2715,0.0000,0.0000,0.0306,0,0,0.390
60.404,0,0,0,-0.6167,1.2333,-0.6144,1.2034,1.0535,0.0000,0.0000,0.0000,-0.6271,1.2165,3.0135,0.011,2719,0.0000,0.0000,0.0301,0,0,0.378
60.502,0,0,0,-0.6167,1.2333,-0.6142,1.2037,1.0587,0.0000,0.0000,0.0000,-0.6044,1.2112,0.5631,0.004,2724,0.0000,0.0000,0.0298,0,0,0.392
60.603,0,0,0,-0.6167,1.2333,-0.6139,1.2038,1.0718,0.0000,0.0000,0.0000,-0.6271,1.2165,3.0132,0.013,2728,0.0000,0.0000,0.0296,0,0,0.366
60.702,0,0,0,-0.6167,1.2333,-0.6140,1.2046,1.0644,0.0000,0.0000,0.0000,-0.6178,1.2222,-0.8239,0.019,2733,0.0000,0.0000,0.0288,0,0,0.374
60.804,0,0,0,-0.6167,1.2333,-0.6141,1.2050,1.0633,0.0000,0.0000,0.0000,-0.6271,1.2165,3.0119,0.010,2737,0.0000,0.0000,0.0284,0,0,0.388
60.901,0,0,0,-0.6167,1.2333,-0.6136,1.2051,1.0979,0.0000,0.0000,0.0000,-0.6178,1.2221,-0.8238,0.014,2742,0.0000,0.0000,0.0284,0,0,0.382
61.004,0,0,0,-0.6167,1.2333,-0.6135,1.2053,1.1305,0.0000,0.0000,0.0000,-0.6271,1.2165,3.0127,0.014,2746,0.0000,0.0000,0.0282,0,0,0.392
61.101,0,0,0,-0.6167,1.2333,-0.6130,1.2053,1.1482,0.0000,0.0000,0.0000,-0.6178,1.2221,-0.8238,0.016,2751,0.0000,0.0000,0.0283,0,0,0.386
61.204,0,0,0,-0.6167,1.2333,-0.6131,1.2057,1.1428,0.0000,0.0000,0.0000,-0.6271,1.2165,3.0132,0.046,2754,0.0000,0.0000,0.0279,0,0,0.382
61.303,0,0,0,-0.6167,1.2333,-0.6126,1.2055,1.1918,0.0000,0.0000,0.0000,-0.6178,1.2221,-0.8238,0.009,2760,0.0000,0.0000,0.0281,0,0,0.388
61.404,0,0,0,-0.6167,1.2333,-0.6125,1.2057,1.1930,0.0000,0.0000,0.0000,-0.6178,1.2222,-0.8243,0.053,2763,0.0000,0.0000,0.0279,0,0,0.351
61.504,0,0,0,-0.6167,1.2333,-0.6127,1.2063,1.1994,0.0000,0.0000,0.0000,-0.6046,1.2120,0.5214,0.030,2768,0.0000,0.0000,0.0274,0,0,0.395
61.603,0,0,0,-0.6167,1.2333,-0.6127,1.2066,1.2137,0.0000,0.0000,0.0000,-0.6270,1.2166,3.0119,0.014,2773,0.0000,0.0000,0.0271,0,0,0.344
61.701,0,0,0,-0.6167,1.2333,-0.6126,1.2067,1.2132,0.0000,0.0000,0.0000,-0.5749,1.1819,3.1394,0.003,2778,0.0000,0.0000,0.0269,0,0,0.377
61.803,0,0,0,-0.6167,1.2333,-0.6121,1.2066,1.2558,0.0000,0.0000,0.0000,-0.6270,1.2166,3.0129,0.013,2782,0.0000,0.0000,0.0271,0,0,0.388
61.903,0,0,0,-0.6167,1.2333,-0.6120,1.2068,1.2519,0.0000,0.0000,0.0000,-0.5749,1.1819,3.1385,0.006,2787,0.0000,0.0000,0.0270,0,0,0.369
62.003,0,0,0,-0.6167,1.2333,-0.6119,1.2069,1.2745,0.0000,0.0000,0.0000,-0.6270,1.2166,3.0128,0.012,2791,0.0000,0.0000,0.0268,0,0,0.388
62.102,0,0,0,-0.6167,1.2333,-0.6115,1.2068,1.2839,0.0000,0.0000,0.0000,-0.6178,1.2221,-0.8235,0.017,2796,0.0000,0.0000,0.0270,0,0,0.374
62.204,0,0,0,-0.6167,1.2333,-0.6118,1.2072,1.2902,0.0000,0.0000,0.0000,-0.6270,1.2166,3.0130,0.014,2800,0.0000,0.0000,0.0266,0,0,0.372
62.302,0,0,0,-0.6167,1.2333,-0.6116,1.2074,1.2794,0.0000,0.0000,0.0000,-0.6178,1.2221,-0.8245,0.017,2805,0.0000,0.0000,0.0264,0,0,0.384
62.403,0,0,0,-0.6167,1.2333,-0.6114,1.2074,1.2926,0.0000,0.0000,0.0000,-0.6270,1.2166,3.0133,0.010,2809,0.0000,0.0000,0.0265,0,0,0.381
62.504,0,0,0,-0.6167,1.2333,-0.6118,1.2080,1.2750,0.0000,0.0000,0.0000,-0.6270,1.2166,3.0132,0.011,2814,0.0000,0.0000,0.0258,0,0,0.399
62.601,0,0,0,-0.6167,1.2333,-0.6119,1.2083,1.2683,0.0000,0.0000,0.0000,-0.6178,1.2221,-0.8241,0.044,2817,0.0000,0.0000,0.0255,0,0,0.391
62.701,0,0,0,-0.6167,1.2333,-0.6121,1.2087,1.2686,0.0000,0.0000,0.0000,-0.6043,1.2117,0.5489,0.025,2822,0.0000,0.0000,0.0251,0,0,0.347
62.804,0,0,0,-0.6167,1.2333,-0.6123,1.2091,1.2434,0.0000,0.0000,0.0000,-0.6178,1.2221,-0.8246,0.026,2826,0.0000,0.0000,0.0247,0,0,0.386
62.902,0,0,0,-0.6167,1.2333,-0.6120,1.2089,1.2670,0.0000,0.0000,0.0000,-0.6178,1.2221,-0.8245,0.009,2832,0.0000,0.0000,0.0249,0,0,0.391
63.005,0,0,0,-0.6167,1.2333,-0.6123,1.2092,1.2754,0.0000,0.0000,0.0000,-0.6270,1.2166,3.0125,0.014,2836,0.0000,0.0000,0.0245,0,0,0.393
63.101,0,0,0,-0.6167,1.2333,-0.6125,1.2096,1.2498,0.0000,0.0000,0.0000,-0.5752,1.1812,3.1417,0.002,2841,0.0000,0.0000,0.0241,0,0,0.342
63.203,0,0,0,-0.6167,1.2333,-0.6122,1.2096,1.2588,0.0000,0.0000,0.0000,-0.6270,1.2166,3.0141,0.010,2845,0.0000,0.0000,0.0242,0,0,0.387
63.302,0,0,0,-0.6167,1.2333,-0.6124,1.2100,1.2427,0.0000,0.0000,0.0000,-0.6040,1.2112,0.5857,0.012,2850,0.0000,0.0000,0.0237,0,0,0.352
63.403,0,0,0,-0.6167,1.2333,-0.6126,1.2102,1.2369,0.0000,0.0000,0.0000,-0.6270,1.2166,3.0138,0.010,2854,0.0000,0.0000,0.0235,0,0,0.390
63.502,0,0,0,-0.6167,1.2333,-0.6128,1.2106,1.2220,0.0000,0.0000,0.0000,-0.6178,1.2221,-0.8248,0.021,2859,0.0000,0.0000,0.0231,0,0,0.380
63.603,0,0,0,-0.6167,1.2333,-0.6130,1.2109,1.2312,0.0000,0.0000,0.0000,-0.6270,1.2166,3.0143,0.013,2863,0.0000,0.0000,0.0228,0,0,0.382
63.701,0,0,0,-0.6167,1.2333,-0.6125,1.2105,1.2445,0.0000,0.0000,0.0000,-0.6178,1.2221,-0.8242,0.017,2868,0.0000,0.0000,0.0232,0,0,0.391
63.801,0,0,0,-0.6167,1.2333,-0.6128,1.2108,1.2519,0.0000,0.0000,0.0000,-0.6269,1.2167,3.0117,0.012,2872,0.0000,0.0000,0.0229,0,0,0.350
63.903,0,0,0,-0.6167,1.2333,-0.6123,1.2105,1.2646,0.0000,0.0000,0.0000,-0.6178,1.2221,-0.8241,0.017,2877,0.0000,0.0000,0.0233,0,0,0.367
64.003,0,0,0,-0.6167,1.2333,-0.6121,1.2104,1.2791,0.0000,0.0000,0.0000,-0.6178,1.2221,-0.8241,0.048,2880,0.0000,0.0000,0.0234,0,0,0.375
64.101,0,0,0,-0.6167,1.2333,-0.6117,1.2100,1.3221,0.0000,0.0000,0.0000,-0.6270,1.2166,3.0141,0.015,2885,0.0000,0.0000,0.0239,0,0,0.377
64.201,0,0,0,-0.6167,1.2333,-0.6118,1.2101,1.3307,0.0000,0.0000,0.0000,-0.6270,1.2166,3.0133,0.008,2890,0.0000,0.0000,0.0238,0,0,0.346
64.302,0,0,0,-0.6167,1.2333,-0.6112,1.2097,1.3588,0.0000,0.0000,0.0000,-0.6178,1.2221,-0.8244,0.008,2895,0.0000,0.0000,0.0243,0,0,0.395
64.403,0,0,0,-0.6167,1.2333,-0.6114,1.2100,1.3328,0.0000,0.0000,0.0000,-0.6269,1.2166,3.0143,0.008,2899,0.0000,0.0000,0.0239,0,0,0.359
64.505,0,0,0,-0.6167,1.2333,-0.6118,1.2105,1.3209,0.0000,0.0000,0.0000,-0.6044,1.2120,0.5289,0.003,2904,0.0000,0.0000,0.0234,0,0,0.362
64.601,0,0,0,-0.6167,1.2333,-0.6120,1.2107,1.3211,0.0000,0.0000,0.0000,-0.6270,1.2166,3.0146,0.012,2908,0.0000,0.0000,0.0231,0,0,0.378
64.704,0,0,0,-0.6167,1.2333,-0.6119,1.2107,1.3169,0.0000,0.0000,0.0000,-0.6178,1.2221,-0.8245,0.023,2912,0.0000,0.0000,0.0231,0,0,0.392
64.804,0,0,0,-0.6167,1.2333,-0.6122,1.2110,1.3174,0.0000,0.0000,0.0000,-0.6269,1.2166,3.0148,0.012,2917,0.0000,0.0000,0.0228,0,0,0.355
64.903,0,0,0,-0.6167,1.2333,-0.6123,1.2113,1.2856,0.0000,0.0000,0.0000,-0.6178,1.2221,-0.8249,0.018,2922,0.0000,0.0000,0.0225,0,0,0.367
65.002,0,0,0,-0.6167,1.2333,-0.6123,1.2112,1.3140,0.0000,0.0000,0.0000,-0.6269,1.2166,3.0139,0.013,2926,0.0000,0.0000,0.0226,0,0,0.370
65.101,0,0,0,-0.6167,1.2333,-0.6118,1.2109,1.3243,0.0000,0.0000,0.0000,-0.6178,1.2221,-0.8251,0.013,2931,0.0000,0.0000,0.0230,0,0,0.391
65.205,0,0,0,-0.6167,1.2333,-0.6116,1.2107,1.3368,0.0000,0.0000,0.0000,-0.6178,1.2221,-0.8253,0.054,2934,0.0000,0.0000,0.0232,0,0,0.397
65.303,0,0,0,-0.6167,1.2333,-0.6119,1.2111,1.3175,0.0000,0.0000,0.0000,-0.6269,1.2166,3.0150,0.012,2940,0.0000,0.0000,0.0227,0,0,0.374
65.401,0,0,0,-0.6167,1.2333,-0.6117,1.2110,1.3301,0.0000,0.0000,0.0000,-0.6178,1.2221,-0.8249,0.043,2943,0.0000,0.0000,0.0229,0,0,0.391
65.501,0,0,0,-0.6167,1.2333,-0.6117,1.2109,1.3496,0.0000,0.0000,0.0000,-0.6269,1.2166,3.0155,0.013,2948,0.0000,0.0000,0.0230,0,0,0.372
65.603,0,0,0,-0.6167,1.2333,-0.6120,1.2113,1.3355,0.0000,0.0000,0.0000,-0.6269,1.2166,3.0151,0.009,2953,0.0000,0.0000,0.0225,0,0,0.396
65.703,0,0,0,-0.6167,1.2333,-0.6122,1.2116,1.3005,0.0000,0.0000,0.0000,-0.6178,1.2221,-0.8254,0.013,2958,0.0000,0.0000,0.0222,0,0,0.377
65.801,0,0,0,-0.6167,1.2333,-0.6122,1.2115,1.3262,0.0000,0.0000,0.0000,-0.6269,1.2166,3.0160,0.010,2962,0.0000,0.0000,0.0223,0,0,0.387
65.902,0,0,0,-0.6167,1.2333,-0.6120,1.2114,1.3209,0.0000,0.0000,0.0000,-0.6043,1.2121,0.5372,0.003,2967,0.0000,0.0000,0.0224,0,0,0.367
66.003,0,0,0,-0.6167,1.2333,-0.6119,1.2114,1.3400,0.0000,0.0000,0.0000,-0.6269,1.2166,3.0157,0.013,2971,0.0000,0.0000,0.0225,0,0,0.393
66.103,0,0,0,-0.6167,1.2333,-0.6118,1.2113,1.3281,0.0000,0.0000,0.0000,-0.6044,1.2110,0.5744,0.015,2976,0.0000,0.0000,0.0226,0,0,0.385
66.204,0,0,0,-0.6167,1.2333,-0.6121,1.2115,1.3259,0.0000,0.0000,0.0000,-0.6269,1.2166,3.0150,0.009,2980,0.0000,0.0000,0.0223,0,0,0.367
66.301,0,0,0,-0.6167,1.2333,-0.6116,1.2112,1.3359,0.0000,0.0000,0.0000,-0.6178,1.2221,-0.8257,0.014,2985,0.0000,0.0000,0.0227,0,0,0.369
66.402,0,0,0,-0.6167,1.2333,-0.6119,1.2114,1.3402,0.0000,0.0000,0.0000,-0.6269,1.2166,3.0158,0.013,2989,0.0000,0.0000,0.0224,0,0,0.381
66.502,0,0,0,-0.6167,1.2333,-0.6120,1.2117,1.3074,0.0000,0.0000,0.0000,-0.6178,1.2221,-0.8256,0.022,2994,0.0000,0.0000,0.0221,0,0,0.359
66.604,0,0,0,-0.6167,1.2333,-0.6118,1.2116,1.3208,0.0000,0.0000,0.0000,-0.6269,1.2167,3.0146,0.006,2998,0.0000,0.0000,0.0223,0,0,0.361
66.704,0,0,0,-0.6167,1.2333,-0.6121,1.2119,1.3028,0.0000,0.0000,0.0000,-0.6178,1.2221,-0.8259,0.017,3003,0.0000,0.0000,0.0219,0,0,0.388
66.804,0,0,0,-0.6167,1.2333,-0.6120,1.2117,1.3142,0.0000,0.0000,0.0000,-0.6178,1.2221,-0.8261,0.033,3006,0.0000,0.0000,0.0221,0,0,0.386
66.904,0,0,0,-0.6167,1.2333,-0.6119,1.2116,1.3346,0.0000,0.0000,0.0000,-0.6049,1.2116,0.5305,0.031,3011,0.0000,0.0000,0.0222,0,0,0.346
67.003,0,0,0,-0.6167,1.2333,-0.6122,1.2119,1.3213,0.0000,0.0000,0.0000,-0.6269,1.2167,3.0141,0.013,3016,0.0000,0.0000,0.0218,0,0,0.384
67.101,0,0,0,-0.6167,1.2333,-0.6121,1.2119,1.3091,0.0000,0.0000,0.0000,-0.6178,1.2221,-0.8259,0.016,3021,0.0000,0.0000,0.0219,0,0,0.374
67.204,0,0,0,-0.6167,1.2333,-0.6120,1.2118,1.3362,0.0000,0.0000,0.0000,-0.6269,1.2167,3.0155,0.014,3025,0.0000,0.0000,0.0220,0,0,0.352
67.304,0,0,0,-0.6167,1.2333,-0.6122,1.2121,1.3090,0.0000,0.0000,0.0000,-0.6048,1.2130,0.4813,0.006,3030,0.0000,0.0000,0.0217,0,0,0.398
67.401,0,0,0,-0.6167,1.2333,-0.6124,1.2123,1.3076,0.0000,0.0000,0.0000,-0.6269,1.2167,3.0161,0.010,3034,0.0000,0.0000,0.0215,0,0,0.392
67.502,0,0,0,-0.6167,1.2333,-0.6126,1.2125,1.2743,0.0000,0.0000,0.0000,-0.6178,1.2221,-0.8253,0.017,3039,0.0000,0.0000,0.0212,0,0,0.379
67.603,0,0,0,-0.6167,1.2333,-0.6128,1.2127,1.2814,0.0000,0.0000,0.0000,-0.6269,1.2167,3.0160,0.013,3043,0.0000,0.0000,0.0210,0,0,0.379
67.701,0,0,0,-0.6167,1.2333,-0.6126,1.2126,1.2724,0.0000,0.0000,0.0000,-0.6178,1.2221,-0.8255,0.019,3048,0.0000,0.0000,0.0211,0,0,0.373
67.801,0,0,0,-0.6167,1.2333,-0.6129,1.2128,1.2796,0.0000,0.0000,0.0000,-0.6269,1.2167,3.0146,0.013,3052,0.0000,0.0000,0.0209,0,0,0.392
67.903,0,0,0,-0.6167,1.2333,-0.6127,1.2127,1.2703,0.0000,0.0000,0.0000,-0.6178,1.2221,-0.8257,0.015,3057,0.0000,0.0000,0.0210,0,0,0.354
68.002,0,0,0,-0.6167,1.2333,-0.6125,1.2125,1.2838,0.0000,0.0000,0.0000,-0.6269,1.2167,3.0154,0.043,3060,0.0000,0.0000,0.0212,0,0,0.395
68.103,0,0,0,-0.6167,1.2333,-0.6121,1.2122,1.3084,0.0000,0.0000,0.0000,-0.6269,1.2167,3.0147,0.010,3066,0.0000,0.0000,0.0216,0,0,0.377
68.201,0,0,0,-0.6167,1.2333,-0.6122,1.2123,1.3013,0.0000,0.0000,0.0000,-0.6269,1.2167,3.0167,0.002,3070,0.0000,0.0000,0.0215,0,0,0.345
68.303,0,0,0,-0.6167,1.2333,-0.6124,1.2125,1.3007,0.0000,0.0000,0.0000,-0.6043,1.2114,0.5622,0.025,3074,0.0000,0.0000,0.0213,0,0,0.376
68.403,0,0,0,-0.6167,1.2333,-0.6128,1.2128,1.2893,0.0000,0.0000,0.0000,-0.6269,1.2167,3.0155,0.011,3079,0.0000,0.0000,0.0209,0,0,0.364
68.501,0,0,0,-0.6167,1.2333,-0.6129,1.2130,1.2654,0.0000,0.0000,0.0000,-0.6042,1.2114,0.5609,0.003,3084,0.0000,0.0000,0.0207,0,0,0.383
68.604,0,0,0,-0.6167,1.2333,-0.6131,1.2131,1.2673,0.0000,0.0000,0.0000,-0.6269,1.2167,3.0161,0.014,3088,0.0000,0.0000,0.0205,0,0,0.396
68.704,0,0,0,-0.6167,1.2333,-0.6129,1.2130,1.2634,0.0000,0.0000,0.0000,-0.5750,1.1815,3.1494,0.009,3093,0.0000,0.0000,0.0206,0,0,0.353
68.802,0,0,0,-0.6167,1.2333,-0.6128,1.2129,1.2864,0.0000,0.0000,0.0000,-0.6269,1.2167,3.0165,0.013,3097,0.0000,0.0000,0.0208,0,0,0.346
68.901,0,0,0,-0.6167,1.2333,-0.6123,1.2125,1.2983,0.0000,0.0000,0.0000,-0.6179,1.2221,-0.8263,0.017,3102,0.0000,0.0000,0.0213,0,0,0.353
69.001,0,0,0,-0.6167,1.2333,-0.6126,1.2126,1.3031,0.0000,0.0000,0.0000,-0.6269,1.2167,3.0163,0.012,3106,0.0000,0.0000,0.0211,0,0,0.382
69.101,0,0,0,-0.6167,1.2333,-0.6123,1.2125,1.2935,0.0000,0.0000,0.0000,-0.6178,1.2221,-0.8265,0.014,3111,0.0000,0.0000,0.0212,0,0,0.381
69.202,0,0,0,-0.6167,1.2333,-0.6123,1.2124,1.3207,0.0000,0.0000,0.0000,-0.6269,1.2167,3.0161,0.011,3115,0.0000,0.0000,0.0214,0,0,0.377
69.302,0,0,0,-0.6167,1.2333,-0.6124,1.2126,1.2890,0.0000,0.0000,0.0000,-0.6178,1.2221,-0.8267,0.014,3120,0.0000,0.0000,0.0211,0,0,0.386
69.401,0,0,0,-0.6167,1.2333,-0.6126,1.2127,1.2829,0.0000,0.0000,0.0000,-0.6269,1.2167,3.0174,0.008,3124,0.0000,0.0000,0.0210,0,0,0.341
69.504,0,0,0,-0.6167,1.2333,-0.6124,1.2126,1.3041,0.0000,0.0000,0.0000,-0.6178,1.2221,-0.8272,0.003,3129,0.0000,0.0000,0.0212,0,0,0.374
69.604,0,0,0,-0.6167,1.2333,-0.6126,1.2128,1.2796,0.0000,0.0000,0.0000,-0.6178,1.2221,-0.8270,0.029,3132,0.0000,0.0000,0.0209,0,0,0.384
69.704,0,0,0,-0.6167,1.2333,-0.6125,1.2127,1.2997,0.0000,0.0000,0.0000,-0.6178,1.2221,-0.8270,0.013,3138,0.0000,0.0000,0.0211,0,0,0.383
69.804,0,0,0,-0.6167,1.2333,-0.6128,1.2129,1.2885,0.0000,0.0000,0.0000,-0.6269,1.2167,3.0171,0.013,3142,0.0000,0.0000,0.0208,0,0,0.349
69.903,0,0,0,-0.6167,1.2333,-0.6127,1.2128,1.2828,0.0000,0.0000,0.0000,-0.6044,1.2116,0.5401,0.009,3147,0.0000,0.0000,0.0209,0,0,0.383
70.003,0,0,0,-0.6167,1.2333,-0.6129,1.2130,1.2825,0.0000,0.0000,0.0000,-0.6269,1.2167,3.0174,0.017,3151,0.0000,0.0000,0.0207,0,0,0.382
70.103,0,0,0,-0.6167,1.2333,-0.6130,1.2132,1.2583,0.0000,0.0000,0.0000,-0.6045,1.2116,0.5405,0.007,3156,0.0000,0.0000,0.0205,0,0,0.376
70.203,0,0,0,-0.6167,1.2333,-0.6129,1.2130,1.2826,0.0000,0.0000,0.0000,-0.6269,1.2167,3.0173,0.015,3160,0.0000,0.0000,0.0207,0,0,0.395
70.302,0,0,0,-0.6167,1.2333,-0.6127,1.2129,1.2731,0.0000,0.0000,0.0000,-0.6179,1.2221,-0.8266,0.016,3165,0.0000,0.0000,0.0208,0,0,0.367
70.401,0,0,0,-0.6167,1.2333,-0.6126,1.2127,1.3000,0.0000,0.0000,0.0000,-0.6269,1.2167,3.0179,0.008,3169,0.0000,0.0000,0.0210,0,0,0.398
70.504,0,0,0,-0.6167,1.2333,-0.6121,1.2123,1.3103,0.0000,0.0000,0.0000,-0.6179,1.2221,-0.8269,0.021,3174,0.0000,0.0000,0.0215,0,0,0.384
70.603,0,0,0,-0.6167,1.2333,-0.6124,1.2125,1.3153,0.0000,0.0000,0.0000,-0.6269,1.2167,3.0189,0.015,3178,0.0000,0.0000,0.0212,0,0,0.387
70.702,0,0,0,-0.6167,1.2333,-0.6122,1.2124,1.3057,0.0000,0.0000,0.0000,-0.6179,1.2221,-0.8269,0.018,3183,0.0000,0.0000,0.0214,0,0,0.369
70.805,0,0,0,-0.6167,1.2333,-0.6123,1.2125,1.2984,0.0000,0.0000,0.0000,-0.6269,1.2167,3.0179,0.050,3186,0.0000,0.0000,0.0212,0,0,0.372
70.904,0,0,0,-0.6167,1.2333,-0.6120,1.2122,1.3210,0.0000,0.0000,0.0000,-0.6179,1.2221,-0.8271,0.019,3192,0.0000,0.0000,0.0217,0,0,0.390
71.004,0,0,0,-0.6167,1.2333,-0.6123,1.2124,1.3265,0.0000,0.0000,0.0000,-0.6269,1.2167,3.0176,0.013,3196,0.0000,0.0000,0.0214,0,0,0.407
71.102,0,0,0,-0.6167,1.2333,-0.6120,1.2122,1.3325,0.0000,0.0000,0.0000,-0.5751,1.1814,3.1433,0.028,3200,0.0000,0.0000,0.0216,0,0,0.370
71.201,0,0,0,-0.6167,1.2333,-0.6119,1.2121,1.3248,0.0000,0.0000,0.0000,-0.6269,1.2167,3.0180,0.006,3205,0.0000,0.0000,0.0217,0,0,0.364
71.302,0,0,0,-0.6167,1.2333,-0.6123,1.2124,1.3119,0.0000,0.0000,0.0000,-0.5753,1.1812,3.1529,0.003,3210,0.0000,0.0000,0.0214,0,0,0.389
71.404,0,0,0,-0.6167,1.2333,-0.6122,1.2123,1.3310,0.0000,0.0000,0.0000,-0.6269,1.2167,3.0190,0.011,3214,0.0000,0.0000,0.0215,0,0,0.390
71.501,0,0,0,-0.6167,1.2333,-0.6124,1.2125,1.3027,0.0000,0.0000,0.0000,-0.6179,1.2221,-0.8270,0.023,3218,0.0000,0.0000,0.0212,0,0,0.357
71.603,0,0,0,-0.6167,1.2333,-0.6119,1.2121,1.3426,0.0000,0.0000,0.0000,-0.6269,1.2167,3.0178,0.015,3223,0.0000,0.0000,0.0218,0,0,0.383
71.701,0,0,0,-0.6167,1.2333,-0.6118,1.2120,1.3293,0.0000,0.0000,0.0000,-0.6178,1.2221,-0.8281,0.021,3228,0.0000,0.0000,0.0219,0,0,0.378
71.801,0,0,0,-0.6167,1.2333,-0.6118,1.2119,1.3552,0.0000,0.0000,0.0000,-0.6269,1.2167,3.0183,0.014,3232,0.0000,0.0000,0.0220,0,0,0.375
71.903,0,0,0,-0.6167,1.2333,-0.6116,1.2118,1.3428,0.0000,0.0000,0.0000,-0.6179,1.2221,-0.8276,0.022,3237,0.0000,0.0000,0.0221,0,0,0.372
72.002,0,0,0,-0.6167,1.2333,-0.6117,1.2120,1.3313,0.0000,0.0000,0.0000,-0.6179,1.2221,-0.8274,0.052,3240,0.0000,0.0000,0.0219,0,0,0.380
72.102,0,0,0,-0.6167,1.2333,-0.6117,1.2120,1.3344,0.0000,0.0000,0.0000,-0.6269,1.2167,3.0182,0.013,3246,0.0000,0.0000,0.0219,0,0,0.376
72.202,0,0,0,-0.6167,1.2333,-0.6116,1.2118,1.3461,0.0000,0.0000,0.0000,-0.6269,1.2167,3.0192,0.008,3250,0.0000,0.0000,0.0221,0,0,0.391
72.301,0,0,0,-0.6167,1.2333,-0.6115,1.2117,1.3654,0.0000,0.0000,0.0000,-0.6179,1.2221,-0.8276,0.003,3255,0.0000,0.0000,0.0222,0,0,0.364
72.404,0,0,0,-0.6167,1.2333,-0.6119,1.2120,1.3509,0.0000,0.0000,0.0000,-0.6269,1.2168,3.0181,0.012,3259,0.0000,0.0000,0.0218,0,0,0.378
72.503,0,0,0,-0.6167,1.2333,-0.6117,1.2120,1.3375,0.0000,0.0000,0.0000,-0.6179,1.2221,-0.8279,0.014,3264,0.0000,0.0000,0.0219,0,0,0.397
72.601,0,0,0,-0.6167,1.2333,-0.6120,1.2122,1.3411,0.0000,0.0000,0.0000,-0.6269,1.2167,3.0184,0.011,3268,0.0000,0.0000,0.0216,0,0,0.354
72.703,0,0,0,-0.6167,1.2333,-0.6118,1.2121,1.3286,0.0000,0.0000,0.0000,-0.5751,1.1812,3.1477,0.010,3273,0.0000,0.0000,0.0218,0,0,0.375
72.804,0,0,0,-0.6167,1.2333,-0.6121,1.2123,1.3320,0.0000,0.0000,0.0000,-0.6269,1.2168,3.0181,0.015,3277,0.0000,0.0000,0.0215,0,0,0.373
72.903,0,0,0,-0.6167,1.2333,-0.6119,1.2123,1.3194,0.0000,0.0000,0.0000,-0.6048,1.2125,0.4981,0.015,3282,0.0000,0.0000,0.0216,0,0,0.375
73.004,0,0,0,-0.6167,1.2333,-0.6179,1.1961,0.7408,0.0000,0.0000,0.0000,-0.6291,1.2188,3.1311,0.015,3286,0.0000,0.0000,0.0373,0,0,0.404
73.101,0,0,0,-0.6167,1.2333,-0.6175,1.1969,0.7520,0.0000,0.0000,0.0000,-0.6178,1.2221,-0.8283,0.023,3291,0.0000,0.0000,0.0365,0,0,0.395
73.202,0,0,0,-0.6167,1.2333,-0.6176,1.1977,0.7773,0.0000,0.0000,0.0000,-0.6291,1.2188,3.1314,0.015,3295,0.0000,0.0000,0.0356,0,0,0.383
73.301,0,0,0,-0.6167,1.2333,-0.6171,1.1984,0.7893,0.0000,0.0000,0.0000,-0.6179,1.2221,-0.8277,0.011,3300,0.0000,0.0000,0.0349,0,0,0.401
73.404,0,0,0,-0.6167,1.2333,-0.6171,1.1990,0.7963,0.0000,0.0000,0.0000,-0.6291,1.2188,3.1317,0.003,3304,0.0000,0.0000,0.0343,0,0,0.384
73.501,0,0,0,-0.6167,1.2333,-0.6168,1.1999,0.8243,0.0000,0.0000,0.0000,-0.6179,1.2221,-0.8279,0.019,3309,0.0000,0.0000,0.0334,0,0,0.383
73.605,0,0,0,-0.6167,1.2333,-0.6168,1.2005,0.8279,0.0000,0.0000,0.0000,-0.6179,1.2221,-0.8279,0.037,3312,0.0000,0.0000,0.0329,0,0,0.399
73.701,0,0,0,-0.6167,1.2333,-0.6166,1.2012,0.8539,0.0000,0.0000,0.0000,-0.6179,1.2221,-0.8280,0.008,3318,0.0000,0.0000,0.0321,0,0,0.382
73.804,0,0,0,-0.6167,1.2333,-0.6164,1.2016,0.8971,0.0000,0.0000,0.0000,-0.6291,1.2188,3.1313,0.014,3322,0.0000,0.0000,0.0317,0,0,0.385
73.903,0,0,0,-0.6167,1.2333,-0.6157,1.2018,0.9261,0.0000,0.0000,0.0000,-0.6179,1.2221,-0.8275,0.022,3327,0.0000,0.0000,0.0316,0,0,0.377
74.004,0,0,0,-0.6167,1.2333,-0.6159,1.2025,0.9449,0.0000,0.0000,0.0000,-0.6291,1.2188,3.1301,0.015,3331,0.0000,0.0000,0.0309,0,0,0.397
74.104,0,0,0,-0.6167,1.2333,-0.6157,1.2028,0.9518,0.0000,0.0000,0.0000,-0.5751,1.1813,3.1506,0.004,3336,0.0000,0.0000,0.0305,0,0,0.376
74.203,0,0,0,-0.6167,1.2333,-0.6151,1.2029,1.0114,0.0000,0.0000,0.0000,-0.6291,1.2188,3.1301,0.014,3340,0.0000,0.0000,0.0305,0,0,0.384
74.304,0,0,0,-0.6167,1.2333,-0.6151,1.2037,0.9906,0.0000,0.0000,0.0000,-0.6179,1.2221,-0.8284,0.020,3345,0.0000,0.0000,0.0297,0,0,0.396
74.402,0,0,0,-0.6167,1.2333,-0.6153,1.2043,1.0069,0.0000,0.0000,0.0000,-0.6291,1.2188,3.1304,0.008,3349,0.0000,0.0000,0.0291,0,0,0.391
74.501,0,0,0,-0.6167,1.2333,-0.6150,1.2046,1.0071,0.0000,0.0000,0.0000,-0.6179,1.2221,-0.8286,0.013,3354,0.0000,0.0000,0.0288,0,0,0.380
74.604,0,0,0,-0.6167,1.2333,-0.6152,1.2052,1.0236,0.0000,0.0000,0.0000,-0.6291,1.2188,3.1305,0.013,3358,0.0000,0.0000,0.0282,0,0,0.385
74.704,0,0,0,-0.6167,1.2333,-0.6149,1.2055,1.0247,0.0000,0.0000,0.0000,-0.6179,1.2221,-0.8283,0.017,3363,0.0000,0.0000,0.0279,0,0,0.391
74.805,0,0,0,-0.6167,1.2333,-0.6146,1.2056,1.0450,0.0000,0.0000,0.0000,-0.6291,1.2188,3.1302,0.049,3366,0.0000,0.0000,0.0279,0,0,0.322
74.903,0,0,0,-0.6167,1.2333,-0.6145,1.2060,1.0631,0.0000,0.0000,0.0000,-0.6179,1.2221,-0.8285,0.011,3372,0.0000,0.0000,0.0274,0,0,0.323
75.004,0,0,0,-0.6167,1.2333,-0.6142,1.2060,1.0804,0.0000,0.0000,0.0000,-0.6291,1.2188,3.1298,0.003,3376,0.0000,0.0000,0.0274,0,0,0.337
75.104,0,0,0,-0.6167,1.2333,-0.6138,1.2059,1.1312,0.0000,0.0000,0.0000,-0.5752,1.1811,3.1506,0.028,3380,0.0000,0.0000,0.0276,0,0,0.388
75.201,0,0,0,-0.6167,1.2333,-0.6141,1.2066,1.1285,0.0000,0.0000,0.0000,-0.6291,1.2188,3.1303,0.011,3385,0.0000,0.0000,0.0269,0,0,0.383
75.301,0,0,0,-0.6167,1.2333,-0.6139,1.2068,1.1306,0.0000,0.0000,0.0000,-0.5752,1.1810,3.1486,0.006,3390,0.0000,0.0000,0.0267,0,0,0.311
75.404,0,0,0,-0.6167,1.2333,-0.6138,1.2070,1.1581,0.0000,0.0000,0.0000,-0.6291,1.2188,3.1291,0.014,3394,0.0000,0.0000,0.0265,0,0,0.383
75.504,0,0,0,-0.6167,1.2333,-0.6138,1.2075,1.1310,0.0000,0.0000,0.0000,-0.6051,1.2120,0.4998,0.011,3399,0.0000,0.0000,0.0260,0,0,0.396
75.602,0,0,0,-0.6167,1.2333,-0.6138,1.2076,1.1645,0.0000,0.0000,0.0000,-0.6291,1.2188,3.1294,0.014,3403,0.0000,0.0000,0.0258,0,0,0.347
75.703,0,0,0,-0.6167,1.2333,-0.6135,1.2078,1.1607,0.0000,0.0000,0.0000,-0.6043,1.2113,0.5558,0.016,3408,0.0000,0.0000,0.0257,0,0,0.406
75.802,0,0,0,-0.6167,1.2333,-0.6135,1.2079,1.1862,0.0000,0.0000,0.0000,-0.6290,1.2188,3.1287,0.015,3412,0.0000,0.0000,0.0256,0,0,0.368
75.901,0,0,0,-0.6167,1.2333,-0.6133,1.2081,1.1820,0.0000,0.0000,0.0000,-0.6179,1.2221,-0.8288,0.017,3417,0.0000,0.0000,0.0255,0,0,0.370
76.002,0,0,0,-0.6167,1.2333,-0.6136,1.2085,1.1925,0.0000,0.0000,0.0000,-0.6290,1.2188,3.1276,0.014,3421,0.0000,0.0000,0.0250,0,0,0.378
76.101,0,0,0,-0.6167,1.2333,-0.6131,1.2086,1.1702,0.0000,0.0000,0.0000,-0.6290,1.2188,3.1284,0.005,3426,0.0000,0.0000,0.0250,0,0,0.382
76.204,0,0,0,-0.6167,1.2333,-0.6134,1.2090,1.1803,0.0000,0.0000,0.0000,-0.6290,1.2188,3.1279,0.009,3430,0.0000,0.0000,0.0246,0,0,0.367
76.302,0,0,0,-0.6167,1.2333,-0.6136,1.2094,1.1855,0.0000,0.0000,0.0000,-0.6290,1.2188,3.1278,0.014,3434,0.0000,0.0000,0.0242,0,0,0.383
76.402,0,0,0,-0.6167,1.2333,-0.6135,1.2094,1.1871,0.0000,0.0000,0.0000,-0.6179,1.2221,-0.8294,0.025,3438,0.0000,0.0000,0.0241,0,0,0.352
76.501,0,0,0,-0.6167,1.2333,-0.6131,1.2093,1.2177,0.0000,0.0000,0.0000,-0.6179,1.2220,-0.8289,0.014,3444,0.0000,0.0000,0.0243,0,0,0.367
76.601,0,0,0,-0.6167,1.2333,-0.6131,1.2094,1.2503,0.0000,0.0000,0.0000,-0.6290,1.2188,3.1277,0.009,3448,0.0000,0.0000,0.0242,0,0,0.395
76.704,0,0,0,-0.6167,1.2333,-0.6132,1.2098,1.2307,0.0000,0.0000,0.0000,-0.6043,1.2122,0.5276,0.012,3453,0.0000,0.0000,0.0238,0,0,0.392
76.803,0,0,0,-0.6167,1.2333,-0.6134,1.2101,1.2370,0.0000,0.0000,0.0000,-0.6290,1.2188,3.1280,0.014,3457,0.0000,0.0000,0.0234,0,0,0.396
76.902,0,0,0,-0.6167,1.2333,-0.6136,1.2105,1.2158,0.0000,0.0000,0.0000,-0.6179,1.2220,-0.8290,0.024,3461,0.0000,0.0000,0.0230,0,0,0.375
77.004,0,0,0,-0.6167,1.2333,-0.6136,1.2107,1.2051,0.0000,0.0000,0.0000,-0.6290,1.2188,3.1287,0.006,3466,0.0000,0.0000,0.0228,0,0,0.359
77.103,0,0,0,-0.6167,1.2333,-0.6135,1.2108,1.2156,0.0000,0.0000,0.0000,-0.6179,1.2220,-0.8291,0.025,3471,0.0000,0.0000,0.0227,0,0,0.388
77.202,0,0,0,-0.6167,1.2333,-0.6138,1.2111,1.2282,0.0000,0.0000,0.0000,-0.6290,1.2188,3.1290,0.014,3475,0.0000,0.0000,0.0224,0,0,0.410
77.304,0,0,0,-0.6167,1.2333,-0.6135,1.2111,1.2239,0.0000,0.0000,0.0000,-0.6179,1.2220,-0.8296,0.015,3480,0.0000,0.0000,0.0224,0,0,0.387
77.402,0,0,0,-0.6167,1.2333,-0.6135,1.2111,1.2549,0.0000,0.0000,0.0000,-0.6291,1.2188,3.1291,0.008,3484,0.0000,0.0000,0.0225,0,0,0.336
77.501,0,0,0,-0.6167,1.2333,-0.6130,1.2108,1.2692,0.0000,0.0000,0.0000,-0.6179,1.2220,-0.8294,0.015,3489,0.0000,0.0000,0.0229,0,0,0.387
77.603,0,0,0,-0.6167,1.2333,-0.6131,1.2110,1.2624,0.0000,0.0000,0.0000,-0.6290,1.2188,3.1287,0.049,3492,0.0000,0.0000,0.0226,0,0,0.388
77.704,0,0,0,-0.6167,1.2333,-0.6130,1.2111,1.2686,0.0000,0.0000,0.0000,-0.6179,1.2220,-0.8296,0.017,3498,0.0000,0.0000,0.0225,0,0,0.375
77.801,0,0,0,-0.6167,1.2333,-0.6130,1.2111,1.2995,0.0000,0.0000,0.0000,-0.6290,1.2188,3.1268,0.012,3502,0.0000,0.0000,0.0226,0,0,0.398
77.905,0,0,0,-0.6167,1.2333,-0.6128,1.2110,1.3077,0.0000,0.0000,0.0000,-0.6045,1.2119,0.5291,0.030,3506,0.0000,0.0000,0.0227,0,0,0.386
78.001,0,0,0,-0.6167,1.2333,-0.6131,1.2114,1.2980,0.0000,0.0000,0.0000,-0.6290,1.2188,3.1270,0.014,3511,0.0000,0.0000,0.0222,0,0,0.380
78.103,0,0,0,-0.6167,1.2333,-0.6132,1.2117,1.2681,0.0000,0.0000,0.0000,-0.6045,1.2119,0.5294,0.011,3516,0.0000,0.0000,0.0219,0,0,0.389
78.201,0,0,0,-0.6167,1.2333,-0.6132,1.2116,1.2987,0.0000,0.0000,0.0000,-0.6290,1.2187,3.1289,0.013,3520,0.0000,0.0000,0.0220,0,0,0.365
78.301,0,0,0,-0.6167,1.2333,-0.6130,1.2116,1.2882,0.0000,0.0000,0.0000,-0.6044,1.2119,0.5401,0.010,3525,0.0000,0.0000,0.0220,0,0,0.375
78.401,0,0,0,-0.6167,1.2333,-0.6130,1.2116,1.3168,0.0000,0.0000,0.0000,-0.6290,1.2188,3.1274,0.011,3529,0.0000,0.0000,0.0221,0,0,0.381
78.501,0,0,0,-0.6167,1.2333,-0.6130,1.2118,1.2860,0.0000,0.0000,0.0000,-0.6179,1.2220,-0.8299,0.021,3534,0.0000,0.0000,0.0218,0,0,0.400
78.601,0,0,0,-0.6167,1.2333,-0.6133,1.2121,1.2941,0.0000,0.0000,0.0000,-0.6290,1.2188,3.1271,0.014,3538,0.0000,0.0000,0.0215,0,0,0.391
78.703,0,0,0,-0.6167,1.2333,-0.6131,1.2120,1.2843,0.0000,0.0000,0.0000,-0.6179,1.2220,-0.8303,0.023,3543,0.0000,0.0000,0.0216,0,0,0.385
78.801,0,0,0,-0.6167,1.2333,-0.6129,1.2119,1.2973,0.0000,0.0000,0.0000,-0.6179,1.2220,-0.8305,0.048,3546,0.0000,0.0000,0.0218,0,0,0.390
78.901,0,0,0,-0.6167,1.2333,-0.6129,1.2119,1.3045,0.0000,0.0000,0.0000,-0.6179,1.2220,-0.8301,0.012,3552,0.0000,0.0000,0.0217,0,0,0.374
79.005,0,0,0,-0.6167,1.2333,-0.6130,1.2121,1.2986,0.0000,0.0000,0.0000,-0.6290,1.2188,3.1259,0.010,3556,0.0000,0.0000,0.0215,0,0,0.395
79.105,0,0,0,-0.6167,1.2333,-0.6126,1.2117,1.3411,0.0000,0.0000,0.0000,-0.6179,1.2220,-0.8301,0.003,3561,0.0000,0.0000,0.0220,0,0,0.359
79.204,0,0,0,-0.6167,1.2333,-0.6130,1.2121,1.3301,0.0000,0.0000,0.0000,-0.6290,1.2188,3.1261,0.014,3565,0.0000,0.0000,0.0216,0,0,0.355
79.304,0,0,0,-0.6167,1.2333,-0.6125,1.2117,1.3404,0.0000,0.0000,0.0000,-0.6179,1.2220,-0.8297,0.014,3570,0.0000,0.0000,0.0220,0,0,0.355
79.401,0,0,0,-0.6167,1.2333,-0.6125,1.2116,1.3690,0.0000,0.0000,0.0000,-0.6290,1.2188,3.1264,0.008,3574,0.0000,0.0000,0.0221,0,0,0.387
79.501,0,0,0,-0.6167,1.2333,-0.6126,1.2119,1.3352,0.0000,0.0000,0.0000,-0.6043,1.2111,0.5820,0.010,3579,0.0000,0.0000,0.0218,0,0,0.381
79.604,0,0,0,-0.6167,1.2333,-0.6129,1.2122,1.3400,0.0000,0.0000,0.0000,-0.6290,1.2188,3.1270,0.016,3583,0.0000,0.0000,0.0215,0,0,0.381
79.703,0,0,0,-0.6167,1.2333,-0.6124,1.2118,1.3500,0.0000,0.0000,0.0000,-0.5752,1.1810,3.1553,0.016,3588,0.0000,0.0000,0.0220,0,0,0.386
79.804,0,0,0,-0.6167,1.2333,-0.6127,1.2120,1.3554,0.0000,0.0000,0.0000,-0.6290,1.2188,3.1271,0.017,3592,0.0000,0.0000,0.0217,0,0,0.342
79.902,0,0,0,-0.6167,1.2333,-0.6125,1.2120,1.3445,0.0000,0.0000,0.0000,-0.6179,1.2220,-0.8303,0.014,3597,0.0000,0.0000,0.0217,0,0,0.357
80.001,0,0,0,-0.6167,1.2333,-0.6125,1.2119,1.3716,0.0000,0.0000,0.0000,-0.6290,1.2188,3.1273,0.013,3601,0.0000,0.0000,0.0218,0,0,0.346
80.102,0,0,0,-0.6167,1.2333,-0.6120,1.2116,1.3803,0.0000,0.0000,0.0000,-0.6179,1.2220,-0.8304,0.021,3606,0.0000,0.0000,0.0222,0,0,0.330
80.202,0,0,0,-0.6167,1.2333,-0.6124,1.2118,1.3854,0.0000,0.0000,0.0000,-0.6290,1.2188,3.1269,0.011,3610,0.0000,0.0000,0.0219,0,0,0.398
80.302,0,0,0,-0.6167,1.2333,-0.6119,1.2115,1.3918,0.0000,0.0000,0.0000,-0.6179,1.2220,-0.8305,0.017,3615,0.0000,0.0000,0.0224,0,0,0.389
80.401,0,0,0,-0.6167,1.2333,-0.6117,1.2114,1.4025,0.0000,0.0000,0.0000,-0.6179,1.2220,-0.8304,0.035,3618,0.0000,0.0000,0.0225,0,0,0.394
80.503,0,0,0,-0.6167,1.2333,-0.6118,1.2114,1.4028,0.0000,0.0000,0.0000,-0.6179,1.2220,-0.8305,0.017,3624,0.0000,0.0000,0.0224,0,0,0.350
80.601,0,0,0,-0.6167,1.2333,-0.6118,1.2114,1.4289,0.0000,0.0000,0.0000,-0.6290,1.2188,3.1251,0.010,3628,0.0000,0.0000,0.0225,0,0,0.364
80.704,0,0,0,-0.6167,1.2333,-0.6114,1.2111,1.4348,0.0000,0.0000,0.0000,-0.6179,1.2220,-0.8307,0.022,3633,0.0000,0.0000,0.0229,0,0,0.381
80.801,0,0,0,-0.6167,1.2333,-0.6114,1.2110,1.4594,0.0000,0.0000,0.0000,-0.6290,1.2188,3.1261,0.013,3637,0.0000,0.0000,0.0229,0,0,0.376
80.904,0,0,0,-0.6167,1.2333,-0.6114,1.2110,1.4511,0.0000,0.0000,0.0000,-0.5751,1.1815,3.1462,0.010,3642,0.0000,0.0000,0.0229,0,0,0.380
81.002,0,0,0,-0.6167,1.2333,-0.6114,1.2110,1.4680,0.0000,0.0000,0.0000,-0.6290,1.2188,3.1264,0.015,3646,0.0000,0.0000,0.0229,0,0,0.367
81.103,0,0,0,-0.6167,1.2333,-0.6112,1.2110,1.4519,0.0000,0.0000,0.0000,-0.6179,1.2220,-0.8309,0.025,3651,0.0000,0.0000,0.0230,0,0,0.398
81.204,0,0,0,-0.6167,1.2333,-0.6113,1.2110,1.4745,0.0000,0.0000,0.0000,-0.6290,1.2187,3.1266,0.019,3655,0.0000,0.0000,0.0230,0,0,0.365
81.302,0,0,0,-0.6167,1.2333,-0.6115,1.2113,1.4359,0.0000,0.0000,0.0000,-0.6179,1.2220,-0.8311,0.020,3660,0.0000,0.0000,0.0226,0,0,0.380
81.402,0,0,0,-0.6167,1.2333,-0.6115,1.2113,1.4584,0.0000,0.0000,0.0000,-0.6290,1.2188,3.1256,0.012,3664,0.0000,0.0000,0.0227,0,0,0.374
81.504,0,0,0,-0.6167,1.2333,-0.6114,1.2113,1.4429,0.0000,0.0000,0.0000,-0.6179,1.2220,-0.8308,0.026,3669,0.0000,0.0000,0.0227,0,0,0.359
81.604,0,0,0,-0.6167,1.2333,-0.6116,1.2115,1.4329,0.0000,0.0000,0.0000,-0.6290,1.2188,3.1246,0.047,3672,0.0000,0.0000,0.0225,0,0,0.395
81.703,0,0,0,-0.6167,1.2333,-0.6113,1.2112,1.4529,0.0000,0.0000,0.0000,-0.6290,1.2188,3.1247,0.013,3678,0.0000,0.0000,0.0228,0,0,0.395
81.804,0,0,0,-0.6167,1.2333,-0.6115,1.2114,1.4424,0.0000,0.0000,0.0000,-0.6290,1.2188,3.1254,0.003,3682,0.0000,0.0000,0.0225,0,0,0.357
81.904,0,0,0,-0.6167,1.2333,-0.6112,1.2110,1.4804,0.0000,0.0000,0.0000,-0.5751,1.1814,3.1408,0.029,3686,0.0000,0.0000,0.0230,0,0,0.374
82.001,0,0,0,-0.6167,1.2333,-0.6113,1.2111,1.4841,0.0000,0.0000,0.0000,-0.6290,1.2188,3.1248,0.014,3691,0.0000,0.0000,0.0228,0,0,0.354
82.104,0,0,0,-0.6167,1.2333,-0.6112,1.2111,1.4656,0.0000,0.0000,0.0000,-0.6179,1.2220,-0.8310,0.024,3696,0.0000,0.0000,0.0229,0,0,0.389
82.201,0,0,0,-0.6167,1.2333,-0.6115,1.2114,1.4674,0.0000,0.0000,0.0000,-0.6290,1.2188,3.1245,0.011,3700,0.0000,0.0000,0.0225,0,0,0.358
82.302,0,0,0,-0.6167,1.2333,-0.6118,1.2117,1.4383,0.0000,0.0000,0.0000,-0.6179,1.2220,-0.8313,0.021,3704,0.0000,0.0000,0.0222,0,0,0.361
82.401,0,0,0,-0.6167,1.2333,-0.6118,1.2116,1.4546,0.0000,0.0000,0.0000,-0.6290,1.2188,3.1244,0.009,3709,0.0000,0.0000,0.0222,0,0,0.407
82.503,0,0,0,-0.6167,1.2333,-0.6113,1.2113,1.4593,0.0000,0.0000,0.0000,-0.6179,1.2220,-0.8310,0.022,3714,0.0000,0.0000,0.0227,0,0,0.382
82.602,0,0,0,-0.6167,1.2333,-0.6114,1.2113,1.4818,0.0000,0.0000,0.0000,-0.6290,1.2188,3.1241,0.014,3718,0.0000,0.0000,0.0227,0,0,0.373
82.704,0,0,0,-0.6167,1.2333,-0.6115,1.2116,1.4457,0.0000,0.0000,0.0000,-0.6179,1.2220,-0.8312,0.030,3723,0.0000,0.0000,0.0224,0,0,0.384
82.803,0,0,0,-0.6167,1.2333,-0.6119,1.2118,1.4497,0.0000,0.0000,0.0000,-0.6290,1.2187,3.1256,0.010,3727,0.0000,0.0000,0.0220,0,0,0.387
82.903,0,0,0,-0.6167,1.2333,-0.6117,1.2118,1.4354,0.0000,0.0000,0.0000,-0.6290,1.2187,3.1254,0.015,3732,0.0000,0.0000,0.0221,0,0,0.366
83.003,0,0,0,-0.6167,1.2333,-0.6116,1.2116,1.4464,0.0000,0.0000,0.0000,-0.6290,1.2187,3.1247,0.009,3736,0.0000,0.0000,0.0223,0,0,0.399
83.102,0,0,0,-0.6167,1.2333,-0.6113,1.2113,1.4846,0.0000,0.0000,0.0000,-0.5751,1.1815,3.1463,0.028,3740,0.0000,0.0000,0.0227,0,0,0.395
83.205,0,0,0,-0.6167,1.2333,-0.6115,1.2116,1.4547,0.0000,0.0000,0.0000,-0.6290,1.2188,3.1238,0.007,3745,0.0000,0.0000,0.0224,0,0,0.384
83.302,0,0,0,-0.6167,1.2333,-0.6112,1.2113,1.4728,0.0000,0.0000,0.0000,-0.6179,1.2220,-0.8319,0.016,3750,0.0000,0.0000,0.0227,0,0,0.345
83.401,0,0,0,-0.6167,1.2333,-0.6116,1.2116,1.4744,0.0000,0.0000,0.0000,-0.6290,1.2187,3.1249,0.013,3754,0.0000,0.0000,0.0223,0,0,0.354
83.501,0,0,0,-0.6167,1.2333,-0.6116,1.2116,1.4646,0.0000,0.0000,0.0000,-0.6047,1.2122,0.5023,0.006,3759,0.0000,0.0000,0.0224,0,0,0.384
83.603,0,0,0,-0.6167,1.2333,-0.6118,1.2118,1.4591,0.0000,0.0000,0.0000,-0.6289,1.2188,3.1232,0.017,3763,0.0000,0.0000,0.0220,0,0,0.343
83.702,0,0,0,-0.6167,1.2333,-0.6118,1.2118,1.4494,0.0000,0.0000,0.0000,-0.6050,1.2115,0.5182,0.006,3768,0.0000,0.0000,0.0221,0,0,0.393
83.804,0,0,0,-0.6167,1.2333,-0.6117,1.2117,1.4665,0.0000,0.0000,0.0000,-0.6289,1.2188,3.1234,0.018,3772,0.0000,0.0000,0.0222,0,0,0.378
83.902,0,0,0,-0.6167,1.2333,-0.6116,1.2117,1.4499,0.0000,0.0000,0.0000,-0.6179,1.2220,-0.8316,0.025,3777,0.0000,0.0000,0.0222,0,0,0.376
84.005,0,0,0,-0.6167,1.2333,-0.6119,1.2120,1.4524,0.0000,0.0000,0.0000,-0.6290,1.2188,3.1237,0.021,3781,0.0000,0.0000,0.0219,0,0,0.384
84.101,0,0,0,-0.6167,1.2333,-0.6115,1.2116,1.4578,0.0000,0.0000,0.0000,-0.6179,1.2220,-0.8318,0.017,3786,0.0000,0.0000,0.0223,0,0,0.379
84.204,0,0,0,-0.6167,1.2333,-0.6115,1.2116,1.4799,0.0000,0.0000,0.0000,-0.6290,1.2187,3.1245,0.017,3790,0.0000,0.0000,0.0224,0,0,0.369
84.301,0,0,0,-0.6167,1.2333,-0.6111,1.2112,1.4847,0.0000,0.0000,0.0000,-0.6179,1.2220,-0.8319,0.012,3795,0.0000,0.0000,0.0228,0,0,0.356
84.405,0,0,0,-0.6167,1.2333,-0.6113,1.2114,1.4717,0.0000,0.0000,0.0000,-0.6289,1.2188,3.1234,0.051,3798,0.0000,0.0000,0.0226,0,0,0.388
84.501,0,0,0,-0.6167,1.2333,-0.6113,1.2115,1.4673,0.0000,0.0000,0.0000,-0.6290,1.2187,3.1241,0.013,3804,0.0000,0.0000,0.0225,0,0,0.344
84.604,0,0,0,-0.6167,1.2333,-0.6114,1.2115,1.4907,0.0000,0.0000,0.0000,-0.6290,1.2187,3.1238,0.011,3808,0.0000,0.0000,0.0225,0,0,0.394
84.703,0,0,0,-0.6167,1.2333,-0.6115,1.2117,1.4693,0.0000,0.0000,0.0000,-0.6044,1.2120,0.5346,0.033,3812,0.0000,0.0000,0.0223,0,0,0.390
84.803,0,0,0,-0.6167,1.2333,-0.6119,1.2120,1.4563,0.0000,0.0000,0.0000,-0.6290,1.2187,3.1239,0.016,3817,0.0000,0.0000,0.0218,0,0,0.367
84.901,0,0,0,-0.6167,1.2333,-0.6119,1.2120,1.4476,0.0000,0.0000,0.0000,-0.5751,1.1811,3.1455,0.007,3822,0.0000,0.0000,0.0219,0,0,0.344
85.002,0,0,0,-0.6167,1.2333,-0.6118,1.2119,1.4620,0.0000,0.0000,0.0000,-0.6290,1.2187,3.1237,0.013,3826,0.0000,0.0000,0.0220,0,0,0.357
85.102,0,0,0,-0.6167,1.2333,-0.6121,1.2122,1.4315,0.0000,0.0000,0.0000,-0.6043,1.2115,0.5607,0.008,3831,0.0000,0.0000,0.0216,0,0,0.343
85.201,0,0,0,-0.6167,1.2333,-0.6123,1.2124,1.4286,0.0000,0.0000,0.0000,-0.6290,1.2187,3.1243,0.014,3835,0.0000,0.0000,0.0214,0,0,0.356
85.301,0,0,0,-0.6167,1.2333,-0.6121,1.2124,1.4130,0.0000,0.0000,0.0000,-0.6179,1.2220,-0.8322,0.017,3840,0.0000,0.0000,0.0215,0,0,0.342
85.402,0,0,0,-0.6167,1.2333,-0.6125,1.2126,1.4170,0.0000,0.0000,0.0000,-0.6290,1.2187,3.1236,0.008,3844,0.0000,0.0000,0.0212,0,0,0.387
85.504,0,0,0,-0.6167,1.2333,-0.6120,1.2122,1.4244,0.0000,0.0000,0.0000,-0.6179,1.2220,-0.8319,0.025,3849,0.0000,0.0000,0.0216,0,0,0.375
85.605,0,0,0,-0.6167,1.2333,-0.6122,1.2124,1.4148,0.0000,0.0000,0.0000,-0.6179,1.2220,-0.8320,0.057,3852,0.0000,0.0000,0.0214,0,0,0.363
85.703,0,0,0,-0.6167,1.2333,-0.6122,1.2124,1.4144,0.0000,0.0000,0.0000,-0.6289,1.2187,3.1229,0.011,3858,0.0000,0.0000,0.0214,0,0,0.382
85.802,0,0,0,-0.6167,1.2333,-0.6123,1.2125,1.4040,0.0000,0.0000,0.0000,-0.6290,1.2187,3.1232,0.003,3862,0.0000,0.0000,0.0213,0,0,0.403
85.901,0,0,0,-0.6167,1.2333,-0.6123,1.2124,1.4214,0.0000,0.0000,0.0000,-0.6179,1.2220,-0.8323,0.004,3867,0.0000,0.0000,0.0214,0,0,0.353
86.002,0,0,0,-0.6167,1.2333,-0.6123,1.2124,1.4276,0.0000,0.0000,0.0000,-0.6290,1.2187,3.1238,0.011,3871,0.0000,0.0000,0.0214,0,0,0.387
86.103,0,0,0,-0.6167,1.2333,-0.6125,1.2127,1.3896,0.0000,0.0000,0.0000,-0.6179,1.2220,-0.8328,0.014,3876,0.0000,0.0000,0.0211,0,0,0.391
86.203,0,0,0,-0.6167,1.2333,-0.6125,1.2126,1.4147,0.0000,0.0000,0.0000,-0.6289,1.2188,3.1219,0.017,3880,0.0000,0.0000,0.0212,0,0,0.407
86.305,0,0,0,-0.6167,1.2333,-0.6124,1.2125,1.4073,0.0000,0.0000,0.0000,-0.6051,1.2110,0.5377,0.010,3885,0.0000,0.0000,0.0212,0,0,0.370
86.404,0,0,0,-0.6167,1.2333,-0.6127,1.2127,1.4041,0.0000,0.0000,0.0000,-0.6289,1.2187,3.1234,0.015,3889,0.0000,0.0000,0.0210,0,0,0.369
86.504,0,0,0,-0.6167,1.2333,-0.6128,1.2129,1.3679,0.0000,0.0000,0.0000,-0.6051,1.2110,0.5378,0.018,3894,0.0000,0.0000,0.0208,0,0,0.390
86.601,0,0,0,-0.6167,1.2333,-0.6128,1.2128,1.3935,0.0000,0.0000,0.0000,-0.6289,1.2187,3.1223,0.015,3898,0.0000,0.0000,0.0209,0,0,0.379
86.704,0,0,0,-0.6167,1.2333,-0.6129,1.2130,1.3623,0.0000,0.0000,0.0000,-0.6179,1.2220,-0.8326,0.023,3903,0.0000,0.0000,0.0207,0,0,0.393
86.801,0,0,0,-0.6167,1.2333,-0.6132,1.2132,1.3660,0.0000,0.0000,0.0000,-0.6289,1.2187,3.1221,0.013,3907,0.0000,0.0000,0.0204,0,0,0.388
86.901,0,0,0,-0.6167,1.2333,-0.6126,1.2128,1.3763,0.0000,0.0000,0.0000,-0.6179,1.2220,-0.8330,0.016,3912,0.0000,0.0000,0.0209,0,0,0.381
87.003,0,0,0,-0.6167,1.2333,-0.6125,1.2126,1.3890,0.0000,0.0000,0.0000,-0.6289,1.2187,3.1231,0.006,3916,0.0000,0.0000,0.0211,0,0,0.367
87.102,0,0,0,-0.6167,1.2333,-0.6125,1.2126,1.3882,0.0000,0.0000,0.0000,-0.6179,1.2220,-0.8327,0.011,3921,0.0000,0.0000,0.0212,0,0,0.384
87.206,0,0,0,-0.6167,1.2333,-0.6126,1.2128,1.3780,0.0000,0.0000,0.0000,-0.6179,1.2220,-0.8327,0.035,3924,0.0000,0.0000,0.0210,0,0,0.375
87.302,0,0,0,-0.6167,1.2333,-0.6128,1.2130,1.3762,0.0000,0.0000,0.0000,-0.6179,1.2220,-0.8326,0.002,3930,0.0000,0.0000,0.0207,0,0,0.388
87.403,0,0,0,-0.6167,1.2333,-0.6129,1.2129,1.3837,0.0000,0.0000,0.0000,-0.6289,1.2187,3.1215,0.011,3934,0.0000,0.0000,0.0207,0,0,0.382
87.504,0,0,0,-0.6167,1.2333,-0.6127,1.2129,1.3712,0.0000,0.0000,0.0000,-0.6179,1.2220,-0.8331,0.027,3939,0.0000,0.0000,0.0209,0,0,0.396
87.601,0,0,0,-0.6167,1.2333,-0.6130,1.2131,1.3764,0.0000,0.0000,0.0000,-0.6289,1.2187,3.1217,0.013,3943,0.0000,0.0000,0.0206,0,0,0.387
87.701,0,0,0,-0.6167,1.2333,-0.6125,1.2126,1.3855,0.0000,0.0000,0.0000,-0.5751,1.1813,3.1519,0.016,3948,0.0000,0.0000,0.0211,0,0,0.381
87.804,0,0,0,-0.6167,1.2333,-0.6128,1.2128,1.3900,0.0000,0.0000,0.0000,-0.6289,1.2187,3.1230,0.016,3952,0.0000,0.0000,0.0209,0,0,0.400
87.901,0,0,0,-0.6167,1.2333,-0.6130,1.2131,1.3603,0.0000,0.0000,0.0000,-0.5751,1.1814,3.1376,0.002,3957,0.0000,0.0000,0.0206,0,0,0.375
88.002,0,0,0,-0.6167,1.2333,-0.6126,1.2126,1.4003,0.0000,0.0000,0.0000,-0.6289,1.2187,3.1207,0.018,3961,0.0000,0.0000,0.0211,0,0,0.358
88.102,0,0,0,-0.6167,1.2333,-0.6124,1.2126,1.3865,0.0000,0.0000,0.0000,-0.6179,1.2220,-0.8331,0.019,3966,0.0000,0.0000,0.0212,0,0,0.378
88.202,0,0,0,-0.6167,1.2333,-0.6127,1.2128,1.3907,0.0000,0.0000,0.0000,-0.6289,1.2187,3.1216,0.015,3970,0.0000,0.0000,0.0209,0,0,0.344
88.303,0,0,0,-0.6167,1.2333,-0.6125,1.2127,1.3769,0.0000,0.0000,0.0000,-0.6179,1.2220,-0.8330,0.016,3975,0.0000,0.0000,0.0210,0,0,0.385
88.404,0,0,0,-0.6167,1.2333,-0.6123,1.2125,1.3878,0.0000,0.0000,0.0000,-0.6289,1.2187,3.1223,0.053,3978,0.0000,0.0000,0.0212,0,0,0.392
88.501,0,0,0,-0.6167,1.2333,-0.6120,1.2122,1.4086,0.0000,0.0000,0.0000,-0.6289,1.2187,3.1211,0.018,3984,0.0000,0.0000,0.0216,0,0,0.357
88.605,0,0,0,-0.6167,1.2333,-0.6176,1.1955,0.8304,0.0000,0.0000,0.0000,-0.6280,1.2177,3.0691,0.007,3988,0.0000,0.0000,0.0379,0,0,0.376
88.704,0,0,0,-0.6167,1.2333,-0.6172,1.1962,0.8694,0.0000,0.0000,0.0000,-0.6044,1.2123,0.5092,0.031,3992,0.0000,0.0000,0.0371,0,0,0.379
88.804,0,0,0,-0.6167,1.2333,-0.6170,1.1971,0.8962,0.0000,0.0000,0.0000,-0.6280,1.2177,3.0704,0.018,3997,0.0000,0.0000,0.0363,0,0,0.387
88.901,0,0,0,-0.6167,1.2333,-0.6169,1.1981,0.8817,0.0000,0.0000,0.0000,-0.6179,1.2220,-0.8331,0.019,4002,0.0000,0.0000,0.0352,0,0,0.379
89.001,0,0,0,-0.6167,1.2333,-0.6167,1.1986,0.9212,0.0000,0.0000,0.0000,-0.6280,1.2177,3.0689,0.014,4006,0.0000,0.0000,0.0348,0,0,0.356
89.102,0,0,0,-0.6167,1.2333,-0.6167,1.1994,0.9080,0.0000,0.0000,0.0000,-0.5750,1.1820,3.1296,0.002,4011,0.0000,0.0000,0.0339,0,0,0.389
89.201,0,0,0,-0.6167,1.2333,-0.6164,1.2000,0.9441,0.0000,0.0000,0.0000,-0.6280,1.2177,3.0696,0.012,4015,0.0000,0.0000,0.0334,0,0,0.354
89.303,0,0,0,-0.6167,1.2333,-0.6160,1.2005,0.9500,0.0000,0.0000,0.0000,-0.6179,1.2220,-0.8336,0.019,4020,0.0000,0.0000,0.0328,0,0,0.405
89.405,0,0,0,-0.6167,1.2333,-0.6159,1.2009,0.9867,0.0000,0.0000,0.0000,-0.6280,1.2178,3.0686,0.015,4024,0.0000,0.0000,0.0324,0,0,0.331
89.503,0,0,0,-0.6167,1.2333,-0.6155,1.2014,0.9901,0.0000,0.0000,0.0000,-0.6179,1.2220,-0.8336,0.024,4029,0.0000,0.0000,0.0319,0,0,0.408
89.603,0,0,0,-0.6167,1.2333,-0.6154,1.2018,1.0270,0.0000,0.0000,0.0000,-0.6280,1.2177,3.0698,0.016,4033,0.0000,0.0000,0.0316,0,0,0.383
89.703,0,0,0,-0.6167,1.2333,-0.6153,1.2026,1.0045,0.0000,0.0000,0.0000,-0.6179,1.2220,-0.8338,0.026,4038,0.0000,0.0000,0.0308,0,0,0.366
89.801,0,0,0,-0.6167,1.2333,-0.6152,1.2029,1.0403,0.0000,0.0000,0.0000,-0.6280,1.2177,3.0694,0.010,4042,0.0000,0.0000,0.0305,0,0,0.380
89.902,0,0,0,-0.6167,1.2333,-0.6151,1.2035,1.0346,0.0000,0.0000,0.0000,-0.6280,1.2177,3.0697,0.023,4046,0.0000,0.0000,0.0299,0,0,0.370
90.002,0,0,0,-0.6167,1.2333,-0.6152,1.2041,1.0170,0.0000,0.0000,0.0000,-0.6280,1.2177,3.0701,0.008,4051,0.0000,0.0000,0.0293,0,0,0.383
90.101,0,0,0,-0.6167,1.2333,-0.6153,1.2049,1.0128,0.0000,0.0000,0.0000,-0.6179,1.2219,-0.8332,0.017,4056,0.0000,0.0000,0.0285,0,0,0.356
90.204,0,0,0,-0.6167,1.2333,-0.6155,1.2054,1.0200,0.0000,0.0000,0.0000,-0.6280,1.2178,3.0688,0.019,4060,0.0000,0.0000,0.0279,0,0,0.384
90.303,0,0,0,-0.6167,1.2333,-0.6156,1.2060,1.0039,0.0000,0.0000,0.0000,-0.6048,1.2118,0.5345,0.008,4065,0.0000,0.0000,0.0274,0,0,0.387
90.404,0,0,0,-0.6167,1.2333,-0.6156,1.2065,1.0145,0.0000,0.0000,0.0000,-0.6280,1.2178,3.0691,0.014,4069,0.0000,0.0000,0.0268,0,0,0.396
90.504,0,0,0,-0.6167,1.2333,-0.6150,1.2064,1.0347,0.0000,0.0000,0.0000,-0.5751,1.1813,3.1444,0.020,4074,0.0000,0.0000,0.0270,0,0,0.372
90.601,0,0,0,-0.6167,1.2333,-0.6149,1.2066,1.0692,0.0000,0.0000,0.0000,-0.6280,1.2178,3.0685,0.013,4078,0.0000,0.0000,0.0268,0,0,0.379
90.703,0,0,0,-0.6167,1.2333,-0.6142,1.2065,1.0875,0.0000,0.0000,0.0000,-0.6179,1.2219,-0.8343,0.020,4083,0.0000,0.0000,0.0270,0,0,0.382
90.802,0,0,0,-0.6167,1.2333,-0.6145,1.2069,1.0999,0.0000,0.0000,0.0000,-0.6280,1.2178,3.0672,0.016,4087,0.0000,0.0000,0.0265,0,0,0.376
90.901,0,0,0,-0.6167,1.2333,-0.6139,1.2068,1.1192,0.0000,0.0000,0.0000,-0.6179,1.2219,-0.8343,0.022,4092,0.0000,0.0000,0.0267,0,0,0.394
91.002,0,0,0,-0.6167,1.2333,-0.6141,1.2073,1.1335,0.0000,0.0000,0.0000,-0.6280,1.2177,3.0701,0.013,4096,0.0000,0.0000,0.0262,0,0,0.403
91.102,0,0,0,-0.6167,1.2333,-0.6135,1.2071,1.1519,0.0000,0.0000,0.0000,-0.6179,1.2219,-0.8343,0.014,4101,0.0000,0.0000,0.0264,0,0,0.380
91.204,0,0,0,-0.6167,1.2333,-0.6133,1.2071,1.1691,0.0000,0.0000,0.0000,-0.6280,1.2178,3.0688,0.050,4104,0.0000,0.0000,0.0264,0,0,0.377
91.305,0,0,0,-0.6167,1.2333,-0.6132,1.2073,1.1970,0.0000,0.0000,0.0000,-0.6179,1.2219,-0.8338,0.002,4110,0.0000,0.0000,0.0263,0,0,0.385
91.403,0,0,0,-0.6167,1.2333,-0.6132,1.2075,1.2121,0.0000,0.0000,0.0000,-0.6280,1.2178,3.0694,0.016,4114,0.0000,0.0000,0.0260,0,0,0.382
91.504,0,0,0,-0.6167,1.2333,-0.6132,1.2079,1.2007,0.0000,0.0000,0.0000,-0.6045,1.2119,0.5361,0.033,4118,0.0000,0.0000,0.0257,0,0,0.375
91.602,0,0,0,-0.6167,1.2333,-0.6135,1.2084,1.1933,0.0000,0.0000,0.0000,-0.6280,1.2178,3.0700,0.015,4123,0.0000,0.0000,0.0251,0,0,0.340
91.702,0,0,0,-0.6167,1.2333,-0.6129,1.2082,1.2105,0.0000,0.0000,0.0000,-0.5750,1.1815,3.1441,0.010,4128,0.0000,0.0000,0.0254,0,0,0.389
91.804,0,0,0,-0.6167,1.2333,-0.6132,1.2086,1.2204,0.0000,0.0000,0.0000,-0.6279,1.2178,3.0685,0.018,4132,0.0000,0.0000,0.0250,0,0,0.319
91.902,0,0,0,-0.6167,1.2333,-0.6134,1.2090,1.1977,0.0000,0.0000,0.0000,-0.6045,1.2105,0.5890,0.005,4137,0.0000,0.0000,0.0246,0,0,0.365
92.001,0,0,0,-0.6167,1.2333,-0.6132,1.2090,1.2235,0.0000,0.0000,0.0000,-0.6279,1.2178,3.0680,0.013,4141,0.0000,0.0000,0.0245,0,0,0.358
92.101,0,0,0,-0.6167,1.2333,-0.6130,1.2091,1.2166,0.0000,0.0000,0.0000,-0.6179,1.2219,-0.8348,0.020,4146,0.0000,0.0000,0.0245,0,0,0.380
92.203,0,0,0,-0.6167,1.2333,-0.6130,1.2092,1.2471,0.0000,0.0000,0.0000,-0.6279,1.2178,3.0687,0.015,4150,0.0000,0.0000,0.0244,0,0,0.385
92.302,0,0,0,-0.6167,1.2333,-0.6125,1.2089,1.2601,0.0000,0.0000,0.0000,-0.6179,1.2219,-0.8346,0.017,4155,0.0000,0.0000,0.0248,0,0,0.348
92.404,0,0,0,-0.6167,1.2333,-0.6126,1.2092,1.2524,0.0000,0.0000,0.0000,-0.6179,1.2219,-0.8349,0.059,4158,0.0000,0.0000,0.0245,0,0,0.354
92.503,0,0,0,-0.6167,1.2333,-0.6128,1.2097,1.2388,0.0000,0.0000,0.0000,-0.6279,1.2178,3.0691,0.020,4164,0.0000,0.0000,0.0240,0,0,0.376
92.603,0,0,0,-0.6167,1.2333,-0.6127,1.2096,1.2521,0.0000,0.0000,0.0000,-0.6279,1.2178,3.0700,0.009,4168,0.0000,0.0000,0.0241,0,0,0.385
92.703,0,0,0,-0.6167,1.2333,-0.6126,1.2096,1.2739,0.0000,0.0000,0.0000,-0.6179,1.2219,-0.8346,0.005,4173,0.0000,0.0000,0.0241,0,0,0.388
92.801,0,0,0,-0.6167,1.2333,-0.6126,1.2098,1.2844,0.0000,0.0000,0.0000,-0.6279,1.2178,3.0690,0.013,4177,0.0000,0.0000,0.0239,0,0,0.378
92.901,0,0,0,-0.6167,1.2333,-0.6121,1.2095,1.2962,0.0000,0.0000,0.0000,-0.6179,1.2219,-0.8346,0.016,4182,0.0000,0.0000,0.0242,0,0,0.370
93.003,0,0,0,-0.6167,1.2333,-0.6124,1.2099,1.3026,0.0000,0.0000,0.0000,-0.6280,1.2178,3.0706,0.016,4186,0.0000,0.0000,0.0239,0,0,0.400
93.102,0,0,0,-0.6167,1.2333,-0.6125,1.2102,1.2711,0.0000,0.0000,0.0000,-0.6050,1.2120,0.4961,0.012,4191,0.0000,0.0000,0.0235,0,0,0.390
93.204,0,0,0,-0.6167,1.2333,-0.6125,1.2102,1.2995,0.0000,0.0000,0.0000,-0.6279,1.2178,3.0698,0.018,4195,0.0000,0.0000,0.0235,0,0,0.347
93.301,0,0,0,-0.6167,1.2333,-0.6123,1.2102,1.2894,0.0000,0.0000,0.0000,-0.5750,1.1822,3.1192,0.013,4200,0.0000,0.0000,0.0235,0,0,0.382
93.404,0,0,0,-0.6167,1.2333,-0.6123,1.2102,1.3164,0.0000,0.0000,0.0000,-0.6280,1.2178,3.0701,0.015,4204,0.0000,0.0000,0.0235,0,0,0.374
93.503,0,0,0,-0.6167,1.2333,-0.6121,1.2103,1.3050,0.0000,0.0000,0.0000,-0.6179,1.2219,-0.8350,0.020,4209,0.0000,0.0000,0.0235,0,0,0.393
93.601,0,0,0,-0.6167,1.2333,-0.6121,1.2102,1.3319,0.0000,0.0000,0.0000,-0.6279,1.2178,3.0690,0.010,4213,0.0000,0.0000,0.0235,0,0,0.398
93.701,0,0,0,-0.6167,1.2333,-0.6119,1.2103,1.3215,0.0000,0.0000,0.0000,-0.6179,1.2219,-0.8354,0.022,4218,0.0000,0.0000,0.0235,0,0,0.380
93.802,0,0,0,-0.6167,1.2333,-0.6120,1.2102,1.3469,0.0000,0.0000,0.0000,-0.6280,1.2178,3.0705,0.009,4222,0.0000,0.0000,0.0236,0,0,0.356
93.901,0,0,0,-0.6167,1.2333,-0.6115,1.2100,1.3548,0.0000,0.0000,0.0000,-0.6179,1.2219,-0.8353,0.014,4227,0.0000,0.0000,0.0239,0,0,0.342
94.004,0,0,0,-0.6167,1.2333,-0.6113,1.2099,1.3677,0.0000,0.0000,0.0000,-0.6179,1.2219,-0.8352,0.037,4230,0.0000,0.0000,0.0240,0,0,0.393
94.101,0,0,0,-0.6167,1.2333,-0.6111,1.2097,1.3895,0.0000,0.0000,0.0000,-0.6179,1.2219,-0.8355,0.018,4236,0.0000,0.0000,0.0243,0,0,0.365
94.204,0,0,0,-0.6167,1.2333,-0.6111,1.2097,1.4122,0.0000,0.0000,0.0000,-0.6280,1.2178,3.0701,0.016,4240,0.0000,0.0000,0.0242,0,0,0.393
94.302,0,0,0,-0.6167,1.2333,-0.6107,1.2095,1.4185,0.0000,0.0000,0.0000,-0.6179,1.2219,-0.8355,0.024,4245,0.0000,0.0000,0.0246,0,0,0.397
94.405,0,0,0,-0.6167,1.2333,-0.6110,1.2098,1.4215,0.0000,0.0000,0.0000,-0.6279,1.2178,3.0696,0.015,4249,0.0000,0.0000,0.0242,0,0,0.391
94.501,0,0,0,-0.6167,1.2333,-0.6112,1.2102,1.3862,0.0000,0.0000,0.0000,-0.6040,1.2110,0.5933,0.010,4254,0.0000,0.0000,0.0238,0,0,0.344
94.604,0,0,0,-0.6167,1.2333,-0.6113,1.2102,1.4089,0.0000,0.0000,0.0000,-0.6280,1.2178,3.0693,0.018,4258,0.0000,0.0000,0.0238,0,0,0.401
94.701,0,0,0,-0.6167,1.2333,-0.6114,1.2105,1.3733,0.0000,0.0000,0.0000,-0.6179,1.2219,-0.8356,0.025,4263,0.0000,0.0000,0.0234,0,0,0.389
94.801,0,0,0,-0.6167,1.2333,-0.6118,1.2108,1.3776,0.0000,0.0000,0.0000,-0.6279,1.2178,3.0691,0.014,4267,0.0000,0.0000,0.0231,0,0,0.375
94.901,0,0,0,-0.6167,1.2333,-0.6116,1.2108,1.3655,0.0000,0.0000,0.0000,-0.6179,1.2219,-0.8355,0.025,4272,0.0000,0.0000,0.0231,0,0,0.335
95.001,0,0,0,-0.6167,1.2333,-0.6116,1.2107,1.3890,0.0000,0.0000,0.0000,-0.6279,1.2178,3.0700,0.013,4276,0.0000,0.0000,0.0231,0,0,0.377
95.103,0,0,0,-0.6167,1.2333,-0.6115,1.2108,1.3763,0.0000,0.0000,0.0000,-0.6179,1.2219,-0.8357,0.024,4281,0.0000,0.0000,0.0232,0,0,0.376
95.202,0,0,0,-0.6167,1.2333,-0.6114,1.2106,1.3890,0.0000,0.0000,0.0000,-0.6280,1.2178,3.0701,0.048,4284,0.0000,0.0000,0.0233,0,0,0.364
95.304,0,0,0,-0.6167,1.2333,-0.6111,1.2104,1.4099,0.0000,0.0000,0.0000,-0.6179,1.2219,-0.8354,0.016,4290,0.0000,0.0000,0.0236,0,0,0.383
95.401,0,0,0,-0.6167,1.2333,-0.6110,1.2103,1.4206,0.0000,0.0000,0.0000,-0.6279,1.2178,3.0695,0.003,4294,0.0000,0.0000,0.0237,0,0,0.397
95.505,0,0,0,-0.6167,1.2333,-0.6110,1.2103,1.4360,0.0000,0.0000,0.0000,-0.6048,1.2122,0.5082,0.037,4298,0.0000,0.0000,0.0237,0,0,0.390
95.601,0,0,0,-0.6167,1.2333,-0.6114,1.2107,1.4196,0.0000,0.0000,0.0000,-0.6279,1.2178,3.0705,0.015,4303,0.0000,0.0000,0.0232,0,0,0.386
95.701,0,0,0,-0.6167,1.2333,-0.6109,1.2104,1.4268,0.0000,0.0000,0.0000,-0.6179,1.2219,-0.8357,0.018,4308,0.0000,0.0000,0.0236,0,0,0.393
95.804,0,0,0,-0.6167,1.2333,-0.6113,1.2107,1.4289,0.0000,0.0000,0.0000,-0.6279,1.2178,3.0709,0.021,4312,0.0000,0.0000,0.0233,0,0,0.395
95.902,0,0,0,-0.6167,1.2333,-0.6113,1.2107,1.4192,0.0000,0.0000,0.0000,-0.6045,1.2121,0.5249,0.002,4317,0.0000,0.0000,0.0233,0,0,0.376
96.001,0,0,0,-0.6167,1.2333,-0.6115,1.2110,1.4159,0.0000,0.0000,0.0000,-0.6279,1.2178,3.0681,0.017,4321,0.0000,0.0000,0.0229,0,0,0.382
96.101,0,0,0,-0.6167,1.2333,-0.6114,1.2110,1.4008,0.0000,0.0000,0.0000,-0.6179,1.2219,-0.8359,0.025,4326,0.0000,0.0000,0.0230,0,0,0.391
96.203,0,0,0,-0.6167,1.2333,-0.6117,1.2113,1.4021,0.0000,0.0000,0.0000,-0.6279,1.2178,3.0696,0.019,4330,0.0000,0.0000,0.0226,0,0,0.385
96.304,0,0,0,-0.6167,1.2333,-0.6116,1.2112,1.3883,0.0000,0.0000,0.0000,-0.6179,1.2219,-0.8367,0.025,4335,0.0000,0.0000,0.0227,0,0,0.386
96.404,0,0,0,-0.6167,1.2333,-0.6116,1.2112,1.4131,0.0000,0.0000,0.0000,-0.6279,1.2178,3.0706,0.015,4339,0.0000,0.0000,0.0227,0,0,0.398
96.501,0,0,0,-0.6167,1.2333,-0.6111,1.2108,1.4183,0.0000,0.0000,0.0000,-0.6279,1.2178,3.0706,0.013,4344,0.0000,0.0000,0.0232,0,0,0.369
96.603,0,0,0,-0.6167,1.2333,-0.6115,1.2111,1.4206,0.0000,0.0000,0.0000,-0.6279,1.2178,3.0705,0.009,4348,0.0000,0.0000,0.0228,0,0,0.382
96.701,0,0,0,-0.6167,1.2333,-0.6110,1.2107,1.4447,0.0000,0.0000,0.0000,-0.6279,1.2178,3.0710,0.018,4352,0.0000,0.0000,0.0234,0,0,0.380
96.802,0,0,0,-0.6167,1.2333,-0.6112,1.2110,1.4148,0.0000,0.0000,0.0000,-0.6280,1.2177,3.0718,0.008,4357,0.0000,0.0000,0.0230,0,0,0.334
96.901,0,0,0,-0.6167,1.2333,-0.6113,1.2110,1.4131,0.0000,0.0000,0.0000,-0.6179,1.2219,-0.8360,0.018,4362,0.0000,0.0000,0.0229,0,0,0.385
97.005,0,0,0,-0.6167,1.2333,-0.6116,1.2113,1.4161,0.0000,0.0000,0.0000,-0.6042,1.2112,0.5749,0.003,4367,0.0000,0.0000,0.0226,0,0,0.385
97.103,0,0,0,-0.6167,1.2333,-0.6119,1.2116,1.3876,0.0000,0.0000,0.0000,-0.5751,1.1812,3.1492,0.003,4371,0.0000,0.0000,0.0223,0,0,0.386
97.202,0,0,0,-0.6167,1.2333,-0.6115,1.2112,1.4256,0.0000,0.0000,0.0000,-0.6279,1.2178,3.0704,0.015,4375,0.0000,0.0000,0.0227,0,0,0.375
97.302,0,0,0,-0.6167,1.2333,-0.6117,1.2115,1.3959,0.0000,0.0000,0.0000,-0.6042,1.2121,0.5238,0.009,4380,0.0000,0.0000,0.0224,0,0,0.391
97.403,0,0,0,-0.6167,1.2333,-0.6120,1.2118,1.3930,0.0000,0.0000,0.0000,-0.6279,1.2178,3.0686,0.013,4384,0.0000,0.0000,0.0221,0,0,0.382
97.504,0,0,0,-0.6167,1.2333,-0.6118,1.2117,1.3797,0.0000,0.0000,0.0000,-0.6179,1.2219,-0.8364,0.028,4389,0.0000,0.0000,0.0222,0,0,0.389
97.604,0,0,0,-0.6167,1.2333,-0.6121,1.2119,1.3835,0.0000,0.0000,0.0000,-0.6279,1.2178,3.0699,0.015,4393,0.0000,0.0000,0.0219,0,0,0.389
97.703,0,0,0,-0.6167,1.2333,-0.6120,1.2119,1.3720,0.0000,0.0000,0.0000,-0.6179,1.2219,-0.8363,0.027,4398,0.0000,0.0000,0.0220,0,0,0.383
97.802,0,0,0,-0.6167,1.2333,-0.6120,1.2118,1.3974,0.0000,0.0000,0.0000,-0.6279,1.2178,3.0707,0.015,4402,0.0000,0.0000,0.0220,0,0,0.381
97.901,0,0,0,-0.6167,1.2333,-0.6118,1.2117,1.3842,0.0000,0.0000,0.0000,-0.6179,1.2219,-0.8368,0.017,4407,0.0000,0.0000,0.0221,0,0,0.377
98.003,0,0,0,-0.6167,1.2333,-0.6120,1.2119,1.3735,0.0000,0.0000,0.0000,-0.6279,1.2178,3.0708,0.050,4410,0.0000,0.0000,0.0219,0,0,0.354
98.102,0,0,0,-0.6167,1.2333,-0.6119,1.2119,1.3730,0.0000,0.0000,0.0000,-0.6279,1.2178,3.0697,0.010,4416,0.0000,0.0000,0.0219,0,0,0.379
98.201,0,0,0,-0.6167,1.2333,-0.6123,1.2121,1.3759,0.0000,0.0000,0.0000,-0.6279,1.2178,3.0701,0.016,4420,0.0000,0.0000,0.0216,0,0,0.381
98.301,0,0,0,-0.6167,1.2333,-0.6120,1.2120,1.3808,0.0000,0.0000,0.0000,-0.5752,1.1809,3.1549,0.027,4424,0.0000,0.0000,0.0219,0,0,0.355
98.404,0,0,0,-0.6167,1.2333,-0.6124,1.2123,1.3671,0.0000,0.0000,0.0000,-0.6279,1.2178,3.0704,0.013,4429,0.0000,0.0000,0.0215,0,0,0.385
98.502,0,0,0,-0.6167,1.2333,-0.6126,1.2126,1.3380,0.0000,0.0000,0.0000,-0.5751,1.1815,3.1410,0.003,4434,0.0000,0.0000,0.0212,0,0,0.377
98.601,0,0,0,-0.6167,1.2333,-0.6122,1.2121,1.3781,0.0000,0.0000,0.0000,-0.6279,1.2178,3.0710,0.018,4438,0.0000,0.0000,0.0217,0,0,0.353
98.704,0,0,0,-0.6167,1.2333,-0.6121,1.2121,1.3703,0.0000,0.0000,0.0000,-0.6047,1.2124,0.5040,0.008,4443,0.0000,0.0000,0.0217,0,0,0.394
98.804,0,0,0,-0.6167,1.2333,-0.6123,1.2123,1.3663,0.0000,0.0000,0.0000,-0.6279,1.2178,3.0708,0.019,4447,0.0000,0.0000,0.0215,0,0,0.386
98.901,0,0,0,-0.6167,1.2333,-0.6122,1.2122,1.3525,0.0000,0.0000,0.0000,-0.6179,1.2219,-0.8362,0.022,4452,0.0000,0.0000,0.0216,0,0,0.396
99.002,0,0,0,-0.6167,1.2333,-0.6122,1.2122,1.3766,0.0000,0.0000,0.0000,-0.6279,1.2178,3.0706,0.011,4456,0.0000,0.0000,0.0217,0,0,0.377
99.101,0,0,0,-0.6167,1.2333,-0.6120,1.2121,1.3623,0.0000,0.0000,0.0000,-0.6179,1.2219,-0.8370,0.019,4461,0.0000,0.0000,0.0218,0,0,0.380
99.204,0,0,0,-0.6167,1.2333,-0.6121,1.2122,1.3529,0.0000,0.0000,0.0000,-0.6179,1.2219,-0.8363,0.056,4464,0.0000,0.0000,0.0216,0,0,0.383
99.301,0,0,0,-0.6167,1.2333,-0.6118,1.2119,1.3733,0.0000,0.0000,0.0000,-0.6179,1.2219,-0.8369,0.014,4470,0.0000,0.0000,0.0220,0,0,0.388
99.403,0,0,0,-0.6167,1.2333,-0.6116,1.2118,1.3854,0.0000,0.0000,0.0000,-0.6279,1.2178,3.0709,0.009,4474,0.0000,0.0000,0.0221,0,0,0.385
99.502,0,0,0,-0.6167,1.2333,-0.6116,1.2117,1.4015,0.0000,0.0000,0.0000,-0.6179,1.2219,-0.8368,0.004,4479,0.0000,0.0000,0.0222,0,0,0.385
99.604,0,0,0,-0.6167,1.2333,-0.6117,1.2117,1.4078,0.0000,0.0000,0.0000,-0.6279,1.2178,3.0698,0.022,4483,0.0000,0.0000,0.0222,0,0,0.358
99.701,0,0,0,-0.6167,1.2333,-0.6115,1.2117,1.3948,0.0000,0.0000,0.0000,-0.6179,1.2219,-0.8370,0.022,4488,0.0000,0.0000,0.0223,0,0,0.362
99.804,0,0,0,-0.6167,1.2333,-0.6119,1.2119,1.3997,0.0000,0.0000,0.0000,-0.6279,1.2178,3.0710,0.016,4492,0.0000,0.0000,0.0220,0,0,0.355
99.903,0,0,0,-0.6167,1.2333,-0.6117,1.2118,1.3855,0.0000,0.0000,0.0000,-0.5752,1.1814,3.1424,0.010,4497,0.0000,0.0000,0.0221,0,0,0.401
100.003,0,0,0,-0.6167,1.2333,-0.6120,1.2120,1.3888,0.0000,0.0000,0.0000,-0.6279,1.2178,3.0711,0.020,4501,0.0000,0.0000,0.0218,0,0,0.379
100.103,0,0,0,-0.6167,1.2333,-0.6122,1.2123,1.3536,0.0000,0.0000,0.0000,-0.6043,1.2112,0.5770,0.024,4506,0.0000,0.0000,0.0215,0,0,0.385
100.202,0,0,0,-0.6167,1.2333,-0.6125,1.2125,1.3584,0.0000,0.0000,0.0000,-0.6279,1.2178,3.0704,0.017,4510,0.0000,0.0000,0.0213,0,0,0.377
100.301,0,0,0,-0.6167,1.2333,-0.6123,1.2124,1.3461,0.0000,0.0000,0.0000,-0.6179,1.2219,-0.8377,0.025,4515,0.0000,0.0000,0.0214,0,0,0.375
100.401,0,0,0,-0.6167,1.2333,-0.6126,1.2126,1.3528,0.0000,0.0000,0.0000,-0.6279,1.2178,3.0701,0.017,4519,0.0000,0.0000,0.0211,0,0,0.392
100.502,0,0,0,-0.6167,1.2333,-0.6121,1.2122,1.3615,0.0000,0.0000,0.0000,-0.6179,1.2219,-0.8370,0.024,4524,0.0000,0.0000,0.0216,0,0,0.379
100.602,0,0,0,-0.6167,1.2333,-0.6121,1.2121,1.3864,0.0000,0.0000,0.0000,-0.6279,1.2178,3.0696,0.011,4528,0.0000,0.0000,0.0217,0,0,0.406
100.702,0,0,0,-0.6167,1.2333,-0.6119,1.2120,1.3735,0.0000,0.0000,0.0000,-0.6279,1.2178,3.0718,0.019,4533,0.0000,0.0000,0.0218,0,0,0.361
100.803,0,0,0,-0.6167,1.2333,-0.6118,1.2119,1.3846,0.0000,0.0000,0.0000,-0.6050,1.2115,0.5206,0.003,4537,0.0000,0.0000,0.0220,0,0,0.367
100.901,0,0,0,-0.6167,1.2333,-0.6121,1.2122,1.3628,0.0000,0.0000,0.0000,-0.6179,1.2219,-0.8373,0.019,4542,0.0000,0.0000,0.0216,0,0,0.395
101.003,0,0,0,-0.6167,1.2333,-0.6121,1.2121,1.3865,0.0000,0.0000,0.0000,-0.6279,1.2178,3.0697,0.019,4546,0.0000,0.0000,0.0217,0,0,0.391
101.102,0,0,0,-0.6167,1.2333,-0.6119,1.2121,1.3718,0.0000,0.0000,0.0000,-0.6179,1.2219,-0.8371,0.024,4551,0.0000,0.0000,0.0218,0,0,0.355
101.201,0,0,0,-0.6167,1.2333,-0.6123,1.2123,1.3741,0.0000,0.0000,0.0000,-0.6280,1.2178,3.0723,0.019,4555,0.0000,0.0000,0.0215,0,0,0.383
101.302,0,0,0,-0.6167,1.2333,-0.6121,1.2122,1.3595,0.0000,0.0000,0.0000,-0.6179,1.2219,-0.8374,0.018,4560,0.0000,0.0000,0.0216,0,0,0.356
101.401,0,0,0,-0.6167,1.2333,-0.6124,1.2124,1.3648,0.0000,0.0000,0.0000,-0.6279,1.2178,3.0700,0.013,4564,0.0000,0.0000,0.0214,0,0,0.387
101.501,0,0,0,-0.6167,1.2333,-0.6119,1.2120,1.3733,0.0000,0.0000,0.0000,-0.5750,1.1816,3.1423,0.021,4569,0.0000,0.0000,0.0219,0,0,0.394
101.602,0,0,0,-0.6167,1.2333,-0.6122,1.2122,1.3779,0.0000,0.0000,0.0000,-0.6279,1.2178,3.0713,0.017,4573,0.0000,0.0000,0.0216,0,0,0.389
101.701,0,0,0,-0.6167,1.2333,-0.6117,1.2119,1.3851,0.0000,0.0000,0.0000,-0.6179,1.2219,-0.8375,0.021,4578,0.0000,0.0000,0.0220,0,0,0.392
101.804,0,0,0,-0.6167,1.2333,-0.6120,1.2121,1.3892,0.0000,0.0000,0.0000,-0.6279,1.2178,3.0702,0.015,4582,0.0000,0.0000,0.0218,0,0,0.379
101.901,0,0,0,-0.6167,1.2333,-0.6122,1.2123,1.3549,0.0000,0.0000,0.0000,-0.6179,1.2219,-0.8375,0.021,4587,0.0000,0.0000,0.0215,0,0,0.377
102.001,0,0,0,-0.6167,1.2333,-0.6123,1.2125,1.3439,0.0000,0.0000,0.0000,-0.6279,1.2178,3.0710,0.052,4590,0.0000,0.0000,0.0213,0,0,0.371
102.102,0,0,0,-0.6167,1.2333,-0.6126,1.2128,1.3240,0.0000,0.0000,0.0000,-0.6279,1.2178,3.0709,0.018,4596,0.0000,0.0000,0.0210,0,0,0.326
102.202,0,0,0,-0.6167,1.2333,-0.6129,1.2130,1.3269,0.0000,0.0000,0.0000,-0.6279,1.2178,3.0710,0.009,4600,0.0000,0.0000,0.0207,0,0,0.387
102.304,0,0,0,-0.6167,1.2333,-0.6129,1.2131,1.3120,0.0000,0.0000,0.0000,-0.6179,1.2219,-0.8382,0.004,4605,0.0000,0.0000,0.0206,0,0,0.387
102.401,0,0,0,-0.6167,1.2333,-0.6133,1.2133,1.2996,0.0000,0.0000,0.0000,-0.6279,1.2178,3.0703,0.017,4609,0.0000,0.0000,0.0203,0,0,0.364
102.502,0,0,0,-0.6167,1.2333,-0.6130,1.2132,1.2889,0.0000,0.0000,0.0000,-0.6179,1.2219,-0.8383,0.026,4614,0.0000,0.0000,0.0204,0,0,0.369
102.601,0,0,0,-0.6167,1.2333,-0.6133,1.2134,1.2949,0.0000,0.0000,0.0000,-0.6280,1.2177,3.0733,0.018,4618,0.0000,0.0000,0.0202,0,0,0.389
102.703,0,0,0,-0.6167,1.2333,-0.6132,1.2133,1.2916,0.0000,0.0000,0.0000,-0.6179,1.2219,-0.8379,0.026,4622,0.0000,0.0000,0.0204,0,0,0.386
102.801,0,0,0,-0.6167,1.2333,-0.6127,1.2128,1.3351,0.0000,0.0000,0.0000,-0.6280,1.2178,3.0719,0.012,4627,0.0000,0.0000,0.0209,0,0,0.347
102.902,0,0,0,-0.6167,1.2333,-0.6122,1.2124,1.3443,0.0000,0.0000,0.0000,-0.6179,1.2219,-0.8382,0.024,4632,0.0000,0.0000,0.0214,0,0,0.378
103.003,0,0,0,-0.6167,1.2333,-0.6122,1.2122,1.3689,0.0000,0.0000,0.0000,-0.6279,1.2178,3.0706,0.020,4636,0.0000,0.0000,0.0216,0,0,0.347
103.101,0,0,0,-0.6167,1.2333,-0.6120,1.2122,1.3571,0.0000,0.0000,0.0000,-0.6179,1.2219,-0.8384,0.018,4641,0.0000,0.0000,0.0217,0,0,0.375
103.205,0,0,0,-0.6167,1.2333,-0.6124,1.2124,1.3604,0.0000,0.0000,0.0000,-0.6049,1.2113,0.5423,0.003,4646,0.0000,0.0000,0.0214,0,0,0.340
103.304,0,0,0,-0.6167,1.2333,-0.6122,1.2123,1.3475,0.0000,0.0000,0.0000,-0.6179,1.2219,-0.8385,0.024,4650,0.0000,0.0000,0.0215,0,0,0.365
103.403,0,0,0,-0.6167,1.2333,-0.6120,1.2121,1.3587,0.0000,0.0000,0.0000,-0.6279,1.2178,3.0717,0.008,4654,0.0000,0.0000,0.0217,0,0,0.389
103.504,0,0,0,-0.6167,1.2333,-0.6116,1.2117,1.3976,0.0000,0.0000,0.0000,-0.6179,1.2218,-0.8378,0.003,4659,0.0000,0.0000,0.0222,0,0,0.385
103.603,0,0,0,-0.6167,1.2333,-0.6120,1.2120,1.3817,0.0000,0.0000,0.0000,-0.6279,1.2178,3.0699,0.010,4663,0.0000,0.0000,0.0218,0,0,0.389
103.702,0,0,0,-0.6167,1.2333,-0.6119,1.2120,1.3676,0.0000,0.0000,0.0000,-0.6179,1.2218,-0.8382,0.019,4668,0.0000,0.0000,0.0219,0,0,0.381
103.802,0,0,0,-0.6167,1.2333,-0.6122,1.2122,1.3712,0.0000,0.0000,0.0000,-0.6279,1.2178,3.0716,0.019,4672,0.0000,0.0000,0.0216,0,0,0.396
103.902,0,0,0,-0.6167,1.2333,-0.6121,1.2122,1.3630,0.0000,0.0000,0.0000,-0.6044,1.2116,0.5413,0.003,4677,0.0000,0.0000,0.0217,0,0,0.386
104.001,0,0,0,-0.6167,1.2333,-0.6120,1.2120,1.3825,0.0000,0.0000,0.0000,-0.6279,1.2178,3.0716,0.018,4681,0.0000,0.0000,0.0218,0,0,0.355
104.103,0,0,0,-0.6167,1.2333,-0.6118,1.2120,1.3672,0.0000,0.0000,0.0000,-0.6045,1.2114,0.5520,0.020,4686,0.0000,0.0000,0.0219,0,0,0.377
104.202,0,0,0,-0.6167,1.2333,-0.6122,1.2122,1.3692,0.0000,0.0000,0.0000,-0.6279,1.2178,3.0713,0.018,4690,0.0000,0.0000,0.0216,0,0,0.395
104.302,0,0,0,-0.6167,1.2333,-0.6123,1.2124,1.3337,0.0000,0.0000,0.0000,-0.6179,1.2218,-0.8380,0.021,4695,0.0000,0.0000,0.0213,0,0,0.373
104.402,0,0,0,-0.6167,1.2333,-0.6123,1.2123,1.3591,0.0000,0.0000,0.0000,-0.6279,1.2178,3.0725,0.014,4699,0.0000,0.0000,0.0214,0,0,0.375
104.501,0,0,0,-0.6167,1.2333,-0.6124,1.2126,1.3240,0.0000,0.0000,0.0000,-0.6179,1.2218,-0.8381,0.024,4704,0.0000,0.0000,0.0212,0,0,0.383
104.603,0,0,0,-0.6167,1.2333,-0.6124,1.2125,1.3441,0.0000,0.0000,0.0000,-0.6279,1.2178,3.0713,0.014,4708,0.0000,0.0000,0.0213,0,0,0.382
104.702,0,0,0,-0.6167,1.2333,-0.6119,1.2121,1.3521,0.0000,0.0000,0.0000,-0.6179,1.2218,-0.8387,0.019,4713,0.0000,0.0000,0.0218,0,0,0.383
104.802,0,0,0,-0.6167,1.2333,-0.6121,1.2122,1.3413,0.0000,0.0000,0.0000,-0.6280,1.2178,3.0726,0.051,4716,0.0000,0.0000,0.0216,0,0,0.367
104.902,0,0,0,-0.6167,1.2333,-0.6118,1.2119,1.3621,0.0000,0.0000,0.0000,-0.6279,1.2178,3.0718,0.018,4722,0.0000,0.0000,0.0220,0,0,0.361
105.002,0,0,0,-0.6167,1.2333,-0.6118,1.2118,1.3867,0.0000,0.0000,0.0000,-0.6279,1.2178,3.0707,0.019,4726,0.0000,0.0000,0.0221,0,0,0.397
105.102,0,0,0,-0.6167,1.2333,-0.6112,1.2114,1.4103,0.0000,0.0000,0.0000,-0.5751,1.1818,3.1302,0.033,4730,0.0000,0.0000,0.0226,0,0,0.363
105.202,0,0,0,-0.6167,1.2333,-0.6114,1.2114,1.4166,0.0000,0.0000,0.0000,-0.6279,1.2178,3.0717,0.015,4735,0.0000,0.0000,0.0226,0,0,0.402
105.301,0,0,0,-0.6167,1.2333,-0.6109,1.2111,1.4213,0.0000,0.0000,0.0000,-0.5751,1.1818,3.1303,0.020,4740,0.0000,0.0000,0.0230,0,0,0.385
105.401,0,0,0,-0.6167,1.2333,-0.6110,1.2110,1.4462,0.0000,0.0000,0.0000,-0.6279,1.2178,3.0709,0.011,4744,0.0000,0.0000,0.0230,0,0,0.348
105.501,0,0,0,-0.6167,1.2333,-0.6112,1.2113,1.4170,0.0000,0.0000,0.0000,-0.6179,1.2218,-0.8395,0.021,4748,0.0000,0.0000,0.0227,0,0,0.387
105.601,0,0,0,-0.6167,1.2333,-0.6115,1.2116,1.4099,0.0000,0.0000,0.0000,-0.6279,1.2178,3.0719,0.013,4753,0.0000,0.0000,0.0224,0,0,0.378
105.701,0,0,0,-0.6167,1.2333,-0.6114,1.2115,1.3954,0.0000,0.0000,0.0000,-0.6179,1.2218,-0.8394,0.021,4758,0.0000,0.0000,0.0224,0,0,0.375
105.804,0,0,0,-0.6167,1.2333,-0.6117,1.2118,1.3999,0.0000,0.0000,0.0000,-0.6279,1.2178,3.0723,0.015,4762,0.0000,0.0000,0.0221,0,0,0.375
105.904,0,0,0,-0.6167,1.2333,-0.6116,1.2117,1.3868,0.0000,0.0000,0.0000,-0.6179,1.2218,-0.8392,0.028,4767,0.0000,0.0000,0.0222,0,0,0.348
106.005,0,0,0,-0.6167,1.2333,-0.6114,1.2116,1.3980,0.0000,0.0000,0.0000,-0.6179,1.2218,-0.8391,0.059,4770,0.0000,0.0000,0.0224,0,0,0.361
106.104,0,0,0,-0.6167,1.2333,-0.6112,1.2113,1.4175,0.0000,0.0000,0.0000,-0.6280,1.2178,3.0723,0.013,4776,0.0000,0.0000,0.0227,0,0,0.393
106.203,0,0,0,-0.6167,1.2333,-0.6113,1.2115,1.3989,0.0000,0.0000,0.0000,-0.6279,1.2178,3.0711,0.010,4780,0.0000,0.0000,0.0225,0,0,0.394
106.303,0,0,0,-0.6167,1.2333,-0.6113,1.2114,1.4161,0.0000,0.0000,0.0000,-0.6179,1.2218,-0.8392,0.005,4785,0.0000,0.0000,0.0226,0,0,0.393
106.404,0,0,0,-0.6167,1.2333,-0.6114,1.2114,1.4212,0.0000,0.0000,0.0000,-0.6279,1.2178,3.0716,0.021,4789,0.0000,0.0000,0.0225,0,0,0.378
106.504,0,0,0,-0.6167,1.2333,-0.6110,1.2111,1.4282,0.0000,0.0000,0.0000,-0.6179,1.2218,-0.8395,0.028,4794,0.0000,0.0000,0.0230,0,0,0.372
106.604,0,0,0,-0.6167,1.2333,-0.6110,1.2110,1.4538,0.0000,0.0000,0.0000,-0.6279,1.2178,3.0714,0.020,4798,0.0000,0.0000,0.0230,0,0,0.381
106.702,0,0,0,-0.6167,1.2333,-0.6113,1.2113,1.4240,0.0000,0.0000,0.0000,-0.5749,1.1820,3.1278,0.008,4803,0.0000,0.0000,0.0227,0,0,0.376
106.804,0,0,0,-0.6167,1.2333,-0.6112,1.2113,1.4394,0.0000,0.0000,0.0000,-0.6280,1.2178,3.0726,0.018,4807,0.0000,0.0000,0.0227,0,0,0.385
106.901,0,0,0,-0.6167,1.2333,-0.6111,1.2113,1.4222,0.0000,0.0000,0.0000,-0.6048,1.2121,0.5035,0.021,4812,0.0000,0.0000,0.0228,0,0,0.373
107.003,0,0,0,-0.6167,1.2333,-0.6115,1.2115,1.4245,0.0000,0.0000,0.0000,-0.6047,1.2121,0.5019,0.003,4817,0.0000,0.0000,0.0224,0,0,0.394
107.103,0,0,0,-0.6167,1.2333,-0.6116,1.2118,1.3883,0.0000,0.0000,0.0000,-0.6179,1.2218,-0.8397,0.025,4821,0.0000,0.0000,0.0221,0,0,0.367
107.205,0,0,0,-0.6167,1.2333,-0.6120,1.2120,1.3933,0.0000,0.0000,0.0000,-0.6048,1.2121,0.5042,0.007,4826,0.0000,0.0000,0.0218,0,0,0.379
107.304,0,0,0,-0.6167,1.2333,-0.6121,1.2123,1.3577,0.0000,0.0000,0.0000,-0.6179,1.2218,-0.8398,0.027,4830,0.0000,0.0000,0.0215,0,0,0.381
107.406,0,0,0,-0.6167,1.2333,-0.6124,1.2125,1.3625,0.0000,0.0000,0.0000,-0.6048,1.2121,0.5029,0.003,4835,0.0000,0.0000,0.0212,0,0,0.345
107.502,0,0,0,-0.6167,1.2333,-0.6126,1.2128,1.3278,0.0000,0.0000,0.0000,-0.6279,1.2178,3.0709,0.018,4839,0.0000,0.0000,0.0210,0,0,0.391
107.604,0,0,0,-0.6167,1.2333,-0.6129,1.2130,1.3335,0.0000,0.0000,0.0000,-0.6280,1.2178,3.0716,0.013,4843,0.0000,0.0000,0.0207,0,0,0.380
107.704,0,0,0,-0.6167,1.2333,-0.6123,1.2125,1.3392,0.0000,0.0000,0.0000,-0.6179,1.2218,-0.8401,0.017,4848,0.0000,0.0000,0.0212,0,0,0.382
107.801,0,0,0,-0.6167,1.2333,-0.6126,1.2127,1.3449,0.0000,0.0000,0.0000,-0.6280,1.2178,3.0715,0.017,4852,0.0000,0.0000,0.0210,0,0,0.384
107.901,0,0,0,-0.6167,1.2333,-0.6124,1.2126,1.3318,0.0000,0.0000,0.0000,-0.6179,1.2218,-0.8399,0.027,4857,0.0000,0.0000,0.0211,0,0,0.396
108.001,0,0,0,-0.6167,1.2333,-0.6124,1.2125,1.3589,0.0000,0.0000,0.0000,-0.6280,1.2178,3.0720,0.017,4861,0.0000,0.0000,0.0212,0,0,0.384
108.104,0,0,0,-0.6167,1.2333,-0.6119,1.2121,1.3662,0.0000,0.0000,0.0000,-0.5750,1.1819,3.1276,0.023,4866,0.0000,0.0000,0.0217,0,0,0.390
108.201,0,0,0,-0.6167,1.2333,-0.6122,1.2123,1.3704,0.0000,0.0000,0.0000,-0.6280,1.2178,3.0718,0.018,4870,0.0000,0.0000,0.0214,0,0,0.373
108.302,0,0,0,-0.6167,1.2333,-0.6117,1.2119,1.3774,0.0000,0.0000,0.0000,-0.5752,1.1809,3.1574,0.017,4875,0.0000,0.0000,0.0220,0,0,0.386
108.403,0,0,0,-0.6167,1.2333,-0.6118,1.2118,1.4018,0.0000,0.0000,0.0000,-0.5752,1.1809,3.1580,0.003,4880,0.0000,0.0000,0.0220,0,0,0.392
108.502,0,0,0,-0.6167,1.2333,-0.6113,1.2115,1.4082,0.0000,0.0000,0.0000,-0.6179,1.2218,-0.8402,0.028,4884,0.0000,0.0000,0.0225,0,0,0.384
108.604,0,0,0,-0.6167,1.2333,-0.6114,1.2114,1.4319,0.0000,0.0000,0.0000,-0.6280,1.2178,3.0717,0.018,4888,0.0000,0.0000,0.0226,0,0,0.389
108.703,0,0,0,-0.6167,1.2333,-0.6112,1.2114,1.4144,0.0000,0.0000,0.0000,-0.6179,1.2218,-0.8398,0.029,4893,0.0000,0.0000,0.0226,0,0,0.399
108.802,0,0,0,-0.6167,1.2333,-0.6114,1.2116,1.4022,0.0000,0.0000,0.0000,-0.5752,1.1810,3.1483,0.002,4897,0.0000,0.0000,0.0224,0,0,0.361
108.904,0,0,0,-0.6167,1.2333,-0.6114,1.2116,1.3996,0.0000,0.0000,0.0000,-0.6280,1.2178,3.0712,0.017,4902,0.0000,0.0000,0.0224,0,0,0.380
109.005,0,0,0,-0.6167,1.2333,-0.6118,1.2118,1.4027,0.0000,0.0000,0.0000,-0.5750,1.1817,3.1398,0.002,4907,0.0000,0.0000,0.0220,0,0,0.388
109.101,0,0,0,-0.6167,1.2333,-0.6116,1.2117,1.4045,0.0000,0.0000,0.0000,-0.6179,1.2218,-0.8401,0.002,4911,0.0000,0.0000,0.0222,0,0,0.374
109.204,0,0,0,-0.6167,1.2333,-0.6117,1.2117,1.4130,0.0000,0.0000,0.0000,-0.6042,1.2113,0.5695,0.006,4916,0.0000,0.0000,0.0222,0,0,0.382
109.304,0,0,0,-0.6167,1.2333,-0.6118,1.2120,1.3778,0.0000,0.0000,0.0000,-0.6179,1.2218,-0.8405,0.029,4920,0.0000,0.0000,0.0219,0,0,0.387
109.402,0,0,0,-0.6167,1.2333,-0.6121,1.2122,1.3817,0.0000,0.0000,0.0000,-0.6280,1.2178,3.0723,0.015,4924,0.0000,0.0000,0.0216,0,0,0.369
109.505,0,0,0,-0.6167,1.2333,-0.6123,1.2125,1.3534,0.0000,0.0000,0.0000,-0.6179,1.2218,-0.8405,0.032,4928,0.0000,0.0000,0.0213,0,0,0.384
109.603,0,0,0,-0.6167,1.2333,-0.6123,1.2123,1.3705,0.0000,0.0000,0.0000,-0.6280,1.2178,3.0718,0.019,4933,0.0000,0.0000,0.0214,0,0,0.381
109.701,0,0,0,-0.6167,1.2333,-0.6121,1.2123,1.3559,0.0000,0.0000,0.0000,-0.6179,1.2218,-0.8408,0.028,4938,0.0000,0.0000,0.0216,0,0,0.344
109.802,0,0,0,-0.6167,1.2333,-0.6121,1.2121,1.3814,0.0000,0.0000,0.0000,-0.6045,1.2122,0.5193,0.002,4943,0.0000,0.0000,0.0217,0,0,0.382
109.903,0,0,0,-0.6167,1.2333,-0.6122,1.2124,1.3463,0.0000,0.0000,0.0000,-0.6180,1.2218,-0.8394,0.024,4947,0.0000,0.0000,0.0214,0,0,0.352
110.004,0,0,0,-0.6167,1.2333,-0.6125,1.2126,1.3502,0.0000,0.0000,0.0000,-0.6046,1.2122,0.5203,0.003,4952,0.0000,0.0000,0.0211,0,0,0.392
110.104,0,0,0,-0.6167,1.2333,-0.6123,1.2125,1.3371,0.0000,0.0000,0.0000,-0.6280,1.2178,3.0714,0.017,4956,0.0000,0.0000,0.0213,0,0,0.359
110.204,0,0,0,-0.6167,1.2333,-0.6122,1.2123,1.3486,0.0000,0.0000,0.0000,-0.5753,1.1809,3.1546,0.003,4961,0.0000,0.0000,0.0215,0,0,0.369
110.302,0,0,0,-0.6167,1.2333,-0.6121,1.2122,1.3682,0.0000,0.0000,0.0000,-0.6280,1.2178,3.0718,0.018,4964,0.0000,0.0000,0.0216,0,0,0.375
110.404,0,0,0,-0.6167,1.2333,-0.6122,1.2122,1.3769,0.0000,0.0000,0.0000,-0.6045,1.2119,0.5271,0.002,4970,0.0000,0.0000,0.0216,0,0,0.357
110.501,0,0,0,-0.6167,1.2333,-0.6123,1.2125,1.3420,0.0000,0.0000,0.0000,-0.6179,1.2218,-0.8410,0.021,4974,0.0000,0.0000,0.0213,0,0,0.388
110.601,0,0,0,-0.6167,1.2333,-0.6126,1.2127,1.3481,0.0000,0.0000,0.0000,-0.6280,1.2178,3.0715,0.015,4978,0.0000,0.0000,0.0211,0,0,0.350
110.703,0,0,0,-0.6167,1.2333,-0.6128,1.2129,1.3217,0.0000,0.0000,0.0000,-0.5752,1.1811,3.1509,0.003,4983,0.0000,0.0000,0.0208,0,0,0.381
110.804,0,0,0,-0.6167,1.2333,-0.6124,1.2124,1.3640,0.0000,0.0000,0.0000,-0.6280,1.2178,3.0709,0.024,4987,0.0000,0.0000,0.0213,0,0,0.384
110.902,0,0,0,-0.6167,1.2333,-0.6122,1.2124,1.3512,0.0000,0.0000,0.0000,-0.6043,1.2113,0.5655,0.013,4992,0.0000,0.0000,0.0215,0,0,0.367
111.003,0,0,0,-0.6167,1.2333,-0.6125,1.2126,1.3574,0.0000,0.0000,0.0000,-0.6043,1.2113,0.5657,0.004,4997,0.0000,0.0000,0.0212,0,0,0.383
111.101,0,0,0,-0.6167,1.2333,-0.6123,1.2125,1.3465,0.0000,0.0000,0.0000,-0.6179,1.2218,-0.8411,0.023,5001,0.0000,0.0000,0.0213,0,0,0.376
111.204,0,0,0,-0.6167,1.2333,-0.6126,1.2127,1.3524,0.0000,0.0000,0.0000,-0.6048,1.2125,0.5019,0.003,5006,0.0000,0.0000,0.0211,0,0,0.386
111.305,0,0,0,-0.6167,1.2333,-0.6124,1.2126,1.3407,0.0000,0.0000,0.0000,-0.6179,1.2218,-0.8415,0.022,5010,0.0000,0.0000,0.0212,0,0,0.388
111.403,0,0,0,-0.6167,1.2333,-0.6124,1.2125,1.3656,0.0000,0.0000,0.0000,-0.6045,1.2123,0.5116,0.003,5015,0.0000,0.0000,0.0213,0,0,0.340
111.501,0,0,0,-0.6167,1.2333,-0.6122,1.2124,1.3514,0.0000,0.0000,0.0000,-0.6279,1.2178,3.0703,0.017,5019,0.0000,0.0000,0.0214,0,0,0.358
111.601,0,0,0,-0.6167,1.2333,-0.6123,1.2125,1.3432,0.0000,0.0000,0.0000,-0.6280,1.2178,3.0721,0.051,5022,0.0000,0.0000,0.0213,0,0,0.394
111.702,0,0,0,-0.6167,1.2333,-0.6123,1.2125,1.3452,0.0000,0.0000,0.0000,-0.6179,1.2218,-0.8413,0.023,5028,0.0000,0.0000,0.0213,0,0,0.368
111.803,0,0,0,-0.6167,1.2333,-0.6123,1.2124,1.3698,0.0000,0.0000,0.0000,-0.5751,1.1814,3.1460,0.003,5033,0.0000,0.0000,0.0214,0,0,0.385
111.904,0,0,0,-0.6167,1.2333,-0.6121,1.2122,1.3765,0.0000,0.0000,0.0000,-0.6044,1.2109,0.5678,0.038,5036,0.0000,0.0000,0.0216,0,0,0.390
112.001,0,0,0,-0.6167,1.2333,-0.6125,1.2125,1.3640,0.0000,0.0000,0.0000,-0.6279,1.2178,3.0713,0.016,5041,0.0000,0.0000,0.0213,0,0,0.364
112.103,0,0,0,-0.6167,1.2333,-0.6126,1.2127,1.3357,0.0000,0.0000,0.0000,-0.5751,1.1813,3.1460,0.009,5046,0.0000,0.0000,0.0210,0,0,0.384
112.201,0,0,0,-0.6167,1.2333,-0.6122,1.2123,1.3769,0.0000,0.0000,0.0000,-0.6280,1.2178,3.0725,0.020,5050,0.0000,0.0000,0.0215,0,0,0.389
112.305,0,0,0,-0.6167,1.2333,-0.6125,1.2125,1.3498,0.0000,0.0000,0.0000,-0.6045,1.2112,0.5535,0.004,5055,0.0000,0.0000,0.0212,0,0,0.389
112.401,0,0,0,-0.6167,1.2333,-0.6127,1.2127,1.3470,0.0000,0.0000,0.0000,-0.6279,1.2178,3.0715,0.017,5059,0.0000,0.0000,0.0210,0,0,0.375
112.503,0,0,0,-0.6167,1.2333,-0.6125,1.2126,1.3355,0.0000,0.0000,0.0000,-0.6179,1.2218,-0.8414,0.028,5064,0.0000,0.0000,0.0211,0,0,0.383
112.603,0,0,0,-0.6167,1.2333,-0.6128,1.2128,1.3433,0.0000,0.0000,0.0000,-0.6279,1.2178,3.0707,0.018,5068,0.0000,0.0000,0.0209,0,0,0.381
112.702,0,0,0,-0.6167,1.2333,-0.6126,1.2127,1.3304,0.0000,0.0000,0.0000,-0.6179,1.2218,-0.8415,0.026,5073,0.0000,0.0000,0.0210,0,0,0.361
112.803,0,0,0,-0.6167,1.2333,-0.6124,1.2125,1.3436,0.0000,0.0000,0.0000,-0.6179,1.2218,-0.8412,0.061,5076,0.0000,0.0000,0.0212,0,0,0.367
112.901,0,0,0,-0.6167,1.2333,-0.6124,1.2125,1.3419,0.0000,0.0000,0.0000,-0.6279,1.2178,3.0717,0.010,5082,0.0000,0.0000,0.0213,0,0,0.363
113.001,0,0,0,-0.6167,1.2333,-0.6122,1.2123,1.3551,0.0000,0.0000,0.0000,-0.6279,1.2178,3.0708,0.006,5086,0.0000,0.0000,0.0215,0,0,0.371
113.101,0,0,0,-0.6167,1.2333,-0.6118,1.2119,1.3946,0.0000,0.0000,0.0000,-0.6279,1.2178,3.0711,0.015,5090,0.0000,0.0000,0.0220,0,0,0.355
113.202,0,0,0,-0.6167,1.2333,-0.6119,1.2119,1.4027,0.0000,0.0000,0.0000,-0.6280,1.2178,3.0720,0.008,5095,0.0000,0.0000,0.0219,0,0,0.388
113.304,0,0,0,-0.6167,1.2333,-0.6120,1.2122,1.3673,0.0000,0.0000,0.0000,-0.6179,1.2218,-0.8420,0.025,5100,0.0000,0.0000,0.0217,0,0,0.394
113.403,0,0,0,-0.6167,1.2333,-0.6123,1.2124,1.3713,0.0000,0.0000,0.0000,-0.6280,1.2178,3.0715,0.016,5104,0.0000,0.0000,0.0214,0,0,0.378
113.501,0,0,0,-0.6167,1.2333,-0.6121,1.2123,1.3598,0.0000,0.0000,0.0000,-0.5750,1.1820,3.1389,0.003,5109,0.0000,0.0000,0.0215,0,0,0.365
113.603,0,0,0,-0.6167,1.2333,-0.6124,1.2125,1.3658,0.0000,0.0000,0.0000,-0.6279,1.2178,3.0712,0.017,5113,0.0000,0.0000,0.0212,0,0,0.390
113.702,0,0,0,-0.6167,1.2333,-0.6123,1.2124,1.3534,0.0000,0.0000,0.0000,-0.6049,1.2120,0.5081,0.022,5118,0.0000,0.0000,0.0214,0,0,0.389
113.802,0,0,0,-0.6167,1.2333,-0.6123,1.2123,1.3809,0.0000,0.0000,0.0000,-0.6279,1.2178,3.0721,0.016,5122,0.0000,0.0000,0.0215,0,0,0.390
113.901,0,0,0,-0.6167,1.2333,-0.6121,1.2122,1.3671,0.0000,0.0000,0.0000,-0.6179,1.2218,-0.8419,0.027,5127,0.0000,0.0000,0.0216,0,0,0.398
114.002,0,0,0,-0.6167,1.2333,-0.6124,1.2124,1.3735,0.0000,0.0000,0.0000,-0.5750,1.1814,3.1518,0.003,5132,0.0000,0.0000,0.0213,0,0,0.402
114.102,0,0,0,-0.6167,1.2333,-0.6122,1.2124,1.3613,0.0000,0.0000,0.0000,-0.6179,1.2218,-0.8423,0.030,5136,0.0000,0.0000,0.0214,0,0,0.382
114.201,0,0,0,-0.6167,1.2333,-0.6122,1.2123,1.3863,0.0000,0.0000,0.0000,-0.6279,1.2178,3.0723,0.010,5140,0.0000,0.0000,0.0215,0,0,0.333
114.301,0,0,0,-0.6167,1.2333,-0.6120,1.2122,1.3743,0.0000,0.0000,0.0000,-0.6179,1.2218,-0.8421,0.022,5145,0.0000,0.0000,0.0216,0,0,0.356
114.401,0,0,0,-0.6167,1.2333,-0.6122,1.2123,1.3651,0.0000,0.0000,0.0000,-0.5751,1.1816,3.1361,0.002,5149,0.0000,0.0000,0.0215,0,0,0.363
114.503,0,0,0,-0.6167,1.2333,-0.6119,1.2120,1.3877,0.0000,0.0000,0.0000,-0.6179,1.2218,-0.8423,0.024,5154,0.0000,0.0000,0.0219,0,0,0.366
114.606,0,0,0,-0.6167,1.2333,-0.6122,1.2122,1.3924,0.0000,0.0000,0.0000,-0.6279,1.2178,3.0720,0.022,5158,0.0000,0.0000,0.0216,0,0,0.381
114.704,0,0,0,-0.6167,1.2333,-0.6117,1.2119,1.4000,0.0000,0.0000,0.0000,-0.6179,1.2218,-0.8421,0.030,5163,0.0000,0.0000,0.0220,0,0,0.340
114.804,0,0,0,-0.6167,1.2333,-0.6120,1.2121,1.4040,0.0000,0.0000,0.0000,-0.6279,1.2178,3.0713,0.022,5167,0.0000,0.0000,0.0218,0,0,0.382
114.902,0,0,0,-0.6167,1.2333,-0.6115,1.2117,1.4112,0.0000,0.0000,0.0000,-0.5753,1.1812,3.1464,0.029,5172,0.0000,0.0000,0.0222,0,0,0.345
115.006,0,0,0,-0.6167,1.2333,-0.6119,1.2119,1.4141,0.0000,0.0000,0.0000,-0.6279,1.2178,3.0708,0.023,5176,0.0000,0.0000,0.0219,0,0,0.352
115.102,0,0,0,-0.6167,1.2333,-0.6117,1.2119,1.4009,0.0000,0.0000,0.0000,-0.6048,1.2122,0.5021,0.021,5181,0.0000,0.0000,0.0220,0,0,0.388
115.201,0,0,0,-0.6167,1.2333,-0.6117,1.2118,1.4246,0.0000,0.0000,0.0000,-0.6043,1.2115,0.5584,0.002,5186,0.0000,0.0000,0.0221,0,0,0.363
115.304,0,0,0,-0.6167,1.2333,-0.6116,1.2117,1.4091,0.0000,0.0000,0.0000,-0.6179,1.2218,-0.8427,0.025,5190,0.0000,0.0000,0.0222,0,0,0.393
115.402,0,0,0,-0.6167,1.2333,-0.6116,1.2116,1.4330,0.0000,0.0000,0.0000,-0.6279,1.2178,3.0718,0.019,5194,0.0000,0.0000,0.0223,0,0,0.386
115.502,0,0,0,-0.6167,1.2333,-0.6118,1.2119,1.3960,0.0000,0.0000,0.0000,-0.6179,1.2218,-0.8426,0.024,5199,0.0000,0.0000,0.0220,0,0,0.393
115.601,0,0,0,-0.6167,1.2333,-0.6116,1.2118,1.4065,0.0000,0.0000,0.0000,-0.6279,1.2178,3.0716,0.047,5202,0.0000,0.0000,0.0222,0,0,0.389
115.709,0,0,0,-0.6167,1.2333,-0.6119,1.2121,1.3844,0.0000,0.0000,0.0000,-0.6179,1.2218,-0.8426,0.036,5208,0.0000,0.0000,0.0218,0,0,0.385
115.801,0,0,0,-0.6167,1.2333,-0.6118,1.2119,1.3945,0.0000,0.0000,0.0000,-0.6045,1.2120,0.5165,0.002,5212,0.0000,0.0000,0.0220,0,0,0.384
115.906,0,0,0,-0.6167,1.2333,-0.6117,1.2118,1.4116,0.0000,0.0000,0.0000,-0.6179,1.2218,-0.8432,0.002,5217,0.0000,0.0000,0.0221,0,0,0.373
116.001,0,0,0,-0.6167,1.2333,-0.6121,1.2122,1.3971,0.0000,0.0000,0.0000,-0.6279,1.2178,3.0717,0.022,5221,0.0000,0.0000,0.0217,0,0,0.353
116.104,0,0,0,-0.6167,1.2333,-0.6119,1.2121,1.3828,0.0000,0.0000,0.0000,-0.6180,1.2218,-0.8426,0.029,5226,0.0000,0.0000,0.0218,0,0,0.394
116.202,0,0,0,-0.6167,1.2333,-0.6123,1.2123,1.3849,0.0000,0.0000,0.0000,-0.6279,1.2178,3.0716,0.021,5230,0.0000,0.0000,0.0215,0,0,0.361
116.304,0,0,0,-0.6167,1.2333,-0.6125,1.2125,1.3568,0.0000,0.0000,0.0000,-0.5750,1.1817,3.1356,0.003,5235,0.0000,0.0000,0.0212,0,0,0.351
116.403,0,0,0,-0.6167,1.2333,-0.6124,1.2124,1.3758,0.0000,0.0000,0.0000,-0.6279,1.2178,3.0717,0.013,5239,0.0000,0.0000,0.0213,0,0,0.379
116.502,0,0,0,-0.6167,1.2333,-0.6125,1.2127,1.3409,0.0000,0.0000,0.0000,-0.6179,1.2218,-0.8430,0.024,5244,0.0000,0.0000,0.0211,0,0,0.392
116.605,0,0,0,-0.6167,1.2333,-0.6128,1.2129,1.3461,0.0000,0.0000,0.0000,-0.6046,1.2116,0.5363,0.003,5249,0.0000,0.0000,0.0208,0,0,0.393
116.702,0,0,0,-0.6167,1.2333,-0.6129,1.2131,1.3141,0.0000,0.0000,0.0000,-0.6179,1.2217,-0.8430,0.024,5253,0.0000,0.0000,0.0206,0,0,0.389
116.802,0,0,0,-0.6167,1.2333,-0.6129,1.2129,1.3406,0.0000,0.0000,0.0000,-0.6279,1.2178,3.0707,0.021,5257,0.0000,0.0000,0.0208,0,0,0.381
116.904,0,0,0,-0.6167,1.2333,-0.6126,1.2128,1.3302,0.0000,0.0000,0.0000,-0.6179,1.2217,-0.8430,0.028,5262,0.0000,0.0000,0.0209,0,0,0.385
117.005,0,0,0,-0.6167,1.2333,-0.6129,1.2130,1.3362,0.0000,0.0000,0.0000,-0.6042,1.2111,0.5829,0.004,5267,0.0000,0.0000,0.0207,0,0,0.379
117.104,0,0,0,-0.6167,1.2333,-0.6130,1.2131,1.3228,0.0000,0.0000,0.0000,-0.6180,1.2217,-0.8428,0.003,5271,0.0000,0.0000,0.0206,0,0,0.358
117.204,0,0,0,-0.6167,1.2333,-0.6130,1.2130,1.3335,0.0000,0.0000,0.0000,-0.5751,1.1810,3.1523,0.003,5276,0.0000,0.0000,0.0206,0,0,0.385
117.303,0,0,0,-0.6167,1.2333,-0.6128,1.2129,1.3221,0.0000,0.0000,0.0000,-0.6179,1.2217,-0.8433,0.024,5280,0.0000,0.0000,0.0208,0,0,0.393
117.402,0,0,0,-0.6167,1.2333,-0.6131,1.2131,1.3197,0.0000,0.0000,0.0000,-0.6280,1.2178,3.0729,0.019,5284,0.0000,0.0000,0.0205,0,0,0.371
117.502,0,0,0,-0.6167,1.2333,-0.6129,1.2130,1.3108,0.0000,0.0000,0.0000,-0.6047,1.2123,0.5010,0.005,5289,0.0000,0.0000,0.0207,0,0,0.391
117.601,0,0,0,-0.6167,1.2333,-0.6131,1.2132,1.3166,0.0000,0.0000,0.0000,-0.6279,1.2178,3.0715,0.018,5293,0.0000,0.0000,0.0204,0,0,0.382
117.702,0,0,0,-0.6167,1.2333,-0.6132,1.2134,1.2822,0.0000,0.0000,0.0000,-0.6046,1.2122,0.4992,0.021,5298,0.0000,0.0000,0.0202,0,0,0.376
117.804,0,0,0,-0.6167,1.2333,-0.6132,1.2133,1.3087,0.0000,0.0000,0.0000,-0.5752,1.1809,3.1594,0.006,5303,0.0000,0.0000,0.0204,0,0,0.370
117.901,0,0,0,-0.6167,1.2333,-0.6126,1.2128,1.3178,0.0000,0.0000,0.0000,-0.6179,1.2217,-0.8433,0.023,5307,0.0000,0.0000,0.0209,0,0,0.369
118.008,0,0,0,-0.6167,1.2333,-0.6126,1.2127,1.3440,0.0000,0.0000,0.0000,-0.6280,1.2178,3.0730,0.025,5311,0.0000,0.0000,0.0211,0,0,0.397
118.103,0,0,0,-0.6167,1.2333,-0.6124,1.2126,1.3321,0.0000,0.0000,0.0000,-0.6180,1.2217,-0.8431,0.026,5316,0.0000,0.0000,0.0212,0,0,0.397
118.204,0,0,0,-0.6167,1.2333,-0.6124,1.2124,1.3586,0.0000,0.0000,0.0000,-0.6279,1.2178,3.0720,0.022,5320,0.0000,0.0000,0.0213,0,0,0.368
118.303,0,0,0,-0.6167,1.2333,-0.6122,1.2124,1.3471,0.0000,0.0000,0.0000,-0.6279,1.2178,3.0710,0.009,5325,0.0000,0.0000,0.0214,0,0,0.376
118.402,0,0,0,-0.6167,1.2333,-0.6124,1.2125,1.3386,0.0000,0.0000,0.0000,-0.6280,1.2178,3.0729,0.055,5328,0.0000,0.0000,0.0213,0,0,0.366
118.502,0,0,0,-0.6167,1.2333,-0.6120,1.2122,1.3634,0.0000,0.0000,0.0000,-0.6179,1.2217,-0.8435,0.026,5334,0.0000,0.0000,0.0217,0,0,0.379
118.602,0,0,0,-0.6167,1.2333,-0.6123,1.2124,1.3681,0.0000,0.0000,0.0000,-0.6279,1.2178,3.0717,0.023,5338,0.0000,0.0000,0.0214,0,0,0.398
118.702,0,0,0,-0.6167,1.2333,-0.6121,1.2122,1.3728,0.0000,0.0000,0.0000,-0.6038,1.2107,0.6085,0.035,5342,0.0000,0.0000,0.0216,0,0,0.388
118.804,0,0,0,-0.6167,1.2333,-0.6125,1.2125,1.3599,0.0000,0.0000,0.0000,-0.6279,1.2178,3.0725,0.026,5347,0.0000,0.0000,0.0213,0,0,0.389
118.902,0,0,0,-0.6167,1.2333,-0.6123,1.2124,1.3470,0.0000,0.0000,0.0000,-0.6047,1.2115,0.5371,0.022,5352,0.0000,0.0000,0.0214,0,0,0.400
119.004,0,0,0,-0.6167,1.2333,-0.6123,1.2123,1.3738,0.0000,0.0000,0.0000,-0.6280,1.2178,3.0735,0.024,5356,0.0000,0.0000,0.0215,0,0,0.387
119.106,0,0,0,-0.6167,1.2333,-0.6122,1.2122,1.3684,0.0000,0.0000,0.0000,-0.6180,1.2217,-0.8436,0.037,5360,0.0000,0.0000,0.0216,0,0,0.385
119.203,0,0,0,-0.6167,1.2333,-0.6121,1.2121,1.3860,0.0000,0.0000,0.0000,-0.6279,1.2178,3.0722,0.022,5365,0.0000,0.0000,0.0217,0,0,0.384
119.301,0,0,0,-0.6167,1.2333,-0.6122,1.2124,1.3506,0.0000,0.0000,0.0000,-0.6180,1.2217,-0.8436,0.025,5370,0.0000,0.0000,0.0214,0,0,0.392
119.401,0,0,0,-0.6167,1.2333,-0.6125,1.2126,1.3546,0.0000,0.0000,0.0000,-0.6279,1.2178,3.0724,0.019,5374,0.0000,0.0000,0.0212,0,0,0.380
119.501,0,0,0,-0.6167,1.2333,-0.6123,1.2125,1.3424,0.0000,0.0000,0.0000,-0.6180,1.2217,-0.8433,0.024,5379,0.0000,0.0000,0.0213,0,0,0.372
119.604,0,0,0,-0.6167,1.2333,-0.6121,1.2123,1.3540,0.0000,0.0000,0.0000,-0.5748,1.1819,3.1403,0.003,5383,0.0000,0.0000,0.0215,0,0,0.388
119.704,0,0,0,-0.6167,1.2333,-0.6118,1.2120,1.3762,0.0000,0.0000,0.0000,-0.6180,1.2217,-0.8440,0.021,5388,0.0000,0.0000,0.0219,0,0,0.382
119.804,0,0,0,-0.6167,1.2333,-0.6118,1.2119,1.4005,0.0000,0.0000,0.0000,-0.5748,1.1818,3.1392,0.003,5393,0.0000,0.0000,0.0220,0,0,0.381
119.901,0,0,0,-0.6167,1.2333,-0.6113,1.2114,1.4248,0.0000,0.0000,0.0000,-0.6280,1.2178,3.0727,0.027,5396,0.0000,0.0000,0.0226,0,0,0.388
120.001,0,0,0,-0.6167,1.2333,-0.6117,1.2118,1.4094,0.0000,0.0000,0.0000,-0.6279,1.2178,3.0720,0.019,5401,0.0000,0.0000,0.0221,0,0,0.390
120.101,0,0,0,-0.6167,1.2333,-0.6116,1.2117,1.3937,0.0000,0.0000,0.0000,-0.6180,1.2217,-0.8441,0.021,5406,0.0000,0.0000,0.0222,0,0,0.356
120.202,0,0,0,-0.6167,1.2333,-0.6119,1.2120,1.3992,0.0000,0.0000,0.0000,-0.6279,1.2178,3.0712,0.019,5410,0.0000,0.0000,0.0219,0,0,0.357
120.303,0,0,0,-0.6167,1.2333,-0.6118,1.2119,1.3922,0.0000,0.0000,0.0000,-0.5751,1.1812,3.1518,0.006,5415,0.0000,0.0000,0.0220,0,0,0.390
120.402,0,0,0,-0.6167,1.2333,-0.6118,1.2118,1.4098,0.0000,0.0000,0.0000,-0.6279,1.2178,3.0712,0.018,5419,0.0000,0.0000,0.0221,0,0,0.367
120.501,0,0,0,-0.6167,1.2333,-0.6119,1.2121,1.3754,0.0000,0.0000,0.0000,-0.6048,1.2113,0.5390,0.023,5424,0.0000,0.0000,0.0218,0,0,0.380
120.603,0,0,0,-0.6167,1.2333,-0.6119,1.2120,1.4001,0.0000,0.0000,0.0000,-0.6279,1.2178,3.0703,0.021,5428,0.0000,0.0000,0.0219,0,0,0.389
120.701,0,0,0,-0.6167,1.2333,-0.6115,1.2116,1.4061,0.0000,0.0000,0.0000,-0.6180,1.2217,-0.8442,0.025,5433,0.0000,0.0000,0.0223,0,0,0.393
120.803,0,0,0,-0.6167,1.2333,-0.6115,1.2115,1.4294,0.0000,0.0000,0.0000,-0.5750,1.1814,3.1414,0.003,5438,0.0000,0.0000,0.0224,0,0,0.388
120.901,0,0,0,-0.6167,1.2333,-0.6114,1.2115,1.4136,0.0000,0.0000,0.0000,-0.6179,1.2217,-0.8445,0.025,5442,0.0000,0.0000,0.0225,0,0,0.383
121.002,0,0,0,-0.6167,1.2333,-0.6114,1.2114,1.4383,0.0000,0.0000,0.0000,-0.6053,1.2118,0.4948,0.003,5447,0.0000,0.0000,0.0225,0,0,0.358
121.102,0,0,0,-0.6167,1.2333,-0.6113,1.2114,1.4226,0.0000,0.0000,0.0000,-0.6279,1.2178,3.0721,0.020,5451,0.0000,0.0000,0.0226,0,0,0.380
121.204,0,0,0,-0.6167,1.2333,-0.6111,1.2112,1.4328,0.0000,0.0000,0.0000,-0.6047,1.2121,0.5136,0.003,5455,0.0000,0.0000,0.0228,0,0,0.384
121.302,0,0,0,-0.6167,1.2333,-0.6114,1.2115,1.4263,0.0000,0.0000,0.0000,-0.6179,1.2217,-0.8449,0.006,5460,0.0000,0.0000,0.0224,0,0,0.348
121.402,0,0,0,-0.6167,1.2333,-0.6118,1.2119,1.4096,0.0000,0.0000,0.0000,-0.6279,1.2178,3.0723,0.018,5464,0.0000,0.0000,0.0220,0,0,0.373
121.502,0,0,0,-0.6167,1.2333,-0.6114,1.2115,1.4148,0.0000,0.0000,0.0000,-0.6180,1.2217,-0.8443,0.027,5469,0.0000,0.0000,0.0225,0,0,0.393
121.601,0,0,0,-0.6167,1.2333,-0.6117,1.2117,1.4179,0.0000,0.0000,0.0000,-0.6280,1.2178,3.0726,0.021,5473,0.0000,0.0000,0.0222,0,0,0.392
121.702,0,0,0,-0.6167,1.2333,-0.6119,1.2120,1.3819,0.0000,0.0000,0.0000,-0.6047,1.2117,0.5239,0.025,5478,0.0000,0.0000,0.0219,0,0,0.392
121.802,0,0,0,-0.6167,1.2333,-0.6122,1.2122,1.3858,0.0000,0.0000,0.0000,-0.6279,1.2178,3.0719,0.022,5482,0.0000,0.0000,0.0216,0,0,0.380
121.902,0,0,0,-0.6167,1.2333,-0.6120,1.2122,1.3715,0.0000,0.0000,0.0000,-0.6050,1.2118,0.4971,0.025,5487,0.0000,0.0000,0.0217,0,0,0.394
122.004,0,0,0,-0.6167,1.2333,-0.6120,1.2121,1.3968,0.0000,0.0000,0.0000,-0.5750,1.1814,3.1421,0.003,5492,0.0000,0.0000,0.0218,0,0,0.391
122.103,0,0,0,-0.6167,1.2333,-0.6115,1.2117,1.4041,0.0000,0.0000,0.0000,-0.6180,1.2217,-0.8446,0.028,5496,0.0000,0.0000,0.0222,0,0,0.391
122.201,0,0,0,-0.6167,1.2333,-0.6119,1.2119,1.4075,0.0000,0.0000,0.0000,-0.6280,1.2178,3.0732,0.023,5500,0.0000,0.0000,0.0219,0,0,0.374
122.302,0,0,0,-0.6167,1.2333,-0.6120,1.2122,1.3736,0.0000,0.0000,0.0000,-0.6180,1.2217,-0.8446,0.026,5505,0.0000,0.0000,0.0217,0,0,0.390
122.405,0,0,0,-0.6167,1.2333,-0.6122,1.2123,1.3639,0.0000,0.0000,0.0000,-0.5750,1.1814,3.1479,0.003,5509,0.0000,0.0000,0.0215,0,0,0.378
122.502,0,0,0,-0.6167,1.2333,-0.6122,1.2123,1.3653,0.0000,0.0000,0.0000,-0.6280,1.2178,3.0715,0.024,5514,0.0000,0.0000,0.0215,0,0,0.379
122.603,0,0,0,-0.6167,1.2333,-0.6125,1.2125,1.3685,0.0000,0.0000,0.0000,-0.6280,1.2178,3.0733,0.008,5518,0.0000,0.0000,0.0212,0,0,0.385
122.702,0,0,0,-0.6167,1.2333,-0.6119,1.2120,1.3947,0.0000,0.0000,0.0000,-0.5752,1.1810,3.1518,0.035,5522,0.0000,0.0000,0.0218,0,0,0.340
122.802,0,0,0,-0.6167,1.2333,-0.6123,1.2123,1.3798,0.0000,0.0000,0.0000,-0.6044,1.2112,0.5652,0.002,5528,0.0000,0.0000,0.0215,0,0,0.339
122.902,0,0,0,-0.6167,1.2333,-0.6124,1.2126,1.3435,0.0000,0.0000,0.0000,-0.6180,1.2217,-0.8447,0.028,5532,0.0000,0.0000,0.0212,0,0,0.389
123.003,0,0,0,-0.6167,1.2333,-0.6127,1.2128,1.3466,0.0000,0.0000,0.0000,-0.6280,1.2178,3.0723,0.023,5536,0.0000,0.0000,0.0210,0,0,0.383
123.104,0,0,0,-0.6167,1.2333,-0.6126,1.2127,1.3391,0.0000,0.0000,0.0000,-0.5750,1.1818,3.1364,0.003,5541,0.0000,0.0000,0.0211,0,0,0.383
123.202,0,0,0,-0.6167,1.2333,-0.6125,1.2126,1.3591,0.0000,0.0000,0.0000,-0.6279,1.2178,3.0712,0.020,5545,0.0000,0.0000,0.0212,0,0,0.395
123.301,0,0,0,-0.6167,1.2333,-0.6123,1.2125,1.3446,0.0000,0.0000,0.0000,-0.6180,1.2217,-0.8452,0.024,5550,0.0000,0.0000,0.0213,0,0,0.361
123.402,0,0,0,-0.6167,1.2333,-0.6126,1.2127,1.3478,0.0000,0.0000,0.0000,-0.6043,1.2112,0.5614,0.003,5555,0.0000,0.0000,0.0211,0,0,0.340
123.505,0,0,0,-0.6167,1.2333,-0.6127,1.2129,1.3145,0.0000,0.0000,0.0000,-0.6180,1.2217,-0.8451,0.034,5559,0.0000,0.0000,0.0208,0,0,0.391
123.603,0,0,0,-0.6167,1.2333,-0.6130,1.2131,1.3192,0.0000,0.0000,0.0000,-0.6044,1.2112,0.5636,0.003,5564,0.0000,0.0000,0.0206,0,0,0.382
123.701,0,0,0,-0.6167,1.2333,-0.6131,1.2133,1.2881,0.0000,0.0000,0.0000,-0.6180,1.2217,-0.8452,0.027,5568,0.0000,0.0000,0.0204,0,0,0.389
123.804,0,0,0,-0.6167,1.2333,-0.6134,1.2134,1.2945,0.0000,0.0000,0.0000,-0.5752,1.1813,3.1474,0.003,5573,0.0000,0.0000,0.0202,0,0,0.350
123.902,0,0,0,-0.6167,1.2333,-0.6128,1.2129,1.3250,0.0000,0.0000,0.0000,-0.6179,1.2217,-0.8458,0.003,5577,0.0000,0.0000,0.0208,0,0,0.395
124.004,0,0,0,-0.6167,1.2333,-0.6129,1.2131,1.2986,0.0000,0.0000,0.0000,-0.6041,1.2112,0.5754,0.006,5581,0.0000,0.0000,0.0206,0,0,0.389
124.102,0,0,0,-0.6167,1.2333,-0.6132,1.2133,1.2822,0.0000,0.0000,0.0000,-0.6180,1.2217,-0.8449,0.022,5586,0.0000,0.0000,0.0203,0,0,0.380
124.203,0,0,0,-0.6167,1.2333,-0.6131,1.2132,1.3122,0.0000,0.0000,0.0000,-0.6041,1.2122,0.5273,0.003,5591,0.0000,0.0000,0.0205,0,0,0.382
124.304,0,0,0,-0.6167,1.2333,-0.6133,1.2134,1.2867,0.0000,0.0000,0.0000,-0.6041,1.2122,0.5283,0.008,5595,0.0000,0.0000,0.0202,0,0,0.394
124.401,0,0,0,-0.6167,1.2333,-0.6135,1.2136,1.2869,0.0000,0.0000,0.0000,-0.6280,1.2178,3.0722,0.020,5599,0.0000,0.0000,0.0200,0,0,0.355
124.503,0,0,0,-0.6167,1.2333,-0.6132,1.2134,1.2758,0.0000,0.0000,0.0000,-0.6038,1.2113,0.5870,0.023,5604,0.0000,0.0000,0.0202,0,0,0.369
124.601,0,0,0,-0.6167,1.2333,-0.6135,1.2136,1.2828,0.0000,0.0000,0.0000,-0.6280,1.2178,3.0733,0.023,5608,0.0000,0.0000,0.0200,0,0,0.379
124.701,0,0,0,-0.6167,1.2333,-0.6132,1.2134,1.2729,0.0000,0.0000,0.0000,-0.6180,1.2217,-0.8449,0.031,5613,0.0000,0.0000,0.0202,0,0,0.382
124.804,0,0,0,-0.6167,1.2333,-0.6135,1.2136,1.2790,0.0000,0.0000,0.0000,-0.6044,1.2116,0.5432,0.003,5618,0.0000,0.0000,0.0200,0,0,0.398
124.902,0,0,0,-0.6167,1.2333,-0.6132,1.2134,1.2692,0.0000,0.0000,0.0000,-0.6180,1.2217,-0.8456,0.024,5622,0.0000,0.0000,0.0202,0,0,0.377
125.004,0,0,0,-0.6167,1.2333,-0.6132,1.2133,1.2962,0.0000,0.0000,0.0000,-0.5751,1.1816,3.1353,0.003,5627,0.0000,0.0000,0.0203,0,0,0.394
125.101,0,0,0,-0.6167,1.2333,-0.6127,1.2128,1.3061,0.0000,0.0000,0.0000,-0.6280,1.2178,3.0737,0.020,5631,0.0000,0.0000,0.0209,0,0,0.378
125.203,0,0,0,-0.6167,1.2333,-0.6125,1.2127,1.3178,0.0000,0.0000,0.0000,-0.6046,1.2121,0.5240,0.003,5635,0.0000,0.0000,0.0211,0,0,0.339
125.304,0,0,0,-0.6167,1.2333,-0.6125,1.2126,1.3228,0.0000,0.0000,0.0000,-0.6180,1.2217,-0.8457,0.023,5640,0.0000,0.0000,0.0211,0,0,0.383
125.403,0,0,0,-0.6167,1.2333,-0.6128,1.2128,1.3207,0.0000,0.0000,0.0000,-0.6044,1.2122,0.5289,0.003,5645,0.0000,0.0000,0.0209,0,0,0.386
125.504,0,0,0,-0.6167,1.2333,-0.6128,1.2129,1.3060,0.0000,0.0000,0.0000,-0.6045,1.2122,0.5294,0.040,5648,0.0000,0.0000,0.0207,0,0,0.389
125.602,0,0,0,-0.6167,1.2333,-0.6131,1.2132,1.2937,0.0000,0.0000,0.0000,-0.6280,1.2178,3.0734,0.024,5653,0.0000,0.0000,0.0204,0,0,0.390
125.703,0,0,0,-0.6167,1.2333,-0.6126,1.2128,1.3033,0.0000,0.0000,0.0000,-0.5751,1.1816,3.1369,0.027,5658,0.0000,0.0000,0.0209,0,0,0.383
125.802,0,0,0,-0.6167,1.2333,-0.6129,1.2130,1.3104,0.0000,0.0000,0.0000,-0.6280,1.2178,3.0731,0.022,5662,0.0000,0.0000,0.0207,0,0,0.362
125.903,0,0,0,-0.6167,1.2333,-0.6124,1.2125,1.3210,0.0000,0.0000,0.0000,-0.5751,1.1814,3.1499,0.016,5667,0.0000,0.0000,0.0212,0,0,0.352
126.004,0,0,0,-0.6167,1.2333,-0.6124,1.2124,1.3478,0.0000,0.0000,0.0000,-0.6041,1.2112,0.5754,0.007,5672,0.0000,0.0000,0.0214,0,0,0.355
126.104,0,0,0,-0.6167,1.2333,-0.6122,1.2123,1.3355,0.0000,0.0000,0.0000,-0.6180,1.2217,-0.8457,0.026,5676,0.0000,0.0000,0.0215,0,0,0.378
126.202,0,0,0,-0.6167,1.2333,-0.6125,1.2125,1.3384,0.0000,0.0000,0.0000,-0.6047,1.2124,0.5035,0.003,5681,0.0000,0.0000,0.0212,0,0,0.337
126.303,0,0,0,-0.6167,1.2333,-0.6126,1.2128,1.3051,0.0000,0.0000,0.0000,-0.6180,1.2217,-0.8462,0.024,5685,0.0000,0.0000,0.0209,0,0,0.353
126.403,0,0,0,-0.6167,1.2333,-0.6124,1.2126,1.3167,0.0000,0.0000,0.0000,-0.6047,1.2121,0.5032,0.003,5689,0.0000,0.0000,0.0212,0,0,0.375
126.502,0,0,0,-0.6167,1.2333,-0.6124,1.2126,1.3205,0.0000,0.0000,0.0000,-0.6280,1.2178,3.0727,0.021,5694,0.0000,0.0000,0.0212,0,0,0.378
126.601,0,0,0,-0.6167,1.2333,-0.6124,1.2124,1.3478,0.0000,0.0000,0.0000,-0.6280,1.2178,3.0732,0.014,5698,0.0000,0.0000,0.0213,0,0,0.358
126.704,0,0,0,-0.6167,1.2333,-0.6121,1.2123,1.3550,0.0000,0.0000,0.0000,-0.6180,1.2217,-0.8463,0.006,5703,0.0000,0.0000,0.0215,0,0,0.397
126.808,0,0,0,-0.6167,1.2333,-0.6124,1.2125,1.3282,0.0000,0.0000,0.0000,-0.6280,1.2178,3.0731,0.008,5707,0.0000,0.0000,0.0213,0,0,0.345
126.908,0,0,0,-0.6167,1.2333,-0.6127,1.2127,1.3338,0.0000,0.0000,0.0000,-0.5752,1.1812,3.1457,0.007,5711,0.0000,0.0000,0.0210,0,0,0.333
127.006,0,0,0,-0.6167,1.2333,-0.6123,1.2124,1.3478,0.0000,0.0000,0.0000,-0.6280,1.2178,3.0732,0.018,5716,0.0000,0.0000,0.0214,0,0,0.351
127.101,0,0,0,-0.6167,1.2333,-0.6118,1.2120,1.3577,0.0000,0.0000,0.0000,-0.5752,1.1813,3.1453,0.009,5721,0.0000,0.0000,0.0219,0,0,0.389
127.202,0,0,0,-0.6167,1.2333,-0.6121,1.2122,1.3635,0.0000,0.0000,0.0000,-0.6280,1.2178,3.0730,0.022,5725,0.0000,0.0000,0.0216,0,0,0.378
127.302,0,0,0,-0.6167,1.2333,-0.6120,1.2121,1.3515,0.0000,0.0000,0.0000,-0.5750,1.1816,3.1429,0.023,5730,0.0000,0.0000,0.0217,0,0,0.375
127.404,0,0,0,-0.6167,1.2333,-0.6123,1.2123,1.3576,0.0000,0.0000,0.0000,-0.6041,1.2115,0.5672,0.004,5735,0.0000,0.0000,0.0215,0,0,0.396
127.503,0,0,0,-0.6167,1.2333,-0.6124,1.2126,1.3243,0.0000,0.0000,0.0000,-0.6180,1.2217,-0.8462,0.029,5739,0.0000,0.0000,0.0212,0,0,0.379
127.602,0,0,0,-0.6167,1.2333,-0.6127,1.2127,1.3331,0.0000,0.0000,0.0000,-0.6280,1.2178,3.0737,0.018,5743,0.0000,0.0000,0.0210,0,0,0.404
127.703,0,0,0,-0.6167,1.2333,-0.6125,1.2127,1.3231,0.0000,0.0000,0.0000,-0.6180,1.2217,-0.8465,0.032,5748,0.0000,0.0000,0.0211,0,0,0.382
127.803,0,0,0,-0.6167,1.2333,-0.6128,1.2129,1.3280,0.0000,0.0000,0.0000,-0.5750,1.1819,3.1317,0.003,5753,0.0000,0.0000,0.0208,0,0,0.389
127.903,0,0,0,-0.6167,1.2333,-0.6123,1.2125,1.3366,0.0000,0.0000,0.0000,-0.6180,1.2217,-0.8463,0.023,5757,0.0000,0.0000,0.0213,0,0,0.379
128.005,0,0,0,-0.6167,1.2333,-0.6124,1.2126,1.3261,0.0000,0.0000,0.0000,-0.6046,1.2123,0.5057,0.008,5761,0.0000,0.0000,0.0212,0,0,0.400
128.104,0,0,0,-0.6167,1.2333,-0.6127,1.2129,1.3053,0.0000,0.0000,0.0000,-0.6180,1.2217,-0.8461,0.027,5766,0.0000,0.0000,0.0208,0,0,0.388
128.204,0,0,0,-0.6167,1.2333,-0.6130,1.2131,1.3106,0.0000,0.0000,0.0000,-0.5749,1.1819,3.1343,0.007,5771,0.0000,0.0000,0.0206,0,0,0.384
128.304,0,0,0,-0.6167,1.2333,-0.6125,1.2127,1.3195,0.0000,0.0000,0.0000,-0.6180,1.2217,-0.8460,0.031,5775,0.0000,0.0000,0.0211,0,0,0.373
128.401,0,0,0,-0.6167,1.2333,-0.6128,1.2129,1.3243,0.0000,0.0000,0.0000,-0.6280,1.2178,3.0733,0.021,5779,0.0000,0.0000,0.0208,0,0,0.398
128.503,0,0,0,-0.6167,1.2333,-0.6126,1.2128,1.3111,0.0000,0.0000,0.0000,-0.6047,1.2125,0.4954,0.027,5784,0.0000,0.0000,0.0210,0,0,0.399
128.603,0,0,0,-0.6167,1.2333,-0.6126,1.2126,1.3375,0.0000,0.0000,0.0000,-0.6280,1.2178,3.0735,0.024,5788,0.0000,0.0000,0.0211,0,0,0.368
128.704,0,0,0,-0.6167,1.2333,-0.6120,1.2122,1.3480,0.0000,0.0000,0.0000,-0.5751,1.1812,3.1540,0.026,5793,0.0000,0.0000,0.0216,0,0,0.366
128.802,0,0,0,-0.6167,1.2333,-0.6124,1.2124,1.3538,0.0000,0.0000,0.0000,-0.6280,1.2178,3.0722,0.022,5797,0.0000,0.0000,0.0213,0,0,0.350
128.904,0,0,0,-0.6167,1.2333,-0.6122,1.2124,1.3411,0.0000,0.0000,0.0000,-0.6180,1.2217,-0.8465,0.031,5802,0.0000,0.0000,0.0214,0,0,0.359
129.001,0,0,0,-0.6167,1.2333,-0.6122,1.2122,1.3671,0.0000,0.0000,0.0000,-0.6280,1.2178,3.0741,0.021,5806,0.0000,0.0000,0.0216,0,0,0.396
129.104,0,0,0,-0.6167,1.2333,-0.6117,1.2119,1.3753,0.0000,0.0000,0.0000,-0.6180,1.2217,-0.8469,0.031,5811,0.0000,0.0000,0.0220,0,0,0.384
129.201,0,0,0,-0.6167,1.2333,-0.6116,1.2117,1.3859,0.0000,0.0000,0.0000,-0.6180,1.2217,-0.8467,0.057,5814,0.0000,0.0000,0.0222,0,0,0.368
129.301,0,0,0,-0.6167,1.2333,-0.6116,1.2117,1.3867,0.0000,0.0000,0.0000,-0.6180,1.2217,-0.8468,0.026,5820,0.0000,0.0000,0.0222,0,0,0.395
129.405,0,0,0,-0.6167,1.2333,-0.6117,1.2119,1.3782,0.0000,0.0000,0.0000,-0.6044,1.2115,0.5522,0.003,5824,0.0000,0.0000,0.0220,0,0,0.376
129.514,0,0,0,-0.6167,1.2333,-0.6121,1.2121,1.3832,0.0000,0.0000,0.0000,-0.5752,1.1810,3.1522,0.010,5828,0.0000,0.0000,0.0217,0,0,0.391
129.629,0,0,0,-0.6167,1.2333,-0.6119,1.2118,1.4127,0.0000,0.0000,0.0000,-0.5752,1.1810,3.1523,0.009,5831,0.0000,0.0000,0.0220,0,0,0.353
129.701,0,0,0,-0.6167,1.2333,-0.6115,1.2116,1.4098,0.0000,0.0000,0.0000,-0.6180,1.2217,-0.8473,0.003,5838,0.0000,0.0000,0.0223,0,0,0.391
129.801,0,0,0,-0.6167,1.2333,-0.6116,1.2117,1.4147,0.0000,0.0000,0.0000,-0.6280,1.2178,3.0732,0.024,5842,0.0000,0.0000,0.0222,0,0,0.377
129.901,0,0,0,-0.6167,1.2333,-0.6119,1.2119,1.3853,0.0000,0.0000,0.0000,-0.6046,1.2123,0.5113,0.006,5847,0.0000,0.0000,0.0219,0,0,0.390
130.002,0,0,0,-0.6167,1.2333,-0.6121,1.2122,1.3812,0.0000,0.0000,0.0000,-0.6280,1.2178,3.0729,0.023,5851,0.0000,0.0000,0.0216,0,0,0.385
130.104,0,0,0,-0.6167,1.2333,-0.6119,1.2121,1.3667,0.0000,0.0000,0.0000,-0.6180,1.2217,-0.8472,0.032,5856,0.0000,0.0000,0.0217,0,0,0.350
130.205,0,0,0,-0.6167,1.2333,-0.6120,1.2120,1.3905,0.0000,0.0000,0.0000,-0.6042,1.2117,0.5545,0.008,5861,0.0000,0.0000,0.0218,0,0,0.377
130.301,0,0,0,-0.6167,1.2333,-0.6121,1.2123,1.3552,0.0000,0.0000,0.0000,-0.6180,1.2217,-0.8473,0.029,5865,0.0000,0.0000,0.0216,0,0,0.404
130.405,0,0,0,-0.6167,1.2333,-0.6124,1.2125,1.3603,0.0000,0.0000,0.0000,-0.6180,1.2217,-0.8473,0.002,5871,0.0000,0.0000,0.0213,0,0,0.389
130.504,0,0,0,-0.6167,1.2333,-0.6125,1.2127,1.3272,0.0000,0.0000,0.0000,-0.6180,1.2217,-0.8473,0.033,5874,0.0000,0.0000,0.0210,0,0,0.391
130.602,0,0,0,-0.6167,1.2333,-0.6125,1.2126,1.3531,0.0000,0.0000,0.0000,-0.6053,1.2123,0.4851,0.002,5879,0.0000,0.0000,0.0212,0,0,0.367
130.703,0,0,0,-0.6167,1.2333,-0.6126,1.2127,1.3374,0.0000,0.0000,0.0000,-0.6180,1.2217,-0.8474,0.005,5883,0.0000,0.0000,0.0210,0,0,0.384
130.804,0,0,0,-0.6167,1.2333,-0.6126,1.2127,1.3471,0.0000,0.0000,0.0000,-0.5751,1.1812,3.1472,0.006,5888,0.0000,0.0000,0.0210,0,0,0.383
130.902,0,0,0,-0.6167,1.2333,-0.6124,1.2126,1.3336,0.0000,0.0000,0.0000,-0.6180,1.2217,-0.8478,0.027,5892,0.0000,0.0000,0.0212,0,0,0.397
131.002,0,0,0,-0.6167,1.2333,-0.6124,1.2125,1.3601,0.0000,0.0000,0.0000,-0.5751,1.1815,3.1413,0.003,5897,0.0000,0.0000,0.0213,0,0,0.344
131.102,0,0,0,-0.6167,1.2333,-0.6123,1.2124,1.3549,0.0000,0.0000,0.0000,-0.5751,1.1815,3.1420,0.009,5901,0.0000,0.0000,0.0214,0,0,0.389
131.204,0,0,0,-0.6167,1.2333,-0.6122,1.2123,1.3723,0.0000,0.0000,0.0000,-0.6180,1.2217,-0.8474,0.003,5906,0.0000,0.0000,0.0215,0,0,0.355
131.301,0,0,0,-0.6167,1.2333,-0.6121,1.2122,1.3589,0.0000,0.0000,0.0000,-0.6053,1.2115,0.5071,0.023,5910,0.0000,0.0000,0.0216,0,0,0.365
131.403,0,0,0,-0.6167,1.2333,-0.6124,1.2124,1.3639,0.0000,0.0000,0.0000,-0.6053,1.2115,0.5066,0.003,5915,0.0000,0.0000,0.0213,0,0,0.373
131.504,0,0,0,-0.6167,1.2333,-0.6125,1.2127,1.3307,0.0000,0.0000,0.0000,-0.6180,1.2217,-0.8473,0.031,5919,0.0000,0.0000,0.0211,0,0,0.400
131.605,0,0,0,-0.6167,1.2333,-0.6128,1.2128,1.3371,0.0000,0.0000,0.0000,-0.6053,1.2115,0.5066,0.003,5924,0.0000,0.0000,0.0208,0,0,0.399
131.702,0,0,0,-0.6167,1.2333,-0.6129,1.2131,1.3063,0.0000,0.0000,0.0000,-0.6180,1.2217,-0.8480,0.032,5928,0.0000,0.0000,0.0206,0,0,0.378
131.802,0,0,0,-0.6167,1.2333,-0.6132,1.2132,1.3115,0.0000,0.0000,0.0000,-0.6053,1.2115,0.5084,0.002,5933,0.0000,0.0000,0.0204,0,0,0.391
131.904,0,0,0,-0.6167,1.2333,-0.6130,1.2131,1.3019,0.0000,0.0000,0.0000,-0.6280,1.2178,3.0728,0.024,5937,0.0000,0.0000,0.0206,0,0,0.368
132.004,0,0,0,-0.6167,1.2333,-0.6131,1.2132,1.2945,0.0000,0.0000,0.0000,-0.6043,1.2118,0.5444,0.003,5941,0.0000,0.0000,0.0204,0,0,0.381
132.101,0,0,0,-0.6167,1.2333,-0.6130,1.2131,1.2986,0.0000,0.0000,0.0000,-0.6180,1.2217,-0.8477,0.029,5946,0.0000,0.0000,0.0205,0,0,0.374
132.203,0,0,0,-0.6167,1.2333,-0.6133,1.2133,1.3047,0.0000,0.0000,0.0000,-0.6044,1.2115,0.5564,0.007,5951,0.0000,0.0000,0.0203,0,0,0.385
132.305,0,0,0,-0.6167,1.2333,-0.6133,1.2134,1.2914,0.0000,0.0000,0.0000,-0.6044,1.2115,0.5557,0.040,5954,0.0000,0.0000,0.0202,0,0,0.392
132.404,0,0,0,-0.6167,1.2333,-0.6133,1.2133,1.3018,0.0000,0.0000,0.0000,-0.6280,1.2178,3.0732,0.026,5959,0.0000,0.0000,0.0203,0,0,0.343
132.504,0,0,0,-0.6167,1.2333,-0.6128,1.2129,1.3130,0.0000,0.0000,0.0000,-0.5752,1.1811,3.1487,0.030,5964,0.0000,0.0000,0.0208,0,0,0.388
132.604,0,0,0,-0.6167,1.2333,-0.6128,1.2127,1.3420,0.0000,0.0000,0.0000,-0.6280,1.2178,3.0740,0.025,5968,0.0000,0.0000,0.0210,0,0,0.386
132.704,0,0,0,-0.6167,1.2333,-0.6130,1.2130,1.3160,0.0000,0.0000,0.0000,-0.6043,1.2111,0.5668,0.008,5973,0.0000,0.0000,0.0207,0,0,0.378
132.803,0,0,0,-0.6167,1.2333,-0.6128,1.2128,1.3385,0.0000,0.0000,0.0000,-0.5750,1.1813,3.1537,0.003,5978,0.0000,0.0000,0.0209,0,0,0.379
132.903,0,0,0,-0.6167,1.2333,-0.6126,1.2127,1.3257,0.0000,0.0000,0.0000,-0.6180,1.2216,-0.8480,0.030,5982,0.0000,0.0000,0.0210,0,0,0.392
133.004,0,0,0,-0.6167,1.2333,-0.6126,1.2126,1.3517,0.0000,0.0000,0.0000,-0.6046,1.2117,0.5285,0.006,5987,0.0000,0.0000,0.0211,0,0,0.344
133.102,0,0,0,-0.6167,1.2333,-0.6127,1.2128,1.3194,0.0000,0.0000,0.0000,-0.6180,1.2216,-0.8475,0.027,5991,0.0000,0.0000,0.0209,0,0,0.356
133.202,0,0,0,-0.6167,1.2333,-0.6125,1.2126,1.3309,0.0000,0.0000,0.0000,-0.6047,1.2115,0.5372,0.003,5995,0.0000,0.0000,0.0211,0,0,0.396
133.303,0,0,0,-0.6167,1.2333,-0.6125,1.2126,1.3344,0.0000,0.0000,0.0000,-0.6180,1.2216,-0.8482,0.027,6000,0.0000,0.0000,0.0212,0,0,0.345
133.401,0,0,0,-0.6167,1.2333,-0.6123,1.2124,1.3448,0.0000,0.0000,0.0000,-0.6280,1.2178,3.0731,0.005,6004,0.0000,0.0000,0.0214,0,0,0.368
133.502,0,0,0,-0.6167,1.2333,-0.6122,1.2123,1.3654,0.0000,0.0000,0.0000,-0.6180,1.2216,-0.8483,0.005,6009,0.0000,0.0000,0.0215,0,0,0.381
133.601,0,0,0,-0.6167,1.2333,-0.6126,1.2126,1.3527,0.0000,0.0000,0.0000,-0.6041,1.2119,0.5524,0.003,6014,0.0000,0.0000,0.0211,0,0,0.376
133.701,0,0,0,-0.6167,1.2333,-0.6127,1.2128,1.3207,0.0000,0.0000,0.0000,-0.6180,1.2216,-0.8479,0.031,6018,0.0000,0.0000,0.0209,0,0,0.384
133.801,0,0,0,-0.6167,1.2333,-0.6130,1.2130,1.3275,0.0000,0.0000,0.0000,-0.6180,1.2216,-0.8480,0.002,6023,0.0000,0.0000,0.0207,0,0,0.384
133.901,0,0,0,-0.6167,1.2333,-0.6131,1.2132,1.2963,0.0000,0.0000,0.0000,-0.6041,1.2119,0.5526,0.010,6027,0.0000,0.0000,0.0204,0,0,0.394
134.001,0,0,0,-0.6167,1.2333,-0.6133,1.2134,1.3034,0.0000,0.0000,0.0000,-0.6280,1.2178,3.0742,0.024,6031,0.0000,0.0000,0.0202,0,0,0.363
134.104,0,0,0,-0.6167,1.2333,-0.6131,1.2133,1.2933,0.0000,0.0000,0.0000,-0.5749,1.1819,3.1329,0.026,6036,0.0000,0.0000,0.0204,0,0,0.361
134.204,0,0,0,-0.6167,1.2333,-0.6130,1.2131,1.3231,0.0000,0.0000,0.0000,-0.6180,1.2216,-0.8472,0.002,6042,0.0000,0.0000,0.0205,0,0,0.393
134.302,0,0,0,-0.6167,1.2333,-0.6128,1.2130,1.3117,0.0000,0.0000,0.0000,-0.6180,1.2216,-0.8481,0.026,6045,0.0000,0.0000,0.0207,0,0,0.373
134.401,0,0,0,-0.6167,1.2333,-0.6131,1.2132,1.3186,0.0000,0.0000,0.0000,-0.5753,1.1808,3.1569,0.002,6050,0.0000,0.0000,0.0205,0,0,0.388
134.502,0,0,0,-0.6167,1.2333,-0.6129,1.2130,1.3060,0.0000,0.0000,0.0000,-0.6180,1.2216,-0.8481,0.032,6054,0.0000,0.0000,0.0206,0,0,0.367
134.603,0,0,0,-0.6167,1.2333,-0.6132,1.2132,1.3117,0.0000,0.0000,0.0000,-0.6280,1.2178,3.0729,0.010,6058,0.0000,0.0000,0.0204,0,0,0.381
134.703,0,0,0,-0.6167,1.2333,-0.6130,1.2131,1.3014,0.0000,0.0000,0.0000,-0.6280,1.2178,3.0717,0.021,6063,0.0000,0.0000,0.0206,0,0,0.399
134.804,0,0,0,-0.6167,1.2333,-0.6131,1.2132,1.2927,0.0000,0.0000,0.0000,-0.5752,1.1809,3.1561,0.006,6067,0.0000,0.0000,0.0204,0,0,0.401
134.902,0,0,0,-0.6167,1.2333,-0.6127,1.2128,1.3200,0.0000,0.0000,0.0000,-0.6180,1.2216,-0.8483,0.024,6072,0.0000,0.0000,0.0209,0,0,0.395
135.003,0,0,0,-0.6167,1.2333,-0.6130,1.2130,1.3276,0.0000,0.0000,0.0000,-0.6046,1.2118,0.5316,0.005,6077,0.0000,0.0000,0.0206,0,0,0.398
135.101,0,0,0,-0.6167,1.2333,-0.6131,1.2132,1.2959,0.0000,0.0000,0.0000,-0.6180,1.2216,-0.8478,0.031,6081,0.0000,0.0000,0.0204,0,0,0.388
135.203,0,0,0,-0.6167,1.2333,-0.6131,1.2131,1.3242,0.0000,0.0000,0.0000,-0.6180,1.2216,-0.8484,0.003,6086,0.0000,0.0000,0.0206,0,0,0.375
135.303,0,0,0,-0.6167,1.2333,-0.6132,1.2133,1.2895,0.0000,0.0000,0.0000,-0.6054,1.2129,0.4555,0.013,6090,0.0000,0.0000,0.0203,0,0,0.379
135.402,0,0,0,-0.6167,1.2333,-0.6131,1.2131,1.3165,0.0000,0.0000,0.0000,-0.6280,1.2178,3.0732,0.022,6094,0.0000,0.0000,0.0205,0,0,0.382
135.501,0,0,0,-0.6167,1.2333,-0.6129,1.2130,1.3048,0.0000,0.0000,0.0000,-0.6180,1.2216,-0.8490,0.028,6099,0.0000,0.0000,0.0207,0,0,0.395
135.601,0,0,0,-0.6167,1.2333,-0.6132,1.2132,1.3119,0.0000,0.0000,0.0000,-0.6280,1.2178,3.0736,0.023,6103,0.0000,0.0000,0.0205,0,0,0.379
135.702,0,0,0,-0.6167,1.2333,-0.6129,1.2131,1.3020,0.0000,0.0000,0.0000,-0.6180,1.2216,-0.8483,0.034,6108,0.0000,0.0000,0.0206,0,0,0.368
135.803,0,0,0,-0.6167,1.2333,-0.6132,1.2132,1.3083,0.0000,0.0000,0.0000,-0.5752,1.1814,3.1420,0.004,6113,0.0000,0.0000,0.0204,0,0,0.358
135.901,0,0,0,-0.6167,1.2333,-0.6127,1.2128,1.3192,0.0000,0.0000,0.0000,-0.6180,1.2216,-0.8485,0.031,6117,0.0000,0.0000,0.0209,0,0,0.384
136.005,0,0,0,-0.6167,1.2333,-0.6128,1.2129,1.3086,0.0000,0.0000,0.0000,-0.6180,1.2216,-0.8487,0.004,6122,0.0000,0.0000,0.0208,0,0,0.343
136.103,0,0,0,-0.6167,1.2333,-0.6131,1.2132,1.2892,0.0000,0.0000,0.0000,-0.6180,1.2216,-0.8486,0.030,6126,0.0000,0.0000,0.0204,0,0,0.387
136.203,0,0,0,-0.6167,1.2333,-0.6132,1.2134,1.2821,0.0000,0.0000,0.0000,-0.6051,1.2131,0.4598,0.006,6130,0.0000,0.0000,0.0203,0,0,0.390
136.301,0,0,0,-0.6167,1.2333,-0.6134,1.2135,1.2823,0.0000,0.0000,0.0000,-0.6180,1.2216,-0.8485,0.003,6135,0.0000,0.0000,0.0201,0,0,0.376
136.404,0,0,0,-0.6167,1.2333,-0.6134,1.2135,1.2941,0.0000,0.0000,0.0000,-0.6040,1.2112,0.5866,0.003,6140,0.0000,0.0000,0.0201,0,0,0.381
136.504,0,0,0,-0.6167,1.2333,-0.6132,1.2133,1.2836,0.0000,0.0000,0.0000,-0.6180,1.2216,-0.8488,0.034,6144,0.0000,0.0000,0.0203,0,0,0.367
136.604,0,0,0,-0.6167,1.2333,-0.6131,1.2132,1.3117,0.0000,0.0000,0.0000,-0.6180,1.2216,-0.8489,0.006,6149,0.0000,0.0000,0.0205,0,0,0.376
136.702,0,0,0,-0.6167,1.2333,-0.6126,1.2127,1.3213,0.0000,0.0000,0.0000,-0.5750,1.1817,3.1347,0.019,6153,0.0000,0.0000,0.0210,0,0,0.340
136.803,0,0,0,-0.6167,1.2333,-0.6126,1.2126,1.3484,0.0000,0.0000,0.0000,-0.6280,1.2178,3.0730,0.025,6157,0.0000,0.0000,0.0211,0,0,0.380
136.902,0,0,0,-0.6167,1.2333,-0.6124,1.2125,1.3387,0.0000,0.0000,0.0000,-0.6180,1.2216,-0.8490,0.027,6162,0.0000,0.0000,0.0213,0,0,0.391
137.003,0,0,0,-0.6167,1.2333,-0.6124,1.2124,1.3656,0.0000,0.0000,0.0000,-0.5751,1.1814,3.1470,0.003,6167,0.0000,0.0000,0.0214,0,0,0.383
137.102,0,0,0,-0.6167,1.2333,-0.6122,1.2123,1.3539,0.0000,0.0000,0.0000,-0.6180,1.2216,-0.8491,0.033,6171,0.0000,0.0000,0.0215,0,0,0.379
137.201,0,0,0,-0.6167,1.2333,-0.6125,1.2125,1.3591,0.0000,0.0000,0.0000,-0.6043,1.2119,0.5400,0.006,6176,0.0000,0.0000,0.0212,0,0,0.367
137.304,0,0,0,-0.6167,1.2333,-0.6126,1.2127,1.3274,0.0000,0.0000,0.0000,-0.6180,1.2216,-0.8494,0.029,6180,0.0000,0.0000,0.0210,0,0,0.379
137.404,0,0,0,-0.6167,1.2333,-0.6129,1.2129,1.3326,0.0000,0.0000,0.0000,-0.5750,1.1819,3.1307,0.003,6185,0.0000,0.0000,0.0207,0,0,0.382
137.504,0,0,0,-0.6167,1.2333,-0.6126,1.2128,1.3391,0.0000,0.0000,0.0000,-0.6180,1.2216,-0.8493,0.005,6189,0.0000,0.0000,0.0210,0,0,0.389
137.603,0,0,0,-0.6167,1.2333,-0.6125,1.2127,1.3328,0.0000,0.0000,0.0000,-0.6280,1.2177,3.0752,0.006,6193,0.0000,0.0000,0.0211,0,0,0.336
137.702,0,0,0,-0.6167,1.2333,-0.6125,1.2126,1.3357,0.0000,0.0000,0.0000,-0.6180,1.2216,-0.8493,0.021,6198,0.0000,0.0000,0.0211,0,0,0.377
137.801,0,0,0,-0.6167,1.2333,-0.6124,1.2125,1.3620,0.0000,0.0000,0.0000,-0.6051,1.2117,0.5138,0.003,6203,0.0000,0.0000,0.0213,0,0,0.375
137.904,0,0,0,-0.6167,1.2333,-0.6127,1.2127,1.3360,0.0000,0.0000,0.0000,-0.6051,1.2117,0.5127,0.008,6207,0.0000,0.0000,0.0210,0,0,0.393
138.003,0,0,0,-0.6167,1.2333,-0.6129,1.2129,1.3355,0.0000,0.0000,0.0000,-0.6180,1.2216,-0.8493,0.003,6212,0.0000,0.0000,0.0208,0,0,0.403
138.103,0,0,0,-0.6167,1.2333,-0.6127,1.2128,1.3240,0.0000,0.0000,0.0000,-0.6049,1.2119,0.5089,0.028,6216,0.0000,0.0000,0.0209,0,0,0.398
138.204,0,0,0,-0.6167,1.2333,-0.6126,1.2127,1.3509,0.0000,0.0000,0.0000,-0.5752,1.1811,3.1420,0.006,6221,0.0000,0.0000,0.0211,0,0,0.356
138.303,0,0,0,-0.6167,1.2333,-0.6124,1.2126,1.3389,0.0000,0.0000,0.0000,-0.6180,1.2216,-0.8494,0.029,6225,0.0000,0.0000,0.0212,0,0,0.368
138.401,0,0,0,-0.6167,1.2333,-0.6127,1.2127,1.3455,0.0000,0.0000,0.0000,-0.6038,1.2106,0.6160,0.003,6230,0.0000,0.0000,0.0210,0,0,0.350
138.502,0,0,0,-0.6167,1.2333,-0.6125,1.2126,1.3336,0.0000,0.0000,0.0000,-0.6180,1.2216,-0.8496,0.026,6234,0.0000,0.0000,0.0211,0,0,0.374
138.605,0,0,0,-0.6167,1.2333,-0.6128,1.2128,1.3393,0.0000,0.0000,0.0000,-0.5751,1.1813,3.1525,0.003,6239,0.0000,0.0000,0.0209,0,0,0.384
138.702,0,0,0,-0.6167,1.2333,-0.6123,1.2124,1.3492,0.0000,0.0000,0.0000,-0.6280,1.2178,3.0728,0.024,6243,0.0000,0.0000,0.0214,0,0,0.388
138.803,0,0,0,-0.6167,1.2333,-0.6121,1.2122,1.3615,0.0000,0.0000,0.0000,-0.5751,1.1813,3.1535,0.003,6247,0.0000,0.0000,0.0216,0,0,0.390
138.903,0,0,0,-0.6167,1.2333,-0.6121,1.2122,1.3627,0.0000,0.0000,0.0000,-0.6180,1.2216,-0.8493,0.030,6252,0.0000,0.0000,0.0216,0,0,0.388
139.001,0,0,0,-0.6167,1.2333,-0.6121,1.2121,1.3888,0.0000,0.0000,0.0000,-0.6047,1.2106,0.5767,0.003,6257,0.0000,0.0000,0.0217,0,0,0.346
139.102,0,0,0,-0.6167,1.2333,-0.6123,1.2123,1.3547,0.0000,0.0000,0.0000,-0.6180,1.2216,-0.8495,0.009,6261,0.0000,0.0000,0.0214,0,0,0.352
139.203,0,0,0,-0.6167,1.2333,-0.6126,1.2125,1.3593,0.0000,0.0000,0.0000,-0.6280,1.2178,3.0735,0.023,6265,0.0000,0.0000,0.0212,0,0,0.350
139.304,0,0,0,-0.6167,1.2333,-0.6121,1.2121,1.3696,0.0000,0.0000,0.0000,-0.6180,1.2216,-0.8492,0.024,6270,0.0000,0.0000,0.0217,0,0,0.365
139.402,0,0,0,-0.6167,1.2333,-0.6124,1.2123,1.3762,0.0000,0.0000,0.0000,-0.6180,1.2216,-0.8500,0.003,6275,0.0000,0.0000,0.0214,0,0,0.395
139.502,0,0,0,-0.6167,1.2333,-0.6122,1.2122,1.3649,0.0000,0.0000,0.0000,-0.5749,1.1817,3.1401,0.012,6279,0.0000,0.0000,0.0216,0,0,0.357
139.601,0,0,0,-0.6167,1.2333,-0.6125,1.2125,1.3684,0.0000,0.0000,0.0000,-0.6042,1.2115,0.5646,0.003,6284,0.0000,0.0000,0.0213,0,0,0.364
139.701,0,0,0,-0.6167,1.2333,-0.6126,1.2127,1.3349,0.0000,0.0000,0.0000,-0.6180,1.2216,-0.8496,0.031,6288,0.0000,0.0000,0.0210,0,0,0.373
139.804,0,0,0,-0.6167,1.2333,-0.6129,1.2129,1.3393,0.0000,0.0000,0.0000,-0.5751,1.1812,3.1518,0.006,6293,0.0000,0.0000,0.0208,0,0,0.385
139.902,0,0,0,-0.6167,1.2333,-0.6124,1.2124,1.3477,0.0000,0.0000,0.0000,-0.6180,1.2216,-0.8505,0.028,6297,0.0000,0.0000,0.0213,0,0,0.379
140.002,0,0,0,-0.6167,1.2333,-0.6125,1.2126,1.3388,0.0000,0.0000,0.0000,-0.6045,1.2119,0.5266,0.007,6301,0.0000,0.0000,0.0212,0,0,0.392
140.105,0,0,0,-0.6167,1.2333,-0.6128,1.2129,1.3208,0.0000,0.0000,0.0000,-0.6280,1.2177,3.0748,0.027,6306,0.0000,0.0000,0.0208,0,0,0.387
140.201,0,0,0,-0.6167,1.2333,-0.6131,1.2131,1.3260,0.0000,0.0000,0.0000,-0.5751,1.1812,3.1466,0.002,6311,0.0000,0.0000,0.0206,0,0,0.379
140.304,0,0,0,-0.6167,1.2333,-0.6128,1.2129,1.3323,0.0000,0.0000,0.0000,-0.6180,1.2216,-0.8505,0.004,6315,0.0000,0.0000,0.0208,0,0,0.360
140.404,0,0,0,-0.6167,1.2333,-0.6132,1.2131,1.3213,0.0000,0.0000,0.0000,-0.6046,1.2118,0.5274,0.010,6320,0.0000,0.0000,0.0205,0,0,0.401
140.501,0,0,0,-0.6167,1.2333,-0.6129,1.2130,1.3097,0.0000,0.0000,0.0000,-0.6180,1.2216,-0.8502,0.028,6324,0.0000,0.0000,0.0207,0,0,0.343
140.603,0,0,0,-0.6167,1.2333,-0.6132,1.2132,1.3161,0.0000,0.0000,0.0000,-0.6180,1.2216,-0.8503,0.003,6329,0.0000,0.0000,0.0204,0,0,0.379
140.704,0,0,0,-0.6167,1.2333,-0.6130,1.2131,1.3064,0.0000,0.0000,0.0000,-0.6039,1.2109,0.6003,0.017,6333,0.0000,0.0000,0.0206,0,0,0.390
140.803,0,0,0,-0.6167,1.2333,-0.6132,1.2132,1.3126,0.0000,0.0000,0.0000,-0.6180,1.2216,-0.8501,0.003,6338,0.0000,0.0000,0.0204,0,0,0.375
140.901,0,0,0,-0.6167,1.2333,-0.6133,1.2134,1.2817,0.0000,0.0000,0.0000,-0.6039,1.2109,0.6002,0.027,6342,0.0000,0.0000,0.0202,0,0,0.401
141.001,0,0,0,-0.6167,1.2333,-0.6136,1.2136,1.2899,0.0000,0.0000,0.0000,-0.6039,1.2109,0.6011,0.003,6347,0.0000,0.0000,0.0200,0,0,0.365
141.101,0,0,0,-0.6167,1.2333,-0.6136,1.2137,1.2617,0.0000,0.0000,0.0000,-0.6180,1.2216,-0.8506,0.031,6351,0.0000,0.0000,0.0199,0,0,0.381
141.201,0,0,0,-0.6167,1.2333,-0.6136,1.2135,1.2893,0.0000,0.0000,0.0000,-0.5751,1.1808,3.1608,0.003,6356,0.0000,0.0000,0.0200,0,0,0.357
141.303,0,0,0,-0.6167,1.2333,-0.6130,1.2131,1.3007,0.0000,0.0000,0.0000,-0.6180,1.2216,-0.8506,0.030,6360,0.0000,0.0000,0.0206,0,0,0.390
141.404,0,0,0,-0.6167,1.2333,-0.6130,1.2129,1.3273,0.0000,0.0000,0.0000,-0.6047,1.2120,0.5149,0.007,6365,0.0000,0.0000,0.0207,0,0,0.377
141.501,0,0,0,-0.6167,1.2333,-0.6128,1.2128,1.3154,0.0000,0.0000,0.0000,-0.6280,1.2178,3.0736,0.019,6369,0.0000,0.0000,0.0209,0,0,0.392
141.604,0,0,0,-0.6167,1.2333,-0.6129,1.2129,1.3053,0.0000,0.0000,0.0000,-0.5750,1.1814,3.1556,0.003,6373,0.0000,0.0000,0.0207,0,0,0.377
141.703,0,0,0,-0.6167,1.2333,-0.6125,1.2126,1.3286,0.0000,0.0000,0.0000,-0.6180,1.2216,-0.8506,0.024,6378,0.0000,0.0000,0.0212,0,0,0.387
141.801,0,0,0,-0.6167,1.2333,-0.6128,1.2128,1.3333,0.0000,0.0000,0.0000,-0.6044,1.2117,0.5385,0.006,6383,0.0000,0.0000,0.0209,0,0,0.372
141.905,0,0,0,-0.6167,1.2333,-0.6129,1.2130,1.3019,0.0000,0.0000,0.0000,-0.6180,1.2216,-0.8505,0.028,6387,0.0000,0.0000,0.0207,0,0,0.375
142.002,0,0,0,-0.6167,1.2333,-0.6132,1.2132,1.3079,0.0000,0.0000,0.0000,-0.6180,1.2216,-0.8506,0.003,6392,0.0000,0.0000,0.0205,0,0,0.374
142.104,0,0,0,-0.6167,1.2333,-0.6126,1.2127,1.3193,0.0000,0.0000,0.0000,-0.5750,1.1815,3.1427,0.030,6396,0.0000,0.0000,0.0210,0,0,0.356
142.203,0,0,0,-0.6167,1.2333,-0.6126,1.2126,1.3480,0.0000,0.0000,0.0000,-0.6180,1.2216,-0.8503,0.005,6401,0.0000,0.0000,0.0211,0,0,0.341
142.301,0,0,0,-0.6167,1.2333,-0.6124,1.2125,1.3353,0.0000,0.0000,0.0000,-0.5752,1.1811,3.1485,0.024,6405,0.0000,0.0000,0.0213,0,0,0.390
142.402,0,0,0,-0.6167,1.2333,-0.6124,1.2124,1.3616,0.0000,0.0000,0.0000,-0.5752,1.1811,3.1486,0.007,6410,0.0000,0.0000,0.0214,0,0,0.347
142.502,0,0,0,-0.6167,1.2333,-0.6122,1.2123,1.3499,0.0000,0.0000,0.0000,-0.6180,1.2216,-0.8505,0.034,6414,0.0000,0.0000,0.0215,0,0,0.371
142.602,0,0,0,-0.6167,1.2333,-0.6125,1.2125,1.3566,0.0000,0.0000,0.0000,-0.6045,1.2116,0.5464,0.003,6419,0.0000,0.0000,0.0212,0,0,0.399
142.704,0,0,0,-0.6167,1.2333,-0.6123,1.2124,1.3451,0.0000,0.0000,0.0000,-0.6180,1.2216,-0.8503,0.029,6423,0.0000,0.0000,0.0214,0,0,0.379
142.801,0,0,0,-0.6167,1.2333,-0.6125,1.2125,1.3355,0.0000,0.0000,0.0000,-0.6280,1.2178,3.0742,0.059,6426,0.0000,0.0000,0.0212,0,0,0.386
142.901,0,0,0,-0.6167,1.2333,-0.6125,1.2125,1.3381,0.0000,0.0000,0.0000,-0.6180,1.2216,-0.8508,0.029,6432,0.0000,0.0000,0.0212,0,0,0.336
143.003,0,0,0,-0.6167,1.2333,-0.6126,1.2127,1.3269,0.0000,0.0000,0.0000,-0.5751,1.1812,3.1463,0.006,6436,0.0000,0.0000,0.0211,0,0,0.386
143.104,0,0,0,-0.6167,1.2333,-0.6122,1.2122,1.3687,0.0000,0.0000,0.0000,-0.6180,1.2216,-0.8510,0.006,6441,0.0000,0.0000,0.0216,0,0,0.388
143.205,0,0,0,-0.6167,1.2333,-0.6123,1.2122,1.3790,0.0000,0.0000,0.0000,-0.6041,1.2112,0.5742,0.007,6446,0.0000,0.0000,0.0216,0,0,0.392
143.304,0,0,0,-0.6167,1.2333,-0.6121,1.2121,1.3673,0.0000,0.0000,0.0000,-0.6180,1.2216,-0.8507,0.032,6450,0.0000,0.0000,0.0217,0,0,0.372
143.403,0,0,0,-0.6167,1.2333,-0.6124,1.2123,1.3714,0.0000,0.0000,0.0000,-0.6180,1.2216,-0.8507,0.003,6455,0.0000,0.0000,0.0214,0,0,0.369
143.501,0,0,0,-0.6167,1.2333,-0.6123,1.2123,1.3650,0.0000,0.0000,0.0000,-0.5753,1.1812,3.1441,0.007,6459,0.0000,0.0000,0.0215,0,0,0.366
143.602,0,0,0,-0.6167,1.2333,-0.6119,1.2118,1.4041,0.0000,0.0000,0.0000,-0.6280,1.2178,3.0723,0.023,6463,0.0000,0.0000,0.0220,0,0,0.384
143.701,0,0,0,-0.6167,1.2333,-0.6117,1.2118,1.3895,0.0000,0.0000,0.0000,-0.6180,1.2216,-0.8511,0.030,6468,0.0000,0.0000,0.0221,0,0,0.341
143.801,0,0,0,-0.6167,1.2333,-0.6121,1.2120,1.3936,0.0000,0.0000,0.0000,-0.6280,1.2178,3.0725,0.024,6472,0.0000,0.0000,0.0218,0,0,0.361
143.901,0,0,0,-0.6167,1.2333,-0.6119,1.2119,1.3802,0.0000,0.0000,0.0000,-0.6180,1.2216,-0.8506,0.029,6477,0.0000,0.0000,0.0219,0,0,0.348
144.005,0,0,0,-0.6167,1.2333,-0.6119,1.2118,1.4068,0.0000,0.0000,0.0000,-0.5751,1.1811,3.1635,0.007,6482,0.0000,0.0000,0.0220,0,0,0.396
144.104,0,0,0,-0.6167,1.2333,-0.6118,1.2118,1.3897,0.0000,0.0000,0.0000,-0.6180,1.2216,-0.8512,0.034,6486,0.0000,0.0000,0.0221,0,0,0.348
144.205,0,0,0,-0.6167,1.2333,-0.6116,1.2116,1.4007,0.0000,0.0000,0.0000,-0.6280,1.2178,3.0725,0.008,6490,0.0000,0.0000,0.0223,0,0,0.386
144.303,0,0,0,-0.6167,1.2333,-0.6119,1.2119,1.3968,0.0000,0.0000,0.0000,-0.6180,1.2216,-0.8510,0.003,6495,0.0000,0.0000,0.0220,0,0,0.391
144.403,0,0,0,-0.6167,1.2333,-0.6120,1.2119,1.4039,0.0000,0.0000,0.0000,-0.6041,1.2117,0.5554,0.007,6500,0.0000,0.0000,0.0219,0,0,0.386
144.504,0,0,0,-0.6167,1.2333,-0.6121,1.2122,1.3695,0.0000,0.0000,0.0000,-0.6180,1.2216,-0.8511,0.030,6504,0.0000,0.0000,0.0217,0,0,0.378
144.605,0,0,0,-0.6167,1.2333,-0.6124,1.2124,1.3740,0.0000,0.0000,0.0000,-0.5752,1.1816,3.1317,0.007,6509,0.0000,0.0000,0.0214,0,0,0.393
144.704,0,0,0,-0.6167,1.2333,-0.6123,1.2123,1.3653,0.0000,0.0000,0.0000,-0.5752,1.1816,3.1316,0.006,6513,0.0000,0.0000,0.0215,0,0,0.349
144.802,0,0,0,-0.6167,1.2333,-0.6119,1.2119,1.4040,0.0000,0.0000,0.0000,-0.6180,1.2216,-0.8511,0.002,6518,0.0000,0.0000,0.0220,0,0,0.362
144.904,0,0,0,-0.6167,1.2333,-0.6118,1.2118,1.3870,0.0000,0.0000,0.0000,-0.6049,1.2126,0.4863,0.031,6522,0.0000,0.0000,0.0221,0,0,0.364
145.005,0,0,0,-0.6167,1.2333,-0.6118,1.2117,1.4121,0.0000,0.0000,0.0000,-0.5750,1.1819,3.1328,0.007,6527,0.0000,0.0000,0.0221,0,0,0.391
145.104,0,0,0,-0.6167,1.2333,-0.6113,1.2114,1.4175,0.0000,0.0000,0.0000,-0.6180,1.2216,-0.8514,0.033,6531,0.0000,0.0000,0.0226,0,0,0.372
145.203,0,0,0,-0.6167,1.2333,-0.6117,1.2116,1.4191,0.0000,0.0000,0.0000,-0.6180,1.2216,-0.8512,0.003,6537,0.0000,0.0000,0.0223,0,0,0.399
145.302,0,0,0,-0.6167,1.2333,-0.6115,1.2116,1.4044,0.0000,0.0000,0.0000,-0.6180,1.2216,-0.8515,0.030,6540,0.0000,0.0000,0.0224,0,0,0.384
145.401,0,0,0,-0.6167,1.2333,-0.6115,1.2115,1.4266,0.0000,0.0000,0.0000,-0.5751,1.1813,3.1510,0.003,6545,0.0000,0.0000,0.0224,0,0,0.390
145.505,0,0,0,-0.6167,1.2333,-0.6111,1.2112,1.4333,0.0000,0.0000,0.0000,-0.6280,1.2178,3.0719,0.028,6549,0.0000,0.0000,0.0229,0,0,0.391
145.603,0,0,0,-0.6167,1.2333,-0.6113,1.2113,1.4217,0.0000,0.0000,0.0000,-0.6280,1.2178,3.0724,0.003,6553,0.0000,0.0000,0.0226,0,0,0.383
145.701,0,0,0,-0.6167,1.2333,-0.6113,1.2114,1.4188,0.0000,0.0000,0.0000,-0.6180,1.2216,-0.8517,0.031,6558,0.0000,0.0000,0.0226,0,0,0.393
145.801,0,0,0,-0.6167,1.2333,-0.6117,1.2116,1.4218,0.0000,0.0000,0.0000,-0.6048,1.2114,0.5376,0.008,6563,0.0000,0.0000,0.0223,0,0,0.383
145.901,0,0,0,-0.6167,1.2333,-0.6115,1.2115,1.4252,0.0000,0.0000,0.0000,-0.5750,1.1807,3.1646,0.037,6566,0.0000,0.0000,0.0225,0,0,0.389
146.003,0,0,0,-0.6167,1.2333,-0.6116,1.2115,1.4294,0.0000,0.0000,0.0000,-0.6280,1.2178,3.0726,0.025,6571,0.0000,0.0000,0.0224,0,0,0.378
146.103,0,0,0,-0.6167,1.2333,-0.6111,1.2111,1.4341,0.0000,0.0000,0.0000,-0.5750,1.1807,3.1643,0.031,6576,0.0000,0.0000,0.0229,0,0,0.390
146.206,0,0,0,-0.6167,1.2333,-0.6111,1.2110,1.4553,0.0000,0.0000,0.0000,-0.6180,1.2216,-0.8523,0.008,6581,0.0000,0.0000,0.0230,0,0,0.329
146.301,0,0,0,-0.6167,1.2333,-0.6114,1.2113,1.4278,0.0000,0.0000,0.0000,-0.6045,1.2106,0.5861,0.002,6585,0.0000,0.0000,0.0226,0,0,0.379
146.404,0,0,0,-0.6167,1.2333,-0.6117,1.2116,1.4259,0.0000,0.0000,0.0000,-0.6180,1.2216,-0.8514,0.003,6590,0.0000,0.0000,0.0223,0,0,0.391
146.502,0,0,0,-0.6167,1.2333,-0.6118,1.2118,1.3902,0.0000,0.0000,0.0000,-0.6180,1.2216,-0.8514,0.034,6594,0.0000,0.0000,0.0221,0,0,0.373
146.603,0,0,0,-0.6167,1.2333,-0.6119,1.2117,1.4158,0.0000,0.0000,0.0000,-0.6049,1.2128,0.4759,0.003,6599,0.0000,0.0000,0.0221,0,0,0.388
146.704,0,0,0,-0.6167,1.2333,-0.6120,1.2120,1.3795,0.0000,0.0000,0.0000,-0.6180,1.2216,-0.8514,0.035,6603,0.0000,0.0000,0.0218,0,0,0.354
146.802,0,0,0,-0.6167,1.2333,-0.6122,1.2122,1.3678,0.0000,0.0000,0.0000,-0.6049,1.2128,0.4756,0.009,6607,0.0000,0.0000,0.0216,0,0,0.376
146.903,0,0,0,-0.6167,1.2333,-0.6125,1.2125,1.3486,0.0000,0.0000,0.0000,-0.6180,1.2216,-0.8518,0.031,6612,0.0000,0.0000,0.0212,0,0,0.353
147.004,0,0,0,-0.6167,1.2333,-0.6128,1.2127,1.3544,0.0000,0.0000,0.0000,-0.6050,1.2128,0.4768,0.003,6617,0.0000,0.0000,0.0210,0,0,0.372
147.101,0,0,0,-0.6167,1.2333,-0.6125,1.2125,1.3590,0.0000,0.0000,0.0000,-0.6180,1.2216,-0.8515,0.005,6621,0.0000,0.0000,0.0212,0,0,0.370
147.201,0,0,0,-0.6167,1.2333,-0.6128,1.2128,1.3394,0.0000,0.0000,0.0000,-0.6049,1.2123,0.5010,0.007,6626,0.0000,0.0000,0.0209,0,0,0.359
147.301,0,0,0,-0.6167,1.2333,-0.6130,1.2131,1.3136,0.0000,0.0000,0.0000,-0.6180,1.2216,-0.8522,0.030,6630,0.0000,0.0000,0.0206,0,0,0.363
147.405,0,0,0,-0.6167,1.2333,-0.6133,1.2132,1.3185,0.0000,0.0000,0.0000,-0.6180,1.2216,-0.8518,0.002,6635,0.0000,0.0000,0.0204,0,0,0.404
147.504,0,0,0,-0.6167,1.2333,-0.6131,1.2131,1.3140,0.0000,0.0000,0.0000,-0.6045,1.2111,0.5637,0.007,6639,0.0000,0.0000,0.0205,0,0,0.340
147.605,0,0,0,-0.6167,1.2333,-0.6133,1.2133,1.3126,0.0000,0.0000,0.0000,-0.6180,1.2216,-0.8521,0.003,6644,0.0000,0.0000,0.0203,0,0,0.386
147.704,0,0,0,-0.6167,1.2333,-0.6131,1.2131,1.3022,0.0000,0.0000,0.0000,-0.5751,1.1811,3.1486,0.031,6648,0.0000,0.0000,0.0205,0,0,0.386
147.801,0,0,0,-0.6167,1.2333,-0.6133,1.2133,1.3086,0.0000,0.0000,0.0000,-0.6045,1.2124,0.5125,0.008,6653,0.0000,0.0000,0.0203,0,0,0.393
147.901,0,0,0,-0.6167,1.2333,-0.6134,1.2135,1.2776,0.0000,0.0000,0.0000,-0.6180,1.2216,-0.8521,0.031,6657,0.0000,0.0000,0.0201,0,0,0.352
148.002,0,0,0,-0.6167,1.2333,-0.6137,1.2137,1.2848,0.0000,0.0000,0.0000,-0.5750,1.1817,3.1367,0.006,6662,0.0000,0.0000,0.0199,0,0,0.378
148.102,0,0,0,-0.6167,1.2333,-0.6134,1.2135,1.2763,0.0000,0.0000,0.0000,-0.6180,1.2216,-0.8526,0.031,6666,0.0000,0.0000,0.0201,0,0,0.372
148.203,0,0,0,-0.6167,1.2333,-0.6134,1.2134,1.3068,0.0000,0.0000,0.0000,-0.6180,1.2216,-0.8521,0.004,6671,0.0000,0.0000,0.0202,0,0,0.385
148.305,0,0,0,-0.6167,1.2333,-0.6131,1.2132,1.2952,0.0000,0.0000,0.0000,-0.6279,1.2178,3.0728,0.029,6675,0.0000,0.0000,0.0204,0,0,0.344
148.401,0,0,0,-0.6167,1.2333,-0.6132,1.2133,1.2871,0.0000,0.0000,0.0000,-0.6043,1.2112,0.5640,0.008,6679,0.0000,0.0000,0.0203,0,0,0.342
148.504,0,0,0,-0.6167,1.2333,-0.6135,1.2136,1.2727,0.0000,0.0000,0.0000,-0.6180,1.2215,-0.8520,0.036,6684,0.0000,0.0000,0.0200,0,0,0.388
148.602,0,0,0,-0.6167,1.2333,-0.6134,1.2134,1.3012,0.0000,0.0000,0.0000,-0.5754,1.1808,3.1545,0.002,6689,0.0000,0.0000,0.0202,0,0,0.391
148.704,0,0,0,-0.6167,1.2333,-0.6129,1.2129,1.3124,0.0000,0.0000,0.0000,-0.6180,1.2216,-0.8529,0.026,6693,0.0000,0.0000,0.0207,0,0,0.393
148.803,0,0,0,-0.6167,1.2333,-0.6132,1.2131,1.3183,0.0000,0.0000,0.0000,-0.6180,1.2216,-0.8528,0.003,6698,0.0000,0.0000,0.0205,0,0,0.350
148.903,0,0,0,-0.6167,1.2333,-0.6132,1.2133,1.2874,0.0000,0.0000,0.0000,-0.6045,1.2117,0.5408,0.029,6702,0.0000,0.0000,0.0203,0,0,0.376
149.003,0,0,0,-0.6167,1.2333,-0.6135,1.2135,1.2939,0.0000,0.0000,0.0000,-0.6180,1.2215,-0.8520,0.003,6707,0.0000,0.0000,0.0201,0,0,0.382
149.102,0,0,0,-0.6167,1.2333,-0.6133,1.2133,1.2831,0.0000,0.0000,0.0000,-0.6043,1.2124,0.5175,0.022,6711,0.0000,0.0000,0.0203,0,0,0.392
149.205,0,0,0,-0.6167,1.2333,-0.6132,1.2132,1.3104,0.0000,0.0000,0.0000,-0.6180,1.2215,-0.8526,0.002,6717,0.0000,0.0000,0.0204,0,0,0.370
149.304,0,0,0,-0.6167,1.2333,-0.6127,1.2127,1.3217,0.0000,0.0000,0.0000,-0.6180,1.2215,-0.8526,0.032,6720,0.0000,0.0000,0.0210,0,0,0.382
149.404,0,0,0,-0.6167,1.2333,-0.6130,1.2129,1.3202,0.0000,0.0000,0.0000,-0.6053,1.2117,0.5035,0.007,6725,0.0000,0.0000,0.0207,0,0,0.390
149.501,0,0,0,-0.6167,1.2333,-0.6128,1.2128,1.3078,0.0000,0.0000,0.0000,-0.6180,1.2215,-0.8532,0.033,6729,0.0000,0.0000,0.0209,0,0,0.388
149.604,0,0,0,-0.6167,1.2333,-0.6126,1.2126,1.3215,0.0000,0.0000,0.0000,-0.5752,1.1811,3.1592,0.007,6733,0.0000,0.0000,0.0211,0,0,0.389
149.704,0,0,0,-0.6167,1.2333,-0.6122,1.2123,1.3454,0.0000,0.0000,0.0000,-0.6180,1.2215,-0.8524,0.033,6738,0.0000,0.0000,0.0215,0,0,0.395
149.804,0,0,0,-0.6167,1.2333,-0.6121,1.2121,1.3575,0.0000,0.0000,0.0000,-0.5751,1.1811,3.1586,0.009,6742,0.0000,0.0000,0.0217,0,0,0.337
149.903,0,0,0,-0.6167,1.2333,-0.6117,1.2116,1.3964,0.0000,0.0000,0.0000,-0.6180,1.2215,-0.8526,0.003,6747,0.0000,0.0000,0.0223,0,0,0.391
150.004,0,0,0,-0.6167,1.2333,-0.6121,1.2120,1.3819,0.0000,0.0000,0.0000,-0.5749,1.1814,3.1459,0.007,6752,0.0000,0.0000,0.0218,0,0,0.377
150.103,0,0,0,-0.6167,1.2333,-0.6116,1.2116,1.3899,0.0000,0.0000,0.0000,-0.6180,1.2215,-0.8527,0.033,6756,0.0000,0.0000,0.0223,0,0,0.377
150.204,0,0,0,-0.6167,1.2333,-0.6119,1.2118,1.3938,0.0000,0.0000,0.0000,-0.6180,1.2215,-0.8527,0.007,6761,0.0000,0.0000,0.0220,0,0,0.380
150.301,0,0,0,-0.6167,1.2333,-0.6122,1.2121,1.3664,0.0000,0.0000,0.0000,-0.5751,1.1816,3.1387,0.002,6765,0.0000,0.0000,0.0217,0,0,0.392
150.405,0,0,0,-0.6167,1.2333,-0.6121,1.2120,1.3843,0.0000,0.0000,0.0000,-0.6180,1.2215,-0.8530,0.007,6770,0.0000,0.0000,0.0218,0,0,0.386
150.504,0,0,0,-0.6167,1.2333,-0.6122,1.2123,1.3513,0.0000,0.0000,0.0000,-0.6180,1.2215,-0.8532,0.037,6774,0.0000,0.0000,0.0215,0,0,0.384
150.606,0,0,0,-0.6167,1.2333,-0.6125,1.2125,1.3552,0.0000,0.0000,0.0000,-0.6180,1.2215,-0.8527,0.002,6780,0.0000,0.0000,0.0213,0,0,0.399
150.701,0,0,0,-0.6167,1.2333,-0.6120,1.2121,1.3624,0.0000,0.0000,0.0000,-0.6180,1.2215,-0.8530,0.034,6783,0.0000,0.0000,0.0218,0,0,0.376
150.803,0,0,0,-0.6167,1.2333,-0.6123,1.2123,1.3582,0.0000,0.0000,0.0000,-0.6180,1.2215,-0.8526,0.003,6789,0.0000,0.0000,0.0215,0,0,0.375
150.904,0,0,0,-0.6167,1.2333,-0.6125,1.2125,1.3301,0.0000,0.0000,0.0000,-0.6180,1.2215,-0.8529,0.035,6792,0.0000,0.0000,0.0212,0,0,0.387
151.001,0,0,0,-0.6167,1.2333,-0.6125,1.2124,1.3576,0.0000,0.0000,0.0000,-0.6046,1.2129,0.4816,0.003,6797,0.0000,0.0000,0.0213,0,0,0.384
151.101,0,0,0,-0.6167,1.2333,-0.6125,1.2126,1.3401,0.0000,0.0000,0.0000,-0.6180,1.2215,-0.8536,0.008,6801,0.0000,0.0000,0.0212,0,0,0.390
151.206,0,0,0,-0.6167,1.2333,-0.6129,1.2129,1.3269,0.0000,0.0000,0.0000,-0.6046,1.2129,0.4819,0.011,6806,0.0000,0.0000,0.0208,0,0,0.350
151.301,0,0,0,-0.6167,1.2333,-0.6127,1.2128,1.3156,0.0000,0.0000,0.0000,-0.6180,1.2215,-0.8528,0.028,6810,0.0000,0.0000,0.0209,0,0,0.388
151.401,0,0,0,-0.6167,1.2333,-0.6126,1.2127,1.3413,0.0000,0.0000,0.0000,-0.6043,1.2112,0.5687,0.005,6815,0.0000,0.0000,0.0211,0,0,0.339
151.501,0,0,0,-0.6167,1.2333,-0.6128,1.2129,1.3150,0.0000,0.0000,0.0000,-0.5749,1.1820,3.1338,0.007,6819,0.0000,0.0000,0.0208,0,0,0.381
151.603,0,0,0,-0.6167,1.2333,-0.6124,1.2124,1.3551,0.0000,0.0000,0.0000,-0.6180,1.2215,-0.8531,0.003,6824,0.0000,0.0000,0.0213,0,0,0.347
151.701,0,0,0,-0.6167,1.2333,-0.6123,1.2124,1.3489,0.0000,0.0000,0.0000,-0.5750,1.1819,3.1344,0.008,6828,0.0000,0.0000,0.0214,0,0,0.372
151.802,0,0,0,-0.6167,1.2333,-0.6119,1.2119,1.3880,0.0000,0.0000,0.0000,-0.5750,1.1819,3.1342,0.003,6833,0.0000,0.0000,0.0219,0,0,0.387
151.902,0,0,0,-0.6167,1.2333,-0.6118,1.2119,1.3738,0.0000,0.0000,0.0000,-0.6180,1.2215,-0.8534,0.036,6837,0.0000,0.0000,0.0220,0,0,0.354
152.005,0,0,0,-0.6167,1.2333,-0.6118,1.2118,1.3971,0.0000,0.0000,0.0000,-0.5749,1.1819,3.1392,0.008,6842,0.0000,0.0000,0.0221,0,0,0.396
152.103,0,0,0,-0.6167,1.2333,-0.6113,1.2114,1.4038,0.0000,0.0000,0.0000,-0.6180,1.2215,-0.8533,0.032,6846,0.0000,0.0000,0.0225,0,0,0.377
152.201,0,0,0,-0.6167,1.2333,-0.6113,1.2114,1.4288,0.0000,0.0000,0.0000,-0.6047,1.2111,0.5524,0.008,6851,0.0000,0.0000,0.0226,0,0,0.387
152.304,0,0,0,-0.6167,1.2333,-0.6115,1.2117,1.3928,0.0000,0.0000,0.0000,-0.6280,1.2178,3.0729,0.027,6855,0.0000,0.0000,0.0223,0,0,0.338
152.403,0,0,0,-0.6167,1.2333,-0.6114,1.2115,1.4041,0.0000,0.0000,0.0000,-0.6049,1.2124,0.4983,0.009,6859,0.0000,0.0000,0.0225,0,0,0.349
152.504,0,0,0,-0.6167,1.2333,-0.6117,1.2119,1.3809,0.0000,0.0000,0.0000,-0.6180,1.2215,-0.8535,0.033,6864,0.0000,0.0000,0.0220,0,0,0.390
152.604,0,0,0,-0.6167,1.2333,-0.6118,1.2118,1.4058,0.0000,0.0000,0.0000,-0.5751,1.1814,3.1465,0.006,6869,0.0000,0.0000,0.0221,0,0,0.368
152.702,0,0,0,-0.6167,1.2333,-0.6113,1.2114,1.4115,0.0000,0.0000,0.0000,-0.6180,1.2215,-0.8539,0.010,6873,0.0000,0.0000,0.0226,0,0,0.392
152.801,0,0,0,-0.6167,1.2333,-0.6117,1.2116,1.4141,0.0000,0.0000,0.0000,-0.6180,1.2215,-0.8536,0.002,6878,0.0000,0.0000,0.0223,0,0,0.361
152.904,0,0,0,-0.6167,1.2333,-0.6112,1.2113,1.4191,0.0000,0.0000,0.0000,-0.5751,1.1808,3.1617,0.033,6882,0.0000,0.0000,0.0227,0,0,0.351
153.002,0,0,0,-0.6167,1.2333,-0.6115,1.2115,1.4219,0.0000,0.0000,0.0000,-0.6180,1.2215,-0.8533,0.002,6887,0.0000,0.0000,0.0224,0,0,0.350
153.102,0,0,0,-0.6167,1.2333,-0.6117,1.2118,1.3865,0.0000,0.0000,0.0000,-0.6041,1.2116,0.5561,0.018,6891,0.0000,0.0000,0.0221,0,0,0.385
153.201,0,0,0,-0.6167,1.2333,-0.6117,1.2117,1.4105,0.0000,0.0000,0.0000,-0.5750,1.1813,3.1378,0.003,6896,0.0000,0.0000,0.0222,0,0,0.393
153.304,0,0,0,-0.6167,1.2333,-0.6113,1.2113,1.4157,0.0000,0.0000,0.0000,-0.6180,1.2215,-0.8539,0.034,6900,0.0000,0.0000,0.0227,0,0,0.381
153.402,0,0,0,-0.6167,1.2333,-0.6113,1.2113,1.4402,0.0000,0.0000,0.0000,-0.6050,1.2118,0.5143,0.002,6905,0.0000,0.0000,0.0227,0,0,0.352
153.501,0,0,0,-0.6167,1.2333,-0.6115,1.2116,1.4035,0.0000,0.0000,0.0000,-0.6180,1.2215,-0.8533,0.031,6909,0.0000,0.0000,0.0224,0,0,0.361
153.604,0,0,0,-0.6167,1.2333,-0.6117,1.2117,1.3929,0.0000,0.0000,0.0000,-0.6180,1.2215,-0.8540,0.004,6914,0.0000,0.0000,0.0222,0,0,0.339
153.704,0,0,0,-0.6167,1.2333,-0.6120,1.2121,1.3705,0.0000,0.0000,0.0000,-0.6280,1.2178,3.0733,0.031,6918,0.0000,0.0000,0.0218,0,0,0.388
153.805,0,0,0,-0.6167,1.2333,-0.6120,1.2120,1.3946,0.0000,0.0000,0.0000,-0.5750,1.1812,3.1507,0.007,6923,0.0000,0.0000,0.0219,0,0,0.390
153.902,0,0,0,-0.6167,1.2333,-0.6115,1.2115,1.4193,0.0000,0.0000,0.0000,-0.6180,1.2215,-0.8544,0.002,6927,0.0000,0.0000,0.0225,0,0,0.335
154.004,0,0,0,-0.6167,1.2333,-0.6119,1.2118,1.4015,0.0000,0.0000,0.0000,-0.5749,1.1819,3.1371,0.009,6932,0.0000,0.0000,0.0220,0,0,0.387
154.101,0,0,0,-0.6167,1.2333,-0.6117,1.2118,1.3844,0.0000,0.0000,0.0000,-0.6180,1.2215,-0.8538,0.029,6936,0.0000,0.0000,0.0221,0,0,0.380
154.202,0,0,0,-0.6167,1.2333,-0.6120,1.2120,1.3875,0.0000,0.0000,0.0000,-0.6180,1.2215,-0.8540,0.002,6941,0.0000,0.0000,0.0218,0,0,0.390
154.303,0,0,0,-0.6167,1.2333,-0.6119,1.2119,1.3737,0.0000,0.0000,0.0000,-0.5752,1.1810,3.1534,0.011,6945,0.0000,0.0000,0.0219,0,0,0.383
154.404,0,0,0,-0.6167,1.2333,-0.6122,1.2121,1.3772,0.0000,0.0000,0.0000,-0.6180,1.2215,-0.8540,0.007,6950,0.0000,0.0000,0.0217,0,0,0.378
154.502,0,0,0,-0.6167,1.2333,-0.6123,1.2124,1.3442,0.0000,0.0000,0.0000,-0.6047,1.2115,0.5319,0.032,6954,0.0000,0.0000,0.0214,0,0,0.392
154.601,0,0,0,-0.6167,1.2333,-0.6123,1.2123,1.3679,0.0000,0.0000,0.0000,-0.6043,1.2119,0.5373,0.007,6959,0.0000,0.0000,0.0215,0,0,0.380
154.701,0,0,0,-0.6167,1.2333,-0.6124,1.2125,1.3342,0.0000,0.0000,0.0000,-0.6180,1.2215,-0.8541,0.031,6963,0.0000,0.0000,0.0212,0,0,0.382
154.804,0,0,0,-0.6167,1.2333,-0.6124,1.2124,1.3619,0.0000,0.0000,0.0000,-0.6047,1.2116,0.5318,0.010,6968,0.0000,0.0000,0.0214,0,0,0.396
154.904,0,0,0,-0.6167,1.2333,-0.6126,1.2126,1.3280,0.0000,0.0000,0.0000,-0.6181,1.2215,-0.8536,0.037,6972,0.0000,0.0000,0.0211,0,0,0.391
155.004,0,0,0,-0.6167,1.2333,-0.6129,1.2128,1.3329,0.0000,0.0000,0.0000,-0.6047,1.2116,0.5330,0.010,6977,0.0000,0.0000,0.0209,0,0,0.389
155.102,0,0,0,-0.6167,1.2333,-0.6130,1.2130,1.3004,0.0000,0.0000,0.0000,-0.6280,1.2178,3.0732,0.029,6981,0.0000,0.0000,0.0206,0,0,0.384
155.202,0,0,0,-0.6167,1.2333,-0.6132,1.2132,1.3070,0.0000,0.0000,0.0000,-0.5753,1.1808,3.1559,0.005,6986,0.0000,0.0000,0.0204,0,0,0.373
155.304,0,0,0,-0.6167,1.2333,-0.6130,1.2131,1.2965,0.0000,0.0000,0.0000,-0.6180,1.2215,-0.8547,0.010,6990,0.0000,0.0000,0.0206,0,0,0.388
155.404,0,0,0,-0.6167,1.2333,-0.6133,1.2133,1.3016,0.0000,0.0000,0.0000,-0.5750,1.1816,3.1389,0.006,6995,0.0000,0.0000,0.0204,0,0,0.394
155.501,0,0,0,-0.6167,1.2333,-0.6131,1.2131,1.2922,0.0000,0.0000,0.0000,-0.6180,1.2215,-0.8547,0.036,6999,0.0000,0.0000,0.0205,0,0,0.361
155.604,0,0,0,-0.6167,1.2333,-0.6133,1.2133,1.2996,0.0000,0.0000,0.0000,-0.6180,1.2215,-0.8544,0.003,7004,0.0000,0.0000,0.0203,0,0,0.390
155.701,0,0,0,-0.6167,1.2333,-0.6131,1.2132,1.2901,0.0000,0.0000,0.0000,-0.6043,1.2111,0.5688,0.029,7008,0.0000,0.0000,0.0205,0,0,0.388
155.801,0,0,0,-0.6167,1.2333,-0.6131,1.2130,1.3185,0.0000,0.0000,0.0000,-0.6180,1.2215,-0.8546,0.002,7013,0.0000,0.0000,0.0206,0,0,0.351
155.901,0,0,0,-0.6167,1.2333,-0.6128,1.2129,1.3082,0.0000,0.0000,0.0000,-0.5751,1.1815,3.1444,0.018,7017,0.0000,0.0000,0.0208,0,0,0.380
156.004,0,0,0,-0.6167,1.2333,-0.6124,1.2124,1.3499,0.0000,0.0000,0.0000,-0.6181,1.2215,-0.8541,0.003,7023,0.0000,0.0000,0.0213,0,0,0.371
156.101,0,0,0,-0.6167,1.2333,-0.6123,1.2123,1.3440,0.0000,0.0000,0.0000,-0.6180,1.2215,-0.8545,0.035,7026,0.0000,0.0000,0.0214,0,0,0.384
156.202,0,0,0,-0.6167,1.2333,-0.6125,1.2125,1.3412,0.0000,0.0000,0.0000,-0.6180,1.2215,-0.8543,0.002,7032,0.0000,0.0000,0.0212,0,0,0.359
156.303,0,0,0,-0.6167,1.2333,-0.6127,1.2127,1.3147,0.0000,0.0000,0.0000,-0.6181,1.2215,-0.8542,0.033,7035,0.0000,0.0000,0.0210,0,0,0.372
156.402,0,0,0,-0.6167,1.2333,-0.6125,1.2126,1.3275,0.0000,0.0000,0.0000,-0.6046,1.2115,0.5370,0.010,7039,0.0000,0.0000,0.0212,0,0,0.349
156.504,0,0,0,-0.6167,1.2333,-0.6125,1.2125,1.3313,0.0000,0.0000,0.0000,-0.6181,1.2215,-0.8541,0.034,7044,0.0000,0.0000,0.0212,0,0,0.387
156.601,0,0,0,-0.6167,1.2333,-0.6126,1.2127,1.3222,0.0000,0.0000,0.0000,-0.5751,1.1810,3.1526,0.005,7048,0.0000,0.0000,0.0211,0,0,0.350
156.702,0,0,0,-0.6167,1.2333,-0.6125,1.2125,1.3443,0.0000,0.0000,0.0000,-0.6180,1.2215,-0.8547,0.005,7053,0.0000,0.0000,0.0212,0,0,0.373
156.804,0,0,0,-0.6167,1.2333,-0.6129,1.2128,1.3331,0.0000,0.0000,0.0000,-0.5751,1.1814,3.1453,0.009,7058,0.0000,0.0000,0.0209,0,0,0.383
156.902,0,0,0,-0.6167,1.2333,-0.6127,1.2127,1.3209,0.0000,0.0000,0.0000,-0.6180,1.2215,-0.8549,0.032,7062,0.0000,0.0000,0.0210,0,0,0.382
157.005,0,0,0,-0.6167,1.2333,-0.6130,1.2129,1.3271,0.0000,0.0000,0.0000,-0.6181,1.2215,-0.8539,0.007,7067,0.0000,0.0000,0.0208,0,0,0.335
157.101,0,0,0,-0.6167,1.2333,-0.6127,1.2128,1.3156,0.0000,0.0000,0.0000,-0.6041,1.2113,0.5726,0.005,7071,0.0000,0.0000,0.0209,0,0,0.388
157.203,0,0,0,-0.6167,1.2333,-0.6130,1.2130,1.3217,0.0000,0.0000,0.0000,-0.6181,1.2215,-0.8545,0.006,7076,0.0000,0.0000,0.0207,0,0,0.360
157.301,0,0,0,-0.6167,1.2333,-0.6131,1.2131,1.2895,0.0000,0.0000,0.0000,-0.6042,1.2113,0.5735,0.027,7080,0.0000,0.0000,0.0205,0,0,0.407
157.402,0,0,0,-0.6167,1.2333,-0.6134,1.2133,1.2954,0.0000,0.0000,0.0000,-0.5752,1.1813,3.1405,0.003,7085,0.0000,0.0000,0.0203,0,0,0.360
157.501,0,0,0,-0.6167,1.2333,-0.6128,1.2129,1.3050,0.0000,0.0000,0.0000,-0.6181,1.2215,-0.8547,0.030,7089,0.0000,0.0000,0.0208,0,0,0.369
157.602,0,0,0,-0.6167,1.2333,-0.6128,1.2127,1.3328,0.0000,0.0000,0.0000,-0.6051,1.2125,0.4681,0.006,7094,0.0000,0.0000,0.0210,0,0,0.397
157.701,0,0,0,-0.6167,1.2333,-0.6129,1.2130,1.2954,0.0000,0.0000,0.0000,-0.6180,1.2215,-0.8549,0.032,7098,0.0000,0.0000,0.0207,0,0,0.354
157.802,0,0,0,-0.6167,1.2333,-0.6129,1.2128,1.3223,0.0000,0.0000,0.0000,-0.6048,1.2118,0.5198,0.003,7103,0.0000,0.0000,0.0209,0,0,0.387
157.904,0,0,0,-0.6167,1.2333,-0.6127,1.2127,1.3107,0.0000,0.0000,0.0000,-0.6181,1.2215,-0.8547,0.015,7107,0.0000,0.0000,0.0210,0,0,0.379
158.004,0,0,0,-0.6167,1.2333,-0.6126,1.2126,1.3296,0.0000,0.0000,0.0000,-0.6043,1.2125,0.5188,0.010,7112,0.0000,0.0000,0.0211,0,0,0.398
158.104,0,0,0,-0.6167,1.2333,-0.6128,1.2128,1.3026,0.0000,0.0000,0.0000,-0.6180,1.2215,-0.8552,0.033,7116,0.0000,0.0000,0.0209,0,0,0.363
158.202,0,0,0,-0.6167,1.2333,-0.6131,1.2130,1.3076,0.0000,0.0000,0.0000,-0.6180,1.2215,-0.8555,0.002,7122,0.0000,0.0000,0.0206,0,0,0.387
158.301,0,0,0,-0.6167,1.2333,-0.6128,1.2129,1.2978,0.0000,0.0000,0.0000,-0.5751,1.1811,3.1521,0.010,7125,0.0000,0.0000,0.0208,0,0,0.384
158.403,0,0,0,-0.6167,1.2333,-0.6131,1.2131,1.3042,0.0000,0.0000,0.0000,-0.6181,1.2215,-0.8550,0.006,7130,0.0000,0.0000,0.0206,0,0,0.372
158.504,0,0,0,-0.6167,1.2333,-0.6132,1.2133,1.2739,0.0000,0.0000,0.0000,-0.6045,1.2119,0.5265,0.032,7134,0.0000,0.0000,0.0203,0,0,0.376
158.603,0,0,0,-0.6167,1.2333,-0.6131,1.2131,1.3012,0.0000,0.0000,0.0000,-0.6046,1.2121,0.5118,0.007,7139,0.0000,0.0000,0.0205,0,0,0.390
158.703,0,0,0,-0.6167,1.2333,-0.6129,1.2130,1.2909,0.0000,0.0000,0.0000,-0.6181,1.2215,-0.8550,0.038,7143,0.0000,0.0000,0.0207,0,0,0.399
158.803,0,0,0,-0.6167,1.2333,-0.6128,1.2128,1.3118,0.0000,0.0000,0.0000,-0.6181,1.2215,-0.8547,0.003,7149,0.0000,0.0000,0.0209,0,0,0.363
158.901,0,0,0,-0.6167,1.2333,-0.6127,1.2127,1.3066,0.0000,0.0000,0.0000,-0.6181,1.2215,-0.8548,0.032,7152,0.0000,0.0000,0.0210,0,0,0.401
159.005,0,0,0,-0.6167,1.2333,-0.6130,1.2129,1.3138,0.0000,0.0000,0.0000,-0.6046,1.2119,0.5269,0.010,7157,0.0000,0.0000,0.0207,0,0,0.381
159.101,0,0,0,-0.6167,1.2333,-0.6131,1.2131,1.2812,0.0000,0.0000,0.0000,-0.6279,1.2178,3.0718,0.031,7161,0.0000,0.0000,0.0205,0,0,0.380
159.203,0,0,0,-0.6167,1.2333,-0.6129,1.2129,1.2944,0.0000,0.0000,0.0000,-0.5749,1.1818,3.1280,0.009,7165,0.0000,0.0000,0.0207,0,0,0.354
159.304,0,0,0,-0.6167,1.2333,-0.6128,1.2129,1.2972,0.0000,0.0000,0.0000,-0.6181,1.2215,-0.8551,0.034,7170,0.0000,0.0000,0.0208,0,0,0.368
159.404,0,0,0,-0.6167,1.2333,-0.6128,1.2128,1.3244,0.0000,0.0000,0.0000,-0.5750,1.1814,3.1380,0.010,7175,0.0000,0.0000,0.0209,0,0,0.363
159.503,0,0,0,-0.6167,1.2333,-0.6126,1.2127,1.3119,0.0000,0.0000,0.0000,-0.6180,1.2215,-0.8554,0.014,7179,0.0000,0.0000,0.0211,0,0,0.387
159.605,0,0,0,-0.6167,1.2333,-0.6129,1.2129,1.3169,0.0000,0.0000,0.0000,-0.6180,1.2215,-0.8554,0.006,7184,0.0000,0.0000,0.0208,0,0,0.403
159.705,0,0,0,-0.6167,1.2333,-0.6127,1.2127,1.3051,0.0000,0.0000,0.0000,-0.6043,1.2111,0.5739,0.033,7188,0.0000,0.0000,0.0210,0,0,0.376
159.802,0,0,0,-0.6167,1.2333,-0.6130,1.2129,1.3100,0.0000,0.0000,0.0000,-0.6181,1.2215,-0.8555,0.003,7193,0.0000,0.0000,0.0207,0,0,0.375
159.901,0,0,0,-0.6167,1.2333,-0.6131,1.2131,1.2842,0.0000,0.0000,0.0000,-0.6043,1.2111,0.5734,0.003,7197,0.0000,0.0000,0.0205,0,0,0.386
160.004,0,0,0,-0.6167,1.2333,-0.6130,1.2130,1.3052,0.0000,0.0000,0.0000,-0.6181,1.2215,-0.8556,0.007,7202,0.0000,0.0000,0.0207,0,0,0.366
160.103,0,0,0,-0.6167,1.2333,-0.6128,1.2129,1.2949,0.0000,0.0000,0.0000,-0.6181,1.2215,-0.8552,0.036,7206,0.0000,0.0000,0.0208,0,0,0.370
160.202,0,0,0,-0.6167,1.2333,-0.6128,1.2127,1.3223,0.0000,0.0000,0.0000,-0.5751,1.1812,3.1456,0.008,7211,0.0000,0.0000,0.0210,0,0,0.349
160.301,0,0,0,-0.6167,1.2333,-0.6122,1.2123,1.3316,0.0000,0.0000,0.0000,-0.6181,1.2215,-0.8555,0.028,7215,0.0000,0.0000,0.0215,0,0,0.389
160.405,0,0,0,-0.6167,1.2333,-0.6124,1.2125,1.3218,0.0000,0.0000,0.0000,-0.6181,1.2215,-0.8555,0.003,7220,0.0000,0.0000,0.0213,0,0,0.394
160.504,0,0,0,-0.6167,1.2333,-0.6127,1.2128,1.3044,0.0000,0.0000,0.0000,-0.6181,1.2215,-0.8556,0.036,7224,0.0000,0.0000,0.0210,0,0,0.378
160.604,0,0,0,-0.6167,1.2333,-0.6127,1.2129,1.2882,0.0000,0.0000,0.0000,-0.6280,1.2178,3.0735,0.003,7229,0.0000,0.0000,0.0208,0,0,0.367
160.702,0,0,0,-0.6167,1.2333,-0.6131,1.2132,1.2781,0.0000,0.0000,0.0000,-0.6181,1.2215,-0.8556,0.014,7233,0.0000,0.0000,0.0205,0,0,0.366
160.804,0,0,0,-0.6167,1.2333,-0.6129,1.2130,1.2979,0.0000,0.0000,0.0000,-0.6047,1.2121,0.5088,0.013,7238,0.0000,0.0000,0.0207,0,0,0.384
160.901,0,0,0,-0.6167,1.2333,-0.6131,1.2132,1.2721,0.0000,0.0000,0.0000,-0.6181,1.2215,-0.8556,0.031,7242,0.0000,0.0000,0.0204,0,0,0.385
161.002,0,0,0,-0.6167,1.2333,-0.6134,1.2134,1.2786,0.0000,0.0000,0.0000,-0.6181,1.2215,-0.8556,0.005,7247,0.0000,0.0000,0.0202,0,0,0.370
161.104,0,0,0,-0.6167,1.2333,-0.6136,1.2136,1.2522,0.0000,0.0000,0.0000,-0.5749,1.1819,3.1320,0.009,7251,0.0000,0.0000,0.0200,0,0,0.382
161.202,0,0,0,-0.6167,1.2333,-0.6134,1.2134,1.2754,0.0000,0.0000,0.0000,-0.6181,1.2215,-0.8559,0.005,7256,0.0000,0.0000,0.0202,0,0,0.385
161.301,0,0,0,-0.6167,1.2333,-0.6129,1.2130,1.2875,0.0000,0.0000,0.0000,-0.5751,1.1808,3.1574,0.028,7260,0.0000,0.0000,0.0207,0,0,0.381
161.404,0,0,0,-0.6167,1.2333,-0.6127,1.2128,1.3102,0.0000,0.0000,0.0000,-0.6181,1.2215,-0.8553,0.003,7266,0.0000,0.0000,0.0209,0,0,0.354
161.501,0,0,0,-0.6167,1.2333,-0.6129,1.2130,1.2832,0.0000,0.0000,0.0000,-0.6181,1.2215,-0.8556,0.033,7269,0.0000,0.0000,0.0207,0,0,0.378
161.602,0,0,0,-0.6167,1.2333,-0.6131,1.2132,1.2850,0.0000,0.0000,0.0000,-0.6181,1.2215,-0.8557,0.002,7275,0.0000,0.0000,0.0205,0,0,0.384
161.701,0,0,0,-0.6167,1.2333,-0.6130,1.2130,1.2792,0.0000,0.0000,0.0000,-0.6181,1.2215,-0.8555,0.035,7278,0.0000,0.0000,0.0206,0,0,0.382
161.803,0,0,0,-0.6167,1.2333,-0.6127,1.2128,1.2861,0.0000,0.0000,0.0000,-0.6181,1.2215,-0.8557,0.003,7283,0.0000,0.0000,0.0209,0,0,0.389
161.904,0,0,0,-0.6167,1.2333,-0.6130,1.2131,1.2753,0.0000,0.0000,0.0000,-0.6279,1.2178,3.0725,0.030,7287,0.0000,0.0000,0.0206,0,0,0.391
162.001,0,0,0,-0.6167,1.2333,-0.6129,1.2130,1.2957,0.0000,0.0000,0.0000,-0.6052,1.2129,0.4629,0.009,7292,0.0000,0.0000,0.0207,0,0,0.374
162.101,0,0,0,-0.6167,1.2333,-0.6131,1.2132,1.2682,0.0000,0.0000,0.0000,-0.6181,1.2215,-0.8560,0.031,7296,0.0000,0.0000,0.0205,0,0,0.353
162.201,0,0,0,-0.6167,1.2333,-0.6130,1.2130,1.2901,0.0000,0.0000,0.0000,-0.6049,1.2107,0.5616,0.009,7301,0.0000,0.0000,0.0207,0,0,0.370
162.301,0,0,0,-0.6167,1.2333,-0.6128,1.2129,1.2855,0.0000,0.0000,0.0000,-0.6181,1.2215,-0.8560,0.030,7305,0.0000,0.0000,0.0208,0,0,0.360
162.401,0,0,0,-0.6167,1.2333,-0.6128,1.2128,1.3144,0.0000,0.0000,0.0000,-0.6180,1.2215,-0.8564,0.002,7310,0.0000,0.0000,0.0209,0,0,0.362
162.503,0,0,0,-0.6167,1.2333,-0.6126,1.2126,1.3013,0.0000,0.0000,0.0000,-0.6048,1.2119,0.5162,0.031,7314,0.0000,0.0000,0.0211,0,0,0.386
162.601,0,0,0,-0.6167,1.2333,-0.6129,1.2128,1.3059,0.0000,0.0000,0.0000,-0.6181,1.2215,-0.8561,0.002,7319,0.0000,0.0000,0.0208,0,0,0.327
162.704,0,0,0,-0.6167,1.2333,-0.6130,1.2131,1.2729,0.0000,0.0000,0.0000,-0.6047,1.2119,0.5140,0.026,7323,0.0000,0.0000,0.0206,0,0,0.348
162.804,0,0,0,-0.6167,1.2333,-0.6126,1.2126,1.3165,0.0000,0.0000,0.0000,-0.6181,1.2215,-0.8563,0.009,7329,0.0000,0.0000,0.0212,0,0,0.355
162.901,0,0,0,-0.6167,1.2333,-0.6128,1.2128,1.2909,0.0000,0.0000,0.0000,-0.6180,1.2215,-0.8571,0.034,7332,0.0000,0.0000,0.0209,0,0,0.372
163.001,0,0,0,-0.6167,1.2333,-0.6129,1.2130,1.2959,0.0000,0.0000,0.0000,-0.6181,1.2215,-0.8562,0.002,7338,0.0000,0.0000,0.0207,0,0,0.365
163.103,0,0,0,-0.6167,1.2333,-0.6127,1.2129,1.2855,0.0000,0.0000,0.0000,-0.6181,1.2215,-0.8559,0.038,7341,0.0000,0.0000,0.0208,0,0,0.379
163.205,0,0,0,-0.6167,1.2333,-0.6128,1.2130,1.2777,0.0000,0.0000,0.0000,-0.5752,1.1811,3.1493,0.007,7345,0.0000,0.0000,0.0207,0,0,0.375
163.302,0,0,0,-0.6167,1.2333,-0.6127,1.2129,1.2814,0.0000,0.0000,0.0000,-0.6181,1.2215,-0.8564,0.033,7350,0.0000,0.0000,0.0208,0,0,0.394
163.407,0,0,0,-0.6167,1.2333,-0.6129,1.2131,1.2718,0.0000,0.0000,0.0000,-0.6279,1.2178,3.0726,0.002,7355,0.0000,0.0000,0.0206,0,0,0.383
163.504,0,0,0,-0.6167,1.2333,-0.6124,1.2126,1.3133,0.0000,0.0000,0.0000,-0.6181,1.2215,-0.8565,0.003,7359,0.0000,0.0000,0.0212,0,0,0.362
163.604,0,0,0,-0.6167,1.2333,-0.6128,1.2129,1.3031,0.0000,0.0000,0.0000,-0.5751,1.1815,3.1410,0.006,7364,0.0000,0.0000,0.0208,0,0,0.388
163.703,0,0,0,-0.6167,1.2333,-0.6126,1.2128,1.2919,0.0000,0.0000,0.0000,-0.6181,1.2215,-0.8560,0.035,7368,0.0000,0.0000,0.0209,0,0,0.379
163.802,0,0,0,-0.6167,1.2333,-0.6129,1.2130,1.2973,0.0000,0.0000,0.0000,-0.6180,1.2215,-0.8568,0.005,7373,0.0000,0.0000,0.0207,0,0,0.352
163.903,0,0,0,-0.6167,1.2333,-0.6131,1.2132,1.2720,0.0000,0.0000,0.0000,-0.5750,1.1816,3.1426,0.009,7377,0.0000,0.0000,0.0205,0,0,0.379
164.001,0,0,0,-0.6167,1.2333,-0.6126,1.2127,1.3166,0.0000,0.0000,0.0000,-0.6181,1.2215,-0.8566,0.002,7382,0.0000,0.0000,0.0210,0,0,0.341
164.105,0,0,0,-0.6167,1.2333,-0.6124,1.2126,1.3051,0.0000,0.0000,0.0000,-0.6180,1.2215,-0.8570,0.037,7386,0.0000,0.0000,0.0212,0,0,0.384
164.204,0,0,0,-0.6167,1.2333,-0.6123,1.2125,1.3269,0.0000,0.0000,0.0000,-0.6180,1.2215,-0.8570,0.006,7392,0.0000,0.0000,0.0213,0,0,0.391
164.304,0,0,0,-0.6167,1.2333,-0.6125,1.2127,1.3002,0.0000,0.0000,0.0000,-0.6181,1.2215,-0.8566,0.038,7395,0.0000,0.0000,0.0210,0,0,0.377
164.401,0,0,0,-0.6167,1.2333,-0.6128,1.2129,1.3001,0.0000,0.0000,0.0000,-0.6181,1.2215,-0.8570,0.005,7401,0.0000,0.0000,0.0208,0,0,0.386
164.502,0,0,0,-0.6167,1.2333,-0.6126,1.2128,1.2951,0.0000,0.0000,0.0000,-0.6181,1.2215,-0.8568,0.033,7404,0.0000,0.0000,0.0210,0,0,0.379
164.605,0,0,0,-0.6167,1.2333,-0.6129,1.2129,1.3033,0.0000,0.0000,0.0000,-0.6180,1.2215,-0.8573,0.003,7410,0.0000,0.0000,0.0207,0,0,0.369
164.701,0,0,0,-0.6167,1.2333,-0.6124,1.2125,1.3143,0.0000,0.0000,0.0000,-0.6180,1.2215,-0.8573,0.012,7413,0.0000,0.0000,0.0213,0,0,0.370
164.804,0,0,0,-0.6167,1.2333,-0.6126,1.2127,1.3145,0.0000,0.0000,0.0000,-0.6180,1.2215,-0.8575,0.006,7419,0.0000,0.0000,0.0210,0,0,0.356
164.907,0,0,0,-0.6167,1.2333,-0.6125,1.2126,1.3095,0.0000,0.0000,0.0000,-0.6180,1.2215,-0.8574,0.037,7422,0.0000,0.0000,0.0211,0,0,0.378
165.001,0,0,0,-0.6167,1.2333,-0.6125,1.2125,1.3344,0.0000,0.0000,0.0000,-0.5752,1.1809,3.1586,0.009,7427,0.0000,0.0000,0.0213,0,0,0.368
165.105,0,0,0,-0.6167,1.2333,-0.6123,1.2124,1.3216,0.0000,0.0000,0.0000,-0.6046,1.2121,0.5025,0.015,7431,0.0000,0.0000,0.0214,0,0,0.393
165.201,0,0,0,-0.6167,1.2333,-0.6123,1.2123,1.3465,0.0000,0.0000,0.0000,-0.6181,1.2214,-0.8567,0.002,7436,0.0000,0.0000,0.0215,0,0,0.381
165.301,0,0,0,-0.6167,1.2333,-0.6121,1.2122,1.3335,0.0000,0.0000,0.0000,-0.6042,1.2112,0.5655,0.030,7440,0.0000,0.0000,0.0216,0,0,0.385
165.402,0,0,0,-0.6167,1.2333,-0.6123,1.2124,1.3314,0.0000,0.0000,0.0000,-0.6181,1.2215,-0.8571,0.002,7446,0.0000,0.0000,0.0214,0,0,0.370
165.501,0,0,0,-0.6167,1.2333,-0.6122,1.2123,1.3260,0.0000,0.0000,0.0000,-0.6181,1.2215,-0.8570,0.035,7449,0.0000,0.0000,0.0215,0,0,0.371
165.602,0,0,0,-0.6167,1.2333,-0.6122,1.2122,1.3542,0.0000,0.0000,0.0000,-0.5752,1.1809,3.1557,0.008,7454,0.0000,0.0000,0.0216,0,0,0.376
165.703,0,0,0,-0.6167,1.2333,-0.6121,1.2121,1.3418,0.0000,0.0000,0.0000,-0.6181,1.2214,-0.8570,0.038,7458,0.0000,0.0000,0.0217,0,0,0.391
165.802,0,0,0,-0.6167,1.2333,-0.6120,1.2120,1.3605,0.0000,0.0000,0.0000,-0.6040,1.2115,0.5689,0.011,7463,0.0000,0.0000,0.0218,0,0,0.384
165.904,0,0,0,-0.6167,1.2333,-0.6122,1.2123,1.3341,0.0000,0.0000,0.0000,-0.6279,1.2179,3.0706,0.029,7467,0.0000,0.0000,0.0215,0,0,0.396
166.004,0,0,0,-0.6167,1.2333,-0.6123,1.2124,1.3258,0.0000,0.0000,0.0000,-0.5752,1.1810,3.1469,0.004,7471,0.0000,0.0000,0.0214,0,0,0.369
166.104,0,0,0,-0.6167,1.2333,-0.6120,1.2121,1.3480,0.0000,0.0000,0.0000,-0.6181,1.2214,-0.8573,0.036,7476,0.0000,0.0000,0.0218,0,0,0.348
166.201,0,0,0,-0.6167,1.2333,-0.6116,1.2116,1.3897,0.0000,0.0000,0.0000,-0.5752,1.1811,3.1468,0.008,7481,0.0000,0.0000,0.0223,0,0,0.345
166.303,0,0,0,-0.6167,1.2333,-0.6119,1.2119,1.3642,0.0000,0.0000,0.0000,-0.6181,1.2215,-0.8575,0.018,7485,0.0000,0.0000,0.0220,0,0,0.386
166.404,0,0,0,-0.6167,1.2333,-0.6121,1.2121,1.3630,0.0000,0.0000,0.0000,-0.6181,1.2215,-0.8575,0.006,7491,0.0000,0.0000,0.0217,0,0,0.384
166.504,0,0,0,-0.6167,1.2333,-0.6123,1.2123,1.3362,0.0000,0.0000,0.0000,-0.6181,1.2214,-0.8576,0.033,7494,0.0000,0.0000,0.0214,0,0,0.345
166.605,0,0,0,-0.6167,1.2333,-0.6123,1.2122,1.3625,0.0000,0.0000,0.0000,-0.6180,1.2214,-0.8578,0.003,7499,0.0000,0.0000,0.0215,0,0,0.368
166.701,0,0,0,-0.6167,1.2333,-0.6124,1.2125,1.3289,0.0000,0.0000,0.0000,-0.6047,1.2116,0.5344,0.016,7503,0.0000,0.0000,0.0213,0,0,0.384
166.805,0,0,0,-0.6167,1.2333,-0.6127,1.2127,1.3331,0.0000,0.0000,0.0000,-0.6181,1.2214,-0.8578,0.002,7509,0.0000,0.0000,0.0210,0,0,0.390
166.902,0,0,0,-0.6167,1.2333,-0.6122,1.2123,1.3421,0.0000,0.0000,0.0000,-0.6181,1.2214,-0.8576,0.033,7512,0.0000,0.0000,0.0215,0,0,0.370
167.002,0,0,0,-0.6167,1.2333,-0.6121,1.2121,1.3620,0.0000,0.0000,0.0000,-0.6180,1.2214,-0.8580,0.003,7518,0.0000,0.0000,0.0217,0,0,0.371
167.107,0,0,0,-0.6167,1.2333,-0.6120,1.2121,1.3558,0.0000,0.0000,0.0000,-0.6180,1.2214,-0.8580,0.038,7521,0.0000,0.0000,0.0218,0,0,0.399
167.201,0,0,0,-0.6167,1.2333,-0.6121,1.2122,1.3383,0.0000,0.0000,0.0000,-0.6280,1.2178,3.0724,0.002,7526,0.0000,0.0000,0.0216,0,0,0.361
167.301,0,0,0,-0.6167,1.2333,-0.6125,1.2125,1.3231,0.0000,0.0000,0.0000,-0.6180,1.2214,-0.8581,0.031,7530,0.0000,0.0000,0.0212,0,0,0.389
167.404,0,0,0,-0.6167,1.2333,-0.6126,1.2127,1.3136,0.0000,0.0000,0.0000,-0.6280,1.2178,3.0728,0.003,7535,0.0000,0.0000,0.0210,0,0,0.383
167.501,0,0,0,-0.6167,1.2333,-0.6123,1.2123,1.3363,0.0000,0.0000,0.0000,-0.6181,1.2214,-0.8580,0.014,7539,0.0000,0.0000,0.0215,0,0,0.382
167.604,0,0,0,-0.6167,1.2333,-0.6123,1.2122,1.3623,0.0000,0.0000,0.0000,-0.5750,1.1817,3.1412,0.004,7544,0.0000,0.0000,0.0216,0,0,0.387
167.701,0,0,0,-0.6167,1.2333,-0.6118,1.2118,1.3687,0.0000,0.0000,0.0000,-0.6181,1.2214,-0.8582,0.027,7548,0.0000,0.0000,0.0221,0,0,0.391
167.802,0,0,0,-0.6167,1.2333,-0.6118,1.2117,1.3921,0.0000,0.0000,0.0000,-0.6180,1.2214,-0.8583,0.008,7553,0.0000,0.0000,0.0221,0,0,0.382
167.904,0,0,0,-0.6167,1.2333,-0.6116,1.2117,1.3777,0.0000,0.0000,0.0000,-0.6046,1.2110,0.5660,0.011,7557,0.0000,0.0000,0.0222,0,0,0.398
168.003,0,0,0,-0.6167,1.2333,-0.6120,1.2119,1.3798,0.0000,0.0000,0.0000,-0.6181,1.2214,-0.8582,0.009,7562,0.0000,0.0000,0.0219,0,0,0.376
168.102,0,0,0,-0.6167,1.2333,-0.6115,1.2115,1.3878,0.0000,0.0000,0.0000,-0.5752,1.1809,3.1532,0.032,7566,0.0000,0.0000,0.0224,0,0,0.392
168.202,0,0,0,-0.6167,1.2333,-0.6118,1.2118,1.3899,0.0000,0.0000,0.0000,-0.5751,1.1810,3.1568,0.007,7571,0.0000,0.0000,0.0221,0,0,0.361
168.305,0,0,0,-0.6167,1.2333,-0.6114,1.2114,1.3968,0.0000,0.0000,0.0000,-0.6181,1.2214,-0.8582,0.034,7575,0.0000,0.0000,0.0226,0,0,0.394
168.403,0,0,0,-0.6167,1.2333,-0.6117,1.2116,1.3978,0.0000,0.0000,0.0000,-0.6181,1.2214,-0.8580,0.003,7581,0.0000,0.0000,0.0223,0,0,0.386
168.504,0,0,0,-0.6167,1.2333,-0.6116,1.2116,1.3818,0.0000,0.0000,0.0000,-0.6181,1.2214,-0.8578,0.039,7584,0.0000,0.0000,0.0223,0,0,0.398
168.605,0,0,0,-0.6167,1.2333,-0.6116,1.2115,1.4069,0.0000,0.0000,0.0000,-0.6181,1.2214,-0.8585,0.002,7590,0.0000,0.0000,0.0224,0,0,0.353
168.701,0,0,0,-0.6167,1.2333,-0.6118,1.2118,1.3717,0.0000,0.0000,0.0000,-0.6279,1.2178,3.0724,0.026,7593,0.0000,0.0000,0.0221,0,0,0.378
168.803,0,0,0,-0.6167,1.2333,-0.6120,1.2120,1.3689,0.0000,0.0000,0.0000,-0.6048,1.2116,0.5215,0.009,7598,0.0000,0.0000,0.0218,0,0,0.379
168.903,0,0,0,-0.6167,1.2333,-0.6119,1.2119,1.3628,0.0000,0.0000,0.0000,-0.6180,1.2214,-0.8590,0.030,7602,0.0000,0.0000,0.0219,0,0,0.381
169.004,0,0,0,-0.6167,1.2333,-0.6119,1.2118,1.3816,0.0000,0.0000,0.0000,-0.6050,1.2114,0.5186,0.014,7607,0.0000,0.0000,0.0220,0,0,0.375
169.102,0,0,0,-0.6167,1.2333,-0.6118,1.2118,1.3742,0.0000,0.0000,0.0000,-0.6181,1.2214,-0.8586,0.035,7611,0.0000,0.0000,0.0221,0,0,0.367
169.204,0,0,0,-0.6167,1.2333,-0.6118,1.2117,1.3987,0.0000,0.0000,0.0000,-0.6181,1.2214,-0.8584,0.007,7616,0.0000,0.0000,0.0222,0,0,0.374
169.303,0,0,0,-0.6167,1.2333,-0.6113,1.2113,1.4049,0.0000,0.0000,0.0000,-0.5752,1.1808,3.1603,0.030,7620,0.0000,0.0000,0.0227,0,0,0.361
169.404,0,0,0,-0.6167,1.2333,-0.6114,1.2112,1.4271,0.0000,0.0000,0.0000,-0.6181,1.2214,-0.8586,0.006,7625,0.0000,0.0000,0.0227,0,0,0.377
169.502,0,0,0,-0.6167,1.2333,-0.6109,1.2109,1.4322,0.0000,0.0000,0.0000,-0.5752,1.1808,3.1602,0.017,7629,0.0000,0.0000,0.0232,0,0,0.368
169.604,0,0,0,-0.6167,1.2333,-0.6109,1.2108,1.4486,0.0000,0.0000,0.0000,-0.6181,1.2214,-0.8581,0.003,7635,0.0000,0.0000,0.0232,0,0,0.349
169.701,0,0,0,-0.6167,1.2333,-0.6112,1.2111,1.4184,0.0000,0.0000,0.0000,-0.6181,1.2214,-0.8581,0.037,7638,0.0000,0.0000,0.0229,0,0,0.379
169.805,0,0,0,-0.6167,1.2333,-0.6112,1.2111,1.4350,0.0000,0.0000,0.0000,-0.6181,1.2214,-0.8581,0.007,7644,0.0000,0.0000,0.0229,0,0,0.378
169.902,0,0,0,-0.6167,1.2333,-0.6111,1.2110,1.4261,0.0000,0.0000,0.0000,-0.6181,1.2214,-0.8584,0.035,7647,0.0000,0.0000,0.0230,0,0,0.379
170.002,0,0,0,-0.6167,1.2333,-0.6106,1.2106,1.4484,0.0000,0.0000,0.0000,-0.6181,1.2214,-0.8585,0.003,7652,0.0000,0.0000,0.0235,0,0,0.387
170.101,0,0,0,-0.6167,1.2333,-0.6107,1.2107,1.4502,0.0000,0.0000,0.0000,-0.6180,1.2214,-0.8590,0.034,7656,0.0000,0.0000,0.0234,0,0,0.375
170.202,0,0,0,-0.6167,1.2333,-0.6109,1.2109,1.4382,0.0000,0.0000,0.0000,-0.5750,1.1819,3.1372,0.006,7660,0.0000,0.0000,0.0232,0,0,0.351
170.303,0,0,0,-0.6167,1.2333,-0.6109,1.2108,1.4530,0.0000,0.0000,0.0000,-0.6181,1.2214,-0.8588,0.003,7665,0.0000,0.0000,0.0232,0,0,0.360
170.404,0,0,0,-0.6167,1.2333,-0.6107,1.2106,1.4700,0.0000,0.0000,0.0000,-0.5750,1.1816,3.1421,0.013,7670,0.0000,0.0000,0.0235,0,0,0.382
170.501,0,0,0,-0.6167,1.2333,-0.6106,1.2106,1.4595,0.0000,0.0000,0.0000,-0.6180,1.2214,-0.8594,0.035,7674,0.0000,0.0000,0.0236,0,0,0.342
170.602,0,0,0,-0.6167,1.2333,-0.6107,1.2105,1.4806,0.0000,0.0000,0.0000,-0.6181,1.2214,-0.8589,0.003,7679,0.0000,0.0000,0.0236,0,0,0.380
170.702,0,0,0,-0.6167,1.2333,-0.6110,1.2109,1.4489,0.0000,0.0000,0.0000,-0.6053,1.2128,0.4505,0.007,7683,0.0000,0.0000,0.0232,0,0,0.377
170.803,0,0,0,-0.6167,1.2333,-0.6110,1.2108,1.4631,0.0000,0.0000,0.0000,-0.6181,1.2214,-0.8590,0.009,7688,0.0000,0.0000,0.0232,0,0,0.381
170.904,0,0,0,-0.6167,1.2333,-0.6109,1.2108,1.4449,0.0000,0.0000,0.0000,-0.6181,1.2214,-0.8589,0.037,7692,0.0000,0.0000,0.0233,0,0,0.327
171.004,0,0,0,-0.6167,1.2333,-0.6112,1.2111,1.4405,0.0000,0.0000,0.0000,-0.6180,1.2214,-0.8594,0.006,7698,0.0000,0.0000,0.0229,0,0,0.350
171.103,0,0,0,-0.6167,1.2333,-0.6114,1.2114,1.4092,0.0000,0.0000,0.0000,-0.6181,1.2214,-0.8592,0.037,7701,0.0000,0.0000,0.0226,0,0,0.399
171.204,0,0,0,-0.6167,1.2333,-0.6114,1.2113,1.4260,0.0000,0.0000,0.0000,-0.6181,1.2214,-0.8592,0.006,7707,0.0000,0.0000,0.0226,0,0,0.387
171.302,0,0,0,-0.6167,1.2333,-0.6116,1.2116,1.3949,0.0000,0.0000,0.0000,-0.6181,1.2214,-0.8588,0.037,7710,0.0000,0.0000,0.0223,0,0,0.350
171.403,0,0,0,-0.6167,1.2333,-0.6114,1.2115,1.3985,0.0000,0.0000,0.0000,-0.6181,1.2214,-0.8593,0.007,7715,0.0000,0.0000,0.0225,0,0,0.375
171.502,0,0,0,-0.6167,1.2333,-0.6118,1.2118,1.3828,0.0000,0.0000,0.0000,-0.6181,1.2214,-0.8591,0.016,7719,0.0000,0.0000,0.0221,0,0,0.377
171.602,0,0,0,-0.6167,1.2333,-0.6114,1.2114,1.4215,0.0000,0.0000,0.0000,-0.5750,1.1815,3.1453,0.008,7724,0.0000,0.0000,0.0226,0,0,0.393
171.701,0,0,0,-0.6167,1.2333,-0.6114,1.2114,1.4127,0.0000,0.0000,0.0000,-0.6181,1.2214,-0.8592,0.029,7728,0.0000,0.0000,0.0226,0,0,0.369
171.802,0,0,0,-0.6167,1.2333,-0.6116,1.2116,1.4088,0.0000,0.0000,0.0000,-0.6181,1.2214,-0.8591,0.005,7734,0.0000,0.0000,0.0223,0,0,0.382
171.904,0,0,0,-0.6167,1.2333,-0.6115,1.2116,1.4010,0.0000,0.0000,0.0000,-0.5751,1.1814,3.1434,0.010,7737,0.0000,0.0000,0.0224,0,0,0.387
172.004,0,0,0,-0.6167,1.2333,-0.6116,1.2115,1.4253,0.0000,0.0000,0.0000,-0.6181,1.2214,-0.8592,0.010,7742,0.0000,0.0000,0.0224,0,0,0.364
172.102,0,0,0,-0.6167,1.2333,-0.6114,1.2114,1.4116,0.0000,0.0000,0.0000,-0.6048,1.2114,0.5332,0.032,7746,0.0000,0.0000,0.0225,0,0,0.386
172.203,0,0,0,-0.6167,1.2333,-0.6117,1.2117,1.4081,0.0000,0.0000,0.0000,-0.6181,1.2214,-0.8591,0.008,7752,0.0000,0.0000,0.0222,0,0,0.405
172.301,0,0,0,-0.6167,1.2333,-0.6116,1.2116,1.4009,0.0000,0.0000,0.0000,-0.6181,1.2214,-0.8592,0.030,7755,0.0000,0.0000,0.0223,0,0,0.378
172.401,0,0,0,-0.6167,1.2333,-0.6119,1.2119,1.3973,0.0000,0.0000,0.0000,-0.6181,1.2214,-0.8594,0.002,7761,0.0000,0.0000,0.0220,0,0,0.396
172.503,0,0,0,-0.6167,1.2333,-0.6118,1.2118,1.3879,0.0000,0.0000,0.0000,-0.6180,1.2214,-0.8598,0.036,7764,0.0000,0.0000,0.0221,0,0,0.373
172.605,0,0,0,-0.6167,1.2333,-0.6120,1.2120,1.3834,0.0000,0.0000,0.0000,-0.6181,1.2214,-0.8596,0.002,7770,0.0000,0.0000,0.0218,0,0,0.383
172.701,0,0,0,-0.6167,1.2333,-0.6122,1.2123,1.3548,0.0000,0.0000,0.0000,-0.6280,1.2178,3.0729,0.030,7773,0.0000,0.0000,0.0215,0,0,0.369
172.802,0,0,0,-0.6167,1.2333,-0.6125,1.2124,1.3525,0.0000,0.0000,0.0000,-0.6181,1.2214,-0.8591,0.002,7779,0.0000,0.0000,0.0213,0,0,0.375
172.901,0,0,0,-0.6167,1.2333,-0.6124,1.2124,1.3463,0.0000,0.0000,0.0000,-0.6181,1.2214,-0.8592,0.032,7782,0.0000,0.0000,0.0214,0,0,0.385
173.003,0,0,0,-0.6167,1.2333,-0.6123,1.2122,1.3641,0.0000,0.0000,0.0000,-0.6040,1.2116,0.5755,0.013,7787,0.0000,0.0000,0.0216,0,0,0.377
173.107,0,0,0,-0.6167,1.2333,-0.6125,1.2125,1.3357,0.0000,0.0000,0.0000,-0.6280,1.2178,3.0737,0.002,7792,0.0000,0.0000,0.0213,0,0,0.383
173.204,0,0,0,-0.6167,1.2333,-0.6128,1.2127,1.3403,0.0000,0.0000,0.0000,-0.6181,1.2214,-0.8598,0.003,7797,0.0000,0.0000,0.0210,0,0,0.371
173.303,0,0,0,-0.6167,1.2333,-0.6126,1.2126,1.3261,0.0000,0.0000,0.0000,-0.6181,1.2214,-0.8598,0.039,7800,0.0000,0.0000,0.0212,0,0,0.393
173.402,0,0,0,-0.6167,1.2333,-0.6125,1.2124,1.3503,0.0000,0.0000,0.0000,-0.6181,1.2214,-0.8597,0.008,7805,0.0000,0.0000,0.0213,0,0,0.393
173.502,0,0,0,-0.6167,1.2333,-0.6120,1.2120,1.3571,0.0000,0.0000,0.0000,-0.5751,1.1815,3.1437,0.011,7809,0.0000,0.0000,0.0218,0,0,0.357
173.605,0,0,0,-0.6167,1.2333,-0.6120,1.2119,1.3811,0.0000,0.0000,0.0000,-0.6181,1.2214,-0.8600,0.003,7815,0.0000,0.0000,0.0219,0,0,0.399
173.703,0,0,0,-0.6167,1.2333,-0.6119,1.2119,1.3668,0.0000,0.0000,0.0000,-0.6181,1.2214,-0.8597,0.033,7818,0.0000,0.0000,0.0220,0,0,0.377
173.804,0,0,0,-0.6167,1.2333,-0.6118,1.2117,1.3842,0.0000,0.0000,0.0000,-0.6180,1.2214,-0.8602,0.009,7824,0.0000,0.0000,0.0221,0,0,0.391
173.904,0,0,0,-0.6167,1.2333,-0.6120,1.2120,1.3555,0.0000,0.0000,0.0000,-0.6181,1.2214,-0.8598,0.037,7827,0.0000,0.0000,0.0218,0,0,0.391
174.002,0,0,0,-0.6167,1.2333,-0.6119,1.2118,1.3652,0.0000,0.0000,0.0000,-0.6181,1.2214,-0.8602,0.003,7832,0.0000,0.0000,0.0220,0,0,0.389
174.103,0,0,0,-0.6167,1.2333,-0.6119,1.2118,1.3665,0.0000,0.0000,0.0000,-0.6181,1.2214,-0.8602,0.036,7836,0.0000,0.0000,0.0220,0,0,0.399
174.203,0,0,0,-0.6167,1.2333,-0.6115,1.2114,1.4071,0.0000,0.0000,0.0000,-0.6280,1.2178,3.0743,0.007,7841,0.0000,0.0000,0.0225,0,0,0.355
174.301,0,0,0,-0.6167,1.2333,-0.6114,1.2113,1.4186,0.0000,0.0000,0.0000,-0.6181,1.2214,-0.8599,0.003,7845,0.0000,0.0000,0.0227,0,0,0.371
174.402,0,0,0,-0.6167,1.2333,-0.6114,1.2113,1.4166,0.0000,0.0000,0.0000,-0.6043,1.2114,0.5635,0.012,7850,0.0000,0.0000,0.0227,0,0,0.372
174.505,0,0,0,-0.6167,1.2333,-0.6113,1.2112,1.4084,0.0000,0.0000,0.0000,-0.6181,1.2214,-0.8603,0.039,7854,0.0000,0.0000,0.0227,0,0,0.380
174.605,0,0,0,-0.6167,1.2333,-0.6117,1.2115,1.4103,0.0000,0.0000,0.0000,-0.6181,1.2214,-0.8601,0.007,7859,0.0000,0.0000,0.0224,0,0,0.388
174.702,0,0,0,-0.6167,1.2333,-0.6118,1.2118,1.3736,0.0000,0.0000,0.0000,-0.6047,1.2119,0.5091,0.011,7863,0.0000,0.0000,0.0221,0,0,0.372
174.804,0,0,0,-0.6167,1.2333,-0.6122,1.2120,1.3767,0.0000,0.0000,0.0000,-0.6181,1.2214,-0.8602,0.011,7868,0.0000,0.0000,0.0218,0,0,0.347
174.904,0,0,0,-0.6167,1.2333,-0.6117,1.2116,1.3839,0.0000,0.0000,0.0000,-0.5752,1.1809,3.1542,0.033,7872,0.0000,0.0000,0.0223,0,0,0.384
175.006,0,0,0,-0.6167,1.2333,-0.6116,1.2115,1.4008,0.0000,0.0000,0.0000,-0.6181,1.2214,-0.8602,0.008,7878,0.0000,0.0000,0.0224,0,0,0.379
175.101,0,0,0,-0.6167,1.2333,-0.6115,1.2115,1.3906,0.0000,0.0000,0.0000,-0.6181,1.2214,-0.8604,0.034,7881,0.0000,0.0000,0.0225,0,0,0.397
175.205,0,0,0,-0.6167,1.2333,-0.6118,1.2117,1.3883,0.0000,0.0000,0.0000,-0.6181,1.2214,-0.8600,0.002,7887,0.0000,0.0000,0.0222,0,0,0.389
175.301,0,0,0,-0.6167,1.2333,-0.6120,1.2119,1.3595,0.0000,0.0000,0.0000,-0.6181,1.2214,-0.8601,0.035,7890,0.0000,0.0000,0.0219,0,0,0.396
175.402,0,0,0,-0.6167,1.2333,-0.6114,1.2115,1.3846,0.0000,0.0000,0.0000,-0.6181,1.2214,-0.8598,0.003,7895,0.0000,0.0000,0.0225,0,0,0.376
175.504,0,0,0,-0.6167,1.2333,-0.6119,1.2118,1.3688,0.0000,0.0000,0.0000,-0.6280,1.2178,3.0737,0.032,7899,0.0000,0.0000,0.0221,0,0,0.387
175.603,0,0,0,-0.6167,1.2333,-0.6119,1.2117,1.3954,0.0000,0.0000,0.0000,-0.5752,1.1809,3.1599,0.003,7904,0.0000,0.0000,0.0222,0,0,0.389
175.702,0,0,0,-0.6167,1.2333,-0.6117,1.2116,1.3816,0.0000,0.0000,0.0000,-0.6181,1.2214,-0.8603,0.029,7908,0.0000,0.0000,0.0223,0,0,0.389
175.804,0,0,0,-0.6167,1.2333,-0.6117,1.2115,1.4006,0.0000,0.0000,0.0000,-0.5751,1.1814,3.1460,0.012,7913,0.0000,0.0000,0.0224,0,0,0.358
175.904,0,0,0,-0.6167,1.2333,-0.6119,1.2118,1.3711,0.0000,0.0000,0.0000,-0.6181,1.2214,-0.8599,0.031,7917,0.0000,0.0000,0.0220,0,0,0.389
176.004,0,0,0,-0.6167,1.2333,-0.6119,1.2117,1.3964,0.0000,0.0000,0.0000,-0.6181,1.2214,-0.8600,0.008,7922,0.0000,0.0000,0.0221,0,0,0.369
176.103,0,0,0,-0.6167,1.2333,-0.6117,1.2117,1.3830,0.0000,0.0000,0.0000,-0.5751,1.1815,3.1380,0.034,7926,0.0000,0.0000,0.0222,0,0,0.402
176.205,0,0,0,-0.6167,1.2333,-0.6121,1.2119,1.3865,0.0000,0.0000,0.0000,-0.6181,1.2214,-0.8602,0.011,7931,0.0000,0.0000,0.0219,0,0,0.374
176.302,0,0,0,-0.6167,1.2333,-0.6119,1.2118,1.3749,0.0000,0.0000,0.0000,-0.5751,1.1809,3.1653,0.031,7935,0.0000,0.0000,0.0220,0,0,0.353
176.403,0,0,0,-0.6167,1.2333,-0.6121,1.2120,1.3713,0.0000,0.0000,0.0000,-0.6181,1.2214,-0.8604,0.006,7941,0.0000,0.0000,0.0218,0,0,0.393
176.504,0,0,0,-0.6167,1.2333,-0.6120,1.2120,1.3670,0.0000,0.0000,0.0000,-0.6181,1.2214,-0.8603,0.036,7944,0.0000,0.0000,0.0219,0,0,0.378
176.604,0,0,0,-0.6167,1.2333,-0.6120,1.2119,1.3862,0.0000,0.0000,0.0000,-0.6181,1.2214,-0.8602,0.006,7950,0.0000,0.0000,0.0220,0,0,0.382
176.704,0,0,0,-0.6167,1.2333,-0.6122,1.2121,1.3606,0.0000,0.0000,0.0000,-0.6181,1.2214,-0.8602,0.039,7953,0.0000,0.0000,0.0217,0,0,0.365
176.803,0,0,0,-0.6167,1.2333,-0.6119,1.2119,1.3659,0.0000,0.0000,0.0000,-0.6181,1.2214,-0.8607,0.003,7958,0.0000,0.0000,0.0219,0,0,0.379
176.904,0,0,0,-0.6167,1.2333,-0.6120,1.2119,1.3723,0.0000,0.0000,0.0000,-0.6181,1.2214,-0.8607,0.036,7962,0.0000,0.0000,0.0219,0,0,0.369
177.002,0,0,0,-0.6167,1.2333,-0.6118,1.2118,1.3745,0.0000,0.0000,0.0000,-0.6279,1.2178,3.0710,0.003,7967,0.0000,0.0000,0.0221,0,0,0.378
177.102,0,0,0,-0.6167,1.2333,-0.6122,1.2121,1.3597,0.0000,0.0000,0.0000,-0.6181,1.2214,-0.8609,0.015,7971,0.0000,0.0000,0.0217,0,0,0.375
177.203,0,0,0,-0.6167,1.2333,-0.6124,1.2123,1.3559,0.0000,0.0000,0.0000,-0.6181,1.2214,-0.8605,0.008,7977,0.0000,0.0000,0.0214,0,0,0.391
177.305,0,0,0,-0.6167,1.2333,-0.6126,1.2126,1.3279,0.0000,0.0000,0.0000,-0.6181,1.2214,-0.8605,0.038,7980,0.0000,0.0000,0.0212,0,0,0.343
177.401,0,0,0,-0.6167,1.2333,-0.6129,1.2128,1.3305,0.0000,0.0000,0.0000,-0.6181,1.2214,-0.8611,0.008,7985,0.0000,0.0000,0.0209,0,0,0.384
177.501,0,0,0,-0.6167,1.2333,-0.6124,1.2124,1.3407,0.0000,0.0000,0.0000,-0.5748,1.1818,3.1468,0.007,7989,0.0000,0.0000,0.0214,0,0,0.371
177.605,0,0,0,-0.6167,1.2333,-0.6124,1.2122,1.3672,0.0000,0.0000,0.0000,-0.5748,1.1818,3.1465,0.003,7994,0.0000,0.0000,0.0215,0,0,0.385
177.701,0,0,0,-0.6167,1.2333,-0.6119,1.2119,1.3740,0.0000,0.0000,0.0000,-0.6181,1.2214,-0.8612,0.037,7998,0.0000,0.0000,0.0220,0,0,0.395
177.802,0,0,0,-0.6167,1.2333,-0.6121,1.2121,1.3724,0.0000,0.0000,0.0000,-0.6181,1.2214,-0.8606,0.006,8004,0.0000,0.0000,0.0218,0,0,0.367
177.903,0,0,0,-0.6167,1.2333,-0.6120,1.2120,1.3665,0.0000,0.0000,0.0000,-0.6181,1.2214,-0.8607,0.039,8007,0.0000,0.0000,0.0218,0,0,0.392
178.002,0,0,0,-0.6167,1.2333,-0.6119,1.2119,1.3881,0.0000,0.0000,0.0000,-0.6181,1.2214,-0.8612,0.002,8013,0.0000,0.0000,0.0220,0,0,0.372
178.101,0,0,0,-0.6167,1.2333,-0.6118,1.2118,1.3797,0.0000,0.0000,0.0000,-0.6181,1.2214,-0.8610,0.035,8016,0.0000,0.0000,0.0220,0,0,0.374
178.204,0,0,0,-0.6167,1.2333,-0.6118,1.2117,1.3987,0.0000,0.0000,0.0000,-0.6181,1.2214,-0.8613,0.006,8022,0.0000,0.0000,0.0222,0,0,0.376
178.302,0,0,0,-0.6167,1.2333,-0.6120,1.2120,1.3702,0.0000,0.0000,0.0000,-0.6181,1.2214,-0.8611,0.015,8025,0.0000,0.0000,0.0219,0,0,0.379
178.403,0,0,0,-0.6167,1.2333,-0.6116,1.2115,1.4099,0.0000,0.0000,0.0000,-0.5753,1.1808,3.1536,0.014,8030,0.0000,0.0000,0.0224,0,0,0.386
178.505,0,0,0,-0.6167,1.2333,-0.6118,1.2118,1.3800,0.0000,0.0000,0.0000,-0.6181,1.2214,-0.8612,0.040,8034,0.0000,0.0000,0.0220,0,0,0.379
178.601,0,0,0,-0.6167,1.2333,-0.6115,1.2114,1.4179,0.0000,0.0000,0.0000,-0.6181,1.2214,-0.8616,0.002,8040,0.0000,0.0000,0.0225,0,0,0.380
178.704,0,0,0,-0.6167,1.2333,-0.6117,1.2117,1.3889,0.0000,0.0000,0.0000,-0.6050,1.2117,0.5175,0.028,8043,0.0000,0.0000,0.0222,0,0,0.393
178.804,0,0,0,-0.6167,1.2333,-0.6117,1.2116,1.4124,0.0000,0.0000,0.0000,-0.5753,1.1809,3.1548,0.003,8049,0.0000,0.0000,0.0223,0,0,0.344
178.901,0,0,0,-0.6167,1.2333,-0.6116,1.2116,1.3971,0.0000,0.0000,0.0000,-0.6049,1.2120,0.5078,0.037,8052,0.0000,0.0000,0.0224,0,0,0.389
179.001,0,0,0,-0.6167,1.2333,-0.6117,1.2116,1.4039,0.0000,0.0000,0.0000,-0.6181,1.2214,-0.8613,0.007,8057,0.0000,0.0000,0.0223,0,0,0.394
179.102,0,0,0,-0.6167,1.2333,-0.6112,1.2111,1.4276,0.0000,0.0000,0.0000,-0.5751,1.1814,3.1416,0.036,8061,0.0000,0.0000,0.0229,0,0,0.375
179.202,0,0,0,-0.6167,1.2333,-0.6108,1.2107,1.4657,0.0000,0.0000,0.0000,-0.6181,1.2214,-0.8615,0.007,8067,0.0000,0.0000,0.0234,0,0,0.380
179.302,0,0,0,-0.6167,1.2333,-0.6108,1.2107,1.4564,0.0000,0.0000,0.0000,-0.6181,1.2214,-0.8618,0.035,8070,0.0000,0.0000,0.0234,0,0,0.383
179.404,0,0,0,-0.6167,1.2333,-0.6111,1.2110,1.4507,0.0000,0.0000,0.0000,-0.6181,1.2214,-0.8618,0.007,8076,0.0000,0.0000,0.0230,0,0,0.382
179.502,0,0,0,-0.6167,1.2333,-0.6171,1.1945,0.8275,0.0000,0.0000,0.0000,-1.1728,-0.3622,-69.8851,0.029,8079,0.0000,0.0000,0.0389,0,0,0.382
179.601,0,0,0,-0.6167,1.2333,-0.6164,1.1947,0.8705,0.0000,0.0000,0.0000,-0.5751,1.1818,3.1281,0.008,8083,0.0000,0.0000,0.0386,0,0,0.351
179.704,0,0,0,-0.6167,1.2333,-0.6165,1.1959,0.8750,0.0000,0.0000,0.0000,-0.6181,1.2214,-0.8611,0.038,8088,0.0000,0.0000,0.0375,0,0,0.384
179.803,0,0,0,-0.6167,1.2333,-0.6162,1.1966,0.9098,0.0000,0.0000,0.0000,-0.6041,1.2110,0.5823,0.013,8093,0.0000,0.0000,0.0368,0,0,0.354
179.901,0,0,0,-0.6167,1.2333,-0.6159,1.1971,0.9169,0.0000,0.0000,0.0000,-0.6181,1.2214,-0.8615,0.013,8097,0.0000,0.0000,0.0362,0,0,0.382
180.003,0,0,0,-0.6167,1.2333,-0.6156,1.1978,0.9516,0.0000,0.0000,0.0000,-0.6181,1.2214,-0.8614,0.003,8103,0.0000,0.0000,0.0356,0,0,0.377
180.103,0,0,0,-0.6167,1.2333,-0.6156,1.1986,0.9367,0.0000,0.0000,0.0000,-0.6039,1.2106,0.6134,0.033,8106,0.0000,0.0000,0.0348,0,0,0.380
180.202,0,0,0,-0.6167,1.2333,-0.6157,1.1993,0.9522,0.0000,0.0000,0.0000,-0.6181,1.2214,-0.8620,0.009,8111,0.0000,0.0000,0.0340,0,0,0.385
180.303,0,0,0,-0.6167,1.2333,-0.6151,1.1996,0.9762,0.0000,0.0000,0.0000,-0.5750,1.1815,3.1435,0.016,8115,0.0000,0.0000,0.0338,0,0,0.383
180.403,0,0,0,-0.6167,1.2333,-0.6145,1.1998,1.0291,0.0000,0.0000,0.0000,-0.6181,1.2214,-0.8614,0.008,8121,0.0000,0.0000,0.0337,0,0,0.383
180.506,0,0,0,-0.6167,1.2333,-0.6146,1.2005,1.0106,0.0000,0.0000,0.0000,-0.6181,1.2214,-0.8618,0.042,8124,0.0000,0.0000,0.0329,0,0,0.378
180.602,0,0,0,-0.6167,1.2333,-0.6140,1.2006,1.0629,0.0000,0.0000,0.0000,-0.6181,1.2214,-0.8617,0.002,8130,0.0000,0.0000,0.0328,0,0,0.385
180.704,0,0,0,-0.6167,1.2333,-0.6141,1.2013,1.0435,0.0000,0.0000,0.0000,-0.6181,1.2214,-0.8614,0.039,8133,0.0000,0.0000,0.0321,0,0,0.381
180.801,0,0,0,-0.6167,1.2333,-0.6139,1.2018,1.0720,0.0000,0.0000,0.0000,-0.6181,1.2214,-0.8617,0.002,8139,0.0000,0.0000,0.0317,0,0,0.336
180.904,0,0,0,-0.6167,1.2333,-0.6141,1.2024,1.0515,0.0000,0.0000,0.0000,-0.6181,1.2214,-0.8613,0.038,8142,0.0000,0.0000,0.0310,0,0,0.395
181.006,0,0,0,-0.6167,1.2333,-0.6137,1.2026,1.0656,0.0000,0.0000,0.0000,-0.6267,1.2159,2.9921,0.002,8147,0.0000,0.0000,0.0309,0,0,0.378
181.103,0,0,0,-0.6167,1.2333,-0.6140,1.2034,1.0623,0.0000,0.0000,0.0000,-0.6181,1.2214,-0.8619,0.015,8151,0.0000,0.0000,0.0301,0,0,0.374
181.202,0,0,0,-0.6167,1.2333,-0.6135,1.2034,1.1121,0.0000,0.0000,0.0000,-0.6181,1.2214,-0.8623,0.003,8157,0.0000,0.0000,0.0301,0,0,0.372
181.301,0,0,0,-0.6167,1.2333,-0.6136,1.2040,1.0910,0.0000,0.0000,0.0000,-0.6181,1.2214,-0.8623,0.033,8160,0.0000,0.0000,0.0295,0,0,0.400
181.401,0,0,0,-0.6167,1.2333,-0.6136,1.2044,1.1056,0.0000,0.0000,0.0000,-0.6181,1.2214,-0.8622,0.009,8165,0.0000,0.0000,0.0291,0,0,0.349
181.502,0,0,0,-0.6167,1.2333,-0.6129,1.2042,1.1383,0.0000,0.0000,0.0000,-0.5751,1.1814,3.1441,0.009,8169,0.0000,0.0000,0.0294,0,0,0.396
181.605,0,0,0,-0.6167,1.2333,-0.6132,1.2047,1.1482,0.0000,0.0000,0.0000,-0.6181,1.2214,-0.8623,0.007,8174,0.0000,0.0000,0.0289,0,0,0.367
181.701,0,0,0,-0.6167,1.2333,-0.6126,1.2047,1.1635,0.0000,0.0000,0.0000,-0.5751,1.1813,3.1423,0.030,8178,0.0000,0.0000,0.0290,0,0,0.395
181.801,0,0,0,-0.6167,1.2333,-0.6129,1.2054,1.1528,0.0000,0.0000,0.0000,-0.6181,1.2213,-0.8618,0.009,8184,0.0000,0.0000,0.0282,0,0,0.394
181.902,0,0,0,-0.6167,1.2333,-0.6127,1.2054,1.1683,0.0000,0.0000,0.0000,-0.6181,1.2213,-0.8621,0.035,8187,0.0000,0.0000,0.0282,0,0,0.363
182.001,0,0,0,-0.6167,1.2333,-0.6122,1.2053,1.2128,0.0000,0.0000,0.0000,-0.6181,1.2213,-0.8619,0.002,8193,0.0000,0.0000,0.0284,0,0,0.372
182.102,0,0,0,-0.6167,1.2333,-0.6124,1.2058,1.1929,0.0000,0.0000,0.0000,-0.6181,1.2213,-0.8619,0.041,8196,0.0000,0.0000,0.0279,0,0,0.378
182.202,0,0,0,-0.6167,1.2333,-0.6124,1.2059,1.2224,0.0000,0.0000,0.0000,-0.5751,1.1813,3.1473,0.003,8201,0.0000,0.0000,0.0278,0,0,0.347
182.304,0,0,0,-0.6167,1.2333,-0.6119,1.2058,1.2352,0.0000,0.0000,0.0000,-0.6267,1.2159,2.9923,0.027,8205,0.0000,0.0000,0.0279,0,0,0.387
182.405,0,0,0,-0.6167,1.2333,-0.6120,1.2062,1.2211,0.0000,0.0000,0.0000,-0.6181,1.2213,-0.8618,0.011,8210,0.0000,0.0000,0.0275,0,0,0.356
182.502,0,0,0,-0.6167,1.2333,-0.6123,1.2068,1.2106,0.0000,0.0000,0.0000,-0.6181,1.2213,-0.8616,0.035,8214,0.0000,0.0000,0.0269,0,0,0.385
182.603,0,0,0,-0.6167,1.2333,-0.6122,1.2069,1.2340,0.0000,0.0000,0.0000,-0.6045,1.2116,0.5432,0.012,8219,0.0000,0.0000,0.0268,0,0,0.349
182.701,0,0,0,-0.6167,1.2333,-0.6124,1.2074,1.2105,0.0000,0.0000,0.0000,-0.6181,1.2214,-0.8627,0.017,8223,0.0000,0.0000,0.0263,0,0,0.400
182.801,0,0,0,-0.6167,1.2333,-0.6124,1.2074,1.2378,0.0000,0.0000,0.0000,-0.6181,1.2213,-0.8625,0.008,8228,0.0000,0.0000,0.0262,0,0,0.383
182.901,0,0,0,-0.6167,1.2333,-0.6122,1.2076,1.2294,0.0000,0.0000,0.0000,-0.6267,1.2159,2.9928,0.002,8233,0.0000,0.0000,0.0261,0,0,0.373
183.004,0,0,0,-0.6167,1.2333,-0.6122,1.2076,1.2578,0.0000,0.0000,0.0000,-0.6181,1.2213,-0.8624,0.011,8237,0.0000,0.0000,0.0261,0,0,0.378
183.105,0,0,0,-0.6167,1.2333,-0.6120,1.2078,1.2489,0.0000,0.0000,0.0000,-0.5752,1.1811,3.1470,0.034,8241,0.0000,0.0000,0.0260,0,0,0.385
183.201,0,0,0,-0.6167,1.2333,-0.6122,1.2083,1.2315,0.0000,0.0000,0.0000,-0.6181,1.2213,-0.8626,0.002,8247,0.0000,0.0000,0.0254,0,0,0.373
183.302,0,0,0,-0.6167,1.2333,-0.6124,1.2085,1.2234,0.0000,0.0000,0.0000,-0.6181,1.2213,-0.8626,0.037,8250,0.0000,0.0000,0.0252,0,0,0.352
183.403,0,0,0,-0.6167,1.2333,-0.6122,1.2086,1.2443,0.0000,0.0000,0.0000,-0.6181,1.2213,-0.8630,0.007,8256,0.0000,0.0000,0.0251,0,0,0.393
183.501,0,0,0,-0.6167,1.2333,-0.6121,1.2086,1.2406,0.0000,0.0000,0.0000,-0.6181,1.2213,-0.8627,0.038,8259,0.0000,0.0000,0.0251,0,0,0.385
183.602,0,0,0,-0.6167,1.2333,-0.6121,1.2086,1.2676,0.0000,0.0000,0.0000,-0.5751,1.1815,3.1376,0.006,8264,0.0000,0.0000,0.0251,0,0,0.397
183.702,0,0,0,-0.6167,1.2333,-0.6116,1.2084,1.2775,0.0000,0.0000,0.0000,-0.6181,1.2213,-0.8628,0.035,8268,0.0000,0.0000,0.0254,0,0,0.394
183.801,0,0,0,-0.6167,1.2333,-0.6118,1.2088,1.2776,0.0000,0.0000,0.0000,-0.6267,1.2159,2.9937,0.007,8273,0.0000,0.0000,0.0250,0,0,0.378
183.903,0,0,0,-0.6167,1.2333,-0.6117,1.2087,1.2916,0.0000,0.0000,0.0000,-0.6181,1.2213,-0.8626,0.008,8277,0.0000,0.0000,0.0251,0,0,0.383
184.004,0,0,0,-0.6167,1.2333,-0.6120,1.2092,1.2737,0.0000,0.0000,0.0000,-0.6049,1.2124,0.4899,0.017,8282,0.0000,0.0000,0.0246,0,0,0.374
184.102,0,0,0,-0.6167,1.2333,-0.6122,1.2095,1.2487,0.0000,0.0000,0.0000,-0.6181,1.2213,-0.8631,0.039,8286,0.0000,0.0000,0.0242,0,0,0.376
184.201,0,0,0,-0.6167,1.2333,-0.6122,1.2096,1.2594,0.0000,0.0000,0.0000,-0.6181,1.2213,-0.8631,0.009,8291,0.0000,0.0000,0.0241,0,0,0.393
184.304,0,0,0,-0.6167,1.2333,-0.6121,1.2095,1.2711,0.0000,0.0000,0.0000,-0.5751,1.1814,3.1481,0.006,8295,0.0000,0.0000,0.0242,0,0,0.380
184.401,0,0,0,-0.6167,1.2333,-0.6120,1.2096,1.2738,0.0000,0.0000,0.0000,-0.6181,1.2213,-0.8631,0.008,8300,0.0000,0.0000,0.0241,0,0,0.377
184.502,0,0,0,-0.6167,1.2333,-0.6115,1.2093,1.3014,0.0000,0.0000,0.0000,-0.6181,1.2213,-0.8626,0.037,8304,0.0000,0.0000,0.0246,0,0,0.355
184.603,0,0,0,-0.6167,1.2333,-0.6114,1.2092,1.3216,0.0000,0.0000,0.0000,-0.6181,1.2213,-0.8633,0.003,8310,0.0000,0.0000,0.0247,0,0,0.332
184.705,0,0,0,-0.6167,1.2333,-0.6113,1.2093,1.3164,0.0000,0.0000,0.0000,-0.6181,1.2213,-0.8633,0.040,8313,0.0000,0.0000,0.0247,0,0,0.389
184.801,0,0,0,-0.6167,1.2333,-0.6109,1.2089,1.3574,0.0000,0.0000,0.0000,-0.6181,1.2213,-0.8632,0.008,8319,0.0000,0.0000,0.0251,0,0,0.349
184.904,0,0,0,-0.6167,1.2333,-0.6109,1.2090,1.3515,0.0000,0.0000,0.0000,-0.6181,1.2213,-0.8634,0.036,8322,0.0000,0.0000,0.0250,0,0,0.384
185.004,0,0,0,-0.6167,1.2333,-0.6109,1.2090,1.3744,0.0000,0.0000,0.0000,-0.5751,1.1812,3.1420,0.010,8327,0.0000,0.0000,0.0250,0,0,0.388
185.103,0,0,0,-0.6167,1.2333,-0.6108,1.2090,1.3613,0.0000,0.0000,0.0000,-0.6181,1.2213,-0.8635,0.019,8331,0.0000,0.0000,0.0250,0,0,0.403
185.205,0,0,0,-0.6167,1.2333,-0.6103,1.2087,1.3877,0.0000,0.0000,0.0000,-0.6181,1.2213,-0.8633,0.003,8337,0.0000,0.0000,0.0255,0,0,0.366
185.305,0,0,0,-0.6167,1.2333,-0.6104,1.2088,1.3920,0.0000,0.0000,0.0000,-0.6181,1.2213,-0.8632,0.039,8340,0.0000,0.0000,0.0253,0,0,0.378
185.404,0,0,0,-0.6167,1.2333,-0.6101,1.2085,1.4296,0.0000,0.0000,0.0000,-0.6181,1.2213,-0.8633,0.009,8346,0.0000,0.0000,0.0257,0,0,0.376
185.505,0,0,0,-0.6167,1.2333,-0.6101,1.2085,1.4213,0.0000,0.0000,0.0000,-0.5751,1.1811,3.1497,0.025,8349,0.0000,0.0000,0.0257,0,0,0.387
185.605,0,0,0,-0.6167,1.2333,-0.6104,1.2089,1.4220,0.0000,0.0000,0.0000,-0.6181,1.2213,-0.8633,0.011,8354,0.0000,0.0000,0.0253,0,0,0.352
185.703,0,0,0,-0.6167,1.2333,-0.6103,1.2089,1.4049,0.0000,0.0000,0.0000,-0.6043,1.2120,0.5417,0.035,8358,0.0000,0.0000,0.0252,0,0,0.365
185.803,0,0,0,-0.6167,1.2333,-0.6105,1.2091,1.4090,0.0000,0.0000,0.0000,-0.6181,1.2213,-0.8630,0.011,8363,0.0000,0.0000,0.0250,0,0,0.385
185.904,0,0,0,-0.6167,1.2333,-0.6100,1.2087,1.4311,0.0000,0.0000,0.0000,-0.6267,1.2160,2.9937,0.003,8368,0.0000,0.0000,0.0255,0,0,0.384
186.001,0,0,0,-0.6167,1.2333,-0.6097,1.2084,1.4659,0.0000,0.0000,0.0000,-0.6181,1.2213,-0.8631,0.007,8373,0.0000,0.0000,0.0259,0,0,0.401
186.102,0,0,0,-0.6167,1.2333,-0.6097,1.2085,1.4552,0.0000,0.0000,0.0000,-0.6181,1.2213,-0.8630,0.035,8376,0.0000,0.0000,0.0258,0,0,0.370
186.204,0,0,0,-0.6167,1.2333,-0.6097,1.2085,1.4679,0.0000,0.0000,0.0000,-0.6181,1.2213,-0.8633,0.006,8382,0.0000,0.0000,0.0258,0,0,0.406
186.301,0,0,0,-0.6167,1.2333,-0.6097,1.2086,1.4566,0.0000,0.0000,0.0000,-0.6268,1.2159,2.9954,0.028,8385,0.0000,0.0000,0.0257,0,0,0.374
186.401,0,0,0,-0.6167,1.2333,-0.6095,1.2085,1.4575,0.0000,0.0000,0.0000,-0.6181,1.2213,-0.8636,0.005,8390,0.0000,0.0000,0.0258,0,0,0.337
186.504,0,0,0,-0.6167,1.2333,-0.6100,1.2090,1.4416,0.0000,0.0000,0.0000,-0.6181,1.2213,-0.8635,0.035,8394,0.0000,0.0000,0.0252,0,0,0.371
186.601,0,0,0,-0.6167,1.2333,-0.6103,1.2093,1.4356,0.0000,0.0000,0.0000,-0.6043,1.2114,0.5570,0.010,8399,0.0000,0.0000,0.0249,0,0,0.400
186.701,0,0,0,-0.6167,1.2333,-0.6103,1.2093,1.4251,0.0000,0.0000,0.0000,-0.6181,1.2213,-0.8633,0.018,8403,0.0000,0.0000,0.0248,0,0,0.333
186.801,0,0,0,-0.6167,1.2333,-0.6100,1.2090,1.4582,0.0000,0.0000,0.0000,-0.6181,1.2213,-0.8637,0.002,8409,0.0000,0.0000,0.0252,0,0,0.380
186.902,0,0,0,-0.6167,1.2333,-0.6099,1.2090,1.4496,0.0000,0.0000,0.0000,-0.6181,1.2213,-0.8635,0.032,8412,0.0000,0.0000,0.0252,0,0,0.359
187.003,0,0,0,-0.6167,1.2333,-0.6104,1.2095,1.4329,0.0000,0.0000,0.0000,-0.6181,1.2213,-0.8638,0.012,8417,0.0000,0.0000,0.0247,0,0,0.383
187.101,0,0,0,-0.6167,1.2333,-0.6102,1.2094,1.4330,0.0000,0.0000,0.0000,-0.6046,1.2123,0.5093,0.027,8421,0.0000,0.0000,0.0248,0,0,0.346
187.201,0,0,0,-0.6167,1.2333,-0.6102,1.2094,1.4471,0.0000,0.0000,0.0000,-0.6181,1.2213,-0.8634,0.007,8427,0.0000,0.0000,0.0248,0,0,0.378
187.302,0,0,0,-0.6167,1.2333,-0.6102,1.2094,1.4377,0.0000,0.0000,0.0000,-0.6181,1.2213,-0.8638,0.036,8430,0.0000,0.0000,0.0248,0,0,0.384
187.401,0,0,0,-0.6167,1.2333,-0.6100,1.2092,1.4550,0.0000,0.0000,0.0000,-0.6181,1.2213,-0.8639,0.008,8436,0.0000,0.0000,0.0250,0,0,0.384
187.504,0,0,0,-0.6167,1.2333,-0.6099,1.2091,1.4638,0.0000,0.0000,0.0000,-0.6267,1.2160,2.9931,0.003,8440,0.0000,0.0000,0.0251,0,0,0.397
187.603,0,0,0,-0.6167,1.2333,-0.6099,1.2091,1.4787,0.0000,0.0000,0.0000,-0.5751,1.1816,3.1425,0.005,8444,0.0000,0.0000,0.0251,0,0,0.372
187.701,0,0,0,-0.6167,1.2333,-0.6099,1.2092,1.4673,0.0000,0.0000,0.0000,-0.6181,1.2213,-0.8636,0.041,8448,0.0000,0.0000,0.0251,0,0,0.378
187.801,0,0,0,-0.6167,1.2333,-0.6094,1.2088,1.4892,0.0000,0.0000,0.0000,-0.6267,1.2160,2.9934,0.005,8453,0.0000,0.0000,0.0256,0,0,0.383
187.902,0,0,0,-0.6167,1.2333,-0.6096,1.2089,1.4889,0.0000,0.0000,0.0000,-0.6181,1.2213,-0.8634,0.023,8457,0.0000,0.0000,0.0254,0,0,0.381
188.003,0,0,0,-0.6167,1.2333,-0.6096,1.2089,1.5007,0.0000,0.0000,0.0000,-0.6181,1.2213,-0.8636,0.008,8463,0.0000,0.0000,0.0254,0,0,0.380
188.102,0,0,0,-0.6167,1.2333,-0.6099,1.2093,1.4693,0.0000,0.0000,0.0000,-0.6181,1.2213,-0.8639,0.031,8466,0.0000,0.0000,0.0250,0,0,0.381
188.201,0,0,0,-0.6167,1.2333,-0.6104,1.2097,1.4523,0.0000,0.0000,0.0000,-0.6181,1.2213,-0.8639,0.008,8471,0.0000,0.0000,0.0244,0,0,0.352
188.303,0,0,0,-0.6167,1.2333,-0.6105,1.2099,1.4344,0.0000,0.0000,0.0000,-0.6042,1.2116,0.5596,0.014,8475,0.0000,0.0000,0.0242,0,0,0.396
188.403,0,0,0,-0.6167,1.2333,-0.6106,1.2100,1.4367,0.0000,0.0000,0.0000,-0.6044,1.2119,0.5363,0.002,8481,0.0000,0.0000,0.0241,0,0,0.384
188.504,0,0,0,-0.6167,1.2333,-0.6104,1.2099,1.4389,0.0000,0.0000,0.0000,-0.5750,1.1813,3.1483,0.038,8484,0.0000,0.0000,0.0242,0,0,0.387
188.601,0,0,0,-0.6167,1.2333,-0.6107,1.2102,1.4316,0.0000,0.0000,0.0000,-0.6181,1.2213,-0.8642,0.002,8490,0.0000,0.0000,0.0239,0,0,0.371
188.704,0,0,0,-0.6167,1.2333,-0.6110,1.2105,1.4018,0.0000,0.0000,0.0000,-0.6181,1.2213,-0.8640,0.040,8493,0.0000,0.0000,0.0235,0,0,0.376
188.802,0,0,0,-0.6167,1.2333,-0.6109,1.2104,1.4175,0.0000,0.0000,0.0000,-0.6181,1.2213,-0.8638,0.003,8499,0.0000,0.0000,0.0236,0,0,0.384
188.901,0,0,0,-0.6167,1.2333,-0.6112,1.2107,1.3880,0.0000,0.0000,0.0000,-0.6181,1.2213,-0.8640,0.035,8502,0.0000,0.0000,0.0233,0,0,0.371
189.004,0,0,0,-0.6167,1.2333,-0.6109,1.2106,1.3912,0.0000,0.0000,0.0000,-0.6181,1.2213,-0.8637,0.007,8507,0.0000,0.0000,0.0234,0,0,0.372
189.101,0,0,0,-0.6167,1.2333,-0.6114,1.2109,1.3751,0.0000,0.0000,0.0000,-0.6267,1.2160,2.9946,0.028,8511,0.0000,0.0000,0.0230,0,0,0.393
189.202,0,0,0,-0.6167,1.2333,-0.6116,1.2112,1.3718,0.0000,0.0000,0.0000,-0.6181,1.2213,-0.8644,0.005,8517,0.0000,0.0000,0.0227,0,0,0.385
189.304,0,0,0,-0.6167,1.2333,-0.6115,1.2111,1.3647,0.0000,0.0000,0.0000,-0.6267,1.2160,2.9954,0.003,8521,0.0000,0.0000,0.0228,0,0,0.375
189.402,0,0,0,-0.6167,1.2333,-0.6114,1.2110,1.3809,0.0000,0.0000,0.0000,-0.6047,1.2115,0.5393,0.013,8525,0.0000,0.0000,0.0229,0,0,0.382
189.504,0,0,0,-0.6167,1.2333,-0.6117,1.2113,1.3535,0.0000,0.0000,0.0000,-0.6181,1.2213,-0.8645,0.027,8529,0.0000,0.0000,0.0226,0,0,0.384
189.602,0,0,0,-0.6167,1.2333,-0.6117,1.2112,1.3778,0.0000,0.0000,0.0000,-0.6181,1.2213,-0.8642,0.008,8534,0.0000,0.0000,0.0227,0,0,0.374
189.703,0,0,0,-0.6167,1.2333,-0.6115,1.2111,1.3639,0.0000,0.0000,0.0000,-0.5751,1.1817,3.1386,0.035,8538,0.0000,0.0000,0.0228,0,0,0.362
189.803,0,0,0,-0.6167,1.2333,-0.6118,1.2114,1.3679,0.0000,0.0000,0.0000,-0.6181,1.2213,-0.8645,0.006,8543,0.0000,0.0000,0.0225,0,0,0.387
189.905,0,0,0,-0.6167,1.2333,-0.6116,1.2113,1.3551,0.0000,0.0000,0.0000,-0.6267,1.2160,2.9959,0.003,8548,0.0000,0.0000,0.0226,0,0,0.389
190.002,0,0,0,-0.6167,1.2333,-0.6116,1.2113,1.3549,0.0000,0.0000,0.0000,-0.6181,1.2213,-0.8649,0.008,8553,0.0000,0.0000,0.0226,0,0,0.363
190.103,0,0,0,-0.6167,1.2333,-0.6114,1.2111,1.3656,0.0000,0.0000,0.0000,-0.6181,1.2213,-0.8650,0.039,8556,0.0000,0.0000,0.0228,0,0,0.346
190.203,0,0,0,-0.6167,1.2333,-0.6114,1.2111,1.3813,0.0000,0.0000,0.0000,-0.6181,1.2213,-0.8648,0.006,8562,0.0000,0.0000,0.0229,0,0,0.381
190.302,0,0,0,-0.6167,1.2333,-0.6116,1.2113,1.3529,0.0000,0.0000,0.0000,-0.6181,1.2213,-0.8647,0.035,8565,0.0000,0.0000,0.0226,0,0,0.360
190.403,0,0,0,-0.6167,1.2333,-0.6114,1.2112,1.3585,0.0000,0.0000,0.0000,-0.6181,1.2213,-0.8649,0.006,8570,0.0000,0.0000,0.0228,0,0,0.393
190.503,0,0,0,-0.6167,1.2333,-0.6118,1.2115,1.3445,0.0000,0.0000,0.0000,-0.6181,1.2213,-0.8647,0.039,8574,0.0000,0.0000,0.0224,0,0,0.404
190.603,0,0,0,-0.6167,1.2333,-0.6112,1.2110,1.3701,0.0000,0.0000,0.0000,-0.6267,1.2160,2.9957,0.003,8579,0.0000,0.0000,0.0230,0,0,0.371
190.702,0,0,0,-0.6167,1.2333,-0.6116,1.2113,1.3544,0.0000,0.0000,0.0000,-0.6181,1.2213,-0.8648,0.021,8583,0.0000,0.0000,0.0226,0,0,0.342
190.803,0,0,0,-0.6167,1.2333,-0.6112,1.2109,1.3931,0.0000,0.0000,0.0000,-0.6181,1.2213,-0.8649,0.003,8589,0.0000,0.0000,0.0231,0,0,0.385
190.902,0,0,0,-0.6167,1.2333,-0.6111,1.2109,1.3830,0.0000,0.0000,0.0000,-0.6266,1.2161,2.9936,0.003,8593,0.0000,0.0000,0.0231,0,0,0.367
191.003,0,0,0,-0.6167,1.2333,-0.6115,1.2111,1.3850,0.0000,0.0000,0.0000,-0.6181,1.2213,-0.8651,0.007,8597,0.0000,0.0000,0.0228,0,0,0.386
191.104,0,0,0,-0.6167,1.2333,-0.6113,1.2110,1.3708,0.0000,0.0000,0.0000,-0.5752,1.1808,3.1540,0.019,8601,0.0000,0.0000,0.0229,0,0,0.351
191.201,0,0,0,-0.6167,1.2333,-0.6113,1.2109,1.3947,0.0000,0.0000,0.0000,-0.5752,1.1808,3.1532,0.003,8606,0.0000,0.0000,0.0230,0,0,0.367
191.303,0,0,0,-0.6167,1.2333,-0.6109,1.2106,1.4009,0.0000,0.0000,0.0000,-0.6267,1.2161,2.9939,0.003,8611,0.0000,0.0000,0.0235,0,0,0.356
191.403,0,0,0,-0.6167,1.2333,-0.6105,1.2102,1.4373,0.0000,0.0000,0.0000,-0.6181,1.2213,-0.8656,0.005,8616,0.0000,0.0000,0.0239,0,0,0.381
191.502,0,0,0,-0.6167,1.2333,-0.6105,1.2102,1.4276,0.0000,0.0000,0.0000,-0.6266,1.2161,2.9939,0.003,8620,0.0000,0.0000,0.0240,0,0,0.389
191.602,0,0,0,-0.6167,1.2333,-0.6102,1.2098,1.4625,0.0000,0.0000,0.0000,-0.6181,1.2213,-0.8653,0.002,8625,0.0000,0.0000,0.0244,0,0,0.375
191.701,0,0,0,-0.6167,1.2333,-0.6104,1.2101,1.4318,0.0000,0.0000,0.0000,-0.6181,1.2213,-0.8651,0.038,8628,0.0000,0.0000,0.0240,0,0,0.341
191.804,0,0,0,-0.6167,1.2333,-0.6102,1.2100,1.4337,0.0000,0.0000,0.0000,-0.6181,1.2213,-0.8650,0.003,8633,0.0000,0.0000,0.0242,0,0,0.369
191.901,0,0,0,-0.6167,1.2333,-0.6104,1.2101,1.4366,0.0000,0.0000,0.0000,-0.6181,1.2213,-0.8648,0.021,8637,0.0000,0.0000,0.0241,0,0,0.376
192.001,0,0,0,-0.6167,1.2333,-0.6104,1.2100,1.4488,0.0000,0.0000,0.0000,-0.6050,1.2117,0.5305,0.016,8642,0.0000,0.0000,0.0241,0,0,0.342
192.104,0,0,0,-0.6167,1.2333,-0.6103,1.2100,1.4368,0.0000,0.0000,0.0000,-0.6181,1.2213,-0.8648,0.041,8646,0.0000,0.0000,0.0241,0,0,0.379
192.204,0,0,0,-0.6167,1.2333,-0.6106,1.2103,1.4291,0.0000,0.0000,0.0000,-0.6181,1.2213,-0.8653,0.007,8652,0.0000,0.0000,0.0238,0,0,0.343
192.302,0,0,0,-0.6167,1.2333,-0.6106,1.2103,1.4190,0.0000,0.0000,0.0000,-0.5750,1.1815,3.1464,0.011,8655,0.0000,0.0000,0.0238,0,0,0.376
192.404,0,0,0,-0.6167,1.2333,-0.6107,1.2103,1.4217,0.0000,0.0000,0.0000,-0.6049,1.2118,0.5070,0.003,8661,0.0000,0.0000,0.0238,0,0,0.374
192.501,0,0,0,-0.6167,1.2333,-0.6105,1.2102,1.4245,0.0000,0.0000,0.0000,-0.5750,1.1817,3.1354,0.035,8664,0.0000,0.0000,0.0239,0,0,0.384
192.601,0,0,0,-0.6167,1.2333,-0.6106,1.2103,1.4278,0.0000,0.0000,0.0000,-0.6181,1.2213,-0.8656,0.009,8669,0.0000,0.0000,0.0238,0,0,0.354
192.702,0,0,0,-0.6167,1.2333,-0.6104,1.2102,1.4289,0.0000,0.0000,0.0000,-0.6181,1.2213,-0.8657,0.036,8673,0.0000,0.0000,0.0240,0,0,0.390
192.802,0,0,0,-0.6167,1.2333,-0.6104,1.2101,1.4412,0.0000,0.0000,0.0000,-0.6181,1.2213,-0.8656,0.002,8679,0.0000,0.0000,0.0240,0,0,0.349
192.902,0,0,0,-0.6167,1.2333,-0.6104,1.2101,1.4310,0.0000,0.0000,0.0000,-0.6181,1.2213,-0.8657,0.041,8682,0.0000,0.0000,0.0241,0,0,0.387
193.003,0,0,0,-0.6167,1.2333,-0.6100,1.2097,1.4667,0.0000,0.0000,0.0000,-0.6181,1.2213,-0.8654,0.006,8688,0.0000,0.0000,0.0245,0,0,0.390
193.101,0,0,0,-0.6167,1.2333,-0.6103,1.2101,1.4331,0.0000,0.0000,0.0000,-0.6267,1.2161,2.9972,0.029,8691,0.0000,0.0000,0.0241,0,0,0.373
193.201,0,0,0,-0.6167,1.2333,-0.6102,1.2100,1.4340,0.0000,0.0000,0.0000,-0.6181,1.2213,-0.8657,0.003,8696,0.0000,0.0000,0.0243,0,0,0.384
193.302,0,0,0,-0.6167,1.2333,-0.6106,1.2103,1.4152,0.0000,0.0000,0.0000,-0.6181,1.2213,-0.8658,0.036,8700,0.0000,0.0000,0.0238,0,0,0.365
193.402,0,0,0,-0.6167,1.2333,-0.6106,1.2103,1.4283,0.0000,0.0000,0.0000,-0.6044,1.2123,0.5278,0.013,8705,0.0000,0.0000,0.0238,0,0,0.357
193.503,0,0,0,-0.6167,1.2333,-0.6105,1.2103,1.4177,0.0000,0.0000,0.0000,-0.6181,1.2213,-0.8652,0.020,8709,0.0000,0.0000,0.0238,0,0,0.387
193.603,0,0,0,-0.6167,1.2333,-0.6109,1.2105,1.4194,0.0000,0.0000,0.0000,-0.6181,1.2213,-0.8658,0.006,8715,0.0000,0.0000,0.0235,0,0,0.379
193.701,0,0,0,-0.6167,1.2333,-0.6108,1.2105,1.4046,0.0000,0.0000,0.0000,-0.6181,1.2213,-0.8661,0.037,8718,0.0000,0.0000,0.0236,0,0,0.373
193.801,0,0,0,-0.6167,1.2333,-0.6112,1.2109,1.3894,0.0000,0.0000,0.0000,-0.6181,1.2213,-0.8661,0.008,8723,0.0000,0.0000,0.0231,0,0,0.343
193.903,0,0,0,-0.6167,1.2333,-0.6113,1.2110,1.3716,0.0000,0.0000,0.0000,-0.6267,1.2161,2.9951,0.003,8728,0.0000,0.0000,0.0229,0,0,0.393
194.002,0,0,0,-0.6167,1.2333,-0.6109,1.2106,1.4086,0.0000,0.0000,0.0000,-0.6181,1.2213,-0.8659,0.005,8733,0.0000,0.0000,0.0234,0,0,0.136
194.104,0,0,0,-0.6167,1.2333,-0.6108,1.2106,1.3990,0.0000,0.0000,0.0000,-0.6267,1.2161,2.9960,0.003,8737,0.0000,0.0000,0.0235,0,0,0.391
194.202,0,0,0,-0.6167,1.2333,-0.6106,1.2103,1.4163,0.0000,0.0000,0.0000,-0.6181,1.2213,-0.8661,0.007,8742,0.0000,0.0000,0.0238,0,0,0.376
194.303,0,0,0,-0.6167,1.2333,-0.6108,1.2105,1.4037,0.0000,0.0000,0.0000,-0.6181,1.2213,-0.8662,0.041,8745,0.0000,0.0000,0.0236,0,0,0.387
194.402,0,0,0,-0.6167,1.2333,-0.6107,1.2105,1.4197,0.0000,0.0000,0.0000,-0.6181,1.2213,-0.8663,0.007,8751,0.0000,0.0000,0.0236,0,0,0.350
194.503,0,0,0,-0.6167,1.2333,-0.6107,1.2104,1.4111,0.0000,0.0000,0.0000,-0.6181,1.2213,-0.8659,0.038,8754,0.0000,0.0000,0.0237,0,0,0.386
194.602,0,0,0,-0.6167,1.2333,-0.6105,1.2103,1.4134,0.0000,0.0000,0.0000,-0.6267,1.2162,2.9950,0.003,8759,0.0000,0.0000,0.0238,0,0,0.372
194.702,0,0,0,-0.6167,1.2333,-0.6106,1.2104,1.4163,0.0000,0.0000,0.0000,-0.6181,1.2213,-0.8661,0.024,8763,0.0000,0.0000,0.0238,0,0,0.404
194.804,0,0,0,-0.6167,1.2333,-0.6109,1.2106,1.4097,0.0000,0.0000,0.0000,-0.6181,1.2213,-0.8662,0.003,8769,0.0000,0.0000,0.0234,0,0,0.379
194.902,0,0,0,-0.6167,1.2333,-0.6111,1.2109,1.3794,0.0000,0.0000,0.0000,-0.6267,1.2161,2.9963,0.003,8773,0.0000,0.0000,0.0231,0,0,0.360
195.002,0,0,0,-0.6167,1.2333,-0.6112,1.2109,1.3835,0.0000,0.0000,0.0000,-0.6181,1.2213,-0.8660,0.013,8777,0.0000,0.0000,0.0230,0,0,0.368
195.102,0,0,0,-0.6167,1.2333,-0.6113,1.2111,1.3658,0.0000,0.0000,0.0000,-0.6267,1.2162,2.9956,0.002,8782,0.0000,0.0000,0.0229,0,0,0.386
195.204,0,0,0,-0.6167,1.2333,-0.6114,1.2111,1.3698,0.0000,0.0000,0.0000,-0.5750,1.1816,3.1352,0.003,8787,0.0000,0.0000,0.0228,0,0,0.334
195.304,0,0,0,-0.6167,1.2333,-0.6109,1.2107,1.3945,0.0000,0.0000,0.0000,-0.6267,1.2162,2.9955,0.003,8791,0.0000,0.0000,0.0234,0,0,0.347
195.404,0,0,0,-0.6167,1.2333,-0.6109,1.2107,1.3916,0.0000,0.0000,0.0000,-0.6181,1.2213,-0.8664,0.009,8796,0.0000,0.0000,0.0233,0,0,0.375
195.504,0,0,0,-0.6167,1.2333,-0.6108,1.2106,1.4006,0.0000,0.0000,0.0000,-0.6267,1.2161,2.9964,0.006,8800,0.0000,0.0000,0.0235,0,0,0.372
195.602,0,0,0,-0.6167,1.2333,-0.6108,1.2106,1.3965,0.0000,0.0000,0.0000,-0.6181,1.2213,-0.8659,0.008,8805,0.0000,0.0000,0.0235,0,0,0.377
195.701,0,0,0,-0.6167,1.2333,-0.6110,1.2108,1.3850,0.0000,0.0000,0.0000,-0.6181,1.2213,-0.8660,0.040,8808,0.0000,0.0000,0.0232,0,0,0.343
195.802,0,0,0,-0.6167,1.2333,-0.6105,1.2103,1.4115,0.0000,0.0000,0.0000,-0.6181,1.2213,-0.8665,0.005,8813,0.0000,0.0000,0.0238,0,0,0.380
195.901,0,0,0,-0.6167,1.2333,-0.6106,1.2104,1.4161,0.0000,0.0000,0.0000,-0.6267,1.2161,2.9966,0.031,8817,0.0000,0.0000,0.0237,0,0,0.395
196.002,0,0,0,-0.6167,1.2333,-0.6103,1.2100,1.4530,0.0000,0.0000,0.0000,-0.6181,1.2213,-0.8666,0.005,8823,0.0000,0.0000,0.0242,0,0,0.395
196.102,0,0,0,-0.6167,1.2333,-0.6102,1.2100,1.4449,0.0000,0.0000,0.0000,-0.6181,1.2213,-0.8662,0.038,8826,0.0000,0.0000,0.0242,0,0,0.385
196.202,0,0,0,-0.6167,1.2333,-0.6102,1.2099,1.4598,0.0000,0.0000,0.0000,-0.6040,1.2100,0.6344,0.014,8831,0.0000,0.0000,0.0243,0,0,0.363
196.301,0,0,0,-0.6167,1.2333,-0.6105,1.2103,1.4297,0.0000,0.0000,0.0000,-0.6181,1.2213,-0.8663,0.022,8835,0.0000,0.0000,0.0239,0,0,0.371
196.403,0,0,0,-0.6167,1.2333,-0.6109,1.2106,1.4117,0.0000,0.0000,0.0000,-0.5752,1.1812,3.1491,0.003,8841,0.0000,0.0000,0.0234,0,0,0.348
196.504,0,0,0,-0.6167,1.2333,-0.6107,1.2105,1.4138,0.0000,0.0000,0.0000,-0.6267,1.2161,2.9979,0.003,8845,0.0000,0.0000,0.0236,0,0,0.372
196.601,0,0,0,-0.6167,1.2333,-0.6108,1.2105,1.4165,0.0000,0.0000,0.0000,-0.6181,1.2213,-0.8666,0.006,8849,0.0000,0.0000,0.0235,0,0,0.381
196.704,0,0,0,-0.6167,1.2333,-0.6107,1.2104,1.4177,0.0000,0.0000,0.0000,-0.6267,1.2161,2.9974,0.003,8854,0.0000,0.0000,0.0237,0,0,0.391
196.802,0,0,0,-0.6167,1.2333,-0.6106,1.2104,1.4320,0.0000,0.0000,0.0000,-0.6181,1.2213,-0.8666,0.005,8859,0.0000,0.0000,0.0238,0,0,0.378
196.902,0,0,0,-0.6167,1.2333,-0.6109,1.2106,1.4029,0.0000,0.0000,0.0000,-0.6181,1.2213,-0.8664,0.038,8862,0.0000,0.0000,0.0234,0,0,0.393
197.003,0,0,0,-0.6167,1.2333,-0.6105,1.2103,1.4401,0.0000,0.0000,0.0000,-0.6181,1.2213,-0.8665,0.005,8868,0.0000,0.0000,0.0239,0,0,0.397
197.102,0,0,0,-0.6167,1.2333,-0.6108,1.2106,1.4134,0.0000,0.0000,0.0000,-0.6181,1.2213,-0.8669,0.038,8871,0.0000,0.0000,0.0235,0,0,0.392
197.204,0,0,0,-0.6167,1.2333,-0.6103,1.2101,1.4368,0.0000,0.0000,0.0000,-0.6267,1.2162,2.9977,0.003,8877,0.0000,0.0000,0.0241,0,0,0.355
197.302,0,0,0,-0.6167,1.2333,-0.6104,1.2102,1.4409,0.0000,0.0000,0.0000,-0.6181,1.2212,-0.8662,0.036,8880,0.0000,0.0000,0.0240,0,0,0.350
197.403,0,0,0,-0.6167,1.2333,-0.6099,1.2097,1.4638,0.0000,0.0000,0.0000,-0.5751,1.1813,3.1468,0.013,8884,0.0000,0.0000,0.0245,0,0,0.388
197.502,0,0,0,-0.6167,1.2333,-0.6101,1.2098,1.4669,0.0000,0.0000,0.0000,-0.6181,1.2213,-0.8670,0.018,8889,0.0000,0.0000,0.0244,0,0,0.396
197.602,0,0,0,-0.6167,1.2333,-0.6101,1.2098,1.4806,0.0000,0.0000,0.0000,-0.6181,1.2212,-0.8668,0.005,8895,0.0000,0.0000,0.0245,0,0,0.340
197.706,0,0,0,-0.6167,1.2333,-0.6104,1.2101,1.4465,0.0000,0.0000,0.0000,-0.6181,1.2213,-0.8670,0.042,8898,0.0000,0.0000,0.0241,0,0,0.371
197.802,0,0,0,-0.6167,1.2333,-0.6105,1.2102,1.4494,0.0000,0.0000,0.0000,-0.6181,1.2212,-0.8666,0.010,8903,0.0000,0.0000,0.0240,0,0,0.351
197.904,0,0,0,-0.6167,1.2333,-0.6106,1.2104,1.4302,0.0000,0.0000,0.0000,-0.6267,1.2162,2.9975,0.003,8908,0.0000,0.0000,0.0237,0,0,0.351
198.002,0,0,0,-0.6167,1.2333,-0.6110,1.2107,1.4131,0.0000,0.0000,0.0000,-0.6040,1.2119,0.5520,0.002,8913,0.0000,0.0000,0.0233,0,0,0.383
198.103,0,0,0,-0.6167,1.2333,-0.6111,1.2109,1.3942,0.0000,0.0000,0.0000,-0.6181,1.2212,-0.8670,0.041,8916,0.0000,0.0000,0.0231,0,0,0.374
198.202,0,0,0,-0.6167,1.2333,-0.6108,1.2105,1.4295,0.0000,0.0000,0.0000,-0.6181,1.2213,-0.8671,0.007,8922,0.0000,0.0000,0.0235,0,0,0.361
198.303,0,0,0,-0.6167,1.2333,-0.6107,1.2105,1.4199,0.0000,0.0000,0.0000,-0.6181,1.2212,-0.8671,0.037,8925,0.0000,0.0000,0.0236,0,0,0.394
198.401,0,0,0,-0.6167,1.2333,-0.6107,1.2104,1.4356,0.0000,0.0000,0.0000,-0.6181,1.2212,-0.8672,0.005,8931,0.0000,0.0000,0.0237,0,0,0.389
198.502,0,0,0,-0.6167,1.2333,-0.6106,1.2104,1.4269,0.0000,0.0000,0.0000,-0.6181,1.2212,-0.8669,0.038,8934,0.0000,0.0000,0.0237,0,0,0.381
198.603,0,0,0,-0.6167,1.2333,-0.6110,1.2107,1.4269,0.0000,0.0000,0.0000,-0.5752,1.1811,3.1453,0.006,8939,0.0000,0.0000,0.0234,0,0,0.384
198.701,0,0,0,-0.6167,1.2333,-0.6105,1.2103,1.4322,0.0000,0.0000,0.0000,-0.6181,1.2213,-0.8674,0.019,8943,0.0000,0.0000,0.0238,0,0,0.390
198.803,0,0,0,-0.6167,1.2333,-0.6108,1.2106,1.4268,0.0000,0.0000,0.0000,-0.6181,1.2212,-0.8673,0.005,8949,0.0000,0.0000,0.0235,0,0,0.383
198.905,0,0,0,-0.6167,1.2333,-0.6111,1.2109,1.3953,0.0000,0.0000,0.0000,-0.6267,1.2162,2.9975,0.003,8953,0.0000,0.0000,0.0231,0,0,0.380
199.003,0,0,0,-0.6167,1.2333,-0.6107,1.2105,1.4323,0.0000,0.0000,0.0000,-0.6181,1.2212,-0.8668,0.006,8958,0.0000,0.0000,0.0236,0,0,0.355
199.102,0,0,0,-0.6167,1.2333,-0.6107,1.2105,1.4229,0.0000,0.0000,0.0000,-0.6267,1.2162,2.9983,0.003,8962,0.0000,0.0000,0.0237,0,0,0.377
199.201,0,0,0,-0.6167,1.2333,-0.6107,1.2104,1.4437,0.0000,0.0000,0.0000,-0.5751,1.1815,3.1422,0.003,8966,0.0000,0.0000,0.0237,0,0,0.373
199.304,0,0,0,-0.6167,1.2333,-0.6106,1.2104,1.4261,0.0000,0.0000,0.0000,-0.6267,1.2162,2.9980,0.003,8971,0.0000,0.0000,0.0237,0,0,0.374
199.401,0,0,0,-0.6167,1.2333,-0.6107,1.2104,1.4284,0.0000,0.0000,0.0000,-0.6181,1.2212,-0.8672,0.008,8975,0.0000,0.0000,0.0237,0,0,0.369
199.503,0,0,0,-0.6167,1.2333,-0.6102,1.2100,1.4531,0.0000,0.0000,0.0000,-0.6181,1.2212,-0.8670,0.036,8979,0.0000,0.0000,0.0242,0,0,0.401
199.604,0,0,0,-0.6167,1.2333,-0.6102,1.2100,1.4676,0.0000,0.0000,0.0000,-0.6181,1.2212,-0.8671,0.009,8985,0.0000,0.0000,0.0242,0,0,0.375
199.703,0,0,0,-0.6167,1.2333,-0.6102,1.2100,1.4594,0.0000,0.0000,0.0000,-0.6181,1.2212,-0.8674,0.037,8988,0.0000,0.0000,0.0243,0,0,0.353
199.803,0,0,0,-0.6167,1.2333,-0.6103,1.2100,1.4549,0.0000,0.0000,0.0000,-0.6181,1.2212,-0.8679,0.009,8994,0.0000,0.0000,0.0242,0,0,0.391
199.902,0,0,0,-0.6167,1.2333,-0.6105,1.2102,1.4428,0.0000,0.0000,0.0000,-0.6267,1.2162,2.9980,0.038,8997,0.0000,0.0000,0.0239,0,0,0.343
200.005,0,0,0,-0.6167,1.2333,-0.6100,1.2098,1.4669,0.0000,0.0000,0.0000,-0.6181,1.2212,-0.8674,0.003,9002,0.0000,0.0000,0.0245,0,0,0.393
200.101,0,0,0,-0.6167,1.2333,-0.6101,1.2099,1.4695,0.0000,0.0000,0.0000,-0.6181,1.2212,-0.8677,0.033,9006,0.0000,0.0000,0.0244,0,0,0.388
200.201,0,0,0,-0.6167,1.2333,-0.6101,1.2098,1.4824,0.0000,0.0000,0.0000,-0.6043,1.2113,0.5661,0.011,9011,0.0000,0.0000,0.0244,0,0,0.341
200.304,0,0,0,-0.6167,1.2333,-0.6101,1.2098,1.4737,0.0000,0.0000,0.0000,-0.6267,1.2162,2.9995,0.004,9016,0.0000,0.0000,0.0244,0,0,0.385
200.401,0,0,0,-0.6167,1.2333,-0.6098,1.2095,1.5079,0.0000,0.0000,0.0000,-0.6181,1.2212,-0.8673,0.002,9021,0.0000,0.0000,0.0248,0,0,0.384
200.502,0,0,0,-0.6167,1.2333,-0.6098,1.2095,1.4977,0.0000,0.0000,0.0000,-0.5752,1.1808,3.1525,0.031,9024,0.0000,0.0000,0.0248,0,0,0.348
200.603,0,0,0,-0.6167,1.2333,-0.6099,1.2096,1.4970,0.0000,0.0000,0.0000,-0.6181,1.2212,-0.8678,0.013,9029,0.0000,0.0000,0.0247,0,0,0.383
200.703,0,0,0,-0.6167,1.2333,-0.6098,1.2095,1.4960,0.0000,0.0000,0.0000,-0.5751,1.1813,3.1434,0.024,9033,0.0000,0.0000,0.0248,0,0,0.380
200.802,0,0,0,-0.6167,1.2333,-0.6095,1.2092,1.5270,0.0000,0.0000,0.0000,-0.6181,1.2212,-0.8677,0.006,9039,0.0000,0.0000,0.0252,0,0,0.349
200.902,0,0,0,-0.6167,1.2333,-0.6095,1.2092,1.5150,0.0000,0.0000,0.0000,-0.6268,1.2162,3.0006,0.003,9043,0.0000,0.0000,0.0252,0,0,0.354
201.001,0,0,0,-0.6167,1.2333,-0.6099,1.2096,1.4877,0.0000,0.0000,0.0000,-0.6181,1.2212,-0.8683,0.008,9048,0.0000,0.0000,0.0247,0,0,0.397
201.101,0,0,0,-0.6167,1.2333,-0.6101,1.2098,1.4766,0.0000,0.0000,0.0000,-0.6267,1.2162,2.9990,0.002,9052,0.0000,0.0000,0.0244,0,0,0.394
201.207,0,0,0,-0.6167,1.2333,-0.6101,1.2098,1.4901,0.0000,0.0000,0.0000,-0.6181,1.2212,-0.8682,0.003,9057,0.0000,0.0000,0.0244,0,0,0.398
201.306,0,0,0,-0.6167,1.2333,-0.6101,1.2098,1.4803,0.0000,0.0000,0.0000,-0.6181,1.2212,-0.8680,0.033,9060,0.0000,0.0000,0.0244,0,0,0.346
201.421,0,0,0,-0.6167,1.2333,-0.6099,1.2096,1.5084,0.0000,0.0000,0.0000,-0.6181,1.2212,-0.8679,0.015,9063,0.0000,0.0000,0.0247,0,0,0.351
201.509,0,0,0,-0.6167,1.2333,-0.6099,1.2096,1.4963,0.0000,0.0000,0.0000,-0.6181,1.2212,-0.8683,0.008,9068,0.0000,0.0000,0.0247,0,0,0.360
201.603,0,0,0,-0.6167,1.2333,-0.6098,1.2096,1.4771,0.0000,0.0000,0.0000,-0.6042,1.2110,0.5738,0.007,9072,0.0000,0.0000,0.0247,0,0,0.392
201.708,0,0,0,-0.6167,1.2333,-0.6101,1.2099,1.4705,0.0000,0.0000,0.0000,-0.6043,1.2111,0.5745,0.018,9076,0.0000,0.0000,0.0243,0,0,0.379
201.817,0,0,0,-0.6167,1.2333,-0.6104,1.2103,1.4388,0.0000,0.0000,0.0000,-0.6181,1.2212,-0.8680,0.011,9081,0.0000,0.0000,0.0239,0,0,0.379
