time,lap_count,goal_index,wp_index,target_x,target_y,filtered_x,filtered_y,filtered_yaw,raw_odom_x,raw_odom_y,raw_odom_yaw,aruco_x,aruco_y,aruco_yaw,aruco_age,aruco_count,cmd_vx,cmd_vy,dist_to_target,lifter_up,lifter_toggle_count,min_dist
0.103,0,0,0,-0.6167,0.0000,-0.3432,0.0151,10.0516,0.0000,0.0000,0.0000,-0.5926,0.0500,-1.5137,0.008,2,0.0000,0.0000,0.2739,0,0,0.421
0.202,0,0,0,-0.6167,0.0000,-0.3676,0.0137,9.2845,0.0000,0.0000,0.0000,-0.5959,-0.0665,-1.5743,0.003,8,0.0000,0.0000,0.2494,0,0,0.409
0.303,0,0,0,-0.6167,0.0000,-0.3772,0.0120,8.9776,0.0000,0.0000,0.0000,-0.5959,-0.0665,-1.5734,0.024,10,0.0000,0.0000,0.2398,0,0,0.412
0.402,0,0,0,-0.6167,0.0000,-0.3860,0.0120,8.6784,0.0000,0.0000,0.0000,-0.5926,0.0500,-1.5145,0.008,14,0.0000,0.0000,0.2310,0,0,0.412
0.501,0,0,0,-0.6167,0.0000,-0.3974,0.0110,8.2904,0.0000,0.0000,0.0000,-0.5958,-0.0665,-1.5740,0.033,17,0.0000,0.0000,0.2195,0,0,0.415
0.599,0,0,0,-0.6167,0.0000,-0.4056,0.0110,8.0077,0.0000,0.0000,0.0000,-0.5926,0.0500,-1.5144,0.012,20,0.0000,0.0000,0.2114,0,0,0.411
0.700,0,0,0,-0.6167,0.0000,-0.4108,0.0105,7.8267,0.0000,0.0000,0.0000,-0.5926,0.0500,-1.5140,0.036,22,0.0000,0.0000,0.2062,0,0,0.413
0.801,0,0,0,-0.6167,0.0000,-0.4207,0.0095,7.4695,0.0000,0.0000,0.0000,-0.5926,0.0500,-1.5148,0.019,26,0.0000,0.0000,0.1962,0,0,0.418
0.903,0,0,0,-0.6167,0.0000,-0.4278,0.0080,7.2127,0.0000,0.0000,0.0000,-0.5959,-0.0664,-1.5752,0.036,29,0.0000,0.0000,0.1891,0,0,0.410
0.999,0,0,0,-0.6167,0.0000,-0.4345,0.0082,6.9636,0.0000,0.0000,0.0000,-0.5926,0.0500,-1.5144,0.031,32,0.0000,0.0000,0.1824,0,0,0.407
1.098,0,0,0,-0.6167,0.0000,-0.4409,0.0067,6.7193,0.0000,0.0000,0.0000,-0.5959,-0.0665,-1.5746,0.032,35,0.0000,0.0000,0.1759,0,0,0.397
1.204,0,0,0,-0.6167,0.0000,-0.4470,0.0069,6.4829,0.0000,0.0000,0.0000,-0.5926,0.0500,-1.5141,0.034,38,0.0000,0.0000,0.1698,0,0,0.426
1.301,0,0,0,-0.6167,0.0000,-0.4529,0.0055,6.2458,0.0000,0.0000,0.0000,-0.5958,-0.0665,-1.5744,0.033,41,0.0000,0.0000,0.1638,0,0,0.436
1.401,0,0,0,-0.6167,0.0000,-0.4585,0.0058,6.0233,0.0000,0.0000,0.0000,-0.5926,0.0500,-1.5126,0.034,44,0.0000,0.0000,0.1582,0,0,0.432
1.501,0,0,0,-0.6167,0.0000,-0.4640,0.0044,5.8081,0.0000,0.0000,0.0000,-0.5926,0.0500,-1.5120,0.003,48,0.0000,0.0000,0.1528,0,0,0.410
1.601,0,0,0,-0.6167,0.0000,-0.4691,0.0047,5.5956,0.0000,0.0000,0.0000,-0.5926,0.0500,-1.5121,0.035,50,0.0000,0.0000,0.1476,0,0,0.431
1.702,0,0,0,-0.6167,0.0000,-0.4741,0.0034,5.3927,0.0000,0.0000,0.0000,-0.5958,-0.0665,-1.5730,0.030,53,0.0000,0.0000,0.1426,0,0,0.419
1.799,0,0,0,-0.6167,0.0000,-0.4773,0.0031,5.2585,0.0000,0.0000,0.0000,-0.5926,0.0499,-1.5117,0.007,56,0.0000,0.0000,0.1394,0,0,0.412
1.900,0,0,0,-0.6167,0.0000,-0.4819,0.0034,5.0617,0.0000,0.0000,0.0000,-0.5959,-0.0665,-1.5742,0.003,59,0.0000,0.0000,0.1348,0,0,0.419
1.999,0,0,0,-0.6167,0.0000,-0.4878,0.0028,4.8064,0.0000,0.0000,0.0000,-0.5926,0.0499,-1.5114,0.022,62,0.0000,0.0000,0.1289,0,0,0.425
2.101,0,0,0,-0.6167,0.0000,-0.4920,0.0016,4.6219,0.0000,0.0000,0.0000,-0.5958,-0.0665,-1.5733,0.008,65,0.0000,0.0000,0.1246,0,0,0.407
2.199,0,0,0,-0.6167,0.0000,-0.4960,0.0020,4.4425,0.0000,0.0000,0.0000,-0.5926,0.0500,-1.5126,0.029,68,0.0000,0.0000,0.1206,0,0,0.426
2.301,0,0,0,-0.6167,0.0000,-0.4999,0.0008,4.2686,0.0000,0.0000,0.0000,-0.5958,-0.0665,-1.5737,0.027,71,0.0000,0.0000,0.1168,0,0,0.412
2.411,0,0,0,-0.6167,0.0000,-0.5011,0.0015,4.2135,0.0000,0.0000,0.0000,-0.5958,-0.0665,-1.5738,0.014,73,0.0000,0.0000,0.1156,0,0,0.420
2.504,0,0,0,-0.6167,0.0000,-0.5072,0.0001,3.9368,0.0000,0.0000,0.0000,-0.5958,-0.0665,-1.5740,0.026,77,0.0000,0.0000,0.1095,0,0,0.407
2.605,0,0,0,-0.6167,0.0000,-0.5106,0.0005,3.7778,0.0000,0.0000,0.0000,-0.5926,0.0499,-1.5106,0.032,80,0.0000,0.0000,0.1061,0,0,0.403
2.699,0,0,0,-0.6167,0.0000,-0.5127,0.0003,3.6754,0.0000,0.0000,0.0000,-0.5958,-0.0665,-1.5726,0.016,83,0.0000,0.0000,0.1039,0,0,0.409
2.808,0,0,0,-0.6167,0.0000,-0.5170,-0.0001,3.4725,0.0000,0.0000,0.0000,-0.5926,0.0499,-1.5122,0.031,86,0.0000,0.0000,0.0997,0,0,0.422
2.900,0,0,0,-0.6167,0.0000,-0.5200,-0.0012,3.3254,0.0000,0.0000,0.0000,-0.5958,-0.0665,-1.5725,0.028,89,0.0000,0.0000,0.0967,0,0,0.420
2.998,0,0,0,-0.6167,0.0000,-0.5229,-0.0007,3.1843,0.0000,0.0000,0.0000,-0.5926,0.0499,-1.5092,0.033,92,0.0000,0.0000,0.0938,0,0,0.411
3.098,0,0,0,-0.6167,0.0000,-0.5257,-0.0018,3.0475,0.0000,0.0000,0.0000,-0.5958,-0.0665,-1.5724,0.030,95,0.0000,0.0000,0.0910,0,0,0.410
3.202,0,0,0,-0.6167,0.0000,-0.5284,-0.0013,2.9159,0.0000,0.0000,0.0000,-0.5926,0.0499,-1.5113,0.024,98,0.0000,0.0000,0.0883,0,0,0.422
3.301,0,0,0,-0.6167,0.0000,-0.5309,-0.0023,2.7863,0.0000,0.0000,0.0000,-0.5958,-0.0665,-1.5732,0.031,101,0.0000,0.0000,0.0858,0,0,0.419
3.398,0,0,0,-0.6167,0.0000,-0.5326,-0.0025,2.7012,0.0000,0.0000,0.0000,-0.5926,0.0499,-1.5111,0.003,104,0.0000,0.0000,0.0841,0,0,0.420
3.502,0,0,0,-0.6167,0.0000,-0.5350,-0.0019,2.5769,0.0000,0.0000,0.0000,-0.5926,0.0499,-1.5110,0.057,106,0.0000,0.0000,0.0817,0,0,0.422
3.601,0,0,0,-0.6167,0.0000,-0.5381,-0.0023,2.4174,0.0000,0.0000,0.0000,-0.5926,0.0499,-1.5103,0.032,110,0.0000,0.0000,0.0786,0,0,0.416
3.702,0,0,0,-0.6167,0.0000,-0.5403,-0.0032,2.3037,0.0000,0.0000,0.0000,-0.5959,-0.0665,-1.5746,0.033,113,0.0000,0.0000,0.0765,0,0,0.376
3.800,0,0,0,-0.6167,0.0000,-0.5423,-0.0027,2.1925,0.0000,0.0000,0.0000,-0.5926,0.0499,-1.5112,0.036,116,0.0000,0.0000,0.0744,0,0,0.408
3.900,0,0,0,-0.6167,0.0000,-0.5444,-0.0037,2.0854,0.0000,0.0000,0.0000,-0.5926,0.0499,-1.5101,0.003,120,0.0000,0.0000,0.0724,0,0,0.415
3.999,0,0,0,-0.6167,0.0000,-0.5463,-0.0031,1.9824,0.0000,0.0000,0.0000,-0.5926,0.0499,-1.5102,0.032,122,0.0000,0.0000,0.0705,0,0,0.408
4.098,0,0,0,-0.6167,0.0000,-0.5482,-0.0040,1.8809,0.0000,0.0000,0.0000,-0.5958,-0.0665,-1.5726,0.032,125,0.0000,0.0000,0.0686,0,0,0.405
4.201,0,0,0,-0.6167,0.0000,-0.5499,-0.0035,1.7821,0.0000,0.0000,0.0000,-0.5926,0.0499,-1.5109,0.029,128,0.0000,0.0000,0.0668,0,0,0.408
4.299,0,0,0,-0.6167,0.0000,-0.5517,-0.0044,1.6847,0.0000,0.0000,0.0000,-0.5958,-0.0665,-1.5728,0.031,131,0.0000,0.0000,0.0652,0,0,0.418
4.400,0,0,0,-0.6167,0.0000,-0.5533,-0.0038,1.5931,0.0000,0.0000,0.0000,-0.5926,0.0499,-1.5097,0.034,134,0.0000,0.0000,0.0635,0,0,0.402
4.502,0,0,0,-0.6167,0.0000,-0.5549,-0.0047,1.5025,0.0000,0.0000,0.0000,-0.5959,-0.0665,-1.5729,0.034,137,0.0000,0.0000,0.0620,0,0,0.421
4.599,0,0,0,-0.6167,0.0000,-0.5559,-0.0048,1.4442,0.0000,0.0000,0.0000,-0.5926,0.0499,-1.5104,0.004,140,0.0000,0.0000,0.0609,0,0,0.429
4.699,0,0,0,-0.6167,0.0000,-0.5574,-0.0042,1.3588,0.0000,0.0000,0.0000,-0.5959,-0.0665,-1.5732,0.003,143,0.0000,0.0000,0.0594,0,0,0.418
4.799,0,0,0,-0.6167,0.0000,-0.5593,-0.0044,1.2458,0.0000,0.0000,0.0000,-0.5926,0.0499,-1.5103,0.015,146,0.0000,0.0000,0.0575,0,0,0.418
4.899,0,0,0,-0.6167,0.0000,-0.5607,-0.0053,1.1632,0.0000,0.0000,0.0000,-0.5958,-0.0665,-1.5732,0.016,149,0.0000,0.0000,0.0562,0,0,0.412
4.999,0,0,0,-0.6167,0.0000,-0.5620,-0.0047,1.0850,0.0000,0.0000,0.0000,-0.5926,0.0499,-1.5104,0.033,152,0.0000,0.0000,0.0549,0,0,0.408
5.102,0,0,0,-0.6167,0.0000,-0.5632,-0.0056,1.0090,0.0000,0.0000,0.0000,-0.5926,0.0499,-1.5104,0.003,156,0.0000,0.0000,0.0537,0,0,0.408
5.201,0,0,0,-0.6167,0.0000,-0.5644,-0.0049,0.9362,0.0000,0.0000,0.0000,-0.5926,0.0499,-1.5107,0.035,158,0.0000,0.0000,0.0525,0,0,0.401
5.302,0,0,0,-0.6167,0.0000,-0.5656,-0.0058,0.8660,0.0000,0.0000,0.0000,-0.5926,0.0500,-1.5114,0.003,162,0.0000,0.0000,0.0514,0,0,0.412
5.400,0,0,0,-0.6167,0.0000,-0.5667,-0.0051,0.7999,0.0000,0.0000,0.0000,-0.5926,0.0499,-1.5107,0.032,164,0.0000,0.0000,0.0503,0,0,0.394
5.499,0,0,0,-0.6167,0.0000,-0.5677,-0.0060,0.7336,0.0000,0.0000,0.0000,-0.5958,-0.0665,-1.5724,0.031,167,0.0000,0.0000,0.0493,0,0,0.415
5.601,0,0,0,-0.6167,0.0000,-0.5687,-0.0054,0.6694,0.0000,0.0000,0.0000,-0.5925,0.0499,-1.5097,0.031,170,0.0000,0.0000,0.0482,0,0,0.432
5.699,0,0,0,-0.6167,0.0000,-0.5698,-0.0062,0.6054,0.0000,0.0000,0.0000,-0.5959,-0.0665,-1.5727,0.030,173,0.0000,0.0000,0.0473,0,0,0.408
5.800,0,0,0,-0.6167,0.0000,-0.5707,-0.0056,0.5425,0.0000,0.0000,0.0000,-0.5925,0.0499,-1.5097,0.036,176,0.0000,0.0000,0.0463,0,0,0.412
5.901,0,0,0,-0.6167,0.0000,-0.5716,-0.0064,0.4822,0.0000,0.0000,0.0000,-0.5959,-0.0665,-1.5735,0.034,179,0.0000,0.0000,0.0455,0,0,0.404
5.999,0,0,0,-0.6167,0.0000,-0.5725,-0.0057,0.4255,0.0000,0.0000,0.0000,-0.5925,0.0499,-1.5104,0.027,182,0.0000,0.0000,0.0446,0,0,0.410
6.099,0,0,0,-0.6167,0.0000,-0.5733,-0.0066,0.3691,0.0000,0.0000,0.0000,-0.5959,-0.0665,-1.5726,0.015,185,0.0000,0.0000,0.0438,0,0,0.404
6.199,0,0,0,-0.6167,0.0000,-0.5741,-0.0059,0.3165,0.0000,0.0000,0.0000,-0.5925,0.0499,-1.5107,0.016,188,0.0000,0.0000,0.0429,0,0,0.427
6.300,0,0,0,-0.6167,0.0000,-0.5746,-0.0059,0.2816,0.0000,0.0000,0.0000,-0.5959,-0.0665,-1.5728,0.006,191,0.0000,0.0000,0.0424,0,0,0.430
6.399,0,0,0,-0.6167,0.0000,-0.5757,-0.0061,0.2118,0.0000,0.0000,0.0000,-0.5925,0.0499,-1.5093,0.027,194,0.0000,0.0000,0.0415,0,0,0.417
6.503,0,0,0,-0.6167,0.0000,-0.5764,-0.0069,0.1634,0.0000,0.0000,0.0000,-0.5925,0.0499,-1.5091,0.003,198,0.0000,0.0000,0.0409,0,0,0.426
6.600,0,0,0,-0.6167,0.0000,-0.5771,-0.0062,0.1169,0.0000,0.0000,0.0000,-0.5925,0.0499,-1.5096,0.030,200,0.0000,0.0000,0.0401,0,0,0.412
6.701,0,0,0,-0.6167,0.0000,-0.5777,-0.0070,0.0682,0.0000,0.0000,0.0000,-0.5959,-0.0665,-1.5727,0.032,203,0.0000,0.0000,0.0396,0,0,0.424
6.799,0,0,0,-0.6167,0.0000,-0.5784,-0.0063,0.0231,0.0000,0.0000,0.0000,-0.5925,0.0499,-1.5089,0.034,206,0.0000,0.0000,0.0388,0,0,0.405
6.900,0,0,0,-0.6167,0.0000,-0.5790,-0.0072,-0.0211,0.0000,0.0000,0.0000,-0.5925,0.0499,-1.5104,0.003,210,0.0000,0.0000,0.0384,0,0,0.418
6.999,0,0,0,-0.6167,0.0000,-0.5796,-0.0065,-0.0643,0.0000,0.0000,0.0000,-0.5925,0.0499,-1.5088,0.033,212,0.0000,0.0000,0.0377,0,0,0.420
7.100,0,0,0,-0.6167,0.0000,-0.5801,-0.0073,-0.1060,0.0000,0.0000,0.0000,-0.5925,0.0499,-1.5098,0.003,216,0.0000,0.0000,0.0372,0,0,0.412
7.200,0,0,0,-0.6167,0.0000,-0.5807,-0.0066,-0.1463,0.0000,0.0000,0.0000,-0.5925,0.0499,-1.5109,0.031,218,0.0000,0.0000,0.0366,0,0,0.392
7.299,0,0,0,-0.6167,0.0000,-0.5812,-0.0074,-0.1859,0.0000,0.0000,0.0000,-0.5959,-0.0665,-1.5735,0.029,221,0.0000,0.0000,0.0362,0,0,0.399
7.400,0,0,0,-0.6167,0.0000,-0.5815,-0.0074,-0.2098,0.0000,0.0000,0.0000,-0.5925,0.0499,-1.5100,0.012,224,0.0000,0.0000,0.0359,0,0,0.411
7.501,0,0,0,-0.6167,0.0000,-0.5820,-0.0067,-0.2466,0.0000,0.0000,0.0000,-0.5925,0.0499,-1.5099,0.058,226,0.0000,0.0000,0.0353,0,0,0.425
7.602,0,0,0,-0.6167,0.0000,-0.5826,-0.0068,-0.2963,0.0000,0.0000,0.0000,-0.5925,0.0499,-1.5098,0.034,230,0.0000,0.0000,0.0347,0,0,0.421
7.702,0,0,0,-0.6167,0.0000,-0.5831,-0.0076,-0.3305,0.0000,0.0000,0.0000,-0.5959,-0.0665,-1.5728,0.035,233,0.0000,0.0000,0.0344,0,0,0.421
7.801,0,0,0,-0.6167,0.0000,-0.5835,-0.0068,-0.3649,0.0000,0.0000,0.0000,-0.5959,-0.0665,-1.5729,0.003,237,0.0000,0.0000,0.0338,0,0,0.411
7.902,0,0,0,-0.6167,0.0000,-0.5840,-0.0077,-0.3962,0.0000,0.0000,0.0000,-0.5925,0.0499,-1.5088,0.002,240,0.0000,0.0000,0.0336,0,0,0.418
7.998,0,0,0,-0.6167,0.0000,-0.5843,-0.0069,-0.4262,0.0000,0.0000,0.0000,-0.5925,0.0499,-1.5096,0.033,242,0.0000,0.0000,0.0331,0,0,0.417
8.100,0,0,0,-0.6167,0.0000,-0.5847,-0.0077,-0.4576,0.0000,0.0000,0.0000,-0.5925,0.0500,-1.5097,0.003,246,0.0000,0.0000,0.0329,0,0,0.419
8.199,0,0,0,-0.6167,0.0000,-0.5851,-0.0070,-0.4877,0.0000,0.0000,0.0000,-0.5925,0.0499,-1.5084,0.036,248,0.0000,0.0000,0.0324,0,0,0.417
8.301,0,0,0,-0.6167,0.0000,-0.5855,-0.0078,-0.5171,0.0000,0.0000,0.0000,-0.5959,-0.0665,-1.5733,0.036,251,0.0000,0.0000,0.0322,0,0,0.418
8.400,0,0,0,-0.6167,0.0000,-0.5858,-0.0071,-0.5458,0.0000,0.0000,0.0000,-0.5925,0.0499,-1.5089,0.034,254,0.0000,0.0000,0.0317,0,0,0.410
8.501,0,0,0,-0.6167,0.0000,-0.5861,-0.0079,-0.5743,0.0000,0.0000,0.0000,-0.5925,0.0500,-1.5098,0.003,258,0.0000,0.0000,0.0315,0,0,0.411
8.600,0,0,0,-0.6167,0.0000,-0.5863,-0.0079,-0.5912,0.0000,0.0000,0.0000,-0.5925,0.0500,-1.5102,0.012,260,0.0000,0.0000,0.0313,0,0,0.414
8.700,0,0,0,-0.6167,0.0000,-0.5866,-0.0071,-0.6164,0.0000,0.0000,0.0000,-0.5959,-0.0665,-1.5737,0.003,263,0.0000,0.0000,0.0309,0,0,0.397
8.799,0,0,0,-0.6167,0.0000,-0.5870,-0.0072,-0.6526,0.0000,0.0000,0.0000,-0.5925,0.0499,-1.5083,0.025,266,0.0000,0.0000,0.0305,0,0,0.410
8.900,0,0,0,-0.6167,0.0000,-0.5873,-0.0080,-0.6787,0.0000,0.0000,0.0000,-0.5959,-0.0665,-1.5739,0.022,269,0.0000,0.0000,0.0304,0,0,0.420
9.000,0,0,0,-0.6167,0.0000,-0.5876,-0.0072,-0.7017,0.0000,0.0000,0.0000,-0.5925,0.0499,-1.5092,0.028,272,0.0000,0.0000,0.0300,0,0,0.409
9.100,0,0,0,-0.6167,0.0000,-0.5878,-0.0080,-0.7234,0.0000,0.0000,0.0000,-0.5925,0.0499,-1.5080,0.003,276,0.0000,0.0000,0.0299,0,0,0.420
9.200,0,0,0,-0.6167,0.0000,-0.5881,-0.0073,-0.7448,0.0000,0.0000,0.0000,-0.5925,0.0499,-1.5086,0.034,278,0.0000,0.0000,0.0295,0,0,0.416
9.300,0,0,0,-0.6167,0.0000,-0.5883,-0.0081,-0.7653,0.0000,0.0000,0.0000,-0.5925,0.0500,-1.5096,0.003,282,0.0000,0.0000,0.0295,0,0,0.407
9.400,0,0,0,-0.6167,0.0000,-0.5885,-0.0073,-0.7852,0.0000,0.0000,0.0000,-0.5959,-0.0665,-1.5732,0.002,285,0.0000,0.0000,0.0291,0,0,0.423
9.499,0,0,0,-0.6167,0.0000,-0.5888,-0.0081,-0.8054,0.0000,0.0000,0.0000,-0.5925,0.0500,-1.5097,0.003,288,0.0000,0.0000,0.0291,0,0,0.410
9.601,0,0,0,-0.6167,0.0000,-0.5889,-0.0074,-0.8232,0.0000,0.0000,0.0000,-0.5959,-0.0665,-1.5733,0.003,291,0.0000,0.0000,0.0287,0,0,0.420
9.701,0,0,0,-0.6167,0.0000,-0.5892,-0.0082,-0.8421,0.0000,0.0000,0.0000,-0.5925,0.0500,-1.5095,0.003,294,0.0000,0.0000,0.0287,0,0,0.410
9.799,0,0,0,-0.6167,0.0000,-0.5893,-0.0074,-0.8593,0.0000,0.0000,0.0000,-0.5925,0.0500,-1.5098,0.035,296,0.0000,0.0000,0.0283,0,0,0.414
9.899,0,0,0,-0.6167,0.0000,-0.5896,-0.0082,-0.8771,0.0000,0.0000,0.0000,-0.5959,-0.0665,-1.5748,0.033,299,0.0000,0.0000,0.0283,0,0,0.421
10.001,0,0,0,-0.6167,0.0000,-0.5897,-0.0075,-0.8922,0.0000,0.0000,0.0000,-0.5925,0.0499,-1.5083,0.020,302,0.0000,0.0000,0.0280,0,0,0.419
10.100,0,0,0,-0.6167,0.0000,-0.5899,-0.0082,-0.9117,0.0000,0.0000,0.0000,-0.5959,-0.0665,-1.5729,0.030,305,0.0000,0.0000,0.0280,0,0,0.419
10.199,0,0,0,-0.6167,0.0000,-0.5900,-0.0082,-0.9254,0.0000,0.0000,0.0000,-0.5925,0.0499,-1.5073,0.006,308,0.0000,0.0000,0.0279,0,0,0.413
10.301,0,0,0,-0.6167,0.0000,-0.5902,-0.0075,-0.9401,0.0000,0.0000,0.0000,-0.5925,0.0500,-1.5087,0.003,311,0.0000,0.0000,0.0275,0,0,0.417
10.399,0,0,0,-0.6167,0.0000,-0.5904,-0.0075,-0.9631,0.0000,0.0000,0.0000,-0.5925,0.0499,-1.5082,0.032,314,0.0000,0.0000,0.0273,0,0,0.410
10.501,0,0,0,-0.6167,0.0000,-0.5905,-0.0083,-0.9796,0.0000,0.0000,0.0000,-0.5925,0.0499,-1.5078,0.004,318,0.0000,0.0000,0.0274,0,0,0.286
10.601,0,0,0,-0.6167,0.0000,-0.5907,-0.0076,-0.9963,0.0000,0.0000,0.0000,-0.5925,0.0499,-1.5078,0.035,320,0.0000,0.0000,0.0271,0,0,0.417
10.702,0,0,0,-0.6167,0.0000,-0.5908,-0.0083,-1.0122,0.0000,0.0000,0.0000,-0.5959,-0.0665,-1.5724,0.030,323,0.0000,0.0000,0.0272,0,0,0.413
10.800,0,0,0,-0.6167,0.0000,-0.5909,-0.0076,-1.0255,0.0000,0.0000,0.0000,-0.5925,0.0499,-1.5077,0.035,326,0.0000,0.0000,0.0268,0,0,0.416
10.901,0,0,0,-0.6167,0.0000,-0.5911,-0.0084,-1.0391,0.0000,0.0000,0.0000,-0.5925,0.0500,-1.5089,0.003,330,0.0000,0.0000,0.0269,0,0,0.425
10.999,0,0,0,-0.6167,0.0000,-0.5912,-0.0076,-1.0512,0.0000,0.0000,0.0000,-0.5925,0.0500,-1.5101,0.033,332,0.0000,0.0000,0.0266,0,0,0.413
11.100,0,0,0,-0.6167,0.0000,-0.5913,-0.0084,-1.0638,0.0000,0.0000,0.0000,-0.5925,0.0499,-1.5068,0.003,336,0.0000,0.0000,0.0267,0,0,0.402
11.201,0,0,0,-0.6167,0.0000,-0.5914,-0.0076,-1.0765,0.0000,0.0000,0.0000,-0.5925,0.0499,-1.5078,0.035,338,0.0000,0.0000,0.0264,0,0,0.410
11.303,0,0,0,-0.6167,0.0000,-0.5915,-0.0084,-1.0892,0.0000,0.0000,0.0000,-0.5959,-0.0665,-1.5720,0.035,341,0.0000,0.0000,0.0265,0,0,0.421
11.400,0,0,0,-0.6167,0.0000,-0.5916,-0.0084,-1.0968,0.0000,0.0000,0.0000,-0.5925,0.0499,-1.5082,0.012,344,0.0000,0.0000,0.0264,0,0,0.411
11.500,0,0,0,-0.6167,0.0000,-0.5917,-0.0076,-1.1094,0.0000,0.0000,0.0000,-0.5959,-0.0665,-1.5728,0.005,347,0.0000,0.0000,0.0261,0,0,0.409
11.598,0,0,0,-0.6167,0.0000,-0.5918,-0.0077,-1.1254,0.0000,0.0000,0.0000,-0.5925,0.0500,-1.5092,0.012,350,0.0000,0.0000,0.0260,0,0,0.409
11.700,0,0,0,-0.6167,0.0000,-0.5919,-0.0084,-1.1383,0.0000,0.0000,0.0000,-0.5925,0.0500,-1.5094,0.003,354,0.0000,0.0000,0.0261,0,0,0.415
11.802,0,0,0,-0.6167,0.0000,-0.5920,-0.0085,-1.1536,0.0000,0.0000,0.0000,-0.5959,-0.0665,-1.5722,0.007,357,0.0000,0.0000,0.0260,0,0,0.419
11.901,0,0,0,-0.6167,0.0000,-0.5921,-0.0085,-1.1607,0.0000,0.0000,0.0000,-0.5925,0.0499,-1.5084,0.003,360,0.0000,0.0000,0.0260,0,0,0.409
11.999,0,0,0,-0.6167,0.0000,-0.5922,-0.0077,-1.1704,0.0000,0.0000,0.0000,-0.5925,0.0499,-1.5082,0.034,362,0.0000,0.0000,0.0257,0,0,0.412
12.100,0,0,0,-0.6167,0.0000,-0.5923,-0.0085,-1.1790,0.0000,0.0000,0.0000,-0.5925,0.0500,-1.5092,0.003,366,0.0000,0.0000,0.0258,0,0,0.418
12.199,0,0,0,-0.6167,0.0000,-0.5923,-0.0077,-1.1866,0.0000,0.0000,0.0000,-0.5925,0.0500,-1.5084,0.033,368,0.0000,0.0000,0.0256,0,0,0.422
12.300,0,0,0,-0.6167,0.0000,-0.5924,-0.0085,-1.1969,0.0000,0.0000,0.0000,-0.5959,-0.0665,-1.5730,0.030,371,0.0000,0.0000,0.0257,0,0,0.415
12.399,0,0,0,-0.6167,0.0000,-0.5924,-0.0077,-1.2075,0.0000,0.0000,0.0000,-0.5925,0.0500,-1.5088,0.033,374,0.0000,0.0000,0.0254,0,0,0.410
12.499,0,0,0,-0.6167,0.0000,-0.5925,-0.0085,-1.2151,0.0000,0.0000,0.0000,-0.5925,0.0500,-1.5080,0.003,378,0.0000,0.0000,0.0256,0,0,0.405
12.599,0,0,0,-0.6167,0.0000,-0.5926,-0.0077,-1.2236,0.0000,0.0000,0.0000,-0.5925,0.0499,-1.5071,0.033,380,0.0000,0.0000,0.0253,0,0,0.412
12.699,0,0,0,-0.6167,0.0000,-0.5927,-0.0085,-1.2306,0.0000,0.0000,0.0000,-0.5959,-0.0665,-1.5731,0.032,383,0.0000,0.0000,0.0255,0,0,0.405
12.799,0,0,0,-0.6167,0.0000,-0.5927,-0.0078,-1.2365,0.0000,0.0000,0.0000,-0.5925,0.0500,-1.5078,0.024,386,0.0000,0.0000,0.0252,0,0,0.412
12.899,0,0,0,-0.6167,0.0000,-0.5927,-0.0078,-1.2408,0.0000,0.0000,0.0000,-0.5959,-0.0665,-1.5728,0.010,389,0.0000,0.0000,0.0252,0,0,0.414
13.001,0,0,0,-0.6167,0.0000,-0.5928,-0.0078,-1.2498,0.0000,0.0000,0.0000,-0.5925,0.0500,-1.5072,0.027,392,0.0000,0.0000,0.0251,0,0,0.411
13.100,0,0,0,-0.6167,0.0000,-0.5929,-0.0085,-1.2560,0.0000,0.0000,0.0000,-0.5925,0.0500,-1.5074,0.005,396,0.0000,0.0000,0.0253,0,0,0.403
13.201,0,0,0,-0.6167,0.0000,-0.5929,-0.0078,-1.2624,0.0000,0.0000,0.0000,-0.5959,-0.0665,-1.5725,0.002,399,0.0000,0.0000,0.0250,0,0,0.408
13.301,0,0,0,-0.6167,0.0000,-0.5930,-0.0085,-1.2682,0.0000,0.0000,0.0000,-0.5925,0.0500,-1.5077,0.003,402,0.0000,0.0000,0.0252,0,0,0.398
13.401,0,0,0,-0.6167,0.0000,-0.5930,-0.0078,-1.2759,0.0000,0.0000,0.0000,-0.5925,0.0500,-1.5075,0.032,404,0.0000,0.0000,0.0249,0,0,0.413
13.500,0,0,0,-0.6167,0.0000,-0.5931,-0.0086,-1.2816,0.0000,0.0000,0.0000,-0.5925,0.0500,-1.5076,0.003,408,0.0000,0.0000,0.0251,0,0,0.426
13.601,0,0,0,-0.6167,0.0000,-0.5931,-0.0078,-1.2873,0.0000,0.0000,0.0000,-0.5959,-0.0665,-1.5715,0.002,411,0.0000,0.0000,0.0248,0,0,0.410
13.699,0,0,0,-0.6167,0.0000,-0.5932,-0.0086,-1.2924,0.0000,0.0000,0.0000,-0.5959,-0.0665,-1.5721,0.032,413,0.0000,0.0000,0.0250,0,0,0.416
13.799,0,0,0,-0.6167,0.0000,-0.5932,-0.0078,-1.2980,0.0000,0.0000,0.0000,-0.5925,0.0500,-1.5073,0.032,416,0.0000,0.0000,0.0247,0,0,0.416
13.900,0,0,0,-0.6167,0.0000,-0.5932,-0.0086,-1.3044,0.0000,0.0000,0.0000,-0.5925,0.0500,-1.5077,0.003,420,0.0000,0.0000,0.0249,0,0,0.413
13.998,0,0,0,-0.6167,0.0000,-0.5933,-0.0078,-1.3088,0.0000,0.0000,0.0000,-0.5925,0.0499,-1.5069,0.027,422,0.0000,0.0000,0.0247,0,0,0.414
14.101,0,0,0,-0.6167,0.0000,-0.5933,-0.0086,-1.3162,0.0000,0.0000,0.0000,-0.5959,-0.0665,-1.5725,0.037,425,0.0000,0.0000,0.0249,0,0,0.419
14.200,0,0,0,-0.6167,0.0000,-0.5933,-0.0078,-1.3209,0.0000,0.0000,0.0000,-0.5925,0.0500,-1.5083,0.011,428,0.0000,0.0000,0.0246,0,0,0.415
14.300,0,0,0,-0.6167,0.0000,-0.5933,-0.0078,-1.3250,0.0000,0.0000,0.0000,-0.5959,-0.0665,-1.5723,0.003,431,0.0000,0.0000,0.0246,0,0,0.409
14.399,0,0,0,-0.6167,0.0000,-0.5934,-0.0078,-1.3311,0.0000,0.0000,0.0000,-0.5925,0.0500,-1.5075,0.031,434,0.0000,0.0000,0.0246,0,0,0.313
14.499,0,0,0,-0.6167,0.0000,-0.5934,-0.0086,-1.3356,0.0000,0.0000,0.0000,-0.5925,0.0500,-1.5074,0.003,438,0.0000,0.0000,0.0248,0,0,0.410
14.600,0,0,0,-0.6167,0.0000,-0.5934,-0.0078,-1.3413,0.0000,0.0000,0.0000,-0.5959,-0.0665,-1.5736,0.002,441,0.0000,0.0000,0.0245,0,0,0.417
14.701,0,0,0,-0.6167,0.0000,-0.5935,-0.0086,-1.3449,0.0000,0.0000,0.0000,-0.5959,-0.0665,-1.5733,0.033,443,0.0000,0.0000,0.0247,0,0,0.414
14.802,0,0,0,-0.6167,0.0000,-0.5935,-0.0078,-1.3488,0.0000,0.0000,0.0000,-0.5959,-0.0665,-1.5731,0.002,447,0.0000,0.0000,0.0245,0,0,0.415
14.899,0,0,0,-0.6167,0.0000,-0.5936,-0.0086,-1.3513,0.0000,0.0000,0.0000,-0.5925,0.0500,-1.5075,0.003,450,0.0000,0.0000,0.0247,0,0,0.411
15.001,0,0,0,-0.6167,0.0000,-0.5936,-0.0078,-1.3575,0.0000,0.0000,0.0000,-0.5925,0.0500,-1.5070,0.038,452,0.0000,0.0000,0.0244,0,0,0.427
15.101,0,0,0,-0.6167,0.0000,-0.5936,-0.0078,-1.3628,0.0000,0.0000,0.0000,-0.5925,0.0500,-1.5078,0.006,456,0.0000,0.0000,0.0244,0,0,0.412
15.201,0,0,0,-0.6167,0.0000,-0.5936,-0.0078,-1.3634,0.0000,0.0000,0.0000,-0.5959,-0.0665,-1.5726,0.003,459,0.0000,0.0000,0.0244,0,0,0.404
15.299,0,0,0,-0.6167,0.0000,-0.5936,-0.0086,-1.3664,0.0000,0.0000,0.0000,-0.5959,-0.0665,-1.5730,0.034,461,0.0000,0.0000,0.0246,0,0,0.427
15.403,0,0,0,-0.6167,0.0000,-0.5936,-0.0078,-1.3668,0.0000,0.0000,0.0000,-0.5925,0.0499,-1.5059,0.012,464,0.0000,0.0000,0.0243,0,0,0.419
15.500,0,0,0,-0.6167,0.0000,-0.5937,-0.0078,-1.3680,0.0000,0.0000,0.0000,-0.5959,-0.0665,-1.5730,0.003,467,0.0000,0.0000,0.0243,0,0,0.418
15.599,0,0,0,-0.6167,0.0000,-0.5937,-0.0078,-1.3738,0.0000,0.0000,0.0000,-0.5925,0.0500,-1.5072,0.030,470,0.0000,0.0000,0.0243,0,0,0.415
15.699,0,0,0,-0.6167,0.0000,-0.5937,-0.0086,-1.3775,0.0000,0.0000,0.0000,-0.5959,-0.0665,-1.5723,0.026,473,0.0000,0.0000,0.0245,0,0,0.411
15.799,0,0,0,-0.6167,0.0000,-0.5937,-0.0079,-1.3800,0.0000,0.0000,0.0000,-0.5959,-0.0665,-1.5734,0.002,477,0.0000,0.0000,0.0243,0,0,0.421
15.900,0,0,0,-0.6167,0.0000,-0.5938,-0.0086,-1.3809,0.0000,0.0000,0.0000,-0.5924,0.0499,-1.5066,0.003,480,0.0000,0.0000,0.0245,0,0,0.408
16.000,0,0,0,-0.6167,0.0000,-0.5938,-0.0079,-1.3836,0.0000,0.0000,0.0000,-0.5924,0.0499,-1.5056,0.030,482,0.0000,0.0000,0.0242,0,0,0.410
16.101,0,0,0,-0.6167,0.0000,-0.5938,-0.0086,-1.3867,0.0000,0.0000,0.0000,-0.5924,0.0499,-1.5058,0.003,486,0.0000,0.0000,0.0244,0,0,0.427
16.202,0,0,0,-0.6167,0.0000,-0.5938,-0.0086,-1.3909,0.0000,0.0000,0.0000,-0.5959,-0.0665,-1.5725,0.002,489,0.0000,0.0000,0.0244,0,0,0.422
16.299,0,0,0,-0.6167,0.0000,-0.5938,-0.0086,-1.3927,0.0000,0.0000,0.0000,-0.5924,0.0500,-1.5074,0.003,492,0.0000,0.0000,0.0244,0,0,0.416
16.401,0,0,0,-0.6167,0.0000,-0.5938,-0.0079,-1.3976,0.0000,0.0000,0.0000,-0.5959,-0.0665,-1.5724,0.003,495,0.0000,0.0000,0.0242,0,0,0.414
16.501,0,0,0,-0.6167,0.0000,-0.5938,-0.0086,-1.4003,0.0000,0.0000,0.0000,-0.5924,0.0500,-1.5071,0.002,498,0.0000,0.0000,0.0244,0,0,0.424
16.599,0,0,0,-0.6167,0.0000,-0.5938,-0.0079,-1.4035,0.0000,0.0000,0.0000,-0.5924,0.0500,-1.5079,0.037,500,0.0000,0.0000,0.0241,0,0,0.420
16.701,0,0,0,-0.6167,0.0000,-0.5939,-0.0086,-1.4074,0.0000,0.0000,0.0000,-0.5959,-0.0665,-1.5730,0.035,503,0.0000,0.0000,0.0244,0,0,0.424
16.799,0,0,0,-0.6167,0.0000,-0.5939,-0.0079,-1.4100,0.0000,0.0000,0.0000,-0.5924,0.0500,-1.5070,0.016,506,0.0000,0.0000,0.0241,0,0,0.421
16.901,0,0,0,-0.6167,0.0000,-0.5939,-0.0086,-1.4142,0.0000,0.0000,0.0000,-0.5959,-0.0665,-1.5721,0.032,509,0.0000,0.0000,0.0243,0,0,0.409
17.003,0,0,0,-0.6167,0.0000,-0.5939,-0.0086,-1.4154,0.0000,0.0000,0.0000,-0.5924,0.0500,-1.5071,0.014,512,0.0000,0.0000,0.0243,0,0,0.408
17.100,0,0,0,-0.6167,0.0000,-0.5939,-0.0079,-1.4175,0.0000,0.0000,0.0000,-0.5959,-0.0665,-1.5727,0.004,515,0.0000,0.0000,0.0241,0,0,0.415
17.201,0,0,0,-0.6167,0.0000,-0.5939,-0.0079,-1.4182,0.0000,0.0000,0.0000,-0.5959,-0.0665,-1.5721,0.002,519,0.0000,0.0000,0.0241,0,0,0.401
17.299,0,0,0,-0.6167,0.0000,-0.5939,-0.0086,-1.4194,0.0000,0.0000,0.0000,-0.5924,0.0500,-1.5068,0.003,522,0.0000,0.0000,0.0243,0,0,0.410
17.401,0,0,0,-0.6167,0.0000,-0.5939,-0.0079,-1.4194,0.0000,0.0000,0.0000,-0.5924,0.0500,-1.5070,0.033,524,0.0000,0.0000,0.0241,0,0,0.412
17.499,0,0,0,-0.6167,0.0000,-0.5940,-0.0086,-1.4207,0.0000,0.0000,0.0000,-0.5924,0.0500,-1.5072,0.003,528,0.0000,0.0000,0.0243,0,0,0.423
17.601,0,0,0,-0.6167,0.0000,-0.5939,-0.0079,-1.4227,0.0000,0.0000,0.0000,-0.5959,-0.0665,-1.5724,0.003,531,0.0000,0.0000,0.0240,0,0,0.408
17.701,0,0,0,-0.6167,0.0000,-0.5940,-0.0086,-1.4236,0.0000,0.0000,0.0000,-0.5924,0.0500,-1.5067,0.003,534,0.0000,0.0000,0.0243,0,0,0.429
17.801,0,0,0,-0.6167,0.0000,-0.5940,-0.0079,-1.4250,0.0000,0.0000,0.0000,-0.5959,-0.0665,-1.5715,0.003,537,0.0000,0.0000,0.0240,0,0,0.420
17.899,0,0,0,-0.6167,0.0000,-0.5940,-0.0086,-1.4268,0.0000,0.0000,0.0000,-0.5924,0.0500,-1.5068,0.003,540,0.0000,0.0000,0.0243,0,0,0.404
18.003,0,0,0,-0.6167,0.0000,-0.5940,-0.0086,-1.4288,0.0000,0.0000,0.0000,-0.5959,-0.0665,-1.5724,0.003,543,0.0000,0.0000,0.0243,0,0,0.403
18.102,0,0,0,-0.6167,0.0000,-0.5940,-0.0086,-1.4279,0.0000,0.0000,0.0000,-0.5959,-0.0665,-1.5728,0.036,545,0.0000,0.0000,0.0243,0,0,0.416
18.199,0,0,0,-0.6167,0.0000,-0.5940,-0.0086,-1.4279,0.0000,0.0000,0.0000,-0.5924,0.0500,-1.5056,0.008,548,0.0000,0.0000,0.0242,0,0,0.417
18.300,0,0,0,-0.6167,0.0000,-0.5940,-0.0079,-1.4278,0.0000,0.0000,0.0000,-0.5924,0.0500,-1.5061,0.045,550,0.0000,0.0000,0.0240,0,0,0.434
18.401,0,0,0,-0.6167,0.0000,-0.5940,-0.0079,-1.4289,0.0000,0.0000,0.0000,-0.5924,0.0500,-1.5065,0.018,554,0.0000,0.0000,0.0240,0,0,0.396
18.499,0,0,0,-0.6167,0.0000,-0.5940,-0.0086,-1.4300,0.0000,0.0000,0.0000,-0.5924,0.0500,-1.5070,0.003,558,0.0000,0.0000,0.0242,0,0,0.414
18.599,0,0,0,-0.6167,0.0000,-0.5940,-0.0079,-1.4321,0.0000,0.0000,0.0000,-0.5924,0.0500,-1.5061,0.035,560,0.0000,0.0000,0.0240,0,0,0.406
0.008,0,0,0,-0.6167,0.0000,-0.5940,-0.0086,-1.4327,0.0000,0.0000,0.0000,-0.5959,-0.0665,-1.5729,0.034,563,0.0000,0.0000,0.0242,0,0,0.435
0.108,0,0,0,-0.6167,0.0000,-0.5940,-0.0079,-1.4318,0.0000,0.0000,0.0000,-0.5924,0.0500,-1.5069,0.036,566,0.0000,0.0000,0.0240,0,0,0.406
0.206,0,0,0,-0.6167,0.0000,-0.5940,-0.0086,-1.4337,0.0000,0.0000,0.0000,-0.5924,0.0500,-1.5063,0.003,570,0.0000,0.0000,0.0242,0,0,0.401
0.306,0,0,0,-0.6167,0.0000,-0.5940,-0.0079,-1.4343,0.0000,0.0000,0.0000,-0.5924,0.0500,-1.5062,0.038,572,0.0000,0.0000,0.0240,0,0,0.409
0.406,0,0,0,-0.6167,0.0000,-0.5941,-0.0086,-1.4341,0.0000,0.0000,0.0000,-0.5924,0.0500,-1.5065,0.002,576,0.0000,0.0000,0.0242,0,0,0.417
0.506,0,0,0,-0.6167,0.0000,-0.5940,-0.0079,-1.4348,0.0000,0.0000,0.0000,-0.5924,0.0500,-1.5055,0.029,578,0.0000,0.0000,0.0240,0,0,0.414
0.607,0,0,0,-0.6167,0.0000,-0.5941,-0.0086,-1.4375,0.0000,0.0000,0.0000,-0.5924,0.0500,-1.5067,0.003,582,0.0000,0.0000,0.0242,0,0,0.401
0.706,0,0,0,-0.6167,0.0000,-0.5940,-0.0079,-1.4374,0.0000,0.0000,0.0000,-0.5959,-0.0665,-1.5728,0.002,585,0.0000,0.0000,0.0240,0,0,0.412
0.806,0,0,0,-0.6167,0.0000,-0.5941,-0.0086,-1.4385,0.0000,0.0000,0.0000,-0.5959,-0.0665,-1.5730,0.033,587,0.0000,0.0000,0.0242,0,0,0.417
0.907,0,0,0,-0.6167,0.0000,-0.5941,-0.0079,-1.4387,0.0000,0.0000,0.0000,-0.5924,0.0499,-1.5052,0.029,590,0.0000,0.0000,0.0239,0,0,0.415
1.008,0,0,0,-0.6167,0.0000,-0.5941,-0.0087,-1.4409,0.0000,0.0000,0.0000,-0.5959,-0.0665,-1.5721,0.028,593,0.0000,0.0000,0.0242,0,0,0.406
1.106,0,0,0,-0.6167,0.0000,-0.5941,-0.0086,-1.4412,0.0000,0.0000,0.0000,-0.5924,0.0500,-1.5062,0.006,596,0.0000,0.0000,0.0242,0,0,0.421
1.206,0,0,0,-0.6167,0.0000,-0.5941,-0.0086,-1.4434,0.0000,0.0000,0.0000,-0.5959,-0.0665,-1.5718,0.019,599,0.0000,0.0000,0.0242,0,0,0.422
1.308,0,0,0,-0.6167,0.0000,-0.5941,-0.0079,-1.4456,0.0000,0.0000,0.0000,-0.5924,0.0500,-1.5067,0.037,602,0.0000,0.0000,0.0239,0,0,0.431
1.408,0,0,0,-0.6167,0.0000,-0.5941,-0.0086,-1.4459,0.0000,0.0000,0.0000,-0.5924,0.0500,-1.5051,0.003,606,0.0000,0.0000,0.0242,0,0,0.414
1.506,0,0,0,-0.6167,0.0000,-0.5941,-0.0079,-1.4452,0.0000,0.0000,0.0000,-0.5924,0.0500,-1.5062,0.033,608,0.0000,0.0000,0.0239,0,0,0.426
1.606,0,0,0,-0.6167,0.0000,-0.5941,-0.0086,-1.4447,0.0000,0.0000,0.0000,-0.5959,-0.0665,-1.5736,0.034,611,0.0000,0.0000,0.0242,0,0,0.408
1.710,0,0,0,-0.6167,0.0000,-0.5941,-0.0079,-1.4452,0.0000,0.0000,0.0000,-0.5959,-0.0665,-1.5722,0.004,615,0.0000,0.0000,0.0239,0,0,0.406
1.809,0,0,0,-0.6167,0.0000,-0.5941,-0.0079,-1.4488,0.0000,0.0000,0.0000,-0.5924,0.0500,-1.5068,0.002,618,0.0000,0.0000,0.0239,0,0,0.412
1.906,0,0,0,-0.6167,0.0000,-0.5941,-0.0079,-1.4490,0.0000,0.0000,0.0000,-0.5959,-0.0665,-1.5722,0.002,621,0.0000,0.0000,0.0239,0,0,0.421
2.006,0,0,0,-0.6167,0.0000,-0.5941,-0.0086,-1.4498,0.0000,0.0000,0.0000,-0.5959,-0.0665,-1.5728,0.030,623,0.0000,0.0000,0.0242,0,0,0.412
2.107,0,0,0,-0.6167,0.0000,-0.5941,-0.0079,-1.4504,0.0000,0.0000,0.0000,-0.5959,-0.0665,-1.5722,0.003,627,0.0000,0.0000,0.0239,0,0,0.427
2.209,0,0,0,-0.6167,0.0000,-0.5941,-0.0086,-1.4545,0.0000,0.0000,0.0000,-0.5959,-0.0665,-1.5728,0.033,629,0.0000,0.0000,0.0241,0,0,0.416
2.306,0,0,0,-0.6167,0.0000,-0.5941,-0.0086,-1.4553,0.0000,0.0000,0.0000,-0.5924,0.0500,-1.5060,0.010,632,0.0000,0.0000,0.0241,0,0,0.401
2.406,0,0,0,-0.6167,0.0000,-0.5941,-0.0079,-1.4570,0.0000,0.0000,0.0000,-0.5924,0.0500,-1.5064,0.043,634,0.0000,0.0000,0.0239,0,0,0.413
2.508,0,0,0,-0.6167,0.0000,-0.5941,-0.0079,-1.4593,0.0000,0.0000,0.0000,-0.5924,0.0500,-1.5062,0.036,638,0.0000,0.0000,0.0239,0,0,0.415
2.608,0,0,0,-0.6167,0.0000,-0.5941,-0.0086,-1.4609,0.0000,0.0000,0.0000,-0.5959,-0.0665,-1.5729,0.033,641,0.0000,0.0000,0.0241,0,0,0.418
2.706,0,0,0,-0.6167,0.0000,-0.5941,-0.0079,-1.4637,0.0000,0.0000,0.0000,-0.5959,-0.0665,-1.5729,0.003,645,0.0000,0.0000,0.0239,0,0,0.429
2.807,0,0,0,-0.6167,0.0000,-0.5941,-0.0086,-1.4644,0.0000,0.0000,0.0000,-0.5924,0.0500,-1.5055,0.003,648,0.0000,0.0000,0.0241,0,0,0.424
2.906,0,0,0,-0.6167,0.0000,-0.5941,-0.0079,-1.4657,0.0000,0.0000,0.0000,-0.5924,0.0499,-1.5038,0.036,650,0.0000,0.0000,0.0239,0,0,0.401
3.008,0,0,0,-0.6167,0.0000,-0.5941,-0.0086,-1.4679,0.0000,0.0000,0.0000,-0.5924,0.0500,-1.5056,0.003,654,0.0000,0.0000,0.0241,0,0,0.430
3.107,0,0,0,-0.6167,0.0000,-0.5941,-0.0079,-1.4668,0.0000,0.0000,0.0000,-0.5959,-0.0665,-1.5725,0.003,657,0.0000,0.0000,0.0239,0,0,0.397
3.208,0,0,0,-0.6167,0.0000,-0.5941,-0.0086,-1.4674,0.0000,0.0000,0.0000,-0.5924,0.0500,-1.5064,0.006,660,0.0000,0.0000,0.0241,0,0,0.409
3.306,0,0,0,-0.6167,0.0000,-0.5941,-0.0079,-1.4679,0.0000,0.0000,0.0000,-0.5924,0.0500,-1.5065,0.035,662,0.0000,0.0000,0.0239,0,0,0.406
3.406,0,0,0,-0.6167,0.0000,-0.5941,-0.0086,-1.4681,0.0000,0.0000,0.0000,-0.5959,-0.0665,-1.5715,0.037,665,0.0000,0.0000,0.0241,0,0,0.412
3.506,0,0,0,-0.6167,0.0000,-0.5941,-0.0086,-1.4673,0.0000,0.0000,0.0000,-0.5924,0.0500,-1.5070,0.003,668,0.0000,0.0000,0.0241,0,0,0.413
3.608,0,0,0,-0.6167,0.0000,-0.5941,-0.0079,-1.4678,0.0000,0.0000,0.0000,-0.5959,-0.0665,-1.5726,0.003,671,0.0000,0.0000,0.0239,0,0,0.404
3.708,0,0,0,-0.6167,0.0000,-0.5941,-0.0079,-1.4681,0.0000,0.0000,0.0000,-0.5924,0.0500,-1.5060,0.021,674,0.0000,0.0000,0.0239,0,0,0.411
3.808,0,0,0,-0.6167,0.0000,-0.5941,-0.0086,-1.4696,0.0000,0.0000,0.0000,-0.5959,-0.0665,-1.5721,0.027,677,0.0000,0.0000,0.0241,0,0,0.411
3.906,0,0,0,-0.6167,0.0000,-0.5941,-0.0079,-1.4690,0.0000,0.0000,0.0000,-0.5924,0.0500,-1.5054,0.035,680,0.0000,0.0000,0.0239,0,0,0.423
4.008,0,0,0,-0.6167,0.0000,-0.5941,-0.0086,-1.4698,0.0000,0.0000,0.0000,-0.5924,0.0500,-1.5060,0.003,684,0.0000,0.0000,0.0241,0,0,0.393
4.107,0,0,0,-0.6167,0.0000,-0.5941,-0.0079,-1.4693,0.0000,0.0000,0.0000,-0.5924,0.0500,-1.5076,0.037,686,0.0000,0.0000,0.0239,0,0,0.416
4.208,0,0,0,-0.6167,0.0000,-0.5941,-0.0079,-1.4704,0.0000,0.0000,0.0000,-0.5924,0.0500,-1.5060,0.006,690,0.0000,0.0000,0.0239,0,0,0.426
4.306,0,0,0,-0.6167,0.0000,-0.5941,-0.0079,-1.4707,0.0000,0.0000,0.0000,-0.5924,0.0500,-1.5059,0.036,692,0.0000,0.0000,0.0239,0,0,0.414
4.408,0,0,0,-0.6167,0.0000,-0.5941,-0.0079,-1.4713,0.0000,0.0000,0.0000,-0.5924,0.0500,-1.5069,0.005,696,0.0000,0.0000,0.0239,0,0,0.431
4.506,0,0,0,-0.6167,0.0000,-0.5941,-0.0079,-1.4717,0.0000,0.0000,0.0000,-0.5924,0.0500,-1.5073,0.036,698,0.0000,0.0000,0.0239,0,0,0.424
4.608,0,0,0,-0.6167,0.0000,-0.5942,-0.0086,-1.4706,0.0000,0.0000,0.0000,-0.5924,0.0500,-1.5062,0.003,702,0.0000,0.0000,0.0241,0,0,0.405
4.706,0,0,0,-0.6167,0.0000,-0.5941,-0.0079,-1.4713,0.0000,0.0000,0.0000,-0.5924,0.0500,-1.5069,0.035,704,0.0000,0.0000,0.0239,0,0,0.394
4.807,0,0,0,-0.6167,0.0000,-0.5942,-0.0086,-1.4721,0.0000,0.0000,0.0000,-0.5959,-0.0665,-1.5723,0.037,707,0.0000,0.0000,0.0241,0,0,0.399
4.906,0,0,0,-0.6167,0.0000,-0.5941,-0.0079,-1.4722,0.0000,0.0000,0.0000,-0.5924,0.0500,-1.5060,0.017,710,0.0000,0.0000,0.0239,0,0,0.411
5.008,0,0,0,-0.6167,0.0000,-0.5942,-0.0086,-1.4737,0.0000,0.0000,0.0000,-0.5959,-0.0665,-1.5732,0.034,713,0.0000,0.0000,0.0241,0,0,0.430
5.106,0,0,0,-0.6167,0.0000,-0.5942,-0.0086,-1.4738,0.0000,0.0000,0.0000,-0.5924,0.0500,-1.5047,0.006,716,0.0000,0.0000,0.0241,0,0,0.421
5.206,0,0,0,-0.6167,0.0000,-0.5941,-0.0079,-1.4743,0.0000,0.0000,0.0000,-0.5924,0.0500,-1.5054,0.061,718,0.0000,0.0000,0.0239,0,0,0.421
5.307,0,0,0,-0.6167,0.0000,-0.5941,-0.0079,-1.4744,0.0000,0.0000,0.0000,-0.5924,0.0500,-1.5058,0.035,722,0.0000,0.0000,0.0239,0,0,0.421
5.406,0,0,0,-0.6167,0.0000,-0.5942,-0.0086,-1.4748,0.0000,0.0000,0.0000,-0.5924,0.0500,-1.5052,0.003,726,0.0000,0.0000,0.0241,0,0,0.418
5.508,0,0,0,-0.6167,0.0000,-0.5941,-0.0079,-1.4728,0.0000,0.0000,0.0000,-0.5959,-0.0665,-1.5727,0.003,729,0.0000,0.0000,0.0239,0,0,0.402
5.607,0,0,0,-0.6167,0.0000,-0.5942,-0.0086,-1.4738,0.0000,0.0000,0.0000,-0.5924,0.0500,-1.5050,0.003,732,0.0000,0.0000,0.0241,0,0,0.417
5.706,0,0,0,-0.6167,0.0000,-0.5941,-0.0079,-1.4763,0.0000,0.0000,0.0000,-0.5924,0.0500,-1.5042,0.034,734,0.0000,0.0000,0.0239,0,0,0.417
5.809,0,0,0,-0.6167,0.0000,-0.5942,-0.0086,-1.4775,0.0000,0.0000,0.0000,-0.5924,0.0500,-1.5036,0.003,738,0.0000,0.0000,0.0241,0,0,0.425
5.908,0,0,0,-0.6167,0.0000,-0.5941,-0.0079,-1.4800,0.0000,0.0000,0.0000,-0.5959,-0.0665,-1.5718,0.003,741,0.0000,0.0000,0.0239,0,0,0.419
6.008,0,0,0,-0.6167,0.0000,-0.5942,-0.0086,-1.4800,0.0000,0.0000,0.0000,-0.5924,0.0500,-1.5053,0.002,744,0.0000,0.0000,0.0241,0,0,0.413
6.107,0,0,0,-0.6167,0.0000,-0.5941,-0.0079,-1.4787,0.0000,0.0000,0.0000,-0.5959,-0.0665,-1.5723,0.002,747,0.0000,0.0000,0.0239,0,0,0.426
6.206,0,0,0,-0.6167,0.0000,-0.5942,-0.0086,-1.4791,0.0000,0.0000,0.0000,-0.5960,-0.0665,-1.5729,0.037,749,0.0000,0.0000,0.0241,0,0,0.420
6.308,0,0,0,-0.6167,0.0000,-0.5942,-0.0086,-1.4799,0.0000,0.0000,0.0000,-0.5924,0.0500,-1.5056,0.011,752,0.0000,0.0000,0.0241,0,0,0.403
6.405,0,0,0,-0.6167,0.0000,-0.5941,-0.0079,-1.4801,0.0000,0.0000,0.0000,-0.5959,-0.0665,-1.5721,0.003,755,0.0000,0.0000,0.0239,0,0,0.421
6.507,0,0,0,-0.6167,0.0000,-0.5941,-0.0079,-1.4810,0.0000,0.0000,0.0000,-0.5924,0.0500,-1.5059,0.018,758,0.0000,0.0000,0.0239,0,0,0.412
6.606,0,0,0,-0.6167,0.0000,-0.5942,-0.0086,-1.4823,0.0000,0.0000,0.0000,-0.5924,0.0500,-1.5049,0.003,762,0.0000,0.0000,0.0241,0,0,0.417
6.708,0,0,0,-0.6167,0.0000,-0.5941,-0.0079,-1.4810,0.0000,0.0000,0.0000,-0.5959,-0.0665,-1.5724,0.002,765,0.0000,0.0000,0.0239,0,0,0.417
6.807,0,0,0,-0.6167,0.0000,-0.5942,-0.0086,-1.4814,0.0000,0.0000,0.0000,-0.5924,0.0500,-1.5043,0.002,768,0.0000,0.0000,0.0241,0,0,0.416
6.908,0,0,0,-0.6167,0.0000,-0.5941,-0.0079,-1.4801,0.0000,0.0000,0.0000,-0.5959,-0.0665,-1.5715,0.003,771,0.0000,0.0000,0.0239,0,0,0.425
7.007,0,0,0,-0.6167,0.0000,-0.5942,-0.0086,-1.4802,0.0000,0.0000,0.0000,-0.5924,0.0500,-1.5056,0.003,774,0.0000,0.0000,0.0241,0,0,0.422
7.109,0,0,0,-0.6167,0.0000,-0.5941,-0.0079,-1.4785,0.0000,0.0000,0.0000,-0.5924,0.0501,-1.5061,0.036,776,0.0000,0.0000,0.0239,0,0,0.426
7.207,0,0,0,-0.6167,0.0000,-0.5942,-0.0086,-1.4784,0.0000,0.0000,0.0000,-0.5924,0.0500,-1.5056,0.002,780,0.0000,0.0000,0.0241,0,0,0.407
7.308,0,0,0,-0.6167,0.0000,-0.5941,-0.0079,-1.4789,0.0000,0.0000,0.0000,-0.5959,-0.0666,-1.5707,0.003,783,0.0000,0.0000,0.0239,0,0,0.407
7.406,0,0,0,-0.6167,0.0000,-0.5942,-0.0086,-1.4794,0.0000,0.0000,0.0000,-0.5924,0.0500,-1.5055,0.003,786,0.0000,0.0000,0.0241,0,0,0.395
7.507,0,0,0,-0.6167,0.0000,-0.5941,-0.0079,-1.4816,0.0000,0.0000,0.0000,-0.5924,0.0501,-1.5055,0.041,788,0.0000,0.0000,0.0239,0,0,0.416
7.606,0,0,0,-0.6167,0.0000,-0.5942,-0.0086,-1.4834,0.0000,0.0000,0.0000,-0.5959,-0.0665,-1.5726,0.033,791,0.0000,0.0000,0.0241,0,0,0.407
7.706,0,0,0,-0.6167,0.0000,-0.5942,-0.0079,-1.4816,0.0000,0.0000,0.0000,-0.5924,0.0501,-1.5058,0.026,794,0.0000,0.0000,0.0239,0,0,0.407
7.808,0,0,0,-0.6167,0.0000,-0.5942,-0.0086,-1.4819,0.0000,0.0000,0.0000,-0.5959,-0.0665,-1.5717,0.028,797,0.0000,0.0000,0.0241,0,0,0.396
7.906,0,0,0,-0.6167,0.0000,-0.5942,-0.0079,-1.4810,0.0000,0.0000,0.0000,-0.5924,0.0501,-1.5057,0.027,800,0.0000,0.0000,0.0239,0,0,0.421
8.007,0,0,0,-0.6167,0.0000,-0.5942,-0.0086,-1.4799,0.0000,0.0000,0.0000,-0.5924,0.0501,-1.5049,0.003,804,0.0000,0.0000,0.0241,0,0,0.413
8.106,0,0,0,-0.6167,0.0000,-0.5942,-0.0079,-1.4801,0.0000,0.0000,0.0000,-0.5924,0.0501,-1.5051,0.035,806,0.0000,0.0000,0.0239,0,0,0.411
8.206,0,0,0,-0.6167,0.0000,-0.5942,-0.0086,-1.4801,0.0000,0.0000,0.0000,-0.5924,0.0501,-1.5044,0.003,810,0.0000,0.0000,0.0241,0,0,0.408
8.308,0,0,0,-0.6167,0.0000,-0.5942,-0.0079,-1.4794,0.0000,0.0000,0.0000,-0.5960,-0.0665,-1.5721,0.003,813,0.0000,0.0000,0.0239,0,0,0.423
8.407,0,0,0,-0.6167,0.0000,-0.5942,-0.0086,-1.4791,0.0000,0.0000,0.0000,-0.5924,0.0501,-1.5048,0.003,816,0.0000,0.0000,0.0241,0,0,0.427
8.509,0,0,0,-0.6167,0.0000,-0.5942,-0.0079,-1.4780,0.0000,0.0000,0.0000,-0.5960,-0.0665,-1.5725,0.003,819,0.0000,0.0000,0.0238,0,0,0.417
8.607,0,0,0,-0.6167,0.0000,-0.5942,-0.0086,-1.4790,0.0000,0.0000,0.0000,-0.5924,0.0501,-1.5052,0.003,822,0.0000,0.0000,0.0241,0,0,0.410
8.706,0,0,0,-0.6167,0.0000,-0.5942,-0.0079,-1.4784,0.0000,0.0000,0.0000,-0.5959,-0.0665,-1.5707,0.003,825,0.0000,0.0000,0.0238,0,0,0.426
8.806,0,0,0,-0.6167,0.0000,-0.5942,-0.0086,-1.4798,0.0000,0.0000,0.0000,-0.5924,0.0501,-1.5056,0.004,828,0.0000,0.0000,0.0241,0,0,0.422
8.909,0,0,0,-0.6167,0.0000,-0.5942,-0.0079,-1.4788,0.0000,0.0000,0.0000,-0.5960,-0.0665,-1.5732,0.003,831,0.0000,0.0000,0.0238,0,0,0.406
9.008,0,0,0,-0.6167,0.0000,-0.5942,-0.0086,-1.4783,0.0000,0.0000,0.0000,-0.5960,-0.0665,-1.5725,0.035,833,0.0000,0.0000,0.0241,0,0,0.414
9.108,0,0,0,-0.6167,0.0000,-0.5942,-0.0078,-1.4786,0.0000,0.0000,0.0000,-0.5924,0.0501,-1.5054,0.018,836,0.0000,0.0000,0.0238,0,0,0.400
9.208,0,0,0,-0.6167,0.0000,-0.5942,-0.0078,-1.4782,0.0000,0.0000,0.0000,-0.5960,-0.0665,-1.5723,0.003,839,0.0000,0.0000,0.0238,0,0,0.422
9.306,0,0,0,-0.6167,0.0000,-0.5942,-0.0079,-1.4782,0.0000,0.0000,0.0000,-0.5924,0.0501,-1.5057,0.030,842,0.0000,0.0000,0.0238,0,0,0.419
9.406,0,0,0,-0.6167,0.0000,-0.5942,-0.0086,-1.4806,0.0000,0.0000,0.0000,-0.5924,0.0501,-1.5053,0.003,846,0.0000,0.0000,0.0241,0,0,0.413
9.508,0,0,0,-0.6167,0.0000,-0.5942,-0.0079,-1.4821,0.0000,0.0000,0.0000,-0.5960,-0.0665,-1.5718,0.003,849,0.0000,0.0000,0.0238,0,0,0.417
9.608,0,0,0,-0.6167,0.0000,-0.5942,-0.0086,-1.4814,0.0000,0.0000,0.0000,-0.5924,0.0501,-1.5048,0.003,852,0.0000,0.0000,0.0241,0,0,0.406
9.708,0,0,0,-0.6167,0.0000,-0.5942,-0.0079,-1.4801,0.0000,0.0000,0.0000,-0.5960,-0.0665,-1.5724,0.009,855,0.0000,0.0000,0.0238,0,0,0.420
9.807,0,0,0,-0.6167,0.0000,-0.5942,-0.0086,-1.4801,0.0000,0.0000,0.0000,-0.5924,0.0501,-1.5048,0.003,858,0.0000,0.0000,0.0241,0,0,0.419
9.906,0,0,0,-0.6167,0.0000,-0.5942,-0.0079,-1.4780,0.0000,0.0000,0.0000,-0.5960,-0.0665,-1.5719,0.003,861,0.0000,0.0000,0.0238,0,0,0.417
0.003,0,0,0,-0.6167,0.0000,-0.5942,-0.0086,-1.4780,0.0000,0.0000,0.0000,-0.5924,0.0501,-1.5044,0.005,864,0.0000,0.0000,0.0241,0,0,0.418
0.099,0,0,0,-0.6167,0.0000,-0.5947,-0.0077,-1.4768,0.0000,0.0000,0.0000,-0.5924,0.0501,-1.5046,0.036,866,-0.0177,0.0057,0.0233,0,0,0.426
0.201,0,0,1,0.0000,0.0000,-0.5946,-0.0072,-1.4023,0.0000,0.0000,0.0000,-0.5926,0.0497,-1.4788,0.007,870,0.0999,0.0037,0.5946,0,0,0.408
0.300,0,0,1,0.0000,0.0000,-0.5863,-0.0078,-1.3388,0.0000,0.0000,0.0000,-0.5931,0.0496,-1.4493,0.003,872,0.0999,0.0038,0.5864,0,0,0.414
0.399,0,0,1,0.0000,0.0000,-0.5771,-0.0070,-1.4724,0.0000,0.0000,0.0000,-0.5935,-0.0671,-1.4079,0.009,875,0.0999,0.0037,0.5771,0,0,0.379
0.498,0,0,1,0.0000,0.0000,-0.5681,-0.0069,-1.3103,0.0000,0.0000,0.0000,-0.5753,0.0517,-1.3435,0.019,878,0.0999,0.0037,0.5682,0,0,0.430
0.601,0,0,1,0.0000,0.0000,-0.5581,-0.0075,-1.5298,0.0000,0.0000,0.0000,-0.5814,-0.0657,-1.1069,0.035,881,0.0999,0.0039,0.5581,0,0,0.452
0.699,0,0,1,0.0000,0.0000,-0.5496,-0.0067,-1.5039,0.0000,0.0000,0.0000,-0.5669,-0.0663,-1.5004,0.003,885,0.0999,0.0037,0.5497,0,0,0.460
0.799,0,0,1,0.0000,0.0000,-0.5403,-0.0074,-1.5991,0.0000,0.0000,0.0000,-0.5687,0.0093,-3.2581,0.004,888,0.0999,0.0039,0.5404,0,0,0.461
0.898,0,0,1,0.0000,0.0000,-0.5313,-0.0076,-1.4105,0.0000,0.0000,0.0000,-0.5649,0.0089,-3.4080,0.034,890,0.0999,0.0039,0.5314,0,0,0.434
1.000,0,0,1,0.0000,0.0000,-0.5222,-0.0088,-1.5009,0.0000,0.0000,0.0000,-0.5502,0.0132,-2.9344,0.003,894,0.0999,0.0042,0.5222,0,0,0.420
1.098,0,0,1,0.0000,0.0000,-0.5131,-0.0089,-1.5061,0.0000,0.0000,0.0000,-0.5369,0.0100,-3.0683,0.032,896,0.0999,0.0042,0.5132,0,0,0.377
1.201,0,0,1,0.0000,0.0000,-0.4586,-0.0132,-0.8470,0.0000,0.0000,0.0000,-0.5289,0.0078,-3.2455,0.003,901,0.0999,0.0054,0.4588,0,0,0.361
1.298,0,0,1,0.0000,0.0000,-0.4087,-0.0158,-0.0603,0.0000,0.0000,0.0000,-0.5235,0.0032,-3.4033,0.031,904,0.0998,0.0064,0.4090,0,0,0.356
1.400,0,0,1,0.0000,0.0000,-0.4040,-0.0171,-0.3284,0.0000,0.0000,0.0000,-0.4589,-0.0357,0.8144,0.018,909,0.0998,0.0067,0.4043,0,0,0.389
1.500,0,0,1,0.0000,0.0000,-0.4001,-0.0191,-0.6729,0.0000,0.0000,0.0000,-0.4984,-0.0647,-1.4035,0.006,914,0.0997,0.0073,0.4006,0,0,0.517
1.600,0,0,1,0.0000,0.0000,-0.3962,-0.0210,-1.0314,0.0000,0.0000,0.0000,-0.4973,-0.0068,-4.5832,0.003,918,0.0997,0.0078,0.3968,0,0,0.519
1.698,0,0,1,0.0000,0.0000,-0.3928,-0.0216,-1.0374,0.0000,0.0000,0.0000,-0.4727,-0.0665,-1.8731,0.003,923,0.0997,0.0080,0.3934,0,0,0.512
1.801,0,0,1,0.0000,0.0000,-0.3860,-0.0212,-1.2049,0.0000,0.0000,0.0000,-0.4696,-0.0659,-1.7854,0.021,926,0.0997,0.0080,0.3865,0,0,0.483
1.900,0,0,1,0.0000,0.0000,-0.3810,-0.0193,-1.4970,0.0000,0.0000,0.0000,-0.4678,-0.0088,-4.7654,0.027,931,0.0997,0.0076,0.3814,0,0,0.326
1.999,0,0,1,0.0000,0.0000,-0.3761,-0.0170,-1.5783,0.0000,0.0000,0.0000,-0.4609,-0.0589,-1.9235,0.006,936,0.0998,0.0070,0.3764,0,0,0.315
2.099,0,0,1,0.0000,0.0000,-0.3708,-0.0163,-1.5835,0.0000,0.0000,0.0000,-0.4326,-0.0670,-2.3431,0.003,941,0.0998,0.0069,0.3711,0,0,0.327
2.201,0,0,1,0.0000,0.0000,-0.3321,-0.0121,-2.3359,0.0000,0.0000,0.0000,-0.4313,-0.0128,-5.0626,0.003,947,0.0998,0.0061,0.3323,0,0,0.309
2.301,0,0,1,0.0000,0.0000,-0.2950,-0.0091,-2.9674,0.0000,0.0000,0.0000,2.6072,0.2459,-76.6150,0.007,952,0.0998,0.0056,0.2951,0,0,0.277
2.399,0,0,1,0.0000,0.0000,-0.2312,-0.0046,-3.9335,0.0000,0.0000,0.0000,-0.4257,-0.0192,-5.3406,0.003,959,0.0999,0.0045,0.2313,0,0,0.328
2.500,0,0,1,0.0000,0.0000,-0.1975,-0.0029,-4.1052,0.0000,0.0000,0.0000,-0.4047,-0.0607,-1.4661,0.002,964,0.0999,0.0040,0.1975,0,0,0.296
2.598,0,0,1,0.0000,0.0000,-0.1398,-0.0005,-4.8056,0.0000,0.0000,0.0000,-0.5295,0.1140,-5.0046,0.017,968,0.1000,0.0029,0.1398,0,0,0.326
2.699,0,0,1,0.0000,0.0000,-0.1051,-0.0023,-4.9276,0.0000,0.0000,0.0000,2.6418,0.0708,-77.4537,0.003,972,0.0840,0.0039,0.1051,0,0,0.328
2.799,0,0,1,0.0000,0.0000,-0.0489,-0.0062,-5.2242,0.0000,0.0000,0.0000,-0.2880,-0.0832,2.7949,0.022,977,0.0390,0.0059,0.0493,0,0,0.298
2.899,0,0,2,0.0000,0.6167,-0.0228,-0.0064,-5.0163,0.0000,0.0000,0.0000,2.6537,0.0325,-76.8330,0.008,981,0.0012,0.1000,0.6235,0,0,0.390
3.000,0,0,2,0.0000,0.6167,0.0257,-0.0001,-5.3172,0.0000,0.0000,0.0000,-0.2705,-0.0571,3.9661,0.003,986,-0.0067,0.0998,0.6173,0,0,0.418
3.098,0,0,2,0.0000,0.6167,0.0442,0.0071,-4.8390,0.0000,0.0000,0.0000,2.6716,0.0223,-76.2051,0.042,989,-0.0097,0.0995,0.6112,0,0,0.395
3.200,0,0,2,0.0000,0.6167,0.0994,0.0130,-5.4675,0.0000,0.0000,0.0000,-0.3708,-0.0298,3.2669,0.005,993,-0.0187,0.0982,0.6118,0,0,0.390
3.299,0,0,2,0.0000,0.6167,0.1140,0.0177,-4.5931,0.0000,0.0000,0.0000,3.4281,-0.6223,-21.6771,0.003,998,-0.0211,0.0977,0.6097,0,0,0.299
3.400,0,0,2,0.0000,0.6167,0.1580,0.0167,-3.8467,0.0000,0.0000,0.0000,-0.2909,0.0774,5.2016,0.003,1005,-0.0279,0.0960,0.6205,0,0,0.262
3.499,0,0,2,0.0000,0.6167,0.1705,0.0227,-3.3354,0.0000,0.0000,0.0000,3.5006,-0.4968,-20.1659,0.012,1010,-0.0300,0.0954,0.6179,0,0,0.233
3.600,0,0,2,0.0000,0.6167,0.2043,0.0262,-2.8796,0.0000,0.0000,0.0000,-0.3032,0.0827,6.0608,0.008,1017,-0.0351,0.0937,0.6248,0,0,0.217
3.699,0,0,2,0.0000,0.6167,0.1840,0.0367,-2.2700,0.0000,0.0000,0.0000,-0.3800,0.0261,6.5077,0.003,1022,-0.0298,0.0934,0.6085,0,0,0.194
3.799,0,0,2,0.0000,0.6167,0.2211,0.0390,-2.1924,0.0000,0.0000,0.0000,-0.2911,0.1049,7.1937,0.007,1028,-0.0353,0.0913,0.6185,0,0,0.194
3.898,0,0,2,0.0000,0.6167,0.2289,0.0462,-1.8046,0.0000,0.0000,0.0000,3.6029,-0.4074,-19.3405,0.006,1033,-0.0234,0.0851,0.6147,0,0,0.165
3.998,0,0,2,0.0000,0.6167,0.2624,0.0497,-1.8796,0.0000,0.0000,0.0000,-0.2966,0.1283,7.8650,0.004,1040,-0.0258,0.0820,0.6248,0,0,0.160
4.099,0,0,2,0.0000,0.6167,0.2352,0.0612,-1.3283,0.0000,0.0000,0.0000,-0.4030,0.0646,7.3999,0.006,1044,-0.0270,0.0852,0.6032,0,0,0.169
4.198,0,0,2,0.0000,0.6167,0.2363,0.0686,-1.1748,0.0000,0.0000,0.0000,-0.2810,0.1577,8.5446,0.008,1050,-0.0174,0.0807,0.5969,0,0,0.147
4.299,0,0,2,0.0000,0.6167,0.2453,0.0751,-1.1995,0.0000,0.0000,0.0000,-0.4016,0.0759,7.1827,0.003,1055,-0.0056,0.0743,0.5945,0,0,0.118
4.399,0,0,2,0.0000,0.6167,0.2191,0.0850,-0.8082,0.0000,0.0000,0.0000,-0.3099,0.1500,7.7928,0.003,1059,-0.0099,0.0788,0.5750,0,0,0.134
4.500,0,0,2,0.0000,0.6167,0.1874,0.0978,-0.5213,0.0000,0.0000,0.0000,-0.4150,0.2093,5.3817,0.017,1063,-0.0049,0.0802,0.5516,0,0,0.132
4.600,0,0,2,0.0000,0.6167,0.1624,0.1079,-0.1483,0.0000,0.0000,0.0000,-0.4012,0.0927,6.7542,0.032,1067,-0.0168,0.0945,0.5341,0,0,0.168
4.699,0,0,2,0.0000,0.6167,0.1326,0.1198,0.1619,0.0000,0.0000,0.0000,-0.3805,0.2120,5.8643,0.028,1072,0.0128,0.0959,0.5143,0,0,0.118
4.799,0,0,2,0.0000,0.6167,0.1059,0.1314,0.2403,0.0000,0.0000,0.0000,-0.3849,0.2230,5.5844,0.003,1078,0.0147,0.0971,0.4967,0,0,0.123
4.899,0,0,2,0.0000,0.6167,0.0865,0.1435,0.3141,0.0000,0.0000,0.0000,-0.4038,0.1186,6.0427,0.003,1082,-0.0015,0.1057,0.4810,0,0,0.159
5.001,0,0,2,0.0000,0.6167,0.0564,0.1575,0.5617,0.0000,0.0000,0.0000,-0.3821,0.2459,5.1616,0.006,1087,-0.0156,0.0988,0.4626,0,0,0.203
5.100,0,0,2,0.0000,0.6167,0.0410,0.1679,0.5123,0.0000,0.0000,0.0000,-0.4031,0.1390,5.6273,0.003,1091,-0.0116,0.0993,0.4507,0,0,0.205
5.199,0,0,2,0.0000,0.6167,0.0175,0.1798,0.4043,0.0000,0.0000,0.0000,-0.3834,0.2661,4.4628,0.004,1096,0.0105,0.0998,0.4372,0,0,0.166
5.298,0,0,2,0.0000,0.6167,0.0010,0.1920,0.2462,0.0000,0.0000,0.0000,-0.4516,0.1997,6.2164,0.005,1100,0.0001,0.1028,0.4246,0,0,0.192
5.398,0,0,2,0.0000,0.6167,-0.0210,0.2055,0.4634,0.0000,0.0000,0.0000,-0.3849,0.2854,3.8065,0.002,1105,0.0119,0.1038,0.4117,0,0,0.180
5.499,0,0,2,0.0000,0.6167,-0.0319,0.2178,0.1852,0.0000,0.0000,0.0000,-0.4472,0.2278,5.5978,0.002,1108,0.0281,0.1092,0.4002,0,0,0.151
5.601,0,0,2,0.0000,0.6167,-0.0463,0.2314,0.1772,0.0000,0.0000,0.0000,-0.3842,0.3056,3.1641,0.013,1111,0.0233,0.1053,0.3880,0,0,0.170
5.699,0,0,2,0.0000,0.6167,-0.0528,0.2416,0.0707,0.0000,0.0000,0.0000,-0.4434,0.2487,4.9459,0.006,1114,0.0128,0.0999,0.3787,0,0,0.197
5.799,0,0,2,0.0000,0.6167,-0.0639,0.2535,-0.1212,0.0000,0.0000,0.0000,-0.4441,0.2508,4.8043,0.035,1116,0.0148,0.0989,0.3687,0,0,0.204
5.899,0,0,2,0.0000,0.6167,-0.0739,0.2642,-0.1439,0.0000,0.0000,0.0000,-0.3802,0.3308,2.1785,0.011,1119,0.0181,0.0984,0.3602,0,0,0.204
5.998,0,0,2,0.0000,0.6167,-0.0796,0.2749,-0.2224,0.0000,0.0000,0.0000,-0.3700,0.3480,2.5455,0.062,1121,0.0202,0.0979,0.3509,0,0,0.209
6.098,0,0,2,0.0000,0.6167,-0.0522,0.2829,-0.6222,0.0000,0.0000,0.0000,3.4450,-0.0411,-19.9707,0.006,1127,0.0130,0.0992,0.3378,0,0,0.310
6.200,0,0,2,0.0000,0.6167,0.0218,0.2881,-1.7811,0.0000,0.0000,0.0000,-0.3696,0.3683,1.9284,0.007,1130,-0.0091,0.0996,0.3293,0,0,0.235
6.299,0,0,2,0.0000,0.6167,0.0567,0.2943,-2.1351,0.0000,0.0000,0.0000,3.4450,-0.0411,-19.9707,0.007,1133,-0.0198,0.0980,0.3273,0,0,0.277
6.398,0,0,2,0.0000,0.6167,0.1306,0.2977,-2.9551,0.0000,0.0000,0.0000,-0.3621,0.3954,2.4620,0.003,1136,-0.0402,0.0916,0.3447,0,0,0.325
6.498,0,0,2,0.0000,0.6167,0.1550,0.3048,-3.2229,0.0000,0.0000,0.0000,3.4411,-0.0393,-20.0306,0.008,1139,-0.0657,0.0806,0.3483,0,0,0.159
6.601,0,0,2,0.0000,0.6167,0.2145,0.3087,-3.4270,0.0000,0.0000,0.0000,-0.3614,0.4247,3.4546,0.006,1142,-0.0751,0.0737,0.3753,0,0,0.168
6.699,0,0,2,0.0000,0.6167,0.2402,0.3128,-3.3953,0.0000,0.0000,0.0000,3.4093,-0.0261,-20.5816,0.006,1145,-0.0709,0.0740,0.3873,0,0,0.185
6.799,0,0,2,0.0000,0.6167,0.2556,0.3196,-3.0430,0.0000,0.0000,0.0000,-0.3846,0.4310,4.2370,0.007,1148,-0.0731,0.0717,0.3919,0,0,0.187
6.901,0,0,2,0.0000,0.6167,0.2242,0.3316,-2.1551,0.0000,0.0000,0.0000,-0.3879,0.4383,4.7171,0.044,1150,-0.0675,0.0755,0.3627,0,0,0.192
7.000,0,0,2,0.0000,0.6167,0.2019,0.3424,-1.7739,0.0000,0.0000,0.0000,-0.4009,0.4450,4.9400,0.003,1153,-0.0613,0.0790,0.3406,0,0,0.340
7.099,0,0,2,0.0000,0.6167,0.1727,0.3540,-1.0706,0.0000,0.0000,0.0000,-0.4065,0.4483,5.0806,0.012,1156,-0.0570,0.0821,0.3144,0,0,0.341
7.199,0,0,2,0.0000,0.6167,0.1449,0.3656,-0.8892,0.0000,0.0000,0.0000,-0.4244,0.4460,5.3102,0.012,1159,-0.0521,0.0853,0.2899,0,0,0.243
7.298,0,0,2,0.0000,0.6167,0.1039,0.3779,-0.2089,0.0000,0.0000,0.0000,-0.4240,0.4461,5.2914,0.015,1163,-0.0422,0.0907,0.2604,0,0,0.204
7.401,0,0,2,0.0000,0.6167,0.0594,0.3919,0.1926,0.0000,0.0000,0.0000,-0.4275,0.4720,5.0852,0.006,1169,-0.0280,0.0960,0.2325,0,0,0.223
7.499,0,0,2,0.0000,0.6167,0.0447,0.4019,0.1233,0.0000,0.0000,0.0000,-0.4280,0.4800,4.8427,0.032,1171,-0.0228,0.0974,0.2194,0,0,0.747
7.601,0,0,2,0.0000,0.6167,0.0244,0.4140,0.1374,0.0000,0.0000,0.0000,-0.4308,0.4941,4.5578,0.002,1175,-0.0144,0.0990,0.2041,0,0,0.333
7.699,0,0,2,0.0000,0.6167,0.0059,0.4261,0.1233,0.0000,0.0000,0.0000,-0.4319,0.4993,4.4290,0.036,1177,-0.0056,0.0998,0.1907,0,0,0.246
7.800,0,0,2,0.0000,0.6167,-0.0169,0.4405,0.0944,0.0000,0.0000,0.0000,-0.4235,0.5234,4.3744,0.007,1181,0.0071,0.0997,0.1770,0,0,0.202
7.898,0,0,2,0.0000,0.6167,-0.0271,0.4512,-0.0857,0.0000,0.0000,0.0000,-0.4246,0.5292,4.2136,0.041,1183,0.0137,0.0991,0.1677,0,0,0.242
8.000,0,0,2,0.0000,0.6167,-0.0461,0.4651,0.0838,0.0000,0.0000,0.0000,-0.4246,0.5409,3.8200,0.005,1187,0.0267,0.0964,0.1585,0,0,0.296
8.100,0,0,2,0.0000,0.6167,-0.0539,0.4747,0.0022,0.0000,0.0000,0.0000,-0.4255,0.5455,3.7329,0.043,1189,0.0331,0.0943,0.1519,0,0,0.344
8.198,0,0,2,0.0000,0.6167,-0.0653,0.4856,-0.0273,0.0000,0.0000,0.0000,-0.4142,0.5682,3.6987,0.011,1193,0.0424,0.0906,0.1465,0,0,0.327
8.301,0,0,2,0.0000,0.6167,-0.0751,0.4967,0.1065,0.0000,0.0000,0.0000,-0.4132,0.5721,3.5763,0.044,1195,0.0509,0.0861,0.1415,0,0,0.238
8.400,0,0,2,0.0000,0.6167,-0.0792,0.5070,0.0151,0.0000,0.0000,0.0000,-0.4097,0.5809,3.2761,0.003,1199,0.0565,0.0825,0.1353,0,0,0.225
8.500,0,0,2,0.0000,0.6167,-0.0913,0.5181,-0.0007,0.0000,0.0000,0.0000,-0.4043,0.5877,2.9365,0.030,1201,0.0661,0.0751,0.1344,0,0,0.275
8.598,0,0,2,0.0000,0.6167,-0.0933,0.5270,-0.1274,0.0000,0.0000,0.0000,-0.4234,0.5943,1.6861,0.012,1204,0.0704,0.0710,0.1294,0,0,0.228
8.700,0,0,2,0.0000,0.6167,-0.1027,0.5377,-0.1486,0.0000,0.0000,0.0000,-0.3838,0.6134,3.0735,0.020,1207,0.0717,0.0654,0.1295,0,0,0.187
8.800,0,0,2,0.0000,0.6167,-0.1071,0.5466,-0.3118,0.0000,0.0000,0.0000,-0.3732,0.6201,2.5375,0.007,1211,0.0823,0.0568,0.1280,0,0,0.200
8.900,0,0,2,0.0000,0.6167,-0.1091,0.5553,-0.3887,0.0000,0.0000,0.0000,-0.3670,0.6241,2.2217,0.043,1213,0.0771,0.0548,0.1252,0,0,0.181
9.000,0,0,2,0.0000,0.6167,-0.1154,0.5635,-0.2289,0.0000,0.0000,0.0000,-0.3590,0.6264,1.9377,0.008,1217,0.0898,0.0441,0.1271,0,0,0.228
9.099,0,0,2,0.0000,0.6167,-0.1145,0.5689,-0.5647,0.0000,0.0000,0.0000,-0.3530,0.6270,1.7599,0.043,1219,0.0906,0.0405,0.1240,0,0,0.200
9.200,0,0,2,0.0000,0.6167,-0.1185,0.5761,-0.6431,0.0000,0.0000,0.0000,-0.3210,0.6598,2.2531,0.009,1223,0.0938,0.0347,0.1252,0,0,0.239
9.299,0,0,2,0.0000,0.6167,-0.1164,0.5811,-0.5825,0.0000,0.0000,0.0000,-0.3168,0.6598,2.1318,0.039,1225,0.0924,0.0308,0.1218,0,0,0.233
9.398,0,0,2,0.0000,0.6167,-0.1164,0.5865,-0.6551,0.0000,0.0000,0.0000,-0.3053,0.6586,1.8689,0.007,1229,0.0925,0.0265,0.1203,0,0,0.222
9.499,0,0,2,0.0000,0.6167,-0.1156,0.5913,-0.7287,0.0000,0.0000,0.0000,-0.2972,0.6596,1.6104,0.040,1231,0.0833,0.0313,0.1184,0,0,0.174
9.598,0,0,2,0.0000,0.6167,-0.1158,0.5961,-0.7850,0.0000,0.0000,0.0000,-0.2843,0.6595,1.2609,0.008,1235,0.0813,0.0298,0.1177,0,0,0.167
9.698,0,0,2,0.0000,0.6167,-0.1152,0.6011,-0.8755,0.0000,0.0000,0.0000,-0.2796,0.6593,1.1374,0.039,1237,0.0793,0.0273,0.1162,0,0,0.162
9.802,0,0,2,0.0000,0.6167,-0.1124,0.6051,-0.8428,0.0000,0.0000,0.0000,-0.3420,0.6400,-1.3211,0.003,1240,0.0715,0.0297,0.1130,0,0,0.143
9.899,0,0,2,0.0000,0.6167,-0.1151,0.6101,-0.8620,0.0000,0.0000,0.0000,-0.2633,0.6581,0.7356,0.020,1243,0.0737,0.0258,0.1153,0,0,0.144
10.002,0,0,2,0.0000,0.6167,-0.1124,0.6136,-1.2038,0.0000,0.0000,0.0000,-0.2499,0.6595,0.3153,0.004,1246,0.0746,0.0199,0.1125,0,0,0.152
10.100,0,0,2,0.0000,0.6167,-0.1138,0.6177,-1.0957,0.0000,0.0000,0.0000,-0.2432,0.6598,0.1153,0.033,1249,0.0740,0.0185,0.1138,0,0,0.147
10.198,0,0,2,0.0000,0.6167,-0.1030,0.6117,-0.8722,0.0000,0.0000,0.0000,-0.2354,0.6571,0.0278,0.006,1253,0.0747,0.0136,0.1032,0,0,0.174
10.299,0,0,2,0.0000,0.6167,-0.0920,0.6057,-0.8935,0.0000,0.0000,0.0000,-0.2299,0.6555,-0.0627,0.043,1255,0.0733,0.0106,0.0926,0,0,0.217
10.398,0,0,2,0.0000,0.6167,-0.0919,0.6089,-1.0184,0.0000,0.0000,0.0000,-0.2170,0.6548,-0.3797,0.005,1259,0.0732,0.0077,0.0923,0,0,0.199
10.502,0,0,2,0.0000,0.6167,-0.0907,0.6112,-1.0509,0.0000,0.0000,0.0000,-0.2125,0.6546,-0.4894,0.045,1261,0.0712,0.0032,0.0908,0,0,0.191
10.598,0,0,2,0.0000,0.6167,-0.0916,0.6125,-1.0722,0.0000,0.0000,0.0000,-0.1916,0.6726,0.1525,0.005,1265,0.0620,-0.0220,0.0917,0,0,0.120
10.700,0,0,2,0.0000,0.6167,-0.0905,0.6129,-1.1865,0.0000,0.0000,0.0000,-0.1872,0.6712,0.0812,0.034,1267,0.0608,-0.0230,0.0906,0,0,0.117
10.798,0,0,2,0.0000,0.6167,-0.0906,0.6127,-1.3064,0.0000,0.0000,0.0000,-0.1768,0.6690,-0.1376,0.005,1271,0.0608,-0.0229,0.0906,0,0,0.117
10.902,0,0,2,0.0000,0.6167,-0.0904,0.6122,-1.3939,0.0000,0.0000,0.0000,-0.2683,0.6440,-3.9123,0.045,1273,0.0607,-0.0224,0.0905,0,0,0.117
10.999,0,0,2,0.0000,0.6167,-0.0912,0.6114,-1.5591,0.0000,0.0000,0.0000,-0.1573,0.6720,-0.0797,0.003,1279,0.0612,0.0341,0.0914,0,0,0.117
11.101,0,0,2,0.0000,0.6167,-0.0885,0.6160,-1.3284,0.0000,0.0000,0.0000,-0.1563,0.6720,-0.1106,0.041,1282,0.0595,0.0295,0.0885,0,0,0.117
11.200,0,0,2,0.0000,0.6167,-0.0861,0.6181,-1.5209,0.0000,0.0000,0.0000,-0.2647,0.6619,-3.6050,0.008,1287,0.0579,0.0270,0.0861,0,0,0.117
11.299,0,0,2,0.0000,0.6167,-0.0858,0.6220,-1.5179,0.0000,0.0000,0.0000,-0.2639,0.6619,-3.6375,0.027,1291,0.0687,-0.0026,0.0860,0,0,0.272
11.401,0,0,2,0.0000,0.6167,-0.0840,0.6233,-1.4269,0.0000,0.0000,0.0000,-0.2631,0.6622,-3.6528,0.016,1296,0.0623,0.0085,0.0842,0,0,0.161
11.498,0,0,2,0.0000,0.6167,-0.0813,0.6244,-1.4720,0.0000,0.0000,0.0000,-0.1347,0.6628,-0.3794,0.027,1300,0.0652,-0.0046,0.0817,0,0,0.311
11.599,0,0,2,0.0000,0.6167,-0.0797,0.6231,-1.5837,0.0000,0.0000,0.0000,-0.1259,0.6598,-0.4687,0.003,1306,0.0638,-0.0227,0.0799,0,0,0.140
11.704,0,0,2,0.0000,0.6167,-0.0762,0.6213,-1.7376,0.0000,0.0000,0.0000,-0.0541,0.5747,-4.0994,0.006,1310,0.0000,0.0000,0.0764,0,0,0.117
11.800,0,0,2,0.0000,0.6167,-0.0777,0.6210,-1.8202,0.0000,0.0000,0.0000,-0.1098,0.6556,-0.8039,0.007,1315,0.0000,0.0000,0.0778,0,0,0.117
11.899,0,0,2,0.0000,0.6167,-0.0790,0.6210,-1.8359,0.0000,0.0000,0.0000,-0.1089,0.6544,-0.7769,0.041,1318,0.0000,0.0000,0.0791,0,0,0.117
11.998,0,0,2,0.0000,0.6167,-0.0814,0.6208,-1.8994,0.0000,0.0000,0.0000,-0.1087,0.6539,-0.7626,0.007,1324,0.0000,0.0000,0.0815,0,0,0.117
12.103,0,0,2,0.0000,0.6167,-0.0830,0.6212,-1.9109,0.0000,0.0000,0.0000,-0.0340,0.5628,-4.4238,0.004,1328,0.0000,0.0000,0.0832,0,0,0.117
12.199,0,0,2,0.0000,0.6167,-0.0854,0.6209,-1.9715,0.0000,0.0000,0.0000,-0.1087,0.6539,-0.7626,0.008,1333,0.0000,0.0000,0.0855,0,0,0.117
12.298,0,0,2,0.0000,0.6167,-0.0869,0.6214,-1.9806,0.0000,0.0000,0.0000,-0.1087,0.6539,-0.7624,0.041,1336,0.0000,0.0000,0.0870,0,0,0.117
12.398,0,0,2,0.0000,0.6167,-0.0890,0.6212,-2.0372,0.0000,0.0000,0.0000,-0.1086,0.6538,-0.7626,0.004,1342,0.0000,0.0000,0.0892,0,0,0.117
12.502,0,0,2,0.0000,0.6167,-0.0904,0.6216,-2.0450,0.0000,0.0000,0.0000,-0.2113,0.5717,-1.6479,0.003,1346,0.0000,0.0000,0.0906,0,0,0.117
12.599,0,0,2,0.0000,0.6167,-0.0928,0.6211,-2.0631,0.0000,0.0000,0.0000,-0.2286,0.6569,-3.6684,0.005,1350,0.0000,0.0000,0.0929,0,0,0.117
12.698,0,0,2,0.0000,0.6167,-0.0955,0.6219,-2.0811,0.0000,0.0000,0.0000,-0.1086,0.6538,-0.7626,0.013,1354,0.0000,0.0000,0.0957,0,0,0.117
12.798,0,0,2,0.0000,0.6167,-0.0979,0.6224,-2.1116,0.0000,0.0000,0.0000,-0.2285,0.6570,-3.6685,0.024,1358,0.0000,0.0000,0.0981,1,1,0.117
12.899,0,0,2,0.0000,0.6167,-0.1002,0.6222,-2.1156,0.0000,0.0000,0.0000,-0.1086,0.6538,-0.7626,0.034,1363,0.0000,0.0000,0.1004,1,1,0.117
12.999,0,0,2,0.0000,0.6167,-0.1017,0.6220,-2.1645,0.0000,0.0000,0.0000,-0.1086,0.6538,-0.7626,0.004,1369,0.0000,0.0000,0.1018,1,1,0.117
13.099,0,0,2,0.0000,0.6167,-0.1025,0.6224,-2.1708,0.0000,0.0000,0.0000,-0.1086,0.6538,-0.7626,0.042,1372,0.0000,0.0000,0.1026,1,1,0.117
13.199,0,0,2,0.0000,0.6167,-0.1038,0.6222,-2.2188,0.0000,0.0000,0.0000,-0.1086,0.6538,-0.7626,0.005,1378,0.0000,0.0000,0.1040,1,1,0.117
13.299,0,0,2,0.0000,0.6167,-0.1045,0.6226,-2.2164,0.0000,0.0000,0.0000,-0.1086,0.6538,-0.7626,0.040,1381,0.0000,0.0000,0.1047,1,1,0.117
13.399,0,0,2,0.0000,0.6167,-0.1058,0.6224,-2.2615,0.0000,0.0000,0.0000,-0.1086,0.6538,-0.7626,0.007,1387,0.0000,0.0000,0.1059,1,1,0.117
13.501,0,0,2,0.0000,0.6167,-0.1064,0.6228,-2.2622,0.0000,0.0000,0.0000,-0.1086,0.6538,-0.7626,0.041,1390,0.0000,0.0000,0.1066,1,1,0.117
13.601,0,0,2,0.0000,0.6167,-0.1075,0.6229,-2.2926,0.0000,0.0000,0.0000,-0.1086,0.6538,-0.7626,0.005,1396,0.0000,0.0000,0.1077,1,1,0.117
13.699,0,0,2,0.0000,0.6167,-0.1081,0.6230,-2.3065,0.0000,0.0000,0.0000,-0.1086,0.6538,-0.7626,0.036,1399,0.0000,0.0000,0.1082,1,1,0.117
13.798,0,0,2,0.0000,0.6167,-0.1078,0.6224,-2.3392,0.0000,0.0000,0.0000,-0.1086,0.6538,-0.7626,0.006,1404,0.0000,0.0000,0.1079,1,1,0.117
13.902,0,0,2,0.0000,0.6167,-0.1096,0.6231,-2.3494,0.0000,0.0000,0.0000,-0.0341,0.5633,-4.3989,0.003,1409,0.0000,0.0000,0.1098,1,1,0.117
14.000,0,0,2,0.0000,0.6167,-0.1101,0.6232,-2.3625,0.0000,0.0000,0.0000,-0.1086,0.6538,-0.7626,0.003,1413,0.0000,0.0000,0.1103,1,1,0.117
14.101,0,0,2,0.0000,0.6167,-0.1109,0.6233,-2.3889,0.0000,0.0000,0.0000,-0.1086,0.6538,-0.7626,0.034,1417,0.0000,0.0000,0.1111,1,1,0.117
14.201,0,0,2,0.0000,0.6167,-0.1118,0.6230,-2.4269,0.0000,0.0000,0.0000,-0.0341,0.5633,-4.3989,0.022,1422,0.0000,0.0000,0.1120,1,1,0.117
14.298,0,0,2,0.0000,0.6167,-0.1121,0.6234,-2.4257,0.0000,0.0000,0.0000,-0.1086,0.6538,-0.7626,0.030,1426,0.0000,0.0000,0.1123,1,1,0.117
14.399,0,0,2,0.0000,0.6167,-0.1129,0.6232,-2.4646,0.0000,0.0000,0.0000,-0.1086,0.6538,-0.7626,0.006,1432,0.0000,0.0000,0.1131,1,1,0.117
14.499,0,0,2,0.0000,0.6167,-0.1132,0.6235,-2.4612,0.0000,0.0000,0.0000,-0.0340,0.5633,-4.3998,0.005,1436,0.0000,0.0000,0.1134,1,1,0.117
14.598,0,0,2,0.0000,0.6167,-0.1140,0.6233,-2.4960,0.0000,0.0000,0.0000,-0.2084,0.6446,-4.1102,0.012,1441,0.0000,0.0000,0.1142,1,1,0.117
14.698,0,0,2,0.0000,0.6167,-0.1153,0.6235,-2.5190,0.0000,0.0000,0.0000,-0.1113,0.6447,-1.0544,0.037,1444,0.0000,0.0000,0.1155,1,1,0.117
14.800,0,0,2,0.0000,0.6167,-0.1159,0.6233,-2.5396,0.0000,0.0000,0.0000,-0.1113,0.6447,-1.0539,0.010,1450,0.0000,0.0000,0.1161,1,1,0.117
14.899,0,0,2,0.0000,0.6167,-0.1162,0.6233,-2.5484,0.0000,0.0000,0.0000,-0.1113,0.6447,-1.0519,0.043,1453,0.0000,0.0000,0.1164,1,1,0.117
14.998,0,0,2,0.0000,0.6167,-0.1168,0.6230,-2.5807,0.0000,0.0000,0.0000,-0.1114,0.6447,-1.0478,0.006,1459,0.0000,0.0000,0.1169,1,1,0.117
15.101,0,0,2,0.0000,0.6167,-0.1170,0.6232,-2.5774,0.0000,0.0000,0.0000,-0.1114,0.6447,-1.0478,0.044,1462,0.0000,0.0000,0.1172,1,1,0.117
15.199,0,0,2,0.0000,0.6167,-0.1150,0.6207,-2.6436,0.0000,0.0000,0.0000,-0.2282,0.6571,-3.6704,0.011,1467,0.0000,0.0000,0.1150,1,1,0.117
15.300,0,0,2,0.0000,0.6167,-0.1158,0.6204,-2.6668,0.0000,0.0000,0.0000,-0.1114,0.6447,-1.0478,0.029,1471,0.0000,0.0000,0.1158,1,1,0.117
15.399,0,0,2,0.0000,0.6167,-0.1138,0.6180,-2.7338,0.0000,0.0000,0.0000,-0.2282,0.6571,-3.6705,0.002,1476,0.0000,0.0000,0.1138,1,1,0.117
15.499,0,0,2,0.0000,0.6167,-0.1147,0.6179,-2.7549,0.0000,0.0000,0.0000,-0.1114,0.6447,-1.0478,0.016,1480,0.0000,0.0000,0.1147,1,1,0.117
15.601,0,0,2,0.0000,0.6167,-0.1155,0.6176,-2.7904,0.0000,0.0000,0.0000,-0.1114,0.6447,-1.0478,0.003,1485,0.0000,0.0000,0.1155,1,1,0.117
15.698,0,0,2,0.0000,0.6167,-0.1136,0.6156,-2.8383,0.0000,0.0000,0.0000,-0.1114,0.6447,-1.0478,0.033,1489,0.0000,0.0000,0.1136,1,1,0.117
15.799,0,0,2,0.0000,0.6167,-0.1130,0.6139,-2.9039,0.0000,0.0000,0.0000,-0.1114,0.6447,-1.0478,0.010,1495,0.0000,0.0000,0.1130,1,1,0.117
15.900,0,0,2,0.0000,0.6167,-0.1127,0.6136,-2.9131,0.0000,0.0000,0.0000,0.0294,0.4777,-7.1631,0.003,1499,0.0000,0.0000,0.1127,1,1,0.117
16.001,0,0,2,0.0000,0.6167,-0.1132,0.6123,-2.9870,0.0000,0.0000,0.0000,-0.2091,0.6433,-4.1528,0.013,1504,0.0000,0.0000,0.1132,1,1,0.117
16.099,0,0,2,0.0000,0.6167,-0.1128,0.6117,-3.0083,0.0000,0.0000,0.0000,-0.1104,0.6468,-0.9786,0.043,1507,0.0000,0.0000,0.1130,1,1,0.117
16.198,0,0,2,0.0000,0.6167,-0.1123,0.6102,-3.0682,0.0000,0.0000,0.0000,-0.1104,0.6468,-0.9780,0.007,1513,0.0000,0.0000,0.1125,1,1,0.117
16.301,0,0,2,0.0000,0.6167,-0.1120,0.6101,-3.0676,0.0000,0.0000,0.0000,-0.1104,0.6468,-0.9780,0.045,1516,0.0000,0.0000,0.1122,1,1,0.117
16.400,0,0,2,0.0000,0.6167,-0.1114,0.6091,-3.1075,0.0000,0.0000,0.0000,-0.1104,0.6468,-0.9780,0.008,1522,0.0000,0.0000,0.1117,1,1,0.117
16.498,0,0,2,0.0000,0.6167,-0.1112,0.6086,-3.1254,0.0000,0.0000,0.0000,-0.1104,0.6468,-0.9780,0.041,1525,0.0000,0.0000,0.1115,1,1,0.117
16.600,0,0,2,0.0000,0.6167,-0.1107,0.6073,-3.1784,0.0000,0.0000,0.0000,-0.2281,0.6572,-3.6706,0.010,1530,0.0000,0.0000,0.1111,1,1,0.117
16.698,0,0,2,0.0000,0.6167,-0.1105,0.6073,-3.1781,0.0000,0.0000,0.0000,-0.1104,0.6468,-0.9771,0.014,1534,0.0000,0.0000,0.1109,1,1,0.117
16.802,0,0,2,0.0000,0.6167,-0.1087,0.6055,-3.2235,0.0000,0.0000,0.0000,0.0294,0.4777,-7.1634,0.003,1538,0.0000,0.0000,0.1093,1,1,0.117
16.901,0,0,2,0.0000,0.6167,-0.1098,0.6061,-3.2240,0.0000,0.0000,0.0000,-0.1104,0.6468,-0.9770,0.027,1543,0.0000,0.0000,0.1103,1,1,0.117
17.001,0,0,2,0.0000,0.6167,-0.1094,0.6049,-3.2743,0.0000,0.0000,0.0000,-0.1104,0.6468,-0.9770,0.003,1549,0.0000,0.0000,0.1100,1,1,0.117
17.101,0,0,2,0.0000,0.6167,-0.1092,0.6050,-3.2688,0.0000,0.0000,0.0000,-0.1104,0.6468,-0.9770,0.046,1552,0.0000,0.0000,0.1098,1,1,0.117
17.200,0,0,2,0.0000,0.6167,-0.1088,0.6043,-3.2997,0.0000,0.0000,0.0000,-0.1104,0.6468,-0.9770,0.008,1558,0.0000,0.0000,0.1095,1,1,0.117
17.299,0,0,2,0.0000,0.6167,-0.1086,0.6040,-3.3137,0.0000,0.0000,0.0000,-0.1104,0.6468,-0.9770,0.042,1561,0.0000,0.0000,0.1094,1,1,0.117
17.399,0,0,2,0.0000,0.6167,-0.1093,0.6029,-3.3842,0.0000,0.0000,0.0000,-0.1097,0.6482,-0.9304,0.006,1567,0.0000,0.0000,0.1102,1,1,0.117
17.499,0,0,2,0.0000,0.6167,-0.1091,0.6031,-3.3764,0.0000,0.0000,0.0000,-0.1097,0.6482,-0.9284,0.041,1570,0.0000,0.0000,0.1099,1,1,0.117
17.601,0,0,2,0.0000,0.6167,-0.1087,0.6026,-3.3996,0.0000,0.0000,0.0000,-0.1097,0.6482,-0.9284,0.007,1576,0.0000,0.0000,0.1096,1,1,0.117
17.701,0,0,2,0.0000,0.6167,-0.1085,0.6023,-3.4106,0.0000,0.0000,0.0000,0.0294,0.4776,-7.1638,0.003,1580,0.0000,0.0000,0.1095,1,1,0.117
17.798,0,0,2,0.0000,0.6167,-0.1082,0.6013,-3.4540,0.0000,0.0000,0.0000,-0.1097,0.6482,-0.9284,0.010,1585,0.0000,0.0000,0.1093,1,1,0.117
17.901,0,0,2,0.0000,0.6167,-0.1080,0.6016,-3.4411,0.0000,0.0000,0.0000,-0.1097,0.6482,-0.9276,0.044,1588,0.0000,0.0000,0.1091,1,1,0.117
17.999,0,0,2,0.0000,0.6167,-0.1077,0.6007,-3.4821,0.0000,0.0000,0.0000,-0.1097,0.6482,-0.9276,0.002,1594,0.0000,0.0000,0.1089,1,1,0.117
18.098,0,0,2,0.0000,0.6167,-0.1076,0.6010,-3.4723,0.0000,0.0000,0.0000,-0.2279,0.6573,-3.6708,0.031,1597,0.0000,0.0000,0.1087,1,1,0.117
18.200,0,0,2,0.0000,0.6167,-0.1073,0.6001,-3.5118,0.0000,0.0000,0.0000,-0.2279,0.6573,-3.6691,0.021,1602,0.0000,0.0000,0.1085,1,1,0.117
18.301,0,0,2,0.0000,0.6167,-0.1082,0.6004,-3.5240,0.0000,0.0000,0.0000,-0.2069,0.6453,-4.0426,0.036,1606,0.0000,0.0000,0.1094,1,1,0.117
18.400,0,0,2,0.0000,0.6167,-0.1078,0.5994,-3.5607,0.0000,0.0000,0.0000,-0.2089,0.6433,-4.1423,0.003,1612,0.0000,0.0000,0.1091,1,1,0.117
18.501,0,0,2,0.0000,0.6167,-0.1087,0.5998,-3.5695,0.0000,0.0000,0.0000,0.0294,0.4776,-7.1637,0.003,1616,0.0000,0.0000,0.1100,1,1,0.117
18.599,0,0,2,0.0000,0.6167,-0.1083,0.5989,-3.6036,0.0000,0.0000,0.0000,-0.1089,0.6501,-0.8628,0.009,1621,0.0000,0.0000,0.1097,1,1,0.117
18.700,0,0,2,0.0000,0.6167,-0.1081,0.5994,-3.5873,0.0000,0.0000,0.0000,0.0294,0.4776,-7.1637,0.003,1625,0.0000,0.0000,0.1095,1,1,0.117
18.800,0,0,2,0.0000,0.6167,-0.1078,0.5991,-3.6004,0.0000,0.0000,0.0000,-0.1089,0.6501,-0.8630,0.008,1630,0.0000,0.0000,0.1092,1,1,0.117
18.898,0,0,2,0.0000,0.6167,-0.1076,0.5990,-3.6061,0.0000,0.0000,0.0000,-0.1089,0.6501,-0.8630,0.039,1633,0.0000,0.0000,0.1091,1,1,0.117
18.999,0,0,2,0.0000,0.6167,-0.1073,0.5982,-3.6409,0.0000,0.0000,0.0000,-0.1089,0.6501,-0.8630,0.007,1639,0.0000,0.0000,0.1089,1,1,0.117
19.098,0,0,2,0.0000,0.6167,-0.1072,0.5986,-3.6215,0.0000,0.0000,0.0000,-0.1089,0.6501,-0.8621,0.041,1642,0.0000,0.0000,0.1087,1,1,0.117
19.201,0,0,2,0.0000,0.6167,-0.1079,0.5983,-3.6593,0.0000,0.0000,0.0000,-0.1097,0.6478,-0.9399,0.014,1648,0.0000,0.0000,0.1095,1,1,0.117
19.301,0,0,2,0.0000,0.6167,-0.1078,0.5982,-3.6647,0.0000,0.0000,0.0000,-0.2278,0.6573,-3.6676,0.034,1651,0.0000,0.0000,0.1093,1,1,0.117
19.398,0,0,2,0.0000,0.6167,-0.1062,0.5968,-3.6984,0.0000,0.0000,0.0000,-0.2278,0.6573,-3.6702,0.002,1656,0.0000,0.0000,0.1080,1,1,0.117
19.500,0,0,2,0.0000,0.6167,-0.1073,0.5979,-3.6782,0.0000,0.0000,0.0000,-0.1097,0.6478,-0.9394,0.020,1660,0.0000,0.0000,0.1090,1,1,0.117
19.600,0,0,2,0.0000,0.6167,-0.1085,0.5990,-3.6595,0.0000,0.0000,0.0000,-0.1097,0.6478,-0.9394,0.007,1665,0.0000,0.0000,0.1099,1,1,0.117
19.699,0,0,2,0.0000,0.6167,-0.1069,0.5976,-3.6926,0.0000,0.0000,0.0000,-0.1097,0.6478,-0.9394,0.034,1669,0.0000,0.0000,0.1086,1,1,0.117
19.798,0,0,2,0.0000,0.6167,-0.1066,0.5968,-3.7247,0.0000,0.0000,0.0000,-0.1097,0.6478,-0.9394,0.007,1675,0.0000,0.0000,0.1084,1,1,0.117
19.906,0,0,2,0.0000,0.6167,-0.1065,0.5973,-3.7036,0.0000,0.0000,0.0000,0.0294,0.4776,-7.1645,0.004,1679,0.0000,0.0000,0.1083,1,1,0.117
19.999,0,0,2,0.0000,0.6167,-0.1062,0.5966,-3.7334,0.0000,0.0000,0.0000,-0.1097,0.6478,-0.9394,0.004,1684,0.0000,0.0000,0.1081,1,1,0.117
20.099,0,0,2,0.0000,0.6167,-0.1062,0.5970,-3.7116,0.0000,0.0000,0.0000,-0.1097,0.6478,-0.9394,0.041,1687,0.0000,0.0000,0.1080,1,1,0.117
20.200,0,0,2,0.0000,0.6167,-0.1070,0.5968,-3.7442,0.0000,0.0000,0.0000,-0.2083,0.6436,-4.1190,0.012,1693,0.0000,0.0000,0.1088,1,1,0.117
20.299,0,0,2,0.0000,0.6167,-0.1069,0.5968,-3.7457,0.0000,0.0000,0.0000,-0.1089,0.6493,-0.8834,0.040,1696,0.0000,0.0000,0.1087,1,1,0.117
20.400,0,0,2,0.0000,0.6167,-0.1076,0.5961,-3.7994,0.0000,0.0000,0.0000,-0.1084,0.6500,-0.8586,0.006,1702,0.0000,0.0000,0.1096,1,1,0.117
20.502,0,0,2,0.0000,0.6167,-0.1075,0.5966,-3.7737,0.0000,0.0000,0.0000,0.0294,0.4776,-7.1647,0.003,1706,0.0000,0.0000,0.1093,1,1,0.117
20.599,0,0,2,0.0000,0.6167,-0.1058,0.5953,-3.8010,0.0000,0.0000,0.0000,-0.1084,0.6500,-0.8582,0.006,1710,0.0000,0.0000,0.1080,1,1,0.117
20.699,0,0,2,0.0000,0.6167,-0.1070,0.5965,-3.7772,0.0000,0.0000,0.0000,0.0294,0.4776,-7.1647,0.003,1715,0.0000,0.0000,0.1089,1,1,0.117
20.798,0,0,2,0.0000,0.6167,-0.1079,0.5964,-3.8036,0.0000,0.0000,0.0000,-0.2277,0.6574,-3.6658,0.012,1718,0.0000,0.0000,0.1098,1,1,0.117
20.900,0,0,2,0.0000,0.6167,-0.1076,0.5963,-3.8075,0.0000,0.0000,0.0000,-0.2276,0.6574,-3.6691,0.027,1723,0.0000,0.0000,0.1095,1,1,0.117
21.000,0,0,2,0.0000,0.6167,-0.1073,0.5956,-3.8334,0.0000,0.0000,0.0000,-0.2276,0.6574,-3.6686,0.018,1728,0.0000,0.0000,0.1093,1,1,0.117
21.099,0,0,2,0.0000,0.6167,-0.1071,0.5962,-3.8107,0.0000,0.0000,0.0000,-0.1094,0.6487,-0.9102,0.035,1732,0.0000,0.0000,0.1091,1,1,0.117
21.200,0,0,2,0.0000,0.6167,-0.1069,0.5961,-3.8137,0.0000,0.0000,0.0000,-0.1094,0.6487,-0.9102,0.012,1738,0.0000,0.0000,0.1088,1,1,0.117
21.299,0,0,2,0.0000,0.6167,-0.1067,0.5960,-3.8135,0.0000,0.0000,0.0000,-0.1094,0.6487,-0.9102,0.042,1741,0.0000,0.0000,0.1087,1,1,0.117
21.401,0,0,2,0.0000,0.6167,-0.1075,0.5959,-3.8408,0.0000,0.0000,0.0000,-0.2081,0.6448,-4.0934,0.014,1747,0.0000,0.0000,0.1095,1,1,0.117
21.498,0,0,2,0.0000,0.6167,-0.1074,0.5959,-3.8400,0.0000,0.0000,0.0000,-0.1090,0.6495,-0.8845,0.040,1750,0.0000,0.0000,0.1094,1,1,0.117
21.600,0,0,2,0.0000,0.6167,-0.1071,0.5958,-3.8404,0.0000,0.0000,0.0000,-0.1090,0.6495,-0.8843,0.008,1756,0.0000,0.0000,0.1091,1,1,0.117
21.698,0,0,2,0.0000,0.6167,-0.1069,0.5958,-3.8399,0.0000,0.0000,0.0000,-0.1090,0.6495,-0.8843,0.039,1759,0.0000,0.0000,0.1089,1,1,0.117
21.801,0,0,2,0.0000,0.6167,-0.1067,0.5958,-3.8399,0.0000,0.0000,0.0000,-0.1090,0.6495,-0.8843,0.007,1765,0.0000,0.0000,0.1087,1,1,0.117
21.898,0,0,2,0.0000,0.6167,-0.1065,0.5958,-3.8408,0.0000,0.0000,0.0000,-0.1090,0.6495,-0.8843,0.043,1768,0.0000,0.0000,0.1086,1,1,0.117
22.001,0,0,2,0.0000,0.6167,-0.1049,0.5945,-3.8676,0.0000,0.0000,0.0000,-0.1090,0.6495,-0.8843,0.002,1774,0.0000,0.0000,0.1073,1,1,0.117
22.100,0,0,2,0.0000,0.6167,-0.1073,0.5957,-3.8685,0.0000,0.0000,0.0000,0.0294,0.4776,-7.1647,0.003,1778,0.0000,0.0000,0.1093,1,1,0.117
22.200,0,0,2,0.0000,0.6167,-0.1069,0.5951,-3.8899,0.0000,0.0000,0.0000,-0.2275,0.6574,-3.6679,0.020,1782,0.0000,0.0000,0.1091,1,1,0.117
22.300,0,0,2,0.0000,0.6167,-0.1068,0.5957,-3.8630,0.0000,0.0000,0.0000,-0.1086,0.6515,-0.8240,0.019,1786,0.0000,0.0000,0.1089,1,1,0.117
22.400,0,0,2,0.0000,0.6167,-0.1080,0.5964,-3.8600,0.0000,0.0000,0.0000,0.0294,0.4776,-7.1646,0.012,1791,0.0000,0.0000,0.1099,1,1,0.117
22.501,0,0,2,0.0000,0.6167,-0.1064,0.5957,-3.8627,0.0000,0.0000,0.0000,-0.1086,0.6515,-0.8230,0.044,1795,0.0000,0.0000,0.1084,1,1,0.117
22.600,0,0,2,0.0000,0.6167,-0.1061,0.5957,-3.8610,0.0000,0.0000,0.0000,-0.1086,0.6515,-0.8230,0.008,1801,0.0000,0.0000,0.1082,1,1,0.117
22.699,0,0,2,0.0000,0.6167,-0.1060,0.5957,-3.8595,0.0000,0.0000,0.0000,0.0294,0.4776,-7.1646,0.002,1805,0.0000,0.0000,0.1081,1,1,0.117
22.798,0,0,2,0.0000,0.6167,-0.1058,0.5951,-3.8837,0.0000,0.0000,0.0000,-0.1085,0.6514,-0.8220,0.011,1810,0.0000,0.0000,0.1079,1,1,0.117
22.898,0,0,2,0.0000,0.6167,-0.1057,0.5957,-3.8579,0.0000,0.0000,0.0000,-0.1085,0.6514,-0.8220,0.043,1813,0.0000,0.0000,0.1077,1,1,0.117
23.000,0,0,2,0.0000,0.6167,-0.1055,0.5957,-3.8556,0.0000,0.0000,0.0000,-0.1085,0.6514,-0.8220,0.006,1819,0.0000,0.0000,0.1075,1,1,0.117
23.104,0,0,2,0.0000,0.6167,-0.1054,0.5957,-3.8551,0.0000,0.0000,0.0000,0.0294,0.4776,-7.1646,0.003,1823,0.0000,0.0000,0.1074,1,1,0.117
23.201,0,0,2,0.0000,0.6167,-0.1052,0.5957,-3.8526,0.0000,0.0000,0.0000,-0.1085,0.6514,-0.8220,0.009,1828,0.0000,0.0000,0.1073,1,1,0.117
23.298,0,0,2,0.0000,0.6167,-0.1051,0.5957,-3.8502,0.0000,0.0000,0.0000,-0.1085,0.6514,-0.8220,0.043,1831,0.0000,0.0000,0.1072,1,1,0.117
23.401,0,0,2,0.0000,0.6167,-0.1049,0.5952,-3.8728,0.0000,0.0000,0.0000,-0.2275,0.6575,-3.6656,0.008,1836,0.0000,0.0000,0.1071,1,1,0.117
23.502,0,0,2,0.0000,0.6167,-0.1059,0.5957,-3.8726,0.0000,0.0000,0.0000,-0.2080,0.6439,-4.1048,0.035,1840,0.0000,0.0000,0.1080,1,1,0.117
23.602,0,0,2,0.0000,0.6167,-0.1058,0.5956,-3.8728,0.0000,0.0000,0.0000,0.0294,0.4776,-7.1647,0.003,1844,0.0000,0.0000,0.1079,1,1,0.117
23.699,0,0,2,0.0000,0.6167,-0.1056,0.5950,-3.8951,0.0000,0.0000,0.0000,-0.1104,0.6468,-0.9789,0.009,1849,0.0000,0.0000,0.1078,1,1,0.117
23.799,0,0,2,0.0000,0.6167,-0.1054,0.5949,-3.8941,0.0000,0.0000,0.0000,-0.1104,0.6468,-0.9788,0.003,1855,0.0000,0.0000,0.1077,1,1,0.117
23.904,0,1,0,0.0000,0.6167,-0.1054,0.5954,-3.8709,0.0000,0.0000,0.0000,0.0294,0.4776,-7.1647,0.005,1859,0.0000,0.0000,0.1075,1,1,0.117
23.999,0,1,0,0.0000,0.6167,-0.1040,0.5958,-3.8647,0.0000,0.0000,0.0000,-0.1104,0.6468,-0.9786,0.007,1864,0.0828,0.0540,0.1061,1,1,0.117
24.102,0,1,0,0.0000,0.6167,-0.0963,0.6006,-3.8215,0.0000,0.0000,0.0000,0.0304,0.4779,-7.0757,0.003,1868,0.0767,0.0472,0.0976,1,1,0.117
24.198,0,1,0,0.0000,0.6167,-0.0891,0.6037,-3.5197,0.0000,0.0000,0.0000,-0.1034,0.6465,-1.1740,0.010,1873,0.0710,0.0420,0.0900,1,1,0.117
24.298,0,1,0,0.0000,0.6167,-0.0822,0.6077,-3.2264,0.0000,0.0000,0.0000,-0.0974,0.6510,-0.8353,0.042,1876,0.0656,0.0363,0.0827,1,1,0.117
24.399,0,1,0,0.0000,0.6167,-0.0757,0.6101,-2.9855,0.0000,0.0000,0.0000,-0.0940,0.6475,-0.7658,0.012,1882,0.0604,0.0320,0.0760,1,1,0.117
24.500,0,1,1,-0.6167,0.6167,-0.0709,0.6135,-2.5001,0.0000,0.0000,0.0000,0.0632,0.4947,-6.1779,0.003,1886,-0.1000,0.0396,0.5457,1,1,0.117
24.598,0,1,1,-0.6167,0.6167,-0.0773,0.6167,-2.6577,0.0000,0.0000,0.0000,-0.0913,0.6441,-0.6746,0.011,1891,-0.1000,0.0390,0.5394,1,1,0.117
24.700,0,1,1,-0.6167,0.6167,-0.0859,0.6209,-2.3677,0.0000,0.0000,0.0000,0.0704,0.4973,-6.2475,0.003,1895,-0.0999,0.0382,0.5308,1,1,0.117
24.799,0,1,1,-0.6167,0.6167,-0.0940,0.6239,-2.2386,0.0000,0.0000,0.0000,-0.0994,0.6842,0.6449,0.003,1900,-0.0999,0.0376,0.5227,1,1,0.117
24.901,0,1,1,-0.6167,0.6167,-0.1040,0.6291,-2.0503,0.0000,0.0000,0.0000,-0.1950,0.6800,-1.6852,0.028,1903,-0.0999,0.0366,0.5129,1,1,0.117
25.000,0,1,1,-0.6167,0.6167,-0.1123,0.6324,-1.9782,0.0000,0.0000,0.0000,-0.2024,0.6818,-1.3008,0.023,1908,-0.0998,0.0359,0.5046,1,1,0.117
25.099,0,1,1,-0.6167,0.6167,-0.1204,0.6366,-1.8795,0.0000,0.0000,0.0000,-0.1235,0.7002,1.0111,0.034,1912,-0.0998,0.0350,0.4966,1,1,0.117
25.198,0,1,1,-0.6167,0.6167,-0.1305,0.6409,-1.7923,0.0000,0.0000,0.0000,0.0140,0.5322,-5.2620,0.012,1917,-0.0997,0.0340,0.4868,1,1,0.117
25.300,0,1,1,-0.6167,0.6167,-0.1388,0.6448,-1.7767,0.0000,0.0000,0.0000,-0.0537,0.5696,-4.1987,0.002,1922,-0.0996,0.0331,0.4787,1,1,0.117
25.398,0,1,1,-0.6167,0.6167,-0.1488,0.6489,-1.6909,0.0000,0.0000,0.0000,-0.1528,0.7287,1.6896,0.009,1927,-0.0996,0.0321,0.4690,1,1,0.117
25.502,0,1,1,-0.6167,0.6167,-0.1587,0.6538,-1.6264,0.0000,0.0000,0.0000,-0.0772,0.5802,-4.0886,0.004,1931,-0.0994,0.0309,0.4595,1,1,0.117
25.599,0,1,1,-0.6167,0.6167,-0.1686,0.6576,-1.7288,0.0000,0.0000,0.0000,-0.1646,0.7361,1.7921,0.007,1936,-0.0993,0.0299,0.4500,1,1,0.117
25.700,0,1,1,-0.6167,0.6167,-0.1785,0.6623,-1.5878,0.0000,0.0000,0.0000,-0.1031,0.5919,-3.9459,0.006,1940,-0.0992,0.0287,0.4405,1,1,0.117
25.798,0,1,1,-0.6167,0.6167,-0.1885,0.6657,-1.5772,0.0000,0.0000,0.0000,-0.1903,0.7505,2.0706,0.011,1945,-0.0990,0.0276,0.4310,1,1,0.117
25.899,0,1,1,-0.6167,0.6167,-0.1986,0.6703,-1.5699,0.0000,0.0000,0.0000,-0.1298,0.6029,-3.9206,0.005,1949,-0.0988,0.0263,0.4215,1,1,0.117
26.001,0,1,1,-0.6167,0.6167,-0.2106,0.6743,-1.4827,0.0000,0.0000,0.0000,-0.3148,0.7071,-2.6983,0.014,1954,-0.0987,0.0252,0.4102,1,1,0.117
26.103,0,1,1,-0.6167,0.6167,-0.2194,0.6777,-1.4695,0.0000,0.0000,0.0000,-0.1574,0.6144,-3.6375,0.007,1958,-0.0984,0.0239,0.4019,1,1,0.117
26.198,0,1,1,-0.6167,0.6167,-0.2285,0.6806,-1.4866,0.0000,0.0000,0.0000,-0.2944,0.7320,-0.9484,0.006,1962,-0.0982,0.0228,0.3934,1,1,0.117
26.298,0,1,1,-0.6167,0.6167,-0.2402,0.6848,-1.4771,0.0000,0.0000,0.0000,-0.3401,0.7113,-2.7517,0.025,1966,-0.0979,0.0212,0.3826,1,1,0.117
26.399,0,1,1,-0.6167,0.6167,-0.2511,0.6886,-1.4700,0.0000,0.0000,0.0000,-0.3232,0.7310,-0.8878,0.026,1970,-0.0976,0.0197,0.3726,1,1,0.117
26.501,0,1,1,-0.6167,0.6167,-0.2609,0.6921,-1.4233,0.0000,0.0000,0.0000,-0.2490,0.7873,2.8227,0.044,1975,-0.0973,0.0183,0.3637,1,1,0.117
26.600,0,1,1,-0.6167,0.6167,-0.2705,0.6958,-1.6379,0.0000,0.0000,0.0000,-0.2549,0.7916,2.8678,0.013,1981,-0.0969,0.0168,0.3551,1,1,0.117
26.703,0,1,1,-0.6167,0.6167,-0.2796,0.6984,-1.5249,0.0000,0.0000,0.0000,-0.2337,0.6383,-3.5423,0.004,1985,-0.0966,0.0155,0.3469,1,1,0.117
26.801,0,1,1,-0.6167,0.6167,-0.2900,0.7021,-1.5434,0.0000,0.0000,0.0000,-0.2767,0.8053,3.1684,0.010,1990,-0.0961,0.0138,0.3377,1,1,0.117
26.899,0,1,1,-0.6167,0.6167,-0.2992,0.7046,-1.4416,0.0000,0.0000,0.0000,-0.2828,0.8086,3.2295,0.046,1993,-0.0957,0.0124,0.3294,1,1,0.117
27.002,0,1,1,-0.6167,0.6167,-0.3094,0.7077,-1.6084,0.0000,0.0000,0.0000,-0.2932,0.8156,3.4639,0.003,1999,-0.0951,0.0107,0.3204,1,1,0.117
27.100,0,1,1,-0.6167,0.6167,-0.3196,0.7130,-1.5052,0.0000,0.0000,0.0000,-0.2977,0.8181,3.5123,0.046,2002,-0.0943,0.0083,0.3123,1,1,0.117
27.201,0,1,1,-0.6167,0.6167,-0.3300,0.7174,-1.5453,0.0000,0.0000,0.0000,-0.3096,0.8244,3.6711,0.013,2008,-0.0935,0.0060,0.3039,1,1,0.117
27.299,0,1,1,-0.6167,0.6167,-0.3449,0.7161,-1.4618,0.0000,0.0000,0.0000,-0.7874,0.4014,7.2589,0.007,2013,-0.0930,0.0048,0.2894,1,1,0.117
27.398,0,1,1,-0.6167,0.6167,-0.3628,0.7117,-1.2040,0.0000,0.0000,0.0000,-0.4233,0.8929,-4.6455,0.003,2020,-0.0927,0.0041,0.2710,1,1,0.117
27.500,0,1,1,-0.6167,0.6167,-0.3768,0.7144,-1.2601,0.0000,0.0000,0.0000,-0.3237,0.6601,-3.2494,0.003,2025,-0.0916,0.0015,0.2590,1,1,0.117
27.601,0,1,1,-0.6167,0.6167,-0.3974,0.7116,-1.0809,0.0000,0.0000,0.0000,-0.3470,0.8261,3.7106,0.003,2031,-0.0907,-0.0005,0.2390,1,1,0.117
27.701,0,1,1,-0.6167,0.6167,-0.4123,0.7149,-1.0522,0.0000,0.0000,0.0000,-0.4464,0.8969,-4.7595,0.029,2036,-0.0890,-0.0040,0.2267,1,1,0.117
27.800,0,1,1,-0.6167,0.6167,-0.4310,0.7148,-0.9777,0.0000,0.0000,0.0000,-0.3627,0.8326,3.9506,0.011,2044,-0.0872,-0.0074,0.2100,1,1,0.117
27.901,0,1,1,-0.6167,0.6167,-0.4435,0.7137,-1.0964,0.0000,0.0000,0.0000,-0.6861,0.5705,2.8808,0.008,2049,-0.0860,-0.0095,0.1985,1,1,0.117
28.000,0,1,1,-0.6167,0.6167,-0.4520,0.7165,-1.1561,0.0000,0.0000,0.0000,-0.3746,0.8403,4.0315,0.010,2056,-0.0842,-0.0125,0.1926,1,1,0.117
28.099,0,1,1,-0.6167,0.6167,-0.4622,0.7155,-1.1652,0.0000,0.0000,0.0000,-0.6894,0.5757,2.4895,0.011,2061,-0.0829,-0.0145,0.1834,1,1,0.117
28.201,0,1,1,-0.6167,0.6167,-0.4742,0.7150,-1.2415,0.0000,0.0000,0.0000,-0.4023,0.8147,3.2147,0.014,2068,-0.0809,-0.0173,0.1731,1,1,0.117
28.298,0,1,1,-0.6167,0.6167,-0.4824,0.7144,-1.2478,0.0000,0.0000,0.0000,-0.6929,0.5816,2.1960,0.007,2073,-0.0793,-0.0194,0.1661,1,1,0.117
28.401,0,1,1,-0.6167,0.6167,-0.4924,0.7144,-1.3576,0.0000,0.0000,0.0000,-0.4130,0.8198,3.4493,0.017,2080,-0.0770,-0.0223,0.1581,1,1,0.117
28.501,0,1,1,-0.6167,0.6167,-0.5020,0.7121,-1.2559,0.0000,0.0000,0.0000,-0.4283,0.6627,-3.5325,0.003,2086,-0.0752,-0.0244,0.1492,1,1,0.117
28.601,0,1,1,-0.6167,0.6167,-0.5093,0.7129,-1.2314,0.0000,0.0000,0.0000,-0.4268,0.8239,3.7546,0.011,2092,-0.0728,-0.0271,0.1442,1,1,0.117
28.698,0,1,1,-0.6167,0.6167,-0.5182,0.7103,-1.0932,0.0000,0.0000,0.0000,-0.4432,0.6600,-3.3555,0.004,2098,-0.0707,-0.0292,0.1359,1,1,0.117
28.800,0,1,1,-0.6167,0.6167,-0.5264,0.7070,-1.2303,0.0000,0.0000,0.0000,-0.4552,0.7950,2.7912,0.009,2103,-0.0689,-0.0310,0.1277,1,1,0.117
28.900,0,1,1,-0.6167,0.6167,-0.5334,0.7072,-1.3281,0.0000,0.0000,0.0000,-0.4614,0.6557,-3.4769,0.002,2109,-0.0648,-0.0333,0.1230,1,1,0.117
29.000,0,1,1,-0.6167,0.6167,-0.5412,0.7049,-1.2856,0.0000,0.0000,0.0000,-0.6987,0.5864,1.2665,0.014,2115,-0.0586,-0.0335,0.1161,1,1,0.117
29.099,0,1,1,-0.6167,0.6167,-0.5460,0.7037,-1.2635,0.0000,0.0000,0.0000,-0.7004,0.5874,1.1568,0.004,2121,-0.0547,-0.0338,0.1121,1,1,0.117
29.198,0,1,1,-0.6167,0.6167,-0.5527,0.7013,-1.2099,0.0000,0.0000,0.0000,-0.4744,0.7988,3.4273,0.009,2128,-0.0495,-0.0337,0.1061,1,1,0.117
29.299,0,1,1,-0.6167,0.6167,-0.5586,0.6985,-1.3262,0.0000,0.0000,0.0000,-0.7195,0.5636,1.2462,0.011,2133,-0.0448,-0.0333,0.1003,1,1,0.117
29.401,0,1,1,-0.6167,0.6167,-0.5625,0.6977,-1.2356,0.0000,0.0000,0.0000,-0.4805,0.8001,3.5845,0.018,2140,-0.0419,-0.0336,0.0975,1,1,0.117
29.500,0,1,1,-0.6167,0.6167,-0.5684,0.6939,-1.1457,0.0000,0.0000,0.0000,-0.4974,0.6398,-3.3071,0.003,2146,-0.0371,-0.0325,0.0911,1,1,0.117
29.600,0,1,1,-0.6167,0.6167,-0.5715,0.6929,-1.1628,0.0000,0.0000,0.0000,-0.4874,0.7979,3.8313,0.012,2152,-0.0346,-0.0325,0.0886,1,1,0.117
29.700,0,1,1,-0.6167,0.6167,-0.5735,0.6907,-1.2250,0.0000,0.0000,0.0000,-0.5051,0.6334,-3.3354,0.003,2158,-0.0330,-0.0316,0.0857,1,1,0.117
29.799,0,1,1,-0.6167,0.6167,-0.5753,0.6897,-1.2367,0.0000,0.0000,0.0000,-0.4981,0.7906,3.7151,0.010,2164,-0.0317,-0.0314,0.0840,1,1,0.117
29.901,0,1,1,-0.6167,0.6167,-0.5767,0.6881,-1.1998,0.0000,0.0000,0.0000,-0.5110,0.6281,-3.3513,0.004,2170,-0.0306,-0.0307,0.0819,1,1,0.117
29.999,0,1,1,-0.6167,0.6167,-0.5782,0.6872,-1.2119,0.0000,0.0000,0.0000,-0.5072,0.7811,3.5920,0.009,2176,-0.0294,-0.0305,0.0804,1,1,0.117
30.099,0,1,1,-0.6167,0.6167,-0.5794,0.6856,-1.2989,0.0000,0.0000,0.0000,-0.5196,0.6230,-3.4076,0.007,2182,-0.0285,-0.0299,0.0784,1,1,0.117
30.198,0,1,2,-1.2333,0.6167,-0.5829,0.6832,-1.2966,0.0000,0.0000,0.0000,-0.6049,0.8390,-4.7602,0.007,2187,-0.0992,0.0288,0.6538,1,1,0.117
30.301,0,1,2,-1.2333,0.6167,-0.5929,0.6881,-1.2967,0.0000,0.0000,0.0000,-0.5351,0.7391,2.0374,0.025,2192,-0.0991,0.0279,0.6444,1,1,0.117
30.400,0,1,2,-1.2333,0.6167,-0.5999,0.6895,-1.4584,0.0000,0.0000,0.0000,-0.5361,0.6216,-3.2217,0.019,2198,-0.0990,0.0276,0.6376,1,1,0.117
30.500,0,1,2,-1.2333,0.6167,-0.6084,0.6933,-1.3162,0.0000,0.0000,0.0000,-0.6145,0.5840,-0.2690,0.018,2205,-0.0989,0.0268,0.6296,1,1,0.117
30.599,0,1,2,-1.2333,0.6167,-0.6170,0.6972,-1.4400,0.0000,0.0000,0.0000,-0.5577,0.7601,2.6407,0.010,2212,-0.0988,0.0261,0.6216,1,1,0.117
30.698,0,1,2,-1.2333,0.6167,-0.6257,0.6996,-1.4674,0.0000,0.0000,0.0000,-0.5792,0.6366,-3.1296,0.003,2218,-0.0987,0.0255,0.6133,1,1,0.117
30.799,0,1,2,-1.2333,0.6167,-0.6344,0.7033,-1.5675,0.0000,0.0000,0.0000,-0.5716,0.7722,2.8767,0.010,2224,-0.0986,0.0247,0.6052,1,1,0.117
30.898,0,1,2,-1.2333,0.6167,-0.6434,0.7058,-1.3954,0.0000,0.0000,0.0000,-0.6652,0.5895,-0.2745,0.012,2229,-0.0985,0.0241,0.5967,1,1,0.117
31.000,0,1,2,-1.2333,0.6167,-0.6526,0.7046,-1.3835,0.0000,0.0000,0.0000,-0.5883,0.7819,3.1856,0.013,2236,-0.0985,0.0241,0.5873,1,1,0.117
31.100,0,1,2,-1.2333,0.6167,-0.6613,0.7036,-1.3543,0.0000,0.0000,0.0000,-0.6283,0.6531,-3.1449,0.003,2242,-0.0985,0.0240,0.5786,1,1,0.117
31.200,0,1,2,-1.2333,0.6167,-0.6712,0.7030,-1.2610,0.0000,0.0000,0.0000,-0.6028,0.7912,3.3483,0.012,2248,-0.0984,0.0239,0.5687,1,1,0.117
31.301,0,1,2,-1.2333,0.6167,-0.6801,0.7023,-1.2417,0.0000,0.0000,0.0000,-0.6537,0.6620,-3.1123,0.003,2254,-0.0984,0.0237,0.5598,1,1,0.117
31.399,0,1,2,-1.2333,0.6167,-0.6897,0.7015,-1.2232,0.0000,0.0000,0.0000,-0.6200,0.8002,3.4802,0.011,2260,-0.0984,0.0236,0.5502,1,1,0.117
31.499,0,1,2,-1.2333,0.6167,-0.6984,0.7033,-1.3427,0.0000,0.0000,0.0000,-0.6769,0.6702,-3.1888,0.005,2265,-0.0983,0.0231,0.5419,1,1,0.117
31.599,0,1,2,-1.2333,0.6167,-0.7070,0.7031,-1.3063,0.0000,0.0000,0.0000,-0.7249,0.6117,-0.9515,0.024,2270,-0.0982,0.0228,0.5334,1,1,0.117
31.701,0,1,2,-1.2333,0.6167,-0.7197,0.7030,-1.3109,0.0000,0.0000,0.0000,-0.7584,0.5996,0.4171,0.026,2276,-0.0982,0.0225,0.5208,1,1,0.117
31.800,0,1,2,-1.2333,0.6167,-0.7296,0.7023,-1.2646,0.0000,0.0000,0.0000,-0.7503,0.6285,-1.1913,0.007,2283,-0.0981,0.0223,0.5109,1,1,0.117
31.898,0,1,2,-1.2333,0.6167,-0.7380,0.7046,-1.2217,0.0000,0.0000,0.0000,-0.7502,0.6284,-1.2076,0.005,2289,-0.0980,0.0216,0.5031,1,1,0.117
32.000,0,1,2,-1.2333,0.6167,-0.7482,0.7062,-1.1898,0.0000,0.0000,0.0000,-0.6881,0.7885,2.0510,0.010,2296,-0.0979,0.0209,0.4933,1,1,0.117
32.104,0,1,2,-1.2333,0.6167,-0.7584,0.7077,-1.1644,0.0000,0.0000,0.0000,-0.7571,0.7316,-1.2618,0.003,2302,-0.0977,0.0202,0.4836,1,1,0.117
32.201,0,1,2,-1.2333,0.6167,-0.7678,0.7099,-1.2044,0.0000,0.0000,0.0000,-0.6989,0.8028,2.4594,0.011,2308,-0.0975,0.0194,0.4748,1,1,0.117
32.299,0,1,2,-1.2333,0.6167,-0.7764,0.7116,-1.1682,0.0000,0.0000,0.0000,-0.7806,0.6303,-1.3736,0.008,2313,-0.0974,0.0187,0.4667,1,1,0.117
32.401,0,1,2,-1.2333,0.6167,-0.7865,0.7136,-1.2898,0.0000,0.0000,0.0000,-0.7112,0.8141,2.8639,0.014,2320,-0.0972,0.0179,0.4572,1,1,0.117
32.499,0,1,2,-1.2333,0.6167,-0.7974,0.7134,-1.3938,0.0000,0.0000,0.0000,-0.7978,0.7314,-2.1826,0.003,2326,-0.0971,0.0174,0.4466,1,1,0.117
32.600,0,1,2,-1.2333,0.6167,-0.8091,0.7144,-1.4556,0.0000,0.0000,0.0000,-0.7721,0.7654,-0.0081,0.011,2332,-0.0969,0.0166,0.4353,1,1,0.117
32.701,0,1,2,-1.2333,0.6167,-0.8179,0.7154,-1.3269,0.0000,0.0000,0.0000,-0.8180,0.7338,-2.3107,0.002,2338,-0.0967,0.0159,0.4270,1,1,0.117
32.801,0,1,2,-1.2333,0.6167,-0.8292,0.7166,-1.4318,0.0000,0.0000,0.0000,-0.7656,0.7967,1.5285,0.011,2344,-0.0964,0.0151,0.4163,1,1,0.117
32.900,0,1,2,-1.2333,0.6167,-0.8376,0.7185,-1.5601,0.0000,0.0000,0.0000,-0.8359,0.7352,-2.7511,0.011,2349,-0.0962,0.0142,0.4086,1,1,0.117
33.001,0,1,2,-1.2333,0.6167,-0.8481,0.7201,-1.3930,0.0000,0.0000,0.0000,-0.8738,0.6931,-1.4251,0.006,2355,-0.0959,0.0132,0.3988,1,1,0.117
33.098,0,1,2,-1.2333,0.6167,-0.8583,0.7211,-1.4215,0.0000,0.0000,0.0000,-0.7942,0.7967,1.3013,0.018,2360,-0.0956,0.0123,0.3893,1,1,0.117
33.200,0,1,2,-1.2333,0.6167,-0.8677,0.7232,-1.3403,0.0000,0.0000,0.0000,-0.7956,0.8085,1.9397,0.012,2368,-0.0953,0.0111,0.3808,1,1,0.117
33.299,0,1,2,-1.2333,0.6167,-0.8761,0.7243,-1.4175,0.0000,0.0000,0.0000,-0.8771,0.7363,-2.7264,0.004,2374,-0.0950,0.0103,0.3731,1,1,0.117
33.400,0,1,2,-1.2333,0.6167,-0.8852,0.7258,-1.5331,0.0000,0.0000,0.0000,-0.8022,0.8231,2.4068,0.003,2380,-0.0946,0.0092,0.3648,1,1,0.117
33.498,0,1,2,-1.2333,0.6167,-0.8933,0.7286,-1.4006,0.0000,0.0000,0.0000,-0.8991,0.7383,-2.9907,0.008,2386,-0.0942,0.0079,0.3580,1,1,0.117
33.601,0,1,2,-1.2333,0.6167,-0.9029,0.7312,-1.3378,0.0000,0.0000,0.0000,-0.8199,0.8277,2.7382,0.011,2392,-0.0937,0.0065,0.3497,1,1,0.117
33.699,0,1,2,-1.2333,0.6167,-0.9108,0.7326,-1.5066,0.0000,0.0000,0.0000,-0.9330,0.7354,-2.6605,0.006,2398,-0.0932,0.0053,0.3427,1,1,0.117
33.800,0,1,2,-1.2333,0.6167,-0.9199,0.7347,-1.4879,0.0000,0.0000,0.0000,-0.8366,0.8275,2.5437,0.008,2404,-0.0927,0.0039,0.3350,1,1,0.117
33.898,0,1,2,-1.2333,0.6167,-0.9325,0.7340,-1.6123,0.0000,0.0000,0.0000,-0.9555,0.7393,-2.7189,0.003,2410,-0.0922,0.0028,0.3229,1,1,0.117
34.000,0,1,2,-1.2333,0.6167,-0.9461,0.7344,-1.6794,0.0000,0.0000,0.0000,-1.3266,0.7093,-20.8590,0.013,2416,-0.0915,0.0013,0.3104,1,1,0.117
34.100,0,1,2,-1.2333,0.6167,-0.9542,0.7343,-1.6689,0.0000,0.0000,0.0000,-0.9754,0.7424,-2.5880,0.007,2422,-0.0912,0.0004,0.3029,1,1,0.117
34.199,0,1,2,-1.2333,0.6167,-0.9669,0.7348,-1.7694,0.0000,0.0000,0.0000,-0.9813,0.7121,-1.3355,0.003,2428,-0.0904,-0.0013,0.2915,1,1,0.117
34.299,0,1,2,-1.2333,0.6167,-0.9794,0.7343,-1.9080,0.0000,0.0000,0.0000,-0.9965,0.7451,-2.5118,0.004,2433,-0.0897,-0.0028,0.2799,1,1,0.117
34.402,0,1,2,-1.2333,0.6167,-0.9879,0.7345,-1.8561,0.0000,0.0000,0.0000,-1.3888,0.7352,-22.2758,0.007,2439,-0.0890,-0.0040,0.2722,1,1,0.117
34.499,0,1,2,-1.2333,0.6167,-1.0001,0.7346,-1.8877,0.0000,0.0000,0.0000,-1.0175,0.7465,-2.3649,0.003,2445,-0.0881,-0.0058,0.2614,1,1,0.117
34.600,0,1,2,-1.2333,0.6167,-1.0134,0.7338,-1.9081,0.0000,0.0000,0.0000,-0.9898,0.7019,-2.3424,0.012,2451,-0.0871,-0.0077,0.2492,1,1,0.117
34.700,0,1,2,-1.2333,0.6167,-1.0202,0.7340,-1.8828,0.0000,0.0000,0.0000,-0.9908,0.7018,-2.2877,0.009,2457,-0.0864,-0.0089,0.2433,1,1,0.117
34.801,0,1,2,-1.2333,0.6167,-1.0330,0.7337,-1.8720,0.0000,0.0000,0.0000,-1.4740,0.7694,-24.7490,0.018,2464,-0.0850,-0.0111,0.2320,1,1,0.117
34.898,0,1,2,-1.2333,0.6167,-1.0447,0.7319,-1.8398,0.0000,0.0000,0.0000,-1.0584,0.7465,-1.8426,0.004,2470,-0.0840,-0.0128,0.2210,1,1,0.117
34.999,0,1,2,-1.2333,0.6167,-1.0572,0.7310,-1.9246,0.0000,0.0000,0.0000,-1.5182,0.7909,-25.9799,0.010,2476,-0.0825,-0.0150,0.2100,1,1,0.117
35.101,0,1,2,-1.2333,0.6167,-1.0740,0.7304,-2.1028,0.0000,0.0000,0.0000,-1.0757,0.7457,-1.6402,0.010,2482,-0.0799,-0.0186,0.1957,1,1,0.117
35.200,0,1,2,-1.2333,0.6167,-1.0899,0.7305,-2.2674,0.0000,0.0000,0.0000,-1.5593,0.8050,-27.1351,0.014,2488,-0.0767,-0.0226,0.1831,1,1,0.117
35.302,0,1,2,-1.2333,0.6167,-1.1012,0.7290,-2.1967,0.0000,0.0000,0.0000,-1.0943,0.7421,-1.2405,0.002,2494,-0.0746,-0.0251,0.1734,1,1,0.117
35.398,0,1,2,-1.2333,0.6167,-1.1114,0.7285,-2.1269,0.0000,0.0000,0.0000,-1.5961,0.8153,-28.1940,0.003,2500,-0.0720,-0.0279,0.1654,1,1,0.117
35.500,0,1,2,-1.2333,0.6167,-1.1264,0.7275,-2.2841,0.0000,0.0000,0.0000,-1.1062,0.7384,-0.8319,0.003,2506,-0.0676,-0.0322,0.1540,1,1,0.117
35.602,0,1,2,-1.2333,0.6167,-1.1380,0.7280,-2.4127,0.0000,0.0000,0.0000,-1.2048,0.9431,-4.5071,0.040,2510,-0.0631,-0.0361,0.1465,1,1,0.117
35.701,0,1,2,-1.2333,0.6167,-1.1528,0.7297,-2.4701,0.0000,0.0000,0.0000,-1.1202,0.7329,-0.6524,0.015,2517,-0.0560,-0.0414,0.1388,1,1,0.117
35.801,0,1,2,-1.2333,0.6167,-1.1629,0.7317,-2.4318,0.0000,0.0000,0.0000,-1.2098,0.9421,-4.2194,0.014,2523,-0.0500,-0.0451,0.1349,1,1,0.117
35.900,0,1,2,-1.2333,0.6167,-1.1765,0.7326,-2.6470,0.0000,0.0000,0.0000,-1.6705,0.8406,-30.4258,0.025,2528,-0.0417,-0.0494,0.1291,1,1,0.117
35.998,0,1,2,-1.2333,0.6167,-1.1800,0.7321,-2.4910,0.0000,0.0000,0.0000,-1.6705,0.8405,-30.4240,0.003,2534,-0.0396,-0.0503,0.1271,1,1,0.117
36.100,0,1,2,-1.2333,0.6167,-1.1924,0.7335,-2.6488,0.0000,0.0000,0.0000,-1.2173,0.9298,-3.6171,0.016,2540,-0.0304,-0.0532,0.1239,1,1,0.117
36.198,0,1,2,-1.2333,0.6167,-1.1978,0.7316,-2.6509,0.0000,0.0000,0.0000,-1.1215,0.7489,-0.1587,0.029,2546,-0.0261,-0.0527,0.1203,1,1,0.117
36.301,0,1,2,-1.2333,0.6167,-1.2043,0.7299,-2.5524,0.0000,0.0000,0.0000,-1.1471,0.7050,0.5184,0.003,2552,-0.0209,-0.0523,0.1169,1,1,0.117
36.401,0,1,2,-1.2333,0.6167,-1.2090,0.7278,-2.4156,0.0000,0.0000,0.0000,-1.1273,0.7448,0.1979,0.031,2557,-0.0173,-0.0516,0.1138,1,1,0.117
36.501,0,1,2,-1.2333,0.6167,-1.2142,0.7272,-2.3899,0.0000,0.0000,0.0000,-1.1459,0.6958,0.9783,0.003,2563,-0.0131,-0.0516,0.1122,1,1,0.117
36.601,0,1,2,-1.2333,0.6167,-1.2172,0.7241,-2.3829,0.0000,0.0000,0.0000,-1.1321,0.7335,0.6618,0.032,2568,-0.0108,-0.0502,0.1087,1,1,0.117
36.699,0,1,2,-1.2333,0.6167,-1.2216,0.7232,-2.4360,0.0000,0.0000,0.0000,-1.1443,0.6876,1.1452,0.006,2574,-0.0073,-0.0498,0.1072,1,1,0.117
36.799,0,1,2,-1.2333,0.6167,-1.2280,0.7218,-2.4753,0.0000,0.0000,0.0000,-1.6707,0.8398,-30.4074,0.011,2580,-0.0021,-0.0492,0.1052,1,1,0.117
36.903,0,1,2,-1.2333,0.6167,-1.2312,0.7193,-2.4365,0.0000,0.0000,0.0000,-1.2255,0.8641,-1.4489,0.003,2585,0.0003,-0.0480,0.1027,1,1,0.117
36.999,0,1,2,-1.2333,0.6167,-1.2328,0.7178,-2.3072,0.0000,0.0000,0.0000,-1.1371,0.7255,1.3486,0.005,2591,0.0016,-0.0473,0.1011,1,1,0.117
37.100,0,1,2,-1.2333,0.6167,-1.2385,0.7161,-2.3540,0.0000,0.0000,0.0000,-1.6708,0.8395,-30.3996,0.022,2596,0.0061,-0.0464,0.0996,1,1,0.117
37.200,0,1,2,-1.2333,0.6167,-1.2434,0.7155,-2.5800,0.0000,0.0000,0.0000,-1.6709,0.8393,-30.3956,0.012,2603,0.0101,-0.0459,0.0994,1,1,0.117
37.300,0,1,2,-1.2333,0.6167,-1.2439,0.7114,-2.4769,0.0000,0.0000,0.0000,-1.1354,0.6582,2.0065,0.003,2610,0.0104,-0.0439,0.0954,1,1,0.117
37.401,0,1,2,-1.2333,0.6167,-1.2434,0.7055,-2.3414,0.0000,0.0000,0.0000,-1.6709,0.8392,-30.3916,0.011,2615,0.0098,-0.0412,0.0894,1,1,0.117
37.502,0,1,2,-1.2333,0.6167,-1.2445,0.7035,-2.1676,0.0000,0.0000,0.0000,-1.1287,0.6493,2.2776,0.011,2621,0.0107,-0.0402,0.0876,1,1,0.117
37.601,0,1,2,-1.2333,0.6167,-1.2436,0.6976,-2.0330,0.0000,0.0000,0.0000,-1.1592,0.5482,5.3500,0.032,2626,0.0099,-0.0376,0.0816,1,1,0.117
37.698,0,1,2,-1.2333,0.6167,-1.2445,0.6957,-2.0429,0.0000,0.0000,0.0000,-1.1233,0.6417,2.5263,0.003,2632,0.0105,-0.0365,0.0798,1,1,0.117
37.800,0,1,2,-1.2333,0.6167,-1.2477,0.6942,-2.1252,0.0000,0.0000,0.0000,-1.6711,0.8388,-30.3812,0.011,2638,0.0000,0.0000,0.0789,1,1,0.117
37.902,0,1,2,-1.2333,0.6167,-1.2476,0.6959,-2.2544,0.0000,0.0000,0.0000,-1.1188,0.6359,2.5564,0.003,2644,0.0000,0.0000,0.0805,1,1,0.117
37.998,0,1,2,-1.2333,0.6167,-1.2483,0.6944,-2.2842,0.0000,0.0000,0.0000,-1.6712,0.8385,-30.3747,0.008,2650,0.0000,0.0000,0.0792,1,1,0.117
38.103,0,1,2,-1.2333,0.6167,-1.2522,0.6962,-2.5190,0.0000,0.0000,0.0000,-1.1188,0.6358,2.5607,0.009,2656,0.0000,0.0000,0.0817,1,1,0.117
38.198,0,1,2,-1.2333,0.6167,-1.2567,0.6962,-2.7483,0.0000,0.0000,0.0000,-1.6712,0.8382,-30.3680,0.009,2662,0.0000,0.0000,0.0828,1,1,0.117
38.298,0,1,2,-1.2333,0.6167,-1.2580,0.6963,-2.8256,0.0000,0.0000,0.0000,-1.1188,0.6358,2.5607,0.005,2667,0.0000,0.0000,0.0834,1,1,0.117
38.399,0,1,2,-1.2333,0.6167,-1.2565,0.6952,-2.7690,0.0000,0.0000,0.0000,-1.6713,0.8379,-30.3612,0.005,2674,0.0000,0.0000,0.0819,1,1,0.117
38.501,0,1,2,-1.2333,0.6167,-1.2617,0.6967,-3.0458,0.0000,0.0000,0.0000,-1.2167,0.7931,0.5477,0.003,2679,0.0000,0.0000,0.0849,1,1,0.117
38.601,0,1,2,-1.2333,0.6167,-1.2600,0.6956,-2.9795,0.0000,0.0000,0.0000,-1.2168,0.7931,0.5492,0.010,2685,0.0000,0.0000,0.0833,1,1,0.117
38.701,0,1,2,-1.2333,0.6167,-1.2645,0.6980,-3.2201,0.0000,0.0000,0.0000,-1.2167,0.7931,0.5488,0.012,2691,0.0000,0.0000,0.0871,1,1,0.117
38.801,0,1,2,-1.2333,0.6167,-1.2669,0.6973,-3.3727,0.0000,0.0000,0.0000,-1.6715,0.8374,-30.3469,0.018,2698,0.0000,0.0000,0.0874,0,2,0.117
38.901,0,1,2,-1.2333,0.6167,-1.2674,0.6983,-3.4035,0.0000,0.0000,0.0000,-1.1188,0.6358,2.5609,0.003,2704,0.0000,0.0000,0.0885,0,2,0.117
39.001,0,1,2,-1.2333,0.6167,-1.2658,0.6963,-3.3567,0.0000,0.0000,0.0000,-1.1560,0.5333,5.6235,0.032,2709,0.0000,0.0000,0.0860,0,2,0.117
39.099,0,1,2,-1.2333,0.6167,-1.2663,0.6974,-3.3861,0.0000,0.0000,0.0000,-1.1188,0.6358,2.5609,0.007,2715,0.0000,0.0000,0.0872,0,2,0.117
39.199,0,1,2,-1.2333,0.6167,-1.2686,0.6968,-3.5264,0.0000,0.0000,0.0000,-1.6717,0.8368,-30.3342,0.011,2721,0.0000,0.0000,0.0875,0,2,0.117
39.301,0,1,2,-1.2333,0.6167,-1.2695,0.6969,-3.5793,0.0000,0.0000,0.0000,-1.2166,0.7930,0.5484,0.011,2726,0.0000,0.0000,0.0880,0,2,0.117
39.399,0,1,2,-1.2333,0.6167,-1.2636,0.6945,-3.2980,0.0000,0.0000,0.0000,-1.1560,0.5333,5.6235,0.029,2731,0.0000,0.0000,0.0835,0,2,0.117
39.499,0,1,2,-1.2333,0.6167,-1.2642,0.6957,-3.3295,0.0000,0.0000,0.0000,-1.1188,0.6358,2.5609,0.005,2737,0.0000,0.0000,0.0848,0,2,0.117
39.599,0,1,2,-1.2333,0.6167,-1.2589,0.6924,-3.0847,0.0000,0.0000,0.0000,-1.6718,0.8365,-30.3263,0.008,2742,0.0000,0.0000,0.0800,0,2,0.117
39.700,0,1,2,-1.2333,0.6167,-1.2626,0.6934,-3.2990,0.0000,0.0000,0.0000,-1.1188,0.6358,2.5609,0.006,2747,0.0000,0.0000,0.0822,0,2,0.117
39.799,0,1,2,-1.2333,0.6167,-1.2632,0.6946,-3.3321,0.0000,0.0000,0.0000,-1.1559,0.5320,5.6539,0.006,2753,0.0000,0.0000,0.0835,0,2,0.117
39.898,0,1,2,-1.2333,0.6167,-1.2671,0.6946,-3.5209,0.0000,0.0000,0.0000,-1.2166,0.7930,0.5452,0.006,2759,0.0000,0.0000,0.0850,0,2,0.117
40.000,0,1,2,-1.2333,0.6167,-1.2627,0.6924,-3.2543,0.0000,0.0000,0.0000,-1.1188,0.6358,2.5609,0.016,2764,0.0000,0.0000,0.0812,0,2,0.117
40.099,0,1,2,-1.2333,0.6167,-1.2699,0.6951,-3.5039,0.0000,0.0000,0.0000,-1.1188,0.6358,2.5609,0.006,2771,0.0000,0.0000,0.0865,0,2,0.117
40.199,0,1,2,-1.2333,0.6167,-1.2696,0.6932,-3.4584,0.0000,0.0000,0.0000,-1.6721,0.8356,-30.3039,0.011,2777,0.0000,0.0000,0.0847,0,2,0.117
40.301,0,1,2,-1.2333,0.6167,-1.2763,0.6958,-3.6957,0.0000,0.0000,0.0000,-1.1188,0.6358,2.5609,0.010,2783,0.0000,0.0000,0.0901,0,2,0.117
40.400,0,1,2,-1.2333,0.6167,-1.2759,0.6925,-3.6254,0.0000,0.0000,0.0000,-1.6722,0.8354,-30.2980,0.015,2788,0.0000,0.0000,0.0869,0,2,0.117
40.500,0,1,2,-1.2333,0.6167,-1.2788,0.6930,-3.6581,0.0000,0.0000,0.0000,-1.1188,0.6358,2.5609,0.007,2794,0.0000,0.0000,0.0889,0,2,0.117
40.599,0,1,2,-1.2333,0.6167,-1.2811,0.6926,-3.7869,0.0000,0.0000,0.0000,-1.6723,0.8350,-30.2889,0.014,2800,0.0000,0.0000,0.0897,0,2,0.117
40.703,0,1,2,-1.2333,0.6167,-1.2831,0.6946,-3.8252,0.0000,0.0000,0.0000,-1.1188,0.6358,2.5609,0.009,2806,0.0000,0.0000,0.0924,0,2,0.117
40.799,0,1,2,-1.2333,0.6167,-1.2845,0.6954,-3.9553,0.0000,0.0000,0.0000,-1.6724,0.8346,-30.2794,0.015,2812,0.0000,0.0000,0.0939,0,2,0.117
40.898,0,1,2,-1.2333,0.6167,-1.2855,0.6962,-4.0093,0.0000,0.0000,0.0000,-1.3664,0.7995,-1.1347,0.003,2818,0.0000,0.0000,0.0952,0,2,0.117
40.999,0,1,2,-1.2333,0.6167,-1.2894,0.6988,-4.1807,0.0000,0.0000,0.0000,-1.0893,0.6034,5.6223,0.004,2824,0.0000,0.0000,0.0994,0,2,0.117
41.100,0,1,2,-1.2333,0.6167,-1.2884,0.6986,-4.1579,0.0000,0.0000,0.0000,-1.1188,0.6358,2.5609,0.009,2829,0.0000,0.0000,0.0988,0,2,0.117
41.200,0,1,2,-1.2333,0.6167,-1.2866,0.6988,-4.0618,0.0000,0.0000,0.0000,-1.6727,0.8338,-30.2594,0.009,2836,0.0000,0.0000,0.0979,0,2,0.117
41.300,0,1,2,-1.2333,0.6167,-1.2910,0.7007,-4.2928,0.0000,0.0000,0.0000,-1.6728,0.8337,-30.2559,0.030,2840,0.0000,0.0000,0.1020,0,2,0.117
41.401,0,1,2,-1.2333,0.6167,-1.2891,0.7008,-4.1919,0.0000,0.0000,0.0000,-1.3664,0.7996,-1.1365,0.016,2847,0.0000,0.0000,0.1009,0,2,0.117
41.499,0,1,2,-1.2333,0.6167,-1.2941,0.7036,-4.3939,0.0000,0.0000,0.0000,-1.3664,0.7997,-1.1369,0.014,2853,0.0000,0.0000,0.1060,0,2,0.117
41.601,0,1,2,-1.2333,0.6167,-1.2948,0.7038,-4.4938,0.0000,0.0000,0.0000,-1.6730,0.8329,-30.2376,0.019,2860,0.0000,0.0000,0.1066,0,2,0.117
41.704,0,1,2,-1.2333,0.6167,-1.2945,0.7046,-4.4546,0.0000,0.0000,0.0000,-1.3664,0.7997,-1.1376,0.012,2866,0.0000,0.0000,0.1071,0,2,0.117
41.798,0,1,2,-1.2333,0.6167,-1.2897,0.7030,-4.2378,0.0000,0.0000,0.0000,-1.6731,0.8326,-30.2299,0.008,2871,0.0000,0.0000,0.1031,0,2,0.117
41.900,0,1,2,-1.2333,0.6167,-1.2940,0.7047,-4.4607,0.0000,0.0000,0.0000,-1.3664,0.7997,-1.1369,0.009,2876,0.0000,0.0000,0.1069,0,2,0.117
41.998,0,1,2,-1.2333,0.6167,-1.2954,0.7057,-4.5354,0.0000,0.0000,0.0000,-1.6733,0.8321,-30.2179,0.014,2883,0.0000,0.0000,0.1085,0,2,0.117
42.100,0,1,2,-1.2333,0.6167,-1.2967,0.7070,-4.5460,0.0000,0.0000,0.0000,-1.1188,0.6358,2.5609,0.010,2889,0.0000,0.0000,0.1103,0,2,0.117
42.198,0,1,2,-1.2333,0.6167,-1.2939,0.7058,-4.4616,0.0000,0.0000,0.0000,-1.6734,0.8318,-30.2096,0.014,2894,0.0000,0.0000,0.1078,0,2,0.117
42.302,0,1,2,-1.2333,0.6167,-1.2936,0.7065,-4.4223,0.0000,0.0000,0.0000,-1.1188,0.6358,2.5609,0.008,2900,0.0000,0.0000,0.1082,0,2,0.117
42.400,0,1,2,-1.2333,0.6167,-1.2923,0.7059,-4.3858,0.0000,0.0000,0.0000,-1.0892,0.6033,5.6253,0.017,2905,0.0000,0.0000,0.1070,0,2,0.117
42.500,0,1,2,-1.2333,0.6167,-1.2931,0.7064,-4.4241,0.0000,0.0000,0.0000,-1.1188,0.6358,2.5609,0.010,2910,0.0000,0.0000,0.1078,0,2,0.117
42.598,0,1,2,-1.2333,0.6167,-1.2903,0.7052,-4.3381,0.0000,0.0000,0.0000,-1.0892,0.6033,5.6270,0.021,2915,0.0000,0.0000,0.1052,0,2,0.117
42.703,0,1,2,-1.2333,0.6167,-1.2954,0.7077,-4.5375,0.0000,0.0000,0.0000,-1.6737,0.8307,-30.1828,0.024,2921,0.0000,0.0000,0.1101,0,2,0.117
42.799,0,1,2,-1.2333,0.6167,-1.2931,0.7072,-4.4247,0.0000,0.0000,0.0000,-1.6739,0.8303,-30.1733,0.011,2929,0.0000,0.0000,0.1085,0,2,0.117
42.899,0,1,2,-1.2333,0.6167,-1.2972,0.7087,-4.6413,0.0000,0.0000,0.0000,-1.3665,0.7999,-1.1380,0.005,2935,0.0000,0.0000,0.1121,0,2,0.117
43.000,0,1,2,-1.2333,0.6167,-1.2949,0.7082,-4.5223,0.0000,0.0000,0.0000,-1.0891,0.6033,5.6285,0.032,2940,0.0000,0.0000,0.1103,0,2,0.117
43.102,0,1,2,-1.2333,0.6167,-1.2955,0.7086,-4.5573,0.0000,0.0000,0.0000,-1.3664,0.8000,-1.1427,0.007,2946,0.0000,0.0000,0.1110,0,2,0.117
43.199,0,1,2,-1.2333,0.6167,-1.2968,0.7092,-4.6239,0.0000,0.0000,0.0000,-1.6742,0.8293,-30.1478,0.016,2952,0.0000,0.0000,0.1122,0,2,0.117
43.302,0,1,2,-1.2333,0.6167,-1.2974,0.7095,-4.6546,0.0000,0.0000,0.0000,-1.1188,0.6358,2.5609,0.007,2957,0.0000,0.0000,0.1128,0,2,0.117
43.399,0,1,2,-1.2333,0.6167,-1.2986,0.7101,-4.7184,0.0000,0.0000,0.0000,-1.6744,0.8286,-30.1311,0.016,2964,0.0000,0.0000,0.1139,0,2,0.117
43.500,0,1,2,-1.2333,0.6167,-1.2991,0.7103,-4.7472,0.0000,0.0000,0.0000,-1.3664,0.8000,-1.1431,0.003,2970,0.0000,0.0000,0.1144,0,2,0.117
43.599,0,1,2,-1.2333,0.6167,-1.3001,0.7108,-4.8038,0.0000,0.0000,0.0000,-1.6747,0.8279,-30.1134,0.017,2976,0.0000,0.0000,0.1154,0,2,0.117
43.699,0,1,2,-1.2333,0.6167,-1.2989,0.7103,-4.7751,0.0000,0.0000,0.0000,-1.3664,0.8001,-1.1473,0.009,2982,0.0000,0.0000,0.1143,0,2,0.117
43.807,0,1,2,-1.2333,0.6167,-1.2993,0.7105,-4.7995,0.0000,0.0000,0.0000,-1.0891,0.6033,5.6299,0.003,2987,0.0000,0.0000,0.1148,0,2,0.117
43.898,0,1,2,-1.2333,0.6167,-1.3026,0.7124,-4.9306,0.0000,0.0000,0.0000,-1.6750,0.8268,-30.0878,0.021,2992,0.0000,0.0000,0.1182,0,2,0.117
44.003,0,1,2,-1.2333,0.6167,-1.3018,0.7127,-4.8707,0.0000,0.0000,0.0000,-1.6752,0.8262,-30.0740,0.003,2999,0.0000,0.0000,0.1180,0,2,0.117
44.101,0,1,2,-1.2333,0.6167,-1.3037,0.7129,-4.9964,0.0000,0.0000,0.0000,-1.6753,0.8260,-30.0668,0.036,3004,0.0000,0.0000,0.1192,0,2,0.117
44.199,0,1,2,-1.2333,0.6167,-1.3044,0.7131,-5.0384,0.0000,0.0000,0.0000,-1.6755,0.8253,-30.0518,0.015,3012,0.0000,0.0000,0.1198,0,2,0.117
44.298,0,1,2,-1.2333,0.6167,-1.3047,0.7132,-5.0565,0.0000,0.0000,0.0000,-1.1188,0.6358,2.5609,0.003,3018,0.0000,0.0000,0.1201,0,2,0.117
44.399,0,1,2,-1.2333,0.6167,-1.3053,0.7134,-5.0952,0.0000,0.0000,0.0000,-1.6758,0.8244,-30.0277,0.014,3024,0.0000,0.0000,0.1206,0,2,0.117
44.499,0,1,2,-1.2333,0.6167,-1.3039,0.7128,-5.0572,0.0000,0.0000,0.0000,-1.3665,0.8001,-1.1439,0.005,3030,0.0000,0.0000,0.1192,0,2,0.117
44.599,0,1,2,-1.2333,0.6167,-1.3062,0.7136,-5.1445,0.0000,0.0000,0.0000,-1.6762,0.8233,-30.0011,0.015,3036,0.0000,0.0000,0.1213,0,2,0.117
44.703,0,1,2,-1.2333,0.6167,-1.3047,0.7130,-5.1053,0.0000,0.0000,0.0000,-1.3664,0.8001,-1.1476,0.006,3042,0.0000,0.0000,0.1199,0,2,0.117
44.800,0,1,2,-1.2333,0.6167,-1.3070,0.7138,-5.1907,0.0000,0.0000,0.0000,-1.6766,0.8221,-29.9718,0.016,3048,0.0000,0.0000,0.1219,0,2,0.117
44.902,0,1,2,-1.2333,0.6167,-1.3078,0.7147,-5.1753,0.0000,0.0000,0.0000,-1.1188,0.6358,2.5609,0.009,3054,0.0000,0.0000,0.1231,0,2,0.117
44.998,0,1,2,-1.2333,0.6167,-1.3043,0.7130,-5.0603,0.0000,0.0000,0.0000,-1.6770,0.8207,-29.9389,0.004,3060,0.0000,0.0000,0.1196,0,2,0.117
45.100,0,1,2,-1.2333,0.6167,-1.3062,0.7133,-5.1946,0.0000,0.0000,0.0000,-1.1188,0.6358,2.5609,0.015,3065,0.0000,0.0000,0.1210,0,2,0.117
45.199,0,1,2,-1.2333,0.6167,-1.3069,0.7141,-5.1761,0.0000,0.0000,0.0000,-1.6775,0.8192,-29.9015,0.011,3071,0.0000,0.0000,0.1221,0,2,0.117
45.298,0,1,2,-1.2333,0.6167,-1.3051,0.7131,-5.1063,0.0000,0.0000,0.0000,-1.0889,0.6025,5.6454,0.021,3075,0.0000,0.0000,0.1202,0,2,0.117
45.399,0,1,2,-1.2333,0.6167,-1.3016,0.7114,-4.9891,0.0000,0.0000,0.0000,-1.0889,0.6025,5.6473,0.014,3081,0.0000,0.0000,0.1167,0,2,0.117
45.499,0,1,2,-1.2333,0.6167,-1.3061,0.7132,-5.1548,0.0000,0.0000,0.0000,-1.6781,0.8175,-29.8584,0.033,3087,0.0000,0.0000,0.1209,0,2,0.117
45.599,0,1,2,-1.2333,0.6167,-1.2998,0.7114,-4.8335,0.0000,0.0000,0.0000,-1.6783,0.8168,-29.8424,0.009,3094,0.0000,0.0000,0.1157,0,2,0.117
45.701,0,1,2,-1.2333,0.6167,-1.3037,0.7124,-5.0296,0.0000,0.0000,0.0000,-1.3665,0.8003,-1.1483,0.003,3100,0.0000,0.0000,0.1188,0,2,0.117
45.801,0,1,2,-1.2333,0.6167,-1.3010,0.7116,-4.8884,0.0000,0.0000,0.0000,-1.0890,0.6024,5.6528,0.034,3105,0.0000,0.0000,0.1165,0,2,0.117
45.901,0,1,2,-1.2333,0.6167,-1.2997,0.7109,-4.8571,0.0000,0.0000,0.0000,-1.3665,0.8004,-1.1518,0.007,3111,0.0000,0.0000,0.1153,0,2,0.117
45.998,0,1,2,-1.2333,0.6167,-1.3024,0.7117,-4.9518,0.0000,0.0000,0.0000,-1.6796,0.8129,-29.7455,0.014,3117,0.0000,0.0000,0.1175,0,2,0.117
46.099,0,1,2,-1.2333,0.6167,-1.3011,0.7111,-4.9146,0.0000,0.0000,0.0000,-1.3665,0.8004,-1.1546,0.007,3123,0.0000,0.0000,0.1162,0,2,0.117
46.199,0,1,2,-1.2333,0.6167,-1.3037,0.7118,-5.0077,0.0000,0.0000,0.0000,-1.6806,0.8097,-29.6666,0.016,3129,0.0000,0.0000,0.1184,0,2,0.117
46.301,0,1,2,-1.2333,0.6167,-1.3030,0.7120,-4.9414,0.0000,0.0000,0.0000,-1.3665,0.8005,-1.1538,0.007,3135,0.0000,0.0000,0.1180,0,2,0.117
46.400,0,1,2,-1.2333,0.6167,-1.3049,0.7118,-5.0564,0.0000,0.0000,0.0000,-1.6820,0.8053,-29.5591,0.018,3141,0.0000,0.0000,0.1190,0,2,0.117
46.501,0,1,2,-1.2333,0.6167,-1.3035,0.7110,-5.0173,0.0000,0.0000,0.0000,-1.1188,0.6358,2.5609,0.015,3146,0.0000,0.0000,0.1176,0,2,0.117
46.600,0,1,2,-1.2333,0.6167,-1.3045,0.7118,-5.0055,0.0000,0.0000,0.0000,-1.3665,0.8005,-1.1535,0.015,3151,0.0000,0.0000,0.1188,0,2,0.117
46.698,0,1,2,-1.2333,0.6167,-1.3064,0.7115,-5.1159,0.0000,0.0000,0.0000,-1.6852,0.7953,-29.3131,0.015,3157,0.0000,0.0000,0.1197,0,2,0.117
46.800,0,1,2,-1.2333,0.6167,-1.3035,0.7105,-4.9670,0.0000,0.0000,0.0000,-1.6886,0.7845,-29.0508,0.003,3165,0.0000,0.0000,0.1172,0,2,0.117
46.898,0,1,2,-1.2333,0.6167,-1.3075,0.7109,-5.1442,0.0000,0.0000,0.0000,-1.3666,0.8005,-1.1516,0.007,3170,0.0000,0.0000,0.1199,0,2,0.117
46.999,0,1,2,-1.2333,0.6167,-1.3029,0.7087,-4.9157,0.0000,0.0000,0.0000,-1.1050,0.6615,4.3672,0.016,3177,0.0000,0.0000,0.1154,0,2,0.117
47.101,0,1,2,-1.2333,0.6167,-1.2981,0.7075,-4.6949,0.0000,0.0000,0.0000,-1.3666,0.8005,-1.1541,0.003,3183,0.0000,0.0000,0.1115,0,2,0.117
47.199,0,1,2,-1.2333,0.6167,-1.2888,0.7051,-4.2744,0.0000,0.0000,0.0000,-1.1050,0.6615,4.3667,0.019,3189,0.0000,0.0000,0.1044,0,2,0.117
47.300,0,1,2,-1.2333,0.6167,-1.2845,0.7040,-4.0718,0.0000,0.0000,0.0000,-1.1188,0.6358,2.5609,0.008,3194,0.0000,0.0000,0.1012,0,2,0.117
47.400,0,1,2,-1.2333,0.6167,-1.2762,0.7019,-3.6836,0.0000,0.0000,0.0000,-1.1050,0.6615,4.3669,0.018,3201,0.0000,0.0000,0.0954,0,2,0.117
47.502,0,1,2,-1.2333,0.6167,-1.2708,0.7003,-3.4527,0.0000,0.0000,0.0000,-1.3665,0.8006,-1.1558,0.011,3207,0.0000,0.0000,0.0917,0,2,0.117
47.601,0,1,2,-1.2333,0.6167,-1.2649,0.6991,-3.1423,0.0000,0.0000,0.0000,-1.1050,0.6615,4.3656,0.019,3213,0.0000,0.0000,0.0882,0,2,0.117
47.700,0,1,2,-1.2333,0.6167,-1.2614,0.6982,-2.9704,0.0000,0.0000,0.0000,-1.3665,0.8006,-1.1561,0.003,3219,0.0000,0.0000,0.0862,0,2,0.117
47.798,0,1,2,-1.2333,0.6167,-1.2563,0.6974,-2.7035,0.0000,0.0000,0.0000,-1.0888,0.6025,5.6466,0.007,3225,0.0000,0.0000,0.0839,0,2,0.117
47.900,0,1,2,-1.2333,0.6167,-1.2504,0.6952,-2.4488,0.0000,0.0000,0.0000,-1.1188,0.6358,2.5609,0.010,3230,0.0000,0.0000,0.0803,0,2,0.117
48.000,0,1,2,-1.2333,0.6167,-1.2470,0.6945,-2.2313,0.0000,0.0000,0.0000,-1.1050,0.6615,4.3660,0.002,3237,0.0000,0.0000,0.0791,0,2,0.117
48.101,0,1,2,-1.2333,0.6167,-1.2429,0.6935,-2.0412,0.0000,0.0000,0.0000,-1.1188,0.6358,2.5609,0.002,3242,0.0000,0.0000,0.0774,0,2,0.117
48.201,0,1,2,-1.2333,0.6167,-1.2389,0.6925,-1.8086,0.0000,0.0000,0.0000,-1.1049,0.6615,4.3650,0.003,3249,0.0000,0.0000,0.0760,0,2,0.117
48.300,0,1,2,-1.2333,0.6167,-1.2351,0.6916,-1.6339,0.0000,0.0000,0.0000,-1.1188,0.6358,2.5609,0.003,3255,0.0000,0.0000,0.0749,0,2,0.117
48.399,0,1,2,-1.2333,0.6167,-1.2304,0.6904,-1.3824,0.0000,0.0000,0.0000,-1.1050,0.6615,4.3664,0.015,3261,0.0000,0.0000,0.0738,0,2,0.117
48.502,0,1,2,-1.2333,0.6167,-1.2283,0.6896,-1.2738,0.0000,0.0000,0.0000,-1.3666,0.8007,-1.1541,0.007,3266,0.0000,0.0000,0.0731,0,2,0.117
48.598,0,1,2,-1.2333,0.6167,-1.2250,0.6890,-1.0654,0.0000,0.0000,0.0000,-1.1049,0.6615,4.3654,0.015,3272,0.0000,0.0000,0.0728,0,2,0.117
48.700,0,1,2,-1.2333,0.6167,-1.2220,0.6880,-0.9245,0.0000,0.0000,0.0000,-1.3666,0.8007,-1.1583,0.007,3278,0.0000,0.0000,0.0722,0,2,0.117
48.800,0,1,2,-1.2333,0.6167,-1.2202,0.6878,-0.7686,0.0000,0.0000,0.0000,-1.1050,0.6615,4.3657,0.022,3283,0.0000,0.0000,0.0723,0,2,0.117
48.903,0,1,2,-1.2333,0.6167,-1.2197,0.6884,-0.6653,0.0000,0.0000,0.0000,-1.3666,0.8008,-1.1586,0.019,3288,0.0000,0.0000,0.0730,0,2,0.117
48.999,0,1,2,-1.2333,0.6167,-1.2158,0.6866,-0.4970,0.0000,0.0000,0.0000,-1.0888,0.6025,5.6484,0.032,3294,0.0000,0.0000,0.0721,0,2,0.117
49.100,0,1,2,-1.2333,0.6167,-1.2155,0.6873,-0.4035,0.0000,0.0000,0.0000,-1.1188,0.6358,2.5609,0.008,3300,0.0000,0.0000,0.0728,0,2,0.117
49.200,0,1,2,-1.2333,0.6167,-1.2119,0.6861,-0.2566,0.0000,0.0000,0.0000,-1.0888,0.6025,5.6481,0.008,3306,0.0000,0.0000,0.0727,0,2,0.117
49.299,0,1,2,-1.2333,0.6167,-1.2092,0.6850,-0.1236,0.0000,0.0000,0.0000,-1.1188,0.6358,2.5609,0.008,3311,0.0000,0.0000,0.0724,0,2,0.117
49.400,0,1,2,-1.2333,0.6167,-1.2069,0.6841,-0.0180,0.0000,0.0000,0.0000,-1.1188,0.6358,2.5609,0.040,3315,0.0000,0.0000,0.0725,0,2,0.117
49.499,0,1,2,-1.2333,0.6167,-1.2049,0.6839,0.1313,0.0000,0.0000,0.0000,-1.1049,0.6615,4.3657,0.031,3322,0.0000,0.0000,0.0730,0,2,0.117
49.600,0,1,2,-1.2333,0.6167,-1.2042,0.6836,0.2282,0.0000,0.0000,0.0000,-1.1049,0.6615,4.3650,0.006,3329,0.0000,0.0000,0.0731,0,2,0.117
49.700,0,1,2,-1.2333,0.6167,-1.2035,0.6842,0.3259,0.0000,0.0000,0.0000,-1.1188,0.6358,2.5609,0.009,3335,0.0000,0.0000,0.0739,0,2,0.117
49.799,0,1,2,-1.2333,0.6167,-1.1996,0.6825,0.4801,0.0000,0.0000,0.0000,-1.1049,0.6615,4.3648,0.017,3341,0.0000,0.0000,0.0740,0,2,0.117
49.899,0,1,2,-1.2333,0.6167,-1.1977,0.6818,0.5664,0.0000,0.0000,0.0000,-1.3666,0.8008,-1.1607,0.008,3347,0.0000,0.0000,0.0742,0,2,0.117
50.000,0,1,2,-1.2333,0.6167,-1.1964,0.6817,0.6831,0.0000,0.0000,0.0000,-1.1049,0.6615,4.3654,0.018,3353,0.0000,0.0000,0.0748,0,2,0.117
50.099,0,1,2,-1.2333,0.6167,-1.1970,0.6826,0.7335,0.0000,0.0000,0.0000,-1.1188,0.6358,2.5609,0.007,3359,0.0000,0.0000,0.0753,0,2,0.117
50.200,0,1,2,-1.2333,0.6167,-1.1935,0.6810,0.8685,0.0000,0.0000,0.0000,-1.1049,0.6615,4.3644,0.017,3365,0.0000,0.0000,0.0757,0,2,0.117
50.301,0,1,2,-1.2333,0.6167,-1.1951,0.6821,0.8885,0.0000,0.0000,0.0000,-1.3665,0.8009,-1.1633,0.012,3369,0.0000,0.0000,0.0758,0,2,0.117
50.400,0,1,2,-1.2333,0.6167,-1.1917,0.6805,1.0121,0.0000,0.0000,0.0000,-1.1049,0.6615,4.3659,0.022,3376,0.0000,0.0000,0.0762,0,2,0.117
50.500,0,1,2,-1.2333,0.6167,-1.1925,0.6815,0.9957,0.0000,0.0000,0.0000,-1.1191,0.6360,2.5313,0.002,3382,0.0000,0.0000,0.0766,0,2,0.117
50.599,0,1,2,-1.2333,0.6167,-1.1916,0.6816,1.0333,0.0000,0.0000,0.0000,-1.0873,0.6006,5.6733,0.003,3387,0.0000,0.0000,0.0772,0,2,0.117
50.698,0,1,2,-1.2333,0.6167,-1.1898,0.6806,1.1199,0.0000,0.0000,0.0000,-1.3658,0.8018,-1.2159,0.038,3391,0.0000,0.0000,0.0774,0,2,0.117
50.799,0,1,2,-1.2333,0.6167,-1.1887,0.6806,1.1676,0.0000,0.0000,0.0000,-1.3659,0.8018,-1.2108,0.003,3397,0.0000,0.0000,0.0780,0,2,0.117
50.899,0,1,2,-1.2333,0.6167,-1.1901,0.6823,1.1845,0.0000,0.0000,0.0000,-1.3659,0.8019,-1.2123,0.004,3402,0.0000,0.0000,0.0786,0,2,0.117
50.999,0,1,2,-1.2333,0.6167,-1.1892,0.6830,1.2570,0.0000,0.0000,0.0000,-1.1039,0.6613,4.3575,0.015,3409,0.0000,0.0000,0.0797,0,2,0.117
51.098,0,1,2,-1.2333,0.6167,-1.1888,0.6834,1.2939,0.0000,0.0000,0.0000,-1.3659,0.8019,-1.2128,0.012,3414,0.0000,0.0000,0.0802,0,2,0.117
51.200,0,1,2,-1.2333,0.6167,-1.1877,0.6833,1.3745,0.0000,0.0000,0.0000,-1.1040,0.6613,4.3588,0.022,3421,0.0000,0.0000,0.0807,0,2,0.117
51.301,0,1,2,-1.2333,0.6167,-1.1873,0.6836,1.4057,0.0000,0.0000,0.0000,-1.1184,0.6357,2.5335,0.003,3427,0.0000,0.0000,0.0812,0,2,0.117
51.400,0,1,2,-1.2333,0.6167,-1.1879,0.6861,1.4172,0.0000,0.0000,0.0000,-1.1040,0.6613,4.3604,0.019,3432,0.0000,0.0000,0.0830,0,2,0.117
51.498,0,1,2,-1.2333,0.6167,-1.1898,0.6887,1.3894,0.0000,0.0000,0.0000,-1.1184,0.6357,2.5335,0.003,3437,0.0000,0.0000,0.0842,0,2,0.117
51.600,0,1,2,-1.2333,0.6167,-1.1897,0.6919,1.3829,0.0000,0.0000,0.0000,-1.1739,0.8409,0.1292,0.033,3442,0.0000,0.0000,0.0870,0,2,0.117
51.699,0,1,2,-1.2333,0.6167,-1.1914,0.6946,1.3701,0.0000,0.0000,0.0000,-1.1184,0.6357,2.5335,0.003,3448,0.0000,0.0000,0.0885,0,2,0.117
51.800,0,1,2,-1.2333,0.6167,-1.1913,0.6973,1.3529,0.0000,0.0000,0.0000,-1.1738,0.8410,0.1251,0.034,3452,0.0000,0.0000,0.0909,0,2,0.117
51.899,0,1,2,-1.2333,0.6167,-1.1921,0.6991,1.3369,0.0000,0.0000,0.0000,-1.1184,0.6357,2.5335,0.009,3456,0.0000,0.0000,0.0921,0,2,0.117
52.000,0,1,2,-1.2333,0.6167,-1.1900,0.7022,1.3458,0.0000,0.0000,0.0000,-1.1040,0.6614,4.3586,0.003,3463,0.0000,0.0000,0.0958,0,2,0.117
52.098,0,1,2,-1.2333,0.6167,-1.1886,0.7035,1.3616,0.0000,0.0000,0.0000,-1.1184,0.6357,2.5335,0.012,3467,0.0000,0.0000,0.0976,0,2,0.117
52.203,0,1,2,-1.2333,0.6167,-1.1876,0.7068,1.3479,0.0000,0.0000,0.0000,-1.1737,0.8410,0.1268,0.009,3472,0.0000,0.0000,0.1011,0,2,0.117
52.299,0,1,2,-1.2333,0.6167,-1.1857,0.7083,1.3804,0.0000,0.0000,0.0000,-1.2171,0.8016,0.3354,0.012,3478,0.0000,0.0000,0.1033,0,2,0.117
52.399,0,1,2,-1.2333,0.6167,-1.1830,0.7094,1.4167,0.0000,0.0000,0.0000,-1.1041,0.6613,4.3592,0.020,3485,0.0000,0.0000,0.1055,0,2,0.117
52.501,0,1,2,-1.2333,0.6167,-1.1823,0.7110,1.4109,0.0000,0.0000,0.0000,-1.1735,0.8410,0.1256,0.003,3491,0.0000,0.0000,0.1073,0,2,0.117
52.601,0,1,2,-1.2333,0.6167,-1.1811,0.7132,1.4164,0.0000,0.0000,0.0000,-1.1735,0.8410,0.1263,0.032,3495,0.0000,0.0000,0.1097,0,2,0.117
52.699,0,1,2,-1.2333,0.6167,-1.1795,0.7132,1.4390,0.0000,0.0000,0.0000,-1.1184,0.6357,2.5335,0.011,3500,0.0000,0.0000,0.1106,0,2,0.117
52.800,0,1,2,-1.2333,0.6167,-1.1781,0.7156,1.4555,0.0000,0.0000,0.0000,-1.1041,0.6613,4.3595,0.022,3507,0.0000,0.0000,0.1133,0,2,0.117
52.899,0,1,2,-1.2333,0.6167,-1.1771,0.7163,1.4672,0.0000,0.0000,0.0000,-1.1184,0.6357,2.5335,0.010,3513,0.0000,0.0000,0.1144,0,2,0.117
53.000,0,1,2,-1.2333,0.6167,-1.1767,0.7187,1.4521,0.0000,0.0000,0.0000,-1.1734,0.8409,0.1289,0.027,3517,0.0000,0.0000,0.1167,0,2,0.117
53.100,0,1,2,-1.2333,0.6167,-1.1762,0.7203,1.4574,0.0000,0.0000,0.0000,-1.1184,0.6357,2.5335,0.007,3523,0.0000,0.0000,0.1183,0,2,0.117
53.200,0,1,2,-1.2333,0.6167,-1.1747,0.7212,1.4718,0.0000,0.0000,0.0000,-1.1041,0.6614,4.3586,0.017,3528,0.0000,0.0000,0.1198,0,2,0.117
53.301,0,1,2,-1.2333,0.6167,-1.1740,0.7214,1.4741,0.0000,0.0000,0.0000,-1.1184,0.6357,2.5335,0.013,3532,0.0000,0.0000,0.1204,0,2,0.117
53.400,0,1,2,-1.2333,0.6167,-1.1737,0.7238,1.4723,0.0000,0.0000,0.0000,-1.2181,0.7995,0.3686,0.011,3538,0.0000,0.0000,0.1226,0,2,0.117
53.502,0,1,2,-1.2333,0.6167,-1.1729,0.7242,1.4877,0.0000,0.0000,0.0000,-1.1041,0.6614,4.3589,0.029,3542,0.0000,0.0000,0.1234,0,2,0.117
53.600,0,1,2,-1.2333,0.6167,-1.1721,0.7256,1.4902,0.0000,0.0000,0.0000,-1.1733,0.8409,0.1281,0.016,3549,0.0000,0.0000,0.1250,0,2,0.117
53.700,0,1,2,-1.2333,0.6167,-1.1718,0.7267,1.4940,0.0000,0.0000,0.0000,-1.2181,0.7995,0.3711,0.017,3554,0.0000,0.0000,0.1260,0,2,0.117
53.798,0,1,2,-1.2333,0.6167,-1.1706,0.7272,1.5050,0.0000,0.0000,0.0000,-1.1041,0.6614,4.3590,0.018,3560,0.0000,0.0000,0.1271,0,2,0.117
53.900,0,1,2,-1.2333,0.6167,-1.1701,0.7272,1.5064,0.0000,0.0000,0.0000,-1.2180,0.7996,0.3685,0.003,3565,0.0000,0.0000,0.1273,0,2,0.117
54.000,0,1,2,-1.2333,0.6167,-1.1699,0.7292,1.5016,0.0000,0.0000,0.0000,-1.1041,0.6614,4.3583,0.016,3570,0.0000,0.0000,0.1292,0,2,0.117
54.101,0,1,2,-1.2333,0.6167,-1.1688,0.7285,1.5187,0.0000,0.0000,0.0000,-1.2179,0.7996,0.3670,0.003,3576,0.0000,0.0000,0.1291,0,2,0.117
54.200,0,1,2,-1.2333,0.6167,-1.1693,0.7311,1.4909,0.0000,0.0000,0.0000,-1.1734,0.8409,0.1274,0.028,3580,0.0000,0.0000,0.1311,0,2,0.117
54.300,0,1,2,-1.2333,0.6167,-1.1693,0.7319,1.4829,0.0000,0.0000,0.0000,-1.2178,0.7997,0.3669,0.012,3584,0.0000,0.0000,0.1318,0,2,0.117
54.398,0,1,2,-1.2333,0.6167,-1.1681,0.7321,1.5064,0.0000,0.0000,0.0000,-1.1041,0.6614,4.3603,0.020,3591,0.0000,0.0000,0.1326,0,2,0.117
54.500,0,1,2,-1.2333,0.6167,-1.1680,0.7332,1.5038,0.0000,0.0000,0.0000,-1.1184,0.6358,2.5326,0.009,3597,0.0000,0.0000,0.1336,0,2,0.117
54.601,0,1,2,-1.2333,0.6167,-1.1670,0.7331,1.5155,0.0000,0.0000,0.0000,-1.1734,0.8409,0.1313,0.027,3602,0.0000,0.0000,0.1340,0,2,0.117
54.698,0,1,2,-1.2333,0.6167,-1.1660,0.7322,1.5341,0.0000,0.0000,0.0000,-1.1184,0.6358,2.5325,0.011,3607,0.0000,0.0000,0.1337,0,2,0.117
54.799,0,1,2,-1.2333,0.6167,-1.1654,0.7323,1.5567,0.0000,0.0000,0.0000,-1.1733,0.8409,0.1290,0.005,3614,0.0000,0.0000,0.1341,0,2,0.117
54.898,0,1,2,-1.2333,0.6167,-1.1650,0.7335,1.5563,0.0000,0.0000,0.0000,-1.1041,0.6614,4.3582,0.029,3618,0.0000,0.0000,0.1353,0,2,0.117
55.000,0,1,2,-1.2333,0.6167,-1.1641,0.7336,1.5747,0.0000,0.0000,0.0000,-1.1041,0.6614,4.3585,0.010,3626,0.0000,0.0000,0.1359,0,2,0.117
55.101,0,1,2,-1.2333,0.6167,-1.1642,0.7344,1.5765,0.0000,0.0000,0.0000,-1.1734,0.8408,0.1306,0.003,3633,0.0000,0.0000,0.1365,0,2,0.117
55.201,0,1,2,-1.2333,0.6167,-1.1640,0.7352,1.5633,0.0000,0.0000,0.0000,-1.1734,0.8408,0.1318,0.032,3636,0.0000,0.0000,0.1374,0,2,0.117
55.298,0,1,2,-1.2333,0.6167,-1.1638,0.7347,1.5652,0.0000,0.0000,0.0000,-1.1184,0.6358,2.5326,0.005,3640,0.0000,0.0000,0.1370,0,2,0.117
55.400,0,1,2,-1.2333,0.6167,-1.1640,0.7358,1.5641,0.0000,0.0000,0.0000,-1.1042,0.6614,4.3585,0.017,3646,0.0000,0.0000,0.1378,0,2,0.117
55.500,0,1,2,-1.2333,0.6167,-1.1638,0.7349,1.5794,0.0000,0.0000,0.0000,-1.1184,0.6358,2.5326,0.007,3652,0.0000,0.0000,0.1372,0,2,0.117
55.601,0,1,2,-1.2333,0.6167,-1.1635,0.7357,1.5822,0.0000,0.0000,0.0000,-1.1042,0.6614,4.3588,0.021,3657,0.0000,0.0000,0.1380,0,2,0.117
55.700,0,1,2,-1.2333,0.6167,-1.1643,0.7365,1.5698,0.0000,0.0000,0.0000,-1.1184,0.6358,2.5326,0.008,3662,0.0000,0.0000,0.1383,0,2,0.117
55.800,0,1,2,-1.2333,0.6167,-1.1641,0.7372,1.5532,0.0000,0.0000,0.0000,-1.1734,0.8408,0.1332,0.033,3666,0.0000,0.0000,0.1390,0,2,0.117
55.898,0,1,2,-1.2333,0.6167,-1.1648,0.7386,1.5327,0.0000,0.0000,0.0000,-1.1184,0.6358,2.5326,0.003,3671,0.0000,0.0000,0.1398,0,2,0.117
55.999,0,1,2,-1.2333,0.6167,-1.1640,0.7385,1.5409,0.0000,0.0000,0.0000,-1.1734,0.8408,0.1315,0.010,3676,0.0000,0.0000,0.1401,0,2,0.117
56.101,0,1,2,-1.2333,0.6167,-1.1637,0.7381,1.5385,0.0000,0.0000,0.0000,-1.1184,0.6358,2.5322,0.015,3680,0.0000,0.0000,0.1400,0,2,0.117
56.199,0,1,2,-1.2333,0.6167,-1.1638,0.7386,1.5418,0.0000,0.0000,0.0000,-1.1734,0.8408,0.1281,0.009,3686,0.0000,0.0000,0.1404,0,2,0.117
56.299,0,1,2,-1.2333,0.6167,-1.1635,0.7395,1.5431,0.0000,0.0000,0.0000,-1.2175,0.8038,0.2891,0.003,3691,0.0000,0.0000,0.1413,0,2,0.117
56.400,0,1,2,-1.2333,0.6167,-1.1639,0.7407,1.5208,0.0000,0.0000,0.0000,-1.1184,0.6358,2.5322,0.018,3696,0.0000,0.0000,0.1421,0,2,0.117
56.501,0,1,2,-1.2333,0.6167,-1.1630,0.7394,1.5389,0.0000,0.0000,0.0000,-1.1184,0.6358,2.5322,0.014,3701,0.0000,0.0000,0.1415,0,2,0.117
56.601,0,1,2,-1.2333,0.6167,-1.1627,0.7401,1.5518,0.0000,0.0000,0.0000,-1.1042,0.6614,4.3575,0.023,3708,0.0000,0.0000,0.1422,0,2,0.117
56.701,0,1,2,-1.2333,0.6167,-1.1628,0.7405,1.5526,0.0000,0.0000,0.0000,-1.1734,0.8408,0.1316,0.003,3715,0.0000,0.0000,0.1425,0,2,0.117
56.801,0,1,2,-1.2333,0.6167,-1.1621,0.7403,1.5607,0.0000,0.0000,0.0000,-1.1042,0.6614,4.3580,0.020,3719,0.0000,0.0000,0.1426,0,2,0.117
56.902,0,1,2,-1.2333,0.6167,-1.1624,0.7404,1.5654,0.0000,0.0000,0.0000,-1.1184,0.6358,2.5322,0.003,3725,0.0000,0.0000,0.1427,0,2,0.117
57.000,0,1,2,-1.2333,0.6167,-1.1612,0.7392,1.5946,0.0000,0.0000,0.0000,-1.1042,0.6614,4.3587,0.022,3731,0.0000,0.0000,0.1422,0,2,0.117
57.099,0,1,2,-1.2333,0.6167,-1.1615,0.7392,1.5998,0.0000,0.0000,0.0000,-1.1184,0.6358,2.5322,0.007,3737,0.0000,0.0000,0.1420,0,2,0.117
57.200,0,1,2,-1.2333,0.6167,-1.1604,0.7381,1.6286,0.0000,0.0000,0.0000,-1.1042,0.6614,4.3581,0.023,3743,0.0000,0.0000,0.1416,0,2,0.117
57.298,0,1,2,-1.2333,0.6167,-1.1602,0.7377,1.6403,0.0000,0.0000,0.0000,-1.2214,0.7770,0.7708,0.008,3748,0.0000,0.0000,0.1414,0,2,0.117
57.399,0,1,2,-1.2333,0.6167,-1.1607,0.7375,1.6309,0.0000,0.0000,0.0000,-1.1733,0.8408,0.1291,0.007,3753,0.0000,0.0000,0.1410,0,2,0.117
57.498,0,1,2,-1.2333,0.6167,-1.1600,0.7374,1.6509,0.0000,0.0000,0.0000,-1.2160,0.8057,0.2634,0.005,3759,0.0000,0.0000,0.1412,0,2,0.117
57.599,0,1,2,-1.2333,0.6167,-1.1604,0.7377,1.6342,0.0000,0.0000,0.0000,-1.1734,0.8407,0.1314,0.003,3765,0.0000,0.0000,0.1413,0,2,0.117
57.698,0,1,2,-1.2333,0.6167,-1.1597,0.7379,1.6535,0.0000,0.0000,0.0000,-1.1184,0.6357,2.5329,0.004,3770,0.0000,0.0000,0.1418,0,2,0.117
57.800,0,1,2,-1.2333,0.6167,-1.1598,0.7385,1.6459,0.0000,0.0000,0.0000,-1.1734,0.8407,0.1301,0.025,3776,0.0000,0.0000,0.1423,0,2,0.117
57.900,0,1,2,-1.2333,0.6167,-1.1597,0.7380,1.6508,0.0000,0.0000,0.0000,-1.1184,0.6357,2.5329,0.002,3782,0.0000,0.0000,0.1420,0,2,0.117
58.001,0,1,2,-1.2333,0.6167,-1.1595,0.7389,1.6468,0.0000,0.0000,0.0000,-1.1734,0.8407,0.1321,0.028,3787,0.0000,0.0000,0.1428,0,2,0.117
58.103,0,1,2,-1.2333,0.6167,-1.1594,0.7384,1.6521,0.0000,0.0000,0.0000,-1.1184,0.6357,2.5329,0.008,3793,0.0000,0.0000,0.1424,0,2,0.117
58.200,0,1,2,-1.2333,0.6167,-1.1593,0.7393,1.6490,0.0000,0.0000,0.0000,-1.1734,0.8407,0.1320,0.033,3798,0.0000,0.0000,0.1432,0,2,0.117
58.300,0,1,2,-1.2333,0.6167,-1.1596,0.7398,1.6441,0.0000,0.0000,0.0000,-1.1184,0.6357,2.5329,0.009,3804,0.0000,0.0000,0.1435,0,2,0.117
58.400,0,1,2,-1.2333,0.6167,-1.1591,0.7396,1.6457,0.0000,0.0000,0.0000,-1.1042,0.6614,4.3581,0.023,3809,0.0000,0.0000,0.1436,0,2,0.117
58.500,0,1,2,-1.2333,0.6167,-1.1596,0.7399,1.6291,0.0000,0.0000,0.0000,-1.1184,0.6357,2.5329,0.014,3814,0.0000,0.0000,0.1436,0,2,0.117
58.600,0,1,2,-1.2333,0.6167,-1.1595,0.7406,1.6270,0.0000,0.0000,0.0000,-1.1042,0.6615,4.3579,0.017,3819,0.0000,0.0000,0.1443,0,2,0.117
58.701,0,1,2,-1.2333,0.6167,-1.1588,0.7394,1.6428,0.0000,0.0000,0.0000,-1.1184,0.6357,2.5329,0.012,3824,0.0000,0.0000,0.1436,0,2,0.117
58.799,0,1,2,-1.2333,0.6167,-1.1598,0.7416,1.6121,0.0000,0.0000,0.0000,-1.1042,0.6614,4.3582,0.009,3830,0.0000,0.0000,0.1450,0,2,0.117
58.900,0,1,2,-1.2333,0.6167,-1.1591,0.7404,1.6248,0.0000,0.0000,0.0000,-1.1184,0.6357,2.5329,0.011,3834,0.0000,0.0000,0.1443,0,2,0.117
58.998,0,1,2,-1.2333,0.6167,-1.1589,0.7402,1.6326,0.0000,0.0000,0.0000,-1.2161,0.8057,0.2660,0.003,3840,0.0000,0.0000,0.1442,0,2,0.117
59.100,0,1,2,-1.2333,0.6167,-1.1599,0.7424,1.5983,0.0000,0.0000,0.0000,-1.1734,0.8407,0.1302,0.002,3844,0.0000,0.0000,0.1456,0,2,0.117
59.201,0,1,2,-1.2333,0.6167,-1.1599,0.7427,1.5926,0.0000,0.0000,0.0000,-1.1184,0.6357,2.5329,0.024,3850,0.0000,0.0000,0.1458,0,2,0.117
59.298,0,1,2,-1.2333,0.6167,-1.1602,0.7430,1.5905,0.0000,0.0000,0.0000,-1.1184,0.6357,2.5329,0.008,3856,0.0000,0.0000,0.1460,0,2,0.117
59.400,0,1,2,-1.2333,0.6167,-1.1596,0.7426,1.5955,0.0000,0.0000,0.0000,-1.1042,0.6615,4.3579,0.023,3861,0.0000,0.0000,0.1460,0,2,0.117
59.501,0,1,2,-1.2333,0.6167,-1.1605,0.7438,1.5759,0.0000,0.0000,0.0000,-1.1184,0.6357,2.5329,0.002,3866,0.0000,0.0000,0.1465,0,2,0.117
59.600,0,1,2,-1.2333,0.6167,-1.1599,0.7434,1.5818,0.0000,0.0000,0.0000,-1.1734,0.8406,0.1309,0.027,3871,0.0000,0.0000,0.1465,0,2,0.117
59.698,0,1,2,-1.2333,0.6167,-1.1607,0.7445,1.5590,0.0000,0.0000,0.0000,-1.2161,0.8057,0.2652,0.010,3875,0.0000,0.0000,0.1470,0,2,0.117
59.799,0,1,2,-1.2333,0.6167,-1.1602,0.7441,1.5649,0.0000,0.0000,0.0000,-1.1734,0.8406,0.1319,0.026,3881,0.0000,0.0000,0.1469,0,2,0.117
59.899,0,1,2,-1.2333,0.6167,-1.1610,0.7452,1.5439,0.0000,0.0000,0.0000,-1.1184,0.6357,2.5329,0.003,3886,0.0000,0.0000,0.1475,0,2,0.117
60.000,0,1,2,-1.2333,0.6167,-1.1604,0.7447,1.5517,0.0000,0.0000,0.0000,-1.1734,0.8406,0.1363,0.020,3891,0.0000,0.0000,0.1474,0,2,0.117
60.098,0,1,2,-1.2333,0.6167,-1.1603,0.7441,1.5490,0.0000,0.0000,0.0000,-1.1184,0.6357,2.5329,0.012,3895,0.0000,0.0000,0.1469,0,2,0.117
60.201,0,1,2,-1.2333,0.6167,-1.1607,0.7454,1.5373,0.0000,0.0000,0.0000,-1.1734,0.8406,0.1343,0.008,3901,0.0000,0.0000,0.1478,0,2,0.117
60.299,0,1,2,-1.2333,0.6167,-1.1598,0.7442,1.5685,0.0000,0.0000,0.0000,-1.2162,0.8056,0.2662,0.031,3906,0.0000,0.0000,0.1472,0,2,0.117
60.398,0,1,2,-1.2333,0.6167,-1.1598,0.7443,1.5635,0.0000,0.0000,0.0000,-1.1042,0.6614,4.3586,0.005,3914,0.0000,0.0000,0.1473,0,2,0.117
60.499,0,1,2,-1.2333,0.6167,-1.1596,0.7438,1.5814,0.0000,0.0000,0.0000,-1.1184,0.6357,2.5320,0.005,3920,0.0000,0.0000,0.1470,0,2,0.117
60.601,0,1,2,-1.2333,0.6167,-1.1591,0.7434,1.5861,0.0000,0.0000,0.0000,-1.1042,0.6615,4.3561,0.019,3925,0.0000,0.0000,0.1469,0,2,0.117
60.699,0,1,2,-1.2333,0.6167,-1.1599,0.7445,1.5636,0.0000,0.0000,0.0000,-1.1184,0.6358,2.5316,0.005,3930,0.0000,0.0000,0.1474,0,2,0.117
60.801,0,1,2,-1.2333,0.6167,-1.1589,0.7433,1.5886,0.0000,0.0000,0.0000,-1.1042,0.6615,4.3572,0.019,3936,0.0000,0.0000,0.1469,0,2,0.117
60.899,0,1,2,-1.2333,0.6167,-1.1598,0.7444,1.5682,0.0000,0.0000,0.0000,-1.1184,0.6358,2.5315,0.008,3941,0.0000,0.0000,0.1474,0,2,0.117
61.000,0,1,2,-1.2333,0.6167,-1.1592,0.7440,1.5762,0.0000,0.0000,0.0000,-1.1734,0.8405,0.1338,0.026,3946,0.0000,0.0000,0.1473,0,2,0.117
61.098,0,1,2,-1.2333,0.6167,-1.1596,0.7443,1.5725,0.0000,0.0000,0.0000,-1.1184,0.6358,2.5315,0.005,3952,0.0000,0.0000,0.1474,0,2,0.117
61.200,0,1,2,-1.2333,0.6167,-1.1591,0.7438,1.5781,0.0000,0.0000,0.0000,-1.1043,0.6615,4.3581,0.017,3957,0.0000,0.0000,0.1473,0,2,0.117
61.300,0,1,2,-1.2333,0.6167,-1.1594,0.7441,1.5781,0.0000,0.0000,0.0000,-1.1184,0.6358,2.5315,0.003,3963,0.0000,0.0000,0.1474,0,2,0.117
61.398,0,1,2,-1.2333,0.6167,-1.1589,0.7437,1.5858,0.0000,0.0000,0.0000,-1.1042,0.6615,4.3576,0.020,3968,0.0000,0.0000,0.1472,0,2,0.117
61.500,0,1,2,-1.2333,0.6167,-1.1583,0.7424,1.6027,0.0000,0.0000,0.0000,-1.1184,0.6358,2.5315,0.011,3973,0.0000,0.0000,0.1464,0,2,0.117
61.599,0,1,2,-1.2333,0.6167,-1.1581,0.7419,1.6215,0.0000,0.0000,0.0000,-1.1734,0.8405,0.1341,0.002,3980,0.0000,0.0000,0.1461,0,2,0.117
61.700,0,1,2,-1.2333,0.6167,-1.1586,0.7434,1.5972,0.0000,0.0000,0.0000,-1.1734,0.8405,0.1333,0.043,3983,0.0000,0.0000,0.1471,0,2,0.117
61.801,0,1,2,-1.2333,0.6167,-1.1592,0.7443,1.5726,0.0000,0.0000,0.0000,-1.1734,0.8405,0.1349,0.029,3989,0.0000,0.0000,0.1477,0,2,0.117
61.899,0,1,2,-1.2333,0.6167,-1.1595,0.7446,1.5710,0.0000,0.0000,0.0000,-1.2162,0.8056,0.2652,0.013,3994,0.0000,0.0000,0.1477,0,2,0.117
61.998,0,1,2,-1.2333,0.6167,-1.1590,0.7442,1.5770,0.0000,0.0000,0.0000,-1.1734,0.8405,0.1342,0.025,4000,0.0000,0.0000,0.1476,0,2,0.117
62.101,0,1,2,-1.2333,0.6167,-1.1589,0.7434,1.5825,0.0000,0.0000,0.0000,-1.1184,0.6358,2.5310,0.009,4006,0.0000,0.0000,0.1470,0,2,0.117
62.200,0,1,2,-1.2333,0.6167,-1.1588,0.7440,1.5788,0.0000,0.0000,0.0000,-1.1734,0.8405,0.1352,0.035,4011,0.0000,0.0000,0.1476,0,2,0.117
62.300,0,1,2,-1.2333,0.6167,-1.1588,0.7433,1.5856,0.0000,0.0000,0.0000,-1.1184,0.6358,2.5310,0.007,4017,0.0000,0.0000,0.1469,0,2,0.117
62.400,0,1,2,-1.2333,0.6167,-1.1582,0.7431,1.6030,0.0000,0.0000,0.0000,-1.1042,0.6615,4.3561,0.022,4023,0.0000,0.0000,0.1471,0,2,0.117
62.500,0,1,2,-1.2333,0.6167,-1.1582,0.7424,1.6069,0.0000,0.0000,0.0000,-1.1184,0.6357,2.5317,0.008,4029,0.0000,0.0000,0.1465,0,2,0.117
62.600,0,1,2,-1.2333,0.6167,-1.1581,0.7431,1.6031,0.0000,0.0000,0.0000,-1.1733,0.8405,0.1357,0.033,4034,0.0000,0.0000,0.1471,0,2,0.117
62.702,0,1,2,-1.2333,0.6167,-1.1586,0.7431,1.5875,0.0000,0.0000,0.0000,-1.1733,0.8405,0.1345,0.002,4040,0.0000,0.0000,0.1469,0,2,0.117
62.800,0,1,2,-1.2333,0.6167,-1.1585,0.7438,1.5843,0.0000,0.0000,0.0000,-1.1733,0.8405,0.1331,0.014,4044,0.0000,0.0000,0.1475,0,2,0.117
62.901,0,1,2,-1.2333,0.6167,-1.1579,0.7424,1.6002,0.0000,0.0000,0.0000,-1.2162,0.8056,0.2658,0.003,4050,0.0000,0.0000,0.1466,0,2,0.117
63.000,0,1,2,-1.2333,0.6167,-1.1584,0.7437,1.5890,0.0000,0.0000,0.0000,-1.2161,0.8056,0.2643,0.011,4055,0.0000,0.0000,0.1475,0,2,0.117
63.100,0,1,2,-1.2333,0.6167,-1.1583,0.7432,1.6086,0.0000,0.0000,0.0000,-1.2162,0.8056,0.2657,0.008,4061,0.0000,0.0000,0.1471,0,2,0.117
63.200,0,1,2,-1.2333,0.6167,-1.1573,0.7421,1.6328,0.0000,0.0000,0.0000,-1.1043,0.6615,4.3573,0.016,4068,0.0000,0.0000,0.1466,0,2,0.117
63.301,0,1,2,-1.2333,0.6167,-1.1577,0.7424,1.6325,0.0000,0.0000,0.0000,-1.2162,0.8055,0.2670,0.013,4073,0.0000,0.0000,0.1467,0,2,0.117
63.400,0,1,2,-1.2333,0.6167,-1.1568,0.7414,1.6540,0.0000,0.0000,0.0000,-1.1043,0.6615,4.3573,0.023,4080,0.0000,0.0000,0.1463,0,2,0.117
63.500,0,1,2,-1.2333,0.6167,-1.1573,0.7418,1.6504,0.0000,0.0000,0.0000,-1.1184,0.6357,2.5312,0.004,4086,0.0000,0.0000,0.1464,0,2,0.117
63.600,0,1,2,-1.2333,0.6167,-1.1569,0.7415,1.6520,0.0000,0.0000,0.0000,-1.1042,0.6615,4.3566,0.024,4091,0.0000,0.0000,0.1464,0,2,0.117
63.699,0,1,2,-1.2333,0.6167,-1.1569,0.7409,1.6525,0.0000,0.0000,0.0000,-1.1184,0.6357,2.5312,0.008,4097,0.0000,0.0000,0.1458,0,2,0.117
63.800,0,1,2,-1.2333,0.6167,-1.1565,0.7408,1.6690,0.0000,0.0000,0.0000,-1.1043,0.6615,4.3574,0.023,4103,0.0000,0.0000,0.1460,0,2,0.117
63.898,0,1,2,-1.2333,0.6167,-1.1574,0.7420,1.6466,0.0000,0.0000,0.0000,-1.1184,0.6357,2.5312,0.005,4108,0.0000,0.0000,0.1466,0,2,0.117
64.000,0,1,2,-1.2333,0.6167,-1.1570,0.7417,1.6477,0.0000,0.0000,0.0000,-1.1735,0.8404,0.1358,0.033,4113,0.0000,0.0000,0.1465,0,2,0.117
64.101,0,1,2,-1.2333,0.6167,-1.1579,0.7429,1.6254,0.0000,0.0000,0.0000,-1.1184,0.6357,2.5317,0.003,4118,0.0000,0.0000,0.1470,0,2,0.117
64.200,0,1,2,-1.2333,0.6167,-1.1576,0.7426,1.6287,0.0000,0.0000,0.0000,-1.1735,0.8404,0.1368,0.014,4123,0.0000,0.0000,0.1470,0,2,0.117
64.298,0,1,2,-1.2333,0.6167,-1.1574,0.7423,1.6364,0.0000,0.0000,0.0000,-1.1043,0.6615,4.3578,0.031,4127,0.0000,0.0000,0.1468,0,2,0.117
64.399,0,1,2,-1.2333,0.6167,-1.1574,0.7416,1.6401,0.0000,0.0000,0.0000,-1.1736,0.8404,0.1422,0.004,4134,0.0000,0.0000,0.1462,0,2,0.117
64.498,0,1,2,-1.2333,0.6167,-1.1585,0.7437,1.6079,0.0000,0.0000,0.0000,-1.1735,0.8404,0.1378,0.003,4140,0.0000,0.0000,0.1475,0,2,0.117
64.600,0,1,2,-1.2333,0.6167,-1.1580,0.7433,1.6139,0.0000,0.0000,0.0000,-1.1042,0.6615,4.3558,0.017,4144,0.0000,0.0000,0.1473,0,2,0.117
64.698,0,1,2,-1.2333,0.6167,-1.1589,0.7444,1.5907,0.0000,0.0000,0.0000,-1.1184,0.6357,2.5310,0.004,4149,0.0000,0.0000,0.1478,0,2,0.117
64.800,0,1,2,-1.2333,0.6167,-1.1579,0.7432,1.6155,0.0000,0.0000,0.0000,-1.1043,0.6615,4.3572,0.021,4155,0.0000,0.0000,0.1473,0,2,0.117
64.901,0,1,2,-1.2333,0.6167,-1.1579,0.7425,1.6235,0.0000,0.0000,0.0000,-1.1184,0.6357,2.5310,0.012,4161,0.0000,0.0000,0.1467,0,2,0.117
64.999,0,1,2,-1.2333,0.6167,-1.1574,0.7423,1.6412,0.0000,0.0000,0.0000,-1.1043,0.6615,4.3580,0.018,4167,0.0000,0.0000,0.1469,0,2,0.117
65.099,0,1,2,-1.2333,0.6167,-1.1578,0.7427,1.6388,0.0000,0.0000,0.0000,-1.1184,0.6357,2.5310,0.003,4173,0.0000,0.0000,0.1470,0,2,0.117
65.200,0,1,2,-1.2333,0.6167,-1.1569,0.7416,1.6597,0.0000,0.0000,0.0000,-1.1043,0.6615,4.3572,0.023,4179,0.0000,0.0000,0.1465,0,2,0.117
65.298,0,1,2,-1.2333,0.6167,-1.1569,0.7410,1.6630,0.0000,0.0000,0.0000,-1.1184,0.6357,2.5309,0.010,4185,0.0000,0.0000,0.1459,0,2,0.117
65.400,0,1,2,-1.2333,0.6167,-1.1569,0.7417,1.6598,0.0000,0.0000,0.0000,-1.1042,0.6615,4.3553,0.020,4190,0.0000,0.0000,0.1465,0,2,0.117
65.499,0,1,2,-1.2333,0.6167,-1.1573,0.7421,1.6551,0.0000,0.0000,0.0000,-1.2161,0.8055,0.2687,0.014,4195,0.0000,0.0000,0.1466,0,2,0.117
65.600,0,1,2,-1.2333,0.6167,-1.1575,0.7425,1.6392,0.0000,0.0000,0.0000,-1.1734,0.8404,0.1364,0.016,4200,0.0000,0.0000,0.1470,0,2,0.117
65.700,0,1,2,-1.2333,0.6167,-1.1574,0.7420,1.6318,0.0000,0.0000,0.0000,-1.1184,0.6357,2.5302,0.009,4204,0.0000,0.0000,0.1466,0,2,0.117
65.801,0,1,2,-1.2333,0.6167,-1.1580,0.7433,1.6182,0.0000,0.0000,0.0000,-1.1734,0.8404,0.1361,0.023,4210,0.0000,0.0000,0.1474,0,2,0.117
65.902,0,1,2,-1.2333,0.6167,-1.1578,0.7429,1.6342,0.0000,0.0000,0.0000,-1.1734,0.8404,0.1380,0.003,4217,0.0000,0.0000,0.1471,0,2,0.117
66.000,0,1,2,-1.2333,0.6167,-1.1574,0.7425,1.6353,0.0000,0.0000,0.0000,-1.1042,0.6615,4.3567,0.019,4222,0.0000,0.0000,0.1469,0,2,0.117
66.098,0,1,2,-1.2333,0.6167,-1.1574,0.7418,1.6403,0.0000,0.0000,0.0000,-1.1734,0.8404,0.1374,0.003,4229,0.0000,0.0000,0.1464,0,2,0.117
66.199,0,1,2,-1.2333,0.6167,-1.1569,0.7417,1.6569,0.0000,0.0000,0.0000,-1.1042,0.6615,4.3567,0.023,4234,0.0000,0.0000,0.1466,0,2,0.117
66.299,0,1,2,-1.2333,0.6167,-1.1575,0.7418,1.6396,0.0000,0.0000,0.0000,-1.1734,0.8404,0.1352,0.003,4240,0.0000,0.0000,0.1464,0,2,0.117
66.400,0,1,2,-1.2333,0.6167,-1.1574,0.7425,1.6351,0.0000,0.0000,0.0000,-1.1043,0.6615,4.3570,0.023,4244,0.0000,0.0000,0.1470,0,2,0.117
66.499,0,1,2,-1.2333,0.6167,-1.1578,0.7429,1.6313,0.0000,0.0000,0.0000,-1.2162,0.8054,0.2700,0.015,4249,0.0000,0.0000,0.1471,0,2,0.117
66.601,0,1,2,-1.2333,0.6167,-1.1569,0.7417,1.6525,0.0000,0.0000,0.0000,-1.1043,0.6615,4.3574,0.018,4256,0.0000,0.0000,0.1466,0,2,0.117
66.698,0,1,2,-1.2333,0.6167,-1.1579,0.7429,1.6278,0.0000,0.0000,0.0000,-1.1184,0.6357,2.5295,0.004,4261,0.0000,0.0000,0.1471,0,2,0.117
66.800,0,1,2,-1.2333,0.6167,-1.1574,0.7425,1.6325,0.0000,0.0000,0.0000,-1.1043,0.6614,4.3580,0.022,4266,0.0000,0.0000,0.1470,0,2,0.117
66.900,0,1,2,-1.2333,0.6167,-1.1569,0.7412,1.6438,0.0000,0.0000,0.0000,-1.1184,0.6357,2.5293,0.016,4271,0.0000,0.0000,0.1462,0,2,0.117
67.002,0,1,2,-1.2333,0.6167,-1.1580,0.7434,1.6080,0.0000,0.0000,0.0000,-1.1734,0.8403,0.1400,0.012,4276,0.0000,0.0000,0.1474,0,2,0.117
67.100,0,1,2,-1.2333,0.6167,-1.1578,0.7431,1.6169,0.0000,0.0000,0.0000,-1.2162,0.8054,0.2699,0.036,4280,0.0000,0.0000,0.1473,0,2,0.117
67.200,0,1,2,-1.2333,0.6167,-1.1574,0.7425,1.6331,0.0000,0.0000,0.0000,-1.1043,0.6615,4.3570,0.012,4288,0.0000,0.0000,0.1470,0,2,0.117
67.298,0,1,2,-1.2333,0.6167,-1.1583,0.7436,1.6101,0.0000,0.0000,0.0000,-1.1184,0.6357,2.5294,0.003,4293,0.0000,0.0000,0.1474,0,2,0.117
67.399,0,1,2,-1.2333,0.6167,-1.1574,0.7424,1.6333,0.0000,0.0000,0.0000,-1.1043,0.6615,4.3575,0.021,4299,0.0000,0.0000,0.1469,0,2,0.117
67.500,0,1,2,-1.2333,0.6167,-1.1576,0.7427,1.6261,0.0000,0.0000,0.0000,-1.1735,0.8403,0.1390,0.005,4306,0.0000,0.0000,0.1471,0,2,0.117
67.600,0,1,2,-1.2333,0.6167,-1.1569,0.7417,1.6518,0.0000,0.0000,0.0000,-1.1043,0.6615,4.3577,0.023,4311,0.0000,0.0000,0.1465,0,2,0.117
67.699,0,1,2,-1.2333,0.6167,-1.1578,0.7428,1.6286,0.0000,0.0000,0.0000,-1.1184,0.6357,2.5291,0.010,4316,0.0000,0.0000,0.1470,0,2,0.117
67.800,0,1,2,-1.2333,0.6167,-1.1574,0.7425,1.6353,0.0000,0.0000,0.0000,-1.1043,0.6615,4.3577,0.023,4321,0.0000,0.0000,0.1469,0,2,0.117
67.899,0,1,2,-1.2333,0.6167,-1.1578,0.7428,1.6312,0.0000,0.0000,0.0000,-1.1184,0.6357,2.5284,0.005,4327,0.0000,0.0000,0.1470,0,2,0.117
68.000,0,1,2,-1.2333,0.6167,-1.1574,0.7425,1.6350,0.0000,0.0000,0.0000,-1.1043,0.6615,4.3566,0.017,4332,0.0000,0.0000,0.1469,0,2,0.117
68.101,0,1,2,-1.2333,0.6167,-1.1579,0.7425,1.6202,0.0000,0.0000,0.0000,-1.1184,0.6357,2.5284,0.010,4337,0.0000,0.0000,0.1467,0,2,0.117
68.200,0,1,2,-1.2333,0.6167,-1.1574,0.7424,1.6389,0.0000,0.0000,0.0000,-1.1043,0.6614,4.3582,0.023,4343,0.0000,0.0000,0.1469,0,2,0.117
68.299,0,1,2,-1.2333,0.6167,-1.1572,0.7422,1.6462,0.0000,0.0000,0.0000,-1.1184,0.6357,2.5284,0.012,4348,0.0000,0.0000,0.1468,0,2,0.117
68.398,0,1,2,-1.2333,0.6167,-1.1578,0.7423,1.6312,0.0000,0.0000,0.0000,-1.1735,0.8402,0.1405,0.010,4353,0.0000,0.0000,0.1466,0,2,0.117
68.500,0,1,2,-1.2333,0.6167,-1.1577,0.7430,1.6290,0.0000,0.0000,0.0000,-1.1184,0.6357,2.5284,0.003,4358,0.0000,0.0000,0.1472,0,2,0.117
68.600,0,1,2,-1.2333,0.6167,-1.1579,0.7432,1.6227,0.0000,0.0000,0.0000,-1.1735,0.8403,0.1380,0.025,4364,0.0000,0.0000,0.1473,0,2,0.117
68.699,0,1,2,-1.2333,0.6167,-1.1583,0.7435,1.6205,0.0000,0.0000,0.0000,-1.1184,0.6357,2.5288,0.003,4370,0.0000,0.0000,0.1474,0,2,0.117
68.800,0,1,2,-1.2333,0.6167,-1.1578,0.7431,1.6242,0.0000,0.0000,0.0000,-1.1735,0.8402,0.1397,0.036,4375,0.0000,0.0000,0.1473,0,2,0.117
68.900,0,1,2,-1.2333,0.6167,-1.1582,0.7434,1.6226,0.0000,0.0000,0.0000,-1.1184,0.6357,2.5288,0.005,4381,0.0000,0.0000,0.1474,0,2,0.117
69.000,0,1,2,-1.2333,0.6167,-1.1573,0.7423,1.6457,0.0000,0.0000,0.0000,-1.1043,0.6615,4.3555,0.018,4387,0.0000,0.0000,0.1468,0,2,0.117
69.101,0,1,2,-1.2333,0.6167,-1.1578,0.7424,1.6283,0.0000,0.0000,0.0000,-1.1184,0.6357,2.5288,0.009,4392,0.0000,0.0000,0.1466,0,2,0.117
69.200,0,1,2,-1.2333,0.6167,-1.1573,0.7423,1.6448,0.0000,0.0000,0.0000,-1.1043,0.6615,4.3572,0.023,4398,0.0000,0.0000,0.1468,0,2,0.117
69.299,0,1,2,-1.2333,0.6167,-1.1577,0.7426,1.6392,0.0000,0.0000,0.0000,-1.2161,0.8054,0.2677,0.015,4403,0.0000,0.0000,0.1469,0,2,0.117
69.400,0,1,2,-1.2333,0.6167,-1.1568,0.7415,1.6627,0.0000,0.0000,0.0000,-1.1043,0.6615,4.3566,0.023,4410,0.0000,0.0000,0.1465,0,2,0.117
69.501,0,1,2,-1.2333,0.6167,-1.1573,0.7417,1.6454,0.0000,0.0000,0.0000,-1.1184,0.6357,2.5285,0.009,4415,0.0000,0.0000,0.1463,0,2,0.117
69.600,0,1,2,-1.2333,0.6167,-1.1573,0.7424,1.6421,0.0000,0.0000,0.0000,-1.1735,0.8402,0.1405,0.010,4420,0.0000,0.0000,0.1469,0,2,0.117
69.700,0,1,2,-1.2333,0.6167,-1.1568,0.7411,1.6557,0.0000,0.0000,0.0000,-1.1184,0.6357,2.5285,0.012,4425,0.0000,0.0000,0.1461,0,2,0.117
69.800,0,1,2,-1.2333,0.6167,-1.1579,0.7432,1.6210,0.0000,0.0000,0.0000,-1.1735,0.8402,0.1420,0.010,4430,0.0000,0.0000,0.1473,0,2,0.117
69.901,0,1,2,-1.2333,0.6167,-1.1577,0.7429,1.6297,0.0000,0.0000,0.0000,-1.2162,0.8054,0.2710,0.007,4435,0.0000,0.0000,0.1472,0,2,0.117
70.000,0,1,2,-1.2333,0.6167,-1.1573,0.7423,1.6439,0.0000,0.0000,0.0000,-1.1043,0.6615,4.3554,0.014,4442,0.0000,0.0000,0.1469,0,2,0.117
70.098,0,1,2,-1.2333,0.6167,-1.1577,0.7427,1.6397,0.0000,0.0000,0.0000,-1.1184,0.6357,2.5285,0.005,4448,0.0000,0.0000,0.1470,0,2,0.117
70.199,0,1,2,-1.2333,0.6167,-1.1573,0.7423,1.6415,0.0000,0.0000,0.0000,-1.1043,0.6614,4.3580,0.023,4453,0.0000,0.0000,0.1469,0,2,0.117
70.300,0,1,2,-1.2333,0.6167,-1.1579,0.7418,1.6344,0.0000,0.0000,0.0000,-1.1734,0.8402,0.1399,0.002,4459,0.0000,0.0000,0.1461,0,2,0.117
70.401,0,1,2,-1.2333,0.6167,-1.1574,0.7418,1.6518,0.0000,0.0000,0.0000,-1.1043,0.6615,4.3571,0.021,4464,0.0000,0.0000,0.1463,0,2,0.117
70.498,0,1,2,-1.2333,0.6167,-1.1578,0.7422,1.6463,0.0000,0.0000,0.0000,-1.1184,0.6357,2.5285,0.005,4470,0.0000,0.0000,0.1465,0,2,0.117
70.599,0,1,2,-1.2333,0.6167,-1.1569,0.7412,1.6692,0.0000,0.0000,0.0000,-1.1043,0.6615,4.3564,0.023,4476,0.0000,0.0000,0.1461,0,2,0.117
70.698,0,1,2,-1.2333,0.6167,-1.1573,0.7417,1.6642,0.0000,0.0000,0.0000,-1.1184,0.6357,2.5285,0.006,4482,0.0000,0.0000,0.1463,0,2,0.117
70.800,0,1,2,-1.2333,0.6167,-1.1574,0.7422,1.6457,0.0000,0.0000,0.0000,-1.1734,0.8402,0.1417,0.031,4486,0.0000,0.0000,0.1467,0,2,0.117
70.901,0,1,2,-1.2333,0.6167,-1.1578,0.7426,1.6408,0.0000,0.0000,0.0000,-1.1184,0.6357,2.5285,0.011,4492,0.0000,0.0000,0.1469,0,2,0.117
71.001,0,1,2,-1.2333,0.6167,-1.1579,0.7431,1.6222,0.0000,0.0000,0.0000,-1.1734,0.8402,0.1419,0.014,4496,0.0000,0.0000,0.1472,0,2,0.117
71.101,0,1,2,-1.2333,0.6167,-1.1577,0.7429,1.6288,0.0000,0.0000,0.0000,-1.2154,0.8090,0.2046,0.054,4500,0.0000,0.0000,0.1471,0,2,0.117
71.201,0,1,2,-1.2333,0.6167,-1.1577,0.7422,1.6315,0.0000,0.0000,0.0000,-1.1733,0.8401,0.1429,0.002,4508,0.0000,0.0000,0.1466,0,2,0.117
71.298,0,1,2,-1.2333,0.6167,-1.1582,0.7436,1.6177,0.0000,0.0000,0.0000,-1.1184,0.6357,2.5285,0.003,4513,0.0000,0.0000,0.1475,0,2,0.117
71.400,0,1,2,-1.2333,0.6167,-1.1578,0.7432,1.6206,0.0000,0.0000,0.0000,-1.1043,0.6615,4.3560,0.018,4518,0.0000,0.0000,0.1474,0,2,0.117
71.498,0,1,2,-1.2333,0.6167,-1.1582,0.7436,1.6159,0.0000,0.0000,0.0000,-1.2156,0.8089,0.2090,0.017,4523,0.0000,0.0000,0.1475,0,2,0.117
71.600,0,1,2,-1.2333,0.6167,-1.1577,0.7432,1.6190,0.0000,0.0000,0.0000,-1.1733,0.8401,0.1400,0.032,4529,0.0000,0.0000,0.1474,0,2,0.117
71.698,0,1,2,-1.2333,0.6167,-1.1577,0.7426,1.6242,0.0000,0.0000,0.0000,-1.1184,0.6357,2.5285,0.015,4535,0.0000,0.0000,0.1469,0,2,0.117
71.800,0,1,2,-1.2333,0.6167,-1.1582,0.7440,1.5987,0.0000,0.0000,0.0000,-1.1733,0.8401,0.1402,0.031,4539,0.0000,0.0000,0.1479,0,2,0.117
71.902,0,2,0,-1.2333,0.6167,-1.1586,0.7444,1.5956,0.0000,0.0000,0.0000,-1.1184,0.6357,2.5285,0.013,4545,0.0000,0.0000,0.1480,0,2,0.117
72.000,0,2,0,-1.2333,0.6167,-1.1595,0.7426,1.5487,0.0000,0.0000,0.0000,-1.1733,0.8401,0.1419,0.029,4550,-0.0484,-0.0460,0.1459,0,2,0.117
72.100,0,2,0,-1.2333,0.6167,-1.1637,0.7391,1.1411,0.0000,0.0000,0.0000,-1.1193,0.6353,2.3732,0.010,4556,-0.0472,-0.0466,0.1408,0,2,0.117
72.200,0,2,0,-1.2333,0.6167,-1.1660,0.7379,0.4804,0.0000,0.0000,0.0000,-1.1114,0.6517,3.3751,0.023,4562,-0.0463,-0.0471,0.1387,0,2,0.117
72.300,0,2,0,-1.2333,0.6167,-1.1696,0.7313,0.1826,0.0000,0.0000,0.0000,-1.1340,0.6259,1.4481,0.016,4567,-0.0464,-0.1301,0.1311,0,2,0.117
72.399,0,2,0,-1.2333,0.6167,-1.1747,0.7202,0.9852,0.0000,0.0000,0.0000,-1.1136,0.6413,3.1243,0.006,4574,-0.0449,-0.1235,0.1190,0,2,0.117
72.500,0,2,0,-1.2333,0.6167,-1.1781,0.7081,1.2038,0.0000,0.0000,0.0000,-1.1261,0.6090,2.6948,0.010,4579,-0.0424,-0.1097,0.1068,0,2,0.117
72.602,0,2,0,-1.2333,0.6167,-1.1850,0.6977,0.5364,0.0000,0.0000,0.0000,-1.1876,0.8017,0.0999,0.023,4585,-0.0370,-0.0970,0.0943,0,2,0.117
72.701,0,2,0,-1.2333,0.6167,-1.1910,0.6907,0.1099,0.0000,0.0000,0.0000,-1.4143,0.8165,-2.9288,0.024,4591,-0.0432,-0.0339,0.0852,0,2,0.117
72.800,0,2,0,-1.2333,0.6167,-1.1956,0.6845,-0.1911,0.0000,0.0000,0.0000,-1.1442,0.5963,2.6541,0.024,4598,-0.0387,-0.0312,0.0776,0,2,0.117
72.902,0,2,1,-1.2333,0.0000,-1.2028,0.6816,-0.5511,0.0000,0.0000,0.0000,-1.1413,0.5743,0.8532,0.015,4604,-0.0179,-0.0616,0.6823,0,2,0.117
73.000,0,2,1,-1.2333,0.0000,-1.2060,0.6767,-0.9425,0.0000,0.0000,0.0000,-1.1575,0.5865,1.8523,0.021,4610,-0.0174,-0.0616,0.6772,0,2,0.117
73.102,0,2,1,-1.2333,0.0000,-1.2089,0.6704,-0.9727,0.0000,0.0000,0.0000,-1.1911,0.7465,-1.4323,0.003,4616,-0.0170,-0.0617,0.6709,0,2,0.117
73.198,0,2,1,-1.2333,0.0000,-1.2002,0.6619,-1.1098,0.0000,0.0000,0.0000,-1.1606,0.5748,1.4673,0.022,4620,-0.0184,-0.0616,0.6628,0,2,0.117
73.300,0,2,1,-1.2333,0.0000,-1.2001,0.6545,-1.2284,0.0000,0.0000,0.0000,-1.1943,0.7306,-1.5932,0.003,4627,-0.0026,-0.1400,0.6553,0,2,0.120
73.400,0,2,1,-1.2333,0.0000,-1.1988,0.6404,-1.3470,0.0000,0.0000,0.0000,-1.1661,0.5642,1.2864,0.025,4632,-0.0029,-0.1330,0.6414,0,2,0.134
73.499,0,2,1,-1.2333,0.0000,-1.1967,0.6257,-1.5092,0.0000,0.0000,0.0000,-1.1555,0.5850,0.7155,0.006,4639,-0.0033,-0.1319,0.6268,0,2,0.136
73.600,0,2,1,-1.2333,0.0000,-1.1951,0.6086,-1.5663,0.0000,0.0000,0.0000,-1.1727,0.5378,0.6900,0.024,4644,-0.0331,-0.0706,0.6098,0,2,0.117
73.698,0,2,1,-1.2333,0.0000,-1.1953,0.5980,-1.3347,0.0000,0.0000,0.0000,-1.1385,0.5147,-0.7040,0.016,4649,-0.0332,-0.0706,0.5992,0,2,0.117
73.801,0,2,1,-1.2333,0.0000,-1.1873,0.5848,-1.4247,0.0000,0.0000,0.0000,-1.1521,0.4580,2.4566,0.014,4655,-0.0347,-0.0705,0.5866,0,2,0.117
73.898,0,2,1,-1.2333,0.0000,-1.1801,0.5739,-1.5088,0.0000,0.0000,0.0000,-1.1836,0.5142,0.5329,0.036,4660,-0.0361,-0.0704,0.5764,0,2,0.117
73.999,0,2,1,-1.2333,0.0000,-1.1640,0.5593,-1.7813,0.0000,0.0000,0.0000,-1.1902,0.5040,0.4343,0.005,4668,-0.0112,-0.0981,0.5636,0,2,0.196
74.103,0,2,1,-1.2333,0.0000,-1.1462,0.5423,-1.7271,0.0000,0.0000,0.0000,-0.0035,0.1418,-30.7285,0.012,4674,-0.0134,-0.1171,0.5492,0,2,0.164
74.200,0,2,1,-1.2333,0.0000,-1.1382,0.5260,-1.7961,0.0000,0.0000,0.0000,-1.2029,0.4901,0.5834,0.024,4679,-0.0153,-0.1153,0.5345,0,2,0.167
74.299,0,2,1,-1.2333,0.0000,-1.1194,0.5092,-1.8580,0.0000,0.0000,0.0000,0.0850,0.0774,-33.1912,0.016,4685,-0.0577,-0.0822,0.5218,0,2,0.117
74.400,0,2,1,-1.2333,0.0000,-1.1286,0.4987,-2.1178,0.0000,0.0000,0.0000,-1.2144,0.4664,0.2830,0.023,4690,-0.0564,-0.0825,0.5096,0,2,0.117
74.502,0,2,1,-1.2333,0.0000,-1.1357,0.4891,-1.8279,0.0000,0.0000,0.0000,-1.1999,0.3670,2.4192,0.002,4693,-0.0555,-0.0826,0.4987,0,2,0.117
74.598,0,2,1,-1.2333,0.0000,-1.1429,0.4789,-1.7158,0.0000,0.0000,0.0000,-1.2039,0.3617,2.6718,0.032,4695,-0.0161,-0.0987,0.4874,0,2,0.236
74.698,0,2,1,-1.2333,0.0000,-1.1472,0.4680,-1.5248,0.0000,0.0000,0.0000,-1.2328,0.4436,0.4350,0.052,4697,-0.0156,-0.0988,0.4758,0,2,0.246
74.798,0,2,1,-1.2333,0.0000,-1.1531,0.4551,-1.5985,0.0000,0.0000,0.0000,-1.2405,0.4309,0.4899,0.022,4701,-0.0534,-0.0989,0.4621,0,2,0.123
74.901,0,2,1,-1.2333,0.0000,-1.1620,0.4422,-1.3785,0.0000,0.0000,0.0000,-1.2199,0.3772,0.5086,0.026,4705,-0.0549,-0.0991,0.4479,0,2,0.117
75.001,0,2,1,-1.2333,0.0000,-1.1692,0.4293,-1.2551,0.0000,0.0000,0.0000,-1.2177,0.3133,3.0820,0.032,4708,-0.0538,-0.0992,0.4341,0,2,0.117
75.098,0,2,1,-1.2333,0.0000,-1.1767,0.4178,-1.2236,0.0000,0.0000,0.0000,-1.2193,0.3812,0.0666,0.014,4712,-0.0390,-0.0994,0.4216,0,2,0.144
75.199,0,2,1,-1.2333,0.0000,-1.1835,0.4061,-1.1133,0.0000,0.0000,0.0000,-1.2686,0.3915,0.3946,0.013,4716,-0.0167,-0.0995,0.4091,0,2,0.186
75.300,0,2,1,-1.2333,0.0000,-1.1872,0.3937,-1.0621,0.0000,0.0000,0.0000,-1.2713,0.3841,0.6088,0.030,4720,-0.0034,-0.0857,0.3964,0,2,0.170
75.400,0,2,1,-1.2333,0.0000,-1.1910,0.3829,-1.1280,0.0000,0.0000,0.0000,-1.2774,0.3718,0.4198,0.014,4726,-0.0085,-0.0996,0.3852,0,2,0.216
75.500,0,2,1,-1.2333,0.0000,-1.1943,0.3732,-1.2806,0.0000,0.0000,0.0000,-1.2182,0.3923,-1.1608,0.022,4730,-0.0421,-0.1138,0.3752,0,2,0.126
75.601,0,2,1,-1.2333,0.0000,-1.2003,0.3597,-1.0771,0.0000,0.0000,0.0000,-1.2371,0.3209,1.4787,0.040,4734,-0.0404,-0.1137,0.3612,0,2,0.127
75.702,0,2,1,-1.2333,0.0000,-1.2060,0.3488,-1.3616,0.0000,0.0000,0.0000,-1.2414,0.2997,1.6813,0.002,4739,-0.0271,-0.1088,0.3499,0,2,0.153
75.800,0,2,1,-1.2333,0.0000,-1.2112,0.3375,-1.3957,0.0000,0.0000,0.0000,-1.2888,0.3292,-0.2299,0.024,4743,0.0069,-0.0736,0.3382,0,2,0.143
75.899,0,2,1,-1.2333,0.0000,-1.2135,0.3338,-1.3523,0.0000,0.0000,0.0000,-1.2125,0.9078,-9.5225,0.002,4748,0.0124,-0.0616,0.3344,0,2,0.117
76.000,0,2,1,-1.2333,0.0000,-1.2159,0.3351,-1.5317,0.0000,0.0000,0.0000,-1.2947,0.3077,-0.2881,0.023,4752,0.0132,-0.0616,0.3355,0,2,0.117
76.098,0,2,1,-1.2333,0.0000,-1.2184,0.3248,-1.4853,0.0000,0.0000,0.0000,-1.3144,0.0739,3.3147,0.021,4756,0.0138,-0.0616,0.3252,0,2,0.117
76.200,0,2,1,-1.2333,0.0000,-1.2193,0.3182,-1.4200,0.0000,0.0000,0.0000,-1.2715,0.4573,-1.9381,0.036,4759,0.0140,-0.0616,0.3185,0,2,0.117
76.300,0,2,1,-1.2333,0.0000,-1.2216,0.3086,-1.4518,0.0000,0.0000,0.0000,-1.2687,0.4596,-2.2885,0.003,4764,0.0146,-0.0617,0.3088,0,2,0.117
76.399,0,2,1,-1.2333,0.0000,-1.2226,0.3013,-1.4756,0.0000,0.0000,0.0000,-1.2691,0.4583,-2.2040,0.010,4767,0.0148,-0.0617,0.3015,0,2,0.117
76.500,0,2,1,-1.2333,0.0000,-1.2241,0.2960,-1.3031,0.0000,0.0000,0.0000,-1.3133,0.0777,2.8822,0.003,4771,0.0153,-0.0617,0.2961,0,2,0.117
76.599,0,2,1,-1.2333,0.0000,-1.2258,0.2874,-1.3130,0.0000,0.0000,0.0000,-1.2143,0.8463,-9.4432,0.011,4775,0.0158,-0.0617,0.2875,0,2,0.117
76.699,0,2,1,-1.2333,0.0000,-1.2276,0.2881,-1.4242,0.0000,0.0000,0.0000,-1.3117,0.0810,2.5478,0.013,4780,-0.0090,-0.1095,0.2881,0,2,0.173
76.800,0,2,1,-1.2333,0.0000,-1.2294,0.2810,-1.7308,0.0000,0.0000,0.0000,-1.2369,0.1997,1.7454,0.036,4784,-0.0049,-0.1060,0.2810,0,2,0.183
76.901,0,2,1,-1.2333,0.0000,-1.2308,0.2675,-1.6439,0.0000,0.0000,0.0000,-1.2362,0.1924,1.5486,0.065,4786,-0.0052,-0.1067,0.2676,0,2,0.181
77.001,0,2,1,-1.2333,0.0000,-1.2313,0.2560,-1.4348,0.0000,0.0000,0.0000,-1.2378,0.1771,1.5381,0.036,4789,0.0310,-0.0706,0.2560,0,2,0.117
77.099,0,2,1,-1.2333,0.0000,-1.2289,0.2485,-1.6930,0.0000,0.0000,0.0000,-1.2366,0.1589,1.7201,0.003,4791,0.0301,-0.0707,0.2485,0,2,0.117
77.198,0,2,1,-1.2333,0.0000,-1.2277,0.2387,-1.7809,0.0000,0.0000,0.0000,-1.2880,0.2203,-0.9868,0.022,4794,0.0295,-0.0707,0.2387,0,2,0.117
77.300,0,2,1,-1.2333,0.0000,-1.2255,0.2295,-1.3992,0.0000,0.0000,0.0000,-1.2858,0.2155,-1.2427,0.054,4796,0.0284,-0.0707,0.2296,0,2,0.117
77.400,0,2,1,-1.2333,0.0000,-1.2237,0.2207,-1.4584,0.0000,0.0000,0.0000,-1.2304,0.1700,1.2057,0.030,4799,0.0275,-0.0706,0.2210,0,2,0.117
77.499,0,2,1,-1.2333,0.0000,-1.2223,0.2125,-1.5444,0.0000,0.0000,0.0000,-1.2917,0.1034,0.2597,0.020,4801,0.0267,-0.0706,0.2128,0,2,0.117
77.600,0,2,1,-1.2333,0.0000,-1.2236,0.2012,-1.4402,0.0000,0.0000,0.0000,-1.2810,0.1909,-1.1287,0.024,4806,-0.0338,-0.1000,0.2014,0,2,0.137
77.701,0,2,1,-1.2333,0.0000,-1.2285,0.1887,-1.4841,0.0000,0.0000,0.0000,-1.2905,0.1070,-0.1398,0.023,4809,-0.0366,-0.1000,0.1888,0,2,0.127
77.798,0,2,1,-1.2333,0.0000,-1.2320,0.1781,-1.4232,0.0000,0.0000,0.0000,-1.2837,0.1097,-0.4381,0.011,4812,-0.0237,-0.1000,0.1781,0,2,0.149
77.899,0,2,1,-1.2333,0.0000,-1.2369,0.1656,-1.5194,0.0000,0.0000,0.0000,-1.2828,0.1153,-1.0353,0.014,4817,-0.0193,-0.0999,0.1656,0,2,0.152
78.001,0,2,1,-1.2333,0.0000,-1.2397,0.1534,-1.5285,0.0000,0.0000,0.0000,-1.2827,0.1155,-1.0496,0.044,4819,0.0186,-0.0948,0.1535,0,2,0.174
78.098,0,2,1,-1.2333,0.0000,-1.2405,0.1415,-1.5096,0.0000,0.0000,0.0000,-1.2828,0.1181,-1.4204,0.007,4825,0.0459,-0.0838,0.1417,0,2,0.117
78.200,0,2,1,-1.2333,0.0000,-1.2383,0.1292,-1.5568,0.0000,0.0000,0.0000,-1.2933,0.1303,-1.5228,0.024,4829,0.0447,-0.0839,0.1293,0,2,0.117
78.298,0,2,1,-1.2333,0.0000,-1.2393,0.1212,-1.6581,0.0000,0.0000,0.0000,-1.2821,0.1248,-2.1305,0.006,4834,0.0444,-0.0814,0.1214,0,2,0.117
78.400,0,2,1,-1.2333,0.0000,-1.2362,0.1175,-1.7411,0.0000,0.0000,0.0000,-1.2164,0.6655,-10.0916,0.036,4838,0.0407,-0.0790,0.1175,0,2,0.117
78.499,0,2,1,-1.2333,0.0000,-1.2346,0.1162,-1.7814,0.0000,0.0000,0.0000,-1.2129,0.6691,-10.4652,0.006,4843,0.0390,-0.0781,0.1162,0,2,0.117
78.600,0,2,1,-1.2333,0.0000,-1.2339,0.1182,-1.8780,0.0000,0.0000,0.0000,-1.2121,0.6697,-10.5149,0.036,4847,-0.0168,-0.1027,0.1182,0,2,0.155
78.699,0,2,1,-1.2333,0.0000,-1.2367,0.1100,-1.7998,0.0000,0.0000,0.0000,-1.2792,0.1325,-2.8827,0.013,4851,0.0098,-0.0879,0.1101,0,2,0.189
78.800,0,2,1,-1.2333,0.0000,-1.2363,0.1038,-1.8839,0.0000,0.0000,0.0000,-1.2481,0.2417,-2.8222,0.037,4855,0.0389,-0.0829,0.1038,0,2,0.117
78.899,0,2,1,-1.2333,0.0000,-1.2350,0.0974,-1.6701,0.0000,0.0000,0.0000,-1.2781,0.1346,-3.1143,0.015,4859,0.0356,-0.0778,0.0974,0,2,0.117
78.998,0,2,1,-1.2333,0.0000,-1.2338,0.0920,-1.7559,0.0000,0.0000,0.0000,-1.2722,0.0589,-1.2498,0.022,4864,0.0328,-0.0736,0.0920,0,2,0.117
79.099,0,2,1,-1.2333,0.0000,-1.2332,0.0851,-1.7604,0.0000,0.0000,0.0000,-1.2762,0.1374,-3.4175,0.014,4869,-0.0177,-0.0874,0.0851,0,2,0.120
79.199,0,2,1,-1.2333,0.0000,-1.2349,0.0799,-1.8526,0.0000,0.0000,0.0000,-1.2449,0.2437,-3.4366,0.012,4873,-0.0066,-0.0733,0.0799,0,2,0.158
79.300,0,2,1,-1.2333,0.0000,-1.2373,0.0727,-1.8034,0.0000,0.0000,0.0000,-1.2841,-0.0242,-0.4133,0.018,4877,0.0000,0.0000,0.0728,0,2,0.243
79.400,0,2,1,-1.2333,0.0000,-1.2383,0.0725,-1.6555,0.0000,0.0000,0.0000,-1.2746,0.1418,-3.9326,0.007,4882,0.0000,0.0000,0.0727,0,2,0.172
79.499,0,2,1,-1.2333,0.0000,-1.2399,0.0737,-1.7136,0.0000,0.0000,0.0000,-1.2412,0.1834,-2.5611,0.003,4887,0.0000,0.0000,0.0740,0,2,0.181
79.599,0,2,1,-1.2333,0.0000,-1.2412,0.0742,-1.7252,0.0000,0.0000,0.0000,-1.2742,0.1403,-3.8008,0.009,4892,0.0000,0.0000,0.0746,0,2,0.182
79.699,0,2,1,-1.2333,0.0000,-1.2435,0.0744,-1.7662,0.0000,0.0000,0.0000,-1.2742,0.1403,-3.8022,0.014,4898,0.0000,0.0000,0.0751,0,2,0.172
79.801,0,2,1,-1.2333,0.0000,-1.2442,0.0762,-1.7826,0.0000,0.0000,0.0000,-1.2412,0.1834,-2.5640,0.022,4902,0.0000,0.0000,0.0769,0,2,0.169
79.898,0,2,1,-1.2333,0.0000,-1.2459,0.0757,-1.8033,0.0000,0.0000,0.0000,-1.2828,-0.0336,-0.2248,0.014,4908,0.0000,0.0000,0.0768,0,2,0.162
79.998,0,2,1,-1.2333,0.0000,-1.2468,0.0769,-1.8178,0.0000,0.0000,0.0000,-1.2720,0.0235,-1.4201,0.016,4913,0.0000,0.0000,0.0781,0,2,0.175
80.099,0,2,1,-1.2333,0.0000,-1.2481,0.0771,-1.8337,0.0000,0.0000,0.0000,-1.2741,0.1404,-3.8077,0.019,4918,0.0000,0.0000,0.0785,0,2,0.171
80.200,0,2,1,-1.2333,0.0000,-1.2486,0.0788,-1.8488,0.0000,0.0000,0.0000,-1.2412,0.1834,-2.5625,0.028,4922,0.0000,0.0000,0.0803,0,2,0.166
80.304,0,2,1,-1.2333,0.0000,-1.2495,0.0782,-1.8468,0.0000,0.0000,0.0000,-1.2412,0.1834,-2.5618,0.005,4928,0.0000,0.0000,0.0799,1,3,0.184
80.400,0,2,1,-1.2333,0.0000,-1.2507,0.0794,-1.8697,0.0000,0.0000,0.0000,-1.2719,0.0235,-1.4216,0.024,4933,0.0000,0.0000,0.0813,1,3,0.161
80.502,0,2,1,-1.2333,0.0000,-1.2515,0.0788,-1.8621,0.0000,0.0000,0.0000,-1.2828,-0.0336,-0.2247,0.023,4937,0.0000,0.0000,0.0809,1,3,0.174
80.601,0,2,1,-1.2333,0.0000,-1.2521,0.0811,-1.8892,0.0000,0.0000,0.0000,-1.2412,0.1834,-2.5644,0.013,4942,0.0000,0.0000,0.0832,1,3,0.184
80.702,0,2,1,-1.2333,0.0000,-1.2527,0.0811,-1.8928,0.0000,0.0000,0.0000,-1.2741,0.1403,-3.8013,0.049,4946,0.0000,0.0000,0.0833,1,3,0.172
80.800,0,2,1,-1.2333,0.0000,-1.2539,0.0809,-1.8983,0.0000,0.0000,0.0000,-1.2718,0.0235,-1.4198,0.014,4954,0.0000,0.0000,0.0835,1,3,0.175
80.898,0,2,1,-1.2333,0.0000,-1.2546,0.0814,-1.9149,0.0000,0.0000,0.0000,-1.2828,-0.0336,-0.2241,0.012,4960,0.0000,0.0000,0.0842,1,3,0.166
81.000,0,2,1,-1.2333,0.0000,-1.2551,0.0818,-1.9119,0.0000,0.0000,0.0000,-1.2411,0.1834,-2.5638,0.037,4964,0.0000,0.0000,0.0847,1,3,0.180
81.098,0,2,1,-1.2333,0.0000,-1.2559,0.0817,-1.9181,0.0000,0.0000,0.0000,-1.2411,0.1835,-2.5670,0.003,4970,0.0000,0.0000,0.0848,1,3,0.160
81.200,0,2,1,-1.2333,0.0000,-1.2561,0.0832,-1.9283,0.0000,0.0000,0.0000,-1.2411,0.1834,-2.5652,0.035,4973,0.0000,0.0000,0.0863,1,3,0.177
81.298,0,2,1,-1.2333,0.0000,-1.2568,0.0831,-1.9356,0.0000,0.0000,0.0000,-1.2739,0.1403,-3.8078,0.014,4978,0.0000,0.0000,0.0863,1,3,0.168
81.398,0,2,1,-1.2333,0.0000,-1.2571,0.0839,-1.9419,0.0000,0.0000,0.0000,-1.2411,0.1835,-2.5672,0.027,4983,0.0000,0.0000,0.0872,1,3,0.172
81.501,0,2,1,-1.2333,0.0000,-1.2580,0.0831,-1.9435,0.0000,0.0000,0.0000,-1.2739,0.1404,-3.8113,0.016,4989,0.0000,0.0000,0.0867,1,3,0.183
81.598,0,2,1,-1.2333,0.0000,-1.2580,0.0845,-1.9511,0.0000,0.0000,0.0000,-1.2411,0.1835,-2.5672,0.036,4993,0.0000,0.0000,0.0881,1,3,0.178
81.698,0,2,1,-1.2333,0.0000,-1.2587,0.0843,-1.9545,0.0000,0.0000,0.0000,-1.2828,-0.0336,-0.2246,0.014,4998,0.0000,0.0000,0.0880,1,3,0.156
81.800,0,2,1,-1.2333,0.0000,-1.2589,0.0851,-1.9579,0.0000,0.0000,0.0000,-1.2718,0.0234,-1.4169,0.024,5003,0.0000,0.0000,0.0888,1,3,0.170
81.899,0,2,1,-1.2333,0.0000,-1.2593,0.0842,-1.9494,0.0000,0.0000,0.0000,-1.2739,0.1403,-3.8074,0.010,5008,0.0000,0.0000,0.0881,1,3,0.172
81.999,0,2,1,-1.2333,0.0000,-1.2597,0.0852,-1.9672,0.0000,0.0000,0.0000,-1.2411,0.1835,-2.5678,0.003,5012,0.0000,0.0000,0.0891,1,3,0.171
82.099,0,2,1,-1.2333,0.0000,-1.2600,0.0847,-1.9571,0.0000,0.0000,0.0000,-1.2828,-0.0336,-0.2246,0.013,5017,0.0000,0.0000,0.0888,1,3,0.167
82.198,0,2,1,-1.2333,0.0000,-1.2577,0.0909,-2.0376,0.0000,0.0000,0.0000,-1.2411,0.1835,-2.5662,0.015,5022,0.0000,0.0000,0.0941,1,3,0.169
82.299,0,2,1,-1.2333,0.0000,-1.2556,0.0959,-2.1132,0.0000,0.0000,0.0000,-1.2828,-0.0336,-0.2252,0.012,5027,0.0000,0.0000,0.0984,1,3,0.166
82.401,0,2,1,-1.2333,0.0000,-1.2550,0.0969,-2.1252,0.0000,0.0000,0.0000,-1.2411,0.1835,-2.5674,0.035,5032,0.0000,0.0000,0.0993,1,3,0.174
82.499,0,2,1,-1.2333,0.0000,-1.2534,0.1003,-2.1846,0.0000,0.0000,0.0000,-1.2828,-0.0336,-0.2251,0.013,5037,0.0000,0.0000,0.1023,1,3,0.174
82.601,0,2,1,-1.2333,0.0000,-1.2526,0.1024,-2.2104,0.0000,0.0000,0.0000,-1.2411,0.1835,-2.5665,0.036,5042,0.0000,0.0000,0.1041,1,3,0.173
82.702,0,2,1,-1.2333,0.0000,-1.2510,0.1055,-2.2637,0.0000,0.0000,0.0000,-1.1518,0.3511,-7.6912,0.017,5047,0.0000,0.0000,0.1069,1,3,0.170
82.800,0,2,1,-1.2333,0.0000,-1.2502,0.1081,-2.2924,0.0000,0.0000,0.0000,-1.2411,0.1834,-2.5663,0.037,5051,0.0000,0.0000,0.1094,1,3,0.169
82.898,0,2,1,-1.2333,0.0000,-1.2497,0.1107,-2.3378,0.0000,0.0000,0.0000,-1.1572,0.3443,-7.5102,0.013,5056,0.0000,0.0000,0.1119,1,3,0.177
82.998,0,2,1,-1.2333,0.0000,-1.2489,0.1131,-2.3622,0.0000,0.0000,0.0000,-1.2411,0.1835,-2.5686,0.032,5060,0.0000,0.0000,0.1141,1,3,0.178
83.099,0,2,1,-1.2333,0.0000,-1.2477,0.1155,-2.4082,0.0000,0.0000,0.0000,-1.1572,0.3444,-7.5128,0.013,5065,0.0000,0.0000,0.1164,1,3,0.177
83.202,0,2,1,-1.2333,0.0000,-1.2470,0.1178,-2.4300,0.0000,0.0000,0.0000,-1.2411,0.1834,-2.5663,0.002,5069,0.0000,0.0000,0.1185,1,3,0.179
83.300,0,2,1,-1.2333,0.0000,-1.2470,0.1167,-2.4251,0.0000,0.0000,0.0000,-1.1570,0.3446,-7.5212,0.003,5075,0.0000,0.0000,0.1175,1,3,0.162
83.398,0,2,1,-1.2333,0.0000,-1.2463,0.1188,-2.4454,0.0000,0.0000,0.0000,-1.1570,0.3446,-7.5212,0.006,5079,0.0000,0.0000,0.1195,1,3,0.174
83.501,0,2,1,-1.2333,0.0000,-1.2448,0.1225,-2.5053,0.0000,0.0000,0.0000,-1.1570,0.3446,-7.5212,0.007,5083,0.0000,0.0000,0.1230,1,3,0.176
83.601,0,2,1,-1.2333,0.0000,-1.2437,0.1251,-2.5457,0.0000,0.0000,0.0000,-1.2828,-0.0336,-0.2254,0.027,5088,0.0000,0.0000,0.1255,1,3,0.172
83.701,0,2,1,-1.2333,0.0000,-1.2427,0.1269,-2.5853,0.0000,0.0000,0.0000,-1.1570,0.3446,-7.5212,0.020,5093,0.0000,0.0000,0.1272,1,3,0.166
83.800,0,2,1,-1.2333,0.0000,-1.2422,0.1287,-2.6033,0.0000,0.0000,0.0000,-1.2411,0.1834,-2.5661,0.036,5097,0.0000,0.0000,0.1290,1,3,0.169
83.901,0,2,1,-1.2333,0.0000,-1.2413,0.1303,-2.6404,0.0000,0.0000,0.0000,-1.2411,0.1834,-2.5662,0.003,5103,0.0000,0.0000,0.1306,1,3,0.164
84.000,0,2,1,-1.2333,0.0000,-1.2409,0.1320,-2.6566,0.0000,0.0000,0.0000,-1.2411,0.1834,-2.5671,0.035,5106,0.0000,0.0000,0.1322,1,3,0.161
84.099,0,2,1,-1.2333,0.0000,-1.2400,0.1335,-2.6935,0.0000,0.0000,0.0000,-1.1570,0.3447,-7.5203,0.016,5111,0.0000,0.0000,0.1337,1,3,0.175
84.200,0,2,1,-1.2333,0.0000,-1.2396,0.1350,-2.7080,0.0000,0.0000,0.0000,-1.2411,0.1834,-2.5643,0.035,5115,0.0000,0.0000,0.1351,1,3,0.161
84.300,0,2,1,-1.2333,0.0000,-1.2388,0.1363,-2.7413,0.0000,0.0000,0.0000,-1.2411,0.1834,-2.5650,0.003,5121,0.0000,0.0000,0.1364,1,3,0.159
84.398,0,2,1,-1.2333,0.0000,-1.2388,0.1365,-2.7449,0.0000,0.0000,0.0000,-1.2411,0.1834,-2.5665,0.032,5125,0.0000,0.0000,0.1366,1,3,0.170
84.498,0,2,1,-1.2333,0.0000,-1.2380,0.1378,-2.7768,0.0000,0.0000,0.0000,-1.1570,0.3447,-7.5203,0.017,5130,0.0000,0.0000,0.1379,1,3,0.181
84.600,0,2,1,-1.2333,0.0000,-1.2377,0.1392,-2.7902,0.0000,0.0000,0.0000,-1.1570,0.3447,-7.5203,0.017,5134,0.0000,0.0000,0.1392,1,3,0.175
84.700,0,2,1,-1.2333,0.0000,-1.2373,0.1400,-2.8042,0.0000,0.0000,0.0000,-1.2827,-0.0336,-0.2245,0.002,5138,0.0000,0.0000,0.1401,1,3,0.179
84.799,0,2,1,-1.2333,0.0000,-1.2370,0.1399,-2.8232,0.0000,0.0000,0.0000,-1.2411,0.1834,-2.5663,0.003,5144,0.0000,0.0000,0.1399,1,3,0.166
84.900,0,2,1,-1.2333,0.0000,-1.2359,0.1432,-2.8703,0.0000,0.0000,0.0000,-1.2828,-0.0336,-0.2253,0.012,5149,0.0000,0.0000,0.1433,1,3,0.178
85.000,0,2,1,-1.2333,0.0000,-1.2362,0.1425,-2.8594,0.0000,0.0000,0.0000,-1.2411,0.1834,-2.5622,0.036,5153,0.0000,0.0000,0.1426,1,3,0.168
85.098,0,2,1,-1.2333,0.0000,-1.2359,0.1423,-2.8758,0.0000,0.0000,0.0000,-1.2828,-0.0336,-0.2256,0.015,5159,0.0000,0.0000,0.1423,1,3,0.169
85.200,0,2,1,-1.2333,0.0000,-1.2360,0.1422,-2.8744,0.0000,0.0000,0.0000,-1.2411,0.1834,-2.5672,0.035,5164,0.0000,0.0000,0.1422,1,3,0.160
85.300,0,2,1,-1.2333,0.0000,-1.2358,0.1420,-2.8886,0.0000,0.0000,0.0000,-1.2827,-0.0336,-0.2247,0.014,5170,0.0000,0.0000,0.1420,1,3,0.171
85.400,0,2,1,-1.2333,0.0000,-1.2356,0.1431,-2.8961,0.0000,0.0000,0.0000,-1.2411,0.1834,-2.5653,0.036,5174,0.0000,0.0000,0.1431,1,3,0.170
85.500,0,2,1,-1.2333,0.0000,-1.2354,0.1428,-2.9112,0.0000,0.0000,0.0000,-1.2411,0.1834,-2.5653,0.002,5181,0.0000,0.0000,0.1428,1,3,0.176
85.600,0,2,1,-1.2333,0.0000,-1.2355,0.1427,-2.9072,0.0000,0.0000,0.0000,-1.2717,0.0234,-1.4151,0.026,5185,0.0000,0.0000,0.1427,1,3,0.170
85.700,0,2,1,-1.2333,0.0000,-1.2350,0.1436,-2.9326,0.0000,0.0000,0.0000,-1.1570,0.3447,-7.5203,0.014,5190,0.0000,0.0000,0.1436,1,3,0.180
85.800,0,2,1,-1.2333,0.0000,-1.2352,0.1434,-2.9291,0.0000,0.0000,0.0000,-1.2717,0.0234,-1.4150,0.025,5195,0.0000,0.0000,0.1434,1,3,0.178
85.899,0,2,1,-1.2333,0.0000,-1.2346,0.1443,-2.9535,0.0000,0.0000,0.0000,-1.1570,0.3447,-7.5203,0.018,5200,0.0000,0.0000,0.1443,1,3,0.177
86.001,0,2,1,-1.2333,0.0000,-1.2344,0.1449,-2.9623,0.0000,0.0000,0.0000,-1.2717,0.0235,-1.4181,0.002,5205,0.0000,0.0000,0.1449,1,3,0.164
86.101,0,2,1,-1.2333,0.0000,-1.2351,0.1429,-2.9343,0.0000,0.0000,0.0000,-1.2827,-0.0336,-0.2264,0.019,5209,0.0000,0.0000,0.1429,1,3,0.171
86.201,0,2,1,-1.2333,0.0000,-1.2341,0.1460,-2.9771,0.0000,0.0000,0.0000,-1.1570,0.3447,-7.5203,0.014,5214,0.0000,0.0000,0.1460,1,3,0.166
86.300,0,2,1,-1.2333,0.0000,-1.2339,0.1466,-2.9852,0.0000,0.0000,0.0000,-1.2411,0.1834,-2.5657,0.002,5219,0.0000,0.0000,0.1466,1,3,0.168
86.400,0,2,1,-1.2333,0.0000,-1.2335,0.1476,-3.0025,0.0000,0.0000,0.0000,-1.2411,0.1834,-2.5654,0.025,5223,0.0000,0.0000,0.1476,1,3,0.171
86.500,0,2,1,-1.2333,0.0000,-1.2330,0.1483,-3.0261,0.0000,0.0000,0.0000,-1.2411,0.1834,-2.5644,0.002,5229,0.0000,0.0000,0.1483,1,3,0.148
86.600,0,2,1,-1.2333,0.0000,-1.2329,0.1492,-3.0296,0.0000,0.0000,0.0000,-1.2411,0.1834,-2.5655,0.035,5232,0.0000,0.0000,0.1492,1,3,0.170
86.701,0,2,1,-1.2333,0.0000,-1.2324,0.1498,-3.0494,0.0000,0.0000,0.0000,-1.2411,0.1834,-2.5647,0.002,5238,0.0000,0.0000,0.1498,1,3,0.167
86.798,0,2,1,-1.2333,0.0000,-1.2328,0.1493,-3.0384,0.0000,0.0000,0.0000,-1.2717,0.0233,-1.4125,0.022,5242,0.0000,0.0000,0.1493,1,3,0.173
86.899,0,2,1,-1.2333,0.0000,-1.2323,0.1499,-3.0586,0.0000,0.0000,0.0000,-1.1570,0.3447,-7.5203,0.019,5247,0.0000,0.0000,0.1499,1,3,0.175
86.998,0,2,1,-1.2333,0.0000,-1.2322,0.1507,-3.0626,0.0000,0.0000,0.0000,-1.2411,0.1834,-2.5659,0.035,5251,0.0000,0.0000,0.1507,1,3,0.173
87.099,0,2,1,-1.2333,0.0000,-1.2318,0.1512,-3.0827,0.0000,0.0000,0.0000,-1.1570,0.3447,-7.5203,0.016,5256,0.0000,0.0000,0.1512,1,3,0.166
87.198,0,2,1,-1.2333,0.0000,-1.2322,0.1506,-3.0729,0.0000,0.0000,0.0000,-1.2717,0.0233,-1.4126,0.024,5261,0.0000,0.0000,0.1507,1,3,0.163
87.300,0,2,1,-1.2333,0.0000,-1.2325,0.1492,-3.0555,0.0000,0.0000,0.0000,-1.2827,-0.0336,-0.2263,0.024,5265,0.0000,0.0000,0.1492,1,3,0.165
87.400,0,2,1,-1.2333,0.0000,-1.2317,0.1520,-3.0938,0.0000,0.0000,0.0000,-1.2411,0.1834,-2.5646,0.009,5270,0.0000,0.0000,0.1520,1,3,0.172
87.502,0,2,1,-1.2333,0.0000,-1.2315,0.1524,-3.0997,0.0000,0.0000,0.0000,-1.1570,0.3447,-7.5203,0.044,5273,0.0000,0.0000,0.1524,1,3,0.171
87.601,0,2,1,-1.2333,0.0000,-1.2313,0.1532,-3.1125,0.0000,0.0000,0.0000,-1.2411,0.1834,-2.5655,0.026,5279,0.0000,0.0000,0.1532,1,3,0.163
87.701,0,2,1,-1.2333,0.0000,-1.2309,0.1536,-3.1308,0.0000,0.0000,0.0000,-1.1570,0.3447,-7.5203,0.016,5284,0.0000,0.0000,0.1536,1,3,0.172
87.800,0,2,1,-1.2333,0.0000,-1.2309,0.1542,-3.1330,0.0000,0.0000,0.0000,-1.2411,0.1834,-2.5683,0.035,5288,0.0000,0.0000,0.1542,1,3,0.168
87.899,0,2,1,-1.2333,0.0000,-1.2309,0.1533,-3.1358,0.0000,0.0000,0.0000,-1.2411,0.1834,-2.5647,0.002,5295,0.0000,0.0000,0.1533,1,3,0.180
87.999,0,2,1,-1.2333,0.0000,-1.2313,0.1526,-3.1236,0.0000,0.0000,0.0000,-1.2717,0.0235,-1.4169,0.022,5299,0.0000,0.0000,0.1526,1,3,0.168
88.101,0,2,1,-1.2333,0.0000,-1.2314,0.1517,-3.1287,0.0000,0.0000,0.0000,-1.2411,0.1834,-2.5672,0.002,5306,0.0000,0.0000,0.1517,1,3,0.169
88.201,0,2,1,-1.2333,0.0000,-1.2313,0.1524,-3.1291,0.0000,0.0000,0.0000,-1.2411,0.1834,-2.5672,0.037,5309,0.0000,0.0000,0.1524,1,3,0.183
88.300,0,2,1,-1.2333,0.0000,-1.2310,0.1529,-3.1480,0.0000,0.0000,0.0000,-1.2412,0.1833,-2.5656,0.004,5315,0.0000,0.0000,0.1529,1,3,0.167
88.400,0,2,1,-1.2333,0.0000,-1.2309,0.1536,-3.1481,0.0000,0.0000,0.0000,-1.2412,0.1833,-2.5656,0.033,5318,0.0000,0.0000,0.1536,1,3,0.168
88.498,0,2,1,-1.2333,0.0000,-1.2306,0.1540,-3.1644,0.0000,0.0000,0.0000,-1.1569,0.3447,-7.5194,0.016,5323,0.0000,0.0000,0.1540,1,3,0.167
88.600,0,2,1,-1.2333,0.0000,-1.2310,0.1533,-3.1497,0.0000,0.0000,0.0000,-1.2412,0.1834,-2.5673,0.034,5328,0.0000,0.0000,0.1533,1,3,0.172
88.699,0,2,1,-1.2333,0.0000,-1.2318,0.1504,-3.1188,0.0000,0.0000,0.0000,-1.1569,0.3447,-7.5194,0.011,5334,0.0000,0.0000,0.1504,1,3,0.172
88.800,0,2,1,-1.2333,0.0000,-1.2310,0.1531,-3.1523,0.0000,0.0000,0.0000,-1.2412,0.1833,-2.5637,0.013,5338,0.0000,0.0000,0.1531,1,3,0.168
88.898,0,2,1,-1.2333,0.0000,-1.2318,0.1502,-3.1208,0.0000,0.0000,0.0000,-1.2827,-0.0336,-0.2272,0.014,5343,0.0000,0.0000,0.1502,1,3,0.171
88.999,0,2,1,-1.2333,0.0000,-1.2310,0.1529,-3.1569,0.0000,0.0000,0.0000,-1.2717,0.0233,-1.4122,0.013,5349,0.0000,0.0000,0.1529,1,3,0.165
89.100,0,2,1,-1.2333,0.0000,-1.2311,0.1521,-3.1611,0.0000,0.0000,0.0000,-1.2412,0.1833,-2.5640,0.003,5355,0.0000,0.0000,0.1521,1,3,0.175
89.201,0,2,1,-1.2333,0.0000,-1.2315,0.1515,-3.1490,0.0000,0.0000,0.0000,-1.2412,0.1833,-2.5645,0.037,5359,0.0000,0.0000,0.1515,1,3,0.176
89.301,0,2,1,-1.2333,0.0000,-1.2311,0.1520,-3.1667,0.0000,0.0000,0.0000,-1.1569,0.3447,-7.5201,0.016,5364,0.0000,0.0000,0.1520,1,3,0.179
89.401,0,2,1,-1.2333,0.0000,-1.2311,0.1527,-3.1661,0.0000,0.0000,0.0000,-1.2412,0.1834,-2.5669,0.035,5368,0.0000,0.0000,0.1527,1,3,0.171
89.499,0,2,1,-1.2333,0.0000,-1.2307,0.1531,-3.1822,0.0000,0.0000,0.0000,-1.2412,0.1833,-2.5667,0.002,5374,0.0000,0.0000,0.1531,1,3,0.181
89.601,0,2,1,-1.2333,0.0000,-1.2311,0.1524,-3.1678,0.0000,0.0000,0.0000,-1.2717,0.0234,-1.4129,0.026,5378,0.0000,0.0000,0.1525,1,3,0.163
89.701,0,2,1,-1.2333,0.0000,-1.2308,0.1529,-3.1847,0.0000,0.0000,0.0000,-1.2412,0.1833,-2.5653,0.002,5384,0.0000,0.0000,0.1529,1,3,0.175
89.798,0,2,1,-1.2333,0.0000,-1.2307,0.1536,-3.1866,0.0000,0.0000,0.0000,-1.2412,0.1834,-2.5673,0.034,5387,0.0000,0.0000,0.1536,1,3,0.168
89.901,0,2,1,-1.2333,0.0000,-1.2304,0.1540,-3.2030,0.0000,0.0000,0.0000,-1.2412,0.1833,-2.5652,0.003,5393,0.0000,0.0000,0.1540,1,3,0.187
90.000,0,2,1,-1.2333,0.0000,-1.2304,0.1546,-3.2015,0.0000,0.0000,0.0000,-1.2412,0.1833,-2.5652,0.012,5396,0.0000,0.0000,0.1546,1,3,0.171
90.099,0,2,1,-1.2333,0.0000,-1.2308,0.1530,-3.1816,0.0000,0.0000,0.0000,-1.2827,-0.0336,-0.2282,0.021,5400,0.0000,0.0000,0.1530,1,3,0.168
90.202,0,2,1,-1.2333,0.0000,-1.2301,0.1556,-3.2159,0.0000,0.0000,0.0000,-1.2717,0.0234,-1.4127,0.002,5406,0.0000,0.0000,0.1556,1,3,0.184
90.299,0,2,1,-1.2333,0.0000,-1.2304,0.1546,-3.2067,0.0000,0.0000,0.0000,-1.2412,0.1833,-2.5647,0.003,5410,0.0000,0.0000,0.1546,1,3,0.164
90.400,0,2,1,-1.2333,0.0000,-1.2306,0.1538,-3.2005,0.0000,0.0000,0.0000,-1.2717,0.0234,-1.4133,0.024,5416,0.0000,0.0000,0.1538,1,3,0.179
90.498,0,2,1,-1.2333,0.0000,-1.2303,0.1542,-3.2136,0.0000,0.0000,0.0000,-1.1569,0.3447,-7.5201,0.013,5421,0.0000,0.0000,0.1542,1,3,0.172
90.600,0,2,1,-1.2333,0.0000,-1.2303,0.1548,-3.2130,0.0000,0.0000,0.0000,-1.2412,0.1833,-2.5648,0.036,5425,0.0000,0.0000,0.1548,1,3,0.165
90.703,0,2,1,-1.2333,0.0000,-1.2300,0.1551,-3.2285,0.0000,0.0000,0.0000,-1.2412,0.1833,-2.5651,0.003,5431,0.0000,0.0000,0.1552,1,3,0.168
90.800,0,2,1,-1.2333,0.0000,-1.2304,0.1544,-3.2115,0.0000,0.0000,0.0000,-1.2717,0.0234,-1.4129,0.024,5435,0.0000,0.0000,0.1544,1,3,0.180
90.900,0,2,1,-1.2333,0.0000,-1.2301,0.1547,-3.2240,0.0000,0.0000,0.0000,-1.2411,0.1834,-2.5665,0.002,5441,0.0000,0.0000,0.1547,1,3,0.159
91.000,0,2,1,-1.2333,0.0000,-1.2301,0.1553,-3.2209,0.0000,0.0000,0.0000,-1.2411,0.1833,-2.5659,0.035,5444,0.0000,0.0000,0.1553,1,3,0.177
91.100,0,2,1,-1.2333,0.0000,-1.2298,0.1556,-3.2353,0.0000,0.0000,0.0000,-1.2411,0.1833,-2.5654,0.002,5450,0.0000,0.0000,0.1557,1,3,0.174
91.200,0,2,1,-1.2333,0.0000,-1.2302,0.1549,-3.2195,0.0000,0.0000,0.0000,-1.2411,0.1833,-2.5638,0.036,5454,0.0000,0.0000,0.1549,1,3,0.170
91.298,0,2,1,-1.2333,0.0000,-1.2299,0.1552,-3.2339,0.0000,0.0000,0.0000,-1.1569,0.3447,-7.5201,0.014,5459,0.0000,0.0000,0.1552,1,3,0.176
91.399,0,2,1,-1.2333,0.0000,-1.2299,0.1558,-3.2329,0.0000,0.0000,0.0000,-1.2412,0.1833,-2.5661,0.020,5463,0.0000,0.0000,0.1558,1,3,0.174
91.500,0,2,1,-1.2333,0.0000,-1.2298,0.1561,-3.2356,0.0000,0.0000,0.0000,-1.2827,-0.0336,-0.2266,0.003,5467,0.0000,0.0000,0.1562,1,3,0.175
91.600,0,2,1,-1.2333,0.0000,-1.2296,0.1567,-3.2424,0.0000,0.0000,0.0000,-1.2412,0.1833,-2.5647,0.015,5472,0.0000,0.0000,0.1567,1,3,0.169
91.700,0,2,1,-1.2333,0.0000,-1.2288,0.1589,-3.2794,0.0000,0.0000,0.0000,-1.2827,-0.0336,-0.2271,0.010,5477,0.0000,0.0000,0.1589,1,3,0.164
91.801,0,2,1,-1.2333,0.0000,-1.2294,0.1574,-3.2528,0.0000,0.0000,0.0000,-1.2412,0.1833,-2.5655,0.036,5481,0.0000,0.0000,0.1574,1,3,0.177
91.899,0,2,1,-1.2333,0.0000,-1.2291,0.1576,-3.2633,0.0000,0.0000,0.0000,-1.1569,0.3447,-7.5206,0.015,5486,0.0000,0.0000,0.1576,1,3,0.164
91.998,0,2,1,-1.2333,0.0000,-1.2292,0.1581,-3.2608,0.0000,0.0000,0.0000,-1.2412,0.1833,-2.5662,0.035,5490,0.0000,0.0000,0.1581,1,3,0.172
92.099,0,2,1,-1.2333,0.0000,-1.2293,0.1569,-3.2591,0.0000,0.0000,0.0000,-1.2412,0.1833,-2.5649,0.002,5497,0.0000,0.0000,0.1569,1,3,0.163
92.200,0,2,1,-1.2333,0.0000,-1.2294,0.1574,-3.2564,0.0000,0.0000,0.0000,-1.2412,0.1833,-2.5644,0.036,5500,0.0000,0.0000,0.1574,1,3,0.169
92.299,0,2,1,-1.2333,0.0000,-1.2299,0.1556,-3.2343,0.0000,0.0000,0.0000,-1.1569,0.3447,-7.5206,0.010,5505,0.0000,0.0000,0.1556,1,3,0.165
92.400,0,2,1,-1.2333,0.0000,-1.2292,0.1581,-3.2640,0.0000,0.0000,0.0000,-1.2412,0.1833,-2.5660,0.031,5509,0.0000,0.0000,0.1581,1,3,0.171
92.498,0,2,1,-1.2333,0.0000,-1.2289,0.1582,-3.2767,0.0000,0.0000,0.0000,-1.2412,0.1833,-2.5655,0.003,5515,0.0000,0.0000,0.1583,1,3,0.162
92.600,0,2,1,-1.2333,0.0000,-1.2294,0.1573,-3.2585,0.0000,0.0000,0.0000,-1.2717,0.0233,-1.4114,0.022,5519,0.0000,0.0000,0.1573,1,3,0.280
92.700,0,2,1,-1.2333,0.0000,-1.2291,0.1575,-3.2680,0.0000,0.0000,0.0000,-1.1569,0.3447,-7.5206,0.015,5524,0.0000,0.0000,0.1576,1,3,0.180
92.800,0,2,1,-1.2333,0.0000,-1.2292,0.1580,-3.2635,0.0000,0.0000,0.0000,-1.2412,0.1833,-2.5665,0.007,5528,0.0000,0.0000,0.1581,1,3,0.173
92.901,0,2,1,-1.2333,0.0000,-1.2297,0.1562,-3.2410,0.0000,0.0000,0.0000,-1.2827,-0.0336,-0.2279,0.022,5532,0.0000,0.0000,0.1562,1,3,0.170
93.000,0,2,1,-1.2333,0.0000,-1.2290,0.1587,-3.2714,0.0000,0.0000,0.0000,-1.1569,0.3447,-7.5207,0.011,5537,0.0000,0.0000,0.1588,1,3,0.180
93.099,0,2,1,-1.2333,0.0000,-1.2289,0.1589,-3.2730,0.0000,0.0000,0.0000,-1.1569,0.3447,-7.5207,0.003,5541,0.0000,0.0000,0.1590,1,3,0.168
93.200,0,2,1,-1.2333,0.0000,-1.2288,0.1592,-3.2773,0.0000,0.0000,0.0000,-1.2412,0.1833,-2.5653,0.034,5546,0.0000,0.0000,0.1593,1,3,0.170
93.298,0,2,1,-1.2333,0.0000,-1.2285,0.1593,-3.2887,0.0000,0.0000,0.0000,-1.1569,0.3447,-7.5207,0.010,5551,0.0000,0.0000,0.1594,1,3,0.179
93.400,0,2,1,-1.2333,0.0000,-1.2286,0.1597,-3.2827,0.0000,0.0000,0.0000,-1.2412,0.1833,-2.5639,0.036,5555,0.0000,0.0000,0.1598,1,3,0.171
93.502,0,2,1,-1.2333,0.0000,-1.2285,0.1601,-3.2875,0.0000,0.0000,0.0000,-1.2412,0.1833,-2.5638,0.002,5561,0.0000,0.0000,0.1601,1,3,0.158
93.600,0,2,1,-1.2333,0.0000,-1.2285,0.1602,-3.2879,0.0000,0.0000,0.0000,-1.2411,0.1833,-2.5644,0.038,5564,0.0000,0.0000,0.1603,1,3,0.169
93.701,0,2,1,-1.2333,0.0000,-1.2282,0.1603,-3.2986,0.0000,0.0000,0.0000,-1.2827,-0.0336,-0.2279,0.016,5569,0.0000,0.0000,0.1603,1,3,0.179
93.805,0,2,1,-1.2333,0.0000,-1.2283,0.1606,-3.2927,0.0000,0.0000,0.0000,-1.2411,0.1833,-2.5656,0.042,5573,0.0000,0.0000,0.1607,1,3,0.170
93.899,0,2,1,-1.2333,0.0000,-1.2281,0.1607,-3.3043,0.0000,0.0000,0.0000,-1.2411,0.1833,-2.5655,0.005,5579,0.0000,0.0000,0.1608,1,3,0.169
94.000,0,2,1,-1.2333,0.0000,-1.2286,0.1596,-3.2837,0.0000,0.0000,0.0000,-1.2717,0.0233,-1.4108,0.025,5583,0.0000,0.0000,0.1597,1,3,0.173
94.100,0,2,1,-1.2333,0.0000,-1.2292,0.1577,-3.2616,0.0000,0.0000,0.0000,-1.2826,-0.0337,-0.2275,0.024,5587,0.0000,0.0000,0.1578,1,3,0.172
94.200,0,2,1,-1.2333,0.0000,-1.2285,0.1601,-3.2924,0.0000,0.0000,0.0000,-1.1569,0.3447,-7.5207,0.016,5592,0.0000,0.0000,0.1602,1,3,0.175
94.300,0,2,1,-1.2333,0.0000,-1.2284,0.1603,-3.2949,0.0000,0.0000,0.0000,-1.1569,0.3447,-7.5203,0.043,5595,0.0000,0.0000,0.1604,1,3,0.172
94.400,0,2,1,-1.2333,0.0000,-1.2283,0.1606,-3.2991,0.0000,0.0000,0.0000,-1.2411,0.1833,-2.5656,0.022,5601,0.0000,0.0000,0.1607,1,3,0.157
94.499,0,2,1,-1.2333,0.0000,-1.2281,0.1606,-3.3079,0.0000,0.0000,0.0000,-1.2411,0.1833,-2.5667,0.003,5607,0.0000,0.0000,0.1607,1,3,0.167
94.600,0,2,1,-1.2333,0.0000,-1.2287,0.1595,-3.2896,0.0000,0.0000,0.0000,-1.2717,0.0233,-1.4111,0.026,5611,0.0000,0.0000,0.1596,1,3,0.178
94.699,0,2,1,-1.2333,0.0000,-1.2284,0.1596,-3.3011,0.0000,0.0000,0.0000,-1.2411,0.1833,-2.5650,0.003,5617,0.0000,0.0000,0.1597,1,3,0.180
94.801,0,2,1,-1.2333,0.0000,-1.2285,0.1600,-3.2939,0.0000,0.0000,0.0000,-1.2411,0.1833,-2.5631,0.039,5620,0.0000,0.0000,0.1601,1,3,0.176
94.898,0,2,1,-1.2333,0.0000,-1.2283,0.1601,-3.3040,0.0000,0.0000,0.0000,-1.2411,0.1833,-2.5650,0.004,5626,0.0000,0.0000,0.1602,1,3,0.172
95.000,0,2,1,-1.2333,0.0000,-1.2283,0.1605,-3.3002,0.0000,0.0000,0.0000,-1.2411,0.1833,-2.5623,0.036,5629,0.0000,0.0000,0.1605,1,3,0.181
95.100,0,2,1,-1.2333,0.0000,-1.2281,0.1605,-3.3126,0.0000,0.0000,0.0000,-1.2411,0.1833,-2.5647,0.003,5635,0.0000,0.0000,0.1606,1,3,0.174
95.200,0,2,1,-1.2333,0.0000,-1.2282,0.1609,-3.3081,0.0000,0.0000,0.0000,-1.2411,0.1833,-2.5649,0.038,5638,0.0000,0.0000,0.1610,1,3,0.163
95.298,0,2,1,-1.2333,0.0000,-1.2280,0.1609,-3.3191,0.0000,0.0000,0.0000,-1.2826,-0.0337,-0.2268,0.010,5643,0.0000,0.0000,0.1610,1,3,0.165
95.400,0,2,1,-1.2333,0.0000,-1.2281,0.1612,-3.3143,0.0000,0.0000,0.0000,-1.2412,0.1833,-2.5636,0.035,5647,0.0000,0.0000,0.1613,1,3,0.181
95.499,0,2,1,-1.2333,0.0000,-1.2279,0.1613,-3.3244,0.0000,0.0000,0.0000,-1.1569,0.3447,-7.5203,0.013,5652,0.0000,0.0000,0.1613,1,3,0.161
95.600,0,2,1,-1.2333,0.0000,-1.2283,0.1600,-3.3086,0.0000,0.0000,0.0000,-1.2716,0.0234,-1.4122,0.010,5657,0.0000,0.0000,0.1600,1,3,0.165
95.700,0,2,1,-1.2333,0.0000,-1.2298,0.1556,-3.2486,0.0000,0.0000,0.0000,-1.2826,-0.0337,-0.2282,0.020,5663,0.0000,0.0000,0.1556,1,3,0.171
95.800,0,2,1,-1.2333,0.0000,-1.2291,0.1581,-3.2787,0.0000,0.0000,0.0000,-1.2412,0.1832,-2.5623,0.023,5668,0.0000,0.0000,0.1581,1,3,0.167
95.899,0,2,1,-1.2333,0.0000,-1.2283,0.1602,-3.3143,0.0000,0.0000,0.0000,-1.2412,0.1832,-2.5611,0.002,5674,0.0000,0.0000,0.1603,1,3,0.166
95.998,0,2,1,-1.2333,0.0000,-1.2289,0.1586,-3.2840,0.0000,0.0000,0.0000,-1.2411,0.1833,-2.5668,0.035,5677,0.0000,0.0000,0.1587,1,3,0.166
96.100,0,2,1,-1.2333,0.0000,-1.2287,0.1588,-3.2939,0.0000,0.0000,0.0000,-1.2412,0.1832,-2.5628,0.002,5683,0.0000,0.0000,0.1589,1,3,0.163
96.199,0,2,1,-1.2333,0.0000,-1.2296,0.1565,-3.2614,0.0000,0.0000,0.0000,-1.2716,0.0234,-1.4137,0.025,5688,0.0000,0.0000,0.1565,1,3,0.159
96.299,0,2,1,-1.2333,0.0000,-1.2297,0.1554,-3.2579,0.0000,0.0000,0.0000,-1.2412,0.1832,-2.5628,0.003,5695,0.0000,0.0000,0.1554,1,3,0.175
96.401,0,2,1,-1.2333,0.0000,-1.2302,0.1546,-3.2406,0.0000,0.0000,0.0000,-1.2716,0.0234,-1.4118,0.027,5699,0.0000,0.0000,0.1546,1,3,0.175
96.501,0,2,1,-1.2333,0.0000,-1.2303,0.1537,-3.2383,0.0000,0.0000,0.0000,-1.2412,0.1832,-2.5636,0.003,5706,0.0000,0.0000,0.1537,1,3,0.177
96.600,0,2,1,-1.2333,0.0000,-1.2303,0.1543,-3.2366,0.0000,0.0000,0.0000,-1.2413,0.1832,-2.5630,0.039,5709,0.0000,0.0000,0.1543,1,3,0.170
96.701,0,3,0,-1.2333,0.0000,-1.2300,0.1546,-3.2475,0.0000,0.0000,0.0000,-1.1569,0.3447,-7.5203,0.017,5714,0.0000,0.0000,0.1547,1,3,0.166
96.799,0,3,0,-1.2333,0.0000,-1.2305,0.1531,-3.2231,0.0000,0.0000,0.0000,-1.2412,0.1832,-2.5634,0.006,5719,-0.0085,-0.1092,0.1531,1,3,0.174
96.901,0,3,0,-1.2333,0.0000,-1.2321,0.1434,-3.3656,0.0000,0.0000,0.0000,-1.2412,0.1832,-2.5635,0.052,5722,0.0016,-0.1000,0.1434,1,3,0.236
97.000,0,3,0,-1.2333,0.0000,-1.2325,0.1356,-3.6385,0.0000,0.0000,0.0000,-1.1528,0.3456,-7.8474,0.015,5728,-0.0055,-0.1074,0.1356,1,3,0.179
97.098,0,3,0,-1.2333,0.0000,-1.2338,0.1253,-3.2121,0.0000,0.0000,0.0000,-1.1588,0.3110,-7.8506,0.011,5733,-0.0063,-0.1092,0.1253,1,3,0.174
97.200,0,3,0,-1.2333,0.0000,-1.2344,0.1161,-2.7452,0.0000,0.0000,0.0000,-1.2872,-0.0608,-0.4629,0.028,5737,-0.0067,-0.1027,0.1162,1,3,0.170
97.300,0,3,0,-1.2333,0.0000,-1.2356,0.1065,-2.5534,0.0000,0.0000,0.0000,-1.2506,0.1456,-2.1732,0.002,5744,-0.0030,-0.0920,0.1065,1,3,0.177
97.399,0,3,0,-1.2333,0.0000,-1.2369,0.0968,-2.5780,0.0000,0.0000,0.0000,-1.2748,-0.0284,-1.0479,0.023,5748,-0.0010,-0.0831,0.0969,1,3,0.179
97.500,0,3,0,-1.2333,0.0000,-1.2378,0.0873,-2.2578,0.0000,0.0000,0.0000,-1.2562,0.1376,-2.3133,0.002,5755,-0.0026,-0.0776,0.0874,1,3,0.168
97.601,0,3,0,-1.2333,0.0000,-1.2387,0.0795,-2.0828,0.0000,0.0000,0.0000,-1.2582,0.1359,-2.2640,0.032,5758,0.0003,-0.0691,0.0797,1,3,0.175
97.702,0,3,1,-0.6167,0.0000,-1.2390,0.0735,-2.0333,0.0000,0.0000,0.0000,-1.2609,0.1324,-2.1197,0.004,5764,0.0893,-0.0195,0.6267,1,3,0.171
97.801,0,3,1,-0.6167,0.0000,-1.2345,0.0702,-2.3000,0.0000,0.0000,0.0000,-1.2613,0.1300,-2.2801,0.037,5767,0.0936,-0.0148,0.6218,1,3,0.183
97.901,0,3,1,-0.6167,0.0000,-1.2266,0.0684,-2.3633,0.0000,0.0000,0.0000,-1.2608,0.1320,-2.8697,0.007,5773,0.0876,-0.0207,0.6138,1,3,0.166
98.000,0,3,1,-0.6167,0.0000,-1.2193,0.0648,-2.0114,0.0000,0.0000,0.0000,-1.2688,-0.0675,-0.8080,0.024,5777,0.0901,-0.0178,0.6061,1,3,0.173
98.100,0,3,1,-0.6167,0.0000,-1.2119,0.0602,-2.1242,0.0000,0.0000,0.0000,-1.1726,0.2109,-5.9568,0.015,5783,0.0923,-0.0150,0.5983,1,3,0.179
98.200,0,3,1,-0.6167,0.0000,-1.2041,0.0568,-1.8514,0.0000,0.0000,0.0000,-1.2500,-0.0729,-0.5511,0.006,5788,0.0923,-0.0146,0.5902,1,3,0.179
98.300,0,3,1,-0.6167,0.0000,-1.1967,0.0543,-1.8999,0.0000,0.0000,0.0000,-1.2453,-0.1358,0.6251,0.003,5794,0.0927,-0.0139,0.5825,1,3,0.180
98.399,0,3,1,-0.6167,0.0000,-1.1888,0.0484,-1.7327,0.0000,0.0000,0.0000,-1.2118,-0.0063,-0.1775,0.003,5799,0.0935,-0.0123,0.5741,1,3,0.182
98.499,0,3,1,-0.6167,0.0000,-1.1808,0.0442,-1.7127,0.0000,0.0000,0.0000,-1.2005,-0.0078,-0.0858,0.004,5804,0.0999,-0.0053,0.5659,1,3,0.228
98.600,0,3,1,-0.6167,0.0000,-1.1712,0.0409,-1.6402,0.0000,0.0000,0.0000,-1.2184,-0.1417,0.5931,0.018,5810,0.0896,-0.0151,0.5561,1,3,0.171
98.701,0,3,1,-0.6167,0.0000,-1.1626,0.0377,-1.6325,0.0000,0.0000,0.0000,-1.1116,0.2313,-6.4096,0.017,5816,0.0907,-0.0136,0.5472,1,3,0.174
98.800,0,3,1,-0.6167,0.0000,-1.1543,0.0341,-1.6723,0.0000,0.0000,0.0000,-1.1802,-0.0103,-0.0793,0.038,5821,0.0907,-0.0130,0.5387,1,3,0.174
98.901,0,3,1,-0.6167,0.0000,-1.1451,0.0326,-1.6190,0.0000,0.0000,0.0000,-1.0921,0.2387,-6.6468,0.015,5826,0.0791,-0.0245,0.5295,1,3,0.141
99.001,0,3,1,-0.6167,0.0000,-1.1378,0.0293,-1.4838,0.0000,0.0000,0.0000,-1.1783,-0.0822,-0.3185,0.025,5831,0.0961,-0.0070,0.5220,1,3,0.189
99.101,0,3,1,-0.6167,0.0000,-1.1309,0.0242,-1.5243,0.0000,0.0000,0.0000,-1.1559,-0.0134,-0.0324,0.003,5838,0.0915,-0.0107,0.5148,1,3,0.176
99.200,0,3,1,-0.6167,0.0000,-1.1240,0.0188,-1.5184,0.0000,0.0000,0.0000,-1.1618,-0.0843,-0.2210,0.026,5843,0.0848,-0.0164,0.5076,1,3,0.157
99.301,0,3,1,-0.6167,0.0000,-1.1183,0.0139,-1.7169,0.0000,0.0000,0.0000,-1.1443,-0.0137,-0.2666,0.003,5850,0.0894,-0.0109,0.5018,1,3,0.170
99.400,0,3,1,-0.6167,0.0000,-1.1105,0.0093,-1.4847,0.0000,0.0000,0.0000,-1.1459,-0.0862,-0.5317,0.027,5855,0.0890,-0.0103,0.4939,1,3,0.169
99.500,0,3,1,-0.6167,0.0000,-1.1036,0.0051,-1.4960,0.0000,0.0000,0.0000,-1.1625,0.0842,-3.9579,0.015,5861,0.0922,-0.0063,0.4870,1,3,0.178
99.601,0,3,1,-0.6167,0.0000,-1.0965,0.0011,-1.5175,0.0000,0.0000,0.0000,-1.1221,-0.0912,-0.2756,0.014,5866,0.0865,-0.0112,0.4799,1,3,0.162
99.699,0,3,1,-0.6167,0.0000,-1.0897,-0.0035,-1.5803,0.0000,0.0000,0.0000,-1.1143,-0.1613,0.8491,0.023,5872,0.0957,-0.0010,0.4730,1,3,0.188
99.800,0,3,1,-0.6167,0.0000,-1.0832,-0.0058,-1.7914,0.0000,0.0000,0.0000,-1.1097,-0.0924,-0.7300,0.003,5879,0.0886,-0.0076,0.4665,1,3,0.168
99.903,0,3,1,-0.6167,0.0000,-1.0755,-0.0084,-1.6302,0.0000,0.0000,0.0000,-1.1087,-0.0062,-0.7470,0.004,5884,0.0882,-0.0073,0.4589,1,3,0.167
100.000,0,3,1,-0.6167,0.0000,-1.0682,-0.0119,-1.5674,0.0000,0.0000,0.0000,-1.0874,-0.0929,-0.5118,0.026,5891,0.0924,-0.0023,0.4517,1,3,0.179
100.098,0,3,1,-0.6167,0.0000,-1.0615,-0.0142,-1.6004,0.0000,0.0000,0.0000,-1.0947,-0.0074,-0.7148,0.003,5898,0.0896,-0.0046,0.4451,1,3,0.171
100.200,0,3,1,-0.6167,0.0000,-1.0530,-0.0166,-1.7390,0.0000,0.0000,0.0000,-1.0670,-0.0938,-0.5118,0.026,5903,0.0998,0.0063,0.4366,1,3,0.271
100.299,0,3,1,-0.6167,0.0000,-1.0456,-0.0179,-1.5863,0.0000,0.0000,0.0000,-1.0850,-0.0025,-1.0495,0.003,5910,0.0902,-0.0029,0.4293,1,3,0.173
100.401,0,3,1,-0.6167,0.0000,-1.0369,-0.0200,-1.4890,0.0000,0.0000,0.0000,-1.0479,-0.0961,-0.3579,0.027,5915,0.0867,-0.0058,0.4207,1,3,0.163
100.500,0,3,1,-0.6167,0.0000,-1.0298,-0.0218,-1.4474,0.0000,0.0000,0.0000,-1.0461,0.0894,-4.5495,0.015,5921,0.0891,-0.0028,0.4137,1,3,0.170
100.601,0,3,1,-0.6167,0.0000,-1.0212,-0.0237,-1.5207,0.0000,0.0000,0.0000,-1.0331,-0.0959,-0.4167,0.024,5927,0.0852,-0.0062,0.4052,1,3,0.159
100.700,0,3,1,-0.6167,0.0000,-1.0145,-0.0256,-1.6010,0.0000,0.0000,0.0000,-1.0131,0.0455,-1.8083,0.003,5934,0.0855,-0.0052,0.3986,1,3,0.160
100.801,0,3,1,-0.6167,0.0000,-1.0053,-0.0263,-1.5794,0.0000,0.0000,0.0000,-1.0178,-0.0951,-0.7374,0.025,5939,0.1097,0.0050,0.3895,1,3,0.178
100.899,0,3,1,-0.6167,0.0000,-0.9956,-0.0276,-1.4211,0.0000,0.0000,0.0000,-0.9729,-0.1627,0.4608,0.019,5944,0.0900,0.0002,0.3799,1,3,0.173
100.999,0,3,1,-0.6167,0.0000,-0.9864,-0.0273,-1.4504,0.0000,0.0000,0.0000,-1.0150,0.0884,-4.5458,0.009,5950,0.0889,-0.0008,0.3707,1,3,0.170
101.099,0,3,1,-0.6167,0.0000,-0.9781,-0.0272,-1.5298,0.0000,0.0000,0.0000,-0.9687,-0.1735,0.7893,0.003,5956,0.0892,-0.0003,0.3625,1,3,0.171
101.199,0,3,1,-0.6167,0.0000,-0.9692,-0.0275,-1.4430,0.0000,0.0000,0.0000,-0.9733,-0.0967,-0.5238,0.012,5963,0.0885,-0.0007,0.3536,1,3,0.169
101.301,0,3,1,-0.6167,0.0000,-0.9611,-0.0269,-1.4283,0.0000,0.0000,0.0000,-0.9571,0.0365,-1.4666,0.002,5970,0.0846,-0.0046,0.3455,1,3,0.158
101.402,0,3,1,-0.6167,0.0000,-0.9518,-0.0289,-1.5221,0.0000,0.0000,0.0000,-0.9548,-0.0945,-0.4567,0.022,5975,0.0923,0.0040,0.3364,1,3,0.180
101.498,0,3,1,-0.6167,0.0000,-0.9438,-0.0291,-1.5375,0.0000,0.0000,0.0000,-0.9365,-0.1666,0.5674,0.015,5981,0.1109,0.0066,0.3284,1,3,0.175
101.601,0,3,1,-0.6167,0.0000,-0.9338,-0.0293,-1.4817,0.0000,0.0000,0.0000,-0.9448,-0.0920,-0.6995,0.023,5987,0.0866,-0.0011,0.3185,1,3,0.164
101.701,0,3,1,-0.6167,0.0000,-0.9264,-0.0297,-1.4780,0.0000,0.0000,0.0000,-0.9249,0.0412,-1.6684,0.003,5994,0.0894,0.0021,0.3112,1,3,0.172
101.798,0,3,1,-0.6167,0.0000,-0.9178,-0.0298,-1.4556,0.0000,0.0000,0.0000,-0.9236,-0.0985,-0.7250,0.019,5999,0.0890,0.0021,0.3026,1,3,0.171
101.902,0,3,1,-0.6167,0.0000,-0.9091,-0.0299,-1.5551,0.0000,0.0000,0.0000,-0.9119,0.0469,-1.8775,0.003,6006,0.0822,-0.0043,0.2939,1,3,0.152
102.001,0,3,1,-0.6167,0.0000,-0.9000,-0.0301,-1.4872,0.0000,0.0000,0.0000,-0.9059,-0.0964,-0.8035,0.018,6011,0.0903,0.0042,0.2850,1,3,0.175
102.100,0,3,1,-0.6167,0.0000,-0.8919,-0.0301,-1.5332,0.0000,0.0000,0.0000,-0.8949,0.0410,-1.8630,0.006,6018,0.1134,0.0074,0.2768,1,3,0.169
102.201,0,3,1,-0.6167,0.0000,-0.8810,-0.0297,-1.3774,0.0000,0.0000,0.0000,-0.8878,-0.0994,-0.7148,0.017,6023,0.0902,0.0048,0.2660,1,3,0.175
102.299,0,3,1,-0.6167,0.0000,-0.8731,-0.0307,-1.4468,0.0000,0.0000,0.0000,-0.5867,-0.7643,14.5187,0.011,6029,0.0866,0.0020,0.2582,1,3,0.165
102.398,0,3,1,-0.6167,0.0000,-0.8602,-0.0414,-1.3472,0.0000,0.0000,0.0000,-0.8591,-0.0953,-0.4845,0.006,6035,0.0861,0.0072,0.2470,1,3,0.166
102.499,0,3,1,-0.6167,0.0000,-0.8483,-0.0496,-1.2710,0.0000,0.0000,0.0000,-0.8434,-0.1623,1.0951,0.017,6040,0.0873,0.0135,0.2369,1,3,0.172
102.601,0,3,1,-0.6167,0.0000,-0.8335,-0.0613,-1.2197,0.0000,0.0000,0.0000,-0.8475,-0.0968,-0.9040,0.011,6047,0.0874,0.0215,0.2253,1,3,0.177
102.701,0,3,1,-0.6167,0.0000,-0.8219,-0.0713,-1.1080,0.0000,0.0000,0.0000,-0.8432,0.0506,-1.9562,0.003,6054,0.0876,0.0292,0.2172,1,3,0.183
102.801,0,3,1,-0.6167,0.0000,-0.8135,-0.0716,-1.2322,0.0000,0.0000,0.0000,-0.8207,-0.0931,-0.6857,0.024,6059,0.0881,0.0316,0.2094,1,3,0.186
102.901,0,3,1,-0.6167,0.0000,-0.8049,-0.0773,-1.1396,0.0000,0.0000,0.0000,-0.8178,0.0327,-1.8758,0.003,6066,0.0827,0.0315,0.2035,1,3,0.175
103.001,0,3,1,-0.6167,0.0000,-0.7960,-0.0770,-1.0360,0.0000,0.0000,0.0000,-0.8091,-0.0860,-1.0180,0.018,6071,0.0820,0.0329,0.1951,1,3,0.175
103.099,0,3,1,-0.6167,0.0000,-0.7880,-0.0822,-1.1210,0.0000,0.0000,0.0000,-0.8039,0.0433,-1.9853,0.003,6078,0.0749,0.0313,0.1900,1,3,0.160
103.200,0,3,1,-0.6167,0.0000,-0.7799,-0.0808,-1.1962,0.0000,0.0000,0.0000,-0.7961,-0.0835,-1.3552,0.022,6083,0.0701,0.0282,0.1821,1,3,0.148
103.299,0,3,1,-0.6167,0.0000,-0.7714,-0.0850,-1.1172,0.0000,0.0000,0.0000,-0.7806,-0.1398,0.8282,0.013,6089,0.0762,0.0401,0.1765,1,3,0.171
103.400,0,3,1,-0.6167,0.0000,-0.7631,-0.0825,-1.1247,0.0000,0.0000,0.0000,-0.7859,-0.0773,-1.7227,0.023,6095,0.0965,0.0469,0.1680,1,3,0.177
103.498,0,3,1,-0.6167,0.0000,-0.7546,-0.0830,-1.1353,0.0000,0.0000,0.0000,-0.7533,-0.1353,0.3674,0.022,6100,0.0734,0.0427,0.1610,1,3,0.169
103.598,0,3,1,-0.6167,0.0000,-0.7467,-0.0777,-1.2739,0.0000,0.0000,0.0000,-0.7673,0.0615,-2.3216,0.004,6105,0.0803,0.0492,0.1514,1,3,0.188
103.699,0,3,1,-0.6167,0.0000,-0.7387,-0.0716,-1.3403,0.0000,0.0000,0.0000,-0.7425,-0.1235,0.3226,0.013,6109,0.0751,0.0428,0.1415,1,3,0.172
103.798,0,3,1,-0.6167,0.0000,-0.7316,-0.0660,-1.3203,0.0000,0.0000,0.0000,-0.7292,0.0083,-1.2514,0.017,6113,0.0777,0.0442,0.1325,1,3,0.178
103.902,0,3,1,-0.6167,0.0000,-0.7244,-0.0614,-1.3047,0.0000,0.0000,0.0000,-0.7387,0.0602,-2.2626,0.004,6116,0.1000,0.0450,0.1240,1,3,0.167
104.001,0,3,1,-0.6167,0.0000,-0.7158,-0.0556,-1.4925,0.0000,0.0000,0.0000,-0.7363,0.0803,-2.5867,0.034,6119,0.0920,0.0407,0.1136,1,3,0.167
104.100,0,3,1,-0.6167,0.0000,-0.7087,-0.0526,-1.4900,0.0000,0.0000,0.0000,-0.7742,0.1893,-5.2742,0.003,6123,0.0638,0.0352,0.1060,1,3,0.171
104.201,0,3,1,-0.6167,0.0000,-0.7032,-0.0463,-1.4806,0.0000,0.0000,0.0000,-0.7863,0.0410,-3.0946,0.034,6125,0.0602,0.0307,0.0981,1,3,0.171
104.301,0,3,1,-0.6167,0.0000,-0.6989,-0.0436,-1.5152,0.0000,0.0000,0.0000,-0.6946,-0.0978,0.1738,0.023,6128,0.0564,0.0281,0.0930,1,3,0.168
104.400,0,3,1,-0.6167,0.0000,-0.6930,-0.0395,-1.5073,0.0000,0.0000,0.0000,-0.7853,0.0406,-3.0890,0.035,6131,0.0682,0.0298,0.0859,1,3,0.175
104.498,0,3,1,-0.6167,0.0000,-0.6876,-0.0372,-1.5126,0.0000,0.0000,0.0000,-0.7821,0.0422,-3.3315,0.003,6135,0.0661,0.0270,0.0801,1,3,0.166
104.600,0,3,1,-0.6167,0.0000,-0.6824,-0.0334,-1.3996,0.0000,0.0000,0.0000,-0.7814,0.0427,-3.3942,0.039,6137,0.0467,0.0228,0.0737,1,3,0.175
104.702,0,3,2,-0.6167,0.6167,-0.6781,-0.0312,-1.3354,0.0000,0.0000,0.0000,-0.6615,-0.0863,0.1166,0.026,6140,-0.0054,0.0874,0.6508,1,3,0.165
104.801,0,3,2,-0.6167,0.6167,-0.6793,-0.0215,-1.2841,0.0000,0.0000,0.0000,-0.7376,0.0165,-2.2809,0.037,6143,0.0151,0.0965,0.6412,1,3,0.183
104.901,0,3,2,-0.6167,0.6167,-0.6784,-0.0132,-1.3186,0.0000,0.0000,0.0000,-0.6536,-0.0774,0.1081,0.006,6146,-0.0002,0.0923,0.6329,1,3,0.179
104.998,0,3,2,-0.6167,0.6167,-0.6793,-0.0053,-1.4317,0.0000,0.0000,0.0000,-0.7391,0.0156,-2.0414,0.027,6149,-0.0109,0.0813,0.6251,1,3,0.148
105.100,0,3,2,-0.6167,0.6167,-0.6795,0.0028,-1.2809,0.0000,0.0000,0.0000,-0.6566,-0.0578,-0.0383,0.002,6152,0.0003,0.0923,0.6171,1,3,0.179
105.200,0,3,2,-0.6167,0.6167,-0.6798,0.0121,-1.2154,0.0000,0.0000,0.0000,-0.7276,0.0644,-2.2106,0.019,6155,-0.0038,0.0880,0.6079,1,3,0.167
105.299,0,3,2,-0.6167,0.6167,-0.6802,0.0193,-1.1718,0.0000,0.0000,0.0000,-0.6575,-0.0386,0.3389,0.013,6158,-0.0089,0.0827,0.6007,1,3,0.152
105.400,0,3,2,-0.6167,0.6167,-0.6814,0.0286,-1.2841,0.0000,0.0000,0.0000,-0.7287,0.0640,-1.9815,0.034,6161,-0.0025,0.0887,0.5916,1,3,0.169
105.498,0,3,2,-0.6167,0.6167,-0.6817,0.0359,-1.1637,0.0000,0.0000,0.0000,-0.7292,0.0638,-1.8155,0.003,6165,-0.0073,0.0837,0.5844,1,3,0.155
105.601,0,3,2,-0.6167,0.6167,-0.6827,0.0454,-1.1016,0.0000,0.0000,0.0000,-0.7193,0.0997,-2.0628,0.038,6167,-0.0094,0.0812,0.5751,1,3,0.148
105.701,0,3,2,-0.6167,0.6167,-0.6830,0.0525,-1.2440,0.0000,0.0000,0.0000,-0.7193,0.1000,-2.0327,0.003,6171,0.0286,0.0915,0.5681,1,3,0.158
105.801,0,3,2,-0.6167,0.6167,-0.6815,0.0626,-1.4101,0.0000,0.0000,0.0000,-0.7196,0.0998,-2.0013,0.043,6173,0.0271,0.0921,0.5578,1,3,0.161
105.900,0,3,2,-0.6167,0.6167,-0.6799,0.0702,-1.2778,0.0000,0.0000,0.0000,-0.7196,0.0998,-1.9728,0.004,6177,0.0210,0.0946,0.5501,1,3,0.174
106.001,0,3,2,-0.6167,0.6167,-0.6792,0.0795,-1.1509,0.0000,0.0000,0.0000,-0.7216,0.0989,-1.6734,0.038,6179,-0.0061,0.0844,0.5408,1,3,0.157
106.100,0,3,2,-0.6167,0.6167,-0.6789,0.0869,-1.2075,0.0000,0.0000,0.0000,-0.7064,0.1348,-1.8605,0.003,6183,-0.0064,0.0840,0.5334,1,3,0.156
106.201,0,3,2,-0.6167,0.6167,-0.6794,0.0970,-1.2460,0.0000,0.0000,0.0000,-0.7065,0.1347,-1.8353,0.038,6185,0.0031,0.0932,0.5235,1,3,0.182
106.299,0,3,2,-0.6167,0.6167,-0.6791,0.1045,-1.2594,0.0000,0.0000,0.0000,-0.6628,0.0487,0.3307,0.021,6188,-0.0024,0.0875,0.5160,1,3,0.166
106.401,0,3,2,-0.6167,0.6167,-0.6794,0.1127,-1.1326,0.0000,0.0000,0.0000,-0.7079,0.1348,-1.5557,0.003,6191,0.0032,0.0928,0.5078,1,3,0.181
106.500,0,3,2,-0.6167,0.6167,-0.6792,0.1219,-1.3298,0.0000,0.0000,0.0000,-0.6590,0.0682,0.2608,0.014,6194,-0.0097,0.0797,0.4987,1,3,0.144
106.601,0,3,2,-0.6167,0.6167,-0.6794,0.1308,-1.3013,0.0000,0.0000,0.0000,-0.6896,0.1657,-1.7603,0.026,6197,-0.0020,0.0871,0.4899,1,3,0.165
106.698,0,3,2,-0.6167,0.6167,-0.6793,0.1385,-1.1706,0.0000,0.0000,0.0000,-0.6929,0.1646,-1.3939,0.003,6200,-0.0058,0.0832,0.4823,1,3,0.154
106.800,0,3,2,-0.6167,0.6167,-0.6794,0.1475,-1.1228,0.0000,0.0000,0.0000,-0.6905,0.2169,-2.1269,0.037,6203,0.0019,0.0906,0.4734,1,3,0.175
106.899,0,3,2,-0.6167,0.6167,-0.6789,0.1555,-1.1313,0.0000,0.0000,0.0000,-0.6600,0.1003,0.2167,0.017,6206,-0.0026,0.0860,0.4654,1,3,0.162
107.000,0,3,2,-0.6167,0.6167,-0.6787,0.1656,-1.1212,0.0000,0.0000,0.0000,-0.6930,0.2160,-1.8364,0.037,6209,-0.0101,0.0782,0.4553,1,3,0.140
107.100,0,3,2,-0.6167,0.6167,-0.6785,0.1723,-1.0908,0.0000,0.0000,0.0000,-0.6942,0.2156,-1.6557,0.008,6213,-0.0078,0.0803,0.4487,1,3,0.146
107.201,0,3,2,-0.6167,0.6167,-0.6789,0.1817,-1.0934,0.0000,0.0000,0.0000,-0.6946,0.2156,-1.5503,0.044,6215,-0.0021,0.0855,0.4394,1,3,0.161
107.298,0,3,2,-0.6167,0.6167,-0.6786,0.1886,-1.1944,0.0000,0.0000,0.0000,-0.6960,0.2157,-1.3064,0.003,6219,-0.0023,0.0852,0.4326,1,3,0.160
107.400,0,3,2,-0.6167,0.6167,-0.6783,0.1978,-1.2755,0.0000,0.0000,0.0000,-0.6939,0.2169,-1.4550,0.039,6221,-0.0042,0.0830,0.4234,1,3,0.154
107.499,0,3,2,-0.6167,0.6167,-0.6775,0.2052,-1.2289,0.0000,0.0000,0.0000,-0.6757,0.2478,-1.5582,0.003,6225,0.0033,0.0904,0.4159,1,3,0.175
107.600,0,3,2,-0.6167,0.6167,-0.6766,0.2151,-1.1352,0.0000,0.0000,0.0000,-0.6777,0.2473,-1.3587,0.043,6227,-0.0047,0.0823,0.4060,1,3,0.152
107.699,0,3,2,-0.6167,0.6167,-0.6764,0.2217,-1.1578,0.0000,0.0000,0.0000,-0.6572,0.1681,-0.0636,0.027,6230,0.0033,0.0900,0.3994,1,3,0.174
107.801,0,3,2,-0.6167,0.6167,-0.6758,0.2319,-1.1878,0.0000,0.0000,0.0000,-0.6738,0.2840,-1.5672,0.029,6233,-0.0082,0.0783,0.3893,1,3,0.141
107.901,0,3,2,-0.6167,0.6167,-0.6742,0.2384,-1.1210,0.0000,0.0000,0.0000,-0.6550,0.1865,-0.0699,0.003,6237,0.0255,0.0939,0.3827,1,3,0.172
108.001,0,3,2,-0.6167,0.6167,-0.6700,0.2488,-1.0856,0.0000,0.0000,0.0000,-0.6767,0.2838,-1.2507,0.025,6241,-0.0044,0.0830,0.3717,1,3,0.154
108.099,0,3,2,-0.6167,0.6167,-0.6675,0.2580,-1.3014,0.0000,0.0000,0.0000,-0.6646,0.2106,0.4507,0.009,6246,-0.0047,0.0831,0.3622,1,3,0.154
108.202,0,3,2,-0.6167,0.6167,-0.6651,0.2700,-1.3404,0.0000,0.0000,0.0000,-0.5831,0.2521,-0.0746,0.028,6251,0.0004,0.0884,0.3500,1,3,0.169
108.300,0,3,2,-0.6167,0.6167,-0.6636,0.2786,-1.3049,0.0000,0.0000,0.0000,-0.6410,0.4518,-3.5309,0.003,6256,0.0049,0.0930,0.3413,1,3,0.182
108.401,0,3,2,-0.6167,0.6167,-0.6608,0.2912,-1.2449,0.0000,0.0000,0.0000,-0.5936,0.2650,-0.2113,0.028,6260,0.0007,0.0891,0.3284,1,3,0.171
108.500,0,3,2,-0.6167,0.6167,-0.6589,0.2985,-1.1989,0.0000,0.0000,0.0000,-0.6414,0.4603,-3.1739,0.006,6265,0.0033,0.0920,0.3209,1,3,0.179
108.600,0,3,2,-0.6167,0.6167,-0.6554,0.3106,-1.2296,0.0000,0.0000,0.0000,-0.5975,0.2763,-0.4098,0.027,6269,-0.0002,0.0892,0.3085,1,3,0.171
108.699,0,3,2,-0.6167,0.6167,-0.6541,0.3190,-1.2054,0.0000,0.0000,0.0000,-0.6358,0.4646,-2.9145,0.004,6274,-0.0017,0.0878,0.3000,1,3,0.167
108.800,0,3,2,-0.6167,0.6167,-0.6524,0.3304,-1.2946,0.0000,0.0000,0.0000,-0.6020,0.2922,-0.5899,0.026,6278,-0.0000,0.0896,0.2885,1,3,0.172
108.898,0,3,2,-0.6167,0.6167,-0.6518,0.3386,-1.3762,0.0000,0.0000,0.0000,-0.6345,0.4906,-3.2688,0.006,6283,-0.0020,0.0875,0.2803,1,3,0.166
109.000,0,3,2,-0.6167,0.6167,-0.6505,0.3500,-1.1744,0.0000,0.0000,0.0000,-0.6068,0.3118,-0.8320,0.025,6287,0.0023,0.0917,0.2688,1,3,0.178
109.099,0,3,2,-0.6167,0.6167,-0.6496,0.3586,-1.1890,0.0000,0.0000,0.0000,-0.6522,0.3023,0.2751,0.024,6291,-0.0004,0.0889,0.2601,1,3,0.170
109.200,0,3,2,-0.6167,0.6167,-0.6486,0.3675,-1.1717,0.0000,0.0000,0.0000,-0.6339,0.5174,-3.0944,0.003,6296,0.0269,0.0926,0.2512,1,3,0.164
109.298,0,3,2,-0.6167,0.6167,-0.6468,0.3775,-1.2180,0.0000,0.0000,0.0000,-0.6522,0.3071,0.0739,0.021,6300,-0.0024,0.0871,0.2411,1,3,0.165
109.400,0,3,2,-0.6167,0.6167,-0.6462,0.3861,-1.1224,0.0000,0.0000,0.0000,-0.6159,0.3412,-1.1794,0.013,6306,-0.0036,0.0857,0.2325,1,3,0.161
109.502,0,3,2,-0.6167,0.6167,-0.6466,0.3892,-1.0603,0.0000,0.0000,0.0000,-0.6307,0.5423,-2.9007,0.004,6312,-0.0015,0.0874,0.2294,1,3,0.166
109.600,0,3,2,-0.6167,0.6167,-0.6463,0.3973,-1.1738,0.0000,0.0000,0.0000,-0.6203,0.3643,-1.4196,0.026,6318,-0.0061,0.0824,0.2214,1,3,0.152
109.699,0,3,2,-0.6167,0.6167,-0.6460,0.4002,-1.2007,0.0000,0.0000,0.0000,-0.6280,0.5686,-3.3991,0.003,6325,-0.0025,0.0860,0.2185,1,3,0.162
109.799,0,3,2,-0.6167,0.6167,-0.6440,0.4086,-1.0551,0.0000,0.0000,0.0000,-0.6350,0.3833,-2.2001,0.026,6330,0.0360,0.0889,0.2099,1,3,0.145
109.900,0,3,2,-0.6167,0.6167,-0.6413,0.4123,-0.8181,0.0000,0.0000,0.0000,-0.6256,0.5844,-3.1817,0.006,6337,0.0280,0.0919,0.2058,1,3,0.160
110.000,0,3,2,-0.6167,0.6167,-0.6380,0.4218,-0.7640,0.0000,0.0000,0.0000,-0.6369,0.3889,-2.1037,0.025,6342,0.0204,0.0947,0.1961,1,3,0.174
110.099,0,3,2,-0.6167,0.6167,-0.6331,0.4253,-0.9162,0.0000,0.0000,0.0000,-0.6174,0.6056,-3.2865,0.006,6349,0.0019,0.1015,0.1921,1,3,0.191
110.200,0,3,2,-0.6167,0.6167,-0.6274,0.4357,-1.0071,0.0000,0.0000,0.0000,-0.6157,0.4190,-1.6376,0.026,6354,0.0449,0.0999,0.1813,1,3,0.117
110.300,0,3,2,-0.6167,0.6167,-0.6185,0.4419,-0.9572,0.0000,0.0000,0.0000,-0.6115,0.6333,-3.4386,0.011,6361,0.0401,0.1000,0.1748,1,3,0.117
110.399,0,3,2,-0.6167,0.6167,-0.6131,0.4471,-0.9172,0.0000,0.0000,0.0000,-0.6071,0.6408,-3.3349,0.004,6366,-0.0205,0.0616,0.1696,1,3,0.117
110.502,0,3,2,-0.6167,0.6167,-0.6090,0.4541,-1.0043,0.0000,0.0000,0.0000,-0.6661,0.1486,6.8050,0.007,6372,-0.0231,0.0614,0.1627,1,3,0.117
110.598,0,3,2,-0.6167,0.6167,-0.6093,0.4589,-0.9352,0.0000,0.0000,0.0000,-0.6185,0.4532,-2.0578,0.004,6378,-0.0231,0.0614,0.1579,1,3,0.117
110.704,0,3,2,-0.6167,0.6167,-0.6094,0.4642,-0.7107,0.0000,0.0000,0.0000,-0.6037,0.6733,-3.1699,0.004,6383,-0.0227,0.0623,0.1527,1,3,0.119
110.800,0,3,2,-0.6167,0.6167,-0.6074,0.4744,-0.6497,0.0000,0.0000,0.0000,-0.6237,0.4562,-1.8012,0.027,6388,-0.0184,0.0770,0.1426,1,3,0.151
110.898,0,3,2,-0.6167,0.6167,-0.6046,0.4828,-0.4586,0.0000,0.0000,0.0000,-0.6082,0.6769,-2.4768,0.004,6393,0.0121,0.0993,0.1344,1,3,0.153
111.001,0,3,2,-0.6167,0.6167,-0.6033,0.4953,0.2322,0.0000,0.0000,0.0000,-0.5908,0.4829,0.8617,0.026,6397,-0.0230,0.0729,0.1221,1,3,0.147
111.100,0,3,2,-0.6167,0.6167,-0.6002,0.5035,0.2684,0.0000,0.0000,0.0000,-0.6155,0.7213,-1.7990,0.004,6402,-0.0240,0.0695,0.1144,1,3,0.151
111.199,0,3,2,-0.6167,0.6167,-0.5991,0.5145,0.8206,0.0000,0.0000,0.0000,-0.6015,0.4834,1.3955,0.025,6406,-0.0049,0.0813,0.1036,1,3,0.173
111.299,0,3,2,-0.6167,0.6167,-0.5952,0.5232,0.5201,0.0000,0.0000,0.0000,-0.6224,0.7249,-0.9123,0.006,6411,-0.0052,0.0800,0.0959,1,3,0.161
111.401,0,3,2,-0.6167,0.6167,-0.5946,0.5340,0.1521,0.0000,0.0000,0.0000,-0.6057,0.4960,1.4437,0.027,6415,-0.0029,0.0725,0.0855,1,3,0.148
111.500,0,3,2,-0.6167,0.6167,-0.5913,0.5394,-0.2137,0.0000,0.0000,0.0000,-0.6175,0.7470,-1.8146,0.009,6421,-0.0218,0.0349,0.0813,1,3,0.119
111.599,0,3,2,-0.6167,0.6167,-0.5945,0.5456,-0.3153,0.0000,0.0000,0.0000,-0.6045,0.5116,0.9491,0.024,6426,-0.0191,0.0317,0.0744,1,3,0.117
111.700,0,3,3,-0.6167,1.2333,-0.5978,0.5475,-0.3373,0.0000,0.0000,0.0000,-0.6477,0.5049,2.8135,0.016,6432,-0.0052,0.0584,0.6861,1,3,0.117
111.800,0,3,3,-0.6167,1.2333,-0.5994,0.5551,-0.3331,0.0000,0.0000,0.0000,-0.6160,0.5244,0.3002,0.006,6438,-0.0050,0.0584,0.6785,1,3,0.117
111.900,0,3,3,-0.6167,1.2333,-0.6008,0.5571,-0.3987,0.0000,0.0000,0.0000,-0.6007,0.4078,4.6642,0.017,6443,-0.0048,0.0584,0.6764,1,3,0.117
111.999,0,3,3,-0.6167,1.2333,-0.6025,0.5605,-0.3726,0.0000,0.0000,0.0000,-0.5893,0.5902,2.0427,0.003,6450,-0.0046,0.0584,0.6730,1,3,0.117
112.100,0,3,3,-0.6167,1.2333,-0.6040,0.5643,-0.4393,0.0000,0.0000,0.0000,-0.6027,0.4082,4.4985,0.003,6456,-0.0044,0.0584,0.6691,1,3,0.117
112.199,0,3,3,-0.6167,1.2333,-0.6032,0.5693,-0.3776,0.0000,0.0000,0.0000,-0.5255,0.6671,4.8747,0.022,6462,0.0024,0.1028,0.6641,1,3,0.185
112.300,0,3,3,-0.6167,1.2333,-0.6033,0.5760,-0.2160,0.0000,0.0000,0.0000,-0.5907,0.5914,2.1439,0.013,6469,0.0135,0.1074,0.6575,1,3,0.161
112.400,0,3,3,-0.6167,1.2333,-0.6033,0.5832,-0.3228,0.0000,0.0000,0.0000,-0.6289,0.5631,-0.6379,0.027,6474,0.0038,0.1033,0.6503,1,3,0.182
112.499,0,3,3,-0.6167,1.2333,-0.6035,0.5904,-0.4330,0.0000,0.0000,0.0000,-0.5920,0.5925,2.2372,0.012,6481,0.0152,0.1197,0.6431,1,3,0.144
112.598,0,3,3,-0.6167,1.2333,-0.6031,0.6008,-0.6066,0.0000,0.0000,0.0000,-0.6275,0.5845,-1.3421,0.027,6486,0.0112,0.0616,0.6326,1,3,0.117
112.698,0,3,3,-0.6167,1.2333,-0.6036,0.6062,-0.2525,0.0000,0.0000,0.0000,-0.5889,0.6724,0.8523,0.006,6493,0.0113,0.0616,0.6272,1,3,0.117
112.801,0,3,3,-0.6167,1.2333,-0.6033,0.6132,-0.5303,0.0000,0.0000,0.0000,-0.6352,0.6047,-1.8487,0.029,6498,0.0112,0.0616,0.6202,1,3,0.117
112.898,0,3,3,-0.6167,1.2333,-0.6035,0.6168,-0.5542,0.0000,0.0000,0.0000,-0.5957,0.8803,-4.0972,0.011,6505,0.0113,0.0616,0.6167,1,3,0.117
113.000,0,3,3,-0.6167,1.2333,-0.6034,0.6260,-0.7704,0.0000,0.0000,0.0000,-0.6334,0.6169,-2.1521,0.025,6510,0.0112,0.0615,0.6074,1,3,0.117
113.102,0,3,3,-0.6167,1.2333,-0.6036,0.6312,-0.9001,0.0000,0.0000,0.0000,-0.6472,0.6092,1.0700,0.024,6516,0.0112,0.0615,0.6023,1,3,0.117
113.202,0,3,3,-0.6167,1.2333,-0.6032,0.6376,-0.8603,0.0000,0.0000,0.0000,-0.6325,0.6287,-2.3865,0.003,6522,0.0111,0.0615,0.5958,1,3,0.117
113.300,0,3,3,-0.6167,1.2333,-0.6034,0.6457,-1.0542,0.0000,0.0000,0.0000,-0.6469,0.6155,0.7915,0.016,6527,0.0111,0.0615,0.5877,1,3,0.117
113.400,0,3,3,-0.6167,1.2333,-0.6031,0.6522,-1.0603,0.0000,0.0000,0.0000,-0.6000,0.8504,-3.4984,0.028,6533,0.0110,0.0615,0.5813,1,3,0.117
113.500,0,3,3,-0.6167,1.2333,-0.6031,0.6569,-0.9512,0.0000,0.0000,0.0000,-0.5967,0.8627,-3.5728,0.007,6540,0.0110,0.0615,0.5766,1,3,0.117
113.599,0,3,3,-0.6167,1.2333,-0.6013,0.6667,-0.9834,0.0000,0.0000,0.0000,-0.5300,0.7527,2.7920,0.023,6546,0.0107,0.0615,0.5668,1,3,0.117
113.701,0,3,3,-0.6167,1.2333,-0.6006,0.6715,-0.9201,0.0000,0.0000,0.0000,-0.5960,0.8660,-3.3817,0.010,6553,0.0105,0.0615,0.5620,1,3,0.117
113.800,0,3,3,-0.6167,1.2333,-0.5986,0.6808,-0.8882,0.0000,0.0000,0.0000,-0.5243,0.7681,2.8803,0.028,6558,0.0101,0.0615,0.5528,1,3,0.117
113.898,0,3,3,-0.6167,1.2333,-0.5979,0.6857,-0.8738,0.0000,0.0000,0.0000,-0.5908,0.8869,-3.7369,0.007,6565,0.0100,0.0615,0.5480,1,3,0.117
114.004,0,3,3,-0.6167,1.2333,-0.5958,0.6958,-0.9498,0.0000,0.0000,0.0000,-0.5186,0.7834,2.9778,0.029,6570,0.0095,0.0615,0.5379,1,3,0.117
114.101,0,3,3,-0.6167,1.2333,-0.5953,0.6998,-0.8595,0.0000,0.0000,0.0000,-0.5890,0.8896,-3.7004,0.010,6577,0.0094,0.0614,0.5340,1,3,0.117
114.201,0,3,3,-0.6167,1.2333,-0.5932,0.7096,-1.0213,0.0000,0.0000,0.0000,-0.5099,0.8009,3.0845,0.029,6582,0.0089,0.0614,0.5242,1,3,0.117
114.298,0,3,3,-0.6167,1.2333,-0.5928,0.7134,-1.0526,0.0000,0.0000,0.0000,-0.5850,0.9060,-4.0966,0.010,6589,0.0088,0.0614,0.5205,1,3,0.117
114.401,0,3,3,-0.6167,1.2333,-0.5907,0.7233,-0.9082,0.0000,0.0000,0.0000,-0.5045,0.8109,2.9547,0.026,6594,0.0083,0.0614,0.5107,1,3,0.117
114.499,0,3,3,-0.6167,1.2333,-0.5901,0.7288,-0.8855,0.0000,0.0000,0.0000,-0.6337,0.6911,0.2079,0.025,6599,0.0081,0.0614,0.5052,1,3,0.117
114.599,0,3,3,-0.6167,1.2333,-0.5894,0.7347,-0.8933,0.0000,0.0000,0.0000,-0.5811,0.9257,-4.1590,0.032,6605,0.0079,0.0613,0.4993,1,3,0.117
114.701,0,3,3,-0.6167,1.2333,-0.5879,0.7398,-0.8447,0.0000,0.0000,0.0000,-0.6280,0.7141,-0.0004,0.003,6612,0.0076,0.0613,0.4944,1,3,0.117
114.799,0,3,3,-0.6167,1.2333,-0.5883,0.7465,-1.0007,0.0000,0.0000,0.0000,-0.6125,0.7466,-3.4573,0.009,6618,0.0076,0.0613,0.4877,1,3,0.117
114.902,0,3,3,-0.6167,1.2333,-0.5889,0.7495,-1.1429,0.0000,0.0000,0.0000,-0.5795,0.9285,-4.1279,0.002,6625,0.0077,0.0613,0.4846,1,3,0.117
115.001,0,3,3,-0.6167,1.2333,-0.5896,0.7573,-1.1073,0.0000,0.0000,0.0000,-0.6153,0.7618,-3.9732,0.027,6630,0.0077,0.0613,0.4768,1,3,0.117
115.099,0,3,3,-0.6167,1.2333,-0.5898,0.7599,-1.1744,0.0000,0.0000,0.0000,-0.5739,0.9567,-4.4410,0.009,6635,0.0077,0.0613,0.4742,1,3,0.117
115.199,0,3,3,-0.6167,1.2333,-0.5894,0.7674,-1.2341,0.0000,0.0000,0.0000,-0.6137,0.7693,-4.1167,0.027,6639,0.0075,0.0613,0.4668,1,3,0.117
115.300,0,3,3,-0.6167,1.2333,-0.5878,0.7765,-1.3579,0.0000,0.0000,0.0000,-0.5699,0.9756,-4.7203,0.011,6644,0.0071,0.0613,0.4577,1,3,0.117
115.400,0,3,3,-0.6167,1.2333,-0.5870,0.7837,-1.3118,0.0000,0.0000,0.0000,-0.6141,0.7843,-4.2722,0.032,6648,0.0068,0.0612,0.4506,1,3,0.117
115.499,0,3,3,-0.6167,1.2333,-0.5858,0.7903,-1.3217,0.0000,0.0000,0.0000,-0.5683,0.9884,-4.7667,0.008,6653,0.0064,0.0612,0.4441,1,3,0.117
115.600,0,3,3,-0.6167,1.2333,-0.5849,0.8001,-1.3749,0.0000,0.0000,0.0000,-0.6061,0.8022,-3.8594,0.031,6657,0.0061,0.0612,0.4344,1,3,0.117
115.699,0,3,3,-0.6167,1.2333,-0.5839,0.8058,-1.3811,0.0000,0.0000,0.0000,-0.5697,0.9900,-4.5330,0.008,6662,0.0057,0.0611,0.4287,1,3,0.117
115.799,0,3,3,-0.6167,1.2333,-0.5831,0.8147,-1.4674,0.0000,0.0000,0.0000,-0.6069,0.8128,-4.0404,0.025,6666,0.0054,0.0611,0.4200,1,3,0.117
115.898,0,3,3,-0.6167,1.2333,-0.5822,0.8210,-1.4210,0.0000,0.0000,0.0000,-0.5711,0.7239,0.8378,0.015,6670,0.0051,0.0611,0.4138,1,3,0.117
116.000,0,3,3,-0.6167,1.2333,-0.5815,0.8278,-1.3726,0.0000,0.0000,0.0000,-0.5634,1.0253,-4.7431,0.011,6674,0.0048,0.0610,0.4071,1,3,0.117
116.101,0,3,3,-0.6167,1.2333,-0.5809,0.8366,-1.4216,0.0000,0.0000,0.0000,-0.6003,0.8328,-3.6943,0.034,6678,0.0044,0.0610,0.3983,1,3,0.117
116.199,0,3,3,-0.6167,1.2333,-0.5802,0.8441,-1.6083,0.0000,0.0000,0.0000,-0.6013,0.8400,-3.8416,0.018,6684,0.0041,0.0610,0.3909,1,3,0.117
116.301,0,3,3,-0.6167,1.2333,-0.5793,0.8522,-1.5195,0.0000,0.0000,0.0000,-0.5620,1.0362,-4.7960,0.006,6689,0.0036,0.0609,0.3829,1,3,0.117
116.399,0,3,3,-0.6167,1.2333,-0.5789,0.8564,-1.4285,0.0000,0.0000,0.0000,-0.6006,0.8504,-4.0247,0.032,6693,0.0034,0.0609,0.3788,1,3,0.117
116.500,0,3,3,-0.6167,1.2333,-0.5789,0.8590,-1.2542,0.0000,0.0000,0.0000,-0.5567,1.0671,-4.9207,0.008,6698,0.0034,0.0609,0.3762,1,3,0.117
116.598,0,3,3,-0.6167,1.2333,-0.5788,0.8655,-1.0848,0.0000,0.0000,0.0000,-0.5974,0.8660,-3.5970,0.031,6702,0.0032,0.0608,0.3697,1,3,0.117
116.699,0,3,3,-0.6167,1.2333,-0.5789,0.8684,-1.1596,0.0000,0.0000,0.0000,-0.5931,0.8280,0.5141,0.006,6707,0.0031,0.0608,0.3669,1,3,0.117
116.801,0,3,3,-0.6167,1.2333,-0.5792,0.8730,-1.2131,0.0000,0.0000,0.0000,-0.5961,0.8799,-3.7070,0.034,6711,0.0031,0.0608,0.3623,1,3,0.117
116.899,0,3,3,-0.6167,1.2333,-0.5794,0.8750,-1.1978,0.0000,0.0000,0.0000,-0.5541,1.0923,-4.9919,0.007,6716,0.0031,0.0608,0.3603,1,3,0.117
116.998,0,3,3,-0.6167,1.2333,-0.5787,0.8830,-1.2949,0.0000,0.0000,0.0000,-0.5953,0.8919,-3.8244,0.024,6720,0.0026,0.0608,0.3524,1,3,0.117
117.099,0,3,3,-0.6167,1.2333,-0.5779,0.8882,-1.2918,0.0000,0.0000,0.0000,-0.5896,0.8563,0.2673,0.008,6725,0.0023,0.0607,0.3473,1,3,0.117
117.199,0,3,3,-0.6167,1.2333,-0.5778,0.8935,-1.3137,0.0000,0.0000,0.0000,-0.5892,0.8557,0.3124,0.014,6729,0.0020,0.0607,0.3420,1,3,0.117
117.300,0,3,3,-0.6167,1.2333,-0.5782,0.8983,-1.2112,0.0000,0.0000,0.0000,-0.6123,0.8818,0.0029,0.023,6734,0.0020,0.0607,0.3372,1,3,0.117
117.399,0,3,3,-0.6167,1.2333,-0.5781,0.9027,-1.1659,0.0000,0.0000,0.0000,-0.5940,0.9190,-3.8550,0.006,6741,0.0018,0.0607,0.3329,1,3,0.117
117.500,0,3,3,-0.6167,1.2333,-0.5776,0.9103,-1.1986,0.0000,0.0000,0.0000,-0.5493,1.1286,-5.1538,0.004,6747,0.0014,0.0606,0.3254,1,3,0.117
117.599,0,3,3,-0.6167,1.2333,-0.5774,0.9195,-1.2367,0.0000,0.0000,0.0000,-0.5905,0.9321,-3.7031,0.032,6753,0.0010,0.0605,0.3163,1,3,0.117
117.700,0,3,3,-0.6167,1.2333,-0.5776,0.9236,-1.1939,0.0000,0.0000,0.0000,-0.5467,1.1517,-5.2362,0.006,6760,0.0009,0.0605,0.3121,1,3,0.117
117.801,0,3,3,-0.6167,1.2333,-0.5775,0.9317,-1.2556,0.0000,0.0000,0.0000,-0.5915,0.9458,-3.9118,0.034,6765,0.0006,0.0605,0.3041,1,3,0.117
117.900,0,3,3,-0.6167,1.2333,-0.5779,0.9354,-1.1740,0.0000,0.0000,0.0000,-0.5831,0.9252,-0.1730,0.008,6772,0.0005,0.0605,0.3005,1,3,0.117
117.999,0,3,3,-0.6167,1.2333,-0.5781,0.9406,-1.2614,0.0000,0.0000,0.0000,-0.5842,0.9608,-3.5189,0.028,6777,0.0004,0.0604,0.2953,1,3,0.117
118.102,0,3,3,-0.6167,1.2333,-0.5779,0.9436,-1.1095,0.0000,0.0000,0.0000,-0.5509,0.8470,2.8418,0.011,6784,0.0001,0.0604,0.2923,1,3,0.117
118.200,0,3,3,-0.6167,1.2333,-0.5779,0.9486,-1.1524,0.0000,0.0000,0.0000,-0.5873,0.9727,-3.7723,0.028,6788,-0.0001,0.0604,0.2873,1,3,0.117
118.301,0,3,3,-0.6167,1.2333,-0.5779,0.9536,-1.2619,0.0000,0.0000,0.0000,-0.5802,0.9518,-0.4166,0.008,6795,-0.0003,0.0603,0.2824,1,3,0.117
118.399,0,3,3,-0.6167,1.2333,-0.5776,0.9590,-1.1693,0.0000,0.0000,0.0000,-0.5868,0.9836,-3.8797,0.033,6800,-0.0007,0.0603,0.2771,1,3,0.117
118.500,0,3,3,-0.6167,1.2333,-0.5773,0.9644,-1.2239,0.0000,0.0000,0.0000,-0.6150,0.9603,0.1270,0.015,6806,-0.0011,0.0602,0.2718,1,3,0.117
118.598,0,3,3,-0.6167,1.2333,-0.5773,0.9706,-1.2059,0.0000,0.0000,0.0000,-0.5835,0.9972,-3.7787,0.018,6812,-0.0014,0.0602,0.2656,1,3,0.117
118.698,0,3,3,-0.6167,1.2333,-0.5770,0.9765,-1.1398,0.0000,0.0000,0.0000,-0.5387,0.9523,-0.0955,0.021,6817,-0.0018,0.0601,0.2599,1,3,0.117
118.801,0,3,3,-0.6167,1.2333,-0.5775,0.9823,-1.0726,0.0000,0.0000,0.0000,-0.5766,0.9967,-0.7758,0.008,6823,-0.0020,0.0600,0.2541,1,3,0.117
118.899,0,3,3,-0.6167,1.2333,-0.5769,0.9906,-1.1525,0.0000,0.0000,0.0000,-0.6137,0.9646,-0.0843,0.006,6830,-0.0027,0.0599,0.2460,1,3,0.117
118.999,0,3,3,-0.6167,1.2333,-0.5775,0.9964,-1.0867,0.0000,0.0000,0.0000,-0.5817,1.0218,-3.7180,0.019,6836,-0.0029,0.0599,0.2402,1,3,0.117
119.101,0,3,3,-0.6167,1.2333,-0.5775,1.0027,-1.1393,0.0000,0.0000,0.0000,-0.5747,1.0210,-0.8761,0.009,6842,-0.0033,0.0598,0.2339,1,3,0.117
119.201,0,3,3,-0.6167,1.2333,-0.5778,1.0094,-1.2072,0.0000,0.0000,0.0000,-0.5794,1.0390,-3.5306,0.034,6847,-0.0037,0.0597,0.2273,1,3,0.117
119.301,0,3,3,-0.6167,1.2333,-0.5778,1.0174,-1.2293,0.0000,0.0000,0.0000,-0.5737,1.0371,-1.0145,0.010,6853,-0.0043,0.0596,0.2194,1,3,0.117
119.402,0,3,3,-0.6167,1.2333,-0.5777,1.0245,-1.1878,0.0000,0.0000,0.0000,-0.5807,1.0557,-3.6543,0.035,6858,-0.0048,0.0595,0.2124,1,3,0.117
119.501,0,3,3,-0.6167,1.2333,-0.5770,1.0314,-1.1906,0.0000,0.0000,0.0000,-0.5729,1.0483,-0.9637,0.008,6863,-0.0058,0.0593,0.2058,1,3,0.117
119.599,0,3,3,-0.6167,1.2333,-0.5771,1.0371,-1.1443,0.0000,0.0000,0.0000,-0.5819,1.0680,-3.7869,0.032,6867,-0.0063,0.0592,0.2002,1,3,0.117
119.699,0,3,3,-0.6167,1.2333,-0.5770,1.0433,-1.2352,0.0000,0.0000,0.0000,-0.5436,1.2926,-5.7892,0.009,6872,-0.0070,0.0590,0.1941,1,3,0.117
119.799,0,3,3,-0.6167,1.2333,-0.5766,1.0514,-1.2429,0.0000,0.0000,0.0000,-0.5802,1.0804,-3.7239,0.032,6876,-0.0081,0.0587,0.1863,1,3,0.117
119.899,0,3,3,-0.6167,1.2333,-0.5763,1.0576,-1.1732,0.0000,0.0000,0.0000,-0.5508,1.0310,0.2328,0.024,6880,-0.0090,0.0585,0.1803,1,3,0.117
120.004,0,3,3,-0.6167,1.2333,-0.5767,1.0644,-1.1376,0.0000,0.0000,0.0000,-0.5817,1.0927,-3.7130,0.012,6885,-0.0096,0.0584,0.1736,1,3,0.117
120.101,0,3,3,-0.6167,1.2333,-0.5769,1.0697,-1.1714,0.0000,0.0000,0.0000,-0.5543,1.0323,0.4703,0.007,6889,-0.0101,0.0582,0.1684,1,3,0.117
120.200,0,3,3,-0.6167,1.2333,-0.5768,1.0751,-1.1640,0.0000,0.0000,0.0000,-0.5809,1.1056,-3.5794,0.021,6894,-0.0110,0.0580,0.1632,1,3,0.117
120.299,0,3,3,-0.6167,1.2333,-0.5776,1.0799,-1.2112,0.0000,0.0000,0.0000,-0.5369,1.0351,2.2354,0.008,6899,-0.0112,0.0579,0.1584,1,3,0.117
120.400,0,3,3,-0.6167,1.2333,-0.5777,1.0850,-1.2165,0.0000,0.0000,0.0000,-0.5811,1.1173,-3.7463,0.030,6903,-0.0119,0.0577,0.1534,1,3,0.117
120.502,0,3,3,-0.6167,1.2333,-0.5774,1.0901,-1.1860,0.0000,0.0000,0.0000,-0.5368,1.0505,2.2493,0.015,6908,-0.0129,0.0574,0.1485,1,3,0.117
120.602,0,3,3,-0.6167,1.2333,-0.5786,1.0975,-1.2501,0.0000,0.0000,0.0000,-0.5836,1.1305,-3.8010,0.035,6912,-0.0135,0.0572,0.1411,1,3,0.117
120.699,0,3,3,-0.6167,1.2333,-0.5784,1.1037,-1.2241,0.0000,0.0000,0.0000,-0.5985,1.1258,-2.7324,0.011,6917,-0.0148,0.0568,0.1351,1,3,0.117
120.801,0,3,3,-0.6167,1.2333,-0.5794,1.1107,-1.2467,0.0000,0.0000,0.0000,-0.5859,1.1406,-3.7827,0.036,6921,-0.0156,0.0566,0.1282,1,3,0.117
120.899,0,3,3,-0.6167,1.2333,-0.5801,1.1163,-1.3005,0.0000,0.0000,0.0000,-0.5389,1.0812,1.9929,0.008,6926,-0.0160,0.0553,0.1226,1,3,0.117
120.998,0,3,3,-0.6167,1.2333,-0.5805,1.1217,-1.3426,0.0000,0.0000,0.0000,-0.5861,1.1535,-3.7922,0.027,6930,-0.0163,0.0525,0.1173,1,3,0.117
121.101,0,3,3,-0.6167,1.2333,-0.5807,1.1281,-1.2522,0.0000,0.0000,0.0000,-0.5399,1.0968,2.0095,0.009,6935,-0.0168,0.0493,0.1112,1,3,0.117
121.200,0,3,3,-0.6167,1.2333,-0.5818,1.1330,-1.3091,0.0000,0.0000,0.0000,-0.5892,1.1654,-3.7875,0.033,6939,-0.0164,0.0470,0.1062,1,3,0.117
121.300,0,3,3,-0.6167,1.2333,-0.5827,1.1376,-1.3307,0.0000,0.0000,0.0000,-0.5406,1.1073,2.0196,0.055,6942,-0.0162,0.0447,0.1016,1,3,0.117
121.402,0,3,3,-0.6167,1.2333,-0.5831,1.1424,-1.3034,0.0000,0.0000,0.0000,-0.5912,1.1749,-3.8537,0.020,6948,-0.0164,0.0426,0.0969,1,3,0.117
121.499,0,3,3,-0.6167,1.2333,-0.5834,1.1466,-1.3043,0.0000,0.0000,0.0000,-0.5504,1.1615,-0.7804,0.017,6952,-0.0165,0.0402,0.0929,1,3,0.117
121.599,0,3,3,-0.6167,1.2333,-0.5839,1.1515,-1.3799,0.0000,0.0000,0.0000,-0.5928,1.1834,-3.7978,0.003,6957,-0.0167,0.0378,0.0882,1,3,0.117
121.700,0,3,3,-0.6167,1.2333,-0.5848,1.1575,-1.3757,0.0000,0.0000,0.0000,-0.5907,1.1791,-2.0348,0.009,6962,-0.0166,0.0348,0.0823,1,3,0.117
121.801,0,3,3,-0.6167,1.2333,-0.5858,1.1616,-1.2375,0.0000,0.0000,0.0000,-0.5959,1.1966,-3.7929,0.034,6966,-0.0162,0.0328,0.0781,1,3,0.117
121.903,0,3,4,0.0000,1.2333,-0.5867,1.1655,-1.3786,0.0000,0.0000,0.0000,-0.5863,1.1843,-1.4493,0.016,6971,0.1149,-0.0244,0.5906,1,3,0.117
121.999,0,3,4,0.0000,1.2333,-0.5826,1.1658,-1.3540,0.0000,0.0000,0.0000,-0.5975,1.2005,-3.7813,0.026,6975,0.1149,-0.0243,0.5865,1,3,0.117
122.100,0,3,4,0.0000,1.2333,-0.5703,1.1636,-1.6011,0.0000,0.0000,0.0000,-0.5454,1.1518,1.6944,0.012,6980,0.1148,-0.0237,0.5746,1,3,0.117
122.199,0,3,4,0.0000,1.2333,-0.5606,1.1630,-1.5887,0.0000,0.0000,0.0000,-0.5857,1.2003,-4.0749,0.032,6984,0.1148,-0.0234,0.5650,1,3,0.117
122.299,0,3,4,0.0000,1.2333,-0.5495,1.1626,-1.4359,0.0000,0.0000,0.0000,-0.5257,1.1390,1.7659,0.006,6989,0.1147,-0.0231,0.5540,1,3,0.117
122.401,0,3,4,0.0000,1.2333,-0.5375,1.1616,-1.7693,0.0000,0.0000,0.0000,-0.5585,1.1996,-3.8223,0.031,6993,0.1146,-0.0226,0.5422,1,3,0.117
122.502,0,3,4,0.0000,1.2333,-0.5265,1.1613,-1.6476,0.0000,0.0000,0.0000,-0.4950,1.2072,-0.3233,0.016,6998,0.1146,-0.0223,0.5314,1,3,0.117
122.600,0,3,4,0.0000,1.2333,-0.5154,1.1593,-1.6171,0.0000,0.0000,0.0000,-0.5338,1.2021,-3.7006,0.032,7002,0.1145,-0.0217,0.5207,1,3,0.117
122.700,0,3,4,0.0000,1.2333,-0.5046,1.1576,-1.6437,0.0000,0.0000,0.0000,-0.4760,1.1805,-1.4427,0.022,7006,0.1144,-0.0210,0.5102,1,3,0.117
122.798,0,3,4,0.0000,1.2333,-0.4941,1.1566,-1.8708,0.0000,0.0000,0.0000,-0.4727,1.2068,-0.2930,0.011,7010,0.1143,-0.0205,0.5000,1,3,0.117
122.900,0,3,4,0.0000,1.2333,-0.4825,1.1552,-1.6338,0.0000,0.0000,0.0000,-0.4742,1.1792,-1.5038,0.003,7015,0.1142,-0.0199,0.4888,1,3,0.117
123.001,0,3,4,0.0000,1.2333,-0.4705,1.1543,-1.5132,0.0000,0.0000,0.0000,-0.4874,1.1939,-3.5282,0.024,7020,0.1141,-0.0193,0.4771,1,3,0.117
123.099,0,3,4,0.0000,1.2333,-0.4599,1.1529,-1.6267,0.0000,0.0000,0.0000,-0.4528,1.0617,2.7434,0.009,7024,0.1139,-0.0187,0.4669,1,3,0.117
123.199,0,3,4,0.0000,1.2333,-0.4485,1.1521,-1.6993,0.0000,0.0000,0.0000,-0.4631,1.1905,-3.6403,0.033,7028,0.1138,-0.0181,0.4558,1,3,0.117
123.299,0,3,4,0.0000,1.2333,-0.4371,1.1511,-1.3758,0.0000,0.0000,0.0000,-0.4383,1.0403,2.8771,0.012,7033,0.1137,-0.0174,0.4447,1,3,0.117
123.402,0,3,4,0.0000,1.2333,-0.4244,1.1492,-1.5933,0.0000,0.0000,0.0000,-0.4383,1.1911,-3.1774,0.035,7037,0.1135,-0.0164,0.4327,1,3,0.117
123.500,0,3,4,0.0000,1.2333,-0.4138,1.1485,-1.6408,0.0000,0.0000,0.0000,-0.3807,1.1955,-0.6290,0.012,7042,0.1133,-0.0158,0.4224,1,3,0.117
123.602,0,3,4,0.0000,1.2333,-0.4009,1.1483,-1.5882,0.0000,0.0000,0.0000,-0.4120,1.1894,-3.4873,0.036,7046,0.1132,-0.0152,0.4098,1,3,0.117
123.698,0,3,4,0.0000,1.2333,-0.3904,1.1476,-1.5775,0.0000,0.0000,0.0000,-0.3604,1.1872,-0.3968,0.009,7051,0.1130,-0.0145,0.3997,1,3,0.117
123.800,0,3,4,0.0000,1.2333,-0.3787,1.1476,-1.5589,0.0000,0.0000,0.0000,-0.3892,1.1860,-3.3517,0.031,7055,0.1128,-0.0138,0.3883,1,3,0.117
123.898,0,3,4,0.0000,1.2333,-0.3665,1.1471,-1.6319,0.0000,0.0000,0.0000,-0.3381,1.1897,-0.7383,0.012,7060,0.1126,-0.0130,0.3765,1,3,0.117
124.000,0,3,4,0.0000,1.2333,-0.3546,1.1467,-1.5794,0.0000,0.0000,0.0000,-0.3335,1.1890,-0.9092,0.013,7064,0.1124,-0.0122,0.3650,1,3,0.117
124.098,0,3,4,0.0000,1.2333,-0.3445,1.1461,-1.5943,0.0000,0.0000,0.0000,-0.3413,1.1414,-1.2912,0.003,7068,0.1122,-0.0114,0.3553,1,3,0.117
124.199,0,3,4,0.0000,1.2333,-0.3319,1.1459,-1.3748,0.0000,0.0000,0.0000,-0.3425,1.1805,-3.2210,0.007,7073,0.1119,-0.0105,0.3432,1,3,0.117
124.299,0,3,4,0.0000,1.2333,-0.3214,1.1453,-1.5508,0.0000,0.0000,0.0000,-0.2930,1.1787,-0.5298,0.010,7078,0.1116,-0.0095,0.3333,1,3,0.117
124.401,0,3,4,0.0000,1.2333,-0.3087,1.1452,-1.5585,0.0000,0.0000,0.0000,-0.3183,1.1796,-3.1957,0.029,7082,0.1113,-0.0085,0.3211,1,3,0.117
124.499,0,3,4,0.0000,1.2333,-0.2986,1.1446,-1.5150,0.0000,0.0000,0.0000,-0.2703,1.1757,-0.7153,0.011,7087,0.1110,-0.0075,0.3115,1,3,0.117
124.601,0,3,4,0.0000,1.2333,-0.2861,1.1461,-1.5101,0.0000,0.0000,0.0000,-0.2954,1.1753,-3.2740,0.034,7091,0.1108,-0.0068,0.2991,1,3,0.117
124.698,0,3,4,0.0000,1.2333,-0.2761,1.1465,-1.4806,0.0000,0.0000,0.0000,-0.2482,1.1766,-0.8005,0.008,7096,0.1105,-0.0060,0.2894,1,3,0.117
124.801,0,3,4,0.0000,1.2333,-0.2634,1.1467,-1.6018,0.0000,0.0000,0.0000,-0.2703,1.1798,-3.0143,0.034,7100,0.1101,-0.0047,0.2772,1,3,0.117
124.901,0,3,4,0.0000,1.2333,-0.2516,1.1466,-1.6859,0.0000,0.0000,0.0000,-0.2243,1.1712,-0.8985,0.013,7105,0.1096,-0.0034,0.2661,1,3,0.117
124.998,0,3,4,0.0000,1.2333,-0.2419,1.1468,-1.5822,0.0000,0.0000,0.0000,-0.2480,1.1777,-3.2264,0.026,7109,0.1092,-0.0023,0.2569,1,3,0.117
125.098,0,3,4,0.0000,1.2333,-0.2299,1.1468,-1.7221,0.0000,0.0000,0.0000,-0.2053,1.1730,-1.0822,0.014,7114,0.1086,-0.0008,0.2456,1,3,0.117
125.201,0,3,4,0.0000,1.2333,-0.2181,1.1471,-1.6400,0.0000,0.0000,0.0000,-0.2239,1.1789,-3.2149,0.036,7118,0.1079,0.0007,0.2345,1,3,0.117
125.299,0,3,4,0.0000,1.2333,-0.2081,1.1472,-1.6491,0.0000,0.0000,0.0000,-0.1821,1.1722,-1.0885,0.011,7123,0.1073,0.0022,0.2252,1,3,0.117
125.400,0,3,4,0.0000,1.2333,-0.1958,1.1480,-1.6415,0.0000,0.0000,0.0000,-0.2014,1.1763,-3.1289,0.027,7127,0.1065,0.0039,0.2136,1,3,0.117
125.499,0,3,4,0.0000,1.2333,-0.2034,1.1439,-1.4716,0.0000,0.0000,0.0000,-1.8840,0.6476,33.2114,0.003,7133,0.1064,0.0042,0.2222,1,3,0.117
125.600,0,3,4,0.0000,1.2333,-0.2247,1.1356,-1.0157,0.0000,0.0000,0.0000,-0.1785,1.1801,-2.9910,0.015,7139,0.1066,0.0038,0.2450,1,3,0.117
125.701,0,3,4,0.0000,1.2333,-0.2283,1.1325,-0.9956,0.0000,0.0000,0.0000,-0.1388,1.1704,-1.1770,0.007,7145,0.1063,0.0043,0.2496,1,3,0.117
125.799,0,3,4,0.0000,1.2333,-0.2461,1.1265,-0.8314,0.0000,0.0000,0.0000,-0.1545,1.1802,-3.2299,0.025,7151,0.1066,0.0038,0.2683,1,3,0.117
125.901,0,3,4,0.0000,1.2333,-0.2610,1.1198,-0.5635,0.0000,0.0000,0.0000,-0.1195,1.1702,-1.7344,0.016,7158,0.1066,0.0038,0.2846,1,3,0.117
126.002,0,3,4,0.0000,1.2333,-0.2618,1.1179,-0.5234,0.0000,0.0000,0.0000,-0.1293,1.1819,-3.2951,0.030,7163,0.1063,0.0043,0.2861,1,3,0.117
126.102,0,3,4,0.0000,1.2333,-0.2730,1.1125,-0.4912,0.0000,0.0000,0.0000,-0.1018,1.1643,-1.8251,0.014,7170,0.1063,0.0044,0.2986,1,3,0.117
126.200,0,3,4,0.0000,1.2333,-0.2714,1.1110,-0.5928,0.0000,0.0000,0.0000,-0.1064,1.1821,-3.8125,0.033,7175,0.1060,0.0050,0.2977,1,3,0.117
126.300,0,3,4,0.0000,1.2333,-0.2849,1.1054,-0.3222,0.0000,0.0000,0.0000,-0.0833,1.1624,-2.4918,0.012,7182,0.1061,0.0049,0.3123,1,3,0.117
126.400,0,3,4,0.0000,1.2333,-0.2793,1.1053,-0.4284,0.0000,0.0000,0.0000,-0.0830,1.1815,-4.0709,0.031,7187,0.1057,0.0056,0.3073,1,3,0.117
126.499,0,3,4,0.0000,1.2333,-0.2872,1.1015,-0.4064,0.0000,0.0000,0.0000,-0.0627,1.1654,-2.8881,0.010,7194,0.1057,0.0056,0.3160,1,3,0.117
126.601,0,3,4,0.0000,1.2333,-0.2819,1.1010,-0.5013,0.0000,0.0000,0.0000,-0.0608,1.1842,-4.5603,0.034,7199,0.1053,0.0064,0.3114,1,3,0.117
126.701,0,3,4,0.0000,1.2333,-0.2948,1.0958,-0.2574,0.0000,0.0000,0.0000,-1.7875,0.7250,31.3133,0.023,7204,0.1054,0.0062,0.3253,1,3,0.117
126.798,0,3,4,0.0000,1.2333,-0.2887,1.0954,-0.4487,0.0000,0.0000,0.0000,-0.0328,1.1849,-4.6482,0.003,7210,0.1050,0.0070,0.3200,1,3,0.117
126.901,0,3,4,0.0000,1.2333,-0.2979,1.0920,-0.2662,0.0000,0.0000,0.0000,-0.0466,1.1076,-3.5704,0.003,7216,0.1051,0.0068,0.3298,1,3,0.117
127.001,0,3,4,0.0000,1.2333,-0.2853,1.0928,-0.5202,0.0000,0.0000,0.0000,-0.0111,1.1854,-5.0380,0.020,7222,0.1045,0.0081,0.3181,1,3,0.117
127.100,0,3,4,0.0000,1.2333,-0.2769,1.0928,-0.6209,0.0000,0.0000,0.0000,-1.7890,0.7277,31.1968,0.002,7229,0.1039,0.0091,0.3106,1,3,0.117
127.201,0,3,4,0.0000,1.2333,-0.2864,1.0892,-0.4774,0.0000,0.0000,0.0000,0.0148,1.1900,-5.2460,0.035,7233,0.1041,0.0087,0.3206,1,3,0.117
127.300,0,3,4,0.0000,1.2333,-0.2901,1.0863,-0.6058,0.0000,0.0000,0.0000,0.0164,1.1666,-5.1434,0.014,7240,0.1039,0.0091,0.3253,1,3,0.117
127.401,0,3,4,0.0000,1.2333,-0.2864,1.0858,-0.5658,0.0000,0.0000,0.0000,0.0384,1.1863,-5.8618,0.035,7244,0.1036,0.0097,0.3222,1,3,0.117
127.500,0,3,4,0.0000,1.2333,-0.2930,1.0824,-0.5482,0.0000,0.0000,0.0000,0.0346,1.1651,-5.5873,0.008,7251,0.1036,0.0097,0.3295,1,3,0.117
127.601,0,3,4,0.0000,1.2333,-0.2799,1.0841,-0.6068,0.0000,0.0000,0.0000,0.0634,1.1909,-6.0478,0.031,7256,0.1029,0.0109,0.3172,1,3,0.117
127.700,0,3,4,0.0000,1.2333,-0.2866,1.0813,-0.6149,0.0000,0.0000,0.0000,0.0505,1.1641,-6.1677,0.007,7263,0.1030,0.0107,0.3244,1,3,0.117
127.801,0,3,4,0.0000,1.2333,-0.2738,1.0827,-0.7824,0.0000,0.0000,0.0000,0.0866,1.1930,-6.4575,0.036,7268,0.1023,0.0120,0.3125,1,3,0.117
127.899,0,3,4,0.0000,1.2333,-0.2532,1.0913,-0.8721,0.0000,0.0000,0.0000,0.0648,1.1643,-6.7516,0.015,7275,0.1019,0.0127,0.2903,1,3,0.117
128.001,0,3,4,0.0000,1.2333,-0.2351,1.0964,-1.0948,0.0000,0.0000,0.0000,0.1109,1.1906,-6.5200,0.029,7279,0.1010,0.0141,0.2721,1,3,0.117
128.099,0,3,4,0.0000,1.2333,-0.2214,1.1036,-1.1338,0.0000,0.0000,0.0000,0.0857,1.1628,-7.0396,0.003,7285,0.1009,0.0144,0.2566,1,3,0.117
128.201,0,3,4,0.0000,1.2333,-0.1951,1.1096,-1.3397,0.0000,0.0000,0.0000,0.1348,1.1951,-6.6212,0.012,7291,0.0990,0.0173,0.2310,1,3,0.117
128.300,0,3,4,0.0000,1.2333,-0.1796,1.1143,-1.4732,0.0000,0.0000,0.0000,0.1120,1.1105,-6.3426,0.003,7296,0.0978,0.0190,0.2155,1,3,0.117
128.401,0,3,4,0.0000,1.2333,-0.1601,1.1216,-1.6449,0.0000,0.0000,0.0000,0.1117,1.1598,-7.2167,0.027,7302,0.0964,0.0209,0.1952,1,3,0.117
128.504,0,3,4,0.0000,1.2333,-0.1431,1.1260,-1.6314,0.0000,0.0000,0.0000,-0.3935,1.3384,3.9912,0.003,7309,0.0943,0.0237,0.1789,1,3,0.117
128.601,0,3,4,0.0000,1.2333,-0.1255,1.1314,-1.7559,0.0000,0.0000,0.0000,0.0974,1.0760,-12.5573,0.027,7314,0.0919,0.0266,0.1617,1,3,0.117
128.698,0,3,4,0.0000,1.2333,-0.1123,1.1366,-1.8116,0.0000,0.0000,0.0000,0.1416,1.1651,-7.4196,0.003,7321,0.0900,0.0288,0.1482,1,3,0.117
128.801,0,3,4,0.0000,1.2333,-0.0941,1.1400,-2.0402,0.0000,0.0000,0.0000,0.1750,1.1235,-6.8315,0.004,7327,0.0851,0.0338,0.1326,1,3,0.117
128.899,0,3,4,0.0000,1.2333,-0.0810,1.1460,-1.9860,0.0000,0.0000,0.0000,0.1614,1.1679,-7.3651,0.010,7333,0.0782,0.0349,0.1191,1,3,0.117
128.999,0,3,4,0.0000,1.2333,-0.0669,1.1507,-2.0595,0.0000,0.0000,0.0000,0.1869,1.1250,-6.2282,0.003,7339,0.0654,0.0348,0.1064,1,3,0.117
129.101,0,3,4,0.0000,1.2333,-0.0527,1.1568,-2.1208,0.0000,0.0000,0.0000,0.1793,1.1757,-6.9442,0.019,7345,0.0524,0.0338,0.0929,1,3,0.117
129.198,0,3,4,0.0000,1.2333,-0.0433,1.1605,-2.4100,0.0000,0.0000,0.0000,0.1765,1.1102,-10.6151,0.027,7350,0.0439,0.0331,0.0847,1,3,0.117
129.300,0,3,4,0.0000,1.2333,-0.0317,1.1662,-2.2210,0.0000,0.0000,0.0000,0.1908,1.1743,-6.7930,0.012,7357,0.0334,0.0316,0.0743,1,3,0.117
129.400,0,3,4,0.0000,1.2333,-0.0231,1.1684,-2.2957,0.0000,0.0000,0.0000,0.1901,1.1181,-10.1281,0.030,7362,0.0000,0.0000,0.0689,1,3,0.117
129.498,0,3,4,0.0000,1.2333,-0.0182,1.1706,-2.3365,0.0000,0.0000,0.0000,0.2070,1.1346,-5.7587,0.017,7368,0.0000,0.0000,0.0653,1,3,0.117
129.598,0,3,4,0.0000,1.2333,-0.0138,1.1714,-2.4000,0.0000,0.0000,0.0000,0.1971,1.1793,-6.5670,0.006,7373,0.0000,0.0000,0.0634,1,3,0.117
129.700,0,3,4,0.0000,1.2333,-0.0078,1.1733,-2.5094,0.0000,0.0000,0.0000,-0.2198,1.3339,2.8195,0.020,7379,0.0000,0.0000,0.0606,1,3,0.117
129.800,0,3,4,0.0000,1.2333,0.0017,1.1731,-2.6909,0.0000,0.0000,0.0000,0.1951,1.1221,-10.0187,0.022,7386,0.0000,0.0000,0.0603,1,3,0.117
129.899,0,3,4,0.0000,1.2333,0.0070,1.1734,-2.7764,0.0000,0.0000,0.0000,0.1971,1.1793,-6.5681,0.009,7392,0.0000,0.0000,0.0603,1,3,0.117
130.000,0,3,4,0.0000,1.2333,0.0116,1.1751,-2.8696,0.0000,0.0000,0.0000,0.2068,1.1352,-5.7170,0.003,7399,0.0000,0.0000,0.0594,1,3,0.117
130.101,0,3,4,0.0000,1.2333,0.0159,1.1768,-2.9271,0.0000,0.0000,0.0000,0.1972,1.1793,-6.5685,0.013,7405,0.0000,0.0000,0.0587,1,3,0.117
130.201,0,3,4,0.0000,1.2333,0.0204,1.1768,-3.0326,0.0000,0.0000,0.0000,0.2068,1.1352,-5.7158,0.003,7411,0.0000,0.0000,0.0601,1,3,0.117
130.299,0,3,4,0.0000,1.2333,0.0225,1.1784,-3.0567,0.0000,0.0000,0.0000,0.1972,1.1794,-6.5674,0.010,7417,0.0000,0.0000,0.0593,1,3,0.117
130.401,0,3,4,0.0000,1.2333,0.0282,1.1784,-3.1842,0.0000,0.0000,0.0000,0.1951,1.1221,-10.0185,0.032,7422,0.0000,0.0000,0.0618,0,4,0.117
130.501,0,3,4,0.0000,1.2333,0.0315,1.1799,-3.2271,0.0000,0.0000,0.0000,0.1972,1.1794,-6.5670,0.015,7429,0.0000,0.0000,0.0620,0,4,0.117
130.602,0,3,4,0.0000,1.2333,0.0352,1.1798,-3.3202,0.0000,0.0000,0.0000,0.1951,1.1221,-10.0185,0.035,7434,0.0000,0.0000,0.0641,0,4,0.117
130.700,0,3,4,0.0000,1.2333,0.0365,1.1813,-3.3332,0.0000,0.0000,0.0000,0.1972,1.1794,-6.5671,0.007,7441,0.0000,0.0000,0.0636,0,4,0.117
130.800,0,3,4,0.0000,1.2333,0.0415,1.1811,-3.4468,0.0000,0.0000,0.0000,0.1972,1.1794,-6.5669,0.022,7446,0.0000,0.0000,0.0667,0,4,0.117
130.901,0,3,4,0.0000,1.2333,0.0424,1.1829,-3.4614,0.0000,0.0000,0.0000,0.1972,1.1794,-6.5678,0.003,7452,0.0000,0.0000,0.0659,0,4,0.117
131.000,0,3,4,0.0000,1.2333,0.0472,1.1822,-3.5562,0.0000,0.0000,0.0000,0.1951,1.1221,-10.0131,0.007,7458,0.0000,0.0000,0.0696,0,4,0.117
131.098,0,3,4,0.0000,1.2333,0.0504,1.1821,-3.5976,0.0000,0.0000,0.0000,-0.2195,1.3344,2.8129,0.003,7464,0.0000,0.0000,0.0719,0,4,0.117
131.201,0,3,4,0.0000,1.2333,0.0522,1.1833,-3.6519,0.0000,0.0000,0.0000,0.1951,1.1221,-10.0131,0.028,7470,0.0000,0.0000,0.0723,0,4,0.117
131.298,0,3,4,0.0000,1.2333,0.0540,1.1845,-3.6726,0.0000,0.0000,0.0000,0.1974,1.1795,-6.5661,0.012,7477,0.0000,0.0000,0.0728,0,4,0.117
131.398,0,3,4,0.0000,1.2333,0.0567,1.1843,-3.7487,0.0000,0.0000,0.0000,0.1951,1.1221,-10.0131,0.030,7482,0.0000,0.0000,0.0750,0,4,0.117
131.499,0,3,4,0.0000,1.2333,0.0569,1.1855,-3.7454,0.0000,0.0000,0.0000,-0.2196,1.3345,2.8132,0.018,7488,0.0000,0.0000,0.0743,0,4,0.117
131.599,0,3,4,0.0000,1.2333,0.0607,1.1851,-3.8431,0.0000,0.0000,0.0000,0.1951,1.1221,-10.0131,0.031,7494,0.0000,0.0000,0.0775,0,4,0.117
131.700,0,3,4,0.0000,1.2333,0.0607,1.1863,-3.8363,0.0000,0.0000,0.0000,0.1975,1.1796,-6.5662,0.007,7501,0.0000,0.0000,0.0768,0,4,0.117
131.798,0,3,4,0.0000,1.2333,0.0643,1.1859,-3.9277,0.0000,0.0000,0.0000,0.1951,1.1221,-10.0131,0.028,7506,0.0000,0.0000,0.0799,0,4,0.117
131.899,0,3,4,0.0000,1.2333,0.0653,1.1870,-3.9369,0.0000,0.0000,0.0000,0.1975,1.1796,-6.5655,0.014,7513,0.0000,0.0000,0.0801,0,4,0.117
131.998,0,3,4,0.0000,1.2333,0.0676,1.1866,-4.0034,0.0000,0.0000,0.0000,0.1951,1.1221,-10.0131,0.027,7518,0.0000,0.0000,0.0822,0,4,0.117
132.101,0,3,4,0.0000,1.2333,0.0672,1.1877,-3.9901,0.0000,0.0000,0.0000,0.1976,1.1796,-6.5655,0.009,7525,0.0000,0.0000,0.0812,0,4,0.117
132.200,0,3,4,0.0000,1.2333,0.0705,1.1872,-4.0728,0.0000,0.0000,0.0000,0.2072,1.1350,-5.7212,0.026,7530,0.0000,0.0000,0.0843,0,4,0.117
132.300,0,3,4,0.0000,1.2333,0.0714,1.1874,-4.0943,0.0000,0.0000,0.0000,0.2072,1.1350,-5.7219,0.008,7535,0.0000,0.0000,0.0849,0,4,0.117
132.399,0,3,4,0.0000,1.2333,0.0708,1.1885,-4.0765,0.0000,0.0000,0.0000,0.1976,1.1796,-6.5659,0.003,7542,0.0000,0.0000,0.0838,0,4,0.117
132.500,0,3,4,0.0000,1.2333,0.0725,1.1888,-4.1182,0.0000,0.0000,0.0000,0.1976,1.1797,-6.5652,0.002,7549,0.0000,0.0000,0.0851,0,4,0.117
132.602,0,3,4,0.0000,1.2333,0.0755,1.1883,-4.1964,0.0000,0.0000,0.0000,0.1951,1.1221,-10.0131,0.024,7554,0.0000,0.0000,0.0879,0,4,0.117
132.700,0,3,4,0.0000,1.2333,0.0747,1.1893,-4.1755,0.0000,0.0000,0.0000,0.1976,1.1797,-6.5656,0.003,7561,0.0000,0.0000,0.0867,0,4,0.117
132.799,0,3,4,0.0000,1.2333,0.0776,1.1887,-4.2499,0.0000,0.0000,0.0000,0.2074,1.1350,-5.7238,0.003,7567,0.0000,0.0000,0.0895,0,4,0.117
132.899,0,3,4,0.0000,1.2333,0.0767,1.1897,-4.2282,0.0000,0.0000,0.0000,0.1976,1.1797,-6.5652,0.009,7573,0.0000,0.0000,0.0882,0,4,0.117
133.004,0,3,4,0.0000,1.2333,0.0795,1.1891,-4.3022,0.0000,0.0000,0.0000,0.2074,1.1350,-5.7231,0.004,7579,0.0000,0.0000,0.0909,0,4,0.117
133.098,0,3,4,0.0000,1.2333,0.0795,1.1900,-4.2939,0.0000,0.0000,0.0000,0.1976,1.1797,-6.5654,0.013,7585,0.0000,0.0000,0.0906,0,4,0.117
133.202,0,3,4,0.0000,1.2333,0.0812,1.1895,-4.3485,0.0000,0.0000,0.0000,0.2076,1.1349,-5.7279,0.003,7591,0.0000,0.0000,0.0922,0,4,0.117
133.299,0,3,4,0.0000,1.2333,0.0800,1.1904,-4.3191,0.0000,0.0000,0.0000,0.1977,1.1797,-6.5658,0.005,7597,0.0000,0.0000,0.0908,0,4,0.117
133.399,0,3,4,0.0000,1.2333,0.0827,1.1898,-4.3876,0.0000,0.0000,0.0000,0.2076,1.1349,-5.7278,0.003,7603,0.0000,0.0000,0.0934,0,4,0.117
133.501,0,3,4,0.0000,1.2333,0.0815,1.1907,-4.3593,0.0000,0.0000,0.0000,-0.2195,1.3345,2.8098,0.027,7608,0.0000,0.0000,0.0919,0,4,0.117
133.598,0,3,4,0.0000,1.2333,0.0830,1.1907,-4.3877,0.0000,0.0000,0.0000,0.1951,1.1221,-10.0136,0.005,7614,0.0000,0.0000,0.0933,0,4,0.117
133.700,0,3,4,0.0000,1.2333,0.0817,1.1915,-4.3904,0.0000,0.0000,0.0000,-0.2194,1.3345,2.8081,0.024,7619,0.0000,0.0000,0.0918,0,4,0.117
133.800,0,3,4,0.0000,1.2333,0.0854,1.1903,-4.4658,0.0000,0.0000,0.0000,0.1951,1.1221,-10.0136,0.009,7626,0.0000,0.0000,0.0956,0,4,0.117
133.900,0,3,4,0.0000,1.2333,0.0869,1.1899,-4.4862,0.0000,0.0000,0.0000,0.1977,1.1797,-6.5651,0.010,7632,0.0000,0.0000,0.0971,0,4,0.117
134.004,0,3,4,0.0000,1.2333,0.0864,1.1906,-4.4998,0.0000,0.0000,0.0000,0.2077,1.1349,-5.7261,0.006,7639,0.0000,0.0000,0.0964,0,4,0.117
134.100,0,3,4,0.0000,1.2333,0.0850,1.1915,-4.4669,0.0000,0.0000,0.0000,0.1977,1.1797,-6.5655,0.009,7645,0.0000,0.0000,0.0948,0,4,0.117
134.202,0,3,4,0.0000,1.2333,0.0874,1.1908,-4.5316,0.0000,0.0000,0.0000,0.1951,1.1221,-10.0136,0.032,7650,0.0000,0.0000,0.0972,0,4,0.117
134.298,0,3,4,0.0000,1.2333,0.0870,1.1915,-4.5115,0.0000,0.0000,0.0000,0.1977,1.1797,-6.5651,0.012,7657,0.0000,0.0000,0.0965,0,4,0.117
134.399,0,3,4,0.0000,1.2333,0.0883,1.1910,-4.5589,0.0000,0.0000,0.0000,0.1951,1.1221,-10.0136,0.032,7662,0.0000,0.0000,0.0979,0,4,0.117
134.499,0,3,4,0.0000,1.2333,0.0868,1.1918,-4.5247,0.0000,0.0000,0.0000,0.1978,1.1797,-6.5660,0.010,7669,0.0000,0.0000,0.0962,0,4,0.117
134.601,0,3,4,0.0000,1.2333,0.0891,1.1911,-4.5848,0.0000,0.0000,0.0000,0.1951,1.1221,-10.0136,0.033,7674,0.0000,0.0000,0.0986,0,4,0.117
134.699,0,3,4,0.0000,1.2333,0.0875,1.1920,-4.5486,0.0000,0.0000,0.0000,0.1978,1.1798,-6.5648,0.007,7681,0.0000,0.0000,0.0968,0,4,0.117
134.800,0,3,4,0.0000,1.2333,0.0898,1.1913,-4.6077,0.0000,0.0000,0.0000,0.2078,1.1349,-5.7296,0.003,7687,0.0000,0.0000,0.0991,0,4,0.117
134.899,0,3,4,0.0000,1.2333,0.0871,1.1926,-4.5610,0.0000,0.0000,0.0000,-0.2195,1.3345,2.8105,0.032,7691,0.0000,0.0000,0.0962,0,4,0.117
134.999,0,3,4,0.0000,1.2333,0.0895,1.1920,-4.5912,0.0000,0.0000,0.0000,0.1951,1.1221,-10.0136,0.003,7698,0.0000,0.0000,0.0986,0,4,0.117
135.102,0,3,4,0.0000,1.2333,0.0925,1.1904,-4.6489,0.0000,0.0000,0.0000,-0.2141,1.3324,2.7142,0.002,7704,0.0000,0.0000,0.1019,0,4,0.117
135.201,0,3,4,0.0000,1.2333,0.0935,1.1904,-4.6688,0.0000,0.0000,0.0000,0.1951,1.1221,-10.0136,0.003,7710,0.0000,0.0000,0.1029,0,4,0.117
135.298,0,3,4,0.0000,1.2333,0.0957,1.1894,-4.7167,0.0000,0.0000,0.0000,0.1979,1.1798,-6.5657,0.012,7716,0.0000,0.0000,0.1053,0,4,0.117
135.400,0,3,4,0.0000,1.2333,0.0947,1.1900,-4.7186,0.0000,0.0000,0.0000,0.2080,1.1349,-5.7326,0.003,7723,0.0000,0.0000,0.1042,0,4,0.117
135.501,0,3,4,0.0000,1.2333,0.0940,1.1908,-4.6903,0.0000,0.0000,0.0000,0.1979,1.1798,-6.5663,0.014,7729,0.0000,0.0000,0.1031,0,4,0.117
135.605,0,3,4,0.0000,1.2333,0.0950,1.1903,-4.7314,0.0000,0.0000,0.0000,0.2080,1.1349,-5.7314,0.004,7735,0.0000,0.0000,0.1043,0,4,0.117
135.698,0,3,4,0.0000,1.2333,0.0933,1.1911,-4.6882,0.0000,0.0000,0.0000,0.1979,1.1798,-6.5657,0.007,7741,0.0000,0.0000,0.1024,0,4,0.117
135.799,0,3,4,0.0000,1.2333,0.0952,1.1904,-4.7425,0.0000,0.0000,0.0000,0.1951,1.1221,-10.0136,0.029,7746,0.0000,0.0000,0.1045,0,4,0.117
135.901,0,3,4,0.0000,1.2333,0.0979,1.1894,-4.7702,0.0000,0.0000,0.0000,0.1979,1.1798,-6.5648,0.014,7753,0.0000,0.0000,0.1073,0,4,0.117
136.002,0,3,4,0.0000,1.2333,0.0988,1.1889,-4.8093,0.0000,0.0000,0.0000,0.1951,1.1221,-10.0136,0.032,7758,0.0000,0.0000,0.1083,0,4,0.117
136.098,0,3,4,0.0000,1.2333,0.0969,1.1898,-4.7652,0.0000,0.0000,0.0000,0.1979,1.1798,-6.5655,0.009,7765,0.0000,0.0000,0.1062,0,4,0.117
136.202,0,3,4,0.0000,1.2333,0.0988,1.1892,-4.8176,0.0000,0.0000,0.0000,0.2081,1.1349,-5.7323,0.004,7771,0.0000,0.0000,0.1082,0,4,0.117
136.300,0,3,4,0.0000,1.2333,0.0969,1.1901,-4.7749,0.0000,0.0000,0.0000,-0.2100,1.3312,2.6426,0.026,7776,0.0000,0.0000,0.1061,0,4,0.117
136.399,0,3,4,0.0000,1.2333,0.0978,1.1901,-4.7896,0.0000,0.0000,0.0000,0.1951,1.1221,-10.0136,0.003,7782,0.0000,0.0000,0.1070,0,4,0.117
136.500,0,3,4,0.0000,1.2333,0.0959,1.1909,-4.7760,0.0000,0.0000,0.0000,0.1980,1.1799,-6.5661,0.003,7789,0.0000,0.0000,0.1049,0,4,0.117
136.601,0,3,4,0.0000,1.2333,0.0987,1.1897,-4.8349,0.0000,0.0000,0.0000,0.2082,1.1349,-5.7315,0.003,7795,0.0000,0.0000,0.1080,0,4,0.117
136.698,0,3,4,0.0000,1.2333,0.0997,1.1893,-4.8412,0.0000,0.0000,0.0000,0.1980,1.1799,-6.5654,0.008,7800,0.0000,0.0000,0.1090,0,4,0.117
136.802,0,3,4,0.0000,1.2333,0.0986,1.1900,-4.8378,0.0000,0.0000,0.0000,0.2082,1.1348,-5.7340,0.004,7807,0.0000,0.0000,0.1077,0,4,0.117
136.899,0,3,4,0.0000,1.2333,0.0968,1.1908,-4.7918,0.0000,0.0000,0.0000,0.1980,1.1799,-6.5638,0.007,7813,0.0000,0.0000,0.1057,0,4,0.117
137.001,0,3,4,0.0000,1.2333,0.0986,1.1901,-4.8410,0.0000,0.0000,0.0000,0.2083,1.1348,-5.7373,0.003,7819,0.0000,0.0000,0.1076,0,4,0.117
137.104,0,3,4,0.0000,1.2333,0.0977,1.1909,-4.8066,0.0000,0.0000,0.0000,0.1951,1.1221,-10.0136,0.006,7826,0.0000,0.0000,0.1065,0,4,0.117
137.200,0,3,4,0.0000,1.2333,0.0986,1.1903,-4.8443,0.0000,0.0000,0.0000,0.2083,1.1348,-5.7342,0.003,7831,0.0000,0.0000,0.1075,0,4,0.117
137.298,0,3,4,0.0000,1.2333,0.0977,1.1910,-4.8110,0.0000,0.0000,0.0000,0.1980,1.1799,-6.5645,0.010,7837,0.0000,0.0000,0.1064,0,4,0.117
137.400,0,3,4,0.0000,1.2333,0.0985,1.1905,-4.8486,0.0000,0.0000,0.0000,0.2083,1.1349,-5.7335,0.003,7843,0.0000,0.0000,0.1075,0,4,0.117
137.498,0,3,4,0.0000,1.2333,0.0976,1.1912,-4.8129,0.0000,0.0000,0.0000,0.1981,1.1799,-6.5651,0.012,7849,0.0000,0.0000,0.1063,0,4,0.117
137.601,0,3,4,0.0000,1.2333,0.0985,1.1906,-4.8520,0.0000,0.0000,0.0000,0.1980,1.1799,-6.5641,0.013,7854,0.0000,0.0000,0.1074,0,4,0.117
137.700,0,3,4,0.0000,1.2333,0.0957,1.1919,-4.7997,0.0000,0.0000,0.0000,0.2084,1.1348,-5.7374,0.002,7860,0.0000,0.0000,0.1043,0,4,0.117
137.800,0,3,4,0.0000,1.2333,0.0986,1.1907,-4.8550,0.0000,0.0000,0.0000,0.1951,1.1221,-10.0136,0.013,7866,0.0000,0.0000,0.1074,0,4,0.117
137.900,0,3,4,0.0000,1.2333,0.0995,1.1906,-4.8670,0.0000,0.0000,0.0000,0.2084,1.1348,-5.7389,0.002,7872,0.0000,0.0000,0.1083,0,4,0.117
138.000,0,3,4,0.0000,1.2333,0.0985,1.1908,-4.8558,0.0000,0.0000,0.0000,0.2084,1.1348,-5.7375,0.003,7879,0.0000,0.0000,0.1073,0,4,0.117
138.099,0,3,4,0.0000,1.2333,0.0976,1.1915,-4.8212,0.0000,0.0000,0.0000,0.1981,1.1799,-6.5647,0.013,7885,0.0000,0.0000,0.1062,0,4,0.117
138.201,0,3,4,0.0000,1.2333,0.0985,1.1909,-4.8599,0.0000,0.0000,0.0000,0.2085,1.1348,-5.7398,0.003,7891,0.0000,0.0000,0.1072,0,4,0.117
138.301,0,3,4,0.0000,1.2333,0.0976,1.1916,-4.8260,0.0000,0.0000,0.0000,0.1981,1.1799,-6.5646,0.015,7897,0.0000,0.0000,0.1061,0,4,0.117
138.399,0,3,4,0.0000,1.2333,0.0985,1.1910,-4.8626,0.0000,0.0000,0.0000,0.2085,1.1348,-5.7402,0.003,7903,0.0000,0.0000,0.1072,0,4,0.117
138.501,0,3,4,0.0000,1.2333,0.0976,1.1917,-4.8294,0.0000,0.0000,0.0000,0.1951,1.1221,-10.0136,0.003,7910,0.0000,0.0000,0.1061,0,4,0.117
138.602,0,3,4,0.0000,1.2333,0.0985,1.1911,-4.8680,0.0000,0.0000,0.0000,0.2085,1.1348,-5.7378,0.004,7915,0.0000,0.0000,0.1071,0,4,0.117
138.700,0,3,4,0.0000,1.2333,0.0976,1.1918,-4.8346,0.0000,0.0000,0.0000,0.1981,1.1800,-6.5638,0.012,7921,0.0000,0.0000,0.1060,0,4,0.117
138.800,0,3,4,0.0000,1.2333,0.0985,1.1912,-4.8712,0.0000,0.0000,0.0000,0.2086,1.1348,-5.7410,0.003,7927,0.0000,0.0000,0.1071,0,4,0.117
138.900,0,3,4,0.0000,1.2333,0.0966,1.1920,-4.8238,0.0000,0.0000,0.0000,0.1981,1.1800,-6.5641,0.011,7933,0.0000,0.0000,0.1051,0,4,0.117
139.001,0,3,4,0.0000,1.2333,0.0985,1.1912,-4.8721,0.0000,0.0000,0.0000,0.1951,1.1221,-10.0136,0.026,7938,0.0000,0.0000,0.1071,0,4,0.117
139.099,0,4,0,0.0000,1.2333,0.0995,1.1907,-4.8804,0.0000,0.0000,0.0000,-0.2101,1.3313,2.6435,0.005,7944,-0.0667,-0.0011,0.1083,0,4,0.117
139.198,0,4,0,0.0000,1.2333,0.0935,1.1922,-4.5694,0.0000,0.0000,0.0000,0.1951,1.1221,-10.0136,0.008,7950,-0.0626,-0.0003,0.1022,0,4,0.117
139.300,0,4,0,0.0000,1.2333,0.0872,1.1931,-3.8988,0.0000,0.0000,0.0000,0.1974,1.1812,-5.8599,0.012,7957,-0.0581,0.0429,0.0961,0,4,0.154
139.407,0,4,0,0.0000,1.2333,0.0834,1.1955,-3.3471,0.0000,0.0000,0.0000,0.1992,1.1508,-4.7206,0.012,7963,-0.0641,0.0319,0.0915,0,4,0.187
139.504,0,4,0,0.0000,1.2333,0.0767,1.1985,-2.7139,0.0000,0.0000,0.0000,0.1913,1.1819,-4.0561,0.002,7969,-0.0556,0.0328,0.0842,0,4,0.173
139.598,0,4,0,0.0000,1.2333,0.0729,1.2020,-2.5329,0.0000,0.0000,0.0000,0.1870,1.1864,-3.8297,0.042,7973,-0.0589,-0.0027,0.0793,0,4,0.117
139.701,0,4,1,0.6167,1.2333,0.0468,1.1982,-1.9796,0.0000,0.0000,0.0000,0.1803,1.1896,-3.5718,0.008,7980,0.0996,-0.0328,0.5709,0,4,0.117
139.800,0,4,1,0.6167,1.2333,0.0429,1.1942,-1.7351,0.0000,0.0000,0.0000,0.1914,1.1688,-3.6568,0.003,7986,0.0996,-0.0322,0.5751,0,4,0.117
139.900,0,4,1,0.6167,1.2333,0.0340,1.1870,-1.4234,0.0000,0.0000,0.0000,0.1788,1.1879,-3.1720,0.011,7992,0.0995,-0.0311,0.5845,0,4,0.117
139.999,0,4,1,0.6167,1.2333,0.0474,1.1852,-1.3451,0.0000,0.0000,0.0000,0.2140,1.2180,-3.5386,0.032,7997,0.0994,-0.0246,0.5713,0,4,0.129
140.098,0,4,1,0.6167,1.2333,0.0603,1.1850,-1.2154,0.0000,0.0000,0.0000,0.1955,1.1791,-3.3798,0.013,8004,0.1114,0.0232,0.5585,0,4,0.166
140.203,0,4,1,0.6167,1.2333,0.0741,1.1855,-1.3138,0.0000,0.0000,0.0000,0.2345,1.1625,-3.8203,0.004,8010,0.1082,0.0201,0.5447,0,4,0.175
140.299,0,4,1,0.6167,1.2333,0.0852,1.1864,-1.4328,0.0000,0.0000,0.0000,-0.1239,1.2738,3.9649,0.022,8015,0.1152,-0.0271,0.5336,0,4,0.117
140.399,0,4,1,0.6167,1.2333,0.1009,1.1840,-1.6667,0.0000,0.0000,0.0000,0.2596,1.2141,-3.3492,0.007,8021,0.1152,-0.0263,0.5181,0,4,0.117
140.499,0,4,1,0.6167,1.2333,0.1119,1.1830,-1.5378,0.0000,0.0000,0.0000,0.2366,1.1728,-3.5188,0.003,8027,0.1151,-0.0259,0.5072,0,4,0.117
140.601,0,4,1,0.6167,1.2333,0.1198,1.1791,-1.5093,0.0000,0.0000,0.0000,0.2773,1.2110,-3.4745,0.011,8033,0.1089,-0.0102,0.4998,0,4,0.149
140.699,0,4,1,0.6167,1.2333,0.1327,1.1790,-1.5592,0.0000,0.0000,0.0000,0.2561,1.1640,-3.4421,0.009,8039,0.0766,0.0136,0.4870,0,4,0.155
140.800,0,4,1,0.6167,1.2333,0.1427,1.1811,-1.4906,0.0000,0.0000,0.0000,-0.0674,1.2691,3.4678,0.037,8044,0.0991,0.0134,0.4768,0,4,0.202
140.900,0,4,1,0.6167,1.2333,0.1522,1.1835,-1.3437,0.0000,0.0000,0.0000,0.2706,1.1682,-3.5832,0.009,8051,0.0691,0.0131,0.4671,0,4,0.140
141.001,0,4,1,0.6167,1.2333,0.1645,1.1852,-1.4557,0.0000,0.0000,0.0000,0.3207,1.2066,-3.3590,0.034,8056,0.0576,0.0131,0.4547,0,4,0.117
141.101,0,4,1,0.6167,1.2333,0.1729,1.1863,-1.5815,0.0000,0.0000,0.0000,0.2842,1.1693,-3.8259,0.013,8063,0.0576,0.0130,0.4462,0,4,0.117
141.199,0,4,1,0.6167,1.2333,0.1835,1.1851,-1.5575,0.0000,0.0000,0.0000,0.2992,1.1291,-6.3251,0.032,8068,0.0576,0.0135,0.4359,0,4,0.117
141.301,0,4,1,0.6167,1.2333,0.1906,1.1859,-1.8014,0.0000,0.0000,0.0000,0.2950,1.1671,-3.7466,0.013,8075,0.0576,0.0135,0.4287,0,4,0.117
141.402,0,4,1,0.6167,1.2333,0.1991,1.1862,-1.8481,0.0000,0.0000,0.0000,0.3128,1.1342,-6.1913,0.034,8080,0.0576,0.0137,0.4202,0,4,0.117
141.500,0,4,1,0.6167,1.2333,0.2061,1.1873,-1.8859,0.0000,0.0000,0.0000,0.3031,1.1719,-4.1597,0.013,8087,0.0576,0.0136,0.4131,0,4,0.117
141.602,0,4,1,0.6167,1.2333,0.2142,1.1878,-1.7680,0.0000,0.0000,0.0000,0.3249,1.1386,-6.0347,0.036,8092,0.0576,0.0137,0.4051,0,4,0.117
141.701,0,4,1,0.6167,1.2333,0.2182,1.1891,-2.0681,0.0000,0.0000,0.0000,0.3426,1.1574,-3.8432,0.003,8098,0.0576,0.0135,0.4009,0,4,0.117
141.799,0,4,1,0.6167,1.2333,0.2273,1.1896,-2.0000,0.0000,0.0000,0.0000,0.3378,1.1455,-5.9983,0.006,8104,0.0576,0.0136,0.3918,0,4,0.117
141.900,0,4,1,0.6167,1.2333,0.2360,1.1898,-2.2442,0.0000,0.0000,0.0000,0.0237,1.2740,2.8518,0.006,8110,0.0575,0.0138,0.3831,0,4,0.117
142.002,0,4,1,0.6167,1.2333,0.2405,1.1911,-2.1112,0.0000,0.0000,0.0000,0.3494,1.1478,-5.9520,0.003,8116,0.0576,0.0136,0.3785,0,4,0.117
142.101,0,4,1,0.6167,1.2333,0.2501,1.1913,-2.2119,0.0000,0.0000,0.0000,0.0254,1.2763,3.1051,0.004,8123,0.0580,0.0139,0.3690,0,4,0.118
142.201,0,4,1,0.6167,1.2333,0.2577,1.1936,-2.0306,0.0000,0.0000,0.0000,0.3820,1.1679,-4.3129,0.004,8129,0.0686,0.0135,0.3612,0,4,0.139
142.298,0,4,1,0.6167,1.2333,0.2698,1.1935,-2.6174,0.0000,0.0000,0.0000,0.3426,1.1768,-4.5233,0.010,8135,0.0575,0.0139,0.3492,0,4,0.117
142.400,0,4,1,0.6167,1.2333,0.2768,1.1950,-2.3973,0.0000,0.0000,0.0000,0.3850,1.1634,-4.5656,0.006,8140,0.0801,0.0137,0.3421,0,4,0.162
142.499,0,4,1,0.6167,1.2333,0.2854,1.1965,-2.3459,0.0000,0.0000,0.0000,0.3516,1.1752,-4.8850,0.011,8146,0.1136,-0.0010,0.3334,0,4,0.159
142.600,0,4,1,0.6167,1.2333,0.2967,1.1965,-2.6403,0.0000,0.0000,0.0000,0.4047,1.1665,-4.9917,0.006,8151,0.0990,0.0139,0.3221,0,4,0.205
142.699,0,4,1,0.6167,1.2333,0.3074,1.1982,-2.4547,0.0000,0.0000,0.0000,0.3641,1.1723,-5.4002,0.010,8156,0.0764,0.0232,0.3113,0,4,0.151
142.800,0,4,1,0.6167,1.2333,0.3139,1.2008,-2.5044,0.0000,0.0000,0.0000,0.3713,1.1723,-5.0967,0.046,8158,0.0608,0.0290,0.3045,0,4,0.117
142.900,0,4,1,0.6167,1.2333,0.3212,1.2028,-2.0403,0.0000,0.0000,0.0000,0.4577,1.2194,-3.5813,0.003,8164,0.0608,0.0287,0.2970,0,4,0.117
143.002,0,4,1,0.6167,1.2333,0.3314,1.2048,-1.9013,0.0000,0.0000,0.0000,0.4598,1.2197,-3.6603,0.036,8167,0.0609,0.0283,0.2866,0,4,0.117
143.098,0,4,1,0.6167,1.2333,0.3377,1.2052,-1.8561,0.0000,0.0000,0.0000,0.3617,1.1355,-2.4637,0.023,8170,0.0609,0.0284,0.2803,0,4,0.117
143.199,0,4,1,0.6167,1.2333,0.3453,1.2070,-1.8195,0.0000,0.0000,0.0000,0.3985,1.1782,-4.3121,0.009,8173,0.0609,0.0280,0.2726,0,4,0.117
143.299,0,4,1,0.6167,1.2333,0.3539,1.2073,-1.9623,0.0000,0.0000,0.0000,0.4601,1.1933,-4.7566,0.004,8178,0.0771,0.0215,0.2640,0,4,0.152
143.401,0,4,1,0.6167,1.2333,0.3658,1.2074,-1.9268,0.0000,0.0000,0.0000,0.3622,1.1371,-2.3837,0.034,8182,0.0992,0.0128,0.2523,0,4,0.281
143.499,0,4,1,0.6167,1.2333,0.3773,1.2060,-1.8960,0.0000,0.0000,0.0000,0.4173,1.1860,-4.4016,0.003,8188,0.0761,0.0368,0.2409,0,4,0.135
143.599,0,4,1,0.6167,1.2333,0.3873,1.2071,-1.9256,0.0000,0.0000,0.0000,0.4242,1.1851,-4.3122,0.041,8191,0.0697,0.0432,0.2308,0,4,0.117
143.701,0,4,1,0.6167,1.2333,0.3946,1.2103,-2.0295,0.0000,0.0000,0.0000,0.5214,1.2372,-3.0353,0.002,8198,0.0698,0.0421,0.2232,0,4,0.117
143.801,0,4,1,0.6167,1.2333,0.4028,1.2149,-1.8861,0.0000,0.0000,0.0000,0.4373,1.1851,-4.3605,0.047,8201,0.0700,0.0404,0.2146,0,4,0.117
143.898,0,4,1,0.6167,1.2333,0.4118,1.2167,-1.8695,0.0000,0.0000,0.0000,0.4463,1.1935,-4.4463,0.008,8207,0.1288,-0.0188,0.2056,0,4,0.117
144.003,0,4,1,0.6167,1.2333,0.4268,1.2136,-2.0595,0.0000,0.0000,0.0000,0.5071,1.2093,-4.4139,0.003,8211,0.1285,-0.0165,0.1909,0,4,0.117
144.100,0,4,1,0.6167,1.2333,0.4425,1.2102,-2.1055,0.0000,0.0000,0.0000,0.4594,1.1926,-4.8564,0.009,8216,0.1281,-0.0137,0.1757,0,4,0.117
144.200,0,4,1,0.6167,1.2333,0.4561,1.2078,-2.1080,0.0000,0.0000,0.0000,0.4663,1.1882,-4.7267,0.047,8219,0.1277,-0.0112,0.1626,0,4,0.117
144.298,0,4,1,0.6167,1.2333,0.4688,1.2064,-2.0091,0.0000,0.0000,0.0000,0.4784,1.1812,-4.8040,0.004,8225,0.0820,0.0587,0.1503,0,4,0.117
144.400,0,4,1,0.6167,1.2333,0.4796,1.2109,-1.7975,0.0000,0.0000,0.0000,0.4831,1.1807,-4.7521,0.025,8228,0.0824,0.0570,0.1389,0,4,0.117
144.499,0,4,1,0.6167,1.2333,0.4893,1.2134,-1.8438,0.0000,0.0000,0.0000,0.5612,1.2099,-4.0987,0.003,8234,0.0825,0.0563,0.1290,0,4,0.117
144.601,0,4,1,0.6167,1.2333,0.5018,1.2158,-1.7145,0.0000,0.0000,0.0000,0.5461,1.1850,-6.3045,0.008,8239,0.0935,0.0144,0.1162,0,4,0.194
144.699,0,4,1,0.6167,1.2333,0.5126,1.2159,-1.7451,0.0000,0.0000,0.0000,0.5110,1.1869,-4.0971,0.004,8245,0.0829,0.0161,0.1055,0,4,0.508
144.800,0,4,1,0.6167,1.2333,0.5231,1.2156,-2.0673,0.0000,0.0000,0.0000,0.6052,1.2236,-4.3216,0.003,8252,0.0744,0.0476,0.0952,0,4,0.117
144.901,0,4,1,0.6167,1.2333,0.5338,1.2185,-1.9433,0.0000,0.0000,0.0000,0.5229,1.1885,-4.1674,0.016,8258,0.0660,0.0415,0.0842,0,4,0.117
145.001,0,4,1,0.6167,1.2333,0.5426,1.2215,-1.9729,0.0000,0.0000,0.0000,0.5861,1.1976,-5.6890,0.034,8262,0.0590,0.0358,0.0750,0,4,0.117
145.099,0,4,2,1.2333,1.2333,0.5509,1.2235,-1.9625,0.0000,0.0000,0.0000,0.5333,1.1890,-4.2831,0.011,8269,0.0999,0.0454,0.6825,0,4,0.117
145.199,0,4,2,1.2333,1.2333,0.5620,1.2264,-2.2813,0.0000,0.0000,0.0000,0.6001,1.2067,-5.6778,0.034,8274,0.0999,0.0450,0.6714,0,4,0.117
145.299,0,4,2,1.2333,1.2333,0.5735,1.2288,-1.9239,0.0000,0.0000,0.0000,0.5428,1.1925,-4.4360,0.010,8281,0.1207,-0.0054,0.6599,0,4,0.155
145.402,0,4,2,1.2333,1.2333,0.5866,1.2270,-2.2312,0.0000,0.0000,0.0000,0.6557,1.2585,-4.2808,0.003,8287,0.1138,-0.0023,0.6468,0,4,0.170
145.502,0,4,2,1.2333,1.2333,0.5999,1.2262,-2.1852,0.0000,0.0000,0.0000,0.6647,1.2559,-4.4748,0.032,8291,0.1087,0.0249,0.6335,0,4,0.154
145.599,0,4,2,1.2333,1.2333,0.6115,1.2278,-2.0631,0.0000,0.0000,0.0000,0.6484,1.2181,-5.3295,0.032,8294,0.1019,0.0080,0.6219,0,4,0.190
145.701,0,4,2,1.2333,1.2333,0.6250,1.2299,-1.9305,0.0000,0.0000,0.0000,0.6905,1.2615,-4.1974,0.034,8297,0.1147,0.0386,0.6084,0,4,0.123
145.800,0,4,2,1.2333,1.2333,0.6382,1.2329,-1.9586,0.0000,0.0000,0.0000,0.6737,1.2233,-4.7048,0.028,8300,0.1084,0.0229,0.5952,0,4,0.156
145.901,0,4,2,1.2333,1.2333,0.6505,1.2349,-1.8145,0.0000,0.0000,0.0000,0.7101,1.2665,-4.2115,0.025,8303,0.1034,0.0106,0.5828,0,4,0.182
145.999,0,4,2,1.2333,1.2333,0.6618,1.2360,-1.8745,0.0000,0.0000,0.0000,0.6975,1.2308,-4.2958,0.012,8306,0.1000,0.0020,0.5715,0,4,0.204
146.098,0,4,2,1.2333,1.2333,0.6738,1.2369,-1.8162,0.0000,0.0000,0.0000,0.7393,1.2727,-4.3411,0.024,8309,0.1044,0.0125,0.5595,0,4,0.177
146.199,0,4,2,1.2333,1.2333,0.6856,1.2374,-1.9698,0.0000,0.0000,0.0000,0.7567,1.2723,-4.3489,0.003,8313,0.1000,0.0018,0.5478,0,4,0.334
146.301,0,4,2,1.2333,1.2333,0.6984,1.2378,-1.7830,0.0000,0.0000,0.0000,0.6864,1.2244,-0.2012,0.026,8316,0.1000,0.0017,0.5350,0,4,0.321
146.399,0,4,2,1.2333,1.2333,0.7084,1.2379,-1.8664,0.0000,0.0000,0.0000,0.7416,1.2348,-3.7472,0.030,8319,0.1000,0.0016,0.5249,0,4,0.228
146.498,0,4,2,1.2333,1.2333,0.7206,1.2385,-1.8651,0.0000,0.0000,0.0000,0.7729,1.2787,-4.2166,0.032,8322,0.1028,0.0043,0.5128,0,4,0.192
146.602,0,4,2,1.2333,1.2333,0.7323,1.2387,-1.9445,0.0000,0.0000,0.0000,0.7964,1.2744,-4.2446,0.003,8326,0.1000,0.0014,0.5010,0,4,0.251
146.700,0,4,2,1.2333,1.2333,0.7442,1.2392,-1.8685,0.0000,0.0000,0.0000,0.7763,1.2344,-3.7485,0.003,8329,0.1000,0.0013,0.4892,0,4,0.238
146.800,0,4,2,1.2333,1.2333,0.7555,1.2393,-1.7795,0.0000,0.0000,0.0000,0.8178,1.2774,-4.1927,0.003,8332,0.1000,0.0012,0.4779,0,4,0.254
146.901,0,4,2,1.2333,1.2333,0.7682,1.2399,-1.7652,0.0000,0.0000,0.0000,0.8183,1.2792,-4.1160,0.038,8334,0.1000,0.0011,0.4652,0,4,0.270
146.999,0,4,2,1.2333,1.2333,0.7786,1.2400,-1.8813,0.0000,0.0000,0.0000,0.8308,1.2770,-4.1497,0.003,8338,0.1000,0.0010,0.4548,0,4,0.216
147.099,0,4,2,1.2333,1.2333,0.7902,1.2405,-1.7911,0.0000,0.0000,0.0000,0.7753,1.2385,0.1283,0.028,8342,0.1000,0.0009,0.4432,0,4,0.225
147.198,0,4,2,1.2333,1.2333,0.8027,1.2374,-1.8233,0.0000,0.0000,0.0000,0.8270,1.2369,-3.1236,0.008,8346,0.1000,0.0016,0.4307,0,4,0.228
147.299,0,4,2,1.2333,1.2333,0.8147,1.2344,-1.8124,0.0000,0.0000,0.0000,0.8594,1.2799,-4.2302,0.003,8351,0.1000,0.0022,0.4186,0,4,0.260
147.400,0,4,2,1.2333,1.2333,0.8261,1.2355,-1.8657,0.0000,0.0000,0.0000,0.8487,1.2380,-3.0029,0.024,8355,0.1000,0.0020,0.4072,0,4,0.262
147.499,0,4,2,1.2333,1.2333,0.8356,1.2336,-1.7777,0.0000,0.0000,0.0000,0.8193,1.0974,-1.2799,0.003,8358,0.1000,0.0024,0.3977,0,4,0.273
147.599,0,4,2,1.2333,1.2333,0.8466,1.2304,-1.7971,0.0000,0.0000,0.0000,0.8699,1.2392,-2.8185,0.033,8361,0.0999,0.0033,0.3867,0,4,0.378
147.701,0,4,2,1.2333,1.2333,0.8566,1.2306,-1.7567,0.0000,0.0000,0.0000,0.8390,1.2337,0.3948,0.027,8364,0.0999,0.0032,0.3767,0,4,0.221
147.802,0,4,2,1.2333,1.2333,0.8667,1.2296,-1.6628,0.0000,0.0000,0.0000,0.8904,1.2403,-2.7403,0.035,8367,0.0971,0.0007,0.3666,0,4,0.192
147.902,0,4,2,1.2333,1.2333,0.8753,1.2274,-1.5717,0.0000,0.0000,0.0000,0.9039,1.2387,-2.7118,0.002,8371,0.0943,-0.0015,0.3580,0,4,0.184
148.001,0,4,2,1.2333,1.2333,0.8845,1.2261,-1.5963,0.0000,0.0000,0.0000,0.9121,1.2415,-2.4151,0.033,8373,0.0911,-0.0043,0.3489,0,4,0.175
148.101,0,4,2,1.2333,1.2333,0.8927,1.2243,-1.7290,0.0000,0.0000,0.0000,0.8109,1.1527,0.3905,0.030,8377,0.0886,-0.0062,0.3408,0,4,0.168
148.200,0,4,2,1.2333,1.2333,0.9010,1.2238,-1.8013,0.0000,0.0000,0.0000,0.9628,1.2832,-4.8522,0.004,8382,0.0864,-0.0081,0.3324,0,4,0.162
148.301,0,4,2,1.2333,1.2333,0.9030,1.2276,-1.5671,0.0000,0.0000,0.0000,0.1918,1.5428,12.0707,0.026,8386,0.0854,-0.0103,0.3304,0,4,0.159
148.399,0,4,2,1.2333,1.2333,0.9043,1.2315,-1.5127,0.0000,0.0000,0.0000,0.9795,1.2835,-4.8414,0.003,8391,0.0865,-0.0104,0.3291,0,4,0.162
148.498,0,4,2,1.2333,1.2333,0.9140,1.2295,-1.7030,0.0000,0.0000,0.0000,0.9858,1.2830,-4.9869,0.017,8395,0.0918,0.0118,0.3194,0,4,0.177
148.602,0,4,2,1.2333,1.2333,0.9244,1.2301,-1.5442,0.0000,0.0000,0.0000,0.9693,1.2405,-2.5702,0.008,8399,0.0939,0.0095,0.3089,0,4,0.183
148.699,0,4,2,1.2333,1.2333,0.9337,1.2317,-1.4628,0.0000,0.0000,0.0000,0.8530,1.1557,0.5251,0.005,8404,0.1000,0.0031,0.2996,0,4,0.274
148.800,0,4,2,1.2333,1.2333,0.9441,1.2314,-1.5528,0.0000,0.0000,0.0000,0.9874,1.2392,-2.4414,0.020,8408,0.0999,0.0032,0.2893,0,4,0.363
148.900,0,4,2,1.2333,1.2333,0.9536,1.2314,-1.5991,0.0000,0.0000,0.0000,0.8852,1.1493,0.3536,0.002,8412,0.0917,-0.0167,0.2798,0,4,0.157
149.001,0,4,2,1.2333,1.2333,0.9654,1.2308,-1.6833,0.0000,0.0000,0.0000,1.0404,1.2928,-5.3125,0.006,8417,0.0873,-0.0271,0.2679,0,4,0.134
149.101,0,4,2,1.2333,1.2333,0.9728,1.2279,-1.6167,0.0000,0.0000,0.0000,1.0221,1.2417,-2.4051,0.003,8422,0.0840,-0.0338,0.2606,0,4,0.117
149.198,0,4,2,1.2333,1.2333,0.9823,1.2248,-1.7547,0.0000,0.0000,0.0000,1.0665,1.2899,-5.7907,0.003,8426,0.0839,-0.0324,0.2512,0,4,0.117
149.302,0,4,2,1.2333,1.2333,0.9919,1.2212,-1.8961,0.0000,0.0000,0.0000,0.9028,1.1586,0.4184,0.027,8430,0.0838,-0.0308,0.2418,0,4,0.117
149.400,0,4,2,1.2333,1.2333,1.0002,1.2197,-1.9746,0.0000,0.0000,0.0000,1.0844,1.2810,-6.0669,0.003,8435,0.0838,0.0467,0.2335,0,4,0.117
149.500,0,4,2,1.2333,1.2333,1.0099,1.2231,-1.5066,0.0000,0.0000,0.0000,1.0572,1.2328,-2.0702,0.003,8440,0.0839,0.0454,0.2237,0,4,0.117
149.601,0,4,2,1.2333,1.2333,1.0205,1.2273,-1.7018,0.0000,0.0000,0.0000,1.0635,1.2339,-2.2365,0.037,8443,0.0840,0.0437,0.2129,0,4,0.117
149.701,0,4,2,1.2333,1.2333,1.0297,1.2290,-1.6024,0.0000,0.0000,0.0000,0.9554,1.1519,0.4534,0.031,8447,0.0999,-0.0344,0.2037,0,4,0.122
149.798,0,4,2,1.2333,1.2333,1.0388,1.2260,-1.6706,0.0000,0.0000,0.0000,1.1344,1.3053,-6.4507,0.005,8451,0.0998,-0.0352,0.1947,0,4,0.117
149.901,0,4,2,1.2333,1.2333,1.0503,1.2225,-1.7909,0.0000,0.0000,0.0000,0.9671,1.1629,0.6404,0.029,8455,0.0996,0.0499,0.1834,0,4,0.117
149.999,0,4,2,1.2333,1.2333,1.0607,1.2249,-1.9560,0.0000,0.0000,0.0000,1.1044,1.2392,-2.1789,0.008,8460,0.0997,0.0489,0.1728,0,4,0.117
150.099,0,4,2,1.2333,1.2333,1.0711,1.2292,-1.7953,0.0000,0.0000,0.0000,1.0907,1.2810,-5.5623,0.004,8467,0.0999,0.0465,0.1623,0,4,0.117
150.199,0,4,2,1.2333,1.2333,1.0819,1.2317,-1.6899,0.0000,0.0000,0.0000,1.0921,1.2177,-2.2933,0.003,8472,0.0999,0.0231,0.1514,0,4,0.161
150.300,0,4,2,1.2333,1.2333,1.0922,1.2304,-1.7027,0.0000,0.0000,0.0000,0.9966,1.1764,0.8001,0.018,8477,0.1156,-0.0333,0.1411,0,4,0.118
150.401,0,4,2,1.2333,1.2333,1.1043,1.2274,-1.7970,0.0000,0.0000,0.0000,1.1111,1.2245,-2.8692,0.006,8483,0.1156,-0.0313,0.1292,0,4,0.117
150.499,0,4,2,1.2333,1.2333,1.1137,1.2233,-1.7596,0.0000,0.0000,0.0000,1.1638,1.2473,-1.9463,0.003,8488,0.1108,-0.0264,0.1201,0,4,0.117
150.598,0,4,2,1.2333,1.2333,1.1251,1.2192,-1.7311,0.0000,0.0000,0.0000,1.1552,1.0948,6.6863,0.003,8492,0.1002,0.0470,0.1092,0,4,0.117
150.698,0,4,2,1.2333,1.2333,1.1346,1.2190,-1.7105,0.0000,0.0000,0.0000,1.1441,1.2830,-6.2661,0.016,8498,0.0913,0.0440,0.0997,0,4,0.117
150.801,0,4,2,1.2333,1.2333,1.1454,1.2211,-1.3155,0.0000,0.0000,0.0000,1.1775,1.0929,7.2615,0.009,8504,0.0757,0.0253,0.0887,0,4,0.158
150.901,0,4,2,1.2333,1.2333,1.1524,1.2223,-1.2702,0.0000,0.0000,0.0000,1.0577,1.1838,1.2003,0.033,8509,0.0695,0.0225,0.0817,0,4,0.160
150.998,0,4,2,1.2333,1.2333,1.1593,1.2228,-1.2676,0.0000,0.0000,0.0000,1.1942,1.1066,6.9510,0.004,8514,0.0708,-0.0019,0.0748,0,4,0.144
151.099,0,4,2,1.2333,1.2333,1.1646,1.2202,-1.2672,0.0000,0.0000,0.0000,1.2232,1.2518,-1.9162,0.003,8519,0.0000,0.0000,0.0700,0,4,0.163
151.200,0,4,2,1.2333,1.2333,1.1658,1.2195,-1.2697,0.0000,0.0000,0.0000,1.2285,1.2514,-2.0617,0.035,8522,0.0000,0.0000,0.0690,0,4,0.138
151.299,0,4,2,1.2333,1.2333,1.1686,1.2184,-1.2142,0.0000,0.0000,0.0000,1.2059,1.1023,7.1440,0.004,8527,0.0000,0.0000,0.0664,0,4,0.140
151.402,0,4,2,1.2333,1.2333,1.1714,1.2168,-1.1103,0.0000,0.0000,0.0000,1.2060,1.1022,7.1423,0.002,8532,0.0000,0.0000,0.0641,0,4,0.144
151.499,0,4,2,1.2333,1.2333,1.1736,1.2156,-1.0383,0.0000,0.0000,0.0000,1.2366,1.2031,-0.6244,0.006,8537,0.0000,0.0000,0.0623,0,4,0.146
151.600,0,4,2,1.2333,1.2333,1.1766,1.2139,-0.9319,0.0000,0.0000,0.0000,1.2060,1.1023,7.1432,0.013,8542,0.0000,0.0000,0.0599,0,4,0.151
151.700,0,4,2,1.2333,1.2333,1.1787,1.2130,-0.8776,0.0000,0.0000,0.0000,1.2280,1.2513,-2.0468,0.002,8548,0.0000,0.0000,0.0583,0,4,0.155
151.802,0,4,2,1.2333,1.2333,1.1809,1.2131,-0.8562,0.0000,0.0000,0.0000,1.2060,1.1022,7.1425,0.015,8553,0.0000,0.0000,0.0562,0,4,0.159
151.900,0,4,2,1.2333,1.2333,1.1827,1.2130,-0.8416,0.0000,0.0000,0.0000,1.2366,1.2031,-0.6250,0.034,8558,0.0000,0.0000,0.0546,0,4,0.152
152.000,0,4,2,1.2333,1.2333,1.1846,1.2123,-0.7850,0.0000,0.0000,0.0000,1.2060,1.1023,7.1432,0.015,8564,0.0000,0.0000,0.0531,0,4,0.156
152.099,0,4,2,1.2333,1.2333,1.1862,1.2122,-0.7745,0.0000,0.0000,0.0000,1.2280,1.2513,-2.0459,0.003,8570,0.0000,0.0000,0.0517,1,5,0.148
152.201,0,4,2,1.2333,1.2333,1.1878,1.2108,-0.6754,0.0000,0.0000,0.0000,1.2366,1.2031,-0.6267,0.003,8575,0.0000,0.0000,0.0508,1,5,0.157
152.302,0,4,2,1.2333,1.2333,1.1894,1.2099,-0.6248,0.0000,0.0000,0.0000,1.2365,1.2032,-0.6222,0.033,8578,0.0000,0.0000,0.0498,1,5,0.145
152.402,0,4,2,1.2333,1.2333,1.1909,1.2086,-0.5289,0.0000,0.0000,0.0000,1.2060,1.1022,7.1412,0.014,8583,0.0000,0.0000,0.0491,1,5,0.154
152.499,0,4,2,1.2333,1.2333,1.1923,1.2078,-0.4813,0.0000,0.0000,0.0000,1.2281,1.2512,-2.0480,0.002,8588,0.0000,0.0000,0.0483,1,5,0.146
152.601,0,4,2,1.2333,1.2333,1.1936,1.2076,-0.4466,0.0000,0.0000,0.0000,1.2281,1.2512,-2.0477,0.036,8591,0.0000,0.0000,0.0474,1,5,0.148
152.698,0,4,2,1.2333,1.2333,1.1946,1.2059,-0.3404,0.0000,0.0000,0.0000,1.2366,1.2031,-0.6291,0.010,8596,0.0000,0.0000,0.0475,1,5,0.153
152.800,0,4,2,1.2333,1.2333,1.1958,1.2052,-0.2986,0.0000,0.0000,0.0000,1.2060,1.1022,7.1424,0.003,8601,0.0000,0.0000,0.0468,1,5,0.146
152.900,0,4,2,1.2333,1.2333,1.1975,1.2041,-0.2164,0.0000,0.0000,0.0000,1.2367,1.2031,-0.6346,0.022,8605,0.0000,0.0000,0.0463,1,5,0.148
152.998,0,4,2,1.2333,1.2333,1.1987,1.2029,-0.1337,0.0000,0.0000,0.0000,1.2060,1.1022,7.1414,0.008,8610,0.0000,0.0000,0.0461,1,5,0.145
153.100,0,4,2,1.2333,1.2333,1.1996,1.2033,-0.1503,0.0000,0.0000,0.0000,1.1859,1.2943,-6.6756,0.018,8615,0.0000,0.0000,0.0451,1,5,0.145
153.198,0,4,2,1.2333,1.2333,1.2007,1.2023,-0.0709,0.0000,0.0000,0.0000,1.2060,1.1022,7.1420,0.015,8620,0.0000,0.0000,0.0451,1,5,0.140
153.301,0,4,2,1.2333,1.2333,1.2016,1.2027,-0.0869,0.0000,0.0000,0.0000,1.2282,1.2512,-2.0507,0.003,8626,0.0000,0.0000,0.0441,1,5,0.160
153.399,0,4,2,1.2333,1.2333,1.2025,1.2016,-0.0081,0.0000,0.0000,0.0000,1.2060,1.1022,7.1411,0.010,8630,0.0000,0.0000,0.0442,1,5,0.159
153.498,0,4,2,1.2333,1.2333,1.2035,1.2011,0.0227,0.0000,0.0000,0.0000,1.2282,1.2512,-2.0508,0.003,8635,0.0000,0.0000,0.0439,1,5,0.157
153.602,0,4,2,1.2333,1.2333,1.2043,1.2002,0.0976,0.0000,0.0000,0.0000,1.2060,1.1022,7.1414,0.013,8639,0.0000,0.0000,0.0441,1,5,0.159
153.700,0,4,2,1.2333,1.2333,1.2052,1.1997,0.1246,0.0000,0.0000,0.0000,1.2282,1.2512,-2.0511,0.002,8644,0.0000,0.0000,0.0438,1,5,0.153
153.801,0,4,2,1.2333,1.2333,1.2058,1.1998,0.1432,0.0000,0.0000,0.0000,1.2060,1.1022,7.1416,0.014,8649,0.0000,0.0000,0.0434,1,5,0.149
153.902,0,4,2,1.2333,1.2333,1.2066,1.1994,0.1710,0.0000,0.0000,0.0000,1.2283,1.2512,-2.0527,0.002,8654,0.0000,0.0000,0.0432,1,5,0.144
154.000,0,4,2,1.2333,1.2333,1.2074,1.1995,0.1869,0.0000,0.0000,0.0000,1.2283,1.2512,-2.0527,0.011,8657,0.0000,0.0000,0.0427,1,5,0.149
154.100,0,4,2,1.2333,1.2333,1.2082,1.1981,0.2695,0.0000,0.0000,0.0000,1.2060,1.1022,7.1411,0.010,8662,0.0000,0.0000,0.0433,1,5,0.153
154.198,0,4,2,1.2333,1.2333,1.2086,1.1992,0.2267,0.0000,0.0000,0.0000,1.2060,1.1022,7.1415,0.003,8668,0.0000,0.0000,0.0421,1,5,0.150
154.300,0,4,2,1.2333,1.2333,1.2091,1.1989,0.2510,0.0000,0.0000,0.0000,1.2367,1.2033,-0.6324,0.008,8673,0.0000,0.0000,0.0422,1,5,0.147
154.398,0,4,2,1.2333,1.2333,1.2096,1.1980,0.3170,0.0000,0.0000,0.0000,1.2061,1.1022,7.1395,0.015,8678,0.0000,0.0000,0.0425,1,5,0.149
154.499,0,4,2,1.2333,1.2333,1.2103,1.1977,0.3371,0.0000,0.0000,0.0000,1.2283,1.2511,-2.0530,0.002,8683,0.0000,0.0000,0.0424,1,5,0.153
154.601,0,4,2,1.2333,1.2333,1.2109,1.1968,0.4013,0.0000,0.0000,0.0000,1.2060,1.1022,7.1410,0.012,8687,0.0000,0.0000,0.0429,1,5,0.141
154.699,0,4,2,1.2333,1.2333,1.2115,1.1966,0.4202,0.0000,0.0000,0.0000,1.2283,1.2511,-2.0528,0.003,8692,0.0000,0.0000,0.0428,1,5,0.154
154.801,0,4,2,1.2333,1.2333,1.2117,1.1968,0.4251,0.0000,0.0000,0.0000,1.2366,1.2033,-0.6306,0.003,8698,0.0000,0.0000,0.0425,1,5,0.144
154.901,0,4,2,1.2333,1.2333,1.2120,1.1975,0.3880,0.0000,0.0000,0.0000,1.1860,1.2943,-6.6763,0.025,8702,0.0000,0.0000,0.0417,1,5,0.142
155.000,0,4,2,1.2333,1.2333,1.2125,1.1967,0.4509,0.0000,0.0000,0.0000,1.2366,1.2033,-0.6329,0.003,8708,0.0000,0.0000,0.0421,1,5,0.158
155.101,0,4,2,1.2333,1.2333,1.2130,1.1964,0.4699,0.0000,0.0000,0.0000,1.2282,1.2511,-2.0516,0.002,8712,0.0000,0.0000,0.0421,1,5,0.146
155.201,0,4,2,1.2333,1.2333,1.2134,1.1957,0.5281,0.0000,0.0000,0.0000,1.2060,1.1022,7.1417,0.014,8716,0.0000,0.0000,0.0426,1,5,0.137
155.300,0,4,2,1.2333,1.2333,1.2140,1.1954,0.5447,0.0000,0.0000,0.0000,1.2060,1.1022,7.1416,0.023,8720,0.0000,0.0000,0.0426,1,5,0.149
155.399,0,4,2,1.2333,1.2333,1.2141,1.1967,0.4898,0.0000,0.0000,0.0000,1.2283,1.2511,-2.0526,0.026,8725,0.0000,0.0000,0.0414,1,5,0.146
155.498,0,4,2,1.2333,1.2333,1.2143,1.1954,0.5658,0.0000,0.0000,0.0000,1.2366,1.2034,-0.6313,0.010,8730,0.0000,0.0000,0.0424,1,5,0.145
155.600,0,4,2,1.2333,1.2333,1.2150,1.1958,0.5615,0.0000,0.0000,0.0000,1.2060,1.1022,7.1416,0.003,8735,0.0000,0.0000,0.0418,1,5,0.142
155.701,0,4,2,1.2333,1.2333,1.2151,1.1945,0.6372,0.0000,0.0000,0.0000,1.2283,1.2511,-2.0529,0.003,8739,0.0000,0.0000,0.0429,1,5,0.151
155.799,0,4,2,1.2333,1.2333,1.2156,1.1939,0.6804,0.0000,0.0000,0.0000,1.2060,1.1022,7.1415,0.012,8744,0.0000,0.0000,0.0432,1,5,0.143
155.899,0,4,2,1.2333,1.2333,1.2158,1.1948,0.6345,0.0000,0.0000,0.0000,1.2284,1.2511,-2.0548,0.002,8750,0.0000,0.0000,0.0423,1,5,0.132
156.001,0,4,2,1.2333,1.2333,1.2161,1.1941,0.6854,0.0000,0.0000,0.0000,1.2366,1.2035,-0.6281,0.002,8755,0.0000,0.0000,0.0428,1,5,0.140
156.098,0,4,2,1.2333,1.2333,1.2159,1.1960,0.5802,0.0000,0.0000,0.0000,1.1861,1.2943,-6.6769,0.014,8760,0.0000,0.0000,0.0412,1,5,0.150
156.203,0,4,2,1.2333,1.2333,1.2158,1.1962,0.5791,0.0000,0.0000,0.0000,1.2061,1.1022,7.1401,0.015,8766,0.0000,0.0000,0.0410,1,5,0.147
156.299,0,4,2,1.2333,1.2333,1.2159,1.1970,0.5363,0.0000,0.0000,0.0000,1.1861,1.2943,-6.6779,0.023,8771,0.0000,0.0000,0.0403,1,5,0.146
156.401,0,4,2,1.2333,1.2333,1.2161,1.1973,0.5278,0.0000,0.0000,0.0000,1.2366,1.2035,-0.6331,0.002,8778,0.0000,0.0000,0.0400,1,5,0.149
156.501,0,4,2,1.2333,1.2333,1.2163,1.1969,0.5529,0.0000,0.0000,0.0000,1.2283,1.2511,-2.0539,0.002,8782,0.0000,0.0000,0.0402,1,5,0.141
156.599,0,4,2,1.2333,1.2333,1.2167,1.1971,0.5556,0.0000,0.0000,0.0000,1.2060,1.1022,7.1412,0.013,8786,0.0000,0.0000,0.0399,1,5,0.149
156.699,0,4,2,1.2333,1.2333,1.2167,1.1969,0.5662,0.0000,0.0000,0.0000,1.2366,1.2035,-0.6320,0.032,8791,0.0000,0.0000,0.0401,1,5,0.143
156.798,0,4,2,1.2333,1.2333,1.2167,1.1980,0.5152,0.0000,0.0000,0.0000,1.2284,1.2511,-2.0554,0.010,8796,0.0000,0.0000,0.0390,1,5,0.144
156.900,0,4,2,1.2333,1.2333,1.2171,1.1977,0.5316,0.0000,0.0000,0.0000,1.2060,1.1022,7.1415,0.002,8802,0.0000,0.0000,0.0391,1,5,0.146
156.998,0,4,2,1.2333,1.2333,1.2167,1.1989,0.4774,0.0000,0.0000,0.0000,1.2060,1.1022,7.1413,0.009,8808,0.0000,0.0000,0.0383,1,5,0.162
157.101,0,4,2,1.2333,1.2333,1.2165,1.2000,0.4154,0.0000,0.0000,0.0000,1.2283,1.2511,-2.0538,0.006,8815,0.0000,0.0000,0.0374,1,5,0.140
157.201,0,4,2,1.2333,1.2333,1.2167,1.1996,0.4399,0.0000,0.0000,0.0000,1.2283,1.2511,-2.0538,0.034,8818,0.0000,0.0000,0.0376,1,5,0.150
157.298,0,4,2,1.2333,1.2333,1.2169,1.2011,0.3536,0.0000,0.0000,0.0000,1.2366,1.2036,-0.6314,0.029,8822,0.0000,0.0000,0.0362,1,5,0.148
157.401,0,4,2,1.2333,1.2333,1.2170,1.2030,0.2558,0.0000,0.0000,0.0000,1.2283,1.2511,-2.0539,0.039,8826,0.0000,0.0000,0.0344,1,5,0.146
157.499,0,4,2,1.2333,1.2333,1.2172,1.2045,0.1714,0.0000,0.0000,0.0000,1.2283,1.2511,-2.0538,0.002,8831,0.0000,0.0000,0.0331,1,5,0.144
157.602,0,5,0,1.2333,1.2333,1.2173,1.2063,0.0777,0.0000,0.0000,0.0000,1.2284,1.2511,-2.0545,0.038,8834,0.0000,0.0000,0.0314,1,5,0.143
157.699,0,5,0,1.2333,1.2333,1.2180,1.2081,-0.0179,0.0000,0.0000,0.0000,1.2284,1.2511,-2.0545,0.003,8839,0.0165,0.0158,0.0295,1,5,0.144
157.801,0,5,1,1.2333,0.6167,1.2197,1.2102,-0.3348,0.0000,0.0000,0.0000,1.2382,1.2024,-0.7512,0.003,8843,0.0264,-0.1215,0.5937,1,5,0.139
157.901,0,5,1,1.2333,0.6167,1.2226,1.2001,-0.7436,0.0000,0.0000,0.0000,1.2326,1.2523,-2.4319,0.003,8846,0.0245,-0.1201,0.5835,1,5,0.143
158.000,0,5,1,1.2333,0.6167,1.2254,1.1887,-1.3486,0.0000,0.0000,0.0000,1.2355,1.2480,-2.7761,0.036,8848,0.0223,-0.1183,0.5721,1,5,0.148
158.102,0,5,1,1.2333,0.6167,1.2278,1.1785,-1.5896,0.0000,0.0000,0.0000,1.1955,1.2589,-7.1940,0.014,8852,0.0222,-0.1187,0.5619,1,5,0.147
158.200,0,5,1,1.2333,0.6167,1.2295,1.1689,-1.5893,0.0000,0.0000,0.0000,1.2388,1.2258,-3.3073,0.035,8855,0.0244,-0.1212,0.5522,1,5,0.140
158.301,0,5,1,1.2333,0.6167,1.2310,1.1593,-1.7436,0.0000,0.0000,0.0000,1.1966,1.2284,-6.6629,0.024,8859,0.0241,-0.1212,0.5426,1,5,0.140
158.399,0,5,1,1.2333,0.6167,1.2326,1.1492,-1.7610,0.0000,0.0000,0.0000,1.2398,1.2005,-3.4086,0.034,8862,0.0231,-0.1205,0.5325,1,5,0.142
158.499,0,5,1,1.2333,0.6167,1.2338,1.1393,-1.9212,0.0000,0.0000,0.0000,1.2409,1.1914,-3.4142,0.066,8864,0.0158,-0.1134,0.5226,1,5,0.162
158.600,0,5,1,1.2333,0.6167,1.2350,1.1283,-2.0476,0.0000,0.0000,0.0000,1.2412,1.1735,-3.6434,0.034,8867,0.0188,-0.1166,0.5116,1,5,0.153
158.698,0,5,1,1.2333,0.6167,1.2357,1.1189,-1.8535,0.0000,0.0000,0.0000,1.2405,1.1600,-3.5119,0.002,8871,0.0190,-0.1169,0.5022,1,5,0.152
158.798,0,5,1,1.2333,0.6167,1.2368,1.1083,-2.0841,0.0000,0.0000,0.0000,1.2416,1.1533,-3.2603,0.034,8873,0.0198,-0.1180,0.4917,1,5,0.149
158.900,0,5,1,1.2333,0.6167,1.2376,1.0964,-1.9523,0.0000,0.0000,0.0000,1.1992,1.1234,-4.5625,0.022,8876,0.0196,-0.1180,0.4798,1,5,0.149
159.002,0,5,1,1.2333,0.6167,1.2389,1.0855,-1.8607,0.0000,0.0000,0.0000,1.1985,1.1161,-4.3967,0.054,8878,0.0190,-0.1177,0.4689,1,5,0.150
159.101,0,5,1,1.2333,0.6167,1.2394,1.0740,-1.8736,0.0000,0.0000,0.0000,1.1995,1.0936,-3.9665,0.023,8880,0.0206,-0.1194,0.4574,1,5,0.145
159.201,0,5,1,1.2333,0.6167,1.2405,1.0623,-1.8750,0.0000,0.0000,0.0000,1.2015,1.0837,-3.7229,0.054,8881,0.0193,-0.1184,0.4457,1,5,0.148
159.300,0,5,1,1.2333,0.6167,1.2409,1.0507,-1.8499,0.0000,0.0000,0.0000,1.2019,1.0649,-3.6571,0.022,8883,0.0174,-0.1166,0.4341,1,5,0.153
159.401,0,5,1,1.2333,0.6167,1.2417,1.0391,-1.8496,0.0000,0.0000,0.0000,1.2041,1.0502,-3.0894,0.047,8884,0.0210,-0.1205,0.4225,1,5,0.142
159.498,0,5,1,1.2333,0.6167,1.2425,1.0294,-1.9697,0.0000,0.0000,0.0000,1.2054,1.0382,-2.8197,0.077,8885,0.0141,-0.1138,0.4129,1,5,0.161
159.602,0,5,1,1.2333,0.6167,1.2431,1.0153,-1.8006,0.0000,0.0000,0.0000,1.2078,1.0186,-2.7328,0.036,8887,0.0206,-0.1205,0.3987,1,5,0.142
159.700,0,5,1,1.2333,0.6167,1.2437,1.0032,-1.8727,0.0000,0.0000,0.0000,1.2104,0.9968,-2.0170,0.019,8889,0.0175,-0.1177,0.3867,1,5,0.150
159.800,0,5,1,1.2333,0.6167,1.2451,0.9913,-1.9140,0.0000,0.0000,0.0000,1.2104,0.9968,-2.0170,0.119,8889,0.0170,-0.1177,0.3749,1,5,0.150
159.898,0,5,1,1.2333,0.6167,1.2455,0.9802,-1.6535,0.0000,0.0000,0.0000,1.2177,0.9645,-1.3918,0.018,8891,0.0165,-0.1173,0.3637,1,5,0.151
160.000,0,5,1,1.2333,0.6167,1.2464,0.9672,-1.7241,0.0000,0.0000,0.0000,1.2157,0.9572,-1.4427,0.054,8892,0.0172,-0.1184,0.3508,1,5,0.148
160.101,0,5,1,1.2333,0.6167,1.2474,0.9549,-1.7363,0.0000,0.0000,0.0000,1.2196,0.9458,-1.2381,0.087,8893,0.0164,-0.1180,0.3385,1,5,0.149
160.201,0,5,1,1.2333,0.6167,1.2481,0.9438,-1.7986,0.0000,0.0000,0.0000,-3.4460,1.8703,70.4380,0.002,8895,0.0196,-0.1215,0.3275,1,5,0.139
160.299,0,5,1,1.2333,0.6167,1.1791,0.9446,-1.8394,0.0000,0.0000,0.0000,1.2262,0.9048,-0.7452,0.023,8897,0.0389,-0.1184,0.3324,1,5,0.143
160.401,0,5,1,1.2333,0.6167,1.1137,0.9452,-1.9188,0.0000,0.0000,0.0000,1.2252,0.8984,-0.8022,0.052,8899,0.0560,-0.1125,0.3496,1,5,0.145
160.500,0,5,1,1.2333,0.6167,1.1242,0.9453,-1.4817,0.0000,0.0000,0.0000,1.2341,0.8751,-0.1868,0.022,8903,0.0537,-0.1139,0.3463,1,5,0.144
160.600,0,5,1,1.2333,0.6167,1.1314,0.9316,-1.4805,0.0000,0.0000,0.0000,1.2359,0.8662,-0.1126,0.054,8904,0.0505,-0.1117,0.3310,1,5,0.151
160.698,0,5,1,1.2333,0.6167,1.1351,0.9339,-1.3246,0.0000,0.0000,0.0000,1.2417,0.8578,-0.0557,0.083,8906,0.0461,-0.1089,0.3321,1,5,0.160
160.799,0,5,1,1.2333,0.6167,1.1432,0.9202,-1.3377,0.0000,0.0000,0.0000,1.2492,0.8387,0.1278,0.022,8908,0.0503,-0.1146,0.3166,1,5,0.145
160.901,0,5,1,1.2333,0.6167,1.1501,0.9063,-1.3150,0.0000,0.0000,0.0000,1.2527,0.8281,0.1909,0.068,8909,0.0491,-0.1145,0.3013,1,5,0.146
161.000,0,5,1,1.2333,0.6167,1.1502,0.9055,-1.7804,0.0000,0.0000,0.0000,0.7886,0.9216,-29.5509,0.003,8914,0.0484,-0.1138,0.3006,1,5,0.148
161.099,0,5,1,1.2333,0.6167,1.1461,0.9009,-2.0360,0.0000,0.0000,0.0000,1.1082,1.6242,11.3282,0.008,8919,0.0487,-0.1118,0.2973,1,5,0.152
161.201,0,5,1,1.2333,0.6167,1.1410,0.9068,-2.3323,0.0000,0.0000,0.0000,0.8090,0.8810,-28.1566,0.033,8923,0.0497,-0.1115,0.3045,1,5,0.152
161.301,0,5,1,1.2333,0.6167,1.1420,0.9130,-2.4314,0.0000,0.0000,0.0000,1.0993,1.6547,12.4329,0.034,8927,0.0506,-0.1135,0.3101,1,5,0.147
161.399,0,5,1,1.2333,0.6167,1.1422,0.8958,-2.6595,0.0000,0.0000,0.0000,0.8238,0.8483,-27.3267,0.032,8931,0.0539,-0.1148,0.2936,1,5,0.142
161.500,0,5,1,1.2333,0.6167,1.1532,0.8750,-2.6779,0.0000,0.0000,0.0000,1.2926,0.7338,1.4337,0.024,8935,0.0504,-0.1131,0.2705,1,5,0.148
161.602,0,5,1,1.2333,0.6167,1.1511,0.8615,-2.9472,0.0000,0.0000,0.0000,0.8174,0.8222,-27.0372,0.034,8939,0.0526,-0.1124,0.2583,1,5,0.148
161.700,0,5,1,1.2333,0.6167,1.1598,0.8445,-2.9485,0.0000,0.0000,0.0000,0.8146,0.8034,-26.7530,0.003,8943,0.0486,-0.1099,0.2394,1,5,0.156
161.802,0,5,1,1.2333,0.6167,1.1560,0.8324,-3.2444,0.0000,0.0000,0.0000,0.8153,0.7946,-26.6434,0.035,8945,0.0577,-0.1148,0.2292,1,5,0.139
161.901,0,5,1,1.2333,0.6167,1.1659,0.8141,-3.2502,0.0000,0.0000,0.0000,1.5418,0.6066,-4.8203,0.036,8948,0.0545,-0.1136,0.2086,1,5,0.144
162.001,0,5,1,1.2333,0.6167,1.1647,0.7987,-3.3199,0.0000,0.0000,0.0000,0.8155,0.7621,-26.0970,0.028,8951,0.0560,-0.1110,0.1946,1,5,0.148
162.101,0,5,1,1.2333,0.6167,1.1753,0.7807,-3.1661,0.0000,0.0000,0.0000,1.5808,0.5723,-4.5200,0.030,8954,0.0541,-0.1118,0.1740,1,5,0.148
162.201,0,5,1,1.2333,0.6167,1.1740,0.7652,-3.4742,0.0000,0.0000,0.0000,0.7990,0.7423,-26.1413,0.008,8957,0.0537,-0.1110,0.1600,1,5,0.150
162.300,0,5,1,1.2333,0.6167,1.1787,0.7508,-3.3391,0.0000,0.0000,0.0000,1.6264,0.5194,-4.5853,0.003,8960,0.0567,-0.1083,0.1449,1,5,0.153
162.399,0,5,1,1.2333,0.6167,1.1841,0.7322,-3.4892,0.0000,0.0000,0.0000,0.7920,0.7121,-25.8021,0.012,8963,0.0606,-0.1101,0.1256,1,5,0.146
162.499,0,5,1,1.2333,0.6167,1.1896,0.7174,-3.4422,0.0000,0.0000,0.0000,1.6666,0.4864,-4.2943,0.007,8966,0.0507,-0.0934,0.1098,1,5,0.156
162.601,0,5,1,1.2333,0.6167,1.1951,0.7002,-3.5279,0.0000,0.0000,0.0000,0.7805,0.6923,-25.8558,0.034,8969,0.0455,-0.0793,0.0919,1,5,0.149
162.699,0,5,1,1.2333,0.6167,1.2060,0.6864,-3.2814,0.0000,0.0000,0.0000,1.7024,0.4669,-3.8527,0.033,8972,0.0339,-0.0658,0.0749,1,5,0.150
162.801,0,5,1,1.2333,0.6167,1.1965,0.6901,-3.4775,0.0000,0.0000,0.0000,0.7655,0.6725,-25.8349,0.032,8975,0.0440,-0.0710,0.0821,1,5,0.144
162.901,0,5,1,1.2333,0.6167,1.1944,0.7064,-2.8197,0.0000,0.0000,0.0000,1.1528,1.6261,14.0603,0.032,8978,0.0465,-0.0845,0.0978,1,5,0.151
162.998,0,5,1,1.2333,0.6167,1.1851,0.7087,-2.9256,0.0000,0.0000,0.0000,0.7477,0.6584,-26.0015,0.029,8981,0.0554,-0.0877,0.1039,1,5,0.149
163.099,0,5,1,1.2333,0.6167,1.1834,0.7232,-2.4876,0.0000,0.0000,0.0000,1.1390,1.6410,15.4055,0.026,8984,0.0561,-0.0981,0.1176,1,5,0.158
163.202,0,5,1,1.2333,0.6167,1.1833,0.7086,-2.7008,0.0000,0.0000,0.0000,1.3141,0.4552,-0.8671,0.026,8986,0.0578,-0.0885,0.1046,1,5,0.146
163.299,0,5,1,1.2333,0.6167,1.1903,0.6966,-2.4309,0.0000,0.0000,0.0000,1.3183,0.4510,-0.8298,0.061,8987,0.0489,-0.0759,0.0908,1,5,0.150
163.402,0,5,1,1.2333,0.6167,1.1985,0.6819,-2.3638,0.0000,0.0000,0.0000,1.3239,0.4369,-0.6442,0.028,8989,0.0408,-0.0632,0.0739,1,5,0.144
163.506,0,5,2,0.6167,0.6167,1.2046,0.6714,-2.0603,0.0000,0.0000,0.0000,1.3271,0.4333,-0.6671,0.065,8990,-0.0816,-0.0294,0.5904,1,5,0.150
163.600,0,5,2,0.6167,0.6167,1.2043,0.6648,-1.9881,0.0000,0.0000,0.0000,1.3306,0.4225,-0.4434,0.008,8992,-0.0828,-0.0273,0.5896,1,5,0.153
163.698,0,5,2,0.6167,0.6167,1.2001,0.6555,-1.8248,0.0000,0.0000,0.0000,1.3328,0.4209,-0.4422,0.026,8993,-0.0823,-0.0265,0.5847,1,5,0.151
163.799,0,5,2,0.6167,0.6167,1.1959,0.6460,-1.6213,0.0000,0.0000,0.0000,1.3172,0.4042,-0.4756,0.016,8995,-0.0792,-0.0281,0.5800,1,5,0.142
163.898,0,5,2,0.6167,0.6167,1.1897,0.6398,-1.6883,0.0000,0.0000,0.0000,1.3065,0.3942,-0.5646,0.060,8996,-0.0825,-0.0238,0.5735,1,5,0.151
164.000,0,5,2,0.6167,0.6167,1.1850,0.6300,-1.4916,0.0000,0.0000,0.0000,1.2919,0.3831,-0.8381,0.027,8998,-0.0801,-0.0247,0.5685,1,5,0.144
164.099,0,5,2,0.6167,0.6167,1.1786,0.6240,-1.4917,0.0000,0.0000,0.0000,1.2820,0.3712,-0.8713,0.065,8999,-0.0837,-0.0201,0.5619,1,5,0.154
164.204,0,5,2,0.6167,0.6167,1.1732,0.6140,-1.3358,0.0000,0.0000,0.0000,1.2636,0.3546,-1.1246,0.031,9001,-0.0805,-0.0215,0.5566,1,5,0.145
164.298,0,5,2,0.6167,0.6167,1.1665,0.6079,-1.5696,0.0000,0.0000,0.0000,1.2533,0.3446,-1.2078,0.062,9002,-0.0813,-0.0197,0.5499,1,5,0.147
164.398,0,5,2,0.6167,0.6167,1.1610,0.5978,-1.2691,0.0000,0.0000,0.0000,1.2375,0.3370,-1.5999,0.028,9004,-0.0827,-0.0164,0.5446,1,5,0.151
164.501,0,5,2,0.6167,0.6167,1.1511,0.5779,-1.3647,0.0000,0.0000,0.0000,1.0798,-0.5792,-17.5112,0.065,9005,-0.0790,-0.0161,0.5358,1,5,0.141
164.599,0,5,2,0.6167,0.6167,1.1402,0.5403,-1.7525,0.0000,0.0000,0.0000,1.0797,-0.5781,-17.4461,0.027,9007,-0.0805,-0.0068,0.5290,1,5,0.147
164.699,0,5,2,0.6167,0.6167,1.1305,0.5222,-1.7942,0.0000,0.0000,0.0000,1.0614,-0.5699,-17.3607,0.061,9008,-0.0804,-0.0028,0.5224,1,5,0.148
164.800,0,5,2,0.6167,0.6167,1.1195,0.4879,-2.0976,0.0000,0.0000,0.0000,1.0536,-0.5511,-17.0947,0.036,9010,-0.0773,0.0022,0.5191,1,5,0.143
164.898,0,5,2,0.6167,0.6167,1.1106,0.4715,-1.9699,0.0000,0.0000,0.0000,1.0543,-0.5499,-16.9625,0.040,9011,-0.0758,0.0049,0.5148,1,5,0.141
164.998,0,5,2,0.6167,0.6167,1.1018,0.4557,-1.9288,0.0000,0.0000,0.0000,1.0435,-0.5320,-16.3988,0.003,9013,-0.0805,0.0139,0.5111,1,5,0.157
165.098,0,5,2,0.6167,0.6167,1.0916,0.4251,-1.9207,0.0000,0.0000,0.0000,1.0438,-0.5303,-16.2479,0.052,9014,-0.0753,0.0167,0.5121,1,5,0.148
165.201,0,5,2,0.6167,0.6167,1.0818,0.3974,-1.8102,0.0000,0.0000,0.0000,1.0606,-0.4500,-14.4799,0.032,9016,-0.0738,0.0227,0.5142,1,5,0.150
165.301,0,5,2,0.6167,0.6167,1.0741,0.3861,-1.9576,0.0000,0.0000,0.0000,1.0606,-0.4486,-14.4365,0.002,9018,-0.0681,0.0205,0.5122,1,5,0.137
165.398,0,5,2,0.6167,0.6167,1.0709,0.3628,-1.7966,0.0000,0.0000,0.0000,1.0606,-0.4465,-14.2826,0.032,9020,-0.0712,0.0293,0.5204,1,5,0.151
165.501,0,5,2,0.6167,0.6167,1.0711,0.3577,-1.5575,0.0000,0.0000,0.0000,1.2679,0.4916,9.0070,0.021,9023,-0.0683,0.0275,0.5231,1,5,0.144
165.599,0,5,2,0.6167,0.6167,1.0682,0.3395,-1.5183,0.0000,0.0000,0.0000,1.0911,-0.3811,-12.8773,0.033,9026,-0.0671,0.0307,0.5298,1,5,0.145
165.699,0,5,2,0.6167,0.6167,1.0680,0.3362,-1.2536,0.0000,0.0000,0.0000,1.2536,0.4982,9.0428,0.018,9029,-0.0675,0.0319,0.5314,1,5,0.147
165.801,0,5,2,0.6167,0.6167,1.0651,0.3200,-1.3612,0.0000,0.0000,0.0000,1.0896,-0.3794,-12.8462,0.036,9032,-0.0674,0.0358,0.5377,1,5,0.151
165.898,0,5,2,0.6167,0.6167,1.0645,0.3183,-1.0280,0.0000,0.0000,0.0000,1.2388,0.5061,8.9727,0.016,9035,-0.0666,0.0353,0.5381,1,5,0.149
165.999,0,5,2,0.6167,0.6167,1.0594,0.3039,-1.2184,0.0000,0.0000,0.0000,1.0248,-0.3847,-13.4046,0.030,9038,-0.0651,0.0376,0.5421,1,5,0.149
166.100,0,5,2,0.6167,0.6167,1.0576,0.3034,-1.2397,0.0000,0.0000,0.0000,1.2197,0.5134,8.5459,0.020,9041,-0.0656,0.0385,0.5409,1,5,0.151
166.199,0,5,2,0.6167,0.6167,1.0528,0.2902,-1.1936,0.0000,0.0000,0.0000,1.0233,-0.3870,-13.7258,0.033,9044,-0.0614,0.0378,0.5448,1,5,0.143
166.299,0,5,2,0.6167,0.6167,1.0488,0.2874,-1.2186,0.0000,0.0000,0.0000,1.0233,-0.3869,-13.7194,0.063,9046,-0.0648,0.0423,0.5433,1,5,0.154
166.400,0,5,2,0.6167,0.6167,1.0465,0.2884,-1.0833,0.0000,0.0000,0.0000,0.9936,-0.3966,-14.2098,0.003,9050,-0.0615,0.0392,0.5409,1,5,0.145
166.500,0,5,2,0.6167,0.6167,1.0434,0.2797,-1.1988,0.0000,0.0000,0.0000,1.1947,0.5269,8.4983,0.022,9053,-0.0616,0.0416,0.5437,1,5,0.148
166.598,0,5,2,0.6167,0.6167,1.0382,0.2684,-1.2240,0.0000,0.0000,0.0000,0.9931,-0.3973,-14.3755,0.027,9056,-0.0617,0.0448,0.5467,1,5,0.152
166.702,0,5,2,0.6167,0.6167,1.0358,0.2709,-1.1280,0.0000,0.0000,0.0000,0.9932,-0.3972,-14.3728,0.003,9060,-0.0607,0.0437,0.5433,1,5,0.149
166.799,0,5,2,0.6167,0.6167,1.0308,0.2605,-1.0890,0.0000,0.0000,0.0000,0.9926,-0.3975,-14.4590,0.033,9062,-0.0583,0.0442,0.5462,1,5,0.146
166.900,0,5,2,0.6167,0.6167,1.0308,0.2725,-1.0493,0.0000,0.0000,0.0000,1.1642,0.5475,8.3042,0.018,9067,-0.0615,0.0450,0.5385,1,5,0.152
166.998,0,5,2,0.6167,0.6167,1.0264,0.2679,-1.2096,0.0000,0.0000,0.0000,1.1277,0.5819,5.7516,0.003,9072,-0.0590,0.0442,0.5381,1,5,0.147
167.099,0,5,2,0.6167,0.6167,1.0260,0.2793,-1.1772,0.0000,0.0000,0.0000,1.1500,0.5565,7.7353,0.019,9076,-0.0632,0.0461,0.5304,1,5,0.156
167.200,0,5,2,0.6167,0.6167,1.0199,0.2728,-1.2962,0.0000,0.0000,0.0000,1.1270,0.5776,5.3779,0.002,9081,-0.0604,0.0456,0.5300,1,5,0.151
167.300,0,5,2,0.6167,0.6167,1.0183,0.2831,-1.1569,0.0000,0.0000,0.0000,1.1387,0.5646,7.8748,0.019,9085,-0.0608,0.0443,0.5221,1,5,0.150
167.399,0,5,2,0.6167,0.6167,1.0126,0.2768,-1.2050,0.0000,0.0000,0.0000,0.9030,-0.4460,-16.4755,0.029,9089,-0.0598,0.0455,0.5218,1,5,0.150
167.499,0,5,2,0.6167,0.6167,1.0097,0.2835,-1.1531,0.0000,0.0000,0.0000,1.1261,0.5731,4.9833,0.033,9093,-0.0591,0.0440,0.5152,1,5,0.147
167.599,0,5,2,0.6167,0.6167,1.0068,0.2901,-1.1442,0.0000,0.0000,0.0000,0.8958,-0.4175,-16.1838,0.009,9098,-0.0588,0.0428,0.5087,1,5,0.145
167.701,0,5,2,0.6167,0.6167,1.0033,0.2918,-1.1025,0.0000,0.0000,0.0000,1.1160,0.5803,7.9035,0.016,9103,-0.0605,0.0447,0.5050,1,5,0.150
167.802,0,5,2,0.6167,0.6167,0.9975,0.2866,-1.1373,0.0000,0.0000,0.0000,0.8958,-0.4185,-16.3329,0.024,9107,-0.0581,0.0445,0.5040,1,5,0.146
167.900,0,5,2,0.6167,0.6167,0.9965,0.2960,-1.0463,0.0000,0.0000,0.0000,1.1225,0.5678,4.5159,0.013,9112,-0.0571,0.0417,0.4971,1,5,0.141
168.000,0,5,2,0.6167,0.6167,0.9895,0.2877,-1.1622,0.0000,0.0000,0.0000,0.8953,-0.4177,-16.3257,0.032,9115,-0.0568,0.0445,0.4972,1,5,0.144
168.100,0,5,2,0.6167,0.6167,0.9843,0.2909,-1.1813,0.0000,0.0000,0.0000,1.0863,0.6006,7.7635,0.022,9118,-0.0584,0.0464,0.4912,1,5,0.149
168.199,0,5,2,0.6167,0.6167,0.9767,0.2814,-1.4924,0.0000,0.0000,0.0000,0.8229,-0.4540,-17.8080,0.031,9121,-0.0551,0.0465,0.4920,1,5,0.144
168.300,0,5,2,0.6167,0.6167,0.9720,0.2851,-1.3938,0.0000,0.0000,0.0000,0.8207,-0.4598,-18.1755,0.003,9125,-0.0546,0.0462,0.4860,1,5,0.143
168.401,0,5,2,0.6167,0.6167,0.9639,0.2766,-1.4749,0.0000,0.0000,0.0000,0.8207,-0.4587,-18.0839,0.032,9127,-0.0544,0.0494,0.4861,1,5,0.147
168.503,0,5,2,0.6167,0.6167,0.9593,0.2810,-1.4215,0.0000,0.0000,0.0000,1.0640,0.6169,7.5522,0.026,9130,-0.0505,0.0455,0.4797,1,5,0.147
168.599,0,5,2,0.6167,0.6167,0.9530,0.2716,-1.4192,0.0000,0.0000,0.0000,0.8198,-0.4580,-18.1284,0.032,9133,-0.0539,0.0522,0.4819,1,5,0.150
168.703,0,5,2,0.6167,0.6167,0.9480,0.2772,-1.3442,0.0000,0.0000,0.0000,1.0475,0.6316,7.5254,0.023,9136,-0.0529,0.0511,0.4744,1,5,0.147
168.800,0,5,2,0.6167,0.6167,0.9405,0.2695,-1.4490,0.0000,0.0000,0.0000,0.7925,-0.4301,-17.7899,0.032,9139,-0.0495,0.0509,0.4747,1,5,0.142
168.899,0,5,2,0.6167,0.6167,0.9357,0.2702,-1.6158,0.0000,0.0000,0.0000,1.0408,0.6367,7.7297,0.056,9141,-0.0512,0.0535,0.4710,1,5,0.148
168.999,0,5,2,0.6167,0.6167,0.9314,0.2759,-1.4371,0.0000,0.0000,0.0000,0.7908,-0.4349,-18.1428,0.011,9145,-0.0509,0.0530,0.4639,1,5,0.147
169.100,0,5,2,0.6167,0.6167,0.9268,0.2770,-1.5397,0.0000,0.0000,0.0000,1.0255,0.6149,4.8504,0.017,9149,-0.0491,0.0520,0.4600,1,5,0.143
169.202,0,5,2,0.6167,0.6167,0.9226,0.2849,-1.4636,0.0000,0.0000,0.0000,0.5615,-0.7432,-25.4771,0.010,9154,-0.0509,0.0531,0.4513,1,5,0.147
169.298,0,5,2,0.6167,0.6167,0.9169,0.2911,-1.1836,0.0000,0.0000,0.0000,0.9529,0.6549,6.0991,0.008,9158,-0.0484,0.0506,0.4428,1,5,0.140
169.401,0,5,2,0.6167,0.6167,0.9139,0.3095,-1.2710,0.0000,0.0000,0.0000,0.9530,0.6548,6.0720,0.003,9161,-0.0713,0.0941,0.4274,1,5,0.152
169.500,0,5,2,0.6167,0.6167,0.9083,0.3353,-0.9535,0.0000,0.0000,0.0000,0.9995,0.6703,7.8940,0.022,9164,-0.0560,0.0499,0.4053,1,5,0.150
169.599,0,5,2,0.6167,0.6167,0.8941,0.3467,-0.5049,0.0000,0.0000,0.0000,0.9892,0.6802,7.4608,0.052,9166,-0.0543,0.0488,0.3871,1,5,0.146
169.700,0,5,2,0.6167,0.6167,0.8718,0.3639,-0.0999,0.0000,0.0000,0.0000,0.9768,0.6917,7.2947,0.020,9170,-0.0533,0.0491,0.3591,1,5,0.145
169.799,0,5,2,0.6167,0.6167,0.8577,0.3745,-0.0340,0.0000,0.0000,0.0000,0.9752,0.6916,7.3114,0.054,9172,-0.0546,0.0514,0.3417,1,5,0.150
169.899,0,5,2,0.6167,0.6167,0.8348,0.3904,0.2776,0.0000,0.0000,0.0000,0.9730,0.6912,7.2735,0.019,9176,-0.0546,0.0536,0.3143,1,5,0.153
170.001,0,5,2,0.6167,0.6167,0.8203,0.4014,0.2974,0.0000,0.0000,0.0000,0.9719,0.6920,7.3102,0.055,9178,-0.0489,0.0493,0.2963,1,5,0.139
170.100,0,5,2,0.6167,0.6167,0.7976,0.4152,0.6866,0.0000,0.0000,0.0000,0.9562,0.7073,6.2858,0.020,9182,-0.0528,0.0568,0.2708,1,5,0.155
170.199,0,5,2,0.6167,0.6167,0.7833,0.4250,0.6853,0.0000,0.0000,0.0000,0.9550,0.7087,6.3449,0.052,9184,-0.0495,0.0558,0.2540,1,5,0.149
170.300,0,5,2,0.6167,0.6167,0.7589,0.4354,0.8188,0.0000,0.0000,0.0000,-0.0497,0.5172,25.9730,0.028,9187,-0.0478,0.0612,0.2304,1,5,0.155
170.400,0,5,2,0.6167,0.6167,0.7484,0.4492,0.7248,0.0000,0.0000,0.0000,0.9415,0.7202,5.4391,0.017,9190,-0.0447,0.0579,0.2131,1,5,0.146
170.501,0,5,2,0.6167,0.6167,0.7406,0.4693,0.4722,0.0000,0.0000,0.0000,0.9413,0.7202,5.4379,0.014,9194,-0.0472,0.0558,0.1926,1,5,0.146
170.599,0,5,2,0.6167,0.6167,0.7407,0.4827,0.1774,0.0000,0.0000,0.0000,0.8682,0.8832,4.2187,0.036,9196,-0.0524,0.0543,0.1826,1,5,0.151
170.700,0,5,2,0.6167,0.6167,0.7426,0.5052,-0.1584,0.0000,0.0000,0.0000,0.9249,0.7369,4.1842,0.015,9200,-0.0567,0.0446,0.1682,1,5,0.144
170.800,0,5,2,0.6167,0.6167,0.7405,0.5176,-0.3547,0.0000,0.0000,0.0000,0.9245,0.7378,4.2157,0.056,9202,-0.0616,0.0424,0.1586,1,5,0.149
170.899,0,5,2,0.6167,0.6167,0.7444,0.5352,-0.5701,0.0000,0.0000,0.0000,0.9090,0.7510,3.4490,0.022,9206,-0.0673,0.0332,0.1515,1,5,0.148
170.999,0,5,2,0.6167,0.6167,0.7425,0.5452,-0.6675,0.0000,0.0000,0.0000,0.9080,0.7522,3.4975,0.056,9208,-0.0691,0.0281,0.1448,1,5,0.146
171.098,0,5,2,0.6167,0.6167,0.7452,0.5603,-0.7904,0.0000,0.0000,0.0000,0.9019,0.7540,3.5821,0.020,9212,-0.0763,0.0216,0.1404,1,5,0.154
171.201,0,5,2,0.6167,0.6167,0.7426,0.5684,-0.9162,0.0000,0.0000,0.0000,0.8950,0.7627,3.1842,0.051,9214,-0.0773,0.0164,0.1349,1,5,0.152
171.298,0,5,2,0.6167,0.6167,0.7504,0.5753,-0.9991,0.0000,0.0000,0.0000,0.8890,0.7617,3.2318,0.018,9218,-0.0772,0.0081,0.1400,1,5,0.146
171.399,0,5,2,0.6167,0.6167,0.7451,0.5816,-1.1953,0.0000,0.0000,0.0000,0.8758,0.7682,2.9930,0.054,9220,-0.0773,0.0042,0.1331,1,5,0.144
171.500,0,5,2,0.6167,0.6167,0.7413,0.5895,-1.1086,0.0000,0.0000,0.0000,0.8673,0.7657,3.0116,0.021,9223,-0.0802,0.0008,0.1276,1,5,0.149
171.600,0,5,2,0.6167,0.6167,0.7370,0.5931,-1.0839,0.0000,0.0000,0.0000,0.8624,0.7659,3.0903,0.035,9225,-0.0797,-0.0006,0.1226,1,5,0.151
171.700,0,5,2,0.6167,0.6167,0.7330,0.5978,-1.2013,0.0000,0.0000,0.0000,0.8491,0.7710,2.7477,0.015,9227,-0.0757,-0.0049,0.1179,1,5,0.147
171.801,0,5,2,0.6167,0.6167,0.7273,0.5998,-1.2580,0.0000,0.0000,0.0000,0.8455,0.7690,2.7692,0.047,9228,-0.0739,-0.0036,0.1119,1,5,0.153
171.899,0,5,2,0.6167,0.6167,0.7216,0.6018,-1.3031,0.0000,0.0000,0.0000,0.8373,0.7668,2.7917,0.009,9230,-0.0669,-0.0076,0.1060,1,5,0.142
172.001,0,5,2,0.6167,0.6167,0.7172,0.6058,-1.2949,0.0000,0.0000,0.0000,0.8333,0.7652,2.7980,0.057,9231,-0.0643,-0.0096,0.1011,1,5,0.143
172.098,0,5,2,0.6167,0.6167,0.7143,0.6097,-1.2071,0.0000,0.0000,0.0000,0.8203,0.7692,2.4608,0.022,9233,-0.0641,-0.0105,0.0979,1,5,0.149
172.198,0,5,2,0.6167,0.6167,0.7095,0.6111,-1.3007,0.0000,0.0000,0.0000,0.8154,0.7695,2.5730,0.054,9234,-0.0591,-0.0127,0.0930,1,5,0.142
172.298,0,5,2,0.6167,0.6167,0.7065,0.6145,-1.0735,0.0000,0.0000,0.0000,0.8075,0.7645,2.5235,0.020,9236,-0.0566,-0.0153,0.0899,1,5,0.140
172.398,0,5,2,0.6167,0.6167,0.7023,0.6156,-1.2107,0.0000,0.0000,0.0000,0.8029,0.7666,2.7056,0.047,9237,-0.0576,-0.0117,0.0856,1,5,0.155
172.499,0,5,2,0.6167,0.6167,0.6995,0.6187,-1.0879,0.0000,0.0000,0.0000,0.7968,0.7612,2.6894,0.021,9239,-0.0531,-0.0164,0.0829,1,5,0.144
172.600,0,5,2,0.6167,0.6167,0.6957,0.6194,-1.1822,0.0000,0.0000,0.0000,0.7923,0.7614,2.7873,0.053,9240,-0.0511,-0.0158,0.0790,1,5,0.146
172.702,0,5,3,0.0000,0.6167,0.6934,0.6220,-0.9360,0.0000,0.0000,0.0000,0.7856,0.7575,2.7792,0.024,9242,-0.0780,-0.0252,0.6934,1,5,0.138
172.798,0,5,3,0.0000,0.6167,0.6876,0.6221,-1.3390,0.0000,0.0000,0.0000,0.7818,0.7575,2.8836,0.057,9243,-0.0798,-0.0234,0.6877,1,5,0.143
172.900,0,5,3,0.0000,0.6167,0.6825,0.6242,-1.2395,0.0000,0.0000,0.0000,0.7713,0.7601,2.1458,0.021,9245,-0.0791,-0.0245,0.6825,1,5,0.141
172.999,0,5,3,0.0000,0.6167,0.6758,0.6240,-1.2621,0.0000,0.0000,0.0000,0.7637,0.7580,2.2471,0.047,9246,-0.0805,-0.0230,0.6759,1,5,0.145
173.100,0,5,3,0.0000,0.6167,0.6681,0.6238,-1.1150,0.0000,0.0000,0.0000,0.7578,0.7557,2.2485,0.074,9247,-0.0819,-0.0216,0.6681,1,5,0.149
173.201,0,5,3,0.0000,0.6167,0.6627,0.6260,-1.1984,0.0000,0.0000,0.0000,0.7495,0.7515,2.4755,0.037,9249,-0.0854,-0.0184,0.6627,1,5,0.159
173.298,0,5,3,0.0000,0.6167,0.6579,0.6282,-1.3215,0.0000,0.0000,0.0000,0.7396,0.7438,2.3553,0.021,9251,-0.0829,-0.0212,0.6580,1,5,0.152
173.400,0,5,3,0.0000,0.6167,0.6502,0.6277,-0.9694,0.0000,0.0000,0.0000,0.7335,0.7428,2.3688,0.053,9252,-0.0829,-0.0212,0.6502,1,5,0.152
173.498,0,5,3,0.0000,0.6167,0.6452,0.6296,-1.1687,0.0000,0.0000,0.0000,0.7213,0.7402,2.5763,0.022,9254,-0.0829,-0.0215,0.6454,1,5,0.152
173.598,0,5,3,0.0000,0.6167,0.6384,0.6294,-0.9451,0.0000,0.0000,0.0000,0.7213,0.7398,2.5659,0.054,9255,-0.0805,-0.0239,0.6385,1,5,0.145
173.699,0,5,3,0.0000,0.6167,0.6327,0.6306,-1.1590,0.0000,0.0000,0.0000,0.7075,0.7321,2.6181,0.019,9257,-0.0833,-0.0213,0.6328,1,5,0.153
173.799,0,5,3,0.0000,0.6167,0.6258,0.6302,-1.0179,0.0000,0.0000,0.0000,0.7043,0.7306,2.5307,0.054,9258,-0.0847,-0.0199,0.6259,1,5,0.157
173.902,0,5,3,0.0000,0.6167,0.6196,0.6315,-1.1210,0.0000,0.0000,0.0000,0.6918,0.7271,2.5528,0.025,9260,-0.0811,-0.0236,0.6198,1,5,0.147
174.002,0,5,3,0.0000,0.6167,0.6117,0.6305,-0.9967,0.0000,0.0000,0.0000,0.6882,0.7253,2.5586,0.049,9261,-0.0833,-0.0214,0.6118,1,5,0.150
174.100,0,5,3,0.0000,0.6167,0.6085,0.6347,-1.2256,0.0000,0.0000,0.0000,0.6680,0.7280,2.1938,0.018,9264,-0.0839,-0.0214,0.6088,1,5,0.155
174.202,0,5,3,0.0000,0.6167,0.6084,0.6412,-1.0927,0.0000,0.0000,0.0000,0.5141,1.4415,15.2099,0.003,9269,-0.0832,-0.0231,0.6089,1,5,0.153
174.299,0,5,3,0.0000,0.6167,0.6006,0.6572,-1.1557,0.0000,0.0000,0.0000,0.6021,0.7832,2.1586,0.036,9272,-0.0794,-0.0294,0.6020,1,5,0.143
174.401,0,5,3,0.0000,0.6167,0.6006,0.6616,-1.0308,0.0000,0.0000,0.0000,0.6058,0.7664,1.8473,0.006,9278,-0.0829,-0.0266,0.6022,1,5,0.153
174.499,0,5,3,0.0000,0.6167,0.5990,0.6644,-1.2190,0.0000,0.0000,0.0000,0.6396,0.7122,2.4140,0.008,9282,-0.0793,-0.0306,0.6009,1,5,0.143
174.598,0,5,3,0.0000,0.6167,0.5976,0.6676,-1.1641,0.0000,0.0000,0.0000,0.6448,0.8108,-0.4877,0.021,9286,-0.0796,-0.0308,0.5998,1,5,0.144
174.699,0,5,3,0.0000,0.6167,0.5950,0.6682,-1.1389,0.0000,0.0000,0.0000,0.8769,0.6950,-2.3413,0.008,9291,-0.0806,-0.0299,0.5972,1,5,0.147
174.799,0,5,3,0.0000,0.6167,0.5954,0.6686,-1.1688,0.0000,0.0000,0.0000,0.6199,0.7021,2.3666,0.047,9294,-0.0792,-0.0313,0.5976,1,5,0.143
174.900,0,5,3,0.0000,0.6167,0.5942,0.6668,-1.1650,0.0000,0.0000,0.0000,0.6139,0.6992,2.3722,0.020,9298,-0.0814,-0.0289,0.5963,1,5,0.149
174.998,0,5,3,0.0000,0.6167,0.5868,0.6662,-1.2023,0.0000,0.0000,0.0000,0.6069,0.6958,2.3764,0.051,9300,-0.0793,-0.0311,0.5889,1,5,0.143
175.099,0,5,3,0.0000,0.6167,0.5820,0.6657,-1.0908,0.0000,0.0000,0.0000,0.5952,0.6909,2.3421,0.017,9304,-0.0839,-0.0264,0.5841,1,5,0.156
175.201,0,5,3,0.0000,0.6167,0.5765,0.6633,-1.0656,0.0000,0.0000,0.0000,0.5895,0.6882,2.3237,0.055,9306,-0.0832,-0.0268,0.5784,1,5,0.154
175.300,0,5,3,0.0000,0.6167,0.5694,0.6635,-1.2850,0.0000,0.0000,0.0000,0.5800,0.6850,2.3649,0.022,9310,-0.0825,-0.0277,0.5713,1,5,0.152
175.401,0,5,3,0.0000,0.6167,0.5612,0.6619,-1.1210,0.0000,0.0000,0.0000,0.8001,0.6756,-2.5668,0.003,9313,-0.0821,-0.0278,0.5630,1,5,0.151
175.498,0,5,3,0.0000,0.6167,0.5595,0.6599,-1.0307,0.0000,0.0000,0.0000,0.5637,0.6784,2.2526,0.016,9316,-0.0783,-0.0314,0.5612,1,5,0.140
175.598,0,5,3,0.0000,0.6167,0.5548,0.6574,-1.0248,0.0000,0.0000,0.0000,0.5562,0.6766,2.2628,0.053,9318,-0.0776,-0.0317,0.5563,1,5,0.138
175.699,0,5,3,0.0000,0.6167,0.5531,0.6549,-1.3066,0.0000,0.0000,0.0000,0.7867,0.6609,-2.6575,0.034,9321,-0.0794,-0.0295,0.5545,1,5,0.143
175.801,0,5,3,0.0000,0.6167,0.5473,0.6521,-1.3118,0.0000,0.0000,0.0000,0.5456,0.6678,2.0050,0.045,9324,-0.0787,-0.0298,0.5484,1,5,0.141
175.899,0,5,3,0.0000,0.6167,0.5432,0.6498,-1.2507,0.0000,0.0000,0.0000,0.7679,0.6490,-2.9651,0.012,9327,-0.0798,-0.0284,0.5442,1,5,0.144
175.999,0,5,3,0.0000,0.6167,0.5405,0.6476,-1.1296,0.0000,0.0000,0.0000,0.5252,0.6641,2.0005,0.037,9330,-0.0788,-0.0291,0.5414,1,5,0.141
176.098,0,5,3,0.0000,0.6167,0.5373,0.6452,-1.1894,0.0000,0.0000,0.0000,0.7467,0.6511,-2.7535,0.010,9334,-0.0802,-0.0272,0.5381,1,5,0.145
176.201,0,5,3,0.0000,0.6167,0.5439,0.6332,-0.5593,0.0000,0.0000,0.0000,0.7363,0.6408,-3.0390,0.003,9337,-0.0811,-0.0243,0.5442,1,5,0.147
176.300,0,5,3,0.0000,0.6167,0.5398,0.6315,-0.5954,0.0000,0.0000,0.0000,0.4994,0.6536,2.1477,0.017,9340,-0.0804,-0.0247,0.5400,1,5,0.145
176.401,0,5,3,0.0000,0.6167,0.5331,0.6301,-0.8086,0.0000,0.0000,0.0000,0.7127,0.6395,-3.0776,0.003,9343,-0.0815,-0.0234,0.5333,1,5,0.148
176.500,0,5,3,0.0000,0.6167,0.5283,0.6288,-1.0507,0.0000,0.0000,0.0000,0.4912,0.6429,1.8915,0.023,9346,-0.0808,-0.0239,0.5284,1,5,0.146
176.600,0,5,3,0.0000,0.6167,0.5217,0.6268,-1.1070,0.0000,0.0000,0.0000,0.4818,0.6385,1.8133,0.055,9348,-0.0882,-0.0161,0.5218,1,5,0.167
176.699,0,5,3,0.0000,0.6167,0.5150,0.6278,-1.2136,0.0000,0.0000,0.0000,0.4629,0.6501,1.1124,0.017,9353,-0.0762,-0.0283,0.5151,1,5,0.133
176.800,0,5,3,0.0000,0.6167,0.5066,0.6290,-1.2016,0.0000,0.0000,0.0000,0.4518,0.7420,-1.9611,0.035,9357,-0.0829,-0.0219,0.5067,1,5,0.152
176.899,0,5,3,0.0000,0.6167,0.4982,0.6288,-1.3816,0.0000,0.0000,0.0000,0.4272,0.7346,-2.2641,0.003,9363,-0.0864,-0.0184,0.4984,1,5,0.162
177.001,0,5,3,0.0000,0.6167,0.4869,0.6303,-1.5437,0.0000,0.0000,0.0000,0.4273,0.7347,-2.2779,0.034,9366,-0.0903,0.0042,0.4871,1,5,0.173
177.099,0,5,3,0.0000,0.6167,0.4796,0.6300,-1.3645,0.0000,0.0000,0.0000,0.5640,0.5412,-5.3840,0.036,9370,-0.0999,-0.0053,0.4798,1,5,0.236
177.199,0,5,3,0.0000,0.6167,0.4678,0.6317,-1.4180,0.0000,0.0000,0.0000,0.3990,0.7397,-2.0886,0.013,9375,-0.0998,-0.0057,0.4680,1,5,0.213
177.300,0,5,3,0.0000,0.6167,0.4569,0.6334,-1.6053,0.0000,0.0000,0.0000,0.3166,0.7323,-3.0480,0.012,9380,-0.0998,-0.0062,0.4572,1,5,0.204
177.400,0,5,3,0.0000,0.6167,0.4434,0.6373,-1.8594,0.0000,0.0000,0.0000,0.3758,0.7302,-2.5652,0.024,9384,-0.0870,0.0056,0.4438,1,5,0.164
177.498,0,5,3,0.0000,0.6167,0.4322,0.6393,-1.7448,0.0000,0.0000,0.0000,0.3046,0.7269,-2.9030,0.014,9389,-0.0873,0.0047,0.4328,1,5,0.165
177.604,0,5,3,0.0000,0.6167,0.4207,0.6425,-1.6315,0.0000,0.0000,0.0000,0.5070,0.5596,-4.6441,0.002,9394,-0.0880,0.0030,0.4214,1,5,0.167
177.700,0,5,3,0.0000,0.6167,0.4113,0.6442,-1.5871,0.0000,0.0000,0.0000,0.2983,0.7259,-2.1576,0.016,9398,-0.0919,-0.0277,0.4122,1,5,0.160
177.798,0,5,3,0.0000,0.6167,0.4008,0.6446,-1.8539,0.0000,0.0000,0.0000,0.3364,0.7224,-2.1901,0.036,9402,-0.0927,-0.0261,0.4017,1,5,0.164
177.900,0,5,3,0.0000,0.6167,0.3903,0.6432,-1.8125,0.0000,0.0000,0.0000,0.3221,0.7257,-2.4555,0.002,9408,-0.0906,-0.0310,0.3912,1,5,0.153
178.001,0,5,3,0.0000,0.6167,0.3798,0.6434,-1.9314,0.0000,0.0000,0.0000,0.8034,0.5983,-11.9965,0.003,9412,-0.0907,-0.0308,0.3807,1,5,0.154
178.102,0,5,3,0.0000,0.6167,0.3676,0.6469,-1.9567,0.0000,0.0000,0.0000,0.3147,0.7247,-2.1038,0.008,9417,-0.0881,-0.0379,0.3689,1,5,0.141
178.202,0,5,3,0.0000,0.6167,0.3506,0.6488,-1.8852,0.0000,0.0000,0.0000,0.0683,0.7553,4.4489,0.003,9421,-0.0907,-0.0324,0.3521,1,5,0.155
178.303,0,5,3,0.0000,0.6167,0.3352,0.6509,-1.9127,0.0000,0.0000,0.0000,0.1493,0.7367,-5.7455,0.021,9425,-0.0893,-0.0027,0.3369,1,5,0.172
178.399,0,5,3,0.0000,0.6167,0.3211,0.6536,-1.8342,0.0000,0.0000,0.0000,0.1428,0.7306,-5.7375,0.031,9429,-0.0918,-0.0314,0.3232,1,5,0.162
178.500,0,5,3,0.0000,0.6167,0.3032,0.6544,-1.7262,0.0000,0.0000,0.0000,0.1376,0.7330,-5.4746,0.011,9434,-0.0876,-0.0421,0.3055,1,5,0.141
178.600,0,5,3,0.0000,0.6167,0.2857,0.6557,-1.7799,0.0000,0.0000,0.0000,0.2612,0.7172,-1.9415,0.023,9438,-0.0987,-0.0160,0.2883,1,5,0.225
178.702,0,5,3,0.0000,0.6167,0.2690,0.6577,-1.7034,0.0000,0.0000,0.0000,0.1298,0.7158,-4.8265,0.008,9443,-0.0869,-0.0128,0.2721,1,5,0.175
178.801,0,5,3,0.0000,0.6167,0.2587,0.6569,-1.7566,0.0000,0.0000,0.0000,0.2352,0.7055,-2.3058,0.019,9447,-0.0707,-0.0064,0.2618,1,5,0.140
178.898,0,5,3,0.0000,0.6167,0.2513,0.6558,-1.7230,0.0000,0.0000,0.0000,0.2290,0.7045,-1.9926,0.004,9453,-0.0758,-0.0085,0.2543,1,5,0.151
178.999,0,5,3,0.0000,0.6167,0.2443,0.6556,-1.7793,0.0000,0.0000,0.0000,0.2268,0.7045,-1.9041,0.034,9456,-0.0600,-0.0023,0.2474,1,5,0.117
179.101,0,5,3,0.0000,0.6167,0.2400,0.6555,-1.9572,0.0000,0.0000,0.0000,0.2120,0.6999,-2.1857,0.002,9462,-0.0599,-0.0025,0.2431,1,5,0.117
179.199,0,5,3,0.0000,0.6167,0.2344,0.6567,-1.8917,0.0000,0.0000,0.0000,0.2103,0.6998,-2.1107,0.035,9465,-0.0598,-0.0034,0.2378,1,5,0.117
179.299,0,5,3,0.0000,0.6167,0.2324,0.6529,-1.8473,0.0000,0.0000,0.0000,0.1922,0.6995,-1.0428,0.017,9470,-0.0600,-0.0020,0.2352,1,5,0.117
179.398,0,5,3,0.0000,0.6167,0.2288,0.6509,-1.8221,0.0000,0.0000,0.0000,0.2923,0.5356,-3.3757,0.030,9474,-0.0602,-0.0014,0.2314,1,5,0.117
179.499,0,5,3,0.0000,0.6167,0.2255,0.6508,-1.7812,0.0000,0.0000,0.0000,0.1341,0.8425,-5.6739,0.016,9479,-0.0754,-0.0078,0.2281,1,5,0.150
179.601,0,5,3,0.0000,0.6167,0.2189,0.6474,-1.7888,0.0000,0.0000,0.0000,0.2699,0.5409,-2.9700,0.032,9483,-0.0986,-0.0289,0.2210,1,5,0.175
179.701,0,5,3,0.0000,0.6167,0.2152,0.6420,-1.9267,0.0000,0.0000,0.0000,0.1228,0.8450,-5.7710,0.015,9488,-0.0699,-0.0021,0.2167,1,5,0.137
179.798,0,5,3,0.0000,0.6167,0.2089,0.6408,-1.7399,0.0000,0.0000,0.0000,0.2499,0.5466,-2.8647,0.031,9492,-0.1000,-0.0117,0.2103,1,5,0.195
179.900,0,5,3,0.0000,0.6167,0.2003,0.6398,-1.7008,0.0000,0.0000,0.0000,0.4021,0.4870,-5.2393,0.012,9496,-0.1015,-0.0080,0.2016,1,5,0.187
180.002,0,5,3,0.0000,0.6167,0.1923,0.6410,-1.8929,0.0000,0.0000,0.0000,0.2276,0.5568,-2.4289,0.002,9501,-0.0909,-0.0150,0.1938,1,5,0.184
180.099,0,5,3,0.0000,0.6167,0.1877,0.6415,-1.9404,0.0000,0.0000,0.0000,0.1161,0.9352,-8.0201,0.015,9506,-0.0573,-0.0156,0.1893,1,5,0.117
180.198,0,5,3,0.0000,0.6167,0.1835,0.6402,-2.0308,0.0000,0.0000,0.0000,0.2016,0.5679,-1.9899,0.025,9510,-0.0573,-0.0152,0.1850,1,5,0.117
180.300,0,5,3,0.0000,0.6167,0.1809,0.6376,-1.7525,0.0000,0.0000,0.0000,0.1001,0.9304,-7.7722,0.016,9515,-0.0575,-0.0140,0.1821,1,5,0.117
180.401,0,5,3,0.0000,0.6167,0.1765,0.6369,-1.8904,0.0000,0.0000,0.0000,0.1830,0.5756,-1.5042,0.036,9519,-0.0575,-0.0139,0.1777,1,5,0.117
180.501,0,5,3,0.0000,0.6167,0.1737,0.6349,-1.7597,0.0000,0.0000,0.0000,0.0884,0.9368,-7.6598,0.020,9524,-0.0577,-0.0129,0.1746,1,5,0.117
180.599,0,5,3,0.0000,0.6167,0.1690,0.6345,-1.8547,0.0000,0.0000,0.0000,0.1731,0.5877,-1.0849,0.032,9528,-0.0577,-0.0130,0.1700,1,5,0.117
180.701,0,5,3,0.0000,0.6167,0.1655,0.6364,-1.8390,0.0000,0.0000,0.0000,0.0764,0.9375,-7.5267,0.018,9533,-0.0575,-0.0143,0.1666,1,5,0.117
180.801,0,5,3,0.0000,0.6167,0.1601,0.6358,-1.7528,0.0000,0.0000,0.0000,0.1573,0.5950,-0.7894,0.037,9537,-0.0575,-0.0143,0.1613,1,5,0.117
180.901,0,5,3,0.0000,0.6167,0.1564,0.6374,-1.9270,0.0000,0.0000,0.0000,0.0614,0.9415,-7.3875,0.021,9542,-0.0573,-0.0156,0.1578,1,5,0.117
180.999,0,5,3,0.0000,0.6167,0.1528,0.6333,-1.6902,0.0000,0.0000,0.0000,0.3515,0.4660,-5.0719,0.002,9547,-0.0576,-0.0133,0.1537,1,5,0.117
181.103,0,5,3,0.0000,0.6167,0.1499,0.6279,-1.4139,0.0000,0.0000,0.0000,0.3487,0.4634,-4.8841,0.036,9550,-0.0580,-0.0100,0.1504,1,5,0.117
181.199,0,5,3,0.0000,0.6167,0.1453,0.6286,-1.4462,0.0000,0.0000,0.0000,0.0456,0.9467,-7.1888,0.028,9554,-0.0579,-0.0107,0.1458,1,5,0.117
181.299,0,5,3,0.0000,0.6167,0.1401,0.6291,-1.6706,0.0000,0.0000,0.0000,0.3451,0.4601,-4.9061,0.009,9559,-0.0579,-0.0113,0.1407,1,5,0.117
181.400,0,5,3,0.0000,0.6167,0.1361,0.6311,-1.7345,0.0000,0.0000,0.0000,0.1238,0.6319,0.5408,0.018,9564,-0.0576,-0.0131,0.1368,1,5,0.117
181.499,0,5,3,0.0000,0.6167,0.1318,0.6329,-1.5786,0.0000,0.0000,0.0000,0.0203,0.9329,-6.6965,0.013,9569,-0.0574,-0.0147,0.1328,1,5,0.117
181.599,0,5,3,0.0000,0.6167,0.1266,0.6333,-1.5015,0.0000,0.0000,0.0000,0.1040,0.6376,1.0455,0.031,9573,-0.0573,-0.0155,0.1277,1,5,0.117
181.701,0,5,3,0.0000,0.6167,0.1240,0.6271,-1.3633,0.0000,0.0000,0.0000,0.0849,0.5729,4.7065,0.019,9578,-0.0577,-0.0108,0.1245,1,5,0.117
181.799,0,5,3,0.0000,0.6167,0.1185,0.6280,-1.3331,0.0000,0.0000,0.0000,0.0898,0.6424,1.3971,0.032,9582,-0.0550,-0.0114,0.1191,1,5,0.117
181.898,0,5,3,0.0000,0.6167,0.1144,0.6299,-1.5416,0.0000,0.0000,0.0000,-0.0017,0.9353,-6.6154,0.019,9587,-0.0530,-0.0129,0.1151,1,5,0.117
181.999,0,5,3,0.0000,0.6167,0.1090,0.6296,-1.5775,0.0000,0.0000,0.0000,0.0664,0.5965,0.0679,0.025,9591,-0.0505,-0.0125,0.1098,1,5,0.117
182.100,0,5,3,0.0000,0.6167,0.1052,0.6310,-1.6173,0.0000,0.0000,0.0000,-0.0138,0.9320,-6.5432,0.019,9596,-0.0486,-0.0136,0.1061,1,5,0.117
182.201,0,5,3,0.0000,0.6167,0.1001,0.6266,-1.5977,0.0000,0.0000,0.0000,0.0512,0.5940,0.1926,0.032,9600,-0.0465,-0.0100,0.1006,1,5,0.117
182.299,0,5,3,0.0000,0.6167,0.0968,0.6284,-1.4881,0.0000,0.0000,0.0000,-0.0296,0.9210,-6.2534,0.013,9605,-0.0448,-0.0113,0.0975,1,5,0.117
182.401,0,5,3,0.0000,0.6167,0.0919,0.6283,-1.5314,0.0000,0.0000,0.0000,0.0387,0.5977,0.5728,0.027,9609,-0.0425,-0.0112,0.0926,1,5,0.117
182.500,0,5,3,0.0000,0.6167,0.0883,0.6300,-1.6033,0.0000,0.0000,0.0000,-0.0358,0.9343,-6.3466,0.014,9614,-0.0407,-0.0125,0.0893,1,5,0.117
182.600,0,5,3,0.0000,0.6167,0.0846,0.6301,-1.5857,0.0000,0.0000,0.0000,-0.0327,0.6281,-0.6560,0.009,9618,-0.0389,-0.0125,0.0856,1,5,0.117
182.699,0,5,3,0.0000,0.6167,0.0795,0.6302,-1.7504,0.0000,0.0000,0.0000,0.2807,0.4492,-4.4208,0.012,9622,-0.0366,-0.0124,0.0807,1,5,0.117
182.802,0,5,3,0.0000,0.6167,0.0776,0.6274,-1.5349,0.0000,0.0000,0.0000,0.0208,0.6024,0.6812,0.002,9627,-0.0358,-0.0101,0.0783,1,5,0.117
182.902,0,5,4,0.0000,0.0000,0.0725,0.6177,-1.5146,0.0000,0.0000,0.0000,0.2766,0.4450,-4.3948,0.009,9632,0.0323,-0.0996,0.6220,1,5,0.117
183.000,0,5,4,0.0000,0.0000,0.0733,0.5978,-1.4516,0.0000,0.0000,0.0000,-0.0906,0.1501,-12.8489,0.029,9636,0.0318,-0.0995,0.6023,1,5,0.117
183.102,0,5,4,0.0000,0.0000,0.0756,0.5864,-1.7655,0.0000,0.0000,0.0000,-0.0614,0.9226,-5.9031,0.020,9641,0.0312,-0.0995,0.5913,1,5,0.117
183.199,0,5,4,0.0000,0.0000,0.0765,0.5799,-1.8466,0.0000,0.0000,0.0000,-0.0445,0.6037,-0.5223,0.035,9645,0.0309,-0.0994,0.5849,1,5,0.117
183.300,0,5,4,0.0000,0.0000,0.0824,0.5657,-1.5526,0.0000,0.0000,0.0000,0.0184,0.5379,4.7062,0.018,9649,0.0296,-0.0993,0.5717,1,5,0.117
183.398,0,5,4,0.0000,0.0000,0.0832,0.5579,-1.7097,0.0000,0.0000,0.0000,-0.0396,0.5944,0.0182,0.033,9653,0.0292,-0.0992,0.5641,1,5,0.117
183.500,0,5,4,0.0000,0.0000,0.0800,0.5535,-1.6682,0.0000,0.0000,0.0000,-0.0589,0.8431,-5.1518,0.021,9658,0.0297,-0.0993,0.5592,1,5,0.117
183.601,0,5,4,0.0000,0.0000,0.0836,0.5414,-1.5415,0.0000,0.0000,0.0000,-0.0323,0.5905,0.3882,0.038,9661,0.0287,-0.0992,0.5478,1,5,0.117
183.702,0,5,4,0.0000,0.0000,0.0750,0.5363,-1.3759,0.0000,0.0000,0.0000,-0.0337,0.5896,0.4795,0.003,9667,0.0301,-0.0994,0.5415,1,5,0.117
183.800,0,5,4,0.0000,0.0000,0.0714,0.5279,-1.4574,0.0000,0.0000,0.0000,-0.2847,0.6061,9.1423,0.003,9671,0.0306,-0.0994,0.5327,1,5,0.117
183.898,0,5,4,0.0000,0.0000,0.0654,0.5197,-1.3332,0.0000,0.0000,0.0000,-0.2869,0.6018,8.9184,0.035,9674,0.0315,-0.0995,0.5238,1,5,0.117
184.000,0,5,4,0.0000,0.0000,0.0632,0.5104,-1.3087,0.0000,0.0000,0.0000,-0.0208,0.5554,0.2462,0.006,9679,0.0317,-0.0995,0.5143,1,5,0.117
184.100,0,5,4,0.0000,0.0000,0.0568,0.5028,-1.3001,0.0000,0.0000,0.0000,0.0366,0.4728,3.5950,0.009,9684,0.0328,-0.0996,0.5060,1,5,0.117
184.199,0,5,4,0.0000,0.0000,0.0546,0.4941,-0.9943,0.0000,0.0000,0.0000,-0.0114,0.5498,0.1633,0.020,9688,0.0330,-0.0996,0.4971,1,5,0.117
184.299,0,5,4,0.0000,0.0000,0.0499,0.4859,-0.9555,0.0000,0.0000,0.0000,0.0336,0.4588,3.4250,0.016,9693,0.0338,-0.0997,0.4885,1,5,0.117
184.402,0,5,4,0.0000,0.0000,0.0485,0.4774,-0.9632,0.0000,0.0000,0.0000,-0.2688,0.5525,8.6755,0.003,9698,0.0339,-0.0997,0.4798,1,5,0.117
184.501,0,5,4,0.0000,0.0000,0.0445,0.4688,-1.1059,0.0000,0.0000,0.0000,-0.0049,0.4974,-0.7160,0.003,9703,0.0345,-0.0998,0.4709,1,5,0.117
184.601,0,5,4,0.0000,0.0000,0.0438,0.4595,-1.0550,0.0000,0.0000,0.0000,-0.2715,0.5396,8.4740,0.003,9707,0.0345,-0.0998,0.4616,1,5,0.117
184.700,0,5,4,0.0000,0.0000,0.0411,0.4499,-0.9157,0.0000,0.0000,0.0000,0.0755,0.3887,3.7167,0.019,9711,0.0349,-0.0998,0.4518,1,5,0.117
184.801,0,5,4,0.0000,0.0000,0.0397,0.4427,-1.2225,0.0000,0.0000,0.0000,-0.2602,0.5225,8.1934,0.003,9716,0.0351,-0.0998,0.4444,1,5,0.117
184.901,0,5,4,0.0000,0.0000,0.0355,0.4363,-1.1184,0.0000,0.0000,0.0000,0.0071,0.4659,-1.0980,0.003,9721,0.0359,-0.0998,0.4377,1,5,0.117
184.999,0,5,4,0.0000,0.0000,0.0349,0.4285,-1.2879,0.0000,0.0000,0.0000,0.0149,0.4572,-0.9940,0.032,9724,0.0359,-0.0998,0.4299,1,5,0.117
185.099,0,5,4,0.0000,0.0000,0.0314,0.4219,-1.0886,0.0000,0.0000,0.0000,-0.0091,0.4932,-1.9387,0.019,9729,0.0366,-0.0999,0.4231,1,5,0.117
185.200,0,5,4,0.0000,0.0000,0.0312,0.4137,-1.2269,0.0000,0.0000,0.0000,-0.2335,0.4839,7.7533,0.003,9734,0.0365,-0.0999,0.4148,1,5,0.117
185.299,0,5,4,0.0000,0.0000,0.0284,0.4063,-1.1223,0.0000,0.0000,0.0000,-0.0064,0.4651,-2.0303,0.016,9738,0.0370,-0.0999,0.4073,1,5,0.117
185.398,0,5,4,0.0000,0.0000,0.0285,0.3976,-1.2818,0.0000,0.0000,0.0000,0.0159,0.3905,-2.0407,0.013,9742,0.0369,-0.0999,0.3987,1,5,0.117
185.500,0,5,4,0.0000,0.0000,0.0259,0.3901,-1.3101,0.0000,0.0000,0.0000,-0.2261,0.4598,7.5072,0.016,9746,0.0374,-0.0999,0.3910,1,5,0.117
185.601,0,5,4,0.0000,0.0000,0.0260,0.3815,-1.3867,0.0000,0.0000,0.0000,0.0317,0.3881,-1.9883,0.034,9751,0.0372,-0.0999,0.3824,1,5,0.117
185.699,0,5,4,0.0000,0.0000,0.0228,0.3757,-1.5020,0.0000,0.0000,0.0000,-0.0348,0.4610,-3.9298,0.017,9756,0.0380,-0.0999,0.3764,1,5,0.117
185.800,0,5,4,0.0000,0.0000,0.0234,0.3674,-1.4457,0.0000,0.0000,0.0000,-0.2067,0.4268,7.0455,0.003,9761,0.0376,-0.0999,0.3682,1,5,0.117
185.900,0,5,4,0.0000,0.0000,0.0209,0.3605,-1.4442,0.0000,0.0000,0.0000,-0.0415,0.4428,-4.4547,0.018,9765,0.0382,-0.0999,0.3611,1,5,0.117
186.001,0,5,4,0.0000,0.0000,0.0219,0.3518,-1.4257,0.0000,0.0000,0.0000,-0.1915,0.4059,7.0403,0.003,9770,0.0378,-0.0999,0.3524,1,5,0.117
186.101,0,5,4,0.0000,0.0000,0.0129,0.3419,-1.4339,0.0000,0.0000,0.0000,0.0470,0.3469,-2.1013,0.003,9775,0.0402,-0.1000,0.3422,1,5,0.117
186.201,0,5,4,0.0000,0.0000,0.0067,0.3307,-1.4451,0.0000,0.0000,0.0000,-0.8605,0.1598,25.1359,0.003,9779,0.0420,-0.1000,0.3308,1,5,0.117
186.298,0,5,4,0.0000,0.0000,-0.0102,0.3186,-1.4764,0.0000,0.0000,0.0000,-0.1615,0.4114,-7.8265,0.021,9783,0.0472,-0.0998,0.3188,1,5,0.117
186.401,0,5,4,0.0000,0.0000,-0.0149,0.3075,-1.3733,0.0000,0.0000,0.0000,-0.8467,0.1328,25.2351,0.003,9788,0.0488,-0.0997,0.3079,1,5,0.117
186.499,0,5,4,0.0000,0.0000,-0.0300,0.2957,-1.4069,0.0000,0.0000,0.0000,-0.1750,0.3941,-8.2817,0.021,9792,0.0541,-0.0992,0.2972,1,5,0.117
186.602,0,5,4,0.0000,0.0000,-0.0331,0.2849,-1.4952,0.0000,0.0000,0.0000,-0.8416,0.1276,25.0602,0.003,9797,0.0555,-0.0990,0.2868,1,5,0.117
186.700,0,5,4,0.0000,0.0000,-0.0453,0.2728,-1.3744,0.0000,0.0000,0.0000,-0.8378,0.1103,25.1324,0.021,9800,0.0603,-0.0982,0.2765,1,5,0.117
186.799,0,5,4,0.0000,0.0000,-0.0506,0.2634,-1.4522,0.0000,0.0000,0.0000,-0.2079,0.3766,-9.5552,0.033,9804,0.0628,-0.0977,0.2682,1,5,0.117
186.900,0,5,4,0.0000,0.0000,-0.0619,0.2525,-1.5739,0.0000,0.0000,0.0000,-0.2280,0.3871,-10.6179,0.023,9810,0.0677,-0.0965,0.2600,1,5,0.117
187.000,0,5,4,0.0000,0.0000,-0.0545,0.2442,-1.6654,0.0000,0.0000,0.0000,0.0814,0.2487,-3.3180,0.035,9814,0.0657,-0.0970,0.2502,1,5,0.117
187.102,0,5,4,0.0000,0.0000,-0.0532,0.2405,-1.8421,0.0000,0.0000,0.0000,-0.2695,0.3950,-12.3304,0.026,9819,0.0655,-0.0971,0.2463,1,5,0.117
187.199,0,5,4,0.0000,0.0000,-0.0471,0.2327,-1.9603,0.0000,0.0000,0.0000,-0.0907,0.3053,4.7976,0.007,9824,0.0638,-0.0975,0.2374,1,5,0.117
187.300,0,5,4,0.0000,0.0000,-0.0462,0.2279,-2.0991,0.0000,0.0000,0.0000,-0.3047,0.4058,-13.9231,0.023,9828,0.0638,-0.0975,0.2326,1,5,0.117
187.399,0,5,4,0.0000,0.0000,-0.0403,0.2201,-1.8389,0.0000,0.0000,0.0000,-0.0644,0.2722,4.8759,0.006,9833,0.0620,-0.0979,0.2238,1,5,0.117
187.501,0,5,4,0.0000,0.0000,-0.0386,0.2134,-2.0369,0.0000,0.0000,0.0000,-0.3276,0.4120,-14.7150,0.024,9837,0.0618,-0.0979,0.2169,1,5,0.117
187.601,0,5,4,0.0000,0.0000,-0.0341,0.2059,-1.9674,0.0000,0.0000,0.0000,0.1172,0.1750,-3.3553,0.034,9841,0.0159,-0.1051,0.2087,1,5,0.185
187.701,0,5,4,0.0000,0.0000,-0.0378,0.2014,-1.8011,0.0000,0.0000,0.0000,-0.3509,0.4090,-15.4149,0.022,9846,0.0184,-0.1038,0.2050,1,5,0.187
187.802,0,5,4,0.0000,0.0000,-0.0359,0.1926,-1.5496,0.0000,0.0000,0.0000,-0.0228,0.2125,4.9112,0.008,9851,0.0433,-0.0978,0.1959,1,5,0.155
187.900,0,5,4,0.0000,0.0000,-0.0334,0.1846,-1.7005,0.0000,0.0000,0.0000,0.1236,0.1491,-2.3990,0.003,9855,0.0618,-0.0979,0.1876,1,5,0.117
188.003,0,5,4,0.0000,0.0000,-0.0335,0.1783,-1.9129,0.0000,0.0000,0.0000,0.1263,0.1496,-2.6121,0.003,9859,0.0624,-0.0978,0.1814,1,5,0.117
188.100,0,5,4,0.0000,0.0000,-0.0275,0.1698,-1.8647,0.0000,0.0000,0.0000,-0.3780,0.3569,-15.1756,0.010,9864,0.0599,-0.0983,0.1721,1,5,0.117
188.198,0,5,4,0.0000,0.0000,-0.0220,0.1613,-1.8208,0.0000,0.0000,0.0000,0.1353,0.1334,-2.3676,0.025,9867,0.0575,-0.0987,0.1628,1,5,0.117
188.299,0,5,4,0.0000,0.0000,-0.0145,0.1510,-1.8859,0.0000,0.0000,0.0000,0.0056,0.1557,4.6444,0.010,9870,0.0535,-0.0993,0.1517,1,5,0.117
188.400,0,5,4,0.0000,0.0000,-0.0052,0.1403,-1.5936,0.0000,0.0000,0.0000,0.0178,0.1407,4.3750,0.003,9874,0.0477,-0.0998,0.1404,1,5,0.117
188.499,0,5,4,0.0000,0.0000,0.0018,0.1298,-1.3729,0.0000,0.0000,0.0000,0.0197,0.1319,4.5972,0.034,9876,0.0426,-0.1000,0.1299,1,5,0.117
188.601,0,5,4,0.0000,0.0000,0.0098,0.1188,-1.1689,0.0000,0.0000,0.0000,0.1613,0.0818,-2.0374,0.034,9879,0.0341,-0.0952,0.1192,1,5,0.117
188.700,0,5,4,0.0000,0.0000,0.0155,0.1089,-1.0883,0.0000,0.0000,0.0000,0.0408,0.1023,4.3948,0.036,9882,0.0263,-0.0874,0.1100,1,5,0.117
188.800,0,5,4,0.0000,0.0000,0.0217,0.0993,-0.9081,0.0000,0.0000,0.0000,0.0476,0.0853,4.5190,0.003,9886,0.0184,-0.0799,0.1017,1,5,0.117
188.899,0,5,4,0.0000,0.0000,0.0259,0.0907,-0.8509,0.0000,0.0000,0.0000,0.0465,0.0811,4.5136,0.035,9888,0.0124,-0.0730,0.0943,1,5,0.117
189.002,0,5,4,0.0000,0.0000,0.0307,0.0816,-0.7651,0.0000,0.0000,0.0000,0.0548,0.0662,4.5185,0.002,9892,0.0064,-0.0665,0.0872,1,5,0.117
189.099,0,5,4,0.0000,0.0000,0.0342,0.0737,-0.8629,0.0000,0.0000,0.0000,0.1267,-0.0318,1.8892,0.038,9894,-0.0061,-0.0596,0.0813,1,5,0.139
189.200,0,5,4,0.0000,0.0000,0.0370,0.0663,-1.0117,0.0000,0.0000,0.0000,0.0530,0.0562,4.2884,0.003,9898,-0.0382,-0.0439,0.0759,1,5,0.154
189.300,0,5,5,0.0000,-0.6167,0.0367,0.0601,-1.0125,0.0000,0.0000,0.0000,0.0518,0.0539,4.1761,0.036,9900,-0.0029,-0.1085,0.6777,1,5,0.183
189.399,0,5,5,0.0000,-0.6167,0.0395,0.0489,-0.9466,0.0000,0.0000,0.0000,0.1641,0.0200,-2.4755,0.022,9903,0.0161,-0.0999,0.6667,1,5,0.161
189.498,0,5,5,0.0000,-0.6167,0.0426,0.0385,-0.9524,0.0000,0.0000,0.0000,0.0512,0.0385,4.1154,0.014,9906,0.0170,-0.0999,0.6565,1,5,0.158
189.604,0,5,5,0.0000,-0.6167,0.0450,0.0290,-1.1155,0.0000,0.0000,0.0000,0.1645,0.0185,-2.3969,0.003,9909,-0.0117,-0.0823,0.6472,1,5,0.162
189.699,0,5,5,0.0000,-0.6167,0.0472,0.0199,-0.8637,0.0000,0.0000,0.0000,0.0466,0.0240,4.0445,0.024,9912,0.0176,-0.0999,0.6383,1,5,0.155
189.801,0,5,5,0.0000,-0.6167,0.0499,0.0085,-0.6053,0.0000,0.0000,0.0000,0.0560,0.0031,4.0311,0.003,9916,-0.0207,-0.0846,0.6271,1,5,0.157
189.903,0,5,5,0.0000,-0.6167,0.0493,-0.0007,-0.8472,0.0000,0.0000,0.0000,0.1496,-0.0445,-2.8629,0.005,9919,-0.0186,-0.0868,0.6180,1,5,0.163
190.001,0,5,5,0.0000,-0.6167,0.0501,-0.0104,-0.7797,0.0000,0.0000,0.0000,0.0471,-0.0091,4.0435,0.003,9922,-0.0135,-0.0921,0.6084,1,5,0.178
190.101,0,5,5,0.0000,-0.6167,0.0500,-0.0197,-0.7441,0.0000,0.0000,0.0000,0.1493,-0.0462,-2.6666,0.003,9925,-0.0112,-0.0869,0.5991,1,5,0.172
190.199,0,5,5,0.0000,-0.6167,0.0513,-0.0295,-0.7595,0.0000,0.0000,0.0000,0.0418,-0.0263,4.2025,0.006,9928,-0.0122,-0.0855,0.5894,1,5,0.169
190.302,0,5,5,0.0000,-0.6167,0.0516,-0.0393,-0.8035,0.0000,0.0000,0.0000,0.0477,-0.0373,3.9160,0.037,9930,-0.0064,-0.1158,0.5797,1,5,0.168
190.403,0,5,5,0.0000,-0.6167,0.0530,-0.0508,-0.6552,0.0000,0.0000,0.0000,0.0420,-0.0469,3.9960,0.003,9934,-0.0122,-0.0868,0.5683,1,5,0.172
190.501,0,5,5,0.0000,-0.6167,0.0562,-0.0617,-0.7390,0.0000,0.0000,0.0000,0.1631,-0.0621,-2.0586,0.002,9938,-0.0112,-0.0909,0.5578,1,5,0.181
190.602,0,5,5,0.0000,-0.6167,0.0591,-0.0698,-0.7527,0.0000,0.0000,0.0000,0.0404,-0.0652,3.8138,0.003,9942,0.0061,-0.0937,0.5501,1,5,0.169
190.699,0,5,5,0.0000,-0.6167,0.0611,-0.0801,-0.5743,0.0000,0.0000,0.0000,0.0392,-0.0693,3.8077,0.035,9945,-0.0153,-0.0839,0.5400,1,5,0.166
190.799,0,5,5,0.0000,-0.6167,0.0644,-0.0910,-0.4837,0.0000,0.0000,0.0000,0.1423,-0.1173,-2.9099,0.011,9950,-0.0185,-0.0783,0.5296,1,5,0.154
190.899,0,5,5,0.0000,-0.6167,0.0663,-0.1007,-0.6870,0.0000,0.0000,0.0000,0.1938,-0.1792,-0.2585,0.004,9955,0.0077,-0.0920,0.5202,1,5,0.161
190.999,0,5,5,0.0000,-0.6167,0.0710,-0.1117,-0.6336,0.0000,0.0000,0.0000,0.1427,-0.1184,-2.8357,0.027,9959,0.0126,-0.0894,0.5099,1,5,0.148
191.099,0,5,5,0.0000,-0.6167,0.0761,-0.1233,-0.7278,0.0000,0.0000,0.0000,0.1904,-0.1937,-0.5943,0.017,9964,0.0131,-0.0885,0.4992,1,5,0.144
191.201,0,5,5,0.0000,-0.6167,0.0801,-0.1330,-0.9163,0.0000,0.0000,0.0000,0.0362,-0.1134,3.5670,0.007,9969,-0.0346,-0.0904,0.4903,1,5,0.155
191.303,0,5,5,0.0000,-0.6167,0.0823,-0.1444,-0.8378,0.0000,0.0000,0.0000,0.1508,-0.1422,-3.0285,0.003,9974,0.0005,-0.0926,0.4793,1,5,0.167
191.400,0,5,5,0.0000,-0.6167,0.0839,-0.1538,-0.7795,0.0000,0.0000,0.0000,0.1509,-0.1428,-2.9691,0.036,9977,-0.0033,-0.0938,0.4704,1,5,0.174
191.502,0,5,5,0.0000,-0.6167,0.0868,-0.1651,-0.7299,0.0000,0.0000,0.0000,0.1560,-0.1651,-2.8299,0.002,9983,0.0053,-0.0896,0.4599,1,5,0.153
191.602,0,5,5,0.0000,-0.6167,0.0914,-0.1770,-0.7966,0.0000,0.0000,0.0000,0.1564,-0.1652,-2.8856,0.038,9986,0.0080,-0.0877,0.4491,1,5,0.144
191.700,0,5,5,0.0000,-0.6167,0.0971,-0.1903,-0.7138,0.0000,0.0000,0.0000,0.1562,-0.1659,-2.7945,0.003,9992,0.0098,-0.0858,0.4373,1,5,0.136
191.799,0,5,5,0.0000,-0.6167,0.1008,-0.1999,-0.6774,0.0000,0.0000,0.0000,0.1149,-0.2877,-0.0174,0.003,9996,0.0085,-0.0855,0.4288,1,5,0.136
191.899,0,5,5,0.0000,-0.6167,0.1038,-0.2111,-0.6912,0.0000,0.0000,0.0000,0.1548,-0.2099,-3.1237,0.007,10000,0.0104,-0.0839,0.4187,1,5,0.129
192.001,0,5,5,0.0000,-0.6167,0.1054,-0.2189,-0.8330,0.0000,0.0000,0.0000,0.0402,-0.1875,3.2690,0.007,10003,0.0096,-0.0837,0.4114,1,5,0.129
192.100,0,5,5,0.0000,-0.6167,0.1054,-0.2274,-0.7975,0.0000,0.0000,0.0000,0.0414,-0.1935,3.0749,0.039,10005,0.0082,-0.0840,0.4033,1,5,0.131
192.199,0,5,5,0.0000,-0.6167,0.1063,-0.2340,-0.8493,0.0000,0.0000,0.0000,0.1548,-0.2109,-3.0181,0.025,10008,0.0034,-0.0855,0.3971,1,5,0.140
192.300,0,5,5,0.0000,-0.6167,0.1061,-0.2423,-0.9471,0.0000,0.0000,0.0000,0.0443,-0.2141,3.1418,0.013,10011,0.0024,-0.0856,0.3891,1,5,0.141
192.399,0,5,5,0.0000,-0.6167,0.1057,-0.2504,-0.9612,0.0000,0.0000,0.0000,0.1524,-0.2460,-3.4870,0.025,10014,-0.0073,-0.0893,0.3812,1,5,0.161
192.498,0,5,5,0.0000,-0.6167,0.1034,-0.2581,-0.8984,0.0000,0.0000,0.0000,0.1522,-0.2472,-3.3087,0.003,10018,-0.0068,-0.0891,0.3731,1,5,0.160
192.601,0,5,5,0.0000,-0.6167,0.1022,-0.2671,-1.0758,0.0000,0.0000,0.0000,0.1198,-0.3501,-0.4125,0.003,10021,-0.0446,-0.0967,0.3642,1,5,0.162
192.698,0,5,5,0.0000,-0.6167,0.0986,-0.2767,-1.2237,0.0000,0.0000,0.0000,0.0422,-0.2494,3.0705,0.035,10023,-0.0197,-0.1106,0.3540,1,5,0.170
192.799,0,5,5,0.0000,-0.6167,0.0969,-0.2866,-1.2994,0.0000,0.0000,0.0000,0.1377,-0.2951,-4.4459,0.034,10026,-0.0181,-0.1151,0.3440,1,5,0.160
192.899,0,5,5,0.0000,-0.6167,0.0933,-0.2962,-1.0882,0.0000,0.0000,0.0000,0.0306,-0.2628,2.9345,0.035,10029,-0.0131,-0.0915,0.3337,1,5,0.173
193.002,0,5,5,0.0000,-0.6167,0.1020,-0.2974,-0.9229,0.0000,0.0000,0.0000,0.0291,-0.2782,2.9247,0.003,10033,-0.0425,-0.0815,0.3352,1,5,0.159
193.099,0,5,5,0.0000,-0.6167,0.1032,-0.3017,-0.6218,0.0000,0.0000,0.0000,0.0268,-0.2830,2.9337,0.036,10035,-0.0236,-0.1082,0.3315,1,5,0.173
193.200,0,5,5,0.0000,-0.6167,0.1113,-0.3042,0.0491,0.0000,0.0000,0.0000,0.0257,-0.2948,3.1111,0.007,10039,-0.0266,-0.1061,0.3317,1,5,0.176
193.302,0,5,5,0.0000,-0.6167,0.1118,-0.3122,0.0904,0.0000,0.0000,0.0000,0.4858,-0.0834,6.7176,0.003,10042,-0.0516,-0.0753,0.3244,1,5,0.145
193.399,0,5,5,0.0000,-0.6167,0.1164,-0.3138,-0.1119,0.0000,0.0000,0.0000,0.4759,-0.1099,6.1366,0.037,10044,-0.0505,-0.0772,0.3245,1,5,0.152
193.501,0,5,5,0.0000,-0.6167,0.1140,-0.3192,-0.3939,0.0000,0.0000,0.0000,0.0191,-0.3212,2.7206,0.018,10047,-0.0518,-0.0759,0.3186,1,5,0.148
193.600,0,5,5,0.0000,-0.6167,0.1135,-0.3259,-0.4183,0.0000,0.0000,0.0000,0.4886,-0.1140,5.5896,0.007,10050,-0.0482,-0.0799,0.3121,1,5,0.160
193.699,0,5,5,0.0000,-0.6167,0.1177,-0.3312,-0.6879,0.0000,0.0000,0.0000,0.0876,-0.4451,-1.3400,0.034,10053,-0.0531,-0.0760,0.3087,1,5,0.151
193.801,0,5,5,0.0000,-0.6167,0.1201,-0.3342,-0.4800,0.0000,0.0000,0.0000,0.4939,-0.1180,5.3887,0.037,10056,-0.0499,-0.0799,0.3069,1,5,0.163
193.901,0,5,5,0.0000,-0.6167,0.1172,-0.3383,-0.6797,0.0000,0.0000,0.0000,0.4705,-0.1573,4.5883,0.003,10060,-0.0478,-0.0818,0.3020,1,5,0.168
193.999,0,5,5,0.0000,-0.6167,0.1199,-0.3417,-0.5781,0.0000,0.0000,0.0000,-0.0298,-0.3332,2.4611,0.003,10063,-0.0560,-0.0743,0.2999,1,5,0.148
194.100,0,5,5,0.0000,-0.6167,0.1165,-0.3487,-0.6804,0.0000,0.0000,0.0000,0.4735,-0.1606,4.6055,0.003,10066,-0.0549,-0.0753,0.2922,1,5,0.151
194.200,0,5,5,0.0000,-0.6167,0.1196,-0.3532,-0.6390,0.0000,0.0000,0.0000,0.4736,-0.1607,4.6024,0.038,10068,-0.0574,-0.0737,0.2893,1,5,0.148
194.299,0,5,5,0.0000,-0.6167,0.1142,-0.3577,-0.6433,0.0000,0.0000,0.0000,-0.0574,-0.3430,2.6820,0.034,10071,-0.0543,-0.0762,0.2830,1,5,0.154
194.399,0,5,5,0.0000,-0.6167,0.1152,-0.3609,-0.7366,0.0000,0.0000,0.0000,0.4248,-0.2341,2.9909,0.036,10074,-0.0582,-0.0727,0.2805,1,5,0.145
194.499,0,5,5,0.0000,-0.6167,0.1086,-0.3661,-0.8986,0.0000,0.0000,0.0000,0.4278,-0.2364,2.7614,0.003,10078,-0.0573,-0.0729,0.2731,1,5,0.144
194.600,0,5,5,0.0000,-0.6167,0.1088,-0.3698,-0.6540,0.0000,0.0000,0.0000,-0.1110,-0.3390,3.6043,0.003,10081,-0.0568,-0.0738,0.2698,1,5,0.147
194.701,0,5,5,0.0000,-0.6167,0.1011,-0.3753,-0.7927,0.0000,0.0000,0.0000,0.3866,-0.2889,1.6854,0.003,10084,-0.0547,-0.0748,0.2617,1,5,0.148
194.803,0,5,5,0.0000,-0.6167,0.0964,-0.3811,-0.7536,0.0000,0.0000,0.0000,0.0105,-0.5358,-3.2356,0.003,10087,-0.0557,-0.0733,0.2545,1,5,0.143
194.901,0,5,5,0.0000,-0.6167,0.0953,-0.3912,-0.9657,0.0000,0.0000,0.0000,0.0039,-0.5461,-3.4696,0.022,10089,-0.0557,-0.0740,0.2448,1,5,0.146
195.000,0,5,5,0.0000,-0.6167,0.0959,-0.3990,-0.7631,0.0000,0.0000,0.0000,0.3613,-0.3223,1.0813,0.027,10092,-0.0529,-0.0776,0.2379,1,5,0.158
195.099,0,5,5,0.0000,-0.6167,0.0917,-0.4089,-0.8498,0.0000,0.0000,0.0000,0.3342,-0.3481,0.7448,0.003,10096,-0.0554,-0.0751,0.2271,1,5,0.151
195.202,0,5,5,0.0000,-0.6167,0.0913,-0.4168,-0.9866,0.0000,0.0000,0.0000,-0.0145,-0.5721,-3.7845,0.003,10099,-0.0598,-0.0715,0.2198,1,5,0.142
195.301,0,5,5,0.0000,-0.6167,0.0851,-0.4282,-1.2572,0.0000,0.0000,0.0000,-0.0162,-0.5718,-3.8559,0.038,10101,-0.0576,-0.0734,0.2068,1,5,0.147
195.399,0,5,5,0.0000,-0.6167,0.0849,-0.4354,-1.0814,0.0000,0.0000,0.0000,-0.0261,-0.5770,-3.8966,0.007,10105,-0.0596,-0.0722,0.2002,1,5,0.145
195.500,0,5,5,0.0000,-0.6167,0.0787,-0.4458,-1.1255,0.0000,0.0000,0.0000,0.2877,-0.4035,-0.3878,0.003,10108,-0.0576,-0.0738,0.1881,1,5,0.149
195.599,0,5,5,0.0000,-0.6167,0.0770,-0.4539,-1.1535,0.0000,0.0000,0.0000,-0.0438,-0.5967,-3.8345,0.006,10111,-0.0606,-0.0713,0.1801,1,5,0.143
195.698,0,5,5,0.0000,-0.6167,0.0701,-0.4644,-1.3887,0.0000,0.0000,0.0000,-0.0484,-0.6027,-3.9356,0.039,10113,-0.0548,-0.0766,0.1676,1,5,0.157
195.799,0,5,5,0.0000,-0.6167,0.0678,-0.4728,-1.3449,0.0000,0.0000,0.0000,-0.0508,-0.6021,-4.0483,0.003,10117,-0.0563,-0.0756,0.1590,1,5,0.155
195.899,0,5,5,0.0000,-0.6167,0.0611,-0.4834,-1.3896,0.0000,0.0000,0.0000,-0.0592,-0.6184,-4.1576,0.039,10119,-0.0567,-0.0746,0.1466,1,5,0.151
195.999,0,5,5,0.0000,-0.6167,0.0584,-0.4918,-1.3203,0.0000,0.0000,0.0000,-0.0648,-0.6221,-3.9544,0.006,10123,-0.0542,-0.0775,0.1379,1,5,0.160
196.098,0,5,5,0.0000,-0.6167,0.0514,-0.5024,-1.5424,0.0000,0.0000,0.0000,-0.0717,-0.6268,-4.0913,0.039,10125,-0.0494,-0.0816,0.1253,1,5,0.170
196.198,0,5,5,0.0000,-0.6167,0.0480,-0.5115,-1.3627,0.0000,0.0000,0.0000,0.1940,-0.4954,-2.0055,0.012,10128,-0.0513,-0.0700,0.1156,1,5,0.154
196.300,0,5,5,0.0000,-0.6167,0.0411,-0.5213,-1.7212,0.0000,0.0000,0.0000,-0.0858,-0.6409,-3.9538,0.014,10131,-0.0454,-0.0627,0.1039,1,5,0.151
196.399,0,5,5,0.0000,-0.6167,0.0359,-0.5289,-1.5128,0.0000,0.0000,0.0000,-0.0159,-0.5409,-6.1176,0.016,10134,-0.0409,-0.0570,0.0948,1,5,0.148
196.499,0,5,5,0.0000,-0.6167,0.0316,-0.5362,-1.6967,0.0000,0.0000,0.0000,0.1526,-0.5310,-2.5164,0.003,10138,-0.0340,-0.0547,0.0865,1,5,0.158
196.600,0,5,5,0.0000,-0.6167,0.0256,-0.5468,-1.5852,0.0000,0.0000,0.0000,-0.1023,-0.6674,-4.1835,0.005,10141,-0.0283,-0.0508,0.0744,1,5,0.166
196.703,0,5,6,0.0000,-1.2333,0.0223,-0.5529,-1.5236,0.0000,0.0000,0.0000,-0.1057,-0.6740,-3.9979,0.041,10143,-0.0188,-0.0820,0.6808,1,5,0.149
196.798,0,5,6,0.0000,-1.2333,0.0215,-0.5610,-1.5560,0.0000,0.0000,0.0000,-0.1058,-0.6742,-3.9883,0.005,10147,-0.0145,-0.0862,0.6727,1,5,0.161
196.900,0,5,6,0.0000,-1.2333,0.0176,-0.5720,-1.5541,0.0000,0.0000,0.0000,0.1188,-0.5646,-2.7856,0.006,10150,-0.0182,-0.0820,0.6615,1,5,0.149
196.999,0,5,6,0.0000,-1.2333,0.0162,-0.5814,-1.5198,0.0000,0.0000,0.0000,-0.1155,-0.6953,-3.7716,0.003,10153,-0.0170,-0.0830,0.6522,1,5,0.152
197.101,0,5,6,0.0000,-1.2333,0.0132,-0.5935,-1.7010,0.0000,0.0000,0.0000,0.1074,-0.5845,-2.8808,0.002,10156,-0.0158,-0.0837,0.6399,1,5,0.154
197.201,0,5,6,0.0000,-1.2333,0.0090,-0.6042,-1.7306,0.0000,0.0000,0.0000,-0.1211,-0.7089,-3.7030,0.008,10159,-0.0124,-0.0866,0.6292,1,5,0.162
197.300,0,5,6,0.0000,-1.2333,0.0068,-0.6132,-1.7160,0.0000,0.0000,0.0000,0.0877,-0.6091,-3.1633,0.003,10162,-0.0170,-0.0816,0.6202,1,5,0.148
197.400,0,5,6,0.0000,-1.2333,0.0039,-0.6250,-1.6791,0.0000,0.0000,0.0000,-0.1244,-0.7245,-3.4243,0.011,10165,-0.0144,-0.0837,0.6084,1,5,0.154
197.500,0,5,6,0.0000,-1.2333,0.0013,-0.6346,-1.7401,0.0000,0.0000,0.0000,-0.1267,-0.7240,-3.5160,0.043,10167,-0.0143,-0.0834,0.5988,1,5,0.153
197.602,0,5,6,0.0000,-1.2333,-0.0003,-0.6438,-1.7595,0.0000,0.0000,0.0000,0.0729,-0.6362,-3.2329,0.014,10170,-0.0148,-0.0826,0.5895,1,5,0.151
197.699,0,5,6,0.0000,-1.2333,-0.0042,-0.6537,-1.8534,0.0000,0.0000,0.0000,-0.1251,-0.7389,-3.5173,0.022,10173,-0.0155,-0.0812,0.5797,1,5,0.147
197.800,0,5,6,0.0000,-1.2333,-0.0059,-0.6639,-1.7797,0.0000,0.0000,0.0000,0.0590,-0.6586,-3.5198,0.025,10176,-0.0180,-0.0784,0.5695,1,5,0.139
197.901,0,5,6,0.0000,-1.2333,-0.0100,-0.6738,-1.8397,0.0000,0.0000,0.0000,-0.1325,-0.7668,-3.4727,0.032,10179,-0.0070,-0.0886,0.5596,1,5,0.168
197.999,0,5,6,0.0000,-1.2333,-0.0111,-0.6834,-1.7316,0.0000,0.0000,0.0000,-0.1388,-0.7774,-3.3975,0.007,10183,-0.0163,-0.0790,0.5500,1,5,0.141
198.100,0,5,6,0.0000,-1.2333,-0.0153,-0.6938,-2.0628,0.0000,0.0000,0.0000,-0.1375,-0.7786,-3.3208,0.041,10185,-0.0081,-0.0864,0.5397,1,5,0.162
198.199,0,5,6,0.0000,-1.2333,-0.0169,-0.7035,-1.7833,0.0000,0.0000,0.0000,-0.1339,-0.7987,-3.7229,0.009,10189,-0.0077,-0.0864,0.5301,1,5,0.162
198.300,0,5,6,0.0000,-1.2333,-0.0206,-0.7142,-1.7212,0.0000,0.0000,0.0000,0.0244,-0.7120,-3.6786,0.003,10192,-0.0101,-0.0832,0.5195,1,5,0.153
198.398,0,5,6,0.0000,-1.2333,-0.0224,-0.7235,-1.7125,0.0000,0.0000,0.0000,-0.1426,-0.8173,-3.1391,0.010,10195,-0.0055,-0.0874,0.5103,1,5,0.165
198.500,0,5,6,0.0000,-1.2333,-0.0262,-0.7345,-1.9319,0.0000,0.0000,0.0000,0.0071,-0.7378,-4.1736,0.002,10198,-0.0106,-0.0813,0.4995,1,5,0.148
198.599,0,5,6,0.0000,-1.2333,-0.0283,-0.7440,-1.8036,0.0000,0.0000,0.0000,-0.1444,-0.8257,-3.1301,0.006,10201,-0.0137,-0.0777,0.4902,1,5,0.138
198.700,0,5,6,0.0000,-1.2333,-0.0325,-0.7543,-1.8651,0.0000,0.0000,0.0000,-0.0156,-0.7630,-4.3874,0.003,10204,-0.0010,-0.0893,0.4802,1,5,0.171
198.801,0,5,6,0.0000,-1.2333,-0.0359,-0.7659,-1.8636,0.0000,0.0000,0.0000,-0.1492,-0.8520,-3.1248,0.007,10207,-0.0104,-0.0790,0.4688,1,5,0.142
198.900,0,5,6,0.0000,-1.2333,-0.0382,-0.7752,-1.9290,0.0000,0.0000,0.0000,-0.1488,-0.8528,-3.0922,0.038,10209,-0.0051,-0.0835,0.4597,1,5,0.155
198.999,0,5,6,0.0000,-1.2333,-0.0401,-0.7836,-1.7476,0.0000,0.0000,0.0000,-0.0221,-0.7852,-4.3078,0.026,10212,-0.0049,-0.0831,0.4515,1,5,0.154
199.099,0,5,6,0.0000,-1.2333,-0.0435,-0.7943,-1.9260,0.0000,0.0000,0.0000,-0.1505,-0.8772,-2.9780,0.016,10215,-0.0053,-0.0816,0.4412,1,5,0.150
199.199,0,5,6,0.0000,-1.2333,-0.0453,-0.8035,-1.9895,0.0000,0.0000,0.0000,-0.0296,-0.8025,-4.2332,0.024,10218,0.0002,-0.0864,0.4322,1,5,0.164
199.300,0,5,6,0.0000,-1.2333,-0.0486,-0.8138,-2.0410,0.0000,0.0000,0.0000,-0.1522,-0.8831,-2.8586,0.037,10221,-0.0051,-0.0799,0.4223,1,5,0.146
199.401,0,5,6,0.0000,-1.2333,-0.0519,-0.8252,-1.8006,0.0000,0.0000,0.0000,-0.1512,-0.9059,-3.0113,0.009,10225,-0.0026,-0.0816,0.4114,1,5,0.151
199.498,0,5,6,0.0000,-1.2333,-0.0537,-0.8337,-1.9280,0.0000,0.0000,0.0000,-0.1514,-0.9106,-2.6823,0.037,10227,0.0024,-0.0853,0.4032,1,5,0.162
199.598,0,5,6,0.0000,-1.2333,-0.0553,-0.8430,-2.0199,0.0000,0.0000,0.0000,-0.0514,-0.8415,-4.4488,0.034,10230,-0.0005,-0.0817,0.3942,1,5,0.152
199.701,0,5,6,0.0000,-1.2333,-0.0582,-0.8529,-2.0619,0.0000,0.0000,0.0000,-0.0603,-0.8551,-4.6130,0.004,10234,0.0042,-0.0850,0.3848,1,5,0.162
199.800,0,5,6,0.0000,-1.2333,-0.0608,-0.8643,-1.8749,0.0000,0.0000,0.0000,-0.1542,-0.9419,-3.0166,0.008,10237,0.0042,-0.0837,0.3740,1,5,0.159
199.898,0,5,6,0.0000,-1.2333,-0.0621,-0.8727,-1.8431,0.0000,0.0000,0.0000,-0.0540,-0.8663,-4.0129,0.003,10240,0.0056,-0.0843,0.3659,1,5,0.161
200.001,0,5,6,0.0000,-1.2333,-0.0647,-0.8835,-1.9692,0.0000,0.0000,0.0000,-0.1544,-0.9563,-2.6357,0.006,10243,0.0025,-0.0803,0.3558,1,5,0.150
200.101,0,5,6,0.0000,-1.2333,-0.0659,-0.8915,-2.1545,0.0000,0.0000,0.0000,-0.0669,-0.8875,-4.4946,0.006,10246,0.0062,-0.0825,0.3482,1,5,0.157
200.198,0,5,6,0.0000,-1.2333,-0.0669,-0.9003,-2.0209,0.0000,0.0000,0.0000,-0.1559,-0.9709,-2.7119,0.002,10249,0.0055,-0.0809,0.3397,1,5,0.153
200.298,0,5,6,0.0000,-1.2333,-0.0693,-0.9099,-1.9608,0.0000,0.0000,0.0000,-0.1548,-0.9759,-2.5209,0.016,10251,0.0047,-0.0785,0.3307,1,5,0.147
200.402,0,5,6,0.0000,-1.2333,-0.0704,-0.9187,-1.9040,0.0000,0.0000,0.0000,-0.0770,-0.9101,-4.2934,0.004,10254,0.0069,-0.0797,0.3224,1,5,0.151
200.499,0,5,6,0.0000,-1.2333,-0.0725,-0.9284,-2.1463,0.0000,0.0000,0.0000,-0.1520,-0.9921,-2.3403,0.020,10257,0.0082,-0.0794,0.3134,1,5,0.151
200.600,0,5,6,0.0000,-1.2333,-0.0733,-0.9378,-2.0177,0.0000,0.0000,0.0000,-0.0812,-0.9273,-4.5030,0.023,10260,0.0155,-0.0855,0.3045,1,5,0.169
200.698,0,5,6,0.0000,-1.2333,-0.0755,-0.9438,-2.1274,0.0000,0.0000,0.0000,-0.0887,-0.9377,-4.2788,0.007,10266,0.0100,-0.0784,0.2992,1,5,0.150
200.801,0,5,6,0.0000,-1.2333,-0.0775,-0.9521,-2.1386,0.0000,0.0000,0.0000,-0.1529,-1.0241,-2.1657,0.011,10270,0.0162,-0.0830,0.2918,1,5,0.164
200.899,0,5,6,0.0000,-1.2333,-0.0784,-0.9563,-2.2529,0.0000,0.0000,0.0000,-0.1126,-0.9138,-4.0585,0.004,10275,0.0098,-0.0757,0.2879,1,5,0.144
201.000,0,5,6,0.0000,-1.2333,-0.0800,-0.9644,-2.1933,0.0000,0.0000,0.0000,-0.1485,-1.0437,-2.0592,0.012,10279,0.0150,-0.0792,0.2806,1,5,0.155
201.099,0,5,6,0.0000,-1.2333,-0.0805,-0.9683,-2.2116,0.0000,0.0000,0.0000,-0.1210,-0.9353,-4.0876,0.003,10284,0.0141,-0.0776,0.2770,1,5,0.151
201.199,0,5,6,0.0000,-1.2333,-0.0815,-0.9744,-2.4092,0.0000,0.0000,0.0000,-0.1480,-1.0654,-2.0158,0.007,10288,0.0165,-0.0787,0.2714,1,5,0.155
201.298,0,5,6,0.0000,-1.2333,-0.0825,-0.9805,-2.3870,0.0000,0.0000,0.0000,-0.1110,-0.9498,-3.9924,0.006,10293,0.0192,-0.0801,0.2660,1,5,0.160
201.398,0,5,6,0.0000,-1.2333,-0.0827,-0.9867,-2.3924,0.0000,0.0000,0.0000,-0.1419,-1.0819,-1.8563,0.003,10297,0.0150,-0.0749,0.2602,1,5,0.146
201.500,0,5,6,0.0000,-1.2333,-0.0831,-0.9944,-2.3210,0.0000,0.0000,0.0000,-0.1029,-0.9655,-3.4597,0.007,10301,0.0168,-0.0752,0.2530,1,5,0.148
201.602,0,5,6,0.0000,-1.2333,-0.0829,-0.9993,-2.2455,0.0000,0.0000,0.0000,-0.1373,-1.0994,-1.7186,0.002,10306,0.0222,-0.0800,0.2483,1,5,0.162
201.699,0,5,6,0.0000,-1.2333,-0.0830,-1.0063,-2.2400,0.0000,0.0000,0.0000,-0.0849,-0.8291,-9.2147,0.013,10310,0.0179,-0.0743,0.2417,1,5,0.147
201.800,0,5,6,0.0000,-1.2333,-0.0825,-1.0110,-2.3313,0.0000,0.0000,0.0000,-0.0961,-0.9851,-2.9786,0.024,10314,0.0202,-0.0759,0.2372,1,5,0.152
201.900,0,5,6,0.0000,-1.2333,-0.0817,-1.0149,-2.3374,0.0000,0.0000,0.0000,-0.1324,-1.1209,-1.4656,0.014,10319,0.0229,-0.0783,0.2333,1,5,0.159
202.000,0,5,6,0.0000,-1.2333,-0.0815,-1.0247,-2.2273,0.0000,0.0000,0.0000,-0.1274,-1.1327,-1.3292,0.007,10324,0.0196,-0.0731,0.2240,1,5,0.146
202.100,0,5,6,0.0000,-1.2333,-0.0805,-1.0282,-2.2314,0.0000,0.0000,0.0000,-0.0792,-1.0121,-2.5288,0.006,10329,0.0201,-0.0734,0.2203,1,5,0.147
202.201,0,5,6,0.0000,-1.2333,-0.0792,-1.0367,-2.2634,0.0000,0.0000,0.0000,-0.1220,-1.1514,-1.2060,0.009,10333,0.0209,-0.0731,0.2119,1,5,0.147
202.301,0,5,6,0.0000,-1.2333,-0.0781,-1.0406,-2.2829,0.0000,0.0000,0.0000,-0.0902,-1.0288,-2.6872,0.003,10338,0.0197,-0.0716,0.2080,1,5,0.143
202.401,0,5,6,0.0000,-1.2333,-0.0769,-1.0489,-2.0164,0.0000,0.0000,0.0000,-0.1170,-1.1649,-1.0724,0.007,10342,0.0295,-0.0800,0.1999,1,5,0.168
202.500,0,5,6,0.0000,-1.2333,-0.0746,-1.0530,-1.9774,0.0000,0.0000,0.0000,-0.1302,-1.1020,-3.4984,0.007,10347,0.0296,-0.0805,0.1952,1,5,0.169
202.601,0,5,6,0.0000,-1.2333,-0.0741,-1.0632,-1.9393,0.0000,0.0000,0.0000,-0.1097,-1.1871,-1.0243,0.006,10351,0.0277,-0.0762,0.1855,1,5,0.159
202.699,0,5,6,0.0000,-1.2333,-0.0731,-1.0673,-2.0547,0.0000,0.0000,0.0000,-0.0693,-0.8643,-9.5349,0.016,10355,0.0270,-0.0749,0.1814,1,5,0.156
202.800,0,5,6,0.0000,-1.2333,-0.0723,-1.0769,-2.1056,0.0000,0.0000,0.0000,-0.1032,-1.2049,-1.0160,0.009,10360,0.0265,-0.0720,0.1724,1,5,0.150
202.899,0,5,6,0.0000,-1.2333,-0.0711,-1.0829,-1.8385,0.0000,0.0000,0.0000,-0.0606,-0.8773,-9.5286,0.012,10364,0.0283,-0.0727,0.1664,1,5,0.153
202.999,0,5,6,0.0000,-1.2333,-0.0699,-1.0876,-1.9177,0.0000,0.0000,0.0000,-0.1193,-1.1124,-2.5823,0.034,10368,0.0289,-0.0724,0.1616,1,5,0.153
203.099,0,5,6,0.0000,-1.2333,-0.0683,-1.0958,-2.0606,0.0000,0.0000,0.0000,-0.0942,-1.2232,-0.5206,0.020,10372,0.0340,-0.0757,0.1536,1,5,0.164
203.200,0,5,6,0.0000,-1.2333,-0.0662,-1.1003,-2.1954,0.0000,0.0000,0.0000,-0.1235,-1.1541,-3.2169,0.003,10377,0.0298,-0.0714,0.1486,1,5,0.152
203.301,0,5,6,0.0000,-1.2333,-0.0648,-1.1079,-2.1017,0.0000,0.0000,0.0000,-0.0523,-0.9041,-9.5284,0.021,10382,0.0361,-0.0757,0.1412,1,5,0.166
203.399,0,5,6,0.0000,-1.2333,-0.0635,-1.1147,-2.1993,0.0000,0.0000,0.0000,-0.0827,-1.2456,-0.3754,0.008,10387,0.0299,-0.0675,0.1346,1,5,0.145
203.501,0,5,6,0.0000,-1.2333,-0.0619,-1.1217,-2.0817,0.0000,0.0000,0.0000,-0.1174,-1.1588,-2.7841,0.007,10392,0.0400,-0.0756,0.1277,1,5,0.170
203.601,0,5,6,0.0000,-1.2333,-0.0597,-1.1312,-2.0426,0.0000,0.0000,0.0000,-0.0757,-1.2654,-0.3983,0.006,10395,0.0387,-0.0695,0.1183,1,5,0.167
203.698,0,5,6,0.0000,-1.2333,-0.0578,-1.1370,-2.1739,0.0000,0.0000,0.0000,-0.1082,-1.1802,-2.7004,0.007,10400,0.0329,-0.0606,0.1123,1,5,0.152
203.798,0,5,6,0.0000,-1.2333,-0.0562,-1.1443,-1.9698,0.0000,0.0000,0.0000,-0.1060,-1.1819,-2.5515,0.041,10403,0.0354,-0.0588,0.1053,1,5,0.162
203.898,0,5,6,0.0000,-1.2333,-0.0540,-1.1497,-2.1188,0.0000,0.0000,0.0000,-0.1035,-1.1845,-2.3899,0.003,10408,0.0299,-0.0509,0.0995,1,5,0.147
204.000,0,5,6,0.0000,-1.2333,-0.0520,-1.1582,-2.1175,0.0000,0.0000,0.0000,-0.0595,-1.2931,-0.4505,0.011,10412,0.0346,-0.0505,0.0914,1,5,0.167
204.098,0,5,6,0.0000,-1.2333,-0.0502,-1.1620,-2.0834,0.0000,0.0000,0.0000,-0.1027,-1.1855,-2.3680,0.006,10417,0.0312,-0.0457,0.0872,1,5,0.158
204.201,0,5,6,0.0000,-1.2333,-0.0480,-1.1696,-2.0467,0.0000,0.0000,0.0000,-0.0521,-1.3069,-0.5506,0.009,10421,0.0302,-0.0405,0.0798,1,5,0.158
204.302,0,5,7,0.6167,-1.2333,-0.0459,-1.1740,-1.9789,0.0000,0.0000,0.0000,-0.0488,-1.3084,-0.4383,0.045,10424,0.0867,0.0067,0.6652,1,5,0.163
204.400,0,5,7,0.6167,-1.2333,-0.0404,-1.1748,-1.8727,0.0000,0.0000,0.0000,-0.0685,-1.2208,-1.9984,0.012,10429,0.0828,0.0106,0.6597,1,5,0.152
204.499,0,5,7,0.6167,-1.2333,-0.0330,-1.1757,-1.9201,0.0000,0.0000,0.0000,-0.0454,-1.0574,-6.6449,0.008,10433,0.0903,0.0032,0.6522,1,5,0.173
204.600,0,5,7,0.6167,-1.2333,-0.0249,-1.1756,-2.0046,0.0000,0.0000,0.0000,-0.0689,-1.2210,-2.0834,0.032,10437,0.0895,0.0038,0.6441,1,5,0.171
204.699,0,5,7,0.6167,-1.2333,-0.0179,-1.1766,-1.8599,0.0000,0.0000,0.0000,-0.0704,-1.2205,-2.2353,0.008,10443,0.0871,0.0063,0.6371,1,5,0.164
204.798,0,5,7,0.6167,-1.2333,-0.0108,-1.1775,-1.7716,0.0000,0.0000,0.0000,-0.0074,-1.3204,-0.1986,0.010,10447,0.0857,0.0078,0.6299,1,5,0.160
204.900,0,5,7,0.6167,-1.2333,-0.0029,-1.1786,-1.8851,0.0000,0.0000,0.0000,-0.0691,-1.2216,-2.2614,0.008,10452,0.0850,0.0085,0.6219,1,5,0.158
205.000,0,5,7,0.6167,-1.2333,0.0046,-1.1789,-1.8572,0.0000,0.0000,0.0000,-0.0702,-1.2208,-2.4279,0.043,10455,0.0828,0.0106,0.6145,1,5,0.152
205.099,0,5,7,0.6167,-1.2333,0.0110,-1.1763,-1.7864,0.0000,0.0000,0.0000,-0.0707,-1.2205,-2.5069,0.006,10459,0.0835,0.0094,0.6083,1,5,0.154
205.198,0,5,7,0.6167,-1.2333,0.0170,-1.1753,-1.6753,0.0000,0.0000,0.0000,-0.0689,-1.2217,-2.4247,0.042,10461,0.0831,0.0095,0.6025,1,5,0.153
205.298,0,5,7,0.6167,-1.2333,0.0245,-1.1747,-1.7640,0.0000,0.0000,0.0000,0.0166,-1.0787,-5.4653,0.021,10465,0.0796,0.0128,0.5951,1,5,0.143
205.399,0,5,7,0.6167,-1.2333,0.0315,-1.1756,-1.7031,0.0000,0.0000,0.0000,0.0506,-1.3152,0.0527,0.008,10470,0.0849,0.0075,0.5880,1,5,0.158
205.499,0,5,7,0.6167,-1.2333,0.0399,-1.1766,-1.7662,0.0000,0.0000,0.0000,0.0133,-1.2261,-1.5699,0.009,10475,0.0867,0.0058,0.5796,1,5,0.163
205.598,0,5,7,0.6167,-1.2333,0.0493,-1.1755,-1.7681,0.0000,0.0000,0.0000,0.0661,-1.3156,-0.0709,0.004,10478,0.0880,0.0040,0.5703,1,5,0.167
205.700,0,5,7,0.6167,-1.2333,0.0600,-1.1764,-1.7241,0.0000,0.0000,0.0000,0.0506,-1.0961,-5.0721,0.017,10482,0.0902,0.0019,0.5596,1,5,0.173
205.801,0,5,7,0.6167,-1.2333,0.0696,-1.1763,-1.5851,0.0000,0.0000,0.0000,0.1136,-1.1617,0.2769,0.029,10486,0.0831,0.0087,0.5501,1,5,0.153
205.899,0,5,7,0.6167,-1.2333,0.0773,-1.1747,-1.6077,0.0000,0.0000,0.0000,0.0650,-1.0999,-4.8296,0.003,10489,0.0837,0.0076,0.5425,1,5,0.155
206.001,0,5,7,0.6167,-1.2333,0.0871,-1.1738,-1.6011,0.0000,0.0000,0.0000,0.1133,-1.1638,0.0603,0.030,10493,0.0855,0.0055,0.5329,1,5,0.160
206.100,0,5,7,0.6167,-1.2333,0.0950,-1.1749,-1.7079,0.0000,0.0000,0.0000,0.1103,-1.1641,-0.3058,0.006,10499,0.0819,0.0090,0.5250,1,5,0.150
206.200,0,5,7,0.6167,-1.2333,0.1046,-1.1764,-1.6778,0.0000,0.0000,0.0000,0.1216,-1.3152,-0.2579,0.008,10503,0.0873,0.0038,0.5152,1,5,0.165
206.299,0,5,7,0.6167,-1.2333,0.1126,-1.1747,-1.5359,0.0000,0.0000,0.0000,0.1491,-1.1611,0.2801,0.003,10507,0.0812,0.0093,0.5075,1,5,0.148
206.400,0,5,7,0.6167,-1.2333,0.1225,-1.1731,-1.6259,0.0000,0.0000,0.0000,0.1688,-1.1513,0.3885,0.037,10509,0.0815,0.0084,0.4978,1,5,0.149
206.499,0,5,7,0.6167,-1.2333,0.1302,-1.1728,-1.5501,0.0000,0.0000,0.0000,0.1667,-1.1515,0.1977,0.004,10514,0.0818,0.0078,0.4902,1,5,0.150
206.601,0,5,7,0.6167,-1.2333,0.1403,-1.1743,-1.5923,0.0000,0.0000,0.0000,0.1530,-1.3104,0.0183,0.007,10518,0.0815,0.0082,0.4800,1,5,0.149
206.699,0,5,7,0.6167,-1.2333,0.1477,-1.1727,-1.5244,0.0000,0.0000,0.0000,0.1658,-1.1554,-0.2280,0.006,10522,0.0878,0.0013,0.4729,1,5,0.167
206.801,0,5,7,0.6167,-1.2333,0.1577,-1.1735,-1.6558,0.0000,0.0000,0.0000,0.1671,-1.1563,-0.1443,0.044,10525,0.0846,0.0044,0.4629,1,5,0.158
206.898,0,5,7,0.6167,-1.2333,0.1651,-1.1739,-1.7218,0.0000,0.0000,0.0000,0.1662,-1.1607,-0.7409,0.003,10530,0.0793,0.0096,0.4555,1,5,0.143
207.000,0,5,7,0.6167,-1.2333,0.1740,-1.1727,-1.5165,0.0000,0.0000,0.0000,0.1675,-1.1610,-0.6525,0.037,10532,0.0856,0.0027,0.4468,1,5,0.161
207.099,0,5,7,0.6167,-1.2333,0.1813,-1.1721,-1.6020,0.0000,0.0000,0.0000,0.1691,-1.1616,-0.5605,0.056,10534,0.0902,-0.0023,0.4396,1,5,0.174
207.201,0,5,7,0.6167,-1.2333,0.1905,-1.1731,-1.5281,0.0000,0.0000,0.0000,0.1670,-1.1624,-1.0201,0.006,10539,0.0813,0.0066,0.4304,1,5,0.149
207.300,0,5,7,0.6167,-1.2333,0.1983,-1.1721,-1.6980,0.0000,0.0000,0.0000,0.1813,-1.1519,-3.5305,0.024,10542,0.0851,0.0021,0.4228,1,5,0.160
207.400,0,5,7,0.6167,-1.2333,0.2060,-1.1729,-1.5940,0.0000,0.0000,0.0000,0.2284,-1.3090,-0.2472,0.003,10547,0.0805,0.0066,0.4151,1,5,0.147
207.502,0,5,7,0.6167,-1.2333,0.2150,-1.1748,-1.5643,0.0000,0.0000,0.0000,0.2085,-1.1568,-0.6989,0.011,10552,0.0813,0.0061,0.4059,1,5,0.149
207.600,0,5,7,0.6167,-1.2333,0.2230,-1.1743,-1.5225,0.0000,0.0000,0.0000,0.2119,-1.1583,-0.6624,0.037,10554,0.0837,0.0032,0.3981,1,5,0.156
207.698,0,5,7,0.6167,-1.2333,0.2300,-1.1739,-1.5803,0.0000,0.0000,0.0000,0.2454,-1.1495,-0.3093,0.007,10558,0.0833,0.0032,0.3912,1,5,0.155
207.801,0,5,7,0.6167,-1.2333,0.2394,-1.1731,-1.5607,0.0000,0.0000,0.0000,0.2459,-1.1521,-0.4177,0.044,10560,0.0857,0.0002,0.3821,1,5,0.162
207.899,0,5,7,0.6167,-1.2333,0.2469,-1.1746,-1.5557,0.0000,0.0000,0.0000,0.2449,-1.1529,-0.5531,0.006,10565,0.0818,0.0041,0.3744,1,5,0.151
208.000,0,5,7,0.6167,-1.2333,0.2567,-1.1773,-1.5181,0.0000,0.0000,0.0000,0.2830,-1.3091,-0.1055,0.012,10569,0.0776,0.0087,0.3643,1,5,0.139
208.100,0,5,7,0.6167,-1.2333,0.2639,-1.1785,-1.6203,0.0000,0.0000,0.0000,0.2510,-1.1581,-0.7828,0.006,10574,0.0797,0.0066,0.3570,1,5,0.145
208.201,0,5,7,0.6167,-1.2333,0.2734,-1.1813,-1.6287,0.0000,0.0000,0.0000,0.2521,-1.1594,-0.9307,0.044,10577,0.0819,0.0048,0.3472,1,5,0.151
208.299,0,5,7,0.6167,-1.2333,0.2812,-1.1826,-1.5035,0.0000,0.0000,0.0000,0.2938,-1.1454,-0.3885,0.003,10580,0.0830,0.0038,0.3393,1,5,0.154
208.399,0,5,7,0.6167,-1.2333,0.2914,-1.1875,-1.4982,0.0000,0.0000,0.0000,0.3160,-1.3156,-0.3723,0.003,10585,0.0827,0.0051,0.3285,1,5,0.153
208.499,0,5,7,0.6167,-1.2333,0.3010,-1.1910,-1.5126,0.0000,0.0000,0.0000,0.3434,-1.3366,2.7578,0.012,10589,0.0860,0.0026,0.3185,1,5,0.162
208.600,0,5,7,0.6167,-1.2333,0.3110,-1.1933,-1.3635,0.0000,0.0000,0.0000,0.2945,-1.1531,-0.8551,0.024,10592,0.0835,0.0054,0.3083,1,5,0.155
208.699,0,5,7,0.6167,-1.2333,0.3194,-1.1955,-1.3823,0.0000,0.0000,0.0000,0.2987,-1.1576,-0.9721,0.009,10596,0.0875,0.0019,0.2997,1,5,0.166
208.800,0,5,7,0.6167,-1.2333,0.3293,-1.1974,-1.2740,0.0000,0.0000,0.0000,0.2987,-1.1577,-0.9829,0.045,10599,0.0843,0.0053,0.2896,1,5,0.157
208.899,0,5,7,0.6167,-1.2333,0.3385,-1.2012,-1.2288,0.0000,0.0000,0.0000,0.3251,-1.2443,-1.3278,0.009,10603,0.0823,0.0083,0.2800,1,5,0.151
209.001,0,5,7,0.6167,-1.2333,0.3481,-1.2052,-1.3285,0.0000,0.0000,0.0000,0.3732,-1.3168,-0.5050,0.013,10607,0.0884,0.0034,0.2701,1,5,0.168
209.099,0,5,7,0.6167,-1.2333,0.3568,-1.2093,-1.4399,0.0000,0.0000,0.0000,0.3179,-1.2455,-1.9454,0.006,10612,0.0853,0.0078,0.2610,1,5,0.159
209.200,0,5,7,0.6167,-1.2333,0.3652,-1.2113,-1.3477,0.0000,0.0000,0.0000,0.3163,-1.2459,-2.1126,0.044,10615,0.0793,0.0143,0.2524,1,5,0.142
209.298,0,5,7,0.6167,-1.2333,0.3724,-1.2128,-1.3995,0.0000,0.0000,0.0000,0.3166,-1.2461,-2.1040,0.005,10619,0.0818,0.0121,0.2451,1,5,0.149
209.400,0,5,7,0.6167,-1.2333,0.3807,-1.2146,-1.4270,0.0000,0.0000,0.0000,0.3125,-1.2468,-2.4727,0.040,10622,0.0839,0.0105,0.2367,1,5,0.155
209.499,0,5,7,0.6167,-1.2333,0.3895,-1.2149,-1.3285,0.0000,0.0000,0.0000,0.4568,-1.1660,0.1388,0.008,10626,0.0910,0.0033,0.2280,1,5,0.175
209.600,0,5,7,0.6167,-1.2333,0.4012,-1.2154,-1.4770,0.0000,0.0000,0.0000,0.4556,-1.1676,-0.0437,0.041,10629,0.0871,0.0069,0.2162,1,5,0.164
209.699,0,5,7,0.6167,-1.2333,0.4106,-1.2172,-1.4222,0.0000,0.0000,0.0000,0.4737,-1.1667,-0.2258,0.004,10634,0.0794,0.0152,0.2067,1,5,0.142
209.801,0,5,7,0.6167,-1.2333,0.4224,-1.2177,-1.2310,0.0000,0.0000,0.0000,0.4753,-1.1679,-0.1741,0.044,10637,0.0815,0.0128,0.1949,1,5,0.148
209.901,0,5,7,0.6167,-1.2333,0.4316,-1.2179,-1.3982,0.0000,0.0000,0.0000,0.4613,-1.3150,-0.9818,0.021,10640,0.0800,0.0140,0.1857,1,5,0.144
210.000,0,5,7,0.6167,-1.2333,0.4415,-1.2192,-1.2796,0.0000,0.0000,0.0000,0.4723,-1.3047,-0.7064,0.003,10646,0.0818,0.0125,0.1757,1,5,0.149
210.099,0,5,7,0.6167,-1.2333,0.4521,-1.2223,-1.2321,0.0000,0.0000,0.0000,0.5158,-1.1609,-0.1609,0.004,10651,0.0826,0.0131,0.1649,1,5,0.151
210.200,0,5,7,0.6167,-1.2333,0.4628,-1.2218,-1.3850,0.0000,0.0000,0.0000,0.5174,-1.1617,-0.1529,0.040,10654,0.0857,0.0092,0.1543,1,5,0.160
210.301,0,5,7,0.6167,-1.2333,0.4723,-1.2212,-1.2103,0.0000,0.0000,0.0000,0.5173,-1.1653,-0.4327,0.006,10658,0.0867,0.0072,0.1449,1,5,0.163
210.400,0,5,7,0.6167,-1.2333,0.4816,-1.2210,-1.3003,0.0000,0.0000,0.0000,0.5464,-1.1543,-0.0321,0.045,10660,0.0800,0.0132,0.1357,1,5,0.144
210.499,0,5,7,0.6167,-1.2333,0.4896,-1.2215,-1.3890,0.0000,0.0000,0.0000,0.5458,-1.1612,-0.6030,0.005,10664,0.0817,0.0113,0.1276,1,5,0.149
210.600,0,5,7,0.6167,-1.2333,0.4995,-1.2197,-1.2304,0.0000,0.0000,0.0000,0.5468,-1.1615,-0.5596,0.044,10666,0.0769,0.0084,0.1179,1,5,0.149
210.700,0,5,7,0.6167,-1.2333,0.5092,-1.2200,-1.2896,0.0000,0.0000,0.0000,0.5747,-1.1521,-0.3759,0.006,10671,0.0761,0.0016,0.1083,1,5,0.167
210.799,0,5,7,0.6167,-1.2333,0.5177,-1.2213,-1.2124,0.0000,0.0000,0.0000,0.5762,-1.1526,-0.3006,0.039,10674,0.0636,0.0081,0.0997,1,5,0.144
210.898,0,5,7,0.6167,-1.2333,0.5236,-1.2207,-1.3282,0.0000,0.0000,0.0000,0.5783,-1.1579,-0.5434,0.005,10678,0.0588,0.0077,0.0940,1,5,0.140
211.000,0,5,7,0.6167,-1.2333,0.5317,-1.2211,-1.5178,0.0000,0.0000,0.0000,0.5509,-1.3055,-1.5815,0.011,10682,0.0539,0.0063,0.0858,1,5,0.141
211.102,0,5,7,0.6167,-1.2333,0.5380,-1.2213,-1.4068,0.0000,0.0000,0.0000,0.5596,-1.2982,-1.5083,0.046,10685,0.0537,0.0014,0.0796,1,5,0.158
211.202,0,5,7,0.6167,-1.2333,0.5442,-1.2204,-1.3380,0.0000,0.0000,0.0000,0.6077,-1.1503,-0.5276,0.015,10689,0.0000,0.0000,0.0736,1,5,0.141
211.299,0,5,7,0.6167,-1.2333,0.5459,-1.2215,-1.4734,0.0000,0.0000,0.0000,0.5227,-1.2631,-0.6697,0.018,10693,0.0000,0.0000,0.0717,1,5,0.159
211.401,0,5,7,0.6167,-1.2333,0.5478,-1.2203,-1.4216,0.0000,0.0000,0.0000,0.6267,-1.1488,-0.5330,0.038,10696,0.0000,0.0000,0.0701,1,5,0.145
211.501,0,5,7,0.6167,-1.2333,0.5498,-1.2214,-1.4091,0.0000,0.0000,0.0000,0.6271,-1.1488,-0.5067,0.008,10702,0.0000,0.0000,0.0679,1,5,0.160
211.600,0,5,7,0.6167,-1.2333,0.5508,-1.2220,-1.3992,0.0000,0.0000,0.0000,0.6271,-1.1488,-0.5058,0.044,10705,0.0000,0.0000,0.0669,1,5,0.150
211.698,0,5,7,0.6167,-1.2333,0.5511,-1.2221,-1.3820,0.0000,0.0000,0.0000,0.6271,-1.1488,-0.5049,0.005,10709,0.0000,0.0000,0.0665,1,5,0.143
211.800,0,5,7,0.6167,-1.2333,0.5530,-1.2227,-1.3675,0.0000,0.0000,0.0000,0.5727,-1.2997,-1.5634,0.013,10713,0.0000,0.0000,0.0645,1,5,0.169
211.899,0,5,7,0.6167,-1.2333,0.5532,-1.2228,-1.3465,0.0000,0.0000,0.0000,0.6271,-1.1488,-0.5047,0.005,10717,0.0000,0.0000,0.0643,1,5,0.151
212.001,0,5,7,0.6167,-1.2333,0.5550,-1.2234,-1.3332,0.0000,0.0000,0.0000,0.5727,-1.2997,-1.5652,0.012,10721,0.0000,0.0000,0.0625,1,5,0.150
212.098,0,5,7,0.6167,-1.2333,0.5553,-1.2244,-1.3223,0.0000,0.0000,0.0000,0.6271,-1.1488,-0.5050,0.004,10726,0.0000,0.0000,0.0620,1,5,0.151
212.206,0,5,7,0.6167,-1.2333,0.5569,-1.2248,-1.3089,0.0000,0.0000,0.0000,0.5726,-1.2997,-1.5672,0.013,10730,0.0000,0.0000,0.0604,0,6,0.142
212.299,0,5,7,0.6167,-1.2333,0.5571,-1.2257,-1.2962,0.0000,0.0000,0.0000,0.6270,-1.1488,-0.5061,0.004,10735,0.0000,0.0000,0.0600,0,6,0.153
212.400,0,5,7,0.6167,-1.2333,0.5585,-1.2253,-1.2805,0.0000,0.0000,0.0000,0.5727,-1.2997,-1.5633,0.009,10738,0.0000,0.0000,0.0588,0,6,0.160
212.498,0,5,7,0.6167,-1.2333,0.5586,-1.2262,-1.2701,0.0000,0.0000,0.0000,0.5252,-1.2653,-0.7006,0.017,10742,0.0000,0.0000,0.0585,0,6,0.161
212.600,0,5,7,0.6167,-1.2333,0.5599,-1.2257,-1.2450,0.0000,0.0000,0.0000,0.6271,-1.1489,-0.5049,0.034,10746,0.0000,0.0000,0.0573,0,6,0.144
212.698,0,5,7,0.6167,-1.2333,0.5605,-1.2270,-1.2404,0.0000,0.0000,0.0000,0.5251,-1.2654,-0.7023,0.010,10751,0.0000,0.0000,0.0565,0,6,0.161
212.801,0,5,7,0.6167,-1.2333,0.5613,-1.2269,-1.2242,0.0000,0.0000,0.0000,0.6271,-1.1489,-0.5050,0.022,10755,0.0000,0.0000,0.0558,0,6,0.151
212.900,0,5,7,0.6167,-1.2333,0.5621,-1.2275,-1.2101,0.0000,0.0000,0.0000,0.6271,-1.1489,-0.5033,0.007,10761,0.0000,0.0000,0.0548,0,6,0.170
213.000,0,5,7,0.6167,-1.2333,0.5626,-1.2287,-1.2046,0.0000,0.0000,0.0000,0.5728,-1.2996,-1.5622,0.008,10765,0.0000,0.0000,0.0542,0,6,0.159
213.101,0,5,7,0.6167,-1.2333,0.5633,-1.2285,-1.1877,0.0000,0.0000,0.0000,0.6270,-1.1489,-0.5070,0.012,10770,0.0000,0.0000,0.0536,0,6,0.181
213.201,0,5,7,0.6167,-1.2333,0.5638,-1.2296,-1.1841,0.0000,0.0000,0.0000,0.5728,-1.2996,-1.5620,0.009,10774,0.0000,0.0000,0.0530,0,6,0.170
213.298,0,5,7,0.6167,-1.2333,0.5636,-1.2295,-1.1704,0.0000,0.0000,0.0000,0.6270,-1.1489,-0.5065,0.004,10778,0.0000,0.0000,0.0532,0,6,0.167
213.401,0,5,7,0.6167,-1.2333,0.5647,-1.2297,-1.1600,0.0000,0.0000,0.0000,0.5728,-1.2996,-1.5621,0.011,10782,0.0000,0.0000,0.0521,0,6,0.155
213.499,0,5,7,0.6167,-1.2333,0.5646,-1.2303,-1.1501,0.0000,0.0000,0.0000,0.6270,-1.1489,-0.5055,0.006,10787,0.0000,0.0000,0.0522,0,6,0.165
213.600,0,5,7,0.6167,-1.2333,0.5656,-1.2305,-1.1409,0.0000,0.0000,0.0000,0.5727,-1.2996,-1.5650,0.008,10791,0.0000,0.0000,0.0511,0,6,0.170
213.699,0,5,7,0.6167,-1.2333,0.5655,-1.2311,-1.1311,0.0000,0.0000,0.0000,0.6270,-1.1489,-0.5040,0.006,10796,0.0000,0.0000,0.0512,0,6,0.168
213.800,0,5,7,0.6167,-1.2333,0.5665,-1.2312,-1.1226,0.0000,0.0000,0.0000,0.5728,-1.2996,-1.5628,0.013,10800,0.0000,0.0000,0.0502,0,6,0.170
213.902,0,5,7,0.6167,-1.2333,0.5668,-1.2314,-1.1171,0.0000,0.0000,0.0000,0.5727,-1.2996,-1.5635,0.045,10803,0.0000,0.0000,0.0500,0,6,0.168
214.000,0,5,7,0.6167,-1.2333,0.5665,-1.2320,-1.1063,0.0000,0.0000,0.0000,0.6270,-1.1489,-0.5041,0.002,10808,0.0000,0.0000,0.0501,0,6,0.156
214.102,0,5,7,0.6167,-1.2333,0.5670,-1.2317,-1.0940,0.0000,0.0000,0.0000,0.5251,-1.2653,-0.7025,0.028,10812,0.0000,0.0000,0.0497,0,6,0.145
214.200,0,5,7,0.6167,-1.2333,0.5679,-1.2310,-1.0853,0.0000,0.0000,0.0000,0.5728,-1.2996,-1.5616,0.034,10816,0.0000,0.0000,0.0488,0,6,0.144
214.301,0,5,7,0.6167,-1.2333,0.5683,-1.2314,-1.0755,0.0000,0.0000,0.0000,0.6270,-1.1489,-0.5057,0.008,10822,0.0000,0.0000,0.0484,0,6,0.164
214.401,0,5,7,0.6167,-1.2333,0.5686,-1.2324,-1.0743,0.0000,0.0000,0.0000,0.5728,-1.2996,-1.5613,0.011,10826,0.0000,0.0000,0.0481,0,6,0.161
214.500,0,5,7,0.6167,-1.2333,0.5689,-1.2320,-1.0600,0.0000,0.0000,0.0000,0.6270,-1.1489,-0.5046,0.013,10831,0.0000,0.0000,0.0478,0,6,0.156
214.600,0,5,7,0.6167,-1.2333,0.5692,-1.2329,-1.0601,0.0000,0.0000,0.0000,0.5728,-1.2996,-1.5607,0.007,10835,0.0000,0.0000,0.0475,0,6,0.160
214.698,0,5,7,0.6167,-1.2333,0.5689,-1.2334,-1.0511,0.0000,0.0000,0.0000,0.6270,-1.1489,-0.5065,0.005,10840,0.0000,0.0000,0.0478,0,6,0.150
214.800,0,5,7,0.6167,-1.2333,0.5692,-1.2330,-1.0367,0.0000,0.0000,0.0000,0.5718,-1.3015,-1.5778,0.013,10844,0.0000,0.0000,0.0475,0,6,0.153
214.899,0,5,7,0.6167,-1.2333,0.5695,-1.2327,-1.0255,0.0000,0.0000,0.0000,0.6269,-1.1489,-0.5085,0.006,10849,0.0000,0.0000,0.0472,0,6,0.163
215.001,0,5,7,0.6167,-1.2333,0.5697,-1.2336,-1.0264,0.0000,0.0000,0.0000,0.5718,-1.3015,-1.5786,0.010,10853,0.0000,0.0000,0.0470,0,6,0.148
215.098,0,5,7,0.6167,-1.2333,0.5698,-1.2337,-1.0238,0.0000,0.0000,0.0000,0.5251,-1.2653,-0.7025,0.003,10858,0.0000,0.0000,0.0468,0,6,0.168
215.201,0,5,7,0.6167,-1.2333,0.5697,-1.2336,-1.0081,0.0000,0.0000,0.0000,0.5267,-1.2630,-0.3362,0.007,10862,0.0000,0.0000,0.0470,0,6,0.171
215.301,0,5,7,0.6167,-1.2333,0.5693,-1.2341,-1.0015,0.0000,0.0000,0.0000,0.5251,-1.2653,-0.7013,0.017,10866,0.0000,0.0000,0.0474,0,6,0.164
215.400,0,5,7,0.6167,-1.2333,0.5701,-1.2333,-0.9930,0.0000,0.0000,0.0000,0.6269,-1.1489,-0.5065,0.030,10870,0.0000,0.0000,0.0466,0,6,0.171
215.498,0,5,7,0.6167,-1.2333,0.5702,-1.2342,-0.9927,0.0000,0.0000,0.0000,0.5250,-1.2653,-0.7029,0.004,10875,0.0000,0.0000,0.0465,0,6,0.152
215.600,0,5,7,0.6167,-1.2333,0.5704,-1.2337,-0.9834,0.0000,0.0000,0.0000,0.5703,-1.2996,-1.5167,0.007,10880,0.0000,0.0000,0.0462,0,6,0.172
215.698,0,5,7,0.6167,-1.2333,0.5701,-1.2349,-0.9834,0.0000,0.0000,0.0000,0.6270,-1.1489,-0.5043,0.007,10885,0.0000,0.0000,0.0466,0,6,0.162
215.800,0,5,7,0.6167,-1.2333,0.5708,-1.2348,-0.9799,0.0000,0.0000,0.0000,0.5703,-1.2996,-1.5182,0.013,10889,0.0000,0.0000,0.0459,0,6,0.171
215.899,0,5,7,0.6167,-1.2333,0.5704,-1.2352,-0.9739,0.0000,0.0000,0.0000,0.6269,-1.1489,-0.5080,0.008,10894,0.0000,0.0000,0.0463,0,6,0.168
216.001,0,5,7,0.6167,-1.2333,0.5711,-1.2351,-0.9679,0.0000,0.0000,0.0000,0.5704,-1.2996,-1.5147,0.013,10898,0.0000,0.0000,0.0456,0,6,0.170
216.101,0,5,7,0.6167,-1.2333,0.5713,-1.2346,-0.9587,0.0000,0.0000,0.0000,0.6269,-1.1489,-0.5069,0.010,10903,0.0000,0.0000,0.0454,0,6,0.162
216.199,0,5,7,0.6167,-1.2333,0.5714,-1.2347,-0.9551,0.0000,0.0000,0.0000,0.5703,-1.2996,-1.5156,0.008,10907,0.0000,0.0000,0.0453,0,6,0.149
