time,lap_count,goal_index,wp_index,target_x,target_y,filtered_x,filtered_y,filtered_yaw,raw_odom_x,raw_odom_y,raw_odom_yaw,aruco_x,aruco_y,aruco_yaw,aruco_age,aruco_count,cmd_vx,cmd_vy,dist_to_target,lifter_up,lifter_toggle_count,min_dist
0.112,0,0,0,1.2333,0.6167,0.8135,0.4384,12.2962,0.0000,0.0000,0.0000,1.3143,0.6310,1.9482,0.005,4,0.0000,0.0000,0.4561,0,0,0.399
0.205,0,0,0,1.2333,0.6167,0.8382,0.4504,11.8580,0.0000,0.0000,0.0000,1.2924,0.5391,4.1195,0.003,10,0.0000,0.0000,0.4287,0,0,0.387
0.309,0,0,0,1.2333,0.6167,0.8661,0.4625,11.4094,0.0000,0.0000,0.0000,1.2924,0.5391,4.1203,0.046,14,0.0000,0.0000,0.3983,0,0,0.386
0.405,0,0,0,1.2333,0.6167,0.8793,0.4683,11.1625,0.0000,0.0000,0.0000,1.2924,0.5391,4.1202,0.011,18,0.0000,0.0000,0.3838,0,0,0.392
0.527,0,0,0,1.2333,0.6167,0.8922,0.4738,10.9310,0.0000,0.0000,0.0000,1.2084,0.7468,3.6189,0.010,22,0.0000,0.0000,0.3699,0,0,0.392
0.618,0,0,0,1.2333,0.6167,0.9045,0.4792,10.6888,0.0000,0.0000,0.0000,1.2083,0.7468,3.6179,0.022,25,0.0000,0.0000,0.3564,0,0,0.374
0.704,0,0,0,1.2333,0.6167,0.9288,0.4907,10.2320,0.0000,0.0000,0.0000,1.3143,0.6310,1.9492,0.024,29,0.0000,0.0000,0.3295,0,0,0.374
0.802,0,0,0,1.2333,0.6167,0.9471,0.4989,9.9048,0.0000,0.0000,0.0000,1.2924,0.5391,4.1200,0.053,34,0.0000,0.0000,0.3095,0,0,0.379
0.908,0,0,0,1.2333,0.6167,0.9681,0.5079,9.5291,0.0000,0.0000,0.0000,1.2084,0.7468,3.6179,0.025,40,0.0000,0.0000,0.2866,0,0,0.400
1.002,0,0,0,1.2333,0.6167,0.9815,0.5125,9.2849,0.0000,0.0000,0.0000,1.2083,0.7468,3.6189,0.004,46,0.0000,0.0000,0.2725,0,0,0.379
1.102,0,0,0,1.2333,0.6167,0.9910,0.5166,9.0827,0.0000,0.0000,0.0000,1.2083,0.7468,3.6184,0.003,49,0.0000,0.0000,0.2622,0,0,0.383
1.205,0,0,0,1.2333,0.6167,1.0089,0.5244,8.7046,0.0000,0.0000,0.0000,1.2084,0.7468,3.6154,0.006,54,0.0000,0.0000,0.2426,0,0,0.397
1.303,0,0,0,1.2333,0.6167,1.0228,0.5316,8.4225,0.0000,0.0000,0.0000,1.3143,0.6311,1.9499,0.026,58,0.0000,0.0000,0.2270,0,0,0.390
1.402,0,0,0,1.2333,0.6167,1.0310,0.5351,8.2437,0.0000,0.0000,0.0000,1.2925,0.5391,4.1202,0.005,62,0.0000,0.0000,0.2182,0,0,0.393
1.502,0,0,0,1.2333,0.6167,1.0464,0.5417,7.9500,0.0000,0.0000,0.0000,1.3143,0.6311,1.9499,0.040,67,0.0000,0.0000,0.2014,0,0,0.404
1.603,0,0,0,1.2333,0.6167,1.0581,0.5480,7.6993,0.0000,0.0000,0.0000,1.2924,0.5391,4.1209,0.003,73,0.0000,0.0000,0.1882,0,0,0.387
1.701,0,0,0,1.2333,0.6167,1.0675,0.5509,7.5076,0.0000,0.0000,0.0000,1.2084,0.7468,3.6141,0.033,76,0.0000,0.0000,0.1784,0,0,0.382
1.805,0,0,0,1.2333,0.6167,1.0778,0.5556,7.2938,0.0000,0.0000,0.0000,1.3143,0.6311,1.9499,0.007,82,0.0000,0.0000,0.1671,0,0,0.384
1.902,0,0,0,1.2333,0.6167,1.0865,0.5591,7.0993,0.0000,0.0000,0.0000,1.2084,0.7468,3.6155,0.047,85,0.0000,0.0000,0.1577,0,0,0.396
2.002,0,0,0,1.2333,0.6167,1.0982,0.5641,6.8589,0.0000,0.0000,0.0000,1.2084,0.7468,3.6163,0.010,91,0.0000,0.0000,0.1450,0,0,0.388
2.102,0,0,0,1.2333,0.6167,1.1037,0.5665,6.7227,0.0000,0.0000,0.0000,1.2084,0.7468,3.6150,0.042,94,0.0000,0.0000,0.1390,0,0,0.389
2.201,0,0,0,1.2333,0.6167,1.1143,0.5711,6.5018,0.0000,0.0000,0.0000,1.2084,0.7468,3.6165,0.010,100,0.0000,0.0000,0.1275,0,0,0.384
2.302,0,0,0,1.2333,0.6167,1.1193,0.5733,6.3704,0.0000,0.0000,0.0000,1.3143,0.6311,1.9499,0.043,103,0.0000,0.0000,0.1220,0,0,0.392
2.401,0,0,0,1.2333,0.6167,1.1289,0.5774,6.1675,0.0000,0.0000,0.0000,1.2084,0.7467,3.6103,0.013,109,0.0000,0.0000,0.1116,0,0,0.402
2.504,0,0,0,1.2333,0.6167,1.1334,0.5794,6.0437,0.0000,0.0000,0.0000,1.3143,0.6311,1.9499,0.051,112,0.0000,0.0000,0.1067,0,0,0.392
2.604,0,0,0,1.2333,0.6167,1.1396,0.5826,5.8743,0.0000,0.0000,0.0000,1.3133,0.6348,1.9918,0.003,118,0.0000,0.0000,0.0997,0,0,0.389
2.701,0,0,0,1.2333,0.6167,1.1456,0.5850,5.7262,0.0000,0.0000,0.0000,1.3133,0.6348,1.9916,0.034,121,0.0000,0.0000,0.0933,0,0,0.398
2.802,0,0,0,1.2333,0.6167,1.1512,0.5863,5.6005,0.0000,0.0000,0.0000,1.3133,0.6349,1.9953,0.010,126,0.0000,0.0000,0.0876,0,0,0.396
2.901,0,0,0,1.2333,0.6167,1.1573,0.5902,5.4448,0.0000,0.0000,0.0000,1.2084,0.7467,3.6130,0.032,130,0.0000,0.0000,0.0806,0,0,0.383
3.002,0,0,0,1.2333,0.6167,1.1631,0.5939,5.2940,0.0000,0.0000,0.0000,1.2924,0.5390,4.1219,0.004,136,0.0000,0.0000,0.0739,0,0,0.390
3.102,0,0,0,1.2333,0.6167,1.1678,0.5948,5.1810,0.0000,0.0000,0.0000,1.2084,0.7467,3.6135,0.040,139,0.0000,0.0000,0.0691,0,0,0.388
3.201,0,0,0,1.2333,0.6167,1.1743,0.5976,5.0331,0.0000,0.0000,0.0000,1.2084,0.7467,3.6133,0.013,145,0.0000,0.0000,0.0620,0,0,0.373
3.301,0,0,0,1.2333,0.6167,1.1774,0.5990,4.9354,0.0000,0.0000,0.0000,1.2084,0.7467,3.6118,0.042,148,0.0000,0.0000,0.0587,0,0,0.373
3.405,0,0,0,1.2333,0.6167,1.1804,0.6003,4.8540,0.0000,0.0000,0.0000,1.2925,0.5389,4.1209,0.019,152,0.0000,0.0000,0.0554,0,0,0.387
3.501,0,0,0,1.2333,0.6167,1.1861,0.6028,4.7102,0.0000,0.0000,0.0000,1.3133,0.6349,1.9959,0.028,157,0.0000,0.0000,0.0493,0,0,0.377
3.601,0,0,0,1.2333,0.6167,1.1914,0.6052,4.5875,0.0000,0.0000,0.0000,1.3133,0.6349,1.9959,0.014,163,0.0000,0.0000,0.0435,0,0,0.384
3.703,0,0,0,1.2333,0.6167,1.1940,0.6063,4.5019,0.0000,0.0000,0.0000,1.2084,0.7467,3.6134,0.047,166,0.0000,0.0000,0.0407,0,0,0.373
3.801,0,0,0,1.2333,0.6167,1.1988,0.6084,4.3872,0.0000,0.0000,0.0000,1.2084,0.7467,3.6123,0.007,172,0.0000,0.0000,0.0355,0,0,0.382
3.902,0,0,0,1.2333,0.6167,1.2011,0.6095,4.3078,0.0000,0.0000,0.0000,1.2085,0.7467,3.6121,0.046,175,0.0000,0.0000,0.0330,0,0,0.393
4.002,0,0,0,1.2333,0.6167,1.2043,0.6097,4.2281,0.0000,0.0000,0.0000,1.2924,0.5390,4.1244,0.031,179,0.0000,0.0000,0.0299,0,0,0.390
4.101,0,0,0,1.2333,0.6167,1.2076,0.6123,4.1272,0.0000,0.0000,0.0000,1.3133,0.6349,1.9964,0.015,184,0.0000,0.0000,0.0261,0,0,0.390
4.203,0,0,0,1.2333,0.6167,1.2096,0.6147,4.0474,0.0000,0.0000,0.0000,1.2925,0.5390,4.1230,0.003,190,0.0000,0.0000,0.0238,0,0,0.388
4.302,0,0,0,1.2333,0.6167,1.2135,0.6149,3.9583,0.0000,0.0000,0.0000,1.2925,0.5390,4.1232,0.035,193,0.0000,0.0000,0.0199,0,0,0.379
4.401,0,0,0,1.2333,0.6167,1.2171,0.6165,3.8682,0.0000,0.0000,0.0000,1.2085,0.7467,3.6120,0.012,199,0.0000,0.0000,0.0162,0,0,0.397
4.501,0,0,0,1.2333,0.6167,1.2189,0.6173,3.8014,0.0000,0.0000,0.0000,1.2085,0.7467,3.6121,0.045,202,0.0000,0.0000,0.0145,0,0,0.376
4.602,0,0,0,1.2333,0.6167,1.2221,0.6187,3.7198,0.0000,0.0000,0.0000,1.3133,0.6349,1.9965,0.013,208,0.0000,0.0000,0.0114,0,0,0.395
4.703,0,0,0,1.2333,0.6167,1.2237,0.6194,3.6565,0.0000,0.0000,0.0000,1.2085,0.7467,3.6101,0.048,211,0.0000,0.0000,0.0100,0,0,0.373
4.801,0,0,0,1.2333,0.6167,1.2267,0.6207,3.5828,0.0000,0.0000,0.0000,1.3133,0.6349,1.9970,0.011,217,0.0000,0.0000,0.0078,0,0,0.386
4.902,0,0,0,1.2333,0.6167,1.2281,0.6213,3.5241,0.0000,0.0000,0.0000,1.2085,0.7467,3.6090,0.047,220,0.0000,0.0000,0.0070,0,0,0.382
5.001,0,0,0,1.2333,0.6167,1.2308,0.6225,3.4568,0.0000,0.0000,0.0000,1.3133,0.6349,1.9970,0.013,226,0.0000,0.0000,0.0064,0,0,0.382
5.102,0,0,0,1.2333,0.6167,1.2321,0.6231,3.4000,0.0000,0.0000,0.0000,1.2084,0.7467,3.6142,0.041,229,0.0000,0.0000,0.0065,0,0,0.398
5.201,0,0,0,1.2333,0.6167,1.2345,0.6242,3.3377,0.0000,0.0000,0.0000,1.2085,0.7467,3.6108,0.013,235,0.0000,0.0000,0.0076,0,0,0.392
5.301,0,0,0,1.2333,0.6167,1.2357,0.6247,3.2856,0.0000,0.0000,0.0000,1.3133,0.6349,1.9970,0.021,238,0.0000,0.0000,0.0083,0,0,0.385
5.403,0,0,0,1.2333,0.6167,1.2365,0.6265,3.2315,0.0000,0.0000,0.0000,1.2925,0.5389,4.1249,0.003,243,0.0000,0.0000,0.0103,0,0,0.394
5.502,0,0,0,1.2333,0.6167,1.2390,0.6261,3.1740,0.0000,0.0000,0.0000,1.2925,0.5389,4.1257,0.033,247,0.0000,0.0000,0.0110,0,0,0.391
5.603,0,0,0,1.2333,0.6167,1.2414,0.6257,3.1193,0.0000,0.0000,0.0000,1.2085,0.7467,3.6104,0.003,253,0.0000,0.0000,0.0121,0,0,0.371
5.702,0,0,0,1.2333,0.6167,1.2420,0.6274,3.0738,0.0000,0.0000,0.0000,1.2085,0.7467,3.6098,0.041,256,0.0000,0.0000,0.0138,0,0,0.386
5.801,0,0,0,1.2333,0.6167,1.2440,0.6274,3.0134,0.0000,0.0000,0.0000,1.3145,0.6302,1.9390,0.013,262,0.0000,0.0000,0.0151,0,0,0.384
5.902,0,0,0,1.2333,0.6167,1.2449,0.6277,2.9661,0.0000,0.0000,0.0000,1.3145,0.6302,1.9390,0.048,265,0.0000,0.0000,0.0160,0,0,0.375
6.002,0,0,0,1.2333,0.6167,1.2466,0.6284,2.9236,0.0000,0.0000,0.0000,1.2085,0.7467,3.6094,0.012,271,0.0000,0.0000,0.0177,0,0,0.391
6.102,0,0,0,1.2333,0.6167,1.2474,0.6288,2.8780,0.0000,0.0000,0.0000,1.2085,0.7467,3.6110,0.046,274,0.0000,0.0000,0.0185,0,0,0.381
6.201,0,0,0,1.2333,0.6167,1.2489,0.6294,2.8405,0.0000,0.0000,0.0000,1.2085,0.7467,3.6136,0.012,280,0.0000,0.0000,0.0201,0,0,0.390
6.303,0,0,0,1.2333,0.6167,1.2496,0.6297,2.7962,0.0000,0.0000,0.0000,1.2085,0.7467,3.6116,0.045,283,0.0000,0.0000,0.0208,0,0,0.381
6.401,0,0,0,1.2333,0.6167,1.2514,0.6290,2.7567,0.0000,0.0000,0.0000,1.2085,0.7467,3.6103,0.009,289,0.0000,0.0000,0.0219,0,0,0.386
6.503,0,0,0,1.2333,0.6167,1.2516,0.6305,2.7209,0.0000,0.0000,0.0000,1.3145,0.6302,1.9399,0.048,292,0.0000,0.0000,0.0230,0,0,0.381
6.601,0,0,0,1.2333,0.6167,1.2529,0.6310,2.6913,0.0000,0.0000,0.0000,1.2085,0.7467,3.6144,0.012,298,0.0000,0.0000,0.0243,0,0,0.386
6.702,0,0,0,1.2333,0.6167,1.2535,0.6313,2.6524,0.0000,0.0000,0.0000,1.3145,0.6302,1.9401,0.048,301,0.0000,0.0000,0.0249,0,0,0.382
6.802,0,0,0,1.2333,0.6167,1.2545,0.6305,2.6239,0.0000,0.0000,0.0000,1.2925,0.5389,4.1276,0.017,305,0.0000,0.0000,0.0253,0,0,0.370
6.901,0,0,0,1.2333,0.6167,1.2552,0.6320,2.5886,0.0000,0.0000,0.0000,1.2085,0.7466,3.6068,0.024,310,0.0000,0.0000,0.0267,0,0,0.385
7.001,0,0,0,1.2333,0.6167,1.2552,0.6335,2.5398,0.0000,0.0000,0.0000,1.2926,0.5389,4.1282,0.005,316,0.0000,0.0000,0.0276,0,0,0.395
7.101,0,0,0,1.2333,0.6167,1.2561,0.6328,2.5162,0.0000,0.0000,0.0000,1.2085,0.7466,3.6100,0.044,319,0.0000,0.0000,0.0279,0,0,0.380
7.201,0,0,0,1.2333,0.6167,1.2571,0.6332,2.4983,0.0000,0.0000,0.0000,1.3135,0.6343,1.9954,0.013,325,0.0000,0.0000,0.0289,0,0,0.381
7.302,0,0,0,1.2333,0.6167,1.2575,0.6334,2.4641,0.0000,0.0000,0.0000,1.2085,0.7467,3.6137,0.046,328,0.0000,0.0000,0.0294,0,0,0.386
7.401,0,0,0,1.2333,0.6167,1.2584,0.6339,2.4463,0.0000,0.0000,0.0000,1.2085,0.7467,3.6116,0.012,334,0.0000,0.0000,0.0304,0,0,0.385
7.502,0,0,0,1.2333,0.6167,1.2588,0.6341,2.4124,0.0000,0.0000,0.0000,1.3135,0.6343,1.9954,0.047,337,0.0000,0.0000,0.0308,0,0,0.373
7.602,0,0,0,1.2333,0.6167,1.2596,0.6332,2.3941,0.0000,0.0000,0.0000,1.2085,0.7466,3.6100,0.003,343,0.0000,0.0000,0.0310,0,0,0.392
7.704,0,0,0,1.2333,0.6167,1.2600,0.6346,2.3639,0.0000,0.0000,0.0000,1.2085,0.7467,3.6112,0.049,346,0.0000,0.0000,0.0321,0,0,0.402
7.801,0,0,0,1.2333,0.6167,1.2607,0.6350,2.3525,0.0000,0.0000,0.0000,1.3135,0.6343,1.9958,0.014,352,0.0000,0.0000,0.0329,0,0,0.401
7.901,0,0,0,1.2333,0.6167,1.2610,0.6351,2.3194,0.0000,0.0000,0.0000,1.2085,0.7467,3.6123,0.047,355,0.0000,0.0000,0.0333,0,0,0.394
8.001,0,0,0,1.2333,0.6167,1.2611,0.6355,2.3138,0.0000,0.0000,0.0000,1.2085,0.7467,3.6115,0.021,360,0.0000,0.0000,0.0335,0,0,0.390
8.101,0,0,0,1.2333,0.6167,1.2620,0.6356,2.2802,0.0000,0.0000,0.0000,1.3135,0.6343,1.9958,0.020,364,0.0000,0.0000,0.0343,0,0,0.389
8.203,0,0,0,1.2333,0.6167,1.2617,0.6369,2.2603,0.0000,0.0000,0.0000,1.3135,0.6343,1.9958,0.007,369,0.0000,0.0000,0.0349,0,0,0.382
8.302,0,0,0,1.2333,0.6167,1.2629,0.6360,2.2429,0.0000,0.0000,0.0000,1.2085,0.7466,3.6091,0.034,373,0.0000,0.0000,0.0353,0,0,0.387
8.402,0,0,0,1.2333,0.6167,1.2637,0.6361,2.2099,0.0000,0.0000,0.0000,1.2086,0.7466,3.6046,0.002,379,0.0000,0.0000,0.0360,0,0,0.400
8.502,0,0,0,1.2333,0.6167,1.2636,0.6364,2.2065,0.0000,0.0000,0.0000,1.2086,0.7466,3.6067,0.042,382,0.0000,0.0000,0.0362,0,0,0.379
8.601,0,0,0,1.2333,0.6167,1.2641,0.6366,2.2006,0.0000,0.0000,0.0000,1.2085,0.7466,3.6086,0.013,388,0.0000,0.0000,0.0367,0,0,0.394
8.702,0,0,0,1.2333,0.6167,1.2644,0.6367,2.1726,0.0000,0.0000,0.0000,1.3135,0.6343,1.9958,0.047,391,0.0000,0.0000,0.0370,0,0,0.383
8.801,0,0,0,1.2333,0.6167,1.2648,0.6370,2.1694,0.0000,0.0000,0.0000,1.3135,0.6343,1.9958,0.013,397,0.0000,0.0000,0.0374,0,0,0.396
8.901,0,0,0,1.2333,0.6167,1.2650,0.6371,2.1410,0.0000,0.0000,0.0000,1.3135,0.6343,1.9958,0.046,400,0.0000,0.0000,0.0377,0,0,0.391
9.001,0,0,0,1.2333,0.6167,1.2654,0.6372,2.1393,0.0000,0.0000,0.0000,1.3135,0.6343,1.9961,0.014,406,0.0000,0.0000,0.0381,0,0,0.384
9.101,0,0,0,1.2333,0.6167,1.2656,0.6373,2.1125,0.0000,0.0000,0.0000,1.2085,0.7466,3.6111,0.044,409,0.0000,0.0000,0.0383,0,0,0.386
9.201,0,0,0,1.2333,0.6167,1.2660,0.6375,2.1128,0.0000,0.0000,0.0000,1.2085,0.7466,3.6071,0.013,415,0.0000,0.0000,0.0387,0,0,0.395
9.302,0,0,0,1.2333,0.6167,1.2662,0.6376,2.0859,0.0000,0.0000,0.0000,1.2086,0.7466,3.6063,0.044,418,0.0000,0.0000,0.0389,0,0,0.395
9.401,0,0,0,1.2333,0.6167,1.2660,0.6378,2.0887,0.0000,0.0000,0.0000,1.2086,0.7466,3.6086,0.021,423,0.0000,0.0000,0.0389,0,0,0.400
9.502,0,0,0,1.2333,0.6167,1.2667,0.6378,2.0617,0.0000,0.0000,0.0000,1.3136,0.6344,1.9991,0.040,427,0.0000,0.0000,0.0395,0,0,0.402
9.601,0,0,0,1.2333,0.6167,1.2671,0.6368,2.0541,0.0000,0.0000,0.0000,1.2926,0.5388,4.1316,0.018,431,0.0000,0.0000,0.0393,0,0,0.397
9.701,0,0,0,1.2333,0.6167,1.2673,0.6372,2.0299,0.0000,0.0000,0.0000,1.2926,0.5388,4.1315,0.024,436,0.0000,0.0000,0.0397,0,0,0.381
9.801,0,0,0,1.2333,0.6167,1.2673,0.6384,2.0157,0.0000,0.0000,0.0000,1.2926,0.5388,4.1316,0.005,442,0.0000,0.0000,0.0403,0,0,0.394
9.902,0,0,0,1.2333,0.6167,1.2677,0.6374,2.0116,0.0000,0.0000,0.0000,1.2086,0.7466,3.6093,0.043,445,0.0000,0.0000,0.0401,0,0,0.388
10.001,0,0,0,1.2333,0.6167,1.2679,0.6376,2.0154,0.0000,0.0000,0.0000,1.2086,0.7466,3.6093,0.012,451,0.0000,0.0000,0.0404,0,0,0.387
10.102,0,0,0,1.2333,0.6167,1.2682,0.6368,1.9822,0.0000,0.0000,0.0000,1.2085,0.7467,3.6130,0.043,454,0.0000,0.0000,0.0403,0,0,0.386
10.201,0,0,0,1.2333,0.6167,1.2686,0.6362,1.9758,0.0000,0.0000,0.0000,1.2086,0.7466,3.6074,0.012,460,0.0000,0.0000,0.0403,0,0,0.381
10.303,0,0,0,1.2333,0.6167,1.2687,0.6363,1.9539,0.0000,0.0000,0.0000,1.3136,0.6329,1.9753,0.043,463,0.0000,0.0000,0.0404,0,0,0.392
10.401,0,0,0,1.2333,0.6167,1.2688,0.6365,1.9621,0.0000,0.0000,0.0000,1.2086,0.7466,3.6099,0.012,469,0.0000,0.0000,0.0407,0,0,0.374
10.503,0,0,0,1.2333,0.6167,1.2689,0.6366,1.9402,0.0000,0.0000,0.0000,1.3136,0.6329,1.9753,0.048,472,0.0000,0.0000,0.0408,0,0,0.384
10.601,0,0,0,1.2333,0.6167,1.2691,0.6368,1.9485,0.0000,0.0000,0.0000,1.2086,0.7466,3.6103,0.011,478,0.0000,0.0000,0.0410,0,0,0.385
10.702,0,0,0,1.2333,0.6167,1.2692,0.6369,1.9278,0.0000,0.0000,0.0000,1.2085,0.7467,3.6124,0.046,481,0.0000,0.0000,0.0412,0,0,0.379
10.804,0,0,0,1.2333,0.6167,1.2695,0.6359,1.9243,0.0000,0.0000,0.0000,1.3136,0.6330,1.9754,0.003,486,0.0000,0.0000,0.0410,0,0,0.393
10.901,0,0,0,1.2333,0.6167,1.2694,0.6372,1.9172,0.0000,0.0000,0.0000,1.3139,0.6330,1.9806,0.019,490,0.0000,0.0000,0.0415,0,0,0.381
11.003,0,0,0,1.2333,0.6167,1.2688,0.6384,1.9098,0.0000,0.0000,0.0000,1.2926,0.5388,4.1351,0.004,496,0.0000,0.0000,0.0416,0,0,0.389
11.101,0,0,0,1.2333,0.6167,1.2696,0.6374,1.9076,0.0000,0.0000,0.0000,1.2086,0.7466,3.6091,0.040,499,0.0000,0.0000,0.0418,0,0,0.381
11.201,0,0,0,1.2333,0.6167,1.2697,0.6375,1.9189,0.0000,0.0000,0.0000,1.2086,0.7466,3.6076,0.013,505,0.0000,0.0000,0.0419,0,0,0.394
11.301,0,0,0,1.2333,0.6167,1.2698,0.6376,1.8986,0.0000,0.0000,0.0000,1.2085,0.7466,3.6101,0.047,508,0.0000,0.0000,0.0420,0,0,0.304
11.401,0,0,0,1.2333,0.6167,1.2699,0.6377,1.9098,0.0000,0.0000,0.0000,1.2086,0.7466,3.6090,0.012,514,0.0000,0.0000,0.0422,0,0,0.386
11.502,0,0,0,1.2333,0.6167,1.2700,0.6378,1.8894,0.0000,0.0000,0.0000,1.2086,0.7466,3.6057,0.046,517,0.0000,0.0000,0.0423,0,0,0.386
11.601,0,0,0,1.2333,0.6167,1.2701,0.6379,1.9006,0.0000,0.0000,0.0000,1.2086,0.7466,3.6068,0.011,523,0.0000,0.0000,0.0424,0,0,0.387
11.702,0,0,0,1.2333,0.6167,1.2701,0.6380,1.8802,0.0000,0.0000,0.0000,1.2086,0.7466,3.6078,0.044,526,0.0000,0.0000,0.0425,0,0,0.390
11.801,0,0,0,1.2333,0.6167,1.2702,0.6381,1.8924,0.0000,0.0000,0.0000,1.3139,0.6330,1.9808,0.011,532,0.0000,0.0000,0.0426,0,0,0.281
11.901,0,0,0,1.2333,0.6167,1.2703,0.6381,1.8700,0.0000,0.0000,0.0000,1.2086,0.7466,3.6080,0.049,535,0.0000,0.0000,0.0427,0,0,0.391
12.001,0,0,0,1.2333,0.6167,1.2703,0.6382,1.8815,0.0000,0.0000,0.0000,1.3139,0.6330,1.9808,0.015,541,0.0000,0.0000,0.0428,0,0,0.379
12.102,0,0,0,1.2333,0.6167,1.2704,0.6383,1.8605,0.0000,0.0000,0.0000,1.3139,0.6330,1.9808,0.030,544,0.0000,0.0000,0.0429,0,0,0.391
12.204,0,0,0,1.2333,0.6167,1.2698,0.6395,1.8547,0.0000,0.0000,0.0000,1.3139,0.6330,1.9808,0.002,550,0.0000,0.0000,0.0430,0,0,0.391
12.304,0,0,0,1.2333,0.6167,1.2705,0.6384,1.8467,0.0000,0.0000,0.0000,1.2926,0.5388,4.1358,0.039,553,0.0000,0.0000,0.0431,0,0,0.391
12.403,0,0,0,1.2333,0.6167,1.2713,0.6373,1.8488,0.0000,0.0000,0.0000,1.2086,0.7466,3.6069,0.004,559,0.0000,0.0000,0.0432,0,0,0.393
12.501,0,0,0,1.2333,0.6167,1.2706,0.6385,1.8446,0.0000,0.0000,0.0000,1.2926,0.5388,4.1356,0.034,562,0.0000,0.0000,0.0432,0,0,0.389
12.601,0,0,0,1.2333,0.6167,1.2707,0.6385,1.8568,0.0000,0.0000,0.0000,1.2086,0.7466,3.6105,0.011,568,0.0000,0.0000,0.0433,0,0,0.384
12.703,0,0,0,1.2333,0.6167,1.2707,0.6386,1.8404,0.0000,0.0000,0.0000,1.2086,0.7466,3.6079,0.049,571,0.0000,0.0000,0.0433,0,0,0.373
12.801,0,0,0,1.2333,0.6167,1.2708,0.6386,1.8530,0.0000,0.0000,0.0000,1.3139,0.6330,1.9808,0.012,577,0.0000,0.0000,0.0434,0,0,0.396
12.902,0,0,0,1.2333,0.6167,1.2708,0.6387,1.8339,0.0000,0.0000,0.0000,1.2086,0.7466,3.6074,0.044,580,0.0000,0.0000,0.0435,0,0,0.386
13.001,0,0,0,1.2333,0.6167,1.2708,0.6387,1.8463,0.0000,0.0000,0.0000,1.2086,0.7466,3.6075,0.012,586,0.0000,0.0000,0.0435,0,0,0.394
13.103,0,0,0,1.2333,0.6167,1.2709,0.6388,1.8282,0.0000,0.0000,0.0000,1.2086,0.7465,3.6057,0.046,589,0.0000,0.0000,0.0436,0,0,0.379
13.201,0,0,0,1.2333,0.6167,1.2709,0.6388,1.8424,0.0000,0.0000,0.0000,1.2086,0.7466,3.6075,0.010,595,0.0000,0.0000,0.0436,0,0,0.386
13.302,0,0,0,1.2333,0.6167,1.2709,0.6389,1.8241,0.0000,0.0000,0.0000,1.2086,0.7466,3.6077,0.047,598,0.0000,0.0000,0.0437,0,0,0.390
13.401,0,0,0,1.2333,0.6167,1.2710,0.6389,1.8370,0.0000,0.0000,0.0000,1.3139,0.6330,1.9808,0.013,604,0.0000,0.0000,0.0437,0,0,0.392
13.502,0,0,0,1.2333,0.6167,1.2710,0.6389,1.8188,0.0000,0.0000,0.0000,1.3139,0.6330,1.9808,0.045,607,0.0000,0.0000,0.0438,0,0,0.389
13.601,0,0,0,1.2333,0.6167,1.2713,0.6379,1.8168,0.0000,0.0000,0.0000,1.2926,0.5388,4.1382,0.019,611,0.0000,0.0000,0.0435,0,0,0.380
13.701,0,0,0,1.2333,0.6167,1.2711,0.6390,1.8132,0.0000,0.0000,0.0000,1.2086,0.7466,3.6105,0.023,616,0.0000,0.0000,0.0439,0,0,0.393
13.801,0,0,0,1.2333,0.6167,1.2709,0.6401,1.8060,0.0000,0.0000,0.0000,1.2927,0.5387,4.1353,0.004,622,0.0000,0.0000,0.0443,0,0,0.384
13.901,0,0,0,1.2333,0.6167,1.2711,0.6390,1.8077,0.0000,0.0000,0.0000,1.2927,0.5388,4.1377,0.041,625,0.0000,0.0000,0.0439,0,0,0.378
14.001,0,0,0,1.2333,0.6167,1.2712,0.6391,1.8240,0.0000,0.0000,0.0000,1.3139,0.6330,1.9808,0.017,631,0.0000,0.0000,0.0440,0,0,0.378
14.102,0,0,0,1.2333,0.6167,1.2712,0.6391,1.8041,0.0000,0.0000,0.0000,1.2086,0.7466,3.6111,0.048,634,0.0000,0.0000,0.0440,0,0,0.399
14.201,0,0,0,1.2333,0.6167,1.2712,0.6391,1.8179,0.0000,0.0000,0.0000,1.2086,0.7466,3.6090,0.013,640,0.0000,0.0000,0.0440,0,0,0.389
14.302,0,0,0,1.2333,0.6167,1.2712,0.6392,1.8013,0.0000,0.0000,0.0000,1.3139,0.6330,1.9808,0.046,643,0.0000,0.0000,0.0441,0,0,0.395
14.401,0,0,0,1.2333,0.6167,1.2714,0.6384,1.8032,0.0000,0.0000,0.0000,1.2086,0.7465,3.6072,0.010,649,0.0000,0.0000,0.0438,0,0,0.390
14.502,0,0,0,1.2333,0.6167,1.2714,0.6384,1.7866,0.0000,0.0000,0.0000,1.2086,0.7466,3.6099,0.045,652,0.0000,0.0000,0.0438,0,0,0.379
14.601,0,0,0,1.2333,0.6167,1.2716,0.6377,1.7892,0.0000,0.0000,0.0000,1.2086,0.7466,3.6092,0.011,658,0.0000,0.0000,0.0436,0,0,0.384
14.702,0,0,0,1.2333,0.6167,1.2716,0.6377,1.7727,0.0000,0.0000,0.0000,1.3145,0.6307,1.9490,0.049,661,0.0000,0.0000,0.0437,0,0,0.392
14.801,0,0,0,1.2333,0.6167,1.2711,0.6379,1.7878,0.0000,0.0000,0.0000,1.2086,0.7465,3.6047,0.020,666,0.0000,0.0000,0.0434,0,0,0.388
14.901,0,0,0,1.2333,0.6167,1.2716,0.6379,1.7728,0.0000,0.0000,0.0000,1.3145,0.6307,1.9490,0.023,670,0.0000,0.0000,0.0438,0,0,0.378
15.002,0,0,0,1.2333,0.6167,1.2709,0.6391,1.7690,0.0000,0.0000,0.0000,1.2927,0.5387,4.1386,0.007,675,0.0000,0.0000,0.0438,0,0,0.386
15.101,0,0,0,1.2333,0.6167,1.2717,0.6379,1.7718,0.0000,0.0000,0.0000,1.3145,0.6307,1.9490,0.030,679,0.0000,0.0000,0.0438,0,0,0.382
15.202,0,0,0,1.2333,0.6167,1.2723,0.6368,1.7723,0.0000,0.0000,0.0000,1.2086,0.7465,3.6064,0.003,685,0.0000,0.0000,0.0439,0,0,0.389
15.305,0,0,0,1.2333,0.6167,1.2717,0.6380,1.7702,0.0000,0.0000,0.0000,1.2927,0.5388,4.1398,0.002,689,0.0000,0.0000,0.0439,0,0,0.387
15.401,0,0,0,1.2333,0.6167,1.2717,0.6381,1.7862,0.0000,0.0000,0.0000,1.2086,0.7466,3.6084,0.013,694,0.0000,0.0000,0.0439,0,0,0.390
15.501,0,0,0,1.2333,0.6167,1.2717,0.6381,1.7684,0.0000,0.0000,0.0000,1.3145,0.6307,1.9490,0.044,697,0.0000,0.0000,0.0439,0,0,0.389
15.601,0,0,0,1.2333,0.6167,1.2717,0.6382,1.7841,0.0000,0.0000,0.0000,1.2086,0.7466,3.6090,0.013,703,0.0000,0.0000,0.0440,0,0,0.393
15.701,0,0,0,1.2333,0.6167,1.2717,0.6382,1.7668,0.0000,0.0000,0.0000,1.2086,0.7466,3.6088,0.049,706,0.0000,0.0000,0.0440,0,0,0.368
15.801,0,0,0,1.2333,0.6167,1.2717,0.6382,1.7825,0.0000,0.0000,0.0000,1.3145,0.6307,1.9490,0.012,712,0.0000,0.0000,0.0440,0,0,0.389
15.901,0,0,0,1.2333,0.6167,1.2717,0.6382,1.7657,0.0000,0.0000,0.0000,1.2086,0.7466,3.6093,0.047,715,0.0000,0.0000,0.0440,0,0,0.373
16.001,0,0,0,1.2333,0.6167,1.2717,0.6383,1.7839,0.0000,0.0000,0.0000,1.2086,0.7465,3.6067,0.013,721,0.0000,0.0000,0.0441,0,0,0.381
16.102,0,0,0,1.2333,0.6167,1.2717,0.6383,1.7659,0.0000,0.0000,0.0000,1.3145,0.6307,1.9490,0.048,724,0.0000,0.0000,0.0441,0,0,0.394
16.202,0,0,0,1.2333,0.6167,1.2713,0.6384,1.7814,0.0000,0.0000,0.0000,1.3145,0.6307,1.9490,0.003,730,0.0000,0.0000,0.0437,0,0,0.382
16.301,0,0,0,1.2333,0.6167,1.2718,0.6383,1.7660,0.0000,0.0000,0.0000,1.2086,0.7465,3.6053,0.043,733,0.0000,0.0000,0.0441,0,0,0.401
16.401,0,0,0,1.2333,0.6167,1.2721,0.6365,1.7560,0.0000,0.0000,0.0000,1.2927,0.5387,4.1404,0.021,737,0.0000,0.0000,0.0436,0,0,0.383
16.502,0,0,0,1.2333,0.6167,1.2719,0.6377,1.7556,0.0000,0.0000,0.0000,1.2086,0.7465,3.6061,0.028,742,0.0000,0.0000,0.0439,0,0,0.386
16.601,0,0,0,1.2333,0.6167,1.2719,0.6378,1.7718,0.0000,0.0000,0.0000,1.3136,0.6330,1.9765,0.011,748,0.0000,0.0000,0.0439,0,0,0.403
16.702,0,0,0,1.2333,0.6167,1.2719,0.6379,1.7556,0.0000,0.0000,0.0000,1.2086,0.7465,3.6085,0.047,751,0.0000,0.0000,0.0440,0,0,0.387
16.801,0,0,0,1.2333,0.6167,1.2718,0.6380,1.7755,0.0000,0.0000,0.0000,1.3140,0.6336,1.9965,0.014,757,0.0000,0.0000,0.0440,0,0,0.391
16.903,0,0,0,1.2333,0.6167,1.2718,0.6380,1.7577,0.0000,0.0000,0.0000,1.3140,0.6336,1.9965,0.051,760,0.0000,0.0000,0.0440,0,0,0.390
17.001,0,0,0,1.2333,0.6167,1.2718,0.6381,1.7753,0.0000,0.0000,0.0000,1.3140,0.6336,1.9965,0.014,766,0.0000,0.0000,0.0441,0,0,0.374
17.104,0,0,0,1.2333,0.6167,1.2718,0.6382,1.7597,0.0000,0.0000,0.0000,1.2927,0.5387,4.1408,0.002,770,0.0000,0.0000,0.0441,0,0,0.382
17.202,0,0,0,1.2333,0.6167,1.2718,0.6383,1.7757,0.0000,0.0000,0.0000,1.2086,0.7465,3.6061,0.012,775,0.0000,0.0000,0.0442,0,0,0.380
17.301,0,0,0,1.2333,0.6167,1.2718,0.6384,1.7578,0.0000,0.0000,0.0000,1.2087,0.7464,3.6015,0.043,778,0.0000,0.0000,0.0442,0,0,0.390
17.402,0,0,0,1.2333,0.6167,1.2718,0.6384,1.7742,0.0000,0.0000,0.0000,1.2087,0.7464,3.6033,0.014,784,0.0000,0.0000,0.0442,0,0,0.393
17.505,0,0,0,1.2333,0.6167,1.2718,0.6385,1.7567,0.0000,0.0000,0.0000,1.3140,0.6336,1.9965,0.050,787,0.0000,0.0000,0.0442,0,0,0.391
17.602,0,0,0,1.2333,0.6167,1.2720,0.6374,1.7583,0.0000,0.0000,0.0000,1.3140,0.6337,1.9965,0.002,792,0.0000,0.0000,0.0439,0,0,0.404
17.701,0,0,0,1.2333,0.6167,1.2720,0.6378,1.7452,0.0000,0.0000,0.0000,1.3293,0.5560,0.4600,0.015,796,0.0000,0.0000,0.0440,0,0,0.398
17.802,0,0,0,1.2333,0.6167,1.2726,0.6369,1.7159,0.0000,0.0000,0.0000,1.2927,0.5387,4.1417,0.005,801,0.0000,0.0000,0.0442,0,0,0.390
17.902,0,0,0,1.2333,0.6167,1.2721,0.6371,1.7356,0.0000,0.0000,0.0000,1.2086,0.7465,3.6101,0.030,805,0.0000,0.0000,0.0438,0,0,0.373
18.003,0,0,0,1.2333,0.6167,1.2721,0.6373,1.7495,0.0000,0.0000,0.0000,1.2086,0.7465,3.6088,0.016,811,0.0000,0.0000,0.0439,0,0,0.384
18.101,0,0,0,1.2333,0.6167,1.2721,0.6373,1.7358,0.0000,0.0000,0.0000,1.3137,0.6324,1.9613,0.044,814,0.0000,0.0000,0.0439,0,0,0.374
18.202,0,0,0,1.2333,0.6167,1.2720,0.6375,1.7564,0.0000,0.0000,0.0000,1.2086,0.7465,3.6062,0.014,820,0.0000,0.0000,0.0439,0,0,0.388
18.302,0,0,0,1.2333,0.6167,1.2720,0.6375,1.7385,0.0000,0.0000,0.0000,1.2086,0.7465,3.6074,0.047,823,0.0000,0.0000,0.0440,0,0,0.405
18.403,0,0,0,1.2333,0.6167,1.2722,0.6369,1.7449,0.0000,0.0000,0.0000,1.2086,0.7465,3.6056,0.014,829,0.0000,0.0000,0.0438,0,0,0.375
18.501,0,0,0,1.2333,0.6167,1.2721,0.6370,1.7276,0.0000,0.0000,0.0000,1.3136,0.6330,1.9746,0.047,832,0.0000,0.0000,0.0438,0,0,0.378
18.601,0,0,0,1.2333,0.6167,1.2721,0.6371,1.7433,0.0000,0.0000,0.0000,1.2087,0.7465,3.6052,0.012,838,0.0000,0.0000,0.0438,0,0,0.390
18.701,0,0,0,1.2333,0.6167,1.2721,0.6372,1.7260,0.0000,0.0000,0.0000,1.2086,0.7465,3.6059,0.046,841,0.0000,0.0000,0.0439,0,0,0.400
18.803,0,0,0,1.2333,0.6167,1.2721,0.6374,1.7435,0.0000,0.0000,0.0000,1.2086,0.7465,3.6065,0.015,847,0.0000,0.0000,0.0439,0,0,0.396
18.902,0,0,0,1.2333,0.6167,1.2720,0.6374,1.7266,0.0000,0.0000,0.0000,1.3135,0.6331,1.9763,0.033,850,0.0000,0.0000,0.0439,0,0,0.381
19.003,0,0,0,1.2333,0.6167,1.2716,0.6376,1.7416,0.0000,0.0000,0.0000,1.3135,0.6331,1.9763,0.003,856,0.0000,0.0000,0.0436,0,0,0.388
19.103,0,0,0,1.2333,0.6167,1.2720,0.6376,1.7300,0.0000,0.0000,0.0000,1.2087,0.7464,3.6067,0.033,859,0.0000,0.0000,0.0440,0,0,0.380
19.202,0,0,0,1.2333,0.6167,1.2727,0.6366,1.7347,0.0000,0.0000,0.0000,1.2087,0.7464,3.6031,0.003,865,0.0000,0.0000,0.0441,0,0,0.388
19.303,0,0,0,1.2333,0.6167,1.2720,0.6378,1.7339,0.0000,0.0000,0.0000,1.2928,0.5386,4.1407,0.044,868,0.0000,0.0000,0.0440,0,0,0.389
19.401,0,0,0,1.2333,0.6167,1.2721,0.6371,1.7404,0.0000,0.0000,0.0000,1.2087,0.7465,3.6102,0.013,874,0.0000,0.0000,0.0438,0,0,0.387
19.502,0,0,0,1.2333,0.6167,1.2723,0.6364,1.7124,0.0000,0.0000,0.0000,1.3294,0.5562,0.4652,0.045,877,0.0000,0.0000,0.0436,0,0,0.382
19.601,0,0,0,1.2333,0.6167,1.2722,0.6366,1.7293,0.0000,0.0000,0.0000,1.2087,0.7465,3.6077,0.009,883,0.0000,0.0000,0.0437,0,0,0.380
19.702,0,0,0,1.2333,0.6167,1.2722,0.6367,1.7133,0.0000,0.0000,0.0000,1.3132,0.6345,2.0012,0.051,886,0.0000,0.0000,0.0437,0,0,0.384
0.083,0,0,0,1.2333,0.6167,1.2722,0.6369,1.7317,0.0000,0.0000,0.0000,1.3132,0.6345,2.0012,0.013,892,0.0000,0.0000,0.0438,0,0,0.388
0.183,0,0,0,1.2333,0.6167,1.2721,0.6370,1.7161,0.0000,0.0000,0.0000,1.2087,0.7464,3.6044,0.047,895,0.0000,0.0000,0.0438,0,0,0.398
0.283,0,0,0,1.2333,0.6167,1.2721,0.6372,1.7345,0.0000,0.0000,0.0000,1.2087,0.7464,3.6052,0.013,901,0.0000,0.0000,0.0439,0,0,0.382
0.383,0,0,0,1.2333,0.6167,1.2721,0.6373,1.7172,0.0000,0.0000,0.0000,1.2087,0.7465,3.6060,0.047,904,0.0000,0.0000,0.0439,0,0,0.384
0.483,0,0,0,1.2333,0.6167,1.2720,0.6375,1.7373,0.0000,0.0000,0.0000,1.3132,0.6345,2.0016,0.018,910,0.0000,0.0000,0.0440,0,0,0.385
0.583,0,0,0,1.2333,0.6167,1.2720,0.6376,1.7191,0.0000,0.0000,0.0000,1.3132,0.6345,2.0016,0.047,913,0.0000,0.0000,0.0440,0,0,0.384
0.683,0,0,0,1.2333,0.6167,1.2722,0.6366,1.7228,0.0000,0.0000,0.0000,1.2928,0.5387,4.1457,0.019,917,0.0000,0.0000,0.0437,0,0,0.387
0.783,0,0,0,1.2333,0.6167,1.2720,0.6378,1.7240,0.0000,0.0000,0.0000,1.3132,0.6345,2.0017,0.027,922,0.0000,0.0000,0.0441,0,0,0.388
0.883,0,0,0,1.2333,0.6167,1.2717,0.6390,1.7254,0.0000,0.0000,0.0000,1.2928,0.5387,4.1472,0.003,928,0.0000,0.0000,0.0444,0,0,0.380
0.985,0,0,0,1.2333,0.6167,1.2719,0.6380,1.7275,0.0000,0.0000,0.0000,1.2928,0.5387,4.1470,0.046,931,0.0000,0.0000,0.0441,0,0,0.366
1.083,0,0,0,1.2333,0.6167,1.2719,0.6381,1.7457,0.0000,0.0000,0.0000,1.3132,0.6345,2.0022,0.019,937,0.0000,0.0000,0.0442,0,0,0.388
1.183,0,0,0,1.2333,0.6167,1.2719,0.6382,1.7275,0.0000,0.0000,0.0000,1.3132,0.6345,2.0022,0.049,940,0.0000,0.0000,0.0442,0,0,0.378
1.283,0,0,0,1.2333,0.6167,1.2719,0.6383,1.7456,0.0000,0.0000,0.0000,1.3132,0.6345,2.0025,0.011,946,0.0000,0.0000,0.0442,0,0,0.401
1.383,0,0,0,1.2333,0.6167,1.2719,0.6384,1.7284,0.0000,0.0000,0.0000,1.2087,0.7465,3.6074,0.048,949,0.0000,0.0000,0.0442,0,0,0.390
1.483,0,0,0,1.2333,0.6167,1.2719,0.6385,1.7480,0.0000,0.0000,0.0000,1.2087,0.7465,3.6097,0.013,955,0.0000,0.0000,0.0443,0,0,0.382
1.586,0,0,0,1.2333,0.6167,1.2718,0.6385,1.7306,0.0000,0.0000,0.0000,1.2929,0.5386,4.1450,0.003,959,0.0000,0.0000,0.0443,0,0,0.375
1.685,0,0,0,1.2333,0.6167,1.2718,0.6386,1.7446,0.0000,0.0000,0.0000,1.2087,0.7464,3.6051,0.015,964,0.0000,0.0000,0.0443,0,0,0.383
1.785,0,0,0,1.2333,0.6167,1.2718,0.6387,1.7332,0.0000,0.0000,0.0000,1.2087,0.7464,3.6038,0.051,967,0.0000,0.0000,0.0443,0,0,0.384
1.883,0,0,0,1.2333,0.6167,1.2714,0.6388,1.7511,0.0000,0.0000,0.0000,1.2087,0.7464,3.6032,0.018,972,0.0000,0.0000,0.0440,0,0,0.380
1.983,0,0,0,1.2333,0.6167,1.2718,0.6388,1.7356,0.0000,0.0000,0.0000,1.2087,0.7464,3.6037,0.024,976,0.0000,0.0000,0.0444,0,0,0.401
2.083,0,0,0,1.2333,0.6167,1.2722,0.6388,1.7192,0.0000,0.0000,0.0000,1.2087,0.7464,3.6028,0.004,982,0.0000,0.0000,0.0448,0,0,0.393
2.183,0,0,0,1.2333,0.6167,1.2718,0.6389,1.7380,0.0000,0.0000,0.0000,1.3133,0.6346,2.0039,0.032,985,0.0000,0.0000,0.0444,0,0,0.385
2.283,0,0,0,1.2333,0.6167,1.2717,0.6390,1.7569,0.0000,0.0000,0.0000,1.2087,0.7464,3.6016,0.010,991,0.0000,0.0000,0.0444,0,0,0.388
2.384,0,0,0,1.2333,0.6167,1.2717,0.6390,1.7414,0.0000,0.0000,0.0000,1.2087,0.7464,3.6034,0.046,994,0.0000,0.0000,0.0444,0,0,0.397
2.483,0,0,0,1.2333,0.6167,1.2717,0.6391,1.7610,0.0000,0.0000,0.0000,1.2087,0.7464,3.6062,0.013,1000,0.0000,0.0000,0.0445,0,0,0.405
2.586,0,0,0,1.2333,0.6167,1.2717,0.6391,1.7429,0.0000,0.0000,0.0000,1.2928,0.5387,4.1477,0.003,1004,0.0000,0.0000,0.0445,0,0,0.395
2.683,0,0,0,1.2333,0.6167,1.2717,0.6392,1.7592,0.0000,0.0000,0.0000,1.2087,0.7464,3.6038,0.011,1009,0.0000,0.0000,0.0445,0,0,0.380
2.783,0,0,0,1.2333,0.6167,1.2717,0.6392,1.7425,0.0000,0.0000,0.0000,1.3133,0.6346,2.0039,0.047,1012,0.0000,0.0000,0.0445,0,0,0.387
2.883,0,0,0,1.2333,0.6167,1.2717,0.6393,1.7605,0.0000,0.0000,0.0000,1.2087,0.7464,3.6023,0.013,1018,0.0000,0.0000,0.0445,0,0,0.380
2.984,0,0,0,1.2333,0.6167,1.2717,0.6393,1.7434,0.0000,0.0000,0.0000,1.2087,0.7464,3.6029,0.047,1021,0.0000,0.0000,0.0445,0,0,0.372
3.083,0,0,0,1.2333,0.6167,1.2717,0.6394,1.7634,0.0000,0.0000,0.0000,1.3133,0.6346,2.0039,0.014,1027,0.0000,0.0000,0.0446,0,0,0.381
3.185,0,0,0,1.2333,0.6167,1.2717,0.6394,1.7453,0.0000,0.0000,0.0000,1.2087,0.7464,3.6036,0.052,1030,0.0000,0.0000,0.0446,0,0,0.391
3.283,0,0,0,1.2333,0.6167,1.2712,0.6395,1.7638,0.0000,0.0000,0.0000,1.3285,0.5585,0.4977,0.003,1036,0.0000,0.0000,0.0442,0,0,0.377
3.384,0,0,0,1.2333,0.6167,1.2718,0.6386,1.7346,0.0000,0.0000,0.0000,1.3139,0.6307,1.9371,0.034,1039,0.0000,0.0000,0.0443,0,0,0.397
3.483,0,0,0,1.2333,0.6167,1.2725,0.6375,1.7396,0.0000,0.0000,0.0000,1.3139,0.6308,1.9412,0.011,1044,0.0000,0.0000,0.0444,0,0,0.398
3.583,0,0,0,1.2333,0.6167,1.2718,0.6386,1.7379,0.0000,0.0000,0.0000,1.2929,0.5386,4.1472,0.026,1048,0.0000,0.0000,0.0443,0,0,0.389
3.683,0,0,0,1.2333,0.6167,1.2718,0.6386,1.7558,0.0000,0.0000,0.0000,1.2087,0.7464,3.6072,0.011,1054,0.0000,0.0000,0.0443,0,0,0.385
3.784,0,0,0,1.2333,0.6167,1.2718,0.6386,1.7411,0.0000,0.0000,0.0000,1.3140,0.6309,1.9456,0.053,1057,0.0000,0.0000,0.0443,0,0,0.379
3.885,0,0,0,1.2333,0.6167,1.2718,0.6387,1.7536,0.0000,0.0000,0.0000,1.3140,0.6309,1.9456,0.015,1063,0.0000,0.0000,0.0443,0,0,0.377
3.983,0,0,0,1.2333,0.6167,1.2718,0.6387,1.7429,0.0000,0.0000,0.0000,1.2087,0.7464,3.6035,0.048,1066,0.0000,0.0000,0.0443,0,0,0.389
4.083,0,0,0,1.2333,0.6167,1.2718,0.6387,1.7612,0.0000,0.0000,0.0000,1.3140,0.6309,1.9456,0.013,1072,0.0000,0.0000,0.0443,0,0,0.387
4.183,0,0,0,1.2333,0.6167,1.2718,0.6387,1.7441,0.0000,0.0000,0.0000,1.2087,0.7464,3.6011,0.048,1075,0.0000,0.0000,0.0443,0,0,0.395
4.283,0,0,0,1.2333,0.6167,1.2718,0.6387,1.7637,0.0000,0.0000,0.0000,1.2087,0.7464,3.6042,0.017,1081,0.0000,0.0000,0.0443,0,0,0.389
4.386,0,0,0,1.2333,0.6167,1.2718,0.6387,1.7458,0.0000,0.0000,0.0000,1.2929,0.5387,4.1487,0.003,1085,0.0000,0.0000,0.0443,0,0,0.389
4.483,0,0,0,1.2333,0.6167,1.2718,0.6387,1.7637,0.0000,0.0000,0.0000,1.2087,0.7464,3.6035,0.016,1090,0.0000,0.0000,0.0444,0,0,0.387
4.586,0,0,0,1.2333,0.6167,1.2718,0.6387,1.7460,0.0000,0.0000,0.0000,1.2929,0.5387,4.1511,0.003,1094,0.0000,0.0000,0.0444,0,0,0.229
4.687,0,0,0,1.2333,0.6167,1.2721,0.6376,1.7487,0.0000,0.0000,0.0000,1.3140,0.6309,1.9464,0.004,1098,0.0000,0.0000,0.0440,0,0,0.411
4.783,0,0,0,1.2333,0.6167,1.2718,0.6387,1.7489,0.0000,0.0000,0.0000,1.3140,0.6309,1.9464,0.016,1102,0.0000,0.0000,0.0444,0,0,0.396
4.883,0,0,0,1.2333,0.6167,1.2716,0.6398,1.7463,0.0000,0.0000,0.0000,1.2929,0.5387,4.1496,0.004,1108,0.0000,0.0000,0.0447,0,0,0.381
4.985,0,0,0,1.2333,0.6167,1.2718,0.6387,1.7432,0.0000,0.0000,0.0000,1.2087,0.7464,3.6050,0.044,1111,0.0000,0.0000,0.0444,0,0,0.389
5.083,0,0,0,1.2333,0.6167,1.2718,0.6387,1.7659,0.0000,0.0000,0.0000,1.3140,0.6309,1.9464,0.012,1117,0.0000,0.0000,0.0444,0,0,0.386
5.184,0,0,0,1.2333,0.6167,1.2718,0.6387,1.7481,0.0000,0.0000,0.0000,1.2088,0.7463,3.6007,0.048,1120,0.0000,0.0000,0.0444,0,0,0.383
5.283,0,0,0,1.2333,0.6167,1.2718,0.6387,1.7665,0.0000,0.0000,0.0000,1.2087,0.7464,3.6049,0.018,1126,0.0000,0.0000,0.0444,0,0,0.396
5.386,0,0,0,1.2333,0.6167,1.2718,0.6387,1.7477,0.0000,0.0000,0.0000,1.2929,0.5387,4.1525,0.003,1130,0.0000,0.0000,0.0444,0,0,0.402
5.483,0,0,0,1.2333,0.6167,1.2718,0.6388,1.7651,0.0000,0.0000,0.0000,1.2088,0.7464,3.6063,0.017,1135,0.0000,0.0000,0.0444,0,0,0.378
5.587,0,0,0,1.2333,0.6167,1.2718,0.6388,1.7468,0.0000,0.0000,0.0000,1.2929,0.5387,4.1506,0.002,1139,0.0000,0.0000,0.0444,0,0,0.382
5.683,0,0,0,1.2333,0.6167,1.2718,0.6388,1.7658,0.0000,0.0000,0.0000,1.2087,0.7464,3.6032,0.009,1144,0.0000,0.0000,0.0444,0,0,0.370
5.783,0,0,0,1.2333,0.6167,1.2718,0.6388,1.7484,0.0000,0.0000,0.0000,1.3140,0.6309,1.9462,0.045,1147,0.0000,0.0000,0.0444,0,0,0.384
5.883,0,0,0,1.2333,0.6167,1.2720,0.6380,1.7539,0.0000,0.0000,0.0000,1.2087,0.7464,3.6044,0.012,1153,0.0000,0.0000,0.0441,0,0,0.388
5.985,0,0,0,1.2333,0.6167,1.2720,0.6380,1.7357,0.0000,0.0000,0.0000,1.2929,0.5386,4.1511,0.003,1157,0.0000,0.0000,0.0442,0,0,0.393
6.083,0,0,0,1.2333,0.6167,1.2718,0.6392,1.7364,0.0000,0.0000,0.0000,1.2929,0.5386,4.1511,0.010,1162,0.0000,0.0000,0.0445,0,0,0.382
6.183,0,0,0,1.2333,0.6167,1.2720,0.6381,1.7405,0.0000,0.0000,0.0000,1.2087,0.7464,3.6061,0.039,1165,0.0000,0.0000,0.0442,0,0,0.386
6.283,0,0,0,1.2333,0.6167,1.2722,0.6371,1.7427,0.0000,0.0000,0.0000,1.3140,0.6325,1.9736,0.010,1170,0.0000,0.0000,0.0439,0,0,0.375
6.383,0,0,0,1.2333,0.6167,1.2720,0.6383,1.7428,0.0000,0.0000,0.0000,1.2929,0.5387,4.1529,0.032,1174,0.0000,0.0000,0.0442,0,0,0.396
6.483,0,0,0,1.2333,0.6167,1.2719,0.6383,1.7625,0.0000,0.0000,0.0000,1.2088,0.7464,3.6029,0.017,1180,0.0000,0.0000,0.0443,0,0,0.387
6.585,0,0,0,1.2333,0.6167,1.2719,0.6384,1.7428,0.0000,0.0000,0.0000,1.2929,0.5387,4.1532,0.003,1184,0.0000,0.0000,0.0443,0,0,0.386
6.683,0,0,0,1.2333,0.6167,1.2719,0.6384,1.7616,0.0000,0.0000,0.0000,1.2087,0.7464,3.6043,0.016,1189,0.0000,0.0000,0.0443,0,0,0.388
6.786,0,0,0,1.2333,0.6167,1.2719,0.6385,1.7424,0.0000,0.0000,0.0000,1.2929,0.5387,4.1527,0.003,1193,0.0000,0.0000,0.0443,0,0,0.388
6.883,0,0,0,1.2333,0.6167,1.2719,0.6385,1.7597,0.0000,0.0000,0.0000,1.2088,0.7463,3.5999,0.012,1198,0.0000,0.0000,0.0443,0,0,0.391
6.983,0,0,0,1.2333,0.6167,1.2719,0.6385,1.7410,0.0000,0.0000,0.0000,1.2088,0.7463,3.6010,0.053,1201,0.0000,0.0000,0.0443,0,0,0.389
7.083,0,0,0,1.2333,0.6167,1.2719,0.6386,1.7599,0.0000,0.0000,0.0000,1.3139,0.6325,1.9746,0.016,1207,0.0000,0.0000,0.0444,0,0,0.369
7.184,0,0,0,1.2333,0.6167,1.2719,0.6386,1.7420,0.0000,0.0000,0.0000,1.3139,0.6325,1.9746,0.046,1210,0.0000,0.0000,0.0444,0,0,0.391
7.283,0,0,0,1.2333,0.6167,1.2719,0.6387,1.7603,0.0000,0.0000,0.0000,1.3139,0.6325,1.9746,0.013,1216,0.0000,0.0000,0.0444,0,0,0.377
7.383,0,0,0,1.2333,0.6167,1.2719,0.6387,1.7409,0.0000,0.0000,0.0000,1.3139,0.6325,1.9746,0.046,1219,0.0000,0.0000,0.0444,0,0,0.390
7.483,0,0,0,1.2333,0.6167,1.2721,0.6376,1.7441,0.0000,0.0000,0.0000,1.2930,0.5386,4.1507,0.019,1223,0.0000,0.0000,0.0441,0,0,0.378
7.583,0,0,0,1.2333,0.6167,1.2719,0.6388,1.7453,0.0000,0.0000,0.0000,1.3139,0.6325,1.9746,0.028,1228,0.0000,0.0000,0.0444,0,0,0.393
7.685,0,0,0,1.2333,0.6167,1.2719,0.6388,1.7586,0.0000,0.0000,0.0000,1.2929,0.5386,4.1534,0.010,1234,0.0000,0.0000,0.0444,0,0,0.377
7.783,0,0,0,1.2333,0.6167,1.2719,0.6388,1.7466,0.0000,0.0000,0.0000,1.3139,0.6325,1.9746,0.044,1237,0.0000,0.0000,0.0445,0,0,0.392
7.883,0,0,0,1.2333,0.6167,1.2719,0.6388,1.7654,0.0000,0.0000,0.0000,1.2088,0.7464,3.6028,0.017,1243,0.0000,0.0000,0.0445,0,0,0.396
7.985,0,0,0,1.2333,0.6167,1.2719,0.6388,1.7467,0.0000,0.0000,0.0000,1.2929,0.5386,4.1538,0.003,1247,0.0000,0.0000,0.0445,0,0,0.376
8.083,0,0,0,1.2333,0.6167,1.2719,0.6389,1.7667,0.0000,0.0000,0.0000,1.3139,0.6325,1.9746,0.019,1252,0.0000,0.0000,0.0445,0,0,0.382
8.187,0,0,0,1.2333,0.6167,1.2719,0.6389,1.7417,0.0000,0.0000,0.0000,1.3139,0.6325,1.9746,0.055,1255,0.0000,0.0000,0.0445,0,0,0.392
8.283,0,0,0,1.2333,0.6167,1.2719,0.6389,1.7673,0.0000,0.0000,0.0000,1.2088,0.7464,3.6025,0.017,1261,0.0000,0.0000,0.0445,0,0,0.391
8.383,0,0,0,1.2333,0.6167,1.2719,0.6389,1.7492,0.0000,0.0000,0.0000,1.2088,0.7464,3.6035,0.046,1264,0.0000,0.0000,0.0445,0,0,0.382
8.483,0,0,0,1.2333,0.6167,1.2719,0.6390,1.7672,0.0000,0.0000,0.0000,1.3139,0.6325,1.9746,0.014,1270,0.0000,0.0000,0.0445,0,0,0.381
8.586,0,0,0,1.2333,0.6167,1.2719,0.6390,1.7480,0.0000,0.0000,0.0000,1.2930,0.5386,4.1537,0.003,1274,0.0000,0.0000,0.0445,0,0,0.384
8.683,0,0,0,1.2333,0.6167,1.2714,0.6391,1.7666,0.0000,0.0000,0.0000,1.2088,0.7464,3.6065,0.022,1278,0.0000,0.0000,0.0442,0,0,0.382
8.783,0,0,0,1.2333,0.6167,1.2719,0.6390,1.7518,0.0000,0.0000,0.0000,1.3139,0.6325,1.9746,0.024,1282,0.0000,0.0000,0.0446,0,0,0.385
8.885,0,0,0,1.2333,0.6167,1.2712,0.6402,1.7503,0.0000,0.0000,0.0000,1.3139,0.6325,1.9747,0.003,1288,0.0000,0.0000,0.0446,0,0,0.399
8.983,0,0,0,1.2333,0.6167,1.2719,0.6391,1.7547,0.0000,0.0000,0.0000,1.2088,0.7464,3.6061,0.042,1291,0.0000,0.0000,0.0446,0,0,0.373
9.083,0,0,0,1.2333,0.6167,1.2716,0.6402,1.7521,0.0000,0.0000,0.0000,1.2930,0.5386,4.1539,0.008,1297,0.0000,0.0000,0.0449,0,0,0.375
9.187,0,0,0,1.2333,0.6167,1.2719,0.6391,1.7556,0.0000,0.0000,0.0000,1.2930,0.5386,4.1544,0.002,1301,0.0000,0.0000,0.0446,0,0,0.384
9.283,0,0,0,1.2333,0.6167,1.2719,0.6391,1.7759,0.0000,0.0000,0.0000,1.3139,0.6325,1.9747,0.015,1306,0.0000,0.0000,0.0446,0,0,0.398
9.384,0,0,0,1.2333,0.6167,1.2719,0.6391,1.7571,0.0000,0.0000,0.0000,1.2930,0.5386,4.1545,0.003,1310,0.0000,0.0000,0.0446,0,0,0.395
9.483,0,0,0,1.2333,0.6167,1.2719,0.6391,1.7735,0.0000,0.0000,0.0000,1.2088,0.7464,3.6011,0.012,1315,0.0000,0.0000,0.0446,0,0,0.389
9.585,0,0,0,1.2333,0.6167,1.2719,0.6391,1.7573,0.0000,0.0000,0.0000,1.2930,0.5386,4.1543,0.003,1319,0.0000,0.0000,0.0446,0,0,0.401
9.683,0,0,0,1.2333,0.6167,1.2719,0.6391,1.7764,0.0000,0.0000,0.0000,1.2088,0.7464,3.6031,0.017,1324,0.0000,0.0000,0.0446,0,0,0.366
9.784,0,0,0,1.2333,0.6167,1.2719,0.6392,1.7571,0.0000,0.0000,0.0000,1.3139,0.6325,1.9747,0.048,1327,0.0000,0.0000,0.0446,0,0,0.393
9.883,0,0,0,1.2333,0.6167,1.2719,0.6392,1.7747,0.0000,0.0000,0.0000,1.2088,0.7464,3.6039,0.014,1333,0.0000,0.0000,0.0446,0,0,0.384
9.983,0,0,0,1.2333,0.6167,1.2719,0.6392,1.7568,0.0000,0.0000,0.0000,1.2088,0.7464,3.6062,0.047,1336,0.0000,0.0000,0.0446,0,0,0.387
0.050,0,0,0,1.2333,0.6167,1.2714,0.6393,1.7733,0.0000,0.0000,0.0000,1.3139,0.6325,1.9747,0.003,1342,-0.0310,-0.0171,0.0443,0,0,0.392
0.155,0,0,1,1.2333,0.0000,1.2697,0.6379,1.6559,0.0000,0.0000,0.0000,1.2088,0.7464,3.6025,0.046,1345,-0.0087,-0.0996,0.6389,0,0,0.391
0.250,0,0,1,1.2333,0.0000,1.2690,0.6304,1.6001,0.0000,0.0000,0.0000,1.2930,0.5341,4.1778,0.022,1349,-0.0086,-0.0996,0.6314,0,0,0.380
0.350,0,0,1,1.2333,0.0000,1.2686,0.6208,1.6388,0.0000,0.0000,0.0000,1.2088,0.7467,3.5327,0.030,1354,-0.0087,-0.0996,0.6218,0,0,0.369
0.450,0,0,1,1.2333,0.0000,1.2682,0.6109,1.6756,0.0000,0.0000,0.0000,1.2066,0.7497,3.8892,0.010,1360,-0.0087,-0.0996,0.6119,0,0,0.357
0.550,0,0,1,1.2333,0.0000,1.2669,0.6020,1.7636,0.0000,0.0000,0.0000,1.2057,0.7504,4.0088,0.046,1363,-0.0086,-0.0996,0.6029,0,0,0.361
0.650,0,0,1,1.2333,0.0000,1.2649,0.5945,1.7585,0.0000,0.0000,0.0000,1.2020,0.7539,4.4178,0.017,1368,-0.0083,-0.0997,0.5953,0,0,0.347
0.752,0,0,1,1.2333,0.0000,1.2636,0.5852,1.6173,0.0000,0.0000,0.0000,1.2929,0.4766,4.6420,0.003,1372,-0.0082,-0.0997,0.5860,0,0,0.327
0.852,0,0,1,1.2333,0.0000,1.2619,0.5768,1.6667,0.0000,0.0000,0.0000,1.2342,0.5833,0.0187,0.020,1377,-0.0079,-0.0997,0.5775,0,0,0.343
0.952,0,0,1,1.2333,0.0000,1.2609,0.5674,1.7252,0.0000,0.0000,0.0000,1.2984,0.4533,4.9482,0.003,1381,-0.0079,-0.0997,0.5681,0,0,0.318
1.050,0,0,1,1.2333,0.0000,1.2591,0.5602,1.7587,0.0000,0.0000,0.0000,1.2389,0.5437,0.0201,0.020,1385,-0.0076,-0.0997,0.5608,0,0,0.332
1.150,0,0,1,1.2333,0.0000,1.2588,0.5493,1.5727,0.0000,0.0000,0.0000,1.2603,0.6250,2.8933,0.041,1389,-0.0076,-0.0997,0.5499,0,0,0.322
1.252,0,0,1,1.2333,0.0000,1.2578,0.5408,1.7426,0.0000,0.0000,0.0000,1.2596,0.6264,3.0481,0.017,1393,-0.0075,-0.0997,0.5413,0,0,0.305
1.352,0,0,1,1.2333,0.0000,1.2576,0.5303,1.7376,0.0000,0.0000,0.0000,1.3027,0.4064,5.6088,0.003,1397,-0.0076,-0.0997,0.5309,0,0,0.297
1.450,0,0,1,1.2333,0.0000,1.2573,0.5201,1.5189,0.0000,0.0000,0.0000,1.2556,0.6328,3.5705,0.003,1400,-0.0076,-0.0997,0.5206,0,0,0.283
1.550,0,0,1,1.2333,0.0000,1.2564,0.5123,1.5327,0.0000,0.0000,0.0000,1.2448,0.5024,0.2919,0.037,1403,-0.0075,-0.0997,0.5128,0,0,0.278
1.650,0,0,1,1.2333,0.0000,1.2557,0.5024,1.5330,0.0000,0.0000,0.0000,1.2314,0.6071,3.6156,0.010,1409,-0.0074,-0.0997,0.5029,0,0,0.290
1.750,0,0,1,1.2333,0.0000,1.2547,0.4932,1.5462,0.0000,0.0000,0.0000,1.2307,0.6088,3.7618,0.037,1412,-0.0073,-0.0997,0.4937,0,0,0.296
1.850,0,0,1,1.2333,0.0000,1.2530,0.4855,1.5569,0.0000,0.0000,0.0000,1.2285,0.6125,4.0955,0.017,1416,-0.0071,-0.0998,0.4859,0,0,0.290
1.953,0,0,1,1.2333,0.0000,1.2520,0.4766,1.5892,0.0000,0.0000,0.0000,1.3107,0.3347,6.3860,0.003,1419,-0.0069,-0.0998,0.4770,0,0,0.345
2.050,0,0,1,1.2333,0.0000,1.2512,0.4674,1.5363,0.0000,0.0000,0.0000,1.2245,0.4498,0.2366,0.014,1424,-0.0068,-0.0998,0.4677,0,0,0.514
2.150,0,0,1,1.2333,0.0000,1.2502,0.4588,1.5327,0.0000,0.0000,0.0000,1.2252,0.6182,4.7300,0.050,1426,-0.0067,-0.0998,0.4591,0,0,0.550
2.250,0,0,1,1.2333,0.0000,1.2485,0.4505,1.5435,0.0000,0.0000,0.0000,1.2227,0.4251,0.2000,0.013,1431,-0.0064,-0.0998,0.4508,0,0,0.512
2.350,0,0,1,1.2333,0.0000,1.2482,0.4401,1.5043,0.0000,0.0000,0.0000,1.2106,0.5938,4.9286,0.045,1434,-0.0064,-0.0998,0.4403,0,0,0.530
2.450,0,0,1,1.2333,0.0000,1.2464,0.4328,1.4861,0.0000,0.0000,0.0000,1.2219,0.3969,0.0886,0.016,1438,-0.0060,-0.0998,0.4330,0,0,0.246
2.552,0,0,1,1.2333,0.0000,1.2458,0.4226,1.6805,0.0000,0.0000,0.0000,1.3231,0.2648,7.1629,0.003,1440,-0.0060,-0.0998,0.4227,0,0,0.222
2.650,0,0,1,1.2333,0.0000,1.2458,0.4101,1.6521,0.0000,0.0000,0.0000,1.2195,0.3749,0.2879,0.026,1442,-0.0029,-0.0966,0.4103,0,0,0.191
2.751,0,0,1,1.2333,0.0000,1.2453,0.3999,1.5561,0.0000,0.0000,0.0000,1.2534,0.3272,0.8072,0.005,1444,-0.0039,-0.0977,0.4001,0,0,0.194
2.850,0,0,1,1.2333,0.0000,1.2444,0.3879,1.4389,0.0000,0.0000,0.0000,1.2181,0.3601,0.3233,0.010,1446,-0.0161,-0.0896,0.3881,0,0,0.171
2.951,0,0,1,1.2333,0.0000,1.2429,0.3787,1.6157,0.0000,0.0000,0.0000,1.2499,0.3043,1.2577,0.008,1448,-0.0165,-0.0889,0.3788,0,0,0.169
3.050,0,0,1,1.2333,0.0000,1.2412,0.3685,1.4179,0.0000,0.0000,0.0000,1.2157,0.3268,0.4558,0.005,1450,-0.0143,-0.0907,0.3685,0,0,0.174
3.151,0,0,1,1.2333,0.0000,1.2394,0.3572,1.3900,0.0000,0.0000,0.0000,1.2451,0.2817,1.6188,0.005,1453,-0.0146,-0.0900,0.3573,0,0,0.172
3.250,0,0,1,1.2333,0.0000,1.2378,0.3463,1.3592,0.0000,0.0000,0.0000,1.2139,0.3166,0.4425,0.021,1455,0.0123,-0.0833,0.3464,0,0,0.153
3.350,0,0,1,1.2333,0.0000,1.2383,0.3373,1.3929,0.0000,0.0000,0.0000,1.2441,0.2602,1.9233,0.009,1457,0.0054,-0.0900,0.3373,0,0,0.172
3.450,0,0,1,1.2333,0.0000,1.2385,0.3265,1.3141,0.0000,0.0000,0.0000,1.2120,0.2923,0.6209,0.022,1459,-0.0018,-0.0971,0.3265,0,0,0.192
3.550,0,0,1,1.2333,0.0000,1.2384,0.3156,1.4116,0.0000,0.0000,0.0000,1.2126,0.2907,0.6529,0.053,1461,-0.0046,-0.0999,0.3156,0,0,0.374
3.650,0,0,1,1.2333,0.0000,1.2376,0.3038,1.3141,0.0000,0.0000,0.0000,1.2124,0.2680,0.6440,0.021,1464,0.0215,-0.0892,0.3039,0,0,0.144
3.750,0,0,1,1.2333,0.0000,1.2391,0.2943,1.3668,0.0000,0.0000,0.0000,1.2130,0.2683,0.7790,0.054,1465,0.0181,-0.0903,0.2944,0,0,0.150
3.850,0,0,1,1.2333,0.0000,1.2404,0.2845,1.3524,0.0000,0.0000,0.0000,1.2137,0.2486,0.9181,0.022,1467,0.0328,-0.0840,0.2846,0,0,0.117
3.950,0,0,1,1.2333,0.0000,1.2433,0.2757,1.3379,0.0000,0.0000,0.0000,1.2146,0.2481,0.9665,0.052,1468,0.0317,-0.0839,0.2758,0,0,0.117
4.050,0,0,1,1.2333,0.0000,1.2458,0.2663,1.4044,0.0000,0.0000,0.0000,1.2190,0.2340,0.9498,0.023,1470,-0.0460,-0.0838,0.2665,0,0,0.117
4.150,0,0,1,1.2333,0.0000,1.2438,0.2573,1.5997,0.0000,0.0000,0.0000,1.2205,0.2250,1.1049,0.047,1471,-0.0454,-0.0839,0.2575,0,0,0.117
4.251,0,0,1,1.2333,0.0000,1.2393,0.2482,1.3645,0.0000,0.0000,0.0000,1.2220,0.2167,1.3351,0.081,1472,-0.0170,-0.0951,0.2483,0,0,0.175
4.350,0,0,1,1.2333,0.0000,1.2366,0.2379,1.4383,0.0000,0.0000,0.0000,1.2174,0.2090,1.1817,0.030,1474,-0.0044,-0.0999,0.2380,0,0,0.337
4.450,0,0,1,1.2333,0.0000,1.2358,0.2271,1.4188,0.0000,0.0000,0.0000,1.2137,0.1968,1.3661,0.024,1476,0.0129,-0.0999,0.2271,0,0,0.166
4.550,0,0,1,1.2333,0.0000,1.2373,0.2165,1.4271,0.0000,0.0000,0.0000,1.2480,0.1343,4.0318,0.010,1478,0.0367,-0.0999,0.2165,0,0,0.117
4.650,0,0,1,1.2333,0.0000,1.2407,0.2028,1.5213,0.0000,0.0000,0.0000,1.2133,0.1618,1.3619,0.026,1481,-0.0481,-0.0998,0.2030,0,0,0.117
4.751,0,0,1,1.2333,0.0000,1.2391,0.1912,1.4667,0.0000,0.0000,0.0000,1.2530,0.1115,4.3782,0.005,1484,-0.0475,-0.0998,0.1913,0,0,0.117
4.850,0,0,1,1.2333,0.0000,1.2351,0.1779,1.7612,0.0000,0.0000,0.0000,1.2183,0.1480,1.6860,0.024,1487,-0.0455,-0.0999,0.1779,0,0,0.117
4.950,0,0,1,1.2333,0.0000,1.2314,0.1660,1.6266,0.0000,0.0000,0.0000,1.2485,0.0931,5.0884,0.048,1489,-0.0273,-0.1000,0.1660,0,0,0.149
5.050,0,0,1,1.2333,0.0000,1.2297,0.1528,1.7652,0.0000,0.0000,0.0000,1.2087,0.1298,1.8078,0.023,1493,0.0197,-0.1084,0.1528,0,0,0.156
5.150,0,0,1,1.2333,0.0000,1.2320,0.1403,1.8592,0.0000,0.0000,0.0000,1.2076,0.1187,1.7795,0.058,1495,0.0363,-0.1159,0.1403,0,0,0.117
5.253,0,0,1,1.2333,0.0000,1.2357,0.1247,1.8718,0.0000,0.0000,0.0000,1.2084,0.0960,1.9363,0.023,1499,0.0334,-0.1155,0.1247,0,0,0.117
5.351,0,0,1,1.2333,0.0000,1.2386,0.1131,1.7930,0.0000,0.0000,0.0000,1.2498,0.0331,5.9977,0.010,1502,-0.0417,-0.1047,0.1132,0,0,0.117
5.450,0,0,1,1.2333,0.0000,1.2377,0.0999,1.8206,0.0000,0.0000,0.0000,1.2522,0.0261,5.8307,0.037,1504,0.0048,-0.0842,0.1000,0,0,0.171
5.550,0,0,1,1.2333,0.0000,1.2367,0.0895,1.7129,0.0000,0.0000,0.0000,1.2184,0.0751,1.8892,0.033,1507,-0.0168,-0.0764,0.0896,0,0,0.164
5.650,0,0,1,1.2333,0.0000,1.2350,0.0797,1.7715,0.0000,0.0000,0.0000,1.2152,0.0585,1.7147,0.018,1510,-0.0068,-0.0652,0.0798,0,0,0.188
5.753,0,0,1,1.2333,0.0000,1.2345,0.0715,1.7350,0.0000,0.0000,0.0000,1.2134,0.0470,1.7221,0.048,1512,0.0000,0.0000,0.0715,0,0,0.203
5.850,0,0,1,1.2333,0.0000,1.2338,0.0685,1.5522,0.0000,0.0000,0.0000,1.2105,0.0318,1.5442,0.023,1514,0.0000,0.0000,0.0685,0,0,0.150
5.951,0,0,1,1.2333,0.0000,1.2338,0.0663,1.5159,0.0000,0.0000,0.0000,1.2489,-0.0281,6.9267,0.010,1517,0.0000,0.0000,0.0663,0,0,0.179
6.050,0,0,1,1.2333,0.0000,1.2338,0.0625,1.5652,0.0000,0.0000,0.0000,1.2104,0.0308,1.3989,0.023,1520,0.0000,0.0000,0.0625,0,0,0.145
6.151,0,0,1,1.2333,0.0000,1.2338,0.0607,1.5609,0.0000,0.0000,0.0000,1.2487,-0.0283,6.9199,0.005,1523,0.0000,0.0000,0.0607,0,0,0.169
6.250,0,0,1,1.2333,0.0000,1.2337,0.0573,1.6117,0.0000,0.0000,0.0000,1.2104,0.0308,1.4011,0.026,1526,0.0000,0.0000,0.0573,0,0,0.163
6.350,0,0,1,1.2333,0.0000,1.2337,0.0558,1.6069,0.0000,0.0000,0.0000,1.2103,0.0309,1.4022,0.055,1528,0.0000,0.0000,0.0558,0,0,0.149
6.450,0,0,1,1.2333,0.0000,1.2334,0.0539,1.5976,0.0000,0.0000,0.0000,1.2103,0.0308,1.4015,0.024,1531,0.0000,0.0000,0.0539,0,0,0.176
6.551,0,0,1,1.2333,0.0000,1.2333,0.0524,1.5959,0.0000,0.0000,0.0000,1.2487,-0.0284,6.9199,0.052,1533,0.0000,0.0000,0.0524,0,0,0.172
6.650,0,0,1,1.2333,0.0000,1.2330,0.0508,1.5886,0.0000,0.0000,0.0000,1.2103,0.0309,1.4022,0.024,1536,0.0000,0.0000,0.0508,0,0,0.179
6.753,0,0,1,1.2333,0.0000,1.2330,0.0494,1.5860,0.0000,0.0000,0.0000,1.2487,-0.0283,6.9206,0.006,1539,0.0000,0.0000,0.0494,1,1,0.155
6.850,0,0,1,1.2333,0.0000,1.2329,0.0481,1.5824,0.0000,0.0000,0.0000,1.2103,0.0309,1.4011,0.004,1541,0.0000,0.0000,0.0481,1,1,0.146
6.950,0,0,1,1.2333,0.0000,1.2326,0.0466,1.5764,0.0000,0.0000,0.0000,1.2487,-0.0283,6.9209,0.005,1544,0.0000,0.0000,0.0466,1,1,0.163
7.050,0,0,1,1.2333,0.0000,1.2325,0.0442,1.6266,0.0000,0.0000,0.0000,1.2103,0.0308,1.4003,0.012,1547,0.0000,0.0000,0.0442,1,1,0.159
7.151,0,0,1,1.2333,0.0000,1.2325,0.0430,1.6259,0.0000,0.0000,0.0000,1.2487,-0.0284,6.9203,0.003,1550,0.0000,0.0000,0.0430,1,1,0.175
7.250,0,0,1,1.2333,0.0000,1.2325,0.0408,1.6707,0.0000,0.0000,0.0000,1.2103,0.0308,1.4002,0.023,1553,0.0000,0.0000,0.0408,1,1,0.151
7.350,0,0,1,1.2333,0.0000,1.2324,0.0397,1.6669,0.0000,0.0000,0.0000,1.2487,-0.0284,6.9198,0.004,1556,0.0000,0.0000,0.0397,1,1,0.171
7.452,0,0,1,1.2333,0.0000,1.2323,0.0377,1.7069,0.0000,0.0000,0.0000,1.2103,0.0308,1.3967,0.023,1559,0.0000,0.0000,0.0377,1,1,0.224
7.550,0,0,1,1.2333,0.0000,1.2326,0.0359,1.7612,0.0000,0.0000,0.0000,1.2487,-0.0284,6.9189,0.009,1562,0.0000,0.0000,0.0359,1,1,0.170
7.650,0,0,1,1.2333,0.0000,1.2322,0.0349,1.7520,0.0000,0.0000,0.0000,1.2487,-0.0284,6.9194,0.013,1565,0.0000,0.0000,0.0349,1,1,0.174
7.751,0,0,1,1.2333,0.0000,1.2322,0.0340,1.7478,0.0000,0.0000,0.0000,1.2487,-0.0284,6.9203,0.049,1567,0.0000,0.0000,0.0340,1,1,0.158
7.850,0,0,1,1.2333,0.0000,1.2321,0.0323,1.7917,0.0000,0.0000,0.0000,1.2103,0.0308,1.3983,0.023,1571,0.0000,0.0000,0.0323,1,1,0.166
7.950,0,0,1,1.2333,0.0000,1.2321,0.0315,1.7861,0.0000,0.0000,0.0000,1.2487,-0.0283,6.9220,0.007,1574,0.0000,0.0000,0.0315,1,1,0.175
8.050,0,0,1,1.2333,0.0000,1.2320,0.0299,1.8276,0.0000,0.0000,0.0000,1.2103,0.0309,1.4000,0.023,1577,0.0000,0.0000,0.0299,1,1,0.173
8.152,0,0,1,1.2333,0.0000,1.2319,0.0291,1.8203,0.0000,0.0000,0.0000,1.2487,-0.0284,6.9209,0.003,1580,0.0000,0.0000,0.0292,1,1,0.167
8.250,0,0,1,1.2333,0.0000,1.2321,0.0277,1.8651,0.0000,0.0000,0.0000,1.2103,0.0309,1.3996,0.003,1583,0.0000,0.0000,0.0277,1,1,0.167
8.350,0,0,1,1.2333,0.0000,1.2318,0.0270,1.8521,0.0000,0.0000,0.0000,1.2487,-0.0284,6.9217,0.009,1586,0.0000,0.0000,0.0271,1,1,0.164
8.450,0,0,1,1.2333,0.0000,1.2317,0.0257,1.8883,0.0000,0.0000,0.0000,1.2103,0.0309,1.3989,0.010,1589,0.0000,0.0000,0.0257,1,1,0.171
8.550,0,0,1,1.2333,0.0000,1.2316,0.0251,1.8790,0.0000,0.0000,0.0000,1.2487,-0.0284,6.9202,0.007,1592,0.0000,0.0000,0.0251,1,1,0.164
8.650,0,0,1,1.2333,0.0000,1.2315,0.0238,1.9150,0.0000,0.0000,0.0000,1.2102,0.0309,1.3985,0.023,1595,0.0000,0.0000,0.0239,1,1,0.169
8.750,0,0,1,1.2333,0.0000,1.2315,0.0233,1.9057,0.0000,0.0000,0.0000,1.2487,-0.0284,6.9220,0.008,1598,0.0000,0.0000,0.0233,1,1,0.168
8.850,0,0,1,1.2333,0.0000,1.2314,0.0221,1.9415,0.0000,0.0000,0.0000,1.2102,0.0309,1.3992,0.022,1601,0.0000,0.0000,0.0222,1,1,0.175
8.951,0,0,1,1.2333,0.0000,1.2314,0.0216,1.9310,0.0000,0.0000,0.0000,1.2487,-0.0284,6.9234,0.010,1604,0.0000,0.0000,0.0217,1,1,0.179
9.050,0,0,1,1.2333,0.0000,1.2313,0.0206,1.9648,0.0000,0.0000,0.0000,1.2102,0.0309,1.3983,0.023,1607,0.0000,0.0000,0.0207,1,1,0.169
9.150,0,0,1,1.2333,0.0000,1.2313,0.0201,1.9540,0.0000,0.0000,0.0000,1.2102,0.0309,1.3992,0.060,1609,0.0000,0.0000,0.0202,1,1,0.155
9.250,0,0,1,1.2333,0.0000,1.2312,0.0191,1.9878,0.0000,0.0000,0.0000,1.2487,-0.0284,6.9240,0.018,1613,0.0000,0.0000,0.0192,1,1,0.166
9.350,0,0,1,1.2333,0.0000,1.2311,0.0186,1.9770,0.0000,0.0000,0.0000,1.2487,-0.0283,6.9251,0.009,1616,0.0000,0.0000,0.0188,1,1,0.164
9.450,0,0,1,1.2333,0.0000,1.2311,0.0178,2.0087,0.0000,0.0000,0.0000,1.2102,0.0309,1.3996,0.024,1619,0.0000,0.0000,0.0179,1,1,0.214
9.550,0,0,1,1.2333,0.0000,1.2310,0.0173,1.9968,0.0000,0.0000,0.0000,1.2487,-0.0284,6.9233,0.009,1622,0.0000,0.0000,0.0175,1,1,0.172
9.651,0,0,1,1.2333,0.0000,1.2312,0.0163,2.0351,0.0000,0.0000,0.0000,1.2102,0.0309,1.4000,0.004,1625,0.0000,0.0000,0.0165,1,1,0.156
9.750,0,0,1,1.2333,0.0000,1.2309,0.0161,2.0161,0.0000,0.0000,0.0000,1.2487,-0.0284,6.9245,0.009,1628,0.0000,0.0000,0.0163,1,1,0.168
9.850,0,0,1,1.2333,0.0000,1.2308,0.0154,2.0480,0.0000,0.0000,0.0000,1.2102,0.0309,1.3996,0.027,1631,0.0000,0.0000,0.0156,1,1,0.178
9.950,0,0,1,1.2333,0.0000,1.2310,0.0145,2.0810,0.0000,0.0000,0.0000,1.2487,-0.0284,6.9249,0.009,1634,0.0000,0.0000,0.0146,1,1,0.155
10.050,0,0,1,1.2333,0.0000,1.2307,0.0143,2.0638,0.0000,0.0000,0.0000,1.2102,0.0309,1.3993,0.022,1637,0.0000,0.0000,0.0146,1,1,0.160
10.150,0,0,1,1.2333,0.0000,1.2307,0.0140,2.0525,0.0000,0.0000,0.0000,1.2487,-0.0283,6.9258,0.005,1640,0.0000,0.0000,0.0142,1,1,0.170
10.250,0,0,1,1.2333,0.0000,1.2307,0.0133,2.0807,0.0000,0.0000,0.0000,1.2102,0.0309,1.3988,0.030,1643,0.0000,0.0000,0.0136,1,1,0.164
10.350,0,0,1,1.2333,0.0000,1.2306,0.0130,2.0672,0.0000,0.0000,0.0000,1.2102,0.0309,1.3980,0.059,1645,0.0000,0.0000,0.0133,1,1,0.165
10.450,0,0,1,1.2333,0.0000,1.2306,0.0124,2.0952,0.0000,0.0000,0.0000,1.2487,-0.0284,6.9257,0.012,1649,0.0000,0.0000,0.0127,1,1,0.175
10.552,0,0,1,1.2333,0.0000,1.2305,0.0121,2.0846,0.0000,0.0000,0.0000,1.2487,-0.0284,6.9258,0.003,1652,0.0000,0.0000,0.0125,1,1,0.167
10.653,0,0,1,1.2333,0.0000,1.2305,0.0116,2.1080,0.0000,0.0000,0.0000,1.2102,0.0309,1.3967,0.027,1655,0.0000,0.0000,0.0119,1,1,0.165
10.750,0,0,1,1.2333,0.0000,1.2305,0.0113,2.0986,0.0000,0.0000,0.0000,1.2487,-0.0284,6.9257,0.007,1658,0.0000,0.0000,0.0117,1,1,0.167
10.850,0,0,1,1.2333,0.0000,1.2304,0.0108,2.1260,0.0000,0.0000,0.0000,1.2102,0.0309,1.3989,0.025,1661,0.0000,0.0000,0.0112,1,1,0.164
10.950,0,0,1,1.2333,0.0000,1.2306,0.0101,2.1563,0.0000,0.0000,0.0000,1.2487,-0.0284,6.9261,0.009,1664,0.0000,0.0000,0.0104,1,1,0.158
11.053,0,0,1,1.2333,0.0000,1.2306,0.0098,2.1445,0.0000,0.0000,0.0000,1.2102,0.0310,1.3999,0.003,1667,0.0000,0.0000,0.0102,1,1,0.173
11.150,0,0,1,1.2333,0.0000,1.2303,0.0099,2.1222,0.0000,0.0000,0.0000,1.2487,-0.0284,6.9267,0.007,1670,0.0000,0.0000,0.0103,1,1,0.179
11.250,0,0,1,1.2333,0.0000,1.2303,0.0095,2.1476,0.0000,0.0000,0.0000,1.2102,0.0309,1.3977,0.025,1673,0.0000,0.0000,0.0099,1,1,0.171
11.350,0,0,1,1.2333,0.0000,1.2302,0.0092,2.1343,0.0000,0.0000,0.0000,1.2487,-0.0284,6.9259,0.010,1676,0.0000,0.0000,0.0098,1,1,0.166
11.450,0,0,1,1.2333,0.0000,1.2302,0.0088,2.1578,0.0000,0.0000,0.0000,1.2102,0.0310,1.3983,0.024,1679,0.0000,0.0000,0.0094,1,1,0.155
11.553,0,0,1,1.2333,0.0000,1.2302,0.0087,2.1367,0.0000,0.0000,0.0000,1.2102,0.0309,1.3980,0.063,1681,0.0000,0.0000,0.0092,1,1,0.166
11.650,0,0,1,1.2333,0.0000,1.2299,0.0087,2.1219,0.0000,0.0000,0.0000,1.2102,0.0310,1.3988,0.023,1684,0.0000,0.0000,0.0094,1,1,0.167
11.753,0,0,1,1.2333,0.0000,1.2299,0.0086,2.1035,0.0000,0.0000,0.0000,1.2487,-0.0284,6.9270,0.055,1686,0.0000,0.0000,0.0092,1,1,0.157
11.850,0,0,1,1.2333,0.0000,1.2299,0.0082,2.1359,0.0000,0.0000,0.0000,1.2102,0.0310,1.3999,0.025,1690,0.0000,0.0000,0.0089,1,1,0.167
11.950,0,0,1,1.2333,0.0000,1.2299,0.0080,2.1220,0.0000,0.0000,0.0000,1.2102,0.0310,1.3996,0.057,1692,0.0000,0.0000,0.0087,1,1,0.164
12.050,0,0,1,1.2333,0.0000,1.2298,0.0077,2.1493,0.0000,0.0000,0.0000,1.2102,0.0310,1.3988,0.023,1696,0.0000,0.0000,0.0084,1,1,0.170
12.150,0,0,1,1.2333,0.0000,1.2298,0.0075,2.1346,0.0000,0.0000,0.0000,1.2487,-0.0284,6.9265,0.008,1699,0.0000,0.0000,0.0083,1,1,0.172
12.250,0,0,1,1.2333,0.0000,1.2301,0.0069,2.1689,0.0000,0.0000,0.0000,1.2487,-0.0284,6.9278,0.042,1701,0.0000,0.0000,0.0076,1,1,0.175
12.350,0,0,1,1.2333,0.0000,1.2298,0.0070,2.1454,0.0000,0.0000,0.0000,1.2487,-0.0283,6.9280,0.009,1705,0.0000,0.0000,0.0079,1,1,0.175
12.450,0,0,1,1.2333,0.0000,1.2298,0.0067,2.1722,0.0000,0.0000,0.0000,1.2102,0.0310,1.3991,0.015,1708,0.0000,0.0000,0.0076,1,1,0.169
12.551,0,0,1,1.2333,0.0000,1.2300,0.0062,2.2040,0.0000,0.0000,0.0000,1.2487,-0.0283,6.9281,0.011,1711,0.0000,0.0000,0.0070,1,1,0.176
12.650,0,0,1,1.2333,0.0000,1.2297,0.0063,2.1827,0.0000,0.0000,0.0000,1.2101,0.0310,1.4000,0.025,1714,0.0000,0.0000,0.0073,1,1,0.174
12.750,0,0,1,1.2333,0.0000,1.2297,0.0062,2.1676,0.0000,0.0000,0.0000,1.2487,-0.0284,6.9266,0.010,1717,0.0000,0.0000,0.0072,1,1,0.171
12.850,0,0,1,1.2333,0.0000,1.2297,0.0060,2.1929,0.0000,0.0000,0.0000,1.2102,0.0310,1.3987,0.025,1720,0.0000,0.0000,0.0070,1,1,0.165
12.952,0,0,1,1.2333,0.0000,1.2297,0.0058,2.1770,0.0000,0.0000,0.0000,1.2487,-0.0284,6.9283,0.010,1723,0.0000,0.0000,0.0069,1,1,0.166
13.050,0,0,1,1.2333,0.0000,1.2297,0.0056,2.2014,0.0000,0.0000,0.0000,1.2101,0.0310,1.3992,0.023,1726,0.0000,0.0000,0.0067,1,1,0.163
13.150,0,0,1,1.2333,0.0000,1.2297,0.0055,2.1856,0.0000,0.0000,0.0000,1.2101,0.0310,1.3985,0.061,1728,0.0000,0.0000,0.0066,1,1,0.176
13.250,0,0,1,1.2333,0.0000,1.2297,0.0053,2.2098,0.0000,0.0000,0.0000,1.2487,-0.0284,6.9265,0.012,1732,0.0000,0.0000,0.0064,1,1,0.164
13.353,0,0,1,1.2333,0.0000,1.2297,0.0052,2.1951,0.0000,0.0000,0.0000,1.2487,-0.0284,6.9279,0.003,1735,0.0000,0.0000,0.0064,1,1,0.162
13.450,0,0,1,1.2333,0.0000,1.2296,0.0050,2.2191,0.0000,0.0000,0.0000,1.2102,0.0310,1.3966,0.025,1738,0.0000,0.0000,0.0062,1,1,0.162
13.553,0,0,1,1.2333,0.0000,1.2299,0.0045,2.2445,0.0000,0.0000,0.0000,1.2487,-0.0284,6.9281,0.011,1741,0.0000,0.0000,0.0056,1,1,0.162
13.650,0,0,1,1.2333,0.0000,1.2299,0.0044,2.2350,0.0000,0.0000,0.0000,1.2101,0.0310,1.3999,0.005,1744,0.0000,0.0000,0.0056,1,1,0.165
13.750,0,0,1,1.2333,0.0000,1.2296,0.0046,2.2121,0.0000,0.0000,0.0000,1.2487,-0.0283,6.9295,0.010,1747,0.0000,0.0000,0.0060,1,1,0.168
13.850,0,0,1,1.2333,0.0000,1.2296,0.0045,2.2339,0.0000,0.0000,0.0000,1.2101,0.0310,1.3993,0.014,1750,0.0000,0.0000,0.0058,1,1,0.175
13.953,0,0,1,1.2333,0.0000,1.2298,0.0040,2.2591,0.0000,0.0000,0.0000,1.2487,-0.0283,6.9291,0.012,1753,0.0000,0.0000,0.0053,1,1,0.162
14.050,0,0,1,1.2333,0.0000,1.2296,0.0043,2.2412,0.0000,0.0000,0.0000,1.2101,0.0310,1.3994,0.024,1756,0.0000,0.0000,0.0057,1,1,0.169
14.150,0,0,1,1.2333,0.0000,1.2296,0.0042,2.2250,0.0000,0.0000,0.0000,1.2487,-0.0283,6.9296,0.008,1759,0.0000,0.0000,0.0056,1,1,0.171
14.250,0,0,1,1.2333,0.0000,1.2293,0.0045,2.2000,0.0000,0.0000,0.0000,1.2101,0.0310,1.3978,0.027,1761,0.0000,0.0000,0.0060,1,1,0.164
14.353,0,0,1,1.2333,0.0000,1.2296,0.0039,2.2276,0.0000,0.0000,0.0000,1.2487,-0.0284,6.9283,0.010,1764,0.0000,0.0000,0.0055,1,1,0.168
14.450,0,0,1,1.2333,0.0000,1.2293,0.0042,2.2084,0.0000,0.0000,0.0000,1.2487,-0.0283,6.9297,0.012,1767,0.0000,0.0000,0.0058,1,1,0.167
14.550,0,0,1,1.2333,0.0000,1.2293,0.0041,2.2012,0.0000,0.0000,0.0000,1.2487,-0.0284,6.9281,0.053,1769,0.0000,0.0000,0.0058,1,1,0.169
14.650,0,0,1,1.2333,0.0000,1.2293,0.0040,2.2257,0.0000,0.0000,0.0000,1.2101,0.0310,1.3982,0.025,1773,0.0000,0.0000,0.0057,1,1,0.161
14.750,0,0,1,1.2333,0.0000,1.2293,0.0039,2.2100,0.0000,0.0000,0.0000,1.2487,-0.0284,6.9281,0.010,1776,0.0000,0.0000,0.0056,1,1,0.162
14.850,0,0,1,1.2333,0.0000,1.2293,0.0038,2.2332,0.0000,0.0000,0.0000,1.2101,0.0311,1.3994,0.026,1779,0.0000,0.0000,0.0055,1,1,0.175
14.951,0,0,1,1.2333,0.0000,1.2293,0.0037,2.2172,0.0000,0.0000,0.0000,1.2487,-0.0283,6.9299,0.007,1782,0.0000,0.0000,0.0055,1,1,0.174
15.052,0,0,1,1.2333,0.0000,1.2296,0.0033,2.2474,0.0000,0.0000,0.0000,1.2101,0.0311,1.3991,0.003,1785,0.0000,0.0000,0.0050,1,1,0.159
15.150,0,0,1,1.2333,0.0000,1.2293,0.0036,2.2221,0.0000,0.0000,0.0000,1.2487,-0.0284,6.9290,0.007,1788,0.0000,0.0000,0.0054,1,1,0.166
15.250,0,0,1,1.2333,0.0000,1.2293,0.0035,2.2454,0.0000,0.0000,0.0000,1.2101,0.0310,1.3971,0.021,1791,0.0000,0.0000,0.0053,1,1,0.167
15.350,0,0,1,1.2333,0.0000,1.2296,0.0030,2.2738,0.0000,0.0000,0.0000,1.2487,-0.0284,6.9295,0.009,1794,0.0000,0.0000,0.0048,1,1,0.163
15.450,0,0,1,1.2333,0.0000,1.2293,0.0033,2.2513,0.0000,0.0000,0.0000,1.2101,0.0311,1.3992,0.025,1797,0.0000,0.0000,0.0052,1,1,0.170
15.550,0,0,1,1.2333,0.0000,1.2293,0.0033,2.2353,0.0000,0.0000,0.0000,1.2487,-0.0283,6.9309,0.010,1800,0.0000,0.0000,0.0052,1,1,0.159
15.650,0,0,1,1.2333,0.0000,1.2293,0.0032,2.2572,0.0000,0.0000,0.0000,1.2101,0.0311,1.3977,0.027,1803,0.0000,0.0000,0.0051,1,1,0.171
15.751,0,0,1,1.2333,0.0000,1.2293,0.0031,2.2401,0.0000,0.0000,0.0000,1.2487,-0.0284,6.9300,0.010,1806,0.0000,0.0000,0.0051,1,1,0.165
15.850,0,0,1,1.2333,0.0000,1.2293,0.0030,2.2637,0.0000,0.0000,0.0000,1.2101,0.0311,1.3983,0.027,1809,0.0000,0.0000,0.0050,1,1,0.155
15.954,0,0,1,1.2333,0.0000,1.2293,0.0030,2.2410,0.0000,0.0000,0.0000,1.2101,0.0311,1.3988,0.064,1811,0.0000,0.0000,0.0050,1,1,0.176
16.050,0,0,1,1.2333,0.0000,1.2293,0.0029,2.2687,0.0000,0.0000,0.0000,1.2487,-0.0284,6.9299,0.019,1815,0.0000,0.0000,0.0049,1,1,0.176
16.150,0,0,1,1.2333,0.0000,1.2293,0.0029,2.2568,0.0000,0.0000,0.0000,1.2487,-0.0284,6.9295,0.008,1818,0.0000,0.0000,0.0049,1,1,0.164
16.250,0,0,1,1.2333,0.0000,1.2293,0.0028,2.2785,0.0000,0.0000,0.0000,1.2101,0.0311,1.3994,0.027,1821,0.0000,0.0000,0.0049,1,1,0.173
16.350,0,0,1,1.2333,0.0000,1.2293,0.0028,2.2588,0.0000,0.0000,0.0000,1.2487,-0.0284,6.9305,0.006,1824,0.0000,0.0000,0.0049,1,1,0.163
16.450,0,0,1,1.2333,0.0000,1.2296,0.0023,2.2906,0.0000,0.0000,0.0000,1.2101,0.0310,1.3971,0.008,1827,0.0000,0.0000,0.0044,1,1,0.168
16.551,0,0,1,1.2333,0.0000,1.2293,0.0027,2.2651,0.0000,0.0000,0.0000,1.2488,-0.0284,6.9293,0.010,1830,0.0000,0.0000,0.0048,1,1,0.166
16.651,0,0,1,1.2333,0.0000,1.2293,0.0026,2.2864,0.0000,0.0000,0.0000,1.2101,0.0311,1.4002,0.024,1833,0.0000,0.0000,0.0048,1,1,0.174
16.752,0,0,1,1.2333,0.0000,1.2296,0.0022,2.3124,0.0000,0.0000,0.0000,1.2487,-0.0284,6.9305,0.010,1836,0.0000,0.0000,0.0043,1,1,0.165
16.852,0,0,1,1.2333,0.0000,1.2293,0.0025,2.2894,0.0000,0.0000,0.0000,1.2101,0.0311,1.3998,0.031,1839,0.0000,0.0000,0.0047,1,1,0.171
16.950,0,0,1,1.2333,0.0000,1.2293,0.0025,2.2706,0.0000,0.0000,0.0000,1.2487,-0.0284,6.9307,0.006,1842,0.0000,0.0000,0.0047,1,1,0.160
17.050,0,0,1,1.2333,0.0000,1.2293,0.0024,2.2919,0.0000,0.0000,0.0000,1.2101,0.0311,1.4005,0.024,1845,0.0000,0.0000,0.0047,1,1,0.156
17.151,0,0,1,1.2333,0.0000,1.2293,0.0024,2.2758,0.0000,0.0000,0.0000,1.2101,0.0311,1.4003,0.065,1847,0.0000,0.0000,0.0047,1,1,0.172
17.250,0,0,1,1.2333,0.0000,1.2293,0.0024,2.2952,0.0000,0.0000,0.0000,1.2487,-0.0284,6.9319,0.013,1851,0.0000,0.0000,0.0046,1,1,0.171
17.351,0,0,1,1.2333,0.0000,1.2293,0.0023,2.2788,0.0000,0.0000,0.0000,1.2487,-0.0284,6.9314,0.003,1854,0.0000,0.0000,0.0046,1,1,0.165
17.453,0,0,1,1.2333,0.0000,1.2293,0.0023,2.2930,0.0000,0.0000,0.0000,1.2101,0.0311,1.3987,0.030,1857,0.0000,0.0000,0.0046,1,1,0.173
17.550,0,0,1,1.2333,0.0000,1.2296,0.0019,2.3236,0.0000,0.0000,0.0000,1.2487,-0.0284,6.9312,0.010,1860,0.0000,0.0000,0.0042,1,1,0.159
17.650,0,0,1,1.2333,0.0000,1.2291,0.0026,2.2541,0.0000,0.0000,0.0000,1.2100,0.0312,1.4029,0.030,1862,0.0000,0.0000,0.0050,1,1,0.167
17.750,0,0,1,1.2333,0.0000,1.2294,0.0022,2.2819,0.0000,0.0000,0.0000,1.2487,-0.0284,6.9299,0.008,1865,0.0000,0.0000,0.0045,1,1,0.161
17.850,0,0,1,1.2333,0.0000,1.2294,0.0022,2.2694,0.0000,0.0000,0.0000,1.2487,-0.0284,6.9301,0.042,1867,0.0000,0.0000,0.0045,1,1,0.162
17.950,0,0,1,1.2333,0.0000,1.2294,0.0021,2.2872,0.0000,0.0000,0.0000,1.2487,-0.0284,6.9319,0.010,1871,0.0000,0.0000,0.0045,1,1,0.168
18.050,0,0,1,1.2333,0.0000,1.2291,0.0025,2.2664,0.0000,0.0000,0.0000,1.2101,0.0312,1.4016,0.023,1874,0.0000,0.0000,0.0049,1,1,0.170
18.150,0,0,1,1.2333,0.0000,1.2289,0.0028,2.2033,0.0000,0.0000,0.0000,1.2487,-0.0284,6.9324,0.010,1876,0.0000,0.0000,0.0053,1,1,0.166
18.250,0,0,1,1.2333,0.0000,1.2289,0.0028,2.2279,0.0000,0.0000,0.0000,1.2101,0.0311,1.4002,0.029,1879,0.0000,0.0000,0.0052,1,1,0.164
18.350,0,0,1,1.2333,0.0000,1.2289,0.0027,2.2119,0.0000,0.0000,0.0000,1.2487,-0.0284,6.9314,0.007,1882,0.0000,0.0000,0.0052,1,1,0.166
18.450,0,0,1,1.2333,0.0000,1.2289,0.0027,2.2342,0.0000,0.0000,0.0000,1.2101,0.0312,1.4006,0.022,1885,0.0000,0.0000,0.0052,1,1,0.168
18.550,0,0,1,1.2333,0.0000,1.2289,0.0026,2.2178,0.0000,0.0000,0.0000,1.2487,-0.0284,6.9330,0.053,1887,0.0000,0.0000,0.0051,1,1,0.172
18.650,0,0,1,1.2333,0.0000,1.2290,0.0026,2.2394,0.0000,0.0000,0.0000,1.2100,0.0312,1.4013,0.026,1891,0.0000,0.0000,0.0051,1,1,0.158
18.753,0,0,1,1.2333,0.0000,1.2290,0.0025,2.2216,0.0000,0.0000,0.0000,1.2487,-0.0284,6.9326,0.003,1894,0.0000,0.0000,0.0051,1,1,0.168
18.852,0,0,1,1.2333,0.0000,1.2290,0.0025,2.2450,0.0000,0.0000,0.0000,1.2101,0.0311,1.3978,0.030,1897,0.0000,0.0000,0.0050,1,1,0.176
18.950,0,0,1,1.2333,0.0000,1.2293,0.0020,2.2756,0.0000,0.0000,0.0000,1.2487,-0.0284,6.9330,0.009,1900,0.0000,0.0000,0.0046,1,1,0.163
19.050,0,0,1,1.2333,0.0000,1.2293,0.0020,2.2614,0.0000,0.0000,0.0000,1.2487,-0.0284,6.9323,0.046,1902,0.0000,0.0000,0.0045,1,1,0.168
19.150,0,0,1,1.2333,0.0000,1.2290,0.0024,2.2360,0.0000,0.0000,0.0000,1.2487,-0.0284,6.9328,0.007,1906,0.0000,0.0000,0.0049,1,1,0.166
19.250,0,0,1,1.2333,0.0000,1.2290,0.0023,2.2585,0.0000,0.0000,0.0000,1.2101,0.0311,1.3992,0.022,1909,0.0000,0.0000,0.0049,1,1,0.174
19.350,0,0,1,1.2333,0.0000,1.2290,0.0023,2.2410,0.0000,0.0000,0.0000,1.2487,-0.0284,6.9324,0.010,1912,0.0000,0.0000,0.0049,1,1,0.162
19.450,0,0,1,1.2333,0.0000,1.2291,0.0023,2.2649,0.0000,0.0000,0.0000,1.2101,0.0312,1.4002,0.027,1915,0.0000,0.0000,0.0048,1,1,0.154
19.551,0,0,1,1.2333,0.0000,1.2293,0.0019,2.2912,0.0000,0.0000,0.0000,1.2487,-0.0284,6.9326,0.010,1918,0.0000,0.0000,0.0044,1,1,0.166
19.650,0,0,1,1.2333,0.0000,1.2291,0.0022,2.2672,0.0000,0.0000,0.0000,1.2101,0.0311,1.3985,0.027,1921,0.0000,0.0000,0.0048,1,1,0.162
19.751,0,0,1,1.2333,0.0000,1.2293,0.0018,2.2950,0.0000,0.0000,0.0000,1.2487,-0.0284,6.9334,0.006,1924,0.0000,0.0000,0.0044,1,1,0.174
19.850,0,0,1,1.2333,0.0000,1.2291,0.0022,2.2717,0.0000,0.0000,0.0000,1.2101,0.0312,1.4003,0.029,1927,0.0000,0.0000,0.0048,1,1,0.169
19.950,0,0,1,1.2333,0.0000,1.2291,0.0021,2.2544,0.0000,0.0000,0.0000,1.2101,0.0312,1.4014,0.059,1929,0.0000,0.0000,0.0047,1,1,0.170
20.050,0,0,1,1.2333,0.0000,1.2289,0.0025,2.2289,0.0000,0.0000,0.0000,1.2487,-0.0284,6.9331,0.009,1933,0.0000,0.0000,0.0051,1,1,0.164
20.151,0,0,1,1.2333,0.0000,1.2291,0.0021,2.2592,0.0000,0.0000,0.0000,1.2487,-0.0284,6.9339,0.003,1936,0.0000,0.0000,0.0047,1,1,0.156
20.250,0,0,1,1.2333,0.0000,1.2291,0.0020,2.2809,0.0000,0.0000,0.0000,1.2101,0.0312,1.4012,0.026,1939,0.0000,0.0000,0.0047,1,1,0.160
20.350,0,0,1,1.2333,0.0000,1.2291,0.0020,2.2640,0.0000,0.0000,0.0000,1.2487,-0.0284,6.9328,0.010,1942,0.0000,0.0000,0.0047,1,1,0.169
20.450,0,0,1,1.2333,0.0000,1.2294,0.0016,2.2934,0.0000,0.0000,0.0000,1.2100,0.0312,1.4014,0.006,1945,0.0000,0.0000,0.0042,1,1,0.155
20.550,0,0,1,1.2333,0.0000,1.2292,0.0020,2.2651,0.0000,0.0000,0.0000,1.2487,-0.0283,6.9355,0.010,1948,0.0000,0.0000,0.0046,1,1,0.174
20.650,0,0,1,1.2333,0.0000,1.2292,0.0020,2.2812,0.0000,0.0000,0.0000,1.2101,0.0312,1.3990,0.008,1951,0.0000,0.0000,0.0046,1,1,0.165
20.750,0,0,1,1.2333,0.0000,1.2294,0.0016,2.3095,0.0000,0.0000,0.0000,1.2487,-0.0284,6.9332,0.010,1954,0.0000,0.0000,0.0042,1,1,0.169
20.850,0,0,1,1.2333,0.0000,1.2292,0.0019,2.2846,0.0000,0.0000,0.0000,1.2101,0.0312,1.4010,0.027,1957,0.0000,0.0000,0.0046,1,1,0.165
20.950,0,0,1,1.2333,0.0000,1.2294,0.0015,2.3121,0.0000,0.0000,0.0000,1.2487,-0.0284,6.9354,0.013,1960,0.0000,0.0000,0.0042,1,1,0.162
21.050,0,0,1,1.2333,0.0000,1.2292,0.0019,2.2863,0.0000,0.0000,0.0000,1.2101,0.0312,1.4006,0.026,1963,0.0000,0.0000,0.0046,1,1,0.165
21.150,0,0,1,1.2333,0.0000,1.2292,0.0019,2.2685,0.0000,0.0000,0.0000,1.2487,-0.0284,6.9351,0.007,1966,0.0000,0.0000,0.0046,1,1,0.160
21.250,0,0,1,1.2333,0.0000,1.2292,0.0019,2.2877,0.0000,0.0000,0.0000,1.2487,-0.0284,6.9350,0.013,1969,0.0000,0.0000,0.0045,1,1,0.168
21.350,0,0,1,1.2333,0.0000,1.2292,0.0019,2.2697,0.0000,0.0000,0.0000,1.2487,-0.0284,6.9351,0.053,1971,0.0000,0.0000,0.0045,1,1,0.164
21.452,0,0,1,1.2333,0.0000,1.2292,0.0018,2.2830,0.0000,0.0000,0.0000,1.2100,0.0312,1.4019,0.029,1975,0.0000,0.0000,0.0045,1,1,0.165
21.550,0,0,1,1.2333,0.0000,1.2295,0.0014,2.3148,0.0000,0.0000,0.0000,1.2487,-0.0284,6.9342,0.010,1978,0.0000,0.0000,0.0041,1,1,0.163
21.650,0,0,1,1.2333,0.0000,1.2292,0.0018,2.2919,0.0000,0.0000,0.0000,1.2101,0.0312,1.3995,0.025,1981,0.0000,0.0000,0.0045,1,1,0.170
21.750,0,0,1,1.2333,0.0000,1.2295,0.0014,2.3167,0.0000,0.0000,0.0000,1.2487,-0.0283,6.9376,0.009,1984,0.0000,0.0000,0.0041,1,1,0.158
21.850,0,0,1,1.2333,0.0000,1.2295,0.0014,2.3021,0.0000,0.0000,0.0000,1.2487,-0.0284,6.9346,0.044,1986,0.0000,0.0000,0.0041,1,1,0.165
21.950,0,0,1,1.2333,0.0000,1.2295,0.0014,2.3198,0.0000,0.0000,0.0000,1.2487,-0.0284,6.9349,0.008,1990,0.0000,0.0000,0.0041,1,1,0.165
22.050,0,0,1,1.2333,0.0000,1.2292,0.0018,2.2956,0.0000,0.0000,0.0000,1.2100,0.0312,1.4004,0.022,1993,0.0000,0.0000,0.0045,1,1,0.168
22.151,0,0,1,1.2333,0.0000,1.2292,0.0018,2.2784,0.0000,0.0000,0.0000,1.2487,-0.0284,6.9362,0.008,1996,0.0000,0.0000,0.0045,1,1,0.166
22.250,0,0,1,1.2333,0.0000,1.2292,0.0017,2.2989,0.0000,0.0000,0.0000,1.2100,0.0312,1.4008,0.025,1999,0.0000,0.0000,0.0045,1,1,0.166
22.351,0,0,1,1.2333,0.0000,1.2292,0.0017,2.2801,0.0000,0.0000,0.0000,1.2487,-0.0284,6.9350,0.011,2002,0.0000,0.0000,0.0045,1,1,0.169
22.450,0,0,1,1.2333,0.0000,1.2292,0.0017,2.2992,0.0000,0.0000,0.0000,1.2100,0.0312,1.4008,0.026,2005,0.0000,0.0000,0.0044,1,1,0.151
22.550,0,0,1,1.2333,0.0000,1.2295,0.0013,2.3254,0.0000,0.0000,0.0000,1.2488,-0.0285,6.9341,0.010,2008,0.0000,0.0000,0.0041,1,1,0.164
22.650,0,0,1,1.2333,0.0000,1.2293,0.0017,2.3018,0.0000,0.0000,0.0000,1.2100,0.0312,1.4008,0.029,2011,0.0000,0.0000,0.0044,1,1,0.168
22.750,0,0,1,1.2333,0.0000,1.2293,0.0017,2.2831,0.0000,0.0000,0.0000,1.2100,0.0312,1.3999,0.055,2013,0.0000,0.0000,0.0044,1,1,0.159
22.851,0,0,1,1.2333,0.0000,1.2293,0.0017,2.3042,0.0000,0.0000,0.0000,1.2488,-0.0284,6.9360,0.023,2017,0.0000,0.0000,0.0044,1,1,0.163
22.951,0,0,1,1.2333,0.0000,1.2295,0.0013,2.3305,0.0000,0.0000,0.0000,1.2488,-0.0284,6.9356,0.012,2020,0.0000,0.0000,0.0040,1,1,0.173
23.050,0,0,1,1.2333,0.0000,1.2293,0.0017,2.3044,0.0000,0.0000,0.0000,1.2100,0.0312,1.4007,0.024,2023,0.0000,0.0000,0.0044,1,1,0.158
23.150,0,0,1,1.2333,0.0000,1.2293,0.0017,2.2851,0.0000,0.0000,0.0000,1.2488,-0.0284,6.9351,0.009,2026,0.0000,0.0000,0.0044,1,1,0.164
23.250,0,0,1,1.2333,0.0000,1.2295,0.0013,2.3125,0.0000,0.0000,0.0000,1.2100,0.0312,1.4001,0.005,2029,0.0000,0.0000,0.0040,1,1,0.163
23.350,0,0,1,1.2333,0.0000,1.2293,0.0017,2.2837,0.0000,0.0000,0.0000,1.2487,-0.0284,6.9369,0.010,2032,0.0000,0.0000,0.0044,1,1,0.151
23.450,0,0,1,1.2333,0.0000,1.2293,0.0017,2.3026,0.0000,0.0000,0.0000,1.2100,0.0312,1.3992,0.024,2035,0.0000,0.0000,0.0044,1,1,0.166
23.551,0,0,1,1.2333,0.0000,1.2295,0.0013,2.3295,0.0000,0.0000,0.0000,1.2488,-0.0284,6.9358,0.012,2038,0.0000,0.0000,0.0040,1,1,0.168
23.650,0,0,1,1.2333,0.0000,1.2293,0.0016,2.3049,0.0000,0.0000,0.0000,1.2100,0.0312,1.3999,0.026,2041,0.0000,0.0000,0.0044,1,1,0.165
23.750,0,0,1,1.2333,0.0000,1.2293,0.0016,2.2851,0.0000,0.0000,0.0000,1.2488,-0.0284,6.9359,0.010,2043,0.0000,0.0000,0.0044,1,1,0.169
23.850,0,0,1,1.2333,0.0000,1.2290,0.0020,2.2614,0.0000,0.0000,0.0000,1.2100,0.0313,1.4012,0.029,2046,0.0000,0.0000,0.0047,1,1,0.170
23.952,0,1,0,1.2333,0.0000,1.2290,0.0020,2.2391,0.0000,0.0000,0.0000,1.2100,0.0313,1.4004,0.062,2048,0.0038,-0.0021,0.0047,1,1,0.168
24.053,0,1,1,0.6167,0.0000,1.2294,0.0018,2.2434,0.0000,0.0000,0.0000,1.2488,-0.0285,6.9350,0.015,2052,-0.0883,-0.0090,0.6127,1,1,0.167
24.154,0,1,1,0.6167,0.0000,1.2236,0.0008,2.1085,0.0000,0.0000,0.0000,1.2487,-0.0285,6.9337,0.059,2054,-0.0883,-0.0088,0.6069,1,1,0.167
24.250,0,1,1,0.6167,0.0000,1.2165,-0.0003,1.9983,0.0000,0.0000,0.0000,1.2082,0.0331,1.1689,0.023,2058,-0.0886,-0.0083,0.5998,1,1,0.168
24.351,0,1,1,0.6167,0.0000,1.2083,-0.0015,2.0177,0.0000,0.0000,0.0000,1.2323,-0.0352,6.8865,0.011,2061,-0.0886,-0.0081,0.5916,1,1,0.168
24.450,0,1,1,0.6167,0.0000,1.2000,-0.0027,1.9742,0.0000,0.0000,0.0000,1.1892,0.0302,1.2537,0.029,2064,-0.0876,-0.0089,0.5833,1,1,0.165
24.550,0,1,1,0.6167,0.0000,1.1914,-0.0045,1.9815,0.0000,0.0000,0.0000,1.2155,-0.0387,6.7712,0.009,2067,-0.0879,-0.0082,0.5747,1,1,0.166
24.650,0,1,1,0.6167,0.0000,1.1829,-0.0050,1.8523,0.0000,0.0000,0.0000,1.1773,0.0294,1.2405,0.079,2068,-0.0886,-0.0074,0.5663,1,1,0.168
24.750,0,1,1,0.6167,0.0000,1.1740,-0.0064,2.0073,0.0000,0.0000,0.0000,1.1952,-0.0460,6.9743,0.010,2072,-0.0879,-0.0079,0.5574,1,1,0.166
24.850,0,1,1,0.6167,0.0000,1.1657,-0.0071,1.9751,0.0000,0.0000,0.0000,1.1514,0.0192,1.2538,0.031,2075,-0.0836,-0.0120,0.5491,1,1,0.154
24.950,0,1,1,0.6167,0.0000,1.1572,-0.0093,1.9502,0.0000,0.0000,0.0000,1.1788,-0.0497,6.8778,0.011,2078,-0.0925,-0.0027,0.5406,1,1,0.179
25.050,0,1,1,0.6167,0.0000,1.1484,-0.0099,1.9976,0.0000,0.0000,0.0000,1.1331,0.0131,1.1395,0.027,2081,-0.0872,-0.0079,0.5319,1,1,0.164
25.151,0,1,1,0.6167,0.0000,1.1397,-0.0111,1.9508,0.0000,0.0000,0.0000,1.1604,-0.0572,7.0869,0.008,2084,-0.0878,-0.0069,0.5232,1,1,0.166
25.250,0,1,1,0.6167,0.0000,1.1333,-0.0093,1.9553,0.0000,0.0000,0.0000,1.1146,0.0085,1.0256,0.029,2088,-0.0896,-0.0054,0.5168,1,1,0.171
25.351,0,1,1,0.6167,0.0000,1.1269,-0.0073,1.9498,0.0000,0.0000,0.0000,1.3178,0.2436,6.5264,0.003,2092,-0.0886,-0.0069,0.5103,1,1,0.168
25.450,0,1,1,0.6167,0.0000,1.1228,-0.0033,1.9763,0.0000,0.0000,0.0000,1.1379,-0.0617,6.9871,0.013,2097,-0.0833,-0.0130,0.5061,1,1,0.153
25.552,0,1,1,0.6167,0.0000,1.1164,-0.0030,1.9025,0.0000,0.0000,0.0000,1.1574,0.1384,-9.3495,0.003,2101,-0.0929,-0.0035,0.4997,1,1,0.180
25.650,0,1,1,0.6167,0.0000,1.1079,-0.0016,1.7159,0.0000,0.0000,0.0000,1.0784,0.0004,0.8856,0.027,2106,-0.0883,-0.0083,0.4913,1,1,0.167
25.751,0,1,1,0.6167,0.0000,1.0989,-0.0026,1.5463,0.0000,0.0000,0.0000,1.1086,-0.0688,6.8019,0.012,2110,-0.0865,-0.0099,0.4823,1,1,0.162
25.852,0,1,1,0.6167,0.0000,1.0908,-0.0030,1.5610,0.0000,0.0000,0.0000,1.0580,-0.0031,0.6984,0.004,2114,-0.0876,-0.0087,0.4741,1,1,0.165
25.950,0,1,1,0.6167,0.0000,1.0813,-0.0044,1.4740,0.0000,0.0000,0.0000,1.0885,-0.0751,6.9556,0.010,2118,-0.0872,-0.0088,0.4646,1,1,0.164
26.050,0,1,1,0.6167,0.0000,1.0729,-0.0031,1.4719,0.0000,0.0000,0.0000,1.1055,0.1263,-8.2545,0.015,2123,-0.0897,-0.0066,0.4562,1,1,0.171
26.150,0,1,1,0.6167,0.0000,1.0642,-0.0035,1.3243,0.0000,0.0000,0.0000,1.0707,-0.0817,7.2926,0.010,2127,-0.0883,-0.0079,0.4476,1,1,0.167
26.250,0,1,1,0.6167,0.0000,1.0548,-0.0069,1.4671,0.0000,0.0000,0.0000,1.0845,0.1197,-7.6545,0.004,2131,-0.0889,-0.0064,0.4382,1,1,0.169
26.350,0,1,1,0.6167,0.0000,1.0463,-0.0059,1.3821,0.0000,0.0000,0.0000,1.0546,-0.0835,7.2915,0.010,2135,-0.0882,-0.0073,0.4296,1,1,0.167
26.450,0,1,1,0.6167,0.0000,1.0372,-0.0076,1.6107,0.0000,0.0000,0.0000,1.0049,-0.0192,1.2405,0.028,2139,-0.0875,-0.0076,0.4206,1,1,0.165
26.551,0,1,1,0.6167,0.0000,1.0283,-0.0083,1.4737,0.0000,0.0000,0.0000,1.0514,0.1172,-7.0904,0.003,2144,-0.0871,-0.0077,0.4117,1,1,0.164
26.650,0,1,1,0.6167,0.0000,1.0195,-0.0087,1.3697,0.0000,0.0000,0.0000,0.9825,-0.0335,1.1068,0.023,2148,-0.0875,-0.0072,0.4030,1,1,0.165
26.751,0,1,1,0.6167,0.0000,1.0106,-0.0093,1.4285,0.0000,0.0000,0.0000,1.0303,0.1160,-6.8316,0.004,2152,-0.0861,-0.0084,0.3941,1,1,0.161
26.850,0,1,1,0.6167,0.0000,1.0018,-0.0090,1.3271,0.0000,0.0000,0.0000,1.0120,-0.0991,8.0707,0.008,2157,-0.0878,-0.0067,0.3852,1,1,0.166
26.951,0,1,1,0.6167,0.0000,0.9931,-0.0112,1.5743,0.0000,0.0000,0.0000,1.0066,-0.1000,8.0256,0.047,2160,-0.0889,-0.0050,0.3766,1,1,0.169
27.050,0,1,1,0.6167,0.0000,0.9753,-0.0160,1.7308,0.0000,0.0000,0.0000,0.2201,-0.1961,28.9319,0.022,2166,-0.0866,-0.0056,0.3589,1,1,0.163
27.153,0,1,1,0.6167,0.0000,0.9583,-0.0192,1.9511,0.0000,0.0000,0.0000,0.9929,0.1118,-6.3742,0.004,2172,-0.0904,-0.0006,0.3422,1,1,0.174
27.250,0,1,1,0.6167,0.0000,0.9347,-0.0242,2.4173,0.0000,0.0000,0.0000,0.2079,-0.2034,28.8864,0.014,2178,-0.0878,-0.0011,0.3189,1,1,0.167
27.350,0,1,1,0.6167,0.0000,0.9191,-0.0277,2.5213,0.0000,0.0000,0.0000,0.9656,-0.1090,8.2422,0.010,2183,-0.0823,-0.0049,0.3037,1,1,0.152
27.450,0,1,1,0.6167,0.0000,0.9050,-0.0287,2.5952,0.0000,0.0000,0.0000,0.1755,-0.2145,29.4117,0.003,2190,-0.0854,-0.0009,0.2898,1,1,0.161
27.550,0,1,1,0.6167,0.0000,0.8830,-0.0343,2.6939,0.0000,0.0000,0.0000,0.9483,-0.1134,8.1006,0.009,2195,-0.0889,0.0058,0.2685,1,1,0.172
27.650,0,1,1,0.6167,0.0000,0.8621,-0.0369,2.9411,0.0000,0.0000,0.0000,0.1183,-0.2102,30.1318,0.014,2202,-0.0853,0.0048,0.2482,1,1,0.163
27.750,0,1,1,0.6167,0.0000,0.8557,-0.0372,2.7621,0.0000,0.0000,0.0000,0.9339,0.1037,-6.0633,0.003,2207,-0.0870,0.0070,0.2419,1,1,0.168
27.850,0,1,1,0.6167,0.0000,0.8503,-0.0350,2.4337,0.0000,0.0000,0.0000,0.8796,-0.0536,1.2523,0.023,2211,-0.0853,0.0047,0.2363,1,1,0.163
27.950,0,1,1,0.6167,0.0000,0.8437,-0.0355,2.2262,0.0000,0.0000,0.0000,0.9149,0.0999,-6.0538,0.003,2216,-0.0729,0.0079,0.2298,1,1,0.145
28.050,0,1,1,0.6167,0.0000,0.8387,-0.0335,1.9583,0.0000,0.0000,0.0000,0.9014,-0.1248,7.8346,0.013,2220,-0.0895,0.0090,0.2245,1,1,0.175
28.152,0,1,1,0.6167,0.0000,0.8315,-0.0328,1.8526,0.0000,0.0000,0.0000,0.8994,0.1010,-6.1645,0.003,2224,-0.0839,0.0035,0.2173,1,1,0.159
28.250,0,1,1,0.6167,0.0000,0.8260,-0.0321,1.8528,0.0000,0.0000,0.0000,0.8854,-0.1276,7.7524,0.022,2229,-0.0927,0.0125,0.2118,1,1,0.184
28.353,0,1,1,0.6167,0.0000,0.8185,-0.0313,1.7882,0.0000,0.0000,0.0000,0.8813,0.1053,-6.1030,0.004,2234,-0.0859,0.0059,0.2042,1,1,0.165
28.450,0,1,1,0.6167,0.0000,0.8126,-0.0307,1.6530,0.0000,0.0000,0.0000,0.8215,-0.0616,0.8094,0.027,2238,-0.0841,0.0043,0.1983,1,1,0.160
28.552,0,1,1,0.6167,0.0000,0.8052,-0.0302,1.6154,0.0000,0.0000,0.0000,0.8640,0.1063,-6.0776,0.003,2243,-0.0887,0.0092,0.1910,1,1,0.173
28.651,0,1,1,0.6167,0.0000,0.7987,-0.0291,1.3479,0.0000,0.0000,0.0000,0.8567,0.1070,-6.1513,0.034,2246,-0.0866,0.0071,0.1844,1,1,0.167
28.750,0,1,1,0.6167,0.0000,0.7913,-0.0301,1.5974,0.0000,0.0000,0.0000,0.8365,-0.1336,7.9735,0.009,2251,-0.0856,0.0076,0.1772,1,1,0.165
28.850,0,1,1,0.6167,0.0000,0.7847,-0.0282,1.3967,0.0000,0.0000,0.0000,0.8394,0.1123,-6.0723,0.012,2256,-0.0864,0.0079,0.1703,1,1,0.167
28.951,0,1,1,0.6167,0.0000,0.7772,-0.0276,1.2188,0.0000,0.0000,0.0000,0.8196,-0.1360,7.8554,0.009,2260,-0.0856,0.0075,0.1629,1,1,0.165
29.050,0,1,1,0.6167,0.0000,0.7705,-0.0271,1.3209,0.0000,0.0000,0.0000,0.7699,-0.0637,0.7639,0.026,2265,-0.0877,0.0100,0.1562,1,1,0.171
29.150,0,1,1,0.6167,0.0000,0.7626,-0.0264,1.4135,0.0000,0.0000,0.0000,0.8023,-0.1324,7.9754,0.009,2269,-0.0854,0.0084,0.1483,1,1,0.165
29.250,0,1,1,0.6167,0.0000,0.7557,-0.0258,1.4688,0.0000,0.0000,0.0000,0.7528,-0.0668,1.1177,0.023,2274,-0.0825,0.0060,0.1414,1,1,0.157
29.350,0,1,1,0.6167,0.0000,0.7479,-0.0265,1.4162,0.0000,0.0000,0.0000,0.7858,-0.1316,7.9841,0.007,2278,-0.0854,0.0107,0.1339,1,1,0.166
29.450,0,1,1,0.6167,0.0000,0.7409,-0.0247,1.3937,0.0000,0.0000,0.0000,0.7325,-0.0728,1.0186,0.025,2283,-0.0858,0.0107,0.1267,1,1,0.167
29.553,0,1,1,0.6167,0.0000,0.7328,-0.0239,1.5180,0.0000,0.0000,0.0000,0.7743,0.1251,-5.8075,0.005,2287,-0.0813,0.0109,0.1186,1,1,0.167
29.651,0,1,1,0.6167,0.0000,0.7262,-0.0233,1.4685,0.0000,0.0000,0.0000,0.7627,-0.1292,8.1085,0.023,2292,-0.0785,0.0127,0.1120,1,1,0.173
29.755,0,1,1,0.6167,0.0000,0.7190,-0.0227,1.4959,0.0000,0.0000,0.0000,0.7570,0.1291,-5.7838,0.003,2297,-0.0697,0.0090,0.1048,1,1,0.161
29.851,0,1,1,0.6167,0.0000,0.7133,-0.0222,1.5442,0.0000,0.0000,0.0000,0.6993,-0.0793,1.3893,0.028,2301,-0.0694,0.0128,0.0991,1,1,0.174
29.953,0,1,1,0.6167,0.0000,0.7069,-0.0214,1.3841,0.0000,0.0000,0.0000,0.7421,0.1336,-5.6995,0.003,2306,-0.0633,0.0109,0.0927,1,1,0.168
30.052,0,1,1,0.6167,0.0000,0.7018,-0.0201,1.4218,0.0000,0.0000,0.0000,0.6784,-0.0875,1.0605,0.006,2310,-0.0579,0.0085,0.0874,1,1,0.161
30.152,0,1,1,0.6167,0.0000,0.6960,-0.0203,1.5927,0.0000,0.0000,0.0000,0.7247,-0.1264,8.2801,0.007,2314,-0.0586,0.0137,0.0819,1,1,0.181
30.251,0,1,1,0.6167,0.0000,0.6910,-0.0195,1.4845,0.0000,0.0000,0.0000,0.7259,0.1405,-5.5763,0.017,2319,-0.0529,0.0113,0.0769,1,1,0.172
30.351,0,1,2,0.0000,0.0000,0.6850,-0.0189,1.3989,0.0000,0.0000,0.0000,0.7259,0.1405,-5.5763,0.117,2319,-0.0878,-0.0063,0.6853,1,1,0.166
30.453,0,1,2,0.0000,0.0000,0.6775,-0.0196,1.4606,0.0000,0.0000,0.0000,0.7259,0.1405,-5.5763,0.219,2319,-0.0885,-0.0054,0.6778,1,1,0.168
30.550,0,1,2,0.0000,0.0000,0.6684,-0.0204,1.3918,0.0000,0.0000,0.0000,0.7259,0.1405,-5.5763,0.316,2319,-0.0885,-0.0053,0.6687,1,1,0.168
30.654,0,1,2,0.0000,0.0000,0.6597,-0.0210,1.4281,0.0000,0.0000,0.0000,0.7259,0.1405,-5.5763,0.420,2319,-0.0878,-0.0058,0.6601,1,1,0.166
30.754,0,1,2,0.0000,0.0000,0.6510,-0.0219,1.6362,0.0000,0.0000,0.0000,0.7259,0.1405,-5.5763,0.520,2319,-0.0881,-0.0053,0.6513,1,1,0.167
30.851,0,1,2,0.0000,0.0000,0.6420,-0.0226,1.5188,0.0000,0.0000,0.0000,0.7259,0.1405,-5.5763,0.616,2319,-0.0860,-0.0073,0.6424,1,1,0.161
30.951,0,1,2,0.0000,0.0000,0.6335,-0.0235,1.6455,0.0000,0.0000,0.0000,0.7259,0.1405,-5.5763,0.716,2319,-0.0874,-0.0057,0.6339,1,1,0.165
31.053,0,1,2,0.0000,0.0000,0.6239,-0.0243,1.5739,0.0000,0.0000,0.0000,0.7259,0.1405,-5.5763,0.818,2319,-0.0892,-0.0037,0.6244,1,1,0.170
31.151,0,1,2,0.0000,0.0000,0.6160,-0.0250,1.6592,0.0000,0.0000,0.0000,0.7259,0.1405,-5.5763,0.917,2319,-0.0856,-0.0071,0.6165,1,1,0.160
31.250,0,1,2,0.0000,0.0000,0.6075,-0.0261,1.6597,0.0000,0.0000,0.0000,0.7259,0.1405,-5.5763,1.016,2319,-0.0888,-0.0037,0.6080,1,1,0.169
31.352,0,1,2,0.0000,0.0000,0.5980,-0.0269,1.7523,0.0000,0.0000,0.0000,0.7259,0.1405,-5.5763,1.118,2319,-0.0849,-0.0074,0.5986,1,1,0.158
31.450,0,1,2,0.0000,0.0000,0.5902,-0.0276,1.7189,0.0000,0.0000,0.0000,0.7259,0.1405,-5.5763,1.216,2319,-0.0873,-0.0047,0.5908,1,1,0.165
31.550,0,1,2,0.0000,0.0000,0.5813,-0.0282,1.6363,0.0000,0.0000,0.0000,0.7259,0.1405,-5.5763,1.316,2319,-0.0877,-0.0042,0.5820,1,1,0.166
31.650,0,1,2,0.0000,0.0000,0.5725,-0.0288,1.6549,0.0000,0.0000,0.0000,0.7259,0.1405,-5.5763,1.416,2319,-0.0905,-0.0012,0.5732,1,1,0.174
31.752,0,1,2,0.0000,0.0000,0.5632,-0.0293,1.6208,0.0000,0.0000,0.0000,0.7259,0.1405,-5.5763,1.517,2319,-0.0876,-0.0038,0.5640,1,1,0.166
31.851,0,1,2,0.0000,0.0000,0.5548,-0.0300,1.6834,0.0000,0.0000,0.0000,0.7259,0.1405,-5.5763,1.617,2319,-0.0844,-0.0068,0.5557,1,1,0.157
31.950,0,1,2,0.0000,0.0000,0.5463,-0.0306,1.5000,0.0000,0.0000,0.0000,0.7259,0.1405,-5.5763,1.716,2319,-0.0996,0.0086,0.5472,1,1,0.229
32.051,0,1,2,0.0000,0.0000,0.5367,-0.0306,1.6470,0.0000,0.0000,0.0000,0.7259,0.1405,-5.5763,1.817,2319,-0.0869,-0.0040,0.5376,1,1,0.164
32.150,0,1,2,0.0000,0.0000,0.5280,-0.0311,1.6624,0.0000,0.0000,0.0000,0.7259,0.1405,-5.5763,1.916,2319,-0.0858,-0.0049,0.5289,1,1,0.161
32.251,0,1,2,0.0000,0.0000,0.5192,-0.0317,1.6022,0.0000,0.0000,0.0000,0.7259,0.1405,-5.5763,2.017,2319,-0.0886,-0.0019,0.5202,1,1,0.169
32.351,0,1,2,0.0000,0.0000,0.5105,-0.0322,1.5515,0.0000,0.0000,0.0000,0.7259,0.1405,-5.5763,2.117,2319,-0.0847,-0.0056,0.5115,1,1,0.158
32.451,0,1,2,0.0000,0.0000,0.5018,-0.0329,1.4741,0.0000,0.0000,0.0000,0.7259,0.1405,-5.5763,2.216,2319,-0.0875,-0.0025,0.5028,1,1,0.166
32.550,0,1,2,0.0000,0.0000,0.4931,-0.0333,1.5293,0.0000,0.0000,0.0000,0.7259,0.1405,-5.5763,2.316,2319,-0.0882,-0.0016,0.4942,1,1,0.168
32.653,0,1,2,0.0000,0.0000,0.4842,-0.0337,1.5553,0.0000,0.0000,0.0000,0.7259,0.1405,-5.5763,2.419,2319,-0.0885,-0.0010,0.4854,1,1,0.169
32.750,0,1,2,0.0000,0.0000,0.4755,-0.0341,1.4449,0.0000,0.0000,0.0000,0.7259,0.1405,-5.5763,2.516,2319,-0.0910,0.0017,0.4768,1,1,0.176
32.851,0,1,2,0.0000,0.0000,0.4667,-0.0344,1.3394,0.0000,0.0000,0.0000,0.7259,0.1405,-5.5763,2.617,2319,-0.0896,0.0004,0.4679,1,1,0.172
32.952,0,1,2,0.0000,0.0000,0.4582,-0.0346,1.4143,0.0000,0.0000,0.0000,0.7259,0.1405,-5.5763,2.718,2319,-0.0888,-0.0001,0.4595,1,1,0.170
33.050,0,1,2,0.0000,0.0000,0.4490,-0.0349,1.4791,0.0000,0.0000,0.0000,0.7259,0.1405,-5.5763,2.816,2319,-0.0899,0.0012,0.4503,1,1,0.173
33.150,0,1,2,0.0000,0.0000,0.4401,-0.0351,1.4714,0.0000,0.0000,0.0000,0.7259,0.1405,-5.5763,2.916,2319,-0.0863,-0.0021,0.4415,1,1,0.163
33.251,0,1,2,0.0000,0.0000,0.4312,-0.0355,1.4492,0.0000,0.0000,0.0000,0.7259,0.1405,-5.5763,3.017,2319,-0.0891,0.0009,0.4327,1,1,0.171
33.353,0,1,2,0.0000,0.0000,0.4218,-0.0357,1.4273,0.0000,0.0000,0.0000,0.7259,0.1405,-5.5763,3.118,2319,-0.0852,-0.0027,0.4233,1,1,0.160
33.451,0,1,2,0.0000,0.0000,0.4138,-0.0360,1.4268,0.0000,0.0000,0.0000,0.7259,0.1405,-5.5763,3.217,2319,-0.0859,-0.0018,0.4153,1,1,0.162
33.550,0,1,2,0.0000,0.0000,0.4051,-0.0363,1.4203,0.0000,0.0000,0.0000,0.7259,0.1405,-5.5763,3.316,2319,-0.0873,-0.0001,0.4067,1,1,0.166
33.650,0,1,2,0.0000,0.0000,0.3964,-0.0365,1.4925,0.0000,0.0000,0.0000,0.7259,0.1405,-5.5763,3.416,2319,-0.0883,0.0012,0.3981,1,1,0.169
33.751,0,1,2,0.0000,0.0000,0.3876,-0.0366,1.4160,0.0000,0.0000,0.0000,0.7259,0.1405,-5.5763,3.517,2319,-0.0876,0.0007,0.3893,1,1,0.167
33.850,0,1,2,0.0000,0.0000,0.3789,-0.0368,1.4538,0.0000,0.0000,0.0000,0.7259,0.1405,-5.5763,3.616,2319,-0.0886,0.0020,0.3807,1,1,0.170
33.950,0,1,2,0.0000,0.0000,0.3701,-0.0368,1.4827,0.0000,0.0000,0.0000,0.7259,0.1405,-5.5763,3.716,2319,-0.0875,0.0012,0.3719,1,1,0.167
34.050,0,1,2,0.0000,0.0000,0.3613,-0.0369,1.4651,0.0000,0.0000,0.0000,0.7259,0.1405,-5.5763,3.816,2319,-0.0875,0.0015,0.3632,1,1,0.167
34.150,0,1,2,0.0000,0.0000,0.3525,-0.0370,1.5260,0.0000,0.0000,0.0000,0.7259,0.1405,-5.5763,3.916,2319,-0.0881,0.0025,0.3545,1,1,0.169
34.251,0,1,2,0.0000,0.0000,0.3437,-0.0370,1.3672,0.0000,0.0000,0.0000,0.7259,0.1405,-5.5763,4.017,2319,-0.0860,0.0006,0.3457,1,1,0.163
34.350,0,1,2,0.0000,0.0000,0.3350,-0.0371,1.5054,0.0000,0.0000,0.0000,0.7259,0.1405,-5.5763,4.116,2319,-0.0902,0.0051,0.3370,1,1,0.175
34.450,0,1,2,0.0000,0.0000,0.3262,-0.0370,1.4605,0.0000,0.0000,0.0000,0.7259,0.1405,-5.5763,4.216,2319,-0.0866,0.0019,0.3283,1,1,0.165
34.550,0,1,2,0.0000,0.0000,0.3175,-0.0371,1.5434,0.0000,0.0000,0.0000,0.7259,0.1405,-5.5763,4.316,2319,-0.0858,0.0015,0.3197,1,1,0.163
34.650,0,1,2,0.0000,0.0000,0.3090,-0.0371,1.4408,0.0000,0.0000,0.0000,0.7259,0.1405,-5.5763,4.416,2319,-0.0883,0.0043,0.3112,1,1,0.170
34.750,0,1,2,0.0000,0.0000,0.3002,-0.0369,1.3583,0.0000,0.0000,0.0000,0.7259,0.1405,-5.5763,4.516,2319,-0.0896,0.0060,0.3025,1,1,0.174
34.851,0,1,2,0.0000,0.0000,0.2912,-0.0366,1.5848,0.0000,0.0000,0.0000,0.7259,0.1405,-5.5763,4.617,2319,-0.0861,0.0027,0.2935,1,1,0.164
34.951,0,1,2,0.0000,0.0000,0.2823,-0.0362,1.3641,0.0000,0.0000,0.0000,0.7259,0.1405,-5.5763,4.717,2319,-0.0885,0.0055,0.2846,1,1,0.171
35.050,0,1,2,0.0000,0.0000,0.2735,-0.0359,1.4003,0.0000,0.0000,0.0000,0.7259,0.1405,-5.5763,4.816,2319,-0.0867,0.0040,0.2758,1,1,0.166
35.150,0,1,2,0.0000,0.0000,0.2648,-0.0358,1.3431,0.0000,0.0000,0.0000,0.7259,0.1405,-5.5763,4.916,2319,-0.0863,0.0040,0.2672,1,1,0.165
35.251,0,1,2,0.0000,0.0000,0.2561,-0.0355,1.3774,0.0000,0.0000,0.0000,0.7259,0.1405,-5.5763,5.017,2319,-0.0890,0.0072,0.2586,1,1,0.173
35.351,0,1,2,0.0000,0.0000,0.2474,-0.0352,1.4267,0.0000,0.0000,0.0000,0.7259,0.1405,-5.5763,5.117,2319,-0.0869,0.0054,0.2499,1,1,0.167
35.450,0,1,2,0.0000,0.0000,0.2387,-0.0348,1.4045,0.0000,0.0000,0.0000,0.7259,0.1405,-5.5763,5.216,2319,-0.0857,0.0047,0.2412,1,1,0.164
35.551,0,1,2,0.0000,0.0000,0.2299,-0.0345,1.4802,0.0000,0.0000,0.0000,0.7259,0.1405,-5.5763,5.316,2319,-0.0889,0.0082,0.2325,1,1,0.173
35.650,0,1,2,0.0000,0.0000,0.2211,-0.0340,1.5014,0.0000,0.0000,0.0000,0.7259,0.1405,-5.5763,5.416,2319,-0.0863,0.0061,0.2237,1,1,0.166
35.750,0,1,2,0.0000,0.0000,0.2125,-0.0335,1.4796,0.0000,0.0000,0.0000,0.7259,0.1405,-5.5763,5.516,2319,-0.0859,0.0062,0.2151,1,1,0.165
35.850,0,1,2,0.0000,0.0000,0.2039,-0.0331,1.4521,0.0000,0.0000,0.0000,0.7259,0.1405,-5.5763,5.616,2319,-0.0833,0.0041,0.2065,1,1,0.158
35.950,0,1,2,0.0000,0.0000,0.1954,-0.0328,1.5860,0.0000,0.0000,0.0000,0.7259,0.1405,-5.5763,5.716,2319,-0.0861,0.0075,0.1981,1,1,0.166
36.051,0,1,2,0.0000,0.0000,0.1868,-0.0323,1.5017,0.0000,0.0000,0.0000,0.7259,0.1405,-5.5763,5.817,2319,-0.0853,0.0073,0.1896,1,1,0.164
36.152,0,1,2,0.0000,0.0000,0.1783,-0.0318,1.5889,0.0000,0.0000,0.0000,0.7259,0.1405,-5.5763,5.917,2319,-0.0883,0.0110,0.1811,1,1,0.173
36.251,0,1,2,0.0000,0.0000,0.1694,-0.0310,1.4327,0.0000,0.0000,0.0000,0.7259,0.1405,-5.5763,6.017,2319,-0.0858,0.0089,0.1722,1,1,0.166
36.351,0,1,2,0.0000,0.0000,0.1607,-0.0303,1.5000,0.0000,0.0000,0.0000,0.7259,0.1405,-5.5763,6.117,2319,-0.0913,0.0151,0.1635,1,1,0.182
36.450,0,1,2,0.0000,0.0000,0.1518,-0.0293,1.5671,0.0000,0.0000,0.0000,0.7259,0.1405,-5.5763,6.216,2319,-0.0870,0.0113,0.1546,1,1,0.170
36.550,0,1,2,0.0000,0.0000,0.1432,-0.0284,1.4834,0.0000,0.0000,0.0000,0.7259,0.1405,-5.5763,6.316,2319,-0.0844,0.0093,0.1460,1,1,0.163
36.651,0,1,2,0.0000,0.0000,0.1348,-0.0277,1.4496,0.0000,0.0000,0.0000,0.7259,0.1405,-5.5763,6.417,2319,-0.0874,0.0132,0.1376,1,1,0.172
36.750,0,1,2,0.0000,0.0000,0.1262,-0.0268,1.4900,0.0000,0.0000,0.0000,0.7259,0.1405,-5.5763,6.516,2319,-0.0869,0.0134,0.1290,1,1,0.171
36.851,0,1,2,0.0000,0.0000,0.1174,-0.0257,1.3421,0.0000,0.0000,0.0000,0.7259,0.1405,-5.5763,6.617,2319,-0.0845,0.0145,0.1202,1,1,0.174
36.950,0,1,2,0.0000,0.0000,0.1089,-0.0244,1.4899,0.0000,0.0000,0.0000,0.7259,0.1405,-5.5763,6.716,2319,-0.0767,0.0123,0.1116,1,1,0.169
37.052,0,1,2,0.0000,0.0000,0.1013,-0.0233,1.4001,0.0000,0.0000,0.0000,0.7259,0.1405,-5.5763,6.817,2319,-0.0710,0.0117,0.1039,1,1,0.168
37.150,0,1,2,0.0000,0.0000,0.0942,-0.0224,1.4292,0.0000,0.0000,0.0000,0.7259,0.1405,-5.5763,6.916,2319,-0.0663,0.0117,0.0968,1,1,0.169
37.251,0,1,2,0.0000,0.0000,0.0874,-0.0213,1.3118,0.0000,0.0000,0.0000,0.7259,0.1405,-5.5763,7.017,2319,-0.0615,0.0113,0.0900,1,1,0.169
37.350,0,1,2,0.0000,0.0000,0.0813,-0.0204,1.4504,0.0000,0.0000,0.0000,0.7259,0.1405,-5.5763,7.116,2319,-0.0572,0.0109,0.0838,1,1,0.169
37.450,0,1,2,0.0000,0.0000,0.0756,-0.0195,1.4616,0.0000,0.0000,0.0000,0.7259,0.1405,-5.5763,7.216,2319,-0.0523,0.0097,0.0781,1,1,0.165
37.553,0,1,3,0.0000,0.6167,0.0703,-0.0186,1.4058,0.0000,0.0000,0.0000,0.7259,0.1405,-5.5763,7.319,2319,0.0026,0.0891,0.6391,1,1,0.170
37.650,0,1,3,0.0000,0.6167,0.0687,-0.0125,1.4192,0.0000,0.0000,0.0000,0.7259,0.1405,-5.5763,7.416,2319,0.0038,0.0880,0.6329,1,1,0.167
37.750,0,1,3,0.0000,0.6167,0.0688,-0.0038,1.3347,0.0000,0.0000,0.0000,0.7259,0.1405,-5.5763,7.516,2319,0.0005,0.0912,0.6243,1,1,0.176
37.850,0,1,3,0.0000,0.6167,0.0688,0.0051,1.2520,0.0000,0.0000,0.0000,0.7259,0.1405,-5.5763,7.616,2319,0.0035,0.0880,0.6155,1,1,0.167
37.950,0,1,3,0.0000,0.6167,0.0689,0.0138,1.3133,0.0000,0.0000,0.0000,0.7259,0.1405,-5.5763,7.716,2319,0.0033,0.0880,0.6068,1,1,0.167
38.050,0,1,3,0.0000,0.6167,0.0690,0.0226,1.3386,0.0000,0.0000,0.0000,0.7259,0.1405,-5.5763,7.816,2319,0.0067,0.0844,0.5981,1,1,0.157
38.150,0,1,3,0.0000,0.6167,0.0693,0.0313,1.3753,0.0000,0.0000,0.0000,0.7259,0.1405,-5.5763,7.916,2319,0.0018,0.0890,0.5895,1,1,0.170
38.252,0,1,3,0.0000,0.6167,0.0693,0.0403,1.4880,0.0000,0.0000,0.0000,0.7259,0.1405,-5.5763,8.018,2319,0.0002,0.0904,0.5805,1,1,0.174
38.350,0,1,3,0.0000,0.6167,0.0691,0.0489,1.4952,0.0000,0.0000,0.0000,0.7259,0.1405,-5.5763,8.116,2319,0.0029,0.0876,0.5720,1,1,0.166
38.451,0,1,3,0.0000,0.6167,0.0691,0.0578,1.4011,0.0000,0.0000,0.0000,0.7259,0.1405,-5.5763,8.217,2319,0.0034,0.0868,0.5631,1,1,0.164
38.550,0,1,3,0.0000,0.6167,0.0693,0.0665,1.3624,0.0000,0.0000,0.0000,0.7259,0.1405,-5.5763,8.316,2319,0.0043,0.0858,0.5545,1,1,0.161
38.650,0,1,3,0.0000,0.6167,0.0694,0.0752,1.4513,0.0000,0.0000,0.0000,0.7259,0.1405,-5.5763,8.416,2319,0.0019,0.0879,0.5459,1,1,0.167
38.750,0,1,3,0.0000,0.6167,0.0694,0.0839,1.4508,0.0000,0.0000,0.0000,0.7259,0.1405,-5.5763,8.516,2319,0.0024,0.0871,0.5373,1,1,0.165
38.851,0,1,3,0.0000,0.6167,0.0695,0.0925,1.3850,0.0000,0.0000,0.0000,0.7259,0.1405,-5.5763,8.616,2319,0.0033,0.0860,0.5287,1,1,0.162
38.950,0,1,3,0.0000,0.6167,0.0696,0.1011,1.4180,0.0000,0.0000,0.0000,0.7259,0.1405,-5.5763,8.716,2319,-0.0009,0.0899,0.5203,1,1,0.173
39.050,0,1,3,0.0000,0.6167,0.0697,0.1098,1.4136,0.0000,0.0000,0.0000,0.7259,0.1405,-5.5763,8.816,2319,0.0060,0.0828,0.5116,1,1,0.153
39.151,0,1,3,0.0000,0.6167,0.0699,0.1183,1.6676,0.0000,0.0000,0.0000,0.7259,0.1405,-5.5763,8.916,2319,0.0018,0.0867,0.5033,1,1,0.164
39.252,0,1,3,0.0000,0.6167,0.0697,0.1271,1.5149,0.0000,0.0000,0.0000,0.7259,0.1405,-5.5763,9.017,2319,-0.0019,0.0902,0.4945,1,1,0.174
39.351,0,1,3,0.0000,0.6167,0.0693,0.1360,1.3559,0.0000,0.0000,0.0000,0.7259,0.1405,-5.5763,9.117,2319,-0.0021,0.0902,0.4856,1,1,0.174
39.451,0,1,3,0.0000,0.6167,0.0689,0.1450,1.4843,0.0000,0.0000,0.0000,0.7259,0.1405,-5.5763,9.217,2319,-0.0005,0.0884,0.4767,1,1,0.169
39.551,0,1,3,0.0000,0.6167,0.0688,0.1537,1.4766,0.0000,0.0000,0.0000,0.7259,0.1405,-5.5763,9.317,2319,0.0003,0.0873,0.4681,1,1,0.166
39.650,0,1,3,0.0000,0.6167,0.0686,0.1624,1.4093,0.0000,0.0000,0.0000,0.7259,0.1405,-5.5763,9.416,2319,-0.0042,0.0915,0.4594,1,1,0.178
39.750,0,1,3,0.0000,0.6167,0.0680,0.1717,1.3439,0.0000,0.0000,0.0000,0.7259,0.1405,-5.5763,9.516,2319,-0.0008,0.0879,0.4502,1,1,0.168
39.854,0,1,3,0.0000,0.6167,0.0676,0.1803,1.5049,0.0000,0.0000,0.0000,0.7259,0.1405,-5.5763,9.620,2319,-0.0031,0.0900,0.4415,1,1,0.174
39.952,0,1,3,0.0000,0.6167,0.0671,0.1902,1.4798,0.0000,0.0000,0.0000,0.7259,0.1405,-5.5763,9.718,2319,-0.0016,0.0883,0.4317,1,1,0.169
40.051,0,1,3,0.0000,0.6167,0.0668,0.1979,1.3781,0.0000,0.0000,0.0000,0.7259,0.1405,-5.5763,9.817,2319,0.0003,0.0861,0.4241,1,1,0.163
40.151,0,1,3,0.0000,0.6167,0.0666,0.2066,1.3929,0.0000,0.0000,0.0000,0.7259,0.1405,-5.5763,9.917,2319,-0.0053,0.0914,0.4154,1,1,0.178
40.254,0,1,3,0.0000,0.6167,0.0661,0.2156,1.5417,0.0000,0.0000,0.0000,0.7259,0.1405,-5.5763,10.020,2319,-0.0055,0.0913,0.4065,1,1,0.178
40.351,0,1,3,0.0000,0.6167,0.0655,0.2246,1.4747,0.0000,0.0000,0.0000,0.7259,0.1405,-5.5763,10.117,2319,-0.0036,0.0892,0.3975,1,1,0.172
40.450,0,1,3,0.0000,0.6167,0.0650,0.2333,1.3777,0.0000,0.0000,0.0000,0.7259,0.1405,-5.5763,10.216,2319,-0.0028,0.0881,0.3888,1,1,0.169
40.551,0,1,3,0.0000,0.6167,0.0646,0.2422,1.3666,0.0000,0.0000,0.0000,0.7259,0.1405,-5.5763,10.317,2319,-0.0020,0.0870,0.3800,1,1,0.166
40.651,0,1,3,0.0000,0.6167,0.0641,0.2508,1.4473,0.0000,0.0000,0.0000,0.7259,0.1405,-5.5763,10.417,2319,0.0002,0.0845,0.3714,1,1,0.159
40.750,0,1,3,0.0000,0.6167,0.0638,0.2595,1.3753,0.0000,0.0000,0.0000,0.7259,0.1405,-5.5763,10.516,2319,-0.0047,0.0890,0.3628,1,1,0.172
40.851,0,1,3,0.0000,0.6167,0.0631,0.2682,1.3655,0.0000,0.0000,0.0000,0.7259,0.1405,-5.5763,10.617,2319,-0.0046,0.0886,0.3541,1,1,0.171
40.951,0,1,3,0.0000,0.6167,0.0625,0.2772,1.3151,0.0000,0.0000,0.0000,0.7259,0.1405,-5.5763,10.717,2319,-0.0042,0.0879,0.3452,1,1,0.169
41.050,0,1,3,0.0000,0.6167,0.0619,0.2858,1.3572,0.0000,0.0000,0.0000,0.7259,0.1405,-5.5763,10.816,2319,-0.0045,0.0878,0.3366,1,1,0.169
41.150,0,1,3,0.0000,0.6167,0.0613,0.2945,1.4144,0.0000,0.0000,0.0000,0.7259,0.1405,-5.5763,10.916,2319,-0.0023,0.0853,0.3279,1,1,0.162
41.250,0,1,3,0.0000,0.6167,0.0606,0.3035,1.4072,0.0000,0.0000,0.0000,0.7259,0.1405,-5.5763,11.016,2319,-0.0044,0.0870,0.3190,1,1,0.167
41.351,0,1,3,0.0000,0.6167,0.0599,0.3120,1.4104,0.0000,0.0000,0.0000,0.7259,0.1405,-5.5763,11.117,2319,0.0006,0.0817,0.3105,1,1,0.152
41.451,0,1,3,0.0000,0.6167,0.0595,0.3205,1.2455,0.0000,0.0000,0.0000,0.7259,0.1405,-5.5763,11.217,2319,-0.0068,0.0887,0.3021,1,1,0.172
41.550,0,1,3,0.0000,0.6167,0.0587,0.3293,1.2854,0.0000,0.0000,0.0000,0.7259,0.1405,-5.5763,11.316,2319,-0.0086,0.0900,0.2933,1,1,0.176
41.650,0,1,3,0.0000,0.6167,0.0579,0.3377,1.2361,0.0000,0.0000,0.0000,0.7259,0.1405,-5.5763,11.416,2319,-0.0099,0.0911,0.2849,1,1,0.179
41.750,0,1,3,0.0000,0.6167,0.0568,0.3470,1.3276,0.0000,0.0000,0.0000,0.7259,0.1405,-5.5763,11.516,2319,-0.0063,0.0871,0.2756,1,1,0.168
41.850,0,1,3,0.0000,0.6167,0.0559,0.3557,1.2361,0.0000,0.0000,0.0000,0.7259,0.1405,-5.5763,11.616,2319,-0.0081,0.0885,0.2669,1,1,0.172
41.951,0,1,3,0.0000,0.6167,0.0549,0.3646,1.4867,0.0000,0.0000,0.0000,0.7259,0.1405,-5.5763,11.717,2319,-0.0070,0.0870,0.2580,1,1,0.168
42.051,0,1,3,0.0000,0.6167,0.0539,0.3732,1.4286,0.0000,0.0000,0.0000,0.7259,0.1405,-5.5763,11.817,2319,-0.0077,0.0873,0.2493,1,1,0.169
42.152,0,1,3,0.0000,0.6167,0.0529,0.3821,1.4315,0.0000,0.0000,0.0000,0.7259,0.1405,-5.5763,11.917,2319,-0.0123,0.0915,0.2405,1,1,0.181
42.251,0,1,3,0.0000,0.6167,0.0517,0.3913,1.3724,0.0000,0.0000,0.0000,0.7259,0.1405,-5.5763,12.017,2319,-0.0088,0.0875,0.2312,1,1,0.170
42.351,0,1,3,0.0000,0.6167,0.0506,0.4000,1.4280,0.0000,0.0000,0.0000,0.7259,0.1405,-5.5763,12.117,2319,-0.0067,0.0849,0.2225,1,1,0.163
42.453,0,1,3,0.0000,0.6167,0.0497,0.4085,1.2827,0.0000,0.0000,0.0000,0.7259,0.1405,-5.5763,12.219,2319,-0.0114,0.0891,0.2140,1,1,0.175
42.552,0,1,3,0.0000,0.6167,0.0485,0.4176,1.1915,0.0000,0.0000,0.0000,0.7259,0.1405,-5.5763,12.318,2319,-0.0126,0.0897,0.2049,1,1,0.177
42.651,0,1,3,0.0000,0.6167,0.0473,0.4256,1.3137,0.0000,0.0000,0.0000,0.7259,0.1405,-5.5763,12.417,2319,-0.0108,0.0875,0.1969,1,1,0.171
42.750,0,1,3,0.0000,0.6167,0.0460,0.4344,1.2482,0.0000,0.0000,0.0000,0.7259,0.1405,-5.5763,12.516,2319,-0.0113,0.0874,0.1880,1,1,0.171
42.850,0,1,3,0.0000,0.6167,0.0448,0.4429,1.3475,0.0000,0.0000,0.0000,0.7259,0.1405,-5.5763,12.616,2319,-0.0107,0.0862,0.1794,1,1,0.168
42.952,0,1,3,0.0000,0.6167,0.0435,0.4515,1.3755,0.0000,0.0000,0.0000,0.7259,0.1405,-5.5763,12.717,2319,-0.0130,0.0879,0.1708,1,1,0.173
43.052,0,1,3,0.0000,0.6167,0.0421,0.4602,1.2385,0.0000,0.0000,0.0000,0.7259,0.1405,-5.5763,12.818,2319,-0.0128,0.0871,0.1621,1,1,0.171
43.152,0,1,3,0.0000,0.6167,0.0406,0.4690,1.2906,0.0000,0.0000,0.0000,0.7259,0.1405,-5.5763,12.918,2319,-0.0141,0.0876,0.1532,1,1,0.173
43.252,0,1,3,0.0000,0.6167,0.0392,0.4774,1.3342,0.0000,0.0000,0.0000,0.7259,0.1405,-5.5763,13.018,2319,-0.0139,0.0868,0.1446,1,1,0.171
43.351,0,1,3,0.0000,0.6167,0.0377,0.4859,1.5340,0.0000,0.0000,0.0000,0.7259,0.1405,-5.5763,13.117,2319,-0.0142,0.0863,0.1361,1,1,0.170
43.450,0,1,3,0.0000,0.6167,0.0362,0.4946,1.2349,0.0000,0.0000,0.0000,0.7259,0.1405,-5.5763,13.216,2319,-0.0149,0.0861,0.1273,1,1,0.170
43.550,0,1,3,0.0000,0.6167,0.0345,0.5031,1.3236,0.0000,0.0000,0.0000,0.7259,0.1405,-5.5763,13.316,2319,-0.0148,0.0816,0.1187,1,1,0.170
43.652,0,1,3,0.0000,0.6167,0.0329,0.5111,1.2665,0.0000,0.0000,0.0000,0.7259,0.1405,-5.5763,13.418,2319,-0.0190,0.0805,0.1105,1,1,0.185
43.751,0,1,3,0.0000,0.6167,0.0311,0.5188,1.2749,0.0000,0.0000,0.0000,0.7259,0.1405,-5.5763,13.516,2319,-0.0161,0.0726,0.1027,1,1,0.178
43.850,0,1,3,0.0000,0.6167,0.0294,0.5261,1.2578,0.0000,0.0000,0.0000,0.7259,0.1405,-5.5763,13.616,2319,-0.0146,0.0664,0.0952,1,1,0.175
43.951,0,1,3,0.0000,0.6167,0.0279,0.5324,1.5059,0.0000,0.0000,0.0000,0.7259,0.1405,-5.5763,13.717,2319,-0.0092,0.0570,0.0888,1,1,0.156
44.051,0,1,3,0.0000,0.6167,0.0268,0.5381,1.3829,0.0000,0.0000,0.0000,0.7259,0.1405,-5.5763,13.817,2319,-0.0111,0.0550,0.0830,1,1,0.164
44.150,0,1,3,0.0000,0.6167,0.0254,0.5437,1.4272,0.0000,0.0000,0.0000,0.7259,0.1405,-5.5763,13.916,2319,-0.0103,0.0507,0.0773,1,1,0.162
44.250,0,1,4,-0.6167,0.6167,0.0231,0.5478,1.4003,0.0000,0.0000,0.0000,0.7259,0.1405,-5.5763,14.016,2319,-0.0895,0.0041,0.6434,1,1,0.173
44.350,0,1,4,-0.6167,0.6167,0.0144,0.5480,1.5034,0.0000,0.0000,0.0000,0.7259,0.1405,-5.5763,14.116,2319,-0.0849,-0.0003,0.6348,1,1,0.160
44.452,0,1,4,-0.6167,0.6167,0.0059,0.5479,1.4469,0.0000,0.0000,0.0000,0.7259,0.1405,-5.5763,14.217,2319,-0.0884,0.0034,0.6263,1,1,0.170
44.551,0,1,4,-0.6167,0.6167,-0.0030,0.5481,1.4739,0.0000,0.0000,0.0000,0.7259,0.1405,-5.5763,14.317,2319,-0.0863,0.0014,0.6175,1,1,0.164
44.652,0,1,4,-0.6167,0.6167,-0.0116,0.5481,1.6703,0.0000,0.0000,0.0000,0.7259,0.1405,-5.5763,14.417,2319,-0.0855,0.0008,0.6090,1,1,0.162
44.752,0,1,4,-0.6167,0.6167,-0.0202,0.5480,1.5805,0.0000,0.0000,0.0000,0.7259,0.1405,-5.5763,14.518,2319,-0.0873,0.0027,0.6004,1,1,0.167
44.851,0,1,4,-0.6167,0.6167,-0.0290,0.5482,1.4584,0.0000,0.0000,0.0000,0.7259,0.1405,-5.5763,14.616,2319,-0.0873,0.0029,0.5917,1,1,0.167
44.951,0,1,4,-0.6167,0.6167,-0.0378,0.5483,1.5308,0.0000,0.0000,0.0000,0.7259,0.1405,-5.5763,14.717,2319,-0.0851,0.0009,0.5829,1,1,0.161
45.050,0,1,4,-0.6167,0.6167,-0.0465,0.5483,1.5977,0.0000,0.0000,0.0000,0.7259,0.1405,-5.5763,14.816,2319,-0.0900,0.0060,0.5743,1,1,0.175
45.150,0,1,4,-0.6167,0.6167,-0.0554,0.5486,1.5712,0.0000,0.0000,0.0000,0.7259,0.1405,-5.5763,14.916,2319,-0.0865,0.0026,0.5654,1,1,0.165
45.252,0,1,4,-0.6167,0.6167,-0.0642,0.5489,1.5300,0.0000,0.0000,0.0000,0.7259,0.1405,-5.5763,15.018,2319,-0.0847,0.0010,0.5566,1,1,0.160
45.351,0,1,4,-0.6167,0.6167,-0.0728,0.5489,1.4770,0.0000,0.0000,0.0000,0.7259,0.1405,-5.5763,15.117,2319,-0.0886,0.0051,0.5481,1,1,0.171
45.450,0,1,4,-0.6167,0.6167,-0.0817,0.5491,1.5064,0.0000,0.0000,0.0000,0.7259,0.1405,-5.5763,15.216,2319,-0.0878,0.0046,0.5393,1,1,0.169
45.551,0,1,4,-0.6167,0.6167,-0.0905,0.5494,1.4977,0.0000,0.0000,0.0000,0.7259,0.1405,-5.5763,15.316,2319,-0.0899,0.0068,0.5304,1,1,0.175
45.650,0,1,4,-0.6167,0.6167,-0.0994,0.5497,1.4042,0.0000,0.0000,0.0000,0.7259,0.1405,-5.5763,15.416,2319,-0.0885,0.0056,0.5216,1,1,0.171
45.750,0,1,4,-0.6167,0.6167,-0.1082,0.5500,1.3616,0.0000,0.0000,0.0000,0.7259,0.1405,-5.5763,15.516,2319,-0.0856,0.0029,0.5128,1,1,0.163
45.850,0,1,4,-0.6167,0.6167,-0.1168,0.5502,1.4557,0.0000,0.0000,0.0000,0.7259,0.1405,-5.5763,15.616,2319,-0.0881,0.0056,0.5043,1,1,0.170
45.951,0,1,4,-0.6167,0.6167,-0.1257,0.5505,1.4344,0.0000,0.0000,0.0000,0.7259,0.1405,-5.5763,15.716,2319,-0.0895,0.0071,0.4954,1,1,0.174
46.050,0,1,4,-0.6167,0.6167,-0.1345,0.5508,1.4607,0.0000,0.0000,0.0000,0.7259,0.1405,-5.5763,15.816,2319,-0.0866,0.0045,0.4866,1,1,0.166
46.151,0,1,4,-0.6167,0.6167,-0.1432,0.5510,1.3654,0.0000,0.0000,0.0000,0.7259,0.1405,-5.5763,15.917,2319,-0.0883,0.0064,0.4780,1,1,0.171
46.251,0,1,4,-0.6167,0.6167,-0.1518,0.5513,1.3568,0.0000,0.0000,0.0000,0.7259,0.1405,-5.5763,16.016,2319,-0.0880,0.0063,0.4694,1,1,0.170
46.351,0,1,4,-0.6167,0.6167,-0.1607,0.5517,1.4760,0.0000,0.0000,0.0000,0.7259,0.1405,-5.5763,16.117,2319,-0.0833,0.0019,0.4606,1,1,0.157
46.450,0,1,4,-0.6167,0.6167,-0.1692,0.5519,1.3803,0.0000,0.0000,0.0000,0.7259,0.1405,-5.5763,16.216,2319,-0.0893,0.0081,0.4521,1,1,0.174
46.550,0,1,4,-0.6167,0.6167,-0.1780,0.5523,1.3891,0.0000,0.0000,0.0000,0.7259,0.1405,-5.5763,16.316,2319,-0.0875,0.0065,0.4434,1,1,0.169
46.651,0,1,4,-0.6167,0.6167,-0.1866,0.5526,1.4692,0.0000,0.0000,0.0000,0.7259,0.1405,-5.5763,16.416,2319,-0.0882,0.0074,0.4348,1,1,0.171
46.750,0,1,4,-0.6167,0.6167,-0.1954,0.5531,1.4430,0.0000,0.0000,0.0000,0.7259,0.1405,-5.5763,16.516,2319,-0.0881,0.0076,0.4260,1,1,0.171
46.850,0,1,4,-0.6167,0.6167,-0.2043,0.5537,1.3895,0.0000,0.0000,0.0000,0.7259,0.1405,-5.5763,16.616,2319,-0.0860,0.0057,0.4172,1,1,0.165
46.950,0,1,4,-0.6167,0.6167,-0.2129,0.5541,1.3639,0.0000,0.0000,0.0000,0.7259,0.1405,-5.5763,16.716,2319,-0.0877,0.0077,0.4085,1,1,0.170
47.052,0,1,4,-0.6167,0.6167,-0.2218,0.5546,1.4931,0.0000,0.0000,0.0000,0.7259,0.1405,-5.5763,16.818,2319,-0.0866,0.0068,0.3997,1,1,0.167
47.150,0,1,4,-0.6167,0.6167,-0.2304,0.5550,1.4045,0.0000,0.0000,0.0000,0.7259,0.1405,-5.5763,16.916,2319,-0.0887,0.0092,0.3912,1,1,0.173
47.252,0,1,4,-0.6167,0.6167,-0.2392,0.5556,1.3981,0.0000,0.0000,0.0000,0.7259,0.1405,-5.5763,17.018,2319,-0.0865,0.0073,0.3824,1,1,0.167
47.350,0,1,4,-0.6167,0.6167,-0.2478,0.5561,1.3854,0.0000,0.0000,0.0000,0.7259,0.1405,-5.5763,17.116,2319,-0.0858,0.0068,0.3738,1,1,0.165
47.451,0,1,4,-0.6167,0.6167,-0.2563,0.5566,1.4366,0.0000,0.0000,0.0000,0.7259,0.1405,-5.5763,17.217,2319,-0.0882,0.0095,0.3653,1,1,0.172
47.550,0,1,4,-0.6167,0.6167,-0.2650,0.5572,1.5292,0.0000,0.0000,0.0000,0.7259,0.1405,-5.5763,17.316,2319,-0.0878,0.0094,0.3566,1,1,0.171
47.651,0,1,4,-0.6167,0.6167,-0.2737,0.5578,1.5460,0.0000,0.0000,0.0000,0.7259,0.1405,-5.5763,17.416,2319,-0.0895,0.0114,0.3480,1,1,0.176
47.750,0,1,4,-0.6167,0.6167,-0.2826,0.5586,1.3494,0.0000,0.0000,0.0000,0.7259,0.1405,-5.5763,17.516,2319,-0.0895,0.0116,0.3391,1,1,0.176
47.851,0,1,4,-0.6167,0.6167,-0.2913,0.5593,1.5125,0.0000,0.0000,0.0000,0.7259,0.1405,-5.5763,17.617,2319,-0.0859,0.0083,0.3304,1,1,0.166
47.951,0,1,4,-0.6167,0.6167,-0.2999,0.5599,1.4478,0.0000,0.0000,0.0000,0.7259,0.1405,-5.5763,17.717,2319,-0.0897,0.0125,0.3218,1,1,0.177
48.050,0,1,4,-0.6167,0.6167,-0.3088,0.5607,1.6810,0.0000,0.0000,0.0000,0.7259,0.1405,-5.5763,17.816,2319,-0.0876,0.0106,0.3129,1,1,0.171
48.150,0,1,4,-0.6167,0.6167,-0.3175,0.5616,1.3851,0.0000,0.0000,0.0000,0.7259,0.1405,-5.5763,17.916,2319,-0.0829,0.0062,0.3042,1,1,0.158
48.253,0,1,4,-0.6167,0.6167,-0.3263,0.5623,1.4907,0.0000,0.0000,0.0000,0.7259,0.1405,-5.5763,18.019,2319,-0.0867,0.0104,0.2955,1,1,0.169
48.351,0,1,4,-0.6167,0.6167,-0.3352,0.5631,1.4477,0.0000,0.0000,0.0000,0.7259,0.1405,-5.5763,18.116,2319,-0.0838,0.0078,0.2865,1,1,0.161
48.450,0,1,4,-0.6167,0.6167,-0.3434,0.5639,1.4424,0.0000,0.0000,0.0000,0.7259,0.1405,-5.5763,18.216,2319,-0.0820,0.0064,0.2783,1,1,0.156
48.550,0,1,4,-0.6167,0.6167,-0.3518,0.5644,1.6090,0.0000,0.0000,0.0000,0.7259,0.1405,-5.5763,18.316,2319,-0.0883,0.0131,0.2699,1,1,0.174
48.653,0,1,4,-0.6167,0.6167,-0.3605,0.5654,1.3480,0.0000,0.0000,0.0000,0.7259,0.1405,-5.5763,18.419,2319,-0.0865,0.0116,0.2612,1,1,0.169
48.750,0,1,4,-0.6167,0.6167,-0.3692,0.5662,1.3944,0.0000,0.0000,0.0000,0.7259,0.1405,-5.5763,18.516,2319,-0.0853,0.0109,0.2526,1,1,0.166
48.850,0,1,4,-0.6167,0.6167,-0.3777,0.5672,1.4071,0.0000,0.0000,0.0000,0.7259,0.1405,-5.5763,18.616,2319,-0.0881,0.0140,0.2440,1,1,0.174
48.950,0,1,4,-0.6167,0.6167,-0.3865,0.5683,1.3777,0.0000,0.0000,0.0000,0.7259,0.1405,-5.5763,18.716,2319,-0.0841,0.0104,0.2352,1,1,0.163
49.051,0,1,4,-0.6167,0.6167,-0.3951,0.5692,1.5050,0.0000,0.0000,0.0000,0.7259,0.1405,-5.5763,18.817,2319,-0.0869,0.0136,0.2266,1,1,0.171
49.150,0,1,4,-0.6167,0.6167,-0.4037,0.5703,1.4891,0.0000,0.0000,0.0000,0.7259,0.1405,-5.5763,18.916,2319,-0.0832,0.0104,0.2179,1,1,0.161
49.251,0,1,4,-0.6167,0.6167,-0.4124,0.5713,1.3265,0.0000,0.0000,0.0000,0.7259,0.1405,-5.5763,19.017,2319,-0.0846,0.0122,0.2093,1,1,0.165
49.353,0,1,4,-0.6167,0.6167,-0.4212,0.5725,1.4112,0.0000,0.0000,0.0000,0.7259,0.1405,-5.5763,19.119,2319,-0.0855,0.0136,0.2004,1,1,0.168
49.450,0,1,4,-0.6167,0.6167,-0.4297,0.5737,1.4651,0.0000,0.0000,0.0000,0.7259,0.1405,-5.5763,19.216,2319,-0.0851,0.0136,0.1919,1,1,0.167
49.551,0,1,4,-0.6167,0.6167,-0.4383,0.5750,1.5310,0.0000,0.0000,0.0000,0.7259,0.1405,-5.5763,19.317,2319,-0.0860,0.0151,0.1832,1,1,0.170
49.650,0,1,4,-0.6167,0.6167,-0.4469,0.5763,1.5426,0.0000,0.0000,0.0000,0.7259,0.1405,-5.5763,19.416,2319,-0.0817,0.0112,0.1745,1,1,0.158
49.750,0,1,4,-0.6167,0.6167,-0.4554,0.5774,1.3995,0.0000,0.0000,0.0000,0.7259,0.1405,-5.5763,19.516,2319,-0.0837,0.0138,0.1660,1,1,0.164
49.851,0,1,4,-0.6167,0.6167,-0.4639,0.5787,1.5255,0.0000,0.0000,0.0000,0.7259,0.1405,-5.5763,19.617,2319,-0.0846,0.0154,0.1575,1,1,0.167
49.950,0,1,4,-0.6167,0.6167,-0.4724,0.5801,1.3815,0.0000,0.0000,0.0000,0.7259,0.1405,-5.5763,19.716,2319,-0.0827,0.0140,0.1488,1,1,0.162
50.051,0,1,4,-0.6167,0.6167,-0.4808,0.5814,1.4303,0.0000,0.0000,0.0000,0.7259,0.1405,-5.5763,19.817,2319,-0.0879,0.0199,0.1403,1,1,0.177
50.150,0,1,4,-0.6167,0.6167,-0.4896,0.5831,1.4674,0.0000,0.0000,0.0000,0.7259,0.1405,-5.5763,19.916,2319,-0.0877,0.0203,0.1314,1,1,0.177
50.251,0,1,4,-0.6167,0.6167,-0.4983,0.5848,1.3293,0.0000,0.0000,0.0000,0.7259,0.1405,-5.5763,20.017,2319,-0.0817,0.0162,0.1225,1,1,0.165
50.350,0,1,4,-0.6167,0.6167,-0.5067,0.5864,1.3894,0.0000,0.0000,0.0000,0.7259,0.1405,-5.5763,20.116,2319,-0.0717,0.0114,0.1141,1,1,0.152
50.450,0,1,4,-0.6167,0.6167,-0.5145,0.5880,1.3159,0.0000,0.0000,0.0000,0.7259,0.1405,-5.5763,20.216,2319,-0.0810,0.0254,0.1061,1,1,0.226
50.551,0,1,4,-0.6167,0.6167,-0.5227,0.5903,1.4888,0.0000,0.0000,0.0000,0.7259,0.1405,-5.5763,20.317,2319,-0.0836,0.0196,0.0976,1,1,0.175
50.651,0,1,4,-0.6167,0.6167,-0.5306,0.5922,1.4132,0.0000,0.0000,0.0000,0.7259,0.1405,-5.5763,20.417,2319,-0.0825,0.0157,0.0895,1,1,0.157
50.751,0,1,4,-0.6167,0.6167,-0.5383,0.5939,1.3908,0.0000,0.0000,0.0000,0.7259,0.1405,-5.5763,20.517,2319,-0.0517,0.0097,0.0816,1,1,0.155
50.851,0,1,4,-0.6167,0.6167,-0.5438,0.5948,1.3755,0.0000,0.0000,0.0000,0.7259,0.1405,-5.5763,20.617,2319,-0.0414,0.0029,0.0760,1,1,0.124
50.950,0,1,5,-0.6167,0.0000,-0.5470,0.5940,1.4516,0.0000,0.0000,0.0000,0.7259,0.1405,-5.5763,20.716,2319,0.0147,-0.1283,0.5981,1,1,0.117
51.050,0,1,5,-0.6167,0.0000,-0.5455,0.5825,1.1005,0.0000,0.0000,0.0000,0.7259,0.1405,-5.5763,20.816,2319,0.0142,-0.1282,0.5868,1,1,0.117
51.151,0,1,5,-0.6167,0.0000,-0.5439,0.5699,1.3061,0.0000,0.0000,0.0000,0.7259,0.1405,-5.5763,20.917,2319,0.0137,-0.1281,0.5745,1,1,0.117
51.251,0,1,5,-0.6167,0.0000,-0.5423,0.5573,1.2503,0.0000,0.0000,0.0000,0.7259,0.1405,-5.5763,21.017,2319,0.0131,-0.1280,0.5622,1,1,0.117
51.350,0,1,5,-0.6167,0.0000,-0.5407,0.5445,1.4372,0.0000,0.0000,0.0000,0.7259,0.1405,-5.5763,21.116,2319,0.0126,-0.1279,0.5498,1,1,0.117
51.450,0,1,5,-0.6167,0.0000,-0.5392,0.5317,1.4096,0.0000,0.0000,0.0000,0.7259,0.1405,-5.5763,21.216,2319,0.0120,-0.1278,0.5373,1,1,0.117
51.550,0,1,5,-0.6167,0.0000,-0.5377,0.5191,1.2870,0.0000,0.0000,0.0000,0.7259,0.1405,-5.5763,21.316,2319,0.0113,-0.1277,0.5251,1,1,0.117
51.650,0,1,5,-0.6167,0.0000,-0.5362,0.5063,1.4299,0.0000,0.0000,0.0000,0.7259,0.1405,-5.5763,21.416,2319,0.0107,-0.1276,0.5127,1,1,0.117
51.752,0,1,5,-0.6167,0.0000,-0.5349,0.4937,1.3948,0.0000,0.0000,0.0000,0.7259,0.1405,-5.5763,21.518,2319,0.0101,-0.1275,0.5004,1,1,0.117
51.851,0,1,5,-0.6167,0.0000,-0.5337,0.4810,1.3979,0.0000,0.0000,0.0000,0.7259,0.1405,-5.5763,21.617,2319,0.0094,-0.1273,0.4881,1,1,0.117
51.950,0,1,5,-0.6167,0.0000,-0.5325,0.4684,1.5078,0.0000,0.0000,0.0000,0.7259,0.1405,-5.5763,21.716,2319,0.0087,-0.1272,0.4760,1,1,0.117
52.051,0,1,5,-0.6167,0.0000,-0.5312,0.4558,1.6006,0.0000,0.0000,0.0000,0.7259,0.1405,-5.5763,21.816,2319,0.0080,-0.1270,0.4637,1,1,0.117
52.150,0,1,5,-0.6167,0.0000,-0.5301,0.4430,1.4494,0.0000,0.0000,0.0000,0.7259,0.1405,-5.5763,21.916,2319,0.0072,-0.1269,0.4514,1,1,0.117
52.250,0,1,5,-0.6167,0.0000,-0.5291,0.4303,1.4596,0.0000,0.0000,0.0000,0.7259,0.1405,-5.5763,22.016,2319,0.0065,-0.1267,0.4391,1,1,0.117
52.350,0,1,5,-0.6167,0.0000,-0.5281,0.4177,1.5451,0.0000,0.0000,0.0000,0.7259,0.1405,-5.5763,22.116,2319,0.0057,-0.1265,0.4270,1,1,0.117
52.451,0,1,5,-0.6167,0.0000,-0.5272,0.4050,1.5287,0.0000,0.0000,0.0000,0.7259,0.1405,-5.5763,22.217,2319,0.0048,-0.1263,0.4148,1,1,0.117
52.550,0,1,5,-0.6167,0.0000,-0.5264,0.3924,1.4640,0.0000,0.0000,0.0000,0.7259,0.1405,-5.5763,22.316,2319,0.0040,-0.1261,0.4026,1,1,0.117
52.651,0,1,5,-0.6167,0.0000,-0.5256,0.3799,1.6084,0.0000,0.0000,0.0000,0.7259,0.1405,-5.5763,22.417,2319,0.0028,-0.1255,0.3906,1,1,0.118
52.751,0,1,5,-0.6167,0.0000,-0.5250,0.3672,1.5533,0.0000,0.0000,0.0000,0.7259,0.1405,-5.5763,22.517,2319,0.0022,-0.1256,0.3785,1,1,0.117
52.850,0,1,5,-0.6167,0.0000,-0.5245,0.3547,1.3878,0.0000,0.0000,0.0000,0.7259,0.1405,-5.5763,22.616,2319,0.0013,-0.1253,0.3665,1,1,0.117
52.950,0,1,5,-0.6167,0.0000,-0.5240,0.3422,1.5108,0.0000,0.0000,0.0000,0.7259,0.1405,-5.5763,22.716,2319,0.0003,-0.1250,0.3546,1,1,0.117
53.051,0,1,5,-0.6167,0.0000,-0.5237,0.3297,1.3433,0.0000,0.0000,0.0000,0.7259,0.1405,-5.5763,22.817,2319,-0.0007,-0.1247,0.3426,1,1,0.117
53.151,0,1,5,-0.6167,0.0000,-0.5234,0.3173,1.4605,0.0000,0.0000,0.0000,0.7259,0.1405,-5.5763,22.916,2319,-0.0017,-0.1244,0.3307,1,1,0.117
53.250,0,1,5,-0.6167,0.0000,-0.5232,0.3048,1.6373,0.0000,0.0000,0.0000,0.7259,0.1405,-5.5763,23.016,2319,-0.0028,-0.1240,0.3188,1,1,0.117
53.352,0,1,5,-0.6167,0.0000,-0.5232,0.2923,1.5269,0.0000,0.0000,0.0000,0.7259,0.1405,-5.5763,23.117,2319,-0.0040,-0.1236,0.3069,1,1,0.117
53.450,0,1,5,-0.6167,0.0000,-0.5232,0.2800,1.5517,0.0000,0.0000,0.0000,0.7259,0.1405,-5.5763,23.216,2319,-0.0051,-0.1232,0.2952,1,1,0.117
53.551,0,1,5,-0.6167,0.0000,-0.5235,0.2677,1.4309,0.0000,0.0000,0.0000,0.7259,0.1405,-5.5763,23.317,2319,-0.0064,-0.1228,0.2834,1,1,0.117
53.651,0,1,5,-0.6167,0.0000,-0.5238,0.2555,1.3681,0.0000,0.0000,0.0000,0.7259,0.1405,-5.5763,23.416,2319,-0.0076,-0.1223,0.2719,1,1,0.117
53.751,0,1,5,-0.6167,0.0000,-0.5242,0.2432,1.5267,0.0000,0.0000,0.0000,0.7259,0.1405,-5.5763,23.517,2319,-0.0090,-0.1217,0.2602,1,1,0.117
53.851,0,1,5,-0.6167,0.0000,-0.5248,0.2309,1.5848,0.0000,0.0000,0.0000,0.7259,0.1405,-5.5763,23.616,2319,-0.0104,-0.1211,0.2485,1,1,0.117
53.950,0,1,5,-0.6167,0.0000,-0.5256,0.2189,1.3101,0.0000,0.0000,0.0000,0.7259,0.1405,-5.5763,23.716,2319,-0.0118,-0.1205,0.2371,1,1,0.117
54.050,0,1,5,-0.6167,0.0000,-0.5264,0.2067,1.5353,0.0000,0.0000,0.0000,0.7259,0.1405,-5.5763,23.816,2319,-0.0134,-0.1197,0.2256,1,1,0.117
54.151,0,1,5,-0.6167,0.0000,-0.5274,0.1948,1.5743,0.0000,0.0000,0.0000,0.7259,0.1405,-5.5763,23.917,2319,-0.0150,-0.1190,0.2143,1,1,0.117
54.251,0,1,5,-0.6167,0.0000,-0.5287,0.1823,1.5308,0.0000,0.0000,0.0000,0.7259,0.1405,-5.5763,24.017,2319,-0.0168,-0.1181,0.2025,1,1,0.117
54.351,0,1,5,-0.6167,0.0000,-0.5300,0.1710,1.4602,0.0000,0.0000,0.0000,0.7259,0.1405,-5.5763,24.116,2319,-0.0185,-0.1171,0.1917,1,1,0.117
54.450,0,1,5,-0.6167,0.0000,-0.5315,0.1593,1.4981,0.0000,0.0000,0.0000,0.7259,0.1405,-5.5763,24.216,2319,-0.0204,-0.1161,0.1806,1,1,0.117
54.551,0,1,5,-0.6167,0.0000,-0.5333,0.1475,1.5549,0.0000,0.0000,0.0000,0.7259,0.1405,-5.5763,24.317,2319,-0.0228,-0.1145,0.1695,1,1,0.118
54.650,0,1,5,-0.6167,0.0000,-0.5352,0.1362,1.5288,0.0000,0.0000,0.0000,0.7259,0.1405,-5.5763,24.416,2319,-0.0539,-0.0842,0.1587,1,1,0.213
54.750,0,1,5,-0.6167,0.0000,-0.5388,0.1260,1.6541,0.0000,0.0000,0.0000,0.7259,0.1405,-5.5763,24.516,2319,-0.0258,-0.1128,0.1481,1,1,0.117
54.852,0,1,5,-0.6167,0.0000,-0.5411,0.1147,1.5865,0.0000,0.0000,0.0000,0.7259,0.1405,-5.5763,24.617,2319,-0.0296,-0.1097,0.1373,1,1,0.121
54.951,0,1,5,-0.6167,0.0000,-0.5437,0.1036,1.5086,0.0000,0.0000,0.0000,0.7259,0.1405,-5.5763,24.717,2319,-0.0307,-0.1093,0.1267,1,1,0.117
55.050,0,1,5,-0.6167,0.0000,-0.5464,0.0927,1.5334,0.0000,0.0000,0.0000,0.7259,0.1405,-5.5763,24.816,2319,-0.0311,-0.0997,0.1163,1,1,0.117
55.150,0,1,5,-0.6167,0.0000,-0.5492,0.0826,1.6623,0.0000,0.0000,0.0000,0.7259,0.1405,-5.5763,24.916,2319,-0.0312,-0.0892,0.1067,1,1,0.118
55.253,0,1,5,-0.6167,0.0000,-0.5521,0.0736,1.4790,0.0000,0.0000,0.0000,0.7259,0.1405,-5.5763,25.019,2319,-0.0312,-0.0795,0.0979,1,1,0.120
55.351,0,1,5,-0.6167,0.0000,-0.5550,0.0655,1.4427,0.0000,0.0000,0.0000,0.7259,0.1405,-5.5763,25.117,2319,-0.0298,-0.0720,0.0900,1,1,0.117
55.451,0,1,5,-0.6167,0.0000,-0.5578,0.0583,1.4751,0.0000,0.0000,0.0000,0.7259,0.1405,-5.5763,25.217,2319,-0.0290,-0.0646,0.0828,1,1,0.117
55.551,0,1,5,-0.6167,0.0000,-0.5605,0.0518,1.4238,0.0000,0.0000,0.0000,0.7259,0.1405,-5.5763,25.316,2319,-0.0282,-0.0580,0.0763,1,1,0.117
55.651,0,1,6,-0.6167,-0.6167,-0.5621,0.0447,1.4117,0.0000,0.0000,0.0000,0.7259,0.1405,-5.5763,25.417,2319,0.0181,-0.1287,0.6636,1,1,0.117
55.750,0,1,6,-0.6167,-0.6167,-0.5601,0.0319,1.4528,0.0000,0.0000,0.0000,0.7259,0.1405,-5.5763,25.516,2319,0.0177,-0.1287,0.6510,1,1,0.117
55.851,0,1,6,-0.6167,-0.6167,-0.5580,0.0191,1.5706,0.0000,0.0000,0.0000,0.7259,0.1405,-5.5763,25.617,2319,0.0172,-0.1286,0.6385,1,1,0.117
55.951,0,1,6,-0.6167,-0.6167,-0.5561,0.0064,1.3584,0.0000,0.0000,0.0000,0.7259,0.1405,-5.5763,25.717,2319,0.0167,-0.1285,0.6260,1,1,0.117
56.051,0,1,6,-0.6167,-0.6167,-0.5541,-0.0063,1.5798,0.0000,0.0000,0.0000,0.7259,0.1405,-5.5763,25.816,2319,0.0158,-0.1281,0.6135,1,1,0.118
56.151,0,1,6,-0.6167,-0.6167,-0.5522,-0.0191,1.3973,0.0000,0.0000,0.0000,0.7259,0.1405,-5.5763,25.917,2319,0.0156,-0.1284,0.6010,1,1,0.117
56.253,0,1,6,-0.6167,-0.6167,-0.5503,-0.0321,1.4922,0.0000,0.0000,0.0000,0.7259,0.1405,-5.5763,26.019,2319,0.0151,-0.1283,0.5883,1,1,0.117
56.350,0,1,6,-0.6167,-0.6167,-0.5485,-0.0446,1.6224,0.0000,0.0000,0.0000,0.7259,0.1405,-5.5763,26.116,2319,0.0145,-0.1282,0.5761,1,1,0.117
56.451,0,1,6,-0.6167,-0.6167,-0.5467,-0.0575,1.6734,0.0000,0.0000,0.0000,0.7259,0.1405,-5.5763,26.217,2319,0.0139,-0.1282,0.5636,1,1,0.117
56.550,0,1,6,-0.6167,-0.6167,-0.5450,-0.0701,1.4614,0.0000,0.0000,0.0000,0.7259,0.1405,-5.5763,26.316,2319,0.0134,-0.1281,0.5512,1,1,0.117
56.651,0,1,6,-0.6167,-0.6167,-0.5433,-0.0830,1.3979,0.0000,0.0000,0.0000,0.7259,0.1405,-5.5763,26.417,2319,0.0128,-0.1280,0.5387,1,1,0.117
56.750,0,1,6,-0.6167,-0.6167,-0.5416,-0.0958,1.6429,0.0000,0.0000,0.0000,0.7259,0.1405,-5.5763,26.516,2319,0.0118,-0.1275,0.5263,1,1,0.118
56.851,0,1,6,-0.6167,-0.6167,-0.5401,-0.1085,1.5007,0.0000,0.0000,0.0000,0.7259,0.1405,-5.5763,26.617,2319,0.0115,-0.1277,0.5139,1,1,0.117
56.951,0,1,6,-0.6167,-0.6167,-0.5386,-0.1212,1.6224,0.0000,0.0000,0.0000,0.7259,0.1405,-5.5763,26.717,2319,0.0108,-0.1276,0.5016,1,1,0.117
57.050,0,1,6,-0.6167,-0.6167,-0.5372,-0.1339,1.5548,0.0000,0.0000,0.0000,0.7259,0.1405,-5.5763,26.816,2319,0.0101,-0.1275,0.4892,1,1,0.117
57.150,0,1,6,-0.6167,-0.6167,-0.5358,-0.1466,1.5669,0.0000,0.0000,0.0000,0.7259,0.1405,-5.5763,26.916,2319,0.0094,-0.1273,0.4770,1,1,0.117
57.251,0,1,6,-0.6167,-0.6167,-0.5346,-0.1595,1.4488,0.0000,0.0000,0.0000,0.7259,0.1405,-5.5763,27.017,2319,0.0087,-0.1272,0.4645,1,1,0.117
57.351,0,1,6,-0.6167,-0.6167,-0.5334,-0.1720,1.5322,0.0000,0.0000,0.0000,0.7259,0.1405,-5.5763,27.117,2319,0.0055,-0.1246,0.4524,1,1,0.124
57.451,0,1,6,-0.6167,-0.6167,-0.5323,-0.1846,1.5241,0.0000,0.0000,0.0000,0.7259,0.1405,-5.5763,27.216,2319,0.0073,-0.1269,0.4403,1,1,0.117
57.550,0,1,6,-0.6167,-0.6167,-0.5313,-0.1972,1.4968,0.0000,0.0000,0.0000,0.7259,0.1405,-5.5763,27.316,2319,0.0065,-0.1267,0.4281,1,1,0.117
57.650,0,1,6,-0.6167,-0.6167,-0.5303,-0.2099,1.5167,0.0000,0.0000,0.0000,0.7259,0.1405,-5.5763,27.416,2319,0.0049,-0.1258,0.4158,1,1,0.119
57.750,0,1,6,-0.6167,-0.6167,-0.5295,-0.2224,1.6725,0.0000,0.0000,0.0000,0.7259,0.1405,-5.5763,27.516,2319,0.0045,-0.1259,0.4038,1,1,0.118
57.851,0,1,6,-0.6167,-0.6167,-0.5287,-0.2349,1.5567,0.0000,0.0000,0.0000,0.7259,0.1405,-5.5763,27.617,2319,0.0040,-0.1261,0.3917,1,1,0.117
57.951,0,1,6,-0.6167,-0.6167,-0.5281,-0.2475,1.5020,0.0000,0.0000,0.0000,0.7259,0.1405,-5.5763,27.716,2319,0.0031,-0.1258,0.3797,1,1,0.117
58.052,0,1,6,-0.6167,-0.6167,-0.5275,-0.2600,1.5452,0.0000,0.0000,0.0000,0.7259,0.1405,-5.5763,27.817,2319,0.0018,-0.1252,0.3676,1,1,0.118
58.151,0,1,6,-0.6167,-0.6167,-0.5271,-0.2725,1.4152,0.0000,0.0000,0.0000,0.7259,0.1405,-5.5763,27.916,2319,0.0013,-0.1253,0.3557,1,1,0.117
58.250,0,1,6,-0.6167,-0.6167,-0.5266,-0.2850,1.6028,0.0000,0.0000,0.0000,0.7259,0.1405,-5.5763,28.016,2319,-0.0005,-0.1243,0.3437,1,1,0.119
58.351,0,1,6,-0.6167,-0.6167,-0.5264,-0.2971,1.4915,0.0000,0.0000,0.0000,0.7259,0.1405,-5.5763,28.116,2319,-0.0301,-0.0954,0.3321,1,1,0.219
58.451,0,1,6,-0.6167,-0.6167,-0.5276,-0.3085,1.4279,0.0000,0.0000,0.0000,0.7259,0.1405,-5.5763,28.216,2319,-0.0069,-0.1189,0.3208,1,1,0.133
58.550,0,1,6,-0.6167,-0.6167,-0.5279,-0.3204,1.5262,0.0000,0.0000,0.0000,0.7259,0.1405,-5.5763,28.316,2319,-0.0121,-0.1143,0.3092,1,1,0.145
58.650,0,1,6,-0.6167,-0.6167,-0.5288,-0.3319,1.4555,0.0000,0.0000,0.0000,0.7259,0.1405,-5.5763,28.416,2319,-0.0517,-0.0866,0.2980,1,1,0.158
58.751,0,1,6,-0.6167,-0.6167,-0.5328,-0.3412,1.3507,0.0000,0.0000,0.0000,0.7259,0.1405,-5.5763,28.517,2319,-0.0459,-0.1005,0.2879,1,1,0.170
58.852,0,1,6,-0.6167,-0.6167,-0.5374,-0.3513,1.5141,0.0000,0.0000,0.0000,0.7259,0.1405,-5.5763,28.618,2319,-0.0099,-0.1165,0.2770,1,1,0.139
58.951,0,1,6,-0.6167,-0.6167,-0.5393,-0.3626,1.3408,0.0000,0.0000,0.0000,0.7259,0.1405,-5.5763,28.716,2319,-0.0122,-0.1145,0.2656,1,1,0.144
59.051,0,1,6,-0.6167,-0.6167,-0.5402,-0.3742,1.6189,0.0000,0.0000,0.0000,0.7259,0.1405,-5.5763,28.816,2319,-0.0131,-0.1142,0.2542,1,1,0.144
59.151,0,1,6,-0.6167,-0.6167,-0.5411,-0.3858,1.4821,0.0000,0.0000,0.0000,0.7259,0.1405,-5.5763,28.916,2319,-0.0117,-0.1163,0.2429,1,1,0.137
59.250,0,1,6,-0.6167,-0.6167,-0.5419,-0.3974,1.6952,0.0000,0.0000,0.0000,0.7259,0.1405,-5.5763,29.016,2319,-0.0114,-0.1173,0.2317,1,1,0.133
59.350,0,1,6,-0.6167,-0.6167,-0.5429,-0.4093,1.5209,0.0000,0.0000,0.0000,0.7259,0.1405,-5.5763,29.116,2319,-0.0165,-0.1130,0.2201,1,1,0.144
59.450,0,1,6,-0.6167,-0.6167,-0.5443,-0.4205,1.5127,0.0000,0.0000,0.0000,0.7259,0.1405,-5.5763,29.216,2319,-0.0176,-0.1125,0.2091,1,1,0.144
59.550,0,1,6,-0.6167,-0.6167,-0.5458,-0.4320,1.4967,0.0000,0.0000,0.0000,0.7259,0.1405,-5.5763,29.316,2319,-0.0171,-0.1138,0.1978,1,1,0.139
59.650,0,1,6,-0.6167,-0.6167,-0.5473,-0.4435,1.2908,0.0000,0.0000,0.0000,0.7259,0.1405,-5.5763,29.416,2319,-0.0198,-0.1118,0.1865,1,1,0.143
59.750,0,1,6,-0.6167,-0.6167,-0.5490,-0.4543,1.4777,0.0000,0.0000,0.0000,0.7259,0.1405,-5.5763,29.516,2319,-0.0547,-0.0911,0.1760,1,1,0.173
59.850,0,1,6,-0.6167,-0.6167,-0.5525,-0.4646,1.4979,0.0000,0.0000,0.0000,0.7259,0.1405,-5.5763,29.616,2319,-0.0179,-0.1146,0.1650,1,1,0.133
59.950,0,1,6,-0.6167,-0.6167,-0.5544,-0.4758,1.5104,0.0000,0.0000,0.0000,0.7259,0.1405,-5.5763,29.716,2319,-0.0515,-0.0936,0.1540,1,1,0.182
60.050,0,1,6,-0.6167,-0.6167,-0.5580,-0.4861,1.5999,0.0000,0.0000,0.0000,0.7259,0.1405,-5.5763,29.816,2319,-0.0246,-0.1090,0.1432,1,1,0.146
60.150,0,1,6,-0.6167,-0.6167,-0.5602,-0.4969,1.6371,0.0000,0.0000,0.0000,0.7259,0.1405,-5.5763,29.916,2319,-0.0231,-0.1114,0.1324,1,1,0.137
60.250,0,1,6,-0.6167,-0.6167,-0.5624,-0.5079,1.5651,0.0000,0.0000,0.0000,0.7259,0.1405,-5.5763,30.016,2319,-0.0264,-0.1053,0.1216,1,1,0.143
60.351,0,1,6,-0.6167,-0.6167,-0.5655,-0.5181,1.5685,0.0000,0.0000,0.0000,0.7259,0.1405,-5.5763,30.117,2319,-0.0247,-0.0961,0.1110,1,1,0.141
60.450,0,1,6,-0.6167,-0.6167,-0.5693,-0.5272,1.5460,0.0000,0.0000,0.0000,0.7259,0.1405,-5.5763,30.216,2319,-0.0220,-0.0884,0.1012,1,1,0.137
60.550,0,1,6,-0.6167,-0.6167,-0.5721,-0.5357,1.6026,0.0000,0.0000,0.0000,0.7259,0.1405,-5.5763,30.316,2319,-0.0216,-0.0796,0.0924,1,1,0.139
60.651,0,1,6,-0.6167,-0.6167,-0.5742,-0.5436,1.6331,0.0000,0.0000,0.0000,0.7259,0.1405,-5.5763,30.417,2319,-0.0224,-0.0708,0.0845,1,1,0.144
60.750,0,1,6,-0.6167,-0.6167,-0.5763,-0.5508,1.7019,0.0000,0.0000,0.0000,0.7259,0.1405,-5.5763,30.516,2319,-0.0223,-0.0633,0.0773,1,1,0.147
60.853,0,1,7,-1.2333,-0.6167,-0.5783,-0.5570,1.5986,0.0000,0.0000,0.0000,0.7259,0.1405,-5.5763,30.618,2319,-0.0797,-0.0262,0.6577,1,1,0.143
60.950,0,1,7,-1.2333,-0.6167,-0.5845,-0.5607,1.4525,0.0000,0.0000,0.0000,0.7259,0.1405,-5.5763,30.716,2319,-0.0754,-0.0300,0.6513,1,1,0.131
61.050,0,1,7,-1.2333,-0.6167,-0.5921,-0.5638,1.4208,0.0000,0.0000,0.0000,0.7259,0.1405,-5.5763,30.816,2319,-0.1091,-0.0090,0.6434,1,1,0.180
61.150,0,1,7,-1.2333,-0.6167,-0.6013,-0.5659,1.5056,0.0000,0.0000,0.0000,0.7259,0.1405,-5.5763,30.916,2319,-0.0783,-0.0266,0.6341,1,1,0.139
61.250,0,1,7,-1.2333,-0.6167,-0.6090,-0.5688,1.5152,0.0000,0.0000,0.0000,0.7259,0.1405,-5.5763,31.016,2319,-0.0797,-0.0248,0.6261,1,1,0.143
61.352,0,1,7,-1.2333,-0.6167,-0.6178,-0.5711,1.5342,0.0000,0.0000,0.0000,0.7259,0.1405,-5.5763,31.118,2319,-0.0801,-0.0242,0.6172,1,1,0.144
61.452,0,1,7,-1.2333,-0.6167,-0.6264,-0.5735,1.4197,0.0000,0.0000,0.0000,0.7259,0.1405,-5.5763,31.218,2319,-0.0766,-0.0274,0.6084,1,1,0.134
61.552,0,1,7,-1.2333,-0.6167,-0.6341,-0.5763,1.3997,0.0000,0.0000,0.0000,0.7259,0.1405,-5.5763,31.318,2319,-0.1133,-0.0093,0.6006,1,1,0.171
61.650,0,1,7,-1.2333,-0.6167,-0.6436,-0.5782,1.5553,0.0000,0.0000,0.0000,0.7259,0.1405,-5.5763,31.416,2319,-0.0787,-0.0247,0.5910,1,1,0.140
61.750,0,1,7,-1.2333,-0.6167,-0.6515,-0.5808,1.2539,0.0000,0.0000,0.0000,0.7259,0.1405,-5.5763,31.516,2319,-0.0798,-0.0233,0.5830,1,1,0.143
61.850,0,1,7,-1.2333,-0.6167,-0.6599,-0.5829,1.6018,0.0000,0.0000,0.0000,0.7259,0.1405,-5.5763,31.616,2319,-0.1106,-0.0073,0.5744,1,1,0.177
61.950,0,1,7,-1.2333,-0.6167,-0.6711,-0.5839,1.4952,0.0000,0.0000,0.0000,0.7259,0.1405,-5.5763,31.716,2319,-0.1083,-0.0063,0.5632,1,1,0.182
62.050,0,1,7,-1.2333,-0.6167,-0.6822,-0.5851,1.6998,0.0000,0.0000,0.0000,0.7259,0.1405,-5.5763,31.816,2319,-0.1060,-0.0052,0.5520,1,1,0.187
62.152,0,1,7,-1.2333,-0.6167,-0.6930,-0.5860,1.5842,0.0000,0.0000,0.0000,0.7259,0.1405,-5.5763,31.918,2319,-0.1152,-0.0090,0.5412,1,1,0.167
62.250,0,1,7,-1.2333,-0.6167,-0.7045,-0.5871,1.5813,0.0000,0.0000,0.0000,0.7259,0.1405,-5.5763,32.016,2319,-0.1152,-0.0089,0.5297,1,1,0.167
62.352,0,1,7,-1.2333,-0.6167,-0.7163,-0.5883,1.7350,0.0000,0.0000,0.0000,0.7259,0.1405,-5.5763,32.118,2319,-0.1106,-0.0069,0.5178,1,1,0.177
62.451,0,1,7,-1.2333,-0.6167,-0.7265,-0.5892,1.6574,0.0000,0.0000,0.0000,0.7259,0.1405,-5.5763,32.216,2319,-0.1083,-0.0058,0.5075,1,1,0.182
62.550,0,1,7,-1.2333,-0.6167,-0.7375,-0.5901,1.4852,0.0000,0.0000,0.0000,0.7259,0.1405,-5.5763,32.316,2319,-0.1097,-0.0064,0.4966,1,1,0.179
62.651,0,1,7,-1.2333,-0.6167,-0.7483,-0.5911,1.5204,0.0000,0.0000,0.0000,0.7259,0.1405,-5.5763,32.417,2319,-0.1120,-0.0072,0.4857,1,1,0.174
62.750,0,1,7,-1.2333,-0.6167,-0.7593,-0.5921,1.6182,0.0000,0.0000,0.0000,0.7259,0.1405,-5.5763,32.516,2319,-0.1092,-0.0060,0.4747,1,1,0.180
62.851,0,1,7,-1.2333,-0.6167,-0.7706,-0.5929,1.4973,0.0000,0.0000,0.0000,0.7259,0.1405,-5.5763,32.617,2319,-0.1064,-0.0048,0.4633,1,1,0.186
62.950,0,1,7,-1.2333,-0.6167,-0.7811,-0.5938,1.4951,0.0000,0.0000,0.0000,0.7259,0.1405,-5.5763,32.716,2319,-0.1078,-0.0053,0.4528,1,1,0.183
63.051,0,1,7,-1.2333,-0.6167,-0.7922,-0.5947,1.4606,0.0000,0.0000,0.0000,0.7259,0.1405,-5.5763,32.817,2319,-0.1069,-0.0048,0.4417,1,1,0.185
63.150,0,1,7,-1.2333,-0.6167,-0.8032,-0.5956,1.4968,0.0000,0.0000,0.0000,0.7259,0.1405,-5.5763,32.916,2319,-0.1101,-0.0061,0.4306,1,1,0.178
63.250,0,1,7,-1.2333,-0.6167,-0.8142,-0.5965,1.4452,0.0000,0.0000,0.0000,0.7259,0.1405,-5.5763,33.016,2319,-0.1083,-0.0052,0.4196,1,1,0.182
63.350,0,1,7,-1.2333,-0.6167,-0.8251,-0.5973,1.3738,0.0000,0.0000,0.0000,0.7259,0.1405,-5.5763,33.116,2319,-0.1185,-0.0094,0.4087,1,1,0.160
63.451,0,1,7,-1.2333,-0.6167,-0.8366,-0.5984,1.4258,0.0000,0.0000,0.0000,0.7259,0.1405,-5.5763,33.216,2319,-0.1074,-0.0047,0.3972,1,1,0.184
63.551,0,1,7,-1.2333,-0.6167,-0.8473,-0.5992,1.4720,0.0000,0.0000,0.0000,0.7259,0.1405,-5.5763,33.317,2319,-0.1106,-0.0059,0.3865,1,1,0.177
63.650,0,1,7,-1.2333,-0.6167,-0.8583,-0.6000,1.5016,0.0000,0.0000,0.0000,0.7259,0.1405,-5.5763,33.416,2319,-0.1097,-0.0054,0.3754,1,1,0.179
63.750,0,1,7,-1.2333,-0.6167,-0.8693,-0.6008,1.5163,0.0000,0.0000,0.0000,0.7259,0.1405,-5.5763,33.516,2319,-0.1097,-0.0054,0.3644,1,1,0.179
63.850,0,1,7,-1.2333,-0.6167,-0.8801,-0.6017,1.6329,0.0000,0.0000,0.0000,0.7259,0.1405,-5.5763,33.616,2319,-0.1088,-0.0049,0.3536,1,1,0.181
63.952,0,1,7,-1.2333,-0.6167,-0.8919,-0.6025,1.6835,0.0000,0.0000,0.0000,0.7259,0.1405,-5.5763,33.718,2319,-0.1078,-0.0044,0.3417,1,1,0.183
64.051,0,1,7,-1.2333,-0.6167,-0.9021,-0.6032,1.6001,0.0000,0.0000,0.0000,0.7259,0.1405,-5.5763,33.817,2319,-0.1143,-0.0070,0.3315,1,1,0.169
64.150,0,1,7,-1.2333,-0.6167,-0.9131,-0.6042,1.6874,0.0000,0.0000,0.0000,0.7259,0.1405,-5.5763,33.916,2319,-0.1037,-0.0024,0.3204,1,1,0.192
64.250,0,1,7,-1.2333,-0.6167,-0.9237,-0.6048,1.5030,0.0000,0.0000,0.0000,0.7259,0.1405,-5.5763,34.016,2319,-0.1134,-0.0064,0.3099,1,1,0.171
64.352,0,1,7,-1.2333,-0.6167,-0.9355,-0.6057,1.6699,0.0000,0.0000,0.0000,0.7259,0.1405,-5.5763,34.118,2319,-0.1120,-0.0057,0.2980,1,1,0.174
64.450,0,1,7,-1.2333,-0.6167,-0.9457,-0.6065,1.6679,0.0000,0.0000,0.0000,0.7259,0.1405,-5.5763,34.216,2319,-0.1120,-0.0055,0.2878,1,1,0.174
64.553,0,1,7,-1.2333,-0.6167,-0.9576,-0.6073,1.6205,0.0000,0.0000,0.0000,0.7259,0.1405,-5.5763,34.319,2319,-0.1079,-0.0036,0.2759,1,1,0.183
64.650,0,1,7,-1.2333,-0.6167,-0.9669,-0.6083,1.5745,0.0000,0.0000,0.0000,0.7259,0.1405,-5.5763,34.416,2319,-0.1042,-0.0018,0.2666,1,1,0.191
64.750,0,1,7,-1.2333,-0.6167,-0.9762,-0.6097,1.6309,0.0000,0.0000,0.0000,0.7259,0.1405,-5.5763,34.516,2319,-0.0791,-0.0206,0.2573,1,1,0.141
64.850,0,1,7,-1.2333,-0.6167,-0.9847,-0.6115,1.6238,0.0000,0.0000,0.0000,0.7259,0.1405,-5.5763,34.616,2319,-0.1074,-0.0021,0.2487,1,1,0.184
64.950,0,1,7,-1.2333,-0.6167,-0.9947,-0.6126,1.5730,0.0000,0.0000,0.0000,0.7259,0.1405,-5.5763,34.716,2319,-0.1102,-0.0029,0.2386,1,1,0.178
65.051,0,1,7,-1.2333,-0.6167,-1.0040,-0.6140,1.4939,0.0000,0.0000,0.0000,0.7259,0.1405,-5.5763,34.817,2319,-0.1051,-0.0002,0.2294,1,1,0.189
65.150,0,1,7,-1.2333,-0.6167,-1.0133,-0.6153,1.5942,0.0000,0.0000,0.0000,0.7259,0.1405,-5.5763,34.916,2319,-0.1087,-0.0013,0.2200,1,1,0.181
65.251,0,1,7,-1.2333,-0.6167,-1.0226,-0.6165,1.4394,0.0000,0.0000,0.0000,0.7259,0.1405,-5.5763,35.017,2319,-0.1101,-0.0013,0.2107,1,1,0.178
65.350,0,1,7,-1.2333,-0.6167,-1.0329,-0.6173,1.4035,0.0000,0.0000,0.0000,0.7259,0.1405,-5.5763,35.116,2319,-0.0787,-0.0179,0.2004,1,1,0.140
65.450,0,1,7,-1.2333,-0.6167,-1.0421,-0.6184,1.3429,0.0000,0.0000,0.0000,0.7259,0.1405,-5.5763,35.216,2319,-0.0776,-0.0184,0.1912,1,1,0.137
65.550,0,1,7,-1.2333,-0.6167,-1.0512,-0.6194,1.3971,0.0000,0.0000,0.0000,0.7259,0.1405,-5.5763,35.316,2319,-0.0780,-0.0174,0.1822,1,1,0.138
65.650,0,1,7,-1.2333,-0.6167,-1.0605,-0.6204,1.3863,0.0000,0.0000,0.0000,0.7259,0.1405,-5.5763,35.416,2319,-0.1110,0.0006,0.1728,1,1,0.176
65.750,0,1,7,-1.2333,-0.6167,-1.0712,-0.6206,1.5640,0.0000,0.0000,0.0000,0.7259,0.1405,-5.5763,35.516,2319,-0.1324,0.0054,0.1622,1,1,0.135
65.850,0,1,7,-1.2333,-0.6167,-1.0834,-0.6206,1.5061,0.0000,0.0000,0.0000,0.7259,0.1405,-5.5763,35.616,2319,-0.1114,0.0008,0.1500,1,1,0.175
65.950,0,1,7,-1.2333,-0.6167,-1.0936,-0.6213,1.5533,0.0000,0.0000,0.0000,0.7259,0.1405,-5.5763,35.716,2319,-0.1090,0.0025,0.1398,1,1,0.180
66.050,0,1,7,-1.2333,-0.6167,-1.1029,-0.6222,1.4320,0.0000,0.0000,0.0000,0.7259,0.1405,-5.5763,35.816,2319,-0.1071,0.0042,0.1306,1,1,0.184
66.150,0,1,7,-1.2333,-0.6167,-1.1121,-0.6229,1.4241,0.0000,0.0000,0.0000,0.7259,0.1405,-5.5763,35.916,2319,-0.1035,0.0051,0.1214,1,1,0.185
66.250,0,1,7,-1.2333,-0.6167,-1.1221,-0.6231,1.4332,0.0000,0.0000,0.0000,0.7259,0.1405,-5.5763,36.016,2319,-0.0683,-0.0127,0.1114,1,1,0.135
66.350,0,1,7,-1.2333,-0.6167,-1.1308,-0.6238,1.5189,0.0000,0.0000,0.0000,0.7259,0.1405,-5.5763,36.116,2319,-0.0635,-0.0102,0.1028,1,1,0.137
66.450,0,1,7,-1.2333,-0.6167,-1.1377,-0.6247,1.5074,0.0000,0.0000,0.0000,0.7259,0.1405,-5.5763,36.216,2319,-0.0840,0.0055,0.0959,1,1,0.178
66.550,0,1,7,-1.2333,-0.6167,-1.1450,-0.6250,1.5208,0.0000,0.0000,0.0000,0.7259,0.1405,-5.5763,36.316,2319,-0.0747,0.0070,0.0887,1,1,0.187
66.650,0,1,7,-1.2333,-0.6167,-1.1520,-0.6248,1.4926,0.0000,0.0000,0.0000,0.7259,0.1405,-5.5763,36.416,2319,-0.0724,0.0053,0.0817,1,1,0.175
66.750,0,1,7,-1.2333,-0.6167,-1.1587,-0.6247,1.5551,0.0000,0.0000,0.0000,0.7259,0.1405,-5.5763,36.516,2319,-0.0645,0.0061,0.0750,1,1,0.182
66.852,0,1,7,-1.2333,-0.6167,-1.1637,-0.6246,1.5289,0.0000,0.0000,0.0000,0.7259,0.1405,-5.5763,36.618,2319,0.0000,0.0000,0.0701,1,1,0.139
66.950,0,1,7,-1.2333,-0.6167,-1.1638,-0.6246,1.5500,0.0000,0.0000,0.0000,0.7259,0.1405,-5.5763,36.716,2319,0.0000,0.0000,0.0700,1,1,0.173
67.050,0,1,7,-1.2333,-0.6167,-1.1638,-0.6246,1.4966,0.0000,0.0000,0.0000,0.7259,0.1405,-5.5763,36.816,2319,0.0000,0.0000,0.0700,1,1,0.143
67.150,0,1,7,-1.2333,-0.6167,-1.1639,-0.6246,1.4433,0.0000,0.0000,0.0000,0.7259,0.1405,-5.5763,36.916,2319,0.0000,0.0000,0.0699,1,1,0.141
67.250,0,1,7,-1.2333,-0.6167,-1.1639,-0.6246,1.3901,0.0000,0.0000,0.0000,0.7259,0.1405,-5.5763,37.016,2319,0.0000,0.0000,0.0699,1,1,0.141
67.350,0,1,7,-1.2333,-0.6167,-1.1639,-0.6246,1.3376,0.0000,0.0000,0.0000,0.7259,0.1405,-5.5763,37.116,2319,0.0000,0.0000,0.0699,1,1,0.182
67.450,0,1,7,-1.2333,-0.6167,-1.1639,-0.6246,1.2825,0.0000,0.0000,0.0000,0.7259,0.1405,-5.5763,37.216,2319,0.0000,0.0000,0.0699,1,1,0.180
67.550,0,1,7,-1.2333,-0.6167,-1.1639,-0.6246,1.2282,0.0000,0.0000,0.0000,0.7259,0.1405,-5.5763,37.316,2319,0.0000,0.0000,0.0698,1,1,0.148
67.650,0,1,7,-1.2333,-0.6167,-1.1639,-0.6246,1.1728,0.0000,0.0000,0.0000,0.7259,0.1405,-5.5763,37.416,2319,0.0000,0.0000,0.0698,1,1,0.175
67.750,0,1,7,-1.2333,-0.6167,-1.1639,-0.6246,1.1189,0.0000,0.0000,0.0000,0.7259,0.1405,-5.5763,37.516,2319,0.0000,0.0000,0.0698,1,1,0.194
67.853,0,1,7,-1.2333,-0.6167,-1.1639,-0.6246,1.0637,0.0000,0.0000,0.0000,0.7259,0.1405,-5.5763,37.619,2319,0.0000,0.0000,0.0699,0,2,0.164
67.950,0,1,7,-1.2333,-0.6167,-1.1639,-0.6246,1.0102,0.0000,0.0000,0.0000,0.7259,0.1405,-5.5763,37.716,2319,0.0000,0.0000,0.0699,0,2,0.148
68.051,0,1,7,-1.2333,-0.6167,-1.1639,-0.6246,0.9548,0.0000,0.0000,0.0000,0.7259,0.1405,-5.5763,37.816,2319,0.0000,0.0000,0.0698,0,2,0.147
68.150,0,1,7,-1.2333,-0.6167,-1.1639,-0.6246,0.8993,0.0000,0.0000,0.0000,0.7259,0.1405,-5.5763,37.916,2319,0.0000,0.0000,0.0698,0,2,0.137
68.250,0,1,7,-1.2333,-0.6167,-1.1639,-0.6246,0.8440,0.0000,0.0000,0.0000,0.7259,0.1405,-5.5763,38.016,2319,0.0000,0.0000,0.0698,0,2,0.136
68.350,0,1,7,-1.2333,-0.6167,-1.1639,-0.6246,0.7843,0.0000,0.0000,0.0000,0.7259,0.1405,-5.5763,38.116,2319,0.0000,0.0000,0.0698,0,2,0.148
68.451,0,1,7,-1.2333,-0.6167,-1.1639,-0.6246,0.7310,0.0000,0.0000,0.0000,0.7259,0.1405,-5.5763,38.216,2319,0.0000,0.0000,0.0699,0,2,0.158
68.550,0,1,7,-1.2333,-0.6167,-1.1639,-0.6246,0.6763,0.0000,0.0000,0.0000,0.7259,0.1405,-5.5763,38.316,2319,0.0000,0.0000,0.0699,0,2,0.162
68.650,0,1,7,-1.2333,-0.6167,-1.1639,-0.6246,0.6217,0.0000,0.0000,0.0000,0.7259,0.1405,-5.5763,38.416,2319,0.0000,0.0000,0.0698,0,2,0.155
68.750,0,1,7,-1.2333,-0.6167,-1.1639,-0.6246,0.5674,0.0000,0.0000,0.0000,0.7259,0.1405,-5.5763,38.516,2319,0.0000,0.0000,0.0698,0,2,0.151
68.850,0,1,7,-1.2333,-0.6167,-1.1639,-0.6246,0.5125,0.0000,0.0000,0.0000,0.7259,0.1405,-5.5763,38.616,2319,0.0000,0.0000,0.0699,0,2,0.154
68.950,0,1,7,-1.2333,-0.6167,-1.1639,-0.6246,0.4570,0.0000,0.0000,0.0000,0.7259,0.1405,-5.5763,38.716,2319,0.0000,0.0000,0.0699,0,2,0.154
69.050,0,1,7,-1.2333,-0.6167,-1.1639,-0.6246,0.4012,0.0000,0.0000,0.0000,0.7259,0.1405,-5.5763,38.816,2319,0.0000,0.0000,0.0699,0,2,0.154
69.150,0,1,7,-1.2333,-0.6167,-1.1639,-0.6246,0.3468,0.0000,0.0000,0.0000,0.7259,0.1405,-5.5763,38.916,2319,0.0000,0.0000,0.0699,0,2,0.159
69.252,0,1,7,-1.2333,-0.6167,-1.1639,-0.6246,0.2860,0.0000,0.0000,0.0000,0.7259,0.1405,-5.5763,39.018,2319,0.0000,0.0000,0.0699,0,2,0.146
69.350,0,1,7,-1.2333,-0.6167,-1.1639,-0.6246,0.2331,0.0000,0.0000,0.0000,0.7259,0.1405,-5.5763,39.116,2319,0.0000,0.0000,0.0699,0,2,0.155
69.450,0,1,7,-1.2333,-0.6167,-1.1639,-0.6246,0.1790,0.0000,0.0000,0.0000,0.7259,0.1405,-5.5763,39.216,2319,0.0000,0.0000,0.0699,0,2,0.156
69.550,0,1,7,-1.2333,-0.6167,-1.1639,-0.6246,0.1239,0.0000,0.0000,0.0000,0.7259,0.1405,-5.5763,39.316,2319,0.0000,0.0000,0.0699,0,2,0.144
69.650,0,1,7,-1.2333,-0.6167,-1.1639,-0.6246,0.0674,0.0000,0.0000,0.0000,0.7259,0.1405,-5.5763,39.416,2319,0.0000,0.0000,0.0699,0,2,0.154
69.750,0,1,7,-1.2333,-0.6167,-1.1639,-0.6246,0.0129,0.0000,0.0000,0.0000,0.7259,0.1405,-5.5763,39.516,2319,0.0000,0.0000,0.0699,0,2,0.150
69.850,0,1,7,-1.2333,-0.6167,-1.1639,-0.6246,-0.0422,0.0000,0.0000,0.0000,0.7259,0.1405,-5.5763,39.616,2319,0.0000,0.0000,0.0699,0,2,0.151
69.950,0,1,7,-1.2333,-0.6167,-1.1639,-0.6246,-0.0969,0.0000,0.0000,0.0000,0.7259,0.1405,-5.5763,39.716,2319,0.0000,0.0000,0.0699,0,2,0.147
70.050,0,1,7,-1.2333,-0.6167,-1.1639,-0.6246,-0.1519,0.0000,0.0000,0.0000,0.7259,0.1405,-5.5763,39.816,2319,0.0000,0.0000,0.0699,0,2,0.162
70.150,0,1,7,-1.2333,-0.6167,-1.1639,-0.6246,-0.2072,0.0000,0.0000,0.0000,0.7259,0.1405,-5.5763,39.916,2319,0.0000,0.0000,0.0699,0,2,0.155
70.250,0,1,7,-1.2333,-0.6167,-1.1639,-0.6246,-0.2614,0.0000,0.0000,0.0000,0.7259,0.1405,-5.5763,40.016,2319,0.0000,0.0000,0.0699,0,2,0.163
70.352,0,1,7,-1.2333,-0.6167,-1.1639,-0.6246,-0.3082,0.0000,0.0000,0.0000,0.7259,0.1405,-5.5763,40.118,2319,0.0000,0.0000,0.0699,0,2,0.153
70.450,0,1,7,-1.2333,-0.6167,-1.1639,-0.6246,-0.3736,0.0000,0.0000,0.0000,0.7259,0.1405,-5.5763,40.216,2319,0.0000,0.0000,0.0699,0,2,0.149
70.550,0,1,7,-1.2333,-0.6167,-1.1639,-0.6246,-0.4306,0.0000,0.0000,0.0000,0.7259,0.1405,-5.5763,40.316,2319,0.0000,0.0000,0.0699,0,2,0.157
70.651,0,1,7,-1.2333,-0.6167,-1.1639,-0.6246,-0.4854,0.0000,0.0000,0.0000,0.7259,0.1405,-5.5763,40.417,2319,0.0000,0.0000,0.0699,0,2,0.149
70.750,0,1,7,-1.2333,-0.6167,-1.1639,-0.6246,-0.5409,0.0000,0.0000,0.0000,0.7259,0.1405,-5.5763,40.516,2319,0.0000,0.0000,0.0699,0,2,0.152
70.850,0,1,7,-1.2333,-0.6167,-1.1639,-0.6246,-0.5947,0.0000,0.0000,0.0000,0.7259,0.1405,-5.5763,40.616,2319,0.0000,0.0000,0.0699,0,2,0.152
70.950,0,1,7,-1.2333,-0.6167,-1.1639,-0.6246,-0.6485,0.0000,0.0000,0.0000,0.7259,0.1405,-5.5763,40.716,2319,0.0000,0.0000,0.0699,0,2,0.160
71.050,0,1,7,-1.2333,-0.6167,-1.1639,-0.6246,-0.7054,0.0000,0.0000,0.0000,0.7259,0.1405,-5.5763,40.816,2319,0.0000,0.0000,0.0699,0,2,0.152
71.150,0,1,7,-1.2333,-0.6167,-1.1639,-0.6246,-0.7611,0.0000,0.0000,0.0000,0.7259,0.1405,-5.5763,40.916,2319,0.0000,0.0000,0.0699,0,2,0.147
71.250,0,1,7,-1.2333,-0.6167,-1.1639,-0.6246,-0.8168,0.0000,0.0000,0.0000,0.7259,0.1405,-5.5763,41.016,2319,0.0000,0.0000,0.0699,0,2,0.143
71.350,0,1,7,-1.2333,-0.6167,-1.1639,-0.6246,-0.8732,0.0000,0.0000,0.0000,0.7259,0.1405,-5.5763,41.116,2319,0.0000,0.0000,0.0699,0,2,0.154
71.450,0,1,7,-1.2333,-0.6167,-1.1639,-0.6246,-0.9272,0.0000,0.0000,0.0000,0.7259,0.1405,-5.5763,41.216,2319,0.0000,0.0000,0.0699,0,2,0.142
71.550,0,1,7,-1.2333,-0.6167,-1.1639,-0.6246,-0.9811,0.0000,0.0000,0.0000,0.7259,0.1405,-5.5763,41.316,2319,0.0000,0.0000,0.0699,0,2,0.153
71.650,0,1,7,-1.2333,-0.6167,-1.1639,-0.6246,-1.0351,0.0000,0.0000,0.0000,0.7259,0.1405,-5.5763,41.416,2319,0.0000,0.0000,0.0699,0,2,0.157
71.750,0,1,7,-1.2333,-0.6167,-1.1639,-0.6246,-1.0917,0.0000,0.0000,0.0000,0.7259,0.1405,-5.5763,41.516,2319,0.0000,0.0000,0.0699,0,2,0.164
71.850,0,1,7,-1.2333,-0.6167,-1.1639,-0.6246,-1.1471,0.0000,0.0000,0.0000,0.7259,0.1405,-5.5763,41.616,2319,0.0000,0.0000,0.0699,0,2,0.147
71.951,0,2,0,-1.2333,-0.6167,-1.1639,-0.6246,-1.2038,0.0000,0.0000,0.0000,0.7259,0.1405,-5.5763,41.716,2319,-0.0466,-0.0007,0.0699,0,2,0.156
72.053,0,2,1,-1.2333,-1.2333,-1.1672,-0.6246,-1.0849,0.0000,0.0000,0.0000,0.7259,0.1405,-5.5763,41.818,2319,0.0032,-0.1160,0.6123,0,2,0.152
72.151,0,2,1,-1.2333,-1.2333,-1.1692,-0.6308,-0.5813,0.0000,0.0000,0.0000,0.7259,0.1405,-5.5763,41.917,2319,-0.0265,-0.1044,0.6060,0,2,0.172
72.250,0,2,1,-1.2333,-1.2333,-1.1712,-0.6415,0.0500,0.0000,0.0000,0.0000,0.7259,0.1405,-5.5763,42.016,2319,0.0043,-0.1168,0.5951,0,2,0.150
72.351,0,2,1,-1.2333,-1.2333,-1.1708,-0.6531,0.4069,0.0000,0.0000,0.0000,0.7259,0.1405,-5.5763,42.117,2319,0.0086,-0.1213,0.5836,0,2,0.137
72.450,0,2,1,-1.2333,-1.2333,-1.1701,-0.6650,0.4346,0.0000,0.0000,0.0000,0.7259,0.1405,-5.5763,42.216,2319,-0.0101,-0.1029,0.5718,0,2,0.189
72.550,0,2,1,-1.2333,-1.2333,-1.1704,-0.6759,0.6693,0.0000,0.0000,0.0000,0.7259,0.1405,-5.5763,42.316,2319,0.0024,-0.1156,0.5610,0,2,0.153
72.650,0,2,1,-1.2333,-1.2333,-1.1708,-0.6874,0.8154,0.0000,0.0000,0.0000,0.7259,0.1405,-5.5763,42.416,2319,-0.0243,-0.1089,0.5495,0,2,0.172
72.751,0,2,1,-1.2333,-1.2333,-1.1732,-0.6977,0.9230,0.0000,0.0000,0.0000,0.7259,0.1405,-5.5763,42.516,2319,-0.0244,-0.0887,0.5390,0,2,0.171
72.850,0,2,1,-1.2333,-1.2333,-1.1754,-0.7063,1.2159,0.0000,0.0000,0.0000,0.7259,0.1405,-5.5763,42.616,2319,-0.0291,-0.0838,0.5302,0,2,0.157
72.950,0,2,1,-1.2333,-1.2333,-1.1776,-0.7154,1.2114,0.0000,0.0000,0.0000,0.7259,0.1405,-5.5763,42.716,2319,-0.0200,-0.0927,0.5209,0,2,0.182
73.050,0,2,1,-1.2333,-1.2333,-1.1792,-0.7249,1.2612,0.0000,0.0000,0.0000,0.7259,0.1405,-5.5763,42.816,2319,-0.0288,-0.0839,0.5113,0,2,0.157
73.150,0,2,1,-1.2333,-1.2333,-1.1816,-0.7337,1.3434,0.0000,0.0000,0.0000,0.7259,0.1405,-5.5763,42.916,2319,0.0089,-0.0899,0.5023,0,2,0.152
73.250,0,2,1,-1.2333,-1.2333,-1.1823,-0.7428,1.3888,0.0000,0.0000,0.0000,0.7259,0.1405,-5.5763,43.016,2319,0.0074,-0.0905,0.4932,0,2,0.155
73.351,0,2,1,-1.2333,-1.2333,-1.1814,-0.7517,1.3757,0.0000,0.0000,0.0000,0.7259,0.1405,-5.5763,43.117,2319,0.0246,-0.0832,0.4844,0,2,0.117
73.451,0,2,1,-1.2333,-1.2333,-1.1788,-0.7599,1.2712,0.0000,0.0000,0.0000,0.7259,0.1405,-5.5763,43.217,2319,0.0230,-0.0835,0.4765,0,2,0.119
73.550,0,2,1,-1.2333,-1.2333,-1.1765,-0.7682,1.4356,0.0000,0.0000,0.0000,0.7259,0.1405,-5.5763,43.316,2319,-0.0068,-0.0954,0.4686,0,2,0.182
73.650,0,2,1,-1.2333,-1.2333,-1.1757,-0.7773,1.5670,0.0000,0.0000,0.0000,0.7259,0.1405,-5.5763,43.416,2319,-0.0483,-0.0852,0.4597,0,2,0.129
73.750,0,2,1,-1.2333,-1.2333,-1.1786,-0.7858,1.5289,0.0000,0.0000,0.0000,0.7259,0.1405,-5.5763,43.516,2319,-0.0535,-0.0830,0.4509,0,2,0.117
73.851,0,2,1,-1.2333,-1.2333,-1.1837,-0.7944,1.2530,0.0000,0.0000,0.0000,0.7259,0.1405,-5.5763,43.616,2319,-0.0526,-0.0831,0.4417,0,2,0.117
73.950,0,2,1,-1.2333,-1.2333,-1.1886,-0.8026,1.3821,0.0000,0.0000,0.0000,0.7259,0.1405,-5.5763,43.716,2319,-0.0517,-0.0832,0.4330,0,2,0.117
74.051,0,2,1,-1.2333,-1.2333,-1.1924,-0.8117,1.3163,0.0000,0.0000,0.0000,0.7259,0.1405,-5.5763,43.817,2319,0.0289,-0.0992,0.4236,0,2,0.117
74.150,0,2,1,-1.2333,-1.2333,-1.1893,-0.8214,1.7222,0.0000,0.0000,0.0000,0.7259,0.1405,-5.5763,43.916,2319,0.0279,-0.0991,0.4143,0,2,0.117
74.250,0,2,1,-1.2333,-1.2333,-1.1863,-0.8311,1.5883,0.0000,0.0000,0.0000,0.7259,0.1405,-5.5763,44.016,2319,0.0269,-0.0989,0.4050,0,2,0.117
74.351,0,2,1,-1.2333,-1.2333,-1.1837,-0.8411,1.6036,0.0000,0.0000,0.0000,0.7259,0.1405,-5.5763,44.116,2319,-0.0520,-0.0988,0.3954,0,2,0.127
74.450,0,2,1,-1.2333,-1.2333,-1.1865,-0.8510,1.4519,0.0000,0.0000,0.0000,0.7259,0.1405,-5.5763,44.216,2319,-0.0566,-0.0988,0.3852,0,2,0.117
74.550,0,2,1,-1.2333,-1.2333,-1.1918,-0.8611,1.3156,0.0000,0.0000,0.0000,0.7259,0.1405,-5.5763,44.316,2319,-0.0556,-0.0990,0.3745,0,2,0.117
74.650,0,2,1,-1.2333,-1.2333,-1.1971,-0.8713,1.4468,0.0000,0.0000,0.0000,0.7259,0.1405,-5.5763,44.416,2319,0.0254,-0.1150,0.3639,0,2,0.117
74.750,0,2,1,-1.2333,-1.2333,-1.1970,-0.8821,1.6667,0.0000,0.0000,0.0000,0.7259,0.1405,-5.5763,44.516,2319,0.0251,-0.1150,0.3531,0,2,0.117
74.853,0,2,1,-1.2333,-1.2333,-1.1940,-0.8947,1.6680,0.0000,0.0000,0.0000,0.7259,0.1405,-5.5763,44.619,2319,0.0104,-0.1093,0.3409,0,2,0.146
74.950,0,2,1,-1.2333,-1.2333,-1.1934,-0.9043,1.5847,0.0000,0.0000,0.0000,0.7259,0.1405,-5.5763,44.716,2319,-0.0247,-0.1029,0.3314,0,2,0.179
75.050,0,2,1,-1.2333,-1.2333,-1.1959,-0.9151,1.6542,0.0000,0.0000,0.0000,0.7259,0.1405,-5.5763,44.816,2319,-0.0234,-0.1026,0.3205,0,2,0.181
75.150,0,2,1,-1.2333,-1.2333,-1.1991,-0.9257,1.6819,0.0000,0.0000,0.0000,0.7259,0.1405,-5.5763,44.916,2319,-0.0473,-0.1128,0.3095,0,2,0.128
75.250,0,2,1,-1.2333,-1.2333,-1.2032,-0.9370,1.5602,0.0000,0.0000,0.0000,0.7259,0.1405,-5.5763,45.016,2319,-0.0376,-0.1093,0.2979,0,2,0.147
75.350,0,2,1,-1.2333,-1.2333,-1.2057,-0.9482,1.4911,0.0000,0.0000,0.0000,0.7259,0.1405,-5.5763,45.116,2319,0.0111,-0.1229,0.2864,0,2,0.133
75.450,0,2,1,-1.2333,-1.2333,-1.2047,-0.9605,1.4551,0.0000,0.0000,0.0000,0.7259,0.1405,-5.5763,45.216,2319,0.0004,-0.1129,0.2744,0,2,0.161
75.551,0,2,1,-1.2333,-1.2333,-1.2048,-0.9713,1.5231,0.0000,0.0000,0.0000,0.7259,0.1405,-5.5763,45.316,2319,-0.0014,-0.1114,0.2636,0,2,0.165
75.650,0,2,1,-1.2333,-1.2333,-1.2049,-0.9823,1.4595,0.0000,0.0000,0.0000,0.7259,0.1405,-5.5763,45.416,2319,-0.0051,-0.1082,0.2527,0,2,0.174
75.750,0,2,1,-1.2333,-1.2333,-1.2049,-0.9935,1.5068,0.0000,0.0000,0.0000,0.7259,0.1405,-5.5763,45.516,2319,-0.0204,-0.1046,0.2416,0,2,0.184
75.852,0,2,1,-1.2333,-1.2333,-1.2064,-1.0040,1.5285,0.0000,0.0000,0.0000,0.7259,0.1405,-5.5763,45.618,2319,-0.0182,-0.1025,0.2309,0,2,0.190
75.950,0,2,1,-1.2333,-1.2333,-1.2082,-1.0146,1.4806,0.0000,0.0000,0.0000,0.7259,0.1405,-5.5763,45.716,2319,-0.0144,-0.0990,0.2201,0,2,0.215
76.051,0,2,1,-1.2333,-1.2333,-1.2096,-1.0247,1.5158,0.0000,0.0000,0.0000,0.7259,0.1405,-5.5763,45.817,2319,-0.0143,-0.0990,0.2100,0,2,0.223
76.150,0,2,1,-1.2333,-1.2333,-1.2108,-1.0347,1.3313,0.0000,0.0000,0.0000,0.7259,0.1405,-5.5763,45.916,2319,-0.0143,-0.0990,0.1999,0,2,0.207
76.252,0,2,1,-1.2333,-1.2333,-1.2119,-1.0446,1.4788,0.0000,0.0000,0.0000,0.7259,0.1405,-5.5763,46.018,2319,-0.0142,-0.0990,0.1899,0,2,0.245
76.352,0,2,1,-1.2333,-1.2333,-1.2131,-1.0548,1.5551,0.0000,0.0000,0.0000,0.7259,0.1405,-5.5763,46.118,2319,-0.0142,-0.0990,0.1797,0,2,0.243
76.450,0,2,1,-1.2333,-1.2333,-1.2142,-1.0644,1.6325,0.0000,0.0000,0.0000,0.7259,0.1405,-5.5763,46.216,2319,-0.0142,-0.0990,0.1700,0,2,0.244
76.550,0,2,1,-1.2333,-1.2333,-1.2154,-1.0744,1.4685,0.0000,0.0000,0.0000,0.7259,0.1405,-5.5763,46.316,2319,-0.0142,-0.0990,0.1600,0,2,0.218
76.650,0,2,1,-1.2333,-1.2333,-1.2166,-1.0846,1.5462,0.0000,0.0000,0.0000,0.7259,0.1405,-5.5763,46.416,2319,-0.0142,-0.0990,0.1496,0,2,0.237
76.750,0,2,1,-1.2333,-1.2333,-1.2177,-1.0944,1.5643,0.0000,0.0000,0.0000,0.7259,0.1405,-5.5763,46.516,2319,-0.0142,-0.0990,0.1398,0,2,0.241
76.850,0,2,1,-1.2333,-1.2333,-1.2189,-1.1043,1.4994,0.0000,0.0000,0.0000,0.7259,0.1405,-5.5763,46.616,2319,-0.0141,-0.0990,0.1299,0,2,0.260
76.950,0,2,1,-1.2333,-1.2333,-1.2200,-1.1141,1.5537,0.0000,0.0000,0.0000,0.7259,0.1405,-5.5763,46.716,2319,-0.0135,-0.0950,0.1200,0,2,0.265
77.050,0,2,1,-1.2333,-1.2333,-1.2211,-1.1238,1.4363,0.0000,0.0000,0.0000,0.7259,0.1405,-5.5763,46.816,2319,-0.0124,-0.0873,0.1102,0,2,0.248
77.150,0,2,1,-1.2333,-1.2333,-1.2221,-1.1324,1.4038,0.0000,0.0000,0.0000,0.7259,0.1405,-5.5763,46.916,2319,-0.0114,-0.0805,0.1016,0,2,0.232
77.250,0,2,1,-1.2333,-1.2333,-1.2231,-1.1405,1.3204,0.0000,0.0000,0.0000,0.7259,0.1405,-5.5763,47.016,2319,-0.0104,-0.0740,0.0934,0,2,0.213
77.350,0,2,1,-1.2333,-1.2333,-1.2239,-1.1479,1.4771,0.0000,0.0000,0.0000,0.7259,0.1405,-5.5763,47.116,2319,-0.0096,-0.0681,0.0860,0,2,0.209
77.450,0,2,1,-1.2333,-1.2333,-1.2247,-1.1546,1.4604,0.0000,0.0000,0.0000,0.7259,0.1405,-5.5763,47.216,2319,-0.0088,-0.0628,0.0792,0,2,0.208
77.553,0,2,2,-0.6167,-1.2333,-1.2254,-1.1610,1.5035,0.0000,0.0000,0.0000,0.7259,0.1405,-5.5763,47.319,2319,0.0989,-0.0148,0.6130,0,2,0.214
77.651,0,2,2,-0.6167,-1.2333,-1.2201,-1.1637,1.4869,0.0000,0.0000,0.0000,0.7259,0.1405,-5.5763,47.416,2319,0.0990,-0.0144,0.6074,0,2,0.208
77.750,0,2,2,-0.6167,-1.2333,-1.2103,-1.1649,1.1170,0.0000,0.0000,0.0000,0.7259,0.1405,-5.5763,47.516,2319,0.1001,-0.0117,0.5976,0,2,0.194
77.850,0,2,2,-0.6167,-1.2333,-1.2003,-1.1659,1.0127,0.0000,0.0000,0.0000,0.7259,0.1405,-5.5763,47.616,2319,0.0990,-0.0145,0.5875,0,2,0.209
77.950,0,2,2,-0.6167,-1.2333,-1.1903,-1.1670,1.2033,0.0000,0.0000,0.0000,0.7259,0.1405,-5.5763,47.716,2319,0.0989,-0.0145,0.5775,0,2,0.221
78.050,0,2,2,-0.6167,-1.2333,-1.1805,-1.1682,1.1810,0.0000,0.0000,0.0000,0.7259,0.1405,-5.5763,47.816,2319,0.0990,-0.0144,0.5676,0,2,0.213
78.150,0,2,2,-0.6167,-1.2333,-1.1706,-1.1695,1.1794,0.0000,0.0000,0.0000,0.7259,0.1405,-5.5763,47.916,2319,0.0990,-0.0144,0.5576,0,2,0.233
78.250,0,2,2,-0.6167,-1.2333,-1.1606,-1.1708,1.1946,0.0000,0.0000,0.0000,0.7259,0.1405,-5.5763,48.016,2319,0.0990,-0.0144,0.5475,0,2,0.236
78.350,0,2,2,-0.6167,-1.2333,-1.1508,-1.1719,1.5031,0.0000,0.0000,0.0000,0.7259,0.1405,-5.5763,48.116,2319,0.0990,-0.0144,0.5377,0,2,0.239
78.450,0,2,2,-0.6167,-1.2333,-1.1406,-1.1732,1.3508,0.0000,0.0000,0.0000,0.7259,0.1405,-5.5763,48.216,2319,0.0990,-0.0144,0.5274,0,2,0.233
78.550,0,2,2,-0.6167,-1.2333,-1.1307,-1.1743,1.4623,0.0000,0.0000,0.0000,0.7259,0.1405,-5.5763,48.316,2319,0.0990,-0.0144,0.5174,0,2,0.227
78.651,0,2,2,-0.6167,-1.2333,-1.1210,-1.1756,1.3594,0.0000,0.0000,0.0000,0.7259,0.1405,-5.5763,48.417,2319,0.0990,-0.0144,0.5077,0,2,0.259
78.750,0,2,2,-0.6167,-1.2333,-1.1112,-1.1767,1.5415,0.0000,0.0000,0.0000,0.7259,0.1405,-5.5763,48.516,2319,0.0990,-0.0144,0.4978,0,2,0.237
78.850,0,2,2,-0.6167,-1.2333,-1.1010,-1.1779,1.4854,0.0000,0.0000,0.0000,0.7259,0.1405,-5.5763,48.616,2319,0.0990,-0.0143,0.4875,0,2,0.229
78.950,0,2,2,-0.6167,-1.2333,-1.0913,-1.1791,1.4487,0.0000,0.0000,0.0000,0.7259,0.1405,-5.5763,48.716,2319,0.0990,-0.0143,0.4777,0,2,0.243
79.050,0,2,2,-0.6167,-1.2333,-1.0814,-1.1803,1.3251,0.0000,0.0000,0.0000,0.7259,0.1405,-5.5763,48.816,2319,0.0990,-0.0143,0.4677,0,2,0.247
79.150,0,2,2,-0.6167,-1.2333,-1.0713,-1.1815,1.3264,0.0000,0.0000,0.0000,0.7259,0.1405,-5.5763,48.916,2319,0.0990,-0.0143,0.4576,0,2,0.244
79.250,0,2,2,-0.6167,-1.2333,-1.0614,-1.1827,1.3578,0.0000,0.0000,0.0000,0.7259,0.1405,-5.5763,49.016,2319,0.0990,-0.0143,0.4476,0,2,0.248
79.351,0,2,2,-0.6167,-1.2333,-1.0524,-1.1838,1.3955,0.0000,0.0000,0.0000,0.7259,0.1405,-5.5763,49.117,2319,0.0990,-0.0143,0.4386,0,2,0.245
79.450,0,2,2,-0.6167,-1.2333,-1.0415,-1.1851,1.2677,0.0000,0.0000,0.0000,0.7259,0.1405,-5.5763,49.216,2319,0.0990,-0.0143,0.4276,0,2,0.242
79.550,0,2,2,-0.6167,-1.2333,-1.0317,-1.1862,1.3886,0.0000,0.0000,0.0000,0.7259,0.1405,-5.5763,49.316,2319,0.0990,-0.0143,0.4177,0,2,0.248
79.650,0,2,2,-0.6167,-1.2333,-1.0217,-1.1874,1.4258,0.0000,0.0000,0.0000,0.7259,0.1405,-5.5763,49.416,2319,0.0990,-0.0142,0.4077,0,2,0.248
79.750,0,2,2,-0.6167,-1.2333,-1.0118,-1.1886,1.3028,0.0000,0.0000,0.0000,0.7259,0.1405,-5.5763,49.516,2319,0.0990,-0.0142,0.3977,0,2,0.236
79.851,0,2,2,-0.6167,-1.2333,-1.0017,-1.1898,1.3981,0.0000,0.0000,0.0000,0.7259,0.1405,-5.5763,49.616,2319,0.0990,-0.0142,0.3875,0,2,0.220
79.950,0,2,2,-0.6167,-1.2333,-0.9920,-1.1910,1.4172,0.0000,0.0000,0.0000,0.7259,0.1405,-5.5763,49.716,2319,0.0916,-0.0111,0.3777,0,2,0.184
80.050,0,2,2,-0.6167,-1.2333,-0.9824,-1.1920,1.3950,0.0000,0.0000,0.0000,0.7259,0.1405,-5.5763,49.816,2319,0.0990,-0.0142,0.3681,0,2,0.218
80.150,0,2,2,-0.6167,-1.2333,-0.9725,-1.1932,1.2974,0.0000,0.0000,0.0000,0.7259,0.1405,-5.5763,49.916,2319,0.0897,-0.0104,0.3581,0,2,0.180
80.251,0,2,2,-0.6167,-1.2333,-0.9637,-1.1940,1.2700,0.0000,0.0000,0.0000,0.7259,0.1405,-5.5763,50.016,2319,0.0851,-0.0085,0.3492,0,2,0.170
80.350,0,2,2,-0.6167,-1.2333,-0.9547,-1.1947,1.3527,0.0000,0.0000,0.0000,0.7259,0.1405,-5.5763,50.116,2319,0.0907,-0.0109,0.3403,0,2,0.182
80.450,0,2,2,-0.6167,-1.2333,-0.9455,-1.1957,1.2352,0.0000,0.0000,0.0000,0.7259,0.1405,-5.5763,50.216,2319,0.0976,-0.0138,0.3309,0,2,0.197
80.550,0,2,2,-0.6167,-1.2333,-0.9361,-1.1967,1.3669,0.0000,0.0000,0.0000,0.7259,0.1405,-5.5763,50.316,2319,0.0865,-0.0092,0.3215,0,2,0.173
80.650,0,2,2,-0.6167,-1.2333,-0.9276,-1.1974,1.2656,0.0000,0.0000,0.0000,0.7259,0.1405,-5.5763,50.416,2319,0.0735,-0.0040,0.3130,0,2,0.145
80.750,0,2,2,-0.6167,-1.2333,-0.9204,-1.1975,1.3748,0.0000,0.0000,0.0000,0.7259,0.1405,-5.5763,50.516,2319,0.0666,-0.0013,0.3058,0,2,0.130
80.850,0,2,2,-0.6167,-1.2333,-0.9138,-1.1975,1.4078,0.0000,0.0000,0.0000,0.7259,0.1405,-5.5763,50.616,2319,0.0642,-0.0006,0.2993,0,2,0.125
80.950,0,2,2,-0.6167,-1.2333,-0.9073,-1.1974,1.4154,0.0000,0.0000,0.0000,0.7259,0.1405,-5.5763,50.716,2319,0.0623,-0.0001,0.2928,0,2,0.121
81.052,0,2,2,-0.6167,-1.2333,-0.9003,-1.1974,1.3573,0.0000,0.0000,0.0000,0.7259,0.1405,-5.5763,50.818,2319,0.0641,-0.0012,0.2859,0,2,0.125
81.151,0,2,2,-0.6167,-1.2333,-0.8938,-1.1975,1.3258,0.0000,0.0000,0.0000,0.7259,0.1405,-5.5763,50.917,2319,0.0844,-0.0099,0.2795,0,2,0.169
81.250,0,2,2,-0.6167,-1.2333,-0.8854,-1.1984,1.2345,0.0000,0.0000,0.0000,0.7259,0.1405,-5.5763,51.016,2319,0.0655,-0.0021,0.2709,0,2,0.128
81.350,0,2,2,-0.6167,-1.2333,-0.8772,-1.1990,1.4793,0.0000,0.0000,0.0000,0.7259,0.1405,-5.5763,51.116,2319,0.0987,-0.0160,0.2628,0,2,0.303
81.450,0,2,2,-0.6167,-1.2333,-0.8672,-1.2004,1.2758,0.0000,0.0000,0.0000,0.7259,0.1405,-5.5763,51.216,2319,0.0987,-0.0160,0.2527,0,2,0.320
81.550,0,2,2,-0.6167,-1.2333,-0.8574,-1.2019,0.9428,0.0000,0.0000,0.0000,0.7259,0.1405,-5.5763,51.316,2319,0.0987,-0.0159,0.2428,0,2,0.318
81.650,0,2,2,-0.6167,-1.2333,-0.8481,-1.2027,0.9285,0.0000,0.0000,0.0000,0.7259,0.1405,-5.5763,51.416,2319,0.0792,0.0033,0.2334,0,2,0.145
81.750,0,2,2,-0.6167,-1.2333,-0.8404,-1.2019,0.9618,0.0000,0.0000,0.0000,0.7259,0.1405,-5.5763,51.516,2319,0.0692,0.0125,0.2259,0,2,0.117
81.850,0,2,2,-0.6167,-1.2333,-0.8337,-1.2006,1.0534,0.0000,0.0000,0.0000,0.7259,0.1405,-5.5763,51.616,2319,0.0690,0.0115,0.2195,0,2,0.117
81.950,0,2,2,-0.6167,-1.2333,-0.8267,-1.1993,1.0764,0.0000,0.0000,0.0000,0.7259,0.1405,-5.5763,51.716,2319,0.0688,0.0104,0.2128,0,2,0.117
82.050,0,2,2,-0.6167,-1.2333,-0.8198,-1.1982,0.8125,0.0000,0.0000,0.0000,0.7259,0.1405,-5.5763,51.816,2319,0.0686,0.0094,0.2062,0,2,0.117
82.151,0,2,2,-0.6167,-1.2333,-0.8127,-1.1971,0.8014,0.0000,0.0000,0.0000,0.7259,0.1405,-5.5763,51.917,2319,0.0684,0.0082,0.1994,0,2,0.117
82.250,0,2,2,-0.6167,-1.2333,-0.8057,-1.1967,0.8278,0.0000,0.0000,0.0000,0.7259,0.1405,-5.5763,52.016,2319,0.0976,-0.0220,0.1926,0,2,0.318
82.351,0,2,2,-0.6167,-1.2333,-0.7962,-1.1984,0.9136,0.0000,0.0000,0.0000,0.7259,0.1405,-5.5763,52.117,2319,0.0975,-0.0221,0.1829,0,2,0.275
82.450,0,2,2,-0.6167,-1.2333,-0.7867,-1.1998,0.8920,0.0000,0.0000,0.0000,0.7259,0.1405,-5.5763,52.216,2319,0.0816,0.0160,0.1733,0,2,0.117
82.550,0,2,2,-0.6167,-1.2333,-0.7785,-1.1984,1.0023,0.0000,0.0000,0.0000,0.7259,0.1405,-5.5763,52.316,2319,0.0812,0.0143,0.1656,0,2,0.117
82.650,0,2,2,-0.6167,-1.2333,-0.7702,-1.1968,1.0581,0.0000,0.0000,0.0000,0.7259,0.1405,-5.5763,52.416,2319,0.0807,0.0123,0.1578,0,2,0.117
82.751,0,2,2,-0.6167,-1.2333,-0.7624,-1.1955,1.1692,0.0000,0.0000,0.0000,0.7259,0.1405,-5.5763,52.516,2319,0.0801,0.0103,0.1506,0,2,0.117
82.850,0,2,2,-0.6167,-1.2333,-0.7544,-1.1943,1.1938,0.0000,0.0000,0.0000,0.7259,0.1405,-5.5763,52.616,2319,0.0925,-0.0232,0.1431,0,2,0.185
82.950,0,2,2,-0.6167,-1.2333,-0.7452,-1.1959,1.0261,0.0000,0.0000,0.0000,0.7259,0.1405,-5.5763,52.716,2319,0.0821,-0.0439,0.1339,0,2,0.163
83.050,0,2,2,-0.6167,-1.2333,-0.7367,-1.1999,1.0028,0.0000,0.0000,0.0000,0.7259,0.1405,-5.5763,52.816,2319,0.0786,-0.0462,0.1246,0,2,0.153
83.150,0,2,2,-0.6167,-1.2333,-0.7284,-1.2033,0.8894,0.0000,0.0000,0.0000,0.7259,0.1405,-5.5763,52.916,2319,0.0886,0.0117,0.1157,0,2,0.117
83.250,0,2,2,-0.6167,-1.2333,-0.7197,-1.2022,1.1535,0.0000,0.0000,0.0000,0.7259,0.1405,-5.5763,53.016,2319,0.0817,0.0084,0.1077,0,2,0.117
83.351,0,2,2,-0.6167,-1.2333,-0.7114,-1.2012,1.2597,0.0000,0.0000,0.0000,0.7259,0.1405,-5.5763,53.117,2319,0.0750,0.0053,0.1001,0,2,0.117
83.450,0,2,2,-0.6167,-1.2333,-0.7039,-1.2006,1.1853,0.0000,0.0000,0.0000,0.7259,0.1405,-5.5763,53.216,2319,0.0690,0.0026,0.0932,0,2,0.117
83.550,0,2,2,-0.6167,-1.2333,-0.6972,-1.2002,1.1551,0.0000,0.0000,0.0000,0.7259,0.1405,-5.5763,53.316,2319,0.0636,-0.0051,0.0871,0,2,0.133
83.650,0,2,2,-0.6167,-1.2333,-0.6907,-1.2011,0.9990,0.0000,0.0000,0.0000,0.7259,0.1405,-5.5763,53.416,2319,0.0584,-0.0275,0.0807,0,2,0.332
83.750,0,2,2,-0.6167,-1.2333,-0.6849,-1.2037,1.2161,0.0000,0.0000,0.0000,0.7259,0.1405,-5.5763,53.516,2319,0.0538,-0.0253,0.0744,0,2,0.313
83.850,0,2,3,0.0000,-1.2333,-0.6784,-1.2056,1.3179,0.0000,0.0000,0.0000,0.7259,0.1405,-5.5763,53.616,2319,0.0997,-0.0486,0.6790,0,2,0.117
83.950,0,2,3,0.0000,-1.2333,-0.6679,-1.2080,1.3535,0.0000,0.0000,0.0000,0.7259,0.1405,-5.5763,53.716,2319,0.1157,0.0315,0.6684,0,2,0.117
84.051,0,2,3,0.0000,-1.2333,-0.6566,-1.2046,1.3328,0.0000,0.0000,0.0000,0.7259,0.1405,-5.5763,53.816,2319,0.1156,0.0310,0.6572,0,2,0.117
84.153,0,2,3,0.0000,-1.2333,-0.6452,-1.2029,1.3742,0.0000,0.0000,0.0000,0.7259,0.1405,-5.5763,53.918,2319,0.0838,-0.0461,0.6459,0,2,0.117
84.250,0,2,3,0.0000,-1.2333,-0.6374,-1.2069,1.2154,0.0000,0.0000,0.0000,0.7259,0.1405,-5.5763,54.016,2319,0.0839,-0.0455,0.6379,0,2,0.117
84.350,0,2,3,0.0000,-1.2333,-0.6287,-1.2112,1.2852,0.0000,0.0000,0.0000,0.7259,0.1405,-5.5763,54.116,2319,0.0839,-0.0449,0.6290,0,2,0.117
84.450,0,2,3,0.0000,-1.2333,-0.6198,-1.2145,1.1194,0.0000,0.0000,0.0000,0.7259,0.1405,-5.5763,54.216,2319,0.0998,-0.0060,0.6201,0,2,0.240
84.550,0,2,3,0.0000,-1.2333,-0.6098,-1.2146,1.2094,0.0000,0.0000,0.0000,0.7259,0.1405,-5.5763,54.316,2319,0.1136,0.0077,0.6101,0,2,0.161
84.650,0,2,3,0.0000,-1.2333,-0.5982,-1.2136,1.2006,0.0000,0.0000,0.0000,0.7259,0.1405,-5.5763,54.416,2319,0.1217,0.0156,0.5985,0,2,0.138
84.750,0,2,3,0.0000,-1.2333,-0.5868,-1.2130,1.3530,0.0000,0.0000,0.0000,0.7259,0.1405,-5.5763,54.516,2319,0.0998,-0.0480,0.5872,0,2,0.117
84.851,0,2,3,0.0000,-1.2333,-0.5768,-1.2176,1.0592,0.0000,0.0000,0.0000,0.7259,0.1405,-5.5763,54.616,2319,0.0998,-0.0472,0.5770,0,2,0.117
84.950,0,2,3,0.0000,-1.2333,-0.5667,-1.2219,1.4621,0.0000,0.0000,0.0000,0.7259,0.1405,-5.5763,54.716,2319,0.0999,-0.0435,0.5668,0,2,0.123
85.050,0,2,3,0.0000,-1.2333,-0.5564,-1.2255,1.3646,0.0000,0.0000,0.0000,0.7259,0.1405,-5.5763,54.816,2319,0.0999,-0.0094,0.5565,0,2,0.190
85.150,0,2,3,0.0000,-1.2333,-0.5467,-1.2262,1.3600,0.0000,0.0000,0.0000,0.7259,0.1405,-5.5763,54.916,2319,0.0999,-0.0043,0.5467,0,2,0.202
85.250,0,2,3,0.0000,-1.2333,-0.5365,-1.2264,1.3862,0.0000,0.0000,0.0000,0.7259,0.1405,-5.5763,55.016,2319,0.1131,-0.0362,0.5365,0,2,0.131
85.350,0,2,3,0.0000,-1.2333,-0.5255,-1.2290,1.2794,0.0000,0.0000,0.0000,0.7259,0.1405,-5.5763,55.116,2319,0.1158,-0.0422,0.5255,0,2,0.117
85.450,0,2,3,0.0000,-1.2333,-0.5138,-1.2328,1.3772,0.0000,0.0000,0.0000,0.7259,0.1405,-5.5763,55.216,2319,0.1155,-0.0405,0.5138,0,2,0.119
85.550,0,2,3,0.0000,-1.2333,-0.5024,-1.2362,1.3261,0.0000,0.0000,0.0000,0.7259,0.1405,-5.5763,55.316,2319,0.1080,-0.0218,0.5024,0,2,0.158
85.650,0,2,3,0.0000,-1.2333,-0.4916,-1.2377,1.4000,0.0000,0.0000,0.0000,0.7259,0.1405,-5.5763,55.416,2319,0.1000,-0.0021,0.4917,0,2,0.213
85.750,0,2,3,0.0000,-1.2333,-0.4816,-1.2378,1.3542,0.0000,0.0000,0.0000,0.7259,0.1405,-5.5763,55.516,2319,0.1040,-0.0118,0.4817,0,2,0.179
85.850,0,2,3,0.0000,-1.2333,-0.4715,-1.2382,1.2448,0.0000,0.0000,0.0000,0.7259,0.1405,-5.5763,55.616,2319,0.1000,-0.0020,0.4716,0,2,0.244
85.950,0,2,3,0.0000,-1.2333,-0.4617,-1.2384,1.3288,0.0000,0.0000,0.0000,0.7259,0.1405,-5.5763,55.716,2319,0.1000,-0.0009,0.4617,0,2,0.198
86.050,0,2,3,0.0000,-1.2333,-0.4525,-1.2387,1.3507,0.0000,0.0000,0.0000,0.7259,0.1405,-5.5763,55.816,2319,0.0695,-0.0145,0.4526,0,2,0.134
86.150,0,2,3,0.0000,-1.2333,-0.4450,-1.2398,1.1583,0.0000,0.0000,0.0000,0.7259,0.1405,-5.5763,55.916,2319,0.0787,-0.0104,0.4450,0,2,0.154
86.251,0,2,3,0.0000,-1.2333,-0.4374,-1.2408,1.2627,0.0000,0.0000,0.0000,0.7259,0.1405,-5.5763,56.016,2319,0.0617,-0.0172,0.4374,0,2,0.117
86.351,0,2,3,0.0000,-1.2333,-0.4312,-1.2423,1.3575,0.0000,0.0000,0.0000,0.7259,0.1405,-5.5763,56.116,2319,0.0617,-0.0168,0.4313,0,2,0.117
86.450,0,2,3,0.0000,-1.2333,-0.4251,-1.2439,1.2360,0.0000,0.0000,0.0000,0.7259,0.1405,-5.5763,56.216,2319,0.0617,-0.0164,0.4252,0,2,0.117
86.550,0,2,3,0.0000,-1.2333,-0.4189,-1.2454,1.2271,0.0000,0.0000,0.0000,0.7259,0.1405,-5.5763,56.316,2319,0.0617,-0.0160,0.4191,0,2,0.117
86.650,0,2,3,0.0000,-1.2333,-0.4127,-1.2468,1.3581,0.0000,0.0000,0.0000,0.7259,0.1405,-5.5763,56.416,2319,0.0617,-0.0156,0.4129,0,2,0.117
86.750,0,2,3,0.0000,-1.2333,-0.4064,-1.2482,1.5237,0.0000,0.0000,0.0000,0.7259,0.1405,-5.5763,56.516,2319,0.0617,-0.0152,0.4067,0,2,0.117
86.850,0,2,3,0.0000,-1.2333,-0.4002,-1.2495,1.9383,0.0000,0.0000,0.0000,0.7259,0.1405,-5.5763,56.616,2319,0.0617,-0.0148,0.4005,0,2,0.117
86.950,0,2,3,0.0000,-1.2333,-0.3941,-1.2508,1.9927,0.0000,0.0000,0.0000,0.7259,0.1405,-5.5763,56.716,2319,0.0616,-0.0145,0.3945,0,2,0.117
87.050,0,2,3,0.0000,-1.2333,-0.3879,-1.2520,2.0338,0.0000,0.0000,0.0000,0.7259,0.1405,-5.5763,56.816,2319,0.0616,-0.0141,0.3883,0,2,0.117
87.150,0,2,3,0.0000,-1.2333,-0.3816,-1.2532,2.1092,0.0000,0.0000,0.0000,0.7259,0.1405,-5.5763,56.916,2319,0.0616,-0.0137,0.3821,0,2,0.117
87.250,0,2,3,0.0000,-1.2333,-0.3754,-1.2544,1.9294,0.0000,0.0000,0.0000,0.7259,0.1405,-5.5763,57.016,2319,0.0616,-0.0133,0.3760,0,2,0.117
87.352,0,2,3,0.0000,-1.2333,-0.3692,-1.2555,1.9696,0.0000,0.0000,0.0000,0.7259,0.1405,-5.5763,57.117,2319,0.0616,-0.0129,0.3699,0,2,0.117
87.453,0,2,3,0.0000,-1.2333,-0.3625,-1.2567,1.9493,0.0000,0.0000,0.0000,0.7259,0.1405,-5.5763,57.218,2319,0.0616,-0.0125,0.3633,0,2,0.117
87.552,0,2,3,0.0000,-1.2333,-0.3563,-1.2577,1.8635,0.0000,0.0000,0.0000,0.7259,0.1405,-5.5763,57.318,2319,0.0616,-0.0121,0.3571,0,2,0.117
87.650,0,2,3,0.0000,-1.2333,-0.3506,-1.2587,1.7263,0.0000,0.0000,0.0000,0.7259,0.1405,-5.5763,57.416,2319,0.0616,-0.0117,0.3516,0,2,0.117
87.750,0,2,3,0.0000,-1.2333,-0.3444,-1.2597,1.6363,0.0000,0.0000,0.0000,0.7259,0.1405,-5.5763,57.516,2319,0.0616,-0.0113,0.3454,0,2,0.117
87.850,0,2,3,0.0000,-1.2333,-0.3382,-1.2606,1.2922,0.0000,0.0000,0.0000,0.7259,0.1405,-5.5763,57.616,2319,0.0615,-0.0108,0.3393,0,2,0.117
87.951,0,2,3,0.0000,-1.2333,-0.3320,-1.2616,1.3431,0.0000,0.0000,0.0000,0.7259,0.1405,-5.5763,57.717,2319,0.0615,-0.0104,0.3332,0,2,0.117
88.051,0,2,3,0.0000,-1.2333,-0.3259,-1.2625,0.9522,0.0000,0.0000,0.0000,0.7259,0.1405,-5.5763,57.816,2319,0.0615,-0.0100,0.3272,0,2,0.117
88.150,0,2,3,0.0000,-1.2333,-0.3198,-1.2634,0.8960,0.0000,0.0000,0.0000,0.7259,0.1405,-5.5763,57.916,2319,0.0615,-0.0095,0.3212,0,2,0.117
88.251,0,2,3,0.0000,-1.2333,-0.3136,-1.2642,0.9953,0.0000,0.0000,0.0000,0.7259,0.1405,-5.5763,58.017,2319,0.0614,-0.0091,0.3151,0,2,0.117
88.350,0,2,3,0.0000,-1.2333,-0.3075,-1.2650,1.0381,0.0000,0.0000,0.0000,0.7259,0.1405,-5.5763,58.116,2319,0.0614,-0.0086,0.3091,0,2,0.117
88.450,0,2,3,0.0000,-1.2333,-0.3013,-1.2658,0.5333,0.0000,0.0000,0.0000,0.7259,0.1405,-5.5763,58.216,2319,0.0614,-0.0082,0.3031,0,2,0.117
88.550,0,2,3,0.0000,-1.2333,-0.2951,-1.2665,0.5596,0.0000,0.0000,0.0000,0.7259,0.1405,-5.5763,58.316,2319,0.0613,-0.0077,0.2970,0,2,0.117
88.651,0,2,3,0.0000,-1.2333,-0.2890,-1.2672,1.0068,0.0000,0.0000,0.0000,0.7259,0.1405,-5.5763,58.417,2319,0.0613,-0.0072,0.2910,0,2,0.117
88.750,0,2,3,0.0000,-1.2333,-0.2829,-1.2677,1.5996,0.0000,0.0000,0.0000,0.7259,0.1405,-5.5763,58.516,2319,0.0612,-0.0068,0.2849,0,2,0.117
88.850,0,2,3,0.0000,-1.2333,-0.2767,-1.2682,2.1312,0.0000,0.0000,0.0000,0.7259,0.1405,-5.5763,58.616,2319,0.0612,-0.0064,0.2789,0,2,0.117
88.950,0,2,3,0.0000,-1.2333,-0.2705,-1.2686,2.3881,0.0000,0.0000,0.0000,0.7259,0.1405,-5.5763,58.716,2319,0.0612,-0.0059,0.2728,0,2,0.117
89.050,0,2,3,0.0000,-1.2333,-0.2644,-1.2690,2.3846,0.0000,0.0000,0.0000,0.7259,0.1405,-5.5763,58.816,2319,0.0611,-0.0055,0.2668,0,2,0.117
89.150,0,2,3,0.0000,-1.2333,-0.2583,-1.2693,2.2018,0.0000,0.0000,0.0000,0.7259,0.1405,-5.5763,58.916,2319,0.0611,-0.0051,0.2608,0,2,0.117
89.251,0,2,3,0.0000,-1.2333,-0.2521,-1.2696,2.4907,0.0000,0.0000,0.0000,0.7259,0.1405,-5.5763,59.016,2319,0.0610,-0.0046,0.2547,0,2,0.117
89.352,0,2,3,0.0000,-1.2333,-0.2464,-1.2698,2.4728,0.0000,0.0000,0.0000,0.7259,0.1405,-5.5763,59.118,2319,0.0610,-0.0042,0.2490,0,2,0.117
89.452,0,2,3,0.0000,-1.2333,-0.2401,-1.2700,1.9288,0.0000,0.0000,0.0000,0.7259,0.1405,-5.5763,59.218,2319,0.0609,-0.0038,0.2429,0,2,0.117
89.551,0,2,3,0.0000,-1.2333,-0.2340,-1.2702,1.4375,0.0000,0.0000,0.0000,0.7259,0.1405,-5.5763,59.317,2319,0.0816,0.0053,0.2369,0,2,0.162
89.652,0,2,3,0.0000,-1.2333,-0.2257,-1.2694,1.5658,0.0000,0.0000,0.0000,0.7259,0.1405,-5.5763,59.418,2319,0.0886,0.0084,0.2286,0,2,0.177
89.752,0,2,3,0.0000,-1.2333,-0.2163,-1.2679,1.6038,0.0000,0.0000,0.0000,0.7259,0.1405,-5.5763,59.518,2319,0.1034,0.0230,0.2190,0,2,0.178
89.852,0,2,3,0.0000,-1.2333,-0.2062,-1.2654,1.7026,0.0000,0.0000,0.0000,0.7259,0.1405,-5.5763,59.617,2319,0.0992,0.0124,0.2087,0,2,0.202
89.951,0,2,3,0.0000,-1.2333,-0.1963,-1.2638,1.7341,0.0000,0.0000,0.0000,0.7259,0.1405,-5.5763,59.716,2319,0.0992,0.0123,0.1986,0,2,0.268
90.050,0,2,3,0.0000,-1.2333,-0.1864,-1.2623,1.5126,0.0000,0.0000,0.0000,0.7259,0.1405,-5.5763,59.816,2319,0.0826,-0.0043,0.1887,0,2,0.153
90.152,0,2,3,0.0000,-1.2333,-0.1780,-1.2624,1.4098,0.0000,0.0000,0.0000,0.7259,0.1405,-5.5763,59.918,2319,0.0698,-0.0162,0.1803,0,2,0.117
90.252,0,2,3,0.0000,-1.2333,-0.1709,-1.2637,1.3080,0.0000,0.0000,0.0000,0.7259,0.1405,-5.5763,60.018,2319,0.0696,-0.0148,0.1735,0,2,0.117
90.351,0,2,3,0.0000,-1.2333,-0.1639,-1.2649,1.4204,0.0000,0.0000,0.0000,0.7259,0.1405,-5.5763,60.117,2319,0.0694,-0.0134,0.1669,0,2,0.117
90.453,0,2,3,0.0000,-1.2333,-0.1568,-1.2661,1.3725,0.0000,0.0000,0.0000,0.7259,0.1405,-5.5763,60.219,2319,0.0691,-0.0118,0.1602,0,2,0.117
90.552,0,2,3,0.0000,-1.2333,-0.1499,-1.2671,1.5561,0.0000,0.0000,0.0000,0.7259,0.1405,-5.5763,60.318,2319,0.0688,-0.0103,0.1536,0,2,0.117
90.651,0,2,3,0.0000,-1.2333,-0.1430,-1.2679,1.3501,0.0000,0.0000,0.0000,0.7259,0.1405,-5.5763,60.417,2319,0.0685,-0.0088,0.1471,0,2,0.117
90.752,0,2,3,0.0000,-1.2333,-0.1351,-1.2675,1.3507,0.0000,0.0000,0.0000,0.7259,0.1405,-5.5763,60.518,2319,0.1101,0.0516,0.1394,0,2,0.135
90.851,0,2,3,0.0000,-1.2333,-0.1243,-1.2622,0.8645,0.0000,0.0000,0.0000,0.7259,0.1405,-5.5763,60.617,2319,0.1124,0.0543,0.1276,0,2,0.125
90.952,0,2,3,0.0000,-1.2333,-0.1133,-1.2567,0.9636,0.0000,0.0000,0.0000,0.7259,0.1405,-5.5763,60.718,2319,0.0991,0.0352,0.1157,0,2,0.155
91.053,0,2,3,0.0000,-1.2333,-0.1040,-1.2539,1.1052,0.0000,0.0000,0.0000,0.7259,0.1405,-5.5763,60.819,2319,0.0702,-0.0186,0.1060,0,2,0.117
91.151,0,2,3,0.0000,-1.2333,-0.0970,-1.2556,0.8986,0.0000,0.0000,0.0000,0.7259,0.1405,-5.5763,60.917,2319,0.0654,-0.0151,0.0995,0,2,0.117
91.252,0,2,3,0.0000,-1.2333,-0.0904,-1.2569,1.0060,0.0000,0.0000,0.0000,0.7259,0.1405,-5.5763,61.018,2319,0.0610,-0.0120,0.0934,0,2,0.117
91.352,0,2,3,0.0000,-1.2333,-0.0841,-1.2579,1.0381,0.0000,0.0000,0.0000,0.7259,0.1405,-5.5763,61.118,2319,0.0567,-0.0093,0.0877,0,2,0.117
91.452,0,2,3,0.0000,-1.2333,-0.0785,-1.2587,1.1995,0.0000,0.0000,0.0000,0.7259,0.1405,-5.5763,61.218,2319,0.0529,-0.0069,0.0825,0,2,0.117
91.551,0,2,3,0.0000,-1.2333,-0.0732,-1.2593,1.1422,0.0000,0.0000,0.0000,0.7259,0.1405,-5.5763,61.317,2319,0.0493,-0.0049,0.0777,0,2,0.117
91.655,0,2,3,0.0000,-1.2333,-0.0693,-1.2595,1.1244,0.0000,0.0000,0.0000,0.7259,0.1405,-5.5763,61.421,2319,0.0000,0.0000,0.0741,0,2,0.149
91.751,0,2,3,0.0000,-1.2333,-0.0692,-1.2595,1.0605,0.0000,0.0000,0.0000,0.7259,0.1405,-5.5763,61.517,2319,0.0000,0.0000,0.0740,0,2,0.174
91.851,0,2,3,0.0000,-1.2333,-0.0691,-1.2596,1.0131,0.0000,0.0000,0.0000,0.7259,0.1405,-5.5763,61.617,2319,0.0000,0.0000,0.0739,0,2,0.177
91.953,0,2,3,0.0000,-1.2333,-0.0691,-1.2596,0.9577,0.0000,0.0000,0.0000,0.7259,0.1405,-5.5763,61.718,2319,0.0000,0.0000,0.0739,0,2,0.168
92.051,0,2,3,0.0000,-1.2333,-0.0690,-1.2596,0.9037,0.0000,0.0000,0.0000,0.7259,0.1405,-5.5763,61.817,2319,0.0000,0.0000,0.0739,0,2,0.179
92.151,0,2,3,0.0000,-1.2333,-0.0690,-1.2596,0.8497,0.0000,0.0000,0.0000,0.7259,0.1405,-5.5763,61.917,2319,0.0000,0.0000,0.0738,0,2,0.167
92.251,0,2,3,0.0000,-1.2333,-0.0690,-1.2596,0.7967,0.0000,0.0000,0.0000,0.7259,0.1405,-5.5763,62.016,2319,0.0000,0.0000,0.0738,0,2,0.182
92.352,0,2,3,0.0000,-1.2333,-0.0690,-1.2596,0.7414,0.0000,0.0000,0.0000,0.7259,0.1405,-5.5763,62.117,2319,0.0000,0.0000,0.0738,0,2,0.184
92.451,0,2,3,0.0000,-1.2333,-0.0690,-1.2596,0.6882,0.0000,0.0000,0.0000,0.7259,0.1405,-5.5763,62.217,2319,0.0000,0.0000,0.0738,0,2,0.182
92.550,0,2,3,0.0000,-1.2333,-0.0690,-1.2596,0.6347,0.0000,0.0000,0.0000,0.7259,0.1405,-5.5763,62.316,2319,0.0000,0.0000,0.0738,0,2,0.169
92.655,0,2,3,0.0000,-1.2333,-0.0690,-1.2596,0.5800,0.0000,0.0000,0.0000,0.7259,0.1405,-5.5763,62.421,2319,0.0000,0.0000,0.0738,1,3,0.170
92.751,0,2,3,0.0000,-1.2333,-0.0690,-1.2596,0.5263,0.0000,0.0000,0.0000,0.7259,0.1405,-5.5763,62.516,2319,0.0000,0.0000,0.0738,1,3,0.181
92.851,0,2,3,0.0000,-1.2333,-0.0690,-1.2596,0.4678,0.0000,0.0000,0.0000,0.7259,0.1405,-5.5763,62.617,2319,0.0000,0.0000,0.0738,1,3,0.188
92.952,0,2,3,0.0000,-1.2333,-0.0690,-1.2596,0.4102,0.0000,0.0000,0.0000,0.7259,0.1405,-5.5763,62.718,2319,0.0000,0.0000,0.0738,1,3,0.187
93.051,0,2,3,0.0000,-1.2333,-0.0690,-1.2596,0.3544,0.0000,0.0000,0.0000,0.7259,0.1405,-5.5763,62.817,2319,0.0000,0.0000,0.0738,1,3,0.187
93.151,0,2,3,0.0000,-1.2333,-0.0690,-1.2596,0.3094,0.0000,0.0000,0.0000,0.7259,0.1405,-5.5763,62.917,2319,0.0000,0.0000,0.0738,1,3,0.194
93.251,0,2,3,0.0000,-1.2333,-0.0690,-1.2596,0.2485,0.0000,0.0000,0.0000,0.7259,0.1405,-5.5763,63.016,2319,0.0000,0.0000,0.0738,1,3,0.164
93.353,0,2,3,0.0000,-1.2333,-0.0690,-1.2596,0.1958,0.0000,0.0000,0.0000,0.7259,0.1405,-5.5763,63.119,2319,0.0000,0.0000,0.0738,1,3,0.156
93.452,0,2,3,0.0000,-1.2333,-0.0690,-1.2596,0.1375,0.0000,0.0000,0.0000,0.7259,0.1405,-5.5763,63.218,2319,0.0000,0.0000,0.0738,1,3,0.140
93.553,0,2,3,0.0000,-1.2333,-0.0690,-1.2596,0.0826,0.0000,0.0000,0.0000,0.7259,0.1405,-5.5763,63.319,2319,0.0000,0.0000,0.0738,1,3,0.117
93.650,0,2,3,0.0000,-1.2333,-0.0690,-1.2596,0.0276,0.0000,0.0000,0.0000,0.7259,0.1405,-5.5763,63.416,2319,0.0000,0.0000,0.0738,1,3,0.117
93.751,0,2,3,0.0000,-1.2333,-0.0690,-1.2596,-0.0271,0.0000,0.0000,0.0000,0.7259,0.1405,-5.5763,63.517,2319,0.0000,0.0000,0.0738,1,3,0.117
93.850,0,2,3,0.0000,-1.2333,-0.0690,-1.2596,-0.0823,0.0000,0.0000,0.0000,0.7259,0.1405,-5.5763,63.616,2319,0.0000,0.0000,0.0738,1,3,0.117
93.951,0,2,3,0.0000,-1.2333,-0.0690,-1.2596,-0.1358,0.0000,0.0000,0.0000,0.7259,0.1405,-5.5763,63.717,2319,0.0000,0.0000,0.0738,1,3,0.117
94.053,0,2,3,0.0000,-1.2333,-0.0690,-1.2596,-0.1898,0.0000,0.0000,0.0000,0.7259,0.1405,-5.5763,63.819,2319,0.0000,0.0000,0.0738,1,3,0.117
94.151,0,2,3,0.0000,-1.2333,-0.0690,-1.2596,-0.2441,0.0000,0.0000,0.0000,0.7259,0.1405,-5.5763,63.917,2319,0.0000,0.0000,0.0738,1,3,0.117
94.251,0,2,3,0.0000,-1.2333,-0.0690,-1.2596,-0.3001,0.0000,0.0000,0.0000,0.7259,0.1405,-5.5763,64.016,2319,0.0000,0.0000,0.0738,1,3,0.117
94.353,0,2,3,0.0000,-1.2333,-0.0690,-1.2596,-0.3547,0.0000,0.0000,0.0000,0.7259,0.1405,-5.5763,64.119,2319,0.0000,0.0000,0.0738,1,3,0.117
94.452,0,2,3,0.0000,-1.2333,-0.0690,-1.2596,-0.4113,0.0000,0.0000,0.0000,0.7259,0.1405,-5.5763,64.217,2319,0.0000,0.0000,0.0738,1,3,0.117
94.552,0,2,3,0.0000,-1.2333,-0.0690,-1.2596,-0.4652,0.0000,0.0000,0.0000,0.7259,0.1405,-5.5763,64.318,2319,0.0000,0.0000,0.0738,1,3,0.117
94.653,0,2,3,0.0000,-1.2333,-0.0690,-1.2596,-0.5193,0.0000,0.0000,0.0000,0.7259,0.1405,-5.5763,64.419,2319,0.0000,0.0000,0.0738,1,3,0.117
94.752,0,2,3,0.0000,-1.2333,-0.0690,-1.2596,-0.5718,0.0000,0.0000,0.0000,0.7259,0.1405,-5.5763,64.518,2319,0.0000,0.0000,0.0738,1,3,0.117
94.854,0,2,3,0.0000,-1.2333,-0.0690,-1.2596,-0.6270,0.0000,0.0000,0.0000,0.7259,0.1405,-5.5763,64.620,2319,0.0000,0.0000,0.0738,1,3,0.117
94.952,0,2,3,0.0000,-1.2333,-0.0690,-1.2596,-0.6822,0.0000,0.0000,0.0000,0.7259,0.1405,-5.5763,64.718,2319,0.0000,0.0000,0.0738,1,3,0.117
95.051,0,2,3,0.0000,-1.2333,-0.0690,-1.2596,-0.7353,0.0000,0.0000,0.0000,0.7259,0.1405,-5.5763,64.817,2319,0.0000,0.0000,0.0738,1,3,0.117
95.152,0,2,3,0.0000,-1.2333,-0.0690,-1.2596,-0.7896,0.0000,0.0000,0.0000,0.7259,0.1405,-5.5763,64.918,2319,0.0000,0.0000,0.0738,1,3,0.117
95.252,0,2,3,0.0000,-1.2333,-0.0690,-1.2596,-0.8456,0.0000,0.0000,0.0000,0.7259,0.1405,-5.5763,65.017,2319,0.0000,0.0000,0.0738,1,3,0.117
95.351,0,2,3,0.0000,-1.2333,-0.0690,-1.2596,-0.8980,0.0000,0.0000,0.0000,0.7259,0.1405,-5.5763,65.117,2319,0.0000,0.0000,0.0738,1,3,0.117
95.450,0,2,3,0.0000,-1.2333,-0.0690,-1.2596,-0.9502,0.0000,0.0000,0.0000,0.7259,0.1405,-5.5763,65.216,2319,0.0000,0.0000,0.0738,1,3,0.117
95.552,0,2,3,0.0000,-1.2333,-0.0690,-1.2596,-1.0055,0.0000,0.0000,0.0000,0.7259,0.1405,-5.5763,65.318,2319,0.0000,0.0000,0.0738,1,3,0.117
95.653,0,2,3,0.0000,-1.2333,-0.0690,-1.2596,-1.0590,0.0000,0.0000,0.0000,0.7259,0.1405,-5.5763,65.419,2319,0.0000,0.0000,0.0738,1,3,0.117
95.751,0,2,3,0.0000,-1.2333,-0.0690,-1.2596,-1.1131,0.0000,0.0000,0.0000,0.7259,0.1405,-5.5763,65.517,2319,0.0000,0.0000,0.0738,1,3,0.117
95.852,0,2,3,0.0000,-1.2333,-0.0690,-1.2596,-1.1672,0.0000,0.0000,0.0000,0.7259,0.1405,-5.5763,65.618,2319,0.0000,0.0000,0.0738,1,3,0.117
95.951,0,2,3,0.0000,-1.2333,-0.0690,-1.2596,-1.2216,0.0000,0.0000,0.0000,0.7259,0.1405,-5.5763,65.717,2319,0.0000,0.0000,0.0738,1,3,0.117
96.051,0,2,3,0.0000,-1.2333,-0.0690,-1.2596,-1.2768,0.0000,0.0000,0.0000,0.7259,0.1405,-5.5763,65.817,2319,0.0000,0.0000,0.0738,1,3,0.117
96.152,0,2,3,0.0000,-1.2333,-0.0690,-1.2596,-1.3298,0.0000,0.0000,0.0000,0.7259,0.1405,-5.5763,65.917,2319,0.0000,0.0000,0.0738,1,3,0.117
96.253,0,2,3,0.0000,-1.2333,-0.0690,-1.2596,-1.3833,0.0000,0.0000,0.0000,0.7259,0.1405,-5.5763,66.018,2319,0.0000,0.0000,0.0738,1,3,0.117
96.353,0,2,3,0.0000,-1.2333,-0.0690,-1.2596,-1.4375,0.0000,0.0000,0.0000,0.7259,0.1405,-5.5763,66.118,2319,0.0000,0.0000,0.0738,1,3,0.117
96.452,0,2,3,0.0000,-1.2333,-0.0690,-1.2596,-1.4923,0.0000,0.0000,0.0000,0.7259,0.1405,-5.5763,66.218,2319,0.0000,0.0000,0.0738,1,3,0.117
96.551,0,2,3,0.0000,-1.2333,-0.0690,-1.2596,-1.5460,0.0000,0.0000,0.0000,0.7259,0.1405,-5.5763,66.317,2319,0.0000,0.0000,0.0738,1,3,0.117
96.650,0,2,3,0.0000,-1.2333,-0.0690,-1.2596,-1.5993,0.0000,0.0000,0.0000,0.7259,0.1405,-5.5763,66.416,2319,0.0000,0.0000,0.0738,1,3,0.117
96.752,0,3,0,0.0000,-1.2333,-0.0690,-1.2596,-1.6543,0.0000,0.0000,0.0000,0.7259,0.1405,-5.5763,66.518,2319,0.0464,-0.0033,0.0738,1,3,0.117
96.853,0,3,1,-0.6167,-1.2333,-0.0657,-1.2599,-1.5677,0.0000,0.0000,0.0000,0.7259,0.1405,-5.5763,66.619,2319,-0.1156,-0.0305,0.5516,1,3,0.117
96.952,0,3,1,-0.6167,-1.2333,-0.0683,-1.2622,-1.3056,0.0000,0.0000,0.0000,0.7259,0.1405,-5.5763,66.717,2319,-0.1155,-0.0301,0.5491,1,3,0.117
97.051,0,3,1,-0.6167,-1.2333,-0.0797,-1.2649,-0.3892,0.0000,0.0000,0.0000,0.7259,0.1405,-5.5763,66.817,2319,-0.1155,-0.0295,0.5379,1,3,0.117
97.151,0,3,1,-0.6167,-1.2333,-0.0911,-1.2677,0.3484,0.0000,0.0000,0.0000,0.7259,0.1405,-5.5763,66.917,2319,-0.1154,-0.0288,0.5266,1,3,0.117
97.252,0,3,1,-0.6167,-1.2333,-0.1026,-1.2706,0.7108,0.0000,0.0000,0.0000,0.7259,0.1405,-5.5763,67.017,2319,-0.1154,-0.0281,0.5154,1,3,0.117
97.351,0,3,1,-0.6167,-1.2333,-0.1142,-1.2735,0.7769,0.0000,0.0000,0.0000,0.7259,0.1405,-5.5763,67.117,2319,-0.1153,-0.0274,0.5041,1,3,0.117
97.453,0,3,1,-0.6167,-1.2333,-0.1255,-1.2763,0.8948,0.0000,0.0000,0.0000,0.7259,0.1405,-5.5763,67.218,2319,-0.1152,-0.0266,0.4930,1,3,0.117
97.553,0,3,1,-0.6167,-1.2333,-0.1369,-1.2791,0.9551,0.0000,0.0000,0.0000,0.7259,0.1405,-5.5763,67.319,2319,-0.1151,-0.0259,0.4819,1,3,0.117
97.651,0,3,1,-0.6167,-1.2333,-0.1483,-1.2819,1.0003,0.0000,0.0000,0.0000,0.7259,0.1405,-5.5763,67.417,2319,-0.1150,-0.0250,0.4708,1,3,0.117
97.752,0,3,1,-0.6167,-1.2333,-0.1599,-1.2846,1.2025,0.0000,0.0000,0.0000,0.7259,0.1405,-5.5763,67.518,2319,-0.1149,-0.0242,0.4597,1,3,0.117
97.851,0,3,1,-0.6167,-1.2333,-0.1712,-1.2872,1.2171,0.0000,0.0000,0.0000,0.7259,0.1405,-5.5763,67.617,2319,-0.1148,-0.0234,0.4487,1,3,0.117
97.951,0,3,1,-0.6167,-1.2333,-0.1826,-1.2897,1.0736,0.0000,0.0000,0.0000,0.7259,0.1405,-5.5763,67.717,2319,-0.1146,-0.0225,0.4377,1,3,0.117
98.052,0,3,1,-0.6167,-1.2333,-0.1941,-1.2923,1.1423,0.0000,0.0000,0.0000,0.7259,0.1405,-5.5763,67.818,2319,-0.1145,-0.0216,0.4267,1,3,0.117
98.151,0,3,1,-0.6167,-1.2333,-0.2054,-1.2947,1.2203,0.0000,0.0000,0.0000,0.7259,0.1405,-5.5763,67.917,2319,-0.1143,-0.0206,0.4158,1,3,0.117
98.252,0,3,1,-0.6167,-1.2333,-0.2169,-1.2970,1.1826,0.0000,0.0000,0.0000,0.7259,0.1405,-5.5763,68.018,2319,-0.1141,-0.0197,0.4048,1,3,0.117
98.352,0,3,1,-0.6167,-1.2333,-0.2285,-1.2992,1.3093,0.0000,0.0000,0.0000,0.7259,0.1405,-5.5763,68.117,2319,-0.1139,-0.0186,0.3937,1,3,0.117
98.451,0,3,1,-0.6167,-1.2333,-0.2396,-1.3013,1.3368,0.0000,0.0000,0.0000,0.7259,0.1405,-5.5763,68.217,2319,-0.1137,-0.0177,0.3832,1,3,0.117
98.552,0,3,1,-0.6167,-1.2333,-0.2508,-1.3033,1.3950,0.0000,0.0000,0.0000,0.7259,0.1405,-5.5763,68.318,2319,-0.1135,-0.0166,0.3725,1,3,0.117
98.651,0,3,1,-0.6167,-1.2333,-0.2623,-1.3052,1.3267,0.0000,0.0000,0.0000,0.7259,0.1405,-5.5763,68.416,2319,-0.1132,-0.0155,0.3616,1,3,0.117
98.751,0,3,1,-0.6167,-1.2333,-0.2735,-1.3071,1.3686,0.0000,0.0000,0.0000,0.7259,0.1405,-5.5763,68.517,2319,-0.1130,-0.0144,0.3510,1,3,0.117
98.850,0,3,1,-0.6167,-1.2333,-0.2848,-1.3088,1.4061,0.0000,0.0000,0.0000,0.7259,0.1405,-5.5763,68.616,2319,-0.1127,-0.0133,0.3403,1,3,0.117
98.952,0,3,1,-0.6167,-1.2333,-0.2960,-1.3104,1.3436,0.0000,0.0000,0.0000,0.7259,0.1405,-5.5763,68.718,2319,-0.1124,-0.0121,0.3298,1,3,0.117
99.051,0,3,1,-0.6167,-1.2333,-0.3071,-1.3118,1.2810,0.0000,0.0000,0.0000,0.7259,0.1405,-5.5763,68.817,2319,-0.1120,-0.0109,0.3193,1,3,0.117
99.153,0,3,1,-0.6167,-1.2333,-0.3184,-1.3132,1.3248,0.0000,0.0000,0.0000,0.7259,0.1405,-5.5763,68.918,2319,-0.1117,-0.0096,0.3088,1,3,0.117
99.252,0,3,1,-0.6167,-1.2333,-0.3295,-1.3144,1.3512,0.0000,0.0000,0.0000,0.7259,0.1405,-5.5763,69.018,2319,-0.1113,-0.0083,0.2984,1,3,0.117
99.352,0,3,1,-0.6167,-1.2333,-0.3406,-1.3155,1.3501,0.0000,0.0000,0.0000,0.7259,0.1405,-5.5763,69.118,2319,-0.1108,-0.0070,0.2880,1,3,0.117
99.453,0,3,1,-0.6167,-1.2333,-0.3518,-1.3164,1.3446,0.0000,0.0000,0.0000,0.7259,0.1405,-5.5763,69.219,2319,-0.1104,-0.0056,0.2776,1,3,0.117
99.551,0,3,1,-0.6167,-1.2333,-0.3626,-1.3173,1.4342,0.0000,0.0000,0.0000,0.7259,0.1405,-5.5763,69.317,2319,-0.1098,-0.0041,0.2675,1,3,0.117
99.652,0,3,1,-0.6167,-1.2333,-0.3737,-1.3180,1.4783,0.0000,0.0000,0.0000,0.7259,0.1405,-5.5763,69.418,2319,-0.1093,-0.0026,0.2573,1,3,0.117
99.751,0,3,1,-0.6167,-1.2333,-0.3846,-1.3185,1.5499,0.0000,0.0000,0.0000,0.7259,0.1405,-5.5763,69.517,2319,-0.1087,-0.0011,0.2472,1,3,0.117
99.851,0,3,1,-0.6167,-1.2333,-0.3955,-1.3189,1.5450,0.0000,0.0000,0.0000,0.7259,0.1405,-5.5763,69.617,2319,-0.1080,0.0005,0.2372,1,3,0.117
99.951,0,3,1,-0.6167,-1.2333,-0.4063,-1.3191,1.5193,0.0000,0.0000,0.0000,0.7259,0.1405,-5.5763,69.717,2319,-0.1073,0.0022,0.2272,1,3,0.117
100.053,0,3,1,-0.6167,-1.2333,-0.4170,-1.3192,1.5294,0.0000,0.0000,0.0000,0.7259,0.1405,-5.5763,69.819,2319,-0.1065,0.0039,0.2174,1,3,0.117
100.150,0,3,1,-0.6167,-1.2333,-0.4277,-1.3191,1.5523,0.0000,0.0000,0.0000,0.7259,0.1405,-5.5763,69.916,2319,-0.1057,0.0057,0.2075,1,3,0.117
100.253,0,3,1,-0.6167,-1.2333,-0.4383,-1.3188,1.6598,0.0000,0.0000,0.0000,0.7259,0.1405,-5.5763,70.019,2319,-0.1047,0.0076,0.1978,1,3,0.117
100.352,0,3,1,-0.6167,-1.2333,-0.4487,-1.3184,1.6788,0.0000,0.0000,0.0000,0.7259,0.1405,-5.5763,70.117,2319,-0.1037,0.0095,0.1882,1,3,0.117
100.454,0,3,1,-0.6167,-1.2333,-0.4591,-1.3177,1.6172,0.0000,0.0000,0.0000,0.7259,0.1405,-5.5763,70.220,2319,-0.1026,0.0115,0.1787,1,3,0.117
100.552,0,3,1,-0.6167,-1.2333,-0.4694,-1.3168,1.5929,0.0000,0.0000,0.0000,0.7259,0.1405,-5.5763,70.317,2319,-0.1013,0.0136,0.1693,1,3,0.117
100.652,0,3,1,-0.6167,-1.2333,-0.4796,-1.3158,1.7097,0.0000,0.0000,0.0000,0.7259,0.1405,-5.5763,70.418,2319,-0.1000,0.0158,0.1600,1,3,0.117
100.751,0,3,1,-0.6167,-1.2333,-0.4896,-1.3145,1.6221,0.0000,0.0000,0.0000,0.7259,0.1405,-5.5763,70.516,2319,-0.0985,0.0180,0.1507,1,3,0.117
100.850,0,3,1,-0.6167,-1.2333,-0.4995,-1.3129,1.5289,0.0000,0.0000,0.0000,0.7259,0.1405,-5.5763,70.616,2319,-0.0969,0.0203,0.1417,1,3,0.117
100.952,0,3,1,-0.6167,-1.2333,-0.5093,-1.3111,1.4212,0.0000,0.0000,0.0000,0.7259,0.1405,-5.5763,70.718,2319,-0.0951,0.0227,0.1326,1,3,0.117
101.051,0,3,1,-0.6167,-1.2333,-0.5189,-1.3091,1.4726,0.0000,0.0000,0.0000,0.7259,0.1405,-5.5763,70.817,2319,-0.0921,0.0250,0.1237,1,3,0.117
101.151,0,3,1,-0.6167,-1.2333,-0.5280,-1.3069,1.5434,0.0000,0.0000,0.0000,0.7259,0.1405,-5.5763,70.917,2319,-0.0838,0.0256,0.1152,1,3,0.117
101.251,0,3,1,-0.6167,-1.2333,-0.5365,-1.3045,1.4313,0.0000,0.0000,0.0000,0.7259,0.1405,-5.5763,71.017,2319,-0.0761,0.0260,0.1073,1,3,0.117
101.351,0,3,1,-0.6167,-1.2333,-0.5441,-1.3021,1.3753,0.0000,0.0000,0.0000,0.7259,0.1405,-5.5763,71.117,2319,-0.0691,0.0261,0.1000,1,3,0.117
101.452,0,3,1,-0.6167,-1.2333,-0.5511,-1.2997,1.4325,0.0000,0.0000,0.0000,0.7259,0.1405,-5.5763,71.217,2319,-0.0627,0.0260,0.0933,1,3,0.117
101.553,0,3,1,-0.6167,-1.2333,-0.5574,-1.2973,1.4608,0.0000,0.0000,0.0000,0.7259,0.1405,-5.5763,71.318,2319,-0.0569,0.0258,0.0872,1,3,0.117
101.652,0,3,1,-0.6167,-1.2333,-0.5632,-1.2948,1.2369,0.0000,0.0000,0.0000,0.7259,0.1405,-5.5763,71.418,2319,-0.0516,0.0254,0.0815,1,3,0.117
101.752,0,3,1,-0.6167,-1.2333,-0.5684,-1.2924,1.2840,0.0000,0.0000,0.0000,0.7259,0.1405,-5.5763,71.517,2319,-0.0468,0.0250,0.0762,1,3,0.117
101.852,0,3,2,-0.6167,-0.6167,-0.5725,-1.2891,1.5075,0.0000,0.0000,0.0000,0.7259,0.1405,-5.5763,71.618,2319,-0.0194,0.0616,0.6739,1,3,0.117
101.953,0,3,2,-0.6167,-0.6167,-0.5747,-1.2830,1.3470,0.0000,0.0000,0.0000,0.7259,0.1405,-5.5763,71.719,2319,-0.0192,0.0616,0.6677,1,3,0.117
102.053,0,3,2,-0.6167,-0.6167,-0.5768,-1.2769,1.2350,0.0000,0.0000,0.0000,0.7259,0.1405,-5.5763,71.819,2319,-0.0189,0.0616,0.6615,1,3,0.117
102.153,0,3,2,-0.6167,-0.6167,-0.5781,-1.2697,1.3149,0.0000,0.0000,0.0000,0.7259,0.1405,-5.5763,71.919,2319,0.0130,0.1383,0.6542,1,3,0.117
102.251,0,3,2,-0.6167,-0.6167,-0.5772,-1.2560,1.4104,0.0000,0.0000,0.0000,0.7259,0.1405,-5.5763,72.017,2319,0.0127,0.1383,0.6405,1,3,0.117
102.353,0,3,2,-0.6167,-0.6167,-0.5763,-1.2422,1.4319,0.0000,0.0000,0.0000,0.7259,0.1405,-5.5763,72.118,2319,0.0124,0.1383,0.6269,1,3,0.117
102.451,0,3,2,-0.6167,-0.6167,-0.5754,-1.2285,1.4038,0.0000,0.0000,0.0000,0.7259,0.1405,-5.5763,72.217,2319,0.0100,0.1332,0.6132,1,3,0.128
102.552,0,3,2,-0.6167,-0.6167,-0.5749,-1.2156,1.3246,0.0000,0.0000,0.0000,0.7259,0.1405,-5.5763,72.318,2319,-0.0040,0.0599,0.6004,1,3,0.120
102.653,0,3,2,-0.6167,-0.6167,-0.5755,-1.2076,1.5359,0.0000,0.0000,0.0000,0.7259,0.1405,-5.5763,72.419,2319,-0.0040,0.0699,0.5923,1,3,0.140
102.750,0,3,2,-0.6167,-0.6167,-0.5760,-1.2005,1.4826,0.0000,0.0000,0.0000,0.7259,0.1405,-5.5763,72.516,2319,-0.0039,0.0619,0.5853,1,3,0.124
102.850,0,3,2,-0.6167,-0.6167,-0.5765,-1.1945,1.4106,0.0000,0.0000,0.0000,0.7259,0.1405,-5.5763,72.616,2319,-0.0039,0.0584,0.5792,1,3,0.117
102.951,0,3,2,-0.6167,-0.6167,-0.5771,-1.1886,1.3202,0.0000,0.0000,0.0000,0.7259,0.1405,-5.5763,72.716,2319,-0.0039,0.0584,0.5733,1,3,0.117
103.052,0,3,2,-0.6167,-0.6167,-0.5776,-1.1827,1.4221,0.0000,0.0000,0.0000,0.7259,0.1405,-5.5763,72.818,2319,-0.0039,0.0584,0.5673,1,3,0.117
103.152,0,3,2,-0.6167,-0.6167,-0.5781,-1.1768,1.5534,0.0000,0.0000,0.0000,0.7259,0.1405,-5.5763,72.918,2319,-0.0039,0.0584,0.5615,1,3,0.117
103.252,0,3,2,-0.6167,-0.6167,-0.5787,-1.1710,1.5860,0.0000,0.0000,0.0000,0.7259,0.1405,-5.5763,73.018,2319,-0.0038,0.0584,0.5556,1,3,0.117
103.353,0,3,2,-0.6167,-0.6167,-0.5792,-1.1652,1.5559,0.0000,0.0000,0.0000,0.7259,0.1405,-5.5763,73.119,2319,-0.0038,0.1414,0.5498,1,3,0.117
103.452,0,3,2,-0.6167,-0.6167,-0.5799,-1.1541,1.4949,0.0000,0.0000,0.0000,0.7259,0.1405,-5.5763,73.218,2319,-0.0038,0.1414,0.5387,1,3,0.117
103.550,0,3,2,-0.6167,-0.6167,-0.5807,-1.1402,1.6793,0.0000,0.0000,0.0000,0.7259,0.1405,-5.5763,73.316,2319,-0.0039,0.1414,0.5247,1,3,0.117
103.651,0,3,2,-0.6167,-0.6167,-0.5814,-1.1260,1.6446,0.0000,0.0000,0.0000,0.7259,0.1405,-5.5763,73.417,2319,-0.0039,0.1414,0.5105,1,3,0.117
103.752,0,3,2,-0.6167,-0.6167,-0.5822,-1.1120,1.6526,0.0000,0.0000,0.0000,0.7259,0.1405,-5.5763,73.517,2319,-0.0039,0.1414,0.4965,1,3,0.117
103.852,0,3,2,-0.6167,-0.6167,-0.5831,-1.0978,1.7606,0.0000,0.0000,0.0000,0.7259,0.1405,-5.5763,73.617,2319,-0.0040,0.1414,0.4824,1,3,0.117
103.951,0,3,2,-0.6167,-0.6167,-0.5839,-1.0837,1.8453,0.0000,0.0000,0.0000,0.7259,0.1405,-5.5763,73.717,2319,-0.0040,0.1414,0.4682,1,3,0.117
104.053,0,3,2,-0.6167,-0.6167,-0.5848,-1.0697,1.9778,0.0000,0.0000,0.0000,0.7259,0.1405,-5.5763,73.819,2319,-0.0040,0.1414,0.4541,1,3,0.117
104.150,0,3,2,-0.6167,-0.6167,-0.5856,-1.0556,1.8210,0.0000,0.0000,0.0000,0.7259,0.1405,-5.5763,73.916,2319,-0.0041,0.1414,0.4400,1,3,0.117
104.252,0,3,2,-0.6167,-0.6167,-0.5865,-1.0415,1.8095,0.0000,0.0000,0.0000,0.7259,0.1405,-5.5763,74.018,2319,-0.0041,0.1414,0.4259,1,3,0.117
104.352,0,3,2,-0.6167,-0.6167,-0.5874,-1.0273,1.8916,0.0000,0.0000,0.0000,0.7259,0.1405,-5.5763,74.118,2319,-0.0041,0.1414,0.4117,1,3,0.117
104.451,0,3,2,-0.6167,-0.6167,-0.5882,-1.0132,1.8872,0.0000,0.0000,0.0000,0.7259,0.1405,-5.5763,74.217,2319,-0.0042,0.1309,0.3976,1,3,0.138
104.550,0,3,2,-0.6167,-0.6167,-0.5891,-1.0003,1.8917,0.0000,0.0000,0.0000,0.7259,0.1405,-5.5763,74.316,2319,0.0109,0.0634,0.3846,1,3,0.121
104.652,0,3,2,-0.6167,-0.6167,-0.5885,-0.9922,1.8552,0.0000,0.0000,0.0000,0.7259,0.1405,-5.5763,74.417,2319,0.0036,0.0805,0.3766,1,3,0.158
104.752,0,3,2,-0.6167,-0.6167,-0.5882,-0.9846,1.8622,0.0000,0.0000,0.0000,0.7259,0.1405,-5.5763,74.518,2319,0.0075,0.0703,0.3690,1,3,0.136
104.852,0,3,2,-0.6167,-0.6167,-0.5877,-0.9776,1.8015,0.0000,0.0000,0.0000,0.7259,0.1405,-5.5763,74.617,2319,0.0095,0.0648,0.3621,1,3,0.124
104.952,0,3,2,-0.6167,-0.6167,-0.5869,-0.9710,1.6731,0.0000,0.0000,0.0000,0.7259,0.1405,-5.5763,74.718,2319,0.0105,0.0615,0.3556,1,3,0.117
105.051,0,3,2,-0.6167,-0.6167,-0.5861,-0.9648,1.8340,0.0000,0.0000,0.0000,0.7259,0.1405,-5.5763,74.817,2319,0.0101,0.0615,0.3495,1,3,0.117
105.151,0,3,2,-0.6167,-0.6167,-0.5853,-0.9587,1.7718,0.0000,0.0000,0.0000,0.7259,0.1405,-5.5763,74.917,2319,0.0097,0.0615,0.3434,1,3,0.117
105.252,0,3,2,-0.6167,-0.6167,-0.5845,-0.9524,1.7881,0.0000,0.0000,0.0000,0.7259,0.1405,-5.5763,75.018,2319,0.0093,0.0614,0.3373,1,3,0.117
105.352,0,3,2,-0.6167,-0.6167,-0.5837,-0.9462,1.7270,0.0000,0.0000,0.0000,0.7259,0.1405,-5.5763,75.118,2319,0.0089,0.0614,0.3312,1,3,0.117
105.450,0,3,2,-0.6167,-0.6167,-0.5839,-0.9390,1.6981,0.0000,0.0000,0.0000,0.7259,0.1405,-5.5763,75.216,2319,0.0088,0.0614,0.3240,1,3,0.117
105.551,0,3,2,-0.6167,-0.6167,-0.5840,-0.9302,1.9769,0.0000,0.0000,0.0000,0.7259,0.1405,-5.5763,75.316,2319,-0.0232,0.1381,0.3152,1,3,0.117
105.651,0,3,2,-0.6167,-0.6167,-0.5859,-0.9191,1.8921,0.0000,0.0000,0.0000,0.7259,0.1405,-5.5763,75.417,2319,-0.0230,0.1381,0.3040,1,3,0.117
105.751,0,3,2,-0.6167,-0.6167,-0.5887,-0.9055,2.2857,0.0000,0.0000,0.0000,0.7259,0.1405,-5.5763,75.517,2319,-0.0225,0.1381,0.2902,1,3,0.117
105.851,0,3,2,-0.6167,-0.6167,-0.5914,-0.8919,2.2544,0.0000,0.0000,0.0000,0.7259,0.1405,-5.5763,75.617,2319,-0.0220,0.1382,0.2764,1,3,0.117
105.951,0,3,2,-0.6167,-0.6167,-0.5941,-0.8782,2.2301,0.0000,0.0000,0.0000,0.7259,0.1405,-5.5763,75.717,2319,-0.0215,0.1382,0.2625,1,3,0.117
106.051,0,3,2,-0.6167,-0.6167,-0.5968,-0.8645,2.2931,0.0000,0.0000,0.0000,0.7259,0.1405,-5.5763,75.817,2319,-0.0209,0.1382,0.2487,1,3,0.117
106.152,0,3,2,-0.6167,-0.6167,-0.5993,-0.8508,2.0980,0.0000,0.0000,0.0000,0.7259,0.1405,-5.5763,75.917,2319,-0.0203,0.1382,0.2348,1,3,0.117
106.251,0,3,2,-0.6167,-0.6167,-0.6020,-0.8369,2.2641,0.0000,0.0000,0.0000,0.7259,0.1405,-5.5763,76.017,2319,-0.0195,0.1383,0.2207,1,3,0.117
106.351,0,3,2,-0.6167,-0.6167,-0.6043,-0.8233,1.9996,0.0000,0.0000,0.0000,0.7259,0.1405,-5.5763,76.117,2319,-0.0188,0.1383,0.2070,1,3,0.117
106.451,0,3,2,-0.6167,-0.6167,-0.6067,-0.8095,1.8002,0.0000,0.0000,0.0000,0.7259,0.1405,-5.5763,76.217,2319,-0.0181,0.1383,0.1931,1,3,0.117
106.552,0,3,2,-0.6167,-0.6167,-0.6090,-0.7957,1.8449,0.0000,0.0000,0.0000,0.7259,0.1405,-5.5763,76.318,2319,-0.0172,0.1383,0.1792,1,3,0.117
106.653,0,3,2,-0.6167,-0.6167,-0.6101,-0.7831,1.8093,0.0000,0.0000,0.0000,0.7259,0.1405,-5.5763,76.419,2319,0.0284,0.0707,0.1665,1,3,0.117
106.752,0,3,2,-0.6167,-0.6167,-0.6076,-0.7759,1.8966,0.0000,0.0000,0.0000,0.7259,0.1405,-5.5763,76.517,2319,0.0267,0.0706,0.1595,1,3,0.117
106.851,0,3,2,-0.6167,-0.6167,-0.6052,-0.7687,1.7996,0.0000,0.0000,0.0000,0.7259,0.1405,-5.5763,76.617,2319,0.0248,0.0706,0.1525,1,3,0.117
106.953,0,3,2,-0.6167,-0.6167,-0.6030,-0.7615,1.8606,0.0000,0.0000,0.0000,0.7259,0.1405,-5.5763,76.719,2319,0.0229,0.0705,0.1454,1,3,0.117
107.053,0,3,2,-0.6167,-0.6167,-0.6009,-0.7542,1.8159,0.0000,0.0000,0.0000,0.7259,0.1405,-5.5763,76.819,2319,0.0210,0.0703,0.1384,1,3,0.117
107.151,0,3,2,-0.6167,-0.6167,-0.5991,-0.7472,1.9527,0.0000,0.0000,0.0000,0.7259,0.1405,-5.5763,76.917,2319,0.0169,0.0722,0.1317,1,3,0.123
107.252,0,3,2,-0.6167,-0.6167,-0.5977,-0.7399,2.1107,0.0000,0.0000,0.0000,0.7259,0.1405,-5.5763,77.017,2319,0.0068,0.0799,0.1247,1,3,0.146
107.351,0,3,2,-0.6167,-0.6167,-0.5971,-0.7321,1.9678,0.0000,0.0000,0.0000,0.7259,0.1405,-5.5763,77.117,2319,0.0057,0.0742,0.1171,1,3,0.144
107.451,0,3,2,-0.6167,-0.6167,-0.5971,-0.7244,1.8936,0.0000,0.0000,0.0000,0.7259,0.1405,-5.5763,77.217,2319,-0.0295,0.1030,0.1095,1,3,0.147
107.551,0,3,2,-0.6167,-0.6167,-0.5988,-0.7156,1.7336,0.0000,0.0000,0.0000,0.7259,0.1405,-5.5763,77.316,2319,-0.0119,0.0795,0.1005,1,3,0.223
107.650,0,3,2,-0.6167,-0.6167,-0.6005,-0.7074,1.6448,0.0000,0.0000,0.0000,0.7259,0.1405,-5.5763,77.416,2319,-0.0324,0.0946,0.0922,1,3,0.117
107.751,0,3,2,-0.6167,-0.6167,-0.6032,-0.6987,1.4742,0.0000,0.0000,0.0000,0.7259,0.1405,-5.5763,77.516,2319,-0.0283,0.0855,0.0832,1,3,0.117
107.852,0,3,2,-0.6167,-0.6167,-0.6059,-0.6907,1.5998,0.0000,0.0000,0.0000,0.7259,0.1405,-5.5763,77.617,2319,-0.0244,0.0770,0.0748,1,3,0.117
107.950,0,3,3,-0.6167,0.0000,-0.6086,-0.6819,1.4559,0.0000,0.0000,0.0000,0.7259,0.1405,-5.5763,77.716,2319,-0.0275,0.1293,0.6819,1,3,0.117
108.051,0,3,3,-0.6167,0.0000,-0.6117,-0.6691,1.4028,0.0000,0.0000,0.0000,0.7259,0.1405,-5.5763,77.817,2319,-0.0271,0.1293,0.6691,1,3,0.117
108.150,0,3,3,-0.6167,0.0000,-0.6147,-0.6563,1.4826,0.0000,0.0000,0.0000,0.7259,0.1405,-5.5763,77.916,2319,-0.0266,0.1293,0.6563,1,3,0.117
108.252,0,3,3,-0.6167,0.0000,-0.6177,-0.6434,1.4540,0.0000,0.0000,0.0000,0.7259,0.1405,-5.5763,78.018,2319,-0.0262,0.1293,0.6434,1,3,0.117
108.353,0,3,3,-0.6167,0.0000,-0.6207,-0.6306,1.3627,0.0000,0.0000,0.0000,0.7259,0.1405,-5.5763,78.118,2319,-0.0257,0.1293,0.6306,1,3,0.117
108.451,0,3,3,-0.6167,0.0000,-0.6236,-0.6178,1.4604,0.0000,0.0000,0.0000,0.7259,0.1405,-5.5763,78.217,2319,-0.0252,0.1293,0.6178,1,3,0.117
108.552,0,3,3,-0.6167,0.0000,-0.6264,-0.6051,1.4486,0.0000,0.0000,0.0000,0.7259,0.1405,-5.5763,78.318,2319,-0.0247,0.1292,0.6051,1,3,0.117
108.652,0,3,3,-0.6167,0.0000,-0.6292,-0.5921,1.4324,0.0000,0.0000,0.0000,0.7259,0.1405,-5.5763,78.418,2319,-0.0242,0.1292,0.5922,1,3,0.117
108.750,0,3,3,-0.6167,0.0000,-0.6320,-0.5793,1.5986,0.0000,0.0000,0.0000,0.7259,0.1405,-5.5763,78.516,2319,-0.0237,0.1292,0.5795,1,3,0.117
108.850,0,3,3,-0.6167,0.0000,-0.6348,-0.5665,1.9222,0.0000,0.0000,0.0000,0.7259,0.1405,-5.5763,78.616,2319,-0.0231,0.1292,0.5667,1,3,0.117
108.951,0,3,3,-0.6167,0.0000,-0.6376,-0.5536,2.1115,0.0000,0.0000,0.0000,0.7259,0.1405,-5.5763,78.717,2319,-0.0226,0.1291,0.5540,1,3,0.117
109.052,0,3,3,-0.6167,0.0000,-0.6403,-0.5408,2.3649,0.0000,0.0000,0.0000,0.7259,0.1405,-5.5763,78.817,2319,-0.0220,0.1291,0.5414,1,3,0.117
109.151,0,3,3,-0.6167,0.0000,-0.6431,-0.5280,2.6670,0.0000,0.0000,0.0000,0.7259,0.1405,-5.5763,78.917,2319,-0.0213,0.1290,0.5287,1,3,0.117
109.252,0,3,3,-0.6167,0.0000,-0.6458,-0.5151,2.5524,0.0000,0.0000,0.0000,0.7259,0.1405,-5.5763,79.018,2319,-0.0207,0.1290,0.5160,1,3,0.117
109.353,0,3,3,-0.6167,0.0000,-0.6484,-0.5024,2.4508,0.0000,0.0000,0.0000,0.7259,0.1405,-5.5763,79.119,2319,-0.0201,0.1289,0.5034,1,3,0.117
109.452,0,3,3,-0.6167,0.0000,-0.6509,-0.4895,2.2491,0.0000,0.0000,0.0000,0.7259,0.1405,-5.5763,79.217,2319,-0.0194,0.1288,0.4907,1,3,0.117
109.552,0,3,3,-0.6167,0.0000,-0.6532,-0.4768,1.9939,0.0000,0.0000,0.0000,0.7259,0.1405,-5.5763,79.317,2319,-0.0095,0.1196,0.4782,1,3,0.143
109.651,0,3,3,-0.6167,0.0000,-0.6543,-0.4652,1.8668,0.0000,0.0000,0.0000,0.7259,0.1405,-5.5763,79.417,2319,-0.0105,0.1210,0.4667,1,3,0.139
109.751,0,3,3,-0.6167,0.0000,-0.6544,-0.4540,1.8720,0.0000,0.0000,0.0000,0.7259,0.1405,-5.5763,79.517,2319,0.0408,0.0994,0.4556,1,3,0.141
109.851,0,3,3,-0.6167,0.0000,-0.6519,-0.4433,1.7666,0.0000,0.0000,0.0000,0.7259,0.1405,-5.5763,79.617,2319,0.0359,0.0994,0.4447,1,3,0.150
109.951,0,3,3,-0.6167,0.0000,-0.6496,-0.4329,1.7013,0.0000,0.0000,0.0000,0.7259,0.1405,-5.5763,79.717,2319,0.0311,0.0789,0.4341,1,3,0.142
110.051,0,3,3,-0.6167,0.0000,-0.6466,-0.4244,1.7239,0.0000,0.0000,0.0000,0.7259,0.1405,-5.5763,79.817,2319,0.0305,0.0995,0.4255,1,3,0.159
110.151,0,3,3,-0.6167,0.0000,-0.6438,-0.4148,1.8791,0.0000,0.0000,0.0000,0.7259,0.1405,-5.5763,79.917,2319,0.0335,0.0995,0.4157,1,3,0.152
110.250,0,3,3,-0.6167,0.0000,-0.6410,-0.4053,2.1717,0.0000,0.0000,0.0000,0.7259,0.1405,-5.5763,80.016,2319,0.0270,0.0816,0.4061,1,3,0.149
110.352,0,3,3,-0.6167,0.0000,-0.6383,-0.3964,2.2264,0.0000,0.0000,0.0000,0.7259,0.1405,-5.5763,80.118,2319,0.0365,0.0996,0.3970,1,3,0.144
110.452,0,3,3,-0.6167,0.0000,-0.6352,-0.3863,2.2331,0.0000,0.0000,0.0000,0.7259,0.1405,-5.5763,80.218,2319,0.0348,0.0997,0.3867,1,3,0.146
110.550,0,3,3,-0.6167,0.0000,-0.6323,-0.3763,2.2743,0.0000,0.0000,0.0000,0.7259,0.1405,-5.5763,80.316,2319,0.0236,0.0997,0.3767,1,3,0.167
110.651,0,3,3,-0.6167,0.0000,-0.6300,-0.3662,2.3276,0.0000,0.0000,0.0000,0.7259,0.1405,-5.5763,80.417,2319,0.0286,0.0998,0.3665,1,3,0.156
110.751,0,3,3,-0.6167,0.0000,-0.6280,-0.3562,2.2860,0.0000,0.0000,0.0000,0.7259,0.1405,-5.5763,80.517,2319,0.0167,0.0998,0.3564,1,3,0.179
110.852,0,3,3,-0.6167,0.0000,-0.6267,-0.3452,2.2573,0.0000,0.0000,0.0000,0.7259,0.1405,-5.5763,80.618,2319,0.0084,0.0998,0.3453,1,3,0.195
110.951,0,3,3,-0.6167,0.0000,-0.6256,-0.3357,2.3063,0.0000,0.0000,0.0000,0.7259,0.1405,-5.5763,80.717,2319,0.0182,0.0998,0.3358,1,3,0.175
111.050,0,3,3,-0.6167,0.0000,-0.6239,-0.3260,2.2615,0.0000,0.0000,0.0000,0.7259,0.1405,-5.5763,80.816,2319,0.0242,0.0999,0.3261,1,3,0.162
111.151,0,3,3,-0.6167,0.0000,-0.6217,-0.3159,2.2048,0.0000,0.0000,0.0000,0.7259,0.1405,-5.5763,80.916,2319,0.0216,0.0999,0.3160,1,3,0.166
111.251,0,3,3,-0.6167,0.0000,-0.6197,-0.3059,2.1530,0.0000,0.0000,0.0000,0.7259,0.1405,-5.5763,81.017,2319,0.0280,0.0999,0.3059,1,3,0.152
111.353,0,3,3,-0.6167,0.0000,-0.6173,-0.2947,2.1600,0.0000,0.0000,0.0000,0.7259,0.1405,-5.5763,81.119,2319,0.0212,0.0999,0.2947,1,3,0.164
111.451,0,3,3,-0.6167,0.0000,-0.6157,-0.2859,2.2697,0.0000,0.0000,0.0000,0.7259,0.1405,-5.5763,81.217,2319,0.0212,0.1000,0.2859,1,3,0.163
111.551,0,3,3,-0.6167,0.0000,-0.6142,-0.2759,2.2521,0.0000,0.0000,0.0000,0.7259,0.1405,-5.5763,81.317,2319,0.0211,0.1000,0.2759,1,3,0.162
111.650,0,3,3,-0.6167,0.0000,-0.6127,-0.2660,2.4349,0.0000,0.0000,0.0000,0.7259,0.1405,-5.5763,81.416,2319,0.0223,0.0914,0.2660,1,3,0.155
111.751,0,3,3,-0.6167,0.0000,-0.6110,-0.2562,2.4478,0.0000,0.0000,0.0000,0.7259,0.1405,-5.5763,81.517,2319,0.0198,0.1000,0.2563,1,3,0.162
111.851,0,3,3,-0.6167,0.0000,-0.6096,-0.2462,2.4133,0.0000,0.0000,0.0000,0.7259,0.1405,-5.5763,81.616,2319,0.0221,0.1000,0.2463,1,3,0.156
111.950,0,3,3,-0.6167,0.0000,-0.6079,-0.2360,2.5352,0.0000,0.0000,0.0000,0.7259,0.1405,-5.5763,81.716,2319,0.0178,0.1000,0.2362,1,3,0.163
112.050,0,3,3,-0.6167,0.0000,-0.6066,-0.2260,2.6876,0.0000,0.0000,0.0000,0.7259,0.1405,-5.5763,81.816,2319,0.0111,0.1000,0.2262,1,3,0.175
112.150,0,3,3,-0.6167,0.0000,-0.6057,-0.2160,2.6303,0.0000,0.0000,0.0000,0.7259,0.1405,-5.5763,81.916,2319,0.0115,0.1000,0.2162,1,3,0.173
112.251,0,3,3,-0.6167,0.0000,-0.6050,-0.2059,2.4187,0.0000,0.0000,0.0000,0.7259,0.1405,-5.5763,82.016,2319,-0.0027,0.1000,0.2063,1,3,0.208
112.350,0,3,3,-0.6167,0.0000,-0.6052,-0.1960,2.4196,0.0000,0.0000,0.0000,0.7259,0.1405,-5.5763,82.116,2319,0.0072,0.1000,0.1963,1,3,0.180
112.450,0,3,3,-0.6167,0.0000,-0.6048,-0.1860,2.3445,0.0000,0.0000,0.0000,0.7259,0.1405,-5.5763,82.216,2319,0.0151,0.0999,0.1864,1,3,0.163
112.551,0,3,3,-0.6167,0.0000,-0.6039,-0.1759,2.2591,0.0000,0.0000,0.0000,0.7259,0.1405,-5.5763,82.317,2319,0.0088,0.0999,0.1764,1,3,0.174
112.650,0,3,3,-0.6167,0.0000,-0.6032,-0.1658,2.1680,0.0000,0.0000,0.0000,0.7259,0.1405,-5.5763,82.416,2319,-0.0051,0.0999,0.1664,1,3,0.217
112.752,0,3,3,-0.6167,0.0000,-0.6037,-0.1549,2.1774,0.0000,0.0000,0.0000,0.7259,0.1405,-5.5763,82.518,2319,-0.0038,0.0999,0.1555,1,3,0.197
112.850,0,3,3,-0.6167,0.0000,-0.6043,-0.1459,1.9826,0.0000,0.0000,0.0000,0.7259,0.1405,-5.5763,82.616,2319,0.0166,0.0999,0.1465,1,3,0.156
112.951,0,3,3,-0.6167,0.0000,-0.6037,-0.1359,2.0210,0.0000,0.0000,0.0000,0.7259,0.1405,-5.5763,82.717,2319,0.0085,0.0998,0.1365,1,3,0.170
113.050,0,3,3,-0.6167,0.0000,-0.6034,-0.1258,2.1682,0.0000,0.0000,0.0000,0.7259,0.1405,-5.5763,82.816,2319,0.0120,0.0997,0.1265,1,3,0.161
113.150,0,3,3,-0.6167,0.0000,-0.6030,-0.1161,1.9951,0.0000,0.0000,0.0000,0.7259,0.1405,-5.5763,82.916,2319,-0.0016,0.0932,0.1169,1,3,0.186
113.250,0,3,3,-0.6167,0.0000,-0.6035,-0.1067,1.9063,0.0000,0.0000,0.0000,0.7259,0.1405,-5.5763,83.016,2319,-0.0080,0.0856,0.1075,1,3,0.250
113.350,0,3,3,-0.6167,0.0000,-0.6046,-0.0982,1.9027,0.0000,0.0000,0.0000,0.7259,0.1405,-5.5763,83.116,2319,-0.0073,0.0788,0.0989,1,3,0.232
113.450,0,3,3,-0.6167,0.0000,-0.6055,-0.0903,1.8074,0.0000,0.0000,0.0000,0.7259,0.1405,-5.5763,83.216,2319,-0.0276,0.0811,0.0910,1,3,0.138
113.551,0,3,3,-0.6167,0.0000,-0.6073,-0.0825,1.7174,0.0000,0.0000,0.0000,0.7259,0.1405,-5.5763,83.317,2319,-0.0172,0.0710,0.0830,1,3,0.162
113.652,0,3,3,-0.6167,0.0000,-0.6086,-0.0758,1.5143,0.0000,0.0000,0.0000,0.7259,0.1405,-5.5763,83.417,2319,-0.0246,0.0691,0.0762,1,3,0.129
113.750,0,3,4,-0.6167,0.6167,-0.6109,-0.0685,1.4501,0.0000,0.0000,0.0000,0.7259,0.1405,-5.5763,83.516,2319,-0.0343,0.1151,0.6852,1,3,0.121
113.851,0,3,4,-0.6167,0.6167,-0.6142,-0.0572,1.2177,0.0000,0.0000,0.0000,0.7259,0.1405,-5.5763,83.617,2319,-0.0315,0.1141,0.6739,1,3,0.126
113.951,0,3,4,-0.6167,0.6167,-0.6179,-0.0459,1.4489,0.0000,0.0000,0.0000,0.7259,0.1405,-5.5763,83.717,2319,0.0198,0.1068,0.6626,1,3,0.164
114.051,0,3,4,-0.6167,0.6167,-0.6182,-0.0349,1.3800,0.0000,0.0000,0.0000,0.7259,0.1405,-5.5763,83.817,2319,0.0222,0.1078,0.6516,1,3,0.159
114.150,0,3,4,-0.6167,0.6167,-0.6161,-0.0240,1.3686,0.0000,0.0000,0.0000,0.7259,0.1405,-5.5763,83.916,2319,-0.0211,0.1099,0.6407,1,3,0.148
114.250,0,3,4,-0.6167,0.6167,-0.9307,-0.4019,23.8613,0.0000,0.0000,0.0000,-1.0493,-0.6919,54.3219,0.012,2321,0.0531,0.1032,1.0659,1,3,0.155
114.350,0,3,4,-0.6167,0.6167,-0.9743,-0.4590,26.9539,0.0000,0.0000,0.0000,-1.0579,-0.6821,54.2729,0.042,2322,-0.0040,0.1098,1.1336,1,3,0.117
114.451,0,3,4,-0.6167,0.6167,-1.0069,-0.4934,26.9246,0.0000,0.0000,0.0000,-1.1169,-0.6955,52.2952,0.012,2324,-0.0024,0.1092,1.1767,1,3,0.117
114.550,0,3,4,-0.6167,0.6167,-1.0352,-0.5167,25.4186,0.0000,0.0000,0.0000,-1.1169,-0.6955,52.2952,0.111,2324,-0.0009,0.1086,1.2082,1,3,0.117
114.650,0,3,4,-0.6167,0.6167,-1.0394,-0.5066,21.0898,0.0000,0.0000,0.0000,-1.1169,-0.6955,52.2952,0.211,2324,-0.0003,0.1084,1.2002,1,3,0.117
114.751,0,3,4,-0.6167,0.6167,-1.0429,-0.4965,17.5581,0.0000,0.0000,0.0000,-1.1169,-0.6955,52.2952,0.312,2324,0.0002,0.1082,1.1920,1,3,0.117
114.851,0,3,4,-0.6167,0.6167,-1.0460,-0.4861,14.7270,0.0000,0.0000,0.0000,-1.1169,-0.6955,52.2952,0.412,2324,0.0007,0.1079,1.1834,1,3,0.117
114.953,0,3,4,-0.6167,0.6167,-1.0488,-0.4746,11.9783,0.0000,0.0000,0.0000,-1.1169,-0.6955,52.2952,0.513,2324,0.0013,0.1077,1.1737,1,3,0.117
115.050,0,3,4,-0.6167,0.6167,-1.0505,-0.4652,9.5619,0.0000,0.0000,0.0000,-1.1169,-0.6955,52.2952,0.611,2324,0.0016,0.1075,1.1656,1,3,0.117
115.150,0,3,4,-0.6167,0.6167,-1.0521,-0.4545,7.8184,0.0000,0.0000,0.0000,-1.1169,-0.6955,52.2952,0.711,2324,0.0021,0.1073,1.1563,1,3,0.117
115.251,0,3,4,-0.6167,0.6167,-1.0534,-0.4435,6.3030,0.0000,0.0000,0.0000,-1.1169,-0.6955,52.2952,0.812,2324,0.0025,0.1072,1.1466,1,3,0.117
115.352,0,3,4,-0.6167,0.6167,-1.0543,-0.4336,5.2930,0.0000,0.0000,0.0000,-1.1169,-0.6955,52.2952,0.913,2324,0.0029,0.1070,1.1378,1,3,0.117
115.451,0,3,4,-0.6167,0.6167,-1.0551,-0.4224,4.3911,0.0000,0.0000,0.0000,-1.1169,-0.6955,52.2952,1.012,2324,0.0033,0.1068,1.1278,1,3,0.117
115.550,0,3,4,-0.6167,0.6167,-1.0551,-0.4119,3.9171,0.0000,0.0000,0.0000,-1.1169,-0.6955,52.2952,1.111,2324,0.0161,0.1015,1.1181,1,3,0.144
115.650,0,3,4,-0.6167,0.6167,-1.0533,-0.4021,3.4887,0.0000,0.0000,0.0000,-1.1169,-0.6955,52.2952,1.210,2324,0.0421,0.0907,1.1084,1,3,0.238
115.750,0,3,4,-0.6167,0.6167,-1.0493,-0.3927,2.8254,0.0000,0.0000,0.0000,-1.1169,-0.6955,52.2952,1.311,2324,0.0421,0.0907,1.0982,1,3,0.224
115.851,0,3,4,-0.6167,0.6167,-1.0462,-0.3828,2.5373,0.0000,0.0000,0.0000,-1.1169,-0.6955,52.2952,1.411,2324,0.0196,0.1133,1.0879,1,3,0.136
115.952,0,3,4,-0.6167,0.6167,-1.0446,-0.3710,2.0931,0.0000,0.0000,0.0000,-1.1169,-0.6955,52.2952,1.513,2324,0.0216,0.1114,1.0764,1,3,0.141
116.053,0,3,4,-0.6167,0.6167,-1.0429,-0.3603,2.0597,0.0000,0.0000,0.0000,-1.1169,-0.6955,52.2952,1.614,2324,0.0229,0.1102,1.0659,1,3,0.144
116.150,0,3,4,-0.6167,0.6167,-1.0440,-0.3560,3.5911,0.0000,0.0000,0.0000,-1.0083,-0.3927,20.4873,0.090,2325,0.0274,0.1059,1.0624,1,3,0.156
116.250,0,3,4,-0.6167,0.6167,-1.0417,-0.3454,3.0791,0.0000,0.0000,0.0000,-1.0083,-0.3927,20.4873,0.190,2325,0.0269,0.1065,1.0518,1,3,0.154
116.350,0,3,4,-0.6167,0.6167,-1.0471,-0.3454,5.5132,0.0000,0.0000,0.0000,-1.0237,-0.3794,19.4467,0.032,2327,0.0436,0.0900,1.0539,1,3,0.212
116.451,0,3,4,-0.6167,0.6167,-1.0461,-0.3392,5.7307,0.0000,0.0000,0.0000,-1.0294,-0.3678,18.9111,0.010,2329,0.0437,0.0899,1.0479,1,3,0.223
116.551,0,3,4,-0.6167,0.6167,-1.0457,-0.3354,6.6457,0.0000,0.0000,0.0000,-1.0278,-0.3694,17.9239,0.045,2330,0.0438,0.0899,1.0443,1,3,0.315
116.650,0,3,4,-0.6167,0.6167,-1.0449,-0.3309,7.0289,0.0000,0.0000,0.0000,-1.0361,-0.3613,17.0345,0.009,2332,0.0439,0.0898,1.0399,1,3,0.337
116.750,0,3,4,-0.6167,0.6167,-1.0418,-0.3218,5.9621,0.0000,0.0000,0.0000,-1.0361,-0.3613,17.0345,0.109,2332,0.0440,0.0898,1.0303,1,3,0.361
116.851,0,3,4,-0.6167,0.6167,-0.9240,-0.3033,4.0096,0.0000,0.0000,0.0000,-1.0384,-0.3517,14.5309,0.004,2335,0.0345,0.0939,0.9699,1,3,0.385
116.951,0,3,4,-0.6167,0.6167,-0.8462,-0.2906,3.3628,0.0000,0.0000,0.0000,-1.0415,-0.3451,14.2815,0.037,2337,0.0274,0.0962,0.9359,1,3,0.366
117.052,0,3,4,-0.6167,0.6167,-0.7764,-0.2768,2.4799,0.0000,0.0000,0.0000,0.7122,-0.1337,7.6909,0.008,2340,0.0205,0.0979,0.9076,1,3,0.223
117.152,0,3,4,-0.6167,0.6167,-0.6736,-0.2617,2.1359,0.0000,0.0000,0.0000,-1.0431,-0.3361,12.6906,0.041,2343,0.0095,0.0996,0.8802,1,3,0.224
117.251,0,3,4,-0.6167,0.6167,-0.6335,-0.2504,1.8852,0.0000,0.0000,0.0000,-1.0411,-0.3252,12.1999,0.011,2346,0.0049,0.0999,0.8672,1,3,0.207
117.352,0,3,4,-0.6167,0.6167,-0.6158,-0.2424,2.4120,0.0000,0.0000,0.0000,0.6950,-0.1498,6.4951,0.003,2349,0.0029,0.1000,0.8591,1,3,0.229
117.450,0,3,4,-0.6167,0.6167,-0.5451,-0.2298,1.9975,0.0000,0.0000,0.0000,-1.0447,-0.3145,12.0726,0.031,2351,-0.0054,0.0999,0.8495,1,3,0.239
117.550,0,3,4,-0.6167,0.6167,-0.5056,-0.2219,2.0535,0.0000,0.0000,0.0000,-1.0474,-0.3047,11.8075,0.016,2355,-0.0101,0.0995,0.8459,1,3,0.234
117.650,0,3,4,-0.6167,0.6167,-0.5543,-0.2281,3.1924,0.0000,0.0000,0.0000,-1.0671,-0.4841,15.7083,0.012,2358,-0.0044,0.0999,0.8470,1,3,0.237
117.750,0,3,4,-0.6167,0.6167,-0.5978,-0.2244,4.0106,0.0000,0.0000,0.0000,-1.0558,-0.2859,11.5962,0.035,2361,0.0008,0.1000,0.8412,1,3,0.241
117.850,0,3,4,-0.6167,0.6167,-0.6378,-0.2205,4.5004,0.0000,0.0000,0.0000,-1.0667,-0.2739,11.3995,0.005,2365,0.0055,0.0998,0.8374,1,3,0.212
117.951,0,3,4,-0.6167,0.6167,-0.6712,-0.2152,4.6910,0.0000,0.0000,0.0000,-1.0715,-0.2655,11.0654,0.041,2367,0.0095,0.0995,0.8337,1,3,0.242
118.051,0,3,4,-0.6167,0.6167,-0.7025,-0.2105,4.7386,0.0000,0.0000,0.0000,-1.0743,-0.2571,10.0038,0.005,2371,0.0133,0.0991,0.8316,1,3,0.266
118.151,0,3,4,-0.6167,0.6167,-0.7286,-0.2046,4.8307,0.0000,0.0000,0.0000,-1.0767,-0.2535,9.5223,0.038,2373,0.0165,0.0986,0.8289,1,3,0.279
118.250,0,3,4,-0.6167,0.6167,-0.7538,-0.1994,4.6780,0.0000,0.0000,0.0000,-1.0836,-0.2379,8.9411,0.009,2377,0.0195,0.0981,0.8275,1,3,0.287
118.350,0,3,4,-0.6167,0.6167,-0.7747,-0.1931,4.5949,0.0000,0.0000,0.0000,-1.1691,-0.2894,11.5076,0.025,2379,0.0221,0.0975,0.8251,1,3,0.305
118.450,0,3,4,-0.6167,0.6167,-0.8004,-0.1869,4.4621,0.0000,0.0000,0.0000,0.3258,0.4672,20.6467,0.006,2384,0.0252,0.0968,0.8243,1,3,0.309
118.550,0,3,4,-0.6167,0.6167,-0.7974,-0.1679,4.2699,0.0000,0.0000,0.0000,-1.0819,-0.2181,7.0449,0.039,2387,0.0254,0.0967,0.8052,1,3,0.316
118.653,0,3,4,-0.6167,0.6167,-0.8182,-0.1611,4.0946,0.0000,0.0000,0.0000,-1.1548,-0.1887,4.2778,0.004,2392,0.0280,0.0960,0.8034,1,3,0.333
118.752,0,3,4,-0.6167,0.6167,-0.8387,-0.1550,3.7435,0.0000,0.0000,0.0000,-1.0907,-0.1974,6.2552,0.006,2396,0.0305,0.0952,0.8030,1,3,0.355
118.851,0,3,4,-0.6167,0.6167,-0.8544,-0.1482,3.6232,0.0000,0.0000,0.0000,-1.1278,-0.2223,7.9085,0.041,2399,0.0325,0.0946,0.8010,1,3,0.318
118.950,0,3,4,-0.6167,0.6167,-0.8766,-0.1429,3.5846,0.0000,0.0000,0.0000,-1.0876,-0.1800,4.9372,0.016,2405,0.0352,0.0936,0.8029,1,3,0.355
119.050,0,3,4,-0.6167,0.6167,-0.8888,-0.1368,3.4890,0.0000,0.0000,0.0000,-1.1312,-0.2167,7.4801,0.015,2409,0.0368,0.0930,0.8011,1,3,0.376
119.152,0,3,4,-0.6167,0.6167,-0.8989,-0.1300,3.1567,0.0000,0.0000,0.0000,-1.1500,-0.1644,2.5022,0.005,2414,0.0382,0.0924,0.7982,1,3,0.359
119.254,0,3,4,-0.6167,0.6167,-0.9092,-0.1220,3.0897,0.0000,0.0000,0.0000,-1.1348,-0.2104,7.0278,0.002,2420,0.0396,0.0918,0.7944,1,3,0.369
119.352,0,3,4,-0.6167,0.6167,-0.9231,-0.1159,3.0683,0.0000,0.0000,0.0000,-1.0739,-0.1465,3.3189,0.024,2425,0.0413,0.0911,0.7941,1,3,0.389
119.450,0,3,4,-0.6167,0.6167,-0.9270,-0.1059,2.9403,0.0000,0.0000,0.0000,-1.1469,-0.1506,1.5646,0.010,2431,0.0422,0.0907,0.7864,1,3,0.403
119.550,0,3,4,-0.6167,0.6167,-0.9387,-0.0972,2.8136,0.0000,0.0000,0.0000,-1.0691,-0.1246,2.8069,0.024,2437,0.0438,0.0899,0.7831,1,3,0.428
119.651,0,3,4,-0.6167,0.6167,-0.9429,-0.0881,2.6257,0.0000,0.0000,0.0000,-1.1539,-0.0259,-0.7632,0.009,2442,0.0447,0.0894,0.7766,1,3,0.434
119.750,0,3,4,-0.6167,0.6167,-0.9516,-0.0778,2.4270,0.0000,0.0000,0.0000,-1.0689,-0.0490,3.1642,0.025,2448,0.0461,0.0887,0.7711,1,3,0.440
119.853,0,3,4,-0.6167,0.6167,-0.9557,-0.0684,2.2481,0.0000,0.0000,0.0000,-1.0636,-0.0962,2.0745,0.003,2455,0.0470,0.0883,0.7644,1,3,0.448
119.950,0,3,4,-0.6167,0.6167,-0.9620,-0.0588,2.3535,0.0000,0.0000,0.0000,-1.0894,-0.0972,4.3837,0.025,2460,0.0482,0.0876,0.7587,1,3,0.470
120.054,0,3,4,-0.6167,0.6167,-0.9641,-0.0495,2.1435,0.0000,0.0000,0.0000,-1.1521,-0.0248,-0.7808,0.002,2467,0.0489,0.0872,0.7513,1,3,0.510
120.150,0,3,4,-0.6167,0.6167,-0.9692,-0.0415,2.0952,0.0000,0.0000,0.0000,-1.0503,-0.0692,1.8597,0.019,2472,0.0498,0.0867,0.7466,1,3,0.548
120.251,0,3,4,-0.6167,0.6167,-0.9721,-0.0321,1.9162,0.0000,0.0000,0.0000,-1.0863,-0.0996,4.7122,0.003,2479,0.0507,0.0862,0.7398,1,3,0.528
120.350,0,3,4,-0.6167,0.6167,-0.9741,-0.0249,2.0615,0.0000,0.0000,0.0000,-1.0427,-0.0505,1.6962,0.012,2484,0.0513,0.0859,0.7344,1,3,0.544
120.450,0,3,4,-0.6167,0.6167,-0.9741,-0.0160,1.8934,0.0000,0.0000,0.0000,-1.0371,-0.0369,1.8052,0.010,2490,0.0518,0.0855,0.7266,1,3,0.505
120.550,0,3,4,-0.6167,0.6167,-0.9763,-0.0080,1.8656,0.0000,0.0000,0.0000,-1.1155,0.0427,-1.3966,0.023,2496,0.0525,0.0851,0.7208,1,3,0.468
120.652,0,3,4,-0.6167,0.6167,-0.9756,0.0009,1.7490,0.0000,0.0000,0.0000,-1.0631,0.0024,3.4773,0.003,2503,0.0529,0.0848,0.7127,1,3,0.401
120.750,0,3,4,-0.6167,0.6167,-0.9767,0.0102,1.7687,0.0000,0.0000,0.0000,-1.0226,-0.0140,1.4493,0.032,2508,0.0536,0.0844,0.7053,1,3,0.340
120.851,0,3,4,-0.6167,0.6167,-0.9759,0.0196,1.6990,0.0000,0.0000,0.0000,-1.1164,0.0412,-1.2099,0.003,2515,0.0541,0.0841,0.6968,1,3,0.332
120.950,0,3,4,-0.6167,0.6167,-0.9755,0.0282,1.6113,0.0000,0.0000,0.0000,-1.1156,0.0422,-1.2829,0.014,2520,0.0546,0.0838,0.6892,1,3,0.309
121.050,0,3,4,-0.6167,0.6167,-0.9743,0.0361,1.5802,0.0000,0.0000,0.0000,-1.0089,0.0115,1.3527,0.010,2526,0.0550,0.0835,0.6819,1,3,0.275
121.150,0,3,4,-0.6167,0.6167,-0.9739,0.0446,1.6090,0.0000,0.0000,0.0000,-1.0022,0.0211,1.3251,0.033,2532,0.0555,0.0832,0.6744,1,3,0.268
121.250,0,3,4,-0.6167,0.6167,-0.9716,0.0528,1.5396,0.0000,0.0000,0.0000,-1.0642,0.0933,-1.2557,0.006,2538,0.0558,0.0830,0.6663,1,3,0.295
121.350,0,3,4,-0.6167,0.6167,-0.9699,0.0617,1.6332,0.0000,0.0000,0.0000,-1.0545,-0.0082,4.6402,0.031,2544,0.0562,0.0827,0.6578,1,3,0.272
121.451,0,3,4,-0.6167,0.6167,-0.9668,0.0704,1.4376,0.0000,0.0000,0.0000,-1.0648,0.0933,-1.1129,0.011,2550,0.0565,0.0825,0.6489,1,3,0.273
121.551,0,3,4,-0.6167,0.6167,-0.9647,0.0785,1.5409,0.0000,0.0000,0.0000,-0.9850,0.0597,1.4089,0.029,2555,0.0568,0.0823,0.6409,1,3,0.272
121.650,0,3,4,-0.6167,0.6167,-0.9626,0.0877,1.4473,0.0000,0.0000,0.0000,-0.9805,0.0674,1.3308,0.004,2563,0.0572,0.0820,0.6320,1,3,0.318
121.750,0,3,4,-0.6167,0.6167,-0.9601,0.0944,1.5622,0.0000,0.0000,0.0000,-1.0354,0.1442,-1.4722,0.024,2568,0.0574,0.0819,0.6251,1,3,0.351
121.850,0,3,4,-0.6167,0.6167,-0.9563,0.1030,1.5044,0.0000,0.0000,0.0000,-1.0472,-0.0129,5.5558,0.004,2575,0.0576,0.0817,0.6158,1,3,0.331
121.951,0,3,4,-0.6167,0.6167,-0.9535,0.1096,1.5258,0.0000,0.0000,0.0000,-1.0242,0.1659,-1.4407,0.007,2580,0.0578,0.0816,0.6088,1,3,0.331
122.052,0,3,4,-0.6167,0.6167,-0.9510,0.1176,1.5241,0.0000,0.0000,0.0000,-1.0240,0.1661,-1.4557,0.003,2588,0.0581,0.0814,0.6007,1,3,0.307
122.150,0,3,4,-0.6167,0.6167,-0.9478,0.1264,1.4255,0.0000,0.0000,0.0000,-1.0244,0.1656,-1.3982,0.032,2592,0.0584,0.0811,0.5916,1,3,0.268
122.253,0,3,4,-0.6167,0.6167,-0.9449,0.1354,1.4048,0.0000,0.0000,0.0000,-0.9450,0.1216,1.3704,0.003,2599,0.0588,0.0809,0.5826,1,3,0.241
122.350,0,3,4,-0.6167,0.6167,-0.9412,0.1426,1.2798,0.0000,0.0000,0.0000,-0.9452,0.1221,1.3565,0.035,2602,0.0589,0.0808,0.5745,1,3,0.203
122.451,0,3,4,-0.6167,0.6167,-0.9381,0.1508,1.3404,0.0000,0.0000,0.0000,-0.9433,0.1319,1.5026,0.004,2608,0.0603,0.0795,0.5660,1,3,0.197
122.551,0,3,4,-0.6167,0.6167,-0.9338,0.1579,1.3421,0.0000,0.0000,0.0000,-0.9290,0.1425,1.3400,0.038,2611,0.0643,0.0756,0.5577,1,3,0.186
122.650,0,3,4,-0.6167,0.6167,-0.9290,0.1653,1.4466,0.0000,0.0000,0.0000,-0.9915,0.1968,-1.1597,0.005,2616,0.0632,0.0766,0.5489,1,3,0.189
122.751,0,3,4,-0.6167,0.6167,-0.9257,0.1723,1.2753,0.0000,0.0000,0.0000,-1.0064,0.1243,4.7778,0.017,2620,0.0595,0.0803,0.5413,1,3,0.202
122.852,0,3,4,-0.6167,0.6167,-0.9215,0.1805,1.4745,0.0000,0.0000,0.0000,-0.9166,0.1622,1.5487,0.003,2625,0.0597,0.0802,0.5322,1,3,0.233
122.950,0,3,4,-0.6167,0.6167,-0.9176,0.1880,1.3561,0.0000,0.0000,0.0000,-0.9073,0.1740,1.6507,0.020,2630,0.0599,0.0801,0.5238,1,3,0.288
123.050,0,3,4,-0.6167,0.6167,-0.9136,0.1959,1.4999,0.0000,0.0000,0.0000,-1.0030,0.1192,5.4574,0.012,2636,0.0601,0.0799,0.5150,1,3,0.306
123.153,0,3,4,-0.6167,0.6167,-0.9090,0.2037,1.3507,0.0000,0.0000,0.0000,-0.8958,0.1924,1.6874,0.003,2642,0.0602,0.0799,0.5060,1,3,0.538
123.251,0,3,4,-0.6167,0.6167,-0.9047,0.2121,1.4630,0.0000,0.0000,0.0000,-1.0010,0.1167,5.8681,0.013,2648,0.0604,0.0797,0.4966,1,3,0.364
123.351,0,3,4,-0.6167,0.6167,-0.8999,0.2196,1.3339,0.0000,0.0000,0.0000,-0.9365,0.2606,-1.0558,0.011,2654,0.0605,0.0796,0.4877,1,3,0.250
123.450,0,3,4,-0.6167,0.6167,-0.8945,0.2290,1.3690,0.0000,0.0000,0.0000,-0.9895,0.1890,5.0150,0.007,2661,0.0607,0.0795,0.4770,1,3,0.230
123.550,0,3,4,-0.6167,0.6167,-0.8911,0.2377,1.4033,0.0000,0.0000,0.0000,-0.9887,0.1876,5.1785,0.030,2666,0.0611,0.0792,0.4679,1,3,0.252
123.650,0,3,4,-0.6167,0.6167,-0.8861,0.2459,1.3205,0.0000,0.0000,0.0000,-0.9251,0.3096,-1.5919,0.005,2671,0.0612,0.0766,0.4583,1,3,0.195
123.750,0,3,4,-0.6167,0.6167,-0.8830,0.2533,1.3995,0.0000,0.0000,0.0000,-0.8881,0.2908,0.9403,0.020,2676,0.0615,0.0623,0.4505,1,3,0.167
123.852,0,3,4,-0.6167,0.6167,-0.8790,0.2585,1.2542,0.0000,0.0000,0.0000,-0.8591,0.2514,1.6114,0.003,2682,0.0615,0.0539,0.4439,1,3,0.150
123.950,0,3,4,-0.6167,0.6167,-0.8741,0.2647,1.2333,0.0000,0.0000,0.0000,-0.8590,0.2518,1.5993,0.037,2685,0.0614,0.0559,0.4360,1,3,0.154
124.052,0,3,4,-0.6167,0.6167,-0.8693,0.2703,1.4733,0.0000,0.0000,0.0000,-0.8453,0.2656,1.7471,0.003,2690,0.0613,0.0530,0.4287,1,3,0.148
124.150,0,3,4,-0.6167,0.6167,-0.8657,0.2743,1.4863,0.0000,0.0000,0.0000,-0.8443,0.2648,1.8002,0.027,2694,0.0612,0.0391,0.4233,1,3,0.120
124.250,0,3,4,-0.6167,0.6167,-0.8608,0.2788,1.4662,0.0000,0.0000,0.0000,-0.8685,0.3543,-1.2511,0.010,2698,0.0610,0.0428,0.4168,1,3,0.127
124.350,0,3,4,-0.6167,0.6167,-0.8571,0.2816,1.5149,0.0000,0.0000,0.0000,-0.8235,0.2780,1.6374,0.022,2703,0.0607,0.0465,0.4124,1,3,0.134
124.451,0,3,4,-0.6167,0.6167,-0.8537,0.2850,1.4736,0.0000,0.0000,0.0000,-0.8672,0.3550,-1.3336,0.003,2708,0.0606,0.0611,0.4077,1,3,0.163
124.550,0,3,4,-0.6167,0.6167,-0.8489,0.2915,1.4540,0.0000,0.0000,0.0000,-0.8667,0.3551,-1.3503,0.030,2712,0.0605,0.0796,0.3995,1,3,0.220
124.650,0,3,4,-0.6167,0.6167,-0.8456,0.2978,1.5623,0.0000,0.0000,0.0000,-0.8127,0.2929,1.8707,0.006,2717,0.0607,0.0794,0.3925,1,3,0.425
124.750,0,3,4,-0.6167,0.6167,-0.8404,0.3068,1.4477,0.0000,0.0000,0.0000,-0.8417,0.3711,-1.0366,0.017,2721,0.0757,0.0437,0.3822,1,3,0.123
124.851,0,3,4,-0.6167,0.6167,-0.8356,0.3123,1.5584,0.0000,0.0000,0.0000,-0.8418,0.3710,-0.9738,0.006,2726,0.0767,0.0410,0.3749,1,3,0.117
124.950,0,3,4,-0.6167,0.6167,-0.8289,0.3175,1.5500,0.0000,0.0000,0.0000,-0.7941,0.3140,1.8865,0.032,2730,0.0762,0.0414,0.3668,1,3,0.117
125.051,0,3,4,-0.6167,0.6167,-0.8233,0.3218,1.4644,0.0000,0.0000,0.0000,-0.8052,0.3953,-1.0476,0.002,2736,0.0757,0.0418,0.3600,1,3,0.117
125.150,0,3,4,-0.6167,0.6167,-0.8154,0.3275,1.3915,0.0000,0.0000,0.0000,-0.7806,0.3242,1.7972,0.038,2738,0.0750,0.0423,0.3509,1,3,0.117
125.252,0,3,4,-0.6167,0.6167,-0.8099,0.3317,1.5479,0.0000,0.0000,0.0000,-0.8161,0.3320,-0.1432,0.003,2744,0.0603,0.0769,0.3443,1,3,0.191
125.350,0,3,4,-0.6167,0.6167,-0.8059,0.3387,1.5987,0.0000,0.0000,0.0000,-0.7664,0.3336,2.0629,0.033,2747,0.0587,0.0809,0.3363,1,3,0.352
125.450,0,3,4,-0.6167,0.6167,-0.7995,0.3510,1.8658,0.0000,0.0000,0.0000,-0.7511,0.3464,2.4082,0.003,2751,0.0591,0.0806,0.3225,1,3,0.218
125.550,0,3,4,-0.6167,0.6167,-0.7944,0.3606,2.0980,0.0000,0.0000,0.0000,-0.9518,0.2604,7.7053,0.022,2755,0.0888,0.0511,0.3117,1,3,0.117
125.652,0,3,4,-0.6167,0.6167,-0.7859,0.3694,1.8234,0.0000,0.0000,0.0000,-0.7466,0.3554,2.7713,0.003,2760,0.0883,0.0515,0.2996,1,3,0.117
125.750,0,3,4,-0.6167,0.6167,-0.7763,0.3810,1.8554,0.0000,0.0000,0.0000,-0.7465,0.3554,2.7725,0.020,2765,0.0879,0.0517,0.2847,1,3,0.117
125.851,0,3,4,-0.6167,0.6167,-0.7642,0.3893,1.7433,0.0000,0.0000,0.0000,-0.9772,0.2763,8.6011,0.003,2771,0.0863,0.0529,0.2710,1,3,0.117
125.950,0,3,4,-0.6167,0.6167,-0.7533,0.4003,1.5014,0.0000,0.0000,0.0000,-0.6074,0.8288,-8.2221,0.019,2777,0.0559,0.0829,0.2559,1,3,0.394
126.051,0,3,4,-0.6167,0.6167,-0.7442,0.4103,1.4426,0.0000,0.0000,0.0000,-0.7085,0.3830,2.2502,0.004,2783,0.0551,0.0834,0.2426,1,3,0.419
126.150,0,3,4,-0.6167,0.6167,-0.7355,0.4238,1.2954,0.0000,0.0000,0.0000,-0.7077,0.3819,2.3338,0.036,2788,0.0933,0.0676,0.2266,1,3,0.117
126.251,0,3,4,-0.6167,0.6167,-0.7217,0.4315,1.2968,0.0000,0.0000,0.0000,-0.6968,0.4020,2.1365,0.004,2794,0.0903,0.0696,0.2129,1,3,0.117
126.350,0,3,4,-0.6167,0.6167,-0.7095,0.4439,1.3105,0.0000,0.0000,0.0000,-0.5673,0.8597,-8.6370,0.020,2799,0.0883,0.0708,0.1961,1,3,0.117
126.453,0,3,4,-0.6167,0.6167,-0.6969,0.4534,1.2263,0.0000,0.0000,0.0000,-0.5703,0.8602,-8.2263,0.006,2805,0.0542,0.0853,0.1819,1,3,0.184
126.550,0,3,4,-0.6167,0.6167,-0.6853,0.4670,1.1381,0.0000,0.0000,0.0000,-0.5991,0.4057,3.3296,0.019,2811,0.0444,0.0896,0.1647,1,3,0.290
126.650,0,3,4,-0.6167,0.6167,-0.6772,0.4775,0.9789,0.0000,0.0000,0.0000,-0.6341,0.4060,3.5585,0.009,2816,0.0426,0.0905,0.1517,1,3,0.362
126.750,0,3,4,-0.6167,0.6167,-0.6656,0.4906,0.8766,0.0000,0.0000,0.0000,-0.6339,0.4059,3.5818,0.026,2823,0.0549,0.0921,0.1353,1,3,0.168
126.850,0,3,4,-0.6167,0.6167,-0.6555,0.5054,0.7815,0.0000,0.0000,0.0000,-0.6568,0.4484,2.3009,0.006,2830,0.0417,0.0880,0.1178,1,3,0.183
126.950,0,3,4,-0.6167,0.6167,-0.6458,0.5141,0.9112,0.0000,0.0000,0.0000,-0.4105,0.4362,-2.6009,0.013,2835,0.0403,0.0813,0.1067,1,3,0.166
127.051,0,3,4,-0.6167,0.6167,-0.6393,0.5228,0.9219,0.0000,0.0000,0.0000,-0.5310,0.9029,-8.0873,0.006,2841,0.0366,0.0745,0.0966,1,3,0.158
127.152,0,3,4,-0.6167,0.6167,-0.6326,0.5341,1.0155,0.0000,0.0000,0.0000,-0.6313,0.4764,2.3134,0.015,2847,0.0307,0.0660,0.0841,1,3,0.153
127.250,0,3,4,-0.6167,0.6167,-0.6281,0.5396,1.0489,0.0000,0.0000,0.0000,-0.6339,0.4827,2.6616,0.007,2854,0.0169,0.0614,0.0779,1,3,0.181
127.351,0,3,5,-0.6167,1.2333,-0.6207,0.5519,0.9048,0.0000,0.0000,0.0000,-0.4778,0.9795,-9.3643,0.014,2859,0.0146,0.0999,0.6814,1,3,0.178
127.450,0,3,5,-0.6167,1.2333,-0.6174,0.5622,1.0048,0.0000,0.0000,0.0000,-0.6079,0.4139,5.5440,0.004,2866,0.0031,0.1000,0.6711,1,3,0.347
127.551,0,3,5,-0.6167,1.2333,-0.6155,0.5716,1.1321,0.0000,0.0000,0.0000,-0.4850,0.9816,-8.7621,0.011,2871,0.0028,0.1000,0.6618,1,3,0.371
127.651,0,3,5,-0.6167,1.2333,-0.6124,0.5854,1.0820,0.0000,0.0000,0.0000,-0.6120,0.4160,6.3270,0.004,2878,0.0024,0.1000,0.6480,1,3,0.237
127.750,0,3,5,-0.6167,1.2333,-0.6099,0.5978,1.1147,0.0000,0.0000,0.0000,-0.6338,0.5246,3.1377,0.028,2883,0.0149,0.1053,0.6355,1,3,0.172
127.850,0,3,5,-0.6167,1.2333,-0.6067,0.6110,1.3423,0.0000,0.0000,0.0000,-0.6253,0.5450,3.4060,0.007,2890,0.0157,0.1059,0.6224,1,3,0.169
127.951,0,3,5,-0.6167,1.2333,-0.6036,0.6223,1.2916,0.0000,0.0000,0.0000,-0.5772,0.5419,4.1649,0.029,2895,0.0221,0.1088,0.6111,1,3,0.154
128.051,0,3,5,-0.6167,1.2333,-0.6012,0.6321,1.3114,0.0000,0.0000,0.0000,-0.6204,0.4197,7.6426,0.012,2900,0.0194,0.1078,0.6014,1,3,0.159
128.150,0,3,5,-0.6167,1.2333,-0.5981,0.6452,1.2273,0.0000,0.0000,0.0000,-0.5772,0.5701,4.0109,0.030,2907,0.0063,0.1027,0.5884,1,3,0.186
128.252,0,3,5,-0.6167,1.2333,-0.5971,0.6551,1.3569,0.0000,0.0000,0.0000,-0.4784,1.0895,-8.8241,0.009,2913,-0.0004,0.1000,0.5786,1,3,0.209
128.350,0,3,5,-0.6167,1.2333,-0.5958,0.6673,1.3887,0.0000,0.0000,0.0000,-0.6201,0.5889,3.5316,0.007,2919,-0.0007,0.1000,0.5664,1,3,0.309
128.452,0,3,5,-0.6167,1.2333,-0.5957,0.6760,1.3588,0.0000,0.0000,0.0000,-0.6227,0.4711,5.5191,0.007,2925,-0.0008,0.1000,0.5578,1,3,0.309
128.550,0,3,5,-0.6167,1.2333,-0.5973,0.6778,1.6178,0.0000,0.0000,0.0000,-0.6301,0.6203,3.8696,0.010,2931,-0.0005,0.1000,0.5558,1,3,0.289
128.650,0,3,5,-0.6167,1.2333,-0.5979,0.6833,1.7283,0.0000,0.0000,0.0000,-0.6295,0.6198,3.9289,0.002,2938,-0.0004,0.1000,0.5504,1,3,0.270
128.750,0,3,5,-0.6167,1.2333,-0.5992,0.6866,1.6765,0.0000,0.0000,0.0000,-0.6223,0.4741,6.0403,0.018,2943,-0.0002,0.1000,0.5470,1,3,0.220
128.850,0,3,5,-0.6167,1.2333,-0.6002,0.6923,1.6301,0.0000,0.0000,0.0000,-0.5800,0.6368,4.8984,0.003,2950,-0.0000,0.1000,0.5413,1,3,0.213
128.950,0,3,5,-0.6167,1.2333,-0.6009,0.6969,1.8523,0.0000,0.0000,0.0000,-0.5804,0.6369,4.9037,0.024,2955,0.0001,0.1000,0.5367,1,3,0.228
129.052,0,3,5,-0.6167,1.2333,-0.6015,0.7045,1.8481,0.0000,0.0000,0.0000,-0.6240,0.4786,6.5315,0.003,2962,0.0001,0.1000,0.5291,1,3,0.222
129.150,0,3,5,-0.6167,1.2333,-0.6027,0.7087,1.8000,0.0000,0.0000,0.0000,-0.5994,0.6458,5.3467,0.029,2967,0.0003,0.1000,0.5249,1,3,0.230
129.253,0,3,5,-0.6167,1.2333,-0.6039,0.7156,1.9675,0.0000,0.0000,0.0000,-0.5810,0.7609,5.2708,0.003,2975,0.0005,0.1000,0.5179,1,3,0.227
129.351,0,3,5,-0.6167,1.2333,-0.6048,0.7236,2.0211,0.0000,0.0000,0.0000,-0.5824,0.7663,5.3290,0.027,2979,0.0007,0.1000,0.5099,1,3,0.239
129.451,0,3,5,-0.6167,1.2333,-0.6064,0.7306,1.9288,0.0000,0.0000,0.0000,-0.5817,0.7802,5.3720,0.006,2986,0.0010,0.1000,0.5029,1,3,0.291
129.550,0,3,5,-0.6167,1.2333,-0.6066,0.7391,1.8945,0.0000,0.0000,0.0000,-0.5911,0.7117,4.4693,0.018,2990,0.0010,0.1000,0.4943,1,3,0.282
129.650,0,3,5,-0.6167,1.2333,-0.6066,0.7488,2.0025,0.0000,0.0000,0.0000,-0.5942,0.7127,4.7505,0.007,2995,0.0009,0.1000,0.4846,1,3,0.318
129.750,0,3,5,-0.6167,1.2333,-0.6073,0.7564,1.9793,0.0000,0.0000,0.0000,-0.5971,0.7135,5.0739,0.033,2999,0.0010,0.1000,0.4770,1,3,0.292
129.850,0,3,5,-0.6167,1.2333,-0.6073,0.7654,1.9005,0.0000,0.0000,0.0000,-0.5981,0.7140,5.1546,0.013,3004,0.0010,0.1000,0.4680,1,3,0.225
129.950,0,3,5,-0.6167,1.2333,-0.6080,0.7729,2.0232,0.0000,0.0000,0.0000,-0.6454,0.6347,4.3299,0.032,3008,0.0011,0.1000,0.4605,1,3,0.239
130.050,0,3,5,-0.6167,1.2333,-0.6081,0.7822,2.1245,0.0000,0.0000,0.0000,-0.5752,0.8477,5.8889,0.018,3012,0.0011,0.1000,0.4512,1,3,0.243
130.151,0,3,5,-0.6167,1.2333,-0.6083,0.7923,1.9637,0.0000,0.0000,0.0000,-0.6477,0.7250,3.0858,0.010,3017,0.0011,0.1000,0.4411,1,3,0.256
130.253,0,3,5,-0.6167,1.2333,-0.6085,0.8023,1.8731,0.0000,0.0000,0.0000,-0.6486,0.7251,3.1014,0.002,3023,0.0011,0.1000,0.4311,1,3,0.256
130.350,0,3,5,-0.6167,1.2333,-0.6091,0.8111,2.0043,0.0000,0.0000,0.0000,-0.5968,0.7906,4.1559,0.042,3026,0.0012,0.1000,0.4223,1,3,0.318
130.452,0,3,5,-0.6167,1.2333,-0.6093,0.8214,1.8987,0.0000,0.0000,0.0000,-0.6023,0.7921,4.6010,0.003,3033,0.0012,0.1000,0.4120,1,3,0.358
130.550,0,3,5,-0.6167,1.2333,-0.6107,0.8293,1.9076,0.0000,0.0000,0.0000,-0.5636,0.9027,6.3138,0.022,3038,0.0015,0.1000,0.4040,1,3,0.352
130.650,0,3,5,-0.6167,1.2333,-0.6121,0.8373,1.8604,0.0000,0.0000,0.0000,-0.6425,0.8255,2.5421,0.013,3044,0.0019,0.1000,0.3961,1,3,0.358
130.750,0,3,5,-0.6167,1.2333,-0.6138,0.8453,1.9263,0.0000,0.0000,0.0000,-0.6495,0.8564,3.0627,0.023,3050,0.0023,0.1000,0.3881,1,3,0.349
130.850,0,3,5,-0.6167,1.2333,-0.6153,0.8558,1.6966,0.0000,0.0000,0.0000,-0.6487,0.8623,2.7540,0.002,3057,0.0026,0.1000,0.3776,1,3,0.248
130.950,0,3,5,-0.6167,1.2333,-0.6162,0.8653,1.6137,0.0000,0.0000,0.0000,-0.5954,0.8812,3.2376,0.032,3062,0.0029,0.1000,0.3680,1,3,0.251
131.050,0,3,5,-0.6167,1.2333,-0.6173,0.8752,1.8111,0.0000,0.0000,0.0000,-0.6590,0.8334,1.9694,0.004,3068,0.0032,0.0999,0.3581,1,3,0.246
131.150,0,3,5,-0.6167,1.2333,-0.6189,0.8843,1.7402,0.0000,0.0000,0.0000,-0.6039,0.8831,3.9208,0.020,3074,0.0036,0.0999,0.3491,1,3,0.236
131.251,0,3,5,-0.6167,1.2333,-0.6197,0.8941,1.5839,0.0000,0.0000,0.0000,-0.6045,0.8838,3.8362,0.013,3080,0.0039,0.0999,0.3393,1,3,0.246
131.351,0,3,5,-0.6167,1.2333,-0.6214,0.9035,1.5478,0.0000,0.0000,0.0000,-0.6571,0.8880,1.2420,0.026,3086,0.0044,0.0999,0.3299,1,3,0.265
131.450,0,3,5,-0.6167,1.2333,-0.6217,0.9135,1.7147,0.0000,0.0000,0.0000,-0.5990,0.9405,3.2500,0.015,3091,0.0046,0.0999,0.3199,1,3,0.291
131.550,0,3,5,-0.6167,1.2333,-0.6223,0.9231,1.5987,0.0000,0.0000,0.0000,-0.6634,0.8896,1.6353,0.017,3095,0.0048,0.0999,0.3102,1,3,0.316
131.650,0,3,5,-0.6167,1.2333,-0.6229,0.9337,1.5533,0.0000,0.0000,0.0000,-0.6026,0.9412,3.5542,0.011,3101,0.0051,0.0999,0.2997,1,3,0.345
131.750,0,3,5,-0.6167,1.2333,-0.6240,0.9439,1.5056,0.0000,0.0000,0.0000,-0.6586,0.9448,0.8279,0.022,3107,0.0055,0.0998,0.2895,1,3,0.443
131.850,0,3,5,-0.6167,1.2333,-0.6248,0.9549,1.5163,0.0000,0.0000,0.0000,-0.6517,0.9830,0.6078,0.010,3114,0.0059,0.0998,0.2785,1,3,0.437
131.950,0,3,5,-0.6167,1.2333,-0.6249,0.9646,1.4545,0.0000,0.0000,0.0000,-0.6458,0.9680,0.5426,0.032,3117,0.0061,0.0998,0.2688,1,3,0.449
132.052,0,3,5,-0.6167,1.2333,-0.6248,0.9748,1.4469,0.0000,0.0000,0.0000,-0.6512,1.0095,0.3937,0.007,3122,0.0062,0.0998,0.2587,1,3,0.471
132.151,0,3,5,-0.6167,1.2333,-0.6253,0.9852,1.4827,0.0000,0.0000,0.0000,-0.6428,0.9890,0.6387,0.020,3126,0.0065,0.0998,0.2483,1,3,0.446
132.252,0,3,5,-0.6167,1.2333,-0.6255,0.9954,1.5319,0.0000,0.0000,0.0000,-0.6606,1.0235,3.0506,0.002,3132,0.0067,0.0998,0.2381,1,3,0.381
132.350,0,3,5,-0.6167,1.2333,-0.6260,1.0049,1.5652,0.0000,0.0000,0.0000,-0.6284,0.9612,5.0025,0.020,3136,0.0071,0.0997,0.2286,1,3,0.350
132.452,0,3,5,-0.6167,1.2333,-0.6256,1.0154,1.5240,0.0000,0.0000,0.0000,-0.6184,0.9865,3.3358,0.012,3141,0.0071,0.0997,0.2181,1,3,0.395
132.550,0,3,5,-0.6167,1.2333,-0.6251,1.0252,1.4764,0.0000,0.0000,0.0000,-0.6183,0.9956,3.1817,0.037,3145,0.0070,0.0998,0.2083,1,3,0.394
132.651,0,3,5,-0.6167,1.2333,-0.6251,1.0364,1.4931,0.0000,0.0000,0.0000,-0.6512,1.1025,3.0610,0.012,3150,0.0073,0.0997,0.1971,1,3,0.346
132.750,0,3,5,-0.6167,1.2333,-0.6251,1.0464,1.4285,0.0000,0.0000,0.0000,-0.6632,1.0661,-0.3408,0.003,3154,0.0075,0.0997,0.1871,1,3,0.355
132.850,0,3,5,-0.6167,1.2333,-0.6252,1.0569,1.3086,0.0000,0.0000,0.0000,-0.6488,1.1180,3.1680,0.006,3159,0.0078,0.0997,0.1766,1,3,0.371
132.950,0,3,5,-0.6167,1.2333,-0.6245,1.0682,1.5021,0.0000,0.0000,0.0000,-0.6163,1.0451,3.0549,0.011,3163,0.0077,0.0997,0.1653,1,3,0.371
133.053,0,3,5,-0.6167,1.2333,-0.6249,1.0788,1.5657,0.0000,0.0000,0.0000,-0.6150,1.0612,3.3758,0.003,3169,0.0083,0.0997,0.1547,1,3,0.379
133.150,0,3,5,-0.6167,1.2333,-0.6250,1.0894,1.5393,0.0000,0.0000,0.0000,-0.6535,1.1079,0.0841,0.033,3172,0.0088,0.0996,0.1441,1,3,0.389
133.250,0,3,5,-0.6167,1.2333,-0.6251,1.1002,1.4519,0.0000,0.0000,0.0000,-0.6143,1.0834,3.2963,0.010,3177,0.0093,0.0996,0.1334,1,3,0.401
133.351,0,3,5,-0.6167,1.2333,-0.6243,1.1106,1.5310,0.0000,0.0000,0.0000,-0.6438,1.1200,0.5127,0.031,3181,0.0091,0.0980,0.1230,1,3,0.413
133.451,0,3,5,-0.6167,1.2333,-0.6244,1.1215,1.5059,0.0000,0.0000,0.0000,-0.6463,1.1425,0.4868,0.008,3187,0.0089,0.0892,0.1121,1,3,0.448
133.551,0,3,5,-0.6167,1.2333,-0.6244,1.1309,1.6655,0.0000,0.0000,0.0000,-0.6446,1.1692,3.6791,0.026,3190,0.0086,0.0817,0.1027,1,3,0.458
133.653,0,3,5,-0.6167,1.2333,-0.6238,1.1399,1.5809,0.0000,0.0000,0.0000,-0.6100,1.1299,3.3904,0.006,3195,0.0080,0.0746,0.0937,1,3,0.470
133.750,0,3,5,-0.6167,1.2333,-0.6229,1.1485,1.5397,0.0000,0.0000,0.0000,-0.5751,1.2116,2.6787,0.034,3199,0.0070,0.0677,0.0851,1,3,0.499
133.851,0,3,5,-0.6167,1.2333,-0.6230,1.1564,1.6212,0.0000,0.0000,0.0000,-0.5647,1.2337,2.5151,0.002,3205,0.0069,0.0614,0.0772,1,3,0.526
133.955,0,3,5,-0.6167,1.2333,-0.6222,1.1644,1.6677,0.0000,0.0000,0.0000,-0.6096,1.1537,3.4446,0.045,3208,0.0000,0.0000,0.0692,1,3,0.528
134.050,0,3,5,-0.6167,1.2333,-0.6231,1.1674,1.6024,0.0000,0.0000,0.0000,-0.6413,1.2039,4.0878,0.012,3213,0.0000,0.0000,0.0662,1,3,0.566
134.150,0,3,5,-0.6167,1.2333,-0.6235,1.1684,1.5975,0.0000,0.0000,0.0000,-0.6093,1.1648,3.4310,0.027,3217,0.0000,0.0000,0.0653,1,3,0.543
134.250,0,3,5,-0.6167,1.2333,-0.6242,1.1695,1.5545,0.0000,0.0000,0.0000,-0.6416,1.2042,4.1034,0.010,3222,0.0000,0.0000,0.0642,1,3,0.558
134.350,0,3,5,-0.6167,1.2333,-0.6250,1.1709,1.5374,0.0000,0.0000,0.0000,-0.6416,1.2042,4.1046,0.028,3226,0.0000,0.0000,0.0629,1,3,0.562
134.452,0,3,5,-0.6167,1.2333,-0.6258,1.1722,1.5151,0.0000,0.0000,0.0000,-0.6347,1.1882,1.3037,0.006,3232,0.0000,0.0000,0.0618,1,3,0.554
134.550,0,3,5,-0.6167,1.2333,-0.6263,1.1731,1.4757,0.0000,0.0000,0.0000,-0.6346,1.1882,1.3012,0.039,3235,0.0000,0.0000,0.0610,1,3,0.546
134.651,0,3,5,-0.6167,1.2333,-0.6268,1.1737,1.4374,0.0000,0.0000,0.0000,-0.6347,1.1882,1.3024,0.008,3239,0.0000,0.0000,0.0605,1,3,0.546
134.751,0,3,5,-0.6167,1.2333,-0.6276,1.1749,1.4178,0.0000,0.0000,0.0000,-0.6411,1.1875,0.7443,0.034,3244,0.0000,0.0000,0.0594,1,3,0.548
134.850,0,3,5,-0.6167,1.2333,-0.6281,1.1758,1.4030,0.0000,0.0000,0.0000,-0.6411,1.1875,0.7446,0.003,3250,0.0000,0.0000,0.0587,1,3,0.552
134.950,0,3,5,-0.6167,1.2333,-0.6287,1.1765,1.3612,0.0000,0.0000,0.0000,-0.6346,1.1883,1.3013,0.029,3253,0.0000,0.0000,0.0581,1,3,0.540
135.050,0,3,5,-0.6167,1.2333,-0.6292,1.1772,1.3192,0.0000,0.0000,0.0000,-0.6346,1.1883,1.3007,0.011,3258,0.0000,0.0000,0.0575,0,4,0.292
135.150,0,3,5,-0.6167,1.2333,-0.6297,1.1780,1.3075,0.0000,0.0000,0.0000,-0.6415,1.2043,4.1040,0.010,3262,0.0000,0.0000,0.0569,0,4,0.538
135.251,0,3,5,-0.6167,1.2333,-0.6299,1.1784,1.2844,0.0000,0.0000,0.0000,-0.6415,1.2043,4.1041,0.006,3268,0.0000,0.0000,0.0565,0,4,0.491
135.350,0,3,5,-0.6167,1.2333,-0.6303,1.1791,1.2785,0.0000,0.0000,0.0000,-0.6342,1.1870,1.3683,0.023,3271,0.0000,0.0000,0.0560,0,4,0.541
135.451,0,3,5,-0.6167,1.2333,-0.6309,1.1798,1.2668,0.0000,0.0000,0.0000,-0.6414,1.2044,4.1045,0.014,3276,0.0000,0.0000,0.0554,0,4,0.560
135.550,0,3,5,-0.6167,1.2333,-0.6312,1.1803,1.2360,0.0000,0.0000,0.0000,-0.6343,1.1870,1.3692,0.023,3280,0.0000,0.0000,0.0550,0,4,0.553
135.653,0,3,5,-0.6167,1.2333,-0.6316,1.1809,1.2204,0.0000,0.0000,0.0000,-0.6342,1.1870,1.3686,0.003,3286,0.0000,0.0000,0.0545,0,4,0.553
135.750,0,3,5,-0.6167,1.2333,-0.6319,1.1814,1.1913,0.0000,0.0000,0.0000,-0.6343,1.1870,1.3693,0.039,3289,0.0000,0.0000,0.0542,0,4,0.546
135.851,0,3,5,-0.6167,1.2333,-0.6323,1.1818,1.1562,0.0000,0.0000,0.0000,-0.6414,1.2045,4.1022,0.007,3295,0.0000,0.0000,0.0539,0,4,0.544
135.950,0,3,5,-0.6167,1.2333,-0.6326,1.1824,1.1514,0.0000,0.0000,0.0000,-0.6342,1.1871,1.3679,0.038,3298,0.0000,0.0000,0.0534,0,4,0.553
136.050,0,3,5,-0.6167,1.2333,-0.6329,1.1829,1.1445,0.0000,0.0000,0.0000,-0.6343,1.1871,1.3692,0.003,3303,0.0000,0.0000,0.0530,0,4,0.551
136.151,0,3,5,-0.6167,1.2333,-0.6332,1.1833,1.1119,0.0000,0.0000,0.0000,-0.6412,1.1875,0.7464,0.028,3307,0.0000,0.0000,0.0527,0,4,0.476
136.251,0,3,5,-0.6167,1.2333,-0.6335,1.1836,1.0790,0.0000,0.0000,0.0000,-0.6412,1.1875,0.7466,0.010,3312,0.0000,0.0000,0.0525,0,4,0.548
136.350,0,3,5,-0.6167,1.2333,-0.6337,1.1841,1.0760,0.0000,0.0000,0.0000,-0.6413,1.2045,4.1024,0.011,3316,0.0000,0.0000,0.0521,0,4,0.547
136.451,0,3,5,-0.6167,1.2333,-0.6339,1.1844,1.0492,0.0000,0.0000,0.0000,-0.6412,1.1875,0.7466,0.010,3321,0.0000,0.0000,0.0519,0,4,0.553
136.551,0,3,5,-0.6167,1.2333,-0.6341,1.1847,1.0190,0.0000,0.0000,0.0000,-0.6413,1.2046,4.1016,0.004,3325,0.0000,0.0000,0.0517,0,4,0.552
136.653,0,3,5,-0.6167,1.2333,-0.6344,1.1852,1.0130,0.0000,0.0000,0.0000,-0.6413,1.2046,4.1023,0.003,3330,0.0000,0.0000,0.0513,0,4,0.355
136.751,0,3,5,-0.6167,1.2333,-0.6347,1.1856,1.0125,0.0000,0.0000,0.0000,-0.6342,1.1871,1.3662,0.017,3334,0.0000,0.0000,0.0510,0,4,0.550
136.851,0,3,5,-0.6167,1.2333,-0.6349,1.1861,1.0062,0.0000,0.0000,0.0000,-0.6413,1.2046,4.1022,0.016,3339,0.0000,0.0000,0.0507,0,4,0.557
136.950,0,3,5,-0.6167,1.2333,-0.6351,1.1863,0.9805,0.0000,0.0000,0.0000,-0.6342,1.1871,1.3657,0.014,3343,0.0000,0.0000,0.0505,0,4,0.498
137.053,0,3,5,-0.6167,1.2333,-0.6353,1.1867,0.9749,0.0000,0.0000,0.0000,-0.6342,1.1872,1.3646,0.003,3349,0.0000,0.0000,0.0502,0,4,0.540
137.150,0,3,5,-0.6167,1.2333,-0.6354,1.1869,0.9531,0.0000,0.0000,0.0000,-0.6342,1.1872,1.3662,0.038,3352,0.0000,0.0000,0.0501,0,4,0.554
137.251,0,3,5,-0.6167,1.2333,-0.6356,1.1872,0.9477,0.0000,0.0000,0.0000,-0.6342,1.1872,1.3654,0.003,3358,0.0000,0.0000,0.0498,0,4,0.545
137.350,0,3,5,-0.6167,1.2333,-0.6357,1.1874,0.9255,0.0000,0.0000,0.0000,-0.6411,1.1875,0.7468,0.029,3361,0.0000,0.0000,0.0497,0,4,0.552
137.451,0,3,5,-0.6167,1.2333,-0.6359,1.1878,0.9251,0.0000,0.0000,0.0000,-0.6411,1.1875,0.7468,0.003,3367,0.0000,0.0000,0.0495,0,4,0.554
137.550,0,3,5,-0.6167,1.2333,-0.6360,1.1879,0.9015,0.0000,0.0000,0.0000,-0.6412,1.1875,0.7472,0.035,3370,0.0000,0.0000,0.0494,0,4,0.557
137.652,0,3,5,-0.6167,1.2333,-0.6361,1.1881,0.8780,0.0000,0.0000,0.0000,-0.6342,1.1872,1.3647,0.008,3375,0.0000,0.0000,0.0493,0,4,0.561
137.750,0,3,5,-0.6167,1.2333,-0.6362,1.1882,0.8538,0.0000,0.0000,0.0000,-0.6411,1.2047,4.0988,0.032,3378,0.0000,0.0000,0.0492,0,4,0.558
137.850,0,3,5,-0.6167,1.2333,-0.6364,1.1885,0.8569,0.0000,0.0000,0.0000,-0.6342,1.1872,1.3652,0.012,3384,0.0000,0.0000,0.0490,0,4,0.561
137.950,0,3,5,-0.6167,1.2333,-0.6365,1.1888,0.8589,0.0000,0.0000,0.0000,-0.6411,1.2048,4.0975,0.028,3388,0.0000,0.0000,0.0487,0,4,0.553
138.050,0,3,5,-0.6167,1.2333,-0.6367,1.1891,0.8594,0.0000,0.0000,0.0000,-0.6411,1.2048,4.0981,0.013,3393,0.0000,0.0000,0.0485,0,4,0.544
138.151,0,3,5,-0.6167,1.2333,-0.6368,1.1892,0.8356,0.0000,0.0000,0.0000,-0.6342,1.1872,1.3652,0.004,3397,0.0000,0.0000,0.0485,0,4,0.552
138.251,0,3,5,-0.6167,1.2333,-0.6369,1.1895,0.8390,0.0000,0.0000,0.0000,-0.6411,1.2048,4.0976,0.014,3402,0.0000,0.0000,0.0483,0,4,0.563
138.350,0,3,5,-0.6167,1.2333,-0.6369,1.1896,0.8197,0.0000,0.0000,0.0000,-0.6341,1.1873,1.3627,0.032,3406,0.0000,0.0000,0.0482,0,4,0.564
138.451,0,3,5,-0.6167,1.2333,-0.6371,1.1898,0.8200,0.0000,0.0000,0.0000,-0.6342,1.1872,1.3640,0.003,3412,0.0000,0.0000,0.0481,0,4,0.527
138.550,0,3,5,-0.6167,1.2333,-0.6371,1.1899,0.8011,0.0000,0.0000,0.0000,-0.6341,1.1873,1.3637,0.037,3415,0.0000,0.0000,0.0480,0,4,0.437
138.651,0,3,5,-0.6167,1.2333,-0.6372,1.1899,0.7797,0.0000,0.0000,0.0000,-0.6342,1.1873,1.3649,0.012,3420,0.0000,0.0000,0.0480,0,4,0.515
138.751,0,3,5,-0.6167,1.2333,-0.6372,1.1902,0.7863,0.0000,0.0000,0.0000,-0.6410,1.2050,4.0949,0.036,3424,0.0000,0.0000,0.0478,0,4,0.546
138.853,0,3,5,-0.6167,1.2333,-0.6373,1.1904,0.7933,0.0000,0.0000,0.0000,-0.6411,1.1875,0.7468,0.003,3430,0.0000,0.0000,0.0476,0,4,0.210
138.950,0,3,5,-0.6167,1.2333,-0.6374,1.1905,0.7719,0.0000,0.0000,0.0000,-0.6411,1.1875,0.7469,0.024,3433,0.0000,0.0000,0.0476,0,4,0.546
