time,lap_count,goal_index,wp_index,target_x,target_y,filtered_x,filtered_y,filtered_yaw,raw_odom_x,raw_odom_y,raw_odom_yaw,aruco_x,aruco_y,aruco_yaw,aruco_age,aruco_count,cmd_vx,cmd_vy,dist_to_target,lifter_up,lifter_toggle_count,min_dist
0.108,0,0,0,-0.6167,0.0000,-0.3906,-0.0161,-112.5299,0.0000,0.0000,0.0000,-0.6871,-0.0217,178.4268,0.018,3,0.0000,0.0000,0.2266,0,0,1.143
0.198,0,0,0,-0.6167,0.0000,-0.4033,-0.0189,-115.7555,0.0000,0.0000,0.0000,-0.5133,-0.0929,-178.1421,0.002,11,0.0000,0.0000,0.2142,0,0,1.125
0.300,0,0,0,-0.6167,0.0000,-0.4162,-0.0212,-118.8245,0.0000,0.0000,0.0000,-0.6160,-0.0714,177.1769,0.021,15,0.0000,0.0000,0.2016,0,0,1.123
0.407,0,0,0,-0.6167,0.0000,-0.4224,-0.0223,-120.3047,0.0000,0.0000,0.0000,-0.6871,-0.0217,178.4274,0.021,19,0.0000,0.0000,0.1955,0,0,1.128
0.498,0,0,0,-0.6167,0.0000,-0.4343,-0.0246,-123.1729,0.0000,0.0000,0.0000,-0.6871,-0.0217,178.4276,0.006,25,0.0000,0.0000,0.1840,0,0,1.128
0.599,0,0,0,-0.6167,0.0000,-0.4426,-0.0256,-125.0037,0.0000,0.0000,0.0000,-0.6160,-0.0714,177.1763,0.007,29,0.0000,0.0000,0.1759,0,0,1.133
0.710,0,0,0,-0.6167,0.0000,-0.4498,-0.0270,-126.7936,0.0000,0.0000,0.0000,-0.6160,-0.0714,177.1774,0.048,32,0.0000,0.0000,0.1690,0,0,1.120
0.802,0,0,0,-0.6167,0.0000,-0.4582,-0.0286,-128.9340,0.0000,0.0000,0.0000,-0.6871,-0.0217,178.4263,0.032,37,0.0000,0.0000,0.1610,0,0,1.133
0.899,0,0,0,-0.6167,0.0000,-0.4677,-0.0306,-131.3901,0.0000,0.0000,0.0000,-0.6871,-0.0217,178.4302,0.008,43,0.0000,0.0000,0.1521,0,0,1.118
1.001,0,0,0,-0.6167,0.0000,-0.4722,-0.0315,-132.5706,0.0000,0.0000,0.0000,-0.6159,-0.0714,177.1840,0.002,47,0.0000,0.0000,0.1479,0,0,1.252
1.103,0,0,0,-0.6167,0.0000,-0.4776,-0.0321,-133.7685,0.0000,0.0000,0.0000,-0.6871,-0.0217,178.4301,0.009,50,0.0000,0.0000,0.1427,0,0,1.122
1.198,0,0,0,-0.6167,0.0000,-0.4838,-0.0323,-134.9433,0.0000,0.0000,0.0000,-0.6871,-0.0217,178.4297,0.041,52,0.0000,0.0000,0.1367,0,0,1.120
1.298,0,0,0,-0.6167,0.0000,-0.4891,-0.0330,-136.1208,0.0000,0.0000,0.0000,-0.6871,-0.0217,178.4289,0.002,56,0.0000,0.0000,0.1318,0,0,1.128
1.399,0,0,0,-0.6167,0.0000,-0.4950,-0.0331,-137.2613,0.0000,0.0000,0.0000,-0.6871,-0.0217,178.4295,0.038,58,0.0000,0.0000,0.1261,0,0,1.123
1.498,0,0,0,-0.6167,0.0000,-0.4986,-0.0333,-138.0200,0.0000,0.0000,0.0000,-0.6160,-0.0713,177.1808,0.006,61,0.0000,0.0000,0.1227,0,0,1.254
1.598,0,0,0,-0.6167,0.0000,-0.5057,-0.0339,-139.5162,0.0000,0.0000,0.0000,-0.6871,-0.0217,178.4300,0.034,64,0.0000,0.0000,0.1160,0,0,1.128
1.698,0,0,0,-0.6167,0.0000,-0.5104,-0.0346,-140.6156,0.0000,0.0000,0.0000,-0.6160,-0.0713,177.1812,0.036,67,0.0000,0.0000,0.1118,0,0,1.133
1.803,0,0,0,-0.6167,0.0000,-0.5158,-0.0346,-141.6874,0.0000,0.0000,0.0000,-0.6871,-0.0217,178.4295,0.042,70,0.0000,0.0000,0.1067,0,0,1.123
1.899,0,0,0,-0.6167,0.0000,-0.5202,-0.0353,-142.7489,0.0000,0.0000,0.0000,-0.6160,-0.0713,177.1798,0.029,73,0.0000,0.0000,0.1028,0,0,1.129
1.999,0,0,0,-0.6167,0.0000,-0.5253,-0.0354,-143.7778,0.0000,0.0000,0.0000,-0.6160,-0.0713,177.1796,0.003,77,0.0000,0.0000,0.0980,0,0,1.127
2.098,0,0,0,-0.6167,0.0000,-0.5294,-0.0361,-144.7975,0.0000,0.0000,0.0000,-0.6870,-0.0218,178.4308,0.012,80,0.0000,0.0000,0.0944,0,0,1.121
2.199,0,0,0,-0.6167,0.0000,-0.5342,-0.0361,-145.7847,0.0000,0.0000,0.0000,-0.6160,-0.0713,177.1801,0.003,83,0.0000,0.0000,0.0900,0,0,1.125
2.303,0,0,0,-0.6167,0.0000,-0.5381,-0.0368,-146.7621,0.0000,0.0000,0.0000,-0.6871,-0.0217,178.4299,0.009,86,0.0000,0.0000,0.0868,0,0,1.123
2.399,0,0,0,-0.6167,0.0000,-0.5427,-0.0368,-147.7120,0.0000,0.0000,0.0000,-0.6160,-0.0713,177.1784,0.002,89,0.0000,0.0000,0.0827,0,0,1.122
2.499,0,0,0,-0.6167,0.0000,-0.5480,-0.0372,-148.9522,0.0000,0.0000,0.0000,-0.6871,-0.0217,178.4296,0.007,92,0.0000,0.0000,0.0781,0,0,1.125
2.601,0,0,0,-0.6167,0.0000,-0.5506,-0.0375,-149.5574,0.0000,0.0000,0.0000,-0.6871,-0.0217,178.4301,0.045,94,0.0000,0.0000,0.0760,0,0,1.128
2.718,0,0,0,-0.6167,0.0000,-0.5539,-0.0381,-150.4571,0.0000,0.0000,0.0000,-0.6160,-0.0713,177.1796,0.032,97,0.0000,0.0000,0.0735,0,0,1.119
2.801,0,0,0,-0.6167,0.0000,-0.5580,-0.0381,-151.3264,0.0000,0.0000,0.0000,-0.6160,-0.0713,177.1800,0.033,100,0.0000,0.0000,0.0700,0,0,1.132
2.899,0,0,0,-0.6167,0.0000,-0.5610,-0.0387,-152.1903,0.0000,0.0000,0.0000,-0.6160,-0.0713,177.1791,0.012,103,0.0000,0.0000,0.0678,0,0,1.126
2.999,0,0,0,-0.6167,0.0000,-0.5633,-0.0389,-152.7446,0.0000,0.0000,0.0000,-0.6871,-0.0217,178.4295,0.010,106,0.0000,0.0000,0.0660,0,0,1.121
3.116,0,0,0,-0.6167,0.0000,-0.5662,-0.0395,-153.5746,0.0000,0.0000,0.0000,-0.6871,-0.0217,178.4305,0.008,109,0.0000,0.0000,0.0641,0,0,1.126
3.216,0,0,0,-0.6167,0.0000,-0.5714,-0.0392,-154.6242,0.0000,0.0000,0.0000,-0.6160,-0.0713,177.1792,0.007,113,0.0000,0.0000,0.0599,0,0,1.133
3.299,0,0,0,-0.6167,0.0000,-0.5754,-0.0396,-155.6483,0.0000,0.0000,0.0000,-0.6871,-0.0217,178.4311,0.008,116,0.0000,0.0000,0.0572,0,0,1.249
3.401,0,0,0,-0.6167,0.0000,-0.5773,-0.0397,-156.1449,0.0000,0.0000,0.0000,-0.6160,-0.0713,177.1814,0.002,119,0.0000,0.0000,0.0559,0,0,1.117
3.498,0,0,0,-0.6167,0.0000,-0.5811,-0.0400,-157.1176,0.0000,0.0000,0.0000,-0.6871,-0.0217,178.4299,0.008,122,0.0000,0.0000,0.0536,0,0,1.119
3.599,0,0,0,-0.6167,0.0000,-0.5829,-0.0402,-157.5902,0.0000,0.0000,0.0000,-0.6160,-0.0713,177.1803,0.002,125,0.0000,0.0000,0.0525,0,0,1.122
3.699,0,0,0,-0.6167,0.0000,-0.5850,-0.0407,-158.2918,0.0000,0.0000,0.0000,-0.6871,-0.0217,178.4304,0.002,128,0.0000,0.0000,0.0516,0,0,1.123
3.799,0,0,0,-0.6167,0.0000,-0.5884,-0.0410,-159.1920,0.0000,0.0000,0.0000,-0.6160,-0.0713,177.1802,0.009,131,0.0000,0.0000,0.0498,0,0,1.125
3.908,0,0,0,-0.6167,0.0000,-0.5900,-0.0412,-159.6300,0.0000,0.0000,0.0000,-0.6871,-0.0217,178.4302,0.011,134,0.0000,0.0000,0.0491,0,0,1.127
4.000,0,0,0,-0.6167,0.0000,-0.5928,-0.0411,-160.2704,0.0000,0.0000,0.0000,-0.6160,-0.0713,177.1799,0.017,136,0.0000,0.0000,0.0475,0,0,1.124
4.099,0,0,0,-0.6167,0.0000,-0.5943,-0.0412,-160.6880,0.0000,0.0000,0.0000,-0.6160,-0.0713,177.1799,0.011,139,0.0000,0.0000,0.0469,0,0,1.125
4.199,0,0,0,-0.6167,0.0000,-0.5973,-0.0415,-161.5093,0.0000,0.0000,0.0000,-0.6871,-0.0217,178.4306,0.023,142,0.0000,0.0000,0.0458,0,0,1.126
4.297,0,0,0,-0.6167,0.0000,-0.5989,-0.0420,-162.1076,0.0000,0.0000,0.0000,-0.6160,-0.0713,177.1809,0.032,145,0.0000,0.0000,0.0456,0,0,1.137
4.399,0,0,0,-0.6167,0.0000,-0.6014,-0.0418,-162.6789,0.0000,0.0000,0.0000,-0.6160,-0.0713,177.1790,0.006,149,0.0000,0.0000,0.0445,0,0,1.121
4.503,0,0,0,-0.6167,0.0000,-0.6029,-0.0423,-163.2467,0.0000,0.0000,0.0000,-0.6160,-0.0713,177.1795,0.027,151,0.0000,0.0000,0.0445,0,0,1.143
4.607,0,0,0,-0.6167,0.0000,-0.6052,-0.0422,-163.7858,0.0000,0.0000,0.0000,-0.6159,-0.0713,177.1794,0.004,155,0.0000,0.0000,0.0437,0,0,1.119
4.716,0,0,0,-0.6167,0.0000,-0.6065,-0.0427,-164.3210,0.0000,0.0000,0.0000,-0.6159,-0.0713,177.1801,0.049,157,0.0000,0.0000,0.0438,0,0,1.126
4.798,0,0,0,-0.6167,0.0000,-0.6087,-0.0425,-164.8288,0.0000,0.0000,0.0000,-0.6160,-0.0713,177.1793,0.004,161,0.0000,0.0000,0.0432,0,0,1.127
4.900,0,0,0,-0.6167,0.0000,-0.6109,-0.0427,-165.4945,0.0000,0.0000,0.0000,-0.6871,-0.0217,178.4310,0.007,164,0.0000,0.0000,0.0431,0,0,1.128
4.999,0,0,0,-0.6167,0.0000,-0.6120,-0.0428,-165.8144,0.0000,0.0000,0.0000,-0.6871,-0.0217,178.4306,0.039,166,0.0000,0.0000,0.0430,0,0,1.125
5.097,0,0,0,-0.6167,0.0000,-0.6130,-0.0432,-166.2928,0.0000,0.0000,0.0000,-0.6871,-0.0217,178.4304,0.007,170,0.0000,0.0000,0.0434,0,0,1.127
5.202,0,0,0,-0.6167,0.0000,-0.6150,-0.0430,-166.7465,0.0000,0.0000,0.0000,-0.6160,-0.0713,177.1792,0.003,173,0.0000,0.0000,0.0431,0,0,1.254
5.302,0,0,0,-0.6167,0.0000,-0.6169,-0.0432,-167.3415,0.0000,0.0000,0.0000,-0.6871,-0.0217,178.4299,0.009,176,0.0000,0.0000,0.0432,0,0,1.123
5.400,0,0,0,-0.6167,0.0000,-0.6178,-0.0433,-167.6285,0.0000,0.0000,0.0000,-0.6871,-0.0217,178.4310,0.038,178,0.0000,0.0000,0.0433,0,0,1.126
5.499,0,0,0,-0.6167,0.0000,-0.6195,-0.0434,-168.1909,0.0000,0.0000,0.0000,-0.6871,-0.0217,178.4313,0.009,182,0.0000,0.0000,0.0435,0,0,1.133
5.598,0,0,0,-0.6167,0.0000,-0.6203,-0.0435,-168.4637,0.0000,0.0000,0.0000,-0.6871,-0.0217,178.4308,0.028,184,0.0000,0.0000,0.0437,0,0,1.267
5.697,0,0,0,-0.6167,0.0000,-0.6211,-0.0440,-168.8718,0.0000,0.0000,0.0000,-0.6160,-0.0713,177.1792,0.028,187,0.0000,0.0000,0.0442,0,0,1.137
5.800,0,0,0,-0.6167,0.0000,-0.6227,-0.0441,-169.3869,0.0000,0.0000,0.0000,-0.6160,-0.0713,177.1804,0.002,191,0.0000,0.0000,0.0445,0,0,1.138
5.899,0,0,0,-0.6167,0.0000,-0.6242,-0.0439,-169.7507,0.0000,0.0000,0.0000,-0.6871,-0.0217,178.4307,0.010,194,0.0000,0.0000,0.0445,0,0,1.235
6.000,0,0,0,-0.6167,0.0000,-0.6249,-0.0439,-169.9905,0.0000,0.0000,0.0000,-0.6160,-0.0713,177.1793,0.007,197,0.0000,0.0000,0.0447,0,0,1.128
6.099,0,0,0,-0.6167,0.0000,-0.6263,-0.0441,-170.4601,0.0000,0.0000,0.0000,-0.6871,-0.0217,178.4319,0.011,200,0.0000,0.0000,0.0451,0,0,1.119
6.201,0,0,0,-0.6167,0.0000,-0.6268,-0.0445,-170.8072,0.0000,0.0000,0.0000,-0.6160,-0.0713,177.1857,0.006,203,0.0000,0.0000,0.0456,0,0,1.120
6.297,0,0,0,-0.6167,0.0000,-0.6275,-0.0445,-171.0260,0.0000,0.0000,0.0000,-0.6871,-0.0217,178.4312,0.007,206,0.0000,0.0000,0.0458,0,0,1.131
6.398,0,0,0,-0.6167,0.0000,-0.6288,-0.0443,-171.3434,0.0000,0.0000,0.0000,-0.6871,-0.0217,178.4319,0.043,208,0.0000,0.0000,0.0459,0,0,1.123
6.499,0,0,0,-0.6167,0.0000,-0.6300,-0.0444,-171.7614,0.0000,0.0000,0.0000,-0.6871,-0.0217,178.4312,0.011,212,0.0000,0.0000,0.0464,0,0,1.117
6.598,0,0,0,-0.6167,0.0000,-0.6306,-0.0444,-171.9627,0.0000,0.0000,0.0000,-0.6871,-0.0218,178.4324,0.038,214,0.0000,0.0000,0.0466,0,0,1.129
6.700,0,0,0,-0.6167,0.0000,-0.6317,-0.0445,-172.3583,0.0000,0.0000,0.0000,-0.6871,-0.0217,178.4316,0.006,218,0.0000,0.0000,0.0470,0,0,1.126
6.798,0,0,0,-0.6167,0.0000,-0.6322,-0.0446,-172.5502,0.0000,0.0000,0.0000,-0.6871,-0.0217,178.4311,0.033,220,0.0000,0.0000,0.0472,0,0,1.125
6.899,0,0,0,-0.6167,0.0000,-0.6325,-0.0450,-172.8373,0.0000,0.0000,0.0000,-0.6160,-0.0712,177.1797,0.029,223,0.0000,0.0000,0.0477,0,0,1.124
6.998,0,0,0,-0.6167,0.0000,-0.6330,-0.0450,-173.0214,0.0000,0.0000,0.0000,-0.6871,-0.0217,178.4321,0.003,226,0.0000,0.0000,0.0479,0,0,1.118
7.099,0,0,0,-0.6167,0.0000,-0.6339,-0.0451,-173.3771,0.0000,0.0000,0.0000,-0.6160,-0.0713,177.1814,0.028,229,0.0000,0.0000,0.0483,0,0,1.127
7.199,0,0,0,-0.6167,0.0000,-0.6351,-0.0448,-173.6269,0.0000,0.0000,0.0000,-0.6160,-0.0712,177.1807,0.003,233,0.0000,0.0000,0.0485,0,0,1.113
7.298,0,0,0,-0.6167,0.0000,-0.6352,-0.0452,-173.8834,0.0000,0.0000,0.0000,-0.6871,-0.0217,178.4306,0.006,236,0.0000,0.0000,0.0489,0,0,1.133
7.400,0,0,0,-0.6167,0.0000,-0.6363,-0.0450,-174.1188,0.0000,0.0000,0.0000,-0.6160,-0.0712,177.1814,0.002,239,0.0000,0.0000,0.0491,0,0,1.133
7.499,0,0,0,-0.6167,0.0000,-0.6371,-0.0450,-174.4313,0.0000,0.0000,0.0000,-0.6871,-0.0217,178.4316,0.010,242,0.0000,0.0000,0.0495,0,0,1.134
7.599,0,0,0,-0.6167,0.0000,-0.6375,-0.0451,-174.5811,0.0000,0.0000,0.0000,-0.6160,-0.0712,177.1809,0.002,245,0.0000,0.0000,0.0496,0,0,1.125
7.698,0,0,0,-0.6167,0.0000,-0.6376,-0.0454,-174.8098,0.0000,0.0000,0.0000,-0.6871,-0.0217,178.4316,0.009,248,0.0000,0.0000,0.0500,0,0,1.121
7.800,0,0,0,-0.6167,0.0000,-0.6386,-0.0452,-175.0183,0.0000,0.0000,0.0000,-0.6160,-0.0713,177.1803,0.002,251,0.0000,0.0000,0.0502,0,0,1.133
7.897,0,0,0,-0.6167,0.0000,-0.6386,-0.0455,-175.2322,0.0000,0.0000,0.0000,-0.6871,-0.0217,178.4319,0.007,254,0.0000,0.0000,0.0505,0,0,1.127
7.998,0,0,0,-0.6167,0.0000,-0.6396,-0.0453,-175.4263,0.0000,0.0000,0.0000,-0.6871,-0.0217,178.4315,0.040,256,0.0000,0.0000,0.0507,0,0,1.127
8.097,0,0,0,-0.6167,0.0000,-0.6396,-0.0456,-175.6285,0.0000,0.0000,0.0000,-0.6871,-0.0217,178.4317,0.011,260,0.0000,0.0000,0.0510,0,0,1.120
8.199,0,0,0,-0.6167,0.0000,-0.6405,-0.0453,-175.8117,0.0000,0.0000,0.0000,-0.6871,-0.0217,178.4321,0.041,262,0.0000,0.0000,0.0512,0,0,1.131
8.300,0,0,0,-0.6167,0.0000,-0.6408,-0.0454,-175.9342,0.0000,0.0000,0.0000,-0.6159,-0.0713,177.1814,0.002,265,0.0000,0.0000,0.0514,0,0,1.135
8.398,0,0,0,-0.6167,0.0000,-0.6413,-0.0454,-176.1779,0.0000,0.0000,0.0000,-0.6871,-0.0217,178.4319,0.038,268,0.0000,0.0000,0.0517,0,0,1.121
8.498,0,0,0,-0.6167,0.0000,-0.6413,-0.0458,-176.3589,0.0000,0.0000,0.0000,-0.6158,-0.0714,177.1798,0.037,271,0.0000,0.0000,0.0520,0,0,1.125
8.597,0,0,0,-0.6167,0.0000,-0.6421,-0.0455,-176.5220,0.0000,0.0000,0.0000,-0.6158,-0.0714,177.1831,0.005,275,0.0000,0.0000,0.0521,0,0,1.120
8.700,0,0,0,-0.6167,0.0000,-0.6426,-0.0455,-176.7397,0.0000,0.0000,0.0000,-0.6871,-0.0217,178.4323,0.010,278,0.0000,0.0000,0.0524,0,0,1.121
8.800,0,0,0,-0.6167,0.0000,-0.6425,-0.0459,-176.9037,0.0000,0.0000,0.0000,-0.6159,-0.0713,177.1804,0.009,281,0.0000,0.0000,0.0527,0,0,1.128
8.897,0,0,0,-0.6167,0.0000,-0.6427,-0.0459,-177.0047,0.0000,0.0000,0.0000,-0.6871,-0.0217,178.4321,0.009,284,0.0000,0.0000,0.0528,0,0,1.124
8.998,0,0,0,-0.6167,0.0000,-0.6435,-0.0456,-177.1464,0.0000,0.0000,0.0000,-0.6158,-0.0713,177.1823,0.005,287,0.0000,0.0000,0.0529,0,0,1.120
9.100,0,0,0,-0.6167,0.0000,-0.6439,-0.0457,-177.3394,0.0000,0.0000,0.0000,-0.6871,-0.0217,178.4329,0.010,290,0.0000,0.0000,0.0532,0,0,1.129
9.197,0,0,0,-0.6167,0.0000,-0.6441,-0.0457,-177.4310,0.0000,0.0000,0.0000,-0.6871,-0.0217,178.4320,0.039,292,0.0000,0.0000,0.0533,0,0,1.128
9.298,0,0,0,-0.6167,0.0000,-0.6440,-0.0460,-177.5718,0.0000,0.0000,0.0000,-0.6871,-0.0217,178.4326,0.010,296,0.0000,0.0000,0.0535,0,0,1.121
9.399,0,0,0,-0.6167,0.0000,-0.6447,-0.0457,-177.6979,0.0000,0.0000,0.0000,-0.6871,-0.0217,178.4321,0.042,298,0.0000,0.0000,0.0536,0,0,1.134
9.497,0,0,0,-0.6167,0.0000,-0.6445,-0.0461,-177.8343,0.0000,0.0000,0.0000,-0.6871,-0.0217,178.4320,0.009,302,0.0000,0.0000,0.0538,0,0,1.133
9.598,0,0,0,-0.6167,0.0000,-0.6452,-0.0458,-177.9559,0.0000,0.0000,0.0000,-0.6159,-0.0713,177.1795,0.029,304,0.0000,0.0000,0.0540,0,0,1.126
9.699,0,0,0,-0.6167,0.0000,-0.6450,-0.0461,-178.0829,0.0000,0.0000,0.0000,-0.6159,-0.0713,177.1790,0.030,307,0.0000,0.0000,0.0541,0,0,1.119
9.801,0,0,0,-0.6167,0.0000,-0.6457,-0.0458,-178.1937,0.0000,0.0000,0.0000,-0.6871,-0.0217,178.4321,0.011,310,0.0000,0.0000,0.0543,0,0,1.131
9.899,0,0,0,-0.6167,0.0000,-0.6455,-0.0462,-178.3148,0.0000,0.0000,0.0000,-0.6159,-0.0713,177.1809,0.037,313,0.0000,0.0000,0.0544,0,0,1.119
9.997,0,0,0,-0.6167,0.0000,-0.6462,-0.0459,-178.4190,0.0000,0.0000,0.0000,-0.6159,-0.0713,177.1806,0.003,317,0.0000,0.0000,0.0545,0,0,1.129
10.099,0,0,0,-0.6167,0.0000,-0.6465,-0.0459,-178.5630,0.0000,0.0000,0.0000,-0.6871,-0.0217,178.4334,0.012,320,0.0000,0.0000,0.0547,0,0,1.125
10.198,0,0,0,-0.6167,0.0000,-0.6466,-0.0459,-178.6304,0.0000,0.0000,0.0000,-0.6159,-0.0713,177.1808,0.007,323,0.0000,0.0000,0.0548,0,0,1.134
10.299,0,0,0,-0.6167,0.0000,-0.6469,-0.0459,-178.7683,0.0000,0.0000,0.0000,-0.6871,-0.0217,178.4324,0.009,326,0.0000,0.0000,0.0550,0,0,1.126
10.401,0,0,0,-0.6167,0.0000,-0.6466,-0.0463,-178.8723,0.0000,0.0000,0.0000,-0.6159,-0.0713,177.1804,0.003,329,0.0000,0.0000,0.0551,0,0,1.133
10.500,0,0,0,-0.6167,0.0000,-0.6472,-0.0460,-178.9597,0.0000,0.0000,0.0000,-0.6871,-0.0217,178.4327,0.009,332,0.0000,0.0000,0.0552,0,0,1.124
10.599,0,0,0,-0.6167,0.0000,-0.6473,-0.0460,-179.0200,0.0000,0.0000,0.0000,-0.6871,-0.0217,178.4324,0.044,334,0.0000,0.0000,0.0553,0,0,1.135
10.697,0,0,0,-0.6167,0.0000,-0.6470,-0.0463,-179.1175,0.0000,0.0000,0.0000,-0.6871,-0.0217,178.4333,0.008,338,0.0000,0.0000,0.0554,0,0,1.124
10.799,0,0,0,-0.6167,0.0000,-0.6477,-0.0460,-179.1994,0.0000,0.0000,0.0000,-0.6159,-0.0713,177.1807,0.034,340,0.0000,0.0000,0.0555,0,0,1.121
10.901,0,0,0,-0.6167,0.0000,-0.6479,-0.0460,-179.3159,0.0000,0.0000,0.0000,-0.6871,-0.0217,178.4316,0.008,344,0.0000,0.0000,0.0556,0,0,1.126
10.999,0,0,0,-0.6167,0.0000,-0.6480,-0.0460,-179.3701,0.0000,0.0000,0.0000,-0.6871,-0.0217,178.4317,0.022,346,0.0000,0.0000,0.0557,0,0,1.118
11.097,0,0,0,-0.6167,0.0000,-0.6476,-0.0464,-179.4579,0.0000,0.0000,0.0000,-0.6159,-0.0713,177.1801,0.035,349,0.0000,0.0000,0.0558,0,0,1.128
11.200,0,0,0,-0.6167,0.0000,-0.6478,-0.0464,-179.5597,0.0000,0.0000,0.0000,-0.6159,-0.0713,177.1791,0.009,353,0.0000,0.0000,0.0559,0,0,1.132
11.298,0,0,0,-0.6167,0.0000,-0.6479,-0.0464,-179.6087,0.0000,0.0000,0.0000,-0.6871,-0.0217,178.4326,0.007,356,0.0000,0.0000,0.0559,0,0,1.132
11.401,0,0,0,-0.6167,0.0000,-0.6481,-0.0464,-179.7054,0.0000,0.0000,0.0000,-0.6158,-0.0713,177.1821,0.008,359,0.0000,0.0000,0.0560,0,0,1.120
11.498,0,0,0,-0.6167,0.0000,-0.6482,-0.0464,-179.7507,0.0000,0.0000,0.0000,-0.6871,-0.0217,178.4323,0.012,362,0.0000,0.0000,0.0561,0,0,1.132
11.600,0,0,0,-0.6167,0.0000,-0.6488,-0.0461,-179.8134,0.0000,0.0000,0.0000,-0.6159,-0.0712,177.1782,0.005,365,0.0000,0.0000,0.0562,0,0,1.130
11.698,0,0,0,-0.6167,0.0000,-0.6484,-0.0464,-179.8871,0.0000,0.0000,0.0000,-0.6871,-0.0217,178.4317,0.008,368,0.0000,0.0000,0.0562,0,0,1.121
11.799,0,0,0,-0.6167,0.0000,-0.6490,-0.0461,-179.9474,0.0000,0.0000,0.0000,-0.6159,-0.0713,177.1806,0.002,371,0.0000,0.0000,0.0563,0,0,1.120
11.898,0,0,0,-0.6167,0.0000,-0.6486,-0.0464,179.9852,0.0000,0.0000,0.0000,-0.6871,-0.0217,178.4333,0.010,374,0.0000,0.0000,0.0564,0,0,1.124
11.999,0,0,0,-0.6167,0.0000,-0.6492,-0.0461,179.9306,0.0000,0.0000,0.0000,-0.6158,-0.0713,177.1806,0.007,377,0.0000,0.0000,0.0564,0,0,1.136
12.099,0,0,0,-0.6167,0.0000,-0.6488,-0.0465,179.8640,0.0000,0.0000,0.0000,-0.6871,-0.0217,178.4328,0.007,380,0.0000,0.0000,0.0565,0,0,1.129
12.198,0,0,0,-0.6167,0.0000,-0.6494,-0.0462,179.8117,0.0000,0.0000,0.0000,-0.6871,-0.0217,178.4322,0.045,382,0.0000,0.0000,0.0566,0,0,1.125
12.299,0,0,0,-0.6167,0.0000,-0.6494,-0.0462,179.7763,0.0000,0.0000,0.0000,-0.6158,-0.0713,177.1799,0.008,385,0.0000,0.0000,0.0566,0,0,1.125
12.399,0,0,0,-0.6167,0.0000,-0.6495,-0.0462,179.7019,0.0000,0.0000,0.0000,-0.6159,-0.0713,177.1794,0.027,388,0.0000,0.0000,0.0567,0,0,1.126
12.497,0,0,0,-0.6167,0.0000,-0.6491,-0.0465,179.6422,0.0000,0.0000,0.0000,-0.6158,-0.0713,177.1797,0.028,391,0.0000,0.0000,0.0567,0,0,1.128
12.599,0,0,0,-0.6167,0.0000,-0.6497,-0.0462,179.5959,0.0000,0.0000,0.0000,-0.6159,-0.0712,177.1788,0.002,395,0.0000,0.0000,0.0568,0,0,1.131
12.697,0,0,0,-0.6167,0.0000,-0.6493,-0.0465,179.5412,0.0000,0.0000,0.0000,-0.6871,-0.0217,178.4330,0.007,398,0.0000,0.0000,0.0568,0,0,1.113
12.799,0,0,0,-0.6167,0.0000,-0.6498,-0.0462,179.4998,0.0000,0.0000,0.0000,-0.6159,-0.0712,177.1803,0.007,401,0.0000,0.0000,0.0569,0,0,1.127
12.897,0,0,0,-0.6167,0.0000,-0.6494,-0.0465,179.4459,0.0000,0.0000,0.0000,-0.6871,-0.0217,178.4325,0.010,404,0.0000,0.0000,0.0569,0,0,1.125
13.001,0,0,0,-0.6167,0.0000,-0.6495,-0.0465,179.3859,0.0000,0.0000,0.0000,-0.6159,-0.0713,177.1797,0.003,407,0.0000,0.0000,0.0570,0,0,1.136
13.098,0,0,0,-0.6167,0.0000,-0.6496,-0.0465,179.3559,0.0000,0.0000,0.0000,-0.6871,-0.0217,178.4325,0.012,410,0.0000,0.0000,0.0570,0,0,1.140
13.198,0,0,0,-0.6167,0.0000,-0.6501,-0.0462,179.3197,0.0000,0.0000,0.0000,-0.6158,-0.0713,177.1801,0.007,413,0.0000,0.0000,0.0570,0,0,1.127
13.298,0,0,0,-0.6167,0.0000,-0.6497,-0.0465,179.2710,0.0000,0.0000,0.0000,-0.6871,-0.0217,178.4328,0.008,416,0.0000,0.0000,0.0571,0,0,1.123
13.397,0,0,0,-0.6167,0.0000,-0.6502,-0.0462,179.2370,0.0000,0.0000,0.0000,-0.6871,-0.0217,178.4329,0.036,418,0.0000,0.0000,0.0571,0,0,1.123
13.497,0,0,0,-0.6167,0.0000,-0.6498,-0.0466,179.1902,0.0000,0.0000,0.0000,-0.6871,-0.0217,178.4332,0.008,422,0.0000,0.0000,0.0572,0,0,1.122
13.597,0,0,0,-0.6167,0.0000,-0.6503,-0.0462,179.1587,0.0000,0.0000,0.0000,-0.6871,-0.0217,178.4334,0.030,424,0.0000,0.0000,0.0572,0,0,1.130
13.699,0,0,0,-0.6167,0.0000,-0.6499,-0.0466,179.1153,0.0000,0.0000,0.0000,-0.6159,-0.0712,177.1803,0.032,427,0.0000,0.0000,0.0572,0,0,1.129
13.801,0,0,0,-0.6167,0.0000,-0.6500,-0.0466,179.0651,0.0000,0.0000,0.0000,-0.6158,-0.0712,177.1826,0.010,431,0.0000,0.0000,0.0573,0,0,1.119
13.898,0,0,0,-0.6167,0.0000,-0.6500,-0.0466,179.0446,0.0000,0.0000,0.0000,-0.6871,-0.0217,178.4323,0.002,434,0.0000,0.0000,0.0573,0,0,1.118
14.002,0,0,0,-0.6167,0.0000,-0.6505,-0.0462,179.0179,0.0000,0.0000,0.0000,-0.6159,-0.0712,177.1790,0.003,437,0.0000,0.0000,0.0573,0,0,1.129
14.098,0,0,0,-0.6167,0.0000,-0.6501,-0.0466,178.9799,0.0000,0.0000,0.0000,-0.6871,-0.0217,178.4333,0.011,440,0.0000,0.0000,0.0573,0,0,1.121
14.199,0,0,0,-0.6167,0.0000,-0.6506,-0.0463,178.9554,0.0000,0.0000,0.0000,-0.6159,-0.0712,177.1787,0.002,443,0.0000,0.0000,0.0574,0,0,1.128
14.299,0,0,0,-0.6167,0.0000,-0.6507,-0.0463,178.9143,0.0000,0.0000,0.0000,-0.6871,-0.0217,178.4336,0.012,446,0.0000,0.0000,0.0574,0,0,1.120
14.401,0,0,0,-0.6167,0.0000,-0.6507,-0.0463,178.8949,0.0000,0.0000,0.0000,-0.6159,-0.0712,177.1808,0.003,449,0.0000,0.0000,0.0574,0,0,1.125
14.499,0,0,0,-0.6167,0.0000,-0.6508,-0.0463,178.8540,0.0000,0.0000,0.0000,-0.6871,-0.0217,178.4334,0.011,452,0.0000,0.0000,0.0575,0,0,1.114
14.598,0,0,0,-0.6167,0.0000,-0.6508,-0.0463,178.8358,0.0000,0.0000,0.0000,-0.6159,-0.0712,177.1797,0.006,455,0.0000,0.0000,0.0575,0,0,1.129
14.697,0,0,0,-0.6167,0.0000,-0.6503,-0.0466,178.8028,0.0000,0.0000,0.0000,-0.6871,-0.0217,178.4340,0.009,458,0.0000,0.0000,0.0575,0,0,1.128
14.799,0,0,0,-0.6167,0.0000,-0.6508,-0.0463,178.7832,0.0000,0.0000,0.0000,-0.6871,-0.0217,178.4333,0.047,460,0.0000,0.0000,0.0575,0,0,1.129
14.899,0,0,0,-0.6167,0.0000,-0.6509,-0.0463,178.7474,0.0000,0.0000,0.0000,-0.6871,-0.0217,178.4327,0.006,464,0.0000,0.0000,0.0576,0,0,1.117
14.998,0,0,0,-0.6167,0.0000,-0.6509,-0.0463,178.7351,0.0000,0.0000,0.0000,-0.6871,-0.0217,178.4333,0.045,466,0.0000,0.0000,0.0576,0,0,1.117
15.101,0,0,0,-0.6167,0.0000,-0.6505,-0.0466,178.7058,0.0000,0.0000,0.0000,-0.6159,-0.0712,177.1797,0.012,469,0.0000,0.0000,0.0576,0,0,1.129
15.201,0,0,0,-0.6167,0.0000,-0.6505,-0.0466,178.6753,0.0000,0.0000,0.0000,-0.6159,-0.0712,177.1801,0.007,473,0.0000,0.0000,0.0576,0,0,1.118
15.298,0,0,0,-0.6167,0.0000,-0.6505,-0.0466,178.6623,0.0000,0.0000,0.0000,-0.6158,-0.0712,177.1818,0.035,475,0.0000,0.0000,0.0576,0,0,1.124
15.399,0,0,0,-0.6167,0.0000,-0.6510,-0.0463,178.6466,0.0000,0.0000,0.0000,-0.6871,-0.0217,178.4335,0.035,478,0.0000,0.0000,0.0576,0,0,1.133
15.498,0,0,0,-0.6167,0.0000,-0.6506,-0.0466,178.6192,0.0000,0.0000,0.0000,-0.6871,-0.0217,178.4333,0.012,482,0.0000,0.0000,0.0576,0,0,1.121
15.600,0,0,0,-0.6167,0.0000,-0.6506,-0.0466,178.5905,0.0000,0.0000,0.0000,-0.6158,-0.0712,177.1799,0.002,485,0.0000,0.0000,0.0577,0,0,1.128
15.698,0,0,0,-0.6167,0.0000,-0.6506,-0.0466,178.5795,0.0000,0.0000,0.0000,-0.6871,-0.0217,178.4337,0.009,488,0.0000,0.0000,0.0577,0,0,1.129
15.798,0,0,0,-0.6167,0.0000,-0.6511,-0.0463,178.5655,0.0000,0.0000,0.0000,-0.6158,-0.0712,177.1789,0.002,491,0.0000,0.0000,0.0577,0,0,1.123
15.898,0,0,0,-0.6167,0.0000,-0.6507,-0.0466,178.5409,0.0000,0.0000,0.0000,-0.6871,-0.0217,178.4325,0.012,494,0.0000,0.0000,0.0577,0,0,1.120
15.999,0,0,0,-0.6167,0.0000,-0.6512,-0.0463,178.5294,0.0000,0.0000,0.0000,-0.6159,-0.0712,177.1800,0.002,497,0.0000,0.0000,0.0577,0,0,1.128
16.098,0,0,0,-0.6167,0.0000,-0.6507,-0.0466,178.5069,0.0000,0.0000,0.0000,-0.6871,-0.0217,178.4336,0.010,500,0.0000,0.0000,0.0577,0,0,1.125
16.199,0,0,0,-0.6167,0.0000,-0.6512,-0.0463,178.4988,0.0000,0.0000,0.0000,-0.6871,-0.0217,178.4345,0.047,502,0.0000,0.0000,0.0578,0,0,1.128
16.299,0,0,0,-0.6167,0.0000,-0.6512,-0.0463,178.4763,0.0000,0.0000,0.0000,-0.6871,-0.0217,178.4339,0.009,506,0.0000,0.0000,0.0578,0,0,1.117
16.399,0,0,0,-0.6167,0.0000,-0.6512,-0.0463,178.4675,0.0000,0.0000,0.0000,-0.6159,-0.0712,177.1814,0.031,508,0.0000,0.0000,0.0578,0,0,1.122
16.497,0,0,0,-0.6167,0.0000,-0.6508,-0.0466,178.4437,0.0000,0.0000,0.0000,-0.6159,-0.0712,177.1794,0.017,511,0.0000,0.0000,0.0578,0,0,1.123
0.050,0,0,0,-0.6167,0.0000,-0.6508,-0.0466,178.4360,0.0000,0.0000,0.0000,-0.6871,-0.0217,178.4337,0.008,514,0.0000,0.0000,0.0578,0,0,1.115
0.150,0,0,0,-0.6167,0.0000,-0.6508,-0.0466,178.4151,0.0000,0.0000,0.0000,-0.6159,-0.0712,177.1804,0.037,517,0.0000,0.0000,0.0578,0,0,1.121
0.250,0,0,0,-0.6167,0.0000,-0.6513,-0.0463,178.4084,0.0000,0.0000,0.0000,-0.6159,-0.0712,177.1793,0.005,521,0.0000,0.0000,0.0578,0,0,1.132
0.350,0,0,0,-0.6167,0.0000,-0.6508,-0.0466,178.3879,0.0000,0.0000,0.0000,-0.6871,-0.0217,178.4343,0.013,524,0.0000,0.0000,0.0578,0,0,1.127
0.451,0,0,0,-0.6167,0.0000,-0.6509,-0.0466,178.3696,0.0000,0.0000,0.0000,-0.6159,-0.0712,177.1802,0.007,527,0.0000,0.0000,0.0578,0,0,1.136
0.549,0,0,0,-0.6167,0.0000,-0.6509,-0.0466,178.3627,0.0000,0.0000,0.0000,-0.6871,-0.0217,178.4345,0.013,530,0.0000,0.0000,0.0578,0,0,1.120
0.650,0,0,0,-0.6167,0.0000,-0.6513,-0.0463,178.3563,0.0000,0.0000,0.0000,-0.6159,-0.0712,177.1795,0.006,533,0.0000,0.0000,0.0579,0,0,1.128
0.751,0,0,0,-0.6167,0.0000,-0.6514,-0.0463,178.3394,0.0000,0.0000,0.0000,-0.6871,-0.0217,178.4335,0.009,536,0.0000,0.0000,0.0579,0,0,1.130
0.853,0,0,0,-0.6167,0.0000,-0.6514,-0.0463,178.3332,0.0000,0.0000,0.0000,-0.6159,-0.0712,177.1800,0.002,539,0.0000,0.0000,0.0579,0,0,1.130
0.949,0,0,0,-0.6167,0.0000,-0.6509,-0.0466,178.3144,0.0000,0.0000,0.0000,-0.6871,-0.0217,178.4339,0.010,542,0.0000,0.0000,0.0579,0,0,1.138
1.051,0,0,0,-0.6167,0.0000,-0.6514,-0.0463,178.3094,0.0000,0.0000,0.0000,-0.6159,-0.0712,177.1800,0.042,544,0.0000,0.0000,0.0579,0,0,1.124
1.149,0,0,0,-0.6167,0.0000,-0.6509,-0.0466,178.2922,0.0000,0.0000,0.0000,-0.6871,-0.0217,178.4334,0.007,548,0.0000,0.0000,0.0579,0,0,1.120
1.249,0,0,0,-0.6167,0.0000,-0.6514,-0.0463,178.2876,0.0000,0.0000,0.0000,-0.6871,-0.0217,178.4334,0.019,550,0.0000,0.0000,0.0579,0,0,1.120
1.349,0,0,0,-0.6167,0.0000,-0.6510,-0.0466,178.2715,0.0000,0.0000,0.0000,-0.6159,-0.0712,177.1798,0.032,553,0.0000,0.0000,0.0579,0,0,1.122
1.451,0,0,0,-0.6167,0.0000,-0.6510,-0.0466,178.2586,0.0000,0.0000,0.0000,-0.6159,-0.0712,177.1798,0.011,557,0.0000,0.0000,0.0579,0,0,1.129
1.553,0,0,0,-0.6167,0.0000,-0.6515,-0.0463,178.2541,0.0000,0.0000,0.0000,-0.6871,-0.0217,178.4338,0.009,560,0.0000,0.0000,0.0579,0,0,1.130
1.650,0,0,0,-0.6167,0.0000,-0.6515,-0.0463,178.2494,0.0000,0.0000,0.0000,-0.6159,-0.0712,177.1809,0.002,563,0.0000,0.0000,0.0579,0,0,1.123
1.749,0,0,0,-0.6167,0.0000,-0.6510,-0.0466,178.2335,0.0000,0.0000,0.0000,-0.6871,-0.0217,178.4339,0.010,566,0.0000,0.0000,0.0579,0,0,1.125
1.850,0,0,0,-0.6167,0.0000,-0.6510,-0.0466,178.2192,0.0000,0.0000,0.0000,-0.6159,-0.0712,177.1803,0.009,569,0.0000,0.0000,0.0579,0,0,1.117
1.949,0,0,0,-0.6167,0.0000,-0.6510,-0.0466,178.2080,0.0000,0.0000,0.0000,-0.6871,-0.0217,178.4340,0.009,572,0.0000,0.0000,0.0579,0,0,1.121
2.053,0,0,0,-0.6167,0.0000,-0.6515,-0.0463,178.2042,0.0000,0.0000,0.0000,-0.6158,-0.0712,177.1787,0.010,575,0.0000,0.0000,0.0579,0,0,1.128
2.152,0,0,0,-0.6167,0.0000,-0.6515,-0.0463,178.1916,0.0000,0.0000,0.0000,-0.6871,-0.0217,178.4349,0.009,578,0.0000,0.0000,0.0579,0,0,1.124
2.249,0,0,0,-0.6167,0.0000,-0.6515,-0.0463,178.1873,0.0000,0.0000,0.0000,-0.6158,-0.0712,177.1769,0.007,581,0.0000,0.0000,0.0579,0,0,1.126
2.349,0,0,0,-0.6167,0.0000,-0.6510,-0.0466,178.1731,0.0000,0.0000,0.0000,-0.6871,-0.0217,178.4342,0.009,584,0.0000,0.0000,0.0579,0,0,1.118
2.452,0,0,0,-0.6167,0.0000,-0.6515,-0.0463,178.1715,0.0000,0.0000,0.0000,-0.6871,-0.0217,178.4346,0.046,586,0.0000,0.0000,0.0580,0,0,1.126
2.551,0,0,0,-0.6167,0.0000,-0.6515,-0.0463,178.1610,0.0000,0.0000,0.0000,-0.6871,-0.0217,178.4339,0.010,590,0.0000,0.0000,0.0580,0,0,1.127
2.651,0,0,0,-0.6167,0.0000,-0.6515,-0.0463,178.1576,0.0000,0.0000,0.0000,-0.6871,-0.0217,178.4345,0.038,592,0.0000,0.0000,0.0580,0,0,1.123
2.749,0,0,0,-0.6167,0.0000,-0.6510,-0.0466,178.1450,0.0000,0.0000,0.0000,-0.6158,-0.0712,177.1797,0.037,595,0.0000,0.0000,0.0579,0,0,1.136
2.850,0,0,0,-0.6167,0.0000,-0.6515,-0.0463,178.1458,0.0000,0.0000,0.0000,-0.6158,-0.0712,177.1791,0.002,599,0.0000,0.0000,0.0580,0,0,1.128
2.949,0,0,0,-0.6167,0.0000,-0.6511,-0.0466,178.1339,0.0000,0.0000,0.0000,-0.6871,-0.0217,178.4354,0.009,602,0.0000,0.0000,0.0580,0,0,1.123
3.052,0,0,0,-0.6167,0.0000,-0.6515,-0.0463,178.1340,0.0000,0.0000,0.0000,-0.6158,-0.0712,177.1784,0.003,605,0.0000,0.0000,0.0580,0,0,1.131
3.151,0,0,0,-0.6167,0.0000,-0.6515,-0.0463,178.1251,0.0000,0.0000,0.0000,-0.6871,-0.0217,178.4344,0.012,608,0.0000,0.0000,0.0580,0,0,1.119
3.250,0,0,0,-0.6167,0.0000,-0.6515,-0.0463,178.1221,0.0000,0.0000,0.0000,-0.6158,-0.0712,177.1818,0.006,611,0.0000,0.0000,0.0580,0,0,1.129
3.350,0,0,0,-0.6167,0.0000,-0.6511,-0.0466,178.1103,0.0000,0.0000,0.0000,-0.6871,-0.0217,178.4349,0.010,614,0.0000,0.0000,0.0580,0,0,1.128
3.449,0,0,0,-0.6167,0.0000,-0.6516,-0.0463,178.1106,0.0000,0.0000,0.0000,-0.6158,-0.0712,177.1806,0.007,617,0.0000,0.0000,0.0580,0,0,1.136
3.549,0,0,0,-0.6167,0.0000,-0.6516,-0.0463,178.1045,0.0000,0.0000,0.0000,-0.6871,-0.0217,178.4349,0.015,620,0.0000,0.0000,0.0580,0,0,1.124
3.650,0,0,0,-0.6167,0.0000,-0.6516,-0.0463,178.1012,0.0000,0.0000,0.0000,-0.6871,-0.0217,178.4356,0.043,622,0.0000,0.0000,0.0580,0,0,1.123
3.749,0,0,0,-0.6167,0.0000,-0.6516,-0.0463,178.0955,0.0000,0.0000,0.0000,-0.6871,-0.0217,178.4344,0.014,626,0.0000,0.0000,0.0580,0,0,1.128
3.849,0,0,0,-0.6167,0.0000,-0.6516,-0.0463,178.0936,0.0000,0.0000,0.0000,-0.6871,-0.0217,178.4346,0.042,628,0.0000,0.0000,0.0580,0,0,1.127
3.949,0,0,0,-0.6167,0.0000,-0.6515,-0.0463,178.0899,0.0000,0.0000,0.0000,-0.6157,-0.0712,177.1809,0.010,631,0.0000,0.0000,0.0580,0,0,1.127
4.049,0,0,0,-0.6167,0.0000,-0.6516,-0.0463,178.0825,0.0000,0.0000,0.0000,-0.6871,-0.0217,178.4348,0.018,634,0.0000,0.0000,0.0580,0,0,1.126
4.149,0,0,0,-0.6167,0.0000,-0.6511,-0.0467,178.0727,0.0000,0.0000,0.0000,-0.6157,-0.0712,177.1808,0.034,637,0.0000,0.0000,0.0580,0,0,1.123
4.252,0,0,0,-0.6167,0.0000,-0.6511,-0.0466,178.0677,0.0000,0.0000,0.0000,-0.6158,-0.0712,177.1809,0.009,641,0.0000,0.0000,0.0580,0,0,1.134
4.349,0,0,0,-0.6167,0.0000,-0.6511,-0.0466,178.0667,0.0000,0.0000,0.0000,-0.6871,-0.0217,178.4354,0.012,644,0.0000,0.0000,0.0580,0,0,1.115
4.451,0,0,0,-0.6167,0.0000,-0.6511,-0.0466,178.0605,0.0000,0.0000,0.0000,-0.6158,-0.0712,177.1801,0.007,647,0.0000,0.0000,0.0580,0,0,1.128
4.549,0,0,0,-0.6167,0.0000,-0.6511,-0.0466,178.0605,0.0000,0.0000,0.0000,-0.6871,-0.0217,178.4339,0.012,650,0.0000,0.0000,0.0580,0,0,1.131
4.649,0,0,0,-0.6167,0.0000,-0.6516,-0.0463,178.0627,0.0000,0.0000,0.0000,-0.6158,-0.0712,177.1803,0.010,653,0.0000,0.0000,0.0580,0,0,1.124
4.748,0,0,0,-0.6167,0.0000,-0.6516,-0.0463,178.0561,0.0000,0.0000,0.0000,-0.6871,-0.0217,178.4350,0.010,656,0.0000,0.0000,0.0580,0,0,1.120
4.850,0,0,0,-0.6167,0.0000,-0.6516,-0.0463,178.0536,0.0000,0.0000,0.0000,-0.6158,-0.0712,177.1790,0.002,659,0.0000,0.0000,0.0580,0,0,1.126
4.949,0,0,0,-0.6167,0.0000,-0.6516,-0.0463,178.0480,0.0000,0.0000,0.0000,-0.6871,-0.0217,178.4345,0.015,662,0.0000,0.0000,0.0580,0,0,1.129
5.049,0,0,0,-0.6167,0.0000,-0.6516,-0.0463,178.0482,0.0000,0.0000,0.0000,-0.6871,-0.0217,178.4340,0.046,664,0.0000,0.0000,0.0580,0,0,1.123
5.149,0,0,0,-0.6167,0.0000,-0.6511,-0.0467,178.0387,0.0000,0.0000,0.0000,-0.6871,-0.0217,178.4359,0.008,668,0.0000,0.0000,0.0580,0,0,1.116
5.249,0,0,0,-0.6167,0.0000,-0.6516,-0.0463,178.0409,0.0000,0.0000,0.0000,-0.6871,-0.0217,178.4350,0.047,670,0.0000,0.0000,0.0580,0,0,1.127
5.349,0,0,0,-0.6167,0.0000,-0.6511,-0.0467,178.0321,0.0000,0.0000,0.0000,-0.6158,-0.0712,177.1793,0.014,673,0.0000,0.0000,0.0580,0,0,1.132
5.451,0,0,0,-0.6167,0.0000,-0.6511,-0.0467,178.0295,0.0000,0.0000,0.0000,-0.6158,-0.0712,177.1795,0.009,677,0.0000,0.0000,0.0580,0,0,1.137
5.552,0,0,0,-0.6167,0.0000,-0.6511,-0.0466,178.0271,0.0000,0.0000,0.0000,-0.6871,-0.0217,178.4354,0.002,680,0.0000,0.0000,0.0580,0,0,1.123
5.650,0,0,0,-0.6167,0.0000,-0.6516,-0.0463,178.0308,0.0000,0.0000,0.0000,-0.6158,-0.0712,177.1781,0.007,683,0.0000,0.0000,0.0580,0,0,1.137
5.749,0,0,0,-0.6167,0.0000,-0.6516,-0.0463,178.0258,0.0000,0.0000,0.0000,-0.6871,-0.0217,178.4352,0.012,686,0.0000,0.0000,0.0580,0,0,1.115
5.850,0,0,0,-0.6167,0.0000,-0.6516,-0.0463,178.0253,0.0000,0.0000,0.0000,-0.6158,-0.0712,177.1785,0.007,689,0.0000,0.0000,0.0580,0,0,1.127
5.949,0,0,0,-0.6167,0.0000,-0.6511,-0.0466,178.0183,0.0000,0.0000,0.0000,-0.6871,-0.0217,178.4348,0.011,692,0.0000,0.0000,0.0580,0,0,1.129
6.050,0,0,0,-0.6167,0.0000,-0.6516,-0.0463,178.0224,0.0000,0.0000,0.0000,-0.6158,-0.0712,177.1795,0.002,695,0.0000,0.0000,0.0580,0,0,1.135
6.149,0,0,0,-0.6167,0.0000,-0.6511,-0.0466,178.0140,0.0000,0.0000,0.0000,-0.6872,-0.0217,178.4352,0.012,698,0.0000,0.0000,0.0580,0,0,1.126
6.251,0,0,0,-0.6167,0.0000,-0.6511,-0.0466,178.0094,0.0000,0.0000,0.0000,-0.6158,-0.0711,177.1786,0.010,701,0.0000,0.0000,0.0580,0,0,1.120
6.350,0,0,0,-0.6167,0.0000,-0.6516,-0.0463,178.0120,0.0000,0.0000,0.0000,-0.6871,-0.0217,178.4346,0.012,704,0.0000,0.0000,0.0580,0,0,1.123
6.450,0,0,0,-0.6167,0.0000,-0.6516,-0.0463,178.0104,0.0000,0.0000,0.0000,-0.6871,-0.0217,178.4343,0.047,706,0.0000,0.0000,0.0580,0,0,1.131
6.548,0,0,0,-0.6167,0.0000,-0.6516,-0.0463,178.0049,0.0000,0.0000,0.0000,-0.6871,-0.0217,178.4352,0.013,710,0.0000,0.0000,0.0580,0,0,1.129
6.651,0,0,0,-0.6167,0.0000,-0.6516,-0.0463,178.0037,0.0000,0.0000,0.0000,-0.6871,-0.0217,178.4355,0.040,712,0.0000,0.0000,0.0580,0,0,1.127
6.749,0,0,0,-0.6167,0.0000,-0.6511,-0.0466,177.9960,0.0000,0.0000,0.0000,-0.6158,-0.0711,177.1809,0.030,715,0.0000,0.0000,0.0580,0,0,1.137
6.849,0,0,0,-0.6167,0.0000,-0.6512,-0.0466,177.9974,0.0000,0.0000,0.0000,-0.6871,-0.0217,178.4351,0.008,718,0.0000,0.0000,0.0580,0,0,1.131
6.951,0,0,0,-0.6167,0.0000,-0.6512,-0.0466,177.9936,0.0000,0.0000,0.0000,-0.6871,-0.0217,178.4352,0.002,722,0.0000,0.0000,0.0580,0,0,1.127
7.050,0,0,0,-0.6167,0.0000,-0.6516,-0.0463,177.9984,0.0000,0.0000,0.0000,-0.6158,-0.0712,177.1802,0.005,725,0.0000,0.0000,0.0580,0,0,1.130
7.149,0,0,0,-0.6167,0.0000,-0.6512,-0.0466,177.9882,0.0000,0.0000,0.0000,-0.6871,-0.0217,178.4344,0.009,728,0.0000,0.0000,0.0580,0,0,1.128
7.249,0,0,0,-0.6167,0.0000,-0.6516,-0.0463,177.9935,0.0000,0.0000,0.0000,-0.6158,-0.0711,177.1799,0.010,731,0.0000,0.0000,0.0580,0,0,1.118
7.348,0,0,0,-0.6167,0.0000,-0.6512,-0.0466,177.9857,0.0000,0.0000,0.0000,-0.6871,-0.0217,178.4359,0.012,734,0.0000,0.0000,0.0580,0,0,1.123
7.450,0,0,0,-0.6167,0.0000,-0.6516,-0.0463,177.9901,0.0000,0.0000,0.0000,-0.6158,-0.0711,177.1801,0.002,737,0.0000,0.0000,0.0580,0,0,1.134
7.549,0,0,0,-0.6167,0.0000,-0.6512,-0.0466,177.9831,0.0000,0.0000,0.0000,-0.6871,-0.0217,178.4359,0.013,740,0.0000,0.0000,0.0580,0,0,1.130
7.650,0,0,0,-0.6167,0.0000,-0.6516,-0.0463,177.9877,0.0000,0.0000,0.0000,-0.6158,-0.0712,177.1810,0.007,743,0.0000,0.0000,0.0580,0,0,1.129
7.748,0,0,0,-0.6167,0.0000,-0.6516,-0.0463,177.9842,0.0000,0.0000,0.0000,-0.6872,-0.0217,178.4356,0.012,746,0.0000,0.0000,0.0580,0,0,1.116
7.849,0,0,0,-0.6167,0.0000,-0.6516,-0.0463,177.9853,0.0000,0.0000,0.0000,-0.6872,-0.0217,178.4357,0.037,748,0.0000,0.0000,0.0580,0,0,1.129
7.951,0,0,0,-0.6167,0.0000,-0.6516,-0.0463,177.9818,0.0000,0.0000,0.0000,-0.6871,-0.0217,178.4345,0.019,752,0.0000,0.0000,0.0580,0,0,1.128
8.049,0,0,0,-0.6167,0.0000,-0.6516,-0.0463,177.9825,0.0000,0.0000,0.0000,-0.6871,-0.0217,178.4349,0.018,754,0.0000,0.0000,0.0580,0,0,1.121
8.150,0,0,0,-0.6167,0.0000,-0.6512,-0.0466,177.9742,0.0000,0.0000,0.0000,-0.6872,-0.0217,178.4350,0.002,758,0.0000,0.0000,0.0580,0,0,1.134
8.250,0,0,0,-0.6167,0.0000,-0.6516,-0.0463,177.9794,0.0000,0.0000,0.0000,-0.6158,-0.0712,177.1797,0.007,761,0.0000,0.0000,0.0580,0,0,1.129
8.348,0,0,0,-0.6167,0.0000,-0.6512,-0.0466,177.9724,0.0000,0.0000,0.0000,-0.6158,-0.0712,177.1793,0.033,763,0.0000,0.0000,0.0580,0,0,1.132
8.450,0,0,0,-0.6167,0.0000,-0.6517,-0.0463,177.9790,0.0000,0.0000,0.0000,-0.6158,-0.0712,177.1798,0.002,767,0.0000,0.0000,0.0580,0,0,1.127
8.549,0,0,0,-0.6167,0.0000,-0.6512,-0.0466,177.9714,0.0000,0.0000,0.0000,-0.6872,-0.0217,178.4364,0.011,770,0.0000,0.0000,0.0580,0,0,1.132
8.650,0,0,0,-0.6167,0.0000,-0.6517,-0.0463,177.9763,0.0000,0.0000,0.0000,-0.6158,-0.0712,177.1790,0.010,773,0.0000,0.0000,0.0580,0,0,1.131
8.751,0,0,0,-0.6167,0.0000,-0.6517,-0.0463,177.9737,0.0000,0.0000,0.0000,-0.6872,-0.0217,178.4357,0.017,776,0.0000,0.0000,0.0580,0,0,1.129
8.849,0,0,0,-0.6167,0.0000,-0.6517,-0.0463,177.9728,0.0000,0.0000,0.0000,-0.6157,-0.0712,177.1827,0.006,779,0.0000,0.0000,0.0580,0,0,1.123
8.950,0,0,0,-0.6167,0.0000,-0.6517,-0.0463,177.9698,0.0000,0.0000,0.0000,-0.6872,-0.0217,178.4364,0.013,782,0.0000,0.0000,0.0580,0,0,1.124
9.049,0,0,0,-0.6167,0.0000,-0.6517,-0.0463,177.9699,0.0000,0.0000,0.0000,-0.6157,-0.0712,177.1810,0.006,785,0.0000,0.0000,0.0580,0,0,1.132
9.149,0,0,0,-0.6167,0.0000,-0.6512,-0.0466,177.9627,0.0000,0.0000,0.0000,-0.6871,-0.0217,178.4361,0.010,788,0.0000,0.0000,0.0580,0,0,1.125
9.250,0,0,0,-0.6167,0.0000,-0.6516,-0.0463,177.9695,0.0000,0.0000,0.0000,-0.6871,-0.0217,178.4362,0.047,790,0.0000,0.0000,0.0580,0,0,1.132
9.349,0,0,0,-0.6167,0.0000,-0.6512,-0.0466,177.9618,0.0000,0.0000,0.0000,-0.6871,-0.0217,178.4378,0.010,794,0.0000,0.0000,0.0580,0,0,1.125
9.450,0,0,0,-0.6167,0.0000,-0.6516,-0.0463,177.9675,0.0000,0.0000,0.0000,-0.6871,-0.0217,178.4371,0.040,796,0.0000,0.0000,0.0580,0,0,1.118
9.549,0,0,0,-0.6167,0.0000,-0.6512,-0.0466,177.9598,0.0000,0.0000,0.0000,-0.6158,-0.0712,177.1767,0.036,799,0.0000,0.0000,0.0580,0,0,1.127
9.649,0,0,0,-0.6167,0.0000,-0.6516,-0.0463,177.9666,0.0000,0.0000,0.0000,-0.6157,-0.0712,177.1789,0.007,803,0.0000,0.0000,0.0580,0,0,1.112
9.748,0,0,0,-0.6167,0.0000,-0.6517,-0.0463,177.9646,0.0000,0.0000,0.0000,-0.6872,-0.0217,178.4354,0.012,806,0.0000,0.0000,0.0580,0,0,1.121
9.849,0,0,0,-0.6167,0.0000,-0.6517,-0.0463,177.9649,0.0000,0.0000,0.0000,-0.6157,-0.0711,177.1775,0.006,809,0.0000,0.0000,0.0580,0,0,1.120
9.949,0,0,0,-0.6167,0.0000,-0.6512,-0.0466,177.9568,0.0000,0.0000,0.0000,-0.6872,-0.0217,178.4360,0.010,812,0.0000,0.0000,0.0580,0,0,1.136
0.052,0,0,0,-0.6167,0.0000,-0.6517,-0.0463,177.9605,0.0000,0.0000,0.0000,-0.6157,-0.0712,177.1797,0.006,815,-0.0270,-0.0378,0.0580,0,0,1.138
0.151,0,0,1,-0.6167,0.6167,-0.6494,-0.0444,177.9543,0.0000,0.0000,0.0000,-0.6872,-0.0217,178.4362,0.010,818,-0.0022,-0.1000,0.6619,0,0,1.123
0.248,0,0,1,-0.6167,0.6167,-0.6487,-0.0372,178.0449,0.0000,0.0000,0.0000,-0.6151,-0.0712,177.2617,0.007,821,-0.0022,-0.1000,0.6546,0,0,1.128
0.349,0,0,1,-0.6167,0.6167,-0.6478,-0.0284,177.9967,0.0000,0.0000,0.0000,-0.6857,-0.0129,178.5871,0.012,824,-0.0021,-0.1000,0.6458,0,0,1.129
0.449,0,0,1,-0.6167,0.6167,-0.6477,-0.0185,178.0741,0.0000,0.0000,0.0000,-0.6093,-0.0476,177.0532,0.007,827,-0.0021,-0.1000,0.6359,0,0,1.133
0.551,0,0,1,-0.6167,0.6167,-0.6472,-0.0080,178.1120,0.0000,0.0000,0.0000,-0.6901,0.0155,178.7180,0.006,830,-0.0021,-0.1000,0.6254,0,0,1.124
0.652,0,0,1,-0.6167,0.6167,-0.6467,0.0021,178.1657,0.0000,0.0000,0.0000,-0.6909,0.0239,178.9351,0.043,832,-0.0021,-0.1000,0.6153,0,0,1.131
0.748,0,0,1,-0.6167,0.6167,-0.6455,0.0109,178.0766,0.0000,0.0000,0.0000,-0.6017,-0.0126,176.9913,0.012,835,-0.0020,-0.1000,0.6065,0,0,1.136
0.850,0,0,1,-0.6167,0.6167,-0.6450,0.0208,178.2012,0.0000,0.0000,0.0000,-0.6925,0.0487,179.1132,0.013,838,-0.0020,-0.1000,0.5965,0,0,1.129
0.949,0,0,1,-0.6167,0.6167,-0.6444,0.0312,178.3125,0.0000,0.0000,0.0000,-0.6912,0.0629,179.2477,0.007,842,-0.0020,-0.1000,0.5861,0,0,1.133
1.049,0,0,1,-0.6167,0.6167,-0.6445,0.0418,178.3158,0.0000,0.0000,0.0000,-0.5873,0.0375,176.8053,0.003,845,-0.0021,-0.1000,0.5755,0,0,1.127
1.149,0,0,1,-0.6167,0.6167,-0.6432,0.0521,178.4404,0.0000,0.0000,0.0000,-0.6963,0.0875,179.5149,0.010,848,-0.0020,-0.1000,0.5652,0,0,1.122
1.248,0,0,1,-0.6167,0.6167,-0.6433,0.0630,178.2488,0.0000,0.0000,0.0000,-0.5885,0.0524,176.8303,0.009,851,-0.0021,-0.1000,0.5543,0,0,1.129
1.348,0,0,1,-0.6167,0.6167,-0.6427,0.0738,178.1861,0.0000,0.0000,0.0000,-0.6986,0.1135,179.6079,0.013,854,-0.0021,-0.1000,0.5435,0,0,1.137
1.450,0,0,1,-0.6167,0.6167,-0.6422,0.0843,178.2437,0.0000,0.0000,0.0000,-0.5830,0.0790,176.4972,0.010,857,-0.0021,-0.1000,0.5330,0,0,1.133
1.549,0,0,1,-0.6167,0.6167,-0.6408,0.0947,178.2308,0.0000,0.0000,0.0000,-0.6997,0.1365,179.7679,0.011,860,-0.0019,-0.1000,0.5225,0,0,1.123
1.649,0,0,1,-0.6167,0.6167,-0.6411,0.1058,178.3422,0.0000,0.0000,0.0000,-0.5785,0.1019,176.4876,0.006,863,-0.0020,-0.1000,0.5115,0,0,1.134
1.749,0,0,1,-0.6167,0.6167,-0.6405,0.1169,178.3201,0.0000,0.0000,0.0000,-0.7017,0.1596,179.8404,0.014,866,-0.0020,-0.1000,0.5003,0,0,1.139
1.849,0,0,1,-0.6167,0.6167,-0.6400,0.1275,178.4477,0.0000,0.0000,0.0000,-0.7031,0.1675,179.9379,0.045,868,-0.0020,-0.1000,0.4897,0,0,1.134
1.949,0,0,1,-0.6167,0.6167,-0.6382,0.1382,178.1625,0.0000,0.0000,0.0000,-0.7036,0.1842,179.9431,0.008,872,-0.0018,-0.1000,0.4789,0,0,1.136
2.049,0,0,1,-0.6167,0.6167,-0.6386,0.1495,178.1389,0.0000,0.0000,0.0000,-0.7088,0.1944,179.9654,0.048,874,-0.0020,-0.1000,0.4677,0,0,1.131
2.148,0,0,1,-0.6167,0.6167,-0.6372,0.1600,178.3143,0.0000,0.0000,0.0000,-0.5704,0.1533,176.0355,0.016,877,-0.0018,-0.1000,0.4571,0,0,1.121
2.250,0,0,1,-0.6167,0.6167,-0.6376,0.1713,178.2208,0.0000,0.0000,0.0000,-0.5617,0.1763,176.0007,0.008,881,-0.0020,-0.1000,0.4459,0,0,1.124
2.349,0,0,1,-0.6167,0.6167,-0.6360,0.1820,178.2767,0.0000,0.0000,0.0000,-0.5600,0.1843,175.8915,0.037,883,-0.0017,-0.1000,0.4350,0,0,1.136
2.449,0,0,1,-0.6167,0.6167,-0.6365,0.1935,178.3336,0.0000,0.0000,0.0000,-0.5552,0.2017,175.8962,0.009,887,-0.0020,-0.1000,0.4237,0,0,1.131
2.549,0,0,1,-0.6167,0.6167,-0.6359,0.2052,178.3765,0.0000,0.0000,0.0000,-0.7124,0.2531,-179.5153,0.012,890,-0.0019,-0.1000,0.4119,0,0,1.132
2.650,0,0,1,-0.6167,0.6167,-0.6339,0.2172,178.2051,0.0000,0.0000,0.0000,-0.5481,0.2284,175.6102,0.009,893,-0.0016,-0.1000,0.3999,0,0,1.131
2.748,0,0,1,-0.6167,0.6167,-0.6345,0.2277,178.2503,0.0000,0.0000,0.0000,-0.7131,0.2784,-179.5570,0.012,896,-0.0018,-0.1000,0.3894,0,0,1.128
2.850,0,0,1,-0.6167,0.6167,-0.6340,0.2385,178.3629,0.0000,0.0000,0.0000,-0.5403,0.2543,175.4289,0.007,899,-0.0018,-0.1000,0.3786,0,0,1.128
2.948,0,0,1,-0.6167,0.6167,-0.6333,0.2502,178.3183,0.0000,0.0000,0.0000,-0.7177,0.3023,-179.3526,0.014,902,-0.0018,-0.1000,0.3669,0,0,1.130
3.049,0,0,1,-0.6167,0.6167,-0.6321,0.2593,178.1084,0.0000,0.0000,0.0000,-0.5362,0.2773,175.2731,0.006,905,-0.0016,-0.1000,0.3577,0,0,1.125
3.149,0,0,1,-0.6167,0.6167,-0.6314,0.2712,178.2016,0.0000,0.0000,0.0000,-0.7195,0.3245,-179.4042,0.012,908,-0.0015,-0.1000,0.3457,0,0,1.123
3.249,0,0,1,-0.6167,0.6167,-0.6309,0.2821,178.2464,0.0000,0.0000,0.0000,-0.7220,0.3323,-179.2080,0.047,910,-0.0015,-0.1000,0.3349,0,0,1.128
3.349,0,0,1,-0.6167,0.6167,-0.6302,0.2939,178.2081,0.0000,0.0000,0.0000,-0.7222,0.3487,-179.0308,0.014,914,-0.0014,-0.1000,0.3230,0,0,1.128
3.450,0,0,1,-0.6167,0.6167,-0.6296,0.3057,178.1887,0.0000,0.0000,0.0000,-0.7220,0.3560,-179.1439,0.039,916,-0.0014,-0.1000,0.3112,0,0,1.108
3.550,0,0,1,-0.6167,0.6167,-0.6275,0.3167,178.2318,0.0000,0.0000,0.0000,-0.5212,0.3325,175.0172,0.009,919,-0.0009,-0.1000,0.3001,0,0,1.109
3.651,0,0,1,-0.6167,0.6167,-0.6270,0.3267,178.1807,0.0000,0.0000,0.0000,-0.5215,0.3438,175.1462,0.003,923,-0.0008,-0.1000,0.2902,0,0,1.088
3.749,0,0,1,-0.6167,0.6167,-0.6264,0.3384,178.0396,0.0000,0.0000,0.0000,-0.7273,0.3961,-179.0479,0.002,926,-0.0007,-0.1000,0.2784,0,0,1.097
3.852,0,0,1,-0.6167,0.6167,-0.6272,0.3512,178.2696,0.0000,0.0000,0.0000,-0.5182,0.3655,174.8722,0.003,929,-0.0012,-0.1000,0.2657,0,0,1.120
3.949,0,0,1,-0.6167,0.6167,-0.6265,0.3622,178.3240,0.0000,0.0000,0.0000,-0.7280,0.4154,-178.6249,0.013,932,-0.0011,-0.1000,0.2547,0,0,1.107
4.050,0,0,1,-0.6167,0.6167,-0.6258,0.3732,178.2942,0.0000,0.0000,0.0000,-0.5073,0.3940,174.9257,0.002,935,-0.0010,-0.1000,0.2437,0,0,1.120
4.149,0,0,1,-0.6167,0.6167,-0.6236,0.3844,178.2308,0.0000,0.0000,0.0000,-0.7322,0.4404,-178.7491,0.010,938,-0.0003,-0.1000,0.2324,0,0,1.070
4.251,0,0,1,-0.6167,0.6167,-0.6229,0.3973,178.3335,0.0000,0.0000,0.0000,-0.4996,0.4179,174.6077,0.009,941,-0.0001,-0.1000,0.2195,0,0,1.110
4.350,0,0,1,-0.6167,0.6167,-0.6231,0.4077,178.2149,0.0000,0.0000,0.0000,-0.6796,0.3716,176.6917,0.016,944,-0.0004,-0.1000,0.2090,0,0,1.001
4.449,0,0,1,-0.6167,0.6167,-0.6226,0.4178,178.1539,0.0000,0.0000,0.0000,-0.4961,0.4410,174.5165,0.007,947,-0.0002,-0.1000,0.1989,0,0,1.023
4.548,0,0,1,-0.6167,0.6167,-0.6230,0.4306,178.3475,0.0000,0.0000,0.0000,-0.7368,0.4860,-178.4922,0.014,950,-0.0007,-0.1000,0.1861,0,0,1.051
4.649,0,0,1,-0.6167,0.6167,-0.6235,0.4422,178.4433,0.0000,0.0000,0.0000,-0.7373,0.4910,-178.2711,0.034,952,-0.0012,-0.1000,0.1746,0,0,1.038
4.752,0,0,1,-0.6167,0.6167,-0.6248,0.4562,178.2853,0.0000,0.0000,0.0000,-0.7363,0.5070,-178.2751,0.010,956,-0.0013,-0.1000,0.1606,0,0,1.097
4.849,0,0,1,-0.6167,0.6167,-0.6253,0.4664,178.3878,0.0000,0.0000,0.0000,-0.7390,0.5173,-178.4072,0.021,958,-0.0030,-0.1000,0.1505,0,0,1.100
4.952,0,0,1,-0.6167,0.6167,-0.6251,0.4792,178.4833,0.0000,0.0000,0.0000,-0.5810,0.5158,176.1894,0.036,961,-0.0034,-0.0999,0.1377,0,0,1.095
5.050,0,0,1,-0.6167,0.6167,-0.6264,0.4890,178.4030,0.0000,0.0000,0.0000,-0.5841,0.5183,176.4370,0.007,965,-0.0048,-0.0999,0.1280,0,0,1.112
5.149,0,0,1,-0.6167,0.6167,-0.6268,0.5000,178.3013,0.0000,0.0000,0.0000,-0.6805,0.4765,177.3858,0.014,968,-0.0055,-0.0935,0.1171,0,0,1.093
5.251,0,0,1,-0.6167,0.6167,-0.6261,0.5100,178.5282,0.0000,0.0000,0.0000,-0.5911,0.5254,176.5761,0.002,971,-0.0052,-0.0855,0.1071,0,0,1.099
5.349,0,0,1,-0.6167,0.6167,-0.6278,0.5196,178.5879,0.0000,0.0000,0.0000,-0.7438,0.5735,-177.9720,0.012,974,-0.0068,-0.0779,0.0977,0,0,1.093
5.450,0,0,1,-0.6167,0.6167,-0.6281,0.5282,178.4131,0.0000,0.0000,0.0000,-0.5970,0.5313,176.8955,0.007,977,-0.0072,-0.0710,0.0892,0,0,1.103
5.549,0,0,1,-0.6167,0.6167,-0.6297,0.5369,178.3883,0.0000,0.0000,0.0000,-0.7486,0.5953,-178.1405,0.016,980,-0.0087,-0.0641,0.0808,0,0,1.084
5.649,0,0,1,-0.6167,0.6167,-0.6290,0.5432,178.3806,0.0000,0.0000,0.0000,-0.6020,0.5368,176.7416,0.006,983,-0.0083,-0.0590,0.0745,0,0,1.059
5.749,0,0,1,-0.6167,0.6167,-0.6290,0.5475,178.5383,0.0000,0.0000,0.0000,-0.6814,0.5292,177.4612,0.012,986,0.0000,0.0000,0.0703,0,0,1.111
5.852,0,0,1,-0.6167,0.6167,-0.6303,0.5486,178.4542,0.0000,0.0000,0.0000,-0.7471,0.6138,-178.0353,0.048,988,0.0000,0.0000,0.0694,0,0,1.097
5.950,0,0,1,-0.6167,0.6167,-0.6329,0.5504,178.5232,0.0000,0.0000,0.0000,-0.7470,0.6151,-178.0881,0.010,992,0.0000,0.0000,0.0682,0,0,1.090
6.051,0,0,1,-0.6167,0.6167,-0.6342,0.5513,178.5571,0.0000,0.0000,0.0000,-0.6103,0.5454,177.0137,0.003,995,0.0000,0.0000,0.0677,0,0,1.089
6.150,0,0,1,-0.6167,0.6167,-0.6357,0.5520,178.5730,0.0000,0.0000,0.0000,-0.7479,0.6153,-178.0595,0.009,998,0.0000,0.0000,0.0674,0,0,1.092
6.248,0,0,1,-0.6167,0.6167,-0.6369,0.5527,178.6045,0.0000,0.0000,0.0000,-0.6103,0.5454,177.0137,0.033,1000,0.0000,0.0000,0.0671,0,0,1.117
6.349,0,0,1,-0.6167,0.6167,-0.6367,0.5524,178.5673,0.0000,0.0000,0.0000,-0.6103,0.5454,177.0137,0.021,1003,0.0000,0.0000,0.0673,0,0,1.104
6.450,0,0,1,-0.6167,0.6167,-0.6393,0.5539,178.6421,0.0000,0.0000,0.0000,-0.6103,0.5454,177.0137,0.006,1007,0.0000,0.0000,0.0667,0,0,1.104
6.550,0,0,1,-0.6167,0.6167,-0.6405,0.5543,178.6451,0.0000,0.0000,0.0000,-0.6817,0.5413,177.7527,0.014,1010,0.0000,0.0000,0.0668,0,0,1.088
6.650,0,0,1,-0.6167,0.6167,-0.6402,0.5539,178.6058,0.0000,0.0000,0.0000,-0.6103,0.5454,177.0137,0.008,1013,0.0000,0.0000,0.0671,0,0,1.095
6.749,0,0,1,-0.6167,0.6167,-0.6412,0.5545,178.6329,0.0000,0.0000,0.0000,-0.6803,0.5397,177.6839,0.010,1016,0.0000,0.0000,0.0668,1,1,1.102
6.849,0,0,1,-0.6167,0.6167,-0.6418,0.5540,178.6059,0.0000,0.0000,0.0000,-0.6803,0.5398,177.6836,0.047,1018,0.0000,0.0000,0.0675,1,1,1.106
6.948,0,0,1,-0.6167,0.6167,-0.6438,0.5553,178.6516,0.0000,0.0000,0.0000,-0.7477,0.6150,-178.0788,0.012,1022,0.0000,0.0000,0.0671,1,1,1.096
7.049,0,0,1,-0.6167,0.6167,-0.6447,0.5559,178.6764,0.0000,0.0000,0.0000,-0.7477,0.6151,-178.0801,0.045,1024,0.0000,0.0000,0.0669,1,1,1.083
7.149,0,0,1,-0.6167,0.6167,-0.6452,0.5564,178.6812,0.0000,0.0000,0.0000,-0.7477,0.6151,-178.0805,0.012,1028,0.0000,0.0000,0.0666,1,1,1.104
7.250,0,0,1,-0.6167,0.6167,-0.6475,0.5578,178.7400,0.0000,0.0000,0.0000,-0.6129,0.5487,176.9386,0.002,1031,0.0000,0.0000,0.0664,1,1,1.101
7.349,0,0,1,-0.6167,0.6167,-0.6479,0.5583,178.7399,0.0000,0.0000,0.0000,-0.7477,0.6151,-178.0810,0.002,1034,0.0000,0.0000,0.0662,1,1,1.105
7.448,0,0,1,-0.6167,0.6167,-0.6501,0.5596,178.7949,0.0000,0.0000,0.0000,-0.7476,0.6151,-178.0813,0.035,1036,0.0000,0.0000,0.0661,1,1,0.911
7.549,0,0,1,-0.6167,0.6167,-0.6495,0.5591,178.7492,0.0000,0.0000,0.0000,-0.6135,0.5495,176.9352,0.015,1039,0.0000,0.0000,0.0663,1,1,0.765
7.648,0,0,1,-0.6167,0.6167,-0.6499,0.5584,178.7154,0.0000,0.0000,0.0000,-0.6135,0.5495,176.9352,0.007,1043,0.0000,0.0000,0.0670,1,1,0.740
7.749,0,0,1,-0.6167,0.6167,-0.6502,0.5589,178.7163,0.0000,0.0000,0.0000,-0.7471,0.6150,-178.0922,0.007,1046,0.0000,0.0000,0.0668,1,1,0.738
7.849,0,0,1,-0.6167,0.6167,-0.6522,0.5602,178.7711,0.0000,0.0000,0.0000,-0.6135,0.5495,176.9352,0.007,1049,0.0000,0.0000,0.0667,1,1,0.732
7.950,0,0,1,-0.6167,0.6167,-0.6520,0.5594,178.7190,0.0000,0.0000,0.0000,-0.6824,0.5409,177.7534,0.010,1052,0.0000,0.0000,0.0673,1,1,0.712
8.052,0,0,1,-0.6167,0.6167,-0.6528,0.5600,178.7384,0.0000,0.0000,0.0000,-0.6135,0.5495,176.9352,0.008,1055,0.0000,0.0000,0.0672,1,1,0.719
8.148,0,0,1,-0.6167,0.6167,-0.6542,0.5612,178.7734,0.0000,0.0000,0.0000,-0.7481,0.6155,-178.0537,0.012,1058,0.0000,0.0000,0.0670,1,1,0.697
8.250,0,0,1,-0.6167,0.6167,-0.6549,0.5617,178.7926,0.0000,0.0000,0.0000,-0.6135,0.5495,176.9352,0.008,1061,0.0000,0.0000,0.0670,1,1,0.696
8.349,0,0,1,-0.6167,0.6167,-0.6563,0.5627,178.8252,0.0000,0.0000,0.0000,-0.7481,0.6155,-178.0553,0.015,1064,0.0000,0.0000,0.0669,1,1,0.690
8.449,0,0,1,-0.6167,0.6167,-0.6569,0.5633,178.8424,0.0000,0.0000,0.0000,-0.6135,0.5495,176.9352,0.007,1067,0.0000,0.0000,0.0669,1,1,0.687
8.548,0,0,1,-0.6167,0.6167,-0.6582,0.5642,178.8721,0.0000,0.0000,0.0000,-0.7481,0.6155,-178.0552,0.013,1070,0.0000,0.0000,0.0669,1,1,0.690
8.648,0,0,1,-0.6167,0.6167,-0.6588,0.5647,178.8884,0.0000,0.0000,0.0000,-0.7481,0.6155,-178.0555,0.046,1072,0.0000,0.0000,0.0669,1,1,0.672
8.749,0,0,1,-0.6167,0.6167,-0.6588,0.5649,178.8838,0.0000,0.0000,0.0000,-0.7481,0.6155,-178.0567,0.010,1076,0.0000,0.0000,0.0667,1,1,0.664
8.850,0,0,1,-0.6167,0.6167,-0.6605,0.5660,178.9317,0.0000,0.0000,0.0000,-0.7481,0.6155,-178.0553,0.049,1078,0.0000,0.0000,0.0670,1,1,0.674
8.952,0,0,1,-0.6167,0.6167,-0.6604,0.5662,178.9248,0.0000,0.0000,0.0000,-0.6135,0.5495,176.9352,0.023,1081,0.0000,0.0000,0.0668,1,1,0.659
9.049,0,0,1,-0.6167,0.6167,-0.6612,0.5663,178.9274,0.0000,0.0000,0.0000,-0.6135,0.5495,176.9352,0.012,1085,0.0000,0.0000,0.0673,1,1,0.652
9.149,0,0,1,-0.6167,0.6167,-0.6611,0.5665,178.9211,0.0000,0.0000,0.0000,-0.6135,0.5495,176.9352,0.037,1087,0.0000,0.0000,0.0670,1,1,0.661
9.249,0,0,1,-0.6167,0.6167,-0.6627,0.5675,178.9674,0.0000,0.0000,0.0000,-0.6135,0.5495,176.9352,0.007,1091,0.0000,0.0000,0.0674,1,1,0.658
9.348,0,0,1,-0.6167,0.6167,-0.6628,0.5673,178.9471,0.0000,0.0000,0.0000,-0.6811,0.5412,177.7487,0.015,1094,0.0000,0.0000,0.0676,1,1,0.674
9.451,0,0,1,-0.6167,0.6167,-0.6633,0.5677,178.9599,0.0000,0.0000,0.0000,-0.6135,0.5495,176.9352,0.003,1097,0.0000,0.0000,0.0676,1,1,0.668
9.550,0,0,1,-0.6167,0.6167,-0.6642,0.5684,178.9851,0.0000,0.0000,0.0000,-0.7475,0.6152,-178.0781,0.016,1100,0.0000,0.0000,0.0677,1,1,0.667
9.648,0,0,1,-0.6167,0.6167,-0.6646,0.5688,178.9992,0.0000,0.0000,0.0000,-0.6135,0.5495,176.9352,0.008,1103,0.0000,0.0000,0.0678,1,1,0.661
9.748,0,0,1,-0.6167,0.6167,-0.6635,0.5680,178.9488,0.0000,0.0000,0.0000,-0.7482,0.6154,-178.0587,0.012,1106,0.0000,0.0000,0.0676,1,1,1.109
9.850,0,0,1,-0.6167,0.6167,-0.6651,0.5689,178.9907,0.0000,0.0000,0.0000,-0.6135,0.5495,176.9352,0.003,1109,0.0000,0.0000,0.0680,1,1,1.105
9.949,0,0,1,-0.6167,0.6167,-0.6659,0.5696,179.0118,0.0000,0.0000,0.0000,-0.7482,0.6154,-178.0597,0.015,1112,0.0000,0.0000,0.0681,1,1,0.723
10.049,0,0,1,-0.6167,0.6167,-0.6663,0.5700,179.0229,0.0000,0.0000,0.0000,-0.7482,0.6154,-178.0601,0.047,1114,0.0000,0.0000,0.0682,1,1,0.690
10.150,0,0,1,-0.6167,0.6167,-0.6662,0.5696,179.0010,0.0000,0.0000,0.0000,-0.6812,0.5395,177.6792,0.015,1118,0.0000,0.0000,0.0683,1,1,0.630
10.249,0,0,1,-0.6167,0.6167,-0.6665,0.5699,179.0100,0.0000,0.0000,0.0000,-0.7472,0.6150,-178.0911,0.043,1120,0.0000,0.0000,0.0684,1,1,0.638
10.350,0,0,1,-0.6167,0.6167,-0.6662,0.5700,179.0033,0.0000,0.0000,0.0000,-0.6135,0.5495,176.9352,0.013,1123,0.0000,0.0000,0.0681,1,1,0.568
10.450,0,0,1,-0.6167,0.6167,-0.6676,0.5709,179.0442,0.0000,0.0000,0.0000,-0.6135,0.5495,176.9352,0.002,1127,0.0000,0.0000,0.0685,1,1,0.575
10.549,0,0,1,-0.6167,0.6167,-0.6673,0.5709,179.0355,0.0000,0.0000,0.0000,-0.6820,0.5430,177.8363,0.003,1130,0.0000,0.0000,0.0682,1,1,0.549
10.651,0,0,1,-0.6167,0.6167,-0.6671,0.5705,179.0149,0.0000,0.0000,0.0000,-0.6135,0.5495,176.9352,0.005,1133,0.0000,0.0000,0.0683,1,1,0.524
10.749,0,0,1,-0.6167,0.6167,-0.6684,0.5714,179.0536,0.0000,0.0000,0.0000,-0.7469,0.6149,-178.0966,0.012,1136,0.0000,0.0000,0.0688,1,1,0.543
10.849,0,0,1,-0.6167,0.6167,-0.6688,0.5717,179.0646,0.0000,0.0000,0.0000,-0.6135,0.5495,176.9352,0.002,1139,0.0000,0.0000,0.0688,1,1,0.544
10.948,0,0,1,-0.6167,0.6167,-0.6694,0.5722,179.0824,0.0000,0.0000,0.0000,-0.7468,0.6149,-178.0977,0.016,1142,0.0000,0.0000,0.0689,1,1,1.096
11.049,0,0,1,-0.6167,0.6167,-0.6696,0.5725,179.0917,0.0000,0.0000,0.0000,-0.6135,0.5495,176.9352,0.009,1145,0.0000,0.0000,0.0690,1,1,1.102
11.148,0,0,1,-0.6167,0.6167,-0.6702,0.5730,179.1093,0.0000,0.0000,0.0000,-0.7468,0.6149,-178.0963,0.014,1148,0.0000,0.0000,0.0691,1,1,1.096
11.249,0,0,1,-0.6167,0.6167,-0.6705,0.5733,179.1198,0.0000,0.0000,0.0000,-0.6135,0.5495,176.9352,0.008,1151,0.0000,0.0000,0.0691,1,1,1.107
11.348,0,0,1,-0.6167,0.6167,-0.6710,0.5737,179.1357,0.0000,0.0000,0.0000,-0.7468,0.6149,-178.0963,0.016,1154,0.0000,0.0000,0.0693,1,1,1.080
11.449,0,0,1,-0.6167,0.6167,-0.6712,0.5739,179.1470,0.0000,0.0000,0.0000,-0.7468,0.6150,-178.0970,0.041,1156,0.0000,0.0000,0.0693,1,1,0.461
11.548,0,0,1,-0.6167,0.6167,-0.6707,0.5738,179.1356,0.0000,0.0000,0.0000,-0.7468,0.6150,-178.0971,0.011,1160,0.0000,0.0000,0.0690,1,1,0.464
11.649,0,0,1,-0.6167,0.6167,-0.6719,0.5746,179.1735,0.0000,0.0000,0.0000,-0.7468,0.6150,-178.0969,0.021,1162,0.0000,0.0000,0.0695,1,1,0.463
11.748,0,0,1,-0.6167,0.6167,-0.6714,0.5744,179.1609,0.0000,0.0000,0.0000,-0.6820,0.5422,177.8111,0.002,1166,0.0000,0.0000,0.0691,1,1,0.471
11.850,0,0,1,-0.6167,0.6167,-0.6718,0.5742,179.1574,0.0000,0.0000,0.0000,-0.6135,0.5495,176.9352,0.002,1169,0.0000,0.0000,0.0695,1,1,0.456
11.948,0,0,1,-0.6167,0.6167,-0.6713,0.5741,179.1456,0.0000,0.0000,0.0000,-0.7479,0.6152,-178.0773,0.007,1172,0.0000,0.0000,0.0692,1,1,0.455
12.050,0,0,1,-0.6167,0.6167,-0.6717,0.5745,179.1612,0.0000,0.0000,0.0000,-0.6135,0.5495,176.9352,0.010,1175,0.0000,0.0000,0.0693,1,1,0.463
12.150,0,0,1,-0.6167,0.6167,-0.6711,0.5738,179.1311,0.0000,0.0000,0.0000,-0.7472,0.6149,-178.0940,0.009,1178,0.0000,0.0000,0.0693,1,1,0.461
12.251,0,0,1,-0.6167,0.6167,-0.6716,0.5742,179.1475,0.0000,0.0000,0.0000,-0.6135,0.5495,176.9352,0.009,1181,0.0000,0.0000,0.0694,1,1,0.460
12.350,0,0,1,-0.6167,0.6167,-0.6727,0.5749,179.1852,0.0000,0.0000,0.0000,-0.7472,0.6149,-178.0945,0.013,1184,0.0000,0.0000,0.0699,1,1,0.463
12.448,0,0,1,-0.6167,0.6167,-0.6721,0.5741,179.1527,0.0000,0.0000,0.0000,-0.6141,0.5504,176.9155,0.007,1187,0.0000,0.0000,0.0699,1,1,0.448
12.550,0,0,1,-0.6167,0.6167,-0.6726,0.5746,179.1693,0.0000,0.0000,0.0000,-0.7482,0.6152,-178.0785,0.014,1190,0.0000,0.0000,0.0700,1,1,0.474
12.652,0,0,1,-0.6167,0.6167,-0.6720,0.5745,179.1557,0.0000,0.0000,0.0000,-0.6141,0.5504,176.9275,0.009,1193,0.0000,0.0000,0.0696,1,1,0.497
12.750,0,0,1,-0.6167,0.6167,-0.6724,0.5743,179.1464,0.0000,0.0000,0.0000,-0.7469,0.6152,-178.0830,0.017,1196,0.0000,0.0000,0.0700,1,1,0.452
12.850,0,0,1,-0.6167,0.6167,-0.6726,0.5745,179.1564,0.0000,0.0000,0.0000,-0.7469,0.6152,-178.0840,0.051,1198,0.0000,0.0000,0.0700,1,1,0.458
12.949,0,0,1,-0.6167,0.6167,-0.6729,0.5743,179.1526,0.0000,0.0000,0.0000,-0.6816,0.5416,177.7668,0.014,1201,0.0000,0.0000,0.0704,1,1,0.475
13.050,0,0,1,-0.6167,0.6167,-0.6724,0.5742,179.1389,0.0000,0.0000,0.0000,-0.7479,0.6151,-178.0828,0.042,1204,0.0000,0.0000,0.0701,1,1,0.462
13.149,0,0,1,-0.6167,0.6167,-0.6719,0.5741,179.1271,0.0000,0.0000,0.0000,-0.6141,0.5504,176.9275,0.037,1207,0.0000,0.0000,0.0697,1,1,0.445
13.248,0,0,1,-0.6167,0.6167,-0.6731,0.5749,179.1654,0.0000,0.0000,0.0000,-0.6141,0.5504,176.9275,0.007,1211,0.0000,0.0000,0.0702,1,1,0.463
13.349,0,0,1,-0.6167,0.6167,-0.6735,0.5753,179.1802,0.0000,0.0000,0.0000,-0.7479,0.6151,-178.0824,0.014,1214,0.0000,0.0000,0.0703,1,1,0.462
13.449,0,0,1,-0.6167,0.6167,-0.6737,0.5755,179.1892,0.0000,0.0000,0.0000,-0.6141,0.5504,176.9275,0.007,1217,0.0000,0.0000,0.0704,1,1,0.496
13.548,0,0,1,-0.6167,0.6167,-0.6741,0.5759,179.2028,0.0000,0.0000,0.0000,-0.7479,0.6151,-178.0808,0.013,1220,0.0000,0.0000,0.0705,1,1,0.471
13.651,0,0,1,-0.6167,0.6167,-0.6735,0.5757,179.1901,0.0000,0.0000,0.0000,-0.6141,0.5504,176.9275,0.009,1223,0.0000,0.0000,0.0701,1,1,0.453
13.751,0,0,1,-0.6167,0.6167,-0.6747,0.5764,179.2266,0.0000,0.0000,0.0000,-0.7479,0.6151,-178.0812,0.016,1226,0.0000,0.0000,0.0706,1,1,0.541
13.850,0,0,1,-0.6167,0.6167,-0.6740,0.5756,179.1951,0.0000,0.0000,0.0000,-0.6141,0.5504,176.9275,0.009,1229,0.0000,0.0000,0.0705,1,1,0.472
13.948,0,0,1,-0.6167,0.6167,-0.6743,0.5760,179.2089,0.0000,0.0000,0.0000,-0.7470,0.6149,-178.1046,0.015,1232,0.0000,0.0000,0.0706,1,1,0.472
14.050,0,0,1,-0.6167,0.6167,-0.6745,0.5762,179.2163,0.0000,0.0000,0.0000,-0.6141,0.5504,176.9275,0.002,1235,0.0000,0.0000,0.0706,1,1,0.460
14.149,0,0,1,-0.6167,0.6167,-0.6748,0.5765,179.2279,0.0000,0.0000,0.0000,-0.7470,0.6149,-178.1044,0.009,1238,0.0000,0.0000,0.0707,1,1,0.467
14.251,0,0,1,-0.6167,0.6167,-0.6750,0.5767,179.2370,0.0000,0.0000,0.0000,-0.6141,0.5504,176.9275,0.038,1240,0.0000,0.0000,0.0707,1,1,0.496
14.348,0,0,1,-0.6167,0.6167,-0.6743,0.5765,179.2199,0.0000,0.0000,0.0000,-0.6141,0.5504,176.9275,0.018,1243,0.0000,0.0000,0.0703,1,1,0.496
14.449,0,0,1,-0.6167,0.6167,-0.6746,0.5762,179.2140,0.0000,0.0000,0.0000,-0.6141,0.5504,176.9275,0.008,1247,0.0000,0.0000,0.0706,1,1,0.467
14.550,0,0,1,-0.6167,0.6167,-0.6740,0.5761,179.1988,0.0000,0.0000,0.0000,-0.7482,0.6153,-178.0676,0.002,1250,0.0000,0.0000,0.0702,1,1,0.455
14.649,0,0,1,-0.6167,0.6167,-0.6743,0.5764,179.2122,0.0000,0.0000,0.0000,-0.6141,0.5504,176.9275,0.011,1253,0.0000,0.0000,0.0703,1,1,0.472
14.749,0,0,1,-0.6167,0.6167,-0.6746,0.5761,179.2049,0.0000,0.0000,0.0000,-0.7483,0.6153,-178.0676,0.015,1256,0.0000,0.0000,0.0707,1,1,0.528
14.849,0,0,1,-0.6167,0.6167,-0.6748,0.5763,179.2129,0.0000,0.0000,0.0000,-0.6141,0.5504,176.9275,0.003,1259,0.0000,0.0000,0.0708,1,1,0.474
14.948,0,0,1,-0.6167,0.6167,-0.6751,0.5767,179.2264,0.0000,0.0000,0.0000,-0.7483,0.6153,-178.0670,0.012,1262,0.0000,0.0000,0.0709,1,1,0.455
15.050,0,0,1,-0.6167,0.6167,-0.6745,0.5765,179.2111,0.0000,0.0000,0.0000,-0.6141,0.5504,176.9275,0.009,1265,0.0000,0.0000,0.0704,1,1,0.482
15.149,0,0,1,-0.6167,0.6167,-0.6756,0.5771,179.2461,0.0000,0.0000,0.0000,-0.7483,0.6153,-178.0666,0.013,1268,0.0000,0.0000,0.0710,1,1,0.554
15.249,0,0,1,-0.6167,0.6167,-0.6749,0.5763,179.2133,0.0000,0.0000,0.0000,-0.6141,0.5504,176.9275,0.010,1271,0.0000,0.0000,0.0709,1,1,0.461
15.348,0,0,1,-0.6167,0.6167,-0.6753,0.5767,179.2271,0.0000,0.0000,0.0000,-0.7481,0.6154,-178.0620,0.016,1274,0.0000,0.0000,0.0709,1,1,0.466
15.449,0,0,1,-0.6167,0.6167,-0.6754,0.5768,179.2364,0.0000,0.0000,0.0000,-0.7481,0.6154,-178.0627,0.047,1276,0.0000,0.0000,0.0710,1,1,0.492
15.551,0,0,1,-0.6167,0.6167,-0.6749,0.5762,179.2075,0.0000,0.0000,0.0000,-0.6141,0.5504,176.9275,0.009,1280,0.0000,0.0000,0.0709,1,1,0.493
15.651,0,0,1,-0.6167,0.6167,-0.6734,0.5751,179.1522,0.0000,0.0000,0.0000,-0.6141,0.5504,176.9275,0.007,1283,0.0000,0.0000,0.0703,1,1,0.470
15.751,0,0,1,-0.6167,0.6167,-0.6736,0.5753,179.1615,0.0000,0.0000,0.0000,-0.6141,0.5504,176.9275,0.030,1285,0.0000,0.0000,0.0704,1,1,0.472
15.850,0,0,1,-0.6167,0.6167,-0.6748,0.5760,179.1977,0.0000,0.0000,0.0000,-0.6141,0.5504,176.9275,0.005,1289,0.0000,0.0000,0.0709,1,1,0.473
15.954,0,0,1,-0.6167,0.6167,-0.6741,0.5758,179.1722,0.0000,0.0000,0.0000,-0.6141,0.5504,176.9275,0.021,1291,0.0000,0.0000,0.0705,1,1,0.464
16.053,0,0,1,-0.6167,0.6167,-0.6733,0.5755,179.1490,0.0000,0.0000,0.0000,-0.7483,0.6152,-178.0714,0.012,1293,0.0000,0.0000,0.0700,1,1,0.477
16.152,0,0,1,-0.6167,0.6167,-0.6747,0.5764,179.1898,0.0000,0.0000,0.0000,-0.7483,0.6152,-178.0727,0.026,1297,0.0000,0.0000,0.0706,1,1,0.476
16.251,0,0,1,-0.6167,0.6167,-0.6759,0.5771,179.2256,0.0000,0.0000,0.0000,-0.6141,0.5504,176.9275,0.002,1301,0.0000,0.0000,0.0712,1,1,0.477
16.348,0,0,1,-0.6167,0.6167,-0.6752,0.5769,179.2079,0.0000,0.0000,0.0000,-0.7483,0.6152,-178.0720,0.006,1304,0.0000,0.0000,0.0708,1,1,0.458
16.448,0,0,1,-0.6167,0.6167,-0.6763,0.5775,179.2427,0.0000,0.0000,0.0000,-0.6141,0.5504,176.9275,0.008,1307,0.0000,0.0000,0.0713,1,1,0.475
16.550,0,0,1,-0.6167,0.6167,-0.6766,0.5778,179.2543,0.0000,0.0000,0.0000,-0.7483,0.6152,-178.0726,0.018,1310,0.0000,0.0000,0.0714,1,1,0.480
16.649,0,0,1,-0.6167,0.6167,-0.6767,0.5779,179.2613,0.0000,0.0000,0.0000,-0.6141,0.5504,176.9275,0.007,1313,0.0000,0.0000,0.0714,1,1,0.490
16.749,0,0,1,-0.6167,0.6167,-0.6769,0.5782,179.2726,0.0000,0.0000,0.0000,-0.7483,0.6152,-178.0721,0.014,1316,0.0000,0.0000,0.0715,1,1,0.467
16.852,0,0,1,-0.6167,0.6167,-0.6771,0.5783,179.2811,0.0000,0.0000,0.0000,-0.6141,0.5504,176.9275,0.002,1319,0.0000,0.0000,0.0715,1,1,0.466
16.948,0,0,1,-0.6167,0.6167,-0.6763,0.5781,179.2632,0.0000,0.0000,0.0000,-0.7483,0.6152,-178.0727,0.011,1322,0.0000,0.0000,0.0711,1,1,0.471
17.049,0,0,1,-0.6167,0.6167,-0.6774,0.5787,179.2954,0.0000,0.0000,0.0000,-0.6141,0.5504,176.9275,0.033,1324,0.0000,0.0000,0.0716,1,1,0.479
17.153,0,1,0,-0.6167,0.6167,-0.6767,0.5784,179.2787,0.0000,0.0000,0.0000,-0.6141,0.5504,176.9275,0.037,1327,0.0000,0.0000,0.0712,1,1,0.468
17.250,0,1,0,-0.6167,0.6167,-0.6759,0.5794,179.2776,0.0000,0.0000,0.0000,-0.6141,0.5504,176.9275,0.008,1331,-0.0465,-0.0311,0.0699,1,1,0.461
17.350,0,1,1,-0.6167,0.0000,-0.6725,0.5807,179.1516,0.0000,0.0000,0.0000,-0.6837,0.5409,177.6806,0.010,1334,-0.0123,0.0992,0.5834,1,1,0.453
17.449,0,1,1,-0.6167,0.0000,-0.6714,0.5736,179.2397,0.0000,0.0000,0.0000,-0.5905,0.5753,176.2151,0.006,1337,-0.0122,0.0993,0.5762,1,1,0.510
17.550,0,1,1,-0.6167,0.0000,-0.6681,0.5578,178.7865,0.0000,0.0000,0.0000,-0.6734,0.3477,169.2424,0.015,1340,-0.0119,0.0993,0.5602,1,1,0.455
17.650,0,1,1,-0.6167,0.0000,-0.6648,0.5486,178.8510,0.0000,0.0000,0.0000,-0.5738,0.5748,175.7360,0.007,1343,-0.0115,0.0993,0.5507,1,1,0.464
17.749,0,1,1,-0.6167,0.0000,-0.6631,0.5386,178.7275,0.0000,0.0000,0.0000,-0.6825,0.5208,178.0543,0.019,1346,-0.0113,0.0994,0.5406,1,1,0.475
17.852,0,1,1,-0.6167,0.0000,-0.6613,0.5297,178.7308,0.0000,0.0000,0.0000,-0.5933,0.5403,176.2398,0.007,1349,-0.0111,0.0994,0.5316,1,1,0.452
17.949,0,1,1,-0.6167,0.0000,-0.6609,0.5201,178.7481,0.0000,0.0000,0.0000,-0.7360,0.5657,-178.4854,0.014,1352,-0.0112,0.0994,0.5219,1,1,0.479
18.054,0,1,1,-0.6167,0.0000,-0.6607,0.5144,178.7000,0.0000,0.0000,0.0000,-0.7328,0.5561,-178.4663,0.050,1354,-0.0112,0.0994,0.5163,1,1,0.487
18.155,0,1,1,-0.6167,0.0000,-0.6600,0.5032,178.6326,0.0000,0.0000,0.0000,-0.7293,0.5424,-178.6520,0.006,1358,-0.0113,0.0994,0.5051,1,1,0.487
18.275,0,1,1,-0.6167,0.0000,-0.6605,0.4949,178.6594,0.0000,0.0000,0.0000,-0.6416,0.4583,177.6054,0.006,1360,-0.0115,0.0993,0.4968,1,1,0.456
18.362,0,1,1,-0.6167,0.0000,-0.6598,0.4904,178.6749,0.0000,0.0000,0.0000,-0.6488,0.4441,177.8944,0.002,1362,-0.0115,0.0993,0.4923,1,1,0.472
18.449,0,1,1,-0.6167,0.0000,-0.6604,0.4711,178.6753,0.0000,0.0000,0.0000,-0.7251,0.5115,-178.6884,0.027,1366,-0.0120,0.0993,0.4731,1,1,0.479
18.550,0,1,1,-0.6167,0.0000,-0.6581,0.4612,178.7036,0.0000,0.0000,0.0000,-0.4783,0.4565,174.1090,0.042,1369,-0.0117,0.0993,0.4630,1,1,1.111
18.649,0,1,1,-0.6167,0.0000,-0.6540,0.4513,178.7182,0.0000,0.0000,0.0000,-0.4718,0.4489,174.0555,0.010,1373,-0.0110,0.0994,0.4528,1,1,0.445
18.753,0,1,1,-0.6167,0.0000,-0.6516,0.4418,178.6638,0.0000,0.0000,0.0000,-0.7171,0.4734,-178.9761,0.003,1376,-0.0106,0.0994,0.4432,1,1,0.459
18.852,0,1,1,-0.6167,0.0000,-0.6502,0.4336,178.7119,0.0000,0.0000,0.0000,-0.4749,0.4247,174.1093,0.016,1379,-0.0104,0.0995,0.4349,1,1,0.494
18.961,0,1,1,-0.6167,0.0000,-0.6458,0.4246,178.7366,0.0000,0.0000,0.0000,-0.4724,0.4205,174.1215,0.050,1381,-0.0096,0.0995,0.4256,1,1,1.119
19.052,0,1,1,-0.6167,0.0000,-0.6443,0.4138,178.7253,0.0000,0.0000,0.0000,-0.4704,0.4108,174.0698,0.016,1385,-0.0094,0.0996,0.4148,1,1,0.499
19.150,0,1,1,-0.6167,0.0000,-0.6411,0.4039,178.5351,0.0000,0.0000,0.0000,-0.7076,0.4256,-179.1621,0.012,1388,-0.0088,0.0996,0.4047,1,1,0.450
19.251,0,1,1,-0.6167,0.0000,-0.6374,0.3936,178.5903,0.0000,0.0000,0.0000,-0.4872,0.3735,174.3937,0.010,1391,-0.0080,0.0997,0.3941,1,1,0.470
19.350,0,1,1,-0.6167,0.0000,-0.6367,0.3847,178.4207,0.0000,0.0000,0.0000,-0.7057,0.4046,-179.3732,0.015,1394,-0.0079,0.0997,0.3853,1,1,0.439
19.452,0,1,1,-0.6167,0.0000,-0.6332,0.3740,178.6939,0.0000,0.0000,0.0000,-0.4853,0.3580,174.3581,0.011,1397,-0.0071,0.0997,0.3744,1,1,0.482
19.548,0,1,1,-0.6167,0.0000,-0.6327,0.3647,178.6242,0.0000,0.0000,0.0000,-0.7009,0.3790,-179.3284,0.012,1400,-0.0071,0.0997,0.3650,1,1,0.433
19.649,0,1,1,-0.6167,0.0000,-0.6313,0.3546,178.6670,0.0000,0.0000,0.0000,-0.6996,0.3727,-179.4259,0.046,1402,-0.0068,0.0998,0.3549,1,1,0.414
19.749,0,1,1,-0.6167,0.0000,-0.6290,0.3435,178.6155,0.0000,0.0000,0.0000,-0.4951,0.3222,174.6432,0.006,1406,-0.0063,0.0998,0.3438,1,1,0.420
19.852,0,1,1,-0.6167,0.0000,-0.6278,0.3343,178.5913,0.0000,0.0000,0.0000,-0.4979,0.3049,174.7839,0.007,1409,-0.0060,0.0998,0.3345,1,1,0.453
19.952,0,1,1,-0.6167,0.0000,-0.6249,0.3225,178.5235,0.0000,0.0000,0.0000,-0.4953,0.3003,174.7346,0.049,1411,-0.0053,0.0999,0.3226,1,1,0.439
20.049,0,1,1,-0.6167,0.0000,-0.6232,0.3125,178.6168,0.0000,0.0000,0.0000,-0.5048,0.2800,174.9422,0.009,1415,-0.0048,0.0999,0.3126,1,1,0.431
20.148,0,1,1,-0.6167,0.0000,-0.6232,0.3030,178.5826,0.0000,0.0000,0.0000,-0.6884,0.3070,-179.6176,0.014,1418,-0.0049,0.0999,0.3031,1,1,0.438
20.250,0,1,1,-0.6167,0.0000,-0.6208,0.2912,178.5950,0.0000,0.0000,0.0000,-0.5166,0.2478,175.2715,0.006,1421,-0.0042,0.0999,0.2912,1,1,0.531
20.349,0,1,1,-0.6167,0.0000,-0.6209,0.2817,178.6804,0.0000,0.0000,0.0000,-0.6849,0.2839,-179.7341,0.016,1424,-0.0043,0.0999,0.2817,1,1,0.469
20.450,0,1,1,-0.6167,0.0000,-0.6202,0.2711,178.6308,0.0000,0.0000,0.0000,-0.5110,0.2353,175.2968,0.009,1427,-0.0040,0.0999,0.2712,1,1,0.437
20.552,0,1,1,-0.6167,0.0000,-0.6189,0.2598,178.5759,0.0000,0.0000,0.0000,-0.6812,0.2600,-179.9273,0.013,1430,-0.0036,0.0999,0.2598,1,1,0.447
20.650,0,1,1,-0.6167,0.0000,-0.6168,0.2476,178.5061,0.0000,0.0000,0.0000,-0.5156,0.2107,175.3880,0.015,1433,-0.0028,0.1000,0.2476,1,1,0.451
20.751,0,1,1,-0.6167,0.0000,-0.6167,0.2332,178.4945,0.0000,0.0000,0.0000,-0.6550,0.1275,175.0585,0.017,1436,-0.0027,0.1000,0.2332,1,1,0.467
20.851,0,1,1,-0.6167,0.0000,-0.6148,0.2210,178.3100,0.0000,0.0000,0.0000,-0.5238,0.1824,175.6410,0.006,1439,-0.0019,0.1000,0.2210,1,1,0.427
20.948,0,1,1,-0.6167,0.0000,-0.6142,0.2104,178.3656,0.0000,0.0000,0.0000,-0.6552,0.0860,173.7454,0.008,1442,-0.0016,0.1000,0.2104,1,1,0.410
21.049,0,1,1,-0.6167,0.0000,-0.6145,0.1967,178.4809,0.0000,0.0000,0.0000,-0.6565,0.0800,173.9961,0.039,1444,-0.0016,0.1000,0.1968,1,1,1.135
21.150,0,1,1,-0.6167,0.0000,-0.6130,0.1844,178.3934,0.0000,0.0000,0.0000,-0.5262,0.1550,175.8457,0.021,1447,-0.0007,0.1000,0.1844,1,1,0.401
21.249,0,1,1,-0.6167,0.0000,-0.6125,0.1702,178.2529,0.0000,0.0000,0.0000,-0.5317,0.1357,175.9743,0.010,1451,-0.0003,0.1000,0.1702,1,1,0.471
21.349,0,1,1,-0.6167,0.0000,-0.6123,0.1588,178.4326,0.0000,0.0000,0.0000,-0.6564,0.0588,174.8295,0.006,1454,0.0000,0.1000,0.1588,1,1,1.103
21.449,0,1,1,-0.6167,0.0000,-0.6130,0.1453,178.3709,0.0000,0.0000,0.0000,-0.5325,0.1175,176.3066,0.009,1457,-0.0002,0.1000,0.1454,1,1,0.566
21.550,0,1,1,-0.6167,0.0000,-0.6127,0.1313,178.1489,0.0000,0.0000,0.0000,-0.6593,0.0083,173.6573,0.014,1460,0.0003,0.1000,0.1314,1,1,0.411
21.650,0,1,1,-0.6167,0.0000,-0.6119,0.1183,178.2564,0.0000,0.0000,0.0000,-0.5406,0.0878,176.3520,0.008,1463,0.0012,0.0947,0.1184,1,1,0.465
21.749,0,1,1,-0.6167,0.0000,-0.6129,0.1056,178.3420,0.0000,0.0000,0.0000,-0.6679,-0.0385,172.8455,0.013,1466,0.0007,0.0846,0.1057,1,1,0.439
21.849,0,1,1,-0.6167,0.0000,-0.6122,0.0942,178.3516,0.0000,0.0000,0.0000,-0.5382,0.0739,176.6603,0.009,1469,0.0015,0.0755,0.0943,1,1,0.418
21.949,0,1,1,-0.6167,0.0000,-0.6133,0.0833,178.1940,0.0000,0.0000,0.0000,-0.6678,-0.0480,173.2386,0.012,1472,0.0009,0.0667,0.0834,1,1,0.492
22.050,0,1,1,-0.6167,0.0000,-0.6126,0.0740,178.3046,0.0000,0.0000,0.0000,-0.5414,0.0540,176.7994,0.012,1475,0.0016,0.0593,0.0742,1,1,0.451
22.149,0,1,2,0.0000,0.0000,-0.6117,0.0673,178.4103,0.0000,0.0000,0.0000,-0.6661,-0.0596,173.6001,0.012,1478,-0.0997,0.0082,0.6153,1,1,0.552
22.249,0,1,2,0.0000,0.0000,-0.6034,0.0623,178.3947,0.0000,0.0000,0.0000,-0.6662,-0.0643,173.7960,0.047,1480,-0.0997,0.0075,0.6066,1,1,0.452
22.350,0,1,2,0.0000,0.0000,-0.5944,0.0564,178.2778,0.0000,0.0000,0.0000,-0.6631,-0.0969,172.4605,0.019,1484,-0.0998,0.0067,0.5971,1,1,0.422
22.449,0,1,2,0.0000,0.0000,-0.5848,0.0531,178.1124,0.0000,0.0000,0.0000,-0.6542,-0.0980,172.5909,0.050,1486,-0.0998,0.0063,0.5872,1,1,0.428
22.551,0,1,2,0.0000,0.0000,-0.5742,0.0499,178.1988,0.0000,0.0000,0.0000,-0.6424,-0.0997,172.5744,0.003,1490,-0.0998,0.0059,0.5763,1,1,0.429
22.653,0,1,2,0.0000,0.0000,-0.5637,0.0449,178.1766,0.0000,0.0000,0.0000,-0.4929,0.0475,177.0763,0.007,1493,-0.0999,0.0052,0.5655,1,1,0.401
22.749,0,1,2,0.0000,0.0000,-0.5550,0.0421,178.1086,0.0000,0.0000,0.0000,-0.4869,0.0460,177.2021,0.045,1495,-0.0999,0.0048,0.5566,1,1,0.385
22.851,0,1,2,0.0000,0.0000,-0.5440,0.0376,178.0412,0.0000,0.0000,0.0000,-0.4663,0.0543,176.9455,0.007,1499,-0.0999,0.0042,0.5453,1,1,0.378
22.949,0,1,2,0.0000,0.0000,-0.5348,0.0332,178.0392,0.0000,0.0000,0.0000,-0.6039,-0.1131,172.6838,0.019,1502,-0.0999,0.0035,0.5358,1,1,0.355
23.050,0,1,2,0.0000,0.0000,-0.5245,0.0310,178.0609,0.0000,0.0000,0.0000,-0.4450,0.0530,177.1442,0.011,1505,-0.0999,0.0032,0.5254,1,1,0.346
23.152,0,1,2,0.0000,0.0000,-0.5157,0.0270,178.0197,0.0000,0.0000,0.0000,-0.5811,-0.1131,172.9990,0.017,1508,-0.1000,0.0025,0.5164,1,1,0.356
23.254,0,1,2,0.0000,0.0000,-0.5084,0.0251,178.0340,0.0000,0.0000,0.0000,-0.4152,0.0648,176.9236,0.009,1511,-0.1000,0.0022,0.5091,1,1,0.353
23.352,0,1,2,0.0000,0.0000,-0.4939,0.0266,178.1675,0.0000,0.0000,0.0000,-0.5401,0.0446,-179.7830,0.004,1514,-0.1000,0.0026,0.4946,1,1,0.361
23.452,0,1,2,0.0000,0.0000,-0.4797,0.0280,178.3130,0.0000,0.0000,0.0000,-0.3883,0.0711,176.9625,0.011,1517,-0.1000,0.0031,0.4805,1,1,0.362
23.550,0,1,2,0.0000,0.0000,-0.4707,0.0277,178.4399,0.0000,0.0000,0.0000,-0.5193,0.0412,-179.8453,0.015,1520,-0.1000,0.0031,0.4715,1,1,0.282
23.652,0,1,2,0.0000,0.0000,-0.4603,0.0276,178.4207,0.0000,0.0000,0.0000,-0.3623,0.0765,176.7152,0.002,1523,-0.0999,0.0033,0.4611,1,1,0.261
23.750,0,1,2,0.0000,0.0000,-0.4492,0.0285,178.5443,0.0000,0.0000,0.0000,-0.4981,0.0390,-179.8311,0.016,1526,-0.0999,0.0036,0.4501,1,1,0.335
23.849,0,1,2,0.0000,0.0000,-0.4386,0.0286,178.4493,0.0000,0.0000,0.0000,-0.3436,0.0800,176.6974,0.032,1528,-0.0999,0.0038,0.4395,1,1,0.299
23.949,0,1,2,0.0000,0.0000,-0.4267,0.0294,178.5152,0.0000,0.0000,0.0000,-0.3316,0.0781,176.6027,0.032,1531,-0.0999,0.0041,0.4277,1,1,0.281
24.051,0,1,2,0.0000,0.0000,-0.4188,0.0298,178.5163,0.0000,0.0000,0.0000,-0.3095,0.0861,176.3942,0.016,1535,-0.0999,0.0044,0.4198,1,1,0.263
24.150,0,1,2,0.0000,0.0000,-0.4053,0.0307,178.6146,0.0000,0.0000,0.0000,-0.4570,0.0354,-179.7770,0.008,1538,-0.0999,0.0048,0.4065,1,1,0.255
24.248,0,1,2,0.0000,0.0000,-0.3966,0.0309,178.5611,0.0000,0.0000,0.0000,-0.2830,0.0886,176.3128,0.008,1541,-0.0999,0.0050,0.3978,1,1,0.221
24.350,0,1,2,0.0000,0.0000,-0.3837,0.0268,178.3097,0.0000,0.0000,0.0000,-0.4569,-0.1395,173.1725,0.017,1544,-0.0999,0.0042,0.3846,1,1,0.214
24.449,0,1,2,0.0000,0.0000,-0.3748,0.0247,178.2673,0.0000,0.0000,0.0000,-0.2606,0.0878,176.1114,0.004,1547,-0.0999,0.0039,0.3757,1,1,0.238
24.550,0,1,2,0.0000,0.0000,-0.3624,0.0234,178.1824,0.0000,0.0000,0.0000,-0.2474,0.0936,175.9645,0.023,1549,-0.0999,0.0037,0.3632,1,1,0.212
24.649,0,1,2,0.0000,0.0000,-0.3541,0.0194,178.0575,0.0000,0.0000,0.0000,-0.4303,-0.1500,173.0910,0.029,1552,-0.0967,0.0014,0.3546,1,1,0.193
24.750,0,1,2,0.0000,0.0000,-0.3406,0.0162,178.0329,0.0000,0.0000,0.0000,-0.4227,-0.1544,173.0126,0.014,1556,-0.0884,-0.0028,0.3410,1,1,0.175
24.851,0,1,2,0.0000,0.0000,-0.3303,0.0160,177.9257,0.0000,0.0000,0.0000,-0.1858,0.1074,175.4812,0.014,1559,-0.0676,-0.0113,0.3307,1,1,0.130
24.949,0,1,2,0.0000,0.0000,-0.3231,0.0124,177.8363,0.0000,0.0000,0.0000,-0.3985,-0.1748,172.4632,0.017,1562,-0.0834,-0.0058,0.3233,1,1,0.164
25.048,0,1,2,0.0000,0.0000,-0.3139,0.0111,177.8183,0.0000,0.0000,0.0000,-0.3984,-0.1751,172.4774,0.043,1564,-0.0866,-0.0047,0.3141,1,1,0.171
25.149,0,1,2,0.0000,0.0000,-0.3035,0.0087,177.7772,0.0000,0.0000,0.0000,-0.3843,-0.1759,172.5551,0.013,1568,-0.0852,-0.0060,0.3037,1,1,0.168
25.249,0,1,2,0.0000,0.0000,-0.2944,0.0076,177.8126,0.0000,0.0000,0.0000,-0.3794,-0.1777,172.6450,0.026,1570,-0.0917,-0.0036,0.2945,1,1,0.182
25.352,0,1,2,0.0000,0.0000,-0.2669,0.0015,177.3814,0.0000,0.0000,0.0000,-0.3698,-0.1796,172.7810,0.012,1574,-0.0658,-0.0154,0.2670,1,1,0.156
25.449,0,1,2,0.0000,0.0000,-0.2413,-0.0012,177.3137,0.0000,0.0000,0.0000,0.5078,-0.0014,156.8650,0.016,1577,-0.0810,-0.0111,0.2413,1,1,0.159
25.549,0,1,2,0.0000,0.0000,-0.2246,-0.0035,177.2285,0.0000,0.0000,0.0000,0.5111,0.0017,157.1967,0.044,1579,-0.0805,-0.0123,0.2246,1,1,0.158
25.651,0,1,2,0.0000,0.0000,-0.2005,-0.0082,176.9161,0.0000,0.0000,0.0000,0.5173,0.0077,157.4881,0.019,1583,-0.0955,-0.0110,0.2007,1,1,0.224
25.749,0,1,2,0.0000,0.0000,-0.1850,-0.0130,176.8183,0.0000,0.0000,0.0000,-0.3341,-0.1863,173.3631,0.018,1586,-0.0991,-0.0099,0.1855,1,1,0.199
25.849,0,1,2,0.0000,0.0000,-0.1580,-0.0156,176.6753,0.0000,0.0000,0.0000,0.5756,-0.0137,156.6552,0.014,1589,-0.0914,-0.0203,0.1588,1,1,0.178
25.949,0,1,2,0.0000,0.0000,-0.1433,-0.0188,176.7262,0.0000,0.0000,0.0000,-0.3012,-0.1749,174.4524,0.015,1592,-0.0906,-0.0238,0.1445,1,1,0.177
26.050,0,1,2,0.0000,0.0000,-0.1162,-0.0205,176.6031,0.0000,0.0000,0.0000,0.6344,-0.0324,155.8631,0.015,1595,-0.0918,-0.0196,0.1180,1,1,0.198
26.148,0,1,2,0.0000,0.0000,-0.1085,-0.0174,177.1536,0.0000,0.0000,0.0000,-0.2095,0.0786,-175.9394,0.010,1597,-0.0864,-0.0163,0.1098,1,1,0.215
26.249,0,1,2,0.0000,0.0000,-0.1025,-0.0131,177.4644,0.0000,0.0000,0.0000,-0.2040,0.0763,-175.6770,0.048,1598,-0.0805,-0.0158,0.1034,1,1,0.192
26.349,0,1,2,0.0000,0.0000,-0.0970,-0.0091,177.9324,0.0000,0.0000,0.0000,-0.1931,0.0760,-175.6597,0.012,1600,-0.0774,-0.0094,0.0974,1,1,0.214
26.450,0,1,2,0.0000,0.0000,-0.0900,-0.0032,178.1387,0.0000,0.0000,0.0000,-0.1873,0.0739,-175.5508,0.047,1602,-0.0719,-0.0045,0.0901,1,1,0.212
26.549,0,1,2,0.0000,0.0000,-0.0878,-0.0015,178.4164,0.0000,0.0000,0.0000,-0.1769,0.0733,-175.5312,0.011,1606,-0.0702,-0.0031,0.0878,1,1,0.262
26.652,0,1,2,0.0000,0.0000,-0.0843,0.0012,178.5982,0.0000,0.0000,0.0000,-0.2218,-0.0037,-176.2592,0.035,1608,-0.0681,-0.0010,0.0843,1,1,0.268
26.749,0,1,2,0.0000,0.0000,-0.0832,0.0023,178.7154,0.0000,0.0000,0.0000,-0.2209,-0.0035,-176.1605,0.036,1611,-0.0666,0.0000,0.0833,1,1,0.309
26.850,0,1,2,0.0000,0.0000,-0.0824,0.0044,178.9429,0.0000,0.0000,0.0000,-0.2204,-0.0035,-176.0931,0.015,1615,-0.0660,0.0017,0.0826,1,1,0.338
26.950,0,1,2,0.0000,0.0000,-0.0798,0.0062,179.0290,0.0000,0.0000,0.0000,-0.1482,0.0706,-175.8255,0.019,1618,-0.0639,0.0032,0.0800,1,1,0.226
27.053,0,1,2,0.0000,0.0000,-0.0778,0.0067,179.1872,0.0000,0.0000,0.0000,-0.2010,-0.0146,-175.9997,0.013,1621,-0.0624,0.0037,0.0781,1,1,0.253
27.154,0,1,2,0.0000,0.0000,-0.0746,0.0083,179.4330,0.0000,0.0000,0.0000,-0.1365,0.0694,-175.8580,0.013,1624,0.0000,0.0000,0.0751,1,1,0.253
27.253,0,1,2,0.0000,0.0000,-0.0767,0.0091,179.5515,0.0000,0.0000,0.0000,-0.1657,0.0031,-176.8148,0.011,1627,0.0000,0.0000,0.0772,1,1,0.246
27.350,0,1,2,0.0000,0.0000,-0.0812,0.0109,179.7014,0.0000,0.0000,0.0000,-0.1294,0.0704,-176.1058,0.017,1630,0.0000,0.0000,0.0819,1,1,0.256
27.449,0,1,2,0.0000,0.0000,-0.0816,0.0121,179.7692,0.0000,0.0000,0.0000,-0.0472,0.0294,-178.9068,0.007,1633,0.0000,0.0000,0.0825,1,1,0.272
27.549,0,1,2,0.0000,0.0000,-0.0820,0.0143,179.8976,0.0000,0.0000,0.0000,-0.1294,0.0704,-176.1058,0.015,1636,0.0000,0.0000,0.0833,1,1,0.206
27.649,0,1,2,0.0000,0.0000,-0.0817,0.0156,179.9729,0.0000,0.0000,0.0000,-0.0472,0.0294,-178.9042,0.009,1639,0.0000,0.0000,0.0832,1,1,0.179
27.748,0,1,2,0.0000,0.0000,-0.0819,0.0166,-179.9660,0.0000,0.0000,0.0000,-0.1294,0.0704,-176.1058,0.002,1642,0.0000,0.0000,0.0835,1,1,0.184
27.849,0,1,2,0.0000,0.0000,-0.0827,0.0183,-179.8601,0.0000,0.0000,0.0000,-0.0472,0.0294,-178.9060,0.030,1644,0.0000,0.0000,0.0847,1,1,0.241
27.950,0,1,2,0.0000,0.0000,-0.0828,0.0192,-179.8013,0.0000,0.0000,0.0000,-0.0472,0.0294,-178.9068,0.048,1646,0.0000,0.0000,0.0850,1,1,0.337
28.049,0,1,2,0.0000,0.0000,-0.0831,0.0210,-179.6962,0.0000,0.0000,0.0000,-0.1294,0.0704,-176.1058,0.027,1650,0.0000,0.0000,0.0857,1,1,0.367
28.149,0,1,2,0.0000,0.0000,-0.0828,0.0219,-179.6361,0.0000,0.0000,0.0000,-0.0472,0.0295,-178.9056,0.036,1653,0.0000,0.0000,0.0857,0,2,0.369
28.249,0,1,2,0.0000,0.0000,-0.0831,0.0235,-179.5433,0.0000,0.0000,0.0000,-0.0472,0.0295,-178.9067,0.008,1657,0.0000,0.0000,0.0864,0,2,0.318
28.350,0,1,2,0.0000,0.0000,-0.0839,0.0248,-179.4578,0.0000,0.0000,0.0000,-0.1294,0.0704,-176.1058,0.009,1660,0.0000,0.0000,0.0875,0,2,0.364
28.450,0,1,2,0.0000,0.0000,-0.0836,0.0256,-179.4067,0.0000,0.0000,0.0000,-0.0472,0.0295,-178.9060,0.006,1663,0.0000,0.0000,0.0874,0,2,0.377
28.549,0,1,2,0.0000,0.0000,-0.0843,0.0269,-179.3276,0.0000,0.0000,0.0000,-0.1294,0.0704,-176.1058,0.008,1666,0.0000,0.0000,0.0885,0,2,0.394
28.650,0,1,2,0.0000,0.0000,-0.0840,0.0275,-179.2795,0.0000,0.0000,0.0000,-0.0472,0.0295,-178.9060,0.009,1669,0.0000,0.0000,0.0884,0,2,0.430
28.750,0,1,2,0.0000,0.0000,-0.0858,0.0301,-179.1709,0.0000,0.0000,0.0000,-0.2144,0.1687,-173.1673,0.010,1672,0.0000,0.0000,0.0909,0,2,0.435
28.850,0,1,2,0.0000,0.0000,-0.0865,0.0319,-179.0975,0.0000,0.0000,0.0000,-0.0472,0.0295,-178.9050,0.005,1675,0.0000,0.0000,0.0922,0,2,0.435
28.950,0,1,2,0.0000,0.0000,-0.0894,0.0355,-178.9644,0.0000,0.0000,0.0000,-0.2144,0.1687,-173.1673,0.009,1678,0.0000,0.0000,0.0961,0,2,0.446
29.049,0,1,2,0.0000,0.0000,-0.0905,0.0372,-178.8966,0.0000,0.0000,0.0000,-0.2144,0.1687,-173.1673,0.044,1680,0.0000,0.0000,0.0978,0,2,0.468
29.150,0,1,2,0.0000,0.0000,-0.0926,0.0405,-178.7732,0.0000,0.0000,0.0000,-0.2144,0.1687,-173.1673,0.005,1684,0.0000,0.0000,0.1011,0,2,0.520
29.249,0,1,2,0.0000,0.0000,-0.0936,0.0421,-178.7112,0.0000,0.0000,0.0000,-0.2144,0.1687,-173.1673,0.041,1686,0.0000,0.0000,0.1026,0,2,0.541
29.351,0,1,2,0.0000,0.0000,-0.0940,0.0434,-178.6524,0.0000,0.0000,0.0000,-0.0472,0.0295,-178.9055,0.027,1689,0.0000,0.0000,0.1036,0,2,0.698
29.450,0,1,2,0.0000,0.0000,-0.0960,0.0463,-178.5401,0.0000,0.0000,0.0000,-0.0472,0.0295,-178.9046,0.010,1693,0.0000,0.0000,0.1066,0,2,0.794
29.549,0,1,2,0.0000,0.0000,-0.0963,0.0458,-178.5334,0.0000,0.0000,0.0000,-0.0472,0.0295,-178.9036,0.040,1695,0.0000,0.0000,0.1067,0,2,0.798
29.649,0,1,2,0.0000,0.0000,-0.0971,0.0449,-178.5230,0.0000,0.0000,0.0000,-0.0472,0.0295,-178.9031,0.011,1699,0.0000,0.0000,0.1069,0,2,1.702
29.750,0,1,2,0.0000,0.0000,-0.0984,0.0442,-178.5093,0.0000,0.0000,0.0000,-0.1733,0.0249,-177.7186,0.012,1702,0.0000,0.0000,0.1079,0,2,1.640
29.848,0,1,2,0.0000,0.0000,-0.0987,0.0437,-178.5003,0.0000,0.0000,0.0000,-0.0472,0.0295,-178.9047,0.005,1705,0.0000,0.0000,0.1080,0,2,0.552
29.949,0,1,2,0.0000,0.0000,-0.0994,0.0429,-178.4889,0.0000,0.0000,0.0000,-0.1733,0.0249,-177.7172,0.017,1708,0.0000,0.0000,0.1082,0,2,0.528
30.049,0,1,2,0.0000,0.0000,-0.0997,0.0425,-178.4823,0.0000,0.0000,0.0000,-0.0472,0.0295,-178.9046,0.010,1711,0.0000,0.0000,0.1083,0,2,0.778
30.150,0,1,2,0.0000,0.0000,-0.1002,0.0417,-178.4730,0.0000,0.0000,0.0000,-0.1733,0.0249,-177.7175,0.008,1714,0.0000,0.0000,0.1086,0,2,0.767
30.249,0,1,2,0.0000,0.0000,-0.0998,0.0411,-178.4692,0.0000,0.0000,0.0000,-0.0472,0.0295,-178.9033,0.013,1717,0.0000,0.0000,0.1080,0,2,0.518
30.349,0,1,2,0.0000,0.0000,-0.1001,0.0408,-178.4633,0.0000,0.0000,0.0000,-0.1733,0.0249,-177.7178,0.008,1720,0.0000,0.0000,0.1081,0,2,0.770
30.450,0,1,2,0.0000,0.0000,-0.1013,0.0402,-178.4487,0.0000,0.0000,0.0000,-0.1733,0.0249,-177.7184,0.045,1722,0.0000,0.0000,0.1090,0,2,0.498
30.550,0,1,2,0.0000,0.0000,-0.1018,0.0396,-178.4398,0.0000,0.0000,0.0000,-0.1733,0.0249,-177.7175,0.017,1726,0.0000,0.0000,0.1092,0,2,0.566
30.650,0,1,2,0.0000,0.0000,-0.1020,0.0392,-178.4320,0.0000,0.0000,0.0000,-0.0472,0.0295,-178.9056,0.037,1728,0.0000,0.0000,0.1093,0,2,0.486
30.750,0,1,2,0.0000,0.0000,-0.1015,0.0388,-178.4285,0.0000,0.0000,0.0000,-0.0472,0.0295,-178.9034,0.020,1731,0.0000,0.0000,0.1087,0,2,0.459
30.850,0,1,2,0.0000,0.0000,-0.1020,0.0382,-178.4210,0.0000,0.0000,0.0000,-0.0472,0.0295,-178.9037,0.010,1735,0.0000,0.0000,0.1089,0,2,0.467
30.951,0,1,2,0.0000,0.0000,-0.1031,0.0377,-178.4062,0.0000,0.0000,0.0000,-0.1733,0.0248,-177.7174,0.007,1738,0.0000,0.0000,0.1098,0,2,0.471
31.048,0,1,2,0.0000,0.0000,-0.1033,0.0375,-178.4026,0.0000,0.0000,0.0000,0.2212,0.2579,172.3744,0.003,1741,0.0000,0.0000,0.1099,0,2,0.454
31.149,0,1,2,0.0000,0.0000,-0.0959,0.0430,-178.5714,0.0000,0.0000,0.0000,-0.1733,0.0248,-177.7176,0.009,1744,0.0000,0.0000,0.1051,0,2,0.487
31.249,0,1,2,0.0000,0.0000,-0.0938,0.0453,-178.6392,0.0000,0.0000,0.0000,0.2212,0.2579,172.3744,0.013,1747,0.0000,0.0000,0.1041,0,2,0.529
31.350,0,1,2,0.0000,0.0000,-0.0878,0.0502,-178.7897,0.0000,0.0000,0.0000,-0.1733,0.0249,-177.7177,0.015,1750,0.0000,0.0000,0.1011,0,2,0.540
31.449,0,1,2,0.0000,0.0000,-0.0810,0.0552,-178.9497,0.0000,0.0000,0.0000,0.2212,0.2579,172.3723,0.014,1753,0.0000,0.0000,0.0980,0,2,0.539
31.551,0,1,2,0.0000,0.0000,-0.0794,0.0570,-179.0077,0.0000,0.0000,0.0000,-0.1733,0.0249,-177.7192,0.007,1756,0.0000,0.0000,0.0978,0,2,0.442
31.650,0,1,2,0.0000,0.0000,-0.0729,0.0618,-179.1596,0.0000,0.0000,0.0000,0.2212,0.2579,172.3723,0.013,1759,0.0000,0.0000,0.0956,0,2,0.542
31.748,0,1,2,0.0000,0.0000,-0.0704,0.0639,-179.2265,0.0000,0.0000,0.0000,-0.1733,0.0249,-177.7193,0.012,1762,0.0000,0.0000,0.0950,0,2,0.650
31.849,0,1,2,0.0000,0.0000,-0.0692,0.0654,-179.2772,0.0000,0.0000,0.0000,-0.1730,0.0250,-177.7202,0.028,1764,0.0000,0.0000,0.0952,0,2,1.634
31.951,0,1,2,0.0000,0.0000,-0.0644,0.0693,-179.4050,0.0000,0.0000,0.0000,-0.1729,0.0253,-177.7230,0.009,1768,0.0000,0.0000,0.0946,0,2,0.578
32.053,0,1,2,0.0000,0.0000,-0.0621,0.0712,-179.4656,0.0000,0.0000,0.0000,-0.1729,0.0254,-177.7244,0.020,1770,0.0000,0.0000,0.0945,0,2,0.513
32.152,0,1,2,0.0000,0.0000,-0.0584,0.0767,-179.5389,0.0000,0.0000,0.0000,-0.2193,0.1752,-172.9695,0.003,1774,0.0000,0.0000,0.0964,0,2,0.488
32.250,0,1,2,0.0000,0.0000,-0.0533,0.0827,-179.6291,0.0000,0.0000,0.0000,0.2212,0.2579,172.3723,0.011,1777,0.0000,0.0000,0.0983,0,2,0.571
32.348,0,1,2,0.0000,0.0000,-0.0518,0.0862,-179.6402,0.0000,0.0000,0.0000,0.2212,0.2579,172.3731,0.027,1779,0.0000,0.0000,0.1006,0,2,1.687
32.449,0,1,2,0.0000,0.0000,-0.0515,0.0894,-179.6123,0.0000,0.0000,0.0000,0.2212,0.2579,172.3731,0.010,1783,0.0000,0.0000,0.1032,0,2,0.518
32.548,0,1,2,0.0000,0.0000,-0.0467,0.0933,-179.6925,0.0000,0.0000,0.0000,-0.1326,0.0741,-176.0035,0.013,1786,0.0000,0.0000,0.1043,0,2,0.549
32.650,0,1,2,0.0000,0.0000,-0.0409,0.0972,-179.8086,0.0000,0.0000,0.0000,0.2212,0.2579,172.3732,0.016,1789,0.0000,0.0000,0.1055,0,2,0.570
32.748,0,1,2,0.0000,0.0000,-0.0387,0.0990,-179.8446,0.0000,0.0000,0.0000,-0.1325,0.0741,-176.0005,0.010,1792,0.0000,0.0000,0.1063,0,2,0.530
32.848,0,1,2,0.0000,0.0000,-0.0377,0.1004,-179.8411,0.0000,0.0000,0.0000,0.2212,0.2579,172.3732,0.007,1795,0.0000,0.0000,0.1073,0,2,0.532
32.948,0,1,2,0.0000,0.0000,-0.0334,0.1002,179.9413,0.0000,0.0000,0.0000,-0.2219,-0.2352,173.3268,0.010,1798,0.0000,0.0000,0.1056,0,2,0.570
33.048,0,1,2,0.0000,0.0000,-0.0350,0.0936,179.7401,0.0000,0.0000,0.0000,0.2212,0.2580,172.3734,0.011,1801,0.0000,0.0000,0.0999,0,2,0.490
33.149,0,1,2,0.0000,0.0000,-0.0308,0.0936,179.5347,0.0000,0.0000,0.0000,-0.2219,-0.2352,173.3258,0.005,1804,0.0000,0.0000,0.0985,0,2,0.511
33.250,0,1,2,0.0000,0.0000,-0.0325,0.0872,179.3447,0.0000,0.0000,0.0000,0.2212,0.2580,172.3739,0.007,1807,0.0000,0.0000,0.0931,0,2,0.462
33.349,0,1,2,0.0000,0.0000,-0.0309,0.0833,179.0931,0.0000,0.0000,0.0000,-0.2218,-0.2352,173.3264,0.016,1810,0.0000,0.0000,0.0888,0,2,0.483
33.448,0,1,2,0.0000,0.0000,-0.0301,0.0814,178.9726,0.0000,0.0000,0.0000,0.2212,0.2580,172.3739,0.023,1812,0.0000,0.0000,0.0868,0,2,0.619
33.550,0,1,2,0.0000,0.0000,-0.0261,0.0819,178.7913,0.0000,0.0000,0.0000,0.2212,0.2580,172.3744,0.030,1815,0.0000,0.0000,0.0859,0,2,0.626
33.652,0,1,2,0.0000,0.0000,-0.0247,0.0783,178.5607,0.0000,0.0000,0.0000,0.2212,0.2580,172.3744,0.014,1819,0.0000,0.0000,0.0821,0,2,0.643
33.752,0,1,2,0.0000,0.0000,-0.0266,0.0725,178.3990,0.0000,0.0000,0.0000,-0.2218,-0.2352,173.3259,0.011,1822,0.0000,0.0000,0.0772,0,2,0.664
33.850,0,1,2,0.0000,0.0000,-0.0260,0.0708,178.2916,0.0000,0.0000,0.0000,0.2212,0.2580,172.3744,0.011,1825,0.0000,0.0000,0.0755,0,2,0.650
33.950,0,1,2,0.0000,0.0000,-0.0222,0.0717,178.1303,0.0000,0.0000,0.0000,-0.2218,-0.2352,173.3263,0.007,1828,0.0000,0.0000,0.0751,0,2,0.445
34.048,0,1,2,0.0000,0.0000,-0.0242,0.0662,177.9840,0.0000,0.0000,0.0000,0.2212,0.2580,172.3744,0.011,1831,0.0000,0.0000,0.0705,0,2,0.432
34.148,0,1,2,0.0000,0.0000,-0.0204,0.0672,177.8326,0.0000,0.0000,0.0000,0.2212,0.2580,172.3744,0.042,1833,0.0000,0.0000,0.0703,0,2,0.425
34.250,0,1,2,0.0000,0.0000,-0.0225,0.0619,177.6950,0.0000,0.0000,0.0000,0.2212,0.2580,172.3744,0.008,1837,0.0000,0.0000,0.0658,0,2,0.439
34.349,0,1,2,0.0000,0.0000,-0.0188,0.0631,177.5518,0.0000,0.0000,0.0000,-0.2218,-0.2353,173.3272,0.007,1840,0.0000,0.0000,0.0659,0,2,0.438
34.449,0,1,2,0.0000,0.0000,-0.0209,0.0579,177.4227,0.0000,0.0000,0.0000,0.2212,0.2580,172.3744,0.013,1843,0.0000,0.0000,0.0616,0,2,0.470
34.551,0,1,2,0.0000,0.0000,-0.0199,0.0555,177.2487,0.0000,0.0000,0.0000,-0.2218,-0.2352,173.3257,0.008,1846,0.0000,0.0000,0.0589,0,2,1.044
34.649,0,1,2,0.0000,0.0000,-0.0194,0.0543,177.1647,0.0000,0.0000,0.0000,-0.2218,-0.2352,173.3252,0.025,1848,0.0000,0.0000,0.0577,0,2,1.606
34.749,0,1,2,0.0000,0.0000,-0.0158,0.0558,177.0381,0.0000,0.0000,0.0000,0.2212,0.2580,172.3744,0.036,1851,0.0000,0.0000,0.0580,0,2,0.871
34.848,0,1,2,0.0000,0.0000,-0.0154,0.0547,176.9600,0.0000,0.0000,0.0000,-0.2218,-0.2353,173.3269,0.009,1854,0.0000,0.0000,0.0568,0,2,0.871
34.950,0,1,2,0.0000,0.0000,-0.0146,0.0525,176.8041,0.0000,0.0000,0.0000,0.2212,0.2580,172.3744,0.042,1857,0.0000,0.0000,0.0545,0,2,0.624
35.049,0,1,2,0.0000,0.0000,-0.0111,0.0541,176.6874,0.0000,0.0000,0.0000,0.2212,0.2580,172.3744,0.009,1860,0.0000,0.0000,0.0553,0,2,0.498
35.149,0,1,2,0.0000,0.0000,-0.0080,0.0569,176.6481,0.0000,0.0000,0.0000,0.2212,0.2580,172.3744,0.039,1861,0.0000,0.0000,0.0574,0,2,0.466
35.248,0,1,2,0.0000,0.0000,-0.0088,0.0606,176.7112,0.0000,0.0000,0.0000,0.2212,0.2580,172.3744,0.009,1864,0.0000,0.0000,0.0613,0,2,0.426
35.350,0,1,2,0.0000,0.0000,-0.0056,0.0662,176.7044,0.0000,0.0000,0.0000,-0.2327,0.0845,-175.4387,0.007,1867,0.0000,0.0000,0.0665,0,2,0.394
35.449,0,1,2,0.0000,0.0000,-0.0087,0.0693,176.8240,0.0000,0.0000,0.0000,0.2212,0.2580,172.3744,0.012,1870,0.0000,0.0000,0.0698,0,2,0.401
35.552,0,1,2,0.0000,0.0000,-0.0086,0.0746,176.8960,0.0000,0.0000,0.0000,-0.2327,0.0845,-175.4384,0.003,1873,0.0000,0.0000,0.0751,0,2,0.407
35.650,0,1,2,0.0000,0.0000,-0.0055,0.0796,176.8862,0.0000,0.0000,0.0000,0.2212,0.2580,172.3744,0.016,1876,0.0000,0.0000,0.0798,0,2,0.394
35.753,0,1,2,0.0000,0.0000,-0.0055,0.0820,176.9229,0.0000,0.0000,0.0000,-0.2327,0.0845,-175.4364,0.003,1879,0.0000,0.0000,0.0822,0,2,0.329
35.849,0,1,2,0.0000,0.0000,-0.0085,0.0844,177.0347,0.0000,0.0000,0.0000,-0.2327,0.0845,-175.4387,0.040,1881,0.0000,0.0000,0.0848,0,2,0.380
35.951,0,1,2,0.0000,0.0000,-0.0054,0.0890,177.0206,0.0000,0.0000,0.0000,-0.2327,0.0845,-175.4379,0.003,1885,0.0000,0.0000,0.0892,0,2,0.362
36.049,0,1,2,0.0000,0.0000,-0.0084,0.0911,177.1292,0.0000,0.0000,0.0000,-0.2327,0.0845,-175.4379,0.038,1887,0.0000,0.0000,0.0915,0,2,0.360
36.148,0,1,2,0.0000,0.0000,-0.0084,0.0932,177.1624,0.0000,0.0000,0.0000,-0.2327,0.0845,-175.4379,0.046,1889,0.0000,0.0000,0.0936,0,2,0.331
36.249,0,1,2,0.0000,0.0000,-0.0082,0.0973,177.2195,0.0000,0.0000,0.0000,-0.2327,0.0845,-175.4383,0.016,1893,0.0000,0.0000,0.0977,0,2,0.342
36.348,0,1,2,0.0000,0.0000,-0.0052,0.1014,177.1997,0.0000,0.0000,0.0000,0.2212,0.2580,172.3753,0.029,1896,0.0000,0.0000,0.1015,0,2,0.347
36.450,0,1,2,0.0000,0.0000,-0.0052,0.1050,177.2545,0.0000,0.0000,0.0000,0.2212,0.2580,172.3753,0.013,1900,0.0000,0.0000,0.1052,0,2,0.384
36.550,0,1,2,0.0000,0.0000,-0.0052,0.1068,177.2826,0.0000,0.0000,0.0000,-0.2327,0.0845,-175.4381,0.006,1903,0.0000,0.0000,0.1069,0,2,0.376
36.651,0,1,2,0.0000,0.0000,-0.0051,0.1101,177.3314,0.0000,0.0000,0.0000,0.2212,0.2580,172.3753,0.014,1906,0.0000,0.0000,0.1103,0,2,0.338
36.752,0,1,2,0.0000,0.0000,-0.0081,0.1114,177.4298,0.0000,0.0000,0.0000,-0.2327,0.0845,-175.4388,0.012,1909,0.0000,0.0000,0.1117,0,2,0.352
36.848,0,1,2,0.0000,0.0000,-0.0081,0.1129,177.4539,0.0000,0.0000,0.0000,0.2212,0.2580,172.3753,0.010,1912,0.0000,0.0000,0.1132,0,2,0.349
36.950,0,1,2,0.0000,0.0000,-0.0081,0.1159,177.4984,0.0000,0.0000,0.0000,-0.2327,0.0845,-175.4389,0.011,1915,0.0000,0.0000,0.1162,0,2,0.352
37.050,0,1,2,0.0000,0.0000,-0.0050,0.1192,177.4703,0.0000,0.0000,0.0000,0.2212,0.2580,172.3753,0.013,1918,0.0000,0.0000,0.1193,0,2,0.350
37.149,0,1,2,0.0000,0.0000,-0.0050,0.1206,177.4935,0.0000,0.0000,0.0000,-0.2327,0.0845,-175.4389,0.013,1921,0.0000,0.0000,0.1207,0,2,0.350
37.251,0,1,2,0.0000,0.0000,-0.0080,0.1214,177.5895,0.0000,0.0000,0.0000,-0.2327,0.0845,-175.4394,0.041,1923,0.0000,0.0000,0.1217,0,2,0.371
37.350,0,1,2,0.0000,0.0000,-0.0079,0.1240,177.6285,0.0000,0.0000,0.0000,-0.2327,0.0845,-175.4383,0.010,1927,0.0000,0.0000,0.1242,0,2,0.356
37.449,0,1,2,0.0000,0.0000,-0.0078,0.1252,177.6488,0.0000,0.0000,0.0000,0.2212,0.2580,172.3753,0.025,1929,0.0000,0.0000,0.1255,0,2,0.341
37.550,0,1,2,0.0000,0.0000,-0.0048,0.1282,177.6157,0.0000,0.0000,0.0000,0.2212,0.2580,172.3753,0.019,1932,0.0000,0.0000,0.1283,0,2,0.319
37.651,0,1,2,0.0000,0.0000,-0.0018,0.1310,177.5822,0.0000,0.0000,0.0000,0.2212,0.2580,172.3753,0.014,1935,0.0000,0.0000,0.1310,0,2,0.391
37.749,0,1,2,0.0000,0.0000,-0.0048,0.1315,177.6710,0.0000,0.0000,0.0000,0.2212,0.2580,172.3753,0.036,1938,0.0000,0.0000,0.1316,0,2,1.693
37.848,0,1,2,0.0000,0.0000,-0.0048,0.1335,177.7043,0.0000,0.0000,0.0000,0.2212,0.2580,172.3753,0.015,1942,0.0000,0.0000,0.1336,0,2,0.203
37.952,0,1,2,0.0000,0.0000,-0.0078,0.1339,177.7903,0.0000,0.0000,0.0000,-0.2327,0.0845,-175.4399,0.018,1945,0.0000,0.0000,0.1341,0,2,0.207
38.048,0,1,2,0.0000,0.0000,-0.0048,0.1364,177.7550,0.0000,0.0000,0.0000,0.2212,0.2580,172.3753,0.016,1948,0.0000,0.0000,0.1365,0,2,0.337
38.149,0,1,2,0.0000,0.0000,-0.0038,0.1364,177.7455,0.0000,0.0000,0.0000,-0.1732,0.0247,-177.7230,0.007,1951,0.0000,0.0000,0.1365,0,2,0.332
38.249,0,1,2,0.0000,0.0000,-0.0023,0.1367,177.7319,0.0000,0.0000,0.0000,0.2212,0.2580,172.3753,0.016,1954,0.0000,0.0000,0.1368,0,2,0.327
38.349,0,1,2,0.0000,0.0000,-0.0016,0.1369,177.7272,0.0000,0.0000,0.0000,-0.1732,0.0247,-177.7231,0.011,1957,0.0000,0.0000,0.1369,0,2,0.337
38.450,0,1,2,0.0000,0.0000,-0.0002,0.1371,177.7149,0.0000,0.0000,0.0000,0.2212,0.2580,172.3721,0.016,1960,0.0000,0.0000,0.1371,0,2,0.353
38.550,0,1,2,0.0000,0.0000,-0.0018,0.1358,177.7579,0.0000,0.0000,0.0000,-0.1732,0.0246,-177.7237,0.015,1963,0.0000,0.0000,0.1358,0,2,0.392
38.649,0,1,2,0.0000,0.0000,-0.0011,0.1359,177.7520,0.0000,0.0000,0.0000,0.2212,0.2580,172.3749,0.044,1965,0.0000,0.0000,0.1359,0,2,0.256
38.749,0,1,2,0.0000,0.0000,0.0001,0.1362,177.7386,0.0000,0.0000,0.0000,-0.1732,0.0247,-177.7240,0.010,1969,0.0000,0.0000,0.1362,0,2,0.856
38.848,0,1,2,0.0000,0.0000,0.0007,0.1363,177.7357,0.0000,0.0000,0.0000,-0.1732,0.0246,-177.7235,0.017,1971,0.0000,0.0000,0.1363,0,2,0.518
38.949,0,1,2,0.0000,0.0000,0.0042,0.1380,177.6771,0.0000,0.0000,0.0000,0.2212,0.2580,172.3740,0.016,1974,0.0000,0.0000,0.1381,0,2,1.646
39.048,0,1,2,0.0000,0.0000,0.0024,0.1366,177.7208,0.0000,0.0000,0.0000,0.2212,0.2580,172.3740,0.011,1978,0.0000,0.0000,0.1367,0,2,0.888
39.150,0,1,2,0.0000,0.0000,0.0058,0.1383,177.6642,0.0000,0.0000,0.0000,0.2212,0.2580,172.3740,0.038,1980,0.0000,0.0000,0.1384,0,2,0.468
39.249,0,1,2,0.0000,0.0000,0.0068,0.1385,177.6540,0.0000,0.0000,0.0000,0.2212,0.2580,172.3741,0.012,1984,0.0000,0.0000,0.1387,0,2,0.378
39.350,0,1,2,0.0000,0.0000,0.0049,0.1371,177.6983,0.0000,0.0000,0.0000,-0.1732,0.0246,-177.7241,0.018,1987,0.0000,0.0000,0.1372,0,2,0.453
39.449,0,1,2,0.0000,0.0000,0.0054,0.1372,177.6951,0.0000,0.0000,0.0000,0.2212,0.2580,172.3741,0.010,1990,0.0000,0.0000,0.1373,0,2,0.401
39.551,0,1,2,0.0000,0.0000,0.0062,0.1374,177.6845,0.0000,0.0000,0.0000,-0.1732,0.0246,-177.7240,0.012,1993,0.0000,0.0000,0.1375,0,2,0.446
39.649,0,1,2,0.0000,0.0000,0.0067,0.1375,177.6814,0.0000,0.0000,0.0000,0.2212,0.2580,172.3741,0.010,1996,0.0000,0.0000,0.1376,0,2,0.452
39.749,0,1,2,0.0000,0.0000,0.0075,0.1376,177.6729,0.0000,0.0000,0.0000,-0.1732,0.0246,-177.7246,0.015,1999,0.0000,0.0000,0.1378,0,2,0.477
39.848,0,1,2,0.0000,0.0000,0.0079,0.1377,177.6695,0.0000,0.0000,0.0000,0.2212,0.2580,172.3741,0.010,2002,0.0000,0.0000,0.1379,0,2,0.453
39.948,0,1,2,0.0000,0.0000,0.0087,0.1379,177.6587,0.0000,0.0000,0.0000,-0.1732,0.0246,-177.7249,0.017,2005,0.0000,0.0000,0.1381,0,2,0.562
40.052,0,1,2,0.0000,0.0000,0.0090,0.1379,177.6554,0.0000,0.0000,0.0000,-0.1732,0.0246,-177.7253,0.049,2007,0.0000,0.0000,0.1382,0,2,0.658
40.149,0,1,2,0.0000,0.0000,0.0122,0.1396,177.5991,0.0000,0.0000,0.0000,-0.1732,0.0246,-177.7241,0.003,2011,0.0000,0.0000,0.1401,0,2,0.886
40.248,0,1,2,0.0000,0.0000,0.0102,0.1382,177.6447,0.0000,0.0000,0.0000,0.2212,0.2580,172.3735,0.027,2013,0.0000,0.0000,0.1386,0,2,0.889
40.350,0,1,2,0.0000,0.0000,0.0133,0.1398,177.5909,0.0000,0.0000,0.0000,0.2212,0.2580,172.3727,0.031,2016,0.0000,0.0000,0.1404,0,2,0.471
40.450,0,1,2,0.0000,0.0000,0.0163,0.1414,177.5370,0.0000,0.0000,0.0000,0.2212,0.2580,172.3727,0.013,2019,0.0000,0.0000,0.1424,0,2,0.501
40.549,0,1,2,0.0000,0.0000,0.0141,0.1399,177.5840,0.0000,0.0000,0.0000,-0.1732,0.0246,-177.7243,0.007,2023,0.0000,0.0000,0.1407,0,2,0.510
40.648,0,1,2,0.0000,0.0000,0.0147,0.1400,177.5779,0.0000,0.0000,0.0000,0.2212,0.2580,172.3727,0.011,2026,0.0000,0.0000,0.1408,0,2,0.485
40.748,0,1,2,0.0000,0.0000,0.0125,0.1386,177.6232,0.0000,0.0000,0.0000,-0.1732,0.0246,-177.7238,0.013,2029,0.0000,0.0000,0.1392,0,2,0.510
40.848,0,1,2,0.0000,0.0000,0.0128,0.1386,177.6217,0.0000,0.0000,0.0000,0.2212,0.2580,172.3727,0.010,2032,0.0000,0.0000,0.1392,0,2,0.508
40.949,0,1,2,0.0000,0.0000,0.0157,0.1403,177.5680,0.0000,0.0000,0.0000,-0.1732,0.0246,-177.7253,0.012,2035,0.0000,0.0000,0.1411,0,2,0.513
41.049,0,1,2,0.0000,0.0000,0.0162,0.1403,177.5632,0.0000,0.0000,0.0000,0.2212,0.2580,172.3727,0.015,2038,0.0000,0.0000,0.1413,0,2,0.514
41.150,0,1,2,0.0000,0.0000,0.0164,0.1404,177.5612,0.0000,0.0000,0.0000,-0.1732,0.0246,-177.7252,0.010,2041,0.0000,0.0000,0.1414,0,2,0.527
41.248,0,1,2,0.0000,0.0000,0.0169,0.1405,177.5557,0.0000,0.0000,0.0000,0.2212,0.2580,172.3727,0.013,2044,0.0000,0.0000,0.1415,0,2,0.534
41.352,0,1,2,0.0000,0.0000,0.0147,0.1390,177.6017,0.0000,0.0000,0.0000,0.2212,0.2580,172.3727,0.010,2047,0.0000,0.0000,0.1398,0,2,0.573
41.449,0,1,2,0.0000,0.0000,0.0149,0.1391,177.6006,0.0000,0.0000,0.0000,0.2212,0.2580,172.3727,0.036,2049,0.0000,0.0000,0.1399,0,2,0.661
41.549,0,1,2,0.0000,0.0000,0.0179,0.1407,177.5463,0.0000,0.0000,0.0000,0.2212,0.2580,172.3727,0.012,2052,0.0000,0.0000,0.1419,0,2,0.445
41.648,0,1,2,0.0000,0.0000,0.0156,0.1392,177.5916,0.0000,0.0000,0.0000,0.2212,0.2580,172.3727,0.010,2056,0.0000,0.0000,0.1401,0,2,0.849
41.750,0,1,2,0.0000,0.0000,0.0184,0.1408,177.5401,0.0000,0.0000,0.0000,0.2212,0.2580,172.3727,0.039,2058,0.0000,0.0000,0.1420,0,2,0.449
41.850,0,1,2,0.0000,0.0000,0.0161,0.1393,177.5876,0.0000,0.0000,0.0000,0.2212,0.2580,172.3727,0.007,2062,0.0000,0.0000,0.1402,0,2,0.541
41.950,0,1,2,0.0000,0.0000,0.0164,0.1394,177.5809,0.0000,0.0000,0.0000,-0.1732,0.0246,-177.7249,0.020,2065,0.0000,0.0000,0.1403,0,2,0.574
42.049,0,1,2,0.0000,0.0000,0.0192,0.1409,177.5270,0.0000,0.0000,0.0000,0.2212,0.2580,172.3727,0.017,2068,0.0000,0.0000,0.1422,0,2,0.602
42.149,0,1,2,0.0000,0.0000,0.0169,0.1395,177.5732,0.0000,0.0000,0.0000,-0.1732,0.0246,-177.7259,0.014,2071,0.0000,0.0000,0.1405,0,2,0.587
42.250,0,1,2,0.0000,0.0000,0.0197,0.1410,177.5215,0.0000,0.0000,0.0000,0.2212,0.2580,172.3727,0.012,2074,0.0000,0.0000,0.1424,0,2,0.607
42.349,0,1,2,0.0000,0.0000,0.0173,0.1395,177.5682,0.0000,0.0000,0.0000,-0.1732,0.0246,-177.7254,0.017,2077,0.0000,0.0000,0.1406,0,2,0.616
42.449,0,1,2,0.0000,0.0000,0.0201,0.1411,177.5148,0.0000,0.0000,0.0000,0.2212,0.2580,172.3727,0.005,2080,0.0000,0.0000,0.1425,0,2,0.643
42.550,0,1,2,0.0000,0.0000,0.0177,0.1396,177.5606,0.0000,0.0000,0.0000,-0.1732,0.0246,-177.7251,0.013,2083,0.0000,0.0000,0.1407,0,2,0.637
42.648,0,1,2,0.0000,0.0000,0.0179,0.1396,177.5609,0.0000,0.0000,0.0000,-0.1732,0.0246,-177.7245,0.042,2085,0.0000,0.0000,0.1408,0,2,0.657
42.750,0,1,2,0.0000,0.0000,0.0207,0.1412,177.5074,0.0000,0.0000,0.0000,-0.1732,0.0246,-177.7253,0.010,2089,0.0000,0.0000,0.1427,0,2,0.688
42.848,0,1,2,0.0000,0.0000,0.0183,0.1397,177.5557,0.0000,0.0000,0.0000,-0.1732,0.0246,-177.7248,0.044,2091,0.0000,0.0000,0.1409,0,2,0.895
42.949,0,1,2,0.0000,0.0000,0.0184,0.1398,177.5546,0.0000,0.0000,0.0000,-0.1732,0.0246,-177.7251,0.010,2094,0.0000,0.0000,0.1410,0,2,0.879
43.051,0,1,2,0.0000,0.0000,0.0213,0.1414,177.4998,0.0000,0.0000,0.0000,0.2212,0.2580,172.3734,0.007,2098,0.0000,0.0000,0.1430,0,2,0.603
43.148,0,1,2,0.0000,0.0000,0.0214,0.1414,177.5004,0.0000,0.0000,0.0000,0.2212,0.2580,172.3734,0.046,2100,0.0000,0.0000,0.1430,0,2,1.693
43.248,0,1,2,0.0000,0.0000,0.0189,0.1399,177.5488,0.0000,0.0000,0.0000,0.2212,0.2580,172.3734,0.011,2104,0.0000,0.0000,0.1411,0,2,0.884
43.349,0,1,2,0.0000,0.0000,0.0217,0.1414,177.5007,0.0000,0.0000,0.0000,-0.1732,0.0246,-177.7248,0.012,2107,0.0000,0.0000,0.1431,0,2,0.842
43.450,0,1,2,0.0000,0.0000,0.0218,0.1415,177.4971,0.0000,0.0000,0.0000,0.2212,0.2580,172.3734,0.015,2110,0.0000,0.0000,0.1431,0,2,0.840
43.548,0,1,2,0.0000,0.0000,0.0194,0.1399,177.5447,0.0000,0.0000,0.0000,-0.1732,0.0246,-177.7246,0.012,2113,0.0000,0.0000,0.1413,0,2,0.954
43.652,0,1,2,0.0000,0.0000,0.0221,0.1415,177.4953,0.0000,0.0000,0.0000,0.2212,0.2580,172.3734,0.014,2116,0.0000,0.0000,0.1432,0,2,0.877
43.752,0,1,2,0.0000,0.0000,0.0196,0.1400,177.5433,0.0000,0.0000,0.0000,-0.1732,0.0246,-177.7251,0.013,2119,0.0000,0.0000,0.1414,0,2,0.922
43.850,0,1,2,0.0000,0.0000,0.0224,0.1415,177.4936,0.0000,0.0000,0.0000,0.2212,0.2580,172.3734,0.008,2122,0.0000,0.0000,0.1433,0,2,0.556
43.949,0,1,2,0.0000,0.0000,0.0199,0.1400,177.5406,0.0000,0.0000,0.0000,-0.1732,0.0246,-177.7260,0.014,2125,0.0000,0.0000,0.1414,0,2,0.920
44.051,0,1,2,0.0000,0.0000,0.0199,0.1400,177.5395,0.0000,0.0000,0.0000,-0.1732,0.0246,-177.7258,0.049,2127,0.0000,0.0000,0.1415,0,2,0.840
44.149,0,1,2,0.0000,0.0000,0.0201,0.1401,177.5355,0.0000,0.0000,0.0000,-0.1732,0.0246,-177.7260,0.007,2131,0.0000,0.0000,0.1415,0,2,1.643
44.252,0,1,2,0.0000,0.0000,0.0202,0.1401,177.5357,0.0000,0.0000,0.0000,0.2212,0.2580,172.3734,0.037,2133,0.0000,0.0000,0.1416,0,2,0.835
44.352,0,1,2,0.0000,0.0000,0.0229,0.1417,177.4838,0.0000,0.0000,0.0000,0.2212,0.2580,172.3734,0.043,2136,0.0000,0.0000,0.1435,0,2,0.855
44.448,0,1,2,0.0000,0.0000,0.0256,0.1432,177.4324,0.0000,0.0000,0.0000,-0.1732,0.0246,-177.7257,0.002,2140,0.0000,0.0000,0.1455,0,2,0.874
44.549,0,1,2,0.0000,0.0000,0.0230,0.1417,177.4814,0.0000,0.0000,0.0000,-0.1733,0.0246,-177.7252,0.007,2143,0.0000,0.0000,0.1435,0,2,0.869
44.648,0,1,2,0.0000,0.0000,0.0205,0.1401,177.5304,0.0000,0.0000,0.0000,0.2212,0.2580,172.3734,0.011,2146,0.0000,0.0000,0.1416,0,2,0.902
44.752,0,1,2,0.0000,0.0000,0.0206,0.1402,177.5293,0.0000,0.0000,0.0000,-0.1732,0.0246,-177.7264,0.018,2149,0.0000,0.0000,0.1417,0,2,0.899
44.849,0,1,2,0.0000,0.0000,0.0207,0.1402,177.5293,0.0000,0.0000,0.0000,0.2212,0.2580,172.3734,0.009,2152,0.0000,0.0000,0.1417,0,2,0.895
44.949,0,1,2,0.0000,0.0000,0.0208,0.1402,177.5275,0.0000,0.0000,0.0000,-0.1732,0.0246,-177.7249,0.016,2155,0.0000,0.0000,0.1417,0,2,0.864
45.048,0,1,2,0.0000,0.0000,0.0235,0.1418,177.4767,0.0000,0.0000,0.0000,0.2212,0.2580,172.3734,0.016,2158,0.0000,0.0000,0.1437,0,2,0.510
45.148,0,1,2,0.0000,0.0000,0.0235,0.1418,177.4783,0.0000,0.0000,0.0000,-0.1732,0.0246,-177.7253,0.011,2161,0.0000,0.0000,0.1437,0,2,0.921
45.250,0,1,2,0.0000,0.0000,0.0236,0.1418,177.4763,0.0000,0.0000,0.0000,0.2212,0.2580,172.3734,0.013,2164,0.0000,0.0000,0.1437,0,2,0.853
45.350,0,1,2,0.0000,0.0000,0.0211,0.1403,177.5263,0.0000,0.0000,0.0000,-0.1732,0.0246,-177.7251,0.012,2167,0.0000,0.0000,0.1418,0,2,0.860
45.452,0,1,2,0.0000,0.0000,0.0212,0.1403,177.5263,0.0000,0.0000,0.0000,0.2212,0.2580,172.3734,0.038,2169,0.0000,0.0000,0.1419,0,2,0.907
45.549,0,1,2,0.0000,0.0000,0.0239,0.1419,177.4759,0.0000,0.0000,0.0000,-0.1732,0.0246,-177.7249,0.012,2173,0.0000,0.0000,0.1438,0,2,1.659
45.650,0,1,2,0.0000,0.0000,0.0213,0.1403,177.5279,0.0000,0.0000,0.0000,-0.1732,0.0246,-177.7246,0.013,2175,0.0000,0.0000,0.1419,0,2,0.891
45.752,0,1,2,0.0000,0.0000,0.0214,0.1404,177.5235,0.0000,0.0000,0.0000,-0.1732,0.0246,-177.7257,0.010,2179,0.0000,0.0000,0.1420,0,2,1.634
45.849,0,1,2,0.0000,0.0000,0.0240,0.1419,177.4732,0.0000,0.0000,0.0000,0.2212,0.2580,172.3734,0.014,2182,0.0000,0.0000,0.1439,0,2,1.625
45.950,0,1,2,0.0000,0.0000,0.0215,0.1404,177.5219,0.0000,0.0000,0.0000,-0.1732,0.0247,-177.7226,0.012,2185,0.0000,0.0000,0.1420,0,2,1.629
46.049,0,1,2,0.0000,0.0000,0.0215,0.1404,177.5235,0.0000,0.0000,0.0000,0.2212,0.2580,172.3734,0.010,2188,0.0000,0.0000,0.1420,0,2,1.641
46.149,0,1,2,0.0000,0.0000,0.0216,0.1404,177.5214,0.0000,0.0000,0.0000,-0.1732,0.0247,-177.7232,0.012,2191,0.0000,0.0000,0.1420,0,2,0.836
46.249,0,1,2,0.0000,0.0000,0.0242,0.1419,177.4710,0.0000,0.0000,0.0000,0.2212,0.2580,172.3734,0.012,2194,0.0000,0.0000,0.1440,0,2,1.663
46.351,0,1,2,0.0000,0.0000,0.0217,0.1404,177.5199,0.0000,0.0000,0.0000,-0.1732,0.0247,-177.7232,0.015,2197,0.0000,0.0000,0.1421,0,2,1.634
46.449,0,1,2,0.0000,0.0000,0.0217,0.1404,177.5195,0.0000,0.0000,0.0000,0.2212,0.2580,172.3734,0.013,2200,0.0000,0.0000,0.1421,0,2,1.637
46.549,0,1,2,0.0000,0.0000,0.0218,0.1404,177.5175,0.0000,0.0000,0.0000,-0.1732,0.0247,-177.7239,0.013,2203,0.0000,0.0000,0.1421,0,2,1.683
46.649,0,1,2,0.0000,0.0000,0.0244,0.1420,177.4668,0.0000,0.0000,0.0000,0.2212,0.2580,172.3734,0.010,2206,0.0000,0.0000,0.1440,0,2,0.562
46.753,0,1,2,0.0000,0.0000,0.0218,0.1404,177.5156,0.0000,0.0000,0.0000,-0.1732,0.0247,-177.7240,0.016,2209,0.0000,0.0000,0.1421,0,2,0.452
46.850,0,1,2,0.0000,0.0000,0.0219,0.1404,177.5137,0.0000,0.0000,0.0000,-0.1732,0.0247,-177.7235,0.045,2211,0.0000,0.0000,0.1421,0,2,0.845
46.951,0,1,2,0.0000,0.0000,0.0219,0.1405,177.5105,0.0000,0.0000,0.0000,-0.1732,0.0247,-177.7241,0.008,2215,0.0000,0.0000,0.1422,0,2,1.638
47.052,0,1,2,0.0000,0.0000,0.0220,0.1405,177.5127,0.0000,0.0000,0.0000,0.2212,0.2580,172.3734,0.036,2217,0.0000,0.0000,0.1422,0,2,1.648
47.151,0,1,2,0.0000,0.0000,0.0246,0.1420,177.4622,0.0000,0.0000,0.0000,0.2212,0.2580,172.3734,0.033,2220,0.0000,0.0000,0.1442,0,2,0.475
47.249,0,1,2,0.0000,0.0000,0.0246,0.1420,177.4622,0.0000,0.0000,0.0000,0.2212,0.2580,172.3734,0.014,2224,0.0000,0.0000,0.1441,0,2,0.885
47.349,0,1,2,0.0000,0.0000,0.0221,0.1405,177.5123,0.0000,0.0000,0.0000,-0.1732,0.0247,-177.7247,0.015,2227,0.0000,0.0000,0.1422,0,2,1.642
47.449,0,1,2,0.0000,0.0000,0.0247,0.1420,177.4653,0.0000,0.0000,0.0000,0.2212,0.2580,172.3734,0.013,2230,0.0000,0.0000,0.1441,0,2,1.642
47.549,0,1,2,0.0000,0.0000,0.0221,0.1405,177.5153,0.0000,0.0000,0.0000,-0.1732,0.0247,-177.7241,0.018,2233,0.0000,0.0000,0.1422,0,2,0.868
47.649,0,1,2,0.0000,0.0000,0.0247,0.1420,177.4656,0.0000,0.0000,0.0000,0.2212,0.2580,172.3729,0.012,2236,0.0000,0.0000,0.1442,0,2,0.897
47.752,0,1,2,0.0000,0.0000,0.0222,0.1405,177.5163,0.0000,0.0000,0.0000,-0.1732,0.0247,-177.7233,0.017,2239,0.0000,0.0000,0.1422,0,2,1.639
47.848,0,1,2,0.0000,0.0000,0.0222,0.1405,177.5181,0.0000,0.0000,0.0000,0.2212,0.2580,172.3737,0.009,2242,0.0000,0.0000,0.1422,0,2,0.902
47.950,0,1,2,0.0000,0.0000,0.0222,0.1405,177.5128,0.0000,0.0000,0.0000,-0.1732,0.0247,-177.7242,0.012,2245,0.0000,0.0000,0.1423,0,2,1.635
48.050,0,1,2,0.0000,0.0000,0.0222,0.1405,177.5141,0.0000,0.0000,0.0000,0.2212,0.2580,172.3737,0.010,2248,0.0000,0.0000,0.1423,0,2,0.847
48.152,0,1,2,0.0000,0.0000,0.0249,0.1421,177.4623,0.0000,0.0000,0.0000,-0.1732,0.0246,-177.7231,0.006,2251,0.0000,0.0000,0.1442,0,2,0.900
48.252,0,1,2,0.0000,0.0000,0.0223,0.1406,177.5129,0.0000,0.0000,0.0000,0.2212,0.2580,172.3737,0.042,2253,0.0000,0.0000,0.1423,0,2,0.876
48.351,0,1,2,0.0000,0.0000,0.0250,0.1421,177.4615,0.0000,0.0000,0.0000,0.2212,0.2580,172.3737,0.007,2256,0.0000,0.0000,0.1443,0,2,1.690
48.448,0,1,2,0.0000,0.0000,0.0224,0.1406,177.5098,0.0000,0.0000,0.0000,-0.1732,0.0247,-177.7256,0.026,2259,0.0000,0.0000,0.1424,0,2,1.640
48.549,0,1,2,0.0000,0.0000,0.0250,0.1421,177.4601,0.0000,0.0000,0.0000,-0.1732,0.0246,-177.7242,0.002,2263,0.0000,0.0000,0.1443,0,2,1.640
48.649,0,1,2,0.0000,0.0000,0.0250,0.1421,177.4581,0.0000,0.0000,0.0000,0.2212,0.2580,172.3737,0.013,2266,0.0000,0.0000,0.1443,0,2,0.909
48.749,0,1,2,0.0000,0.0000,0.0250,0.1421,177.4574,0.0000,0.0000,0.0000,-0.1732,0.0246,-177.7242,0.013,2269,0.0000,0.0000,0.1443,0,2,1.641
48.849,0,1,2,0.0000,0.0000,0.0224,0.1406,177.5063,0.0000,0.0000,0.0000,0.2212,0.2580,172.3737,0.013,2272,0.0000,0.0000,0.1423,0,2,1.652
48.948,0,1,2,0.0000,0.0000,0.0224,0.1406,177.5052,0.0000,0.0000,0.0000,-0.1732,0.0246,-177.7233,0.014,2275,0.0000,0.0000,0.1424,0,2,0.875
49.050,0,1,2,0.0000,0.0000,0.0250,0.1421,177.4556,0.0000,0.0000,0.0000,0.2212,0.2580,172.3737,0.012,2278,0.0000,0.0000,0.1443,0,2,0.861
49.149,0,1,2,0.0000,0.0000,0.0225,0.1406,177.5067,0.0000,0.0000,0.0000,-0.1732,0.0246,-177.7236,0.012,2281,0.0000,0.0000,0.1424,0,2,1.633
49.249,0,1,2,0.0000,0.0000,0.0251,0.1421,177.4563,0.0000,0.0000,0.0000,0.2212,0.2580,172.3737,0.015,2284,0.0000,0.0000,0.1443,0,2,1.650
49.349,0,1,2,0.0000,0.0000,0.0225,0.1406,177.5049,0.0000,0.0000,0.0000,-0.1732,0.0246,-177.7236,0.012,2287,0.0000,0.0000,0.1424,0,2,1.633
49.449,0,1,2,0.0000,0.0000,0.0225,0.1406,177.5055,0.0000,0.0000,0.0000,-0.1733,0.0246,-177.7234,0.046,2289,0.0000,0.0000,0.1424,0,2,0.914
49.549,0,1,2,0.0000,0.0000,0.0225,0.1406,177.5026,0.0000,0.0000,0.0000,-0.1733,0.0246,-177.7242,0.018,2293,0.0000,0.0000,0.1424,0,2,1.648
49.648,0,1,2,0.0000,0.0000,0.0225,0.1406,177.5024,0.0000,0.0000,0.0000,-0.1733,0.0246,-177.7237,0.049,2295,0.0000,0.0000,0.1424,0,2,0.885
49.752,0,1,2,0.0000,0.0000,0.0226,0.1406,177.5039,0.0000,0.0000,0.0000,-0.1733,0.0246,-177.7237,0.012,2298,0.0000,0.0000,0.1424,0,2,1.697
49.852,0,1,2,0.0000,0.0000,0.0226,0.1406,177.5015,0.0000,0.0000,0.0000,-0.1733,0.0246,-177.7251,0.036,2301,0.0000,0.0000,0.1424,0,2,1.628
49.948,0,1,2,0.0000,0.0000,0.0252,0.1422,177.4492,0.0000,0.0000,0.0000,0.2212,0.2580,172.3737,0.037,2304,0.0000,0.0000,0.1444,0,2,1.655
50.050,0,1,2,0.0000,0.0000,0.0252,0.1421,177.4488,0.0000,0.0000,0.0000,0.2212,0.2580,172.3737,0.009,2308,0.0000,0.0000,0.1443,0,2,1.637
50.149,0,1,2,0.0000,0.0000,0.0251,0.1421,177.4505,0.0000,0.0000,0.0000,-0.1733,0.0247,-177.7255,0.008,2311,0.0000,0.0000,0.1443,0,2,0.874
50.249,0,1,2,0.0000,0.0000,0.0251,0.1421,177.4481,0.0000,0.0000,0.0000,0.2213,0.2580,172.3745,0.011,2314,0.0000,0.0000,0.1443,0,2,0.474
50.350,0,1,2,0.0000,0.0000,0.0226,0.1406,177.4979,0.0000,0.0000,0.0000,-0.1732,0.0246,-177.7246,0.017,2317,0.0000,0.0000,0.1424,0,2,1.651
50.450,0,1,2,0.0000,0.0000,0.0252,0.1421,177.4496,0.0000,0.0000,0.0000,0.2213,0.2580,172.3746,0.012,2320,0.0000,0.0000,0.1443,0,2,0.854
50.550,0,1,2,0.0000,0.0000,0.0226,0.1406,177.4992,0.0000,0.0000,0.0000,-0.1732,0.0246,-177.7250,0.014,2323,0.0000,0.0000,0.1424,0,2,0.843
50.649,0,1,2,0.0000,0.0000,0.0252,0.1421,177.4503,0.0000,0.0000,0.0000,0.2213,0.2580,172.3746,0.011,2326,0.0000,0.0000,0.1443,0,2,0.878
50.751,0,1,2,0.0000,0.0000,0.0226,0.1406,177.4993,0.0000,0.0000,0.0000,-0.1732,0.0246,-177.7247,0.014,2329,0.0000,0.0000,0.1424,0,2,1.631
50.848,0,1,2,0.0000,0.0000,0.0226,0.1406,177.5006,0.0000,0.0000,0.0000,-0.1732,0.0246,-177.7246,0.046,2331,0.0000,0.0000,0.1424,0,2,1.654
50.949,0,1,2,0.0000,0.0000,0.0226,0.1406,177.4981,0.0000,0.0000,0.0000,-0.1732,0.0246,-177.7248,0.011,2335,0.0000,0.0000,0.1424,0,2,0.870
51.052,0,1,2,0.0000,0.0000,0.0227,0.1406,177.5009,0.0000,0.0000,0.0000,0.2213,0.2580,172.3746,0.037,2337,0.0000,0.0000,0.1424,0,2,0.897
51.149,0,1,2,0.0000,0.0000,0.0253,0.1422,177.4513,0.0000,0.0000,0.0000,0.2213,0.2580,172.3746,0.028,2340,0.0000,0.0000,0.1444,0,2,0.884
51.252,0,1,2,0.0000,0.0000,0.0252,0.1421,177.4515,0.0000,0.0000,0.0000,0.2213,0.2580,172.3746,0.010,2344,0.0000,0.0000,0.1444,0,2,0.821
51.349,0,1,2,0.0000,0.0000,0.0252,0.1421,177.4521,0.0000,0.0000,0.0000,-0.1732,0.0246,-177.7240,0.005,2347,0.0000,0.0000,0.1443,0,2,0.873
51.448,0,1,2,0.0000,0.0000,0.0252,0.1421,177.4519,0.0000,0.0000,0.0000,0.2213,0.2580,172.3746,0.014,2350,0.0000,0.0000,0.1443,0,2,0.868
51.550,0,1,2,0.0000,0.0000,0.0227,0.1406,177.5011,0.0000,0.0000,0.0000,-0.1732,0.0246,-177.7239,0.012,2353,0.0000,0.0000,0.1424,0,2,0.477
51.650,0,1,2,0.0000,0.0000,0.0252,0.1421,177.4515,0.0000,0.0000,0.0000,0.2213,0.2580,172.3746,0.015,2356,0.0000,0.0000,0.1443,0,2,1.642
51.748,0,1,2,0.0000,0.0000,0.0227,0.1406,177.4995,0.0000,0.0000,0.0000,-0.1732,0.0246,-177.7237,0.016,2359,0.0000,0.0000,0.1424,0,2,1.632
51.848,0,2,0,0.0000,0.0000,0.0253,0.1421,177.4488,0.0000,0.0000,0.0000,0.2213,0.2580,172.3746,0.016,2362,0.0148,0.0989,0.1443,0,2,1.639
51.952,0,2,0,0.0000,0.0000,0.0213,0.1349,177.5130,0.0000,0.0000,0.0000,-0.1732,0.0246,-177.7236,0.017,2365,0.0129,0.0992,0.1365,0,2,0.847
52.052,0,2,0,0.0000,0.0000,0.0187,0.1240,177.7779,0.0000,0.0000,0.0000,-0.0517,0.0221,-178.7463,0.020,2368,0.0122,0.0993,0.1254,0,2,1.627
52.150,0,2,0,0.0000,0.0000,0.0150,0.1136,177.8951,0.0000,0.0000,0.0000,-0.1726,0.0019,-177.5953,0.009,2371,0.0095,0.0912,0.1146,0,2,1.637
52.249,0,2,0,0.0000,0.0000,0.0141,0.1055,178.0201,0.0000,0.0000,0.0000,0.2287,0.2444,172.3581,0.034,2373,0.0090,0.0846,0.1064,0,2,1.633
52.349,0,2,0,0.0000,0.0000,0.0138,0.0976,178.3018,0.0000,0.0000,0.0000,-0.1687,-0.0185,-177.3602,0.016,2377,0.0089,0.0784,0.0986,0,2,0.713
52.449,0,2,0,0.0000,0.0000,0.0131,0.0899,178.3696,0.0000,0.0000,0.0000,-0.1639,-0.0346,-177.3046,0.017,2379,0.0085,0.0722,0.0909,0,2,0.735
52.548,0,2,0,0.0000,0.0000,0.0156,0.0848,178.4574,0.0000,0.0000,0.0000,0.2391,0.2276,172.4672,0.028,2382,0.0106,0.0681,0.0862,0,2,0.719
52.649,0,2,0,0.0000,0.0000,0.0119,0.0751,178.4146,0.0000,0.0000,0.0000,0.2340,0.2184,172.6515,0.013,2386,0.0079,0.0603,0.0761,0,2,0.726
52.753,0,2,1,0.6167,0.0000,0.0121,0.0697,178.5132,0.0000,0.0000,0.0000,0.2251,0.2101,172.6796,0.036,2388,-0.0996,0.0087,0.6086,0,2,0.732
52.848,0,2,1,0.6167,0.0000,0.0215,0.0684,178.6743,0.0000,0.0000,0.0000,0.2269,0.2049,172.7332,0.011,2392,-0.0996,0.0087,0.5991,0,2,1.644
52.950,0,2,1,0.6167,0.0000,0.0255,0.0620,178.8035,0.0000,0.0000,0.0000,-0.1496,-0.0773,-177.2502,0.014,2395,-0.0997,0.0077,0.5944,0,2,1.662
53.049,0,2,1,0.6167,0.0000,0.0311,0.0564,178.7841,0.0000,0.0000,0.0000,-0.0370,-0.0477,-177.5297,0.016,2398,-0.0998,0.0069,0.5882,0,2,1.662
53.148,0,2,1,0.6167,0.0000,0.0379,0.0522,178.8101,0.0000,0.0000,0.0000,-0.1313,-0.0757,-177.4462,0.007,2401,-0.0998,0.0063,0.5812,0,2,1.662
53.248,0,2,1,0.6167,0.0000,0.0418,0.0453,178.8650,0.0000,0.0000,0.0000,-0.0215,-0.0555,-177.4820,0.016,2404,-0.0999,0.0051,0.5767,0,2,1.688
53.348,0,2,1,0.6167,0.0000,0.0468,0.0401,178.9219,0.0000,0.0000,0.0000,-0.1098,-0.0765,-177.5302,0.016,2407,-0.0999,0.0043,0.5713,0,2,1.687
53.452,0,2,1,0.6167,0.0000,0.0545,0.0355,178.8841,0.0000,0.0000,0.0000,0.0061,-0.0495,-177.8380,0.019,2410,-0.0999,0.0036,0.5632,0,2,0.438
53.552,0,2,1,0.6167,0.0000,0.0588,0.0311,178.8499,0.0000,0.0000,0.0000,-0.0907,-0.0747,-177.6565,0.020,2413,-0.1000,0.0028,0.5588,0,2,1.745
53.649,0,2,1,0.6167,0.0000,0.0662,0.0282,178.7736,0.0000,0.0000,0.0000,-0.0852,-0.0730,-177.6725,0.047,2415,-0.1000,0.0024,0.5512,0,2,1.720
53.751,0,2,1,0.6167,0.0000,0.0712,0.0230,178.7082,0.0000,0.0000,0.0000,0.0233,-0.0592,-177.8462,0.014,2419,-0.1000,0.0015,0.5459,0,2,1.719
53.848,0,2,1,0.6167,0.0000,0.0787,0.0203,178.7936,0.0000,0.0000,0.0000,0.0322,-0.0636,-177.9535,0.007,2422,-0.1000,0.0010,0.5384,0,2,1.030
53.950,0,2,1,0.6167,0.0000,0.0858,0.0170,178.8654,0.0000,0.0000,0.0000,0.0538,-0.0482,-178.3637,0.048,2424,-0.1000,0.0005,0.5311,0,2,1.732
54.051,0,2,1,0.6167,0.0000,0.0915,0.0126,178.8457,0.0000,0.0000,0.0000,0.0625,-0.0547,-178.2039,0.016,2428,-0.1000,-0.0003,0.5253,0,2,0.412
54.150,0,2,1,0.6167,0.0000,0.0977,0.0095,178.8783,0.0000,0.0000,0.0000,-0.0329,-0.0708,-178.0127,0.016,2431,-0.1000,-0.0009,0.5191,0,2,1.734
54.251,0,2,1,0.6167,0.0000,0.1052,0.0067,178.8334,0.0000,0.0000,0.0000,0.0746,-0.0611,-178.0836,0.019,2434,-0.1000,-0.0014,0.5115,0,2,1.749
54.348,0,2,1,0.6167,0.0000,0.1116,0.0038,178.8676,0.0000,0.0000,0.0000,-0.0090,-0.0722,-178.1790,0.016,2437,-0.1000,-0.0020,0.5051,0,2,1.753
54.451,0,2,1,0.6167,0.0000,0.1204,0.0011,178.7765,0.0000,0.0000,0.0000,0.0879,-0.0685,-178.0285,0.018,2440,-0.1000,-0.0025,0.4962,0,2,1.752
54.549,0,2,1,0.6167,0.0000,0.1259,-0.0016,178.8097,0.0000,0.0000,0.0000,0.0083,-0.0711,-178.4214,0.017,2443,-0.1000,-0.0031,0.4908,0,2,1.749
54.649,0,2,1,0.6167,0.0000,0.1336,-0.0041,178.6864,0.0000,0.0000,0.0000,0.1031,-0.0728,-178.0157,0.016,2446,-0.0999,-0.0036,0.4831,0,2,1.747
54.750,0,2,1,0.6167,0.0000,0.1403,-0.0063,178.7375,0.0000,0.0000,0.0000,0.0252,-0.0645,-178.4576,0.018,2449,-0.0999,-0.0041,0.4764,0,2,1.749
54.849,0,2,1,0.6167,0.0000,0.1480,-0.0087,178.6835,0.0000,0.0000,0.0000,0.1178,-0.0778,-178.0341,0.014,2452,-0.0999,-0.0046,0.4688,0,2,1.751
54.949,0,2,1,0.6167,0.0000,0.1549,-0.0106,178.6474,0.0000,0.0000,0.0000,0.0459,-0.0647,-178.7022,0.018,2455,-0.0999,-0.0050,0.4619,0,2,1.740
55.049,0,2,1,0.6167,0.0000,0.1632,-0.0117,178.6114,0.0000,0.0000,0.0000,0.0529,-0.0630,-178.7268,0.051,2457,-0.0999,-0.0053,0.4536,0,2,1.712
55.150,0,2,1,0.6167,0.0000,0.1713,-0.0135,178.5861,0.0000,0.0000,0.0000,0.1500,-0.0714,-178.3598,0.042,2460,-0.0998,-0.0058,0.4456,0,2,1.685
55.250,0,2,1,0.6167,0.0000,0.1780,-0.0157,178.6756,0.0000,0.0000,0.0000,0.1589,-0.0740,-178.3296,0.018,2464,-0.0998,-0.0063,0.4390,0,2,0.420
55.350,0,2,1,0.6167,0.0000,0.1863,-0.0165,178.6823,0.0000,0.0000,0.0000,0.0818,-0.0540,-178.7769,0.007,2467,-0.0998,-0.0066,0.4306,0,2,0.411
55.448,0,2,1,0.6167,0.0000,0.1931,-0.0184,178.7859,0.0000,0.0000,0.0000,0.1734,-0.0778,-178.0704,0.013,2470,-0.0997,-0.0071,0.4240,0,2,1.676
55.549,0,2,1,0.6167,0.0000,0.2003,-0.0196,178.7493,0.0000,0.0000,0.0000,0.1021,-0.0535,-178.7685,0.019,2473,-0.0997,-0.0074,0.4169,0,2,1.674
55.649,0,2,1,0.6167,0.0000,0.2088,-0.0208,178.7734,0.0000,0.0000,0.0000,0.2058,-0.0660,-178.6381,0.017,2476,-0.0997,-0.0078,0.4084,0,2,1.352
55.750,0,2,1,0.6167,0.0000,0.2163,-0.0216,178.7209,0.0000,0.0000,0.0000,0.1237,-0.0534,-179.0261,0.017,2479,-0.0997,-0.0081,0.4009,0,2,1.648
55.849,0,2,1,0.6167,0.0000,0.2248,-0.0226,178.7702,0.0000,0.0000,0.0000,0.2156,-0.0719,-178.4266,0.011,2482,-0.0996,-0.0085,0.3925,0,2,1.636
55.951,0,2,1,0.6167,0.0000,0.2323,-0.0234,178.7475,0.0000,0.0000,0.0000,0.1442,-0.0555,-179.2047,0.022,2485,-0.0996,-0.0088,0.3850,0,2,1.645
56.049,0,2,1,0.6167,0.0000,0.2408,-0.0244,178.7421,0.0000,0.0000,0.0000,0.2277,-0.0764,-178.1814,0.016,2488,-0.0996,-0.0092,0.3766,0,2,0.390
56.150,0,2,1,0.6167,0.0000,0.2483,-0.0249,178.6674,0.0000,0.0000,0.0000,0.1608,-0.0483,-179.1976,0.015,2491,-0.0996,-0.0095,0.3692,0,2,1.608
56.252,0,2,1,0.6167,0.0000,0.2569,-0.0251,178.7019,0.0000,0.0000,0.0000,0.1677,-0.0460,-179.2805,0.049,2493,-0.0995,-0.0097,0.3606,0,2,1.610
56.350,0,2,1,0.6167,0.0000,0.2643,-0.0260,178.7276,0.0000,0.0000,0.0000,0.1801,-0.0452,-179.3414,0.018,2497,-0.0995,-0.0101,0.3533,0,2,1.590
56.452,0,2,1,0.6167,0.0000,0.2730,-0.0261,178.6345,0.0000,0.0000,0.0000,0.1863,-0.0429,-179.2758,0.052,2499,-0.0995,-0.0103,0.3446,0,2,1.587
56.549,0,2,1,0.6167,0.0000,0.2811,-0.0270,178.5823,0.0000,0.0000,0.0000,0.2004,-0.0468,-179.6054,0.008,2503,-0.0994,-0.0107,0.3366,0,2,1.579
56.652,0,2,1,0.6167,0.0000,0.2902,-0.0274,178.7505,0.0000,0.0000,0.0000,0.2836,-0.0711,-178.6171,0.011,2506,-0.0994,-0.0111,0.3276,0,2,1.572
56.751,0,2,1,0.6167,0.0000,0.2989,-0.0272,178.6762,0.0000,0.0000,0.0000,0.2883,-0.0720,-178.4344,0.046,2508,-0.0994,-0.0113,0.3189,0,2,1.559
56.850,0,2,1,0.6167,0.0000,0.3055,-0.0279,178.6074,0.0000,0.0000,0.0000,0.2929,-0.0767,-178.4200,0.016,2512,-0.0993,-0.0116,0.3125,0,2,1.546
56.952,0,2,1,0.6167,0.0000,0.3143,-0.0276,178.5729,0.0000,0.0000,0.0000,0.2369,-0.0323,-179.6854,0.020,2515,-0.0993,-0.0118,0.3036,0,2,1.549
57.049,0,2,1,0.6167,0.0000,0.3217,-0.0280,178.6385,0.0000,0.0000,0.0000,0.3029,-0.0809,-178.2770,0.017,2518,-0.0993,-0.0122,0.2963,0,2,1.534
57.149,0,2,1,0.6167,0.0000,0.3294,-0.0275,178.6639,0.0000,0.0000,0.0000,0.2553,-0.0277,-179.6000,0.017,2521,-0.0992,-0.0123,0.2885,0,2,1.501
57.250,0,2,1,0.6167,0.0000,0.3379,-0.0278,178.5637,0.0000,0.0000,0.0000,0.3151,-0.0822,-178.0696,0.021,2524,-0.0992,-0.0126,0.2802,0,2,1.502
57.349,0,2,1,0.6167,0.0000,0.3460,-0.0275,178.6098,0.0000,0.0000,0.0000,0.2810,-0.0346,179.8728,0.019,2527,-0.0992,-0.0128,0.2720,0,2,1.497
57.448,0,2,1,0.6167,0.0000,0.3548,-0.0275,178.5647,0.0000,0.0000,0.0000,0.3433,-0.0720,-178.4143,0.020,2530,-0.0991,-0.0132,0.2633,0,2,1.479
57.548,0,2,1,0.6167,0.0000,0.3629,-0.0269,178.5546,0.0000,0.0000,0.0000,0.2982,-0.0256,-179.9593,0.016,2533,-0.0991,-0.0133,0.2552,0,2,0.374
57.649,0,2,1,0.6167,0.0000,0.3717,-0.0263,178.5785,0.0000,0.0000,0.0000,0.3515,-0.0760,-178.2498,0.007,2536,-0.0991,-0.0134,0.2463,0,2,1.476
57.749,0,2,1,0.6167,0.0000,0.3794,-0.0262,178.6805,0.0000,0.0000,0.0000,0.3133,-0.0185,-179.9258,0.019,2539,-0.0991,-0.0137,0.2387,0,2,1.461
57.849,0,2,1,0.6167,0.0000,0.3881,-0.0256,178.5231,0.0000,0.0000,0.0000,0.3202,-0.0189,179.9880,0.040,2541,-0.0990,-0.0138,0.2300,0,2,1.444
57.950,0,2,1,0.6167,0.0000,0.3964,-0.0255,178.6588,0.0000,0.0000,0.0000,0.3652,-0.0789,-178.0302,0.046,2544,-0.0990,-0.0142,0.2218,0,2,1.435
58.050,0,2,1,0.6167,0.0000,0.4042,-0.0251,178.5848,0.0000,0.0000,0.0000,0.3877,-0.0711,-178.2820,0.018,2548,-0.0990,-0.0144,0.2139,0,2,1.428
58.148,0,2,1,0.6167,0.0000,0.4130,-0.0242,178.6525,0.0000,0.0000,0.0000,0.3511,-0.0080,179.9443,0.010,2551,-0.0989,-0.0145,0.2051,0,2,1.426
58.249,0,2,1,0.6167,0.0000,0.4208,-0.0237,178.6447,0.0000,0.0000,0.0000,0.3971,-0.0737,-178.0757,0.019,2554,-0.0989,-0.0147,0.1973,0,2,1.409
58.348,0,2,1,0.6167,0.0000,0.4301,-0.0257,178.6093,0.0000,0.0000,0.0000,0.4402,-0.2263,174.6095,0.016,2557,-0.0987,-0.0163,0.1884,0,2,1.396
58.449,0,2,1,0.6167,0.0000,0.4389,-0.0251,178.6364,0.0000,0.0000,0.0000,0.4235,-0.0645,-178.3001,0.017,2560,-0.0986,-0.0167,0.1795,0,2,1.390
58.549,0,2,1,0.6167,0.0000,0.4470,-0.0221,178.7407,0.0000,0.0000,0.0000,0.3796,0.1048,-177.5070,0.017,2563,-0.0988,-0.0156,0.1711,0,2,1.382
58.650,0,2,1,0.6167,0.0000,0.4556,-0.0215,178.7535,0.0000,0.0000,0.0000,0.4342,-0.0642,-177.9121,0.018,2566,-0.0987,-0.0159,0.1625,0,2,1.353
58.749,0,2,1,0.6167,0.0000,0.4656,-0.0261,178.5012,0.0000,0.0000,0.0000,0.4792,-0.2155,174.8180,0.017,2569,-0.0980,-0.0197,0.1533,0,2,1.354
58.849,0,2,1,0.6167,0.0000,0.4747,-0.0278,178.6101,0.0000,0.0000,0.0000,0.4417,-0.0658,-177.7678,0.018,2572,-0.0976,-0.0219,0.1446,0,2,1.346
58.949,0,2,1,0.6167,0.0000,0.4836,-0.0283,178.5236,0.0000,0.0000,0.0000,0.4311,0.0012,179.5599,0.019,2575,-0.0972,-0.0235,0.1361,0,2,1.335
59.050,0,2,1,0.6167,0.0000,0.4933,-0.0290,178.5291,0.0000,0.0000,0.0000,0.4727,-0.0538,-178.2814,0.002,2578,-0.0967,-0.0255,0.1267,0,2,1.326
59.149,0,2,1,0.6167,0.0000,0.5010,-0.0262,178.5551,0.0000,0.0000,0.0000,0.4538,-0.0030,179.4180,0.017,2581,-0.0919,-0.0235,0.1186,0,2,1.312
59.248,0,2,1,0.6167,0.0000,0.5106,-0.0249,178.4392,0.0000,0.0000,0.0000,0.5633,-0.0598,177.6112,0.030,2583,-0.0843,-0.0222,0.1089,0,2,1.312
59.349,0,2,1,0.6167,0.0000,0.5205,-0.0240,178.5637,0.0000,0.0000,0.0000,0.5716,-0.0501,177.6223,0.008,2587,-0.0764,-0.0213,0.0991,0,2,1.298
59.450,0,2,1,0.6167,0.0000,0.5282,-0.0226,178.5131,0.0000,0.0000,0.0000,0.5058,-0.0399,-178.3594,0.018,2590,-0.0702,-0.0200,0.0913,0,2,0.315
59.549,0,2,1,0.6167,0.0000,0.5372,-0.0213,178.4729,0.0000,0.0000,0.0000,0.6196,-0.0373,177.3730,0.007,2593,-0.0630,-0.0188,0.0822,0,2,1.281
59.651,0,2,1,0.6167,0.0000,0.5430,-0.0203,178.4933,0.0000,0.0000,0.0000,0.5115,-0.0381,-178.1362,0.023,2596,-0.0585,-0.0179,0.0764,0,2,1.269
59.749,0,2,1,0.6167,0.0000,0.5492,-0.0198,178.5264,0.0000,0.0000,0.0000,0.5980,-0.0420,177.6467,0.021,2599,0.0000,0.0000,0.0703,0,2,1.252
59.848,0,2,1,0.6167,0.0000,0.5499,-0.0202,178.5865,0.0000,0.0000,0.0000,0.5146,-0.0367,-177.9627,0.015,2602,0.0000,0.0000,0.0698,0,2,1.252
59.951,0,2,1,0.6167,0.0000,0.5510,-0.0208,178.6110,0.0000,0.0000,0.0000,0.6035,-0.0387,177.6960,0.020,2605,0.0000,0.0000,0.0689,0,2,0.153
60.048,0,2,1,0.6167,0.0000,0.5509,-0.0213,178.6700,0.0000,0.0000,0.0000,0.5163,-0.0361,-177.8867,0.018,2608,0.0000,0.0000,0.0691,0,2,1.269
60.148,0,2,1,0.6167,0.0000,0.5519,-0.0219,178.6828,0.0000,0.0000,0.0000,0.6035,-0.0387,177.6960,0.016,2611,0.0000,0.0000,0.0684,0,2,1.258
60.250,0,2,1,0.6167,0.0000,0.5517,-0.0224,178.7420,0.0000,0.0000,0.0000,0.5163,-0.0361,-177.8876,0.021,2614,0.0000,0.0000,0.0687,0,2,1.256
60.350,0,2,1,0.6167,0.0000,0.5526,-0.0230,178.7530,0.0000,0.0000,0.0000,0.6035,-0.0387,177.6960,0.021,2617,0.0000,0.0000,0.0681,0,2,1.253
60.451,0,2,1,0.6167,0.0000,0.5522,-0.0234,178.8088,0.0000,0.0000,0.0000,0.5163,-0.0361,-177.8876,0.009,2620,0.0000,0.0000,0.0686,0,2,1.254
60.550,0,2,1,0.6167,0.0000,0.5523,-0.0238,178.8313,0.0000,0.0000,0.0000,0.6035,-0.0387,177.6960,0.002,2623,0.0000,0.0000,0.0686,0,2,1.272
60.649,0,2,1,0.6167,0.0000,0.5532,-0.0243,178.8392,0.0000,0.0000,0.0000,0.5163,-0.0360,-177.8861,0.008,2626,0.0000,0.0000,0.0680,0,2,1.264
60.750,0,2,1,0.6167,0.0000,0.5529,-0.0248,178.8936,0.0000,0.0000,0.0000,0.5163,-0.0360,-177.8857,0.053,2628,0.0000,0.0000,0.0684,1,3,1.260
60.849,0,2,1,0.6167,0.0000,0.5537,-0.0253,178.9014,0.0000,0.0000,0.0000,0.5163,-0.0361,-177.8863,0.006,2632,0.0000,0.0000,0.0678,1,3,1.266
60.949,0,2,1,0.6167,0.0000,0.5540,-0.0259,178.9415,0.0000,0.0000,0.0000,0.6035,-0.0387,177.6960,0.019,2635,0.0000,0.0000,0.0678,1,3,1.254
61.051,0,2,1,0.6167,0.0000,0.5536,-0.0263,178.9938,0.0000,0.0000,0.0000,0.5163,-0.0360,-177.8851,0.021,2638,0.0000,0.0000,0.0683,1,3,1.253
61.151,0,2,1,0.6167,0.0000,0.5544,-0.0267,179.0028,0.0000,0.0000,0.0000,0.6035,-0.0387,177.6962,0.019,2641,0.0000,0.0000,0.0677,1,3,1.265
61.250,0,2,1,0.6167,0.0000,0.5540,-0.0271,179.0534,0.0000,0.0000,0.0000,0.5163,-0.0360,-177.8839,0.020,2644,0.0000,0.0000,0.0682,1,3,1.262
61.349,0,2,1,0.6167,0.0000,0.5548,-0.0275,179.0608,0.0000,0.0000,0.0000,0.6035,-0.0387,177.6999,0.020,2647,0.0000,0.0000,0.0677,1,3,1.252
61.449,0,2,1,0.6167,0.0000,0.5544,-0.0278,179.1133,0.0000,0.0000,0.0000,0.5163,-0.0360,-177.8825,0.020,2650,0.0000,0.0000,0.0682,1,3,1.256
61.550,0,2,1,0.6167,0.0000,0.5551,-0.0282,179.1198,0.0000,0.0000,0.0000,0.6035,-0.0387,177.7036,0.019,2653,0.0000,0.0000,0.0677,1,3,1.253
61.650,0,2,1,0.6167,0.0000,0.5547,-0.0285,179.1692,0.0000,0.0000,0.0000,0.5164,-0.0359,-177.8800,0.020,2656,0.0000,0.0000,0.0682,1,3,1.267
61.750,0,2,1,0.6167,0.0000,0.5555,-0.0289,179.1740,0.0000,0.0000,0.0000,0.6035,-0.0387,177.7077,0.017,2659,0.0000,0.0000,0.0677,1,3,1.254
61.850,0,2,1,0.6167,0.0000,0.5556,-0.0291,179.1921,0.0000,0.0000,0.0000,0.6035,-0.0387,177.7108,0.046,2661,0.0000,0.0000,0.0677,1,3,1.257
61.951,0,2,1,0.6167,0.0000,0.5551,-0.0294,179.2390,0.0000,0.0000,0.0000,0.5164,-0.0359,-177.8785,0.040,2664,0.0000,0.0000,0.0682,1,3,1.258
62.051,0,2,1,0.6167,0.0000,0.5554,-0.0298,179.2688,0.0000,0.0000,0.0000,0.5164,-0.0359,-177.8772,0.012,2668,0.0000,0.0000,0.0682,1,3,1.261
62.149,0,2,1,0.6167,0.0000,0.5560,-0.0301,179.2699,0.0000,0.0000,0.0000,0.6035,-0.0387,177.7109,0.008,2671,0.0000,0.0000,0.0677,1,3,1.263
62.250,0,2,1,0.6167,0.0000,0.5557,-0.0304,179.3132,0.0000,0.0000,0.0000,0.5164,-0.0358,-177.8763,0.011,2674,0.0000,0.0000,0.0682,1,3,1.263
62.350,0,2,1,0.6167,0.0000,0.5564,-0.0307,179.3110,0.0000,0.0000,0.0000,0.6035,-0.0387,177.7139,0.020,2677,0.0000,0.0000,0.0677,1,3,1.263
62.450,0,2,1,0.6167,0.0000,0.5559,-0.0309,179.3559,0.0000,0.0000,0.0000,0.5164,-0.0358,-177.8763,0.019,2680,0.0000,0.0000,0.0682,1,3,1.266
62.550,0,2,1,0.6167,0.0000,0.5566,-0.0312,179.3539,0.0000,0.0000,0.0000,0.6035,-0.0387,177.7139,0.021,2683,0.0000,0.0000,0.0677,1,3,1.269
62.650,0,2,1,0.6167,0.0000,0.5562,-0.0314,179.3971,0.0000,0.0000,0.0000,0.5164,-0.0358,-177.8745,0.021,2686,0.0000,0.0000,0.0681,1,3,1.260
62.749,0,2,1,0.6167,0.0000,0.5569,-0.0316,179.3941,0.0000,0.0000,0.0000,0.6035,-0.0387,177.7139,0.018,2689,0.0000,0.0000,0.0677,1,3,1.259
62.850,0,2,1,0.6167,0.0000,0.5564,-0.0318,179.4366,0.0000,0.0000,0.0000,0.5164,-0.0358,-177.8759,0.018,2692,0.0000,0.0000,0.0681,1,3,1.263
62.950,0,2,1,0.6167,0.0000,0.5571,-0.0321,179.4343,0.0000,0.0000,0.0000,0.6035,-0.0387,177.7139,0.019,2695,0.0000,0.0000,0.0676,1,3,1.258
63.049,0,2,1,0.6167,0.0000,0.5572,-0.0322,179.4473,0.0000,0.0000,0.0000,0.6035,-0.0387,177.7139,0.058,2697,0.0000,0.0000,0.0676,1,3,1.275
63.150,0,2,1,0.6167,0.0000,0.5573,-0.0325,179.4703,0.0000,0.0000,0.0000,0.6035,-0.0387,177.7139,0.020,2701,0.0000,0.0000,0.0677,1,3,1.264
63.252,0,2,1,0.6167,0.0000,0.5574,-0.0326,179.4853,0.0000,0.0000,0.0000,0.6035,-0.0387,177.7139,0.059,2703,0.0000,0.0000,0.0677,1,3,1.269
63.350,0,2,1,0.6167,0.0000,0.5575,-0.0328,179.5076,0.0000,0.0000,0.0000,0.5164,-0.0358,-177.8755,0.011,2707,0.0000,0.0000,0.0677,1,3,1.263
63.449,0,2,1,0.6167,0.0000,0.5570,-0.0330,179.5446,0.0000,0.0000,0.0000,0.5164,-0.0358,-177.8755,0.011,2710,0.0000,0.0000,0.0682,1,3,1.255
63.550,0,2,1,0.6167,0.0000,0.5571,-0.0331,179.5576,0.0000,0.0000,0.0000,0.5164,-0.0357,-177.8754,0.048,2712,0.0000,0.0000,0.0681,1,3,1.280
63.650,0,2,1,0.6167,0.0000,0.5572,-0.0333,179.5760,0.0000,0.0000,0.0000,0.5164,-0.0357,-177.8753,0.018,2716,0.0000,0.0000,0.0681,1,3,1.254
63.750,0,2,1,0.6167,0.0000,0.5579,-0.0335,179.5668,0.0000,0.0000,0.0000,0.6035,-0.0387,177.7174,0.022,2719,0.0000,0.0000,0.0676,1,3,1.253
63.849,0,2,1,0.6167,0.0000,0.5574,-0.0336,179.6008,0.0000,0.0000,0.0000,0.5164,-0.0357,-177.8743,0.020,2722,0.0000,0.0000,0.0681,1,3,1.262
63.950,0,2,1,0.6167,0.0000,0.5580,-0.0338,179.5912,0.0000,0.0000,0.0000,0.6035,-0.0387,177.7174,0.021,2725,0.0000,0.0000,0.0676,1,3,1.260
64.048,0,2,1,0.6167,0.0000,0.5575,-0.0339,179.6281,0.0000,0.0000,0.0000,0.5164,-0.0357,-177.8747,0.021,2728,0.0000,0.0000,0.0681,1,3,1.256
64.150,0,2,1,0.6167,0.0000,0.5582,-0.0340,179.6190,0.0000,0.0000,0.0000,0.6035,-0.0387,177.7174,0.018,2731,0.0000,0.0000,0.0676,1,3,1.256
64.251,0,2,1,0.6167,0.0000,0.5577,-0.0341,179.6537,0.0000,0.0000,0.0000,0.5164,-0.0357,-177.8756,0.023,2734,0.0000,0.0000,0.0681,1,3,1.266
64.349,0,2,1,0.6167,0.0000,0.5583,-0.0343,179.6423,0.0000,0.0000,0.0000,0.6035,-0.0387,177.7174,0.023,2737,0.0000,0.0000,0.0676,1,3,1.251
64.450,0,2,1,0.6167,0.0000,0.5584,-0.0343,179.6525,0.0000,0.0000,0.0000,0.6035,-0.0387,177.7174,0.056,2739,0.0000,0.0000,0.0676,1,3,1.270
64.549,0,2,1,0.6167,0.0000,0.5585,-0.0345,179.6678,0.0000,0.0000,0.0000,0.6035,-0.0387,177.7174,0.018,2743,0.0000,0.0000,0.0676,1,3,1.266
64.650,0,2,1,0.6167,0.0000,0.5585,-0.0346,179.6769,0.0000,0.0000,0.0000,0.5164,-0.0357,-177.8739,0.051,2745,0.0000,0.0000,0.0677,1,3,1.260
64.749,0,2,1,0.6167,0.0000,0.5580,-0.0346,179.7114,0.0000,0.0000,0.0000,0.5164,-0.0357,-177.8751,0.041,2748,0.0000,0.0000,0.0681,1,3,1.281
64.849,0,2,1,0.6167,0.0000,0.5581,-0.0348,179.7228,0.0000,0.0000,0.0000,0.5164,-0.0357,-177.8739,0.020,2752,0.0000,0.0000,0.0681,1,3,1.262
64.950,0,2,1,0.6167,0.0000,0.5587,-0.0349,179.7099,0.0000,0.0000,0.0000,0.6035,-0.0387,177.7205,0.012,2755,0.0000,0.0000,0.0676,1,3,1.250
65.050,0,2,1,0.6167,0.0000,0.5582,-0.0350,179.7408,0.0000,0.0000,0.0000,0.5164,-0.0357,-177.8742,0.023,2758,0.0000,0.0000,0.0681,1,3,1.276
65.150,0,2,1,0.6167,0.0000,0.5588,-0.0351,179.7299,0.0000,0.0000,0.0000,0.6035,-0.0387,177.7205,0.018,2761,0.0000,0.0000,0.0676,1,3,1.275
65.249,0,2,1,0.6167,0.0000,0.5583,-0.0351,179.7629,0.0000,0.0000,0.0000,0.5164,-0.0357,-177.8748,0.019,2764,0.0000,0.0000,0.0681,1,3,1.265
65.350,0,2,1,0.6167,0.0000,0.5589,-0.0352,179.7514,0.0000,0.0000,0.0000,0.6035,-0.0387,177.7205,0.021,2767,0.0000,0.0000,0.0676,1,3,1.268
65.449,0,2,1,0.6167,0.0000,0.5584,-0.0353,179.7810,0.0000,0.0000,0.0000,0.5164,-0.0357,-177.8742,0.018,2770,0.0000,0.0000,0.0681,1,3,1.266
65.549,0,2,1,0.6167,0.0000,0.5590,-0.0354,179.7591,0.0000,0.0000,0.0000,0.6035,-0.0387,177.7205,0.025,2773,0.0000,0.0000,0.0676,1,3,1.276
65.649,0,2,1,0.6167,0.0000,0.5585,-0.0354,179.7874,0.0000,0.0000,0.0000,0.5164,-0.0357,-177.8740,0.020,2776,0.0000,0.0000,0.0681,1,3,1.269
65.750,0,2,1,0.6167,0.0000,0.5591,-0.0355,179.7717,0.0000,0.0000,0.0000,0.6035,-0.0387,177.7205,0.023,2779,0.0000,0.0000,0.0676,1,3,1.263
65.851,0,2,1,0.6167,0.0000,0.5591,-0.0356,179.7795,0.0000,0.0000,0.0000,0.6035,-0.0387,177.7205,0.053,2781,0.0000,0.0000,0.0676,1,3,1.265
65.950,0,2,1,0.6167,0.0000,0.5592,-0.0356,179.7881,0.0000,0.0000,0.0000,0.6035,-0.0387,177.7205,0.023,2785,0.0000,0.0000,0.0676,1,3,1.270
66.050,0,2,1,0.6167,0.0000,0.5592,-0.0357,179.7935,0.0000,0.0000,0.0000,0.6035,-0.0387,177.7205,0.033,2787,0.0000,0.0000,0.0676,1,3,1.254
66.150,0,2,1,0.6167,0.0000,0.5593,-0.0358,179.8013,0.0000,0.0000,0.0000,0.6035,-0.0387,177.7205,0.008,2791,0.0000,0.0000,0.0676,1,3,1.272
66.249,0,2,1,0.6167,0.0000,0.5587,-0.0358,179.8313,0.0000,0.0000,0.0000,0.5164,-0.0356,-177.8741,0.018,2794,0.0000,0.0000,0.0681,1,3,1.275
66.349,0,2,1,0.6167,0.0000,0.5593,-0.0359,179.8148,0.0000,0.0000,0.0000,0.6035,-0.0387,177.7205,0.010,2797,0.0000,0.0000,0.0676,1,3,1.263
66.451,0,2,1,0.6167,0.0000,0.5588,-0.0359,179.8428,0.0000,0.0000,0.0000,0.5164,-0.0356,-177.8741,0.021,2800,0.0000,0.0000,0.0681,1,3,1.268
66.549,0,2,1,0.6167,0.0000,0.5594,-0.0360,179.8283,0.0000,0.0000,0.0000,0.6035,-0.0387,177.7205,0.015,2803,0.0000,0.0000,0.0676,1,3,1.275
66.650,0,2,1,0.6167,0.0000,0.5589,-0.0360,179.8562,0.0000,0.0000,0.0000,0.5165,-0.0356,-177.8743,0.021,2806,0.0000,0.0000,0.0681,1,3,1.274
66.750,0,2,1,0.6167,0.0000,0.5595,-0.0361,179.8397,0.0000,0.0000,0.0000,0.6035,-0.0387,177.7205,0.018,2809,0.0000,0.0000,0.0676,1,3,1.261
66.848,0,2,1,0.6167,0.0000,0.5589,-0.0361,179.8669,0.0000,0.0000,0.0000,0.5165,-0.0357,-177.8754,0.018,2812,0.0000,0.0000,0.0681,1,3,1.266
66.949,0,2,1,0.6167,0.0000,0.5595,-0.0362,179.8515,0.0000,0.0000,0.0000,0.6035,-0.0387,177.7205,0.019,2815,0.0000,0.0000,0.0676,1,3,1.267
67.050,0,2,1,0.6167,0.0000,0.5590,-0.0362,179.8788,0.0000,0.0000,0.0000,0.5165,-0.0356,-177.8749,0.021,2818,0.0000,0.0000,0.0681,1,3,1.265
67.149,0,2,1,0.6167,0.0000,0.5596,-0.0362,179.8623,0.0000,0.0000,0.0000,0.6035,-0.0387,177.7205,0.016,2821,0.0000,0.0000,0.0676,1,3,1.267
67.249,0,2,1,0.6167,0.0000,0.5596,-0.0363,179.8673,0.0000,0.0000,0.0000,0.6035,-0.0387,177.7205,0.049,2823,0.0000,0.0000,0.0676,1,3,1.257
67.349,0,2,1,0.6167,0.0000,0.5590,-0.0363,179.8962,0.0000,0.0000,0.0000,0.6035,-0.0387,177.7205,0.010,2827,0.0000,0.0000,0.0681,1,3,1.269
67.450,0,2,1,0.6167,0.0000,0.5591,-0.0363,179.9041,0.0000,0.0000,0.0000,0.5164,-0.0356,-177.8749,0.009,2830,0.0000,0.0000,0.0681,1,3,1.258
67.550,0,2,1,0.6167,0.0000,0.5591,-0.0363,179.9093,0.0000,0.0000,0.0000,0.5165,-0.0356,-177.8741,0.052,2832,0.0000,0.0000,0.0681,1,3,1.266
67.649,0,2,1,0.6167,0.0000,0.5591,-0.0364,179.9125,0.0000,0.0000,0.0000,0.5165,-0.0356,-177.8737,0.019,2836,0.0000,0.0000,0.0681,1,3,1.262
67.750,0,2,1,0.6167,0.0000,0.5597,-0.0364,179.8920,0.0000,0.0000,0.0000,0.6035,-0.0387,177.7205,0.023,2839,0.0000,0.0000,0.0676,1,3,1.257
67.849,0,2,1,0.6167,0.0000,0.5592,-0.0364,179.9181,0.0000,0.0000,0.0000,0.5164,-0.0356,-177.8749,0.020,2842,0.0000,0.0000,0.0681,1,3,1.259
67.950,0,2,1,0.6167,0.0000,0.5598,-0.0365,179.9014,0.0000,0.0000,0.0000,0.6035,-0.0387,177.7205,0.019,2845,0.0000,0.0000,0.0676,1,3,1.270
68.049,0,2,1,0.6167,0.0000,0.5592,-0.0365,179.9302,0.0000,0.0000,0.0000,0.5164,-0.0356,-177.8749,0.021,2848,0.0000,0.0000,0.0681,1,3,1.277
68.149,0,2,1,0.6167,0.0000,0.5598,-0.0365,179.9110,0.0000,0.0000,0.0000,0.6035,-0.0387,177.7205,0.018,2851,0.0000,0.0000,0.0676,1,3,1.254
68.248,0,3,0,0.6167,0.0000,0.5592,-0.0365,179.9372,0.0000,0.0000,0.0000,0.5165,-0.0356,-177.8747,0.018,2854,-0.0451,-0.0305,0.0681,1,3,1.262
68.353,0,3,1,0.6167,0.6167,0.5627,-0.0346,179.8898,0.0000,0.0000,0.0000,0.6035,-0.0387,177.7205,0.024,2857,-0.0055,-0.0998,0.6535,1,3,1.260
68.449,0,3,1,0.6167,0.6167,0.5639,-0.0263,179.5295,0.0000,0.0000,0.0000,0.5156,-0.0363,-177.9462,0.020,2860,-0.0055,-0.0999,0.6451,1,3,1.260
68.550,0,3,1,0.6167,0.6167,0.5649,-0.0166,179.2475,0.0000,0.0000,0.0000,0.6016,-0.0117,177.6508,0.010,2863,-0.0054,-0.0999,0.6354,1,3,1.255
68.651,0,3,1,0.6167,0.6167,0.5655,-0.0066,179.3065,0.0000,0.0000,0.0000,0.5984,0.0148,177.8045,0.058,2865,-0.0055,-0.0999,0.6253,1,3,1.249
68.749,0,3,1,0.6167,0.6167,0.5655,0.0025,179.0493,0.0000,0.0000,0.0000,0.5257,-0.0077,-178.6364,0.046,2868,-0.0056,-0.0998,0.6163,1,3,1.253
68.849,0,3,1,0.6167,0.6167,0.5659,0.0143,178.6894,0.0000,0.0000,0.0000,0.5180,0.0015,-178.8533,0.018,2872,-0.0057,-0.0998,0.6045,1,3,1.265
68.950,0,3,1,0.6167,0.6167,0.5665,0.0260,178.7337,0.0000,0.0000,0.0000,0.5873,0.0959,178.0809,0.013,2875,-0.0057,-0.0998,0.5928,1,3,1.261
69.049,0,3,1,0.6167,0.6167,0.5661,0.0364,178.6681,0.0000,0.0000,0.0000,0.5110,0.0191,-178.9173,0.020,2878,-0.0060,-0.0998,0.5824,1,3,1.254
69.150,0,3,1,0.6167,0.6167,0.5667,0.0484,178.4785,0.0000,0.0000,0.0000,0.5828,0.1366,178.3468,0.016,2881,-0.0060,-0.0998,0.5704,1,3,1.253
69.248,0,3,1,0.6167,0.6167,0.5662,0.0592,178.5476,0.0000,0.0000,0.0000,0.5158,0.0415,-179.4699,0.016,2884,-0.0063,-0.0998,0.5597,1,3,1.261
69.350,0,3,1,0.6167,0.6167,0.5667,0.0717,178.5957,0.0000,0.0000,0.0000,0.5788,0.1745,178.5876,0.021,2887,-0.0064,-0.0998,0.5473,1,3,1.249
69.450,0,3,1,0.6167,0.6167,0.5665,0.0815,178.5178,0.0000,0.0000,0.0000,0.5104,0.0605,-179.1125,0.023,2890,-0.0066,-0.0998,0.5375,1,3,1.261
69.550,0,3,1,0.6167,0.6167,0.5676,0.0921,178.5271,0.0000,0.0000,0.0000,0.5950,0.1238,177.1251,0.020,2893,-0.0066,-0.0998,0.5269,1,3,1.244
69.650,0,3,1,0.6167,0.6167,0.5677,0.1021,178.4269,0.0000,0.0000,0.0000,0.5194,0.0845,-179.4769,0.020,2896,-0.0068,-0.0998,0.5169,1,3,1.262
69.749,0,3,1,0.6167,0.6167,0.5686,0.1129,178.3722,0.0000,0.0000,0.0000,0.5954,0.1502,177.2631,0.019,2899,-0.0068,-0.0998,0.5061,1,3,1.238
69.849,0,3,1,0.6167,0.6167,0.5691,0.1232,178.4588,0.0000,0.0000,0.0000,0.5948,0.1623,177.2736,0.047,2901,-0.0069,-0.0998,0.4958,1,3,1.253
69.949,0,3,1,0.6167,0.6167,0.5692,0.1339,178.3549,0.0000,0.0000,0.0000,0.5940,0.1807,177.4483,0.019,2905,-0.0071,-0.0998,0.4851,1,3,1.247
70.050,0,3,1,0.6167,0.6167,0.5695,0.1433,178.5401,0.0000,0.0000,0.0000,0.5035,0.1198,-179.2829,0.002,2908,-0.0072,-0.0997,0.4757,1,3,1.264
70.150,0,3,1,0.6167,0.6167,0.5694,0.1551,178.5968,0.0000,0.0000,0.0000,0.5938,0.2108,177.5634,0.002,2911,-0.0075,-0.0997,0.4640,1,3,1.259
70.250,0,3,1,0.6167,0.6167,0.5690,0.1676,178.5994,0.0000,0.0000,0.0000,0.5124,0.1450,-179.4006,0.013,2915,-0.0078,-0.0997,0.4516,1,3,1.249
70.351,0,3,1,0.6167,0.6167,0.5658,0.1810,178.5159,0.0000,0.0000,0.0000,0.5573,0.3503,177.0912,0.010,2919,-0.0089,-0.0996,0.4387,1,3,1.254
70.449,0,3,1,0.6167,0.6167,0.5590,0.1908,178.7888,0.0000,0.0000,0.0000,0.2408,0.0355,-171.5864,0.016,2924,-0.0107,-0.0994,0.4298,1,3,1.257
70.549,0,3,1,0.6167,0.6167,0.5571,0.2047,178.6913,0.0000,0.0000,0.0000,0.5648,0.3646,177.2412,0.008,2929,-0.0116,-0.0993,0.4163,1,3,1.248
70.650,0,3,1,0.6167,0.6167,0.5513,0.2143,178.7586,0.0000,0.0000,0.0000,0.2588,0.0730,-172.3624,0.018,2933,-0.0133,-0.0991,0.4077,1,3,1.253
70.749,0,3,1,0.6167,0.6167,0.5506,0.2286,178.6878,0.0000,0.0000,0.0000,0.5658,0.3881,176.7085,0.016,2938,-0.0141,-0.0990,0.3936,1,3,1.254
70.850,0,3,1,0.6167,0.6167,0.5459,0.2384,178.8881,0.0000,0.0000,0.0000,0.2699,0.1084,-173.0970,0.008,2942,-0.0157,-0.0988,0.3848,1,3,1.249
70.950,0,3,1,0.6167,0.6167,0.5455,0.2506,178.8513,0.0000,0.0000,0.0000,0.5882,0.3382,177.8560,0.017,2946,-0.0164,-0.0986,0.3729,1,3,1.255
71.048,0,3,1,0.6167,0.6167,0.5422,0.2615,178.9044,0.0000,0.0000,0.0000,0.2953,0.1472,-173.9991,0.016,2951,-0.0179,-0.0984,0.3629,1,3,1.240
71.148,0,3,1,0.6167,0.6167,0.5426,0.2740,178.8684,0.0000,0.0000,0.0000,0.5826,0.4178,176.9588,0.006,2956,-0.0185,-0.0983,0.3505,1,3,1.241
71.252,0,3,1,0.6167,0.6167,0.5436,0.2880,178.5811,0.0000,0.0000,0.0000,0.3115,0.1831,-174.7850,0.002,2960,-0.0190,-0.0982,0.3367,1,3,1.237
71.349,0,3,1,0.6167,0.6167,0.5423,0.3009,178.6465,0.0000,0.0000,0.0000,0.5933,0.4315,176.8681,0.008,2965,-0.0203,-0.0979,0.3244,1,3,1.241
71.449,0,3,1,0.6167,0.6167,0.5426,0.3111,178.7551,0.0000,0.0000,0.0000,0.3291,0.2195,-175.7406,0.008,2969,-0.0209,-0.0978,0.3144,1,3,1.233
71.550,0,3,1,0.6167,0.6167,0.5412,0.3224,178.7206,0.0000,0.0000,0.0000,0.3298,0.2240,-175.4941,0.039,2972,-0.0222,-0.0975,0.3038,1,3,1.227
71.649,0,3,1,0.6167,0.6167,0.5407,0.3354,178.7174,0.0000,0.0000,0.0000,0.3255,0.2333,-175.5214,0.014,2978,-0.0234,-0.0972,0.2914,1,3,0.320
71.749,0,3,1,0.6167,0.6167,0.5432,0.3499,178.5070,0.0000,0.0000,0.0000,0.5829,0.4840,175.7233,0.011,2983,-0.0239,-0.0971,0.2767,1,3,1.223
71.850,0,3,1,0.6167,0.6167,0.5424,0.3606,178.7532,0.0000,0.0000,0.0000,0.3567,0.2747,-176.5760,0.014,2987,-0.0252,-0.0968,0.2666,1,3,1.221
71.950,0,3,1,0.6167,0.6167,0.5451,0.3747,178.6812,0.0000,0.0000,0.0000,0.5922,0.4996,175.8646,0.010,2992,-0.0257,-0.0966,0.2523,1,3,1.220
72.048,0,3,1,0.6167,0.6167,0.5449,0.3845,178.7306,0.0000,0.0000,0.0000,0.3812,0.3078,-177.3190,0.015,2996,-0.0269,-0.0963,0.2430,1,3,1.207
72.149,0,3,1,0.6167,0.6167,0.5485,0.3994,178.6998,0.0000,0.0000,0.0000,0.6023,0.5139,175.9188,0.005,3001,-0.0273,-0.0962,0.2277,1,3,1.213
72.249,0,3,1,0.6167,0.6167,0.5487,0.4088,178.6163,0.0000,0.0000,0.0000,0.3964,0.3348,-177.5421,0.016,3005,-0.0285,-0.0959,0.2187,1,3,1.226
72.348,0,3,1,0.6167,0.6167,0.5518,0.4218,178.5362,0.0000,0.0000,0.0000,0.5927,0.5411,178.0145,0.022,3009,-0.0290,-0.0957,0.2054,1,3,1.200
72.451,0,3,1,0.6167,0.6167,0.5539,0.4343,178.3745,0.0000,0.0000,0.0000,0.6164,0.5340,175.9638,0.010,3014,-0.0300,-0.0954,0.1929,1,3,1.205
72.550,0,3,1,0.6167,0.6167,0.5579,0.4480,178.4079,0.0000,0.0000,0.0000,0.6235,0.5437,175.9437,0.010,3019,-0.0303,-0.0953,0.1786,1,3,1.195
72.649,0,3,1,0.6167,0.6167,0.5605,0.4582,178.3961,0.0000,0.0000,0.0000,0.6253,0.5490,176.0158,0.033,3022,-0.0308,-0.0951,0.1681,1,3,1.207
72.750,0,3,1,0.6167,0.6167,0.5637,0.4719,178.2647,0.0000,0.0000,0.0000,0.6343,0.5584,175.9356,0.013,3028,-0.0318,-0.0948,0.1541,1,3,1.195
72.848,0,3,1,0.6167,0.6167,0.5665,0.4820,178.1965,0.0000,0.0000,0.0000,0.5971,0.6091,178.0314,0.030,3031,-0.0323,-0.0946,0.1437,1,3,1.193
72.948,0,3,1,0.6167,0.6167,0.5689,0.4936,178.3548,0.0000,0.0000,0.0000,0.6395,0.5753,176.1724,0.005,3037,-0.0336,-0.0942,0.1320,1,3,1.183
73.048,0,3,1,0.6167,0.6167,0.5720,0.5047,178.3720,0.0000,0.0000,0.0000,0.4641,0.4401,-179.3708,0.014,3041,-0.0333,-0.0905,0.1205,1,3,1.179
73.152,0,3,1,0.6167,0.6167,0.5767,0.5169,178.2949,0.0000,0.0000,0.0000,0.6470,0.5864,176.1846,0.012,3045,-0.0307,-0.0820,0.1075,1,3,1.174
73.250,0,3,1,0.6167,0.6167,0.5791,0.5271,178.4429,0.0000,0.0000,0.0000,0.4779,0.4625,-179.6632,0.013,3050,-0.0281,-0.0724,0.0971,1,3,1.176
73.350,0,3,1,0.6167,0.6167,0.5833,0.5381,178.2957,0.0000,0.0000,0.0000,0.6596,0.6052,176.2114,0.010,3055,-0.0258,-0.0647,0.0854,1,3,1.168
73.449,0,3,1,0.6167,0.6167,0.5848,0.5448,178.3372,0.0000,0.0000,0.0000,0.4912,0.4809,-179.7779,0.018,3059,-0.0239,-0.0582,0.0786,1,3,1.176
73.551,0,3,2,0.0000,0.6167,0.5877,0.5536,178.3501,0.0000,0.0000,0.0000,0.6104,0.6910,178.4058,0.019,3063,0.0997,-0.0079,0.5911,1,3,1.162
73.651,0,3,2,0.0000,0.6167,0.5830,0.5569,178.3909,0.0000,0.0000,0.0000,0.6267,0.6641,173.9479,0.003,3068,0.0997,-0.0075,0.5861,1,3,1.162
73.749,0,3,2,0.0000,0.6167,0.5754,0.5630,178.2696,0.0000,0.0000,0.0000,0.6264,0.6645,173.9690,0.013,3072,0.0998,-0.0066,0.5779,1,3,1.168
73.849,0,3,2,0.0000,0.6167,0.5645,0.5652,178.1057,0.0000,0.0000,0.0000,0.6171,0.6684,173.9158,0.010,3077,0.0998,-0.0064,0.5668,1,3,1.157
73.949,0,3,2,0.0000,0.6167,0.5557,0.5708,178.1250,0.0000,0.0000,0.0000,0.6077,0.6656,174.0116,0.006,3082,0.0998,-0.0055,0.5576,1,3,1.153
74.048,0,3,2,0.0000,0.6167,0.5464,0.5746,178.1036,0.0000,0.0000,0.0000,0.6030,0.6659,174.1079,0.047,3085,0.0999,-0.0050,0.5481,1,3,1.157
74.149,0,3,2,0.0000,0.6167,0.5355,0.5763,178.2627,0.0000,0.0000,0.0000,0.5891,0.6679,174.2248,0.003,3091,0.0999,-0.0048,0.5370,1,3,1.152
74.248,0,3,2,0.0000,0.6167,0.5264,0.5813,178.2198,0.0000,0.0000,0.0000,0.4377,0.4957,-179.7338,0.008,3095,0.0999,-0.0040,0.5275,1,3,1.160
74.352,0,3,2,0.0000,0.6167,0.5148,0.5837,178.1950,0.0000,0.0000,0.0000,0.5703,0.6678,174.3982,0.014,3099,0.0999,-0.0037,0.5159,1,3,1.148
74.448,0,3,2,0.0000,0.6167,0.5050,0.5864,178.2476,0.0000,0.0000,0.0000,0.4148,0.4957,-179.7221,0.015,3104,0.0999,-0.0033,0.5059,1,3,1.150
74.549,0,3,2,0.0000,0.6167,0.4952,0.5900,178.3316,0.0000,0.0000,0.0000,0.5516,0.6689,174.5446,0.008,3109,0.1000,-0.0027,0.4959,1,3,1.143
74.648,0,3,2,0.0000,0.6167,0.4845,0.5917,178.2805,0.0000,0.0000,0.0000,0.3886,0.4927,-179.3608,0.017,3113,0.1000,-0.0024,0.4852,1,3,1.142
74.749,0,3,2,0.0000,0.6167,0.4746,0.5950,178.2781,0.0000,0.0000,0.0000,0.4993,0.7383,179.0407,0.019,3117,0.1000,-0.0018,0.4751,1,3,1.157
74.848,0,3,2,0.0000,0.6167,0.4640,0.5963,178.2339,0.0000,0.0000,0.0000,0.3639,0.4912,-179.4275,0.016,3122,0.1000,-0.0017,0.4644,1,3,1.140
74.950,0,3,2,0.0000,0.6167,0.4536,0.6002,178.3662,0.0000,0.0000,0.0000,0.5158,0.6660,174.9086,0.010,3127,0.1000,-0.0009,0.4539,1,3,1.146
75.049,0,3,2,0.0000,0.6167,0.4436,0.6001,178.3339,0.0000,0.0000,0.0000,0.3371,0.4867,-179.0840,0.018,3131,0.1000,-0.0010,0.4439,1,3,1.148
75.149,0,3,2,0.0000,0.6167,0.4342,0.6026,178.3657,0.0000,0.0000,0.0000,0.4819,0.7282,178.9000,0.021,3135,0.1000,-0.0005,0.4344,1,3,1.134
75.248,0,3,2,0.0000,0.6167,0.4242,0.6030,178.2400,0.0000,0.0000,0.0000,0.3167,0.4867,-179.1995,0.017,3140,0.1000,-0.0005,0.4244,1,3,1.150
75.351,0,3,2,0.0000,0.6167,0.4154,0.6067,178.4256,0.0000,0.0000,0.0000,0.4799,0.6602,175.3996,0.007,3145,0.1000,0.0003,0.4155,1,3,1.139
75.449,0,3,2,0.0000,0.6167,0.4050,0.6068,178.3705,0.0000,0.0000,0.0000,0.4743,0.6588,175.4637,0.035,3148,0.1000,0.0003,0.4051,1,3,0.359
75.551,0,3,2,0.0000,0.6167,0.3935,0.6067,178.4762,0.0000,0.0000,0.0000,0.4609,0.6578,175.4662,0.015,3153,0.1000,0.0002,0.3936,1,3,1.138
75.648,0,3,2,0.0000,0.6167,0.3838,0.6074,178.4454,0.0000,0.0000,0.0000,0.2630,0.4787,-178.7053,0.017,3158,0.1000,0.0003,0.3839,1,3,1.139
75.749,0,3,2,0.0000,0.6167,0.3743,0.6095,178.5119,0.0000,0.0000,0.0000,0.4431,0.6543,175.7072,0.008,3163,0.1000,0.0008,0.3743,1,3,1.141
75.848,0,3,2,0.0000,0.6167,0.3635,0.6091,178.4043,0.0000,0.0000,0.0000,0.2383,0.4752,-178.5709,0.007,3167,0.1000,0.0007,0.3636,1,3,1.132
75.950,0,3,2,0.0000,0.6167,0.3539,0.6115,178.4985,0.0000,0.0000,0.0000,0.4266,0.6485,175.8864,0.013,3172,0.1000,0.0013,0.3539,1,3,1.134
76.050,0,3,2,0.0000,0.6167,0.3426,0.6105,178.4916,0.0000,0.0000,0.0000,0.2288,0.4796,-178.9767,0.019,3176,0.1000,0.0009,0.3427,1,3,1.144
76.152,0,3,2,0.0000,0.6167,0.3337,0.6128,178.4603,0.0000,0.0000,0.0000,0.4071,0.6480,176.0085,0.006,3181,0.1000,0.0015,0.3337,1,3,1.134
76.249,0,3,2,0.0000,0.6167,0.3233,0.6117,178.4845,0.0000,0.0000,0.0000,0.2015,0.4753,-178.8175,0.015,3185,0.1000,0.0012,0.3233,1,3,1.143
76.350,0,3,2,0.0000,0.6167,0.3130,0.6137,178.4389,0.0000,0.0000,0.0000,0.3613,0.7523,179.4241,0.026,3189,0.1000,0.0018,0.3130,1,3,1.135
76.449,0,3,2,0.0000,0.6167,0.3028,0.6126,178.4597,0.0000,0.0000,0.0000,0.3823,0.6417,176.1898,0.006,3194,0.1000,0.0014,0.3028,1,3,1.141
76.551,0,3,2,0.0000,0.6167,0.2933,0.6149,178.5526,0.0000,0.0000,0.0000,0.3706,0.6385,176.3597,0.002,3199,0.1000,0.0021,0.2933,1,3,1.131
76.648,0,3,2,0.0000,0.6167,0.2852,0.6157,178.3951,0.0000,0.0000,0.0000,0.3591,0.6428,176.2432,0.046,3202,0.1000,0.0024,0.2852,1,3,1.138
76.749,0,3,2,0.0000,0.6167,0.2731,0.6096,178.3681,0.0000,0.0000,0.0000,0.3514,0.6357,176.3052,0.011,3208,0.1000,0.0002,0.2732,1,3,1.152
76.849,0,3,2,0.0000,0.6167,0.2634,0.6076,178.2604,0.0000,0.0000,0.0000,0.3425,0.6379,176.2674,0.041,3211,0.1000,-0.0007,0.2636,1,3,1.140
76.949,0,3,2,0.0000,0.6167,0.2516,0.6042,178.3352,0.0000,0.0000,0.0000,0.3323,0.6303,176.4838,0.007,3217,0.1000,-0.0022,0.2519,1,3,1.140
77.048,0,3,2,0.0000,0.6167,0.2410,0.6027,178.2669,0.0000,0.0000,0.0000,0.1172,0.4719,-179.0719,0.018,3221,0.1000,-0.0030,0.2414,1,3,1.145
77.151,0,3,2,0.0000,0.6167,0.2306,0.6014,178.2594,0.0000,0.0000,0.0000,0.3131,0.6275,176.5171,0.015,3225,0.0999,-0.0039,0.2311,1,3,1.146
77.251,0,3,2,0.0000,0.6167,0.2193,0.5991,178.1262,0.0000,0.0000,0.0000,0.1064,0.4772,-179.4277,0.019,3230,0.0999,-0.0053,0.2200,1,3,1.143
77.348,0,3,2,0.0000,0.6167,0.2103,0.5965,178.2607,0.0000,0.0000,0.0000,0.2954,0.6196,176.7900,0.010,3235,0.0998,-0.0068,0.2113,1,3,1.139
77.449,0,3,2,0.0000,0.6167,0.2000,0.5944,178.2626,0.0000,0.0000,0.0000,0.0954,0.4841,-179.6130,0.017,3239,0.0996,-0.0084,0.2012,1,3,1.129
77.551,0,3,2,0.0000,0.6167,0.1901,0.5960,178.2346,0.0000,0.0000,0.0000,0.2771,0.6132,177.2711,0.014,3244,0.0997,-0.0081,0.1912,1,3,1.130
77.650,0,3,2,0.0000,0.6167,0.1826,0.5969,178.2481,0.0000,0.0000,0.0000,0.2488,0.6189,174.9218,0.013,3248,0.0997,-0.0080,0.1836,1,3,1.125
77.749,0,3,2,0.0000,0.6167,0.1756,0.5964,178.2000,0.0000,0.0000,0.0000,0.1865,0.4967,172.6267,0.027,3252,0.0996,-0.0088,0.1767,1,3,1.135
77.850,0,3,2,0.0000,0.6167,0.1682,0.5993,177.9772,0.0000,0.0000,0.0000,0.2470,0.6229,174.7271,0.017,3257,0.0997,-0.0076,0.1691,1,3,1.127
77.950,0,3,2,0.0000,0.6167,0.1610,0.6023,178.0488,0.0000,0.0000,0.0000,0.2355,0.6094,177.4660,0.012,3262,0.0998,-0.0062,0.1616,1,3,1.138
78.050,0,3,2,0.0000,0.6167,0.1537,0.6025,178.0586,0.0000,0.0000,0.0000,0.2275,0.6088,177.6574,0.048,3265,0.0998,-0.0064,0.1543,1,3,1.141
78.149,0,3,2,0.0000,0.6167,0.1455,0.6052,178.1093,0.0000,0.0000,0.0000,0.2149,0.6050,177.9837,0.002,3271,0.0999,-0.0051,0.1460,1,3,1.139
78.248,0,3,2,0.0000,0.6167,0.1392,0.6074,178.0556,0.0000,0.0000,0.0000,0.2066,0.6026,178.1100,0.032,3274,0.0999,-0.0039,0.1395,1,3,1.137
78.348,0,3,2,0.0000,0.6167,0.1297,0.6073,178.1615,0.0000,0.0000,0.0000,0.1941,0.5984,178.3840,0.011,3279,0.0999,-0.0045,0.1300,1,3,1.117
78.449,0,3,2,0.0000,0.6167,0.1222,0.6099,178.1601,0.0000,0.0000,0.0000,0.2003,0.6369,174.8905,0.016,3284,0.0979,-0.0027,0.1224,1,3,1.124
78.551,0,3,2,0.0000,0.6167,0.1139,0.6115,178.2538,0.0000,0.0000,0.0000,0.1656,0.6084,178.2013,0.002,3289,0.0912,-0.0017,0.1141,1,3,1.122
78.652,0,3,2,0.0000,0.6167,0.1028,0.6113,178.2116,0.0000,0.0000,0.0000,0.0745,0.6021,177.1060,0.017,3293,0.0823,-0.0020,0.1030,1,3,1.120
78.749,0,3,2,0.0000,0.6167,0.0955,0.6128,178.3050,0.0000,0.0000,0.0000,0.1474,0.5987,178.5827,0.013,3298,0.0765,-0.0010,0.0956,1,3,1.123
78.848,0,3,2,0.0000,0.6167,0.0884,0.6133,178.2555,0.0000,0.0000,0.0000,0.0702,0.6054,177.0244,0.013,3302,0.0708,-0.0007,0.0885,1,3,1.118
78.948,0,3,2,0.0000,0.6167,0.0815,0.6145,178.3009,0.0000,0.0000,0.0000,0.0783,0.6680,177.3945,0.025,3306,0.0652,0.0001,0.0815,1,3,1.113
79.050,0,3,2,0.0000,0.6167,0.0749,0.6146,178.4907,0.0000,0.0000,0.0000,0.0523,0.6055,177.1533,0.010,3311,0.0600,-0.0000,0.0750,1,3,1.108
79.148,0,3,3,0.0000,1.2333,0.0706,0.6167,178.3958,0.0000,0.0000,0.0000,0.0631,0.6670,177.5913,0.016,3315,0.0141,-0.0990,0.6207,1,3,1.125
79.250,0,3,3,0.0000,1.2333,0.0692,0.6261,178.4321,0.0000,0.0000,0.0000,0.0376,0.6044,177.4150,0.014,3320,0.0140,-0.0990,0.6111,1,3,0.429
79.348,0,3,3,0.0000,1.2333,0.0678,0.6348,178.3521,0.0000,0.0000,0.0000,0.0550,0.6821,177.4589,0.028,3324,0.0140,-0.0990,0.6023,1,3,1.118
79.450,0,3,3,0.0000,1.2333,0.0666,0.6449,178.3955,0.0000,0.0000,0.0000,0.1035,0.6134,178.8104,0.034,3328,0.0140,-0.0990,0.5922,1,3,0.395
79.549,0,3,3,0.0000,1.2333,0.0651,0.6543,178.4402,0.0000,0.0000,0.0000,0.1010,0.6153,178.9814,0.011,3333,0.0139,-0.0990,0.5827,1,3,1.080
79.648,0,3,3,0.0000,1.2333,0.0637,0.6630,178.3360,0.0000,0.0000,0.0000,0.0227,0.6292,177.5411,0.025,3337,0.0138,-0.0990,0.5739,1,3,1.065
79.750,0,3,3,0.0000,1.2333,0.0639,0.6816,178.0360,0.0000,0.0000,0.0000,0.0915,0.6396,178.8157,0.006,3343,0.0142,-0.0990,0.5554,1,3,1.057
79.848,0,3,3,0.0000,1.2333,0.0612,0.6897,178.3542,0.0000,0.0000,0.0000,-0.0809,0.6187,179.2155,0.016,3347,0.0139,-0.0990,0.5471,1,3,1.047
79.948,0,3,3,0.0000,1.2333,0.0587,0.6988,178.3929,0.0000,0.0000,0.0000,0.0865,0.6463,179.1656,0.008,3351,0.0136,-0.0991,0.5377,1,3,1.050
80.051,0,3,3,0.0000,1.2333,0.0568,0.7094,178.2837,0.0000,0.0000,0.0000,0.0220,0.6761,177.4197,0.020,3356,0.0135,-0.0991,0.5270,1,3,1.027
80.149,0,3,3,0.0000,1.2333,0.0554,0.7190,178.2387,0.0000,0.0000,0.0000,0.0357,0.7799,178.0863,0.022,3360,0.0134,-0.0991,0.5173,1,3,1.016
80.249,0,3,3,0.0000,1.2333,0.0541,0.7283,178.3879,0.0000,0.0000,0.0000,0.0358,0.7012,177.1586,0.018,3365,0.0134,-0.0991,0.5079,1,3,1.004
80.349,0,3,3,0.0000,1.2333,0.0527,0.7398,178.1532,0.0000,0.0000,0.0000,0.0633,0.7182,178.0319,0.011,3370,0.0133,-0.0991,0.4963,1,3,0.999
80.451,0,3,3,0.0000,1.2333,0.0513,0.7499,178.2152,0.0000,0.0000,0.0000,0.0417,0.7236,176.8114,0.014,3374,0.0133,-0.0991,0.4862,1,3,0.984
80.548,0,3,3,0.0000,1.2333,0.0499,0.7599,178.2194,0.0000,0.0000,0.0000,0.0216,0.8365,178.1862,0.025,3378,0.0132,-0.0991,0.4761,1,3,0.581
80.648,0,3,3,0.0000,1.2333,0.0487,0.7692,178.1791,0.0000,0.0000,0.0000,0.0427,0.7441,176.7155,0.018,3383,0.0131,-0.0991,0.4667,1,3,0.421
80.748,0,3,3,0.0000,1.2333,0.0471,0.7804,178.2688,0.0000,0.0000,0.0000,0.0497,0.7565,177.9071,0.009,3388,0.0131,-0.0991,0.4553,1,3,0.950
80.850,0,3,3,0.0000,1.2333,0.0457,0.7914,178.2648,0.0000,0.0000,0.0000,0.0468,0.7583,178.0785,0.044,3391,0.0130,-0.0992,0.4442,1,3,0.948
80.949,0,3,3,0.0000,1.2333,0.0442,0.8016,178.2535,0.0000,0.0000,0.0000,0.0507,0.7744,176.6530,0.010,3396,0.0129,-0.0992,0.4340,1,3,0.935
81.048,0,3,3,0.0000,1.2333,0.0430,0.8109,178.1062,0.0000,0.0000,0.0000,0.0514,0.7885,176.6135,0.007,3401,0.0128,-0.0992,0.4246,1,3,0.920
81.149,0,3,3,0.0000,1.2333,0.0419,0.8208,178.1289,0.0000,0.0000,0.0000,0.0389,0.7642,178.5876,0.009,3405,0.0128,-0.0992,0.4146,1,3,0.916
81.248,0,3,3,0.0000,1.2333,0.0404,0.8310,178.3642,0.0000,0.0000,0.0000,0.0551,0.8089,176.5182,0.020,3410,0.0127,-0.0992,0.4044,1,3,0.899
81.348,0,3,3,0.0000,1.2333,0.0388,0.8419,178.2046,0.0000,0.0000,0.0000,0.0302,0.7704,179.1252,0.010,3415,0.0126,-0.0992,0.3934,1,3,0.897
81.449,0,3,3,0.0000,1.2333,0.0377,0.8509,178.0966,0.0000,0.0000,0.0000,0.0564,0.8297,176.4686,0.013,3419,0.0125,-0.0992,0.3843,1,3,0.884
81.548,0,3,3,0.0000,1.2333,0.0359,0.8627,178.0423,0.0000,0.0000,0.0000,0.0160,0.8490,176.9416,0.010,3424,0.0124,-0.0992,0.3724,1,3,0.871
81.649,0,3,3,0.0000,1.2333,0.0346,0.8729,178.1346,0.0000,0.0000,0.0000,0.0559,0.8493,176.3743,0.012,3428,0.0123,-0.0992,0.3621,1,3,0.872
81.748,0,3,3,0.0000,1.2333,0.0328,0.8844,178.1228,0.0000,0.0000,0.0000,0.0031,0.8557,177.6144,0.008,3433,0.0121,-0.0993,0.3504,1,3,0.862
81.850,0,3,3,0.0000,1.2333,0.0314,0.8942,178.1520,0.0000,0.0000,0.0000,0.0554,0.8692,176.5800,0.017,3437,0.0119,-0.0993,0.3406,1,3,0.842
81.950,0,3,3,0.0000,1.2333,0.0294,0.9069,178.2062,0.0000,0.0000,0.0000,-0.0146,1.0053,178.9971,0.028,3441,0.0117,-0.0993,0.3277,1,3,0.827
82.050,0,3,3,0.0000,1.2333,0.0279,0.9169,178.1925,0.0000,0.0000,0.0000,0.0542,0.8889,176.4716,0.012,3446,0.0115,-0.0993,0.3177,1,3,0.825
82.150,0,3,3,0.0000,1.2333,0.0256,0.9279,178.2430,0.0000,0.0000,0.0000,-0.0128,0.8857,177.4884,0.012,3451,0.0111,-0.0994,0.3065,1,3,0.797
82.249,0,3,3,0.0000,1.2333,0.0243,0.9371,178.2107,0.0000,0.0000,0.0000,-0.0162,0.8872,177.6558,0.032,3454,0.0109,-0.0994,0.2972,1,3,0.800
82.349,0,3,3,0.0000,1.2333,0.0227,0.9466,178.2277,0.0000,0.0000,0.0000,-0.0209,0.8888,177.8532,0.013,3459,0.0106,-0.0994,0.2877,1,3,0.782
82.451,0,3,3,0.0000,1.2333,0.0222,0.9598,178.2783,0.0000,0.0000,0.0000,0.0520,0.9275,176.5559,0.019,3464,0.0108,-0.0994,0.2745,1,3,0.759
82.548,0,3,3,0.0000,1.2333,0.0215,0.9712,178.3486,0.0000,0.0000,0.0000,0.0861,1.0234,177.4472,0.009,3469,0.0109,-0.0994,0.2630,1,3,0.768
82.651,0,3,3,0.0000,1.2333,0.0221,0.9837,178.2843,0.0000,0.0000,0.0000,0.0504,0.9488,176.7607,0.026,3473,0.0115,-0.0993,0.2506,1,3,0.754
82.748,0,3,3,0.0000,1.2333,0.0207,0.9954,178.3004,0.0000,0.0000,0.0000,0.0830,1.0518,177.2908,0.012,3478,0.0114,-0.0993,0.2389,1,3,0.742
82.849,0,3,3,0.0000,1.2333,0.0206,1.0057,178.2383,0.0000,0.0000,0.0000,0.0437,0.9665,176.6701,0.021,3482,0.0117,-0.0993,0.2285,1,3,0.722
82.951,0,3,3,0.0000,1.2333,0.0198,1.0202,178.3053,0.0000,0.0000,0.0000,0.0787,1.0671,177.1960,0.014,3487,0.0120,-0.0993,0.2140,1,3,0.712
83.049,0,3,3,0.0000,1.2333,0.0195,1.0299,178.3684,0.0000,0.0000,0.0000,0.0397,0.9863,176.8851,0.015,3491,0.0123,-0.0992,0.2044,1,3,0.722
83.148,0,3,3,0.0000,1.2333,0.0181,1.0421,178.2549,0.0000,0.0000,0.0000,-0.0461,1.1475,179.7768,0.023,3495,0.0122,-0.0993,0.1920,1,3,0.451
83.250,0,3,3,0.0000,1.2333,0.0181,1.0528,178.0892,0.0000,0.0000,0.0000,0.0356,1.0048,176.8602,0.009,3500,0.0127,-0.0992,0.1814,1,3,0.429
83.350,0,3,3,0.0000,1.2333,0.0166,1.0664,178.1700,0.0000,0.0000,0.0000,-0.0510,1.1734,179.7001,0.029,3504,0.0126,-0.0992,0.1678,1,3,0.413
83.449,0,3,3,0.0000,1.2333,0.0164,1.0768,178.2855,0.0000,0.0000,0.0000,0.0719,1.1131,177.1668,0.018,3508,0.0131,-0.0991,0.1574,1,3,0.674
83.549,0,3,3,0.0000,1.2333,0.0148,1.0885,178.2804,0.0000,0.0000,0.0000,0.0706,1.1315,177.0950,0.008,3514,0.0129,-0.0992,0.1456,1,3,0.654
83.650,0,3,3,0.0000,1.2333,0.0144,1.0998,178.2707,0.0000,0.0000,0.0000,0.0240,1.0423,177.1387,0.009,3518,0.0134,-0.0991,0.1343,1,3,0.651
83.749,0,3,3,0.0000,1.2333,0.0131,1.1121,178.2110,0.0000,0.0000,0.0000,0.0227,1.0493,177.1165,0.006,3523,0.0131,-0.0967,0.1219,1,3,0.639
83.850,0,3,3,0.0000,1.2333,0.0120,1.1223,178.2383,0.0000,0.0000,0.0000,0.0176,1.0614,176.9922,0.007,3527,0.0120,-0.0886,0.1117,1,3,0.623
83.949,0,3,3,0.0000,1.2333,0.0109,1.1315,178.3199,0.0000,0.0000,0.0000,0.0655,1.1761,176.9922,0.012,3531,0.0109,-0.0812,0.1024,1,3,0.612
84.048,0,3,3,0.0000,1.2333,0.0096,1.1417,178.2816,0.0000,0.0000,0.0000,0.0103,1.0806,177.3280,0.013,3536,0.0097,-0.0731,0.0922,1,3,0.617
84.149,0,3,3,0.0000,1.2333,0.0082,1.1516,178.4594,0.0000,0.0000,0.0000,0.0600,1.1861,177.2520,0.014,3541,0.0083,-0.0652,0.0821,1,3,0.606
84.251,0,3,3,0.0000,1.2333,0.0072,1.1591,178.3955,0.0000,0.0000,0.0000,0.0054,1.0933,177.3722,0.015,3545,0.0074,-0.0592,0.0746,1,3,0.608
84.348,0,3,3,0.0000,1.2333,0.0062,1.1660,178.5167,0.0000,0.0000,0.0000,0.0603,1.2029,177.1613,0.012,3550,0.0000,0.0000,0.0676,1,3,0.580
84.450,0,3,3,0.0000,1.2333,0.0057,1.1667,178.4364,0.0000,0.0000,0.0000,-0.0009,1.1045,177.6141,0.021,3554,0.0000,0.0000,0.0669,1,3,0.570
84.548,0,3,3,0.0000,1.2333,0.0045,1.1691,178.4712,0.0000,0.0000,0.0000,0.0617,1.2108,177.2413,0.009,3559,0.0000,0.0000,0.0644,1,3,0.583
84.649,0,3,3,0.0000,1.2333,0.0044,1.1698,178.4619,0.0000,0.0000,0.0000,-0.0069,1.1027,177.6543,0.019,3563,0.0000,0.0000,0.0637,1,3,0.593
84.749,0,3,3,0.0000,1.2333,0.0032,1.1719,178.4874,0.0000,0.0000,0.0000,-0.0755,1.2785,-179.6361,0.026,3567,0.0000,0.0000,0.0615,1,3,0.592
84.848,0,3,3,0.0000,1.2333,0.0035,1.1732,178.4784,0.0000,0.0000,0.0000,0.0618,1.2107,177.2376,0.026,3571,0.0000,0.0000,0.0603,1,3,0.593
84.950,0,3,3,0.0000,1.2333,0.0029,1.1747,178.4815,0.0000,0.0000,0.0000,0.0617,1.2107,177.2391,0.010,3577,0.0000,0.0000,0.0587,1,3,0.378
85.049,0,3,3,0.0000,1.2333,0.0026,1.1754,178.4826,0.0000,0.0000,0.0000,0.0617,1.2107,177.2389,0.041,3580,0.0000,0.0000,0.0580,1,3,0.586
85.148,0,3,3,0.0000,1.2333,0.0028,1.1757,178.4642,0.0000,0.0000,0.0000,0.0617,1.2107,177.2393,0.011,3585,0.0000,0.0000,0.0577,1,3,0.586
85.248,0,3,3,0.0000,1.2333,0.0016,1.1766,178.4799,0.0000,0.0000,0.0000,-0.0068,1.1026,177.6529,0.018,3590,0.0000,0.0000,0.0567,1,3,0.585
85.354,0,3,3,0.0000,1.2333,0.0012,1.1787,178.4890,0.0000,0.0000,0.0000,-0.0755,1.2785,-179.6358,0.008,3595,0.0000,0.0000,0.0547,0,4,0.579
85.449,0,3,3,0.0000,1.2333,0.0008,1.1783,178.4870,0.0000,0.0000,0.0000,-0.0067,1.1026,177.6516,0.016,3599,0.0000,0.0000,0.0550,0,4,0.589
85.550,0,3,3,0.0000,1.2333,0.0004,1.1803,178.4936,0.0000,0.0000,0.0000,0.0617,1.2107,177.2392,0.016,3604,0.0000,0.0000,0.0530,0,4,0.581
85.649,0,3,3,0.0000,1.2333,0.0002,1.1800,178.4906,0.0000,0.0000,0.0000,-0.0067,1.1027,177.6521,0.017,3608,0.0000,0.0000,0.0533,0,4,0.587
85.748,0,3,3,0.0000,1.2333,-0.0002,1.1818,178.4991,0.0000,0.0000,0.0000,0.0617,1.2107,177.2394,0.016,3613,0.0000,0.0000,0.0516,0,4,0.587
85.848,0,3,3,0.0000,1.2333,-0.0005,1.1815,178.4961,0.0000,0.0000,0.0000,-0.0067,1.1027,177.6516,0.016,3617,0.0000,0.0000,0.0519,0,4,0.592
85.949,0,3,3,0.0000,1.2333,-0.0015,1.1829,178.5169,0.0000,0.0000,0.0000,-0.0756,1.2785,-179.6333,0.024,3621,0.0000,0.0000,0.0504,0,4,0.588
86.050,0,3,3,0.0000,1.2333,-0.0010,1.1828,178.4994,0.0000,0.0000,0.0000,0.0617,1.2107,177.2394,0.012,3626,0.0000,0.0000,0.0505,0,4,0.585
86.149,0,3,3,0.0000,1.2333,-0.0020,1.1842,178.5183,0.0000,0.0000,0.0000,0.0616,1.2107,177.2402,0.009,3631,0.0000,0.0000,0.0491,0,4,0.586
86.249,0,3,3,0.0000,1.2333,-0.0015,1.1849,178.5075,0.0000,0.0000,0.0000,0.0616,1.2107,177.2392,0.043,3634,0.0000,0.0000,0.0485,0,4,0.589
86.348,0,3,3,0.0000,1.2333,-0.0018,1.1856,178.5091,0.0000,0.0000,0.0000,0.0616,1.2107,177.2397,0.015,3640,0.0000,0.0000,0.0478,0,4,0.586
86.448,0,3,3,0.0000,1.2333,-0.0020,1.1860,178.5120,0.0000,0.0000,0.0000,-0.0757,1.2785,-179.6317,0.033,3643,0.0000,0.0000,0.0474,0,4,0.582
86.550,0,3,3,0.0000,1.2333,-0.0023,1.1867,178.5175,0.0000,0.0000,0.0000,0.0616,1.2107,177.2401,0.009,3649,0.0000,0.0000,0.0467,0,4,0.592
86.649,0,3,3,0.0000,1.2333,-0.0025,1.1861,178.5131,0.0000,0.0000,0.0000,-0.0066,1.1027,177.6509,0.014,3653,0.0000,0.0000,0.0473,0,4,0.583
86.751,0,3,3,0.0000,1.2333,-0.0027,1.1877,178.5175,0.0000,0.0000,0.0000,-0.0757,1.2786,-179.6296,0.011,3658,0.0000,0.0000,0.0457,0,4,0.576
86.849,0,3,3,0.0000,1.2333,-0.0029,1.1871,178.5110,0.0000,0.0000,0.0000,-0.0066,1.1027,177.6515,0.016,3662,0.0000,0.0000,0.0464,0,4,0.592
86.952,0,3,3,0.0000,1.2333,-0.0031,1.1886,178.5169,0.0000,0.0000,0.0000,0.0616,1.2107,177.2405,0.019,3667,0.0000,0.0000,0.0449,0,4,0.594
87.048,0,3,3,0.0000,1.2333,-0.0032,1.1879,178.5100,0.0000,0.0000,0.0000,-0.0066,1.1027,177.6512,0.016,3671,0.0000,0.0000,0.0455,0,4,0.580
87.150,0,3,3,0.0000,1.2333,-0.0034,1.1894,178.5155,0.0000,0.0000,0.0000,0.0616,1.2107,177.2397,0.017,3676,0.0000,0.0000,0.0441,0,4,0.593
87.250,0,3,3,0.0000,1.2333,-0.0035,1.1887,178.5096,0.0000,0.0000,0.0000,-0.0065,1.1027,177.6490,0.018,3680,0.0000,0.0000,0.0448,0,4,0.590
87.350,0,3,3,0.0000,1.2333,-0.0050,1.1897,178.5381,0.0000,0.0000,0.0000,-0.0758,1.2785,-179.6273,0.026,3684,0.0000,0.0000,0.0439,0,4,0.578
87.450,0,3,3,0.0000,1.2333,-0.0056,1.1888,178.5431,0.0000,0.0000,0.0000,-0.0636,1.0825,178.9328,0.018,3689,0.0000,0.0000,0.0449,0,4,0.585
87.550,0,3,3,0.0000,1.2333,-0.0063,1.1900,178.5576,0.0000,0.0000,0.0000,0.0615,1.2107,177.2395,0.018,3694,0.0000,0.0000,0.0438,0,4,0.590
87.651,0,3,3,0.0000,1.2333,-0.0069,1.1900,178.5682,0.0000,0.0000,0.0000,-0.0636,1.0825,178.9330,0.003,3698,0.0000,0.0000,0.0439,0,4,0.592
87.750,0,3,3,0.0000,1.2333,-0.0081,1.1900,178.5849,0.0000,0.0000,0.0000,0.0615,1.2107,177.2392,0.009,3703,0.0000,0.0000,0.0441,0,4,0.576
87.848,0,3,3,0.0000,1.2333,-0.0086,1.1900,178.5929,0.0000,0.0000,0.0000,-0.0636,1.0825,178.9309,0.032,3706,0.0000,0.0000,0.0442,0,4,0.584
87.949,0,3,3,0.0000,1.2333,-0.0090,1.1891,178.5960,0.0000,0.0000,0.0000,-0.0758,1.2786,-179.6284,0.002,3712,0.0000,0.0000,0.0451,0,4,0.582
88.051,0,3,3,0.0000,1.2333,-0.0108,1.1890,178.6229,0.0000,0.0000,0.0000,-0.0637,1.0828,178.9338,0.026,3716,0.0000,0.0000,0.0457,0,4,0.590
88.150,0,3,3,0.0000,1.2333,-0.0112,1.1902,178.6339,0.0000,0.0000,0.0000,0.0615,1.2107,177.2389,0.015,3721,0.0000,0.0000,0.0446,0,4,0.590
88.248,0,3,3,0.0000,1.2333,-0.0122,1.1890,178.6430,0.0000,0.0000,0.0000,-0.0637,1.0828,178.9338,0.014,3725,0.0000,0.0000,0.0460,0,4,0.582
88.349,0,3,3,0.0000,1.2333,-0.0125,1.1902,178.6544,0.0000,0.0000,0.0000,0.0615,1.2107,177.2394,0.012,3730,0.0000,0.0000,0.0449,0,4,0.435
88.450,0,3,3,0.0000,1.2333,-0.0135,1.1891,178.6649,0.0000,0.0000,0.0000,-0.0637,1.0828,178.9338,0.013,3734,0.0000,0.0000,0.0462,0,4,0.580
88.551,0,3,3,0.0000,1.2333,-0.0156,1.1896,178.7031,0.0000,0.0000,0.0000,0.0615,1.2107,177.2399,0.009,3739,0.0000,0.0000,0.0464,0,4,0.585
88.648,0,3,3,0.0000,1.2333,-0.0202,1.1871,178.7672,0.0000,0.0000,0.0000,-0.2431,1.0163,-177.5426,0.015,3743,0.0000,0.0000,0.0505,0,4,0.589
88.748,0,3,3,0.0000,1.2333,-0.0229,1.1875,178.8138,0.0000,0.0000,0.0000,-0.0759,1.2786,-179.6266,0.025,3747,0.0000,0.0000,0.0513,0,4,0.587
88.851,0,3,3,0.0000,1.2333,-0.0263,1.1853,178.8632,0.0000,0.0000,0.0000,-0.2431,1.0163,-177.5426,0.014,3752,0.0000,0.0000,0.0548,0,4,0.582
88.952,0,3,3,0.0000,1.2333,-0.0278,1.1860,178.8936,0.0000,0.0000,0.0000,0.0615,1.2107,177.2386,0.010,3757,0.0000,0.0000,0.0549,0,4,0.594
89.049,0,3,3,0.0000,1.2333,-0.0319,1.1836,178.9530,0.0000,0.0000,0.0000,-0.2429,1.0162,-177.5432,0.011,3761,0.0000,0.0000,0.0591,0,4,0.428
89.152,0,3,3,0.0000,1.2333,-0.0326,1.1834,178.9706,0.0000,0.0000,0.0000,-0.0759,1.2786,-179.6259,0.003,3766,0.0000,0.0000,0.0597,0,4,0.597
89.248,0,3,3,0.0000,1.2333,-0.0348,1.1839,179.0101,0.0000,0.0000,0.0000,-0.0759,1.2786,-179.6253,0.031,3769,0.0000,0.0000,0.0605,0,4,0.584
89.350,0,3,3,0.0000,1.2333,-0.0380,1.1829,179.0640,0.0000,0.0000,0.0000,0.0614,1.2107,177.2392,0.011,3775,0.0000,0.0000,0.0631,0,4,0.590
89.450,0,3,3,0.0000,1.2333,-0.0416,1.1807,179.1173,0.0000,0.0000,0.0000,-0.2429,1.0162,-177.5432,0.019,3779,0.0000,0.0000,0.0671,0,4,0.588
89.548,0,3,3,0.0000,1.2333,-0.0423,1.1817,179.1373,0.0000,0.0000,0.0000,0.0615,1.2106,177.2381,0.012,3784,0.0000,0.0000,0.0668,0,4,0.588
89.648,0,3,3,0.0000,1.2333,-0.0458,1.1795,179.1884,0.0000,0.0000,0.0000,-0.2429,1.0162,-177.5432,0.018,3788,0.0000,0.0000,0.0706,0,4,0.598
89.750,0,3,3,0.0000,1.2333,-0.0462,1.1805,179.2068,0.0000,0.0000,0.0000,0.0614,1.2107,177.2396,0.017,3793,0.0000,0.0000,0.0702,0,4,0.588
89.849,0,3,3,0.0000,1.2333,-0.0495,1.1784,179.2554,0.0000,0.0000,0.0000,-0.2429,1.0162,-177.5432,0.015,3797,0.0000,0.0000,0.0739,0,4,0.590
89.951,0,3,3,0.0000,1.2333,-0.0510,1.1791,179.2880,0.0000,0.0000,0.0000,-0.0760,1.2787,-179.6243,0.029,3801,0.0000,0.0000,0.0744,0,4,0.585
90.049,0,3,3,0.0000,1.2333,-0.0529,1.1774,179.3156,0.0000,0.0000,0.0000,-0.2429,1.0162,-177.5432,0.017,3806,0.0000,0.0000,0.0770,0,4,0.575
90.150,0,3,3,0.0000,1.2333,-0.0530,1.1785,179.3294,0.0000,0.0000,0.0000,0.0614,1.2106,177.2387,0.012,3811,0.0000,0.0000,0.0762,0,4,0.597
90.249,0,3,3,0.0000,1.2333,-0.0540,1.1782,179.3494,0.0000,0.0000,0.0000,0.0614,1.2106,177.2387,0.038,3814,0.0000,0.0000,0.0771,0,4,0.597
90.349,0,3,3,0.0000,1.2333,-0.0559,1.1777,179.3844,0.0000,0.0000,0.0000,0.0614,1.2106,177.2395,0.016,3820,0.0000,0.0000,0.0789,0,4,0.585
90.450,0,3,3,0.0000,1.2333,-0.0568,1.1774,179.4015,0.0000,0.0000,0.0000,0.0614,1.2106,177.2385,0.049,3823,0.0000,0.0000,0.0798,0,4,0.587
90.549,0,3,3,0.0000,1.2333,-0.0579,1.1782,179.4258,0.0000,0.0000,0.0000,-0.0760,1.2787,-179.6246,0.019,3827,0.0000,0.0000,0.0800,0,4,0.592
90.651,0,3,3,0.0000,1.2333,-0.0614,1.1749,179.4733,0.0000,0.0000,0.0000,-0.2416,1.0168,-177.5700,0.006,3833,0.0000,0.0000,0.0848,0,4,0.596
90.750,0,3,3,0.0000,1.2333,-0.0622,1.1747,179.4887,0.0000,0.0000,0.0000,0.0614,1.2106,177.2385,0.009,3837,0.0000,0.0000,0.0855,0,4,0.602
90.852,0,3,3,0.0000,1.2333,-0.0637,1.1742,179.5155,0.0000,0.0000,0.0000,-0.2416,1.0168,-177.5700,0.011,3842,0.0000,0.0000,0.0869,0,4,0.597
90.948,0,3,3,0.0000,1.2333,-0.0632,1.1755,179.5196,0.0000,0.0000,0.0000,0.0614,1.2106,177.2389,0.013,3847,0.0000,0.0000,0.0856,0,4,0.457
91.049,0,3,3,0.0000,1.2333,-0.0658,1.1736,179.5575,0.0000,0.0000,0.0000,-0.2416,1.0168,-177.5700,0.015,3851,0.0000,0.0000,0.0888,0,4,0.587
91.150,0,3,3,0.0000,1.2333,-0.0652,1.1750,179.5582,0.0000,0.0000,0.0000,0.0614,1.2106,177.2393,0.014,3856,0.0000,0.0000,0.0875,0,4,0.591
91.248,0,3,3,0.0000,1.2333,-0.0677,1.1731,179.5956,0.0000,0.0000,0.0000,-0.2416,1.0168,-177.5700,0.013,3860,0.0000,0.0000,0.0906,0,4,0.592
91.348,0,3,3,0.0000,1.2333,-0.0669,1.1744,179.5959,0.0000,0.0000,0.0000,0.0613,1.2106,177.2392,0.012,3865,0.0000,0.0000,0.0892,0,4,0.581
91.448,0,3,3,0.0000,1.2333,-0.0678,1.1726,179.6171,0.0000,0.0000,0.0000,-0.0956,1.0162,-179.3625,0.013,3869,0.0000,0.0000,0.0910,0,4,0.594
91.548,0,3,3,0.0000,1.2333,-0.0672,1.1735,179.6252,0.0000,0.0000,0.0000,-0.0761,1.2787,-179.6219,0.026,3873,0.0000,0.0000,0.0900,0,4,0.591
91.648,0,3,3,0.0000,1.2333,-0.0651,1.1736,179.6077,0.0000,0.0000,0.0000,0.0613,1.2106,177.2388,0.027,3877,0.0000,0.0000,0.0884,0,4,0.587
91.750,0,3,3,0.0000,1.2333,-0.0652,1.1726,179.6293,0.0000,0.0000,0.0000,0.0614,1.2106,177.2380,0.006,3883,0.0000,0.0000,0.0890,0,4,0.589
91.849,0,3,3,0.0000,1.2333,-0.0632,1.1728,179.6121,0.0000,0.0000,0.0000,0.0614,1.2106,177.2379,0.031,3886,0.0000,0.0000,0.0875,0,4,0.593
91.951,0,3,3,0.0000,1.2333,-0.0620,1.1723,179.6142,0.0000,0.0000,0.0000,-0.0761,1.2788,-179.6219,0.006,3892,0.0000,0.0000,0.0870,0,4,0.576
92.050,0,3,3,0.0000,1.2333,-0.0621,1.1703,179.6277,0.0000,0.0000,0.0000,-0.1198,1.0053,-178.8749,0.019,3896,0.0000,0.0000,0.0885,0,4,0.580
92.149,0,3,3,0.0000,1.2333,-0.0617,1.1713,179.6364,0.0000,0.0000,0.0000,0.0613,1.2106,177.2379,0.002,3901,0.0000,0.0000,0.0875,0,4,0.589
92.249,0,3,3,0.0000,1.2333,-0.0605,1.1698,179.6297,0.0000,0.0000,0.0000,-0.1197,1.0054,-178.8756,0.017,3905,0.0000,0.0000,0.0878,0,4,0.574
92.349,0,3,3,0.0000,1.2333,-0.0589,1.1712,179.6165,0.0000,0.0000,0.0000,0.0613,1.2106,177.2380,0.016,3910,0.0000,0.0000,0.0857,0,4,0.598
92.450,0,3,3,0.0000,1.2333,-0.0591,1.1692,179.6314,0.0000,0.0000,0.0000,-0.1197,1.0054,-178.8751,0.014,3914,0.0000,0.0000,0.0872,0,4,0.601
92.550,0,3,3,0.0000,1.2333,-0.0576,1.1706,179.6215,0.0000,0.0000,0.0000,0.0613,1.2106,177.2376,0.015,3919,0.0000,0.0000,0.0851,0,4,0.569
92.649,0,3,3,0.0000,1.2333,-0.0578,1.1687,179.6346,0.0000,0.0000,0.0000,-0.1197,1.0054,-178.8745,0.017,3923,0.0000,0.0000,0.0867,0,4,0.576
92.750,0,3,3,0.0000,1.2333,-0.0576,1.1698,179.6432,0.0000,0.0000,0.0000,-0.0761,1.2788,-179.6210,0.028,3927,0.0000,0.0000,0.0858,0,4,0.582
92.850,0,3,3,0.0000,1.2333,-0.0572,1.1696,179.6474,0.0000,0.0000,0.0000,0.0613,1.2106,177.2375,0.002,3932,0.0000,0.0000,0.0856,0,4,0.584
92.949,0,3,3,0.0000,1.2333,-0.0564,1.1694,179.6468,0.0000,0.0000,0.0000,-0.0761,1.2788,-179.6210,0.027,3936,0.0000,0.0000,0.0853,0,4,0.543
93.048,0,3,3,0.0000,1.2333,-0.0548,1.1697,179.6323,0.0000,0.0000,0.0000,0.0613,1.2106,177.2380,0.032,3940,0.0000,0.0000,0.0840,0,4,0.553
93.148,0,3,3,0.0000,1.2333,-0.0542,1.1694,179.6323,0.0000,0.0000,0.0000,0.0613,1.2106,177.2383,0.013,3946,0.0000,0.0000,0.0838,0,4,0.537
93.249,0,3,3,0.0000,1.2333,-0.0539,1.1693,179.6376,0.0000,0.0000,0.0000,0.0613,1.2106,177.2377,0.044,3949,0.0000,0.0000,0.0837,0,4,0.540
93.351,0,3,3,0.0000,1.2333,-0.0533,1.1690,179.6411,0.0000,0.0000,0.0000,0.0613,1.2106,177.2377,0.006,3955,0.0000,0.0000,0.0835,0,4,0.546
93.450,0,3,3,0.0000,1.2333,-0.0530,1.1690,179.6440,0.0000,0.0000,0.0000,-0.1193,1.0074,-178.8970,0.002,3959,0.0000,0.0000,0.0834,0,4,0.547
93.550,0,3,3,0.0000,1.2333,-0.0525,1.1688,179.6449,0.0000,0.0000,0.0000,0.0613,1.2106,177.2380,0.012,3964,0.0000,0.0000,0.0832,0,4,0.496
93.650,0,3,3,0.0000,1.2333,-0.0529,1.1670,179.6583,0.0000,0.0000,0.0000,-0.1193,1.0075,-178.8987,0.013,3968,0.0000,0.0000,0.0849,0,4,0.596
93.749,0,3,3,0.0000,1.2333,-0.0517,1.1686,179.6465,0.0000,0.0000,0.0000,0.0612,1.2106,177.2386,0.015,3973,0.0000,0.0000,0.0829,0,4,0.601
93.849,0,3,3,0.0000,1.2333,-0.0515,1.1685,179.6466,0.0000,0.0000,0.0000,-0.1193,1.0076,-178.8998,0.008,3977,0.0000,0.0000,0.0828,0,4,0.585
93.950,0,3,3,0.0000,1.2333,-0.0511,1.1683,179.6439,0.0000,0.0000,0.0000,0.0613,1.2106,177.2376,0.020,3982,0.0000,0.0000,0.0826,0,4,0.587
94.049,0,3,3,0.0000,1.2333,-0.0508,1.1683,179.6438,0.0000,0.0000,0.0000,-0.1192,1.0077,-178.9028,0.010,3986,0.0000,0.0000,0.0826,0,4,0.592
94.151,0,3,3,0.0000,1.2333,-0.0516,1.1677,179.6620,0.0000,0.0000,0.0000,-0.0762,1.2788,-179.6203,0.028,3990,0.0000,0.0000,0.0835,0,4,0.582
94.249,0,3,3,0.0000,1.2333,-0.0502,1.1681,179.6417,0.0000,0.0000,0.0000,-0.1192,1.0079,-178.9080,0.014,3995,0.0000,0.0000,0.0823,0,4,0.465
94.349,0,3,3,0.0000,1.2333,-0.0498,1.1680,179.6418,0.0000,0.0000,0.0000,0.0612,1.2106,177.2386,0.019,4000,0.0000,0.0000,0.0822,0,4,0.558
94.450,0,3,3,0.0000,1.2333,-0.0497,1.1679,179.6428,0.0000,0.0000,0.0000,0.0612,1.2106,177.2382,0.050,4003,0.0000,0.0000,0.0821,0,4,0.478
94.548,0,3,3,0.0000,1.2333,-0.0486,1.1695,179.6304,0.0000,0.0000,0.0000,-0.1193,1.0081,-178.9149,0.002,4009,0.0000,0.0000,0.0802,0,4,0.503
94.649,0,3,3,0.0000,1.2333,-0.0492,1.1677,179.6440,0.0000,0.0000,0.0000,-0.0762,1.2788,-179.6212,0.029,4012,0.0000,0.0000,0.0820,0,4,0.462
94.749,0,3,3,0.0000,1.2333,-0.0442,1.1689,179.5527,0.0000,0.0000,0.0000,0.0611,1.2106,177.2400,0.016,4017,0.0000,0.0000,0.0782,0,4,0.448
94.850,0,3,3,0.0000,1.2333,-0.0409,1.1706,179.4897,0.0000,0.0000,0.0000,0.0924,1.1235,175.7570,0.011,4022,0.0000,0.0000,0.0748,0,4,0.447
94.949,0,3,3,0.0000,1.2333,-0.0392,1.1728,179.4601,0.0000,0.0000,0.0000,0.0612,1.2106,177.2354,0.005,4027,0.0000,0.0000,0.0721,0,4,0.448
95.051,0,3,3,0.0000,1.2333,-0.0347,1.1737,179.3760,0.0000,0.0000,0.0000,0.0924,1.1235,175.7571,0.015,4031,0.0000,0.0000,0.0690,0,4,0.463
95.149,0,3,3,0.0000,1.2333,-0.0322,1.1761,179.3327,0.0000,0.0000,0.0000,0.0612,1.2106,177.2376,0.017,4036,0.0000,0.0000,0.0657,0,4,0.419
95.248,0,3,3,0.0000,1.2333,-0.0291,1.1765,179.2685,0.0000,0.0000,0.0000,0.0924,1.1235,175.7555,0.011,4040,0.0000,0.0000,0.0639,0,4,0.407
95.348,0,3,3,0.0000,1.2333,-0.0269,1.1787,179.2284,0.0000,0.0000,0.0000,0.0611,1.2106,177.2390,0.016,4045,0.0000,0.0000,0.0609,0,4,0.423
95.449,0,3,3,0.0000,1.2333,-0.0240,1.1790,179.1659,0.0000,0.0000,0.0000,0.0924,1.1235,175.7554,0.008,4049,0.0000,0.0000,0.0594,0,4,0.403
95.549,0,3,3,0.0000,1.2333,-0.0229,1.1808,179.1461,0.0000,0.0000,0.0000,-0.0762,1.2788,-179.6189,0.026,4053,0.0000,0.0000,0.0573,0,4,0.576
95.649,0,3,3,0.0000,1.2333,-0.0214,1.1817,179.1123,0.0000,0.0000,0.0000,0.0954,1.1239,175.7032,0.009,4058,0.0000,0.0000,0.0559,0,4,0.593
95.749,0,3,3,0.0000,1.2333,-0.0196,1.1838,179.0812,0.0000,0.0000,0.0000,0.0611,1.2106,177.2376,0.020,4062,0.0000,0.0000,0.0533,0,4,0.580
95.850,0,3,3,0.0000,1.2333,-0.0179,1.1836,179.0408,0.0000,0.0000,0.0000,0.0612,1.2106,177.2372,0.034,4066,0.0000,0.0000,0.0528,0,4,0.367
95.950,0,3,3,0.0000,1.2333,-0.0168,1.1832,179.0046,0.0000,0.0000,0.0000,-0.0762,1.2788,-179.6181,0.002,4072,0.0000,0.0000,0.0529,0,4,0.354
96.052,0,3,3,0.0000,1.2333,-0.0175,1.1843,179.0139,0.0000,0.0000,0.0000,0.0611,1.2106,177.2377,0.019,4075,0.0000,0.0000,0.0521,0,4,0.326
96.148,0,3,3,0.0000,1.2333,-0.0171,1.1859,178.9773,0.0000,0.0000,0.0000,0.0611,1.2106,177.2385,0.006,4081,0.0000,0.0000,0.0504,0,4,0.341
96.248,0,3,3,0.0000,1.2333,-0.0166,1.1850,178.9627,0.0000,0.0000,0.0000,-0.0424,1.0721,178.7791,0.020,4085,0.0000,0.0000,0.0511,0,4,0.336
96.349,0,3,3,0.0000,1.2333,-0.0165,1.1863,178.9585,0.0000,0.0000,0.0000,0.0611,1.2106,177.2374,0.020,4090,0.0000,0.0000,0.0498,0,4,0.331
96.451,0,3,3,0.0000,1.2333,-0.0169,1.1852,178.9568,0.0000,0.0000,0.0000,-0.0424,1.0721,178.7797,0.023,4094,0.0000,0.0000,0.0510,0,4,0.203
96.549,0,3,3,0.0000,1.2333,-0.0160,1.1852,178.9221,0.0000,0.0000,0.0000,0.0611,1.2106,177.2370,0.017,4099,0.0000,0.0000,0.0507,0,4,0.232
96.651,0,3,3,0.0000,1.2333,-0.0163,1.1840,178.9209,0.0000,0.0000,0.0000,-0.0424,1.0721,178.7795,0.023,4103,0.0000,0.0000,0.0519,0,4,0.287
96.751,0,3,3,0.0000,1.2333,-0.0171,1.1851,178.9347,0.0000,0.0000,0.0000,-0.0775,1.2791,-179.6075,0.029,4107,0.0000,0.0000,0.0511,0,4,0.306
96.850,0,3,3,0.0000,1.2333,-0.0166,1.1843,178.9203,0.0000,0.0000,0.0000,-0.0424,1.0721,178.7784,0.019,4112,0.0000,0.0000,0.0518,0,4,0.133
96.950,0,3,3,0.0000,1.2333,-0.0165,1.1856,178.9170,0.0000,0.0000,0.0000,0.0611,1.2106,177.2368,0.019,4117,0.0000,0.0000,0.0505,0,4,0.270
97.051,0,3,3,0.0000,1.2333,-0.0166,1.1857,178.9183,0.0000,0.0000,0.0000,0.0611,1.2106,177.2366,0.043,4120,0.0000,0.0000,0.0505,0,4,0.261
97.148,0,3,3,0.0000,1.2333,-0.0168,1.1858,178.9155,0.0000,0.0000,0.0000,0.0611,1.2106,177.2373,0.018,4126,0.0000,0.0000,0.0504,0,4,0.308
97.248,0,3,3,0.0000,1.2333,-0.0165,1.1857,178.9147,0.0000,0.0000,0.0000,0.0611,1.2106,177.2377,0.051,4129,0.0000,0.0000,0.0504,0,4,0.313
97.348,0,3,3,0.0000,1.2333,-0.0157,1.1868,178.9082,0.0000,0.0000,0.0000,0.0204,1.0532,178.2952,0.002,4135,0.0000,0.0000,0.0491,0,4,0.300
97.450,0,3,3,0.0000,1.2333,-0.0144,1.1838,178.8953,0.0000,0.0000,0.0000,0.0204,1.0532,178.2945,0.005,4139,0.0000,0.0000,0.0516,0,4,0.312
97.550,0,3,3,0.0000,1.2333,-0.0138,1.1850,178.8898,0.0000,0.0000,0.0000,-0.0776,1.2791,-179.6060,0.005,4144,0.0000,0.0000,0.0503,0,4,0.331
97.650,0,3,3,0.0000,1.2333,-0.0130,1.1835,178.8810,0.0000,0.0000,0.0000,0.0204,1.0532,178.2946,0.023,4148,0.0000,0.0000,0.0515,0,4,0.343
97.749,0,3,3,0.0000,1.2333,-0.0124,1.1847,178.8784,0.0000,0.0000,0.0000,0.0611,1.2106,177.2375,0.018,4153,0.0000,0.0000,0.0502,0,4,0.322
97.848,0,3,3,0.0000,1.2333,-0.0116,1.1832,178.8720,0.0000,0.0000,0.0000,0.0204,1.0531,178.2943,0.017,4157,0.0000,0.0000,0.0515,0,4,0.338
97.949,0,3,3,0.0000,1.2333,-0.0112,1.1844,178.8695,0.0000,0.0000,0.0000,0.0611,1.2106,177.2367,0.019,4162,0.0000,0.0000,0.0502,0,4,0.401
98.048,0,3,3,0.0000,1.2333,-0.0100,1.1830,178.8574,0.0000,0.0000,0.0000,0.0569,1.0637,177.5357,0.017,4166,0.0000,0.0000,0.0513,0,4,0.449
98.150,0,3,3,0.0000,1.2333,-0.0104,1.1840,178.8665,0.0000,0.0000,0.0000,-0.0775,1.2791,-179.6075,0.027,4170,0.0000,0.0000,0.0504,0,4,0.317
98.249,0,3,3,0.0000,1.2333,-0.0098,1.1825,178.8602,0.0000,0.0000,0.0000,0.0554,1.0634,177.5635,0.018,4175,0.0000,0.0000,0.0518,0,4,0.313
98.348,0,3,3,0.0000,1.2333,-0.0102,1.1834,178.8697,0.0000,0.0000,0.0000,-0.0775,1.2791,-179.6086,0.027,4179,0.0000,0.0000,0.0509,0,4,0.323
98.450,0,3,3,0.0000,1.2333,-0.0091,1.1837,178.8554,0.0000,0.0000,0.0000,-0.0968,1.0154,-179.3375,0.002,4184,0.0000,0.0000,0.0505,0,4,0.321
98.550,0,3,3,0.0000,1.2333,-0.0096,1.1831,178.8667,0.0000,0.0000,0.0000,0.0611,1.2106,177.2365,0.012,4189,0.0000,0.0000,0.0511,0,4,0.323
98.650,0,3,3,0.0000,1.2333,-0.0092,1.1830,178.8640,0.0000,0.0000,0.0000,0.0611,1.2106,177.2354,0.038,4192,0.0000,0.0000,0.0511,0,4,0.369
98.748,0,3,3,0.0000,1.2333,-0.0087,1.1816,178.8581,0.0000,0.0000,0.0000,-0.0775,1.2791,-179.6094,0.005,4198,0.0000,0.0000,0.0524,0,4,0.356
98.848,0,3,3,0.0000,1.2333,-0.0115,1.1815,178.8901,0.0000,0.0000,0.0000,-0.1097,1.0641,179.8555,0.015,4202,0.0000,0.0000,0.0531,0,4,0.345
98.948,0,3,3,0.0000,1.2333,-0.0117,1.1819,178.8869,0.0000,0.0000,0.0000,-0.0775,1.2791,-179.6091,0.010,4207,0.0000,0.0000,0.0528,0,4,0.338
99.051,0,3,3,0.0000,1.2333,-0.0144,1.1817,178.9174,0.0000,0.0000,0.0000,-0.1096,1.0644,179.8375,0.022,4211,0.0000,0.0000,0.0536,0,4,0.340
99.151,0,3,3,0.0000,1.2333,-0.0151,1.1831,178.9190,0.0000,0.0000,0.0000,0.0610,1.2106,177.2366,0.020,4216,0.0000,0.0000,0.0524,0,4,0.323
99.252,0,3,3,0.0000,1.2333,-0.0169,1.1819,178.9367,0.0000,0.0000,0.0000,-0.1099,1.0652,179.8444,0.022,4220,0.0000,0.0000,0.0541,0,4,0.330
99.349,0,3,3,0.0000,1.2333,-0.0175,1.1833,178.9457,0.0000,0.0000,0.0000,0.0610,1.2106,177.2367,0.017,4225,0.0000,0.0000,0.0530,0,4,0.350
99.453,0,3,3,0.0000,1.2333,-0.0193,1.1822,178.9624,0.0000,0.0000,0.0000,-0.1099,1.0652,179.8443,0.024,4229,0.0000,0.0000,0.0547,0,4,0.344
99.550,0,3,3,0.0000,1.2333,-0.0206,1.1833,178.9825,0.0000,0.0000,0.0000,-0.0775,1.2791,-179.6096,0.030,4233,0.0000,0.0000,0.0542,0,4,0.363
99.649,0,3,3,0.0000,1.2333,-0.0214,1.1824,178.9841,0.0000,0.0000,0.0000,0.0610,1.2106,177.2368,0.015,4238,0.0000,0.0000,0.0553,0,4,0.338
99.749,0,3,3,0.0000,1.2333,-0.0227,1.1834,179.0076,0.0000,0.0000,0.0000,0.0610,1.2105,177.2348,0.013,4243,0.0000,0.0000,0.0548,0,4,0.412
99.848,0,3,3,0.0000,1.2333,-0.0235,1.1824,179.0084,0.0000,0.0000,0.0000,-0.1163,1.0620,179.9783,0.012,4247,0.0000,0.0000,0.0561,0,4,0.580
99.951,0,3,3,0.0000,1.2333,-0.0238,1.1837,179.0128,0.0000,0.0000,0.0000,0.0610,1.2106,177.2373,0.021,4252,0.0000,0.0000,0.0550,0,4,0.422
100.049,0,3,3,0.0000,1.2333,-0.0245,1.1838,179.0195,0.0000,0.0000,0.0000,0.0610,1.2106,177.2365,0.049,4255,0.0000,0.0000,0.0553,0,4,0.366
100.152,0,3,3,0.0000,1.2333,-0.0257,1.1838,179.0329,0.0000,0.0000,0.0000,0.0609,1.2106,177.2380,0.018,4261,0.0000,0.0000,0.0558,0,4,0.383
100.252,0,3,3,0.0000,1.2333,-0.0273,1.1825,179.0475,0.0000,0.0000,0.0000,-0.1206,1.0603,-179.8219,0.017,4265,0.0000,0.0000,0.0577,0,4,0.376
100.351,0,3,3,0.0000,1.2333,-0.0275,1.1839,179.0508,0.0000,0.0000,0.0000,-0.0774,1.2790,-179.6097,0.008,4270,0.0000,0.0000,0.0566,0,4,0.404
100.451,0,3,3,0.0000,1.2333,-0.0278,1.1830,179.0496,0.0000,0.0000,0.0000,-0.0076,1.1027,177.6655,0.029,4274,0.0000,0.0000,0.0575,0,4,0.401
100.548,0,3,3,0.0000,1.2333,-0.0268,1.1847,179.0346,0.0000,0.0000,0.0000,0.0610,1.2106,177.2363,0.014,4279,0.0000,0.0000,0.0555,0,4,0.430
100.651,0,3,3,0.0000,1.2333,-0.0260,1.1843,179.0134,0.0000,0.0000,0.0000,-0.0074,1.1027,177.6659,0.027,4283,0.0000,0.0000,0.0555,0,4,0.392
100.750,0,3,3,0.0000,1.2333,-0.0235,1.1834,178.9381,0.0000,0.0000,0.0000,0.0609,1.2106,177.2370,0.020,4288,0.0000,0.0000,0.0552,0,4,0.576
100.851,0,3,3,0.0000,1.2333,-0.0220,1.1816,178.8891,0.0000,0.0000,0.0000,-0.0073,1.1026,177.6651,0.022,4292,0.0000,0.0000,0.0562,0,4,0.587
100.950,0,3,3,0.0000,1.2333,-0.0197,1.1809,178.8147,0.0000,0.0000,0.0000,0.0609,1.2106,177.2366,0.017,4297,0.0000,0.0000,0.0560,0,4,0.592
101.052,0,3,3,0.0000,1.2333,-0.0184,1.1793,178.7687,0.0000,0.0000,0.0000,-0.0073,1.1026,177.6625,0.030,4301,0.0000,0.0000,0.0571,0,4,0.590
101.148,0,3,3,0.0000,1.2333,-0.0163,1.1786,178.7002,0.0000,0.0000,0.0000,0.0609,1.2106,177.2373,0.015,4306,0.0000,0.0000,0.0571,0,4,0.584
101.252,0,3,3,0.0000,1.2333,-0.0152,1.1779,178.6646,0.0000,0.0000,0.0000,-0.0073,1.1026,177.6628,0.007,4310,0.0000,0.0000,0.0575,0,4,0.577
101.352,0,3,3,0.0000,1.2333,-0.0132,1.1765,178.5938,0.0000,0.0000,0.0000,0.0609,1.2106,177.2365,0.019,4315,0.0000,0.0000,0.0583,0,4,0.519
101.452,0,3,3,0.0000,1.2333,-0.0121,1.1751,178.5537,0.0000,0.0000,0.0000,-0.0072,1.1026,177.6637,0.017,4319,0.0000,0.0000,0.0595,0,4,0.481
101.550,0,3,3,0.0000,1.2333,-0.0104,1.1748,178.5113,0.0000,0.0000,0.0000,-0.0018,1.1546,176.4495,0.008,4324,0.0000,0.0000,0.0594,0,4,0.500
101.649,0,3,3,0.0000,1.2333,-0.0094,1.1733,178.4580,0.0000,0.0000,0.0000,-0.0072,1.1026,177.6632,0.022,4328,0.0000,0.0000,0.0608,0,4,0.501
101.750,0,3,3,0.0000,1.2333,-0.0078,1.1729,178.4044,0.0000,0.0000,0.0000,0.0609,1.2106,177.2359,0.017,4333,0.0000,0.0000,0.0609,0,4,0.522
101.848,0,3,3,0.0000,1.2333,-0.0070,1.1717,178.3724,0.0000,0.0000,0.0000,-0.0072,1.1026,177.6621,0.022,4337,0.0000,0.0000,0.0621,0,4,0.546
101.948,0,3,3,0.0000,1.2333,-0.0054,1.1714,178.3229,0.0000,0.0000,0.0000,0.0609,1.2106,177.2355,0.015,4342,0.0000,0.0000,0.0622,0,4,0.535
102.048,0,3,3,0.0000,1.2333,-0.0047,1.1702,178.2932,0.0000,0.0000,0.0000,-0.0072,1.1026,177.6626,0.023,4346,0.0000,0.0000,0.0633,0,4,0.590
102.151,0,3,3,0.0000,1.2333,-0.0033,1.1700,178.2436,0.0000,0.0000,0.0000,0.0609,1.2106,177.2367,0.016,4351,0.0000,0.0000,0.0634,0,4,0.581
102.249,0,3,3,0.0000,1.2333,-0.0027,1.1689,178.2149,0.0000,0.0000,0.0000,-0.0069,1.1026,177.6589,0.021,4355,0.0000,0.0000,0.0645,0,4,0.432
102.351,0,3,3,0.0000,1.2333,-0.0021,1.1683,178.1766,0.0000,0.0000,0.0000,-0.0018,1.1546,176.4501,0.023,4359,0.0000,0.0000,0.0651,0,4,0.574
102.448,0,3,3,0.0000,1.2333,-0.0008,1.1677,178.1422,0.0000,0.0000,0.0000,0.0609,1.2106,177.2363,0.010,4364,0.0000,0.0000,0.0657,0,4,0.596
102.549,0,3,3,0.0000,1.2333,-0.0003,1.1672,178.1063,0.0000,0.0000,0.0000,-0.0068,1.1026,177.6565,0.017,4368,0.0000,0.0000,0.0662,0,4,0.578
102.650,0,3,3,0.0000,1.2333,0.0009,1.1666,178.0754,0.0000,0.0000,0.0000,-0.0065,1.1028,177.6494,0.015,4373,0.0000,0.0000,0.0668,0,4,0.599
102.749,0,3,3,0.0000,1.2333,0.0020,1.1667,178.0483,0.0000,0.0000,0.0000,0.0609,1.2106,177.2360,0.017,4377,0.0000,0.0000,0.0667,0,4,0.571
102.849,0,3,3,0.0000,1.2333,0.0025,1.1662,178.0156,0.0000,0.0000,0.0000,-0.0018,1.1546,176.4484,0.030,4381,0.0000,0.0000,0.0671,0,4,0.578
102.949,0,3,3,0.0000,1.2333,0.0043,1.1659,177.9749,0.0000,0.0000,0.0000,0.0609,1.2106,177.2363,0.020,4386,0.0000,0.0000,0.0675,0,4,0.581
103.050,0,3,3,0.0000,1.2333,0.0048,1.1649,177.9394,0.0000,0.0000,0.0000,0.0050,1.1056,177.4357,0.011,4391,0.0000,0.0000,0.0686,0,4,0.586
103.150,0,3,3,0.0000,1.2333,0.0058,1.1650,177.9065,0.0000,0.0000,0.0000,0.0609,1.2106,177.2366,0.009,4396,0.0000,0.0000,0.0686,0,4,0.591
103.251,0,3,3,0.0000,1.2333,0.0063,1.1641,177.8848,0.0000,0.0000,0.0000,0.0050,1.1056,177.4359,0.022,4400,0.0000,0.0000,0.0695,0,4,0.586
103.351,0,3,3,0.0000,1.2333,0.0072,1.1643,177.8490,0.0000,0.0000,0.0000,0.0609,1.2106,177.2365,0.016,4405,0.0000,0.0000,0.0694,0,4,0.577
103.451,0,3,3,0.0000,1.2333,0.0064,1.1630,177.8526,0.0000,0.0000,0.0000,-0.0581,1.0842,178.8284,0.022,4409,0.0000,0.0000,0.0706,0,4,0.593
103.548,0,3,3,0.0000,1.2333,0.0061,1.1625,177.8352,0.0000,0.0000,0.0000,-0.0018,1.1546,176.4498,0.026,4413,0.0000,0.0000,0.0711,0,4,0.583
103.649,0,3,3,0.0000,1.2333,0.0058,1.1618,177.8361,0.0000,0.0000,0.0000,-0.0581,1.0842,178.8267,0.017,4418,0.0000,0.0000,0.0718,0,4,0.592
103.749,0,3,3,0.0000,1.2333,0.0061,1.1619,177.8161,0.0000,0.0000,0.0000,0.0609,1.2106,177.2360,0.007,4423,0.0000,0.0000,0.0717,0,4,0.594
103.852,0,3,3,0.0000,1.2333,0.0060,1.1615,177.8114,0.0000,0.0000,0.0000,0.0608,1.2106,177.2365,0.019,4426,0.0000,0.0000,0.0721,0,4,0.585
103.949,0,3,3,0.0000,1.2333,0.0056,1.1608,177.7990,0.0000,0.0000,0.0000,0.0609,1.2106,177.2352,0.010,4432,0.0000,0.0000,0.0728,0,4,0.585
104.056,0,3,3,0.0000,1.2333,0.0049,1.1602,177.8034,0.0000,0.0000,0.0000,-0.1151,1.0625,179.9553,0.006,4436,0.0000,0.0000,0.0733,0,4,0.584
104.149,0,3,3,0.0000,1.2333,0.0034,1.1591,177.8126,0.0000,0.0000,0.0000,0.0609,1.2106,177.2346,0.008,4441,0.0000,0.0000,0.0743,0,4,0.584
104.251,0,3,3,0.0000,1.2333,0.0027,1.1586,177.8197,0.0000,0.0000,0.0000,-0.1151,1.0625,179.9553,0.014,4445,0.0000,0.0000,0.0748,0,4,0.601
104.351,0,3,3,0.0000,1.2333,0.0014,1.1576,177.8388,0.0000,0.0000,0.0000,0.0608,1.2106,177.2370,0.024,4449,0.0000,0.0000,0.0757,0,4,0.585
104.452,0,3,3,0.0000,1.2333,-0.0004,1.1561,177.8498,0.0000,0.0000,0.0000,-0.1151,1.0625,179.9552,0.024,4454,0.0000,0.0000,0.0772,0,4,0.584
104.551,0,3,3,0.0000,1.2333,-0.0004,1.1563,177.8381,0.0000,0.0000,0.0000,0.0609,1.2106,177.2347,0.022,4459,0.0000,0.0000,0.0771,0,4,0.597
104.652,0,3,3,0.0000,1.2333,-0.0022,1.1549,177.8599,0.0000,0.0000,0.0000,-0.1152,1.0631,179.9455,0.022,4463,0.0000,0.0000,0.0785,0,4,0.593
104.750,0,3,3,0.0000,1.2333,-0.0020,1.1551,177.8470,0.0000,0.0000,0.0000,0.0608,1.2106,177.2351,0.016,4468,0.0000,0.0000,0.0783,0,4,0.580
104.849,0,3,3,0.0000,1.2333,-0.0038,1.1537,177.8706,0.0000,0.0000,0.0000,-0.1178,1.0616,-179.9881,0.016,4472,0.0000,0.0000,0.0797,0,4,0.576
104.950,0,3,3,0.0000,1.2333,-0.0036,1.1540,177.8572,0.0000,0.0000,0.0000,0.0609,1.2106,177.2346,0.013,4477,0.0000,0.0000,0.0795,0,4,0.586
105.052,0,3,3,0.0000,1.2333,-0.0061,1.1539,177.9106,0.0000,0.0000,0.0000,-0.1178,1.0616,-179.9915,0.024,4481,0.0000,0.0000,0.0796,0,4,0.600
105.150,0,3,3,0.0000,1.2333,-0.0081,1.1562,177.9646,0.0000,0.0000,0.0000,-0.0775,1.2788,-179.6292,0.017,4485,0.0000,0.0000,0.0776,0,4,0.595
105.252,0,3,3,0.0000,1.2333,-0.0085,1.1576,177.9947,0.0000,0.0000,0.0000,0.0608,1.2106,177.2344,0.031,4489,0.0000,0.0000,0.0762,0,4,0.581
105.352,0,3,3,0.0000,1.2333,-0.0107,1.1593,178.0557,0.0000,0.0000,0.0000,0.0608,1.2106,177.2349,0.010,4495,0.0000,0.0000,0.0748,0,4,0.584
105.453,0,3,3,0.0000,1.2333,-0.0112,1.1596,178.0763,0.0000,0.0000,0.0000,0.0609,1.2106,177.2336,0.041,4498,0.0000,0.0000,0.0745,0,4,0.595
105.551,0,3,3,0.0000,1.2333,-0.0120,1.1595,178.1075,0.0000,0.0000,0.0000,0.0608,1.2106,177.2349,0.021,4503,0.0000,0.0000,0.0748,0,4,0.416
105.648,0,3,3,0.0000,1.2333,-0.0136,1.1597,178.1508,0.0000,0.0000,0.0000,-0.1178,1.0617,-179.9952,0.021,4508,0.0000,0.0000,0.0749,0,4,0.605
105.752,0,3,3,0.0000,1.2333,-0.0133,1.1614,178.1715,0.0000,0.0000,0.0000,-0.0200,1.2401,179.1125,0.007,4513,0.0000,0.0000,0.0731,0,4,0.515
105.850,0,3,3,0.0000,1.2333,-0.0148,1.1607,178.2023,0.0000,0.0000,0.0000,-0.1178,1.0622,179.9889,0.020,4517,0.0000,0.0000,0.0742,0,4,0.551
105.950,0,3,3,0.0000,1.2333,-0.0144,1.1623,178.2200,0.0000,0.0000,0.0000,0.0608,1.2106,177.2356,0.014,4522,0.0000,0.0000,0.0724,0,4,0.525
106.052,0,3,3,0.0000,1.2333,-0.0158,1.1616,178.2526,0.0000,0.0000,0.0000,-0.1178,1.0622,179.9889,0.023,4526,0.0000,0.0000,0.0735,0,4,0.589
106.149,0,3,3,0.0000,1.2333,-0.0153,1.1632,178.2671,0.0000,0.0000,0.0000,0.0608,1.2106,177.2350,0.013,4531,0.0000,0.0000,0.0718,0,4,0.559
106.249,0,3,3,0.0000,1.2333,-0.0167,1.1624,178.2983,0.0000,0.0000,0.0000,-0.1178,1.0622,179.9889,0.020,4535,0.0000,0.0000,0.0729,0,4,0.559
106.350,0,3,3,0.0000,1.2333,-0.0171,1.1635,178.3203,0.0000,0.0000,0.0000,-0.0201,1.2400,179.1150,0.022,4539,0.0000,0.0000,0.0719,0,4,0.554
106.449,0,3,3,0.0000,1.2333,-0.0184,1.1626,178.3483,0.0000,0.0000,0.0000,0.0608,1.2106,177.2340,0.003,4544,0.0000,0.0000,0.0731,0,4,0.563
106.551,0,3,3,0.0000,1.2333,-0.0178,1.1642,178.3594,0.0000,0.0000,0.0000,-0.0201,1.2401,179.1150,0.021,4548,0.0000,0.0000,0.0714,0,4,0.589
106.649,0,3,3,0.0000,1.2333,-0.0173,1.1649,178.3653,0.0000,0.0000,0.0000,-0.1199,1.0605,-179.8332,0.011,4553,0.0000,0.0000,0.0706,0,4,0.586
106.752,0,3,3,0.0000,1.2333,-0.0178,1.1653,178.3898,0.0000,0.0000,0.0000,0.0608,1.2106,177.2340,0.017,4558,0.0000,0.0000,0.0703,0,4,0.590
106.852,0,3,3,0.0000,1.2333,-0.0181,1.1655,178.4036,0.0000,0.0000,0.0000,-0.0201,1.2401,179.1147,0.035,4561,0.0000,0.0000,0.0702,0,4,0.579
106.951,0,3,3,0.0000,1.2333,-0.0185,1.1658,178.4262,0.0000,0.0000,0.0000,0.0608,1.2106,177.2331,0.011,4567,0.0000,0.0000,0.0700,0,4,0.604
107.052,0,3,3,0.0000,1.2333,-0.0198,1.1649,178.4532,0.0000,0.0000,0.0000,-0.1192,1.0610,-179.9624,0.023,4571,0.0000,0.0000,0.0713,0,4,0.595
107.152,0,3,3,0.0000,1.2333,-0.0192,1.1663,178.4593,0.0000,0.0000,0.0000,0.0608,1.2106,177.2331,0.007,4576,0.0000,0.0000,0.0697,0,4,0.588
107.249,0,3,3,0.0000,1.2333,-0.0205,1.1653,178.4822,0.0000,0.0000,0.0000,-0.1192,1.0610,-179.9624,0.017,4580,0.0000,0.0000,0.0710,0,4,0.590
107.349,0,3,3,0.0000,1.2333,-0.0198,1.1668,178.4867,0.0000,0.0000,0.0000,0.0607,1.2106,177.2375,0.014,4585,0.0000,0.0000,0.0695,0,4,0.612
107.451,0,3,3,0.0000,1.2333,-0.0210,1.1658,178.5114,0.0000,0.0000,0.0000,-0.1192,1.0610,-179.9626,0.020,4589,0.0000,0.0000,0.0708,0,4,0.591
107.550,0,3,3,0.0000,1.2333,-0.0203,1.1672,178.5177,0.0000,0.0000,0.0000,0.0607,1.2106,177.2350,0.010,4594,0.0000,0.0000,0.0692,0,4,0.536
107.648,0,3,3,0.0000,1.2333,-0.0215,1.1662,178.5395,0.0000,0.0000,0.0000,-0.1192,1.0610,-179.9627,0.016,4598,0.0000,0.0000,0.0705,0,4,0.543
107.748,0,3,3,0.0000,1.2333,-0.0214,1.1669,178.5507,0.0000,0.0000,0.0000,-0.0078,1.2293,178.7666,0.017,4602,0.0000,0.0000,0.0698,0,4,0.548
107.849,0,3,3,0.0000,1.2333,-0.0216,1.1662,178.5591,0.0000,0.0000,0.0000,0.0608,1.2106,177.2340,0.014,4607,0.0000,0.0000,0.0705,0,4,0.544
107.951,0,3,3,0.0000,1.2333,-0.0215,1.1669,178.5688,0.0000,0.0000,0.0000,-0.0079,1.2293,178.7685,0.018,4611,0.0000,0.0000,0.0698,0,4,0.540
108.052,0,3,3,0.0000,1.2333,-0.0206,1.1674,178.5655,0.0000,0.0000,0.0000,-0.1192,1.0610,-179.9629,0.007,4616,0.0000,0.0000,0.0691,0,4,0.550
108.150,0,3,3,0.0000,1.2333,-0.0224,1.1686,178.6060,0.0000,0.0000,0.0000,0.0608,1.2106,177.2335,0.007,4621,0.0000,0.0000,0.0685,0,4,0.582
108.250,0,3,3,0.0000,1.2333,-0.0242,1.1680,178.6412,0.0000,0.0000,0.0000,-0.1192,1.0610,-179.9630,0.007,4625,0.0000,0.0000,0.0697,0,4,0.573
108.349,0,3,3,0.0000,1.2333,-0.0241,1.1690,178.6500,0.0000,0.0000,0.0000,0.0607,1.2106,177.2344,0.017,4629,0.0000,0.0000,0.0687,0,4,0.591
108.450,0,3,3,0.0000,1.2333,-0.0266,1.1696,178.6987,0.0000,0.0000,0.0000,-0.1194,1.0616,-179.9706,0.022,4634,0.0000,0.0000,0.0690,0,4,0.593
108.550,0,3,3,0.0000,1.2333,-0.0270,1.1718,178.7210,0.0000,0.0000,0.0000,0.0607,1.2106,177.2339,0.007,4639,0.0000,0.0000,0.0672,0,4,0.584
108.648,0,3,3,0.0000,1.2333,-0.0287,1.1711,178.7493,0.0000,0.0000,0.0000,-0.1194,1.0616,-179.9707,0.019,4643,0.0000,0.0000,0.0685,0,4,0.591
108.748,0,3,3,0.0000,1.2333,-0.0300,1.1728,178.7800,0.0000,0.0000,0.0000,0.0607,1.2106,177.2335,0.012,4648,0.0000,0.0000,0.0676,0,4,0.584
108.848,0,3,3,0.0000,1.2333,-0.0306,1.1724,178.7941,0.0000,0.0000,0.0000,-0.1194,1.0616,-179.9707,0.019,4652,0.0000,0.0000,0.0682,0,4,0.599
108.952,0,3,3,0.0000,1.2333,-0.0308,1.1744,178.8131,0.0000,0.0000,0.0000,0.0607,1.2106,177.2336,0.015,4657,0.0000,0.0000,0.0665,0,4,0.591
109.049,0,3,3,0.0000,1.2333,-0.0323,1.1736,178.8375,0.0000,0.0000,0.0000,-0.1194,1.0616,-179.9707,0.028,4661,0.0000,0.0000,0.0679,0,4,0.591
109.151,0,3,3,0.0000,1.2333,-0.0334,1.1752,178.8682,0.0000,0.0000,0.0000,-0.0886,1.2864,-179.2879,0.021,4665,0.0000,0.0000,0.0670,0,4,0.579
109.249,0,3,3,0.0000,1.2333,-0.0338,1.1747,178.8781,0.0000,0.0000,0.0000,0.0607,1.2106,177.2337,0.013,4670,0.0000,0.0000,0.0676,0,4,0.544
109.348,0,3,3,0.0000,1.2333,-0.0343,1.1751,178.8925,0.0000,0.0000,0.0000,0.0607,1.2106,177.2327,0.003,4675,0.0000,0.0000,0.0676,0,4,0.477
109.452,0,3,3,0.0000,1.2333,-0.0343,1.1770,178.9083,0.0000,0.0000,0.0000,0.0607,1.2106,177.2333,0.041,4678,0.0000,0.0000,0.0660,0,4,0.471
109.549,0,3,3,0.0000,1.2333,-0.0347,1.1764,178.9185,0.0000,0.0000,0.0000,0.0607,1.2106,177.2325,0.015,4683,0.0000,0.0000,0.0667,0,4,0.595
109.649,0,3,3,0.0000,1.2333,-0.0366,1.1766,178.9544,0.0000,0.0000,0.0000,-0.1194,1.0616,-179.9708,0.011,4688,0.0000,0.0000,0.0675,0,4,0.588
109.750,0,3,3,0.0000,1.2333,-0.0365,1.1784,178.9677,0.0000,0.0000,0.0000,0.0607,1.2106,177.2332,0.013,4693,0.0000,0.0000,0.0659,0,4,0.592
109.850,0,3,3,0.0000,1.2333,-0.0378,1.1775,178.9877,0.0000,0.0000,0.0000,-0.1194,1.0616,-179.9708,0.020,4697,0.0000,0.0000,0.0674,0,4,0.584
109.951,0,3,3,0.0000,1.2333,-0.0376,1.1792,178.9991,0.0000,0.0000,0.0000,0.0607,1.2107,177.2337,0.015,4702,0.0000,0.0000,0.0659,0,4,0.590
110.049,0,3,3,0.0000,1.2333,-0.0388,1.1782,179.0187,0.0000,0.0000,0.0000,-0.1194,1.0616,-179.9708,0.020,4706,0.0000,0.0000,0.0674,0,4,0.596
110.149,0,3,3,0.0000,1.2333,-0.0386,1.1800,179.0287,0.0000,0.0000,0.0000,0.0607,1.2106,177.2329,0.009,4711,0.0000,0.0000,0.0659,0,4,0.597
110.250,0,3,3,0.0000,1.2333,-0.0398,1.1789,179.0452,0.0000,0.0000,0.0000,-0.1194,1.0616,-179.9708,0.022,4715,0.0000,0.0000,0.0674,0,4,0.611
110.352,0,3,3,0.0000,1.2333,-0.0406,1.1803,179.0691,0.0000,0.0000,0.0000,-0.0886,1.2866,-179.2866,0.024,4719,0.0000,0.0000,0.0668,0,4,0.582
110.451,0,3,3,0.0000,1.2333,-0.0406,1.1795,179.0717,0.0000,0.0000,0.0000,0.0607,1.2107,177.2339,0.018,4724,0.0000,0.0000,0.0674,0,4,0.582
110.550,0,3,3,0.0000,1.2333,-0.0403,1.1812,179.0788,0.0000,0.0000,0.0000,0.0607,1.2107,177.2335,0.007,4729,0.0000,0.0000,0.0659,0,4,0.589
110.651,0,3,3,0.0000,1.2333,-0.0414,1.1801,179.0956,0.0000,0.0000,0.0000,-0.1194,1.0616,-179.9708,0.014,4733,0.0000,0.0000,0.0674,0,4,0.596
110.748,0,3,3,0.0000,1.2333,-0.0411,1.1817,179.1007,0.0000,0.0000,0.0000,0.0607,1.2106,177.2309,0.011,4738,0.0000,0.0000,0.0660,0,4,0.586
110.852,0,3,3,0.0000,1.2333,-0.0413,1.1819,179.1098,0.0000,0.0000,0.0000,-0.1194,1.0616,-179.9728,0.004,4742,0.0000,0.0000,0.0660,0,4,0.596
110.951,0,3,3,0.0000,1.2333,-0.0429,1.1819,179.1389,0.0000,0.0000,0.0000,-0.0887,1.2867,-179.2839,0.009,4746,0.0000,0.0000,0.0670,0,4,0.597
111.050,0,3,3,0.0000,1.2333,-0.0429,1.1811,179.1380,0.0000,0.0000,0.0000,-0.1197,1.0631,-179.9807,0.013,4751,0.0000,0.0000,0.0676,0,4,0.587
111.148,0,3,3,0.0000,1.2333,-0.0420,1.1816,179.1306,0.0000,0.0000,0.0000,0.0607,1.2107,177.2331,0.016,4755,0.0000,0.0000,0.0666,0,4,0.582
111.248,0,3,3,0.0000,1.2333,-0.0435,1.1816,179.1605,0.0000,0.0000,0.0000,-0.1197,1.0632,-179.9841,0.020,4760,0.0000,0.0000,0.0676,0,4,0.594
111.348,0,3,3,0.0000,1.2333,-0.0431,1.1832,179.1632,0.0000,0.0000,0.0000,0.0607,1.2107,177.2323,0.012,4765,0.0000,0.0000,0.0661,0,4,0.591
111.451,0,3,3,0.0000,1.2333,-0.0434,1.1822,179.1694,0.0000,0.0000,0.0000,-0.0552,1.0847,178.7739,0.021,4769,0.0000,0.0000,0.0670,0,4,0.588
111.550,0,3,3,0.0000,1.2333,-0.0423,1.1840,179.1643,0.0000,0.0000,0.0000,0.0607,1.2107,177.2310,0.016,4774,0.0000,0.0000,0.0650,0,4,0.595
111.648,0,3,3,0.0000,1.2333,-0.0419,1.1833,179.1568,0.0000,0.0000,0.0000,-0.0552,1.0848,178.7763,0.021,4778,0.0000,0.0000,0.0653,0,4,0.592
111.748,0,3,3,0.0000,1.2333,-0.0420,1.1847,179.1656,0.0000,0.0000,0.0000,0.0607,1.2107,177.2326,0.011,4783,0.0000,0.0000,0.0642,0,4,0.587
111.848,0,3,3,0.0000,1.2333,-0.0406,1.1842,179.1451,0.0000,0.0000,0.0000,-0.0552,1.0848,178.7749,0.020,4787,0.0000,0.0000,0.0637,0,4,0.596
111.951,0,3,3,0.0000,1.2333,-0.0407,1.1856,179.1555,0.0000,0.0000,0.0000,-0.0887,1.2868,-179.2828,0.031,4791,0.0000,0.0000,0.0627,0,4,0.594
112.048,0,3,3,0.0000,1.2333,-0.0392,1.1862,179.1346,0.0000,0.0000,0.0000,0.0607,1.2107,177.2309,0.024,4795,0.0000,0.0000,0.0614,0,4,0.590
112.150,0,3,3,0.0000,1.2333,-0.0398,1.1862,179.1492,0.0000,0.0000,0.0000,0.0607,1.2107,177.2311,0.013,4801,0.0000,0.0000,0.0617,0,4,0.586
112.248,0,3,3,0.0000,1.2333,-0.0400,1.1862,179.1571,0.0000,0.0000,0.0000,-0.1162,1.0621,179.9765,0.038,4804,0.0000,0.0000,0.0619,0,4,0.595
112.351,0,3,3,0.0000,1.2333,-0.0400,1.1852,179.1548,0.0000,0.0000,0.0000,0.0607,1.2107,177.2312,0.018,4809,0.0000,0.0000,0.0626,0,4,0.588
112.448,0,3,3,0.0000,1.2333,-0.0416,1.1850,179.1825,0.0000,0.0000,0.0000,-0.0887,1.2868,-179.2820,0.019,4814,0.0000,0.0000,0.0638,0,4,0.584
112.549,0,3,3,0.0000,1.2333,-0.0407,1.1853,179.1735,0.0000,0.0000,0.0000,-0.0887,1.2868,-179.2819,0.007,4819,0.0000,0.0000,0.0630,0,4,0.452
112.650,0,3,3,0.0000,1.2333,-0.0422,1.1851,179.1982,0.0000,0.0000,0.0000,-0.1165,1.0629,179.9684,0.029,4823,0.0000,0.0000,0.0641,0,4,0.592
112.750,0,3,3,0.0000,1.2333,-0.0418,1.1865,179.1987,0.0000,0.0000,0.0000,0.0607,1.2107,177.2304,0.011,4828,0.0000,0.0000,0.0628,0,4,0.591
112.849,0,3,3,0.0000,1.2333,-0.0428,1.1852,179.2102,0.0000,0.0000,0.0000,-0.1165,1.0629,179.9683,0.019,4832,0.0000,0.0000,0.0644,0,4,0.584
112.950,0,3,3,0.0000,1.2333,-0.0424,1.1866,179.2141,0.0000,0.0000,0.0000,0.0607,1.2107,177.2309,0.016,4837,0.0000,0.0000,0.0631,0,4,0.596
113.048,0,3,3,0.0000,1.2333,-0.0433,1.1853,179.2266,0.0000,0.0000,0.0000,-0.1165,1.0630,179.9671,0.021,4841,0.0000,0.0000,0.0647,0,4,0.582
113.150,0,3,3,0.0000,1.2333,-0.0439,1.1864,179.2476,0.0000,0.0000,0.0000,-0.0887,1.2868,-179.2819,0.028,4845,0.0000,0.0000,0.0643,0,4,0.584
113.249,0,3,3,0.0000,1.2333,-0.0437,1.1854,179.2407,0.0000,0.0000,0.0000,-0.1165,1.0630,179.9671,0.021,4850,0.0000,0.0000,0.0649,0,4,0.592
113.349,0,3,3,0.0000,1.2333,-0.0442,1.1864,179.2561,0.0000,0.0000,0.0000,-0.0893,1.2870,-179.2732,0.019,4854,0.0000,0.0000,0.0645,0,4,0.589
113.452,0,3,3,0.0000,1.2333,-0.0439,1.1853,179.2489,0.0000,0.0000,0.0000,-0.1165,1.0630,179.9671,0.019,4859,0.0000,0.0000,0.0651,0,4,0.595
113.552,0,3,3,0.0000,1.2333,-0.0432,1.1865,179.2453,0.0000,0.0000,0.0000,0.0607,1.2107,177.2310,0.020,4864,0.0000,0.0000,0.0637,0,4,0.589
113.650,0,3,3,0.0000,1.2333,-0.0432,1.1864,179.2472,0.0000,0.0000,0.0000,0.0607,1.2107,177.2300,0.050,4867,0.0000,0.0000,0.0638,0,4,0.585
113.751,0,3,3,0.0000,1.2333,-0.0433,1.1863,179.2466,0.0000,0.0000,0.0000,0.0607,1.2107,177.2309,0.009,4873,0.0000,0.0000,0.0639,0,4,0.579
113.848,0,3,3,0.0000,1.2333,-0.0441,1.1850,179.2547,0.0000,0.0000,0.0000,-0.1165,1.0630,179.9670,0.012,4877,0.0000,0.0000,0.0654,0,4,0.443
113.950,0,3,3,0.0000,1.2333,-0.0433,1.1862,179.2509,0.0000,0.0000,0.0000,0.0607,1.2107,177.2305,0.011,4882,0.0000,0.0000,0.0640,0,4,0.594
114.049,0,3,3,0.0000,1.2333,-0.0441,1.1848,179.2579,0.0000,0.0000,0.0000,-0.1167,1.0635,179.9764,0.027,4886,0.0000,0.0000,0.0656,0,4,0.592
114.151,0,3,3,0.0000,1.2333,-0.0434,1.1861,179.2534,0.0000,0.0000,0.0000,0.0607,1.2107,177.2287,0.015,4891,0.0000,0.0000,0.0642,0,4,0.583
114.248,0,3,3,0.0000,1.2333,-0.0442,1.1847,179.2615,0.0000,0.0000,0.0000,-0.1167,1.0636,179.9652,0.018,4895,0.0000,0.0000,0.0657,0,4,0.586
114.349,0,3,3,0.0000,1.2333,-0.0434,1.1860,179.2545,0.0000,0.0000,0.0000,0.0607,1.2107,177.2296,0.010,4900,0.0000,0.0000,0.0642,0,4,0.591
114.449,0,3,3,0.0000,1.2333,-0.0442,1.1846,179.2623,0.0000,0.0000,0.0000,-0.1167,1.0636,179.9652,0.016,4904,0.0000,0.0000,0.0658,0,4,0.586
114.548,0,3,3,0.0000,1.2333,-0.0445,1.1856,179.2741,0.0000,0.0000,0.0000,0.0607,1.2107,177.2296,0.008,4909,0.0000,0.0000,0.0653,0,4,0.586
114.652,0,3,3,0.0000,1.2333,-0.0442,1.1845,179.2648,0.0000,0.0000,0.0000,-0.1167,1.0636,179.9651,0.024,4913,0.0000,0.0000,0.0658,0,4,0.592
114.749,0,3,3,0.0000,1.2333,-0.0446,1.1855,179.2738,0.0000,0.0000,0.0000,-0.0771,1.2788,-179.6157,0.028,4917,0.0000,0.0000,0.0653,0,4,0.585
114.850,0,3,3,0.0000,1.2333,-0.0442,1.1845,179.2662,0.0000,0.0000,0.0000,-0.1166,1.0639,179.9517,0.008,4922,0.0000,0.0000,0.0659,0,4,0.446
114.953,0,3,3,0.0000,1.2333,-0.0435,1.1857,179.2606,0.0000,0.0000,0.0000,0.0606,1.2107,177.2305,0.017,4927,0.0000,0.0000,0.0645,0,4,0.593
115.049,0,3,3,0.0000,1.2333,-0.0443,1.1844,179.2657,0.0000,0.0000,0.0000,-0.1166,1.0639,179.9518,0.008,4931,0.0000,0.0000,0.0660,0,4,0.588
115.151,0,3,3,0.0000,1.2333,-0.0432,1.1846,179.2502,0.0000,0.0000,0.0000,0.0606,1.2107,177.2299,0.017,4935,0.0000,0.0000,0.0651,0,4,0.589
115.250,0,3,3,0.0000,1.2333,-0.0443,1.1843,179.2692,0.0000,0.0000,0.0000,-0.1165,1.0643,179.9469,0.017,4940,0.0000,0.0000,0.0661,0,4,0.592
115.349,0,3,3,0.0000,1.2333,-0.0436,1.1856,179.2626,0.0000,0.0000,0.0000,0.0606,1.2107,177.2301,0.012,4945,0.0000,0.0000,0.0646,0,4,0.590
115.451,0,3,3,0.0000,1.2333,-0.0444,1.1843,179.2713,0.0000,0.0000,0.0000,-0.1165,1.0643,179.9476,0.023,4949,0.0000,0.0000,0.0661,0,4,0.592
115.549,0,3,3,0.0000,1.2333,-0.0436,1.1856,179.2661,0.0000,0.0000,0.0000,0.0606,1.2108,177.2300,0.017,4954,0.0000,0.0000,0.0647,0,4,0.592
115.652,0,3,3,0.0000,1.2333,-0.0444,1.1843,179.2719,0.0000,0.0000,0.0000,-0.1165,1.0643,179.9476,0.022,4958,0.0000,0.0000,0.0661,0,4,0.596
115.749,0,3,3,0.0000,1.2333,-0.0436,1.1856,179.2646,0.0000,0.0000,0.0000,0.0606,1.2108,177.2299,0.017,4963,0.0000,0.0000,0.0647,0,4,0.598
115.850,0,3,3,0.0000,1.2333,-0.0444,1.1843,179.2721,0.0000,0.0000,0.0000,-0.1165,1.0643,179.9476,0.029,4967,0.0000,0.0000,0.0662,0,4,0.598
115.948,0,3,3,0.0000,1.2333,-0.0447,1.1853,179.2826,0.0000,0.0000,0.0000,-0.0770,1.2789,-179.6166,0.027,4971,0.0000,0.0000,0.0657,0,4,0.593
116.050,0,3,3,0.0000,1.2333,-0.0443,1.1842,179.2717,0.0000,0.0000,0.0000,0.0607,1.2108,177.2284,0.016,4976,0.0000,0.0000,0.0662,0,4,0.581
116.149,0,3,3,0.0000,1.2333,-0.0436,1.1855,179.2662,0.0000,0.0000,0.0000,0.0606,1.2108,177.2289,0.014,4981,0.0000,0.0000,0.0647,0,4,0.587
116.253,0,3,3,0.0000,1.2333,-0.0436,1.1855,179.2673,0.0000,0.0000,0.0000,0.0606,1.2108,177.2300,0.043,4984,0.0000,0.0000,0.0647,0,4,0.591
116.349,0,3,3,0.0000,1.2333,-0.0444,1.1842,179.2764,0.0000,0.0000,0.0000,0.0606,1.2108,177.2288,0.002,4989,0.0000,0.0000,0.0663,0,4,0.443
116.451,0,3,3,0.0000,1.2333,-0.0445,1.1841,179.2785,0.0000,0.0000,0.0000,-0.1191,1.0611,-179.9650,0.013,4994,0.0000,0.0000,0.0664,0,4,0.576
116.550,0,3,3,0.0000,1.2333,-0.0437,1.1853,179.2729,0.0000,0.0000,0.0000,0.0606,1.2108,177.2285,0.017,4999,0.0000,0.0000,0.0649,0,4,0.601
116.650,0,3,3,0.0000,1.2333,-0.0446,1.1840,179.2827,0.0000,0.0000,0.0000,-0.1193,1.0617,-179.9737,0.021,5003,0.0000,0.0000,0.0665,0,4,0.589
116.748,0,3,3,0.0000,1.2333,-0.0438,1.1853,179.2788,0.0000,0.0000,0.0000,0.0606,1.2108,177.2293,0.016,5008,0.0000,0.0000,0.0650,0,4,0.587
116.852,0,3,3,0.0000,1.2333,-0.0447,1.1839,179.2880,0.0000,0.0000,0.0000,-0.1193,1.0617,-179.9739,0.022,5012,0.0000,0.0000,0.0666,0,4,0.582
116.952,0,3,3,0.0000,1.2333,-0.0439,1.1852,179.2798,0.0000,0.0000,0.0000,0.0606,1.2108,177.2280,0.021,5017,0.0000,0.0000,0.0652,0,4,0.578
117.052,0,3,3,0.0000,1.2333,-0.0447,1.1838,179.2876,0.0000,0.0000,0.0000,-0.1193,1.0617,-179.9740,0.028,5021,0.0000,0.0000,0.0667,0,4,0.591
117.148,0,3,3,0.0000,1.2333,-0.0451,1.1848,179.2986,0.0000,0.0000,0.0000,-0.0770,1.2789,-179.6184,0.023,5025,0.0000,0.0000,0.0662,0,4,0.591
117.250,0,3,3,0.0000,1.2333,-0.0448,1.1838,179.2908,0.0000,0.0000,0.0000,-0.1192,1.0621,-179.9895,0.027,5030,0.0000,0.0000,0.0668,0,4,0.586
117.350,0,3,3,0.0000,1.2333,-0.0440,1.1851,179.2844,0.0000,0.0000,0.0000,0.0606,1.2108,177.2279,0.012,5035,0.0000,0.0000,0.0653,0,4,0.587
117.449,0,3,3,0.0000,1.2333,-0.0448,1.1837,179.2906,0.0000,0.0000,0.0000,0.0607,1.2108,177.2266,0.016,5039,0.0000,0.0000,0.0668,0,4,0.576
117.550,0,3,3,0.0000,1.2333,-0.0441,1.1850,179.2840,0.0000,0.0000,0.0000,0.0607,1.2108,177.2261,0.017,5044,0.0000,0.0000,0.0654,0,4,0.586
117.651,0,3,3,0.0000,1.2333,-0.0441,1.1850,179.2851,0.0000,0.0000,0.0000,0.0607,1.2108,177.2264,0.055,5047,0.0000,0.0000,0.0654,0,4,0.581
117.750,0,3,3,0.0000,1.2333,-0.0453,1.1847,179.3010,0.0000,0.0000,0.0000,-0.0771,1.2789,-179.6156,0.006,5052,0.0000,0.0000,0.0665,0,4,0.585
117.849,0,3,3,0.0000,1.2333,-0.0450,1.1836,179.2897,0.0000,0.0000,0.0000,-0.1193,1.0622,-179.9877,0.017,5057,0.0000,0.0000,0.0670,0,4,0.577
117.953,0,3,3,0.0000,1.2333,-0.0442,1.1849,179.2840,0.0000,0.0000,0.0000,-0.0770,1.2789,-179.6189,0.013,5062,0.0000,0.0000,0.0656,0,4,0.587
118.049,0,3,3,0.0000,1.2333,-0.0450,1.1836,179.2909,0.0000,0.0000,0.0000,-0.1193,1.0622,-179.9877,0.022,5066,0.0000,0.0000,0.0671,0,4,0.577
118.148,0,3,3,0.0000,1.2333,-0.0443,1.1849,179.2849,0.0000,0.0000,0.0000,0.0606,1.2109,177.2271,0.016,5071,0.0000,0.0000,0.0656,0,4,0.589
118.252,0,3,3,0.0000,1.2333,-0.0451,1.1836,179.2950,0.0000,0.0000,0.0000,-0.1193,1.0622,-179.9877,0.023,5075,0.0000,0.0000,0.0671,0,4,0.589
118.348,0,3,3,0.0000,1.2333,-0.0443,1.1849,179.2879,0.0000,0.0000,0.0000,0.0607,1.2108,177.2242,0.017,5080,0.0000,0.0000,0.0657,0,4,0.593
118.449,0,3,3,0.0000,1.2333,-0.0451,1.1836,179.2937,0.0000,0.0000,0.0000,-0.1193,1.0622,-179.9877,0.019,5084,0.0000,0.0000,0.0672,0,4,0.591
118.553,0,3,3,0.0000,1.2333,-0.0455,1.1846,179.3076,0.0000,0.0000,0.0000,-0.0770,1.2789,-179.6179,0.032,5088,0.0000,0.0000,0.0667,0,4,0.581
118.649,0,3,3,0.0000,1.2333,-0.0451,1.1835,179.2978,0.0000,0.0000,0.0000,0.0607,1.2109,177.2252,0.016,5093,0.0000,0.0000,0.0672,0,4,0.590
118.750,0,3,3,0.0000,1.2333,-0.0443,1.1848,179.2937,0.0000,0.0000,0.0000,0.0606,1.2109,177.2267,0.007,5098,0.0000,0.0000,0.0657,0,4,0.590
118.850,0,3,3,0.0000,1.2333,-0.0443,1.1848,179.2969,0.0000,0.0000,0.0000,0.0606,1.2109,177.2256,0.046,5101,0.0000,0.0000,0.0657,0,4,0.586
118.950,0,3,3,0.0000,1.2333,-0.0444,1.1848,179.2970,0.0000,0.0000,0.0000,0.0606,1.2109,177.2258,0.013,5107,0.0000,0.0000,0.0658,0,4,0.589
119.049,0,3,3,0.0000,1.2333,-0.0452,1.1835,179.3020,0.0000,0.0000,0.0000,-0.1195,1.0630,-179.9860,0.016,5111,0.0000,0.0000,0.0673,0,4,0.586
119.150,0,3,3,0.0000,1.2333,-0.0444,1.1848,179.2948,0.0000,0.0000,0.0000,-0.0770,1.2788,-179.6164,0.006,5116,0.0000,0.0000,0.0658,0,4,0.584
119.249,0,3,3,0.0000,1.2333,-0.0452,1.1835,179.3040,0.0000,0.0000,0.0000,-0.1195,1.0630,-179.9860,0.022,5120,0.0000,0.0000,0.0673,0,4,0.590
119.350,0,3,3,0.0000,1.2333,-0.0441,1.1838,179.2892,0.0000,0.0000,0.0000,0.0606,1.2109,177.2247,0.016,5124,0.0000,0.0000,0.0663,0,4,0.589
119.448,0,3,3,0.0000,1.2333,-0.0445,1.1823,179.2732,0.0000,0.0000,0.0000,-0.1195,1.0630,-179.9860,0.024,5129,0.0000,0.0000,0.0677,0,4,0.585
119.550,0,3,3,0.0000,1.2333,-0.0438,1.1836,179.2673,0.0000,0.0000,0.0000,0.0607,1.2109,177.2243,0.018,5134,0.0000,0.0000,0.0662,0,4,0.588
119.649,0,3,3,0.0000,1.2333,-0.0446,1.1824,179.2761,0.0000,0.0000,0.0000,-0.1195,1.0630,-179.9860,0.028,5138,0.0000,0.0000,0.0677,0,4,0.592
119.748,0,3,3,0.0000,1.2333,-0.0439,1.1838,179.2706,0.0000,0.0000,0.0000,0.0607,1.2109,177.2237,0.016,5143,0.0000,0.0000,0.0662,0,4,0.595
119.851,0,3,3,0.0000,1.2333,-0.0447,1.1825,179.2817,0.0000,0.0000,0.0000,-0.1195,1.0630,-179.9860,0.022,5147,0.0000,0.0000,0.0677,0,4,0.582
119.950,0,3,3,0.0000,1.2333,-0.0450,1.1836,179.2860,0.0000,0.0000,0.0000,-0.0769,1.2791,-179.6104,0.029,5151,0.0000,0.0000,0.0671,0,4,0.592
120.051,0,3,3,0.0000,1.2333,-0.0447,1.1826,179.2772,0.0000,0.0000,0.0000,-0.1195,1.0630,-179.9860,0.020,5156,0.0000,0.0000,0.0676,0,4,0.597
120.151,0,3,3,0.0000,1.2333,-0.0440,1.1840,179.2728,0.0000,0.0000,0.0000,0.0606,1.2109,177.2250,0.008,5161,0.0000,0.0000,0.0661,0,4,0.582
120.249,0,3,3,0.0000,1.2333,-0.0448,1.1827,179.2817,0.0000,0.0000,0.0000,-0.1195,1.0630,-179.9860,0.014,5165,0.0000,0.0000,0.0676,0,4,0.579
120.350,0,3,3,0.0000,1.2333,-0.0440,1.1840,179.2782,0.0000,0.0000,0.0000,0.0606,1.2109,177.2254,0.020,5170,0.0000,0.0000,0.0661,0,4,0.594
120.452,0,3,3,0.0000,1.2333,-0.0441,1.1841,179.2796,0.0000,0.0000,0.0000,0.0606,1.2109,177.2251,0.049,5173,0.0000,0.0000,0.0661,0,4,0.593
120.550,0,3,3,0.0000,1.2333,-0.0449,1.1827,179.2887,0.0000,0.0000,0.0000,-0.0770,1.2790,-179.6109,0.002,5178,0.0000,0.0000,0.0677,0,4,0.578
120.650,0,4,0,0.0000,1.2333,-0.0450,1.1828,179.2898,0.0000,0.0000,0.0000,-0.1188,1.0609,-179.8549,0.010,5183,-0.0349,-0.0414,0.0677,0,4,0.589
120.751,0,4,1,0.6167,1.2333,-0.0431,1.1863,179.1351,0.0000,0.0000,0.0000,0.0606,1.2109,177.2250,0.012,5188,-0.0995,-0.0098,0.6614,0,4,0.585
120.849,0,4,1,0.6167,1.2333,-0.0343,1.1871,178.8340,0.0000,0.0000,0.0000,-0.1160,1.0623,179.6601,0.022,5192,-0.0995,-0.0098,0.6526,0,4,0.588
120.950,0,4,1,0.6167,1.2333,-0.0245,1.1893,178.7295,0.0000,0.0000,0.0000,0.0746,1.2186,176.5776,0.023,5197,-0.0995,-0.0096,0.6426,0,4,0.587
121.050,0,4,1,0.6167,1.2333,-0.0154,1.1890,178.6478,0.0000,0.0000,0.0000,-0.0452,1.0870,178.3062,0.024,5201,-0.0995,-0.0097,0.6336,0,4,0.589
121.149,0,4,1,0.6167,1.2333,-0.0080,1.1900,178.5920,0.0000,0.0000,0.0000,-0.0536,1.2938,179.8598,0.003,5205,-0.0995,-0.0096,0.6261,0,4,0.579
121.250,0,4,1,0.6167,1.2333,0.0045,1.1914,178.4741,0.0000,0.0000,0.0000,-0.0327,1.0889,178.3259,0.013,5210,-0.0995,-0.0096,0.6136,0,4,0.581
121.350,0,4,1,0.6167,1.2333,0.0195,1.1919,178.4355,0.0000,0.0000,0.0000,0.1194,1.2156,176.4465,0.009,5215,-0.0995,-0.0097,0.5986,0,4,0.580
121.449,0,4,1,0.6167,1.2333,0.0310,1.1908,178.2715,0.0000,0.0000,0.0000,-0.0246,1.0915,178.3101,0.023,5219,-0.0995,-0.0100,0.5872,0,4,0.578
121.550,0,4,1,0.6167,1.2333,0.0425,1.1920,178.3007,0.0000,0.0000,0.0000,0.1804,1.2117,176.2330,0.023,5223,-0.0995,-0.0099,0.5757,0,4,0.589
121.650,0,4,1,0.6167,1.2333,0.0554,1.1923,178.2332,0.0000,0.0000,0.0000,0.1470,1.2165,176.3721,0.046,5227,-0.0995,-0.0100,0.5627,0,4,0.588
121.749,0,4,1,0.6167,1.2333,0.0657,1.1935,178.3992,0.0000,0.0000,0.0000,0.1642,1.2140,176.5754,0.002,5233,-0.0995,-0.0099,0.5524,0,4,0.597
121.850,0,4,1,0.6167,1.2333,0.0779,1.1925,178.3326,0.0000,0.0000,0.0000,0.0799,1.1108,177.3832,0.019,5237,-0.0995,-0.0103,0.5403,0,4,0.601
121.949,0,4,1,0.6167,1.2333,0.0904,1.1930,178.2630,0.0000,0.0000,0.0000,0.1839,1.2169,176.5442,0.017,5241,-0.0995,-0.0104,0.5278,0,4,0.576
122.049,0,4,1,0.6167,1.2333,0.1033,1.1926,178.3154,0.0000,0.0000,0.0000,0.0602,1.1114,177.9710,0.024,5246,-0.0994,-0.0106,0.5150,0,4,0.593
122.151,0,4,1,0.6167,1.2333,0.1164,1.1943,178.3079,0.0000,0.0000,0.0000,0.2074,1.2184,176.7344,0.016,5251,-0.0994,-0.0105,0.5017,0,4,0.588
122.249,0,4,1,0.6167,1.2333,0.1240,1.1945,178.3249,0.0000,0.0000,0.0000,0.0400,1.1070,178.7327,0.020,5255,-0.0994,-0.0106,0.4942,0,4,0.582
122.349,0,4,1,0.6167,1.2333,0.1359,1.1960,178.3604,0.0000,0.0000,0.0000,0.2264,1.2223,176.5834,0.018,5260,-0.0995,-0.0105,0.4823,0,4,0.578
122.450,0,4,1,0.6167,1.2333,0.1462,1.1954,178.3311,0.0000,0.0000,0.0000,0.0474,1.1108,178.9845,0.024,5264,-0.0994,-0.0108,0.4720,0,4,0.583
122.550,0,4,1,0.6167,1.2333,0.1568,1.1979,178.3002,0.0000,0.0000,0.0000,0.2505,1.2147,176.8625,0.016,5269,-0.0995,-0.0104,0.4612,0,4,0.589
122.650,0,4,1,0.6167,1.2333,0.1662,1.1976,178.3517,0.0000,0.0000,0.0000,0.2550,1.2188,176.7600,0.018,5273,-0.0994,-0.0106,0.4518,0,4,0.577
122.750,0,4,1,0.6167,1.2333,0.1795,1.1982,178.2967,0.0000,0.0000,0.0000,0.2859,1.2187,176.6165,0.034,5277,-0.0994,-0.0107,0.4386,0,4,0.577
122.851,0,4,1,0.6167,1.2333,0.1919,1.1980,178.1509,0.0000,0.0000,0.0000,0.1548,1.1295,177.6341,0.020,5282,-0.0994,-0.0110,0.4262,0,4,0.585
122.950,0,4,1,0.6167,1.2333,0.2037,1.1997,178.2328,0.0000,0.0000,0.0000,0.2931,1.2183,176.7853,0.009,5287,-0.0994,-0.0109,0.4143,0,4,0.410
123.049,0,4,1,0.6167,1.2333,0.2135,1.1993,178.1280,0.0000,0.0000,0.0000,0.1452,1.1339,178.0372,0.022,5291,-0.0994,-0.0111,0.4046,0,4,0.579
123.151,0,4,1,0.6167,1.2333,0.2248,1.1998,178.2231,0.0000,0.0000,0.0000,0.3143,1.2166,176.9457,0.018,5295,-0.0994,-0.0112,0.3933,0,4,0.572
123.251,0,4,1,0.6167,1.2333,0.2352,1.2007,178.2402,0.0000,0.0000,0.0000,0.1135,1.1324,179.0513,0.006,5300,-0.0994,-0.0111,0.3828,0,4,0.583
123.357,0,4,1,0.6167,1.2333,0.2446,1.2033,178.4569,0.0000,0.0000,0.0000,0.3373,1.2180,177.2659,0.026,5305,-0.0994,-0.0108,0.3733,0,4,0.579
123.450,0,4,1,0.6167,1.2333,0.2550,1.2033,178.4222,0.0000,0.0000,0.0000,0.2331,1.1465,177.3677,0.027,5309,-0.0994,-0.0110,0.3629,0,4,0.572
123.551,0,4,1,0.6167,1.2333,0.2670,1.2049,178.3566,0.0000,0.0000,0.0000,0.3569,1.2224,177.3204,0.017,5314,-0.0994,-0.0108,0.3508,0,4,0.586
123.649,0,4,1,0.6167,1.2333,0.2742,1.2038,178.3770,0.0000,0.0000,0.0000,0.2244,1.0689,179.4781,0.025,5318,-0.0994,-0.0113,0.3437,0,4,0.582
123.751,0,4,1,0.6167,1.2333,0.2885,1.2050,178.3550,0.0000,0.0000,0.0000,0.3792,1.2202,177.2267,0.020,5323,-0.0994,-0.0113,0.3294,0,4,0.575
123.850,0,4,1,0.6167,1.2333,0.3002,1.2033,178.3842,0.0000,0.0000,0.0000,0.3016,1.0773,178.4403,0.021,5327,-0.0993,-0.0122,0.3179,0,4,0.583
123.950,0,4,1,0.6167,1.2333,0.3106,1.2042,178.3834,0.0000,0.0000,0.0000,0.2365,1.2967,179.4980,0.030,5331,-0.0993,-0.0122,0.3074,0,4,0.587
124.051,0,4,1,0.6167,1.2333,0.3224,1.2028,178.2900,0.0000,0.0000,0.0000,0.2774,1.0760,179.2706,0.024,5336,-0.0991,-0.0130,0.2959,0,4,0.573
124.150,0,4,1,0.6167,1.2333,0.3355,1.2032,178.3192,0.0000,0.0000,0.0000,0.4196,1.2232,177.2393,0.008,5341,-0.0991,-0.0134,0.2828,0,4,0.584
124.251,0,4,1,0.6167,1.2333,0.3461,1.2020,178.2487,0.0000,0.0000,0.0000,0.4288,1.2222,177.4128,0.022,5345,-0.0990,-0.0142,0.2724,0,4,0.564
124.349,0,4,1,0.6167,1.2333,0.3576,1.2024,178.2815,0.0000,0.0000,0.0000,0.4413,1.2223,177.3854,0.019,5350,-0.0989,-0.0145,0.2609,0,4,0.590
124.449,0,4,1,0.6167,1.2333,0.3692,1.2028,178.1839,0.0000,0.0000,0.0000,0.3054,1.0817,179.4565,0.002,5354,-0.0989,-0.0150,0.2493,0,4,0.553
124.550,0,4,1,0.6167,1.2333,0.3807,1.2033,178.2516,0.0000,0.0000,0.0000,0.3262,1.0841,179.1080,0.006,5358,-0.0988,-0.0153,0.2379,0,4,0.559
124.649,0,4,1,0.6167,1.2333,0.3916,1.2014,178.3121,0.0000,0.0000,0.0000,0.3417,1.0870,179.1652,0.012,5363,-0.0986,-0.0167,0.2273,0,4,0.581
124.750,0,4,1,0.6167,1.2333,0.4029,1.2021,178.2066,0.0000,0.0000,0.0000,0.3140,1.3031,179.5549,0.003,5368,-0.0985,-0.0171,0.2161,0,4,0.556
124.851,0,4,1,0.6167,1.2333,0.4137,1.2029,178.2858,0.0000,0.0000,0.0000,0.3491,1.0912,179.4152,0.029,5372,-0.0985,-0.0175,0.2052,0,4,0.553
124.950,0,4,1,0.6167,1.2333,0.4246,1.2050,178.2778,0.0000,0.0000,0.0000,0.5048,1.2268,177.5886,0.019,5377,-0.0985,-0.0173,0.1941,0,4,0.584
125.048,0,4,1,0.6167,1.2333,0.4330,1.2043,178.3106,0.0000,0.0000,0.0000,0.3697,1.0972,179.4480,0.026,5381,-0.0983,-0.0183,0.1860,0,4,0.567
125.149,0,4,1,0.6167,1.2333,0.4460,1.2057,178.2534,0.0000,0.0000,0.0000,0.5243,1.2266,177.6889,0.020,5386,-0.0982,-0.0187,0.1729,0,4,0.570
125.248,0,4,1,0.6167,1.2333,0.4557,1.2055,178.2898,0.0000,0.0000,0.0000,0.3957,1.1020,179.3253,0.024,5390,-0.0980,-0.0197,0.1634,0,4,0.565
125.349,0,4,1,0.6167,1.2333,0.4691,1.2072,178.1629,0.0000,0.0000,0.0000,0.5470,1.2279,177.6106,0.016,5395,-0.0979,-0.0201,0.1499,0,4,0.552
125.449,0,4,1,0.6167,1.2333,0.4788,1.2071,178.1955,0.0000,0.0000,0.0000,0.5544,1.2272,177.7415,0.026,5399,-0.0977,-0.0214,0.1403,0,4,0.564
125.549,0,4,1,0.6167,1.2333,0.4918,1.2089,178.2865,0.0000,0.0000,0.0000,0.5470,1.2381,177.0283,0.029,5403,-0.0976,-0.0219,0.1272,0,4,0.568
125.649,0,4,1,0.6167,1.2333,0.5014,1.2101,178.4064,0.0000,0.0000,0.0000,0.4575,1.1121,179.0142,0.002,5408,-0.0917,-0.0211,0.1176,0,4,0.562
125.750,0,4,1,0.6167,1.2333,0.5126,1.2108,178.3721,0.0000,0.0000,0.0000,0.5892,1.2325,178.1021,0.007,5413,-0.0827,-0.0203,0.1065,0,4,0.551
125.850,0,4,1,0.6167,1.2333,0.5214,1.2123,178.3544,0.0000,0.0000,0.0000,0.4852,1.1165,178.7961,0.024,5417,-0.0762,-0.0190,0.0976,0,4,0.548
125.952,0,4,1,0.6167,1.2333,0.5315,1.2140,178.2931,0.0000,0.0000,0.0000,0.6096,1.2313,178.2426,0.004,5422,-0.0677,-0.0173,0.0873,0,4,0.558
126.050,0,4,1,0.6167,1.2333,0.5388,1.2141,178.4206,0.0000,0.0000,0.0000,0.4934,1.1232,178.9330,0.027,5426,-0.0619,-0.0171,0.0802,0,4,0.548
126.149,0,4,1,0.6167,1.2333,0.5460,1.2152,178.2554,0.0000,0.0000,0.0000,0.5961,1.2480,177.1302,0.002,5431,-0.0561,-0.0161,0.0729,0,4,0.555
126.252,0,4,2,1.2333,1.2333,0.5535,1.2162,178.2997,0.0000,0.0000,0.0000,0.5162,1.1268,178.7524,0.029,5435,-0.0999,-0.0053,0.6801,0,4,0.345
126.349,0,4,2,1.2333,1.2333,0.5638,1.2167,178.2500,0.0000,0.0000,0.0000,0.6363,1.2361,177.9625,0.019,5440,-0.0999,-0.0052,0.6698,0,4,0.542
126.448,0,4,2,1.2333,1.2333,0.5731,1.2165,178.2431,0.0000,0.0000,0.0000,0.5336,1.1294,178.5765,0.026,5444,-0.0999,-0.0053,0.6604,0,4,0.547
126.550,0,4,2,1.2333,1.2333,0.5825,1.2186,178.2486,0.0000,0.0000,0.0000,0.6591,1.2358,178.0054,0.021,5449,-0.0999,-0.0050,0.6510,0,4,0.550
126.649,0,4,2,1.2333,1.2333,0.5906,1.2182,178.3155,0.0000,0.0000,0.0000,0.5509,1.1315,178.5435,0.029,5453,-0.0999,-0.0051,0.6429,0,4,0.549
126.750,0,4,2,1.2333,1.2333,0.5996,1.2199,178.1785,0.0000,0.0000,0.0000,0.5008,1.3217,179.0929,0.030,5457,-0.0999,-0.0048,0.6338,0,4,0.544
126.850,0,4,2,1.2333,1.2333,0.6095,1.2196,178.2961,0.0000,0.0000,0.0000,0.5789,1.1320,178.2790,0.022,5462,-0.0999,-0.0049,0.6240,0,4,0.539
126.950,0,4,2,1.2333,1.2333,0.6193,1.2213,178.3265,0.0000,0.0000,0.0000,0.7025,1.2284,178.2290,0.010,5467,-0.0999,-0.0047,0.6142,0,4,0.544
127.049,0,4,2,1.2333,1.2333,0.6278,1.2224,178.3568,0.0000,0.0000,0.0000,0.5962,1.1354,178.4759,0.021,5471,-0.0999,-0.0045,0.6056,0,4,0.545
127.150,0,4,2,1.2333,1.2333,0.6359,1.2271,178.4311,0.0000,0.0000,0.0000,0.7264,1.2228,178.4843,0.014,5476,-0.0999,-0.0038,0.5975,0,4,0.541
127.249,0,4,2,1.2333,1.2333,0.6428,1.2289,178.4298,0.0000,0.0000,0.0000,0.7326,1.2231,178.3766,0.055,5479,-0.0999,-0.0035,0.5906,0,4,0.557
127.349,0,4,2,1.2333,1.2333,0.6526,1.2322,178.4524,0.0000,0.0000,0.0000,0.7464,1.2224,178.3346,0.017,5485,-0.1000,-0.0029,0.5808,0,4,0.554
127.448,0,4,2,1.2333,1.2333,0.6605,1.2328,178.5816,0.0000,0.0000,0.0000,0.6449,1.1366,178.0812,0.022,5489,-0.1000,-0.0028,0.5728,0,4,0.575
127.549,0,4,2,1.2333,1.2333,0.6675,1.2370,178.5842,0.0000,0.0000,0.0000,0.7707,1.2175,178.5410,0.008,5494,-0.1000,-0.0021,0.5659,0,4,0.565
127.649,0,4,2,1.2333,1.2333,0.6792,1.2369,178.5703,0.0000,0.0000,0.0000,0.6715,1.1368,177.9062,0.030,5498,-0.1000,-0.0021,0.5542,0,4,0.561
127.748,0,4,2,1.2333,1.2333,0.6863,1.2404,178.6462,0.0000,0.0000,0.0000,0.7924,1.2107,178.6878,0.019,5503,-0.1000,-0.0014,0.5471,0,4,0.564
127.851,0,4,2,1.2333,1.2333,0.6971,1.2403,178.6586,0.0000,0.0000,0.0000,0.5282,1.4762,-177.5106,0.003,5508,-0.1000,-0.0014,0.5363,0,4,0.569
127.951,0,4,2,1.2333,1.2333,0.7059,1.2436,178.6828,0.0000,0.0000,0.0000,0.8145,1.2074,178.6985,0.022,5512,-0.1000,-0.0008,0.5275,0,4,0.577
128.049,0,4,2,1.2333,1.2333,0.7133,1.2434,178.6193,0.0000,0.0000,0.0000,0.7203,1.1382,177.5773,0.025,5516,-0.1000,-0.0008,0.5202,0,4,0.541
128.149,0,4,2,1.2333,1.2333,0.7212,1.2468,178.6263,0.0000,0.0000,0.0000,0.5869,1.4676,-178.1588,0.020,5520,-0.1000,-0.0001,0.5123,0,4,0.553
128.250,0,4,2,1.2333,1.2333,0.7343,1.2456,178.6042,0.0000,0.0000,0.0000,0.7412,1.1392,177.3899,0.026,5525,-0.1000,-0.0003,0.4992,0,4,0.548
128.350,0,4,2,1.2333,1.2333,0.7427,1.2481,178.6133,0.0000,0.0000,0.0000,0.8600,1.1971,178.8067,0.016,5530,-0.1000,0.0003,0.4909,0,4,0.554
128.448,0,4,2,1.2333,1.2333,0.7513,1.2486,178.6137,0.0000,0.0000,0.0000,0.7621,1.1393,177.2756,0.006,5534,-0.1000,0.0004,0.4823,0,4,0.580
128.551,0,4,2,1.2333,1.2333,0.7627,1.2496,178.5383,0.0000,0.0000,0.0000,0.8842,1.1892,179.0887,0.014,5539,-0.1000,0.0007,0.4709,0,4,0.589
128.649,0,4,2,1.2333,1.2333,0.7723,1.2488,178.5865,0.0000,0.0000,0.0000,0.7796,1.1410,177.1905,0.016,5543,-0.1000,0.0006,0.4613,0,4,0.590
128.750,0,4,2,1.2333,1.2333,0.7823,1.2482,178.4863,0.0000,0.0000,0.0000,0.6443,1.4635,-178.5212,0.003,5548,-0.1000,0.0006,0.4513,0,4,0.564
128.849,0,4,2,1.2333,1.2333,0.7924,1.2494,178.5593,0.0000,0.0000,0.0000,0.8096,1.1385,176.9274,0.028,5552,-0.1000,0.0009,0.4412,0,4,0.584
128.949,0,4,2,1.2333,1.2333,0.8009,1.2511,178.5701,0.0000,0.0000,0.0000,0.9335,1.1724,179.7709,0.017,5557,-0.1000,0.0014,0.4328,0,4,0.554
129.050,0,4,2,1.2333,1.2333,0.8104,1.2499,178.5949,0.0000,0.0000,0.0000,0.8280,1.1398,176.9261,0.036,5561,-0.1000,0.0012,0.4233,0,4,0.567
129.150,0,4,2,1.2333,1.2333,0.8220,1.2514,178.5438,0.0000,0.0000,0.0000,0.9603,1.1630,-179.7694,0.017,5566,-0.1000,0.0017,0.4117,0,4,0.574
129.252,0,4,2,1.2333,1.2333,0.8322,1.2500,178.5158,0.0000,0.0000,0.0000,0.8553,1.1372,176.6767,0.029,5570,-0.1000,0.0014,0.4014,0,4,0.568
129.351,0,4,2,1.2333,1.2333,0.8429,1.2509,178.5673,0.0000,0.0000,0.0000,0.9901,1.1516,-179.2467,0.020,5575,-0.1000,0.0018,0.3909,0,4,0.558
129.450,0,4,2,1.2333,1.2333,0.8535,1.2492,178.4995,0.0000,0.0000,0.0000,0.8768,1.1374,176.6005,0.026,5579,-0.1000,0.0014,0.3801,0,4,0.573
129.550,0,4,2,1.2333,1.2333,0.8615,1.2512,178.5105,0.0000,0.0000,0.0000,0.7123,1.4648,-178.7736,0.036,5583,-0.1000,0.0021,0.3723,0,4,0.573
129.650,0,4,2,1.2333,1.2333,0.8749,1.2482,178.4639,0.0000,0.0000,0.0000,1.0468,1.1321,-177.0778,0.021,5588,-0.1000,0.0014,0.3588,0,4,0.567
129.749,0,4,2,1.2333,1.2333,0.8859,1.2489,178.5914,0.0000,0.0000,0.0000,1.0842,1.1211,-175.3968,0.013,5593,-0.1000,0.0017,0.3478,0,4,0.564
129.852,0,4,2,1.2333,1.2333,0.8974,1.2468,178.6195,0.0000,0.0000,0.0000,0.9240,1.1342,176.1889,0.020,5597,-0.1000,0.0013,0.3362,0,4,0.572
129.950,0,4,2,1.2333,1.2333,0.9098,1.2472,178.6585,0.0000,0.0000,0.0000,0.7688,1.4529,-179.2693,0.009,5602,-0.1000,0.0015,0.3238,0,4,0.572
130.050,0,4,2,1.2333,1.2333,0.9217,1.2452,178.5969,0.0000,0.0000,0.0000,0.9406,1.1355,176.1129,0.010,5606,-0.1000,0.0011,0.3119,0,4,0.575
130.148,0,4,2,1.2333,1.2333,0.9341,1.2458,178.8091,0.0000,0.0000,0.0000,1.2578,1.1103,-166.1656,0.013,5611,-0.1000,0.0014,0.2995,0,4,0.584
130.249,0,4,2,1.2333,1.2333,0.9478,1.2442,178.9084,0.0000,0.0000,0.0000,0.9642,1.1337,175.8950,0.027,5615,-0.1000,0.0011,0.2858,0,4,0.572
130.350,0,4,2,1.2333,1.2333,0.9624,1.2455,179.0288,0.0000,0.0000,0.0000,1.3482,1.1281,-161.1010,0.020,5620,-0.1000,0.0018,0.2712,0,4,0.568
130.450,0,4,2,1.2333,1.2333,0.9763,1.2445,179.0051,0.0000,0.0000,0.0000,1.0338,1.1452,173.9017,0.036,5624,-0.1000,0.0016,0.2573,0,4,0.572
130.552,0,4,2,1.2333,1.2333,0.9918,1.2466,179.2509,0.0000,0.0000,0.0000,1.4185,1.1517,-157.4774,0.022,5629,-0.1000,0.0028,0.2419,0,4,0.583
130.652,0,4,2,1.2333,1.2333,1.0059,1.2457,179.1207,0.0000,0.0000,0.0000,1.0575,1.1403,173.6013,0.039,5633,-0.1000,0.0027,0.2278,0,4,0.573
130.752,0,4,2,1.2333,1.2333,1.0169,1.2486,179.1004,0.0000,0.0000,0.0000,1.0588,1.1400,173.5873,0.003,5638,-0.0999,0.0043,0.2170,0,4,0.591
130.851,0,4,2,1.2333,1.2333,1.0257,1.2480,178.9156,0.0000,0.0000,0.0000,1.0741,1.1369,173.2844,0.032,5640,-0.0999,0.0043,0.2081,0,4,0.591
130.949,0,4,2,1.2333,1.2333,1.0299,1.2515,178.8764,0.0000,0.0000,0.0000,0.8325,1.4860,-179.8795,0.029,5643,-0.0998,0.0062,0.2043,0,4,0.576
131.050,0,4,2,1.2333,1.2333,1.0397,1.2502,178.6524,0.0000,0.0000,0.0000,1.0982,1.1339,172.9936,0.033,5646,-0.0998,0.0060,0.1944,0,4,0.581
131.149,0,4,2,1.2333,1.2333,1.0485,1.2526,178.3504,0.0000,0.0000,0.0000,0.8940,1.4610,179.1619,0.029,5649,-0.0997,0.0077,0.1858,0,4,0.585
131.248,0,4,2,1.2333,1.2333,1.0554,1.2528,178.3306,0.0000,0.0000,0.0000,1.1168,1.1296,172.6558,0.003,5652,-0.0997,0.0082,0.1790,0,4,0.594
131.351,0,4,2,1.2333,1.2333,1.0647,1.2535,178.2708,0.0000,0.0000,0.0000,0.8979,1.4683,179.2920,0.019,5655,-0.0996,0.0092,0.1698,0,4,0.580
131.450,0,4,2,1.2333,1.2333,1.0742,1.2518,178.2149,0.0000,0.0000,0.0000,1.1336,1.1263,172.6961,0.031,5658,-0.0996,0.0088,0.1602,0,4,0.601
131.549,0,4,2,1.2333,1.2333,1.0808,1.2519,178.1441,0.0000,0.0000,0.0000,0.9035,1.4743,179.4186,0.007,5661,-0.0996,0.0094,0.1537,0,4,0.599
131.651,0,4,2,1.2333,1.2333,1.0898,1.2525,178.1356,0.0000,0.0000,0.0000,1.1529,1.1191,172.8120,0.034,5664,-0.0994,0.0105,0.1448,0,4,0.613
131.750,0,4,2,1.2333,1.2333,1.0966,1.2543,178.1348,0.0000,0.0000,0.0000,1.1662,1.1184,172.7353,0.003,5668,-0.0992,0.0124,0.1383,0,4,0.606
131.848,0,4,2,1.2333,1.2333,1.1054,1.2518,178.0630,0.0000,0.0000,0.0000,1.1759,1.1157,172.6218,0.029,5670,-0.0993,0.0115,0.1293,0,4,0.615
131.949,0,4,2,1.2333,1.2333,1.1125,1.2534,178.0621,0.0000,0.0000,0.0000,1.1907,1.1124,172.6544,0.002,5674,-0.0971,0.0134,0.1225,0,4,0.608
132.050,0,4,2,1.2333,1.2333,1.1237,1.2504,177.9880,0.0000,0.0000,0.0000,1.1958,1.1102,172.6950,0.038,5676,-0.0880,0.0112,0.1109,0,4,0.608
132.149,0,4,2,1.2333,1.2333,1.1283,1.2522,178.0327,0.0000,0.0000,0.0000,1.0112,1.4300,178.6183,0.029,5679,-0.0844,0.0128,0.1067,0,4,0.605
132.251,0,4,2,1.2333,1.2333,1.1385,1.2489,178.0101,0.0000,0.0000,0.0000,1.2098,1.1064,173.1003,0.039,5682,-0.0762,0.0104,0.0961,0,4,0.597
132.350,0,4,2,1.2333,1.2333,1.1431,1.2506,178.2626,0.0000,0.0000,0.0000,1.2254,1.1056,173.1352,0.002,5686,-0.0725,0.0118,0.0919,0,4,0.590
132.449,0,4,2,1.2333,1.2333,1.1501,1.2493,178.0561,0.0000,0.0000,0.0000,1.2284,1.1025,173.2228,0.005,5688,-0.0669,0.0110,0.0847,0,4,0.583
132.548,0,4,2,1.2333,1.2333,1.1560,1.2482,178.1213,0.0000,0.0000,0.0000,1.0450,1.4112,178.6038,0.029,5691,-0.0621,0.0102,0.0787,0,4,0.580
132.652,0,4,2,1.2333,1.2333,1.1633,1.2450,178.0944,0.0000,0.0000,0.0000,1.2436,1.0983,173.2298,0.030,5694,0.0000,0.0000,0.0710,0,4,0.551
132.751,0,4,2,1.2333,1.2333,1.1627,1.2473,178.0484,0.0000,0.0000,0.0000,1.2466,1.0980,173.3254,0.002,5698,0.0000,0.0000,0.0720,0,4,0.564
132.850,0,4,2,1.2333,1.2333,1.1636,1.2455,177.9556,0.0000,0.0000,0.0000,1.2516,1.0949,173.3012,0.032,5700,0.0000,0.0000,0.0708,0,4,0.554
132.949,0,4,2,1.2333,1.2333,1.1633,1.2456,177.9205,0.0000,0.0000,0.0000,1.0446,1.4188,178.9708,0.003,5703,0.0000,0.0000,0.0711,0,4,0.554
133.049,0,4,2,1.2333,1.2333,1.1627,1.2460,177.8619,0.0000,0.0000,0.0000,1.2512,1.0940,173.2682,0.035,5706,0.0000,0.0000,0.0718,0,4,0.572
133.148,0,4,2,1.2333,1.2333,1.1609,1.2484,177.8639,0.0000,0.0000,0.0000,1.0446,1.4188,178.9708,0.026,5709,0.0000,0.0000,0.0740,0,4,0.554
133.248,0,4,2,1.2333,1.2333,1.1617,1.2465,177.7813,0.0000,0.0000,0.0000,1.2512,1.0940,173.2676,0.031,5712,0.0000,0.0000,0.0729,0,4,0.563
133.349,0,4,2,1.2333,1.2333,1.1598,1.2489,177.7798,0.0000,0.0000,0.0000,1.0446,1.4188,178.9708,0.029,5715,0.0000,0.0000,0.0752,0,4,0.555
133.451,0,4,2,1.2333,1.2333,1.1607,1.2471,177.6981,0.0000,0.0000,0.0000,1.2512,1.0940,173.2670,0.037,5718,0.0000,0.0000,0.0740,0,4,0.547
133.552,0,4,2,1.2333,1.2333,1.1589,1.2495,177.6987,0.0000,0.0000,0.0000,1.2512,1.0940,173.2665,0.003,5722,0.0000,0.0000,0.0762,0,4,0.558
133.653,0,4,2,1.2333,1.2333,1.1597,1.2476,177.6205,0.0000,0.0000,0.0000,1.2513,1.0939,173.2660,0.035,5724,0.0000,0.0000,0.0750,1,5,0.561
133.748,0,4,2,1.2333,1.2333,1.1579,1.2500,177.6201,0.0000,0.0000,0.0000,1.0448,1.4189,178.9673,0.033,5727,0.0000,0.0000,0.0772,1,5,0.561
133.851,0,4,2,1.2333,1.2333,1.1575,1.2502,177.5976,0.0000,0.0000,0.0000,1.2513,1.0939,173.2654,0.009,5730,0.0000,0.0000,0.0776,1,5,0.569
133.950,0,4,2,1.2333,1.2333,1.1571,1.2504,177.5469,0.0000,0.0000,0.0000,1.0448,1.4189,178.9673,0.028,5733,0.0000,0.0000,0.0781,1,5,0.559
134.048,0,4,2,1.2333,1.2333,1.1568,1.2506,177.5227,0.0000,0.0000,0.0000,1.2513,1.0940,173.2666,0.005,5736,0.0000,0.0000,0.0784,1,5,0.567
134.149,0,4,2,1.2333,1.2333,1.1562,1.2509,177.4754,0.0000,0.0000,0.0000,1.0448,1.4189,178.9673,0.016,5739,0.0000,0.0000,0.0791,1,5,0.565
134.249,0,4,2,1.2333,1.2333,1.1572,1.2490,177.4056,0.0000,0.0000,0.0000,1.2513,1.0939,173.2640,0.025,5742,0.0000,0.0000,0.0777,1,5,0.574
134.351,0,4,2,1.2333,1.2333,1.1555,1.2514,177.4078,0.0000,0.0000,0.0000,1.2513,1.0939,173.2642,0.002,5746,0.0000,0.0000,0.0799,1,5,0.561
134.449,0,4,2,1.2333,1.2333,1.1565,1.2495,177.3395,0.0000,0.0000,0.0000,1.2513,1.0940,173.2650,0.038,5748,0.0000,0.0000,0.0785,1,5,0.566
134.548,0,4,2,1.2333,1.2333,1.1548,1.2518,177.3417,0.0000,0.0000,0.0000,1.0448,1.4189,178.9673,0.029,5751,0.0000,0.0000,0.0806,1,5,0.577
134.649,0,4,2,1.2333,1.2333,1.1559,1.2499,177.2778,0.0000,0.0000,0.0000,1.2513,1.0939,173.2625,0.037,5754,0.0000,0.0000,0.0792,1,5,0.573
134.749,0,4,2,1.2333,1.2333,1.1542,1.2523,177.2782,0.0000,0.0000,0.0000,1.0448,1.4189,178.9673,0.028,5757,0.0000,0.0000,0.0814,1,5,0.570
134.851,0,4,2,1.2333,1.2333,1.1553,1.2503,177.2164,0.0000,0.0000,0.0000,1.2514,1.0939,173.2637,0.032,5760,0.0000,0.0000,0.0799,1,5,0.556
134.952,0,4,2,1.2333,1.2333,1.1536,1.2526,177.2186,0.0000,0.0000,0.0000,1.2514,1.0940,173.2644,0.002,5764,0.0000,0.0000,0.0820,1,5,0.557
135.051,0,4,2,1.2333,1.2333,1.1547,1.2507,177.1588,0.0000,0.0000,0.0000,1.2514,1.0940,173.2650,0.039,5766,0.0000,0.0000,0.0805,1,5,0.574
135.148,0,4,2,1.2333,1.2333,1.1531,1.2530,177.1626,0.0000,0.0000,0.0000,1.0448,1.4189,178.9673,0.029,5769,0.0000,0.0000,0.0826,1,5,0.560
135.250,0,4,2,1.2333,1.2333,1.1542,1.2510,177.1048,0.0000,0.0000,0.0000,1.2514,1.0939,173.2617,0.014,5772,0.0000,0.0000,0.0810,1,5,0.563
135.349,0,4,2,1.2333,1.2333,1.1527,1.2533,177.1078,0.0000,0.0000,0.0000,1.2514,1.0939,173.2619,0.023,5775,0.0000,0.0000,0.0831,1,5,0.563
135.449,0,4,2,1.2333,1.2333,1.1538,1.2513,177.0518,0.0000,0.0000,0.0000,1.2514,1.0939,173.2627,0.026,5778,0.0000,0.0000,0.0815,1,5,0.558
135.549,0,4,2,1.2333,1.2333,1.1537,1.2514,177.0373,0.0000,0.0000,0.0000,1.0448,1.4189,178.9673,0.007,5781,0.0000,0.0000,0.0817,1,5,0.558
135.650,0,4,2,1.2333,1.2333,1.1534,1.2517,177.0061,0.0000,0.0000,0.0000,1.2514,1.0939,173.2610,0.036,5784,0.0000,0.0000,0.0820,1,5,0.572
135.749,0,4,2,1.2333,1.2333,1.1518,1.2540,177.0132,0.0000,0.0000,0.0000,1.2514,1.0939,173.2604,0.002,5788,0.0000,0.0000,0.0841,1,5,0.561
135.850,0,4,2,1.2333,1.2333,1.1530,1.2520,176.9633,0.0000,0.0000,0.0000,1.2514,1.0938,173.2592,0.032,5790,0.0000,0.0000,0.0825,1,5,0.568
135.950,0,4,2,1.2333,1.2333,1.1515,1.2542,176.9721,0.0000,0.0000,0.0000,1.2514,1.0938,173.2588,0.002,5794,0.0000,0.0000,0.0845,1,5,0.571
136.050,0,4,2,1.2333,1.2333,1.1526,1.2522,176.9224,0.0000,0.0000,0.0000,1.2514,1.0939,173.2593,0.033,5796,0.0000,0.0000,0.0829,1,5,0.555
136.151,0,4,2,1.2333,1.2333,1.1511,1.2545,176.9339,0.0000,0.0000,0.0000,1.0448,1.4189,178.9673,0.030,5799,0.0000,0.0000,0.0849,1,5,0.572
136.250,0,4,2,1.2333,1.2333,1.1523,1.2525,176.8848,0.0000,0.0000,0.0000,1.2514,1.0939,173.2602,0.038,5802,0.0000,0.0000,0.0832,1,5,0.561
136.352,0,4,2,1.2333,1.2333,1.1508,1.2547,176.8951,0.0000,0.0000,0.0000,1.2515,1.0939,173.2592,0.002,5806,0.0000,0.0000,0.0852,1,5,0.565
136.449,0,4,2,1.2333,1.2333,1.1520,1.2527,176.8465,0.0000,0.0000,0.0000,1.2515,1.0939,173.2600,0.032,5808,0.0000,0.0000,0.0836,1,5,0.573
136.550,0,4,2,1.2333,1.2333,1.1505,1.2549,176.8566,0.0000,0.0000,0.0000,1.0448,1.4189,178.9673,0.030,5811,0.0000,0.0000,0.0856,1,5,0.555
136.650,0,4,2,1.2333,1.2333,1.1518,1.2529,176.8092,0.0000,0.0000,0.0000,1.2515,1.0939,173.2601,0.027,5814,0.0000,0.0000,0.0839,1,5,0.566
136.749,0,4,2,1.2333,1.2333,1.1503,1.2551,176.8202,0.0000,0.0000,0.0000,1.0448,1.4189,178.9673,0.008,5817,0.0000,0.0000,0.0858,1,5,0.562
136.849,0,4,2,1.2333,1.2333,1.1515,1.2531,176.7732,0.0000,0.0000,0.0000,1.2515,1.0939,173.2600,0.025,5820,0.0000,0.0000,0.0841,1,5,0.561
136.951,0,4,2,1.2333,1.2333,1.1501,1.2553,176.7846,0.0000,0.0000,0.0000,1.2515,1.0939,173.2595,0.002,5824,0.0000,0.0000,0.0861,1,5,0.554
137.049,0,4,2,1.2333,1.2333,1.1513,1.2533,176.7409,0.0000,0.0000,0.0000,1.2515,1.0939,173.2593,0.026,5826,0.0000,0.0000,0.0844,1,5,0.566
137.150,0,4,2,1.2333,1.2333,1.1498,1.2555,176.7536,0.0000,0.0000,0.0000,1.0448,1.4189,178.9673,0.029,5829,0.0000,0.0000,0.0864,1,5,0.553
137.249,0,4,2,1.2333,1.2333,1.1511,1.2535,176.7080,0.0000,0.0000,0.0000,1.0448,1.4189,178.9673,0.002,5833,0.0000,0.0000,0.0847,1,5,0.548
137.348,0,4,2,1.2333,1.2333,1.1496,1.2557,176.7210,0.0000,0.0000,0.0000,1.2515,1.0939,173.2582,0.003,5836,0.0000,0.0000,0.0866,1,5,0.569
137.449,0,4,2,1.2333,1.2333,1.1509,1.2536,176.6758,0.0000,0.0000,0.0000,1.2515,1.0939,173.2576,0.035,5838,0.0000,0.0000,0.0849,1,5,0.567
137.549,0,4,2,1.2333,1.2333,1.1494,1.2558,176.6918,0.0000,0.0000,0.0000,1.0448,1.4189,178.9673,0.027,5841,0.0000,0.0000,0.0869,1,5,0.555
137.651,0,4,2,1.2333,1.2333,1.1507,1.2538,176.6490,0.0000,0.0000,0.0000,1.2515,1.0939,173.2574,0.038,5844,0.0000,0.0000,0.0851,1,5,0.556
137.749,0,5,0,1.2333,1.2333,1.1493,1.2560,176.6650,0.0000,0.0000,0.0000,1.0448,1.4189,178.9673,0.029,5847,-0.0677,0.0163,0.0870,1,5,0.565
137.850,0,5,0,1.2333,1.2333,1.1554,1.2522,176.8812,0.0000,0.0000,0.0000,1.2515,1.0939,173.2574,0.035,5850,-0.0628,0.0134,0.0802,1,5,0.573
137.949,0,5,0,1.2333,1.2333,1.1601,1.2525,177.2377,0.0000,0.0000,0.0000,1.0785,1.3884,178.7281,0.029,5853,-0.0590,0.0137,0.0757,1,5,0.570
138.052,0,5,1,0.6167,1.2333,1.1658,1.2489,177.4124,0.0000,0.0000,0.0000,1.2622,1.0928,173.8472,0.007,5856,0.0998,0.0056,0.5494,1,5,0.554
138.150,0,5,1,0.6167,1.2333,1.1562,1.2505,177.5987,0.0000,0.0000,0.0000,1.0695,1.3949,179.4114,0.015,5859,0.0998,0.0059,0.5398,1,5,0.563
138.249,0,5,1,0.6167,1.2333,1.1489,1.2478,177.8502,0.0000,0.0000,0.0000,1.2632,1.0904,174.3783,0.031,5862,0.0999,0.0055,0.5324,1,5,0.557
138.350,0,5,1,0.6167,1.2333,1.1412,1.2471,178.0342,0.0000,0.0000,0.0000,1.0819,1.3638,179.3575,0.007,5865,0.0999,0.0054,0.5248,1,5,0.581
138.449,0,5,1,0.6167,1.2333,1.1315,1.2458,178.0538,0.0000,0.0000,0.0000,1.2423,1.0896,174.8994,0.038,5868,0.0999,0.0052,0.5150,1,5,0.584
138.551,0,5,1,0.6167,1.2333,1.1215,1.2466,178.1466,0.0000,0.0000,0.0000,1.2289,1.0900,174.8043,0.003,5872,0.0999,0.0054,0.5051,1,5,0.577
138.650,0,5,1,0.6167,1.2333,1.1136,1.2438,178.2383,0.0000,0.0000,0.0000,1.2227,1.0917,174.8324,0.036,5874,0.0999,0.0048,0.4970,1,5,0.599
138.748,0,5,1,0.6167,1.2333,1.1052,1.2447,178.3474,0.0000,0.0000,0.0000,1.0424,1.3576,179.7872,0.026,5877,0.0999,0.0051,0.4887,1,5,0.610
138.848,0,5,1,0.6167,1.2333,1.0961,1.2420,178.2029,0.0000,0.0000,0.0000,1.0317,1.3578,179.6619,0.003,5881,0.0999,0.0045,0.4795,1,5,0.626
138.951,0,5,1,0.6167,1.2333,1.0849,1.2429,178.2387,0.0000,0.0000,0.0000,1.1847,1.0904,175.0736,0.002,5884,0.0999,0.0048,0.4683,1,5,0.624
139.048,0,5,1,0.6167,1.2333,1.0773,1.2403,178.3330,0.0000,0.0000,0.0000,1.1775,1.0896,175.0507,0.036,5886,0.0999,0.0042,0.4607,1,5,0.626
139.150,0,5,1,0.6167,1.2333,1.0680,1.2413,178.4496,0.0000,0.0000,0.0000,1.1639,1.0913,175.3580,0.002,5890,0.0999,0.0045,0.4514,1,5,0.625
139.251,0,5,1,0.6167,1.2333,1.0584,1.2408,178.3135,0.0000,0.0000,0.0000,0.9885,1.3589,179.9752,0.003,5893,0.0999,0.0044,0.4418,1,5,0.634
139.350,0,5,1,0.6167,1.2333,1.0473,1.2399,178.2740,0.0000,0.0000,0.0000,0.9803,1.3620,179.8721,0.029,5895,0.0999,0.0043,0.4307,1,5,0.636
139.450,0,5,1,0.6167,1.2333,1.0388,1.2375,178.4135,0.0000,0.0000,0.0000,1.1425,1.0913,175.0012,0.030,5898,0.0999,0.0037,0.4222,1,5,0.627
139.549,0,5,1,0.6167,1.2333,1.0303,1.2372,178.3999,0.0000,0.0000,0.0000,0.9620,1.3593,-179.8031,0.006,5901,0.0999,0.0037,0.4137,1,5,0.632
139.649,0,5,1,0.6167,1.2333,1.0202,1.2366,178.2694,0.0000,0.0000,0.0000,1.1185,1.0916,175.1616,0.036,5904,0.0999,0.0035,0.4035,1,5,0.628
139.749,0,5,1,0.6167,1.2333,1.0108,1.2379,178.3996,0.0000,0.0000,0.0000,0.9400,1.3626,-179.9030,0.017,5907,0.0999,0.0039,0.3941,1,5,0.621
139.850,0,5,1,0.6167,1.2333,1.0011,1.2357,178.3964,0.0000,0.0000,0.0000,1.0994,1.0937,175.2522,0.037,5910,0.0999,0.0034,0.3844,1,5,0.625
139.949,0,5,1,0.6167,1.2333,0.9922,1.2372,178.4589,0.0000,0.0000,0.0000,0.9153,1.3659,-179.6537,0.028,5913,0.0999,0.0038,0.3755,1,5,0.614
140.050,0,5,1,0.6167,1.2333,0.9807,1.2367,178.4615,0.0000,0.0000,0.0000,0.9051,1.3630,-179.6206,0.005,5917,0.0999,0.0032,0.3641,1,5,0.629
140.149,0,5,1,0.6167,1.2333,0.9850,1.2330,178.9910,0.0000,0.0000,0.0000,1.4772,1.1405,-154.5073,0.018,5921,0.1000,0.0027,0.3684,1,5,0.615
140.250,0,5,1,0.6167,1.2333,0.9809,1.2296,179.0741,0.0000,0.0000,0.0000,1.0574,1.0945,175.2901,0.037,5925,0.1000,0.0017,0.3643,1,5,0.626
140.351,0,5,1,0.6167,1.2333,0.9754,1.2299,179.3432,0.0000,0.0000,0.0000,0.8751,1.3696,-179.6725,0.032,5929,0.1000,0.0018,0.3587,1,5,0.623
140.449,0,5,1,0.6167,1.2333,0.9765,1.2251,179.7139,0.0000,0.0000,0.0000,1.4591,1.1416,-154.1506,0.025,5934,0.1000,0.0004,0.3600,1,5,0.622
140.549,0,5,1,0.6167,1.2333,0.9717,1.2256,179.6690,0.0000,0.0000,0.0000,1.4495,1.1410,-153.9943,0.011,5939,0.1000,0.0006,0.3551,1,5,0.626
140.650,0,5,1,0.6167,1.2333,0.9697,1.2214,179.9424,0.0000,0.0000,0.0000,0.9695,1.0901,176.2315,0.027,5943,0.1000,-0.0006,0.3532,1,5,0.619
140.750,0,5,1,0.6167,1.2333,0.9650,1.2198,-179.9937,0.0000,0.0000,0.0000,1.3244,1.0767,-162.4677,0.021,5948,0.1000,-0.0011,0.3486,1,5,0.621
140.851,0,5,1,0.6167,1.2333,0.9574,1.2185,179.8316,0.0000,0.0000,0.0000,1.3217,1.0776,-162.3977,0.049,5951,0.1000,-0.0016,0.3411,1,5,0.616
140.950,0,5,1,0.6167,1.2333,0.9521,1.2162,179.9296,0.0000,0.0000,0.0000,0.7974,1.4087,179.9791,0.006,5957,0.1000,-0.0024,0.3358,1,5,0.621
141.050,0,5,1,0.6167,1.2333,0.9424,1.2139,179.7065,0.0000,0.0000,0.0000,0.9185,1.0908,175.6237,0.030,5961,0.0999,-0.0032,0.3263,1,5,0.617
141.150,0,5,1,0.6167,1.2333,0.9339,1.2138,179.6009,0.0000,0.0000,0.0000,1.1782,1.0592,-170.7336,0.008,5966,0.0999,-0.0034,0.3179,1,5,0.616
141.250,0,5,1,0.6167,1.2333,0.9242,1.2120,179.3741,0.0000,0.0000,0.0000,0.9011,1.0883,175.2920,0.036,5970,0.0999,-0.0042,0.3083,1,5,0.614
141.351,0,5,1,0.6167,1.2333,0.9156,1.2124,179.3512,0.0000,0.0000,0.0000,1.1669,1.0583,-170.5157,0.021,5975,0.0999,-0.0043,0.2997,1,5,0.617
141.449,0,5,1,0.6167,1.2333,0.9058,1.2110,179.1394,0.0000,0.0000,0.0000,0.8809,1.0875,174.7914,0.035,5979,0.0999,-0.0050,0.2900,1,5,0.616
141.551,0,5,1,0.6167,1.2333,0.8956,1.2123,179.1397,0.0000,0.0000,0.0000,1.0149,1.0792,-179.9795,0.022,5984,0.0999,-0.0048,0.2797,1,5,0.609
141.650,0,5,1,0.6167,1.2333,0.8841,1.2116,178.8448,0.0000,0.0000,0.0000,0.8542,1.0897,174.6935,0.031,5988,0.0999,-0.0054,0.2683,1,5,0.614
141.749,0,5,1,0.6167,1.2333,0.8736,1.2137,178.7928,0.0000,0.0000,0.0000,1.0025,1.0820,-179.6649,0.016,5993,0.0999,-0.0049,0.2577,1,5,0.603
141.850,0,5,1,0.6167,1.2333,0.8613,1.2132,178.7368,0.0000,0.0000,0.0000,0.7279,1.3107,176.0480,0.002,5998,0.0999,-0.0055,0.2455,1,5,0.602
141.948,0,5,1,0.6167,1.2333,0.8504,1.2134,178.6222,0.0000,0.0000,0.0000,0.7234,1.3100,176.0986,0.034,6001,0.0998,-0.0058,0.2346,1,5,0.615
142.050,0,5,1,0.6167,1.2333,0.8398,1.2119,178.5337,0.0000,0.0000,0.0000,0.8108,1.0936,174.4675,0.002,6006,0.0998,-0.0068,0.2242,1,5,0.604
142.149,0,5,1,0.6167,1.2333,0.8295,1.2106,178.4258,0.0000,0.0000,0.0000,0.9169,1.1204,176.8422,0.016,6011,0.0997,-0.0079,0.2141,1,5,0.620
142.249,0,5,1,0.6167,1.2333,0.8171,1.2096,178.4117,0.0000,0.0000,0.0000,0.7871,1.0972,174.5015,0.019,6015,0.0996,-0.0090,0.2019,1,5,0.594
142.350,0,5,1,0.6167,1.2333,0.8070,1.2102,178.4068,0.0000,0.0000,0.0000,0.6815,1.3195,176.1765,0.016,6020,0.0996,-0.0093,0.1917,1,5,0.599
142.449,0,5,1,0.6167,1.2333,0.7950,1.2097,178.2842,0.0000,0.0000,0.0000,0.7645,1.1003,174.7794,0.032,6024,0.0995,-0.0104,0.1798,1,5,0.596
142.549,0,5,1,0.6167,1.2333,0.7852,1.2108,178.2582,0.0000,0.0000,0.0000,0.8702,1.1419,176.2491,0.019,6029,0.0994,-0.0106,0.1701,1,5,0.607
142.651,0,5,1,0.6167,1.2333,0.7729,1.2106,178.2599,0.0000,0.0000,0.0000,0.7501,1.1020,174.7615,0.031,6033,0.0993,-0.0117,0.1578,1,5,0.580
142.749,0,5,1,0.6167,1.2333,0.7635,1.2120,178.2340,0.0000,0.0000,0.0000,0.8498,1.1525,176.2996,0.021,6038,0.0993,-0.0117,0.1484,1,5,0.579
142.848,0,5,1,0.6167,1.2333,0.7518,1.2121,178.1217,0.0000,0.0000,0.0000,0.7221,1.1065,174.9526,0.029,6042,0.0992,-0.0128,0.1368,1,5,0.584
142.949,0,5,1,0.6167,1.2333,0.7416,1.2140,178.1004,0.0000,0.0000,0.0000,0.8241,1.1634,175.8256,0.019,6047,0.0992,-0.0126,0.1264,1,5,0.574
143.052,0,5,1,0.6167,1.2333,0.7291,1.2146,178.0102,0.0000,0.0000,0.0000,0.6073,1.3373,176.5714,0.002,6052,0.0918,-0.0128,0.1140,1,5,0.579
143.151,0,5,1,0.6167,1.2333,0.7181,1.2173,178.0330,0.0000,0.0000,0.0000,0.5992,1.3414,176.5229,0.032,6055,0.0815,-0.0106,0.1027,1,5,0.575
143.252,0,5,1,0.6167,1.2333,0.7098,1.2170,178.0728,0.0000,0.0000,0.0000,0.6785,1.1139,175.2189,0.031,6060,0.0748,-0.0110,0.0945,1,5,0.571
143.348,0,5,1,0.6167,1.2333,0.7008,1.2195,178.1068,0.0000,0.0000,0.0000,0.5820,1.3431,176.7377,0.031,6064,0.0676,-0.0092,0.0853,1,5,0.566
143.450,0,5,1,0.6167,1.2333,0.6918,1.2217,178.0764,0.0000,0.0000,0.0000,0.6559,1.1184,175.5960,0.022,6069,0.0603,-0.0077,0.0760,1,5,0.571
143.550,0,5,2,0.6167,0.6167,0.6857,1.2225,178.0881,0.0000,0.0000,0.0000,0.5717,1.3428,176.9676,0.013,6074,0.0089,0.0996,0.6097,1,5,0.552
143.650,0,5,2,0.6167,0.6167,0.6831,1.2126,178.1985,0.0000,0.0000,0.0000,0.6548,1.1183,175.6126,0.019,6078,0.0084,0.0996,0.5996,1,5,0.591
143.750,0,5,2,0.6167,0.6167,0.6799,1.2064,178.2709,0.0000,0.0000,0.0000,0.7635,1.1897,176.3799,0.013,6083,0.0079,0.0997,0.5932,1,5,0.585
143.849,0,5,2,0.6167,0.6167,0.6783,1.1942,178.4129,0.0000,0.0000,0.0000,0.6388,1.1034,176.4615,0.028,6087,0.0079,0.0997,0.5808,1,5,0.580
143.949,0,5,2,0.6167,0.6167,0.6778,1.1866,178.3718,0.0000,0.0000,0.0000,0.7627,1.1660,176.7437,0.021,6092,0.0080,0.0997,0.5733,1,5,0.584
144.050,0,5,2,0.6167,0.6167,0.6757,1.1751,178.4488,0.0000,0.0000,0.0000,0.6430,1.0811,176.2536,0.032,6096,0.0078,0.0997,0.5615,1,5,0.598
144.151,0,5,2,0.6167,0.6167,0.6737,1.1653,178.3994,0.0000,0.0000,0.0000,0.7599,1.1450,176.8443,0.022,6101,0.0076,0.0997,0.5516,1,5,0.604
144.250,0,5,2,0.6167,0.6167,0.6731,1.1536,178.3493,0.0000,0.0000,0.0000,0.6367,1.0608,176.4706,0.031,6105,0.0077,0.0997,0.5398,1,5,0.625
144.351,0,5,2,0.6167,0.6167,0.6714,1.1463,178.2565,0.0000,0.0000,0.0000,0.7549,1.1267,176.4945,0.023,6110,0.0076,0.0997,0.5325,1,5,0.619
144.451,0,5,2,0.6167,0.6167,0.6706,1.1327,178.3279,0.0000,0.0000,0.0000,0.6305,1.0412,176.6223,0.032,6114,0.0077,0.0997,0.5188,1,5,0.641
144.550,0,5,2,0.6167,0.6167,0.6717,1.1220,178.4502,0.0000,0.0000,0.0000,0.7519,1.1039,176.8132,0.012,6119,0.0081,0.0997,0.5083,1,5,0.631
144.651,0,5,2,0.6167,0.6167,0.6710,1.1100,178.4253,0.0000,0.0000,0.0000,0.7140,1.1303,175.1360,0.002,6124,0.0082,0.0997,0.4963,1,5,0.661
144.749,0,5,2,0.6167,0.6167,0.6716,1.1014,178.3173,0.0000,0.0000,0.0000,0.7506,1.0846,177.0201,0.010,6128,0.0085,0.0996,0.4878,1,5,0.677
144.849,0,5,2,0.6167,0.6167,0.6714,1.0904,178.3537,0.0000,0.0000,0.0000,0.6261,0.9981,176.8162,0.002,6132,0.0088,0.0996,0.4769,1,5,0.684
144.949,0,5,2,0.6167,0.6167,0.6710,1.0794,178.2689,0.0000,0.0000,0.0000,0.7448,1.0650,176.6969,0.020,6137,0.0089,0.0996,0.4659,1,5,0.685
145.049,0,5,2,0.6167,0.6167,0.6694,1.0690,178.3542,0.0000,0.0000,0.0000,0.6205,0.9779,177.0942,0.022,6141,0.0089,0.0996,0.4554,1,5,0.714
145.148,0,5,2,0.6167,0.6167,0.6694,1.0611,178.4135,0.0000,0.0000,0.0000,0.6600,1.2236,178.4291,0.008,6146,0.0091,0.0996,0.4475,1,5,0.717
145.248,0,5,2,0.6167,0.6167,0.6677,1.0516,178.4276,0.0000,0.0000,0.0000,0.6208,0.9572,177.1372,0.032,6150,0.0089,0.0996,0.4379,1,5,0.731
145.348,0,5,2,0.6167,0.6167,0.6676,1.0439,178.5493,0.0000,0.0000,0.0000,0.7397,1.0215,176.9850,0.018,6155,0.0091,0.0996,0.4302,1,5,0.732
145.450,0,5,2,0.6167,0.6167,0.6660,1.0316,178.4634,0.0000,0.0000,0.0000,0.6165,0.9357,177.5601,0.031,6159,0.0091,0.0996,0.4178,1,5,0.749
145.549,0,5,2,0.6167,0.6167,0.6641,1.0265,178.3514,0.0000,0.0000,0.0000,0.6470,1.1078,169.4790,0.017,6164,0.0088,0.0996,0.4126,1,5,0.752
145.650,0,5,2,0.6167,0.6167,0.6615,1.0152,178.2819,0.0000,0.0000,0.0000,0.6103,0.9160,177.4923,0.026,6168,0.0084,0.0996,0.4011,1,5,0.765
145.750,0,5,2,0.6167,0.6167,0.6599,1.0101,178.2348,0.0000,0.0000,0.0000,0.6460,1.0885,169.7879,0.021,6173,0.0082,0.0997,0.3958,1,5,0.771
145.851,0,5,2,0.6167,0.6167,0.6575,0.9986,178.2320,0.0000,0.0000,0.0000,0.6090,0.8947,177.7382,0.024,6177,0.0079,0.0997,0.3841,1,5,0.777
145.949,0,5,2,0.6167,0.6167,0.6565,0.9914,178.2133,0.0000,0.0000,0.0000,0.6893,1.1000,178.0307,0.030,6181,0.0078,0.0997,0.3768,1,5,0.795
146.051,0,5,2,0.6167,0.6167,0.6547,0.9821,178.1161,0.0000,0.0000,0.0000,0.6436,1.0592,170.3114,0.028,6185,0.0076,0.0997,0.3674,1,5,0.798
146.148,0,5,2,0.6167,0.6167,0.6536,0.9757,178.0197,0.0000,0.0000,0.0000,0.5987,0.8671,177.9819,0.009,6191,0.0075,0.0997,0.3609,1,5,0.817
146.249,0,5,2,0.6167,0.6167,0.6516,0.9637,178.2488,0.0000,0.0000,0.0000,0.5999,0.8600,177.9044,0.042,6194,0.0073,0.0997,0.3488,1,5,0.747
146.352,0,5,2,0.6167,0.6167,0.6503,0.9543,178.0667,0.0000,0.0000,0.0000,0.7158,1.0171,177.5300,0.003,6200,0.0072,0.0997,0.3393,1,5,0.644
146.451,0,5,2,0.6167,0.6167,0.6486,0.9442,178.0761,0.0000,0.0000,0.0000,0.5954,0.8327,178.3221,0.015,6204,0.0070,0.0998,0.3291,1,5,0.614
146.550,0,5,2,0.6167,0.6167,0.6474,0.9354,178.0707,0.0000,0.0000,0.0000,0.7212,0.9883,177.4096,0.002,6209,0.0069,0.0998,0.3202,1,5,0.859
146.651,0,5,2,0.6167,0.6167,0.6467,0.9244,178.1837,0.0000,0.0000,0.0000,0.5950,0.8108,178.4785,0.028,6213,0.0070,0.0998,0.3092,1,5,0.885
146.749,0,5,2,0.6167,0.6167,0.6434,0.9159,178.1420,0.0000,0.0000,0.0000,0.6392,0.9740,171.9030,0.020,6218,0.0062,0.0998,0.3004,1,5,0.873
146.850,0,5,2,0.6167,0.6167,0.6391,0.9028,178.3118,0.0000,0.0000,0.0000,0.3232,0.7902,-175.6005,0.024,6222,0.0051,0.0999,0.2870,1,5,0.897
146.949,0,5,2,0.6167,0.6167,0.6369,0.8947,178.3586,0.0000,0.0000,0.0000,0.6362,0.9532,172.2428,0.016,6227,0.0045,0.0999,0.2788,1,5,0.563
147.049,0,5,2,0.6167,0.6167,0.6357,0.8835,178.3087,0.0000,0.0000,0.0000,0.5617,0.7622,179.8563,0.026,6231,0.0044,0.0999,0.2675,1,5,0.518
147.151,0,5,2,0.6167,0.6167,0.6364,0.8709,178.3486,0.0000,0.0000,0.0000,0.7516,0.8772,177.0331,0.028,6235,0.0050,0.0999,0.2550,1,5,0.924
147.248,0,5,2,0.6167,0.6167,0.6353,0.8616,178.2889,0.0000,0.0000,0.0000,0.5638,0.7402,179.8074,0.022,6240,0.0049,0.0999,0.2456,1,5,0.920
147.350,0,5,2,0.6167,0.6167,0.6343,0.8510,178.3372,0.0000,0.0000,0.0000,0.6342,0.9079,172.9676,0.016,6245,0.0048,0.0999,0.2349,1,5,0.939
147.453,0,5,2,0.6167,0.6167,0.6296,0.8409,178.4346,0.0000,0.0000,0.0000,0.6331,0.9025,172.9384,0.007,6249,0.0031,0.1000,0.2246,1,5,0.471
147.549,0,5,2,0.6167,0.6167,0.6250,0.8333,178.4832,0.0000,0.0000,0.0000,0.6329,0.8875,173.1954,0.014,6254,0.0011,0.1000,0.2168,1,5,0.452
147.650,0,5,2,0.6167,0.6167,0.6211,0.8239,178.5101,0.0000,0.0000,0.0000,0.6341,0.8779,173.4355,0.057,6257,-0.0006,0.1000,0.2073,1,5,0.470
147.750,0,5,2,0.6167,0.6167,0.6171,0.8147,178.5413,0.0000,0.0000,0.0000,0.5950,0.9252,-179.5185,0.007,6262,-0.0025,0.1000,0.1980,1,5,0.437
147.849,0,5,2,0.6167,0.6167,0.6135,0.8038,178.4243,0.0000,0.0000,0.0000,0.5675,0.6759,-179.8731,0.016,6267,-0.0044,0.0999,0.1872,1,5,0.254
147.952,0,5,2,0.6167,0.6167,0.6111,0.7962,178.3899,0.0000,0.0000,0.0000,0.6351,0.8411,173.7181,0.022,6272,-0.0058,0.0998,0.1796,1,5,0.456
148.050,0,5,2,0.6167,0.6167,0.6085,0.7858,178.4444,0.0000,0.0000,0.0000,0.6030,0.8818,-179.6783,0.002,6277,-0.0076,0.0997,0.1693,1,5,0.391
148.149,0,5,2,0.6167,0.6167,0.6088,0.7776,178.5314,0.0000,0.0000,0.0000,0.6362,0.8180,173.9628,0.017,6281,-0.0076,0.0997,0.1612,1,5,0.370
148.251,0,5,2,0.6167,0.6167,0.6088,0.7649,178.4915,0.0000,0.0000,0.0000,0.5671,0.6332,-179.7452,0.031,6285,-0.0080,0.0997,0.1485,1,5,0.328
148.350,0,5,2,0.6167,0.6167,0.6094,0.7562,178.5813,0.0000,0.0000,0.0000,0.6372,0.7966,173.9935,0.018,6290,-0.0079,0.0997,0.1397,1,5,0.365
148.448,0,5,2,0.6167,0.6167,0.6094,0.7454,178.4758,0.0000,0.0000,0.0000,0.5705,0.6115,-179.6377,0.029,6294,-0.0084,0.0997,0.1289,1,5,1.055
148.549,0,5,2,0.6167,0.6167,0.6100,0.7372,178.5823,0.0000,0.0000,0.0000,0.6392,0.7759,174.2612,0.013,6299,-0.0080,0.0962,0.1207,1,5,0.269
148.649,0,5,2,0.6167,0.6167,0.6103,0.7261,178.4575,0.0000,0.0000,0.0000,0.6386,0.7685,174.3216,0.024,6303,-0.0075,0.0874,0.1096,1,5,0.309
148.748,0,5,2,0.6167,0.6167,0.6110,0.7166,178.5245,0.0000,0.0000,0.0000,0.6235,0.7884,-179.9870,0.030,6307,-0.0067,0.0798,0.1001,1,5,0.334
148.850,0,5,2,0.6167,0.6167,0.6118,0.7095,178.5443,0.0000,0.0000,0.0000,0.6265,0.7742,179.8466,0.002,6312,-0.0059,0.0741,0.0930,1,5,0.254
148.949,0,5,2,0.6167,0.6167,0.6124,0.7010,178.5237,0.0000,0.0000,0.0000,0.6426,0.7365,174.4611,0.021,6317,-0.0053,0.0674,0.0845,1,5,0.239
149.048,0,5,2,0.6167,0.6167,0.6126,0.6917,178.6667,0.0000,0.0000,0.0000,0.5761,0.5528,-179.6705,0.017,6321,-0.0049,0.0599,0.0752,1,5,0.231
149.149,0,5,3,0.6167,0.0000,0.6132,0.6850,178.6738,0.0000,0.0000,0.0000,0.6345,0.7407,179.8432,0.003,6326,-0.0032,0.0999,0.6850,1,5,0.238
149.250,0,5,3,0.6167,0.0000,0.6131,0.6727,178.7009,0.0000,0.0000,0.0000,0.5623,0.5477,-179.4134,0.030,6330,-0.0033,0.0999,0.6727,1,5,0.234
149.349,0,5,3,0.6167,0.0000,0.6138,0.6650,178.5514,0.0000,0.0000,0.0000,0.6425,0.7031,174.7175,0.018,6335,-0.0032,0.0999,0.6650,1,5,0.221
149.452,0,5,3,0.6167,0.0000,0.6134,0.6517,178.6783,0.0000,0.0000,0.0000,0.5593,0.5247,-179.1548,0.030,6339,-0.0032,0.0999,0.6517,1,5,0.230
149.550,0,5,3,0.6167,0.0000,0.6141,0.6430,178.5615,0.0000,0.0000,0.0000,0.6472,0.6796,175.0353,0.018,6344,-0.0031,0.1000,0.6430,1,5,0.256
149.648,0,5,3,0.6167,0.0000,0.6134,0.6311,178.6732,0.0000,0.0000,0.0000,0.5524,0.5020,-179.0481,0.031,6348,-0.0032,0.0999,0.6311,1,5,0.215
149.751,0,5,3,0.6167,0.0000,0.6142,0.6205,178.6122,0.0000,0.0000,0.0000,0.6475,0.6590,174.9741,0.021,6353,0.0059,0.1000,0.6205,1,5,0.182
149.851,0,5,3,0.6167,0.0000,0.6132,0.6105,178.6606,0.0000,0.0000,0.0000,0.6494,0.6477,179.2668,0.002,6358,-0.0018,0.0999,0.6105,1,5,0.197
149.950,0,5,3,0.6167,0.0000,0.6134,0.5982,178.6645,0.0000,0.0000,0.0000,0.6520,0.6329,179.3468,0.032,6361,0.0017,0.0999,0.5982,1,5,0.190
150.051,0,5,3,0.6167,0.0000,0.6126,0.5862,178.5707,0.0000,0.0000,0.0000,0.6578,0.6113,175.8949,0.025,6366,0.0049,0.1034,0.5862,1,5,0.182
150.150,0,5,3,0.6167,0.0000,0.6134,0.5743,178.6922,0.0000,0.0000,0.0000,0.6789,0.5377,177.3477,0.008,6371,0.0129,0.1066,0.5743,1,5,0.165
150.249,0,5,3,0.6167,0.0000,0.6118,0.5628,178.6059,0.0000,0.0000,0.0000,0.6569,0.5881,179.0885,0.006,6376,0.0075,0.1045,0.5628,1,5,0.176
150.350,0,5,3,0.6167,0.0000,0.6125,0.5489,178.6092,0.0000,0.0000,0.0000,0.6555,0.5833,178.9129,0.014,6380,-0.0035,0.0999,0.5489,1,5,0.221
150.450,0,5,3,0.6167,0.0000,0.6120,0.5358,178.7878,0.0000,0.0000,0.0000,0.5254,0.4077,-178.4584,0.022,6384,0.0024,0.1024,0.5358,1,5,0.187
150.551,0,5,3,0.6167,0.0000,0.6125,0.5259,178.9324,0.0000,0.0000,0.0000,0.6767,0.4950,177.6317,0.011,6389,0.0076,0.1045,0.5259,1,5,0.176
150.651,0,5,3,0.6167,0.0000,0.6119,0.5105,178.8796,0.0000,0.0000,0.0000,0.5243,0.3848,-178.1205,0.032,6393,-0.0032,0.1001,0.5105,1,5,0.199
150.751,0,5,3,0.6167,0.0000,0.6132,0.5006,178.7810,0.0000,0.0000,0.0000,0.5175,0.3680,-178.0557,0.003,6399,-0.0034,0.0999,0.5006,1,5,0.207
150.851,0,5,3,0.6167,0.0000,0.6124,0.4861,178.9236,0.0000,0.0000,0.0000,0.6650,0.5016,178.6508,0.002,6403,-0.0036,0.0999,0.4861,1,5,0.208
150.949,0,5,3,0.6167,0.0000,0.6136,0.4758,178.8056,0.0000,0.0000,0.0000,0.6600,0.4550,176.9744,0.017,6407,-0.0034,0.0999,0.4758,1,5,0.231
151.048,0,5,3,0.6167,0.0000,0.6126,0.4636,178.6141,0.0000,0.0000,0.0000,0.5072,0.3358,-177.7608,0.029,6411,-0.0036,0.0999,0.4636,1,5,0.234
151.150,0,5,3,0.6167,0.0000,0.6133,0.4501,178.7646,0.0000,0.0000,0.0000,0.6217,0.4319,175.2752,0.016,6416,-0.0035,0.0999,0.4501,1,5,0.241
151.248,0,5,3,0.6167,0.0000,0.6117,0.4383,178.8739,0.0000,0.0000,0.0000,0.4996,0.3095,-177.2758,0.029,6419,-0.0039,0.0999,0.4383,1,5,0.355
151.350,0,5,3,0.6167,0.0000,0.6121,0.4280,178.8048,0.0000,0.0000,0.0000,0.6730,0.4357,178.2655,0.030,6422,-0.0038,0.0999,0.4280,1,5,0.301
151.450,0,5,3,0.6167,0.0000,0.6104,0.4131,178.6964,0.0000,0.0000,0.0000,0.4914,0.2850,-177.1367,0.032,6425,-0.0042,0.0999,0.4131,1,5,0.208
151.550,0,5,3,0.6167,0.0000,0.6107,0.4018,178.9540,0.0000,0.0000,0.0000,0.6761,0.4101,177.9716,0.031,6428,-0.0042,0.0999,0.4019,1,5,0.315
151.651,0,5,3,0.6167,0.0000,0.6103,0.3903,178.7347,0.0000,0.0000,0.0000,0.6786,0.3888,177.9726,0.003,6431,-0.0044,0.0999,0.3903,1,5,0.276
151.748,0,5,3,0.6167,0.0000,0.6091,0.3784,178.6831,0.0000,0.0000,0.0000,0.6797,0.3799,177.8632,0.016,6434,-0.0047,0.0999,0.3784,1,5,0.296
151.849,0,5,3,0.6167,0.0000,0.6070,0.3640,178.8106,0.0000,0.0000,0.0000,0.4620,0.2262,-176.4207,0.022,6437,-0.0054,0.0999,0.3642,1,5,0.312
151.950,0,5,3,0.6167,0.0000,0.6064,0.3544,178.8093,0.0000,0.0000,0.0000,0.6838,0.3502,177.7236,0.002,6440,-0.0056,0.0998,0.3545,1,5,0.318
152.050,0,5,3,0.6167,0.0000,0.6051,0.3408,178.8764,0.0000,0.0000,0.0000,0.4486,0.1965,-175.8746,0.029,6443,-0.0061,0.0998,0.3410,1,5,0.318
152.149,0,5,3,0.6167,0.0000,0.6055,0.3289,178.9324,0.0000,0.0000,0.0000,0.6862,0.3226,177.4513,0.028,6446,-0.0061,0.0998,0.3291,1,5,0.316
152.250,0,5,3,0.6167,0.0000,0.6040,0.3130,178.8170,0.0000,0.0000,0.0000,0.6887,0.3026,177.4299,0.005,6450,-0.0068,0.0998,0.3132,1,5,0.236
152.350,0,5,3,0.6167,0.0000,0.6034,0.3011,178.8376,0.0000,0.0000,0.0000,0.6893,0.2957,177.2774,0.031,6452,-0.0071,0.0997,0.3014,1,5,0.396
152.448,0,5,3,0.6167,0.0000,0.6003,0.2890,178.8191,0.0000,0.0000,0.0000,0.4074,0.1251,-174.5784,0.028,6455,-0.0084,0.0996,0.2894,1,5,0.406
152.549,0,5,3,0.6167,0.0000,0.6034,0.2744,178.9148,0.0000,0.0000,0.0000,0.6995,0.2448,-179.7490,0.014,6460,-0.0076,0.0997,0.2747,1,5,0.424
152.651,0,5,3,0.6167,0.0000,0.6039,0.2599,178.7244,0.0000,0.0000,0.0000,0.6923,0.2514,176.8995,0.002,6465,-0.0076,0.0997,0.2603,1,5,0.224
152.748,0,5,3,0.6167,0.0000,0.6078,0.2503,178.8009,0.0000,0.0000,0.0000,0.6153,0.1527,179.3994,0.003,6469,-0.0063,0.0998,0.2505,1,5,0.428
152.848,0,5,3,0.6167,0.0000,0.6118,0.2382,178.9915,0.0000,0.0000,0.0000,0.6195,0.1464,179.5294,0.002,6473,-0.0048,0.0999,0.2383,1,5,0.376
152.949,0,5,3,0.6167,0.0000,0.6154,0.2247,178.8450,0.0000,0.0000,0.0000,0.7082,0.2047,-179.7369,0.006,6478,-0.0033,0.0999,0.2247,1,5,0.398
153.049,0,5,3,0.6167,0.0000,0.6187,0.2113,178.7422,0.0000,0.0000,0.0000,0.6226,0.1249,179.2504,0.021,6482,-0.0017,0.1000,0.2113,1,5,0.398
153.152,0,5,3,0.6167,0.0000,0.6226,0.1996,178.9116,0.0000,0.0000,0.0000,0.6970,0.1850,176.4078,0.008,6487,0.0002,0.1000,0.1996,1,5,0.331
153.249,0,5,3,0.6167,0.0000,0.6244,0.1892,178.8313,0.0000,0.0000,0.0000,0.6284,0.1041,179.1299,0.036,6491,0.0014,0.1000,0.1894,1,5,0.442
153.349,0,5,3,0.6167,0.0000,0.6278,0.1770,178.7817,0.0000,0.0000,0.0000,0.7127,0.1645,-179.9912,0.020,6496,0.0036,0.0999,0.1773,1,5,0.441
153.449,0,5,3,0.6167,0.0000,0.6290,0.1640,178.6771,0.0000,0.0000,0.0000,0.6310,0.0838,178.8542,0.036,6500,0.0048,0.0999,0.1645,1,5,0.434
153.550,0,5,3,0.6167,0.0000,0.6317,0.1517,178.7773,0.0000,0.0000,0.0000,0.7116,0.1520,179.7461,0.018,6505,0.0071,0.0997,0.1524,1,5,0.451
153.650,0,5,3,0.6167,0.0000,0.6324,0.1395,178.6026,0.0000,0.0000,0.0000,0.6985,0.1070,176.0429,0.002,6510,0.0085,0.0996,0.1404,1,5,0.459
153.750,0,5,3,0.6167,0.0000,0.6338,0.1298,178.6549,0.0000,0.0000,0.0000,0.6328,0.0486,178.8098,0.003,6515,0.0104,0.0995,0.1309,1,5,0.447
153.849,0,5,3,0.6167,0.0000,0.6350,0.1167,178.7790,0.0000,0.0000,0.0000,0.6981,0.0803,175.8626,0.002,6519,0.0121,0.0937,0.1181,1,5,1.133
153.952,0,5,3,0.6167,0.0000,0.6356,0.1049,178.7573,0.0000,0.0000,0.0000,0.6247,0.0236,179.1668,0.003,6523,0.0129,0.0843,0.1066,1,5,1.129
154.051,0,5,3,0.6167,0.0000,0.6362,0.0944,178.6388,0.0000,0.0000,0.0000,0.6957,0.0533,175.6021,0.002,6528,0.0137,0.0771,0.0964,1,5,1.142
154.150,0,5,3,0.6167,0.0000,0.6370,0.0865,178.6242,0.0000,0.0000,0.0000,0.7070,0.0882,179.6946,0.002,6532,0.0143,0.0696,0.0888,1,5,1.136
154.250,0,5,3,0.6167,0.0000,0.6367,0.0773,178.6879,0.0000,0.0000,0.0000,0.7034,0.0786,179.7696,0.008,6536,0.0143,0.0623,0.0799,1,5,0.628
154.357,0,5,4,0.6167,-0.6167,0.6376,0.0685,178.7030,0.0000,0.0000,0.0000,0.7039,0.0762,179.6703,0.009,6541,0.0003,0.1000,0.6855,1,5,1.150
154.449,0,5,4,0.6167,-0.6167,0.6391,0.0599,178.7056,0.0000,0.0000,0.0000,0.6352,-0.0077,178.4355,0.013,6545,0.0006,0.1000,0.6769,1,5,0.541
154.549,0,5,4,0.6167,-0.6167,0.6403,0.0477,178.5779,0.0000,0.0000,0.0000,0.6388,-0.0187,178.2962,0.002,6551,0.0008,0.1000,0.6648,1,5,0.584
154.649,0,5,4,0.6167,-0.6167,0.6415,0.0342,178.6728,0.0000,0.0000,0.0000,0.6276,-0.0313,178.6934,0.022,6554,0.0011,0.1000,0.6514,1,5,1.155
154.749,0,5,4,0.6167,-0.6167,0.6434,0.0236,178.6363,0.0000,0.0000,0.0000,0.6326,-0.0416,178.6191,0.002,6560,0.0014,0.1000,0.6408,1,5,1.155
154.849,0,5,4,0.6167,-0.6167,0.6439,0.0117,178.6107,0.0000,0.0000,0.0000,0.6918,-0.0497,174.9942,0.002,6564,0.0016,0.1000,0.6290,1,5,1.161
154.951,0,5,4,0.6167,-0.6167,0.6457,0.0002,178.6983,0.0000,0.0000,0.0000,0.6285,-0.0650,178.8949,0.003,6569,0.0020,0.1000,0.6176,1,5,1.165
155.051,0,5,4,0.6167,-0.6167,0.6460,-0.0126,178.6259,0.0000,0.0000,0.0000,0.6924,-0.0866,174.8725,0.003,6573,0.0021,0.1000,0.6047,1,5,1.168
155.151,0,5,4,0.6167,-0.6167,0.6477,-0.0245,178.5660,0.0000,0.0000,0.0000,0.7053,-0.0028,179.8553,0.011,6577,0.0024,0.1000,0.5930,1,5,0.648
155.250,0,5,4,0.6167,-0.6167,0.6480,-0.0362,178.6909,0.0000,0.0000,0.0000,0.6915,-0.1179,174.7203,0.002,6582,0.0027,0.1000,0.5813,1,5,0.658
155.348,0,5,4,0.6167,-0.6167,0.6490,-0.0462,178.5181,0.0000,0.0000,0.0000,0.7007,-0.0256,179.8161,0.006,6586,0.0029,0.1000,0.5714,1,5,0.743
155.451,0,5,4,0.6167,-0.6167,0.6497,-0.0597,178.5527,0.0000,0.0000,0.0000,0.6906,-0.1450,174.4007,0.003,6591,0.0032,0.0999,0.5580,1,5,0.821
155.550,0,5,4,0.6167,-0.6167,0.6504,-0.0718,178.6550,0.0000,0.0000,0.0000,0.6908,-0.1614,174.3585,0.031,6594,0.0035,0.0999,0.5459,1,5,1.147
155.651,0,5,4,0.6167,-0.6167,0.6512,-0.0831,178.6584,0.0000,0.0000,0.0000,0.6907,-0.1868,174.3461,0.002,6600,0.0037,0.0999,0.5347,1,5,1.160
155.750,0,5,4,0.6167,-0.6167,0.6524,-0.0952,178.6032,0.0000,0.0000,0.0000,0.7060,-0.0660,-179.9427,0.016,6604,0.0041,0.0999,0.5226,1,5,1.161
155.850,0,5,4,0.6167,-0.6167,0.6525,-0.1070,178.5356,0.0000,0.0000,0.0000,0.6408,-0.1487,178.3440,0.027,6608,0.0043,0.0999,0.5109,1,5,1.160
155.948,0,5,4,0.6167,-0.6167,0.6532,-0.1168,178.5673,0.0000,0.0000,0.0000,0.6878,-0.2266,173.9588,0.002,6613,0.0046,0.0999,0.5012,1,5,0.899
156.050,0,5,4,0.6167,-0.6167,0.6534,-0.1307,178.5303,0.0000,0.0000,0.0000,0.6471,-0.1660,178.1864,0.033,6617,0.0048,0.0999,0.4873,1,5,0.824
156.150,0,5,4,0.6167,-0.6167,0.6544,-0.1419,178.4192,0.0000,0.0000,0.0000,0.6457,-0.1801,178.1158,0.003,6623,0.0052,0.0999,0.4762,1,5,0.876
156.248,0,5,4,0.6167,-0.6167,0.6544,-0.1525,178.5398,0.0000,0.0000,0.0000,0.6853,-0.2857,173.6385,0.005,6627,0.0054,0.0999,0.4657,1,5,0.931
156.350,0,5,4,0.6167,-0.6167,0.6549,-0.1671,178.6168,0.0000,0.0000,0.0000,0.6469,-0.1996,178.3427,0.005,6632,0.0057,0.0998,0.4512,1,5,1.157
156.450,0,5,4,0.6167,-0.6167,0.6544,-0.1743,178.5127,0.0000,0.0000,0.0000,0.6847,-0.3268,173.5143,0.003,6636,0.0058,0.0998,0.4440,1,5,1.150
156.549,0,5,4,0.6167,-0.6167,0.6550,-0.1882,178.4670,0.0000,0.0000,0.0000,0.6403,-0.2221,178.5497,0.002,6641,0.0062,0.0998,0.4302,1,5,1.164
156.651,0,5,4,0.6167,-0.6167,0.6545,-0.2009,178.4533,0.0000,0.0000,0.0000,0.6800,-0.3546,173.2161,0.002,6645,0.0063,0.0998,0.4175,1,5,1.157
156.750,0,5,4,0.6167,-0.6167,0.6545,-0.2139,178.4175,0.0000,0.0000,0.0000,0.6797,-0.3688,173.1021,0.036,6648,0.0066,0.0998,0.4045,1,5,1.160
156.851,0,5,4,0.6167,-0.6167,0.6542,-0.2229,178.5591,0.0000,0.0000,0.0000,0.6780,-0.3961,172.9669,0.002,6654,0.0068,0.0998,0.3956,1,5,1.073
156.952,0,5,4,0.6167,-0.6167,0.6540,-0.2363,178.5268,0.0000,0.0000,0.0000,0.6771,-0.4101,172.8673,0.034,6657,0.0071,0.0998,0.3822,1,5,1.162
157.050,0,5,4,0.6167,-0.6167,0.6542,-0.2455,178.5132,0.0000,0.0000,0.0000,0.6746,-0.4314,172.7016,0.002,6663,0.0073,0.0997,0.3731,1,5,1.158
157.149,0,5,4,0.6167,-0.6167,0.6542,-0.2571,178.6324,0.0000,0.0000,0.0000,0.6730,-0.4488,172.5729,0.003,6667,0.0077,0.0997,0.3615,1,5,1.176
157.250,0,5,4,0.6167,-0.6167,0.6535,-0.2720,178.4693,0.0000,0.0000,0.0000,0.6706,-0.4739,172.4416,0.002,6672,0.0079,0.0997,0.3467,1,5,1.171
157.352,0,5,4,0.6167,-0.6167,0.6536,-0.2855,178.3270,0.0000,0.0000,0.0000,0.6415,-0.2995,178.4457,0.003,6677,0.0084,0.0996,0.3333,1,5,1.153
157.450,0,5,4,0.6167,-0.6167,0.6529,-0.2970,178.4673,0.0000,0.0000,0.0000,0.6422,-0.3056,178.2863,0.028,6680,0.0086,0.0996,0.3218,1,5,1.167
157.553,0,5,4,0.6167,-0.6167,0.6527,-0.3103,178.4814,0.0000,0.0000,0.0000,0.6495,-0.3149,178.3108,0.003,6686,0.0090,0.0996,0.3085,1,5,1.177
157.649,0,5,4,0.6167,-0.6167,0.6518,-0.3183,178.4994,0.0000,0.0000,0.0000,0.6239,-0.2990,177.1428,0.002,6690,0.0090,0.0996,0.3004,1,5,1.177
157.749,0,5,4,0.6167,-0.6167,0.6510,-0.3266,178.6496,0.0000,0.0000,0.0000,0.6461,-0.3353,178.3528,0.002,6695,0.0090,0.0996,0.2921,1,5,1.179
157.849,0,5,4,0.6167,-0.6167,0.6501,-0.3350,178.6979,0.0000,0.0000,0.0000,0.6257,-0.3437,176.8371,0.002,6699,0.0091,0.0996,0.2836,1,5,1.185
157.950,0,5,4,0.6167,-0.6167,0.6491,-0.3448,178.6250,0.0000,0.0000,0.0000,0.6436,-0.3559,178.7083,0.003,6704,0.0091,0.0996,0.2738,1,5,1.166
158.050,0,5,4,0.6167,-0.6167,0.6476,-0.3556,178.5863,0.0000,0.0000,0.0000,0.6259,-0.3779,176.4836,0.005,6708,0.0091,0.0996,0.2629,1,5,1.185
158.149,0,5,4,0.6167,-0.6167,0.6469,-0.3634,178.5709,0.0000,0.0000,0.0000,0.6928,-0.3073,-179.4158,0.008,6712,0.0091,0.0996,0.2551,1,5,1.172
158.250,0,5,4,0.6167,-0.6167,0.6460,-0.3746,178.5156,0.0000,0.0000,0.0000,0.6239,-0.4060,176.4219,0.005,6717,0.0094,0.0996,0.2438,1,5,1.179
158.350,0,5,4,0.6167,-0.6167,0.6453,-0.3842,178.6122,0.0000,0.0000,0.0000,0.6221,-0.4069,176.3911,0.029,6720,0.0095,0.0995,0.2342,1,5,1.181
158.450,0,5,4,0.6167,-0.6167,0.6451,-0.3936,178.6116,0.0000,0.0000,0.0000,0.6472,-0.3987,178.2894,0.006,6725,0.0099,0.0995,0.2248,1,5,1.167
158.549,0,5,4,0.6167,-0.6167,0.6380,-0.4006,178.3210,0.0000,0.0000,0.0000,0.3998,-0.2631,172.9273,0.012,6730,0.0071,0.0997,0.2171,1,5,1.181
158.649,0,5,4,0.6167,-0.6167,0.6341,-0.4105,178.3404,0.0000,0.0000,0.0000,0.6395,-0.4206,178.3591,0.026,6734,0.0057,0.0998,0.2069,1,5,1.168
158.751,0,5,4,0.6167,-0.6167,0.6281,-0.4181,178.2585,0.0000,0.0000,0.0000,0.6376,-0.4357,178.7037,0.002,6740,0.0030,0.1000,0.1989,1,5,1.188
158.848,0,5,4,0.6167,-0.6167,0.6252,-0.4280,178.2606,0.0000,0.0000,0.0000,0.6183,-0.4940,176.0906,0.002,6744,0.0018,0.1000,0.1888,1,5,1.176
158.949,0,5,4,0.6167,-0.6167,0.6203,-0.4369,178.1584,0.0000,0.0000,0.0000,0.6425,-0.4506,178.4425,0.002,6749,-0.0007,0.1000,0.1798,1,5,1.179
159.049,0,5,4,0.6167,-0.6167,0.6182,-0.4489,178.1739,0.0000,0.0000,0.0000,0.6176,-0.5327,175.7819,0.005,6753,-0.0018,0.1000,0.1678,1,5,1.171
159.149,0,5,4,0.6167,-0.6167,0.6142,-0.4568,178.2344,0.0000,0.0000,0.0000,0.4412,-0.3618,175.0034,0.015,6757,-0.0043,0.0999,0.1599,1,5,1.192
159.249,0,5,4,0.6167,-0.6167,0.6129,-0.4673,178.1669,0.0000,0.0000,0.0000,0.6166,-0.5670,175.6482,0.002,6762,-0.0053,0.0999,0.1494,1,5,1.187
159.350,0,5,4,0.6167,-0.6167,0.6097,-0.4767,178.2457,0.0000,0.0000,0.0000,0.6338,-0.4975,179.1755,0.003,6767,-0.0077,0.0997,0.1401,1,5,1.186
159.448,0,5,4,0.6167,-0.6167,0.6090,-0.4882,178.3591,0.0000,0.0000,0.0000,0.6164,-0.5996,175.6106,0.003,6771,-0.0087,0.0996,0.1287,1,5,1.193
159.549,0,5,4,0.6167,-0.6167,0.6083,-0.4999,178.2848,0.0000,0.0000,0.0000,0.6434,-0.5098,179.1648,0.002,6775,-0.0092,0.0932,0.1171,1,5,1.176
159.649,0,5,4,0.6167,-0.6167,0.6081,-0.5096,178.3156,0.0000,0.0000,0.0000,0.6163,-0.6431,175.3370,0.002,6779,-0.0092,0.0854,0.1074,1,5,1.185
159.750,0,5,4,0.6167,-0.6167,0.6061,-0.5185,178.2961,0.0000,0.0000,0.0000,0.4757,-0.4418,176.5014,0.002,6784,-0.0106,0.0783,0.0987,1,5,1.181
159.849,0,5,4,0.6167,-0.6167,0.6050,-0.5279,178.3240,0.0000,0.0000,0.0000,0.6412,-0.5373,179.3961,0.025,6788,-0.0113,0.0707,0.0895,1,5,1.181
159.950,0,5,4,0.6167,-0.6167,0.6038,-0.5366,178.3171,0.0000,0.0000,0.0000,0.6176,-0.6700,175.4447,0.014,6793,-0.0120,0.0638,0.0811,1,5,1.187
160.049,0,5,4,0.6167,-0.6167,0.6044,-0.5434,178.4388,0.0000,0.0000,0.0000,0.6452,-0.5487,179.2903,0.033,6797,-0.0114,0.0583,0.0743,1,5,1.169
160.150,0,5,5,0.0000,-0.6167,0.6028,-0.5504,178.1209,0.0000,0.0000,0.0000,0.6398,-0.5641,179.6582,0.002,6803,0.0991,0.0136,0.6065,1,5,1.170
160.249,0,5,5,0.0000,-0.6167,0.5942,-0.5530,178.6216,0.0000,0.0000,0.0000,0.6192,-0.7075,175.4800,0.002,6807,0.0991,0.0134,0.5976,1,5,1.178
160.350,0,5,5,0.0000,-0.6167,0.5836,-0.5560,178.4825,0.0000,0.0000,0.0000,0.6400,-0.5620,179.7423,0.002,6812,0.0991,0.0131,0.5867,1,5,1.195
160.449,0,5,5,0.0000,-0.6167,0.5737,-0.5581,178.3183,0.0000,0.0000,0.0000,0.5982,-0.7074,175.3530,0.002,6816,0.0992,0.0129,0.5766,1,5,1.199
160.549,0,5,5,0.0000,-0.6167,0.5633,-0.5608,178.3292,0.0000,0.0000,0.0000,0.6144,-0.5701,179.6936,0.006,6821,0.0992,0.0126,0.5661,1,5,1.207
160.649,0,5,5,0.0000,-0.6167,0.5532,-0.5629,178.5094,0.0000,0.0000,0.0000,0.5782,-0.7172,175.3540,0.004,6825,0.0992,0.0124,0.5558,1,5,1.226
160.751,0,5,5,0.0000,-0.6167,0.5424,-0.5666,178.4527,0.0000,0.0000,0.0000,0.5990,-0.5669,179.8142,0.003,6829,0.0993,0.0119,0.5447,1,5,1.234
160.849,0,5,5,0.0000,-0.6167,0.5324,-0.5675,178.4216,0.0000,0.0000,0.0000,0.5583,-0.7242,175.2150,0.002,6834,0.0993,0.0119,0.5347,1,5,1.236
160.949,0,5,5,0.0000,-0.6167,0.5225,-0.5708,178.3481,0.0000,0.0000,0.0000,0.5831,-0.5654,179.5738,0.002,6838,0.0993,0.0115,0.5245,1,5,1.234
161.049,0,5,5,0.0000,-0.6167,0.5129,-0.5715,178.4242,0.0000,0.0000,0.0000,0.5395,-0.7223,175.2849,0.002,6843,0.0993,0.0115,0.5149,1,5,1.251
161.150,0,5,5,0.0000,-0.6167,0.4997,-0.5740,178.4371,0.0000,0.0000,0.0000,0.3864,-0.4928,177.5310,0.016,6847,0.0994,0.0112,0.5015,1,5,1.250
161.251,0,5,5,0.0000,-0.6167,0.4900,-0.5755,178.3616,0.0000,0.0000,0.0000,0.5484,-0.5746,179.9703,0.014,6851,0.0994,0.0111,0.4917,1,5,1.251
161.349,0,5,5,0.0000,-0.6167,0.4796,-0.5775,178.2718,0.0000,0.0000,0.0000,0.5365,-0.5739,179.6965,0.002,6857,0.0994,0.0109,0.4812,1,5,1.258
161.450,0,5,5,0.0000,-0.6167,0.4692,-0.5789,178.2294,0.0000,0.0000,0.0000,0.5323,-0.5724,179.6552,0.032,6860,0.0994,0.0107,0.4707,1,5,1.255
161.549,0,5,5,0.0000,-0.6167,0.4592,-0.5807,178.2596,0.0000,0.0000,0.0000,0.5217,-0.5699,179.5054,0.003,6866,0.0994,0.0105,0.4606,1,5,1.253
161.650,0,5,5,0.0000,-0.6167,0.4487,-0.5837,178.4049,0.0000,0.0000,0.0000,0.4807,-0.7333,175.4994,0.005,6870,0.0995,0.0101,0.4500,1,5,1.240
161.750,0,5,5,0.0000,-0.6167,0.4380,-0.5839,178.4230,0.0000,0.0000,0.0000,0.4981,-0.5746,179.8445,0.002,6875,0.0995,0.0102,0.4393,1,5,1.265
161.849,0,5,5,0.0000,-0.6167,0.4283,-0.5850,178.2652,0.0000,0.0000,0.0000,0.4617,-0.7255,175.5190,0.008,6879,0.0995,0.0101,0.4294,1,5,1.246
161.949,0,5,5,0.0000,-0.6167,0.4173,-0.5866,178.2786,0.0000,0.0000,0.0000,0.4806,-0.5726,179.5151,0.002,6884,0.0995,0.0099,0.4184,1,5,1.242
162.050,0,5,5,0.0000,-0.6167,0.4069,-0.5892,178.3334,0.0000,0.0000,0.0000,0.4445,-0.7304,175.6129,0.008,6888,0.0996,0.0095,0.4078,1,5,1.257
162.148,0,5,5,0.0000,-0.6167,0.3989,-0.5900,178.3569,0.0000,0.0000,0.0000,0.2772,-0.5036,177.7479,0.008,6892,0.0996,0.0094,0.3997,1,5,1.241
162.249,0,5,5,0.0000,-0.6167,0.3870,-0.5899,178.4017,0.0000,0.0000,0.0000,0.4248,-0.7343,175.6073,0.002,6897,0.0995,0.0096,0.3879,1,5,1.241
162.348,0,5,5,0.0000,-0.6167,0.3772,-0.5923,178.5194,0.0000,0.0000,0.0000,0.4181,-0.7356,175.5744,0.030,6900,0.0996,0.0092,0.3780,1,5,1.238
162.449,0,5,5,0.0000,-0.6167,0.3668,-0.5921,178.4177,0.0000,0.0000,0.0000,0.4065,-0.7367,175.6004,0.002,6905,0.0996,0.0094,0.3677,1,5,1.249
162.548,0,5,5,0.0000,-0.6167,0.3557,-0.5931,178.3917,0.0000,0.0000,0.0000,0.2246,-0.5034,177.7338,0.015,6910,0.0996,0.0093,0.3564,1,5,1.242
162.650,0,5,5,0.0000,-0.6167,0.3455,-0.5937,178.4832,0.0000,0.0000,0.0000,0.4277,-0.5573,179.0540,0.027,6914,0.0996,0.0094,0.3462,1,5,1.233
162.749,0,5,5,0.0000,-0.6167,0.3346,-0.5935,178.4000,0.0000,0.0000,0.0000,0.3804,-0.7361,175.6924,0.006,6919,0.0995,0.0096,0.3354,1,5,1.242
162.850,0,5,5,0.0000,-0.6167,0.3248,-0.5958,178.3966,0.0000,0.0000,0.0000,0.3980,-0.5700,179.6124,0.036,6923,0.0996,0.0091,0.3254,1,5,1.236
162.950,0,5,5,0.0000,-0.6167,0.3147,-0.5971,178.4415,0.0000,0.0000,0.0000,0.3857,-0.5668,179.4200,0.002,6929,0.0996,0.0089,0.3153,1,5,1.248
163.050,0,5,5,0.0000,-0.6167,0.3044,-0.5990,178.3457,0.0000,0.0000,0.0000,0.3472,-0.7370,175.7016,0.005,6933,0.0996,0.0085,0.3049,1,5,1.211
163.151,0,5,5,0.0000,-0.6167,0.2927,-0.5987,178.4097,0.0000,0.0000,0.0000,0.1561,-0.5082,177.8086,0.019,6937,0.0996,0.0089,0.2932,1,5,1.217
163.249,0,5,5,0.0000,-0.6167,0.2842,-0.5989,178.4391,0.0000,0.0000,0.0000,0.3300,-0.7353,175.8499,0.002,6942,0.0996,0.0090,0.2847,1,5,1.227
163.349,0,5,5,0.0000,-0.6167,0.2726,-0.5984,178.2619,0.0000,0.0000,0.0000,0.3521,-0.5560,178.9511,0.002,6947,0.0996,0.0094,0.2732,1,5,1.223
163.450,0,5,5,0.0000,-0.6167,0.2616,-0.5971,178.2442,0.0000,0.0000,0.0000,0.3093,-0.7321,175.8020,0.002,6951,0.0995,0.0102,0.2623,1,5,1.210
163.549,0,5,5,0.0000,-0.6167,0.2510,-0.5977,178.1668,0.0000,0.0000,0.0000,0.3338,-0.5513,178.7532,0.005,6955,0.0995,0.0103,0.2517,1,5,1.210
163.650,0,5,5,0.0000,-0.6167,0.2382,-0.5956,178.1081,0.0000,0.0000,0.0000,0.2910,-0.7325,175.8421,0.005,6960,0.0993,0.0122,0.2391,1,5,1.231
163.749,0,5,5,0.0000,-0.6167,0.2275,-0.5950,178.1845,0.0000,0.0000,0.0000,0.3217,-0.5491,178.6007,0.029,6963,0.0993,0.0122,0.2285,1,5,1.211
163.848,0,5,5,0.0000,-0.6167,0.2183,-0.5926,178.0392,0.0000,0.0000,0.0000,0.2715,-0.7402,175.8440,0.005,6969,0.0991,0.0137,0.2196,1,5,1.228
163.949,0,5,5,0.0000,-0.6167,0.2060,-0.5925,178.0417,0.0000,0.0000,0.0000,0.2660,-0.7418,175.8612,0.002,6973,0.0990,0.0144,0.2074,1,5,1.223
164.049,0,5,5,0.0000,-0.6167,0.1982,-0.5948,178.1648,0.0000,0.0000,0.0000,0.2790,-0.5647,179.3080,0.019,6977,0.0991,0.0137,0.1994,1,5,1.218
164.149,0,5,5,0.0000,-0.6167,0.1873,-0.5963,178.3875,0.0000,0.0000,0.0000,0.2677,-0.5598,179.5237,0.002,6983,0.0991,0.0135,0.1884,1,5,1.204
164.250,0,5,5,0.0000,-0.6167,0.1772,-0.5970,178.3114,0.0000,0.0000,0.0000,0.2597,-0.5590,179.3385,0.037,6986,0.0991,0.0137,0.1783,1,5,1.194
164.349,0,5,5,0.0000,-0.6167,0.1672,-0.5981,178.2894,0.0000,0.0000,0.0000,0.2484,-0.5560,179.1951,0.003,6992,0.0990,0.0138,0.1683,1,5,1.195
164.450,0,5,5,0.0000,-0.6167,0.1579,-0.5984,178.2844,0.0000,0.0000,0.0000,0.2154,-0.7551,175.9813,0.002,6996,0.0990,0.0142,0.1590,1,5,1.192
164.549,0,5,5,0.0000,-0.6167,0.1467,-0.5992,178.3934,0.0000,0.0000,0.0000,0.2330,-0.5488,179.0592,0.002,7001,0.0989,0.0145,0.1478,1,5,1.229
164.649,0,5,5,0.0000,-0.6167,0.1374,-0.5993,178.3383,0.0000,0.0000,0.0000,0.1973,-0.7608,176.0629,0.006,7005,0.0988,0.0152,0.1385,1,5,1.205
164.749,0,5,5,0.0000,-0.6167,0.1264,-0.5999,178.1874,0.0000,0.0000,0.0000,0.2131,-0.5435,178.6921,0.002,7010,0.0987,0.0158,0.1275,1,5,1.200
164.849,0,5,5,0.0000,-0.6167,0.1178,-0.5999,178.2468,0.0000,0.0000,0.0000,0.1780,-0.7624,176.0094,0.006,7014,0.0939,0.0160,0.1190,1,5,1.186
164.950,0,5,5,0.0000,-0.6167,0.1087,-0.6022,178.3033,0.0000,0.0000,0.0000,-0.0758,-0.4406,175.9203,0.003,7018,0.0866,0.0139,0.1096,1,5,1.210
165.051,0,5,5,0.0000,-0.6167,0.0975,-0.6022,178.2204,0.0000,0.0000,0.0000,0.1603,-0.7698,176.0262,0.008,7023,0.0781,0.0154,0.0985,1,5,1.206
165.150,0,5,5,0.0000,-0.6167,0.0893,-0.6026,178.1568,0.0000,0.0000,0.0000,0.1552,-0.7719,176.0390,0.039,7026,0.0716,0.0133,0.0904,1,5,1.201
165.251,0,5,5,0.0000,-0.6167,0.0803,-0.6029,178.2115,0.0000,0.0000,0.0000,0.1452,-0.7755,176.0180,0.007,7031,0.0640,0.0128,0.0815,1,5,1.194
165.350,0,5,5,0.0000,-0.6167,0.0754,-0.6023,178.2481,0.0000,0.0000,0.0000,-0.1272,-0.4256,175.5415,0.008,7036,0.0600,0.0132,0.0768,1,5,1.186
165.452,0,5,5,0.0000,-0.6167,0.0680,-0.6002,178.2477,0.0000,0.0000,0.0000,0.1468,-0.5589,179.3930,0.029,7040,0.0000,0.0000,0.0699,1,5,1.189
165.550,0,5,5,0.0000,-0.6167,0.0669,-0.5998,178.1976,0.0000,0.0000,0.0000,0.1300,-0.7834,176.0580,0.002,7045,0.0000,0.0000,0.0690,1,5,1.186
165.650,0,5,5,0.0000,-0.6167,0.0655,-0.6008,178.1290,0.0000,0.0000,0.0000,0.1281,-0.7854,175.9865,0.007,7050,0.0000,0.0000,0.0674,1,5,1.167
165.748,0,5,5,0.0000,-0.6167,0.0621,-0.5983,178.0587,0.0000,0.0000,0.0000,0.1405,-0.5572,179.2809,0.003,7055,0.0000,0.0000,0.0648,1,5,1.178
165.850,0,5,5,0.0000,-0.6167,0.0629,-0.5995,178.0370,0.0000,0.0000,0.0000,0.1280,-0.7854,175.9843,0.010,7059,0.0000,0.0000,0.0652,1,5,1.201
165.950,0,5,5,0.0000,-0.6167,0.0607,-0.5966,177.9810,0.0000,0.0000,0.0000,0.1404,-0.5572,179.2792,0.006,7064,0.0000,0.0000,0.0639,1,5,1.181
166.050,0,5,5,0.0000,-0.6167,0.0607,-0.5983,177.9528,0.0000,0.0000,0.0000,0.1281,-0.7854,175.9845,0.008,7068,0.0000,0.0000,0.0635,1,5,1.203
166.151,0,5,5,0.0000,-0.6167,0.0578,-0.5959,177.8922,0.0000,0.0000,0.0000,0.1404,-0.5572,179.2786,0.002,7073,0.0000,0.0000,0.0614,1,5,1.182
166.250,0,5,5,0.0000,-0.6167,0.0588,-0.5971,177.8732,0.0000,0.0000,0.0000,0.1280,-0.7854,175.9842,0.007,7077,0.0000,0.0000,0.0619,1,5,1.185
166.349,0,5,5,0.0000,-0.6167,0.0582,-0.5967,177.8493,0.0000,0.0000,0.0000,0.1404,-0.5571,179.2789,0.002,7081,0.0000,0.0000,0.0616,1,5,0.400
166.453,0,5,5,0.0000,-0.6167,0.0562,-0.5940,177.8074,0.0000,0.0000,0.0000,0.1280,-0.7854,175.9838,0.004,7086,0.0000,0.0000,0.0606,0,6,1.175
166.549,0,5,5,0.0000,-0.6167,0.0542,-0.5938,177.7536,0.0000,0.0000,0.0000,-0.1529,-0.4152,175.2513,0.017,7090,0.0000,0.0000,0.0588,0,6,1.178
166.651,0,5,5,0.0000,-0.6167,0.0547,-0.5931,177.7469,0.0000,0.0000,0.0000,0.1404,-0.5571,179.2788,0.023,7094,0.0000,0.0000,0.0595,0,6,1.190
166.748,0,5,5,0.0000,-0.6167,0.0529,-0.5930,177.6943,0.0000,0.0000,0.0000,0.1280,-0.7854,175.9835,0.014,7099,0.0000,0.0000,0.0579,0,6,1.186
166.850,0,5,5,0.0000,-0.6167,0.0533,-0.5924,177.6889,0.0000,0.0000,0.0000,0.1403,-0.5571,179.2779,0.029,7103,0.0000,0.0000,0.0586,0,6,0.389
166.951,0,5,5,0.0000,-0.6167,0.0524,-0.5919,177.6508,0.0000,0.0000,0.0000,0.1403,-0.5571,179.2786,0.006,7109,0.0000,0.0000,0.0580,0,6,1.198
167.050,0,5,5,0.0000,-0.6167,0.0528,-0.5938,177.6256,0.0000,0.0000,0.0000,0.1280,-0.7854,175.9820,0.005,7113,0.0000,0.0000,0.0576,0,6,1.182
167.150,0,5,5,0.0000,-0.6167,0.0503,-0.5916,177.5864,0.0000,0.0000,0.0000,0.1403,-0.5571,179.2773,0.002,7118,0.0000,0.0000,0.0562,0,6,1.199
167.249,0,5,5,0.0000,-0.6167,0.0508,-0.5911,177.5829,0.0000,0.0000,0.0000,0.1280,-0.7854,175.9821,0.005,7122,0.0000,0.0000,0.0569,0,6,1.189
167.350,0,5,5,0.0000,-0.6167,0.0491,-0.5910,177.5365,0.0000,0.0000,0.0000,0.1403,-0.5571,179.2767,0.002,7127,0.0000,0.0000,0.0554,0,6,1.196
167.449,0,5,5,0.0000,-0.6167,0.0498,-0.5905,177.5353,0.0000,0.0000,0.0000,0.1280,-0.7854,175.9808,0.003,7131,0.0000,0.0000,0.0563,0,6,1.187
167.551,0,5,5,0.0000,-0.6167,0.0502,-0.5924,177.5119,0.0000,0.0000,0.0000,0.1402,-0.5571,179.2765,0.003,7135,0.0000,0.0000,0.0558,0,6,0.409
167.650,0,5,5,0.0000,-0.6167,0.0496,-0.5920,177.4756,0.0000,0.0000,0.0000,0.1280,-0.7854,175.9816,0.006,7140,0.0000,0.0000,0.0553,0,6,1.172
167.751,0,5,5,0.0000,-0.6167,0.0502,-0.5915,177.4776,0.0000,0.0000,0.0000,0.1402,-0.5571,179.2757,0.007,7144,0.0000,0.0000,0.0562,0,6,1.180
167.850,0,5,5,0.0000,-0.6167,0.0486,-0.5915,177.4345,0.0000,0.0000,0.0000,0.1280,-0.7854,175.9811,0.005,7149,0.0000,0.0000,0.0547,0,6,1.198
167.950,0,5,5,0.0000,-0.6167,0.0483,-0.5913,177.4215,0.0000,0.0000,0.0000,-0.1529,-0.4152,175.2513,0.014,7153,0.0000,0.0000,0.0545,0,6,1.179
168.050,0,5,5,0.0000,-0.6167,0.0459,-0.5893,177.3934,0.0000,0.0000,0.0000,0.1402,-0.5571,179.2755,0.003,7157,0.0000,0.0000,0.0535,0,6,1.197
168.148,0,5,5,0.0000,-0.6167,0.0476,-0.5910,177.3890,0.0000,0.0000,0.0000,-0.1529,-0.4152,175.2513,0.012,7162,0.0000,0.0000,0.0541,0,6,1.188
168.253,0,5,5,0.0000,-0.6167,0.0462,-0.5887,177.3759,0.0000,0.0000,0.0000,0.1402,-0.5571,179.2755,0.030,7166,0.0000,0.0000,0.0540,0,6,1.188
168.349,0,5,5,0.0000,-0.6167,0.0447,-0.5888,177.3384,0.0000,0.0000,0.0000,0.1402,-0.5571,179.2755,0.004,7172,0.0000,0.0000,0.0527,0,6,1.193
168.449,0,5,5,0.0000,-0.6167,0.0455,-0.5883,177.3437,0.0000,0.0000,0.0000,0.1402,-0.5571,179.2755,0.036,7175,0.0000,0.0000,0.0536,0,6,1.169
168.549,0,5,5,0.0000,-0.6167,0.0462,-0.5903,177.3240,0.0000,0.0000,0.0000,0.1402,-0.5570,179.2758,0.002,7181,0.0000,0.0000,0.0532,0,6,1.185
168.652,0,5,5,0.0000,-0.6167,0.0458,-0.5901,177.3059,0.0000,0.0000,0.0000,0.1280,-0.7854,175.9798,0.011,7185,0.0000,0.0000,0.0529,0,6,1.172
168.748,0,5,5,0.0000,-0.6167,0.0456,-0.5900,177.2979,0.0000,0.0000,0.0000,0.1401,-0.5570,179.2757,0.004,7190,0.0000,0.0000,0.0528,0,6,1.182
168.849,0,5,5,0.0000,-0.6167,0.0452,-0.5898,177.2792,0.0000,0.0000,0.0000,0.1280,-0.7853,175.9804,0.008,7194,0.0000,0.0000,0.0525,0,6,1.189
168.948,0,5,5,0.0000,-0.6167,0.0450,-0.5898,177.2706,0.0000,0.0000,0.0000,-0.1529,-0.4152,175.2513,0.003,7198,0.0000,0.0000,0.0524,0,6,1.170
169.050,0,5,5,0.0000,-0.6167,0.0437,-0.5874,177.2616,0.0000,0.0000,0.0000,0.1280,-0.7853,175.9799,0.007,7203,0.0000,0.0000,0.0526,0,6,1.190
169.149,0,5,5,0.0000,-0.6167,0.0444,-0.5894,177.2469,0.0000,0.0000,0.0000,-0.1529,-0.4152,175.2513,0.008,7206,0.0000,0.0000,0.0521,0,6,1.180
169.249,0,5,5,0.0000,-0.6167,0.0451,-0.5914,177.2324,0.0000,0.0000,0.0000,0.1280,-0.7853,175.9803,0.007,7210,0.0000,0.0000,0.0517,0,6,1.192
169.350,0,5,5,0.0000,-0.6167,0.0438,-0.5891,177.2271,0.0000,0.0000,0.0000,0.1401,-0.5570,179.2746,0.031,7215,0.0000,0.0000,0.0518,0,6,1.193
169.450,0,5,5,0.0000,-0.6167,0.0426,-0.5868,177.2232,0.0000,0.0000,0.0000,0.1401,-0.5570,179.2762,0.025,7220,0.0000,0.0000,0.0520,0,6,1.181
169.552,0,5,5,0.0000,-0.6167,0.0414,-0.5871,177.1926,0.0000,0.0000,0.0000,-0.1529,-0.4152,175.2506,0.009,7225,0.0000,0.0000,0.0508,0,6,1.201
169.651,0,5,5,0.0000,-0.6167,0.0423,-0.5867,177.2042,0.0000,0.0000,0.0000,0.1401,-0.5570,179.2749,0.039,7229,0.0000,0.0000,0.0518,0,6,1.201
169.749,0,5,5,0.0000,-0.6167,0.0431,-0.5888,177.1878,0.0000,0.0000,0.0000,0.1400,-0.5570,179.2740,0.002,7235,0.0000,0.0000,0.0513,0,6,1.189
169.848,0,5,5,0.0000,-0.6167,0.0419,-0.5866,177.1848,0.0000,0.0000,0.0000,0.1280,-0.7853,175.9797,0.009,7239,0.0000,0.0000,0.0516,0,6,0.398
169.948,0,5,5,0.0000,-0.6167,0.0407,-0.5868,177.1557,0.0000,0.0000,0.0000,0.1401,-0.5570,179.2748,0.004,7244,0.0000,0.0000,0.0504,0,6,1.184
170.049,0,5,5,0.0000,-0.6167,0.0416,-0.5864,177.1673,0.0000,0.0000,0.0000,0.1280,-0.7853,175.9800,0.007,7248,0.0000,0.0000,0.0514,0,6,1.191
170.149,0,5,5,0.0000,-0.6167,0.0424,-0.5885,177.1543,0.0000,0.0000,0.0000,0.1400,-0.5570,179.2737,0.003,7253,0.0000,0.0000,0.0509,0,6,1.182
170.248,0,5,5,0.0000,-0.6167,0.0413,-0.5863,177.1516,0.0000,0.0000,0.0000,0.1280,-0.7853,175.9806,0.006,7257,0.0000,0.0000,0.0513,0,6,1.194
170.352,0,5,5,0.0000,-0.6167,0.0432,-0.5880,177.1561,0.0000,0.0000,0.0000,0.1400,-0.5570,179.2738,0.008,7261,0.0000,0.0000,0.0518,0,6,1.183
