time,lap_count,goal_index,wp_index,target_x,target_y,filtered_x,filtered_y,filtered_yaw,raw_odom_x,raw_odom_y,raw_odom_yaw,aruco_x,aruco_y,aruco_yaw,aruco_age,aruco_count,cmd_vx,cmd_vy,dist_to_target,lifter_up,lifter_toggle_count,min_dist
0.104,0,0,0,-0.6167,1.2333,-0.5567,1.0162,-137.9433,0.0000,0.0000,0.0000,-0.6535,1.3700,-173.2655,0.003,8,0.0000,0.0000,0.2253,0,0,0.382
0.210,0,0,0,-0.6167,1.2333,-0.5620,1.0259,-140.1805,0.0000,0.0000,0.0000,-0.5826,1.2099,178.9812,0.012,14,0.0000,0.0000,0.2145,0,0,0.590
0.310,0,0,0,-0.6167,1.2333,-0.5652,1.0355,-141.6440,0.0000,0.0000,0.0000,-0.6716,1.2075,178.5168,0.008,19,0.0000,0.0000,0.2044,0,0,0.598
0.403,0,0,0,-0.6167,1.2333,-0.5705,1.0458,-143.9562,0.0000,0.0000,0.0000,-0.5827,1.2099,178.9819,0.029,26,0.0000,0.0000,0.1931,0,0,0.600
0.510,0,0,0,-0.6167,1.2333,-0.5740,1.0540,-145.2629,0.0000,0.0000,0.0000,-0.6716,1.2075,178.5180,0.045,31,0.0000,0.0000,0.1844,0,0,0.600
0.602,0,0,0,-0.6167,1.2333,-0.5772,1.0598,-146.5794,0.0000,0.0000,0.0000,-0.6469,1.0547,-179.7543,0.004,37,0.0000,0.0000,0.1779,0,0,0.606
0.702,0,0,0,-0.6167,1.2333,-0.5826,1.0678,-148.7867,0.0000,0.0000,0.0000,-0.6556,1.3767,-172.9495,0.012,45,0.0000,0.0000,0.1690,0,0,0.598
0.801,0,0,0,-0.6167,1.2333,-0.5847,1.0748,-149.8928,0.0000,0.0000,0.0000,-0.6716,1.2075,178.5178,0.002,51,0.0000,0.0000,0.1617,0,0,0.598
0.903,0,0,0,-0.6167,1.2333,-0.5888,1.0840,-151.3318,0.0000,0.0000,0.0000,-0.6556,1.3767,-172.9484,0.013,57,0.0000,0.0000,0.1519,0,0,0.599
1.013,0,0,0,-0.6167,1.2333,-0.5907,1.0902,-152.3445,0.0000,0.0000,0.0000,-0.5826,1.2099,178.9806,0.024,62,0.0000,0.0000,0.1455,0,0,0.491
1.105,0,0,0,-0.6167,1.2333,-0.5934,1.0959,-153.5215,0.0000,0.0000,0.0000,-0.6556,1.3767,-172.9491,0.005,69,0.0000,0.0000,0.1393,0,0,0.613
1.202,0,0,0,-0.6167,1.2333,-0.5960,1.0992,-154.5002,0.0000,0.0000,0.0000,-0.5826,1.2099,178.9815,0.003,74,0.0000,0.0000,0.1358,0,0,0.614
1.304,0,0,0,-0.6167,1.2333,-0.5992,1.1076,-155.8866,0.0000,0.0000,0.0000,-0.6545,1.3701,-173.2615,0.010,81,0.0000,0.0000,0.1270,0,0,0.605
1.404,0,0,0,-0.6167,1.2333,-0.6007,1.1115,-156.5475,0.0000,0.0000,0.0000,-0.5826,1.2099,178.9819,0.004,86,0.0000,0.0000,0.1229,0,0,0.606
1.521,0,0,0,-0.6167,1.2333,-0.6022,1.1121,-157.6407,0.0000,0.0000,0.0000,-0.6533,1.3718,-173.1887,0.024,92,0.0000,0.0000,0.1221,0,0,0.589
1.619,0,0,0,-0.6167,1.2333,-0.6034,1.1160,-158.2590,0.0000,0.0000,0.0000,-0.6197,1.0771,179.6290,0.042,95,0.0000,0.0000,0.1181,0,0,0.589
1.702,0,0,0,-0.6167,1.2333,-0.6054,1.1168,-159.5218,0.0000,0.0000,0.0000,-0.6716,1.2075,178.5173,0.003,104,0.0000,0.0000,0.1171,0,0,0.288
1.802,0,0,0,-0.6167,1.2333,-0.6078,1.1237,-160.6168,0.0000,0.0000,0.0000,-0.6716,1.2075,178.5179,0.003,111,0.0000,0.0000,0.1100,0,0,0.589
1.906,0,0,0,-0.6167,1.2333,-0.6098,1.1300,-161.3705,0.0000,0.0000,0.0000,-0.6529,1.3691,-173.3130,0.020,116,0.0000,0.0000,0.1035,0,0,0.594
2.002,0,0,0,-0.6167,1.2333,-0.6109,1.1331,-162.1344,0.0000,0.0000,0.0000,-0.6717,1.2074,178.5189,0.002,123,0.0000,0.0000,0.1004,0,0,0.601
2.101,0,0,0,-0.6167,1.2333,-0.6124,1.1361,-162.8742,0.0000,0.0000,0.0000,-0.6407,1.0000,170.5333,0.007,129,0.0000,0.0000,0.0973,0,0,0.200
2.202,0,0,0,-0.6167,1.2333,-0.6133,1.1384,-163.6348,0.0000,0.0000,0.0000,-0.6716,1.2075,178.5185,0.002,135,0.0000,0.0000,0.0950,0,0,0.600
2.303,0,0,0,-0.6167,1.2333,-0.6153,1.1398,-164.4776,0.0000,0.0000,0.0000,-0.6528,1.3672,-173.4006,0.014,141,0.0000,0.0000,0.0936,0,0,0.590
2.405,0,0,0,-0.6167,1.2333,-0.6160,1.1439,-165.1232,0.0000,0.0000,0.0000,-0.6716,1.2075,178.5173,0.003,147,0.0000,0.0000,0.0894,0,0,0.594
2.504,0,0,0,-0.6167,1.2333,-0.6171,1.1455,-165.6158,0.0000,0.0000,0.0000,-0.6448,1.0562,-179.7963,0.024,152,0.0000,0.0000,0.0878,0,0,0.606
2.602,0,0,0,-0.6167,1.2333,-0.6178,1.1505,-166.1529,0.0000,0.0000,0.0000,-0.6716,1.2075,178.5177,0.002,159,0.0000,0.0000,0.0828,0,0,0.593
2.703,0,0,0,-0.6167,1.2333,-0.6193,1.1546,-166.7685,0.0000,0.0000,0.0000,-0.6528,1.3672,-173.4004,0.010,165,0.0000,0.0000,0.0788,0,0,0.597
2.802,0,0,0,-0.6167,1.2333,-0.6199,1.1566,-167.1120,0.0000,0.0000,0.0000,-0.5827,1.2099,178.9808,0.009,170,0.0000,0.0000,0.0768,0,0,0.594
2.916,0,0,0,-0.6167,1.2333,-0.6205,1.1582,-167.6312,0.0000,0.0000,0.0000,-0.6716,1.2075,178.5176,0.008,176,0.0000,0.0000,0.0753,0,0,0.599
3.002,0,0,0,-0.6167,1.2333,-0.6214,1.1595,-168.2916,0.0000,0.0000,0.0000,-0.5826,1.2099,178.9812,0.032,182,0.0000,0.0000,0.0740,0,0,0.600
3.102,0,0,0,-0.6167,1.2333,-0.6228,1.1637,-168.7183,0.0000,0.0000,0.0000,-0.6529,1.3684,-173.3458,0.016,188,0.0000,0.0000,0.0699,0,0,0.598
3.204,0,0,0,-0.6167,1.2333,-0.6231,1.1615,-169.2798,0.0000,0.0000,0.0000,-0.6717,1.2074,178.5190,0.003,195,0.0000,0.0000,0.0721,0,0,0.605
3.304,0,0,0,-0.6167,1.2333,-0.6247,1.1653,-169.6563,0.0000,0.0000,0.0000,-0.6536,1.3662,-173.4406,0.019,200,0.0000,0.0000,0.0685,0,0,0.598
3.403,0,0,0,-0.6167,1.2333,-0.6250,1.1663,-170.0658,0.0000,0.0000,0.0000,-0.6716,1.2075,178.5177,0.002,207,0.0000,0.0000,0.0675,0,0,0.587
3.502,0,0,0,-0.6167,1.2333,-0.6264,1.1691,-170.4816,0.0000,0.0000,0.0000,-0.6535,1.3662,-173.4426,0.015,213,0.0000,0.0000,0.0650,0,0,0.590
3.602,0,0,0,-0.6167,1.2333,-0.6265,1.1709,-170.7895,0.0000,0.0000,0.0000,-0.6717,1.2075,178.5185,0.002,219,0.0000,0.0000,0.0632,0,0,0.368
3.702,0,0,0,-0.6167,1.2333,-0.6271,1.1718,-171.1595,0.0000,0.0000,0.0000,-0.6053,1.0809,179.3823,0.020,224,0.0000,0.0000,0.0624,0,0,0.592
3.802,0,0,0,-0.6167,1.2333,-0.6273,1.1721,-171.5716,0.0000,0.0000,0.0000,-0.6549,1.3716,-173.1922,0.025,230,0.0000,0.0000,0.0621,0,0,0.597
3.902,0,0,0,-0.6167,1.2333,-0.6285,1.1746,-171.9114,0.0000,0.0000,0.0000,-0.6549,1.3716,-173.1916,0.016,237,0.0000,0.0000,0.0599,0,0,0.605
4.005,0,0,0,-0.6167,1.2333,-0.6291,1.1729,-172.2895,0.0000,0.0000,0.0000,-0.6717,1.2075,178.5187,0.006,242,0.0000,0.0000,0.0618,0,0,0.589
4.102,0,0,0,-0.6167,1.2333,-0.6287,1.1758,-172.6061,0.0000,0.0000,0.0000,-0.6538,1.3709,-173.2210,0.010,249,0.0000,0.0000,0.0588,0,0,0.604
4.202,0,0,0,-0.6167,1.2333,-0.6286,1.1774,-172.8400,0.0000,0.0000,0.0000,-0.5827,1.2099,178.9807,0.023,254,0.0000,0.0000,0.0572,0,0,0.599
4.302,0,0,0,-0.6167,1.2333,-0.6297,1.1795,-173.1203,0.0000,0.0000,0.0000,-0.6717,1.2075,178.5188,0.007,261,0.0000,0.0000,0.0554,0,0,0.603
4.401,0,0,0,-0.6167,1.2333,-0.6296,1.1810,-173.3358,0.0000,0.0000,0.0000,-0.5827,1.2099,178.9807,0.030,266,0.0000,0.0000,0.0539,0,0,0.597
4.503,0,0,0,-0.6167,1.2333,-0.6305,1.1841,-173.5467,0.0000,0.0000,0.0000,-0.6453,1.0557,-179.7837,0.002,273,0.0000,0.0000,0.0512,0,0,0.594
4.602,0,0,0,-0.6167,1.2333,-0.6308,1.1804,-173.8991,0.0000,0.0000,0.0000,-0.6900,1.0216,-178.7654,0.008,278,0.0000,0.0000,0.0548,0,0,0.615
4.701,0,0,0,-0.6167,1.2333,-0.6317,1.1834,-174.0864,0.0000,0.0000,0.0000,-0.6477,1.0541,-179.7353,0.002,285,0.0000,0.0000,0.0521,0,0,0.615
4.801,0,0,0,-0.6167,1.2333,-0.6316,1.1835,-174.3077,0.0000,0.0000,0.0000,-0.6717,1.2075,178.5188,0.006,291,0.0000,0.0000,0.0520,0,0,0.599
4.902,0,0,0,-0.6167,1.2333,-0.6326,1.1852,-174.5157,0.0000,0.0000,0.0000,-0.6532,1.3678,-173.3760,0.012,297,0.0000,0.0000,0.0507,0,0,0.613
5.002,0,0,0,-0.6167,1.2333,-0.6324,1.1863,-174.6825,0.0000,0.0000,0.0000,-0.6716,1.2075,178.5172,0.006,303,0.0000,0.0000,0.0496,0,0,0.592
5.101,0,0,0,-0.6167,1.2333,-0.6327,1.1864,-174.8895,0.0000,0.0000,0.0000,-0.6532,1.3678,-173.3767,0.006,309,0.0000,0.0000,0.0496,0,0,0.606
5.203,0,0,0,-0.6167,1.2333,-0.6330,1.1892,-175.0801,0.0000,0.0000,0.0000,-0.6717,1.2075,178.5181,0.003,315,0.0000,0.0000,0.0470,0,0,0.587
5.302,0,0,0,-0.6167,1.2333,-0.6333,1.1888,-175.2196,0.0000,0.0000,0.0000,-0.6468,1.0546,-179.7526,0.023,320,0.0000,0.0000,0.0476,0,0,0.377
5.401,0,0,0,-0.6167,1.2333,-0.6333,1.1913,-175.3510,0.0000,0.0000,0.0000,-0.6717,1.2075,178.5193,0.002,327,0.0000,0.0000,0.0452,0,0,0.611
5.502,0,0,0,-0.6167,1.2333,-0.6341,1.1925,-175.5098,0.0000,0.0000,0.0000,-0.6532,1.3678,-173.3761,0.013,333,0.0000,0.0000,0.0444,0,0,0.612
5.603,0,0,0,-0.6167,1.2333,-0.6338,1.1933,-175.6448,0.0000,0.0000,0.0000,-0.5827,1.2099,178.9810,0.022,338,0.0000,0.0000,0.0435,0,0,0.605
5.703,0,0,0,-0.6167,1.2333,-0.6350,1.1941,-175.7823,0.0000,0.0000,0.0000,-0.5827,1.2098,178.9817,0.002,346,0.0000,0.0000,0.0433,0,0,0.596
5.803,0,0,0,-0.6167,1.2333,-0.6346,1.1948,-175.9082,0.0000,0.0000,0.0000,-0.5827,1.2098,178.9821,0.027,350,0.0000,0.0000,0.0425,0,0,0.599
5.904,0,0,0,-0.6167,1.2333,-0.6354,1.1958,-176.0398,0.0000,0.0000,0.0000,-0.6532,1.3678,-173.3753,0.018,357,0.0000,0.0000,0.0420,0,0,0.592
6.004,0,0,0,-0.6167,1.2333,-0.6354,1.1965,-176.1927,0.0000,0.0000,0.0000,-0.6716,1.2075,178.5173,0.006,363,0.0000,0.0000,0.0413,0,0,0.600
6.104,0,0,0,-0.6167,1.2333,-0.6353,1.1975,-176.2818,0.0000,0.0000,0.0000,-0.6002,1.0842,179.2770,0.003,369,0.0000,0.0000,0.0404,0,0,0.606
6.203,0,0,0,-0.6167,1.2333,-0.6353,1.1982,-176.4239,0.0000,0.0000,0.0000,-0.6717,1.2075,178.5186,0.007,375,0.0000,0.0000,0.0398,0,0,0.598
6.302,0,0,0,-0.6167,1.2333,-0.6357,1.1989,-176.4951,0.0000,0.0000,0.0000,-0.6532,1.3678,-173.3760,0.016,381,0.0000,0.0000,0.0394,0,0,0.611
6.403,0,0,0,-0.6167,1.2333,-0.6356,1.1995,-176.6290,0.0000,0.0000,0.0000,-0.6716,1.2075,178.5171,0.002,387,0.0000,0.0000,0.0388,0,0,0.369
6.503,0,0,0,-0.6167,1.2333,-0.6358,1.1985,-176.7164,0.0000,0.0000,0.0000,-0.6461,1.0553,-179.7696,0.022,392,0.0000,0.0000,0.0397,0,0,0.608
6.602,0,0,0,-0.6167,1.2333,-0.6358,1.1974,-176.9271,0.0000,0.0000,0.0000,-0.6717,1.2075,178.5194,0.007,399,0.0000,0.0000,0.0407,0,0,0.610
6.701,0,0,0,-0.6167,1.2333,-0.6363,1.1912,-177.1958,0.0000,0.0000,0.0000,-0.6401,1.0010,170.5643,0.007,405,0.0000,0.0000,0.0465,0,0,0.593
6.804,0,0,0,-0.6167,1.2333,-0.6359,1.1921,-177.2708,0.0000,0.0000,0.0000,-0.6717,1.2075,178.5190,0.006,411,0.0000,0.0000,0.0455,0,0,0.593
6.903,0,0,0,-0.6167,1.2333,-0.6365,1.1900,-177.4438,0.0000,0.0000,0.0000,-0.6539,1.3676,-173.3737,0.017,417,0.0000,0.0000,0.0476,0,0,0.606
7.002,0,0,0,-0.6167,1.2333,-0.6361,1.1909,-177.5102,0.0000,0.0000,0.0000,-0.5827,1.2098,178.9816,0.029,422,0.0000,0.0000,0.0467,0,0,0.356
7.104,0,0,0,-0.6167,1.2333,-0.6372,1.1918,-177.5575,0.0000,0.0000,0.0000,-0.6717,1.2075,178.5186,0.007,429,0.0000,0.0000,0.0463,0,0,0.150
7.204,0,0,0,-0.6167,1.2333,-0.6365,1.1929,-177.6242,0.0000,0.0000,0.0000,-0.5826,1.2099,178.9787,0.030,434,0.0000,0.0000,0.0451,0,0,0.594
7.302,0,0,0,-0.6167,1.2333,-0.6369,1.1919,-177.7713,0.0000,0.0000,0.0000,-0.6407,1.0005,170.5403,0.017,440,0.0000,0.0000,0.0461,0,0,0.587
7.401,0,0,0,-0.6167,1.2333,-0.6365,1.1915,-177.8407,0.0000,0.0000,0.0000,-0.6717,1.2075,178.5192,0.003,447,0.0000,0.0000,0.0463,0,0,0.617
7.502,0,0,0,-0.6167,1.2333,-0.6370,1.1895,-177.9873,0.0000,0.0000,0.0000,-0.6541,1.3756,-173.0047,0.013,453,0.0000,0.0000,0.0483,0,0,0.599
7.603,0,0,0,-0.6167,1.2333,-0.6365,1.1909,-178.0641,0.0000,0.0000,0.0000,-0.6717,1.2075,178.5191,0.006,459,0.0000,0.0000,0.0468,0,0,0.601
7.702,0,0,0,-0.6167,1.2333,-0.6368,1.1921,-178.0626,0.0000,0.0000,0.0000,-0.6540,1.3757,-173.0075,0.014,465,0.0000,0.0000,0.0459,0,0,0.606
7.802,0,0,0,-0.6167,1.2333,-0.6368,1.1931,-178.1270,0.0000,0.0000,0.0000,-0.6717,1.2075,178.5203,0.008,471,0.0000,0.0000,0.0449,0,0,0.592
7.902,0,0,0,-0.6167,1.2333,-0.6371,1.1942,-178.1216,0.0000,0.0000,0.0000,-0.6540,1.3756,-173.0066,0.016,477,0.0000,0.0000,0.0441,0,0,0.587
8.003,0,0,0,-0.6167,1.2333,-0.6367,1.1950,-178.1630,0.0000,0.0000,0.0000,-0.5826,1.2099,178.9805,0.008,482,0.0000,0.0000,0.0432,0,0,0.613
8.104,0,0,0,-0.6167,1.2333,-0.6368,1.1947,-178.2229,0.0000,0.0000,0.0000,-0.6540,1.3756,-173.0063,0.003,489,0.0000,0.0000,0.0435,0,0,0.606
8.203,0,0,0,-0.6167,1.2333,-0.6367,1.1938,-178.3608,0.0000,0.0000,0.0000,-0.6717,1.2075,178.5199,0.009,495,0.0000,0.0000,0.0443,0,0,0.583
8.303,0,0,0,-0.6167,1.2333,-0.6373,1.1913,-178.4555,0.0000,0.0000,0.0000,-0.6717,1.2075,178.5193,0.008,501,0.0000,0.0000,0.0469,0,0,0.392
8.402,0,0,0,-0.6167,1.2333,-0.6368,1.1921,-178.4859,0.0000,0.0000,0.0000,-0.5827,1.2099,178.9808,0.032,506,0.0000,0.0000,0.0458,0,0,0.606
8.502,0,0,0,-0.6167,1.2333,-0.6372,1.1913,-178.5944,0.0000,0.0000,0.0000,-0.6443,1.0566,-179.8075,0.002,513,0.0000,0.0000,0.0468,0,0,0.614
8.603,0,0,0,-0.6167,1.2333,-0.6372,1.1912,-178.6493,0.0000,0.0000,0.0000,-0.6717,1.2075,178.5196,0.009,519,0.0000,0.0000,0.0469,0,0,0.602
8.703,0,0,0,-0.6167,1.2333,-0.6374,1.1936,-178.6182,0.0000,0.0000,0.0000,-0.6551,1.3732,-173.1044,0.020,524,0.0000,0.0000,0.0448,0,0,0.601
8.801,0,0,0,-0.6167,1.2333,-0.6370,1.1932,-178.6524,0.0000,0.0000,0.0000,-0.6717,1.2075,178.5186,0.003,531,0.0000,0.0000,0.0450,0,0,0.595
8.903,0,0,0,-0.6167,1.2333,-0.6374,1.1911,-178.7583,0.0000,0.0000,0.0000,-0.6558,1.3741,-173.0581,0.014,537,0.0000,0.0000,0.0471,0,0,0.602
9.002,0,0,0,-0.6167,1.2333,-0.6370,1.1920,-178.7779,0.0000,0.0000,0.0000,-0.6717,1.2075,178.5198,0.005,543,0.0000,0.0000,0.0460,0,0,0.602
9.103,0,0,0,-0.6167,1.2333,-0.6376,1.1933,-178.7669,0.0000,0.0000,0.0000,-0.6558,1.3741,-173.0579,0.015,549,0.0000,0.0000,0.0452,0,0,0.587
9.202,0,0,0,-0.6167,1.2333,-0.6375,1.1943,-178.8052,0.0000,0.0000,0.0000,-0.6717,1.2075,178.5194,0.006,555,0.0000,0.0000,0.0442,0,0,0.607
9.302,0,0,0,-0.6167,1.2333,-0.6372,1.1939,-178.8211,0.0000,0.0000,0.0000,-0.6448,1.0561,-179.7961,0.023,560,0.0000,0.0000,0.0445,0,0,0.602
9.402,0,0,0,-0.6167,1.2333,-0.6372,1.1926,-178.9056,0.0000,0.0000,0.0000,-0.6717,1.2075,178.5186,0.002,567,0.0000,0.0000,0.0456,0,0,0.601
9.502,0,0,0,-0.6167,1.2333,-0.6382,1.1935,-178.8840,0.0000,0.0000,0.0000,-0.6548,1.3729,-173.1251,0.016,573,0.0000,0.0000,0.0453,0,0,0.596
9.601,0,0,0,-0.6167,1.2333,-0.6383,1.1941,-178.8853,0.0000,0.0000,0.0000,-0.5827,1.2099,178.9815,0.003,578,0.0000,0.0000,0.0447,0,0,0.602
9.703,0,0,0,-0.6167,1.2333,-0.6383,1.1954,-178.8839,0.0000,0.0000,0.0000,-0.6548,1.3729,-173.1255,0.018,585,0.0000,0.0000,0.0437,0,0,0.600
9.801,0,0,0,-0.6167,1.2333,-0.6378,1.1961,-178.8975,0.0000,0.0000,0.0000,-0.5827,1.2099,178.9803,0.032,590,0.0000,0.0000,0.0428,0,0,0.365
9.902,0,0,0,-0.6167,1.2333,-0.6380,1.1953,-178.9040,0.0000,0.0000,0.0000,-0.6548,1.3729,-173.1253,0.007,596,0.0000,0.0000,0.0436,0,0,0.597
10.003,0,0,0,-0.6167,1.2333,-0.6380,1.1977,-178.8966,0.0000,0.0000,0.0000,-0.5828,1.2099,178.9819,0.028,602,0.0000,0.0000,0.0415,0,0,0.605
10.102,0,0,0,-0.6167,1.2333,-0.6382,1.1949,-179.0280,0.0000,0.0000,0.0000,-0.6391,1.0030,170.6620,0.011,608,0.0000,0.0000,0.0440,0,0,0.602
10.201,0,0,0,-0.6167,1.2333,-0.6374,1.1930,-179.1195,0.0000,0.0000,0.0000,-0.6717,1.2075,178.5188,0.007,615,0.0000,0.0000,0.0454,0,0,0.590
10.302,0,0,0,-0.6167,1.2333,-0.6380,1.1942,-179.0910,0.0000,0.0000,0.0000,-0.6551,1.3733,-173.0910,0.013,621,0.0000,0.0000,0.0446,0,0,0.595
10.403,0,0,0,-0.6167,1.2333,-0.6376,1.1949,-179.0985,0.0000,0.0000,0.0000,-0.6717,1.2075,178.5195,0.003,627,0.0000,0.0000,0.0437,0,0,0.377
10.501,0,0,0,-0.6167,1.2333,-0.6380,1.1943,-179.1150,0.0000,0.0000,0.0000,-0.6472,1.0544,-179.7451,0.020,632,0.0000,0.0000,0.0445,0,0,0.607
10.602,0,0,0,-0.6167,1.2333,-0.6380,1.1968,-179.0975,0.0000,0.0000,0.0000,-0.6717,1.2075,178.5183,0.008,639,0.0000,0.0000,0.0423,0,0,0.584
10.703,0,0,0,-0.6167,1.2333,-0.6381,1.1943,-179.1687,0.0000,0.0000,0.0000,-0.6379,1.0058,170.7842,0.012,645,0.0000,0.0000,0.0446,0,0,0.612
10.803,0,0,0,-0.6167,1.2333,-0.6385,1.1946,-179.1537,0.0000,0.0000,0.0000,-0.5827,1.2099,178.9823,0.009,650,0.0000,0.0000,0.0445,0,0,0.599
10.902,0,0,0,-0.6167,1.2333,-0.6385,1.1958,-179.1401,0.0000,0.0000,0.0000,-0.6541,1.3704,-173.2439,0.017,657,0.0000,0.0000,0.0435,0,0,0.606
11.004,0,0,0,-0.6167,1.2333,-0.6379,1.1931,-179.2604,0.0000,0.0000,0.0000,-0.5827,1.2099,178.9809,0.019,662,0.0000,0.0000,0.0455,0,0,0.594
11.104,0,0,0,-0.6167,1.2333,-0.6384,1.1942,-179.2291,0.0000,0.0000,0.0000,-0.6717,1.2075,178.5194,0.010,669,0.0000,0.0000,0.0447,0,0,0.588
11.201,0,0,0,-0.6167,1.2333,-0.6379,1.1950,-179.2329,0.0000,0.0000,0.0000,-0.5827,1.2099,178.9815,0.030,674,0.0000,0.0000,0.0438,0,0,0.597
11.302,0,0,0,-0.6167,1.2333,-0.6388,1.1970,-179.1915,0.0000,0.0000,0.0000,-0.6498,1.0525,-179.6902,0.002,681,0.0000,0.0000,0.0425,0,0,0.606
11.401,0,0,0,-0.6167,1.2333,-0.6384,1.1963,-179.1998,0.0000,0.0000,0.0000,-0.6717,1.2075,178.5195,0.002,687,0.0000,0.0000,0.0429,0,0,0.595
11.501,0,0,0,-0.6167,1.2333,-0.6387,1.1951,-179.2806,0.0000,0.0000,0.0000,-0.6498,1.0525,-179.6896,0.008,693,0.0000,0.0000,0.0442,0,0,0.161
11.602,0,0,0,-0.6167,1.2333,-0.6382,1.1912,-179.3973,0.0000,0.0000,0.0000,-0.6717,1.2075,178.5200,0.007,699,0.0000,0.0000,0.0473,0,0,0.593
11.703,0,0,0,-0.6167,1.2333,-0.6388,1.1924,-179.3572,0.0000,0.0000,0.0000,-0.6528,1.3706,-173.2435,0.014,705,0.0000,0.0000,0.0465,0,0,0.587
11.802,0,0,0,-0.6167,1.2333,-0.6382,1.1898,-179.4680,0.0000,0.0000,0.0000,-0.6717,1.2075,178.5200,0.004,711,0.0000,0.0000,0.0486,0,0,0.591
11.902,0,0,0,-0.6167,1.2333,-0.6388,1.1859,-179.5736,0.0000,0.0000,0.0000,-0.6546,1.3712,-173.2120,0.008,717,0.0000,0.0000,0.0524,0,0,0.609
12.002,0,0,0,-0.6167,1.2333,-0.6389,1.1883,-179.5142,0.0000,0.0000,0.0000,-0.6717,1.2075,178.5199,0.006,723,0.0000,0.0000,0.0502,0,0,0.597
12.104,0,0,0,-0.6167,1.2333,-0.6388,1.1884,-179.5192,0.0000,0.0000,0.0000,-0.6042,1.0816,179.3617,0.027,728,0.0000,0.0000,0.0501,0,0,0.604
12.201,0,0,0,-0.6167,1.2333,-0.6388,1.1907,-179.4630,0.0000,0.0000,0.0000,-0.6717,1.2075,178.5194,0.008,735,0.0000,0.0000,0.0480,0,0,0.603
12.303,0,0,0,-0.6167,1.2333,-0.6392,1.1888,-179.5314,0.0000,0.0000,0.0000,-0.6536,1.3730,-173.1316,0.016,741,0.0000,0.0000,0.0499,0,0,0.596
12.401,0,0,0,-0.6167,1.2333,-0.6386,1.1898,-179.5242,0.0000,0.0000,0.0000,-0.5828,1.2098,178.9830,0.015,746,0.0000,0.0000,0.0488,0,0,0.607
12.504,0,0,0,-0.6167,1.2333,-0.6391,1.1912,-179.4769,0.0000,0.0000,0.0000,-0.6536,1.3730,-173.1306,0.011,753,0.0000,0.0000,0.0477,0,0,0.612
12.603,0,0,0,-0.6167,1.2333,-0.6390,1.1918,-179.4630,0.0000,0.0000,0.0000,-0.6905,1.0209,-178.7508,0.016,758,0.0000,0.0000,0.0472,0,0,0.606
12.701,0,0,0,-0.6167,1.2333,-0.6394,1.1943,-179.4169,0.0000,0.0000,0.0000,-0.6536,1.3729,-173.1292,0.018,764,0.0000,0.0000,0.0452,0,0,0.225
12.802,0,0,0,-0.6167,1.2333,-0.6386,1.1940,-179.4229,0.0000,0.0000,0.0000,-0.6718,1.2075,178.5209,0.006,771,0.0000,0.0000,0.0450,0,0,0.603
12.902,0,0,0,-0.6167,1.2333,-0.6389,1.1917,-179.4946,0.0000,0.0000,0.0000,-0.6518,1.3686,-173.3393,0.015,777,0.0000,0.0000,0.0472,0,0,0.590
13.006,0,0,0,-0.6167,1.2333,-0.6384,1.1926,-179.4900,0.0000,0.0000,0.0000,-0.6717,1.2075,178.5198,0.011,783,0.0000,0.0000,0.0462,0,0,0.592
13.105,0,0,0,-0.6167,1.2333,-0.6389,1.1937,-179.4497,0.0000,0.0000,0.0000,-0.6518,1.3686,-173.3384,0.008,789,0.0000,0.0000,0.0454,0,0,0.597
13.204,0,0,0,-0.6167,1.2333,-0.6386,1.1946,-179.4599,0.0000,0.0000,0.0000,-0.6717,1.2075,178.5198,0.007,795,0.0000,0.0000,0.0445,0,0,0.596
13.305,0,0,0,-0.6167,1.2333,-0.6387,1.1939,-179.4475,0.0000,0.0000,0.0000,-0.6458,1.0554,-179.7753,0.023,800,0.0000,0.0000,0.0452,0,0,0.611
13.402,0,0,0,-0.6167,1.2333,-0.6383,1.1962,-179.4022,0.0000,0.0000,0.0000,-0.6717,1.2075,178.5200,0.008,807,0.0000,0.0000,0.0429,0,0,0.591
13.501,0,0,0,-0.6167,1.2333,-0.6385,1.1922,-179.5181,0.0000,0.0000,0.0000,-0.6503,1.3615,-173.6733,0.008,813,0.0000,0.0000,0.0466,0,0,0.603
13.603,0,0,0,-0.6167,1.2333,-0.6386,1.1943,-179.4634,0.0000,0.0000,0.0000,-0.5827,1.2099,178.9816,0.008,818,0.0000,0.0000,0.0447,0,0,0.599
13.702,0,0,0,-0.6167,1.2333,-0.6385,1.1922,-179.5432,0.0000,0.0000,0.0000,-0.6533,1.3668,-173.4122,0.015,825,0.0000,0.0000,0.0465,0,0,0.611
13.803,0,0,0,-0.6167,1.2333,-0.6380,1.1931,-179.5370,0.0000,0.0000,0.0000,-0.5826,1.2099,178.9802,0.035,830,0.0000,0.0000,0.0456,0,0,0.596
13.904,0,0,0,-0.6167,1.2333,-0.6382,1.1940,-179.4803,0.0000,0.0000,0.0000,-0.6717,1.2075,178.5197,0.003,837,0.0000,0.0000,0.0448,0,0,0.605
14.004,0,0,0,-0.6167,1.2333,-0.6379,1.1915,-179.6031,0.0000,0.0000,0.0000,-0.5827,1.2099,178.9824,0.030,842,0.0000,0.0000,0.0469,0,0,0.595
14.101,0,0,0,-0.6167,1.2333,-0.6384,1.1941,-179.5508,0.0000,0.0000,0.0000,-0.6562,1.3745,-173.0429,0.016,848,0.0000,0.0000,0.0449,0,0,0.351
14.201,0,0,0,-0.6167,1.2333,-0.6380,1.1936,-179.5418,0.0000,0.0000,0.0000,-0.6717,1.2075,178.5191,0.006,855,0.0000,0.0000,0.0451,0,0,0.591
14.303,0,0,0,-0.6167,1.2333,-0.6386,1.1948,-179.4933,0.0000,0.0000,0.0000,-0.6562,1.3746,-173.0436,0.007,861,0.0000,0.0000,0.0443,0,0,0.607
14.404,0,0,0,-0.6167,1.2333,-0.6381,1.1955,-179.4879,0.0000,0.0000,0.0000,-0.6717,1.2075,178.5203,0.003,867,0.0000,0.0000,0.0434,0,0,0.604
14.503,0,0,0,-0.6167,1.2333,-0.6385,1.1932,-179.5557,0.0000,0.0000,0.0000,-0.6372,1.0067,170.8327,0.014,873,0.0000,0.0000,0.0457,0,0,0.604
14.602,0,0,0,-0.6167,1.2333,-0.6380,1.1940,-179.5495,0.0000,0.0000,0.0000,-0.6717,1.2075,178.5199,0.006,879,0.0000,0.0000,0.0447,0,0,0.614
14.702,0,0,0,-0.6167,1.2333,-0.6383,1.1934,-179.5477,0.0000,0.0000,0.0000,-0.6527,1.3697,-173.2878,0.008,885,0.0000,0.0000,0.0454,0,0,0.589
14.804,0,0,0,-0.6167,1.2333,-0.6380,1.1958,-179.4978,0.0000,0.0000,0.0000,-0.6717,1.2075,178.5201,0.003,891,0.0000,0.0000,0.0432,0,0,0.599
14.902,0,0,0,-0.6167,1.2333,-0.6384,1.1933,-179.5689,0.0000,0.0000,0.0000,-0.6406,0.9996,170.5096,0.010,897,0.0000,0.0000,0.0455,0,0,0.406
15.002,0,0,0,-0.6167,1.2333,-0.6378,1.1941,-179.5628,0.0000,0.0000,0.0000,-0.6717,1.2075,178.5200,0.008,903,0.0000,0.0000,0.0446,0,0,0.600
15.105,0,0,0,-0.6167,1.2333,-0.6386,1.1917,-179.6189,0.0000,0.0000,0.0000,-0.5826,1.2099,178.9806,0.003,910,0.0000,0.0000,0.0471,0,0,0.599
15.204,0,0,0,-0.6167,1.2333,-0.6385,1.1923,-179.6009,0.0000,0.0000,0.0000,-0.5826,1.2099,178.9802,0.037,914,0.0000,0.0000,0.0465,0,0,0.600
15.301,0,0,0,-0.6167,1.2333,-0.6389,1.1914,-179.6621,0.0000,0.0000,0.0000,-0.6382,1.0048,170.7460,0.014,920,0.0000,0.0000,0.0474,0,0,0.612
15.404,0,0,0,-0.6167,1.2333,-0.6387,1.1912,-179.6656,0.0000,0.0000,0.0000,-0.6717,1.2075,178.5185,0.002,927,0.0000,0.0000,0.0476,0,0,0.598
15.504,0,0,0,-0.6167,1.2333,-0.6389,1.1935,-179.5996,0.0000,0.0000,0.0000,-0.6465,1.0550,-179.7605,0.003,933,0.0000,0.0000,0.0456,0,0,0.384
15.602,0,0,0,-0.6167,1.2333,-0.6384,1.1930,-179.5920,0.0000,0.0000,0.0000,-0.6717,1.2075,178.5192,0.008,939,0.0000,0.0000,0.0458,0,0,0.587
15.705,0,0,0,-0.6167,1.2333,-0.6389,1.1942,-179.5445,0.0000,0.0000,0.0000,-0.5827,1.2099,178.9823,0.003,946,0.0000,0.0000,0.0451,0,0,0.581
15.803,0,0,0,-0.6167,1.2333,-0.6380,1.1951,-179.5433,0.0000,0.0000,0.0000,-0.5826,1.2099,178.9815,0.037,950,0.0000,0.0000,0.0438,0,0,0.601
15.901,0,0,0,-0.6167,1.2333,-0.6386,1.1961,-179.4984,0.0000,0.0000,0.0000,-0.6538,1.3687,-173.3217,0.013,957,0.0000,0.0000,0.0432,0,0,0.608
16.002,0,0,0,-0.6167,1.2333,-0.6381,1.1968,-179.4939,0.0000,0.0000,0.0000,-0.6717,1.2075,178.5200,0.006,963,0.0000,0.0000,0.0424,0,0,0.623
16.102,0,0,0,-0.6167,1.2333,-0.6384,1.1961,-179.4953,0.0000,0.0000,0.0000,-0.5826,1.2099,178.9810,0.002,969,0.0000,0.0000,0.0431,0,0,0.600
16.204,0,0,0,-0.6167,1.2333,-0.6381,1.1983,-179.4482,0.0000,0.0000,0.0000,-0.5826,1.2099,178.9821,0.028,974,0.0000,0.0000,0.0411,0,0,0.584
16.304,0,0,0,-0.6167,1.2333,-0.6381,1.1960,-179.5242,0.0000,0.0000,0.0000,-0.6537,1.3696,-173.2884,0.018,981,0.0000,0.0000,0.0430,0,0,0.595
16.402,0,0,0,-0.6167,1.2333,-0.6381,1.1966,-179.5083,0.0000,0.0000,0.0000,-0.5827,1.2099,178.9818,0.009,986,0.0000,0.0000,0.0426,0,0,0.607
16.502,0,0,0,-0.6167,1.2333,-0.6381,1.1960,-179.5190,0.0000,0.0000,0.0000,-0.6405,1.0009,170.5531,0.006,993,0.0000,0.0000,0.0431,0,0,0.598
16.603,0,0,0,-0.6167,1.2333,-0.6376,1.1949,-179.5811,0.0000,0.0000,0.0000,-0.6718,1.2075,178.5215,0.003,999,0.0000,0.0000,0.0438,0,0,0.600
16.702,0,0,0,-0.6167,1.2333,-0.6378,1.1941,-179.5640,0.0000,0.0000,0.0000,-0.6718,1.2075,178.5210,0.006,1004,0.0000,0.0000,0.0445,0,0,0.615
16.801,0,0,0,-0.6167,1.2333,-0.6378,1.1965,-179.5261,0.0000,0.0000,0.0000,-0.6718,1.2075,178.5209,0.006,1011,0.0000,0.0000,0.0424,0,0,0.605
16.905,0,0,0,-0.6167,1.2333,-0.6383,1.1987,-179.4783,0.0000,0.0000,0.0000,-0.6476,1.0542,-179.7391,0.003,1017,0.0000,0.0000,0.0408,0,0,0.614
17.003,0,0,0,-0.6167,1.2333,-0.6382,1.1980,-179.4906,0.0000,0.0000,0.0000,-0.6718,1.2075,178.5209,0.006,1023,0.0000,0.0000,0.0413,0,0,0.604
17.102,0,0,0,-0.6167,1.2333,-0.6379,1.1957,-179.5526,0.0000,0.0000,0.0000,-0.6518,1.3642,-173.5413,0.016,1029,0.0000,0.0000,0.0432,0,0,0.607
17.204,0,0,0,-0.6167,1.2333,-0.6377,1.1964,-179.5608,0.0000,0.0000,0.0000,-0.6718,1.2075,178.5200,0.003,1035,0.0000,0.0000,0.0425,0,0,0.612
17.303,0,0,0,-0.6167,1.2333,-0.6373,1.1926,-179.6612,0.0000,0.0000,0.0000,-0.6052,1.0812,179.3777,0.020,1040,0.0000,0.0000,0.0457,0,0,0.608
17.401,0,0,0,-0.6167,1.2333,-0.6371,1.1950,-179.6057,0.0000,0.0000,0.0000,-0.6718,1.2075,178.5195,0.003,1047,0.0000,0.0000,0.0434,0,0,0.201
17.503,0,0,0,-0.6167,1.2333,-0.6377,1.1960,-179.5581,0.0000,0.0000,0.0000,-0.6545,1.3701,-173.2450,0.009,1053,0.0000,0.0000,0.0428,0,0,0.594
17.602,0,0,0,-0.6167,1.2333,-0.6380,1.1928,-179.6490,0.0000,0.0000,0.0000,-0.5827,1.2099,178.9831,0.003,1058,0.0000,0.0000,0.0458,0,0,0.602
17.702,0,0,0,-0.6167,1.2333,-0.6381,1.1941,-179.6073,0.0000,0.0000,0.0000,-0.6555,1.3686,-173.3147,0.017,1065,0.0000,0.0000,0.0447,0,0,0.596
17.803,0,0,0,-0.6167,1.2333,-0.6375,1.1914,-179.7106,0.0000,0.0000,0.0000,-0.5826,1.2099,178.9806,0.020,1070,0.0000,0.0000,0.0468,0,0,0.588
17.901,0,0,0,-0.6167,1.2333,-0.6378,1.1925,-179.6432,0.0000,0.0000,0.0000,-0.6717,1.2075,178.5192,0.006,1077,0.0000,0.0000,0.0460,0,0,0.601
18.002,0,0,0,-0.6167,1.2333,-0.6375,1.1901,-179.7581,0.0000,0.0000,0.0000,-0.5826,1.2099,178.9816,0.030,1082,0.0000,0.0000,0.0480,0,0,0.606
18.102,0,0,0,-0.6167,1.2333,-0.6380,1.1926,-179.7025,0.0000,0.0000,0.0000,-0.6540,1.3686,-173.3284,0.018,1088,0.0000,0.0000,0.0459,0,0,0.599
18.204,0,0,0,-0.6167,1.2333,-0.6374,1.1895,-179.8333,0.0000,0.0000,0.0000,-0.6717,1.2075,178.5188,0.009,1095,0.0000,0.0000,0.0485,0,0,0.621
18.303,0,0,0,-0.6167,1.2333,-0.6370,1.1859,-179.9245,0.0000,0.0000,0.0000,-0.6542,1.3742,-173.0735,0.007,1101,0.0000,0.0000,0.0516,0,0,0.594
18.401,0,0,0,-0.6167,1.2333,-0.6368,1.1887,-179.8552,0.0000,0.0000,0.0000,-0.5827,1.2099,178.9828,0.030,1106,0.0000,0.0000,0.0489,0,0,0.581
18.504,0,0,0,-0.6167,1.2333,-0.6373,1.1867,-179.9054,0.0000,0.0000,0.0000,-0.5826,1.2099,178.9816,0.003,1114,0.0000,0.0000,0.0510,0,0,0.607
18.602,0,0,0,-0.6167,1.2333,-0.6372,1.1879,-179.8989,0.0000,0.0000,0.0000,-0.6717,1.2075,178.5204,0.005,1119,0.0000,0.0000,0.0498,0,0,0.596
18.701,0,0,0,-0.6167,1.2333,-0.6372,1.1842,-179.9810,0.0000,0.0000,0.0000,-0.6542,1.3688,-173.3031,0.008,1125,0.0000,0.0000,0.0532,0,0,0.381
18.801,0,0,0,-0.6167,1.2333,-0.6370,1.1870,-179.9132,0.0000,0.0000,0.0000,-0.6717,1.2075,178.5199,0.006,1131,0.0000,0.0000,0.0505,0,0,0.609
18.904,0,0,0,-0.6167,1.2333,-0.6373,1.1835,179.9939,0.0000,0.0000,0.0000,-0.6486,1.0535,-179.7175,0.028,1136,0.0000,0.0000,0.0539,0,0,0.597
19.003,0,0,0,-0.6167,1.2333,-0.6374,1.1867,-179.9438,0.0000,0.0000,0.0000,-0.6717,1.2075,178.5199,0.008,1143,0.0000,0.0000,0.0511,0,0,0.601
19.102,0,0,0,-0.6167,1.2333,-0.6377,1.1881,-179.8651,0.0000,0.0000,0.0000,-0.6550,1.3740,-173.0703,0.017,1149,0.0000,0.0000,0.0499,0,0,0.607
19.203,0,0,0,-0.6167,1.2333,-0.6373,1.1891,-179.8449,0.0000,0.0000,0.0000,-0.5827,1.2099,178.9831,0.014,1154,0.0000,0.0000,0.0488,0,0,0.600
19.304,0,0,0,-0.6167,1.2333,-0.6379,1.1905,-179.7819,0.0000,0.0000,0.0000,-0.6550,1.3739,-173.0694,0.021,1161,0.0000,0.0000,0.0478,0,0,0.602
19.403,0,0,0,-0.6167,1.2333,-0.6375,1.1914,-179.7634,0.0000,0.0000,0.0000,-0.5826,1.2099,178.9805,0.028,1166,0.0000,0.0000,0.0468,0,0,0.599
19.504,0,0,0,-0.6167,1.2333,-0.6384,1.1937,-179.6965,0.0000,0.0000,0.0000,-0.6453,1.0557,-179.7844,0.003,1173,0.0000,0.0000,0.0453,0,0,0.596
19.602,0,0,0,-0.6167,1.2333,-0.6382,1.1900,-179.8095,0.0000,0.0000,0.0000,-0.6717,1.2075,178.5193,0.008,1179,0.0000,0.0000,0.0483,0,0,0.602
19.702,0,0,0,-0.6167,1.2333,-0.6382,1.1915,-179.7391,0.0000,0.0000,0.0000,-0.5826,1.2099,178.9819,0.002,1186,0.0000,0.0000,0.0470,0,0,0.606
19.802,0,0,0,-0.6167,1.2333,-0.6377,1.1924,-179.7231,0.0000,0.0000,0.0000,-0.6717,1.2075,178.5196,0.007,1191,0.0000,0.0000,0.0460,0,0,0.607
19.902,0,0,0,-0.6167,1.2333,-0.6383,1.1937,-179.6648,0.0000,0.0000,0.0000,-0.5826,1.2099,178.9819,0.002,1198,0.0000,0.0000,0.0452,0,0,0.611
20.002,0,0,0,-0.6167,1.2333,-0.6379,1.1945,-179.6529,0.0000,0.0000,0.0000,-0.6717,1.2075,178.5199,0.002,1203,0.0000,0.0000,0.0442,0,0,0.595
20.102,0,0,0,-0.6167,1.2333,-0.6383,1.1940,-179.6439,0.0000,0.0000,0.0000,-0.6468,1.0548,-179.7554,0.022,1208,0.0000,0.0000,0.0449,0,0,0.598
20.202,0,0,0,-0.6167,1.2333,-0.6378,1.1930,-179.7007,0.0000,0.0000,0.0000,-0.6717,1.2075,178.5201,0.004,1215,0.0000,0.0000,0.0455,0,0,0.612
20.301,0,0,0,-0.6167,1.2333,-0.6383,1.1941,-179.6525,0.0000,0.0000,0.0000,-0.6521,1.3647,-173.5323,0.015,1221,0.0000,0.0000,0.0449,0,0,0.607
20.402,0,0,0,-0.6167,1.2333,-0.6379,1.1949,-179.6407,0.0000,0.0000,0.0000,-0.5826,1.2099,178.9821,0.008,1226,0.0000,0.0000,0.0440,0,0,0.603
20.502,0,0,0,-0.6167,1.2333,-0.6379,1.1959,-179.6055,0.0000,0.0000,0.0000,-0.6521,1.3647,-173.5322,0.018,1233,0.0000,0.0000,0.0430,0,0,0.601
20.604,0,0,0,-0.6167,1.2333,-0.6374,1.1966,-179.5994,0.0000,0.0000,0.0000,-0.5826,1.2099,178.9810,0.039,1238,0.0000,0.0000,0.0422,0,0,0.603
20.703,0,0,0,-0.6167,1.2333,-0.6376,1.1973,-179.5406,0.0000,0.0000,0.0000,-0.6717,1.2075,178.5201,0.003,1245,0.0000,0.0000,0.0417,0,0,0.597
20.803,0,0,0,-0.6167,1.2333,-0.6375,1.1980,-179.5501,0.0000,0.0000,0.0000,-0.5826,1.2099,178.9821,0.029,1250,0.0000,0.0000,0.0410,0,0,0.384
20.901,0,0,0,-0.6167,1.2333,-0.6379,1.2000,-179.5058,0.0000,0.0000,0.0000,-0.6447,1.0561,-179.7978,0.003,1257,0.0000,0.0000,0.0395,0,0,0.581
21.001,0,0,0,-0.6167,1.2333,-0.6379,1.1988,-179.4997,0.0000,0.0000,0.0000,-0.6717,1.2075,178.5196,0.003,1263,0.0000,0.0000,0.0405,0,0,0.598
21.107,0,0,0,-0.6167,1.2333,-0.6384,1.2008,-179.4567,0.0000,0.0000,0.0000,-0.6474,1.0547,-179.7467,0.002,1269,0.0000,0.0000,0.0391,0,0,0.367
21.203,0,0,0,-0.6167,1.2333,-0.6379,1.1999,-179.4559,0.0000,0.0000,0.0000,-0.6717,1.2075,178.5209,0.007,1275,0.0000,0.0000,0.0396,0,0,0.578
21.302,0,0,0,-0.6167,1.2333,-0.6385,1.2005,-179.4191,0.0000,0.0000,0.0000,-0.5826,1.2099,178.9809,0.002,1282,0.0000,0.0000,0.0394,0,0,0.600
21.401,0,0,0,-0.6167,1.2333,-0.6380,1.2009,-179.4185,0.0000,0.0000,0.0000,-0.6717,1.2075,178.5199,0.003,1287,0.0000,0.0000,0.0388,0,0,0.595
21.503,0,0,0,-0.6167,1.2333,-0.6385,1.2014,-179.3816,0.0000,0.0000,0.0000,-0.5826,1.2099,178.9823,0.002,1294,0.0000,0.0000,0.0387,0,0,0.604
21.604,0,0,0,-0.6167,1.2333,-0.6383,1.2019,-179.3970,0.0000,0.0000,0.0000,-0.6717,1.2075,178.5196,0.003,1299,0.0000,0.0000,0.0382,0,0,0.581
21.703,0,0,0,-0.6167,1.2333,-0.6384,1.1991,-179.4552,0.0000,0.0000,0.0000,-0.6530,1.3693,-173.2948,0.008,1305,0.0000,0.0000,0.0405,0,0,0.610
21.802,0,0,0,-0.6167,1.2333,-0.6379,1.1996,-179.4527,0.0000,0.0000,0.0000,-0.6717,1.2075,178.5212,0.003,1311,0.0000,0.0000,0.0398,0,0,0.608
21.905,0,0,0,-0.6167,1.2333,-0.6387,1.1966,-179.5191,0.0000,0.0000,0.0000,-0.6717,1.2075,178.5218,0.003,1317,0.0000,0.0000,0.0428,0,0,0.610
22.001,0,0,0,-0.6167,1.2333,-0.6382,1.1973,-179.5128,0.0000,0.0000,0.0000,-0.5826,1.2099,178.9818,0.032,1322,0.0000,0.0000,0.0420,0,0,0.597
22.102,0,0,0,-0.6167,1.2333,-0.6387,1.1995,-179.4665,0.0000,0.0000,0.0000,-0.6540,1.3711,-173.2085,0.017,1328,0.0000,0.0000,0.0404,0,0,0.605
22.201,0,0,0,-0.6167,1.2333,-0.6386,1.1984,-179.4573,0.0000,0.0000,0.0000,-0.6717,1.2075,178.5200,0.002,1335,0.0000,0.0000,0.0412,0,0,0.255
22.303,0,0,0,-0.6167,1.2333,-0.6395,1.1989,-179.4088,0.0000,0.0000,0.0000,-0.6476,1.0544,-179.7413,0.010,1341,0.0000,0.0000,0.0413,0,0,0.618
22.401,0,0,0,-0.6167,1.2333,-0.6393,1.1995,-179.4207,0.0000,0.0000,0.0000,-0.6717,1.2075,178.5207,0.006,1347,0.0000,0.0000,0.0407,0,0,0.619
22.501,0,0,0,-0.6167,1.2333,-0.6395,1.2001,-179.3657,0.0000,0.0000,0.0000,-0.5826,1.2099,178.9833,0.003,1354,0.0000,0.0000,0.0403,0,0,0.619
22.602,0,0,0,-0.6167,1.2333,-0.6393,1.2007,-179.3796,0.0000,0.0000,0.0000,-0.6717,1.2075,178.5210,0.009,1359,0.0000,0.0000,0.0397,0,0,0.619
22.702,0,0,0,-0.6167,1.2333,-0.6388,1.1981,-179.4490,0.0000,0.0000,0.0000,-0.5826,1.2099,178.9820,0.006,1366,0.0000,0.0000,0.0416,0,0,0.619
22.801,0,0,0,-0.6167,1.2333,-0.6391,1.1986,-179.4488,0.0000,0.0000,0.0000,-0.6718,1.2075,178.5214,0.008,1371,0.0000,0.0000,0.0413,0,0,0.619
22.902,0,0,0,-0.6167,1.2333,-0.6392,1.1977,-179.4363,0.0000,0.0000,0.0000,-0.5826,1.2099,178.9827,0.005,1377,0.0000,0.0000,0.0422,0,0,0.619
23.001,0,0,0,-0.6167,1.2333,-0.6391,1.2000,-179.4059,0.0000,0.0000,0.0000,-0.6718,1.2075,178.5213,0.010,1383,0.0000,0.0000,0.0402,0,0,0.619
23.101,0,0,0,-0.6167,1.2333,-0.6396,1.1967,-179.4600,0.0000,0.0000,0.0000,-0.6393,1.0028,170.6545,0.017,1389,0.0000,0.0000,0.0433,0,0,0.619
0.036,0,0,0,-0.6167,1.2333,-0.6392,1.1937,-179.5856,0.0000,0.0000,0.0000,-0.6718,1.2075,178.5214,0.007,1395,0.0000,0.0000,0.0456,0,0,0.619
0.136,0,0,0,-0.6167,1.2333,-0.6395,1.1947,-179.5232,0.0000,0.0000,0.0000,-0.5826,1.2099,178.9818,0.003,1402,0.0000,0.0000,0.0448,0,0,0.619
0.237,0,0,0,-0.6167,1.2333,-0.6389,1.1955,-179.5167,0.0000,0.0000,0.0000,-0.5826,1.2099,178.9826,0.038,1406,0.0000,0.0000,0.0439,0,0,0.619
0.338,0,0,0,-0.6167,1.2333,-0.6390,1.1929,-179.5710,0.0000,0.0000,0.0000,-0.5826,1.2099,178.9831,0.003,1414,0.0000,0.0000,0.0461,0,0,0.594
0.438,0,0,0,-0.6167,1.2333,-0.6386,1.1904,-179.6889,0.0000,0.0000,0.0000,-0.5826,1.2099,178.9825,0.033,1418,0.0000,0.0000,0.0482,0,0,0.597
0.536,0,0,0,-0.6167,1.2333,-0.6391,1.1931,-179.6341,0.0000,0.0000,0.0000,-0.6536,1.3703,-173.2393,0.020,1424,0.0000,0.0000,0.0461,0,0,0.600
0.638,0,0,0,-0.6167,1.2333,-0.6386,1.1926,-179.6233,0.0000,0.0000,0.0000,-0.6717,1.2076,178.5191,0.002,1431,0.0000,0.0000,0.0463,0,0,0.603
0.740,0,0,0,-0.6167,1.2333,-0.6389,1.1902,-179.6873,0.0000,0.0000,0.0000,-0.5825,1.2099,178.9823,0.008,1438,0.0000,0.0000,0.0485,0,0,0.608
0.838,0,0,0,-0.6167,1.2333,-0.6389,1.1910,-179.6658,0.0000,0.0000,0.0000,-0.6717,1.2075,178.5206,0.009,1443,0.0000,0.0000,0.0478,0,0,0.610
0.938,0,0,0,-0.6167,1.2333,-0.6392,1.1906,-179.6594,0.0000,0.0000,0.0000,-0.6452,1.0558,-179.7867,0.033,1448,0.0000,0.0000,0.0483,0,0,0.600
1.037,0,0,0,-0.6167,1.2333,-0.6388,1.1932,-179.6040,0.0000,0.0000,0.0000,-0.6718,1.2075,178.5210,0.006,1455,0.0000,0.0000,0.0458,0,0,0.608
1.139,0,0,0,-0.6167,1.2333,-0.6392,1.1908,-179.6711,0.0000,0.0000,0.0000,-0.6412,0.9992,170.4788,0.013,1461,0.0000,0.0000,0.0481,0,0,0.601
1.237,0,0,0,-0.6167,1.2333,-0.6391,1.1916,-179.6495,0.0000,0.0000,0.0000,-0.5826,1.2099,178.9833,0.012,1466,0.0000,0.0000,0.0474,0,0,0.595
1.337,0,0,0,-0.6167,1.2333,-0.6391,1.1931,-179.6073,0.0000,0.0000,0.0000,-0.6544,1.3716,-173.1907,0.017,1473,0.0000,0.0000,0.0461,0,0,0.605
1.439,0,0,0,-0.6167,1.2333,-0.6385,1.1939,-179.5988,0.0000,0.0000,0.0000,-0.5826,1.2099,178.9831,0.031,1478,0.0000,0.0000,0.0451,0,0,0.600
1.538,0,0,0,-0.6167,1.2333,-0.6384,1.1952,-179.5402,0.0000,0.0000,0.0000,-0.6718,1.2075,178.5217,0.009,1485,0.0000,0.0000,0.0439,0,0,0.609
1.637,0,0,0,-0.6167,1.2333,-0.6382,1.1960,-179.5457,0.0000,0.0000,0.0000,-0.5826,1.2099,178.9834,0.033,1490,0.0000,0.0000,0.0431,0,0,0.602
1.737,0,0,0,-0.6167,1.2333,-0.6386,1.1948,-179.6114,0.0000,0.0000,0.0000,-0.6470,1.0545,-179.7498,0.004,1497,0.0000,0.0000,0.0443,0,0,0.598
1.836,0,0,0,-0.6167,1.2333,-0.6381,1.1943,-179.6024,0.0000,0.0000,0.0000,-0.6718,1.2075,178.5212,0.006,1503,0.0000,0.0000,0.0446,0,0,0.614
1.936,0,0,0,-0.6167,1.2333,-0.6386,1.1937,-179.5972,0.0000,0.0000,0.0000,-0.6394,1.0034,170.6677,0.004,1509,0.0000,0.0000,0.0453,0,0,0.609
2.040,0,0,0,-0.6167,1.2333,-0.6382,1.1895,-179.7791,0.0000,0.0000,0.0000,-0.6718,1.2075,178.5212,0.012,1515,0.0000,0.0000,0.0488,0,0,0.605
2.136,0,0,0,-0.6167,1.2333,-0.6385,1.1907,-179.7101,0.0000,0.0000,0.0000,-0.6532,1.3700,-173.2673,0.016,1521,0.0000,0.0000,0.0479,0,0,0.619
2.237,0,0,0,-0.6167,1.2333,-0.6380,1.1916,-179.6965,0.0000,0.0000,0.0000,-0.6718,1.2076,178.5204,0.006,1527,0.0000,0.0000,0.0468,0,0,0.609
2.337,0,0,0,-0.6167,1.2333,-0.6384,1.1912,-179.6901,0.0000,0.0000,0.0000,-0.6531,1.3701,-173.2694,0.013,1533,0.0000,0.0000,0.0474,0,0,0.603
2.437,0,0,0,-0.6167,1.2333,-0.6380,1.1937,-179.6339,0.0000,0.0000,0.0000,-0.6718,1.2075,178.5207,0.009,1539,0.0000,0.0000,0.0450,0,0,0.599
2.539,0,0,0,-0.6167,1.2333,-0.6384,1.1932,-179.6277,0.0000,0.0000,0.0000,-0.6470,1.0546,-179.7514,0.030,1544,0.0000,0.0000,0.0457,0,0,0.609
2.638,0,0,0,-0.6167,1.2333,-0.6381,1.1955,-179.5751,0.0000,0.0000,0.0000,-0.6718,1.2075,178.5213,0.010,1551,0.0000,0.0000,0.0434,0,0,0.613
2.736,0,0,0,-0.6167,1.2333,-0.6385,1.1932,-179.6375,0.0000,0.0000,0.0000,-0.6531,1.3701,-173.2624,0.017,1557,0.0000,0.0000,0.0456,0,0,0.607
2.836,0,0,0,-0.6167,1.2333,-0.6376,1.1943,-179.6333,0.0000,0.0000,0.0000,-0.5826,1.2099,178.9830,0.019,1562,0.0000,0.0000,0.0443,0,0,0.599
2.939,0,0,0,-0.6167,1.2333,-0.6379,1.1956,-179.5864,0.0000,0.0000,0.0000,-0.5826,1.2099,178.9829,0.003,1570,0.0000,0.0000,0.0433,0,0,0.591
3.037,0,0,0,-0.6167,1.2333,-0.6374,1.1962,-179.5785,0.0000,0.0000,0.0000,-0.6452,1.0557,-179.7864,0.033,1574,0.0000,0.0000,0.0425,0,0,0.608
3.137,0,0,0,-0.6167,1.2333,-0.6378,1.1938,-179.6445,0.0000,0.0000,0.0000,-0.6520,1.3653,-173.4967,0.021,1581,0.0000,0.0000,0.0448,0,0,0.590
3.237,0,0,0,-0.6167,1.2333,-0.6373,1.1945,-179.6356,0.0000,0.0000,0.0000,-0.6718,1.2075,178.5216,0.004,1587,0.0000,0.0000,0.0439,0,0,0.607
3.336,0,0,0,-0.6167,1.2333,-0.6377,1.1939,-179.6318,0.0000,0.0000,0.0000,-0.5826,1.2099,178.9836,0.002,1594,0.0000,0.0000,0.0447,0,0,0.588
3.436,0,0,0,-0.6167,1.2333,-0.6374,1.1961,-179.5834,0.0000,0.0000,0.0000,-0.6718,1.2075,178.5219,0.009,1599,0.0000,0.0000,0.0426,0,0,0.611
3.541,0,0,0,-0.6167,1.2333,-0.6378,1.1937,-179.6487,0.0000,0.0000,0.0000,-0.5826,1.2099,178.9822,0.003,1606,0.0000,0.0000,0.0449,0,0,0.616
3.637,0,0,0,-0.6167,1.2333,-0.6369,1.1947,-179.6432,0.0000,0.0000,0.0000,-0.6718,1.2075,178.5216,0.009,1611,0.0000,0.0000,0.0436,0,0,0.603
3.741,0,0,0,-0.6167,1.2333,-0.6374,1.1941,-179.6364,0.0000,0.0000,0.0000,-0.5826,1.2099,178.9826,0.003,1617,0.0000,0.0000,0.0443,0,0,0.617
3.837,0,0,0,-0.6167,1.2333,-0.6371,1.1965,-179.5819,0.0000,0.0000,0.0000,-0.6718,1.2075,178.5209,0.008,1623,0.0000,0.0000,0.0421,0,0,0.600
3.940,0,0,0,-0.6167,1.2333,-0.6376,1.1958,-179.5787,0.0000,0.0000,0.0000,-0.6540,1.3713,-173.2092,0.003,1629,0.0000,0.0000,0.0430,0,0,0.608
4.036,0,0,0,-0.6167,1.2333,-0.6371,1.1946,-179.6386,0.0000,0.0000,0.0000,-0.6718,1.2075,178.5218,0.002,1635,0.0000,0.0000,0.0438,0,0,0.601
4.139,0,0,0,-0.6167,1.2333,-0.6377,1.1957,-179.5845,0.0000,0.0000,0.0000,-0.6545,1.3723,-173.1507,0.020,1641,0.0000,0.0000,0.0431,0,0,0.612
4.238,0,0,0,-0.6167,1.2333,-0.6373,1.1964,-179.5743,0.0000,0.0000,0.0000,-0.5826,1.2099,178.9820,0.039,1646,0.0000,0.0000,0.0423,0,0,0.609
4.336,0,0,0,-0.6167,1.2333,-0.6376,1.1972,-179.5101,0.0000,0.0000,0.0000,-0.6718,1.2075,178.5217,0.007,1653,0.0000,0.0000,0.0417,0,0,0.612
4.438,0,0,0,-0.6167,1.2333,-0.6375,1.1980,-179.5182,0.0000,0.0000,0.0000,-0.5826,1.2099,178.9828,0.037,1658,0.0000,0.0000,0.0410,0,0,0.605
4.536,0,0,0,-0.6167,1.2333,-0.6380,1.2001,-179.4703,0.0000,0.0000,0.0000,-0.6476,1.0541,-179.7371,0.008,1665,0.0000,0.0000,0.0395,0,0,0.607
4.636,0,0,0,-0.6167,1.2333,-0.6376,1.1993,-179.4663,0.0000,0.0000,0.0000,-0.6719,1.2075,178.5221,0.007,1671,0.0000,0.0000,0.0400,0,0,0.169
4.737,0,0,0,-0.6167,1.2333,-0.6381,1.1967,-179.5357,0.0000,0.0000,0.0000,-0.5827,1.2099,178.9839,0.002,1678,0.0000,0.0000,0.0424,0,0,0.392
4.836,0,0,0,-0.6167,1.2333,-0.6376,1.1973,-179.5279,0.0000,0.0000,0.0000,-0.6718,1.2075,178.5220,0.006,1683,0.0000,0.0000,0.0417,0,0,0.597
4.940,0,0,0,-0.6167,1.2333,-0.6380,1.1915,-179.7079,0.0000,0.0000,0.0000,-0.6399,1.0013,170.5816,0.018,1689,0.0000,0.0000,0.0470,0,0,0.598
5.038,0,0,0,-0.6167,1.2333,-0.6374,1.1890,-179.8079,0.0000,0.0000,0.0000,-0.6718,1.2075,178.5214,0.009,1695,0.0000,0.0000,0.0489,0,0,0.613
5.138,0,0,0,-0.6167,1.2333,-0.6376,1.1906,-179.7550,0.0000,0.0000,0.0000,-0.6535,1.3714,-173.2105,0.009,1701,0.0000,0.0000,0.0475,0,0,0.599
5.236,0,0,0,-0.6167,1.2333,-0.6376,1.1914,-179.7306,0.0000,0.0000,0.0000,-0.6719,1.2075,178.5223,0.002,1707,0.0000,0.0000,0.0469,0,0,0.153
5.339,0,0,0,-0.6167,1.2333,-0.6375,1.1912,-179.7301,0.0000,0.0000,0.0000,-0.6459,1.0553,-179.7732,0.030,1712,0.0000,0.0000,0.0470,0,0,0.594
5.436,0,0,0,-0.6167,1.2333,-0.6372,1.1937,-179.6715,0.0000,0.0000,0.0000,-0.6719,1.2075,178.5229,0.008,1719,0.0000,0.0000,0.0446,0,0,0.607
5.539,0,0,0,-0.6167,1.2333,-0.6377,1.1915,-179.7318,0.0000,0.0000,0.0000,-0.5827,1.2099,178.9835,0.003,1726,0.0000,0.0000,0.0468,0,0,0.606
5.638,0,0,0,-0.6167,1.2333,-0.6372,1.1924,-179.7189,0.0000,0.0000,0.0000,-0.5826,1.2099,178.9828,0.036,1730,0.0000,0.0000,0.0458,0,0,0.370
5.736,0,0,0,-0.6167,1.2333,-0.6377,1.1919,-179.7110,0.0000,0.0000,0.0000,-0.6537,1.3693,-173.3007,0.011,1737,0.0000,0.0000,0.0464,0,0,0.603
5.837,0,0,0,-0.6167,1.2333,-0.6373,1.1943,-179.6558,0.0000,0.0000,0.0000,-0.6718,1.2075,178.5217,0.007,1743,0.0000,0.0000,0.0442,0,0,0.602
5.937,0,0,0,-0.6167,1.2333,-0.6378,1.1919,-179.7184,0.0000,0.0000,0.0000,-0.6404,1.0011,170.5645,0.014,1749,0.0000,0.0000,0.0465,0,0,0.609
6.037,0,0,0,-0.6167,1.2333,-0.6377,1.1925,-179.6974,0.0000,0.0000,0.0000,-0.6718,1.2075,178.5210,0.012,1755,0.0000,0.0000,0.0460,0,0,0.595
6.138,0,0,0,-0.6167,1.2333,-0.6383,1.1936,-179.6432,0.0000,0.0000,0.0000,-0.6470,1.0545,-179.7497,0.014,1761,0.0000,0.0000,0.0452,0,0,0.596
6.237,0,0,0,-0.6167,1.2333,-0.6378,1.1944,-179.6328,0.0000,0.0000,0.0000,-0.6717,1.2076,178.5193,0.006,1767,0.0000,0.0000,0.0443,0,0,0.604
6.340,0,0,0,-0.6167,1.2333,-0.6383,1.1921,-179.6959,0.0000,0.0000,0.0000,-0.5826,1.2099,178.9828,0.003,1774,0.0000,0.0000,0.0466,0,0,0.604
6.438,0,0,0,-0.6167,1.2333,-0.6374,1.1932,-179.6883,0.0000,0.0000,0.0000,-0.6718,1.2075,178.5215,0.008,1779,0.0000,0.0000,0.0451,0,0,0.602
6.541,0,0,0,-0.6167,1.2333,-0.6379,1.1928,-179.6796,0.0000,0.0000,0.0000,-0.5826,1.2099,178.9829,0.003,1785,0.0000,0.0000,0.0458,0,0,0.582
6.636,0,0,0,-0.6167,1.2333,-0.6376,1.1953,-179.6195,0.0000,0.0000,0.0000,-0.6717,1.2075,178.5207,0.008,1791,0.0000,0.0000,0.0434,0,0,0.592
6.738,0,0,0,-0.6167,1.2333,-0.6382,1.1963,-179.5651,0.0000,0.0000,0.0000,-0.6554,1.3756,-173.0038,0.022,1797,0.0000,0.0000,0.0428,0,0,0.594
6.840,0,0,0,-0.6167,1.2333,-0.6377,1.1970,-179.5547,0.0000,0.0000,0.0000,-0.6718,1.2075,178.5208,0.007,1803,0.0000,0.0000,0.0419,0,0,0.595
6.937,0,0,0,-0.6167,1.2333,-0.6383,1.1980,-179.5041,0.0000,0.0000,0.0000,-0.5826,1.2099,178.9813,0.002,1810,0.0000,0.0000,0.0414,0,0,0.593
7.037,0,0,0,-0.6167,1.2333,-0.6378,1.1986,-179.4977,0.0000,0.0000,0.0000,-0.5825,1.2099,178.9812,0.037,1814,0.0000,0.0000,0.0407,0,0,0.598
7.138,0,0,0,-0.6167,1.2333,-0.6381,1.1994,-179.4375,0.0000,0.0000,0.0000,-0.5826,1.2099,178.9823,0.003,1822,0.0000,0.0000,0.0401,0,0,0.589
7.238,0,0,0,-0.6167,1.2333,-0.6379,1.2000,-179.4482,0.0000,0.0000,0.0000,-0.5826,1.2099,178.9818,0.038,1826,0.0000,0.0000,0.0395,0,0,0.588
7.339,0,0,0,-0.6167,1.2333,-0.6385,1.2021,-179.3992,0.0000,0.0000,0.0000,-0.5826,1.2099,178.9819,0.003,1833,0.0000,0.0000,0.0380,0,0,0.592
7.439,0,0,0,-0.6167,1.2333,-0.6384,1.2013,-179.4132,0.0000,0.0000,0.0000,-0.6718,1.2076,178.5204,0.007,1839,0.0000,0.0000,0.0387,0,0,0.598
7.536,0,0,0,-0.6167,1.2333,-0.6386,1.2019,-179.3547,0.0000,0.0000,0.0000,-0.6555,1.3756,-173.0034,0.019,1845,0.0000,0.0000,0.0383,0,0,0.614
7.639,0,0,0,-0.6167,1.2333,-0.6385,1.2024,-179.3665,0.0000,0.0000,0.0000,-0.6718,1.2075,178.5211,0.009,1851,0.0000,0.0000,0.0378,0,0,0.596
7.736,0,0,0,-0.6167,1.2333,-0.6385,1.2032,-179.3149,0.0000,0.0000,0.0000,-0.6555,1.3756,-173.0033,0.015,1857,0.0000,0.0000,0.0372,0,0,0.593
7.836,0,0,0,-0.6167,1.2333,-0.6380,1.2036,-179.3136,0.0000,0.0000,0.0000,-0.6718,1.2076,178.5199,0.007,1863,0.0000,0.0000,0.0366,0,0,0.305
7.939,0,0,0,-0.6167,1.2333,-0.6381,1.2044,-179.2815,0.0000,0.0000,0.0000,-0.6555,1.3755,-173.0026,0.018,1869,0.0000,0.0000,0.0360,0,0,0.606
8.038,0,0,0,-0.6167,1.2333,-0.6377,1.2048,-179.2811,0.0000,0.0000,0.0000,-0.6718,1.2075,178.5207,0.007,1875,0.0000,0.0000,0.0354,0,0,0.614
8.139,0,0,0,-0.6167,1.2333,-0.6383,1.2053,-179.2456,0.0000,0.0000,0.0000,-0.6555,1.3756,-173.0032,0.019,1881,0.0000,0.0000,0.0354,0,0,0.605
8.240,0,0,0,-0.6167,1.2333,-0.6378,1.2056,-179.2478,0.0000,0.0000,0.0000,-0.5825,1.2099,178.9806,0.031,1886,0.0000,0.0000,0.0349,0,0,0.593
8.337,0,0,0,-0.6167,1.2333,-0.6373,1.2030,-179.3437,0.0000,0.0000,0.0000,-0.5826,1.2099,178.9821,0.005,1894,0.0000,0.0000,0.0367,0,0,0.604
8.439,0,0,0,-0.6167,1.2333,-0.6374,1.2032,-179.3325,0.0000,0.0000,0.0000,-0.5825,1.2099,178.9814,0.040,1898,0.0000,0.0000,0.0365,0,0,0.600
8.541,0,0,0,-0.6167,1.2333,-0.6379,1.2051,-179.2940,0.0000,0.0000,0.0000,-0.6470,1.0549,-179.7524,0.003,1905,0.0000,0.0000,0.0353,0,0,0.584
8.637,0,0,0,-0.6167,1.2333,-0.6375,1.2040,-179.2982,0.0000,0.0000,0.0000,-0.6718,1.2076,178.5207,0.009,1911,0.0000,0.0000,0.0360,0,0,0.600
8.737,0,0,0,-0.6167,1.2333,-0.6380,1.2044,-179.2642,0.0000,0.0000,0.0000,-0.6529,1.3688,-173.3235,0.015,1917,0.0000,0.0000,0.0360,0,0,0.618
8.839,0,0,0,-0.6167,1.2333,-0.6378,1.2013,-179.3954,0.0000,0.0000,0.0000,-0.6718,1.2075,178.5215,0.009,1923,0.0000,0.0000,0.0384,0,0,0.600
8.936,0,0,0,-0.6167,1.2333,-0.6381,1.2020,-179.3389,0.0000,0.0000,0.0000,-0.5826,1.2099,178.9821,0.002,1930,0.0000,0.0000,0.0380,0,0,0.603
9.040,0,0,0,-0.6167,1.2333,-0.6378,1.1991,-179.4650,0.0000,0.0000,0.0000,-0.6718,1.2075,178.5211,0.011,1935,0.0000,0.0000,0.0402,0,0,0.603
9.140,0,0,0,-0.6167,1.2333,-0.6377,1.2000,-179.4163,0.0000,0.0000,0.0000,-0.6525,1.3681,-173.3640,0.014,1941,0.0000,0.0000,0.0394,0,0,0.605
9.237,0,0,0,-0.6167,1.2333,-0.6371,1.1971,-179.5280,0.0000,0.0000,0.0000,-0.6718,1.2076,178.5208,0.007,1947,0.0000,0.0000,0.0416,0,0,0.609
9.341,0,0,0,-0.6167,1.2333,-0.6375,1.1964,-179.5271,0.0000,0.0000,0.0000,-0.6525,1.3693,-173.3204,0.003,1953,0.0000,0.0000,0.0424,0,0,0.607
9.436,0,0,0,-0.6167,1.2333,-0.6372,1.1985,-179.4775,0.0000,0.0000,0.0000,-0.6718,1.2076,178.5204,0.008,1959,0.0000,0.0000,0.0404,0,0,0.590
9.539,0,0,0,-0.6167,1.2333,-0.6376,1.1961,-179.5461,0.0000,0.0000,0.0000,-0.6523,1.3716,-173.2061,0.022,1965,0.0000,0.0000,0.0428,0,0,0.603
9.640,0,0,0,-0.6167,1.2333,-0.6371,1.1968,-179.5373,0.0000,0.0000,0.0000,-0.5826,1.2099,178.9816,0.015,1970,0.0000,0.0000,0.0419,0,0,0.589
9.738,0,0,0,-0.6167,1.2333,-0.6375,1.1961,-179.5353,0.0000,0.0000,0.0000,-0.6522,1.3716,-173.2069,0.013,1977,0.0000,0.0000,0.0427,0,0,0.594
9.837,0,0,0,-0.6167,1.2333,-0.6372,1.1983,-179.4831,0.0000,0.0000,0.0000,-0.5826,1.2099,178.9815,0.033,1982,0.0000,0.0000,0.0406,0,0,0.597
9.936,0,0,0,-0.6167,1.2333,-0.6377,1.1991,-179.4386,0.0000,0.0000,0.0000,-0.5826,1.2099,178.9815,0.003,1990,0.0000,0.0000,0.0402,0,0,0.596
0.003,0,0,0,-0.6167,1.2333,-0.6376,1.1997,-179.4484,0.0000,0.0000,0.0000,-0.6718,1.2075,178.5215,0.010,1995,0.0000,0.0000,0.0396,0,0,0.604
0.100,0,0,0,-0.6167,1.2333,-0.6372,1.1991,-179.5027,0.0000,0.0000,0.0000,-0.6458,1.0553,-179.7747,0.007,2001,-0.0166,-0.0273,0.0399,0,0,0.596
0.200,0,0,1,0.0000,1.2333,-0.6342,1.2002,-179.3911,0.0000,0.0000,0.0000,-0.6715,1.2066,178.5747,0.008,2007,-0.0999,-0.0044,0.6351,0,0,0.600
0.302,0,0,1,0.0000,1.2333,-0.6259,1.2013,-179.5626,0.0000,0.0000,0.0000,-0.5729,1.2062,179.4697,0.007,2014,-0.0999,-0.0043,0.6267,0,0,0.586
0.400,0,0,1,0.0000,1.2333,-0.6160,1.1991,-179.7665,0.0000,0.0000,0.0000,-0.6588,1.2130,178.3212,0.008,2019,-0.0999,-0.0048,0.6170,0,0,0.586
0.501,0,0,1,0.0000,1.2333,-0.6075,1.1954,-179.7376,0.0000,0.0000,0.0000,-0.5555,1.2128,178.8858,0.007,2025,-0.0999,-0.0055,0.6087,0,0,0.585
0.603,0,0,1,0.0000,1.2333,-0.5968,1.1955,-179.6921,0.0000,0.0000,0.0000,-0.6399,1.2129,178.4604,0.010,2031,-0.0998,-0.0056,0.5980,0,0,0.602
0.702,0,0,1,0.0000,1.2333,-0.5879,1.1971,-179.6445,0.0000,0.0000,0.0000,-0.6087,1.3844,-173.1191,0.014,2037,-0.0999,-0.0054,0.5890,0,0,0.612
0.803,0,0,1,0.0000,1.2333,-0.5783,1.1955,-179.8028,0.0000,0.0000,0.0000,-0.6176,1.2116,178.3921,0.011,2043,-0.0998,-0.0058,0.5796,0,0,0.586
0.902,0,0,1,0.0000,1.2333,-0.5678,1.1911,-179.8529,0.0000,0.0000,0.0000,-0.5060,1.2017,179.7433,0.009,2050,-0.0998,-0.0066,0.5694,0,0,0.591
1.002,0,0,1,0.0000,1.2333,-0.5593,1.1893,-179.7473,0.0000,0.0000,0.0000,-0.4986,1.2010,179.9793,0.039,2054,-0.0997,-0.0071,0.5610,0,0,0.589
1.102,0,0,1,0.0000,1.2333,-0.5503,1.1852,-179.8429,0.0000,0.0000,0.0000,-0.4850,1.2010,-179.8958,0.002,2062,-0.0997,-0.0080,0.5524,0,0,0.607
1.202,0,0,1,0.0000,1.2333,-0.5401,1.1873,-179.8784,0.0000,0.0000,0.0000,-0.4843,1.2142,179.3178,0.037,2066,-0.0997,-0.0077,0.5420,0,0,0.590
1.301,0,0,1,0.0000,1.2333,-0.5308,1.1884,-179.7272,0.0000,0.0000,0.0000,-0.6088,1.0306,-178.3106,0.003,2073,-0.0997,-0.0077,0.5327,0,0,0.602
1.400,0,0,1,0.0000,1.2333,-0.5212,1.1860,-179.6261,0.0000,0.0000,0.0000,-0.5529,1.2069,178.6463,0.008,2079,-0.0997,-0.0083,0.5234,0,0,0.578
1.502,0,0,1,0.0000,1.2333,-0.5128,1.1837,-179.7067,0.0000,0.0000,0.0000,-0.4878,1.1007,175.4319,0.007,2085,-0.0996,-0.0089,0.5152,0,0,0.584
1.601,0,0,1,0.0000,1.2333,-0.5025,1.1823,-179.6801,0.0000,0.0000,0.0000,-0.5331,1.2086,178.7015,0.008,2091,-0.0996,-0.0093,0.5051,0,0,0.598
1.701,0,0,1,0.0000,1.2333,-0.4940,1.1798,-179.6687,0.0000,0.0000,0.0000,-0.4296,1.2169,179.9740,0.006,2098,-0.0995,-0.0100,0.4969,0,0,0.463
1.803,0,0,1,0.0000,1.2333,-0.4829,1.1800,-179.5835,0.0000,0.0000,0.0000,-0.5119,1.2075,178.8768,0.010,2103,-0.0995,-0.0102,0.4858,0,0,0.577
1.903,0,0,1,0.0000,1.2333,-0.4755,1.1782,-179.5847,0.0000,0.0000,0.0000,-0.4085,1.2201,-179.8116,0.003,2110,-0.0994,-0.0108,0.4787,0,0,0.574
2.000,0,0,1,0.0000,1.2333,-0.4655,1.1804,-179.4666,0.0000,0.0000,0.0000,-0.4915,1.2090,178.8055,0.008,2115,-0.0994,-0.0105,0.4685,0,0,0.408
2.103,0,0,1,0.0000,1.2333,-0.4569,1.1786,-179.4669,0.0000,0.0000,0.0000,-0.4202,1.1445,177.4591,0.012,2121,-0.0994,-0.0111,0.4601,0,0,0.572
2.203,0,0,1,0.0000,1.2333,-0.4464,1.1791,-179.5114,0.0000,0.0000,0.0000,-0.4724,1.2116,179.0272,0.011,2127,-0.0994,-0.0113,0.4497,0,0,0.585
2.304,0,0,1,0.0000,1.2333,-0.4386,1.1797,-179.4453,0.0000,0.0000,0.0000,-0.3677,1.2223,-179.6664,0.003,2134,-0.0994,-0.0114,0.4419,0,0,0.575
2.400,0,0,1,0.0000,1.2333,-0.4299,1.1800,-179.3967,0.0000,0.0000,0.0000,-0.3609,1.2227,-179.5707,0.034,2138,-0.0993,-0.0115,0.4332,0,0,0.577
2.500,0,0,1,0.0000,1.2333,-0.4223,1.1789,-179.4408,0.0000,0.0000,0.0000,-0.3332,1.2025,-178.1638,0.005,2146,-0.0993,-0.0120,0.4258,0,0,0.560
2.602,0,0,1,0.0000,1.2333,-0.4110,1.1795,-179.5037,0.0000,0.0000,0.0000,-0.4324,1.2145,178.8544,0.009,2151,-0.0993,-0.0122,0.4145,0,0,0.306
2.699,0,0,1,0.0000,1.2333,-0.4046,1.1804,-179.3101,0.0000,0.0000,0.0000,-0.3114,1.2019,-177.8886,0.006,2158,-0.0993,-0.0122,0.4080,0,0,0.563
2.800,0,0,1,0.0000,1.2333,-0.3945,1.1809,-179.5029,0.0000,0.0000,0.0000,-0.4108,1.2170,178.8512,0.008,2163,-0.0992,-0.0124,0.3980,0,0,0.577
2.902,0,0,1,0.0000,1.2333,-0.3855,1.1816,-179.4355,0.0000,0.0000,0.0000,-0.3421,1.1787,178.3841,0.007,2169,-0.0992,-0.0125,0.3889,0,0,0.576
3.003,0,0,1,0.0000,1.2333,-0.3774,1.1804,-179.4566,0.0000,0.0000,0.0000,-0.3917,1.2170,178.8797,0.009,2175,-0.0991,-0.0131,0.3811,0,0,0.576
3.100,0,0,1,0.0000,1.2333,-0.3703,1.1794,-179.3169,0.0000,0.0000,0.0000,-0.3226,1.1850,178.6037,0.019,2181,-0.0991,-0.0137,0.3742,0,0,0.568
3.203,0,0,1,0.0000,1.2333,-0.3599,1.1834,-179.3153,0.0000,0.0000,0.0000,-0.3712,1.2190,178.8620,0.011,2187,-0.0992,-0.0130,0.3634,0,0,0.578
3.306,0,0,1,0.0000,1.2333,-0.3529,1.1848,-179.1777,0.0000,0.0000,0.0000,-0.2656,1.2268,-179.0707,0.003,2193,-0.0992,-0.0129,0.3562,0,0,0.323
3.403,0,0,1,0.0000,1.2333,-0.3426,1.1861,-179.3872,0.0000,0.0000,0.0000,-0.3519,1.2220,178.7964,0.010,2199,-0.0992,-0.0129,0.3459,0,0,0.430
3.503,0,0,1,0.0000,1.2333,-0.3354,1.1877,-179.2767,0.0000,0.0000,0.0000,-0.2846,1.2013,178.8372,0.023,2205,-0.0992,-0.0127,0.3385,0,0,0.504
3.600,0,0,1,0.0000,1.2333,-0.3270,1.1909,-179.1997,0.0000,0.0000,0.0000,-0.3325,1.2258,178.6602,0.007,2211,-0.0993,-0.0121,0.3297,0,0,0.556
3.704,0,0,1,0.0000,1.2333,-0.3183,1.1903,-179.2319,0.0000,0.0000,0.0000,-0.2238,1.2271,-179.1041,0.003,2218,-0.0992,-0.0126,0.3212,0,0,0.556
3.805,0,0,1,0.0000,1.2333,-0.3082,1.1912,-179.3668,0.0000,0.0000,0.0000,-0.2161,1.2287,-179.0532,0.039,2222,-0.0992,-0.0128,0.3111,0,0,0.553
3.901,0,0,1,0.0000,1.2333,-0.3027,1.1929,-179.3007,0.0000,0.0000,0.0000,-0.2452,1.2100,178.8043,0.007,2229,-0.0992,-0.0125,0.3054,0,0,0.548
4.000,0,0,1,0.0000,1.2333,-0.2927,1.1962,-179.1723,0.0000,0.0000,0.0000,-0.2950,1.2330,178.5262,0.007,2235,-0.0993,-0.0118,0.2950,0,0,0.511
4.106,0,0,1,0.0000,1.2333,-0.2825,1.2020,-179.2770,0.0000,0.0000,0.0000,-0.5217,1.0206,-174.3476,0.004,2241,-0.0995,-0.0103,0.2842,0,0,0.555
4.201,0,0,1,0.0000,1.2333,-0.2747,1.2011,-179.1844,0.0000,0.0000,0.0000,-0.2736,1.2343,178.3837,0.007,2247,-0.0994,-0.0109,0.2766,0,0,0.461
4.303,0,0,1,0.0000,1.2333,-0.2680,1.1998,-179.2323,0.0000,0.0000,0.0000,-0.1597,1.2248,-178.9816,0.003,2254,-0.0993,-0.0116,0.2701,0,0,0.546
4.400,0,0,1,0.0000,1.2333,-0.2579,1.2004,-179.1932,0.0000,0.0000,0.0000,-0.2532,1.2341,178.2963,0.008,2259,-0.0993,-0.0119,0.2600,0,0,0.549
4.503,0,0,1,0.0000,1.2333,-0.2478,1.2040,-179.2657,0.0000,0.0000,0.0000,-0.2093,1.2805,178.6818,0.008,2265,-0.0994,-0.0110,0.2496,0,0,0.562
4.601,0,0,1,0.0000,1.2333,-0.2409,1.2083,-179.1765,0.0000,0.0000,0.0000,-0.2323,1.2379,178.2983,0.010,2271,-0.0995,-0.0096,0.2422,0,0,0.540
4.702,0,0,1,0.0000,1.2333,-0.2335,1.2090,-179.0613,0.0000,0.0000,0.0000,-0.1670,1.2299,179.0317,0.010,2277,-0.0995,-0.0096,0.2347,0,0,0.563
4.804,0,0,1,0.0000,1.2333,-0.2255,1.2114,-179.2022,0.0000,0.0000,0.0000,-0.2123,1.2372,178.3030,0.011,2283,-0.0996,-0.0089,0.2265,0,0,0.566
4.904,0,0,1,0.0000,1.2333,-0.2189,1.2116,-179.2152,0.0000,0.0000,0.0000,-0.1473,1.2338,179.1374,0.022,2289,-0.0996,-0.0091,0.2200,0,0,0.508
5.000,0,0,1,0.0000,1.2333,-0.2109,1.2126,-179.2725,0.0000,0.0000,0.0000,-0.1637,1.2831,178.5236,0.018,2294,-0.0996,-0.0090,0.2119,0,0,0.561
5.100,0,0,1,0.0000,1.2333,-0.2042,1.2142,-179.1251,0.0000,0.0000,0.0000,-0.1868,1.2428,178.2930,0.011,2301,-0.0996,-0.0086,0.2051,0,0,0.557
5.202,0,0,1,0.0000,1.2333,-0.1947,1.2156,-179.2485,0.0000,0.0000,0.0000,-0.1394,1.2897,178.5293,0.037,2306,-0.0997,-0.0083,0.1955,0,0,0.534
5.301,0,0,1,0.0000,1.2333,-0.1856,1.2212,-179.0638,0.0000,0.0000,0.0000,-0.4688,1.0396,-173.4804,0.002,2313,-0.0998,-0.0057,0.1860,0,0,0.548
5.400,0,0,1,0.0000,1.2333,-0.1761,1.2207,-179.1862,0.0000,0.0000,0.0000,-0.1515,1.2424,178.1455,0.006,2319,-0.0998,-0.0064,0.1765,0,0,0.433
5.501,0,0,1,0.0000,1.2333,-0.1674,1.2200,-179.2789,0.0000,0.0000,0.0000,-0.0878,1.2433,179.1093,0.013,2325,-0.0997,-0.0072,0.1679,0,0,0.549
5.604,0,0,1,0.0000,1.2333,-0.1589,1.2230,-179.2722,0.0000,0.0000,0.0000,-0.1331,1.2444,178.1547,0.003,2330,-0.0998,-0.0057,0.1592,0,0,0.555
5.703,0,0,1,0.0000,1.2333,-0.1485,1.2254,-179.1735,0.0000,0.0000,0.0000,-0.0788,1.2887,178.6423,0.006,2337,-0.0999,-0.0045,0.1487,0,0,0.550
5.801,0,0,1,0.0000,1.2333,-0.1409,1.2280,-179.2154,0.0000,0.0000,0.0000,-0.1125,1.2453,178.0324,0.007,2342,-0.1000,-0.0030,0.1410,0,0,0.516
5.903,0,0,1,0.0000,1.2333,-0.1317,1.2274,-179.2333,0.0000,0.0000,0.0000,-0.0639,1.2891,178.5115,0.007,2349,-0.0999,-0.0038,0.1318,0,0,0.545
6.000,0,0,1,0.0000,1.2333,-0.1243,1.2301,-179.2383,0.0000,0.0000,0.0000,-0.0921,1.2459,177.9664,0.006,2354,-0.0995,-0.0018,0.1243,0,0,0.526
6.101,0,0,1,0.0000,1.2333,-0.1182,1.2284,-179.2333,0.0000,0.0000,0.0000,-0.4306,1.0539,-173.2241,0.033,2359,-0.0945,-0.0032,0.1183,0,0,0.544
6.200,0,0,1,0.0000,1.2333,-0.1052,1.2292,-179.3476,0.0000,0.0000,0.0000,-0.0296,1.2879,178.5795,0.029,2365,-0.0842,-0.0027,0.1053,0,0,0.481
6.302,0,0,1,0.0000,1.2333,-0.0929,1.2308,-179.3545,0.0000,0.0000,0.0000,-0.0088,1.2524,178.8950,0.022,2372,-0.0743,-0.0014,0.0929,0,0,0.523
6.400,0,0,1,0.0000,1.2333,-0.0837,1.2312,-179.3960,0.0000,0.0000,0.0000,-0.0164,1.2898,178.4098,0.017,2377,-0.0670,-0.0012,0.0838,0,0,0.527
6.503,0,0,1,0.0000,1.2333,-0.0757,1.2351,-179.4036,0.0000,0.0000,0.0000,-0.0017,1.2872,178.4770,0.008,2385,-0.0606,0.0019,0.0758,0,0,0.522
6.606,0,0,2,0.0000,0.6167,-0.0689,1.2375,-179.3344,0.0000,0.0000,0.0000,-0.0012,1.2871,178.4621,0.045,2389,-0.0103,0.0995,0.6246,0,0,0.505
6.700,0,0,2,0.0000,0.6167,-0.0638,1.2336,-179.3971,0.0000,0.0000,0.0000,0.0128,1.2881,178.5130,0.006,2397,-0.0095,0.0995,0.6203,0,0,0.526
6.803,0,0,2,0.0000,0.6167,-0.0623,1.2266,-179.8111,0.0000,0.0000,0.0000,-0.0295,1.2398,177.4670,0.007,2402,-0.0094,0.0996,0.6131,0,0,0.534
6.903,0,0,2,0.0000,0.6167,-0.0582,1.2201,-179.6035,0.0000,0.0000,0.0000,0.0204,1.2678,178.1558,0.009,2408,-0.0088,0.0996,0.6063,0,0,0.547
7.000,0,0,2,0.0000,0.6167,-0.0581,1.2092,-179.5560,0.0000,0.0000,0.0000,-0.0354,1.2240,177.5856,0.007,2414,-0.0090,0.0996,0.5954,0,0,0.538
7.101,0,0,2,0.0000,0.6167,-0.0578,1.1977,-179.6954,0.0000,0.0000,0.0000,0.0236,1.2534,178.2305,0.002,2421,-0.0091,0.0996,0.5839,0,0,0.567
7.203,0,0,2,0.0000,0.6167,-0.0564,1.1904,-179.6882,0.0000,0.0000,0.0000,-0.0277,1.1912,177.0717,0.005,2426,-0.0090,0.0996,0.5765,0,0,0.578
7.304,0,0,2,0.0000,0.6167,-0.0556,1.1786,-179.5938,0.0000,0.0000,0.0000,0.0228,1.1935,178.5180,0.003,2433,-0.0091,0.0996,0.5647,0,0,0.585
7.402,0,0,2,0.0000,0.6167,-0.0548,1.1682,-179.7315,0.0000,0.0000,0.0000,-0.0304,1.1797,177.5976,0.008,2438,-0.0091,0.0996,0.5542,0,0,0.603
7.501,0,0,2,0.0000,0.6167,-0.0534,1.1563,-179.7556,0.0000,0.0000,0.0000,0.0228,1.1722,178.3770,0.012,2444,-0.0091,0.0996,0.5423,0,0,0.614
7.600,0,0,2,0.0000,0.6167,-0.0501,1.1466,-179.8212,0.0000,0.0000,0.0000,-0.0259,1.1552,177.2436,0.006,2450,-0.0086,0.0996,0.5323,0,0,0.626
7.701,0,0,2,0.0000,0.6167,-0.0474,1.1390,-179.6937,0.0000,0.0000,0.0000,0.0238,1.1548,178.5169,0.026,2456,-0.0083,0.0997,0.5245,0,0,0.628
7.803,0,0,2,0.0000,0.6167,-0.0461,1.1290,-179.6997,0.0000,0.0000,0.0000,-0.0454,0.9904,-178.1625,0.006,2462,-0.0082,0.0997,0.5144,0,0,0.650
7.909,0,0,2,0.0000,0.6167,-0.0434,1.1164,-179.7359,0.0000,0.0000,0.0000,0.0245,1.1245,178.3772,0.025,2467,-0.0079,0.0997,0.5016,0,0,0.654
8.000,0,0,2,0.0000,0.6167,-0.0417,1.1078,-179.8283,0.0000,0.0000,0.0000,0.0347,1.1663,178.3138,0.037,2473,-0.0077,0.0997,0.4929,0,0,0.661
8.103,0,0,2,0.0000,0.6167,-0.0393,1.0955,-179.7738,0.0000,0.0000,0.0000,0.0363,1.1418,178.8240,0.002,2481,-0.0074,0.0997,0.4804,0,0,0.688
8.206,0,0,2,0.0000,0.6167,-0.0372,1.0853,-179.9029,0.0000,0.0000,0.0000,-0.0188,1.0836,177.2137,0.010,2486,-0.0071,0.0997,0.4701,0,0,0.678
8.303,0,0,2,0.0000,0.6167,-0.0352,1.0750,-179.8198,0.0000,0.0000,0.0000,0.0411,1.1331,178.4457,0.008,2493,-0.0069,0.0998,0.4597,0,0,0.690
8.400,0,0,2,0.0000,0.6167,-0.0342,1.0659,-179.7981,0.0000,0.0000,0.0000,-0.0153,1.0568,177.0969,0.006,2498,-0.0068,0.0998,0.4505,0,0,0.699
8.503,0,0,2,0.0000,0.6167,-0.0323,1.0548,-179.8051,0.0000,0.0000,0.0000,0.0441,1.1128,178.5622,0.008,2505,-0.0066,0.0998,0.4393,0,0,0.688
8.603,0,0,2,0.0000,0.6167,-0.0315,1.0469,-179.7685,0.0000,0.0000,0.0000,-0.1099,0.9762,-178.2809,0.003,2511,-0.0065,0.0998,0.4313,0,0,0.671
8.702,0,0,2,0.0000,0.6167,-0.0312,1.0380,-179.7119,0.0000,0.0000,0.0000,0.0470,1.0830,178.9208,0.007,2517,-0.0066,0.0998,0.4225,0,0,0.697
8.801,0,0,2,0.0000,0.6167,-0.0289,1.0291,-179.6892,0.0000,0.0000,0.0000,0.0482,1.0820,178.8650,0.013,2521,-0.0062,0.0998,0.4135,0,0,0.663
8.903,0,0,2,0.0000,0.6167,-0.0278,1.0192,-179.7633,0.0000,0.0000,0.0000,0.0293,1.0226,178.8009,0.017,2528,-0.0061,0.0998,0.4035,0,0,0.679
9.000,0,0,2,0.0000,0.6167,-0.0260,1.0116,-179.7421,0.0000,0.0000,0.0000,-0.0548,1.0981,-179.6148,0.004,2534,-0.0058,0.0998,0.3957,0,0,0.752
9.100,0,0,2,0.0000,0.6167,-0.0245,1.0024,-179.6221,0.0000,0.0000,0.0000,0.0490,1.0511,178.8193,0.002,2541,-0.0056,0.0998,0.3865,0,0,0.771
9.200,0,0,2,0.0000,0.6167,-0.0225,0.9937,-179.8220,0.0000,0.0000,0.0000,0.0473,1.0283,179.1958,0.034,2545,-0.0052,0.0999,0.3777,0,0,0.777
9.304,0,0,2,0.0000,0.6167,-0.0195,0.9834,-179.6468,0.0000,0.0000,0.0000,0.0534,1.0238,178.9697,0.007,2553,-0.0045,0.0999,0.3672,0,0,0.786
9.401,0,0,2,0.0000,0.6167,-0.0179,0.9749,-179.5198,0.0000,0.0000,0.0000,0.0512,1.0082,179.3427,0.035,2557,-0.0042,0.0999,0.3587,0,0,0.814
9.502,0,0,2,0.0000,0.6167,-0.0155,0.9687,-179.5129,0.0000,0.0000,0.0000,0.0544,0.9981,179.3730,0.006,2565,-0.0036,0.0999,0.3524,0,0,0.808
9.601,0,0,2,0.0000,0.6167,-0.0140,0.9607,-179.4488,0.0000,0.0000,0.0000,0.0016,0.9884,178.9883,0.008,2570,-0.0033,0.0999,0.3443,0,0,0.815
9.702,0,0,2,0.0000,0.6167,-0.0118,0.9504,-179.3811,0.0000,0.0000,0.0000,0.0557,0.9756,179.4883,0.007,2577,-0.0028,0.1000,0.3340,0,0,0.694
9.803,0,0,2,0.0000,0.6167,-0.0105,0.9403,-179.4223,0.0000,0.0000,0.0000,0.0098,0.9615,178.9600,0.008,2582,-0.0025,0.1000,0.3238,0,0,0.796
9.901,0,0,2,0.0000,0.6167,-0.0096,0.9296,-179.6414,0.0000,0.0000,0.0000,0.0346,0.9256,178.9240,0.019,2588,-0.0023,0.1000,0.3130,0,0,0.870
10.002,0,0,2,0.0000,0.6167,-0.0076,0.9178,-179.5274,0.0000,0.0000,0.0000,0.0108,0.9396,178.7283,0.008,2594,-0.0018,0.1000,0.3012,0,0,0.876
10.104,0,0,2,0.0000,0.6167,-0.0072,0.9070,-179.5548,0.0000,0.0000,0.0000,-0.0548,0.7506,-177.1159,0.024,2599,-0.0017,0.1000,0.2904,0,0,0.881
10.201,0,0,2,0.0000,0.6167,-0.0052,0.8961,-179.6777,0.0000,0.0000,0.0000,0.0180,0.9111,178.6266,0.005,2606,-0.0011,0.1000,0.2795,0,0,0.874
10.300,0,0,2,0.0000,0.6167,-0.0030,0.8857,-179.7234,0.0000,0.0000,0.0000,0.0358,0.8775,178.6517,0.015,2612,-0.0003,0.1000,0.2691,0,0,0.886
10.402,0,0,2,0.0000,0.6167,-0.0015,0.8740,-179.6831,0.0000,0.0000,0.0000,0.0191,0.8857,178.5659,0.007,2618,0.0002,0.1000,0.2574,0,0,0.895
10.500,0,0,2,0.0000,0.6167,-0.0022,0.8627,-179.6526,0.0000,0.0000,0.0000,0.0373,0.8655,179.0410,0.020,2624,-0.0001,0.1000,0.2461,0,0,0.908
10.600,0,0,2,0.0000,0.6167,-0.0017,0.8510,-179.8191,0.0000,0.0000,0.0000,0.0615,0.8791,179.4990,0.035,2629,0.0000,0.1000,0.2343,0,0,0.619
10.699,0,0,2,0.0000,0.6167,0.0007,0.8407,-179.8068,0.0000,0.0000,0.0000,-0.0156,0.7723,179.7175,0.002,2637,0.0011,0.1000,0.2241,0,0,0.544
10.803,0,0,2,0.0000,0.6167,0.0005,0.8270,-179.6265,0.0000,0.0000,0.0000,0.0250,0.8373,178.1981,0.010,2642,0.0009,0.1000,0.2103,0,0,0.556
10.902,0,0,2,0.0000,0.6167,0.0004,0.8171,-179.7614,0.0000,0.0000,0.0000,-0.0726,0.6585,-176.5573,0.004,2648,0.0010,0.1000,0.2005,0,0,0.616
11.003,0,0,2,0.0000,0.6167,0.0005,0.8032,-179.5619,0.0000,0.0000,0.0000,0.0294,0.8110,178.1148,0.011,2654,0.0010,0.1000,0.1865,0,0,0.582
11.100,0,0,2,0.0000,0.6167,0.0007,0.7928,-179.6444,0.0000,0.0000,0.0000,0.0431,0.8065,179.5605,0.018,2660,0.0012,0.1000,0.1761,0,0,0.576
11.201,0,0,2,0.0000,0.6167,0.0028,0.7800,-179.5297,0.0000,0.0000,0.0000,0.0312,0.7888,178.1859,0.003,2666,0.0025,0.1000,0.1634,0,0,0.994
11.300,0,0,2,0.0000,0.6167,0.0028,0.7671,-179.6796,0.0000,0.0000,0.0000,0.0079,0.6864,-179.1590,0.003,2672,0.0026,0.1000,0.1505,0,0,0.996
11.401,0,0,2,0.0000,0.6167,0.0035,0.7559,-179.5880,0.0000,0.0000,0.0000,0.0334,0.7623,178.0398,0.003,2678,0.0033,0.0999,0.1393,0,0,1.007
11.503,0,0,2,0.0000,0.6167,0.0037,0.7422,-179.5650,0.0000,0.0000,0.0000,0.0457,0.7693,179.5183,0.013,2684,0.0037,0.0999,0.1256,0,0,0.546
11.601,0,0,2,0.0000,0.6167,0.0065,0.7306,-179.6946,0.0000,0.0000,0.0000,0.0363,0.7382,177.9679,0.008,2690,0.0059,0.0911,0.1141,0,0,0.557
11.703,0,0,2,0.0000,0.6167,0.0085,0.7202,-179.5493,0.0000,0.0000,0.0000,0.0457,0.7433,179.3186,0.021,2696,0.0074,0.0828,0.1039,0,0,0.575
11.804,0,0,2,0.0000,0.6167,0.0091,0.7110,-179.5406,0.0000,0.0000,0.0000,-0.0916,0.5517,-176.0525,0.007,2702,0.0079,0.0754,0.0947,0,0,0.579
11.906,0,0,2,0.0000,0.6167,0.0109,0.7028,-179.5422,0.0000,0.0000,0.0000,0.0482,0.7293,179.5789,0.020,2707,0.0093,0.0688,0.0868,0,0,0.587
12.003,0,0,2,0.0000,0.6167,0.0103,0.6920,-179.6199,0.0000,0.0000,0.0000,-0.0930,0.5368,-176.0695,0.002,2714,0.0087,0.0602,0.0760,0,0,0.591
12.107,0,0,2,0.0000,0.6167,0.0128,0.6868,-179.6802,0.0000,0.0000,0.0000,0.1779,0.7359,175.9528,0.012,2720,0.0000,0.0000,0.0713,0,0,0.570
12.201,0,0,2,0.0000,0.6167,0.0135,0.6831,-179.7228,0.0000,0.0000,0.0000,0.0355,0.6832,177.6615,0.006,2726,0.0000,0.0000,0.0678,0,0,1.083
12.303,0,0,2,0.0000,0.6167,0.0174,0.6811,-179.6813,0.0000,0.0000,0.0000,0.2280,0.5834,-173.1619,0.007,2733,0.0000,0.0000,0.0668,0,0,0.528
12.403,0,0,2,0.0000,0.6167,0.0201,0.6816,-179.7163,0.0000,0.0000,0.0000,0.0892,0.6350,-178.8845,0.039,2737,0.0000,0.0000,0.0680,0,0,0.519
12.503,0,0,2,0.0000,0.6167,0.0264,0.6814,-179.7349,0.0000,0.0000,0.0000,0.2313,0.5814,-173.0331,0.007,2745,0.0000,0.0000,0.0699,0,0,0.572
12.602,0,0,2,0.0000,0.6167,0.0261,0.6799,-179.7298,0.0000,0.0000,0.0000,0.0350,0.6825,177.6428,0.006,2750,0.0000,0.0000,0.0684,0,0,0.522
12.701,0,0,2,0.0000,0.6167,0.0273,0.6787,-179.7675,0.0000,0.0000,0.0000,0.0473,0.7100,179.5581,0.007,2756,0.0000,0.0000,0.0678,0,0,0.572
12.801,0,0,2,0.0000,0.6167,0.0276,0.6771,-179.7579,0.0000,0.0000,0.0000,0.0350,0.6825,177.6450,0.004,2762,0.0000,0.0000,0.0664,0,0,0.545
12.901,0,0,2,0.0000,0.6167,0.0314,0.6781,-179.8435,0.0000,0.0000,0.0000,0.1931,0.7330,175.5420,0.027,2767,0.0000,0.0000,0.0690,0,0,0.500
13.004,0,0,2,0.0000,0.6167,0.0342,0.6785,-179.8796,0.0000,0.0000,0.0000,0.0890,0.6352,-178.8906,0.031,2773,0.0000,0.0000,0.0707,0,0,0.573
13.101,0,0,2,0.0000,0.6167,0.0351,0.6778,-179.9168,0.0000,0.0000,0.0000,0.0472,0.7100,179.5603,0.016,2780,0.0000,0.0000,0.0705,0,0,0.564
13.200,0,0,2,0.0000,0.6167,0.0377,0.6779,-179.9480,0.0000,0.0000,0.0000,-0.1040,0.5172,-176.0046,0.002,2786,0.0000,0.0000,0.0719,1,1,0.580
13.300,0,0,2,0.0000,0.6167,0.0358,0.6753,-179.9204,0.0000,0.0000,0.0000,0.0351,0.6825,177.6480,0.009,2792,0.0000,0.0000,0.0687,1,1,0.565
13.402,0,0,2,0.0000,0.6167,0.0355,0.6737,-179.9167,0.0000,0.0000,0.0000,0.0890,0.6352,-178.8906,0.038,2797,0.0000,0.0000,0.0672,1,1,0.657
13.503,0,0,2,0.0000,0.6167,0.0337,0.6714,-179.9037,0.0000,0.0000,0.0000,0.0890,0.6352,-178.8906,0.007,2805,0.0000,0.0000,0.0642,1,1,0.557
13.602,0,0,2,0.0000,0.6167,0.0349,0.6694,-179.8408,0.0000,0.0000,0.0000,0.0351,0.6825,177.6457,0.006,2810,0.0000,0.0000,0.0632,1,1,0.558
13.703,0,0,2,0.0000,0.6167,0.0349,0.6684,-179.8476,0.0000,0.0000,0.0000,0.0886,0.6357,-178.9109,0.008,2816,0.0000,0.0000,0.0624,1,1,0.539
13.803,0,0,2,0.0000,0.6167,0.0343,0.6656,-179.7895,0.0000,0.0000,0.0000,0.0351,0.6824,177.6460,0.009,2822,0.0000,0.0000,0.0598,1,1,0.576
13.903,0,0,2,0.0000,0.6167,0.0357,0.6653,-179.8098,0.0000,0.0000,0.0000,0.0888,0.6354,-178.8981,0.006,2829,0.0000,0.0000,0.0603,1,1,0.579
14.002,0,0,2,0.0000,0.6167,0.0350,0.6645,-179.8206,0.0000,0.0000,0.0000,-0.1050,0.5168,-175.9833,0.002,2835,0.0000,0.0000,0.0592,1,1,0.531
14.105,0,0,2,0.0000,0.6167,0.0358,0.6641,-179.8431,0.0000,0.0000,0.0000,0.1924,0.7329,175.5577,0.037,2839,0.0000,0.0000,0.0594,1,1,0.545
14.202,0,0,2,0.0000,0.6167,0.0357,0.6633,-179.8313,0.0000,0.0000,0.0000,0.0351,0.6824,177.6477,0.002,2846,0.0000,0.0000,0.0587,1,1,0.562
14.304,0,0,2,0.0000,0.6167,0.0365,0.6632,-179.8734,0.0000,0.0000,0.0000,0.1940,0.7336,175.5223,0.036,2851,0.0000,0.0000,0.0592,1,1,0.530
14.403,0,0,2,0.0000,0.6167,0.0364,0.6627,-179.8779,0.0000,0.0000,0.0000,0.0351,0.6824,177.6469,0.008,2858,0.0000,0.0000,0.0587,1,1,0.539
14.501,0,0,2,0.0000,0.6167,0.0346,0.6609,-179.8454,0.0000,0.0000,0.0000,0.0471,0.7100,179.5612,0.018,2864,0.0000,0.0000,0.0561,1,1,0.548
14.602,0,0,2,0.0000,0.6167,0.0372,0.6617,-179.8880,0.0000,0.0000,0.0000,-0.1016,0.5186,-176.0571,0.006,2870,0.0000,0.0000,0.0584,1,1,0.550
14.703,0,0,2,0.0000,0.6167,0.0380,0.6620,-179.9142,0.0000,0.0000,0.0000,0.0471,0.7100,179.5619,0.018,2875,0.0000,0.0000,0.0592,1,1,0.556
14.800,0,0,2,0.0000,0.6167,0.0404,0.6630,-179.9699,0.0000,0.0000,0.0000,0.0888,0.6354,-178.8982,0.030,2881,0.0000,0.0000,0.0615,1,1,0.553
14.900,0,0,2,0.0000,0.6167,0.0396,0.6627,-179.9796,0.0000,0.0000,0.0000,0.0888,0.6354,-178.8982,0.002,2889,0.0000,0.0000,0.0607,1,1,0.614
15.000,0,0,2,0.0000,0.6167,0.0407,0.6622,-179.9912,0.0000,0.0000,0.0000,0.0351,0.6824,177.6468,0.007,2894,0.0000,0.0000,0.0611,1,1,0.560
15.102,0,0,2,0.0000,0.6167,0.0386,0.6606,-179.9694,0.0000,0.0000,0.0000,0.0888,0.6354,-178.8982,0.002,2901,0.0000,0.0000,0.0585,1,1,0.575
15.200,0,0,2,0.0000,0.6167,0.0382,0.6595,-179.9483,0.0000,0.0000,0.0000,0.0351,0.6824,177.6471,0.004,2906,0.0000,0.0000,0.0574,1,1,0.567
15.301,0,0,2,0.0000,0.6167,0.0367,0.6579,-179.9208,0.0000,0.0000,0.0000,0.0888,0.6354,-178.8978,0.006,2913,0.0000,0.0000,0.0553,1,1,0.534
15.404,0,0,2,0.0000,0.6167,0.0360,0.6574,-179.9258,0.0000,0.0000,0.0000,0.0351,0.6824,177.6468,0.007,2918,0.0000,0.0000,0.0544,1,1,0.529
15.503,0,0,2,0.0000,0.6167,0.0367,0.6573,-179.9448,0.0000,0.0000,0.0000,0.0471,0.7100,179.5610,0.003,2924,0.0000,0.0000,0.0548,1,1,0.545
15.602,0,0,2,0.0000,0.6167,0.0361,0.6571,-179.9355,0.0000,0.0000,0.0000,0.0351,0.6824,177.6457,0.002,2930,0.0000,0.0000,0.0542,1,1,0.535
15.700,0,0,2,0.0000,0.6167,0.0401,0.6590,179.9753,0.0000,0.0000,0.0000,0.1979,0.7345,175.4472,0.031,2935,0.0000,0.0000,0.0583,1,1,0.543
15.802,0,0,2,0.0000,0.6167,0.0425,0.6604,179.9362,0.0000,0.0000,0.0000,0.0351,0.6824,177.6470,0.003,2942,0.0000,0.0000,0.0610,1,1,0.582
15.899,0,0,2,0.0000,0.6167,0.0430,0.6607,179.9196,0.0000,0.0000,0.0000,0.0351,0.6824,177.6471,0.005,2948,0.0000,0.0000,0.0615,1,1,0.529
16.005,0,0,2,0.0000,0.6167,0.0424,0.6598,179.9287,0.0000,0.0000,0.0000,0.1922,0.7328,175.5617,0.002,2954,0.0000,0.0000,0.0604,1,1,0.591
16.104,0,0,2,0.0000,0.6167,0.0427,0.6602,179.8975,0.0000,0.0000,0.0000,0.0888,0.6354,-178.8975,0.003,2961,0.0000,0.0000,0.0610,1,1,0.468
16.204,0,0,2,0.0000,0.6167,0.0422,0.6592,179.9239,0.0000,0.0000,0.0000,0.0351,0.6824,177.6483,0.002,2966,0.0000,0.0000,0.0599,1,1,0.522
16.300,0,0,2,0.0000,0.6167,0.0426,0.6596,179.8926,0.0000,0.0000,0.0000,0.0888,0.6354,-178.8975,0.005,2973,0.0000,0.0000,0.0605,1,1,0.596
16.400,0,0,2,0.0000,0.6167,0.0447,0.6605,179.8595,0.0000,0.0000,0.0000,0.0352,0.6824,177.6447,0.005,2978,0.0000,0.0000,0.0627,1,1,0.535
16.501,0,0,2,0.0000,0.6167,0.0451,0.6606,179.8326,0.0000,0.0000,0.0000,0.0471,0.7100,179.5603,0.008,2984,0.0000,0.0000,0.0629,1,1,0.590
16.602,0,0,2,0.0000,0.6167,0.0472,0.6619,179.7992,0.0000,0.0000,0.0000,0.0352,0.6824,177.6443,0.007,2990,0.0000,0.0000,0.0653,1,1,0.585
16.703,0,0,2,0.0000,0.6167,0.0474,0.6623,179.7737,0.0000,0.0000,0.0000,0.0888,0.6354,-178.8964,0.003,2997,0.0000,0.0000,0.0657,1,1,0.569
16.807,0,0,2,0.0000,0.6167,0.0465,0.6613,179.7869,0.0000,0.0000,0.0000,0.1949,0.7335,175.5082,0.004,3003,0.0000,0.0000,0.0645,1,1,0.549
16.904,0,0,2,0.0000,0.6167,0.0468,0.6610,179.7777,0.0000,0.0000,0.0000,0.0888,0.6354,-178.8964,0.003,3008,0.0000,0.0000,0.0645,1,1,0.553
17.001,0,0,2,0.0000,0.6167,0.0461,0.6604,179.8074,0.0000,0.0000,0.0000,0.0351,0.6823,177.6452,0.002,3014,0.0000,0.0000,0.0635,1,1,0.547
17.100,0,0,2,0.0000,0.6167,0.0489,0.6628,179.7217,0.0000,0.0000,0.0000,0.0471,0.7100,179.5610,0.015,3020,0.0000,0.0000,0.0672,1,1,0.551
17.207,0,1,0,0.0000,0.6167,0.0508,0.6635,179.6948,0.0000,0.0000,0.0000,0.0351,0.6823,177.6466,0.007,3026,0.0000,0.0000,0.0691,1,1,0.559
17.300,0,1,0,0.0000,0.6167,0.0499,0.6630,179.6802,0.0000,0.0000,0.0000,0.0470,0.7100,179.5616,0.018,3032,0.0402,0.0367,0.0681,1,1,0.511
17.400,0,1,1,0.0000,0.0000,0.0462,0.6574,-179.9160,0.0000,0.0000,0.0000,0.0880,0.6356,-178.8694,0.035,3037,0.0078,0.0997,0.6590,1,1,0.562
17.503,0,1,1,0.0000,0.0000,0.0457,0.6487,179.9568,0.0000,0.0000,0.0000,0.0811,0.6415,-178.8134,0.007,3044,0.0078,0.0997,0.6503,1,1,0.516
17.601,0,1,1,0.0000,0.0000,0.0467,0.6397,-179.7948,0.0000,0.0000,0.0000,0.0799,0.6367,-178.9042,0.035,3049,0.0080,0.0997,0.6414,1,1,0.544
17.703,0,1,1,0.0000,0.0000,0.0476,0.6331,-179.9111,0.0000,0.0000,0.0000,0.2193,0.7252,175.3968,0.008,3056,0.0083,0.0997,0.6349,1,1,0.541
17.803,0,1,1,0.0000,0.0000,0.0502,0.6243,179.9365,0.0000,0.0000,0.0000,0.0402,0.6252,177.6364,0.010,3062,0.0088,0.0996,0.6263,1,1,0.536
17.903,0,1,1,0.0000,0.0000,0.0491,0.6146,-179.7876,0.0000,0.0000,0.0000,0.0706,0.6128,-179.1306,0.008,3069,0.0087,0.0996,0.6166,1,1,0.546
18.002,0,1,1,0.0000,0.0000,0.0469,0.6048,-179.7061,0.0000,0.0000,0.0000,0.0439,0.5953,177.7551,0.003,3074,0.0085,0.0996,0.6067,1,1,0.531
18.104,0,1,1,0.0000,0.0000,0.0458,0.5946,-179.7631,0.0000,0.0000,0.0000,0.0669,0.6048,-179.1088,0.003,3080,0.0084,0.0996,0.5964,1,1,0.555
18.205,0,1,1,0.0000,0.0000,0.0438,0.5829,-179.7349,0.0000,0.0000,0.0000,0.0427,0.5724,177.5953,0.009,3086,0.0083,0.0997,0.5845,1,1,0.536
18.302,0,1,1,0.0000,0.0000,0.0428,0.5737,-179.6550,0.0000,0.0000,0.0000,-0.1387,0.4042,-174.2960,0.038,3091,0.0082,0.0997,0.5753,1,1,0.543
18.401,0,1,1,0.0000,0.0000,0.0408,0.5633,-179.7263,0.0000,0.0000,0.0000,0.0448,0.5437,177.5261,0.004,3098,0.0080,0.0997,0.5648,1,1,0.541
18.500,0,1,1,0.0000,0.0000,0.0399,0.5529,-179.6828,0.0000,0.0000,0.0000,0.0597,0.6121,-179.1147,0.007,3104,0.0080,0.0997,0.5543,1,1,0.566
18.600,0,1,1,0.0000,0.0000,0.0381,0.5434,-179.5602,0.0000,0.0000,0.0000,0.0636,0.5545,-179.0264,0.017,3109,0.0078,0.0997,0.5447,1,1,0.538
18.702,0,1,1,0.0000,0.0000,0.0411,0.5353,-179.6948,0.0000,0.0000,0.0000,0.0625,0.5442,-179.1190,0.003,3117,0.0084,0.0996,0.5369,1,1,0.570
18.800,0,1,1,0.0000,0.0000,0.0392,0.5241,-179.5250,0.0000,0.0000,0.0000,0.1861,0.6159,176.0458,0.002,3122,0.0082,0.0997,0.5255,1,1,0.568
18.905,0,1,1,0.0000,0.0000,0.0421,0.5154,-179.5572,0.0000,0.0000,0.0000,0.1931,0.6155,175.8624,0.009,3128,0.0089,0.0996,0.5171,1,1,0.545
19.000,0,1,1,0.0000,0.0000,0.0436,0.5080,-179.7542,0.0000,0.0000,0.0000,0.0474,0.4696,177.0883,0.007,3134,0.0093,0.0996,0.5098,1,1,0.571
19.104,0,1,1,0.0000,0.0000,0.0396,0.4935,-179.5093,0.0000,0.0000,0.0000,0.0736,0.5658,-178.4323,0.018,3140,0.0088,0.0996,0.4951,1,1,0.554
19.202,0,1,1,0.0000,0.0000,0.0412,0.4858,-179.5481,0.0000,0.0000,0.0000,0.0476,0.4448,177.2564,0.004,3146,0.0092,0.0996,0.4876,1,1,0.549
19.301,0,1,1,0.0000,0.0000,0.0377,0.4712,-179.6887,0.0000,0.0000,0.0000,0.0783,0.4661,-178.4547,0.008,3153,0.0087,0.0996,0.4727,1,1,0.568
19.400,0,1,1,0.0000,0.0000,0.0384,0.4633,-179.6315,0.0000,0.0000,0.0000,0.0485,0.4146,176.6999,0.004,3158,0.0090,0.0996,0.4649,1,1,0.589
19.502,0,1,1,0.0000,0.0000,0.0402,0.4546,-179.7336,0.0000,0.0000,0.0000,0.0851,0.4454,-178.2436,0.008,3164,0.0096,0.0995,0.4564,1,1,0.538
19.603,0,1,1,0.0000,0.0000,0.0388,0.4416,-179.5964,0.0000,0.0000,0.0000,0.1363,0.5292,176.7515,0.003,3171,0.0095,0.0995,0.4433,1,1,0.562
19.700,0,1,1,0.0000,0.0000,0.0361,0.4290,-179.5737,0.0000,0.0000,0.0000,0.0882,0.5177,-177.7504,0.007,3176,0.0091,0.0996,0.4305,1,1,0.561
19.801,0,1,1,0.0000,0.0000,0.0369,0.4189,-179.7081,0.0000,0.0000,0.0000,0.0472,0.3637,176.5005,0.003,3182,0.0096,0.0995,0.4205,1,1,0.554
19.901,0,1,1,0.0000,0.0000,0.0331,0.4045,-179.6594,0.0000,0.0000,0.0000,0.0953,0.5065,-177.4242,0.013,3188,0.0089,0.0996,0.4058,1,1,0.558
20.006,0,1,1,0.0000,0.0000,0.0322,0.3918,-179.4558,0.0000,0.0000,0.0000,-0.2477,0.1020,-170.3853,0.009,3194,0.0090,0.0996,0.3931,1,1,0.570
20.100,0,1,1,0.0000,0.0000,0.0311,0.3809,-179.5560,0.0000,0.0000,0.0000,0.1039,0.4928,-177.1053,0.019,3200,0.0089,0.0996,0.3822,1,1,0.558
20.201,0,1,1,0.0000,0.0000,0.0299,0.3685,-179.4663,0.0000,0.0000,0.0000,0.1014,0.3597,-177.5251,0.036,3205,0.0089,0.0996,0.3697,1,1,0.546
20.300,0,1,1,0.0000,0.0000,0.0292,0.3578,-179.3489,0.0000,0.0000,0.0000,0.1042,0.3444,-177.4413,0.003,3213,0.0089,0.0996,0.3590,1,1,0.592
20.402,0,1,1,0.0000,0.0000,0.0256,0.3402,-179.3444,0.0000,0.0000,0.0000,0.0517,0.2709,175.8703,0.007,3218,0.0083,0.0997,0.3412,1,1,0.585
20.502,0,1,1,0.0000,0.0000,0.0238,0.3265,-179.4610,0.0000,0.0000,0.0000,0.1126,0.3179,-177.0904,0.007,3224,0.0080,0.0997,0.3273,1,1,0.546
20.600,0,1,1,0.0000,0.0000,0.0178,0.3096,-179.5004,0.0000,0.0000,0.0000,-0.1412,0.0155,167.2512,0.007,3230,0.0065,0.0998,0.3101,1,1,0.562
20.700,0,1,1,0.0000,0.0000,0.0112,0.2899,-179.4332,0.0000,0.0000,0.0000,0.1240,0.4447,-176.6078,0.019,3236,0.0046,0.0999,0.2901,1,1,0.563
20.801,0,1,1,0.0000,0.0000,0.0115,0.2774,-179.4376,0.0000,0.0000,0.0000,-0.1535,-0.0330,166.3641,0.007,3242,0.0049,0.0999,0.2776,1,1,0.572
20.902,0,1,1,0.0000,0.0000,0.0085,0.2598,-179.5420,0.0000,0.0000,0.0000,0.1291,0.2664,-176.7350,0.007,3248,0.0040,0.0999,0.2599,1,1,0.551
21.000,0,1,1,0.0000,0.0000,0.0071,0.2473,-179.5392,0.0000,0.0000,0.0000,-0.1592,-0.0556,166.1405,0.006,3254,0.0036,0.0999,0.2474,1,1,0.580
21.100,0,1,1,0.0000,0.0000,0.0063,0.2357,-179.7741,0.0000,0.0000,0.0000,0.0389,0.3644,178.3413,0.028,3259,0.0034,0.0999,0.2358,1,1,0.559
21.200,0,1,1,0.0000,0.0000,0.0063,0.2221,-179.5381,0.0000,0.0000,0.0000,-0.1782,-0.1005,165.3402,0.004,3266,0.0036,0.0999,0.2222,1,1,0.561
21.305,0,1,1,0.0000,0.0000,0.0032,0.2053,-179.6223,0.0000,0.0000,0.0000,0.1534,0.4056,-175.8287,0.020,3272,0.0023,0.1000,0.2053,1,1,0.559
21.399,0,1,1,0.0000,0.0000,0.0019,0.1907,-179.5332,0.0000,0.0000,0.0000,-0.3754,-0.3316,-163.0620,0.002,3278,0.0018,0.1000,0.1907,1,1,0.572
21.501,0,1,1,0.0000,0.0000,0.0016,0.1767,-179.6059,0.0000,0.0000,0.0000,-0.2187,-0.1576,163.9431,0.007,3284,0.0016,0.1000,0.1767,1,1,0.590
21.602,0,1,1,0.0000,0.0000,0.0025,0.1616,-179.6004,0.0000,0.0000,0.0000,0.1612,0.1807,-175.9172,0.035,3289,0.0023,0.1000,0.1616,1,1,0.553
21.703,0,1,1,0.0000,0.0000,0.0083,0.1534,-179.7763,0.0000,0.0000,0.0000,0.1652,0.1670,-175.6745,0.003,3297,0.0062,0.0998,0.1536,1,1,0.566
21.800,0,1,1,0.0000,0.0000,0.0233,0.1509,-179.8665,0.0000,0.0000,0.0000,0.1712,0.1566,-175.5904,0.035,3300,0.0160,0.0987,0.1527,1,1,0.564
21.904,0,1,1,0.0000,0.0000,0.0236,0.1367,-179.7017,0.0000,0.0000,0.0000,0.1766,0.1403,-175.3739,0.008,3308,0.0178,0.0984,0.1388,1,1,0.585
22.003,0,1,1,0.0000,0.0000,0.0286,0.1260,-179.7248,0.0000,0.0000,0.0000,0.0733,0.1119,-179.7088,0.003,3314,0.0229,0.0974,0.1292,1,1,0.564
22.102,0,1,1,0.0000,0.0000,0.0382,0.1178,-179.6681,0.0000,0.0000,0.0000,0.1778,0.1213,-175.1448,0.007,3320,0.0313,0.0940,0.1238,1,1,0.537
22.203,0,1,1,0.0000,0.0000,0.0389,0.1070,-179.6356,0.0000,0.0000,0.0000,0.1658,-0.0096,174.4941,0.003,3325,0.0317,0.0854,0.1139,1,1,0.573
22.303,0,1,1,0.0000,0.0000,0.0394,0.0962,-179.6894,0.0000,0.0000,0.0000,0.1799,0.0983,-174.9243,0.008,3331,0.0321,0.0767,0.1039,1,1,0.540
22.404,0,1,1,0.0000,0.0000,0.0382,0.0902,-179.8022,0.0000,0.0000,0.0000,0.0774,0.0890,179.5381,0.003,3338,0.0311,0.0719,0.0979,1,1,0.546
22.504,0,1,1,0.0000,0.0000,0.0367,0.0861,-179.6343,0.0000,0.0000,0.0000,0.0775,0.0863,179.4396,0.035,3342,0.0299,0.0686,0.0936,1,1,0.574
22.604,0,1,1,0.0000,0.0000,0.0430,0.0773,-179.8411,0.0000,0.0000,0.0000,0.5144,0.3486,166.3313,0.003,3350,0.0349,0.0616,0.0885,1,1,0.576
22.701,0,1,1,0.0000,0.0000,0.0466,0.0774,-179.8480,0.0000,0.0000,0.0000,-0.0884,0.2357,-179.3244,0.008,3355,0.0378,0.0616,0.0903,1,1,0.577
22.804,0,1,1,0.0000,0.0000,0.0489,0.0697,-179.7280,0.0000,0.0000,0.0000,0.0675,0.0638,179.6974,0.010,3361,0.0396,0.0559,0.0851,1,1,0.550
22.904,0,1,1,0.0000,0.0000,0.0531,0.0617,-179.8873,0.0000,0.0000,0.0000,0.1762,0.0494,-174.7209,0.009,3368,0.0428,0.0490,0.0814,1,1,0.508
23.002,0,1,1,0.0000,0.0000,0.0556,0.0582,-179.7004,0.0000,0.0000,0.0000,0.4347,-0.0471,169.1257,0.033,3372,0.0449,0.0462,0.0805,1,1,0.497
23.103,0,1,1,0.0000,0.0000,0.0639,0.0563,-179.5164,0.0000,0.0000,0.0000,0.1688,0.0410,-174.5277,0.006,3380,0.0510,0.0452,0.0852,1,1,0.472
23.200,0,1,1,0.0000,0.0000,0.0655,0.0538,-179.5360,0.0000,0.0000,0.0000,0.4094,-0.0601,169.6233,0.002,3385,0.0527,0.0426,0.0848,1,1,0.436
23.302,0,1,1,0.0000,0.0000,0.0745,0.0548,-179.6097,0.0000,0.0000,0.0000,0.1576,0.0317,-174.6987,0.007,3392,0.0599,0.0434,0.0925,1,1,0.413
23.403,0,1,1,0.0000,0.0000,0.0777,0.0490,-179.6538,0.0000,0.0000,0.0000,0.0439,0.0378,179.5079,0.007,3398,0.0625,0.0387,0.0919,1,1,0.392
23.503,0,1,1,0.0000,0.0000,0.0769,0.0460,-179.5503,0.0000,0.0000,0.0000,0.1496,0.0200,-174.7300,0.007,3404,0.0618,0.0363,0.0895,1,1,0.404
23.600,0,1,1,0.0000,0.0000,0.0739,0.0453,-179.4630,0.0000,0.0000,0.0000,0.2764,0.3481,-170.4476,0.019,3407,0.0594,0.0357,0.0866,1,1,0.369
23.702,0,1,1,0.0000,0.0000,0.0700,0.0441,-179.5397,0.0000,0.0000,0.0000,0.1351,0.0126,-175.0512,0.006,3412,0.0563,0.0348,0.0827,1,1,0.322
23.802,0,1,1,0.0000,0.0000,0.0690,0.0458,-179.5860,0.0000,0.0000,0.0000,0.3692,0.2872,168.1627,0.003,3417,0.0555,0.0362,0.0828,1,1,0.336
23.902,0,1,1,0.0000,0.0000,0.0697,0.0492,-179.6329,0.0000,0.0000,0.0000,0.2735,0.3469,-170.2949,0.015,3421,0.0561,0.0389,0.0853,1,1,0.350
24.004,0,1,1,0.0000,0.0000,0.0666,0.0470,-179.4591,0.0000,0.0000,0.0000,0.0174,0.0281,178.6894,0.008,3426,0.0536,0.0372,0.0815,1,1,0.276
24.103,0,1,1,0.0000,0.0000,0.0659,0.0477,-179.4162,0.0000,0.0000,0.0000,0.1103,-0.0019,-175.2511,0.006,3431,0.0530,0.0377,0.0813,1,1,0.275
24.202,0,1,1,0.0000,0.0000,0.0622,0.0459,-179.4482,0.0000,0.0000,0.0000,0.0124,0.0266,178.3089,0.010,3435,0.0501,0.0363,0.0773,1,1,0.246
24.305,0,1,2,0.0000,-0.6167,0.0625,0.0462,-179.2463,0.0000,0.0000,0.0000,0.1036,-0.0127,-175.3749,0.003,3440,0.0102,0.0995,0.6658,1,1,0.231
24.400,0,1,2,0.0000,-0.6167,0.0629,0.0386,-179.6738,0.0000,0.0000,0.0000,0.0971,-0.0137,-175.3802,0.034,3443,0.0103,0.0995,0.6583,1,1,0.220
24.501,0,1,2,0.0000,-0.6167,0.0662,0.0341,-179.3565,0.0000,0.0000,0.0000,0.0031,0.0169,177.6485,0.008,3448,0.0109,0.0994,0.6541,1,1,0.236
24.600,0,1,2,0.0000,-0.6167,0.0652,0.0253,-179.5928,0.0000,0.0000,0.0000,0.1128,-0.0444,-175.2775,0.026,3452,0.0029,0.0994,0.6453,1,1,0.184
24.702,0,1,2,0.0000,-0.6167,0.0645,0.0198,-179.7383,0.0000,0.0000,0.0000,0.1150,-0.0595,-175.3469,0.003,3458,0.0049,0.0994,0.6397,1,1,0.188
24.804,0,1,2,0.0000,-0.6167,0.0637,0.0076,-179.6183,0.0000,0.0000,0.0000,0.2316,0.1954,169.5639,0.003,3462,-0.0306,0.0994,0.6275,1,1,0.117
24.902,0,1,2,0.0000,-0.6167,0.0671,0.0024,-179.7015,0.0000,0.0000,0.0000,0.2350,0.1908,169.7226,0.037,3465,0.0101,0.0988,0.6227,1,1,0.197
25.004,0,1,2,0.0000,-0.6167,0.0644,-0.0077,-179.6613,0.0000,0.0000,0.0000,0.0123,-0.0216,177.4766,0.003,3471,-0.0042,0.0994,0.6123,1,1,0.169
25.100,0,1,2,0.0000,-0.6167,0.0648,-0.0174,-179.8076,0.0000,0.0000,0.0000,0.0137,-0.0257,177.3408,0.033,3473,-0.0150,0.0993,0.6028,1,1,0.147
25.201,0,1,2,0.0000,-0.6167,0.0660,-0.0282,-179.6373,0.0000,0.0000,0.0000,-0.0015,-0.0535,177.7326,0.007,3477,-0.0151,0.0993,0.5922,1,1,0.146
25.300,0,1,2,0.0000,-0.6167,0.0698,-0.0382,-179.7645,0.0000,0.0000,0.0000,0.2261,0.1521,170.0210,0.036,3479,-0.0183,0.0992,0.5827,1,1,0.138
25.400,0,1,2,0.0000,-0.6167,0.0724,-0.0502,-179.6316,0.0000,0.0000,0.0000,0.0134,-0.0539,177.2108,0.003,3483,-0.0116,0.0991,0.5711,1,1,0.150
25.503,0,1,2,0.0000,-0.6167,0.0757,-0.0601,-179.5723,0.0000,0.0000,0.0000,0.1571,-0.1526,-174.3937,0.003,3486,-0.0126,0.1101,0.5617,1,1,0.142
25.602,0,1,2,0.0000,-0.6167,0.0783,-0.0718,-179.6614,0.0000,0.0000,0.0000,0.2060,0.1111,170.2532,0.003,3489,-0.0224,0.1144,0.5505,1,1,0.119
25.701,0,1,2,0.0000,-0.6167,0.0829,-0.0821,-179.5388,0.0000,0.0000,0.0000,0.0133,-0.0835,177.1607,0.002,3491,-0.0223,0.1146,0.5410,1,1,0.117
25.803,0,1,2,0.0000,-0.6167,0.0859,-0.0969,-179.6950,0.0000,0.0000,0.0000,0.1717,-0.1844,-174.0943,0.033,3494,-0.0213,0.1144,0.5268,1,1,0.117
25.904,0,1,2,0.0000,-0.6167,0.0916,-0.1051,-179.6468,0.0000,0.0000,0.0000,0.1790,-0.1993,-174.1304,0.002,3498,-0.0201,0.1142,0.5197,1,1,0.117
26.002,0,1,2,0.0000,-0.6167,0.0952,-0.1187,-179.5683,0.0000,0.0000,0.0000,0.1944,-0.2135,-173.8465,0.038,3500,-0.0188,0.1140,0.5070,1,1,0.117
26.102,0,1,2,0.0000,-0.6167,0.0973,-0.1267,-179.6435,0.0000,0.0000,0.0000,0.2534,0.0870,168.9393,0.033,3504,-0.0181,0.1138,0.4995,1,1,0.117
26.201,0,1,2,0.0000,-0.6167,0.1010,-0.1378,-179.5904,0.0000,0.0000,0.0000,-0.1639,-0.3379,170.6934,0.010,3509,-0.0133,0.1120,0.4894,1,1,0.125
26.302,0,1,2,0.0000,-0.6167,0.0967,-0.1514,-179.8061,0.0000,0.0000,0.0000,0.2039,-0.2486,-173.7806,0.003,3514,-0.0029,0.1077,0.4752,1,1,0.148
26.403,0,1,2,0.0000,-0.6167,0.0958,-0.1644,-179.8063,0.0000,0.0000,0.0000,-0.0457,-0.1156,178.7580,0.010,3518,-0.0035,0.1080,0.4623,1,1,0.146
26.500,0,1,2,0.0000,-0.6167,0.0958,-0.1727,-179.6430,0.0000,0.0000,0.0000,0.0289,-0.1522,176.6162,0.032,3522,-0.0022,0.1216,0.4542,1,1,0.132
26.601,0,1,2,0.0000,-0.6167,0.0942,-0.1854,-179.7128,0.0000,0.0000,0.0000,-0.0367,-0.1590,178.3107,0.013,3528,0.0129,0.1067,0.4414,1,1,0.174
26.701,0,1,2,0.0000,-0.6167,0.0892,-0.1931,-179.8929,0.0000,0.0000,0.0000,-0.1089,-0.1089,-179.1168,0.014,3534,0.0015,0.1175,0.4329,1,1,0.144
26.801,0,1,2,0.0000,-0.6167,0.0880,-0.2039,-179.6901,0.0000,0.0000,0.0000,0.1583,-0.0408,171.4424,0.008,3540,0.0043,0.1150,0.4220,1,1,0.151
26.904,0,1,2,0.0000,-0.6167,0.0823,-0.2135,-179.9154,0.0000,0.0000,0.0000,0.2325,-0.3227,-173.1929,0.002,3547,0.0055,0.1130,0.4114,1,1,0.163
27.002,0,1,2,0.0000,-0.6167,0.0811,-0.2245,-179.8666,0.0000,0.0000,0.0000,0.2308,-0.3289,-173.3059,0.037,3551,0.0139,0.1149,0.4005,1,1,0.163
27.102,0,1,2,0.0000,-0.6167,0.0725,-0.2373,-179.8497,0.0000,0.0000,0.0000,0.2353,-0.3453,-173.0800,0.002,3559,0.0126,0.1147,0.3862,1,1,0.164
27.203,0,1,2,0.0000,-0.6167,0.0683,-0.2537,179.9790,0.0000,0.0000,0.0000,-0.0398,-0.2473,177.9111,0.008,3564,0.0097,0.1077,0.3694,1,1,0.173
27.304,0,1,2,0.0000,-0.6167,0.0626,-0.2640,-179.9361,0.0000,0.0000,0.0000,0.2377,-0.3672,-173.0586,0.003,3571,0.0127,0.1117,0.3582,1,1,0.171
27.405,0,1,2,0.0000,-0.6167,0.0614,-0.2765,-179.8331,0.0000,0.0000,0.0000,-0.0411,-0.2772,177.7991,0.003,3576,0.0132,0.1112,0.3457,1,1,0.172
27.503,0,1,2,0.0000,-0.6167,0.0575,-0.2867,-179.9357,0.0000,0.0000,0.0000,0.2306,-0.3846,-173.0643,0.007,3583,0.0179,0.0984,0.3349,1,1,0.230
27.604,0,1,2,0.0000,-0.6167,0.0536,-0.2955,-179.9087,0.0000,0.0000,0.0000,0.0162,-0.2557,176.4600,0.002,3589,0.0105,0.1147,0.3256,1,1,0.165
27.701,0,1,2,0.0000,-0.6167,0.0510,-0.3057,-179.8555,0.0000,0.0000,0.0000,0.2324,-0.4063,-173.0807,0.003,3594,0.0127,0.1087,0.3151,1,1,0.178
27.805,0,1,2,0.0000,-0.6167,0.0481,-0.3175,-179.8983,0.0000,0.0000,0.0000,0.0153,-0.2622,176.1394,0.004,3601,0.0130,0.1074,0.3031,1,1,0.181
27.903,0,1,2,0.0000,-0.6167,0.0441,-0.3281,-179.7804,0.0000,0.0000,0.0000,0.0106,-0.2756,176.4686,0.033,3605,0.0159,0.0987,0.2920,1,1,0.213
28.006,0,1,2,0.0000,-0.6167,0.0404,-0.3407,-179.7981,0.0000,0.0000,0.0000,0.0867,-0.1879,173.1986,0.003,3613,0.0152,0.0988,0.2789,1,1,0.208
28.100,0,1,2,0.0000,-0.6167,0.0363,-0.3484,-179.8412,0.0000,0.0000,0.0000,-0.1571,-0.3329,179.2213,0.022,3618,0.0142,0.0990,0.2707,1,1,0.266
28.202,0,1,2,0.0000,-0.6167,0.0351,-0.3600,-179.8075,0.0000,0.0000,0.0000,0.0052,-0.2993,176.4530,0.010,3624,0.0143,0.0990,0.2590,1,1,0.226
28.300,0,1,2,0.0000,-0.6167,0.0308,-0.3693,-179.7818,0.0000,0.0000,0.0000,-0.2146,-0.6206,169.3181,0.008,3630,0.0131,0.0991,0.2493,1,1,0.229
28.401,0,1,2,0.0000,-0.6167,0.0254,-0.3811,-179.7931,0.0000,0.0000,0.0000,-0.0314,-0.2873,179.8155,0.038,3635,0.0115,0.0993,0.2369,1,1,0.256
28.502,0,1,2,0.0000,-0.6167,0.0193,-0.3890,179.9255,0.0000,0.0000,0.0000,-0.0365,-0.2975,179.8283,0.006,3643,0.0092,0.0996,0.2285,1,1,0.284
28.602,0,1,2,0.0000,-0.6167,0.0143,-0.3980,179.8653,0.0000,0.0000,0.0000,-0.0552,-0.4386,177.3730,0.007,3648,0.0073,0.0997,0.2191,1,1,0.310
28.699,0,1,2,0.0000,-0.6167,0.0084,-0.4054,179.9998,0.0000,0.0000,0.0000,-0.0411,-0.3151,179.8176,0.002,3655,0.0047,0.0999,0.2115,1,1,0.264
28.803,0,1,2,0.0000,-0.6167,0.0037,-0.4152,179.8715,0.0000,0.0000,0.0000,-0.0087,-0.3524,176.8258,0.002,3661,0.0026,0.1000,0.2015,1,1,0.271
28.901,0,1,2,0.0000,-0.6167,-0.0008,-0.4226,179.8047,0.0000,0.0000,0.0000,-0.0258,-0.3436,-179.7043,0.005,3667,0.0003,0.1000,0.1941,1,1,0.309
28.999,0,1,2,0.0000,-0.6167,-0.0024,-0.4307,179.9321,0.0000,0.0000,0.0000,-0.0525,-0.5034,176.9835,0.003,3672,-0.0005,0.1000,0.1860,1,1,0.274
29.103,0,1,2,0.0000,-0.6167,-0.0068,-0.4407,179.9060,0.0000,0.0000,0.0000,-0.1756,-0.4516,179.4401,0.012,3678,-0.0031,0.1000,0.1761,1,1,1.311
29.201,0,1,2,0.0000,-0.6167,-0.0093,-0.4484,179.8607,0.0000,0.0000,0.0000,-0.0529,-0.5367,176.9380,0.003,3684,-0.0048,0.0999,0.1685,1,1,1.297
29.301,0,1,2,0.0000,-0.6167,-0.0134,-0.4594,179.8029,0.0000,0.0000,0.0000,-0.1739,-0.4719,179.4928,0.012,3690,-0.0077,0.0997,0.1578,1,1,0.475
29.403,0,1,2,0.0000,-0.6167,-0.0150,-0.4681,179.9577,0.0000,0.0000,0.0000,-0.0510,-0.5684,176.6923,0.004,3695,-0.0093,0.0996,0.1494,1,1,0.212
29.500,0,1,2,0.0000,-0.6167,-0.0184,-0.4787,179.9796,0.0000,0.0000,0.0000,-0.0492,-0.5856,176.6622,0.009,3702,-0.0125,0.0992,0.1392,1,1,0.297
29.601,0,1,2,0.0000,-0.6167,-0.0191,-0.4864,179.8985,0.0000,0.0000,0.0000,-0.0245,-0.4355,177.6935,0.008,3708,-0.0137,0.0991,0.1316,1,1,0.473
29.704,0,1,2,0.0000,-0.6167,-0.0213,-0.4967,179.9743,0.0000,0.0000,0.0000,-0.1730,-0.5230,179.6929,0.023,3714,-0.0163,0.0961,0.1218,1,1,0.420
29.801,0,1,2,0.0000,-0.6167,-0.0263,-0.5030,179.9396,0.0000,0.0000,0.0000,-0.0430,-0.5779,177.5972,0.005,3720,-0.0204,0.0911,0.1166,1,1,1.245
29.902,0,1,2,0.0000,-0.6167,-0.0308,-0.5086,179.8052,0.0000,0.0000,0.0000,-0.5241,-0.1079,168.4836,0.005,3727,-0.0240,0.0867,0.1124,1,1,1.244
30.002,0,1,2,0.0000,-0.6167,-0.0335,-0.5143,179.7922,0.0000,0.0000,0.0000,-0.0376,-0.6109,177.4272,0.005,3732,-0.0262,0.0821,0.1077,1,1,1.238
30.102,0,1,2,0.0000,-0.6167,-0.0316,-0.5213,179.8781,0.0000,0.0000,0.0000,-0.0644,-0.5027,-177.0653,0.024,3738,-0.0247,0.0765,0.1005,1,1,1.221
30.200,0,1,2,0.0000,-0.6167,-0.0299,-0.5268,179.9144,0.0000,0.0000,0.0000,-0.0498,-0.5835,178.8250,0.003,3744,-0.0234,0.0721,0.0947,1,1,0.402
30.301,0,1,2,0.0000,-0.6167,-0.0334,-0.5324,-179.9287,0.0000,0.0000,0.0000,-0.0343,-0.4547,-179.0990,0.005,3751,-0.0262,0.0676,0.0906,1,1,0.443
30.401,0,1,2,0.0000,-0.6167,-0.0310,-0.5377,-179.9009,0.0000,0.0000,0.0000,-0.0169,-0.5102,178.8330,0.002,3757,-0.0243,0.0633,0.0848,1,1,0.444
30.501,0,1,2,0.0000,-0.6167,-0.0286,-0.5436,-179.7459,0.0000,0.0000,0.0000,-0.4646,-0.2510,171.0567,0.003,3762,-0.0224,0.0586,0.0785,1,1,0.494
30.600,0,1,2,0.0000,-0.6167,-0.0350,-0.5432,-179.8254,0.0000,0.0000,0.0000,-0.0160,-0.5317,179.1536,0.002,3769,-0.0275,0.0590,0.0814,1,1,0.493
30.701,0,1,2,0.0000,-0.6167,-0.0316,-0.5499,-179.8653,0.0000,0.0000,0.0000,-0.0383,-0.5118,-175.9838,0.021,3774,-0.0249,0.0536,0.0738,1,1,0.466
30.800,0,1,3,-0.6167,-0.6167,-0.0344,-0.5517,-179.8083,0.0000,0.0000,0.0000,-0.0116,-0.5385,179.0617,0.003,3780,0.0995,0.0103,0.5858,1,1,0.461
30.900,0,1,3,-0.6167,-0.6167,-0.0458,-0.5509,-179.6033,0.0000,0.0000,0.0000,-0.0340,-0.5227,-175.8777,0.019,3786,0.0994,0.0107,0.5746,1,1,0.356
31.001,0,1,3,-0.6167,-0.6167,-0.0586,-0.5502,-179.4488,0.0000,0.0000,0.0000,-0.0212,-0.5502,179.5676,0.009,3792,0.0994,0.0111,0.5620,1,1,0.461
31.101,0,1,3,-0.6167,-0.6167,-0.0713,-0.5503,-179.6006,0.0000,0.0000,0.0000,-0.0643,-0.6321,-179.7918,0.020,3798,0.0994,0.0113,0.5494,1,1,0.513
31.199,0,1,3,-0.6167,-0.6167,-0.0826,-0.5492,-179.6063,0.0000,0.0000,0.0000,-0.0742,-0.6342,179.9037,0.005,3804,0.0993,0.0118,0.5383,1,1,0.410
31.302,0,1,3,-0.6167,-0.6167,-0.0953,-0.5496,-179.6140,0.0000,0.0000,0.0000,-0.0360,-0.5106,-177.7347,0.006,3811,0.0993,0.0120,0.5257,1,1,0.454
31.402,0,1,3,-0.6167,-0.6167,-0.1082,-0.5499,-179.7112,0.0000,0.0000,0.0000,-0.0928,-0.6390,179.8564,0.010,3816,0.0992,0.0122,0.5129,1,1,0.274
31.501,0,1,3,-0.6167,-0.6167,-0.1162,-0.5516,-179.6579,0.0000,0.0000,0.0000,-0.0937,-0.5499,-175.8801,0.022,3822,0.0993,0.0121,0.5046,1,1,1.153
31.601,0,1,3,-0.6167,-0.6167,-0.1281,-0.5517,-179.8041,0.0000,0.0000,0.0000,-0.0892,-0.5497,179.3543,0.005,3829,0.0992,0.0124,0.4929,1,1,0.278
31.702,0,1,3,-0.6167,-0.6167,-0.1366,-0.5535,-179.7266,0.0000,0.0000,0.0000,-0.0974,-0.5485,179.2816,0.040,3833,0.0992,0.0123,0.4842,1,1,1.154
31.800,0,1,3,-0.6167,-0.6167,-0.1448,-0.5530,-179.5172,0.0000,0.0000,0.0000,-0.1106,-0.5452,179.2592,0.002,3840,0.0992,0.0126,0.4761,1,1,0.409
31.900,0,1,3,-0.6167,-0.6167,-0.1607,-0.5498,-179.6379,0.0000,0.0000,0.0000,-0.2720,-0.3455,-168.1073,0.010,3845,0.0991,0.0137,0.4608,1,1,0.415
32.001,0,1,3,-0.6167,-0.6167,-0.1743,-0.5487,-179.6014,0.0000,0.0000,0.0000,-0.1352,-0.5508,179.3292,0.009,3851,0.0990,0.0144,0.4476,1,1,0.415
32.101,0,1,3,-0.6167,-0.6167,-0.1840,-0.5470,-179.5347,0.0000,0.0000,0.0000,-0.2939,-0.3528,-168.1080,0.017,3857,0.0988,0.0151,0.4382,1,1,0.414
32.201,0,1,3,-0.6167,-0.6167,-0.2012,-0.5434,-179.5755,0.0000,0.0000,0.0000,-0.1625,-0.5622,179.5613,0.005,3863,0.0986,0.0166,0.4219,1,1,0.382
32.301,0,1,3,-0.6167,-0.6167,-0.2152,-0.5415,-179.5979,0.0000,0.0000,0.0000,-0.3103,-0.3582,-168.1076,0.022,3869,0.0984,0.0177,0.4085,1,1,0.389
32.403,0,1,3,-0.6167,-0.6167,-0.2305,-0.5411,-179.5920,0.0000,0.0000,0.0000,-0.1925,-0.6389,-179.5989,0.002,3875,0.0983,0.0184,0.3935,1,1,0.374
32.505,0,1,3,-0.6167,-0.6167,-0.2433,-0.5400,-179.7430,0.0000,0.0000,0.0000,-0.1489,-0.5406,-178.0170,0.002,3881,0.0981,0.0194,0.3811,1,1,0.422
32.600,0,1,3,-0.6167,-0.6167,-0.2540,-0.5416,-179.7883,0.0000,0.0000,0.0000,-0.2087,-0.6443,-179.9137,0.017,3886,0.0981,0.0195,0.3704,1,1,0.366
32.700,0,1,3,-0.6167,-0.6167,-0.2647,-0.5433,-179.7615,0.0000,0.0000,0.0000,-0.3174,-0.6312,-178.4406,0.019,3892,0.0980,0.0197,0.3595,1,1,0.378
32.802,0,1,3,-0.6167,-0.6167,-0.2765,-0.5464,-179.8634,0.0000,0.0000,0.0000,-0.2343,-0.5553,178.8306,0.006,3899,0.0981,0.0195,0.3474,1,1,0.554
32.900,0,1,3,-0.6167,-0.6167,-0.2871,-0.5469,-179.8728,0.0000,0.0000,0.0000,-0.2622,-0.5074,-173.4527,0.019,3904,0.0980,0.0199,0.3369,1,1,0.544
33.000,0,1,3,-0.6167,-0.6167,-0.3018,-0.5467,-179.9609,0.0000,0.0000,0.0000,-0.2354,-0.5949,179.7315,0.003,3911,0.0978,0.0210,0.3226,1,1,1.120
33.101,0,1,3,-0.6167,-0.6167,-0.3138,-0.5495,-179.7829,0.0000,0.0000,0.0000,-0.3467,-0.6323,-178.0223,0.009,3916,0.0978,0.0209,0.3103,1,1,1.109
33.202,0,1,3,-0.6167,-0.6167,-0.3231,-0.5524,-179.7660,0.0000,0.0000,0.0000,-0.2588,-0.6069,-179.8964,0.007,3923,0.0978,0.0206,0.3005,1,1,0.420
33.301,0,1,3,-0.6167,-0.6167,-0.3337,-0.5537,-179.6822,0.0000,0.0000,0.0000,-0.2669,-0.6128,-179.8266,0.037,3927,0.0978,0.0210,0.2899,1,1,0.431
33.400,0,1,3,-0.6167,-0.6167,-0.3471,-0.5541,-179.7962,0.0000,0.0000,0.0000,-0.2836,-0.6209,-179.7486,0.002,3935,0.0976,0.0218,0.2767,1,1,0.434
33.501,0,1,3,-0.6167,-0.6167,-0.3554,-0.5607,-179.8910,0.0000,0.0000,0.0000,-0.3879,-0.6501,-178.0636,0.023,3940,0.0979,0.0202,0.2672,1,1,0.505
33.600,0,1,3,-0.6167,-0.6167,-0.3660,-0.5615,-179.8134,0.0000,0.0000,0.0000,-0.3074,-0.6348,-179.5151,0.003,3945,0.0978,0.0207,0.2566,1,1,0.437
33.701,0,1,3,-0.6167,-0.6167,-0.3797,-0.5643,-179.8995,0.0000,0.0000,0.0000,-0.3404,-0.5370,-173.6507,0.025,3952,0.0978,0.0208,0.2427,1,1,0.427
33.801,0,1,3,-0.6167,-0.6167,-0.3940,-0.5666,-179.8790,0.0000,0.0000,0.0000,-0.3236,-0.6367,-179.7491,0.008,3958,0.0977,0.0212,0.2282,1,1,0.464
33.901,0,1,3,-0.6167,-0.6167,-0.4038,-0.5704,-179.9072,0.0000,0.0000,0.0000,-0.3592,-0.5463,-173.6241,0.024,3964,0.0979,0.0205,0.2178,1,1,1.104
34.003,0,1,3,-0.6167,-0.6167,-0.4178,-0.5713,-179.9289,0.0000,0.0000,0.0000,-0.3477,-0.6579,-179.0447,0.014,3970,0.0977,0.0215,0.2040,1,1,1.096
34.102,0,1,3,-0.6167,-0.6167,-0.4281,-0.5763,-179.8661,0.0000,0.0000,0.0000,-0.3558,-0.6564,-179.2280,0.012,3976,0.0979,0.0202,0.1928,1,1,1.104
34.201,0,1,3,-0.6167,-0.6167,-0.4370,-0.5776,-179.7609,0.0000,0.0000,0.0000,-0.3730,-0.6670,-178.8209,0.003,3983,0.0979,0.0205,0.1839,1,1,1.090
34.300,0,1,3,-0.6167,-0.6167,-0.4443,-0.5859,-179.7799,0.0000,0.0000,0.0000,-0.7052,-0.6014,177.9572,0.003,3989,0.0986,0.0168,0.1751,1,1,0.481
34.400,0,1,3,-0.6167,-0.6167,-0.4547,-0.5939,-179.6860,0.0000,0.0000,0.0000,-0.3903,-0.6675,-179.2999,0.005,3995,0.0991,0.0132,0.1636,1,1,0.548
34.500,0,1,3,-0.6167,-0.6167,-0.4643,-0.5964,-179.5535,0.0000,0.0000,0.0000,-0.4186,-0.5697,-173.8260,0.007,4000,0.0992,0.0124,0.1538,1,1,1.073
34.602,0,1,3,-0.6167,-0.6167,-0.4747,-0.6019,-179.6172,0.0000,0.0000,0.0000,-0.4060,-0.6636,-179.5007,0.002,4007,0.0995,0.0096,0.1427,1,1,0.508
34.701,0,1,3,-0.6167,-0.6167,-0.4851,-0.6054,-179.5901,0.0000,0.0000,0.0000,-0.5095,-0.6821,-178.5416,0.012,4012,0.0997,0.0078,0.1321,1,1,0.537
34.804,0,1,3,-0.6167,-0.6167,-0.4969,-0.6084,-179.6238,0.0000,0.0000,0.0000,-0.4317,-0.6801,-179.2714,0.003,4019,0.0959,0.0059,0.1200,1,1,1.071
34.901,0,1,3,-0.6167,-0.6167,-0.5077,-0.6112,-179.5513,0.0000,0.0000,0.0000,-0.5754,-0.7486,178.4515,0.026,4024,0.0872,0.0037,0.1091,1,1,1.076
35.004,0,1,3,-0.6167,-0.6167,-0.5109,-0.6147,-179.4728,0.0000,0.0000,0.0000,-0.4478,-0.6763,-179.4115,0.011,4030,0.0846,0.0009,0.1058,1,1,0.794
35.101,0,1,3,-0.6167,-0.6167,-0.5134,-0.6175,-179.3759,0.0000,0.0000,0.0000,-0.4462,-0.6548,-178.5055,0.013,4036,0.0826,-0.0013,0.1033,1,1,0.590
35.201,0,1,3,-0.6167,-0.6167,-0.5145,-0.6229,-179.2469,0.0000,0.0000,0.0000,-0.4545,-0.6524,-178.5265,0.008,4042,0.0817,-0.0056,0.1023,1,1,0.630
35.302,0,1,3,-0.6167,-0.6167,-0.5180,-0.6253,-179.2798,0.0000,0.0000,0.0000,-0.4711,-0.6748,-179.6941,0.010,4048,0.0789,-0.0075,0.0991,1,1,0.657
35.402,0,1,3,-0.6167,-0.6167,-0.5206,-0.6315,-179.2023,0.0000,0.0000,0.0000,-0.5458,-0.7394,178.6457,0.019,4054,0.0768,-0.0125,0.0972,1,1,0.746
35.499,0,1,3,-0.6167,-0.6167,-0.5260,-0.6367,-179.3091,0.0000,0.0000,0.0000,-0.6264,-0.7496,177.9256,0.020,4060,0.0724,-0.0166,0.0929,1,1,0.776
35.600,0,1,3,-0.6167,-0.6167,-0.5294,-0.6428,-179.2773,0.0000,0.0000,0.0000,-0.5071,-0.6985,-179.5036,0.005,4067,0.0697,-0.0215,0.0911,1,1,0.799
35.702,0,1,3,-0.6167,-0.6167,-0.5349,-0.6453,-179.3618,0.0000,0.0000,0.0000,-0.6030,-0.6911,-179.6329,0.026,4072,0.0652,-0.0234,0.0866,1,1,0.726
35.801,0,1,3,-0.6167,-0.6167,-0.5373,-0.6500,-179.3453,0.0000,0.0000,0.0000,-0.5195,-0.6958,-179.6536,0.008,4079,0.0632,-0.0272,0.0861,1,1,0.591
35.900,0,1,3,-0.6167,-0.6167,-0.5409,-0.6507,-179.2444,0.0000,0.0000,0.0000,-0.5338,-0.5417,-173.5492,0.012,4084,0.0604,-0.0277,0.0831,1,1,0.547
36.002,0,1,3,-0.6167,-0.6167,-0.5434,-0.6519,-179.1348,0.0000,0.0000,0.0000,-0.2928,-0.8620,-174.1616,0.007,4090,0.0584,-0.0286,0.0813,1,1,0.778
36.101,0,1,3,-0.6167,-0.6167,-0.5483,-0.6539,-179.0990,0.0000,0.0000,0.0000,-0.6694,-0.7350,177.4254,0.018,4096,0.0545,-0.0302,0.0779,1,1,0.706
36.204,0,1,3,-0.6167,-0.6167,-0.5485,-0.6567,-179.1471,0.0000,0.0000,0.0000,-0.5462,-0.6872,-179.6500,0.004,4103,0.0000,0.0000,0.0790,1,1,0.685
36.301,0,1,3,-0.6167,-0.6167,-0.5479,-0.6582,-179.0619,0.0000,0.0000,0.0000,-0.5575,-0.5192,-173.0466,0.012,4108,0.0000,0.0000,0.0803,1,1,0.675
36.402,0,1,3,-0.6167,-0.6167,-0.5454,-0.6636,-179.0121,0.0000,0.0000,0.0000,-0.5505,-0.6864,-179.7398,0.007,4114,0.0000,0.0000,0.0853,1,1,0.725
36.502,0,1,3,-0.6167,-0.6167,-0.5470,-0.6675,-179.0449,0.0000,0.0000,0.0000,-0.6822,-0.7289,177.2965,0.029,4120,0.0000,0.0000,0.0862,1,1,0.747
36.602,0,1,3,-0.6167,-0.6167,-0.5439,-0.6724,-178.9922,0.0000,0.0000,0.0000,-0.6113,-0.7080,178.5323,0.017,4126,0.0000,0.0000,0.0916,1,1,0.762
36.702,0,1,3,-0.6167,-0.6167,-0.5446,-0.6752,-179.0046,0.0000,0.0000,0.0000,-0.6831,-0.7283,177.2903,0.024,4132,0.0000,0.0000,0.0929,1,1,0.763
36.801,0,1,3,-0.6167,-0.6167,-0.5422,-0.6794,-178.9661,0.0000,0.0000,0.0000,-0.6114,-0.7080,178.5306,0.013,4138,0.0000,0.0000,0.0973,1,1,0.831
36.900,0,1,3,-0.6167,-0.6167,-0.5418,-0.6800,-178.9229,0.0000,0.0000,0.0000,-0.6363,-0.6712,-179.7889,0.018,4144,0.0000,0.0000,0.0981,1,1,0.829
37.002,0,1,3,-0.6167,-0.6167,-0.5389,-0.6842,-178.8931,0.0000,0.0000,0.0000,-0.5505,-0.6864,-179.7396,0.009,4151,0.0000,0.0000,0.1030,1,1,1.082
37.101,0,1,3,-0.6167,-0.6167,-0.5393,-0.6859,-178.8942,0.0000,0.0000,0.0000,-0.6387,-0.6772,179.9726,0.028,4156,0.0000,0.0000,0.1039,1,1,1.089
37.204,0,1,3,-0.6167,-0.6167,-0.5376,-0.6900,-178.8837,0.0000,0.0000,0.0000,-0.5505,-0.6864,-179.7396,0.005,4163,0.0000,0.0000,0.1079,0,2,1.079
37.302,0,1,3,-0.6167,-0.6167,-0.5364,-0.6902,-178.8400,0.0000,0.0000,0.0000,-0.5505,-0.6864,-179.7396,0.039,4167,0.0000,0.0000,0.1088,0,2,1.075
37.401,0,1,3,-0.6167,-0.6167,-0.5352,-0.6924,-178.8044,0.0000,0.0000,0.0000,-0.5505,-0.6864,-179.7396,0.005,4175,0.0000,0.0000,0.1113,0,2,1.081
37.502,0,1,3,-0.6167,-0.6167,-0.5357,-0.6938,-178.8115,0.0000,0.0000,0.0000,-0.6390,-0.6752,-179.9664,0.022,4180,0.0000,0.0000,0.1118,0,2,1.085
37.602,0,1,3,-0.6167,-0.6167,-0.5363,-0.6959,-178.8457,0.0000,0.0000,0.0000,-0.5505,-0.6864,-179.7396,0.003,4186,0.0000,0.0000,0.1128,0,2,0.956
37.703,0,1,3,-0.6167,-0.6167,-0.5352,-0.6990,-178.8402,0.0000,0.0000,0.0000,-0.6407,-0.6770,179.9473,0.028,4192,0.0000,0.0000,0.1158,0,2,0.943
37.800,0,1,3,-0.6167,-0.6167,-0.5330,-0.7023,-178.8194,0.0000,0.0000,0.0000,-0.5506,-0.6864,-179.7374,0.003,4198,0.0000,0.0000,0.1197,0,2,0.982
37.901,0,1,3,-0.6167,-0.6167,-0.5349,-0.7036,-178.8708,0.0000,0.0000,0.0000,-0.6832,-0.7289,177.2665,0.018,4204,0.0000,0.0000,0.1194,0,2,1.006
38.000,0,1,3,-0.6167,-0.6167,-0.5331,-0.7063,-178.8546,0.0000,0.0000,0.0000,-0.6114,-0.7081,178.5333,0.018,4210,0.0000,0.0000,0.1226,0,2,1.026
38.100,0,1,3,-0.6167,-0.6167,-0.5337,-0.7071,-178.8626,0.0000,0.0000,0.0000,-0.5506,-0.6864,-179.7374,0.006,4216,0.0000,0.0000,0.1227,0,2,1.014
38.201,0,1,3,-0.6167,-0.6167,-0.5314,-0.7096,-178.8454,0.0000,0.0000,0.0000,-0.6114,-0.7082,178.5340,0.013,4222,0.0000,0.0000,0.1262,0,2,1.093
38.300,0,1,3,-0.6167,-0.6167,-0.5326,-0.7105,-178.8780,0.0000,0.0000,0.0000,-0.6402,-0.6764,179.9693,0.024,4228,0.0000,0.0000,0.1259,0,2,1.090
38.402,0,1,3,-0.6167,-0.6167,-0.5315,-0.7129,-178.8821,0.0000,0.0000,0.0000,-0.5506,-0.6864,-179.7374,0.006,4235,0.0000,0.0000,0.1286,0,2,1.069
38.501,0,1,3,-0.6167,-0.6167,-0.5321,-0.7134,-178.8860,0.0000,0.0000,0.0000,-0.2971,-0.8666,-173.9017,0.003,4241,0.0000,0.0000,0.1284,0,2,1.083
38.600,0,1,3,-0.6167,-0.6167,-0.5297,-0.7140,-178.8198,0.0000,0.0000,0.0000,-0.5506,-0.6864,-179.7374,0.002,4247,0.0000,0.0000,0.1305,0,2,1.076
38.701,0,1,3,-0.6167,-0.6167,-0.5297,-0.7145,-178.8242,0.0000,0.0000,0.0000,-0.6381,-0.6744,-179.9315,0.004,4252,0.0000,0.0000,0.1309,0,2,1.083
38.802,0,1,3,-0.6167,-0.6167,-0.5314,-0.7145,-178.8581,0.0000,0.0000,0.0000,-0.5506,-0.6864,-179.7374,0.005,4258,0.0000,0.0000,0.1298,0,2,1.077
38.901,0,1,3,-0.6167,-0.6167,-0.5304,-0.7167,-178.8492,0.0000,0.0000,0.0000,-0.6390,-0.6741,-179.9311,0.016,4264,0.0000,0.0000,0.1322,0,2,0.295
39.002,0,1,3,-0.6167,-0.6167,-0.5282,-0.7184,-178.8197,0.0000,0.0000,0.0000,-0.5506,-0.6864,-179.7374,0.009,4270,0.0000,0.0000,0.1349,0,2,1.077
39.100,0,1,3,-0.6167,-0.6167,-0.5290,-0.7188,-178.8420,0.0000,0.0000,0.0000,-0.5566,-0.7062,-179.3547,0.010,4276,0.0000,0.0000,0.1346,0,2,1.092
39.200,0,1,3,-0.6167,-0.6167,-0.5267,-0.7207,-178.8076,0.0000,0.0000,0.0000,-0.5506,-0.6864,-179.7374,0.002,4283,0.0000,0.0000,0.1375,0,2,1.080
39.301,0,1,3,-0.6167,-0.6167,-0.5294,-0.7213,-178.8794,0.0000,0.0000,0.0000,-0.5506,-0.6864,-179.7374,0.017,4288,0.0000,0.0000,0.1362,0,2,1.099
39.401,0,1,3,-0.6167,-0.6167,-0.5272,-0.7232,-178.8604,0.0000,0.0000,0.0000,-0.6116,-0.7082,178.5326,0.018,4294,0.0000,0.0000,0.1392,0,2,1.089
39.501,0,1,3,-0.6167,-0.6167,-0.5283,-0.7229,-178.8742,0.0000,0.0000,0.0000,-0.6394,-0.6762,179.9937,0.019,4300,0.0000,0.0000,0.1382,0,2,1.094
39.603,0,1,3,-0.6167,-0.6167,-0.5272,-0.7249,-178.8754,0.0000,0.0000,0.0000,-0.6116,-0.7083,178.5324,0.021,4306,0.0000,0.0000,0.1404,0,2,1.088
39.704,0,1,3,-0.6167,-0.6167,-0.5287,-0.7249,-178.9053,0.0000,0.0000,0.0000,-0.6419,-0.6771,179.9021,0.032,4312,0.0000,0.0000,0.1395,0,2,1.082
39.802,0,1,3,-0.6167,-0.6167,-0.5275,-0.7261,-178.8917,0.0000,0.0000,0.0000,-0.5506,-0.6864,-179.7374,0.002,4319,0.0000,0.0000,0.1411,0,2,1.081
39.900,0,1,3,-0.6167,-0.6167,-0.5274,-0.7264,-178.8837,0.0000,0.0000,0.0000,-0.6419,-0.6771,179.9026,0.007,4324,0.0000,0.0000,0.1414,0,2,1.090
40.001,0,1,3,-0.6167,-0.6167,-0.5265,-0.7272,-178.8777,0.0000,0.0000,0.0000,-0.5506,-0.6864,-179.7374,0.008,4331,0.0000,0.0000,0.1427,0,2,1.080
40.102,0,1,3,-0.6167,-0.6167,-0.5270,-0.7260,-178.8537,0.0000,0.0000,0.0000,-0.5569,-0.5180,-173.0189,0.010,4336,0.0000,0.0000,0.1414,0,2,1.082
40.202,0,1,3,-0.6167,-0.6167,-0.5249,-0.7260,-178.7887,0.0000,0.0000,0.0000,-0.6116,-0.7083,178.5334,0.006,4342,0.0000,0.0000,0.1427,0,2,1.093
40.300,0,1,3,-0.6167,-0.6167,-0.5269,-0.7264,-178.8406,0.0000,0.0000,0.0000,-0.6808,-0.7284,177.3319,0.029,4348,0.0000,0.0000,0.1418,0,2,1.083
40.401,0,1,3,-0.6167,-0.6167,-0.5276,-0.7266,-178.8592,0.0000,0.0000,0.0000,-0.5506,-0.6864,-179.7374,0.003,4354,0.0000,0.0000,0.1415,0,2,1.087
40.501,0,1,3,-0.6167,-0.6167,-0.5259,-0.7259,-178.7895,0.0000,0.0000,0.0000,-0.6381,-0.6747,-179.9237,0.025,4360,0.0000,0.0000,0.1420,0,2,1.077
40.602,0,1,3,-0.6167,-0.6167,-0.5232,-0.7257,-178.7159,0.0000,0.0000,0.0000,-0.5506,-0.6864,-179.7374,0.008,4366,0.0000,0.0000,0.1436,0,2,1.089
40.701,0,1,3,-0.6167,-0.6167,-0.5259,-0.7263,-178.7847,0.0000,0.0000,0.0000,-0.6825,-0.7287,177.2980,0.022,4372,0.0000,0.0000,0.1423,0,2,1.085
40.801,0,1,3,-0.6167,-0.6167,-0.5246,-0.7278,-178.7734,0.0000,0.0000,0.0000,-0.6117,-0.7084,178.5340,0.018,4378,0.0000,0.0000,0.1443,0,2,1.084
40.900,0,1,3,-0.6167,-0.6167,-0.5249,-0.7261,-178.7361,0.0000,0.0000,0.0000,-0.5506,-0.6864,-179.7374,0.007,4384,0.0000,0.0000,0.1428,0,2,1.086
41.001,0,1,3,-0.6167,-0.6167,-0.5239,-0.7272,-178.7305,0.0000,0.0000,0.0000,-0.6117,-0.7084,178.5336,0.020,4390,0.0000,0.0000,0.1443,0,2,1.087
41.102,0,1,3,-0.6167,-0.6167,-0.5252,-0.7266,-178.7488,0.0000,0.0000,0.0000,-0.6404,-0.6758,179.9623,0.029,4396,0.0000,0.0000,0.1430,0,2,1.078
41.202,0,1,3,-0.6167,-0.6167,-0.5234,-0.7262,-178.6948,0.0000,0.0000,0.0000,-0.5506,-0.6864,-179.7374,0.005,4403,0.0000,0.0000,0.1438,0,2,1.088
41.301,0,1,3,-0.6167,-0.6167,-0.5239,-0.7270,-178.7162,0.0000,0.0000,0.0000,-0.2971,-0.8666,-173.9017,0.003,4409,0.0000,0.0000,0.1442,0,2,1.080
41.400,0,1,3,-0.6167,-0.6167,-0.5229,-0.7264,-178.6649,0.0000,0.0000,0.0000,-0.6118,-0.7084,178.5330,0.012,4414,0.0000,0.0000,0.1444,0,2,1.084
41.500,0,1,3,-0.6167,-0.6167,-0.5235,-0.7245,-178.6376,0.0000,0.0000,0.0000,-0.5575,-0.5187,-173.0380,0.012,4420,0.0000,0.0000,0.1425,0,2,1.087
41.600,0,1,3,-0.6167,-0.6167,-0.5243,-0.7247,-178.6617,0.0000,0.0000,0.0000,-0.5506,-0.6864,-179.7374,0.006,4426,0.0000,0.0000,0.1421,0,2,1.096
41.700,0,1,3,-0.6167,-0.6167,-0.5243,-0.7264,-178.6890,0.0000,0.0000,0.0000,-0.6819,-0.7289,177.3053,0.028,4432,0.0000,0.0000,0.1434,0,2,1.095
41.802,0,1,3,-0.6167,-0.6167,-0.5229,-0.7281,-178.6849,0.0000,0.0000,0.0000,-0.5506,-0.6864,-179.7374,0.009,4438,0.0000,0.0000,0.1456,0,2,0.295
41.900,0,1,3,-0.6167,-0.6167,-0.5249,-0.7277,-178.7203,0.0000,0.0000,0.0000,-0.2971,-0.8666,-173.9017,0.002,4445,0.0000,0.0000,0.1440,0,2,1.078
42.002,0,1,3,-0.6167,-0.6167,-0.5229,-0.7293,-178.7045,0.0000,0.0000,0.0000,-0.6118,-0.7084,178.5337,0.010,4450,0.0000,0.0000,0.1465,0,2,1.096
42.101,0,1,3,-0.6167,-0.6167,-0.5243,-0.7286,-178.7240,0.0000,0.0000,0.0000,-0.5506,-0.6864,-179.7374,0.010,4456,0.0000,0.0000,0.1451,0,2,1.089
42.200,0,1,3,-0.6167,-0.6167,-0.5223,-0.7285,-178.6633,0.0000,0.0000,0.0000,-0.6118,-0.7084,178.5322,0.016,4462,0.0000,0.0000,0.1463,0,2,1.087
42.301,0,1,3,-0.6167,-0.6167,-0.5234,-0.7269,-178.6549,0.0000,0.0000,0.0000,-0.6829,-0.7287,177.2889,0.024,4468,0.0000,0.0000,0.1444,0,2,1.095
42.402,0,1,3,-0.6167,-0.6167,-0.5218,-0.7265,-178.6070,0.0000,0.0000,0.0000,-0.5506,-0.6864,-179.7374,0.005,4475,0.0000,0.0000,0.1451,0,2,1.089
42.501,0,1,3,-0.6167,-0.6167,-0.5222,-0.7266,-178.6180,0.0000,0.0000,0.0000,-0.2971,-0.8666,-173.9017,0.003,4481,0.0000,0.0000,0.1449,0,2,1.094
42.601,0,1,3,-0.6167,-0.6167,-0.5213,-0.7276,-178.6197,0.0000,0.0000,0.0000,-0.5506,-0.6864,-179.7374,0.008,4487,0.0000,0.0000,0.1463,0,2,1.089
42.701,0,1,3,-0.6167,-0.6167,-0.5214,-0.7278,-178.6245,0.0000,0.0000,0.0000,-0.6371,-0.6774,179.9980,0.007,4492,0.0000,0.0000,0.1464,0,2,1.093
42.801,0,1,3,-0.6167,-0.6167,-0.5213,-0.7287,-178.6274,0.0000,0.0000,0.0000,-0.2971,-0.8666,-173.9017,0.005,4498,0.0000,0.0000,0.1471,0,2,1.082
42.901,0,1,3,-0.6167,-0.6167,-0.5221,-0.7267,-178.6040,0.0000,0.0000,0.0000,-0.6419,-0.6785,179.8581,0.020,4504,0.0000,0.0000,0.1451,0,2,1.081
43.001,0,1,3,-0.6167,-0.6167,-0.5237,-0.7269,-178.6582,0.0000,0.0000,0.0000,-0.5506,-0.6864,-179.7374,0.002,4510,0.0000,0.0000,0.1442,0,2,1.088
43.101,0,1,3,-0.6167,-0.6167,-0.5220,-0.7265,-178.5904,0.0000,0.0000,0.0000,-0.6119,-0.7085,178.5330,0.022,4516,0.0000,0.0000,0.1450,0,2,1.096
43.201,0,1,3,-0.6167,-0.6167,-0.5200,-0.7280,-178.5642,0.0000,0.0000,0.0000,-0.5506,-0.6864,-179.7374,0.003,4523,0.0000,0.0000,0.1475,0,2,0.325
43.301,0,1,3,-0.6167,-0.6167,-0.5220,-0.7263,-178.5809,0.0000,0.0000,0.0000,-0.5579,-0.5192,-173.0583,0.023,4528,0.0000,0.0000,0.1448,0,2,1.103
43.402,0,1,3,-0.6167,-0.6167,-0.5209,-0.7277,-178.5756,0.0000,0.0000,0.0000,-0.6119,-0.7084,178.5316,0.016,4534,0.0000,0.0000,0.1466,0,2,1.097
43.500,0,1,3,-0.6167,-0.6167,-0.5228,-0.7275,-178.6172,0.0000,0.0000,0.0000,-0.6816,-0.7285,177.3125,0.023,4540,0.0000,0.0000,0.1453,0,2,1.087
43.602,0,1,3,-0.6167,-0.6167,-0.5220,-0.7293,-178.6289,0.0000,0.0000,0.0000,-0.6119,-0.7084,178.5308,0.021,4546,0.0000,0.0000,0.1471,0,2,1.083
43.702,0,1,3,-0.6167,-0.6167,-0.5220,-0.7258,-178.5539,0.0000,0.0000,0.0000,-0.5578,-0.5198,-173.0742,0.025,4552,0.0000,0.0000,0.1445,0,2,1.071
43.804,0,1,3,-0.6167,-0.6167,-0.5212,-0.7269,-178.5596,0.0000,0.0000,0.0000,-0.5506,-0.6864,-179.7374,0.012,4559,0.0000,0.0000,0.1458,0,2,1.098
43.902,0,1,3,-0.6167,-0.6167,-0.5224,-0.7267,-178.5780,0.0000,0.0000,0.0000,-0.6398,-0.6771,179.9597,0.023,4564,0.0000,0.0000,0.1449,0,2,1.086
44.001,0,1,3,-0.6167,-0.6167,-0.5204,-0.7283,-178.5510,0.0000,0.0000,0.0000,-0.5506,-0.6864,-179.7374,0.002,4571,0.0000,0.0000,0.1474,0,2,1.085
44.101,0,1,3,-0.6167,-0.6167,-0.5217,-0.7279,-178.5866,0.0000,0.0000,0.0000,-0.5571,-0.5184,-173.0330,0.007,4576,0.0000,0.0000,0.1463,0,2,1.095
44.201,0,1,3,-0.6167,-0.6167,-0.5193,-0.7279,-178.5179,0.0000,0.0000,0.0000,-0.5506,-0.6864,-179.7374,0.006,4583,0.0000,0.0000,0.1478,0,2,1.086
44.301,0,1,3,-0.6167,-0.6167,-0.5208,-0.7257,-178.5164,0.0000,0.0000,0.0000,-0.5574,-0.5194,-173.0654,0.016,4588,0.0000,0.0000,0.1451,0,2,1.086
44.401,0,1,3,-0.6167,-0.6167,-0.5219,-0.7258,-178.5465,0.0000,0.0000,0.0000,-0.5506,-0.6864,-179.7374,0.003,4595,0.0000,0.0000,0.1446,0,2,1.078
44.503,0,1,3,-0.6167,-0.6167,-0.5205,-0.7268,-178.5356,0.0000,0.0000,0.0000,-0.2971,-0.8666,-173.9017,0.003,4601,0.0000,0.0000,0.1462,0,2,1.085
44.603,0,1,3,-0.6167,-0.6167,-0.5186,-0.7284,-178.5106,0.0000,0.0000,0.0000,-0.5506,-0.6864,-179.7374,0.007,4606,0.0000,0.0000,0.1486,0,2,1.078
44.700,0,1,3,-0.6167,-0.6167,-0.5210,-0.7275,-178.5534,0.0000,0.0000,0.0000,-0.6367,-0.6750,-179.9173,0.021,4612,0.0000,0.0000,0.1464,0,2,1.098
44.799,0,1,3,-0.6167,-0.6167,-0.5192,-0.7274,-178.4989,0.0000,0.0000,0.0000,-0.6119,-0.7085,178.5329,0.018,4618,0.0000,0.0000,0.1475,0,2,1.096
44.903,0,1,3,-0.6167,-0.6167,-0.5198,-0.7257,-178.4710,0.0000,0.0000,0.0000,-0.5506,-0.6864,-179.7374,0.003,4624,0.0000,0.0000,0.1459,0,2,1.082
45.000,0,1,3,-0.6167,-0.6167,-0.5194,-0.7273,-178.4976,0.0000,0.0000,0.0000,-0.6120,-0.7085,178.5314,0.020,4630,0.0000,0.0000,0.1473,0,2,1.084
45.101,0,1,3,-0.6167,-0.6167,-0.5203,-0.7270,-178.5219,0.0000,0.0000,0.0000,-0.5567,-0.7063,-179.3547,0.029,4636,0.0000,0.0000,0.1465,0,2,1.087
45.200,0,1,3,-0.6167,-0.6167,-0.5185,-0.7269,-178.4700,0.0000,0.0000,0.0000,-0.5506,-0.6864,-179.7374,0.009,4643,0.0000,0.0000,0.1476,0,2,0.309
45.300,0,1,3,-0.6167,-0.6167,-0.5202,-0.7264,-178.5004,0.0000,0.0000,0.0000,-0.6416,-0.6781,179.8821,0.029,4648,0.0000,0.0000,0.1461,0,2,1.091
45.401,0,1,3,-0.6167,-0.6167,-0.5195,-0.7283,-178.5173,0.0000,0.0000,0.0000,-0.5506,-0.6864,-179.7374,0.002,4655,0.0000,0.0000,0.1479,0,2,1.085
45.500,0,1,3,-0.6167,-0.6167,-0.5200,-0.7281,-178.5357,0.0000,0.0000,0.0000,-0.5506,-0.6864,-179.7374,0.039,4659,0.0000,0.0000,0.1475,0,2,1.083
45.600,0,1,3,-0.6167,-0.6167,-0.5218,-0.7268,-178.5473,0.0000,0.0000,0.0000,-0.5506,-0.6864,-179.7374,0.002,4667,0.0000,0.0000,0.1454,0,2,1.099
45.701,0,1,3,-0.6167,-0.6167,-0.5209,-0.7265,-178.5098,0.0000,0.0000,0.0000,-0.5580,-0.5182,-173.0203,0.028,4672,0.0000,0.0000,0.1457,0,2,1.088
45.801,0,1,3,-0.6167,-0.6167,-0.5213,-0.7264,-178.5274,0.0000,0.0000,0.0000,-0.5506,-0.6864,-179.7374,0.009,4677,0.0000,0.0000,0.1454,0,2,1.099
45.901,0,1,3,-0.6167,-0.6167,-0.5210,-0.7264,-178.5077,0.0000,0.0000,0.0000,-0.6120,-0.7086,178.5337,0.018,4684,0.0000,0.0000,0.1456,0,2,1.070
46.001,0,1,3,-0.6167,-0.6167,-0.5191,-0.7280,-178.4857,0.0000,0.0000,0.0000,-0.5506,-0.6864,-179.7374,0.007,4690,0.0000,0.0000,0.1480,0,2,1.079
46.102,0,1,3,-0.6167,-0.6167,-0.5205,-0.7278,-178.5213,0.0000,0.0000,0.0000,-0.5506,-0.6864,-179.7374,0.008,4696,0.0000,0.0000,0.1470,0,2,1.085
46.202,0,1,3,-0.6167,-0.6167,-0.5197,-0.7288,-178.5285,0.0000,0.0000,0.0000,-0.6120,-0.7085,178.5316,0.019,4702,0.0000,0.0000,0.1482,0,2,1.079
46.302,0,1,3,-0.6167,-0.6167,-0.5209,-0.7272,-178.5222,0.0000,0.0000,0.0000,-0.2971,-0.8666,-173.9017,0.002,4709,0.0000,0.0000,0.1462,0,2,1.086
46.401,0,1,3,-0.6167,-0.6167,-0.5194,-0.7267,-178.4802,0.0000,0.0000,0.0000,-0.5506,-0.6864,-179.7374,0.009,4715,0.0000,0.0000,0.1469,0,2,1.081
46.500,0,1,3,-0.6167,-0.6167,-0.5211,-0.7270,-178.5168,0.0000,0.0000,0.0000,-0.6377,-0.6749,-179.9269,0.029,4720,0.0000,0.0000,0.1460,0,2,1.088
46.600,0,1,3,-0.6167,-0.6167,-0.5204,-0.7288,-178.5326,0.0000,0.0000,0.0000,-0.5506,-0.6864,-179.7374,0.002,4727,0.0000,0.0000,0.1478,0,2,1.080
46.700,0,1,3,-0.6167,-0.6167,-0.5208,-0.7287,-178.5479,0.0000,0.0000,0.0000,-0.6402,-0.6740,-179.9663,0.009,4732,0.0000,0.0000,0.1474,0,2,1.090
46.800,0,1,3,-0.6167,-0.6167,-0.5209,-0.7294,-178.5538,0.0000,0.0000,0.0000,-0.5506,-0.6864,-179.7374,0.007,4739,0.0000,0.0000,0.1480,0,2,1.080
46.900,0,1,3,-0.6167,-0.6167,-0.5213,-0.7292,-178.5716,0.0000,0.0000,0.0000,-0.6402,-0.6740,-179.9666,0.007,4744,0.0000,0.0000,0.1475,0,2,1.093
47.000,0,1,3,-0.6167,-0.6167,-0.5225,-0.7289,-178.5878,0.0000,0.0000,0.0000,-0.6120,-0.7086,178.5322,0.006,4750,0.0000,0.0000,0.1465,0,2,1.081
47.101,0,1,3,-0.6167,-0.6167,-0.5212,-0.7264,-178.5048,0.0000,0.0000,0.0000,-0.5571,-0.5175,-173.0030,0.029,4756,0.0000,0.0000,0.1454,0,2,1.071
47.200,0,1,3,-0.6167,-0.6167,-0.5222,-0.7265,-178.5353,0.0000,0.0000,0.0000,-0.5506,-0.6864,-179.7374,0.007,4762,0.0000,0.0000,0.1449,0,2,1.079
47.302,0,1,3,-0.6167,-0.6167,-0.5220,-0.7278,-178.5486,0.0000,0.0000,0.0000,-0.6815,-0.7285,177.3152,0.029,4768,0.0000,0.0000,0.1460,0,2,0.293
47.403,0,1,3,-0.6167,-0.6167,-0.5203,-0.7289,-178.5319,0.0000,0.0000,0.0000,-0.5506,-0.6864,-179.7374,0.011,4774,0.0000,0.0000,0.1479,0,2,1.091
47.502,0,1,3,-0.6167,-0.6167,-0.5216,-0.7269,-178.5218,0.0000,0.0000,0.0000,-0.2971,-0.8666,-173.9017,0.003,4781,0.0000,0.0000,0.1456,0,2,1.096
47.601,0,1,3,-0.6167,-0.6167,-0.5198,-0.7286,-178.5129,0.0000,0.0000,0.0000,-0.6120,-0.7086,178.5331,0.020,4786,0.0000,0.0000,0.1480,0,2,1.082
47.700,0,1,3,-0.6167,-0.6167,-0.5198,-0.7268,-178.4875,0.0000,0.0000,0.0000,-0.5506,-0.6864,-179.7374,0.016,4792,0.0000,0.0000,0.1466,0,2,1.091
47.800,0,1,3,-0.6167,-0.6167,-0.5189,-0.7281,-178.4844,0.0000,0.0000,0.0000,-0.5506,-0.6864,-179.7374,0.007,4799,0.0000,0.0000,0.1483,0,2,1.092
47.900,0,1,3,-0.6167,-0.6167,-0.5197,-0.7278,-178.5081,0.0000,0.0000,0.0000,-0.2971,-0.8666,-173.9017,0.002,4805,0.0000,0.0000,0.1475,0,2,1.080
48.000,0,1,3,-0.6167,-0.6167,-0.5180,-0.7277,-178.4585,0.0000,0.0000,0.0000,-0.5506,-0.6864,-179.7374,0.002,4811,0.0000,0.0000,0.1485,0,2,1.079
48.103,0,1,3,-0.6167,-0.6167,-0.5189,-0.7280,-178.4962,0.0000,0.0000,0.0000,-0.5558,-0.7061,-179.3528,0.003,4816,0.0000,0.0000,0.1482,0,2,1.076
48.201,0,1,3,-0.6167,-0.6167,-0.5183,-0.7291,-178.4999,0.0000,0.0000,0.0000,-0.5506,-0.6864,-179.7374,0.002,4823,0.0000,0.0000,0.1494,0,2,1.069
48.300,0,1,3,-0.6167,-0.6167,-0.5188,-0.7289,-178.5178,0.0000,0.0000,0.0000,-0.6810,-0.7286,177.3298,0.008,4828,0.0000,0.0000,0.1490,0,2,1.088
48.403,0,1,3,-0.6167,-0.6167,-0.5194,-0.7298,-178.5507,0.0000,0.0000,0.0000,-0.5506,-0.6864,-179.7374,0.007,4835,0.0000,0.0000,0.1492,0,2,1.081
48.501,0,1,3,-0.6167,-0.6167,-0.5199,-0.7280,-178.5182,0.0000,0.0000,0.0000,-0.5578,-0.5188,-173.0431,0.028,4840,0.0000,0.0000,0.1475,0,2,1.084
48.601,0,1,3,-0.6167,-0.6167,-0.5181,-0.7295,-178.4943,0.0000,0.0000,0.0000,-0.5506,-0.6864,-179.7374,0.007,4846,0.0000,0.0000,0.1498,0,2,1.086
48.701,0,1,3,-0.6167,-0.6167,-0.5198,-0.7271,-178.4935,0.0000,0.0000,0.0000,-0.5570,-0.5180,-173.0200,0.019,4852,0.0000,0.0000,0.1469,0,2,1.084
48.803,0,1,3,-0.6167,-0.6167,-0.5188,-0.7285,-178.4920,0.0000,0.0000,0.0000,-0.6121,-0.7086,178.5320,0.014,4858,0.0000,0.0000,0.1486,0,2,0.287
48.900,0,1,3,-0.6167,-0.6167,-0.5202,-0.7283,-178.5118,0.0000,0.0000,0.0000,-0.5506,-0.6864,-179.7374,0.008,4864,0.0000,0.0000,0.1475,0,2,1.090
49.003,0,1,3,-0.6167,-0.6167,-0.5187,-0.7278,-178.4683,0.0000,0.0000,0.0000,-0.6121,-0.7087,178.5331,0.019,4870,0.0000,0.0000,0.1481,0,2,1.082
49.102,0,1,3,-0.6167,-0.6167,-0.5206,-0.7276,-178.5167,0.0000,0.0000,0.0000,-0.2971,-0.8666,-173.9017,0.003,4877,0.0000,0.0000,0.1467,0,2,0.311
49.199,0,1,3,-0.6167,-0.6167,-0.5189,-0.7275,-178.4646,0.0000,0.0000,0.0000,-0.5506,-0.6864,-179.7374,0.006,4883,0.0000,0.0000,0.1478,0,2,1.086
49.301,0,1,3,-0.6167,-0.6167,-0.5204,-0.7269,-178.4942,0.0000,0.0000,0.0000,-0.2971,-0.8666,-173.9017,0.002,4889,0.0000,0.0000,0.1463,0,2,1.085
49.402,0,1,3,-0.6167,-0.6167,-0.5190,-0.7265,-178.4545,0.0000,0.0000,0.0000,-0.5506,-0.6864,-179.7374,0.002,4895,0.0000,0.0000,0.1470,0,2,1.102
49.501,0,1,3,-0.6167,-0.6167,-0.5192,-0.7268,-178.4640,0.0000,0.0000,0.0000,-0.6360,-0.6713,-179.7823,0.011,4900,0.0000,0.0000,0.1471,0,2,1.103
49.601,0,1,3,-0.6167,-0.6167,-0.5213,-0.7263,-178.5047,0.0000,0.0000,0.0000,-0.2971,-0.8666,-173.9017,0.003,4906,0.0000,0.0000,0.1453,0,2,1.090
49.700,0,1,3,-0.6167,-0.6167,-0.5200,-0.7256,-178.4552,0.0000,0.0000,0.0000,-0.6390,-0.6741,-179.9247,0.017,4912,0.0000,0.0000,0.1456,0,2,1.088
49.803,0,1,3,-0.6167,-0.6167,-0.5204,-0.7243,-178.4378,0.0000,0.0000,0.0000,-0.5506,-0.6864,-179.7374,0.003,4919,0.0000,0.0000,0.1444,0,2,1.097
49.901,0,1,3,-0.6167,-0.6167,-0.5191,-0.7237,-178.3886,0.0000,0.0000,0.0000,-0.2971,-0.8666,-173.9017,0.016,4924,0.0000,0.0000,0.1448,0,2,1.087
50.003,0,1,3,-0.6167,-0.6167,-0.5193,-0.7241,-178.4006,0.0000,0.0000,0.0000,-0.5506,-0.6864,-179.7374,0.003,4931,0.0000,0.0000,0.1450,0,2,1.085
50.101,0,1,3,-0.6167,-0.6167,-0.5190,-0.7234,-178.3728,0.0000,0.0000,0.0000,-0.5572,-0.5178,-173.0129,0.028,4936,0.0000,0.0000,0.1447,0,2,1.078
50.201,0,1,3,-0.6167,-0.6167,-0.5173,-0.7235,-178.3303,0.0000,0.0000,0.0000,-0.6122,-0.7087,178.5316,0.020,4942,0.0000,0.0000,0.1459,0,2,1.088
50.300,0,1,3,-0.6167,-0.6167,-0.5189,-0.7231,-178.3665,0.0000,0.0000,0.0000,-0.6378,-0.6751,-179.9349,0.028,4948,0.0000,0.0000,0.1445,0,2,1.083
50.401,0,1,3,-0.6167,-0.6167,-0.5184,-0.7251,-178.3878,0.0000,0.0000,0.0000,-0.6122,-0.7087,178.5326,0.020,4954,0.0000,0.0000,0.1464,0,2,1.080
50.502,0,1,3,-0.6167,-0.6167,-0.5201,-0.7247,-178.4219,0.0000,0.0000,0.0000,-0.5506,-0.6864,-179.7374,0.021,4960,0.0000,0.0000,0.1449,0,2,1.087
50.600,0,1,3,-0.6167,-0.6167,-0.5191,-0.7262,-178.4229,0.0000,0.0000,0.0000,-0.5506,-0.6864,-179.7374,0.003,4967,0.0000,0.0000,0.1467,0,2,1.083
50.702,0,1,3,-0.6167,-0.6167,-0.5207,-0.7257,-178.4537,0.0000,0.0000,0.0000,-0.6421,-0.6770,179.9172,0.031,4972,0.0000,0.0000,0.1452,0,2,1.081
50.801,0,1,3,-0.6167,-0.6167,-0.5204,-0.7272,-178.4798,0.0000,0.0000,0.0000,-0.5506,-0.6864,-179.7374,0.008,4979,0.0000,0.0000,0.1466,0,2,1.101
50.902,0,1,3,-0.6167,-0.6167,-0.5198,-0.7261,-178.4411,0.0000,0.0000,0.0000,-0.2971,-0.8666,-173.9017,0.002,4985,0.0000,0.0000,0.1461,0,2,1.084
51.000,0,1,3,-0.6167,-0.6167,-0.5192,-0.7257,-178.4046,0.0000,0.0000,0.0000,-0.5506,-0.6864,-179.7374,0.002,4991,0.0000,0.0000,0.1462,0,2,1.087
51.101,0,1,3,-0.6167,-0.6167,-0.5208,-0.7252,-178.4396,0.0000,0.0000,0.0000,-0.6418,-0.6786,179.8663,0.022,4996,0.0000,0.0000,0.1449,0,2,1.099
51.203,0,2,0,-0.6167,-0.6167,-0.5210,-0.7240,-178.4227,0.0000,0.0000,0.0000,-0.2971,-0.8666,-173.9017,0.006,5003,0.0000,0.0000,0.1438,0,2,0.333
51.300,0,2,0,-0.6167,-0.6167,-0.5216,-0.7238,-178.4386,0.0000,0.0000,0.0000,-0.6381,-0.6769,-179.9897,0.031,5008,0.0658,-0.0753,0.1433,0,2,1.100
51.400,0,2,0,-0.6167,-0.6167,-0.5262,-0.7193,-178.6485,0.0000,0.0000,0.0000,-0.5531,-0.6862,-179.7988,0.009,5014,0.0655,-0.0755,0.1368,0,2,1.104
51.500,0,2,0,-0.6167,-0.6167,-0.5339,-0.7105,-178.6798,0.0000,0.0000,0.0000,-0.6423,-0.6607,179.9282,0.027,5020,0.0656,-0.0755,0.1251,0,2,1.105
51.600,0,2,0,-0.6167,-0.6167,-0.5393,-0.7060,-179.0143,0.0000,0.0000,0.0000,-0.6240,-0.6941,177.8250,0.019,5026,0.0614,-0.0719,0.1182,0,2,0.800
51.701,0,2,0,-0.6167,-0.6167,-0.5458,-0.6999,-179.1652,0.0000,0.0000,0.0000,-0.5740,-0.6802,179.9850,0.008,5032,0.0562,-0.0671,0.1094,0,2,0.793
51.802,0,2,0,-0.6167,-0.6167,-0.5552,-0.6912,-179.0661,0.0000,0.0000,0.0000,-0.6325,-0.6831,177.3145,0.016,5038,0.0487,-0.0600,0.0966,0,2,0.756
51.900,0,2,0,-0.6167,-0.6167,-0.5608,-0.6856,-179.1947,0.0000,0.0000,0.0000,-0.3563,-0.8302,-174.7418,0.006,5045,0.0443,-0.0555,0.0888,0,2,0.765
52.002,0,2,0,-0.6167,-0.6167,-0.5647,-0.6802,-179.3541,0.0000,0.0000,0.0000,-0.5932,-0.6687,-179.8341,0.010,5051,0.0412,-0.0511,0.0821,0,2,0.723
52.101,0,2,0,-0.6167,-0.6167,-0.5702,-0.6751,-179.3613,0.0000,0.0000,0.0000,-0.6798,-0.6249,179.2693,0.029,5056,0.0368,-0.0470,0.0746,0,2,0.729
52.202,0,2,1,-0.6167,-1.2333,-0.5725,-0.6722,-179.3625,0.0000,0.0000,0.0000,-0.6015,-0.6650,-179.8578,0.007,5063,0.0086,0.0996,0.5629,0,2,1.097
52.301,0,2,1,-0.6167,-1.2333,-0.5747,-0.6744,-179.5060,0.0000,0.0000,0.0000,-0.6827,-0.6109,179.4515,0.002,5068,0.0083,0.0997,0.5605,0,2,1.098
52.401,0,2,1,-0.6167,-1.2333,-0.5837,-0.6765,-179.6872,0.0000,0.0000,0.0000,-0.8015,-0.3710,172.8826,0.008,5074,0.0067,0.0998,0.5578,0,2,1.095
52.501,0,2,1,-0.6167,-1.2333,-0.5896,-0.6811,-179.8014,0.0000,0.0000,0.0000,-0.6858,-0.6207,179.3312,0.030,5080,0.0057,0.0998,0.5529,0,2,1.119
52.600,0,2,1,-0.6167,-1.2333,-0.5940,-0.6860,-179.7197,0.0000,0.0000,0.0000,-0.8106,-0.3787,172.5543,0.003,5086,0.0049,0.0999,0.5478,0,2,1.090
52.700,0,2,1,-0.6167,-1.2333,-0.6019,-0.6883,-179.8333,0.0000,0.0000,0.0000,-0.6809,-0.6351,179.8795,0.026,5092,0.0035,0.0999,0.5452,0,2,1.094
52.800,0,2,1,-0.6167,-1.2333,-0.6077,-0.6922,-179.9420,0.0000,0.0000,0.0000,-0.6175,-0.7062,-179.6077,0.003,5098,0.0024,0.1000,0.5412,0,2,1.089
52.902,0,2,1,-0.6167,-1.2333,-0.6146,-0.6971,179.9030,0.0000,0.0000,0.0000,-0.8120,-0.4182,173.0246,0.006,5105,0.0011,0.1000,0.5362,0,2,1.078
53.001,0,2,1,-0.6167,-1.2333,-0.6183,-0.7045,-179.9714,0.0000,0.0000,0.0000,-0.6766,-0.7068,178.0886,0.018,5110,0.0005,0.1000,0.5288,0,2,1.070
53.101,0,2,1,-0.6167,-1.2333,-0.6218,-0.7101,179.9058,0.0000,0.0000,0.0000,-0.8118,-0.4433,173.2642,0.002,5117,-0.0002,0.1000,0.5232,0,2,1.062
53.202,0,2,1,-0.6167,-1.2333,-0.6268,-0.7185,179.9619,0.0000,0.0000,0.0000,-0.6787,-0.7234,178.4642,0.020,5122,-0.0012,0.1000,0.5149,0,2,1.067
53.299,0,2,1,-0.6167,-1.2333,-0.6290,-0.7242,-179.9379,0.0000,0.0000,0.0000,-0.8111,-0.4639,173.4083,0.002,5129,-0.0017,0.1000,0.5093,0,2,1.058
53.402,0,2,1,-0.6167,-1.2333,-0.6335,-0.7315,179.9899,0.0000,0.0000,0.0000,-0.6191,-0.7642,-178.9741,0.010,5135,-0.0026,0.1000,0.5022,0,2,1.030
53.500,0,2,1,-0.6167,-1.2333,-0.6349,-0.7376,-179.9389,0.0000,0.0000,0.0000,-0.6876,-0.7390,179.5742,0.009,5140,-0.0029,0.1000,0.4961,0,2,0.943
53.601,0,2,1,-0.6167,-1.2333,-0.6394,-0.7440,-179.9906,0.0000,0.0000,0.0000,-0.6211,-0.7909,-178.7437,0.002,5147,-0.0039,0.0999,0.4899,0,2,0.974
53.702,0,2,1,-0.6167,-1.2333,-0.6392,-0.7530,-179.8177,0.0000,0.0000,0.0000,-0.6094,-0.6447,-174.6922,0.011,5152,-0.0039,0.0999,0.4809,0,2,1.005
53.800,0,2,1,-0.6167,-1.2333,-0.6374,-0.7623,-179.8094,0.0000,0.0000,0.0000,-0.6674,-0.8050,178.0831,0.009,5158,-0.0036,0.0999,0.4715,0,2,0.991
53.900,0,2,1,-0.6167,-1.2333,-0.6364,-0.7731,-179.6783,0.0000,0.0000,0.0000,-0.5790,-0.7807,-179.5456,0.029,5163,-0.0035,0.0999,0.4606,0,2,0.991
54.002,0,2,1,-0.6167,-1.2333,-0.6319,-0.7875,-179.4102,0.0000,0.0000,0.0000,-0.6211,-0.8309,-178.3824,0.006,5170,-0.0027,0.1000,0.4461,0,2,0.968
54.103,0,2,1,-0.6167,-1.2333,-0.6316,-0.7986,-179.4961,0.0000,0.0000,0.0000,-0.5167,-0.8579,-177.7431,0.003,5176,-0.0027,0.1000,0.4350,0,2,0.958
54.202,0,2,1,-0.6167,-1.2333,-0.6299,-0.8111,-179.5674,0.0000,0.0000,0.0000,-0.6230,-0.8579,-178.2171,0.005,5181,-0.0024,0.1000,0.4225,0,2,0.944
54.300,0,2,1,-0.6167,-1.2333,-0.6296,-0.8211,-179.5715,0.0000,0.0000,0.0000,-0.5281,-0.8656,-178.2447,0.002,5188,-0.0024,0.1000,0.4125,0,2,0.944
54.400,0,2,1,-0.6167,-1.2333,-0.6283,-0.8337,-179.6116,0.0000,0.0000,0.0000,-0.6652,-0.8708,178.1663,0.019,5193,-0.0021,0.1000,0.3998,0,2,0.941
54.500,0,2,1,-0.6167,-1.2333,-0.6269,-0.8427,-179.6243,0.0000,0.0000,0.0000,-0.5350,-0.8700,-178.5872,0.002,5200,-0.0019,0.1000,0.3907,0,2,0.919
54.601,0,2,1,-0.6167,-1.2333,-0.6246,-0.8546,-179.5938,0.0000,0.0000,0.0000,-0.5738,-0.8521,178.5003,0.008,5206,-0.0013,0.1000,0.3788,0,2,0.317
54.701,0,2,1,-0.6167,-1.2333,-0.6226,-0.8644,-179.5285,0.0000,0.0000,0.0000,-0.5481,-0.8851,-178.7040,0.006,5212,-0.0008,0.1000,0.3690,0,2,0.895
54.801,0,2,1,-0.6167,-1.2333,-0.6215,-0.8750,-179.5429,0.0000,0.0000,0.0000,-0.5736,-0.8717,178.6099,0.007,5218,-0.0006,0.1000,0.3584,0,2,0.890
54.903,0,2,1,-0.6167,-1.2333,-0.6201,-0.8856,-179.6076,0.0000,0.0000,0.0000,-0.5573,-0.8943,-178.9858,0.003,5223,-0.0002,0.1000,0.3478,0,2,0.880
55.001,0,2,1,-0.6167,-1.2333,-0.6193,-0.8957,-179.5900,0.0000,0.0000,0.0000,-0.5752,-0.8939,178.6977,0.009,5230,-0.0000,0.1000,0.3377,0,2,0.865
55.101,0,2,1,-0.6167,-1.2333,-0.6193,-0.9060,-179.7006,0.0000,0.0000,0.0000,-0.6164,-0.8658,-177.2696,0.018,5235,-0.0000,0.1000,0.3273,0,2,0.310
55.200,0,2,1,-0.6167,-1.2333,-0.6188,-0.9152,-179.6748,0.0000,0.0000,0.0000,-0.6647,-0.9699,177.4539,0.002,5241,0.0001,0.1000,0.3181,0,2,0.864
55.300,0,2,1,-0.6167,-1.2333,-0.6175,-0.9268,-179.6150,0.0000,0.0000,0.0000,-0.6180,-0.8926,-177.6055,0.030,5247,0.0005,0.1000,0.3065,0,2,0.316
55.401,0,2,1,-0.6167,-1.2333,-0.6154,-0.9377,-179.5351,0.0000,0.0000,0.0000,-0.5764,-0.9372,178.9113,0.008,5253,0.0012,0.1000,0.2956,0,2,0.836
55.500,0,2,1,-0.6167,-1.2333,-0.6150,-0.9475,-179.5642,0.0000,0.0000,0.0000,-0.5351,-0.9605,-178.5352,0.006,5260,0.0014,0.1000,0.2858,0,2,0.831
55.602,0,2,1,-0.6167,-1.2333,-0.6144,-0.9571,-179.6470,0.0000,0.0000,0.0000,-0.6569,-1.0255,176.8470,0.003,5265,0.0016,0.1000,0.2762,0,2,0.814
55.703,0,2,1,-0.6167,-1.2333,-0.6100,-0.9713,-179.4877,0.0000,0.0000,0.0000,-0.3620,-1.0812,-174.7801,0.003,5272,0.0033,0.0999,0.2621,0,2,0.807
55.802,0,2,1,-0.6167,-1.2333,-0.6093,-0.9819,-179.5597,0.0000,0.0000,0.0000,-0.5794,-0.9814,178.9416,0.003,5278,0.0037,0.0999,0.2515,0,2,0.320
55.903,0,2,1,-0.6167,-1.2333,-0.6057,-0.9931,-179.5142,0.0000,0.0000,0.0000,-0.3705,-1.0868,-175.2618,0.003,5284,0.0053,0.0999,0.2405,0,2,0.785
56.001,0,2,1,-0.6167,-1.2333,-0.6046,-1.0033,-179.4160,0.0000,0.0000,0.0000,-0.5807,-1.0066,178.8835,0.010,5290,0.0060,0.0998,0.2303,0,2,0.780
56.102,0,2,1,-0.6167,-1.2333,-0.6049,-1.0145,-179.4382,0.0000,0.0000,0.0000,-0.3794,-1.1009,-175.3397,0.002,5296,0.0061,0.0998,0.2192,0,2,0.768
56.200,0,2,1,-0.6167,-1.2333,-0.6021,-1.0259,-179.4166,0.0000,0.0000,0.0000,-0.5827,-1.0274,178.9919,0.006,5302,0.0078,0.0997,0.2079,0,2,0.741
56.303,0,2,1,-0.6167,-1.2333,-0.6013,-1.0365,-179.3934,0.0000,0.0000,0.0000,-0.6314,-1.0264,-178.8596,0.014,5307,0.0086,0.0996,0.1974,0,2,0.751
56.399,0,2,1,-0.6167,-1.2333,-0.6011,-1.0461,-179.4120,0.0000,0.0000,0.0000,-0.3919,-1.1147,-175.7967,0.002,5313,0.0091,0.0996,0.1879,0,2,0.329
56.499,0,2,1,-0.6167,-1.2333,-0.5988,-1.0562,-179.3550,0.0000,0.0000,0.0000,-0.6346,-1.0514,-179.0482,0.019,5319,0.0108,0.0994,0.1781,0,2,0.334
56.600,0,2,1,-0.6167,-1.2333,-0.5990,-1.0673,-179.4910,0.0000,0.0000,0.0000,-0.6380,-0.9738,-176.2695,0.009,5325,0.0113,0.0994,0.1670,0,2,0.709
56.701,0,2,1,-0.6167,-1.2333,-0.6006,-1.0763,-179.3729,0.0000,0.0000,0.0000,-0.6369,-1.0728,-179.1685,0.017,5331,0.0109,0.0994,0.1579,0,2,0.704
56.801,0,2,1,-0.6167,-1.2333,-0.6011,-1.0873,-179.5165,0.0000,0.0000,0.0000,-0.5927,-1.0941,178.9141,0.013,5337,0.0114,0.0993,0.1468,0,2,0.329
56.902,0,2,1,-0.6167,-1.2333,-0.6032,-1.0956,-179.4357,0.0000,0.0000,0.0000,-0.5348,-1.0902,-178.9995,0.008,5344,0.0105,0.0995,0.1384,0,2,0.351
57.003,0,2,1,-0.6167,-1.2333,-0.6040,-1.1047,-179.3295,0.0000,0.0000,0.0000,-0.6485,-0.9982,-175.3788,0.019,5349,0.0106,0.0994,0.1292,0,2,0.321
57.102,0,2,1,-0.6167,-1.2333,-0.6057,-1.1161,-179.5319,0.0000,0.0000,0.0000,-0.5321,-1.1104,-178.7872,0.003,5356,0.0095,0.0938,0.1178,0,2,0.672
57.202,0,2,1,-0.6167,-1.2333,-0.6062,-1.1237,-179.7217,0.0000,0.0000,0.0000,-0.6467,-1.0218,-175.8798,0.017,5361,0.0090,0.0877,0.1102,0,2,0.342
57.300,0,2,1,-0.6167,-1.2333,-0.6075,-1.1299,-179.4972,0.0000,0.0000,0.0000,-0.5317,-1.1304,-179.0495,0.002,5368,0.0079,0.0827,0.1038,0,2,0.319
57.403,0,2,1,-0.6167,-1.2333,-0.6079,-1.1367,-179.3951,0.0000,0.0000,0.0000,-0.6017,-1.1578,179.1801,0.009,5374,0.0076,0.0772,0.0970,0,2,0.649
57.500,0,2,1,-0.6167,-1.2333,-0.6091,-1.1443,-179.5244,0.0000,0.0000,0.0000,-0.6557,-1.1683,179.9171,0.025,5379,0.0066,0.0712,0.0894,0,2,0.371
57.601,0,2,1,-0.6167,-1.2333,-0.6099,-1.1532,-179.6175,0.0000,0.0000,0.0000,-0.6047,-1.1755,178.9715,0.011,5386,0.0059,0.0641,0.0804,0,2,0.341
57.703,0,2,1,-0.6167,-1.2333,-0.6105,-1.1587,-179.6751,0.0000,0.0000,0.0000,-0.5412,-1.1545,-179.2641,0.003,5392,0.0054,0.0597,0.0749,0,2,0.318
57.800,0,2,2,0.0000,-1.2333,-0.6101,-1.1618,-179.5500,0.0000,0.0000,0.0000,-0.6067,-1.1891,179.0128,0.006,5398,-0.0992,0.0124,0.6143,0,2,0.331
57.901,0,2,2,0.0000,-1.2333,-0.6011,-1.1639,-179.2433,0.0000,0.0000,0.0000,-0.6592,-1.2005,179.6858,0.021,5403,-0.0992,0.0122,0.6051,0,2,0.596
58.000,0,2,2,0.0000,-1.2333,-0.5941,-1.1666,-179.1948,0.0000,0.0000,0.0000,-0.5953,-1.1949,179.5520,0.011,5410,-0.0993,0.0119,0.5978,0,2,0.588
58.099,0,2,2,0.0000,-1.2333,-0.5852,-1.1692,-179.3534,0.0000,0.0000,0.0000,-0.5176,-1.1683,-178.6550,0.006,5416,-0.0993,0.0117,0.5887,0,2,0.607
58.204,0,2,2,0.0000,-1.2333,-0.5741,-1.1707,-179.4644,0.0000,0.0000,0.0000,-0.5751,-1.1964,179.1514,0.017,5421,-0.0993,0.0116,0.5775,0,2,0.349
58.302,0,2,2,0.0000,-1.2333,-0.5663,-1.1723,-179.4662,0.0000,0.0000,0.0000,-0.5133,-1.1601,-179.1283,0.002,5428,-0.0993,0.0115,0.5696,0,2,0.344
58.399,0,2,2,0.0000,-1.2333,-0.5575,-1.1725,-179.4445,0.0000,0.0000,0.0000,-0.5951,-1.1216,-177.3473,0.015,5433,-0.0993,0.0116,0.5608,0,2,0.371
58.502,0,2,2,0.0000,-1.2333,-0.5486,-1.1738,-179.4731,0.0000,0.0000,0.0000,-0.5477,-1.1971,179.2254,0.011,5439,-0.0993,0.0115,0.5518,0,2,0.368
58.601,0,2,2,0.0000,-1.2333,-0.5389,-1.1742,-179.5313,0.0000,0.0000,0.0000,-0.5330,-1.1852,178.5466,0.003,5446,-0.0993,0.0117,0.5421,0,2,0.590
58.701,0,2,2,0.0000,-1.2333,-0.5298,-1.1755,-179.4231,0.0000,0.0000,0.0000,-0.3342,-1.2296,-176.4677,0.002,5452,-0.0993,0.0116,0.5330,0,2,0.598
58.800,0,2,2,0.0000,-1.2333,-0.5174,-1.1768,-179.3711,0.0000,0.0000,0.0000,-0.5142,-1.1966,179.0603,0.007,5458,-0.0993,0.0116,0.5205,0,2,0.372
58.900,0,2,2,0.0000,-1.2333,-0.5075,-1.1808,-179.5035,0.0000,0.0000,0.0000,-0.5655,-1.2127,-179.9795,0.022,5463,-0.0994,0.0111,0.5102,0,2,0.594
59.000,0,2,2,0.0000,-1.2333,-0.4954,-1.1822,-179.4260,0.0000,0.0000,0.0000,-0.4932,-1.1980,178.9506,0.005,5470,-0.0994,0.0110,0.4980,0,2,0.375
59.100,0,2,2,0.0000,-1.2333,-0.4846,-1.1837,-179.3581,0.0000,0.0000,0.0000,-0.5445,-1.2148,-179.9875,0.011,5475,-0.0994,0.0109,0.4871,0,2,0.350
59.203,0,2,2,0.0000,-1.2333,-0.4739,-1.1850,-179.3086,0.0000,0.0000,0.0000,-0.5100,-1.1406,-178.1000,0.018,5480,-0.0994,0.0109,0.4764,0,2,0.357
59.300,0,2,2,0.0000,-1.2333,-0.4624,-1.1856,-179.2304,0.0000,0.0000,0.0000,-0.5250,-1.2166,-179.8886,0.019,5487,-0.0994,0.0110,0.4649,0,2,0.347
59.400,0,2,2,0.0000,-1.2333,-0.4529,-1.1867,-179.4087,0.0000,0.0000,0.0000,-0.4515,-1.1966,178.9093,0.008,5492,-0.0994,0.0110,0.4553,0,2,0.593
59.502,0,2,2,0.0000,-1.2333,-0.4411,-1.1883,-179.4142,0.0000,0.0000,0.0000,-0.5024,-1.2167,-179.9220,0.022,5499,-0.0994,0.0109,0.4434,0,2,0.598
59.602,0,2,2,0.0000,-1.2333,-0.4303,-1.1896,-179.5307,0.0000,0.0000,0.0000,-0.4668,-1.1608,-178.8710,0.007,5506,-0.0994,0.0109,0.4325,0,2,0.601
59.701,0,2,2,0.0000,-1.2333,-0.4189,-1.1909,-179.4349,0.0000,0.0000,0.0000,-0.2925,-1.2055,-177.5399,0.006,5512,-0.0994,0.0108,0.4210,0,2,0.351
59.802,0,2,2,0.0000,-1.2333,-0.4090,-1.1917,-179.3935,0.0000,0.0000,0.0000,-0.4480,-1.1585,-178.5967,0.020,5517,-0.0994,0.0109,0.4112,0,2,0.350
59.901,0,2,2,0.0000,-1.2333,-0.4001,-1.1929,-179.5132,0.0000,0.0000,0.0000,-0.4625,-1.2200,179.9943,0.022,5523,-0.0994,0.0108,0.4021,0,2,0.586
59.999,0,2,2,0.0000,-1.2333,-0.3894,-1.1938,-179.5806,0.0000,0.0000,0.0000,-0.3895,-1.1961,178.4276,0.006,5530,-0.0994,0.0109,0.3914,0,2,0.385
60.101,0,2,2,0.0000,-1.2333,-0.3800,-1.1951,-179.4925,0.0000,0.0000,0.0000,-0.2775,-1.1974,-178.1139,0.002,5536,-0.0994,0.0108,0.3819,0,2,0.376
60.200,0,2,2,0.0000,-1.2333,-0.3693,-1.1960,-179.3827,0.0000,0.0000,0.0000,-0.3490,-1.1686,176.5565,0.006,5542,-0.0994,0.0108,0.3712,0,2,0.347
60.301,0,2,2,0.0000,-1.2333,-0.3589,-1.1971,-179.5935,0.0000,0.0000,0.0000,-0.4240,-1.2246,-179.8277,0.006,5547,-0.0994,0.0108,0.3608,0,2,0.392
60.401,0,2,2,0.0000,-1.2333,-0.3486,-1.1978,-179.5752,0.0000,0.0000,0.0000,-0.3468,-1.1926,178.3157,0.008,5554,-0.0994,0.0109,0.3504,0,2,0.582
60.501,0,2,2,0.0000,-1.2333,-0.3402,-1.1989,-179.4135,0.0000,0.0000,0.0000,-0.4013,-1.2250,-179.8122,0.006,5559,-0.0994,0.0108,0.3420,0,2,0.585
60.601,0,2,2,0.0000,-1.2333,-0.3303,-1.2002,-179.3070,0.0000,0.0000,0.0000,-0.3673,-1.1838,-179.0852,0.005,5565,-0.0994,0.0107,0.3320,0,2,0.579
60.701,0,2,2,0.0000,-1.2333,-0.3203,-1.2017,-179.4351,0.0000,0.0000,0.0000,-0.3834,-1.2280,-179.6478,0.022,5571,-0.0994,0.0106,0.3219,0,2,0.380
60.803,0,2,2,0.0000,-1.2333,-0.3101,-1.2030,-179.3541,0.0000,0.0000,0.0000,-0.3192,-1.2350,179.8403,0.015,5577,-0.0994,0.0105,0.3116,0,2,0.363
60.900,0,2,2,0.0000,-1.2333,-0.3023,-1.2029,-179.2622,0.0000,0.0000,0.0000,-0.2289,-1.1882,-178.2949,0.006,5584,-0.0994,0.0108,0.3038,0,2,0.408
61.002,0,2,2,0.0000,-1.2333,-0.2909,-1.2042,-179.3025,0.0000,0.0000,0.0000,-0.2970,-1.2274,179.6673,0.013,5589,-0.0994,0.0107,0.2924,0,2,0.570
61.100,0,2,2,0.0000,-1.2333,-0.2833,-1.2053,-179.3279,0.0000,0.0000,0.0000,-0.3431,-1.2307,-179.5895,0.017,5595,-0.0994,0.0106,0.2847,0,2,0.583
61.201,0,2,2,0.0000,-1.2333,-0.2735,-1.2047,-179.4123,0.0000,0.0000,0.0000,-0.3069,-1.1910,-179.3055,0.013,5601,-0.0994,0.0112,0.2750,0,2,0.377
61.299,0,2,2,0.0000,-1.2333,-0.2646,-1.2064,-179.3978,0.0000,0.0000,0.0000,-0.1475,-1.2089,-177.6259,0.004,5608,-0.0994,0.0109,0.2660,0,2,0.386
61.401,0,2,2,0.0000,-1.2333,-0.2527,-1.2080,-179.4787,0.0000,0.0000,0.0000,-0.2490,-1.2368,179.5936,0.009,5614,-0.0994,0.0107,0.2540,0,2,0.423
61.503,0,2,2,0.0000,-1.2333,-0.2440,-1.2093,-179.5018,0.0000,0.0000,0.0000,-0.1350,-1.2087,-177.8051,0.003,5620,-0.0994,0.0106,0.2452,0,2,0.600
61.600,0,2,2,0.0000,-1.2333,-0.2342,-1.2103,-179.5012,0.0000,0.0000,0.0000,-0.2302,-1.2415,179.4234,0.005,5626,-0.0994,0.0106,0.2353,0,2,0.434
61.700,0,2,2,0.0000,-1.2333,-0.2240,-1.2119,-179.5473,0.0000,0.0000,0.0000,-0.2784,-1.2302,-179.6279,0.007,5631,-0.0995,0.0103,0.2251,0,2,0.419
61.801,0,2,2,0.0000,-1.2333,-0.2129,-1.2134,-179.5039,0.0000,0.0000,0.0000,-0.2135,-1.2395,179.4096,0.006,5638,-0.0995,0.0101,0.2139,0,2,0.434
61.900,0,2,2,0.0000,-1.2333,-0.2034,-1.2148,-179.3985,0.0000,0.0000,0.0000,-0.2585,-1.2335,-179.5036,0.017,5643,-0.0995,0.0099,0.2042,0,2,1.667
62.002,0,2,2,0.0000,-1.2333,-0.1928,-1.2160,-179.4442,0.0000,0.0000,0.0000,-0.1906,-1.2447,179.6024,0.010,5650,-0.0995,0.0097,0.1936,0,2,0.584
62.102,0,2,2,0.0000,-1.2333,-0.1835,-1.2171,-179.3572,0.0000,0.0000,0.0000,-0.2375,-1.2339,-179.4418,0.028,5655,-0.0995,0.0096,0.1842,0,2,0.448
62.204,0,2,2,0.0000,-1.2333,-0.1727,-1.2183,-179.4058,0.0000,0.0000,0.0000,-0.1648,-1.2472,179.6729,0.018,5661,-0.0996,0.0094,0.1734,0,2,0.431
62.301,0,2,2,0.0000,-1.2333,-0.1647,-1.2193,-179.4424,0.0000,0.0000,0.0000,-0.0928,-1.2022,-178.1726,0.002,5668,-0.0996,0.0092,0.1653,0,2,0.480
62.403,0,2,2,0.0000,-1.2333,-0.1535,-1.2201,-179.3887,0.0000,0.0000,0.0000,-0.1883,-1.2115,-179.4562,0.008,5673,-0.0996,0.0093,0.1540,0,2,0.594
62.501,0,2,2,0.0000,-1.2333,-0.1437,-1.2213,-179.3369,0.0000,0.0000,0.0000,-0.0902,-1.1971,-178.4753,0.006,5680,-0.0996,0.0091,0.1442,0,2,0.413
62.601,0,2,2,0.0000,-1.2333,-0.1342,-1.2223,-179.5067,0.0000,0.0000,0.0000,-0.1238,-1.2474,179.4028,0.006,5686,-0.0996,0.0089,0.1346,0,2,0.412
62.701,0,2,2,0.0000,-1.2333,-0.1260,-1.2232,-179.4241,0.0000,0.0000,0.0000,-0.0660,-1.2002,-178.4152,0.003,5692,-0.0996,0.0087,0.1264,0,2,0.572
62.801,0,2,2,0.0000,-1.2333,-0.1149,-1.2241,-179.5680,0.0000,0.0000,0.0000,-0.1016,-1.2446,179.3196,0.011,5698,-0.0919,0.0081,0.1153,0,2,0.494
62.901,0,2,2,0.0000,-1.2333,-0.1073,-1.2249,-179.4856,0.0000,0.0000,0.0000,-0.0685,-1.1975,-178.9300,0.003,5704,-0.0858,0.0074,0.1076,0,2,0.437
63.001,0,2,2,0.0000,-1.2333,-0.0989,-1.2252,-179.4739,0.0000,0.0000,0.0000,-0.0803,-1.2504,179.4316,0.008,5710,-0.0791,0.0071,0.0992,0,2,0.449
63.100,0,2,2,0.0000,-1.2333,-0.0910,-1.2262,-179.4975,0.0000,0.0000,0.0000,-0.1400,-1.2400,-179.3402,0.008,5715,-0.0727,0.0063,0.0912,0,2,1.723
63.200,0,2,2,0.0000,-1.2333,-0.0845,-1.2268,-179.5230,0.0000,0.0000,0.0000,-0.0639,-1.2502,179.1687,0.006,5721,-0.0676,0.0057,0.0848,0,2,0.425
63.301,0,2,2,0.0000,-1.2333,-0.0782,-1.2274,-179.5289,0.0000,0.0000,0.0000,-0.1227,-1.2396,-179.3130,0.018,5727,-0.0625,0.0053,0.0785,0,2,0.422
63.402,0,2,2,0.0000,-1.2333,-0.0723,-1.2278,-179.4702,0.0000,0.0000,0.0000,-0.0481,-1.2513,179.4456,0.007,5733,0.0000,0.0000,0.0725,0,2,0.441
63.500,0,2,2,0.0000,-1.2333,-0.0708,-1.2310,-179.6508,0.0000,0.0000,0.0000,-0.0260,-1.2006,-178.7626,0.012,5739,0.0000,0.0000,0.0708,0,2,0.553
63.600,0,2,2,0.0000,-1.2333,-0.0705,-1.2313,-179.7058,0.0000,0.0000,0.0000,-0.0438,-1.2556,179.4357,0.007,5745,0.0000,0.0000,0.0705,0,2,0.458
63.702,0,2,2,0.0000,-1.2333,-0.0704,-1.2315,-179.7116,0.0000,0.0000,0.0000,-0.0290,-1.2017,-179.0511,0.002,5752,0.0000,0.0000,0.0704,0,2,1.689
63.800,0,2,2,0.0000,-1.2333,-0.0696,-1.2312,-179.7074,0.0000,0.0000,0.0000,-0.0437,-1.2556,179.4371,0.004,5757,0.0000,0.0000,0.0696,0,2,0.488
63.907,0,2,2,0.0000,-1.2333,-0.0702,-1.2320,-179.7293,0.0000,0.0000,0.0000,-0.0291,-1.2017,-179.0542,0.004,5764,0.0000,0.0000,0.0702,0,2,0.557
64.002,0,2,2,0.0000,-1.2333,-0.0699,-1.2315,-179.7227,0.0000,0.0000,0.0000,-0.0915,-1.2211,-179.7160,0.020,5769,0.0000,0.0000,0.0700,0,2,0.421
64.101,0,2,2,0.0000,-1.2333,-0.0699,-1.2318,-179.7278,0.0000,0.0000,0.0000,-0.0436,-1.2557,179.4364,0.020,5775,0.0000,0.0000,0.0700,0,2,0.416
64.201,0,2,2,0.0000,-1.2333,-0.0695,-1.2316,-179.7291,0.0000,0.0000,0.0000,-0.0436,-1.2557,179.4368,0.014,5782,0.0000,0.0000,0.0695,0,2,0.468
64.302,0,2,2,0.0000,-1.2333,-0.0703,-1.2322,-179.7446,0.0000,0.0000,0.0000,-0.0291,-1.2017,-179.0542,0.003,5788,0.0000,0.0000,0.0703,0,2,0.443
64.404,0,2,2,0.0000,-1.2333,-0.0698,-1.2320,-179.7443,0.0000,0.0000,0.0000,-0.0436,-1.2557,179.4362,0.015,5794,0.0000,0.0000,0.0698,1,3,0.537
64.500,0,2,2,0.0000,-1.2333,-0.0703,-1.2323,-179.7541,0.0000,0.0000,0.0000,-0.0291,-1.2017,-179.0543,0.007,5800,0.0000,0.0000,0.0703,1,3,0.459
64.601,0,2,2,0.0000,-1.2333,-0.0710,-1.2332,-179.7817,0.0000,0.0000,0.0000,-0.0435,-1.2557,179.4371,0.017,5806,0.0000,0.0000,0.0710,1,3,0.481
64.702,0,2,2,0.0000,-1.2333,-0.0717,-1.2338,-179.7967,0.0000,0.0000,0.0000,-0.1557,-1.3057,178.4840,0.008,5811,0.0000,0.0000,0.0717,1,3,0.465
64.801,0,2,2,0.0000,-1.2333,-0.0714,-1.2332,-179.7876,0.0000,0.0000,0.0000,-0.0435,-1.2557,179.4349,0.002,5818,0.0000,0.0000,0.0714,1,3,0.561
64.901,0,2,2,0.0000,-1.2333,-0.0722,-1.2345,-179.8212,0.0000,0.0000,0.0000,-0.0291,-1.2017,-179.0543,0.002,5824,0.0000,0.0000,0.0723,1,3,0.565
65.001,0,2,2,0.0000,-1.2333,-0.0715,-1.2343,-179.8195,0.0000,0.0000,0.0000,-0.0435,-1.2557,179.4356,0.018,5829,0.0000,0.0000,0.0715,1,3,0.443
65.101,0,2,2,0.0000,-1.2333,-0.0719,-1.2341,-179.8121,0.0000,0.0000,0.0000,-0.0291,-1.2017,-179.0543,0.003,5836,0.0000,0.0000,0.0719,1,3,0.433
65.203,0,2,2,0.0000,-1.2333,-0.0716,-1.2335,-179.8061,0.0000,0.0000,0.0000,-0.0913,-1.2210,-179.7173,0.020,5841,0.0000,0.0000,0.0716,1,3,0.426
65.301,0,2,2,0.0000,-1.2333,-0.0718,-1.2334,-179.8015,0.0000,0.0000,0.0000,-0.0434,-1.2557,179.4362,0.011,5847,0.0000,0.0000,0.0718,1,3,0.461
65.400,0,2,2,0.0000,-1.2333,-0.0717,-1.2337,-179.8160,0.0000,0.0000,0.0000,-0.0434,-1.2557,179.4363,0.004,5854,0.0000,0.0000,0.0717,1,3,0.398
65.500,0,2,2,0.0000,-1.2333,-0.0721,-1.2344,-179.8326,0.0000,0.0000,0.0000,-0.0291,-1.2017,-179.0543,0.002,5860,0.0000,0.0000,0.0721,1,3,0.443
65.603,0,2,2,0.0000,-1.2333,-0.0715,-1.2340,-179.8294,0.0000,0.0000,0.0000,-0.0433,-1.2558,179.4359,0.012,5866,0.0000,0.0000,0.0715,1,3,0.561
65.700,0,2,2,0.0000,-1.2333,-0.0717,-1.2340,-179.8240,0.0000,0.0000,0.0000,-0.0291,-1.2017,-179.0543,0.002,5872,0.0000,0.0000,0.0717,1,3,0.390
65.800,0,2,2,0.0000,-1.2333,-0.0719,-1.2364,-179.8899,0.0000,0.0000,0.0000,-0.0433,-1.2558,179.4358,0.007,5878,0.0000,0.0000,0.0720,1,3,0.448
65.900,0,2,2,0.0000,-1.2333,-0.0722,-1.2384,-179.9420,0.0000,0.0000,0.0000,-0.0433,-1.2558,179.4353,0.042,5882,0.0000,0.0000,0.0724,1,3,0.430
66.002,0,2,2,0.0000,-1.2333,-0.0723,-1.2382,-179.9341,0.0000,0.0000,0.0000,-0.0291,-1.2017,-179.0543,0.003,5890,0.0000,0.0000,0.0724,1,3,0.545
66.101,0,2,2,0.0000,-1.2333,-0.0724,-1.2398,-179.9751,0.0000,0.0000,0.0000,-0.1063,-1.2422,-179.4105,0.031,5895,0.0000,0.0000,0.0727,1,3,0.479
66.199,0,2,2,0.0000,-1.2333,-0.0720,-1.2396,-179.9737,0.0000,0.0000,0.0000,-0.0291,-1.2017,-179.0543,0.007,5901,0.0000,0.0000,0.0723,1,3,0.441
66.302,0,2,2,0.0000,-1.2333,-0.0724,-1.2411,179.9873,0.0000,0.0000,0.0000,-0.0291,-1.2017,-179.0543,0.002,5908,0.0000,0.0000,0.0728,1,3,0.450
66.399,0,2,2,0.0000,-1.2333,-0.0718,-1.2403,-179.9994,0.0000,0.0000,0.0000,-0.0432,-1.2558,179.4350,0.003,5914,0.0000,0.0000,0.0721,1,3,0.559
66.501,0,2,2,0.0000,-1.2333,-0.0715,-1.2396,-179.9852,0.0000,0.0000,0.0000,-0.0291,-1.2017,-179.0543,0.005,5920,0.0000,0.0000,0.0718,1,3,0.441
66.599,0,2,2,0.0000,-1.2333,-0.0716,-1.2392,-179.9790,0.0000,0.0000,0.0000,-0.0432,-1.2558,179.4345,0.004,5926,0.0000,0.0000,0.0718,1,3,0.413
66.701,0,2,2,0.0000,-1.2333,-0.0716,-1.2393,-179.9820,0.0000,0.0000,0.0000,-0.0291,-1.2017,-179.0543,0.006,5932,0.0000,0.0000,0.0718,1,3,0.413
66.802,0,2,2,0.0000,-1.2333,-0.0716,-1.2388,-179.9729,0.0000,0.0000,0.0000,-0.0913,-1.2232,-179.7928,0.024,5937,0.0000,0.0000,0.0718,1,3,0.524
66.902,0,2,2,0.0000,-1.2333,-0.0720,-1.2393,-179.9816,0.0000,0.0000,0.0000,-0.0291,-1.2017,-179.0543,0.002,5944,0.0000,0.0000,0.0722,1,3,0.442
67.001,0,2,2,0.0000,-1.2333,-0.0718,-1.2392,-179.9870,0.0000,0.0000,0.0000,-0.0431,-1.2558,179.4349,0.010,5950,0.0000,0.0000,0.0721,1,3,0.416
67.103,0,2,2,0.0000,-1.2333,-0.0720,-1.2389,-179.9781,0.0000,0.0000,0.0000,-0.1067,-1.2420,-179.4063,0.010,5955,0.0000,0.0000,0.0722,1,3,0.551
67.201,0,2,2,0.0000,-1.2333,-0.0714,-1.2383,-179.9685,0.0000,0.0000,0.0000,-0.0431,-1.2559,179.4343,0.011,5962,0.0000,0.0000,0.0716,1,3,0.427
67.300,0,2,2,0.0000,-1.2333,-0.0713,-1.2380,-179.9620,0.0000,0.0000,0.0000,-0.1067,-1.2420,-179.4068,0.005,5967,0.0000,0.0000,0.0714,1,3,0.422
67.401,0,2,2,0.0000,-1.2333,-0.0710,-1.2375,-179.9502,0.0000,0.0000,0.0000,-0.0431,-1.2559,179.4347,0.012,5974,0.0000,0.0000,0.0711,1,3,0.549
67.502,0,2,2,0.0000,-1.2333,-0.0716,-1.2379,-179.9562,0.0000,0.0000,0.0000,-0.1076,-1.2426,-179.4246,0.028,5979,0.0000,0.0000,0.0718,1,3,0.414
67.602,0,2,2,0.0000,-1.2333,-0.0711,-1.2373,-179.9485,0.0000,0.0000,0.0000,-0.0913,-1.2232,-179.7937,0.006,5986,0.0000,0.0000,0.0712,1,3,0.448
67.701,0,2,2,0.0000,-1.2333,-0.0713,-1.2374,-179.9481,0.0000,0.0000,0.0000,-0.0291,-1.2017,-179.0545,0.008,5992,0.0000,0.0000,0.0715,1,3,0.556
67.804,0,2,2,0.0000,-1.2333,-0.0709,-1.2373,-179.9480,0.0000,0.0000,0.0000,-0.0430,-1.2559,179.4335,0.014,5997,0.0000,0.0000,0.0711,1,3,0.464
67.900,0,2,2,0.0000,-1.2333,-0.0718,-1.2376,-179.9536,0.0000,0.0000,0.0000,-0.1070,-1.2414,-179.3901,0.017,6003,0.0000,0.0000,0.0719,1,3,0.443
68.003,0,2,2,0.0000,-1.2333,-0.0714,-1.2369,-179.9411,0.0000,0.0000,0.0000,-0.0913,-1.2233,-179.7923,0.022,6009,0.0000,0.0000,0.0715,1,3,0.456
68.103,0,2,2,0.0000,-1.2333,-0.0718,-1.2374,-179.9502,0.0000,0.0000,0.0000,-0.0429,-1.2559,179.4336,0.007,6015,0.0000,0.0000,0.0719,1,3,0.428
68.202,0,2,2,0.0000,-1.2333,-0.0715,-1.2367,-179.9374,0.0000,0.0000,0.0000,-0.0913,-1.2232,-179.7937,0.014,6021,0.0000,0.0000,0.0715,1,3,0.412
68.300,0,2,2,0.0000,-1.2333,-0.0714,-1.2367,-179.9310,0.0000,0.0000,0.0000,-0.0291,-1.2017,-179.0545,0.002,6028,0.0000,0.0000,0.0715,1,3,0.477
68.401,0,2,2,0.0000,-1.2333,-0.0708,-1.2362,-179.9235,0.0000,0.0000,0.0000,-0.0429,-1.2559,179.4320,0.012,6034,0.0000,0.0000,0.0709,1,3,0.428
68.504,0,3,0,0.0000,-1.2333,-0.0710,-1.2361,-179.9162,0.0000,0.0000,0.0000,-0.1070,-1.2416,-179.3949,0.011,6039,0.0000,0.0000,0.0711,1,3,0.519
68.601,0,3,0,0.0000,-1.2333,-0.0689,-1.2356,-179.9037,0.0000,0.0000,0.0000,-0.0429,-1.2560,179.4321,0.012,6046,-0.0551,-0.0014,0.0689,1,3,0.454
68.700,0,3,1,0.0000,-0.6167,-0.0660,-1.2341,-179.8210,0.0000,0.0000,0.0000,-0.1561,-1.3062,178.4707,0.012,6051,-0.0114,-0.0993,0.6210,1,3,0.487
68.801,0,3,1,0.0000,-0.6167,-0.0651,-1.2257,-179.7704,0.0000,0.0000,0.0000,-0.0281,-1.2006,-179.0282,0.003,6058,-0.0114,-0.0993,0.6125,1,3,0.448
68.901,0,3,1,0.0000,-0.6167,-0.0635,-1.2156,-179.5278,0.0000,0.0000,0.0000,-0.1004,-1.2331,-179.2390,0.028,6063,-0.0113,-0.0994,0.6023,1,3,0.447
69.002,0,3,1,0.0000,-0.6167,-0.0615,-1.2060,-179.5687,0.0000,0.0000,0.0000,-0.0274,-1.2341,179.6832,0.018,6069,-0.0111,-0.0994,0.5926,1,3,0.411
69.100,0,3,1,0.0000,-0.6167,-0.0617,-1.1986,-179.6296,0.0000,0.0000,0.0000,-0.0078,-1.1731,-178.3490,0.005,6076,-0.0113,-0.0994,0.5852,1,3,0.405
69.201,0,3,1,0.0000,-0.6167,-0.0605,-1.1881,-179.5453,0.0000,0.0000,0.0000,-0.0837,-1.1792,-179.3169,0.012,6081,-0.0113,-0.0994,0.5746,1,3,0.406
69.299,0,3,1,0.0000,-0.6167,-0.0596,-1.1801,-179.5968,0.0000,0.0000,0.0000,0.0005,-1.1555,-178.2162,0.006,6088,-0.0113,-0.0994,0.5665,1,3,0.626
69.402,0,3,1,0.0000,-0.6167,-0.0578,-1.1695,-179.6516,0.0000,0.0000,0.0000,-0.0221,-1.1925,179.5746,0.006,6094,-0.0112,-0.0994,0.5559,1,3,0.621
69.501,0,3,1,0.0000,-0.6167,-0.0569,-1.1604,-179.5618,0.0000,0.0000,0.0000,0.0084,-1.1379,-178.0807,0.007,6100,-0.0112,-0.0994,0.5467,1,3,0.400
69.601,0,3,1,0.0000,-0.6167,-0.0554,-1.1502,-179.4436,0.0000,0.0000,0.0000,-0.0205,-1.1706,179.7571,0.013,6106,-0.0111,-0.0994,0.5364,1,3,0.387
69.702,0,3,1,0.0000,-0.6167,-0.0548,-1.1410,-179.4423,0.0000,0.0000,0.0000,-0.0094,-1.1123,-178.2221,0.010,6112,-0.0112,-0.0994,0.5272,1,3,0.648
69.801,0,3,1,0.0000,-0.6167,-0.0534,-1.1308,-179.4889,0.0000,0.0000,0.0000,-0.0144,-1.1501,179.7268,0.011,6118,-0.0111,-0.0994,0.5169,1,3,0.412
69.901,0,3,1,0.0000,-0.6167,-0.0521,-1.1203,-179.3574,0.0000,0.0000,0.0000,-0.0023,-1.0961,-178.1903,0.008,6124,-0.0111,-0.0994,0.5063,1,3,0.678
70.002,0,3,1,0.0000,-0.6167,-0.0515,-1.1105,-179.3974,0.0000,0.0000,0.0000,0.0010,-1.0905,-178.0157,0.006,6129,-0.0111,-0.0994,0.4965,1,3,0.386
70.103,0,3,1,0.0000,-0.6167,-0.0501,-1.1007,-179.3908,0.0000,0.0000,0.0000,-0.0890,-1.1364,-179.4885,0.024,6135,-0.0111,-0.0994,0.4866,1,3,0.392
70.202,0,3,1,0.0000,-0.6167,-0.0490,-1.0907,-179.4526,0.0000,0.0000,0.0000,-0.0115,-1.1075,179.6852,0.010,6142,-0.0111,-0.0994,0.4766,1,3,0.397
70.300,0,3,1,0.0000,-0.6167,-0.0484,-1.0791,-179.4593,0.0000,0.0000,0.0000,-0.0806,-1.1072,-179.5464,0.018,6147,-0.0112,-0.0994,0.4650,1,3,0.718
70.402,0,3,1,0.0000,-0.6167,-0.0464,-1.0691,-179.4396,0.0000,0.0000,0.0000,-0.0047,-1.0865,179.3752,0.012,6153,-0.0110,-0.0994,0.4548,1,3,0.385
70.499,0,3,1,0.0000,-0.6167,-0.0464,-1.0563,-179.3911,0.0000,0.0000,0.0000,-0.0050,-1.0368,-178.2037,0.006,6160,-0.0113,-0.0994,0.4421,1,3,0.736
70.600,0,3,1,0.0000,-0.6167,-0.0451,-1.0464,-179.3269,0.0000,0.0000,0.0000,-0.0019,-1.0672,179.4053,0.005,6166,-0.0112,-0.0994,0.4321,1,3,0.753
70.700,0,3,1,0.0000,-0.6167,-0.0441,-1.0369,-179.4080,0.0000,0.0000,0.0000,-0.0362,-1.0068,-178.8070,0.003,6172,-0.0112,-0.0994,0.4225,1,3,0.760
70.802,0,3,1,0.0000,-0.6167,-0.0433,-1.0255,-179.3207,0.0000,0.0000,0.0000,-0.0764,-1.0136,-179.0689,0.021,6177,-0.0113,-0.0994,0.4111,1,3,0.763
70.901,0,3,1,0.0000,-0.6167,-0.0420,-1.0155,-179.3548,0.0000,0.0000,0.0000,-0.0284,-0.9903,-178.8452,0.008,6184,-0.0112,-0.0994,0.4011,1,3,0.761
71.002,0,3,1,0.0000,-0.6167,-0.0411,-1.0039,-179.3153,0.0000,0.0000,0.0000,0.0060,-1.0238,179.3693,0.013,6190,-0.0113,-0.0994,0.3894,1,3,0.773
71.100,0,3,1,0.0000,-0.6167,-0.0406,-0.9933,-179.4469,0.0000,0.0000,0.0000,-0.0568,-0.9577,-179.3547,0.003,6196,-0.0115,-0.0993,0.3788,1,3,0.778
71.200,0,3,1,0.0000,-0.6167,-0.0403,-0.9829,-179.4118,0.0000,0.0000,0.0000,0.0097,-0.9993,179.0145,0.010,6202,-0.0117,-0.0993,0.3684,1,3,0.794
71.300,0,3,1,0.0000,-0.6167,-0.0390,-0.9722,-179.3533,0.0000,0.0000,0.0000,-0.0600,-0.9881,-178.9468,0.018,6207,-0.0117,-0.0993,0.3577,1,3,0.811
71.401,0,3,1,0.0000,-0.6167,-0.0382,-0.9631,-179.4083,0.0000,0.0000,0.0000,0.0126,-0.9820,179.3068,0.003,6214,-0.0117,-0.0993,0.3485,1,3,0.824
71.501,0,3,1,0.0000,-0.6167,-0.0375,-0.9504,-179.3929,0.0000,0.0000,0.0000,-0.0562,-0.9654,-178.8832,0.010,6219,-0.0119,-0.0993,0.3358,1,3,0.833
71.602,0,3,1,0.0000,-0.6167,-0.0362,-0.9404,-179.4794,0.0000,0.0000,0.0000,0.0159,-0.9566,178.8982,0.013,6226,-0.0119,-0.0993,0.3257,1,3,0.837
71.701,0,3,1,0.0000,-0.6167,-0.0357,-0.9301,-179.4815,0.0000,0.0000,0.0000,-0.0812,-0.8877,179.9544,0.007,6232,-0.0121,-0.0993,0.3155,1,3,0.855
71.802,0,3,1,0.0000,-0.6167,-0.0344,-0.9201,-179.4309,0.0000,0.0000,0.0000,0.0163,-0.9386,179.2925,0.013,6237,-0.0120,-0.0993,0.3054,1,3,0.860
71.901,0,3,1,0.0000,-0.6167,-0.0349,-0.9076,-179.4738,0.0000,0.0000,0.0000,-0.0716,-0.8726,-179.7240,0.002,6244,-0.0127,-0.0992,0.2930,1,3,0.367
72.003,0,3,1,0.0000,-0.6167,-0.0348,-0.8956,-179.4349,0.0000,0.0000,0.0000,-0.0644,-0.8970,-179.5142,0.015,6249,-0.0131,-0.0991,0.2811,1,3,0.891
72.102,0,3,1,0.0000,-0.6167,-0.0333,-0.8858,-179.5258,0.0000,0.0000,0.0000,0.0195,-0.9127,179.2213,0.013,6255,-0.0130,-0.0991,0.2712,1,3,0.895
72.202,0,3,1,0.0000,-0.6167,-0.0329,-0.8767,-179.3613,0.0000,0.0000,0.0000,-0.0874,-0.8053,179.7237,0.003,6262,-0.0133,-0.0991,0.2621,1,3,0.899
72.301,0,3,1,0.0000,-0.6167,-0.0336,-0.8641,-179.4169,0.0000,0.0000,0.0000,-0.0403,-0.8646,-178.3592,0.031,6267,-0.0142,-0.0990,0.2497,1,3,0.916
72.401,0,3,1,0.0000,-0.6167,-0.0356,-0.8502,-179.3240,0.0000,0.0000,0.0000,-0.0720,-0.8022,-179.8079,0.011,6274,-0.0158,-0.0987,0.2362,1,3,0.913
72.500,0,3,1,0.0000,-0.6167,-0.0359,-0.8412,-179.3268,0.0000,0.0000,0.0000,-0.0982,-0.7995,179.5119,0.002,6280,-0.0166,-0.0986,0.2274,1,3,0.937
72.601,0,3,1,0.0000,-0.6167,-0.0365,-0.8295,-179.3788,0.0000,0.0000,0.0000,-0.0644,-0.7985,-179.5872,0.008,6286,-0.0177,-0.0984,0.2159,1,3,0.921
72.701,0,3,1,0.0000,-0.6167,-0.0361,-0.8204,-179.3416,0.0000,0.0000,0.0000,-0.0535,-0.8524,-178.9635,0.003,6291,-0.0182,-0.0983,0.2069,1,3,0.945
72.801,0,3,1,0.0000,-0.6167,-0.0362,-0.8095,-179.4167,0.0000,0.0000,0.0000,-0.0537,-0.7919,-179.2899,0.008,6298,-0.0192,-0.0981,0.1962,1,3,0.961
72.901,0,3,1,0.0000,-0.6167,-0.0359,-0.7995,-179.3787,0.0000,0.0000,0.0000,-0.0471,-0.8257,-178.8833,0.024,6303,-0.0200,-0.0980,0.1864,1,3,0.381
73.003,0,3,1,0.0000,-0.6167,-0.0355,-0.7903,-179.3952,0.0000,0.0000,0.0000,-0.1375,-0.7316,178.4607,0.003,6309,-0.0208,-0.0978,0.1773,1,3,0.967
73.102,0,3,1,0.0000,-0.6167,-0.0357,-0.7791,-179.3872,0.0000,0.0000,0.0000,-0.0434,-0.8001,-179.8904,0.019,6315,-0.0222,-0.0975,0.1664,1,3,0.992
73.200,0,3,1,0.0000,-0.6167,-0.0356,-0.7693,-179.3799,0.0000,0.0000,0.0000,-0.0377,-0.7908,179.9780,0.003,6322,-0.0234,-0.0972,0.1568,1,3,0.992
73.300,0,3,1,0.0000,-0.6167,-0.0342,-0.7599,-179.4704,0.0000,0.0000,0.0000,-0.1202,-0.7056,178.7465,0.002,6328,-0.0240,-0.0971,0.1473,1,3,1.010
73.400,0,3,1,0.0000,-0.6167,-0.0335,-0.7497,-179.3304,0.0000,0.0000,0.0000,-0.0221,-0.7354,-179.6527,0.002,6334,-0.0251,-0.0968,0.1372,1,3,1.007
73.501,0,3,1,0.0000,-0.6167,-0.0330,-0.7375,-179.4846,0.0000,0.0000,0.0000,-0.1697,-0.6530,177.6212,0.009,6340,-0.0271,-0.0963,0.1253,1,3,1.016
73.605,0,3,1,0.0000,-0.6167,-0.0316,-0.7285,-179.5490,0.0000,0.0000,0.0000,-0.0095,-0.7036,179.8150,0.003,6346,-0.0259,-0.0892,0.1162,1,3,1.036
73.702,0,3,1,0.0000,-0.6167,-0.0296,-0.7189,-179.5193,0.0000,0.0000,0.0000,-0.1589,-0.6384,177.7100,0.003,6352,-0.0243,-0.0816,0.1064,1,3,1.029
73.802,0,3,1,0.0000,-0.6167,-0.0285,-0.7088,-179.5726,0.0000,0.0000,0.0000,0.0005,-0.6968,-179.8286,0.012,6358,-0.0234,-0.0736,0.0965,1,3,1.048
73.902,0,3,1,0.0000,-0.6167,-0.0275,-0.7020,-179.4591,0.0000,0.0000,0.0000,-0.1494,-0.6249,177.9023,0.009,6363,-0.0226,-0.0681,0.0897,1,3,1.061
74.001,0,3,1,0.0000,-0.6167,-0.0248,-0.6986,-179.5709,0.0000,0.0000,0.0000,0.0213,-0.9444,173.2833,0.012,6369,-0.0203,-0.0654,0.0856,1,3,1.066
74.101,0,3,1,0.0000,-0.6167,-0.0223,-0.6929,-179.5856,0.0000,0.0000,0.0000,-0.0077,-0.6901,-177.8480,0.016,6375,-0.0183,-0.0609,0.0795,1,3,1.067
74.204,0,3,2,0.6167,-0.6167,-0.0222,-0.6872,-179.7964,0.0000,0.0000,0.0000,0.0233,-0.6482,179.4560,0.005,6382,-0.0995,-0.0102,0.6428,1,3,1.072
74.300,0,3,2,0.6167,-0.6167,-0.0169,-0.6839,-179.8340,0.0000,0.0000,0.0000,-0.0029,-0.6759,-177.8665,0.024,6387,-0.0995,-0.0098,0.6372,1,3,1.094
74.402,0,3,2,0.6167,-0.6167,-0.0092,-0.6838,179.9803,0.0000,0.0000,0.0000,0.0314,-0.6389,179.3045,0.004,6394,-0.0995,-0.0099,0.6295,1,3,1.102
74.501,0,3,2,0.6167,-0.6167,-0.0010,-0.6807,-179.8648,0.0000,0.0000,0.0000,-0.1958,-0.5457,176.1519,0.009,6400,-0.0995,-0.0095,0.6210,1,3,1.070
74.602,0,3,2,0.6167,-0.6167,0.0085,-0.6795,-179.8052,0.0000,0.0000,0.0000,0.0560,-0.6447,179.6974,0.015,6405,-0.0995,-0.0095,0.6114,1,3,1.091
74.701,0,3,2,0.6167,-0.6167,0.0221,-0.6808,-179.8032,0.0000,0.0000,0.0000,-0.1701,-0.5477,176.4890,0.007,6412,-0.0995,-0.0100,0.5980,1,3,1.096
74.802,0,3,2,0.6167,-0.6167,0.0315,-0.6819,-179.8356,0.0000,0.0000,0.0000,0.0743,-0.8864,174.4099,0.014,6417,-0.0995,-0.0103,0.5888,1,3,0.656
74.900,0,3,2,0.6167,-0.6167,0.0401,-0.6806,-179.7173,0.0000,0.0000,0.0000,-0.1647,-0.5418,176.4346,0.002,6424,-0.0995,-0.0103,0.5801,1,3,1.103
75.002,0,3,2,0.6167,-0.6167,0.0489,-0.6781,-179.7008,0.0000,0.0000,0.0000,0.1028,-0.6464,-179.8366,0.011,6430,-0.0995,-0.0100,0.5711,1,3,0.682
75.103,0,3,2,0.6167,-0.6167,0.0582,-0.6772,-179.7675,0.0000,0.0000,0.0000,-0.1569,-0.5342,176.2857,0.003,6436,-0.0995,-0.0100,0.5617,1,3,1.100
75.199,0,3,2,0.6167,-0.6167,0.0643,-0.6753,-179.8421,0.0000,0.0000,0.0000,0.1235,-0.6517,-179.6324,0.005,6442,-0.0995,-0.0098,0.5554,1,3,1.092
75.303,0,3,2,0.6167,-0.6167,0.0744,-0.6765,-179.7968,0.0000,0.0000,0.0000,0.0913,-0.6520,-177.1067,0.003,6448,-0.0995,-0.0102,0.5456,1,3,1.098
75.401,0,3,2,0.6167,-0.6167,0.0838,-0.6757,-179.8537,0.0000,0.0000,0.0000,0.1479,-0.6463,-179.5607,0.009,6454,-0.0995,-0.0103,0.5361,1,3,1.072
75.500,0,3,2,0.6167,-0.6167,0.0933,-0.6752,-179.8163,0.0000,0.0000,0.0000,-0.0903,-0.5543,177.2207,0.025,6458,-0.0995,-0.0104,0.5266,1,3,1.102
75.601,0,3,2,0.6167,-0.6167,0.1024,-0.6752,-179.8200,0.0000,0.0000,0.0000,0.1702,-0.6516,-179.2021,0.007,6466,-0.0994,-0.0105,0.5176,1,3,1.116
75.700,0,3,2,0.6167,-0.6167,0.1124,-0.6744,-179.5796,0.0000,0.0000,0.0000,0.1328,-0.6439,-176.7559,0.029,6471,-0.0994,-0.0106,0.5076,1,3,1.100
75.802,0,3,2,0.6167,-0.6167,0.1210,-0.6728,-179.6728,0.0000,0.0000,0.0000,0.1939,-0.6508,-178.8444,0.017,6477,-0.0994,-0.0105,0.4988,1,3,1.116
75.901,0,3,2,0.6167,-0.6167,0.1300,-0.6721,-179.5140,0.0000,0.0000,0.0000,-0.0507,-0.5491,177.6074,0.003,6484,-0.0994,-0.0106,0.4898,1,3,0.469
76.003,0,3,2,0.6167,-0.6167,0.1394,-0.6729,-179.6379,0.0000,0.0000,0.0000,0.1869,-0.9145,174.6044,0.008,6489,-0.0994,-0.0109,0.4806,1,3,1.121
76.100,0,3,2,0.6167,-0.6167,0.1491,-0.6707,-179.4756,0.0000,0.0000,0.0000,-0.0261,-0.5532,177.9429,0.002,6496,-0.0994,-0.0107,0.4707,1,3,1.109
76.200,0,3,2,0.6167,-0.6167,0.1577,-0.6715,-179.5179,0.0000,0.0000,0.0000,0.2387,-0.6481,-178.4867,0.003,6502,-0.0994,-0.0111,0.4623,1,3,1.115
76.301,0,3,2,0.6167,-0.6167,0.1677,-0.6692,-179.5678,0.0000,0.0000,0.0000,0.0015,-0.5566,178.2186,0.008,6508,-0.0994,-0.0109,0.4520,1,3,1.109
76.400,0,3,2,0.6167,-0.6167,0.1768,-0.6689,-179.5163,0.0000,0.0000,0.0000,0.2557,-0.6543,-178.2673,0.002,6514,-0.0994,-0.0110,0.4429,1,3,1.126
76.501,0,3,2,0.6167,-0.6167,0.1933,-0.6689,-179.5351,0.0000,0.0000,0.0000,0.0434,-0.5703,178.7995,0.002,6520,-0.0993,-0.0115,0.4266,1,3,1.114
76.600,0,3,2,0.6167,-0.6167,0.2077,-0.6707,-179.4539,0.0000,0.0000,0.0000,0.2778,-0.6517,-178.1744,0.007,6526,-0.0992,-0.0123,0.4125,1,3,1.133
76.700,0,3,2,0.6167,-0.6167,0.2163,-0.6704,-179.6413,0.0000,0.0000,0.0000,0.5907,-0.6833,-169.6145,0.002,6531,-0.0992,-0.0125,0.4039,1,3,1.114
76.802,0,3,2,0.6167,-0.6167,0.2328,-0.6720,-179.5057,0.0000,0.0000,0.0000,0.2985,-0.6481,-178.3309,0.010,6537,-0.0991,-0.0135,0.3879,1,3,1.134
76.900,0,3,2,0.6167,-0.6167,0.2403,-0.6700,-179.5188,0.0000,0.0000,0.0000,0.0935,-0.5755,179.2441,0.003,6544,-0.0991,-0.0133,0.3801,1,3,1.469
77.003,0,3,2,0.6167,-0.6167,0.2496,-0.6705,-179.4774,0.0000,0.0000,0.0000,0.3179,-0.6513,-178.0433,0.004,6550,-0.0990,-0.0138,0.3710,1,3,1.139
77.101,0,3,2,0.6167,-0.6167,0.2601,-0.6690,-179.5854,0.0000,0.0000,0.0000,0.2716,-0.6083,-175.9134,0.012,6555,-0.0990,-0.0138,0.3604,1,3,0.972
77.201,0,3,2,0.6167,-0.6167,0.2664,-0.6670,-179.3073,0.0000,0.0000,0.0000,0.3008,-0.9076,174.9172,0.006,6562,-0.0991,-0.0135,0.3538,1,3,1.125
77.300,0,3,2,0.6167,-0.6167,0.2739,-0.6676,-179.5033,0.0000,0.0000,0.0000,0.0260,-0.4864,176.2442,0.006,6568,-0.0990,-0.0139,0.3465,1,3,0.761
77.402,0,3,2,0.6167,-0.6167,0.2796,-0.6643,-179.4174,0.0000,0.0000,0.0000,0.3593,-0.6470,-177.6680,0.002,6573,-0.0991,-0.0132,0.3404,1,3,1.146
77.501,0,3,2,0.6167,-0.6167,0.2871,-0.6620,-179.4193,0.0000,0.0000,0.0000,0.0450,-0.4846,176.4414,0.011,6580,-0.0992,-0.0129,0.3326,1,3,0.990
77.601,0,3,2,0.6167,-0.6167,0.2950,-0.6619,-179.5264,0.0000,0.0000,0.0000,0.3421,-0.8248,176.9355,0.021,6585,-0.0991,-0.0132,0.3249,1,3,1.155
77.700,0,3,2,0.6167,-0.6167,0.3060,-0.6598,-179.5062,0.0000,0.0000,0.0000,0.3885,-0.6384,-177.6425,0.020,6591,-0.0992,-0.0130,0.3136,1,3,0.977
77.801,0,3,2,0.6167,-0.6167,0.3138,-0.6578,-179.5033,0.0000,0.0000,0.0000,0.3993,-0.6393,-177.4490,0.014,6598,-0.0992,-0.0127,0.3057,1,3,1.003
77.903,0,3,2,0.6167,-0.6167,0.3207,-0.6542,-179.4626,0.0000,0.0000,0.0000,0.0865,-0.4814,176.6101,0.007,6604,-0.0993,-0.0118,0.2984,1,3,1.159
78.002,0,3,2,0.6167,-0.6167,0.3327,-0.6539,-179.5901,0.0000,0.0000,0.0000,0.4225,-0.6326,-177.6126,0.013,6610,-0.0992,-0.0123,0.2864,1,3,1.129
78.101,0,3,2,0.6167,-0.6167,0.3403,-0.6523,-179.5159,0.0000,0.0000,0.0000,0.2871,-0.6347,-177.6413,0.010,6615,-0.0993,-0.0120,0.2787,1,3,1.145
78.201,0,3,2,0.6167,-0.6167,0.3501,-0.6502,-179.5496,0.0000,0.0000,0.0000,0.4388,-0.6363,-177.3582,0.006,6622,-0.0993,-0.0117,0.2686,1,3,1.153
78.299,0,3,2,0.6167,-0.6167,0.3581,-0.6484,-179.4695,0.0000,0.0000,0.0000,0.3069,-0.6318,-177.5727,0.022,6627,-0.0993,-0.0114,0.2605,1,3,1.163
78.403,0,3,2,0.6167,-0.6167,0.3674,-0.6465,-179.5790,0.0000,0.0000,0.0000,0.3245,-0.6255,-177.2907,0.003,6635,-0.0994,-0.0111,0.2510,1,3,1.134
78.500,0,3,2,0.6167,-0.6167,0.3749,-0.6449,-179.5500,0.0000,0.0000,0.0000,0.3907,-0.4856,-178.6565,0.011,6640,-0.0994,-0.0108,0.2434,1,3,1.165
78.603,0,3,2,0.6167,-0.6167,0.3860,-0.6416,-179.4882,0.0000,0.0000,0.0000,0.4849,-0.6229,-177.7967,0.018,6645,-0.0995,-0.0100,0.2320,1,3,1.177
78.701,0,3,2,0.6167,-0.6167,0.3952,-0.6400,-179.3617,0.0000,0.0000,0.0000,0.4058,-0.4822,-178.5202,0.013,6652,-0.0995,-0.0097,0.2227,1,3,1.101
78.802,0,3,2,0.6167,-0.6167,0.4047,-0.6400,-179.4682,0.0000,0.0000,0.0000,0.4594,-0.7905,177.6954,0.019,6657,-0.0995,-0.0102,0.2133,1,3,1.113
78.902,0,3,2,0.6167,-0.6167,0.4124,-0.6384,-179.4123,0.0000,0.0000,0.0000,0.4187,-0.4761,-178.7061,0.003,6664,-0.0995,-0.0098,0.2054,1,3,1.173
79.001,0,3,2,0.6167,-0.6167,0.4248,-0.6366,-179.4754,0.0000,0.0000,0.0000,0.5229,-0.6171,-177.5336,0.002,6670,-0.0995,-0.0096,0.1929,1,3,1.169
79.100,0,3,2,0.6167,-0.6167,0.4465,-0.6250,-179.0339,0.0000,0.0000,0.0000,0.2327,-0.4886,177.4397,0.007,6676,-0.0999,-0.0042,0.1704,1,3,1.166
79.203,0,3,2,0.6167,-0.6167,0.4546,-0.6249,-179.1934,0.0000,0.0000,0.0000,0.5460,-0.6105,-177.4724,0.007,6682,-0.0999,-0.0043,0.1623,1,3,1.167
79.300,0,3,2,0.6167,-0.6167,0.4668,-0.6244,-179.1793,0.0000,0.0000,0.0000,0.4600,-0.4779,-178.5176,0.010,6688,-0.0999,-0.0044,0.1501,1,3,0.903
79.401,0,3,2,0.6167,-0.6167,0.4761,-0.6247,-179.2843,0.0000,0.0000,0.0000,0.5587,-0.6165,-177.3647,0.006,6694,-0.0999,-0.0049,0.1408,1,3,1.180
79.501,0,3,2,0.6167,-0.6167,0.4861,-0.6251,-179.3668,0.0000,0.0000,0.0000,0.4958,-0.7416,-179.4233,0.008,6699,-0.0998,-0.0057,0.1308,1,3,1.164
79.600,0,3,2,0.6167,-0.6167,0.4958,-0.6274,-179.5250,0.0000,0.0000,0.0000,0.5806,-0.6108,-177.5643,0.006,6706,-0.0967,-0.0079,0.1213,1,3,1.175
79.703,0,3,2,0.6167,-0.6167,0.5067,-0.6259,-179.5078,0.0000,0.0000,0.0000,0.4887,-0.4756,-178.9883,0.010,6712,-0.0880,-0.0067,0.1103,1,3,1.177
79.800,0,3,2,0.6167,-0.6167,0.5140,-0.6260,-179.4970,0.0000,0.0000,0.0000,0.6031,-0.6055,-177.7793,0.009,6717,-0.0822,-0.0069,0.1031,1,3,1.190
79.899,0,3,2,0.6167,-0.6167,0.5245,-0.6276,-179.5230,0.0000,0.0000,0.0000,0.3376,-0.4975,177.8189,0.006,6724,-0.0738,-0.0082,0.0928,1,3,1.150
80.003,0,3,2,0.6167,-0.6167,0.5318,-0.6281,-179.5804,0.0000,0.0000,0.0000,0.5733,-0.7478,178.1688,0.015,6730,-0.0679,-0.0086,0.0856,1,3,1.169
80.100,0,3,2,0.6167,-0.6167,0.5379,-0.6288,-179.6273,0.0000,0.0000,0.0000,0.5146,-0.4725,-179.0442,0.007,6736,-0.0631,-0.0092,0.0797,1,3,1.154
80.202,0,3,3,0.6167,0.0000,0.5442,-0.6291,-179.7285,0.0000,0.0000,0.0000,0.6344,-0.5991,-177.8127,0.009,6742,-0.0122,-0.0993,0.6333,1,3,1.150
80.302,0,3,3,0.6167,0.0000,0.5476,-0.6220,-179.5198,0.0000,0.0000,0.0000,0.5264,-0.4708,-179.1176,0.018,6748,-0.0118,-0.0993,0.6258,1,3,1.148
80.400,0,3,3,0.6167,0.0000,0.5506,-0.6154,-179.3629,0.0000,0.0000,0.0000,0.5980,-0.7493,178.4683,0.019,6753,-0.0114,-0.0993,0.6189,1,3,1.133
80.500,0,3,3,0.6167,0.0000,0.5527,-0.6071,-179.5381,0.0000,0.0000,0.0000,0.3567,-0.4718,177.8231,0.006,6760,-0.0112,-0.0994,0.6105,1,3,1.145
80.600,0,3,3,0.6167,0.0000,0.5539,-0.5975,-179.4449,0.0000,0.0000,0.0000,0.6458,-0.5709,-177.5633,0.008,6766,-0.0112,-0.0994,0.6008,1,3,1.123
80.701,0,3,3,0.6167,0.0000,0.5572,-0.5877,-179.4755,0.0000,0.0000,0.0000,0.5862,-0.6688,-178.4954,0.002,6772,-0.0108,-0.0994,0.5907,1,3,1.116
80.800,0,3,3,0.6167,0.0000,0.5591,-0.5772,-179.5854,0.0000,0.0000,0.0000,0.6486,-0.5496,-177.6697,0.010,6778,-0.0107,-0.0994,0.5801,1,3,1.133
80.900,0,3,3,0.6167,0.0000,0.5615,-0.5691,-179.4372,0.0000,0.0000,0.0000,0.5409,-0.4125,-178.5787,0.005,6784,-0.0104,-0.0995,0.5717,1,3,0.968
81.003,0,3,3,0.6167,0.0000,0.5647,-0.5582,-179.4759,0.0000,0.0000,0.0000,0.6511,-0.5276,-177.6953,0.010,6790,-0.0100,-0.0995,0.5606,1,3,1.125
81.102,0,3,3,0.6167,0.0000,0.5669,-0.5487,-179.4510,0.0000,0.0000,0.0000,0.5969,-0.6115,-178.1096,0.024,6795,-0.0098,-0.0995,0.5510,1,3,1.133
81.201,0,3,3,0.6167,0.0000,0.5673,-0.5392,-179.4419,0.0000,0.0000,0.0000,0.6484,-0.5121,-177.4449,0.016,6802,-0.0099,-0.0995,0.5415,1,3,1.142
81.302,0,3,3,0.6167,0.0000,0.5695,-0.5282,-179.4651,0.0000,0.0000,0.0000,0.5460,-0.3702,-178.4107,0.014,6808,-0.0097,-0.0995,0.5303,1,3,1.139
81.401,0,3,3,0.6167,0.0000,0.5721,-0.5195,-179.5590,0.0000,0.0000,0.0000,0.6517,-0.4899,-177.6896,0.017,6813,-0.0093,-0.0996,0.5214,1,3,1.147
81.501,0,3,3,0.6167,0.0000,0.5743,-0.5095,-179.3163,0.0000,0.0000,0.0000,0.5433,-0.3497,-178.6035,0.014,6820,-0.0091,-0.0996,0.5113,1,3,1.132
81.600,0,3,3,0.6167,0.0000,0.5763,-0.5026,-179.4013,0.0000,0.0000,0.0000,0.6088,-0.6898,177.3017,0.021,6825,-0.0088,-0.0996,0.5042,1,3,1.158
81.700,0,3,3,0.6167,0.0000,0.5788,-0.4905,-179.5795,0.0000,0.0000,0.0000,0.5482,-0.3315,-178.3259,0.014,6832,-0.0085,-0.0996,0.4919,1,3,1.136
81.800,0,3,3,0.6167,0.0000,0.5806,-0.4830,-179.5196,0.0000,0.0000,0.0000,0.6464,-0.4552,-177.4527,0.009,6838,-0.0082,-0.0997,0.4843,1,3,1.124
81.903,0,3,3,0.6167,0.0000,0.5827,-0.4705,-179.4062,0.0000,0.0000,0.0000,0.5406,-0.3078,-178.6169,0.017,6844,-0.0080,-0.0997,0.4717,1,3,1.124
82.000,0,3,3,0.6167,0.0000,0.5843,-0.4631,-179.5401,0.0000,0.0000,0.0000,0.6428,-0.4383,-177.1602,0.008,6850,-0.0077,-0.0997,0.4642,1,3,1.143
82.100,0,3,3,0.6167,0.0000,0.5861,-0.4529,-179.3757,0.0000,0.0000,0.0000,0.5501,-0.2900,-178.4851,0.002,6856,-0.0075,-0.0997,0.4539,1,3,1.137
82.200,0,3,3,0.6167,0.0000,0.5881,-0.4418,-179.3179,0.0000,0.0000,0.0000,0.6383,-0.4209,-176.9198,0.014,6862,-0.0072,-0.0997,0.4427,1,3,1.146
82.301,0,3,3,0.6167,0.0000,0.5893,-0.4300,-179.2952,0.0000,0.0000,0.0000,0.6201,-0.4393,-177.0134,0.020,6867,-0.0071,-0.0997,0.4309,1,3,1.129
82.401,0,3,3,0.6167,0.0000,0.5906,-0.4180,-179.3580,0.0000,0.0000,0.0000,0.6412,-0.3990,-177.0290,0.014,6874,-0.0070,-0.0998,0.4188,1,3,1.161
82.502,0,3,3,0.6167,0.0000,0.5921,-0.4077,-179.3835,0.0000,0.0000,0.0000,0.6250,-0.4060,-176.8762,0.029,6879,-0.0068,-0.0998,0.4085,1,3,1.136
82.600,0,3,3,0.6167,0.0000,0.5930,-0.3965,-179.3854,0.0000,0.0000,0.0000,0.6331,-0.3843,-176.8800,0.017,6885,-0.0067,-0.0998,0.3972,1,3,1.116
82.699,0,3,3,0.6167,0.0000,0.5944,-0.3877,-179.1431,0.0000,0.0000,0.0000,0.5486,-0.2277,-178.4804,0.010,6892,-0.0065,-0.0998,0.3883,1,3,1.143
82.800,0,3,3,0.6167,0.0000,0.5945,-0.3743,-179.2505,0.0000,0.0000,0.0000,0.6167,-0.5142,178.4446,0.012,6897,-0.0067,-0.0998,0.3749,1,3,1.147
82.900,0,3,3,0.6167,0.0000,0.5958,-0.3626,-179.2848,0.0000,0.0000,0.0000,0.5433,-0.2049,-178.6459,0.015,6904,-0.0065,-0.0998,0.3632,1,3,1.164
83.001,0,3,3,0.6167,0.0000,0.5967,-0.3541,-179.2869,0.0000,0.0000,0.0000,0.6229,-0.3506,-176.4682,0.008,6910,-0.0064,-0.0998,0.3546,1,3,1.140
83.100,0,3,3,0.6167,0.0000,0.5980,-0.3434,-179.2445,0.0000,0.0000,0.0000,0.5574,-0.1897,-178.1784,0.010,6916,-0.0062,-0.0998,0.3439,1,3,1.131
83.202,0,3,3,0.6167,0.0000,0.5986,-0.3315,-179.3977,0.0000,0.0000,0.0000,0.6166,-0.3336,-176.3337,0.003,6922,-0.0062,-0.0998,0.3320,1,3,1.119
83.302,0,3,3,0.6167,0.0000,0.5993,-0.3191,-179.2886,0.0000,0.0000,0.0000,0.5493,-0.1664,-178.7339,0.017,6928,-0.0062,-0.0998,0.3195,1,3,1.067
83.400,0,3,3,0.6167,0.0000,0.6000,-0.3108,-179.2608,0.0000,0.0000,0.0000,0.6114,-0.3166,-176.1890,0.008,6934,-0.0061,-0.0998,0.3112,1,3,1.135
83.500,0,3,3,0.6167,0.0000,0.6006,-0.2999,-179.2596,0.0000,0.0000,0.0000,0.5520,-0.1478,-178.5595,0.012,6939,-0.0061,-0.0998,0.3003,1,3,1.080
83.602,0,3,3,0.6167,0.0000,0.6016,-0.2895,-179.1635,0.0000,0.0000,0.0000,0.5553,-0.1419,-178.5806,0.007,6945,-0.0060,-0.0998,0.2899,1,3,1.138
83.702,0,3,3,0.6167,0.0000,0.6015,-0.2745,-179.1572,0.0000,0.0000,0.0000,0.5495,-0.1262,-178.7710,0.009,6952,-0.0063,-0.0998,0.2749,1,3,1.102
83.801,0,3,3,0.6167,0.0000,0.6024,-0.2648,-179.1627,0.0000,0.0000,0.0000,0.5997,-0.2831,-175.9402,0.008,6958,-0.0062,-0.0998,0.2652,1,3,1.070
83.901,0,3,3,0.6167,0.0000,0.6030,-0.2533,-179.0134,0.0000,0.0000,0.0000,0.6131,-0.3401,179.4205,0.014,6963,-0.0062,-0.0998,0.2537,1,3,1.078
84.003,0,3,3,0.6167,0.0000,0.6028,-0.2415,-179.1290,0.0000,0.0000,0.0000,0.6134,-0.3248,179.5373,0.003,6970,-0.0065,-0.0998,0.2419,1,3,1.114
84.101,0,3,3,0.6167,0.0000,0.6022,-0.2283,-179.1019,0.0000,0.0000,0.0000,0.5648,-0.0917,-178.4695,0.012,6976,-0.0071,-0.0997,0.2288,1,3,1.098
84.200,0,3,3,0.6167,0.0000,0.6026,-0.2190,-179.1991,0.0000,0.0000,0.0000,0.5857,-0.2490,-175.6925,0.007,6982,-0.0072,-0.0997,0.2194,1,3,1.058
84.300,0,3,3,0.6167,0.0000,0.6024,-0.2036,-179.1745,0.0000,0.0000,0.0000,0.5570,-0.0694,-178.8407,0.012,6988,-0.0077,-0.0997,0.2041,1,3,1.073
84.401,0,3,3,0.6167,0.0000,0.6030,-0.1940,-179.1650,0.0000,0.0000,0.0000,0.6060,-0.2495,179.8858,0.019,6993,-0.0078,-0.0997,0.1945,1,3,1.052
84.502,0,3,3,0.6167,0.0000,0.6035,-0.1800,-179.1664,0.0000,0.0000,0.0000,0.5631,-0.0524,-178.7480,0.007,7000,-0.0080,-0.0997,0.1804,1,3,0.973
84.603,0,3,3,0.6167,0.0000,0.6041,-0.1696,-179.1087,0.0000,0.0000,0.0000,0.5951,-0.2016,-176.1797,0.011,7006,-0.0082,-0.0997,0.1701,1,3,1.032
84.701,0,3,3,0.6167,0.0000,0.6046,-0.1563,-179.1384,0.0000,0.0000,0.0000,0.5671,-0.0341,-178.6665,0.016,7012,-0.0084,-0.0996,0.1568,1,3,0.877
84.801,0,3,3,0.6167,0.0000,0.6048,-0.1456,-179.1549,0.0000,0.0000,0.0000,0.5850,-0.1850,-176.0896,0.017,7018,-0.0089,-0.0996,0.1461,1,3,1.022
84.900,0,3,3,0.6167,0.0000,0.6053,-0.1320,-179.1941,0.0000,0.0000,0.0000,0.6541,-0.0219,-175.0273,0.008,7024,-0.0094,-0.0996,0.1325,1,3,1.045
85.000,0,3,3,0.6167,0.0000,0.6054,-0.1214,-179.1110,0.0000,0.0000,0.0000,0.5781,-0.1692,-175.9168,0.015,7030,-0.0098,-0.0971,0.1220,1,3,1.032
85.101,0,3,3,0.6167,0.0000,0.6061,-0.1092,-179.0372,0.0000,0.0000,0.0000,0.6566,0.0098,-174.8957,0.028,7035,-0.0091,-0.0873,0.1097,1,3,0.996
85.203,0,3,3,0.6167,0.0000,0.6053,-0.0996,-179.1995,0.0000,0.0000,0.0000,0.5730,-0.1496,-175.6811,0.014,7042,-0.0097,-0.0796,0.1002,1,3,1.103
85.300,0,3,3,0.6167,0.0000,0.6052,-0.0886,-179.1452,0.0000,0.0000,0.0000,0.5682,0.0242,-179.2325,0.017,7048,-0.0097,-0.0708,0.0894,1,3,0.915
85.403,0,3,3,0.6167,0.0000,0.6053,-0.0803,-179.2110,0.0000,0.0000,0.0000,0.5652,-0.1385,-175.7663,0.014,7053,-0.0097,-0.0647,0.0811,1,3,1.009
85.501,0,3,3,0.6167,0.0000,0.6057,-0.0699,-179.1709,0.0000,0.0000,0.0000,0.5597,0.0429,-179.6526,0.017,7060,-0.0092,-0.0559,0.0708,1,3,0.798
85.601,0,3,4,0.6167,0.6167,0.6052,-0.0628,-179.2551,0.0000,0.0000,0.0000,0.5891,-0.0688,-179.3365,0.017,7065,-0.0025,-0.1000,0.6795,1,3,0.916
85.701,0,3,4,0.6167,0.6167,0.6042,-0.0535,-179.2451,0.0000,0.0000,0.0000,0.5654,0.0513,-179.7286,0.013,7072,-0.0026,-0.1000,0.6703,1,3,0.943
85.800,0,3,4,0.6167,0.6167,0.6036,-0.0438,-179.1974,0.0000,0.0000,0.0000,0.5728,-0.1026,-176.3129,0.007,7078,-0.0028,-0.1000,0.6606,1,3,1.178
85.900,0,3,4,0.6167,0.6167,0.6029,-0.0331,-179.1873,0.0000,0.0000,0.0000,0.5667,0.0720,-179.5919,0.012,7084,-0.0029,-0.1000,0.6499,1,3,1.174
86.000,0,3,4,0.6167,0.6167,0.6018,-0.0263,-179.2712,0.0000,0.0000,0.0000,0.5654,-0.0844,-176.0436,0.009,7090,-0.0031,-0.1000,0.6431,1,3,0.727
86.100,0,3,4,0.6167,0.6167,0.6015,-0.0155,-179.4381,0.0000,0.0000,0.0000,0.5625,0.0938,179.9520,0.010,7096,-0.0032,-0.0999,0.6323,1,3,0.765
86.202,0,3,4,0.6167,0.6167,0.6007,-0.0067,-179.2833,0.0000,0.0000,0.0000,0.5568,-0.0678,-176.0464,0.006,7102,-0.0033,-0.0999,0.6236,1,3,0.871
86.303,0,3,4,0.6167,0.6167,0.6006,0.0035,-179.2444,0.0000,0.0000,0.0000,0.5814,0.0155,-178.1260,0.003,7107,-0.0034,-0.0999,0.6134,1,3,0.902
86.400,0,3,4,0.6167,0.6167,0.5995,0.0132,-179.3242,0.0000,0.0000,0.0000,0.5445,-0.0510,-175.7241,0.008,7114,-0.0036,-0.0999,0.6037,1,3,0.808
86.501,0,3,4,0.6167,0.6167,0.5991,0.0249,-179.2677,0.0000,0.0000,0.0000,0.5634,0.1338,179.9214,0.008,7120,-0.0037,-0.0999,0.5920,1,3,0.831
86.603,0,3,4,0.6167,0.6167,0.5980,0.0364,-179.2026,0.0000,0.0000,0.0000,0.5403,-0.0321,-175.6650,0.004,7125,-0.0040,-0.0999,0.5805,1,3,0.808
86.701,0,3,4,0.6167,0.6167,0.5977,0.0454,-179.2512,0.0000,0.0000,0.0000,0.5685,0.1506,-179.7342,0.010,7132,-0.0041,-0.0999,0.5716,1,3,0.785
86.802,0,3,4,0.6167,0.6167,0.5976,0.0533,-179.2849,0.0000,0.0000,0.0000,0.6134,-0.1592,175.4241,0.013,7138,-0.0041,-0.0999,0.5637,1,3,1.161
86.901,0,3,4,0.6167,0.6167,0.5963,0.0715,-179.2099,0.0000,0.0000,0.0000,0.5734,0.1679,-179.7385,0.013,7144,-0.0045,-0.0999,0.5455,1,3,0.971
87.003,0,3,4,0.6167,0.6167,0.5963,0.0795,-179.1380,0.0000,0.0000,0.0000,0.5431,0.0143,-175.9564,0.010,7150,-0.0046,-0.0999,0.5376,1,3,0.920
87.101,0,3,4,0.6167,0.6167,0.5960,0.0947,-179.1553,0.0000,0.0000,0.0000,0.5640,0.1913,179.8538,0.011,7156,-0.0047,-0.0999,0.5224,1,3,0.982
87.202,0,3,4,0.6167,0.6167,0.5964,0.1027,-179.2120,0.0000,0.0000,0.0000,0.5324,0.0313,-175.6738,0.003,7162,-0.0047,-0.0999,0.5144,1,3,1.039
87.300,0,3,4,0.6167,0.6167,0.5947,0.1162,-179.0966,0.0000,0.0000,0.0000,0.5703,0.2083,-179.9128,0.017,7168,-0.0051,-0.0999,0.5009,1,3,1.107
87.400,0,3,4,0.6167,0.6167,0.5945,0.1257,-179.2223,0.0000,0.0000,0.0000,0.5240,0.0481,-175.5772,0.011,7174,-0.0053,-0.0999,0.4914,1,3,1.012
87.500,0,3,4,0.6167,0.6167,0.5930,0.1344,-179.2086,0.0000,0.0000,0.0000,0.5690,0.1411,-178.6322,0.002,7180,-0.0057,-0.0998,0.4828,1,3,1.041
87.601,0,3,4,0.6167,0.6167,0.5918,0.1418,-179.3572,0.0000,0.0000,0.0000,0.5244,0.0716,-175.7627,0.012,7186,-0.0060,-0.0998,0.4755,1,3,1.181
87.700,0,3,4,0.6167,0.6167,0.5912,0.1500,-179.2640,0.0000,0.0000,0.0000,0.5646,0.2519,179.4894,0.002,7192,-0.0062,-0.0998,0.4674,1,3,1.034
87.800,0,3,4,0.6167,0.6167,0.5904,0.1588,-179.2283,0.0000,0.0000,0.0000,0.5159,0.0897,-175.3915,0.009,7198,-0.0065,-0.0998,0.4586,1,3,1.065
87.900,0,3,4,0.6167,0.6167,0.5895,0.1680,-179.3443,0.0000,0.0000,0.0000,0.5717,0.1973,-178.4648,0.032,7203,-0.0068,-0.0998,0.4495,1,3,1.050
87.999,0,3,4,0.6167,0.6167,0.5882,0.1757,-179.4261,0.0000,0.0000,0.0000,0.3383,0.0060,-170.1356,0.013,7210,-0.0072,-0.0997,0.4419,1,3,1.081
88.100,0,3,4,0.6167,0.6167,0.5842,0.1857,-179.2194,0.0000,0.0000,0.0000,0.5766,0.2832,179.8767,0.011,7216,-0.0083,-0.0997,0.4322,1,3,1.145
88.202,0,3,4,0.6167,0.6167,0.5807,0.1934,-179.1861,0.0000,0.0000,0.0000,0.3508,0.0373,-170.5723,0.017,7221,-0.0092,-0.0996,0.4248,1,3,0.937
88.300,0,3,4,0.6167,0.6167,0.5802,0.2035,-179.2003,0.0000,0.0000,0.0000,0.5739,0.3056,179.7118,0.015,7228,-0.0096,-0.0995,0.4148,1,3,1.068
88.400,0,3,4,0.6167,0.6167,0.5800,0.2117,-179.1210,0.0000,0.0000,0.0000,0.6435,0.1627,178.2927,0.021,7233,-0.0098,-0.0995,0.4067,1,3,1.078
88.501,0,3,4,0.6167,0.6167,0.5773,0.2225,-179.1867,0.0000,0.0000,0.0000,0.5802,0.3212,179.9460,0.009,7240,-0.0107,-0.0994,0.3962,1,3,1.052
88.600,0,3,4,0.6167,0.6167,0.5747,0.2311,-179.1639,0.0000,0.0000,0.0000,0.3885,0.1108,-172.1769,0.011,7246,-0.0116,-0.0993,0.3878,1,3,1.143
88.701,0,3,4,0.6167,0.6167,0.5749,0.2434,-179.2525,0.0000,0.0000,0.0000,0.5877,0.3370,179.9806,0.017,7252,-0.0119,-0.0993,0.3756,1,3,1.040
88.801,0,3,4,0.6167,0.6167,0.5736,0.2521,-179.2416,0.0000,0.0000,0.0000,0.3997,0.1389,-172.7869,0.005,7258,-0.0125,-0.0992,0.3671,1,3,1.106
88.901,0,3,4,0.6167,0.6167,0.5737,0.2639,-179.1815,0.0000,0.0000,0.0000,0.5762,0.3194,-178.5488,0.010,7264,-0.0129,-0.0992,0.3554,1,3,1.085
89.000,0,3,4,0.6167,0.6167,0.5729,0.2730,-178.9679,0.0000,0.0000,0.0000,0.4121,0.1656,-172.9359,0.010,7270,-0.0134,-0.0991,0.3465,1,3,1.064
89.102,0,3,4,0.6167,0.6167,0.5734,0.2838,-179.2345,0.0000,0.0000,0.0000,0.5792,0.3474,-178.1539,0.006,7275,-0.0136,-0.0991,0.3356,1,3,1.078
89.203,0,3,4,0.6167,0.6167,0.5732,0.2942,-179.2789,0.0000,0.0000,0.0000,0.4276,0.1981,-173.9122,0.012,7282,-0.0141,-0.0990,0.3254,1,3,1.120
89.300,0,3,4,0.6167,0.6167,0.5737,0.3044,-179.2057,0.0000,0.0000,0.0000,0.5872,0.3961,179.5744,0.007,7288,-0.0144,-0.0990,0.3152,1,3,1.128
89.403,0,3,4,0.6167,0.6167,0.5735,0.3161,-179.1480,0.0000,0.0000,0.0000,0.4462,0.2287,-174.2359,0.015,7293,-0.0150,-0.0989,0.3037,1,3,1.114
89.500,0,3,4,0.6167,0.6167,0.5753,0.3281,-179.1532,0.0000,0.0000,0.0000,0.5941,0.4116,179.7427,0.016,7300,-0.0149,-0.0989,0.2915,1,3,1.101
89.602,0,3,4,0.6167,0.6167,0.5763,0.3379,-179.3395,0.0000,0.0000,0.0000,0.5879,0.4335,-177.8871,0.003,7306,-0.0151,-0.0989,0.2817,1,3,1.072
89.700,0,3,4,0.6167,0.6167,0.5771,0.3505,-179.2786,0.0000,0.0000,0.0000,0.6018,0.4261,179.8434,0.017,7312,-0.0155,-0.0988,0.2691,1,3,1.090
89.803,0,3,4,0.6167,0.6167,0.5786,0.3603,-179.2557,0.0000,0.0000,0.0000,0.4687,0.2799,-174.9920,0.003,7318,-0.0154,-0.0988,0.2592,1,3,1.088
89.900,0,3,4,0.6167,0.6167,0.5792,0.3727,-179.2123,0.0000,0.0000,0.0000,0.6049,0.4389,-179.9449,0.019,7324,-0.0159,-0.0987,0.2468,1,3,1.110
90.002,0,3,4,0.6167,0.6167,0.5799,0.3829,-179.1962,0.0000,0.0000,0.0000,0.4766,0.3030,-175.2544,0.013,7330,-0.0159,-0.0987,0.2367,1,3,1.102
90.100,0,3,4,0.6167,0.6167,0.5817,0.3952,-179.1771,0.0000,0.0000,0.0000,0.6118,0.4583,-179.7011,0.017,7336,-0.0164,-0.0987,0.2242,1,3,1.119
90.201,0,3,4,0.6167,0.6167,0.5826,0.4056,-179.2661,0.0000,0.0000,0.0000,0.4887,0.3290,-175.5604,0.015,7342,-0.0167,-0.0986,0.2138,1,3,1.144
90.300,0,3,4,0.6167,0.6167,0.5839,0.4163,-179.2647,0.0000,0.0000,0.0000,0.5945,0.5198,-177.7018,0.004,7348,-0.0169,-0.0986,0.2030,1,3,1.120
90.402,0,3,4,0.6167,0.6167,0.5848,0.4290,-179.3179,0.0000,0.0000,0.0000,0.4960,0.3514,-175.7456,0.010,7354,-0.0171,-0.0985,0.1904,1,3,1.120
90.501,0,3,4,0.6167,0.6167,0.5861,0.4418,-179.4492,0.0000,0.0000,0.0000,0.5898,0.5198,178.5781,0.008,7360,-0.0180,-0.0984,0.1775,1,3,1.125
90.602,0,3,4,0.6167,0.6167,0.5870,0.4525,-179.4168,0.0000,0.0000,0.0000,0.5019,0.3742,-176.0096,0.009,7366,-0.0186,-0.0983,0.1668,1,3,1.142
90.701,0,3,4,0.6167,0.6167,0.5886,0.4652,-179.3947,0.0000,0.0000,0.0000,0.5961,0.5332,178.7730,0.008,7372,-0.0190,-0.0982,0.1540,1,3,1.052
90.800,0,3,4,0.6167,0.6167,0.5893,0.4755,-179.3092,0.0000,0.0000,0.0000,0.5110,0.3977,-176.2624,0.017,7377,-0.0198,-0.0980,0.1438,1,3,0.935
90.901,0,3,4,0.6167,0.6167,0.5915,0.4886,-179.3875,0.0000,0.0000,0.0000,0.6027,0.5490,179.0050,0.018,7384,-0.0200,-0.0980,0.1305,1,3,0.878
91.003,0,3,4,0.6167,0.6167,0.5927,0.4993,-179.4281,0.0000,0.0000,0.0000,0.5158,0.4188,-176.5162,0.010,7390,-0.0199,-0.0937,0.1198,1,3,0.839
91.101,0,3,4,0.6167,0.6167,0.5945,0.5114,-179.2221,0.0000,0.0000,0.0000,0.6108,0.5635,179.1103,0.017,7396,-0.0184,-0.0841,0.1076,1,3,1.096
91.204,0,3,4,0.6167,0.6167,0.5963,0.5215,-179.3959,0.0000,0.0000,0.0000,0.6248,0.5686,179.9362,0.022,7401,-0.0169,-0.0760,0.0973,1,3,1.118
91.301,0,3,4,0.6167,0.6167,0.5973,0.5312,-179.4265,0.0000,0.0000,0.0000,0.6149,0.5734,179.2385,0.017,7408,-0.0160,-0.0682,0.0876,1,3,1.110
91.400,0,3,4,0.6167,0.6167,0.5981,0.5384,-179.3548,0.0000,0.0000,0.0000,0.5326,0.4582,-176.8330,0.016,7414,-0.0153,-0.0625,0.0804,1,3,1.130
91.500,0,3,4,0.6167,0.6167,0.5999,0.5479,-179.3594,0.0000,0.0000,0.0000,0.6200,0.5852,179.3713,0.019,7420,-0.0139,-0.0549,0.0707,1,3,1.122
91.600,0,3,5,0.0000,0.6167,0.5997,0.5536,-179.2865,0.0000,0.0000,0.0000,0.5390,0.4730,-176.8891,0.014,7426,0.0994,-0.0112,0.6030,1,3,0.736
91.702,0,3,5,0.0000,0.6167,0.5915,0.5577,-179.5649,0.0000,0.0000,0.0000,0.6259,0.5962,179.2995,0.012,7432,0.0994,-0.0107,0.5945,1,3,0.792
91.801,0,3,5,0.0000,0.6167,0.5819,0.5605,-179.5693,0.0000,0.0000,0.0000,0.5287,0.4759,-177.2305,0.008,7438,0.0995,-0.0104,0.5846,1,3,0.734
91.901,0,3,5,0.0000,0.6167,0.5727,0.5645,-179.4839,0.0000,0.0000,0.0000,0.5948,0.6911,-177.2749,0.010,7443,0.0995,-0.0098,0.5751,1,3,1.135
92.002,0,3,5,0.0000,0.6167,0.5626,0.5672,-179.6686,0.0000,0.0000,0.0000,0.5035,0.4739,-177.1608,0.016,7450,0.0995,-0.0095,0.5648,1,3,1.123
92.101,0,3,5,0.0000,0.6167,0.5529,0.5712,-179.6051,0.0000,0.0000,0.0000,0.5653,0.6241,177.6291,0.017,7456,0.0996,-0.0090,0.5548,1,3,1.151
92.201,0,3,5,0.0000,0.6167,0.5424,0.5724,-179.6113,0.0000,0.0000,0.0000,0.4783,0.4729,-177.0537,0.016,7461,0.0996,-0.0089,0.5442,1,3,1.147
92.302,0,3,5,0.0000,0.6167,0.5329,0.5766,-179.5857,0.0000,0.0000,0.0000,0.5457,0.6254,177.8286,0.018,7468,0.0997,-0.0083,0.5344,1,3,0.607
92.401,0,3,5,0.0000,0.6167,0.5240,0.5789,-179.5488,0.0000,0.0000,0.0000,0.5500,0.6422,179.9398,0.021,7473,0.0997,-0.0080,0.5254,1,3,0.689
92.501,0,3,5,0.0000,0.6167,0.5126,0.5811,-179.5767,0.0000,0.0000,0.0000,0.5268,0.6253,177.8378,0.013,7480,0.0997,-0.0077,0.5139,1,3,0.733
92.601,0,3,5,0.0000,0.6167,0.5036,0.5833,-179.6535,0.0000,0.0000,0.0000,0.4260,0.4659,-176.6944,0.008,7486,0.0997,-0.0074,0.5047,1,3,0.686
92.700,0,3,5,0.0000,0.6167,0.4921,0.5852,-179.4820,0.0000,0.0000,0.0000,0.5098,0.6226,178.0849,0.017,7492,0.0997,-0.0071,0.4931,1,3,0.688
92.802,0,3,5,0.0000,0.6167,0.4813,0.5860,-179.5923,0.0000,0.0000,0.0000,0.4053,0.4650,-176.5944,0.011,7498,0.0997,-0.0071,0.4823,1,3,0.697
92.900,0,3,5,0.0000,0.6167,0.4715,0.5887,-179.6590,0.0000,0.0000,0.0000,0.4930,0.6175,178.1966,0.017,7504,0.0998,-0.0067,0.4723,1,3,0.714
93.000,0,3,5,0.0000,0.6167,0.4626,0.5904,-179.5853,0.0000,0.0000,0.0000,0.3776,0.4614,-176.5645,0.010,7510,0.0998,-0.0064,0.4634,1,3,0.753
93.099,0,3,5,0.0000,0.6167,0.4516,0.5903,-179.4104,0.0000,0.0000,0.0000,0.4794,0.7012,-177.4358,0.005,7515,0.0998,-0.0066,0.4524,1,3,0.712
93.201,0,3,5,0.0000,0.6167,0.4403,0.5921,-179.5826,0.0000,0.0000,0.0000,0.3517,0.4575,-176.3770,0.005,7522,0.0998,-0.0063,0.4410,1,3,0.783
93.300,0,3,5,0.0000,0.6167,0.4305,0.5942,-179.7349,0.0000,0.0000,0.0000,0.4568,0.6125,178.4539,0.010,7528,0.0998,-0.0060,0.4311,1,3,0.779
93.404,0,3,5,0.0000,0.6167,0.4192,0.5937,-179.4518,0.0000,0.0000,0.0000,0.4441,0.6661,-179.8709,0.003,7534,0.0998,-0.0062,0.4199,1,3,1.027
93.500,0,3,5,0.0000,0.6167,0.4100,0.5964,-179.5503,0.0000,0.0000,0.0000,0.4404,0.6088,178.6593,0.015,7540,0.0998,-0.0057,0.4105,1,3,1.073
93.601,0,3,5,0.0000,0.6167,0.3995,0.5965,-179.5737,0.0000,0.0000,0.0000,0.4240,0.6689,-179.7146,0.008,7546,0.0998,-0.0058,0.4000,1,3,0.979
93.700,0,3,5,0.0000,0.6167,0.3903,0.5983,-179.6369,0.0000,0.0000,0.0000,0.4219,0.6048,178.5993,0.002,7552,0.0999,-0.0055,0.3908,1,3,0.772
93.803,0,3,5,0.0000,0.6167,0.3785,0.5982,-179.5466,0.0000,0.0000,0.0000,0.2728,0.4449,-176.0927,0.008,7558,0.0998,-0.0056,0.3790,1,3,0.679
93.903,0,3,5,0.0000,0.6167,0.3686,0.5997,-179.5724,0.0000,0.0000,0.0000,0.4042,0.5996,178.8002,0.020,7564,0.0999,-0.0054,0.3690,1,3,0.649
94.001,0,3,5,0.0000,0.6167,0.3587,0.6009,-179.6565,0.0000,0.0000,0.0000,0.3820,0.6792,-179.7353,0.021,7569,0.0999,-0.0051,0.3591,1,3,0.585
94.100,0,3,5,0.0000,0.6167,0.3481,0.6007,-179.6303,0.0000,0.0000,0.0000,0.3889,0.5919,179.0101,0.018,7576,0.0999,-0.0053,0.3484,1,3,1.215
94.200,0,3,5,0.0000,0.6167,0.3379,0.6004,-179.5138,0.0000,0.0000,0.0000,0.2192,0.4347,-175.9426,0.012,7582,0.0998,-0.0056,0.3383,1,3,1.216
94.302,0,3,5,0.0000,0.6167,0.3271,0.6017,-179.5613,0.0000,0.0000,0.0000,0.3646,0.6976,-177.8284,0.010,7588,0.0998,-0.0056,0.3274,1,3,1.209
94.400,0,3,5,0.0000,0.6167,0.3159,0.6003,-179.5867,0.0000,0.0000,0.0000,0.1960,0.4308,-175.9057,0.010,7594,0.0998,-0.0059,0.3164,1,3,1.203
94.502,0,3,5,0.0000,0.6167,0.3062,0.6016,-179.6124,0.0000,0.0000,0.0000,0.3456,0.5926,178.8195,0.007,7600,0.0998,-0.0057,0.3065,1,3,1.209
94.600,0,3,5,0.0000,0.6167,0.2973,0.6030,-179.6419,0.0000,0.0000,0.0000,0.1682,0.4252,-175.9472,0.006,7606,0.0999,-0.0054,0.2976,1,3,0.616
94.700,0,3,5,0.0000,0.6167,0.2853,0.6026,-179.4521,0.0000,0.0000,0.0000,0.3269,0.6961,-178.1405,0.035,7611,0.0998,-0.0057,0.2856,1,3,0.597
94.803,0,3,5,0.0000,0.6167,0.2743,0.6019,-179.4241,0.0000,0.0000,0.0000,0.3133,0.6985,-177.9191,0.002,7619,0.0999,-0.0055,0.2747,1,3,0.495
94.901,0,3,5,0.0000,0.6167,0.2649,0.6028,-179.5346,0.0000,0.0000,0.0000,0.3133,0.5755,179.4079,0.013,7624,0.0998,-0.0060,0.2652,1,3,0.566
95.004,0,3,5,0.0000,0.6167,0.2542,0.6013,-179.5617,0.0000,0.0000,0.0000,0.1140,0.4149,-175.6855,0.014,7629,0.0998,-0.0068,0.2547,1,3,0.494
95.101,0,3,5,0.0000,0.6167,0.2440,0.6031,-179.5739,0.0000,0.0000,0.0000,0.2955,0.5685,179.5625,0.018,7636,0.0998,-0.0063,0.2444,1,3,0.418
95.202,0,3,5,0.0000,0.6167,0.2347,0.6043,-179.4596,0.0000,0.0000,0.0000,0.2745,0.6946,-178.3258,0.003,7642,0.0998,-0.0060,0.2351,1,3,0.480
95.302,0,3,5,0.0000,0.6167,0.2232,0.6032,-179.4725,0.0000,0.0000,0.0000,0.2763,0.5633,179.8123,0.014,7648,0.0998,-0.0068,0.2236,1,3,0.477
95.403,0,3,5,0.0000,0.6167,0.2114,0.6003,-179.4876,0.0000,0.0000,0.0000,0.2551,0.6956,-178.3449,0.003,7655,0.0996,-0.0085,0.2121,1,3,0.547
95.501,0,3,5,0.0000,0.6167,0.2019,0.6002,-179.5751,0.0000,0.0000,0.0000,0.2507,0.5660,179.5579,0.018,7660,0.0996,-0.0089,0.2026,1,3,0.535
95.601,0,3,5,0.0000,0.6167,0.1901,0.5978,-179.4448,0.0000,0.0000,0.0000,0.0389,0.4039,-175.5789,0.011,7666,0.0994,-0.0107,0.1910,1,3,0.499
95.700,0,3,5,0.0000,0.6167,0.1806,0.5979,-179.5055,0.0000,0.0000,0.0000,0.2292,0.6958,-178.4471,0.008,7672,0.0994,-0.0111,0.1816,1,3,0.517
95.800,0,3,5,0.0000,0.6167,0.1689,0.5958,-179.4264,0.0000,0.0000,0.0000,0.0194,0.4044,-175.6396,0.009,7678,0.0991,-0.0130,0.1702,1,3,0.484
95.901,0,3,5,0.0000,0.6167,0.1590,0.5966,-179.5325,0.0000,0.0000,0.0000,0.2101,0.6946,-178.4968,0.020,7683,0.0991,-0.0133,0.1602,1,3,0.492
96.001,0,3,5,0.0000,0.6167,0.1488,0.5942,-179.5311,0.0000,0.0000,0.0000,0.1988,0.7006,-178.6305,0.003,7691,0.0988,-0.0157,0.1505,1,3,0.506
96.102,0,3,5,0.0000,0.6167,0.1385,0.5950,-179.5825,0.0000,0.0000,0.0000,0.1999,0.5455,-179.7094,0.005,7696,0.0987,-0.0160,0.1402,1,3,0.523
96.201,0,3,5,0.0000,0.6167,0.1280,0.5932,-179.4990,0.0000,0.0000,0.0000,0.1796,0.7001,-178.7148,0.003,7702,0.0982,-0.0188,0.1302,1,3,0.600
96.300,0,3,5,0.0000,0.6167,0.1179,0.5947,-179.5951,0.0000,0.0000,0.0000,0.1751,0.5528,179.8220,0.016,7708,0.0942,-0.0183,0.1199,1,3,0.540
96.401,0,3,5,0.0000,0.6167,0.1089,0.5955,-179.6710,0.0000,0.0000,0.0000,0.1142,0.6134,177.3072,0.011,7713,0.0870,-0.0176,0.1109,1,3,0.516
96.501,0,3,5,0.0000,0.6167,0.0986,0.5949,-179.4921,0.0000,0.0000,0.0000,0.1564,0.5479,-179.7731,0.017,7720,0.0787,-0.0180,0.1010,1,3,0.486
96.600,0,3,5,0.0000,0.6167,0.0911,0.5956,-179.5783,0.0000,0.0000,0.0000,0.2548,0.6442,174.6796,0.006,7726,0.0727,-0.0174,0.0935,1,3,0.479
96.700,0,3,5,0.0000,0.6167,0.0849,0.5973,-179.6099,0.0000,0.0000,0.0000,0.1421,0.5429,-179.6020,0.009,7732,0.0678,-0.0160,0.0871,1,3,0.445
96.799,0,3,5,0.0000,0.6167,0.0808,0.6001,-179.7143,0.0000,0.0000,0.0000,0.1295,0.7080,-178.7930,0.002,7739,0.0646,-0.0137,0.0825,1,3,0.450
96.900,0,3,5,0.0000,0.6167,0.0751,0.6012,-179.5954,0.0000,0.0000,0.0000,0.1284,0.5383,-179.5168,0.015,7744,0.0600,-0.0128,0.0767,1,3,1.110
97.003,0,3,6,-0.6167,0.6167,0.0669,0.5997,-179.6197,0.0000,0.0000,0.0000,-0.0943,0.4096,-175.7865,0.012,7750,0.0999,-0.0032,0.6838,1,3,1.149
97.102,0,3,6,-0.6167,0.6167,0.0578,0.5987,-179.5783,0.0000,0.0000,0.0000,0.1140,0.7094,-178.9271,0.003,7756,0.0999,-0.0034,0.6747,1,3,1.196
97.201,0,3,6,-0.6167,0.6167,0.0493,0.5999,-179.7221,0.0000,0.0000,0.0000,0.1712,0.6371,175.6747,0.006,7762,0.0999,-0.0033,0.6662,1,3,1.194
97.300,0,3,6,-0.6167,0.6167,0.0397,0.5998,-179.7166,0.0000,0.0000,0.0000,0.0846,0.5521,179.9117,0.005,7768,0.0999,-0.0033,0.6566,1,3,0.244
97.401,0,3,6,-0.6167,0.6167,0.0301,0.5997,-179.7409,0.0000,0.0000,0.0000,0.0832,0.7054,-179.0772,0.002,7775,0.0999,-0.0034,0.6470,1,3,1.224
97.501,0,3,6,-0.6167,0.6167,0.0229,0.6017,-179.7852,0.0000,0.0000,0.0000,0.0672,0.5452,-179.9055,0.006,7780,0.1000,-0.0031,0.6398,1,3,0.268
97.600,0,3,6,-0.6167,0.6167,0.0167,0.6033,-179.9010,0.0000,0.0000,0.0000,0.0644,0.7054,-179.1460,0.002,7787,0.1000,-0.0029,0.6335,1,3,0.411
97.700,0,3,6,-0.6167,0.6167,0.0056,0.6032,-179.9188,0.0000,0.0000,0.0000,0.0413,0.5477,179.9812,0.018,7792,0.1000,-0.0029,0.6224,1,3,0.426
97.803,0,3,6,-0.6167,0.6167,-0.0020,0.6046,-179.8964,0.0000,0.0000,0.0000,-0.1738,0.4053,-175.8950,0.003,7798,0.1000,-0.0027,0.6148,1,3,0.467
97.900,0,3,6,-0.6167,0.6167,-0.0146,0.6021,-179.8691,0.0000,0.0000,0.0000,0.0207,0.5380,-179.6400,0.016,7804,0.0999,-0.0032,0.6022,1,3,0.543
98.002,0,3,6,-0.6167,0.6167,-0.0229,0.6038,-179.9255,0.0000,0.0000,0.0000,0.0253,0.6948,-179.3593,0.003,7810,0.1000,-0.0029,0.5939,1,3,0.504
98.100,0,3,6,-0.6167,0.6167,-0.0294,0.6055,-179.9650,0.0000,0.0000,0.0000,0.0020,0.5284,-179.5523,0.009,7816,0.1000,-0.0027,0.5874,1,3,0.448
98.201,0,3,6,-0.6167,0.6167,-0.0367,0.6075,179.9667,0.0000,0.0000,0.0000,0.0855,0.6462,175.4291,0.013,7822,0.1000,-0.0024,0.5801,1,3,0.435
98.300,0,3,6,-0.6167,0.6167,-0.0446,0.6084,-179.9582,0.0000,0.0000,0.0000,-0.0192,0.5229,-179.2753,0.009,7828,0.1000,-0.0022,0.5722,1,3,0.472
98.401,0,3,6,-0.6167,0.6167,-0.0523,0.6100,179.9649,0.0000,0.0000,0.0000,0.0525,0.6421,175.8384,0.013,7834,0.1000,-0.0020,0.5644,1,3,0.479
98.500,0,3,6,-0.6167,0.6167,-0.0605,0.6105,179.9405,0.0000,0.0000,0.0000,-0.0206,0.6853,-179.5766,0.005,7840,0.1000,-0.0019,0.5562,1,3,0.655
98.603,0,3,6,-0.6167,0.6167,-0.0686,0.6130,179.9211,0.0000,0.0000,0.0000,0.0276,0.6407,176.0426,0.014,7846,0.1000,-0.0014,0.5481,1,3,0.591
98.700,0,3,6,-0.6167,0.6167,-0.0772,0.6142,179.9481,0.0000,0.0000,0.0000,-0.0400,0.6820,-179.6389,0.033,7851,0.1000,-0.0012,0.5395,1,3,0.523
98.801,0,3,6,-0.6167,0.6167,-0.0849,0.6144,179.9258,0.0000,0.0000,0.0000,-0.0541,0.6772,-179.6463,0.002,7859,0.1000,-0.0012,0.5318,1,3,0.512
98.900,0,3,6,-0.6167,0.6167,-0.0954,0.6126,179.9507,0.0000,0.0000,0.0000,-0.0935,0.5192,-179.2250,0.011,7864,0.1000,-0.0015,0.5213,1,3,0.494
98.999,0,3,6,-0.6167,0.6167,-0.1051,0.6123,179.9921,0.0000,0.0000,0.0000,-0.0409,0.6263,176.7710,0.017,7869,0.1000,-0.0016,0.5116,1,3,0.466
99.100,0,3,6,-0.6167,0.6167,-0.1154,0.6125,-179.7946,0.0000,0.0000,0.0000,-0.1158,0.5121,-178.9501,0.012,7876,0.1000,-0.0016,0.5013,1,3,1.174
99.202,0,3,6,-0.6167,0.6167,-0.1239,0.6130,-179.8566,0.0000,0.0000,0.0000,-0.0948,0.6603,-179.7566,0.003,7882,0.1000,-0.0015,0.4928,1,3,1.165
99.300,0,3,6,-0.6167,0.6167,-0.1370,0.6104,-179.8640,0.0000,0.0000,0.0000,-0.1394,0.5028,-178.6918,0.013,7888,0.1000,-0.0021,0.4797,1,3,1.180
99.401,0,3,6,-0.6167,0.6167,-0.1467,0.6103,-179.8421,0.0000,0.0000,0.0000,-0.1142,0.6552,-179.9867,0.003,7894,0.1000,-0.0021,0.4700,1,3,1.188
99.500,0,3,6,-0.6167,0.6167,-0.1583,0.6088,-179.7315,0.0000,0.0000,0.0000,-0.1672,0.5129,-178.8825,0.011,7900,0.1000,-0.0025,0.4585,1,3,1.145
99.601,0,3,6,-0.6167,0.6167,-0.1684,0.6090,-179.8142,0.0000,0.0000,0.0000,-0.2093,0.5646,179.5147,0.016,7906,0.1000,-0.0025,0.4484,1,3,1.146
99.701,0,3,6,-0.6167,0.6167,-0.1786,0.6078,-179.8213,0.0000,0.0000,0.0000,-0.1861,0.4929,-178.4334,0.013,7912,0.1000,-0.0028,0.4381,1,3,1.174
99.802,0,3,6,-0.6167,0.6167,-0.1895,0.6075,-179.8076,0.0000,0.0000,0.0000,-0.2312,0.5618,179.5541,0.011,7918,0.1000,-0.0029,0.4272,1,3,1.167
99.902,0,3,6,-0.6167,0.6167,-0.1996,0.6074,-179.6437,0.0000,0.0000,0.0000,-0.1589,0.6434,179.7095,0.009,7923,0.1000,-0.0030,0.4172,1,3,1.157
100.002,0,3,6,-0.6167,0.6167,-0.2106,0.6060,-179.6792,0.0000,0.0000,0.0000,-0.2459,0.5649,179.6531,0.016,7930,0.0999,-0.0034,0.4062,1,3,1.166
100.100,0,3,6,-0.6167,0.6167,-0.2205,0.6059,-179.7595,0.0000,0.0000,0.0000,-0.1785,0.6387,179.6499,0.035,7935,0.0999,-0.0035,0.3963,1,3,1.154
100.200,0,3,6,-0.6167,0.6167,-0.2305,0.6040,-179.7271,0.0000,0.0000,0.0000,-0.1918,0.6322,179.5223,0.003,7942,0.0999,-0.0040,0.3863,1,3,1.163
100.300,0,3,6,-0.6167,0.6167,-0.2419,0.6034,-179.6985,0.0000,0.0000,0.0000,-0.2641,0.4968,-178.5791,0.015,7948,0.0999,-0.0043,0.3750,1,3,1.153
100.400,0,3,6,-0.6167,0.6167,-0.2524,0.6050,-179.7111,0.0000,0.0000,0.0000,-0.2107,0.6276,179.4289,0.003,7955,0.0999,-0.0040,0.3644,1,3,1.178
100.501,0,3,6,-0.6167,0.6167,-0.2635,0.6037,-179.7211,0.0000,0.0000,0.0000,-0.2848,0.4908,-178.4116,0.013,7960,0.0999,-0.0044,0.3534,1,3,1.153
100.600,0,3,6,-0.6167,0.6167,-0.2731,0.6037,-179.6400,0.0000,0.0000,0.0000,-0.2974,0.8428,-173.5997,0.002,7967,0.0999,-0.0045,0.3438,1,3,0.550
100.701,0,3,6,-0.6167,0.6167,-0.2852,0.6038,-179.5846,0.0000,0.0000,0.0000,-0.3122,0.4849,-178.1922,0.015,7972,0.0999,-0.0046,0.3317,1,3,0.535
100.803,0,3,6,-0.6167,0.6167,-0.2947,0.6074,-179.6687,0.0000,0.0000,0.0000,-0.3185,0.5633,179.7111,0.003,7978,0.0999,-0.0037,0.3221,1,3,0.583
100.900,0,3,6,-0.6167,0.6167,-0.3051,0.6075,-179.6983,0.0000,0.0000,0.0000,-0.2722,0.6362,178.6295,0.011,7984,0.0999,-0.0037,0.3117,1,3,0.614
101.003,0,3,6,-0.6167,0.6167,-0.3152,0.6092,-179.7332,0.0000,0.0000,0.0000,-0.3411,0.6787,-179.3899,0.008,7991,0.0999,-0.0033,0.3015,1,3,0.655
101.103,0,3,6,-0.6167,0.6167,-0.3246,0.6101,-179.7459,0.0000,0.0000,0.0000,-0.2746,0.6059,178.7117,0.003,7996,0.1000,-0.0030,0.2921,1,3,0.658
101.200,0,3,6,-0.6167,0.6167,-0.3342,0.6127,-179.7441,0.0000,0.0000,0.0000,-0.3353,0.5796,179.1862,0.012,8002,0.1000,-0.0022,0.2825,1,3,0.617
101.302,0,3,6,-0.6167,0.6167,-0.3429,0.6133,-179.8076,0.0000,0.0000,0.0000,-0.3093,0.6295,179.0039,0.003,8008,0.1000,-0.0020,0.2737,1,3,0.593
101.400,0,3,6,-0.6167,0.6167,-0.3526,0.6162,-179.7914,0.0000,0.0000,0.0000,-0.3823,0.8542,-172.9590,0.005,8015,0.1000,-0.0010,0.2641,1,3,0.600
101.500,0,3,6,-0.6167,0.6167,-0.3625,0.6187,-179.7754,0.0000,0.0000,0.0000,-0.3896,0.8535,-172.8513,0.035,8019,0.1000,0.0000,0.2542,1,3,0.607
101.602,0,3,6,-0.6167,0.6167,-0.3726,0.6218,-179.7758,0.0000,0.0000,0.0000,-0.4083,0.6752,-179.5164,0.008,8027,0.1000,0.0013,0.2441,1,3,0.581
101.701,0,3,6,-0.6167,0.6167,-0.3820,0.6240,-179.7880,0.0000,0.0000,0.0000,-0.3457,0.6152,179.4269,0.012,8032,0.1000,0.0023,0.2348,1,3,0.595
101.800,0,3,6,-0.6167,0.6167,-0.3906,0.6259,-179.7610,0.0000,0.0000,0.0000,-0.4245,0.8565,-172.6167,0.003,8038,0.0999,0.0033,0.2263,1,3,0.726
101.900,0,3,6,-0.6167,0.6167,-0.4012,0.6299,-179.7028,0.0000,0.0000,0.0000,-0.3640,0.6093,179.6567,0.012,8044,0.0999,0.0054,0.2158,1,3,1.148
102.001,0,3,6,-0.6167,0.6167,-0.4114,0.6308,-179.6864,0.0000,0.0000,0.0000,-0.4434,0.6885,-178.8218,0.007,8050,0.0998,0.0061,0.2058,1,3,1.142
102.100,0,3,6,-0.6167,0.6167,-0.4202,0.6304,-179.7881,0.0000,0.0000,0.0000,-0.3839,0.6025,179.8198,0.009,8056,0.0998,0.0062,0.1970,1,3,1.143
102.202,0,3,6,-0.6167,0.6167,-0.4299,0.6327,-179.7650,0.0000,0.0000,0.0000,-0.4683,0.6757,-179.1830,0.005,8063,0.0997,0.0075,0.1875,1,3,1.148
102.302,0,3,6,-0.6167,0.6167,-0.4393,0.6323,-179.7395,0.0000,0.0000,0.0000,-0.4166,0.6175,179.0637,0.015,8068,0.0997,0.0080,0.1781,1,3,1.157
102.400,0,3,6,-0.6167,0.6167,-0.4482,0.6340,-179.7279,0.0000,0.0000,0.0000,-0.4921,0.6725,-179.1211,0.002,8075,0.0995,0.0095,0.1694,1,3,1.160
102.500,0,3,6,-0.6167,0.6167,-0.4583,0.6358,-179.8009,0.0000,0.0000,0.0000,-0.4384,0.6173,178.9934,0.015,8080,0.0994,0.0112,0.1596,1,3,1.161
102.601,0,3,6,-0.6167,0.6167,-0.4682,0.6355,-179.8200,0.0000,0.0000,0.0000,-0.3829,0.6420,177.5366,0.014,8086,0.0993,0.0118,0.1497,1,3,0.639
102.700,0,3,6,-0.6167,0.6167,-0.4767,0.6365,-179.7406,0.0000,0.0000,0.0000,-0.3865,0.6455,177.2580,0.045,8090,0.0991,0.0132,0.1414,1,3,0.694
102.803,0,3,6,-0.6167,0.6167,-0.4872,0.6371,-179.7933,0.0000,0.0000,0.0000,-0.3898,0.6484,177.2003,0.011,8098,0.0989,0.0149,0.1310,1,3,1.166
102.903,0,3,6,-0.6167,0.6167,-0.4969,0.6379,-179.9260,0.0000,0.0000,0.0000,-0.5411,0.6644,-179.2200,0.040,8103,0.0959,0.0163,0.1216,1,3,0.653
103.000,0,3,6,-0.6167,0.6167,-0.5041,0.6386,-179.8426,0.0000,0.0000,0.0000,-0.5513,0.8492,-171.6398,0.003,8110,0.0902,0.0168,0.1147,1,3,0.678
103.100,0,3,6,-0.6167,0.6167,-0.5141,0.6390,-179.8095,0.0000,0.0000,0.0000,-0.5035,0.6143,178.9810,0.013,8116,0.0822,0.0172,0.1050,1,3,1.169
103.202,0,3,6,-0.6167,0.6167,-0.5224,0.6365,179.9515,0.0000,0.0000,0.0000,-0.5715,0.8456,-171.5007,0.002,8122,0.0755,0.0153,0.0963,1,3,0.736
103.301,0,3,6,-0.6167,0.6167,-0.5290,0.6357,-179.9652,0.0000,0.0000,0.0000,-0.5212,0.6119,178.8907,0.017,8128,0.0702,0.0147,0.0897,1,3,0.715
103.401,0,3,6,-0.6167,0.6167,-0.5362,0.6317,179.8815,0.0000,0.0000,0.0000,-0.4136,0.6718,176.1187,0.008,8134,0.0645,0.0115,0.0819,1,3,0.716
103.499,0,3,6,-0.6167,0.6167,-0.5416,0.6331,179.9168,0.0000,0.0000,0.0000,-0.5362,0.6071,178.9138,0.013,8140,0.0602,0.0127,0.0769,1,3,0.712
103.603,0,3,7,-0.6167,1.2333,-0.5462,0.6364,-179.9371,0.0000,0.0000,0.0000,-0.6005,0.8392,-171.1302,0.007,8147,0.0110,-0.0994,0.6011,1,3,0.694
103.699,0,3,7,-0.6167,1.2333,-0.5482,0.6463,-179.8551,0.0000,0.0000,0.0000,-0.5495,0.6083,179.1122,0.011,8152,0.0108,-0.0994,0.5910,1,3,0.724
103.800,0,3,7,-0.6167,1.2333,-0.5495,0.6560,-179.8293,0.0000,0.0000,0.0000,-0.4213,0.6772,176.3897,0.014,8158,0.0108,-0.0994,0.5812,1,3,0.881
103.900,0,3,7,-0.6167,1.2333,-0.5505,0.6651,-179.7569,0.0000,0.0000,0.0000,-0.6131,0.6661,-178.9450,0.010,8164,0.0108,-0.0994,0.5720,1,3,1.136
104.001,0,3,7,-0.6167,1.2333,-0.5517,0.6743,-179.8308,0.0000,0.0000,0.0000,-0.4327,0.6896,176.8201,0.013,8170,0.0108,-0.0994,0.5628,1,3,1.133
104.105,0,3,7,-0.6167,1.2333,-0.5535,0.6837,-179.8619,0.0000,0.0000,0.0000,-0.5607,0.6334,179.4417,0.004,8176,0.0107,-0.0994,0.5532,1,3,1.124
104.200,0,3,7,-0.6167,1.2333,-0.5539,0.6893,-179.8697,0.0000,0.0000,0.0000,-0.6105,0.7109,-178.4877,0.002,8183,0.0107,-0.0994,0.5476,1,3,1.117
104.302,0,3,7,-0.6167,1.2333,-0.5557,0.7002,-179.6425,0.0000,0.0000,0.0000,-0.6144,0.7122,-178.4073,0.030,8187,0.0106,-0.0994,0.5366,1,3,1.106
104.400,0,3,7,-0.6167,1.2333,-0.5559,0.7078,-179.8493,0.0000,0.0000,0.0000,-0.6276,0.6859,179.1464,0.002,8194,0.0107,-0.0994,0.5290,1,3,1.114
104.500,0,3,7,-0.6167,1.2333,-0.5584,0.7158,-179.7907,0.0000,0.0000,0.0000,-0.5752,0.6836,179.3442,0.016,8200,0.0104,-0.0995,0.5208,1,3,1.083
104.599,0,3,7,-0.6167,1.2333,-0.5587,0.7236,-179.8840,0.0000,0.0000,0.0000,-0.6159,0.7505,-177.9980,0.004,8207,0.0105,-0.0994,0.5130,1,3,1.079
104.702,0,3,7,-0.6167,1.2333,-0.5608,0.7335,179.9869,0.0000,0.0000,0.0000,-0.5807,0.7216,178.9121,0.009,8212,0.0103,-0.0995,0.5029,1,3,0.836
104.801,0,3,7,-0.6167,1.2333,-0.5630,0.7420,-179.8272,0.0000,0.0000,0.0000,-0.6198,0.7654,-178.3977,0.005,8218,0.0101,-0.0995,0.4943,1,3,0.749
104.901,0,3,7,-0.6167,1.2333,-0.5644,0.7517,-179.7970,0.0000,0.0000,0.0000,-0.5890,0.7444,178.8613,0.017,8224,0.0100,-0.0995,0.4845,1,3,0.758
105.002,0,3,7,-0.6167,1.2333,-0.5652,0.7587,-179.8838,0.0000,0.0000,0.0000,-0.6202,0.7940,-177.8084,0.003,8231,0.0100,-0.0995,0.4774,1,3,0.787
105.101,0,3,7,-0.6167,1.2333,-0.5670,0.7686,-179.8406,0.0000,0.0000,0.0000,-0.5440,0.7577,-179.1073,0.006,8236,0.0099,-0.0995,0.4674,1,3,0.388
105.200,0,3,7,-0.6167,1.2333,-0.5675,0.7755,-179.7679,0.0000,0.0000,0.0000,-0.5007,0.7558,179.0044,0.016,8242,0.0099,-0.0995,0.4605,1,3,0.387
105.303,0,3,7,-0.6167,1.2333,-0.5695,0.7862,-179.8512,0.0000,0.0000,0.0000,-0.6001,0.8051,178.5257,0.019,8248,0.0097,-0.0995,0.4496,1,3,0.463
105.402,0,3,7,-0.6167,1.2333,-0.5703,0.7945,-179.8627,0.0000,0.0000,0.0000,-0.5122,0.7679,179.2149,0.005,8254,0.0097,-0.0995,0.4413,1,3,0.510
105.502,0,3,7,-0.6167,1.2333,-0.5725,0.8042,-179.8128,0.0000,0.0000,0.0000,-0.6292,0.8439,-177.4781,0.030,8259,0.0095,-0.0995,0.4314,1,3,0.511
105.599,0,3,7,-0.6167,1.2333,-0.5730,0.8115,-179.8116,0.0000,0.0000,0.0000,-0.6328,0.8513,-177.5587,0.005,8267,0.0095,-0.0995,0.4241,1,3,0.501
105.701,0,3,7,-0.6167,1.2333,-0.5746,0.8219,-179.7209,0.0000,0.0000,0.0000,-0.5464,0.8204,-178.5048,0.017,8272,0.0094,-0.0996,0.4136,1,3,0.585
105.801,0,3,7,-0.6167,1.2333,-0.5753,0.8298,-179.7661,0.0000,0.0000,0.0000,-0.6327,0.8895,-176.8025,0.002,8278,0.0094,-0.0996,0.4057,1,3,0.518
105.901,0,3,7,-0.6167,1.2333,-0.5773,0.8400,-179.7311,0.0000,0.0000,0.0000,-0.5468,0.8402,-178.2751,0.017,8284,0.0092,-0.0996,0.3953,1,3,0.522
106.001,0,3,7,-0.6167,1.2333,-0.5793,0.8494,-179.6225,0.0000,0.0000,0.0000,-0.6358,0.9031,-177.0741,0.005,8290,0.0089,-0.0996,0.3857,1,3,0.527
106.102,0,3,7,-0.6167,1.2333,-0.5799,0.8585,-179.7066,0.0000,0.0000,0.0000,-0.5535,0.8668,-178.3094,0.015,8296,0.0090,-0.0996,0.3767,1,3,0.518
106.200,0,3,7,-0.6167,1.2333,-0.5814,0.8666,-179.6696,0.0000,0.0000,0.0000,-0.6377,0.9155,-177.2825,0.003,8302,0.0088,-0.0996,0.3684,1,3,0.499
106.301,0,3,7,-0.6167,1.2333,-0.5828,0.8770,-179.5892,0.0000,0.0000,0.0000,-0.5557,0.8857,-178.3969,0.018,8308,0.0087,-0.0996,0.3580,1,3,0.596
106.400,0,3,7,-0.6167,1.2333,-0.5846,0.8862,-179.6061,0.0000,0.0000,0.0000,-0.6340,0.9618,-176.1807,0.005,8315,0.0084,-0.0996,0.3486,1,3,0.545
106.504,0,3,7,-0.6167,1.2333,-0.5857,0.8964,-179.6228,0.0000,0.0000,0.0000,-0.5587,0.9072,-178.3971,0.022,8320,0.0084,-0.0996,0.3384,1,3,0.562
106.600,0,3,7,-0.6167,1.2333,-0.5871,0.9038,-179.5704,0.0000,0.0000,0.0000,-0.5703,0.8438,-179.3700,0.016,8326,0.0082,-0.0997,0.3309,1,3,0.510
106.701,0,3,7,-0.6167,1.2333,-0.5891,0.9153,-179.5058,0.0000,0.0000,0.0000,-0.6403,0.9790,-176.4966,0.006,8331,0.0079,-0.0997,0.3192,1,3,0.875
106.800,0,3,7,-0.6167,1.2333,-0.5904,0.9236,-179.4105,0.0000,0.0000,0.0000,-0.5827,0.8533,-178.8740,0.002,8338,0.0077,-0.0997,0.3108,1,3,0.574
106.901,0,3,7,-0.6167,1.2333,-0.5922,0.9338,-179.3967,0.0000,0.0000,0.0000,-0.5637,0.9500,-178.1785,0.010,8344,0.0074,-0.0997,0.3005,1,3,0.831
107.000,0,3,7,-0.6167,1.2333,-0.5934,0.9427,-179.3447,0.0000,0.0000,0.0000,-0.6349,0.9072,178.0630,0.003,8351,0.0072,-0.0997,0.2916,1,3,0.867
107.102,0,3,7,-0.6167,1.2333,-0.5954,0.9543,-179.4241,0.0000,0.0000,0.0000,-0.5654,0.9710,-178.1937,0.019,8356,0.0068,-0.0998,0.2799,1,3,0.434
107.202,0,3,7,-0.6167,1.2333,-0.5972,0.9631,-179.4430,0.0000,0.0000,0.0000,-0.6042,0.8783,-178.7500,0.006,8362,0.0064,-0.0998,0.2709,1,3,0.788
107.300,0,3,7,-0.6167,1.2333,-0.5990,0.9727,-179.3297,0.0000,0.0000,0.0000,-0.5694,0.9923,-178.2781,0.005,8368,0.0060,-0.0998,0.2612,1,3,0.796
107.402,0,3,7,-0.6167,1.2333,-0.6005,0.9833,-179.4284,0.0000,0.0000,0.0000,-0.6412,1.0567,-176.4485,0.005,8374,0.0057,-0.0998,0.2506,1,3,0.508
107.500,0,3,7,-0.6167,1.2333,-0.6023,0.9934,-179.5057,0.0000,0.0000,0.0000,-0.5742,1.0198,-178.6243,0.017,8380,0.0052,-0.0999,0.2403,1,3,0.467
107.601,0,3,7,-0.6167,1.2333,-0.6043,1.0025,-179.2894,0.0000,0.0000,0.0000,-0.6271,0.9026,-178.2446,0.007,8386,0.0046,-0.0999,0.2312,1,3,0.481
107.701,0,3,7,-0.6167,1.2333,-0.6055,1.0140,-179.2929,0.0000,0.0000,0.0000,-0.5771,1.0426,-178.5588,0.020,8392,0.0043,-0.0999,0.2197,1,3,0.484
107.800,0,3,7,-0.6167,1.2333,-0.6075,1.0222,-179.3923,0.0000,0.0000,0.0000,-0.6452,1.1228,-175.5606,0.003,8399,0.0035,-0.0999,0.2114,1,3,0.467
107.903,0,3,7,-0.6167,1.2333,-0.6090,1.0341,-179.3914,0.0000,0.0000,0.0000,-0.6450,1.1282,-175.6591,0.011,8404,0.0031,-0.1000,0.1994,1,3,0.488
108.001,0,3,7,-0.6167,1.2333,-0.6111,1.0434,-179.2345,0.0000,0.0000,0.0000,-0.6496,0.9258,-177.8630,0.012,8410,0.0022,-0.1000,0.1900,1,3,0.460
108.101,0,3,7,-0.6167,1.2333,-0.6127,1.0538,-179.3102,0.0000,0.0000,0.0000,-0.6468,1.1688,-174.6221,0.031,8415,0.0014,-0.1000,0.1796,1,3,0.465
108.200,0,3,7,-0.6167,1.2333,-0.6140,1.0633,-179.4009,0.0000,0.0000,0.0000,-0.6475,1.1806,-174.8769,0.002,8423,0.0008,-0.1000,0.1701,1,3,0.464
108.305,0,3,7,-0.6167,1.2333,-0.6160,1.0752,-179.2435,0.0000,0.0000,0.0000,-0.6471,1.1868,-174.9858,0.042,8427,-0.0004,-0.1000,0.1581,1,3,0.429
108.400,0,3,7,-0.6167,1.2333,-0.6172,1.0851,-179.2720,0.0000,0.0000,0.0000,-0.6321,0.9806,-178.2928,0.006,8434,-0.0011,-0.1000,0.1482,1,3,0.417
108.501,0,3,7,-0.6167,1.2333,-0.6184,1.0969,-179.2072,0.0000,0.0000,0.0000,-0.5823,1.1200,-178.6433,0.023,8440,-0.0020,-0.1000,0.1365,1,3,0.408
108.607,0,3,7,-0.6167,1.2333,-0.6198,1.1059,-179.2536,0.0000,0.0000,0.0000,-0.6491,1.2420,-174.0372,0.006,8446,-0.0032,-0.0999,0.1275,1,3,0.574
108.700,0,3,7,-0.6167,1.2333,-0.6210,1.1175,-179.2427,0.0000,0.0000,0.0000,-0.5829,1.1390,-178.7638,0.024,8452,-0.0042,-0.0926,0.1159,1,3,0.672
108.801,0,3,7,-0.6167,1.2333,-0.6226,1.1287,-179.1874,0.0000,0.0000,0.0000,-0.6582,1.2791,-173.3751,0.008,8458,-0.0054,-0.0836,0.1048,1,3,0.641
108.900,0,3,7,-0.6167,1.2333,-0.6229,1.1372,-179.2965,0.0000,0.0000,0.0000,-0.6888,0.9861,-177.3654,0.006,8464,-0.0056,-0.0769,0.0964,1,3,0.626
109.002,0,3,7,-0.6167,1.2333,-0.6246,1.1445,-179.2252,0.0000,0.0000,0.0000,-0.6702,1.1580,179.3731,0.030,8469,-0.0069,-0.0710,0.0892,1,3,0.626
109.101,0,3,7,-0.6167,1.2333,-0.6257,1.1522,-179.2243,0.0000,0.0000,0.0000,-0.5859,1.1773,-179.0605,0.021,8476,-0.0077,-0.0648,0.0816,1,3,0.627
109.201,0,3,7,-0.6167,1.2333,-0.6272,1.1578,-179.2516,0.0000,0.0000,0.0000,-0.7000,1.0032,-177.4124,0.017,8482,-0.0089,-0.0604,0.0763,1,3,0.617
109.300,0,3,8,-1.2333,1.2333,-0.6292,1.1647,-179.2229,0.0000,0.0000,0.0000,-0.5843,1.1878,-179.1115,0.020,8488,0.0993,-0.0121,0.6080,1,3,0.593
109.400,0,3,8,-1.2333,1.2333,-0.6376,1.1676,-179.3474,0.0000,0.0000,0.0000,-0.6898,1.0233,-177.7403,0.006,8494,0.0993,-0.0117,0.5994,1,3,0.593
109.500,0,3,8,-1.2333,1.2333,-0.6486,1.1679,-179.3621,0.0000,0.0000,0.0000,-0.6668,1.3456,-172.8647,0.004,8499,0.0993,-0.0119,0.5884,1,3,0.617
109.600,0,3,8,-1.2333,1.2333,-0.6591,1.1708,-179.3771,0.0000,0.0000,0.0000,-0.6921,1.0337,-178.3221,0.014,8506,0.0993,-0.0116,0.5776,1,3,0.596
109.701,0,3,8,-1.2333,1.2333,-0.6698,1.1747,-179.4158,0.0000,0.0000,0.0000,-0.6166,1.2011,-179.8498,0.008,8512,0.0994,-0.0111,0.5666,1,3,0.602
109.800,0,3,8,-1.2333,1.2333,-0.6803,1.1770,-179.1827,0.0000,0.0000,0.0000,-0.7005,1.3531,-172.6799,0.006,8518,0.0994,-0.0109,0.5558,1,3,0.592
109.899,0,3,8,-1.2333,1.2333,-0.6894,1.1792,-179.4011,0.0000,0.0000,0.0000,-0.6380,1.2034,-179.8517,0.021,8524,0.0994,-0.0107,0.5466,1,3,0.602
110.001,0,3,8,-1.2333,1.2333,-0.7009,1.1829,-179.4122,0.0000,0.0000,0.0000,-0.7212,1.3588,-172.6756,0.007,8530,0.0995,-0.0102,0.5349,1,3,0.606
110.100,0,3,8,-1.2333,1.2333,-0.7104,1.1838,-179.5542,0.0000,0.0000,0.0000,-0.6582,1.2055,179.7791,0.017,8536,0.0995,-0.0102,0.5253,1,3,0.607
110.200,0,3,8,-1.2333,1.2333,-0.7200,1.1858,-179.4164,0.0000,0.0000,0.0000,-0.7426,1.3617,-172.5664,0.002,8543,0.0995,-0.0100,0.5155,1,3,0.588
110.299,0,3,8,-1.2333,1.2333,-0.7296,1.1880,-179.5119,0.0000,0.0000,0.0000,-0.7106,1.0687,-179.7390,0.014,8548,0.0995,-0.0097,0.5058,1,3,0.601
110.401,0,3,8,-1.2333,1.2333,-0.7399,1.1899,-179.5305,0.0000,0.0000,0.0000,-0.7630,1.3555,-173.0183,0.002,8555,0.0995,-0.0095,0.4953,1,3,0.595
110.502,0,3,8,-1.2333,1.2333,-0.7502,1.1923,-179.4689,0.0000,0.0000,0.0000,-0.7029,1.2108,179.5084,0.025,8560,0.0996,-0.0092,0.4849,1,3,0.581
110.601,0,3,8,-1.2333,1.2333,-0.7599,1.1932,-179.4028,0.0000,0.0000,0.0000,-0.7209,1.0867,179.6162,0.017,8566,0.0996,-0.0092,0.4751,1,3,0.610
110.699,0,3,8,-1.2333,1.2333,-0.7689,1.1963,-179.4119,0.0000,0.0000,0.0000,-0.7931,1.3548,-172.8625,0.015,8572,0.0996,-0.0087,0.4659,1,3,0.576
110.801,0,3,8,-1.2333,1.2333,-0.7793,1.1964,-179.4614,0.0000,0.0000,0.0000,-0.7360,1.0899,179.5691,0.016,8578,0.0996,-0.0089,0.4555,1,3,0.391
110.900,0,3,8,-1.2333,1.2333,-0.7890,1.1996,-179.4569,0.0000,0.0000,0.0000,-0.7455,1.2165,179.3907,0.010,8584,0.0997,-0.0083,0.4456,1,3,0.576
110.999,0,3,8,-1.2333,1.2333,-0.7984,1.2013,-179.5153,0.0000,0.0000,0.0000,-0.8258,1.3594,-172.7709,0.002,8591,0.0997,-0.0081,0.4361,1,3,0.577
111.100,0,3,8,-1.2333,1.2333,-0.8082,1.2036,-179.3664,0.0000,0.0000,0.0000,-0.7657,1.2193,179.3230,0.017,8596,0.0997,-0.0078,0.4262,1,3,0.368
111.203,0,3,8,-1.2333,1.2333,-0.8170,1.2045,-179.5590,0.0000,0.0000,0.0000,-0.7128,1.1364,178.1049,0.012,8601,0.0997,-0.0077,0.4173,1,3,0.580
111.299,0,3,8,-1.2333,1.2333,-0.8259,1.2078,-179.4454,0.0000,0.0000,0.0000,-0.7886,1.2209,179.1026,0.021,8608,0.0998,-0.0070,0.4083,1,3,0.584
111.402,0,3,8,-1.2333,1.2333,-0.8363,1.2086,-179.4660,0.0000,0.0000,0.0000,-0.7631,1.1186,178.6688,0.006,8614,0.0998,-0.0070,0.3978,1,3,0.577
111.501,0,3,8,-1.2333,1.2333,-0.8459,1.2116,-179.4040,0.0000,0.0000,0.0000,-0.8100,1.2258,179.2202,0.024,8620,0.0998,-0.0064,0.3880,1,3,0.579
111.601,0,3,8,-1.2333,1.2333,-0.8565,1.2144,-179.5589,0.0000,0.0000,0.0000,-0.8884,1.3595,-172.6419,0.006,8626,0.0998,-0.0058,0.3773,1,3,0.592
111.700,0,3,8,-1.2333,1.2333,-0.8642,1.2142,-179.5971,0.0000,0.0000,0.0000,-0.8312,1.2289,178.7177,0.022,8632,0.0998,-0.0059,0.3697,1,3,0.585
111.801,0,3,8,-1.2333,1.2333,-0.8750,1.2164,-179.4858,0.0000,0.0000,0.0000,-0.9150,1.3643,-172.1327,0.010,8639,0.0998,-0.0055,0.3588,1,3,0.578
111.901,0,3,8,-1.2333,1.2333,-0.8842,1.2180,-179.5191,0.0000,0.0000,0.0000,-0.8539,1.2338,178.7170,0.028,8644,0.0999,-0.0052,0.3495,1,3,0.576
112.002,0,3,8,-1.2333,1.2333,-0.8934,1.2189,-179.7330,0.0000,0.0000,0.0000,-0.7890,1.1444,177.8967,0.020,8650,0.0999,-0.0050,0.3402,1,3,0.566
112.099,0,3,8,-1.2333,1.2333,-0.9015,1.2207,-179.5988,0.0000,0.0000,0.0000,-0.9468,1.3728,-171.9060,0.016,8655,0.0999,-0.0046,0.3321,1,3,0.563
112.201,0,3,8,-1.2333,1.2333,-0.9107,1.2214,-179.6825,0.0000,0.0000,0.0000,-0.8021,1.1516,177.6401,0.013,8661,0.0999,-0.0045,0.3228,1,3,0.589
112.300,0,3,8,-1.2333,1.2333,-0.9205,1.2236,-179.7137,0.0000,0.0000,0.0000,-0.9653,1.3723,-171.7667,0.041,8666,0.0999,-0.0039,0.3130,1,3,0.572
112.402,0,3,8,-1.2333,1.2333,-0.9302,1.2248,-179.8616,0.0000,0.0000,0.0000,-0.9836,1.3716,-171.6087,0.008,8674,0.0999,-0.0036,0.3032,1,3,0.582
112.501,0,3,8,-1.2333,1.2333,-0.9387,1.2263,-179.8056,0.0000,0.0000,0.0000,-0.9179,1.2368,178.2720,0.022,8679,0.1000,-0.0031,0.2947,1,3,0.583
112.603,0,3,8,-1.2333,1.2333,-0.9477,1.2267,-179.8773,0.0000,0.0000,0.0000,-0.7851,1.1950,176.2461,0.011,8684,0.1000,-0.0031,0.2858,1,3,0.588
112.703,0,3,8,-1.2333,1.2333,-0.9573,1.2277,-179.7831,0.0000,0.0000,0.0000,-0.9388,1.2352,178.3798,0.019,8690,0.1000,-0.0028,0.2761,1,3,0.578
112.800,0,3,8,-1.2333,1.2333,-0.9674,1.2278,-179.9366,0.0000,0.0000,0.0000,-1.0068,1.1637,174.4773,0.030,8695,0.1000,-0.0029,0.2660,1,3,0.576
112.901,0,3,8,-1.2333,1.2333,-0.9760,1.2286,-179.8710,0.0000,0.0000,0.0000,-0.8344,1.1834,176.6469,0.003,8701,0.1000,-0.0026,0.2574,1,3,0.579
113.001,0,3,8,-1.2333,1.2333,-0.9853,1.2301,-179.8170,0.0000,0.0000,0.0000,-1.0548,1.3766,-170.5684,0.005,8708,0.1000,-0.0021,0.2481,1,3,0.593
113.102,0,3,8,-1.2333,1.2333,-0.9947,1.2308,-179.7967,0.0000,0.0000,0.0000,-0.9811,1.2397,178.2674,0.024,8713,0.1000,-0.0018,0.2387,1,3,0.568
113.201,0,3,8,-1.2333,1.2333,-1.0037,1.2303,179.9673,0.0000,0.0000,0.0000,-0.8613,1.1905,176.6767,0.010,8719,0.1000,-0.0021,0.2297,1,3,0.574
113.303,0,3,8,-1.2333,1.2333,-1.0126,1.2299,-179.9559,0.0000,0.0000,0.0000,-1.0033,1.2412,178.1448,0.027,8723,0.1000,-0.0023,0.2208,1,3,0.572
113.401,0,3,8,-1.2333,1.2333,-1.0195,1.2286,-179.9881,0.0000,0.0000,0.0000,-0.8850,1.1889,176.7858,0.017,8728,0.1000,-0.0030,0.2139,1,3,0.584
113.501,0,3,8,-1.2333,1.2333,-1.0256,1.2312,179.9390,0.0000,0.0000,0.0000,-1.0241,1.2431,178.3970,0.025,8732,0.1000,-0.0018,0.2078,1,3,0.572
113.601,0,3,8,-1.2333,1.2333,-1.0296,1.2329,179.6445,0.0000,0.0000,0.0000,-0.4882,1.4601,168.8062,0.008,8737,0.1000,-0.0010,0.2037,1,3,0.579
113.702,0,3,8,-1.2333,1.2333,-1.0352,1.2351,179.7308,0.0000,0.0000,0.0000,-1.0446,1.2434,178.4336,0.019,8741,0.1000,0.0001,0.1981,1,3,0.564
113.800,0,3,8,-1.2333,1.2333,-1.0436,1.2356,179.8056,0.0000,0.0000,0.0000,-1.1061,1.1667,174.5469,0.003,8747,0.1000,0.0004,0.1898,1,3,0.578
113.901,0,3,8,-1.2333,1.2333,-1.0541,1.2343,179.8582,0.0000,0.0000,0.0000,-1.0687,1.2433,178.5898,0.023,8751,0.1000,-0.0002,0.1793,1,3,0.362
114.000,0,3,8,-1.2333,1.2333,-1.0564,1.2394,179.6223,0.0000,0.0000,0.0000,-0.5404,1.4670,169.4314,0.007,8757,0.1000,0.0026,0.1771,1,3,0.274
114.101,0,3,8,-1.2333,1.2333,-1.0625,1.2411,179.6800,0.0000,0.0000,0.0000,-1.0917,1.2467,178.5842,0.020,8761,0.0999,0.0038,0.1710,1,3,0.574
114.200,0,3,8,-1.2333,1.2333,-1.0724,1.2393,179.7320,0.0000,0.0000,0.0000,-0.9441,1.2102,176.8495,0.005,8766,0.1000,0.0029,0.1611,1,3,0.575
114.302,0,3,8,-1.2333,1.2333,-1.0782,1.2408,179.7385,0.0000,0.0000,0.0000,-1.1122,1.2456,178.9380,0.025,8770,0.0999,0.0040,0.1553,1,3,0.574
114.402,0,3,8,-1.2333,1.2333,-1.0853,1.2417,179.5772,0.0000,0.0000,0.0000,-1.1673,1.1669,175.0705,0.030,8774,0.0999,0.0049,0.1483,1,3,0.569
114.501,0,3,8,-1.2333,1.2333,-1.0910,1.2428,179.7434,0.0000,0.0000,0.0000,-1.1357,1.2456,179.0750,0.024,8779,0.0998,0.0059,0.1427,1,3,0.562
114.601,0,3,8,-1.2333,1.2333,-1.1008,1.2405,179.7263,0.0000,0.0000,0.0000,-0.9952,1.2011,177.8310,0.017,8784,0.0999,0.0046,0.1328,1,3,0.576
114.702,0,3,8,-1.2333,1.2333,-1.1115,1.2391,179.8903,0.0000,0.0000,0.0000,-1.1583,1.2417,179.5171,0.026,8788,0.0975,0.0039,0.1220,1,3,0.583
114.801,0,3,8,-1.2333,1.2333,-1.1215,1.2367,179.7734,0.0000,0.0000,0.0000,-1.0159,1.1997,178.0243,0.014,8793,0.0895,0.0020,0.1119,1,3,0.577
114.902,0,3,8,-1.2333,1.2333,-1.1311,1.2357,179.9062,0.0000,0.0000,0.0000,-1.1799,1.2469,179.3717,0.006,8797,0.0818,0.0013,0.1023,1,3,0.558
115.001,0,3,8,-1.2333,1.2333,-1.1393,1.2337,179.8749,0.0000,0.0000,0.0000,-1.0310,1.2022,178.1873,0.016,8802,0.0752,-0.0003,0.0940,1,3,0.571
115.101,0,3,8,-1.2333,1.2333,-1.1473,1.2329,179.9642,0.0000,0.0000,0.0000,-1.0339,1.2043,178.1256,0.044,8805,0.0688,-0.0009,0.0860,1,3,0.565
115.201,0,3,8,-1.2333,1.2333,-1.1506,1.2348,179.8507,0.0000,0.0000,0.0000,-1.0473,1.2017,178.3382,0.012,8810,0.0662,0.0007,0.0828,1,3,0.547
115.302,0,3,8,-1.2333,1.2333,-1.1571,1.2347,179.8196,0.0000,0.0000,0.0000,-1.2128,1.2471,179.5584,0.024,8813,0.0610,0.0006,0.0762,1,3,0.575
115.403,0,3,8,-1.2333,1.2333,-1.1567,1.2369,179.7939,0.0000,0.0000,0.0000,-1.0863,1.1777,178.9018,0.012,8816,0.0000,0.0000,0.0767,1,3,0.381
115.502,0,3,8,-1.2333,1.2333,-1.1537,1.2399,179.6684,0.0000,0.0000,0.0000,-1.2250,1.2473,179.6195,0.022,8819,0.0000,0.0000,0.0799,1,3,0.566
115.601,0,3,8,-1.2333,1.2333,-1.1536,1.2396,179.6577,0.0000,0.0000,0.0000,-1.2250,1.2472,179.6162,0.057,8821,0.0000,0.0000,0.0800,1,3,0.556
115.701,0,3,8,-1.2333,1.2333,-1.1497,1.2422,179.5566,0.0000,0.0000,0.0000,-1.2250,1.2472,179.6177,0.017,8825,0.0000,0.0000,0.0841,1,3,0.367
115.801,0,3,8,-1.2333,1.2333,-1.1486,1.2415,179.5401,0.0000,0.0000,0.0000,-1.0651,1.2056,178.2430,0.019,8828,0.0000,0.0000,0.0851,1,3,0.562
115.903,0,3,8,-1.2333,1.2333,-1.1491,1.2415,179.5238,0.0000,0.0000,0.0000,-1.2251,1.2472,179.6189,0.028,8831,0.0000,0.0000,0.0846,1,3,0.408
116.000,0,3,8,-1.2333,1.2333,-1.1443,1.2439,179.4308,0.0000,0.0000,0.0000,-1.0656,1.2051,178.2531,0.009,8834,0.0000,0.0000,0.0896,1,3,0.381
116.101,0,3,8,-1.2333,1.2333,-1.1415,1.2467,179.3487,0.0000,0.0000,0.0000,-1.2251,1.2471,179.6197,0.023,8837,0.0000,0.0000,0.0928,1,3,0.565
116.201,0,3,8,-1.2333,1.2333,-1.1368,1.2489,179.2612,0.0000,0.0000,0.0000,-1.0639,1.2071,178.2111,0.009,8840,0.0000,0.0000,0.0978,1,3,0.441
116.302,0,3,8,-1.2333,1.2333,-1.1383,1.2481,179.2673,0.0000,0.0000,0.0000,-1.2251,1.2471,179.6196,0.008,8843,0.0000,0.0000,0.0961,1,3,0.419
116.404,0,3,8,-1.2333,1.2333,-1.1336,1.2503,179.1827,0.0000,0.0000,0.0000,-0.7339,1.4711,171.4948,0.013,8846,0.0000,0.0000,0.1012,0,4,0.414
116.502,0,3,8,-1.2333,1.2333,-1.1342,1.2494,179.1871,0.0000,0.0000,0.0000,-1.0903,1.1808,178.8218,0.048,8848,0.0000,0.0000,0.1005,0,4,0.556
116.600,0,3,8,-1.2333,1.2333,-1.1345,1.2483,179.1817,0.0000,0.0000,0.0000,-1.0352,1.2299,177.6191,0.015,8852,0.0000,0.0000,0.1000,0,4,0.556
116.701,0,3,8,-1.2333,1.2333,-1.1359,1.2478,179.1822,0.0000,0.0000,0.0000,-1.2251,1.2471,179.6189,0.024,8855,0.0000,0.0000,0.0985,0,4,0.565
116.802,0,3,8,-1.2333,1.2333,-1.1361,1.2473,179.1785,0.0000,0.0000,0.0000,-1.2252,1.2471,179.6216,0.052,8857,0.0000,0.0000,0.0983,0,4,0.382
116.901,0,3,8,-1.2333,1.2333,-1.1361,1.2466,179.1640,0.0000,0.0000,0.0000,-1.2251,1.2471,179.6190,0.020,8861,0.0000,0.0000,0.0982,0,4,0.537
117.000,0,3,8,-1.2333,1.2333,-1.1322,1.2494,179.0885,0.0000,0.0000,0.0000,-1.0634,1.2073,178.2051,0.003,8864,0.0000,0.0000,0.1024,0,4,0.543
117.102,0,3,8,-1.2333,1.2333,-1.1328,1.2484,179.0841,0.0000,0.0000,0.0000,-1.2252,1.2471,179.6200,0.009,8867,0.0000,0.0000,0.1017,0,4,0.535
117.200,0,3,8,-1.2333,1.2333,-1.1322,1.2473,179.0726,0.0000,0.0000,0.0000,-1.0634,1.2072,178.2073,0.017,8870,0.0000,0.0000,0.1021,0,4,0.546
117.301,0,3,8,-1.2333,1.2333,-1.1295,1.2501,179.0052,0.0000,0.0000,0.0000,-1.2252,1.2471,179.6200,0.025,8873,0.0000,0.0000,0.1052,0,4,0.531
117.402,0,3,8,-1.2333,1.2333,-1.1249,1.2524,178.9280,0.0000,0.0000,0.0000,-0.7327,1.4714,171.4770,0.010,8876,0.0000,0.0000,0.1101,0,4,0.561
117.500,0,3,8,-1.2333,1.2333,-1.1224,1.2550,178.8674,0.0000,0.0000,0.0000,-1.2253,1.2470,179.6226,0.026,8879,0.0000,0.0000,0.1130,0,4,0.411
117.601,0,3,8,-1.2333,1.2333,-1.1219,1.2540,178.8576,0.0000,0.0000,0.0000,-1.0358,1.2297,177.6267,0.015,8882,0.0000,0.0000,0.1133,0,4,0.381
117.701,0,3,8,-1.2333,1.2333,-1.1237,1.2532,178.8641,0.0000,0.0000,0.0000,-1.2254,1.2470,179.6234,0.011,8885,0.0000,0.0000,0.1114,0,4,0.572
117.800,0,3,8,-1.2333,1.2333,-1.1194,1.2553,178.7934,0.0000,0.0000,0.0000,-1.0641,1.2064,178.2244,0.015,8888,0.0000,0.0000,0.1160,0,4,0.555
117.902,0,3,8,-1.2333,1.2333,-1.1210,1.2548,178.7979,0.0000,0.0000,0.0000,-1.2253,1.2470,179.6202,0.012,8891,0.0000,0.0000,0.1144,0,4,0.561
118.000,0,3,8,-1.2333,1.2333,-1.1216,1.2541,178.7994,0.0000,0.0000,0.0000,-1.0341,1.2310,177.5942,0.009,8894,0.0000,0.0000,0.1136,0,4,0.339
118.100,0,3,8,-1.2333,1.2333,-1.1224,1.2530,178.7969,0.0000,0.0000,0.0000,-1.2254,1.2470,179.6232,0.023,8897,0.0000,0.0000,0.1127,0,4,0.572
118.201,0,3,8,-1.2333,1.2333,-1.1222,1.2518,178.7936,0.0000,0.0000,0.0000,-1.0632,1.2069,178.2074,0.016,8900,0.0000,0.0000,0.1127,0,4,0.558
118.300,0,3,8,-1.2333,1.2333,-1.1240,1.2511,178.8041,0.0000,0.0000,0.0000,-1.2254,1.2469,179.6223,0.023,8903,0.0000,0.0000,0.1107,0,4,0.398
118.400,0,3,8,-1.2333,1.2333,-1.1203,1.2539,178.7367,0.0000,0.0000,0.0000,-0.7329,1.4713,171.4814,0.043,8905,0.0000,0.0000,0.1149,0,4,0.557
118.501,0,3,8,-1.2333,1.2333,-1.1216,1.2524,178.7442,0.0000,0.0000,0.0000,-1.2254,1.2469,179.6228,0.023,8909,0.0000,0.0000,0.1134,0,4,0.552
118.600,0,3,8,-1.2333,1.2333,-1.1215,1.2511,178.7431,0.0000,0.0000,0.0000,-1.0671,1.2037,178.2859,0.016,8912,0.0000,0.0000,0.1133,0,4,0.542
118.701,0,3,8,-1.2333,1.2333,-1.1234,1.2504,178.7550,0.0000,0.0000,0.0000,-1.2254,1.2469,179.6237,0.027,8915,0.0000,0.0000,0.1112,0,4,0.566
118.800,0,3,8,-1.2333,1.2333,-1.1191,1.2525,178.6857,0.0000,0.0000,0.0000,-1.0654,1.2054,178.2496,0.017,8918,0.0000,0.0000,0.1159,0,4,0.365
118.901,0,3,8,-1.2333,1.2333,-1.1211,1.2518,178.6984,0.0000,0.0000,0.0000,-1.2254,1.2469,179.6233,0.027,8921,0.0000,0.0000,0.1138,0,4,0.569
119.001,0,3,8,-1.2333,1.2333,-1.1206,1.2509,178.6904,0.0000,0.0000,0.0000,-1.0648,1.2060,178.2357,0.010,8924,0.0000,0.0000,0.1141,0,4,0.559
119.102,0,3,8,-1.2333,1.2333,-1.1215,1.2499,178.6981,0.0000,0.0000,0.0000,-1.0888,1.1820,178.7919,0.045,8926,0.0000,0.0000,0.1130,0,4,0.545
119.200,0,3,8,-1.2333,1.2333,-1.1181,1.2524,178.6333,0.0000,0.0000,0.0000,-1.0348,1.2306,177.6076,0.008,8930,0.0000,0.0000,0.1168,0,4,0.456
119.300,0,3,8,-1.2333,1.2333,-1.1202,1.2517,178.6455,0.0000,0.0000,0.0000,-1.2255,1.2469,179.6236,0.024,8933,0.0000,0.0000,0.1146,0,4,0.555
119.401,0,3,8,-1.2333,1.2333,-1.1201,1.2504,178.6455,0.0000,0.0000,0.0000,-1.0643,1.2063,178.2277,0.018,8936,0.0000,0.0000,0.1145,0,4,0.560
119.502,0,3,8,-1.2333,1.2333,-1.1220,1.2498,178.6599,0.0000,0.0000,0.0000,-1.2254,1.2468,179.6227,0.024,8939,0.0000,0.0000,0.1125,0,4,0.387
119.601,0,3,8,-1.2333,1.2333,-1.1226,1.2492,178.6637,0.0000,0.0000,0.0000,-1.2254,1.2469,179.6226,0.052,8941,0.0000,0.0000,0.1118,0,4,0.561
119.700,0,3,8,-1.2333,1.2333,-1.1242,1.2489,178.6709,0.0000,0.0000,0.0000,-0.7318,1.4717,171.4664,0.003,8945,0.0000,0.0000,0.1103,0,4,0.408
119.800,0,3,8,-1.2333,1.2333,-1.1197,1.2511,178.6045,0.0000,0.0000,0.0000,-1.2255,1.2468,179.6243,0.044,8947,0.0000,0.0000,0.1150,0,4,0.424
119.901,0,3,8,-1.2333,1.2333,-1.1211,1.2498,178.6165,0.0000,0.0000,0.0000,-1.2255,1.2468,179.6237,0.029,8951,0.0000,0.0000,0.1135,0,4,0.350
120.000,0,3,8,-1.2333,1.2333,-1.1168,1.2520,178.5530,0.0000,0.0000,0.0000,-1.0660,1.2043,178.2680,0.014,8954,0.0000,0.0000,0.1181,0,4,0.237
120.101,0,3,8,-1.2333,1.2333,-1.1189,1.2513,178.5698,0.0000,0.0000,0.0000,-1.2255,1.2468,179.6248,0.024,8957,0.0000,0.0000,0.1158,0,4,0.551
120.201,0,3,8,-1.2333,1.2333,-1.1189,1.2500,178.5729,0.0000,0.0000,0.0000,-1.0661,1.2043,178.2682,0.016,8960,0.0000,0.0000,0.1157,0,4,0.524
120.302,0,3,8,-1.2333,1.2333,-1.1167,1.2528,178.5223,0.0000,0.0000,0.0000,-1.2256,1.2468,179.6265,0.021,8963,0.0000,0.0000,0.1183,0,4,0.577
120.400,0,3,8,-1.2333,1.2333,-1.1082,1.2583,178.3944,0.0000,0.0000,0.0000,-0.7330,1.4715,171.4800,0.017,8966,0.0000,0.0000,0.1276,0,4,0.376
