time,lap_count,goal_index,wp_index,target_x,target_y,filtered_x,filtered_y,filtered_yaw,raw_odom_x,raw_odom_y,raw_odom_yaw,aruco_x,aruco_y,aruco_yaw,aruco_age,aruco_count,cmd_vx,cmd_vy,dist_to_target,lifter_up,lifter_toggle_count,min_dist
0.105,0,0,0,-0.6167,0.0000,-0.4788,-0.0457,-139.1576,0.0000,0.0000,0.0000,-0.5208,0.0206,179.5809,0.002,8,0.0000,0.0000,0.1452,0,0,1.111
0.203,0,0,0,-0.6167,0.0000,-0.4870,-0.0472,-141.2914,0.0000,0.0000,0.0000,-0.6157,-0.0955,-177.7143,0.029,13,0.0000,0.0000,0.1380,0,0,1.107
0.301,0,0,0,-0.6167,0.0000,-0.4912,-0.0472,-142.5820,0.0000,0.0000,0.0000,-0.7074,-0.0664,-178.2713,0.002,20,0.0000,0.0000,0.1340,0,0,1.102
0.402,0,0,0,-0.6167,0.0000,-0.4984,-0.0486,-144.5065,0.0000,0.0000,0.0000,-0.5208,0.0205,179.5762,0.009,26,0.0000,0.0000,0.1278,0,0,1.248
0.505,0,0,0,-0.6167,0.0000,-0.5048,-0.0504,-146.0655,0.0000,0.0000,0.0000,-0.6157,-0.0955,-177.7143,0.002,33,0.0000,0.0000,0.1227,0,0,1.106
0.602,0,0,0,-0.6167,0.0000,-0.5082,-0.0498,-146.9899,0.0000,0.0000,0.0000,-0.5208,0.0206,179.5802,0.003,38,0.0000,0.0000,0.1193,0,0,1.106
0.703,0,0,0,-0.6167,0.0000,-0.5132,-0.0505,-148.0604,0.0000,0.0000,0.0000,-0.7074,-0.0663,-178.2727,0.006,43,0.0000,0.0000,0.1152,0,0,1.105
0.801,0,0,0,-0.6167,0.0000,-0.5170,-0.0522,-149.2520,0.0000,0.0000,0.0000,-0.5210,0.0207,179.5844,0.011,50,0.0000,0.0000,0.1126,0,0,1.091
0.907,0,0,0,-0.6167,0.0000,-0.5197,-0.0527,-150.0300,0.0000,0.0000,0.0000,-0.5210,0.0207,179.5794,0.008,54,0.0000,0.0000,0.1104,0,0,1.100
1.006,0,0,0,-0.6167,0.0000,-0.5249,-0.0539,-151.5291,0.0000,0.0000,0.0000,-0.5209,0.0207,179.5799,0.016,62,0.0000,0.0000,0.1065,0,0,1.100
1.105,0,0,0,-0.6167,0.0000,-0.5270,-0.0542,-152.5752,0.0000,0.0000,0.0000,-0.6157,-0.0955,-177.7135,0.002,68,0.0000,0.0000,0.1048,0,0,1.121
1.202,0,0,0,-0.6167,0.0000,-0.5317,-0.0544,-153.7891,0.0000,0.0000,0.0000,-0.5209,0.0207,179.5784,0.020,74,0.0000,0.0000,0.1009,0,0,1.106
1.307,0,0,0,-0.6167,0.0000,-0.5338,-0.0548,-154.4366,0.0000,0.0000,0.0000,-0.7074,-0.0663,-178.2725,0.009,80,0.0000,0.0000,0.0994,0,0,1.104
1.405,0,0,0,-0.6167,0.0000,-0.5358,-0.0553,-155.0604,0.0000,0.0000,0.0000,-0.5074,-0.1250,-172.2287,0.008,83,0.0000,0.0000,0.0979,0,0,1.089
1.503,0,0,0,-0.6167,0.0000,-0.5409,-0.0568,-156.5381,0.0000,0.0000,0.0000,-0.6157,-0.0955,-177.7135,0.004,93,0.0000,0.0000,0.0946,0,0,1.119
1.604,0,0,0,-0.6167,0.0000,-0.5432,-0.0567,-157.4008,0.0000,0.0000,0.0000,-0.5209,0.0207,179.5811,0.033,98,0.0000,0.0000,0.0928,0,0,1.106
1.706,0,0,0,-0.6167,0.0000,-0.5460,-0.0578,-158.1759,0.0000,0.0000,0.0000,-0.6157,-0.0955,-177.7135,0.003,105,0.0000,0.0000,0.0913,0,0,1.119
1.803,0,0,0,-0.6167,0.0000,-0.5480,-0.0577,-158.9739,0.0000,0.0000,0.0000,-0.5209,0.0207,179.5802,0.024,110,0.0000,0.0000,0.0897,0,0,1.105
1.903,0,0,0,-0.6167,0.0000,-0.5509,-0.0581,-159.5971,0.0000,0.0000,0.0000,-0.7074,-0.0664,-178.2729,0.015,115,0.0000,0.0000,0.0877,0,0,1.090
2.002,0,0,0,-0.6167,0.0000,-0.5522,-0.0587,-160.4201,0.0000,0.0000,0.0000,-0.5208,0.0207,179.5795,0.029,122,0.0000,0.0000,0.0872,0,0,1.105
2.103,0,0,0,-0.6167,0.0000,-0.5545,-0.0596,-161.0694,0.0000,0.0000,0.0000,-0.6157,-0.0955,-177.7136,0.004,129,0.0000,0.0000,0.0861,0,0,1.106
2.203,0,0,0,-0.6167,0.0000,-0.5560,-0.0595,-161.7435,0.0000,0.0000,0.0000,-0.5208,0.0207,179.5787,0.028,134,0.0000,0.0000,0.0849,0,0,1.109
2.306,0,0,0,-0.6167,0.0000,-0.5581,-0.0604,-162.3336,0.0000,0.0000,0.0000,-0.6157,-0.0955,-177.7136,0.003,141,0.0000,0.0000,0.0841,0,0,1.104
2.403,0,0,0,-0.6167,0.0000,-0.5594,-0.0602,-162.9578,0.0000,0.0000,0.0000,-0.5208,0.0207,179.5779,0.022,146,0.0000,0.0000,0.0831,0,0,1.104
2.503,0,0,0,-0.6167,0.0000,-0.5600,-0.0610,-163.3925,0.0000,0.0000,0.0000,-0.5074,-0.1250,-172.2292,0.032,151,0.0000,0.0000,0.0833,0,0,1.103
2.601,0,0,0,-0.6167,0.0000,-0.5629,-0.0616,-163.9595,0.0000,0.0000,0.0000,-0.5207,0.0206,179.5795,0.003,158,0.0000,0.0000,0.0818,0,0,1.120
2.702,0,0,0,-0.6167,0.0000,-0.5642,-0.0616,-164.5707,0.0000,0.0000,0.0000,-0.7074,-0.0663,-178.2736,0.019,164,0.0000,0.0000,0.0809,0,0,1.111
2.801,0,0,0,-0.6167,0.0000,-0.5656,-0.0621,-164.9896,0.0000,0.0000,0.0000,-0.6157,-0.0955,-177.7138,0.031,169,0.0000,0.0000,0.0804,0,0,1.098
2.901,0,0,0,-0.6167,0.0000,-0.5672,-0.0625,-165.6382,0.0000,0.0000,0.0000,-0.6157,-0.0955,-177.7138,0.005,177,0.0000,0.0000,0.0797,0,0,1.094
3.002,0,0,0,-0.6167,0.0000,-0.5675,-0.0619,-166.0385,0.0000,0.0000,0.0000,-0.5074,-0.1250,-172.2297,0.002,183,0.0000,0.0000,0.0790,0,0,1.116
3.101,0,0,0,-0.6167,0.0000,-0.5690,-0.0626,-166.4495,0.0000,0.0000,0.0000,-0.7074,-0.0664,-178.2725,0.023,188,0.0000,0.0000,0.0787,0,0,1.105
3.220,0,0,0,-0.6167,0.0000,-0.5697,-0.0628,-166.7278,0.0000,0.0000,0.0000,-0.6157,-0.0955,-177.7138,0.012,193,0.0000,0.0000,0.0784,0,0,1.108
3.301,0,0,0,-0.6167,0.0000,-0.5710,-0.0631,-167.2762,0.0000,0.0000,0.0000,-0.5074,-0.1250,-172.2297,0.012,200,0.0000,0.0000,0.0779,0,0,1.114
3.401,0,0,0,-0.6167,0.0000,-0.5716,-0.0628,-167.6886,0.0000,0.0000,0.0000,-0.6157,-0.0955,-177.7138,0.029,206,0.0000,0.0000,0.0773,0,0,1.091
3.502,0,0,0,-0.6167,0.0000,-0.5732,-0.0638,-168.0983,0.0000,0.0000,0.0000,-0.6157,-0.0955,-177.7138,0.006,213,0.0000,0.0000,0.0772,0,0,1.094
3.602,0,0,0,-0.6167,0.0000,-0.5733,-0.0631,-168.4098,0.0000,0.0000,0.0000,-0.5209,0.0208,179.5790,0.025,218,0.0000,0.0000,0.0766,0,0,1.104
3.703,0,0,0,-0.6167,0.0000,-0.5732,-0.0638,-168.6558,0.0000,0.0000,0.0000,-0.6156,-0.0955,-177.7133,0.002,224,0.0000,0.0000,0.0772,0,0,1.109
3.803,0,0,0,-0.6167,0.0000,-0.5749,-0.0635,-169.0724,0.0000,0.0000,0.0000,-0.6156,-0.0955,-177.7133,0.012,230,0.0000,0.0000,0.0760,0,0,1.107
3.904,0,0,0,-0.6167,0.0000,-0.5760,-0.0642,-169.3573,0.0000,0.0000,0.0000,-0.7074,-0.0664,-178.2729,0.017,236,0.0000,0.0000,0.0760,0,0,1.099
4.001,0,0,0,-0.6167,0.0000,-0.5762,-0.0637,-169.6868,0.0000,0.0000,0.0000,-0.5208,0.0207,179.5782,0.014,242,0.0000,0.0000,0.0755,0,0,1.103
4.102,0,0,0,-0.6167,0.0000,-0.5772,-0.0644,-169.9433,0.0000,0.0000,0.0000,-0.7074,-0.0664,-178.2730,0.014,248,0.0000,0.0000,0.0755,0,0,1.106
4.202,0,0,0,-0.6167,0.0000,-0.5780,-0.0648,-170.1702,0.0000,0.0000,0.0000,-0.6156,-0.0955,-177.7137,0.035,253,0.0000,0.0000,0.0754,0,0,1.125
4.306,0,0,0,-0.6167,0.0000,-0.5784,-0.0646,-170.4822,0.0000,0.0000,0.0000,-0.7074,-0.0664,-178.2726,0.026,260,0.0000,0.0000,0.0751,0,0,1.093
4.401,0,0,0,-0.6167,0.0000,-0.5785,-0.0642,-170.7583,0.0000,0.0000,0.0000,-0.5208,0.0207,179.5766,0.029,266,0.0000,0.0000,0.0747,0,0,1.106
4.506,0,0,0,-0.6167,0.0000,-0.5794,-0.0649,-170.9689,0.0000,0.0000,0.0000,-0.6156,-0.0955,-177.7137,0.003,273,0.0000,0.0000,0.0748,0,0,1.124
4.602,0,0,0,-0.6167,0.0000,-0.5795,-0.0644,-171.2301,0.0000,0.0000,0.0000,-0.5208,0.0208,179.5783,0.027,278,0.0000,0.0000,0.0744,0,0,1.108
4.701,0,0,0,-0.6167,0.0000,-0.5810,-0.0645,-171.4178,0.0000,0.0000,0.0000,-0.7074,-0.0664,-178.2730,0.019,283,0.0000,0.0000,0.0737,0,0,1.101
4.800,0,0,0,-0.6167,0.0000,-0.5803,-0.0646,-171.6604,0.0000,0.0000,0.0000,-0.5208,0.0208,179.5765,0.012,290,0.0000,0.0000,0.0742,0,0,1.100
4.900,0,0,0,-0.6167,0.0000,-0.5811,-0.0653,-171.8388,0.0000,0.0000,0.0000,-0.6156,-0.0955,-177.7137,0.003,297,0.0000,0.0000,0.0743,0,0,1.102
5.001,0,0,0,-0.6167,0.0000,-0.5811,-0.0648,-172.0594,0.0000,0.0000,0.0000,-0.5074,-0.1250,-172.2297,0.003,303,0.0000,0.0000,0.0739,0,0,1.099
5.108,0,0,0,-0.6167,0.0000,-0.5810,-0.0657,-172.2140,0.0000,0.0000,0.0000,-0.7074,-0.0664,-178.2727,0.003,309,0.0000,0.0000,0.0748,0,0,1.101
5.202,0,0,0,-0.6167,0.0000,-0.5818,-0.0650,-172.4281,0.0000,0.0000,0.0000,-0.6157,-0.0955,-177.7134,0.026,314,0.0000,0.0000,0.0737,0,0,1.104
5.301,0,0,0,-0.6167,0.0000,-0.5814,-0.0656,-172.5289,0.0000,0.0000,0.0000,-0.5074,-0.1250,-172.2297,0.032,319,0.0000,0.0000,0.0745,0,0,1.114
5.404,0,0,0,-0.6167,0.0000,-0.5830,-0.0659,-172.7106,0.0000,0.0000,0.0000,-0.6156,-0.0955,-177.7137,0.015,325,0.0000,0.0000,0.0740,0,0,1.102
5.502,0,0,0,-0.6167,0.0000,-0.5831,-0.0657,-172.8973,0.0000,0.0000,0.0000,-0.6156,-0.0955,-177.7137,0.007,333,0.0000,0.0000,0.0737,0,0,1.098
5.601,0,0,0,-0.6167,0.0000,-0.5830,-0.0652,-173.0729,0.0000,0.0000,0.0000,-0.5207,0.0207,179.5777,0.029,338,0.0000,0.0000,0.0734,0,0,1.096
5.706,0,0,0,-0.6167,0.0000,-0.5836,-0.0658,-173.1875,0.0000,0.0000,0.0000,-0.6156,-0.0955,-177.7137,0.003,345,0.0000,0.0000,0.0736,0,0,1.097
5.804,0,0,0,-0.6167,0.0000,-0.5835,-0.0653,-173.3513,0.0000,0.0000,0.0000,-0.5207,0.0207,179.5766,0.026,350,0.0000,0.0000,0.0732,0,0,1.124
5.906,0,0,0,-0.6167,0.0000,-0.5841,-0.0659,-173.4581,0.0000,0.0000,0.0000,-0.5074,-0.1250,-172.2299,0.009,356,0.0000,0.0000,0.0735,0,0,1.098
6.002,0,0,0,-0.6167,0.0000,-0.5839,-0.0654,-173.6146,0.0000,0.0000,0.0000,-0.6156,-0.0955,-177.7137,0.020,362,0.0000,0.0000,0.0731,0,0,1.093
6.101,0,0,0,-0.6167,0.0000,-0.5848,-0.0663,-173.7350,0.0000,0.0000,0.0000,-0.6156,-0.0955,-177.7137,0.008,369,0.0000,0.0000,0.0735,0,0,1.103
6.204,0,0,0,-0.6167,0.0000,-0.5843,-0.0655,-173.8491,0.0000,0.0000,0.0000,-0.5207,0.0208,179.5752,0.035,374,0.0000,0.0000,0.0731,0,0,1.105
6.302,0,0,0,-0.6167,0.0000,-0.5849,-0.0661,-173.9324,0.0000,0.0000,0.0000,-0.7074,-0.0664,-178.2727,0.023,380,0.0000,0.0000,0.0733,0,0,1.105
6.401,0,0,0,-0.6167,0.0000,-0.5847,-0.0656,-174.0675,0.0000,0.0000,0.0000,-0.5208,0.0208,179.5706,0.020,386,0.0000,0.0000,0.0730,0,0,1.094
6.503,0,0,0,-0.6167,0.0000,-0.5841,-0.0661,-174.1139,0.0000,0.0000,0.0000,-0.5074,-0.1250,-172.2299,0.033,391,0.0000,0.0000,0.0738,0,0,1.103
6.608,0,0,0,-0.6167,0.0000,-0.5856,-0.0665,-174.2254,0.0000,0.0000,0.0000,-0.6156,-0.0955,-177.7137,0.022,397,0.0000,0.0000,0.0733,0,0,1.092
6.701,0,0,0,-0.6167,0.0000,-0.5855,-0.0662,-174.3374,0.0000,0.0000,0.0000,-0.7074,-0.0664,-178.2737,0.009,404,0.0000,0.0000,0.0732,0,0,1.110
6.801,0,0,0,-0.6167,0.0000,-0.5853,-0.0657,-174.4579,0.0000,0.0000,0.0000,-0.5074,-0.1250,-172.2299,0.003,411,0.0000,0.0000,0.0728,0,0,1.110
6.905,0,0,0,-0.6167,0.0000,-0.5858,-0.0662,-174.5153,0.0000,0.0000,0.0000,-0.6156,-0.0955,-177.7137,0.002,417,0.0000,0.0000,0.0731,0,0,1.113
7.003,0,0,0,-0.6167,0.0000,-0.5855,-0.0657,-174.6286,0.0000,0.0000,0.0000,-0.5208,0.0209,179.5759,0.026,422,0.0000,0.0000,0.0727,0,0,1.108
7.102,0,0,0,-0.6167,0.0000,-0.5863,-0.0666,-174.7033,0.0000,0.0000,0.0000,-0.6157,-0.0955,-177.7135,0.008,429,0.0000,0.0000,0.0732,0,0,1.099
7.205,0,0,0,-0.6167,0.0000,-0.5858,-0.0658,-174.7869,0.0000,0.0000,0.0000,-0.5208,0.0209,179.5747,0.032,434,0.0000,0.0000,0.0727,0,0,1.098
7.301,0,0,0,-0.6167,0.0000,-0.5851,-0.0663,-174.8102,0.0000,0.0000,0.0000,-0.7074,-0.0664,-178.2732,0.004,440,0.0000,0.0000,0.0735,0,0,1.101
7.402,0,0,0,-0.6167,0.0000,-0.5860,-0.0658,-174.9322,0.0000,0.0000,0.0000,-0.5207,0.0208,179.5774,0.019,446,0.0000,0.0000,0.0726,0,0,1.117
7.505,0,0,0,-0.6167,0.0000,-0.5871,-0.0658,-174.9918,0.0000,0.0000,0.0000,-0.6157,-0.0955,-177.7142,0.002,452,0.0000,0.0000,0.0722,0,0,1.106
7.609,0,0,0,-0.6167,0.0000,-0.5861,-0.0659,-175.0622,0.0000,0.0000,0.0000,-0.5207,0.0208,179.5765,0.034,458,0.0000,0.0000,0.0726,0,0,1.101
7.703,0,0,0,-0.6167,0.0000,-0.5866,-0.0664,-175.0989,0.0000,0.0000,0.0000,-0.6157,-0.0955,-177.7142,0.003,465,0.0000,0.0000,0.0729,0,0,1.095
7.804,0,0,0,-0.6167,0.0000,-0.5863,-0.0659,-175.1845,0.0000,0.0000,0.0000,-0.5074,-0.1250,-172.2299,0.002,471,0.0000,0.0000,0.0726,0,0,1.100
7.904,0,0,0,-0.6167,0.0000,-0.5867,-0.0665,-175.2128,0.0000,0.0000,0.0000,-0.6157,-0.0955,-177.7138,0.002,477,0.0000,0.0000,0.0729,0,0,1.099
8.003,0,0,0,-0.6167,0.0000,-0.5864,-0.0659,-175.2926,0.0000,0.0000,0.0000,-0.5207,0.0208,179.5760,0.018,482,0.0000,0.0000,0.0725,0,0,1.103
8.103,0,0,0,-0.6167,0.0000,-0.5869,-0.0665,-175.3197,0.0000,0.0000,0.0000,-0.7074,-0.0663,-178.2736,0.014,488,0.0000,0.0000,0.0729,0,0,1.098
8.201,0,0,0,-0.6167,0.0000,-0.5866,-0.0660,-175.3998,0.0000,0.0000,0.0000,-0.6157,-0.0955,-177.7138,0.009,494,0.0000,0.0000,0.0725,0,0,1.109
8.301,0,0,0,-0.6167,0.0000,-0.5870,-0.0665,-175.4203,0.0000,0.0000,0.0000,-0.7074,-0.0664,-178.2723,0.024,500,0.0000,0.0000,0.0728,0,0,1.114
8.400,0,0,0,-0.6167,0.0000,-0.5867,-0.0660,-175.4921,0.0000,0.0000,0.0000,-0.5207,0.0208,179.5751,0.025,506,0.0000,0.0000,0.0725,0,0,1.116
8.502,0,0,0,-0.6167,0.0000,-0.5871,-0.0665,-175.5081,0.0000,0.0000,0.0000,-0.6157,-0.0955,-177.7138,0.005,513,0.0000,0.0000,0.0728,0,0,1.106
8.602,0,0,0,-0.6167,0.0000,-0.5868,-0.0660,-175.5768,0.0000,0.0000,0.0000,-0.5206,0.0208,179.5760,0.025,518,0.0000,0.0000,0.0724,0,0,1.112
8.701,0,0,0,-0.6167,0.0000,-0.5879,-0.0660,-175.6140,0.0000,0.0000,0.0000,-0.6157,-0.0955,-177.7138,0.003,524,0.0000,0.0000,0.0720,0,0,1.102
8.801,0,0,0,-0.6167,0.0000,-0.5868,-0.0660,-175.6548,0.0000,0.0000,0.0000,-0.5206,0.0207,179.5762,0.017,530,0.0000,0.0000,0.0725,0,0,1.117
8.901,0,0,0,-0.6167,0.0000,-0.5872,-0.0666,-175.6640,0.0000,0.0000,0.0000,-0.5074,-0.1250,-172.2299,0.018,536,0.0000,0.0000,0.0728,0,0,1.099
9.002,0,0,0,-0.6167,0.0000,-0.5869,-0.0661,-175.7252,0.0000,0.0000,0.0000,-0.5206,0.0208,179.5733,0.030,542,0.0000,0.0000,0.0725,0,0,1.102
9.102,0,0,0,-0.6167,0.0000,-0.5876,-0.0669,-175.7455,0.0000,0.0000,0.0000,-0.6157,-0.0955,-177.7138,0.007,549,0.0000,0.0000,0.0729,0,0,1.119
9.201,0,0,0,-0.6167,0.0000,-0.5870,-0.0661,-175.7903,0.0000,0.0000,0.0000,-0.5206,0.0207,179.5757,0.027,554,0.0000,0.0000,0.0724,0,0,1.120
9.301,0,0,0,-0.6167,0.0000,-0.5863,-0.0666,-175.7772,0.0000,0.0000,0.0000,-0.5074,-0.1250,-172.2299,0.029,559,0.0000,0.0000,0.0732,0,0,1.100
9.403,0,0,0,-0.6167,0.0000,-0.5877,-0.0669,-175.8201,0.0000,0.0000,0.0000,-0.6157,-0.0955,-177.7138,0.012,565,0.0000,0.0000,0.0729,0,0,1.096
9.503,0,0,0,-0.6167,0.0000,-0.5875,-0.0666,-175.8551,0.0000,0.0000,0.0000,-0.7074,-0.0664,-178.2732,0.025,572,0.0000,0.0000,0.0727,0,0,1.106
9.602,0,0,0,-0.6167,0.0000,-0.5878,-0.0669,-175.8771,0.0000,0.0000,0.0000,-0.6157,-0.0955,-177.7138,0.038,577,0.0000,0.0000,0.0729,0,0,1.098
9.701,0,0,0,-0.6167,0.0000,-0.5878,-0.0669,-175.9216,0.0000,0.0000,0.0000,-0.6157,-0.0955,-177.7138,0.005,585,0.0000,0.0000,0.0728,0,0,1.101
9.801,0,0,0,-0.6167,0.0000,-0.5872,-0.0661,-175.9607,0.0000,0.0000,0.0000,-0.5206,0.0208,179.5768,0.030,590,0.0000,0.0000,0.0723,0,0,1.119
9.902,0,0,0,-0.6167,0.0000,-0.5876,-0.0666,-175.9587,0.0000,0.0000,0.0000,-0.6157,-0.0955,-177.7138,0.002,597,0.0000,0.0000,0.0727,0,0,1.088
10.000,0,0,0,-0.6167,0.0000,-0.5872,-0.0661,-176.0094,0.0000,0.0000,0.0000,-0.5206,0.0208,179.5732,0.016,602,0.0000,0.0000,0.0723,0,0,1.113
10.101,0,0,0,-0.6167,0.0000,-0.5879,-0.0669,-176.0169,0.0000,0.0000,0.0000,-0.6157,-0.0955,-177.7138,0.007,609,0.0000,0.0000,0.0728,0,0,1.112
10.200,0,0,0,-0.6167,0.0000,-0.5873,-0.0661,-176.0527,0.0000,0.0000,0.0000,-0.5206,0.0208,179.5733,0.030,614,0.0000,0.0000,0.0724,0,0,1.100
10.302,0,0,0,-0.6167,0.0000,-0.5876,-0.0667,-176.0461,0.0000,0.0000,0.0000,-0.6157,-0.0955,-177.7138,0.003,621,0.0000,0.0000,0.0727,0,0,1.107
10.401,0,0,0,-0.6167,0.0000,-0.5873,-0.0661,-176.0925,0.0000,0.0000,0.0000,-0.5206,0.0208,179.5742,0.026,626,0.0000,0.0000,0.0724,0,0,1.107
10.502,0,0,0,-0.6167,0.0000,-0.5866,-0.0667,-176.0718,0.0000,0.0000,0.0000,-0.6157,-0.0955,-177.7138,0.003,632,0.0000,0.0000,0.0732,0,0,1.111
10.601,0,0,0,-0.6167,0.0000,-0.5871,-0.0659,-176.1199,0.0000,0.0000,0.0000,-0.6157,-0.0955,-177.7138,0.017,638,0.0000,0.0000,0.0722,0,0,1.098
10.700,0,0,0,-0.6167,0.0000,-0.5875,-0.0664,-176.1107,0.0000,0.0000,0.0000,-0.7074,-0.0664,-178.2746,0.013,644,0.0000,0.0000,0.0726,0,0,1.096
10.802,0,0,0,-0.6167,0.0000,-0.5883,-0.0652,-176.1218,0.0000,0.0000,0.0000,-0.5206,0.0208,179.5719,0.013,650,0.0000,0.0000,0.0712,0,0,1.117
10.902,0,0,0,-0.6167,0.0000,-0.5888,-0.0661,-176.1227,0.0000,0.0000,0.0000,-0.6159,-0.0958,-177.7237,0.005,657,0.0000,0.0000,0.0717,0,0,1.102
11.002,0,0,0,-0.6167,0.0000,-0.5888,-0.0661,-176.1254,0.0000,0.0000,0.0000,-0.6159,-0.0958,-177.7237,0.035,661,0.0000,0.0000,0.0718,0,0,1.096
11.102,0,0,0,-0.6167,0.0000,-0.5885,-0.0659,-176.1458,0.0000,0.0000,0.0000,-0.6159,-0.0958,-177.7237,0.005,669,0.0000,0.0000,0.0717,0,0,1.106
11.201,0,0,0,-0.6167,0.0000,-0.5881,-0.0654,-176.1885,0.0000,0.0000,0.0000,-0.5207,0.0209,179.5728,0.032,674,0.0000,0.0000,0.0714,0,0,1.111
11.300,0,0,0,-0.6167,0.0000,-0.5885,-0.0660,-176.1764,0.0000,0.0000,0.0000,-0.7074,-0.0663,-178.2745,0.024,680,0.0000,0.0000,0.0718,0,0,1.104
11.401,0,0,0,-0.6167,0.0000,-0.5881,-0.0655,-176.2159,0.0000,0.0000,0.0000,-0.5207,0.0209,179.5736,0.024,686,0.0000,0.0000,0.0715,0,0,1.109
11.502,0,0,0,-0.6167,0.0000,-0.5894,-0.0658,-176.2399,0.0000,0.0000,0.0000,-0.6159,-0.0957,-177.7254,0.007,692,0.0000,0.0000,0.0712,0,0,1.103
11.601,0,0,0,-0.6167,0.0000,-0.5880,-0.0656,-176.2404,0.0000,0.0000,0.0000,-0.5207,0.0210,179.5746,0.029,698,0.0000,0.0000,0.0716,0,0,1.109
11.704,0,0,0,-0.6167,0.0000,-0.5886,-0.0664,-176.2375,0.0000,0.0000,0.0000,-0.6158,-0.0958,-177.7239,0.002,705,0.0000,0.0000,0.0721,0,0,1.099
11.802,0,0,0,-0.6167,0.0000,-0.5880,-0.0657,-176.2674,0.0000,0.0000,0.0000,-0.5207,0.0210,179.5734,0.027,710,0.0000,0.0000,0.0717,0,0,1.104
11.901,0,0,0,-0.6167,0.0000,-0.5872,-0.0662,-176.2383,0.0000,0.0000,0.0000,-0.6158,-0.0958,-177.7239,0.002,716,0.0000,0.0000,0.0725,0,0,1.106
12.001,0,0,0,-0.6167,0.0000,-0.5880,-0.0657,-176.2915,0.0000,0.0000,0.0000,-0.6158,-0.0958,-177.7239,0.019,722,0.0000,0.0000,0.0717,0,0,1.101
12.100,0,0,0,-0.6167,0.0000,-0.5872,-0.0663,-176.2598,0.0000,0.0000,0.0000,-0.5074,-0.1250,-172.2299,0.029,727,0.0000,0.0000,0.0725,0,0,1.099
12.202,0,0,0,-0.6167,0.0000,-0.5886,-0.0666,-176.2821,0.0000,0.0000,0.0000,-0.6158,-0.0958,-177.7239,0.013,733,0.0000,0.0000,0.0722,0,0,1.106
12.303,0,0,0,-0.6167,0.0000,-0.5883,-0.0663,-176.2954,0.0000,0.0000,0.0000,-0.6158,-0.0958,-177.7239,0.002,741,0.0000,0.0000,0.0721,0,0,1.118
12.402,0,0,0,-0.6167,0.0000,-0.5879,-0.0658,-176.3316,0.0000,0.0000,0.0000,-0.5207,0.0209,179.5717,0.023,746,0.0000,0.0000,0.0718,0,0,1.096
12.500,0,0,0,-0.6167,0.0000,-0.5883,-0.0663,-176.3158,0.0000,0.0000,0.0000,-0.6158,-0.0958,-177.7239,0.003,753,0.0000,0.0000,0.0721,0,0,1.099
12.601,0,0,0,-0.6167,0.0000,-0.5879,-0.0658,-176.3480,0.0000,0.0000,0.0000,-0.5207,0.0210,179.5726,0.030,758,0.0000,0.0000,0.0718,0,0,1.092
12.702,0,0,0,-0.6167,0.0000,-0.5890,-0.0658,-176.3580,0.0000,0.0000,0.0000,-0.6158,-0.0958,-177.7239,0.005,764,0.0000,0.0000,0.0714,0,0,1.093
12.801,0,0,0,-0.6167,0.0000,-0.5878,-0.0659,-176.3663,0.0000,0.0000,0.0000,-0.5207,0.0210,179.5715,0.015,770,0.0000,0.0000,0.0719,0,0,1.093
12.904,0,0,0,-0.6167,0.0000,-0.5884,-0.0667,-176.3553,0.0000,0.0000,0.0000,-0.6158,-0.0958,-177.7239,0.003,777,0.0000,0.0000,0.0724,0,0,1.093
13.001,0,0,0,-0.6167,0.0000,-0.5878,-0.0659,-176.3809,0.0000,0.0000,0.0000,-0.5207,0.0210,179.5732,0.016,782,0.0000,0.0000,0.0720,0,0,1.107
13.103,0,0,0,-0.6167,0.0000,-0.5884,-0.0667,-176.3699,0.0000,0.0000,0.0000,-0.6158,-0.0958,-177.7239,0.006,789,0.0000,0.0000,0.0725,0,0,1.098
13.201,0,0,0,-0.6167,0.0000,-0.5878,-0.0660,-176.3950,0.0000,0.0000,0.0000,-0.5206,0.0209,179.5730,0.032,794,0.0000,0.0000,0.0720,0,0,1.122
13.303,0,0,0,-0.6167,0.0000,-0.5870,-0.0665,-176.3641,0.0000,0.0000,0.0000,-0.5207,0.0209,179.5733,0.003,800,0.0000,0.0000,0.0728,0,0,1.108
13.403,0,0,0,-0.6167,0.0000,-0.5884,-0.0668,-176.3789,0.0000,0.0000,0.0000,-0.5206,0.0210,179.5725,0.002,806,0.0000,0.0000,0.0725,0,0,1.106
13.501,0,0,0,-0.6167,0.0000,-0.5882,-0.0665,-176.3875,0.0000,0.0000,0.0000,-0.7074,-0.0664,-178.2739,0.013,812,0.0000,0.0000,0.0724,0,0,1.093
13.602,0,0,0,-0.6167,0.0000,-0.5878,-0.0660,-176.4200,0.0000,0.0000,0.0000,-0.5206,0.0209,179.5748,0.014,818,0.0000,0.0000,0.0720,0,0,1.104
13.701,0,0,0,-0.6167,0.0000,-0.5884,-0.0668,-176.4076,0.0000,0.0000,0.0000,-0.6158,-0.0958,-177.7231,0.005,825,0.0000,0.0000,0.0725,0,0,1.115
13.802,0,0,0,-0.6167,0.0000,-0.5878,-0.0660,-176.4307,0.0000,0.0000,0.0000,-0.5206,0.0209,179.5726,0.029,830,0.0000,0.0000,0.0721,0,0,1.109
13.902,0,0,0,-0.6167,0.0000,-0.5881,-0.0666,-176.4085,0.0000,0.0000,0.0000,-0.6158,-0.0958,-177.7222,0.005,837,0.0000,0.0000,0.0724,0,0,1.106
14.002,0,0,0,-0.6167,0.0000,-0.5878,-0.0660,-176.4394,0.0000,0.0000,0.0000,-0.5206,0.0209,179.5715,0.030,842,0.0000,0.0000,0.0721,0,0,1.099
14.103,0,0,0,-0.6167,0.0000,-0.5881,-0.0666,-176.4151,0.0000,0.0000,0.0000,-0.6158,-0.0958,-177.7229,0.005,849,0.0000,0.0000,0.0725,0,0,1.106
14.202,0,0,0,-0.6167,0.0000,-0.5878,-0.0661,-176.4476,0.0000,0.0000,0.0000,-0.5206,0.0209,179.5710,0.027,854,0.0000,0.0000,0.0721,0,0,1.095
14.302,0,0,0,-0.6167,0.0000,-0.5881,-0.0666,-176.4254,0.0000,0.0000,0.0000,-0.5074,-0.1250,-172.2299,0.006,860,0.0000,0.0000,0.0725,0,0,1.100
14.402,0,0,0,-0.6167,0.0000,-0.5877,-0.0661,-176.4567,0.0000,0.0000,0.0000,-0.5205,0.0208,179.5724,0.024,866,0.0000,0.0000,0.0722,0,0,1.106
14.503,0,0,0,-0.6167,0.0000,-0.5881,-0.0667,-176.4338,0.0000,0.0000,0.0000,-0.6158,-0.0958,-177.7229,0.002,873,0.0000,0.0000,0.0725,0,0,1.096
14.602,0,0,0,-0.6167,0.0000,-0.5877,-0.0661,-176.4639,0.0000,0.0000,0.0000,-0.5206,0.0209,179.5764,0.027,878,0.0000,0.0000,0.0722,0,0,1.106
14.701,0,0,0,-0.6167,0.0000,-0.5870,-0.0667,-176.4279,0.0000,0.0000,0.0000,-0.6158,-0.0958,-177.7229,0.003,884,0.0000,0.0000,0.0730,0,0,1.098
14.805,0,0,0,-0.6167,0.0000,-0.5877,-0.0661,-176.4723,0.0000,0.0000,0.0000,-0.5074,-0.1250,-172.2299,0.002,891,0.0000,0.0000,0.0722,0,0,1.093
14.901,0,0,0,-0.6167,0.0000,-0.5881,-0.0667,-176.4480,0.0000,0.0000,0.0000,-0.7074,-0.0664,-178.2746,0.022,896,0.0000,0.0000,0.0725,0,0,1.115
15.002,0,0,0,-0.6167,0.0000,-0.5877,-0.0661,-176.4771,0.0000,0.0000,0.0000,-0.6158,-0.0958,-177.7234,0.017,902,0.0000,0.0000,0.0722,0,0,1.121
15.101,0,0,0,-0.6167,0.0000,-0.5884,-0.0669,-176.4623,0.0000,0.0000,0.0000,-0.6158,-0.0958,-177.7234,0.005,909,0.0000,0.0000,0.0727,0,0,1.101
15.202,0,0,0,-0.6167,0.0000,-0.5877,-0.0661,-176.4839,0.0000,0.0000,0.0000,-0.5206,0.0209,179.5715,0.027,914,0.0000,0.0000,0.0722,0,0,1.112
15.303,0,0,0,-0.6167,0.0000,-0.5881,-0.0667,-176.4582,0.0000,0.0000,0.0000,-0.6158,-0.0958,-177.7234,0.002,921,0.0000,0.0000,0.0725,0,0,1.098
15.401,0,0,0,-0.6167,0.0000,-0.5877,-0.0661,-176.4888,0.0000,0.0000,0.0000,-0.5206,0.0209,179.5717,0.033,926,0.0000,0.0000,0.0722,0,0,1.094
15.504,0,0,0,-0.6167,0.0000,-0.5891,-0.0664,-176.5016,0.0000,0.0000,0.0000,-0.5074,-0.1250,-172.2299,0.002,933,0.0000,0.0000,0.0719,0,0,1.232
15.603,0,0,0,-0.6167,0.0000,-0.5877,-0.0662,-176.4894,0.0000,0.0000,0.0000,-0.5206,0.0209,179.5690,0.030,938,0.0000,0.0000,0.0722,0,0,1.102
15.702,0,0,0,-0.6167,0.0000,-0.5880,-0.0667,-176.4681,0.0000,0.0000,0.0000,-0.6158,-0.0958,-177.7234,0.003,945,0.0000,0.0000,0.0726,0,0,1.099
15.801,0,0,0,-0.6167,0.0000,-0.5877,-0.0662,-176.4961,0.0000,0.0000,0.0000,-0.5205,0.0209,179.5706,0.023,950,0.0000,0.0000,0.0723,0,0,1.104
15.902,0,0,0,-0.6167,0.0000,-0.5880,-0.0667,-176.4666,0.0000,0.0000,0.0000,-0.6158,-0.0958,-177.7234,0.002,957,0.0000,0.0000,0.0726,0,0,1.105
16.003,0,0,0,-0.6167,0.0000,-0.5877,-0.0662,-176.4952,0.0000,0.0000,0.0000,-0.5205,0.0209,179.5688,0.032,962,0.0000,0.0000,0.0723,0,0,1.101
16.102,0,0,0,-0.6167,0.0000,-0.5869,-0.0667,-176.4559,0.0000,0.0000,0.0000,-0.5074,-0.1250,-172.2299,0.024,967,0.0000,0.0000,0.0731,0,0,1.099
16.202,0,0,0,-0.6167,0.0000,-0.5883,-0.0670,-176.4731,0.0000,0.0000,0.0000,-0.5205,0.0209,179.5701,0.010,974,0.0000,0.0000,0.0728,0,0,1.129
16.302,0,0,0,-0.6167,0.0000,-0.5881,-0.0667,-176.4737,0.0000,0.0000,0.0000,-0.7074,-0.0664,-178.2743,0.024,980,0.0000,0.0000,0.0726,0,0,1.088
16.400,0,0,0,-0.6167,0.0000,-0.5883,-0.0670,-176.4767,0.0000,0.0000,0.0000,-0.6158,-0.0958,-177.7234,0.032,985,0.0000,0.0000,0.0728,0,0,1.104
16.502,0,0,0,-0.6167,0.0000,-0.5883,-0.0670,-176.4885,0.0000,0.0000,0.0000,-0.6158,-0.0958,-177.7234,0.003,993,0.0000,0.0000,0.0727,0,0,1.101
16.602,0,0,0,-0.6167,0.0000,-0.5877,-0.0662,-176.5089,0.0000,0.0000,0.0000,-0.5205,0.0209,179.5643,0.019,998,0.0000,0.0000,0.0722,0,0,1.105
16.704,0,0,0,-0.6167,0.0000,-0.5883,-0.0670,-176.4918,0.0000,0.0000,0.0000,-0.5205,0.0209,179.5717,0.002,1006,0.0000,0.0000,0.0727,0,0,1.104
16.801,0,0,0,-0.6167,0.0000,-0.5877,-0.0662,-176.5094,0.0000,0.0000,0.0000,-0.5205,0.0209,179.5698,0.028,1010,0.0000,0.0000,0.0723,0,0,1.099
16.901,0,0,0,-0.6167,0.0000,-0.5880,-0.0667,-176.4860,0.0000,0.0000,0.0000,-0.6158,-0.0958,-177.7242,0.003,1017,0.0000,0.0000,0.0726,0,0,1.109
17.004,0,0,0,-0.6167,0.0000,-0.5877,-0.0662,-176.5110,0.0000,0.0000,0.0000,-0.5205,0.0209,179.5704,0.035,1022,0.0000,0.0000,0.0723,0,0,1.113
17.103,0,0,0,-0.6167,0.0000,-0.5883,-0.0670,-176.4931,0.0000,0.0000,0.0000,-0.6158,-0.0958,-177.7242,0.006,1029,0.0000,0.0000,0.0728,0,0,1.111
17.202,0,0,0,-0.6167,0.0000,-0.5876,-0.0662,-176.5133,0.0000,0.0000,0.0000,-0.5205,0.0209,179.5701,0.030,1034,0.0000,0.0000,0.0723,0,0,1.106
17.303,0,0,0,-0.6167,0.0000,-0.5869,-0.0668,-176.4749,0.0000,0.0000,0.0000,-0.5205,0.0209,179.5705,0.003,1040,0.0000,0.0000,0.0731,0,0,1.108
17.402,0,0,0,-0.6167,0.0000,-0.5877,-0.0662,-176.5154,0.0000,0.0000,0.0000,-0.6158,-0.0958,-177.7232,0.016,1046,0.0000,0.0000,0.0723,0,0,1.123
17.501,0,0,0,-0.6167,0.0000,-0.5881,-0.0668,-176.4895,0.0000,0.0000,0.0000,-0.7074,-0.0664,-178.2745,0.016,1052,0.0000,0.0000,0.0726,0,0,1.112
17.601,0,0,0,-0.6167,0.0000,-0.5877,-0.0662,-176.5176,0.0000,0.0000,0.0000,-0.5205,0.0209,179.5684,0.022,1058,0.0000,0.0000,0.0723,0,0,1.098
17.701,0,0,0,-0.6167,0.0000,-0.5881,-0.0668,-176.4921,0.0000,0.0000,0.0000,-0.6158,-0.0958,-177.7232,0.002,1065,0.0000,0.0000,0.0726,0,0,1.097
17.802,0,0,0,-0.6167,0.0000,-0.5877,-0.0662,-176.5194,0.0000,0.0000,0.0000,-0.5074,-0.1250,-172.2299,0.002,1071,0.0000,0.0000,0.0723,0,0,1.248
17.902,0,0,0,-0.6167,0.0000,-0.5881,-0.0668,-176.4958,0.0000,0.0000,0.0000,-0.6158,-0.0958,-177.7232,0.003,1077,0.0000,0.0000,0.0726,0,0,1.238
18.004,0,0,0,-0.6167,0.0000,-0.5877,-0.0662,-176.5211,0.0000,0.0000,0.0000,-0.5074,-0.1250,-172.2299,0.002,1083,0.0000,0.0000,0.0723,0,0,1.088
18.101,0,0,0,-0.6167,0.0000,-0.5881,-0.0668,-176.4996,0.0000,0.0000,0.0000,-0.6158,-0.0958,-177.7232,0.002,1089,0.0000,0.0000,0.0726,0,0,1.112
18.202,0,0,0,-0.6167,0.0000,-0.5877,-0.0662,-176.5238,0.0000,0.0000,0.0000,-0.5206,0.0210,179.5685,0.030,1094,0.0000,0.0000,0.0723,0,0,1.081
18.303,0,0,0,-0.6167,0.0000,-0.5888,-0.0662,-176.5287,0.0000,0.0000,0.0000,-0.5074,-0.1250,-172.2299,0.002,1100,0.0000,0.0000,0.0719,0,0,1.111
18.401,0,0,0,-0.6167,0.0000,-0.5877,-0.0662,-176.5266,0.0000,0.0000,0.0000,-0.5205,0.0210,179.5702,0.012,1106,0.0000,0.0000,0.0723,0,0,1.099
18.501,0,0,0,-0.6167,0.0000,-0.5880,-0.0668,-176.5033,0.0000,0.0000,0.0000,-0.6158,-0.0958,-177.7232,0.008,1113,0.0000,0.0000,0.0727,0,0,1.096
18.603,0,0,0,-0.6167,0.0000,-0.5877,-0.0662,-176.5297,0.0000,0.0000,0.0000,-0.5206,0.0210,179.5684,0.032,1118,0.0000,0.0000,0.0723,0,0,1.113
18.705,0,0,0,-0.6167,0.0000,-0.5869,-0.0668,-176.4940,0.0000,0.0000,0.0000,-0.7074,-0.0664,-178.2745,0.003,1124,0.0000,0.0000,0.0731,0,0,1.106
18.801,0,0,0,-0.6167,0.0000,-0.5877,-0.0662,-176.5318,0.0000,0.0000,0.0000,-0.6158,-0.0958,-177.7238,0.026,1130,0.0000,0.0000,0.0723,0,0,1.104
18.901,0,0,0,-0.6167,0.0000,-0.5869,-0.0668,-176.4937,0.0000,0.0000,0.0000,-0.5074,-0.1250,-172.2299,0.030,1135,0.0000,0.0000,0.0731,0,0,1.104
19.000,0,0,0,-0.6167,0.0000,-0.5881,-0.0668,-176.5011,0.0000,0.0000,0.0000,-0.6158,-0.0958,-177.7238,0.007,1141,0.0000,0.0000,0.0726,0,0,1.100
19.103,0,0,0,-0.6167,0.0000,-0.5883,-0.0670,-176.5178,0.0000,0.0000,0.0000,-0.6158,-0.0958,-177.7238,0.005,1149,0.0000,0.0000,0.0728,0,0,1.096
19.202,0,0,0,-0.6167,0.0000,-0.5877,-0.0662,-176.5372,0.0000,0.0000,0.0000,-0.5206,0.0210,179.5691,0.026,1154,0.0000,0.0000,0.0723,0,0,1.103
19.301,0,0,0,-0.6167,0.0000,-0.5881,-0.0668,-176.5111,0.0000,0.0000,0.0000,-0.6158,-0.0958,-177.7238,0.002,1161,0.0000,0.0000,0.0726,0,0,1.097
19.401,0,0,0,-0.6167,0.0000,-0.5877,-0.0662,-176.5395,0.0000,0.0000,0.0000,-0.6158,-0.0958,-177.7238,0.031,1166,0.0000,0.0000,0.0723,0,0,1.109
19.504,0,0,0,-0.6167,0.0000,-0.5888,-0.0662,-176.5443,0.0000,0.0000,0.0000,-0.5074,-0.1250,-172.2299,0.003,1173,0.0000,0.0000,0.0718,0,0,1.113
19.601,0,0,0,-0.6167,0.0000,-0.5877,-0.0662,-176.5380,0.0000,0.0000,0.0000,-0.5074,-0.1250,-172.2299,0.028,1178,0.0000,0.0000,0.0723,0,0,1.097
19.702,0,0,0,-0.6167,0.0000,-0.5888,-0.0663,-176.5443,0.0000,0.0000,0.0000,-0.6159,-0.0958,-177.7231,0.003,1185,0.0000,0.0000,0.0719,0,0,1.116
19.804,0,0,0,-0.6167,0.0000,-0.5876,-0.0663,-176.5394,0.0000,0.0000,0.0000,-0.5074,-0.1250,-172.2299,0.003,1191,0.0000,0.0000,0.0724,0,0,1.103
19.903,0,0,0,-0.6167,0.0000,-0.5880,-0.0668,-176.5178,0.0000,0.0000,0.0000,-0.6159,-0.0958,-177.7235,0.003,1197,0.0000,0.0000,0.0727,0,0,1.099
20.002,0,0,0,-0.6167,0.0000,-0.5876,-0.0663,-176.5426,0.0000,0.0000,0.0000,-0.5205,0.0210,179.5709,0.019,1202,0.0000,0.0000,0.0723,0,0,1.242
20.106,0,0,0,-0.6167,0.0000,-0.5869,-0.0668,-176.5031,0.0000,0.0000,0.0000,-0.5074,-0.1250,-172.2299,0.034,1207,0.0000,0.0000,0.0731,0,0,1.093
20.203,0,0,0,-0.6167,0.0000,-0.5877,-0.0663,-176.5450,0.0000,0.0000,0.0000,-0.5205,0.0209,179.5699,0.010,1214,0.0000,0.0000,0.0723,0,0,1.095
20.302,0,0,0,-0.6167,0.0000,-0.5881,-0.0668,-176.5185,0.0000,0.0000,0.0000,-0.7074,-0.0664,-178.2749,0.021,1220,0.0000,0.0000,0.0727,0,0,1.104
20.402,0,0,0,-0.6167,0.0000,-0.5877,-0.0663,-176.5435,0.0000,0.0000,0.0000,-0.5205,0.0209,179.5695,0.012,1226,0.0000,0.0000,0.0723,0,0,1.101
20.501,0,0,0,-0.6167,0.0000,-0.5883,-0.0670,-176.5248,0.0000,0.0000,0.0000,-0.6159,-0.0958,-177.7240,0.009,1233,0.0000,0.0000,0.0728,0,0,1.117
20.604,0,0,0,-0.6167,0.0000,-0.5877,-0.0662,-176.5438,0.0000,0.0000,0.0000,-0.5074,-0.1250,-172.2299,0.002,1239,0.0000,0.0000,0.0723,0,0,1.098
20.702,0,0,0,-0.6167,0.0000,-0.5880,-0.0668,-176.5204,0.0000,0.0000,0.0000,-0.6159,-0.0958,-177.7240,0.003,1245,0.0000,0.0000,0.0726,0,0,1.104
20.805,0,0,0,-0.6167,0.0000,-0.5877,-0.0662,-176.5462,0.0000,0.0000,0.0000,-0.5074,-0.1250,-172.2299,0.003,1251,0.0000,0.0000,0.0723,0,0,1.108
20.905,0,0,0,-0.6167,0.0000,-0.5880,-0.0668,-176.5202,0.0000,0.0000,0.0000,-0.6159,-0.0958,-177.7234,0.006,1257,0.0000,0.0000,0.0726,0,0,1.101
21.001,0,0,0,-0.6167,0.0000,-0.5877,-0.0662,-176.5468,0.0000,0.0000,0.0000,-0.6159,-0.0958,-177.7234,0.026,1262,0.0000,0.0000,0.0723,0,0,1.104
21.104,0,0,0,-0.6167,0.0000,-0.5888,-0.0662,-176.5516,0.0000,0.0000,0.0000,-0.6159,-0.0958,-177.7234,0.004,1269,0.0000,0.0000,0.0719,0,0,1.103
21.204,0,0,0,-0.6167,0.0000,-0.5876,-0.0662,-176.5457,0.0000,0.0000,0.0000,-0.5205,0.0210,179.5687,0.031,1274,0.0000,0.0000,0.0723,0,0,1.110
21.302,0,0,0,-0.6167,0.0000,-0.5880,-0.0668,-176.5195,0.0000,0.0000,0.0000,-0.7074,-0.0664,-178.2745,0.027,1280,0.0000,0.0000,0.0727,0,0,1.085
21.402,0,0,0,-0.6167,0.0000,-0.5877,-0.0662,-176.5459,0.0000,0.0000,0.0000,-0.5205,0.0210,179.5710,0.029,1286,0.0000,0.0000,0.0723,0,0,1.241
21.503,0,0,0,-0.6167,0.0000,-0.5869,-0.0668,-176.5089,0.0000,0.0000,0.0000,-0.6159,-0.0958,-177.7234,0.003,1293,0.0000,0.0000,0.0731,0,0,1.110
21.601,0,0,0,-0.6167,0.0000,-0.5877,-0.0662,-176.5481,0.0000,0.0000,0.0000,-0.5074,-0.1250,-172.2299,0.003,1299,0.0000,0.0000,0.0723,0,0,1.110
21.701,0,0,0,-0.6167,0.0000,-0.5881,-0.0668,-176.5172,0.0000,0.0000,0.0000,-0.7074,-0.0664,-178.2759,0.016,1304,0.0000,0.0000,0.0726,0,0,1.108
21.800,0,0,0,-0.6167,0.0000,-0.5883,-0.0670,-176.5192,0.0000,0.0000,0.0000,-0.5205,0.0210,179.5695,0.002,1310,0.0000,0.0000,0.0728,0,0,1.095
21.901,0,0,0,-0.6167,0.0000,-0.5881,-0.0668,-176.5199,0.0000,0.0000,0.0000,-0.6159,-0.0958,-177.7234,0.003,1317,0.0000,0.0000,0.0726,0,0,1.115
22.001,0,0,0,-0.6167,0.0000,-0.5877,-0.0662,-176.5437,0.0000,0.0000,0.0000,-0.6159,-0.0958,-177.7234,0.028,1322,0.0000,0.0000,0.0723,0,0,1.095
22.102,0,0,0,-0.6167,0.0000,-0.5883,-0.0670,-176.5253,0.0000,0.0000,0.0000,-0.6159,-0.0958,-177.7234,0.010,1329,0.0000,0.0000,0.0728,0,0,1.105
22.203,0,0,0,-0.6167,0.0000,-0.5877,-0.0662,-176.5437,0.0000,0.0000,0.0000,-0.5205,0.0210,179.5697,0.023,1334,0.0000,0.0000,0.0723,0,0,1.092
22.303,0,0,0,-0.6167,0.0000,-0.5888,-0.0662,-176.5487,0.0000,0.0000,0.0000,-0.5074,-0.1250,-172.2299,0.004,1340,0.0000,0.0000,0.0719,0,0,1.101
22.401,0,0,0,-0.6167,0.0000,-0.5876,-0.0662,-176.5436,0.0000,0.0000,0.0000,-0.5074,-0.1250,-172.2299,0.009,1346,0.0000,0.0000,0.0723,0,0,1.105
22.502,0,0,0,-0.6167,0.0000,-0.5882,-0.0671,-176.5250,0.0000,0.0000,0.0000,-0.6159,-0.0958,-177.7251,0.010,1353,0.0000,0.0000,0.0728,0,0,1.110
22.603,0,0,0,-0.6167,0.0000,-0.5876,-0.0663,-176.5427,0.0000,0.0000,0.0000,-0.5074,-0.1250,-172.2299,0.002,1359,0.0000,0.0000,0.0723,0,0,1.112
22.704,0,0,0,-0.6167,0.0000,-0.5883,-0.0671,-176.5222,0.0000,0.0000,0.0000,-0.6159,-0.0958,-177.7251,0.009,1365,0.0000,0.0000,0.0728,0,0,1.108
22.802,0,0,0,-0.6167,0.0000,-0.5876,-0.0662,-176.5407,0.0000,0.0000,0.0000,-0.5074,-0.1250,-172.2299,0.003,1371,0.0000,0.0000,0.0723,0,0,1.101
22.902,0,0,0,-0.6167,0.0000,-0.5869,-0.0668,-176.5033,0.0000,0.0000,0.0000,-0.5074,-0.1250,-172.2299,0.037,1375,0.0000,0.0000,0.0731,0,0,1.119
23.003,0,0,0,-0.6167,0.0000,-0.5883,-0.0671,-176.5166,0.0000,0.0000,0.0000,-0.5205,0.0210,179.5689,0.002,1382,0.0000,0.0000,0.0728,0,0,1.100
23.101,0,0,0,-0.6167,0.0000,-0.5880,-0.0668,-176.5180,0.0000,0.0000,0.0000,-0.7074,-0.0664,-178.2761,0.023,1388,0.0000,0.0000,0.0727,0,0,1.105
23.200,0,0,0,-0.6167,0.0000,-0.5883,-0.0670,-176.5190,0.0000,0.0000,0.0000,-0.5205,0.0210,179.5640,0.006,1394,0.0000,0.0000,0.0728,0,0,1.105
23.302,0,0,0,-0.6167,0.0000,-0.5880,-0.0668,-176.5175,0.0000,0.0000,0.0000,-0.6159,-0.0958,-177.7244,0.003,1401,0.0000,0.0000,0.0726,0,0,1.111
23.402,0,0,0,-0.6167,0.0000,-0.5877,-0.0662,-176.5458,0.0000,0.0000,0.0000,-0.5204,0.0209,179.5604,0.020,1406,0.0000,0.0000,0.0723,0,0,1.112
23.503,0,0,0,-0.6167,0.0000,-0.5883,-0.0670,-176.5276,0.0000,0.0000,0.0000,-0.6159,-0.0958,-177.7244,0.005,1413,0.0000,0.0000,0.0728,0,0,1.089
0.088,0,0,0,-0.6167,0.0000,-0.5876,-0.0662,-176.5468,0.0000,0.0000,0.0000,-0.5203,0.0208,179.5695,0.015,1418,0.0000,0.0000,0.0723,0,0,1.097
0.188,0,0,0,-0.6167,0.0000,-0.5882,-0.0670,-176.5260,0.0000,0.0000,0.0000,-0.6159,-0.0958,-177.7244,0.003,1425,0.0000,0.0000,0.0728,0,0,1.101
0.288,0,0,0,-0.6167,0.0000,-0.5876,-0.0662,-176.5434,0.0000,0.0000,0.0000,-0.5204,0.0208,179.5698,0.023,1430,0.0000,0.0000,0.0723,0,0,1.106
0.389,0,0,0,-0.6167,0.0000,-0.5882,-0.0671,-176.5223,0.0000,0.0000,0.0000,-0.6159,-0.0958,-177.7244,0.009,1437,0.0000,0.0000,0.0729,0,0,1.116
0.487,0,0,0,-0.6167,0.0000,-0.5876,-0.0663,-176.5409,0.0000,0.0000,0.0000,-0.5204,0.0209,179.5696,0.030,1442,0.0000,0.0000,0.0724,0,0,1.099
0.588,0,0,0,-0.6167,0.0000,-0.5868,-0.0668,-176.5044,0.0000,0.0000,0.0000,-0.6159,-0.0958,-177.7233,0.008,1448,0.0000,0.0000,0.0732,0,0,1.112
0.690,0,0,0,-0.6167,0.0000,-0.5876,-0.0663,-176.5413,0.0000,0.0000,0.0000,-0.5074,-0.1250,-172.2299,0.002,1455,0.0000,0.0000,0.0723,0,0,1.109
0.788,0,0,0,-0.6167,0.0000,-0.5880,-0.0668,-176.5143,0.0000,0.0000,0.0000,-0.7074,-0.0664,-178.2761,0.017,1460,0.0000,0.0000,0.0727,0,0,1.100
0.888,0,0,0,-0.6167,0.0000,-0.5877,-0.0663,-176.5414,0.0000,0.0000,0.0000,-0.5204,0.0209,179.5704,0.016,1466,0.0000,0.0000,0.0723,0,0,1.109
0.988,0,0,0,-0.6167,0.0000,-0.5880,-0.0668,-176.5169,0.0000,0.0000,0.0000,-0.6159,-0.0958,-177.7233,0.003,1473,0.0000,0.0000,0.0727,0,0,1.096
1.088,0,0,0,-0.6167,0.0000,-0.5876,-0.0662,-176.5443,0.0000,0.0000,0.0000,-0.5204,0.0209,179.5690,0.008,1478,0.0000,0.0000,0.0723,0,0,1.098
1.189,0,0,0,-0.6167,0.0000,-0.5880,-0.0668,-176.5166,0.0000,0.0000,0.0000,-0.6159,-0.0958,-177.7233,0.003,1485,0.0000,0.0000,0.0727,0,0,1.094
1.289,0,0,0,-0.6167,0.0000,-0.5876,-0.0662,-176.5445,0.0000,0.0000,0.0000,-0.5074,-0.1250,-172.2299,0.005,1491,0.0000,0.0000,0.0723,0,0,1.113
1.387,0,0,0,-0.6167,0.0000,-0.5880,-0.0668,-176.5205,0.0000,0.0000,0.0000,-0.6159,-0.0958,-177.7233,0.002,1497,0.0000,0.0000,0.0727,0,0,1.108
1.487,0,0,0,-0.6167,0.0000,-0.5876,-0.0662,-176.5442,0.0000,0.0000,0.0000,-0.5204,0.0209,179.5701,0.023,1502,0.0000,0.0000,0.0723,0,0,1.099
1.589,0,0,0,-0.6167,0.0000,-0.5890,-0.0665,-176.5561,0.0000,0.0000,0.0000,-0.6159,-0.0958,-177.7233,0.012,1508,0.0000,0.0000,0.0720,0,0,1.096
1.689,0,0,0,-0.6167,0.0000,-0.5876,-0.0662,-176.5450,0.0000,0.0000,0.0000,-0.5205,0.0209,179.5699,0.029,1514,0.0000,0.0000,0.0723,0,0,1.107
1.789,0,0,0,-0.6167,0.0000,-0.5880,-0.0668,-176.5207,0.0000,0.0000,0.0000,-0.6159,-0.0958,-177.7233,0.003,1521,0.0000,0.0000,0.0727,0,0,1.095
1.888,0,0,0,-0.6167,0.0000,-0.5876,-0.0662,-176.5494,0.0000,0.0000,0.0000,-0.5205,0.0209,179.5653,0.019,1526,0.0000,0.0000,0.0723,0,0,1.116
1.989,0,0,0,-0.6167,0.0000,-0.5882,-0.0671,-176.5282,0.0000,0.0000,0.0000,-0.5205,0.0209,179.5694,0.003,1534,0.0000,0.0000,0.0728,0,0,1.099
2.091,0,0,0,-0.6167,0.0000,-0.5876,-0.0663,-176.5480,0.0000,0.0000,0.0000,-0.5074,-0.1250,-172.2299,0.002,1539,0.0000,0.0000,0.0723,0,0,1.113
2.187,0,0,0,-0.6167,0.0000,-0.5869,-0.0668,-176.5127,0.0000,0.0000,0.0000,-0.7074,-0.0664,-178.2754,0.002,1544,0.0000,0.0000,0.0731,0,0,1.108
2.289,0,0,0,-0.6167,0.0000,-0.5883,-0.0670,-176.5212,0.0000,0.0000,0.0000,-0.5074,-0.1250,-172.2299,0.003,1550,0.0000,0.0000,0.0728,0,0,1.103
2.388,0,0,0,-0.6167,0.0000,-0.5883,-0.0670,-176.5312,0.0000,0.0000,0.0000,-0.6159,-0.0958,-177.7233,0.010,1557,0.0000,0.0000,0.0728,0,0,1.097
2.489,0,0,0,-0.6167,0.0000,-0.5876,-0.0662,-176.5511,0.0000,0.0000,0.0000,-0.5205,0.0209,179.5713,0.021,1562,0.0000,0.0000,0.0723,0,0,1.094
2.588,0,0,0,-0.6167,0.0000,-0.5883,-0.0670,-176.5325,0.0000,0.0000,0.0000,-0.6159,-0.0958,-177.7236,0.010,1569,0.0000,0.0000,0.0728,0,0,1.101
2.689,0,0,0,-0.6167,0.0000,-0.5876,-0.0662,-176.5502,0.0000,0.0000,0.0000,-0.5204,0.0208,179.5699,0.023,1574,0.0000,0.0000,0.0723,0,0,1.107
2.791,0,0,0,-0.6167,0.0000,-0.5882,-0.0670,-176.5315,0.0000,0.0000,0.0000,-0.6159,-0.0958,-177.7243,0.002,1581,0.0000,0.0000,0.0728,0,0,1.108
2.888,0,0,0,-0.6167,0.0000,-0.5876,-0.0662,-176.5495,0.0000,0.0000,0.0000,-0.5205,0.0208,179.5680,0.026,1586,0.0000,0.0000,0.0723,0,0,1.096
2.989,0,0,0,-0.6167,0.0000,-0.5882,-0.0670,-176.5301,0.0000,0.0000,0.0000,-0.6159,-0.0958,-177.7243,0.005,1593,0.0000,0.0000,0.0728,0,0,1.103
3.088,0,0,0,-0.6167,0.0000,-0.5876,-0.0662,-176.5512,0.0000,0.0000,0.0000,-0.5205,0.0209,179.5693,0.027,1598,0.0000,0.0000,0.0723,0,0,1.113
3.189,0,0,0,-0.6167,0.0000,-0.5880,-0.0668,-176.5263,0.0000,0.0000,0.0000,-0.5205,0.0209,179.5715,0.002,1606,0.0000,0.0000,0.0727,0,0,1.108
3.288,0,0,0,-0.6167,0.0000,-0.5876,-0.0662,-176.5501,0.0000,0.0000,0.0000,-0.5205,0.0209,179.5722,0.029,1610,0.0000,0.0000,0.0723,0,0,1.096
3.389,0,0,0,-0.6167,0.0000,-0.5869,-0.0668,-176.5105,0.0000,0.0000,0.0000,-0.5074,-0.1250,-172.2299,0.041,1615,0.0000,0.0000,0.0731,0,0,1.112
3.491,0,0,0,-0.6167,0.0000,-0.5883,-0.0671,-176.5237,0.0000,0.0000,0.0000,-0.5205,0.0209,179.5717,0.002,1622,0.0000,0.0000,0.0728,0,0,1.101
3.586,0,0,0,-0.6167,0.0000,-0.5883,-0.0670,-176.5318,0.0000,0.0000,0.0000,-0.6159,-0.0958,-177.7243,0.008,1629,0.0000,0.0000,0.0728,0,0,1.094
3.687,0,0,0,-0.6167,0.0000,-0.5883,-0.0670,-176.5271,0.0000,0.0000,0.0000,-0.5205,0.0209,179.5713,0.013,1634,0.0000,0.0000,0.0728,0,0,1.105
3.787,0,0,0,-0.6167,0.0000,-0.5880,-0.0668,-176.5301,0.0000,0.0000,0.0000,-0.6159,-0.0958,-177.7243,0.002,1641,0.0000,0.0000,0.0726,0,0,1.107
3.891,0,0,0,-0.6167,0.0000,-0.5877,-0.0662,-176.5556,0.0000,0.0000,0.0000,-0.5074,-0.1250,-172.2299,0.002,1647,0.0000,0.0000,0.0723,0,0,1.091
3.989,0,0,0,-0.6167,0.0000,-0.5883,-0.0670,-176.5377,0.0000,0.0000,0.0000,-0.5205,0.0209,179.5703,0.002,1654,0.0000,0.0000,0.0728,0,0,1.100
4.090,0,0,0,-0.6167,0.0000,-0.5877,-0.0662,-176.5579,0.0000,0.0000,0.0000,-0.5074,-0.1250,-172.2299,0.003,1659,0.0000,0.0000,0.0723,0,0,1.094
4.187,0,0,0,-0.6167,0.0000,-0.5880,-0.0668,-176.5339,0.0000,0.0000,0.0000,-0.6159,-0.0958,-177.7230,0.007,1665,0.0000,0.0000,0.0727,0,0,1.102
4.287,0,0,0,-0.6167,0.0000,-0.5877,-0.0662,-176.5564,0.0000,0.0000,0.0000,-0.5204,0.0209,179.5694,0.026,1670,0.0000,0.0000,0.0723,0,0,1.103
4.389,0,0,0,-0.6167,0.0000,-0.5888,-0.0662,-176.5600,0.0000,0.0000,0.0000,-0.6159,-0.0958,-177.7229,0.003,1677,0.0000,0.0000,0.0719,0,0,1.107
4.491,0,0,0,-0.6167,0.0000,-0.5876,-0.0663,-176.5520,0.0000,0.0000,0.0000,-0.5074,-0.1250,-172.2299,0.002,1683,0.0000,0.0000,0.0723,0,0,1.114
4.587,0,0,0,-0.6167,0.0000,-0.5880,-0.0668,-176.5265,0.0000,0.0000,0.0000,-0.6159,-0.0958,-177.7229,0.002,1689,0.0000,0.0000,0.0727,0,0,1.117
4.689,0,0,0,-0.6167,0.0000,-0.5877,-0.0663,-176.5489,0.0000,0.0000,0.0000,-0.5208,0.0213,179.5710,0.020,1694,0.0000,0.0000,0.0723,0,0,1.110
4.787,0,0,0,-0.6167,0.0000,-0.5869,-0.0668,-176.5108,0.0000,0.0000,0.0000,-0.7074,-0.0664,-178.2749,0.003,1700,0.0000,0.0000,0.0731,0,0,1.100
4.887,0,0,0,-0.6167,0.0000,-0.5877,-0.0662,-176.5471,0.0000,0.0000,0.0000,-0.5207,0.0213,179.5692,0.019,1706,0.0000,0.0000,0.0723,0,0,1.106
4.986,0,0,0,-0.6167,0.0000,-0.5881,-0.0668,-176.5209,0.0000,0.0000,0.0000,-0.7074,-0.0664,-178.2749,0.019,1712,0.0000,0.0000,0.0726,0,0,1.104
5.088,0,0,0,-0.6167,0.0000,-0.5883,-0.0670,-176.5227,0.0000,0.0000,0.0000,-0.5206,0.0212,179.5708,0.007,1718,0.0000,0.0000,0.0728,0,0,1.114
5.189,0,0,0,-0.6167,0.0000,-0.5883,-0.0670,-176.5270,0.0000,0.0000,0.0000,-0.6159,-0.0958,-177.7235,0.005,1725,0.0000,0.0000,0.0728,0,0,1.102
5.288,0,0,0,-0.6167,0.0000,-0.5877,-0.0662,-176.5457,0.0000,0.0000,0.0000,-0.5074,-0.1250,-172.2299,0.003,1731,0.0000,0.0000,0.0723,0,0,1.099
5.389,0,0,0,-0.6167,0.0000,-0.5883,-0.0670,-176.5228,0.0000,0.0000,0.0000,-0.6159,-0.0958,-177.7237,0.005,1737,0.0000,0.0000,0.0727,0,0,1.117
5.487,0,0,0,-0.6167,0.0000,-0.5877,-0.0662,-176.5403,0.0000,0.0000,0.0000,-0.6159,-0.0958,-177.7237,0.025,1742,0.0000,0.0000,0.0722,0,0,1.104
5.587,0,0,0,-0.6167,0.0000,-0.5890,-0.0665,-176.5532,0.0000,0.0000,0.0000,-0.6159,-0.0958,-177.7237,0.010,1748,0.0000,0.0000,0.0720,0,0,1.094
5.689,0,0,0,-0.6167,0.0000,-0.5876,-0.0662,-176.5407,0.0000,0.0000,0.0000,-0.5074,-0.1250,-172.2299,0.029,1754,0.0000,0.0000,0.0723,0,0,1.108
5.787,0,0,0,-0.6167,0.0000,-0.5880,-0.0668,-176.5158,0.0000,0.0000,0.0000,-0.5205,0.0212,179.5683,0.002,1762,0.0000,0.0000,0.0727,0,0,1.105
5.888,0,0,0,-0.6167,0.0000,-0.5876,-0.0662,-176.5397,0.0000,0.0000,0.0000,-0.5205,0.0211,179.5682,0.031,1766,0.0000,0.0000,0.0723,0,0,1.108
5.990,0,0,0,-0.6167,0.0000,-0.5883,-0.0670,-176.5203,0.0000,0.0000,0.0000,-0.6159,-0.0958,-177.7237,0.003,1773,0.0000,0.0000,0.0728,0,0,1.090
6.088,0,0,0,-0.6167,0.0000,-0.5877,-0.0662,-176.5427,0.0000,0.0000,0.0000,-0.5205,0.0211,179.5662,0.029,1778,0.0000,0.0000,0.0723,0,0,1.110
6.187,0,0,0,-0.6167,0.0000,-0.5869,-0.0668,-176.4999,0.0000,0.0000,0.0000,-0.5074,-0.1250,-172.2299,0.035,1783,0.0000,0.0000,0.0731,0,0,1.111
6.290,0,0,0,-0.6167,0.0000,-0.5883,-0.0670,-176.5115,0.0000,0.0000,0.0000,-0.5074,-0.1250,-172.2299,0.003,1790,0.0000,0.0000,0.0728,0,0,1.099
6.389,0,0,0,-0.6167,0.0000,-0.5883,-0.0670,-176.5221,0.0000,0.0000,0.0000,-0.6159,-0.0958,-177.7237,0.003,1797,0.0000,0.0000,0.0728,0,0,1.092
6.489,0,0,0,-0.6167,0.0000,-0.5877,-0.0662,-176.5396,0.0000,0.0000,0.0000,-0.5205,0.0211,179.5661,0.019,1802,0.0000,0.0000,0.0722,0,0,1.107
6.589,0,0,0,-0.6167,0.0000,-0.5883,-0.0670,-176.5200,0.0000,0.0000,0.0000,-0.6158,-0.0958,-177.7241,0.005,1809,0.0000,0.0000,0.0727,0,0,1.110
6.691,0,0,0,-0.6167,0.0000,-0.5877,-0.0662,-176.5386,0.0000,0.0000,0.0000,-0.5074,-0.1250,-172.2299,0.002,1815,0.0000,0.0000,0.0723,0,0,1.118
6.788,0,0,0,-0.6167,0.0000,-0.5880,-0.0667,-176.5137,0.0000,0.0000,0.0000,-0.6158,-0.0958,-177.7220,0.008,1821,0.0000,0.0000,0.0726,0,0,1.114
6.887,0,0,0,-0.6167,0.0000,-0.5877,-0.0662,-176.5354,0.0000,0.0000,0.0000,-0.5204,0.0211,179.5664,0.026,1826,0.0000,0.0000,0.0723,0,0,1.102
6.989,0,0,0,-0.6167,0.0000,-0.5888,-0.0662,-176.5416,0.0000,0.0000,0.0000,-0.6158,-0.0958,-177.7225,0.003,1833,0.0000,0.0000,0.0719,0,0,1.111
7.088,0,0,0,-0.6167,0.0000,-0.5876,-0.0662,-176.5329,0.0000,0.0000,0.0000,-0.5204,0.0210,179.5687,0.030,1838,0.0000,0.0000,0.0723,0,0,1.098
7.191,0,0,0,-0.6167,0.0000,-0.5876,-0.0662,-176.5403,0.0000,0.0000,0.0000,-0.5204,0.0210,179.5682,0.002,1846,0.0000,0.0000,0.0723,0,0,1.097
7.288,0,0,0,-0.6167,0.0000,-0.5876,-0.0662,-176.5335,0.0000,0.0000,0.0000,-0.5074,-0.1250,-172.2299,0.002,1851,0.0000,0.0000,0.0723,0,0,1.103
7.389,0,0,0,-0.6167,0.0000,-0.5872,-0.0670,-176.5009,0.0000,0.0000,0.0000,-0.6158,-0.0958,-177.7231,0.005,1856,0.0000,0.0000,0.0733,0,0,1.115
7.489,0,0,0,-0.6167,0.0000,-0.5877,-0.0662,-176.5317,0.0000,0.0000,0.0000,-0.6158,-0.0958,-177.7231,0.018,1862,0.0000,0.0000,0.0723,0,0,1.116
7.588,0,0,0,-0.6167,0.0000,-0.5880,-0.0668,-176.5057,0.0000,0.0000,0.0000,-0.7074,-0.0664,-178.2760,0.020,1868,0.0000,0.0000,0.0727,0,0,1.087
7.688,0,0,0,-0.6167,0.0000,-0.5877,-0.0662,-176.5325,0.0000,0.0000,0.0000,-0.5074,-0.1250,-172.2299,0.003,1875,0.0000,0.0000,0.0723,0,0,1.107
7.787,0,0,0,-0.6167,0.0000,-0.5880,-0.0668,-176.5099,0.0000,0.0000,0.0000,-0.6158,-0.0958,-177.7237,0.002,1881,0.0000,0.0000,0.0726,0,0,1.110
7.889,0,0,0,-0.6167,0.0000,-0.5877,-0.0662,-176.5356,0.0000,0.0000,0.0000,-0.5204,0.0210,179.5657,0.010,1886,0.0000,0.0000,0.0723,0,0,1.097
7.989,0,0,0,-0.6167,0.0000,-0.5883,-0.0670,-176.5171,0.0000,0.0000,0.0000,-0.6158,-0.0958,-177.7233,0.010,1893,0.0000,0.0000,0.0728,0,0,1.110
8.089,0,0,0,-0.6167,0.0000,-0.5869,-0.0667,-176.5042,0.0000,0.0000,0.0000,-0.5074,-0.1250,-172.2296,0.003,1899,0.0000,0.0000,0.0731,0,0,1.095
8.189,0,0,0,-0.6167,0.0000,-0.5883,-0.0670,-176.5192,0.0000,0.0000,0.0000,-0.6158,-0.0958,-177.7233,0.009,1905,0.0000,0.0000,0.0728,0,0,1.098
8.288,0,0,0,-0.6167,0.0000,-0.5877,-0.0662,-176.5389,0.0000,0.0000,0.0000,-0.5204,0.0210,179.5654,0.029,1910,0.0000,0.0000,0.0723,0,0,1.097
8.389,0,0,0,-0.6167,0.0000,-0.5884,-0.0657,-176.5766,0.0000,0.0000,0.0000,-0.5203,0.0210,179.5687,0.002,1917,0.0000,0.0000,0.0715,0,0,1.097
8.487,0,0,0,-0.6167,0.0000,-0.5876,-0.0662,-176.5362,0.0000,0.0000,0.0000,-0.5204,0.0210,179.5635,0.018,1922,0.0000,0.0000,0.0723,0,0,1.094
8.589,0,0,0,-0.6167,0.0000,-0.5882,-0.0670,-176.5188,0.0000,0.0000,0.0000,-0.6158,-0.0958,-177.7233,0.009,1929,0.0000,0.0000,0.0728,0,0,1.111
8.695,0,0,0,-0.6167,0.0000,-0.5876,-0.0662,-176.5368,0.0000,0.0000,0.0000,-0.5074,-0.1250,-172.2296,0.002,1935,0.0000,0.0000,0.0723,0,0,1.244
8.788,0,0,0,-0.6167,0.0000,-0.5880,-0.0668,-176.5124,0.0000,0.0000,0.0000,-0.6158,-0.0958,-177.7233,0.004,1941,0.0000,0.0000,0.0727,0,0,1.102
8.888,0,0,0,-0.6167,0.0000,-0.5876,-0.0662,-176.5369,0.0000,0.0000,0.0000,-0.6158,-0.0958,-177.7233,0.031,1946,0.0000,0.0000,0.0723,0,0,1.105
8.987,0,0,0,-0.6167,0.0000,-0.5880,-0.0668,-176.5092,0.0000,0.0000,0.0000,-0.7074,-0.0664,-178.2762,0.005,1952,0.0000,0.0000,0.0727,0,0,1.111
9.087,0,0,0,-0.6167,0.0000,-0.5882,-0.0670,-176.5094,0.0000,0.0000,0.0000,-0.6158,-0.0958,-177.7224,0.019,1957,0.0000,0.0000,0.0728,0,0,1.108
9.188,0,0,0,-0.6167,0.0000,-0.5882,-0.0670,-176.5212,0.0000,0.0000,0.0000,-0.6158,-0.0958,-177.7231,0.008,1965,0.0000,0.0000,0.0728,0,0,1.115
9.293,0,0,0,-0.6167,0.0000,-0.5869,-0.0667,-176.5103,0.0000,0.0000,0.0000,-0.5074,-0.1250,-172.2296,0.003,1971,0.0000,0.0000,0.0731,0,0,1.102
9.387,0,0,0,-0.6167,0.0000,-0.5880,-0.0667,-176.5185,0.0000,0.0000,0.0000,-0.6158,-0.0958,-177.7231,0.002,1977,0.0000,0.0000,0.0726,0,0,1.106
9.488,0,0,0,-0.6167,0.0000,-0.5876,-0.0662,-176.5426,0.0000,0.0000,0.0000,-0.5203,0.0210,179.5675,0.029,1982,0.0000,0.0000,0.0723,0,0,1.103
9.589,0,0,0,-0.6167,0.0000,-0.5882,-0.0670,-176.5248,0.0000,0.0000,0.0000,-0.6158,-0.0958,-177.7231,0.011,1989,0.0000,0.0000,0.0728,0,0,1.107
9.688,0,0,0,-0.6167,0.0000,-0.5876,-0.0662,-176.5450,0.0000,0.0000,0.0000,-0.5203,0.0210,179.5661,0.028,1994,0.0000,0.0000,0.0723,0,0,1.109
9.790,0,0,0,-0.6167,0.0000,-0.5882,-0.0670,-176.5246,0.0000,0.0000,0.0000,-0.6159,-0.0958,-177.7243,0.003,2001,0.0000,0.0000,0.0728,0,0,1.105
9.887,0,0,0,-0.6167,0.0000,-0.5876,-0.0662,-176.5445,0.0000,0.0000,0.0000,-0.5074,-0.1250,-172.2296,0.024,2006,0.0000,0.0000,0.0723,0,0,1.106
9.989,0,0,0,-0.6167,0.0000,-0.5882,-0.0671,-176.5250,0.0000,0.0000,0.0000,-0.6159,-0.0958,-177.7243,0.009,2013,0.0000,0.0000,0.0728,0,0,1.107
0.056,0,0,0,-0.6167,0.0000,-0.5876,-0.0662,-176.5428,0.0000,0.0000,0.0000,-0.5074,-0.1250,-172.2296,0.002,2019,0.0200,-0.0543,0.0723,0,0,1.109
0.155,0,0,1,-0.6167,0.6167,-0.5896,-0.0627,-176.4704,0.0000,0.0000,0.0000,-0.5074,-0.1250,-172.2296,0.038,2023,-0.0020,-0.1000,0.6799,0,0,1.095
0.253,0,0,1,-0.6167,0.6167,-0.5909,-0.0544,-176.4918,0.0000,0.0000,0.0000,-0.5208,0.0216,179.5685,0.009,2030,-0.0023,-0.1000,0.6716,0,0,1.097
0.353,0,0,1,-0.6167,0.6167,-0.5928,-0.0458,-176.1710,0.0000,0.0000,0.0000,-0.7259,-0.0141,-173.3894,0.005,2037,-0.0022,-0.1000,0.6629,0,0,1.099
0.454,0,0,1,-0.6167,0.6167,-0.5925,-0.0356,-176.3934,0.0000,0.0000,0.0000,-0.5176,-0.0993,-172.0926,0.002,2043,-0.0024,-0.1000,0.6527,0,0,1.093
0.553,0,0,1,-0.6167,0.6167,-0.5945,-0.0262,-176.4395,0.0000,0.0000,0.0000,-0.6238,-0.0542,-177.2796,0.010,2049,-0.0025,-0.1000,0.6432,0,0,1.102
0.654,0,0,1,-0.6167,0.6167,-0.5950,-0.0149,-176.5489,0.0000,0.0000,0.0000,-0.5177,0.0653,179.3474,0.024,2054,-0.0026,-0.1000,0.6320,0,0,1.094
0.753,0,0,1,-0.6167,0.6167,-0.5966,-0.0060,-176.4328,0.0000,0.0000,0.0000,-0.5147,0.0791,179.2140,0.003,2062,-0.0028,-0.1000,0.6230,0,0,1.092
0.855,0,0,1,-0.6167,0.6167,-0.5962,0.0059,-176.5379,0.0000,0.0000,0.0000,-0.5132,0.0887,179.1838,0.039,2065,-0.0027,-0.1000,0.6111,0,0,1.112
0.954,0,0,1,-0.6167,0.6167,-0.5968,0.0148,-176.6976,0.0000,0.0000,0.0000,-0.5075,0.1095,178.8543,0.003,2073,-0.0027,-0.1000,0.6022,0,0,1.095
1.053,0,0,1,-0.6167,0.6167,-0.5976,0.0274,-176.5136,0.0000,0.0000,0.0000,-0.5095,0.1112,178.9120,0.030,2077,-0.0028,-0.1000,0.5896,0,0,1.100
1.153,0,0,1,-0.6167,0.6167,-0.5982,0.0364,-176.4495,0.0000,0.0000,0.0000,-0.5050,0.1301,179.0435,0.003,2085,-0.0028,-0.1000,0.5805,0,0,1.087
1.253,0,0,1,-0.6167,0.6167,-0.5980,0.0484,-176.6213,0.0000,0.0000,0.0000,-0.5070,0.1344,178.9735,0.035,2089,-0.0027,-0.1000,0.5686,0,0,1.091
1.352,0,0,1,-0.6167,0.6167,-0.5986,0.0574,-176.7792,0.0000,0.0000,0.0000,-0.6445,0.0529,-176.8761,0.002,2096,-0.0028,-0.1000,0.5595,0,0,1.101
1.453,0,0,1,-0.6167,0.6167,-0.5986,0.0674,-176.6581,0.0000,0.0000,0.0000,-0.5552,0.0351,-173.7318,0.003,2102,-0.0027,-0.1000,0.5495,0,0,1.088
1.555,0,0,1,-0.6167,0.6167,-0.5984,0.0776,-176.7606,0.0000,0.0000,0.0000,-0.6968,0.0935,-177.5828,0.003,2108,-0.0026,-0.1000,0.5394,0,0,1.089
1.652,0,0,1,-0.6167,0.6167,-0.5990,0.0898,-176.9107,0.0000,0.0000,0.0000,-0.5583,0.0513,-173.9538,0.002,2114,-0.0027,-0.1000,0.5272,0,0,1.095
1.753,0,0,1,-0.6167,0.6167,-0.5999,0.1009,-176.4959,0.0000,0.0000,0.0000,-0.6927,0.1181,-177.5075,0.023,2119,-0.0028,-0.1000,0.5160,0,0,1.080
1.854,0,0,1,-0.6167,0.6167,-0.6004,0.1132,-176.6138,0.0000,0.0000,0.0000,-0.4838,0.2174,178.4221,0.010,2125,-0.0030,-0.1000,0.5038,0,0,1.098
1.954,0,0,1,-0.6167,0.6167,-0.6017,0.1239,-176.8387,0.0000,0.0000,0.0000,-0.6560,0.1273,-176.3092,0.010,2132,-0.0029,-0.1000,0.4930,0,0,1.110
2.055,0,0,1,-0.6167,0.6167,-0.6010,0.1371,-176.6971,0.0000,0.0000,0.0000,-0.5725,0.1073,-174.4745,0.002,2138,-0.0028,-0.1000,0.4798,0,0,1.076
2.154,0,0,1,-0.6167,0.6167,-0.6025,0.1466,-176.7013,0.0000,0.0000,0.0000,-0.6607,0.1504,-176.0208,0.005,2144,-0.0029,-0.1000,0.4703,0,0,1.102
2.254,0,0,1,-0.6167,0.6167,-0.6015,0.1583,-176.7789,0.0000,0.0000,0.0000,-0.4783,0.2593,178.0823,0.024,2149,-0.0027,-0.1000,0.4586,0,0,1.095
2.356,0,0,1,-0.6167,0.6167,-0.6032,0.1699,-176.7967,0.0000,0.0000,0.0000,-0.6645,0.1753,-176.1355,0.011,2155,-0.0029,-0.1000,0.4469,0,0,1.105
2.453,0,0,1,-0.6167,0.6167,-0.6020,0.1816,-176.5098,0.0000,0.0000,0.0000,-0.5830,0.1553,-174.8171,0.018,2161,-0.0026,-0.1000,0.4353,0,0,1.084
2.555,0,0,1,-0.6167,0.6167,-0.6035,0.1926,-176.5176,0.0000,0.0000,0.0000,-0.4628,0.3066,177.9242,0.002,2169,-0.0028,-0.1000,0.4242,0,0,1.102
2.654,0,0,1,-0.6167,0.6167,-0.6030,0.2043,-176.7526,0.0000,0.0000,0.0000,-0.5930,0.1914,-174.8618,0.003,2174,-0.0027,-0.1000,0.4126,0,0,1.091
2.753,0,0,1,-0.6167,0.6167,-0.6042,0.2143,-176.7131,0.0000,0.0000,0.0000,-0.5313,0.3592,178.8758,0.003,2180,-0.0029,-0.1000,0.4026,0,0,1.095
2.855,0,0,1,-0.6167,0.6167,-0.6051,0.2283,-176.5713,0.0000,0.0000,0.0000,-0.5981,0.2138,-174.8269,0.006,2186,-0.0030,-0.1000,0.3886,0,0,1.093
2.953,0,0,1,-0.6167,0.6167,-0.6061,0.2393,-176.6655,0.0000,0.0000,0.0000,-0.6006,0.2247,-175.0560,0.034,2190,-0.0032,-0.0999,0.3775,0,0,1.087
3.054,0,0,1,-0.6167,0.6167,-0.6077,0.2521,-176.7445,0.0000,0.0000,0.0000,-0.6003,0.2378,-175.3301,0.002,2198,-0.0038,-0.0999,0.3647,0,0,1.114
3.154,0,0,1,-0.6167,0.6167,-0.6100,0.2615,-176.3971,0.0000,0.0000,0.0000,-0.6834,0.2920,-176.1940,0.027,2203,-0.0041,-0.0999,0.3552,0,0,1.094
3.255,0,0,1,-0.6167,0.6167,-0.6122,0.2699,-176.4955,0.0000,0.0000,0.0000,-0.6690,0.0416,-171.8230,0.007,2210,-0.0047,-0.0999,0.3468,0,0,1.093
3.353,0,0,1,-0.6167,0.6167,-0.6143,0.2782,-176.6090,0.0000,0.0000,0.0000,-0.6348,0.1835,179.3486,0.008,2216,-0.0053,-0.0999,0.3384,0,0,1.098
3.453,0,0,1,-0.6167,0.6167,-0.6145,0.2893,-176.6044,0.0000,0.0000,0.0000,-0.6877,0.0902,-172.6857,0.003,2222,-0.0054,-0.0999,0.3273,0,0,1.090
3.555,0,0,1,-0.6167,0.6167,-0.6182,0.2986,-176.4267,0.0000,0.0000,0.0000,-0.5653,0.3836,-179.8298,0.002,2229,-0.0063,-0.0998,0.3181,0,0,1.092
3.655,0,0,1,-0.6167,0.6167,-0.6192,0.3089,-176.4527,0.0000,0.0000,0.0000,-0.5665,0.3846,-179.8383,0.030,2233,-0.0068,-0.0998,0.3078,0,0,1.103
3.754,0,0,1,-0.6167,0.6167,-0.6213,0.3172,-176.5045,0.0000,0.0000,0.0000,-0.6462,0.2768,-178.6625,0.003,2241,-0.0075,-0.0997,0.2995,0,0,1.093
3.854,0,0,1,-0.6167,0.6167,-0.6228,0.3261,-176.3907,0.0000,0.0000,0.0000,-0.5744,0.3902,-179.7350,0.029,2245,-0.0081,-0.0997,0.2906,0,0,1.095
3.955,0,0,1,-0.6167,0.6167,-0.6262,0.3346,-176.3431,0.0000,0.0000,0.0000,-0.5810,0.3960,-179.6040,0.002,2253,-0.0091,-0.0996,0.2823,0,0,1.105
4.053,0,0,1,-0.6167,0.6167,-0.6269,0.3437,-176.4169,0.0000,0.0000,0.0000,-0.7059,0.1301,-172.5068,0.003,2258,-0.0098,-0.0995,0.2732,0,0,1.089
4.152,0,0,1,-0.6167,0.6167,-0.6289,0.3513,-176.4141,0.0000,0.0000,0.0000,-0.6518,0.3237,-178.6279,0.009,2263,-0.0106,-0.0994,0.2657,0,0,1.094
4.253,0,0,1,-0.6167,0.6167,-0.6296,0.3617,-176.4560,0.0000,0.0000,0.0000,-0.7133,0.1572,-172.9002,0.003,2270,-0.0110,-0.0994,0.2552,0,0,1.105
4.357,0,0,1,-0.6167,0.6167,-0.6325,0.3703,-176.2018,0.0000,0.0000,0.0000,-0.5942,0.4071,-179.1028,0.006,2276,-0.0124,-0.0992,0.2469,0,0,1.092
4.453,0,0,1,-0.6167,0.6167,-0.6332,0.3807,-176.3717,0.0000,0.0000,0.0000,-0.7135,0.1607,-172.6660,0.003,2282,-0.0130,-0.0992,0.2365,0,0,1.110
4.553,0,0,1,-0.6167,0.6167,-0.6358,0.3894,-176.2581,0.0000,0.0000,0.0000,-0.7038,0.4326,-175.1917,0.010,2288,-0.0143,-0.0990,0.2281,0,0,1.106
4.656,0,0,1,-0.6167,0.6167,-0.6362,0.3993,-176.2775,0.0000,0.0000,0.0000,-0.7239,0.1994,-173.1795,0.002,2294,-0.0151,-0.0989,0.2182,0,0,1.118
4.753,0,0,1,-0.6167,0.6167,-0.6389,0.4092,-176.2744,0.0000,0.0000,0.0000,-0.6558,0.3947,-178.3898,0.005,2300,-0.0165,-0.0986,0.2087,0,0,1.110
4.856,0,0,1,-0.6167,0.6167,-0.6385,0.4183,-176.1888,0.0000,0.0000,0.0000,-0.7358,0.2431,-173.9512,0.003,2306,-0.0169,-0.0986,0.1996,0,0,1.109
4.953,0,0,1,-0.6167,0.6167,-0.6392,0.4278,-176.1026,0.0000,0.0000,0.0000,-0.6169,0.4304,-178.4662,0.003,2313,-0.0178,-0.0984,0.1902,0,0,1.122
5.054,0,0,1,-0.6167,0.6167,-0.6377,0.4395,-176.2974,0.0000,0.0000,0.0000,-0.6194,0.4329,-178.5366,0.035,2317,-0.0178,-0.0984,0.1785,0,0,1.104
5.152,0,0,1,-0.6167,0.6167,-0.6381,0.4489,-176.4716,0.0000,0.0000,0.0000,-0.7068,0.5023,-175.3754,0.004,2323,-0.0186,-0.0983,0.1692,0,0,1.121
5.253,0,0,1,-0.6167,0.6167,-0.6371,0.4609,-176.2642,0.0000,0.0000,0.0000,-0.6269,0.4411,-178.6466,0.030,2329,-0.0189,-0.0982,0.1571,0,0,0.856
5.355,0,0,1,-0.6167,0.6167,-0.6389,0.4698,-176.1986,0.0000,0.0000,0.0000,-0.6303,0.4452,-178.2911,0.002,2337,-0.0204,-0.0979,0.1486,0,0,1.127
5.454,0,0,1,-0.6167,0.6167,-0.6400,0.4769,-176.3966,0.0000,0.0000,0.0000,-0.7356,0.2488,-173.2213,0.010,2342,-0.0220,-0.0976,0.1417,0,0,1.025
5.554,0,0,1,-0.6167,0.6167,-0.6400,0.4879,-176.3411,0.0000,0.0000,0.0000,-0.6576,0.5034,-177.8516,0.011,2348,-0.0236,-0.0972,0.1308,0,0,0.984
5.654,0,0,1,-0.6167,0.6167,-0.6396,0.4972,-176.4574,0.0000,0.0000,0.0000,-0.7456,0.2990,-174.1086,0.003,2354,-0.0241,-0.0943,0.1217,0,0,0.930
5.753,0,0,1,-0.6167,0.6167,-0.6403,0.5034,-176.3393,0.0000,0.0000,0.0000,-0.7460,0.3247,-174.6616,0.032,2358,-0.0245,-0.0901,0.1157,0,0,1.147
5.854,0,0,1,-0.6167,0.6167,-0.6405,0.5136,-176.3714,0.0000,0.0000,0.0000,-0.6570,0.5303,-177.9123,0.002,2365,-0.0241,-0.0813,0.1058,0,0,1.123
5.954,0,0,1,-0.6167,0.6167,-0.6414,0.5219,-176.1957,0.0000,0.0000,0.0000,-0.6545,0.5363,-178.1113,0.011,2372,-0.0244,-0.0752,0.0979,0,0,1.131
6.055,0,0,1,-0.6167,0.6167,-0.6393,0.5320,-176.3564,0.0000,0.0000,0.0000,-0.6139,0.5965,-178.8042,0.006,2378,-0.0226,-0.0677,0.0876,0,0,1.137
6.154,0,0,1,-0.6167,0.6167,-0.6380,0.5430,-176.2525,0.0000,0.0000,0.0000,-0.6581,0.5751,-177.2008,0.011,2384,-0.0206,-0.0586,0.0767,0,0,1.134
6.260,0,0,1,-0.6167,0.6167,-0.6366,0.5504,-176.4082,0.0000,0.0000,0.0000,-0.6526,0.4759,-177.6415,0.038,2389,0.0000,0.0000,0.0692,0,0,0.980
6.354,0,0,1,-0.6167,0.6167,-0.6366,0.5567,-176.4951,0.0000,0.0000,0.0000,-0.6536,0.5866,-177.7002,0.009,2395,0.0000,0.0000,0.0632,0,0,0.868
6.452,0,0,1,-0.6167,0.6167,-0.6364,0.5577,-176.5970,0.0000,0.0000,0.0000,-0.6535,0.5876,-177.7419,0.025,2401,0.0000,0.0000,0.0621,0,0,0.809
6.554,0,0,1,-0.6167,0.6167,-0.6368,0.5631,-176.5439,0.0000,0.0000,0.0000,-0.7007,0.6224,-175.5644,0.010,2408,0.0000,0.0000,0.0572,0,0,0.827
6.655,0,0,1,-0.6167,0.6167,-0.6376,0.5650,-176.5171,0.0000,0.0000,0.0000,-0.6551,0.4818,-177.9742,0.036,2413,0.0000,0.0000,0.0557,0,0,0.826
6.756,0,0,1,-0.6167,0.6167,-0.6376,0.5696,-176.4852,0.0000,0.0000,0.0000,-0.6551,0.4818,-177.9742,0.002,2421,0.0000,0.0000,0.0515,0,0,0.819
6.853,0,0,1,-0.6167,0.6167,-0.6379,0.5706,-176.4737,0.0000,0.0000,0.0000,-0.6551,0.4818,-177.9742,0.029,2425,0.0000,0.0000,0.0507,0,0,0.833
6.955,0,0,1,-0.6167,0.6167,-0.6382,0.5723,-176.4649,0.0000,0.0000,0.0000,-0.6551,0.4818,-177.9742,0.006,2431,0.0000,0.0000,0.0493,0,0,0.841
7.053,0,0,1,-0.6167,0.6167,-0.6389,0.5771,-176.3919,0.0000,0.0000,0.0000,-0.6551,0.4818,-177.9742,0.003,2437,0.0000,0.0000,0.0454,0,0,1.145
7.153,0,0,1,-0.6167,0.6167,-0.6394,0.5802,-176.3519,0.0000,0.0000,0.0000,-0.6507,0.7831,-171.2751,0.023,2443,0.0000,0.0000,0.0430,0,0,1.135
7.260,0,0,1,-0.6167,0.6167,-0.6398,0.5812,-176.3593,0.0000,0.0000,0.0000,-0.6046,0.6158,-179.6289,0.013,2450,0.0000,0.0000,0.0424,1,1,1.153
7.353,0,0,1,-0.6167,0.6167,-0.6410,0.5850,-176.2804,0.0000,0.0000,0.0000,-0.7012,0.6225,-175.5554,0.005,2456,0.0000,0.0000,0.0399,1,1,1.128
7.456,0,0,1,-0.6167,0.6167,-0.6410,0.5851,-176.2784,0.0000,0.0000,0.0000,-0.6046,0.6158,-179.6285,0.002,2462,0.0000,0.0000,0.0399,1,1,1.128
7.555,0,0,1,-0.6167,0.6167,-0.6408,0.5881,-176.2662,0.0000,0.0000,0.0000,-0.6551,0.4818,-177.9742,0.002,2469,0.0000,0.0000,0.0374,1,1,1.143
7.654,0,0,1,-0.6167,0.6167,-0.6409,0.5880,-176.2660,0.0000,0.0000,0.0000,-0.6046,0.6158,-179.6285,0.003,2474,0.0000,0.0000,0.0375,1,1,1.147
7.754,0,0,1,-0.6167,0.6167,-0.6413,0.5904,-176.2355,0.0000,0.0000,0.0000,-0.6551,0.4818,-177.9742,0.010,2480,0.0000,0.0000,0.0360,1,1,0.775
7.854,0,0,1,-0.6167,0.6167,-0.6413,0.5911,-176.2357,0.0000,0.0000,0.0000,-0.6551,0.4818,-177.9742,0.026,2485,0.0000,0.0000,0.0355,1,1,0.752
7.955,0,0,1,-0.6167,0.6167,-0.6418,0.5941,-176.1713,0.0000,0.0000,0.0000,-0.6551,0.4818,-177.9742,0.002,2492,0.0000,0.0000,0.0338,1,1,0.751
8.054,0,0,1,-0.6167,0.6167,-0.6417,0.5940,-176.2044,0.0000,0.0000,0.0000,-0.6551,0.4819,-177.9770,0.028,2497,0.0000,0.0000,0.0338,1,1,0.759
8.155,0,0,1,-0.6167,0.6167,-0.6425,0.5961,-176.1713,0.0000,0.0000,0.0000,-0.6551,0.4819,-177.9760,0.003,2505,0.0000,0.0000,0.0330,1,1,0.791
8.253,0,0,1,-0.6167,0.6167,-0.6425,0.5968,-176.1592,0.0000,0.0000,0.0000,-0.6551,0.4819,-177.9760,0.022,2509,0.0000,0.0000,0.0325,1,1,0.754
8.354,0,0,1,-0.6167,0.6167,-0.6421,0.5994,-176.1402,0.0000,0.0000,0.0000,-0.6551,0.4819,-177.9753,0.003,2516,0.0000,0.0000,0.0308,1,1,0.804
8.454,0,0,1,-0.6167,0.6167,-0.6423,0.5987,-176.1511,0.0000,0.0000,0.0000,-0.6551,0.4819,-177.9748,0.016,2521,0.0000,0.0000,0.0313,1,1,0.807
8.553,0,0,1,-0.6167,0.6167,-0.6420,0.6012,-176.1317,0.0000,0.0000,0.0000,-0.6508,0.7831,-171.2731,0.019,2527,0.0000,0.0000,0.0297,1,1,0.845
8.656,0,0,1,-0.6167,0.6167,-0.6420,0.6015,-176.1331,0.0000,0.0000,0.0000,-0.6046,0.6157,-179.6271,0.003,2533,0.0000,0.0000,0.0295,1,1,0.851
8.754,0,0,1,-0.6167,0.6167,-0.6429,0.6033,-176.1043,0.0000,0.0000,0.0000,-0.7021,0.6225,-175.5405,0.005,2540,0.0000,0.0000,0.0294,1,1,0.922
8.854,0,0,1,-0.6167,0.6167,-0.6429,0.6026,-176.1075,0.0000,0.0000,0.0000,-0.6552,0.4819,-177.9747,0.037,2545,0.0000,0.0000,0.0298,1,1,0.915
8.954,0,0,1,-0.6167,0.6167,-0.6426,0.6046,-176.1003,0.0000,0.0000,0.0000,-0.6552,0.4819,-177.9747,0.002,2553,0.0000,0.0000,0.0286,1,1,1.081
9.055,0,0,1,-0.6167,0.6167,-0.6431,0.6042,-176.0849,0.0000,0.0000,0.0000,-0.7003,0.6225,-175.5596,0.034,2557,0.0000,0.0000,0.0292,1,1,1.138
9.156,0,0,1,-0.6167,0.6167,-0.6437,0.6052,-176.0501,0.0000,0.0000,0.0000,-0.6552,0.4819,-177.9747,0.008,2564,0.0000,0.0000,0.0294,1,1,0.750
9.253,0,0,1,-0.6167,0.6167,-0.6433,0.6057,-176.0673,0.0000,0.0000,0.0000,-0.6046,0.6157,-179.6271,0.029,2569,0.0000,0.0000,0.0288,1,1,0.705
9.354,0,0,1,-0.6167,0.6167,-0.6439,0.6082,-176.0306,0.0000,0.0000,0.0000,-0.6552,0.4819,-177.9747,0.003,2577,0.0000,0.0000,0.0285,1,1,0.688
9.455,0,0,1,-0.6167,0.6167,-0.6443,0.6077,-176.0193,0.0000,0.0000,0.0000,-0.7008,0.6223,-175.5609,0.032,2581,0.0000,0.0000,0.0290,1,1,0.626
9.555,0,0,1,-0.6167,0.6167,-0.6439,0.6097,-175.9858,0.0000,0.0000,0.0000,-0.6552,0.4819,-177.9747,0.002,2589,0.0000,0.0000,0.0281,1,1,0.606
9.651,0,0,1,-0.6167,0.6167,-0.6434,0.6087,-175.9798,0.0000,0.0000,0.0000,-0.5536,0.6078,-177.6033,0.006,2594,0.0000,0.0000,0.0279,1,1,0.619
9.753,0,0,1,-0.6167,0.6167,-0.6421,0.6105,-175.9360,0.0000,0.0000,0.0000,-0.6508,0.7831,-171.2734,0.010,2599,0.0000,0.0000,0.0262,1,1,0.574
9.852,0,0,1,-0.6167,0.6167,-0.6423,0.6095,-175.9314,0.0000,0.0000,0.0000,-0.5535,0.6078,-177.6038,0.002,2606,0.0000,0.0000,0.0266,1,1,0.641
9.954,0,0,1,-0.6167,0.6167,-0.6411,0.6112,-175.8913,0.0000,0.0000,0.0000,-0.6508,0.7831,-171.2734,0.031,2611,0.0000,0.0000,0.0250,1,1,0.561
10.052,0,0,1,-0.6167,0.6167,-0.6411,0.6114,-175.8720,0.0000,0.0000,0.0000,-0.5536,0.6078,-177.6032,0.002,2617,0.0000,0.0000,0.0250,1,1,0.538
10.152,0,0,1,-0.6167,0.6167,-0.6402,0.6117,-175.8583,0.0000,0.0000,0.0000,-0.6537,0.5867,-177.7710,0.008,2624,0.0000,0.0000,0.0241,1,1,0.434
10.255,0,0,1,-0.6167,0.6167,-0.6397,0.6106,-175.8475,0.0000,0.0000,0.0000,-0.5286,0.6062,-176.5573,0.002,2630,0.0000,0.0000,0.0238,1,1,1.140
10.355,0,0,1,-0.6167,0.6167,-0.6387,0.6124,-175.7933,0.0000,0.0000,0.0000,-0.6552,0.4821,-177.9762,0.002,2637,0.0000,0.0000,0.0225,1,1,1.146
10.454,0,0,1,-0.6167,0.6167,-0.6387,0.6116,-175.7678,0.0000,0.0000,0.0000,-0.7005,0.6225,-175.5564,0.028,2641,0.0000,0.0000,0.0226,1,1,1.145
10.554,0,0,1,-0.6167,0.6167,-0.6378,0.6132,-175.7209,0.0000,0.0000,0.0000,-0.6552,0.4821,-177.9762,0.002,2649,0.0000,0.0000,0.0214,1,1,1.139
10.653,0,0,1,-0.6167,0.6167,-0.6373,0.6107,-175.7629,0.0000,0.0000,0.0000,-0.6552,0.4821,-177.9762,0.029,2653,0.0000,0.0000,0.0214,1,1,1.140
10.752,0,0,1,-0.6167,0.6167,-0.6362,0.6127,-175.6997,0.0000,0.0000,0.0000,-0.6552,0.4821,-177.9762,0.003,2660,0.0000,0.0000,0.0200,1,1,1.148
10.852,0,0,1,-0.6167,0.6167,-0.6361,0.6112,-175.7114,0.0000,0.0000,0.0000,-0.5285,0.6063,-176.5559,0.002,2666,0.0000,0.0000,0.0201,1,1,0.375
10.954,0,0,1,-0.6167,0.6167,-0.6350,0.6116,-175.6802,0.0000,0.0000,0.0000,-0.7013,0.6223,-175.5561,0.003,2672,0.0000,0.0000,0.0190,1,1,0.475
11.054,0,0,1,-0.6167,0.6167,-0.6349,0.6124,-175.6351,0.0000,0.0000,0.0000,-0.5285,0.6063,-176.5562,0.005,2678,0.0000,0.0000,0.0187,1,1,0.506
11.152,0,0,1,-0.6167,0.6167,-0.6329,0.6163,-175.6110,0.0000,0.0000,0.0000,-0.6511,0.7841,-171.2388,0.022,2683,0.0000,0.0000,0.0163,1,1,0.508
11.255,0,0,1,-0.6167,0.6167,-0.6283,0.6188,-175.6966,0.0000,0.0000,0.0000,-0.5285,0.6063,-176.5560,0.012,2690,0.0000,0.0000,0.0118,1,1,0.507
11.355,0,0,1,-0.6167,0.6167,-0.6262,0.6220,-175.6867,0.0000,0.0000,0.0000,-0.7011,0.6224,-175.5530,0.002,2696,0.0000,0.0000,0.0109,1,1,0.501
11.455,0,0,1,-0.6167,0.6167,-0.6219,0.6242,-175.7693,0.0000,0.0000,0.0000,-0.5285,0.6063,-176.5555,0.006,2702,0.0000,0.0000,0.0091,1,1,0.528
11.553,0,0,1,-0.6167,0.6167,-0.6213,0.6274,-175.7393,0.0000,0.0000,0.0000,-0.7006,0.6225,-175.5592,0.008,2708,0.0000,0.0000,0.0117,1,1,0.539
11.652,0,0,1,-0.6167,0.6167,-0.6175,0.6295,-175.8168,0.0000,0.0000,0.0000,-0.5285,0.6063,-176.5556,0.008,2714,0.0000,0.0000,0.0129,1,1,0.541
11.755,0,0,1,-0.6167,0.6167,-0.6155,0.6317,-175.8188,0.0000,0.0000,0.0000,-0.4268,0.6930,176.0855,0.002,2721,0.0000,0.0000,0.0150,1,1,0.564
11.853,0,0,1,-0.6167,0.6167,-0.6120,0.6335,-175.8912,0.0000,0.0000,0.0000,-0.4268,0.6930,176.0855,0.032,2725,0.0000,0.0000,0.0175,1,1,0.568
11.957,0,0,1,-0.6167,0.6167,-0.6097,0.6365,-175.9299,0.0000,0.0000,0.0000,-0.5285,0.6063,-176.5553,0.002,2733,0.0000,0.0000,0.0210,1,1,0.590
12.053,0,0,1,-0.6167,0.6167,-0.6078,0.6376,-175.9336,0.0000,0.0000,0.0000,-0.4268,0.6930,176.0855,0.033,2737,0.0000,0.0000,0.0228,1,1,0.599
12.158,0,0,1,-0.6167,0.6167,-0.6068,0.6396,-175.9176,0.0000,0.0000,0.0000,-0.6527,0.5820,-177.9841,0.013,2744,0.0000,0.0000,0.0249,1,1,0.589
12.254,0,0,1,-0.6167,0.6167,-0.6034,0.6411,-175.9761,0.0000,0.0000,0.0000,-0.5285,0.6063,-176.5551,0.009,2750,0.0000,0.0000,0.0278,1,1,0.545
12.352,0,0,1,-0.6167,0.6167,-0.6029,0.6427,-175.9693,0.0000,0.0000,0.0000,-0.6528,0.5827,-177.9661,0.009,2756,0.0000,0.0000,0.0295,1,1,0.576
12.453,0,0,1,-0.6167,0.6167,-0.5992,0.6437,-176.0425,0.0000,0.0000,0.0000,-0.5284,0.6063,-176.5552,0.007,2762,0.0000,0.0000,0.0321,1,1,0.530
12.553,0,0,1,-0.6167,0.6167,-0.5984,0.6458,-176.0200,0.0000,0.0000,0.0000,-0.6508,0.7840,-171.2374,0.008,2767,0.0000,0.0000,0.0344,1,1,0.600
12.657,0,0,1,-0.6167,0.6167,-0.5955,0.6460,-176.1045,0.0000,0.0000,0.0000,-0.5284,0.6063,-176.5545,0.002,2774,0.0000,0.0000,0.0362,1,1,0.565
12.753,0,0,1,-0.6167,0.6167,-0.5954,0.6474,-176.0951,0.0000,0.0000,0.0000,-0.6527,0.5827,-177.9671,0.008,2780,0.0000,0.0000,0.0374,1,1,0.567
12.852,0,0,1,-0.6167,0.6167,-0.5932,0.6489,-176.1472,0.0000,0.0000,0.0000,-0.5284,0.6063,-176.5536,0.002,2786,0.0000,0.0000,0.0399,1,1,0.558
12.956,0,0,1,-0.6167,0.6167,-0.5931,0.6501,-176.1180,0.0000,0.0000,0.0000,-0.4268,0.6930,176.0855,0.002,2793,0.0000,0.0000,0.0409,1,1,0.598
13.054,0,0,1,-0.6167,0.6167,-0.5905,0.6511,-176.1665,0.0000,0.0000,0.0000,-0.5285,0.6063,-176.5525,0.009,2798,0.0000,0.0000,0.0432,1,1,0.447
13.153,0,0,1,-0.6167,0.6167,-0.5911,0.6525,-176.1366,0.0000,0.0000,0.0000,-0.6534,0.5834,-177.9249,0.009,2804,0.0000,0.0000,0.0440,1,1,0.523
13.252,0,0,1,-0.6167,0.6167,-0.5891,0.6537,-176.1806,0.0000,0.0000,0.0000,-0.4268,0.6930,176.0855,0.022,2809,0.0000,0.0000,0.0462,1,1,0.504
13.354,0,0,1,-0.6167,0.6167,-0.5882,0.6550,-176.1566,0.0000,0.0000,0.0000,-0.4268,0.6930,176.0855,0.003,2817,0.0000,0.0000,0.0477,1,1,0.559
13.452,0,0,1,-0.6167,0.6167,-0.5870,0.6555,-176.2088,0.0000,0.0000,0.0000,-0.7011,0.6225,-175.5530,0.027,2821,0.0000,0.0000,0.0489,1,1,0.563
13.554,0,0,1,-0.6167,0.6167,-0.5858,0.6566,-176.2323,0.0000,0.0000,0.0000,-0.4268,0.6930,176.0855,0.005,2829,0.0000,0.0000,0.0505,1,1,0.489
13.652,0,0,1,-0.6167,0.6167,-0.5845,0.6565,-176.2429,0.0000,0.0000,0.0000,-0.5284,0.6063,-176.5527,0.010,2834,0.0000,0.0000,0.0512,1,1,0.581
13.755,0,0,1,-0.6167,0.6167,-0.5837,0.6568,-176.2499,0.0000,0.0000,0.0000,-0.4268,0.6930,176.0855,0.002,2839,0.0000,0.0000,0.0519,1,1,0.576
13.853,0,0,1,-0.6167,0.6167,-0.5843,0.6576,-176.2367,0.0000,0.0000,0.0000,-0.5284,0.6063,-176.5527,0.003,2846,0.0000,0.0000,0.0522,1,1,0.563
13.952,0,0,1,-0.6167,0.6167,-0.5823,0.6589,-176.2626,0.0000,0.0000,0.0000,-0.6508,0.7840,-171.2374,0.019,2851,0.0000,0.0000,0.0544,1,1,0.534
14.055,0,0,1,-0.6167,0.6167,-0.5813,0.6591,-176.3166,0.0000,0.0000,0.0000,-0.5284,0.6063,-176.5526,0.002,2858,0.0000,0.0000,0.0553,1,1,0.545
14.153,0,0,1,-0.6167,0.6167,-0.5819,0.6597,-176.2811,0.0000,0.0000,0.0000,-0.6514,0.5833,-177.9497,0.010,2864,0.0000,0.0000,0.0553,1,1,0.581
14.252,0,0,1,-0.6167,0.6167,-0.5794,0.6597,-176.3413,0.0000,0.0000,0.0000,-0.5284,0.6063,-176.5529,0.009,2870,0.0000,0.0000,0.0570,1,1,0.549
14.352,0,0,1,-0.6167,0.6167,-0.5801,0.6604,-176.3205,0.0000,0.0000,0.0000,-0.6514,0.5833,-177.9497,0.009,2876,0.0000,0.0000,0.0570,1,1,0.561
14.454,0,0,1,-0.6167,0.6167,-0.5782,0.6607,-176.3608,0.0000,0.0000,0.0000,-0.5284,0.6063,-176.5529,0.006,2882,0.0000,0.0000,0.0585,1,1,0.564
14.554,0,0,1,-0.6167,0.6167,-0.5791,0.6614,-176.3363,0.0000,0.0000,0.0000,-0.6552,0.5873,-177.7431,0.014,2888,0.0000,0.0000,0.0584,1,1,0.543
14.652,0,0,1,-0.6167,0.6167,-0.5777,0.6622,-176.3756,0.0000,0.0000,0.0000,-0.4278,0.6924,176.1088,0.030,2893,0.0000,0.0000,0.0600,1,1,0.560
14.754,0,0,1,-0.6167,0.6167,-0.5781,0.6623,-176.3528,0.0000,0.0000,0.0000,-0.6542,0.5854,-177.8310,0.010,2900,0.0000,0.0000,0.0597,1,1,0.560
14.852,0,0,1,-0.6167,0.6167,-0.5763,0.6625,-176.3929,0.0000,0.0000,0.0000,-0.5284,0.6063,-176.5525,0.009,2906,0.0000,0.0000,0.0611,1,1,0.585
14.952,0,0,1,-0.6167,0.6167,-0.5765,0.6638,-176.3603,0.0000,0.0000,0.0000,-0.4278,0.6924,176.1088,0.002,2913,0.0000,0.0000,0.0619,1,1,0.561
15.053,0,0,1,-0.6167,0.6167,-0.5755,0.6633,-176.4062,0.0000,0.0000,0.0000,-0.5284,0.6064,-176.5525,0.009,2918,0.0000,0.0000,0.0622,1,1,0.559
15.153,0,0,1,-0.6167,0.6167,-0.5769,0.6641,-176.3655,0.0000,0.0000,0.0000,-0.7009,0.6225,-175.5623,0.005,2924,0.0000,0.0000,0.0619,1,1,1.149
15.254,0,0,1,-0.6167,0.6167,-0.5752,0.6642,-176.4039,0.0000,0.0000,0.0000,-0.5284,0.6064,-176.5519,0.009,2930,0.0000,0.0000,0.0631,1,1,0.535
15.353,0,0,1,-0.6167,0.6167,-0.5755,0.6654,-176.3711,0.0000,0.0000,0.0000,-0.6509,0.7840,-171.2369,0.022,2935,0.0000,0.0000,0.0638,1,1,0.552
15.454,0,0,1,-0.6167,0.6167,-0.5762,0.6650,-176.3709,0.0000,0.0000,0.0000,-0.5283,0.6064,-176.5526,0.003,2942,0.0000,0.0000,0.0630,1,1,0.567
15.552,0,0,1,-0.6167,0.6167,-0.5748,0.6659,-176.3898,0.0000,0.0000,0.0000,-0.4278,0.6924,176.1088,0.002,2949,0.0000,0.0000,0.0646,1,1,0.540
15.654,0,0,1,-0.6167,0.6167,-0.5734,0.6649,-176.4500,0.0000,0.0000,0.0000,-0.5283,0.6064,-176.5519,0.013,2954,0.0000,0.0000,0.0648,1,1,0.568
15.753,0,0,1,-0.6167,0.6167,-0.5742,0.6664,-176.3999,0.0000,0.0000,0.0000,-0.4278,0.6924,176.1088,0.003,2960,0.0000,0.0000,0.0654,1,1,0.584
15.853,0,0,1,-0.6167,0.6167,-0.5741,0.6666,-176.4274,0.0000,0.0000,0.0000,-0.4278,0.6924,176.1088,0.030,2965,0.0000,0.0000,0.0656,1,1,0.565
15.954,0,0,1,-0.6167,0.6167,-0.5752,0.6666,-176.3869,0.0000,0.0000,0.0000,-0.6529,0.5813,-178.0242,0.010,2972,0.0000,0.0000,0.0649,1,1,0.568
16.053,0,0,1,-0.6167,0.6167,-0.5735,0.6668,-176.4421,0.0000,0.0000,0.0000,-0.4278,0.6924,176.1088,0.030,2977,0.0000,0.0000,0.0661,1,1,0.541
16.152,0,0,1,-0.6167,0.6167,-0.5735,0.6673,-176.4099,0.0000,0.0000,0.0000,-0.6529,0.5814,-178.0267,0.008,2984,0.0000,0.0000,0.0665,1,1,0.562
16.252,0,0,1,-0.6167,0.6167,-0.5722,0.6662,-176.4723,0.0000,0.0000,0.0000,-0.5283,0.6064,-176.5520,0.009,2990,0.0000,0.0000,0.0666,1,1,0.569
16.353,0,0,1,-0.6167,0.6167,-0.5738,0.6668,-176.4291,0.0000,0.0000,0.0000,-0.6999,0.6222,-175.5820,0.010,2996,0.0000,0.0000,0.0660,1,1,0.565
16.453,0,0,1,-0.6167,0.6167,-0.5721,0.6654,-176.5086,0.0000,0.0000,0.0000,-0.5283,0.6064,-176.5513,0.009,3002,0.0000,0.0000,0.0661,1,1,0.582
16.553,0,0,1,-0.6167,0.6167,-0.5723,0.6658,-176.4931,0.0000,0.0000,0.0000,-0.5283,0.6064,-176.5508,0.041,3006,0.0000,0.0000,0.0662,1,1,0.556
16.653,0,0,1,-0.6167,0.6167,-0.5726,0.6665,-176.4852,0.0000,0.0000,0.0000,-0.5283,0.6064,-176.5515,0.004,3014,0.0000,0.0000,0.0665,1,1,0.562
16.752,0,0,1,-0.6167,0.6167,-0.5734,0.6679,-176.4318,0.0000,0.0000,0.0000,-0.6504,0.7831,-171.2722,0.030,3019,0.0000,0.0000,0.0670,1,1,0.550
16.854,0,0,1,-0.6167,0.6167,-0.5725,0.6671,-176.4792,0.0000,0.0000,0.0000,-0.5283,0.6064,-176.5515,0.008,3026,0.0000,0.0000,0.0670,1,1,0.566
16.953,0,0,1,-0.6167,0.6167,-0.5733,0.6684,-176.4287,0.0000,0.0000,0.0000,-0.6544,0.5853,-177.8325,0.007,3032,0.0000,0.0000,0.0675,1,1,0.549
17.052,0,0,1,-0.6167,0.6167,-0.5725,0.6678,-176.4897,0.0000,0.0000,0.0000,-0.5283,0.6064,-176.5514,0.009,3038,0.0000,0.0000,0.0676,1,1,0.550
17.154,0,0,1,-0.6167,0.6167,-0.5733,0.6675,-176.4594,0.0000,0.0000,0.0000,-0.6543,0.5854,-177.8343,0.011,3044,0.0000,0.0000,0.0668,1,1,0.554
17.255,0,1,0,-0.6167,0.6167,-0.5721,0.6680,-176.4941,0.0000,0.0000,0.0000,-0.6502,0.7832,-171.2692,0.002,3050,0.0380,0.0389,0.0680,1,1,0.551
17.356,0,1,1,-0.6167,0.0000,-0.5749,0.6658,-176.4695,0.0000,0.0000,0.0000,-0.7014,0.6225,-175.5502,0.009,3057,0.0123,0.0992,0.6671,1,1,0.526
17.454,0,1,1,-0.6167,0.0000,-0.5761,0.6596,-176.5441,0.0000,0.0000,0.0000,-0.4290,0.6912,176.1379,0.028,3061,0.0121,0.0993,0.6608,1,1,0.547
17.555,0,1,1,-0.6167,0.0000,-0.5774,0.6481,-176.3867,0.0000,0.0000,0.0000,-0.5197,0.6162,178.3739,0.002,3069,0.0121,0.0993,0.6493,1,1,0.574
17.655,0,1,1,-0.6167,0.0000,-0.5781,0.6374,-176.3437,0.0000,0.0000,0.0000,-0.5332,0.5867,-176.3559,0.013,3074,0.0120,0.0993,0.6386,1,1,0.518
17.754,0,1,1,-0.6167,0.0000,-0.5792,0.6280,-176.3806,0.0000,0.0000,0.0000,-0.6595,0.5569,-177.5547,0.003,3080,0.0119,0.0993,0.6291,1,1,0.545
17.855,0,1,1,-0.6167,0.0000,-0.5811,0.6146,-176.4186,0.0000,0.0000,0.0000,-0.5338,0.5648,-176.4087,0.006,3086,0.0117,0.0993,0.6156,1,1,0.504
17.952,0,1,1,-0.6167,0.0000,-0.5829,0.6049,-176.5165,0.0000,0.0000,0.0000,-0.6494,0.6942,-172.7619,0.020,3091,0.0116,0.0993,0.6058,1,1,0.595
18.053,0,1,1,-0.6167,0.0000,-0.5841,0.5922,-176.4029,0.0000,0.0000,0.0000,-0.5329,0.5397,-176.2922,0.007,3098,0.0115,0.0993,0.5931,1,1,0.560
18.153,0,1,1,-0.6167,0.0000,-0.5872,0.5822,-176.3156,0.0000,0.0000,0.0000,-0.7039,0.5436,-175.7298,0.009,3104,0.0110,0.0994,0.5830,1,1,0.571
18.255,0,1,1,-0.6167,0.0000,-0.5881,0.5705,-176.3728,0.0000,0.0000,0.0000,-0.5329,0.5197,-176.1175,0.010,3110,0.0109,0.0994,0.5712,1,1,0.533
18.355,0,1,1,-0.6167,0.0000,-0.5908,0.5594,-176.3663,0.0000,0.0000,0.0000,-0.6589,0.4849,-178.0517,0.014,3116,0.0107,0.0994,0.5600,1,1,0.577
18.455,0,1,1,-0.6167,0.0000,-0.5918,0.5473,-176.5342,0.0000,0.0000,0.0000,-0.5342,0.4964,-176.2440,0.013,3122,0.0104,0.0995,0.5479,1,1,0.556
18.555,0,1,1,-0.6167,0.0000,-0.5941,0.5360,-176.3646,0.0000,0.0000,0.0000,-0.6105,0.4550,-179.8800,0.002,3129,0.0102,0.0995,0.5365,1,1,0.567
18.655,0,1,1,-0.6167,0.0000,-0.5958,0.5243,-176.3715,0.0000,0.0000,0.0000,-0.6505,0.5678,-174.6837,0.002,3134,0.0100,0.0995,0.5247,1,1,0.557
18.755,0,1,1,-0.6167,0.0000,-0.5977,0.5145,-176.3337,0.0000,0.0000,0.0000,-0.6557,0.4311,-178.5168,0.004,3140,0.0097,0.0995,0.5148,1,1,0.592
18.855,0,1,1,-0.6167,0.0000,-0.5995,0.4999,-176.3425,0.0000,0.0000,0.0000,-0.6314,0.4114,-179.1803,0.026,3145,0.0094,0.0996,0.5002,1,1,0.585
18.954,0,1,1,-0.6167,0.0000,-0.6035,0.4875,-176.2663,0.0000,0.0000,0.0000,-0.6425,0.3873,-178.8867,0.005,3153,0.0090,0.0996,0.4877,1,1,0.574
19.055,0,1,1,-0.6167,0.0000,-0.6055,0.4760,-176.4299,0.0000,0.0000,0.0000,-0.6065,0.4516,-178.4092,0.012,3158,0.0084,0.0997,0.4762,1,1,0.578
19.154,0,1,1,-0.6167,0.0000,-0.6084,0.4642,-176.5605,0.0000,0.0000,0.0000,-0.6983,0.4315,-176.2419,0.009,3164,0.0080,0.0997,0.4643,1,1,0.574
19.254,0,1,1,-0.6167,0.0000,-0.6108,0.4518,-176.4398,0.0000,0.0000,0.0000,-0.6064,0.4481,-178.8284,0.006,3170,0.0073,0.0997,0.4519,1,1,0.588
19.355,0,1,1,-0.6167,0.0000,-0.6131,0.4409,-176.4356,0.0000,0.0000,0.0000,-0.6586,0.4653,-175.8027,0.008,3175,0.0069,0.0998,0.4409,1,1,0.589
19.454,0,1,1,-0.6167,0.0000,-0.6152,0.4290,-176.4734,0.0000,0.0000,0.0000,-0.6961,0.4003,-176.1940,0.004,3181,0.0064,0.0998,0.4290,1,1,0.569
19.554,0,1,1,-0.6167,0.0000,-0.6188,0.4168,-176.3571,0.0000,0.0000,0.0000,-0.6965,0.3862,-176.2365,0.009,3188,0.0057,0.0998,0.4168,1,1,0.575
19.653,0,1,1,-0.6167,0.0000,-0.6208,0.4047,-176.5334,0.0000,0.0000,0.0000,-0.6143,0.4371,-179.1932,0.010,3194,0.0050,0.0999,0.4048,1,1,0.559
19.755,0,1,1,-0.6167,0.0000,-0.6242,0.3911,-176.5199,0.0000,0.0000,0.0000,-0.7096,0.2337,-176.7572,0.002,3201,0.0045,0.0999,0.3912,1,1,0.604
19.854,0,1,1,-0.6167,0.0000,-0.6257,0.3805,-176.4525,0.0000,0.0000,0.0000,-0.6169,0.4312,-179.4383,0.010,3206,0.0036,0.0999,0.3806,1,1,0.562
19.954,0,1,1,-0.6167,0.0000,-0.6272,0.3679,-176.3945,0.0000,0.0000,0.0000,-0.6397,0.2724,-179.6200,0.009,3212,0.0032,0.0999,0.3681,1,1,0.545
20.054,0,1,1,-0.6167,0.0000,-0.6302,0.3557,-176.4538,0.0000,0.0000,0.0000,-0.7195,0.1950,-176.2086,0.032,3217,0.0022,0.1000,0.3560,1,1,0.543
20.155,0,1,1,-0.6167,0.0000,-0.6332,0.3431,-176.4109,0.0000,0.0000,0.0000,-0.7343,0.1587,-175.7028,0.006,3225,0.0016,0.1000,0.3435,1,1,0.568
20.255,0,1,1,-0.6167,0.0000,-0.6341,0.3311,-176.5129,0.0000,0.0000,0.0000,-0.6662,0.3354,-176.8235,0.003,3230,0.0008,0.1000,0.3316,1,1,0.598
20.353,0,1,1,-0.6167,0.0000,-0.6343,0.3209,-176.6282,0.0000,0.0000,0.0000,-0.4530,0.3683,176.4155,0.009,3237,0.0002,0.1000,0.3214,1,1,0.551
20.454,0,1,1,-0.6167,0.0000,-0.6317,0.3093,-176.6560,0.0000,0.0000,0.0000,-0.5885,0.2708,-177.0001,0.011,3242,0.0010,0.1000,0.3097,1,1,0.607
20.554,0,1,1,-0.6167,0.0000,-0.6296,0.2985,-176.5108,0.0000,0.0000,0.0000,-0.4508,0.3517,176.4512,0.003,3247,0.0017,0.1000,0.2987,1,1,0.509
20.654,0,1,1,-0.6167,0.0000,-0.6270,0.2882,-176.5676,0.0000,0.0000,0.0000,-0.5911,0.2683,-177.0765,0.010,3254,0.0023,0.1000,0.2884,1,1,0.540
20.755,0,1,1,-0.6167,0.0000,-0.6261,0.2784,-176.6214,0.0000,0.0000,0.0000,-0.6740,0.2423,-176.6074,0.002,3260,0.0026,0.1000,0.2786,1,1,0.552
20.856,0,1,1,-0.6167,0.0000,-0.6238,0.2692,-176.5265,0.0000,0.0000,0.0000,-0.5940,0.2643,-177.3013,0.003,3266,0.0034,0.0999,0.2693,1,1,0.549
20.952,0,1,1,-0.6167,0.0000,-0.6228,0.2557,-176.5717,0.0000,0.0000,0.0000,-0.6325,0.0944,177.7011,0.009,3272,0.0036,0.0999,0.2557,1,1,0.552
21.052,0,1,1,-0.6167,0.0000,-0.6200,0.2452,-176.7895,0.0000,0.0000,0.0000,-0.5987,0.2588,-177.4529,0.007,3278,0.0047,0.0999,0.2452,1,1,0.554
21.156,0,1,1,-0.6167,0.0000,-0.6198,0.2327,-176.7999,0.0000,0.0000,0.0000,-0.4720,0.2764,177.0225,0.002,3285,0.0048,0.0999,0.2327,1,1,0.542
21.252,0,1,1,-0.6167,0.0000,-0.6178,0.2238,-176.6893,0.0000,0.0000,0.0000,-0.6027,0.2532,-177.6238,0.003,3290,0.0055,0.0998,0.2238,1,1,0.532
21.354,0,1,1,-0.6167,0.0000,-0.6166,0.2104,-176.8055,0.0000,0.0000,0.0000,-0.6374,0.0208,176.5095,0.005,3297,0.0056,0.0998,0.2104,1,1,0.543
21.454,0,1,1,-0.6167,0.0000,-0.6161,0.1994,-176.8198,0.0000,0.0000,0.0000,-0.6796,0.1758,-177.5380,0.002,3302,0.0063,0.0998,0.1994,1,1,0.539
21.556,0,1,1,-0.6167,0.0000,-0.6155,0.1869,-176.8679,0.0000,0.0000,0.0000,-0.4828,0.2317,177.6511,0.002,3308,0.0062,0.0998,0.1869,1,1,0.535
21.652,0,1,1,-0.6167,0.0000,-0.6153,0.1762,-177.0002,0.0000,0.0000,0.0000,-0.4814,0.2277,177.7015,0.031,3313,0.0068,0.0998,0.1762,1,1,0.540
21.755,0,1,1,-0.6167,0.0000,-0.6148,0.1655,-177.0270,0.0000,0.0000,0.0000,-0.4882,0.2086,177.8280,0.010,3320,0.0064,0.0998,0.1655,1,1,0.538
21.853,0,1,1,-0.6167,0.0000,-0.6154,0.1532,-177.1183,0.0000,0.0000,0.0000,-0.6167,0.2316,-178.0235,0.005,3326,0.0069,0.0998,0.1532,1,1,0.491
21.953,0,1,1,-0.6167,0.0000,-0.6162,0.1430,-176.9082,0.0000,0.0000,0.0000,-0.4902,0.1892,178.0460,0.003,3332,0.0063,0.0998,0.1430,1,1,0.518
22.053,0,1,1,-0.6167,0.0000,-0.6153,0.1315,-176.8760,0.0000,0.0000,0.0000,-0.6243,0.2214,-177.8350,0.002,3337,0.0071,0.0997,0.1315,1,1,0.505
22.152,0,1,1,-0.6167,0.0000,-0.6163,0.1220,-176.8535,0.0000,0.0000,0.0000,-0.6925,0.0862,-177.7198,0.016,3342,0.0062,0.0974,0.1220,1,1,0.502
22.255,0,1,1,-0.6167,0.0000,-0.6149,0.1106,-177.0106,0.0000,0.0000,0.0000,-0.5512,0.0258,-173.8444,0.010,3348,0.0063,0.0897,0.1106,1,1,0.458
22.354,0,1,1,-0.6167,0.0000,-0.6144,0.0989,-176.9121,0.0000,0.0000,0.0000,-0.4990,0.1446,178.6220,0.005,3354,0.0058,0.0793,0.0989,1,1,0.543
22.453,0,1,1,-0.6167,0.0000,-0.6141,0.0887,-176.8617,0.0000,0.0000,0.0000,-0.5531,0.0244,-173.7998,0.008,3359,0.0063,0.0707,0.0888,1,1,0.485
22.553,0,1,1,-0.6167,0.0000,-0.6143,0.0778,-176.7588,0.0000,0.0000,0.0000,-0.5016,0.1286,178.9713,0.003,3366,0.0057,0.0620,0.0779,1,1,0.497
22.656,0,1,2,0.0000,0.0000,-0.6133,0.0688,-176.7137,0.0000,0.0000,0.0000,-0.5005,0.1268,178.9886,0.042,3369,-0.0985,0.0171,0.6171,1,1,0.507
22.753,0,1,2,0.0000,0.0000,-0.6072,0.0629,-176.5828,0.0000,0.0000,0.0000,-0.5075,0.1104,179.2423,0.002,3376,-0.0987,0.0163,0.6105,1,1,0.477
22.856,0,1,2,0.0000,0.0000,-0.5991,0.0564,-176.5625,0.0000,0.0000,0.0000,-0.5632,0.0165,-173.6311,0.002,3382,-0.0988,0.0153,0.6018,1,1,0.476
22.954,0,1,2,0.0000,0.0000,-0.5894,0.0522,-176.6014,0.0000,0.0000,0.0000,-0.4835,0.1171,179.2820,0.010,3388,-0.0989,0.0147,0.5917,1,1,0.456
23.052,0,1,2,0.0000,0.0000,-0.5799,0.0508,-176.4839,0.0000,0.0000,0.0000,-0.5183,-0.0253,-172.5365,0.008,3392,-0.0989,0.0147,0.5821,1,1,0.429
23.152,0,1,2,0.0000,0.0000,-0.5698,0.0484,-176.3431,0.0000,0.0000,0.0000,-0.4611,0.1184,179.3167,0.003,3397,-0.0990,0.0144,0.5719,1,1,0.405
23.254,0,1,2,0.0000,0.0000,-0.5567,0.0472,-176.4981,0.0000,0.0000,0.0000,-0.5016,-0.0179,-172.6104,0.008,3401,-0.0989,0.0145,0.5587,1,1,0.406
23.353,0,1,2,0.0000,0.0000,-0.5484,0.0433,-176.3368,0.0000,0.0000,0.0000,-0.6517,0.0098,-177.2583,0.010,3406,-0.0990,0.0139,0.5501,1,1,0.387
23.458,0,1,2,0.0000,0.0000,-0.5373,0.0375,-176.5986,0.0000,0.0000,0.0000,-0.4835,-0.0115,-172.6618,0.003,3413,-0.0991,0.0135,0.5386,1,1,0.356
23.553,0,1,2,0.0000,0.0000,-0.5278,0.0367,-176.4193,0.0000,0.0000,0.0000,-0.6306,0.0080,-176.9792,0.031,3417,-0.0992,0.0129,0.5291,1,1,0.350
23.654,0,1,2,0.0000,0.0000,-0.5185,0.0336,-176.5622,0.0000,0.0000,0.0000,-0.3959,0.1338,179.0349,0.002,3423,-0.0992,0.0125,0.5196,1,1,0.367
23.753,0,1,2,0.0000,0.0000,-0.5071,0.0309,-176.6090,0.0000,0.0000,0.0000,-0.5886,-0.2439,173.7555,0.002,3429,-0.0993,0.0121,0.5081,1,1,0.342
23.855,0,1,2,0.0000,0.0000,-0.4964,0.0261,-176.6706,0.0000,0.0000,0.0000,-0.4524,-0.0014,-172.9283,0.010,3435,-0.0994,0.0113,0.4970,1,1,0.305
23.954,0,1,2,0.0000,0.0000,-0.4875,0.0233,-176.6352,0.0000,0.0000,0.0000,-0.3497,0.1418,178.6991,0.002,3441,-0.0994,0.0108,0.4880,1,1,0.299
24.055,0,1,2,0.0000,0.0000,-0.4760,0.0219,-176.7031,0.0000,0.0000,0.0000,-0.5802,0.0026,-176.7493,0.002,3446,-0.0994,0.0106,0.4765,1,1,0.261
24.154,0,1,2,0.0000,0.0000,-0.4644,0.0232,-176.6970,0.0000,0.0000,0.0000,-0.3257,0.1430,178.5611,0.012,3451,-0.0994,0.0107,0.4650,1,1,0.246
24.255,0,1,2,0.0000,0.0000,-0.4545,0.0207,-176.6205,0.0000,0.0000,0.0000,-0.5582,0.0029,-176.6248,0.002,3456,-0.0994,0.0106,0.4549,1,1,0.248
24.354,0,1,2,0.0000,0.0000,-0.4435,0.0195,-176.6575,0.0000,0.0000,0.0000,-0.5242,-0.2577,174.1826,0.002,3463,-0.0995,0.0101,0.4439,1,1,0.253
24.454,0,1,2,0.0000,0.0000,-0.4339,0.0147,-176.7019,0.0000,0.0000,0.0000,-0.3946,0.0181,-173.1222,0.010,3468,-0.0996,0.0094,0.4342,1,1,0.215
24.557,0,1,2,0.0000,0.0000,-0.4230,0.0112,-176.9248,0.0000,0.0000,0.0000,-0.5356,-0.0010,-176.5022,0.002,3475,-0.0936,0.0090,0.4232,1,1,0.219
24.653,0,1,2,0.0000,0.0000,-0.4143,0.0094,-176.7747,0.0000,0.0000,0.0000,-0.3762,0.0223,-173.0425,0.010,3480,-0.0917,0.0083,0.4144,1,1,0.184
24.756,0,1,2,0.0000,0.0000,-0.4059,0.0077,-176.8407,0.0000,0.0000,0.0000,-0.2393,0.1620,178.1307,0.002,3486,-0.0997,0.0079,0.4060,1,1,0.222
24.855,0,1,2,0.0000,0.0000,-0.3931,0.0106,-176.6591,0.0000,0.0000,0.0000,-0.3610,0.0268,-173.0150,0.009,3490,-0.0959,0.0071,0.3933,1,1,0.192
24.953,0,1,2,0.0000,0.0000,-0.3844,0.0088,-176.6096,0.0000,0.0000,0.0000,-0.4977,-0.0041,-176.2127,0.014,3495,-0.0997,0.0083,0.3845,1,1,0.207
25.053,0,1,2,0.0000,0.0000,-0.3743,0.0059,-176.9282,0.0000,0.0000,0.0000,-0.3423,0.0296,-173.0237,0.008,3502,-0.0863,0.0020,0.3744,1,1,0.171
25.156,0,1,2,0.0000,0.0000,-0.3632,0.0066,-176.7482,0.0000,0.0000,0.0000,-0.4371,-0.2984,174.0764,0.002,3508,-0.0895,0.0040,0.3633,1,1,0.169
25.256,0,1,2,0.0000,0.0000,-0.3536,0.0091,-176.6248,0.0000,0.0000,0.0000,-0.4653,-0.0025,-175.8858,0.002,3513,-0.0821,0.0085,0.3537,1,1,0.165
25.353,0,1,2,0.0000,0.0000,-0.3435,0.0129,-176.4139,0.0000,0.0000,0.0000,-0.1369,0.1963,177.2998,0.012,3518,-0.0705,-0.0029,0.3438,1,1,0.137
25.454,0,1,2,0.0000,0.0000,-0.3367,0.0119,-176.4968,0.0000,0.0000,0.0000,-0.4521,-0.0056,-175.6785,0.002,3523,-0.0644,-0.0050,0.3369,1,1,0.124
25.555,0,1,2,0.0000,0.0000,-0.3302,0.0126,-176.6793,0.0000,0.0000,0.0000,-0.3139,0.0014,-173.8934,0.002,3529,-0.0612,-0.0066,0.3304,1,1,0.117
25.656,0,1,2,0.0000,0.0000,-0.3183,0.0126,-176.6045,0.0000,0.0000,0.0000,-0.4379,-0.0019,-175.8195,0.002,3535,-0.0612,-0.0060,0.3185,1,1,0.117
25.754,0,1,2,0.0000,0.0000,-0.3122,0.0139,-176.6639,0.0000,0.0000,0.0000,-0.2997,-0.0028,-174.0212,0.002,3542,-0.0612,-0.0060,0.3125,1,1,0.117
25.854,0,1,2,0.0000,0.0000,-0.3053,0.0167,-176.4079,0.0000,0.0000,0.0000,-0.2920,0.0502,-172.9433,0.009,3547,-0.0610,-0.0044,0.3057,1,1,0.117
25.952,0,1,2,0.0000,0.0000,-0.2875,0.0128,-176.7055,0.0000,0.0000,0.0000,0.1339,-0.2176,173.0588,0.007,3554,-0.0611,-0.0054,0.2878,1,1,0.117
26.054,0,1,2,0.0000,0.0000,-0.2836,0.0112,-176.6928,0.0000,0.0000,0.0000,-0.2841,0.0576,-172.8654,0.005,3558,-0.0612,-0.0062,0.2838,1,1,0.117
26.153,0,1,2,0.0000,0.0000,-0.2718,0.0081,-176.9378,0.0000,0.0000,0.0000,-0.4113,0.0015,-175.5405,0.009,3563,-0.0783,0.0002,0.2719,1,1,0.154
26.252,0,1,2,0.0000,0.0000,-0.2457,0.0021,-177.3696,0.0000,0.0000,0.0000,-0.2697,0.0583,-172.9509,0.008,3570,-0.0771,-0.0025,0.2457,1,1,0.151
26.352,0,1,2,0.0000,0.0000,-0.2417,0.0042,-177.0328,0.0000,0.0000,0.0000,-0.3690,-0.3293,174.0038,0.002,3575,-0.0774,-0.0145,0.2418,1,1,0.137
26.455,0,1,2,0.0000,0.0000,-0.2194,0.0030,-177.2390,0.0000,0.0000,0.0000,-0.2601,0.0672,-172.6828,0.010,3581,-0.0757,-0.0171,0.2195,1,1,0.132
26.554,0,1,2,0.0000,0.0000,-0.1984,0.0043,-177.3186,0.0000,0.0000,0.0000,-0.2884,0.0392,-172.2992,0.002,3588,-0.0798,-0.0114,0.1984,1,1,0.144
26.654,0,1,2,0.0000,0.0000,-0.1950,0.0076,-177.0535,0.0000,0.0000,0.0000,-0.2488,0.0758,-172.5435,0.010,3592,-0.0819,-0.0081,0.1951,1,1,0.150
26.752,0,1,2,0.0000,0.0000,-0.1916,0.0098,-176.8090,0.0000,0.0000,0.0000,-0.2457,0.0801,-172.5548,0.016,3596,-0.0912,-0.0087,0.1918,1,1,0.157
26.854,0,1,2,0.0000,0.0000,-0.1863,0.0113,-176.6197,0.0000,0.0000,0.0000,-0.2439,-0.0492,-174.9773,0.043,3600,-0.0915,0.0042,0.1867,1,1,0.178
26.954,0,1,2,0.0000,0.0000,-0.1813,0.0130,-176.3431,0.0000,0.0000,0.0000,-0.2528,0.0435,-171.8857,0.005,3606,-0.0854,-0.0009,0.1818,1,1,0.161
27.053,0,1,2,0.0000,0.0000,-0.1756,0.0145,-176.2903,0.0000,0.0000,0.0000,-0.2486,0.0446,-171.8089,0.030,3609,-0.0894,0.0047,0.1762,1,1,0.173
27.153,0,1,2,0.0000,0.0000,-0.1713,0.0163,-176.0830,0.0000,0.0000,0.0000,-0.3321,0.0140,-174.4699,0.033,3614,-0.0982,0.0141,0.1720,1,1,0.197
27.254,0,1,2,0.0000,0.0000,-0.1652,0.0180,-175.8894,0.0000,0.0000,0.0000,-0.2035,0.0905,-172.3168,0.009,3619,-0.0919,0.0096,0.1662,1,1,0.181
27.355,0,1,2,0.0000,0.0000,-0.1601,0.0179,-175.8643,0.0000,0.0000,0.0000,-0.3149,0.0105,-174.4272,0.002,3625,-0.0985,0.0170,0.1611,1,1,0.216
27.464,0,1,2,0.0000,0.0000,-0.1541,0.0158,-175.7425,0.0000,0.0000,0.0000,-0.2032,0.0311,-172.3246,0.005,3630,-0.0987,0.0161,0.1549,1,1,0.209
27.554,0,1,2,0.0000,0.0000,-0.1503,0.0164,-175.7260,0.0000,0.0000,0.0000,-0.2154,-0.0461,-173.3946,0.004,3637,-0.0963,0.0112,0.1512,1,1,0.188
27.655,0,1,2,0.0000,0.0000,-0.1441,0.0152,-175.7192,0.0000,0.0000,0.0000,-0.1610,0.0871,-172.5472,0.007,3643,-0.0986,0.0164,0.1449,1,1,0.232
27.754,0,1,2,0.0000,0.0000,-0.1384,0.0155,-175.7838,0.0000,0.0000,0.0000,-0.1755,0.0319,-172.6869,0.003,3649,-0.0985,0.0171,0.1393,1,1,0.206
27.854,0,1,2,0.0000,0.0000,-0.1312,0.0151,-175.6562,0.0000,0.0000,0.0000,-0.1381,0.0828,-172.7127,0.009,3655,-0.0986,0.0168,0.1321,1,1,0.213
27.954,0,1,2,0.0000,0.0000,-0.1247,0.0149,-175.7146,0.0000,0.0000,0.0000,-0.1487,0.0192,-172.9115,0.002,3662,-0.0984,0.0178,0.1256,1,1,0.287
28.054,0,1,2,0.0000,0.0000,-0.1146,0.0147,-175.6337,0.0000,0.0000,0.0000,-0.1127,0.0777,-172.8069,0.010,3667,-0.0916,0.0169,0.1156,1,1,0.236
28.152,0,1,2,0.0000,0.0000,-0.1081,0.0136,-175.8162,0.0000,0.0000,0.0000,-0.1317,0.0219,-173.1966,0.002,3674,-0.0857,0.0160,0.1090,1,1,0.259
28.254,0,1,2,0.0000,0.0000,-0.0994,0.0127,-175.8271,0.0000,0.0000,0.0000,-0.2193,0.0173,-175.0552,0.002,3679,-0.0792,0.0150,0.1002,1,1,0.261
28.355,0,1,2,0.0000,0.0000,-0.0923,0.0119,-175.8686,0.0000,0.0000,0.0000,-0.0993,-0.0585,-175.5673,0.002,3686,-0.0742,0.0143,0.0931,1,1,0.277
28.453,0,1,2,0.0000,0.0000,-0.0854,0.0114,-175.9601,0.0000,0.0000,0.0000,-0.0695,0.0671,-172.8813,0.009,3691,-0.0683,0.0128,0.0862,1,1,0.293
28.553,0,1,2,0.0000,0.0000,-0.0808,0.0111,-176.0155,0.0000,0.0000,0.0000,-0.0206,-0.0222,-176.4116,0.002,3698,-0.0640,0.0127,0.0815,1,1,0.504
28.654,0,1,2,0.0000,0.0000,-0.0732,0.0093,-175.9981,0.0000,0.0000,0.0000,-0.0487,0.0592,-172.8035,0.010,3703,-0.0587,0.0106,0.0738,1,1,0.401
28.753,0,1,2,0.0000,0.0000,-0.0696,0.0083,-175.9184,0.0000,0.0000,0.0000,-0.0143,-0.0272,-176.4549,0.010,3709,0.0000,0.0000,0.0701,1,1,0.375
28.853,0,1,2,0.0000,0.0000,-0.0690,0.0075,-175.9583,0.0000,0.0000,0.0000,-0.0373,0.0569,-172.8903,0.007,3715,0.0000,0.0000,0.0694,1,1,0.372
28.952,0,1,2,0.0000,0.0000,-0.0700,0.0071,-175.9104,0.0000,0.0000,0.0000,-0.1780,0.0172,-175.3023,0.018,3720,0.0000,0.0000,0.0703,1,1,0.451
29.055,0,1,2,0.0000,0.0000,-0.0690,0.0061,-175.8574,0.0000,0.0000,0.0000,-0.1779,0.0172,-175.3031,0.002,3728,0.0000,0.0000,0.0693,1,1,0.525
29.153,0,1,2,0.0000,0.0000,-0.0701,0.0058,-175.8143,0.0000,0.0000,0.0000,-0.0675,-0.0669,-176.1865,0.003,3734,0.0000,0.0000,0.0703,1,1,1.538
29.253,0,1,2,0.0000,0.0000,-0.0696,0.0044,-175.7876,0.0000,0.0000,0.0000,-0.0373,0.0569,-172.8903,0.009,3739,0.0000,0.0000,0.0697,1,1,1.569
29.353,0,1,2,0.0000,0.0000,-0.0704,0.0047,-175.7216,0.0000,0.0000,0.0000,-0.0675,-0.0669,-176.1859,0.003,3746,0.0000,0.0000,0.0705,1,1,0.447
29.453,0,1,2,0.0000,0.0000,-0.0699,0.0034,-175.6967,0.0000,0.0000,0.0000,-0.1780,0.0172,-175.3018,0.003,3751,0.0000,0.0000,0.0700,1,1,1.588
29.552,0,1,2,0.0000,0.0000,-0.0708,0.0037,-175.6331,0.0000,0.0000,0.0000,-0.0675,-0.0668,-176.1868,0.003,3757,0.0000,0.0000,0.0709,1,1,1.583
29.654,0,1,2,0.0000,0.0000,-0.0700,0.0030,-175.5842,0.0000,0.0000,0.0000,-0.0373,0.0569,-172.8903,0.003,3763,0.0000,0.0000,0.0701,1,1,1.580
29.757,0,1,2,0.0000,0.0000,-0.0706,0.0025,-175.5539,0.0000,0.0000,0.0000,-0.0675,-0.0668,-176.1853,0.002,3770,0.0000,0.0000,0.0706,0,2,0.377
29.853,0,1,2,0.0000,0.0000,-0.0707,0.0016,-175.5264,0.0000,0.0000,0.0000,-0.0373,0.0569,-172.8903,0.008,3775,0.0000,0.0000,0.0707,0,2,0.400
29.954,0,1,2,0.0000,0.0000,-0.0715,0.0020,-175.4694,0.0000,0.0000,0.0000,-0.0675,-0.0668,-176.1858,0.003,3782,0.0000,0.0000,0.0715,0,2,0.415
30.053,0,1,2,0.0000,0.0000,-0.0707,0.0014,-175.4249,0.0000,0.0000,0.0000,-0.0373,0.0569,-172.8903,0.009,3787,0.0000,0.0000,0.0707,0,2,1.570
30.153,0,1,2,0.0000,0.0000,-0.0708,0.0011,-175.3915,0.0000,0.0000,0.0000,-0.0373,0.0569,-172.8903,0.031,3791,0.0000,0.0000,0.0708,0,2,0.433
30.253,0,1,2,0.0000,0.0000,-0.0719,0.0004,-175.3686,0.0000,0.0000,0.0000,-0.0373,0.0569,-172.8903,0.003,3799,0.0000,0.0000,0.0719,0,2,0.567
30.354,0,1,2,0.0000,0.0000,-0.0721,0.0006,-175.3247,0.0000,0.0000,0.0000,-0.1779,0.0172,-175.3009,0.035,3804,0.0000,0.0000,0.0721,0,2,0.445
30.455,0,1,2,0.0000,0.0000,-0.0723,0.0005,-175.2873,0.0000,0.0000,0.0000,-0.0373,0.0569,-172.8903,0.003,3811,0.0000,0.0000,0.0723,0,2,1.583
30.556,0,1,2,0.0000,0.0000,-0.0726,0.0014,-175.2193,0.0000,0.0000,0.0000,-0.0794,0.0071,-174.0282,0.002,3817,0.0000,0.0000,0.0726,0,2,0.677
30.653,0,1,2,0.0000,0.0000,-0.0722,0.0016,-175.1879,0.0000,0.0000,0.0000,-0.0373,0.0569,-172.8903,0.008,3823,0.0000,0.0000,0.0722,0,2,1.578
30.752,0,1,2,0.0000,0.0000,-0.0727,0.0022,-175.1415,0.0000,0.0000,0.0000,-0.0102,-0.0286,-176.3801,0.008,3829,0.0000,0.0000,0.0728,0,2,0.741
30.853,0,1,2,0.0000,0.0000,-0.0721,0.0018,-175.1091,0.0000,0.0000,0.0000,-0.0101,-0.0286,-176.3782,0.030,3834,0.0000,0.0000,0.0721,0,2,1.560
30.953,0,1,2,0.0000,0.0000,-0.0729,0.0023,-175.0702,0.0000,0.0000,0.0000,-0.0462,-0.0456,-175.4619,0.003,3841,0.0000,0.0000,0.0730,0,2,0.719
31.053,0,1,2,0.0000,0.0000,-0.0720,0.0015,-175.0517,0.0000,0.0000,0.0000,-0.1779,0.0173,-175.3025,0.003,3847,0.0000,0.0000,0.0720,0,2,0.768
31.152,0,1,2,0.0000,0.0000,-0.0735,-0.0009,-175.0906,0.0000,0.0000,0.0000,-0.0101,-0.0286,-176.3793,0.002,3854,0.0000,0.0000,0.0735,0,2,0.760
31.254,0,1,2,0.0000,0.0000,-0.0735,-0.0045,-175.1520,0.0000,0.0000,0.0000,-0.1779,0.0173,-175.3021,0.003,3860,0.0000,0.0000,0.0737,0,2,1.584
31.353,0,1,2,0.0000,0.0000,-0.0740,-0.0036,-175.1057,0.0000,0.0000,0.0000,-0.0452,-0.0455,-175.4678,0.002,3866,0.0000,0.0000,0.0741,0,2,0.756
31.454,0,1,2,0.0000,0.0000,-0.0726,-0.0035,-175.0683,0.0000,0.0000,0.0000,-0.0373,0.0569,-172.8903,0.010,3871,0.0000,0.0000,0.0727,0,2,0.858
31.553,0,1,2,0.0000,0.0000,-0.0734,-0.0032,-175.0445,0.0000,0.0000,0.0000,-0.1779,0.0173,-175.3014,0.026,3876,0.0000,0.0000,0.0735,0,2,0.509
31.656,0,1,2,0.0000,0.0000,-0.0740,-0.0089,-175.1609,0.0000,0.0000,0.0000,-0.1778,0.0173,-175.3018,0.002,3884,0.0000,0.0000,0.0746,0,2,0.529
31.752,0,1,2,0.0000,0.0000,-0.0747,-0.0084,-175.1297,0.0000,0.0000,0.0000,-0.1778,0.0173,-175.3027,0.023,3888,0.0000,0.0000,0.0752,0,2,0.551
31.853,0,1,2,0.0000,0.0000,-0.0746,-0.0116,-175.1916,0.0000,0.0000,0.0000,-0.0373,0.0569,-172.8903,0.009,3895,0.0000,0.0000,0.0755,0,2,0.535
31.955,0,1,2,0.0000,0.0000,-0.0750,-0.0103,-175.1457,0.0000,0.0000,0.0000,-0.0463,-0.0452,-175.4559,0.003,3902,0.0000,0.0000,0.0757,0,2,0.514
32.055,0,1,2,0.0000,0.0000,-0.0736,-0.0098,-175.1067,0.0000,0.0000,0.0000,-0.1778,0.0173,-175.3020,0.003,3908,0.0000,0.0000,0.0742,0,2,0.521
32.153,0,1,2,0.0000,0.0000,-0.0743,-0.0092,-175.0805,0.0000,0.0000,0.0000,-0.1569,-0.3761,173.4881,0.003,3914,0.0000,0.0000,0.0749,0,2,0.508
32.254,0,1,2,0.0000,0.0000,-0.0743,-0.0123,-175.1355,0.0000,0.0000,0.0000,-0.0101,-0.0286,-176.3810,0.030,3918,0.0000,0.0000,0.0753,0,2,0.494
32.353,0,1,2,0.0000,0.0000,-0.0746,-0.0109,-175.0932,0.0000,0.0000,0.0000,-0.0457,-0.0458,-175.4729,0.002,3925,0.0000,0.0000,0.0754,0,2,0.492
32.454,0,1,2,0.0000,0.0000,-0.0736,-0.0110,-175.0710,0.0000,0.0000,0.0000,-0.0373,0.0569,-172.8903,0.003,3931,0.0000,0.0000,0.0744,0,2,0.507
32.552,0,1,2,0.0000,0.0000,-0.0740,-0.0097,-175.0326,0.0000,0.0000,0.0000,-0.0101,-0.0286,-176.3810,0.002,3938,0.0000,0.0000,0.0746,0,2,0.477
32.655,0,1,2,0.0000,0.0000,-0.0726,-0.0093,-174.9973,0.0000,0.0000,0.0000,-0.0373,0.0569,-172.8903,0.012,3943,0.0000,0.0000,0.0732,0,2,0.441
32.755,0,1,2,0.0000,0.0000,-0.0744,-0.0116,-175.0503,0.0000,0.0000,0.0000,-0.0461,-0.0460,-175.4733,0.002,3950,0.0000,0.0000,0.0753,0,2,0.467
32.852,0,1,2,0.0000,0.0000,-0.0733,-0.0116,-175.0346,0.0000,0.0000,0.0000,-0.0373,0.0569,-172.8903,0.003,3955,0.0000,0.0000,0.0742,0,2,0.517
32.953,0,1,2,0.0000,0.0000,-0.0738,-0.0103,-174.9931,0.0000,0.0000,0.0000,-0.1778,0.0173,-175.3016,0.010,3960,0.0000,0.0000,0.0745,0,2,0.573
33.053,0,1,2,0.0000,0.0000,-0.0724,-0.0098,-174.9660,0.0000,0.0000,0.0000,-0.0373,0.0569,-172.8903,0.013,3967,0.0000,0.0000,0.0731,0,2,0.538
33.152,0,1,2,0.0000,0.0000,-0.0729,-0.0096,-174.9445,0.0000,0.0000,0.0000,-0.0461,-0.0460,-175.4732,0.009,3973,0.0000,0.0000,0.0736,0,2,1.564
33.254,0,1,2,0.0000,0.0000,-0.0719,-0.0088,-174.9111,0.0000,0.0000,0.0000,-0.0373,0.0569,-172.8903,0.010,3979,0.0000,0.0000,0.0724,0,2,1.584
33.355,0,1,2,0.0000,0.0000,-0.0719,-0.0088,-174.9051,0.0000,0.0000,0.0000,-0.0461,-0.0460,-175.4695,0.002,3986,0.0000,0.0000,0.0724,0,2,0.466
33.454,0,1,2,0.0000,0.0000,-0.0717,-0.0085,-174.8825,0.0000,0.0000,0.0000,-0.0373,0.0569,-172.8903,0.010,3991,0.0000,0.0000,0.0722,0,2,1.419
33.554,0,1,2,0.0000,0.0000,-0.0722,-0.0073,-174.8494,0.0000,0.0000,0.0000,-0.0101,-0.0286,-176.3818,0.009,3997,0.0000,0.0000,0.0726,0,2,1.702
33.654,0,1,2,0.0000,0.0000,-0.0710,-0.0070,-174.8260,0.0000,0.0000,0.0000,-0.0373,0.0569,-172.8903,0.005,4003,0.0000,0.0000,0.0713,0,2,0.506
33.752,0,1,2,0.0000,0.0000,-0.0718,-0.0065,-174.8115,0.0000,0.0000,0.0000,-0.0795,0.0075,-174.0154,0.002,4010,0.0000,0.0000,0.0721,0,2,0.422
33.854,0,1,2,0.0000,0.0000,-0.0714,-0.0065,-174.7960,0.0000,0.0000,0.0000,-0.0101,-0.0286,-176.3812,0.028,4014,0.0000,0.0000,0.0717,0,2,0.446
33.953,0,1,2,0.0000,0.0000,-0.0707,-0.0059,-174.7892,0.0000,0.0000,0.0000,-0.0100,-0.0286,-176.3812,0.009,4021,0.0000,0.0000,0.0710,0,2,0.465
34.054,0,1,2,0.0000,0.0000,-0.0688,-0.0059,-174.7865,0.0000,0.0000,0.0000,-0.0373,0.0569,-172.8903,0.010,4027,0.0000,0.0000,0.0691,0,2,0.448
34.152,0,1,2,0.0000,0.0000,-0.0682,-0.0058,-174.7814,0.0000,0.0000,0.0000,-0.0101,-0.0286,-176.3821,0.002,4033,0.0000,0.0000,0.0684,0,2,0.436
34.255,0,1,2,0.0000,0.0000,-0.0671,-0.0064,-174.8028,0.0000,0.0000,0.0000,-0.0373,0.0569,-172.8903,0.002,4039,0.0000,0.0000,0.0674,0,2,0.411
34.359,0,1,2,0.0000,0.0000,-0.0662,-0.0058,-174.7849,0.0000,0.0000,0.0000,-0.0100,-0.0286,-176.3812,0.003,4045,0.0000,0.0000,0.0664,0,2,0.446
34.452,0,1,2,0.0000,0.0000,-0.0660,-0.0061,-174.7961,0.0000,0.0000,0.0000,-0.0373,0.0569,-172.8903,0.006,4051,0.0000,0.0000,0.0663,0,2,0.409
34.553,0,1,2,0.0000,0.0000,-0.0689,-0.0051,-174.7460,0.0000,0.0000,0.0000,-0.0100,-0.0286,-176.3817,0.003,4058,0.0000,0.0000,0.0691,0,2,0.399
34.652,0,1,2,0.0000,0.0000,-0.0702,-0.0043,-174.6979,0.0000,0.0000,0.0000,-0.0373,0.0569,-172.8903,0.011,4063,0.0000,0.0000,0.0703,0,2,0.398
34.754,0,1,2,0.0000,0.0000,-0.0725,-0.0042,-174.6748,0.0000,0.0000,0.0000,-0.1798,0.0142,-172.7775,0.002,4070,0.0000,0.0000,0.0726,0,2,0.388
34.854,0,1,2,0.0000,0.0000,-0.0732,-0.0033,-174.6326,0.0000,0.0000,0.0000,-0.0373,0.0569,-172.8903,0.011,4075,0.0000,0.0000,0.0732,0,2,1.419
34.956,0,1,2,0.0000,0.0000,-0.0759,-0.0030,-174.5984,0.0000,0.0000,0.0000,-0.1798,0.0142,-172.7785,0.002,4081,0.0000,0.0000,0.0760,0,2,1.425
35.053,0,1,2,0.0000,0.0000,-0.0762,-0.0029,-174.5833,0.0000,0.0000,0.0000,-0.0100,-0.0286,-176.3811,0.036,4086,0.0000,0.0000,0.0763,0,2,1.637
35.152,0,1,2,0.0000,0.0000,-0.0775,-0.0023,-174.5581,0.0000,0.0000,0.0000,-0.0100,-0.0286,-176.3814,0.006,4093,0.0000,0.0000,0.0776,0,2,1.479
35.253,0,1,2,0.0000,0.0000,-0.0782,-0.0016,-174.5163,0.0000,0.0000,0.0000,-0.0373,0.0569,-172.8903,0.011,4099,0.0000,0.0000,0.0783,0,2,0.966
35.354,0,1,2,0.0000,0.0000,-0.0801,-0.0017,-174.5025,0.0000,0.0000,0.0000,-0.1798,0.0142,-172.7781,0.007,4106,0.0000,0.0000,0.0801,0,2,0.993
35.452,0,1,2,0.0000,0.0000,-0.0804,-0.0009,-174.4653,0.0000,0.0000,0.0000,-0.0373,0.0569,-172.8903,0.011,4111,0.0000,0.0000,0.0804,0,2,0.376
35.553,0,1,2,0.0000,0.0000,-0.0819,-0.0009,-174.4570,0.0000,0.0000,0.0000,-0.1798,0.0142,-172.7796,0.003,4118,0.0000,0.0000,0.0819,0,2,0.385
35.653,0,1,2,0.0000,0.0000,-0.0824,-0.0003,-174.4199,0.0000,0.0000,0.0000,-0.0373,0.0569,-172.8903,0.009,4123,0.0000,0.0000,0.0824,0,2,1.538
35.753,0,1,2,0.0000,0.0000,-0.0838,-0.0003,-174.4082,0.0000,0.0000,0.0000,-0.1693,-0.0235,-176.1798,0.024,4128,0.0000,0.0000,0.0838,0,2,0.514
35.852,0,1,2,0.0000,0.0000,-0.0846,-0.0002,-174.3901,0.0000,0.0000,0.0000,-0.0373,0.0569,-172.8903,0.006,4135,0.0000,0.0000,0.0846,0,2,0.486
35.953,0,1,2,0.0000,0.0000,-0.0854,0.0002,-174.3682,0.0000,0.0000,0.0000,-0.0100,-0.0286,-176.3817,0.003,4142,0.0000,0.0000,0.0854,0,2,0.448
36.054,0,1,2,0.0000,0.0000,-0.0856,0.0008,-174.3341,0.0000,0.0000,0.0000,-0.0373,0.0569,-172.8903,0.016,4147,0.0000,0.0000,0.0856,0,2,0.427
36.152,0,1,2,0.0000,0.0000,-0.0869,0.0007,-174.3307,0.0000,0.0000,0.0000,-0.0100,-0.0286,-176.3822,0.003,4154,0.0000,0.0000,0.0869,0,2,0.445
36.254,0,1,2,0.0000,0.0000,-0.0875,0.0007,-174.3116,0.0000,0.0000,0.0000,-0.1798,0.0142,-172.7802,0.033,4158,0.0000,0.0000,0.0875,0,2,0.495
36.354,0,1,2,0.0000,0.0000,-0.0883,0.0010,-174.2984,0.0000,0.0000,0.0000,-0.1798,0.0142,-172.7793,0.003,4166,0.0000,0.0000,0.0883,0,2,0.457
36.455,0,1,2,0.0000,0.0000,-0.0887,0.0012,-174.2786,0.0000,0.0000,0.0000,-0.0373,0.0569,-172.8903,0.002,4171,0.0000,0.0000,0.0887,0,2,0.489
36.554,0,1,2,0.0000,0.0000,-0.0902,0.0017,-174.2513,0.0000,0.0000,0.0000,-0.0100,-0.0286,-176.3821,0.002,4178,0.0000,0.0000,0.0902,0,2,0.467
36.654,0,1,2,0.0000,0.0000,-0.0893,0.0020,-174.2378,0.0000,0.0000,0.0000,-0.0373,0.0569,-172.8903,0.010,4183,0.0000,0.0000,0.0894,0,2,0.703
36.756,0,1,2,0.0000,0.0000,-0.0912,0.0020,-174.2215,0.0000,0.0000,0.0000,-0.0100,-0.0286,-176.3824,0.002,4190,0.0000,0.0000,0.0913,0,2,1.388
36.853,0,1,2,0.0000,0.0000,-0.0903,0.0023,-174.2106,0.0000,0.0000,0.0000,-0.0373,0.0569,-172.8903,0.009,4195,0.0000,0.0000,0.0903,0,2,0.486
36.953,0,1,2,0.0000,0.0000,-0.0888,0.0015,-174.2106,0.0000,0.0000,0.0000,-0.0373,0.0569,-172.8903,0.039,4198,0.0000,0.0000,0.0888,0,2,0.441
37.053,0,1,2,0.0000,0.0000,-0.0870,0.0015,-174.1993,0.0000,0.0000,0.0000,-0.0373,0.0569,-172.8903,0.011,4204,0.0000,0.0000,0.0870,0,2,0.449
37.153,0,1,2,0.0000,0.0000,-0.0857,0.0011,-174.1920,0.0000,0.0000,0.0000,-0.0373,0.0569,-172.8903,0.045,4207,0.0000,0.0000,0.0857,0,2,0.438
37.254,0,1,2,0.0000,0.0000,-0.0841,0.0001,-174.2022,0.0000,0.0000,0.0000,-0.0100,-0.0286,-176.3834,0.006,4213,0.0000,0.0000,0.0841,0,2,0.579
37.354,0,1,2,0.0000,0.0000,-0.0815,-0.0007,-174.2117,0.0000,0.0000,0.0000,-0.0678,-0.0658,-176.1591,0.011,4217,0.0000,0.0000,0.0815,0,2,1.582
37.455,0,1,2,0.0000,0.0000,-0.0792,-0.0007,-174.2120,0.0000,0.0000,0.0000,-0.0373,0.0569,-172.8903,0.011,4222,0.0000,0.0000,0.0792,0,2,1.527
37.552,0,1,2,0.0000,0.0000,-0.0797,0.0023,-174.1486,0.0000,0.0000,0.0000,-0.0100,-0.0286,-176.3825,0.002,4229,0.0000,0.0000,0.0798,0,2,1.546
37.655,0,1,2,0.0000,0.0000,-0.0786,0.0025,-174.1413,0.0000,0.0000,0.0000,-0.0100,-0.0286,-176.3814,0.040,4233,0.0000,0.0000,0.0787,0,2,1.599
37.755,0,1,2,0.0000,0.0000,-0.0780,0.0048,-174.1015,0.0000,0.0000,0.0000,-0.0678,-0.0658,-176.1606,0.002,4241,0.0000,0.0000,0.0782,0,2,0.538
37.854,0,1,2,0.0000,0.0000,-0.0778,0.0059,-174.0687,0.0000,0.0000,0.0000,-0.0100,-0.0286,-176.3821,0.032,4245,0.0000,0.0000,0.0780,0,2,0.479
37.955,0,1,2,0.0000,0.0000,-0.0779,0.0083,-174.0179,0.0000,0.0000,0.0000,-0.0100,-0.0286,-176.3820,0.002,4253,0.0000,0.0000,0.0783,0,2,0.518
38.055,0,1,2,0.0000,0.0000,-0.0766,0.0093,-173.9973,0.0000,0.0000,0.0000,-0.0373,0.0569,-172.8903,0.015,4258,0.0000,0.0000,0.0772,0,2,1.588
38.154,0,1,2,0.0000,0.0000,-0.0757,0.0091,-174.0042,0.0000,0.0000,0.0000,-0.0101,-0.0286,-176.3888,0.003,4264,0.0000,0.0000,0.0762,0,2,0.940
38.255,0,1,2,0.0000,0.0000,-0.0764,0.0115,-173.9516,0.0000,0.0000,0.0000,-0.0373,0.0569,-172.8903,0.002,4270,0.0000,0.0000,0.0772,0,2,1.592
38.358,0,1,2,0.0000,0.0000,-0.0767,0.0143,-173.8877,0.0000,0.0000,0.0000,-0.0679,-0.0658,-176.1608,0.005,4276,0.0000,0.0000,0.0780,0,2,0.533
38.454,0,1,2,0.0000,0.0000,-0.0754,0.0143,-173.8860,0.0000,0.0000,0.0000,-0.0373,0.0569,-172.8903,0.013,4282,0.0000,0.0000,0.0768,0,2,0.552
38.555,0,1,2,0.0000,0.0000,-0.0761,0.0165,-173.8348,0.0000,0.0000,0.0000,-0.1692,0.1722,-170.1910,0.019,4287,0.0000,0.0000,0.0779,0,2,0.581
38.655,0,1,2,0.0000,0.0000,-0.0749,0.0163,-173.8345,0.0000,0.0000,0.0000,-0.0373,0.0569,-172.8903,0.014,4294,0.0000,0.0000,0.0766,0,2,0.635
38.752,0,1,2,0.0000,0.0000,-0.0750,0.0180,-173.8019,0.0000,0.0000,0.0000,-0.0101,-0.0285,-176.3820,0.009,4300,0.0000,0.0000,0.0771,0,2,0.652
38.853,0,1,2,0.0000,0.0000,-0.0744,0.0181,-173.7872,0.0000,0.0000,0.0000,-0.0373,0.0569,-172.8903,0.011,4306,0.0000,0.0000,0.0766,0,2,0.568
38.953,0,1,2,0.0000,0.0000,-0.0745,0.0189,-173.7743,0.0000,0.0000,0.0000,-0.0679,-0.0659,-176.1589,0.008,4313,0.0000,0.0000,0.0769,0,2,0.568
39.055,0,1,2,0.0000,0.0000,-0.0744,0.0194,-173.7517,0.0000,0.0000,0.0000,-0.0101,-0.0285,-176.3823,0.042,4317,0.0000,0.0000,0.0769,0,2,0.538
39.154,0,1,2,0.0000,0.0000,-0.0741,0.0204,-173.7316,0.0000,0.0000,0.0000,-0.0679,-0.0659,-176.1582,0.005,4325,0.0000,0.0000,0.0769,0,2,0.543
39.252,0,1,2,0.0000,0.0000,-0.0740,0.0209,-173.7117,0.0000,0.0000,0.0000,-0.0373,0.0569,-172.8903,0.003,4330,0.0000,0.0000,0.0769,0,2,0.548
39.354,0,1,2,0.0000,0.0000,-0.0738,0.0218,-173.6940,0.0000,0.0000,0.0000,-0.0679,-0.0659,-176.1591,0.002,4337,0.0000,0.0000,0.0769,0,2,0.558
39.454,0,1,2,0.0000,0.0000,-0.0737,0.0222,-173.6774,0.0000,0.0000,0.0000,-0.0373,0.0569,-172.8903,0.013,4342,0.0000,0.0000,0.0770,0,2,0.536
39.553,0,1,2,0.0000,0.0000,-0.0742,0.0243,-173.6285,0.0000,0.0000,0.0000,-0.0100,-0.0285,-176.3820,0.002,4349,0.0000,0.0000,0.0780,0,2,0.531
39.653,0,1,2,0.0000,0.0000,-0.0731,0.0237,-173.6374,0.0000,0.0000,0.0000,-0.0373,0.0569,-172.8903,0.014,4354,0.0000,0.0000,0.0768,0,2,0.570
39.752,0,1,2,0.0000,0.0000,-0.0730,0.0240,-173.6178,0.0000,0.0000,0.0000,-0.0373,0.0569,-172.8903,0.031,4358,0.0000,0.0000,0.0769,0,2,0.546
39.853,0,1,2,0.0000,0.0000,-0.0731,0.0219,-173.6767,0.0000,0.0000,0.0000,-0.0373,0.0569,-172.8903,0.010,4366,0.0000,0.0000,0.0763,0,2,0.560
39.954,0,1,2,0.0000,0.0000,-0.0740,0.0201,-173.7191,0.0000,0.0000,0.0000,-0.0679,-0.0659,-176.1585,0.011,4372,0.0000,0.0000,0.0767,0,2,0.581
40.052,0,1,2,0.0000,0.0000,-0.0731,0.0190,-173.7441,0.0000,0.0000,0.0000,-0.0373,0.0569,-172.8903,0.010,4378,0.0000,0.0000,0.0756,0,2,0.564
40.152,0,1,2,0.0000,0.0000,-0.0741,0.0182,-173.7688,0.0000,0.0000,0.0000,-0.0100,-0.0286,-176.3831,0.003,4385,0.0000,0.0000,0.0763,0,2,0.540
40.256,0,1,2,0.0000,0.0000,-0.0731,0.0166,-173.8068,0.0000,0.0000,0.0000,-0.0373,0.0569,-172.8903,0.017,4390,0.0000,0.0000,0.0749,0,2,1.580
40.354,0,1,2,0.0000,0.0000,-0.0739,0.0151,-173.8435,0.0000,0.0000,0.0000,-0.0679,-0.0659,-176.1585,0.005,4396,0.0000,0.0000,0.0755,0,2,1.484
40.454,0,1,2,0.0000,0.0000,-0.0733,0.0140,-173.8729,0.0000,0.0000,0.0000,-0.0373,0.0569,-172.8903,0.004,4402,0.0000,0.0000,0.0746,0,2,1.575
40.553,0,1,2,0.0000,0.0000,-0.0732,0.0127,-173.9175,0.0000,0.0000,0.0000,-0.0100,-0.0286,-176.3835,0.003,4409,0.0000,0.0000,0.0743,0,2,1.598
40.653,0,1,2,0.0000,0.0000,-0.0732,0.0121,-173.9273,0.0000,0.0000,0.0000,-0.0100,-0.0286,-176.3843,0.035,4413,0.0000,0.0000,0.0742,0,2,1.586
40.752,0,1,2,0.0000,0.0000,-0.0738,0.0120,-173.9383,0.0000,0.0000,0.0000,-0.0680,-0.0659,-176.1596,0.002,4421,0.0000,0.0000,0.0748,0,2,1.581
40.853,0,1,2,0.0000,0.0000,-0.0728,0.0108,-173.9671,0.0000,0.0000,0.0000,-0.0373,0.0569,-172.8903,0.009,4426,0.0000,0.0000,0.0736,0,2,1.569
40.953,0,1,2,0.0000,0.0000,-0.0732,0.0100,-173.9971,0.0000,0.0000,0.0000,-0.1754,0.0212,-175.1693,0.007,4432,0.0000,0.0000,0.0738,0,2,1.524
41.053,0,1,2,0.0000,0.0000,-0.0728,0.0092,-174.0096,0.0000,0.0000,0.0000,-0.0373,0.0569,-172.8903,0.014,4438,0.0000,0.0000,0.0734,0,2,1.575
41.155,0,1,2,0.0000,0.0000,-0.0737,0.0089,-174.0234,0.0000,0.0000,0.0000,-0.0100,-0.0286,-176.3827,0.002,4444,0.0000,0.0000,0.0742,0,2,0.320
41.253,0,1,2,0.0000,0.0000,-0.0736,0.0077,-174.0455,0.0000,0.0000,0.0000,-0.0373,0.0569,-172.8903,0.003,4450,0.0000,0.0000,0.0740,0,2,1.582
41.352,0,1,2,0.0000,0.0000,-0.0736,0.0075,-174.0656,0.0000,0.0000,0.0000,-0.0100,-0.0286,-176.3833,0.002,4457,0.0000,0.0000,0.0740,0,2,0.716
41.456,0,1,2,0.0000,0.0000,-0.0727,0.0066,-174.0879,0.0000,0.0000,0.0000,-0.1754,0.0212,-175.1688,0.002,4463,0.0000,0.0000,0.0729,0,2,0.681
41.552,0,1,2,0.0000,0.0000,-0.0736,0.0063,-174.1019,0.0000,0.0000,0.0000,-0.0100,-0.0286,-176.3833,0.002,4469,0.0000,0.0000,0.0739,0,2,0.685
41.653,0,1,2,0.0000,0.0000,-0.0726,0.0055,-174.1234,0.0000,0.0000,0.0000,-0.0373,0.0569,-172.8903,0.014,4474,0.0000,0.0000,0.0728,0,2,0.709
41.755,0,1,2,0.0000,0.0000,-0.0729,0.0043,-174.1616,0.0000,0.0000,0.0000,-0.0100,-0.0286,-176.3828,0.002,4481,0.0000,0.0000,0.0730,0,2,1.591
41.857,0,1,2,0.0000,0.0000,-0.0729,0.0040,-174.1655,0.0000,0.0000,0.0000,-0.0100,-0.0286,-176.3833,0.042,4485,0.0000,0.0000,0.0730,0,2,0.725
41.953,0,1,2,0.0000,0.0000,-0.0735,0.0044,-174.1654,0.0000,0.0000,0.0000,-0.0100,-0.0286,-176.3831,0.003,4493,0.0000,0.0000,0.0736,0,2,0.719
42.055,0,1,2,0.0000,0.0000,-0.0728,0.0031,-174.1946,0.0000,0.0000,0.0000,-0.0373,0.0569,-172.8903,0.013,4498,0.0000,0.0000,0.0729,0,2,0.724
42.154,0,1,2,0.0000,0.0000,-0.0728,0.0026,-174.2198,0.0000,0.0000,0.0000,-0.0100,-0.0286,-176.3842,0.008,4505,0.0000,0.0000,0.0729,0,2,0.642
42.253,0,1,2,0.0000,0.0000,-0.0725,0.0028,-174.2092,0.0000,0.0000,0.0000,-0.0373,0.0569,-172.8903,0.013,4510,0.0000,0.0000,0.0725,0,2,0.516
42.354,0,1,2,0.0000,0.0000,-0.0728,0.0018,-174.2431,0.0000,0.0000,0.0000,-0.0679,-0.0658,-176.1579,0.005,4517,0.0000,0.0000,0.0728,0,2,1.559
42.453,0,1,2,0.0000,0.0000,-0.0725,0.0021,-174.2333,0.0000,0.0000,0.0000,-0.0373,0.0569,-172.8903,0.009,4522,0.0000,0.0000,0.0725,0,2,1.563
42.553,0,1,2,0.0000,0.0000,-0.0734,0.0021,-174.2372,0.0000,0.0000,0.0000,-0.1754,0.0212,-175.1685,0.023,4527,0.0000,0.0000,0.0734,0,2,1.584
42.653,0,1,2,0.0000,0.0000,-0.0728,0.0009,-174.2636,0.0000,0.0000,0.0000,-0.0373,0.0569,-172.8903,0.010,4534,0.0000,0.0000,0.0728,0,2,1.563
42.754,0,1,2,0.0000,0.0000,-0.0728,0.0012,-174.2687,0.0000,0.0000,0.0000,-0.0100,-0.0286,-176.3837,0.011,4540,0.0000,0.0000,0.0728,0,2,0.478
42.852,0,1,2,0.0000,0.0000,-0.0724,0.0009,-174.2676,0.0000,0.0000,0.0000,-0.0373,0.0569,-172.8903,0.010,4546,0.0000,0.0000,0.0724,0,2,1.579
42.954,0,1,2,0.0000,0.0000,-0.0727,0.0000,-174.2987,0.0000,0.0000,0.0000,-0.0099,-0.0286,-176.3838,0.005,4553,0.0000,0.0000,0.0727,0,2,1.578
43.054,0,1,2,0.0000,0.0000,-0.0727,-0.0001,-174.2956,0.0000,0.0000,0.0000,-0.0100,-0.0286,-176.3845,0.040,4557,0.0000,0.0000,0.0727,0,2,1.725
43.156,0,1,2,0.0000,0.0000,-0.0733,-0.0002,-174.2997,0.0000,0.0000,0.0000,-0.0099,-0.0286,-176.3837,0.002,4565,0.0000,0.0000,0.0733,0,2,1.546
43.253,0,1,2,0.0000,0.0000,-0.0727,-0.0006,-174.3160,0.0000,0.0000,0.0000,-0.0373,0.0569,-172.8903,0.004,4570,0.0000,0.0000,0.0727,0,2,1.587
43.355,0,1,2,0.0000,0.0000,-0.0733,0.0000,-174.3105,0.0000,0.0000,0.0000,-0.0099,-0.0286,-176.3844,0.004,4577,0.0000,0.0000,0.0733,0,2,0.942
43.455,0,1,2,0.0000,0.0000,-0.0723,-0.0004,-174.3200,0.0000,0.0000,0.0000,-0.0373,0.0569,-172.8903,0.014,4582,0.0000,0.0000,0.0723,0,2,0.937
43.553,0,1,2,0.0000,0.0000,-0.0726,-0.0012,-174.3479,0.0000,0.0000,0.0000,-0.0099,-0.0286,-176.3851,0.003,4589,0.0000,0.0000,0.0726,0,2,0.937
43.653,0,1,2,0.0000,0.0000,-0.0723,-0.0008,-174.3339,0.0000,0.0000,0.0000,-0.0373,0.0569,-172.8903,0.016,4594,0.0000,0.0000,0.0723,0,2,1.599
43.754,0,1,2,0.0000,0.0000,-0.0723,-0.0009,-174.3294,0.0000,0.0000,0.0000,-0.0373,0.0569,-172.8903,0.040,4598,0.0000,0.0000,0.0723,0,2,0.993
43.852,0,1,2,0.0000,0.0000,-0.0727,-0.0017,-174.3605,0.0000,0.0000,0.0000,-0.0373,0.0569,-172.8903,0.008,4606,0.0000,0.0000,0.0727,0,2,1.073
43.955,0,1,2,0.0000,0.0000,-0.0733,-0.0010,-174.3475,0.0000,0.0000,0.0000,-0.1755,0.0212,-175.1692,0.032,4611,0.0000,0.0000,0.0733,0,2,0.989
44.056,0,1,2,0.0000,0.0000,-0.0723,-0.0014,-174.3589,0.0000,0.0000,0.0000,-0.0099,-0.0286,-176.3845,0.008,4618,0.0000,0.0000,0.0723,0,2,1.040
44.154,0,1,2,0.0000,0.0000,-0.0726,-0.0022,-174.3850,0.0000,0.0000,0.0000,-0.0099,-0.0286,-176.3851,0.002,4625,0.0000,0.0000,0.0726,0,2,1.177
44.255,0,1,2,0.0000,0.0000,-0.0723,-0.0017,-174.3680,0.0000,0.0000,0.0000,-0.0373,0.0569,-172.8903,0.013,4630,0.0000,0.0000,0.0723,0,2,1.253
44.353,0,1,2,0.0000,0.0000,-0.0726,-0.0024,-174.3955,0.0000,0.0000,0.0000,-0.0099,-0.0286,-176.3852,0.008,4637,0.0000,0.0000,0.0726,0,2,1.216
44.453,0,1,2,0.0000,0.0000,-0.0726,-0.0025,-174.3897,0.0000,0.0000,0.0000,-0.0680,-0.0658,-176.1569,0.028,4641,0.0000,0.0000,0.0726,0,2,1.565
44.553,0,1,2,0.0000,0.0000,-0.0732,-0.0018,-174.3825,0.0000,0.0000,0.0000,-0.0099,-0.0286,-176.3848,0.003,4649,0.0000,0.0000,0.0732,0,2,1.577
44.654,0,1,2,0.0000,0.0000,-0.0726,-0.0027,-174.4022,0.0000,0.0000,0.0000,-0.1750,0.0214,-175.1824,0.002,4654,0.0000,0.0000,0.0726,0,2,1.567
44.752,0,1,2,0.0000,0.0000,-0.0732,-0.0020,-174.3921,0.0000,0.0000,0.0000,-0.0680,-0.0658,-176.1563,0.006,4661,0.0000,0.0000,0.0732,0,2,1.562
44.855,0,1,2,0.0000,0.0000,-0.0722,-0.0023,-174.3996,0.0000,0.0000,0.0000,-0.0373,0.0569,-172.8903,0.011,4666,0.0000,0.0000,0.0722,0,2,1.581
44.954,0,1,2,0.0000,0.0000,-0.0722,-0.0023,-174.3969,0.0000,0.0000,0.0000,-0.0680,-0.0658,-176.1563,0.007,4672,0.0000,0.0000,0.0722,0,2,1.577
45.055,0,1,2,0.0000,0.0000,-0.0722,-0.0024,-174.4092,0.0000,0.0000,0.0000,-0.0373,0.0569,-172.8903,0.015,4678,0.0000,0.0000,0.0722,0,2,1.580
45.157,0,1,2,0.0000,0.0000,-0.0731,-0.0029,-174.4193,0.0000,0.0000,0.0000,-0.0680,-0.0658,-176.1564,0.002,4684,0.0000,0.0000,0.0732,0,2,1.595
45.252,0,1,2,0.0000,0.0000,-0.0725,-0.0032,-174.4299,0.0000,0.0000,0.0000,-0.0373,0.0569,-172.8903,0.002,4690,0.0000,0.0000,0.0726,0,2,0.926
45.352,0,1,2,0.0000,0.0000,-0.0731,-0.0024,-174.4144,0.0000,0.0000,0.0000,-0.1747,0.0214,-175.1824,0.021,4695,0.0000,0.0000,0.0732,0,2,1.598
45.455,0,1,2,0.0000,0.0000,-0.0721,-0.0028,-174.4214,0.0000,0.0000,0.0000,-0.1746,0.0214,-175.1812,0.002,4703,0.0000,0.0000,0.0722,0,2,0.992
45.552,0,1,2,0.0000,0.0000,-0.0725,-0.0034,-174.4443,0.0000,0.0000,0.0000,-0.0099,-0.0286,-176.3863,0.009,4709,0.0000,0.0000,0.0725,0,2,1.439
45.655,0,1,2,0.0000,0.0000,-0.0721,-0.0029,-174.4270,0.0000,0.0000,0.0000,-0.1745,0.0215,-175.1826,0.003,4715,0.0000,0.0000,0.0722,0,2,1.609
45.754,0,1,2,0.0000,0.0000,-0.0725,-0.0029,-174.4380,0.0000,0.0000,0.0000,-0.0099,-0.0286,-176.3858,0.013,4720,0.0000,0.0000,0.0725,0,2,1.591
45.855,0,1,2,0.0000,0.0000,-0.0724,-0.0035,-174.4442,0.0000,0.0000,0.0000,-0.1745,0.0214,-175.1812,0.002,4726,0.0000,0.0000,0.0725,0,2,1.581
45.954,0,1,2,0.0000,0.0000,-0.0724,-0.0036,-174.4549,0.0000,0.0000,0.0000,-0.0099,-0.0286,-176.3857,0.005,4733,0.0000,0.0000,0.0725,0,2,1.612
46.052,0,1,2,0.0000,0.0000,-0.0724,-0.0036,-174.4500,0.0000,0.0000,0.0000,-0.0373,0.0569,-172.8903,0.003,4738,0.0000,0.0000,0.0725,0,2,1.568
46.156,0,1,2,0.0000,0.0000,-0.0730,-0.0034,-174.4470,0.0000,0.0000,0.0000,-0.0680,-0.0658,-176.1562,0.011,4744,0.0000,0.0000,0.0730,0,2,1.581
46.254,0,1,2,0.0000,0.0000,-0.0720,-0.0031,-174.4427,0.0000,0.0000,0.0000,-0.1743,0.0215,-175.1816,0.002,4751,0.0000,0.0000,0.0721,0,2,1.604
46.353,0,1,2,0.0000,0.0000,-0.0730,-0.0029,-174.4436,0.0000,0.0000,0.0000,-0.0680,-0.0658,-176.1575,0.008,4756,0.0000,0.0000,0.0730,0,2,1.579
46.454,0,1,2,0.0000,0.0000,-0.0720,-0.0032,-174.4473,0.0000,0.0000,0.0000,-0.0373,0.0569,-172.8903,0.009,4762,0.0000,0.0000,0.0721,0,2,1.570
46.552,0,1,2,0.0000,0.0000,-0.0720,-0.0032,-174.4425,0.0000,0.0000,0.0000,-0.1742,0.0215,-175.1813,0.013,4767,0.0000,0.0000,0.0721,0,2,1.553
46.652,0,1,2,0.0000,0.0000,-0.0720,-0.0033,-174.4556,0.0000,0.0000,0.0000,-0.1741,0.0215,-175.1811,0.003,4775,0.0000,0.0000,0.0721,0,2,1.566
46.753,0,1,2,0.0000,0.0000,-0.0729,-0.0037,-174.4620,0.0000,0.0000,0.0000,-0.0680,-0.0658,-176.1557,0.010,4780,0.0000,0.0000,0.0730,0,2,1.572
46.854,0,1,2,0.0000,0.0000,-0.0723,-0.0039,-174.4716,0.0000,0.0000,0.0000,-0.1741,0.0215,-175.1815,0.002,4787,0.0000,0.0000,0.0724,0,2,1.582
46.953,0,1,2,0.0000,0.0000,-0.0729,-0.0031,-174.4580,0.0000,0.0000,0.0000,-0.0099,-0.0286,-176.3848,0.003,4793,0.0000,0.0000,0.0730,0,2,1.585
47.053,0,1,2,0.0000,0.0000,-0.0723,-0.0040,-174.4768,0.0000,0.0000,0.0000,-0.0373,0.0569,-172.8903,0.012,4798,0.0000,0.0000,0.0724,0,2,1.585
47.153,0,1,2,0.0000,0.0000,-0.0729,-0.0032,-174.4622,0.0000,0.0000,0.0000,-0.0099,-0.0286,-176.3846,0.002,4805,0.0000,0.0000,0.0730,0,2,1.581
47.254,0,1,2,0.0000,0.0000,-0.0722,-0.0040,-174.4768,0.0000,0.0000,0.0000,-0.0099,-0.0286,-176.3846,0.039,4809,0.0000,0.0000,0.0724,0,2,1.594
47.352,0,1,2,0.0000,0.0000,-0.0722,-0.0040,-174.4869,0.0000,0.0000,0.0000,-0.0099,-0.0286,-176.3851,0.009,4817,0.0000,0.0000,0.0723,0,2,1.598
47.455,0,1,2,0.0000,0.0000,-0.0722,-0.0040,-174.4828,0.0000,0.0000,0.0000,-0.0373,0.0569,-172.8903,0.004,4822,0.0000,0.0000,0.0723,0,2,0.912
47.556,0,1,2,0.0000,0.0000,-0.0728,-0.0038,-174.4777,0.0000,0.0000,0.0000,-0.0099,-0.0285,-176.3864,0.002,4829,0.0000,0.0000,0.0729,0,2,1.559
47.653,0,1,2,0.0000,0.0000,-0.0719,-0.0035,-174.4731,0.0000,0.0000,0.0000,-0.0373,0.0569,-172.8903,0.009,4834,0.0000,0.0000,0.0720,0,2,1.582
47.752,0,1,2,0.0000,0.0000,-0.0728,-0.0033,-174.4720,0.0000,0.0000,0.0000,-0.0099,-0.0285,-176.3852,0.010,4840,0.0000,0.0000,0.0729,0,2,1.588
47.853,0,1,2,0.0000,0.0000,-0.0719,-0.0035,-174.4739,0.0000,0.0000,0.0000,-0.0373,0.0569,-172.8903,0.009,4846,0.0000,0.0000,0.0720,0,2,1.598
47.953,0,1,2,0.0000,0.0000,-0.0728,-0.0033,-174.4692,0.0000,0.0000,0.0000,-0.1737,0.0215,-175.1814,0.025,4851,0.0000,0.0000,0.0729,0,2,1.487
48.052,0,1,2,0.0000,0.0000,-0.0722,-0.0036,-174.4759,0.0000,0.0000,0.0000,-0.0680,-0.0658,-176.1564,0.002,4857,0.0000,0.0000,0.0723,0,2,1.550
48.153,0,1,2,0.0000,0.0000,-0.0728,-0.0039,-174.4835,0.0000,0.0000,0.0000,-0.0680,-0.0658,-176.1562,0.009,4864,0.0000,0.0000,0.0729,0,2,1.443
48.255,0,1,2,0.0000,0.0000,-0.0722,-0.0042,-174.4911,0.0000,0.0000,0.0000,-0.1742,0.0209,-175.1307,0.003,4871,0.0000,0.0000,0.0723,0,2,0.934
48.353,0,1,2,0.0000,0.0000,-0.0728,-0.0040,-174.4846,0.0000,0.0000,0.0000,-0.0680,-0.0658,-176.1565,0.009,4876,0.0000,0.0000,0.0729,0,2,1.590
48.456,0,1,2,0.0000,0.0000,-0.0719,-0.0037,-174.4758,0.0000,0.0000,0.0000,-0.1749,0.0212,-175.1449,0.002,4883,0.0000,0.0000,0.0720,0,2,0.992
48.556,0,1,2,0.0000,0.0000,-0.0728,-0.0040,-174.4834,0.0000,0.0000,0.0000,-0.0099,-0.0285,-176.3850,0.002,4889,0.0000,0.0000,0.0729,0,2,1.606
48.652,0,1,2,0.0000,0.0000,-0.0722,-0.0042,-174.4911,0.0000,0.0000,0.0000,-0.1750,0.0213,-175.1466,0.002,4894,0.0000,0.0000,0.0723,0,2,1.585
48.755,0,1,2,0.0000,0.0000,-0.0722,-0.0042,-174.5005,0.0000,0.0000,0.0000,-0.0680,-0.0658,-176.1562,0.008,4901,0.0000,0.0000,0.0723,0,2,1.589
48.852,0,1,2,0.0000,0.0000,-0.0722,-0.0042,-174.4950,0.0000,0.0000,0.0000,-0.0373,0.0569,-172.8903,0.009,4906,0.0000,0.0000,0.0723,0,2,1.588
48.953,0,1,2,0.0000,0.0000,-0.0722,-0.0042,-174.5015,0.0000,0.0000,0.0000,-0.0680,-0.0658,-176.1552,0.008,4913,0.0000,0.0000,0.0723,0,2,1.588
49.053,0,1,2,0.0000,0.0000,-0.0719,-0.0037,-174.4823,0.0000,0.0000,0.0000,-0.0373,0.0569,-172.8903,0.016,4918,0.0000,0.0000,0.0720,0,2,1.595
49.151,0,1,2,0.0000,0.0000,-0.0729,-0.0035,-174.4806,0.0000,0.0000,0.0000,-0.0680,-0.0658,-176.1562,0.002,4925,0.0000,0.0000,0.0730,0,2,1.564
49.253,0,1,2,0.0000,0.0000,-0.0719,-0.0037,-174.4824,0.0000,0.0000,0.0000,-0.0373,0.0569,-172.8903,0.010,4930,0.0000,0.0000,0.0720,0,2,0.977
49.352,0,1,2,0.0000,0.0000,-0.0729,-0.0035,-174.4805,0.0000,0.0000,0.0000,-0.1750,0.0213,-175.1464,0.020,4935,0.0000,0.0000,0.0730,0,2,1.590
49.452,0,1,2,0.0000,0.0000,-0.0723,-0.0043,-174.5017,0.0000,0.0000,0.0000,-0.0373,0.0569,-172.8903,0.003,4942,0.0000,0.0000,0.0724,0,2,1.595
49.553,0,1,2,0.0000,0.0000,-0.0723,-0.0043,-174.5101,0.0000,0.0000,0.0000,-0.0099,-0.0285,-176.3852,0.008,4949,0.0000,0.0000,0.0724,0,2,1.555
49.655,0,1,2,0.0000,0.0000,-0.0719,-0.0038,-174.4895,0.0000,0.0000,0.0000,-0.1751,0.0213,-175.1465,0.002,4955,0.0000,0.0000,0.0720,0,2,1.574
49.753,0,1,2,0.0000,0.0000,-0.0729,-0.0035,-174.4884,0.0000,0.0000,0.0000,-0.0099,-0.0285,-176.3846,0.003,4961,0.0000,0.0000,0.0730,0,2,1.579
49.855,0,1,2,0.0000,0.0000,-0.0723,-0.0043,-174.4992,0.0000,0.0000,0.0000,-0.0099,-0.0285,-176.3859,0.042,4965,0.0000,0.0000,0.0724,0,2,1.565
49.952,0,1,2,0.0000,0.0000,-0.0723,-0.0043,-174.5086,0.0000,0.0000,0.0000,-0.0099,-0.0285,-176.3854,0.011,4973,0.0000,0.0000,0.0724,0,2,1.602
50.053,0,1,2,0.0000,0.0000,-0.0723,-0.0043,-174.5024,0.0000,0.0000,0.0000,-0.0373,0.0569,-172.8903,0.003,4978,0.0000,0.0000,0.0724,0,2,1.560
50.154,0,1,2,0.0000,0.0000,-0.0723,-0.0043,-174.5109,0.0000,0.0000,0.0000,-0.0099,-0.0285,-176.3867,0.005,4985,0.0000,0.0000,0.0724,0,2,1.573
50.254,0,1,2,0.0000,0.0000,-0.0720,-0.0038,-174.4902,0.0000,0.0000,0.0000,-0.1751,0.0214,-175.1484,0.002,4991,0.0000,0.0000,0.0721,0,2,1.576
50.353,0,1,2,0.0000,0.0000,-0.0729,-0.0035,-174.4876,0.0000,0.0000,0.0000,-0.0099,-0.0285,-176.3855,0.003,4997,0.0000,0.0000,0.0730,0,2,1.579
50.452,0,1,2,0.0000,0.0000,-0.0720,-0.0038,-174.4876,0.0000,0.0000,0.0000,-0.0373,0.0569,-172.8903,0.015,5002,0.0000,0.0000,0.0721,0,2,1.578
50.553,0,1,2,0.0000,0.0000,-0.0720,-0.0038,-174.4769,0.0000,0.0000,0.0000,-0.0373,0.0569,-172.8903,0.035,5006,0.0000,0.0000,0.0721,0,2,1.562
50.652,0,1,2,0.0000,0.0000,-0.0723,-0.0043,-174.5015,0.0000,0.0000,0.0000,-0.0373,0.0569,-172.8903,0.010,5014,0.0000,0.0000,0.0725,0,2,1.601
50.754,0,1,2,0.0000,0.0000,-0.0730,-0.0036,-174.4820,0.0000,0.0000,0.0000,-0.1751,0.0214,-175.1486,0.038,5019,0.0000,0.0000,0.0730,0,2,1.598
50.854,0,1,2,0.0000,0.0000,-0.0729,-0.0041,-174.4883,0.0000,0.0000,0.0000,-0.0099,-0.0285,-176.3865,0.003,5026,0.0000,0.0000,0.0730,0,2,1.533
50.954,0,1,2,0.0000,0.0000,-0.0729,-0.0041,-174.4938,0.0000,0.0000,0.0000,-0.0680,-0.0657,-176.1562,0.016,5032,0.0000,0.0000,0.0730,0,2,1.575
51.056,0,1,2,0.0000,0.0000,-0.0729,-0.0036,-174.4906,0.0000,0.0000,0.0000,-0.1752,0.0214,-175.1485,0.002,5039,0.0000,0.0000,0.0730,0,2,1.569
51.158,0,2,0,0.0000,0.0000,-0.0723,-0.0044,-174.5072,0.0000,0.0000,0.0000,-0.0680,-0.0657,-176.1570,0.006,5045,0.0000,0.0000,0.0725,0,2,1.409
51.254,0,2,0,0.0000,0.0000,-0.0717,-0.0043,-174.5173,0.0000,0.0000,0.0000,-0.0373,0.0569,-172.8903,0.003,5050,-0.0575,0.0000,0.0719,0,2,1.570
51.355,0,2,1,0.6167,0.0000,-0.0643,-0.0038,-174.8416,0.0000,0.0000,0.0000,-0.0098,-0.0292,-176.4328,0.007,5057,-0.0998,0.0055,0.6810,0,2,1.064
51.453,0,2,1,0.6167,0.0000,-0.0562,-0.0024,-174.9816,0.0000,0.0000,0.0000,-0.1672,0.0251,-175.4158,0.006,5062,-0.0998,0.0057,0.6728,0,2,1.592
51.553,0,2,1,0.6167,0.0000,-0.0461,-0.0023,-175.3297,0.0000,0.0000,0.0000,0.0200,-0.0169,-177.4334,0.011,5069,-0.0998,0.0057,0.6627,0,2,0.895
51.653,0,2,1,0.6167,0.0000,-0.0360,-0.0016,-175.5210,0.0000,0.0000,0.0000,-0.1277,0.1112,-173.0886,0.003,5075,-0.0998,0.0058,0.6527,0,2,0.830
51.753,0,2,1,0.6167,0.0000,-0.0262,-0.0012,-175.5075,0.0000,0.0000,0.0000,-0.0377,-0.0568,-176.9336,0.009,5079,-0.0998,0.0059,0.6429,0,2,0.817
51.852,0,2,1,0.6167,0.0000,-0.0163,-0.0009,-175.6919,0.0000,0.0000,0.0000,0.0371,0.0375,-173.0632,0.010,5086,-0.0998,0.0059,0.6330,0,2,0.845
51.952,0,2,1,0.6167,0.0000,-0.0083,0.0000,-175.8684,0.0000,0.0000,0.0000,-0.0188,-0.0596,-177.2487,0.003,5092,-0.0998,0.0060,0.6249,0,2,0.803
52.053,0,2,1,0.6167,0.0000,0.0031,-0.0002,-175.9189,0.0000,0.0000,0.0000,0.0465,-0.0371,-177.5185,0.009,5097,-0.0998,0.0060,0.6136,0,2,0.818
52.155,0,2,1,0.6167,0.0000,0.0127,0.0000,-175.8753,0.0000,0.0000,0.0000,-0.0919,0.0298,-176.3938,0.023,5103,-0.0998,0.0060,0.6040,0,2,0.912
52.253,0,2,1,0.6167,0.0000,0.0220,-0.0013,-176.0566,0.0000,0.0000,0.0000,-0.0874,0.0303,-176.3866,0.003,5111,-0.0998,0.0058,0.5947,0,2,0.816
52.353,0,2,1,0.6167,0.0000,0.0319,-0.0014,-176.1891,0.0000,0.0000,0.0000,0.0705,-0.0486,-177.5151,0.011,5117,-0.0998,0.0058,0.5848,0,2,0.839
52.452,0,2,1,0.6167,0.0000,0.0429,-0.0015,-176.0661,0.0000,0.0000,0.0000,0.1271,0.0156,-172.8884,0.009,5122,-0.0998,0.0058,0.5738,0,2,0.875
52.552,0,2,1,0.6167,0.0000,0.0516,-0.0007,-176.1936,0.0000,0.0000,0.0000,0.0428,-0.0634,-177.4861,0.008,5129,-0.0998,0.0059,0.5651,0,2,0.890
52.655,0,2,1,0.6167,0.0000,0.0619,-0.0011,-176.0867,0.0000,0.0000,0.0000,-0.0436,0.0384,-176.3422,0.002,5134,-0.0998,0.0058,0.5548,0,2,0.938
52.752,0,2,1,0.6167,0.0000,0.0719,-0.0022,-176.3038,0.0000,0.0000,0.0000,0.0614,-0.0668,-177.7949,0.009,5141,-0.0998,0.0056,0.5448,0,2,1.689
52.853,0,2,1,0.6167,0.0000,0.0810,-0.0029,-176.1519,0.0000,0.0000,0.0000,0.1767,0.0088,-172.7605,0.003,5146,-0.0999,0.0055,0.5356,0,2,1.583
52.953,0,2,1,0.6167,0.0000,0.0905,-0.0032,-176.2363,0.0000,0.0000,0.0000,0.1283,-0.0518,-177.5992,0.002,5153,-0.0999,0.0054,0.5262,0,2,1.636
53.055,0,2,1,0.6167,0.0000,0.1030,-0.0047,-176.1844,0.0000,0.0000,0.0000,-0.0071,0.0347,-176.6357,0.002,5159,-0.0999,0.0051,0.5137,0,2,1.687
53.155,0,2,1,0.6167,0.0000,0.1121,-0.0054,-176.2848,0.0000,0.0000,0.0000,0.1434,-0.0564,-177.5099,0.003,5165,-0.0999,0.0049,0.5046,0,2,1.664
53.252,0,2,1,0.6167,0.0000,0.1236,-0.0064,-176.2225,0.0000,0.0000,0.0000,0.2347,-0.0046,-172.2250,0.013,5170,-0.0999,0.0047,0.4931,0,2,1.630
53.353,0,2,1,0.6167,0.0000,0.1342,-0.0079,-176.3375,0.0000,0.0000,0.0000,0.0915,-0.0349,-178.7014,0.011,5175,-0.0999,0.0044,0.4825,0,2,1.662
53.454,0,2,1,0.6167,0.0000,0.1454,-0.0093,-176.1311,0.0000,0.0000,0.0000,0.2696,-0.0106,-171.7524,0.013,5182,-0.0999,0.0040,0.4714,0,2,1.629
53.555,0,2,1,0.6167,0.0000,0.1557,-0.0115,-176.3274,0.0000,0.0000,0.0000,0.1477,-0.0824,-178.1052,0.016,5188,-0.0999,0.0035,0.4611,0,2,1.606
53.654,0,2,1,0.6167,0.0000,0.1678,-0.0132,-176.3517,0.0000,0.0000,0.0000,0.3056,-0.0176,-171.4340,0.015,5194,-0.1000,0.0031,0.4490,0,2,1.660
53.754,0,2,1,0.6167,0.0000,0.1787,-0.0156,-176.3626,0.0000,0.0000,0.0000,0.1653,-0.0756,-178.0087,0.002,5201,-0.1000,0.0027,0.4383,0,2,1.640
53.854,0,2,1,0.6167,0.0000,0.1905,-0.0165,-176.2175,0.0000,0.0000,0.0000,0.3289,-0.0189,-171.1556,0.012,5206,-0.1000,0.0021,0.4264,0,2,1.621
53.953,0,2,1,0.6167,0.0000,0.2005,-0.0188,-176.3137,0.0000,0.0000,0.0000,0.1839,-0.0728,-177.7789,0.005,5213,-0.1000,0.0016,0.4166,0,2,1.568
54.053,0,2,1,0.6167,0.0000,0.2101,-0.0198,-176.3283,0.0000,0.0000,0.0000,0.3570,-0.0205,-170.8961,0.008,5218,-0.1000,0.0012,0.4071,0,2,1.298
54.152,0,2,1,0.6167,0.0000,0.2222,-0.0220,-176.3651,0.0000,0.0000,0.0000,0.2271,-0.0672,-176.9794,0.013,5225,-0.1000,0.0004,0.3951,0,2,1.606
54.256,0,2,1,0.6167,0.0000,0.2326,-0.0228,-176.1924,0.0000,0.0000,0.0000,0.1457,-0.0796,-179.8239,0.002,5230,-0.1000,0.0001,0.3847,0,2,1.591
54.353,0,2,1,0.6167,0.0000,0.2435,-0.0251,-176.2898,0.0000,0.0000,0.0000,0.2402,-0.0704,-176.6870,0.013,5237,-0.1000,-0.0007,0.3740,0,2,1.595
54.452,0,2,1,0.6167,0.0000,0.2557,-0.0258,-176.3303,0.0000,0.0000,0.0000,0.4260,-0.0297,-169.9949,0.012,5242,-0.1000,-0.0011,0.3619,0,2,1.562
54.555,0,2,1,0.6167,0.0000,0.2662,-0.0268,-176.3366,0.0000,0.0000,0.0000,0.2648,-0.0650,-177.1017,0.014,5247,-0.1000,-0.0015,0.3515,0,2,1.566
54.654,0,2,1,0.6167,0.0000,0.2773,-0.0287,-176.2905,0.0000,0.0000,0.0000,0.4554,-0.0363,-169.6612,0.013,5254,-0.1000,-0.0024,0.3406,0,2,1.552
54.757,0,2,1,0.6167,0.0000,0.2865,-0.0305,-176.4375,0.0000,0.0000,0.0000,0.2671,-0.0787,-178.0250,0.002,5260,-0.1000,-0.0031,0.3315,0,2,1.541
54.853,0,2,1,0.6167,0.0000,0.2958,-0.0311,-176.4307,0.0000,0.0000,0.0000,0.5129,-0.0438,-168.8101,0.003,5266,-0.0999,-0.0037,0.3224,0,2,1.542
54.955,0,2,1,0.6167,0.0000,0.3075,-0.0333,-176.3674,0.0000,0.0000,0.0000,0.2872,-0.0746,-176.5259,0.002,5273,-0.0999,-0.0047,0.3110,0,2,1.519
55.052,0,2,1,0.6167,0.0000,0.3168,-0.0342,-176.3241,0.0000,0.0000,0.0000,0.5279,-0.0433,-168.6768,0.010,5278,-0.0999,-0.0054,0.3018,0,2,1.505
55.152,0,2,1,0.6167,0.0000,0.3284,-0.0362,-176.3720,0.0000,0.0000,0.0000,0.3085,-0.0808,-178.2083,0.011,5285,-0.0998,-0.0065,0.2906,0,2,1.518
55.254,0,2,1,0.6167,0.0000,0.3360,-0.0346,-176.4001,0.0000,0.0000,0.0000,0.2048,-0.1234,178.7107,0.003,5291,-0.0998,-0.0062,0.2828,0,2,1.452
55.354,0,2,1,0.6167,0.0000,0.3438,-0.0353,-176.4205,0.0000,0.0000,0.0000,0.3282,-0.0760,-177.9784,0.008,5297,-0.0998,-0.0067,0.2751,0,2,1.485
55.452,0,2,1,0.6167,0.0000,0.3521,-0.0346,-176.4019,0.0000,0.0000,0.0000,0.3349,-0.0752,-177.9732,0.039,5301,-0.0998,-0.0070,0.2668,0,2,1.481
55.553,0,2,1,0.6167,0.0000,0.3590,-0.0343,-176.4007,0.0000,0.0000,0.0000,0.3395,-0.0703,-176.2873,0.005,5309,-0.0998,-0.0070,0.2599,0,2,1.474
55.654,0,2,1,0.6167,0.0000,0.3673,-0.0324,-176.4470,0.0000,0.0000,0.0000,0.3656,0.0956,-175.8039,0.019,5314,-0.0998,-0.0069,0.2515,0,2,1.452
55.754,0,2,1,0.6167,0.0000,0.3777,-0.0284,-176.2935,0.0000,0.0000,0.0000,0.3681,-0.0721,-177.7897,0.008,5321,-0.0998,-0.0056,0.2406,0,2,1.438
55.853,0,2,1,0.6167,0.0000,0.3878,-0.0242,-176.2043,0.0000,0.0000,0.0000,0.3905,0.0943,-175.6168,0.014,5326,-0.0999,-0.0045,0.2301,0,2,1.436
55.954,0,2,1,0.6167,0.0000,0.3981,-0.0204,-176.2069,0.0000,0.0000,0.0000,0.3893,-0.0704,-177.7886,0.002,5333,-0.1000,-0.0031,0.2195,0,2,1.445
56.054,0,2,1,0.6167,0.0000,0.4081,-0.0171,-176.1395,0.0000,0.0000,0.0000,0.4027,0.1022,-175.8257,0.012,5338,-0.1000,-0.0022,0.2093,0,2,1.418
56.153,0,2,1,0.6167,0.0000,0.4150,-0.0188,-176.2237,0.0000,0.0000,0.0000,0.2827,-0.1544,178.2839,0.011,5343,-0.0999,-0.0033,0.2026,0,2,1.404
56.252,0,2,1,0.6167,0.0000,0.4243,-0.0160,-176.2280,0.0000,0.0000,0.0000,0.4159,0.1084,-176.0734,0.015,5350,-0.1000,-0.0023,0.1930,0,2,1.405
56.354,0,2,1,0.6167,0.0000,0.4348,-0.0129,-176.2882,0.0000,0.0000,0.0000,0.4092,-0.0581,-176.0795,0.006,5357,-0.1000,-0.0011,0.1823,0,2,1.374
56.455,0,2,1,0.6167,0.0000,0.4448,-0.0093,-176.1504,0.0000,0.0000,0.0000,0.4299,0.1148,-176.3974,0.014,5362,-0.1000,-0.0001,0.1722,0,2,1.396
56.552,0,2,1,0.6167,0.0000,0.4548,-0.0068,-176.1864,0.0000,0.0000,0.0000,0.4188,-0.0604,-175.7438,0.005,5369,-0.1000,0.0018,0.1620,0,2,1.366
56.655,0,2,1,0.6167,0.0000,0.4634,-0.0072,-176.1698,0.0000,0.0000,0.0000,0.5184,0.1414,-174.0862,0.002,5374,-0.1000,0.0013,0.1534,0,2,1.368
56.754,0,2,1,0.6167,0.0000,0.4720,-0.0064,-176.2548,0.0000,0.0000,0.0000,0.4289,-0.0618,-175.4340,0.008,5381,-0.1000,0.0024,0.1448,0,2,1.344
56.856,0,2,1,0.6167,0.0000,0.4802,-0.0057,-176.1667,0.0000,0.0000,0.0000,0.4541,0.1248,-176.8936,0.002,5386,-0.1000,0.0009,0.1365,0,2,1.345
56.954,0,2,1,0.6167,0.0000,0.4902,-0.0036,-176.2146,0.0000,0.0000,0.0000,0.4402,-0.0629,-175.1339,0.014,5393,-0.1000,0.0031,0.1265,0,2,1.347
57.055,0,2,1,0.6167,0.0000,0.4998,-0.0008,-176.1407,0.0000,0.0000,0.0000,0.4279,-0.0829,-179.7240,0.002,5399,-0.0940,0.0050,0.1168,0,2,1.321
57.152,0,2,1,0.6167,0.0000,0.5082,-0.0012,-176.2783,0.0000,0.0000,0.0000,0.4705,-0.0542,-175.7023,0.012,5405,-0.0867,0.0042,0.1085,0,2,1.298
57.252,0,2,1,0.6167,0.0000,0.5167,0.0016,-176.3277,0.0000,0.0000,0.0000,0.4925,0.1281,-177.1221,0.011,5410,-0.0798,0.0060,0.1000,0,2,1.303
57.353,0,2,1,0.6167,0.0000,0.5241,0.0020,-176.2469,0.0000,0.0000,0.0000,0.4565,-0.0726,-179.7604,0.014,5415,-0.0740,0.0067,0.0926,0,2,1.275
57.455,0,2,1,0.6167,0.0000,0.5305,0.0017,-176.1579,0.0000,0.0000,0.0000,0.5030,0.1299,-177.4014,0.015,5422,-0.0687,0.0055,0.0862,0,2,1.279
57.553,0,2,1,0.6167,0.0000,0.5371,0.0033,-176.3967,0.0000,0.0000,0.0000,0.4804,-0.0635,-179.1692,0.037,5427,-0.0634,0.0065,0.0797,0,2,1.278
57.657,0,2,1,0.6167,0.0000,0.5428,0.0041,-176.3996,0.0000,0.0000,0.0000,0.4886,-0.0607,-175.3221,0.009,5434,0.0000,0.0000,0.0740,0,2,1.275
57.754,0,2,1,0.6167,0.0000,0.5455,0.0060,-176.2319,0.0000,0.0000,0.0000,0.4945,-0.0599,-175.1751,0.002,5441,0.0000,0.0000,0.0714,0,2,1.276
57.853,0,2,1,0.6167,0.0000,0.5452,0.0078,-176.2196,0.0000,0.0000,0.0000,0.5178,0.1336,-177.7301,0.013,5446,0.0000,0.0000,0.0719,0,2,1.253
57.953,0,2,1,0.6167,0.0000,0.5457,0.0088,-176.1758,0.0000,0.0000,0.0000,0.4970,-0.0600,-175.1107,0.015,5453,0.0000,0.0000,0.0715,0,2,0.252
58.052,0,2,1,0.6167,0.0000,0.5459,0.0099,-176.1455,0.0000,0.0000,0.0000,0.5179,0.1336,-177.7335,0.003,5458,0.0000,0.0000,0.0714,0,2,1.257
58.154,0,2,1,0.6167,0.0000,0.5461,0.0113,-176.1217,0.0000,0.0000,0.0000,0.4970,-0.0600,-175.1129,0.005,5465,0.0000,0.0000,0.0714,0,2,1.280
58.255,0,2,1,0.6167,0.0000,0.5462,0.0120,-176.0991,0.0000,0.0000,0.0000,0.6060,0.1555,-174.0903,0.002,5470,0.0000,0.0000,0.0715,0,2,1.259
58.352,0,2,1,0.6167,0.0000,0.5461,0.0144,-176.0605,0.0000,0.0000,0.0000,0.5714,-0.1070,-178.6408,0.006,5477,0.0000,0.0000,0.0720,0,2,0.117
58.454,0,2,1,0.6167,0.0000,0.5461,0.0150,-176.0682,0.0000,0.0000,0.0000,0.5179,0.1336,-177.7348,0.017,5482,0.0000,0.0000,0.0721,0,2,1.277
58.554,0,2,1,0.6167,0.0000,0.5465,0.0150,-176.0479,0.0000,0.0000,0.0000,0.6060,0.1555,-174.0903,0.005,5489,0.0000,0.0000,0.0718,0,2,1.266
58.653,0,2,1,0.6167,0.0000,0.5462,0.0166,-176.0358,0.0000,0.0000,0.0000,0.5179,0.1336,-177.7348,0.014,5494,0.0000,0.0000,0.0724,0,2,1.269
58.753,0,2,1,0.6167,0.0000,0.5468,0.0184,-176.0003,0.0000,0.0000,0.0000,0.4971,-0.0600,-175.1130,0.003,5500,0.0000,0.0000,0.0723,1,3,1.260
58.853,0,2,1,0.6167,0.0000,0.5465,0.0171,-175.9965,0.0000,0.0000,0.0000,0.5179,0.1336,-177.7346,0.006,5506,0.0000,0.0000,0.0722,1,3,1.273
58.953,0,2,1,0.6167,0.0000,0.5469,0.0189,-175.9890,0.0000,0.0000,0.0000,0.5670,-0.0988,-178.4549,0.018,5512,0.0000,0.0000,0.0722,1,3,1.266
59.054,0,2,1,0.6167,0.0000,0.5461,0.0198,-175.9730,0.0000,0.0000,0.0000,0.6060,0.1554,-174.0924,0.002,5519,0.0000,0.0000,0.0733,1,3,1.267
59.155,0,2,1,0.6167,0.0000,0.5471,0.0201,-175.9652,0.0000,0.0000,0.0000,0.4971,-0.0600,-175.1140,0.002,5525,0.0000,0.0000,0.0725,1,3,1.276
59.253,0,2,1,0.6167,0.0000,0.5464,0.0206,-175.9614,0.0000,0.0000,0.0000,0.5179,0.1336,-177.7351,0.017,5530,0.0000,0.0000,0.0732,1,3,1.265
59.352,0,2,1,0.6167,0.0000,0.5469,0.0198,-175.9507,0.0000,0.0000,0.0000,0.4971,-0.0600,-175.1145,0.010,5537,0.0000,0.0000,0.0725,1,3,1.268
59.454,0,2,1,0.6167,0.0000,0.5470,0.0200,-175.9407,0.0000,0.0000,0.0000,0.4971,-0.0600,-175.1142,0.031,5541,0.0000,0.0000,0.0724,1,3,1.264
59.552,0,2,1,0.6167,0.0000,0.5473,0.0203,-175.9450,0.0000,0.0000,0.0000,0.4971,-0.0600,-175.1149,0.011,5549,0.0000,0.0000,0.0723,1,3,1.268
59.652,0,2,1,0.6167,0.0000,0.5473,0.0204,-175.9353,0.0000,0.0000,0.0000,0.4971,-0.0600,-175.1145,0.039,5553,0.0000,0.0000,0.0723,1,3,1.265
59.754,0,2,1,0.6167,0.0000,0.5475,0.0206,-175.9395,0.0000,0.0000,0.0000,0.4971,-0.0600,-175.1146,0.010,5561,0.0000,0.0000,0.0721,1,3,1.268
59.853,0,2,1,0.6167,0.0000,0.5474,0.0217,-175.9420,0.0000,0.0000,0.0000,0.5180,0.1336,-177.7358,0.012,5566,0.0000,0.0000,0.0726,1,3,1.270
59.953,0,2,1,0.6167,0.0000,0.5468,0.0200,-175.9415,0.0000,0.0000,0.0000,0.4971,-0.0600,-175.1147,0.014,5573,0.0000,0.0000,0.0727,1,3,1.264
60.053,0,2,1,0.6167,0.0000,0.5461,0.0207,-175.9452,0.0000,0.0000,0.0000,0.5180,0.1336,-177.7358,0.012,5578,0.0000,0.0000,0.0735,1,3,1.272
60.153,0,2,1,0.6167,0.0000,0.5462,0.0204,-175.9405,0.0000,0.0000,0.0000,0.5966,0.0280,-176.2779,0.015,5583,0.0000,0.0000,0.0734,1,3,1.262
60.255,0,2,1,0.6167,0.0000,0.5449,0.0197,-175.9458,0.0000,0.0000,0.0000,0.5966,0.0280,-176.2779,0.002,5591,0.0000,0.0000,0.0744,1,3,1.269
60.355,0,2,1,0.6167,0.0000,0.5449,0.0188,-175.9492,0.0000,0.0000,0.0000,0.4971,-0.0600,-175.1149,0.002,5597,0.0000,0.0000,0.0741,1,3,1.265
60.454,0,2,1,0.6167,0.0000,0.5442,0.0178,-175.9382,0.0000,0.0000,0.0000,0.5180,0.1336,-177.7360,0.013,5602,0.0000,0.0000,0.0747,1,3,1.269
60.552,0,2,1,0.6167,0.0000,0.5436,0.0173,-175.9456,0.0000,0.0000,0.0000,0.4971,-0.0600,-175.1158,0.013,5609,0.0000,0.0000,0.0751,1,3,1.269
60.653,0,2,1,0.6167,0.0000,0.5430,0.0182,-175.9495,0.0000,0.0000,0.0000,0.5966,0.0280,-176.2779,0.002,5615,0.0000,0.0000,0.0758,1,3,1.268
60.753,0,2,1,0.6167,0.0000,0.5431,0.0174,-175.9510,0.0000,0.0000,0.0000,0.5326,-0.0553,-177.2042,0.009,5620,0.0000,0.0000,0.0756,1,3,1.271
60.852,0,2,1,0.6167,0.0000,0.5424,0.0165,-175.9355,0.0000,0.0000,0.0000,0.5326,-0.0553,-177.2061,0.031,5625,0.0000,0.0000,0.0760,1,3,1.277
60.953,0,2,1,0.6167,0.0000,0.5420,0.0161,-175.9461,0.0000,0.0000,0.0000,0.5326,-0.0553,-177.2046,0.008,5633,0.0000,0.0000,0.0764,1,3,1.272
61.052,0,2,1,0.6167,0.0000,0.5415,0.0170,-175.9508,0.0000,0.0000,0.0000,0.5180,0.1336,-177.7358,0.015,5638,0.0000,0.0000,0.0771,1,3,1.275
61.154,0,2,1,0.6167,0.0000,0.5413,0.0155,-175.9465,0.0000,0.0000,0.0000,0.5326,-0.0553,-177.2055,0.009,5645,0.0000,0.0000,0.0770,1,3,1.278
61.253,0,2,1,0.6167,0.0000,0.5409,0.0165,-175.9523,0.0000,0.0000,0.0000,0.5180,0.1336,-177.7358,0.019,5650,0.0000,0.0000,0.0776,1,3,1.265
61.353,0,2,1,0.6167,0.0000,0.5403,0.0156,-175.9397,0.0000,0.0000,0.0000,0.5966,0.0280,-176.2779,0.005,5656,0.0000,0.0000,0.0780,1,3,1.272
61.453,0,2,1,0.6167,0.0000,0.5403,0.0160,-175.9519,0.0000,0.0000,0.0000,0.5180,0.1336,-177.7357,0.019,5662,0.0000,0.0000,0.0780,1,3,1.263
61.554,0,2,1,0.6167,0.0000,0.5406,0.0153,-175.9557,0.0000,0.0000,0.0000,0.5326,-0.0552,-177.2071,0.010,5668,0.0000,0.0000,0.0776,1,3,1.255
61.652,0,2,1,0.6167,0.0000,0.5400,0.0144,-175.9423,0.0000,0.0000,0.0000,0.5180,0.1336,-177.7357,0.007,5674,0.0000,0.0000,0.0780,1,3,1.273
61.752,0,2,1,0.6167,0.0000,0.5401,0.0149,-175.9572,0.0000,0.0000,0.0000,0.4972,-0.0600,-175.1155,0.002,5681,0.0000,0.0000,0.0780,1,3,1.269
61.853,0,2,1,0.6167,0.0000,0.5394,0.0152,-175.9533,0.0000,0.0000,0.0000,0.5180,0.1336,-177.7357,0.012,5686,0.0000,0.0000,0.0788,1,3,1.269
61.953,0,2,1,0.6167,0.0000,0.5393,0.0138,-175.9506,0.0000,0.0000,0.0000,0.4972,-0.0600,-175.1163,0.013,5693,0.0000,0.0000,0.0786,1,3,1.271
62.054,0,2,1,0.6167,0.0000,0.5390,0.0148,-175.9548,0.0000,0.0000,0.0000,0.5180,0.1336,-177.7359,0.016,5698,0.0000,0.0000,0.0791,1,3,1.275
62.153,0,2,1,0.6167,0.0000,0.5390,0.0135,-175.9515,0.0000,0.0000,0.0000,0.4972,-0.0600,-175.1167,0.008,5705,0.0000,0.0000,0.0789,1,3,1.276
62.255,0,2,1,0.6167,0.0000,0.5388,0.0135,-175.9444,0.0000,0.0000,0.0000,0.5966,0.0280,-176.2775,0.002,5710,0.0000,0.0000,0.0790,1,3,1.255
62.353,0,2,1,0.6167,0.0000,0.5386,0.0133,-175.9529,0.0000,0.0000,0.0000,0.4972,-0.0600,-175.1179,0.015,5717,0.0000,0.0000,0.0792,1,3,1.285
62.453,0,2,1,0.6167,0.0000,0.5383,0.0143,-175.9591,0.0000,0.0000,0.0000,0.5966,0.0280,-176.2771,0.003,5723,0.0000,0.0000,0.0796,1,3,1.263
62.552,0,2,1,0.6167,0.0000,0.5387,0.0138,-175.9616,0.0000,0.0000,0.0000,0.4972,-0.0600,-175.1170,0.009,5729,0.0000,0.0000,0.0792,1,3,1.269
62.654,0,2,1,0.6167,0.0000,0.5380,0.0141,-175.9553,0.0000,0.0000,0.0000,0.5180,0.1336,-177.7356,0.016,5734,0.0000,0.0000,0.0799,1,3,1.267
62.753,0,2,1,0.6167,0.0000,0.5381,0.0129,-175.9523,0.0000,0.0000,0.0000,0.5326,-0.0552,-177.2056,0.003,5741,0.0000,0.0000,0.0796,1,3,1.274
62.853,0,2,1,0.6167,0.0000,0.5378,0.0139,-175.9555,0.0000,0.0000,0.0000,0.5180,0.1336,-177.7356,0.014,5746,0.0000,0.0000,0.0801,1,3,1.267
62.952,0,2,1,0.6167,0.0000,0.5383,0.0139,-175.9476,0.0000,0.0000,0.0000,0.5966,0.0280,-176.2771,0.021,5751,0.0000,0.0000,0.0796,1,3,1.275
63.055,0,2,1,0.6167,0.0000,0.5376,0.0136,-175.9549,0.0000,0.0000,0.0000,0.5966,0.0280,-176.2771,0.002,5759,0.0000,0.0000,0.0802,1,3,1.283
63.153,0,2,1,0.6167,0.0000,0.5376,0.0124,-175.9493,0.0000,0.0000,0.0000,0.4972,-0.0600,-175.1171,0.008,5765,0.0000,0.0000,0.0800,1,3,1.264
63.251,0,2,1,0.6167,0.0000,0.5376,0.0124,-175.9417,0.0000,0.0000,0.0000,0.5180,0.1336,-177.7356,0.014,5770,0.0000,0.0000,0.0801,1,3,1.275
63.353,0,2,1,0.6167,0.0000,0.5375,0.0123,-175.9456,0.0000,0.0000,0.0000,0.4972,-0.0600,-175.1176,0.009,5777,0.0000,0.0000,0.0802,1,3,1.271
63.456,0,2,1,0.6167,0.0000,0.5374,0.0122,-175.9380,0.0000,0.0000,0.0000,0.4972,-0.0600,-175.1170,0.043,5781,0.0000,0.0000,0.0802,1,3,1.280
63.553,0,2,1,0.6167,0.0000,0.5373,0.0122,-175.9460,0.0000,0.0000,0.0000,0.4972,-0.0600,-175.1182,0.002,5789,0.0000,0.0000,0.0803,1,3,1.257
63.654,0,2,1,0.6167,0.0000,0.5371,0.0133,-175.9497,0.0000,0.0000,0.0000,0.5966,0.0280,-176.2771,0.002,5795,0.0000,0.0000,0.0807,1,3,1.269
63.753,0,2,1,0.6167,0.0000,0.5371,0.0121,-175.9458,0.0000,0.0000,0.0000,0.5326,-0.0552,-177.2043,0.008,5801,0.0000,0.0000,0.0804,1,3,1.273
63.853,0,2,1,0.6167,0.0000,0.5369,0.0131,-175.9513,0.0000,0.0000,0.0000,0.5180,0.1336,-177.7356,0.014,5806,0.0000,0.0000,0.0808,1,3,1.276
63.952,0,2,1,0.6167,0.0000,0.5370,0.0119,-175.9505,0.0000,0.0000,0.0000,0.4972,-0.0600,-175.1186,0.010,5813,0.0000,0.0000,0.0805,1,3,1.267
64.055,0,2,1,0.6167,0.0000,0.5368,0.0130,-175.9528,0.0000,0.0000,0.0000,0.5180,0.1336,-177.7356,0.015,5818,0.0000,0.0000,0.0809,1,3,1.272
64.152,0,2,1,0.6167,0.0000,0.5373,0.0131,-175.9458,0.0000,0.0000,0.0000,0.5966,0.0280,-176.2771,0.014,5823,0.0000,0.0000,0.0804,1,3,1.266
64.253,0,2,1,0.6167,0.0000,0.5367,0.0129,-175.9506,0.0000,0.0000,0.0000,0.5180,0.1336,-177.7356,0.015,5830,0.0000,0.0000,0.0810,1,3,1.256
64.353,0,2,1,0.6167,0.0000,0.5372,0.0124,-175.9528,0.0000,0.0000,0.0000,0.5326,-0.0552,-177.2039,0.008,5836,0.0000,0.0000,0.0804,1,3,1.275
64.454,0,2,1,0.6167,0.0000,0.5366,0.0128,-175.9489,0.0000,0.0000,0.0000,0.5966,0.0280,-176.2771,0.002,5843,0.0000,0.0000,0.0811,1,3,1.272
64.553,0,2,1,0.6167,0.0000,0.5367,0.0116,-175.9424,0.0000,0.0000,0.0000,0.4972,-0.0600,-175.1182,0.005,5849,0.0000,0.0000,0.0808,1,3,1.279
64.655,0,2,1,0.6167,0.0000,0.5365,0.0127,-175.9471,0.0000,0.0000,0.0000,0.5180,0.1336,-177.7356,0.015,5854,0.0000,0.0000,0.0812,1,3,1.281
64.752,0,2,1,0.6167,0.0000,0.5366,0.0116,-175.9417,0.0000,0.0000,0.0000,0.5326,-0.0551,-177.2049,0.014,5861,0.0000,0.0000,0.0809,1,3,1.267
64.853,0,2,1,0.6167,0.0000,0.5364,0.0127,-175.9442,0.0000,0.0000,0.0000,0.5180,0.1336,-177.7356,0.011,5866,0.0000,0.0000,0.0812,1,3,1.253
64.952,0,2,1,0.6167,0.0000,0.5366,0.0115,-175.9411,0.0000,0.0000,0.0000,0.4972,-0.0600,-175.1199,0.010,5873,0.0000,0.0000,0.0809,1,3,1.279
65.052,0,2,1,0.6167,0.0000,0.5365,0.0115,-175.9354,0.0000,0.0000,0.0000,0.5966,0.0280,-176.2771,0.002,5878,0.0000,0.0000,0.0809,1,3,1.266
65.154,0,2,1,0.6167,0.0000,0.5365,0.0115,-175.9415,0.0000,0.0000,0.0000,0.4972,-0.0600,-175.1194,0.008,5885,0.0000,0.0000,0.0810,1,3,1.271
65.252,0,2,1,0.6167,0.0000,0.5363,0.0126,-175.9478,0.0000,0.0000,0.0000,0.5966,0.0280,-176.2771,0.002,5891,0.0000,0.0000,0.0813,1,3,1.267
65.352,0,2,1,0.6167,0.0000,0.5363,0.0119,-175.9485,0.0000,0.0000,0.0000,0.4973,-0.0600,-175.1199,0.009,5896,0.0000,0.0000,0.0813,1,3,1.262
65.453,0,2,1,0.6167,0.0000,0.5363,0.0125,-175.9456,0.0000,0.0000,0.0000,0.5180,0.1336,-177.7356,0.013,5902,0.0000,0.0000,0.0814,1,3,1.259
65.555,0,2,1,0.6167,0.0000,0.5368,0.0120,-175.9476,0.0000,0.0000,0.0000,0.5326,-0.0551,-177.2046,0.014,5908,0.0000,0.0000,0.0808,1,3,1.273
65.654,0,2,1,0.6167,0.0000,0.5362,0.0125,-175.9474,0.0000,0.0000,0.0000,0.5180,0.1336,-177.7356,0.016,5914,0.0000,0.0000,0.0814,1,3,1.279
65.753,0,2,1,0.6167,0.0000,0.5368,0.0126,-175.9409,0.0000,0.0000,0.0000,0.5966,0.0280,-176.2771,0.023,5919,0.0000,0.0000,0.0809,1,3,1.260
65.853,0,2,1,0.6167,0.0000,0.5362,0.0124,-175.9476,0.0000,0.0000,0.0000,0.5180,0.1336,-177.7356,0.012,5926,0.0000,0.0000,0.0814,1,3,1.267
65.952,0,2,1,0.6167,0.0000,0.5363,0.0113,-175.9434,0.0000,0.0000,0.0000,0.4973,-0.0600,-175.1201,0.012,5933,0.0000,0.0000,0.0811,1,3,1.259
66.053,0,2,1,0.6167,0.0000,0.5362,0.0124,-175.9487,0.0000,0.0000,0.0000,0.5966,0.0280,-176.2771,0.003,5939,0.0000,0.0000,0.0815,1,3,1.275
66.152,0,2,1,0.6167,0.0000,0.5363,0.0112,-175.9410,0.0000,0.0000,0.0000,0.4973,-0.0600,-175.1206,0.011,5945,0.0000,0.0000,0.0812,1,3,1.274
66.255,0,2,1,0.6167,0.0000,0.5363,0.0112,-175.9332,0.0000,0.0000,0.0000,0.5966,0.0280,-176.2771,0.002,5950,0.0000,0.0000,0.0812,1,3,1.276
66.353,0,2,1,0.6167,0.0000,0.5363,0.0113,-175.9416,0.0000,0.0000,0.0000,0.4973,-0.0600,-175.1207,0.007,5957,0.0000,0.0000,0.0812,1,3,1.274
66.454,0,2,1,0.6167,0.0000,0.5361,0.0124,-175.9464,0.0000,0.0000,0.0000,0.5180,0.1336,-177.7356,0.006,5962,0.0000,0.0000,0.0815,1,3,1.257
66.552,0,2,1,0.6167,0.0000,0.5362,0.0112,-175.9434,0.0000,0.0000,0.0000,0.4973,-0.0600,-175.1204,0.013,5969,0.0000,0.0000,0.0812,1,3,1.264
66.653,0,2,1,0.6167,0.0000,0.5360,0.0124,-175.9479,0.0000,0.0000,0.0000,0.5180,0.1336,-177.7356,0.018,5974,0.0000,0.0000,0.0816,1,3,1.261
66.753,0,2,1,0.6167,0.0000,0.5362,0.0112,-175.9438,0.0000,0.0000,0.0000,0.5326,-0.0551,-177.2031,0.011,5981,0.0000,0.0000,0.0812,1,3,1.281
66.852,0,2,1,0.6167,0.0000,0.5360,0.0123,-175.9470,0.0000,0.0000,0.0000,0.5180,0.1336,-177.7363,0.017,5986,0.0000,0.0000,0.0816,1,3,1.268
66.952,0,2,1,0.6167,0.0000,0.5366,0.0125,-175.9420,0.0000,0.0000,0.0000,0.5966,0.0281,-176.2759,0.017,5991,0.0000,0.0000,0.0810,1,3,1.271
67.052,0,2,1,0.6167,0.0000,0.5360,0.0123,-175.9473,0.0000,0.0000,0.0000,0.5180,0.1336,-177.7364,0.016,5998,0.0000,0.0000,0.0816,1,3,1.273
67.153,0,2,1,0.6167,0.0000,0.5365,0.0118,-175.9490,0.0000,0.0000,0.0000,0.5326,-0.0551,-177.2022,0.018,6004,0.0000,0.0000,0.0810,1,3,1.261
67.254,0,2,1,0.6167,0.0000,0.5365,0.0124,-175.9476,0.0000,0.0000,0.0000,0.5966,0.0281,-176.2759,0.006,6011,0.0000,0.0000,0.0811,1,3,1.272
67.353,0,2,1,0.6167,0.0000,0.5365,0.0118,-175.9499,0.0000,0.0000,0.0000,0.4973,-0.0600,-175.1216,0.003,6017,0.0000,0.0000,0.0810,1,3,1.278
67.457,0,2,1,0.6167,0.0000,0.5360,0.0122,-175.9427,0.0000,0.0000,0.0000,0.5966,0.0281,-176.2759,0.002,6023,0.0000,0.0000,0.0816,1,3,1.258
67.552,0,2,1,0.6167,0.0000,0.5361,0.0111,-175.9406,0.0000,0.0000,0.0000,0.4973,-0.0600,-175.1242,0.011,6029,0.0000,0.0000,0.0813,1,3,1.275
67.654,0,2,1,0.6167,0.0000,0.5361,0.0111,-175.9322,0.0000,0.0000,0.0000,0.5966,0.0281,-176.2759,0.005,6034,0.0000,0.0000,0.0813,1,3,1.269
67.753,0,2,1,0.6167,0.0000,0.5361,0.0111,-175.9413,0.0000,0.0000,0.0000,0.5325,-0.0551,-177.2032,0.011,6041,0.0000,0.0000,0.0813,1,3,1.264
67.853,0,2,1,0.6167,0.0000,0.5359,0.0123,-175.9455,0.0000,0.0000,0.0000,0.5966,0.0281,-176.2759,0.003,6047,0.0000,0.0000,0.0817,1,3,1.272
67.954,0,2,1,0.6167,0.0000,0.5361,0.0111,-175.9387,0.0000,0.0000,0.0000,0.4973,-0.0600,-175.1217,0.011,6053,0.0000,0.0000,0.0813,1,3,1.277
68.053,0,2,1,0.6167,0.0000,0.5359,0.0122,-175.9443,0.0000,0.0000,0.0000,0.5180,0.1336,-177.7363,0.017,6058,0.0000,0.0000,0.0817,1,3,1.254
68.154,0,2,1,0.6167,0.0000,0.5362,0.0117,-175.9319,0.0000,0.0000,0.0000,0.5966,0.0281,-176.2759,0.007,6064,0.0000,0.0000,0.0814,1,3,1.261
68.254,0,2,1,0.6167,0.0000,0.5360,0.0122,-175.9421,0.0000,0.0000,0.0000,0.5180,0.1336,-177.7363,0.017,6070,0.0000,0.0000,0.0816,1,3,1.270
68.355,0,2,1,0.6167,0.0000,0.5361,0.0111,-175.9375,0.0000,0.0000,0.0000,0.4973,-0.0600,-175.1224,0.011,6077,0.0000,0.0000,0.0813,1,3,1.262
68.453,0,2,1,0.6167,0.0000,0.5359,0.0122,-175.9390,0.0000,0.0000,0.0000,0.5180,0.1336,-177.7363,0.010,6082,0.0000,0.0000,0.0816,1,3,1.274
68.553,0,3,0,0.6167,0.0000,0.5365,0.0117,-175.9440,0.0000,0.0000,0.0000,0.5326,-0.0551,-177.1990,0.020,6088,-0.0635,0.0132,0.0811,1,3,1.272
68.655,0,3,0,0.6167,0.0000,0.5399,0.0115,-175.9461,0.0000,0.0000,0.0000,0.5180,0.1336,-177.7363,0.020,6094,-0.0612,0.0130,0.0776,1,3,1.276
68.752,0,3,1,0.6167,0.6167,0.5441,0.0113,-176.2128,0.0000,0.0000,0.0000,0.5327,-0.0550,-177.1743,0.013,6101,-0.0179,-0.0984,0.6097,1,3,1.265
68.856,0,3,1,0.6167,0.6167,0.5452,0.0214,-176.4988,0.0000,0.0000,0.0000,0.6080,0.0314,-176.6421,0.002,6107,-0.0178,-0.0984,0.5995,1,3,1.257
68.953,0,3,1,0.6167,0.6167,0.5464,0.0301,-176.4616,0.0000,0.0000,0.0000,0.5466,-0.0440,-177.8122,0.012,6113,-0.0179,-0.0984,0.5908,1,3,1.271
69.053,0,3,1,0.6167,0.6167,0.5478,0.0395,-176.5032,0.0000,0.0000,0.0000,0.5204,-0.0380,-176.1382,0.042,6117,-0.0178,-0.0984,0.5812,1,3,1.261
69.153,0,3,1,0.6167,0.6167,0.5502,0.0498,-176.6159,0.0000,0.0000,0.0000,0.5605,-0.0311,-178.2753,0.011,6125,-0.0176,-0.0984,0.5707,1,3,1.248
69.255,0,3,1,0.6167,0.6167,0.5518,0.0609,-176.5231,0.0000,0.0000,0.0000,0.6235,0.2431,-173.7099,0.002,6131,-0.0175,-0.0984,0.5596,1,3,1.265
69.353,0,3,1,0.6167,0.6167,0.5538,0.0712,-176.5207,0.0000,0.0000,0.0000,0.5193,-0.0043,-176.1245,0.009,6137,-0.0174,-0.0985,0.5491,1,3,1.250
69.453,0,3,1,0.6167,0.6167,0.5545,0.0806,-176.6273,0.0000,0.0000,0.0000,0.5466,0.1858,-178.0722,0.015,6142,-0.0175,-0.0985,0.5396,1,3,1.252
69.553,0,3,1,0.6167,0.6167,0.5566,0.0919,-176.5160,0.0000,0.0000,0.0000,0.5869,-0.0172,-178.9253,0.009,6149,-0.0173,-0.0985,0.5282,1,3,1.250
69.653,0,3,1,0.6167,0.6167,0.5582,0.1038,-176.5896,0.0000,0.0000,0.0000,0.5543,0.2011,-177.9161,0.013,6154,-0.0172,-0.0985,0.5162,1,3,1.245
69.755,0,3,1,0.6167,0.6167,0.5594,0.1143,-176.4593,0.0000,0.0000,0.0000,0.5258,0.0632,-179.2858,0.022,6159,-0.0173,-0.0985,0.5057,1,3,1.240
69.855,0,3,1,0.6167,0.6167,0.5601,0.1221,-176.7699,0.0000,0.0000,0.0000,0.5232,0.0678,-179.5321,0.002,6167,-0.0173,-0.0985,0.4978,1,3,1.246
69.953,0,3,1,0.6167,0.6167,0.5602,0.1290,-176.6809,0.0000,0.0000,0.0000,0.5095,0.0532,-175.8972,0.008,6173,-0.0174,-0.0985,0.4910,1,3,1.233
70.054,0,3,1,0.6167,0.6167,0.5610,0.1389,-176.6027,0.0000,0.0000,0.0000,0.5244,0.0871,-179.5506,0.005,6179,-0.0175,-0.0985,0.4810,1,3,1.236
70.153,0,3,1,0.6167,0.6167,0.5612,0.1460,-176.8087,0.0000,0.0000,0.0000,0.5060,0.0730,-175.5333,0.014,6185,-0.0177,-0.0984,0.4740,1,3,1.246
70.253,0,3,1,0.6167,0.6167,0.5618,0.1542,-176.8358,0.0000,0.0000,0.0000,0.5343,0.1284,-179.3119,0.003,6190,-0.0177,-0.0984,0.4657,1,3,1.240
70.354,0,3,1,0.6167,0.6167,0.5584,0.1616,-176.6184,0.0000,0.0000,0.0000,0.2984,-0.0272,-168.8023,0.008,6197,-0.0182,-0.0983,0.4588,1,3,1.248
70.455,0,3,1,0.6167,0.6167,0.5577,0.1709,-176.6274,0.0000,0.0000,0.0000,0.5352,0.1449,-179.2739,0.006,6203,-0.0190,-0.0982,0.4497,1,3,1.236
70.552,0,3,1,0.6167,0.6167,0.5549,0.1774,-176.5159,0.0000,0.0000,0.0000,0.3268,0.0239,-170.1062,0.012,6209,-0.0199,-0.0980,0.4436,1,3,1.236
70.653,0,3,1,0.6167,0.6167,0.5542,0.1863,-176.4173,0.0000,0.0000,0.0000,0.5390,0.1653,-179.1547,0.002,6215,-0.0203,-0.0979,0.4348,1,3,1.231
70.753,0,3,1,0.6167,0.6167,0.5523,0.1946,-176.4366,0.0000,0.0000,0.0000,0.3405,0.0542,-170.4979,0.013,6221,-0.0206,-0.0979,0.4269,1,3,1.227
70.854,0,3,1,0.6167,0.6167,0.5524,0.2052,-176.4966,0.0000,0.0000,0.0000,0.5641,0.3138,-178.3087,0.015,6226,-0.0213,-0.0977,0.4164,1,3,1.226
70.953,0,3,1,0.6167,0.6167,0.5526,0.2142,-176.6111,0.0000,0.0000,0.0000,0.5470,0.2065,-179.0964,0.017,6231,-0.0216,-0.0976,0.4075,1,3,1.228
71.054,0,3,1,0.6167,0.6167,0.5517,0.2234,-176.5127,0.0000,0.0000,0.0000,0.5755,0.3331,-178.1571,0.020,6238,-0.0222,-0.0975,0.3986,1,3,1.236
71.153,0,3,1,0.6167,0.6167,0.5527,0.2327,-176.4731,0.0000,0.0000,0.0000,0.5940,0.1996,-177.8901,0.009,6244,-0.0224,-0.0974,0.3893,1,3,1.223
71.255,0,3,1,0.6167,0.6167,0.5521,0.2422,-176.5893,0.0000,0.0000,0.0000,0.5846,0.3473,-178.1030,0.015,6250,-0.0229,-0.0973,0.3800,1,3,1.234
71.353,0,3,1,0.6167,0.6167,0.5529,0.2499,-176.4702,0.0000,0.0000,0.0000,0.3960,0.1538,-172.3002,0.012,6257,-0.0227,-0.0974,0.3723,1,3,1.232
71.452,0,3,1,0.6167,0.6167,0.5541,0.2600,-176.5010,0.0000,0.0000,0.0000,0.5594,0.2717,-178.9736,0.006,6263,-0.0232,-0.0973,0.3621,1,3,1.223
71.552,0,3,1,0.6167,0.6167,0.5545,0.2702,-176.5339,0.0000,0.0000,0.0000,0.4120,0.1850,-172.7531,0.013,6269,-0.0235,-0.0972,0.3520,1,3,1.215
71.652,0,3,1,0.6167,0.6167,0.5564,0.2814,-176.5675,0.0000,0.0000,0.0000,0.5657,0.3040,-178.8306,0.008,6275,-0.0236,-0.0972,0.3406,1,3,1.216
71.753,0,3,1,0.6167,0.6167,0.5570,0.2911,-176.5131,0.0000,0.0000,0.0000,0.4292,0.2161,-173.5500,0.015,6281,-0.0239,-0.0971,0.3309,1,3,1.216
71.854,0,3,1,0.6167,0.6167,0.5595,0.3005,-176.4011,0.0000,0.0000,0.0000,0.5709,0.3224,-178.7340,0.010,6286,-0.0237,-0.0972,0.3213,1,3,1.217
71.953,0,3,1,0.6167,0.6167,0.5618,0.3098,-176.6299,0.0000,0.0000,0.0000,0.4467,0.2439,-173.8375,0.010,6293,-0.0232,-0.0973,0.3117,1,3,1.213
72.052,0,3,1,0.6167,0.6167,0.5641,0.3210,-176.4866,0.0000,0.0000,0.0000,0.5798,0.3663,-178.3738,0.007,6299,-0.0234,-0.0972,0.3003,1,3,1.200
72.153,0,3,1,0.6167,0.6167,0.5665,0.3291,-176.7004,0.0000,0.0000,0.0000,0.5792,0.3669,-178.3364,0.009,6305,-0.0231,-0.0973,0.2920,1,3,1.207
72.252,0,3,1,0.6167,0.6167,0.5680,0.3409,-176.8093,0.0000,0.0000,0.0000,0.5840,0.4596,-179.3443,0.018,6310,-0.0233,-0.0973,0.2800,1,3,1.205
72.355,0,3,1,0.6167,0.6167,0.5707,0.3513,-176.7600,0.0000,0.0000,0.0000,0.5988,0.3630,-177.5686,0.006,6316,-0.0231,-0.0973,0.2693,1,3,1.197
72.453,0,3,1,0.6167,0.6167,0.5722,0.3617,-176.7657,0.0000,0.0000,0.0000,0.5920,0.4749,-179.1601,0.009,6322,-0.0231,-0.0973,0.2589,1,3,1.196
72.553,0,3,1,0.6167,0.6167,0.5738,0.3729,-176.6703,0.0000,0.0000,0.0000,0.5878,0.4213,-178.3098,0.032,6327,-0.0232,-0.0973,0.2475,1,3,1.202
72.652,0,3,1,0.6167,0.6167,0.5758,0.3827,-176.8163,0.0000,0.0000,0.0000,0.5919,0.4413,-178.0588,0.006,6335,-0.0231,-0.0973,0.2375,1,3,1.182
72.751,0,3,1,0.6167,0.6167,0.5773,0.3945,-176.8498,0.0000,0.0000,0.0000,0.6122,0.3985,-177.6265,0.011,6341,-0.0233,-0.0972,0.2256,1,3,1.195
72.854,0,3,1,0.6167,0.6167,0.5801,0.4055,-176.7202,0.0000,0.0000,0.0000,0.5973,0.4696,-178.0375,0.005,6347,-0.0230,-0.0973,0.2143,1,3,1.193
72.951,0,3,1,0.6167,0.6167,0.5823,0.4158,-176.7311,0.0000,0.0000,0.0000,0.5094,0.3705,-175.1699,0.012,6353,-0.0228,-0.0974,0.2038,1,3,1.171
73.053,0,3,1,0.6167,0.6167,0.5850,0.4266,-176.6674,0.0000,0.0000,0.0000,0.6005,0.4960,-177.8953,0.008,6358,-0.0224,-0.0975,0.1927,1,3,1.185
73.153,0,3,1,0.6167,0.6167,0.5881,0.4363,-176.6316,0.0000,0.0000,0.0000,0.6976,0.3461,-179.5080,0.012,6365,-0.0222,-0.0975,0.1826,1,3,1.171
73.254,0,3,1,0.6167,0.6167,0.5907,0.4471,-176.8167,0.0000,0.0000,0.0000,0.6183,0.5380,-178.3615,0.003,6371,-0.0211,-0.0978,0.1716,1,3,1.174
73.352,0,3,1,0.6167,0.6167,0.5937,0.4572,-176.8160,0.0000,0.0000,0.0000,0.6965,0.3800,-179.4140,0.013,6377,-0.0202,-0.0979,0.1611,1,3,1.183
73.453,0,3,1,0.6167,0.6167,0.5960,0.4693,-176.8573,0.0000,0.0000,0.0000,0.6076,0.5412,-177.8414,0.009,6383,-0.0198,-0.0980,0.1488,1,3,1.176
73.553,0,3,1,0.6167,0.6167,0.5981,0.4789,-176.7513,0.0000,0.0000,0.0000,0.5338,0.4391,-175.6770,0.010,6389,-0.0193,-0.0981,0.1390,1,3,1.167
73.652,0,3,1,0.6167,0.6167,0.5992,0.4913,-176.7014,0.0000,0.0000,0.0000,0.5894,0.6092,179.7965,0.015,6394,-0.0197,-0.0980,0.1266,1,3,1.170
73.753,0,3,1,0.6167,0.6167,0.6005,0.5029,-176.9060,0.0000,0.0000,0.0000,0.6140,0.5867,-177.1817,0.019,6399,-0.0184,-0.0900,0.1149,1,3,1.176
73.855,0,3,1,0.6167,0.6167,0.6021,0.5137,-176.7636,0.0000,0.0000,0.0000,0.5945,0.6206,179.9561,0.016,6406,-0.0166,-0.0815,0.1040,1,3,1.164
73.953,0,3,1,0.6167,0.6167,0.6043,0.5235,-176.8301,0.0000,0.0000,0.0000,0.6999,0.4591,-179.0177,0.020,6412,-0.0145,-0.0745,0.0940,1,3,1.159
74.054,0,3,1,0.6167,0.6167,0.6055,0.5332,-176.9043,0.0000,0.0000,0.0000,0.6183,0.6106,-177.3962,0.009,6419,-0.0132,-0.0673,0.0842,1,3,1.158
74.153,0,3,1,0.6167,0.6167,0.6067,0.5404,-176.8500,0.0000,0.0000,0.0000,0.5517,0.4985,-176.0740,0.008,6425,-0.0113,-0.0606,0.0769,1,3,1.153
74.255,0,3,2,0.0000,0.6167,0.6081,0.5483,-176.7797,0.0000,0.0000,0.0000,0.6200,0.6356,-177.0641,0.004,6431,0.0985,-0.0171,0.6120,1,3,1.151
74.353,0,3,2,0.0000,0.6167,0.6045,0.5518,-176.7973,0.0000,0.0000,0.0000,0.5620,0.5145,-175.7782,0.006,6437,0.0986,-0.0166,0.6080,1,3,1.142
74.454,0,3,2,0.0000,0.6167,0.5957,0.5554,-176.9618,0.0000,0.0000,0.0000,0.6164,0.6578,-177.0426,0.003,6443,0.0987,-0.0162,0.5989,1,3,1.159
74.553,0,3,2,0.0000,0.6167,0.5877,0.5580,-177.0453,0.0000,0.0000,0.0000,0.5429,0.5163,-176.2224,0.012,6449,0.0987,-0.0159,0.5906,1,3,1.157
74.656,0,3,2,0.0000,0.6167,0.5788,0.5614,-177.0411,0.0000,0.0000,0.0000,0.5753,0.6731,179.4291,0.002,6455,0.0988,-0.0157,0.5814,1,3,1.150
74.753,0,3,2,0.0000,0.6167,0.5700,0.5638,-176.7376,0.0000,0.0000,0.0000,0.5184,0.5160,-175.9450,0.013,6461,0.0988,-0.0152,0.5724,1,3,1.146
74.853,0,3,2,0.0000,0.6167,0.5607,0.5668,-176.8685,0.0000,0.0000,0.0000,0.5546,0.6754,179.6300,0.013,6466,0.0989,-0.0150,0.5629,1,3,1.147
74.954,0,3,2,0.0000,0.6167,0.5510,0.5690,-176.8948,0.0000,0.0000,0.0000,0.4975,0.5167,-175.6415,0.017,6472,0.0989,-0.0146,0.5531,1,3,1.146
75.055,0,3,2,0.0000,0.6167,0.5426,0.5711,-176.7532,0.0000,0.0000,0.0000,0.5598,0.6636,-176.8547,0.002,6479,0.0990,-0.0143,0.5445,1,3,1.137
75.156,0,3,2,0.0000,0.6167,0.5333,0.5737,-176.8422,0.0000,0.0000,0.0000,0.6369,0.5159,-178.6340,0.002,6484,0.0990,-0.0140,0.5350,1,3,1.149
75.252,0,3,2,0.0000,0.6167,0.5250,0.5749,-176.7868,0.0000,0.0000,0.0000,0.5403,0.6566,-176.9148,0.007,6491,0.0990,-0.0139,0.5266,1,3,1.127
75.354,0,3,2,0.0000,0.6167,0.5158,0.5767,-176.7913,0.0000,0.0000,0.0000,0.6148,0.5239,-178.5505,0.020,6496,0.0991,-0.0137,0.5174,1,3,1.138
75.452,0,3,2,0.0000,0.6167,0.5064,0.5784,-177.0153,0.0000,0.0000,0.0000,0.5220,0.6623,-176.9561,0.003,6503,0.0991,-0.0135,0.5078,1,3,1.119
75.553,0,3,2,0.0000,0.6167,0.4964,0.5795,-176.8675,0.0000,0.0000,0.0000,0.4302,0.5153,-175.4590,0.008,6509,0.0991,-0.0133,0.4978,1,3,1.143
75.654,0,3,2,0.0000,0.6167,0.4863,0.5827,-176.8453,0.0000,0.0000,0.0000,0.5025,0.6659,-176.8989,0.009,6515,0.0991,-0.0131,0.4875,1,3,1.124
75.753,0,3,2,0.0000,0.6167,0.4767,0.5829,-176.8601,0.0000,0.0000,0.0000,0.4063,0.5142,-175.2183,0.014,6521,0.0991,-0.0130,0.4779,1,3,1.134
75.853,0,3,2,0.0000,0.6167,0.4669,0.5850,-176.8860,0.0000,0.0000,0.0000,0.4830,0.6617,-177.1357,0.008,6526,0.0992,-0.0129,0.4679,1,3,1.139
75.952,0,3,2,0.0000,0.6167,0.4574,0.5857,-176.7899,0.0000,0.0000,0.0000,0.5545,0.5398,-178.2776,0.014,6533,0.0992,-0.0127,0.4584,1,3,1.138
76.053,0,3,2,0.0000,0.6167,0.4474,0.5880,-176.7241,0.0000,0.0000,0.0000,0.4641,0.6568,-177.1469,0.009,6539,0.0992,-0.0125,0.4483,1,3,1.148
76.152,0,3,2,0.0000,0.6167,0.4381,0.5878,-176.7886,0.0000,0.0000,0.0000,0.3547,0.5103,-174.8011,0.013,6545,0.0992,-0.0126,0.4390,1,3,1.137
76.255,0,3,2,0.0000,0.6167,0.4279,0.5895,-176.6445,0.0000,0.0000,0.0000,0.4274,0.6572,-178.7886,0.020,6550,0.0992,-0.0123,0.4288,1,3,1.135
76.353,0,3,2,0.0000,0.6167,0.4166,0.5913,-176.7077,0.0000,0.0000,0.0000,0.4233,0.6322,-175.9308,0.009,6557,0.0993,-0.0121,0.4173,1,3,1.127
76.453,0,3,2,0.0000,0.6167,0.4065,0.5904,-176.6467,0.0000,0.0000,0.0000,0.4088,0.6547,-178.5688,0.016,6562,0.0992,-0.0124,0.4073,1,3,1.138
76.554,0,3,2,0.0000,0.6167,0.3971,0.5918,-176.7222,0.0000,0.0000,0.0000,0.4194,0.6523,-177.2319,0.024,6567,0.0992,-0.0122,0.3979,1,3,1.118
76.653,0,3,2,0.0000,0.6167,0.3868,0.5929,-176.6926,0.0000,0.0000,0.0000,0.4062,0.6568,-177.2233,0.009,6575,0.0993,-0.0121,0.3876,1,3,1.152
76.753,0,3,2,0.0000,0.6167,0.3761,0.5934,-176.8214,0.0000,0.0000,0.0000,0.3746,0.6490,-175.8155,0.013,6581,0.0993,-0.0122,0.3769,1,3,1.129
76.852,0,3,2,0.0000,0.6167,0.3662,0.5946,-176.7188,0.0000,0.0000,0.0000,0.3876,0.6567,-177.4161,0.002,6587,0.0993,-0.0120,0.3669,1,3,1.134
76.953,0,3,2,0.0000,0.6167,0.3564,0.5948,-176.6838,0.0000,0.0000,0.0000,0.2600,0.5029,-174.5577,0.005,6593,0.0993,-0.0119,0.3571,1,3,1.121
77.055,0,3,2,0.0000,0.6167,0.3464,0.5959,-176.6342,0.0000,0.0000,0.0000,0.3678,0.6487,-177.4160,0.010,6598,0.0993,-0.0121,0.3470,1,3,1.121
77.153,0,3,2,0.0000,0.6167,0.3355,0.5960,-176.7641,0.0000,0.0000,0.0000,0.4290,0.5798,-177.9663,0.005,6605,0.0993,-0.0121,0.3362,1,3,1.137
77.256,0,3,2,0.0000,0.6167,0.3264,0.5971,-176.6172,0.0000,0.0000,0.0000,0.3354,0.6299,-177.5938,0.004,6611,0.0993,-0.0120,0.3270,1,3,1.127
77.352,0,3,2,0.0000,0.6167,0.3166,0.5968,-176.6157,0.0000,0.0000,0.0000,0.3906,0.6021,-177.5830,0.002,6617,0.0992,-0.0122,0.3172,1,3,1.128
77.455,0,3,2,0.0000,0.6167,0.3063,0.5970,-176.4681,0.0000,0.0000,0.0000,0.3285,0.6458,-177.4756,0.002,6623,0.0992,-0.0124,0.3070,1,3,1.128
77.553,0,3,2,0.0000,0.6167,0.2962,0.5970,-176.6196,0.0000,0.0000,0.0000,0.1855,0.4964,-174.2602,0.014,6629,0.0992,-0.0126,0.2969,1,3,1.127
77.653,0,3,2,0.0000,0.6167,0.2863,0.5977,-176.4365,0.0000,0.0000,0.0000,0.3001,0.6151,-177.0572,0.018,6634,0.0992,-0.0126,0.2870,1,3,1.126
77.752,0,3,2,0.0000,0.6167,0.2757,0.5994,-176.5405,0.0000,0.0000,0.0000,0.3044,0.6551,-177.5530,0.021,6639,0.0992,-0.0122,0.2762,1,3,1.124
77.852,0,3,2,0.0000,0.6167,0.2655,0.5991,-176.4928,0.0000,0.0000,0.0000,0.2798,0.6095,-176.6468,0.015,6646,0.0992,-0.0126,0.2661,1,3,1.122
77.954,0,3,2,0.0000,0.6167,0.2555,0.6009,-176.5085,0.0000,0.0000,0.0000,0.2284,0.6936,-175.0339,0.005,6652,0.0992,-0.0125,0.2560,1,3,1.108
78.053,0,3,2,0.0000,0.6167,0.2446,0.6003,-176.6197,0.0000,0.0000,0.0000,0.1362,0.4943,-174.3305,0.009,6658,0.0993,-0.0122,0.2452,1,3,1.113
78.154,0,3,2,0.0000,0.6167,0.2326,0.6011,-176.5564,0.0000,0.0000,0.0000,0.1167,0.4914,-174.4112,0.011,6665,0.0993,-0.0122,0.2331,1,3,1.120
78.254,0,3,2,0.0000,0.6167,0.2230,0.6020,-176.6100,0.0000,0.0000,0.0000,0.2529,0.6576,-178.0281,0.009,6671,0.0992,-0.0128,0.2235,1,3,1.102
78.354,0,3,2,0.0000,0.6167,0.2130,0.6034,-176.6413,0.0000,0.0000,0.0000,0.0929,0.4893,-174.3848,0.003,6677,0.0993,-0.0122,0.2134,1,3,1.099
78.452,0,3,2,0.0000,0.6167,0.2022,0.6030,-176.6778,0.0000,0.0000,0.0000,0.2344,0.6645,-178.1175,0.007,6683,0.0992,-0.0127,0.2026,1,3,1.117
78.553,0,3,2,0.0000,0.6167,0.1891,0.6032,-176.5605,0.0000,0.0000,0.0000,0.0708,0.4900,-174.6278,0.011,6689,0.0992,-0.0125,0.1896,1,3,1.122
78.654,0,3,2,0.0000,0.6167,0.1796,0.6042,-176.5044,0.0000,0.0000,0.0000,0.2149,0.6656,-178.1708,0.010,6694,0.0992,-0.0129,0.1801,1,3,1.112
78.752,0,3,2,0.0000,0.6167,0.1695,0.6038,-176.5434,0.0000,0.0000,0.0000,0.0501,0.4895,-174.5476,0.011,6701,0.0991,-0.0136,0.1700,1,3,1.106
78.854,0,3,2,0.0000,0.6167,0.1603,0.6045,-176.4451,0.0000,0.0000,0.0000,0.1959,0.6690,-178.1440,0.009,6707,0.0990,-0.0140,0.1608,1,3,1.103
78.953,0,3,2,0.0000,0.6167,0.1498,0.6044,-176.6105,0.0000,0.0000,0.0000,0.1898,0.6661,-178.2986,0.010,6713,0.0990,-0.0142,0.1503,1,3,1.106
79.053,0,3,2,0.0000,0.6167,0.1404,0.6044,-176.4847,0.0000,0.0000,0.0000,0.1727,0.5588,-175.4952,0.019,6718,0.0989,-0.0147,0.1409,1,3,1.112
79.153,0,3,2,0.0000,0.6167,0.1319,0.6047,-176.5924,0.0000,0.0000,0.0000,0.0089,0.4910,-174.7256,0.003,6725,0.0989,-0.0150,0.1324,1,3,1.098
79.256,0,3,2,0.0000,0.6167,0.1203,0.6036,-176.4463,0.0000,0.0000,0.0000,0.1521,0.5511,-175.2117,0.010,6730,0.0961,-0.0159,0.1210,1,3,1.099
79.355,0,3,2,0.0000,0.6167,0.1113,0.6050,-176.6179,0.0000,0.0000,0.0000,0.1524,0.6740,-178.3713,0.033,6735,0.0891,-0.0148,0.1119,1,3,1.102
79.453,0,3,2,0.0000,0.6167,0.1029,0.6066,-176.5768,0.0000,0.0000,0.0000,0.1404,0.6799,-178.5446,0.010,6743,0.0821,-0.0137,0.1034,1,3,1.121
79.553,0,3,2,0.0000,0.6167,0.0944,0.6079,-176.5504,0.0000,0.0000,0.0000,-0.0117,0.5464,-176.3926,0.014,6749,0.0754,-0.0116,0.0948,1,3,1.099
79.654,0,3,2,0.0000,0.6167,0.0875,0.6072,-176.4878,0.0000,0.0000,0.0000,0.1244,0.6793,-178.5490,0.008,6755,0.0695,-0.0117,0.0880,1,3,1.092
79.753,0,3,2,0.0000,0.6167,0.0803,0.6093,-176.5741,0.0000,0.0000,0.0000,-0.0214,0.5519,-176.4086,0.014,6761,0.0638,-0.0097,0.0806,1,3,1.089
79.856,0,3,2,0.0000,0.6167,0.0743,0.6117,-176.8061,0.0000,0.0000,0.0000,0.1112,0.6774,-178.6781,0.011,6766,0.0594,-0.0081,0.0744,1,3,1.086
79.953,0,3,3,0.0000,1.2333,0.0699,0.6156,-176.7437,0.0000,0.0000,0.0000,-0.0507,0.5480,-176.4677,0.005,6773,0.0054,-0.0999,0.6216,1,3,1.090
80.052,0,3,3,0.0000,1.2333,0.0687,0.6249,-176.5464,0.0000,0.0000,0.0000,0.1014,0.6855,-178.5876,0.003,6779,0.0052,-0.0999,0.6123,1,3,1.089
80.153,0,3,3,0.0000,1.2333,0.0663,0.6366,-176.8663,0.0000,0.0000,0.0000,-0.0520,0.5602,-176.3420,0.014,6785,0.0051,-0.0999,0.6004,1,3,1.058
80.254,0,3,3,0.0000,1.2333,0.0659,0.6484,-176.6873,0.0000,0.0000,0.0000,0.1013,0.7210,-178.3490,0.010,6791,0.0051,-0.0999,0.5886,1,3,1.070
80.353,0,3,3,0.0000,1.2333,0.0632,0.6587,-176.6367,0.0000,0.0000,0.0000,-0.0468,0.5822,-176.4252,0.013,6797,0.0051,-0.0999,0.5781,1,3,1.056
80.456,0,3,3,0.0000,1.2333,0.0617,0.6698,-176.7656,0.0000,0.0000,0.0000,0.0978,0.6886,-177.9288,0.012,6802,0.0049,-0.0999,0.5669,1,3,1.067
80.553,0,3,3,0.0000,1.2333,0.0611,0.6808,-176.8168,0.0000,0.0000,0.0000,0.1008,0.7613,-177.9756,0.016,6807,0.0050,-0.0999,0.5559,1,3,0.991
80.654,0,3,3,0.0000,1.2333,0.0592,0.6918,-176.8536,0.0000,0.0000,0.0000,0.1007,0.7840,-177.6541,0.009,6815,0.0048,-0.0999,0.5448,1,3,1.018
80.753,0,3,3,0.0000,1.2333,0.0579,0.7024,-176.8344,0.0000,0.0000,0.0000,0.0962,0.6976,-179.0871,0.019,6820,0.0048,-0.0999,0.5341,1,3,1.023
80.856,0,3,3,0.0000,1.2333,0.0565,0.7122,-176.9528,0.0000,0.0000,0.0000,0.1001,0.8182,-177.4723,0.002,6827,0.0047,-0.0999,0.5242,1,3,0.997
80.952,0,3,3,0.0000,1.2333,0.0555,0.7229,-176.7788,0.0000,0.0000,0.0000,-0.0413,0.6472,-176.9565,0.015,6833,0.0048,-0.0999,0.5134,1,3,0.991
81.054,0,3,3,0.0000,1.2333,0.0554,0.7347,-176.7448,0.0000,0.0000,0.0000,0.0984,0.8426,-177.1319,0.009,6839,0.0049,-0.0999,0.5018,1,3,0.970
81.154,0,3,3,0.0000,1.2333,0.0541,0.7445,-176.8297,0.0000,0.0000,0.0000,-0.0387,0.6661,-176.7286,0.005,6845,0.0051,-0.0999,0.4918,1,3,0.959
81.253,0,3,3,0.0000,1.2333,0.0532,0.7531,-176.7717,0.0000,0.0000,0.0000,0.0820,0.7722,-178.6613,0.003,6851,0.0050,-0.0999,0.4831,1,3,0.967
81.352,0,3,3,0.0000,1.2333,0.0523,0.7655,-176.8115,0.0000,0.0000,0.0000,-0.0356,0.6891,-176.9368,0.014,6857,0.0051,-0.0999,0.4708,1,3,0.928
81.452,0,3,3,0.0000,1.2333,0.0516,0.7753,-176.9250,0.0000,0.0000,0.0000,0.0800,0.7919,-178.7128,0.002,6863,0.0052,-0.0999,0.4609,1,3,0.928
81.553,0,3,3,0.0000,1.2333,0.0523,0.7898,-176.8915,0.0000,0.0000,0.0000,0.1401,0.8314,177.8901,0.013,6869,0.0057,-0.0998,0.4466,1,3,0.918
81.653,0,3,3,0.0000,1.2333,0.0533,0.8005,-176.8088,0.0000,0.0000,0.0000,0.2566,0.7505,-170.4308,0.020,6874,0.0062,-0.0998,0.4361,1,3,0.910
81.753,0,3,3,0.0000,1.2333,0.0535,0.8135,-176.8090,0.0000,0.0000,0.0000,0.1389,0.8557,178.0682,0.014,6880,0.0067,-0.0998,0.4232,1,3,0.902
81.853,0,3,3,0.0000,1.2333,0.0530,0.8252,-176.8472,0.0000,0.0000,0.0000,0.0857,0.8883,-177.8606,0.019,6886,0.0069,-0.0998,0.4116,1,3,0.897
81.953,0,3,3,0.0000,1.2333,0.0522,0.8383,-176.7124,0.0000,0.0000,0.0000,0.0689,0.8470,-178.2835,0.012,6892,0.0071,-0.0998,0.3985,1,3,0.882
82.054,0,3,3,0.0000,1.2333,0.0508,0.8511,-176.8562,0.0000,0.0000,0.0000,0.0851,1.0048,-175.4159,0.009,6899,0.0070,-0.0998,0.3856,1,3,0.866
82.153,0,3,3,0.0000,1.2333,0.0511,0.8633,-176.9324,0.0000,0.0000,0.0000,0.0624,0.8739,-178.3032,0.019,6904,0.0077,-0.0997,0.3735,1,3,0.859
82.253,0,3,3,0.0000,1.2333,0.0494,0.8762,-176.7137,0.0000,0.0000,0.0000,0.0831,1.0345,-175.2080,0.010,6911,0.0077,-0.0997,0.3606,1,3,0.834
82.353,0,3,3,0.0000,1.2333,0.0496,0.8885,-176.7989,0.0000,0.0000,0.0000,0.0765,0.8970,179.4827,0.017,6917,0.0083,-0.0997,0.3484,1,3,0.844
82.452,0,3,3,0.0000,1.2333,0.0480,0.9019,-176.9497,0.0000,0.0000,0.0000,0.0765,1.0751,-174.7909,0.007,6923,0.0084,-0.0996,0.3349,1,3,0.837
82.553,0,3,3,0.0000,1.2333,0.0481,0.9130,-176.9994,0.0000,0.0000,0.0000,0.0653,0.9096,179.4285,0.009,6929,0.0088,-0.0996,0.3240,1,3,0.809
82.653,0,3,3,0.0000,1.2333,0.0476,0.9243,-176.8208,0.0000,0.0000,0.0000,0.0728,1.1006,-174.4598,0.003,6934,0.0092,-0.0996,0.3127,1,3,0.792
82.754,0,3,3,0.0000,1.2333,0.0472,0.9391,-176.7980,0.0000,0.0000,0.0000,0.0585,0.9270,179.7494,0.002,6941,0.0099,-0.0995,0.2980,1,3,0.802
82.853,0,3,3,0.0000,1.2333,0.0468,0.9529,-176.7990,0.0000,0.0000,0.0000,0.0668,1.1301,-174.0330,0.008,6947,0.0103,-0.0995,0.2843,1,3,0.786
82.953,0,3,3,0.0000,1.2333,0.0450,0.9640,-176.9149,0.0000,0.0000,0.0000,-0.0270,0.8523,-177.1302,0.017,6953,0.0105,-0.0994,0.2731,1,3,0.775
83.056,0,3,3,0.0000,1.2333,0.0434,0.9764,-176.9775,0.0000,0.0000,0.0000,0.0606,1.1705,-173.6564,0.002,6959,0.0107,-0.0994,0.2606,1,3,0.769
83.155,0,3,3,0.0000,1.2333,0.0411,0.9886,-176.8102,0.0000,0.0000,0.0000,0.0318,0.9955,-177.6022,0.003,6965,0.0106,-0.0994,0.2482,1,3,0.765
83.254,0,3,3,0.0000,1.2333,0.0392,1.0015,-176.8750,0.0000,0.0000,0.0000,0.0669,1.0303,-178.2145,0.011,6970,0.0106,-0.0994,0.2351,1,3,0.746
83.355,0,3,3,0.0000,1.2333,0.0374,1.0147,-176.8403,0.0000,0.0000,0.0000,0.0508,1.2135,-173.1711,0.022,6975,0.0109,-0.0994,0.2219,1,3,0.734
83.452,0,3,3,0.0000,1.2333,0.0349,1.0279,-176.6224,0.0000,0.0000,0.0000,0.0483,1.2249,-173.0535,0.009,6983,0.0108,-0.0994,0.2083,1,3,0.714
83.553,0,3,3,0.0000,1.2333,0.0323,1.0383,-176.6275,0.0000,0.0000,0.0000,-0.0242,0.9137,-176.9991,0.015,6989,0.0104,-0.0995,0.1977,1,3,0.717
83.654,0,3,3,0.0000,1.2333,0.0308,1.0500,-176.7055,0.0000,0.0000,0.0000,0.0553,1.0335,-179.8775,0.008,6995,0.0105,-0.0994,0.1859,1,3,0.699
83.752,0,3,3,0.0000,1.2333,0.0281,1.0589,-176.7509,0.0000,0.0000,0.0000,0.0158,1.0670,-177.1832,0.005,7001,0.0100,-0.0995,0.1766,1,3,0.700
83.853,0,3,3,0.0000,1.2333,0.0264,1.0676,-176.8255,0.0000,0.0000,0.0000,0.0544,1.0545,179.9951,0.008,7006,0.0098,-0.0995,0.1678,1,3,0.684
83.952,0,3,3,0.0000,1.2333,0.0242,1.0776,-176.8908,0.0000,0.0000,0.0000,-0.0548,1.0029,-178.2598,0.011,7013,0.0094,-0.0996,0.1576,1,3,0.663
84.053,0,3,3,0.0000,1.2333,0.0230,1.0875,-176.6740,0.0000,0.0000,0.0000,0.0532,1.0688,179.9407,0.008,7019,0.0096,-0.0995,0.1476,1,3,0.659
84.152,0,3,3,0.0000,1.2333,0.0202,1.0969,-176.8738,0.0000,0.0000,0.0000,-0.0666,1.0283,-177.9282,0.016,7025,0.0087,-0.0996,0.1380,1,3,0.671
84.253,0,3,3,0.0000,1.2333,0.0191,1.1068,-177.0141,0.0000,0.0000,0.0000,0.0513,1.1005,-179.9646,0.008,7031,0.0090,-0.0996,0.1279,1,3,0.644
84.352,0,3,3,0.0000,1.2333,0.0172,1.1158,-176.8843,0.0000,0.0000,0.0000,-0.0395,1.0655,-178.7647,0.009,7037,0.0081,-0.0947,0.1187,1,3,0.631
84.453,0,3,3,0.0000,1.2333,0.0160,1.1257,-176.7901,0.0000,0.0000,0.0000,0.0426,1.1642,-178.6850,0.022,7042,0.0076,-0.0867,0.1088,1,3,0.637
84.553,0,3,3,0.0000,1.2333,0.0154,1.1336,-176.8412,0.0000,0.0000,0.0000,0.0524,1.1126,179.9917,0.022,7047,0.0075,-0.0804,0.1009,1,3,0.614
84.655,0,3,3,0.0000,1.2333,0.0136,1.1420,-176.9210,0.0000,0.0000,0.0000,0.0493,1.1342,-179.9603,0.002,7055,0.0065,-0.0741,0.0923,1,3,0.608
84.753,0,3,3,0.0000,1.2333,0.0125,1.1498,-176.9177,0.0000,0.0000,0.0000,-0.0118,1.1815,-176.8583,0.010,7060,0.0060,-0.0673,0.0845,1,3,0.598
84.855,0,3,3,0.0000,1.2333,0.0111,1.1567,-176.9318,0.0000,0.0000,0.0000,-0.0551,1.1007,-178.2916,0.012,7066,0.0058,-0.0618,0.0774,1,3,0.592
84.957,0,3,3,0.0000,1.2333,0.0099,1.1623,-176.8259,0.0000,0.0000,0.0000,-0.0194,1.0484,-177.2898,0.012,7073,0.0000,0.0000,0.0717,1,3,0.570
85.054,0,3,3,0.0000,1.2333,0.0102,1.1655,-176.8286,0.0000,0.0000,0.0000,0.0474,1.1652,-179.8630,0.011,7079,0.0000,0.0000,0.0686,1,3,0.562
85.153,0,3,3,0.0000,1.2333,0.0093,1.1655,-176.8632,0.0000,0.0000,0.0000,-0.0614,1.1226,-178.0352,0.009,7085,0.0000,0.0000,0.0685,1,3,0.571
85.252,0,3,3,0.0000,1.2333,0.0096,1.1666,-176.9086,0.0000,0.0000,0.0000,0.0478,1.1644,-179.7968,0.009,7091,0.0000,0.0000,0.0674,1,3,0.578
85.352,0,3,3,0.0000,1.2333,0.0084,1.1672,-176.9151,0.0000,0.0000,0.0000,-0.0634,1.1258,-178.0516,0.009,7097,0.0000,0.0000,0.0667,1,3,0.569
85.453,0,3,3,0.0000,1.2333,0.0085,1.1676,-176.9476,0.0000,0.0000,0.0000,0.0478,1.1644,-179.7975,0.010,7102,0.0000,0.0000,0.0663,1,3,0.575
85.552,0,3,3,0.0000,1.2333,0.0077,1.1684,-176.9716,0.0000,0.0000,0.0000,-0.0634,1.1258,-178.0516,0.008,7109,0.0000,0.0000,0.0654,1,3,0.579
85.652,0,3,3,0.0000,1.2333,0.0087,1.1682,-177.0402,0.0000,0.0000,0.0000,0.0479,1.1644,-179.7980,0.012,7115,0.0000,0.0000,0.0657,1,3,0.568
85.753,0,3,3,0.0000,1.2333,0.0082,1.1689,-177.0443,0.0000,0.0000,0.0000,-0.0154,1.2054,-176.5579,0.011,7120,0.0000,0.0000,0.0650,1,3,0.562
85.855,0,3,3,0.0000,1.2333,0.0076,1.1692,-177.0679,0.0000,0.0000,0.0000,0.0478,1.1644,-179.7964,0.002,7127,0.0000,0.0000,0.0646,1,3,0.574
85.955,0,3,3,0.0000,1.2333,0.0062,1.1694,-177.0647,0.0000,0.0000,0.0000,-0.0154,1.2054,-176.5589,0.015,7132,0.0000,0.0000,0.0642,0,4,0.573
86.053,0,3,3,0.0000,1.2333,0.0044,1.1694,-177.0687,0.0000,0.0000,0.0000,0.0357,1.2168,-178.6982,0.007,7138,0.0000,0.0000,0.0641,0,4,0.583
86.153,0,3,3,0.0000,1.2333,0.0039,1.1698,-177.0846,0.0000,0.0000,0.0000,-0.0154,1.2055,-176.5604,0.011,7144,0.0000,0.0000,0.0636,0,4,0.569
86.255,0,3,3,0.0000,1.2333,0.0019,1.1695,-177.0948,0.0000,0.0000,0.0000,0.0479,1.1645,-179.7979,0.005,7151,0.0000,0.0000,0.0639,0,4,0.562
86.354,0,3,3,0.0000,1.2333,-0.0001,1.1694,-177.0837,0.0000,0.0000,0.0000,-0.1303,1.1101,-176.8791,0.003,7157,0.0000,0.0000,0.0639,0,4,0.574
86.453,0,3,3,0.0000,1.2333,0.0001,1.1699,-177.1125,0.0000,0.0000,0.0000,0.0479,1.1645,-179.7988,0.010,7163,0.0000,0.0000,0.0634,0,4,0.572
86.553,0,3,3,0.0000,1.2333,-0.0012,1.1688,-177.1256,0.0000,0.0000,0.0000,-0.1303,1.1102,-176.8783,0.012,7169,0.0000,0.0000,0.0645,0,4,0.581
86.654,0,3,3,0.0000,1.2333,-0.0013,1.1689,-177.1404,0.0000,0.0000,0.0000,0.0358,1.2169,-178.7003,0.002,7175,0.0000,0.0000,0.0644,0,4,0.562
86.754,0,3,3,0.0000,1.2333,-0.0016,1.1699,-177.1433,0.0000,0.0000,0.0000,-0.1292,1.1103,-176.8986,0.007,7181,0.0000,0.0000,0.0635,0,4,0.585
86.852,0,3,3,0.0000,1.2333,-0.0033,1.1695,-177.1409,0.0000,0.0000,0.0000,0.0479,1.1645,-179.7995,0.008,7186,0.0000,0.0000,0.0640,0,4,0.576
86.952,0,3,3,0.0000,1.2333,-0.0024,1.1693,-177.1891,0.0000,0.0000,0.0000,-0.1292,1.1103,-176.8986,0.010,7193,0.0000,0.0000,0.0641,0,4,0.579
87.054,0,3,3,0.0000,1.2333,-0.0032,1.1693,-177.2072,0.0000,0.0000,0.0000,0.0479,1.1645,-179.7997,0.011,7199,0.0000,0.0000,0.0641,0,4,0.574
87.153,0,3,3,0.0000,1.2333,-0.0044,1.1683,-177.2237,0.0000,0.0000,0.0000,-0.1292,1.1103,-176.8986,0.011,7205,0.0000,0.0000,0.0652,0,4,0.576
87.253,0,3,3,0.0000,1.2333,-0.0038,1.1679,-177.2555,0.0000,0.0000,0.0000,0.0360,1.2169,-178.7057,0.021,7210,0.0000,0.0000,0.0655,0,4,0.567
87.353,0,3,3,0.0000,1.2333,-0.0038,1.1681,-177.2692,0.0000,0.0000,0.0000,0.0479,1.1646,-179.8014,0.020,7215,0.0000,0.0000,0.0653,0,4,0.582
87.453,0,3,3,0.0000,1.2333,-0.0046,1.1676,-177.2898,0.0000,0.0000,0.0000,0.0479,1.1646,-179.8009,0.011,7223,0.0000,0.0000,0.0659,0,4,0.569
87.553,0,3,3,0.0000,1.2333,-0.0046,1.1682,-177.2925,0.0000,0.0000,0.0000,-0.0174,1.2063,-176.5409,0.020,7228,0.0000,0.0000,0.0653,0,4,0.581
87.653,0,3,3,0.0000,1.2333,-0.0053,1.1683,-177.3104,0.0000,0.0000,0.0000,0.0479,1.1646,-179.8006,0.006,7235,0.0000,0.0000,0.0653,0,4,0.599
87.753,0,3,3,0.0000,1.2333,-0.0069,1.1683,-177.2935,0.0000,0.0000,0.0000,-0.1275,1.1109,-176.9374,0.009,7241,0.0000,0.0000,0.0654,0,4,0.562
87.852,0,3,3,0.0000,1.2333,-0.0063,1.1689,-177.3126,0.0000,0.0000,0.0000,0.0479,1.1646,-179.8011,0.005,7247,0.0000,0.0000,0.0647,0,4,0.585
87.953,0,3,3,0.0000,1.2333,-0.0078,1.1689,-177.2984,0.0000,0.0000,0.0000,-0.1275,1.1109,-176.9374,0.006,7253,0.0000,0.0000,0.0649,0,4,0.570
88.054,0,3,3,0.0000,1.2333,-0.0071,1.1695,-177.3193,0.0000,0.0000,0.0000,0.0479,1.1646,-179.8015,0.005,7259,0.0000,0.0000,0.0642,0,4,0.570
88.152,0,3,3,0.0000,1.2333,-0.0086,1.1695,-177.3017,0.0000,0.0000,0.0000,-0.1275,1.1109,-176.9380,0.008,7265,0.0000,0.0000,0.0644,0,4,0.574
88.252,0,3,3,0.0000,1.2333,-0.0079,1.1700,-177.3226,0.0000,0.0000,0.0000,0.0479,1.1646,-179.8005,0.003,7271,0.0000,0.0000,0.0638,0,4,0.587
88.352,0,3,3,0.0000,1.2333,-0.0113,1.1692,-177.2759,0.0000,0.0000,0.0000,-0.2330,1.0670,-174.6092,0.009,7277,0.0000,0.0000,0.0652,0,4,0.571
88.452,0,3,3,0.0000,1.2333,-0.0120,1.1694,-177.2632,0.0000,0.0000,0.0000,0.0361,1.2170,-178.7066,0.023,7282,0.0000,0.0000,0.0651,0,4,0.577
88.554,0,3,3,0.0000,1.2333,-0.0137,1.1689,-177.2474,0.0000,0.0000,0.0000,0.0479,1.1646,-179.7994,0.005,7289,0.0000,0.0000,0.0659,0,4,0.581
88.653,0,3,3,0.0000,1.2333,-0.0138,1.1692,-177.2431,0.0000,0.0000,0.0000,0.0361,1.2170,-178.7070,0.023,7294,0.0000,0.0000,0.0656,0,4,0.578
88.753,0,3,3,0.0000,1.2333,-0.0139,1.1695,-177.2418,0.0000,0.0000,0.0000,-0.0174,1.2062,-176.5440,0.011,7300,0.0000,0.0000,0.0653,0,4,0.578
88.853,0,3,3,0.0000,1.2333,-0.0217,1.1647,-177.1404,0.0000,0.0000,0.0000,-0.5534,0.8976,-167.8516,0.005,7306,0.0000,0.0000,0.0720,0,4,0.563
88.953,0,3,3,0.0000,1.2333,-0.0242,1.1625,-177.1119,0.0000,0.0000,0.0000,-0.0164,1.2060,-176.5483,0.020,7312,0.0000,0.0000,0.0748,0,4,0.565
89.053,0,3,3,0.0000,1.2333,-0.0313,1.1591,-177.0157,0.0000,0.0000,0.0000,0.0479,1.1647,-179.8001,0.013,7319,0.0000,0.0000,0.0805,0,4,0.572
89.152,0,3,3,0.0000,1.2333,-0.0386,1.1548,-176.9117,0.0000,0.0000,0.0000,-0.5526,0.8979,-167.9611,0.011,7325,0.0000,0.0000,0.0875,0,4,0.580
89.252,0,3,3,0.0000,1.2333,-0.0396,1.1533,-176.9080,0.0000,0.0000,0.0000,0.0479,1.1647,-179.7991,0.010,7331,0.0000,0.0000,0.0893,0,4,0.575
89.353,0,3,3,0.0000,1.2333,-0.0470,1.1503,-176.7856,0.0000,0.0000,0.0000,-0.5526,0.8979,-167.9611,0.011,7337,0.0000,0.0000,0.0954,0,4,0.572
89.454,0,3,3,0.0000,1.2333,-0.0489,1.1494,-176.7509,0.0000,0.0000,0.0000,0.0479,1.1647,-179.7992,0.007,7342,0.0000,0.0000,0.0972,0,4,0.566
89.553,0,3,3,0.0000,1.2333,-0.0550,1.1472,-176.6487,0.0000,0.0000,0.0000,-0.5526,0.8979,-167.9611,0.009,7349,0.0000,0.0000,0.1022,0,4,0.573
89.653,0,3,3,0.0000,1.2333,-0.0551,1.1461,-176.6562,0.0000,0.0000,0.0000,0.0479,1.1647,-179.7993,0.005,7355,0.0000,0.0000,0.1032,0,4,0.582
89.751,0,3,3,0.0000,1.2333,-0.0617,1.1434,-176.5457,0.0000,0.0000,0.0000,-0.5526,0.8979,-167.9611,0.006,7361,0.0000,0.0000,0.1090,0,4,0.570
89.852,0,3,3,0.0000,1.2333,-0.0619,1.1435,-176.5351,0.0000,0.0000,0.0000,0.0479,1.1647,-179.7986,0.005,7367,0.0000,0.0000,0.1091,0,4,0.564
89.953,0,3,3,0.0000,1.2333,-0.0686,1.1404,-176.4261,0.0000,0.0000,0.0000,-0.0160,1.2058,-176.5580,0.003,7373,0.0000,0.0000,0.1155,0,4,0.573
90.053,0,3,3,0.0000,1.2333,-0.0692,1.1409,-176.3964,0.0000,0.0000,0.0000,-0.5526,0.8979,-167.9626,0.017,7378,0.0000,0.0000,0.1154,0,4,0.588
90.154,0,3,3,0.0000,1.2333,-0.0700,1.1404,-176.3762,0.0000,0.0000,0.0000,0.0479,1.1647,-179.7984,0.025,7383,0.0000,0.0000,0.1163,0,4,0.577
90.254,0,3,3,0.0000,1.2333,-0.0737,1.1391,-176.3154,0.0000,0.0000,0.0000,0.0478,1.1647,-179.7978,0.014,7391,0.0000,0.0000,0.1196,0,4,0.572
90.353,0,3,3,0.0000,1.2333,-0.0792,1.1368,-176.2169,0.0000,0.0000,0.0000,-0.5526,0.8979,-167.9626,0.012,7397,0.0000,0.0000,0.1249,0,4,0.590
90.453,0,3,3,0.0000,1.2333,-0.0786,1.1372,-176.2195,0.0000,0.0000,0.0000,0.0478,1.1647,-179.7982,0.010,7403,0.0000,0.0000,0.1242,0,4,0.576
90.553,0,3,3,0.0000,1.2333,-0.0839,1.1351,-176.1276,0.0000,0.0000,0.0000,-0.5526,0.8979,-167.9626,0.009,7409,0.0000,0.0000,0.1292,0,4,0.574
90.652,0,3,3,0.0000,1.2333,-0.0853,1.1345,-176.0906,0.0000,0.0000,0.0000,0.0478,1.1647,-179.7977,0.007,7414,0.0000,0.0000,0.1305,0,4,0.583
90.753,0,3,3,0.0000,1.2333,-0.0875,1.1326,-176.0660,0.0000,0.0000,0.0000,-0.5526,0.8979,-167.9626,0.007,7421,0.0000,0.0000,0.1334,0,4,0.581
90.853,0,3,3,0.0000,1.2333,-0.0864,1.1333,-176.0768,0.0000,0.0000,0.0000,0.0478,1.1647,-179.7980,0.007,7427,0.0000,0.0000,0.1322,0,4,0.571
90.953,0,3,3,0.0000,1.2333,-0.0912,1.1313,-175.9889,0.0000,0.0000,0.0000,-0.5526,0.8979,-167.9626,0.009,7433,0.0000,0.0000,0.1368,0,4,0.571
91.053,0,3,3,0.0000,1.2333,-0.0899,1.1320,-176.0034,0.0000,0.0000,0.0000,0.0479,1.1648,-179.7982,0.009,7439,0.0000,0.0000,0.1354,0,4,0.584
91.152,0,3,3,0.0000,1.2333,-0.0901,1.1313,-175.9758,0.0000,0.0000,0.0000,-0.0697,1.0232,-175.9305,0.005,7445,0.0000,0.0000,0.1361,0,4,0.573
91.254,0,3,3,0.0000,1.2333,-0.0852,1.1319,-176.0386,0.0000,0.0000,0.0000,0.0363,1.2172,-178.7109,0.020,7450,0.0000,0.0000,0.1324,0,4,0.574
91.356,0,3,3,0.0000,1.2333,-0.0803,1.1321,-176.1104,0.0000,0.0000,0.0000,0.0478,1.1648,-179.7971,0.026,7455,0.0000,0.0000,0.1292,0,4,0.577
91.452,0,3,3,0.0000,1.2333,-0.0745,1.1336,-176.1748,0.0000,0.0000,0.0000,0.0478,1.1648,-179.7964,0.008,7463,0.0000,0.0000,0.1245,0,4,0.575
91.553,0,3,3,0.0000,1.2333,-0.0713,1.1349,-176.1966,0.0000,0.0000,0.0000,-0.0164,1.2057,-176.5655,0.007,7468,0.0000,0.0000,0.1215,0,4,0.583
91.655,0,3,3,0.0000,1.2333,-0.0678,1.1353,-176.2286,0.0000,0.0000,0.0000,-0.0697,1.0232,-175.9289,0.006,7474,0.0000,0.0000,0.1192,0,4,0.577
91.754,0,3,3,0.0000,1.2333,-0.0639,1.1358,-176.2708,0.0000,0.0000,0.0000,-0.0697,1.0233,-175.9302,0.005,7481,0.0000,0.0000,0.1166,0,4,0.572
91.853,0,3,3,0.0000,1.2333,-0.0597,1.1374,-176.3283,0.0000,0.0000,0.0000,0.0478,1.1648,-179.7954,0.010,7487,0.0000,0.0000,0.1130,0,4,0.565
91.952,0,3,3,0.0000,1.2333,-0.0567,1.1366,-176.3658,0.0000,0.0000,0.0000,-0.0698,1.0233,-175.9284,0.016,7493,0.0000,0.0000,0.1122,0,4,0.581
92.053,0,3,3,0.0000,1.2333,-0.0529,1.1381,-176.4189,0.0000,0.0000,0.0000,0.0478,1.1648,-179.7957,0.012,7499,0.0000,0.0000,0.1089,0,4,0.576
92.152,0,3,3,0.0000,1.2333,-0.0508,1.1382,-176.4299,0.0000,0.0000,0.0000,-0.0697,1.0233,-175.9294,0.009,7505,0.0000,0.0000,0.1078,0,4,0.587
92.252,0,3,3,0.0000,1.2333,-0.0475,1.1380,-176.4879,0.0000,0.0000,0.0000,0.0478,1.1648,-179.7960,0.007,7510,0.0000,0.0000,0.1065,0,4,0.576
92.352,0,3,3,0.0000,1.2333,-0.0450,1.1388,-176.5110,0.0000,0.0000,0.0000,-0.0697,1.0233,-175.9302,0.014,7517,0.0000,0.0000,0.1047,0,4,0.580
92.455,0,3,3,0.0000,1.2333,-0.0418,1.1403,-176.5594,0.0000,0.0000,0.0000,0.0478,1.1648,-179.7958,0.012,7523,0.0000,0.0000,0.1020,0,4,0.582
92.553,0,3,3,0.0000,1.2333,-0.0404,1.1403,-176.5657,0.0000,0.0000,0.0000,-0.0697,1.0233,-175.9304,0.011,7529,0.0000,0.0000,0.1014,0,4,0.586
92.653,0,3,3,0.0000,1.2333,-0.0382,1.1414,-176.5884,0.0000,0.0000,0.0000,0.0365,1.2173,-178.7133,0.029,7534,0.0000,0.0000,0.0995,0,4,0.578
92.753,0,3,3,0.0000,1.2333,-0.0359,1.1427,-176.6176,0.0000,0.0000,0.0000,-0.0168,1.2062,-176.5479,0.008,7540,0.0000,0.0000,0.0975,0,4,0.584
92.855,0,3,3,0.0000,1.2333,-0.0343,1.1426,-176.6336,0.0000,0.0000,0.0000,0.0478,1.1648,-179.7953,0.002,7547,0.0000,0.0000,0.0970,0,4,0.580
92.953,0,3,3,0.0000,1.2333,-0.0321,1.1438,-176.6610,0.0000,0.0000,0.0000,-0.0169,1.2062,-176.5452,0.014,7552,0.0000,0.0000,0.0952,0,4,0.575
93.052,0,3,3,0.0000,1.2333,-0.0296,1.1450,-176.7022,0.0000,0.0000,0.0000,0.0478,1.1648,-179.7961,0.016,7558,0.0000,0.0000,0.0932,0,4,0.570
93.153,0,3,3,0.0000,1.2333,-0.0288,1.1447,-176.7017,0.0000,0.0000,0.0000,-0.0168,1.2062,-176.5477,0.024,7564,0.0000,0.0000,0.0932,0,4,0.579
93.253,0,3,3,0.0000,1.2333,-0.0269,1.1448,-176.7349,0.0000,0.0000,0.0000,0.0478,1.1648,-179.7943,0.009,7571,0.0000,0.0000,0.0925,0,4,0.584
93.352,0,3,3,0.0000,1.2333,-0.0262,1.1445,-176.7306,0.0000,0.0000,0.0000,-0.0697,1.0234,-175.9361,0.014,7577,0.0000,0.0000,0.0926,0,4,0.584
93.453,0,3,3,0.0000,1.2333,-0.0246,1.1450,-176.7558,0.0000,0.0000,0.0000,0.0478,1.1649,-179.7960,0.013,7582,0.0000,0.0000,0.0917,0,4,0.584
93.554,0,3,3,0.0000,1.2333,-0.0236,1.1454,-176.7647,0.0000,0.0000,0.0000,-0.0697,1.0235,-175.9396,0.013,7589,0.0000,0.0000,0.0911,0,4,0.508
93.655,0,3,3,0.0000,1.2333,-0.0215,1.1465,-176.8015,0.0000,0.0000,0.0000,0.0478,1.1649,-179.7952,0.009,7595,0.0000,0.0000,0.0895,0,4,0.534
93.754,0,3,3,0.0000,1.2333,-0.0207,1.1452,-176.8175,0.0000,0.0000,0.0000,-0.0697,1.0236,-175.9440,0.015,7601,0.0000,0.0000,0.0905,0,4,0.501
93.853,0,3,3,0.0000,1.2333,-0.0188,1.1463,-176.8520,0.0000,0.0000,0.0000,0.0478,1.1649,-179.7949,0.010,7607,0.0000,0.0000,0.0890,0,4,0.501
93.952,0,3,3,0.0000,1.2333,-0.0186,1.1460,-176.8447,0.0000,0.0000,0.0000,-0.0697,1.0237,-175.9439,0.006,7613,0.0000,0.0000,0.0893,0,4,0.512
94.054,0,3,3,0.0000,1.2333,-0.0174,1.1469,-176.8598,0.0000,0.0000,0.0000,0.0366,1.2174,-178.7159,0.022,7618,0.0000,0.0000,0.0882,0,4,0.570
94.154,0,3,3,0.0000,1.2333,-0.0162,1.1472,-176.8788,0.0000,0.0000,0.0000,0.0478,1.1649,-179.7938,0.021,7623,0.0000,0.0000,0.0876,0,4,0.573
94.253,0,3,3,0.0000,1.2333,-0.0145,1.1467,-176.9241,0.0000,0.0000,0.0000,0.0478,1.1649,-179.7945,0.012,7631,0.0000,0.0000,0.0879,0,4,0.580
94.353,0,3,3,0.0000,1.2333,-0.0140,1.1474,-176.9186,0.0000,0.0000,0.0000,-0.0168,1.2059,-176.5588,0.025,7636,0.0000,0.0000,0.0870,0,4,0.578
94.453,0,3,3,0.0000,1.2333,-0.0080,1.1501,-177.0441,0.0000,0.0000,0.0000,0.0478,1.1649,-179.7951,0.009,7643,0.0000,0.0000,0.0836,0,4,0.583
94.552,0,3,3,0.0000,1.2333,-0.0034,1.1524,-177.1267,0.0000,0.0000,0.0000,0.2048,1.1811,176.8940,0.012,7649,0.0000,0.0000,0.0810,0,4,0.529
94.652,0,3,3,0.0000,1.2333,0.0005,1.1536,-177.2201,0.0000,0.0000,0.0000,0.0478,1.1649,-179.7947,0.010,7655,0.0000,0.0000,0.0798,0,4,0.589
94.753,0,3,3,0.0000,1.2333,0.0047,1.1557,-177.2968,0.0000,0.0000,0.0000,0.2048,1.1811,176.8954,0.007,7661,0.0000,0.0000,0.0778,0,4,0.567
94.851,0,3,3,0.0000,1.2333,0.0082,1.1567,-177.3822,0.0000,0.0000,0.0000,0.0477,1.1649,-179.7922,0.005,7667,0.0000,0.0000,0.0771,0,4,0.580
94.952,0,3,3,0.0000,1.2333,0.0119,1.1586,-177.4494,0.0000,0.0000,0.0000,0.2047,1.1811,176.8962,0.013,7673,0.0000,0.0000,0.0757,0,4,0.569
95.054,0,3,3,0.0000,1.2333,0.0145,1.1604,-177.5050,0.0000,0.0000,0.0000,0.0366,1.2175,-178.7144,0.005,7679,0.0000,0.0000,0.0743,0,4,0.576
95.153,0,3,3,0.0000,1.2333,0.0184,1.1612,-177.5898,0.0000,0.0000,0.0000,0.2047,1.1811,176.8971,0.014,7685,0.0000,0.0000,0.0744,0,4,0.578
95.253,0,3,3,0.0000,1.2333,0.0209,1.1619,-177.6507,0.0000,0.0000,0.0000,0.0366,1.2175,-178.7155,0.025,7690,0.0000,0.0000,0.0744,0,4,0.578
95.352,0,3,3,0.0000,1.2333,0.0251,1.1622,-177.7564,0.0000,0.0000,0.0000,-0.0163,1.2059,-176.5590,0.002,7697,0.0000,0.0000,0.0754,0,4,0.568
95.453,0,3,3,0.0000,1.2333,0.0246,1.1631,-177.7507,0.0000,0.0000,0.0000,0.0478,1.1649,-179.7936,0.003,7703,0.0000,0.0000,0.0744,0,4,0.437
95.553,0,3,3,0.0000,1.2333,0.0243,1.1625,-177.7481,0.0000,0.0000,0.0000,-0.0171,1.2063,-176.5444,0.007,7708,0.0000,0.0000,0.0749,0,4,0.439
95.652,0,3,3,0.0000,1.2333,0.0235,1.1620,-177.7318,0.0000,0.0000,0.0000,0.0477,1.1649,-179.7926,0.002,7715,0.0000,0.0000,0.0751,0,4,0.460
95.754,0,3,3,0.0000,1.2333,0.0229,1.1624,-177.7220,0.0000,0.0000,0.0000,-0.0171,1.2063,-176.5437,0.021,7720,0.0000,0.0000,0.0746,0,4,0.463
95.851,0,3,3,0.0000,1.2333,0.0230,1.1609,-177.7466,0.0000,0.0000,0.0000,0.0478,1.1650,-179.7924,0.008,7727,0.0000,0.0000,0.0760,0,4,0.440
95.952,0,3,3,0.0000,1.2333,0.0218,1.1604,-177.7183,0.0000,0.0000,0.0000,-0.0209,1.0558,-177.1831,0.015,7733,0.0000,0.0000,0.0762,0,4,0.448
96.052,0,3,3,0.0000,1.2333,0.0218,1.1610,-177.7238,0.0000,0.0000,0.0000,0.0477,1.1650,-179.7917,0.013,7739,0.0000,0.0000,0.0756,0,4,0.415
96.152,0,3,3,0.0000,1.2333,0.0213,1.1594,-177.7183,0.0000,0.0000,0.0000,-0.0209,1.0559,-177.1817,0.010,7745,0.0000,0.0000,0.0769,0,4,0.433
96.254,0,3,3,0.0000,1.2333,0.0212,1.1595,-177.7162,0.0000,0.0000,0.0000,0.0478,1.1650,-179.7925,0.009,7750,0.0000,0.0000,0.0768,0,4,0.424
96.352,0,3,3,0.0000,1.2333,0.0204,1.1595,-177.6977,0.0000,0.0000,0.0000,-0.0031,1.0431,-177.2481,0.010,7757,0.0000,0.0000,0.0766,0,4,0.408
96.452,0,3,3,0.0000,1.2333,0.0206,1.1600,-177.7047,0.0000,0.0000,0.0000,0.0478,1.1650,-179.7923,0.006,7763,0.0000,0.0000,0.0762,0,4,0.416
96.552,0,3,3,0.0000,1.2333,0.0204,1.1583,-177.7018,0.0000,0.0000,0.0000,-0.0030,1.0431,-177.2509,0.014,7769,0.0000,0.0000,0.0778,0,4,0.429
96.652,0,3,3,0.0000,1.2333,0.0204,1.1588,-177.6953,0.0000,0.0000,0.0000,0.0477,1.1650,-179.7913,0.003,7775,0.0000,0.0000,0.0772,0,4,0.423
96.753,0,3,3,0.0000,1.2333,0.0199,1.1582,-177.6791,0.0000,0.0000,0.0000,-0.0175,1.2068,-176.5304,0.006,7781,0.0000,0.0000,0.0777,0,4,0.558
96.853,0,3,3,0.0000,1.2333,0.0205,1.1578,-177.6939,0.0000,0.0000,0.0000,0.0368,1.2176,-178.7190,0.010,7786,0.0000,0.0000,0.0783,0,4,0.583
96.953,0,3,3,0.0000,1.2333,0.0206,1.1578,-177.6948,0.0000,0.0000,0.0000,0.0477,1.1650,-179.7911,0.024,7791,0.0000,0.0000,0.0782,0,4,0.573
97.054,0,3,3,0.0000,1.2333,0.0208,1.1569,-177.7140,0.0000,0.0000,0.0000,0.0477,1.1650,-179.7908,0.005,7799,0.0000,0.0000,0.0793,0,4,0.578
97.153,0,3,3,0.0000,1.2333,0.0201,1.1563,-177.6863,0.0000,0.0000,0.0000,-0.0031,1.0431,-177.2489,0.013,7805,0.0000,0.0000,0.0796,0,4,0.471
97.252,0,3,3,0.0000,1.2333,0.0203,1.1570,-177.6917,0.0000,0.0000,0.0000,0.0477,1.1650,-179.7913,0.009,7811,0.0000,0.0000,0.0790,0,4,0.510
97.353,0,3,3,0.0000,1.2333,0.0197,1.1564,-177.6658,0.0000,0.0000,0.0000,-0.0031,1.0432,-177.2500,0.011,7817,0.0000,0.0000,0.0794,0,4,0.424
97.452,0,3,3,0.0000,1.2333,0.0195,1.1565,-177.6536,0.0000,0.0000,0.0000,0.0368,1.2177,-178.7203,0.003,7823,0.0000,0.0000,0.0793,0,4,0.420
97.552,0,3,3,0.0000,1.2333,0.0203,1.1546,-177.6939,0.0000,0.0000,0.0000,-0.0031,1.0432,-177.2494,0.009,7829,0.0000,0.0000,0.0813,0,4,0.411
97.654,0,3,3,0.0000,1.2333,0.0211,1.1544,-177.7231,0.0000,0.0000,0.0000,0.0477,1.1650,-179.7909,0.005,7835,0.0000,0.0000,0.0817,0,4,0.535
97.752,0,3,3,0.0000,1.2333,0.0204,1.1540,-177.6978,0.0000,0.0000,0.0000,-0.0031,1.0432,-177.2489,0.013,7841,0.0000,0.0000,0.0819,0,4,0.422
97.852,0,3,3,0.0000,1.2333,0.0206,1.1548,-177.7041,0.0000,0.0000,0.0000,0.0478,1.1650,-179.7908,0.009,7847,0.0000,0.0000,0.0812,0,4,0.582
97.952,0,3,3,0.0000,1.2333,0.0201,1.1544,-177.6816,0.0000,0.0000,0.0000,0.0166,1.0498,-177.6633,0.016,7853,0.0000,0.0000,0.0814,0,4,0.578
98.053,0,3,3,0.0000,1.2333,0.0201,1.1551,-177.6757,0.0000,0.0000,0.0000,0.0368,1.2177,-178.7195,0.027,7858,0.0000,0.0000,0.0807,0,4,0.486
98.152,0,3,3,0.0000,1.2333,0.0202,1.1554,-177.6776,0.0000,0.0000,0.0000,0.0478,1.1650,-179.7908,0.023,7863,0.0000,0.0000,0.0806,0,4,0.453
98.254,0,3,3,0.0000,1.2333,0.0202,1.1545,-177.6816,0.0000,0.0000,0.0000,0.0478,1.1650,-179.7905,0.002,7871,0.0000,0.0000,0.0814,0,4,0.439
98.353,0,3,3,0.0000,1.2333,0.0205,1.1542,-177.6963,0.0000,0.0000,0.0000,-0.0180,1.2065,-176.5378,0.012,7876,0.0000,0.0000,0.0817,0,4,0.446
98.454,0,3,3,0.0000,1.2333,0.0208,1.1538,-177.7174,0.0000,0.0000,0.0000,0.0478,1.1650,-179.7909,0.003,7883,0.0000,0.0000,0.0822,0,4,0.428
98.554,0,3,3,0.0000,1.2333,0.0210,1.1531,-177.7674,0.0000,0.0000,0.0000,-0.0241,1.1248,-178.4507,0.013,7889,0.0000,0.0000,0.0829,0,4,0.339
98.652,0,3,3,0.0000,1.2333,0.0210,1.1547,-177.7786,0.0000,0.0000,0.0000,0.0478,1.1650,-179.7902,0.009,7895,0.0000,0.0000,0.0814,0,4,0.469
98.753,0,3,3,0.0000,1.2333,0.0204,1.1548,-177.7887,0.0000,0.0000,0.0000,-0.0241,1.1248,-178.4507,0.018,7901,0.0000,0.0000,0.0812,0,4,0.477
98.851,0,3,3,0.0000,1.2333,0.0205,1.1563,-177.7995,0.0000,0.0000,0.0000,0.0478,1.1651,-179.7897,0.005,7907,0.0000,0.0000,0.0797,0,4,0.469
98.953,0,3,3,0.0000,1.2333,0.0194,1.1572,-177.7834,0.0000,0.0000,0.0000,-0.0241,1.1248,-178.4507,0.017,7913,0.0000,0.0000,0.0785,0,4,0.408
99.055,0,3,3,0.0000,1.2333,0.0199,1.1571,-177.8093,0.0000,0.0000,0.0000,0.0369,1.2178,-178.7200,0.005,7919,0.0000,0.0000,0.0788,0,4,0.387
99.153,0,3,3,0.0000,1.2333,0.0190,1.1586,-177.7998,0.0000,0.0000,0.0000,-0.0241,1.1248,-178.4507,0.019,7925,0.0000,0.0000,0.0771,0,4,0.251
99.253,0,3,3,0.0000,1.2333,0.0191,1.1599,-177.8089,0.0000,0.0000,0.0000,0.0478,1.1651,-179.7889,0.012,7931,0.0000,0.0000,0.0759,0,4,0.567
99.352,0,3,3,0.0000,1.2333,0.0181,1.1607,-177.7943,0.0000,0.0000,0.0000,0.0478,1.1651,-179.7889,0.009,7937,0.0000,0.0000,0.0748,0,4,0.251
99.453,0,3,3,0.0000,1.2333,0.0150,1.1608,-177.7465,0.0000,0.0000,0.0000,0.0369,1.2178,-178.7218,0.025,7942,0.0000,0.0000,0.0741,0,4,0.575
99.553,0,3,3,0.0000,1.2333,0.0124,1.1600,-177.7217,0.0000,0.0000,0.0000,-0.0160,1.2059,-176.5575,0.018,7948,0.0000,0.0000,0.0744,0,4,0.577
99.654,0,3,3,0.0000,1.2333,0.0064,1.1588,-177.6421,0.0000,0.0000,0.0000,0.0478,1.1651,-179.7882,0.002,7955,0.0000,0.0000,0.0748,0,4,0.570
99.753,0,3,3,0.0000,1.2333,0.0005,1.1576,-177.5641,0.0000,0.0000,0.0000,-0.3500,1.0103,-172.2329,0.005,7961,0.0000,0.0000,0.0758,0,4,0.588
99.854,0,3,3,0.0000,1.2333,-0.0014,1.1578,-177.5394,0.0000,0.0000,0.0000,0.0478,1.1651,-179.7888,0.008,7967,0.0000,0.0000,0.0755,0,4,0.595
99.953,0,3,3,0.0000,1.2333,-0.0073,1.1566,-177.4492,0.0000,0.0000,0.0000,-0.3578,1.0065,-172.0750,0.014,7973,0.0000,0.0000,0.0771,0,4,0.579
100.053,0,3,3,0.0000,1.2333,-0.0083,1.1559,-177.4534,0.0000,0.0000,0.0000,0.0477,1.1651,-179.7871,0.016,7979,0.0000,0.0000,0.0778,0,4,0.563
100.153,0,3,3,0.0000,1.2333,-0.0139,1.1548,-177.3654,0.0000,0.0000,0.0000,-0.3578,1.0065,-172.0750,0.009,7985,0.0000,0.0000,0.0798,0,4,0.568
100.253,0,3,3,0.0000,1.2333,-0.0161,1.1545,-177.3252,0.0000,0.0000,0.0000,0.0370,1.2179,-178.7227,0.003,7991,0.0000,0.0000,0.0804,0,4,0.575
100.353,0,3,3,0.0000,1.2333,-0.0201,1.1541,-177.2710,0.0000,0.0000,0.0000,-0.3558,1.0081,-172.3553,0.012,7997,0.0000,0.0000,0.0817,0,4,0.577
100.453,0,3,3,0.0000,1.2333,-0.0221,1.1539,-177.2350,0.0000,0.0000,0.0000,0.0370,1.2179,-178.7225,0.003,8003,0.0000,0.0000,0.0824,0,4,0.192
100.552,0,3,3,0.0000,1.2333,-0.0257,1.1536,-177.1866,0.0000,0.0000,0.0000,-0.3558,1.0081,-172.3553,0.008,8009,0.0000,0.0000,0.0838,0,4,0.397
100.653,0,3,3,0.0000,1.2333,-0.0262,1.1541,-177.1816,0.0000,0.0000,0.0000,0.0477,1.1651,-179.7855,0.011,8015,0.0000,0.0000,0.0835,0,4,0.486
100.753,0,3,3,0.0000,1.2333,-0.0296,1.1511,-177.1532,0.0000,0.0000,0.0000,-0.3558,1.0081,-172.3553,0.006,8021,0.0000,0.0000,0.0874,0,4,0.507
100.853,0,3,3,0.0000,1.2333,-0.0300,1.1507,-177.1546,0.0000,0.0000,0.0000,0.0370,1.2179,-178.7230,0.021,8026,0.0000,0.0000,0.0879,0,4,0.510
100.954,0,3,3,0.0000,1.2333,-0.0303,1.1498,-177.1585,0.0000,0.0000,0.0000,0.0433,1.0996,-179.7949,0.006,8032,0.0000,0.0000,0.0889,0,4,0.533
101.052,0,3,3,0.0000,1.2333,-0.0322,1.1479,-177.1604,0.0000,0.0000,0.0000,0.0477,1.1652,-179.7863,0.008,8039,0.0000,0.0000,0.0913,0,4,0.572
101.153,0,3,3,0.0000,1.2333,-0.0324,1.1465,-177.1658,0.0000,0.0000,0.0000,0.0433,1.0996,-179.7943,0.024,8044,0.0000,0.0000,0.0926,0,4,0.570
101.253,0,3,3,0.0000,1.2333,-0.0348,1.1453,-177.1505,0.0000,0.0000,0.0000,0.0477,1.1652,-179.7861,0.012,8051,0.0000,0.0000,0.0947,0,4,0.573
101.353,0,3,3,0.0000,1.2333,-0.0378,1.1428,-177.1248,0.0000,0.0000,0.0000,-0.3558,1.0081,-172.3553,0.012,8057,0.0000,0.0000,0.0981,0,4,0.576
101.452,0,3,3,0.0000,1.2333,-0.0371,1.1429,-177.1420,0.0000,0.0000,0.0000,0.0477,1.1652,-179.7855,0.012,8063,0.0000,0.0000,0.0977,0,4,0.573
101.552,0,3,3,0.0000,1.2333,-0.0400,1.1406,-177.1167,0.0000,0.0000,0.0000,-0.3558,1.0081,-172.3553,0.009,8069,0.0000,0.0000,0.1010,0,4,0.577
101.653,0,3,3,0.0000,1.2333,-0.0391,1.1409,-177.1351,0.0000,0.0000,0.0000,0.0477,1.1652,-179.7854,0.010,8075,0.0000,0.0000,0.1004,0,4,0.577
101.752,0,3,3,0.0000,1.2333,-0.0419,1.1386,-177.1115,0.0000,0.0000,0.0000,-0.3558,1.0081,-172.3553,0.009,8081,0.0000,0.0000,0.1035,0,4,0.574
101.855,0,3,3,0.0000,1.2333,-0.0416,1.1383,-177.1192,0.0000,0.0000,0.0000,0.0371,1.2180,-178.7240,0.002,8087,0.0000,0.0000,0.1038,0,4,0.568
101.953,0,3,3,0.0000,1.2333,-0.0436,1.1369,-177.1041,0.0000,0.0000,0.0000,-0.3558,1.0081,-172.3553,0.012,8093,0.0000,0.0000,0.1058,0,4,0.586
102.053,0,3,3,0.0000,1.2333,-0.0434,1.1371,-177.1038,0.0000,0.0000,0.0000,0.0371,1.2180,-178.7244,0.029,8098,0.0000,0.0000,0.1056,0,4,0.568
102.154,0,3,3,0.0000,1.2333,-0.0459,1.1356,-177.0787,0.0000,0.0000,0.0000,0.0431,1.0996,-179.7937,0.003,8105,0.0000,0.0000,0.1079,0,4,0.584
102.252,0,3,3,0.0000,1.2333,-0.0439,1.1359,-177.1187,0.0000,0.0000,0.0000,0.0477,1.1652,-179.7857,0.006,8111,0.0000,0.0000,0.1069,0,4,0.588
102.352,0,3,3,0.0000,1.2333,-0.0435,1.1351,-177.1277,0.0000,0.0000,0.0000,0.0431,1.0996,-179.7941,0.017,8116,0.0000,0.0000,0.1075,0,4,0.576
102.454,0,3,3,0.0000,1.2333,-0.0453,1.1345,-177.1149,0.0000,0.0000,0.0000,0.0477,1.1652,-179.7852,0.008,8123,0.0000,0.0000,0.1087,0,4,0.574
102.553,0,3,3,0.0000,1.2333,-0.0478,1.1326,-177.0896,0.0000,0.0000,0.0000,-0.3558,1.0081,-172.3553,0.006,8129,0.0000,0.0000,0.1115,0,4,0.587
102.654,0,3,3,0.0000,1.2333,-0.0465,1.1333,-177.1109,0.0000,0.0000,0.0000,0.0477,1.1652,-179.7853,0.016,8135,0.0000,0.0000,0.1103,0,4,0.596
102.752,0,3,3,0.0000,1.2333,-0.0488,1.1315,-177.0862,0.0000,0.0000,0.0000,0.0430,1.0996,-179.7936,0.005,8141,0.0000,0.0000,0.1130,0,4,0.584
102.852,0,3,3,0.0000,1.2333,-0.0475,1.1322,-177.1063,0.0000,0.0000,0.0000,0.0477,1.1653,-179.7852,0.008,8147,0.0000,0.0000,0.1117,0,4,0.582
102.953,0,3,3,0.0000,1.2333,-0.0498,1.1305,-177.0839,0.0000,0.0000,0.0000,-0.3558,1.0081,-172.3553,0.015,8153,0.0000,0.0000,0.1143,0,4,0.422
103.054,0,3,3,0.0000,1.2333,-0.0492,1.1305,-177.0931,0.0000,0.0000,0.0000,0.0371,1.2180,-178.7258,0.006,8159,0.0000,0.0000,0.1140,0,4,0.576
103.153,0,3,3,0.0000,1.2333,-0.0506,1.1296,-177.0787,0.0000,0.0000,0.0000,0.0430,1.0996,-179.7946,0.005,8165,0.0000,0.0000,0.1154,0,4,0.570
103.253,0,3,3,0.0000,1.2333,-0.0492,1.1305,-177.0995,0.0000,0.0000,0.0000,0.0477,1.1653,-179.7849,0.011,8171,0.0000,0.0000,0.1140,0,4,0.589
103.352,0,3,3,0.0000,1.2333,-0.0514,1.1288,-177.0752,0.0000,0.0000,0.0000,0.0429,1.0996,-179.7931,0.017,8177,0.0000,0.0000,0.1165,0,4,0.568
103.453,0,3,3,0.0000,1.2333,-0.0499,1.1297,-177.0946,0.0000,0.0000,0.0000,0.0477,1.1653,-179.7834,0.007,8183,0.0000,0.0000,0.1150,0,4,0.585
103.553,0,3,3,0.0000,1.2333,-0.0513,1.1292,-177.0756,0.0000,0.0000,0.0000,0.0429,1.0996,-179.7942,0.002,8189,0.0000,0.0000,0.1161,0,4,0.569
103.652,0,3,3,0.0000,1.2333,-0.0490,1.1299,-177.1068,0.0000,0.0000,0.0000,0.0371,1.2181,-178.7254,0.007,8194,0.0000,0.0000,0.1144,0,4,0.582
103.753,0,3,3,0.0000,1.2333,-0.0476,1.1304,-177.1264,0.0000,0.0000,0.0000,0.0477,1.1653,-179.7840,0.037,8199,0.0000,0.0000,0.1134,0,4,0.572
103.853,0,3,3,0.0000,1.2333,-0.0465,1.1307,-177.1517,0.0000,0.0000,0.0000,0.0477,1.1653,-179.7840,0.012,8207,0.0000,0.0000,0.1127,0,4,0.581
103.953,0,3,3,0.0000,1.2333,-0.0472,1.1299,-177.1456,0.0000,0.0000,0.0000,-0.2624,1.0542,-174.0374,0.013,8213,0.0000,0.0000,0.1137,0,4,0.579
104.053,0,3,3,0.0000,1.2333,-0.0459,1.1308,-177.1597,0.0000,0.0000,0.0000,0.0477,1.1653,-179.7833,0.016,8219,0.0000,0.0000,0.1124,0,4,0.583
104.153,0,3,3,0.0000,1.2333,-0.0480,1.1292,-177.1336,0.0000,0.0000,0.0000,0.0429,1.0996,-179.7933,0.017,8225,0.0000,0.0000,0.1147,0,4,0.570
104.254,0,3,3,0.0000,1.2333,-0.0474,1.1293,-177.1405,0.0000,0.0000,0.0000,0.0372,1.2181,-178.7261,0.002,8231,0.0000,0.0000,0.1143,0,4,0.578
104.353,0,3,3,0.0000,1.2333,-0.0487,1.1286,-177.1233,0.0000,0.0000,0.0000,-0.3439,1.0136,-172.3559,0.009,8237,0.0000,0.0000,0.1155,0,4,0.562
104.452,0,3,3,0.0000,1.2333,-0.0473,1.1296,-177.1423,0.0000,0.0000,0.0000,0.0477,1.1653,-179.7829,0.009,8243,0.0000,0.0000,0.1140,0,4,0.584
104.552,0,3,3,0.0000,1.2333,-0.0494,1.1281,-177.1170,0.0000,0.0000,0.0000,-0.3439,1.0136,-172.3559,0.005,8249,0.0000,0.0000,0.1163,0,4,0.596
104.651,0,3,3,0.0000,1.2333,-0.0479,1.1291,-177.1376,0.0000,0.0000,0.0000,0.0477,1.1653,-179.7833,0.015,8255,0.0000,0.0000,0.1147,0,4,0.572
104.753,0,3,3,0.0000,1.2333,-0.0510,1.1295,-177.0675,0.0000,0.0000,0.0000,-0.0170,1.2052,-176.5897,0.011,8261,0.0000,0.0000,0.1157,0,4,0.393
104.853,0,3,3,0.0000,1.2333,-0.0500,1.1296,-177.0823,0.0000,0.0000,0.0000,0.0372,1.2182,-178.7272,0.027,8266,0.0000,0.0000,0.1151,0,4,0.581
104.952,0,3,3,0.0000,1.2333,-0.0488,1.1293,-177.1017,0.0000,0.0000,0.0000,0.0477,1.1653,-179.7829,0.024,8271,0.0000,0.0000,0.1149,0,4,0.563
105.054,0,3,3,0.0000,1.2333,-0.0501,1.1304,-177.0660,0.0000,0.0000,0.0000,0.0477,1.1653,-179.7834,0.006,8279,0.0000,0.0000,0.1144,0,4,0.564
105.153,0,3,3,0.0000,1.2333,-0.0505,1.1308,-177.0402,0.0000,0.0000,0.0000,0.0477,1.1653,-179.7833,0.047,8283,0.0000,0.0000,0.1143,0,4,0.567
105.252,0,3,3,0.0000,1.2333,-0.0514,1.1313,-177.0088,0.0000,0.0000,0.0000,0.0477,1.1653,-179.7819,0.013,8291,0.0000,0.0000,0.1142,0,4,0.582
105.357,0,3,3,0.0000,1.2333,-0.0541,1.1307,-176.9495,0.0000,0.0000,0.0000,-0.3739,0.9986,-171.6060,0.007,8297,0.0000,0.0000,0.1160,0,4,0.585
105.452,0,3,3,0.0000,1.2333,-0.0527,1.1321,-176.9573,0.0000,0.0000,0.0000,0.0477,1.1653,-179.7827,0.013,8303,0.0000,0.0000,0.1141,0,4,0.565
105.553,0,3,3,0.0000,1.2333,-0.0548,1.1302,-176.9320,0.0000,0.0000,0.0000,-0.3727,0.9990,-171.7770,0.008,8309,0.0000,0.0000,0.1168,0,4,0.591
105.654,0,3,3,0.0000,1.2333,-0.0534,1.1315,-176.9390,0.0000,0.0000,0.0000,0.0477,1.1653,-179.7824,0.017,8315,0.0000,0.0000,0.1149,0,4,0.563
105.753,0,3,3,0.0000,1.2333,-0.0555,1.1291,-176.9277,0.0000,0.0000,0.0000,0.0287,1.1709,-177.6133,0.007,8321,0.0000,0.0000,0.1181,0,4,0.572
105.854,0,3,3,0.0000,1.2333,-0.0537,1.1282,-176.9890,0.0000,0.0000,0.0000,0.0373,1.2182,-178.7278,0.005,8327,0.0000,0.0000,0.1180,0,4,0.575
105.952,0,3,3,0.0000,1.2333,-0.0558,1.1255,-176.9827,0.0000,0.0000,0.0000,-0.3727,0.9990,-171.7770,0.012,8333,0.0000,0.0000,0.1214,0,4,0.576
106.053,0,3,3,0.0000,1.2333,-0.0544,1.1272,-176.9873,0.0000,0.0000,0.0000,0.0477,1.1654,-179.7813,0.010,8339,0.0000,0.0000,0.1193,0,4,0.578
106.154,0,3,3,0.0000,1.2333,-0.0535,1.1259,-177.0152,0.0000,0.0000,0.0000,0.0782,0.9428,175.5063,0.012,8344,0.0000,0.0000,0.1200,0,4,0.572
106.252,0,3,3,0.0000,1.2333,-0.0550,1.1264,-176.9835,0.0000,0.0000,0.0000,0.0477,1.1654,-179.7811,0.005,8351,0.0000,0.0000,0.1202,0,4,0.585
106.354,0,3,3,0.0000,1.2333,-0.0546,1.1273,-176.9615,0.0000,0.0000,0.0000,-0.3727,0.9990,-171.7770,0.003,8357,0.0000,0.0000,0.1193,0,4,0.572
106.453,0,3,3,0.0000,1.2333,-0.0566,1.1252,-176.9585,0.0000,0.0000,0.0000,0.0373,1.2182,-178.7291,0.007,8362,0.0000,0.0000,0.1220,0,4,0.572
106.553,0,3,3,0.0000,1.2333,-0.0547,1.1247,-176.9977,0.0000,0.0000,0.0000,0.0797,0.9778,176.5319,0.013,8368,0.0000,0.0000,0.1217,0,4,0.560
106.653,0,3,3,0.0000,1.2333,-0.0558,1.1235,-177.0036,0.0000,0.0000,0.0000,0.0477,1.1654,-179.7812,0.013,8375,0.0000,0.0000,0.1232,0,4,0.571
106.752,0,3,3,0.0000,1.2333,-0.0579,1.1207,-177.0005,0.0000,0.0000,0.0000,-0.3766,0.9969,-171.6964,0.012,8381,0.0000,0.0000,0.1266,0,4,0.583
106.852,0,3,3,0.0000,1.2333,-0.0560,1.1201,-177.0595,0.0000,0.0000,0.0000,0.0477,1.1654,-179.7802,0.009,8387,0.0000,0.0000,0.1263,0,4,0.571
106.952,0,3,3,0.0000,1.2333,-0.0578,1.1151,-177.1137,0.0000,0.0000,0.0000,-0.3766,0.9973,-171.7213,0.006,8393,0.0000,0.0000,0.1316,0,4,0.582
107.054,0,3,3,0.0000,1.2333,-0.0568,1.1139,-177.1601,0.0000,0.0000,0.0000,0.0373,1.2183,-178.7285,0.005,8399,0.0000,0.0000,0.1323,0,4,0.585
107.153,0,3,3,0.0000,1.2333,-0.0580,1.1127,-177.1616,0.0000,0.0000,0.0000,-0.3766,0.9973,-171.7213,0.016,8405,0.0000,0.0000,0.1339,0,4,0.583
107.253,0,3,3,0.0000,1.2333,-0.0565,1.1150,-177.1572,0.0000,0.0000,0.0000,0.0477,1.1654,-179.7799,0.008,8411,0.0000,0.0000,0.1311,0,4,0.567
107.358,0,3,3,0.0000,1.2333,-0.0588,1.1151,-177.0940,0.0000,0.0000,0.0000,-0.3766,0.9973,-171.7213,0.018,8417,0.0000,0.0000,0.1320,0,4,0.576
107.453,0,3,3,0.0000,1.2333,-0.0571,1.1173,-177.0961,0.0000,0.0000,0.0000,0.0477,1.1654,-179.7797,0.005,8423,0.0000,0.0000,0.1293,0,4,0.576
107.553,0,3,3,0.0000,1.2333,-0.0594,1.1164,-177.0559,0.0000,0.0000,0.0000,-0.3766,0.9973,-171.7213,0.010,8429,0.0000,0.0000,0.1311,0,4,0.591
107.653,0,3,3,0.0000,1.2333,-0.0592,1.1184,-177.0331,0.0000,0.0000,0.0000,0.0373,1.2183,-178.7292,0.020,8434,0.0000,0.0000,0.1292,0,4,0.567
107.753,0,3,3,0.0000,1.2333,-0.0588,1.1199,-177.0171,0.0000,0.0000,0.0000,0.0477,1.1654,-179.7803,0.021,8439,0.0000,0.0000,0.1278,0,4,0.573
107.854,0,3,3,0.0000,1.2333,-0.0599,1.1205,-177.0011,0.0000,0.0000,0.0000,0.0468,1.1685,-179.7631,0.005,8447,0.0000,0.0000,0.1277,0,4,0.568
107.953,0,3,3,0.0000,1.2333,-0.0609,1.1225,-176.9514,0.0000,0.0000,0.0000,-0.0630,1.2175,-175.6756,0.020,8452,0.0000,0.0000,0.1265,0,4,0.563
108.053,0,3,3,0.0000,1.2333,-0.0630,1.1236,-176.9046,0.0000,0.0000,0.0000,0.0464,1.1691,-179.8003,0.005,8459,0.0000,0.0000,0.1265,0,4,0.568
108.153,0,3,3,0.0000,1.2333,-0.0668,1.1243,-176.8194,0.0000,0.0000,0.0000,-0.3793,0.9954,-171.6400,0.016,8465,0.0000,0.0000,0.1279,0,4,0.564
108.254,0,3,3,0.0000,1.2333,-0.0657,1.1265,-176.8134,0.0000,0.0000,0.0000,0.0455,1.1723,-179.7039,0.005,8471,0.0000,0.0000,0.1254,0,4,0.568
108.353,0,3,3,0.0000,1.2333,-0.0694,1.1270,-176.7325,0.0000,0.0000,0.0000,-0.3808,0.9943,-171.6080,0.018,8477,0.0000,0.0000,0.1270,0,4,0.584
108.453,0,3,3,0.0000,1.2333,-0.0674,1.1296,-176.7059,0.0000,0.0000,0.0000,0.0870,1.1982,-177.7445,0.007,8483,0.0000,0.0000,0.1237,0,4,0.571
108.552,0,3,3,0.0000,1.2333,-0.0707,1.1301,-176.6135,0.0000,0.0000,0.0000,-0.3828,0.9934,-171.5680,0.018,8489,0.0000,0.0000,0.1251,0,4,0.562
108.653,0,3,3,0.0000,1.2333,-0.0686,1.1325,-176.5906,0.0000,0.0000,0.0000,0.0870,1.1981,-177.7432,0.003,8495,0.0000,0.0000,0.1219,0,4,0.579
108.753,0,3,3,0.0000,1.2333,-0.0718,1.1329,-176.5070,0.0000,0.0000,0.0000,-0.0629,1.2175,-175.6843,0.015,8501,0.0000,0.0000,0.1235,0,4,0.578
108.853,0,3,3,0.0000,1.2333,-0.0711,1.1345,-176.4784,0.0000,0.0000,0.0000,0.0374,1.2184,-178.7312,0.026,8506,0.0000,0.0000,0.1217,0,4,0.584
108.954,0,3,3,0.0000,1.2333,-0.0729,1.1346,-176.4117,0.0000,0.0000,0.0000,0.0870,1.1982,-177.7442,0.017,8512,0.0000,0.0000,0.1227,0,4,0.569
109.052,0,3,3,0.0000,1.2333,-0.0721,1.1369,-176.3873,0.0000,0.0000,0.0000,0.0871,1.1982,-177.7447,0.002,8519,0.0000,0.0000,0.1203,0,4,0.578
109.153,0,3,3,0.0000,1.2333,-0.0708,1.1390,-176.3481,0.0000,0.0000,0.0000,-0.0629,1.2175,-175.6821,0.011,8524,0.0000,0.0000,0.1180,0,4,0.575
109.252,0,3,3,0.0000,1.2333,-0.0730,1.1390,-176.2958,0.0000,0.0000,0.0000,0.0870,1.1982,-177.7441,0.002,8531,0.0000,0.0000,0.1192,0,4,0.576
109.352,0,3,3,0.0000,1.2333,-0.0746,1.1396,-176.2265,0.0000,0.0000,0.0000,-0.3837,0.9930,-171.5498,0.010,8537,0.0000,0.0000,0.1198,0,4,0.569
109.453,0,3,3,0.0000,1.2333,-0.0724,1.1414,-176.2173,0.0000,0.0000,0.0000,0.0871,1.1982,-177.7455,0.008,8543,0.0000,0.0000,0.1170,0,4,0.583
109.552,0,3,3,0.0000,1.2333,-0.0754,1.1413,-176.1490,0.0000,0.0000,0.0000,-0.3837,0.9930,-171.5498,0.013,8549,0.0000,0.0000,0.1189,0,4,0.580
109.654,0,3,3,0.0000,1.2333,-0.0731,1.1431,-176.1441,0.0000,0.0000,0.0000,0.0871,1.1982,-177.7453,0.009,8555,0.0000,0.0000,0.1161,0,4,0.565
109.752,0,3,3,0.0000,1.2333,-0.0760,1.1429,-176.0781,0.0000,0.0000,0.0000,-0.3837,0.9930,-171.5498,0.012,8561,0.0000,0.0000,0.1182,0,4,0.573
109.853,0,3,3,0.0000,1.2333,-0.0747,1.1439,-176.0579,0.0000,0.0000,0.0000,0.0871,1.1982,-177.7446,0.006,8566,0.0000,0.0000,0.1165,0,4,0.578
109.953,0,3,3,0.0000,1.2333,-0.0766,1.1443,-176.0113,0.0000,0.0000,0.0000,-0.3837,0.9930,-171.5498,0.017,8573,0.0000,0.0000,0.1174,0,4,0.578
110.054,0,3,3,0.0000,1.2333,-0.0742,1.1459,-176.0136,0.0000,0.0000,0.0000,0.0871,1.1982,-177.7445,0.005,8579,0.0000,0.0000,0.1146,0,4,0.577
110.153,0,3,3,0.0000,1.2333,-0.0771,1.1456,-175.9514,0.0000,0.0000,0.0000,-0.3837,0.9930,-171.5498,0.014,8585,0.0000,0.0000,0.1168,0,4,0.572
110.252,0,3,3,0.0000,1.2333,-0.0747,1.1471,-175.9549,0.0000,0.0000,0.0000,0.0871,1.1982,-177.7450,0.006,8591,0.0000,0.0000,0.1141,0,4,0.577
110.352,0,3,3,0.0000,1.2333,-0.0776,1.1467,-175.8953,0.0000,0.0000,0.0000,-0.0627,1.2174,-175.6904,0.004,8597,0.0000,0.0000,0.1163,0,4,0.595
110.451,0,3,3,0.0000,1.2333,-0.0767,1.1478,-175.8894,0.0000,0.0000,0.0000,0.0375,1.2184,-178.7326,0.014,8602,0.0000,0.0000,0.1149,0,4,0.570
110.553,0,3,3,0.0000,1.2333,-0.0753,1.1486,-175.8765,0.0000,0.0000,0.0000,0.0871,1.1981,-177.7452,0.024,8607,0.0000,0.0000,0.1134,0,4,0.575
110.652,0,3,3,0.0000,1.2333,-0.0770,1.1487,-175.8419,0.0000,0.0000,0.0000,0.0871,1.1982,-177.7465,0.002,8615,0.0000,0.0000,0.1144,0,4,0.593
110.753,0,3,3,0.0000,1.2333,-0.0783,1.1487,-175.7989,0.0000,0.0000,0.0000,-0.3779,0.9959,-171.6645,0.010,8621,0.0000,0.0000,0.1153,0,4,0.578
110.852,0,3,3,0.0000,1.2333,-0.0758,1.1501,-175.8107,0.0000,0.0000,0.0000,0.0871,1.1981,-177.7453,0.006,8627,0.0000,0.0000,0.1125,0,4,0.580
110.952,0,3,3,0.0000,1.2333,-0.0785,1.1496,-175.7584,0.0000,0.0000,0.0000,-0.3779,0.9959,-171.6645,0.019,8633,0.0000,0.0000,0.1148,0,4,0.576
111.055,0,3,3,0.0000,1.2333,-0.0759,1.1509,-175.7708,0.0000,0.0000,0.0000,0.0375,1.2185,-178.7317,0.002,8639,0.0000,0.0000,0.1121,0,4,0.586
111.153,0,3,3,0.0000,1.2333,-0.0787,1.1504,-175.7194,0.0000,0.0000,0.0000,-0.3787,0.9959,-171.6532,0.013,8645,0.0000,0.0000,0.1144,0,4,0.582
111.253,0,3,3,0.0000,1.2333,-0.0761,1.1517,-175.7339,0.0000,0.0000,0.0000,0.0871,1.1981,-177.7452,0.012,8651,0.0000,0.0000,0.1117,0,4,0.580
111.353,0,3,3,0.0000,1.2333,-0.0789,1.1511,-175.6863,0.0000,0.0000,0.0000,-0.3787,0.9959,-171.6532,0.014,8657,0.0000,0.0000,0.1140,0,4,0.578
111.452,0,3,3,0.0000,1.2333,-0.0763,1.1523,-175.7025,0.0000,0.0000,0.0000,0.0871,1.1981,-177.7456,0.008,8663,0.0000,0.0000,0.1113,0,4,0.577
111.552,0,3,3,0.0000,1.2333,-0.0790,1.1517,-175.6567,0.0000,0.0000,0.0000,-0.3787,0.9959,-171.6532,0.015,8669,0.0000,0.0000,0.1136,0,4,0.573
111.656,0,3,3,0.0000,1.2333,-0.0780,1.1525,-175.6587,0.0000,0.0000,0.0000,0.0375,1.2185,-178.7325,0.031,8674,0.0000,0.0000,0.1123,0,4,0.588
111.754,0,3,3,0.0000,1.2333,-0.0765,1.1531,-175.6550,0.0000,0.0000,0.0000,0.0871,1.1981,-177.7463,0.032,8679,0.0000,0.0000,0.1108,0,4,0.571
111.852,0,3,3,0.0000,1.2333,-0.0781,1.1531,-175.6314,0.0000,0.0000,0.0000,0.0375,1.2185,-178.7331,0.019,8686,0.0000,0.0000,0.1120,0,4,0.578
111.955,0,3,3,0.0000,1.2333,-0.0766,1.1536,-175.6310,0.0000,0.0000,0.0000,0.0871,1.1981,-177.7461,0.049,8691,0.0000,0.0000,0.1105,0,4,0.583
112.053,0,3,3,0.0000,1.2333,-0.0783,1.1535,-175.6042,0.0000,0.0000,0.0000,-0.3787,0.9959,-171.6532,0.005,8698,0.0000,0.0000,0.1118,0,4,0.584
112.153,0,3,3,0.0000,1.2333,-0.0795,1.1532,-175.5750,0.0000,0.0000,0.0000,-0.3787,0.9959,-171.6532,0.006,8705,0.0000,0.0000,0.1129,0,4,0.569
112.253,0,3,3,0.0000,1.2333,-0.0769,1.1543,-175.5960,0.0000,0.0000,0.0000,0.0871,1.1981,-177.7451,0.016,8711,0.0000,0.0000,0.1103,0,4,0.575
112.353,0,3,3,0.0000,1.2333,-0.0796,1.1536,-175.5532,0.0000,0.0000,0.0000,-0.3787,0.9959,-171.6532,0.022,8717,0.0000,0.0000,0.1127,0,4,0.570
112.452,0,3,3,0.0000,1.2333,-0.0770,1.1547,-175.5768,0.0000,0.0000,0.0000,0.0871,1.1981,-177.7454,0.005,8723,0.0000,0.0000,0.1101,0,4,0.585
112.553,0,3,3,0.0000,1.2333,-0.0797,1.1539,-175.5346,0.0000,0.0000,0.0000,-0.3822,0.9940,-171.4379,0.019,8729,0.0000,0.0000,0.1125,0,4,0.576
112.654,0,3,3,0.0000,1.2333,-0.0771,1.1550,-175.5567,0.0000,0.0000,0.0000,0.0375,1.2186,-178.7327,0.007,8735,0.0000,0.0000,0.1099,0,4,0.564
112.752,0,3,3,0.0000,1.2333,-0.0798,1.1542,-175.5161,0.0000,0.0000,0.0000,-0.3809,0.9944,-171.6060,0.013,8741,0.0000,0.0000,0.1124,0,4,0.572
112.852,0,3,3,0.0000,1.2333,-0.0773,1.1553,-175.5385,0.0000,0.0000,0.0000,0.0871,1.1981,-177.7455,0.009,8747,0.0000,0.0000,0.1098,0,4,0.579
112.953,0,3,3,0.0000,1.2333,-0.0800,1.1544,-175.4942,0.0000,0.0000,0.0000,-0.3809,0.9944,-171.6060,0.007,8753,0.0000,0.0000,0.1123,0,4,0.576
113.052,0,3,3,0.0000,1.2333,-0.0789,1.1551,-175.5003,0.0000,0.0000,0.0000,0.0376,1.2186,-178.7347,0.029,8758,0.0000,0.0000,0.1111,0,4,0.579
113.153,0,3,3,0.0000,1.2333,-0.0773,1.1562,-175.5023,0.0000,0.0000,0.0000,-0.0624,1.2174,-175.6936,0.012,8764,0.0000,0.0000,0.1092,0,4,0.568
113.255,0,3,3,0.0000,1.2333,-0.0791,1.1553,-175.4843,0.0000,0.0000,0.0000,0.0871,1.1981,-177.7460,0.002,8771,0.0000,0.0000,0.1111,0,4,0.568
113.353,0,3,3,0.0000,1.2333,-0.0775,1.1563,-175.4874,0.0000,0.0000,0.0000,-0.0624,1.2174,-175.6941,0.015,8776,0.0000,0.0000,0.1093,0,4,0.575
113.453,0,3,3,0.0000,1.2333,-0.0778,1.1558,-175.4817,0.0000,0.0000,0.0000,0.0871,1.1982,-177.7477,0.010,8783,0.0000,0.0000,0.1098,0,4,0.561
113.554,0,3,3,0.0000,1.2333,-0.0805,1.1549,-175.4414,0.0000,0.0000,0.0000,-0.3833,0.9935,-171.4147,0.014,8789,0.0000,0.0000,0.1124,0,4,0.571
113.652,0,3,3,0.0000,1.2333,-0.0794,1.1556,-175.4529,0.0000,0.0000,0.0000,0.0871,1.1981,-177.7463,0.009,8795,0.0000,0.0000,0.1111,0,4,0.577
113.753,0,3,3,0.0000,1.2333,-0.0806,1.1551,-175.4278,0.0000,0.0000,0.0000,-0.0623,1.2173,-175.6930,0.021,8801,0.0000,0.0000,0.1123,0,4,0.575
113.852,0,3,3,0.0000,1.2333,-0.0806,1.1552,-175.4179,0.0000,0.0000,0.0000,0.0376,1.2186,-178.7356,0.002,8807,0.0000,0.0000,0.1123,0,4,0.575
113.953,0,3,3,0.0000,1.2333,-0.0806,1.1552,-175.4183,0.0000,0.0000,0.0000,-0.3819,0.9939,-171.5859,0.013,8813,0.0000,0.0000,0.1122,0,4,0.573
114.053,0,3,3,0.0000,1.2333,-0.0780,1.1563,-175.4448,0.0000,0.0000,0.0000,0.0376,1.2186,-178.7349,0.006,8819,0.0000,0.0000,0.1096,0,4,0.580
114.151,0,3,3,0.0000,1.2333,-0.0807,1.1554,-175.4074,0.0000,0.0000,0.0000,-0.3819,0.9939,-171.5859,0.012,8825,0.0000,0.0000,0.1122,0,4,0.568
114.252,0,3,3,0.0000,1.2333,-0.0781,1.1564,-175.4343,0.0000,0.0000,0.0000,0.0871,1.1981,-177.7469,0.011,8831,0.0000,0.0000,0.1096,0,4,0.571
114.352,0,3,3,0.0000,1.2333,-0.0807,1.1555,-175.3973,0.0000,0.0000,0.0000,-0.3819,0.9939,-171.5859,0.012,8837,0.0000,0.0000,0.1122,0,4,0.582
114.453,0,3,3,0.0000,1.2333,-0.0796,1.1561,-175.4091,0.0000,0.0000,0.0000,0.0376,1.2186,-178.7358,0.023,8842,0.0000,0.0000,0.1109,0,4,0.560
114.552,0,3,3,0.0000,1.2333,-0.0779,1.1571,-175.4155,0.0000,0.0000,0.0000,-0.0621,1.2173,-175.6994,0.006,8848,0.0000,0.0000,0.1090,0,4,0.571
114.653,0,3,3,0.0000,1.2333,-0.0781,1.1566,-175.4167,0.0000,0.0000,0.0000,0.0871,1.1981,-177.7465,0.012,8855,0.0000,0.0000,0.1095,0,4,0.584
114.754,0,3,3,0.0000,1.2333,-0.0780,1.1572,-175.4048,0.0000,0.0000,0.0000,-0.0620,1.2173,-175.6992,0.024,8860,0.0000,0.0000,0.1091,0,4,0.584
114.852,0,3,3,0.0000,1.2333,-0.0783,1.1566,-175.4054,0.0000,0.0000,0.0000,0.0871,1.1981,-177.7456,0.009,8867,0.0000,0.0000,0.1096,0,4,0.570
114.954,0,3,3,0.0000,1.2333,-0.0810,1.1557,-175.3710,0.0000,0.0000,0.0000,-0.3819,0.9939,-171.5859,0.018,8873,0.0000,0.0000,0.1122,0,4,0.588
115.054,0,3,3,0.0000,1.2333,-0.0783,1.1567,-175.4023,0.0000,0.0000,0.0000,0.0871,1.1981,-177.7468,0.013,8879,0.0000,0.0000,0.1096,0,4,0.582
115.154,0,3,3,0.0000,1.2333,-0.0810,1.1558,-175.3671,0.0000,0.0000,0.0000,-0.3819,0.9944,-171.6144,0.013,8885,0.0000,0.0000,0.1122,0,4,0.576
115.251,0,3,3,0.0000,1.2333,-0.0784,1.1568,-175.3966,0.0000,0.0000,0.0000,0.0871,1.1981,-177.7465,0.009,8891,0.0000,0.0000,0.1096,0,4,0.585
115.354,0,3,3,0.0000,1.2333,-0.0810,1.1558,-175.3593,0.0000,0.0000,0.0000,-0.3819,0.9944,-171.6144,0.014,8897,0.0000,0.0000,0.1121,0,4,0.595
115.453,0,3,3,0.0000,1.2333,-0.0784,1.1568,-175.3900,0.0000,0.0000,0.0000,0.0376,1.2187,-178.7347,0.009,8903,0.0000,0.0000,0.1095,0,4,0.588
115.553,0,3,3,0.0000,1.2333,-0.0810,1.1559,-175.3543,0.0000,0.0000,0.0000,-0.3819,0.9944,-171.6144,0.013,8909,0.0000,0.0000,0.1121,0,4,0.577
115.652,0,3,3,0.0000,1.2333,-0.0799,1.1565,-175.3662,0.0000,0.0000,0.0000,0.0376,1.2187,-178.7352,0.025,8914,0.0000,0.0000,0.1109,0,4,0.587
115.753,0,3,3,0.0000,1.2333,-0.0812,1.1554,-175.3460,0.0000,0.0000,0.0000,-0.0619,1.2173,-175.7012,0.002,8921,0.0000,0.0000,0.1125,0,4,0.565
115.853,0,3,3,0.0000,1.2333,-0.0784,1.1570,-175.3774,0.0000,0.0000,0.0000,0.0871,1.1981,-177.7457,0.007,8927,0.0000,0.0000,0.1094,0,4,0.573
115.953,0,3,3,0.0000,1.2333,-0.0782,1.1576,-175.3688,0.0000,0.0000,0.0000,-0.0619,1.2173,-175.7043,0.015,8932,0.0000,0.0000,0.1089,0,4,0.565
116.053,0,3,3,0.0000,1.2333,-0.0784,1.1570,-175.3719,0.0000,0.0000,0.0000,0.0871,1.1981,-177.7467,0.005,8939,0.0000,0.0000,0.1094,0,4,0.577
116.152,0,3,3,0.0000,1.2333,-0.0811,1.1561,-175.3365,0.0000,0.0000,0.0000,-0.3819,0.9944,-171.6144,0.013,8945,0.0000,0.0000,0.1120,0,4,0.577
116.253,0,3,3,0.0000,1.2333,-0.0785,1.1570,-175.3670,0.0000,0.0000,0.0000,0.0871,1.1981,-177.7464,0.018,8951,0.0000,0.0000,0.1095,0,4,0.575
116.353,0,3,3,0.0000,1.2333,-0.0811,1.1561,-175.3331,0.0000,0.0000,0.0000,-0.3819,0.9944,-171.6144,0.018,8957,0.0000,0.0000,0.1120,0,4,0.574
116.453,0,3,3,0.0000,1.2333,-0.0785,1.1571,-175.3638,0.0000,0.0000,0.0000,0.0871,1.1981,-177.7441,0.010,8963,0.0000,0.0000,0.1094,0,4,0.569
116.554,0,3,3,0.0000,1.2333,-0.0811,1.1562,-175.3316,0.0000,0.0000,0.0000,-0.3819,0.9944,-171.6144,0.015,8969,0.0000,0.0000,0.1120,0,4,0.576
116.655,0,3,3,0.0000,1.2333,-0.0785,1.1571,-175.3633,0.0000,0.0000,0.0000,0.0377,1.2187,-178.7364,0.008,8975,0.0000,0.0000,0.1094,0,4,0.580
116.753,0,3,3,0.0000,1.2333,-0.0811,1.1562,-175.3288,0.0000,0.0000,0.0000,-0.3819,0.9944,-171.6144,0.012,8981,0.0000,0.0000,0.1119,0,4,0.575
116.854,0,3,3,0.0000,1.2333,-0.0785,1.1572,-175.3595,0.0000,0.0000,0.0000,0.0871,1.1981,-177.7454,0.014,8987,0.0000,0.0000,0.1094,0,4,0.580
116.953,0,3,3,0.0000,1.2333,-0.0811,1.1562,-175.3263,0.0000,0.0000,0.0000,-0.3819,0.9944,-171.6144,0.015,8993,0.0000,0.0000,0.1119,0,4,0.577
117.054,0,3,3,0.0000,1.2333,-0.0785,1.1572,-175.3574,0.0000,0.0000,0.0000,0.0871,1.1981,-177.7459,0.008,8999,0.0000,0.0000,0.1093,0,4,0.566
117.153,0,3,3,0.0000,1.2333,-0.0811,1.1563,-175.3231,0.0000,0.0000,0.0000,-0.0618,1.2174,-175.7004,0.012,9005,0.0000,0.0000,0.1119,0,4,0.580
117.253,0,3,3,0.0000,1.2333,-0.0796,1.1567,-175.3442,0.0000,0.0000,0.0000,0.0377,1.2188,-178.7363,0.012,9010,0.0000,0.0000,0.1105,0,4,0.575
117.353,0,3,3,0.0000,1.2333,-0.0785,1.1566,-175.3878,0.0000,0.0000,0.0000,0.0416,1.1754,-179.5974,0.032,9015,0.0000,0.0000,0.1098,0,4,0.577
117.453,0,3,3,0.0000,1.2333,-0.0779,1.1549,-175.4526,0.0000,0.0000,0.0000,0.0467,1.1693,-179.6735,0.016,9023,0.0000,0.0000,0.1105,0,4,0.576
117.553,0,3,3,0.0000,1.2333,-0.0791,1.1517,-175.4838,0.0000,0.0000,0.0000,-0.3819,0.9944,-171.6144,0.023,9029,0.0000,0.0000,0.1137,0,4,0.580
117.653,0,3,3,0.0000,1.2333,-0.0769,1.1523,-175.5405,0.0000,0.0000,0.0000,0.0467,1.1693,-179.6730,0.009,9035,0.0000,0.0000,0.1117,0,4,0.577
117.752,0,3,3,0.0000,1.2333,-0.0787,1.1502,-175.5478,0.0000,0.0000,0.0000,-0.0170,1.2061,-176.5534,0.008,9041,0.0000,0.0000,0.1144,0,4,0.579
117.855,0,3,3,0.0000,1.2333,-0.0776,1.1503,-175.5801,0.0000,0.0000,0.0000,0.0377,1.2188,-178.7379,0.002,9047,0.0000,0.0000,0.1136,0,4,0.570
117.953,0,3,3,0.0000,1.2333,-0.0788,1.1499,-175.5833,0.0000,0.0000,0.0000,-0.3819,0.9944,-171.6144,0.014,9053,0.0000,0.0000,0.1148,0,4,0.579
118.053,0,3,3,0.0000,1.2333,-0.0761,1.1496,-175.6593,0.0000,0.0000,0.0000,0.0467,1.1693,-179.6732,0.007,9059,0.0000,0.0000,0.1131,0,4,0.606
118.152,0,3,3,0.0000,1.2333,-0.0779,1.1477,-175.6623,0.0000,0.0000,0.0000,-0.3819,0.9944,-171.6144,0.012,9065,0.0000,0.0000,0.1158,0,4,0.593
118.252,0,3,3,0.0000,1.2333,-0.0757,1.1485,-175.7125,0.0000,0.0000,0.0000,0.0467,1.1693,-179.6735,0.014,9071,0.0000,0.0000,0.1137,0,4,0.575
118.352,0,3,3,0.0000,1.2333,-0.0781,1.1475,-175.6899,0.0000,0.0000,0.0000,-0.3819,0.9944,-171.6144,0.007,9077,0.0000,0.0000,0.1160,0,4,0.572
118.454,0,3,3,0.0000,1.2333,-0.0770,1.1482,-175.7143,0.0000,0.0000,0.0000,0.0378,1.2188,-178.7393,0.025,9082,0.0000,0.0000,0.1148,0,4,0.581
118.553,0,3,3,0.0000,1.2333,-0.0759,1.1483,-175.7446,0.0000,0.0000,0.0000,-0.0168,1.2061,-176.5534,0.006,9088,0.0000,0.0000,0.1140,0,4,0.574
118.655,0,3,3,0.0000,1.2333,-0.0772,1.1481,-175.7385,0.0000,0.0000,0.0000,0.0468,1.1693,-179.6743,0.002,9095,0.0000,0.0000,0.1150,0,4,0.574
118.752,0,3,3,0.0000,1.2333,-0.0761,1.1482,-175.7671,0.0000,0.0000,0.0000,-0.0168,1.2061,-176.5533,0.010,9100,0.0000,0.0000,0.1142,0,4,0.573
118.853,0,3,3,0.0000,1.2333,-0.0758,1.1472,-175.8079,0.0000,0.0000,0.0000,0.0467,1.1693,-179.6738,0.007,9107,0.0000,0.0000,0.1147,0,4,0.580
118.953,0,3,3,0.0000,1.2333,-0.0781,1.1463,-175.7803,0.0000,0.0000,0.0000,-0.3819,0.9944,-171.6144,0.013,9113,0.0000,0.0000,0.1169,0,4,0.572
119.053,0,3,3,0.0000,1.2333,-0.0760,1.1472,-175.8262,0.0000,0.0000,0.0000,0.0468,1.1693,-179.6741,0.011,9119,0.0000,0.0000,0.1148,0,4,0.568
119.152,0,3,3,0.0000,1.2333,-0.0783,1.1464,-175.7983,0.0000,0.0000,0.0000,-0.3836,0.9935,-171.4110,0.010,9125,0.0000,0.0000,0.1170,0,4,0.590
119.253,0,3,3,0.0000,1.2333,-0.0762,1.1472,-175.8419,0.0000,0.0000,0.0000,0.0468,1.1692,-179.6736,0.011,9131,0.0000,0.0000,0.1149,0,4,0.578
119.353,0,3,3,0.0000,1.2333,-0.0780,1.1454,-175.8353,0.0000,0.0000,0.0000,-0.3823,0.9939,-171.5813,0.013,9137,0.0000,0.0000,0.1175,0,4,0.575
119.453,0,3,3,0.0000,1.2333,-0.0763,1.1447,-175.8799,0.0000,0.0000,0.0000,0.0378,1.2189,-178.7396,0.003,9143,0.0000,0.0000,0.1170,0,4,0.598
119.554,0,3,3,0.0000,1.2333,-0.0777,1.1446,-175.8686,0.0000,0.0000,0.0000,-0.3823,0.9939,-171.5813,0.014,9149,0.0000,0.0000,0.1179,0,4,0.565
119.653,0,3,3,0.0000,1.2333,-0.0750,1.1447,-175.9330,0.0000,0.0000,0.0000,0.0468,1.1693,-179.6744,0.012,9155,0.0000,0.0000,0.1161,0,4,0.595
119.755,0,3,3,0.0000,1.2333,-0.0740,1.1444,-175.9541,0.0000,0.0000,0.0000,-0.3823,0.9939,-171.5813,0.006,9161,0.0000,0.0000,0.1157,0,4,0.567
119.853,0,3,3,0.0000,1.2333,-0.0748,1.1440,-175.9607,0.0000,0.0000,0.0000,0.0468,1.1693,-179.6757,0.009,9167,0.0000,0.0000,0.1165,0,4,0.571
119.953,0,3,3,0.0000,1.2333,-0.0744,1.1447,-175.9581,0.0000,0.0000,0.0000,-0.3812,0.9942,-171.5990,0.005,9173,0.0000,0.0000,0.1157,0,4,0.584
120.054,0,3,3,0.0000,1.2333,-0.0763,1.1441,-175.9404,0.0000,0.0000,0.0000,0.0468,1.1692,-179.6739,0.003,9179,0.0000,0.0000,0.1174,0,4,0.572
120.152,0,3,3,0.0000,1.2333,-0.0742,1.1440,-175.9851,0.0000,0.0000,0.0000,0.0404,1.0999,-179.7814,0.012,9184,0.0000,0.0000,0.1161,0,4,0.580
120.254,0,3,3,0.0000,1.2333,-0.0750,1.1437,-175.9903,0.0000,0.0000,0.0000,0.0468,1.1692,-179.6737,0.012,9191,0.0000,0.0000,0.1168,0,4,0.568
120.353,0,3,3,0.0000,1.2333,-0.0773,1.1430,-175.9550,0.0000,0.0000,0.0000,-0.3798,0.9950,-171.6282,0.024,9197,0.0000,0.0000,0.1189,0,4,0.572
120.453,0,4,0,0.0000,1.2333,-0.0752,1.1441,-175.9936,0.0000,0.0000,0.0000,0.0468,1.1692,-179.6739,0.011,9203,-0.0652,-0.0678,0.1167,0,4,0.583
120.553,0,4,0,0.0000,1.2333,-0.0727,1.1475,-176.0954,0.0000,0.0000,0.0000,-0.3798,0.9950,-171.6282,0.014,9209,-0.0622,-0.0650,0.1125,0,4,0.579
120.655,0,4,0,0.0000,1.2333,-0.0658,1.1545,-176.0536,0.0000,0.0000,0.0000,0.0363,1.2200,-178.6763,0.009,9215,-0.0574,-0.0605,0.1027,0,4,0.566
120.753,0,4,0,0.0000,1.2333,-0.0565,1.1606,-175.9272,0.0000,0.0000,0.0000,-0.0094,1.2151,-176.5316,0.012,9221,-0.0486,-0.0553,0.0921,0,4,0.564
120.859,0,4,0,0.0000,1.2333,-0.0512,1.1653,-176.1127,0.0000,0.0000,0.0000,0.0637,1.1808,-179.6576,0.006,9226,-0.0442,-0.0519,0.0852,0,4,0.554
120.953,0,4,0,0.0000,1.2333,-0.0418,1.1735,-176.2658,0.0000,0.0000,0.0000,-0.0011,1.2293,-176.5809,0.007,9233,-0.0362,-0.0458,0.0730,0,4,0.552
121.055,0,4,1,0.6167,1.2333,-0.0338,1.1809,-176.2922,0.0000,0.0000,0.0000,0.0718,1.1967,-179.7188,0.017,9239,-0.1000,-0.0020,0.6526,0,4,0.533
121.156,0,4,1,0.6167,1.2333,-0.0239,1.1832,-176.4878,0.0000,0.0000,0.0000,0.0658,1.1369,-179.6760,0.013,9245,-0.1000,-0.0018,0.6425,0,4,0.541
121.254,0,4,1,0.6167,1.2333,-0.0119,1.1855,-176.3550,0.0000,0.0000,0.0000,0.0723,1.2584,-178.9721,0.029,9250,-0.1000,-0.0016,0.6304,0,4,0.541
121.355,0,4,1,0.6167,1.2333,-0.0001,1.1874,-176.5243,0.0000,0.0000,0.0000,0.0841,1.1334,-179.6494,0.003,9256,-0.1000,-0.0014,0.6185,0,4,0.558
121.454,0,4,1,0.6167,1.2333,0.0125,1.1918,-176.4662,0.0000,0.0000,0.0000,0.0371,1.4716,-171.9610,0.016,9263,-0.1000,-0.0009,0.6056,0,4,0.555
121.554,0,4,1,0.6167,1.2333,0.0233,1.1914,-176.4222,0.0000,0.0000,0.0000,0.0459,1.0806,-176.9147,0.010,9269,-0.1000,-0.0009,0.5948,0,4,0.526
121.653,0,4,1,0.6167,1.2333,0.0360,1.1928,-176.4645,0.0000,0.0000,0.0000,0.1214,1.2050,-179.5258,0.016,9275,-0.1000,-0.0009,0.5821,0,4,0.539
121.753,0,4,1,0.6167,1.2333,0.0489,1.1931,-176.5530,0.0000,0.0000,0.0000,0.0667,1.2365,-176.4440,0.009,9281,-0.1000,-0.0011,0.5692,0,4,0.539
121.854,0,4,1,0.6167,1.2333,0.0608,1.1970,-176.3869,0.0000,0.0000,0.0000,0.0740,1.4756,-171.8442,0.016,9287,-0.1000,-0.0005,0.5570,0,4,0.540
121.955,0,4,1,0.6167,1.2333,0.0739,1.1971,-176.3778,0.0000,0.0000,0.0000,0.0809,1.0844,-176.6195,0.016,9293,-0.1000,-0.0005,0.5440,0,4,0.543
122.055,0,4,1,0.6167,1.2333,0.0866,1.1983,-176.4662,0.0000,0.0000,0.0000,0.1593,1.2119,-179.1452,0.018,9299,-0.1000,-0.0006,0.5312,0,4,0.544
122.154,0,4,1,0.6167,1.2333,0.0986,1.1982,-176.5219,0.0000,0.0000,0.0000,0.1134,1.0878,-176.8480,0.020,9305,-0.1000,-0.0008,0.5193,0,4,0.552
122.254,0,4,1,0.6167,1.2333,0.1105,1.1993,-176.4288,0.0000,0.0000,0.0000,0.1790,1.2121,-179.1287,0.010,9311,-0.1000,-0.0007,0.5073,0,4,0.543
122.353,0,4,1,0.6167,1.2333,0.1218,1.1991,-176.4252,0.0000,0.0000,0.0000,0.1277,1.0902,-176.5882,0.016,9317,-0.1000,-0.0009,0.4961,0,4,0.550
122.454,0,4,1,0.6167,1.2333,0.1338,1.2002,-176.4561,0.0000,0.0000,0.0000,0.2028,1.2577,-178.3772,0.031,9322,-0.1000,-0.0008,0.4840,0,4,0.546
122.556,0,4,1,0.6167,1.2333,0.1455,1.2001,-176.5135,0.0000,0.0000,0.0000,0.2040,1.2153,-178.9373,0.017,9329,-0.1000,-0.0010,0.4723,0,4,0.554
122.655,0,4,1,0.6167,1.2333,0.1579,1.2038,-176.4327,0.0000,0.0000,0.0000,0.1591,1.4678,-172.1179,0.011,9335,-0.1000,-0.0010,0.4597,0,4,0.542
122.755,0,4,1,0.6167,1.2333,0.1688,1.2056,-176.3517,0.0000,0.0000,0.0000,0.1200,1.3419,-173.1529,0.007,9340,-0.1000,-0.0002,0.4487,0,4,0.539
122.852,0,4,1,0.6167,1.2333,0.1798,1.2054,-176.3652,0.0000,0.0000,0.0000,0.2376,1.2138,-178.9712,0.006,9347,-0.1000,-0.0004,0.4378,0,4,0.551
122.957,0,4,1,0.6167,1.2333,0.1913,1.2070,-176.4184,0.0000,0.0000,0.0000,0.1617,1.0953,-176.0900,0.002,9353,-0.1000,-0.0002,0.4261,0,4,0.543
123.052,0,4,1,0.6167,1.2333,0.2009,1.2102,-176.2475,0.0000,0.0000,0.0000,0.2572,1.2164,-178.9052,0.014,9359,-0.1000,0.0005,0.4164,0,4,0.559
123.153,0,4,1,0.6167,1.2333,0.2118,1.2118,-176.2389,0.0000,0.0000,0.0000,0.1523,1.3434,-173.1512,0.019,9365,-0.1000,0.0007,0.4055,0,4,0.543
123.253,0,4,1,0.6167,1.2333,0.2223,1.2158,-176.1215,0.0000,0.0000,0.0000,0.2751,1.2176,-178.7495,0.016,9371,-0.1000,0.0016,0.3948,0,4,0.541
123.355,0,4,1,0.6167,1.2333,0.2310,1.2212,-176.1009,0.0000,0.0000,0.0000,0.1804,1.3355,-173.4157,0.012,9377,-0.1000,0.0029,0.3858,0,4,0.535
123.452,0,4,1,0.6167,1.2333,0.2382,1.2284,-175.8953,0.0000,0.0000,0.0000,0.2473,1.4473,-172.8375,0.013,9382,-0.0999,0.0047,0.3785,0,4,0.549
123.553,0,4,1,0.6167,1.2333,0.2478,1.2332,-175.8210,0.0000,0.0000,0.0000,0.2281,1.1029,-176.4158,0.015,9389,-0.0998,0.0060,0.3688,0,4,0.542
123.656,0,4,1,0.6167,1.2333,0.2549,1.2418,-175.5352,0.0000,0.0000,0.0000,0.0987,1.6743,-165.8211,0.020,9395,-0.0997,0.0083,0.3619,0,4,0.543
123.756,0,4,1,0.6167,1.2333,0.2646,1.2441,-175.7821,0.0000,0.0000,0.0000,0.2761,1.2246,-176.7401,0.020,9401,-0.0996,0.0090,0.3522,0,4,0.543
123.854,0,4,1,0.6167,1.2333,0.2721,1.2518,-175.5357,0.0000,0.0000,0.0000,0.1192,1.6790,-165.9845,0.013,9407,-0.0994,0.0113,0.3450,0,4,0.578
123.954,0,4,1,0.6167,1.2333,0.2832,1.2514,-175.8083,0.0000,0.0000,0.0000,0.2359,1.3333,-173.7347,0.003,9413,-0.0993,0.0114,0.3339,0,4,0.544
124.052,0,4,1,0.6167,1.2333,0.2917,1.2553,-175.6272,0.0000,0.0000,0.0000,0.3773,1.2445,-177.8488,0.010,9418,-0.0992,0.0127,0.3257,0,4,0.549
124.155,0,4,1,0.6167,1.2333,0.2994,1.2622,-175.6007,0.0000,0.0000,0.0000,0.2912,1.1066,-176.7897,0.004,9424,-0.0989,0.0150,0.3186,0,4,0.556
124.254,0,4,1,0.6167,1.2333,0.3075,1.2676,-175.5317,0.0000,0.0000,0.0000,0.1578,1.6864,-166.2378,0.019,9431,-0.0985,0.0170,0.3110,0,4,0.545
124.354,0,4,1,0.6167,1.2333,0.3174,1.2666,-175.6895,0.0000,0.0000,0.0000,0.3170,1.1063,-177.2039,0.024,9437,-0.0985,0.0170,0.3011,0,4,0.537
124.453,0,4,1,0.6167,1.2333,0.3263,1.2722,-175.6427,0.0000,0.0000,0.0000,0.1739,1.6960,-166.3752,0.012,9443,-0.0984,0.0179,0.2929,0,4,0.565
124.555,0,4,1,0.6167,1.2333,0.3355,1.2717,-175.8055,0.0000,0.0000,0.0000,0.3308,1.1048,-177.3123,0.024,9449,-0.0981,0.0195,0.2838,0,4,0.555
124.654,0,4,1,0.6167,1.2333,0.3446,1.2767,-175.6450,0.0000,0.0000,0.0000,0.4459,1.2353,-178.5802,0.005,9455,-0.0976,0.0218,0.2755,0,4,0.552
124.752,0,4,1,0.6167,1.2333,0.3555,1.2735,-175.9292,0.0000,0.0000,0.0000,0.3290,1.3215,-174.8628,0.009,9461,-0.0977,0.0211,0.2643,0,4,0.544
124.854,0,4,1,0.6167,1.2333,0.3647,1.2771,-175.7700,0.0000,0.0000,0.0000,0.2147,1.7018,-166.8800,0.013,9467,-0.0977,0.0215,0.2557,0,4,0.561
124.954,0,4,1,0.6167,1.2333,0.3737,1.2766,-175.8703,0.0000,0.0000,0.0000,0.3790,1.0993,-177.9399,0.015,9473,-0.0972,0.0234,0.2468,0,4,0.551
125.053,0,4,1,0.6167,1.2333,0.3825,1.2805,-175.7787,0.0000,0.0000,0.0000,0.2417,1.6950,-167.2006,0.019,9479,-0.0967,0.0256,0.2389,0,4,0.556
125.153,0,4,1,0.6167,1.2333,0.3914,1.2794,-175.9475,0.0000,0.0000,0.0000,0.3983,1.0951,-178.2598,0.013,9485,-0.0966,0.0259,0.2299,0,4,0.556
125.252,0,4,1,0.6167,1.2333,0.4017,1.2790,-175.9265,0.0000,0.0000,0.0000,0.5101,1.2118,-178.7199,0.029,9490,-0.0964,0.0266,0.2197,0,4,0.560
125.353,0,4,1,0.6167,1.2333,0.4114,1.2796,-175.8133,0.0000,0.0000,0.0000,0.4241,1.0906,-178.4849,0.024,9496,-0.0961,0.0278,0.2104,0,4,0.571
125.453,0,4,1,0.6167,1.2333,0.4219,1.2776,-176.0255,0.0000,0.0000,0.0000,0.4413,1.5139,-172.6580,0.002,9503,-0.0960,0.0280,0.1998,0,4,0.559
125.553,0,4,1,0.6167,1.2333,0.4315,1.2795,-175.9435,0.0000,0.0000,0.0000,0.2884,1.6909,-167.5749,0.045,9507,-0.0954,0.0300,0.1908,0,4,0.558
125.655,0,4,1,0.6167,1.2333,0.4408,1.2800,-175.7693,0.0000,0.0000,0.0000,0.3117,1.6708,-168.0047,0.017,9515,-0.0949,0.0314,0.1820,0,4,0.569
125.753,0,4,1,0.6167,1.2333,0.4508,1.2760,-175.9848,0.0000,0.0000,0.0000,0.4639,1.0828,-178.6665,0.024,9521,-0.0952,0.0307,0.1712,0,4,0.563
125.853,0,4,1,0.6167,1.2333,0.4605,1.2777,-175.9259,0.0000,0.0000,0.0000,0.3364,1.6702,-168.2400,0.010,9527,-0.0950,0.0311,0.1624,0,4,0.594
125.952,0,4,1,0.6167,1.2333,0.4698,1.2746,-176.1265,0.0000,0.0000,0.0000,0.4363,1.2894,-175.8215,0.014,9533,-0.0945,0.0328,0.1526,0,4,0.587
126.053,0,4,1,0.6167,1.2333,0.4791,1.2759,-175.9932,0.0000,0.0000,0.0000,0.3571,1.6636,-168.5194,0.012,9539,-0.0936,0.0352,0.1439,0,4,0.576
126.152,0,4,1,0.6167,1.2333,0.4886,1.2721,-176.0715,0.0000,0.0000,0.0000,0.5076,1.0713,-179.1656,0.021,9545,-0.0938,0.0346,0.1338,0,4,0.580
126.253,0,4,1,0.6167,1.2333,0.4987,1.2726,-176.1006,0.0000,0.0000,0.0000,0.6151,1.1693,-178.9295,0.006,9551,-0.0923,0.0370,0.1243,0,4,0.618
126.353,0,4,1,0.6167,1.2333,0.5083,1.2674,-176.1162,0.0000,0.0000,0.0000,0.5294,1.1561,-179.1151,0.024,9557,-0.0849,0.0324,0.1136,0,4,0.601
126.453,0,4,1,0.6167,1.2333,0.5176,1.2668,-175.9911,0.0000,0.0000,0.0000,0.4062,1.6377,-169.1768,0.013,9563,-0.0775,0.0315,0.1046,0,4,0.591
126.554,0,4,1,0.6167,1.2333,0.5258,1.2626,-176.2909,0.0000,0.0000,0.0000,0.5516,1.0578,-179.6205,0.019,9569,-0.0712,0.0278,0.0955,0,4,0.597
126.653,0,4,1,0.6167,1.2333,0.5336,1.2633,-176.1594,0.0000,0.0000,0.0000,0.4152,1.6463,-169.1453,0.010,9575,-0.0649,0.0280,0.0883,0,4,0.596
126.752,0,4,1,0.6167,1.2333,0.5395,1.2619,-176.2210,0.0000,0.0000,0.0000,0.5628,1.0534,-179.6518,0.003,9581,-0.0602,0.0265,0.0822,0,4,0.608
126.852,0,4,1,0.6167,1.2333,0.5486,1.2549,-176.3619,0.0000,0.0000,0.0000,0.5633,1.0518,-179.7078,0.014,9586,-0.0533,0.0205,0.0714,0,4,0.609
126.952,0,4,2,1.2333,1.2333,0.5548,1.2562,-176.2639,0.0000,0.0000,0.0000,0.5785,1.0472,-179.8834,0.006,9593,-0.0996,0.0094,0.6789,0,4,0.603
127.054,0,4,2,1.2333,1.2333,0.5653,1.2567,-176.2817,0.0000,0.0000,0.0000,0.4456,1.6308,-169.5379,0.013,9599,-0.0996,0.0090,0.6685,0,4,0.619
127.154,0,4,2,1.2333,1.2333,0.5752,1.2534,-176.3534,0.0000,0.0000,0.0000,0.5961,1.0460,179.9981,0.024,9605,-0.0996,0.0090,0.6584,0,4,0.616
127.254,0,4,2,1.2333,1.2333,0.5851,1.2557,-176.2695,0.0000,0.0000,0.0000,0.4476,1.6304,-169.5876,0.012,9611,-0.0996,0.0089,0.6486,0,4,0.608
127.354,0,4,2,1.2333,1.2333,0.5947,1.2535,-176.2425,0.0000,0.0000,0.0000,0.5722,1.2353,-177.1025,0.025,9617,-0.0996,0.0092,0.6389,0,4,0.616
127.455,0,4,2,1.2333,1.2333,0.6041,1.2557,-176.2041,0.0000,0.0000,0.0000,0.7265,1.1231,-178.4982,0.006,9623,-0.0995,0.0098,0.6296,0,4,0.620
127.553,0,4,2,1.2333,1.2333,0.6144,1.2521,-176.4760,0.0000,0.0000,0.0000,0.6420,1.0459,179.9940,0.020,9629,-0.0996,0.0090,0.6192,0,4,0.619
127.655,0,4,2,1.2333,1.2333,0.6239,1.2543,-176.3035,0.0000,0.0000,0.0000,0.7493,1.1189,-178.6734,0.013,9635,-0.0996,0.0094,0.6097,0,4,0.635
127.753,0,4,2,1.2333,1.2333,0.6340,1.2507,-176.2915,0.0000,0.0000,0.0000,0.6557,1.1157,-179.7156,0.023,9641,-0.0996,0.0089,0.5996,0,4,0.627
127.853,0,4,2,1.2333,1.2333,0.6434,1.2527,-176.3253,0.0000,0.0000,0.0000,0.4559,1.6288,-169.7987,0.009,9647,-0.0996,0.0087,0.5903,0,4,0.633
127.953,0,4,2,1.2333,1.2333,0.6531,1.2501,-176.3802,0.0000,0.0000,0.0000,0.6868,1.0442,179.7831,0.023,9653,-0.0996,0.0089,0.5805,0,4,0.640
128.053,0,4,2,1.2333,1.2333,0.6637,1.2486,-176.3535,0.0000,0.0000,0.0000,0.7963,1.1063,-178.0616,0.026,9658,-0.0996,0.0087,0.5699,0,4,0.658
128.157,0,4,2,1.2333,1.2333,0.6717,1.2505,-176.4034,0.0000,0.0000,0.0000,0.7149,1.0422,179.5482,0.002,9665,-0.0996,0.0091,0.5619,0,4,0.637
128.253,0,4,2,1.2333,1.2333,0.6812,1.2493,-176.3697,0.0000,0.0000,0.0000,0.4662,1.6268,-170.0599,0.013,9671,-0.0997,0.0082,0.5524,0,4,0.644
128.354,0,4,2,1.2333,1.2333,0.6907,1.2485,-176.3414,0.0000,0.0000,0.0000,0.6866,1.2044,-177.5807,0.028,9676,-0.0996,0.0088,0.5429,0,4,0.641
128.452,0,4,2,1.2333,1.2333,0.7002,1.2472,-176.4170,0.0000,0.0000,0.0000,0.4758,1.6250,-170.3017,0.011,9683,-0.0996,0.0086,0.5334,0,4,0.640
128.554,0,4,2,1.2333,1.2333,0.7102,1.2444,-176.3838,0.0000,0.0000,0.0000,0.7494,1.0423,179.5108,0.025,9689,-0.0997,0.0081,0.5232,0,4,0.673
128.652,0,4,2,1.2333,1.2333,0.7193,1.2460,-176.3287,0.0000,0.0000,0.0000,0.4980,1.6206,-170.8646,0.010,9695,-0.0996,0.0085,0.5141,0,4,0.652
128.752,0,4,2,1.2333,1.2333,0.7285,1.2428,-176.3206,0.0000,0.0000,0.0000,0.7416,1.1858,-177.8737,0.019,9701,-0.0997,0.0079,0.5050,0,4,0.661
128.852,0,4,2,1.2333,1.2333,0.7458,1.2335,-176.5735,0.0000,0.0000,0.0000,0.8953,1.0449,177.6817,0.012,9707,-0.0998,0.0060,0.4875,0,4,0.661
128.952,0,4,2,1.2333,1.2333,0.7591,1.2256,-176.7043,0.0000,0.0000,0.0000,0.7636,1.1811,-177.9848,0.013,9713,-0.0999,0.0044,0.4743,0,4,0.667
129.054,0,4,2,1.2333,1.2333,0.7747,1.2173,-176.7579,0.0000,0.0000,0.0000,0.9134,1.0425,177.6987,0.009,9719,-0.1000,0.0029,0.4589,0,4,0.669
129.154,0,4,2,1.2333,1.2333,0.7880,1.2095,-176.7597,0.0000,0.0000,0.0000,0.8192,1.0411,179.4909,0.015,9725,-0.1000,0.0007,0.4460,0,4,0.664
129.252,0,4,2,1.2333,1.2333,0.8021,1.2029,-176.9099,0.0000,0.0000,0.0000,0.9327,1.0688,-176.3255,0.028,9730,-0.1000,-0.0010,0.4323,0,4,0.672
129.353,0,4,2,1.2333,1.2333,0.8167,1.1956,-177.0036,0.0000,0.0000,0.0000,0.8924,1.0529,177.8851,0.020,9737,-0.1000,-0.0030,0.4184,0,4,0.666
129.452,0,4,2,1.2333,1.2333,0.8321,1.1892,-176.9910,0.0000,0.0000,0.0000,0.9482,1.0308,177.7423,0.006,9743,-0.0999,-0.0049,0.4036,0,4,0.664
129.553,0,4,2,1.2333,1.2333,0.8448,1.1857,-176.9550,0.0000,0.0000,0.0000,0.8348,1.1588,-177.9197,0.006,9748,-0.0998,-0.0062,0.3915,0,4,0.676
129.652,0,4,2,1.2333,1.2333,0.8604,1.1789,-177.0797,0.0000,0.0000,0.0000,0.9699,1.0471,178.4101,0.015,9755,-0.0996,-0.0085,0.3769,0,4,0.676
129.753,0,4,2,1.2333,1.2333,0.8734,1.1748,-177.2088,0.0000,0.0000,0.0000,0.9307,1.0507,178.4582,0.013,9761,-0.0995,-0.0101,0.3647,0,4,0.672
129.853,0,4,2,1.2333,1.2333,0.8882,1.1702,-177.0273,0.0000,0.0000,0.0000,0.9898,1.0477,178.4535,0.013,9767,-0.0993,-0.0120,0.3509,0,4,0.658
129.956,0,4,2,1.2333,1.2333,0.9008,1.1669,-176.9447,0.0000,0.0000,0.0000,0.9540,1.0534,178.7195,0.023,9773,-0.0991,-0.0136,0.3391,0,4,0.658
130.052,0,4,2,1.2333,1.2333,0.9154,1.1631,-177.0752,0.0000,0.0000,0.0000,1.0090,1.0507,178.7763,0.018,9779,-0.0988,-0.0157,0.3256,0,4,0.662
130.152,0,4,2,1.2333,1.2333,0.9278,1.1605,-176.9559,0.0000,0.0000,0.0000,0.9719,1.0533,178.9049,0.014,9785,-0.0985,-0.0173,0.3141,0,4,0.647
130.254,0,4,2,1.2333,1.2333,0.9424,1.1574,-177.0466,0.0000,0.0000,0.0000,1.0843,1.0503,-172.1646,0.007,9791,-0.0983,-0.0186,0.3007,0,4,0.663
130.352,0,4,2,1.2333,1.2333,0.9545,1.1555,-176.8474,0.0000,0.0000,0.0000,0.9308,1.1386,-177.6862,0.015,9797,-0.0978,-0.0211,0.2895,0,4,0.646
130.452,0,4,2,1.2333,1.2333,0.9688,1.1533,-176.7684,0.0000,0.0000,0.0000,1.0457,1.0636,179.1267,0.011,9803,-0.0973,-0.0231,0.2764,0,4,0.655
130.553,0,4,2,1.2333,1.2333,0.9808,1.1522,-176.6363,0.0000,0.0000,0.0000,1.0116,1.0586,179.5586,0.015,9809,-0.0969,-0.0248,0.2652,0,4,0.647
130.654,0,4,2,1.2333,1.2333,0.9955,1.1508,-176.4986,0.0000,0.0000,0.0000,1.0670,1.0649,179.3409,0.009,9815,-0.0963,-0.0270,0.2517,0,4,0.650
130.753,0,4,2,1.2333,1.2333,1.0076,1.1498,-176.6074,0.0000,0.0000,0.0000,0.9812,1.1298,-177.4884,0.007,9821,-0.0957,-0.0290,0.2407,0,4,0.648
130.852,0,4,2,1.2333,1.2333,1.0216,1.1501,-176.3964,0.0000,0.0000,0.0000,1.2555,1.0692,-163.9664,0.012,9826,-0.0951,-0.0309,0.2275,0,4,0.638
130.954,0,4,2,1.2333,1.2333,1.0333,1.1495,-176.4844,0.0000,0.0000,0.0000,0.9992,1.1370,-177.4126,0.003,9833,-0.0944,-0.0330,0.2169,0,4,0.630
131.052,0,4,2,1.2333,1.2333,1.0486,1.1505,-176.1648,0.0000,0.0000,0.0000,1.1025,1.0837,179.7937,0.015,9839,-0.0935,-0.0354,0.2024,0,4,0.642
131.153,0,4,2,1.2333,1.2333,1.0602,1.1518,-176.3831,0.0000,0.0000,0.0000,1.0706,1.0785,179.9944,0.014,9845,-0.0929,-0.0371,0.1914,0,4,0.641
131.252,0,4,2,1.2333,1.2333,1.0743,1.1532,-176.2849,0.0000,0.0000,0.0000,1.1218,1.0912,179.7564,0.013,9851,-0.0918,-0.0395,0.1781,0,4,0.608
131.354,0,4,2,1.2333,1.2333,1.0863,1.1558,-176.1991,0.0000,0.0000,0.0000,1.0373,1.1498,-177.5570,0.021,9857,-0.0911,-0.0413,0.1662,0,4,0.624
131.452,0,4,2,1.2333,1.2333,1.0971,1.1587,-176.2884,0.0000,0.0000,0.0000,1.4066,1.1410,-156.4297,0.003,9863,-0.0904,-0.0427,0.1553,0,4,0.621
131.553,0,4,2,1.2333,1.2333,1.1120,1.1616,-176.0825,0.0000,0.0000,0.0000,1.0991,1.0934,-179.9640,0.024,9869,-0.0890,-0.0456,0.1410,0,4,0.624
131.652,0,4,2,1.2333,1.2333,1.1250,1.1653,-175.8148,0.0000,0.0000,0.0000,1.1583,1.1114,179.9130,0.015,9875,-0.0877,-0.0480,0.1279,0,4,0.624
131.754,0,4,2,1.2333,1.2333,1.1370,1.1693,-175.8786,0.0000,0.0000,0.0000,1.0734,1.1649,-177.5442,0.021,9881,-0.0800,-0.0465,0.1157,0,4,0.604
131.852,0,4,2,1.2333,1.2333,1.1506,1.1738,-175.8565,0.0000,0.0000,0.0000,1.1757,1.1242,179.6134,0.013,9887,-0.0689,-0.0436,0.1019,0,4,0.600
131.953,0,4,2,1.2333,1.2333,1.1588,1.1774,-175.7288,0.0000,0.0000,0.0000,1.0870,1.1799,-177.6495,0.026,9893,-0.0622,-0.0411,0.0932,0,4,0.596
132.054,0,4,2,1.2333,1.2333,1.1644,1.1808,-175.8695,0.0000,0.0000,0.0000,1.1871,1.1296,179.7886,0.044,9896,-0.0576,-0.0387,0.0867,0,4,0.600
132.152,0,4,2,1.2333,1.2333,1.1690,1.1828,-176.1057,0.0000,0.0000,0.0000,1.1013,1.1858,-177.7231,0.002,9902,-0.0538,-0.0372,0.0818,0,4,0.582
132.254,0,4,2,1.2333,1.2333,1.1736,1.1858,-176.4390,0.0000,0.0000,0.0000,1.2027,1.1436,179.4199,0.005,9906,-0.0503,-0.0353,0.0763,0,4,0.570
132.354,0,4,2,1.2333,1.2333,1.1769,1.1870,-176.5296,0.0000,0.0000,0.0000,1.1689,1.1327,179.2241,0.005,9911,0.0000,0.0000,0.0730,0,4,0.117
132.453,0,4,2,1.2333,1.2333,1.1765,1.1856,-176.6854,0.0000,0.0000,0.0000,1.2130,1.1474,179.2146,0.012,9915,0.0000,0.0000,0.0742,0,4,0.572
132.553,0,4,2,1.2333,1.2333,1.1757,1.1846,-176.7726,0.0000,0.0000,0.0000,1.1728,1.1340,179.2591,0.018,9920,0.0000,0.0000,0.0755,0,4,0.577
132.652,0,4,2,1.2333,1.2333,1.1759,1.1836,-176.8496,0.0000,0.0000,0.0000,1.2126,1.1476,179.2346,0.017,9924,0.0000,0.0000,0.0760,0,4,0.572
132.753,0,4,2,1.2333,1.2333,1.1750,1.1827,-176.9259,0.0000,0.0000,0.0000,1.1072,1.2079,-177.9706,0.021,9929,0.0000,0.0000,0.0773,0,4,0.586
132.853,0,4,2,1.2333,1.2333,1.1751,1.1817,-176.9982,0.0000,0.0000,0.0000,1.2126,1.1477,179.2381,0.011,9933,0.0000,0.0000,0.0778,0,4,0.576
132.952,0,4,2,1.2333,1.2333,1.1742,1.1808,-177.0719,0.0000,0.0000,0.0000,1.1074,1.2080,-177.9715,0.021,9938,0.0000,0.0000,0.0791,0,4,0.570
133.052,0,4,2,1.2333,1.2333,1.1743,1.1799,-177.1395,0.0000,0.0000,0.0000,1.2126,1.1477,179.2381,0.013,9942,0.0000,0.0000,0.0796,0,4,0.588
133.152,0,4,2,1.2333,1.2333,1.1733,1.1791,-177.2090,0.0000,0.0000,0.0000,1.1728,1.1339,179.2576,0.019,9947,0.0000,0.0000,0.0808,0,4,0.117
133.253,0,4,2,1.2333,1.2333,1.1735,1.1783,-177.2725,0.0000,0.0000,0.0000,1.2126,1.1477,179.2381,0.012,9951,0.0000,0.0000,0.0813,0,4,0.577
133.353,0,4,2,1.2333,1.2333,1.1725,1.1776,-177.3335,0.0000,0.0000,0.0000,1.2126,1.1477,179.2381,0.011,9956,0.0000,0.0000,0.0825,1,5,0.574
133.454,0,4,2,1.2333,1.2333,1.1727,1.1768,-177.3897,0.0000,0.0000,0.0000,1.2127,1.1478,179.2397,0.006,9960,0.0000,0.0000,0.0829,1,5,0.585
133.554,0,4,2,1.2333,1.2333,1.1718,1.1767,-177.4171,0.0000,0.0000,0.0000,1.1074,1.2082,-177.9687,0.007,9964,0.0000,0.0000,0.0837,1,5,0.570
133.654,0,4,2,1.2333,1.2333,1.1715,1.1758,-177.4736,0.0000,0.0000,0.0000,1.2127,1.1478,179.2430,0.002,9969,0.0000,0.0000,0.0845,1,5,0.581
133.752,0,4,2,1.2333,1.2333,1.1710,1.1750,-177.5561,0.0000,0.0000,0.0000,1.1074,1.2082,-177.9692,0.010,9974,0.0000,0.0000,0.0854,1,5,0.580
133.853,0,4,2,1.2333,1.2333,1.1713,1.1743,-177.6058,0.0000,0.0000,0.0000,1.2128,1.1479,179.2444,0.011,9978,0.0000,0.0000,0.0857,1,5,0.582
133.952,0,4,2,1.2333,1.2333,1.1704,1.1738,-177.6558,0.0000,0.0000,0.0000,1.1729,1.1339,179.2572,0.017,9983,0.0000,0.0000,0.0866,1,5,0.595
134.054,0,4,2,1.2333,1.2333,1.1706,1.1732,-177.7022,0.0000,0.0000,0.0000,1.2128,1.1479,179.2444,0.016,9987,0.0000,0.0000,0.0869,1,5,0.585
134.152,0,4,2,1.2333,1.2333,1.1698,1.1728,-177.7478,0.0000,0.0000,0.0000,1.1074,1.2083,-177.9658,0.017,9992,0.0000,0.0000,0.0877,1,5,0.593
134.253,0,4,2,1.2333,1.2333,1.1700,1.1722,-177.7935,0.0000,0.0000,0.0000,1.2128,1.1479,179.2444,0.013,9996,0.0000,0.0000,0.0880,1,5,0.578
134.353,0,4,2,1.2333,1.2333,1.1692,1.1719,-177.8398,0.0000,0.0000,0.0000,1.1729,1.1339,179.2589,0.017,10001,0.0000,0.0000,0.0888,1,5,0.457
134.453,0,4,2,1.2333,1.2333,1.1695,1.1714,-177.8801,0.0000,0.0000,0.0000,1.2128,1.1479,179.2444,0.017,10005,0.0000,0.0000,0.0889,1,5,0.576
134.552,0,4,2,1.2333,1.2333,1.1687,1.1711,-177.9205,0.0000,0.0000,0.0000,1.1729,1.1339,179.2594,0.021,10010,0.0000,0.0000,0.0897,1,5,0.156
134.652,0,4,2,1.2333,1.2333,1.1691,1.1706,-177.9619,0.0000,0.0000,0.0000,1.2128,1.1479,179.2444,0.016,10014,0.0000,0.0000,0.0898,1,5,0.326
134.753,0,4,2,1.2333,1.2333,1.1683,1.1704,-177.9999,0.0000,0.0000,0.0000,1.1074,1.2085,-177.9605,0.014,10019,0.0000,0.0000,0.0905,1,5,0.569
134.853,0,4,2,1.2333,1.2333,1.1681,1.1702,-178.0157,0.0000,0.0000,0.0000,1.1074,1.2085,-177.9613,0.027,10022,0.0000,0.0000,0.0908,1,5,0.578
134.953,0,4,2,1.2333,1.2333,1.1678,1.1701,-178.0547,0.0000,0.0000,0.0000,1.1729,1.1338,179.2600,0.002,10028,0.0000,0.0000,0.0910,1,5,0.585
135.052,0,4,2,1.2333,1.2333,1.1682,1.1693,-178.1113,0.0000,0.0000,0.0000,1.2128,1.1479,179.2444,0.016,10032,0.0000,0.0000,0.0913,1,5,0.586
135.152,0,4,2,1.2333,1.2333,1.1675,1.1691,-178.1448,0.0000,0.0000,0.0000,1.1729,1.1338,179.2603,0.005,10037,0.0000,0.0000,0.0919,1,5,0.575
135.253,0,4,2,1.2333,1.2333,1.1679,1.1687,-178.1767,0.0000,0.0000,0.0000,1.2128,1.1479,179.2444,0.018,10041,0.0000,0.0000,0.0920,1,5,0.595
135.352,0,4,2,1.2333,1.2333,1.1672,1.1686,-178.2047,0.0000,0.0000,0.0000,1.1074,1.2085,-177.9610,0.018,10046,0.0000,0.0000,0.0926,1,5,0.565
135.458,0,4,2,1.2333,1.2333,1.1676,1.1682,-178.2367,0.0000,0.0000,0.0000,1.2128,1.1479,179.2444,0.023,10050,0.0000,0.0000,0.0926,1,5,0.592
135.553,0,4,2,1.2333,1.2333,1.1669,1.1681,-178.2644,0.0000,0.0000,0.0000,1.1730,1.1338,179.2614,0.013,10055,0.0000,0.0000,0.0931,1,5,0.579
135.654,0,4,2,1.2333,1.2333,1.1673,1.1677,-178.2945,0.0000,0.0000,0.0000,1.2128,1.1479,179.2444,0.011,10059,0.0000,0.0000,0.0931,1,5,0.574
135.753,0,4,2,1.2333,1.2333,1.1666,1.1677,-178.3202,0.0000,0.0000,0.0000,1.1074,1.2085,-177.9604,0.018,10064,0.0000,0.0000,0.0936,1,5,0.577
135.852,0,4,2,1.2333,1.2333,1.1670,1.1673,-178.3495,0.0000,0.0000,0.0000,1.2128,1.1479,179.2444,0.013,10068,0.0000,0.0000,0.0936,1,5,0.586
135.952,0,4,2,1.2333,1.2333,1.1664,1.1673,-178.3717,0.0000,0.0000,0.0000,1.1074,1.2085,-177.9622,0.022,10073,0.0000,0.0000,0.0941,1,5,0.590
136.054,0,4,2,1.2333,1.2333,1.1663,1.1672,-178.3770,0.0000,0.0000,0.0000,1.1074,1.2086,-177.9590,0.060,10076,0.0000,0.0000,0.0942,1,5,0.581
136.152,0,4,2,1.2333,1.2333,1.1662,1.1669,-178.4186,0.0000,0.0000,0.0000,1.1730,1.1337,179.2601,0.007,10082,0.0000,0.0000,0.0945,1,5,0.581
136.253,0,4,2,1.2333,1.2333,1.1666,1.1666,-178.4450,0.0000,0.0000,0.0000,1.2128,1.1479,179.2444,0.006,10086,0.0000,0.0000,0.0944,1,5,0.583
136.353,0,4,2,1.2333,1.2333,1.1659,1.1669,-178.4467,0.0000,0.0000,0.0000,1.1073,1.2086,-177.9586,0.006,10090,0.0000,0.0000,0.0946,1,5,0.570
136.454,0,4,2,1.2333,1.2333,1.1664,1.1663,-178.4899,0.0000,0.0000,0.0000,1.2128,1.1479,179.2444,0.010,10095,0.0000,0.0000,0.0947,1,5,0.580
136.552,0,4,2,1.2333,1.2333,1.1658,1.1663,-178.5072,0.0000,0.0000,0.0000,1.1074,1.2086,-177.9612,0.011,10100,0.0000,0.0000,0.0952,1,5,0.570
136.655,0,4,2,1.2333,1.2333,1.1662,1.1660,-178.5292,0.0000,0.0000,0.0000,1.2128,1.1479,179.2444,0.022,10104,0.0000,0.0000,0.0951,1,5,0.578
136.754,0,4,2,1.2333,1.2333,1.1656,1.1660,-178.5464,0.0000,0.0000,0.0000,1.1073,1.2086,-177.9593,0.020,10109,0.0000,0.0000,0.0955,1,5,0.578
136.853,0,4,2,1.2333,1.2333,1.1661,1.1658,-178.5680,0.0000,0.0000,0.0000,1.2128,1.1479,179.2444,0.012,10113,0.0000,0.0000,0.0953,1,5,0.592
136.953,0,4,2,1.2333,1.2333,1.1655,1.1658,-178.5841,0.0000,0.0000,0.0000,1.1074,1.2086,-177.9618,0.020,10118,0.0000,0.0000,0.0957,1,5,0.587
137.053,0,4,2,1.2333,1.2333,1.1659,1.1655,-178.6044,0.0000,0.0000,0.0000,1.2128,1.1479,179.2444,0.014,10122,0.0000,0.0000,0.0956,1,5,0.582
137.153,0,4,2,1.2333,1.2333,1.1653,1.1656,-178.6193,0.0000,0.0000,0.0000,1.1073,1.2086,-177.9594,0.022,10127,0.0000,0.0000,0.0960,1,5,0.577
137.253,0,4,2,1.2333,1.2333,1.1658,1.1653,-178.6398,0.0000,0.0000,0.0000,1.2128,1.1479,179.2444,0.018,10131,0.0000,0.0000,0.0958,1,5,0.571
137.353,0,4,2,1.2333,1.2333,1.1652,1.1654,-178.6516,0.0000,0.0000,0.0000,1.1073,1.2086,-177.9600,0.023,10136,0.0000,0.0000,0.0962,1,5,0.580
137.453,0,5,0,1.2333,1.2333,1.1652,1.1653,-178.6547,0.0000,0.0000,0.0000,1.1073,1.2086,-177.9607,0.053,10139,-0.0577,-0.0510,0.0963,1,5,0.580
137.552,0,5,0,1.2333,1.2333,1.1692,1.1691,-178.2622,0.0000,0.0000,0.0000,1.1073,1.2087,-177.9550,0.005,10145,-0.0543,-0.0482,0.0908,1,5,0.566
137.653,0,5,0,1.2333,1.2333,1.1740,1.1735,-177.7388,0.0000,0.0000,0.0000,1.1142,1.1990,-177.7184,0.029,10148,-0.0502,-0.0449,0.0842,1,5,0.586
137.753,0,5,0,1.2333,1.2333,1.1791,1.1771,-177.4132,0.0000,0.0000,0.0000,1.1824,1.1455,-179.6016,0.025,10153,-0.0460,-0.0423,0.0782,1,5,0.572
137.855,0,5,1,0.6167,1.2333,1.1833,1.1811,-177.1009,0.0000,0.0000,0.0000,1.2215,1.1668,-179.1297,0.020,10158,0.0988,-0.0152,0.5691,1,5,0.571
137.952,0,5,1,0.6167,1.2333,1.1797,1.1821,-177.0265,0.0000,0.0000,0.0000,1.1927,1.1513,-178.8149,0.020,10163,0.0989,-0.0150,0.5654,1,5,0.564
138.054,0,5,1,0.6167,1.2333,1.1716,1.1828,-177.3733,0.0000,0.0000,0.0000,1.2281,1.1722,-179.0364,0.016,10167,0.0989,-0.0150,0.5573,1,5,0.565
138.153,0,5,1,0.6167,1.2333,1.1627,1.1836,-177.3037,0.0000,0.0000,0.0000,1.1831,1.1586,-179.0844,0.018,10172,0.0989,-0.0150,0.5483,1,5,0.553
138.255,0,5,1,0.6167,1.2333,1.1540,1.1844,-177.1508,0.0000,0.0000,0.0000,1.2082,1.1743,-179.1997,0.010,10176,0.0989,-0.0150,0.5396,1,5,0.554
138.353,0,5,1,0.6167,1.2333,1.1445,1.1852,-177.0789,0.0000,0.0000,0.0000,1.1624,1.1592,-178.8673,0.017,10181,0.0989,-0.0151,0.5301,1,5,0.561
138.455,0,5,1,0.6167,1.2333,1.1356,1.1861,-177.1350,0.0000,0.0000,0.0000,1.1876,1.1790,-178.9323,0.015,10185,0.0989,-0.0150,0.5211,1,5,0.554
138.553,0,5,1,0.6167,1.2333,1.1260,1.1870,-177.1014,0.0000,0.0000,0.0000,1.0936,1.2109,-176.6434,0.021,10190,0.0989,-0.0150,0.5114,1,5,0.544
138.654,0,5,1,0.6167,1.2333,1.1169,1.1878,-177.0440,0.0000,0.0000,0.0000,1.1685,1.1809,-178.8810,0.017,10194,0.0989,-0.0150,0.5023,1,5,0.559
138.753,0,5,1,0.6167,1.2333,1.1071,1.1888,-177.0617,0.0000,0.0000,0.0000,1.0753,1.2140,-176.5426,0.018,10199,0.0989,-0.0150,0.4925,1,5,0.549
138.854,0,5,1,0.6167,1.2333,1.0975,1.1897,-176.8912,0.0000,0.0000,0.0000,1.1556,1.1832,-178.9053,0.049,10202,0.0989,-0.0150,0.4828,1,5,0.544
138.953,0,5,1,0.6167,1.2333,1.0887,1.1903,-176.8049,0.0000,0.0000,0.0000,1.0513,1.2200,-176.4100,0.002,10208,0.0989,-0.0150,0.4739,1,5,0.549
139.053,0,5,1,0.6167,1.2333,1.0796,1.1916,-176.9746,0.0000,0.0000,0.0000,1.1298,1.1873,-178.5360,0.003,10212,0.0989,-0.0150,0.4648,1,5,0.548
139.153,0,5,1,0.6167,1.2333,1.0691,1.1928,-176.7597,0.0000,0.0000,0.0000,1.0917,1.1698,-179.1296,0.005,10217,0.0989,-0.0149,0.4543,1,5,0.531
139.256,0,5,1,0.6167,1.2333,1.0607,1.1937,-176.7436,0.0000,0.0000,0.0000,1.1104,1.1909,-178.6196,0.015,10221,0.0989,-0.0149,0.4458,1,5,0.536
139.356,0,5,1,0.6167,1.2333,1.0501,1.1949,-176.8599,0.0000,0.0000,0.0000,1.0699,1.1711,-178.6457,0.017,10226,0.0989,-0.0148,0.4351,1,5,0.548
139.453,0,5,1,0.6167,1.2333,1.0408,1.1959,-176.7906,0.0000,0.0000,0.0000,1.0918,1.1910,-178.5994,0.019,10230,0.0989,-0.0148,0.4258,1,5,0.539
139.553,0,5,1,0.6167,1.2333,1.0309,1.1972,-176.8851,0.0000,0.0000,0.0000,0.9881,1.2364,-176.1186,0.018,10235,0.0989,-0.0147,0.4158,1,5,0.534
139.653,0,5,1,0.6167,1.2333,1.0224,1.1982,-176.9264,0.0000,0.0000,0.0000,1.0718,1.1953,-178.6483,0.017,10239,0.0989,-0.0146,0.4072,1,5,0.524
139.754,0,5,1,0.6167,1.2333,1.0113,1.1996,-176.7221,0.0000,0.0000,0.0000,0.9647,1.2421,-176.1148,0.023,10244,0.0989,-0.0145,0.3961,1,5,0.572
139.853,0,5,1,0.6167,1.2333,1.0020,1.2006,-176.7205,0.0000,0.0000,0.0000,1.0538,1.1942,-178.6838,0.015,10248,0.0990,-0.0144,0.3867,1,5,0.525
139.952,0,5,1,0.6167,1.2333,0.9918,1.2020,-176.8916,0.0000,0.0000,0.0000,0.9459,1.2441,-175.7894,0.019,10253,0.0990,-0.0143,0.3764,1,5,0.532
140.054,0,5,1,0.6167,1.2333,0.9823,1.2031,-176.7636,0.0000,0.0000,0.0000,1.0335,1.1993,-178.6541,0.010,10257,0.0990,-0.0142,0.3668,1,5,0.534
140.153,0,5,1,0.6167,1.2333,0.9723,1.2045,-176.7100,0.0000,0.0000,0.0000,0.9237,1.2511,-175.8205,0.021,10262,0.0990,-0.0141,0.3568,1,5,0.548
140.254,0,5,1,0.6167,1.2333,0.9648,1.2046,-176.5917,0.0000,0.0000,0.0000,1.0148,1.2001,-178.4663,0.011,10268,0.0990,-0.0142,0.3493,1,5,0.548
140.355,0,5,1,0.6167,1.2333,0.9551,1.2063,-176.6816,0.0000,0.0000,0.0000,0.9660,1.1838,-178.5642,0.002,10274,0.0990,-0.0141,0.3395,1,5,0.525
140.454,0,5,1,0.6167,1.2333,0.9470,1.2070,-176.5043,0.0000,0.0000,0.0000,0.9964,1.2026,-178.6976,0.002,10280,0.0990,-0.0139,0.3314,1,5,0.562
140.554,0,5,1,0.6167,1.2333,0.9376,1.2085,-176.5169,0.0000,0.0000,0.0000,0.8775,1.2653,-175.6724,0.014,10286,0.0990,-0.0139,0.3219,1,5,0.546
140.654,0,5,1,0.6167,1.2333,0.9291,1.2095,-176.6221,0.0000,0.0000,0.0000,0.9766,1.2049,-178.6116,0.020,10292,0.0991,-0.0136,0.3134,1,5,0.545
140.753,0,5,1,0.6167,1.2333,0.9190,1.2105,-176.6290,0.0000,0.0000,0.0000,0.8513,1.2752,-175.7734,0.020,10298,0.0991,-0.0135,0.3032,1,5,0.550
140.854,0,5,1,0.6167,1.2333,0.9103,1.2117,-176.6660,0.0000,0.0000,0.0000,0.9573,1.2070,-178.9706,0.013,10304,0.0991,-0.0133,0.2944,1,5,0.537
140.953,0,5,1,0.6167,1.2333,0.9000,1.2134,-176.6326,0.0000,0.0000,0.0000,0.8308,1.2785,-175.6929,0.024,10310,0.0991,-0.0130,0.2840,1,5,0.546
141.053,0,5,1,0.6167,1.2333,0.8912,1.2146,-176.6192,0.0000,0.0000,0.0000,0.9380,1.2084,-178.8072,0.014,10316,0.0992,-0.0128,0.2752,1,5,0.543
141.153,0,5,1,0.6167,1.2333,0.8809,1.2156,-176.5321,0.0000,0.0000,0.0000,0.8896,1.1937,-179.1644,0.022,10322,0.0992,-0.0127,0.2648,1,5,0.545
141.253,0,5,1,0.6167,1.2333,0.8723,1.2168,-176.6600,0.0000,0.0000,0.0000,0.9192,1.2091,-178.9733,0.013,10327,0.0992,-0.0125,0.2562,1,5,0.549
141.353,0,5,1,0.6167,1.2333,0.8612,1.2187,-176.5617,0.0000,0.0000,0.0000,0.8672,1.1913,-179.0721,0.016,10334,0.0993,-0.0120,0.2450,1,5,0.523
141.454,0,5,1,0.6167,1.2333,0.8518,1.2199,-176.5509,0.0000,0.0000,0.0000,0.8977,1.1961,-179.5438,0.019,10340,0.0993,-0.0117,0.2355,1,5,0.534
141.555,0,5,1,0.6167,1.2333,0.8413,1.2215,-176.5079,0.0000,0.0000,0.0000,0.8688,1.2434,-174.4252,0.002,10347,0.0994,-0.0112,0.2249,1,5,0.530
141.653,0,5,1,0.6167,1.2333,0.8317,1.2228,-176.4999,0.0000,0.0000,0.0000,0.7559,1.2973,-175.4201,0.030,10351,0.0994,-0.0109,0.2153,1,5,0.527
141.753,0,5,1,0.6167,1.2333,0.8231,1.2236,-176.5813,0.0000,0.0000,0.0000,0.7375,1.3049,-175.4417,0.003,10358,0.0994,-0.0107,0.2066,1,5,0.533
141.853,0,5,1,0.6167,1.2333,0.8123,1.2249,-176.5929,0.0000,0.0000,0.0000,0.8661,1.2086,-179.0048,0.016,10364,0.0995,-0.0103,0.1958,1,5,0.520
141.953,0,5,1,0.6167,1.2333,0.8023,1.2267,-176.6021,0.0000,0.0000,0.0000,0.8084,1.1986,-179.0578,0.006,10370,0.0995,-0.0095,0.1858,1,5,0.526
142.054,0,5,1,0.6167,1.2333,0.7920,1.2276,-176.6154,0.0000,0.0000,0.0000,0.8490,1.2047,-179.1475,0.020,10376,0.0996,-0.0093,0.1754,1,5,0.491
142.153,0,5,1,0.6167,1.2333,0.7812,1.2291,-176.8043,0.0000,0.0000,0.0000,0.7896,1.2007,-179.2626,0.017,10382,0.0996,-0.0086,0.1646,1,5,0.509
142.254,0,5,1,0.6167,1.2333,0.7719,1.2294,-176.7419,0.0000,0.0000,0.0000,0.8308,1.2036,-179.3812,0.017,10388,0.0996,-0.0085,0.1553,1,5,0.510
142.352,0,5,1,0.6167,1.2333,0.7610,1.2303,-176.7079,0.0000,0.0000,0.0000,0.7631,1.2055,-179.2315,0.018,10394,0.0997,-0.0081,0.1444,1,5,0.518
142.455,0,5,1,0.6167,1.2333,0.7515,1.2312,-176.6436,0.0000,0.0000,0.0000,0.8138,1.1986,-179.4371,0.019,10400,0.0997,-0.0076,0.1349,1,5,0.509
142.552,0,5,1,0.6167,1.2333,0.7407,1.2326,-176.8890,0.0000,0.0000,0.0000,0.7477,1.2054,-179.2645,0.017,10406,0.0990,-0.0065,0.1240,1,5,0.493
142.651,0,5,1,0.6167,1.2333,0.7327,1.2326,-176.8196,0.0000,0.0000,0.0000,0.7968,1.1942,-179.7370,0.011,10412,0.0926,-0.0062,0.1160,1,5,0.492
142.754,0,5,1,0.6167,1.2333,0.7176,1.2384,-176.5554,0.0000,0.0000,0.0000,0.6575,1.1991,-177.8182,0.018,10418,0.0815,-0.0008,0.1010,1,5,0.500
142.853,0,5,1,0.6167,1.2333,0.7069,1.2424,-176.5585,0.0000,0.0000,0.0000,0.7244,1.2731,-175.8533,0.029,10423,0.0725,0.0029,0.0906,1,5,0.497
142.954,0,5,1,0.6167,1.2333,0.6937,1.2507,-176.5134,0.0000,0.0000,0.0000,0.7133,1.2727,-175.8721,0.002,10431,0.0624,0.0101,0.0790,1,5,0.500
143.057,0,5,2,0.6167,0.6167,0.6874,1.2489,-176.3735,0.0000,0.0000,0.0000,0.7709,1.1751,-179.9238,0.017,10436,0.0170,0.0985,0.6362,1,5,0.497
143.153,0,5,2,0.6167,0.6167,0.6846,1.2418,-176.6359,0.0000,0.0000,0.0000,0.7689,1.1714,-179.8501,0.020,10440,0.0168,0.0986,0.6288,1,5,0.494
143.254,0,5,2,0.6167,0.6167,0.6770,1.2419,-176.4793,0.0000,0.0000,0.0000,0.4819,1.6831,-168.4755,0.011,10448,0.0156,0.0988,0.6281,1,5,0.502
143.354,0,5,2,0.6167,0.6167,0.6722,1.2377,-176.3851,0.0000,0.0000,0.0000,0.5877,1.3140,-174.9908,0.031,10453,0.0149,0.0989,0.6235,1,5,0.520
143.453,0,5,2,0.6167,0.6167,0.6667,1.2358,-176.3148,0.0000,0.0000,0.0000,0.4956,1.6677,-168.7474,0.016,10460,0.0143,0.0990,0.6211,1,5,0.542
143.554,0,5,2,0.6167,0.6167,0.6623,1.2298,-176.3596,0.0000,0.0000,0.0000,0.6952,1.2338,-176.0316,0.002,10467,0.0134,0.0991,0.6149,1,5,0.544
143.654,0,5,2,0.6167,0.6167,0.6596,1.2244,-176.3555,0.0000,0.0000,0.0000,0.4853,1.6387,-168.6882,0.013,10472,0.0130,0.0991,0.6092,1,5,0.561
143.754,0,5,2,0.6167,0.6167,0.6543,1.2196,-176.1136,0.0000,0.0000,0.0000,0.6144,1.1364,-177.4718,0.021,10478,0.0122,0.0993,0.6041,1,5,0.554
143.855,0,5,2,0.6167,0.6167,0.6504,1.2159,-176.1064,0.0000,0.0000,0.0000,0.5053,1.5734,-169.3622,0.019,10483,0.0116,0.0993,0.6002,1,5,0.552
143.953,0,5,2,0.6167,0.6167,0.6479,1.2080,-176.2041,0.0000,0.0000,0.0000,0.5967,1.2414,-175.2719,0.023,10490,0.0113,0.0994,0.5922,1,5,0.566
144.054,0,5,2,0.6167,0.6167,0.6455,1.2037,-176.0708,0.0000,0.0000,0.0000,0.5033,1.5605,-169.4593,0.016,10496,0.0109,0.0994,0.5877,1,5,0.578
144.155,0,5,2,0.6167,0.6167,0.6428,1.1951,-176.1854,0.0000,0.0000,0.0000,0.6113,1.0912,-177.4989,0.016,10502,0.0106,0.0994,0.5790,1,5,0.592
144.253,0,5,2,0.6167,0.6167,0.6403,1.1901,-176.0197,0.0000,0.0000,0.0000,0.5060,1.5369,-169.6998,0.018,10508,0.0101,0.0995,0.5739,1,5,0.598
144.355,0,5,2,0.6167,0.6167,0.6380,1.1808,-176.0842,0.0000,0.0000,0.0000,0.6009,1.1949,-175.5874,0.006,10514,0.0098,0.0995,0.5646,1,5,0.618
144.453,0,5,2,0.6167,0.6167,0.6367,1.1748,-176.0978,0.0000,0.0000,0.0000,0.6915,1.1403,-176.1625,0.003,10519,0.0096,0.0995,0.5585,1,5,0.621
144.554,0,5,2,0.6167,0.6167,0.6338,1.1662,-176.1950,0.0000,0.0000,0.0000,0.6033,1.1723,-175.7482,0.010,10526,0.0092,0.0996,0.5498,1,5,0.627
144.655,0,5,2,0.6167,0.6167,0.6320,1.1603,-176.0386,0.0000,0.0000,0.0000,0.5185,1.4733,-170.3728,0.021,10532,0.0088,0.0996,0.5439,1,5,0.635
144.754,0,5,2,0.6167,0.6167,0.6306,1.1524,-176.2191,0.0000,0.0000,0.0000,0.6052,1.1480,-175.8730,0.029,10537,0.0086,0.0996,0.5359,1,5,0.627
144.854,0,5,2,0.6167,0.6167,0.6289,1.1437,-176.1285,0.0000,0.0000,0.0000,0.5225,1.4468,-170.6836,0.020,10544,0.0083,0.0997,0.5272,1,5,0.602
144.953,0,5,2,0.6167,0.6167,0.6274,1.1336,-176.1187,0.0000,0.0000,0.0000,0.5985,1.0040,-177.7924,0.019,10550,0.0081,0.0997,0.5170,1,5,0.655
145.055,0,5,2,0.6167,0.6167,0.6261,1.1268,-176.0764,0.0000,0.0000,0.0000,0.6903,1.0748,-176.4402,0.012,10556,0.0077,0.0997,0.5102,1,5,0.678
145.152,0,5,2,0.6167,0.6167,0.6248,1.1163,-176.0804,0.0000,0.0000,0.0000,0.6004,0.9820,-177.7530,0.014,10562,0.0076,0.0997,0.4997,1,5,0.699
145.252,0,5,2,0.6167,0.6167,0.6238,1.1092,-176.0500,0.0000,0.0000,0.0000,0.5251,1.3936,-170.9894,0.014,10568,0.0074,0.0997,0.4925,1,5,0.697
145.353,0,5,2,0.6167,0.6167,0.6227,1.0984,-176.2397,0.0000,0.0000,0.0000,0.5985,0.9606,-177.8881,0.019,10574,0.0073,0.0997,0.4817,1,5,0.671
145.454,0,5,2,0.6167,0.6167,0.6222,1.0899,-176.1747,0.0000,0.0000,0.0000,0.5344,1.3657,-171.4924,0.022,10580,0.0072,0.0997,0.4732,1,5,0.736
145.553,0,5,2,0.6167,0.6167,0.6210,1.0789,-176.1550,0.0000,0.0000,0.0000,0.5745,0.9402,-177.4986,0.019,10586,0.0070,0.0998,0.4623,1,5,0.443
145.653,0,5,2,0.6167,0.6167,0.6207,1.0679,-176.0814,0.0000,0.0000,0.0000,0.6886,1.0094,-176.6542,0.031,10591,0.0069,0.0998,0.4513,1,5,0.739
145.752,0,5,2,0.6167,0.6167,0.6134,1.0587,-176.0742,0.0000,0.0000,0.0000,0.0338,0.8487,-166.5004,0.018,10597,0.0053,0.0999,0.4421,1,5,0.618
145.853,0,5,2,0.6167,0.6167,0.6085,1.0490,-176.0238,0.0000,0.0000,0.0000,0.5423,1.2996,-172.0968,0.005,10604,0.0043,0.0999,0.4324,1,5,0.768
145.953,0,5,2,0.6167,0.6167,0.6039,1.0384,-175.9873,0.0000,0.0000,0.0000,0.6187,1.0056,-176.8156,0.019,10609,0.0030,0.1000,0.4220,1,5,0.775
146.053,0,5,2,0.6167,0.6167,0.5957,1.0255,-176.1621,0.0000,0.0000,0.0000,0.5435,1.2783,-172.1647,0.003,10616,0.0009,0.1000,0.4094,1,5,0.541
146.154,0,5,2,0.6167,0.6167,0.5871,1.0156,-175.9280,0.0000,0.0000,0.0000,0.0679,0.8341,-167.5424,0.015,10622,-0.0014,0.1000,0.4000,1,5,0.792
146.252,0,5,2,0.6167,0.6167,0.5859,1.0036,-175.8964,0.0000,0.0000,0.0000,0.6139,1.0722,-176.2557,0.016,10628,-0.0019,0.1000,0.3882,1,5,0.814
146.354,0,5,2,0.6167,0.6167,0.5798,0.9899,-175.9693,0.0000,0.0000,0.0000,0.6898,0.9294,-176.8520,0.002,10635,-0.0038,0.0999,0.3750,1,5,0.821
146.453,0,5,2,0.6167,0.6167,0.5796,0.9782,-176.0135,0.0000,0.0000,0.0000,0.6176,1.0416,-176.6471,0.017,10640,-0.0042,0.0999,0.3634,1,5,0.818
146.552,0,5,2,0.6167,0.6167,0.5745,0.9647,-176.0180,0.0000,0.0000,0.0000,0.1191,0.7988,-168.4849,0.021,10646,-0.0060,0.0998,0.3506,1,5,0.349
146.655,0,5,2,0.6167,0.6167,0.5750,0.9531,-175.9866,0.0000,0.0000,0.0000,0.6898,0.9018,-177.1560,0.011,10652,-0.0066,0.0998,0.3390,1,5,0.324
146.752,0,5,2,0.6167,0.6167,0.5706,0.9394,-176.2967,0.0000,0.0000,0.0000,0.6313,0.9109,-177.6726,0.022,10658,-0.0081,0.0997,0.3260,1,5,0.305
146.854,0,5,2,0.6167,0.6167,0.5692,0.9304,-176.3255,0.0000,0.0000,0.0000,0.6167,1.0097,-176.8313,0.016,10664,-0.0090,0.0996,0.3173,1,5,0.286
146.954,0,5,2,0.6167,0.6167,0.5644,0.9192,-176.3073,0.0000,0.0000,0.0000,0.5658,1.1602,-173.4683,0.019,10670,-0.0111,0.0994,0.3070,1,5,0.263
147.053,0,5,2,0.6167,0.6167,0.5640,0.9102,-176.4340,0.0000,0.0000,0.0000,0.6180,0.9878,-176.7589,0.011,10676,-0.0119,0.0993,0.2982,1,5,0.239
147.156,0,5,2,0.6167,0.6167,0.5640,0.8989,-176.3822,0.0000,0.0000,0.0000,0.1583,0.7746,-169.4287,0.002,10682,-0.0124,0.0992,0.2871,1,5,0.251
147.255,0,5,2,0.6167,0.6167,0.5602,0.8882,-176.3827,0.0000,0.0000,0.0000,0.6204,0.9646,-176.7869,0.007,10688,-0.0144,0.0990,0.2773,1,5,0.200
147.359,0,5,2,0.6167,0.6167,0.5567,0.8759,-176.4175,0.0000,0.0000,0.0000,0.1337,0.7191,-168.4697,0.019,10694,-0.0166,0.0986,0.2660,1,5,0.215
147.452,0,5,2,0.6167,0.6167,0.5571,0.8675,-176.3806,0.0000,0.0000,0.0000,0.6258,0.9309,-176.9779,0.014,10700,-0.0126,0.0966,0.2578,1,5,0.190
147.554,0,5,2,0.6167,0.6167,0.5540,0.8541,-176.1980,0.0000,0.0000,0.0000,0.6582,0.8004,-178.2299,0.026,10706,-0.0136,0.0956,0.2456,1,5,0.187
147.657,0,5,2,0.6167,0.6167,0.5547,0.8448,-176.3819,0.0000,0.0000,0.0000,0.1492,0.6925,-168.5075,0.003,10713,-0.0111,0.0941,0.2364,1,5,0.180
147.753,0,5,2,0.6167,0.6167,0.5513,0.8330,-176.4478,0.0000,0.0000,0.0000,0.6644,0.7759,-178.3396,0.020,10718,0.0097,0.0837,0.2260,1,5,0.129
147.853,0,5,2,0.6167,0.6167,0.5506,0.8245,-176.2913,0.0000,0.0000,0.0000,0.5913,0.8741,175.9084,0.005,10724,0.0138,0.0811,0.2181,1,5,0.117
147.953,0,5,2,0.6167,0.6167,0.5464,0.8137,-176.2900,0.0000,0.0000,0.0000,0.6690,0.7490,-178.4486,0.024,10730,0.0105,0.0802,0.2092,1,5,0.117
148.055,0,5,2,0.6167,0.6167,0.5460,0.8055,-176.3330,0.0000,0.0000,0.0000,0.1805,0.6660,-168.9981,0.003,10737,-0.0054,0.0956,0.2016,1,5,0.152
148.153,0,5,2,0.6167,0.6167,0.5439,0.7943,-176.4551,0.0000,0.0000,0.0000,0.6712,0.7264,-178.5420,0.024,10742,0.0061,0.0788,0.1920,1,5,0.117
148.254,0,5,2,0.6167,0.6167,0.5448,0.7871,-176.0203,0.0000,0.0000,0.0000,0.5250,0.6725,-176.4848,0.006,10749,-0.0038,0.0650,0.1850,1,5,0.117
148.352,0,5,2,0.6167,0.6167,0.5484,0.7776,-175.4978,0.0000,0.0000,0.0000,0.6774,0.6988,-178.2232,0.026,10754,-0.0041,0.0649,0.1748,1,5,0.117
148.453,0,5,2,0.6167,0.6167,0.5511,0.7704,-174.7211,0.0000,0.0000,0.0000,0.5749,0.8448,177.2134,0.018,10759,0.0047,0.0783,0.1672,1,5,0.117
148.553,0,5,2,0.6167,0.6167,0.5548,0.7611,-173.8074,0.0000,0.0000,0.0000,0.7025,0.6534,-177.0390,0.006,10766,0.0045,0.0782,0.1571,1,5,0.117
148.654,0,5,2,0.6167,0.6167,0.5533,0.7533,-172.9759,0.0000,0.0000,0.0000,0.6235,0.7882,-173.9883,0.023,10772,-0.0060,0.0805,0.1506,1,5,0.134
148.753,0,5,2,0.6167,0.6167,0.5534,0.7435,-172.2998,0.0000,0.0000,0.0000,0.7335,0.6019,-175.4591,0.030,10777,-0.0162,0.0690,0.1417,1,5,0.135
148.852,0,5,2,0.6167,0.6167,0.5573,0.7389,-171.9463,0.0000,0.0000,0.0000,0.6254,0.7591,-172.4805,0.012,10782,-0.0184,0.0726,0.1358,1,5,0.144
148.954,0,5,2,0.6167,0.6167,0.5647,0.7299,-172.3142,0.0000,0.0000,0.0000,0.7488,0.5776,-174.6552,0.029,10786,-0.0163,0.0732,0.1246,1,5,0.144
149.052,0,5,2,0.6167,0.6167,0.5690,0.7243,-172.6296,0.0000,0.0000,0.0000,0.6244,0.7462,-172.8150,0.017,10791,-0.0076,0.0630,0.1178,1,5,0.124
149.153,0,5,2,0.6167,0.6167,0.5737,0.7168,-172.6048,0.0000,0.0000,0.0000,0.7426,0.5837,-174.8897,0.028,10796,-0.0095,0.0620,0.1089,1,5,0.135
149.252,0,5,2,0.6167,0.6167,0.5755,0.7135,-172.7422,0.0000,0.0000,0.0000,0.6041,0.6370,-170.9425,0.004,10803,-0.0098,0.0608,0.1052,1,5,0.138
149.353,0,5,2,0.6167,0.6167,0.5799,0.7053,-172.9013,0.0000,0.0000,0.0000,0.7452,0.5787,-174.7242,0.025,10808,-0.0072,0.0546,0.0959,1,5,0.134
149.455,0,5,2,0.6167,0.6167,0.5824,0.7022,-172.9097,0.0000,0.0000,0.0000,0.6040,0.6410,-170.6988,0.002,10814,-0.0088,0.0552,0.0922,1,5,0.143
149.554,0,5,2,0.6167,0.6167,0.5870,0.6949,-173.0937,0.0000,0.0000,0.0000,0.7467,0.5720,-174.6590,0.025,10819,-0.0086,0.0526,0.0837,1,5,0.152
149.656,0,5,2,0.6167,0.6167,0.5875,0.6923,-173.0908,0.0000,0.0000,0.0000,0.6053,0.6292,-170.7674,0.002,10825,-0.0059,0.0483,0.0811,1,5,0.140
149.753,0,5,2,0.6167,0.6167,0.5929,0.6864,-173.2892,0.0000,0.0000,0.0000,0.6592,0.6560,-172.3732,0.017,10831,-0.0050,0.0462,0.0737,1,5,0.149
149.852,0,5,3,0.6167,0.0000,0.5939,0.6835,-173.2769,0.0000,0.0000,0.0000,0.6194,0.7419,-172.4438,0.009,10837,0.0214,0.0812,0.6839,1,5,0.147
149.953,0,5,3,0.6167,0.0000,0.5949,0.6746,-172.6722,0.0000,0.0000,0.0000,0.6552,0.6567,-172.3115,0.003,10843,0.0222,0.0805,0.6750,1,5,0.145
150.054,0,5,3,0.6167,0.0000,0.5967,0.6679,-172.2197,0.0000,0.0000,0.0000,0.6773,0.7413,-168.9521,0.013,10848,0.0214,0.0816,0.6682,1,5,0.148
150.154,0,5,3,0.6167,0.0000,0.5979,0.6606,-171.9527,0.0000,0.0000,0.0000,0.6441,0.6510,-170.7086,0.020,10855,0.0184,0.0847,0.6608,1,5,0.157
150.253,0,5,3,0.6167,0.0000,0.5995,0.6537,-171.5108,0.0000,0.0000,0.0000,0.5997,0.6346,-168.7982,0.006,10862,0.0417,0.0841,0.6540,1,5,0.117
150.354,0,5,3,0.6167,0.0000,0.6005,0.6444,-171.2342,0.0000,0.0000,0.0000,0.7732,0.5029,-173.2280,0.027,10867,0.0418,0.0841,0.6446,1,5,0.117
150.453,0,5,3,0.6167,0.0000,0.5999,0.6373,-171.2158,0.0000,0.0000,0.0000,0.5942,0.6222,-167.9452,0.003,10874,0.0417,0.0841,0.6376,1,5,0.117
150.553,0,5,3,0.6167,0.0000,0.5968,0.6303,-171.3057,0.0000,0.0000,0.0000,0.3563,0.7213,-164.9323,0.018,10879,0.0412,0.0841,0.6306,1,5,0.117
150.654,0,5,3,0.6167,0.0000,0.5958,0.6234,-171.3254,0.0000,0.0000,0.0000,0.6023,0.6081,-168.2546,0.002,10886,0.0410,0.0841,0.6237,1,5,0.117
150.753,0,5,3,0.6167,0.0000,0.5941,0.6172,-171.5122,0.0000,0.0000,0.0000,0.7670,0.4679,-173.1223,0.029,10891,0.0439,0.1000,0.6176,1,5,0.117
150.853,0,5,3,0.6167,0.0000,0.5931,0.6087,-170.7780,0.0000,0.0000,0.0000,0.6031,0.6412,-170.4329,0.009,10897,0.0436,0.1000,0.6091,1,5,0.117
150.954,0,5,3,0.6167,0.0000,0.5877,0.6031,-170.2088,0.0000,0.0000,0.0000,0.6485,0.5799,-169.0400,0.027,10903,0.0427,0.1000,0.6038,1,5,0.117
151.053,0,5,3,0.6167,0.0000,0.5871,0.5991,-170.1897,0.0000,0.0000,0.0000,0.6006,0.8534,-163.7637,0.006,10909,0.0426,0.1000,0.5999,1,5,0.117
151.154,0,5,3,0.6167,0.0000,0.5838,0.5922,-170.5677,0.0000,0.0000,0.0000,0.6553,0.5532,-168.9335,0.008,10915,0.0420,0.1000,0.5931,1,5,0.117
151.253,0,5,3,0.6167,0.0000,0.5832,0.5857,-170.8598,0.0000,0.0000,0.0000,0.6317,0.6922,-166.4386,0.032,10920,0.0418,0.1000,0.5866,1,5,0.117
151.354,0,5,3,0.6167,0.0000,0.5799,0.5784,-171.3836,0.0000,0.0000,0.0000,0.6429,0.5415,-169.7513,0.008,10927,0.0411,0.1000,0.5796,1,5,0.117
151.453,0,5,3,0.6167,0.0000,0.5770,0.5727,-171.8826,0.0000,0.0000,0.0000,0.5845,0.8588,-164.5683,0.017,10933,0.0406,0.1000,0.5741,1,5,0.117
151.553,0,5,3,0.6167,0.0000,0.5740,0.5658,-172.5947,0.0000,0.0000,0.0000,0.5321,0.5840,-169.4176,0.020,10939,0.0400,0.1000,0.5674,1,5,0.117
151.653,0,5,3,0.6167,0.0000,0.5698,0.5581,-173.2980,0.0000,0.0000,0.0000,0.5718,0.5697,-172.3137,0.018,10945,0.0391,0.1000,0.5601,1,5,0.117
151.754,0,5,3,0.6167,0.0000,0.5667,0.5486,-173.8809,0.0000,0.0000,0.0000,0.6055,0.5289,-171.8775,0.026,10951,0.0384,0.1000,0.5509,1,5,0.117
151.852,0,5,3,0.6167,0.0000,0.5637,0.5411,-174.3576,0.0000,0.0000,0.0000,0.4946,0.6738,-175.5828,0.002,10957,0.0346,0.0840,0.5437,1,5,0.117
151.953,0,5,3,0.6167,0.0000,0.5598,0.5329,-174.5941,0.0000,0.0000,0.0000,0.5285,0.5257,-171.7226,0.018,10963,0.0337,0.1158,0.5360,1,5,0.117
152.054,0,5,3,0.6167,0.0000,0.5582,0.5222,-174.9160,0.0000,0.0000,0.0000,0.5540,0.5380,-174.0676,0.018,10969,0.0332,0.1157,0.5254,1,5,0.117
152.153,0,5,3,0.6167,0.0000,0.5572,0.5099,-175.0450,0.0000,0.0000,0.0000,0.6804,0.3881,-176.1300,0.017,10975,0.0327,0.1157,0.5133,1,5,0.117
152.254,0,5,3,0.6167,0.0000,0.5554,0.5000,-175.3033,0.0000,0.0000,0.0000,0.5478,0.5164,-174.5942,0.019,10981,0.0353,0.0998,0.5037,1,5,0.117
152.354,0,5,3,0.6167,0.0000,0.5529,0.4894,-175.3007,0.0000,0.0000,0.0000,0.6059,0.5576,-171.8219,0.005,10988,0.0315,0.1156,0.4935,1,5,0.117
152.453,0,5,3,0.6167,0.0000,0.5515,0.4795,-175.3775,0.0000,0.0000,0.0000,0.6034,0.5507,-171.8366,0.031,10992,0.0309,0.1156,0.4839,1,5,0.117
152.552,0,5,3,0.6167,0.0000,0.5486,0.4680,-175.5280,0.0000,0.0000,0.0000,0.6011,0.5351,-172.2014,0.003,11000,0.0331,0.0996,0.4729,1,5,0.117
152.652,0,5,3,0.6167,0.0000,0.5467,0.4580,-175.5275,0.0000,0.0000,0.0000,0.5356,0.4655,-175.5939,0.003,11005,0.0292,0.1155,0.4633,1,5,0.117
152.753,0,5,3,0.6167,0.0000,0.5457,0.4458,-175.7319,0.0000,0.0000,0.0000,0.5600,0.4412,-174.3746,0.014,11010,0.0286,0.1154,0.4514,1,5,0.117
152.854,0,5,3,0.6167,0.0000,0.5435,0.4318,-175.6861,0.0000,0.0000,0.0000,0.5302,0.4379,-176.0813,0.015,11015,0.0186,0.1288,0.4379,1,5,0.117
152.953,0,5,3,0.6167,0.0000,0.5408,0.4188,-175.7509,0.0000,0.0000,0.0000,0.5525,0.4180,-174.4061,0.019,11020,0.0265,0.1152,0.4256,1,5,0.117
153.054,0,5,3,0.6167,0.0000,0.5381,0.4068,-175.9172,0.0000,0.0000,0.0000,0.5255,0.4031,-176.4093,0.018,11024,0.0253,0.1150,0.4143,1,5,0.117
153.153,0,5,3,0.6167,0.0000,0.5350,0.3941,-175.9127,0.0000,0.0000,0.0000,0.4463,0.3551,-172.5612,0.017,11029,0.0240,0.1148,0.4025,1,5,0.117
153.255,0,5,3,0.6167,0.0000,0.5329,0.3824,-175.9319,0.0000,0.0000,0.0000,0.5257,0.4000,-176.2590,0.021,11033,0.0139,0.1282,0.3915,1,5,0.117
153.353,0,5,3,0.6167,0.0000,0.5308,0.3693,-175.9901,0.0000,0.0000,0.0000,0.4361,0.3257,-172.3464,0.029,11038,0.0126,0.1279,0.3792,1,5,0.117
153.454,0,5,3,0.6167,0.0000,0.5294,0.3560,-175.9440,0.0000,0.0000,0.0000,0.5206,0.3547,-176.6260,0.022,11042,0.0104,0.1267,0.3665,1,5,0.120
153.552,0,5,3,0.6167,0.0000,0.5289,0.3407,-175.9524,0.0000,0.0000,0.0000,0.4285,0.2969,-172.2216,0.018,11047,0.0046,0.1218,0.3518,1,5,0.133
153.656,0,5,3,0.6167,0.0000,0.5296,0.3269,-176.1015,0.0000,0.0000,0.0000,0.5553,0.3084,-175.4878,0.002,11052,-0.0096,0.1083,0.3383,1,5,0.171
153.753,0,5,3,0.6167,0.0000,0.5294,0.3144,-176.0487,0.0000,0.0000,0.0000,0.4196,0.2648,-172.1662,0.014,11056,-0.0146,0.1130,0.3263,1,5,0.167
153.852,0,5,3,0.6167,0.0000,0.5310,0.3005,-176.0684,0.0000,0.0000,0.0000,0.5175,0.2915,-177.2436,0.011,11060,-0.0130,0.1184,0.3125,1,5,0.155
153.954,0,5,3,0.6167,0.0000,0.5317,0.2889,-175.9451,0.0000,0.0000,0.0000,0.5206,0.2883,-177.1346,0.016,11063,-0.0142,0.1173,0.3011,1,5,0.157
154.058,0,5,3,0.6167,0.0000,0.5320,0.2797,-175.9659,0.0000,0.0000,0.0000,0.5690,0.2518,-175.8646,0.023,11067,-0.0145,0.1181,0.2922,1,5,0.155
154.160,0,5,3,0.6167,0.0000,0.5331,0.2685,-175.9241,0.0000,0.0000,0.0000,0.4114,0.2172,-171.7391,0.005,11071,-0.0172,0.1133,0.2812,1,5,0.165
154.255,0,5,3,0.6167,0.0000,0.5349,0.2492,-175.7531,0.0000,0.0000,0.0000,0.5360,0.2695,-176.4328,0.021,11081,-0.0255,0.1067,0.2623,1,5,0.180
154.358,0,5,3,0.6167,0.0000,0.5367,0.2366,-175.7880,0.0000,0.0000,0.0000,0.5694,0.1912,-170.3494,0.002,11088,-0.0243,0.1011,0.2497,1,5,0.190
154.456,0,5,3,0.6167,0.0000,0.5395,0.2262,-175.8072,0.0000,0.0000,0.0000,0.5437,0.2629,-176.5318,0.022,11093,-0.0265,0.0964,0.2390,1,5,0.201
154.552,0,5,3,0.6167,0.0000,0.5416,0.2136,-175.9040,0.0000,0.0000,0.0000,0.3972,0.1464,-171.1788,0.016,11099,-0.0249,0.1022,0.2264,1,5,0.187
154.655,0,5,3,0.6167,0.0000,0.5448,0.2026,-175.7745,0.0000,0.0000,0.0000,0.5760,0.1705,-171.1138,0.009,11105,-0.0236,0.1062,0.2149,1,5,0.178
154.753,0,5,3,0.6167,0.0000,0.5463,0.1900,-175.7879,0.0000,0.0000,0.0000,0.3946,0.1201,-170.7639,0.027,11111,-0.0290,0.0957,0.2026,1,5,0.200
154.855,0,5,3,0.6167,0.0000,0.5486,0.1797,-175.9833,0.0000,0.0000,0.0000,0.5411,0.3191,-177.1112,0.005,11117,-0.0298,0.0955,0.1921,1,5,0.210
154.952,0,5,3,0.6167,0.0000,0.5501,0.1695,-175.9279,0.0000,0.0000,0.0000,0.3821,0.0861,-170.5772,0.030,11123,-0.0309,0.0951,0.1821,1,5,0.267
155.055,0,5,3,0.6167,0.0000,0.5529,0.1614,-175.9185,0.0000,0.0000,0.0000,0.5496,0.1685,-177.6842,0.022,11129,-0.0311,0.0950,0.1736,1,5,0.224
155.154,0,5,3,0.6167,0.0000,0.5543,0.1509,-175.9313,0.0000,0.0000,0.0000,0.3753,0.0568,-170.2933,0.023,11135,-0.0326,0.0946,0.1633,1,5,0.235
155.253,0,5,3,0.6167,0.0000,0.5581,0.1454,-176.1472,0.0000,0.0000,0.0000,0.5649,0.2814,-177.2326,0.025,11140,-0.0317,0.0948,0.1568,1,5,0.269
155.354,0,5,3,0.6167,0.0000,0.5599,0.1375,-176.0756,0.0000,0.0000,0.0000,0.3672,0.0244,-169.8147,0.014,11147,-0.0326,0.0946,0.1488,1,5,0.307
155.452,0,5,3,0.6167,0.0000,0.5644,0.1337,-175.9605,0.0000,0.0000,0.0000,0.6472,0.3801,-172.1306,0.017,11153,-0.0308,0.0951,0.1436,1,5,0.243
155.555,0,5,3,0.6167,0.0000,0.5673,0.1232,-176.0795,0.0000,0.0000,0.0000,0.6255,0.0451,-177.8286,0.030,11158,-0.0316,0.0949,0.1327,1,5,0.278
155.652,0,5,3,0.6167,0.0000,0.5714,0.1187,-175.8252,0.0000,0.0000,0.0000,0.6343,0.0183,-178.1807,0.003,11166,-0.0300,0.0954,0.1271,1,5,0.268
155.755,0,5,3,0.6167,0.0000,0.5743,0.1061,-176.0840,0.0000,0.0000,0.0000,0.6339,0.0174,-178.0755,0.029,11171,-0.0287,0.0868,0.1142,1,5,0.281
155.852,0,5,3,0.6167,0.0000,0.5794,0.1037,-176.0644,0.0000,0.0000,0.0000,0.6605,0.3306,-172.5676,0.018,11177,-0.0247,0.0846,0.1102,1,5,0.340
155.952,0,5,3,0.6167,0.0000,0.5840,0.0953,-175.9954,0.0000,0.0000,0.0000,0.5489,0.0468,-175.0260,0.019,11183,-0.0215,0.0777,0.1008,1,5,0.340
156.054,0,5,3,0.6167,0.0000,0.5885,0.0923,-176.1674,0.0000,0.0000,0.0000,0.5867,0.2133,-177.8932,0.011,11189,-0.0183,0.0749,0.0965,1,5,0.359
156.153,0,5,3,0.6167,0.0000,0.5911,0.0833,-176.1882,0.0000,0.0000,0.0000,0.5556,0.0304,-175.2105,0.028,11195,-0.0164,0.0677,0.0871,1,5,0.364
156.252,0,5,3,0.6167,0.0000,0.5948,0.0815,-176.0893,0.0000,0.0000,0.0000,0.6735,0.2757,-173.2562,0.010,11201,-0.0136,0.0662,0.0844,1,5,0.366
156.353,0,5,3,0.6167,0.0000,0.5978,0.0741,-176.2003,0.0000,0.0000,0.0000,0.5641,0.0172,-175.3148,0.024,11207,-0.0115,0.0601,0.0765,1,5,0.376
156.454,0,5,4,0.6167,-0.6167,0.6002,0.0704,-176.0988,0.0000,0.0000,0.0000,0.5932,0.1858,-178.2436,0.030,11212,0.0036,0.0999,0.6873,1,5,0.423
156.552,0,5,4,0.6167,-0.6167,0.6025,0.0628,-176.0870,0.0000,0.0000,0.0000,0.6776,0.2492,-173.5164,0.010,11219,0.0039,0.0999,0.6796,1,5,0.412
156.653,0,5,4,0.6167,-0.6167,0.6043,0.0567,-176.0511,0.0000,0.0000,0.0000,0.6785,0.2323,-173.5856,0.011,11225,0.0041,0.0999,0.6735,1,5,0.413
156.754,0,5,4,0.6167,-0.6167,0.6058,0.0463,-176.1604,0.0000,0.0000,0.0000,0.6586,-0.1002,-179.2454,0.007,11230,0.0043,0.0999,0.6631,1,5,0.432
156.852,0,5,4,0.6167,-0.6167,0.6065,0.0374,-176.2293,0.0000,0.0000,0.0000,0.6788,0.1979,-173.9562,0.016,11237,0.0045,0.0999,0.6541,1,5,0.456
156.952,0,5,4,0.6167,-0.6167,0.6077,0.0262,-176.0332,0.0000,0.0000,0.0000,0.5843,-0.0338,-175.8052,0.020,11243,0.0046,0.0999,0.6429,1,5,0.442
157.055,0,5,4,0.6167,-0.6167,0.6092,0.0188,-176.2515,0.0000,0.0000,0.0000,0.5817,-0.0485,-175.6648,0.002,11250,0.0048,0.0999,0.6356,1,5,0.502
157.154,0,5,4,0.6167,-0.6167,0.6102,0.0069,-176.3691,0.0000,0.0000,0.0000,0.5837,-0.0564,-175.8488,0.030,11255,0.0050,0.0999,0.6236,1,5,0.493
157.253,0,5,4,0.6167,-0.6167,0.6116,-0.0006,-176.2243,0.0000,0.0000,0.0000,0.6798,0.1470,-174.3422,0.020,11261,0.0052,0.0999,0.6161,1,5,0.565
157.352,0,5,4,0.6167,-0.6167,0.6127,-0.0127,-176.1084,0.0000,0.0000,0.0000,0.5947,-0.0719,-176.0116,0.021,11267,0.0054,0.0999,0.6040,1,5,0.565
157.456,0,5,4,0.6167,-0.6167,0.6138,-0.0205,-176.2146,0.0000,0.0000,0.0000,0.5901,0.0925,-178.1085,0.008,11273,0.0056,0.0998,0.5962,1,5,0.586
157.553,0,5,4,0.6167,-0.6167,0.6149,-0.0332,-176.2845,0.0000,0.0000,0.0000,0.5999,-0.0919,-176.2005,0.020,11279,0.0057,0.0998,0.5835,1,5,0.581
157.655,0,5,4,0.6167,-0.6167,0.6161,-0.0404,-176.2371,0.0000,0.0000,0.0000,0.6630,-0.2397,179.9043,0.003,11286,0.0059,0.0998,0.5763,1,5,0.757
157.752,0,5,4,0.6167,-0.6167,0.6169,-0.0539,-176.2372,0.0000,0.0000,0.0000,0.6001,-0.1135,-176.3210,0.023,11291,0.0061,0.0998,0.5627,1,5,0.661
157.853,0,5,4,0.6167,-0.6167,0.6172,-0.0625,-176.3720,0.0000,0.0000,0.0000,0.6751,0.0376,-175.1013,0.011,11297,0.0061,0.0998,0.5542,1,5,0.893
157.952,0,5,4,0.6167,-0.6167,0.6176,-0.0714,-176.2841,0.0000,0.0000,0.0000,0.6646,-0.2855,179.4772,0.009,11303,0.0062,0.0998,0.5453,1,5,0.583
158.053,0,5,4,0.6167,-0.6167,0.6174,-0.0826,-176.2951,0.0000,0.0000,0.0000,0.5835,0.0338,-178.2935,0.024,11308,0.0061,0.0998,0.5341,1,5,0.374
158.152,0,5,4,0.6167,-0.6167,0.6188,-0.0951,-176.2403,0.0000,0.0000,0.0000,0.6628,-0.3110,179.5287,0.015,11315,0.0064,0.0998,0.5216,1,5,0.550
158.254,0,5,4,0.6167,-0.6167,0.6195,-0.1045,-176.2898,0.0000,0.0000,0.0000,0.6699,-0.0252,-175.3302,0.017,11321,0.0066,0.0998,0.5122,1,5,1.188
158.354,0,5,4,0.6167,-0.6167,0.6203,-0.1179,-176.3806,0.0000,0.0000,0.0000,0.6223,-0.1669,-176.8239,0.018,11327,0.0067,0.0998,0.4987,1,5,1.186
158.452,0,5,4,0.6167,-0.6167,0.6209,-0.1270,-176.3300,0.0000,0.0000,0.0000,0.6679,-0.0603,-175.7627,0.012,11333,0.0069,0.0998,0.4897,1,5,1.193
158.554,0,5,4,0.6167,-0.6167,0.6217,-0.1408,-176.3609,0.0000,0.0000,0.0000,0.6283,-0.1862,-177.0194,0.021,11339,0.0071,0.0997,0.4759,1,5,1.183
158.654,0,5,4,0.6167,-0.6167,0.6226,-0.1507,-176.2773,0.0000,0.0000,0.0000,0.5877,-0.0298,-177.8776,0.009,11345,0.0073,0.0997,0.4660,1,5,1.172
158.752,0,5,4,0.6167,-0.6167,0.6229,-0.1644,-176.4595,0.0000,0.0000,0.0000,0.6633,-0.4118,178.8783,0.029,11351,0.0074,0.0997,0.4523,1,5,1.180
158.857,0,5,4,0.6167,-0.6167,0.6231,-0.1739,-176.4028,0.0000,0.0000,0.0000,0.6613,-0.4313,178.6113,0.002,11358,0.0074,0.0997,0.4428,1,5,1.193
158.952,0,5,4,0.6167,-0.6167,0.6237,-0.1881,-176.4915,0.0000,0.0000,0.0000,0.6615,-0.4599,178.3199,0.022,11363,0.0076,0.0997,0.4286,1,5,1.196
159.052,0,5,4,0.6167,-0.6167,0.6239,-0.1970,-176.5526,0.0000,0.0000,0.0000,0.6598,-0.1573,-176.2740,0.015,11369,0.0077,0.0997,0.4197,1,5,1.181
159.153,0,5,4,0.6167,-0.6167,0.6244,-0.2120,-176.5422,0.0000,0.0000,0.0000,0.6591,-0.4786,178.2983,0.028,11375,0.0079,0.0997,0.4047,1,5,1.195
159.255,0,5,4,0.6167,-0.6167,0.6240,-0.2221,-176.5629,0.0000,0.0000,0.0000,0.5798,-0.0892,-178.0094,0.031,11380,0.0079,0.0997,0.3946,1,5,1.189
159.354,0,5,4,0.6167,-0.6167,0.6249,-0.2360,-176.4695,0.0000,0.0000,0.0000,0.6574,-0.5033,178.3722,0.009,11387,0.0081,0.0997,0.3808,1,5,1.180
159.452,0,5,4,0.6167,-0.6167,0.6245,-0.2452,-176.5200,0.0000,0.0000,0.0000,0.6545,-0.2169,-176.3532,0.007,11393,0.0081,0.0997,0.3716,1,5,1.185
159.552,0,5,4,0.6167,-0.6167,0.6248,-0.2562,-176.5682,0.0000,0.0000,0.0000,0.6551,-0.5321,178.2623,0.012,11398,0.0083,0.0997,0.3606,1,5,1.208
159.653,0,5,4,0.6167,-0.6167,0.6249,-0.2690,-176.7171,0.0000,0.0000,0.0000,0.6503,-0.2524,-176.7906,0.018,11405,0.0084,0.0996,0.3478,1,5,1.185
159.755,0,5,4,0.6167,-0.6167,0.6251,-0.2841,-176.5672,0.0000,0.0000,0.0000,0.6530,-0.5719,177.8357,0.032,11411,0.0085,0.0996,0.3327,1,5,1.188
159.854,0,5,4,0.6167,-0.6167,0.6247,-0.2932,-176.6338,0.0000,0.0000,0.0000,0.6458,-0.2873,-176.6860,0.017,11417,0.0085,0.0996,0.3236,1,5,1.188
159.952,0,5,4,0.6167,-0.6167,0.6251,-0.3075,-176.6489,0.0000,0.0000,0.0000,0.6496,-0.3169,-177.5359,0.023,11423,0.0087,0.0996,0.3093,1,5,1.211
160.056,0,5,4,0.6167,-0.6167,0.6246,-0.3180,-176.5373,0.0000,0.0000,0.0000,0.5761,-0.1712,-177.5520,0.012,11429,0.0087,0.0996,0.2988,1,5,1.182
160.153,0,5,4,0.6167,-0.6167,0.6247,-0.3329,-176.6548,0.0000,0.0000,0.0000,0.6479,-0.3383,-177.2483,0.027,11435,0.0088,0.0996,0.2839,1,5,1.184
160.255,0,5,4,0.6167,-0.6167,0.6241,-0.3432,-176.8144,0.0000,0.0000,0.0000,0.6458,-0.6470,177.7744,0.003,11442,0.0087,0.0996,0.2736,1,5,1.204
160.353,0,5,4,0.6167,-0.6167,0.6242,-0.3576,-176.6204,0.0000,0.0000,0.0000,0.6513,-0.3577,-177.6916,0.029,11447,0.0089,0.0996,0.2592,1,5,1.212
160.463,0,5,4,0.6167,-0.6167,0.6240,-0.3673,-176.5637,0.0000,0.0000,0.0000,0.6326,-0.3885,-177.0903,0.010,11453,0.0089,0.0996,0.2494,1,5,1.183
160.566,0,5,4,0.6167,-0.6167,0.6229,-0.3722,-176.5266,0.0000,0.0000,0.0000,0.5714,-0.2176,-177.1776,0.007,11456,0.0085,0.0996,0.2445,1,5,1.206
160.673,0,5,4,0.6167,-0.6167,0.6221,-0.3826,-176.7868,0.0000,0.0000,0.0000,0.6519,-0.3821,-177.1842,0.013,11463,0.0083,0.0997,0.2342,1,5,1.188
160.754,0,5,4,0.6167,-0.6167,0.6220,-0.4047,-176.9894,0.0000,0.0000,0.0000,0.6555,-0.3924,-177.3772,0.006,11471,0.0083,0.0997,0.2121,1,5,1.189
160.852,0,5,4,0.6167,-0.6167,0.6213,-0.4149,-176.7803,0.0000,0.0000,0.0000,0.6263,-0.4458,-177.1611,0.013,11477,0.0083,0.0997,0.2018,1,5,0.822
160.954,0,5,4,0.6167,-0.6167,0.6197,-0.4232,-176.5312,0.0000,0.0000,0.0000,0.5283,-0.3971,-173.7846,0.020,11483,0.0076,0.0997,0.1935,1,5,0.806
161.055,0,5,4,0.6167,-0.6167,0.6190,-0.4344,-176.5781,0.0000,0.0000,0.0000,0.6201,-0.4880,-177.2479,0.023,11489,0.0073,0.0997,0.1823,1,5,1.194
161.153,0,5,4,0.6167,-0.6167,0.6183,-0.4458,-176.5484,0.0000,0.0000,0.0000,0.6577,-0.4315,-177.0955,0.026,11495,0.0070,0.0998,0.1709,1,5,1.194
161.266,0,5,4,0.6167,-0.6167,0.6173,-0.4510,-176.5080,0.0000,0.0000,0.0000,0.5725,-0.2934,-176.5096,0.012,11500,0.0064,0.0998,0.1657,1,5,1.204
161.352,0,5,4,0.6167,-0.6167,0.6158,-0.4578,-176.4602,0.0000,0.0000,0.0000,0.5278,-0.4377,-173.2345,0.003,11506,0.0055,0.0999,0.1588,1,5,1.204
161.456,0,5,4,0.6167,-0.6167,0.6147,-0.4716,-176.5874,0.0000,0.0000,0.0000,0.5721,-0.3148,-176.3941,0.003,11513,0.0047,0.0999,0.1451,1,5,1.197
161.555,0,5,4,0.6167,-0.6167,0.6134,-0.4776,-176.4036,0.0000,0.0000,0.0000,0.6651,-0.4661,-177.3433,0.023,11519,0.0036,0.0999,0.1391,1,5,1.197
161.653,0,5,4,0.6167,-0.6167,0.6133,-0.4901,-176.3768,0.0000,0.0000,0.0000,0.5756,-0.3362,-176.1974,0.012,11525,0.0034,0.0999,0.1266,1,5,1.199
161.757,0,5,4,0.6167,-0.6167,0.6126,-0.4996,-176.2020,0.0000,0.0000,0.0000,0.6630,-0.4877,-177.1278,0.030,11531,0.0024,0.0946,0.1171,1,5,1.201
161.855,0,5,4,0.6167,-0.6167,0.6118,-0.5071,-176.2648,0.0000,0.0000,0.0000,0.6206,-0.9068,176.8949,0.002,11538,0.0014,0.0877,0.1097,1,5,1.201
161.953,0,5,4,0.6167,-0.6167,0.6127,-0.5226,-176.3154,0.0000,0.0000,0.0000,0.6020,-0.6177,-177.7250,0.009,11543,0.0014,0.0753,0.0941,1,5,1.182
162.055,0,5,4,0.6167,-0.6167,0.6119,-0.5278,-176.5155,0.0000,0.0000,0.0000,0.5670,-0.3726,-176.4816,0.027,11548,0.0005,0.0723,0.0890,1,5,1.200
162.153,0,5,4,0.6167,-0.6167,0.6126,-0.5422,-176.4758,0.0000,0.0000,0.0000,0.6698,-0.5182,-177.5650,0.006,11555,0.0003,0.0596,0.0745,1,5,1.202
162.254,0,5,5,0.0000,-0.6167,0.6114,-0.5471,-176.5024,0.0000,0.0000,0.0000,0.5965,-0.6589,-177.9274,0.024,11561,0.0999,0.0053,0.6154,1,5,1.209
162.353,0,5,5,0.0000,-0.6167,0.6030,-0.5521,-176.6267,0.0000,0.0000,0.0000,0.6660,-0.5340,-177.1647,0.006,11567,0.0999,0.0047,0.6065,1,5,1.201
162.453,0,5,5,0.0000,-0.6167,0.5879,-0.5522,-176.5968,0.0000,0.0000,0.0000,0.5977,-0.6614,-177.8844,0.018,11573,0.0999,0.0049,0.5915,1,5,1.205
162.554,0,5,5,0.0000,-0.6167,0.5760,-0.5558,-176.7475,0.0000,0.0000,0.0000,0.6506,-0.5414,-176.9875,0.029,11579,0.0999,0.0045,0.5792,1,5,1.219
162.653,0,5,5,0.0000,-0.6167,0.5620,-0.5558,-176.7698,0.0000,0.0000,0.0000,0.6335,-0.5453,-176.8235,0.003,11586,0.0999,0.0048,0.5653,1,5,1.223
162.753,0,5,5,0.0000,-0.6167,0.5484,-0.5561,-176.8538,0.0000,0.0000,0.0000,0.5017,-0.5314,-173.2228,0.031,11591,0.0999,0.0050,0.5517,1,5,1.249
162.856,0,5,5,0.0000,-0.6167,0.5335,-0.5564,-176.8251,0.0000,0.0000,0.0000,0.4875,-0.5356,-173.0865,0.002,11598,0.0999,0.0049,0.5369,1,5,1.246
162.953,0,5,5,0.0000,-0.6167,0.5215,-0.5567,-176.7940,0.0000,0.0000,0.0000,0.6072,-0.5489,-176.7958,0.018,11603,0.0999,0.0054,0.5250,1,5,1.271
163.056,0,5,5,0.0000,-0.6167,0.5102,-0.5586,-176.8203,0.0000,0.0000,0.0000,0.2338,-0.4001,177.8801,0.005,11609,0.0999,0.0053,0.5135,1,5,1.262
163.159,0,5,5,0.0000,-0.6167,0.4953,-0.5576,-176.7731,0.0000,0.0000,0.0000,0.5924,-0.5465,-177.0928,0.032,11615,0.0998,0.0059,0.4988,1,5,1.276
163.254,0,5,5,0.0000,-0.6167,0.4850,-0.5607,-176.8250,0.0000,0.0000,0.0000,0.4948,-0.4031,-176.0953,0.024,11620,0.0999,0.0055,0.4883,1,5,0.938
163.353,0,5,5,0.0000,-0.6167,0.4766,-0.5626,-176.8512,0.0000,0.0000,0.0000,0.5670,-0.5536,-176.6826,0.021,11627,0.0999,0.0053,0.4797,1,5,1.259
163.456,0,5,5,0.0000,-0.6167,0.4633,-0.5629,-176.9222,0.0000,0.0000,0.0000,0.4743,-0.7250,-179.0743,0.017,11633,0.0998,0.0058,0.4664,1,5,1.041
163.558,0,5,5,0.0000,-0.6167,0.4525,-0.5671,-176.9031,0.0000,0.0000,0.0000,0.4193,-0.5400,-172.9646,0.003,11639,0.0999,0.0049,0.4552,1,5,1.274
163.655,0,5,5,0.0000,-0.6167,0.4435,-0.5637,-176.7292,0.0000,0.0000,0.0000,0.4473,-0.5080,-174.3254,0.015,11645,0.0998,0.0059,0.4467,1,5,1.259
163.754,0,5,5,0.0000,-0.6167,0.4351,-0.5671,-176.5888,0.0000,0.0000,0.0000,0.5299,-0.5561,-176.8150,0.024,11651,0.0999,0.0053,0.4379,1,5,1.280
163.853,0,5,5,0.0000,-0.6167,0.4268,-0.5659,-176.7108,0.0000,0.0000,0.0000,0.4269,-0.5139,-174.2989,0.012,11657,0.0998,0.0058,0.4298,1,5,1.269
163.954,0,5,5,0.0000,-0.6167,0.4177,-0.5690,-176.5421,0.0000,0.0000,0.0000,0.3802,-0.5472,-172.9695,0.019,11663,0.0999,0.0054,0.4204,1,5,1.253
164.054,0,5,5,0.0000,-0.6167,0.4088,-0.5675,-176.4731,0.0000,0.0000,0.0000,0.4078,-0.5166,-174.3726,0.018,11669,0.0998,0.0060,0.4117,1,5,1.274
164.153,0,5,5,0.0000,-0.6167,0.4007,-0.5709,-176.4023,0.0000,0.0000,0.0000,0.4481,-0.4873,-174.0846,0.017,11675,0.0999,0.0054,0.4033,1,5,1.289
164.257,0,5,5,0.0000,-0.6167,0.3915,-0.5703,-176.5449,0.0000,0.0000,0.0000,0.4473,-0.4867,-173.8364,0.002,11681,0.0998,0.0058,0.3942,1,5,1.271
164.352,0,5,5,0.0000,-0.6167,0.3805,-0.5688,-176.5246,0.0000,0.0000,0.0000,0.4631,-0.5690,-176.8054,0.026,11687,0.0998,0.0065,0.3835,1,5,1.268
164.454,0,5,5,0.0000,-0.6167,0.3726,-0.5679,-176.3521,0.0000,0.0000,0.0000,0.3681,-0.5283,-174.6229,0.020,11693,0.0998,0.0070,0.3758,1,5,1.265
164.554,0,5,5,0.0000,-0.6167,0.3674,-0.5684,-176.2100,0.0000,0.0000,0.0000,0.4487,-0.5638,-177.0242,0.031,11699,0.0998,0.0071,0.3705,1,5,1.261
164.659,0,5,5,0.0000,-0.6167,0.3594,-0.5711,-176.4922,0.0000,0.0000,0.0000,0.4350,-0.5652,-177.3853,0.002,11706,0.0998,0.0066,0.3623,1,5,0.671
164.753,0,5,5,0.0000,-0.6167,0.3481,-0.5741,-176.5272,0.0000,0.0000,0.0000,0.3043,-0.5715,-173.7610,0.013,11711,0.0998,0.0061,0.3507,1,5,1.246
164.856,0,5,5,0.0000,-0.6167,0.3397,-0.5734,-176.3668,0.0000,0.0000,0.0000,0.7570,-0.5470,-165.8316,0.015,11716,0.0998,0.0068,0.3425,1,5,1.248
164.953,0,5,5,0.0000,-0.6167,0.3277,-0.5722,-176.4785,0.0000,0.0000,0.0000,0.2812,-0.5592,-173.3118,0.021,11723,0.0997,0.0075,0.3307,1,5,1.243
165.053,0,5,5,0.0000,-0.6167,0.3199,-0.5711,-176.4353,0.0000,0.0000,0.0000,0.3116,-0.5326,-175.1243,0.018,11729,0.0997,0.0081,0.3232,1,5,1.246
165.154,0,5,5,0.0000,-0.6167,0.3074,-0.5747,-176.4314,0.0000,0.0000,0.0000,0.3827,-0.5741,-177.3395,0.010,11735,0.0997,0.0076,0.3102,1,5,1.246
165.254,0,5,5,0.0000,-0.6167,0.2932,-0.5721,-176.4769,0.0000,0.0000,0.0000,0.2534,-0.5816,-173.9243,0.002,11742,0.0996,0.0091,0.2966,1,5,1.240
165.353,0,5,5,0.0000,-0.6167,0.2810,-0.5756,-176.5809,0.0000,0.0000,0.0000,0.3182,-0.9813,175.0740,0.031,11747,0.0996,0.0085,0.2840,1,5,1.242
165.452,0,5,5,0.0000,-0.6167,0.2755,-0.5763,-176.3857,0.0000,0.0000,0.0000,0.2705,-0.5432,-175.1098,0.017,11752,0.0996,0.0085,0.2784,1,5,1.246
165.553,0,5,5,0.0000,-0.6167,0.2609,-0.5778,-176.5782,0.0000,0.0000,0.0000,0.3448,-0.5737,-177.4672,0.014,11759,0.0996,0.0088,0.2638,1,5,1.235
165.655,0,5,5,0.0000,-0.6167,0.2483,-0.5770,-176.6204,0.0000,0.0000,0.0000,0.2501,-0.5475,-175.1829,0.023,11764,0.0995,0.0098,0.2515,1,5,1.226
165.753,0,5,5,0.0000,-0.6167,0.2341,-0.5747,-176.6609,0.0000,0.0000,0.0000,0.2068,-0.5867,-174.0187,0.024,11771,0.0993,0.0117,0.2379,1,5,1.228
165.855,0,5,5,0.0000,-0.6167,0.2198,-0.5722,-176.7815,0.0000,0.0000,0.0000,0.1986,-0.5937,-174.1974,0.003,11778,0.0990,0.0139,0.2243,1,5,1.231
165.953,0,5,5,0.0000,-0.6167,0.2081,-0.5725,-176.6619,0.0000,0.0000,0.0000,0.3036,-0.5763,-177.6533,0.030,11783,0.0989,0.0148,0.2127,1,5,1.234
166.057,0,5,5,0.0000,-0.6167,0.1944,-0.5704,-176.8754,0.0000,0.0000,0.0000,0.2101,-0.5617,-175.2380,0.006,11789,0.0985,0.0173,0.1998,1,5,1.232
166.151,0,5,5,0.0000,-0.6167,0.1824,-0.5712,-176.9069,0.0000,0.0000,0.0000,0.1692,-0.5946,-174.0877,0.009,11795,0.0983,0.0183,0.1880,1,5,1.231
166.253,0,5,5,0.0000,-0.6167,0.1680,-0.5697,-176.8161,0.0000,0.0000,0.0000,0.1904,-0.5683,-175.2761,0.007,11801,0.0977,0.0211,0.1744,1,5,1.224
166.354,0,5,5,0.0000,-0.6167,0.1575,-0.5705,-176.8732,0.0000,0.0000,0.0000,0.2707,-0.5683,-178.1379,0.004,11807,0.0975,0.0223,0.1641,1,5,1.210
166.454,0,5,5,0.0000,-0.6167,0.1432,-0.5698,-176.8446,0.0000,0.0000,0.0000,-0.1757,-0.3510,175.6156,0.017,11813,0.0967,0.0253,0.1506,1,5,1.224
166.554,0,5,5,0.0000,-0.6167,0.1336,-0.5712,-176.8060,0.0000,0.0000,0.0000,0.2436,-0.5812,-177.8046,0.025,11819,0.0964,0.0264,0.1411,1,5,1.219
166.654,0,5,5,0.0000,-0.6167,0.1196,-0.5707,-176.7846,0.0000,0.0000,0.0000,0.1507,-0.5856,-175.5091,0.024,11825,0.0953,0.0302,0.1281,1,5,1.202
166.754,0,5,5,0.0000,-0.6167,0.1089,-0.5732,-176.8587,0.0000,0.0000,0.0000,0.1137,-0.6165,-173.9076,0.029,11831,0.0891,0.0295,0.1173,1,5,1.203
166.856,0,5,5,0.0000,-0.6167,0.0957,-0.5729,-176.9977,0.0000,0.0000,0.0000,0.1019,-0.6208,-173.9736,0.003,11838,0.0813,0.0285,0.1052,1,5,1.202
166.954,0,5,5,0.0000,-0.6167,0.0871,-0.5753,-176.8945,0.0000,0.0000,0.0000,0.2023,-0.5930,-177.8063,0.020,11843,0.0715,0.0288,0.0964,1,5,1.202
167.055,0,5,5,0.0000,-0.6167,0.0798,-0.5769,-176.8951,0.0000,0.0000,0.0000,-0.2534,-0.3368,175.0256,0.004,11849,0.0657,0.0279,0.0892,1,5,1.192
167.153,0,5,5,0.0000,-0.6167,0.0687,-0.5775,-176.8881,0.0000,0.0000,0.0000,0.1906,-0.5903,-177.9901,0.030,11855,0.0568,0.0280,0.0791,1,5,1.187
167.258,0,5,5,0.0000,-0.6167,0.0591,-0.5772,-177.0323,0.0000,0.0000,0.0000,0.0737,-0.6363,-174.0512,0.002,11862,0.0000,0.0000,0.0711,1,5,1.187
167.352,0,5,5,0.0000,-0.6167,0.0572,-0.5775,-177.0365,0.0000,0.0000,0.0000,0.1796,-0.5894,-178.1017,0.026,11867,0.0000,0.0000,0.0693,1,5,1.187
167.456,0,5,5,0.0000,-0.6167,0.0525,-0.5747,-177.1318,0.0000,0.0000,0.0000,0.1774,-0.5901,-178.1594,0.003,11874,0.0000,0.0000,0.0672,1,5,1.189
167.552,0,5,5,0.0000,-0.6167,0.0510,-0.5737,-177.1487,0.0000,0.0000,0.0000,0.1774,-0.5901,-178.1594,0.003,11879,0.0000,0.0000,0.0667,1,5,1.181
167.654,0,5,5,0.0000,-0.6167,0.0477,-0.5712,-177.2095,0.0000,0.0000,0.0000,-0.2790,-0.3368,174.8543,0.014,11884,0.0000,0.0000,0.0659,1,5,1.183
167.760,0,5,5,0.0000,-0.6167,0.0483,-0.5717,-177.1808,0.0000,0.0000,0.0000,0.0689,-0.6397,-174.0267,0.030,11891,0.0000,0.0000,0.0660,1,5,1.173
167.852,0,5,5,0.0000,-0.6167,0.0444,-0.5691,-177.2451,0.0000,0.0000,0.0000,0.0916,-0.6244,-175.5843,0.022,11897,0.0000,0.0000,0.0651,1,5,1.191
167.954,0,5,5,0.0000,-0.6167,0.0448,-0.5692,-177.2288,0.0000,0.0000,0.0000,0.1773,-0.5901,-178.1621,0.027,11903,0.0000,0.0000,0.0653,1,5,1.182
168.055,0,5,5,0.0000,-0.6167,0.0412,-0.5667,-177.2861,0.0000,0.0000,0.0000,0.0915,-0.6244,-175.5865,0.022,11909,0.0000,0.0000,0.0648,1,5,1.178
168.152,0,5,5,0.0000,-0.6167,0.0417,-0.5669,-177.2686,0.0000,0.0000,0.0000,0.1773,-0.5901,-178.1620,0.025,11915,0.0000,0.0000,0.0650,1,5,1.175
168.255,0,5,5,0.0000,-0.6167,0.0412,-0.5667,-177.2568,0.0000,0.0000,0.0000,0.0915,-0.6244,-175.5873,0.020,11920,0.0000,0.0000,0.0648,0,6,1.176
168.353,0,5,5,0.0000,-0.6167,0.0389,-0.5647,-177.3044,0.0000,0.0000,0.0000,0.1773,-0.5901,-178.1614,0.019,11927,0.0000,0.0000,0.0649,0,6,1.176
168.455,0,5,5,0.0000,-0.6167,0.0356,-0.5625,-177.3540,0.0000,0.0000,0.0000,0.0689,-0.6397,-174.0278,0.002,11934,0.0000,0.0000,0.0648,0,6,1.184
168.552,0,5,5,0.0000,-0.6167,0.0365,-0.5629,-177.3319,0.0000,0.0000,0.0000,0.1772,-0.5901,-178.1631,0.028,11939,0.0000,0.0000,0.0650,0,6,1.191
168.656,0,5,5,0.0000,-0.6167,0.0334,-0.5608,-177.3762,0.0000,0.0000,0.0000,0.1773,-0.5901,-178.1620,0.003,11946,0.0000,0.0000,0.0651,0,6,1.196
168.752,0,5,5,0.0000,-0.6167,0.0344,-0.5613,-177.3521,0.0000,0.0000,0.0000,0.1773,-0.5901,-178.1621,0.009,11951,0.0000,0.0000,0.0652,0,6,1.188
168.853,0,5,5,0.0000,-0.6167,0.0308,-0.5587,-177.4094,0.0000,0.0000,0.0000,-0.2791,-0.3367,174.8542,0.019,11956,0.0000,0.0000,0.0656,0,6,1.180
168.953,0,5,5,0.0000,-0.6167,0.0325,-0.5599,-177.3686,0.0000,0.0000,0.0000,0.0689,-0.6397,-174.0295,0.008,11963,0.0000,0.0000,0.0654,0,6,1.197
169.053,0,5,5,0.0000,-0.6167,0.0296,-0.5580,-177.4108,0.0000,0.0000,0.0000,0.0915,-0.6244,-175.5863,0.016,11969,0.0000,0.0000,0.0657,0,6,1.184
169.152,0,5,5,0.0000,-0.6167,0.0295,-0.5584,-177.3837,0.0000,0.0000,0.0000,0.0689,-0.6397,-174.0292,0.032,11974,0.0000,0.0000,0.0653,0,6,1.185
169.257,0,5,5,0.0000,-0.6167,0.0280,-0.5568,-177.4303,0.0000,0.0000,0.0000,0.0689,-0.6397,-174.0285,0.003,11982,0.0000,0.0000,0.0661,0,6,1.169
169.353,0,5,5,0.0000,-0.6167,0.0293,-0.5575,-177.4065,0.0000,0.0000,0.0000,0.0688,-0.6397,-174.0296,0.031,11987,0.0000,0.0000,0.0660,0,6,1.162
169.454,0,5,5,0.0000,-0.6167,0.0266,-0.5558,-177.4431,0.0000,0.0000,0.0000,0.0688,-0.6397,-174.0289,0.003,11994,0.0000,0.0000,0.0664,0,6,1.198
169.553,0,5,5,0.0000,-0.6167,0.0279,-0.5565,-177.4203,0.0000,0.0000,0.0000,0.1772,-0.5901,-178.1630,0.019,11999,0.0000,0.0000,0.0663,0,6,1.185
169.651,0,5,5,0.0000,-0.6167,0.0253,-0.5548,-177.4625,0.0000,0.0000,0.0000,-0.2791,-0.3367,174.8542,0.014,12005,0.0000,0.0000,0.0668,0,6,1.185
169.753,0,5,5,0.0000,-0.6167,0.0265,-0.5556,-177.4376,0.0000,0.0000,0.0000,-0.2791,-0.3367,174.8542,0.011,12011,0.0000,0.0000,0.0666,0,6,1.197
169.853,0,5,5,0.0000,-0.6167,0.0267,-0.5559,-177.4176,0.0000,0.0000,0.0000,0.0915,-0.6243,-175.5864,0.019,12016,0.0000,0.0000,0.0664,0,6,1.190
169.953,0,5,5,0.0000,-0.6167,0.0253,-0.5547,-177.4500,0.0000,0.0000,0.0000,0.0688,-0.6397,-174.0286,0.026,12023,0.0000,0.0000,0.0669,0,6,1.175
170.053,0,5,5,0.0000,-0.6167,0.0221,-0.5524,-177.5032,0.0000,0.0000,0.0000,-0.2791,-0.3367,174.8542,0.029,12028,0.0000,0.0000,0.0680,0,6,1.188
170.154,0,5,5,0.0000,-0.6167,0.0243,-0.5540,-177.4570,0.0000,0.0000,0.0000,0.0915,-0.6243,-175.5869,0.026,12035,0.0000,0.0000,0.0672,0,6,1.179
170.253,0,5,5,0.0000,-0.6167,0.0218,-0.5525,-177.4920,0.0000,0.0000,0.0000,0.0915,-0.6243,-175.5872,0.006,12041,0.0000,0.0000,0.0678,0,6,1.175
170.352,0,5,5,0.0000,-0.6167,0.0216,-0.5523,-177.4886,0.0000,0.0000,0.0000,0.1772,-0.5901,-178.1626,0.003,12047,0.0000,0.0000,0.0679,0,6,1.200
170.455,0,5,5,0.0000,-0.6167,0.0211,-0.5519,-177.4998,0.0000,0.0000,0.0000,0.0914,-0.6243,-175.5864,0.007,12053,0.0000,0.0000,0.0681,0,6,1.192
170.553,0,5,5,0.0000,-0.6167,0.0227,-0.5529,-177.4720,0.0000,0.0000,0.0000,0.0688,-0.6397,-174.0281,0.011,12059,0.0000,0.0000,0.0677,0,6,1.181
170.653,0,5,5,0.0000,-0.6167,0.0203,-0.5514,-177.5100,0.0000,0.0000,0.0000,0.0915,-0.6243,-175.5855,0.021,12065,0.0000,0.0000,0.0683,0,6,1.191
170.753,0,5,5,0.0000,-0.6167,0.0220,-0.5524,-177.4772,0.0000,0.0000,0.0000,0.0688,-0.6397,-174.0279,0.026,12071,0.0000,0.0000,0.0679,0,6,1.173
170.853,0,5,5,0.0000,-0.6167,0.0196,-0.5510,-177.5139,0.0000,0.0000,0.0000,0.0915,-0.6243,-175.5868,0.020,12077,0.0000,0.0000,0.0686,0,6,1.169
170.953,0,5,5,0.0000,-0.6167,0.0213,-0.5520,-177.4847,0.0000,0.0000,0.0000,0.1772,-0.5901,-178.1634,0.016,12083,0.0000,0.0000,0.0681,0,6,1.187
171.056,0,5,5,0.0000,-0.6167,0.0189,-0.5505,-177.5192,0.0000,0.0000,0.0000,-0.2791,-0.3367,174.8542,0.002,12089,0.0000,0.0000,0.0688,0,6,1.198
171.153,0,5,5,0.0000,-0.6167,0.0206,-0.5515,-177.4943,0.0000,0.0000,0.0000,0.0688,-0.6397,-174.0293,0.027,12095,0.0000,0.0000,0.0683,0,6,1.180
171.254,0,5,5,0.0000,-0.6167,0.0183,-0.5501,-177.5281,0.0000,0.0000,0.0000,0.0915,-0.6243,-175.5873,0.017,12101,0.0000,0.0000,0.0691,0,6,1.181
171.360,0,5,5,0.0000,-0.6167,0.0201,-0.5512,-177.5005,0.0000,0.0000,0.0000,0.1772,-0.5901,-178.1633,0.027,12107,0.0000,0.0000,0.0685,0,6,1.183
171.454,0,5,5,0.0000,-0.6167,0.0178,-0.5498,-177.5338,0.0000,0.0000,0.0000,0.0915,-0.6243,-175.5855,0.011,12113,0.0000,0.0000,0.0692,0,6,1.185
171.552,0,5,5,0.0000,-0.6167,0.0196,-0.5509,-177.5064,0.0000,0.0000,0.0000,0.0688,-0.6397,-174.0287,0.006,12119,0.0000,0.0000,0.0686,0,6,1.174
171.652,0,5,5,0.0000,-0.6167,0.0167,-0.5488,-177.5529,0.0000,0.0000,0.0000,-0.2791,-0.3367,174.8542,0.019,12124,0.0000,0.0000,0.0699,0,6,1.177
171.752,0,5,5,0.0000,-0.6167,0.0193,-0.5507,-177.5108,0.0000,0.0000,0.0000,0.0688,-0.6397,-174.0282,0.012,12131,0.0000,0.0000,0.0688,0,6,1.184
171.855,0,5,5,0.0000,-0.6167,0.0171,-0.5493,-177.5402,0.0000,0.0000,0.0000,0.0688,-0.6397,-174.0278,0.002,12138,0.0000,0.0000,0.0695,0,6,1.193
171.953,0,5,5,0.0000,-0.6167,0.0189,-0.5504,-177.5114,0.0000,0.0000,0.0000,0.1772,-0.5901,-178.1619,0.017,12143,0.0000,0.0000,0.0689,0,6,1.185
172.055,0,5,5,0.0000,-0.6167,0.0168,-0.5491,-177.5412,0.0000,0.0000,0.0000,0.1772,-0.5901,-178.1623,0.003,12150,0.0000,0.0000,0.0696,0,6,1.182
172.155,0,5,5,0.0000,-0.6167,0.0186,-0.5502,-177.5126,0.0000,0.0000,0.0000,0.1772,-0.5901,-178.1623,0.029,12155,0.0000,0.0000,0.0690,0,6,1.182
172.254,0,5,5,0.0000,-0.6167,0.0192,-0.5508,-177.4883,0.0000,0.0000,0.0000,-0.2791,-0.3367,174.8542,0.002,12161,0.0000,0.0000,0.0686,0,6,1.175
