time,lap_count,goal_index,wp_index,target_x,target_y,filtered_x,filtered_y,filtered_yaw,raw_odom_x,raw_odom_y,raw_odom_yaw,aruco_x,aruco_y,aruco_yaw,aruco_age,aruco_count,cmd_vx,cmd_vy,dist_to_target,lifter_up,lifter_toggle_count,min_dist
0.106,0,0,0,-0.6167,0.0000,-0.3649,0.0145,22.4469,0.0000,0.0000,0.0000,-0.6376,-0.0271,2.3264,0.041,2,0.0000,0.0000,0.2522,0,0,0.352
0.204,0,0,0,-0.6167,0.0000,-0.3752,0.0137,21.8968,0.0000,0.0000,0.0000,-0.6246,0.0038,-0.6704,0.023,5,0.0000,0.0000,0.2419,0,0,0.335
0.302,0,0,0,-0.6167,0.0000,-0.3852,0.0125,21.3873,0.0000,0.0000,0.0000,-0.6376,-0.0271,2.3264,0.045,8,0.0000,0.0000,0.2318,0,0,0.351
0.402,0,0,0,-0.6167,0.0000,-0.3946,0.0118,20.8616,0.0000,0.0000,0.0000,-0.6246,0.0038,-0.6702,0.022,11,0.0000,0.0000,0.2224,0,0,0.313
0.502,0,0,0,-0.6167,0.0000,-0.4039,0.0107,20.3716,0.0000,0.0000,0.0000,-0.6376,-0.0271,2.3265,0.011,14,0.0000,0.0000,0.2130,0,0,0.301
0.602,0,0,0,-0.6167,0.0000,-0.4126,0.0100,19.8727,0.0000,0.0000,0.0000,-0.6376,-0.0271,2.3255,0.008,18,0.0000,0.0000,0.2043,0,0,0.331
0.703,0,0,0,-0.6167,0.0000,-0.4212,0.0090,19.4199,0.0000,0.0000,0.0000,-0.6376,-0.0271,2.3272,0.048,20,0.0000,0.0000,0.1957,0,0,0.339
0.815,0,0,0,-0.6167,0.0000,-0.4266,0.0085,19.1261,0.0000,0.0000,0.0000,-0.6376,-0.0271,2.3261,0.027,24,0.0000,0.0000,0.1903,0,0,0.310
0.903,0,0,0,-0.6167,0.0000,-0.4371,0.0074,18.5108,0.0000,0.0000,0.0000,-0.6376,-0.0271,2.3260,0.042,26,0.0000,0.0000,0.1797,0,0,0.317
1.003,0,0,0,-0.6167,0.0000,-0.4447,0.0065,18.0841,0.0000,0.0000,0.0000,-0.6376,-0.0271,2.3267,0.013,29,0.0000,0.0000,0.1721,0,0,0.364
1.103,0,0,0,-0.6167,0.0000,-0.4519,0.0060,17.6421,0.0000,0.0000,0.0000,-0.6245,0.0038,-0.6723,0.024,32,0.0000,0.0000,0.1649,0,0,0.330
1.204,0,0,0,-0.6167,0.0000,-0.4589,0.0051,17.2391,0.0000,0.0000,0.0000,-0.6245,0.0038,-0.6721,0.005,36,0.0000,0.0000,0.1578,0,0,0.313
1.303,0,0,0,-0.6167,0.0000,-0.4655,0.0047,16.8221,0.0000,0.0000,0.0000,-0.6376,-0.0271,2.3254,0.046,38,0.0000,0.0000,0.1512,0,0,0.331
1.406,0,0,0,-0.6167,0.0000,-0.4718,0.0042,16.4160,0.0000,0.0000,0.0000,-0.6376,-0.0271,2.3264,0.003,42,0.0000,0.0000,0.1449,0,0,0.308
1.502,0,0,0,-0.6167,0.0000,-0.4781,0.0034,16.0525,0.0000,0.0000,0.0000,-0.6376,-0.0271,2.3261,0.053,44,0.0000,0.0000,0.1386,0,0,0.313
1.603,0,0,0,-0.6167,0.0000,-0.4839,0.0030,15.6790,0.0000,0.0000,0.0000,-0.6244,0.0037,-0.6708,0.025,47,0.0000,0.0000,0.1328,0,0,0.314
1.702,0,0,0,-0.6167,0.0000,-0.4897,0.0023,15.3339,0.0000,0.0000,0.0000,-0.6376,-0.0271,2.3252,0.020,50,0.0000,0.0000,0.1270,0,0,0.335
1.803,0,0,0,-0.6167,0.0000,-0.4951,0.0019,14.9700,0.0000,0.0000,0.0000,-0.6244,0.0037,-0.6720,0.029,53,0.0000,0.0000,0.1216,0,0,0.302
1.902,0,0,0,-0.6167,0.0000,-0.5005,0.0012,14.6447,0.0000,0.0000,0.0000,-0.6376,-0.0271,2.3252,0.044,56,0.0000,0.0000,0.1162,0,0,0.337
2.005,0,0,0,-0.6167,0.0000,-0.5072,0.0005,14.1809,0.0000,0.0000,0.0000,-0.6375,-0.0271,2.3246,0.019,60,0.0000,0.0000,0.1095,0,0,0.326
2.104,0,0,0,-0.6167,0.0000,-0.5104,0.0002,13.9931,0.0000,0.0000,0.0000,-0.6375,-0.0271,2.3255,0.057,62,0.0000,0.0000,0.1063,0,0,0.350
2.202,0,0,0,-0.6167,0.0000,-0.5165,-0.0004,13.5585,0.0000,0.0000,0.0000,-0.6375,-0.0271,2.3251,0.019,66,0.0000,0.0000,0.1001,0,0,0.325
2.302,0,0,0,-0.6167,0.0000,-0.5195,-0.0007,13.3812,0.0000,0.0000,0.0000,-0.6243,0.0037,-0.6734,0.036,68,0.0000,0.0000,0.0971,0,0,0.498
2.402,0,0,0,-0.6167,0.0000,-0.5252,-0.0012,12.9631,0.0000,0.0000,0.0000,-0.6375,-0.0271,2.3245,0.016,72,0.0000,0.0000,0.0914,0,0,0.323
2.501,0,0,0,-0.6167,0.0000,-0.5280,-0.0015,12.7980,0.0000,0.0000,0.0000,-0.6375,-0.0271,2.3248,0.048,74,0.0000,0.0000,0.0887,0,0,0.299
2.602,0,0,0,-0.6167,0.0000,-0.5321,-0.0021,12.5269,0.0000,0.0000,0.0000,-0.6243,0.0037,-0.6726,0.008,78,0.0000,0.0000,0.0846,0,0,0.364
2.703,0,0,0,-0.6167,0.0000,-0.5358,-0.0023,12.2509,0.0000,0.0000,0.0000,-0.6375,-0.0271,2.3251,0.053,80,0.0000,0.0000,0.0809,0,0,0.355
2.802,0,0,0,-0.6167,0.0000,-0.5407,-0.0028,11.8739,0.0000,0.0000,0.0000,-0.6375,-0.0271,2.3248,0.018,84,0.0000,0.0000,0.0760,0,0,0.320
2.902,0,0,0,-0.6167,0.0000,-0.5430,-0.0030,11.7384,0.0000,0.0000,0.0000,-0.6375,-0.0271,2.3240,0.045,86,0.0000,0.0000,0.0737,0,0,0.326
3.002,0,0,0,-0.6167,0.0000,-0.5464,-0.0032,11.4657,0.0000,0.0000,0.0000,-0.6243,0.0036,-0.6713,0.020,89,0.0000,0.0000,0.0704,0,0,0.489
3.103,0,0,0,-0.6167,0.0000,-0.5497,-0.0037,11.2479,0.0000,0.0000,0.0000,-0.6375,-0.0271,2.3245,0.029,92,0.0000,0.0000,0.0670,0,0,0.334
3.203,0,0,0,-0.6167,0.0000,-0.5528,-0.0038,11.0008,0.0000,0.0000,0.0000,-0.6375,-0.0271,2.3252,0.003,96,0.0000,0.0000,0.0640,0,0,0.488
3.302,0,0,0,-0.6167,0.0000,-0.5559,-0.0043,10.7904,0.0000,0.0000,0.0000,-0.6375,-0.0271,2.3243,0.042,98,0.0000,0.0000,0.0609,0,0,0.311
3.402,0,0,0,-0.6167,0.0000,-0.5597,-0.0047,10.4714,0.0000,0.0000,0.0000,-0.6375,-0.0271,2.3252,0.018,102,0.0000,0.0000,0.0571,0,0,0.314
3.502,0,0,0,-0.6167,0.0000,-0.5616,-0.0049,10.3599,0.0000,0.0000,0.0000,-0.6375,-0.0271,2.3249,0.045,104,0.0000,0.0000,0.0553,0,0,0.338
3.606,0,0,0,-0.6167,0.0000,-0.5651,-0.0052,10.0560,0.0000,0.0000,0.0000,-0.6375,-0.0272,2.3265,0.019,108,0.0000,0.0000,0.0518,0,0,0.341
3.701,0,0,0,-0.6167,0.0000,-0.5668,-0.0054,9.9507,0.0000,0.0000,0.0000,-0.6242,0.0036,-0.6694,0.042,110,0.0000,0.0000,0.0501,0,0,0.307
3.802,0,0,0,-0.6167,0.0000,-0.5694,-0.0058,9.7684,0.0000,0.0000,0.0000,-0.6375,-0.0271,2.3259,0.020,113,0.0000,0.0000,0.0476,0,0,0.354
3.902,0,0,0,-0.6167,0.0000,-0.5717,-0.0059,9.5584,0.0000,0.0000,0.0000,-0.6242,0.0036,-0.6708,0.027,116,0.0000,0.0000,0.0453,0,0,0.316
4.002,0,0,0,-0.6167,0.0000,-0.5739,-0.0059,9.3576,0.0000,0.0000,0.0000,-0.6375,-0.0271,2.3243,0.010,120,0.0000,0.0000,0.0432,0,0,0.361
4.101,0,0,0,-0.6167,0.0000,-0.5762,-0.0063,9.1972,0.0000,0.0000,0.0000,-0.6375,-0.0271,2.3244,0.040,122,0.0000,0.0000,0.0410,0,0,0.309
4.203,0,0,0,-0.6167,0.0000,-0.5790,-0.0066,8.9382,0.0000,0.0000,0.0000,-0.6375,-0.0271,2.3255,0.011,126,0.0000,0.0000,0.0382,0,0,0.324
4.303,0,0,0,-0.6167,0.0000,-0.5803,-0.0067,8.8482,0.0000,0.0000,0.0000,-0.6375,-0.0271,2.3229,0.049,128,0.0000,0.0000,0.0369,0,0,0.305
4.403,0,0,0,-0.6167,0.0000,-0.5822,-0.0067,8.6775,0.0000,0.0000,0.0000,-0.6241,0.0036,-0.6726,0.026,131,0.0000,0.0000,0.0351,0,0,0.355
4.502,0,0,0,-0.6167,0.0000,-0.5842,-0.0071,8.5334,0.0000,0.0000,0.0000,-0.6375,-0.0271,2.3224,0.012,134,0.0000,0.0000,0.0333,0,0,0.316
4.601,0,0,0,-0.6167,0.0000,-0.5859,-0.0071,8.3637,0.0000,0.0000,0.0000,-0.6375,-0.0271,2.3233,0.005,138,0.0000,0.0000,0.0316,0,0,0.332
4.703,0,0,0,-0.6167,0.0000,-0.5877,-0.0075,8.2288,0.0000,0.0000,0.0000,-0.6375,-0.0271,2.3248,0.049,140,0.0000,0.0000,0.0299,0,0,0.308
4.801,0,0,0,-0.6167,0.0000,-0.5899,-0.0077,8.0078,0.0000,0.0000,0.0000,-0.6375,-0.0271,2.3238,0.013,144,0.0000,0.0000,0.0278,0,0,0.314
4.903,0,0,0,-0.6167,0.0000,-0.5910,-0.0078,7.9358,0.0000,0.0000,0.0000,-0.6375,-0.0271,2.3229,0.053,146,0.0000,0.0000,0.0268,0,0,0.307
5.003,0,0,0,-0.6167,0.0000,-0.5926,-0.0082,7.8186,0.0000,0.0000,0.0000,-0.6375,-0.0271,2.3229,0.022,149,0.0000,0.0000,0.0254,0,0,0.306
5.102,0,0,0,-0.6167,0.0000,-0.5940,-0.0081,7.6712,0.0000,0.0000,0.0000,-0.6241,0.0036,-0.6730,0.028,152,0.0000,0.0000,0.0241,0,0,0.316
5.202,0,0,0,-0.6167,0.0000,-0.5959,-0.0083,7.4706,0.0000,0.0000,0.0000,-0.6241,0.0036,-0.6730,0.010,156,0.0000,0.0000,0.0224,0,0,0.311
5.303,0,0,0,-0.6167,0.0000,-0.5968,-0.0084,7.4121,0.0000,0.0000,0.0000,-0.6241,0.0035,-0.6708,0.047,158,0.0000,0.0000,0.0216,0,0,0.332
5.401,0,0,0,-0.6167,0.0000,-0.5985,-0.0086,7.2260,0.0000,0.0000,0.0000,-0.6375,-0.0271,2.3225,0.016,162,0.0000,0.0000,0.0200,0,0,0.312
5.502,0,0,0,-0.6167,0.0000,-0.5994,-0.0087,7.1720,0.0000,0.0000,0.0000,-0.6375,-0.0271,2.3224,0.051,164,0.0000,0.0000,0.0193,0,0,0.322
5.602,0,0,0,-0.6167,0.0000,-0.6010,-0.0088,6.9934,0.0000,0.0000,0.0000,-0.6375,-0.0271,2.3219,0.021,168,0.0000,0.0000,0.0180,0,0,0.356
5.703,0,0,0,-0.6167,0.0000,-0.6018,-0.0089,6.9443,0.0000,0.0000,0.0000,-0.6375,-0.0271,2.3231,0.026,170,0.0000,0.0000,0.0174,0,0,0.327
5.804,0,0,0,-0.6167,0.0000,-0.6028,-0.0088,6.8207,0.0000,0.0000,0.0000,-0.6240,0.0035,-0.6736,0.031,173,0.0000,0.0000,0.0164,0,0,0.308
5.903,0,0,0,-0.6167,0.0000,-0.6040,-0.0091,6.7165,0.0000,0.0000,0.0000,-0.6374,-0.0271,2.3231,0.029,176,0.0000,0.0000,0.0156,0,0,0.328
6.002,0,0,0,-0.6167,0.0000,-0.6053,-0.0093,6.5607,0.0000,0.0000,0.0000,-0.6375,-0.0271,2.3213,0.019,180,0.0000,0.0000,0.0146,0,0,0.305
6.102,0,0,0,-0.6167,0.0000,-0.6060,-0.0093,6.5263,0.0000,0.0000,0.0000,-0.6374,-0.0271,2.3225,0.050,182,0.0000,0.0000,0.0142,0,0,0.311
6.202,0,0,0,-0.6167,0.0000,-0.6073,-0.0095,6.3766,0.0000,0.0000,0.0000,-0.6375,-0.0271,2.3214,0.020,186,0.0000,0.0000,0.0133,0,0,0.349
6.303,0,0,0,-0.6167,0.0000,-0.6079,-0.0095,6.3467,0.0000,0.0000,0.0000,-0.6374,-0.0271,2.3207,0.054,188,0.0000,0.0000,0.0130,0,0,0.349
6.405,0,0,0,-0.6167,0.0000,-0.6087,-0.0094,6.2273,0.0000,0.0000,0.0000,-0.6374,-0.0271,2.3221,0.013,192,0.0000,0.0000,0.0123,0,0,0.335
6.502,0,0,0,-0.6167,0.0000,-0.6096,-0.0097,6.1513,0.0000,0.0000,0.0000,-0.6374,-0.0271,2.3214,0.043,194,0.0000,0.0000,0.0120,0,0,0.316
6.604,0,0,0,-0.6167,0.0000,-0.6105,-0.0100,6.0797,0.0000,0.0000,0.0000,-0.6374,-0.0271,2.3214,0.023,197,0.0000,0.0000,0.0117,0,0,0.322
6.703,0,0,0,-0.6167,0.0000,-0.6112,-0.0098,5.9808,0.0000,0.0000,0.0000,-0.6240,0.0035,-0.6710,0.038,200,0.0000,0.0000,0.0113,0,0,0.324
6.803,0,0,0,-0.6167,0.0000,-0.6122,-0.0099,5.8521,0.0000,0.0000,0.0000,-0.6374,-0.0271,2.3215,0.019,204,0.0000,0.0000,0.0109,0,0,0.324
6.902,0,0,0,-0.6167,0.0000,-0.6127,-0.0100,5.8229,0.0000,0.0000,0.0000,-0.6374,-0.0271,2.3220,0.050,206,0.0000,0.0000,0.0108,0,0,0.347
7.004,0,0,0,-0.6167,0.0000,-0.6136,-0.0101,5.7013,0.0000,0.0000,0.0000,-0.6374,-0.0271,2.3215,0.021,210,0.0000,0.0000,0.0105,0,0,0.318
7.101,0,0,0,-0.6167,0.0000,-0.6141,-0.0101,5.6762,0.0000,0.0000,0.0000,-0.6374,-0.0271,2.3215,0.053,212,0.0000,0.0000,0.0105,0,0,0.320
7.203,0,0,0,-0.6167,0.0000,-0.6146,-0.0100,5.5897,0.0000,0.0000,0.0000,-0.6239,0.0034,-0.6714,0.025,215,0.0000,0.0000,0.0102,0,0,0.307
7.303,0,0,0,-0.6167,0.0000,-0.6150,-0.0100,5.5671,0.0000,0.0000,0.0000,-0.6374,-0.0271,2.3225,0.010,218,0.0000,0.0000,0.0102,0,0,0.309
7.403,0,0,0,-0.6167,0.0000,-0.6161,-0.0104,5.4369,0.0000,0.0000,0.0000,-0.6374,-0.0271,2.3217,0.008,222,0.0000,0.0000,0.0104,0,0,0.341
7.503,0,0,0,-0.6167,0.0000,-0.6165,-0.0104,5.4025,0.0000,0.0000,0.0000,-0.6374,-0.0271,2.3209,0.052,224,0.0000,0.0000,0.0104,0,0,0.353
7.603,0,0,0,-0.6167,0.0000,-0.6172,-0.0105,5.2964,0.0000,0.0000,0.0000,-0.6374,-0.0271,2.3209,0.020,228,0.0000,0.0000,0.0105,0,0,0.328
7.701,0,0,0,-0.6167,0.0000,-0.6176,-0.0105,5.2825,0.0000,0.0000,0.0000,-0.6374,-0.0271,2.3208,0.051,230,0.0000,0.0000,0.0105,0,0,0.340
7.804,0,0,0,-0.6167,0.0000,-0.6182,-0.0108,5.2523,0.0000,0.0000,0.0000,-0.6374,-0.0271,2.3232,0.020,233,0.0000,0.0000,0.0109,0,0,0.337
7.904,0,0,0,-0.6167,0.0000,-0.6186,-0.0106,5.1807,0.0000,0.0000,0.0000,-0.6238,0.0034,-0.6712,0.034,236,0.0000,0.0000,0.0108,0,0,0.353
8.002,0,0,0,-0.6167,0.0000,-0.6192,-0.0107,5.0732,0.0000,0.0000,0.0000,-0.6238,0.0034,-0.6725,0.013,240,0.0000,0.0000,0.0110,0,0,0.312
8.104,0,0,0,-0.6167,0.0000,-0.6195,-0.0107,5.0562,0.0000,0.0000,0.0000,-0.6374,-0.0271,2.3210,0.057,242,0.0000,0.0000,0.0111,0,0,0.338
8.202,0,0,0,-0.6167,0.0000,-0.6200,-0.0108,4.9652,0.0000,0.0000,0.0000,-0.6374,-0.0271,2.3205,0.017,246,0.0000,0.0000,0.0113,0,0,0.322
8.305,0,0,0,-0.6167,0.0000,-0.6203,-0.0108,4.9505,0.0000,0.0000,0.0000,-0.6374,-0.0271,2.3201,0.058,248,0.0000,0.0000,0.0114,0,0,0.328
8.404,0,0,0,-0.6167,0.0000,-0.6206,-0.0106,4.9041,0.0000,0.0000,0.0000,-0.6238,0.0034,-0.6709,0.028,251,0.0000,0.0000,0.0113,0,0,0.333
8.504,0,0,0,-0.6167,0.0000,-0.6211,-0.0109,4.8556,0.0000,0.0000,0.0000,-0.6374,-0.0271,2.3209,0.027,254,0.0000,0.0000,0.0117,0,0,0.332
8.602,0,0,0,-0.6167,0.0000,-0.6216,-0.0109,4.7751,0.0000,0.0000,0.0000,-0.6374,-0.0271,2.3197,0.012,258,0.0000,0.0000,0.0120,0,0,0.307
8.704,0,0,0,-0.6167,0.0000,-0.6218,-0.0110,4.7630,0.0000,0.0000,0.0000,-0.6374,-0.0271,2.3219,0.042,260,0.0000,0.0000,0.0121,0,0,0.320
8.802,0,0,0,-0.6167,0.0000,-0.6223,-0.0110,4.6814,0.0000,0.0000,0.0000,-0.6374,-0.0271,2.3211,0.021,264,0.0000,0.0000,0.0123,0,0,0.313
8.903,0,0,0,-0.6167,0.0000,-0.6225,-0.0110,4.6785,0.0000,0.0000,0.0000,-0.6374,-0.0271,2.3227,0.048,266,0.0000,0.0000,0.0125,0,0,0.348
9.002,0,0,0,-0.6167,0.0000,-0.6229,-0.0111,4.6012,0.0000,0.0000,0.0000,-0.6374,-0.0271,2.3215,0.018,270,0.0000,0.0000,0.0127,0,0,0.306
9.102,0,0,0,-0.6167,0.0000,-0.6231,-0.0111,4.5965,0.0000,0.0000,0.0000,-0.6237,0.0033,-0.6711,0.024,272,0.0000,0.0000,0.0128,0,0,0.328
9.203,0,0,0,-0.6167,0.0000,-0.6235,-0.0113,4.5752,0.0000,0.0000,0.0000,-0.6237,0.0034,-0.6715,0.003,276,0.0000,0.0000,0.0132,0,0,0.369
9.301,0,0,0,-0.6167,0.0000,-0.6237,-0.0111,4.5276,0.0000,0.0000,0.0000,-0.6237,0.0034,-0.6719,0.043,278,0.0000,0.0000,0.0132,0,0,0.301
9.403,0,0,0,-0.6167,0.0000,-0.6240,-0.0112,4.4542,0.0000,0.0000,0.0000,-0.6374,-0.0271,2.3206,0.018,282,0.0000,0.0000,0.0134,0,0,0.301
9.503,0,0,0,-0.6167,0.0000,-0.6242,-0.0112,4.4570,0.0000,0.0000,0.0000,-0.6374,-0.0271,2.3201,0.053,284,0.0000,0.0000,0.0135,0,0,0.335
9.604,0,0,0,-0.6167,0.0000,-0.6245,-0.0112,4.3862,0.0000,0.0000,0.0000,-0.6374,-0.0271,2.3197,0.018,288,0.0000,0.0000,0.0137,0,0,0.336
9.704,0,0,0,-0.6167,0.0000,-0.6247,-0.0113,4.3900,0.0000,0.0000,0.0000,-0.6374,-0.0271,2.3210,0.057,290,0.0000,0.0000,0.0138,0,0,0.345
9.804,0,0,0,-0.6167,0.0000,-0.6248,-0.0111,4.3434,0.0000,0.0000,0.0000,-0.6236,0.0034,-0.6745,0.030,293,0.0000,0.0000,0.0137,0,0,0.298
9.904,0,0,0,-0.6167,0.0000,-0.6251,-0.0113,4.3272,0.0000,0.0000,0.0000,-0.6374,-0.0271,2.3195,0.033,296,0.0000,0.0000,0.0141,0,0,0.306
10.002,0,0,0,-0.6167,0.0000,-0.6252,-0.0111,4.2816,0.0000,0.0000,0.0000,-0.6374,-0.0271,2.3203,0.006,300,0.0000,0.0000,0.0140,0,0,0.355
10.104,0,0,0,-0.6167,0.0000,-0.6255,-0.0114,4.2662,0.0000,0.0000,0.0000,-0.6374,-0.0271,2.3188,0.050,302,0.0000,0.0000,0.0144,0,0,0.333
10.202,0,0,0,-0.6167,0.0000,-0.6258,-0.0114,4.2037,0.0000,0.0000,0.0000,-0.6374,-0.0271,2.3207,0.016,306,0.0000,0.0000,0.0146,0,0,0.342
10.303,0,0,0,-0.6167,0.0000,-0.6259,-0.0114,4.2119,0.0000,0.0000,0.0000,-0.6374,-0.0271,2.3203,0.045,308,0.0000,0.0000,0.0147,0,0,0.360
10.403,0,0,0,-0.6167,0.0000,-0.6261,-0.0114,4.1525,0.0000,0.0000,0.0000,-0.6373,-0.0271,2.3207,0.019,312,0.0000,0.0000,0.0148,0,0,0.344
10.503,0,0,0,-0.6167,0.0000,-0.6262,-0.0114,4.1602,0.0000,0.0000,0.0000,-0.6235,0.0033,-0.6713,0.048,314,0.0000,0.0000,0.0149,0,0,0.351
10.605,0,0,0,-0.6167,0.0000,-0.6265,-0.0117,4.1506,0.0000,0.0000,0.0000,-0.6374,-0.0271,2.3192,0.027,317,0.0000,0.0000,0.0152,0,0,0.328
10.703,0,0,0,-0.6167,0.0000,-0.6266,-0.0115,4.1084,0.0000,0.0000,0.0000,-0.6235,0.0033,-0.6717,0.038,320,0.0000,0.0000,0.0151,0,0,0.313
10.803,0,0,0,-0.6167,0.0000,-0.6268,-0.0115,4.0522,0.0000,0.0000,0.0000,-0.6373,-0.0271,2.3186,0.020,324,0.0000,0.0000,0.0153,0,0,0.333
10.904,0,0,0,-0.6167,0.0000,-0.6269,-0.0115,4.0615,0.0000,0.0000,0.0000,-0.6373,-0.0271,2.3189,0.052,326,0.0000,0.0000,0.0154,0,0,0.329
11.002,0,0,0,-0.6167,0.0000,-0.6270,-0.0115,4.0015,0.0000,0.0000,0.0000,-0.6373,-0.0271,2.3193,0.018,330,0.0000,0.0000,0.0155,0,0,0.322
11.104,0,0,0,-0.6167,0.0000,-0.6271,-0.0115,4.0180,0.0000,0.0000,0.0000,-0.6374,-0.0271,2.3192,0.048,332,0.0000,0.0000,0.0156,0,0,0.320
11.204,0,0,0,-0.6167,0.0000,-0.6272,-0.0114,3.9826,0.0000,0.0000,0.0000,-0.6373,-0.0271,2.3206,0.003,336,0.0000,0.0000,0.0155,0,0,0.365
11.304,0,0,0,-0.6167,0.0000,-0.6274,-0.0116,3.9764,0.0000,0.0000,0.0000,-0.6373,-0.0271,2.3208,0.018,338,0.0000,0.0000,0.0158,0,0,0.306
11.403,0,0,0,-0.6167,0.0000,-0.6275,-0.0116,3.9281,0.0000,0.0000,0.0000,-0.6373,-0.0271,2.3206,0.009,342,0.0000,0.0000,0.0159,0,0,0.359
11.503,0,0,0,-0.6167,0.0000,-0.6276,-0.0116,3.9388,0.0000,0.0000,0.0000,-0.6373,-0.0271,2.3191,0.054,344,0.0000,0.0000,0.0160,0,0,0.321
11.603,0,0,0,-0.6167,0.0000,-0.6278,-0.0116,3.8846,0.0000,0.0000,0.0000,-0.6373,-0.0271,2.3176,0.019,348,0.0000,0.0000,0.0161,0,0,0.324
11.706,0,0,0,-0.6167,0.0000,-0.6278,-0.0116,3.9030,0.0000,0.0000,0.0000,-0.6373,-0.0271,2.3182,0.057,350,0.0000,0.0000,0.0161,0,0,0.318
11.804,0,0,0,-0.6167,0.0000,-0.6280,-0.0118,3.9006,0.0000,0.0000,0.0000,-0.6373,-0.0271,2.3185,0.024,353,0.0000,0.0000,0.0164,0,0,0.332
11.903,0,0,0,-0.6167,0.0000,-0.6280,-0.0117,3.8680,0.0000,0.0000,0.0000,-0.6235,0.0032,-0.6704,0.029,356,0.0000,0.0000,0.0163,0,0,0.342
12.002,0,0,0,-0.6167,0.0000,-0.6281,-0.0117,3.8219,0.0000,0.0000,0.0000,-0.6235,0.0032,-0.6710,0.015,360,0.0000,0.0000,0.0164,0,0,0.337
12.103,0,0,0,-0.6167,0.0000,-0.6282,-0.0117,3.8353,0.0000,0.0000,0.0000,-0.6235,0.0032,-0.6707,0.037,362,0.0000,0.0000,0.0164,0,0,0.296
12.203,0,0,0,-0.6167,0.0000,-0.6283,-0.0117,3.7898,0.0000,0.0000,0.0000,-0.6373,-0.0271,2.3200,0.019,366,0.0000,0.0000,0.0165,0,0,0.357
12.304,0,0,0,-0.6167,0.0000,-0.6284,-0.0117,3.8028,0.0000,0.0000,0.0000,-0.6373,-0.0271,2.3203,0.054,368,0.0000,0.0000,0.0165,0,0,0.320
12.403,0,0,0,-0.6167,0.0000,-0.6285,-0.0117,3.7587,0.0000,0.0000,0.0000,-0.6373,-0.0271,2.3184,0.023,372,0.0000,0.0000,0.0166,0,0,0.311
12.502,0,0,0,-0.6167,0.0000,-0.6285,-0.0117,3.7720,0.0000,0.0000,0.0000,-0.6373,-0.0271,2.3178,0.025,374,0.0000,0.0000,0.0167,0,0,0.332
12.603,0,0,0,-0.6167,0.0000,-0.6285,-0.0115,3.7428,0.0000,0.0000,0.0000,-0.6234,0.0032,-0.6690,0.027,377,0.0000,0.0000,0.0165,0,0,0.331
12.702,0,0,0,-0.6167,0.0000,-0.6287,-0.0117,3.7438,0.0000,0.0000,0.0000,-0.6373,-0.0271,2.3185,0.042,380,0.0000,0.0000,0.0168,0,0,0.321
12.803,0,0,0,-0.6167,0.0000,-0.6287,-0.0118,3.6997,0.0000,0.0000,0.0000,-0.6373,-0.0271,2.3178,0.021,384,0.0000,0.0000,0.0169,0,0,0.364
12.903,0,0,0,-0.6167,0.0000,-0.6288,-0.0118,3.7158,0.0000,0.0000,0.0000,-0.6373,-0.0271,2.3180,0.052,386,0.0000,0.0000,0.0169,0,0,0.327
13.003,0,0,0,-0.6167,0.0000,-0.6289,-0.0118,3.6755,0.0000,0.0000,0.0000,-0.6373,-0.0271,2.3177,0.024,390,0.0000,0.0000,0.0170,0,0,0.312
13.103,0,0,0,-0.6167,0.0000,-0.6289,-0.0118,3.6928,0.0000,0.0000,0.0000,-0.6373,-0.0271,2.3188,0.054,392,0.0000,0.0000,0.0170,0,0,0.309
13.202,0,0,0,-0.6167,0.0000,-0.6290,-0.0118,3.6553,0.0000,0.0000,0.0000,-0.6373,-0.0271,2.3193,0.017,396,0.0000,0.0000,0.0170,0,0,0.329
13.303,0,0,0,-0.6167,0.0000,-0.6290,-0.0118,3.6702,0.0000,0.0000,0.0000,-0.6234,0.0032,-0.6712,0.043,398,0.0000,0.0000,0.0171,0,0,0.314
13.404,0,0,0,-0.6167,0.0000,-0.6291,-0.0118,3.6328,0.0000,0.0000,0.0000,-0.6234,0.0032,-0.6706,0.007,402,0.0000,0.0000,0.0171,0,0,0.352
13.503,0,0,0,-0.6167,0.0000,-0.6291,-0.0118,3.6444,0.0000,0.0000,0.0000,-0.6234,0.0032,-0.6690,0.044,404,0.0000,0.0000,0.0172,0,0,0.321
13.603,0,0,0,-0.6167,0.0000,-0.6292,-0.0118,3.6087,0.0000,0.0000,0.0000,-0.6373,-0.0271,2.3169,0.014,408,0.0000,0.0000,0.0172,0,0,0.328
13.703,0,0,0,-0.6167,0.0000,-0.6292,-0.0118,3.6259,0.0000,0.0000,0.0000,-0.6373,-0.0271,2.3172,0.054,410,0.0000,0.0000,0.0172,0,0,0.481
13.803,0,0,0,-0.6167,0.0000,-0.6293,-0.0118,3.5905,0.0000,0.0000,0.0000,-0.6373,-0.0271,2.3176,0.021,414,0.0000,0.0000,0.0173,0,0,0.326
13.906,0,0,0,-0.6167,0.0000,-0.6293,-0.0118,3.6100,0.0000,0.0000,0.0000,-0.6373,-0.0271,2.3184,0.051,416,0.0000,0.0000,0.0173,0,0,0.314
14.002,0,0,0,-0.6167,0.0000,-0.6292,-0.0116,3.5866,0.0000,0.0000,0.0000,-0.6233,0.0032,-0.6704,0.030,419,0.0000,0.0000,0.0171,0,0,0.335
14.104,0,0,0,-0.6167,0.0000,-0.6294,-0.0118,3.5922,0.0000,0.0000,0.0000,-0.6373,-0.0271,2.3161,0.038,422,0.0000,0.0000,0.0174,0,0,0.311
14.204,0,0,0,-0.6167,0.0000,-0.6294,-0.0118,3.5569,0.0000,0.0000,0.0000,-0.6373,-0.0271,2.3179,0.018,426,0.0000,0.0000,0.0174,0,0,0.315
14.304,0,0,0,-0.6167,0.0000,-0.6294,-0.0118,3.5752,0.0000,0.0000,0.0000,-0.6373,-0.0271,2.3179,0.057,428,0.0000,0.0000,0.0174,0,0,0.317
14.402,0,0,0,-0.6167,0.0000,-0.6295,-0.0119,3.5408,0.0000,0.0000,0.0000,-0.6373,-0.0271,2.3174,0.023,432,0.0000,0.0000,0.0175,0,0,0.319
14.502,0,0,0,-0.6167,0.0000,-0.6295,-0.0119,3.5601,0.0000,0.0000,0.0000,-0.6373,-0.0271,2.3175,0.052,434,0.0000,0.0000,0.0175,0,0,0.330
14.604,0,0,0,-0.6167,0.0000,-0.6296,-0.0121,3.5662,0.0000,0.0000,0.0000,-0.6373,-0.0271,2.3165,0.025,437,0.0000,0.0000,0.0177,0,0,0.309
14.704,0,0,0,-0.6167,0.0000,-0.6296,-0.0119,3.5448,0.0000,0.0000,0.0000,-0.6233,0.0032,-0.6695,0.029,440,0.0000,0.0000,0.0175,0,0,0.332
14.802,0,0,0,-0.6167,0.0000,-0.6296,-0.0119,3.5105,0.0000,0.0000,0.0000,-0.6233,0.0032,-0.6690,0.010,444,0.0000,0.0000,0.0176,0,0,0.343
14.903,0,0,0,-0.6167,0.0000,-0.6296,-0.0119,3.5292,0.0000,0.0000,0.0000,-0.6373,-0.0271,2.3177,0.052,446,0.0000,0.0000,0.0176,0,0,0.330
15.003,0,0,0,-0.6167,0.0000,-0.6297,-0.0119,3.4953,0.0000,0.0000,0.0000,-0.6373,-0.0271,2.3176,0.024,450,0.0000,0.0000,0.0176,0,0,0.316
15.103,0,0,0,-0.6167,0.0000,-0.6297,-0.0119,3.5155,0.0000,0.0000,0.0000,-0.6373,-0.0271,2.3175,0.053,452,0.0000,0.0000,0.0176,0,0,0.314
15.202,0,0,0,-0.6167,0.0000,-0.6296,-0.0117,3.4846,0.0000,0.0000,0.0000,-0.6233,0.0032,-0.6695,0.026,455,0.0000,0.0000,0.0174,0,0,0.345
15.304,0,0,0,-0.6167,0.0000,-0.6297,-0.0119,3.5011,0.0000,0.0000,0.0000,-0.6233,0.0031,-0.6687,0.002,459,0.0000,0.0000,0.0177,0,0,0.319
15.403,0,0,0,-0.6167,0.0000,-0.6296,-0.0117,3.4724,0.0000,0.0000,0.0000,-0.6373,-0.0271,2.3165,0.003,462,0.0000,0.0000,0.0175,0,0,0.311
15.503,0,0,0,-0.6167,0.0000,-0.6298,-0.0119,3.4881,0.0000,0.0000,0.0000,-0.6372,-0.0271,2.3176,0.044,464,0.0000,0.0000,0.0177,0,0,0.316
15.603,0,0,0,-0.6167,0.0000,-0.6298,-0.0119,3.4571,0.0000,0.0000,0.0000,-0.6373,-0.0271,2.3171,0.022,468,0.0000,0.0000,0.0177,0,0,0.360
15.703,0,0,0,-0.6167,0.0000,-0.6298,-0.0119,3.4768,0.0000,0.0000,0.0000,-0.6373,-0.0271,2.3161,0.055,470,0.0000,0.0000,0.0177,0,0,0.332
15.802,0,0,0,-0.6167,0.0000,-0.6298,-0.0119,3.4396,0.0000,0.0000,0.0000,-0.6373,-0.0271,2.3166,0.018,474,0.0000,0.0000,0.0178,0,0,0.308
15.903,0,0,0,-0.6167,0.0000,-0.6298,-0.0119,3.4649,0.0000,0.0000,0.0000,-0.6232,0.0031,-0.6690,0.030,476,0.0000,0.0000,0.0178,0,0,0.338
16.003,0,0,0,-0.6167,0.0000,-0.6299,-0.0119,3.4343,0.0000,0.0000,0.0000,-0.6232,0.0031,-0.6694,0.008,480,0.0000,0.0000,0.0178,0,0,0.330
16.102,0,0,0,-0.6167,0.0000,-0.6299,-0.0119,3.4474,0.0000,0.0000,0.0000,-0.6372,-0.0271,2.3165,0.048,482,0.0000,0.0000,0.0178,0,0,0.322
16.203,0,0,0,-0.6167,0.0000,-0.6299,-0.0119,3.4228,0.0000,0.0000,0.0000,-0.6372,-0.0271,2.3158,0.018,486,0.0000,0.0000,0.0178,0,0,0.323
16.303,0,0,0,-0.6167,0.0000,-0.6299,-0.0119,3.4438,0.0000,0.0000,0.0000,-0.6372,-0.0271,2.3167,0.053,488,0.0000,0.0000,0.0178,0,0,0.333
16.404,0,0,0,-0.6167,0.0000,-0.6299,-0.0119,3.4121,0.0000,0.0000,0.0000,-0.6372,-0.0271,2.3164,0.020,492,0.0000,0.0000,0.0178,0,0,0.350
16.502,0,0,0,-0.6167,0.0000,-0.6299,-0.0119,3.4323,0.0000,0.0000,0.0000,-0.6372,-0.0271,2.3163,0.054,494,0.0000,0.0000,0.0178,0,0,0.314
16.604,0,0,0,-0.6167,0.0000,-0.6298,-0.0117,3.4114,0.0000,0.0000,0.0000,-0.6232,0.0031,-0.6683,0.030,497,0.0000,0.0000,0.0176,0,0,0.353
16.704,0,0,0,-0.6167,0.0000,-0.6299,-0.0119,3.4251,0.0000,0.0000,0.0000,-0.6372,-0.0271,2.3160,0.045,500,0.0000,0.0000,0.0179,0,0,0.317
16.803,0,0,0,-0.6167,0.0000,-0.6299,-0.0118,3.3977,0.0000,0.0000,0.0000,-0.6372,-0.0271,2.3152,0.002,504,0.0000,0.0000,0.0177,0,0,0.305
16.904,0,0,0,-0.6167,0.0000,-0.6300,-0.0120,3.4156,0.0000,0.0000,0.0000,-0.6372,-0.0271,2.3155,0.048,506,0.0000,0.0000,0.0179,0,0,0.335
17.002,0,0,0,-0.6167,0.0000,-0.6300,-0.0120,3.3849,0.0000,0.0000,0.0000,-0.6372,-0.0271,2.3157,0.026,510,0.0000,0.0000,0.0179,0,0,0.326
17.106,0,0,0,-0.6167,0.0000,-0.6300,-0.0120,3.3999,0.0000,0.0000,0.0000,-0.6372,-0.0271,2.3159,0.046,512,0.0000,0.0000,0.0179,0,0,0.368
17.203,0,0,0,-0.6167,0.0000,-0.6300,-0.0120,3.3665,0.0000,0.0000,0.0000,-0.6372,-0.0271,2.3160,0.019,516,0.0000,0.0000,0.0179,0,0,0.324
17.303,0,0,0,-0.6167,0.0000,-0.6300,-0.0120,3.3951,0.0000,0.0000,0.0000,-0.6372,-0.0271,2.3158,0.048,518,0.0000,0.0000,0.0179,0,0,0.302
17.405,0,0,0,-0.6167,0.0000,-0.6301,-0.0122,3.4064,0.0000,0.0000,0.0000,-0.6372,-0.0271,2.3158,0.025,521,0.0000,0.0000,0.0181,0,0,0.359
17.502,0,0,0,-0.6167,0.0000,-0.6300,-0.0120,3.3869,0.0000,0.0000,0.0000,-0.6231,0.0031,-0.6678,0.039,524,0.0000,0.0000,0.0179,0,0,0.370
17.603,0,0,0,-0.6167,0.0000,-0.6300,-0.0120,3.3575,0.0000,0.0000,0.0000,-0.6372,-0.0271,2.3157,0.025,528,0.0000,0.0000,0.0179,0,0,0.334
17.704,0,0,0,-0.6167,0.0000,-0.6300,-0.0120,3.3794,0.0000,0.0000,0.0000,-0.6372,-0.0271,2.3148,0.053,530,0.0000,0.0000,0.0179,0,0,0.335
17.803,0,0,0,-0.6167,0.0000,-0.6300,-0.0120,3.3518,0.0000,0.0000,0.0000,-0.6372,-0.0271,2.3152,0.026,534,0.0000,0.0000,0.0179,0,0,0.332
17.903,0,0,0,-0.6167,0.0000,-0.6300,-0.0120,3.3738,0.0000,0.0000,0.0000,-0.6372,-0.0271,2.3141,0.049,536,0.0000,0.0000,0.0179,0,0,0.320
18.003,0,0,0,-0.6167,0.0000,-0.6299,-0.0118,3.3502,0.0000,0.0000,0.0000,-0.6372,-0.0271,2.3143,0.002,540,0.0000,0.0000,0.0178,0,0,0.331
18.104,0,0,0,-0.6167,0.0000,-0.6300,-0.0120,3.3692,0.0000,0.0000,0.0000,-0.6372,-0.0271,2.3144,0.026,542,0.0000,0.0000,0.0180,0,0,0.300
18.202,0,0,0,-0.6167,0.0000,-0.6301,-0.0120,3.3397,0.0000,0.0000,0.0000,-0.6372,-0.0271,2.3145,0.017,546,0.0000,0.0000,0.0180,0,0,0.304
18.304,0,0,0,-0.6167,0.0000,-0.6301,-0.0120,3.3649,0.0000,0.0000,0.0000,-0.6372,-0.0271,2.3149,0.055,548,0.0000,0.0000,0.0180,0,0,0.361
18.402,0,0,0,-0.6167,0.0000,-0.6301,-0.0120,3.3375,0.0000,0.0000,0.0000,-0.6372,-0.0271,2.3151,0.019,552,0.0000,0.0000,0.0180,0,0,0.365
18.504,0,0,0,-0.6167,0.0000,-0.6301,-0.0120,3.3602,0.0000,0.0000,0.0000,-0.6372,-0.0271,2.3153,0.052,554,0.0000,0.0000,0.0180,0,0,0.319
18.602,0,0,0,-0.6167,0.0000,-0.6302,-0.0122,3.3678,0.0000,0.0000,0.0000,-0.6372,-0.0271,2.3157,0.024,557,0.0000,0.0000,0.0182,0,0,0.314
18.701,0,0,0,-0.6167,0.0000,-0.6301,-0.0120,3.3567,0.0000,0.0000,0.0000,-0.6231,0.0031,-0.6677,0.028,560,0.0000,0.0000,0.0180,0,0,0.310
18.803,0,0,0,-0.6167,0.0000,-0.6301,-0.0120,3.3306,0.0000,0.0000,0.0000,-0.6372,-0.0271,2.3151,0.015,564,0.0000,0.0000,0.0180,0,0,0.322
18.903,0,0,0,-0.6167,0.0000,-0.6301,-0.0120,3.3543,0.0000,0.0000,0.0000,-0.6231,0.0030,-0.6671,0.029,566,0.0000,0.0000,0.0180,0,0,0.324
19.002,0,0,0,-0.6167,0.0000,-0.6301,-0.0120,3.3170,0.0000,0.0000,0.0000,-0.6372,-0.0271,2.3146,0.022,570,0.0000,0.0000,0.0180,0,0,0.336
19.103,0,0,0,-0.6167,0.0000,-0.6301,-0.0120,3.3471,0.0000,0.0000,0.0000,-0.6372,-0.0271,2.3144,0.049,572,0.0000,0.0000,0.0180,0,0,0.345
19.202,0,0,0,-0.6167,0.0000,-0.6301,-0.0120,3.3200,0.0000,0.0000,0.0000,-0.6372,-0.0271,2.3150,0.019,576,0.0000,0.0000,0.0180,0,0,0.337
19.303,0,0,0,-0.6167,0.0000,-0.6301,-0.0120,3.3366,0.0000,0.0000,0.0000,-0.6230,0.0031,-0.6682,0.002,579,0.0000,0.0000,0.0180,0,0,0.306
19.402,0,0,0,-0.6167,0.0000,-0.6300,-0.0118,3.3200,0.0000,0.0000,0.0000,-0.6230,0.0031,-0.6684,0.028,581,0.0000,0.0000,0.0178,0,0,0.328
19.504,0,0,0,-0.6167,0.0000,-0.6301,-0.0120,3.3404,0.0000,0.0000,0.0000,-0.6372,-0.0271,2.3141,0.048,584,0.0000,0.0000,0.0180,0,0,0.369
19.603,0,0,0,-0.6167,0.0000,-0.6301,-0.0120,3.3160,0.0000,0.0000,0.0000,-0.6372,-0.0271,2.3132,0.026,588,0.0000,0.0000,0.0180,0,0,0.314
19.704,0,0,0,-0.6167,0.0000,-0.6301,-0.0120,3.3399,0.0000,0.0000,0.0000,-0.6372,-0.0271,2.3138,0.056,590,0.0000,0.0000,0.0180,0,0,0.333
19.803,0,0,0,-0.6167,0.0000,-0.6301,-0.0120,3.3117,0.0000,0.0000,0.0000,-0.6372,-0.0271,2.3141,0.015,594,0.0000,0.0000,0.0180,0,0,0.496
19.903,0,0,0,-0.6167,0.0000,-0.6301,-0.0120,3.3349,0.0000,0.0000,0.0000,-0.6372,-0.0271,2.3141,0.053,596,0.0000,0.0000,0.0180,0,0,0.324
20.003,0,0,0,-0.6167,0.0000,-0.6301,-0.0120,3.3025,0.0000,0.0000,0.0000,-0.6372,-0.0271,2.3142,0.018,600,0.0000,0.0000,0.0180,0,0,0.320
20.103,0,0,0,-0.6167,0.0000,-0.6301,-0.0120,3.3311,0.0000,0.0000,0.0000,-0.6371,-0.0271,2.3152,0.044,602,0.0000,0.0000,0.0180,0,0,0.324
20.203,0,0,0,-0.6167,0.0000,-0.6302,-0.0122,3.3431,0.0000,0.0000,0.0000,-0.6372,-0.0271,2.3147,0.018,605,0.0000,0.0000,0.0182,0,0,0.317
20.303,0,0,0,-0.6167,0.0000,-0.6301,-0.0120,3.3263,0.0000,0.0000,0.0000,-0.6230,0.0030,-0.6669,0.040,608,0.0000,0.0000,0.0180,0,0,0.332
20.403,0,0,0,-0.6167,0.0000,-0.6301,-0.0120,3.3006,0.0000,0.0000,0.0000,-0.6371,-0.0271,2.3149,0.024,612,0.0000,0.0000,0.0180,0,0,0.363
20.504,0,0,0,-0.6167,0.0000,-0.6301,-0.0120,3.3250,0.0000,0.0000,0.0000,-0.6371,-0.0271,2.3140,0.058,614,0.0000,0.0000,0.0180,0,0,0.335
20.603,0,0,0,-0.6167,0.0000,-0.6301,-0.0120,3.3000,0.0000,0.0000,0.0000,-0.6371,-0.0272,2.3158,0.025,618,0.0000,0.0000,0.0180,0,0,0.311
20.704,0,0,0,-0.6167,0.0000,-0.6301,-0.0120,3.3249,0.0000,0.0000,0.0000,-0.6371,-0.0271,2.3154,0.055,620,0.0000,0.0000,0.0180,0,0,0.346
20.806,0,0,0,-0.6167,0.0000,-0.6300,-0.0118,3.3078,0.0000,0.0000,0.0000,-0.6230,0.0030,-0.6666,0.034,623,0.0000,0.0000,0.0178,0,0,0.315
20.904,0,0,0,-0.6167,0.0000,-0.6301,-0.0120,3.3229,0.0000,0.0000,0.0000,-0.6371,-0.0271,2.3131,0.033,626,0.0000,0.0000,0.0180,0,0,0.341
21.002,0,0,0,-0.6167,0.0000,-0.6301,-0.0120,3.2999,0.0000,0.0000,0.0000,-0.6371,-0.0271,2.3132,0.018,630,0.0000,0.0000,0.0180,0,0,0.356
21.103,0,0,0,-0.6167,0.0000,-0.6301,-0.0120,3.3233,0.0000,0.0000,0.0000,-0.6371,-0.0271,2.3138,0.055,632,0.0000,0.0000,0.0180,0,0,0.321
21.202,0,0,0,-0.6167,0.0000,-0.6301,-0.0120,3.2971,0.0000,0.0000,0.0000,-0.6371,-0.0271,2.3148,0.022,636,0.0000,0.0000,0.0180,0,0,0.347
21.304,0,0,0,-0.6167,0.0000,-0.6301,-0.0120,3.3212,0.0000,0.0000,0.0000,-0.6371,-0.0271,2.3148,0.050,638,0.0000,0.0000,0.0180,0,0,0.317
21.403,0,0,0,-0.6167,0.0000,-0.6302,-0.0122,3.3352,0.0000,0.0000,0.0000,-0.6371,-0.0271,2.3143,0.019,641,0.0000,0.0000,0.0182,0,0,0.340
21.501,0,0,0,-0.6167,0.0000,-0.6301,-0.0120,3.3099,0.0000,0.0000,0.0000,-0.6229,0.0030,-0.6664,0.031,644,0.0000,0.0000,0.0180,0,0,0.327
21.603,0,0,0,-0.6167,0.0000,-0.6301,-0.0120,3.2923,0.0000,0.0000,0.0000,-0.6229,0.0030,-0.6651,0.016,648,0.0000,0.0000,0.0180,0,0,0.318
21.703,0,0,0,-0.6167,0.0000,-0.6301,-0.0120,3.3167,0.0000,0.0000,0.0000,-0.6371,-0.0271,2.3128,0.057,650,0.0000,0.0000,0.0180,0,0,0.372
21.802,0,0,0,-0.6167,0.0000,-0.6301,-0.0120,3.2901,0.0000,0.0000,0.0000,-0.6371,-0.0271,2.3127,0.023,654,0.0000,0.0000,0.0180,0,0,0.344
21.902,0,0,0,-0.6167,0.0000,-0.6301,-0.0120,3.3144,0.0000,0.0000,0.0000,-0.6371,-0.0271,2.3134,0.051,656,0.0000,0.0000,0.0180,0,0,0.328
22.003,0,0,0,-0.6167,0.0000,-0.6300,-0.0119,3.2984,0.0000,0.0000,0.0000,-0.6229,0.0030,-0.6669,0.034,659,0.0000,0.0000,0.0178,0,0,0.323
22.103,0,0,0,-0.6167,0.0000,-0.6301,-0.0121,3.3058,0.0000,0.0000,0.0000,-0.6371,-0.0271,2.3122,0.025,662,0.0000,0.0000,0.0180,0,0,0.367
22.203,0,0,0,-0.6167,0.0000,-0.6300,-0.0119,3.2981,0.0000,0.0000,0.0000,-0.6229,0.0029,-0.6628,0.031,665,0.0000,0.0000,0.0178,0,0,0.318
22.302,0,0,0,-0.6167,0.0000,-0.6301,-0.0121,3.3106,0.0000,0.0000,0.0000,-0.6371,-0.0271,2.3124,0.045,668,0.0000,0.0000,0.0180,0,0,0.333
22.406,0,0,0,-0.6167,0.0000,-0.6301,-0.0121,3.2861,0.0000,0.0000,0.0000,-0.6371,-0.0271,2.3123,0.027,672,0.0000,0.0000,0.0180,0,0,0.303
22.503,0,0,0,-0.6167,0.0000,-0.6301,-0.0121,3.3112,0.0000,0.0000,0.0000,-0.6371,-0.0271,2.3117,0.055,674,0.0000,0.0000,0.0180,0,0,0.309
22.602,0,0,0,-0.6167,0.0000,-0.6301,-0.0121,3.2867,0.0000,0.0000,0.0000,-0.6371,-0.0271,2.3130,0.023,678,0.0000,0.0000,0.0180,0,0,0.346
22.703,0,0,0,-0.6167,0.0000,-0.6300,-0.0121,3.3096,0.0000,0.0000,0.0000,-0.6228,0.0030,-0.6684,0.028,680,0.0000,0.0000,0.0180,0,0,0.356
22.803,0,0,0,-0.6167,0.0000,-0.6300,-0.0121,3.2848,0.0000,0.0000,0.0000,-0.6228,0.0030,-0.6644,0.017,684,0.0000,0.0000,0.0180,0,0,0.331
22.903,0,0,0,-0.6167,0.0000,-0.6300,-0.0121,3.3062,0.0000,0.0000,0.0000,-0.6228,0.0030,-0.6650,0.046,686,0.0000,0.0000,0.0180,0,0,0.332
23.003,0,0,0,-0.6167,0.0000,-0.6300,-0.0121,3.2850,0.0000,0.0000,0.0000,-0.6228,0.0030,-0.6661,0.008,690,0.0000,0.0000,0.0180,0,0,0.366
23.103,0,0,0,-0.6167,0.0000,-0.6300,-0.0121,3.3077,0.0000,0.0000,0.0000,-0.6371,-0.0271,2.3119,0.043,692,0.0000,0.0000,0.0180,0,0,0.306
23.203,0,0,0,-0.6167,0.0000,-0.6300,-0.0121,3.2825,0.0000,0.0000,0.0000,-0.6371,-0.0271,2.3117,0.020,696,0.0000,0.0000,0.0180,0,0,0.327
23.303,0,0,0,-0.6167,0.0000,-0.6300,-0.0121,3.3091,0.0000,0.0000,0.0000,-0.6228,0.0030,-0.6654,0.004,699,0.0000,0.0000,0.0180,0,0,0.346
23.403,0,0,0,-0.6167,0.0000,-0.6300,-0.0121,3.2847,0.0000,0.0000,0.0000,-0.6371,-0.0271,2.3128,0.017,702,0.0000,0.0000,0.0180,0,0,0.352
23.505,0,0,0,-0.6167,0.0000,-0.6300,-0.0121,3.3100,0.0000,0.0000,0.0000,-0.6228,0.0030,-0.6657,0.002,705,0.0000,0.0000,0.0180,0,0,0.362
23.603,0,0,0,-0.6167,0.0000,-0.6300,-0.0121,3.2923,0.0000,0.0000,0.0000,-0.6371,-0.0271,2.3125,0.006,708,0.0000,0.0000,0.0180,0,0,0.323
23.703,0,0,0,-0.6167,0.0000,-0.6300,-0.0121,3.3106,0.0000,0.0000,0.0000,-0.6371,-0.0271,2.3122,0.046,710,0.0000,0.0000,0.0180,0,0,0.313
23.802,0,0,0,-0.6167,0.0000,-0.6300,-0.0121,3.2800,0.0000,0.0000,0.0000,-0.6371,-0.0271,2.3115,0.024,714,0.0000,0.0000,0.0180,0,0,0.321
23.905,0,0,0,-0.6167,0.0000,-0.6300,-0.0121,3.3105,0.0000,0.0000,0.0000,-0.6371,-0.0271,2.3120,0.048,716,0.0000,0.0000,0.0180,0,0,0.310
24.002,0,0,0,-0.6167,0.0000,-0.6300,-0.0121,3.2851,0.0000,0.0000,0.0000,-0.6371,-0.0271,2.3123,0.019,720,0.0000,0.0000,0.0180,0,0,0.325
24.104,0,0,0,-0.6167,0.0000,-0.6300,-0.0121,3.3097,0.0000,0.0000,0.0000,-0.6228,0.0030,-0.6667,0.052,722,0.0000,0.0000,0.0180,0,0,0.304
24.203,0,0,0,-0.6167,0.0000,-0.6301,-0.0123,3.3229,0.0000,0.0000,0.0000,-0.6371,-0.0271,2.3111,0.020,725,0.0000,0.0000,0.0182,0,0,0.315
24.303,0,0,0,-0.6167,0.0000,-0.6300,-0.0121,3.3064,0.0000,0.0000,0.0000,-0.6228,0.0030,-0.6652,0.043,728,0.0000,0.0000,0.0180,0,0,0.323
24.403,0,0,0,-0.6167,0.0000,-0.6300,-0.0121,3.2822,0.0000,0.0000,0.0000,-0.6371,-0.0271,2.3123,0.027,732,0.0000,0.0000,0.0180,0,0,0.297
24.505,0,0,0,-0.6167,0.0000,-0.6300,-0.0121,3.3083,0.0000,0.0000,0.0000,-0.6371,-0.0271,2.3121,0.059,734,0.0000,0.0000,0.0180,0,0,0.311
24.603,0,0,0,-0.6167,0.0000,-0.6300,-0.0121,3.2818,0.0000,0.0000,0.0000,-0.6371,-0.0271,2.3127,0.023,738,0.0000,0.0000,0.0180,0,0,0.330
24.701,0,0,0,-0.6167,0.0000,-0.6300,-0.0121,3.3065,0.0000,0.0000,0.0000,-0.6227,0.0030,-0.6659,0.004,741,0.0000,0.0000,0.0180,0,0,0.336
24.801,0,0,0,-0.6167,0.0000,-0.6299,-0.0119,3.2928,0.0000,0.0000,0.0000,-0.6371,-0.0271,2.3120,0.003,744,0.0000,0.0000,0.0178,0,0,0.361
24.903,0,0,0,-0.6167,0.0000,-0.6300,-0.0121,3.3102,0.0000,0.0000,0.0000,-0.6371,-0.0271,2.3118,0.019,746,0.0000,0.0000,0.0180,0,0,0.324
25.003,0,0,0,-0.6167,0.0000,-0.6300,-0.0121,3.2843,0.0000,0.0000,0.0000,-0.6371,-0.0271,2.3124,0.015,750,0.0000,0.0000,0.0180,0,0,0.335
25.104,0,0,0,-0.6167,0.0000,-0.6300,-0.0121,3.3088,0.0000,0.0000,0.0000,-0.6371,-0.0271,2.3124,0.058,752,0.0000,0.0000,0.0180,0,0,0.337
25.203,0,0,0,-0.6167,0.0000,-0.6300,-0.0121,3.2835,0.0000,0.0000,0.0000,-0.6371,-0.0271,2.3113,0.018,756,0.0000,0.0000,0.0180,0,0,0.340
25.302,0,0,0,-0.6167,0.0000,-0.6300,-0.0121,3.3062,0.0000,0.0000,0.0000,-0.6371,-0.0271,2.3119,0.053,758,0.0000,0.0000,0.0180,0,0,0.309
25.405,0,0,0,-0.6167,0.0000,-0.6301,-0.0123,3.3210,0.0000,0.0000,0.0000,-0.6370,-0.0271,2.3117,0.026,761,0.0000,0.0000,0.0182,0,0,0.319
25.502,0,0,0,-0.6167,0.0000,-0.6300,-0.0121,3.3047,0.0000,0.0000,0.0000,-0.6227,0.0029,-0.6628,0.044,764,0.0000,0.0000,0.0180,0,0,0.323
25.603,0,0,0,-0.6167,0.0000,-0.6300,-0.0121,3.2794,0.0000,0.0000,0.0000,-0.6227,0.0029,-0.6640,0.018,768,0.0000,0.0000,0.0180,0,0,0.355
25.703,0,0,0,-0.6167,0.0000,-0.6300,-0.0121,3.3039,0.0000,0.0000,0.0000,-0.6227,0.0029,-0.6636,0.045,770,0.0000,0.0000,0.0180,0,0,0.349
25.803,0,0,0,-0.6167,0.0000,-0.6300,-0.0121,3.2797,0.0000,0.0000,0.0000,-0.6370,-0.0271,2.3112,0.020,774,0.0000,0.0000,0.0180,0,0,0.321
25.903,0,0,0,-0.6167,0.0000,-0.6300,-0.0121,3.2974,0.0000,0.0000,0.0000,-0.6370,-0.0272,2.3129,0.053,776,0.0000,0.0000,0.0180,0,0,0.350
26.003,0,0,0,-0.6167,0.0000,-0.6299,-0.0121,3.2816,0.0000,0.0000,0.0000,-0.6370,-0.0272,2.3131,0.025,780,0.0000,0.0000,0.0180,0,0,0.350
26.102,0,0,0,-0.6167,0.0000,-0.6299,-0.0121,3.3074,0.0000,0.0000,0.0000,-0.6370,-0.0272,2.3122,0.023,782,0.0000,0.0000,0.0180,0,0,0.367
26.204,0,0,0,-0.6167,0.0000,-0.6299,-0.0119,3.2938,0.0000,0.0000,0.0000,-0.6370,-0.0271,2.3119,0.002,786,0.0000,0.0000,0.0178,0,0,0.315
26.304,0,0,0,-0.6167,0.0000,-0.6299,-0.0121,3.3079,0.0000,0.0000,0.0000,-0.6370,-0.0271,2.3108,0.048,788,0.0000,0.0000,0.0180,0,0,0.318
26.403,0,0,0,-0.6167,0.0000,-0.6299,-0.0121,3.2835,0.0000,0.0000,0.0000,-0.6370,-0.0271,2.3108,0.019,792,0.0000,0.0000,0.0180,0,0,0.328
26.504,0,0,0,-0.6167,0.0000,-0.6299,-0.0121,3.3098,0.0000,0.0000,0.0000,-0.6370,-0.0271,2.3109,0.052,794,0.0000,0.0000,0.0180,0,0,0.358
26.602,0,0,0,-0.6167,0.0000,-0.6299,-0.0121,3.2869,0.0000,0.0000,0.0000,-0.6370,-0.0271,2.3098,0.025,798,0.0000,0.0000,0.0180,0,0,0.339
26.704,0,0,0,-0.6167,0.0000,-0.6299,-0.0121,3.3110,0.0000,0.0000,0.0000,-0.6370,-0.0271,2.3096,0.056,800,0.0000,0.0000,0.0180,0,0,0.349
26.802,0,0,0,-0.6167,0.0000,-0.6299,-0.0121,3.2867,0.0000,0.0000,0.0000,-0.6370,-0.0271,2.3105,0.016,804,0.0000,0.0000,0.0180,0,0,0.285
26.903,0,0,0,-0.6167,0.0000,-0.6299,-0.0121,3.3110,0.0000,0.0000,0.0000,-0.6370,-0.0271,2.3106,0.041,806,0.0000,0.0000,0.0180,0,0,0.368
27.004,0,0,0,-0.6167,0.0000,-0.6300,-0.0123,3.3253,0.0000,0.0000,0.0000,-0.6370,-0.0271,2.3100,0.027,809,0.0000,0.0000,0.0182,0,0,0.355
27.102,0,0,0,-0.6167,0.0000,-0.6299,-0.0121,3.3107,0.0000,0.0000,0.0000,-0.6227,0.0029,-0.6621,0.044,812,0.0000,0.0000,0.0179,0,0,0.344
27.204,0,0,0,-0.6167,0.0000,-0.6299,-0.0121,3.2865,0.0000,0.0000,0.0000,-0.6370,-0.0271,2.3105,0.025,816,0.0000,0.0000,0.0179,0,0,0.354
27.303,0,0,0,-0.6167,0.0000,-0.6299,-0.0121,3.3133,0.0000,0.0000,0.0000,-0.6370,-0.0271,2.3109,0.060,818,0.0000,0.0000,0.0179,0,0,0.319
27.402,0,0,0,-0.6167,0.0000,-0.6299,-0.0121,3.2876,0.0000,0.0000,0.0000,-0.6370,-0.0271,2.3100,0.024,822,0.0000,0.0000,0.0179,0,0,0.316
27.503,0,0,0,-0.6167,0.0000,-0.6299,-0.0121,3.3120,0.0000,0.0000,0.0000,-0.6370,-0.0271,2.3099,0.048,824,0.0000,0.0000,0.0179,0,0,0.330
27.602,0,0,0,-0.6167,0.0000,-0.6298,-0.0119,3.2973,0.0000,0.0000,0.0000,-0.6226,0.0029,-0.6627,0.031,827,0.0000,0.0000,0.0177,0,0,0.361
27.704,0,0,0,-0.6167,0.0000,-0.6299,-0.0121,3.3124,0.0000,0.0000,0.0000,-0.6370,-0.0271,2.3103,0.033,830,0.0000,0.0000,0.0179,0,0,0.331
27.802,0,0,0,-0.6167,0.0000,-0.6299,-0.0121,3.2872,0.0000,0.0000,0.0000,-0.6370,-0.0272,2.3108,0.026,834,0.0000,0.0000,0.0179,0,0,0.319
27.903,0,0,0,-0.6167,0.0000,-0.6299,-0.0121,3.3030,0.0000,0.0000,0.0000,-0.6226,0.0029,-0.6614,0.002,837,0.0000,0.0000,0.0179,0,0,0.318
28.002,0,0,0,-0.6167,0.0000,-0.6299,-0.0121,3.2876,0.0000,0.0000,0.0000,-0.6370,-0.0272,2.3109,0.024,840,0.0000,0.0000,0.0179,0,0,0.326
28.103,0,0,0,-0.6167,0.0000,-0.6299,-0.0121,3.3110,0.0000,0.0000,0.0000,-0.6370,-0.0271,2.3099,0.053,842,0.0000,0.0000,0.0179,0,0,0.359
28.202,0,0,0,-0.6167,0.0000,-0.6300,-0.0123,3.3176,0.0000,0.0000,0.0000,-0.6226,0.0029,-0.6636,0.002,846,0.0000,0.0000,0.0181,0,0,0.312
28.303,0,0,0,-0.6167,0.0000,-0.6299,-0.0121,3.3029,0.0000,0.0000,0.0000,-0.6226,0.0029,-0.6623,0.045,848,0.0000,0.0000,0.0179,0,0,0.302
28.404,0,0,0,-0.6167,0.0000,-0.6299,-0.0121,3.2800,0.0000,0.0000,0.0000,-0.6226,0.0029,-0.6633,0.017,852,0.0000,0.0000,0.0179,0,0,0.326
28.503,0,0,0,-0.6167,0.0000,-0.6299,-0.0121,3.3045,0.0000,0.0000,0.0000,-0.6370,-0.0272,2.3104,0.053,854,0.0000,0.0000,0.0179,0,0,0.303
28.603,0,0,0,-0.6167,0.0000,-0.6299,-0.0121,3.2820,0.0000,0.0000,0.0000,-0.6370,-0.0271,2.3101,0.024,858,0.0000,0.0000,0.0179,0,0,0.316
28.703,0,0,0,-0.6167,0.0000,-0.6299,-0.0121,3.3079,0.0000,0.0000,0.0000,-0.6370,-0.0271,2.3082,0.056,860,0.0000,0.0000,0.0179,0,0,0.320
28.804,0,0,0,-0.6167,0.0000,-0.6298,-0.0119,3.2924,0.0000,0.0000,0.0000,-0.6226,0.0029,-0.6622,0.033,863,0.0000,0.0000,0.0177,0,0,0.302
28.904,0,0,0,-0.6167,0.0000,-0.6299,-0.0121,3.3077,0.0000,0.0000,0.0000,-0.6370,-0.0271,2.3096,0.029,866,0.0000,0.0000,0.0179,0,0,0.349
29.002,0,0,0,-0.6167,0.0000,-0.6299,-0.0121,3.2819,0.0000,0.0000,0.0000,-0.6370,-0.0271,2.3088,0.016,870,0.0000,0.0000,0.0179,0,0,0.352
29.104,0,0,0,-0.6167,0.0000,-0.6299,-0.0121,3.3064,0.0000,0.0000,0.0000,-0.6370,-0.0271,2.3083,0.053,872,0.0000,0.0000,0.0179,0,0,0.354
29.203,0,0,0,-0.6167,0.0000,-0.6299,-0.0121,3.2805,0.0000,0.0000,0.0000,-0.6370,-0.0271,2.3080,0.016,876,0.0000,0.0000,0.0179,0,0,0.321
29.304,0,0,0,-0.6167,0.0000,-0.6299,-0.0121,3.3089,0.0000,0.0000,0.0000,-0.6370,-0.0271,2.3083,0.055,878,0.0000,0.0000,0.0179,0,0,0.322
29.403,0,0,0,-0.6167,0.0000,-0.6299,-0.0121,3.2815,0.0000,0.0000,0.0000,-0.6370,-0.0271,2.3090,0.027,882,0.0000,0.0000,0.0179,0,0,0.353
29.502,0,0,0,-0.6167,0.0000,-0.6298,-0.0121,3.3066,0.0000,0.0000,0.0000,-0.6226,0.0029,-0.6616,0.037,884,0.0000,0.0000,0.0179,0,0,0.304
29.603,0,0,0,-0.6167,0.0000,-0.6298,-0.0121,3.2826,0.0000,0.0000,0.0000,-0.6226,0.0029,-0.6609,0.014,888,0.0000,0.0000,0.0179,0,0,0.313
29.703,0,0,0,-0.6167,0.0000,-0.6298,-0.0121,3.3084,0.0000,0.0000,0.0000,-0.6226,0.0029,-0.6614,0.043,890,0.0000,0.0000,0.0179,0,0,0.320
29.803,0,0,0,-0.6167,0.0000,-0.6298,-0.0121,3.2840,0.0000,0.0000,0.0000,-0.6226,0.0029,-0.6606,0.010,894,0.0000,0.0000,0.0179,0,0,0.309
29.904,0,0,0,-0.6167,0.0000,-0.6298,-0.0121,3.3083,0.0000,0.0000,0.0000,-0.6370,-0.0271,2.3087,0.058,896,0.0000,0.0000,0.0179,0,0,0.356
30.002,0,0,0,-0.6167,0.0000,-0.6298,-0.0121,3.2859,0.0000,0.0000,0.0000,-0.6370,-0.0271,2.3084,0.023,900,0.0000,0.0000,0.0179,0,0,0.372
30.104,0,0,0,-0.6167,0.0000,-0.6298,-0.0121,3.3117,0.0000,0.0000,0.0000,-0.6370,-0.0271,2.3080,0.054,902,0.0000,0.0000,0.0179,0,0,0.323
30.203,0,0,0,-0.6167,0.0000,-0.6297,-0.0119,3.2978,0.0000,0.0000,0.0000,-0.6225,0.0029,-0.6624,0.028,905,0.0000,0.0000,0.0177,0,0,0.326
30.302,0,0,0,-0.6167,0.0000,-0.6298,-0.0121,3.3055,0.0000,0.0000,0.0000,-0.6225,0.0029,-0.6652,0.002,909,0.0000,0.0000,0.0179,0,0,0.315
30.404,0,0,0,-0.6167,0.0000,-0.6297,-0.0119,3.3014,0.0000,0.0000,0.0000,-0.6225,0.0029,-0.6604,0.034,911,0.0000,0.0000,0.0177,0,0,0.321
30.502,0,0,0,-0.6167,0.0000,-0.6298,-0.0121,3.3160,0.0000,0.0000,0.0000,-0.6370,-0.0272,2.3095,0.043,914,0.0000,0.0000,0.0179,0,0,0.330
30.602,0,0,0,-0.6167,0.0000,-0.6298,-0.0121,3.2907,0.0000,0.0000,0.0000,-0.6370,-0.0272,2.3091,0.025,918,0.0000,0.0000,0.0179,0,0,0.330
30.703,0,0,0,-0.6167,0.0000,-0.6298,-0.0121,3.3164,0.0000,0.0000,0.0000,-0.6225,0.0029,-0.6623,0.002,921,0.0000,0.0000,0.0179,0,0,0.336
30.802,0,0,0,-0.6167,0.0000,-0.6298,-0.0121,3.2911,0.0000,0.0000,0.0000,-0.6370,-0.0272,2.3083,0.020,924,0.0000,0.0000,0.0179,0,0,0.305
30.902,0,0,0,-0.6167,0.0000,-0.6298,-0.0121,3.3079,0.0000,0.0000,0.0000,-0.6370,-0.0272,2.3085,0.045,926,0.0000,0.0000,0.0179,0,0,0.319
31.002,0,0,0,-0.6167,0.0000,-0.6299,-0.0123,3.3231,0.0000,0.0000,0.0000,-0.6370,-0.0271,2.3078,0.024,929,0.0000,0.0000,0.0181,0,0,0.323
31.102,0,0,0,-0.6167,0.0000,-0.6298,-0.0121,3.3163,0.0000,0.0000,0.0000,-0.6225,0.0029,-0.6604,0.043,932,0.0000,0.0000,0.0179,0,0,0.349
31.202,0,0,0,-0.6167,0.0000,-0.6298,-0.0121,3.2929,0.0000,0.0000,0.0000,-0.6369,-0.0272,2.3092,0.021,936,0.0000,0.0000,0.0179,0,0,0.355
31.303,0,0,0,-0.6167,0.0000,-0.6298,-0.0121,3.3173,0.0000,0.0000,0.0000,-0.6369,-0.0272,2.3085,0.056,938,0.0000,0.0000,0.0179,0,0,0.331
31.402,0,0,0,-0.6167,0.0000,-0.6298,-0.0121,3.2882,0.0000,0.0000,0.0000,-0.6370,-0.0271,2.3068,0.024,942,0.0000,0.0000,0.0179,0,0,0.296
31.504,0,0,0,-0.6167,0.0000,-0.6298,-0.0121,3.3215,0.0000,0.0000,0.0000,-0.6370,-0.0271,2.3072,0.058,944,0.0000,0.0000,0.0179,0,0,0.332
31.603,0,0,0,-0.6167,0.0000,-0.6297,-0.0119,3.3066,0.0000,0.0000,0.0000,-0.6224,0.0029,-0.6631,0.028,947,0.0000,0.0000,0.0177,0,0,0.320
31.702,0,0,0,-0.6167,0.0000,-0.6298,-0.0122,3.3133,0.0000,0.0000,0.0000,-0.6370,-0.0271,2.3069,0.019,950,0.0000,0.0000,0.0179,0,0,0.335
31.802,0,0,0,-0.6167,0.0000,-0.6298,-0.0122,3.2917,0.0000,0.0000,0.0000,-0.6369,-0.0272,2.3091,0.014,954,0.0000,0.0000,0.0179,0,0,0.336
31.903,0,0,0,-0.6167,0.0000,-0.6298,-0.0122,3.3192,0.0000,0.0000,0.0000,-0.6369,-0.0272,2.3091,0.056,956,0.0000,0.0000,0.0179,0,0,0.349
32.003,0,0,0,-0.6167,0.0000,-0.6298,-0.0122,3.2873,0.0000,0.0000,0.0000,-0.6369,-0.0271,2.3069,0.020,960,0.0000,0.0000,0.0179,0,0,0.336
32.103,0,0,0,-0.6167,0.0000,-0.6298,-0.0122,3.3198,0.0000,0.0000,0.0000,-0.6369,-0.0272,2.3081,0.055,962,0.0000,0.0000,0.0179,0,0,0.329
32.204,0,0,0,-0.6167,0.0000,-0.6299,-0.0124,3.3259,0.0000,0.0000,0.0000,-0.6224,0.0029,-0.6622,0.002,966,0.0000,0.0000,0.0181,0,0,0.334
32.302,0,0,0,-0.6167,0.0000,-0.6298,-0.0122,3.3199,0.0000,0.0000,0.0000,-0.6224,0.0028,-0.6605,0.041,968,0.0000,0.0000,0.0179,0,0,0.321
32.402,0,0,0,-0.6167,0.0000,-0.6298,-0.0122,3.2946,0.0000,0.0000,0.0000,-0.6369,-0.0272,2.3077,0.017,972,0.0000,0.0000,0.0179,0,0,0.329
32.501,0,0,0,-0.6167,0.0000,-0.6298,-0.0122,3.3170,0.0000,0.0000,0.0000,-0.6224,0.0028,-0.6604,0.047,974,0.0000,0.0000,0.0179,0,0,0.342
32.602,0,0,0,-0.6167,0.0000,-0.6298,-0.0122,3.2818,0.0000,0.0000,0.0000,-0.6369,-0.0271,2.3056,0.023,978,0.0000,0.0000,0.0179,0,0,0.319
32.703,0,0,0,-0.6167,0.0000,-0.6298,-0.0122,3.3163,0.0000,0.0000,0.0000,-0.6369,-0.0271,2.3061,0.058,980,0.0000,0.0000,0.0179,0,0,0.331
32.802,0,0,0,-0.6167,0.0000,-0.6297,-0.0122,3.2929,0.0000,0.0000,0.0000,-0.6369,-0.0272,2.3076,0.021,984,0.0000,0.0000,0.0179,0,0,0.364
32.901,0,0,0,-0.6167,0.0000,-0.6297,-0.0122,3.3176,0.0000,0.0000,0.0000,-0.6369,-0.0272,2.3094,0.025,986,0.0000,0.0000,0.0179,0,0,0.352
33.001,0,0,0,-0.6167,0.0000,-0.6297,-0.0120,3.2933,0.0000,0.0000,0.0000,-0.6369,-0.0272,2.3098,0.003,990,0.0000,0.0000,0.0177,0,0,0.334
33.102,0,0,0,-0.6167,0.0000,-0.6297,-0.0122,3.3011,0.0000,0.0000,0.0000,-0.6224,0.0028,-0.6582,0.003,993,0.0000,0.0000,0.0179,0,0,0.365
33.202,0,0,0,-0.6167,0.0000,-0.6297,-0.0122,3.2766,0.0000,0.0000,0.0000,-0.6369,-0.0272,2.3082,0.020,996,0.0000,0.0000,0.0179,0,0,0.301
33.302,0,0,0,-0.6167,0.0000,-0.6297,-0.0122,3.3096,0.0000,0.0000,0.0000,-0.6369,-0.0272,2.3080,0.052,998,0.0000,0.0000,0.0179,0,0,0.349
33.402,0,0,0,-0.6167,0.0000,-0.6297,-0.0122,3.2790,0.0000,0.0000,0.0000,-0.6369,-0.0272,2.3080,0.016,1002,0.0000,0.0000,0.0179,0,0,0.363
33.503,0,0,0,-0.6167,0.0000,-0.6297,-0.0122,3.3110,0.0000,0.0000,0.0000,-0.6369,-0.0272,2.3076,0.058,1004,0.0000,0.0000,0.0179,0,0,0.349
33.602,0,0,0,-0.6167,0.0000,-0.6297,-0.0122,3.2869,0.0000,0.0000,0.0000,-0.6369,-0.0272,2.3063,0.017,1008,0.0000,0.0000,0.0179,0,0,0.335
33.702,0,0,0,-0.6167,0.0000,-0.6297,-0.0122,3.3109,0.0000,0.0000,0.0000,-0.6224,0.0028,-0.6587,0.052,1010,0.0000,0.0000,0.0179,0,0,0.293
33.804,0,0,0,-0.6167,0.0000,-0.6298,-0.0124,3.3192,0.0000,0.0000,0.0000,-0.6369,-0.0272,2.3077,0.029,1013,0.0000,0.0000,0.0181,0,0,0.359
33.902,0,0,0,-0.6167,0.0000,-0.6297,-0.0122,3.3049,0.0000,0.0000,0.0000,-0.6223,0.0028,-0.6594,0.039,1016,0.0000,0.0000,0.0178,0,0,0.337
34.002,0,0,0,-0.6167,0.0000,-0.6297,-0.0122,3.2805,0.0000,0.0000,0.0000,-0.6369,-0.0272,2.3074,0.025,1020,0.0000,0.0000,0.0178,0,0,0.312
34.106,0,0,0,-0.6167,0.0000,-0.6297,-0.0122,3.3196,0.0000,0.0000,0.0000,-0.6369,-0.0272,2.3063,0.057,1022,0.0000,0.0000,0.0178,0,0,0.334
34.202,0,0,0,-0.6167,0.0000,-0.6297,-0.0122,3.2867,0.0000,0.0000,0.0000,-0.6369,-0.0272,2.3069,0.022,1026,0.0000,0.0000,0.0178,0,0,0.306
34.301,0,0,0,-0.6167,0.0000,-0.6297,-0.0122,3.3102,0.0000,0.0000,0.0000,-0.6223,0.0028,-0.6586,0.003,1029,0.0000,0.0000,0.0178,0,0,0.308
34.403,0,0,0,-0.6167,0.0000,-0.6296,-0.0120,3.2943,0.0000,0.0000,0.0000,-0.6223,0.0028,-0.6576,0.032,1031,0.0000,0.0000,0.0176,0,0,0.316
34.502,0,0,0,-0.6167,0.0000,-0.6297,-0.0122,3.3081,0.0000,0.0000,0.0000,-0.6369,-0.0272,2.3083,0.024,1034,0.0000,0.0000,0.0178,0,0,0.333
34.603,0,0,0,-0.6167,0.0000,-0.6297,-0.0122,3.2809,0.0000,0.0000,0.0000,-0.6369,-0.0272,2.3062,0.015,1038,0.0000,0.0000,0.0178,0,0,0.340
34.703,0,0,0,-0.6167,0.0000,-0.6297,-0.0122,3.3100,0.0000,0.0000,0.0000,-0.6369,-0.0272,2.3065,0.058,1040,0.0000,0.0000,0.0178,0,0,0.340
34.802,0,0,0,-0.6167,0.0000,-0.6297,-0.0122,3.2869,0.0000,0.0000,0.0000,-0.6369,-0.0272,2.3074,0.024,1044,0.0000,0.0000,0.0178,0,0,0.341
34.903,0,0,0,-0.6167,0.0000,-0.6297,-0.0122,3.3110,0.0000,0.0000,0.0000,-0.6369,-0.0272,2.3065,0.043,1046,0.0000,0.0000,0.0178,0,0,0.314
35.003,0,0,0,-0.6167,0.0000,-0.6298,-0.0124,3.3262,0.0000,0.0000,0.0000,-0.6223,0.0028,-0.6575,0.002,1050,0.0000,0.0000,0.0180,0,0,0.309
35.102,0,0,0,-0.6167,0.0000,-0.6297,-0.0122,3.3114,0.0000,0.0000,0.0000,-0.6223,0.0028,-0.6574,0.039,1052,0.0000,0.0000,0.0178,0,0,0.308
35.202,0,0,0,-0.6167,0.0000,-0.6297,-0.0122,3.2829,0.0000,0.0000,0.0000,-0.6369,-0.0272,2.3064,0.016,1056,0.0000,0.0000,0.0178,0,0,0.328
35.302,0,0,0,-0.6167,0.0000,-0.6297,-0.0122,3.3111,0.0000,0.0000,0.0000,-0.6369,-0.0272,2.3065,0.055,1058,0.0000,0.0000,0.0178,0,0,0.307
35.403,0,0,0,-0.6167,0.0000,-0.6297,-0.0122,3.2776,0.0000,0.0000,0.0000,-0.6369,-0.0272,2.3061,0.025,1062,0.0000,0.0000,0.0178,0,0,0.323
35.502,0,0,0,-0.6167,0.0000,-0.6297,-0.0122,3.3028,0.0000,0.0000,0.0000,-0.6369,-0.0272,2.3062,0.056,1064,0.0000,0.0000,0.0178,0,0,0.316
35.601,0,0,0,-0.6167,0.0000,-0.6296,-0.0120,3.2963,0.0000,0.0000,0.0000,-0.6369,-0.0272,2.3065,0.003,1068,0.0000,0.0000,0.0176,0,0,0.351
35.703,0,0,0,-0.6167,0.0000,-0.6297,-0.0122,3.3032,0.0000,0.0000,0.0000,-0.6369,-0.0272,2.3070,0.038,1070,0.0000,0.0000,0.0178,0,0,0.340
35.802,0,0,0,-0.6167,0.0000,-0.6297,-0.0122,3.2873,0.0000,0.0000,0.0000,-0.6369,-0.0272,2.3052,0.016,1074,0.0000,0.0000,0.0178,0,0,0.299
35.903,0,0,0,-0.6167,0.0000,-0.6297,-0.0122,3.3139,0.0000,0.0000,0.0000,-0.6369,-0.0272,2.3055,0.042,1076,0.0000,0.0000,0.0178,0,0,0.323
36.001,0,0,0,-0.6167,0.0000,-0.6297,-0.0122,3.2910,0.0000,0.0000,0.0000,-0.6369,-0.0272,2.3060,0.017,1080,0.0000,0.0000,0.0178,0,0,0.339
36.102,0,0,0,-0.6167,0.0000,-0.6297,-0.0122,3.3153,0.0000,0.0000,0.0000,-0.6223,0.0028,-0.6595,0.003,1083,0.0000,0.0000,0.0178,0,0,0.321
36.202,0,0,0,-0.6167,0.0000,-0.6297,-0.0122,3.2912,0.0000,0.0000,0.0000,-0.6369,-0.0272,2.3052,0.021,1086,0.0000,0.0000,0.0178,0,0,0.349
36.302,0,0,0,-0.6167,0.0000,-0.6297,-0.0122,3.3013,0.0000,0.0000,0.0000,-0.6223,0.0028,-0.6588,0.042,1088,0.0000,0.0000,0.0178,0,0,0.321
36.402,0,0,0,-0.6167,0.0000,-0.6297,-0.0122,3.2799,0.0000,0.0000,0.0000,-0.6369,-0.0272,2.3051,0.016,1092,0.0000,0.0000,0.0178,0,0,0.323
36.503,0,0,0,-0.6167,0.0000,-0.6296,-0.0122,3.3004,0.0000,0.0000,0.0000,-0.6369,-0.0272,2.3058,0.045,1094,0.0000,0.0000,0.0178,0,0,0.320
36.602,0,0,0,-0.6167,0.0000,-0.6296,-0.0122,3.2858,0.0000,0.0000,0.0000,-0.6223,0.0028,-0.6580,0.016,1098,0.0000,0.0000,0.0178,0,0,0.341
36.705,0,0,0,-0.6167,0.0000,-0.6296,-0.0122,3.3109,0.0000,0.0000,0.0000,-0.6222,0.0028,-0.6596,0.002,1101,0.0000,0.0000,0.0178,0,0,0.320
36.802,0,0,0,-0.6167,0.0000,-0.6296,-0.0122,3.2797,0.0000,0.0000,0.0000,-0.6369,-0.0272,2.3059,0.025,1104,0.0000,0.0000,0.0178,0,0,0.313
36.903,0,0,0,-0.6167,0.0000,-0.6296,-0.0122,3.3059,0.0000,0.0000,0.0000,-0.6369,-0.0272,2.3056,0.057,1106,0.0000,0.0000,0.0178,0,0,0.316
37.002,0,0,0,-0.6167,0.0000,-0.6296,-0.0122,3.2810,0.0000,0.0000,0.0000,-0.6369,-0.0272,2.3053,0.017,1110,0.0000,0.0000,0.0178,0,0,0.344
37.102,0,0,0,-0.6167,0.0000,-0.6296,-0.0122,3.3126,0.0000,0.0000,0.0000,-0.6369,-0.0272,2.3063,0.050,1112,0.0000,0.0000,0.0178,0,0,0.324
37.202,0,0,0,-0.6167,0.0000,-0.6295,-0.0120,3.2997,0.0000,0.0000,0.0000,-0.6222,0.0028,-0.6586,0.030,1115,0.0000,0.0000,0.0176,0,0,0.314
37.302,0,0,0,-0.6167,0.0000,-0.6296,-0.0122,3.3140,0.0000,0.0000,0.0000,-0.6222,0.0028,-0.6588,0.002,1119,0.0000,0.0000,0.0178,0,0,0.343
37.402,0,0,0,-0.6167,0.0000,-0.6296,-0.0122,3.2909,0.0000,0.0000,0.0000,-0.6369,-0.0272,2.3040,0.025,1122,0.0000,0.0000,0.0178,0,0,0.317
37.503,0,0,0,-0.6167,0.0000,-0.6296,-0.0122,3.3092,0.0000,0.0000,0.0000,-0.6369,-0.0272,2.3044,0.059,1124,0.0000,0.0000,0.0178,0,0,0.307
37.604,0,0,0,-0.6167,0.0000,-0.6296,-0.0122,3.2927,0.0000,0.0000,0.0000,-0.6369,-0.0272,2.3043,0.021,1128,0.0000,0.0000,0.0178,0,0,0.292
37.703,0,0,0,-0.6167,0.0000,-0.6296,-0.0122,3.3111,0.0000,0.0000,0.0000,-0.6222,0.0028,-0.6568,0.054,1130,0.0000,0.0000,0.0178,0,0,0.328
37.805,0,0,0,-0.6167,0.0000,-0.6297,-0.0124,3.3329,0.0000,0.0000,0.0000,-0.6369,-0.0272,2.3037,0.029,1133,0.0000,0.0000,0.0180,0,0,0.313
37.902,0,0,0,-0.6167,0.0000,-0.6296,-0.0122,3.3096,0.0000,0.0000,0.0000,-0.6222,0.0028,-0.6571,0.040,1136,0.0000,0.0000,0.0178,0,0,0.314
38.001,0,0,0,-0.6167,0.0000,-0.6296,-0.0122,3.2845,0.0000,0.0000,0.0000,-0.6369,-0.0272,2.3049,0.024,1140,0.0000,0.0000,0.0178,0,0,0.321
38.103,0,0,0,-0.6167,0.0000,-0.6296,-0.0122,3.3156,0.0000,0.0000,0.0000,-0.6368,-0.0272,2.3059,0.057,1142,0.0000,0.0000,0.0178,0,0,0.339
38.202,0,0,0,-0.6167,0.0000,-0.6296,-0.0122,3.2744,0.0000,0.0000,0.0000,-0.6368,-0.0272,2.3042,0.024,1146,0.0000,0.0000,0.0178,0,0,0.321
38.301,0,0,0,-0.6167,0.0000,-0.6296,-0.0122,3.2993,0.0000,0.0000,0.0000,-0.6222,0.0028,-0.6561,0.003,1149,0.0000,0.0000,0.0178,0,0,0.346
38.401,0,0,0,-0.6167,0.0000,-0.6295,-0.0120,3.2844,0.0000,0.0000,0.0000,-0.6222,0.0028,-0.6566,0.034,1151,0.0000,0.0000,0.0176,0,0,0.329
38.502,0,0,0,-0.6167,0.0000,-0.6296,-0.0122,3.2994,0.0000,0.0000,0.0000,-0.6368,-0.0272,2.3038,0.023,1154,0.0000,0.0000,0.0178,0,0,0.303
38.604,0,0,0,-0.6167,0.0000,-0.6295,-0.0120,3.2986,0.0000,0.0000,0.0000,-0.6222,0.0028,-0.6587,0.037,1157,0.0000,0.0000,0.0176,0,0,0.296
38.702,0,0,0,-0.6167,0.0000,-0.6296,-0.0122,3.3053,0.0000,0.0000,0.0000,-0.6368,-0.0272,2.3044,0.041,1160,0.0000,0.0000,0.0178,0,0,0.309
38.803,0,0,0,-0.6167,0.0000,-0.6296,-0.0122,3.2812,0.0000,0.0000,0.0000,-0.6368,-0.0272,2.3037,0.025,1164,0.0000,0.0000,0.0178,0,0,0.319
38.902,0,0,0,-0.6167,0.0000,-0.6296,-0.0122,3.3061,0.0000,0.0000,0.0000,-0.6368,-0.0272,2.3051,0.056,1166,0.0000,0.0000,0.0178,0,0,0.327
39.001,0,0,0,-0.6167,0.0000,-0.6296,-0.0122,3.2772,0.0000,0.0000,0.0000,-0.6222,0.0028,-0.6559,0.016,1170,0.0000,0.0000,0.0178,0,0,0.312
39.101,0,0,0,-0.6167,0.0000,-0.6296,-0.0122,3.3051,0.0000,0.0000,0.0000,-0.6222,0.0028,-0.6554,0.040,1172,0.0000,0.0000,0.0178,0,0,0.336
39.202,0,0,0,-0.6167,0.0000,-0.6296,-0.0122,3.2777,0.0000,0.0000,0.0000,-0.6368,-0.0272,2.3036,0.016,1176,0.0000,0.0000,0.0178,0,0,0.313
39.302,0,0,0,-0.6167,0.0000,-0.6296,-0.0122,3.3024,0.0000,0.0000,0.0000,-0.6222,0.0028,-0.6572,0.039,1178,0.0000,0.0000,0.0178,0,0,0.353
39.401,0,0,0,-0.6167,0.0000,-0.6296,-0.0122,3.2688,0.0000,0.0000,0.0000,-0.6368,-0.0272,2.3048,0.025,1182,0.0000,0.0000,0.0178,0,0,0.321
39.506,0,0,0,-0.6167,0.0000,-0.6296,-0.0122,3.3029,0.0000,0.0000,0.0000,-0.6368,-0.0272,2.3047,0.060,1184,0.0000,0.0000,0.0178,0,0,0.324
39.602,0,0,0,-0.6167,0.0000,-0.6296,-0.0122,3.2708,0.0000,0.0000,0.0000,-0.6368,-0.0272,2.3041,0.025,1188,0.0000,0.0000,0.0178,0,0,0.340
39.702,0,0,0,-0.6167,0.0000,-0.6296,-0.0122,3.2957,0.0000,0.0000,0.0000,-0.6222,0.0028,-0.6564,0.002,1191,0.0000,0.0000,0.0178,0,0,0.364
39.803,0,0,0,-0.6167,0.0000,-0.6296,-0.0122,3.2645,0.0000,0.0000,0.0000,-0.6368,-0.0272,2.3030,0.019,1194,0.0000,0.0000,0.0178,0,0,0.312
39.903,0,0,0,-0.6167,0.0000,-0.6296,-0.0122,3.2970,0.0000,0.0000,0.0000,-0.6368,-0.0272,2.3025,0.051,1196,0.0000,0.0000,0.0178,0,0,0.321
40.002,0,0,0,-0.6167,0.0000,-0.6295,-0.0120,3.2853,0.0000,0.0000,0.0000,-0.6368,-0.0272,2.3040,0.007,1200,0.0000,0.0000,0.0176,0,0,0.310
40.105,0,0,0,-0.6167,0.0000,-0.6296,-0.0122,3.3078,0.0000,0.0000,0.0000,-0.6222,0.0028,-0.6561,0.002,1203,0.0000,0.0000,0.0178,0,0,0.337
40.202,0,0,0,-0.6167,0.0000,-0.6296,-0.0122,3.2753,0.0000,0.0000,0.0000,-0.6368,-0.0272,2.3036,0.022,1206,0.0000,0.0000,0.0178,0,0,0.321
40.305,0,0,0,-0.6167,0.0000,-0.6296,-0.0122,3.3089,0.0000,0.0000,0.0000,-0.6222,0.0028,-0.6552,0.003,1209,0.0000,0.0000,0.0178,0,0,0.336
40.402,0,0,0,-0.6167,0.0000,-0.6296,-0.0122,3.2698,0.0000,0.0000,0.0000,-0.6368,-0.0272,2.3028,0.020,1212,0.0000,0.0000,0.0178,0,0,0.324
40.504,0,0,0,-0.6167,0.0000,-0.6296,-0.0122,3.3014,0.0000,0.0000,0.0000,-0.6222,0.0028,-0.6556,0.050,1214,0.0000,0.0000,0.0178,0,0,0.326
40.602,0,0,0,-0.6167,0.0000,-0.6297,-0.0124,3.3169,0.0000,0.0000,0.0000,-0.6221,0.0028,-0.6566,0.006,1218,0.0000,0.0000,0.0180,0,0,0.364
40.702,0,0,0,-0.6167,0.0000,-0.6296,-0.0122,3.3015,0.0000,0.0000,0.0000,-0.6368,-0.0272,2.3031,0.055,1220,0.0000,0.0000,0.0178,0,0,0.305
40.803,0,0,0,-0.6167,0.0000,-0.6296,-0.0122,3.2767,0.0000,0.0000,0.0000,-0.6368,-0.0272,2.3024,0.025,1224,0.0000,0.0000,0.0178,0,0,0.330
40.905,0,0,0,-0.6167,0.0000,-0.6295,-0.0122,3.3087,0.0000,0.0000,0.0000,-0.6221,0.0028,-0.6574,0.002,1227,0.0000,0.0000,0.0178,0,0,0.320
41.003,0,0,0,-0.6167,0.0000,-0.6295,-0.0122,3.2678,0.0000,0.0000,0.0000,-0.6368,-0.0273,2.3066,0.027,1230,0.0000,0.0000,0.0178,0,0,0.302
41.103,0,0,0,-0.6167,0.0000,-0.6295,-0.0122,3.2929,0.0000,0.0000,0.0000,-0.6368,-0.0272,2.3042,0.053,1232,0.0000,0.0000,0.0178,0,0,0.329
41.203,0,0,0,-0.6167,0.0000,-0.6294,-0.0120,3.2867,0.0000,0.0000,0.0000,-0.6221,0.0028,-0.6552,0.037,1235,0.0000,0.0000,0.0176,0,0,0.347
41.303,0,0,0,-0.6167,0.0000,-0.6295,-0.0122,3.2933,0.0000,0.0000,0.0000,-0.6368,-0.0272,2.3022,0.025,1238,0.0000,0.0000,0.0178,0,0,0.352
41.403,0,0,0,-0.6167,0.0000,-0.6295,-0.0122,3.2730,0.0000,0.0000,0.0000,-0.6368,-0.0272,2.3029,0.016,1242,0.0000,0.0000,0.0178,0,0,0.342
41.504,0,0,0,-0.6167,0.0000,-0.6295,-0.0122,3.2997,0.0000,0.0000,0.0000,-0.6368,-0.0272,2.3023,0.060,1244,0.0000,0.0000,0.0178,0,0,0.369
41.604,0,0,0,-0.6167,0.0000,-0.6295,-0.0122,3.2755,0.0000,0.0000,0.0000,-0.6368,-0.0272,2.3025,0.029,1248,0.0000,0.0000,0.0178,0,0,0.319
41.702,0,0,0,-0.6167,0.0000,-0.6295,-0.0122,3.3011,0.0000,0.0000,0.0000,-0.6368,-0.0272,2.3020,0.061,1250,0.0000,0.0000,0.0178,0,0,0.366
41.803,0,0,0,-0.6167,0.0000,-0.6296,-0.0124,3.3140,0.0000,0.0000,0.0000,-0.6368,-0.0272,2.3033,0.025,1253,0.0000,0.0000,0.0180,0,0,0.336
41.903,0,0,0,-0.6167,0.0000,-0.6295,-0.0122,3.2895,0.0000,0.0000,0.0000,-0.6221,0.0028,-0.6554,0.036,1256,0.0000,0.0000,0.0177,0,0,0.285
42.002,0,0,0,-0.6167,0.0000,-0.6295,-0.0122,3.2713,0.0000,0.0000,0.0000,-0.6221,0.0027,-0.6536,0.018,1260,0.0000,0.0000,0.0177,0,0,0.350
42.102,0,0,0,-0.6167,0.0000,-0.6295,-0.0122,3.2882,0.0000,0.0000,0.0000,-0.6368,-0.0272,2.3020,0.056,1262,0.0000,0.0000,0.0177,0,0,0.317
42.202,0,0,0,-0.6167,0.0000,-0.6295,-0.0122,3.2641,0.0000,0.0000,0.0000,-0.6368,-0.0272,2.3023,0.022,1266,0.0000,0.0000,0.0177,0,0,0.324
42.303,0,0,0,-0.6167,0.0000,-0.6295,-0.0122,3.2884,0.0000,0.0000,0.0000,-0.6368,-0.0272,2.3021,0.057,1268,0.0000,0.0000,0.0177,0,0,0.313
42.402,0,0,0,-0.6167,0.0000,-0.6294,-0.0120,3.2831,0.0000,0.0000,0.0000,-0.6221,0.0028,-0.6550,0.034,1271,0.0000,0.0000,0.0175,0,0,0.353
42.502,0,0,0,-0.6167,0.0000,-0.6295,-0.0122,3.2970,0.0000,0.0000,0.0000,-0.6368,-0.0272,2.3023,0.027,1274,0.0000,0.0000,0.0177,0,0,0.331
42.602,0,0,0,-0.6167,0.0000,-0.6295,-0.0122,3.2665,0.0000,0.0000,0.0000,-0.6368,-0.0272,2.3025,0.017,1278,0.0000,0.0000,0.0177,0,0,0.322
42.702,0,0,0,-0.6167,0.0000,-0.6295,-0.0122,3.2861,0.0000,0.0000,0.0000,-0.6368,-0.0272,2.3029,0.047,1280,0.0000,0.0000,0.0177,0,0,0.337
42.803,0,0,0,-0.6167,0.0000,-0.6295,-0.0122,3.2765,0.0000,0.0000,0.0000,-0.6368,-0.0273,2.3043,0.026,1284,0.0000,0.0000,0.0177,0,0,0.327
42.903,0,0,0,-0.6167,0.0000,-0.6295,-0.0122,3.2944,0.0000,0.0000,0.0000,-0.6368,-0.0272,2.3024,0.057,1286,0.0000,0.0000,0.0177,0,0,0.360
43.002,0,0,0,-0.6167,0.0000,-0.6295,-0.0122,3.2694,0.0000,0.0000,0.0000,-0.6368,-0.0272,2.3008,0.026,1290,0.0000,0.0000,0.0177,0,0,0.311
43.103,0,0,0,-0.6167,0.0000,-0.6295,-0.0122,3.2952,0.0000,0.0000,0.0000,-0.6221,0.0028,-0.6547,0.042,1292,0.0000,0.0000,0.0177,0,0,0.311
43.201,0,0,0,-0.6167,0.0000,-0.6295,-0.0122,3.2624,0.0000,0.0000,0.0000,-0.6368,-0.0272,2.3021,0.016,1296,0.0000,0.0000,0.0177,0,0,0.327
43.302,0,0,0,-0.6167,0.0000,-0.6295,-0.0122,3.2861,0.0000,0.0000,0.0000,-0.6221,0.0027,-0.6536,0.043,1298,0.0000,0.0000,0.0177,0,0,0.303
43.402,0,0,0,-0.6167,0.0000,-0.6295,-0.0122,3.2705,0.0000,0.0000,0.0000,-0.6221,0.0028,-0.6538,0.016,1302,0.0000,0.0000,0.0177,0,0,0.333
43.501,0,0,0,-0.6167,0.0000,-0.6295,-0.0122,3.2949,0.0000,0.0000,0.0000,-0.6221,0.0028,-0.6544,0.003,1305,0.0000,0.0000,0.0177,0,0,0.318
43.602,0,0,0,-0.6167,0.0000,-0.6295,-0.0122,3.2633,0.0000,0.0000,0.0000,-0.6368,-0.0272,2.3025,0.026,1308,0.0000,0.0000,0.0177,0,0,0.342
43.701,0,0,0,-0.6167,0.0000,-0.6295,-0.0122,3.2947,0.0000,0.0000,0.0000,-0.6221,0.0028,-0.6549,0.003,1311,0.0000,0.0000,0.0177,0,0,0.309
43.802,0,0,0,-0.6167,0.0000,-0.6295,-0.0122,3.2652,0.0000,0.0000,0.0000,-0.6368,-0.0272,2.3007,0.016,1314,0.0000,0.0000,0.0177,0,0,0.289
43.901,0,0,0,-0.6167,0.0000,-0.6295,-0.0122,3.2946,0.0000,0.0000,0.0000,-0.6221,0.0028,-0.6552,0.003,1317,0.0000,0.0000,0.0177,0,0,0.307
44.002,0,0,0,-0.6167,0.0000,-0.6294,-0.0120,3.2800,0.0000,0.0000,0.0000,-0.6221,0.0027,-0.6532,0.035,1319,0.0000,0.0000,0.0175,0,0,0.333
44.101,0,0,0,-0.6167,0.0000,-0.6295,-0.0122,3.2953,0.0000,0.0000,0.0000,-0.6221,0.0027,-0.6517,0.003,1323,0.0000,0.0000,0.0177,0,0,0.351
44.202,0,0,0,-0.6167,0.0000,-0.6295,-0.0122,3.2719,0.0000,0.0000,0.0000,-0.6367,-0.0272,2.3021,0.024,1326,0.0000,0.0000,0.0177,0,0,0.299
44.304,0,0,0,-0.6167,0.0000,-0.6295,-0.0122,3.2968,0.0000,0.0000,0.0000,-0.6220,0.0028,-0.6548,0.002,1329,0.0000,0.0000,0.0177,0,0,0.330
44.402,0,0,0,-0.6167,0.0000,-0.6295,-0.0123,3.2724,0.0000,0.0000,0.0000,-0.6367,-0.0272,2.3018,0.023,1332,0.0000,0.0000,0.0177,0,0,0.315
44.501,0,0,0,-0.6167,0.0000,-0.6295,-0.0123,3.2972,0.0000,0.0000,0.0000,-0.6367,-0.0272,2.3010,0.050,1334,0.0000,0.0000,0.0177,0,0,0.301
44.602,0,0,0,-0.6167,0.0000,-0.6296,-0.0124,3.3110,0.0000,0.0000,0.0000,-0.6220,0.0028,-0.6540,0.013,1338,0.0000,0.0000,0.0179,0,0,0.305
44.702,0,0,0,-0.6167,0.0000,-0.6295,-0.0122,3.2882,0.0000,0.0000,0.0000,-0.6220,0.0028,-0.6549,0.056,1340,0.0000,0.0000,0.0177,0,0,0.312
44.802,0,0,0,-0.6167,0.0000,-0.6295,-0.0122,3.2627,0.0000,0.0000,0.0000,-0.6367,-0.0272,2.3022,0.026,1344,0.0000,0.0000,0.0177,0,0,0.303
44.902,0,0,0,-0.6167,0.0000,-0.6295,-0.0122,3.2885,0.0000,0.0000,0.0000,-0.6220,0.0028,-0.6546,0.003,1347,0.0000,0.0000,0.0177,0,0,0.341
45.002,0,0,0,-0.6167,0.0000,-0.6294,-0.0122,3.2721,0.0000,0.0000,0.0000,-0.6367,-0.0272,2.3013,0.026,1350,0.0000,0.0000,0.0177,0,0,0.325
45.103,0,0,0,-0.6167,0.0000,-0.6294,-0.0122,3.2969,0.0000,0.0000,0.0000,-0.6220,0.0028,-0.6537,0.002,1353,0.0000,0.0000,0.0177,0,0,0.308
45.204,0,0,0,-0.6167,0.0000,-0.6293,-0.0121,3.2755,0.0000,0.0000,0.0000,-0.6220,0.0028,-0.6541,0.037,1355,0.0000,0.0000,0.0175,0,0,0.331
45.303,0,0,0,-0.6167,0.0000,-0.6294,-0.0123,3.2991,0.0000,0.0000,0.0000,-0.6220,0.0027,-0.6524,0.002,1359,0.0000,0.0000,0.0177,0,0,0.341
45.402,0,0,0,-0.6167,0.0000,-0.6294,-0.0123,3.2757,0.0000,0.0000,0.0000,-0.6367,-0.0272,2.3004,0.021,1362,0.0000,0.0000,0.0177,0,0,0.313
45.504,0,0,0,-0.6167,0.0000,-0.6294,-0.0123,3.2951,0.0000,0.0000,0.0000,-0.6367,-0.0272,2.3001,0.060,1364,0.0000,0.0000,0.0177,0,0,0.306
45.603,0,0,0,-0.6167,0.0000,-0.6294,-0.0123,3.2771,0.0000,0.0000,0.0000,-0.6367,-0.0272,2.3012,0.027,1368,0.0000,0.0000,0.0177,0,0,0.315
45.702,0,0,0,-0.6167,0.0000,-0.6294,-0.0123,3.2946,0.0000,0.0000,0.0000,-0.6367,-0.0272,2.3017,0.061,1370,0.0000,0.0000,0.0177,0,0,0.334
45.801,0,0,0,-0.6167,0.0000,-0.6295,-0.0125,3.3103,0.0000,0.0000,0.0000,-0.6220,0.0028,-0.6533,0.007,1374,0.0000,0.0000,0.0179,0,0,0.308
45.903,0,0,0,-0.6167,0.0000,-0.6294,-0.0123,3.3098,0.0000,0.0000,0.0000,-0.6220,0.0028,-0.6546,0.043,1376,0.0000,0.0000,0.0177,0,0,0.321
46.001,0,0,0,-0.6167,0.0000,-0.6294,-0.0122,3.2742,0.0000,0.0000,0.0000,-0.6220,0.0028,-0.6537,0.016,1380,0.0000,0.0000,0.0177,0,0,0.352
46.102,0,0,0,-0.6167,0.0000,-0.6294,-0.0122,3.3062,0.0000,0.0000,0.0000,-0.6220,0.0028,-0.6535,0.041,1382,0.0000,0.0000,0.0177,0,0,0.313
46.202,0,0,0,-0.6167,0.0000,-0.6294,-0.0122,3.2831,0.0000,0.0000,0.0000,-0.6367,-0.0272,2.3008,0.024,1386,0.0000,0.0000,0.0177,0,0,0.336
46.302,0,0,0,-0.6167,0.0000,-0.6294,-0.0122,3.3097,0.0000,0.0000,0.0000,-0.6367,-0.0272,2.3009,0.058,1388,0.0000,0.0000,0.0177,0,0,0.333
46.402,0,0,0,-0.6167,0.0000,-0.6294,-0.0122,3.2871,0.0000,0.0000,0.0000,-0.6367,-0.0272,2.2997,0.026,1392,0.0000,0.0000,0.0177,0,0,0.311
46.502,0,0,0,-0.6167,0.0000,-0.6294,-0.0122,3.3129,0.0000,0.0000,0.0000,-0.6367,-0.0272,2.2994,0.037,1394,0.0000,0.0000,0.0177,0,0,0.329
46.602,0,0,0,-0.6167,0.0000,-0.6294,-0.0123,3.2818,0.0000,0.0000,0.0000,-0.6367,-0.0272,2.3000,0.017,1398,0.0000,0.0000,0.0177,0,0,0.370
46.705,0,0,0,-0.6167,0.0000,-0.6294,-0.0123,3.3173,0.0000,0.0000,0.0000,-0.6220,0.0028,-0.6527,0.002,1401,0.0000,0.0000,0.0177,0,0,0.313
46.802,0,0,0,-0.6167,0.0000,-0.6294,-0.0123,3.2854,0.0000,0.0000,0.0000,-0.6367,-0.0273,2.3009,0.017,1404,0.0000,0.0000,0.0177,0,0,0.308
46.904,0,0,0,-0.6167,0.0000,-0.6294,-0.0123,3.3156,0.0000,0.0000,0.0000,-0.6220,0.0028,-0.6530,0.002,1407,0.0000,0.0000,0.0177,0,0,0.329
47.002,0,0,0,-0.6167,0.0000,-0.6294,-0.0123,3.2826,0.0000,0.0000,0.0000,-0.6367,-0.0272,2.3005,0.026,1410,0.0000,0.0000,0.0177,0,0,0.290
47.102,0,0,0,-0.6167,0.0000,-0.6294,-0.0123,3.3075,0.0000,0.0000,0.0000,-0.6367,-0.0272,2.2994,0.055,1412,0.0000,0.0000,0.0177,0,0,0.330
47.202,0,0,0,-0.6167,0.0000,-0.6294,-0.0123,3.2752,0.0000,0.0000,0.0000,-0.6367,-0.0273,2.3012,0.019,1416,0.0000,0.0000,0.0177,0,0,0.343
47.302,0,0,0,-0.6167,0.0000,-0.6294,-0.0123,3.3071,0.0000,0.0000,0.0000,-0.6367,-0.0272,2.3000,0.041,1418,0.0000,0.0000,0.0177,0,0,0.323
47.402,0,0,0,-0.6167,0.0000,-0.6294,-0.0123,3.2820,0.0000,0.0000,0.0000,-0.6220,0.0028,-0.6526,0.014,1422,0.0000,0.0000,0.0177,0,0,0.338
47.504,0,0,0,-0.6167,0.0000,-0.6294,-0.0123,3.3067,0.0000,0.0000,0.0000,-0.6220,0.0028,-0.6533,0.003,1425,0.0000,0.0000,0.0177,0,0,0.306
47.602,0,0,0,-0.6167,0.0000,-0.6294,-0.0123,3.2805,0.0000,0.0000,0.0000,-0.6367,-0.0272,2.2991,0.026,1428,0.0000,0.0000,0.0177,0,0,0.343
47.701,0,0,0,-0.6167,0.0000,-0.6294,-0.0123,3.3058,0.0000,0.0000,0.0000,-0.6367,-0.0272,2.2995,0.057,1430,0.0000,0.0000,0.0177,0,0,0.319
47.803,0,0,0,-0.6167,0.0000,-0.6294,-0.0123,3.2880,0.0000,0.0000,0.0000,-0.6367,-0.0272,2.2992,0.025,1434,0.0000,0.0000,0.0177,0,0,0.336
47.902,0,0,0,-0.6167,0.0000,-0.6294,-0.0123,3.3048,0.0000,0.0000,0.0000,-0.6367,-0.0273,2.3002,0.052,1436,0.0000,0.0000,0.0177,0,0,0.357
48.003,0,0,0,-0.6167,0.0000,-0.6293,-0.0121,3.2895,0.0000,0.0000,0.0000,-0.6220,0.0028,-0.6529,0.030,1439,0.0000,0.0000,0.0175,0,0,0.327
48.102,0,0,0,-0.6167,0.0000,-0.6294,-0.0123,3.3042,0.0000,0.0000,0.0000,-0.6220,0.0028,-0.6528,0.002,1443,0.0000,0.0000,0.0177,0,0,0.355
48.202,0,0,0,-0.6167,0.0000,-0.6294,-0.0123,3.2705,0.0000,0.0000,0.0000,-0.6367,-0.0273,2.3000,0.026,1446,0.0000,0.0000,0.0177,0,0,0.321
48.301,0,0,0,-0.6167,0.0000,-0.6294,-0.0123,3.3028,0.0000,0.0000,0.0000,-0.6219,0.0028,-0.6517,0.003,1449,0.0000,0.0000,0.0177,0,0,0.323
48.402,0,0,0,-0.6167,0.0000,-0.6294,-0.0123,3.2696,0.0000,0.0000,0.0000,-0.6367,-0.0272,2.2993,0.026,1452,0.0000,0.0000,0.0177,0,0,0.332
48.502,0,0,0,-0.6167,0.0000,-0.6294,-0.0123,3.3019,0.0000,0.0000,0.0000,-0.6367,-0.0272,2.2987,0.058,1454,0.0000,0.0000,0.0177,0,0,0.296
48.602,0,0,0,-0.6167,0.0000,-0.6294,-0.0123,3.2764,0.0000,0.0000,0.0000,-0.6219,0.0027,-0.6511,0.016,1458,0.0000,0.0000,0.0177,0,0,0.328
48.704,0,0,0,-0.6167,0.0000,-0.6294,-0.0123,3.2917,0.0000,0.0000,0.0000,-0.6219,0.0028,-0.6515,0.049,1460,0.0000,0.0000,0.0177,0,0,0.358
48.801,0,0,0,-0.6167,0.0000,-0.6294,-0.0123,3.2722,0.0000,0.0000,0.0000,-0.6220,0.0027,-0.6503,0.016,1464,0.0000,0.0000,0.0176,0,0,0.326
48.905,0,0,0,-0.6167,0.0000,-0.6293,-0.0121,3.2666,0.0000,0.0000,0.0000,-0.6219,0.0028,-0.6512,0.007,1467,0.0000,0.0000,0.0174,0,0,0.291
49.001,0,0,0,-0.6167,0.0000,-0.6294,-0.0123,3.2668,0.0000,0.0000,0.0000,-0.6366,-0.0273,2.3010,0.026,1470,0.0000,0.0000,0.0176,0,0,0.303
49.105,0,0,0,-0.6167,0.0000,-0.6294,-0.0123,3.2989,0.0000,0.0000,0.0000,-0.6367,-0.0272,2.2990,0.066,1472,0.0000,0.0000,0.0176,0,0,0.367
49.202,0,0,0,-0.6167,0.0000,-0.6293,-0.0121,3.2772,0.0000,0.0000,0.0000,-0.6219,0.0028,-0.6515,0.028,1475,0.0000,0.0000,0.0174,0,0,0.329
49.305,0,0,0,-0.6167,0.0000,-0.6294,-0.0123,3.2918,0.0000,0.0000,0.0000,-0.6219,0.0028,-0.6517,0.002,1479,0.0000,0.0000,0.0176,0,0,0.120
49.402,0,0,0,-0.6167,0.0000,-0.6294,-0.0123,3.2615,0.0000,0.0000,0.0000,-0.6367,-0.0272,2.2986,0.017,1482,0.0000,0.0000,0.0176,0,0,0.305
49.503,0,0,0,-0.6167,0.0000,-0.6294,-0.0123,3.2951,0.0000,0.0000,0.0000,-0.6367,-0.0273,2.2989,0.052,1484,0.0000,0.0000,0.0176,0,0,0.317
49.605,0,0,0,-0.6167,0.0000,-0.6294,-0.0123,3.2799,0.0000,0.0000,0.0000,-0.6366,-0.0273,2.2996,0.029,1488,0.0000,0.0000,0.0176,0,0,0.325
49.702,0,0,0,-0.6167,0.0000,-0.6293,-0.0123,3.2972,0.0000,0.0000,0.0000,-0.6366,-0.0273,2.2998,0.057,1490,0.0000,0.0000,0.0176,0,0,0.314
49.803,0,0,0,-0.6167,0.0000,-0.6293,-0.0123,3.2750,0.0000,0.0000,0.0000,-0.6366,-0.0273,2.2994,0.028,1494,0.0000,0.0000,0.0176,0,0,0.320
49.903,0,0,0,-0.6167,0.0000,-0.6293,-0.0123,3.2965,0.0000,0.0000,0.0000,-0.6219,0.0028,-0.6524,0.039,1496,0.0000,0.0000,0.0176,0,0,0.363
50.002,0,0,0,-0.6167,0.0000,-0.6293,-0.0123,3.2711,0.0000,0.0000,0.0000,-0.6366,-0.0273,2.2994,0.026,1500,0.0000,0.0000,0.0176,0,0,0.296
50.104,0,0,0,-0.6167,0.0000,-0.6293,-0.0123,3.3037,0.0000,0.0000,0.0000,-0.6219,0.0028,-0.6525,0.053,1502,0.0000,0.0000,0.0176,0,0,0.332
50.202,0,0,0,-0.6167,0.0000,-0.6294,-0.0125,3.3095,0.0000,0.0000,0.0000,-0.6219,0.0028,-0.6516,0.007,1506,0.0000,0.0000,0.0178,0,0,0.326
50.303,0,0,0,-0.6167,0.0000,-0.6293,-0.0123,3.2922,0.0000,0.0000,0.0000,-0.6219,0.0028,-0.6517,0.002,1509,0.0000,0.0000,0.0176,0,0,0.314
50.402,0,0,0,-0.6167,0.0000,-0.6293,-0.0123,3.2596,0.0000,0.0000,0.0000,-0.6366,-0.0273,2.2985,0.025,1512,0.0000,0.0000,0.0176,0,0,0.348
50.503,0,0,0,-0.6167,0.0000,-0.6293,-0.0123,3.2917,0.0000,0.0000,0.0000,-0.6219,0.0028,-0.6511,0.002,1515,0.0000,0.0000,0.0176,0,0,0.322
50.603,0,0,0,-0.6167,0.0000,-0.6293,-0.0123,3.2616,0.0000,0.0000,0.0000,-0.6366,-0.0273,2.2988,0.017,1518,0.0000,0.0000,0.0176,0,0,0.331
50.705,0,0,0,-0.6167,0.0000,-0.6292,-0.0121,3.2612,0.0000,0.0000,0.0000,-0.6219,0.0028,-0.6513,0.002,1521,0.0000,0.0000,0.0174,0,0,0.322
50.802,0,0,0,-0.6167,0.0000,-0.6292,-0.0121,3.2781,0.0000,0.0000,0.0000,-0.6219,0.0028,-0.6512,0.034,1523,0.0000,0.0000,0.0174,0,0,0.320
50.902,0,0,0,-0.6167,0.0000,-0.6293,-0.0123,3.2919,0.0000,0.0000,0.0000,-0.6219,0.0027,-0.6496,0.005,1527,0.0000,0.0000,0.0176,0,0,0.487
51.003,0,0,0,-0.6167,0.0000,-0.6293,-0.0123,3.2599,0.0000,0.0000,0.0000,-0.6366,-0.0273,2.2980,0.026,1530,0.0000,0.0000,0.0176,0,0,0.305
51.101,0,0,0,-0.6167,0.0000,-0.6293,-0.0123,3.2922,0.0000,0.0000,0.0000,-0.6219,0.0028,-0.6502,0.003,1533,0.0000,0.0000,0.0176,0,0,0.325
51.202,0,0,0,-0.6167,0.0000,-0.6293,-0.0123,3.2606,0.0000,0.0000,0.0000,-0.6366,-0.0273,2.2985,0.024,1536,0.0000,0.0000,0.0176,0,0,0.357
51.303,0,0,0,-0.6167,0.0000,-0.6293,-0.0123,3.2864,0.0000,0.0000,0.0000,-0.6219,0.0028,-0.6503,0.052,1538,0.0000,0.0000,0.0176,0,0,0.337
51.402,0,0,0,-0.6167,0.0000,-0.6293,-0.0123,3.2667,0.0000,0.0000,0.0000,-0.6218,0.0028,-0.6525,0.015,1542,0.0000,0.0000,0.0176,0,0,0.303
51.502,0,0,0,-0.6167,0.0000,-0.6293,-0.0123,3.2857,0.0000,0.0000,0.0000,-0.6366,-0.0273,2.2995,0.055,1544,0.0000,0.0000,0.0176,0,0,0.333
51.603,0,0,0,-0.6167,0.0000,-0.6293,-0.0123,3.2603,0.0000,0.0000,0.0000,-0.6366,-0.0273,2.2978,0.026,1548,0.0000,0.0000,0.0176,0,0,0.320
51.703,0,0,0,-0.6167,0.0000,-0.6293,-0.0123,3.2936,0.0000,0.0000,0.0000,-0.6218,0.0028,-0.6526,0.006,1551,0.0000,0.0000,0.0176,0,0,0.325
51.802,0,0,0,-0.6167,0.0000,-0.6293,-0.0123,3.2613,0.0000,0.0000,0.0000,-0.6366,-0.0273,2.2973,0.028,1554,0.0000,0.0000,0.0176,0,0,0.317
51.902,0,0,0,-0.6167,0.0000,-0.6293,-0.0123,3.2948,0.0000,0.0000,0.0000,-0.6219,0.0028,-0.6497,0.006,1557,0.0000,0.0000,0.0176,0,0,0.300
52.003,0,0,0,-0.6167,0.0000,-0.6293,-0.0123,3.2742,0.0000,0.0000,0.0000,-0.6366,-0.0273,2.2986,0.007,1560,0.0000,0.0000,0.0176,0,0,0.313
52.104,0,0,0,-0.6167,0.0000,-0.6292,-0.0121,3.2617,0.0000,0.0000,0.0000,-0.6219,0.0027,-0.6491,0.006,1563,0.0000,0.0000,0.0174,0,0,0.321
52.202,0,0,0,-0.6167,0.0000,-0.6293,-0.0123,3.2645,0.0000,0.0000,0.0000,-0.6366,-0.0273,2.2964,0.017,1566,0.0000,0.0000,0.0176,0,0,0.346
52.302,0,0,0,-0.6167,0.0000,-0.6293,-0.0123,3.2940,0.0000,0.0000,0.0000,-0.6218,0.0027,-0.6492,0.005,1569,0.0000,0.0000,0.0176,0,0,0.298
52.402,0,0,0,-0.6167,0.0000,-0.6293,-0.0123,3.2709,0.0000,0.0000,0.0000,-0.6366,-0.0273,2.2980,0.027,1572,0.0000,0.0000,0.0176,0,0,0.318
52.503,0,0,0,-0.6167,0.0000,-0.6293,-0.0123,3.2951,0.0000,0.0000,0.0000,-0.6366,-0.0273,2.2979,0.062,1574,0.0000,0.0000,0.0176,0,0,0.320
52.602,0,0,0,-0.6167,0.0000,-0.6294,-0.0125,3.3109,0.0000,0.0000,0.0000,-0.6218,0.0027,-0.6483,0.012,1578,0.0000,0.0000,0.0178,0,0,0.355
52.702,0,0,0,-0.6167,0.0000,-0.6293,-0.0123,3.2971,0.0000,0.0000,0.0000,-0.6218,0.0028,-0.6502,0.043,1580,0.0000,0.0000,0.0176,0,0,0.356
52.802,0,0,0,-0.6167,0.0000,-0.6293,-0.0123,3.2735,0.0000,0.0000,0.0000,-0.6366,-0.0273,2.2985,0.017,1584,0.0000,0.0000,0.0176,0,0,0.343
52.902,0,0,0,-0.6167,0.0000,-0.6293,-0.0123,3.2994,0.0000,0.0000,0.0000,-0.6218,0.0028,-0.6494,0.038,1586,0.0000,0.0000,0.0176,0,0,0.327
53.002,0,0,0,-0.6167,0.0000,-0.6293,-0.0123,3.2738,0.0000,0.0000,0.0000,-0.6366,-0.0273,2.2988,0.027,1590,0.0000,0.0000,0.0176,0,0,0.317
53.102,0,0,0,-0.6167,0.0000,-0.6293,-0.0123,3.2891,0.0000,0.0000,0.0000,-0.6218,0.0028,-0.6504,0.004,1593,0.0000,0.0000,0.0176,0,0,0.327
53.201,0,0,0,-0.6167,0.0000,-0.6293,-0.0123,3.2737,0.0000,0.0000,0.0000,-0.6366,-0.0273,2.2979,0.025,1596,0.0000,0.0000,0.0176,0,0,0.307
53.303,0,0,0,-0.6167,0.0000,-0.6292,-0.0121,3.2629,0.0000,0.0000,0.0000,-0.6218,0.0028,-0.6491,0.006,1599,0.0000,0.0000,0.0174,0,0,0.326
53.402,0,0,0,-0.6167,0.0000,-0.6293,-0.0123,3.2649,0.0000,0.0000,0.0000,-0.6366,-0.0273,2.2974,0.022,1602,0.0000,0.0000,0.0176,0,0,0.358
53.501,0,0,0,-0.6167,0.0000,-0.6293,-0.0123,3.2980,0.0000,0.0000,0.0000,-0.6218,0.0027,-0.6489,0.002,1605,0.0000,0.0000,0.0176,0,0,0.310
53.601,0,0,0,-0.6167,0.0000,-0.6293,-0.0123,3.2706,0.0000,0.0000,0.0000,-0.6366,-0.0273,2.2971,0.015,1608,0.0000,0.0000,0.0176,0,0,0.343
53.703,0,0,0,-0.6167,0.0000,-0.6293,-0.0123,3.2999,0.0000,0.0000,0.0000,-0.6218,0.0027,-0.6476,0.007,1611,0.0000,0.0000,0.0176,0,0,0.332
53.802,0,0,0,-0.6167,0.0000,-0.6293,-0.0123,3.2762,0.0000,0.0000,0.0000,-0.6366,-0.0273,2.2972,0.026,1614,0.0000,0.0000,0.0176,0,0,0.325
53.902,0,0,0,-0.6167,0.0000,-0.6293,-0.0123,3.2937,0.0000,0.0000,0.0000,-0.6366,-0.0273,2.2968,0.057,1616,0.0000,0.0000,0.0176,0,0,0.315
54.003,0,0,0,-0.6167,0.0000,-0.6293,-0.0123,3.2685,0.0000,0.0000,0.0000,-0.6366,-0.0273,2.2968,0.020,1620,0.0000,0.0000,0.0176,0,0,0.337
54.102,0,0,0,-0.6167,0.0000,-0.6292,-0.0123,3.2922,0.0000,0.0000,0.0000,-0.6218,0.0027,-0.6471,0.049,1622,0.0000,0.0000,0.0176,0,0,0.300
54.203,0,0,0,-0.6167,0.0000,-0.6293,-0.0125,3.3066,0.0000,0.0000,0.0000,-0.6218,0.0027,-0.6482,0.005,1626,0.0000,0.0000,0.0178,0,0,0.320
54.303,0,0,0,-0.6167,0.0000,-0.6292,-0.0123,3.2986,0.0000,0.0000,0.0000,-0.6218,0.0027,-0.6482,0.003,1629,0.0000,0.0000,0.0176,0,0,0.354
54.401,0,0,0,-0.6167,0.0000,-0.6292,-0.0123,3.2674,0.0000,0.0000,0.0000,-0.6366,-0.0273,2.2951,0.023,1632,0.0000,0.0000,0.0176,0,0,0.303
54.502,0,0,0,-0.6167,0.0000,-0.6292,-0.0123,3.2922,0.0000,0.0000,0.0000,-0.6366,-0.0273,2.2952,0.059,1634,0.0000,0.0000,0.0176,0,0,0.335
54.602,0,0,0,-0.6167,0.0000,-0.6292,-0.0123,3.2764,0.0000,0.0000,0.0000,-0.6366,-0.0273,2.2960,0.027,1638,0.0000,0.0000,0.0176,0,0,0.358
54.701,0,0,0,-0.6167,0.0000,-0.6292,-0.0123,3.3032,0.0000,0.0000,0.0000,-0.6218,0.0028,-0.6483,0.003,1641,0.0000,0.0000,0.0176,0,0,0.293
54.803,0,0,0,-0.6167,0.0000,-0.6291,-0.0121,3.2872,0.0000,0.0000,0.0000,-0.6217,0.0028,-0.6488,0.037,1643,0.0000,0.0000,0.0174,0,0,0.315
54.902,0,0,0,-0.6167,0.0000,-0.6292,-0.0123,3.3022,0.0000,0.0000,0.0000,-0.6218,0.0027,-0.6472,0.003,1647,0.0000,0.0000,0.0176,0,0,0.336
55.002,0,0,0,-0.6167,0.0000,-0.6292,-0.0123,3.2771,0.0000,0.0000,0.0000,-0.6366,-0.0273,2.2972,0.024,1650,0.0000,0.0000,0.0176,0,0,0.320
55.104,0,0,0,-0.6167,0.0000,-0.6292,-0.0123,3.3027,0.0000,0.0000,0.0000,-0.6217,0.0027,-0.6480,0.003,1653,0.0000,0.0000,0.0176,0,0,0.361
55.202,0,0,0,-0.6167,0.0000,-0.6292,-0.0123,3.2775,0.0000,0.0000,0.0000,-0.6366,-0.0273,2.2960,0.026,1656,0.0000,0.0000,0.0176,0,0,0.313
55.303,0,0,0,-0.6167,0.0000,-0.6292,-0.0123,3.2931,0.0000,0.0000,0.0000,-0.6365,-0.0273,2.2968,0.058,1658,0.0000,0.0000,0.0176,0,0,0.342
55.402,0,0,0,-0.6167,0.0000,-0.6292,-0.0123,3.2723,0.0000,0.0000,0.0000,-0.6217,0.0028,-0.6487,0.016,1662,0.0000,0.0000,0.0176,0,0,0.318
55.501,0,0,0,-0.6167,0.0000,-0.6292,-0.0123,3.2987,0.0000,0.0000,0.0000,-0.6217,0.0028,-0.6509,0.046,1664,0.0000,0.0000,0.0176,0,0,0.316
55.601,0,0,0,-0.6167,0.0000,-0.6292,-0.0123,3.2732,0.0000,0.0000,0.0000,-0.6217,0.0027,-0.6467,0.016,1668,0.0000,0.0000,0.0176,0,0,0.305
55.703,0,0,0,-0.6167,0.0000,-0.6292,-0.0123,3.2919,0.0000,0.0000,0.0000,-0.6217,0.0027,-0.6470,0.002,1671,0.0000,0.0000,0.0176,0,0,0.358
55.803,0,0,0,-0.6167,0.0000,-0.6292,-0.0123,3.2649,0.0000,0.0000,0.0000,-0.6365,-0.0273,2.2956,0.027,1674,0.0000,0.0000,0.0176,0,0,0.324
55.903,0,0,0,-0.6167,0.0000,-0.6291,-0.0121,3.2639,0.0000,0.0000,0.0000,-0.6217,0.0028,-0.6479,0.006,1677,0.0000,0.0000,0.0173,0,0,0.321
56.004,0,0,0,-0.6167,0.0000,-0.6291,-0.0121,3.2914,0.0000,0.0000,0.0000,-0.6217,0.0028,-0.6484,0.040,1679,0.0000,0.0000,0.0173,0,0,0.362
56.102,0,0,0,-0.6167,0.0000,-0.6292,-0.0123,3.2995,0.0000,0.0000,0.0000,-0.6365,-0.0273,2.2946,0.040,1682,0.0000,0.0000,0.0176,0,0,0.303
56.202,0,0,0,-0.6167,0.0000,-0.6292,-0.0123,3.2742,0.0000,0.0000,0.0000,-0.6365,-0.0273,2.2946,0.021,1686,0.0000,0.0000,0.0176,0,0,0.288
56.303,0,0,0,-0.6167,0.0000,-0.6291,-0.0121,3.2663,0.0000,0.0000,0.0000,-0.6217,0.0028,-0.6479,0.007,1689,0.0000,0.0000,0.0173,0,0,0.311
56.402,0,0,0,-0.6167,0.0000,-0.6292,-0.0123,3.2772,0.0000,0.0000,0.0000,-0.6365,-0.0273,2.2948,0.030,1692,0.0000,0.0000,0.0176,0,0,0.339
56.503,0,0,0,-0.6167,0.0000,-0.6292,-0.0123,3.2932,0.0000,0.0000,0.0000,-0.6365,-0.0273,2.2951,0.065,1694,0.0000,0.0000,0.0176,0,0,0.319
56.602,0,0,0,-0.6167,0.0000,-0.6292,-0.0123,3.2689,0.0000,0.0000,0.0000,-0.6365,-0.0273,2.2955,0.028,1698,0.0000,0.0000,0.0175,0,0,0.342
56.702,0,0,0,-0.6167,0.0000,-0.6292,-0.0123,3.3014,0.0000,0.0000,0.0000,-0.6217,0.0027,-0.6466,0.051,1700,0.0000,0.0000,0.0175,0,0,0.320
56.802,0,0,0,-0.6167,0.0000,-0.6292,-0.0123,3.2754,0.0000,0.0000,0.0000,-0.6365,-0.0273,2.2958,0.020,1704,0.0000,0.0000,0.0175,0,0,0.310
56.903,0,0,0,-0.6167,0.0000,-0.6292,-0.0123,3.2906,0.0000,0.0000,0.0000,-0.6217,0.0028,-0.6493,0.045,1706,0.0000,0.0000,0.0175,0,0,0.303
57.003,0,0,0,-0.6167,0.0000,-0.6292,-0.0123,3.2801,0.0000,0.0000,0.0000,-0.6217,0.0028,-0.6487,0.019,1710,0.0000,0.0000,0.0175,0,0,0.313
57.102,0,0,0,-0.6167,0.0000,-0.6292,-0.0123,3.2968,0.0000,0.0000,0.0000,-0.6217,0.0028,-0.6475,0.003,1713,0.0000,0.0000,0.0175,0,0,0.318
57.201,0,0,0,-0.6167,0.0000,-0.6292,-0.0123,3.2727,0.0000,0.0000,0.0000,-0.6365,-0.0273,2.2956,0.023,1716,0.0000,0.0000,0.0175,0,0,0.344
57.301,0,0,0,-0.6167,0.0000,-0.6292,-0.0123,3.2986,0.0000,0.0000,0.0000,-0.6217,0.0027,-0.6455,0.003,1719,0.0000,0.0000,0.0175,0,0,0.341
57.403,0,0,0,-0.6167,0.0000,-0.6292,-0.0123,3.2669,0.0000,0.0000,0.0000,-0.6365,-0.0273,2.2960,0.018,1722,0.0000,0.0000,0.0175,0,0,0.328
57.504,0,0,0,-0.6167,0.0000,-0.6292,-0.0123,3.3074,0.0000,0.0000,0.0000,-0.6217,0.0028,-0.6473,0.002,1725,0.0000,0.0000,0.0175,0,0,0.323
57.602,0,0,0,-0.6167,0.0000,-0.6291,-0.0121,3.2768,0.0000,0.0000,0.0000,-0.6217,0.0027,-0.6465,0.037,1727,0.0000,0.0000,0.0173,0,0,0.308
57.704,0,0,0,-0.6167,0.0000,-0.6291,-0.0121,3.2653,0.0000,0.0000,0.0000,-0.6217,0.0028,-0.6489,0.008,1731,0.0000,0.0000,0.0173,0,0,0.329
57.802,0,0,0,-0.6167,0.0000,-0.6292,-0.0123,3.2773,0.0000,0.0000,0.0000,-0.6365,-0.0273,2.2942,0.026,1734,0.0000,0.0000,0.0175,0,0,0.318
57.903,0,0,0,-0.6167,0.0000,-0.6292,-0.0123,3.2952,0.0000,0.0000,0.0000,-0.6217,0.0028,-0.6466,0.007,1737,0.0000,0.0000,0.0175,0,0,0.333
58.002,0,0,0,-0.6167,0.0000,-0.6292,-0.0123,3.2706,0.0000,0.0000,0.0000,-0.6365,-0.0273,2.2950,0.026,1740,0.0000,0.0000,0.0175,0,0,0.363
58.104,0,0,0,-0.6167,0.0000,-0.6292,-0.0123,3.3045,0.0000,0.0000,0.0000,-0.6217,0.0028,-0.6479,0.049,1742,0.0000,0.0000,0.0175,0,0,0.332
58.202,0,0,0,-0.6167,0.0000,-0.6292,-0.0125,3.3112,0.0000,0.0000,0.0000,-0.6365,-0.0273,2.2947,0.025,1745,0.0000,0.0000,0.0177,0,0,0.351
58.302,0,0,0,-0.6167,0.0000,-0.6291,-0.0123,3.2972,0.0000,0.0000,0.0000,-0.6216,0.0028,-0.6493,0.043,1748,0.0000,0.0000,0.0175,0,0,0.313
58.401,0,0,0,-0.6167,0.0000,-0.6291,-0.0123,3.2812,0.0000,0.0000,0.0000,-0.6365,-0.0273,2.2947,0.027,1752,0.0000,0.0000,0.0175,0,0,0.334
58.503,0,0,0,-0.6167,0.0000,-0.6291,-0.0123,3.3087,0.0000,0.0000,0.0000,-0.6217,0.0028,-0.6459,0.002,1755,0.0000,0.0000,0.0175,0,0,0.323
58.603,0,0,0,-0.6167,0.0000,-0.6291,-0.0123,3.2756,0.0000,0.0000,0.0000,-0.6365,-0.0273,2.2936,0.029,1758,0.0000,0.0000,0.0175,0,0,0.374
58.703,0,0,0,-0.6167,0.0000,-0.6291,-0.0123,3.3102,0.0000,0.0000,0.0000,-0.6365,-0.0273,2.2947,0.057,1760,0.0000,0.0000,0.0175,0,0,0.332
58.804,0,0,0,-0.6167,0.0000,-0.6291,-0.0123,3.2932,0.0000,0.0000,0.0000,-0.6365,-0.0273,2.2939,0.006,1764,0.0000,0.0000,0.0175,0,0,0.360
58.901,0,0,0,-0.6167,0.0000,-0.6291,-0.0123,3.3095,0.0000,0.0000,0.0000,-0.6217,0.0028,-0.6461,0.005,1767,0.0000,0.0000,0.0175,0,0,0.357
59.002,0,0,0,-0.6167,0.0000,-0.6291,-0.0123,3.2788,0.0000,0.0000,0.0000,-0.6365,-0.0273,2.2943,0.019,1770,0.0000,0.0000,0.0175,0,0,0.362
59.102,0,0,0,-0.6167,0.0000,-0.6291,-0.0123,3.3010,0.0000,0.0000,0.0000,-0.6217,0.0028,-0.6467,0.004,1773,0.0000,0.0000,0.0175,0,0,0.298
59.202,0,0,0,-0.6167,0.0000,-0.6291,-0.0123,3.2833,0.0000,0.0000,0.0000,-0.6365,-0.0273,2.2943,0.025,1776,0.0000,0.0000,0.0175,0,0,0.323
59.302,0,0,0,-0.6167,0.0000,-0.6291,-0.0123,3.3003,0.0000,0.0000,0.0000,-0.6216,0.0028,-0.6464,0.003,1779,0.0000,0.0000,0.0175,0,0,0.344
59.403,0,0,0,-0.6167,0.0000,-0.6291,-0.0123,3.2812,0.0000,0.0000,0.0000,-0.6216,0.0028,-0.6463,0.017,1782,0.0000,0.0000,0.0175,0,0,0.334
59.503,0,0,0,-0.6167,0.0000,-0.6291,-0.0123,3.2998,0.0000,0.0000,0.0000,-0.6216,0.0027,-0.6452,0.047,1784,0.0000,0.0000,0.0175,0,0,0.325
59.602,0,0,0,-0.6167,0.0000,-0.6291,-0.0123,3.2777,0.0000,0.0000,0.0000,-0.6365,-0.0273,2.2938,0.021,1788,0.0000,0.0000,0.0175,0,0,0.318
59.702,0,0,0,-0.6167,0.0000,-0.6291,-0.0123,3.3109,0.0000,0.0000,0.0000,-0.6216,0.0028,-0.6454,0.040,1790,0.0000,0.0000,0.0175,0,0,0.322
59.802,0,0,0,-0.6167,0.0000,-0.6291,-0.0123,3.2864,0.0000,0.0000,0.0000,-0.6365,-0.0273,2.2936,0.023,1794,0.0000,0.0000,0.0175,0,0,0.323
59.905,0,0,0,-0.6167,0.0000,-0.6291,-0.0123,3.3037,0.0000,0.0000,0.0000,-0.6216,0.0028,-0.6455,0.007,1797,0.0000,0.0000,0.0175,0,0,0.301
60.003,0,0,0,-0.6167,0.0000,-0.6291,-0.0123,3.2811,0.0000,0.0000,0.0000,-0.6365,-0.0273,2.2944,0.028,1800,0.0000,0.0000,0.0175,0,0,0.327
60.103,0,0,0,-0.6167,0.0000,-0.6291,-0.0123,3.3151,0.0000,0.0000,0.0000,-0.6216,0.0028,-0.6457,0.005,1803,0.0000,0.0000,0.0175,0,0,0.304
60.202,0,0,0,-0.6167,0.0000,-0.6291,-0.0123,3.2813,0.0000,0.0000,0.0000,-0.6365,-0.0273,2.2932,0.020,1806,0.0000,0.0000,0.0175,0,0,0.314
0.051,0,0,0,-0.6167,0.0000,-0.6291,-0.0123,3.3112,0.0000,0.0000,0.0000,-0.6216,0.0028,-0.6451,0.003,1809,0.0000,0.0000,0.0175,0,0,0.337
0.150,0,0,0,-0.6167,0.0000,-0.6291,-0.0123,3.2955,0.0000,0.0000,0.0000,-0.6365,-0.0273,2.2920,0.017,1812,0.0000,0.0000,0.0175,0,0,0.324
0.250,0,0,0,-0.6167,0.0000,-0.6291,-0.0123,3.3141,0.0000,0.0000,0.0000,-0.6365,-0.0273,2.2934,0.056,1814,0.0000,0.0000,0.0175,0,0,0.315
0.349,0,0,0,-0.6167,0.0000,-0.6291,-0.0123,3.2898,0.0000,0.0000,0.0000,-0.6365,-0.0273,2.2941,0.024,1818,0.0000,0.0000,0.0175,0,0,0.298
0.450,0,0,0,-0.6167,0.0000,-0.6291,-0.0123,3.3070,0.0000,0.0000,0.0000,-0.6216,0.0028,-0.6456,0.003,1821,0.0000,0.0000,0.0175,0,0,0.343
0.549,0,0,0,-0.6167,0.0000,-0.6291,-0.0123,3.2891,0.0000,0.0000,0.0000,-0.6365,-0.0273,2.2928,0.025,1824,0.0000,0.0000,0.0175,0,0,0.319
0.651,0,0,0,-0.6167,0.0000,-0.6291,-0.0123,3.3090,0.0000,0.0000,0.0000,-0.6216,0.0028,-0.6458,0.056,1826,0.0000,0.0000,0.0175,0,0,0.301
0.749,0,0,0,-0.6167,0.0000,-0.6291,-0.0123,3.2892,0.0000,0.0000,0.0000,-0.6216,0.0028,-0.6449,0.015,1830,0.0000,0.0000,0.0175,0,0,0.322
0.849,0,0,0,-0.6167,0.0000,-0.6291,-0.0123,3.3087,0.0000,0.0000,0.0000,-0.6216,0.0027,-0.6430,0.003,1833,0.0000,0.0000,0.0175,0,0,0.311
0.949,0,0,0,-0.6167,0.0000,-0.6291,-0.0123,3.2928,0.0000,0.0000,0.0000,-0.6365,-0.0273,2.2930,0.026,1836,0.0000,0.0000,0.0175,0,0,0.338
1.049,0,0,0,-0.6167,0.0000,-0.6291,-0.0123,3.3085,0.0000,0.0000,0.0000,-0.6216,0.0028,-0.6453,0.003,1839,0.0000,0.0000,0.0175,0,0,0.306
1.149,0,0,0,-0.6167,0.0000,-0.6291,-0.0123,3.2839,0.0000,0.0000,0.0000,-0.6365,-0.0273,2.2929,0.024,1842,0.0000,0.0000,0.0175,0,0,0.324
1.250,0,0,0,-0.6167,0.0000,-0.6291,-0.0123,3.3187,0.0000,0.0000,0.0000,-0.6365,-0.0273,2.2924,0.060,1844,0.0000,0.0000,0.0175,0,0,0.344
1.350,0,0,0,-0.6167,0.0000,-0.6290,-0.0121,3.3041,0.0000,0.0000,0.0000,-0.6216,0.0027,-0.6438,0.037,1847,0.0000,0.0000,0.0173,0,0,0.320
1.449,0,0,0,-0.6167,0.0000,-0.6291,-0.0123,3.3193,0.0000,0.0000,0.0000,-0.6216,0.0028,-0.6444,0.006,1851,0.0000,0.0000,0.0175,0,0,0.345
1.549,0,0,0,-0.6167,0.0000,-0.6291,-0.0123,3.2956,0.0000,0.0000,0.0000,-0.6365,-0.0273,2.2921,0.027,1854,0.0000,0.0000,0.0175,0,0,0.333
1.652,0,0,0,-0.6167,0.0000,-0.6290,-0.0121,3.2783,0.0000,0.0000,0.0000,-0.6216,0.0028,-0.6435,0.008,1857,0.0000,0.0000,0.0173,0,0,0.302
1.749,0,0,0,-0.6167,0.0000,-0.6291,-0.0123,3.2810,0.0000,0.0000,0.0000,-0.6364,-0.0273,2.2922,0.027,1860,0.0000,0.0000,0.0175,0,0,0.292
1.849,0,0,0,-0.6167,0.0000,-0.6291,-0.0123,3.3140,0.0000,0.0000,0.0000,-0.6364,-0.0273,2.2929,0.060,1862,0.0000,0.0000,0.0175,0,0,0.319
1.950,0,0,0,-0.6167,0.0000,-0.6292,-0.0125,3.3211,0.0000,0.0000,0.0000,-0.6216,0.0028,-0.6439,0.006,1866,0.0000,0.0000,0.0177,0,0,0.321
2.054,0,0,0,-0.6167,0.0000,-0.6291,-0.0123,3.3169,0.0000,0.0000,0.0000,-0.6216,0.0028,-0.6469,0.050,1868,0.0000,0.0000,0.0175,0,0,0.346
2.149,0,0,0,-0.6167,0.0000,-0.6291,-0.0123,3.2851,0.0000,0.0000,0.0000,-0.6216,0.0028,-0.6448,0.023,1872,0.0000,0.0000,0.0175,0,0,0.337
2.252,0,0,0,-0.6167,0.0000,-0.6290,-0.0121,3.2833,0.0000,0.0000,0.0000,-0.6216,0.0028,-0.6450,0.003,1875,0.0000,0.0000,0.0173,0,0,0.338
2.349,0,0,0,-0.6167,0.0000,-0.6291,-0.0123,3.2938,0.0000,0.0000,0.0000,-0.6364,-0.0273,2.2925,0.033,1878,0.0000,0.0000,0.0175,0,0,0.341
2.451,0,0,0,-0.6167,0.0000,-0.6291,-0.0123,3.3180,0.0000,0.0000,0.0000,-0.6216,0.0028,-0.6438,0.006,1881,0.0000,0.0000,0.0175,0,0,0.319
2.550,0,0,0,-0.6167,0.0000,-0.6290,-0.0121,3.3033,0.0000,0.0000,0.0000,-0.6216,0.0028,-0.6449,0.038,1883,0.0000,0.0000,0.0173,0,0,0.331
2.649,0,0,0,-0.6167,0.0000,-0.6291,-0.0123,3.3190,0.0000,0.0000,0.0000,-0.6216,0.0028,-0.6446,0.002,1887,0.0000,0.0000,0.0175,0,0,0.368
2.749,0,0,0,-0.6167,0.0000,-0.6291,-0.0123,3.2885,0.0000,0.0000,0.0000,-0.6364,-0.0274,2.2932,0.019,1890,0.0000,0.0000,0.0175,0,0,0.323
2.849,0,0,0,-0.6167,0.0000,-0.6291,-0.0123,3.3198,0.0000,0.0000,0.0000,-0.6215,0.0028,-0.6445,0.003,1893,0.0000,0.0000,0.0175,0,0,0.315
2.948,0,0,0,-0.6167,0.0000,-0.6291,-0.0123,3.2859,0.0000,0.0000,0.0000,-0.6364,-0.0273,2.2927,0.026,1896,0.0000,0.0000,0.0175,0,0,0.331
3.052,0,0,0,-0.6167,0.0000,-0.6290,-0.0121,3.2855,0.0000,0.0000,0.0000,-0.6215,0.0028,-0.6443,0.008,1899,0.0000,0.0000,0.0172,0,0,0.323
3.149,0,0,0,-0.6167,0.0000,-0.6290,-0.0123,3.2950,0.0000,0.0000,0.0000,-0.6364,-0.0273,2.2922,0.028,1902,0.0000,0.0000,0.0175,0,0,0.331
3.251,0,0,0,-0.6167,0.0000,-0.6290,-0.0123,3.3126,0.0000,0.0000,0.0000,-0.6215,0.0028,-0.6445,0.048,1904,0.0000,0.0000,0.0175,0,0,0.301
3.349,0,0,0,-0.6167,0.0000,-0.6290,-0.0123,3.2895,0.0000,0.0000,0.0000,-0.6364,-0.0273,2.2923,0.024,1908,0.0000,0.0000,0.0174,0,0,0.322
3.450,0,0,0,-0.6167,0.0000,-0.6290,-0.0123,3.3131,0.0000,0.0000,0.0000,-0.6215,0.0028,-0.6435,0.056,1910,0.0000,0.0000,0.0174,0,0,0.350
3.549,0,0,0,-0.6167,0.0000,-0.6290,-0.0123,3.2873,0.0000,0.0000,0.0000,-0.6364,-0.0273,2.2913,0.022,1914,0.0000,0.0000,0.0174,0,0,0.340
3.649,0,0,0,-0.6167,0.0000,-0.6290,-0.0123,3.3221,0.0000,0.0000,0.0000,-0.6215,0.0028,-0.6429,0.003,1917,0.0000,0.0000,0.0174,0,0,0.350
3.749,0,0,0,-0.6167,0.0000,-0.6290,-0.0123,3.2899,0.0000,0.0000,0.0000,-0.6364,-0.0273,2.2912,0.027,1920,0.0000,0.0000,0.0174,0,0,0.325
3.850,0,0,0,-0.6167,0.0000,-0.6289,-0.0121,3.2883,0.0000,0.0000,0.0000,-0.6215,0.0028,-0.6436,0.006,1923,0.0000,0.0000,0.0172,0,0,0.330
3.949,0,0,0,-0.6167,0.0000,-0.6290,-0.0123,3.2993,0.0000,0.0000,0.0000,-0.6364,-0.0274,2.2918,0.018,1926,0.0000,0.0000,0.0174,0,0,0.313
4.049,0,0,0,-0.6167,0.0000,-0.6290,-0.0123,3.3230,0.0000,0.0000,0.0000,-0.6215,0.0028,-0.6423,0.002,1929,0.0000,0.0000,0.0174,0,0,0.331
4.149,0,0,0,-0.6167,0.0000,-0.6289,-0.0121,3.3067,0.0000,0.0000,0.0000,-0.6364,-0.0273,2.2905,0.008,1932,0.0000,0.0000,0.0172,0,0,0.320
4.249,0,0,0,-0.6167,0.0000,-0.6290,-0.0123,3.3232,0.0000,0.0000,0.0000,-0.6215,0.0028,-0.6425,0.006,1935,0.0000,0.0000,0.0174,0,0,0.307
4.349,0,0,0,-0.6167,0.0000,-0.6290,-0.0123,3.2996,0.0000,0.0000,0.0000,-0.6364,-0.0274,2.2917,0.026,1938,0.0000,0.0000,0.0174,0,0,0.304
4.449,0,0,0,-0.6167,0.0000,-0.6290,-0.0123,3.3161,0.0000,0.0000,0.0000,-0.6215,0.0028,-0.6447,0.004,1941,0.0000,0.0000,0.0174,0,0,0.329
4.549,0,0,0,-0.6167,0.0000,-0.6290,-0.0123,3.2909,0.0000,0.0000,0.0000,-0.6364,-0.0273,2.2908,0.026,1944,0.0000,0.0000,0.0174,0,0,0.302
4.650,0,0,0,-0.6167,0.0000,-0.6290,-0.0123,3.3237,0.0000,0.0000,0.0000,-0.6215,0.0028,-0.6425,0.051,1946,0.0000,0.0000,0.0174,0,0,0.337
4.749,0,0,0,-0.6167,0.0000,-0.6291,-0.0125,3.3367,0.0000,0.0000,0.0000,-0.6215,0.0028,-0.6422,0.006,1950,0.0000,0.0000,0.0176,0,0,0.334
4.850,0,0,0,-0.6167,0.0000,-0.6290,-0.0123,3.3137,0.0000,0.0000,0.0000,-0.6215,0.0028,-0.6451,0.053,1952,0.0000,0.0000,0.0174,0,0,0.317
4.949,0,0,0,-0.6167,0.0000,-0.6290,-0.0123,3.2888,0.0000,0.0000,0.0000,-0.6364,-0.0273,2.2900,0.025,1956,0.0000,0.0000,0.0174,0,0,0.320
5.050,0,0,0,-0.6167,0.0000,-0.6290,-0.0123,3.3061,0.0000,0.0000,0.0000,-0.6215,0.0028,-0.6430,0.006,1959,0.0000,0.0000,0.0174,0,0,0.356
5.151,0,0,0,-0.6167,0.0000,-0.6290,-0.0123,3.2829,0.0000,0.0000,0.0000,-0.6364,-0.0273,2.2892,0.031,1962,0.0000,0.0000,0.0174,0,0,0.348
5.248,0,0,0,-0.6167,0.0000,-0.6290,-0.0123,3.3191,0.0000,0.0000,0.0000,-0.6215,0.0028,-0.6425,0.003,1965,0.0000,0.0000,0.0174,0,0,0.307
5.350,0,0,0,-0.6167,0.0000,-0.6289,-0.0121,3.3040,0.0000,0.0000,0.0000,-0.6215,0.0028,-0.6426,0.037,1967,0.0000,0.0000,0.0172,0,0,0.309
5.449,0,0,0,-0.6167,0.0000,-0.6290,-0.0123,3.3199,0.0000,0.0000,0.0000,-0.6215,0.0028,-0.6431,0.003,1971,0.0000,0.0000,0.0174,0,0,0.316
5.549,0,0,0,-0.6167,0.0000,-0.6290,-0.0123,3.2967,0.0000,0.0000,0.0000,-0.6364,-0.0273,2.2904,0.020,1974,0.0000,0.0000,0.0174,0,0,0.326
5.651,0,0,0,-0.6167,0.0000,-0.6290,-0.0123,3.3221,0.0000,0.0000,0.0000,-0.6215,0.0028,-0.6418,0.003,1977,0.0000,0.0000,0.0174,0,0,0.303
5.749,0,0,0,-0.6167,0.0000,-0.6290,-0.0123,3.2969,0.0000,0.0000,0.0000,-0.6364,-0.0274,2.2906,0.028,1980,0.0000,0.0000,0.0174,0,0,0.326
5.849,0,0,0,-0.6167,0.0000,-0.6290,-0.0123,3.3218,0.0000,0.0000,0.0000,-0.6215,0.0028,-0.6406,0.004,1983,0.0000,0.0000,0.0174,0,0,0.297
5.951,0,0,0,-0.6167,0.0000,-0.6290,-0.0123,3.2938,0.0000,0.0000,0.0000,-0.6215,0.0028,-0.6416,0.014,1986,0.0000,0.0000,0.0174,0,0,0.324
6.051,0,0,0,-0.6167,0.0000,-0.6290,-0.0123,3.3183,0.0000,0.0000,0.0000,-0.6215,0.0028,-0.6409,0.048,1988,0.0000,0.0000,0.0174,0,0,0.340
6.149,0,0,0,-0.6167,0.0000,-0.6290,-0.0123,3.2859,0.0000,0.0000,0.0000,-0.6215,0.0028,-0.6420,0.025,1992,0.0000,0.0000,0.0174,0,0,0.318
6.249,0,0,0,-0.6167,0.0000,-0.6290,-0.0123,3.3191,0.0000,0.0000,0.0000,-0.6215,0.0028,-0.6420,0.042,1994,0.0000,0.0000,0.0174,0,0,0.376
6.349,0,0,0,-0.6167,0.0000,-0.6290,-0.0123,3.2923,0.0000,0.0000,0.0000,-0.6364,-0.0274,2.2911,0.027,1998,0.0000,0.0000,0.0174,0,0,0.329
6.451,0,0,0,-0.6167,0.0000,-0.6290,-0.0123,3.3100,0.0000,0.0000,0.0000,-0.6215,0.0028,-0.6423,0.007,2001,0.0000,0.0000,0.0174,0,0,0.368
6.549,0,0,0,-0.6167,0.0000,-0.6290,-0.0123,3.2957,0.0000,0.0000,0.0000,-0.6364,-0.0274,2.2912,0.023,2004,0.0000,0.0000,0.0174,0,0,0.336
6.650,0,0,0,-0.6167,0.0000,-0.6290,-0.0123,3.3226,0.0000,0.0000,0.0000,-0.6215,0.0028,-0.6408,0.007,2007,0.0000,0.0000,0.0174,0,0,0.329
6.749,0,0,0,-0.6167,0.0000,-0.6290,-0.0123,3.2962,0.0000,0.0000,0.0000,-0.6364,-0.0273,2.2899,0.025,2010,0.0000,0.0000,0.0174,0,0,0.338
6.850,0,0,0,-0.6167,0.0000,-0.6290,-0.0123,3.3194,0.0000,0.0000,0.0000,-0.6215,0.0028,-0.6435,0.005,2013,0.0000,0.0000,0.0174,0,0,0.497
6.949,0,0,0,-0.6167,0.0000,-0.6290,-0.0123,3.2941,0.0000,0.0000,0.0000,-0.6364,-0.0273,2.2893,0.017,2016,0.0000,0.0000,0.0174,0,0,0.317
7.049,0,0,0,-0.6167,0.0000,-0.6290,-0.0123,3.3231,0.0000,0.0000,0.0000,-0.6215,0.0028,-0.6419,0.003,2019,0.0000,0.0000,0.0174,0,0,0.297
7.150,0,0,0,-0.6167,0.0000,-0.6290,-0.0123,3.3051,0.0000,0.0000,0.0000,-0.6364,-0.0274,2.2902,0.028,2022,0.0000,0.0000,0.0174,0,0,0.321
7.252,0,0,0,-0.6167,0.0000,-0.6290,-0.0123,3.3208,0.0000,0.0000,0.0000,-0.6214,0.0028,-0.6432,0.003,2025,0.0000,0.0000,0.0174,0,0,0.301
7.349,0,0,0,-0.6167,0.0000,-0.6290,-0.0123,3.2972,0.0000,0.0000,0.0000,-0.6364,-0.0274,2.2897,0.027,2028,0.0000,0.0000,0.0174,0,0,0.353
7.451,0,0,0,-0.6167,0.0000,-0.6290,-0.0123,3.3132,0.0000,0.0000,0.0000,-0.6215,0.0028,-0.6418,0.044,2030,0.0000,0.0000,0.0174,0,0,0.316
7.550,0,0,0,-0.6167,0.0000,-0.6290,-0.0123,3.2944,0.0000,0.0000,0.0000,-0.6215,0.0028,-0.6401,0.015,2034,0.0000,0.0000,0.0174,0,0,0.357
7.651,0,0,0,-0.6167,0.0000,-0.6289,-0.0121,3.2865,0.0000,0.0000,0.0000,-0.6215,0.0028,-0.6407,0.007,2037,0.0000,0.0000,0.0172,0,0,0.324
7.749,0,0,0,-0.6167,0.0000,-0.6290,-0.0123,3.2876,0.0000,0.0000,0.0000,-0.6364,-0.0273,2.2892,0.030,2040,0.0000,0.0000,0.0174,0,0,0.348
7.850,0,0,0,-0.6167,0.0000,-0.6290,-0.0123,3.3218,0.0000,0.0000,0.0000,-0.6214,0.0028,-0.6435,0.006,2043,0.0000,0.0000,0.0174,0,0,0.365
7.950,0,0,0,-0.6167,0.0000,-0.6290,-0.0123,3.2951,0.0000,0.0000,0.0000,-0.6364,-0.0274,2.2892,0.026,2046,0.0000,0.0000,0.0174,0,0,0.366
8.050,0,0,0,-0.6167,0.0000,-0.6290,-0.0123,3.3048,0.0000,0.0000,0.0000,-0.6215,0.0028,-0.6411,0.002,2049,0.0000,0.0000,0.0174,0,0,0.314
8.149,0,0,0,-0.6167,0.0000,-0.6289,-0.0121,3.2904,0.0000,0.0000,0.0000,-0.6363,-0.0274,2.2893,0.003,2052,0.0000,0.0000,0.0172,0,0,0.368
8.250,0,0,0,-0.6167,0.0000,-0.6290,-0.0123,3.3130,0.0000,0.0000,0.0000,-0.6215,0.0028,-0.6409,0.006,2055,0.0000,0.0000,0.0174,0,0,0.320
8.349,0,0,0,-0.6167,0.0000,-0.6289,-0.0123,3.2887,0.0000,0.0000,0.0000,-0.6363,-0.0274,2.2894,0.030,2058,0.0000,0.0000,0.0174,0,0,0.283
8.450,0,0,0,-0.6167,0.0000,-0.6289,-0.0123,3.3137,0.0000,0.0000,0.0000,-0.6215,0.0028,-0.6397,0.006,2061,0.0000,0.0000,0.0174,0,0,0.306
8.549,0,0,0,-0.6167,0.0000,-0.6289,-0.0123,3.2886,0.0000,0.0000,0.0000,-0.6363,-0.0273,2.2884,0.025,2064,0.0000,0.0000,0.0174,0,0,0.302
8.652,0,0,0,-0.6167,0.0000,-0.6289,-0.0123,3.3147,0.0000,0.0000,0.0000,-0.6363,-0.0274,2.2893,0.060,2066,0.0000,0.0000,0.0174,0,0,0.307
8.750,0,0,0,-0.6167,0.0000,-0.6289,-0.0123,3.2886,0.0000,0.0000,0.0000,-0.6214,0.0028,-0.6411,0.018,2070,0.0000,0.0000,0.0174,0,0,0.338
8.853,0,0,0,-0.6167,0.0000,-0.6289,-0.0123,3.3047,0.0000,0.0000,0.0000,-0.6215,0.0028,-0.6398,0.054,2072,0.0000,0.0000,0.0174,0,0,0.309
8.948,0,0,0,-0.6167,0.0000,-0.6289,-0.0123,3.2865,0.0000,0.0000,0.0000,-0.6215,0.0028,-0.6385,0.023,2076,0.0000,0.0000,0.0174,0,0,0.331
9.050,0,0,0,-0.6167,0.0000,-0.6289,-0.0123,3.3033,0.0000,0.0000,0.0000,-0.6214,0.0028,-0.6399,0.005,2079,0.0000,0.0000,0.0174,0,0,0.357
9.149,0,0,0,-0.6167,0.0000,-0.6289,-0.0123,3.2864,0.0000,0.0000,0.0000,-0.6363,-0.0274,2.2889,0.028,2082,0.0000,0.0000,0.0174,0,0,0.332
9.252,0,0,0,-0.6167,0.0000,-0.6288,-0.0121,3.2759,0.0000,0.0000,0.0000,-0.6214,0.0028,-0.6399,0.006,2085,0.0000,0.0000,0.0172,0,0,0.342
9.349,0,0,0,-0.6167,0.0000,-0.6288,-0.0121,3.2884,0.0000,0.0000,0.0000,-0.6363,-0.0274,2.2892,0.005,2088,0.0000,0.0000,0.0172,0,0,0.302
9.450,0,0,0,-0.6167,0.0000,-0.6288,-0.0121,3.2767,0.0000,0.0000,0.0000,-0.6214,0.0028,-0.6412,0.007,2091,0.0000,0.0000,0.0172,0,0,0.328
9.549,0,0,0,-0.6167,0.0000,-0.6288,-0.0121,3.2889,0.0000,0.0000,0.0000,-0.6363,-0.0273,2.2871,0.007,2094,0.0000,0.0000,0.0172,0,0,0.354
9.650,0,0,0,-0.6167,0.0000,-0.6289,-0.0123,3.3141,0.0000,0.0000,0.0000,-0.6214,0.0028,-0.6414,0.004,2097,0.0000,0.0000,0.0174,0,0,0.331
9.749,0,0,0,-0.6167,0.0000,-0.6289,-0.0123,3.2910,0.0000,0.0000,0.0000,-0.6363,-0.0274,2.2884,0.029,2100,0.0000,0.0000,0.0174,0,0,0.310
9.849,0,0,0,-0.6167,0.0000,-0.6289,-0.0123,3.3090,0.0000,0.0000,0.0000,-0.6214,0.0028,-0.6395,0.007,2103,0.0000,0.0000,0.0174,0,0,0.343
9.950,0,0,0,-0.6167,0.0000,-0.6289,-0.0123,3.2851,0.0000,0.0000,0.0000,-0.6363,-0.0274,2.2883,0.025,2106,0.0000,0.0000,0.0174,0,0,0.288
0.004,0,0,0,-0.6167,0.0000,-0.6289,-0.0123,3.3200,0.0000,0.0000,0.0000,-0.6214,0.0028,-0.6385,0.059,2108,0.0000,0.0000,0.0174,0,0,0.297
0.098,0,0,0,-0.6167,0.0000,-0.6286,-0.0120,3.2957,0.0000,0.0000,0.0000,-0.6363,-0.0274,2.2883,0.027,2112,0.0101,0.0091,0.0170,0,0,0.308
0.198,0,0,1,-0.6167,0.6167,-0.6278,-0.0106,3.3096,0.0000,0.0000,0.0000,-0.6214,0.0028,-0.6390,0.054,2114,0.0075,0.0997,0.6273,0,0,0.315
0.298,0,0,1,-0.6167,0.6167,-0.6277,-0.0016,3.4761,0.0000,0.0000,0.0000,-0.6212,0.0034,-0.6699,0.017,2118,0.0075,0.0997,0.6183,0,0,0.369
0.399,0,0,1,-0.6167,0.6167,-0.6275,0.0073,3.3583,0.0000,0.0000,0.0000,-0.6182,0.0140,-0.3360,0.006,2121,0.0075,0.0997,0.6094,0,0,0.322
0.497,0,0,1,-0.6167,0.6167,-0.6271,0.0172,3.3603,0.0000,0.0000,0.0000,-0.6285,-0.0128,2.1342,0.035,2124,0.0075,0.0997,0.5995,0,0,0.337
0.600,0,0,1,-0.6167,0.6167,-0.6267,0.0280,3.4818,0.0000,0.0000,0.0000,-0.6059,0.0408,0.0383,0.006,2127,0.0074,0.0997,0.5888,0,0,0.348
0.698,0,0,1,-0.6167,0.6167,-0.6265,0.0357,3.4230,0.0000,0.0000,0.0000,-0.6335,0.0102,2.4785,0.018,2130,0.0074,0.0997,0.5810,0,0,0.332
0.799,0,0,1,-0.6167,0.6167,-0.6262,0.0454,3.5891,0.0000,0.0000,0.0000,-0.6024,0.0542,-0.0975,0.006,2133,0.0074,0.0997,0.5714,0,0,0.317
0.901,0,0,1,-0.6167,0.6167,-0.6255,0.0551,3.3975,0.0000,0.0000,0.0000,-0.6098,0.0601,-0.2018,0.039,2135,0.0073,0.0997,0.5616,0,0,0.297
0.997,0,0,1,-0.6167,0.6167,-0.6252,0.0644,3.3434,0.0000,0.0000,0.0000,-0.6009,0.0783,-0.0300,0.008,2139,0.0073,0.0997,0.5523,0,0,0.295
1.098,0,0,1,-0.6167,0.6167,-0.6244,0.0750,3.4282,0.0000,0.0000,0.0000,-0.6277,0.0427,2.0233,0.033,2142,0.0072,0.0997,0.5417,0,0,0.279
1.199,0,0,1,-0.6167,0.6167,-0.6241,0.0847,3.5476,0.0000,0.0000,0.0000,-0.5954,0.0991,0.3414,0.009,2145,0.0071,0.0997,0.5320,0,0,0.293
1.298,0,0,1,-0.6167,0.6167,-0.6232,0.0934,3.4808,0.0000,0.0000,0.0000,-0.6260,0.0659,2.1555,0.033,2148,0.0070,0.0998,0.5233,0,0,0.284
1.399,0,0,1,-0.6167,0.6167,-0.6228,0.1032,3.4535,0.0000,0.0000,0.0000,-0.5996,0.1116,0.0057,0.058,2150,0.0069,0.0998,0.5135,0,0,0.253
1.498,0,0,1,-0.6167,0.6167,-0.6222,0.1131,3.4704,0.0000,0.0000,0.0000,-0.5992,0.1228,-0.2125,0.018,2154,0.0068,0.0998,0.5036,0,0,0.256
1.598,0,0,1,-0.6167,0.6167,-0.6219,0.1226,3.4865,0.0000,0.0000,0.0000,-0.6011,0.1317,-0.2738,0.004,2157,0.0068,0.0998,0.4941,0,0,0.274
1.697,0,0,1,-0.6167,0.6167,-0.6214,0.1323,3.3905,0.0000,0.0000,0.0000,-0.6376,0.1125,2.6041,0.026,2160,0.0067,0.0998,0.4843,0,0,0.293
1.799,0,0,1,-0.6167,0.6167,-0.6210,0.1430,3.4201,0.0000,0.0000,0.0000,-0.6047,0.1470,-0.5611,0.014,2163,0.0066,0.0998,0.4737,0,0,0.281
1.897,0,0,1,-0.6167,0.6167,-0.6209,0.1526,3.5077,0.0000,0.0000,0.0000,-0.6344,0.1332,2.5376,0.027,2166,0.0067,0.0998,0.4641,0,0,0.229
1.999,0,0,1,-0.6167,0.6167,-0.6210,0.1644,3.4831,0.0000,0.0000,0.0000,-0.5941,0.1732,0.0684,0.008,2170,0.0067,0.0998,0.4522,0,0,0.213
2.098,0,0,1,-0.6167,0.6167,-0.6217,0.1744,3.3782,0.0000,0.0000,0.0000,-0.6293,0.1496,2.4368,0.005,2175,0.0069,0.0998,0.4423,0,0,0.265
2.199,0,0,1,-0.6167,0.6167,-0.6214,0.1857,3.3393,0.0000,0.0000,0.0000,-0.5903,0.1906,-0.1258,0.013,2179,0.0068,0.0998,0.4310,0,0,0.209
2.298,0,0,1,-0.6167,0.6167,-0.6219,0.1949,3.3375,0.0000,0.0000,0.0000,-0.6291,0.1705,2.2178,0.026,2182,0.0003,0.0930,0.4218,0,0,0.181
2.399,0,0,1,-0.6167,0.6167,-0.6227,0.2054,3.4545,0.0000,0.0000,0.0000,-0.6612,0.2604,-0.9584,0.028,2185,-0.0024,0.0902,0.4113,0,0,0.173
2.499,0,0,1,-0.6167,0.6167,-0.6232,0.2154,3.3642,0.0000,0.0000,0.0000,-0.6645,0.2596,-0.6295,0.009,2189,0.0148,0.0923,0.4013,0,0,0.179
2.598,0,0,1,-0.6167,0.6167,-0.6232,0.2234,3.4135,0.0000,0.0000,0.0000,-0.6645,0.2597,-0.6077,0.045,2191,0.0141,0.0930,0.3933,0,0,0.181
2.698,0,0,1,-0.6167,0.6167,-0.6240,0.2347,3.5474,0.0000,0.0000,0.0000,-0.6534,0.3021,-0.9027,0.016,2195,-0.0019,0.0902,0.3820,0,0,0.173
2.799,0,0,1,-0.6167,0.6167,-0.6250,0.2441,3.5003,0.0000,0.0000,0.0000,-0.6562,0.3014,-0.6415,0.043,2197,-0.0009,0.0908,0.3726,0,0,0.175
2.897,0,0,1,-0.6167,0.6167,-0.6261,0.2540,3.4194,0.0000,0.0000,0.0000,-0.6561,0.3017,-0.6191,0.016,2201,-0.0030,0.0883,0.3628,0,0,0.168
2.997,0,0,1,-0.6167,0.6167,-0.6264,0.2623,3.3421,0.0000,0.0000,0.0000,-0.5901,0.2514,-0.6079,0.004,2205,0.0085,0.0996,0.3545,0,0,0.213
3.098,0,0,1,-0.6167,0.6167,-0.6262,0.2722,3.2966,0.0000,0.0000,0.0000,-0.6576,0.3020,-0.4118,0.013,2210,0.0085,0.0996,0.3446,0,0,0.236
3.201,0,0,1,-0.6167,0.6167,-0.6253,0.2826,3.3710,0.0000,0.0000,0.0000,-0.5919,0.2633,-0.8392,0.010,2214,0.0309,0.0903,0.3342,0,0,0.151
3.298,0,0,1,-0.6167,0.6167,-0.6233,0.2902,3.2315,0.0000,0.0000,0.0000,-0.6290,0.2595,2.3691,0.032,2218,0.0309,0.0901,0.3265,0,0,0.150
3.398,0,0,1,-0.6167,0.6167,-0.6202,0.2989,3.4028,0.0000,0.0000,0.0000,-0.5799,0.2838,-0.6536,0.007,2221,0.0406,0.0858,0.3178,0,0,0.127
3.498,0,0,1,-0.6167,0.6167,-0.6160,0.3075,3.3470,0.0000,0.0000,0.0000,-0.6294,0.2736,2.4178,0.019,2224,-0.0328,0.0840,0.3091,0,0,0.117
3.599,0,0,1,-0.6167,0.6167,-0.6166,0.3146,3.2411,0.0000,0.0000,0.0000,-0.5780,0.2958,-1.0832,0.009,2227,-0.0326,0.0840,0.3020,0,0,0.117
3.697,0,0,1,-0.6167,0.6167,-0.6191,0.3224,3.3478,0.0000,0.0000,0.0000,-0.6238,0.2914,2.3451,0.008,2230,-0.0318,0.0839,0.2942,0,0,0.117
3.799,0,0,1,-0.6167,0.6167,-0.6209,0.3301,3.4516,0.0000,0.0000,0.0000,-0.5797,0.3141,-0.6147,0.016,2233,0.0072,0.0997,0.2866,0,0,0.295
3.898,0,0,1,-0.6167,0.6167,-0.6211,0.3407,3.4591,0.0000,0.0000,0.0000,-0.6266,0.4018,-0.0823,0.016,2238,0.0073,0.0997,0.2760,0,0,0.320
3.997,0,0,1,-0.6167,0.6167,-0.6209,0.3497,3.3820,0.0000,0.0000,0.0000,-0.5780,0.3251,-0.9834,0.008,2242,-0.0342,0.0997,0.2670,0,0,0.117
4.098,0,0,1,-0.6167,0.6167,-0.6231,0.3612,3.3451,0.0000,0.0000,0.0000,-0.6344,0.4366,-0.3623,0.017,2245,-0.0333,0.0997,0.2555,0,0,0.117
4.198,0,0,1,-0.6167,0.6167,-0.6263,0.3719,3.3598,0.0000,0.0000,0.0000,-0.6358,0.4361,-0.2548,0.047,2247,-0.0319,0.0995,0.2450,0,0,0.117
4.301,0,0,1,-0.6167,0.6167,-0.6285,0.3816,3.5407,0.0000,0.0000,0.0000,-0.5740,0.3574,-0.6889,0.018,2250,0.0508,0.0994,0.2354,0,0,0.120
4.398,0,0,1,-0.6167,0.6167,-0.6271,0.3906,3.3504,0.0000,0.0000,0.0000,-0.5746,0.3707,-0.6088,0.011,2252,0.0313,0.0995,0.2263,0,0,0.158
4.498,0,0,1,-0.6167,0.6167,-0.6236,0.4011,3.2226,0.0000,0.0000,0.0000,-0.5770,0.3746,-0.6574,0.041,2253,-0.0127,0.1086,0.2157,0,0,0.153
4.597,0,0,1,-0.6167,0.6167,-0.6242,0.4104,3.5287,0.0000,0.0000,0.0000,-0.5736,0.3807,-0.9716,0.012,2255,-0.0290,0.1154,0.2064,0,0,0.117
4.698,0,0,1,-0.6167,0.6167,-0.6261,0.4218,3.5083,0.0000,0.0000,0.0000,-0.5754,0.3844,-1.0286,0.043,2256,0.0489,0.1153,0.1951,0,0,0.117
4.798,0,0,1,-0.6167,0.6167,-0.6245,0.4329,3.6249,0.0000,0.0000,0.0000,-0.5812,0.3952,-1.1816,0.007,2258,0.0483,0.1154,0.1840,0,0,0.117
4.898,0,0,1,-0.6167,0.6167,-0.6190,0.4426,3.3598,0.0000,0.0000,0.0000,-0.5812,0.4000,-1.3320,0.041,2259,-0.0313,0.1156,0.1741,0,0,0.117
4.998,0,0,1,-0.6167,0.6167,-0.6184,0.4564,3.4594,0.0000,0.0000,0.0000,-0.5563,0.5364,3.5233,0.009,2261,0.0179,0.1044,0.1603,0,0,0.176
5.098,0,0,1,-0.6167,0.6167,-0.6173,0.4694,3.4518,0.0000,0.0000,0.0000,-0.5562,0.5438,3.3239,0.041,2262,0.0062,0.0998,0.1473,0,0,0.200
5.198,0,0,1,-0.6167,0.6167,-0.6163,0.4811,3.5211,0.0000,0.0000,0.0000,-0.6105,0.5451,0.2676,0.003,2265,-0.0012,0.1066,0.1356,0,0,0.181
5.297,0,0,1,-0.6167,0.6167,-0.6152,0.4968,3.4782,0.0000,0.0000,0.0000,-0.5533,0.5677,3.6004,0.036,2268,-0.0109,0.1110,0.1198,0,0,0.155
5.398,0,0,1,-0.6167,0.6167,-0.6154,0.5089,3.4269,0.0000,0.0000,0.0000,-0.6170,0.5450,0.6848,0.038,2271,0.0149,0.0752,0.1078,0,0,0.164
5.497,0,0,1,-0.6167,0.6167,-0.6142,0.5200,3.6711,0.0000,0.0000,0.0000,-0.5529,0.5947,3.8176,0.006,2275,0.0109,0.0688,0.0967,0,0,0.169
5.598,0,0,1,-0.6167,0.6167,-0.6121,0.5302,3.6404,0.0000,0.0000,0.0000,-0.5499,0.6041,4.2353,0.037,2277,-0.0066,0.0761,0.0866,0,0,0.172
5.698,0,0,1,-0.6167,0.6167,-0.6118,0.5408,3.5028,0.0000,0.0000,0.0000,-0.6065,0.5848,0.6516,0.014,2281,-0.0077,0.0535,0.0760,0,0,0.166
5.799,0,0,1,-0.6167,0.6167,-0.6114,0.5469,3.3731,0.0000,0.0000,0.0000,-0.6113,0.5351,0.6995,0.008,2284,0.0000,0.0000,0.0700,0,0,0.171
5.898,0,0,1,-0.6167,0.6167,-0.6111,0.5485,3.4007,0.0000,0.0000,0.0000,-0.6095,0.5851,0.8361,0.017,2287,0.0000,0.0000,0.0684,0,0,0.179
5.999,0,0,1,-0.6167,0.6167,-0.6109,0.5490,3.4023,0.0000,0.0000,0.0000,-0.6114,0.5408,0.5816,0.014,2290,0.0000,0.0000,0.0679,0,0,0.172
6.098,0,0,1,-0.6167,0.6167,-0.6108,0.5493,3.4154,0.0000,0.0000,0.0000,-0.6099,0.5851,0.8616,0.014,2293,0.0000,0.0000,0.0676,0,0,0.167
6.199,0,0,1,-0.6167,0.6167,-0.6106,0.5502,3.3965,0.0000,0.0000,0.0000,-0.6114,0.5407,0.5838,0.009,2296,0.0000,0.0000,0.0667,0,0,0.162
6.298,0,0,1,-0.6167,0.6167,-0.6105,0.5505,3.4004,0.0000,0.0000,0.0000,-0.6114,0.5407,0.5843,0.042,2298,0.0000,0.0000,0.0664,0,0,0.155
6.397,0,0,1,-0.6167,0.6167,-0.6103,0.5512,3.3729,0.0000,0.0000,0.0000,-0.6115,0.5407,0.5851,0.013,2302,0.0000,0.0000,0.0658,0,0,0.171
6.499,0,0,1,-0.6167,0.6167,-0.6102,0.5515,3.3962,0.0000,0.0000,0.0000,-0.6115,0.5407,0.5856,0.045,2304,0.0000,0.0000,0.0655,0,0,0.164
6.599,0,0,1,-0.6167,0.6167,-0.6101,0.5518,3.4084,0.0000,0.0000,0.0000,-0.6115,0.5407,0.5850,0.002,2308,0.0000,0.0000,0.0652,0,0,0.165
6.697,0,0,1,-0.6167,0.6167,-0.6100,0.5524,3.3807,0.0000,0.0000,0.0000,-0.6099,0.5851,0.8626,0.008,2311,0.0000,0.0000,0.0646,0,0,0.158
6.799,0,0,1,-0.6167,0.6167,-0.6099,0.5530,3.3776,0.0000,0.0000,0.0000,-0.6115,0.5407,0.5857,0.008,2314,0.0000,0.0000,0.0640,1,1,0.161
6.899,0,0,1,-0.6167,0.6167,-0.6098,0.5535,3.3430,0.0000,0.0000,0.0000,-0.6099,0.5852,0.8616,0.017,2317,0.0000,0.0000,0.0635,1,1,0.174
6.998,0,0,1,-0.6167,0.6167,-0.6098,0.5538,3.3601,0.0000,0.0000,0.0000,-0.6099,0.5852,0.8615,0.042,2319,0.0000,0.0000,0.0633,1,1,0.170
7.098,0,0,1,-0.6167,0.6167,-0.6097,0.5538,3.3539,0.0000,0.0000,0.0000,-0.6103,0.5853,0.8802,0.006,2323,0.0000,0.0000,0.0632,1,1,0.163
7.198,0,0,1,-0.6167,0.6167,-0.6097,0.5539,3.3842,0.0000,0.0000,0.0000,-0.6115,0.5407,0.5869,0.008,2325,0.0000,0.0000,0.0631,1,1,0.160
7.298,0,0,1,-0.6167,0.6167,-0.6097,0.5536,3.3989,0.0000,0.0000,0.0000,-0.6115,0.5407,0.5867,0.046,2326,0.0000,0.0000,0.0634,1,1,0.160
7.398,0,0,1,-0.6167,0.6167,-0.6097,0.5532,3.4167,0.0000,0.0000,0.0000,-0.6116,0.5406,0.5903,0.016,2328,0.0000,0.0000,0.0638,1,1,0.158
7.498,0,0,1,-0.6167,0.6167,-0.6097,0.5531,3.4575,0.0000,0.0000,0.0000,-0.6116,0.5406,0.5902,0.043,2329,0.0000,0.0000,0.0640,1,1,0.181
7.598,0,0,1,-0.6167,0.6167,-0.6097,0.5529,3.5059,0.0000,0.0000,0.0000,-0.6116,0.5406,0.5908,0.011,2331,0.0000,0.0000,0.0641,1,1,0.165
7.698,0,0,1,-0.6167,0.6167,-0.6097,0.5525,3.5176,0.0000,0.0000,0.0000,-0.6116,0.5406,0.5906,0.043,2332,0.0000,0.0000,0.0645,1,1,0.161
7.797,0,0,1,-0.6167,0.6167,-0.6097,0.5521,3.5385,0.0000,0.0000,0.0000,-0.6116,0.5406,0.5910,0.013,2334,0.0000,0.0000,0.0649,1,1,0.153
7.897,0,0,1,-0.6167,0.6167,-0.6097,0.5520,3.5825,0.0000,0.0000,0.0000,-0.6116,0.5406,0.5899,0.040,2335,0.0000,0.0000,0.0651,1,1,0.160
7.999,0,0,1,-0.6167,0.6167,-0.6097,0.5516,3.5902,0.0000,0.0000,0.0000,-0.6115,0.5406,0.5898,0.016,2337,0.0000,0.0000,0.0654,1,1,0.176
8.097,0,0,1,-0.6167,0.6167,-0.6097,0.5515,3.6215,0.0000,0.0000,0.0000,-0.6115,0.5406,0.5892,0.041,2338,0.0000,0.0000,0.0655,1,1,0.154
8.199,0,0,1,-0.6167,0.6167,-0.6097,0.5513,3.6594,0.0000,0.0000,0.0000,-0.6115,0.5406,0.5900,0.058,2339,0.0000,0.0000,0.0657,1,1,0.164
8.297,0,0,1,-0.6167,0.6167,-0.6098,0.5510,3.6618,0.0000,0.0000,0.0000,-0.6116,0.5406,0.5903,0.020,2341,0.0000,0.0000,0.0660,1,1,0.180
8.400,0,0,1,-0.6167,0.6167,-0.6098,0.5506,3.6794,0.0000,0.0000,0.0000,-0.6116,0.5406,0.5901,0.009,2343,0.0000,0.0000,0.0664,1,1,0.180
8.498,0,0,1,-0.6167,0.6167,-0.6098,0.5505,3.7049,0.0000,0.0000,0.0000,-0.6115,0.5406,0.5897,0.039,2344,0.0000,0.0000,0.0665,1,1,0.175
8.598,0,0,1,-0.6167,0.6167,-0.6098,0.5502,3.7127,0.0000,0.0000,0.0000,-0.6116,0.5406,0.5904,0.016,2346,0.0000,0.0000,0.0669,1,1,0.176
8.697,0,0,1,-0.6167,0.6167,-0.6098,0.5500,3.7516,0.0000,0.0000,0.0000,-0.6115,0.5406,0.5893,0.043,2347,0.0000,0.0000,0.0670,1,1,0.160
8.798,0,0,1,-0.6167,0.6167,-0.6099,0.5498,3.7901,0.0000,0.0000,0.0000,-0.6115,0.5406,0.5893,0.010,2349,0.0000,0.0000,0.0672,1,1,0.171
8.898,0,0,1,-0.6167,0.6167,-0.6099,0.5496,3.7806,0.0000,0.0000,0.0000,-0.6116,0.5406,0.5901,0.044,2350,0.0000,0.0000,0.0674,1,1,0.185
8.999,0,0,1,-0.6167,0.6167,-0.6099,0.5492,3.7845,0.0000,0.0000,0.0000,-0.6116,0.5406,0.5907,0.014,2352,0.0000,0.0000,0.0678,1,1,0.165
9.097,0,0,1,-0.6167,0.6167,-0.6099,0.5491,3.8210,0.0000,0.0000,0.0000,-0.6116,0.5406,0.5907,0.043,2353,0.0000,0.0000,0.0679,1,1,0.160
9.199,0,0,1,-0.6167,0.6167,-0.6099,0.5490,3.8478,0.0000,0.0000,0.0000,-0.6116,0.5406,0.5904,0.014,2355,0.0000,0.0000,0.0680,1,1,0.157
9.298,0,0,1,-0.6167,0.6167,-0.6100,0.5487,3.8511,0.0000,0.0000,0.0000,-0.6116,0.5406,0.5903,0.044,2356,0.0000,0.0000,0.0683,1,1,0.156
9.399,0,0,1,-0.6167,0.6167,-0.6100,0.5484,3.8436,0.0000,0.0000,0.0000,-0.6115,0.5406,0.5901,0.015,2358,0.0000,0.0000,0.0686,1,1,0.165
9.498,0,0,1,-0.6167,0.6167,-0.6100,0.5483,3.8786,0.0000,0.0000,0.0000,-0.6115,0.5406,0.5903,0.024,2359,0.0000,0.0000,0.0687,1,1,0.160
9.599,0,0,1,-0.6167,0.6167,-0.6100,0.5481,3.9018,0.0000,0.0000,0.0000,-0.6115,0.5406,0.5902,0.039,2360,0.0000,0.0000,0.0688,1,1,0.183
9.697,0,0,1,-0.6167,0.6167,-0.6101,0.5479,3.8950,0.0000,0.0000,0.0000,-0.6116,0.5406,0.5909,0.044,2362,0.0000,0.0000,0.0691,1,1,0.160
9.798,0,0,1,-0.6167,0.6167,-0.6101,0.5476,3.8911,0.0000,0.0000,0.0000,-0.6116,0.5406,0.5912,0.016,2364,0.0000,0.0000,0.0694,1,1,0.156
9.897,0,0,1,-0.6167,0.6167,-0.6101,0.5475,3.9266,0.0000,0.0000,0.0000,-0.6116,0.5406,0.5917,0.043,2365,0.0000,0.0000,0.0695,1,1,0.163
9.998,0,0,1,-0.6167,0.6167,-0.6102,0.5473,3.9143,0.0000,0.0000,0.0000,-0.6116,0.5406,0.5908,0.013,2367,0.0000,0.0000,0.0697,1,1,0.179
10.098,0,0,1,-0.6167,0.6167,-0.6102,0.5471,3.9469,0.0000,0.0000,0.0000,-0.6116,0.5406,0.5912,0.044,2368,0.0000,0.0000,0.0698,1,1,0.190
10.198,0,0,1,-0.6167,0.6167,-0.6102,0.5469,3.9327,0.0000,0.0000,0.0000,-0.6115,0.5406,0.5904,0.014,2370,0.0000,0.0000,0.0701,1,1,0.163
10.300,0,0,1,-0.6167,0.6167,-0.6102,0.5468,3.9578,0.0000,0.0000,0.0000,-0.6115,0.5406,0.5907,0.043,2371,0.0000,0.0000,0.0702,1,1,0.162
10.398,0,0,1,-0.6167,0.6167,-0.6103,0.5466,3.9512,0.0000,0.0000,0.0000,-0.6115,0.5406,0.5899,0.014,2373,0.0000,0.0000,0.0704,1,1,0.164
10.498,0,0,1,-0.6167,0.6167,-0.6103,0.5465,3.9762,0.0000,0.0000,0.0000,-0.6115,0.5406,0.5904,0.043,2374,0.0000,0.0000,0.0705,1,1,0.156
10.598,0,0,1,-0.6167,0.6167,-0.6103,0.5463,3.9672,0.0000,0.0000,0.0000,-0.6115,0.5406,0.5904,0.013,2376,0.0000,0.0000,0.0707,1,1,0.159
10.698,0,0,1,-0.6167,0.6167,-0.6103,0.5462,4.0003,0.0000,0.0000,0.0000,-0.6115,0.5406,0.5908,0.036,2377,0.0000,0.0000,0.0708,1,1,0.175
10.799,0,0,1,-0.6167,0.6167,-0.6103,0.5473,3.9360,0.0000,0.0000,0.0000,-0.6116,0.5406,0.5914,0.014,2380,0.0000,0.0000,0.0697,1,1,0.145
10.897,0,0,1,-0.6167,0.6167,-0.6102,0.5497,3.8677,0.0000,0.0000,0.0000,-0.6076,0.6222,0.1253,0.016,2383,0.0000,0.0000,0.0673,1,1,0.183
10.999,0,0,1,-0.6167,0.6167,-0.6102,0.5508,3.8469,0.0000,0.0000,0.0000,-0.6076,0.6222,0.1244,0.044,2385,0.0000,0.0000,0.0662,1,1,0.159
11.099,0,0,1,-0.6167,0.6167,-0.6102,0.5516,3.8018,0.0000,0.0000,0.0000,-0.6076,0.6222,0.1247,0.009,2389,0.0000,0.0000,0.0654,1,1,0.187
11.198,0,0,1,-0.6167,0.6167,-0.6101,0.5536,3.7456,0.0000,0.0000,0.0000,-0.6116,0.5406,0.5914,0.011,2392,0.0000,0.0000,0.0634,1,1,0.165
11.298,0,0,1,-0.6167,0.6167,-0.6101,0.5554,3.6568,0.0000,0.0000,0.0000,-0.6076,0.6222,0.1270,0.019,2395,0.0000,0.0000,0.0616,1,1,0.164
11.399,0,0,1,-0.6167,0.6167,-0.6101,0.5559,3.6127,0.0000,0.0000,0.0000,-0.6115,0.5406,0.5908,0.017,2398,0.0000,0.0000,0.0611,1,1,0.164
11.498,0,0,1,-0.6167,0.6167,-0.6099,0.5596,3.5543,0.0000,0.0000,0.0000,-0.5960,0.8079,-3.8350,0.011,2401,0.0000,0.0000,0.0575,1,1,0.184
11.597,0,0,1,-0.6167,0.6167,-0.6095,0.5664,3.3931,0.0000,0.0000,0.0000,-0.6116,0.5406,0.5916,0.016,2404,0.0000,0.0000,0.0508,1,1,0.181
11.698,0,0,1,-0.6167,0.6167,-0.6091,0.5732,3.2695,0.0000,0.0000,0.0000,-0.5960,0.8079,-3.8348,0.016,2407,0.0000,0.0000,0.0442,1,1,0.156
11.797,0,0,1,-0.6167,0.6167,-0.6090,0.5757,3.2030,0.0000,0.0000,0.0000,-0.6116,0.5406,0.5915,0.013,2410,0.0000,0.0000,0.0417,1,1,0.180
11.898,0,0,1,-0.6167,0.6167,-0.6091,0.5755,3.2179,0.0000,0.0000,0.0000,-0.6116,0.5406,0.5917,0.044,2412,0.0000,0.0000,0.0419,1,1,0.160
11.998,0,0,1,-0.6167,0.6167,-0.6092,0.5751,3.1689,0.0000,0.0000,0.0000,-0.6116,0.5406,0.5919,0.013,2416,0.0000,0.0000,0.0422,1,1,0.173
12.098,0,0,1,-0.6167,0.6167,-0.6093,0.5753,3.1550,0.0000,0.0000,0.0000,-0.6109,0.5983,0.5899,0.015,2419,0.0000,0.0000,0.0420,1,1,0.173
12.200,0,0,1,-0.6167,0.6167,-0.6093,0.5751,3.1687,0.0000,0.0000,0.0000,-0.6109,0.5983,0.5897,0.057,2421,0.0000,0.0000,0.0422,1,1,0.163
12.299,0,0,1,-0.6167,0.6167,-0.6094,0.5745,3.1563,0.0000,0.0000,0.0000,-0.6108,0.5983,0.5877,0.008,2425,0.0000,0.0000,0.0428,1,1,0.165
12.398,0,0,1,-0.6167,0.6167,-0.6095,0.5747,3.1443,0.0000,0.0000,0.0000,-0.6115,0.5406,0.5914,0.003,2428,0.0000,0.0000,0.0426,1,1,0.176
12.498,0,0,1,-0.6167,0.6167,-0.6096,0.5744,3.1112,0.0000,0.0000,0.0000,-0.6108,0.5983,0.5879,0.016,2431,0.0000,0.0000,0.0429,1,1,0.161
12.598,0,0,1,-0.6167,0.6167,-0.6096,0.5738,3.1042,0.0000,0.0000,0.0000,-0.6116,0.5405,0.5923,0.013,2434,0.0000,0.0000,0.0435,1,1,0.153
12.698,0,0,1,-0.6167,0.6167,-0.6097,0.5740,3.0968,0.0000,0.0000,0.0000,-0.6108,0.5984,0.5886,0.016,2437,0.0000,0.0000,0.0433,1,1,0.152
12.801,0,0,1,-0.6167,0.6167,-0.6098,0.5734,3.1020,0.0000,0.0000,0.0000,-0.6115,0.5405,0.5915,0.014,2440,0.0000,0.0000,0.0438,1,1,0.163
12.899,0,0,1,-0.6167,0.6167,-0.6098,0.5736,3.0949,0.0000,0.0000,0.0000,-0.6108,0.5984,0.5862,0.019,2443,0.0000,0.0000,0.0436,1,1,0.176
12.997,0,0,1,-0.6167,0.6167,-0.6099,0.5731,3.0796,0.0000,0.0000,0.0000,-0.6115,0.5405,0.5910,0.014,2446,0.0000,0.0000,0.0441,1,1,0.159
13.099,0,0,1,-0.6167,0.6167,-0.6099,0.5730,3.0942,0.0000,0.0000,0.0000,-0.6115,0.5405,0.5918,0.048,2448,0.0000,0.0000,0.0442,1,1,0.162
13.198,0,0,1,-0.6167,0.6167,-0.6100,0.5728,3.0700,0.0000,0.0000,0.0000,-0.6116,0.5405,0.5924,0.013,2452,0.0000,0.0000,0.0444,1,1,0.156
13.298,0,0,1,-0.6167,0.6167,-0.6100,0.5727,3.0913,0.0000,0.0000,0.0000,-0.6104,0.5986,0.5643,0.007,2455,0.0000,0.0000,0.0445,1,1,0.153
13.399,0,0,1,-0.6167,0.6167,-0.6100,0.5729,3.0787,0.0000,0.0000,0.0000,-0.6115,0.5405,0.5912,0.016,2458,0.0000,0.0000,0.0442,1,1,0.156
13.497,0,0,1,-0.6167,0.6167,-0.6101,0.5728,3.0515,0.0000,0.0000,0.0000,-0.6104,0.5986,0.5650,0.016,2461,0.0000,0.0000,0.0444,1,1,0.170
13.598,0,0,1,-0.6167,0.6167,-0.6101,0.5723,3.0485,0.0000,0.0000,0.0000,-0.6115,0.5405,0.5914,0.015,2464,0.0000,0.0000,0.0449,1,1,0.168
13.697,0,0,1,-0.6167,0.6167,-0.6100,0.5752,3.0039,0.0000,0.0000,0.0000,-0.6000,0.7955,-3.5814,0.014,2467,0.0000,0.0000,0.0420,1,1,0.166
13.798,0,0,1,-0.6167,0.6167,-0.6099,0.5777,2.9754,0.0000,0.0000,0.0000,-0.6115,0.5405,0.5915,0.035,2469,0.0000,0.0000,0.0396,1,1,0.164
13.897,0,0,1,-0.6167,0.6167,-0.6099,0.5778,2.9774,0.0000,0.0000,0.0000,-0.6115,0.5405,0.5916,0.005,2473,0.0000,0.0000,0.0394,1,1,0.161
13.998,0,0,1,-0.6167,0.6167,-0.6099,0.5767,2.9444,0.0000,0.0000,0.0000,-0.6115,0.5405,0.5920,0.016,2476,0.0000,0.0000,0.0405,1,1,0.173
14.097,0,0,1,-0.6167,0.6167,-0.6099,0.5769,2.9454,0.0000,0.0000,0.0000,-0.6090,0.6023,0.5261,0.013,2479,0.0000,0.0000,0.0403,1,1,0.157
14.198,0,0,1,-0.6167,0.6167,-0.6100,0.5763,2.9437,0.0000,0.0000,0.0000,-0.6116,0.5405,0.5925,0.012,2482,0.0000,0.0000,0.0410,1,1,0.164
14.298,0,0,1,-0.6167,0.6167,-0.6100,0.5765,2.9437,0.0000,0.0000,0.0000,-0.6090,0.6023,0.5262,0.015,2485,0.0000,0.0000,0.0407,1,1,0.157
14.397,0,0,1,-0.6167,0.6167,-0.6100,0.5759,2.9422,0.0000,0.0000,0.0000,-0.6115,0.5405,0.5915,0.015,2488,0.0000,0.0000,0.0413,1,1,0.170
14.497,0,0,1,-0.6167,0.6167,-0.6100,0.5758,2.9625,0.0000,0.0000,0.0000,-0.6090,0.6023,0.5264,0.006,2491,0.0000,0.0000,0.0415,1,1,0.162
14.599,0,0,1,-0.6167,0.6167,-0.6100,0.5755,2.9421,0.0000,0.0000,0.0000,-0.6115,0.5405,0.5923,0.015,2494,0.0000,0.0000,0.0417,1,1,0.152
14.698,0,0,1,-0.6167,0.6167,-0.6100,0.5754,2.9687,0.0000,0.0000,0.0000,-0.6115,0.5405,0.5922,0.032,2496,0.0000,0.0000,0.0418,1,1,0.159
14.798,0,0,1,-0.6167,0.6167,-0.6100,0.5752,2.9428,0.0000,0.0000,0.0000,-0.6115,0.5405,0.5916,0.015,2500,0.0000,0.0000,0.0420,1,1,0.170
14.897,0,0,1,-0.6167,0.6167,-0.6100,0.5754,2.9467,0.0000,0.0000,0.0000,-0.6090,0.6023,0.5268,0.018,2503,0.0000,0.0000,0.0418,1,1,0.162
14.999,0,0,1,-0.6167,0.6167,-0.6100,0.5753,2.9716,0.0000,0.0000,0.0000,-0.6090,0.6023,0.5271,0.042,2505,0.0000,0.0000,0.0419,1,1,0.181
15.098,0,0,1,-0.6167,0.6167,-0.6100,0.5748,2.9740,0.0000,0.0000,0.0000,-0.6090,0.6023,0.5259,0.008,2509,0.0000,0.0000,0.0424,1,1,0.163
15.198,0,0,1,-0.6167,0.6167,-0.6101,0.5746,2.9483,0.0000,0.0000,0.0000,-0.6115,0.5405,0.5921,0.013,2512,0.0000,0.0000,0.0426,1,1,0.180
15.297,0,0,1,-0.6167,0.6167,-0.6101,0.5749,2.9493,0.0000,0.0000,0.0000,-0.6090,0.6023,0.5270,0.015,2515,0.0000,0.0000,0.0423,1,1,0.185
15.399,0,0,1,-0.6167,0.6167,-0.6101,0.5743,2.9512,0.0000,0.0000,0.0000,-0.6115,0.5405,0.5924,0.015,2518,0.0000,0.0000,0.0428,1,1,0.158
15.498,0,0,1,-0.6167,0.6167,-0.6101,0.5746,2.9530,0.0000,0.0000,0.0000,-0.6090,0.6023,0.5267,0.014,2521,0.0000,0.0000,0.0426,1,1,0.175
15.597,0,0,1,-0.6167,0.6167,-0.6101,0.5741,2.9591,0.0000,0.0000,0.0000,-0.6115,0.5405,0.5918,0.014,2524,0.0000,0.0000,0.0431,1,1,0.159
15.697,0,0,1,-0.6167,0.6167,-0.6101,0.5744,2.9593,0.0000,0.0000,0.0000,-0.6090,0.6023,0.5256,0.015,2527,0.0000,0.0000,0.0428,1,1,0.173
15.797,0,0,1,-0.6167,0.6167,-0.6101,0.5739,2.9559,0.0000,0.0000,0.0000,-0.6115,0.5405,0.5920,0.015,2530,0.0000,0.0000,0.0433,1,1,0.148
15.897,0,0,1,-0.6167,0.6167,-0.6101,0.5738,2.9760,0.0000,0.0000,0.0000,-0.6115,0.5405,0.5925,0.041,2532,0.0000,0.0000,0.0434,1,1,0.179
15.998,0,0,1,-0.6167,0.6167,-0.6101,0.5741,2.9773,0.0000,0.0000,0.0000,-0.6115,0.5405,0.5924,0.011,2536,0.0000,0.0000,0.0431,1,1,0.165
16.098,0,0,1,-0.6167,0.6167,-0.6101,0.5736,2.9863,0.0000,0.0000,0.0000,-0.6115,0.5405,0.5920,0.043,2538,0.0000,0.0000,0.0435,1,1,0.161
16.198,0,0,1,-0.6167,0.6167,-0.6101,0.5739,2.9806,0.0000,0.0000,0.0000,-0.6115,0.5405,0.5922,0.008,2542,0.0000,0.0000,0.0432,1,1,0.164
16.298,0,0,1,-0.6167,0.6167,-0.6101,0.5742,2.9855,0.0000,0.0000,0.0000,-0.6115,0.5405,0.5925,0.010,2545,0.0000,0.0000,0.0429,1,1,0.164
16.400,0,0,1,-0.6167,0.6167,-0.6101,0.5737,2.9839,0.0000,0.0000,0.0000,-0.6115,0.5405,0.5927,0.007,2548,0.0000,0.0000,0.0434,1,1,0.158
16.497,0,0,1,-0.6167,0.6167,-0.6101,0.5736,2.9636,0.0000,0.0000,0.0000,-0.6090,0.6023,0.5259,0.016,2551,0.0000,0.0000,0.0435,1,1,0.164
16.597,0,0,1,-0.6167,0.6167,-0.6102,0.5731,2.9673,0.0000,0.0000,0.0000,-0.6115,0.5405,0.5927,0.015,2554,0.0000,0.0000,0.0440,1,1,0.161
16.698,0,0,1,-0.6167,0.6167,-0.6101,0.5735,2.9619,0.0000,0.0000,0.0000,-0.6090,0.6023,0.5266,0.021,2557,0.0000,0.0000,0.0437,1,1,0.152
16.799,0,0,1,-0.6167,0.6167,-0.6102,0.5730,2.9719,0.0000,0.0000,0.0000,-0.6115,0.5405,0.5921,0.013,2560,0.0000,0.0000,0.0442,1,1,0.180
16.897,0,1,0,-0.6167,0.6167,-0.6101,0.5733,2.9728,0.0000,0.0000,0.0000,-0.6090,0.6023,0.5258,0.013,2563,0.0017,0.0300,0.0438,1,1,0.160
16.999,0,1,1,-0.6167,0.0000,-0.6102,0.5745,3.0137,0.0000,0.0000,0.0000,-0.6115,0.5405,0.5925,0.015,2566,0.0062,-0.1128,0.5746,1,1,0.163
17.097,0,1,1,-0.6167,0.0000,-0.6103,0.5737,2.9906,0.0000,0.0000,0.0000,-0.6102,0.6022,0.6116,0.012,2569,0.0066,-0.1132,0.5737,1,1,0.162
17.197,0,1,1,-0.6167,0.0000,-0.6094,0.5656,3.0555,0.0000,0.0000,0.0000,-0.6117,0.5404,0.6034,0.007,2572,0.0061,-0.1128,0.5657,1,1,0.163
17.300,0,1,1,-0.6167,0.0000,-0.6083,0.5539,3.1684,0.0000,0.0000,0.0000,-0.6152,0.6115,0.4096,0.007,2575,0.0062,-0.1132,0.5539,1,1,0.162
17.398,0,1,1,-0.6167,0.0000,-0.6077,0.5439,3.1892,0.0000,0.0000,0.0000,-0.6091,0.5161,0.9483,0.015,2578,0.0057,-0.1128,0.5440,1,1,0.163
17.498,0,1,1,-0.6167,0.0000,-0.6072,0.5342,2.8837,0.0000,0.0000,0.0000,-0.6107,0.6108,0.1372,0.028,2580,0.0059,-0.1132,0.5343,1,1,0.162
17.597,0,1,1,-0.6167,0.0000,-0.6063,0.5242,3.0244,0.0000,0.0000,0.0000,-0.6014,0.4988,0.9899,0.010,2584,0.0075,-0.1149,0.5243,1,1,0.157
17.699,0,1,1,-0.6167,0.0000,-0.6049,0.5130,3.0478,0.0000,0.0000,0.0000,-0.6046,0.5672,0.2398,0.018,2587,0.0036,-0.1113,0.5132,1,1,0.167
17.798,0,1,1,-0.6167,0.0000,-0.6039,0.5029,3.1263,0.0000,0.0000,0.0000,-0.6165,0.5450,0.3299,0.044,2589,0.0069,-0.1149,0.5031,1,1,0.157
17.897,0,1,1,-0.6167,0.0000,-0.6030,0.4923,3.0978,0.0000,0.0000,0.0000,-0.5944,0.4641,1.3632,0.009,2593,0.0042,-0.1124,0.4924,1,1,0.164
17.998,0,1,1,-0.6167,0.0000,-0.6017,0.4802,3.0398,0.0000,0.0000,0.0000,-0.5897,0.4508,1.4140,0.013,2596,-0.0198,-0.1106,0.4804,1,1,0.169
18.097,0,1,1,-0.6167,0.0000,-0.6018,0.4692,3.1448,0.0000,0.0000,0.0000,-0.6152,0.5112,0.1481,0.016,2599,0.0077,-0.1162,0.4694,1,1,0.153
18.198,0,1,1,-0.6167,0.0000,-0.6007,0.4577,3.0588,0.0000,0.0000,0.0000,-0.5817,0.4269,1.7249,0.009,2602,0.0060,-0.1148,0.4580,1,1,0.157
18.297,0,1,1,-0.6167,0.0000,-0.5998,0.4469,2.9865,0.0000,0.0000,0.0000,-0.6208,0.4939,-0.1909,0.014,2605,-0.0007,-0.0907,0.4473,1,1,0.175
18.399,0,1,1,-0.6167,0.0000,-0.5988,0.4368,3.2256,0.0000,0.0000,0.0000,-0.5764,0.4049,1.8736,0.016,2608,-0.0031,-0.0928,0.4372,1,1,0.181
18.498,0,1,1,-0.6167,0.0000,-0.5993,0.4281,3.1141,0.0000,0.0000,0.0000,-0.6206,0.4928,-0.2262,0.016,2611,0.0044,-0.1137,0.4284,1,1,0.160
18.597,0,1,1,-0.6167,0.0000,-0.5986,0.4164,2.9628,0.0000,0.0000,0.0000,-0.5711,0.3882,1.9069,0.012,2614,0.0020,-0.1115,0.4168,1,1,0.166
18.699,0,1,1,-0.6167,0.0000,-0.5981,0.4052,3.1178,0.0000,0.0000,0.0000,-0.5705,0.3879,1.8893,0.047,2616,0.0042,-0.1140,0.4056,1,1,0.159
18.801,0,1,1,-0.6167,0.0000,-0.5970,0.3946,3.0841,0.0000,0.0000,0.0000,-0.5684,0.3715,2.1923,0.019,2619,0.0017,-0.1118,0.3951,1,1,0.165
18.897,0,1,1,-0.6167,0.0000,-0.5969,0.3859,3.0319,0.0000,0.0000,0.0000,-0.5629,0.3626,2.1822,0.028,2622,-0.0168,-0.1054,0.3864,1,1,0.183
18.997,0,1,1,-0.6167,0.0000,-0.5979,0.3767,2.9692,0.0000,0.0000,0.0000,-0.6288,0.4360,-0.7220,0.035,2625,0.0010,-0.0878,0.3772,1,1,0.167
19.099,0,1,1,-0.6167,0.0000,-0.5969,0.3676,3.1281,0.0000,0.0000,0.0000,-0.6365,0.3961,-0.4036,0.008,2629,-0.0023,-0.0905,0.3682,1,1,0.175
19.198,0,1,1,-0.6167,0.0000,-0.5969,0.3577,3.1699,0.0000,0.0000,0.0000,-0.5577,0.3324,2.4764,0.011,2632,0.0008,-0.1114,0.3583,1,1,0.166
19.298,0,1,1,-0.6167,0.0000,-0.5962,0.3463,3.0692,0.0000,0.0000,0.0000,-0.6329,0.3962,-0.6998,0.013,2635,0.0015,-0.1124,0.3469,1,1,0.163
19.397,0,1,1,-0.6167,0.0000,-0.5949,0.3351,3.0872,0.0000,0.0000,0.0000,-0.5550,0.3110,2.4291,0.015,2638,0.0005,-0.1120,0.3358,1,1,0.164
19.498,0,1,1,-0.6167,0.0000,-0.5953,0.3237,3.0696,0.0000,0.0000,0.0000,-0.6383,0.3534,-0.5190,0.014,2641,0.0036,-0.1152,0.3245,1,1,0.155
19.597,0,1,1,-0.6167,0.0000,-0.5946,0.3117,3.1388,0.0000,0.0000,0.0000,-0.5683,0.2676,1.6540,0.014,2644,-0.0008,-0.1112,0.3125,1,1,0.166
19.698,0,1,1,-0.6167,0.0000,-0.5952,0.3023,3.1267,0.0000,0.0000,0.0000,-0.6351,0.3535,-0.8732,0.015,2647,0.0010,-0.1130,0.3031,1,1,0.161
19.797,0,1,1,-0.6167,0.0000,-0.5942,0.2917,3.2019,0.0000,0.0000,0.0000,-0.5344,0.2602,3.1299,0.016,2650,0.0015,-0.1139,0.2926,1,1,0.158
19.898,0,1,1,-0.6167,0.0000,-0.5933,0.2813,3.1843,0.0000,0.0000,0.0000,-0.5336,0.2602,3.0932,0.047,2652,-0.0020,-0.1110,0.2823,1,1,0.166
19.997,0,1,1,-0.6167,0.0000,-0.5933,0.2700,3.2626,0.0000,0.0000,0.0000,-0.5492,0.2334,2.5333,0.015,2656,-0.0225,-0.0908,0.2710,1,1,0.177
20.097,0,1,1,-0.6167,0.0000,-0.5943,0.2596,3.2643,0.0000,0.0000,0.0000,-0.6475,0.3003,-0.8149,0.003,2659,0.0048,-0.1181,0.2606,1,1,0.146
20.199,0,1,1,-0.6167,0.0000,-0.5929,0.2477,3.1538,0.0000,0.0000,0.0000,-0.5429,0.2087,2.6544,0.013,2661,-0.0223,-0.1059,0.2489,1,1,0.180
20.299,0,1,1,-0.6167,0.0000,-0.5947,0.2377,3.2541,0.0000,0.0000,0.0000,-0.5416,0.2091,2.5846,0.038,2664,-0.0029,-0.1109,0.2387,1,1,0.166
20.398,0,1,1,-0.6167,0.0000,-0.5946,0.2256,3.2469,0.0000,0.0000,0.0000,-0.5350,0.1887,2.9554,0.013,2668,-0.0013,-0.1129,0.2267,1,1,0.160
20.498,0,1,1,-0.6167,0.0000,-0.5953,0.2167,3.2522,0.0000,0.0000,0.0000,-0.6552,0.2798,-1.3615,0.014,2671,-0.0095,-0.0928,0.2178,1,1,0.183
20.598,0,1,1,-0.6167,0.0000,-0.5956,0.2074,3.2448,0.0000,0.0000,0.0000,-0.5289,0.1766,3.1455,0.031,2673,-0.0003,-0.1143,0.2085,1,1,0.156
20.697,0,1,1,-0.6167,0.0000,-0.5953,0.1950,3.0778,0.0000,0.0000,0.0000,-0.6536,0.2148,-0.7846,0.013,2677,-0.0024,-0.1128,0.1962,1,1,0.160
20.797,0,1,1,-0.6167,0.0000,-0.5945,0.1833,3.1543,0.0000,0.0000,0.0000,-0.5333,0.1380,2.8060,0.012,2680,-0.0021,-0.1140,0.1846,1,1,0.156
20.899,0,1,1,-0.6167,0.0000,-0.5943,0.1729,3.1881,0.0000,0.0000,0.0000,-0.6740,0.2030,-1.4020,0.011,2683,-0.0022,-0.1145,0.1743,1,1,0.154
20.998,0,1,1,-0.6167,0.0000,-0.5941,0.1591,3.0743,0.0000,0.0000,0.0000,-0.5270,0.1180,2.9596,0.013,2687,-0.0073,-0.1104,0.1607,1,1,0.165
21.098,0,1,1,-0.6167,0.0000,-0.5949,0.1476,2.9704,0.0000,0.0000,0.0000,-0.6735,0.2075,-1.9439,0.013,2692,-0.0121,-0.0898,0.1492,1,1,0.177
21.198,0,1,1,-0.6167,0.0000,-0.5944,0.1353,3.1834,0.0000,0.0000,0.0000,-0.5177,0.0994,3.0995,0.010,2696,-0.0123,-0.1071,0.1371,1,1,0.173
21.297,0,1,1,-0.6167,0.0000,-0.5950,0.1250,3.1286,0.0000,0.0000,0.0000,-0.6892,0.1867,-1.8509,0.008,2700,-0.0131,-0.0878,0.1268,1,1,0.173
21.397,0,1,1,-0.6167,0.0000,-0.5959,0.1144,2.9566,0.0000,0.0000,0.0000,-0.5841,0.0467,0.6105,0.003,2706,-0.0311,-0.0996,0.1163,1,1,0.172
21.497,0,1,1,-0.6167,0.0000,-0.5976,0.1031,3.0009,0.0000,0.0000,0.0000,-0.5877,0.0390,0.6769,0.025,2709,-0.0045,-0.0969,0.1049,1,1,0.148
21.598,0,1,1,-0.6167,0.0000,-0.5991,0.0935,3.0410,0.0000,0.0000,0.0000,-0.5919,0.0257,0.8733,0.002,2715,-0.0059,-0.0863,0.0951,1,1,0.154
21.698,0,1,1,-0.6167,0.0000,-0.5993,0.0838,2.9266,0.0000,0.0000,0.0000,-0.6930,0.1355,-1.7576,0.018,2719,-0.0124,-0.0608,0.0855,1,1,0.178
21.798,0,1,1,-0.6167,0.0000,-0.5998,0.0772,2.9191,0.0000,0.0000,0.0000,-0.6919,0.1360,-1.9278,0.043,2722,-0.0063,-0.0716,0.0791,1,1,0.152
21.900,0,1,2,0.0000,0.0000,-0.5994,0.0683,3.0242,0.0000,0.0000,0.0000,-0.6934,0.1350,-1.8698,0.013,2728,0.1088,-0.0273,0.6033,1,1,0.171
21.998,0,1,2,0.0000,0.0000,-0.5976,0.0639,3.0842,0.0000,0.0000,0.0000,-0.5051,0.0251,3.6317,0.003,2732,0.1117,-0.0294,0.6010,1,1,0.163
22.097,0,1,2,0.0000,0.0000,-0.5876,0.0607,3.0242,0.0000,0.0000,0.0000,-0.6928,0.1349,-2.0812,0.016,2737,0.1114,-0.0287,0.5907,1,1,0.164
22.198,0,1,2,0.0000,0.0000,-0.5757,0.0566,2.9340,0.0000,0.0000,0.0000,-0.6084,-0.0043,1.7438,0.005,2742,0.1108,-0.0275,0.5785,1,1,0.166
22.299,0,1,2,0.0000,0.0000,-0.5680,0.0551,3.0163,0.0000,0.0000,0.0000,-0.6886,0.1360,-2.6961,0.021,2746,0.1066,-0.0076,0.5707,1,1,0.178
22.397,0,1,2,0.0000,0.0000,-0.5580,0.0535,3.3031,0.0000,0.0000,0.0000,-0.4854,0.0081,3.4707,0.009,2750,0.1126,-0.0290,0.5606,1,1,0.161
22.497,0,1,2,0.0000,0.0000,-0.5493,0.0514,3.0970,0.0000,0.0000,0.0000,-0.5923,-0.0106,2.6787,0.007,2755,0.1105,-0.0267,0.5517,1,1,0.167
22.597,0,1,2,0.0000,0.0000,-0.5390,0.0478,3.0596,0.0000,0.0000,0.0000,-0.4722,0.0062,3.0551,0.016,2759,0.1145,-0.0301,0.5411,1,1,0.156
22.700,0,1,2,0.0000,0.0000,-0.5297,0.0451,3.2732,0.0000,0.0000,0.0000,-0.6814,0.1369,-3.2845,0.002,2764,0.1078,-0.0053,0.5316,1,1,0.175
22.800,0,1,2,0.0000,0.0000,-0.5213,0.0442,3.3135,0.0000,0.0000,0.0000,-0.5536,-0.0249,2.8988,0.002,2769,0.1085,-0.0046,0.5231,1,1,0.173
22.900,0,1,2,0.0000,0.0000,-0.5124,0.0429,3.2979,0.0000,0.0000,0.0000,-0.6501,0.1023,-2.2475,0.002,2773,0.1124,-0.0275,0.5141,1,1,0.162
22.999,0,1,2,0.0000,0.0000,-0.5034,0.0405,3.3233,0.0000,0.0000,0.0000,-0.5436,-0.0213,3.2168,0.006,2778,0.0826,-0.0137,0.5050,1,1,0.167
23.097,0,1,2,0.0000,0.0000,-0.4971,0.0383,3.0204,0.0000,0.0000,0.0000,-0.6368,0.1028,-2.4965,0.015,2782,0.0878,-0.0247,0.4986,1,1,0.168
23.199,0,1,2,0.0000,0.0000,-0.4900,0.0361,2.7500,0.0000,0.0000,0.0000,-0.5433,-0.0211,3.1970,0.002,2786,0.1115,-0.0254,0.4913,1,1,0.165
23.298,0,1,2,0.0000,0.0000,-0.4810,0.0328,2.7343,0.0000,0.0000,0.0000,-0.5403,-0.0159,2.9729,0.025,2790,0.0706,-0.0006,0.4821,1,1,0.138
23.400,0,1,2,0.0000,0.0000,-0.4709,0.0311,2.9117,0.0000,0.0000,0.0000,-0.5354,-0.0216,3.4022,0.003,2794,0.0623,0.0030,0.4720,1,1,0.120
23.498,0,1,2,0.0000,0.0000,-0.4656,0.0304,2.9907,0.0000,0.0000,0.0000,-0.5353,-0.0218,3.4076,0.024,2796,0.0725,-0.0011,0.4666,1,1,0.142
23.599,0,1,2,0.0000,0.0000,-0.4584,0.0305,2.9768,0.0000,0.0000,0.0000,-0.5331,-0.0231,3.5449,0.006,2800,0.1134,-0.0265,0.4594,1,1,0.160
23.698,0,1,2,0.0000,0.0000,-0.4499,0.0280,3.0406,0.0000,0.0000,0.0000,-0.5201,-0.0159,3.4090,0.034,2802,0.1088,-0.0215,0.4508,1,1,0.173
23.798,0,1,2,0.0000,0.0000,-0.4392,0.0262,2.9236,0.0000,0.0000,0.0000,-0.4103,0.0479,1.6089,0.013,2805,0.0855,0.0021,0.4400,1,1,0.161
23.897,0,1,2,0.0000,0.0000,-0.4326,0.0274,3.1424,0.0000,0.0000,0.0000,-0.4725,-0.0479,2.3109,0.018,2809,0.1102,-0.0230,0.4334,1,1,0.169
23.997,0,1,2,0.0000,0.0000,-0.4252,0.0255,3.0672,0.0000,0.0000,0.0000,-0.4281,-0.0194,-0.4270,0.016,2813,0.0859,0.0017,0.4259,1,1,0.162
24.097,0,1,2,0.0000,0.0000,-0.4205,0.0249,2.7592,0.0000,0.0000,0.0000,-0.5712,0.0652,-3.1698,0.014,2818,0.0979,-0.0102,0.4213,1,1,0.196
24.197,0,1,2,0.0000,0.0000,-0.4132,0.0240,2.9434,0.0000,0.0000,0.0000,-0.3943,-0.0131,-0.2755,0.014,2822,0.0959,-0.0032,0.4139,1,1,0.182
24.299,0,1,2,0.0000,0.0000,-0.4081,0.0222,2.8536,0.0000,0.0000,0.0000,-0.5689,0.0663,-3.3188,0.017,2827,0.0994,-0.0112,0.4087,1,1,0.202
24.399,0,1,2,0.0000,0.0000,-0.4012,0.0210,2.6688,0.0000,0.0000,0.0000,-0.3855,-0.0224,-0.6902,0.012,2831,0.1017,-0.0100,0.4017,1,1,0.195
24.497,0,1,2,0.0000,0.0000,-0.3946,0.0191,2.6532,0.0000,0.0000,0.0000,-0.5456,0.0760,-3.6489,0.018,2836,0.1052,-0.0244,0.3950,1,1,0.170
24.597,0,1,2,0.0000,0.0000,-0.3848,0.0166,2.7730,0.0000,0.0000,0.0000,-0.4302,-0.0391,2.9343,0.040,2839,0.1062,-0.0262,0.3852,1,1,0.165
24.697,0,1,2,0.0000,0.0000,-0.3757,0.0147,2.7191,0.0000,0.0000,0.0000,-0.3093,0.0526,2.2779,0.013,2845,0.1030,-0.0179,0.3760,1,1,0.182
24.799,0,1,2,0.0000,0.0000,-0.3653,0.0142,2.8045,0.0000,0.0000,0.0000,-0.3886,-0.0600,2.4857,0.003,2850,0.1093,-0.0332,0.3656,1,1,0.149
24.900,0,1,2,0.0000,0.0000,-0.3552,0.0120,2.7647,0.0000,0.0000,0.0000,-0.4247,0.0641,-2.0049,0.024,2854,0.1059,-0.0243,0.3554,1,1,0.167
24.998,0,1,2,0.0000,0.0000,-0.3457,0.0108,3.0037,0.0000,0.0000,0.0000,-0.2952,0.0366,1.7770,0.015,2858,0.0776,-0.0088,0.3459,1,1,0.156
25.099,0,1,2,0.0000,0.0000,-0.3389,0.0096,3.0299,0.0000,0.0000,0.0000,-0.4135,0.0699,-2.0430,0.020,2863,0.1088,-0.0307,0.3390,1,1,0.152
25.198,0,1,2,0.0000,0.0000,-0.3290,0.0072,2.6279,0.0000,0.0000,0.0000,-0.2842,0.0269,1.4893,0.007,2867,0.0997,0.0026,0.3291,1,1,0.179
25.299,0,1,2,0.0000,0.0000,-0.3210,0.0082,2.5423,0.0000,0.0000,0.0000,-0.4125,0.0647,-2.9511,0.020,2871,0.1067,-0.0254,0.3211,1,1,0.163
25.399,0,1,2,0.0000,0.0000,-0.3115,0.0056,2.7752,0.0000,0.0000,0.0000,-0.2712,0.0218,0.9630,0.016,2876,0.0808,0.0003,0.3115,1,1,0.159
25.501,0,1,2,0.0000,0.0000,-0.3034,0.0038,2.7967,0.0000,0.0000,0.0000,-0.3305,-0.0711,2.6513,0.034,2880,0.0841,-0.0005,0.3034,1,1,0.166
25.600,0,1,2,0.0000,0.0000,-0.2970,0.0036,2.7078,0.0000,0.0000,0.0000,-0.2568,0.0120,0.8337,0.009,2885,0.0998,-0.0069,0.2970,1,1,0.202
25.699,0,1,2,0.0000,0.0000,-0.2893,0.0030,2.6893,0.0000,0.0000,0.0000,-0.3941,0.0727,-3.2776,0.018,2890,0.0704,0.0226,0.2893,1,1,0.117
25.798,0,1,2,0.0000,0.0000,-0.2833,0.0039,2.9510,0.0000,0.0000,0.0000,-0.3814,0.0587,-2.8627,0.043,2893,0.0877,-0.0021,0.2833,1,1,0.174
25.898,0,1,2,0.0000,0.0000,-0.2762,0.0034,3.2518,0.0000,0.0000,0.0000,-0.2386,0.0109,1.2031,0.008,2899,0.0767,0.0026,0.2763,1,1,0.150
25.997,0,1,2,0.0000,0.0000,-0.2676,0.0030,2.9879,0.0000,0.0000,0.0000,-0.2317,0.0085,1.1204,0.003,2903,0.1114,-0.0350,0.2676,1,1,0.139
26.099,0,1,2,0.0000,0.0000,-0.2588,0.0007,2.5777,0.0000,0.0000,0.0000,-0.3547,0.0552,-2.5758,0.018,2908,0.0998,-0.0060,0.2588,1,1,0.203
26.200,0,1,2,0.0000,0.0000,-0.2499,0.0007,2.6124,0.0000,0.0000,0.0000,-0.2788,-0.0738,2.5176,0.002,2913,0.1023,-0.0120,0.2499,1,1,0.187
26.299,0,1,2,0.0000,0.0000,-0.2428,-0.0001,2.6522,0.0000,0.0000,0.0000,-0.3527,0.0577,-3.1574,0.018,2917,0.0885,0.0056,0.2428,1,1,0.168
26.398,0,1,2,0.0000,0.0000,-0.2360,0.0007,2.7026,0.0000,0.0000,0.0000,-0.1979,0.0035,0.4350,0.009,2921,0.0793,-0.0060,0.2360,1,1,0.159
26.498,0,1,2,0.0000,0.0000,-0.2289,0.0012,2.9100,0.0000,0.0000,0.0000,-0.2362,-0.0786,2.4930,0.003,2926,0.0743,-0.0063,0.2289,1,1,0.149
26.598,0,1,2,0.0000,0.0000,-0.2221,-0.0003,2.8489,0.0000,0.0000,0.0000,-0.1910,-0.0020,0.5335,0.014,2930,0.0998,-0.0056,0.2221,1,1,0.209
26.697,0,1,2,0.0000,0.0000,-0.2144,-0.0015,2.9864,0.0000,0.0000,0.0000,-0.2237,-0.0761,2.7392,0.024,2934,0.0744,-0.0050,0.2144,1,1,0.149
26.800,0,1,2,0.0000,0.0000,-0.2085,-0.0009,3.1471,0.0000,0.0000,0.0000,-0.1607,0.0073,1.2219,0.014,2939,0.0789,-0.0053,0.2085,1,1,0.158
26.898,0,1,2,0.0000,0.0000,-0.2018,-0.0020,3.2298,0.0000,0.0000,0.0000,-0.3084,0.0624,-2.6647,0.005,2944,0.0754,-0.0048,0.2018,1,1,0.151
26.999,0,1,2,0.0000,0.0000,-0.1949,-0.0022,3.2334,0.0000,0.0000,0.0000,-0.1536,0.0010,1.1328,0.003,2948,0.0804,-0.0046,0.1949,1,1,0.161
27.098,0,1,2,0.0000,0.0000,-0.1889,-0.0026,3.2470,0.0000,0.0000,0.0000,-0.3010,0.0643,-2.7739,0.007,2953,0.0754,-0.0044,0.1889,1,1,0.151
27.200,0,1,2,0.0000,0.0000,-0.1842,-0.0022,3.2707,0.0000,0.0000,0.0000,-0.1453,-0.0048,1.0240,0.011,2957,0.0754,-0.0046,0.1842,1,1,0.151
27.297,0,1,2,0.0000,0.0000,-0.1779,-0.0026,3.2650,0.0000,0.0000,0.0000,-0.2922,0.0674,-2.8080,0.019,2962,0.0734,-0.0043,0.1780,1,1,0.147
27.398,0,1,2,0.0000,0.0000,-0.1718,-0.0030,3.3096,0.0000,0.0000,0.0000,-0.1381,-0.0083,1.0794,0.046,2965,0.0794,-0.0040,0.1719,1,1,0.159
27.498,0,1,2,0.0000,0.0000,-0.1654,-0.0033,3.3225,0.0000,0.0000,0.0000,-0.2735,0.0556,-2.4677,0.018,2971,0.0784,-0.0037,0.1655,1,1,0.157
27.600,0,1,2,0.0000,0.0000,-0.1572,-0.0033,3.3602,0.0000,0.0000,0.0000,-0.1024,0.0049,1.7594,0.016,2975,0.0739,-0.0037,0.1573,1,1,0.148
27.698,0,1,2,0.0000,0.0000,-0.1519,-0.0035,3.4492,0.0000,0.0000,0.0000,-0.2673,0.0600,-2.7106,0.021,2980,0.0759,-0.0035,0.1519,1,1,0.152
27.800,0,1,2,0.0000,0.0000,-0.1444,-0.0037,3.3551,0.0000,0.0000,0.0000,-0.0955,-0.0014,1.6341,0.016,2984,0.0764,-0.0032,0.1444,1,1,0.153
27.898,0,1,2,0.0000,0.0000,-0.1389,-0.0042,3.3018,0.0000,0.0000,0.0000,-0.2609,0.0622,-2.8391,0.012,2989,0.0780,-0.0027,0.1389,1,1,0.156
27.997,0,1,2,0.0000,0.0000,-0.1319,-0.0043,3.3098,0.0000,0.0000,0.0000,-0.0828,-0.0093,1.2773,0.008,2993,0.0785,-0.0025,0.1320,1,1,0.157
28.098,0,1,2,0.0000,0.0000,-0.1260,-0.0038,3.4415,0.0000,0.0000,0.0000,-0.1263,-0.0862,3.9302,0.007,2998,0.0765,-0.0027,0.1261,1,1,0.153
28.199,0,1,2,0.0000,0.0000,-0.1186,-0.0046,3.5492,0.0000,0.0000,0.0000,-0.0562,0.0058,2.1667,0.015,3002,0.0755,-0.0018,0.1187,1,1,0.159
28.297,0,1,2,0.0000,0.0000,-0.1119,-0.0052,3.6153,0.0000,0.0000,0.0000,-0.1051,-0.0824,4.3131,0.037,3006,0.0896,-0.0010,0.1120,1,1,0.252
28.399,0,1,2,0.0000,0.0000,-0.1057,-0.0043,3.5172,0.0000,0.0000,0.0000,-0.0656,-0.0137,1.4516,0.016,3011,0.0634,-0.0014,0.1057,1,1,0.150
28.497,0,1,2,0.0000,0.0000,-0.1012,-0.0042,3.4654,0.0000,0.0000,0.0000,-0.2382,0.0724,-2.9346,0.021,3016,0.0604,-0.0013,0.1013,1,1,0.149
28.600,0,1,2,0.0000,0.0000,-0.0922,-0.0062,3.5695,0.0000,0.0000,0.0000,-0.0480,-0.0097,1.6473,0.035,3019,0.0591,0.0007,0.0924,1,1,0.160
28.699,0,1,2,0.0000,0.0000,-0.0831,-0.0103,3.6245,0.0000,0.0000,0.0000,0.0646,-0.1444,5.2501,0.020,3025,0.0504,0.0044,0.0837,1,1,0.151
28.798,0,1,2,0.0000,0.0000,-0.0752,-0.0117,3.8895,0.0000,0.0000,0.0000,-0.0396,-0.0154,1.5845,0.006,3029,0.0429,0.0059,0.0761,1,1,0.142
28.897,0,1,2,0.0000,0.0000,-0.0682,-0.0154,3.9031,0.0000,0.0000,0.0000,0.0649,-0.1420,5.4078,0.018,3034,0.0000,0.0000,0.0699,1,1,0.154
28.998,0,1,2,0.0000,0.0000,-0.0660,-0.0175,3.8575,0.0000,0.0000,0.0000,-0.0345,-0.0172,1.4068,0.016,3038,0.0000,0.0000,0.0682,1,1,0.242
29.098,0,1,2,0.0000,0.0000,-0.0629,-0.0213,3.9192,0.0000,0.0000,0.0000,0.0664,-0.1434,5.1537,0.019,3043,0.0000,0.0000,0.0664,1,1,0.154
29.198,0,1,2,0.0000,0.0000,-0.0613,-0.0232,3.9685,0.0000,0.0000,0.0000,-0.0345,-0.0173,1.4121,0.006,3047,0.0000,0.0000,0.0656,1,1,0.260
29.298,0,1,2,0.0000,0.0000,-0.0581,-0.0262,4.0147,0.0000,0.0000,0.0000,0.0664,-0.1434,5.1559,0.024,3051,0.0000,0.0000,0.0637,1,1,0.157
29.399,0,1,2,0.0000,0.0000,-0.0567,-0.0279,4.0723,0.0000,0.0000,0.0000,-0.0728,-0.0763,4.6529,0.006,3055,0.0000,0.0000,0.0632,1,1,0.242
29.500,0,1,2,0.0000,0.0000,-0.0552,-0.0300,4.1109,0.0000,0.0000,0.0000,0.0229,-0.1028,1.9959,0.003,3060,0.0000,0.0000,0.0629,1,1,0.155
29.598,0,1,2,0.0000,0.0000,-0.0514,-0.0329,4.1238,0.0000,0.0000,0.0000,-0.0345,-0.0173,1.4111,0.014,3064,0.0000,0.0000,0.0611,1,1,0.242
29.700,0,1,2,0.0000,0.0000,-0.0500,-0.0340,4.1906,0.0000,0.0000,0.0000,-0.0345,-0.0173,1.4109,0.044,3066,0.0000,0.0000,0.0605,1,1,0.159
29.797,0,1,2,0.0000,0.0000,-0.0472,-0.0360,4.2160,0.0000,0.0000,0.0000,-0.0345,-0.0173,1.4112,0.014,3070,0.0000,0.0000,0.0594,1,1,0.161
29.902,0,1,2,0.0000,0.0000,-0.0459,-0.0372,4.2892,0.0000,0.0000,0.0000,-0.0345,-0.0173,1.4111,0.005,3073,0.0000,0.0000,0.0591,0,2,0.160
29.997,0,1,2,0.0000,0.0000,-0.0432,-0.0392,4.3276,0.0000,0.0000,0.0000,-0.0345,-0.0173,1.4108,0.006,3076,0.0000,0.0000,0.0583,0,2,0.247
30.097,0,1,2,0.0000,0.0000,-0.0405,-0.0411,4.3625,0.0000,0.0000,0.0000,0.0665,-0.1433,5.1550,0.013,3079,0.0000,0.0000,0.0577,0,2,0.159
30.197,0,1,2,0.0000,0.0000,-0.0392,-0.0420,4.4105,0.0000,0.0000,0.0000,-0.0345,-0.0173,1.4104,0.036,3081,0.0000,0.0000,0.0575,0,2,0.152
30.298,0,1,2,0.0000,0.0000,-0.0367,-0.0438,4.4376,0.0000,0.0000,0.0000,0.0665,-0.1432,5.1545,0.021,3085,0.0000,0.0000,0.0572,0,2,0.201
30.398,0,1,2,0.0000,0.0000,-0.0355,-0.0447,4.4888,0.0000,0.0000,0.0000,-0.0345,-0.0173,1.4090,0.006,3088,0.0000,0.0000,0.0571,0,2,0.148
30.498,0,1,2,0.0000,0.0000,-0.0343,-0.0452,4.5051,0.0000,0.0000,0.0000,0.0665,-0.1432,5.1545,0.008,3091,0.0000,0.0000,0.0567,0,2,0.199
30.600,0,1,2,0.0000,0.0000,-0.0320,-0.0468,4.5454,0.0000,0.0000,0.0000,-0.0344,-0.0172,1.4024,0.008,3094,0.0000,0.0000,0.0567,0,2,0.197
30.699,0,1,2,0.0000,0.0000,-0.0296,-0.0488,4.5815,0.0000,0.0000,0.0000,0.0666,-0.1432,5.1482,0.025,3097,0.0000,0.0000,0.0571,0,2,0.205
30.799,0,1,2,0.0000,0.0000,-0.0286,-0.0496,4.6331,0.0000,0.0000,0.0000,-0.0344,-0.0172,1.4025,0.005,3100,0.0000,0.0000,0.0572,0,2,0.208
30.900,0,1,2,0.0000,0.0000,-0.0264,-0.0511,4.6606,0.0000,0.0000,0.0000,0.0666,-0.1432,5.1470,0.002,3103,0.0000,0.0000,0.0575,0,2,0.218
30.997,0,1,2,0.0000,0.0000,-0.0254,-0.0518,4.6930,0.0000,0.0000,0.0000,-0.0344,-0.0172,1.4016,0.010,3106,0.0000,0.0000,0.0577,0,2,0.241
31.099,0,1,2,0.0000,0.0000,-0.0245,-0.0521,4.7072,0.0000,0.0000,0.0000,0.0666,-0.1432,5.1467,0.006,3109,0.0000,0.0000,0.0576,0,2,0.144
31.200,0,1,2,0.0000,0.0000,-0.0225,-0.0535,4.7352,0.0000,0.0000,0.0000,-0.0344,-0.0172,1.4011,0.009,3112,0.0000,0.0000,0.0580,0,2,0.221
31.297,0,1,2,0.0000,0.0000,-0.0205,-0.0552,4.7804,0.0000,0.0000,0.0000,0.0666,-0.1432,5.1459,0.011,3115,0.0000,0.0000,0.0589,0,2,0.204
31.399,0,1,2,0.0000,0.0000,-0.0196,-0.0559,4.8293,0.0000,0.0000,0.0000,-0.0344,-0.0172,1.4014,0.033,3117,0.0000,0.0000,0.0592,0,2,0.211
31.498,0,1,2,0.0000,0.0000,-0.0179,-0.0571,4.8444,0.0000,0.0000,0.0000,-0.0344,-0.0171,1.4013,0.012,3121,0.0000,0.0000,0.0598,0,2,0.207
31.598,0,1,2,0.0000,0.0000,-0.0173,-0.0572,4.8556,0.0000,0.0000,0.0000,-0.0344,-0.0171,1.4012,0.014,3124,0.0000,0.0000,0.0597,0,2,0.212
31.698,0,1,2,0.0000,0.0000,-0.0154,-0.0588,4.9005,0.0000,0.0000,0.0000,0.0667,-0.1431,5.1455,0.019,3127,0.0000,0.0000,0.0608,0,2,0.150
31.798,0,1,2,0.0000,0.0000,-0.0146,-0.0593,4.9375,0.0000,0.0000,0.0000,-0.0344,-0.0171,1.3992,0.012,3130,0.0000,0.0000,0.0611,0,2,0.210
31.897,0,1,2,0.0000,0.0000,-0.0131,-0.0604,4.9499,0.0000,0.0000,0.0000,0.0667,-0.1431,5.1447,0.016,3133,0.0000,0.0000,0.0618,0,2,0.205
31.998,0,1,2,0.0000,0.0000,-0.0124,-0.0609,4.9942,0.0000,0.0000,0.0000,-0.0344,-0.0171,1.4010,0.011,3136,0.0000,0.0000,0.0621,0,2,0.229
32.098,0,1,2,0.0000,0.0000,-0.0109,-0.0619,4.9996,0.0000,0.0000,0.0000,0.0667,-0.1431,5.1460,0.022,3139,0.0000,0.0000,0.0628,0,2,0.207
32.199,0,1,2,0.0000,0.0000,-0.0106,-0.0618,5.0064,0.0000,0.0000,0.0000,-0.0344,-0.0171,1.4007,0.015,3142,0.0000,0.0000,0.0627,0,2,0.239
32.301,0,1,2,0.0000,0.0000,-0.0099,-0.0622,5.0524,0.0000,0.0000,0.0000,-0.0344,-0.0171,1.4002,0.042,3144,0.0000,0.0000,0.0630,0,2,0.199
32.398,0,1,2,0.0000,0.0000,-0.0086,-0.0631,5.0465,0.0000,0.0000,0.0000,-0.0344,-0.0171,1.4010,0.016,3148,0.0000,0.0000,0.0637,0,2,0.194
32.497,0,1,2,0.0000,0.0000,-0.0070,-0.0646,5.0823,0.0000,0.0000,0.0000,0.0668,-0.1430,5.1459,0.016,3151,0.0000,0.0000,0.0650,0,2,0.252
32.598,0,1,2,0.0000,0.0000,-0.0064,-0.0650,5.1193,0.0000,0.0000,0.0000,0.0668,-0.1430,5.1457,0.040,3153,0.0000,0.0000,0.0653,0,2,0.208
32.700,0,1,2,0.0000,0.0000,-0.0053,-0.0657,5.1305,0.0000,0.0000,0.0000,-0.0344,-0.0171,1.4008,0.019,3157,0.0000,0.0000,0.0660,0,2,0.214
32.799,0,1,2,0.0000,0.0000,-0.0047,-0.0661,5.1663,0.0000,0.0000,0.0000,-0.0344,-0.0171,1.4011,0.006,3160,0.0000,0.0000,0.0663,0,2,0.208
32.898,0,1,2,0.0000,0.0000,-0.0037,-0.0668,5.1673,0.0000,0.0000,0.0000,0.0668,-0.1430,5.1444,0.017,3163,0.0000,0.0000,0.0669,0,2,0.207
32.998,0,1,2,0.0000,0.0000,-0.0036,-0.0665,5.1662,0.0000,0.0000,0.0000,-0.0344,-0.0171,1.4002,0.016,3166,0.0000,0.0000,0.0666,0,2,0.199
33.097,0,1,2,0.0000,0.0000,-0.0031,-0.0669,5.1995,0.0000,0.0000,0.0000,0.0668,-0.1429,5.1446,0.008,3169,0.0000,0.0000,0.0669,0,2,0.211
33.200,0,1,2,0.0000,0.0000,-0.0017,-0.0682,5.2346,0.0000,0.0000,0.0000,-0.0344,-0.0171,1.4003,0.010,3172,0.0000,0.0000,0.0682,0,2,0.195
33.297,0,1,2,0.0000,0.0000,-0.0008,-0.0688,5.2339,0.0000,0.0000,0.0000,0.0669,-0.1429,5.1429,0.021,3175,0.0000,0.0000,0.0688,0,2,0.206
33.398,0,1,2,0.0000,0.0000,-0.0008,-0.0684,5.2291,0.0000,0.0000,0.0000,-0.0344,-0.0171,1.4007,0.015,3178,0.0000,0.0000,0.0684,0,2,0.229
33.500,0,1,2,0.0000,0.0000,-0.0004,-0.0687,5.2751,0.0000,0.0000,0.0000,-0.0345,-0.0171,1.4025,0.044,3180,0.0000,0.0000,0.0687,0,2,0.225
33.598,0,1,2,0.0000,0.0000,0.0005,-0.0693,5.2616,0.0000,0.0000,0.0000,-0.0345,-0.0171,1.4016,0.013,3184,0.0000,0.0000,0.0693,0,2,0.193
33.699,0,1,2,0.0000,0.0000,0.0017,-0.0705,5.2999,0.0000,0.0000,0.0000,0.0669,-0.1428,5.1443,0.007,3187,0.0000,0.0000,0.0705,0,2,0.203
33.797,0,1,2,0.0000,0.0000,0.0021,-0.0708,5.3269,0.0000,0.0000,0.0000,-0.0344,-0.0171,1.4006,0.004,3190,0.0000,0.0000,0.0708,0,2,0.207
33.898,0,1,2,0.0000,0.0000,0.0020,-0.0703,5.3215,0.0000,0.0000,0.0000,0.0669,-0.1428,5.1434,0.010,3193,0.0000,0.0000,0.0703,0,2,0.228
33.998,0,1,2,0.0000,0.0000,0.0032,-0.0715,5.3586,0.0000,0.0000,0.0000,-0.0344,-0.0171,1.3998,0.009,3196,0.0000,0.0000,0.0716,0,2,0.212
34.098,0,1,2,0.0000,0.0000,0.0039,-0.0719,5.3464,0.0000,0.0000,0.0000,0.0670,-0.1428,5.1437,0.017,3199,0.0000,0.0000,0.0720,0,2,0.194
34.198,0,1,2,0.0000,0.0000,0.0042,-0.0721,5.3820,0.0000,0.0000,0.0000,-0.0344,-0.0171,1.3997,0.050,3201,0.0000,0.0000,0.0723,0,2,0.203
34.297,0,1,2,0.0000,0.0000,0.0048,-0.0725,5.3723,0.0000,0.0000,0.0000,0.0670,-0.1428,5.1428,0.018,3205,0.0000,0.0000,0.0727,0,2,0.209
34.400,0,1,2,0.0000,0.0000,0.0046,-0.0720,5.3608,0.0000,0.0000,0.0000,-0.0344,-0.0171,1.4000,0.016,3208,0.0000,0.0000,0.0722,0,2,0.217
34.498,0,1,2,0.0000,0.0000,0.0057,-0.0731,5.3928,0.0000,0.0000,0.0000,0.0670,-0.1427,5.1432,0.018,3211,0.0000,0.0000,0.0734,0,2,0.209
34.597,0,1,2,0.0000,0.0000,0.0055,-0.0726,5.3865,0.0000,0.0000,0.0000,-0.0344,-0.0171,1.3999,0.009,3214,0.0000,0.0000,0.0728,0,2,0.204
34.698,0,1,2,0.0000,0.0000,0.0057,-0.0728,5.4160,0.0000,0.0000,0.0000,0.0670,-0.1427,5.1444,0.009,3217,0.0000,0.0000,0.0730,0,2,0.208
34.797,0,1,2,0.0000,0.0000,0.0062,-0.0731,5.4000,0.0000,0.0000,0.0000,-0.0344,-0.0171,1.4009,0.014,3220,0.0000,0.0000,0.0734,0,2,0.206
34.901,0,1,2,0.0000,0.0000,0.0073,-0.0742,5.4303,0.0000,0.0000,0.0000,0.0670,-0.1427,5.1430,0.019,3223,0.0000,0.0000,0.0745,0,2,0.206
34.997,0,1,2,0.0000,0.0000,0.0070,-0.0736,5.4214,0.0000,0.0000,0.0000,-0.0345,-0.0171,1.4016,0.013,3226,0.0000,0.0000,0.0739,0,2,0.200
35.097,0,1,2,0.0000,0.0000,0.0072,-0.0738,5.4457,0.0000,0.0000,0.0000,-0.0344,-0.0171,1.4006,0.045,3228,0.0000,0.0000,0.0741,0,2,0.197
35.197,0,1,2,0.0000,0.0000,0.0082,-0.0748,5.4724,0.0000,0.0000,0.0000,-0.0344,-0.0171,1.3998,0.010,3232,0.0000,0.0000,0.0753,0,2,0.207
35.298,0,1,2,0.0000,0.0000,0.0079,-0.0742,5.4653,0.0000,0.0000,0.0000,0.0671,-0.1426,5.1423,0.011,3235,0.0000,0.0000,0.0746,0,2,0.209
35.401,0,1,2,0.0000,0.0000,0.0089,-0.0752,5.4952,0.0000,0.0000,0.0000,-0.0345,-0.0171,1.4025,0.039,3237,0.0000,0.0000,0.0757,0,2,0.216
35.500,0,1,2,0.0000,0.0000,0.0098,-0.0762,5.5184,0.0000,0.0000,0.0000,-0.0344,-0.0171,1.4022,0.006,3241,0.0000,0.0000,0.0768,0,2,0.207
35.598,0,1,2,0.0000,0.0000,0.0094,-0.0756,5.5079,0.0000,0.0000,0.0000,-0.0344,-0.0171,1.4002,0.006,3244,0.0000,0.0000,0.0761,0,2,0.215
35.697,0,1,2,0.0000,0.0000,0.0098,-0.0758,5.4941,0.0000,0.0000,0.0000,0.0671,-0.1426,5.1427,0.025,3247,0.0000,0.0000,0.0764,0,2,0.215
35.798,0,1,2,0.0000,0.0000,0.0094,-0.0751,5.4805,0.0000,0.0000,0.0000,-0.0344,-0.0171,1.4020,0.013,3250,0.0000,0.0000,0.0757,0,2,0.208
35.897,0,1,2,0.0000,0.0000,0.0103,-0.0761,5.5096,0.0000,0.0000,0.0000,0.0672,-0.1426,5.1423,0.022,3253,0.0000,0.0000,0.0768,0,2,0.208
35.999,0,1,2,0.0000,0.0000,0.0099,-0.0755,5.5052,0.0000,0.0000,0.0000,-0.0344,-0.0171,1.4004,0.012,3256,0.0000,0.0000,0.0761,0,2,0.200
36.101,0,1,2,0.0000,0.0000,0.0108,-0.0764,5.5256,0.0000,0.0000,0.0000,0.0672,-0.1425,5.1416,0.026,3259,0.0000,0.0000,0.0772,0,2,0.213
36.198,0,1,2,0.0000,0.0000,0.0109,-0.0765,5.5492,0.0000,0.0000,0.0000,-0.0344,-0.0171,1.4029,0.009,3262,0.0000,0.0000,0.0773,0,2,0.143
36.297,0,1,2,0.0000,0.0000,0.0105,-0.0759,5.5375,0.0000,0.0000,0.0000,0.0672,-0.1425,5.1416,0.002,3265,0.0000,0.0000,0.0766,0,2,0.216
36.398,0,1,2,0.0000,0.0000,0.0108,-0.0760,5.5256,0.0000,0.0000,0.0000,-0.0344,-0.0171,1.4014,0.013,3268,0.0000,0.0000,0.0768,0,2,0.210
36.498,0,1,2,0.0000,0.0000,0.0037,-0.0688,5.6986,0.0000,0.0000,0.0000,-0.2723,0.2136,12.8735,0.025,3272,0.0000,0.0000,0.0689,0,2,0.196
36.599,0,1,2,0.0000,0.0000,0.0009,-0.0658,5.7447,0.0000,0.0000,0.0000,-0.0344,-0.0171,1.4009,0.012,3277,0.0000,0.0000,0.0658,0,2,0.212
36.701,0,1,2,0.0000,0.0000,-0.0060,-0.0581,5.9490,0.0000,0.0000,0.0000,-0.0344,-0.0171,1.4020,0.008,3282,0.0000,0.0000,0.0584,0,2,0.152
36.797,0,1,2,0.0000,0.0000,-0.0095,-0.0542,6.0543,0.0000,0.0000,0.0000,-0.0344,-0.0171,1.4011,0.006,3286,0.0000,0.0000,0.0550,0,2,0.204
36.897,0,1,2,0.0000,0.0000,-0.0160,-0.0469,6.1933,0.0000,0.0000,0.0000,0.0673,-0.1425,5.1403,0.016,3291,0.0000,0.0000,0.0496,0,2,0.213
37.007,0,1,2,0.0000,0.0000,-0.0190,-0.0435,6.2951,0.0000,0.0000,0.0000,-0.0344,-0.0171,1.4008,0.059,3294,0.0000,0.0000,0.0475,0,2,0.152
37.097,0,1,2,0.0000,0.0000,-0.0247,-0.0372,6.4177,0.0000,0.0000,0.0000,0.0673,-0.1424,5.1404,0.011,3300,0.0000,0.0000,0.0446,0,2,0.223
37.197,0,1,2,0.0000,0.0000,-0.0273,-0.0342,6.5166,0.0000,0.0000,0.0000,-0.0344,-0.0171,1.4013,0.008,3304,0.0000,0.0000,0.0438,0,2,0.204
37.297,0,1,2,0.0000,0.0000,-0.0335,-0.0272,6.6360,0.0000,0.0000,0.0000,0.0673,-0.1424,5.1409,0.008,3309,0.0000,0.0000,0.0432,0,2,0.211
37.397,0,1,2,0.0000,0.0000,-0.0347,-0.0258,6.6718,0.0000,0.0000,0.0000,-0.0344,-0.0171,1.4006,0.011,3313,0.0000,0.0000,0.0433,0,2,0.206
37.499,0,1,2,0.0000,0.0000,-0.0358,-0.0246,6.7464,0.0000,0.0000,0.0000,-0.3358,0.3051,15.2108,0.002,3318,0.0000,0.0000,0.0434,0,2,0.218
37.597,0,1,2,0.0000,0.0000,-0.0414,-0.0185,6.9045,0.0000,0.0000,0.0000,-0.0344,-0.0171,1.4020,0.002,3322,0.0000,0.0000,0.0453,0,2,0.197
37.698,0,1,2,0.0000,0.0000,-0.0433,-0.0162,6.9419,0.0000,0.0000,0.0000,0.0673,-0.1423,5.1406,0.002,3327,0.0000,0.0000,0.0462,0,2,0.139
37.799,0,1,2,0.0000,0.0000,-0.0470,-0.0120,7.0245,0.0000,0.0000,0.0000,-0.0344,-0.0171,1.4011,0.016,3331,0.0000,0.0000,0.0485,0,2,0.204
37.897,0,1,2,0.0000,0.0000,-0.0520,-0.0065,7.1761,0.0000,0.0000,0.0000,0.0674,-0.1423,5.1406,0.004,3336,0.0000,0.0000,0.0524,0,2,0.229
37.997,0,1,2,0.0000,0.0000,-0.0491,-0.0090,7.1030,0.0000,0.0000,0.0000,-0.0345,-0.0171,1.4019,0.013,3340,0.0000,0.0000,0.0499,0,2,0.227
38.098,0,1,2,0.0000,0.0000,-0.0465,-0.0105,7.0811,0.0000,0.0000,0.0000,0.0674,-0.1423,5.1403,0.016,3345,0.0000,0.0000,0.0477,0,2,0.203
38.198,0,1,2,0.0000,0.0000,-0.0452,-0.0113,7.0828,0.0000,0.0000,0.0000,-0.0344,-0.0171,1.4005,0.043,3348,0.0000,0.0000,0.0466,0,2,0.217
38.298,0,1,2,0.0000,0.0000,-0.0438,-0.0128,7.0896,0.0000,0.0000,0.0000,0.0674,-0.1423,5.1403,0.006,3351,0.0000,0.0000,0.0457,0,2,0.209
38.401,0,1,2,0.0000,0.0000,-0.0411,-0.0158,6.9815,0.0000,0.0000,0.0000,-0.0344,-0.0171,1.4008,0.015,3355,0.0000,0.0000,0.0440,0,2,0.146
38.497,0,1,2,0.0000,0.0000,-0.0385,-0.0187,6.9754,0.0000,0.0000,0.0000,0.0674,-0.1422,5.1402,0.009,3358,0.0000,0.0000,0.0428,0,2,0.150
38.598,0,1,2,0.0000,0.0000,-0.0372,-0.0200,6.9364,0.0000,0.0000,0.0000,-0.0344,-0.0171,1.3990,0.013,3361,0.0000,0.0000,0.0423,0,2,0.215
38.698,0,1,2,0.0000,0.0000,-0.0348,-0.0228,6.9291,0.0000,0.0000,0.0000,0.0674,-0.1422,5.1396,0.016,3364,0.0000,0.0000,0.0416,0,2,0.205
38.797,0,1,2,0.0000,0.0000,-0.0336,-0.0241,6.8904,0.0000,0.0000,0.0000,-0.0345,-0.0171,1.4013,0.011,3367,0.0000,0.0000,0.0413,0,2,0.207
38.897,0,1,2,0.0000,0.0000,-0.0313,-0.0267,6.8873,0.0000,0.0000,0.0000,0.0675,-0.1422,5.1394,0.021,3370,0.0000,0.0000,0.0411,0,2,0.212
38.997,0,1,2,0.0000,0.0000,-0.0301,-0.0280,6.8890,0.0000,0.0000,0.0000,0.0675,-0.1422,5.1394,0.029,3372,0.0000,0.0000,0.0411,0,2,0.208
39.098,0,1,2,0.0000,0.0000,-0.0290,-0.0291,6.8535,0.0000,0.0000,0.0000,-0.0345,-0.0171,1.4004,0.044,3375,0.0000,0.0000,0.0411,0,2,0.201
39.198,0,1,2,0.0000,0.0000,-0.0268,-0.0317,6.8381,0.0000,0.0000,0.0000,-0.0345,-0.0171,1.4014,0.009,3379,0.0000,0.0000,0.0415,0,2,0.213
39.298,0,1,2,0.0000,0.0000,-0.0247,-0.0340,6.7858,0.0000,0.0000,0.0000,0.0675,-0.1422,5.1384,0.015,3382,0.0000,0.0000,0.0420,0,2,0.225
39.398,0,1,2,0.0000,0.0000,-0.0237,-0.0351,6.7943,0.0000,0.0000,0.0000,0.0675,-0.1422,5.1391,0.043,3384,0.0000,0.0000,0.0424,0,2,0.215
39.497,0,1,2,0.0000,0.0000,-0.0217,-0.0373,6.7413,0.0000,0.0000,0.0000,-0.0344,-0.0171,1.4009,0.014,3388,0.0000,0.0000,0.0432,0,2,0.209
39.598,0,1,2,0.0000,0.0000,-0.0208,-0.0383,6.7548,0.0000,0.0000,0.0000,-0.0344,-0.0171,1.4009,0.006,3391,0.0000,0.0000,0.0436,0,2,0.210
39.697,0,1,2,0.0000,0.0000,-0.0190,-0.0403,6.6984,0.0000,0.0000,0.0000,0.0675,-0.1421,5.1389,0.013,3394,0.0000,0.0000,0.0446,0,2,0.218
39.798,0,1,2,0.0000,0.0000,-0.0183,-0.0410,6.6560,0.0000,0.0000,0.0000,-0.0344,-0.0171,1.4009,0.015,3397,0.0000,0.0000,0.0449,0,2,0.212
39.898,0,1,2,0.0000,0.0000,-0.0164,-0.0432,6.6495,0.0000,0.0000,0.0000,0.0676,-0.1421,5.1395,0.012,3400,0.0000,0.0000,0.0462,0,2,0.215
40.001,0,1,2,0.0000,0.0000,-0.0158,-0.0438,6.6101,0.0000,0.0000,0.0000,-0.0344,-0.0171,1.4002,0.016,3403,0.0000,0.0000,0.0465,0,2,0.219
40.097,0,1,2,0.0000,0.0000,-0.0140,-0.0459,6.6112,0.0000,0.0000,0.0000,0.0676,-0.1421,5.1389,0.021,3406,0.0000,0.0000,0.0480,0,2,0.211
40.199,0,1,2,0.0000,0.0000,-0.0132,-0.0467,6.6226,0.0000,0.0000,0.0000,0.0676,-0.1421,5.1386,0.055,3408,0.0000,0.0000,0.0486,0,2,0.220
40.298,0,1,2,0.0000,0.0000,-0.0127,-0.0472,6.5785,0.0000,0.0000,0.0000,-0.0345,-0.0171,1.4018,0.042,3411,0.0000,0.0000,0.0489,0,2,0.208
40.397,0,1,2,0.0000,0.0000,-0.0110,-0.0492,6.5800,0.0000,0.0000,0.0000,-0.0344,-0.0171,1.4017,0.003,3415,0.0000,0.0000,0.0504,0,2,0.213
40.497,0,1,2,0.0000,0.0000,-0.0105,-0.0496,6.5416,0.0000,0.0000,0.0000,0.0676,-0.1420,5.1378,0.008,3418,0.0000,0.0000,0.0507,0,2,0.218
40.598,0,1,2,0.0000,0.0000,-0.0092,-0.0511,6.4966,0.0000,0.0000,0.0000,-0.0344,-0.0171,1.4009,0.016,3421,0.0000,0.0000,0.0519,0,2,0.157
40.699,0,1,2,0.0000,0.0000,-0.0076,-0.0529,6.4982,0.0000,0.0000,0.0000,0.0676,-0.1420,5.1388,0.022,3424,0.0000,0.0000,0.0535,0,2,0.203
40.798,0,1,2,0.0000,0.0000,-0.0070,-0.0536,6.4989,0.0000,0.0000,0.0000,-0.0344,-0.0171,1.4001,0.008,3427,0.0000,0.0000,0.0540,0,2,0.203
40.897,0,1,2,0.0000,0.0000,-0.0058,-0.0549,6.4550,0.0000,0.0000,0.0000,0.0677,-0.1420,5.1377,0.022,3430,0.0000,0.0000,0.0552,0,2,0.218
41.000,0,1,2,0.0000,0.0000,-0.0052,-0.0555,6.4734,0.0000,0.0000,0.0000,-0.0344,-0.0171,1.4018,0.037,3432,0.0000,0.0000,0.0558,0,2,0.201
41.097,0,1,2,0.0000,0.0000,-0.0041,-0.0568,6.4096,0.0000,0.0000,0.0000,0.0677,-0.1419,5.1382,0.015,3436,0.0000,0.0000,0.0569,0,2,0.151
41.198,0,1,2,0.0000,0.0000,-0.0040,-0.0568,6.3762,0.0000,0.0000,0.0000,-0.0344,-0.0171,1.3998,0.013,3439,0.0000,0.0000,0.0570,0,2,0.150
41.297,0,1,2,0.0000,0.0000,-0.0025,-0.0585,6.3799,0.0000,0.0000,0.0000,0.0677,-0.1419,5.1377,0.022,3442,0.0000,0.0000,0.0585,0,2,0.211
41.397,0,1,2,0.0000,0.0000,-0.0024,-0.0585,6.3445,0.0000,0.0000,0.0000,-0.0344,-0.0171,1.4002,0.011,3445,0.0000,0.0000,0.0585,0,2,0.206
41.498,0,1,2,0.0000,0.0000,-0.0020,-0.0590,6.3513,0.0000,0.0000,0.0000,0.0677,-0.1419,5.1381,0.009,3448,0.0000,0.0000,0.0590,0,2,0.214
41.598,0,1,2,0.0000,0.0000,-0.0010,-0.0600,6.3134,0.0000,0.0000,0.0000,-0.0344,-0.0171,1.3996,0.015,3451,0.0000,0.0000,0.0600,0,2,0.152
41.698,0,1,2,0.0000,0.0000,0.0003,-0.0616,6.3123,0.0000,0.0000,0.0000,0.0677,-0.1419,5.1386,0.010,3454,0.0000,0.0000,0.0616,0,2,0.152
41.800,0,1,2,0.0000,0.0000,0.0003,-0.0615,6.2879,0.0000,0.0000,0.0000,-0.0344,-0.0171,1.4009,0.011,3457,0.0000,0.0000,0.0615,0,2,0.254
41.899,0,1,2,0.0000,0.0000,0.0007,-0.0619,6.2901,0.0000,0.0000,0.0000,0.0678,-0.1419,5.1375,0.002,3460,0.0000,0.0000,0.0619,0,2,0.214
41.997,0,1,2,0.0000,0.0000,0.0015,-0.0628,6.2458,0.0000,0.0000,0.0000,-0.0344,-0.0171,1.4020,0.013,3463,0.0000,0.0000,0.0628,0,2,0.208
42.097,0,1,2,0.0000,0.0000,0.0027,-0.0642,6.2514,0.0000,0.0000,0.0000,0.0678,-0.1418,5.1357,0.019,3466,0.0000,0.0000,0.0643,0,2,0.220
42.198,0,1,2,0.0000,0.0000,0.0031,-0.0646,6.2609,0.0000,0.0000,0.0000,-0.0344,-0.0171,1.4021,0.043,3468,0.0000,0.0000,0.0647,0,2,0.226
42.297,0,1,2,0.0000,0.0000,0.0043,-0.0660,6.2657,0.0000,0.0000,0.0000,-0.0344,-0.0171,1.4013,0.007,3472,0.0000,0.0000,0.0661,0,2,0.213
42.398,0,1,2,0.0000,0.0000,0.0041,-0.0657,6.2338,0.0000,0.0000,0.0000,0.0678,-0.1418,5.1370,0.044,3474,0.0000,0.0000,0.0659,0,2,0.206
42.497,0,1,2,0.0000,0.0000,0.0048,-0.0665,6.1938,0.0000,0.0000,0.0000,0.0678,-0.1418,5.1377,0.010,3478,0.0000,0.0000,0.0666,0,2,0.144
42.598,0,1,2,0.0000,0.0000,0.0046,-0.0662,6.1625,0.0000,0.0000,0.0000,-0.0344,-0.0171,1.4008,0.014,3481,0.0000,0.0000,0.0663,0,2,0.223
42.697,0,1,2,0.0000,0.0000,0.0057,-0.0675,6.1668,0.0000,0.0000,0.0000,0.0678,-0.1418,5.1363,0.017,3484,0.0000,0.0000,0.0677,0,2,0.205
42.797,0,1,2,0.0000,0.0000,0.0054,-0.0671,6.1367,0.0000,0.0000,0.0000,-0.0344,-0.0171,1.4009,0.015,3487,0.0000,0.0000,0.0673,0,2,0.208
42.899,0,1,2,0.0000,0.0000,0.0065,-0.0684,6.1382,0.0000,0.0000,0.0000,0.0679,-0.1417,5.1367,0.026,3490,0.0000,0.0000,0.0687,0,2,0.212
42.999,0,1,2,0.0000,0.0000,0.0063,-0.0680,6.1164,0.0000,0.0000,0.0000,-0.0344,-0.0171,1.4017,0.008,3493,0.0000,0.0000,0.0683,0,2,0.154
43.101,0,1,2,0.0000,0.0000,0.0065,-0.0683,6.1393,0.0000,0.0000,0.0000,-0.0344,-0.0171,1.4009,0.041,3495,0.0000,0.0000,0.0686,0,2,0.213
43.198,0,1,2,0.0000,0.0000,0.0070,-0.0689,6.0884,0.0000,0.0000,0.0000,-0.0344,-0.0171,1.3989,0.014,3499,0.0000,0.0000,0.0692,0,2,0.209
43.299,0,1,2,0.0000,0.0000,0.0073,-0.0691,6.1110,0.0000,0.0000,0.0000,-0.0344,-0.0171,1.3999,0.049,3501,0.0000,0.0000,0.0695,0,2,0.208
43.397,0,1,2,0.0000,0.0000,0.0078,-0.0696,6.0670,0.0000,0.0000,0.0000,-0.0344,-0.0171,1.4020,0.013,3505,0.0000,0.0000,0.0701,0,2,0.212
43.497,0,1,2,0.0000,0.0000,0.0093,-0.0715,6.1223,0.0000,0.0000,0.0000,-0.0344,-0.0171,1.4013,0.006,3508,0.0000,0.0000,0.0721,0,2,0.140
43.597,0,1,2,0.0000,0.0000,0.0090,-0.0710,6.0961,0.0000,0.0000,0.0000,-0.0344,-0.0171,1.4012,0.003,3511,0.0000,0.0000,0.0716,0,2,0.211
43.697,0,1,2,0.0000,0.0000,0.0086,-0.0705,6.0617,0.0000,0.0000,0.0000,0.0679,-0.1417,5.1368,0.011,3514,0.0000,0.0000,0.0711,0,2,0.215
43.798,0,1,2,0.0000,0.0000,0.0096,-0.0717,6.0733,0.0000,0.0000,0.0000,-0.0344,-0.0171,1.4013,0.032,3516,0.0000,0.0000,0.0723,0,2,0.201
43.898,0,1,2,0.0000,0.0000,0.0099,-0.0721,6.0353,0.0000,0.0000,0.0000,0.0679,-0.1416,5.1357,0.012,3520,0.0000,0.0000,0.0728,0,2,0.206
43.997,0,1,2,0.0000,0.0000,0.0095,-0.0716,6.0078,0.0000,0.0000,0.0000,-0.0344,-0.0171,1.4022,0.014,3523,0.0000,0.0000,0.0722,0,2,0.211
44.097,0,1,2,0.0000,0.0000,0.0105,-0.0727,6.0161,0.0000,0.0000,0.0000,0.0680,-0.1416,5.1358,0.021,3526,0.0000,0.0000,0.0734,0,2,0.145
44.197,0,1,2,0.0000,0.0000,0.0101,-0.0721,5.9876,0.0000,0.0000,0.0000,-0.0344,-0.0171,1.4008,0.013,3529,0.0000,0.0000,0.0728,0,2,0.202
44.297,0,1,2,0.0000,0.0000,0.0110,-0.0732,5.9960,0.0000,0.0000,0.0000,0.0680,-0.1416,5.1360,0.025,3532,0.0000,0.0000,0.0740,0,2,0.147
44.397,0,1,2,0.0000,0.0000,0.0105,-0.0726,5.9708,0.0000,0.0000,0.0000,-0.0344,-0.0171,1.4009,0.013,3535,0.0000,0.0000,0.0734,0,2,0.210
44.502,0,1,2,0.0000,0.0000,0.0114,-0.0737,5.9829,0.0000,0.0000,0.0000,0.0680,-0.1416,5.1363,0.024,3538,0.0000,0.0000,0.0746,0,2,0.201
44.597,0,1,2,0.0000,0.0000,0.0110,-0.0731,5.9571,0.0000,0.0000,0.0000,-0.0344,-0.0171,1.4001,0.016,3541,0.0000,0.0000,0.0739,0,2,0.208
44.700,0,1,2,0.0000,0.0000,0.0119,-0.0742,5.9732,0.0000,0.0000,0.0000,0.0680,-0.1415,5.1354,0.009,3544,0.0000,0.0000,0.0751,0,2,0.210
44.798,0,1,2,0.0000,0.0000,0.0114,-0.0735,5.9439,0.0000,0.0000,0.0000,-0.0344,-0.0171,1.4006,0.016,3547,0.0000,0.0000,0.0744,0,2,0.199
44.897,0,1,2,0.0000,0.0000,0.0123,-0.0746,5.9492,0.0000,0.0000,0.0000,0.0680,-0.1415,5.1349,0.023,3550,0.0000,0.0000,0.0756,0,2,0.216
45.001,0,1,2,0.0000,0.0000,0.0124,-0.0747,5.9781,0.0000,0.0000,0.0000,-0.0344,-0.0171,1.4021,0.032,3552,0.0000,0.0000,0.0757,0,2,0.228
45.099,0,1,2,0.0000,0.0000,0.0126,-0.0749,5.9441,0.0000,0.0000,0.0000,0.0681,-0.1415,5.1340,0.017,3556,0.0000,0.0000,0.0760,0,2,0.152
45.200,0,1,2,0.0000,0.0000,0.0121,-0.0743,5.9150,0.0000,0.0000,0.0000,-0.0344,-0.0171,1.3997,0.017,3559,0.0000,0.0000,0.0753,0,2,0.205
45.298,0,1,2,0.0000,0.0000,0.0130,-0.0753,5.9267,0.0000,0.0000,0.0000,0.0681,-0.1415,5.1341,0.017,3562,0.0000,0.0000,0.0764,0,2,0.154
45.399,0,1,2,0.0000,0.0000,0.0124,-0.0746,5.9028,0.0000,0.0000,0.0000,-0.0344,-0.0171,1.4014,0.014,3565,0.0000,0.0000,0.0757,0,2,0.211
45.498,0,1,2,0.0000,0.0000,0.0126,-0.0747,5.9178,0.0000,0.0000,0.0000,0.0681,-0.1415,5.1345,0.011,3568,0.0000,0.0000,0.0758,0,2,0.205
45.600,0,1,2,0.0000,0.0000,0.0128,-0.0749,5.9008,0.0000,0.0000,0.0000,-0.0344,-0.0171,1.4016,0.014,3571,0.0000,0.0000,0.0760,0,2,0.154
45.699,0,1,2,0.0000,0.0000,0.0136,-0.0759,5.9089,0.0000,0.0000,0.0000,0.0681,-0.1414,5.1346,0.024,3574,0.0000,0.0000,0.0771,0,2,0.146
45.797,0,1,2,0.0000,0.0000,0.0137,-0.0760,5.9233,0.0000,0.0000,0.0000,-0.0344,-0.0171,1.4014,0.012,3577,0.0000,0.0000,0.0772,0,2,0.203
45.898,0,1,2,0.0000,0.0000,0.0131,-0.0753,5.9007,0.0000,0.0000,0.0000,-0.0344,-0.0171,1.4022,0.041,3579,0.0000,0.0000,0.0765,0,2,0.211
45.999,0,1,2,0.0000,0.0000,0.0139,-0.0763,5.9069,0.0000,0.0000,0.0000,-0.0344,-0.0171,1.4017,0.008,3583,0.0000,0.0000,0.0776,0,2,0.145
46.098,0,1,2,0.0000,0.0000,0.0141,-0.0765,5.8826,0.0000,0.0000,0.0000,0.0681,-0.1414,5.1338,0.018,3586,0.0000,0.0000,0.0778,0,2,0.211
46.198,0,1,2,0.0000,0.0000,0.0142,-0.0766,5.9009,0.0000,0.0000,0.0000,0.0682,-0.1414,5.1342,0.041,3588,0.0000,0.0000,0.0779,0,2,0.223
46.298,0,1,2,0.0000,0.0000,0.0150,-0.0775,5.9186,0.0000,0.0000,0.0000,-0.0205,-0.0250,1.5378,0.005,3592,0.0000,0.0000,0.0789,0,2,0.219
46.397,0,1,2,0.0000,0.0000,0.0147,-0.0770,5.8939,0.0000,0.0000,0.0000,-0.0205,-0.0250,1.5404,0.003,3595,0.0000,0.0000,0.0784,0,2,0.154
46.499,0,1,2,0.0000,0.0000,0.0157,-0.0780,5.9141,0.0000,0.0000,0.0000,-0.0205,-0.0250,1.5398,0.007,3598,0.0000,0.0000,0.0795,0,2,0.217
46.600,0,1,2,0.0000,0.0000,0.0154,-0.0774,5.8898,0.0000,0.0000,0.0000,-0.0205,-0.0250,1.5400,0.003,3601,0.0000,0.0000,0.0790,0,2,0.205
46.698,0,1,2,0.0000,0.0000,0.0159,-0.0777,5.8651,0.0000,0.0000,0.0000,0.0682,-0.1413,5.1347,0.017,3604,0.0000,0.0000,0.0794,0,2,0.211
46.799,0,1,2,0.0000,0.0000,0.0161,-0.0779,5.8842,0.0000,0.0000,0.0000,-0.0205,-0.0250,1.5392,0.012,3607,0.0000,0.0000,0.0795,0,2,0.145
46.898,0,1,2,0.0000,0.0000,0.0165,-0.0782,5.8578,0.0000,0.0000,0.0000,0.0682,-0.1413,5.1333,0.022,3610,0.0000,0.0000,0.0799,0,2,0.218
46.999,0,1,2,0.0000,0.0000,0.0162,-0.0776,5.8536,0.0000,0.0000,0.0000,-0.0205,-0.0250,1.5409,0.008,3613,0.0000,0.0000,0.0793,0,2,0.155
47.098,0,1,2,0.0000,0.0000,0.0164,-0.0777,5.8609,0.0000,0.0000,0.0000,-0.0205,-0.0250,1.5410,0.041,3615,0.0000,0.0000,0.0795,0,2,0.220
47.198,0,1,2,0.0000,0.0000,0.0173,-0.0787,5.8756,0.0000,0.0000,0.0000,-0.0205,-0.0250,1.5413,0.003,3619,0.0000,0.0000,0.0806,0,2,0.214
47.297,0,1,2,0.0000,0.0000,0.0169,-0.0781,5.8567,0.0000,0.0000,0.0000,0.0682,-0.1413,5.1333,0.010,3622,0.0000,0.0000,0.0799,0,2,0.147
47.399,0,1,2,0.0000,0.0000,0.0173,-0.0784,5.8363,0.0000,0.0000,0.0000,-0.0205,-0.0250,1.5409,0.013,3625,0.0000,0.0000,0.0803,0,2,0.196
47.498,0,1,2,0.0000,0.0000,0.0175,-0.0785,5.8561,0.0000,0.0000,0.0000,0.0683,-0.1413,5.1322,0.012,3628,0.0000,0.0000,0.0804,0,2,0.204
47.600,0,1,2,0.0000,0.0000,0.0183,-0.0794,5.8678,0.0000,0.0000,0.0000,-0.0205,-0.0249,1.5375,0.003,3631,0.0000,0.0000,0.0815,0,2,0.220
47.698,0,1,2,0.0000,0.0000,0.0186,-0.0796,5.8423,0.0000,0.0000,0.0000,0.0683,-0.1412,5.1330,0.023,3634,0.0000,0.0000,0.0817,0,2,0.218
47.799,0,1,2,0.0000,0.0000,0.0187,-0.0797,5.8646,0.0000,0.0000,0.0000,-0.0205,-0.0250,1.5395,0.041,3636,0.0000,0.0000,0.0819,0,2,0.217
47.897,0,1,2,0.0000,0.0000,0.0195,-0.0806,5.8847,0.0000,0.0000,0.0000,-0.0205,-0.0250,1.5414,0.003,3640,0.0000,0.0000,0.0829,0,2,0.219
47.997,0,1,2,0.0000,0.0000,0.0186,-0.0792,5.8232,0.0000,0.0000,0.0000,-0.0205,-0.0250,1.5401,0.013,3643,0.0000,0.0000,0.0814,0,2,0.211
48.098,0,1,2,0.0000,0.0000,0.0194,-0.0801,5.8366,0.0000,0.0000,0.0000,0.0683,-0.1412,5.1320,0.018,3646,0.0000,0.0000,0.0824,0,2,0.144
48.197,0,1,2,0.0000,0.0000,0.0195,-0.0802,5.8587,0.0000,0.0000,0.0000,-0.0205,-0.0250,1.5412,0.004,3649,0.0000,0.0000,0.0825,0,2,0.208
48.298,0,1,2,0.0000,0.0000,0.0191,-0.0796,5.8390,0.0000,0.0000,0.0000,0.0683,-0.1412,5.1327,0.012,3652,0.0000,0.0000,0.0818,0,2,0.216
48.399,0,1,2,0.0000,0.0000,0.0193,-0.0797,5.8299,0.0000,0.0000,0.0000,-0.0205,-0.0250,1.5411,0.010,3655,0.0000,0.0000,0.0820,0,2,0.211
48.498,0,1,2,0.0000,0.0000,0.0201,-0.0806,5.8337,0.0000,0.0000,0.0000,0.0684,-0.1412,5.1323,0.016,3658,0.0000,0.0000,0.0831,0,2,0.208
48.598,0,1,2,0.0000,0.0000,0.0202,-0.0807,5.8520,0.0000,0.0000,0.0000,-0.0205,-0.0249,1.5388,0.006,3661,0.0000,0.0000,0.0832,0,2,0.154
48.698,0,1,2,0.0000,0.0000,0.0197,-0.0800,5.8330,0.0000,0.0000,0.0000,-0.0205,-0.0249,1.5390,0.039,3663,0.0000,0.0000,0.0824,0,2,0.153
48.798,0,1,2,0.0000,0.0000,0.0205,-0.0809,5.8494,0.0000,0.0000,0.0000,-0.0205,-0.0249,1.5395,0.012,3667,0.0000,0.0000,0.0835,0,2,0.206
48.898,0,1,2,0.0000,0.0000,0.0207,-0.0810,5.8270,0.0000,0.0000,0.0000,0.0684,-0.1411,5.1328,0.017,3670,0.0000,0.0000,0.0836,0,2,0.217
48.999,0,1,2,0.0000,0.0000,0.0208,-0.0811,5.8478,0.0000,0.0000,0.0000,-0.0205,-0.0249,1.5402,0.048,3672,0.0000,0.0000,0.0837,0,2,0.190
49.097,0,1,2,0.0000,0.0000,0.0203,-0.0804,5.8279,0.0000,0.0000,0.0000,0.0684,-0.1411,5.1330,0.008,3676,0.0000,0.0000,0.0829,0,2,0.142
49.210,0,1,2,0.0000,0.0000,0.0210,-0.0812,5.8433,0.0000,0.0000,0.0000,0.0684,-0.1411,5.1331,0.062,3678,0.0000,0.0000,0.0839,0,2,0.146
49.299,0,1,2,0.0000,0.0000,0.0223,-0.0828,5.9174,0.0000,0.0000,0.0000,0.0684,-0.1411,5.1322,0.029,3680,0.0000,0.0000,0.0857,0,2,0.148
49.400,0,1,2,0.0000,0.0000,0.0229,-0.0836,5.9781,0.0000,0.0000,0.0000,0.0684,-0.1411,5.1317,0.056,3681,0.0000,0.0000,0.0867,0,2,0.227
49.498,0,1,2,0.0000,0.0000,0.0235,-0.0844,6.0363,0.0000,0.0000,0.0000,0.0684,-0.1410,5.1326,0.005,3683,0.0000,0.0000,0.0876,0,2,0.216
49.598,0,1,2,0.0000,0.0000,0.0247,-0.0859,6.0925,0.0000,0.0000,0.0000,0.0684,-0.1410,5.1328,0.044,3684,0.0000,0.0000,0.0894,0,2,0.204
49.698,0,1,2,0.0000,0.0000,0.0260,-0.0875,6.1453,0.0000,0.0000,0.0000,0.0684,-0.1410,5.1324,0.022,3686,0.0000,0.0000,0.0913,0,2,0.208
49.798,0,1,2,0.0000,0.0000,0.0266,-0.0883,6.2083,0.0000,0.0000,0.0000,0.0685,-0.1410,5.1325,0.051,3687,0.0000,0.0000,0.0922,0,2,0.208
49.899,0,1,2,0.0000,0.0000,0.0272,-0.0890,6.2734,0.0000,0.0000,0.0000,0.0685,-0.1410,5.1326,0.003,3689,0.0000,0.0000,0.0931,0,2,0.207
49.998,0,1,2,0.0000,0.0000,0.0284,-0.0906,6.3238,0.0000,0.0000,0.0000,0.0685,-0.1410,5.1325,0.047,3690,0.0000,0.0000,0.0949,0,2,0.153
50.099,0,1,2,0.0000,0.0000,0.0290,-0.0913,6.4001,0.0000,0.0000,0.0000,0.0685,-0.1410,5.1314,0.079,3691,0.0000,0.0000,0.0958,0,2,0.144
50.197,0,1,2,0.0000,0.0000,0.0302,-0.0928,6.4294,0.0000,0.0000,0.0000,0.0685,-0.1410,5.1312,0.023,3693,0.0000,0.0000,0.0976,0,2,0.227
50.297,0,1,2,0.0000,0.0000,0.0314,-0.0943,6.4780,0.0000,0.0000,0.0000,0.0685,-0.1410,5.1325,0.016,3695,0.0000,0.0000,0.0994,0,2,0.222
50.399,0,1,2,0.0000,0.0000,0.0319,-0.0950,6.5332,0.0000,0.0000,0.0000,0.0685,-0.1410,5.1321,0.062,3696,0.0000,0.0000,0.1002,0,2,0.213
50.498,0,1,2,0.0000,0.0000,0.0331,-0.0964,6.5756,0.0000,0.0000,0.0000,0.0685,-0.1410,5.1318,0.024,3698,0.0000,0.0000,0.1019,0,2,0.220
50.598,0,1,2,0.0000,0.0000,0.0336,-0.0971,6.6313,0.0000,0.0000,0.0000,0.0685,-0.1410,5.1315,0.047,3699,0.0000,0.0000,0.1028,0,2,0.205
50.697,0,1,2,0.0000,0.0000,0.0347,-0.0985,6.6765,0.0000,0.0000,0.0000,0.0685,-0.1409,5.1310,0.014,3701,0.0000,0.0000,0.1044,0,2,0.145
50.799,0,1,2,0.0000,0.0000,0.0353,-0.0992,6.7255,0.0000,0.0000,0.0000,0.0685,-0.1409,5.1310,0.057,3702,0.0000,0.0000,0.1053,0,2,0.221
50.897,0,1,2,0.0000,0.0000,0.0363,-0.1005,6.7637,0.0000,0.0000,0.0000,0.0686,-0.1409,5.1305,0.017,3704,0.0000,0.0000,0.1069,0,2,0.209
50.997,0,1,2,0.0000,0.0000,0.0369,-0.1012,6.8149,0.0000,0.0000,0.0000,0.0686,-0.1409,5.1316,0.056,3705,0.0000,0.0000,0.1077,0,2,0.150
51.098,0,1,2,0.0000,0.0000,0.0374,-0.1018,6.8688,0.0000,0.0000,0.0000,0.0686,-0.1409,5.1322,0.003,3707,0.0000,0.0000,0.1085,0,2,0.211
51.200,0,1,2,0.0000,0.0000,0.0384,-0.1031,6.9136,0.0000,0.0000,0.0000,0.0686,-0.1409,5.1320,0.038,3708,0.0000,0.0000,0.1100,0,2,0.222
51.298,0,1,2,0.0000,0.0000,0.0394,-0.1043,6.9369,0.0000,0.0000,0.0000,0.0686,-0.1409,5.1307,0.019,3710,0.0000,0.0000,0.1115,0,2,0.152
51.400,0,1,2,0.0000,0.0000,0.0399,-0.1050,6.9972,0.0000,0.0000,0.0000,0.0686,-0.1409,5.1309,0.027,3711,0.0000,0.0000,0.1123,0,2,0.223
51.498,0,1,2,0.0000,0.0000,0.0404,-0.1056,7.0369,0.0000,0.0000,0.0000,0.0686,-0.1409,5.1304,0.054,3712,0.0000,0.0000,0.1130,0,2,0.152
51.598,0,1,2,0.0000,0.0000,0.0394,-0.1041,6.9355,0.0000,0.0000,0.0000,-0.0178,-0.0249,1.5888,0.017,3716,0.0000,0.0000,0.1113,0,2,0.147
51.699,0,1,2,0.0000,0.0000,0.0403,-0.1053,6.9656,0.0000,0.0000,0.0000,-0.0178,-0.0249,1.5891,0.002,3719,0.0000,0.0000,0.1127,0,2,0.143
51.798,0,1,2,0.0000,0.0000,0.0389,-0.1033,6.8844,0.0000,0.0000,0.0000,-0.0178,-0.0249,1.5887,0.038,3721,0.0000,0.0000,0.1104,0,2,0.214
51.898,0,1,2,0.0000,0.0000,0.0390,-0.1032,6.8539,0.0000,0.0000,0.0000,-0.0178,-0.0249,1.5881,0.002,3725,0.0000,0.0000,0.1104,0,2,0.219
51.998,0,1,2,0.0000,0.0000,0.0369,-0.1002,6.7224,0.0000,0.0000,0.0000,-0.0178,-0.0249,1.5873,0.016,3728,0.0000,0.0000,0.1068,0,2,0.159
52.097,0,1,2,0.0000,0.0000,0.0370,-0.1003,6.6967,0.0000,0.0000,0.0000,0.0686,-0.1408,5.1300,0.019,3731,0.0000,0.0000,0.1069,0,2,0.149
52.200,0,1,2,0.0000,0.0000,0.0358,-0.0987,6.6481,0.0000,0.0000,0.0000,-0.0178,-0.0249,1.5866,0.014,3734,0.0000,0.0000,0.1050,0,2,0.195
52.299,0,1,2,0.0000,0.0000,0.0360,-0.0988,6.6278,0.0000,0.0000,0.0000,0.0687,-0.1408,5.1299,0.021,3737,0.0000,0.0000,0.1052,0,2,0.227
52.397,0,1,2,0.0000,0.0000,0.0357,-0.0984,6.6174,0.0000,0.0000,0.0000,-0.0178,-0.0249,1.5879,0.011,3740,0.0000,0.0000,0.1046,0,2,0.212
52.498,0,1,2,0.0000,0.0000,0.0351,-0.0975,6.5474,0.0000,0.0000,0.0000,0.0687,-0.1408,5.1302,0.018,3743,0.0000,0.0000,0.1036,0,2,0.151
52.598,0,1,2,0.0000,0.0000,0.0348,-0.0971,6.5498,0.0000,0.0000,0.0000,-0.0178,-0.0249,1.5875,0.010,3746,0.0000,0.0000,0.1031,0,2,0.150
52.698,0,1,2,0.0000,0.0000,0.0338,-0.0956,6.4961,0.0000,0.0000,0.0000,-0.0178,-0.0249,1.5876,0.039,3748,0.0000,0.0000,0.1015,0,2,0.152
52.798,0,1,2,0.0000,0.0000,0.0333,-0.0949,6.4358,0.0000,0.0000,0.0000,-0.0178,-0.0249,1.5878,0.015,3752,0.0000,0.0000,0.1006,0,2,0.151
52.898,0,1,2,0.0000,0.0000,0.0336,-0.0952,6.4243,0.0000,0.0000,0.0000,0.0687,-0.1407,5.1300,0.017,3755,0.0000,0.0000,0.1010,0,2,0.212
52.999,0,1,2,0.0000,0.0000,0.0334,-0.0949,6.4298,0.0000,0.0000,0.0000,0.0687,-0.1407,5.1296,0.052,3757,0.0000,0.0000,0.1006,0,2,0.221
53.097,0,1,2,0.0000,0.0000,0.0330,-0.0942,6.3696,0.0000,0.0000,0.0000,0.0687,-0.1407,5.1300,0.017,3761,0.0000,0.0000,0.0998,0,2,0.205
53.201,0,1,2,0.0000,0.0000,0.0328,-0.0939,6.3799,0.0000,0.0000,0.0000,-0.0178,-0.0249,1.5893,0.004,3764,0.0000,0.0000,0.0994,0,2,0.147
53.300,0,1,2,0.0000,0.0000,0.0324,-0.0933,6.3370,0.0000,0.0000,0.0000,-0.0178,-0.0249,1.5904,0.021,3767,0.0000,0.0000,0.0987,0,2,0.149
53.398,0,1,2,0.0000,0.0000,0.0322,-0.0930,6.3325,0.0000,0.0000,0.0000,-0.0178,-0.0249,1.5881,0.006,3770,0.0000,0.0000,0.0984,0,2,0.217
53.498,0,1,2,0.0000,0.0000,0.0318,-0.0925,6.2813,0.0000,0.0000,0.0000,0.0688,-0.1407,5.1288,0.017,3773,0.0000,0.0000,0.0978,0,2,0.156
53.597,0,1,2,0.0000,0.0000,0.0310,-0.0913,6.2488,0.0000,0.0000,0.0000,-0.0178,-0.0249,1.5889,0.017,3776,0.0000,0.0000,0.0964,0,2,0.210
53.699,0,1,2,0.0000,0.0000,0.0313,-0.0917,6.2477,0.0000,0.0000,0.0000,0.0688,-0.1407,5.1286,0.021,3779,0.0000,0.0000,0.0969,0,2,0.221
53.799,0,1,2,0.0000,0.0000,0.0305,-0.0906,6.2183,0.0000,0.0000,0.0000,-0.0178,-0.0248,1.5888,0.013,3782,0.0000,0.0000,0.0956,0,2,0.152
53.897,0,1,2,0.0000,0.0000,0.0304,-0.0903,6.2253,0.0000,0.0000,0.0000,-0.0178,-0.0249,1.5893,0.043,3784,0.0000,0.0000,0.0953,0,2,0.203
53.998,0,1,2,0.0000,0.0000,0.0301,-0.0899,6.1850,0.0000,0.0000,0.0000,-0.0178,-0.0248,1.5886,0.013,3788,0.0000,0.0000,0.0948,0,2,0.211
54.098,0,1,2,0.0000,0.0000,0.0305,-0.0904,6.1882,0.0000,0.0000,0.0000,0.0688,-0.1406,5.1286,0.014,3791,0.0000,0.0000,0.0954,0,2,0.200
54.197,0,1,2,0.0000,0.0000,0.0304,-0.0902,6.1995,0.0000,0.0000,0.0000,-0.0178,-0.0248,1.5895,0.008,3794,0.0000,0.0000,0.0952,0,2,0.207
54.297,0,1,2,0.0000,0.0000,0.0301,-0.0899,6.1585,0.0000,0.0000,0.0000,0.0688,-0.1406,5.1281,0.013,3797,0.0000,0.0000,0.0948,0,2,0.225
54.400,0,1,2,0.0000,0.0000,0.0300,-0.0897,6.1694,0.0000,0.0000,0.0000,-0.0178,-0.0248,1.5891,0.008,3800,0.0000,0.0000,0.0946,0,2,0.151
54.497,0,1,2,0.0000,0.0000,0.0298,-0.0893,6.1347,0.0000,0.0000,0.0000,-0.0178,-0.0248,1.5898,0.009,3803,0.0000,0.0000,0.0942,0,2,0.215
54.597,0,1,2,0.0000,0.0000,0.0297,-0.0891,6.1402,0.0000,0.0000,0.0000,-0.0178,-0.0248,1.5896,0.036,3805,0.0000,0.0000,0.0939,0,2,0.152
54.699,0,1,2,0.0000,0.0000,0.0294,-0.0888,6.0976,0.0000,0.0000,0.0000,0.0689,-0.1406,5.1287,0.024,3809,0.0000,0.0000,0.0936,0,2,0.145
54.798,0,1,2,0.0000,0.0000,0.0287,-0.0878,6.0707,0.0000,0.0000,0.0000,-0.0178,-0.0248,1.5897,0.016,3812,0.0000,0.0000,0.0924,0,2,0.218
54.898,0,1,2,0.0000,0.0000,0.0292,-0.0884,6.0836,0.0000,0.0000,0.0000,0.0689,-0.1406,5.1291,0.016,3815,0.0000,0.0000,0.0930,0,2,0.152
54.997,0,1,2,0.0000,0.0000,0.0285,-0.0874,6.0470,0.0000,0.0000,0.0000,-0.0179,-0.0248,1.5910,0.016,3818,0.0000,0.0000,0.0919,0,2,0.153
55.099,0,1,2,0.0000,0.0000,0.0289,-0.0879,6.0604,0.0000,0.0000,0.0000,0.0689,-0.1405,5.1281,0.008,3821,0.0000,0.0000,0.0926,0,2,0.141
55.198,0,1,2,0.0000,0.0000,0.0282,-0.0870,6.0293,0.0000,0.0000,0.0000,-0.0179,-0.0248,1.5906,0.014,3824,0.0000,0.0000,0.0914,0,2,0.208
55.299,0,1,2,0.0000,0.0000,0.0287,-0.0876,6.0384,0.0000,0.0000,0.0000,0.0689,-0.1405,5.1280,0.016,3827,0.0000,0.0000,0.0921,0,2,0.224
55.398,0,1,2,0.0000,0.0000,0.0280,-0.0866,6.0074,0.0000,0.0000,0.0000,-0.0179,-0.0248,1.5911,0.018,3830,0.0000,0.0000,0.0910,0,2,0.146
55.497,0,1,2,0.0000,0.0000,0.0279,-0.0865,6.0249,0.0000,0.0000,0.0000,0.0689,-0.1405,5.1274,0.035,3832,0.0000,0.0000,0.0909,0,2,0.219
55.600,0,1,2,0.0000,0.0000,0.0278,-0.0863,5.9946,0.0000,0.0000,0.0000,-0.0179,-0.0248,1.5919,0.019,3836,0.0000,0.0000,0.0907,0,2,0.147
55.697,0,1,2,0.0000,0.0000,0.0283,-0.0869,6.0011,0.0000,0.0000,0.0000,0.0689,-0.1405,5.1283,0.017,3839,0.0000,0.0000,0.0914,0,2,0.143
55.800,0,1,2,0.0000,0.0000,0.0282,-0.0868,6.0189,0.0000,0.0000,0.0000,-0.0179,-0.0248,1.5908,0.042,3841,0.0000,0.0000,0.0913,0,2,0.209
55.898,0,1,2,0.0000,0.0000,0.0280,-0.0866,5.9905,0.0000,0.0000,0.0000,-0.0179,-0.0248,1.5897,0.014,3845,0.0000,0.0000,0.0910,0,2,0.147
55.999,0,1,2,0.0000,0.0000,0.0280,-0.0865,6.0035,0.0000,0.0000,0.0000,-0.0179,-0.0248,1.5894,0.002,3848,0.0000,0.0000,0.0909,0,2,0.210
56.097,0,1,2,0.0000,0.0000,0.0279,-0.0863,5.9719,0.0000,0.0000,0.0000,0.0690,-0.1405,5.1268,0.020,3851,0.0000,0.0000,0.0907,0,2,0.215
56.200,0,1,2,0.0000,0.0000,0.0272,-0.0854,5.9527,0.0000,0.0000,0.0000,-0.0179,-0.0248,1.5906,0.019,3854,0.0000,0.0000,0.0896,0,2,0.149
56.297,0,1,2,0.0000,0.0000,0.0277,-0.0860,5.9607,0.0000,0.0000,0.0000,0.0690,-0.1404,5.1276,0.021,3857,0.0000,0.0000,0.0904,0,2,0.145
56.398,0,1,2,0.0000,0.0000,0.0271,-0.0852,5.9398,0.0000,0.0000,0.0000,-0.0179,-0.0248,1.5902,0.019,3860,0.0000,0.0000,0.0894,0,2,0.151
56.499,0,1,2,0.0000,0.0000,0.0276,-0.0858,5.9604,0.0000,0.0000,0.0000,0.0690,-0.1404,5.1279,0.028,3863,0.0000,0.0000,0.0901,0,2,0.150
56.598,0,1,2,0.0000,0.0000,0.0269,-0.0849,5.9311,0.0000,0.0000,0.0000,-0.0179,-0.0248,1.5912,0.017,3866,0.0000,0.0000,0.0891,0,2,0.146
56.700,0,1,2,0.0000,0.0000,0.0269,-0.0849,5.9582,0.0000,0.0000,0.0000,0.0690,-0.1404,5.1279,0.002,3869,0.0000,0.0000,0.0890,0,2,0.164
56.799,0,1,2,0.0000,0.0000,0.0268,-0.0847,5.9233,0.0000,0.0000,0.0000,-0.0179,-0.0248,1.5904,0.018,3872,0.0000,0.0000,0.0889,0,2,0.145
56.897,0,1,2,0.0000,0.0000,0.0268,-0.0847,5.9416,0.0000,0.0000,0.0000,-0.0179,-0.0248,1.5896,0.045,3874,0.0000,0.0000,0.0888,0,2,0.146
56.998,0,1,2,0.0000,0.0000,0.0267,-0.0846,5.9131,0.0000,0.0000,0.0000,-0.0179,-0.0248,1.5905,0.018,3878,0.0000,0.0000,0.0887,0,2,0.144
57.099,0,1,2,0.0000,0.0000,0.0272,-0.0852,5.9279,0.0000,0.0000,0.0000,0.0690,-0.1404,5.1269,0.017,3881,0.0000,0.0000,0.0895,0,2,0.215
57.198,0,1,2,0.0000,0.0000,0.0272,-0.0852,5.9438,0.0000,0.0000,0.0000,-0.0179,-0.0248,1.5891,0.006,3884,0.0000,0.0000,0.0894,0,2,0.155
57.298,0,1,2,0.0000,0.0000,0.0271,-0.0850,5.9143,0.0000,0.0000,0.0000,0.0690,-0.1403,5.1273,0.022,3887,0.0000,0.0000,0.0892,0,2,0.221
57.403,0,1,2,0.0000,0.0000,0.0271,-0.0850,5.9508,0.0000,0.0000,0.0000,-0.0179,-0.0248,1.5925,0.043,3889,0.0000,0.0000,0.0892,0,2,0.207
57.498,0,1,2,0.0000,0.0000,0.0270,-0.0848,5.9100,0.0000,0.0000,0.0000,0.0691,-0.1403,5.1267,0.015,3893,0.0000,0.0000,0.0890,0,2,0.154
57.599,0,1,2,0.0000,0.0000,0.0264,-0.0840,5.8943,0.0000,0.0000,0.0000,-0.0179,-0.0248,1.5924,0.019,3896,0.0000,0.0000,0.0881,0,2,0.148
57.698,0,1,2,0.0000,0.0000,0.0269,-0.0847,5.8990,0.0000,0.0000,0.0000,0.0691,-0.1403,5.1261,0.018,3899,0.0000,0.0000,0.0889,0,2,0.221
57.798,0,1,2,0.0000,0.0000,0.0263,-0.0839,5.8843,0.0000,0.0000,0.0000,-0.0179,-0.0248,1.5909,0.016,3902,0.0000,0.0000,0.0879,0,2,0.151
57.899,0,1,2,0.0000,0.0000,0.0268,-0.0846,5.9001,0.0000,0.0000,0.0000,0.0691,-0.1403,5.1269,0.017,3905,0.0000,0.0000,0.0887,0,2,0.212
57.999,0,1,2,0.0000,0.0000,0.0262,-0.0837,5.8776,0.0000,0.0000,0.0000,-0.0179,-0.0248,1.5917,0.018,3908,0.0000,0.0000,0.0877,0,2,0.148
58.100,0,1,2,0.0000,0.0000,0.0267,-0.0844,5.8963,0.0000,0.0000,0.0000,0.0691,-0.1403,5.1262,0.017,3911,0.0000,0.0000,0.0886,0,2,0.204
58.200,0,1,2,0.0000,0.0000,0.0261,-0.0836,5.8756,0.0000,0.0000,0.0000,-0.0179,-0.0248,1.5924,0.018,3914,0.0000,0.0000,0.0876,0,2,0.207
58.298,0,1,2,0.0000,0.0000,0.0267,-0.0843,5.8910,0.0000,0.0000,0.0000,0.0691,-0.1403,5.1257,0.017,3917,0.0000,0.0000,0.0884,0,2,0.150
58.399,0,1,2,0.0000,0.0000,0.0261,-0.0835,5.8709,0.0000,0.0000,0.0000,-0.0179,-0.0248,1.5930,0.018,3920,0.0000,0.0000,0.0875,0,2,0.143
58.497,0,1,2,0.0000,0.0000,0.0272,-0.0850,5.9288,0.0000,0.0000,0.0000,-0.0179,-0.0247,1.5928,0.005,3923,0.0000,0.0000,0.0892,0,2,0.146
58.600,0,1,2,0.0000,0.0000,0.0266,-0.0842,5.9137,0.0000,0.0000,0.0000,-0.0179,-0.0247,1.5923,0.041,3925,0.0000,0.0000,0.0883,0,2,0.154
58.699,0,1,2,0.0000,0.0000,0.0265,-0.0841,5.8936,0.0000,0.0000,0.0000,0.0691,-0.1402,5.1270,0.021,3929,0.0000,0.0000,0.0882,0,2,0.139
58.802,0,1,2,0.0000,0.0000,0.0259,-0.0833,5.8722,0.0000,0.0000,0.0000,-0.0179,-0.0247,1.5918,0.022,3932,0.0000,0.0000,0.0872,0,2,0.151
58.900,0,1,2,0.0000,0.0000,0.0265,-0.0840,5.8891,0.0000,0.0000,0.0000,0.0691,-0.1402,5.1269,0.021,3935,0.0000,0.0000,0.0881,0,2,0.210
58.998,0,1,2,0.0000,0.0000,0.0259,-0.0832,5.8578,0.0000,0.0000,0.0000,-0.0179,-0.0247,1.5923,0.017,3938,0.0000,0.0000,0.0871,0,2,0.222
59.098,0,1,2,0.0000,0.0000,0.0264,-0.0839,5.8695,0.0000,0.0000,0.0000,0.0692,-0.1402,5.1254,0.024,3941,0.0000,0.0000,0.0880,0,2,0.150
59.197,0,1,2,0.0000,0.0000,0.0258,-0.0831,5.8535,0.0000,0.0000,0.0000,-0.0179,-0.0247,1.5925,0.016,3944,0.0000,0.0000,0.0870,0,2,0.217
59.299,0,1,2,0.0000,0.0000,0.0264,-0.0838,5.8640,0.0000,0.0000,0.0000,0.0692,-0.1402,5.1262,0.026,3947,0.0000,0.0000,0.0879,0,2,0.220
59.399,0,1,2,0.0000,0.0000,0.0258,-0.0830,5.8466,0.0000,0.0000,0.0000,-0.0179,-0.0247,1.5929,0.019,3950,0.0000,0.0000,0.0869,0,2,0.148
59.499,0,1,2,0.0000,0.0000,0.0258,-0.0830,5.8761,0.0000,0.0000,0.0000,-0.0179,-0.0247,1.5906,0.046,3952,0.0000,0.0000,0.0869,0,2,0.200
59.598,0,1,2,0.0000,0.0000,0.0258,-0.0830,5.8447,0.0000,0.0000,0.0000,-0.0179,-0.0247,1.5920,0.015,3956,0.0000,0.0000,0.0869,0,2,0.151
59.697,0,1,2,0.0000,0.0000,0.0264,-0.0837,5.8630,0.0000,0.0000,0.0000,0.0692,-0.1402,5.1257,0.015,3959,0.0000,0.0000,0.0877,0,2,0.157
59.806,0,1,2,0.0000,0.0000,0.0263,-0.0837,5.8836,0.0000,0.0000,0.0000,0.0692,-0.1402,5.1256,0.061,3961,0.0000,0.0000,0.0877,0,2,0.144
59.898,0,1,2,0.0000,0.0000,0.0263,-0.0836,5.8631,0.0000,0.0000,0.0000,-0.0179,-0.0247,1.5940,0.015,3965,0.0000,0.0000,0.0876,0,2,0.224
59.997,0,1,2,0.0000,0.0000,0.0263,-0.0836,5.8803,0.0000,0.0000,0.0000,-0.0179,-0.0247,1.5921,0.004,3968,0.0000,0.0000,0.0876,0,2,0.205
60.098,0,1,2,0.0000,0.0000,0.0263,-0.0835,5.8519,0.0000,0.0000,0.0000,-0.0179,-0.0247,1.5918,0.019,3971,0.0000,0.0000,0.0875,0,2,0.155
60.198,0,1,2,0.0000,0.0000,0.0257,-0.0827,5.8378,0.0000,0.0000,0.0000,-0.0179,-0.0247,1.5929,0.016,3974,0.0000,0.0000,0.0866,0,2,0.149
60.298,0,1,2,0.0000,0.0000,0.0262,-0.0835,5.8501,0.0000,0.0000,0.0000,0.0692,-0.1401,5.1262,0.019,3977,0.0000,0.0000,0.0875,0,2,0.211
60.400,0,1,2,0.0000,0.0000,0.0257,-0.0827,5.8411,0.0000,0.0000,0.0000,-0.0179,-0.0247,1.5918,0.020,3980,0.0000,0.0000,0.0866,0,2,0.220
60.500,0,1,2,0.0000,0.0000,0.0262,-0.0834,5.8539,0.0000,0.0000,0.0000,0.0693,-0.1401,5.1246,0.024,3983,0.0000,0.0000,0.0874,0,2,0.145
60.597,0,1,2,0.0000,0.0000,0.0256,-0.0826,5.8298,0.0000,0.0000,0.0000,-0.0179,-0.0247,1.5935,0.020,3986,0.0000,0.0000,0.0865,0,2,0.149
60.699,0,1,2,0.0000,0.0000,0.0256,-0.0826,5.8543,0.0000,0.0000,0.0000,0.0693,-0.1401,5.1247,0.003,3989,0.0000,0.0000,0.0865,0,2,0.149
60.800,0,1,2,0.0000,0.0000,0.0256,-0.0826,5.8421,0.0000,0.0000,0.0000,-0.0179,-0.0247,1.5944,0.018,3992,0.0000,0.0000,0.0865,0,2,0.145
60.899,0,1,2,0.0000,0.0000,0.0256,-0.0826,5.8483,0.0000,0.0000,0.0000,0.0693,-0.1401,5.1258,0.002,3995,0.0000,0.0000,0.0864,0,2,0.208
60.999,0,1,2,0.0000,0.0000,0.0256,-0.0825,5.8255,0.0000,0.0000,0.0000,-0.0179,-0.0247,1.5934,0.019,3998,0.0000,0.0000,0.0864,0,2,0.212
61.098,0,1,2,0.0000,0.0000,0.0262,-0.0833,5.8413,0.0000,0.0000,0.0000,0.0693,-0.1400,5.1249,0.020,4001,0.0000,0.0000,0.0873,0,2,0.148
61.198,0,1,2,0.0000,0.0000,0.0256,-0.0825,5.8275,0.0000,0.0000,0.0000,-0.0179,-0.0247,1.5958,0.014,4004,0.0000,0.0000,0.0864,0,2,0.221
61.298,0,1,2,0.0000,0.0000,0.0261,-0.0832,5.8376,0.0000,0.0000,0.0000,0.0693,-0.1400,5.1254,0.022,4007,0.0000,0.0000,0.0872,0,2,0.149
61.402,0,1,2,0.0000,0.0000,0.0261,-0.0832,5.8601,0.0000,0.0000,0.0000,-0.0179,-0.0247,1.5938,0.060,4009,0.0000,0.0000,0.0872,0,2,0.151
61.497,0,1,2,0.0000,0.0000,0.0261,-0.0832,5.8381,0.0000,0.0000,0.0000,0.0693,-0.1400,5.1250,0.016,4013,0.0000,0.0000,0.0872,0,2,0.147
61.598,0,1,2,0.0000,0.0000,0.0255,-0.0824,5.8220,0.0000,0.0000,0.0000,-0.0179,-0.0247,1.5930,0.016,4016,0.0000,0.0000,0.0863,0,2,0.151
61.698,0,1,2,0.0000,0.0000,0.0261,-0.0831,5.8386,0.0000,0.0000,0.0000,0.0693,-0.1400,5.1248,0.017,4019,0.0000,0.0000,0.0871,0,2,0.149
61.798,0,1,2,0.0000,0.0000,0.0255,-0.0824,5.8158,0.0000,0.0000,0.0000,-0.0179,-0.0247,1.5948,0.017,4022,0.0000,0.0000,0.0862,0,2,0.219
61.898,0,1,2,0.0000,0.0000,0.0261,-0.0831,5.8314,0.0000,0.0000,0.0000,0.0693,-0.1400,5.1250,0.025,4025,0.0000,0.0000,0.0871,0,2,0.226
61.998,0,1,2,0.0000,0.0000,0.0255,-0.0823,5.8178,0.0000,0.0000,0.0000,-0.0179,-0.0247,1.5951,0.018,4028,0.0000,0.0000,0.0862,0,2,0.157
62.097,0,1,2,0.0000,0.0000,0.0261,-0.0831,5.8379,0.0000,0.0000,0.0000,0.0694,-0.1400,5.1244,0.012,4031,0.0000,0.0000,0.0871,0,2,0.146
62.198,0,1,2,0.0000,0.0000,0.0255,-0.0823,5.8162,0.0000,0.0000,0.0000,-0.0179,-0.0247,1.5958,0.018,4034,0.0000,0.0000,0.0862,0,2,0.155
62.299,0,1,2,0.0000,0.0000,0.0255,-0.0823,5.8383,0.0000,0.0000,0.0000,0.0694,-0.1400,5.1245,0.002,4037,0.0000,0.0000,0.0862,0,2,0.209
62.400,0,1,2,0.0000,0.0000,0.0255,-0.0823,5.8161,0.0000,0.0000,0.0000,-0.0179,-0.0247,1.5951,0.019,4040,0.0000,0.0000,0.0862,0,2,0.157
62.498,0,1,2,0.0000,0.0000,0.0261,-0.0830,5.8332,0.0000,0.0000,0.0000,0.0694,-0.1399,5.1244,0.018,4043,0.0000,0.0000,0.0870,0,2,0.211
62.599,0,1,2,0.0000,0.0000,0.0261,-0.0830,5.8582,0.0000,0.0000,0.0000,-0.0179,-0.0247,1.5941,0.038,4045,0.0000,0.0000,0.0870,0,2,0.217
62.698,0,1,2,0.0000,0.0000,0.0261,-0.0830,5.8331,0.0000,0.0000,0.0000,-0.0180,-0.0247,1.5960,0.017,4049,0.0000,0.0000,0.0870,0,2,0.145
62.799,0,1,2,0.0000,0.0000,0.0255,-0.0822,5.8202,0.0000,0.0000,0.0000,-0.0180,-0.0247,1.5967,0.007,4052,0.0000,0.0000,0.0860,0,2,0.224
62.898,0,1,2,0.0000,0.0000,0.0260,-0.0829,5.8326,0.0000,0.0000,0.0000,0.0694,-0.1399,5.1241,0.025,4055,0.0000,0.0000,0.0869,0,2,0.198
62.999,0,1,2,0.0000,0.0000,0.0255,-0.0822,5.8162,0.0000,0.0000,0.0000,-0.0179,-0.0247,1.5934,0.018,4058,0.0000,0.0000,0.0860,0,2,0.145
63.098,0,1,2,0.0000,0.0000,0.0260,-0.0829,5.8323,0.0000,0.0000,0.0000,0.0694,-0.1399,5.1247,0.021,4061,0.0000,0.0000,0.0869,0,2,0.219
63.199,0,1,2,0.0000,0.0000,0.0255,-0.0821,5.8154,0.0000,0.0000,0.0000,-0.0180,-0.0247,1.5961,0.015,4064,0.0000,0.0000,0.0860,0,2,0.211
63.299,0,1,2,0.0000,0.0000,0.0260,-0.0829,5.8323,0.0000,0.0000,0.0000,0.0694,-0.1399,5.1245,0.029,4067,0.0000,0.0000,0.0869,0,2,0.150
63.399,0,1,2,0.0000,0.0000,0.0255,-0.0821,5.8136,0.0000,0.0000,0.0000,-0.0180,-0.0247,1.5957,0.018,4070,0.0000,0.0000,0.0860,0,2,0.152
63.498,0,2,0,0.0000,0.0000,0.0255,-0.0821,5.8390,0.0000,0.0000,0.0000,0.0694,-0.1399,5.1236,0.005,4073,-0.0327,0.0668,0.0860,0,2,0.153
63.600,0,2,0,0.0000,0.0000,0.0232,-0.0781,5.5471,0.0000,0.0000,0.0000,-0.0179,-0.0246,1.5931,0.018,4076,-0.0144,0.0623,0.0815,0,2,0.196
63.700,0,2,0,0.0000,0.0000,0.0207,-0.0724,4.9652,0.0000,0.0000,0.0000,-0.0155,-0.0228,1.2884,0.055,4078,-0.0252,0.0588,0.0753,0,2,0.160
63.797,0,2,1,0.6167,0.0000,0.0190,-0.0675,4.6321,0.0000,0.0000,0.0000,-0.0028,0.0057,1.1595,0.016,4082,0.0943,0.0055,0.6014,0,2,0.189
63.899,0,2,1,0.6167,0.0000,0.0281,-0.0665,4.4870,0.0000,0.0000,0.0000,-0.0009,0.0076,0.8912,0.016,4086,0.1098,-0.0185,0.5923,0,2,0.148
64.000,0,2,1,0.6167,0.0000,0.0380,-0.0648,4.2760,0.0000,0.0000,0.0000,0.0000,0.0087,0.7428,0.017,4090,0.0999,0.0054,0.5823,0,2,0.208
64.099,0,2,1,0.6167,0.0000,0.0492,-0.0656,4.0061,0.0000,0.0000,0.0000,0.1036,-0.1404,4.0122,0.017,4093,0.1130,-0.0261,0.5712,0,2,0.131
64.201,0,2,1,0.6167,0.0000,0.0604,-0.0671,3.8287,0.0000,0.0000,0.0000,0.0067,0.0121,0.0138,0.046,4095,0.1115,-0.0219,0.5603,0,2,0.139
64.299,0,2,1,0.6167,0.0000,0.0700,-0.0677,3.7323,0.0000,0.0000,0.0000,0.1068,-0.1458,3.3583,0.028,4099,0.0673,0.0066,0.5508,0,2,0.135
64.400,0,2,1,0.6167,0.0000,0.0762,-0.0661,3.7430,0.0000,0.0000,0.0000,0.0228,-0.0018,-0.6818,0.019,4102,0.1015,0.0023,0.5445,0,2,0.191
64.499,0,2,1,0.6167,0.0000,0.0856,-0.0665,3.5262,0.0000,0.0000,0.0000,0.1511,-0.1504,3.8526,0.028,4105,0.0848,0.0067,0.5352,0,2,0.170
64.604,0,2,1,0.6167,0.0000,0.0882,-0.0680,2.8516,0.0000,0.0000,0.0000,-0.3474,-0.2303,-12.4660,0.019,4108,0.0738,0.0070,0.5328,0,2,0.148
64.699,0,2,1,0.6167,0.0000,0.0916,-0.0710,2.5283,0.0000,0.0000,0.0000,-0.3023,-0.2181,-11.9000,0.048,4110,0.0802,0.0077,0.5298,0,2,0.161
64.798,0,2,1,0.6167,0.0000,0.0901,-0.0739,2.1558,0.0000,0.0000,0.0000,-0.2751,-0.2110,-11.6607,0.015,4112,0.0827,0.0082,0.5317,0,2,0.166
64.899,0,2,1,0.6167,0.0000,0.0931,-0.0747,2.0180,0.0000,0.0000,0.0000,-0.2414,-0.2035,-11.1069,0.049,4113,0.0876,0.0084,0.5289,0,2,0.176
64.999,0,2,1,0.6167,0.0000,0.0942,-0.0772,1.7215,0.0000,0.0000,0.0000,-0.2096,-0.1984,-10.5847,0.018,4115,0.0996,0.0089,0.5281,0,2,0.205
65.099,0,2,1,0.6167,0.0000,0.1001,-0.0782,1.6689,0.0000,0.0000,0.0000,-0.2075,-0.1968,-10.8529,0.047,4116,0.1005,0.0070,0.5225,0,2,0.195
65.200,0,2,1,0.6167,0.0000,0.1021,-0.0812,1.4966,0.0000,0.0000,0.0000,-0.1654,-0.1878,-10.1077,0.018,4118,0.1047,-0.0026,0.5209,0,2,0.173
65.300,0,2,1,0.6167,0.0000,0.1089,-0.0829,1.3687,0.0000,0.0000,0.0000,-0.1477,-0.1858,-9.8301,0.030,4119,0.1073,-0.0085,0.5145,0,2,0.159
65.397,0,2,1,0.6167,0.0000,0.1158,-0.0851,1.1190,0.0000,0.0000,0.0000,-0.1461,-0.1850,-10.0218,0.051,4120,0.1084,-0.0106,0.5080,0,2,0.153
65.499,0,2,1,0.6167,0.0000,0.1200,-0.0890,0.8008,0.0000,0.0000,0.0000,-0.1067,-0.1735,-9.7010,0.045,4122,0.1025,0.0041,0.5045,0,2,0.183
65.599,0,2,1,0.6167,0.0000,0.1264,-0.0886,0.6936,0.0000,0.0000,0.0000,0.1182,-0.0000,-3.2697,0.018,4124,0.0993,0.0121,0.4982,0,2,0.219
65.698,0,2,1,0.6167,0.0000,0.1362,-0.0861,0.6410,0.0000,0.0000,0.0000,0.1196,0.0004,-3.4274,0.054,4125,0.0993,0.0120,0.4881,0,2,0.214
65.799,0,2,1,0.6167,0.0000,0.1455,-0.0823,0.4692,0.0000,0.0000,0.0000,0.1234,0.0015,-3.8357,0.019,4127,0.0993,0.0115,0.4783,0,2,0.218
65.898,0,2,1,0.6167,0.0000,0.1570,-0.0818,0.2791,0.0000,0.0000,0.0000,0.2810,-0.2040,1.9218,0.031,4129,0.0993,0.0119,0.4669,0,2,0.221
65.999,0,2,1,0.6167,0.0000,0.1679,-0.0801,0.3818,0.0000,0.0000,0.0000,0.1311,0.0030,-4.6179,0.022,4132,0.0993,0.0119,0.4559,0,2,0.242
66.098,0,2,1,0.6167,0.0000,0.1793,-0.0814,0.2560,0.0000,0.0000,0.0000,0.2746,-0.1921,0.9127,0.028,4135,0.1074,-0.0072,0.4449,0,2,0.157
66.198,0,2,1,0.6167,0.0000,0.1907,-0.0814,0.0763,0.0000,0.0000,0.0000,0.1574,-0.0010,-4.9050,0.017,4138,0.1062,-0.0040,0.4336,0,2,0.163
66.300,0,2,1,0.6167,0.0000,0.2040,-0.0841,0.2847,0.0000,0.0000,0.0000,0.2774,-0.2002,0.2380,0.010,4141,0.0990,0.0143,0.4212,0,2,0.213
66.398,0,2,1,0.6167,0.0000,0.2135,-0.0828,0.5690,0.0000,0.0000,0.0000,0.1597,-0.0015,-5.0799,0.022,4144,0.1041,0.0020,0.4116,0,2,0.173
66.500,0,2,1,0.6167,0.0000,0.2228,-0.0813,0.8719,0.0000,0.0000,0.0000,0.1683,0.0202,-6.2994,0.035,4147,0.1074,-0.0058,0.4022,0,2,0.156
66.599,0,2,1,0.6167,0.0000,0.2323,-0.0808,1.4674,0.0000,0.0000,0.0000,0.2248,-0.0386,-3.7099,0.003,4150,0.0605,0.0308,0.3927,0,2,0.117
66.697,0,2,1,0.6167,0.0000,0.2364,-0.0748,1.9206,0.0000,0.0000,0.0000,0.1750,-0.0118,-4.1488,0.018,4153,0.0607,0.0295,0.3876,0,2,0.117
66.800,0,2,1,0.6167,0.0000,0.2410,-0.0699,1.9666,0.0000,0.0000,0.0000,0.1729,-0.0138,-3.7384,0.010,4156,0.0609,0.0285,0.3821,0,2,0.117
66.898,0,2,1,0.6167,0.0000,0.2466,-0.0675,1.9554,0.0000,0.0000,0.0000,0.1745,-0.0139,-3.8578,0.017,4159,0.0609,0.0282,0.3761,0,2,0.117
66.999,0,2,1,0.6167,0.0000,0.2503,-0.0628,2.2002,0.0000,0.0000,0.0000,0.1765,-0.0145,-3.9473,0.018,4162,0.0610,0.0271,0.3717,0,2,0.117
67.100,0,2,1,0.6167,0.0000,0.2563,-0.0593,2.3275,0.0000,0.0000,0.0000,0.2703,-0.0676,-1.0415,0.030,4165,0.0611,0.0264,0.3652,0,2,0.117
67.199,0,2,1,0.6167,0.0000,0.2618,-0.0553,2.5813,0.0000,0.0000,0.0000,0.2206,0.0013,-2.6103,0.019,4168,0.1104,-0.0166,0.3591,0,2,0.143
67.298,0,2,1,0.6167,0.0000,0.2716,-0.0549,2.4466,0.0000,0.0000,0.0000,0.2803,-0.0573,-0.6324,0.030,4171,0.1085,-0.0117,0.3494,0,2,0.153
67.405,0,2,1,0.6167,0.0000,0.2802,-0.0532,2.5533,0.0000,0.0000,0.0000,0.2230,0.0011,-2.8155,0.031,4174,0.0864,0.0230,0.3407,0,2,0.163
67.498,0,2,1,0.6167,0.0000,0.2877,-0.0495,2.7587,0.0000,0.0000,0.0000,0.2957,-0.0520,-0.7729,0.009,4177,0.0702,0.0385,0.3327,0,2,0.117
67.597,0,2,1,0.6167,0.0000,0.2935,-0.0447,2.7584,0.0000,0.0000,0.0000,0.2468,-0.0049,-2.4945,0.024,4180,0.0703,0.0373,0.3262,0,2,0.117
67.699,0,2,1,0.6167,0.0000,0.3000,-0.0408,2.7562,0.0000,0.0000,0.0000,0.3118,-0.0476,-0.3906,0.017,4183,0.0704,0.0364,0.3193,0,2,0.117
67.800,0,2,1,0.6167,0.0000,0.3052,-0.0365,2.8208,0.0000,0.0000,0.0000,0.2485,-0.0049,-2.6207,0.019,4186,0.0705,0.0353,0.3136,0,2,0.117
67.899,0,2,1,0.6167,0.0000,0.3131,-0.0327,2.9358,0.0000,0.0000,0.0000,0.3234,-0.0378,-0.3328,0.028,4188,0.0914,0.0135,0.3053,0,2,0.176
68.000,0,2,1,0.6167,0.0000,0.3024,-0.0301,2.7249,0.0000,0.0000,0.0000,-0.4028,0.0127,-23.1892,0.015,4191,0.1229,-0.0192,0.3157,0,2,0.135
68.099,0,2,1,0.6167,0.0000,0.3035,-0.0291,2.2505,0.0000,0.0000,0.0000,0.3363,-0.0302,-0.0935,0.030,4194,0.0841,0.0419,0.3145,0,2,0.117
68.199,0,2,1,0.6167,0.0000,0.3027,-0.0252,2.2389,0.0000,0.0000,0.0000,-0.4002,0.0134,-23.4045,0.054,4196,0.0841,0.0406,0.3150,0,2,0.117
68.299,0,2,1,0.6167,0.0000,0.2937,-0.0210,1.9800,0.0000,0.0000,0.0000,0.3525,-0.0254,-0.2760,0.027,4200,0.0841,0.0391,0.3237,0,2,0.117
68.401,0,2,1,0.6167,0.0000,0.2930,-0.0180,2.0443,0.0000,0.0000,0.0000,0.2386,-0.0908,-4.5877,0.020,4203,0.0841,0.0382,0.3242,0,2,0.117
68.498,0,2,1,0.6167,0.0000,0.3032,-0.0162,2.3392,0.0000,0.0000,0.0000,0.3661,-0.0120,0.1159,0.028,4206,0.1106,-0.0112,0.3139,0,2,0.170
68.598,0,2,1,0.6167,0.0000,0.3135,-0.0186,2.3823,0.0000,0.0000,0.0000,0.2527,-0.0879,-4.2995,0.017,4209,0.1064,-0.0060,0.3038,0,2,0.182
68.699,0,2,1,0.6167,0.0000,0.3251,-0.0184,2.5307,0.0000,0.0000,0.0000,0.3830,-0.0073,0.3318,0.027,4212,0.1000,0.0421,0.2922,0,2,0.117
68.801,0,2,1,0.6167,0.0000,0.3345,-0.0162,2.7063,0.0000,0.0000,0.0000,0.2885,-0.0822,-3.3963,0.020,4215,0.0841,0.0383,0.2826,0,2,0.117
68.899,0,2,1,0.6167,0.0000,0.3443,-0.0138,2.6567,0.0000,0.0000,0.0000,0.4025,-0.0015,0.7272,0.019,4218,0.0841,-0.0390,0.2727,0,2,0.117
68.998,0,2,1,0.6167,0.0000,0.3525,-0.0187,2.5035,0.0000,0.0000,0.0000,0.3083,-0.0742,-3.2657,0.023,4221,0.0847,-0.0356,0.2649,0,2,0.120
69.102,0,2,1,0.6167,0.0000,0.3615,-0.0218,2.9494,0.0000,0.0000,0.0000,0.3187,-0.0715,-3.2039,0.054,4223,0.0936,0.0180,0.2561,0,2,0.167
69.199,0,2,1,0.6167,0.0000,0.3712,-0.0230,2.7996,0.0000,0.0000,0.0000,0.3270,-0.0836,-2.8475,0.017,4227,0.1120,0.0327,0.2465,0,2,0.137
69.300,0,2,1,0.6167,0.0000,0.3831,-0.0206,3.0361,0.0000,0.0000,0.0000,0.4372,-0.0055,1.2199,0.029,4230,0.1158,0.0414,0.2345,0,2,0.117
69.399,0,2,1,0.6167,0.0000,0.3941,-0.0169,2.9643,0.0000,0.0000,0.0000,0.3447,-0.0812,-2.5555,0.047,4232,0.1000,0.0433,0.2232,0,2,0.117
69.499,0,2,1,0.6167,0.0000,0.4044,-0.0136,3.0484,0.0000,0.0000,0.0000,0.3647,-0.0706,-2.3915,0.011,4236,0.1000,0.0422,0.2127,0,2,0.117
69.597,0,2,1,0.6167,0.0000,0.4134,-0.0101,3.2152,0.0000,0.0000,0.0000,0.3781,-0.0664,-2.2278,0.004,4239,0.1000,0.0407,0.2035,0,2,0.117
69.699,0,2,1,0.6167,0.0000,0.4248,-0.0074,3.0739,0.0000,0.0000,0.0000,0.4727,0.0174,1.5033,0.033,4242,0.1000,-0.0434,0.1920,0,2,0.117
69.799,0,2,1,0.6167,0.0000,0.4351,-0.0107,3.1094,0.0000,0.0000,0.0000,0.4071,-0.0513,-1.7341,0.018,4245,0.1000,0.0001,0.1819,0,2,0.202
69.899,0,2,1,0.6167,0.0000,0.4461,-0.0099,3.3499,0.0000,0.0000,0.0000,0.4939,0.0167,1.5072,0.032,4248,0.1017,0.0042,0.1709,0,2,0.191
69.998,0,2,1,0.6167,0.0000,0.4563,-0.0094,3.4336,0.0000,0.0000,0.0000,0.5038,0.0190,1.8547,0.003,4252,0.1159,-0.0382,0.1606,0,2,0.117
70.098,0,2,1,0.6167,0.0000,0.4690,-0.0080,3.2011,0.0000,0.0000,0.0000,0.5344,0.2225,-6.7604,0.033,4254,0.1159,-0.0386,0.1479,0,2,0.117
70.199,0,2,1,0.6167,0.0000,0.4817,-0.0080,3.2523,0.0000,0.0000,0.0000,0.5121,0.0554,1.0415,0.019,4257,0.1159,-0.0382,0.1352,0,2,0.117
70.300,0,2,1,0.6167,0.0000,0.4955,-0.0048,3.2156,0.0000,0.0000,0.0000,0.5562,0.2089,-6.5947,0.013,4260,0.1124,-0.0389,0.1212,0,2,0.117
70.399,0,2,1,0.6167,0.0000,0.5079,-0.0031,3.2331,0.0000,0.0000,0.0000,0.5368,0.0534,1.1231,0.026,4263,0.0966,-0.0258,0.1088,0,2,0.142
70.498,0,2,1,0.6167,0.0000,0.5193,0.0014,3.2599,0.0000,0.0000,0.0000,0.5795,0.1985,-6.4821,0.014,4266,0.0835,0.0002,0.0974,0,2,0.179
70.599,0,2,1,0.6167,0.0000,0.5286,0.0048,3.3446,0.0000,0.0000,0.0000,0.5363,0.0531,1.3106,0.024,4269,0.0783,0.0003,0.0882,0,2,0.167
70.699,0,2,1,0.6167,0.0000,0.5368,0.0038,3.4575,0.0000,0.0000,0.0000,0.5002,-0.0655,-0.9565,0.023,4272,0.0715,0.0012,0.0800,0,2,0.165
70.806,0,2,1,0.6167,0.0000,0.5479,0.0043,3.3973,0.0000,0.0000,0.0000,0.5860,0.0016,2.2390,0.009,4275,0.0000,0.0000,0.0689,0,2,0.157
70.898,0,2,1,0.6167,0.0000,0.5580,0.0052,3.5978,0.0000,0.0000,0.0000,0.5907,0.0006,2.1234,0.035,4278,0.0000,0.0000,0.0589,0,2,0.159
70.998,0,2,1,0.6167,0.0000,0.5656,0.0057,3.8383,0.0000,0.0000,0.0000,0.5948,0.0007,2.3536,0.002,4282,0.0000,0.0000,0.0513,0,2,0.151
71.099,0,2,1,0.6167,0.0000,0.5694,0.0059,3.9232,0.0000,0.0000,0.0000,0.5948,0.0007,2.3524,0.034,4284,0.0000,0.0000,0.0476,0,2,0.164
71.198,0,2,1,0.6167,0.0000,0.5762,0.0064,4.0638,0.0000,0.0000,0.0000,0.5948,0.0007,2.3537,0.002,4288,0.0000,0.0000,0.0410,0,2,0.155
71.299,0,2,1,0.6167,0.0000,0.5796,0.0065,4.1421,0.0000,0.0000,0.0000,0.5948,0.0007,2.3531,0.035,4290,0.0000,0.0000,0.0376,0,2,0.164
71.399,0,2,1,0.6167,0.0000,0.5858,0.0070,4.2752,0.0000,0.0000,0.0000,0.8084,0.0244,8.0492,0.024,4293,0.0000,0.0000,0.0317,0,2,0.162
71.498,0,2,1,0.6167,0.0000,0.5889,0.0070,4.3446,0.0000,0.0000,0.0000,0.5948,0.0007,2.3533,0.034,4296,0.0000,0.0000,0.0286,0,2,0.158
71.600,0,2,1,0.6167,0.0000,0.5947,0.0075,4.4729,0.0000,0.0000,0.0000,0.8084,0.0244,8.0491,0.023,4299,0.0000,0.0000,0.0232,0,2,0.153
71.699,0,2,1,0.6167,0.0000,0.5974,0.0075,4.5371,0.0000,0.0000,0.0000,0.5949,0.0007,2.3535,0.018,4302,0.0000,0.0000,0.0207,0,2,0.159
71.799,0,2,1,0.6167,0.0000,0.6028,0.0079,4.6574,0.0000,0.0000,0.0000,0.8084,0.0244,8.0490,0.023,4305,0.0000,0.0000,0.0159,0,2,0.153
71.899,0,2,1,0.6167,0.0000,0.6052,0.0079,4.7128,0.0000,0.0000,0.0000,0.5949,0.0007,2.3530,0.017,4308,0.0000,0.0000,0.0139,1,3,0.165
71.998,0,2,1,0.6167,0.0000,0.6103,0.0083,4.8310,0.0000,0.0000,0.0000,0.5949,0.0007,2.3532,0.003,4312,0.0000,0.0000,0.0104,1,3,0.149
72.098,0,2,1,0.6167,0.0000,0.6125,0.0083,4.8850,0.0000,0.0000,0.0000,0.5949,0.0007,2.3522,0.025,4314,0.0000,0.0000,0.0092,1,3,0.156
72.199,0,2,1,0.6167,0.0000,0.6148,0.0084,4.9641,0.0000,0.0000,0.0000,0.8084,0.0243,8.0493,0.059,4316,0.0000,0.0000,0.0086,1,3,0.154
72.299,0,2,1,0.6167,0.0000,0.6192,0.0086,5.0477,0.0000,0.0000,0.0000,0.5949,0.0007,2.3527,0.032,4320,0.0000,0.0000,0.0090,1,3,0.167
72.400,0,2,1,0.6167,0.0000,0.6237,0.0089,5.1527,0.0000,0.0000,0.0000,0.8084,0.0243,8.0494,0.024,4323,0.0000,0.0000,0.0113,1,3,0.160
72.498,0,2,1,0.6167,0.0000,0.6253,0.0089,5.1957,0.0000,0.0000,0.0000,0.5949,0.0007,2.3537,0.034,4326,0.0000,0.0000,0.0124,1,3,0.161
72.598,0,2,1,0.6167,0.0000,0.6297,0.0092,5.2925,0.0000,0.0000,0.0000,0.5949,0.0006,2.3513,0.002,4330,0.0000,0.0000,0.0159,1,3,0.155
72.698,0,2,1,0.6167,0.0000,0.6311,0.0091,5.3395,0.0000,0.0000,0.0000,0.5949,0.0006,2.3518,0.035,4332,0.0000,0.0000,0.0171,1,3,0.157
72.797,0,2,1,0.6167,0.0000,0.6352,0.0094,5.4292,0.0000,0.0000,0.0000,0.5949,0.0006,2.3526,0.005,4336,0.0000,0.0000,0.0208,1,3,0.169
72.899,0,2,1,0.6167,0.0000,0.6364,0.0093,5.4764,0.0000,0.0000,0.0000,0.5949,0.0006,2.3518,0.035,4338,0.0000,0.0000,0.0218,1,3,0.159
72.998,0,2,1,0.6167,0.0000,0.6402,0.0096,5.5700,0.0000,0.0000,0.0000,0.8085,0.0242,8.0444,0.018,4341,0.0000,0.0000,0.0255,1,3,0.162
73.098,0,2,1,0.6167,0.0000,0.6412,0.0096,5.6018,0.0000,0.0000,0.0000,0.5949,0.0007,2.3528,0.012,4344,0.0000,0.0000,0.0264,1,3,0.164
73.199,0,2,1,0.6167,0.0000,0.6449,0.0098,5.6916,0.0000,0.0000,0.0000,0.8085,0.0242,8.0454,0.018,4347,0.0000,0.0000,0.0299,1,3,0.167
73.300,0,2,1,0.6167,0.0000,0.6457,0.0097,5.7199,0.0000,0.0000,0.0000,0.5949,0.0006,2.3517,0.037,4350,0.0000,0.0000,0.0307,1,3,0.166
73.399,0,2,1,0.6167,0.0000,0.6472,0.0098,5.7755,0.0000,0.0000,0.0000,0.8085,0.0242,8.0463,0.002,4353,0.0000,0.0000,0.0320,1,3,0.171
73.499,0,2,1,0.6167,0.0000,0.6499,0.0099,5.8311,0.0000,0.0000,0.0000,0.8084,0.0242,8.0469,0.027,4356,0.0000,0.0000,0.0347,1,3,0.165
73.598,0,2,1,0.6167,0.0000,0.6513,0.0100,5.8930,0.0000,0.0000,0.0000,0.5950,0.0006,2.3525,0.003,4360,0.0000,0.0000,0.0360,1,3,0.164
73.699,0,2,1,0.6167,0.0000,0.6539,0.0101,5.9393,0.0000,0.0000,0.0000,0.5950,0.0007,2.3530,0.028,4362,0.0000,0.0000,0.0385,1,3,0.172
73.800,0,2,1,0.6167,0.0000,0.6570,0.0103,6.0192,0.0000,0.0000,0.0000,0.5950,0.0006,2.3517,0.004,4366,0.0000,0.0000,0.0417,1,3,0.155
73.900,0,2,1,0.6167,0.0000,0.6574,0.0103,6.0396,0.0000,0.0000,0.0000,0.5950,0.0006,2.3525,0.037,4368,0.0000,0.0000,0.0420,1,3,0.167
73.999,0,2,1,0.6167,0.0000,0.6605,0.0105,6.1178,0.0000,0.0000,0.0000,0.5950,0.0006,2.3521,0.002,4372,0.0000,0.0000,0.0451,1,3,0.164
74.099,0,2,1,0.6167,0.0000,0.6607,0.0104,6.1355,0.0000,0.0000,0.0000,0.5949,0.0006,2.3512,0.034,4374,0.0000,0.0000,0.0453,1,3,0.175
74.198,0,2,1,0.6167,0.0000,0.6637,0.0106,6.2112,0.0000,0.0000,0.0000,0.5949,0.0006,2.3531,0.002,4378,0.0000,0.0000,0.0482,1,3,0.157
74.298,0,2,1,0.6167,0.0000,0.6638,0.0105,6.2280,0.0000,0.0000,0.0000,0.5949,0.0006,2.3526,0.017,4380,0.0000,0.0000,0.0483,1,3,0.161
74.397,0,2,1,0.6167,0.0000,0.6666,0.0107,6.2994,0.0000,0.0000,0.0000,0.8085,0.0240,8.0446,0.025,4383,0.0000,0.0000,0.0511,1,3,0.162
74.498,0,2,1,0.6167,0.0000,0.6666,0.0106,6.3143,0.0000,0.0000,0.0000,0.5949,0.0006,2.3522,0.016,4386,0.0000,0.0000,0.0510,1,3,0.166
74.599,0,2,1,0.6167,0.0000,0.6693,0.0109,6.3788,0.0000,0.0000,0.0000,0.8084,0.0240,8.0482,0.020,4389,0.0000,0.0000,0.0537,1,3,0.169
74.698,0,2,1,0.6167,0.0000,0.6692,0.0108,6.3946,0.0000,0.0000,0.0000,0.5949,0.0006,2.3528,0.026,4392,0.0000,0.0000,0.0536,1,3,0.150
74.799,0,2,1,0.6167,0.0000,0.6708,0.0108,6.4205,0.0000,0.0000,0.0000,0.5949,0.0006,2.3527,0.007,4396,0.0000,0.0000,0.0552,1,3,0.169
74.899,0,2,1,0.6167,0.0000,0.6716,0.0109,6.4629,0.0000,0.0000,0.0000,0.5949,0.0006,2.3531,0.036,4398,0.0000,0.0000,0.0560,1,3,0.162
74.997,0,2,1,0.6167,0.0000,0.6724,0.0109,6.5126,0.0000,0.0000,0.0000,0.5949,0.0006,2.3523,0.004,4401,0.0000,0.0000,0.0568,1,3,0.164
75.098,0,2,1,0.6167,0.0000,0.6739,0.0110,6.5333,0.0000,0.0000,0.0000,0.5949,0.0006,2.3524,0.033,4404,0.0000,0.0000,0.0582,1,3,0.155
75.200,0,2,1,0.6167,0.0000,0.6763,0.0112,6.5943,0.0000,0.0000,0.0000,0.5949,0.0006,2.3539,0.002,4408,0.0000,0.0000,0.0607,1,3,0.164
75.299,0,2,1,0.6167,0.0000,0.6759,0.0111,6.5971,0.0000,0.0000,0.0000,0.5949,0.0006,2.3534,0.036,4410,0.0000,0.0000,0.0603,1,3,0.149
75.399,0,2,1,0.6167,0.0000,0.6783,0.0112,6.6585,0.0000,0.0000,0.0000,0.8085,0.0239,8.0443,0.020,4413,0.0000,0.0000,0.0627,1,3,0.168
75.499,0,2,1,0.6167,0.0000,0.6779,0.0111,6.6594,0.0000,0.0000,0.0000,0.5949,0.0006,2.3529,0.037,4416,0.0000,0.0000,0.0622,1,3,0.154
75.597,0,2,1,0.6167,0.0000,0.6801,0.0113,6.7192,0.0000,0.0000,0.0000,0.5949,0.0006,2.3542,0.003,4420,0.0000,0.0000,0.0645,1,3,0.169
75.699,0,2,1,0.6167,0.0000,0.6796,0.0112,6.7190,0.0000,0.0000,0.0000,0.5949,0.0006,2.3539,0.025,4422,0.0000,0.0000,0.0639,1,3,0.168
75.799,0,2,1,0.6167,0.0000,0.6818,0.0114,6.7741,0.0000,0.0000,0.0000,0.8085,0.0239,8.0450,0.026,4425,0.0000,0.0000,0.0662,1,3,0.174
75.898,0,2,1,0.6167,0.0000,0.6812,0.0113,6.7708,0.0000,0.0000,0.0000,0.5950,0.0006,2.3541,0.015,4428,0.0000,0.0000,0.0655,1,3,0.167
75.998,0,2,1,0.6167,0.0000,0.6834,0.0115,6.8242,0.0000,0.0000,0.0000,0.5950,0.0006,2.3546,0.002,4432,0.0000,0.0000,0.0677,1,3,0.161
76.100,0,2,1,0.6167,0.0000,0.6827,0.0113,6.8196,0.0000,0.0000,0.0000,0.5950,0.0006,2.3546,0.033,4434,0.0000,0.0000,0.0670,1,3,0.172
76.199,0,2,1,0.6167,0.0000,0.6832,0.0114,6.8595,0.0000,0.0000,0.0000,0.8085,0.0238,8.0448,0.056,4436,0.0000,0.0000,0.0675,1,3,0.161
76.298,0,2,1,0.6167,0.0000,0.6842,0.0114,6.8645,0.0000,0.0000,0.0000,0.8085,0.0238,8.0426,0.028,4440,0.0000,0.0000,0.0685,1,3,0.150
76.400,0,2,1,0.6167,0.0000,0.6863,0.0116,6.9145,0.0000,0.0000,0.0000,0.8085,0.0238,8.0432,0.014,4443,0.0000,0.0000,0.0705,1,3,0.158
76.498,0,2,1,0.6167,0.0000,0.6855,0.0115,6.9083,0.0000,0.0000,0.0000,0.5950,0.0006,2.3545,0.036,4446,0.0000,0.0000,0.0698,1,3,0.166
76.598,0,2,1,0.6167,0.0000,0.6875,0.0116,6.9581,0.0000,0.0000,0.0000,0.5950,0.0006,2.3546,0.003,4450,0.0000,0.0000,0.0718,1,3,0.162
76.698,0,2,1,0.6167,0.0000,0.6867,0.0115,6.9504,0.0000,0.0000,0.0000,0.5950,0.0005,2.3539,0.031,4452,0.0000,0.0000,0.0709,1,3,0.160
76.799,0,2,1,0.6167,0.0000,0.6874,0.0115,6.9587,0.0000,0.0000,0.0000,0.5950,0.0006,2.3547,0.006,4456,0.0000,0.0000,0.0717,1,3,0.162
76.898,0,2,1,0.6167,0.0000,0.6878,0.0115,6.9903,0.0000,0.0000,0.0000,0.5950,0.0005,2.3544,0.036,4458,0.0000,0.0000,0.0720,1,3,0.166
76.999,0,2,1,0.6167,0.0000,0.6897,0.0117,7.0379,0.0000,0.0000,0.0000,0.8085,0.0237,8.0442,0.025,4461,0.0000,0.0000,0.0740,1,3,0.155
77.097,0,2,1,0.6167,0.0000,0.6900,0.0117,7.0682,0.0000,0.0000,0.0000,0.5950,0.0005,2.3546,0.004,4464,0.0000,0.0000,0.0743,1,3,0.157
77.198,0,2,1,0.6167,0.0000,0.6906,0.0118,7.0729,0.0000,0.0000,0.0000,0.8085,0.0237,8.0439,0.021,4467,0.0000,0.0000,0.0749,1,3,0.167
77.298,0,2,1,0.6167,0.0000,0.6897,0.0116,7.0624,0.0000,0.0000,0.0000,0.5950,0.0005,2.3546,0.022,4470,0.0000,0.0000,0.0740,1,3,0.159
77.400,0,2,1,0.6167,0.0000,0.6915,0.0118,7.1072,0.0000,0.0000,0.0000,0.5950,0.0005,2.3548,0.003,4474,0.0000,0.0000,0.0758,1,3,0.162
77.497,0,2,1,0.6167,0.0000,0.6906,0.0117,7.0945,0.0000,0.0000,0.0000,0.8085,0.0237,8.0444,0.025,4476,0.0000,0.0000,0.0748,1,3,0.169
77.599,0,2,1,0.6167,0.0000,0.6924,0.0118,7.1388,0.0000,0.0000,0.0000,0.8085,0.0237,8.0444,0.015,4479,0.0000,0.0000,0.0767,1,3,0.163
77.699,0,2,1,0.6167,0.0000,0.6914,0.0117,7.1244,0.0000,0.0000,0.0000,0.5950,0.0006,2.3560,0.028,4482,0.0000,0.0000,0.0757,1,3,0.168
77.797,0,2,1,0.6167,0.0000,0.6917,0.0117,7.1507,0.0000,0.0000,0.0000,0.8085,0.0237,8.0436,0.005,4485,0.0000,0.0000,0.0759,1,3,0.153
77.897,0,2,1,0.6167,0.0000,0.6922,0.0117,7.1536,0.0000,0.0000,0.0000,0.5950,0.0005,2.3543,0.032,4488,0.0000,0.0000,0.0764,1,3,0.155
78.000,0,2,1,0.6167,0.0000,0.6939,0.0119,7.1960,0.0000,0.0000,0.0000,0.5950,0.0005,2.3551,0.002,4492,0.0000,0.0000,0.0782,1,3,0.170
78.099,0,2,1,0.6167,0.0000,0.6929,0.0117,7.1821,0.0000,0.0000,0.0000,0.5950,0.0005,2.3553,0.036,4494,0.0000,0.0000,0.0771,1,3,0.156
78.198,0,2,1,0.6167,0.0000,0.6946,0.0119,7.2278,0.0000,0.0000,0.0000,0.5950,0.0006,2.3563,0.006,4498,0.0000,0.0000,0.0788,1,3,0.179
78.299,0,2,1,0.6167,0.0000,0.6935,0.0118,7.2136,0.0000,0.0000,0.0000,0.5950,0.0005,2.3562,0.030,4500,0.0000,0.0000,0.0777,1,3,0.161
78.398,0,2,1,0.6167,0.0000,0.6952,0.0119,7.2541,0.0000,0.0000,0.0000,0.8086,0.0236,8.0425,0.021,4503,0.0000,0.0000,0.0795,1,3,0.169
78.499,0,2,1,0.6167,0.0000,0.6941,0.0118,7.2379,0.0000,0.0000,0.0000,0.5950,0.0005,2.3551,0.023,4506,0.0000,0.0000,0.0783,1,3,0.158
78.597,0,2,1,0.6167,0.0000,0.6958,0.0119,7.2782,0.0000,0.0000,0.0000,0.8086,0.0236,8.0427,0.023,4509,0.0000,0.0000,0.0800,1,3,0.164
78.699,0,2,1,0.6167,0.0000,0.6946,0.0118,7.2612,0.0000,0.0000,0.0000,0.5950,0.0005,2.3558,0.015,4512,0.0000,0.0000,0.0788,1,3,0.178
78.798,0,2,1,0.6167,0.0000,0.6963,0.0119,7.2943,0.0000,0.0000,0.0000,0.5950,0.0005,2.3563,0.002,4516,0.0000,0.0000,0.0805,1,3,0.164
78.899,0,2,1,0.6167,0.0000,0.6951,0.0118,7.2848,0.0000,0.0000,0.0000,0.8086,0.0235,8.0424,0.027,4518,0.0000,0.0000,0.0793,1,3,0.175
78.998,0,2,1,0.6167,0.0000,0.6953,0.0118,7.3169,0.0000,0.0000,0.0000,0.8086,0.0235,8.0421,0.003,4521,0.0000,0.0000,0.0795,1,3,0.161
79.099,0,2,1,0.6167,0.0000,0.6956,0.0118,7.3045,0.0000,0.0000,0.0000,0.5950,0.0005,2.3561,0.028,4524,0.0000,0.0000,0.0798,1,3,0.149
79.198,0,2,1,0.6167,0.0000,0.6972,0.0120,7.3436,0.0000,0.0000,0.0000,0.8085,0.0235,8.0435,0.025,4527,0.0000,0.0000,0.0815,1,3,0.167
79.298,0,2,1,0.6167,0.0000,0.6961,0.0118,7.3272,0.0000,0.0000,0.0000,0.5950,0.0005,2.3561,0.034,4530,0.0000,0.0000,0.0803,1,3,0.153
79.400,0,2,1,0.6167,0.0000,0.6977,0.0120,7.3641,0.0000,0.0000,0.0000,0.8086,0.0235,8.0413,0.027,4533,0.0000,0.0000,0.0819,1,3,0.171
79.498,0,2,1,0.6167,0.0000,0.6965,0.0118,7.3360,0.0000,0.0000,0.0000,0.5950,0.0005,2.3567,0.034,4536,0.0000,0.0000,0.0807,1,3,0.163
79.597,0,2,1,0.6167,0.0000,0.6980,0.0120,7.3818,0.0000,0.0000,0.0000,0.5950,0.0005,2.3562,0.003,4540,0.0000,0.0000,0.0823,1,3,0.171
79.699,0,2,1,0.6167,0.0000,0.6968,0.0118,7.3614,0.0000,0.0000,0.0000,0.5950,0.0005,2.3568,0.034,4542,0.0000,0.0000,0.0810,1,3,0.157
79.800,0,2,1,0.6167,0.0000,0.6984,0.0120,7.4000,0.0000,0.0000,0.0000,0.8086,0.0234,8.0411,0.029,4545,0.0000,0.0000,0.0826,1,3,0.176
79.897,0,2,1,0.6167,0.0000,0.6971,0.0118,7.3774,0.0000,0.0000,0.0000,0.5950,0.0005,2.3567,0.015,4548,0.0000,0.0000,0.0813,1,3,0.169
79.997,0,2,1,0.6167,0.0000,0.6987,0.0120,7.4086,0.0000,0.0000,0.0000,0.8086,0.0234,8.0414,0.024,4551,0.0000,0.0000,0.0829,1,3,0.156
80.099,0,2,1,0.6167,0.0000,0.6974,0.0119,7.3959,0.0000,0.0000,0.0000,0.5950,0.0005,2.3569,0.032,4554,0.0000,0.0000,0.0816,1,3,0.168
80.202,0,2,1,0.6167,0.0000,0.6975,0.0119,7.4258,0.0000,0.0000,0.0000,0.5950,0.0005,2.3568,0.072,4556,0.0000,0.0000,0.0817,1,3,0.160
80.299,0,2,1,0.6167,0.0000,0.6978,0.0119,7.4121,0.0000,0.0000,0.0000,0.5950,0.0005,2.3561,0.027,4560,0.0000,0.0000,0.0820,1,3,0.158
80.401,0,2,1,0.6167,0.0000,0.6993,0.0120,7.4474,0.0000,0.0000,0.0000,0.5950,0.0005,2.3570,0.002,4564,0.0000,0.0000,0.0835,1,3,0.171
80.498,0,2,1,0.6167,0.0000,0.6980,0.0119,7.4252,0.0000,0.0000,0.0000,0.5950,0.0005,2.3568,0.028,4566,0.0000,0.0000,0.0822,1,3,0.168
80.599,0,2,1,0.6167,0.0000,0.6982,0.0119,7.4153,0.0000,0.0000,0.0000,0.5950,0.0005,2.3573,0.006,4570,0.0000,0.0000,0.0824,1,3,0.170
80.699,0,2,1,0.6167,0.0000,0.6983,0.0119,7.4376,0.0000,0.0000,0.0000,0.5950,0.0005,2.3564,0.035,4572,0.0000,0.0000,0.0825,1,3,0.167
80.799,0,2,1,0.6167,0.0000,0.6998,0.0120,7.4734,0.0000,0.0000,0.0000,0.5951,0.0005,2.3571,0.002,4576,0.0000,0.0000,0.0840,1,3,0.171
80.898,0,2,1,0.6167,0.0000,0.6985,0.0119,7.4495,0.0000,0.0000,0.0000,0.5951,0.0005,2.3578,0.033,4578,0.0000,0.0000,0.0827,1,3,0.167
81.000,0,2,1,0.6167,0.0000,0.7000,0.0120,7.4854,0.0000,0.0000,0.0000,0.8086,0.0233,8.0417,0.027,4581,0.0000,0.0000,0.0842,1,3,0.165
81.098,0,2,1,0.6167,0.0000,0.6987,0.0119,7.4606,0.0000,0.0000,0.0000,0.5951,0.0005,2.3568,0.015,4584,0.0000,0.0000,0.0829,1,3,0.166
81.198,0,2,1,0.6167,0.0000,0.7002,0.0120,7.4931,0.0000,0.0000,0.0000,0.8086,0.0233,8.0410,0.023,4587,0.0000,0.0000,0.0844,1,3,0.160
81.299,0,2,1,0.6167,0.0000,0.6989,0.0119,7.4685,0.0000,0.0000,0.0000,0.5950,0.0005,2.3564,0.016,4590,0.0000,0.0000,0.0831,1,3,0.162
81.399,0,2,1,0.6167,0.0000,0.7004,0.0120,7.4997,0.0000,0.0000,0.0000,0.8086,0.0233,8.0415,0.027,4593,0.0000,0.0000,0.0846,1,3,0.160
81.497,0,2,1,0.6167,0.0000,0.6991,0.0118,7.4748,0.0000,0.0000,0.0000,0.5951,0.0005,2.3566,0.029,4596,0.0000,0.0000,0.0832,1,3,0.169
81.599,0,2,1,0.6167,0.0000,0.6992,0.0118,7.4611,0.0000,0.0000,0.0000,0.5951,0.0005,2.3577,0.006,4600,0.0000,0.0000,0.0834,1,3,0.158
81.699,0,2,1,0.6167,0.0000,0.6992,0.0118,7.4836,0.0000,0.0000,0.0000,0.5951,0.0005,2.3579,0.036,4602,0.0000,0.0000,0.0834,1,3,0.170
81.799,0,2,1,0.6167,0.0000,0.6993,0.0118,7.5106,0.0000,0.0000,0.0000,0.5951,0.0005,2.3567,0.003,4605,0.0000,0.0000,0.0835,1,3,0.158
81.898,0,2,1,0.6167,0.0000,0.6994,0.0118,7.4888,0.0000,0.0000,0.0000,0.5951,0.0005,2.3569,0.032,4608,0.0000,0.0000,0.0836,1,3,0.176
81.999,0,2,1,0.6167,0.0000,0.7009,0.0120,7.5238,0.0000,0.0000,0.0000,0.5950,0.0005,2.3567,0.003,4612,0.0000,0.0000,0.0851,1,3,0.162
82.098,0,2,1,0.6167,0.0000,0.6996,0.0118,7.5007,0.0000,0.0000,0.0000,0.5950,0.0005,2.3570,0.036,4614,0.0000,0.0000,0.0838,1,3,0.178
82.201,0,2,1,0.6167,0.0000,0.7011,0.0120,7.5329,0.0000,0.0000,0.0000,0.8085,0.0232,8.0446,0.021,4617,0.0000,0.0000,0.0852,1,3,0.175
82.299,0,2,1,0.6167,0.0000,0.6997,0.0118,7.5079,0.0000,0.0000,0.0000,0.5950,0.0005,2.3574,0.035,4620,0.0000,0.0000,0.0839,1,3,0.169
82.397,0,2,1,0.6167,0.0000,0.7012,0.0120,7.5415,0.0000,0.0000,0.0000,0.8086,0.0232,8.0421,0.021,4623,0.0000,0.0000,0.0854,1,3,0.151
82.499,0,2,1,0.6167,0.0000,0.6998,0.0118,7.5159,0.0000,0.0000,0.0000,0.5950,0.0005,2.3585,0.015,4626,0.0000,0.0000,0.0840,1,3,0.175
82.599,0,2,1,0.6167,0.0000,0.7013,0.0120,7.5474,0.0000,0.0000,0.0000,0.8086,0.0231,8.0399,0.028,4629,0.0000,0.0000,0.0855,1,3,0.158
82.698,0,3,0,0.6167,0.0000,0.6999,0.0118,7.5225,0.0000,0.0000,0.0000,0.5950,0.0005,2.3569,0.028,4632,-0.0737,0.0010,0.0841,1,3,0.172
82.801,0,3,0,0.6167,0.0000,0.6961,0.0114,7.1816,0.0000,0.0000,0.0000,0.5951,-0.0000,2.3314,0.003,4636,-0.0540,-0.0155,0.0803,1,3,0.156
82.898,0,3,0,0.6167,0.0000,0.6895,0.0099,6.3120,0.0000,0.0000,0.0000,0.5936,-0.0023,1.8551,0.036,4638,-0.0668,0.0035,0.0735,1,3,0.161
82.997,0,3,1,0.6167,0.6167,0.6842,0.0102,5.9161,0.0000,0.0000,0.0000,0.5897,-0.0120,1.2852,0.004,4641,-0.0181,0.1126,0.6102,1,3,0.164
83.099,0,3,1,0.6167,0.6167,0.6818,0.0206,5.0425,0.0000,0.0000,0.0000,0.5873,-0.0134,1.0088,0.029,4644,0.0076,0.0871,0.5997,1,3,0.164
83.199,0,3,1,0.6167,0.6167,0.6817,0.0288,5.0215,0.0000,0.0000,0.0000,0.7438,0.0240,4.0673,0.011,4647,-0.0155,0.1101,0.5914,1,3,0.171
83.299,0,3,1,0.6167,0.6167,0.6789,0.0374,4.5213,0.0000,0.0000,0.0000,0.5858,0.0058,0.3072,0.037,4650,-0.0170,0.1119,0.5826,1,3,0.166
83.400,0,3,1,0.6167,0.6167,0.6772,0.0477,4.4705,0.0000,0.0000,0.0000,0.5865,0.0167,-0.0974,0.003,4654,-0.0158,0.1108,0.5722,1,3,0.169
83.498,0,3,1,0.6167,0.6167,0.6739,0.0578,4.2344,0.0000,0.0000,0.0000,0.5856,0.0232,-0.2144,0.029,4656,-0.0165,0.1119,0.5618,1,3,0.166
83.599,0,3,1,0.6167,0.6167,0.6724,0.0684,4.1319,0.0000,0.0000,0.0000,0.5798,0.0452,-0.5018,0.003,4660,0.0062,0.0893,0.5511,1,3,0.170
83.698,0,3,1,0.6167,0.6167,0.6708,0.0803,3.7766,0.0000,0.0000,0.0000,0.5979,0.2085,-7.5732,0.036,4662,-0.0181,0.1137,0.5391,1,3,0.161
83.799,0,3,1,0.6167,0.6167,0.6686,0.0909,3.6971,0.0000,0.0000,0.0000,0.7049,0.0764,2.1452,0.026,4665,-0.0186,0.1144,0.5284,1,3,0.159
83.898,0,3,1,0.6167,0.6167,0.6648,0.1033,3.3752,0.0000,0.0000,0.0000,0.5981,0.2306,-7.9430,0.017,4668,0.0084,0.0879,0.5156,1,3,0.166
84.000,0,3,1,0.6167,0.6167,0.6639,0.1149,3.5197,0.0000,0.0000,0.0000,0.6994,0.1066,1.8669,0.019,4671,-0.0167,0.1130,0.5040,1,3,0.163
84.099,0,3,1,0.6167,0.6167,0.6604,0.1275,3.3340,0.0000,0.0000,0.0000,0.6003,0.2689,-8.5240,0.017,4674,-0.0141,0.1109,0.4911,1,3,0.169
84.199,0,3,1,0.6167,0.6167,0.6579,0.1427,3.1077,0.0000,0.0000,0.0000,0.5961,0.2764,-8.2849,0.008,4678,-0.0164,0.1134,0.4758,1,3,0.162
84.299,0,3,1,0.6167,0.6167,0.6567,0.1541,3.1079,0.0000,0.0000,0.0000,0.6024,0.2961,-8.9953,0.037,4680,-0.0174,0.1145,0.4643,1,3,0.159
84.400,0,3,1,0.6167,0.6167,0.6558,0.1659,3.1734,0.0000,0.0000,0.0000,0.5619,0.1510,-1.4862,0.003,4684,-0.0128,0.1099,0.4525,1,3,0.172
84.497,0,3,1,0.6167,0.6167,0.6532,0.1758,3.0619,0.0000,0.0000,0.0000,0.5528,0.1538,-1.4297,0.026,4686,0.0095,0.0879,0.4423,1,3,0.166
84.597,0,3,1,0.6167,0.6167,0.6528,0.1878,3.0792,0.0000,0.0000,0.0000,0.6021,0.3306,-8.6736,0.004,4689,-0.0136,0.1109,0.4304,1,3,0.169
84.699,0,3,1,0.6167,0.6167,0.6508,0.2009,3.0581,0.0000,0.0000,0.0000,0.6011,0.3364,-8.5438,0.034,4692,0.0089,0.0887,0.4172,1,3,0.168
84.798,0,3,1,0.6167,0.6167,0.6508,0.2131,3.0150,0.0000,0.0000,0.0000,0.6145,0.3727,-9.3074,0.006,4696,-0.0151,0.1123,0.4050,1,3,0.165
84.897,0,3,1,0.6167,0.6167,0.6490,0.2243,3.0012,0.0000,0.0000,0.0000,0.5518,0.2149,-1.9000,0.036,4698,-0.0127,0.1102,0.3937,1,3,0.171
84.999,0,3,1,0.6167,0.6167,0.6480,0.2374,3.1504,0.0000,0.0000,0.0000,0.6131,0.3956,-9.1955,0.003,4702,-0.0145,0.1120,0.3805,1,3,0.166
85.098,0,3,1,0.6167,0.6167,0.6454,0.2498,3.1240,0.0000,0.0000,0.0000,0.5447,0.2468,-1.9077,0.036,4704,-0.0106,0.1085,0.3680,1,3,0.176
85.200,0,3,1,0.6167,0.6167,0.6433,0.2598,3.1319,0.0000,0.0000,0.0000,0.6712,0.2302,2.2134,0.021,4707,0.0103,0.0880,0.3579,1,3,0.166
85.299,0,3,1,0.6167,0.6167,0.6405,0.2694,3.1967,0.0000,0.0000,0.0000,0.5447,0.2749,-2.1235,0.027,4710,0.0081,0.0908,0.3481,1,3,0.174
85.400,0,3,1,0.6167,0.6167,0.6387,0.2788,3.3137,0.0000,0.0000,0.0000,0.6489,0.2471,1.5848,0.024,4713,-0.0160,0.1152,0.3386,1,3,0.157
85.499,0,3,1,0.6167,0.6167,0.6353,0.2893,3.2907,0.0000,0.0000,0.0000,0.5409,0.3041,-2.1897,0.022,4716,0.0128,0.1127,0.3279,1,3,0.164
85.598,0,3,1,0.6167,0.6167,0.6343,0.2986,3.5214,0.0000,0.0000,0.0000,0.5370,0.3274,-2.3802,0.003,4720,0.0136,0.0866,0.3185,1,3,0.162
85.698,0,3,1,0.6167,0.6167,0.6324,0.3100,3.3622,0.0000,0.0000,0.0000,0.6483,0.2760,1.9642,0.025,4722,-0.0114,0.1120,0.3070,1,3,0.166
85.798,0,3,1,0.6167,0.6167,0.6309,0.3212,3.4214,0.0000,0.0000,0.0000,0.5339,0.3597,-2.7216,0.005,4725,-0.0125,0.1134,0.2958,1,3,0.162
85.898,0,3,1,0.6167,0.6167,0.6290,0.3323,3.3051,0.0000,0.0000,0.0000,0.6529,0.3039,2.0890,0.026,4728,-0.0127,0.1141,0.2847,1,3,0.160
86.000,0,3,1,0.6167,0.6167,0.6281,0.3433,3.2991,0.0000,0.0000,0.0000,0.6516,0.3181,2.0076,0.019,4731,-0.0122,0.1138,0.2737,1,3,0.161
86.098,0,3,1,0.6167,0.6167,0.6258,0.3556,3.4003,0.0000,0.0000,0.0000,0.5321,0.3961,-3.0596,0.029,4734,-0.0105,0.1127,0.2612,1,3,0.164
86.203,0,3,1,0.6167,0.6167,0.6242,0.3669,3.5344,0.0000,0.0000,0.0000,0.6493,0.3407,2.2465,0.023,4737,-0.0075,0.1102,0.2499,1,3,0.171
86.298,0,3,1,0.6167,0.6167,0.6208,0.3781,3.3773,0.0000,0.0000,0.0000,0.5274,0.4488,-3.6698,0.032,4740,-0.0108,0.1148,0.2386,1,3,0.158
86.399,0,3,1,0.6167,0.6167,0.6182,0.3899,3.3501,0.0000,0.0000,0.0000,0.5266,0.4624,-3.7210,0.002,4744,-0.0101,0.1151,0.2267,1,3,0.157
86.498,0,3,1,0.6167,0.6167,0.6157,0.4003,3.2412,0.0000,0.0000,0.0000,0.6292,0.3053,3.4587,0.036,4746,0.0175,0.0885,0.2164,1,3,0.168
86.598,0,3,1,0.6167,0.6167,0.6142,0.4104,3.2627,0.0000,0.0000,0.0000,0.5779,0.3816,-0.3988,0.018,4749,-0.0048,0.1114,0.2063,1,3,0.167
86.699,0,3,1,0.6167,0.6167,0.6111,0.4235,3.2057,0.0000,0.0000,0.0000,0.5243,0.5248,-4.7878,0.013,4752,0.0192,0.0890,0.1932,1,3,0.170
86.799,0,3,1,0.6167,0.6167,0.6095,0.4341,3.2908,0.0000,0.0000,0.0000,0.5793,0.4035,-0.1419,0.026,4755,-0.0041,0.1133,0.1827,1,3,0.161
86.899,0,3,1,0.6167,0.6167,0.6073,0.4455,3.3065,0.0000,0.0000,0.0000,0.5234,0.5702,-5.4757,0.036,4758,-0.0012,0.1117,0.1714,1,3,0.165
86.997,0,3,1,0.6167,0.6167,0.6054,0.4568,3.2376,0.0000,0.0000,0.0000,0.5217,0.5756,-5.2266,0.005,4761,-0.0003,0.1123,0.1602,1,3,0.163
87.098,0,3,1,0.6167,0.6167,0.6048,0.4685,3.1691,0.0000,0.0000,0.0000,0.6022,0.4878,1.2147,0.026,4764,0.0300,0.1153,0.1486,1,3,0.154
87.198,0,3,1,0.6167,0.6167,0.6063,0.4788,3.1698,0.0000,0.0000,0.0000,0.6160,0.4002,2.9866,0.003,4768,-0.0006,0.1129,0.1383,1,3,0.161
87.298,0,3,1,0.6167,0.6167,0.6069,0.4878,3.4747,0.0000,0.0000,0.0000,0.6056,0.5090,1.2355,0.026,4770,0.0249,0.0874,0.1293,1,3,0.167
87.399,0,3,1,0.6167,0.6167,0.6090,0.4970,3.4692,0.0000,0.0000,0.0000,0.6047,0.5213,1.4855,0.024,4773,-0.0013,0.1081,0.1199,1,3,0.162
87.499,0,3,1,0.6167,0.6167,0.6095,0.5060,3.4326,0.0000,0.0000,0.0000,0.6220,0.4207,3.6180,0.037,4776,0.0224,0.0997,0.1109,1,3,0.163
87.599,0,3,1,0.6167,0.6167,0.6113,0.5148,3.7553,0.0000,0.0000,0.0000,0.6205,0.4488,3.3200,0.006,4780,-0.0015,0.0915,0.1020,1,3,0.164
87.699,0,3,1,0.6167,0.6167,0.6121,0.5215,3.6632,0.0000,0.0000,0.0000,0.6209,0.4553,3.4854,0.038,4782,0.0002,0.0836,0.0953,1,3,0.171
87.797,0,3,1,0.6167,0.6167,0.6129,0.5291,3.5831,0.0000,0.0000,0.0000,0.6255,0.4623,3.4138,0.003,4786,0.0177,0.0804,0.0877,1,3,0.157
87.898,0,3,1,0.6167,0.6167,0.6140,0.5363,3.7098,0.0000,0.0000,0.0000,0.6246,0.4642,3.4960,0.016,4788,0.0008,0.0691,0.0804,1,3,0.178
87.999,0,3,1,0.6167,0.6167,0.6143,0.5426,3.6343,0.0000,0.0000,0.0000,0.6160,0.5808,1.7063,0.019,4791,-0.0042,0.0685,0.0741,1,3,0.155
88.100,0,3,2,0.0000,0.6167,0.6132,0.5475,3.6463,0.0000,0.0000,0.0000,0.6207,0.4840,3.1696,0.018,4794,-0.1152,0.0335,0.6171,1,3,0.153
88.200,0,3,2,0.0000,0.6167,0.6032,0.5504,3.7513,0.0000,0.0000,0.0000,0.6183,0.5900,1.6623,0.020,4797,-0.1131,0.0311,0.6069,1,3,0.159
88.299,0,3,2,0.0000,0.6167,0.5937,0.5515,3.6887,0.0000,0.0000,0.0000,0.6129,0.4999,3.0408,0.027,4800,-0.0859,0.0293,0.5973,1,3,0.164
88.399,0,3,2,0.0000,0.6167,0.5857,0.5537,3.6523,0.0000,0.0000,0.0000,0.5985,0.6145,2.0737,0.017,4803,-0.1128,0.0305,0.5891,1,3,0.160
88.498,0,3,2,0.0000,0.6167,0.5754,0.5563,3.6187,0.0000,0.0000,0.0000,0.5957,0.6162,1.9670,0.034,4804,-0.1089,0.0264,0.5786,1,3,0.171
88.600,0,3,2,0.0000,0.6167,0.5656,0.5593,3.5406,0.0000,0.0000,0.0000,0.5913,0.6184,1.8911,0.052,4805,-0.0821,0.0324,0.5685,1,3,0.153
88.698,0,3,2,0.0000,0.6167,0.5577,0.5636,3.2780,0.0000,0.0000,0.0000,0.5752,0.6209,1.7531,0.046,4807,-0.0861,0.0024,0.5603,1,3,0.164
88.800,0,3,2,0.0000,0.6167,0.5488,0.5664,3.3379,0.0000,0.0000,0.0000,0.5681,0.6288,1.6087,0.021,4809,-0.0869,0.0028,0.5511,1,3,0.166
88.899,0,3,2,0.0000,0.6167,0.5398,0.5677,3.3140,0.0000,0.0000,0.0000,0.5619,0.6284,1.6019,0.050,4810,-0.1109,0.0268,0.5420,1,3,0.166
88.999,0,3,2,0.0000,0.6167,0.5303,0.5712,3.2462,0.0000,0.0000,0.0000,0.5491,0.6298,1.3871,0.019,4812,-0.1128,0.0280,0.5322,1,3,0.161
89.098,0,3,2,0.0000,0.6167,0.5209,0.5734,3.4473,0.0000,0.0000,0.0000,0.5431,0.6298,1.4008,0.049,4813,-0.0870,0.0020,0.5227,1,3,0.166
89.200,0,3,2,0.0000,0.6167,0.5125,0.5748,3.3278,0.0000,0.0000,0.0000,0.5263,0.6276,1.4841,0.023,4815,-0.1096,0.0245,0.5142,1,3,0.170
89.300,0,3,2,0.0000,0.6167,0.5023,0.5770,3.4451,0.0000,0.0000,0.0000,0.5217,0.6277,1.3207,0.055,4816,-0.0842,0.0284,0.5039,1,3,0.158
89.399,0,3,2,0.0000,0.6167,0.4930,0.5805,3.3844,0.0000,0.0000,0.0000,0.5081,0.6249,1.3099,0.019,4818,-0.0839,0.0282,0.4943,1,3,0.157
89.500,0,3,2,0.0000,0.6167,0.4844,0.5835,3.4719,0.0000,0.0000,0.0000,0.5008,0.6290,1.2721,0.049,4819,-0.1105,0.0239,0.4855,1,3,0.168
89.599,0,3,2,0.0000,0.6167,0.4754,0.5859,3.3422,0.0000,0.0000,0.0000,0.4903,0.6305,1.1688,0.018,4821,-0.1145,0.0274,0.4764,1,3,0.157
89.698,0,3,2,0.0000,0.6167,0.4659,0.5871,3.2627,0.0000,0.0000,0.0000,0.4847,0.6328,1.1525,0.056,4822,-0.1095,0.0223,0.4669,1,3,0.171
89.799,0,3,2,0.0000,0.6167,0.4555,0.5892,3.5203,0.0000,0.0000,0.0000,0.4790,0.6328,1.0460,0.057,4823,-0.0859,0.0252,0.4563,1,3,0.162
89.898,0,3,2,0.0000,0.6167,0.4460,0.5922,3.2964,0.0000,0.0000,0.0000,0.4630,0.6271,1.1206,0.027,4825,-0.0902,0.0020,0.4467,1,3,0.174
89.998,0,3,2,0.0000,0.6167,0.4373,0.5934,3.3853,0.0000,0.0000,0.0000,0.4500,0.6310,0.9854,0.004,4827,-0.0881,0.0223,0.4379,1,3,0.168
90.099,0,3,2,0.0000,0.6167,0.4265,0.5966,3.3645,0.0000,0.0000,0.0000,0.4444,0.6297,0.9141,0.049,4828,-0.0846,-0.0044,0.4270,1,3,0.158
90.198,0,3,2,0.0000,0.6167,0.4168,0.5985,3.3754,0.0000,0.0000,0.0000,0.4308,0.6300,0.8344,0.014,4830,-0.1112,0.0217,0.4172,1,3,0.167
90.299,0,3,2,0.0000,0.6167,0.4058,0.6006,3.3575,0.0000,0.0000,0.0000,0.4223,0.6291,0.8203,0.054,4831,-0.1108,0.0210,0.4061,1,3,0.168
90.399,0,3,2,0.0000,0.6167,0.3958,0.6026,3.3635,0.0000,0.0000,0.0000,0.4085,0.6290,0.7298,0.021,4833,-0.1119,0.0217,0.3960,1,3,0.165
90.499,0,3,2,0.0000,0.6167,0.3862,0.6044,3.3486,0.0000,0.0000,0.0000,0.4018,0.6332,0.7670,0.054,4834,-0.1155,0.0248,0.3864,1,3,0.155
90.599,0,3,2,0.0000,0.6167,0.3786,0.6144,2.9469,0.0000,0.0000,0.0000,0.3908,0.6340,0.7105,0.018,4837,-0.1139,0.0205,0.3786,1,3,0.160
90.699,0,3,2,0.0000,0.6167,0.3729,0.6301,2.4080,0.0000,0.0000,0.0000,0.5194,1.0044,-16.9180,0.015,4840,-0.1120,0.0141,0.3732,1,3,0.166
90.800,0,3,2,0.0000,0.6167,0.3650,0.6367,2.1879,0.0000,0.0000,0.0000,0.3641,0.6281,0.4333,0.020,4843,-0.0866,-0.0132,0.3656,1,3,0.162
90.898,0,3,2,0.0000,0.6167,0.3573,0.6421,1.9936,0.0000,0.0000,0.0000,0.5056,1.0190,-16.9458,0.004,4846,-0.1127,0.0114,0.3582,1,3,0.164
90.999,0,3,2,0.0000,0.6167,0.3500,0.6531,1.7215,0.0000,0.0000,0.0000,0.4827,1.0230,-16.5211,0.004,4850,-0.1140,0.0095,0.3519,1,3,0.160
91.101,0,3,2,0.0000,0.6167,0.3414,0.6648,1.6164,0.0000,0.0000,0.0000,0.4894,1.0379,-16.8389,0.035,4852,-0.0834,0.0081,0.3448,1,3,0.154
91.199,0,3,2,0.0000,0.6167,0.3318,0.6678,1.7053,0.0000,0.0000,0.0000,0.2636,0.5387,-1.3141,0.010,4855,-0.1112,0.0021,0.3357,1,3,0.167
91.299,0,3,2,0.0000,0.6167,0.3201,0.6651,1.9797,0.0000,0.0000,0.0000,0.2463,0.5246,-1.5909,0.029,4856,-0.0886,-0.0202,0.3238,1,3,0.169
91.397,0,3,2,0.0000,0.6167,0.3080,0.6592,2.2235,0.0000,0.0000,0.0000,0.2216,0.5130,-1.8232,0.015,4858,-0.1117,0.0040,0.3109,1,3,0.166
91.499,0,3,2,0.0000,0.6167,0.2961,0.6559,2.3430,0.0000,0.0000,0.0000,0.2107,0.5037,-1.9270,0.058,4859,-0.0891,-0.0180,0.2987,1,3,0.170
91.598,0,3,2,0.0000,0.6167,0.2836,0.6495,2.5373,0.0000,0.0000,0.0000,0.1901,0.4935,-2.2307,0.026,4861,-0.1129,0.0073,0.2855,1,3,0.163
91.699,0,3,2,0.0000,0.6167,0.2735,0.6546,2.3858,0.0000,0.0000,0.0000,0.4357,1.0761,-16.4705,0.036,4863,-0.1092,0.0015,0.2762,1,3,0.173
91.798,0,3,2,0.0000,0.6167,0.2630,0.6561,2.3709,0.0000,0.0000,0.0000,0.1463,0.4646,-2.8229,0.024,4866,-0.0900,-0.0187,0.2659,1,3,0.173
91.899,0,3,2,0.0000,0.6167,0.2500,0.6516,2.4939,0.0000,0.0000,0.0000,0.1326,0.4571,-2.9967,0.052,4867,-0.1138,0.0060,0.2524,1,3,0.160
92.000,0,3,2,0.0000,0.6167,0.2330,0.6475,2.5134,0.0000,0.0000,0.0000,0.1036,0.4390,-3.5432,0.025,4870,-0.0845,0.0078,0.2350,1,3,0.157
92.099,0,3,2,0.0000,0.6167,0.2270,0.6537,2.1550,0.0000,0.0000,0.0000,0.3954,1.0858,-15.9524,0.018,4873,-0.0800,-0.0299,0.2300,1,3,0.145
92.199,0,3,2,0.0000,0.6167,0.2122,0.6372,2.0846,0.0000,0.0000,0.0000,0.0962,0.0711,-12.7170,0.027,4876,-0.0861,-0.0177,0.2132,1,3,0.161
92.299,0,3,2,0.0000,0.6167,0.1990,0.6330,2.1175,0.0000,0.0000,0.0000,0.0987,0.8010,-4.0951,0.026,4879,-0.1106,0.0081,0.1996,1,3,0.170
92.400,0,3,2,0.0000,0.6167,0.1836,0.6204,2.1910,0.0000,0.0000,0.0000,0.0878,0.0978,-11.8176,0.027,4882,-0.1134,0.0171,0.1837,1,3,0.162
92.498,0,3,2,0.0000,0.6167,0.1682,0.6198,2.3012,0.0000,0.0000,0.0000,0.0809,0.8040,-3.7931,0.028,4885,-0.1102,0.0141,0.1683,1,3,0.171
92.599,0,3,2,0.0000,0.6167,0.1536,0.6142,2.5067,0.0000,0.0000,0.0000,0.0213,0.6487,-0.8352,0.003,4888,-0.1103,0.0180,0.1536,1,3,0.170
92.698,0,3,2,0.0000,0.6167,0.1365,0.6037,2.5183,0.0000,0.0000,0.0000,0.0172,0.6503,-0.6202,0.028,4891,-0.1080,0.0243,0.1372,1,3,0.174
92.798,0,3,2,0.0000,0.6167,0.1280,0.5898,2.6244,0.0000,0.0000,0.0000,0.3550,0.4424,-3.0210,0.016,4896,-0.1093,0.0388,0.1308,1,3,0.164
92.899,0,3,2,0.0000,0.6167,0.1200,0.5854,2.6875,0.0000,0.0000,0.0000,0.3541,0.4418,-2.9269,0.042,4898,-0.1070,0.0431,0.1240,1,3,0.164
92.999,0,3,2,0.0000,0.6167,0.1096,0.5769,2.7748,0.0000,0.0000,0.0000,-0.0045,0.6531,0.3261,0.003,4904,-0.0933,0.0444,0.1166,1,3,0.177
93.098,0,3,2,0.0000,0.6167,0.0920,0.5969,3.1050,0.0000,0.0000,0.0000,-0.1461,1.3659,24.8346,0.048,4906,-0.0822,0.0296,0.0941,1,3,0.164
93.198,0,3,2,0.0000,0.6167,0.0775,0.6000,2.9650,0.0000,0.0000,0.0000,-0.0108,0.6672,0.7483,0.003,4911,-0.0708,0.0265,0.0793,1,3,0.157
93.301,0,3,3,0.0000,1.2333,0.0618,0.6175,3.2218,0.0000,0.0000,0.0000,-0.1555,1.3395,24.0212,0.021,4914,-0.0149,0.1105,0.6189,1,3,0.170
93.399,0,3,3,0.0000,1.2333,0.0545,0.6222,3.2750,0.0000,0.0000,0.0000,-0.1471,1.3171,23.3270,0.008,4918,-0.0145,0.1113,0.6135,1,3,0.168
93.497,0,3,3,0.0000,1.2333,0.0454,0.6458,3.2110,0.0000,0.0000,0.0000,-0.0277,0.6794,0.5162,0.014,4921,0.0136,0.1155,0.5893,1,3,0.156
93.599,0,3,3,0.0000,1.2333,0.0384,0.6618,3.4766,0.0000,0.0000,0.0000,-0.1082,1.2584,20.6045,0.017,4926,0.0110,0.0880,0.5728,1,3,0.166
93.699,0,3,3,0.0000,1.2333,0.0341,0.6727,3.4500,0.0000,0.0000,0.0000,-0.0259,0.6845,0.9896,0.035,4930,-0.0127,0.1124,0.5616,1,3,0.165
93.801,0,3,3,0.0000,1.2333,0.0273,0.6918,3.6506,0.0000,0.0000,0.0000,-0.0234,0.7018,0.9179,0.011,4935,0.0127,0.0880,0.5422,1,3,0.166
93.899,0,3,3,0.0000,1.2333,0.0242,0.6960,3.6100,0.0000,0.0000,0.0000,-0.0166,0.1759,-11.2027,0.026,4939,-0.0104,0.1117,0.5379,1,3,0.167
93.999,0,3,3,0.0000,1.2333,0.0182,0.7074,3.5518,0.0000,0.0000,0.0000,-0.0989,1.2401,19.0973,0.017,4944,-0.0119,0.1141,0.5263,1,3,0.160
94.099,0,3,3,0.0000,1.2333,0.0141,0.7183,3.6749,0.0000,0.0000,0.0000,-0.0280,0.1578,-12.5132,0.025,4947,-0.0126,0.1155,0.5152,1,3,0.156
94.198,0,3,3,0.0000,1.2333,0.0089,0.7281,3.6868,0.0000,0.0000,0.0000,-0.0729,1.2044,17.2553,0.011,4952,-0.0095,0.1134,0.5053,1,3,0.162
94.299,0,3,3,0.0000,1.2333,0.0062,0.7379,3.5010,0.0000,0.0000,0.0000,-0.0714,1.2065,17.1126,0.041,4954,-0.0093,0.1137,0.4954,1,3,0.161
94.398,0,3,3,0.0000,1.2333,0.0019,0.7449,3.6045,0.0000,0.0000,0.0000,-0.0690,1.1847,15.7770,0.013,4959,-0.0063,0.1115,0.4885,1,3,0.167
94.499,0,3,3,0.0000,1.2333,-0.0005,0.7529,3.6098,0.0000,0.0000,0.0000,-0.0688,1.1836,15.8281,0.018,4961,-0.0037,0.1094,0.4804,1,3,0.173
94.599,0,3,3,0.0000,1.2333,-0.0029,0.7535,3.5242,0.0000,0.0000,0.0000,-0.0696,0.0943,-16.1546,0.028,4964,0.0187,0.0874,0.4799,1,3,0.165
94.697,0,3,3,0.0000,1.2333,-0.0051,0.7659,3.7344,0.0000,0.0000,0.0000,-0.0110,0.7977,1.2284,0.014,4968,0.0181,0.0885,0.4675,1,3,0.168
94.798,0,3,3,0.0000,1.2333,-0.0080,0.7695,3.5837,0.0000,0.0000,0.0000,-0.0590,1.1837,14.9224,0.015,4972,-0.0060,0.1132,0.4639,1,3,0.162
94.898,0,3,3,0.0000,1.2333,-0.0112,0.7782,3.4687,0.0000,0.0000,0.0000,-0.0320,0.8488,0.2000,0.024,4976,0.0163,0.0915,0.4553,1,3,0.177
94.998,0,3,3,0.0000,1.2333,-0.0145,0.7801,3.3122,0.0000,0.0000,0.0000,-0.0560,1.1743,13.8348,0.015,4981,0.0188,0.0897,0.4535,1,3,0.172
95.098,0,3,3,0.0000,1.2333,-0.0151,0.7856,3.4127,0.0000,0.0000,0.0000,-0.0049,0.8504,1.1097,0.036,4984,0.0201,0.0886,0.4480,1,3,0.169
95.198,0,3,3,0.0000,1.2333,-0.0169,0.7806,3.2120,0.0000,0.0000,0.0000,-0.0481,1.1788,13.4992,0.008,4988,-0.0050,0.1140,0.4530,1,3,0.159
95.298,0,3,3,0.0000,1.2333,-0.0187,0.7919,3.3092,0.0000,0.0000,0.0000,-0.0004,0.8689,1.3769,0.033,4991,0.0245,0.1140,0.4419,1,3,0.159
95.399,0,3,3,0.0000,1.2333,-0.0185,0.8039,3.3206,0.0000,0.0000,0.0000,0.0040,0.8689,2.0471,0.007,4996,0.0178,0.0917,0.4299,1,3,0.178
95.498,0,3,3,0.0000,1.2333,-0.0191,0.8084,3.1039,0.0000,0.0000,0.0000,0.0036,0.8693,2.0707,0.037,4999,0.0236,0.1129,0.4254,1,3,0.162
95.597,0,3,3,0.0000,1.2333,-0.0183,0.8282,3.5350,0.0000,0.0000,0.0000,0.0080,0.8935,1.8503,0.005,5003,-0.0046,0.1143,0.4055,1,3,0.158
95.699,0,3,3,0.0000,1.2333,-0.0185,0.8449,3.7113,0.0000,0.0000,0.0000,0.0074,0.9025,2.0390,0.038,5005,0.0193,0.0906,0.3889,1,3,0.175
95.799,0,3,3,0.0000,1.2333,-0.0174,0.8652,3.8123,0.0000,0.0000,0.0000,0.0108,0.9045,2.4071,0.008,5009,-0.0030,0.1129,0.3686,1,3,0.162
95.898,0,3,3,0.0000,1.2333,-0.0177,0.8803,3.8438,0.0000,0.0000,0.0000,-0.0351,1.2013,12.3362,0.028,5011,-0.0027,0.1129,0.3535,1,3,0.162
95.999,0,3,3,0.0000,1.2333,-0.0179,0.8952,3.8311,0.0000,0.0000,0.0000,0.0158,0.9292,2.1726,0.003,5014,0.0004,0.1100,0.3386,1,3,0.170
96.099,0,3,3,0.0000,1.2333,-0.0174,0.9097,3.9776,0.0000,0.0000,0.0000,0.0134,0.9308,2.2912,0.018,5016,-0.0002,0.1107,0.3241,1,3,0.168
96.198,0,3,3,0.0000,1.2333,-0.0168,0.9218,3.9457,0.0000,0.0000,0.0000,0.0174,0.9417,2.2669,0.045,5017,0.0249,0.1132,0.3120,1,3,0.161
96.299,0,3,3,0.0000,1.2333,-0.0152,0.9337,4.0486,0.0000,0.0000,0.0000,0.0197,0.9551,2.3641,0.031,5019,-0.0016,0.1118,0.3000,1,3,0.165
96.398,0,3,3,0.0000,1.2333,-0.0155,0.9453,3.8203,0.0000,0.0000,0.0000,0.0195,0.9691,2.3555,0.003,5021,-0.0027,0.1132,0.2885,1,3,0.161
96.499,0,3,3,0.0000,1.2333,-0.0156,0.9573,3.7948,0.0000,0.0000,0.0000,0.0218,0.9810,2.2137,0.035,5022,0.0000,0.1107,0.2765,1,3,0.168
96.600,0,3,3,0.0000,1.2333,-0.0145,0.9693,3.6572,0.0000,0.0000,0.0000,0.0224,0.9887,2.3520,0.006,5024,-0.0008,0.1114,0.2644,1,3,0.166
96.698,0,3,3,0.0000,1.2333,-0.0118,0.9812,3.5722,0.0000,0.0000,0.0000,0.0389,1.0367,2.8655,0.029,5027,0.0277,0.1168,0.2524,1,3,0.151
96.799,0,3,3,0.0000,1.2333,-0.0084,0.9937,3.6870,0.0000,0.0000,0.0000,0.0224,1.0205,1.9014,0.003,5031,0.0234,0.1137,0.2398,1,3,0.160
96.898,0,3,3,0.0000,1.2333,-0.0058,1.0057,3.6378,0.0000,0.0000,0.0000,0.0270,1.0258,2.2500,0.037,5033,0.0238,0.1152,0.2277,1,3,0.156
96.998,0,3,3,0.0000,1.2333,-0.0035,1.0175,3.6990,0.0000,0.0000,0.0000,0.0271,1.0391,2.0964,0.006,5037,0.0243,0.1167,0.2158,1,3,0.152
97.099,0,3,3,0.0000,1.2333,-0.0010,1.0313,3.6698,0.0000,0.0000,0.0000,0.0304,1.0475,2.2819,0.038,5039,-0.0079,0.1139,0.2020,1,3,0.160
97.199,0,3,3,0.0000,1.2333,0.0012,1.0442,3.6675,0.0000,0.0000,0.0000,0.0341,1.0599,2.4763,0.008,5043,0.0189,0.1137,0.1892,1,3,0.161
97.300,0,3,3,0.0000,1.2333,0.0034,1.0541,3.8086,0.0000,0.0000,0.0000,0.0325,1.0608,2.5479,0.036,5045,-0.0077,0.1116,0.1793,1,3,0.167
97.399,0,3,3,0.0000,1.2333,0.0044,1.0648,3.6591,0.0000,0.0000,0.0000,0.0407,1.1022,2.3464,0.026,5048,-0.0071,0.1102,0.1686,1,3,0.171
97.498,0,3,3,0.0000,1.2333,0.0052,1.0764,3.5986,0.0000,0.0000,0.0000,0.0360,1.0839,2.4044,0.018,5051,-0.0131,0.1155,0.1570,1,3,0.156
97.597,0,3,3,0.0000,1.2333,0.0059,1.0877,3.6763,0.0000,0.0000,0.0000,0.0329,1.1000,2.3350,0.003,5055,-0.0104,0.1120,0.1458,1,3,0.166
97.698,0,3,3,0.0000,1.2333,0.0061,1.1000,3.7432,0.0000,0.0000,0.0000,0.0359,1.1100,2.4621,0.015,5057,-0.0087,0.1099,0.1335,1,3,0.172
97.799,0,3,3,0.0000,1.2333,0.0067,1.1108,3.5725,0.0000,0.0000,0.0000,0.0353,1.1236,2.2532,0.008,5061,-0.0105,0.1089,0.1227,1,3,0.169
97.899,0,3,3,0.0000,1.2333,0.0062,1.1243,3.5820,0.0000,0.0000,0.0000,0.0349,1.1291,2.3509,0.039,5063,-0.0111,0.0985,0.1092,1,3,0.164
97.998,0,3,3,0.0000,1.2333,0.0070,1.1329,3.6122,0.0000,0.0000,0.0000,0.0334,1.1426,2.3971,0.004,5067,-0.0104,0.0899,0.1006,1,3,0.167
98.097,0,3,3,0.0000,1.2333,0.0073,1.1429,3.5762,0.0000,0.0000,0.0000,0.0390,1.1802,2.2105,0.027,5069,0.0083,0.0825,0.0907,1,3,0.161
98.197,0,3,3,0.0000,1.2333,0.0086,1.1517,3.5307,0.0000,0.0000,0.0000,0.0314,1.1616,2.3036,0.003,5073,0.0055,0.0742,0.0821,1,3,0.163
98.300,0,3,3,0.0000,1.2333,0.0096,1.1606,3.5434,0.0000,0.0000,0.0000,0.0354,1.1687,2.3275,0.043,5075,-0.0124,0.0666,0.0734,1,3,0.161
98.398,0,3,3,0.0000,1.2333,0.0097,1.1671,3.7034,0.0000,0.0000,0.0000,0.0353,1.1786,2.4406,0.010,5079,0.0000,0.0000,0.0670,1,3,0.165
98.498,0,3,3,0.0000,1.2333,0.0107,1.1689,3.6784,0.0000,0.0000,0.0000,0.0325,1.1802,2.5558,0.041,5081,0.0000,0.0000,0.0653,1,3,0.168
98.597,0,3,3,0.0000,1.2333,0.0119,1.1701,3.6919,0.0000,0.0000,0.0000,0.0323,1.1804,2.5670,0.003,5085,0.0000,0.0000,0.0644,1,3,0.153
98.698,0,3,3,0.0000,1.2333,0.0128,1.1712,3.7325,0.0000,0.0000,0.0000,0.0323,1.1804,2.5666,0.045,5087,0.0000,0.0000,0.0634,1,3,0.162
98.798,0,3,3,0.0000,1.2333,0.0139,1.1725,3.7590,0.0000,0.0000,0.0000,0.0323,1.1804,2.5653,0.003,5091,0.0000,0.0000,0.0624,1,3,0.154
98.897,0,3,3,0.0000,1.2333,0.0148,1.1732,3.7878,0.0000,0.0000,0.0000,0.0323,1.1804,2.5649,0.027,5093,0.0000,0.0000,0.0619,1,3,0.166
98.998,0,3,3,0.0000,1.2333,0.0157,1.1744,3.8055,0.0000,0.0000,0.0000,0.0386,1.2138,2.3299,0.027,5096,0.0000,0.0000,0.0610,1,3,0.161
99.098,0,3,3,0.0000,1.2333,0.0165,1.1750,3.8342,0.0000,0.0000,0.0000,0.0323,1.1804,2.5658,0.035,5099,0.0000,0.0000,0.0606,1,3,0.157
99.201,0,3,3,0.0000,1.2333,0.0176,1.1760,3.8612,0.0000,0.0000,0.0000,0.0324,1.1805,2.5652,0.010,5103,0.0000,0.0000,0.0599,1,3,0.146
99.298,0,3,3,0.0000,1.2333,0.0182,1.1766,3.8967,0.0000,0.0000,0.0000,0.0386,1.2138,2.3297,0.036,5105,0.0000,0.0000,0.0595,1,3,0.170
99.401,0,3,3,0.0000,1.2333,0.0187,1.1771,3.9397,0.0000,0.0000,0.0000,0.0323,1.1805,2.5657,0.004,5108,0.0000,0.0000,0.0592,0,4,0.172
99.498,0,3,3,0.0000,1.2333,0.0196,1.1781,3.9500,0.0000,0.0000,0.0000,0.0324,1.1805,2.5655,0.037,5111,0.0000,0.0000,0.0586,0,4,0.171
99.600,0,3,3,0.0000,1.2333,0.0205,1.1791,3.9645,0.0000,0.0000,0.0000,0.0324,1.1805,2.5651,0.009,5115,0.0000,0.0000,0.0580,0,4,0.156
99.698,0,3,3,0.0000,1.2333,0.0210,1.1795,4.0003,0.0000,0.0000,0.0000,0.0324,1.1805,2.5656,0.038,5117,0.0000,0.0000,0.0578,0,4,0.155
99.799,0,3,3,0.0000,1.2333,0.0216,1.1804,4.0245,0.0000,0.0000,0.0000,0.0324,1.1805,2.5659,0.002,5121,0.0000,0.0000,0.0572,0,4,0.159
99.899,0,3,3,0.0000,1.2333,0.0222,1.1808,4.0578,0.0000,0.0000,0.0000,0.0324,1.1805,2.5652,0.036,5123,0.0000,0.0000,0.0571,0,4,0.165
99.998,0,3,3,0.0000,1.2333,0.0228,1.1816,4.0728,0.0000,0.0000,0.0000,0.0324,1.1805,2.5660,0.010,5127,0.0000,0.0000,0.0565,0,4,0.168
100.098,0,3,3,0.0000,1.2333,0.0233,1.1819,4.1071,0.0000,0.0000,0.0000,0.0323,1.1806,2.5672,0.038,5129,0.0000,0.0000,0.0564,0,4,0.162
100.197,0,3,3,0.0000,1.2333,0.0238,1.1827,4.1231,0.0000,0.0000,0.0000,0.0385,1.2137,2.3344,0.026,5132,0.0000,0.0000,0.0559,0,4,0.162
100.299,0,3,3,0.0000,1.2333,0.0243,1.1831,4.1440,0.0000,0.0000,0.0000,0.0323,1.1806,2.5676,0.017,5135,0.0000,0.0000,0.0558,0,4,0.164
100.399,0,3,3,0.0000,1.2333,0.0248,1.1838,4.1594,0.0000,0.0000,0.0000,0.0385,1.2137,2.3343,0.028,5138,0.0000,0.0000,0.0554,0,4,0.159
100.498,0,3,3,0.0000,1.2333,0.0252,1.1841,4.1908,0.0000,0.0000,0.0000,0.0323,1.1806,2.5671,0.044,5141,0.0000,0.0000,0.0553,0,4,0.162
100.598,0,3,3,0.0000,1.2333,0.0255,1.1844,4.2218,0.0000,0.0000,0.0000,0.0324,1.1806,2.5670,0.008,5144,0.0000,0.0000,0.0551,0,4,0.151
100.697,0,3,3,0.0000,1.2333,0.0260,1.1851,4.2232,0.0000,0.0000,0.0000,0.0385,1.2137,2.3352,0.034,5147,0.0000,0.0000,0.0548,0,4,0.154
100.798,0,3,3,0.0000,1.2333,0.0265,1.1857,4.2433,0.0000,0.0000,0.0000,0.0324,1.1806,2.5671,0.006,5151,0.0000,0.0000,0.0545,0,4,0.158
100.898,0,3,3,0.0000,1.2333,0.0268,1.1859,4.2594,0.0000,0.0000,0.0000,0.0324,1.1806,2.5664,0.035,5153,0.0000,0.0000,0.0544,0,4,0.158
100.998,0,3,3,0.0000,1.2333,0.0272,1.1866,4.2762,0.0000,0.0000,0.0000,0.0324,1.1806,2.5663,0.007,5157,0.0000,0.0000,0.0541,0,4,0.156
101.098,0,3,3,0.0000,1.2333,0.0275,1.1868,4.2963,0.0000,0.0000,0.0000,0.0324,1.1806,2.5662,0.034,5159,0.0000,0.0000,0.0541,0,4,0.157
101.200,0,3,3,0.0000,1.2333,0.0279,1.1872,4.3074,0.0000,0.0000,0.0000,0.0324,1.1806,2.5652,0.002,5163,0.0000,0.0000,0.0539,0,4,0.157
101.299,0,3,3,0.0000,1.2333,0.0281,1.1875,4.3410,0.0000,0.0000,0.0000,0.0324,1.1806,2.5660,0.042,5165,0.0000,0.0000,0.0538,0,4,0.156
101.397,0,3,3,0.0000,1.2333,0.0285,1.1881,4.3575,0.0000,0.0000,0.0000,0.0385,1.2137,2.3366,0.017,5168,0.0000,0.0000,0.0535,0,4,0.152
101.498,0,3,3,0.0000,1.2333,0.0287,1.1882,4.3761,0.0000,0.0000,0.0000,0.0324,1.1807,2.5649,0.019,5171,0.0000,0.0000,0.0535,0,4,0.157
101.598,0,3,3,0.0000,1.2333,0.0290,1.1887,4.3902,0.0000,0.0000,0.0000,0.0385,1.2137,2.3367,0.028,5174,0.0000,0.0000,0.0532,0,4,0.154
101.697,0,3,3,0.0000,1.2333,0.0292,1.1888,4.4033,0.0000,0.0000,0.0000,0.0324,1.1807,2.5655,0.014,5177,0.0000,0.0000,0.0532,0,4,0.157
101.798,0,3,3,0.0000,1.2333,0.0295,1.1894,4.4133,0.0000,0.0000,0.0000,0.0385,1.2137,2.3359,0.026,5180,0.0000,0.0000,0.0530,0,4,0.158
101.901,0,3,3,0.0000,1.2333,0.0297,1.1895,4.4382,0.0000,0.0000,0.0000,0.0325,1.1807,2.5651,0.040,5183,0.0000,0.0000,0.0530,0,4,0.165
101.999,0,3,3,0.0000,1.2333,0.0300,1.1898,4.4381,0.0000,0.0000,0.0000,0.0325,1.1807,2.5651,0.006,5187,0.0000,0.0000,0.0529,0,4,0.160
102.100,0,3,3,0.0000,1.2333,0.0302,1.1900,4.4677,0.0000,0.0000,0.0000,0.0324,1.1807,2.5653,0.035,5189,0.0000,0.0000,0.0528,0,4,0.161
102.197,0,3,3,0.0000,1.2333,0.0303,1.1902,4.4932,0.0000,0.0000,0.0000,0.0325,1.1807,2.5647,0.005,5192,0.0000,0.0000,0.0527,0,4,0.161
102.298,0,3,3,0.0000,1.2333,0.0306,1.1905,4.4943,0.0000,0.0000,0.0000,0.0325,1.1807,2.5649,0.038,5195,0.0000,0.0000,0.0526,0,4,0.166
102.398,0,3,3,0.0000,1.2333,0.0308,1.1910,4.5001,0.0000,0.0000,0.0000,0.0325,1.1807,2.5651,0.006,5199,0.0000,0.0000,0.0524,0,4,0.158
102.498,0,3,3,0.0000,1.2333,0.0310,1.1910,4.5152,0.0000,0.0000,0.0000,0.0325,1.1807,2.5649,0.043,5201,0.0000,0.0000,0.0524,0,4,0.146
102.597,0,3,3,0.0000,1.2333,0.0312,1.1915,4.5270,0.0000,0.0000,0.0000,0.0325,1.1807,2.5633,0.006,5205,0.0000,0.0000,0.0522,0,4,0.162
102.701,0,3,3,0.0000,1.2333,0.0313,1.1915,4.5566,0.0000,0.0000,0.0000,0.0325,1.1807,2.5630,0.043,5207,0.0000,0.0000,0.0523,0,4,0.159
102.797,0,3,3,0.0000,1.2333,0.0315,1.1919,4.5521,0.0000,0.0000,0.0000,0.0325,1.1808,2.5631,0.005,5211,0.0000,0.0000,0.0521,0,4,0.158
102.900,0,3,3,0.0000,1.2333,0.0317,1.1919,4.5634,0.0000,0.0000,0.0000,0.0325,1.1808,2.5629,0.025,5213,0.0000,0.0000,0.0521,0,4,0.166
103.001,0,3,3,0.0000,1.2333,0.0319,1.1923,4.5819,0.0000,0.0000,0.0000,0.0385,1.2137,2.3363,0.034,5216,0.0000,0.0000,0.0519,0,4,0.158
103.098,0,3,3,0.0000,1.2333,0.0320,1.1923,4.5943,0.0000,0.0000,0.0000,0.0325,1.1808,2.5639,0.033,5219,0.0000,0.0000,0.0520,0,4,0.150
103.199,0,3,3,0.0000,1.2333,0.0321,1.1927,4.5951,0.0000,0.0000,0.0000,0.0325,1.1808,2.5636,0.002,5224,0.0000,0.0000,0.0518,0,4,0.156
103.297,0,3,3,0.0000,1.2333,0.0316,1.1903,4.5653,0.0000,0.0000,0.0000,0.0325,1.1808,2.5632,0.036,5227,0.0000,0.0000,0.0534,0,4,0.155
103.400,0,3,3,0.0000,1.2333,0.0312,1.1884,4.5292,0.0000,0.0000,0.0000,0.0385,1.2137,2.3366,0.002,5233,0.0000,0.0000,0.0547,0,4,0.160
103.497,0,3,3,0.0000,1.2333,0.0310,1.1875,4.5385,0.0000,0.0000,0.0000,0.0326,1.1808,2.5629,0.034,5236,0.0000,0.0000,0.0553,0,4,0.165
103.598,0,3,3,0.0000,1.2333,0.0305,1.1856,4.5258,0.0000,0.0000,0.0000,0.0385,1.2137,2.3373,0.006,5241,0.0000,0.0000,0.0567,0,4,0.148
103.698,0,3,3,0.0000,1.2333,0.0305,1.1851,4.5073,0.0000,0.0000,0.0000,0.0326,1.1808,2.5622,0.041,5245,0.0000,0.0000,0.0571,0,4,0.160
103.797,0,3,3,0.0000,1.2333,0.0301,1.1837,4.4871,0.0000,0.0000,0.0000,0.0326,1.1808,2.5620,0.007,5251,0.0000,0.0000,0.0581,0,4,0.158
103.897,0,3,3,0.0000,1.2333,0.0300,1.1830,4.4882,0.0000,0.0000,0.0000,0.0326,1.1808,2.5618,0.037,5254,0.0000,0.0000,0.0586,0,4,0.161
103.997,0,3,3,0.0000,1.2333,0.0300,1.1827,4.4894,0.0000,0.0000,0.0000,0.0326,1.1809,2.5627,0.005,5259,0.0000,0.0000,0.0589,0,4,0.158
104.103,0,3,3,0.0000,1.2333,0.0296,1.1811,4.4674,0.0000,0.0000,0.0000,0.0069,1.0989,2.5276,0.030,5263,0.0000,0.0000,0.0601,0,4,0.163
104.198,0,3,3,0.0000,1.2333,0.0296,1.1809,4.4689,0.0000,0.0000,0.0000,0.0070,1.0989,2.5270,0.004,5268,0.0000,0.0000,0.0602,0,4,0.159
104.298,0,3,3,0.0000,1.2333,0.0293,1.1794,4.4587,0.0000,0.0000,0.0000,0.0069,1.0989,2.5286,0.014,5272,0.0000,0.0000,0.0614,0,4,0.159
104.400,0,3,3,0.0000,1.2333,0.0290,1.1784,4.4476,0.0000,0.0000,0.0000,0.0326,1.1809,2.5620,0.002,5278,0.0000,0.0000,0.0622,0,4,0.155
104.498,0,3,3,0.0000,1.2333,0.0289,1.1779,4.4494,0.0000,0.0000,0.0000,0.0326,1.1809,2.5624,0.018,5281,0.0000,0.0000,0.0625,0,4,0.164
104.601,0,3,3,0.0000,1.2333,0.0287,1.1770,4.4277,0.0000,0.0000,0.0000,0.0326,1.1809,2.5623,0.008,5287,0.0000,0.0000,0.0632,0,4,0.154
104.698,0,3,3,0.0000,1.2333,0.0287,1.1766,4.4566,0.0000,0.0000,0.0000,0.0326,1.1809,2.5621,0.041,5290,0.0000,0.0000,0.0636,0,4,0.165
104.797,0,3,3,0.0000,1.2333,0.0284,1.1758,4.4331,0.0000,0.0000,0.0000,0.0326,1.1809,2.5613,0.007,5296,0.0000,0.0000,0.0642,0,4,0.163
104.898,0,3,3,0.0000,1.2333,0.0284,1.1754,4.4439,0.0000,0.0000,0.0000,0.0385,1.2137,2.3381,0.027,5299,0.0000,0.0000,0.0645,0,4,0.163
104.998,0,3,3,0.0000,1.2333,0.0284,1.1755,4.4431,0.0000,0.0000,0.0000,0.0326,1.1809,2.5613,0.002,5305,0.0000,0.0000,0.0644,0,4,0.153
105.101,0,3,3,0.0000,1.2333,0.0282,1.1744,4.4318,0.0000,0.0000,0.0000,0.0326,1.1809,2.5614,0.044,5308,0.0000,0.0000,0.0653,0,4,0.157
105.198,0,3,3,0.0000,1.2333,0.0280,1.1737,4.4265,0.0000,0.0000,0.0000,0.0327,1.1809,2.5613,0.005,5314,0.0000,0.0000,0.0659,0,4,0.152
105.299,0,3,3,0.0000,1.2333,0.0280,1.1734,4.4276,0.0000,0.0000,0.0000,0.0327,1.1809,2.5606,0.038,5317,0.0000,0.0000,0.0661,0,4,0.153
105.397,0,3,3,0.0000,1.2333,0.0280,1.1736,4.4411,0.0000,0.0000,0.0000,0.0327,1.1809,2.5610,0.003,5323,0.0000,0.0000,0.0660,0,4,0.158
105.498,0,3,3,0.0000,1.2333,0.0278,1.1726,4.4346,0.0000,0.0000,0.0000,0.0071,1.0991,2.5270,0.032,5326,0.0000,0.0000,0.0668,0,4,0.160
105.598,0,3,3,0.0000,1.2333,0.0279,1.1728,4.4392,0.0000,0.0000,0.0000,0.0327,1.1810,2.5607,0.006,5331,0.0000,0.0000,0.0667,0,4,0.155
105.698,0,3,3,0.0000,1.2333,0.0276,1.1718,4.4313,0.0000,0.0000,0.0000,0.0327,1.1810,2.5607,0.027,5335,0.0000,0.0000,0.0674,0,4,0.162
105.799,0,3,3,0.0000,1.2333,0.0275,1.1712,4.4243,0.0000,0.0000,0.0000,0.0071,1.0991,2.5283,0.017,5340,0.0000,0.0000,0.0679,0,4,0.163
105.898,0,3,3,0.0000,1.2333,0.0275,1.1711,4.4342,0.0000,0.0000,0.0000,0.0327,1.1810,2.5605,0.035,5344,0.0000,0.0000,0.0680,0,4,0.166
105.998,0,3,3,0.0000,1.2333,0.0273,1.1706,4.4260,0.0000,0.0000,0.0000,0.0327,1.1810,2.5600,0.007,5350,0.0000,0.0000,0.0684,0,4,0.165
106.098,0,3,3,0.0000,1.2333,0.0274,1.1705,4.4368,0.0000,0.0000,0.0000,0.0385,1.2136,2.3397,0.028,5353,0.0000,0.0000,0.0685,0,4,0.149
106.197,0,3,3,0.0000,1.2333,0.0271,1.1695,4.4436,0.0000,0.0000,0.0000,0.0327,1.1810,2.5600,0.006,5358,0.0000,0.0000,0.0693,0,4,0.155
106.298,0,3,3,0.0000,1.2333,0.0272,1.1700,4.4379,0.0000,0.0000,0.0000,0.0327,1.1810,2.5595,0.036,5362,0.0000,0.0000,0.0690,0,4,0.166
106.398,0,3,3,0.0000,1.2333,0.0271,1.1695,4.4289,0.0000,0.0000,0.0000,0.0327,1.1810,2.5594,0.005,5368,0.0000,0.0000,0.0694,0,4,0.162
106.499,0,3,3,0.0000,1.2333,0.0271,1.1695,4.4495,0.0000,0.0000,0.0000,0.0327,1.1810,2.5592,0.040,5371,0.0000,0.0000,0.0694,0,4,0.165
106.598,0,3,3,0.0000,1.2333,0.0270,1.1690,4.4318,0.0000,0.0000,0.0000,0.0327,1.1810,2.5592,0.006,5377,0.0000,0.0000,0.0698,0,4,0.165
106.700,0,3,3,0.0000,1.2333,0.0270,1.1690,4.4523,0.0000,0.0000,0.0000,0.0328,1.1810,2.5580,0.039,5380,0.0000,0.0000,0.0698,0,4,0.160
106.798,0,3,3,0.0000,1.2333,0.0271,1.1693,4.4507,0.0000,0.0000,0.0000,0.0328,1.1810,2.5585,0.008,5385,0.0000,0.0000,0.0695,0,4,0.150
106.901,0,3,3,0.0000,1.2333,0.0269,1.1686,4.4450,0.0000,0.0000,0.0000,0.0072,1.0993,2.5273,0.019,5389,0.0000,0.0000,0.0702,0,4,0.152
106.998,0,3,3,0.0000,1.2333,0.0270,1.1689,4.4549,0.0000,0.0000,0.0000,0.0072,1.0993,2.5288,0.006,5394,0.0000,0.0000,0.0699,0,4,0.143
107.097,0,3,3,0.0000,1.2333,0.0269,1.1682,4.4433,0.0000,0.0000,0.0000,0.0328,1.1810,2.5582,0.020,5398,0.0000,0.0000,0.0705,0,4,0.155
107.200,0,3,3,0.0000,1.2333,0.0268,1.1678,4.4508,0.0000,0.0000,0.0000,0.0072,1.0993,2.5264,0.009,5403,0.0000,0.0000,0.0708,0,4,0.154
107.298,0,3,3,0.0000,1.2333,0.0268,1.1678,4.4512,0.0000,0.0000,0.0000,0.0328,1.1811,2.5587,0.036,5407,0.0000,0.0000,0.0708,0,4,0.163
107.400,0,3,3,0.0000,1.2333,0.0266,1.1671,4.4499,0.0000,0.0000,0.0000,0.0328,1.1811,2.5578,0.007,5412,0.0000,0.0000,0.0713,0,4,0.161
107.498,0,3,3,0.0000,1.2333,0.0267,1.1676,4.4506,0.0000,0.0000,0.0000,0.0385,1.2136,2.3407,0.027,5416,0.0000,0.0000,0.0710,0,4,0.155
107.598,0,3,3,0.0000,1.2333,0.0269,1.1680,4.4535,0.0000,0.0000,0.0000,0.0072,1.0994,2.5295,0.006,5421,0.0000,0.0000,0.0707,0,4,0.163
107.698,0,3,3,0.0000,1.2333,0.0267,1.1673,4.4528,0.0000,0.0000,0.0000,0.0328,1.1811,2.5585,0.036,5425,0.0000,0.0000,0.0712,0,4,0.160
107.799,0,3,3,0.0000,1.2333,0.0267,1.1671,4.4331,0.0000,0.0000,0.0000,0.0328,1.1811,2.5573,0.006,5431,0.0000,0.0000,0.0714,0,4,0.166
107.899,0,3,3,0.0000,1.2333,0.0266,1.1670,4.4556,0.0000,0.0000,0.0000,0.0328,1.1811,2.5570,0.035,5434,0.0000,0.0000,0.0714,0,4,0.162
108.000,0,3,3,0.0000,1.2333,0.0266,1.1669,4.4362,0.0000,0.0000,0.0000,0.0328,1.1811,2.5569,0.009,5440,0.0000,0.0000,0.0716,0,4,0.151
108.098,0,3,3,0.0000,1.2333,0.0266,1.1668,4.4529,0.0000,0.0000,0.0000,0.0073,1.0994,2.5270,0.026,5443,0.0000,0.0000,0.0716,0,4,0.165
108.198,0,3,3,0.0000,1.2333,0.0267,1.1672,4.4620,0.0000,0.0000,0.0000,0.0328,1.1811,2.5572,0.009,5448,0.0000,0.0000,0.0713,0,4,0.153
108.298,0,3,3,0.0000,1.2333,0.0266,1.1666,4.4586,0.0000,0.0000,0.0000,0.0328,1.1811,2.5574,0.018,5452,0.0000,0.0000,0.0718,0,4,0.154
108.397,0,3,3,0.0000,1.2333,0.0267,1.1670,4.4747,0.0000,0.0000,0.0000,0.0073,1.0995,2.5272,0.003,5457,0.0000,0.0000,0.0715,0,4,0.170
108.498,0,3,3,0.0000,1.2333,0.0265,1.1664,4.4697,0.0000,0.0000,0.0000,0.0329,1.1811,2.5567,0.026,5461,0.0000,0.0000,0.0720,0,4,0.160
108.597,0,3,3,0.0000,1.2333,0.0264,1.1661,4.4596,0.0000,0.0000,0.0000,0.0074,1.0995,2.5273,0.015,5466,0.0000,0.0000,0.0722,0,4,0.157
108.698,0,3,3,0.0000,1.2333,0.0265,1.1662,4.4624,0.0000,0.0000,0.0000,0.0329,1.1811,2.5567,0.033,5470,0.0000,0.0000,0.0721,0,4,0.142
108.799,0,3,3,0.0000,1.2333,0.0266,1.1667,4.4779,0.0000,0.0000,0.0000,0.0074,1.0995,2.5238,0.002,5476,0.0000,0.0000,0.0718,0,4,0.150
108.897,0,3,3,0.0000,1.2333,0.0265,1.1661,4.4699,0.0000,0.0000,0.0000,0.0385,1.2136,2.3415,0.026,5479,0.0000,0.0000,0.0723,0,4,0.150
108.997,0,3,3,0.0000,1.2333,0.0263,1.1653,4.4735,0.0000,0.0000,0.0000,0.0385,1.2136,2.3417,0.003,5485,0.0000,0.0000,0.0729,0,4,0.150
109.099,0,3,3,0.0000,1.2333,0.0264,1.1660,4.4682,0.0000,0.0000,0.0000,0.0329,1.1812,2.5562,0.039,5488,0.0000,0.0000,0.0724,0,4,0.156
109.199,0,3,3,0.0000,1.2333,0.0266,1.1665,4.4716,0.0000,0.0000,0.0000,0.0329,1.1812,2.5556,0.002,5494,0.0000,0.0000,0.0720,0,4,0.159
109.297,0,3,3,0.0000,1.2333,0.0264,1.1659,4.4724,0.0000,0.0000,0.0000,0.0329,1.1812,2.5563,0.041,5497,0.0000,0.0000,0.0725,0,4,0.159
109.397,0,3,3,0.0000,1.2333,0.0265,1.1663,4.4806,0.0000,0.0000,0.0000,0.0329,1.1812,2.5559,0.003,5503,0.0000,0.0000,0.0721,0,4,0.167
109.498,0,3,3,0.0000,1.2333,0.0264,1.1657,4.4663,0.0000,0.0000,0.0000,0.0074,1.0996,2.5265,0.035,5506,0.0000,0.0000,0.0726,0,4,0.148
109.598,0,3,3,0.0000,1.2333,0.0265,1.1662,4.4744,0.0000,0.0000,0.0000,0.0329,1.1812,2.5561,0.008,5511,0.0000,0.0000,0.0722,0,4,0.152
109.698,0,3,3,0.0000,1.2333,0.0264,1.1656,4.4748,0.0000,0.0000,0.0000,0.0329,1.1812,2.5561,0.017,5515,0.0000,0.0000,0.0727,0,4,0.143
109.798,0,3,3,0.0000,1.2333,0.0263,1.1654,4.4645,0.0000,0.0000,0.0000,0.0075,1.0997,2.5243,0.014,5520,0.0000,0.0000,0.0728,0,4,0.151
109.898,0,3,3,0.0000,1.2333,0.0264,1.1655,4.4780,0.0000,0.0000,0.0000,0.0329,1.1812,2.5554,0.019,5524,0.0000,0.0000,0.0727,0,4,0.158
109.997,0,3,3,0.0000,1.2333,0.0263,1.1653,4.4669,0.0000,0.0000,0.0000,0.0329,1.1812,2.5550,0.005,5530,0.0000,0.0000,0.0729,0,4,0.148
110.098,0,3,3,0.0000,1.2333,0.0264,1.1655,4.4718,0.0000,0.0000,0.0000,0.0329,1.1812,2.5550,0.039,5533,0.0000,0.0000,0.0728,0,4,0.155
110.199,0,3,3,0.0000,1.2333,0.0264,1.1655,4.4957,0.0000,0.0000,0.0000,0.0329,1.1812,2.5550,0.003,5538,0.0000,0.0000,0.0728,0,4,0.152
110.298,0,3,3,0.0000,1.2333,0.0264,1.1654,4.4785,0.0000,0.0000,0.0000,0.0329,1.1812,2.5549,0.038,5542,0.0000,0.0000,0.0729,0,4,0.153
110.398,0,3,3,0.0000,1.2333,0.0263,1.1652,4.4656,0.0000,0.0000,0.0000,0.0329,1.1812,2.5547,0.006,5548,0.0000,0.0000,0.0730,0,4,0.154
110.498,0,3,3,0.0000,1.2333,0.0264,1.1654,4.4785,0.0000,0.0000,0.0000,0.0330,1.1813,2.5545,0.041,5551,0.0000,0.0000,0.0729,0,4,0.163
110.597,0,3,3,0.0000,1.2333,0.0263,1.1651,4.4695,0.0000,0.0000,0.0000,0.0329,1.1813,2.5555,0.006,5557,0.0000,0.0000,0.0731,0,4,0.147
110.699,0,3,3,0.0000,1.2333,0.0263,1.1653,4.4821,0.0000,0.0000,0.0000,0.0329,1.1813,2.5554,0.044,5560,0.0000,0.0000,0.0730,0,4,0.171
110.798,0,3,3,0.0000,1.2333,0.0265,1.1658,4.4887,0.0000,0.0000,0.0000,0.0330,1.1813,2.5544,0.011,5565,0.0000,0.0000,0.0725,0,4,0.161
110.898,0,3,3,0.0000,1.2333,0.0263,1.1652,4.4824,0.0000,0.0000,0.0000,0.0076,1.0998,2.5234,0.019,5569,0.0000,0.0000,0.0730,0,4,0.166
110.998,0,3,3,0.0000,1.2333,0.0265,1.1657,4.4883,0.0000,0.0000,0.0000,0.0076,1.0998,2.5243,0.002,5574,0.0000,0.0000,0.0726,0,4,0.170
111.098,0,3,3,0.0000,1.2333,0.0263,1.1652,4.4798,0.0000,0.0000,0.0000,0.0330,1.1813,2.5548,0.019,5578,0.0000,0.0000,0.0731,0,4,0.150
111.197,0,3,3,0.0000,1.2333,0.0263,1.1650,4.4692,0.0000,0.0000,0.0000,0.0076,1.0998,2.5262,0.012,5583,0.0000,0.0000,0.0732,0,4,0.160
111.299,0,3,3,0.0000,1.2333,0.0263,1.1651,4.4709,0.0000,0.0000,0.0000,0.0330,1.1813,2.5541,0.021,5587,0.0000,0.0000,0.0731,0,4,0.150
111.399,0,3,3,0.0000,1.2333,0.0263,1.1651,4.4636,0.0000,0.0000,0.0000,0.0330,1.1813,2.5538,0.006,5593,0.0000,0.0000,0.0731,0,4,0.155
111.497,0,3,3,0.0000,1.2333,0.0263,1.1651,4.4827,0.0000,0.0000,0.0000,0.0330,1.1813,2.5537,0.037,5596,0.0000,0.0000,0.0731,0,4,0.165
111.599,0,3,3,0.0000,1.2333,0.0263,1.1651,4.4557,0.0000,0.0000,0.0000,0.0330,1.1813,2.5537,0.008,5602,0.0000,0.0000,0.0731,0,4,0.166
111.697,0,3,3,0.0000,1.2333,0.0263,1.1651,4.4742,0.0000,0.0000,0.0000,0.0384,1.2135,2.3436,0.027,5605,0.0000,0.0000,0.0731,0,4,0.155
111.799,0,3,3,0.0000,1.2333,0.0265,1.1656,4.4759,0.0000,0.0000,0.0000,0.0077,1.0999,2.5221,0.010,5610,0.0000,0.0000,0.0727,0,4,0.159
111.899,0,3,3,0.0000,1.2333,0.0263,1.1651,4.4670,0.0000,0.0000,0.0000,0.0330,1.1813,2.5528,0.040,5614,0.0000,0.0000,0.0732,0,4,0.162
111.999,0,3,3,0.0000,1.2333,0.0263,1.1651,4.4590,0.0000,0.0000,0.0000,0.0330,1.1813,2.5530,0.006,5620,0.0000,0.0000,0.0732,0,4,0.162
112.098,0,3,3,0.0000,1.2333,0.0263,1.1651,4.4788,0.0000,0.0000,0.0000,0.0330,1.1813,2.5531,0.040,5623,0.0000,0.0000,0.0732,0,4,0.161
112.197,0,3,3,0.0000,1.2333,0.0265,1.1656,4.4870,0.0000,0.0000,0.0000,0.0330,1.1813,2.5526,0.002,5629,0.0000,0.0000,0.0727,0,4,0.164
112.298,0,3,3,0.0000,1.2333,0.0263,1.1650,4.4803,0.0000,0.0000,0.0000,0.0077,1.1000,2.5240,0.036,5632,0.0000,0.0000,0.0732,0,4,0.151
112.398,0,3,3,0.0000,1.2333,0.0265,1.1655,4.4872,0.0000,0.0000,0.0000,0.0385,1.2136,2.3429,0.033,5636,0.0000,0.0000,0.0728,0,4,0.153
112.501,0,3,3,0.0000,1.2333,0.0263,1.1650,4.4808,0.0000,0.0000,0.0000,0.0330,1.1814,2.5529,0.022,5641,0.0000,0.0000,0.0732,0,4,0.148
112.598,0,3,3,0.0000,1.2333,0.0265,1.1655,4.4811,0.0000,0.0000,0.0000,0.0077,1.1000,2.5230,0.012,5646,0.0000,0.0000,0.0728,0,4,0.154
112.698,0,3,3,0.0000,1.2333,0.0263,1.1650,4.4742,0.0000,0.0000,0.0000,0.0330,1.1814,2.5522,0.037,5650,0.0000,0.0000,0.0732,0,4,0.161
112.798,0,3,3,0.0000,1.2333,0.0263,1.1650,4.4553,0.0000,0.0000,0.0000,0.0331,1.1814,2.5513,0.016,5656,0.0000,0.0000,0.0733,0,4,0.154
112.897,0,3,3,0.0000,1.2333,0.0263,1.1650,4.4823,0.0000,0.0000,0.0000,0.0384,1.2135,2.3442,0.030,5659,0.0000,0.0000,0.0733,0,4,0.152
112.997,0,3,3,0.0000,1.2333,0.0262,1.1643,4.4889,0.0000,0.0000,0.0000,0.0331,1.1814,2.5521,0.006,5664,0.0000,0.0000,0.0738,0,4,0.146
113.098,0,3,3,0.0000,1.2333,0.0264,1.1650,4.4830,0.0000,0.0000,0.0000,0.0331,1.1814,2.5521,0.037,5668,0.0000,0.0000,0.0732,0,4,0.150
113.197,0,3,3,0.0000,1.2333,0.0263,1.1648,4.4717,0.0000,0.0000,0.0000,0.0331,1.1814,2.5519,0.007,5674,0.0000,0.0000,0.0734,0,4,0.159
113.300,0,3,3,0.0000,1.2333,0.0264,1.1650,4.4842,0.0000,0.0000,0.0000,0.0331,1.1814,2.5516,0.044,5677,0.0000,0.0000,0.0733,0,4,0.151
113.398,0,3,3,0.0000,1.2333,0.0263,1.1648,4.4726,0.0000,0.0000,0.0000,0.0331,1.1814,2.5507,0.005,5683,0.0000,0.0000,0.0734,0,4,0.153
113.497,0,3,3,0.0000,1.2333,0.0264,1.1650,4.4834,0.0000,0.0000,0.0000,0.0331,1.1814,2.5503,0.040,5686,0.0000,0.0000,0.0733,0,4,0.148
113.597,0,3,3,0.0000,1.2333,0.0265,1.1655,4.4900,0.0000,0.0000,0.0000,0.0331,1.1814,2.5512,0.008,5691,0.0000,0.0000,0.0728,0,4,0.155
113.700,0,3,3,0.0000,1.2333,0.0264,1.1649,4.4741,0.0000,0.0000,0.0000,0.0078,1.1002,2.5231,0.027,5695,0.0000,0.0000,0.0733,0,4,0.164
113.799,0,3,3,0.0000,1.2333,0.0263,1.1648,4.4747,0.0000,0.0000,0.0000,0.0078,1.1002,2.5241,0.008,5700,0.0000,0.0000,0.0734,0,4,0.166
113.899,0,3,3,0.0000,1.2333,0.0264,1.1650,4.4820,0.0000,0.0000,0.0000,0.0331,1.1814,2.5518,0.019,5704,0.0000,0.0000,0.0733,0,4,0.160
113.998,0,3,3,0.0000,1.2333,0.0263,1.1648,4.4732,0.0000,0.0000,0.0000,0.0078,1.1002,2.5225,0.016,5709,0.0000,0.0000,0.0734,0,4,0.159
114.100,0,3,3,0.0000,1.2333,0.0264,1.1650,4.4822,0.0000,0.0000,0.0000,0.0331,1.1814,2.5511,0.041,5713,0.0000,0.0000,0.0733,0,4,0.162
114.198,0,3,3,0.0000,1.2333,0.0262,1.1643,4.4894,0.0000,0.0000,0.0000,0.0385,1.2135,2.3432,0.002,5719,0.0000,0.0000,0.0739,0,4,0.148
114.299,0,3,3,0.0000,1.2333,0.0264,1.1650,4.4753,0.0000,0.0000,0.0000,0.0384,1.2135,2.3439,0.035,5722,0.0000,0.0000,0.0733,0,4,0.151
114.399,0,3,3,0.0000,1.2333,0.0264,1.1650,4.4617,0.0000,0.0000,0.0000,0.0331,1.1815,2.5503,0.008,5728,0.0000,0.0000,0.0733,0,4,0.159
114.501,0,3,3,0.0000,1.2333,0.0264,1.1650,4.4856,0.0000,0.0000,0.0000,0.0331,1.1815,2.5506,0.042,5731,0.0000,0.0000,0.0733,0,4,0.162
114.597,0,3,3,0.0000,1.2333,0.0263,1.1648,4.4725,0.0000,0.0000,0.0000,0.0331,1.1815,2.5504,0.010,5737,0.0000,0.0000,0.0734,0,4,0.158
114.697,0,3,3,0.0000,1.2333,0.0264,1.1650,4.4793,0.0000,0.0000,0.0000,0.0331,1.1815,2.5507,0.038,5740,0.0000,0.0000,0.0733,0,4,0.166
114.797,0,3,3,0.0000,1.2333,0.0265,1.1655,4.4812,0.0000,0.0000,0.0000,0.0331,1.1815,2.5502,0.003,5746,0.0000,0.0000,0.0728,0,4,0.152
114.898,0,3,3,0.0000,1.2333,0.0264,1.1650,4.4835,0.0000,0.0000,0.0000,0.0079,1.1003,2.5232,0.025,5749,0.0000,0.0000,0.0733,0,4,0.149
114.999,0,3,3,0.0000,1.2333,0.0265,1.1655,4.4929,0.0000,0.0000,0.0000,0.0331,1.1815,2.5499,0.002,5755,0.0000,0.0000,0.0729,0,4,0.162
115.099,0,3,3,0.0000,1.2333,0.0264,1.1650,4.4808,0.0000,0.0000,0.0000,0.0331,1.1815,2.5500,0.016,5758,0.0000,0.0000,0.0733,0,4,0.151
115.199,0,3,3,0.0000,1.2333,0.0266,1.1656,4.4838,0.0000,0.0000,0.0000,0.0331,1.1815,2.5502,0.007,5763,0.0000,0.0000,0.0727,0,4,0.155
115.299,0,3,3,0.0000,1.2333,0.0268,1.1663,4.5154,0.0000,0.0000,0.0000,0.0331,1.1815,2.5500,0.018,5765,0.0000,0.0000,0.0722,0,4,0.160
115.398,0,3,3,0.0000,1.2333,0.0271,1.1675,4.5331,0.0000,0.0000,0.0000,0.0384,1.2135,2.3460,0.033,5768,0.0000,0.0000,0.0712,0,4,0.158
115.498,0,3,3,0.0000,1.2333,0.0274,1.1683,4.5536,0.0000,0.0000,0.0000,0.0332,1.1815,2.5494,0.036,5771,0.0000,0.0000,0.0705,0,4,0.158
115.598,0,3,3,0.0000,1.2333,0.0277,1.1695,4.5740,0.0000,0.0000,0.0000,0.0332,1.1815,2.5496,0.006,5775,0.0000,0.0000,0.0696,0,4,0.148
115.698,0,3,3,0.0000,1.2333,0.0279,1.1703,4.6015,0.0000,0.0000,0.0000,0.0384,1.2135,2.3449,0.035,5777,0.0000,0.0000,0.0690,0,4,0.160
115.799,0,3,3,0.0000,1.2333,0.0281,1.1709,4.6300,0.0000,0.0000,0.0000,0.0384,1.2135,2.3448,0.002,5781,0.0000,0.0000,0.0685,0,4,0.150
115.899,0,3,3,0.0000,1.2333,0.0285,1.1721,4.6259,0.0000,0.0000,0.0000,0.0332,1.1815,2.5490,0.046,5783,0.0000,0.0000,0.0675,0,4,0.154
115.998,0,3,3,0.0000,1.2333,0.0296,1.1717,4.6035,0.0000,0.0000,0.0000,0.1049,1.0420,0.5345,0.003,5788,0.0000,0.0000,0.0684,0,4,0.162
116.098,0,3,3,0.0000,1.2333,0.0315,1.1695,4.5597,0.0000,0.0000,0.0000,0.0332,1.1815,2.5488,0.037,5792,0.0000,0.0000,0.0712,0,4,0.163
116.201,0,3,3,0.0000,1.2333,0.0356,1.1671,4.4837,0.0000,0.0000,0.0000,0.3035,0.9940,-3.0084,0.002,5797,0.0000,0.0000,0.0752,0,4,0.148
116.298,0,3,3,0.0000,1.2333,0.0356,1.1680,4.4927,0.0000,0.0000,0.0000,0.0332,1.1815,2.5488,0.044,5800,0.0000,0.0000,0.0744,0,4,0.150
116.397,0,3,3,0.0000,1.2333,0.0356,1.1692,4.5128,0.0000,0.0000,0.0000,0.0332,1.1815,2.5486,0.008,5804,0.0000,0.0000,0.0734,0,4,0.160
116.497,0,3,3,0.0000,1.2333,0.0356,1.1700,4.5389,0.0000,0.0000,0.0000,0.0332,1.1816,2.5487,0.014,5806,0.0000,0.0000,0.0727,0,4,0.157
116.600,0,3,3,0.0000,1.2333,0.0356,1.1711,4.5516,0.0000,0.0000,0.0000,0.0384,1.2135,2.3457,0.034,5809,0.0000,0.0000,0.0717,0,4,0.166
116.703,0,3,3,0.0000,1.2333,0.0356,1.1719,4.5779,0.0000,0.0000,0.0000,0.0384,1.2135,2.3446,0.003,5813,0.0000,0.0000,0.0710,0,4,0.150
116.798,0,3,3,0.0000,1.2333,0.0356,1.1730,4.5877,0.0000,0.0000,0.0000,0.0332,1.1816,2.5487,0.007,5816,0.0000,0.0000,0.0701,0,4,0.151
116.898,0,3,3,0.0000,1.2333,0.0356,1.1736,4.6084,0.0000,0.0000,0.0000,0.0332,1.1816,2.5484,0.029,5818,0.0000,0.0000,0.0695,0,4,0.149
116.998,0,3,3,0.0000,1.2333,0.0356,1.1742,4.6372,0.0000,0.0000,0.0000,0.0385,1.2135,2.3440,0.002,5822,0.0000,0.0000,0.0690,0,4,0.157
117.097,0,3,3,0.0000,1.2333,0.0356,1.1753,4.6318,0.0000,0.0000,0.0000,0.0384,1.2135,2.3484,0.037,5824,0.0000,0.0000,0.0681,0,4,0.154
117.199,0,3,3,0.0000,1.2333,0.0357,1.1763,4.6521,0.0000,0.0000,0.0000,0.0332,1.1816,2.5475,0.002,5828,0.0000,0.0000,0.0672,0,4,0.165
117.299,0,3,3,0.0000,1.2333,0.0356,1.1769,4.6598,0.0000,0.0000,0.0000,0.0332,1.1816,2.5468,0.034,5830,0.0000,0.0000,0.0667,0,4,0.165
117.400,0,3,3,0.0000,1.2333,0.0357,1.1779,4.6771,0.0000,0.0000,0.0000,0.0384,1.2135,2.3453,0.032,5833,0.0000,0.0000,0.0660,0,4,0.164
117.500,0,3,3,0.0000,1.2333,0.0357,1.1784,4.6852,0.0000,0.0000,0.0000,0.0332,1.1816,2.5472,0.045,5836,0.0000,0.0000,0.0655,0,4,0.158
117.599,0,3,3,0.0000,1.2333,0.0357,1.1793,4.6847,0.0000,0.0000,0.0000,0.0332,1.1816,2.5476,0.014,5840,0.0000,0.0000,0.0647,0,4,0.161
117.699,0,3,3,0.0000,1.2333,0.0357,1.1798,4.7134,0.0000,0.0000,0.0000,0.0332,1.1816,2.5477,0.041,5842,0.0000,0.0000,0.0644,0,4,0.160
117.798,0,3,3,0.0000,1.2333,0.0357,1.1806,4.7235,0.0000,0.0000,0.0000,0.0384,1.2135,2.3459,0.027,5845,0.0000,0.0000,0.0637,0,4,0.158
117.897,0,3,3,0.0000,1.2333,0.0357,1.1811,4.7281,0.0000,0.0000,0.0000,0.0384,1.2135,2.3458,0.003,5849,0.0000,0.0000,0.0633,0,4,0.148
117.998,0,3,3,0.0000,1.2333,0.0357,1.1819,4.7353,0.0000,0.0000,0.0000,0.0332,1.1816,2.5470,0.003,5852,0.0000,0.0000,0.0626,0,4,0.154
118.098,0,3,3,0.0000,1.2333,0.0357,1.1823,4.7575,0.0000,0.0000,0.0000,0.0332,1.1816,2.5473,0.028,5854,0.0000,0.0000,0.0623,0,4,0.156
118.200,0,3,3,0.0000,1.2333,0.0357,1.1830,4.7336,0.0000,0.0000,0.0000,0.0332,1.1816,2.5480,0.016,5858,0.0000,0.0000,0.0617,0,4,0.165
118.298,0,3,3,0.0000,1.2333,0.0357,1.1834,4.7565,0.0000,0.0000,0.0000,0.0332,1.1816,2.5477,0.036,5860,0.0000,0.0000,0.0614,0,4,0.155
118.398,0,3,3,0.0000,1.2333,0.0357,1.1841,4.7639,0.0000,0.0000,0.0000,0.0333,1.1816,2.5466,0.002,5864,0.0000,0.0000,0.0608,0,4,0.152
118.498,0,3,3,0.0000,1.2333,0.0357,1.1844,4.7759,0.0000,0.0000,0.0000,0.0384,1.2135,2.3460,0.028,5866,0.0000,0.0000,0.0605,0,4,0.161
118.597,0,3,3,0.0000,1.2333,0.0357,1.1851,4.7563,0.0000,0.0000,0.0000,0.0333,1.1817,2.5468,0.010,5870,0.0000,0.0000,0.0600,0,4,0.158
118.699,0,3,3,0.0000,1.2333,0.0357,1.1854,4.7801,0.0000,0.0000,0.0000,0.0333,1.1817,2.5466,0.038,5872,0.0000,0.0000,0.0598,0,4,0.160
118.798,0,3,3,0.0000,1.2333,0.0358,1.1861,4.7934,0.0000,0.0000,0.0000,0.0332,1.1817,2.5473,0.006,5876,0.0000,0.0000,0.0593,0,4,0.166
118.900,0,3,3,0.0000,1.2333,0.0357,1.1863,4.7952,0.0000,0.0000,0.0000,0.0333,1.1817,2.5466,0.039,5878,0.0000,0.0000,0.0591,0,4,0.155
119.001,0,3,3,0.0000,1.2333,0.0357,1.1869,4.7947,0.0000,0.0000,0.0000,0.0333,1.1817,2.5458,0.012,5882,0.0000,0.0000,0.0586,0,4,0.150
119.098,0,3,3,0.0000,1.2333,0.0357,1.1872,4.8096,0.0000,0.0000,0.0000,0.0333,1.1817,2.5462,0.047,5884,0.0000,0.0000,0.0584,0,4,0.152
119.199,0,3,3,0.0000,1.2333,0.0357,1.1877,4.7999,0.0000,0.0000,0.0000,0.0333,1.1817,2.5459,0.006,5888,0.0000,0.0000,0.0580,0,4,0.162
119.297,0,3,3,0.0000,1.2333,0.0357,1.1879,4.8191,0.0000,0.0000,0.0000,0.0333,1.1817,2.5464,0.027,5890,0.0000,0.0000,0.0578,0,4,0.161
119.398,0,3,3,0.0000,1.2333,0.0358,1.1885,4.8220,0.0000,0.0000,0.0000,0.0384,1.2135,2.3465,0.029,5893,0.0000,0.0000,0.0574,0,4,0.154
119.499,0,3,3,0.0000,1.2333,0.0358,1.1886,4.8274,0.0000,0.0000,0.0000,0.0333,1.1817,2.5459,0.037,5896,0.0000,0.0000,0.0572,0,4,0.160
119.598,0,3,3,0.0000,1.2333,0.0358,1.1891,4.8155,0.0000,0.0000,0.0000,0.0333,1.1817,2.5458,0.008,5900,0.0000,0.0000,0.0569,0,4,0.167
119.697,0,3,3,0.0000,1.2333,0.0358,1.1893,4.8417,0.0000,0.0000,0.0000,0.0384,1.2135,2.3459,0.036,5902,0.0000,0.0000,0.0567,0,4,0.155
119.797,0,3,3,0.0000,1.2333,0.0358,1.1895,4.8612,0.0000,0.0000,0.0000,0.0384,1.2135,2.3467,0.003,5906,0.0000,0.0000,0.0565,0,4,0.157
119.902,0,3,3,0.0000,1.2333,0.0358,1.1899,4.8468,0.0000,0.0000,0.0000,0.0333,1.1817,2.5454,0.042,5908,0.0000,0.0000,0.0562,0,4,0.168
120.000,0,3,3,0.0000,1.2333,0.0358,1.1903,4.8272,0.0000,0.0000,0.0000,0.0333,1.1817,2.5461,0.011,5912,0.0000,0.0000,0.0559,0,4,0.149
120.097,0,3,3,0.0000,1.2333,0.0358,1.1905,4.8530,0.0000,0.0000,0.0000,0.0333,1.1817,2.5457,0.040,5914,0.0000,0.0000,0.0558,0,4,0.166
120.198,0,3,3,0.0000,1.2333,0.0358,1.1909,4.8285,0.0000,0.0000,0.0000,0.0333,1.1817,2.5452,0.010,5918,0.0000,0.0000,0.0555,0,4,0.159
120.300,0,3,3,0.0000,1.2333,0.0358,1.1910,4.8499,0.0000,0.0000,0.0000,0.0333,1.1817,2.5456,0.047,5920,0.0000,0.0000,0.0554,0,4,0.157
120.398,0,3,3,0.0000,1.2333,0.0358,1.1915,4.8613,0.0000,0.0000,0.0000,0.0333,1.1817,2.5449,0.008,5924,0.0000,0.0000,0.0551,0,4,0.160
120.501,0,3,3,0.0000,1.2333,0.0358,1.1915,4.8652,0.0000,0.0000,0.0000,0.0333,1.1817,2.5453,0.048,5926,0.0000,0.0000,0.0550,0,4,0.163
120.598,0,3,3,0.0000,1.2333,0.0358,1.1920,4.8679,0.0000,0.0000,0.0000,0.1869,1.0130,-1.0582,0.002,5930,0.0000,0.0000,0.0547,0,4,0.159
120.698,0,3,3,0.0000,1.2333,0.0396,1.1875,4.7584,0.0000,0.0000,0.0000,0.0333,1.1817,2.5441,0.036,5934,0.0000,0.0000,0.0605,0,4,0.161
120.797,0,3,3,0.0000,1.2333,0.0431,1.1838,4.6534,0.0000,0.0000,0.0000,0.1860,1.0128,-0.9955,0.014,5939,0.0000,0.0000,0.0657,0,4,0.162
120.900,0,3,3,0.0000,1.2333,0.0445,1.1820,4.6144,0.0000,0.0000,0.0000,0.0384,1.2135,2.3463,0.002,5944,0.0000,0.0000,0.0680,0,4,0.146
120.997,0,3,3,0.0000,1.2333,0.0476,1.1787,4.5222,0.0000,0.0000,0.0000,0.0334,1.1817,2.5434,0.009,5949,0.0000,0.0000,0.0725,0,4,0.164
121.098,0,3,3,0.0000,1.2333,0.0488,1.1772,4.4861,0.0000,0.0000,0.0000,0.0334,1.1817,2.5436,0.042,5952,0.0000,0.0000,0.0744,0,4,0.149
121.197,0,3,3,0.0000,1.2333,0.0500,1.1762,4.4536,0.0000,0.0000,0.0000,0.0333,1.1818,2.5445,0.003,5958,0.0000,0.0000,0.0760,0,4,0.154
121.297,0,3,3,0.0000,1.2333,0.0526,1.1730,4.3684,0.0000,0.0000,0.0000,0.0384,1.2135,2.3456,0.033,5961,0.0000,0.0000,0.0801,0,4,0.158
121.397,0,3,3,0.0000,1.2333,0.0551,1.1703,4.2955,0.0000,0.0000,0.0000,0.0333,1.1818,2.5438,0.007,5967,0.0000,0.0000,0.0837,0,4,0.150
121.499,0,3,3,0.0000,1.2333,0.0559,1.1692,4.2701,0.0000,0.0000,0.0000,0.0333,1.1818,2.5443,0.038,5970,0.0000,0.0000,0.0851,0,4,0.164
121.597,0,3,3,0.0000,1.2333,0.0582,1.1668,4.2081,0.0000,0.0000,0.0000,0.0333,1.1818,2.5443,0.006,5976,0.0000,0.0000,0.0884,0,4,0.168
121.700,0,3,3,0.0000,1.2333,0.0589,1.1659,4.1920,0.0000,0.0000,0.0000,0.1856,1.0127,-0.9923,0.026,5979,0.0000,0.0000,0.0895,0,4,0.156
121.798,0,3,3,0.0000,1.2333,0.0593,1.1656,4.1577,0.0000,0.0000,0.0000,0.0334,1.1818,2.5436,0.013,5984,0.0000,0.0000,0.0900,0,4,0.157
121.899,0,3,3,0.0000,1.2333,0.0616,1.1629,4.1120,0.0000,0.0000,0.0000,0.1855,1.0127,-0.9938,0.028,5988,0.0000,0.0000,0.0935,0,4,0.154
122.002,0,3,3,0.0000,1.2333,0.0618,1.1628,4.0863,0.0000,0.0000,0.0000,0.0334,1.1818,2.5437,0.009,5993,0.0000,0.0000,0.0938,0,4,0.156
122.098,0,3,3,0.0000,1.2333,0.0639,1.1603,4.0407,0.0000,0.0000,0.0000,0.0334,1.1818,2.5438,0.026,5997,0.0000,0.0000,0.0971,0,4,0.160
122.197,0,3,3,0.0000,1.2333,0.0657,1.1584,3.9836,0.0000,0.0000,0.0000,0.1854,1.0126,-0.9909,0.012,6002,0.0000,0.0000,0.0996,0,4,0.163
122.300,0,3,3,0.0000,1.2333,0.0660,1.1580,3.9775,0.0000,0.0000,0.0000,0.0334,1.1818,2.5426,0.046,6006,0.0000,0.0000,0.1002,0,4,0.164
122.400,0,3,3,0.0000,1.2333,0.0673,1.1565,3.9205,0.0000,0.0000,0.0000,0.0334,1.1818,2.5437,0.007,6012,0.0000,0.0000,0.1021,0,4,0.166
122.498,0,3,3,0.0000,1.2333,0.0679,1.1559,3.9186,0.0000,0.0000,0.0000,0.0384,1.2134,2.3472,0.033,6015,0.0000,0.0000,0.1030,0,4,0.156
122.597,0,3,3,0.0000,1.2333,0.0698,1.1536,3.8801,0.0000,0.0000,0.0000,0.0384,1.2134,2.3477,0.003,6021,0.0000,0.0000,0.1059,0,4,0.163
122.699,0,3,3,0.0000,1.2333,0.0696,1.1540,3.8673,0.0000,0.0000,0.0000,0.0334,1.1818,2.5414,0.038,6024,0.0000,0.0000,0.1055,0,4,0.159
122.798,0,3,3,0.0000,1.2333,0.0710,1.1525,3.8129,0.0000,0.0000,0.0000,0.0334,1.1818,2.5424,0.007,6030,0.0000,0.0000,0.1076,0,4,0.160
122.899,0,3,3,0.0000,1.2333,0.0711,1.1523,3.8134,0.0000,0.0000,0.0000,0.0334,1.1818,2.5425,0.030,6033,0.0000,0.0000,0.1078,0,4,0.159
122.999,0,3,3,0.0000,1.2333,0.0712,1.1524,3.8125,0.0000,0.0000,0.0000,0.0334,1.1818,2.5428,0.002,6039,0.0000,0.0000,0.1078,0,4,0.163
123.098,0,3,3,0.0000,1.2333,0.0725,1.1507,3.7676,0.0000,0.0000,0.0000,0.1850,1.0125,-0.9869,0.027,6042,0.0000,0.0000,0.1099,0,4,0.168
123.197,0,3,3,0.0000,1.2333,0.0725,1.1509,3.7702,0.0000,0.0000,0.0000,0.0334,1.1818,2.5428,0.008,6047,0.0000,0.0000,0.1098,0,4,0.164
123.299,0,3,3,0.0000,1.2333,0.0725,1.1507,3.7676,0.0000,0.0000,0.0000,0.1850,1.0125,-0.9873,0.011,6051,0.0000,0.0000,0.1099,0,4,0.161
123.397,0,3,3,0.0000,1.2333,0.0750,1.1480,3.6937,0.0000,0.0000,0.0000,0.1849,1.0125,-0.9849,0.009,6056,0.0000,0.0000,0.1136,0,4,0.156
123.498,0,3,3,0.0000,1.2333,0.0749,1.1480,3.6994,0.0000,0.0000,0.0000,0.0334,1.1818,2.5416,0.027,6060,0.0000,0.0000,0.1135,0,4,0.153
123.598,0,3,3,0.0000,1.2333,0.0760,1.1468,3.6589,0.0000,0.0000,0.0000,0.0334,1.1819,2.5418,0.011,6066,0.0000,0.0000,0.1151,0,4,0.154
123.700,0,3,3,0.0000,1.2333,0.0759,1.1468,3.6700,0.0000,0.0000,0.0000,0.0334,1.1819,2.5424,0.048,6069,0.0000,0.0000,0.1150,0,4,0.164
123.799,0,3,3,0.0000,1.2333,0.0765,1.1462,3.6272,0.0000,0.0000,0.0000,0.0384,1.2134,2.3464,0.006,6075,0.0000,0.0000,0.1160,0,4,0.157
123.898,0,3,3,0.0000,1.2333,0.0768,1.1458,3.6420,0.0000,0.0000,0.0000,0.0334,1.1819,2.5423,0.039,6078,0.0000,0.0000,0.1164,0,4,0.162
123.999,0,3,3,0.0000,1.2333,0.0762,1.1466,3.6364,0.0000,0.0000,0.0000,0.1847,1.0124,-0.9836,0.006,6084,0.0000,0.0000,0.1154,0,4,0.168
124.098,0,3,3,0.0000,1.2333,0.0776,1.1449,3.6180,0.0000,0.0000,0.0000,0.0334,1.1819,2.5417,0.041,6087,0.0000,0.0000,0.1176,0,4,0.148
124.199,0,3,3,0.0000,1.2333,0.0781,1.1443,3.5807,0.0000,0.0000,0.0000,0.1846,1.0124,-0.9816,0.006,6093,0.0000,0.0000,0.1184,0,4,0.162
124.301,0,3,3,0.0000,1.2333,0.0783,1.1441,3.5937,0.0000,0.0000,0.0000,0.0334,1.1819,2.5413,0.039,6096,0.0000,0.0000,0.1188,0,4,0.161
124.398,0,3,3,0.0000,1.2333,0.0781,1.1445,3.6000,0.0000,0.0000,0.0000,0.0335,1.1819,2.5407,0.008,6101,0.0000,0.0000,0.1183,0,4,0.159
124.502,0,3,3,0.0000,1.2333,0.0790,1.1433,3.5649,0.0000,0.0000,0.0000,0.1844,1.0124,-0.9793,0.033,6105,0.0000,0.0000,0.1198,0,4,0.157
124.597,0,3,3,0.0000,1.2333,0.0788,1.1438,3.5776,0.0000,0.0000,0.0000,0.1844,1.0124,-0.9769,0.005,6110,0.0000,0.0000,0.1193,0,4,0.151
124.699,0,3,3,0.0000,1.2333,0.0796,1.1425,3.5441,0.0000,0.0000,0.0000,0.0385,1.2134,2.3458,0.002,6115,0.0000,0.0000,0.1208,0,4,0.165
124.799,0,3,3,0.0000,1.2333,0.0794,1.1431,3.5567,0.0000,0.0000,0.0000,0.1843,1.0123,-0.9756,0.008,6119,0.0000,0.0000,0.1202,0,4,0.169
124.898,0,3,3,0.0000,1.2333,0.0802,1.1419,3.5290,0.0000,0.0000,0.0000,0.0335,1.1819,2.5406,0.015,6123,0.0000,0.0000,0.1216,0,4,0.166
124.997,0,3,3,0.0000,1.2333,0.0799,1.1425,3.5416,0.0000,0.0000,0.0000,0.0335,1.1819,2.5406,0.002,6129,0.0000,0.0000,0.1210,0,4,0.147
125.099,0,3,3,0.0000,1.2333,0.0807,1.1413,3.5089,0.0000,0.0000,0.0000,0.0334,1.1819,2.5408,0.035,6132,0.0000,0.0000,0.1224,0,4,0.159
125.198,0,3,3,0.0000,1.2333,0.0799,1.1423,3.5190,0.0000,0.0000,0.0000,0.1841,1.0123,-0.9764,0.002,6138,0.0000,0.0000,0.1211,0,4,0.156
125.298,0,3,3,0.0000,1.2333,0.0811,1.1408,3.5025,0.0000,0.0000,0.0000,0.0384,1.2134,2.3471,0.029,6141,0.0000,0.0000,0.1230,0,4,0.148
125.397,0,3,3,0.0000,1.2333,0.0808,1.1414,3.5070,0.0000,0.0000,0.0000,0.0335,1.1819,2.5402,0.006,6147,0.0000,0.0000,0.1224,0,4,0.164
125.499,0,3,3,0.0000,1.2333,0.0815,1.1403,3.4846,0.0000,0.0000,0.0000,0.0335,1.1819,2.5397,0.032,6150,0.0000,0.0000,0.1237,0,4,0.157
125.597,0,3,3,0.0000,1.2333,0.0817,1.1400,3.4584,0.0000,0.0000,0.0000,0.0335,1.1819,2.5395,0.005,6156,0.0000,0.0000,0.1240,0,4,0.155
125.699,0,3,3,0.0000,1.2333,0.0819,1.1399,3.4755,0.0000,0.0000,0.0000,0.0384,1.2134,2.3474,0.002,6160,0.0000,0.0000,0.1242,0,4,0.168
125.798,0,3,3,0.0000,1.2333,0.0810,1.1410,3.4858,0.0000,0.0000,0.0000,0.0335,1.1819,2.5406,0.012,6164,0.0000,0.0000,0.1228,0,4,0.168
125.900,0,3,3,0.0000,1.2333,0.0822,1.1395,3.4671,0.0000,0.0000,0.0000,0.1839,1.0122,-0.9723,0.030,6168,0.0000,0.0000,0.1248,0,4,0.155
125.998,0,3,3,0.0000,1.2333,0.0818,1.1401,3.4820,0.0000,0.0000,0.0000,0.0335,1.1819,2.5396,0.006,6173,0.0000,0.0000,0.1240,0,4,0.158
126.099,0,3,3,0.0000,1.2333,0.0825,1.1391,3.4538,0.0000,0.0000,0.0000,0.0335,1.1819,2.5398,0.015,6177,0.0000,0.0000,0.1253,0,4,0.148
126.198,0,3,3,0.0000,1.2333,0.0832,1.1384,3.4309,0.0000,0.0000,0.0000,0.1837,1.0122,-0.9686,0.009,6182,0.0000,0.0000,0.1262,0,4,0.151
126.300,0,3,3,0.0000,1.2333,0.0828,1.1388,3.4458,0.0000,0.0000,0.0000,0.0335,1.1819,2.5394,0.036,6186,0.0000,0.0000,0.1257,0,4,0.158
126.397,0,3,3,0.0000,1.2333,0.0824,1.1395,3.4515,0.0000,0.0000,0.0000,0.0335,1.1820,2.5400,0.003,6192,0.0000,0.0000,0.1249,0,4,0.154
126.499,0,3,3,0.0000,1.2333,0.0830,1.1385,3.4373,0.0000,0.0000,0.0000,0.0384,1.2134,2.3478,0.040,6195,0.0000,0.0000,0.1260,0,4,0.156
126.599,0,3,3,0.0000,1.2333,0.0841,1.1371,3.4200,0.0000,0.0000,0.0000,0.0334,1.1820,2.5411,0.008,6200,0.0000,0.0000,0.1279,0,4,0.149
126.699,0,3,3,0.0000,1.2333,0.0832,1.1383,3.4264,0.0000,0.0000,0.0000,0.0335,1.1820,2.5406,0.036,6204,0.0000,0.0000,0.1263,0,4,0.156
126.798,0,3,3,0.0000,1.2333,0.0838,1.1376,3.4035,0.0000,0.0000,0.0000,0.0335,1.1820,2.5393,0.009,6210,0.0000,0.0000,0.1272,0,4,0.145
126.899,0,3,3,0.0000,1.2333,0.0834,1.1380,3.4131,0.0000,0.0000,0.0000,0.0385,1.2134,2.3463,0.002,6214,0.0000,0.0000,0.1266,0,4,0.149
126.998,0,3,3,0.0000,1.2333,0.0835,1.1379,3.3899,0.0000,0.0000,0.0000,0.0335,1.1820,2.5390,0.011,6219,0.0000,0.0000,0.1268,0,4,0.153
127.098,0,3,3,0.0000,1.2333,0.0835,1.1378,3.4120,0.0000,0.0000,0.0000,0.0335,1.1820,2.5397,0.047,6222,0.0000,0.0000,0.1269,0,4,0.164
127.198,0,3,3,0.0000,1.2333,0.0826,1.1390,3.4174,0.0000,0.0000,0.0000,0.0335,1.1820,2.5390,0.015,6227,0.0000,0.0000,0.1254,0,4,0.170
127.298,0,3,3,0.0000,1.2333,0.0837,1.1376,3.3973,0.0000,0.0000,0.0000,0.1833,1.0121,-0.9625,0.028,6231,0.0000,0.0000,0.1272,0,4,0.157
127.399,0,3,3,0.0000,1.2333,0.0843,1.1370,3.3885,0.0000,0.0000,0.0000,0.1832,1.0121,-0.9641,0.009,6236,0.0000,0.0000,0.1281,0,4,0.166
127.499,0,3,3,0.0000,1.2333,0.0838,1.1374,3.3974,0.0000,0.0000,0.0000,0.0335,1.1820,2.5386,0.037,6240,0.0000,0.0000,0.1274,0,4,0.167
127.597,0,3,3,0.0000,1.2333,0.0845,1.1368,3.3670,0.0000,0.0000,0.0000,0.1832,1.0121,-0.9639,0.017,6245,0.0000,0.0000,0.1282,0,4,0.166
127.697,0,3,3,0.0000,1.2333,0.0839,1.1372,3.3820,0.0000,0.0000,0.0000,0.0384,1.2134,2.3466,0.003,6250,0.0000,0.0000,0.1276,0,4,0.152
127.797,0,3,3,0.0000,1.2333,0.0846,1.1367,3.3653,0.0000,0.0000,0.0000,0.0335,1.1820,2.5383,0.008,6255,0.0000,0.0000,0.1284,0,4,0.164
127.898,0,3,3,0.0000,1.2333,0.0841,1.1371,3.3744,0.0000,0.0000,0.0000,0.0335,1.1820,2.5386,0.045,6258,0.0000,0.0000,0.1278,0,4,0.157
127.997,0,3,3,0.0000,1.2333,0.0847,1.1365,3.3583,0.0000,0.0000,0.0000,0.0335,1.1820,2.5378,0.004,6264,0.0000,0.0000,0.1286,0,4,0.159
128.099,0,3,3,0.0000,1.2333,0.0841,1.1370,3.3722,0.0000,0.0000,0.0000,0.0335,1.1820,2.5381,0.037,6267,0.0000,0.0000,0.1279,0,4,0.160
128.197,0,3,3,0.0000,1.2333,0.0842,1.1369,3.3471,0.0000,0.0000,0.0000,0.0335,1.1820,2.5381,0.014,6273,0.0000,0.0000,0.1280,0,4,0.161
128.298,0,3,3,0.0000,1.2333,0.0842,1.1369,3.3736,0.0000,0.0000,0.0000,0.0384,1.2134,2.3471,0.002,6277,0.0000,0.0000,0.1281,0,4,0.153
128.398,0,3,3,0.0000,1.2333,0.0848,1.1363,3.3531,0.0000,0.0000,0.0000,0.0335,1.1820,2.5378,0.009,6282,0.0000,0.0000,0.1289,0,4,0.166
128.499,0,3,3,0.0000,1.2333,0.0843,1.1367,3.3640,0.0000,0.0000,0.0000,0.1828,1.0120,-0.9601,0.031,6285,0.0000,0.0000,0.1282,0,4,0.161
128.597,0,3,3,0.0000,1.2333,0.0849,1.1362,3.3467,0.0000,0.0000,0.0000,0.0335,1.1820,2.5384,0.008,6291,0.0000,0.0000,0.1290,0,4,0.165
128.698,0,3,3,0.0000,1.2333,0.0844,1.1366,3.3620,0.0000,0.0000,0.0000,0.1827,1.0120,-0.9579,0.035,6294,0.0000,0.0000,0.1283,0,4,0.158
128.801,0,3,3,0.0000,1.2333,0.0839,1.1374,3.3817,0.0000,0.0000,0.0000,0.0335,1.1821,2.5380,0.008,6299,0.0000,0.0000,0.1275,0,4,0.164
128.900,0,3,3,0.0000,1.2333,0.0840,1.1373,3.3632,0.0000,0.0000,0.0000,0.0385,1.2134,2.3464,0.007,6304,0.0000,0.0000,0.1275,0,4,0.162
128.997,0,3,3,0.0000,1.2333,0.0850,1.1360,3.3465,0.0000,0.0000,0.0000,0.1826,1.0119,-0.9549,0.015,6308,0.0000,0.0000,0.1293,0,4,0.157
129.097,0,3,3,0.0000,1.2333,0.0845,1.1364,3.3612,0.0000,0.0000,0.0000,0.0335,1.1821,2.5375,0.035,6312,0.0000,0.0000,0.1285,0,4,0.146
129.200,0,3,3,0.0000,1.2333,0.0850,1.1356,3.3465,0.0000,0.0000,0.0000,0.0384,1.2134,2.3478,0.002,6318,0.0000,0.0000,0.1295,0,4,0.153
129.299,0,3,3,0.0000,1.2333,0.0845,1.1364,3.3682,0.0000,0.0000,0.0000,0.0384,1.2134,2.3475,0.040,6321,0.0000,0.0000,0.1286,0,4,0.163
129.397,0,3,3,0.0000,1.2333,0.0856,1.1350,3.3492,0.0000,0.0000,0.0000,0.0384,1.2134,2.3475,0.006,6327,0.0000,0.0000,0.1303,0,4,0.152
129.497,0,3,3,0.0000,1.2333,0.0845,1.1363,3.3499,0.0000,0.0000,0.0000,0.0336,1.1821,2.5370,0.037,6330,0.0000,0.0000,0.1286,0,4,0.170
129.597,0,3,3,0.0000,1.2333,0.0851,1.1358,3.3318,0.0000,0.0000,0.0000,0.0336,1.1821,2.5368,0.010,6336,0.0000,0.0000,0.1294,0,4,0.167
129.699,0,3,3,0.0000,1.2333,0.0845,1.1363,3.3548,0.0000,0.0000,0.0000,0.0385,1.2134,2.3465,0.002,6340,0.0000,0.0000,0.1287,0,4,0.155
129.797,0,3,3,0.0000,1.2333,0.0851,1.1358,3.3363,0.0000,0.0000,0.0000,0.0336,1.1821,2.5360,0.007,6345,0.0000,0.0000,0.1295,0,4,0.160
129.898,0,3,3,0.0000,1.2333,0.0846,1.1362,3.3547,0.0000,0.0000,0.0000,0.1822,1.0119,-0.9528,0.035,6348,0.0000,0.0000,0.1288,0,4,0.161
129.997,0,3,3,0.0000,1.2333,0.0836,1.1375,3.3623,0.0000,0.0000,0.0000,0.0336,1.1821,2.5365,0.011,6353,0.0000,0.0000,0.1272,0,4,0.148
130.098,0,3,3,0.0000,1.2333,0.0846,1.1361,3.3477,0.0000,0.0000,0.0000,0.0336,1.1821,2.5362,0.014,6357,0.0000,0.0000,0.1289,0,4,0.163
130.197,0,3,3,0.0000,1.2333,0.0852,1.1356,3.3315,0.0000,0.0000,0.0000,0.1821,1.0118,-0.9502,0.016,6362,0.0000,0.0000,0.1297,0,4,0.161
130.299,0,3,3,0.0000,1.2333,0.0846,1.1361,3.3508,0.0000,0.0000,0.0000,0.0336,1.1821,2.5373,0.040,6366,0.0000,0.0000,0.1289,0,4,0.146
130.398,0,3,3,0.0000,1.2333,0.0852,1.1356,3.3283,0.0000,0.0000,0.0000,0.0336,1.1821,2.5372,0.008,6372,0.0000,0.0000,0.1297,0,4,0.169
130.497,0,3,3,0.0000,1.2333,0.0846,1.1360,3.3453,0.0000,0.0000,0.0000,0.0336,1.1821,2.5369,0.045,6375,0.0000,0.0000,0.1290,0,4,0.156
130.597,0,3,3,0.0000,1.2333,0.0851,1.1352,3.3323,0.0000,0.0000,0.0000,0.0384,1.2134,2.3477,0.003,6381,0.0000,0.0000,0.1299,0,4,0.162
130.697,0,3,3,0.0000,1.2333,0.0846,1.1360,3.3515,0.0000,0.0000,0.0000,0.0384,1.2134,2.3482,0.036,6384,0.0000,0.0000,0.1290,0,4,0.161
130.797,0,3,3,0.0000,1.2333,0.0852,1.1355,3.3327,0.0000,0.0000,0.0000,0.0336,1.1821,2.5355,0.009,6390,0.0000,0.0000,0.1297,0,4,0.163
130.898,0,3,3,0.0000,1.2333,0.0846,1.1360,3.3492,0.0000,0.0000,0.0000,0.0336,1.1821,2.5354,0.038,6393,0.0000,0.0000,0.1290,0,4,0.159
130.997,0,3,3,0.0000,1.2333,0.0846,1.1360,3.3196,0.0000,0.0000,0.0000,0.0336,1.1821,2.5352,0.015,6399,0.0000,0.0000,0.1290,0,4,0.153
131.100,0,3,3,0.0000,1.2333,0.0846,1.1360,3.3481,0.0000,0.0000,0.0000,0.0336,1.1821,2.5349,0.046,6402,0.0000,0.0000,0.1290,0,4,0.162
131.198,0,3,3,0.0000,1.2333,0.0836,1.1373,3.3583,0.0000,0.0000,0.0000,0.0336,1.1821,2.5359,0.009,6407,0.0000,0.0000,0.1273,0,4,0.163
131.299,0,3,3,0.0000,1.2333,0.0847,1.1359,3.3427,0.0000,0.0000,0.0000,0.1817,1.0118,-0.9449,0.032,6411,0.0000,0.0000,0.1291,0,4,0.154
131.397,0,3,3,0.0000,1.2333,0.0852,1.1354,3.3286,0.0000,0.0000,0.0000,0.1816,1.0117,-0.9427,0.011,6416,0.0000,0.0000,0.1298,0,4,0.168
131.497,0,3,3,0.0000,1.2333,0.0847,1.1359,3.3455,0.0000,0.0000,0.0000,0.0336,1.1821,2.5358,0.013,6420,0.0000,0.0000,0.1291,0,4,0.154
131.597,0,3,3,0.0000,1.2333,0.0852,1.1353,3.3225,0.0000,0.0000,0.0000,0.0336,1.1821,2.5353,0.006,6426,0.0000,0.0000,0.1299,0,4,0.156
131.700,0,3,3,0.0000,1.2333,0.0846,1.1358,3.3467,0.0000,0.0000,0.0000,0.0384,1.2134,2.3481,0.002,6430,0.0000,0.0000,0.1291,0,4,0.155
131.797,0,3,3,0.0000,1.2333,0.0846,1.1358,3.3223,0.0000,0.0000,0.0000,0.0336,1.1822,2.5358,0.007,6435,0.0000,0.0000,0.1291,0,4,0.157
131.898,0,3,3,0.0000,1.2333,0.0846,1.1358,3.3404,0.0000,0.0000,0.0000,0.0336,1.1822,2.5352,0.047,6438,0.0000,0.0000,0.1291,0,4,0.167
131.999,0,3,3,0.0000,1.2333,0.0846,1.1358,3.3239,0.0000,0.0000,0.0000,0.0336,1.1822,2.5363,0.007,6444,0.0000,0.0000,0.1291,0,4,0.160
132.098,0,3,3,0.0000,1.2333,0.0846,1.1358,3.3371,0.0000,0.0000,0.0000,0.0384,1.2134,2.3481,0.036,6447,0.0000,0.0000,0.1291,0,4,0.160
132.198,0,3,3,0.0000,1.2333,0.0846,1.1358,3.3265,0.0000,0.0000,0.0000,0.0336,1.1822,2.5358,0.008,6453,0.0000,0.0000,0.1291,0,4,0.157
132.298,0,3,3,0.0000,1.2333,0.0846,1.1358,3.3364,0.0000,0.0000,0.0000,0.0384,1.2133,2.3483,0.002,6457,0.0000,0.0000,0.1291,0,4,0.165
132.398,0,3,3,0.0000,1.2333,0.0851,1.1353,3.3190,0.0000,0.0000,0.0000,0.0336,1.1822,2.5360,0.009,6462,0.0000,0.0000,0.1298,0,4,0.155
132.497,0,3,3,0.0000,1.2333,0.0846,1.1358,3.3419,0.0000,0.0000,0.0000,0.0336,1.1822,2.5355,0.046,6465,0.0000,0.0000,0.1291,0,4,0.162
132.597,0,3,3,0.0000,1.2333,0.0851,1.1353,3.3219,0.0000,0.0000,0.0000,0.0336,1.1822,2.5352,0.005,6471,0.0000,0.0000,0.1298,0,4,0.147
132.698,0,3,3,0.0000,1.2333,0.0846,1.1358,3.3403,0.0000,0.0000,0.0000,0.0384,1.2133,2.3474,0.003,6475,0.0000,0.0000,0.1291,0,4,0.155
132.800,0,3,3,0.0000,1.2333,0.0835,1.1371,3.3569,0.0000,0.0000,0.0000,0.0336,1.1822,2.5347,0.007,6479,0.0000,0.0000,0.1275,0,4,0.155
132.898,0,3,3,0.0000,1.2333,0.0846,1.1357,3.3400,0.0000,0.0000,0.0000,0.0336,1.1822,2.5347,0.026,6483,0.0000,0.0000,0.1292,0,4,0.160
132.998,0,3,3,0.0000,1.2333,0.0851,1.1352,3.3178,0.0000,0.0000,0.0000,0.1809,1.0116,-0.9324,0.017,6488,0.0000,0.0000,0.1299,0,4,0.159
133.098,0,3,3,0.0000,1.2333,0.0846,1.1357,3.3406,0.0000,0.0000,0.0000,0.0336,1.1822,2.5340,0.037,6492,0.0000,0.0000,0.1291,0,4,0.159
133.198,0,3,3,0.0000,1.2333,0.0845,1.1357,3.3142,0.0000,0.0000,0.0000,0.0336,1.1822,2.5344,0.013,6498,0.0000,0.0000,0.1291,0,4,0.159
133.298,0,3,3,0.0000,1.2333,0.0845,1.1357,3.3343,0.0000,0.0000,0.0000,0.0384,1.2134,2.3473,0.038,6501,0.0000,0.0000,0.1291,0,4,0.161
133.397,0,3,3,0.0000,1.2333,0.0851,1.1352,3.3220,0.0000,0.0000,0.0000,0.0337,1.1822,2.5337,0.002,6507,0.0000,0.0000,0.1298,0,4,0.160
133.498,0,3,3,0.0000,1.2333,0.0845,1.1357,3.3403,0.0000,0.0000,0.0000,0.0337,1.1822,2.5332,0.044,6510,0.0000,0.0000,0.1291,0,4,0.160
133.598,0,3,3,0.0000,1.2333,0.0850,1.1352,3.3210,0.0000,0.0000,0.0000,0.0337,1.1822,2.5334,0.007,6516,0.0000,0.0000,0.1298,0,4,0.144
133.699,0,3,3,0.0000,1.2333,0.0845,1.1357,3.3408,0.0000,0.0000,0.0000,0.0337,1.1822,2.5337,0.045,6519,0.0000,0.0000,0.1291,0,4,0.153
133.797,0,3,3,0.0000,1.2333,0.0845,1.1357,3.3126,0.0000,0.0000,0.0000,0.0336,1.1822,2.5341,0.010,6525,0.0000,0.0000,0.1291,0,4,0.156
133.899,0,3,3,0.0000,1.2333,0.0845,1.1357,3.3320,0.0000,0.0000,0.0000,0.0337,1.1822,2.5340,0.039,6528,0.0000,0.0000,0.1291,0,4,0.156
133.999,0,3,3,0.0000,1.2333,0.0834,1.1370,3.3450,0.0000,0.0000,0.0000,0.0337,1.1822,2.5332,0.014,6533,0.0000,0.0000,0.1274,0,4,0.156
134.099,0,3,3,0.0000,1.2333,0.0845,1.1357,3.3352,0.0000,0.0000,0.0000,0.1805,1.0116,-0.9276,0.036,6537,0.0000,0.0000,0.1291,0,4,0.152
134.197,0,3,3,0.0000,1.2333,0.0840,1.1365,3.3515,0.0000,0.0000,0.0000,0.1805,1.0115,-0.9265,0.008,6542,0.0000,0.0000,0.1282,0,4,0.153
134.299,0,3,3,0.0000,1.2333,0.0844,1.1357,3.3374,0.0000,0.0000,0.0000,0.0337,1.1822,2.5329,0.027,6546,0.0000,0.0000,0.1291,0,4,0.156
134.397,0,3,3,0.0000,1.2333,0.0850,1.1351,3.3127,0.0000,0.0000,0.0000,0.1804,1.0115,-0.9280,0.017,6551,0.0000,0.0000,0.1299,0,4,0.165
134.499,0,3,3,0.0000,1.2333,0.0844,1.1357,3.3301,0.0000,0.0000,0.0000,0.0337,1.1823,2.5333,0.047,6555,0.0000,0.0000,0.1291,0,4,0.156
134.597,0,3,3,0.0000,1.2333,0.0844,1.1356,3.3100,0.0000,0.0000,0.0000,0.0337,1.1823,2.5331,0.011,6561,0.0000,0.0000,0.1291,0,4,0.154
134.700,0,3,3,0.0000,1.2333,0.0844,1.1356,3.3286,0.0000,0.0000,0.0000,0.0337,1.1823,2.5334,0.047,6564,0.0000,0.0000,0.1291,0,4,0.158
134.799,0,3,3,0.0000,1.2333,0.0849,1.1351,3.3138,0.0000,0.0000,0.0000,0.0337,1.1823,2.5331,0.010,6570,0.0000,0.0000,0.1298,0,4,0.155
134.898,0,3,3,0.0000,1.2333,0.0844,1.1357,3.3361,0.0000,0.0000,0.0000,0.0384,1.2133,2.3473,0.034,6573,0.0000,0.0000,0.1291,0,4,0.145
134.997,0,3,3,0.0000,1.2333,0.0844,1.1357,3.3110,0.0000,0.0000,0.0000,0.0337,1.1823,2.5331,0.012,6579,0.0000,0.0000,0.1291,0,4,0.157
135.097,0,3,3,0.0000,1.2333,0.0843,1.1356,3.3386,0.0000,0.0000,0.0000,0.0384,1.2133,2.3472,0.003,6583,0.0000,0.0000,0.1291,0,4,0.151
135.197,0,3,3,0.0000,1.2333,0.0849,1.1351,3.3180,0.0000,0.0000,0.0000,0.0337,1.1823,2.5320,0.007,6588,0.0000,0.0000,0.1298,0,4,0.150
135.300,0,3,3,0.0000,1.2333,0.0843,1.1356,3.3474,0.0000,0.0000,0.0000,0.0384,1.2133,2.3479,0.002,6592,0.0000,0.0000,0.1291,0,4,0.163
135.400,0,3,3,0.0000,1.2333,0.0839,1.1364,3.3489,0.0000,0.0000,0.0000,0.0337,1.1823,2.5324,0.008,6597,0.0000,0.0000,0.1281,0,4,0.156
135.499,0,3,3,0.0000,1.2333,0.0843,1.1356,3.3382,0.0000,0.0000,0.0000,0.1800,1.0115,-0.9229,0.036,6600,0.0000,0.0000,0.1291,0,4,0.170
135.600,0,3,3,0.0000,1.2333,0.0833,1.1369,3.3532,0.0000,0.0000,0.0000,0.0337,1.1823,2.5331,0.008,6605,0.0000,0.0000,0.1274,0,4,0.152
135.698,0,3,3,0.0000,1.2333,0.0843,1.1356,3.3372,0.0000,0.0000,0.0000,0.0384,1.2133,2.3486,0.002,6610,0.0000,0.0000,0.1291,0,4,0.154
135.798,0,3,3,0.0000,1.2333,0.0849,1.1351,3.3181,0.0000,0.0000,0.0000,0.0337,1.1823,2.5329,0.005,6615,0.0000,0.0000,0.1298,0,4,0.153
135.898,0,3,3,0.0000,1.2333,0.0843,1.1356,3.3290,0.0000,0.0000,0.0000,0.0384,1.2133,2.3474,0.002,6619,0.0000,0.0000,0.1291,0,4,0.154
135.998,0,3,3,0.0000,1.2333,0.0853,1.1342,3.3246,0.0000,0.0000,0.0000,0.0384,1.2133,2.3480,0.002,6624,0.0000,0.0000,0.1308,0,4,0.159
136.099,0,3,3,0.0000,1.2333,0.0843,1.1356,3.3346,0.0000,0.0000,0.0000,0.0384,1.2133,2.3478,0.039,6627,0.0000,0.0000,0.1291,0,4,0.157
136.198,0,3,3,0.0000,1.2333,0.0853,1.1343,3.3202,0.0000,0.0000,0.0000,0.0337,1.1823,2.5311,0.008,6632,0.0000,0.0000,0.1307,0,4,0.167
136.300,0,3,3,0.0000,1.2333,0.0842,1.1356,3.3337,0.0000,0.0000,0.0000,0.0384,1.2133,2.3478,0.002,6637,0.0000,0.0000,0.1290,0,4,0.152
136.400,0,3,3,0.0000,1.2333,0.0842,1.1356,3.3181,0.0000,0.0000,0.0000,0.0337,1.1823,2.5314,0.009,6642,0.0000,0.0000,0.1290,0,4,0.153
136.500,0,3,3,0.0000,1.2333,0.0842,1.1356,3.3359,0.0000,0.0000,0.0000,0.0337,1.1823,2.5318,0.049,6645,0.0000,0.0000,0.1290,0,4,0.151
136.597,0,3,3,0.0000,1.2333,0.0842,1.1356,3.3070,0.0000,0.0000,0.0000,0.0337,1.1823,2.5315,0.014,6651,0.0000,0.0000,0.1290,0,4,0.153
136.698,0,3,3,0.0000,1.2333,0.0842,1.1356,3.3289,0.0000,0.0000,0.0000,0.1795,1.0114,-0.9150,0.037,6654,0.0000,0.0000,0.1290,0,4,0.146
136.798,0,3,3,0.0000,1.2333,0.0832,1.1369,3.3433,0.0000,0.0000,0.0000,0.0337,1.1823,2.5306,0.013,6659,0.0000,0.0000,0.1273,0,4,0.160
136.898,0,3,3,0.0000,1.2333,0.0842,1.1355,3.3294,0.0000,0.0000,0.0000,0.0337,1.1823,2.5304,0.018,6663,0.0000,0.0000,0.1290,0,4,0.147
136.997,0,3,3,0.0000,1.2333,0.0847,1.1350,3.3130,0.0000,0.0000,0.0000,0.1794,1.0114,-0.9130,0.021,6668,0.0000,0.0000,0.1298,0,4,0.165
137.097,0,3,3,0.0000,1.2333,0.0842,1.1355,3.3364,0.0000,0.0000,0.0000,0.0385,1.2133,2.3464,0.002,6673,0.0000,0.0000,0.1290,0,4,0.156
137.198,0,3,3,0.0000,1.2333,0.0847,1.1350,3.3168,0.0000,0.0000,0.0000,0.0337,1.1823,2.5312,0.007,6678,0.0000,0.0000,0.1297,0,4,0.151
137.297,0,3,3,0.0000,1.2333,0.0841,1.1355,3.3420,0.0000,0.0000,0.0000,0.0337,1.1823,2.5311,0.045,6681,0.0000,0.0000,0.1290,0,4,0.161
137.397,0,3,3,0.0000,1.2333,0.0851,1.1342,3.3270,0.0000,0.0000,0.0000,0.0384,1.2133,2.3473,0.007,6687,0.0000,0.0000,0.1307,0,4,0.163
137.499,0,3,3,0.0000,1.2333,0.0841,1.1356,3.3522,0.0000,0.0000,0.0000,0.0337,1.1823,2.5314,0.047,6690,0.0000,0.0000,0.1290,0,4,0.154
137.599,0,3,3,0.0000,1.2333,0.0841,1.1356,3.3240,0.0000,0.0000,0.0000,0.0337,1.1823,2.5311,0.006,6696,0.0000,0.0000,0.1289,0,4,0.155
137.698,0,3,3,0.0000,1.2333,0.0841,1.1356,3.3394,0.0000,0.0000,0.0000,0.0337,1.1823,2.5304,0.045,6699,0.0000,0.0000,0.1289,0,4,0.157
137.798,0,3,3,0.0000,1.2333,0.0840,1.1356,3.3265,0.0000,0.0000,0.0000,0.0337,1.1823,2.5301,0.013,6705,0.0000,0.0000,0.1289,0,4,0.166
137.897,0,3,3,0.0000,1.2333,0.0840,1.1356,3.3426,0.0000,0.0000,0.0000,0.0385,1.2133,2.3470,0.003,6709,0.0000,0.0000,0.1289,0,4,0.150
138.001,0,3,3,0.0000,1.2333,0.0830,1.1369,3.3576,0.0000,0.0000,0.0000,0.0337,1.1824,2.5308,0.018,6713,0.0000,0.0000,0.1273,0,4,0.155
138.100,0,3,3,0.0000,1.2333,0.0840,1.1355,3.3409,0.0000,0.0000,0.0000,0.1789,1.0113,-0.9052,0.037,6717,0.0000,0.0000,0.1289,0,4,0.151
138.201,0,3,3,0.0000,1.2333,0.0846,1.1350,3.3200,0.0000,0.0000,0.0000,0.1789,1.0113,-0.9048,0.013,6722,0.0000,0.0000,0.1297,0,4,0.167
138.298,0,3,3,0.0000,1.2333,0.0840,1.1355,3.3372,0.0000,0.0000,0.0000,0.0384,1.2133,2.3475,0.003,6727,0.0000,0.0000,0.1289,0,4,0.158
138.400,0,3,3,0.0000,1.2333,0.0845,1.1350,3.3196,0.0000,0.0000,0.0000,0.1788,1.0113,-0.9042,0.020,6731,0.0000,0.0000,0.1297,0,4,0.148
138.498,0,3,3,0.0000,1.2333,0.0840,1.1355,3.3381,0.0000,0.0000,0.0000,0.0337,1.1824,2.5313,0.029,6735,0.0000,0.0000,0.1289,0,4,0.165
138.599,0,3,3,0.0000,1.2333,0.0840,1.1355,3.3171,0.0000,0.0000,0.0000,0.0337,1.1824,2.5305,0.016,6741,0.0000,0.0000,0.1289,0,4,0.155
138.698,0,3,3,0.0000,1.2333,0.0840,1.1355,3.3311,0.0000,0.0000,0.0000,0.0337,1.1824,2.5302,0.044,6744,0.0000,0.0000,0.1289,0,4,0.165
138.797,0,3,3,0.0000,1.2333,0.0839,1.1355,3.3123,0.0000,0.0000,0.0000,0.0337,1.1824,2.5301,0.011,6750,0.0000,0.0000,0.1289,0,4,0.165
138.898,0,3,3,0.0000,1.2333,0.0839,1.1355,3.3301,0.0000,0.0000,0.0000,0.0385,1.2133,2.3470,0.030,6753,0.0000,0.0000,0.1289,0,4,0.166
138.997,0,3,3,0.0000,1.2333,0.0844,1.1350,3.3153,0.0000,0.0000,0.0000,0.0337,1.1824,2.5300,0.009,6759,0.0000,0.0000,0.1296,0,4,0.153
139.097,0,3,3,0.0000,1.2333,0.0839,1.1356,3.3321,0.0000,0.0000,0.0000,0.0337,1.1824,2.5300,0.042,6762,0.0000,0.0000,0.1288,0,4,0.158
139.197,0,3,3,0.0000,1.2333,0.0839,1.1355,3.3142,0.0000,0.0000,0.0000,0.0337,1.1824,2.5300,0.012,6768,0.0000,0.0000,0.1288,0,4,0.157
139.300,0,3,3,0.0000,1.2333,0.0839,1.1355,3.3370,0.0000,0.0000,0.0000,0.0385,1.2133,2.3468,0.003,6772,0.0000,0.0000,0.1288,0,4,0.150
139.399,0,3,3,0.0000,1.2333,0.0844,1.1350,3.3246,0.0000,0.0000,0.0000,0.0338,1.1824,2.5292,0.002,6777,0.0000,0.0000,0.1296,0,4,0.149
139.498,0,3,3,0.0000,1.2333,0.0838,1.1355,3.3362,0.0000,0.0000,0.0000,0.1784,1.0112,-0.8971,0.038,6780,0.0000,0.0000,0.1288,0,4,0.162
139.598,0,3,3,0.0000,1.2333,0.0834,1.1363,3.3536,0.0000,0.0000,0.0000,0.0338,1.1824,2.5291,0.004,6785,0.0000,0.0000,0.1279,0,4,0.159
139.700,0,3,3,0.0000,1.2333,0.0838,1.1355,3.3370,0.0000,0.0000,0.0000,0.0385,1.2133,2.3465,0.003,6790,0.0000,0.0000,0.1288,0,4,0.159
139.797,0,3,3,0.0000,1.2333,0.0844,1.1350,3.3189,0.0000,0.0000,0.0000,0.1783,1.0112,-0.8970,0.023,6794,0.0000,0.0000,0.1296,0,4,0.162
139.900,0,3,3,0.0000,1.2333,0.0838,1.1355,3.3377,0.0000,0.0000,0.0000,0.0385,1.2133,2.3457,0.002,6799,0.0000,0.0000,0.1288,0,4,0.153
139.998,0,3,3,0.0000,1.2333,0.0838,1.1355,3.3193,0.0000,0.0000,0.0000,0.0338,1.1824,2.5292,0.017,6804,0.0000,0.0000,0.1288,0,4,0.160
140.099,0,3,3,0.0000,1.2333,0.0838,1.1355,3.3544,0.0000,0.0000,0.0000,0.0385,1.2133,2.3472,0.040,6807,0.0000,0.0000,0.1288,0,4,0.151
140.197,0,3,3,0.0000,1.2333,0.0843,1.1350,3.3240,0.0000,0.0000,0.0000,0.0338,1.1824,2.5284,0.007,6813,0.0000,0.0000,0.1295,0,4,0.152
140.298,0,3,3,0.0000,1.2333,0.0837,1.1355,3.3359,0.0000,0.0000,0.0000,0.0338,1.1824,2.5292,0.046,6816,0.0000,0.0000,0.1287,0,4,0.156
140.397,0,3,3,0.0000,1.2333,0.0837,1.1355,3.3105,0.0000,0.0000,0.0000,0.0337,1.1824,2.5298,0.015,6822,0.0000,0.0000,0.1287,0,4,0.161
140.497,0,3,3,0.0000,1.2333,0.0837,1.1355,3.3306,0.0000,0.0000,0.0000,0.0338,1.1824,2.5293,0.044,6825,0.0000,0.0000,0.1287,0,4,0.158
140.600,0,3,3,0.0000,1.2333,0.0837,1.1355,3.3176,0.0000,0.0000,0.0000,0.0337,1.1824,2.5295,0.012,6831,0.0000,0.0000,0.1287,0,4,0.165
140.700,0,3,3,0.0000,1.2333,0.0837,1.1355,3.3282,0.0000,0.0000,0.0000,0.0384,1.2133,2.3475,0.002,6835,0.0000,0.0000,0.1287,0,4,0.157
140.798,0,3,3,0.0000,1.2333,0.0827,1.1368,3.3430,0.0000,0.0000,0.0000,0.0338,1.1824,2.5283,0.017,6839,0.0000,0.0000,0.1271,0,4,0.160
140.900,0,3,3,0.0000,1.2333,0.0837,1.1355,3.3281,0.0000,0.0000,0.0000,0.0384,1.2133,2.3478,0.003,6844,0.0000,0.0000,0.1288,0,4,0.164
140.997,0,3,3,0.0000,1.2333,0.0832,1.1363,3.3438,0.0000,0.0000,0.0000,0.1778,1.0112,-0.8914,0.002,6848,0.0000,0.0000,0.1278,0,4,0.151
141.098,0,3,3,0.0000,1.2333,0.0837,1.1355,3.3284,0.0000,0.0000,0.0000,0.0338,1.1825,2.5289,0.038,6852,0.0000,0.0000,0.1288,0,4,0.155
141.199,0,3,3,0.0000,1.2333,0.0842,1.1350,3.3277,0.0000,0.0000,0.0000,0.1777,1.0111,-0.8902,0.019,6857,0.0000,0.0000,0.1295,0,4,0.153
141.299,0,3,3,0.0000,1.2333,0.0836,1.1355,3.3312,0.0000,0.0000,0.0000,0.0338,1.1825,2.5282,0.030,6861,0.0000,0.0000,0.1287,0,4,0.156
141.398,0,3,3,0.0000,1.2333,0.0836,1.1355,3.3153,0.0000,0.0000,0.0000,0.0338,1.1825,2.5280,0.013,6867,0.0000,0.0000,0.1287,0,4,0.152
141.499,0,3,3,0.0000,1.2333,0.0836,1.1355,3.3349,0.0000,0.0000,0.0000,0.0384,1.2133,2.3474,0.003,6871,0.0000,0.0000,0.1287,0,4,0.151
141.599,0,3,3,0.0000,1.2333,0.0836,1.1355,3.3264,0.0000,0.0000,0.0000,0.0338,1.1825,2.5276,0.013,6876,0.0000,0.0000,0.1287,0,4,0.154
141.698,0,3,3,0.0000,1.2333,0.0836,1.1355,3.3372,0.0000,0.0000,0.0000,0.0384,1.2133,2.3476,0.040,6879,0.0000,0.0000,0.1287,0,4,0.158
141.797,0,3,3,0.0000,1.2333,0.0836,1.1355,3.3177,0.0000,0.0000,0.0000,0.0338,1.1825,2.5282,0.016,6885,0.0000,0.0000,0.1287,0,4,0.163
141.899,0,3,3,0.0000,1.2333,0.0835,1.1355,3.3376,0.0000,0.0000,0.0000,0.0384,1.2133,2.3472,0.003,6889,0.0000,0.0000,0.1287,0,4,0.155
141.999,0,3,3,0.0000,1.2333,0.0835,1.1355,3.3251,0.0000,0.0000,0.0000,0.0338,1.1825,2.5272,0.015,6894,0.0000,0.0000,0.1286,0,4,0.171
142.102,0,3,3,0.0000,1.2333,0.0835,1.1355,3.3477,0.0000,0.0000,0.0000,0.0385,1.2133,2.3463,0.002,6898,0.0000,0.0000,0.1287,0,4,0.158
142.197,0,3,3,0.0000,1.2333,0.0825,1.1368,3.3507,0.0000,0.0000,0.0000,0.1773,1.0111,-0.8825,0.006,6903,0.0000,0.0000,0.1270,0,4,0.150
142.299,0,3,3,0.0000,1.2333,0.0835,1.1355,3.3369,0.0000,0.0000,0.0000,0.0385,1.2133,2.3470,0.006,6907,0.0000,0.0000,0.1287,0,4,0.154
142.397,0,3,3,0.0000,1.2333,0.0831,1.1363,3.3542,0.0000,0.0000,0.0000,0.1773,1.0111,-0.8820,0.004,6911,0.0000,0.0000,0.1277,0,4,0.156
142.501,0,3,3,0.0000,1.2333,0.0835,1.1354,3.3491,0.0000,0.0000,0.0000,0.0338,1.1825,2.5271,0.027,6915,0.0000,0.0000,0.1287,0,4,0.154
142.597,0,3,3,0.0000,1.2333,0.0840,1.1349,3.3186,0.0000,0.0000,0.0000,0.0338,1.1825,2.5267,0.006,6921,0.0000,0.0000,0.1294,0,4,0.147
142.700,0,3,3,0.0000,1.2333,0.0835,1.1355,3.3383,0.0000,0.0000,0.0000,0.0384,1.2133,2.3477,0.003,6925,0.0000,0.0000,0.1286,0,4,0.157
142.797,0,3,3,0.0000,1.2333,0.0839,1.1346,3.3278,0.0000,0.0000,0.0000,0.0385,1.2133,2.3466,0.002,6930,0.0000,0.0000,0.1296,0,4,0.156
142.898,0,3,3,0.0000,1.2333,0.0834,1.1355,3.3383,0.0000,0.0000,0.0000,0.0385,1.2133,2.3461,0.037,6933,0.0000,0.0000,0.1286,0,4,0.160
142.997,0,3,3,0.0000,1.2333,0.0839,1.1350,3.3236,0.0000,0.0000,0.0000,0.0338,1.1825,2.5263,0.008,6939,0.0000,0.0000,0.1293,0,4,0.160
143.099,0,3,3,0.0000,1.2333,0.0834,1.1355,3.3379,0.0000,0.0000,0.0000,0.0385,1.2133,2.3453,0.002,6943,0.0000,0.0000,0.1286,0,4,0.164
143.198,0,3,3,0.0000,1.2333,0.0839,1.1350,3.3211,0.0000,0.0000,0.0000,0.0338,1.1825,2.5266,0.006,6948,0.0000,0.0000,0.1293,0,4,0.166
143.300,0,3,3,0.0000,1.2333,0.0834,1.1355,3.3379,0.0000,0.0000,0.0000,0.0384,1.2133,2.3472,0.002,6952,0.0000,0.0000,0.1285,0,4,0.155
143.400,0,3,3,0.0000,1.2333,0.0834,1.1355,3.3286,0.0000,0.0000,0.0000,0.0338,1.1825,2.5261,0.016,6957,0.0000,0.0000,0.1285,0,4,0.152
143.497,0,3,3,0.0000,1.2333,0.0834,1.1355,3.3382,0.0000,0.0000,0.0000,0.0385,1.2133,2.3469,0.004,6961,0.0000,0.0000,0.1285,0,4,0.162
143.597,0,3,3,0.0000,1.2333,0.0824,1.1368,3.3527,0.0000,0.0000,0.0000,0.0338,1.1825,2.5264,0.016,6965,0.0000,0.0000,0.1269,0,4,0.164
143.699,0,3,3,0.0000,1.2333,0.0834,1.1354,3.3360,0.0000,0.0000,0.0000,0.0385,1.2133,2.3470,0.003,6970,0.0000,0.0000,0.1286,0,4,0.153
143.797,0,3,3,0.0000,1.2333,0.0839,1.1349,3.3181,0.0000,0.0000,0.0000,0.1767,1.0110,-0.8741,0.019,6974,0.0000,0.0000,0.1293,0,4,0.161
143.898,0,3,3,0.0000,1.2333,0.0833,1.1355,3.3356,0.0000,0.0000,0.0000,0.0338,1.1825,2.5268,0.042,6978,0.0000,0.0000,0.1285,0,4,0.160
143.997,0,3,3,0.0000,1.2333,0.0838,1.1350,3.3184,0.0000,0.0000,0.0000,0.0338,1.1825,2.5256,0.006,6984,0.0000,0.0000,0.1292,0,4,0.160
144.098,0,3,3,0.0000,1.2333,0.0833,1.1355,3.3364,0.0000,0.0000,0.0000,0.0338,1.1825,2.5259,0.043,6987,0.0000,0.0000,0.1285,0,4,0.156
144.199,0,3,3,0.0000,1.2333,0.0843,1.1341,3.3312,0.0000,0.0000,0.0000,0.0384,1.2133,2.3472,0.002,6993,0.0000,0.0000,0.1302,0,4,0.160
144.299,0,3,3,0.0000,1.2333,0.0833,1.1355,3.3372,0.0000,0.0000,0.0000,0.0338,1.1825,2.5256,0.046,6996,0.0000,0.0000,0.1285,0,4,0.166
144.397,0,3,3,0.0000,1.2333,0.0838,1.1350,3.3248,0.0000,0.0000,0.0000,0.0338,1.1825,2.5256,0.005,7002,0.0000,0.0000,0.1292,0,4,0.144
144.498,0,3,3,0.0000,1.2333,0.0832,1.1355,3.3403,0.0000,0.0000,0.0000,0.0338,1.1825,2.5257,0.045,7005,0.0000,0.0000,0.1284,0,4,0.161
144.597,0,3,3,0.0000,1.2333,0.0832,1.1355,3.3204,0.0000,0.0000,0.0000,0.0338,1.1825,2.5255,0.012,7011,0.0000,0.0000,0.1284,0,4,0.149
144.697,0,3,3,0.0000,1.2333,0.0832,1.1355,3.3391,0.0000,0.0000,0.0000,0.0338,1.1826,2.5260,0.046,7014,0.0000,0.0000,0.1284,0,4,0.167
144.799,0,3,3,0.0000,1.2333,0.0822,1.1368,3.3517,0.0000,0.0000,0.0000,0.1764,1.0110,-0.8702,0.002,7020,0.0000,0.0000,0.1268,0,4,0.165
144.900,0,3,3,0.0000,1.2333,0.0832,1.1355,3.3394,0.0000,0.0000,0.0000,0.0384,1.2133,2.3474,0.002,7024,0.0000,0.0000,0.1284,0,4,0.167
144.998,0,3,3,0.0000,1.2333,0.0837,1.1350,3.3258,0.0000,0.0000,0.0000,0.1763,1.0110,-0.8662,0.014,7028,0.0000,0.0000,0.1292,0,4,0.155
145.100,0,3,3,0.0000,1.2333,0.0832,1.1354,3.3390,0.0000,0.0000,0.0000,0.0384,1.2133,2.3484,0.003,7033,0.0000,0.0000,0.1285,0,4,0.153
145.199,0,3,3,0.0000,1.2333,0.0827,1.1363,3.3444,0.0000,0.0000,0.0000,0.1762,1.0110,-0.8656,0.008,7037,0.0000,0.0000,0.1275,0,4,0.150
145.298,0,3,3,0.0000,1.2333,0.0832,1.1354,3.3288,0.0000,0.0000,0.0000,0.0384,1.2133,2.3479,0.003,7042,0.0000,0.0000,0.1284,0,4,0.155
145.398,0,3,3,0.0000,1.2333,0.0831,1.1354,3.3100,0.0000,0.0000,0.0000,0.0338,1.1826,2.5253,0.015,7047,0.0000,0.0000,0.1284,0,4,0.170
145.498,0,3,3,0.0000,1.2333,0.0831,1.1354,3.3285,0.0000,0.0000,0.0000,0.0338,1.1826,2.5254,0.043,7050,0.0000,0.0000,0.1284,0,4,0.161
145.598,0,3,3,0.0000,1.2333,0.0836,1.1350,3.3150,0.0000,0.0000,0.0000,0.0338,1.1826,2.5253,0.009,7056,0.0000,0.0000,0.1291,0,4,0.165
145.699,0,3,3,0.0000,1.2333,0.0831,1.1355,3.3281,0.0000,0.0000,0.0000,0.0384,1.2133,2.3471,0.037,7059,0.0000,0.0000,0.1284,0,4,0.156
145.798,0,3,3,0.0000,1.2333,0.0836,1.1350,3.3159,0.0000,0.0000,0.0000,0.0338,1.1826,2.5254,0.007,7065,0.0000,0.0000,0.1291,0,4,0.164
145.898,0,3,3,0.0000,1.2333,0.0831,1.1355,3.3309,0.0000,0.0000,0.0000,0.0338,1.1826,2.5258,0.041,7068,0.0000,0.0000,0.1283,0,4,0.167
145.998,0,3,3,0.0000,1.2333,0.0836,1.1350,3.3181,0.0000,0.0000,0.0000,0.0338,1.1826,2.5247,0.006,7074,0.0000,0.0000,0.1291,0,4,0.148
146.100,0,3,3,0.0000,1.2333,0.0830,1.1355,3.3321,0.0000,0.0000,0.0000,0.0384,1.2133,2.3483,0.002,7078,0.0000,0.0000,0.1283,0,4,0.153
146.198,0,3,3,0.0000,1.2333,0.0835,1.1350,3.3210,0.0000,0.0000,0.0000,0.0338,1.1826,2.5253,0.006,7083,0.0000,0.0000,0.1290,0,4,0.155
146.300,0,3,3,0.0000,1.2333,0.0830,1.1355,3.3350,0.0000,0.0000,0.0000,0.0384,1.2133,2.3476,0.003,7087,0.0000,0.0000,0.1283,0,4,0.164
146.400,0,3,3,0.0000,1.2333,0.0820,1.1368,3.3587,0.0000,0.0000,0.0000,0.0338,1.1826,2.5255,0.007,7091,0.0000,0.0000,0.1267,0,4,0.158
146.499,0,3,3,0.0000,1.2333,0.0830,1.1354,3.3388,0.0000,0.0000,0.0000,0.0384,1.2133,2.3471,0.003,7096,0.0000,0.0000,0.1283,0,4,0.162
146.597,0,3,3,0.0000,1.2333,0.0835,1.1349,3.3208,0.0000,0.0000,0.0000,0.1757,1.0109,-0.8589,0.017,7100,0.0000,0.0000,0.1290,0,4,0.161
146.700,0,3,3,0.0000,1.2333,0.0830,1.1355,3.3388,0.0000,0.0000,0.0000,0.0384,1.2133,2.3477,0.003,7105,0.0000,0.0000,0.1283,0,4,0.156
146.797,0,3,3,0.0000,1.2333,0.0829,1.1355,3.3201,0.0000,0.0000,0.0000,0.0338,1.1826,2.5251,0.015,7110,0.0000,0.0000,0.1283,0,4,0.154
146.898,0,3,3,0.0000,1.2333,0.0829,1.1355,3.3396,0.0000,0.0000,0.0000,0.0384,1.2133,2.3473,0.036,7113,0.0000,0.0000,0.1283,0,4,0.160
146.997,0,3,3,0.0000,1.2333,0.0834,1.1347,3.3290,0.0000,0.0000,0.0000,0.0384,1.2133,2.3483,0.009,7119,0.0000,0.0000,0.1292,0,4,0.167
147.099,0,3,3,0.0000,1.2333,0.0829,1.1355,3.3526,0.0000,0.0000,0.0000,0.0338,1.1826,2.5250,0.046,7122,0.0000,0.0000,0.1282,0,4,0.161
147.197,0,3,3,0.0000,1.2333,0.0829,1.1355,3.3231,0.0000,0.0000,0.0000,0.0338,1.1826,2.5248,0.014,7128,0.0000,0.0000,0.1282,0,4,0.143
147.298,0,3,3,0.0000,1.2333,0.0829,1.1355,3.3419,0.0000,0.0000,0.0000,0.0384,1.2133,2.3475,0.003,7132,0.0000,0.0000,0.1282,0,4,0.155
147.397,0,3,3,0.0000,1.2333,0.0834,1.1350,3.3245,0.0000,0.0000,0.0000,0.0338,1.1826,2.5249,0.013,7137,0.0000,0.0000,0.1289,0,4,0.154
147.497,0,3,3,0.0000,1.2333,0.0828,1.1355,3.3409,0.0000,0.0000,0.0000,0.0385,1.2133,2.3461,0.004,7141,0.0000,0.0000,0.1282,0,4,0.150
147.598,0,3,3,0.0000,1.2333,0.0819,1.1368,3.3523,0.0000,0.0000,0.0000,0.0339,1.1826,2.5235,0.018,7145,0.0000,0.0000,0.1266,0,4,0.153
147.699,0,3,3,0.0000,1.2333,0.0829,1.1354,3.3387,0.0000,0.0000,0.0000,0.1752,1.0109,-0.8500,0.038,7149,0.0000,0.0000,0.1282,0,4,0.159
147.799,0,3,3,0.0000,1.2333,0.0824,1.1363,3.3547,0.0000,0.0000,0.0000,0.1752,1.0109,-0.8506,0.011,7154,0.0000,0.0000,0.1273,0,4,0.159
147.897,0,3,3,0.0000,1.2333,0.0828,1.1354,3.3380,0.0000,0.0000,0.0000,0.0384,1.2133,2.3480,0.003,7159,0.0000,0.0000,0.1282,0,4,0.157
147.998,0,3,3,0.0000,1.2333,0.0833,1.1349,3.3190,0.0000,0.0000,0.0000,0.0339,1.1826,2.5235,0.002,7164,0.0000,0.0000,0.1289,0,4,0.166
148.101,0,3,3,0.0000,1.2333,0.0828,1.1355,3.3458,0.0000,0.0000,0.0000,0.0384,1.2133,2.3478,0.002,7168,0.0000,0.0000,0.1282,0,4,0.154
148.197,0,3,3,0.0000,1.2333,0.0833,1.1349,3.3206,0.0000,0.0000,0.0000,0.0338,1.1826,2.5241,0.010,7173,0.0000,0.0000,0.1289,0,4,0.162
148.298,0,3,3,0.0000,1.2333,0.0828,1.1355,3.3341,0.0000,0.0000,0.0000,0.0339,1.1826,2.5231,0.045,7176,0.0000,0.0000,0.1282,0,4,0.162
148.398,0,3,3,0.0000,1.2333,0.0833,1.1350,3.3194,0.0000,0.0000,0.0000,0.0339,1.1826,2.5235,0.008,7182,0.0000,0.0000,0.1289,0,4,0.154
148.499,0,3,3,0.0000,1.2333,0.0827,1.1355,3.3475,0.0000,0.0000,0.0000,0.0384,1.2133,2.3482,0.038,7185,0.0000,0.0000,0.1281,0,4,0.153
148.598,0,3,3,0.0000,1.2333,0.0827,1.1355,3.3124,0.0000,0.0000,0.0000,0.0339,1.1826,2.5226,0.011,7191,0.0000,0.0000,0.1281,0,4,0.163
148.700,0,3,3,0.0000,1.2333,0.0827,1.1355,3.3311,0.0000,0.0000,0.0000,0.0384,1.2133,2.3479,0.002,7195,0.0000,0.0000,0.1281,0,4,0.162
148.798,0,3,3,0.0000,1.2333,0.0832,1.1350,3.3189,0.0000,0.0000,0.0000,0.0339,1.1826,2.5233,0.011,7200,0.0000,0.0000,0.1288,0,4,0.158
148.899,0,3,3,0.0000,1.2333,0.0822,1.1363,3.3348,0.0000,0.0000,0.0000,0.0384,1.2133,2.3474,0.006,7204,0.0000,0.0000,0.1272,0,4,0.163
148.998,0,3,3,0.0000,1.2333,0.0827,1.1355,3.3169,0.0000,0.0000,0.0000,0.0338,1.1827,2.5242,0.007,7209,0.0000,0.0000,0.1281,0,4,0.157
149.100,0,3,3,0.0000,1.2333,0.0822,1.1363,3.3361,0.0000,0.0000,0.0000,0.0385,1.2133,2.3470,0.004,7213,0.0000,0.0000,0.1272,0,4,0.157
149.198,0,3,3,0.0000,1.2333,0.0822,1.1363,3.3476,0.0000,0.0000,0.0000,0.0339,1.1827,2.5231,0.002,7218,0.0000,0.0000,0.1272,0,4,0.151
149.301,0,3,3,0.0000,1.2333,0.0822,1.1363,3.3371,0.0000,0.0000,0.0000,0.0385,1.2133,2.3470,0.003,7222,0.0000,0.0000,0.1272,0,4,0.164
149.399,0,3,3,0.0000,1.2333,0.0826,1.1354,3.3197,0.0000,0.0000,0.0000,0.0339,1.1827,2.5222,0.007,7227,0.0000,0.0000,0.1281,0,4,0.165
149.498,0,3,3,0.0000,1.2333,0.0826,1.1354,3.3416,0.0000,0.0000,0.0000,0.0384,1.2133,2.3476,0.003,7231,0.0000,0.0000,0.1281,0,4,0.163
149.598,0,3,3,0.0000,1.2333,0.0826,1.1354,3.3176,0.0000,0.0000,0.0000,0.0339,1.1827,2.5222,0.008,7236,0.0000,0.0000,0.1281,0,4,0.161
149.699,0,3,3,0.0000,1.2333,0.0826,1.1354,3.3325,0.0000,0.0000,0.0000,0.0384,1.2133,2.3475,0.039,7239,0.0000,0.0000,0.1281,0,4,0.162
149.798,0,3,3,0.0000,1.2333,0.0826,1.1355,3.3160,0.0000,0.0000,0.0000,0.0339,1.1827,2.5231,0.016,7245,0.0000,0.0000,0.1280,0,4,0.156
149.897,0,3,3,0.0000,1.2333,0.0825,1.1355,3.3328,0.0000,0.0000,0.0000,0.0384,1.2133,2.3472,0.003,7249,0.0000,0.0000,0.1280,0,4,0.161
149.998,0,3,3,0.0000,1.2333,0.0825,1.1355,3.3168,0.0000,0.0000,0.0000,0.0338,1.1827,2.5232,0.014,7254,0.0000,0.0000,0.1280,0,4,0.162
150.097,0,3,3,0.0000,1.2333,0.0825,1.1355,3.3416,0.0000,0.0000,0.0000,0.0384,1.2133,2.3478,0.004,7258,0.0000,0.0000,0.1280,0,4,0.150
150.198,0,3,3,0.0000,1.2333,0.0825,1.1355,3.3175,0.0000,0.0000,0.0000,0.0339,1.1827,2.5229,0.010,7263,0.0000,0.0000,0.1280,0,4,0.154
150.299,0,3,3,0.0000,1.2333,0.0825,1.1354,3.3333,0.0000,0.0000,0.0000,0.0385,1.2133,2.3468,0.002,7267,0.0000,0.0000,0.1280,0,4,0.158
150.400,0,3,3,0.0000,1.2333,0.0815,1.1368,3.3496,0.0000,0.0000,0.0000,0.1743,1.0108,-0.8373,0.002,7272,0.0000,0.0000,0.1264,0,4,0.162
150.498,0,3,3,0.0000,1.2333,0.0825,1.1354,3.3387,0.0000,0.0000,0.0000,0.0384,1.2132,2.3484,0.005,7276,0.0000,0.0000,0.1280,0,4,0.157
150.601,0,3,3,0.0000,1.2333,0.0830,1.1349,3.3206,0.0000,0.0000,0.0000,0.1742,1.0108,-0.8369,0.024,7280,0.0000,0.0000,0.1287,0,4,0.157
150.697,0,3,3,0.0000,1.2333,0.0825,1.1354,3.3382,0.0000,0.0000,0.0000,0.0385,1.2133,2.3463,0.003,7285,0.0000,0.0000,0.1280,0,4,0.156
