time,lap_count,goal_index,wp_index,target_x,target_y,filtered_x,filtered_y,filtered_yaw,raw_odom_x,raw_odom_y,raw_odom_yaw,aruco_x,aruco_y,aruco_yaw,aruco_age,aruco_count,cmd_vx,cmd_vy,dist_to_target,lifter_up,lifter_toggle_count,min_dist
0.112,0,0,0,-0.6167,1.2333,-0.4930,0.9833,-142.3304,0.0000,0.0000,0.0000,-0.5395,1.3962,169.6102,0.004,5,0.0000,0.0000,0.2789,0,0,0.339
0.202,0,0,0,-0.6167,1.2333,-0.4996,0.9989,-144.5951,0.0000,0.0000,0.0000,-0.6643,1.2194,176.0385,0.016,11,0.0000,0.0000,0.2620,0,0,0.359
0.302,0,0,0,-0.6167,1.2333,-0.5035,1.0091,-146.1133,0.0000,0.0000,0.0000,-0.6643,1.2194,176.0383,0.010,17,0.0000,0.0000,0.2512,0,0,0.371
0.401,0,0,0,-0.6167,1.2333,-0.5090,1.0241,-148.1445,0.0000,0.0000,0.0000,-0.6056,1.0708,170.8087,0.007,24,0.0000,0.0000,0.2352,0,0,0.324
0.501,0,0,0,-0.6167,1.2333,-0.5146,1.0370,-150.0979,0.0000,0.0000,0.0000,-0.6643,1.2194,176.0381,0.015,30,0.0000,0.0000,0.2213,0,0,0.373
0.600,0,0,0,-0.6167,1.2333,-0.5186,1.0455,-151.6768,0.0000,0.0000,0.0000,-0.5614,1.1916,176.0530,0.015,36,0.0000,0.0000,0.2119,0,0,0.370
0.701,0,0,0,-0.6167,1.2333,-0.5215,1.0551,-152.9857,0.0000,0.0000,0.0000,-0.6056,1.0708,170.8087,0.003,43,0.0000,0.0000,0.2020,0,0,0.310
0.801,0,0,0,-0.6167,1.2333,-0.5264,1.0640,-154.6534,0.0000,0.0000,0.0000,-0.5614,1.1916,176.0531,0.024,48,0.0000,0.0000,0.1918,0,0,0.337
0.903,0,0,0,-0.6167,1.2333,-0.5291,1.0758,-155.7542,0.0000,0.0000,0.0000,-0.6074,1.0647,170.5629,0.002,55,0.0000,0.0000,0.1802,0,0,0.351
1.000,0,0,0,-0.6167,1.2333,-0.5366,1.0785,-157.1985,0.0000,0.0000,0.0000,-0.5614,1.1916,176.0527,0.025,60,0.0000,0.0000,0.1743,0,0,0.379
1.104,0,0,0,-0.6167,1.2333,-0.5388,1.0863,-158.3065,0.0000,0.0000,0.0000,-0.6074,1.0647,170.5629,0.002,67,0.0000,0.0000,0.1664,0,0,0.351
1.202,0,0,0,-0.6167,1.2333,-0.5427,1.0929,-159.7194,0.0000,0.0000,0.0000,-0.5614,1.1916,176.0530,0.025,72,0.0000,0.0000,0.1587,0,0,0.445
1.302,0,0,0,-0.6167,1.2333,-0.5446,1.1000,-160.7400,0.0000,0.0000,0.0000,-0.6643,1.2194,176.0376,0.009,78,0.0000,0.0000,0.1516,0,0,0.367
1.401,0,0,0,-0.6167,1.2333,-0.5482,1.1057,-162.0322,0.0000,0.0000,0.0000,-0.5614,1.1916,176.0529,0.020,84,0.0000,0.0000,0.1448,0,0,0.442
1.507,0,0,0,-0.6167,1.2333,-0.5510,1.1108,-162.9327,0.0000,0.0000,0.0000,-0.6643,1.2194,176.0384,0.013,89,0.0000,0.0000,0.1390,0,0,0.334
1.601,0,0,0,-0.6167,1.2333,-0.5532,1.1142,-163.8362,0.0000,0.0000,0.0000,-0.6642,1.2194,176.0380,0.029,94,0.0000,0.0000,0.1350,0,0,0.601
1.703,0,0,0,-0.6167,1.2333,-0.5543,1.1184,-164.3490,0.0000,0.0000,0.0000,-0.6074,1.0647,170.5629,0.003,98,0.0000,0.0000,0.1308,0,0,0.347
1.813,0,0,0,-0.6167,1.2333,-0.5562,1.1239,-165.3859,0.0000,0.0000,0.0000,-0.5614,1.1916,176.0533,0.007,104,0.0000,0.0000,0.1250,0,0,0.379
1.905,0,0,0,-0.6167,1.2333,-0.5600,1.1319,-166.9019,0.0000,0.0000,0.0000,-0.5453,1.3787,169.9792,0.004,114,0.0000,0.0000,0.1162,0,0,0.370
2.010,0,0,0,-0.6167,1.2333,-0.5616,1.1365,-167.8207,0.0000,0.0000,0.0000,-0.5615,1.1916,176.0543,0.007,120,0.0000,0.0000,0.1113,0,0,0.305
2.110,0,0,0,-0.6167,1.2333,-0.5627,1.1421,-168.6685,0.0000,0.0000,0.0000,-0.5454,1.3787,169.9812,0.022,125,0.0000,0.0000,0.1060,0,0,0.330
2.200,0,0,0,-0.6167,1.2333,-0.5650,1.1433,-169.1729,0.0000,0.0000,0.0000,-0.6642,1.2194,176.0376,0.008,129,0.0000,0.0000,0.1038,0,0,0.348
2.301,0,0,0,-0.6167,1.2333,-0.5670,1.1506,-170.3507,0.0000,0.0000,0.0000,-0.6074,1.0647,170.5629,0.005,139,0.0000,0.0000,0.0965,0,0,0.352
2.402,0,0,0,-0.6167,1.2333,-0.5682,1.1525,-171.0817,0.0000,0.0000,0.0000,-0.5614,1.1916,176.0531,0.028,144,0.0000,0.0000,0.0943,0,0,0.442
2.504,0,0,0,-0.6167,1.2333,-0.5698,1.1574,-171.7876,0.0000,0.0000,0.0000,-0.6074,1.0647,170.5629,0.011,151,0.0000,0.0000,0.0892,0,0,0.338
2.603,0,0,0,-0.6167,1.2333,-0.5710,1.1590,-172.4618,0.0000,0.0000,0.0000,-0.5613,1.1916,176.0500,0.017,156,0.0000,0.0000,0.0873,0,0,0.342
2.705,0,0,0,-0.6167,1.2333,-0.5725,1.1635,-173.1141,0.0000,0.0000,0.0000,-0.6642,1.2194,176.0377,0.003,162,0.0000,0.0000,0.0826,0,0,0.339
2.808,0,0,0,-0.6167,1.2333,-0.5739,1.1625,-173.5403,0.0000,0.0000,0.0000,-0.5453,1.3788,169.9804,0.003,167,0.0000,0.0000,0.0828,0,0,0.355
2.904,0,0,0,-0.6167,1.2333,-0.5746,1.1657,-174.2639,0.0000,0.0000,0.0000,-0.5454,1.3788,169.9813,0.003,174,0.0000,0.0000,0.0797,0,0,0.352
3.002,0,0,0,-0.6167,1.2333,-0.5759,1.1699,-174.8412,0.0000,0.0000,0.0000,-0.6642,1.2194,176.0370,0.016,179,0.0000,0.0000,0.0754,0,0,0.373
3.102,0,0,0,-0.6167,1.2333,-0.5764,1.1717,-175.2904,0.0000,0.0000,0.0000,-0.6642,1.2194,176.0369,0.010,185,0.0000,0.0000,0.0736,0,0,0.368
3.202,0,0,0,-0.6167,1.2333,-0.5775,1.1757,-175.8843,0.0000,0.0000,0.0000,-0.6074,1.0647,170.5629,0.005,192,0.0000,0.0000,0.0697,0,0,0.373
3.303,0,0,0,-0.6167,1.2333,-0.5789,1.1784,-176.4839,0.0000,0.0000,0.0000,-0.6307,1.4041,-174.8653,0.002,199,0.0000,0.0000,0.0667,0,0,0.352
3.402,0,0,0,-0.6167,1.2333,-0.5797,1.1818,-176.8607,0.0000,0.0000,0.0000,-0.5614,1.1916,176.0520,0.026,204,0.0000,0.0000,0.0634,0,0,0.446
3.502,0,0,0,-0.6167,1.2333,-0.5810,1.1839,-177.4186,0.0000,0.0000,0.0000,-0.6091,1.0622,170.4207,0.010,211,0.0000,0.0000,0.0609,0,0,0.441
3.602,0,0,0,-0.6167,1.2333,-0.5813,1.1850,-177.7734,0.0000,0.0000,0.0000,-0.5614,1.1916,176.0528,0.025,216,0.0000,0.0000,0.0598,0,0,0.324
3.700,0,0,0,-0.6167,1.2333,-0.5823,1.1881,-178.2098,0.0000,0.0000,0.0000,-0.6091,1.0622,170.4207,0.004,223,0.0000,0.0000,0.0568,0,0,0.333
3.803,0,0,0,-0.6167,1.2333,-0.5828,1.1880,-178.6119,0.0000,0.0000,0.0000,-0.5614,1.1916,176.0523,0.027,228,0.0000,0.0000,0.0566,0,0,0.373
3.902,0,0,0,-0.6167,1.2333,-0.5836,1.1909,-179.0114,0.0000,0.0000,0.0000,-0.6090,1.0622,170.4180,0.006,235,0.0000,0.0000,0.0538,0,0,0.382
4.007,0,0,0,-0.6167,1.2333,-0.5833,1.1915,-179.2222,0.0000,0.0000,0.0000,-0.6642,1.2194,176.0362,0.003,238,0.0000,0.0000,0.0535,0,0,0.373
4.105,0,0,0,-0.6167,1.2333,-0.5845,1.1913,-179.6374,0.0000,0.0000,0.0000,-0.5453,1.3788,169.9797,0.003,245,0.0000,0.0000,0.0529,0,0,0.387
4.226,0,0,0,-0.6167,1.2333,-0.5859,1.1912,-179.9955,0.0000,0.0000,0.0000,-0.6642,1.2194,176.0374,0.002,250,0.0000,0.0000,0.0522,0,0,0.354
4.300,0,0,0,-0.6167,1.2333,-0.5863,1.1939,179.6384,0.0000,0.0000,0.0000,-0.6090,1.0622,170.4180,0.003,258,0.0000,0.0000,0.0497,0,0,0.354
4.401,0,0,0,-0.6167,1.2333,-0.5865,1.1982,179.3541,0.0000,0.0000,0.0000,-0.5614,1.1916,176.0526,0.015,264,0.0000,0.0000,0.0463,0,0,0.355
4.501,0,0,0,-0.6167,1.2333,-0.5863,1.2005,179.0665,0.0000,0.0000,0.0000,-0.6642,1.2194,176.0366,0.007,270,0.0000,0.0000,0.0447,0,0,0.370
4.601,0,0,0,-0.6167,1.2333,-0.5875,1.2029,178.8546,0.0000,0.0000,0.0000,-0.5614,1.1916,176.0529,0.017,276,0.0000,0.0000,0.0421,0,0,0.323
4.701,0,0,0,-0.6167,1.2333,-0.5882,1.2038,178.5080,0.0000,0.0000,0.0000,-0.6074,1.0663,170.6170,0.012,283,0.0000,0.0000,0.0410,0,0,0.367
4.804,0,0,0,-0.6167,1.2333,-0.5882,1.2041,178.2974,0.0000,0.0000,0.0000,-0.5614,1.1916,176.0528,0.029,288,0.0000,0.0000,0.0408,0,0,0.355
4.902,0,0,0,-0.6167,1.2333,-0.5888,1.2062,178.0307,0.0000,0.0000,0.0000,-0.6073,1.0663,170.6127,0.007,295,0.0000,0.0000,0.0389,0,0,0.344
5.001,0,0,0,-0.6167,1.2333,-0.5889,1.2051,177.7845,0.0000,0.0000,0.0000,-0.5614,1.1916,176.0521,0.026,300,0.0000,0.0000,0.0396,0,0,0.387
5.104,0,0,0,-0.6167,1.2333,-0.5887,1.2070,177.5510,0.0000,0.0000,0.0000,-0.6073,1.0663,170.6127,0.002,307,0.0000,0.0000,0.0384,0,0,0.346
5.203,0,0,0,-0.6167,1.2333,-0.5895,1.2060,177.3121,0.0000,0.0000,0.0000,-0.5615,1.1916,176.0531,0.026,312,0.0000,0.0000,0.0386,0,0,0.376
5.303,0,0,0,-0.6167,1.2333,-0.5893,1.2079,177.0974,0.0000,0.0000,0.0000,-0.6642,1.2194,176.0359,0.014,318,0.0000,0.0000,0.0374,0,0,0.329
5.401,0,0,0,-0.6167,1.2333,-0.5903,1.2069,176.8867,0.0000,0.0000,0.0000,-0.5614,1.1916,176.0527,0.010,324,0.0000,0.0000,0.0373,0,0,0.431
5.507,0,0,0,-0.6167,1.2333,-0.5902,1.2070,176.7266,0.0000,0.0000,0.0000,-0.6642,1.2194,176.0367,0.006,329,0.0000,0.0000,0.0373,0,0,0.351
5.605,0,0,0,-0.6167,1.2333,-0.5907,1.2106,176.5775,0.0000,0.0000,0.0000,-0.5614,1.1916,176.0520,0.014,336,0.0000,0.0000,0.0346,0,0,0.445
5.717,0,0,0,-0.6167,1.2333,-0.5904,1.2108,176.4587,0.0000,0.0000,0.0000,-0.6642,1.2194,176.0356,0.008,339,0.0000,0.0000,0.0346,0,0,0.340
5.806,0,0,0,-0.6167,1.2333,-0.5915,1.2141,176.3019,0.0000,0.0000,0.0000,-0.5453,1.3789,169.9775,0.011,347,0.0000,0.0000,0.0316,0,0,0.441
5.900,0,0,0,-0.6167,1.2333,-0.5916,1.2155,176.1165,0.0000,0.0000,0.0000,-0.6642,1.2194,176.0363,0.009,354,0.0000,0.0000,0.0308,0,0,0.304
6.001,0,0,0,-0.6167,1.2333,-0.5918,1.2170,176.0505,0.0000,0.0000,0.0000,-0.6301,1.4048,-174.8429,0.020,360,0.0000,0.0000,0.0298,0,0,0.333
6.102,0,0,0,-0.6167,1.2333,-0.5923,1.2169,175.8365,0.0000,0.0000,0.0000,-0.6080,1.0632,170.4968,0.005,367,0.0000,0.0000,0.0294,0,0,0.346
6.201,0,0,0,-0.6167,1.2333,-0.5924,1.2168,175.7213,0.0000,0.0000,0.0000,-0.6080,1.0632,170.4968,0.019,371,0.0000,0.0000,0.0294,0,0,0.369
6.301,0,0,0,-0.6167,1.2333,-0.5922,1.2164,175.6016,0.0000,0.0000,0.0000,-0.6080,1.0632,170.4968,0.003,379,0.0000,0.0000,0.0298,0,0,0.441
6.403,0,0,0,-0.6167,1.2333,-0.5924,1.2162,175.4104,0.0000,0.0000,0.0000,-0.5614,1.1917,176.0516,0.027,384,0.0000,0.0000,0.0298,0,0,0.343
6.502,0,0,0,-0.6167,1.2333,-0.5927,1.2176,175.2623,0.0000,0.0000,0.0000,-0.6079,1.0632,170.4951,0.007,391,0.0000,0.0000,0.0287,0,0,0.354
6.602,0,0,0,-0.6167,1.2333,-0.5929,1.2190,175.2336,0.0000,0.0000,0.0000,-0.5614,1.1917,176.0518,0.023,396,0.0000,0.0000,0.0278,0,0,0.360
6.700,0,0,0,-0.6167,1.2333,-0.5931,1.2203,175.0925,0.0000,0.0000,0.0000,-0.6062,1.0685,170.7204,0.005,403,0.0000,0.0000,0.0269,0,0,0.379
6.803,0,0,0,-0.6167,1.2333,-0.5930,1.2185,174.9727,0.0000,0.0000,0.0000,-0.5614,1.1917,176.0521,0.019,408,0.0000,0.0000,0.0279,0,0,0.438
6.902,0,0,0,-0.6167,1.2333,-0.5931,1.2183,174.8832,0.0000,0.0000,0.0000,-0.5453,1.3790,169.9814,0.010,413,0.0000,0.0000,0.0280,0,0,0.439
7.000,0,0,0,-0.6167,1.2333,-0.5936,1.2213,174.8185,0.0000,0.0000,0.0000,-0.6641,1.2194,176.0361,0.004,419,0.0000,0.0000,0.0260,0,0,0.341
7.102,0,0,0,-0.6167,1.2333,-0.5934,1.2209,174.7347,0.0000,0.0000,0.0000,-0.6641,1.2193,176.0364,0.008,425,0.0000,0.0000,0.0264,0,0,0.613
7.203,0,0,0,-0.6167,1.2333,-0.5937,1.2207,174.5875,0.0000,0.0000,0.0000,-0.5614,1.1917,176.0509,0.006,432,0.0000,0.0000,0.0262,0,0,0.330
7.300,0,0,0,-0.6167,1.2333,-0.5964,1.2173,174.5645,0.0000,0.0000,0.0000,-0.6058,1.0697,170.7735,0.003,439,0.0000,0.0000,0.0258,0,0,0.367
7.404,0,0,0,-0.6167,1.2333,-0.5960,1.2158,174.4576,0.0000,0.0000,0.0000,-0.5614,1.1917,176.0518,0.028,444,0.0000,0.0000,0.0271,0,0,0.376
7.503,0,0,0,-0.6167,1.2333,-0.5957,1.2176,174.3465,0.0000,0.0000,0.0000,-0.6057,1.0697,170.7721,0.006,451,0.0000,0.0000,0.0261,0,0,0.351
7.619,0,0,0,-0.6167,1.2333,-0.5955,1.2178,174.2752,0.0000,0.0000,0.0000,-0.5614,1.1917,176.0526,0.010,456,0.0000,0.0000,0.0262,0,0,0.343
7.705,0,0,0,-0.6167,1.2333,-0.5951,1.2180,174.1482,0.0000,0.0000,0.0000,-0.6057,1.0697,170.7721,0.004,463,0.0000,0.0000,0.0264,0,0,0.325
7.808,0,0,0,-0.6167,1.2333,-0.5950,1.2196,174.1559,0.0000,0.0000,0.0000,-0.5614,1.1917,176.0521,0.032,468,0.0000,0.0000,0.0257,0,0,0.357
7.901,0,0,0,-0.6167,1.2333,-0.5949,1.2197,174.0306,0.0000,0.0000,0.0000,-0.6083,1.0631,170.4796,0.010,475,0.0000,0.0000,0.0257,0,0,0.375
8.001,0,0,0,-0.6167,1.2333,-0.5945,1.2194,173.9704,0.0000,0.0000,0.0000,-0.5614,1.1917,176.0531,0.022,480,0.0000,0.0000,0.0262,0,0,0.372
8.102,0,0,0,-0.6167,1.2333,-0.5945,1.2195,173.8517,0.0000,0.0000,0.0000,-0.6083,1.0631,170.4796,0.010,487,0.0000,0.0000,0.0261,0,0,0.388
8.202,0,0,0,-0.6167,1.2333,-0.5941,1.2192,173.7916,0.0000,0.0000,0.0000,-0.5614,1.1917,176.0521,0.025,492,0.0000,0.0000,0.0267,0,0,0.346
8.302,0,0,0,-0.6167,1.2333,-0.5939,1.2191,173.7177,0.0000,0.0000,0.0000,-0.6083,1.0631,170.4796,0.004,497,0.0000,0.0000,0.0268,0,0,0.380
8.402,0,0,0,-0.6167,1.2333,-0.5943,1.2174,173.6590,0.0000,0.0000,0.0000,-0.5281,1.3977,169.4799,0.003,504,0.0000,0.0000,0.0275,0,0,0.435
8.502,0,0,0,-0.6167,1.2333,-0.5944,1.2222,173.6798,0.0000,0.0000,0.0000,-0.6641,1.2193,176.0364,0.020,509,0.0000,0.0000,0.0249,0,0,0.365
8.605,0,0,0,-0.6167,1.2333,-0.5934,1.2220,173.5833,0.0000,0.0000,0.0000,-0.5614,1.1917,176.0527,0.018,516,0.0000,0.0000,0.0259,0,0,0.438
8.704,0,0,0,-0.6167,1.2333,-0.5935,1.2264,173.6023,0.0000,0.0000,0.0000,-0.6641,1.2193,176.0357,0.020,522,0.0000,0.0000,0.0241,0,0,0.429
8.810,0,0,0,-0.6167,1.2333,-0.5934,1.2247,173.5723,0.0000,0.0000,0.0000,-0.5281,1.3977,169.4766,0.010,526,0.0000,0.0000,0.0249,0,0,0.393
8.902,0,0,0,-0.6167,1.2333,-0.5932,1.2258,173.4627,0.0000,0.0000,0.0000,-0.6063,1.0691,170.7337,0.002,535,0.0000,0.0000,0.0247,0,0,0.326
9.003,0,0,0,-0.6167,1.2333,-0.5929,1.2239,173.4032,0.0000,0.0000,0.0000,-0.5614,1.1917,176.0530,0.031,540,0.0000,0.0000,0.0256,0,0,0.393
9.102,0,0,0,-0.6167,1.2333,-0.5930,1.2239,173.3141,0.0000,0.0000,0.0000,-0.6063,1.0691,170.7337,0.009,547,0.0000,0.0000,0.0255,0,0,0.373
9.203,0,0,0,-0.6167,1.2333,-0.5926,1.2234,173.2781,0.0000,0.0000,0.0000,-0.5614,1.1917,176.0523,0.027,552,0.0000,0.0000,0.0261,0,0,0.353
9.303,0,0,0,-0.6167,1.2333,-0.5919,1.2249,173.1944,0.0000,0.0000,0.0000,-0.6063,1.0691,170.7336,0.002,559,0.0000,0.0000,0.0262,0,0,0.337
9.402,0,0,0,-0.6167,1.2333,-0.5923,1.2229,173.1540,0.0000,0.0000,0.0000,-0.5614,1.1917,176.0528,0.029,564,0.0000,0.0000,0.0265,0,0,0.437
9.502,0,0,0,-0.6167,1.2333,-0.5923,1.2244,173.1025,0.0000,0.0000,0.0000,-0.6062,1.0691,170.7323,0.010,571,0.0000,0.0000,0.0260,0,0,0.365
9.601,0,0,0,-0.6167,1.2333,-0.5921,1.2225,173.0587,0.0000,0.0000,0.0000,-0.5614,1.1917,176.0522,0.011,576,0.0000,0.0000,0.0269,0,0,0.340
9.701,0,0,0,-0.6167,1.2333,-0.5915,1.2226,172.9673,0.0000,0.0000,0.0000,-0.6062,1.0691,170.7323,0.010,582,0.0000,0.0000,0.0273,0,0,0.362
9.803,0,0,0,-0.6167,1.2333,-0.5921,1.2225,172.9443,0.0000,0.0000,0.0000,-0.5614,1.1917,176.0521,0.007,588,0.0000,0.0000,0.0268,0,0,0.355
9.901,0,0,0,-0.6167,1.2333,-0.5924,1.2221,172.9403,0.0000,0.0000,0.0000,-0.6641,1.2193,176.0358,0.021,593,0.0000,0.0000,0.0267,0,0,0.361
10.001,0,0,0,-0.6167,1.2333,-0.5915,1.2233,172.8917,0.0000,0.0000,0.0000,-0.6062,1.0691,170.7323,0.009,600,0.0000,0.0000,0.0271,0,0,0.328
10.102,0,0,0,-0.6167,1.2333,-0.5916,1.2234,172.8292,0.0000,0.0000,0.0000,-0.6062,1.0691,170.7323,0.003,607,0.0000,0.0000,0.0269,0,0,0.372
10.206,0,0,0,-0.6167,1.2333,-0.5914,1.2216,172.7948,0.0000,0.0000,0.0000,-0.5614,1.1916,176.0523,0.032,612,0.0000,0.0000,0.0278,0,0,0.354
10.303,0,0,0,-0.6167,1.2333,-0.5915,1.2231,172.7512,0.0000,0.0000,0.0000,-0.6062,1.0691,170.7323,0.007,619,0.0000,0.0000,0.0272,0,0,0.368
10.402,0,0,0,-0.6167,1.2333,-0.5913,1.2213,172.7220,0.0000,0.0000,0.0000,-0.5614,1.1917,176.0516,0.026,624,0.0000,0.0000,0.0281,0,0,0.378
10.502,0,0,0,-0.6167,1.2333,-0.5913,1.2228,172.6808,0.0000,0.0000,0.0000,-0.6062,1.0691,170.7323,0.007,631,0.0000,0.0000,0.0274,0,0,0.333
10.603,0,0,0,-0.6167,1.2333,-0.5911,1.2210,172.6527,0.0000,0.0000,0.0000,-0.5614,1.1917,176.0529,0.027,636,0.0000,0.0000,0.0283,0,0,0.367
10.701,0,0,0,-0.6167,1.2333,-0.5912,1.2226,172.6119,0.0000,0.0000,0.0000,-0.6062,1.0691,170.7323,0.002,643,0.0000,0.0000,0.0276,0,0,0.439
10.804,0,0,0,-0.6167,1.2333,-0.5910,1.2208,172.5900,0.0000,0.0000,0.0000,-0.5614,1.1917,176.0526,0.032,648,0.0000,0.0000,0.0285,0,0,0.433
10.903,0,0,0,-0.6167,1.2333,-0.5906,1.2255,172.6317,0.0000,0.0000,0.0000,-0.6081,1.0636,170.5023,0.010,654,0.0000,0.0000,0.0272,0,0,0.325
11.002,0,0,0,-0.6167,1.2333,-0.5914,1.2237,172.6017,0.0000,0.0000,0.0000,-0.5614,1.1917,176.0521,0.004,660,0.0000,0.0000,0.0270,0,0,0.351
11.101,0,0,0,-0.6167,1.2333,-0.5913,1.2217,172.5701,0.0000,0.0000,0.0000,-0.6641,1.2193,176.0356,0.006,666,0.0000,0.0000,0.0279,0,0,0.376
11.203,0,0,0,-0.6167,1.2333,-0.5911,1.2229,172.5570,0.0000,0.0000,0.0000,-0.5614,1.1917,176.0524,0.012,672,0.0000,0.0000,0.0277,0,0,0.346
11.301,0,0,0,-0.6167,1.2333,-0.5917,1.2227,172.5472,0.0000,0.0000,0.0000,-0.5282,1.3976,169.4802,0.005,678,0.0000,0.0000,0.0271,0,0,0.342
11.401,0,0,0,-0.6167,1.2333,-0.5910,1.2223,172.4966,0.0000,0.0000,0.0000,-0.5614,1.1916,176.0523,0.024,684,0.0000,0.0000,0.0279,0,0,0.345
11.503,0,0,0,-0.6167,1.2333,-0.5911,1.2237,172.4656,0.0000,0.0000,0.0000,-0.6080,1.0636,170.5010,0.006,691,0.0000,0.0000,0.0274,0,0,0.350
11.609,0,0,0,-0.6167,1.2333,-0.5909,1.2218,172.4446,0.0000,0.0000,0.0000,-0.5614,1.1916,176.0518,0.034,696,0.0000,0.0000,0.0282,0,0,0.368
11.702,0,0,0,-0.6167,1.2333,-0.5912,1.2218,172.4039,0.0000,0.0000,0.0000,-0.6080,1.0636,170.5010,0.011,703,0.0000,0.0000,0.0280,0,0,0.356
11.804,0,0,0,-0.6167,1.2333,-0.5909,1.2214,172.3999,0.0000,0.0000,0.0000,-0.5614,1.1916,176.0522,0.028,708,0.0000,0.0000,0.0284,0,0,0.358
11.901,0,0,0,-0.6167,1.2333,-0.5911,1.2259,172.4705,0.0000,0.0000,0.0000,-0.6089,1.0619,170.4255,0.003,715,0.0000,0.0000,0.0266,0,0,0.327
12.003,0,0,0,-0.6167,1.2333,-0.5912,1.2270,172.5514,0.0000,0.0000,0.0000,-0.5614,1.1917,176.0521,0.026,720,0.0000,0.0000,0.0262,0,0,0.446
12.103,0,0,0,-0.6167,1.2333,-0.5914,1.2267,172.4962,0.0000,0.0000,0.0000,-0.6081,1.0632,170.4855,0.008,727,0.0000,0.0000,0.0261,0,0,0.353
12.202,0,0,0,-0.6167,1.2333,-0.5911,1.2260,172.4901,0.0000,0.0000,0.0000,-0.5614,1.1917,176.0523,0.027,732,0.0000,0.0000,0.0266,0,0,0.343
12.304,0,0,0,-0.6167,1.2333,-0.5918,1.2256,172.4786,0.0000,0.0000,0.0000,-0.6080,1.0632,170.4823,0.010,738,0.0000,0.0000,0.0260,0,0,0.338
12.403,0,0,0,-0.6167,1.2333,-0.5910,1.2252,172.4351,0.0000,0.0000,0.0000,-0.5613,1.1917,176.0478,0.025,744,0.0000,0.0000,0.0269,0,0,0.337
12.503,0,0,0,-0.6167,1.2333,-0.5904,1.2265,172.3792,0.0000,0.0000,0.0000,-0.6291,1.4021,-174.9740,0.005,750,0.0000,0.0000,0.0271,0,0,0.361
12.603,0,0,0,-0.6167,1.2333,-0.5914,1.2278,172.4596,0.0000,0.0000,0.0000,-0.5614,1.1917,176.0503,0.002,756,0.0000,0.0000,0.0259,0,0,0.351
12.703,0,0,0,-0.6167,1.2333,-0.5917,1.2271,172.4767,0.0000,0.0000,0.0000,-0.5281,1.3976,169.4756,0.006,762,0.0000,0.0000,0.0257,0,0,0.445
12.803,0,0,0,-0.6167,1.2333,-0.5910,1.2266,172.4407,0.0000,0.0000,0.0000,-0.6056,1.0700,170.7784,0.018,768,0.0000,0.0000,0.0266,0,0,0.336
12.902,0,0,0,-0.6167,1.2333,-0.5910,1.2278,172.4131,0.0000,0.0000,0.0000,-0.6056,1.0700,170.7784,0.008,775,0.0000,0.0000,0.0262,0,0,0.337
13.001,0,0,0,-0.6167,1.2333,-0.5908,1.2258,172.3968,0.0000,0.0000,0.0000,-0.5614,1.1917,176.0504,0.030,780,0.0000,0.0000,0.0269,0,0,0.335
13.102,0,0,0,-0.6167,1.2333,-0.5909,1.2271,172.3687,0.0000,0.0000,0.0000,-0.6056,1.0700,170.7784,0.006,787,0.0000,0.0000,0.0265,0,0,0.444
13.205,0,0,0,-0.6167,1.2333,-0.5907,1.2251,172.3563,0.0000,0.0000,0.0000,-0.5614,1.1917,176.0510,0.030,792,0.0000,0.0000,0.0272,0,0,0.443
13.300,0,0,0,-0.6167,1.2333,-0.5908,1.2264,172.3302,0.0000,0.0000,0.0000,-0.6056,1.0700,170.7784,0.003,799,0.0000,0.0000,0.0268,0,0,0.336
13.403,0,0,0,-0.6167,1.2333,-0.5906,1.2245,172.3183,0.0000,0.0000,0.0000,-0.5614,1.1917,176.0507,0.027,804,0.0000,0.0000,0.0275,0,0,0.340
13.502,0,0,0,-0.6167,1.2333,-0.5907,1.2258,172.2942,0.0000,0.0000,0.0000,-0.6056,1.0700,170.7784,0.003,811,0.0000,0.0000,0.0270,0,0,0.324
13.601,0,0,0,-0.6167,1.2333,-0.5905,1.2239,172.2859,0.0000,0.0000,0.0000,-0.5614,1.1917,176.0503,0.025,816,0.0000,0.0000,0.0278,0,0,0.369
13.702,0,0,0,-0.6167,1.2333,-0.5899,1.2254,172.2348,0.0000,0.0000,0.0000,-0.6056,1.0700,170.7784,0.006,822,0.0000,0.0000,0.0279,0,0,0.362
13.803,0,0,0,-0.6167,1.2333,-0.5908,1.2237,172.2296,0.0000,0.0000,0.0000,-0.5614,1.1917,176.0513,0.006,828,0.0000,0.0000,0.0276,0,0,0.348
13.903,0,0,0,-0.6167,1.2333,-0.5911,1.2233,172.2484,0.0000,0.0000,0.0000,-0.6642,1.2194,176.0333,0.016,833,0.0000,0.0000,0.0274,0,0,0.344
14.002,0,0,0,-0.6167,1.2333,-0.5904,1.2230,172.2243,0.0000,0.0000,0.0000,-0.5614,1.1916,176.0510,0.009,840,0.0000,0.0000,0.0282,0,0,0.445
14.102,0,0,0,-0.6167,1.2333,-0.5905,1.2244,172.2051,0.0000,0.0000,0.0000,-0.6056,1.0700,170.7784,0.002,847,0.0000,0.0000,0.0277,0,0,0.367
14.200,0,0,0,-0.6167,1.2333,-0.5903,1.2226,172.1962,0.0000,0.0000,0.0000,-0.5614,1.1916,176.0511,0.023,852,0.0000,0.0000,0.0284,0,0,0.458
14.302,0,0,0,-0.6167,1.2333,-0.5906,1.2226,172.1707,0.0000,0.0000,0.0000,-0.6056,1.0700,170.7784,0.010,859,0.0000,0.0000,0.0282,0,0,0.341
14.403,0,0,0,-0.6167,1.2333,-0.5903,1.2222,172.1753,0.0000,0.0000,0.0000,-0.5614,1.1916,176.0506,0.032,864,0.0000,0.0000,0.0286,0,0,0.331
14.502,0,0,0,-0.6167,1.2333,-0.5904,1.2237,172.1566,0.0000,0.0000,0.0000,-0.6056,1.0700,170.7784,0.005,871,0.0000,0.0000,0.0280,0,0,0.438
14.603,0,0,0,-0.6167,1.2333,-0.5902,1.2219,172.1500,0.0000,0.0000,0.0000,-0.5614,1.1916,176.0500,0.027,876,0.0000,0.0000,0.0288,0,0,0.439
14.702,0,0,0,-0.6167,1.2333,-0.5903,1.2234,172.1351,0.0000,0.0000,0.0000,-0.6056,1.0700,170.7784,0.007,883,0.0000,0.0000,0.0282,0,0,0.312
14.802,0,0,0,-0.6167,1.2333,-0.5933,1.2169,172.2113,0.0000,0.0000,0.0000,-0.5614,1.1916,176.0502,0.027,888,0.0000,0.0000,0.0286,0,0,0.451
14.902,0,0,0,-0.6167,1.2333,-0.5933,1.2185,172.1997,0.0000,0.0000,0.0000,-0.6056,1.0700,170.7784,0.006,895,0.0000,0.0000,0.0277,0,0,0.350
15.003,0,0,0,-0.6167,1.2333,-0.5930,1.2169,172.1948,0.0000,0.0000,0.0000,-0.5614,1.1917,176.0500,0.026,900,0.0000,0.0000,0.0288,0,0,0.377
15.103,0,0,0,-0.6167,1.2333,-0.5931,1.2155,172.1582,0.0000,0.0000,0.0000,-0.6642,1.2193,176.0340,0.006,906,0.0000,0.0000,0.0296,0,0,0.341
15.200,0,0,0,-0.6167,1.2333,-0.5933,1.2154,172.1933,0.0000,0.0000,0.0000,-0.5329,1.3883,169.6904,0.004,912,0.0000,0.0000,0.0294,0,0,0.432
15.302,0,0,0,-0.6167,1.2333,-0.5927,1.2170,172.1523,0.0000,0.0000,0.0000,-0.6642,1.2193,176.0340,0.010,917,0.0000,0.0000,0.0290,0,0,0.354
15.402,0,0,0,-0.6167,1.2333,-0.5929,1.2172,172.1289,0.0000,0.0000,0.0000,-0.5614,1.1917,176.0503,0.012,924,0.0000,0.0000,0.0287,0,0,0.320
15.504,0,0,0,-0.6167,1.2333,-0.5926,1.2186,172.1389,0.0000,0.0000,0.0000,-0.6642,1.2193,176.0333,0.022,930,0.0000,0.0000,0.0282,0,0,0.356
15.601,0,0,0,-0.6167,1.2333,-0.5924,1.2169,172.1334,0.0000,0.0000,0.0000,-0.5614,1.1917,176.0503,0.024,936,0.0000,0.0000,0.0293,0,0,0.381
15.702,0,0,0,-0.6167,1.2333,-0.5925,1.2185,172.1219,0.0000,0.0000,0.0000,-0.6056,1.0700,170.7784,0.006,943,0.0000,0.0000,0.0284,0,0,0.442
15.803,0,0,0,-0.6167,1.2333,-0.5923,1.2169,172.1187,0.0000,0.0000,0.0000,-0.5614,1.1917,176.0506,0.031,948,0.0000,0.0000,0.0294,0,0,0.369
15.902,0,0,0,-0.6167,1.2333,-0.5925,1.2172,172.0957,0.0000,0.0000,0.0000,-0.6056,1.0700,170.7784,0.009,955,0.0000,0.0000,0.0291,0,0,0.356
16.001,0,0,0,-0.6167,1.2333,-0.5921,1.2169,172.1049,0.0000,0.0000,0.0000,-0.5614,1.1917,176.0503,0.033,960,0.0000,0.0000,0.0295,0,0,0.371
16.103,0,0,0,-0.6167,1.2333,-0.5918,1.2215,172.1633,0.0000,0.0000,0.0000,-0.6062,1.0708,170.7963,0.002,967,0.0000,0.0000,0.0276,0,0,0.372
16.203,0,0,0,-0.6167,1.2333,-0.5924,1.2228,172.2859,0.0000,0.0000,0.0000,-0.5614,1.1917,176.0497,0.031,972,0.0000,0.0000,0.0264,0,0,0.442
16.302,0,0,0,-0.6167,1.2333,-0.5925,1.2240,172.2625,0.0000,0.0000,0.0000,-0.6086,1.0626,170.4593,0.007,979,0.0000,0.0000,0.0259,0,0,0.369
16.402,0,0,0,-0.6167,1.2333,-0.5924,1.2220,172.2526,0.0000,0.0000,0.0000,-0.5614,1.1917,176.0499,0.022,984,0.0000,0.0000,0.0268,0,0,0.356
16.502,0,0,0,-0.6167,1.2333,-0.5918,1.2233,172.2099,0.0000,0.0000,0.0000,-0.6086,1.0626,170.4592,0.009,990,0.0000,0.0000,0.0268,0,0,0.343
16.603,0,0,0,-0.6167,1.2333,-0.5926,1.2216,172.2018,0.0000,0.0000,0.0000,-0.6642,1.2193,176.0332,0.026,995,0.0000,0.0000,0.0268,0,0,0.341
16.702,0,0,0,-0.6167,1.2333,-0.5929,1.2211,172.2253,0.0000,0.0000,0.0000,-0.6642,1.2193,176.0326,0.020,1001,0.0000,0.0000,0.0267,0,0,0.363
16.803,0,0,0,-0.6167,1.2333,-0.5921,1.2221,172.2117,0.0000,0.0000,0.0000,-0.6086,1.0626,170.4592,0.013,1008,0.0000,0.0000,0.0270,0,0,0.341
16.903,0,0,0,-0.6167,1.2333,-0.5923,1.2220,172.1850,0.0000,0.0000,0.0000,-0.6086,1.0626,170.4592,0.006,1015,0.0000,0.0000,0.0269,0,0,0.354
17.005,0,0,0,-0.6167,1.2333,-0.5922,1.2201,172.1742,0.0000,0.0000,0.0000,-0.5614,1.1917,176.0508,0.030,1020,0.0000,0.0000,0.0279,0,0,0.327
17.101,0,0,0,-0.6167,1.2333,-0.5923,1.2214,172.1543,0.0000,0.0000,0.0000,-0.6086,1.0626,170.4592,0.003,1027,0.0000,0.0000,0.0271,0,0,0.366
17.202,0,0,0,-0.6167,1.2333,-0.5921,1.2195,172.1463,0.0000,0.0000,0.0000,-0.5613,1.1917,176.0483,0.027,1032,0.0000,0.0000,0.0282,0,0,0.361
17.303,0,0,0,-0.6167,1.2333,-0.5922,1.2209,172.1261,0.0000,0.0000,0.0000,-0.6086,1.0626,170.4592,0.009,1039,0.0000,0.0000,0.0274,0,0,0.447
17.400,0,0,0,-0.6167,1.2333,-0.5921,1.2191,172.1215,0.0000,0.0000,0.0000,-0.5613,1.1917,176.0490,0.026,1044,0.0000,0.0000,0.0284,0,0,0.362
17.503,0,0,0,-0.6167,1.2333,-0.5925,1.2221,172.1964,0.0000,0.0000,0.0000,-0.6064,1.0688,170.7310,0.010,1051,0.0000,0.0000,0.0266,0,0,0.445
17.602,0,0,0,-0.6167,1.2333,-0.5922,1.2216,172.1963,0.0000,0.0000,0.0000,-0.5614,1.1917,176.0498,0.024,1056,0.0000,0.0000,0.0271,0,0,0.340
17.706,0,0,0,-0.6167,1.2333,-0.5920,1.2247,172.2481,0.0000,0.0000,0.0000,-0.6290,1.4024,-174.9692,0.016,1062,0.0000,0.0000,0.0262,0,0,0.423
17.801,0,0,0,-0.6167,1.2333,-0.5928,1.2274,172.3487,0.0000,0.0000,0.0000,-0.5614,1.1917,176.0509,0.003,1068,0.0000,0.0000,0.0246,0,0,0.447
17.902,0,0,0,-0.6167,1.2333,-0.5931,1.2267,172.3707,0.0000,0.0000,0.0000,-0.6058,1.0702,170.7877,0.006,1074,0.0000,0.0000,0.0245,0,0,0.322
18.002,0,0,0,-0.6167,1.2333,-0.5923,1.2261,172.3363,0.0000,0.0000,0.0000,-0.6058,1.0702,170.7861,0.006,1080,0.0000,0.0000,0.0254,0,0,0.371
18.101,0,0,0,-0.6167,1.2333,-0.5924,1.2272,172.3218,0.0000,0.0000,0.0000,-0.6309,1.4064,-174.7830,0.003,1087,0.0000,0.0000,0.0251,0,0,0.349
18.202,0,0,0,-0.6167,1.2333,-0.5924,1.2280,172.4087,0.0000,0.0000,0.0000,-0.5613,1.1917,176.0489,0.028,1092,0.0000,0.0000,0.0248,0,0,0.343
18.302,0,0,0,-0.6167,1.2333,-0.5925,1.2289,172.3783,0.0000,0.0000,0.0000,-0.6087,1.0624,170.4544,0.007,1099,0.0000,0.0000,0.0246,0,0,0.334
18.403,0,0,0,-0.6167,1.2333,-0.5923,1.2266,172.3645,0.0000,0.0000,0.0000,-0.5613,1.1917,176.0494,0.029,1104,0.0000,0.0000,0.0252,0,0,0.342
18.502,0,0,0,-0.6167,1.2333,-0.5924,1.2276,172.3398,0.0000,0.0000,0.0000,-0.6086,1.0624,170.4527,0.009,1111,0.0000,0.0000,0.0249,0,0,0.357
18.602,0,0,0,-0.6167,1.2333,-0.5923,1.2254,172.3239,0.0000,0.0000,0.0000,-0.5614,1.1917,176.0497,0.025,1116,0.0000,0.0000,0.0256,0,0,0.361
18.701,0,0,0,-0.6167,1.2333,-0.5925,1.2250,172.2844,0.0000,0.0000,0.0000,-0.6086,1.0624,170.4527,0.007,1123,0.0000,0.0000,0.0255,0,0,0.326
18.807,0,0,0,-0.6167,1.2333,-0.5922,1.2243,172.2871,0.0000,0.0000,0.0000,-0.5614,1.1917,176.0497,0.037,1128,0.0000,0.0000,0.0260,0,0,0.368
18.902,0,0,0,-0.6167,1.2333,-0.5923,1.2254,172.2632,0.0000,0.0000,0.0000,-0.6086,1.0624,170.4527,0.006,1135,0.0000,0.0000,0.0256,0,0,0.343
19.005,0,0,0,-0.6167,1.2333,-0.5922,1.2233,172.2531,0.0000,0.0000,0.0000,-0.5614,1.1917,176.0503,0.035,1140,0.0000,0.0000,0.0264,0,0,0.353
19.101,0,0,0,-0.6167,1.2333,-0.5960,1.2169,172.3230,0.0000,0.0000,0.0000,-0.5297,1.3947,169.5428,0.003,1147,0.0000,0.0000,0.0264,0,0,0.443
19.203,0,0,0,-0.6167,1.2333,-0.5949,1.2182,172.3013,0.0000,0.0000,0.0000,-0.5614,1.1917,176.0492,0.022,1152,0.0000,0.0000,0.0265,0,0,0.364
19.301,0,0,0,-0.6167,1.2333,-0.5948,1.2182,172.2711,0.0000,0.0000,0.0000,-0.6086,1.0624,170.4512,0.003,1158,0.0000,0.0000,0.0266,0,0,0.360
19.402,0,0,0,-0.6167,1.2333,-0.5954,1.2167,172.2565,0.0000,0.0000,0.0000,-0.5297,1.3947,169.5432,0.006,1163,0.0000,0.0000,0.0270,0,0,0.353
19.502,0,0,0,-0.6167,1.2333,-0.5944,1.2197,172.2392,0.0000,0.0000,0.0000,-0.5297,1.3947,169.5453,0.010,1170,0.0000,0.0000,0.0261,0,0,0.368
19.606,0,0,0,-0.6167,1.2333,-0.5941,1.2179,172.2273,0.0000,0.0000,0.0000,-0.6086,1.0624,170.4511,0.029,1176,0.0000,0.0000,0.0273,0,0,0.347
19.701,0,0,0,-0.6167,1.2333,-0.5941,1.2195,172.2048,0.0000,0.0000,0.0000,-0.6086,1.0624,170.4511,0.003,1183,0.0000,0.0000,0.0265,0,0,0.371
19.801,0,0,0,-0.6167,1.2333,-0.5938,1.2178,172.1907,0.0000,0.0000,0.0000,-0.5614,1.1917,176.0495,0.030,1188,0.0000,0.0000,0.0277,0,0,0.433
19.901,0,0,0,-0.6167,1.2333,-0.5937,1.2194,172.1763,0.0000,0.0000,0.0000,-0.6086,1.0624,170.4511,0.009,1195,0.0000,0.0000,0.0268,0,0,0.383
20.001,0,0,0,-0.6167,1.2333,-0.5935,1.2177,172.1618,0.0000,0.0000,0.0000,-0.5614,1.1916,176.0493,0.028,1200,0.0000,0.0000,0.0280,0,0,0.447
20.103,0,0,0,-0.6167,1.2333,-0.5936,1.2178,172.1326,0.0000,0.0000,0.0000,-0.6086,1.0624,170.4511,0.007,1207,0.0000,0.0000,0.0278,0,0,0.354
20.204,0,0,0,-0.6167,1.2333,-0.5932,1.2176,172.1393,0.0000,0.0000,0.0000,-0.5614,1.1916,176.0498,0.027,1212,0.0000,0.0000,0.0283,0,0,0.440
20.303,0,0,0,-0.6167,1.2333,-0.5933,1.2177,172.1092,0.0000,0.0000,0.0000,-0.6086,1.0624,170.4511,0.008,1219,0.0000,0.0000,0.0281,0,0,0.365
20.402,0,0,0,-0.6167,1.2333,-0.5930,1.2174,172.1146,0.0000,0.0000,0.0000,-0.5614,1.1916,176.0502,0.028,1224,0.0000,0.0000,0.0285,0,0,0.348
20.502,0,0,0,-0.6167,1.2333,-0.5923,1.2191,172.0702,0.0000,0.0000,0.0000,-0.6086,1.0624,170.4511,0.003,1230,0.0000,0.0000,0.0282,0,0,0.356
20.603,0,0,0,-0.6167,1.2333,-0.5932,1.2208,172.1648,0.0000,0.0000,0.0000,-0.5614,1.1917,176.0485,0.006,1236,0.0000,0.0000,0.0266,0,0,0.395
20.703,0,0,0,-0.6167,1.2333,-0.5966,1.2156,172.2804,0.0000,0.0000,0.0000,-0.5271,1.3958,169.5050,0.003,1242,0.0000,0.0000,0.0267,0,0,0.383
20.804,0,0,0,-0.6167,1.2333,-0.5955,1.2157,172.2513,0.0000,0.0000,0.0000,-0.5614,1.1917,176.0492,0.018,1248,0.0000,0.0000,0.0275,0,0,0.359
20.902,0,0,0,-0.6167,1.2333,-0.5954,1.2175,172.2320,0.0000,0.0000,0.0000,-0.6069,1.0665,170.6323,0.006,1255,0.0000,0.0000,0.0266,0,0,0.365
21.006,0,0,0,-0.6167,1.2333,-0.5950,1.2159,172.2182,0.0000,0.0000,0.0000,-0.5614,1.1917,176.0496,0.029,1260,0.0000,0.0000,0.0278,0,0,0.338
21.102,0,0,0,-0.6167,1.2333,-0.5949,1.2163,172.1905,0.0000,0.0000,0.0000,-0.6069,1.0665,170.6323,0.013,1267,0.0000,0.0000,0.0276,0,0,0.360
21.204,0,0,0,-0.6167,1.2333,-0.5944,1.2161,172.1877,0.0000,0.0000,0.0000,-0.5614,1.1916,176.0497,0.035,1272,0.0000,0.0000,0.0281,0,0,0.356
21.302,0,0,0,-0.6167,1.2333,-0.5943,1.2179,172.1752,0.0000,0.0000,0.0000,-0.6069,1.0665,170.6323,0.008,1279,0.0000,0.0000,0.0272,0,0,0.378
21.404,0,0,0,-0.6167,1.2333,-0.5939,1.2163,172.1708,0.0000,0.0000,0.0000,-0.5614,1.1916,176.0496,0.036,1284,0.0000,0.0000,0.0284,0,0,0.359
21.503,0,0,0,-0.6167,1.2333,-0.5938,1.2181,172.1539,0.0000,0.0000,0.0000,-0.6069,1.0665,170.6323,0.008,1291,0.0000,0.0000,0.0275,0,0,0.365
21.602,0,0,0,-0.6167,1.2333,-0.5935,1.2165,172.1475,0.0000,0.0000,0.0000,-0.5614,1.1916,176.0503,0.029,1296,0.0000,0.0000,0.0286,0,0,0.441
21.702,0,0,0,-0.6167,1.2333,-0.5936,1.2213,172.2303,0.0000,0.0000,0.0000,-0.6070,1.0663,170.6194,0.007,1303,0.0000,0.0000,0.0260,0,0,0.358
21.803,0,0,0,-0.6167,1.2333,-0.5933,1.2195,172.2174,0.0000,0.0000,0.0000,-0.5614,1.1916,176.0494,0.034,1308,0.0000,0.0000,0.0271,0,0,0.440
21.902,0,0,0,-0.6167,1.2333,-0.5940,1.2180,172.2073,0.0000,0.0000,0.0000,-0.6070,1.0663,170.6194,0.010,1314,0.0000,0.0000,0.0274,0,0,0.329
22.003,0,0,0,-0.6167,1.2333,-0.5929,1.2194,172.1894,0.0000,0.0000,0.0000,-0.5614,1.1916,176.0502,0.014,1320,0.0000,0.0000,0.0275,0,0,0.355
22.105,0,0,0,-0.6167,1.2333,-0.5930,1.2225,172.2645,0.0000,0.0000,0.0000,-0.6642,1.2193,176.0311,0.003,1326,0.0000,0.0000,0.0260,0,0,0.349
22.204,0,0,0,-0.6167,1.2333,-0.5928,1.2221,172.2562,0.0000,0.0000,0.0000,-0.5614,1.1916,176.0483,0.018,1332,0.0000,0.0000,0.0264,0,0,0.434
22.303,0,0,0,-0.6167,1.2333,-0.5928,1.2235,172.2386,0.0000,0.0000,0.0000,-0.6642,1.2193,176.0317,0.016,1338,0.0000,0.0000,0.0258,0,0,0.350
22.404,0,0,0,-0.6167,1.2333,-0.5928,1.2247,172.3235,0.0000,0.0000,0.0000,-0.6302,1.4053,-174.8267,0.027,1344,0.0000,0.0000,0.0254,0,0,0.359
22.503,0,0,0,-0.6167,1.2333,-0.5927,1.2259,172.3008,0.0000,0.0000,0.0000,-0.6068,1.0666,170.6324,0.008,1351,0.0000,0.0000,0.0251,0,0,0.223
22.603,0,0,0,-0.6167,1.2333,-0.5924,1.2239,172.2911,0.0000,0.0000,0.0000,-0.5614,1.1916,176.0483,0.029,1356,0.0000,0.0000,0.0260,0,0,0.443
22.701,0,0,0,-0.6167,1.2333,-0.5928,1.2269,172.3549,0.0000,0.0000,0.0000,-0.6293,1.4024,-174.9555,0.012,1363,0.0000,0.0000,0.0248,0,0,0.351
22.803,0,0,0,-0.6167,1.2333,-0.5924,1.2263,172.3552,0.0000,0.0000,0.0000,-0.5614,1.1917,176.0493,0.029,1368,0.0000,0.0000,0.0253,0,0,0.347
22.901,0,0,0,-0.6167,1.2333,-0.5923,1.2275,172.3292,0.0000,0.0000,0.0000,-0.6055,1.0711,170.8230,0.003,1375,0.0000,0.0000,0.0250,0,0,0.374
23.007,0,0,0,-0.6167,1.2333,-0.5921,1.2255,172.3188,0.0000,0.0000,0.0000,-0.5614,1.1916,176.0491,0.031,1380,0.0000,0.0000,0.0258,0,0,0.373
23.102,0,0,0,-0.6167,1.2333,-0.5922,1.2254,172.2841,0.0000,0.0000,0.0000,-0.6055,1.0711,170.8230,0.009,1387,0.0000,0.0000,0.0258,0,0,0.456
23.202,0,0,0,-0.6167,1.2333,-0.5918,1.2249,172.2853,0.0000,0.0000,0.0000,-0.5614,1.1916,176.0496,0.029,1392,0.0000,0.0000,0.0263,0,0,0.380
23.301,0,0,0,-0.6167,1.2333,-0.5911,1.2263,172.2370,0.0000,0.0000,0.0000,-0.6055,1.0711,170.8230,0.003,1398,0.0000,0.0000,0.0265,0,0,0.373
23.401,0,0,0,-0.6167,1.2333,-0.5918,1.2246,172.2313,0.0000,0.0000,0.0000,-0.5614,1.1916,176.0498,0.007,1404,0.0000,0.0000,0.0263,0,0,0.366
23.502,0,0,0,-0.6167,1.2333,-0.5922,1.2241,172.2594,0.0000,0.0000,0.0000,-0.6642,1.2193,176.0320,0.025,1409,0.0000,0.0000,0.0262,0,0,0.337
23.601,0,0,0,-0.6167,1.2333,-0.5913,1.2237,172.2292,0.0000,0.0000,0.0000,-0.6055,1.0711,170.8230,0.012,1416,0.0000,0.0000,0.0271,0,0,0.368
23.700,0,0,0,-0.6167,1.2333,-0.5913,1.2251,172.2091,0.0000,0.0000,0.0000,-0.6055,1.0711,170.8230,0.003,1423,0.0000,0.0000,0.0266,0,0,0.380
23.808,0,0,0,-0.6167,1.2333,-0.5911,1.2232,172.2000,0.0000,0.0000,0.0000,-0.5614,1.1916,176.0492,0.040,1428,0.0000,0.0000,0.0275,0,0,0.442
23.903,0,0,0,-0.6167,1.2333,-0.5913,1.2232,172.1758,0.0000,0.0000,0.0000,-0.6055,1.0711,170.8229,0.015,1435,0.0000,0.0000,0.0273,0,0,0.332
24.003,0,0,0,-0.6167,1.2333,-0.5910,1.2228,172.1715,0.0000,0.0000,0.0000,-0.5614,1.1916,176.0497,0.029,1440,0.0000,0.0000,0.0278,0,0,0.373
24.102,0,0,0,-0.6167,1.2333,-0.5911,1.2228,172.1523,0.0000,0.0000,0.0000,-0.6055,1.0711,170.8229,0.016,1447,0.0000,0.0000,0.0276,0,0,0.395
24.202,0,0,0,-0.6167,1.2333,-0.5908,1.2224,172.1555,0.0000,0.0000,0.0000,-0.5614,1.1916,176.0498,0.029,1452,0.0000,0.0000,0.0281,0,0,0.359
24.302,0,0,0,-0.6167,1.2333,-0.5909,1.2238,172.1448,0.0000,0.0000,0.0000,-0.6055,1.0711,170.8229,0.013,1459,0.0000,0.0000,0.0275,0,0,0.305
24.401,0,0,0,-0.6167,1.2333,-0.5907,1.2220,172.1400,0.0000,0.0000,0.0000,-0.5615,1.1916,176.0501,0.030,1464,0.0000,0.0000,0.0283,0,0,0.353
24.503,0,0,0,-0.6167,1.2333,-0.5902,1.2221,172.0849,0.0000,0.0000,0.0000,-0.6642,1.2193,176.0306,0.003,1471,0.0000,0.0000,0.0287,0,0,0.441
24.601,0,0,0,-0.6167,1.2333,-0.5908,1.2220,172.0903,0.0000,0.0000,0.0000,-0.5614,1.1916,176.0495,0.003,1476,0.0000,0.0000,0.0282,0,0,0.351
24.701,0,0,0,-0.6167,1.2333,-0.5913,1.2202,172.1174,0.0000,0.0000,0.0000,-0.6055,1.0711,170.8229,0.007,1482,0.0000,0.0000,0.0285,0,0,0.377
24.803,0,0,0,-0.6167,1.2333,-0.5904,1.2215,172.1061,0.0000,0.0000,0.0000,-0.5614,1.1916,176.0492,0.012,1488,0.0000,0.0000,0.0288,0,0,0.452
24.902,0,0,0,-0.6167,1.2333,-0.5905,1.2230,172.0902,0.0000,0.0000,0.0000,-0.5271,1.3958,169.4997,0.016,1494,0.0000,0.0000,0.0281,0,0,0.369
25.001,0,0,0,-0.6167,1.2333,-0.5903,1.2212,172.0923,0.0000,0.0000,0.0000,-0.5614,1.1916,176.0496,0.030,1500,0.0000,0.0000,0.0290,0,0,0.443
25.101,0,0,0,-0.6167,1.2333,-0.5906,1.2258,172.1759,0.0000,0.0000,0.0000,-0.6086,1.0633,170.4785,0.006,1507,0.0000,0.0000,0.0271,0,0,0.392
25.202,0,0,0,-0.6167,1.2333,-0.5905,1.2237,172.1686,0.0000,0.0000,0.0000,-0.5615,1.1916,176.0495,0.031,1512,0.0000,0.0000,0.0279,0,0,0.345
25.301,0,0,0,-0.6167,1.2333,-0.5906,1.2250,172.1460,0.0000,0.0000,0.0000,-0.6084,1.0633,170.4744,0.009,1519,0.0000,0.0000,0.0274,0,0,0.435
25.403,0,0,0,-0.6167,1.2333,-0.5905,1.2230,172.1315,0.0000,0.0000,0.0000,-0.5615,1.1916,176.0498,0.030,1524,0.0000,0.0000,0.0281,0,0,0.359
25.503,0,0,0,-0.6167,1.2333,-0.5906,1.2244,172.1193,0.0000,0.0000,0.0000,-0.6084,1.0633,170.4744,0.008,1531,0.0000,0.0000,0.0276,0,0,0.355
25.602,0,0,0,-0.6167,1.2333,-0.5905,1.2224,172.1153,0.0000,0.0000,0.0000,-0.5615,1.1916,176.0496,0.028,1536,0.0000,0.0000,0.0284,0,0,0.435
25.702,0,0,0,-0.6167,1.2333,-0.5906,1.2238,172.0950,0.0000,0.0000,0.0000,-0.6084,1.0633,170.4744,0.009,1543,0.0000,0.0000,0.0278,0,0,0.365
25.805,0,0,0,-0.6167,1.2333,-0.5905,1.2218,172.0876,0.0000,0.0000,0.0000,-0.5615,1.1916,176.0492,0.031,1548,0.0000,0.0000,0.0286,0,0,0.447
25.902,0,0,0,-0.6167,1.2333,-0.5913,1.2202,172.0788,0.0000,0.0000,0.0000,-0.6084,1.0633,170.4744,0.010,1554,0.0000,0.0000,0.0286,0,0,0.434
26.003,0,0,0,-0.6167,1.2333,-0.5904,1.2214,172.0651,0.0000,0.0000,0.0000,-0.5614,1.1916,176.0488,0.027,1560,0.0000,0.0000,0.0288,0,0,0.347
26.101,0,0,0,-0.6167,1.2333,-0.5908,1.2229,172.1378,0.0000,0.0000,0.0000,-0.5271,1.3958,169.4999,0.005,1566,0.0000,0.0000,0.0279,0,0,0.359
26.202,0,0,0,-0.6167,1.2333,-0.5908,1.2242,172.1244,0.0000,0.0000,0.0000,-0.5615,1.1916,176.0495,0.005,1572,0.0000,0.0000,0.0274,0,0,0.348
26.302,0,0,0,-0.6167,1.2333,-0.5912,1.2237,172.1567,0.0000,0.0000,0.0000,-0.5271,1.3958,169.4984,0.010,1578,0.0000,0.0000,0.0272,0,0,0.382
26.404,0,0,0,-0.6167,1.2333,-0.5904,1.2234,172.1255,0.0000,0.0000,0.0000,-0.6068,1.0683,170.6881,0.028,1584,0.0000,0.0000,0.0281,0,0,0.340
26.504,0,0,0,-0.6167,1.2333,-0.5938,1.2185,172.1911,0.0000,0.0000,0.0000,-0.6067,1.0682,170.6864,0.010,1591,0.0000,0.0000,0.0272,0,0,0.324
26.605,0,0,0,-0.6167,1.2333,-0.5934,1.2182,172.1932,0.0000,0.0000,0.0000,-0.5615,1.1916,176.0497,0.037,1596,0.0000,0.0000,0.0277,0,0,0.342
26.703,0,0,0,-0.6167,1.2333,-0.5933,1.2199,172.1729,0.0000,0.0000,0.0000,-0.6067,1.0682,170.6864,0.010,1603,0.0000,0.0000,0.0270,0,0,0.344
26.803,0,0,0,-0.6167,1.2333,-0.5930,1.2182,172.1594,0.0000,0.0000,0.0000,-0.5615,1.1916,176.0493,0.032,1608,0.0000,0.0000,0.0281,0,0,0.434
26.902,0,0,0,-0.6167,1.2333,-0.5929,1.2199,172.1450,0.0000,0.0000,0.0000,-0.6067,1.0682,170.6864,0.009,1615,0.0000,0.0000,0.0273,0,0,0.353
27.001,0,0,0,-0.6167,1.2333,-0.5927,1.2182,172.1350,0.0000,0.0000,0.0000,-0.5615,1.1916,176.0492,0.030,1620,0.0000,0.0000,0.0283,0,0,0.356
27.102,0,0,0,-0.6167,1.2333,-0.5926,1.2199,172.1230,0.0000,0.0000,0.0000,-0.6067,1.0682,170.6864,0.007,1627,0.0000,0.0000,0.0275,0,0,0.365
27.203,0,0,0,-0.6167,1.2333,-0.5924,1.2182,172.1126,0.0000,0.0000,0.0000,-0.5615,1.1916,176.0498,0.029,1632,0.0000,0.0000,0.0286,0,0,0.343
27.300,0,0,0,-0.6167,1.2333,-0.5919,1.2230,172.1751,0.0000,0.0000,0.0000,-0.6078,1.0638,170.5127,0.005,1638,0.0000,0.0000,0.0269,0,0,0.335
27.403,0,0,0,-0.6167,1.2333,-0.5923,1.2211,172.1857,0.0000,0.0000,0.0000,-0.5615,1.1916,176.0498,0.007,1644,0.0000,0.0000,0.0273,0,0,0.380
27.501,0,0,0,-0.6167,1.2333,-0.5922,1.2209,172.1654,0.0000,0.0000,0.0000,-0.6641,1.2193,176.0309,0.004,1649,0.0000,0.0000,0.0274,0,0,0.351
27.602,0,0,0,-0.6167,1.2333,-0.5922,1.2238,172.2622,0.0000,0.0000,0.0000,-0.5615,1.1916,176.0492,0.015,1656,0.0000,0.0000,0.0262,0,0,0.347
27.701,0,0,0,-0.6167,1.2333,-0.5922,1.2251,172.2407,0.0000,0.0000,0.0000,-0.6058,1.0696,170.7719,0.005,1663,0.0000,0.0000,0.0258,0,0,0.360
27.806,0,0,0,-0.6167,1.2333,-0.5919,1.2232,172.2321,0.0000,0.0000,0.0000,-0.5615,1.1916,176.0492,0.028,1668,0.0000,0.0000,0.0267,0,0,0.449
27.903,0,0,0,-0.6167,1.2333,-0.5920,1.2232,172.2051,0.0000,0.0000,0.0000,-0.6058,1.0696,170.7719,0.018,1675,0.0000,0.0000,0.0266,0,0,0.354
28.007,0,0,0,-0.6167,1.2333,-0.5917,1.2227,172.2024,0.0000,0.0000,0.0000,-0.5615,1.1916,176.0494,0.039,1680,0.0000,0.0000,0.0271,0,0,0.317
28.101,0,0,0,-0.6167,1.2333,-0.5917,1.2242,172.1854,0.0000,0.0000,0.0000,-0.6058,1.0696,170.7719,0.005,1687,0.0000,0.0000,0.0266,0,0,0.363
28.203,0,0,0,-0.6167,1.2333,-0.5914,1.2223,172.1794,0.0000,0.0000,0.0000,-0.5615,1.1916,176.0494,0.029,1692,0.0000,0.0000,0.0275,0,0,0.357
28.303,0,0,0,-0.6167,1.2333,-0.5916,1.2223,172.1495,0.0000,0.0000,0.0000,-0.6058,1.0696,170.7719,0.006,1699,0.0000,0.0000,0.0274,0,0,0.376
28.402,0,0,0,-0.6167,1.2333,-0.5912,1.2219,172.1544,0.0000,0.0000,0.0000,-0.5615,1.1916,176.0500,0.034,1704,0.0000,0.0000,0.0279,0,0,0.375
28.503,0,0,0,-0.6167,1.2333,-0.5913,1.2234,172.1386,0.0000,0.0000,0.0000,-0.6058,1.0696,170.7719,0.006,1711,0.0000,0.0000,0.0273,0,0,0.352
28.601,0,0,0,-0.6167,1.2333,-0.5911,1.2216,172.1348,0.0000,0.0000,0.0000,-0.5615,1.1916,176.0504,0.027,1716,0.0000,0.0000,0.0282,0,0,0.375
28.701,0,0,0,-0.6167,1.2333,-0.5911,1.2201,172.0994,0.0000,0.0000,0.0000,-0.6642,1.2193,176.0302,0.008,1722,0.0000,0.0000,0.0288,0,0,0.365
28.802,0,0,0,-0.6167,1.2333,-0.5909,1.2213,172.1128,0.0000,0.0000,0.0000,-0.5614,1.1916,176.0486,0.024,1728,0.0000,0.0000,0.0284,0,0,0.371
28.900,0,0,0,-0.6167,1.2333,-0.5908,1.2212,172.0915,0.0000,0.0000,0.0000,-0.5267,1.3960,169.4883,0.011,1733,0.0000,0.0000,0.0285,0,0,0.369
29.005,0,0,0,-0.6167,1.2333,-0.5907,1.2210,172.0936,0.0000,0.0000,0.0000,-0.5615,1.1916,176.0497,0.028,1740,0.0000,0.0000,0.0287,0,0,0.353
29.104,0,0,0,-0.6167,1.2333,-0.5908,1.2225,172.0811,0.0000,0.0000,0.0000,-0.6642,1.2193,176.0307,0.024,1746,0.0000,0.0000,0.0280,0,0,0.437
29.203,0,0,0,-0.6167,1.2333,-0.5906,1.2208,172.0789,0.0000,0.0000,0.0000,-0.5615,1.1916,176.0493,0.027,1752,0.0000,0.0000,0.0289,0,0,0.374
29.302,0,0,0,-0.6167,1.2333,-0.5908,1.2209,172.0612,0.0000,0.0000,0.0000,-0.6057,1.0696,170.7703,0.010,1759,0.0000,0.0000,0.0287,0,0,0.445
29.401,0,0,0,-0.6167,1.2333,-0.5905,1.2205,172.0642,0.0000,0.0000,0.0000,-0.5615,1.1916,176.0492,0.033,1764,0.0000,0.0000,0.0291,0,0,0.444
29.502,0,0,0,-0.6167,1.2333,-0.5907,1.2207,172.0458,0.0000,0.0000,0.0000,-0.6057,1.0696,170.7703,0.012,1771,0.0000,0.0000,0.0289,0,0,0.377
29.603,0,0,0,-0.6167,1.2333,-0.5904,1.2203,172.0541,0.0000,0.0000,0.0000,-0.5614,1.1916,176.0478,0.028,1776,0.0000,0.0000,0.0293,0,0,0.360
29.703,0,0,0,-0.6167,1.2333,-0.5906,1.2205,172.0298,0.0000,0.0000,0.0000,-0.6057,1.0696,170.7703,0.012,1783,0.0000,0.0000,0.0291,0,0,0.403
29.802,0,0,0,-0.6167,1.2333,-0.5903,1.2202,172.0403,0.0000,0.0000,0.0000,-0.5614,1.1916,176.0495,0.034,1788,0.0000,0.0000,0.0295,0,0,0.338
29.903,0,0,0,-0.6167,1.2333,-0.5907,1.2232,172.1127,0.0000,0.0000,0.0000,-0.6082,1.0636,170.5011,0.011,1795,0.0000,0.0000,0.0279,0,0,0.331
30.003,0,0,0,-0.6167,1.2333,-0.5904,1.2227,172.1157,0.0000,0.0000,0.0000,-0.5615,1.1916,176.0495,0.016,1800,0.0000,0.0000,0.0283,0,0,0.359
30.103,0,0,0,-0.6167,1.2333,-0.5898,1.2242,172.0719,0.0000,0.0000,0.0000,-0.6278,1.4020,-175.0017,0.007,1806,0.0000,0.0000,0.0284,0,0,0.439
30.202,0,0,0,-0.6167,1.2333,-0.5908,1.2255,172.1653,0.0000,0.0000,0.0000,-0.5614,1.1916,176.0490,0.003,1812,0.0000,0.0000,0.0270,0,0,0.337
30.302,0,0,0,-0.6167,1.2333,-0.5912,1.2249,172.1951,0.0000,0.0000,0.0000,-0.5267,1.3959,169.4837,0.008,1818,0.0000,0.0000,0.0268,0,0,0.333
30.403,0,0,0,-0.6167,1.2333,-0.5907,1.2274,172.2645,0.0000,0.0000,0.0000,-0.6061,1.0696,170.7658,0.023,1824,0.0000,0.0000,0.0267,0,0,0.352
30.501,0,0,0,-0.6167,1.2333,-0.5907,1.2286,172.2456,0.0000,0.0000,0.0000,-0.6059,1.0696,170.7610,0.005,1831,0.0000,0.0000,0.0264,0,0,0.371
30.602,0,0,0,-0.6167,1.2333,-0.5906,1.2265,172.2340,0.0000,0.0000,0.0000,-0.5614,1.1916,176.0486,0.028,1836,0.0000,0.0000,0.0270,0,0,0.353
30.704,0,0,0,-0.6167,1.2333,-0.5908,1.2262,172.2051,0.0000,0.0000,0.0000,-0.6059,1.0696,170.7610,0.015,1843,0.0000,0.0000,0.0269,0,0,0.446
30.804,0,0,0,-0.6167,1.2333,-0.5905,1.2256,172.2083,0.0000,0.0000,0.0000,-0.5614,1.1916,176.0490,0.033,1848,0.0000,0.0000,0.0273,0,0,0.374
30.902,0,0,0,-0.6167,1.2333,-0.5905,1.2269,172.1897,0.0000,0.0000,0.0000,-0.6059,1.0696,170.7610,0.008,1855,0.0000,0.0000,0.0269,0,0,0.428
31.004,0,0,0,-0.6167,1.2333,-0.5904,1.2249,172.1830,0.0000,0.0000,0.0000,-0.5614,1.1916,176.0493,0.032,1860,0.0000,0.0000,0.0276,0,0,0.339
31.102,0,0,0,-0.6167,1.2333,-0.5904,1.2262,172.1645,0.0000,0.0000,0.0000,-0.6059,1.0696,170.7610,0.008,1867,0.0000,0.0000,0.0272,0,0,0.349
31.201,0,0,0,-0.6167,1.2333,-0.5903,1.2242,172.1588,0.0000,0.0000,0.0000,-0.5614,1.1916,176.0490,0.028,1872,0.0000,0.0000,0.0279,0,0,0.338
31.303,0,0,0,-0.6167,1.2333,-0.5898,1.2242,172.1048,0.0000,0.0000,0.0000,-0.6642,1.2193,176.0303,0.003,1879,0.0000,0.0000,0.0284,0,0,0.361
31.400,0,0,0,-0.6167,1.2333,-0.5905,1.2240,172.1071,0.0000,0.0000,0.0000,-0.5613,1.1916,176.0452,0.004,1884,0.0000,0.0000,0.0278,0,0,0.342
31.503,0,0,0,-0.6167,1.2333,-0.5909,1.2235,172.1409,0.0000,0.0000,0.0000,-0.6059,1.0696,170.7610,0.006,1890,0.0000,0.0000,0.0276,0,0,0.379
31.604,0,0,0,-0.6167,1.2333,-0.5900,1.2246,172.1282,0.0000,0.0000,0.0000,-0.6059,1.0696,170.7610,0.013,1896,0.0000,0.0000,0.0281,0,0,0.448
31.704,0,0,0,-0.6167,1.2333,-0.5895,1.2246,172.0745,0.0000,0.0000,0.0000,-0.6642,1.2192,176.0310,0.010,1902,0.0000,0.0000,0.0285,0,0,0.373
31.805,0,0,0,-0.6167,1.2333,-0.5900,1.2227,172.1021,0.0000,0.0000,0.0000,-0.5614,1.1916,176.0480,0.036,1908,0.0000,0.0000,0.0287,0,0,0.373
31.903,0,0,0,-0.6167,1.2333,-0.5903,1.2227,172.0764,0.0000,0.0000,0.0000,-0.6059,1.0696,170.7610,0.014,1915,0.0000,0.0000,0.0285,0,0,0.338
32.002,0,0,0,-0.6167,1.2333,-0.5900,1.2223,172.0829,0.0000,0.0000,0.0000,-0.5614,1.1916,176.0490,0.031,1920,0.0000,0.0000,0.0289,0,0,0.318
32.105,0,0,0,-0.6167,1.2333,-0.5901,1.2237,172.0695,0.0000,0.0000,0.0000,-0.6059,1.0696,170.7610,0.012,1927,0.0000,0.0000,0.0283,0,0,0.344
32.201,0,0,0,-0.6167,1.2333,-0.5899,1.2219,172.0669,0.0000,0.0000,0.0000,-0.5614,1.1916,176.0495,0.028,1932,0.0000,0.0000,0.0291,0,0,0.448
32.302,0,0,0,-0.6167,1.2333,-0.5902,1.2219,172.0468,0.0000,0.0000,0.0000,-0.6059,1.0696,170.7610,0.013,1939,0.0000,0.0000,0.0288,0,0,0.355
32.406,0,0,0,-0.6167,1.2333,-0.5899,1.2215,172.0508,0.0000,0.0000,0.0000,-0.5614,1.1916,176.0493,0.039,1944,0.0000,0.0000,0.0292,0,0,0.360
32.503,0,0,0,-0.6167,1.2333,-0.5901,1.2216,172.0311,0.0000,0.0000,0.0000,-0.6059,1.0696,170.7610,0.015,1951,0.0000,0.0000,0.0290,0,0,0.380
32.603,0,0,0,-0.6167,1.2333,-0.5899,1.2212,172.0432,0.0000,0.0000,0.0000,-0.5614,1.1916,176.0496,0.035,1956,0.0000,0.0000,0.0294,0,0,0.331
32.703,0,0,0,-0.6167,1.2333,-0.5900,1.2197,172.0063,0.0000,0.0000,0.0000,-0.6641,1.2192,176.0300,0.009,1962,0.0000,0.0000,0.0299,0,0,0.349
32.803,0,0,0,-0.6167,1.2333,-0.5898,1.2210,172.0235,0.0000,0.0000,0.0000,-0.5614,1.1916,176.0491,0.022,1968,0.0000,0.0000,0.0295,0,0,0.342
32.901,0,0,0,-0.6167,1.2333,-0.5900,1.2195,171.9968,0.0000,0.0000,0.0000,-0.5269,1.3959,169.4895,0.003,1974,0.0000,0.0000,0.0300,0,0,0.376
33.000,0,0,0,-0.6167,1.2333,-0.5901,1.2211,171.9900,0.0000,0.0000,0.0000,-0.5614,1.1916,176.0489,0.004,1980,0.0000,0.0000,0.0293,0,0,0.451
33.101,0,0,0,-0.6167,1.2333,-0.5907,1.2238,172.1211,0.0000,0.0000,0.0000,-0.5269,1.3959,169.4878,0.004,1986,0.0000,0.0000,0.0277,0,0,0.373
33.203,0,0,0,-0.6167,1.2333,-0.5900,1.2234,172.0998,0.0000,0.0000,0.0000,-0.6071,1.0667,170.6397,0.028,1992,0.0000,0.0000,0.0285,0,0,0.308
33.300,0,0,0,-0.6167,1.2333,-0.5902,1.2277,172.1807,0.0000,0.0000,0.0000,-0.6076,1.0661,170.6039,0.005,1999,0.0000,0.0000,0.0270,0,0,0.378
33.406,0,0,0,-0.6167,1.2333,-0.5901,1.2256,172.1761,0.0000,0.0000,0.0000,-0.5613,1.1916,176.0472,0.038,2004,0.0000,0.0000,0.0276,0,0,0.357
33.502,0,0,0,-0.6167,1.2333,-0.5906,1.2284,172.2422,0.0000,0.0000,0.0000,-0.5614,1.1916,176.0486,0.003,2012,0.0000,0.0000,0.0266,0,0,0.362
33.603,0,0,0,-0.6167,1.2333,-0.5903,1.2277,172.2441,0.0000,0.0000,0.0000,-0.5614,1.1916,176.0484,0.032,2016,0.0000,0.0000,0.0270,0,0,0.319
33.701,0,0,0,-0.6167,1.2333,-0.5905,1.2273,172.2129,0.0000,0.0000,0.0000,-0.5614,1.1916,176.0488,0.003,2024,0.0000,0.0000,0.0268,0,0,0.364
33.804,0,0,0,-0.6167,1.2333,-0.5902,1.2267,172.2144,0.0000,0.0000,0.0000,-0.5270,1.3959,169.4915,0.005,2029,0.0000,0.0000,0.0273,0,0,0.363
33.901,0,0,0,-0.6167,1.2333,-0.5905,1.2264,172.1831,0.0000,0.0000,0.0000,-0.6066,1.0691,170.7236,0.006,2035,0.0000,0.0000,0.0271,0,0,0.339
34.003,0,0,0,-0.6167,1.2333,-0.5902,1.2258,172.1822,0.0000,0.0000,0.0000,-0.5614,1.1916,176.0496,0.030,2040,0.0000,0.0000,0.0275,0,0,0.447
34.103,0,0,0,-0.6167,1.2333,-0.5898,1.2257,172.1286,0.0000,0.0000,0.0000,-0.6641,1.2192,176.0303,0.002,2047,0.0000,0.0000,0.0280,0,0,0.349
34.203,0,0,0,-0.6167,1.2333,-0.5904,1.2254,172.1356,0.0000,0.0000,0.0000,-0.5614,1.1916,176.0488,0.002,2052,0.0000,0.0000,0.0274,0,0,0.318
34.303,0,0,0,-0.6167,1.2333,-0.5908,1.2248,172.1664,0.0000,0.0000,0.0000,-0.6641,1.2192,176.0295,0.018,2057,0.0000,0.0000,0.0272,0,0,0.373
34.404,0,0,0,-0.6167,1.2333,-0.5903,1.2247,172.1132,0.0000,0.0000,0.0000,-0.5614,1.1916,176.0503,0.010,2064,0.0000,0.0000,0.0277,0,0,0.363
34.503,0,0,0,-0.6167,1.2333,-0.5902,1.2257,172.1224,0.0000,0.0000,0.0000,-0.6066,1.0691,170.7236,0.006,2071,0.0000,0.0000,0.0276,0,0,0.357
34.602,0,0,0,-0.6167,1.2333,-0.5900,1.2238,172.1153,0.0000,0.0000,0.0000,-0.5614,1.1916,176.0493,0.034,2076,0.0000,0.0000,0.0283,0,0,0.364
34.703,0,0,0,-0.6167,1.2333,-0.5905,1.2268,172.1931,0.0000,0.0000,0.0000,-0.6280,1.4010,-175.0297,0.015,2083,0.0000,0.0000,0.0270,0,0,0.367
34.803,0,0,0,-0.6167,1.2333,-0.5902,1.2261,172.1861,0.0000,0.0000,0.0000,-0.5614,1.1916,176.0496,0.035,2088,0.0000,0.0000,0.0274,0,0,0.374
34.902,0,0,0,-0.6167,1.2333,-0.5905,1.2258,172.1621,0.0000,0.0000,0.0000,-0.6075,1.0660,170.6064,0.013,2095,0.0000,0.0000,0.0273,0,0,0.374
35.002,0,0,0,-0.6167,1.2333,-0.5902,1.2252,172.1661,0.0000,0.0000,0.0000,-0.5614,1.1916,176.0500,0.035,2100,0.0000,0.0000,0.0277,0,0,0.358
35.102,0,0,0,-0.6167,1.2333,-0.5905,1.2295,172.2453,0.0000,0.0000,0.0000,-0.6073,1.0647,170.5612,0.003,2107,0.0000,0.0000,0.0265,0,0,0.338
35.207,0,0,0,-0.6167,1.2333,-0.5934,1.2225,172.3175,0.0000,0.0000,0.0000,-0.5614,1.1916,176.0498,0.038,2112,0.0000,0.0000,0.0256,0,0,0.351
35.302,0,0,0,-0.6167,1.2333,-0.5936,1.2223,172.2867,0.0000,0.0000,0.0000,-0.6073,1.0647,170.5612,0.011,2119,0.0000,0.0000,0.0256,0,0,0.313
35.403,0,0,0,-0.6167,1.2333,-0.5933,1.2218,172.2888,0.0000,0.0000,0.0000,-0.5614,1.1916,176.0493,0.029,2124,0.0000,0.0000,0.0261,0,0,0.329
35.503,0,0,0,-0.6167,1.2333,-0.5940,1.2201,172.2706,0.0000,0.0000,0.0000,-0.6073,1.0647,170.5612,0.014,2130,0.0000,0.0000,0.0262,0,0,0.348
35.602,0,0,0,-0.6167,1.2333,-0.5931,1.2212,172.2521,0.0000,0.0000,0.0000,-0.5614,1.1916,176.0493,0.024,2136,0.0000,0.0000,0.0265,0,0,0.432
35.704,0,0,0,-0.6167,1.2333,-0.5931,1.2210,172.2257,0.0000,0.0000,0.0000,-0.6073,1.0647,170.5612,0.002,2142,0.0000,0.0000,0.0266,0,0,0.307
35.803,0,0,0,-0.6167,1.2333,-0.5933,1.2209,172.2015,0.0000,0.0000,0.0000,-0.5614,1.1916,176.0494,0.008,2148,0.0000,0.0000,0.0265,0,0,0.338
35.902,0,0,0,-0.6167,1.2333,-0.5931,1.2220,172.2100,0.0000,0.0000,0.0000,-0.6641,1.2192,176.0293,0.013,2154,0.0000,0.0000,0.0262,0,0,0.352
36.003,0,0,0,-0.6167,1.2333,-0.5929,1.2201,172.1971,0.0000,0.0000,0.0000,-0.5614,1.1916,176.0500,0.034,2160,0.0000,0.0000,0.0272,0,0,0.454
36.101,0,0,0,-0.6167,1.2333,-0.5931,1.2200,172.1725,0.0000,0.0000,0.0000,-0.6073,1.0647,170.5612,0.015,2167,0.0000,0.0000,0.0270,0,0,0.447
36.202,0,0,0,-0.6167,1.2333,-0.5928,1.2196,172.1749,0.0000,0.0000,0.0000,-0.5355,1.3886,169.6995,0.003,2173,0.0000,0.0000,0.0275,0,0,0.434
36.301,0,0,0,-0.6167,1.2333,-0.5930,1.2196,172.1478,0.0000,0.0000,0.0000,-0.5614,1.1916,176.0492,0.003,2180,0.0000,0.0000,0.0273,0,0,0.391
36.401,0,0,0,-0.6167,1.2333,-0.5927,1.2192,172.1519,0.0000,0.0000,0.0000,-0.5614,1.1916,176.0497,0.032,2184,0.0000,0.0000,0.0278,0,0,0.391
36.504,0,0,0,-0.6167,1.2333,-0.5930,1.2192,172.1234,0.0000,0.0000,0.0000,-0.6073,1.0647,170.5612,0.012,2191,0.0000,0.0000,0.0276,0,0,0.436
36.602,0,0,0,-0.6167,1.2333,-0.5927,1.2188,172.1304,0.0000,0.0000,0.0000,-0.5614,1.1916,176.0490,0.032,2196,0.0000,0.0000,0.0281,0,0,0.356
36.702,0,0,0,-0.6167,1.2333,-0.5929,1.2188,172.1017,0.0000,0.0000,0.0000,-0.6073,1.0647,170.5612,0.011,2203,0.0000,0.0000,0.0278,0,0,0.368
36.802,0,0,0,-0.6167,1.2333,-0.5926,1.2185,172.1094,0.0000,0.0000,0.0000,-0.5613,1.1916,176.0470,0.020,2208,0.0000,0.0000,0.0283,0,0,0.350
36.903,0,0,0,-0.6167,1.2333,-0.5921,1.2200,172.0675,0.0000,0.0000,0.0000,-0.6073,1.0647,170.5612,0.007,2214,0.0000,0.0000,0.0280,0,0,0.358
37.004,0,0,0,-0.6167,1.2333,-0.5928,1.2185,172.0624,0.0000,0.0000,0.0000,-0.5614,1.1916,176.0499,0.009,2220,0.0000,0.0000,0.0281,0,0,0.356
37.102,0,0,0,-0.6167,1.2333,-0.5932,1.2181,172.0974,0.0000,0.0000,0.0000,-0.6641,1.2192,176.0288,0.026,2225,0.0000,0.0000,0.0280,0,0,0.356
37.201,0,0,0,-0.6167,1.2333,-0.5925,1.2180,172.0729,0.0000,0.0000,0.0000,-0.6073,1.0647,170.5612,0.024,2232,0.0000,0.0000,0.0287,0,0,0.379
37.304,0,0,0,-0.6167,1.2333,-0.5926,1.2195,172.0620,0.0000,0.0000,0.0000,-0.5614,1.1916,176.0480,0.003,2240,0.0000,0.0000,0.0278,0,0,0.390
37.406,0,0,0,-0.6167,1.2333,-0.5924,1.2177,172.0629,0.0000,0.0000,0.0000,-0.5614,1.1916,176.0489,0.039,2244,0.0000,0.0000,0.0288,0,0,0.354
37.503,0,0,0,-0.6167,1.2333,-0.5927,1.2178,172.0384,0.0000,0.0000,0.0000,-0.6073,1.0647,170.5612,0.020,2251,0.0000,0.0000,0.0286,0,0,0.345
37.603,0,0,0,-0.6167,1.2333,-0.5924,1.2175,172.0500,0.0000,0.0000,0.0000,-0.5614,1.1916,176.0488,0.029,2256,0.0000,0.0000,0.0290,0,0,0.326
37.702,0,0,0,-0.6167,1.2333,-0.5927,1.2176,172.0280,0.0000,0.0000,0.0000,-0.6073,1.0647,170.5612,0.012,2263,0.0000,0.0000,0.0287,0,0,0.338
37.805,0,0,0,-0.6167,1.2333,-0.5924,1.2173,172.0392,0.0000,0.0000,0.0000,-0.5614,1.1916,176.0492,0.036,2268,0.0000,0.0000,0.0291,0,0,0.353
37.901,0,0,0,-0.6167,1.2333,-0.5925,1.2188,172.0271,0.0000,0.0000,0.0000,-0.6073,1.0647,170.5612,0.008,2275,0.0000,0.0000,0.0282,0,0,0.346
38.002,0,0,0,-0.6167,1.2333,-0.5923,1.2171,172.0264,0.0000,0.0000,0.0000,-0.5614,1.1916,176.0492,0.028,2280,0.0000,0.0000,0.0293,0,0,0.371
38.100,0,0,0,-0.6167,1.2333,-0.5921,1.2204,172.0787,0.0000,0.0000,0.0000,-0.6641,1.2192,176.0288,0.003,2287,0.0000,0.0000,0.0278,0,0,0.351
38.200,0,0,0,-0.6167,1.2333,-0.5928,1.2202,172.0869,0.0000,0.0000,0.0000,-0.5614,1.1916,176.0495,0.006,2292,0.0000,0.0000,0.0272,0,0,0.371
38.303,0,0,0,-0.6167,1.2333,-0.5932,1.2184,172.1071,0.0000,0.0000,0.0000,-0.6066,1.0678,170.6949,0.012,2298,0.0000,0.0000,0.0278,0,0,0.454
38.403,0,0,0,-0.6167,1.2333,-0.5925,1.2214,172.0798,0.0000,0.0000,0.0000,-0.6066,1.0678,170.6949,0.009,2303,0.0000,0.0000,0.0269,0,0,0.354
38.501,0,0,0,-0.6167,1.2333,-0.5925,1.2211,172.0858,0.0000,0.0000,0.0000,-0.6066,1.0678,170.6949,0.003,2311,0.0000,0.0000,0.0271,0,0,0.433
38.602,0,0,0,-0.6167,1.2333,-0.5923,1.2193,172.0810,0.0000,0.0000,0.0000,-0.5614,1.1916,176.0481,0.032,2316,0.0000,0.0000,0.0281,0,0,0.338
38.702,0,0,0,-0.6167,1.2333,-0.5926,1.2194,172.0611,0.0000,0.0000,0.0000,-0.6066,1.0678,170.6949,0.016,2323,0.0000,0.0000,0.0279,0,0,0.362
38.805,0,0,0,-0.6167,1.2333,-0.5925,1.2221,172.1686,0.0000,0.0000,0.0000,-0.5614,1.1916,176.0501,0.035,2328,0.0000,0.0000,0.0267,0,0,0.339
38.905,0,0,0,-0.6167,1.2333,-0.5926,1.2234,172.1619,0.0000,0.0000,0.0000,-0.6078,1.0643,170.5339,0.014,2335,0.0000,0.0000,0.0260,0,0,0.361
39.004,0,0,0,-0.6167,1.2333,-0.5925,1.2214,172.1490,0.0000,0.0000,0.0000,-0.5614,1.1916,176.0504,0.036,2340,0.0000,0.0000,0.0270,0,0,0.370
39.104,0,0,0,-0.6167,1.2333,-0.5927,1.2213,172.1268,0.0000,0.0000,0.0000,-0.5614,1.1916,176.0501,0.002,2348,0.0000,0.0000,0.0268,0,0,0.341
39.205,0,0,0,-0.6167,1.2333,-0.5924,1.2208,172.1278,0.0000,0.0000,0.0000,-0.5614,1.1916,176.0500,0.037,2352,0.0000,0.0000,0.0273,0,0,0.343
39.302,0,0,0,-0.6167,1.2333,-0.5926,1.2221,172.1163,0.0000,0.0000,0.0000,-0.6078,1.0643,170.5339,0.008,2359,0.0000,0.0000,0.0266,0,0,0.345
39.405,0,0,0,-0.6167,1.2333,-0.5924,1.2202,172.1135,0.0000,0.0000,0.0000,-0.5614,1.1916,176.0500,0.034,2364,0.0000,0.0000,0.0276,0,0,0.366
39.503,0,0,0,-0.6167,1.2333,-0.5931,1.2200,172.1123,0.0000,0.0000,0.0000,-0.6078,1.0643,170.5339,0.008,2370,0.0000,0.0000,0.0271,0,0,0.366
39.603,0,0,0,-0.6167,1.2333,-0.5926,1.2229,172.1934,0.0000,0.0000,0.0000,-0.5614,1.1916,176.0496,0.023,2376,0.0000,0.0000,0.0263,0,0,0.354
39.703,0,0,0,-0.6167,1.2333,-0.5927,1.2211,172.1604,0.0000,0.0000,0.0000,-0.6641,1.2192,176.0302,0.002,2383,0.0000,0.0000,0.0269,0,0,0.345
39.802,0,0,0,-0.6167,1.2333,-0.5930,1.2256,172.2443,0.0000,0.0000,0.0000,-0.5614,1.1916,176.0498,0.003,2388,0.0000,0.0000,0.0249,0,0,0.439
39.903,0,0,0,-0.6167,1.2333,-0.5933,1.2249,172.2759,0.0000,0.0000,0.0000,-0.5357,1.3886,169.7082,0.011,2394,0.0000,0.0000,0.0248,0,0,0.358
40.007,0,0,0,-0.6167,1.2333,-0.5928,1.2274,172.3488,0.0000,0.0000,0.0000,-0.6279,1.4043,-174.8930,0.033,2400,0.0000,0.0000,0.0246,0,0,0.433
40.102,0,0,0,-0.6167,1.2333,-0.5930,1.2270,172.3115,0.0000,0.0000,0.0000,-0.6072,1.0668,170.6430,0.014,2407,0.0000,0.0000,0.0245,0,0,0.364
40.201,0,0,0,-0.6167,1.2333,-0.5927,1.2262,172.3133,0.0000,0.0000,0.0000,-0.5614,1.1916,176.0500,0.035,2412,0.0000,0.0000,0.0250,0,0,0.441
40.303,0,0,0,-0.6167,1.2333,-0.5930,1.2303,172.3911,0.0000,0.0000,0.0000,-0.6072,1.0661,170.6217,0.010,2419,0.0000,0.0000,0.0238,0,0,0.364
40.403,0,0,0,-0.6167,1.2333,-0.5930,1.2311,172.4758,0.0000,0.0000,0.0000,-0.5614,1.1916,176.0496,0.033,2424,0.0000,0.0000,0.0238,0,0,0.367
40.503,0,0,0,-0.6167,1.2333,-0.5932,1.2303,172.4309,0.0000,0.0000,0.0000,-0.6075,1.0656,170.5849,0.014,2431,0.0000,0.0000,0.0236,0,0,0.354
40.607,0,0,0,-0.6167,1.2333,-0.5929,1.2295,172.4257,0.0000,0.0000,0.0000,-0.5614,1.1916,176.0502,0.039,2436,0.0000,0.0000,0.0241,0,0,0.356
40.702,0,0,0,-0.6167,1.2333,-0.5930,1.2303,172.4007,0.0000,0.0000,0.0000,-0.6075,1.0656,170.5849,0.011,2443,0.0000,0.0000,0.0238,0,0,0.355
40.803,0,0,0,-0.6167,1.2333,-0.5928,1.2280,172.3777,0.0000,0.0000,0.0000,-0.5614,1.1916,176.0501,0.035,2448,0.0000,0.0000,0.0244,0,0,0.350
40.900,0,0,0,-0.6167,1.2333,-0.5924,1.2276,172.3193,0.0000,0.0000,0.0000,-0.6641,1.2192,176.0280,0.003,2455,0.0000,0.0000,0.0249,0,0,0.361
41.003,0,0,0,-0.6167,1.2333,-0.5928,1.2267,172.3380,0.0000,0.0000,0.0000,-0.5614,1.1916,176.0499,0.008,2460,0.0000,0.0000,0.0248,0,0,0.378
41.103,0,0,0,-0.6167,1.2333,-0.5934,1.2263,172.3379,0.0000,0.0000,0.0000,-0.6641,1.2192,176.0291,0.014,2465,0.0000,0.0000,0.0243,0,0,0.369
41.203,0,0,0,-0.6167,1.2333,-0.5927,1.2256,172.3048,0.0000,0.0000,0.0000,-0.6075,1.0656,170.5849,0.014,2472,0.0000,0.0000,0.0252,0,0,0.456
41.301,0,0,0,-0.6167,1.2333,-0.5928,1.2267,172.2791,0.0000,0.0000,0.0000,-0.6075,1.0656,170.5849,0.007,2479,0.0000,0.0000,0.0248,0,0,0.369
41.403,0,0,0,-0.6167,1.2333,-0.5926,1.2246,172.2658,0.0000,0.0000,0.0000,-0.5614,1.1916,176.0495,0.031,2484,0.0000,0.0000,0.0256,0,0,0.364
41.501,0,0,0,-0.6167,1.2333,-0.5929,1.2242,172.2360,0.0000,0.0000,0.0000,-0.5614,1.1916,176.0497,0.003,2492,0.0000,0.0000,0.0255,0,0,0.448
41.603,0,0,0,-0.6167,1.2333,-0.5926,1.2236,172.2386,0.0000,0.0000,0.0000,-0.5614,1.1916,176.0502,0.035,2496,0.0000,0.0000,0.0260,0,0,0.372
41.704,0,0,0,-0.6167,1.2333,-0.5928,1.2234,172.2062,0.0000,0.0000,0.0000,-0.5614,1.1916,176.0501,0.002,2504,0.0000,0.0000,0.0258,0,0,0.441
41.807,0,0,0,-0.6167,1.2333,-0.5925,1.2228,172.2112,0.0000,0.0000,0.0000,-0.5614,1.1916,176.0499,0.041,2508,0.0000,0.0000,0.0263,0,0,0.441
41.904,0,0,0,-0.6167,1.2333,-0.5927,1.2241,172.1948,0.0000,0.0000,0.0000,-0.6075,1.0656,170.5849,0.009,2515,0.0000,0.0000,0.0257,0,0,0.427
42.000,0,0,0,-0.6167,1.2333,-0.5925,1.2221,172.1815,0.0000,0.0000,0.0000,-0.5614,1.1916,176.0499,0.032,2520,0.0000,0.0000,0.0267,0,0,0.323
42.101,0,0,0,-0.6167,1.2333,-0.5926,1.2234,172.1696,0.0000,0.0000,0.0000,-0.6075,1.0656,170.5849,0.004,2527,0.0000,0.0000,0.0260,0,0,0.366
42.202,0,0,0,-0.6167,1.2333,-0.5926,1.2245,172.2605,0.0000,0.0000,0.0000,-0.5614,1.1916,176.0502,0.035,2532,0.0000,0.0000,0.0256,0,0,0.375
42.301,0,0,0,-0.6167,1.2333,-0.5933,1.2241,172.2596,0.0000,0.0000,0.0000,-0.5356,1.3886,169.7038,0.003,2538,0.0000,0.0000,0.0251,0,0,0.439
42.403,0,0,0,-0.6167,1.2333,-0.5926,1.2235,172.2263,0.0000,0.0000,0.0000,-0.5614,1.1915,176.0502,0.032,2544,0.0000,0.0000,0.0260,0,0,0.366
42.502,0,0,0,-0.6167,1.2333,-0.5927,1.2218,172.1891,0.0000,0.0000,0.0000,-0.6641,1.2192,176.0288,0.003,2550,0.0000,0.0000,0.0266,0,0,0.330
42.601,0,0,0,-0.6167,1.2333,-0.5926,1.2228,172.2018,0.0000,0.0000,0.0000,-0.5612,1.1916,176.0442,0.011,2556,0.0000,0.0000,0.0263,0,0,0.381
42.701,0,0,0,-0.6167,1.2333,-0.5927,1.2240,172.1832,0.0000,0.0000,0.0000,-0.5614,1.1916,176.0492,0.003,2563,0.0000,0.0000,0.0257,0,0,0.325
42.805,0,0,0,-0.6167,1.2333,-0.5925,1.2220,172.1697,0.0000,0.0000,0.0000,-0.6083,1.0646,170.5247,0.030,2568,0.0000,0.0000,0.0267,0,0,0.445
42.902,0,0,0,-0.6167,1.2333,-0.5928,1.2218,172.1443,0.0000,0.0000,0.0000,-0.6083,1.0646,170.5247,0.010,2575,0.0000,0.0000,0.0265,0,0,0.311
43.005,0,0,0,-0.6167,1.2333,-0.5925,1.2213,172.1463,0.0000,0.0000,0.0000,-0.5614,1.1916,176.0490,0.038,2580,0.0000,0.0000,0.0270,0,0,0.345
43.101,0,0,0,-0.6167,1.2333,-0.5928,1.2212,172.1232,0.0000,0.0000,0.0000,-0.6083,1.0646,170.5247,0.009,2587,0.0000,0.0000,0.0268,0,0,0.445
43.202,0,0,0,-0.6167,1.2333,-0.5925,1.2207,172.1274,0.0000,0.0000,0.0000,-0.5614,1.1916,176.0491,0.035,2592,0.0000,0.0000,0.0273,0,0,0.363
43.303,0,0,0,-0.6167,1.2333,-0.5928,1.2206,172.0996,0.0000,0.0000,0.0000,-0.6083,1.0646,170.5247,0.012,2599,0.0000,0.0000,0.0271,0,0,0.362
43.403,0,0,0,-0.6167,1.2333,-0.5925,1.2201,172.1094,0.0000,0.0000,0.0000,-0.5614,1.1916,176.0491,0.037,2604,0.0000,0.0000,0.0275,0,0,0.336
43.503,0,0,0,-0.6167,1.2333,-0.5928,1.2201,172.0825,0.0000,0.0000,0.0000,-0.6083,1.0646,170.5247,0.009,2611,0.0000,0.0000,0.0273,0,0,0.365
43.601,0,0,0,-0.6167,1.2333,-0.5927,1.2227,172.1876,0.0000,0.0000,0.0000,-0.5614,1.1916,176.0492,0.027,2616,0.0000,0.0000,0.0262,0,0,0.441
43.700,0,0,0,-0.6167,1.2333,-0.5922,1.2227,172.1431,0.0000,0.0000,0.0000,-0.6641,1.2192,176.0289,0.004,2623,0.0000,0.0000,0.0267,0,0,0.367
43.803,0,0,0,-0.6167,1.2333,-0.5928,1.2252,172.2760,0.0000,0.0000,0.0000,-0.5614,1.1916,176.0497,0.014,2628,0.0000,0.0000,0.0252,0,0,0.383
43.904,0,0,0,-0.6167,1.2333,-0.5934,1.2249,172.2768,0.0000,0.0000,0.0000,-0.5357,1.3886,169.7095,0.008,2634,0.0000,0.0000,0.0248,0,0,0.355
44.000,0,0,0,-0.6167,1.2333,-0.5926,1.2244,172.2546,0.0000,0.0000,0.0000,-0.6056,1.0712,170.8314,0.023,2640,0.0000,0.0000,0.0257,0,0,0.326
44.100,0,0,0,-0.6167,1.2333,-0.5929,1.2241,172.2283,0.0000,0.0000,0.0000,-0.6056,1.0712,170.8314,0.012,2647,0.0000,0.0000,0.0255,0,0,0.363
44.202,0,0,0,-0.6167,1.2333,-0.5925,1.2236,172.2329,0.0000,0.0000,0.0000,-0.5613,1.1916,176.0481,0.033,2652,0.0000,0.0000,0.0260,0,0,0.357
44.302,0,0,0,-0.6167,1.2333,-0.5926,1.2249,172.2159,0.0000,0.0000,0.0000,-0.6055,1.0712,170.8295,0.009,2659,0.0000,0.0000,0.0255,0,0,0.331
44.407,0,0,0,-0.6167,1.2333,-0.5924,1.2229,172.2096,0.0000,0.0000,0.0000,-0.5614,1.1916,176.0500,0.041,2664,0.0000,0.0000,0.0264,0,0,0.441
44.503,0,0,0,-0.6167,1.2333,-0.5927,1.2228,172.1813,0.0000,0.0000,0.0000,-0.6055,1.0712,170.8295,0.013,2671,0.0000,0.0000,0.0262,0,0,0.313
44.603,0,0,0,-0.6167,1.2333,-0.5924,1.2223,172.1881,0.0000,0.0000,0.0000,-0.5614,1.1916,176.0486,0.032,2676,0.0000,0.0000,0.0267,0,0,0.342
44.703,0,0,0,-0.6167,1.2333,-0.5926,1.2222,172.1601,0.0000,0.0000,0.0000,-0.6055,1.0712,170.8295,0.012,2683,0.0000,0.0000,0.0265,0,0,0.325
44.805,0,0,0,-0.6167,1.2333,-0.5923,1.2218,172.1679,0.0000,0.0000,0.0000,-0.5614,1.1916,176.0498,0.038,2688,0.0000,0.0000,0.0270,0,0,0.345
44.904,0,0,0,-0.6167,1.2333,-0.5919,1.2218,172.1147,0.0000,0.0000,0.0000,-0.6641,1.2192,176.0277,0.007,2695,0.0000,0.0000,0.0274,0,0,0.442
45.004,0,0,0,-0.6167,1.2333,-0.5925,1.2216,172.1196,0.0000,0.0000,0.0000,-0.5614,1.1916,176.0496,0.002,2700,0.0000,0.0000,0.0269,0,0,0.290
45.101,0,0,0,-0.6167,1.2333,-0.5923,1.2198,172.1184,0.0000,0.0000,0.0000,-0.6641,1.2192,176.0288,0.005,2706,0.0000,0.0000,0.0279,0,0,0.363
45.202,0,0,0,-0.6167,1.2333,-0.5921,1.2210,172.1336,0.0000,0.0000,0.0000,-0.6055,1.0712,170.8295,0.014,2712,0.0000,0.0000,0.0275,0,0,0.345
45.303,0,0,0,-0.6167,1.2333,-0.5922,1.2224,172.1228,0.0000,0.0000,0.0000,-0.5357,1.3886,169.7089,0.016,2718,0.0000,0.0000,0.0268,0,0,0.438
45.403,0,0,0,-0.6167,1.2333,-0.5921,1.2206,172.1223,0.0000,0.0000,0.0000,-0.5614,1.1916,176.0499,0.035,2724,0.0000,0.0000,0.0277,0,0,0.339
45.503,0,0,0,-0.6167,1.2333,-0.5923,1.2206,172.0968,0.0000,0.0000,0.0000,-0.5614,1.1916,176.0498,0.002,2732,0.0000,0.0000,0.0275,0,0,0.449
45.607,0,0,0,-0.6167,1.2333,-0.5920,1.2202,172.1066,0.0000,0.0000,0.0000,-0.5613,1.1916,176.0483,0.039,2736,0.0000,0.0000,0.0279,0,0,0.440
45.703,0,0,0,-0.6167,1.2333,-0.5923,1.2203,172.0870,0.0000,0.0000,0.0000,-0.5613,1.1916,176.0461,0.002,2744,0.0000,0.0000,0.0277,0,0,0.339
45.802,0,0,0,-0.6167,1.2333,-0.5920,1.2199,172.0955,0.0000,0.0000,0.0000,-0.5613,1.1916,176.0476,0.035,2748,0.0000,0.0000,0.0281,0,0,0.344
45.902,0,0,0,-0.6167,1.2333,-0.5922,1.2200,172.0715,0.0000,0.0000,0.0000,-0.6055,1.0712,170.8295,0.011,2755,0.0000,0.0000,0.0278,0,0,0.453
46.003,0,0,0,-0.6167,1.2333,-0.5919,1.2196,172.0811,0.0000,0.0000,0.0000,-0.5614,1.1916,176.0488,0.035,2760,0.0000,0.0000,0.0283,0,0,0.350
46.104,0,0,0,-0.6167,1.2333,-0.5922,1.2197,172.0606,0.0000,0.0000,0.0000,-0.5613,1.1916,176.0486,0.002,2768,0.0000,0.0000,0.0280,0,0,0.350
46.202,0,0,0,-0.6167,1.2333,-0.5919,1.2194,172.0729,0.0000,0.0000,0.0000,-0.5614,1.1916,176.0493,0.035,2772,0.0000,0.0000,0.0284,0,0,0.350
46.303,0,0,0,-0.6167,1.2333,-0.5926,1.2193,172.0797,0.0000,0.0000,0.0000,-0.5357,1.3886,169.7097,0.003,2779,0.0000,0.0000,0.0279,0,0,0.361
46.403,0,0,0,-0.6167,1.2333,-0.5919,1.2192,172.0594,0.0000,0.0000,0.0000,-0.5614,1.1916,176.0490,0.028,2784,0.0000,0.0000,0.0285,0,0,0.359
46.502,0,0,0,-0.6167,1.2333,-0.5920,1.2177,172.0309,0.0000,0.0000,0.0000,-0.6642,1.2192,176.0278,0.002,2791,0.0000,0.0000,0.0292,0,0,0.343
46.601,0,0,0,-0.6167,1.2333,-0.5924,1.2223,172.1273,0.0000,0.0000,0.0000,-0.5611,1.1916,176.0433,0.005,2796,0.0000,0.0000,0.0267,0,0,0.370
46.702,0,0,0,-0.6167,1.2333,-0.5922,1.2234,172.1429,0.0000,0.0000,0.0000,-0.5613,1.1917,176.0482,0.003,2803,0.0000,0.0000,0.0264,0,0,0.338
46.804,0,0,0,-0.6167,1.2333,-0.5920,1.2215,172.1415,0.0000,0.0000,0.0000,-0.6060,1.0704,170.7863,0.032,2808,0.0000,0.0000,0.0273,0,0,0.314
46.903,0,0,0,-0.6167,1.2333,-0.5923,1.2214,172.1178,0.0000,0.0000,0.0000,-0.6059,1.0704,170.7849,0.014,2815,0.0000,0.0000,0.0271,0,0,0.355
47.002,0,0,0,-0.6167,1.2333,-0.5920,1.2210,172.1247,0.0000,0.0000,0.0000,-0.5358,1.3886,169.7115,0.003,2821,0.0000,0.0000,0.0276,0,0,0.385
47.103,0,0,0,-0.6167,1.2333,-0.5923,1.2210,172.0998,0.0000,0.0000,0.0000,-0.6059,1.0704,170.7849,0.011,2827,0.0000,0.0000,0.0273,0,0,0.347
47.201,0,0,0,-0.6167,1.2333,-0.5920,1.2206,172.1074,0.0000,0.0000,0.0000,-0.5613,1.1917,176.0483,0.035,2832,0.0000,0.0000,0.0278,0,0,0.454
47.301,0,0,0,-0.6167,1.2333,-0.5922,1.2206,172.0874,0.0000,0.0000,0.0000,-0.5613,1.1916,176.0487,0.003,2840,0.0000,0.0000,0.0275,0,0,0.318
47.404,0,0,0,-0.6167,1.2333,-0.5919,1.2202,172.0974,0.0000,0.0000,0.0000,-0.5613,1.1916,176.0493,0.036,2844,0.0000,0.0000,0.0280,0,0,0.371
47.502,0,0,0,-0.6167,1.2333,-0.5922,1.2203,172.0762,0.0000,0.0000,0.0000,-0.6059,1.0704,170.7849,0.021,2851,0.0000,0.0000,0.0277,0,0,0.358
47.604,0,0,0,-0.6167,1.2333,-0.5919,1.2199,172.0836,0.0000,0.0000,0.0000,-0.5613,1.1916,176.0495,0.037,2856,0.0000,0.0000,0.0282,0,0,0.364
47.701,0,0,0,-0.6167,1.2333,-0.5915,1.2200,172.0381,0.0000,0.0000,0.0000,-0.6059,1.0704,170.7848,0.005,2862,0.0000,0.0000,0.0285,0,0,0.325
47.801,0,0,0,-0.6167,1.2333,-0.5922,1.2199,172.0495,0.0000,0.0000,0.0000,-0.5613,1.1916,176.0494,0.013,2868,0.0000,0.0000,0.0279,0,0,0.329
47.903,0,0,0,-0.6167,1.2333,-0.5926,1.2195,172.0852,0.0000,0.0000,0.0000,-0.6642,1.2192,176.0280,0.017,2873,0.0000,0.0000,0.0278,0,0,0.368
48.001,0,0,0,-0.6167,1.2333,-0.5921,1.2197,172.0366,0.0000,0.0000,0.0000,-0.5613,1.1916,176.0494,0.004,2880,0.0000,0.0000,0.0281,0,0,0.366
48.101,0,0,0,-0.6167,1.2333,-0.5921,1.2195,172.0495,0.0000,0.0000,0.0000,-0.5613,1.1916,176.0494,0.003,2888,0.0000,0.0000,0.0282,0,0,0.365
48.205,0,0,0,-0.6167,1.2333,-0.5918,1.2192,172.0596,0.0000,0.0000,0.0000,-0.5613,1.1916,176.0492,0.036,2892,0.0000,0.0000,0.0286,0,0,0.384
48.304,0,0,0,-0.6167,1.2333,-0.5920,1.2207,172.0447,0.0000,0.0000,0.0000,-0.5614,1.1916,176.0505,0.002,2900,0.0000,0.0000,0.0277,0,0,0.352
48.408,0,0,0,-0.6167,1.2333,-0.5918,1.2190,172.0486,0.0000,0.0000,0.0000,-0.5613,1.1916,176.0492,0.041,2904,0.0000,0.0000,0.0287,0,0,0.436
48.503,0,0,0,-0.6167,1.2333,-0.5923,1.2220,172.1264,0.0000,0.0000,0.0000,-0.6062,1.0700,170.7721,0.015,2911,0.0000,0.0000,0.0268,0,0,0.340
48.604,0,0,0,-0.6167,1.2333,-0.5920,1.2216,172.1367,0.0000,0.0000,0.0000,-0.5614,1.1916,176.0507,0.037,2916,0.0000,0.0000,0.0273,0,0,0.369
48.703,0,0,0,-0.6167,1.2333,-0.5923,1.2215,172.1127,0.0000,0.0000,0.0000,-0.5614,1.1916,176.0506,0.002,2924,0.0000,0.0000,0.0271,0,0,0.332
48.804,0,0,0,-0.6167,1.2333,-0.5920,1.2211,172.1232,0.0000,0.0000,0.0000,-0.5614,1.1916,176.0508,0.037,2928,0.0000,0.0000,0.0275,0,0,0.437
48.901,0,0,0,-0.6167,1.2333,-0.5923,1.2211,172.0995,0.0000,0.0000,0.0000,-0.6061,1.0700,170.7675,0.009,2935,0.0000,0.0000,0.0273,0,0,0.356
49.002,0,0,0,-0.6167,1.2333,-0.5920,1.2206,172.1086,0.0000,0.0000,0.0000,-0.5614,1.1915,176.0504,0.034,2940,0.0000,0.0000,0.0278,0,0,0.331
49.102,0,0,0,-0.6167,1.2333,-0.5928,1.2191,172.1025,0.0000,0.0000,0.0000,-0.5614,1.1915,176.0506,0.003,2947,0.0000,0.0000,0.0278,0,0,0.357
49.204,0,0,0,-0.6167,1.2333,-0.5919,1.2203,172.0935,0.0000,0.0000,0.0000,-0.5614,1.1916,176.0504,0.024,2952,0.0000,0.0000,0.0279,0,0,0.366
49.302,0,0,0,-0.6167,1.2333,-0.5927,1.2188,172.0917,0.0000,0.0000,0.0000,-0.5357,1.3886,169.7081,0.003,2959,0.0000,0.0000,0.0280,0,0,0.355
49.402,0,0,0,-0.6167,1.2333,-0.5919,1.2200,172.0796,0.0000,0.0000,0.0000,-0.5614,1.1916,176.0505,0.011,2964,0.0000,0.0000,0.0281,0,0,0.369
49.501,0,0,0,-0.6167,1.2333,-0.5921,1.2214,172.0711,0.0000,0.0000,0.0000,-0.5614,1.1915,176.0504,0.003,2971,0.0000,0.0000,0.0273,0,0,0.384
49.601,0,0,0,-0.6167,1.2333,-0.5921,1.2226,172.1702,0.0000,0.0000,0.0000,-0.6057,1.0702,170.7885,0.020,2976,0.0000,0.0000,0.0268,0,0,0.370
49.703,0,0,0,-0.6167,1.2333,-0.5924,1.2224,172.1455,0.0000,0.0000,0.0000,-0.5614,1.1915,176.0497,0.002,2984,0.0000,0.0000,0.0266,0,0,0.344
49.803,0,0,0,-0.6167,1.2333,-0.5921,1.2220,172.1470,0.0000,0.0000,0.0000,-0.5614,1.1915,176.0498,0.034,2988,0.0000,0.0000,0.0271,0,0,0.368
49.904,0,0,0,-0.6167,1.2333,-0.5922,1.2233,172.1382,0.0000,0.0000,0.0000,-0.6331,1.4089,-174.6389,0.012,2995,0.0000,0.0000,0.0264,0,0,0.439
50.002,0,0,0,-0.6167,1.2333,-0.5923,1.2244,172.2281,0.0000,0.0000,0.0000,-0.5358,1.3886,169.7088,0.004,3001,0.0000,0.0000,0.0260,0,0,0.335
50.101,0,0,0,-0.6167,1.2333,-0.5926,1.2240,172.2003,0.0000,0.0000,0.0000,-0.5614,1.1915,176.0502,0.003,3008,0.0000,0.0000,0.0258,0,0,0.323
50.202,0,0,0,-0.6167,1.2333,-0.5923,1.2234,172.2021,0.0000,0.0000,0.0000,-0.5357,1.3886,169.7058,0.003,3013,0.0000,0.0000,0.0263,0,0,0.373
50.304,0,0,0,-0.6167,1.2333,-0.5926,1.2231,172.1699,0.0000,0.0000,0.0000,-0.5614,1.1915,176.0504,0.002,3020,0.0000,0.0000,0.0262,0,0,0.333
50.402,0,0,0,-0.6167,1.2333,-0.5923,1.2226,172.1721,0.0000,0.0000,0.0000,-0.5614,1.1915,176.0509,0.035,3024,0.0000,0.0000,0.0267,0,0,0.344
50.502,0,0,0,-0.6167,1.2333,-0.5918,1.2239,172.1297,0.0000,0.0000,0.0000,-0.6641,1.2192,176.0280,0.003,3031,0.0000,0.0000,0.0266,0,0,0.374
50.604,0,0,0,-0.6167,1.2333,-0.5926,1.2221,172.1245,0.0000,0.0000,0.0000,-0.5614,1.1915,176.0508,0.013,3036,0.0000,0.0000,0.0266,0,0,0.341
50.701,0,0,0,-0.6167,1.2333,-0.5929,1.2216,172.1539,0.0000,0.0000,0.0000,-0.5357,1.3886,169.7065,0.005,3042,0.0000,0.0000,0.0265,0,0,0.368
50.803,0,0,0,-0.6167,1.2333,-0.5924,1.2242,172.2250,0.0000,0.0000,0.0000,-0.6077,1.0654,170.5784,0.015,3048,0.0000,0.0000,0.0259,0,0,0.447
50.903,0,0,0,-0.6167,1.2333,-0.5926,1.2253,172.2061,0.0000,0.0000,0.0000,-0.6077,1.0654,170.5770,0.009,3055,0.0000,0.0000,0.0254,0,0,0.350
51.001,0,0,0,-0.6167,1.2333,-0.5924,1.2233,172.2024,0.0000,0.0000,0.0000,-0.5614,1.1915,176.0505,0.032,3060,0.0000,0.0000,0.0263,0,0,0.354
51.101,0,0,0,-0.6167,1.2333,-0.5925,1.2245,172.1811,0.0000,0.0000,0.0000,-0.5614,1.1915,176.0506,0.003,3068,0.0000,0.0000,0.0257,0,0,0.440
51.203,0,0,0,-0.6167,1.2333,-0.5924,1.2225,172.1756,0.0000,0.0000,0.0000,-0.5358,1.3886,169.7083,0.002,3073,0.0000,0.0000,0.0266,0,0,0.341
51.302,0,0,0,-0.6167,1.2333,-0.5929,1.2254,172.2477,0.0000,0.0000,0.0000,-0.5614,1.1915,176.0494,0.005,3080,0.0000,0.0000,0.0251,0,0,0.443
51.404,0,0,0,-0.6167,1.2333,-0.5925,1.2248,172.2536,0.0000,0.0000,0.0000,-0.5614,1.1915,176.0505,0.036,3084,0.0000,0.0000,0.0256,0,0,0.349
51.502,0,0,0,-0.6167,1.2333,-0.5928,1.2245,172.2266,0.0000,0.0000,0.0000,-0.5613,1.1915,176.0465,0.005,3092,0.0000,0.0000,0.0255,0,0,0.322
51.601,0,0,0,-0.6167,1.2333,-0.5924,1.2240,172.2310,0.0000,0.0000,0.0000,-0.5614,1.1915,176.0501,0.029,3096,0.0000,0.0000,0.0260,0,0,0.349
51.702,0,0,0,-0.6167,1.2333,-0.5920,1.2238,172.1762,0.0000,0.0000,0.0000,-0.6641,1.2192,176.0271,0.002,3103,0.0000,0.0000,0.0264,0,0,0.466
51.802,0,0,0,-0.6167,1.2333,-0.5924,1.2233,172.2073,0.0000,0.0000,0.0000,-0.5614,1.1915,176.0500,0.013,3108,0.0000,0.0000,0.0263,0,0,0.456
51.904,0,0,0,-0.6167,1.2333,-0.5930,1.2230,172.2107,0.0000,0.0000,0.0000,-0.6054,1.0711,170.8273,0.011,3114,0.0000,0.0000,0.0258,0,0,0.371
52.001,0,0,0,-0.6167,1.2333,-0.5923,1.2227,172.1896,0.0000,0.0000,0.0000,-0.6054,1.0711,170.8273,0.010,3120,0.0000,0.0000,0.0266,0,0,0.356
52.103,0,0,0,-0.6167,1.2333,-0.5924,1.2240,172.1743,0.0000,0.0000,0.0000,-0.5358,1.3886,169.7097,0.009,3126,0.0000,0.0000,0.0260,0,0,0.360
52.202,0,0,0,-0.6167,1.2333,-0.5922,1.2221,172.1734,0.0000,0.0000,0.0000,-0.5614,1.1915,176.0498,0.034,3132,0.0000,0.0000,0.0269,0,0,0.347
52.304,0,0,0,-0.6167,1.2333,-0.5924,1.2220,172.1487,0.0000,0.0000,0.0000,-0.5614,1.1915,176.0498,0.002,3140,0.0000,0.0000,0.0267,0,0,0.340
52.402,0,0,0,-0.6167,1.2333,-0.5921,1.2216,172.1521,0.0000,0.0000,0.0000,-0.5614,1.1915,176.0504,0.033,3144,0.0000,0.0000,0.0272,0,0,0.389
52.502,0,0,0,-0.6167,1.2333,-0.5924,1.2216,172.1342,0.0000,0.0000,0.0000,-0.5614,1.1915,176.0505,0.003,3152,0.0000,0.0000,0.0270,0,0,0.336
52.604,0,0,0,-0.6167,1.2333,-0.5921,1.2211,172.1404,0.0000,0.0000,0.0000,-0.5614,1.1915,176.0508,0.036,3156,0.0000,0.0000,0.0275,0,0,0.377
52.702,0,0,0,-0.6167,1.2333,-0.5925,1.2240,172.2145,0.0000,0.0000,0.0000,-0.5614,1.1915,176.0514,0.004,3164,0.0000,0.0000,0.0258,0,0,0.449
52.803,0,0,0,-0.6167,1.2333,-0.5953,1.2188,172.3084,0.0000,0.0000,0.0000,-0.5345,1.3914,169.6456,0.003,3169,0.0000,0.0000,0.0259,0,0,0.331
52.903,0,0,0,-0.6167,1.2333,-0.5952,1.2204,172.2873,0.0000,0.0000,0.0000,-0.6277,1.3989,-175.1256,0.009,3175,0.0000,0.0000,0.0251,0,0,0.346
53.004,0,0,0,-0.6167,1.2333,-0.5951,1.2216,172.3743,0.0000,0.0000,0.0000,-0.5345,1.3914,169.6458,0.003,3181,0.0000,0.0000,0.0246,0,0,0.367
53.100,0,0,0,-0.6167,1.2333,-0.5957,1.2199,172.3566,0.0000,0.0000,0.0000,-0.8721,0.8707,-177.9710,0.003,3187,0.0000,0.0000,0.0249,0,0,0.351
53.203,0,0,0,-0.6167,1.2333,-0.5977,1.2165,172.4156,0.0000,0.0000,0.0000,-0.5614,1.1915,176.0505,0.027,3192,0.0000,0.0000,0.0254,0,0,0.373
53.303,0,0,0,-0.6167,1.2333,-0.5975,1.2151,172.3761,0.0000,0.0000,0.0000,-0.5303,1.3940,169.5634,0.008,3198,0.0000,0.0000,0.0264,0,0,0.358
53.402,0,0,0,-0.6167,1.2333,-0.5972,1.2169,172.3481,0.0000,0.0000,0.0000,-0.5613,1.1915,176.0468,0.005,3204,0.0000,0.0000,0.0254,0,0,0.349
53.503,0,0,0,-0.6167,1.2333,-0.5973,1.2167,172.3671,0.0000,0.0000,0.0000,-0.5614,1.1915,176.0507,0.002,3211,0.0000,0.0000,0.0255,0,0,0.324
53.602,0,0,0,-0.6167,1.2333,-0.5962,1.2167,172.3361,0.0000,0.0000,0.0000,-0.5303,1.3940,169.5649,0.003,3217,0.0000,0.0000,0.0263,0,0,0.435
53.703,0,0,0,-0.6167,1.2333,-0.5962,1.2170,172.2987,0.0000,0.0000,0.0000,-0.5614,1.1915,176.0502,0.006,3224,0.0000,0.0000,0.0262,0,0,0.365
53.802,0,0,0,-0.6167,1.2333,-0.5957,1.2168,172.2923,0.0000,0.0000,0.0000,-0.5614,1.1915,176.0508,0.035,3228,0.0000,0.0000,0.0267,0,0,0.449
53.902,0,0,0,-0.6167,1.2333,-0.5956,1.2170,172.2579,0.0000,0.0000,0.0000,-0.6073,1.0661,170.6071,0.016,3235,0.0000,0.0000,0.0266,0,0,0.352
54.005,0,0,0,-0.6167,1.2333,-0.5952,1.2168,172.2571,0.0000,0.0000,0.0000,-0.5614,1.1915,176.0507,0.039,3240,0.0000,0.0000,0.0271,0,0,0.342
54.101,0,0,0,-0.6167,1.2333,-0.5951,1.2171,172.2249,0.0000,0.0000,0.0000,-0.5614,1.1915,176.0506,0.003,3248,0.0000,0.0000,0.0270,0,0,0.372
54.208,0,0,0,-0.6167,1.2333,-0.5947,1.2169,172.2259,0.0000,0.0000,0.0000,-0.5614,1.1915,176.0501,0.042,3252,0.0000,0.0000,0.0275,0,0,0.359
54.300,0,0,0,-0.6167,1.2333,-0.5947,1.2171,172.1951,0.0000,0.0000,0.0000,-0.5614,1.1915,176.0508,0.003,3260,0.0000,0.0000,0.0273,0,0,0.356
54.404,0,0,0,-0.6167,1.2333,-0.5943,1.2169,172.1947,0.0000,0.0000,0.0000,-0.5304,1.3940,169.5686,0.002,3265,0.0000,0.0000,0.0278,0,0,0.326
54.501,0,0,0,-0.6167,1.2333,-0.5937,1.2172,172.1411,0.0000,0.0000,0.0000,-0.6641,1.2192,176.0277,0.003,3271,0.0000,0.0000,0.0281,0,0,0.357
54.601,0,0,0,-0.6167,1.2333,-0.5942,1.2172,172.1470,0.0000,0.0000,0.0000,-0.5614,1.1915,176.0501,0.009,3276,0.0000,0.0000,0.0276,0,0,0.343
54.701,0,0,0,-0.6167,1.2333,-0.5944,1.2170,172.1759,0.0000,0.0000,0.0000,-0.5304,1.3940,169.5657,0.003,3282,0.0000,0.0000,0.0276,0,0,0.446
54.803,0,0,0,-0.6167,1.2333,-0.5936,1.2170,172.1489,0.0000,0.0000,0.0000,-0.5614,1.1915,176.0491,0.016,3288,0.0000,0.0000,0.0283,0,0,0.321
54.901,0,0,0,-0.6167,1.2333,-0.5936,1.2173,172.1214,0.0000,0.0000,0.0000,-0.5614,1.1915,176.0500,0.003,3296,0.0000,0.0000,0.0281,0,0,0.444
55.003,0,0,0,-0.6167,1.2333,-0.5933,1.2171,172.1249,0.0000,0.0000,0.0000,-0.5614,1.1915,176.0499,0.037,3300,0.0000,0.0000,0.0285,0,0,0.450
55.101,0,0,0,-0.6167,1.2333,-0.5934,1.2173,172.1003,0.0000,0.0000,0.0000,-0.5614,1.1915,176.0501,0.003,3308,0.0000,0.0000,0.0283,0,0,0.362
55.204,0,0,0,-0.6167,1.2333,-0.5932,1.2201,172.2090,0.0000,0.0000,0.0000,-0.5614,1.1915,176.0509,0.036,3312,0.0000,0.0000,0.0270,0,0,0.350
55.301,0,0,0,-0.6167,1.2333,-0.5933,1.2202,172.1781,0.0000,0.0000,0.0000,-0.5614,1.1915,176.0510,0.003,3320,0.0000,0.0000,0.0268,0,0,0.376
55.404,0,0,0,-0.6167,1.2333,-0.5929,1.2198,172.1745,0.0000,0.0000,0.0000,-0.5614,1.1915,176.0507,0.039,3324,0.0000,0.0000,0.0273,0,0,0.373
55.501,0,0,0,-0.6167,1.2333,-0.5932,1.2229,172.2523,0.0000,0.0000,0.0000,-0.5614,1.1915,176.0507,0.003,3332,0.0000,0.0000,0.0257,0,0,0.435
55.604,0,0,0,-0.6167,1.2333,-0.5929,1.2224,172.2498,0.0000,0.0000,0.0000,-0.5614,1.1915,176.0514,0.036,3336,0.0000,0.0000,0.0262,0,0,0.439
55.702,0,0,0,-0.6167,1.2333,-0.5932,1.2253,172.3219,0.0000,0.0000,0.0000,-0.5614,1.1915,176.0508,0.002,3344,0.0000,0.0000,0.0248,0,0,0.353
55.803,0,0,0,-0.6167,1.2333,-0.5928,1.2248,172.3195,0.0000,0.0000,0.0000,-0.5614,1.1915,176.0504,0.035,3348,0.0000,0.0000,0.0253,0,0,0.372
55.904,0,0,0,-0.6167,1.2333,-0.5935,1.2231,172.3085,0.0000,0.0000,0.0000,-0.6641,1.2192,176.0264,0.015,3354,0.0000,0.0000,0.0253,0,0,0.375
56.003,0,0,0,-0.6167,1.2333,-0.5925,1.2242,172.2882,0.0000,0.0000,0.0000,-0.5614,1.1915,176.0508,0.015,3360,0.0000,0.0000,0.0258,0,0,0.373
56.102,0,0,0,-0.6167,1.2333,-0.5926,1.2226,172.2517,0.0000,0.0000,0.0000,-0.6058,1.0704,170.7915,0.017,3365,0.0000,0.0000,0.0264,0,0,0.433
56.201,0,0,0,-0.6167,1.2333,-0.5923,1.2236,172.2581,0.0000,0.0000,0.0000,-0.5614,1.1915,176.0505,0.014,3372,0.0000,0.0000,0.0262,0,0,0.351
56.300,0,0,0,-0.6167,1.2333,-0.5923,1.2250,172.2372,0.0000,0.0000,0.0000,-0.5614,1.1915,176.0514,0.004,3379,0.0000,0.0000,0.0258,0,0,0.441
56.402,0,0,0,-0.6167,1.2333,-0.5923,1.2261,172.3268,0.0000,0.0000,0.0000,-0.5614,1.1915,176.0512,0.036,3384,0.0000,0.0000,0.0254,0,0,0.373
56.501,0,0,0,-0.6167,1.2333,-0.5925,1.2257,172.2897,0.0000,0.0000,0.0000,-0.5614,1.1915,176.0513,0.002,3392,0.0000,0.0000,0.0253,0,0,0.344
56.601,0,0,0,-0.6167,1.2333,-0.5953,1.2203,172.3784,0.0000,0.0000,0.0000,-0.8695,0.8722,-178.0209,0.003,3397,0.0000,0.0000,0.0250,0,0,0.295
56.702,0,0,0,-0.6167,1.2333,-0.6013,1.2110,172.5041,0.0000,0.0000,0.0000,-0.5613,1.1915,176.0473,0.005,3404,0.0000,0.0000,0.0271,0,0,0.379
56.804,0,0,0,-0.6167,1.2333,-0.6037,1.2063,172.5847,0.0000,0.0000,0.0000,-0.8696,0.8725,-178.0254,0.004,3409,0.0000,0.0000,0.0300,0,0,0.448
56.902,0,0,0,-0.6167,1.2333,-0.6092,1.1978,172.7008,0.0000,0.0000,0.0000,-0.6084,1.0623,170.4544,0.021,3415,0.0000,0.0000,0.0363,0,0,0.350
57.001,0,0,0,-0.6167,1.2333,-0.6112,1.1937,172.7736,0.0000,0.0000,0.0000,-0.5614,1.1915,176.0512,0.036,3420,0.0000,0.0000,0.0400,0,0,0.374
57.100,0,0,0,-0.6167,1.2333,-0.6163,1.1860,172.8843,0.0000,0.0000,0.0000,-0.5614,1.1915,176.0506,0.003,3428,0.0000,0.0000,0.0473,0,0,0.466
57.204,0,0,0,-0.6167,1.2333,-0.6180,1.1825,172.9472,0.0000,0.0000,0.0000,-0.5614,1.1915,176.0504,0.032,3432,0.0000,0.0000,0.0509,0,0,0.380
57.301,0,0,0,-0.6167,1.2333,-0.6223,1.1750,173.0229,0.0000,0.0000,0.0000,-0.6641,1.2191,176.0275,0.005,3439,0.0000,0.0000,0.0586,0,0,0.354
57.402,0,0,0,-0.6167,1.2333,-0.6241,1.1723,173.1023,0.0000,0.0000,0.0000,-0.5614,1.1915,176.0509,0.014,3444,0.0000,0.0000,0.0614,0,0,0.355
57.503,0,0,0,-0.6167,1.2333,-0.6263,1.1696,173.1550,0.0000,0.0000,0.0000,-0.8701,0.8734,-178.0422,0.007,3450,0.0000,0.0000,0.0644,0,0,0.357
57.605,0,0,0,-0.6167,1.2333,-0.6296,1.1632,173.2535,0.0000,0.0000,0.0000,-0.6084,1.0623,170.4544,0.030,3456,0.0000,0.0000,0.0713,0,0,0.369
57.704,0,0,0,-0.6167,1.2333,-0.6328,1.1578,173.3511,0.0000,0.0000,0.0000,-0.5614,1.1915,176.0509,0.002,3464,0.0000,0.0000,0.0773,0,0,0.358
57.800,0,0,0,-0.6167,1.2333,-0.6313,1.1599,173.3009,0.0000,0.0000,0.0000,-0.5614,1.1915,176.0504,0.034,3468,0.0000,0.0000,0.0749,0,0,0.424
57.902,0,0,0,-0.6167,1.2333,-0.6291,1.1636,173.2125,0.0000,0.0000,0.0000,-0.6084,1.0623,170.4544,0.019,3475,0.0000,0.0000,0.0709,0,0,0.333
58.003,0,0,0,-0.6167,1.2333,-0.6272,1.1657,173.1843,0.0000,0.0000,0.0000,-0.5614,1.1915,176.0500,0.037,3480,0.0000,0.0000,0.0684,0,0,0.351
58.102,0,0,0,-0.6167,1.2333,-0.6252,1.1691,173.1011,0.0000,0.0000,0.0000,-0.5614,1.1915,176.0502,0.005,3488,0.0000,0.0000,0.0648,0,0,0.442
58.202,0,0,0,-0.6167,1.2333,-0.6234,1.1710,173.0708,0.0000,0.0000,0.0000,-0.5614,1.1915,176.0505,0.037,3492,0.0000,0.0000,0.0627,0,0,0.340
58.302,0,0,0,-0.6167,1.2333,-0.6217,1.1740,172.9999,0.0000,0.0000,0.0000,-0.6084,1.0624,170.4533,0.017,3499,0.0000,0.0000,0.0595,0,0,0.445
58.400,0,0,0,-0.6167,1.2333,-0.6201,1.1757,172.9780,0.0000,0.0000,0.0000,-0.5614,1.1915,176.0515,0.034,3504,0.0000,0.0000,0.0578,0,0,0.354
58.503,0,0,0,-0.6167,1.2333,-0.6182,1.1780,172.8815,0.0000,0.0000,0.0000,-0.6641,1.2192,176.0270,0.007,3511,0.0000,0.0000,0.0553,0,0,0.366
58.603,0,0,0,-0.6167,1.2333,-0.6176,1.1798,172.8616,0.0000,0.0000,0.0000,-0.5614,1.1915,176.0499,0.010,3516,0.0000,0.0000,0.0535,0,0,0.356
58.703,0,0,0,-0.6167,1.2333,-0.6167,1.1836,172.9397,0.0000,0.0000,0.0000,-0.6091,1.0620,170.4253,0.015,3522,0.0000,0.0000,0.0497,0,0,0.367
58.804,0,0,0,-0.6167,1.2333,-0.6146,1.1867,172.8922,0.0000,0.0000,0.0000,-0.5614,1.1915,176.0505,0.020,3528,0.0000,0.0000,0.0467,0,0,0.379
58.902,0,0,0,-0.6167,1.2333,-0.6135,1.1899,172.8460,0.0000,0.0000,0.0000,-0.6090,1.0620,170.4225,0.004,3535,0.0000,0.0000,0.0435,0,0,0.437
59.003,0,0,0,-0.6167,1.2333,-0.6122,1.1897,172.8055,0.0000,0.0000,0.0000,-0.5334,1.3909,169.6423,0.003,3541,0.0000,0.0000,0.0439,0,0,0.376
59.102,0,0,0,-0.6167,1.2333,-0.6112,1.1915,172.7479,0.0000,0.0000,0.0000,-0.6089,1.0620,170.4196,0.016,3547,0.0000,0.0000,0.0421,0,0,0.439
59.202,0,0,0,-0.6167,1.2333,-0.6101,1.1924,172.7302,0.0000,0.0000,0.0000,-0.5614,1.1915,176.0509,0.037,3552,0.0000,0.0000,0.0414,0,0,0.310
59.301,0,0,0,-0.6167,1.2333,-0.6092,1.1941,172.6692,0.0000,0.0000,0.0000,-0.5614,1.1915,176.0513,0.002,3560,0.0000,0.0000,0.0399,0,0,0.381
59.401,0,0,0,-0.6167,1.2333,-0.6082,1.1948,172.6579,0.0000,0.0000,0.0000,-0.5614,1.1915,176.0514,0.038,3564,0.0000,0.0000,0.0394,0,0,0.448
59.502,0,0,0,-0.6167,1.2333,-0.6074,1.1964,172.6014,0.0000,0.0000,0.0000,-0.5613,1.1915,176.0490,0.005,3572,0.0000,0.0000,0.0381,0,0,0.360
59.607,0,0,0,-0.6167,1.2333,-0.6064,1.1970,172.5896,0.0000,0.0000,0.0000,-0.5335,1.3909,169.6457,0.002,3577,0.0000,0.0000,0.0377,0,0,0.377
59.702,0,0,0,-0.6167,1.2333,-0.6058,1.1984,172.5391,0.0000,0.0000,0.0000,-0.5614,1.1915,176.0507,0.005,3584,0.0000,0.0000,0.0366,0,0,0.386
59.804,0,0,0,-0.6167,1.2333,-0.6049,1.1990,172.5324,0.0000,0.0000,0.0000,-0.5614,1.1915,176.0507,0.038,3588,0.0000,0.0000,0.0363,0,0,0.442
59.903,0,0,0,-0.6167,1.2333,-0.6050,1.1998,172.5214,0.0000,0.0000,0.0000,-0.6089,1.0620,170.4196,0.002,3595,0.0000,0.0000,0.0355,0,0,0.389
60.002,0,0,0,-0.6167,1.2333,-0.6037,1.2039,172.5804,0.0000,0.0000,0.0000,-0.5613,1.1915,176.0494,0.028,3600,0.0000,0.0000,0.0322,0,0,0.351
60.102,0,0,0,-0.6167,1.2333,-0.6033,1.2031,172.5288,0.0000,0.0000,0.0000,-0.6641,1.2192,176.0255,0.002,3607,0.0000,0.0000,0.0331,0,0,0.444
60.203,0,0,0,-0.6167,1.2333,-0.6024,1.2054,172.5288,0.0000,0.0000,0.0000,-0.5614,1.1915,176.0511,0.011,3612,0.0000,0.0000,0.0314,0,0,0.332
60.302,0,0,0,-0.6167,1.2333,-0.6019,1.2077,172.4979,0.0000,0.0000,0.0000,-0.5614,1.1915,176.0511,0.006,3619,0.0000,0.0000,0.0296,0,0,0.338
60.403,0,0,0,-0.6167,1.2333,-0.6012,1.2066,172.4771,0.0000,0.0000,0.0000,-0.6063,1.0696,170.7463,0.028,3624,0.0000,0.0000,0.0309,0,0,0.445
60.503,0,0,0,-0.6167,1.2333,-0.6008,1.2076,172.4370,0.0000,0.0000,0.0000,-0.6063,1.0696,170.7463,0.017,3631,0.0000,0.0000,0.0303,0,0,0.359
60.601,0,0,0,-0.6167,1.2333,-0.6001,1.2078,172.4364,0.0000,0.0000,0.0000,-0.5612,1.1915,176.0471,0.035,3636,0.0000,0.0000,0.0304,0,0,0.377
60.701,0,0,0,-0.6167,1.2333,-0.5999,1.2086,172.3960,0.0000,0.0000,0.0000,-0.5614,1.1915,176.0517,0.003,3644,0.0000,0.0000,0.0299,0,0,0.346
60.803,0,0,0,-0.6167,1.2333,-0.5992,1.2088,172.3951,0.0000,0.0000,0.0000,-0.5614,1.1915,176.0516,0.038,3648,0.0000,0.0000,0.0301,0,0,0.428
60.902,0,0,0,-0.6167,1.2333,-0.5990,1.2096,172.3540,0.0000,0.0000,0.0000,-0.6063,1.0696,170.7452,0.012,3655,0.0000,0.0000,0.0296,0,0,0.398
61.004,0,0,0,-0.6167,1.2333,-0.5984,1.2097,172.3508,0.0000,0.0000,0.0000,-0.5614,1.1915,176.0516,0.038,3660,0.0000,0.0000,0.0299,0,0,0.367
61.101,0,0,0,-0.6167,1.2333,-0.5982,1.2104,172.3170,0.0000,0.0000,0.0000,-0.5614,1.1915,176.0512,0.003,3668,0.0000,0.0000,0.0294,0,0,0.452
61.203,0,0,0,-0.6167,1.2333,-0.5976,1.2105,172.3202,0.0000,0.0000,0.0000,-0.5614,1.1915,176.0515,0.037,3672,0.0000,0.0000,0.0297,0,0,0.445
61.303,0,0,0,-0.6167,1.2333,-0.5975,1.2094,172.2794,0.0000,0.0000,0.0000,-0.6641,1.2191,176.0265,0.003,3679,0.0000,0.0000,0.0307,0,0,0.336
61.403,0,0,0,-0.6167,1.2333,-0.5970,1.2113,172.2866,0.0000,0.0000,0.0000,-0.5614,1.1915,176.0509,0.010,3684,0.0000,0.0000,0.0296,0,0,0.342
61.501,0,0,0,-0.6167,1.2333,-0.5974,1.2116,172.2861,0.0000,0.0000,0.0000,-0.6295,1.4031,-174.9221,0.002,3690,0.0000,0.0000,0.0291,0,0,0.438
61.602,0,0,0,-0.6167,1.2333,-0.5968,1.2152,172.3345,0.0000,0.0000,0.0000,-0.5614,1.1915,176.0517,0.013,3696,0.0000,0.0000,0.0269,0,0,0.357
61.702,0,0,0,-0.6167,1.2333,-0.5964,1.2153,172.3239,0.0000,0.0000,0.0000,-0.5614,1.1915,176.0516,0.005,3704,0.0000,0.0000,0.0271,0,0,0.363
61.802,0,0,0,-0.6167,1.2333,-0.5961,1.2182,172.4210,0.0000,0.0000,0.0000,-0.5335,1.3909,169.6451,0.003,3709,0.0000,0.0000,0.0255,0,0,0.355
61.902,0,0,0,-0.6167,1.2333,-0.5961,1.2183,172.3818,0.0000,0.0000,0.0000,-0.5614,1.1915,176.0509,0.003,3716,0.0000,0.0000,0.0254,0,0,0.383
62.002,0,0,0,-0.6167,1.2333,-0.5957,1.2180,172.3766,0.0000,0.0000,0.0000,-0.5614,1.1915,176.0506,0.036,3720,0.0000,0.0000,0.0260,0,0,0.355
62.101,0,0,0,-0.6167,1.2333,-0.5957,1.2181,172.3410,0.0000,0.0000,0.0000,-0.5614,1.1915,176.0512,0.003,3728,0.0000,0.0000,0.0259,0,0,0.307
62.203,0,0,0,-0.6167,1.2333,-0.5947,1.2195,172.3144,0.0000,0.0000,0.0000,-0.5335,1.3909,169.6468,0.007,3733,0.0000,0.0000,0.0260,0,0,0.329
62.301,0,0,0,-0.6167,1.2333,-0.5953,1.2180,172.3017,0.0000,0.0000,0.0000,-0.5614,1.1915,176.0519,0.005,3740,0.0000,0.0000,0.0263,0,0,0.333
62.402,0,0,0,-0.6167,1.2333,-0.5949,1.2177,172.2983,0.0000,0.0000,0.0000,-0.5335,1.3909,169.6446,0.004,3745,0.0000,0.0000,0.0268,0,0,0.377
62.501,0,0,0,-0.6167,1.2333,-0.5949,1.2178,172.2659,0.0000,0.0000,0.0000,-0.5614,1.1915,176.0519,0.005,3752,0.0000,0.0000,0.0267,0,0,0.363
62.602,0,0,0,-0.6167,1.2333,-0.5945,1.2175,172.2699,0.0000,0.0000,0.0000,-0.5614,1.1915,176.0519,0.036,3756,0.0000,0.0000,0.0272,0,0,0.374
62.701,0,0,0,-0.6167,1.2333,-0.5945,1.2192,172.2442,0.0000,0.0000,0.0000,-0.6076,1.0655,170.5762,0.003,3763,0.0000,0.0000,0.0263,0,0,0.355
62.803,0,0,0,-0.6167,1.2333,-0.5942,1.2174,172.2331,0.0000,0.0000,0.0000,-0.5614,1.1915,176.0508,0.026,3768,0.0000,0.0000,0.0275,0,0,0.323
62.902,0,0,0,-0.6167,1.2333,-0.5980,1.2158,172.4247,0.0000,0.0000,0.0000,-0.6053,1.0717,170.8639,0.008,3774,0.0000,0.0000,0.0256,0,0,0.366
63.004,0,0,0,-0.6167,1.2333,-0.6030,1.2066,172.5619,0.0000,0.0000,0.0000,-0.5614,1.1915,176.0511,0.028,3780,0.0000,0.0000,0.0300,0,0,0.431
63.101,0,0,0,-0.6167,1.2333,-0.6086,1.1994,172.6982,0.0000,0.0000,0.0000,-0.5614,1.1915,176.0511,0.004,3787,0.0000,0.0000,0.0348,0,0,0.372
63.204,0,0,0,-0.6167,1.2333,-0.6105,1.1942,172.7569,0.0000,0.0000,0.0000,-0.5614,1.1915,176.0515,0.036,3792,0.0000,0.0000,0.0396,0,0,0.322
63.302,0,0,0,-0.6167,1.2333,-0.6156,1.1867,172.8774,0.0000,0.0000,0.0000,-0.5614,1.1915,176.0516,0.006,3800,0.0000,0.0000,0.0467,0,0,0.398
63.404,0,0,0,-0.6167,1.2333,-0.6142,1.1879,172.8577,0.0000,0.0000,0.0000,-0.5614,1.1915,176.0514,0.037,3804,0.0000,0.0000,0.0455,0,0,0.346
63.501,0,0,0,-0.6167,1.2333,-0.6128,1.1902,172.7919,0.0000,0.0000,0.0000,-0.5614,1.1915,176.0512,0.003,3812,0.0000,0.0000,0.0433,0,0,0.438
63.604,0,0,0,-0.6167,1.2333,-0.6115,1.1913,172.7770,0.0000,0.0000,0.0000,-0.5614,1.1915,176.0515,0.035,3816,0.0000,0.0000,0.0423,0,0,0.405
63.701,0,0,0,-0.6167,1.2333,-0.6103,1.1934,172.7163,0.0000,0.0000,0.0000,-0.5614,1.1915,176.0517,0.005,3824,0.0000,0.0000,0.0404,0,0,0.335
63.804,0,0,0,-0.6167,1.2333,-0.6091,1.1944,172.7065,0.0000,0.0000,0.0000,-0.5614,1.1915,176.0523,0.036,3828,0.0000,0.0000,0.0397,0,0,0.347
63.902,0,0,0,-0.6167,1.2333,-0.6081,1.1963,172.6551,0.0000,0.0000,0.0000,-0.5614,1.1915,176.0519,0.002,3836,0.0000,0.0000,0.0380,0,0,0.361
64.003,0,0,0,-0.6167,1.2333,-0.6070,1.1971,172.6327,0.0000,0.0000,0.0000,-0.5614,1.1915,176.0518,0.032,3840,0.0000,0.0000,0.0375,0,0,0.446
64.100,0,0,0,-0.6167,1.2333,-0.6057,1.2018,172.6625,0.0000,0.0000,0.0000,-0.6641,1.2191,176.0256,0.003,3847,0.0000,0.0000,0.0334,0,0,0.358
64.203,0,0,0,-0.6167,1.2333,-0.6052,1.2025,172.6720,0.0000,0.0000,0.0000,-0.5614,1.1915,176.0520,0.014,3852,0.0000,0.0000,0.0329,0,0,0.434
64.303,0,0,0,-0.6167,1.2333,-0.6052,1.2033,172.6545,0.0000,0.0000,0.0000,-0.5244,1.4001,169.3919,0.002,3858,0.0000,0.0000,0.0321,0,0,0.338
64.405,0,0,0,-0.6167,1.2333,-0.6035,1.2043,172.6087,0.0000,0.0000,0.0000,-0.6061,1.0691,170.7415,0.035,3864,0.0000,0.0000,0.0319,0,0,0.349
64.501,0,0,0,-0.6167,1.2333,-0.6028,1.2055,172.5577,0.0000,0.0000,0.0000,-0.5614,1.1915,176.0523,0.003,3872,0.0000,0.0000,0.0310,0,0,0.365
64.602,0,0,0,-0.6167,1.2333,-0.6020,1.2059,172.5454,0.0000,0.0000,0.0000,-0.5614,1.1915,176.0520,0.035,3876,0.0000,0.0000,0.0311,0,0,0.305
64.700,0,0,0,-0.6167,1.2333,-0.6048,1.2051,172.6878,0.0000,0.0000,0.0000,-0.5614,1.1915,176.0523,0.003,3884,0.0000,0.0000,0.0306,0,0,0.365
64.802,0,0,0,-0.6167,1.2333,-0.6041,1.2053,172.6752,0.0000,0.0000,0.0000,-0.5614,1.1915,176.0524,0.033,3888,0.0000,0.0000,0.0308,0,0,0.382
64.901,0,0,0,-0.6167,1.2333,-0.6065,1.2048,172.8014,0.0000,0.0000,0.0000,-0.5614,1.1915,176.0522,0.004,3896,0.0000,0.0000,0.0303,0,0,0.350
65.003,0,0,0,-0.6167,1.2333,-0.6054,1.2052,172.7825,0.0000,0.0000,0.0000,-0.5161,1.4081,169.1663,0.003,3901,0.0000,0.0000,0.0303,0,0,0.329
65.100,0,0,0,-0.6167,1.2333,-0.6045,1.2065,172.7176,0.0000,0.0000,0.0000,-0.5614,1.1915,176.0526,0.003,3908,0.0000,0.0000,0.0295,0,0,0.377
65.201,0,0,0,-0.6167,1.2333,-0.6035,1.2069,172.7007,0.0000,0.0000,0.0000,-0.5614,1.1915,176.0524,0.035,3912,0.0000,0.0000,0.0296,0,0,0.436
65.303,0,0,0,-0.6167,1.2333,-0.6021,1.2079,172.6131,0.0000,0.0000,0.0000,-0.6641,1.2192,176.0249,0.006,3919,0.0000,0.0000,0.0293,0,0,0.444
65.402,0,0,0,-0.6167,1.2333,-0.6018,1.2084,172.6233,0.0000,0.0000,0.0000,-0.5614,1.1915,176.0521,0.015,3924,0.0000,0.0000,0.0291,0,0,0.365
65.502,0,0,0,-0.6167,1.2333,-0.6019,1.2076,172.5940,0.0000,0.0000,0.0000,-0.6068,1.0660,170.6218,0.015,3930,0.0000,0.0000,0.0297,0,0,0.370
65.601,0,0,0,-0.6167,1.2333,-0.6001,1.2111,172.5690,0.0000,0.0000,0.0000,-0.6068,1.0660,170.6218,0.005,3936,0.0000,0.0000,0.0277,0,0,0.390
65.701,0,0,0,-0.6167,1.2333,-0.5995,1.2121,172.5132,0.0000,0.0000,0.0000,-0.5614,1.1915,176.0525,0.003,3944,0.0000,0.0000,0.0273,0,0,0.384
65.801,0,0,0,-0.6167,1.2333,-0.5988,1.2109,172.4880,0.0000,0.0000,0.0000,-0.5160,1.4081,169.1625,0.003,3949,0.0000,0.0000,0.0287,0,0,0.365
65.904,0,0,0,-0.6167,1.2333,-0.5983,1.2118,172.4410,0.0000,0.0000,0.0000,-0.6068,1.0660,170.6217,0.016,3955,0.0000,0.0000,0.0283,0,0,0.363
66.003,0,0,0,-0.6167,1.2333,-0.5976,1.2119,172.4359,0.0000,0.0000,0.0000,-0.5614,1.1915,176.0522,0.039,3960,0.0000,0.0000,0.0287,0,0,0.386
66.102,0,0,0,-0.6167,1.2333,-0.5971,1.2127,172.3870,0.0000,0.0000,0.0000,-0.5614,1.1915,176.0516,0.002,3968,0.0000,0.0000,0.0284,0,0,0.319
66.200,0,0,0,-0.6167,1.2333,-0.5965,1.2128,172.3847,0.0000,0.0000,0.0000,-0.5614,1.1915,176.0518,0.035,3972,0.0000,0.0000,0.0288,0,0,0.434
66.302,0,0,0,-0.6167,1.2333,-0.5961,1.2136,172.3370,0.0000,0.0000,0.0000,-0.5614,1.1915,176.0521,0.006,3980,0.0000,0.0000,0.0285,0,0,0.368
66.403,0,0,0,-0.6167,1.2333,-0.5955,1.2137,172.3358,0.0000,0.0000,0.0000,-0.5614,1.1915,176.0518,0.036,3984,0.0000,0.0000,0.0289,0,0,0.355
66.501,0,0,0,-0.6167,1.2333,-0.5952,1.2144,172.2891,0.0000,0.0000,0.0000,-0.5614,1.1915,176.0517,0.003,3992,0.0000,0.0000,0.0286,0,0,0.382
66.603,0,0,0,-0.6167,1.2333,-0.5946,1.2144,172.2888,0.0000,0.0000,0.0000,-0.5162,1.4080,169.1735,0.003,3997,0.0000,0.0000,0.0291,0,0,0.326
66.700,0,0,0,-0.6167,1.2333,-0.5944,1.2151,172.2480,0.0000,0.0000,0.0000,-0.5614,1.1915,176.0517,0.003,4004,0.0000,0.0000,0.0288,0,0,0.371
66.800,0,0,0,-0.6167,1.2333,-0.5938,1.2151,172.2410,0.0000,0.0000,0.0000,-0.5614,1.1915,176.0519,0.024,4008,0.0000,0.0000,0.0292,0,0,0.369
66.901,0,0,0,-0.6167,1.2333,-0.5937,1.2139,172.2008,0.0000,0.0000,0.0000,-0.6641,1.2191,176.0256,0.004,4015,0.0000,0.0000,0.0301,0,0,0.343
67.000,0,0,0,-0.6167,1.2333,-0.5936,1.2191,172.2838,0.0000,0.0000,0.0000,-0.5614,1.1915,176.0525,0.005,4020,0.0000,0.0000,0.0271,0,0,0.361
67.101,0,0,0,-0.6167,1.2333,-0.5937,1.2189,172.2984,0.0000,0.0000,0.0000,-0.5614,1.1915,176.0522,0.003,4027,0.0000,0.0000,0.0271,0,0,0.340
67.204,0,0,0,-0.6167,1.2333,-0.5961,1.2172,172.4499,0.0000,0.0000,0.0000,-0.5349,1.3916,169.6423,0.003,4033,0.0000,0.0000,0.0262,0,0,0.327
67.303,0,0,0,-0.6167,1.2333,-0.5961,1.2174,172.4110,0.0000,0.0000,0.0000,-0.5614,1.1915,176.0517,0.007,4040,0.0000,0.0000,0.0260,0,0,0.345
67.404,0,0,0,-0.6167,1.2333,-0.5957,1.2172,172.4044,0.0000,0.0000,0.0000,-0.5614,1.1915,176.0515,0.038,4044,0.0000,0.0000,0.0265,0,0,0.339
67.503,0,0,0,-0.6167,1.2333,-0.5959,1.2205,172.4695,0.0000,0.0000,0.0000,-0.5614,1.1915,176.0521,0.006,4052,0.0000,0.0000,0.0244,0,0,0.371
67.601,0,0,0,-0.6167,1.2333,-0.5955,1.2201,172.4652,0.0000,0.0000,0.0000,-0.5350,1.3916,169.6457,0.003,4057,0.0000,0.0000,0.0250,0,0,0.349
67.703,0,0,0,-0.6167,1.2333,-0.5956,1.2200,172.4187,0.0000,0.0000,0.0000,-0.5614,1.1915,176.0518,0.006,4064,0.0000,0.0000,0.0250,0,0,0.369
67.803,0,0,0,-0.6167,1.2333,-0.5951,1.2196,172.4085,0.0000,0.0000,0.0000,-0.5614,1.1915,176.0517,0.035,4068,0.0000,0.0000,0.0255,0,0,0.340
67.900,0,0,0,-0.6167,1.2333,-0.5952,1.2196,172.3683,0.0000,0.0000,0.0000,-0.5614,1.1915,176.0519,0.003,4076,0.0000,0.0000,0.0255,0,0,0.353
68.000,0,0,0,-0.6167,1.2333,-0.5948,1.2192,172.3682,0.0000,0.0000,0.0000,-0.5349,1.3916,169.6412,0.003,4081,0.0000,0.0000,0.0260,0,0,0.310
68.102,0,0,0,-0.6167,1.2333,-0.5943,1.2192,172.2965,0.0000,0.0000,0.0000,-0.6641,1.2191,176.0255,0.008,4087,0.0000,0.0000,0.0264,0,0,0.350
68.203,0,0,0,-0.6167,1.2333,-0.5946,1.2189,172.3174,0.0000,0.0000,0.0000,-0.5614,1.1915,176.0523,0.015,4092,0.0000,0.0000,0.0264,0,0,0.362
0.090,0,0,0,-0.6167,1.2333,-0.5951,1.2188,172.3123,0.0000,0.0000,0.0000,-0.6641,1.2191,176.0252,0.026,4097,0.0000,0.0000,0.0260,0,0,0.345
0.190,0,0,0,-0.6167,1.2333,-0.5946,1.2189,172.2556,0.0000,0.0000,0.0000,-0.5614,1.1915,176.0518,0.006,4104,0.0000,0.0000,0.0264,0,0,0.367
0.289,0,0,0,-0.6167,1.2333,-0.5943,1.2201,172.2596,0.0000,0.0000,0.0000,-0.6086,1.0622,170.4353,0.011,4111,0.0000,0.0000,0.0260,0,0,0.355
0.388,0,0,0,-0.6167,1.2333,-0.5940,1.2183,172.2470,0.0000,0.0000,0.0000,-0.5349,1.3916,169.6434,0.003,4117,0.0000,0.0000,0.0272,0,0,0.353
0.489,0,0,0,-0.6167,1.2333,-0.5942,1.2183,172.2118,0.0000,0.0000,0.0000,-0.5614,1.1915,176.0522,0.006,4124,0.0000,0.0000,0.0270,0,0,0.362
0.588,0,0,0,-0.6167,1.2333,-0.5939,1.2180,172.2141,0.0000,0.0000,0.0000,-0.5614,1.1914,176.0523,0.036,4128,0.0000,0.0000,0.0275,0,0,0.377
0.687,0,0,0,-0.6167,1.2333,-0.5940,1.2181,172.1803,0.0000,0.0000,0.0000,-0.5614,1.1914,176.0523,0.003,4136,0.0000,0.0000,0.0273,0,0,0.601
0.791,0,0,0,-0.6167,1.2333,-0.5939,1.2209,172.2813,0.0000,0.0000,0.0000,-0.5615,1.1914,176.0525,0.041,4140,0.0000,0.0000,0.0260,0,0,0.354
0.888,0,0,0,-0.6167,1.2333,-0.5940,1.2209,172.2533,0.0000,0.0000,0.0000,-0.5615,1.1914,176.0529,0.003,4148,0.0000,0.0000,0.0258,0,0,0.355
0.991,0,0,0,-0.6167,1.2333,-0.5936,1.2205,172.2511,0.0000,0.0000,0.0000,-0.5615,1.1914,176.0527,0.038,4152,0.0000,0.0000,0.0264,0,0,0.356
1.088,0,0,0,-0.6167,1.2333,-0.5938,1.2205,172.2238,0.0000,0.0000,0.0000,-0.5615,1.1914,176.0529,0.005,4160,0.0000,0.0000,0.0262,0,0,0.365
1.189,0,0,0,-0.6167,1.2333,-0.5934,1.2202,172.2269,0.0000,0.0000,0.0000,-0.5615,1.1914,176.0532,0.036,4164,0.0000,0.0000,0.0267,0,0,0.379
1.288,0,0,0,-0.6167,1.2333,-0.5941,1.2187,172.2109,0.0000,0.0000,0.0000,-0.5349,1.3915,169.6423,0.004,4171,0.0000,0.0000,0.0269,0,0,0.340
1.389,0,0,0,-0.6167,1.2333,-0.5932,1.2199,172.1944,0.0000,0.0000,0.0000,-0.5615,1.1914,176.0529,0.024,4176,0.0000,0.0000,0.0270,0,0,0.378
1.488,0,0,0,-0.6167,1.2333,-0.5940,1.2184,172.1864,0.0000,0.0000,0.0000,-0.6064,1.0689,170.7249,0.010,4182,0.0000,0.0000,0.0272,0,0,0.345
1.589,0,0,0,-0.6167,1.2333,-0.5933,1.2227,172.2775,0.0000,0.0000,0.0000,-0.5349,1.3915,169.6405,0.004,4189,0.0000,0.0000,0.0257,0,0,0.436
1.688,0,0,0,-0.6167,1.2333,-0.5933,1.2240,172.2557,0.0000,0.0000,0.0000,-0.5615,1.1914,176.0531,0.003,4195,0.0000,0.0000,0.0251,0,0,0.221
1.790,0,0,0,-0.6167,1.2333,-0.5931,1.2220,172.2436,0.0000,0.0000,0.0000,-0.5350,1.3915,169.6461,0.003,4201,0.0000,0.0000,0.0261,0,0,0.339
1.887,0,0,0,-0.6167,1.2333,-0.5933,1.2219,172.2100,0.0000,0.0000,0.0000,-0.5614,1.1915,176.0523,0.003,4208,0.0000,0.0000,0.0260,0,0,0.349
1.988,0,0,0,-0.6167,1.2333,-0.5930,1.2214,172.2140,0.0000,0.0000,0.0000,-0.5614,1.1915,176.0519,0.034,4212,0.0000,0.0000,0.0265,0,0,0.391
2.087,0,0,0,-0.6167,1.2333,-0.5932,1.2213,172.1847,0.0000,0.0000,0.0000,-0.5614,1.1915,176.0518,0.003,4220,0.0000,0.0000,0.0264,0,0,0.458
2.191,0,0,0,-0.6167,1.2333,-0.5929,1.2209,172.1768,0.0000,0.0000,0.0000,-0.5614,1.1915,176.0516,0.039,4224,0.0000,0.0000,0.0269,0,0,0.367
2.289,0,0,0,-0.6167,1.2333,-0.5933,1.2239,172.2568,0.0000,0.0000,0.0000,-0.5614,1.1914,176.0522,0.006,4232,0.0000,0.0000,0.0252,0,0,0.396
2.392,0,0,0,-0.6167,1.2333,-0.5929,1.2234,172.2605,0.0000,0.0000,0.0000,-0.5349,1.3915,169.6446,0.002,4237,0.0000,0.0000,0.0257,0,0,0.356
2.488,0,0,0,-0.6167,1.2333,-0.5931,1.2232,172.2240,0.0000,0.0000,0.0000,-0.5614,1.1914,176.0524,0.003,4244,0.0000,0.0000,0.0256,0,0,0.332
2.588,0,0,0,-0.6167,1.2333,-0.5928,1.2227,172.2310,0.0000,0.0000,0.0000,-0.5614,1.1915,176.0522,0.030,4248,0.0000,0.0000,0.0261,0,0,0.350
2.687,0,0,0,-0.6167,1.2333,-0.5924,1.2227,172.1791,0.0000,0.0000,0.0000,-0.6641,1.2191,176.0254,0.003,4255,0.0000,0.0000,0.0265,0,0,0.437
2.789,0,0,0,-0.6167,1.2333,-0.5927,1.2222,172.2084,0.0000,0.0000,0.0000,-0.5615,1.1914,176.0530,0.016,4260,0.0000,0.0000,0.0264,0,0,0.380
2.889,0,0,0,-0.6167,1.2333,-0.5928,1.2235,172.1900,0.0000,0.0000,0.0000,-0.5349,1.3915,169.6448,0.017,4266,0.0000,0.0000,0.0258,0,0,0.277
2.988,0,0,0,-0.6167,1.2333,-0.5926,1.2216,172.1885,0.0000,0.0000,0.0000,-0.6068,1.0680,170.6826,0.026,4272,0.0000,0.0000,0.0268,0,0,0.443
3.088,0,0,0,-0.6167,1.2333,-0.5928,1.2215,172.1593,0.0000,0.0000,0.0000,-0.5614,1.1914,176.0527,0.003,4280,0.0000,0.0000,0.0266,0,0,0.434
3.188,0,0,0,-0.6167,1.2333,-0.5925,1.2211,172.1613,0.0000,0.0000,0.0000,-0.5614,1.1914,176.0525,0.036,4284,0.0000,0.0000,0.0271,0,0,0.338
3.288,0,0,0,-0.6167,1.2333,-0.5927,1.2211,172.1363,0.0000,0.0000,0.0000,-0.5613,1.1915,176.0497,0.003,4292,0.0000,0.0000,0.0269,0,0,0.362
3.389,0,0,0,-0.6167,1.2333,-0.5924,1.2207,172.1403,0.0000,0.0000,0.0000,-0.5349,1.3915,169.6435,0.003,4297,0.0000,0.0000,0.0273,0,0,0.355
3.489,0,0,0,-0.6167,1.2333,-0.5927,1.2207,172.1178,0.0000,0.0000,0.0000,-0.5614,1.1915,176.0532,0.005,4304,0.0000,0.0000,0.0271,0,0,0.353
3.587,0,0,0,-0.6167,1.2333,-0.5924,1.2203,172.1260,0.0000,0.0000,0.0000,-0.5614,1.1915,176.0525,0.037,4308,0.0000,0.0000,0.0276,0,0,0.334
3.690,0,0,0,-0.6167,1.2333,-0.5926,1.2203,172.0965,0.0000,0.0000,0.0000,-0.5614,1.1915,176.0527,0.002,4316,0.0000,0.0000,0.0273,0,0,0.350
3.791,0,0,0,-0.6167,1.2333,-0.5923,1.2200,172.1064,0.0000,0.0000,0.0000,-0.5614,1.1915,176.0525,0.040,4320,0.0000,0.0000,0.0278,0,0,0.365
3.889,0,0,0,-0.6167,1.2333,-0.5950,1.2152,172.1380,0.0000,0.0000,0.0000,-0.5614,1.1915,176.0520,0.002,4328,0.0000,0.0000,0.0282,0,0,0.333
3.990,0,0,0,-0.6167,1.2333,-0.5955,1.2153,172.1481,0.0000,0.0000,0.0000,-0.5614,1.1915,176.0527,0.016,4332,0.0000,0.0000,0.0278,0,0,0.344
4.090,0,0,0,-0.6167,1.2333,-0.5958,1.2138,172.1704,0.0000,0.0000,0.0000,-0.5357,1.3872,169.7446,0.009,4339,0.0000,0.0000,0.0286,0,0,0.350
4.190,0,0,0,-0.6167,1.2333,-0.5949,1.2152,172.1580,0.0000,0.0000,0.0000,-0.5614,1.1915,176.0526,0.024,4344,0.0000,0.0000,0.0284,0,0,0.357
4.289,0,0,0,-0.6167,1.2333,-0.5950,1.2155,172.1323,0.0000,0.0000,0.0000,-0.6068,1.0680,170.6826,0.015,4351,0.0000,0.0000,0.0281,0,0,0.434
4.389,0,0,0,-0.6167,1.2333,-0.5945,1.2153,172.1414,0.0000,0.0000,0.0000,-0.5614,1.1915,176.0521,0.038,4356,0.0000,0.0000,0.0285,0,0,0.365
4.487,0,0,0,-0.6167,1.2333,-0.5949,1.2185,172.2096,0.0000,0.0000,0.0000,-0.5614,1.1915,176.0519,0.003,4364,0.0000,0.0000,0.0264,0,0,0.335
4.593,0,0,0,-0.6167,1.2333,-0.5945,1.2181,172.2155,0.0000,0.0000,0.0000,-0.5357,1.3872,169.7404,0.004,4369,0.0000,0.0000,0.0269,0,0,0.328
4.688,0,0,0,-0.6167,1.2333,-0.5946,1.2181,172.1811,0.0000,0.0000,0.0000,-0.5614,1.1915,176.0522,0.003,4376,0.0000,0.0000,0.0268,0,0,0.611
4.795,0,0,0,-0.6167,1.2333,-0.5943,1.2177,172.1872,0.0000,0.0000,0.0000,-0.5357,1.3872,169.7388,0.005,4381,0.0000,0.0000,0.0273,0,0,0.355
4.888,0,0,0,-0.6167,1.2333,-0.5944,1.2178,172.1536,0.0000,0.0000,0.0000,-0.5614,1.1915,176.0524,0.003,4388,0.0000,0.0000,0.0271,0,0,0.326
4.991,0,0,0,-0.6167,1.2333,-0.5941,1.2174,172.1633,0.0000,0.0000,0.0000,-0.5614,1.1915,176.0525,0.039,4392,0.0000,0.0000,0.0276,0,0,0.352
5.089,0,0,0,-0.6167,1.2333,-0.5943,1.2175,172.1306,0.0000,0.0000,0.0000,-0.5614,1.1915,176.0528,0.006,4400,0.0000,0.0000,0.0275,0,0,0.385
5.188,0,0,0,-0.6167,1.2333,-0.5939,1.2171,172.1398,0.0000,0.0000,0.0000,-0.5614,1.1915,176.0528,0.038,4404,0.0000,0.0000,0.0279,0,0,0.345
5.290,0,0,0,-0.6167,1.2333,-0.5948,1.2187,172.2338,0.0000,0.0000,0.0000,-0.5614,1.1915,176.0526,0.002,4412,0.0000,0.0000,0.0263,0,0,0.356
5.392,0,0,0,-0.6167,1.2333,-0.5939,1.2199,172.2193,0.0000,0.0000,0.0000,-0.5614,1.1915,176.0528,0.027,4416,0.0000,0.0000,0.0265,0,0,0.445
5.489,0,0,0,-0.6167,1.2333,-0.5934,1.2199,172.1645,0.0000,0.0000,0.0000,-0.6641,1.2191,176.0242,0.005,4423,0.0000,0.0000,0.0269,0,0,0.374
5.589,0,0,0,-0.6167,1.2333,-0.5937,1.2195,172.1932,0.0000,0.0000,0.0000,-0.5614,1.1915,176.0539,0.014,4428,0.0000,0.0000,0.0268,0,0,0.607
5.689,0,0,0,-0.6167,1.2333,-0.5937,1.2210,172.1791,0.0000,0.0000,0.0000,-0.5614,1.1915,176.0531,0.002,4435,0.0000,0.0000,0.0261,0,0,0.362
5.789,0,0,0,-0.6167,1.2333,-0.5937,1.2222,172.2781,0.0000,0.0000,0.0000,-0.6278,1.3991,-175.1235,0.024,4440,0.0000,0.0000,0.0256,0,0,0.384
5.889,0,0,0,-0.6167,1.2333,-0.5939,1.2220,172.2489,0.0000,0.0000,0.0000,-0.5614,1.1915,176.0525,0.005,4448,0.0000,0.0000,0.0255,0,0,0.353
5.988,0,0,0,-0.6167,1.2333,-0.5935,1.2215,172.2471,0.0000,0.0000,0.0000,-0.5614,1.1915,176.0527,0.035,4452,0.0000,0.0000,0.0260,0,0,0.433
6.089,0,0,0,-0.6167,1.2333,-0.5939,1.2244,172.3246,0.0000,0.0000,0.0000,-0.5614,1.1915,176.0527,0.003,4460,0.0000,0.0000,0.0245,0,0,0.341
6.188,0,0,0,-0.6167,1.2333,-0.5935,1.2238,172.3249,0.0000,0.0000,0.0000,-0.5614,1.1915,176.0524,0.039,4464,0.0000,0.0000,0.0251,0,0,0.451
6.288,0,0,0,-0.6167,1.2333,-0.5937,1.2236,172.2903,0.0000,0.0000,0.0000,-0.5614,1.1915,176.0529,0.005,4472,0.0000,0.0000,0.0250,0,0,0.358
6.390,0,0,0,-0.6167,1.2333,-0.5933,1.2230,172.2959,0.0000,0.0000,0.0000,-0.5357,1.3873,169.7380,0.003,4477,0.0000,0.0000,0.0255,0,0,0.314
6.489,0,0,0,-0.6167,1.2333,-0.5935,1.2228,172.2619,0.0000,0.0000,0.0000,-0.5614,1.1915,176.0532,0.005,4484,0.0000,0.0000,0.0254,0,0,0.363
6.589,0,0,0,-0.6167,1.2333,-0.5932,1.2223,172.2695,0.0000,0.0000,0.0000,-0.5614,1.1915,176.0531,0.038,4488,0.0000,0.0000,0.0260,0,0,0.360
6.689,0,0,0,-0.6167,1.2333,-0.5927,1.2222,172.2109,0.0000,0.0000,0.0000,-0.6641,1.2191,176.0243,0.006,4495,0.0000,0.0000,0.0264,0,0,0.349
6.790,0,0,0,-0.6167,1.2333,-0.5930,1.2217,172.2408,0.0000,0.0000,0.0000,-0.5614,1.1915,176.0530,0.011,4500,0.0000,0.0000,0.0263,0,0,0.360
6.890,0,0,0,-0.6167,1.2333,-0.5936,1.2215,172.2406,0.0000,0.0000,0.0000,-0.6060,1.0694,170.7490,0.002,4506,0.0000,0.0000,0.0259,0,0,0.362
6.988,0,0,0,-0.6167,1.2333,-0.5931,1.2244,172.3176,0.0000,0.0000,0.0000,-0.5357,1.3873,169.7372,0.014,4512,0.0000,0.0000,0.0252,0,0,0.350
7.090,0,0,0,-0.6167,1.2333,-0.5932,1.2255,172.2967,0.0000,0.0000,0.0000,-0.6087,1.0629,170.4651,0.006,4519,0.0000,0.0000,0.0248,0,0,0.436
7.189,0,0,0,-0.6167,1.2333,-0.5930,1.2233,172.2797,0.0000,0.0000,0.0000,-0.5358,1.3873,169.7400,0.003,4525,0.0000,0.0000,0.0257,0,0,0.378
7.288,0,0,0,-0.6167,1.2333,-0.5932,1.2230,172.2467,0.0000,0.0000,0.0000,-0.5614,1.1915,176.0530,0.003,4532,0.0000,0.0000,0.0256,0,0,0.327
7.389,0,0,0,-0.6167,1.2333,-0.5929,1.2224,172.2447,0.0000,0.0000,0.0000,-0.5614,1.1915,176.0523,0.036,4536,0.0000,0.0000,0.0261,0,0,0.363
7.487,0,0,0,-0.6167,1.2333,-0.5932,1.2222,172.2153,0.0000,0.0000,0.0000,-0.5614,1.1915,176.0532,0.005,4544,0.0000,0.0000,0.0260,0,0,0.334
7.590,0,0,0,-0.6167,1.2333,-0.5929,1.2216,172.2187,0.0000,0.0000,0.0000,-0.5357,1.3873,169.7376,0.003,4549,0.0000,0.0000,0.0265,0,0,0.369
7.689,0,0,0,-0.6167,1.2333,-0.5931,1.2214,172.1856,0.0000,0.0000,0.0000,-0.5614,1.1915,176.0524,0.005,4556,0.0000,0.0000,0.0264,0,0,0.364
7.791,0,0,0,-0.6167,1.2333,-0.5928,1.2209,172.1854,0.0000,0.0000,0.0000,-0.5613,1.1915,176.0514,0.042,4560,0.0000,0.0000,0.0269,0,0,0.446
7.890,0,0,0,-0.6167,1.2333,-0.5931,1.2207,172.1565,0.0000,0.0000,0.0000,-0.5614,1.1915,176.0523,0.002,4568,0.0000,0.0000,0.0267,0,0,0.375
7.989,0,0,0,-0.6167,1.2333,-0.5928,1.2203,172.1636,0.0000,0.0000,0.0000,-0.5614,1.1915,176.0523,0.038,4572,0.0000,0.0000,0.0272,0,0,0.372
8.090,0,0,0,-0.6167,1.2333,-0.5938,1.2218,172.2546,0.0000,0.0000,0.0000,-0.5357,1.3873,169.7377,0.003,4579,0.0000,0.0000,0.0256,0,0,0.351
8.189,0,0,0,-0.6167,1.2333,-0.5929,1.2228,172.2369,0.0000,0.0000,0.0000,-0.5614,1.1915,176.0529,0.026,4584,0.0000,0.0000,0.0260,0,0,0.362
8.289,0,0,0,-0.6167,1.2333,-0.5937,1.2210,172.2236,0.0000,0.0000,0.0000,-0.5357,1.3873,169.7364,0.003,4591,0.0000,0.0000,0.0260,0,0,0.355
8.392,0,0,0,-0.6167,1.2333,-0.5929,1.2220,172.2065,0.0000,0.0000,0.0000,-0.5358,1.3873,169.7388,0.003,4597,0.0000,0.0000,0.0264,0,0,0.351
8.490,0,0,0,-0.6167,1.2333,-0.5930,1.2232,172.1898,0.0000,0.0000,0.0000,-0.5614,1.1915,176.0527,0.008,4603,0.0000,0.0000,0.0258,0,0,0.345
8.592,0,0,0,-0.6167,1.2333,-0.5928,1.2212,172.1792,0.0000,0.0000,0.0000,-0.6081,1.0640,170.5103,0.036,4608,0.0000,0.0000,0.0268,0,0,0.388
8.689,0,0,0,-0.6167,1.2333,-0.5931,1.2210,172.1562,0.0000,0.0000,0.0000,-0.5614,1.1915,176.0524,0.005,4616,0.0000,0.0000,0.0266,0,0,0.365
8.791,0,0,0,-0.6167,1.2333,-0.5928,1.2206,172.1587,0.0000,0.0000,0.0000,-0.5614,1.1915,176.0529,0.041,4620,0.0000,0.0000,0.0271,0,0,0.355
8.889,0,0,0,-0.6167,1.2333,-0.5930,1.2204,172.1308,0.0000,0.0000,0.0000,-0.5614,1.1915,176.0525,0.006,4628,0.0000,0.0000,0.0270,0,0,0.375
8.992,0,0,0,-0.6167,1.2333,-0.5927,1.2200,172.1371,0.0000,0.0000,0.0000,-0.5614,1.1915,176.0523,0.039,4632,0.0000,0.0000,0.0274,0,0,0.366
9.088,0,0,0,-0.6167,1.2333,-0.5930,1.2199,172.1136,0.0000,0.0000,0.0000,-0.5614,1.1915,176.0533,0.003,4640,0.0000,0.0000,0.0273,0,0,0.352
9.191,0,0,0,-0.6167,1.2333,-0.5927,1.2195,172.1235,0.0000,0.0000,0.0000,-0.5357,1.3873,169.7332,0.003,4645,0.0000,0.0000,0.0277,0,0,0.360
9.287,0,0,0,-0.6167,1.2333,-0.5929,1.2194,172.0945,0.0000,0.0000,0.0000,-0.5614,1.1915,176.0522,0.005,4652,0.0000,0.0000,0.0275,0,0,0.350
9.388,0,0,0,-0.6167,1.2333,-0.5926,1.2190,172.1052,0.0000,0.0000,0.0000,-0.5614,1.1915,176.0525,0.030,4656,0.0000,0.0000,0.0280,0,0,0.347
9.488,0,0,0,-0.6167,1.2333,-0.5922,1.2190,172.0491,0.0000,0.0000,0.0000,-0.6641,1.2191,176.0240,0.005,4663,0.0000,0.0000,0.0283,0,0,0.333
9.589,0,0,0,-0.6167,1.2333,-0.5926,1.2186,172.0846,0.0000,0.0000,0.0000,-0.5614,1.1915,176.0525,0.013,4668,0.0000,0.0000,0.0282,0,0,0.370
9.689,0,0,0,-0.6167,1.2333,-0.5932,1.2185,172.0872,0.0000,0.0000,0.0000,-0.6641,1.2191,176.0241,0.032,4673,0.0000,0.0000,0.0277,0,0,0.385
9.790,0,0,0,-0.6167,1.2333,-0.5927,1.2213,172.1667,0.0000,0.0000,0.0000,-0.6068,1.0690,170.7238,0.027,4680,0.0000,0.0000,0.0268,0,0,0.320
9.889,0,0,0,-0.6167,1.2333,-0.5929,1.2212,172.1447,0.0000,0.0000,0.0000,-0.5613,1.1915,176.0501,0.006,4688,0.0000,0.0000,0.0266,0,0,0.430
9.996,0,0,0,-0.6167,1.2333,-0.5926,1.2208,172.1471,0.0000,0.0000,0.0000,-0.5613,1.1915,176.0502,0.045,4692,0.0000,0.0000,0.0271,0,0,0.345
0.049,0,0,0,-0.6167,1.2333,-0.5929,1.2208,172.1231,0.0000,0.0000,0.0000,-0.5613,1.1915,176.0511,0.005,4700,0.0202,-0.0074,0.0269,0,0,0.345
0.152,0,0,1,0.0000,1.2333,-0.5940,1.2211,172.1135,0.0000,0.0000,0.0000,-0.5357,1.3874,169.7341,0.005,4705,-0.0988,-0.0154,0.5941,0,0,0.354
0.248,0,0,1,0.0000,1.2333,-0.5948,1.2171,172.2204,0.0000,0.0000,0.0000,-0.5619,1.1915,176.0301,0.005,4712,-0.0987,-0.0161,0.5950,0,0,0.357
0.351,0,0,1,0.0000,1.2333,-0.5881,1.2124,172.5814,0.0000,0.0000,0.0000,-0.8681,0.8719,-177.9806,0.003,4717,-0.0986,-0.0169,0.5884,0,0,0.441
0.449,0,0,1,0.0000,1.2333,-0.5843,1.2043,172.7213,0.0000,0.0000,0.0000,-0.5505,1.1955,176.3379,0.006,4724,-0.0983,-0.0183,0.5850,0,0,0.366
0.552,0,0,1,0.0000,1.2333,-0.5779,1.1981,172.6446,0.0000,0.0000,0.0000,-0.6442,1.2220,176.3017,0.003,4730,-0.0981,-0.0194,0.5790,0,0,0.425
0.650,0,0,1,0.0000,1.2333,-0.5723,1.1972,172.8148,0.0000,0.0000,0.0000,-0.5287,1.1958,176.2601,0.005,4736,-0.0981,-0.0196,0.5734,0,0,0.372
0.751,0,0,1,0.0000,1.2333,-0.5643,1.1946,172.8592,0.0000,0.0000,0.0000,-0.5189,1.1884,176.5492,0.018,4740,-0.0980,-0.0201,0.5657,0,0,0.339
0.852,0,0,1,0.0000,1.2333,-0.5567,1.1916,172.8100,0.0000,0.0000,0.0000,-0.7558,0.9256,-179.0563,0.007,4747,-0.0978,-0.0207,0.5582,0,0,0.336
0.949,0,0,1,0.0000,1.2333,-0.5496,1.1872,172.7566,0.0000,0.0000,0.0000,-0.5004,1.1975,176.1874,0.026,4752,-0.0976,-0.0216,0.5516,0,0,0.355
1.050,0,0,1,0.0000,1.2333,-0.5448,1.1832,173.0006,0.0000,0.0000,0.0000,-0.5259,1.1180,172.4519,0.002,4760,-0.0975,-0.0224,0.5471,0,0,0.374
1.148,0,0,1,0.0000,1.2333,-0.5361,1.1843,173.0734,0.0000,0.0000,0.0000,-0.4791,1.2006,176.1393,0.035,4764,-0.0975,-0.0223,0.5384,0,0,0.339
1.250,0,0,1,0.0000,1.2333,-0.5298,1.1808,173.0721,0.0000,0.0000,0.0000,-0.4663,1.2025,176.1071,0.008,4772,-0.0973,-0.0231,0.5324,0,0,0.493
1.354,0,0,1,0.0000,1.2333,-0.5187,1.1820,172.9450,0.0000,0.0000,0.0000,-0.4357,1.3667,170.1801,0.012,4777,-0.0973,-0.0231,0.5212,0,0,0.490
1.450,0,0,1,0.0000,1.2333,-0.5078,1.1852,172.8359,0.0000,0.0000,0.0000,-0.4453,1.2042,175.9198,0.006,4784,-0.0974,-0.0227,0.5101,0,0,0.505
1.548,0,0,1,0.0000,1.2333,-0.4972,1.1883,172.7238,0.0000,0.0000,0.0000,-0.4355,1.3666,170.2075,0.008,4789,-0.0975,-0.0223,0.4992,0,0,0.520
1.649,0,0,1,0.0000,1.2333,-0.4850,1.1931,172.7311,0.0000,0.0000,0.0000,-0.4248,1.2029,175.8645,0.002,4796,-0.0977,-0.0215,0.4867,0,0,0.532
1.751,0,0,1,0.0000,1.2333,-0.4727,1.1976,172.6811,0.0000,0.0000,0.0000,-0.3710,1.3814,169.1451,0.013,4801,-0.0978,-0.0208,0.4740,0,0,0.564
1.850,0,0,1,0.0000,1.2333,-0.4620,1.2005,172.7648,0.0000,0.0000,0.0000,-0.4029,1.2054,175.8594,0.008,4808,-0.0979,-0.0204,0.4632,0,0,0.541
1.950,0,0,1,0.0000,1.2333,-0.4515,1.2031,172.6239,0.0000,0.0000,0.0000,-0.3580,1.3678,169.7826,0.006,4813,-0.0980,-0.0200,0.4525,0,0,0.516
2.048,0,0,1,0.0000,1.2333,-0.4400,1.2058,172.5349,0.0000,0.0000,0.0000,-0.6667,0.9480,-179.3468,0.004,4819,-0.0981,-0.0195,0.4408,0,0,0.492
2.150,0,0,1,0.0000,1.2333,-0.4338,1.2023,172.7145,0.0000,0.0000,0.0000,-0.3767,1.2063,175.8447,0.026,4824,-0.0979,-0.0204,0.4349,0,0,0.488
2.250,0,0,1,0.0000,1.2333,-0.4271,1.2049,172.9987,0.0000,0.0000,0.0000,-0.4789,1.2510,175.2717,0.009,4831,-0.0980,-0.0199,0.4281,0,0,0.532
2.351,0,0,1,0.0000,1.2333,-0.4181,1.2043,172.8011,0.0000,0.0000,0.0000,-0.3552,1.2081,175.9593,0.017,4836,-0.0979,-0.0202,0.4191,0,0,0.501
2.450,0,0,1,0.0000,1.2333,-0.4116,1.2017,172.7498,0.0000,0.0000,0.0000,-0.3419,1.2061,175.7545,0.006,4843,-0.0978,-0.0209,0.4128,0,0,0.475
2.549,0,0,1,0.0000,1.2333,-0.4028,1.2010,172.7609,0.0000,0.0000,0.0000,-0.3741,1.1941,173.7917,0.035,4848,-0.0977,-0.0213,0.4041,0,0,0.492
2.649,0,0,1,0.0000,1.2333,-0.3955,1.1990,172.8026,0.0000,0.0000,0.0000,-0.3209,1.2081,175.6677,0.003,4856,-0.0976,-0.0219,0.3970,0,0,0.479
2.751,0,0,1,0.0000,1.2333,-0.3862,1.1987,172.8249,0.0000,0.0000,0.0000,-0.5424,0.9891,179.3199,0.008,4861,-0.0975,-0.0222,0.3878,0,0,0.464
2.848,0,0,1,0.0000,1.2333,-0.3776,1.1974,172.8454,0.0000,0.0000,0.0000,-0.2995,1.2081,175.8588,0.003,4868,-0.0974,-0.0227,0.3793,0,0,0.473
2.950,0,0,1,0.0000,1.2333,-0.3688,1.1974,173.0115,0.0000,0.0000,0.0000,-0.5417,0.9857,179.5511,0.003,4873,-0.0973,-0.0229,0.3705,0,0,0.467
3.050,0,0,1,0.0000,1.2333,-0.3609,1.1964,172.9378,0.0000,0.0000,0.0000,-0.2792,1.2082,175.8540,0.006,4880,-0.0972,-0.0234,0.3628,0,0,0.445
3.150,0,0,1,0.0000,1.2333,-0.3520,1.1997,172.9939,0.0000,0.0000,0.0000,-0.2724,1.2079,175.8377,0.039,4884,-0.0974,-0.0227,0.3536,0,0,0.461
3.250,0,0,1,0.0000,1.2333,-0.3397,1.2051,172.9215,0.0000,0.0000,0.0000,-0.2588,1.2081,175.8158,0.006,4892,-0.0977,-0.0215,0.3408,0,0,0.464
3.350,0,0,1,0.0000,1.2333,-0.3276,1.2081,172.7362,0.0000,0.0000,0.0000,-0.2585,1.3471,169.9522,0.002,4897,-0.0978,-0.0209,0.3285,0,0,0.454
3.450,0,0,1,0.0000,1.2333,-0.3143,1.2124,172.7848,0.0000,0.0000,0.0000,-0.3626,1.2739,174.4894,0.006,4903,-0.0980,-0.0199,0.3149,0,0,0.454
3.550,0,0,1,0.0000,1.2333,-0.3026,1.2156,172.6910,0.0000,0.0000,0.0000,-0.2297,1.2067,175.9499,0.014,4908,-0.0982,-0.0191,0.3032,0,0,0.449
3.649,0,0,1,0.0000,1.2333,-0.2913,1.2196,172.7783,0.0000,0.0000,0.0000,-0.2607,1.2252,173.7826,0.005,4915,-0.0984,-0.0180,0.2917,0,0,0.471
3.748,0,0,1,0.0000,1.2333,-0.2801,1.2215,172.8421,0.0000,0.0000,0.0000,-0.2075,1.3344,170.2497,0.004,4921,-0.0985,-0.0175,0.2804,0,0,0.542
3.850,0,0,1,0.0000,1.2333,-0.2684,1.2251,172.7732,0.0000,0.0000,0.0000,-0.1950,1.2026,176.1938,0.006,4928,-0.0986,-0.0164,0.2686,0,0,0.542
3.951,0,0,1,0.0000,1.2333,-0.2563,1.2267,172.7018,0.0000,0.0000,0.0000,-0.2055,1.3343,170.2198,0.012,4933,-0.0987,-0.0159,0.2563,0,0,0.549
4.049,0,0,1,0.0000,1.2333,-0.2451,1.2298,172.7130,0.0000,0.0000,0.0000,-0.1742,1.1987,176.3767,0.005,4940,-0.0989,-0.0148,0.2451,0,0,0.545
4.151,0,0,1,0.0000,1.2333,-0.2341,1.2316,172.5906,0.0000,0.0000,0.0000,-0.1877,1.3271,170.4850,0.008,4945,-0.0990,-0.0141,0.2341,0,0,0.551
4.249,0,0,1,0.0000,1.2333,-0.2237,1.2348,172.4955,0.0000,0.0000,0.0000,-0.2134,1.2709,173.3494,0.006,4952,-0.0992,-0.0127,0.2237,0,0,0.547
4.349,0,0,1,0.0000,1.2333,-0.2141,1.2367,172.5091,0.0000,0.0000,0.0000,-0.1584,1.3258,170.1657,0.010,4957,-0.0993,-0.0118,0.2142,0,0,0.485
4.449,0,0,1,0.0000,1.2333,-0.2026,1.2394,172.4670,0.0000,0.0000,0.0000,-0.1899,1.2704,173.3691,0.006,4964,-0.0995,-0.0104,0.2027,0,0,0.458
4.551,0,0,1,0.0000,1.2333,-0.1931,1.2410,172.4252,0.0000,0.0000,0.0000,-0.1407,1.3218,170.2530,0.008,4969,-0.0996,-0.0094,0.1932,0,0,0.447
4.649,0,0,1,0.0000,1.2333,-0.1816,1.2431,172.4154,0.0000,0.0000,0.0000,-0.1782,1.2727,173.3077,0.006,4976,-0.0997,-0.0080,0.1819,0,0,0.472
4.750,0,0,1,0.0000,1.2333,-0.1722,1.2442,172.3440,0.0000,0.0000,0.0000,-0.1599,1.2686,173.4896,0.045,4980,-0.0997,-0.0071,0.1726,0,0,0.480
4.850,0,0,1,0.0000,1.2333,-0.1617,1.2451,172.4708,0.0000,0.0000,0.0000,-0.0964,1.3178,170.1243,0.006,4987,-0.0998,-0.0061,0.1621,0,0,0.474
4.951,0,0,1,0.0000,1.2333,-0.1508,1.2498,172.4742,0.0000,0.0000,0.0000,-0.1438,1.2674,173.5740,0.030,4992,-0.1000,-0.0025,0.1517,0,0,0.496
5.049,0,0,1,0.0000,1.2333,-0.1414,1.2502,172.5578,0.0000,0.0000,0.0000,-0.0900,1.3018,170.6844,0.007,4999,-0.1000,-0.0015,0.1424,0,0,0.470
5.148,0,0,1,0.0000,1.2333,-0.1313,1.2506,172.5051,0.0000,0.0000,0.0000,-0.0848,1.2978,170.9691,0.004,5005,-0.1000,-0.0003,0.1324,0,0,0.480
5.250,0,0,1,0.0000,1.2333,-0.1203,1.2507,172.5396,0.0000,0.0000,0.0000,-0.1001,1.2444,174.4021,0.002,5012,-0.0973,0.0009,0.1216,0,0,0.503
5.351,0,0,1,0.0000,1.2333,-0.1103,1.2503,172.4978,0.0000,0.0000,0.0000,-0.0704,1.2952,171.0860,0.007,5017,-0.0893,0.0016,0.1116,0,0,0.487
5.451,0,0,1,0.0000,1.2333,-0.0998,1.2502,172.6452,0.0000,0.0000,0.0000,-0.0839,1.2612,173.9715,0.008,5024,-0.0810,0.0027,0.1012,0,0,0.505
5.548,0,0,1,0.0000,1.2333,-0.0921,1.2496,172.5514,0.0000,0.0000,0.0000,-0.0359,1.2935,171.0226,0.004,5029,-0.0748,0.0031,0.0936,0,0,0.515
5.650,0,0,1,0.0000,1.2333,-0.0840,1.2495,172.6351,0.0000,0.0000,0.0000,-0.0695,1.2645,173.8498,0.006,5036,-0.0684,0.0038,0.0856,0,0,0.505
5.751,0,0,1,0.0000,1.2333,-0.0774,1.2491,172.5035,0.0000,0.0000,0.0000,-0.0220,1.2886,171.0524,0.010,5041,-0.0631,0.0042,0.0790,0,0,0.504
5.852,0,0,2,0.0000,0.6167,-0.0699,1.2488,172.4918,0.0000,0.0000,0.0000,-0.0530,1.2622,173.7587,0.008,5048,-0.0242,0.0970,0.6360,0,0,0.497
5.951,0,0,2,0.0000,0.6167,-0.0660,1.2476,172.5746,0.0000,0.0000,0.0000,-0.0141,1.2782,171.3335,0.012,5053,-0.0236,0.0972,0.6344,0,0,0.480
6.049,0,0,2,0.0000,0.6167,-0.0644,1.2388,172.4261,0.0000,0.0000,0.0000,-0.0388,1.2536,173.5096,0.004,5060,-0.0235,0.0972,0.6254,0,0,0.465
6.150,0,0,2,0.0000,0.6167,-0.0628,1.2305,172.4364,0.0000,0.0000,0.0000,-0.0079,1.2721,170.8737,0.004,5065,-0.0234,0.0972,0.6171,0,0,0.466
6.249,0,0,2,0.0000,0.6167,-0.0605,1.2246,172.3842,0.0000,0.0000,0.0000,-0.1128,1.2413,173.8429,0.003,5071,-0.0231,0.0973,0.6109,0,0,0.451
6.350,0,0,2,0.0000,0.6167,-0.0596,1.2193,172.4584,0.0000,0.0000,0.0000,-0.0334,1.2208,173.6464,0.017,5076,-0.0231,0.0973,0.6055,0,0,0.450
6.449,0,0,2,0.0000,0.6167,-0.0579,1.2099,172.4601,0.0000,0.0000,0.0000,-0.0330,1.2119,173.5366,0.003,5083,-0.0229,0.0973,0.5961,0,0,0.468
6.549,0,0,2,0.0000,0.6167,-0.0554,1.2006,172.4438,0.0000,0.0000,0.0000,0.0065,1.2448,170.3449,0.013,5089,-0.0227,0.0974,0.5866,0,0,0.461
6.649,0,0,2,0.0000,0.6167,-0.0544,1.1941,172.2973,0.0000,0.0000,0.0000,-0.0270,1.1881,173.4722,0.004,5096,-0.0226,0.0974,0.5800,0,0,0.447
6.748,0,0,2,0.0000,0.6167,-0.0523,1.1831,172.3204,0.0000,0.0000,0.0000,0.0110,1.2240,170.1152,0.005,5101,-0.0224,0.0975,0.5689,0,0,0.422
6.851,0,0,2,0.0000,0.6167,-0.0501,1.1720,172.3650,0.0000,0.0000,0.0000,-0.0241,1.1649,173.7042,0.008,5108,-0.0222,0.0975,0.5576,0,0,0.404
6.949,0,0,2,0.0000,0.6167,-0.0482,1.1624,172.2618,0.0000,0.0000,0.0000,0.0206,1.2173,169.7521,0.004,5113,-0.0220,0.0975,0.5479,0,0,0.409
7.049,0,0,2,0.0000,0.6167,-0.0461,1.1506,172.1140,0.0000,0.0000,0.0000,-0.0203,1.1440,173.6440,0.005,5120,-0.0218,0.0976,0.5359,0,0,0.402
7.149,0,0,2,0.0000,0.6167,-0.0443,1.1411,172.0948,0.0000,0.0000,0.0000,0.0209,1.2015,169.4737,0.004,5125,-0.0217,0.0976,0.5264,0,0,0.392
7.250,0,0,2,0.0000,0.6167,-0.0423,1.1297,172.2281,0.0000,0.0000,0.0000,-0.0146,1.1180,174.0615,0.006,5132,-0.0215,0.0977,0.5148,0,0,0.377
7.349,0,0,2,0.0000,0.6167,-0.0406,1.1204,172.1912,0.0000,0.0000,0.0000,0.0227,1.1857,169.6995,0.011,5137,-0.0213,0.0977,0.5054,0,0,0.371
7.448,0,0,2,0.0000,0.6167,-0.0385,1.1095,172.2651,0.0000,0.0000,0.0000,-0.0655,1.0544,171.6555,0.005,5143,-0.0210,0.0978,0.4944,0,0,0.353
7.550,0,0,2,0.0000,0.6167,-0.0370,1.0989,172.3608,0.0000,0.0000,0.0000,-0.0129,1.1052,173.7966,0.019,5148,-0.0209,0.0978,0.4837,0,0,0.349
7.648,0,0,2,0.0000,0.6167,-0.0353,1.0890,172.0744,0.0000,0.0000,0.0000,-0.0623,1.0355,171.9423,0.007,5155,-0.0207,0.0978,0.4737,0,0,0.354
7.750,0,0,2,0.0000,0.6167,-0.0340,1.0795,172.1767,0.0000,0.0000,0.0000,-0.0292,1.0594,173.8324,0.020,5160,-0.0206,0.0979,0.4641,0,0,0.330
7.849,0,0,2,0.0000,0.6167,-0.0324,1.0690,172.2776,0.0000,0.0000,0.0000,-0.0281,1.0404,173.8943,0.006,5167,-0.0204,0.0979,0.4535,0,0,0.314
7.950,0,0,2,0.0000,0.6167,-0.0303,1.0597,172.2491,0.0000,0.0000,0.0000,0.0273,1.1533,169.3119,0.014,5173,-0.0201,0.0980,0.4441,0,0,0.305
8.048,0,0,2,0.0000,0.6167,-0.0293,1.0487,172.1486,0.0000,0.0000,0.0000,-0.0015,1.0444,174.1823,0.005,5180,-0.0201,0.0980,0.4330,0,0,0.279
8.151,0,0,2,0.0000,0.6167,-0.0279,1.0396,172.1315,0.0000,0.0000,0.0000,0.0249,1.1192,169.4990,0.009,5185,-0.0199,0.0980,0.4239,0,0,0.280
8.249,0,0,2,0.0000,0.6167,-0.0267,1.0290,172.1689,0.0000,0.0000,0.0000,0.0004,1.0190,174.2372,0.002,5192,-0.0197,0.0980,0.4132,0,0,0.269
8.352,0,0,2,0.0000,0.6167,-0.0254,1.0184,172.1429,0.0000,0.0000,0.0000,0.0273,1.1154,169.2711,0.013,5197,-0.0196,0.0981,0.4026,0,0,0.264
8.450,0,0,2,0.0000,0.6167,-0.0243,1.0065,172.1732,0.0000,0.0000,0.0000,0.0063,1.0029,174.2710,0.006,5204,-0.0195,0.0981,0.3906,0,0,0.265
8.549,0,0,2,0.0000,0.6167,-0.0230,0.9968,172.1379,0.0000,0.0000,0.0000,0.0313,1.0934,169.4042,0.009,5209,-0.0193,0.0981,0.3809,0,0,0.246
8.650,0,0,2,0.0000,0.6167,-0.0217,0.9852,172.1275,0.0000,0.0000,0.0000,0.0079,0.9924,174.2725,0.006,5216,-0.0255,0.0829,0.3692,0,0,0.167
8.749,0,0,2,0.0000,0.6167,-0.0201,0.9765,172.0996,0.0000,0.0000,0.0000,0.0354,1.0880,169.0569,0.004,5221,-0.0189,0.0982,0.3604,0,0,0.474
8.848,0,0,2,0.0000,0.6167,-0.0186,0.9661,171.9206,0.0000,0.0000,0.0000,-0.0518,0.8670,170.9314,0.004,5227,-0.0186,0.0983,0.3499,0,0,0.448
8.951,0,0,2,0.0000,0.6167,-0.0176,0.9551,172.1803,0.0000,0.0000,0.0000,0.0499,1.0806,168.6198,0.003,5233,-0.0185,0.0983,0.3389,0,0,0.291
9.049,0,0,2,0.0000,0.6167,-0.0160,0.9471,172.0730,0.0000,0.0000,0.0000,-0.0434,0.8448,171.0562,0.003,5239,-0.0047,0.0849,0.3308,0,0,0.162
9.148,0,0,2,0.0000,0.6167,-0.0159,0.9371,172.0394,0.0000,0.0000,0.0000,0.0142,0.9418,174.3545,0.008,5244,-0.0063,0.0863,0.3209,0,0,0.166
9.250,0,0,2,0.0000,0.6167,-0.0153,0.9293,171.9349,0.0000,0.0000,0.0000,0.0142,0.9136,174.6946,0.003,5251,-0.0118,0.0920,0.3130,0,0,0.182
9.351,0,0,2,0.0000,0.6167,-0.0144,0.9224,172.1398,0.0000,0.0000,0.0000,0.0421,1.0498,168.7530,0.013,5257,0.0032,0.0771,0.3061,0,0,0.140
9.450,0,0,2,0.0000,0.6167,-0.0155,0.9162,172.1958,0.0000,0.0000,0.0000,0.0160,0.9122,174.5988,0.002,5264,0.0080,0.0718,0.2999,0,0,0.125
9.550,0,0,2,0.0000,0.6167,-0.0155,0.9102,172.2050,0.0000,0.0000,0.0000,0.0446,1.0461,168.5224,0.016,5269,-0.0009,0.0806,0.2939,0,0,0.150
9.650,0,0,2,0.0000,0.6167,-0.0163,0.9029,172.1562,0.0000,0.0000,0.0000,0.0121,0.8868,174.7513,0.002,5276,0.0076,0.0717,0.2867,0,0,0.125
9.751,0,0,2,0.0000,0.6167,-0.0171,0.8965,172.3943,0.0000,0.0000,0.0000,0.0134,0.8723,174.9084,0.039,5280,0.0100,0.0688,0.2803,0,0,0.117
9.850,0,0,2,0.0000,0.6167,-0.0195,0.8871,172.3274,0.0000,0.0000,0.0000,0.0134,0.8720,174.9035,0.006,5286,0.0089,0.0685,0.2711,0,0,0.117
9.950,0,0,2,0.0000,0.6167,-0.0210,0.8780,172.3368,0.0000,0.0000,0.0000,0.0109,0.8670,174.9500,0.039,5289,0.0031,0.0733,0.2622,0,0,0.131
10.048,0,0,2,0.0000,0.6167,-0.0226,0.8665,172.2340,0.0000,0.0000,0.0000,0.0092,0.8531,175.0048,0.004,5295,-0.0007,0.0759,0.2508,0,0,0.139
10.152,0,0,2,0.0000,0.6167,-0.0227,0.8551,172.1408,0.0000,0.0000,0.0000,0.0119,0.8518,174.8707,0.042,5298,-0.0054,0.0801,0.2395,0,0,0.151
10.249,0,0,2,0.0000,0.6167,-0.0224,0.8444,172.3938,0.0000,0.0000,0.0000,-0.0655,0.6912,169.4016,0.007,5303,-0.0230,0.0973,0.2289,0,0,0.365
10.349,0,0,2,0.0000,0.6167,-0.0220,0.8320,172.2049,0.0000,0.0000,0.0000,0.0090,0.8400,174.8571,0.012,5307,-0.0234,0.0972,0.2165,0,0,0.343
10.448,0,0,2,0.0000,0.6167,-0.0211,0.8198,172.2155,0.0000,0.0000,0.0000,-0.0594,0.6688,169.5970,0.003,5311,0.0009,0.0870,0.2042,0,0,0.147
10.550,0,0,2,0.0000,0.6167,-0.0228,0.8087,172.2705,0.0000,0.0000,0.0000,0.0132,0.8037,175.1937,0.011,5316,0.0134,0.0809,0.1934,0,0,0.117
10.651,0,0,2,0.0000,0.6167,-0.0247,0.7959,172.4082,0.0000,0.0000,0.0000,0.0137,0.8034,175.1640,0.007,5322,0.0116,0.0805,0.1810,0,0,0.117
10.751,0,0,2,0.0000,0.6167,-0.0259,0.7901,172.3389,0.0000,0.0000,0.0000,0.0400,0.9986,168.0200,0.003,5327,0.0105,0.0802,0.1753,0,0,0.117
10.850,0,0,2,0.0000,0.6167,-0.0297,0.7779,172.2918,0.0000,0.0000,0.0000,0.0108,0.7876,175.0402,0.006,5334,0.0072,0.0792,0.1639,0,0,0.117
10.950,0,0,2,0.0000,0.6167,-0.0330,0.7661,172.3184,0.0000,0.0000,0.0000,-0.2359,0.5210,-178.3838,0.003,5339,-0.0677,0.0801,0.1530,0,0,0.128
11.052,0,0,2,0.0000,0.6167,-0.0338,0.7490,172.5027,0.0000,0.0000,0.0000,0.0060,0.7739,175.0047,0.002,5346,-0.0601,0.0833,0.1365,0,0,0.151
11.151,0,0,2,0.0000,0.6167,-0.0314,0.7366,172.5764,0.0000,0.0000,0.0000,-0.2333,0.5066,-178.1745,0.003,5351,-0.0574,0.0836,0.1240,0,0,0.157
11.252,0,0,2,0.0000,0.6167,-0.0310,0.7241,172.6500,0.0000,0.0000,0.0000,0.0137,0.7481,175.2695,0.011,5356,-0.0115,0.0819,0.1118,0,0,0.145
11.350,0,0,2,0.0000,0.6167,-0.0311,0.7142,172.5871,0.0000,0.0000,0.0000,-0.2141,0.4962,-178.4259,0.006,5360,-0.0011,0.0740,0.1023,0,0,0.117
11.448,0,0,2,0.0000,0.6167,-0.0361,0.7061,172.7696,0.0000,0.0000,0.0000,0.0230,0.7354,175.0746,0.003,5367,-0.0062,0.0670,0.0964,0,0,0.117
11.551,0,0,2,0.0000,0.6167,-0.0374,0.7002,172.8113,0.0000,0.0000,0.0000,0.0218,0.7149,175.5009,0.040,5371,-0.0082,0.0622,0.0915,0,0,0.117
11.651,0,0,2,0.0000,0.6167,-0.0406,0.6908,172.8702,0.0000,0.0000,0.0000,-0.0136,0.7150,174.2896,0.012,5378,-0.0682,0.0544,0.0845,0,0,0.117
11.752,0,0,2,0.0000,0.6167,-0.0365,0.6836,172.9088,0.0000,0.0000,0.0000,-0.0260,0.7237,174.6328,0.019,5383,-0.0614,0.0491,0.0762,0,0,0.117
11.851,0,0,2,0.0000,0.6167,-0.0324,0.6769,172.9678,0.0000,0.0000,0.0000,-0.0222,0.7125,174.6326,0.008,5389,0.0000,0.0000,0.0684,0,0,0.117
11.949,0,0,2,0.0000,0.6167,-0.0329,0.6720,173.2260,0.0000,0.0000,0.0000,-0.2403,0.4330,-177.7531,0.006,5396,0.0000,0.0000,0.0643,0,0,0.148
12.048,0,0,2,0.0000,0.6167,-0.0343,0.6664,173.2960,0.0000,0.0000,0.0000,0.0263,0.7039,174.8721,0.003,5402,0.0000,0.0000,0.0604,0,0,0.149
12.157,0,0,2,0.0000,0.6167,-0.0337,0.6648,173.3577,0.0000,0.0000,0.0000,-0.2380,0.4311,-177.6180,0.017,5408,0.0000,0.0000,0.0588,0,0,0.158
12.248,0,0,2,0.0000,0.6167,-0.0349,0.6603,173.4439,0.0000,0.0000,0.0000,0.0264,0.7038,174.8698,0.003,5415,0.0000,0.0000,0.0559,0,0,0.165
12.353,0,0,2,0.0000,0.6167,-0.0347,0.6589,173.4875,0.0000,0.0000,0.0000,-0.2380,0.4311,-177.6188,0.011,5420,0.0000,0.0000,0.0547,0,0,0.152
12.450,0,0,2,0.0000,0.6167,-0.0360,0.6549,173.5699,0.0000,0.0000,0.0000,0.0264,0.7038,174.8685,0.005,5427,0.0000,0.0000,0.0525,0,0,0.157
12.548,0,0,2,0.0000,0.6167,-0.0357,0.6537,173.6041,0.0000,0.0000,0.0000,-0.2380,0.4311,-177.6161,0.008,5432,0.0000,0.0000,0.0515,0,0,0.165
12.650,0,0,2,0.0000,0.6167,-0.0370,0.6502,173.6800,0.0000,0.0000,0.0000,0.0264,0.7038,174.8698,0.007,5439,0.0000,0.0000,0.0499,0,0,0.164
12.750,0,0,2,0.0000,0.6167,-0.0367,0.6492,173.7176,0.0000,0.0000,0.0000,-0.2380,0.4311,-177.6177,0.013,5444,0.0000,0.0000,0.0491,0,0,0.185
12.851,0,0,2,0.0000,0.6167,-0.0380,0.6460,173.7890,0.0000,0.0000,0.0000,0.0264,0.7039,174.8708,0.008,5451,0.0000,0.0000,0.0480,1,1,0.150
12.949,0,0,2,0.0000,0.6167,-0.0377,0.6452,173.8195,0.0000,0.0000,0.0000,-0.2379,0.4311,-177.6183,0.005,5456,0.0000,0.0000,0.0473,1,1,0.163
13.050,0,0,2,0.0000,0.6167,-0.0394,0.6424,173.8936,0.0000,0.0000,0.0000,0.0221,0.6270,172.9453,0.007,5462,0.0000,0.0000,0.0471,1,1,0.160
13.149,0,0,2,0.0000,0.6167,-0.0386,0.6417,173.9117,0.0000,0.0000,0.0000,0.0264,0.7038,174.8713,0.020,5467,0.0000,0.0000,0.0460,1,1,0.164
13.248,0,0,2,0.0000,0.6167,-0.0401,0.6385,173.9781,0.0000,0.0000,0.0000,0.0005,0.6786,174.8065,0.004,5474,0.0000,0.0000,0.0457,1,1,0.152
13.350,0,0,2,0.0000,0.6167,-0.0394,0.6384,174.0092,0.0000,0.0000,0.0000,-0.2380,0.4311,-177.6185,0.011,5480,0.0000,0.0000,0.0450,1,1,0.160
13.450,0,0,2,0.0000,0.6167,-0.0399,0.6365,174.0760,0.0000,0.0000,0.0000,0.0265,0.7038,174.8670,0.005,5487,0.0000,0.0000,0.0446,1,1,0.140
13.548,0,0,2,0.0000,0.6167,-0.0394,0.6358,174.1136,0.0000,0.0000,0.0000,-0.2379,0.4311,-177.6181,0.010,5492,0.0000,0.0000,0.0438,1,1,0.188
13.650,0,0,2,0.0000,0.6167,-0.0391,0.6338,174.2040,0.0000,0.0000,0.0000,0.0264,0.7038,174.8697,0.006,5499,0.0000,0.0000,0.0427,1,1,0.127
13.752,0,0,2,0.0000,0.6167,-0.0380,0.6338,174.2417,0.0000,0.0000,0.0000,-0.2380,0.4310,-177.6185,0.009,5504,0.0000,0.0000,0.0417,1,1,0.138
13.850,0,0,2,0.0000,0.6167,-0.0378,0.6319,174.3305,0.0000,0.0000,0.0000,0.0264,0.7038,174.8700,0.006,5511,0.0000,0.0000,0.0407,1,1,0.163
13.949,0,0,2,0.0000,0.6167,-0.0368,0.6320,174.3661,0.0000,0.0000,0.0000,-0.2380,0.4310,-177.6184,0.007,5516,0.0000,0.0000,0.0398,1,1,0.164
14.048,0,0,2,0.0000,0.6167,-0.0366,0.6303,174.4489,0.0000,0.0000,0.0000,0.0265,0.7038,174.8674,0.003,5523,0.0000,0.0000,0.0390,1,1,0.157
14.149,0,0,2,0.0000,0.6167,-0.0357,0.6304,174.4763,0.0000,0.0000,0.0000,-0.2380,0.4311,-177.6199,0.009,5528,0.0000,0.0000,0.0382,1,1,0.144
14.250,0,0,2,0.0000,0.6167,-0.0361,0.6288,174.5632,0.0000,0.0000,0.0000,0.0223,0.6268,172.9391,0.002,5534,0.0000,0.0000,0.0381,1,1,0.164
14.350,0,0,2,0.0000,0.6167,-0.0347,0.6290,174.5728,0.0000,0.0000,0.0000,0.0264,0.7038,174.8692,0.015,5539,0.0000,0.0000,0.0368,1,1,0.153
14.452,0,0,2,0.0000,0.6167,-0.0353,0.6273,174.6615,0.0000,0.0000,0.0000,0.0223,0.6268,172.9388,0.003,5546,0.0000,0.0000,0.0369,1,1,0.166
14.551,0,0,2,0.0000,0.6167,-0.0339,0.6276,174.6586,0.0000,0.0000,0.0000,0.0265,0.7038,174.8682,0.018,5551,0.0000,0.0000,0.0356,1,1,0.167
14.649,0,0,2,0.0000,0.6167,-0.0339,0.6261,174.7378,0.0000,0.0000,0.0000,0.0223,0.6268,172.9389,0.014,5558,0.0000,0.0000,0.0352,1,1,0.172
14.750,0,0,2,0.0000,0.6167,-0.0350,0.6246,174.8026,0.0000,0.0000,0.0000,-0.2380,0.4310,-177.6206,0.007,5564,0.0000,0.0000,0.0359,1,1,0.184
14.848,0,0,2,0.0000,0.6167,-0.0332,0.6250,174.8190,0.0000,0.0000,0.0000,0.0265,0.7038,174.8684,0.003,5571,0.0000,0.0000,0.0342,1,1,0.173
14.951,0,0,2,0.0000,0.6167,-0.0324,0.6254,174.8328,0.0000,0.0000,0.0000,-0.2380,0.4310,-177.6191,0.011,5576,0.0000,0.0000,0.0336,1,1,0.173
15.050,0,0,2,0.0000,0.6167,-0.0326,0.6241,174.8957,0.0000,0.0000,0.0000,0.0265,0.7038,174.8698,0.010,5583,0.0000,0.0000,0.0334,1,1,0.142
15.149,0,0,2,0.0000,0.6167,-0.0318,0.6245,174.9024,0.0000,0.0000,0.0000,-0.2380,0.4310,-177.6194,0.004,5588,0.0000,0.0000,0.0328,1,1,0.175
15.248,0,0,2,0.0000,0.6167,-0.0320,0.6232,174.9640,0.0000,0.0000,0.0000,0.0265,0.7038,174.8679,0.003,5595,0.0000,0.0000,0.0326,1,1,0.171
15.351,0,0,2,0.0000,0.6167,-0.0332,0.6219,175.0137,0.0000,0.0000,0.0000,-0.2380,0.4310,-177.6193,0.011,5600,0.0000,0.0000,0.0336,1,1,0.143
15.450,0,0,2,0.0000,0.6167,-0.0315,0.6224,175.0266,0.0000,0.0000,0.0000,0.0265,0.7038,174.8701,0.006,5607,0.0000,0.0000,0.0320,1,1,0.176
15.554,0,0,2,0.0000,0.6167,-0.0327,0.6211,175.0791,0.0000,0.0000,0.0000,-0.2380,0.4311,-177.6182,0.017,5612,0.0000,0.0000,0.0330,1,1,0.167
15.649,0,0,2,0.0000,0.6167,-0.0310,0.6216,175.0811,0.0000,0.0000,0.0000,0.0265,0.7038,174.8682,0.005,5619,0.0000,0.0000,0.0314,1,1,0.147
15.750,0,0,2,0.0000,0.6167,-0.0304,0.6222,175.0828,0.0000,0.0000,0.0000,-0.2380,0.4311,-177.6196,0.003,5624,0.0000,0.0000,0.0309,1,1,0.153
15.850,0,0,2,0.0000,0.6167,-0.0311,0.6209,175.1518,0.0000,0.0000,0.0000,-0.2380,0.4311,-177.6192,0.019,5629,0.0000,0.0000,0.0314,1,1,0.173
15.949,0,0,2,0.0000,0.6167,-0.0300,0.6216,175.1331,0.0000,0.0000,0.0000,0.0801,0.7006,177.4923,0.021,5635,0.0000,0.0000,0.0304,1,1,0.142
16.049,0,0,2,0.0000,0.6167,-0.0313,0.6197,175.1679,0.0000,0.0000,0.0000,0.0265,0.7038,174.8683,0.007,5642,0.0000,0.0000,0.0314,1,1,0.156
16.150,0,0,2,0.0000,0.6167,-0.0296,0.6210,175.1865,0.0000,0.0000,0.0000,-0.2380,0.4311,-177.6183,0.007,5648,0.0000,0.0000,0.0299,1,1,0.156
16.250,0,0,2,0.0000,0.6167,-0.0299,0.6199,175.2291,0.0000,0.0000,0.0000,0.0265,0.7038,174.8699,0.006,5655,0.0000,0.0000,0.0301,1,1,0.153
16.355,0,0,2,0.0000,0.6167,-0.0293,0.6205,175.2293,0.0000,0.0000,0.0000,-0.2380,0.4311,-177.6202,0.014,5660,0.0000,0.0000,0.0295,1,1,0.141
16.448,0,0,2,0.0000,0.6167,-0.0296,0.6195,175.2710,0.0000,0.0000,0.0000,0.0265,0.7038,174.8690,0.003,5667,0.0000,0.0000,0.0297,1,1,0.140
16.548,0,0,2,0.0000,0.6167,-0.0290,0.6201,175.2698,0.0000,0.0000,0.0000,-0.2380,0.4310,-177.6210,0.008,5672,0.0000,0.0000,0.0292,1,1,0.140
16.648,0,0,2,0.0000,0.6167,-0.0293,0.6191,175.3090,0.0000,0.0000,0.0000,0.0801,0.7006,177.4928,0.015,5678,0.0000,0.0000,0.0294,1,1,0.165
16.753,0,0,2,0.0000,0.6167,-0.0287,0.6197,175.3060,0.0000,0.0000,0.0000,-0.2380,0.4311,-177.6196,0.012,5684,0.0000,0.0000,0.0289,1,1,0.153
16.850,0,0,2,0.0000,0.6167,-0.0291,0.6187,175.3415,0.0000,0.0000,0.0000,0.0265,0.7038,174.8682,0.007,5691,0.0000,0.0000,0.0291,1,1,0.146
16.951,0,1,0,0.0000,0.6167,-0.0285,0.6193,175.3374,0.0000,0.0000,0.0000,-0.2380,0.4311,-177.6194,0.008,5696,-0.0265,-0.0009,0.0286,1,1,0.168
17.053,0,1,1,0.0000,0.0000,-0.0276,0.6182,175.1579,0.0000,0.0000,0.0000,-0.2380,0.4311,-177.6200,0.018,5701,-0.0413,0.0984,0.6188,1,1,0.153
17.152,0,1,1,0.0000,0.0000,-0.0231,0.6132,174.5940,0.0000,0.0000,0.0000,0.0302,0.7021,174.6750,0.019,5707,-0.0441,0.0985,0.6137,1,1,0.146
17.250,0,1,1,0.0000,0.0000,-0.0235,0.6048,174.3897,0.0000,0.0000,0.0000,-0.1108,0.8679,177.7916,0.003,5713,-0.0322,0.0985,0.6052,1,1,0.170
17.350,0,1,1,0.0000,0.0000,-0.0212,0.6001,173.9443,0.0000,0.0000,0.0000,-0.2531,0.4070,-178.4560,0.007,5720,-0.0169,0.0986,0.6004,1,1,0.266
17.450,0,1,1,0.0000,0.0000,-0.0218,0.5906,173.6636,0.0000,0.0000,0.0000,0.0443,0.6695,173.2986,0.011,5727,0.0005,0.0985,0.5910,1,1,0.165
17.550,0,1,1,0.0000,0.0000,-0.0223,0.5833,173.5293,0.0000,0.0000,0.0000,-0.2552,0.3926,-179.1031,0.011,5732,0.0059,0.0985,0.5838,1,1,0.154
17.648,0,1,1,0.0000,0.0000,-0.0250,0.5742,173.2958,0.0000,0.0000,0.0000,0.0411,0.6468,172.7675,0.003,5739,-0.0117,0.0984,0.5747,1,1,0.188
17.753,0,1,1,0.0000,0.0000,-0.0289,0.5622,173.1798,0.0000,0.0000,0.0000,-0.3228,0.3092,-177.5493,0.013,5744,0.0091,0.0983,0.5630,1,1,0.145
17.849,0,1,1,0.0000,0.0000,-0.0304,0.5544,172.8400,0.0000,0.0000,0.0000,0.0415,0.6227,172.2715,0.007,5751,-0.0038,0.0982,0.5552,1,1,0.170
17.949,0,1,1,0.0000,0.0000,-0.0341,0.5434,172.7974,0.0000,0.0000,0.0000,-0.3224,0.3045,-178.2640,0.013,5756,0.0104,0.0981,0.5445,1,1,0.140
18.049,0,1,1,0.0000,0.0000,-0.0361,0.5349,172.7055,0.0000,0.0000,0.0000,0.0362,0.6131,171.7993,0.006,5763,0.0200,0.0980,0.5361,1,1,0.120
18.151,0,1,1,0.0000,0.0000,-0.0395,0.5255,172.6189,0.0000,0.0000,0.0000,-0.3897,0.2099,-176.4392,0.002,5768,0.0177,0.0978,0.5270,1,1,0.123
18.249,0,1,1,0.0000,0.0000,-0.0459,0.5120,172.5600,0.0000,0.0000,0.0000,0.0331,0.6007,171.3586,0.007,5775,0.0193,0.0975,0.5141,1,1,0.117
18.354,0,1,1,0.0000,0.0000,-0.0500,0.5004,172.2750,0.0000,0.0000,0.0000,0.0309,0.5757,171.7543,0.041,5779,0.0184,0.0973,0.5029,1,1,0.117
18.450,0,1,1,0.0000,0.0000,-0.0528,0.4902,172.4663,0.0000,0.0000,0.0000,-0.0593,0.4290,166.1365,0.009,5785,0.0176,0.0971,0.4931,1,1,0.117
18.549,0,1,1,0.0000,0.0000,-0.0501,0.4834,172.2583,0.0000,0.0000,0.0000,0.0224,0.5669,171.3624,0.016,5791,0.0180,0.0972,0.4860,1,1,0.117
18.650,0,1,1,0.0000,0.0000,-0.0476,0.4753,172.0521,0.0000,0.0000,0.0000,0.0793,0.5724,174.5241,0.013,5798,0.0183,0.0973,0.4776,1,1,0.117
18.749,0,1,1,0.0000,0.0000,-0.0469,0.4688,171.9470,0.0000,0.0000,0.0000,0.1194,0.5206,169.0906,0.006,5804,0.0183,0.0973,0.4711,1,1,0.117
18.849,0,1,1,0.0000,0.0000,-0.0462,0.4593,171.8896,0.0000,0.0000,0.0000,0.0125,0.5336,171.2446,0.006,5810,0.0183,0.0973,0.4616,1,1,0.117
18.950,0,1,1,0.0000,0.0000,-0.0469,0.4519,171.8085,0.0000,0.0000,0.0000,0.1197,0.5174,168.8104,0.008,5814,0.0180,0.0972,0.4544,1,1,0.117
19.050,0,1,1,0.0000,0.0000,-0.0476,0.4420,171.5649,0.0000,0.0000,0.0000,0.0097,0.4972,171.6366,0.008,5819,0.0176,0.0971,0.4446,1,1,0.117
19.149,0,1,1,0.0000,0.0000,-0.0489,0.4329,171.6131,0.0000,0.0000,0.0000,0.0805,0.4584,169.9831,0.004,5823,0.0171,0.0970,0.4356,1,1,0.117
19.250,0,1,1,0.0000,0.0000,-0.0501,0.4228,171.6238,0.0000,0.0000,0.0000,0.0009,0.4868,171.5336,0.006,5828,0.0166,0.0968,0.4258,1,1,0.117
19.350,0,1,1,0.0000,0.0000,-0.0513,0.4147,171.5696,0.0000,0.0000,0.0000,0.0814,0.4558,169.8019,0.010,5832,0.0161,0.0967,0.4179,1,1,0.117
19.449,0,1,1,0.0000,0.0000,-0.0529,0.4035,171.5599,0.0000,0.0000,0.0000,-0.0002,0.4745,171.5684,0.008,5837,0.0154,0.0965,0.4069,1,1,0.117
19.554,0,1,1,0.0000,0.0000,-0.0537,0.3955,171.7025,0.0000,0.0000,0.0000,0.0915,0.4351,169.9214,0.012,5841,0.0149,0.0964,0.3991,1,1,0.117
19.649,0,1,1,0.0000,0.0000,-0.0533,0.3881,171.6967,0.0000,0.0000,0.0000,-0.0104,0.4629,171.7825,0.006,5846,0.0148,0.0964,0.3918,1,1,0.117
19.751,0,1,1,0.0000,0.0000,-0.0537,0.3812,171.6743,0.0000,0.0000,0.0000,-0.0374,0.4442,171.2880,0.029,5849,0.0144,0.0963,0.3849,1,1,0.117
19.848,0,1,1,0.0000,0.0000,-0.0530,0.3753,171.8517,0.0000,0.0000,0.0000,-0.0388,0.4273,171.3206,0.003,5855,0.0144,0.0963,0.3790,1,1,0.117
19.951,0,1,1,0.0000,0.0000,-0.0530,0.3702,171.7510,0.0000,0.0000,0.0000,-0.0187,0.4333,172.1713,0.019,5860,0.0142,0.0962,0.3740,1,1,0.117
20.048,0,1,1,0.0000,0.0000,-0.0527,0.3630,171.8816,0.0000,0.0000,0.0000,-0.0564,0.4519,173.6717,0.003,5867,0.0140,0.0962,0.3668,1,1,0.117
20.149,0,1,1,0.0000,0.0000,-0.0532,0.3582,171.8467,0.0000,0.0000,0.0000,0.0902,0.3988,169.7382,0.004,5873,0.0137,0.0961,0.3621,1,1,0.117
20.248,0,1,1,0.0000,0.0000,-0.0531,0.3518,171.8349,0.0000,0.0000,0.0000,-0.0348,0.4043,171.9648,0.008,5880,0.0135,0.0960,0.3558,1,1,0.117
20.351,0,1,1,0.0000,0.0000,-0.0533,0.3438,172.0356,0.0000,0.0000,0.0000,0.0554,0.3396,170.8588,0.013,5885,0.0131,0.0959,0.3480,1,1,0.117
20.450,0,1,1,0.0000,0.0000,-0.0539,0.3367,172.0295,0.0000,0.0000,0.0000,-0.0364,0.4033,172.0287,0.010,5892,-0.0672,0.1116,0.3410,1,1,0.117
20.555,0,1,1,0.0000,0.0000,-0.0481,0.3279,171.8265,0.0000,0.0000,0.0000,0.0244,0.3058,171.7965,0.016,5897,-0.0659,0.1120,0.3314,1,1,0.117
20.649,0,1,1,0.0000,0.0000,-0.0422,0.3173,171.9618,0.0000,0.0000,0.0000,-0.0279,0.3612,172.3097,0.006,5904,-0.0073,0.0965,0.3201,1,1,0.162
20.750,0,1,1,0.0000,0.0000,-0.0394,0.3087,171.8580,0.0000,0.0000,0.0000,0.0492,0.2942,171.2237,0.011,5909,-0.0258,0.0966,0.3112,1,1,0.260
20.849,0,1,1,0.0000,0.0000,-0.0374,0.2989,171.9524,0.0000,0.0000,0.0000,-0.0250,0.3583,172.0318,0.007,5916,-0.0496,0.1207,0.3013,1,1,0.132
20.949,0,1,1,0.0000,0.0000,-0.0337,0.2870,172.0034,0.0000,0.0000,0.0000,0.0574,0.2768,171.0953,0.013,5921,-0.0464,0.1184,0.2890,1,1,0.139
21.049,0,1,1,0.0000,0.0000,-0.0299,0.2751,172.0894,0.0000,0.0000,0.0000,-0.1458,0.0957,164.8651,0.003,5927,-0.0534,0.1264,0.2767,1,1,0.117
21.154,0,1,1,0.0000,0.0000,-0.0273,0.2605,171.8989,0.0000,0.0000,0.0000,-0.0265,0.3286,172.0724,0.021,5932,-0.0530,0.1265,0.2619,1,1,0.117
21.250,0,1,1,0.0000,0.0000,-0.0221,0.2477,171.8511,0.0000,0.0000,0.0000,-0.1308,0.0589,164.8842,0.003,5939,-0.0515,0.1269,0.2486,1,1,0.117
21.350,0,1,1,0.0000,0.0000,-0.0197,0.2331,171.6301,0.0000,0.0000,0.0000,0.0456,0.3323,175.5045,0.021,5944,-0.0510,0.1270,0.2340,1,1,0.117
21.451,0,1,1,0.0000,0.0000,-0.0165,0.2176,171.4976,0.0000,0.0000,0.0000,0.0547,0.3206,175.5008,0.010,5951,-0.0502,0.1271,0.2182,1,1,0.117
21.548,0,1,1,0.0000,0.0000,-0.0113,0.2056,171.5904,0.0000,0.0000,0.0000,0.0809,0.2108,170.8781,0.008,5957,-0.0481,0.1276,0.2059,1,1,0.117
21.649,0,1,1,0.0000,0.0000,-0.0080,0.1906,171.6103,0.0000,0.0000,0.0000,-0.0031,0.2440,172.1542,0.007,5964,-0.0469,0.1278,0.1908,1,1,0.117
21.749,0,1,1,0.0000,0.0000,-0.0049,0.1788,171.6530,0.0000,0.0000,0.0000,0.0942,0.1952,170.7682,0.007,5969,-0.0454,0.1280,0.1789,1,1,0.117
21.849,0,1,1,0.0000,0.0000,-0.0006,0.1627,171.7551,0.0000,0.0000,0.0000,0.0097,0.1962,172.9394,0.006,5976,-0.0431,0.1284,0.1627,1,1,0.117
21.950,0,1,1,0.0000,0.0000,0.0022,0.1502,171.7108,0.0000,0.0000,0.0000,0.0734,0.1272,172.2530,0.003,5981,-0.0228,0.1103,0.1502,1,1,0.169
22.049,0,1,1,0.0000,0.0000,0.0043,0.1350,171.7120,0.0000,0.0000,0.0000,0.0669,0.1785,174.1496,0.007,5988,0.0023,0.0943,0.1351,1,1,0.173
22.152,0,1,1,0.0000,0.0000,0.0057,0.1242,171.7173,0.0000,0.0000,0.0000,0.0820,0.1135,171.8655,0.012,5993,0.0041,0.0937,0.1243,1,1,0.172
22.249,0,1,1,0.0000,0.0000,0.0052,0.1129,171.7825,0.0000,0.0000,0.0000,0.0777,0.1494,174.5549,0.006,6000,0.0087,0.0831,0.1130,1,1,0.160
22.351,0,1,1,0.0000,0.0000,0.0053,0.1050,171.8087,0.0000,0.0000,0.0000,0.0823,0.1123,171.8205,0.011,6005,0.0097,0.0769,0.1052,1,1,0.157
22.451,0,1,1,0.0000,0.0000,0.0066,0.0966,171.9607,0.0000,0.0000,0.0000,-0.1510,-0.1595,163.1940,0.007,6011,0.0053,0.0730,0.0968,1,1,0.171
22.549,0,1,1,0.0000,0.0000,0.0053,0.0872,171.8605,0.0000,0.0000,0.0000,0.1012,0.0931,171.4275,0.005,6017,0.0065,0.0649,0.0874,1,1,0.164
22.649,0,1,1,0.0000,0.0000,0.0050,0.0781,171.9246,0.0000,0.0000,0.0000,0.1011,0.0928,171.4051,0.012,6023,0.0034,0.0592,0.0783,1,1,0.173
22.754,0,1,2,0.0000,-0.6167,0.0053,0.0721,171.9040,0.0000,0.0000,0.0000,0.1018,0.0927,171.4523,0.008,6029,0.0045,0.0921,0.6888,1,1,0.163
22.851,0,1,2,0.0000,-0.6167,0.0036,0.0608,171.8777,0.0000,0.0000,0.0000,0.0584,0.1253,174.4473,0.007,6035,0.0079,0.0906,0.6775,1,1,0.155
22.952,0,1,2,0.0000,-0.6167,0.0051,0.0534,171.8182,0.0000,0.0000,0.0000,0.0846,0.0558,171.9149,0.019,6041,0.0096,0.0900,0.6701,1,1,0.153
23.052,0,1,2,0.0000,-0.6167,0.0051,0.0451,172.0785,0.0000,0.0000,0.0000,0.0542,0.1107,174.2306,0.009,6047,0.0110,0.0894,0.6618,1,1,0.149
23.150,0,1,2,0.0000,-0.6167,0.0069,0.0390,172.3694,0.0000,0.0000,0.0000,0.0863,0.0373,172.4091,0.014,6051,0.0052,0.0920,0.6557,1,1,0.162
23.248,0,1,2,0.0000,-0.6167,0.0070,0.0298,172.3357,0.0000,0.0000,0.0000,0.0647,0.0805,175.1501,0.005,6057,-0.0040,0.0958,0.6465,1,1,0.182
23.353,0,1,2,0.0000,-0.6167,0.0080,0.0200,172.3145,0.0000,0.0000,0.0000,0.0924,0.0282,172.1321,0.017,6062,-0.0084,0.0977,0.6367,1,1,0.192
23.450,0,1,2,0.0000,-0.6167,0.0071,0.0067,172.1636,0.0000,0.0000,0.0000,0.0572,0.0696,174.9374,0.007,6069,0.0067,0.0914,0.6234,1,1,0.159
23.554,0,1,2,0.0000,-0.6167,0.0088,-0.0044,172.1070,0.0000,0.0000,0.0000,0.0964,0.0138,171.7776,0.018,6074,-0.0413,0.1286,0.6123,1,1,0.117
23.648,0,1,2,0.0000,-0.6167,0.0156,-0.0141,172.2250,0.0000,0.0000,0.0000,0.0522,0.0552,174.5735,0.005,6079,-0.0401,0.1288,0.6028,1,1,0.117
23.749,0,1,2,0.0000,-0.6167,0.0208,-0.0234,172.4705,0.0000,0.0000,0.0000,0.0896,-0.0248,172.2763,0.010,6083,-0.0392,0.1289,0.5937,1,1,0.117
23.850,0,1,2,0.0000,-0.6167,0.0282,-0.0332,172.4166,0.0000,0.0000,0.0000,0.0915,-0.0246,172.4035,0.017,6087,-0.0379,0.1290,0.5841,1,1,0.117
23.948,0,1,2,0.0000,-0.6167,0.0336,-0.0440,172.4795,0.0000,0.0000,0.0000,0.0649,0.0176,174.6807,0.014,6091,-0.0369,0.1291,0.5737,1,1,0.117
24.049,0,1,2,0.0000,-0.6167,0.0392,-0.0557,172.5496,0.0000,0.0000,0.0000,0.3143,0.0593,-177.9331,0.003,6096,-0.0358,0.1291,0.5624,1,1,0.117
24.150,0,1,2,0.0000,-0.6167,0.0488,-0.0661,172.6117,0.0000,0.0000,0.0000,0.0595,0.0032,174.2996,0.006,6101,-0.0339,0.1292,0.5527,1,1,0.117
24.248,0,1,2,0.0000,-0.6167,0.0570,-0.0754,172.6770,0.0000,0.0000,0.0000,0.0583,-0.0100,173.9959,0.005,6106,-0.0323,0.1293,0.5442,1,1,0.117
24.350,0,1,2,0.0000,-0.6167,0.0625,-0.0866,172.7660,0.0000,0.0000,0.0000,0.0949,-0.1161,172.5949,0.014,6110,-0.0310,0.1293,0.5338,1,1,0.117
24.450,0,1,2,0.0000,-0.6167,0.0703,-0.0971,172.8495,0.0000,0.0000,0.0000,0.0551,-0.0290,173.6350,0.011,6115,-0.0293,0.1293,0.5243,1,1,0.117
24.550,0,1,2,0.0000,-0.6167,0.0747,-0.1093,172.8398,0.0000,0.0000,0.0000,0.0986,-0.1283,172.1502,0.013,6119,-0.0281,0.1293,0.5129,1,1,0.117
24.649,0,1,2,0.0000,-0.6167,0.0759,-0.1233,172.6124,0.0000,0.0000,0.0000,0.0673,-0.1902,176.3303,0.006,6122,-0.0275,0.1293,0.4992,1,1,0.117
24.749,0,1,2,0.0000,-0.6167,0.0771,-0.1368,172.5467,0.0000,0.0000,0.0000,0.1093,-0.1530,171.5130,0.007,6125,-0.0268,0.1293,0.4860,1,1,0.117
24.850,0,1,2,0.0000,-0.6167,0.0787,-0.1516,172.5590,0.0000,0.0000,0.0000,0.1044,-0.1808,171.8753,0.043,6127,0.0265,0.0904,0.4716,1,1,0.150
24.948,0,1,2,0.0000,-0.6167,0.0756,-0.1610,172.4437,0.0000,0.0000,0.0000,0.1118,-0.1915,171.5984,0.011,6129,-0.0019,0.1049,0.4619,1,1,0.186
25.050,0,1,2,0.0000,-0.6167,0.0790,-0.1711,172.5837,0.0000,0.0000,0.0000,0.3988,-0.0205,-176.8136,0.025,6131,0.0226,0.0923,0.4525,1,1,0.160
25.151,0,1,2,0.0000,-0.6167,0.0814,-0.1803,172.6279,0.0000,0.0000,0.0000,0.3845,-0.0602,-177.5813,0.061,6133,-0.0229,0.1278,0.4439,1,1,0.121
25.249,0,1,2,0.0000,-0.6167,0.0825,-0.1939,172.3625,0.0000,0.0000,0.0000,0.1020,-0.2246,171.7773,0.022,6135,-0.0235,0.1292,0.4308,1,1,0.117
25.349,0,1,2,0.0000,-0.6167,0.0833,-0.2062,172.1020,0.0000,0.0000,0.0000,0.0919,-0.2464,171.7225,0.004,6137,-0.0174,0.1238,0.4189,1,1,0.132
25.449,0,1,2,0.0000,-0.6167,0.0836,-0.2204,172.1682,0.0000,0.0000,0.0000,0.0967,-0.2515,171.2930,0.015,6138,0.0185,0.0951,0.4049,1,1,0.176
25.549,0,1,2,0.0000,-0.6167,0.0811,-0.2295,172.2081,0.0000,0.0000,0.0000,0.1040,-0.2597,171.2701,0.003,6140,0.0155,0.0963,0.3956,1,1,0.182
25.650,0,1,2,0.0000,-0.6167,0.0789,-0.2411,172.1061,0.0000,0.0000,0.0000,0.1034,-0.2608,171.2020,0.046,6141,-0.0023,0.1228,0.3838,1,1,0.150
25.749,0,1,2,0.0000,-0.6167,0.0783,-0.2548,172.0419,0.0000,0.0000,0.0000,0.1031,-0.2746,171.0277,0.012,6144,-0.0030,0.1260,0.3703,1,1,0.143
25.849,0,1,2,0.0000,-0.6167,0.0777,-0.2683,172.0394,0.0000,0.0000,0.0000,0.0903,-0.3335,176.0506,0.004,6147,0.0000,0.1081,0.3569,1,1,0.176
25.950,0,1,2,0.0000,-0.6167,0.0773,-0.2815,172.0172,0.0000,0.0000,0.0000,0.0920,-0.3070,171.2294,0.011,6150,-0.0014,0.1102,0.3440,1,1,0.170
26.049,0,1,2,0.0000,-0.6167,0.0833,-0.2988,171.8268,0.0000,0.0000,0.0000,0.0894,-0.3398,175.5048,0.002,6155,-0.0066,0.1180,0.3286,1,1,0.147
26.149,0,1,2,0.0000,-0.6167,0.0850,-0.3137,171.9763,0.0000,0.0000,0.0000,0.0976,-0.3278,170.8802,0.013,6159,0.0024,0.1267,0.3146,1,1,0.140
26.251,0,1,2,0.0000,-0.6167,0.0858,-0.3291,171.8764,0.0000,0.0000,0.0000,0.0953,-0.3695,175.8592,0.008,6163,0.0023,0.1307,0.3001,1,1,0.131
26.351,0,1,2,0.0000,-0.6167,0.0870,-0.3430,171.9992,0.0000,0.0000,0.0000,0.3290,-0.4949,163.3034,0.002,6168,0.0054,0.1271,0.2872,1,1,0.138
26.450,0,1,2,0.0000,-0.6167,0.0880,-0.3593,171.7464,0.0000,0.0000,0.0000,-0.0646,-0.3811,173.2039,0.006,6173,0.0104,0.1198,0.2720,1,1,0.153
26.550,0,1,2,0.0000,-0.6167,0.0832,-0.3730,171.6628,0.0000,0.0000,0.0000,0.0885,-0.3611,170.5628,0.003,6178,0.0077,0.1263,0.2575,1,1,0.139
26.649,0,1,2,0.0000,-0.6167,0.0772,-0.3835,171.6902,0.0000,0.0000,0.0000,0.3020,-0.5269,163.5036,0.007,6182,0.0043,0.1325,0.2456,1,1,0.126
26.751,0,1,2,0.0000,-0.6167,0.0743,-0.3625,170.8471,0.0000,0.0000,0.0000,-0.2065,2.7921,95.1382,0.018,6185,0.0039,0.1257,0.2648,1,1,0.142
26.850,0,1,2,0.0000,-0.6167,0.0769,-0.3782,170.9415,0.0000,0.0000,0.0000,0.2702,-0.5246,164.6561,0.028,6189,0.0056,0.1275,0.2506,1,1,0.137
26.950,0,1,2,0.0000,-0.6167,0.0770,-0.3940,171.1811,0.0000,0.0000,0.0000,0.2479,-0.5340,165.4027,0.003,6193,-0.0186,0.1139,0.2356,1,1,0.117
27.051,0,1,2,0.0000,-0.6167,0.0802,-0.4073,171.1893,0.0000,0.0000,0.0000,-0.2097,-0.2986,169.2816,0.003,6196,0.0126,0.1223,0.2242,1,1,0.146
27.155,0,1,2,0.0000,-0.6167,0.0732,-0.4252,171.4088,0.0000,0.0000,0.0000,0.2244,-0.5377,166.3983,0.005,6202,0.0089,0.1311,0.2050,1,1,0.127
27.249,0,1,2,0.0000,-0.6167,0.0704,-0.4396,171.5291,0.0000,0.0000,0.0000,-0.0653,-0.4408,173.9283,0.025,6206,0.0104,0.1303,0.1905,1,1,0.128
27.351,0,1,2,0.0000,-0.6167,0.0750,-0.4486,171.7628,0.0000,0.0000,0.0000,0.1892,-0.5488,167.5592,0.003,6211,0.0027,0.1214,0.1841,1,1,0.128
27.450,0,1,2,0.0000,-0.6167,0.0858,-0.4571,172.1610,0.0000,0.0000,0.0000,0.5635,-0.2306,-173.4352,0.020,6215,0.0235,0.1218,0.1812,1,1,0.139
27.549,0,1,2,0.0000,-0.6167,0.0889,-0.4654,172.2603,0.0000,0.0000,0.0000,0.1745,-0.5482,168.3486,0.003,6220,0.0260,0.1227,0.1755,1,1,0.134
27.650,0,1,2,0.0000,-0.6167,0.0971,-0.4732,172.5327,0.0000,0.0000,0.0000,0.5915,-0.2493,-172.9430,0.026,6224,0.0307,0.1228,0.1732,1,1,0.128
27.750,0,1,2,0.0000,-0.6167,0.0975,-0.4820,172.5129,0.0000,0.0000,0.0000,0.0351,-0.3845,170.3658,0.011,6229,0.0362,0.1149,0.1663,1,1,0.142
27.849,0,1,2,0.0000,-0.6167,0.1029,-0.4891,172.6028,0.0000,0.0000,0.0000,-0.0443,-0.5383,174.3932,0.003,6236,0.0376,0.1197,0.1639,1,1,0.126
27.954,0,1,2,0.0000,-0.6167,0.0931,-0.5057,172.5042,0.0000,0.0000,0.0000,-0.0089,-0.9205,-175.2072,0.018,6240,0.0376,0.1228,0.1449,1,1,0.117
28.048,0,1,2,0.0000,-0.6167,0.0826,-0.5223,172.4373,0.0000,0.0000,0.0000,-0.0118,-0.9232,-175.4305,0.003,6248,0.0394,0.1217,0.1254,1,1,0.117
28.153,0,1,2,0.0000,-0.6167,0.0736,-0.5412,172.4464,0.0000,0.0000,0.0000,-0.0220,-0.9245,-175.7134,0.014,6252,0.0395,0.0938,0.1054,1,1,0.133
28.252,0,1,2,0.0000,-0.6167,0.0638,-0.5537,172.3358,0.0000,0.0000,0.0000,-0.0889,-0.5897,173.7550,0.024,6259,0.0344,0.0796,0.0896,1,1,0.131
28.351,0,1,2,0.0000,-0.6167,0.0565,-0.5674,172.3287,0.0000,0.0000,0.0000,-0.0092,-0.3867,168.7426,0.012,6265,0.0339,0.0587,0.0750,1,1,0.151
28.453,0,1,3,-0.6167,-0.6167,0.0494,-0.5755,172.2832,0.0000,0.0000,0.0000,-0.0317,-0.9324,-176.6428,0.005,6271,0.0870,0.0462,0.6673,1,1,0.142
28.551,0,1,3,-0.6167,-0.6167,0.0384,-0.5861,172.3817,0.0000,0.0000,0.0000,-0.0313,-0.9319,-176.6024,0.037,6276,0.0873,0.0448,0.6558,1,1,0.142
28.651,0,1,3,-0.6167,-0.6167,0.0259,-0.5904,172.0543,0.0000,0.0000,0.0000,-0.0363,-0.9374,-177.0050,0.006,6284,0.0870,0.0451,0.6431,1,1,0.140
28.748,0,1,3,-0.6167,-0.6167,0.0154,-0.5988,172.1781,0.0000,0.0000,0.0000,-0.0346,-0.3804,168.1229,0.008,6289,0.0897,0.0379,0.6323,1,1,0.153
28.850,0,1,3,-0.6167,-0.6167,0.0027,-0.6027,171.9629,0.0000,0.0000,0.0000,-0.0629,-0.9333,-177.2719,0.006,6296,0.0892,0.0387,0.6195,1,1,0.150
28.953,0,1,3,-0.6167,-0.6167,-0.0096,-0.6071,171.9501,0.0000,0.0000,0.0000,0.0826,-0.6785,167.1809,0.004,6302,0.1127,0.0092,0.6072,1,1,0.170
29.050,0,1,3,-0.6167,-0.6167,-0.0220,-0.6095,172.1090,0.0000,0.0000,0.0000,-0.0841,-0.9384,-177.3989,0.006,6308,0.1040,0.0125,0.5948,1,1,0.189
29.153,0,1,3,-0.6167,-0.6167,-0.0349,-0.6115,172.0895,0.0000,0.0000,0.0000,-0.0855,-0.3520,167.5000,0.016,6313,0.1156,0.0074,0.5817,1,1,0.164
29.249,0,1,3,-0.6167,-0.6167,-0.0477,-0.6131,171.9920,0.0000,0.0000,0.0000,-0.1015,-0.9554,-176.9841,0.006,6320,0.1092,0.0098,0.5690,1,1,0.178
29.348,0,1,3,-0.6167,-0.6167,-0.0593,-0.6176,172.0784,0.0000,0.0000,0.0000,-0.1102,-0.3373,167.2052,0.003,6325,0.1074,0.0098,0.5573,1,1,0.182
29.450,0,1,3,-0.6167,-0.6167,-0.0721,-0.6168,172.1302,0.0000,0.0000,0.0000,-0.1104,-0.3368,167.2359,0.015,6331,0.0991,0.0133,0.5446,1,1,0.228
29.551,0,1,3,-0.6167,-0.6167,-0.0828,-0.6215,172.2834,0.0000,0.0000,0.0000,-0.1242,-0.3277,167.2276,0.003,6337,0.0854,0.0263,0.5339,1,1,0.161
29.650,0,1,3,-0.6167,-0.6167,-0.0933,-0.6211,172.1512,0.0000,0.0000,0.0000,-0.2135,-0.6493,173.3042,0.004,6343,0.0699,0.0419,0.5234,1,1,0.117
29.755,0,1,3,-0.6167,-0.6167,-0.1038,-0.6254,172.1123,0.0000,0.0000,0.0000,-0.1472,-0.3135,167.0442,0.015,6349,0.0922,0.0187,0.5129,1,1,0.180
29.850,0,1,3,-0.6167,-0.6167,-0.1127,-0.6294,172.1598,0.0000,0.0000,0.0000,-0.1516,-0.9833,-176.3963,0.007,6356,0.0732,0.0370,0.5041,1,1,0.126
29.953,0,1,3,-0.6167,-0.6167,-0.1213,-0.6332,172.1039,0.0000,0.0000,0.0000,-0.1611,-0.2710,165.9404,0.010,6361,0.0701,0.0394,0.4957,1,1,0.117
30.049,0,1,3,-0.6167,-0.6167,-0.1285,-0.6376,172.0506,0.0000,0.0000,0.0000,-0.1612,-0.9988,-176.2152,0.003,6368,0.0702,0.0384,0.4886,1,1,0.117
30.152,0,1,3,-0.6167,-0.6167,-0.1352,-0.6482,172.2836,0.0000,0.0000,0.0000,-0.1469,-0.6581,172.6288,0.012,6373,0.0704,0.0362,0.4825,1,1,0.117
30.249,0,1,3,-0.6167,-0.6167,-0.1432,-0.6561,172.2698,0.0000,0.0000,0.0000,-0.1863,-0.9953,-176.4942,0.003,6380,0.0705,0.0344,0.4751,1,1,0.117
30.353,0,1,3,-0.6167,-0.6167,-0.1494,-0.6655,172.2601,0.0000,0.0000,0.0000,-0.1585,-0.6592,172.4335,0.019,6384,0.0706,0.0323,0.4698,1,1,0.117
30.448,0,1,3,-0.6167,-0.6167,-0.1545,-0.6724,172.1491,0.0000,0.0000,0.0000,-0.1899,-0.9974,-176.6924,0.003,6389,0.0706,0.0308,0.4655,1,1,0.117
30.553,0,1,3,-0.6167,-0.6167,-0.1626,-0.6807,172.3885,0.0000,0.0000,0.0000,-0.1809,-0.6662,172.4795,0.018,6392,0.0707,0.0287,0.4585,1,1,0.117
30.652,0,1,3,-0.6167,-0.6167,-0.1685,-0.6864,172.5270,0.0000,0.0000,0.0000,0.0225,-0.7634,163.9906,0.012,6396,0.0706,0.0273,0.4535,1,1,0.117
30.749,0,1,3,-0.6167,-0.6167,-0.1727,-0.6927,172.5092,0.0000,0.0000,0.0000,-0.2065,-1.0239,-176.1316,0.008,6400,0.0706,0.0258,0.4505,1,1,0.117
30.853,0,1,3,-0.6167,-0.6167,-0.1800,-0.7014,172.4928,0.0000,0.0000,0.0000,-0.2037,-0.6729,172.8192,0.046,6404,0.0705,0.0236,0.4448,1,1,0.117
30.951,0,1,3,-0.6167,-0.6167,-0.1842,-0.7065,172.2941,0.0000,0.0000,0.0000,-0.2139,-0.6758,172.5421,0.016,6409,0.0704,0.0223,0.4417,1,1,0.117
31.050,0,1,3,-0.6167,-0.6167,-0.1908,-0.7144,172.4205,0.0000,0.0000,0.0000,-0.2148,-0.6760,172.5019,0.043,6413,0.0702,0.0202,0.4370,1,1,0.117
31.151,0,1,3,-0.6167,-0.6167,-0.1990,-0.7212,172.4338,0.0000,0.0000,0.0000,-0.2204,-0.6764,172.2771,0.013,6417,0.0700,0.0182,0.4305,1,1,0.117
31.248,0,1,3,-0.6167,-0.6167,-0.2071,-0.7250,172.4378,0.0000,0.0000,0.0000,-0.2387,-1.0240,-176.8387,0.003,6420,0.0699,0.0169,0.4237,1,1,0.117
31.349,0,1,3,-0.6167,-0.6167,-0.2152,-0.7315,172.7435,0.0000,0.0000,0.0000,-0.2396,-0.6850,172.3532,0.011,6423,0.0696,0.0149,0.4175,1,1,0.117
31.449,0,1,3,-0.6167,-0.6167,-0.2238,-0.7352,172.5901,0.0000,0.0000,0.0000,-0.2640,-1.0294,-176.9777,0.003,6426,0.0694,0.0135,0.4103,1,1,0.117
31.551,0,1,3,-0.6167,-0.6167,-0.2345,-0.7365,172.6918,0.0000,0.0000,0.0000,-0.3408,-0.6662,173.7446,0.015,6429,0.0692,0.0124,0.4005,1,1,0.117
31.651,0,1,3,-0.6167,-0.6167,-0.2427,-0.7355,172.4006,0.0000,0.0000,0.0000,-0.3422,-0.6177,172.6119,0.002,6431,0.1400,-0.0173,0.3924,1,1,0.117
31.748,0,1,3,-0.6167,-0.6167,-0.2555,-0.7304,172.3364,0.0000,0.0000,0.0000,-0.3446,-0.6202,172.4624,0.032,6432,0.1400,-0.0170,0.3786,1,1,0.117
31.849,0,1,3,-0.6167,-0.6167,-0.2710,-0.7253,171.8642,0.0000,0.0000,0.0000,-0.3508,-0.6185,172.4859,0.060,6433,0.1401,-0.0170,0.3623,1,1,0.117
31.953,0,1,3,-0.6167,-0.6167,-0.2856,-0.7194,171.9517,0.0000,0.0000,0.0000,-0.3616,-0.6193,172.2244,0.038,6435,0.1401,-0.0166,0.3466,1,1,0.117
32.049,0,1,3,-0.6167,-0.6167,-0.3003,-0.7145,171.9560,0.0000,0.0000,0.0000,-0.3771,-0.6085,172.1343,0.066,6436,0.1401,-0.0165,0.3311,1,1,0.117
32.150,0,1,3,-0.6167,-0.6167,-0.3149,-0.7096,172.0278,0.0000,0.0000,0.0000,-0.4005,-0.5983,172.0420,0.003,6438,0.1401,-0.0164,0.3157,1,1,0.117
32.250,0,1,3,-0.6167,-0.6167,-0.3307,-0.7030,171.8539,0.0000,0.0000,0.0000,-0.4101,-0.5948,172.1094,0.026,6439,0.0604,0.0000,0.2988,1,1,0.117
32.350,0,1,3,-0.6167,-0.6167,-0.3403,-0.7114,172.0654,0.0000,0.0000,0.0000,-0.3463,-1.0579,-176.7247,0.030,6441,0.0597,-0.0036,0.2922,1,1,0.117
32.451,0,1,3,-0.6167,-0.6167,-0.3469,-0.7152,172.3822,0.0000,0.0000,0.0000,-0.3622,-1.0643,-176.7871,0.068,6442,0.0593,-0.0056,0.2872,1,1,0.117
32.549,0,1,3,-0.6167,-0.6167,-0.3522,-0.7244,172.3254,0.0000,0.0000,0.0000,-0.3646,-1.0686,-176.3877,0.031,6444,0.0585,-0.0091,0.2855,1,1,0.117
32.649,0,1,3,-0.6167,-0.6167,-0.3581,-0.7279,172.2936,0.0000,0.0000,0.0000,-0.3689,-1.0706,-176.7106,0.066,6445,0.0580,-0.0110,0.2815,1,1,0.117
32.749,0,1,3,-0.6167,-0.6167,-0.3652,-0.7346,172.4902,0.0000,0.0000,0.0000,-0.4128,-1.0074,-178.6859,0.034,6447,0.0571,-0.0141,0.2777,1,1,0.117
32.851,0,1,3,-0.6167,-0.6167,-0.3720,-0.7365,172.4949,0.0000,0.0000,0.0000,-0.4125,-1.0072,-178.6337,0.066,6448,0.0565,-0.0157,0.2725,1,1,0.117
32.950,0,1,3,-0.6167,-0.6167,-0.3786,-0.7427,172.6048,0.0000,0.0000,0.0000,-0.4120,-1.0074,-178.5777,0.035,6450,0.1322,-0.0187,0.2693,1,1,0.117
33.049,0,1,3,-0.6167,-0.6167,-0.3884,-0.7432,172.9198,0.0000,0.0000,0.0000,-0.4199,-1.0166,-178.4716,0.064,6451,0.0571,-0.0513,0.2610,1,1,0.122
33.150,0,1,3,-0.6167,-0.6167,-0.3938,-0.7472,173.4679,0.0000,0.0000,0.0000,-0.4112,-1.0498,-177.2798,0.037,6453,0.0539,-0.0544,0.2583,1,1,0.117
33.250,0,1,3,-0.6167,-0.6167,-0.3992,-0.7464,173.9831,0.0000,0.0000,0.0000,-0.4004,-1.0814,-176.1108,0.065,6454,0.1303,-0.0234,0.2532,1,1,0.117
33.349,0,1,3,-0.6167,-0.6167,-0.4080,-0.7524,174.8372,0.0000,0.0000,0.0000,-0.4021,-1.0792,-175.3395,0.028,6456,0.0520,-0.0587,0.2490,1,1,0.117
33.449,0,1,3,-0.6167,-0.6167,-0.4124,-0.7526,174.7841,0.0000,0.0000,0.0000,-0.3833,-1.1260,-173.5319,0.036,6457,0.0516,-0.0597,0.2454,1,1,0.117
33.549,0,1,3,-0.6167,-0.6167,-0.4161,-0.7531,174.8509,0.0000,0.0000,0.0000,-0.3832,-1.1262,-173.4953,0.005,6459,0.0511,-0.0606,0.2426,1,1,0.117
33.649,0,1,3,-0.6167,-0.6167,-0.4203,-0.7587,175.1125,0.0000,0.0000,0.0000,-0.3824,-1.1258,-173.3958,0.053,6460,0.0498,-0.0631,0.2424,1,1,0.117
33.751,0,1,3,-0.6167,-0.6167,-0.4251,-0.7548,175.0975,0.0000,0.0000,0.0000,-0.5149,-0.5124,172.1606,0.021,6462,0.0499,-0.0630,0.2361,1,1,0.117
33.851,0,1,3,-0.6167,-0.6167,-0.4315,-0.7432,174.8919,0.0000,0.0000,0.0000,-0.5302,-0.4950,171.8188,0.066,6463,0.0510,-0.0608,0.2243,1,1,0.117
33.950,0,1,3,-0.6167,-0.6167,-0.4391,-0.7285,174.5138,0.0000,0.0000,0.0000,-0.5290,-0.4943,172.0682,0.029,6465,0.0526,-0.0574,0.2099,1,1,0.117
34.054,0,1,3,-0.6167,-0.6167,-0.4454,-0.7177,174.0893,0.0000,0.0000,0.0000,-0.5283,-0.4935,172.0830,0.062,6466,0.0538,-0.0547,0.1988,1,1,0.117
34.148,0,1,3,-0.6167,-0.6167,-0.4467,-0.7714,175.6212,0.0000,0.0000,0.0000,-0.1794,-2.7142,-133.7375,0.008,6470,0.0440,-0.0727,0.2299,1,1,0.117
34.250,0,1,3,-0.6167,-0.6167,-0.4486,-0.7918,176.2003,0.0000,0.0000,0.0000,-0.1757,-2.7110,-133.6170,0.048,6472,0.0399,-0.0781,0.2427,1,1,0.117
34.350,0,1,3,-0.6167,-0.6167,-0.4473,-0.8373,177.1327,0.0000,0.0000,0.0000,-0.1761,-2.7103,-133.6168,0.019,6476,0.0326,-0.0863,0.2781,1,1,0.117
34.450,0,1,3,-0.6167,-0.6167,-0.4515,-0.8223,176.1142,0.0000,0.0000,0.0000,-0.5249,-0.4846,171.7778,0.067,6477,0.0341,-0.0848,0.2638,1,1,0.117
34.549,0,1,3,-0.6167,-0.6167,-0.4567,-0.8026,175.1300,0.0000,0.0000,0.0000,-0.5481,-0.4512,170.2199,0.032,6479,0.1131,-0.0505,0.2453,1,1,0.117
34.650,0,1,3,-0.6167,-0.6167,-0.4655,-0.7906,174.4254,0.0000,0.0000,0.0000,-0.5293,-0.4681,170.2835,0.063,6480,0.1134,-0.0501,0.2305,1,1,0.117
34.753,0,1,3,-0.6167,-0.6167,-0.4769,-0.7792,174.0235,0.0000,0.0000,0.0000,-0.5280,-0.4658,169.8832,0.003,6482,0.1131,-0.0505,0.2144,1,1,0.117
34.850,0,1,3,-0.6167,-0.6167,-0.4894,-0.7620,173.4865,0.0000,0.0000,0.0000,-0.5283,-0.4660,169.9187,0.049,6483,0.1137,-0.0499,0.1932,1,1,0.117
34.950,0,1,3,-0.6167,-0.6167,-0.4998,-0.7516,173.7541,0.0000,0.0000,0.0000,-0.5332,-0.4593,169.8314,0.004,6485,0.0335,-0.0661,0.1785,1,1,0.117
35.049,0,1,3,-0.6167,-0.6167,-0.5071,-0.7336,173.9237,0.0000,0.0000,0.0000,-0.5494,-0.4423,169.8493,0.033,6486,0.0392,-0.0791,0.1603,1,1,0.117
35.149,0,1,3,-0.6167,-0.6167,-0.5228,-0.7154,173.6256,0.0000,0.0000,0.0000,-0.9276,-0.4231,161.7972,0.025,6488,0.0365,-0.0626,0.1363,1,1,0.117
35.250,0,1,3,-0.6167,-0.6167,-0.5327,-0.7027,173.2665,0.0000,0.0000,0.0000,-0.9282,-0.4242,161.9659,0.069,6489,0.0359,-0.0592,0.1202,1,1,0.117
35.349,0,1,3,-0.6167,-0.6167,-0.5463,-0.6879,172.8373,0.0000,0.0000,0.0000,-0.8887,-0.4313,162.7609,0.028,6491,0.0301,-0.0489,0.1001,1,1,0.117
35.451,0,1,3,-0.6167,-0.6167,-0.5546,-0.6775,172.6858,0.0000,0.0000,0.0000,-0.8887,-0.4312,162.7704,0.070,6492,0.0269,-0.0416,0.0870,1,1,0.117
35.551,0,1,3,-0.6167,-0.6167,-0.5597,-0.7365,174.1493,0.0000,0.0000,0.0000,-0.2286,-2.7928,-133.1312,0.013,6496,0.0131,-0.0838,0.1327,1,1,0.117
35.651,0,1,3,-0.6167,-0.6167,-0.5618,-0.7578,174.7048,0.0000,0.0000,0.0000,-0.2284,-2.7925,-133.1236,0.052,6498,0.0069,-0.0875,0.1515,1,1,0.117
35.749,0,1,3,-0.6167,-0.6167,-0.5643,-0.8050,175.5177,0.0000,0.0000,0.0000,-0.2472,-2.7934,-133.3806,0.012,6502,0.0011,-0.1078,0.1955,1,1,0.117
35.851,0,1,3,-0.6167,-0.6167,-0.5684,-0.7883,174.5849,0.0000,0.0000,0.0000,-0.8886,-0.3986,162.2571,0.066,6503,-0.0018,-0.0918,0.1783,1,1,0.117
35.950,0,1,3,-0.6167,-0.6167,-0.5797,-0.7661,174.0992,0.0000,0.0000,0.0000,-0.9164,-0.3751,160.7160,0.029,6505,0.0751,-0.0771,0.1539,1,1,0.117
36.048,0,1,3,-0.6167,-0.6167,-0.5890,-0.7466,174.1003,0.0000,0.0000,0.0000,-0.9144,-0.3632,160.7337,0.003,6508,-0.0078,-0.0942,0.1328,1,1,0.117
36.151,0,1,3,-0.6167,-0.6167,-0.5979,-0.7208,173.9663,0.0000,0.0000,0.0000,-0.9099,-0.3528,161.2510,0.015,6510,-0.0065,-0.0940,0.1058,1,1,0.117
36.249,0,1,3,-0.6167,-0.6167,-0.5974,-0.6815,173.2209,0.0000,0.0000,0.0000,-0.5002,0.0428,162.5324,0.024,6513,0.0015,-0.0579,0.0676,1,1,0.117
36.354,0,1,3,-0.6167,-0.6167,-0.6034,-0.6542,172.6579,0.0000,0.0000,0.0000,-0.8881,-0.3468,161.9487,0.029,6516,0.0000,0.0000,0.0398,1,1,0.117
36.451,0,1,3,-0.6167,-0.6167,-0.6036,-0.6270,172.1101,0.0000,0.0000,0.0000,-0.5098,0.0202,163.2090,0.039,6519,0.0000,0.0000,0.0167,1,1,0.117
36.551,0,1,3,-0.6167,-0.6167,-0.6100,-0.6085,171.5425,0.0000,0.0000,0.0000,-0.5107,0.0200,163.0730,0.012,6523,0.0000,0.0000,0.0105,1,1,0.117
36.652,0,1,3,-0.6167,-0.6167,-0.6104,-0.5850,171.0867,0.0000,0.0000,0.0000,-0.5108,0.0201,163.0540,0.045,6525,0.0000,0.0000,0.0323,1,1,0.117
36.750,0,1,3,-0.6167,-0.6167,-0.6166,-0.5684,170.7266,0.0000,0.0000,0.0000,-0.5108,0.0201,163.0540,0.008,6529,0.0000,0.0000,0.0483,1,1,0.117
36.850,0,1,3,-0.6167,-0.6167,-0.6169,-0.5474,170.3223,0.0000,0.0000,0.0000,-0.5108,0.0201,163.0567,0.041,6531,0.0000,0.0000,0.0693,1,1,0.117
36.951,0,1,3,-0.6167,-0.6167,-0.6212,-0.5246,169.8672,0.0000,0.0000,0.0000,-0.5108,0.0201,163.0567,0.012,6535,0.0000,0.0000,0.0921,1,1,0.117
37.051,0,1,3,-0.6167,-0.6167,-0.6231,-0.5138,169.6092,0.0000,0.0000,0.0000,-0.5110,0.0202,163.0550,0.048,6537,0.0000,0.0000,0.1030,1,1,0.117
37.149,0,1,3,-0.6167,-0.6167,-0.6289,-0.5007,169.3007,0.0000,0.0000,0.0000,-0.5113,0.0204,163.0313,0.009,6541,0.0000,0.0000,0.1166,1,1,0.117
37.250,0,1,3,-0.6167,-0.6167,-0.6290,-0.4835,168.9525,0.0000,0.0000,0.0000,-0.5119,0.0208,163.0159,0.044,6543,0.0000,0.0000,0.1337,1,1,0.117
37.349,0,1,3,-0.6167,-0.6167,-0.6327,-0.4650,168.5778,0.0000,0.0000,0.0000,-0.5126,0.0218,162.9662,0.014,6547,0.0000,0.0000,0.1525,1,1,0.117
37.450,0,1,3,-0.6167,-0.6167,-0.6345,-0.4561,168.3434,0.0000,0.0000,0.0000,-0.5129,0.0220,162.9547,0.024,6549,0.0000,0.0000,0.1616,0,2,0.117
37.550,0,1,3,-0.6167,-0.6167,-0.6362,-0.4474,168.1436,0.0000,0.0000,0.0000,-0.8960,-0.3204,161.1545,0.011,6552,0.0000,0.0000,0.1704,0,2,0.117
37.650,0,1,3,-0.6167,-0.6167,-0.6397,-0.4309,167.8384,0.0000,0.0000,0.0000,-0.5141,0.0247,162.8899,0.036,6555,0.0000,0.0000,0.1872,0,2,0.117
37.749,0,1,3,-0.6167,-0.6167,-0.6395,-0.4168,167.5939,0.0000,0.0000,0.0000,-0.5140,0.0247,162.9011,0.009,6558,0.0000,0.0000,0.2011,0,2,0.117
37.850,0,1,3,-0.6167,-0.6167,-0.6446,-0.4081,167.3448,0.0000,0.0000,0.0000,-0.5140,0.0247,162.9011,0.025,6561,0.0000,0.0000,0.2104,0,2,0.117
37.950,0,1,3,-0.6167,-0.6167,-0.6495,-0.3999,167.1195,0.0000,0.0000,0.0000,-0.5139,0.0248,162.8777,0.009,6565,0.0000,0.0000,0.2193,0,2,0.117
38.050,0,1,3,-0.6167,-0.6167,-0.6490,-0.3874,166.8906,0.0000,0.0000,0.0000,-0.8962,-0.3209,161.1612,0.006,6568,0.0000,0.0000,0.2315,0,2,0.117
38.148,0,1,3,-0.6167,-0.6167,-0.6538,-0.3801,166.6878,0.0000,0.0000,0.0000,-0.5139,0.0248,162.8777,0.006,6571,0.0000,0.0000,0.2395,0,2,0.117
38.250,0,1,3,-0.6167,-0.6167,-0.6531,-0.3685,166.4780,0.0000,0.0000,0.0000,-0.5139,0.0248,162.8777,0.042,6573,0.0000,0.0000,0.2508,0,2,0.117
38.349,0,1,3,-0.6167,-0.6167,-0.6557,-0.3568,166.2414,0.0000,0.0000,0.0000,-0.5138,0.0248,162.8797,0.013,6577,0.0000,0.0000,0.2628,0,2,0.117
38.448,0,1,3,-0.6167,-0.6167,-0.6570,-0.3512,166.1020,0.0000,0.0000,0.0000,-0.5138,0.0248,162.8797,0.039,6579,0.0000,0.0000,0.2685,0,2,0.117
38.551,0,1,3,-0.6167,-0.6167,-0.6594,-0.3404,165.8866,0.0000,0.0000,0.0000,-0.5138,0.0248,162.8858,0.014,6583,0.0000,0.0000,0.2795,0,2,0.117
38.651,0,1,3,-0.6167,-0.6167,-0.6605,-0.3353,165.7587,0.0000,0.0000,0.0000,-0.5138,0.0248,162.8858,0.046,6585,0.0000,0.0000,0.2848,0,2,0.117
38.749,0,1,3,-0.6167,-0.6167,-0.6648,-0.3301,165.6089,0.0000,0.0000,0.0000,-0.8964,-0.3213,161.1799,0.032,6588,0.0000,0.0000,0.2905,0,2,0.117
38.849,0,1,3,-0.6167,-0.6167,-0.6638,-0.3207,165.4475,0.0000,0.0000,0.0000,-0.5137,0.0248,162.8995,0.026,6591,0.0000,0.0000,0.2997,0,2,0.117
38.954,0,1,3,-0.6167,-0.6167,-0.6680,-0.3161,165.2888,0.0000,0.0000,0.0000,-0.5137,0.0248,162.8996,0.004,6595,0.0000,0.0000,0.3049,0,2,0.117
39.049,0,1,3,-0.6167,-0.6167,-0.6669,-0.3072,165.1273,0.0000,0.0000,0.0000,-0.5137,0.0248,162.8997,0.020,6597,0.0000,0.0000,0.3135,0,2,0.117
39.151,0,1,3,-0.6167,-0.6167,-0.6679,-0.3030,165.0191,0.0000,0.0000,0.0000,-0.5137,0.0248,162.8991,0.010,6600,0.0000,0.0000,0.3179,0,2,0.117
39.249,0,1,3,-0.6167,-0.6167,-0.6698,-0.2949,164.8365,0.0000,0.0000,0.0000,-0.5137,0.0248,162.8975,0.036,6603,0.0000,0.0000,0.3261,0,2,0.117
39.351,0,1,3,-0.6167,-0.6167,-0.6716,-0.2872,164.6735,0.0000,0.0000,0.0000,-0.5137,0.0248,162.8967,0.015,6607,0.0000,0.0000,0.3340,0,2,0.117
39.449,0,1,3,-0.6167,-0.6167,-0.6725,-0.2836,164.5628,0.0000,0.0000,0.0000,-0.8965,-0.3215,161.1802,0.003,6610,0.0000,0.0000,0.3377,0,2,0.117
39.550,0,1,3,-0.6167,-0.6167,-0.6741,-0.2765,164.4155,0.0000,0.0000,0.0000,-0.5137,0.0248,162.8959,0.015,6613,0.0000,0.0000,0.3450,0,2,0.117
39.648,0,1,3,-0.6167,-0.6167,-0.6749,-0.2731,164.3110,0.0000,0.0000,0.0000,-0.8965,-0.3215,161.1782,0.005,6616,0.0000,0.0000,0.3484,0,2,0.117
39.749,0,1,3,-0.6167,-0.6167,-0.6764,-0.2667,164.1717,0.0000,0.0000,0.0000,-0.5137,0.0248,162.8954,0.013,6619,0.0000,0.0000,0.3551,0,2,0.117
39.851,0,1,3,-0.6167,-0.6167,-0.6771,-0.2635,164.0784,0.0000,0.0000,0.0000,-0.8965,-0.3215,161.1804,0.002,6622,0.0000,0.0000,0.3583,0,2,0.117
39.950,0,1,3,-0.6167,-0.6167,-0.6785,-0.2575,163.9511,0.0000,0.0000,0.0000,-0.5137,0.0248,162.8954,0.012,6625,0.0000,0.0000,0.3644,0,2,0.117
40.051,0,1,3,-0.6167,-0.6167,-0.6791,-0.2547,163.8549,0.0000,0.0000,0.0000,-0.5137,0.0248,162.8954,0.046,6627,0.0000,0.0000,0.3673,0,2,0.117
40.150,0,1,3,-0.6167,-0.6167,-0.6826,-0.2528,163.7399,0.0000,0.0000,0.0000,-0.5137,0.0248,162.8948,0.002,6631,0.0000,0.0000,0.3698,0,2,0.117
40.250,0,1,3,-0.6167,-0.6167,-0.6811,-0.2465,163.6519,0.0000,0.0000,0.0000,-0.5137,0.0248,162.8948,0.018,6633,0.0000,0.0000,0.3758,0,2,0.117
40.349,0,1,3,-0.6167,-0.6167,-0.6816,-0.2438,163.5744,0.0000,0.0000,0.0000,-0.8966,-0.3218,161.1847,0.005,6636,0.0000,0.0000,0.3784,0,2,0.117
40.450,0,1,3,-0.6167,-0.6167,-0.6828,-0.2389,163.4486,0.0000,0.0000,0.0000,-0.5137,0.0248,162.8952,0.031,6639,0.0000,0.0000,0.3835,0,2,0.117
40.550,0,1,3,-0.6167,-0.6167,-0.6840,-0.2342,163.3430,0.0000,0.0000,0.0000,-0.5137,0.0248,162.8905,0.013,6643,0.0000,0.0000,0.3883,0,2,0.117
40.651,0,1,3,-0.6167,-0.6167,-0.6845,-0.2320,163.2767,0.0000,0.0000,0.0000,-0.8967,-0.3218,161.1775,0.002,6646,0.0000,0.0000,0.3906,0,2,0.117
40.751,0,1,3,-0.6167,-0.6167,-0.6855,-0.2276,163.1760,0.0000,0.0000,0.0000,-0.5137,0.0248,162.8905,0.016,6649,0.0000,0.0000,0.3951,0,2,0.117
40.850,0,1,3,-0.6167,-0.6167,-0.6860,-0.2256,163.0991,0.0000,0.0000,0.0000,-0.5137,0.0248,162.8905,0.044,6651,0.0000,0.0000,0.3972,0,2,0.117
40.950,0,1,3,-0.6167,-0.6167,-0.6869,-0.2216,163.0015,0.0000,0.0000,0.0000,-0.5136,0.0248,162.8954,0.016,6655,0.0000,0.0000,0.4013,0,2,0.117
41.051,0,1,3,-0.6167,-0.6167,-0.6874,-0.2197,162.9404,0.0000,0.0000,0.0000,-0.8967,-0.3219,161.1701,0.006,6658,0.0000,0.0000,0.4033,0,2,0.117
41.150,0,1,3,-0.6167,-0.6167,-0.6883,-0.2160,162.8491,0.0000,0.0000,0.0000,-0.5137,0.0249,162.8913,0.016,6661,0.0000,0.0000,0.4070,0,2,0.117
41.250,0,1,3,-0.6167,-0.6167,-0.6887,-0.2142,162.7869,0.0000,0.0000,0.0000,-0.5137,0.0249,162.8913,0.052,6663,0.0000,0.0000,0.4089,0,2,0.117
41.350,0,1,3,-0.6167,-0.6167,-0.6895,-0.2108,162.7056,0.0000,0.0000,0.0000,-0.5137,0.0249,162.8914,0.011,6667,0.0000,0.0000,0.4124,0,2,0.117
41.449,0,1,3,-0.6167,-0.6167,-0.6899,-0.2092,162.6482,0.0000,0.0000,0.0000,-0.8968,-0.3222,161.1783,0.002,6670,0.0000,0.0000,0.4140,0,2,0.117
41.549,0,1,3,-0.6167,-0.6167,-0.6930,-0.2091,162.5725,0.0000,0.0000,0.0000,-0.8969,-0.3222,161.1808,0.012,6672,0.0000,0.0000,0.4147,0,2,0.117
41.653,0,1,3,-0.6167,-0.6167,-0.6933,-0.2075,162.5091,0.0000,0.0000,0.0000,-0.5137,0.0249,162.8914,0.012,6675,0.0000,0.0000,0.4163,0,2,0.117
41.750,0,1,3,-0.6167,-0.6167,-0.6940,-0.2045,162.4405,0.0000,0.0000,0.0000,-0.8969,-0.3223,161.1862,0.025,6678,0.0000,0.0000,0.4193,0,2,0.117
41.854,0,1,3,-0.6167,-0.6167,-0.6920,-0.2001,162.3873,0.0000,0.0000,0.0000,-0.5137,0.0249,162.8914,0.037,6681,0.0000,0.0000,0.4233,0,2,0.117
41.949,0,1,3,-0.6167,-0.6167,-0.6926,-0.1975,162.3286,0.0000,0.0000,0.0000,-0.5137,0.0249,162.8914,0.010,6685,0.0000,0.0000,0.4260,0,2,0.117
42.051,0,1,3,-0.6167,-0.6167,-0.6929,-0.1962,162.2694,0.0000,0.0000,0.0000,-0.8969,-0.3223,161.1837,0.008,6688,0.0000,0.0000,0.4273,0,2,0.117
42.150,0,1,3,-0.6167,-0.6167,-0.6935,-0.1937,162.2120,0.0000,0.0000,0.0000,-0.5137,0.0249,162.8914,0.012,6691,0.0000,0.0000,0.4299,0,2,0.117
42.249,0,1,3,-0.6167,-0.6167,-0.6938,-0.1925,162.1585,0.0000,0.0000,0.0000,-0.8969,-0.3223,161.1858,0.003,6694,0.0000,0.0000,0.4311,0,2,0.117
42.349,0,1,3,-0.6167,-0.6167,-0.6944,-0.1902,162.1060,0.0000,0.0000,0.0000,-0.5137,0.0249,162.8914,0.014,6697,0.0000,0.0000,0.4334,0,2,0.117
42.448,0,1,3,-0.6167,-0.6167,-0.6946,-0.1892,162.0517,0.0000,0.0000,0.0000,-0.8969,-0.3223,161.1845,0.005,6700,0.0000,0.0000,0.4346,0,2,0.117
42.550,0,1,3,-0.6167,-0.6167,-0.6951,-0.1870,162.0047,0.0000,0.0000,0.0000,-0.5137,0.0249,162.8914,0.016,6703,0.0000,0.0000,0.4367,0,2,0.117
42.651,0,1,3,-0.6167,-0.6167,-0.6954,-0.1860,161.9518,0.0000,0.0000,0.0000,-0.8970,-0.3223,161.1846,0.002,6706,0.0000,0.0000,0.4378,0,2,0.117
42.750,0,1,3,-0.6167,-0.6167,-0.6958,-0.1841,161.9079,0.0000,0.0000,0.0000,-0.5137,0.0249,162.8935,0.007,6709,0.0000,0.0000,0.4398,0,2,0.117
42.850,0,1,3,-0.6167,-0.6167,-0.6960,-0.1831,161.8637,0.0000,0.0000,0.0000,-0.8970,-0.3224,161.1865,0.003,6712,0.0000,0.0000,0.4407,0,2,0.117
42.952,0,1,3,-0.6167,-0.6167,-0.6989,-0.1841,161.8068,0.0000,0.0000,0.0000,-0.8970,-0.3224,161.1858,0.018,6714,0.0000,0.0000,0.4403,0,2,0.117
43.049,0,1,3,-0.6167,-0.6167,-0.6967,-0.1805,161.7686,0.0000,0.0000,0.0000,-0.5136,0.0249,162.8956,0.008,6717,0.0000,0.0000,0.4435,0,2,0.117
43.157,0,1,3,-0.6167,-0.6167,-0.6969,-0.1796,161.7288,0.0000,0.0000,0.0000,-0.8970,-0.3224,161.1856,0.015,6720,0.0000,0.0000,0.4444,0,2,0.117
43.250,0,1,3,-0.6167,-0.6167,-0.6967,-0.1835,161.7501,0.0000,0.0000,0.0000,-0.8970,-0.3224,161.1836,0.006,6724,0.0000,0.0000,0.4405,0,2,0.117
43.349,0,1,3,-0.6167,-0.6167,-0.6967,-0.1810,161.7028,0.0000,0.0000,0.0000,-0.4989,0.0548,162.1783,0.016,6727,0.0000,0.0000,0.4430,0,2,0.117
43.450,0,1,3,-0.6167,-0.6167,-0.6968,-0.1797,161.6513,0.0000,0.0000,0.0000,-0.4990,0.0549,162.1746,0.049,6729,0.0000,0.0000,0.4442,0,2,0.117
43.550,0,1,3,-0.6167,-0.6167,-0.6967,-0.1771,161.5966,0.0000,0.0000,0.0000,-0.4956,0.0693,161.8749,0.016,6733,0.0000,0.0000,0.4468,0,2,0.117
43.649,0,1,3,-0.6167,-0.6167,-0.6967,-0.1758,161.5394,0.0000,0.0000,0.0000,-0.4958,0.0694,161.8736,0.044,6735,0.0000,0.0000,0.4481,0,2,0.117
43.750,0,1,3,-0.6167,-0.6167,-0.6925,-0.1685,161.3782,0.0000,0.0000,0.0000,-0.1788,0.4334,151.2345,0.009,6739,0.0000,0.0000,0.4545,0,2,0.117
43.851,0,1,3,-0.6167,-0.6167,-0.6884,-0.1626,161.2356,0.0000,0.0000,0.0000,-0.8970,-0.3225,161.1859,0.002,6742,0.0000,0.0000,0.4597,0,2,0.117
43.950,0,1,3,-0.6167,-0.6167,-0.6807,-0.1514,160.9864,0.0000,0.0000,0.0000,-0.1788,0.4334,151.2315,0.016,6745,0.0000,0.0000,0.4697,0,2,0.117
44.050,0,1,3,-0.6167,-0.6167,-0.6815,-0.1513,160.9531,0.0000,0.0000,0.0000,-0.8970,-0.3225,161.1849,0.006,6748,0.0000,0.0000,0.4699,0,2,0.117
44.153,0,1,3,-0.6167,-0.6167,-0.6831,-0.1510,160.9496,0.0000,0.0000,0.0000,-0.5310,0.0287,162.9954,0.016,6751,0.0000,0.0000,0.4704,0,2,0.117
44.249,0,1,3,-0.6167,-0.6167,-0.6839,-0.1508,160.9209,0.0000,0.0000,0.0000,-0.5309,0.0286,163.0012,0.017,6753,0.0000,0.0000,0.4706,0,2,0.117
44.351,0,1,3,-0.6167,-0.6167,-0.6843,-0.1503,160.8908,0.0000,0.0000,0.0000,-0.5014,0.0611,162.0920,0.048,6755,0.0000,0.0000,0.4712,0,2,0.117
44.449,0,1,3,-0.6167,-0.6167,-0.6851,-0.1493,160.8707,0.0000,0.0000,0.0000,-0.8970,-0.3225,161.1862,0.028,6759,0.0000,0.0000,0.4724,0,2,0.117
44.552,0,1,3,-0.6167,-0.6167,-0.6858,-0.1483,160.8487,0.0000,0.0000,0.0000,-0.5014,0.0610,162.0982,0.012,6763,0.0000,0.0000,0.4734,0,2,0.117
44.649,0,1,3,-0.6167,-0.6167,-0.6859,-0.1477,160.8071,0.0000,0.0000,0.0000,-0.8971,-0.3225,161.1859,0.003,6766,0.0000,0.0000,0.4741,0,2,0.117
44.750,0,1,3,-0.6167,-0.6167,-0.6861,-0.1464,160.7792,0.0000,0.0000,0.0000,-0.4860,0.0753,161.6753,0.012,6769,0.0000,0.0000,0.4754,0,2,0.117
44.850,0,1,3,-0.6167,-0.6167,-0.6862,-0.1458,160.7465,0.0000,0.0000,0.0000,-0.4860,0.0753,161.6753,0.046,6771,0.0000,0.0000,0.4760,0,2,0.117
44.950,0,1,3,-0.6167,-0.6167,-0.6865,-0.1446,160.7211,0.0000,0.0000,0.0000,-0.4860,0.0753,161.6753,0.014,6775,0.0000,0.0000,0.4772,0,2,0.117
45.057,0,1,3,-0.6167,-0.6167,-0.6866,-0.1440,160.6817,0.0000,0.0000,0.0000,-0.8970,-0.3225,161.1808,0.005,6778,0.0000,0.0000,0.4778,0,2,0.117
45.149,0,1,3,-0.6167,-0.6167,-0.6868,-0.1430,160.6631,0.0000,0.0000,0.0000,-0.4860,0.0753,161.6753,0.012,6781,0.0000,0.0000,0.4789,0,2,0.117
45.250,0,1,3,-0.6167,-0.6167,-0.6869,-0.1424,160.6253,0.0000,0.0000,0.0000,-0.8971,-0.3226,161.1856,0.006,6784,0.0000,0.0000,0.4794,0,2,0.117
45.348,0,1,3,-0.6167,-0.6167,-0.6871,-0.1414,160.6097,0.0000,0.0000,0.0000,-0.4860,0.0753,161.6753,0.015,6787,0.0000,0.0000,0.4804,0,2,0.117
45.449,0,1,3,-0.6167,-0.6167,-0.6872,-0.1409,160.5730,0.0000,0.0000,0.0000,-0.8971,-0.3226,161.1866,0.003,6790,0.0000,0.0000,0.4809,0,2,0.117
45.550,0,1,3,-0.6167,-0.6167,-0.6900,-0.1429,160.5521,0.0000,0.0000,0.0000,-0.8971,-0.3226,161.1863,0.043,6792,0.0000,0.0000,0.4795,0,2,0.117
45.650,0,1,3,-0.6167,-0.6167,-0.6874,-0.1395,160.5316,0.0000,0.0000,0.0000,-0.4860,0.0753,161.6781,0.027,6795,0.0000,0.0000,0.4824,0,2,0.117
45.748,0,1,3,-0.6167,-0.6167,-0.6903,-0.1415,160.5024,0.0000,0.0000,0.0000,-0.8971,-0.3226,161.1851,0.012,6798,0.0000,0.0000,0.4808,0,2,0.117
45.849,0,1,3,-0.6167,-0.6167,-0.6877,-0.1383,160.4841,0.0000,0.0000,0.0000,-0.4860,0.0753,161.6781,0.015,6801,0.0000,0.0000,0.4836,0,2,0.117
45.949,0,1,3,-0.6167,-0.6167,-0.6851,-0.1351,160.4647,0.0000,0.0000,0.0000,-0.8971,-0.3226,161.1856,0.007,6805,0.0000,0.0000,0.4864,0,2,0.117
46.051,0,1,3,-0.6167,-0.6167,-0.6880,-0.1372,160.4361,0.0000,0.0000,0.0000,-0.8971,-0.3226,161.1841,0.002,6808,0.0000,0.0000,0.4848,0,2,0.117
46.151,0,1,3,-0.6167,-0.6167,-0.6881,-0.1364,160.4245,0.0000,0.0000,0.0000,-0.4860,0.0753,161.6781,0.016,6811,0.0000,0.0000,0.4855,0,2,0.117
46.249,0,1,3,-0.6167,-0.6167,-0.6882,-0.1361,160.3940,0.0000,0.0000,0.0000,-0.4860,0.0753,161.6781,0.052,6813,0.0000,0.0000,0.4859,0,2,0.117
46.348,0,1,3,-0.6167,-0.6167,-0.6883,-0.1354,160.3911,0.0000,0.0000,0.0000,-0.4860,0.0753,161.6781,0.016,6817,0.0000,0.0000,0.4866,0,2,0.117
46.449,0,1,3,-0.6167,-0.6167,-0.6884,-0.1351,160.3580,0.0000,0.0000,0.0000,-0.8972,-0.3227,161.1857,0.003,6820,0.0000,0.0000,0.4869,0,2,0.117
46.550,0,1,3,-0.6167,-0.6167,-0.6885,-0.1345,160.3501,0.0000,0.0000,0.0000,-0.4860,0.0753,161.6781,0.017,6823,0.0000,0.0000,0.4875,0,2,0.117
46.651,0,1,3,-0.6167,-0.6167,-0.6886,-0.1342,160.3211,0.0000,0.0000,0.0000,-0.8972,-0.3227,161.1839,0.002,6826,0.0000,0.0000,0.4878,0,2,0.117
46.750,0,1,3,-0.6167,-0.6167,-0.6887,-0.1336,160.3150,0.0000,0.0000,0.0000,-0.4860,0.0753,161.6781,0.017,6829,0.0000,0.0000,0.4884,0,2,0.117
46.848,0,1,3,-0.6167,-0.6167,-0.6887,-0.1333,160.2865,0.0000,0.0000,0.0000,-0.8972,-0.3227,161.1823,0.003,6832,0.0000,0.0000,0.4887,0,2,0.117
46.951,0,1,3,-0.6167,-0.6167,-0.6915,-0.1355,160.2746,0.0000,0.0000,0.0000,-0.4860,0.0753,161.6781,0.002,6835,0.0000,0.0000,0.4869,0,2,0.117
47.050,0,1,3,-0.6167,-0.6167,-0.6889,-0.1325,160.2662,0.0000,0.0000,0.0000,-0.4860,0.0753,161.6781,0.024,6837,0.0000,0.0000,0.4895,0,2,0.117
47.153,0,1,3,-0.6167,-0.6167,-0.6917,-0.1348,160.2463,0.0000,0.0000,0.0000,-0.8972,-0.3227,161.1825,0.021,6840,0.0000,0.0000,0.4877,0,2,0.117
47.249,0,1,3,-0.6167,-0.6167,-0.6890,-0.1317,160.2276,0.0000,0.0000,0.0000,-0.4860,0.0753,161.6781,0.017,6843,0.0000,0.0000,0.4903,0,2,0.117
47.350,0,1,3,-0.6167,-0.6167,-0.6891,-0.1313,160.2262,0.0000,0.0000,0.0000,-0.4860,0.0753,161.6781,0.016,6847,0.0000,0.0000,0.4907,0,2,0.117
47.449,0,1,3,-0.6167,-0.6167,-0.6891,-0.1311,160.1979,0.0000,0.0000,0.0000,-0.8972,-0.3228,161.1827,0.005,6850,0.0000,0.0000,0.4910,0,2,0.117
47.549,0,1,3,-0.6167,-0.6167,-0.6892,-0.1306,160.1980,0.0000,0.0000,0.0000,-0.4860,0.0753,161.6781,0.012,6853,0.0000,0.0000,0.4914,0,2,0.117
47.651,0,1,3,-0.6167,-0.6167,-0.6892,-0.1305,160.1672,0.0000,0.0000,0.0000,-0.4860,0.0753,161.6781,0.054,6855,0.0000,0.0000,0.4916,0,2,0.117
47.748,0,1,3,-0.6167,-0.6167,-0.6893,-0.1301,160.1694,0.0000,0.0000,0.0000,-0.4859,0.0752,161.6797,0.014,6859,0.0000,0.0000,0.4920,0,2,0.117
47.849,0,1,3,-0.6167,-0.6167,-0.6882,-0.1324,160.2708,0.0000,0.0000,0.0000,-0.5997,-0.3232,173.1680,0.036,6862,0.0000,0.0000,0.4895,0,2,0.117
47.953,0,1,3,-0.6167,-0.6167,-0.6872,-0.1343,160.3946,0.0000,0.0000,0.0000,-0.5997,-0.3232,173.1672,0.004,6868,0.0000,0.0000,0.4875,0,2,0.117
48.049,0,1,3,-0.6167,-0.6167,-0.6851,-0.1386,160.6017,0.0000,0.0000,0.0000,-0.8972,-0.3228,161.1840,0.006,6872,0.0000,0.0000,0.4829,0,2,0.117
48.148,0,1,3,-0.6167,-0.6167,-0.6844,-0.1401,160.7033,0.0000,0.0000,0.0000,-0.5997,-0.3232,173.1673,0.004,6877,0.0000,0.0000,0.4813,0,2,0.117
48.249,0,1,3,-0.6167,-0.6167,-0.6825,-0.1441,160.9007,0.0000,0.0000,0.0000,-0.8972,-0.3228,161.1816,0.003,6881,0.0000,0.0000,0.4772,0,2,0.117
48.352,0,1,3,-0.6167,-0.6167,-0.6843,-0.1478,160.9736,0.0000,0.0000,0.0000,-0.8973,-0.3228,161.1838,0.019,6884,0.0000,0.0000,0.4737,0,2,0.117
48.454,0,1,3,-0.6167,-0.6167,-0.6801,-0.1488,161.1618,0.0000,0.0000,0.0000,-0.5997,-0.3231,173.1650,0.018,6889,0.0000,0.0000,0.4722,0,2,0.117
48.549,0,1,3,-0.6167,-0.6167,-0.6794,-0.1503,161.2336,0.0000,0.0000,0.0000,-0.8972,-0.3228,161.1805,0.013,6893,0.0000,0.0000,0.4706,0,2,0.117
48.651,0,1,3,-0.6167,-0.6167,-0.6781,-0.1529,161.4044,0.0000,0.0000,0.0000,-0.4859,0.0752,161.6797,0.018,6898,0.0000,0.0000,0.4678,0,2,0.117
48.749,0,1,3,-0.6167,-0.6167,-0.6778,-0.1535,161.4603,0.0000,0.0000,0.0000,-0.5997,-0.3231,173.1630,0.003,6904,0.0000,0.0000,0.4672,0,2,0.117
48.849,0,1,3,-0.6167,-0.6167,-0.6763,-0.1566,161.6154,0.0000,0.0000,0.0000,-0.8973,-0.3229,161.1848,0.004,6908,0.0000,0.0000,0.4639,0,2,0.117
48.949,0,1,3,-0.6167,-0.6167,-0.6761,-0.1570,161.6647,0.0000,0.0000,0.0000,-0.5997,-0.3231,173.1640,0.006,6913,0.0000,0.0000,0.4635,0,2,0.117
49.051,0,1,3,-0.6167,-0.6167,-0.6747,-0.1599,161.8061,0.0000,0.0000,0.0000,-0.8973,-0.3229,161.1820,0.002,6917,0.0000,0.0000,0.4605,0,2,0.117
49.148,0,1,3,-0.6167,-0.6167,-0.6746,-0.1600,161.8450,0.0000,0.0000,0.0000,-0.5997,-0.3231,173.1642,0.007,6922,0.0000,0.0000,0.4603,0,2,0.117
49.248,0,1,3,-0.6167,-0.6167,-0.6733,-0.1628,161.9790,0.0000,0.0000,0.0000,-0.8973,-0.3229,161.1826,0.003,6926,0.0000,0.0000,0.4574,0,2,0.117
49.348,0,1,3,-0.6167,-0.6167,-0.6733,-0.1628,162.0100,0.0000,0.0000,0.0000,-0.5997,-0.3231,173.1629,0.003,6931,0.0000,0.0000,0.4574,0,2,0.117
49.449,0,1,3,-0.6167,-0.6167,-0.6720,-0.1654,162.1375,0.0000,0.0000,0.0000,-0.8973,-0.3229,161.1843,0.005,6935,0.0000,0.0000,0.4546,0,2,0.117
49.548,0,1,3,-0.6167,-0.6167,-0.6721,-0.1653,162.1599,0.0000,0.0000,0.0000,-0.5997,-0.3231,173.1631,0.006,6940,0.0000,0.0000,0.4548,0,2,0.117
49.651,0,1,3,-0.6167,-0.6167,-0.6709,-0.1678,162.2796,0.0000,0.0000,0.0000,-0.5998,-0.3231,173.1625,0.019,6943,0.0000,0.0000,0.4521,0,2,0.117
49.750,0,1,3,-0.6167,-0.6167,-0.6731,-0.1703,162.2996,0.0000,0.0000,0.0000,-0.8973,-0.3229,161.1830,0.016,6947,0.0000,0.0000,0.4500,0,2,0.117
49.850,0,1,3,-0.6167,-0.6167,-0.6699,-0.1699,162.4110,0.0000,0.0000,0.0000,-0.4859,0.0752,161.6797,0.022,6952,0.0000,0.0000,0.4499,0,2,0.117
49.948,0,1,3,-0.6167,-0.6167,-0.6721,-0.1723,162.4297,0.0000,0.0000,0.0000,-0.5998,-0.3231,173.1625,0.004,6958,0.0000,0.0000,0.4478,0,2,0.117
50.048,0,1,3,-0.6167,-0.6167,-0.6690,-0.1718,162.5307,0.0000,0.0000,0.0000,-0.8973,-0.3229,161.1820,0.003,6962,0.0000,0.0000,0.4479,0,2,0.117
50.148,0,1,3,-0.6167,-0.6167,-0.6692,-0.1714,162.5359,0.0000,0.0000,0.0000,-0.5998,-0.3230,173.1611,0.004,6967,0.0000,0.0000,0.4484,0,2,0.117
50.249,0,1,3,-0.6167,-0.6167,-0.6682,-0.1735,162.6392,0.0000,0.0000,0.0000,-0.8974,-0.3230,161.1844,0.002,6971,0.0000,0.0000,0.4461,0,2,0.117
50.350,0,1,3,-0.6167,-0.6167,-0.6684,-0.1730,162.6357,0.0000,0.0000,0.0000,-0.5998,-0.3230,173.1603,0.004,6976,0.0000,0.0000,0.4467,0,2,0.117
50.450,0,1,3,-0.6167,-0.6167,-0.6674,-0.1751,162.7407,0.0000,0.0000,0.0000,-0.8974,-0.3230,161.1828,0.002,6980,0.0000,0.0000,0.4445,0,2,0.117
50.548,0,1,3,-0.6167,-0.6167,-0.6677,-0.1744,162.7378,0.0000,0.0000,0.0000,-0.5997,-0.3231,173.1636,0.005,6985,0.0000,0.0000,0.4452,0,2,0.117
50.649,0,1,3,-0.6167,-0.6167,-0.6668,-0.1765,162.8316,0.0000,0.0000,0.0000,-0.8974,-0.3230,161.1842,0.003,6989,0.0000,0.0000,0.4430,0,2,0.117
50.749,0,1,3,-0.6167,-0.6167,-0.6671,-0.1758,162.8246,0.0000,0.0000,0.0000,-0.5998,-0.3231,173.1625,0.003,6994,0.0000,0.0000,0.4438,0,2,0.117
50.849,0,1,3,-0.6167,-0.6167,-0.6661,-0.1778,162.9143,0.0000,0.0000,0.0000,-0.8974,-0.3230,161.1843,0.004,6998,0.0000,0.0000,0.4417,0,2,0.117
50.950,0,1,3,-0.6167,-0.6167,-0.6665,-0.1770,162.9018,0.0000,0.0000,0.0000,-0.4859,0.0752,161.6797,0.015,7002,0.0000,0.0000,0.4425,0,2,0.117
51.049,0,1,3,-0.6167,-0.6167,-0.6655,-0.1789,162.9948,0.0000,0.0000,0.0000,-0.5998,-0.3230,173.1618,0.016,7006,0.0000,0.0000,0.4405,0,2,0.117
51.149,0,1,3,-0.6167,-0.6167,-0.6654,-0.1793,163.0044,0.0000,0.0000,0.0000,-0.8974,-0.3230,161.1799,0.006,7010,0.0000,0.0000,0.4401,0,2,0.117
51.250,0,1,3,-0.6167,-0.6167,-0.6650,-0.1799,163.0732,0.0000,0.0000,0.0000,-0.5998,-0.3230,173.1615,0.017,7015,0.0000,0.0000,0.4394,0,2,0.117
51.348,0,1,3,-0.6167,-0.6167,-0.6629,-0.1775,163.0656,0.0000,0.0000,0.0000,-0.5998,-0.3231,173.1622,0.009,7020,0.0000,0.0000,0.4416,0,2,0.117
51.450,0,1,3,-0.6167,-0.6167,-0.6654,-0.1794,163.0528,0.0000,0.0000,0.0000,-0.8974,-0.3230,161.1817,0.033,7023,0.0000,0.0000,0.4400,0,2,0.117
51.548,0,1,3,-0.6167,-0.6167,-0.6665,-0.1770,162.9493,0.0000,0.0000,0.0000,-0.4859,0.0752,161.6797,0.009,7027,0.0000,0.0000,0.4425,0,2,0.117
51.652,0,1,3,-0.6167,-0.6167,-0.6670,-0.1758,162.8704,0.0000,0.0000,0.0000,-0.4859,0.0752,161.6797,0.049,7029,0.0000,0.0000,0.4437,0,2,0.117
51.751,0,1,3,-0.6167,-0.6167,-0.6681,-0.1735,162.7722,0.0000,0.0000,0.0000,-0.4859,0.0752,161.6797,0.015,7033,0.0000,0.0000,0.4462,0,2,0.117
51.849,0,1,3,-0.6167,-0.6167,-0.6686,-0.1723,162.7090,0.0000,0.0000,0.0000,-0.8974,-0.3230,161.1817,0.003,7036,0.0000,0.0000,0.4474,0,2,0.117
51.949,0,1,3,-0.6167,-0.6167,-0.6696,-0.1701,162.6130,0.0000,0.0000,0.0000,-0.4859,0.0752,161.6797,0.014,7039,0.0000,0.0000,0.4497,0,2,0.117
52.050,0,1,3,-0.6167,-0.6167,-0.6693,-0.1708,162.6324,0.0000,0.0000,0.0000,-0.8974,-0.3230,161.1814,0.006,7043,0.0000,0.0000,0.4490,0,2,0.117
52.149,0,1,3,-0.6167,-0.6167,-0.6695,-0.1703,162.6359,0.0000,0.0000,0.0000,-0.5998,-0.3230,173.1614,0.010,7048,0.0000,0.0000,0.4494,0,2,0.117
52.248,0,1,3,-0.6167,-0.6167,-0.6684,-0.1727,162.7410,0.0000,0.0000,0.0000,-0.8974,-0.3231,161.1815,0.003,7052,0.0000,0.0000,0.4470,0,2,0.117
52.350,0,1,3,-0.6167,-0.6167,-0.6707,-0.1750,162.7445,0.0000,0.0000,0.0000,-0.5998,-0.3230,173.1620,0.004,7056,0.0000,0.0000,0.4450,0,2,0.117
52.450,0,1,3,-0.6167,-0.6167,-0.6676,-0.1744,162.8400,0.0000,0.0000,0.0000,-0.5997,-0.3231,173.1635,0.026,7060,0.0000,0.0000,0.4452,0,2,0.117
52.549,0,1,3,-0.6167,-0.6167,-0.6699,-0.1766,162.8409,0.0000,0.0000,0.0000,-0.8974,-0.3231,161.1817,0.013,7064,0.0000,0.0000,0.4433,0,2,0.117
52.650,0,1,3,-0.6167,-0.6167,-0.6689,-0.1788,162.9452,0.0000,0.0000,0.0000,-0.4859,0.0752,161.6797,0.003,7069,0.0000,0.0000,0.4410,0,2,0.117
52.750,0,1,3,-0.6167,-0.6167,-0.6672,-0.1752,162.9196,0.0000,0.0000,0.0000,-0.5998,-0.3230,173.1625,0.007,7075,0.0000,0.0000,0.4444,0,2,0.117
52.850,0,1,3,-0.6167,-0.6167,-0.6688,-0.1789,162.9916,0.0000,0.0000,0.0000,-0.8975,-0.3231,161.1800,0.006,7079,0.0000,0.0000,0.4409,0,2,0.117
52.948,0,1,3,-0.6167,-0.6167,-0.6666,-0.1765,162.9998,0.0000,0.0000,0.0000,-0.5998,-0.3230,173.1619,0.007,7084,0.0000,0.0000,0.4430,0,2,0.117
53.050,0,1,3,-0.6167,-0.6167,-0.6657,-0.1785,163.0860,0.0000,0.0000,0.0000,-0.8975,-0.3231,161.1802,0.004,7088,0.0000,0.0000,0.4409,0,2,0.117
53.151,0,1,3,-0.6167,-0.6167,-0.6661,-0.1776,163.0693,0.0000,0.0000,0.0000,-0.5998,-0.3230,173.1632,0.002,7093,0.0000,0.0000,0.4418,0,2,0.117
53.250,0,1,3,-0.6167,-0.6167,-0.6652,-0.1796,163.1548,0.0000,0.0000,0.0000,-0.8975,-0.3231,161.1814,0.006,7097,0.0000,0.0000,0.4398,0,2,0.117
53.350,0,1,3,-0.6167,-0.6167,-0.6656,-0.1787,163.1354,0.0000,0.0000,0.0000,-0.5998,-0.3230,173.1621,0.008,7102,0.0000,0.0000,0.4407,0,2,0.117
53.451,0,1,3,-0.6167,-0.6167,-0.6647,-0.1806,163.2174,0.0000,0.0000,0.0000,-0.8975,-0.3231,161.1814,0.003,7106,0.0000,0.0000,0.4387,0,2,0.117
53.551,0,1,3,-0.6167,-0.6167,-0.6611,-0.1773,163.1821,0.0000,0.0000,0.0000,-0.5998,-0.3230,173.1597,0.008,7111,0.0000,0.0000,0.4416,0,2,0.117
53.648,0,1,3,-0.6167,-0.6167,-0.6578,-0.1739,163.1053,0.0000,0.0000,0.0000,-0.8975,-0.3231,161.1789,0.004,7115,0.0000,0.0000,0.4446,0,2,0.117
53.749,0,1,3,-0.6167,-0.6167,-0.6573,-0.1723,163.0157,0.0000,0.0000,0.0000,-0.1808,0.4306,151.3191,0.005,7119,0.0000,0.0000,0.4462,0,2,0.117
53.848,0,1,3,-0.6167,-0.6167,-0.6485,-0.1643,162.9216,0.0000,0.0000,0.0000,-0.5998,-0.3230,173.1595,0.009,7123,0.0000,0.0000,0.4535,0,2,0.117
53.949,0,1,3,-0.6167,-0.6167,-0.6483,-0.1630,162.8341,0.0000,0.0000,0.0000,-0.8975,-0.3231,161.1814,0.027,7127,0.0000,0.0000,0.4547,0,2,0.117
54.051,0,1,3,-0.6167,-0.6167,-0.6400,-0.1555,162.7463,0.0000,0.0000,0.0000,-0.1808,0.4306,151.3203,0.030,7132,0.0000,0.0000,0.4617,0,2,0.117
54.150,0,1,3,-0.6167,-0.6167,-0.6353,-0.1484,162.5727,0.0000,0.0000,0.0000,-0.1808,0.4306,151.3185,0.002,7137,0.0000,0.0000,0.4686,0,2,0.117
54.250,0,1,3,-0.6167,-0.6167,-0.6325,-0.1478,162.5879,0.0000,0.0000,0.0000,-0.8975,-0.3232,161.1805,0.003,7142,0.0000,0.0000,0.4692,0,2,0.117
54.350,0,1,3,-0.6167,-0.6167,-0.6347,-0.1489,162.5959,0.0000,0.0000,0.0000,-0.5998,-0.3230,173.1608,0.003,7147,0.0000,0.0000,0.4682,0,2,0.117
54.448,0,1,3,-0.6167,-0.6167,-0.6354,-0.1524,162.7018,0.0000,0.0000,0.0000,-0.8975,-0.3232,161.1803,0.003,7151,0.0000,0.0000,0.4646,0,2,0.117
54.549,0,1,3,-0.6167,-0.6167,-0.6381,-0.1540,162.7203,0.0000,0.0000,0.0000,-0.5998,-0.3230,173.1606,0.010,7156,0.0000,0.0000,0.4631,0,2,0.117
54.650,0,1,3,-0.6167,-0.6167,-0.6388,-0.1575,162.8225,0.0000,0.0000,0.0000,-0.5998,-0.3230,173.1604,0.035,7159,0.0000,0.0000,0.4597,0,2,0.117
54.750,0,1,3,-0.6167,-0.6167,-0.6415,-0.1590,162.8391,0.0000,0.0000,0.0000,-0.5998,-0.3230,173.1623,0.007,7165,0.0000,0.0000,0.4584,0,2,0.117
54.850,0,1,3,-0.6167,-0.6167,-0.6422,-0.1622,162.9455,0.0000,0.0000,0.0000,-0.8976,-0.3232,161.1843,0.012,7169,0.0000,0.0000,0.4552,0,2,0.117
54.952,0,1,3,-0.6167,-0.6167,-0.6447,-0.1634,162.9511,0.0000,0.0000,0.0000,-0.5998,-0.3230,173.1607,0.012,7174,0.0000,0.0000,0.4541,0,2,0.117
55.050,0,1,3,-0.6167,-0.6167,-0.6452,-0.1665,163.0487,0.0000,0.0000,0.0000,-0.8976,-0.3232,161.1806,0.008,7178,0.0000,0.0000,0.4511,0,2,0.117
55.150,0,1,3,-0.6167,-0.6167,-0.6488,-0.1695,163.0567,0.0000,0.0000,0.0000,-0.5998,-0.3229,173.1588,0.004,7182,0.0000,0.0000,0.4483,0,2,0.117
55.249,0,1,3,-0.6167,-0.6167,-0.6479,-0.1703,163.1528,0.0000,0.0000,0.0000,-0.5998,-0.3229,173.1598,0.017,7186,0.0000,0.0000,0.4474,0,2,0.117
55.350,0,1,3,-0.6167,-0.6167,-0.6515,-0.1732,163.1561,0.0000,0.0000,0.0000,-0.8976,-0.3233,161.1829,0.016,7190,0.0000,0.0000,0.4448,0,2,0.117
55.453,0,1,3,-0.6167,-0.6167,-0.6505,-0.1739,163.2490,0.0000,0.0000,0.0000,-0.8976,-0.3233,161.1815,0.002,7196,0.0000,0.0000,0.4441,0,2,0.117
55.549,0,1,3,-0.6167,-0.6167,-0.6527,-0.1745,163.2429,0.0000,0.0000,0.0000,-0.5998,-0.3229,173.1590,0.005,7201,0.0000,0.0000,0.4436,0,2,0.117
55.648,0,1,3,-0.6167,-0.6167,-0.6529,-0.1771,163.3334,0.0000,0.0000,0.0000,-0.8976,-0.3233,161.1818,0.003,7205,0.0000,0.0000,0.4411,0,2,0.117
55.753,0,1,3,-0.6167,-0.6167,-0.6549,-0.1775,163.3287,0.0000,0.0000,0.0000,-0.5998,-0.3229,173.1604,0.010,7210,0.0000,0.0000,0.4408,0,2,0.117
55.850,0,1,3,-0.6167,-0.6167,-0.6550,-0.1800,163.4179,0.0000,0.0000,0.0000,-0.8976,-0.3233,161.1819,0.007,7214,0.0000,0.0000,0.4383,0,2,0.117
55.948,0,1,3,-0.6167,-0.6167,-0.6569,-0.1803,163.4049,0.0000,0.0000,0.0000,-0.5998,-0.3229,173.1603,0.006,7219,0.0000,0.0000,0.4382,0,2,0.117
56.050,0,1,3,-0.6167,-0.6167,-0.6569,-0.1827,163.4864,0.0000,0.0000,0.0000,-0.8976,-0.3233,161.1826,0.007,7223,0.0000,0.0000,0.4359,0,2,0.117
56.148,0,1,3,-0.6167,-0.6167,-0.6587,-0.1828,163.4762,0.0000,0.0000,0.0000,-0.5998,-0.3229,173.1596,0.006,7228,0.0000,0.0000,0.4359,0,2,0.117
56.248,0,1,3,-0.6167,-0.6167,-0.6585,-0.1851,163.5570,0.0000,0.0000,0.0000,-0.8976,-0.3233,161.1823,0.003,7232,0.0000,0.0000,0.4336,0,2,0.117
56.354,0,1,3,-0.6167,-0.6167,-0.6601,-0.1852,163.5409,0.0000,0.0000,0.0000,-0.5998,-0.3230,173.1627,0.009,7237,0.0000,0.0000,0.4337,0,2,0.117
56.448,0,1,3,-0.6167,-0.6167,-0.6599,-0.1874,163.6237,0.0000,0.0000,0.0000,-0.8976,-0.3233,161.1810,0.005,7241,0.0000,0.0000,0.4314,0,2,0.117
56.553,0,1,3,-0.6167,-0.6167,-0.6628,-0.1896,163.6071,0.0000,0.0000,0.0000,-0.8976,-0.3233,161.1805,0.017,7244,0.0000,0.0000,0.4296,0,2,0.117
56.650,0,1,3,-0.6167,-0.6167,-0.6611,-0.1895,163.6820,0.0000,0.0000,0.0000,-0.5244,0.0157,163.1690,0.021,7249,0.0000,0.0000,0.4295,0,2,0.117
56.751,0,1,3,-0.6167,-0.6167,-0.6615,-0.1902,163.6897,0.0000,0.0000,0.0000,-0.5244,0.0158,163.1684,0.003,7253,0.0000,0.0000,0.4289,0,2,0.117
56.854,0,1,3,-0.6167,-0.6167,-0.6623,-0.1914,163.7423,0.0000,0.0000,0.0000,-0.5998,-0.3229,173.1607,0.039,7258,0.0000,0.0000,0.4277,0,2,0.117
56.949,0,1,3,-0.6167,-0.6167,-0.6630,-0.1926,163.7890,0.0000,0.0000,0.0000,-0.5998,-0.3229,173.1609,0.014,7264,0.0000,0.0000,0.4266,0,2,0.117
57.050,0,1,3,-0.6167,-0.6167,-0.6633,-0.1931,163.7943,0.0000,0.0000,0.0000,-0.8976,-0.3233,161.1798,0.011,7268,0.0000,0.0000,0.4261,0,2,0.117
57.149,0,1,3,-0.6167,-0.6167,-0.6646,-0.1928,163.7657,0.0000,0.0000,0.0000,-0.5998,-0.3229,173.1607,0.003,7273,0.0000,0.0000,0.4266,0,2,0.117
57.248,0,1,3,-0.6167,-0.6167,-0.6642,-0.1947,163.8420,0.0000,0.0000,0.0000,-0.8976,-0.3234,161.1806,0.005,7277,0.0000,0.0000,0.4246,0,2,0.117
57.350,0,1,3,-0.6167,-0.6167,-0.6648,-0.1957,163.8842,0.0000,0.0000,0.0000,-0.5998,-0.3229,173.1613,0.013,7282,0.0000,0.0000,0.4238,0,2,0.117
57.450,0,1,3,-0.6167,-0.6167,-0.6650,-0.1961,163.8806,0.0000,0.0000,0.0000,-0.8977,-0.3234,161.1808,0.007,7286,0.0000,0.0000,0.4233,0,2,0.117
57.548,0,1,3,-0.6167,-0.6167,-0.6662,-0.1956,163.8550,0.0000,0.0000,0.0000,-0.5998,-0.3229,173.1605,0.009,7291,0.0000,0.0000,0.4240,0,2,0.117
57.649,0,1,3,-0.6167,-0.6167,-0.6658,-0.1974,163.9213,0.0000,0.0000,0.0000,-0.8976,-0.3234,161.1790,0.004,7295,0.0000,0.0000,0.4221,0,2,0.117
57.750,0,1,3,-0.6167,-0.6167,-0.6670,-0.1968,163.8896,0.0000,0.0000,0.0000,-0.5244,0.0157,163.1718,0.011,7299,0.0000,0.0000,0.4228,0,2,0.117
57.850,0,1,3,-0.6167,-0.6167,-0.6664,-0.1985,163.9620,0.0000,0.0000,0.0000,-0.5998,-0.3229,173.1616,0.015,7303,0.0000,0.0000,0.4211,0,2,0.117
57.949,0,1,3,-0.6167,-0.6167,-0.6691,-0.2003,163.9406,0.0000,0.0000,0.0000,-0.8977,-0.3234,161.1799,0.021,7307,0.0000,0.0000,0.4197,0,2,0.117
58.050,0,1,3,-0.6167,-0.6167,-0.6670,-0.1996,163.9977,0.0000,0.0000,0.0000,-0.5998,-0.3229,173.1612,0.025,7312,0.0000,0.0000,0.4201,0,2,0.117
58.150,0,1,3,-0.6167,-0.6167,-0.6657,-0.1976,163.9875,0.0000,0.0000,0.0000,-0.5998,-0.3229,173.1625,0.004,7317,0.0000,0.0000,0.4219,0,2,0.117
58.257,0,1,3,-0.6167,-0.6167,-0.6677,-0.2006,164.0296,0.0000,0.0000,0.0000,-0.5998,-0.3230,173.1632,0.043,7321,0.0000,0.0000,0.4192,0,2,0.117
58.348,0,1,3,-0.6167,-0.6167,-0.6688,-0.1999,163.9978,0.0000,0.0000,0.0000,-0.5998,-0.3229,173.1620,0.008,7327,0.0000,0.0000,0.4200,0,2,0.117
58.454,0,1,3,-0.6167,-0.6167,-0.6707,-0.2028,164.0312,0.0000,0.0000,0.0000,-0.8977,-0.3234,161.1799,0.010,7331,0.0000,0.0000,0.4174,0,2,0.117
58.550,0,1,3,-0.6167,-0.6167,-0.6693,-0.2007,164.0247,0.0000,0.0000,0.0000,-0.5998,-0.3229,173.1625,0.009,7336,0.0000,0.0000,0.4193,0,2,0.117
58.649,0,1,3,-0.6167,-0.6167,-0.6687,-0.2023,164.0849,0.0000,0.0000,0.0000,-0.8977,-0.3234,161.1790,0.003,7340,0.0000,0.0000,0.4176,0,2,0.117
58.750,0,1,3,-0.6167,-0.6167,-0.6697,-0.2015,164.0492,0.0000,0.0000,0.0000,-0.5244,0.0157,163.1760,0.024,7344,0.0000,0.0000,0.4186,0,2,0.117
58.851,0,1,3,-0.6167,-0.6167,-0.6715,-0.2043,164.0828,0.0000,0.0000,0.0000,-0.8977,-0.3235,161.1800,0.008,7349,0.0000,0.0000,0.4160,0,2,0.117
58.950,0,1,3,-0.6167,-0.6167,-0.6701,-0.2022,164.0787,0.0000,0.0000,0.0000,-0.5998,-0.3230,173.1641,0.006,7354,0.0000,0.0000,0.4179,0,2,0.117
59.051,0,1,3,-0.6167,-0.6167,-0.6694,-0.2036,164.1440,0.0000,0.0000,0.0000,-0.8977,-0.3235,161.1799,0.009,7358,0.0000,0.0000,0.4164,0,2,0.117
59.149,0,1,3,-0.6167,-0.6167,-0.6720,-0.2051,164.1060,0.0000,0.0000,0.0000,-0.5999,-0.3229,173.1628,0.002,7362,0.0000,0.0000,0.4152,0,2,0.117
59.249,0,1,3,-0.6167,-0.6167,-0.6697,-0.2042,164.1703,0.0000,0.0000,0.0000,-0.5999,-0.3229,173.1618,0.024,7366,0.0000,0.0000,0.4159,0,2,0.117
59.350,0,1,3,-0.6167,-0.6167,-0.6723,-0.2057,164.1367,0.0000,0.0000,0.0000,-0.5240,0.0156,163.1836,0.003,7371,0.0000,0.0000,0.4147,0,2,0.117
59.451,0,1,3,-0.6167,-0.6167,-0.6701,-0.2048,164.1871,0.0000,0.0000,0.0000,-0.5239,0.0155,163.1852,0.018,7375,0.0000,0.0000,0.4153,0,2,0.117
59.550,0,1,3,-0.6167,-0.6167,-0.6715,-0.2069,164.2154,0.0000,0.0000,0.0000,-0.4894,0.0652,161.9002,0.006,7381,0.0000,0.0000,0.4134,0,2,0.117
59.648,0,1,3,-0.6167,-0.6167,-0.6693,-0.2037,164.1810,0.0000,0.0000,0.0000,-0.8978,-0.3235,161.1801,0.003,7385,0.0000,0.0000,0.4163,0,2,0.117
59.751,0,1,3,-0.6167,-0.6167,-0.6695,-0.2018,164.1123,0.0000,0.0000,0.0000,-0.5999,-0.3229,173.1632,0.008,7390,0.0000,0.0000,0.4182,0,2,0.117
59.849,0,1,3,-0.6167,-0.6167,-0.6686,-0.2028,164.1715,0.0000,0.0000,0.0000,-0.8978,-0.3235,161.1798,0.007,7394,0.0000,0.0000,0.4171,0,2,0.117
59.948,0,1,3,-0.6167,-0.6167,-0.6688,-0.2009,164.1071,0.0000,0.0000,0.0000,-0.5999,-0.3229,173.1628,0.003,7399,0.0000,0.0000,0.4190,0,2,0.117
60.049,0,1,3,-0.6167,-0.6167,-0.6679,-0.2019,164.1571,0.0000,0.0000,0.0000,-0.8978,-0.3236,161.1810,0.002,7403,0.0000,0.0000,0.4179,0,2,0.117
60.148,0,1,3,-0.6167,-0.6167,-0.6682,-0.2001,164.0999,0.0000,0.0000,0.0000,-0.5999,-0.3229,173.1613,0.010,7408,0.0000,0.0000,0.4198,0,2,0.117
60.248,0,1,3,-0.6167,-0.6167,-0.6673,-0.2011,164.1506,0.0000,0.0000,0.0000,-0.8978,-0.3235,161.1776,0.005,7412,0.0000,0.0000,0.4186,0,2,0.117
60.348,0,1,3,-0.6167,-0.6167,-0.6677,-0.1993,164.0920,0.0000,0.0000,0.0000,-0.5999,-0.3229,173.1617,0.003,7417,0.0000,0.0000,0.4204,0,2,0.117
60.450,0,1,3,-0.6167,-0.6167,-0.6668,-0.2004,164.1436,0.0000,0.0000,0.0000,-0.8978,-0.3236,161.1825,0.002,7421,0.0000,0.0000,0.4192,0,2,0.117
60.550,0,1,3,-0.6167,-0.6167,-0.6691,-0.2015,164.1007,0.0000,0.0000,0.0000,-0.4894,0.0652,161.8995,0.003,7425,0.0000,0.0000,0.4184,0,2,0.117
60.651,0,1,3,-0.6167,-0.6167,-0.6682,-0.2027,164.1571,0.0000,0.0000,0.0000,-0.4894,0.0652,161.8995,0.009,7429,0.0000,0.0000,0.4172,0,2,0.117
60.751,0,1,3,-0.6167,-0.6167,-0.6686,-0.2009,164.0971,0.0000,0.0000,0.0000,-0.8978,-0.3236,161.1781,0.018,7433,0.0000,0.0000,0.4190,0,2,0.117
60.850,0,1,3,-0.6167,-0.6167,-0.6658,-0.1992,164.1398,0.0000,0.0000,0.0000,-0.5999,-0.3229,173.1623,0.034,7438,0.0000,0.0000,0.4204,0,2,0.117
60.949,0,1,3,-0.6167,-0.6167,-0.6656,-0.1988,164.1472,0.0000,0.0000,0.0000,-0.5999,-0.3229,173.1630,0.013,7444,0.0000,0.0000,0.4207,0,2,0.117
61.048,0,1,3,-0.6167,-0.6167,-0.6654,-0.1987,164.1260,0.0000,0.0000,0.0000,-0.8978,-0.3236,161.1791,0.005,7448,0.0000,0.0000,0.4208,0,2,0.117
61.150,0,1,3,-0.6167,-0.6167,-0.6659,-0.1970,164.0655,0.0000,0.0000,0.0000,-0.5999,-0.3229,173.1631,0.006,7453,0.0000,0.0000,0.4225,0,2,0.117
61.250,0,1,3,-0.6167,-0.6167,-0.6651,-0.1982,164.1209,0.0000,0.0000,0.0000,-0.8978,-0.3236,161.1808,0.008,7457,0.0000,0.0000,0.4213,0,2,0.117
61.350,0,1,3,-0.6167,-0.6167,-0.6655,-0.1966,164.0654,0.0000,0.0000,0.0000,-0.5999,-0.3229,173.1626,0.002,7462,0.0000,0.0000,0.4229,0,2,0.117
61.449,0,1,3,-0.6167,-0.6167,-0.6647,-0.1978,164.1142,0.0000,0.0000,0.0000,-0.8978,-0.3236,161.1797,0.005,7466,0.0000,0.0000,0.4217,0,2,0.117
61.550,0,1,3,-0.6167,-0.6167,-0.6652,-0.1962,164.0563,0.0000,0.0000,0.0000,-0.5999,-0.3229,173.1643,0.012,7471,0.0000,0.0000,0.4233,0,2,0.117
61.650,0,1,3,-0.6167,-0.6167,-0.6644,-0.1974,164.1131,0.0000,0.0000,0.0000,-0.8978,-0.3236,161.1779,0.007,7475,0.0000,0.0000,0.4220,0,2,0.117
61.751,0,1,3,-0.6167,-0.6167,-0.6649,-0.1958,164.0471,0.0000,0.0000,0.0000,-0.5999,-0.3229,173.1627,0.003,7480,0.0000,0.0000,0.4236,0,2,0.117
61.849,0,1,3,-0.6167,-0.6167,-0.6642,-0.1970,164.1024,0.0000,0.0000,0.0000,-0.8979,-0.3237,161.1802,0.006,7484,0.0000,0.0000,0.4223,0,2,0.117
61.955,0,1,3,-0.6167,-0.6167,-0.6666,-0.1982,164.0651,0.0000,0.0000,0.0000,-0.8979,-0.3237,161.1793,0.040,7487,0.0000,0.0000,0.4214,0,2,0.117
62.052,0,1,3,-0.6167,-0.6167,-0.6639,-0.1967,164.0982,0.0000,0.0000,0.0000,-0.5999,-0.3229,173.1629,0.024,7492,0.0000,0.0000,0.4226,0,2,0.117
62.151,0,1,3,-0.6167,-0.6167,-0.6663,-0.1980,164.0592,0.0000,0.0000,0.0000,-0.5999,-0.3229,173.1637,0.002,7497,0.0000,0.0000,0.4216,0,2,0.117
62.252,0,1,3,-0.6167,-0.6167,-0.6636,-0.1964,164.0993,0.0000,0.0000,0.0000,-0.4894,0.0652,161.8995,0.036,7501,0.0000,0.0000,0.4229,0,2,0.117
62.352,0,1,3,-0.6167,-0.6167,-0.6635,-0.1962,164.1075,0.0000,0.0000,0.0000,-0.5999,-0.3229,173.1639,0.009,7507,0.0000,0.0000,0.4231,0,2,0.117
62.450,0,1,3,-0.6167,-0.6167,-0.6635,-0.1961,164.0904,0.0000,0.0000,0.0000,-0.8979,-0.3237,161.1784,0.006,7511,0.0000,0.0000,0.4231,0,2,0.117
62.549,0,1,3,-0.6167,-0.6167,-0.6633,-0.1960,164.1056,0.0000,0.0000,0.0000,-0.5999,-0.3229,173.1624,0.014,7516,0.0000,0.0000,0.4233,0,2,0.117
62.650,0,1,3,-0.6167,-0.6167,-0.6633,-0.1959,164.0848,0.0000,0.0000,0.0000,-0.8979,-0.3237,161.1803,0.003,7520,0.0000,0.0000,0.4234,0,2,0.117
62.748,0,1,3,-0.6167,-0.6167,-0.6639,-0.1944,164.0259,0.0000,0.0000,0.0000,-0.5999,-0.3229,173.1630,0.006,7525,0.0000,0.0000,0.4249,0,2,0.117
62.849,0,1,3,-0.6167,-0.6167,-0.6631,-0.1957,164.0860,0.0000,0.0000,0.0000,-0.8979,-0.3237,161.1802,0.006,7529,0.0000,0.0000,0.4235,0,2,0.117
62.951,0,1,3,-0.6167,-0.6167,-0.6630,-0.1955,164.0952,0.0000,0.0000,0.0000,-0.5999,-0.3229,173.1633,0.015,7534,0.0000,0.0000,0.4237,0,2,0.117
63.051,0,1,3,-0.6167,-0.6167,-0.6630,-0.1955,164.0791,0.0000,0.0000,0.0000,-0.8979,-0.3237,161.1772,0.006,7538,0.0000,0.0000,0.4237,0,2,0.117
63.151,0,1,3,-0.6167,-0.6167,-0.6636,-0.1940,164.0234,0.0000,0.0000,0.0000,-0.5999,-0.3229,173.1632,0.007,7543,0.0000,0.0000,0.4253,0,2,0.117
63.250,0,1,3,-0.6167,-0.6167,-0.6628,-0.1953,164.0757,0.0000,0.0000,0.0000,-0.8979,-0.3237,161.1767,0.008,7547,0.0000,0.0000,0.4239,0,2,0.117
63.352,0,1,3,-0.6167,-0.6167,-0.6653,-0.1967,164.0397,0.0000,0.0000,0.0000,-0.4894,0.0652,161.8995,0.012,7551,0.0000,0.0000,0.4228,0,2,0.117
63.449,0,1,3,-0.6167,-0.6167,-0.6627,-0.1952,164.0754,0.0000,0.0000,0.0000,-0.4894,0.0652,161.8995,0.025,7555,0.0000,0.0000,0.4240,0,2,0.117
63.552,0,2,0,-0.6167,-0.6167,-0.6645,-0.1978,164.1082,0.0000,0.0000,0.0000,-0.5999,-0.3229,173.1642,0.011,7560,-0.0539,0.1263,0.4216,0,2,0.117
63.650,0,2,0,-0.6167,-0.6167,-0.6611,-0.2006,164.4608,0.0000,0.0000,0.0000,-0.8979,-0.3237,161.1790,0.006,7565,-0.0532,0.1265,0.4184,0,2,0.117
63.749,0,2,0,-0.6167,-0.6167,-0.6603,-0.2120,165.7883,0.0000,0.0000,0.0000,-0.6059,-0.3280,174.5410,0.003,7570,-0.0532,0.1264,0.4070,0,2,0.117
63.849,0,2,0,-0.6167,-0.6167,-0.6577,-0.2276,166.9789,0.0000,0.0000,0.0000,-0.8590,-0.3532,164.2825,0.007,7574,-0.0530,0.1265,0.3913,0,2,0.117
63.948,0,2,0,-0.6167,-0.6167,-0.6560,-0.2428,168.0542,0.0000,0.0000,0.0000,-0.5933,-0.3778,176.0970,0.009,7579,-0.0530,0.1265,0.3759,0,2,0.117
64.050,0,2,0,-0.6167,-0.6167,-0.6524,-0.2605,169.1369,0.0000,0.0000,0.0000,-0.8448,-0.3677,166.4038,0.006,7583,-0.0409,0.1150,0.3580,0,2,0.150
64.149,0,2,0,-0.6167,-0.6167,-0.6510,-0.2754,169.6929,0.0000,0.0000,0.0000,-0.5701,-0.4342,176.6095,0.006,7588,-0.0430,0.1171,0.3430,0,2,0.144
64.251,0,2,0,-0.6167,-0.6167,-0.6477,-0.2917,170.4792,0.0000,0.0000,0.0000,-0.8439,-0.3830,167.7874,0.006,7592,-0.0457,0.1204,0.3264,0,2,0.135
64.350,0,2,0,-0.6167,-0.6167,-0.6449,-0.3025,170.6971,0.0000,0.0000,0.0000,-0.5647,-0.4559,177.6967,0.007,7597,-0.0222,0.0975,0.3154,0,2,0.205
64.451,0,2,0,-0.6167,-0.6167,-0.6416,-0.3138,170.9765,0.0000,0.0000,0.0000,-0.8450,-0.3873,168.1012,0.010,7601,-0.0215,0.0977,0.3039,0,2,0.202
64.550,0,2,0,-0.6167,-0.6167,-0.6399,-0.3177,171.2403,0.0000,0.0000,0.0000,-0.3775,-0.0125,166.2701,0.018,7604,-0.0065,0.1123,0.2999,0,2,0.159
64.650,0,2,0,-0.6167,-0.6167,-0.6393,-0.3264,171.2852,0.0000,0.0000,0.0000,-0.3775,-0.0128,166.3075,0.025,7606,-0.0079,0.1108,0.2911,0,2,0.163
64.750,0,2,0,-0.6167,-0.6167,-0.6370,-0.3314,171.3833,0.0000,0.0000,0.0000,-0.6779,-0.2806,171.7010,0.018,7609,-0.0119,0.1064,0.2860,0,2,0.176
64.849,0,2,0,-0.6167,-0.6167,-0.6314,-0.3351,171.4505,0.0000,0.0000,0.0000,-0.6731,-0.3016,171.9369,0.003,7613,-0.0076,0.1092,0.2820,0,2,0.169
64.948,0,2,0,-0.6167,-0.6167,-0.6263,-0.3377,171.5691,0.0000,0.0000,0.0000,-0.6743,-0.3072,172.1206,0.009,7616,-0.0168,0.0986,0.2792,0,2,0.209
65.049,0,2,0,-0.6167,-0.6167,-0.6223,-0.3460,171.7249,0.0000,0.0000,0.0000,-0.6754,-0.3188,172.2939,0.004,7620,-0.0154,0.0988,0.2707,0,2,0.204
65.150,0,2,0,-0.6167,-0.6167,-0.6158,-0.3530,171.7985,0.0000,0.0000,0.0000,-0.5443,-0.5622,178.5476,0.010,7625,0.0029,0.0832,0.2637,0,2,0.155
65.250,0,2,0,-0.6167,-0.6167,-0.6148,-0.3620,171.8790,0.0000,0.0000,0.0000,-0.6568,-0.3666,173.0792,0.007,7629,0.0093,0.0773,0.2547,0,2,0.138
65.350,0,2,0,-0.6167,-0.6167,-0.6103,-0.3669,172.0057,0.0000,0.0000,0.0000,-0.5384,-0.5885,178.2761,0.015,7634,-0.0108,0.0994,0.2498,0,2,0.213
65.449,0,2,0,-0.6167,-0.6167,-0.6127,-0.3799,172.3106,0.0000,0.0000,0.0000,-0.7427,-0.5565,172.5608,0.016,7637,0.0177,0.0700,0.2368,0,2,0.117
65.549,0,2,0,-0.6167,-0.6167,-0.6156,-0.3906,172.5772,0.0000,0.0000,0.0000,-0.5398,-0.6066,178.8690,0.012,7640,0.0164,0.0698,0.2260,0,2,0.117
65.649,0,2,0,-0.6167,-0.6167,-0.6161,-0.4028,172.6279,0.0000,0.0000,0.0000,-0.6902,-0.3580,173.1328,0.007,7643,-0.0271,0.0991,0.2139,0,2,0.172
65.751,0,2,0,-0.6167,-0.6167,-0.6156,-0.4150,172.2524,0.0000,0.0000,0.0000,-0.5354,-0.6301,178.2882,0.008,7646,0.0066,0.0797,0.2017,0,2,0.145
65.849,0,2,0,-0.6167,-0.6167,-0.6156,-0.4274,172.4547,0.0000,0.0000,0.0000,-0.6712,-0.3949,173.1711,0.013,7649,0.0088,0.0776,0.1893,0,2,0.139
65.952,0,2,0,-0.6167,-0.6167,-0.6171,-0.4371,172.4761,0.0000,0.0000,0.0000,-0.6729,-0.3995,173.3147,0.043,7651,-0.0001,0.0856,0.1795,0,2,0.162
66.049,0,2,0,-0.6167,-0.6167,-0.6165,-0.4493,172.6749,0.0000,0.0000,0.0000,-0.6712,-0.4135,173.5091,0.003,7655,0.0001,0.0857,0.1674,0,2,0.162
66.150,0,2,0,-0.6167,-0.6167,-0.6172,-0.4606,172.7955,0.0000,0.0000,0.0000,-0.6744,-0.4153,173.5240,0.023,7657,-0.0377,0.0991,0.1561,0,2,0.152
66.250,0,2,0,-0.6167,-0.6167,-0.6144,-0.4733,173.0514,0.0000,0.0000,0.0000,-0.5404,-0.6633,178.8681,0.033,7660,0.0119,0.0756,0.1433,0,2,0.133
66.349,0,2,0,-0.6167,-0.6167,-0.6149,-0.4856,172.9899,0.0000,0.0000,0.0000,-0.5374,-0.6732,179.1861,0.010,7664,0.0081,0.0791,0.1310,0,2,0.143
66.451,0,2,0,-0.6167,-0.6167,-0.6152,-0.4959,172.9374,0.0000,0.0000,0.0000,-0.6774,-0.4377,173.6766,0.006,7667,0.0105,0.0737,0.1208,0,2,0.135
66.548,0,2,0,-0.6167,-0.6167,-0.6160,-0.5067,172.9631,0.0000,0.0000,0.0000,-0.5285,-0.7121,177.9597,0.012,7670,0.0077,0.0683,0.1099,0,2,0.139
66.648,0,2,0,-0.6167,-0.6167,-0.6118,-0.5181,172.9725,0.0000,0.0000,0.0000,-0.6484,-0.4925,174.4981,0.005,7673,0.0092,0.0628,0.0987,0,2,0.143
66.748,0,2,0,-0.6167,-0.6167,-0.6134,-0.5257,172.8737,0.0000,0.0000,0.0000,-0.5308,-0.7160,177.9925,0.005,7676,0.0055,0.0598,0.0910,0,2,0.151
66.850,0,2,0,-0.6167,-0.6167,-0.6137,-0.5357,172.9849,0.0000,0.0000,0.0000,-0.6601,-0.4911,174.1556,0.012,7679,-0.0229,0.0645,0.0811,0,2,0.149
66.950,0,2,0,-0.6167,-0.6167,-0.6125,-0.5431,173.0537,0.0000,0.0000,0.0000,-0.5330,-0.7300,178.1996,0.013,7682,-0.0178,0.0587,0.0736,0,2,0.155
67.050,0,2,1,-0.6167,-1.2333,-0.6098,-0.5538,173.0606,0.0000,0.0000,0.0000,-0.7572,-0.6725,173.1514,0.008,7685,-0.0334,0.0992,0.6796,0,2,0.158
67.151,0,2,1,-0.6167,-1.2333,-0.6080,-0.5696,173.4500,0.0000,0.0000,0.0000,-0.5313,-0.7383,178.4729,0.016,7688,-0.0326,0.0993,0.6638,0,2,0.159
67.250,0,2,1,-0.6167,-1.2333,-0.6048,-0.5799,173.3320,0.0000,0.0000,0.0000,-0.2033,-0.8174,-174.1197,0.011,7691,0.0040,0.0838,0.6536,0,2,0.156
67.351,0,2,1,-0.6167,-1.2333,-0.5974,-0.5936,173.3152,0.0000,0.0000,0.0000,-0.5078,-0.6853,178.7803,0.040,7693,0.0133,0.0758,0.6400,0,2,0.133
67.450,0,2,1,-0.6167,-1.2333,-0.5937,-0.6043,173.4407,0.0000,0.0000,0.0000,-0.4463,-0.6831,-179.3697,0.019,7696,0.0196,0.0702,0.6294,0,2,0.117
67.548,0,2,1,-0.6167,-1.2333,-0.5920,-0.6142,173.3412,0.0000,0.0000,0.0000,-0.5127,-0.6873,178.2754,0.016,7699,0.0199,0.0702,0.6197,0,2,0.117
67.651,0,2,1,-0.6167,-1.2333,-0.5901,-0.6244,173.4526,0.0000,0.0000,0.0000,-0.4531,-0.6901,-179.4443,0.042,7702,0.0203,0.0702,0.6095,0,2,0.117
67.749,0,2,1,-0.6167,-1.2333,-0.5894,-0.6337,173.4675,0.0000,0.0000,0.0000,-0.5233,-0.6970,177.8806,0.038,7705,0.0205,0.0703,0.6002,0,2,0.117
67.848,0,2,1,-0.6167,-1.2333,-0.5870,-0.6415,173.7589,0.0000,0.0000,0.0000,-0.4924,-0.7340,178.7114,0.005,7710,0.0210,0.0703,0.5925,0,2,0.117
67.950,0,2,1,-0.6167,-1.2333,-0.5841,-0.6511,174.1258,0.0000,0.0000,0.0000,-0.4692,-0.7010,-179.0628,0.008,7714,0.0215,0.0703,0.5831,0,2,0.117
68.050,0,2,1,-0.6167,-1.2333,-0.5837,-0.6571,174.1798,0.0000,0.0000,0.0000,-0.5002,-0.7434,178.6695,0.008,7718,0.0217,0.0704,0.5771,0,2,0.117
68.149,0,2,1,-0.6167,-1.2333,-0.5828,-0.6650,174.2497,0.0000,0.0000,0.0000,-0.6068,-0.5234,-168.7739,0.003,7723,0.0219,0.0704,0.5694,0,2,0.117
68.250,0,2,1,-0.6167,-1.2333,-0.5829,-0.6725,174.1875,0.0000,0.0000,0.0000,-0.5100,-0.7479,177.7934,0.007,7727,0.0220,0.0704,0.5619,0,2,0.117
68.350,0,2,1,-0.6167,-1.2333,-0.5826,-0.6812,174.1353,0.0000,0.0000,0.0000,-0.5408,-0.8398,176.4183,0.011,7731,-0.0160,0.1034,0.5532,0,2,0.181
68.450,0,2,1,-0.6167,-1.2333,-0.5806,-0.6930,174.3881,0.0000,0.0000,0.0000,-0.4953,-0.7752,177.8097,0.008,7736,-0.0252,0.1074,0.5415,0,2,0.160
68.551,0,2,1,-0.6167,-1.2333,-0.5766,-0.7049,174.0787,0.0000,0.0000,0.0000,-0.6049,-0.5455,-169.5455,0.003,7741,0.0325,0.0839,0.5299,0,2,0.117
68.651,0,2,1,-0.6167,-1.2333,-0.5766,-0.7155,174.1438,0.0000,0.0000,0.0000,-0.4930,-0.7948,177.2738,0.008,7745,-0.0440,0.1157,0.5194,0,2,0.117
68.748,0,2,1,-0.6167,-1.2333,-0.5737,-0.7281,173.9479,0.0000,0.0000,0.0000,-0.4960,-0.7974,177.0300,0.036,7748,-0.0433,0.1158,0.5071,0,2,0.117
68.848,0,2,1,-0.6167,-1.2333,-0.5698,-0.7396,173.5019,0.0000,0.0000,0.0000,-0.4971,-0.8088,176.2365,0.003,7754,-0.0423,0.1158,0.4959,0,2,0.117
68.951,0,2,1,-0.6167,-1.2333,-0.5661,-0.7511,173.4691,0.0000,0.0000,0.0000,-0.5531,-0.8688,175.5490,0.003,7758,-0.0413,0.1158,0.4849,0,2,0.117
69.052,0,2,1,-0.6167,-1.2333,-0.5613,-0.7655,173.4753,0.0000,0.0000,0.0000,-0.5996,-0.5730,-170.4226,0.028,7762,-0.0400,0.1159,0.4711,0,2,0.117
69.150,0,2,1,-0.6167,-1.2333,-0.5581,-0.7779,173.3909,0.0000,0.0000,0.0000,-0.5457,-0.9202,173.8061,0.010,7767,0.0409,0.1000,0.4592,0,2,0.117
69.249,0,2,1,-0.6167,-1.2333,-0.5618,-0.7852,173.3114,0.0000,0.0000,0.0000,-0.5417,-0.8055,173.5342,0.007,7772,0.0403,0.1000,0.4515,0,2,0.117
69.348,0,2,1,-0.6167,-1.2333,-0.5658,-0.7971,173.2016,0.0000,0.0000,0.0000,-0.5434,-0.9573,172.7644,0.012,7776,0.0362,0.1000,0.4391,0,2,0.124
69.450,0,2,1,-0.6167,-1.2333,-0.5695,-0.8050,173.1345,0.0000,0.0000,0.0000,-0.5469,-0.8294,173.2745,0.015,7781,-0.0024,0.1000,0.4309,0,2,0.334
69.550,0,2,1,-0.6167,-1.2333,-0.5704,-0.8141,173.0215,0.0000,0.0000,0.0000,-0.5551,-0.9667,172.7390,0.008,7785,-0.0212,0.1187,0.4217,0,2,0.147
69.650,0,2,1,-0.6167,-1.2333,-0.5708,-0.8262,173.0438,0.0000,0.0000,0.0000,-0.5435,-0.8555,173.1324,0.006,7790,0.0361,0.1159,0.4097,0,2,0.117
69.749,0,2,1,-0.6167,-1.2333,-0.5747,-0.8369,172.8858,0.0000,0.0000,0.0000,-0.5591,-0.9748,172.7918,0.004,7794,0.0355,0.1158,0.3986,0,2,0.117
69.851,0,2,1,-0.6167,-1.2333,-0.5782,-0.8487,172.9781,0.0000,0.0000,0.0000,-0.5420,-0.8861,173.0808,0.016,7799,0.0067,0.1042,0.3866,0,2,0.178
69.950,0,2,1,-0.6167,-1.2333,-0.5806,-0.8592,173.0309,0.0000,0.0000,0.0000,-0.5687,-1.0180,171.6363,0.013,7803,-0.0194,0.1155,0.3759,0,2,0.156
70.049,0,2,1,-0.6167,-1.2333,-0.5785,-0.8736,172.9113,0.0000,0.0000,0.0000,-0.5374,-0.9162,173.1747,0.011,7809,-0.0127,0.1099,0.3617,0,2,0.172
70.151,0,2,1,-0.6167,-1.2333,-0.5775,-0.8887,172.7612,0.0000,0.0000,0.0000,-0.4734,-0.9896,171.8127,0.003,7814,-0.0021,0.1000,0.3469,0,2,0.240
70.250,0,2,1,-0.6167,-1.2333,-0.5808,-0.9053,172.5277,0.0000,0.0000,0.0000,-0.4735,-0.9963,171.8352,0.023,7820,0.0144,0.1169,0.3300,0,2,0.152
70.350,0,2,1,-0.6167,-1.2333,-0.5920,-0.9187,172.0959,0.0000,0.0000,0.0000,-0.5748,-1.0747,170.7288,0.008,7827,0.0015,0.1069,0.3156,0,2,0.180
70.450,0,2,1,-0.6167,-1.2333,-0.6016,-0.9336,171.8587,0.0000,0.0000,0.0000,-0.4940,-0.9679,176.5976,0.006,7833,0.0001,0.1081,0.3001,0,2,0.176
70.551,0,2,1,-0.6167,-1.2333,-0.6031,-0.9475,171.8348,0.0000,0.0000,0.0000,-0.5170,-0.9158,177.8576,0.010,7839,-0.0087,0.0996,0.2862,0,2,0.231
70.650,0,2,1,-0.6167,-1.2333,-0.6036,-0.9612,172.1274,0.0000,0.0000,0.0000,-0.5382,-0.9849,172.9595,0.016,7845,-0.0086,0.0996,0.2724,0,2,0.204
70.749,0,2,1,-0.6167,-1.2333,-0.5998,-0.9743,172.0963,0.0000,0.0000,0.0000,-0.5152,-0.9566,177.4070,0.007,7851,-0.0069,0.0998,0.2596,0,2,0.227
70.849,0,2,1,-0.6167,-1.2333,-0.5954,-0.9889,172.1721,0.0000,0.0000,0.0000,-0.5374,-1.0083,173.0805,0.015,7857,0.0016,0.1063,0.2453,0,2,0.182
70.948,0,2,1,-0.6167,-1.2333,-0.5923,-1.0012,172.3575,0.0000,0.0000,0.0000,-0.5234,-0.9672,178.1857,0.005,7863,-0.0030,0.1000,0.2334,0,2,0.211
71.050,0,2,1,-0.6167,-1.2333,-0.5889,-1.0140,172.4315,0.0000,0.0000,0.0000,-0.5468,-1.0224,172.9800,0.015,7869,-0.0008,0.1000,0.2211,0,2,0.264
71.148,0,2,1,-0.6167,-1.2333,-0.5860,-1.0253,172.4059,0.0000,0.0000,0.0000,-0.5948,-1.1776,170.2328,0.006,7875,0.0012,0.1000,0.2103,0,2,0.250
71.250,0,2,1,-0.6167,-1.2333,-0.5894,-1.0388,172.4605,0.0000,0.0000,0.0000,-1.1217,-1.0264,162.2903,0.014,7881,0.0005,0.1000,0.1965,0,2,0.303
71.352,0,2,1,-0.6167,-1.2333,-0.5927,-1.0494,172.4286,0.0000,0.0000,0.0000,-0.4936,-1.1282,172.3737,0.028,7886,-0.0005,0.1000,0.1855,0,2,0.280
71.449,0,2,1,-0.6167,-1.2333,-0.5960,-1.0627,172.2484,0.0000,0.0000,0.0000,-0.5891,-1.2099,170.2313,0.018,7892,-0.0014,0.1000,0.1719,0,2,0.288
71.551,0,2,1,-0.6167,-1.2333,-0.6065,-1.0737,171.9479,0.0000,0.0000,0.0000,-0.5252,-1.0522,177.1717,0.002,7899,-0.0070,0.0998,0.1600,0,2,0.298
71.650,0,2,1,-0.6167,-1.2333,-0.6027,-1.0854,172.2497,0.0000,0.0000,0.0000,-1.1341,-1.0578,162.3792,0.003,7905,-0.0040,0.0999,0.1486,0,2,0.282
71.750,0,2,1,-0.6167,-1.2333,-0.6059,-1.0962,172.0173,0.0000,0.0000,0.0000,-0.5282,-1.0724,177.4118,0.003,7911,-0.0055,0.0998,0.1376,0,2,0.266
71.849,0,2,1,-0.6167,-1.2333,-0.6138,-1.1084,171.9137,0.0000,0.0000,0.0000,-1.1417,-1.0637,162.1118,0.015,7917,-0.0111,0.0994,0.1250,0,2,0.276
71.949,0,2,1,-0.6167,-1.2333,-0.6114,-1.1228,171.9761,0.0000,0.0000,0.0000,-0.5992,-1.2779,169.6900,0.014,7923,-0.0077,0.0882,0.1106,0,2,0.276
72.050,0,2,1,-0.6167,-1.2333,-0.6140,-1.1326,171.8876,0.0000,0.0000,0.0000,-1.1282,-1.1081,162.6578,0.014,7929,-0.0087,0.0802,0.1008,0,2,0.277
72.152,0,2,1,-0.6167,-1.2333,-0.6156,-1.1415,171.9940,0.0000,0.0000,0.0000,-0.5363,-1.1989,175.3079,0.002,7936,-0.0090,0.0729,0.0918,0,2,0.288
72.249,0,2,1,-0.6167,-1.2333,-0.6234,-1.1515,171.9285,0.0000,0.0000,0.0000,-1.1976,-1.0749,161.4956,0.014,7941,-0.0141,0.0642,0.0821,0,2,0.303
72.350,0,2,1,-0.6167,-1.2333,-0.6246,-1.1585,171.9249,0.0000,0.0000,0.0000,-0.5281,-1.1501,176.9854,0.009,7947,-0.0143,0.0584,0.0752,0,2,0.288
72.451,0,2,2,0.0000,-1.2333,-0.6298,-1.1646,171.8670,0.0000,0.0000,0.0000,-1.1970,-1.0772,161.5975,0.017,7953,-0.1000,-0.0025,0.6335,0,2,0.292
72.551,0,2,2,0.0000,-1.2333,-0.6222,-1.1667,172.1811,0.0000,0.0000,0.0000,-0.5246,-1.1652,177.0257,0.013,7959,-0.1000,-0.0027,0.6258,0,2,0.288
72.650,0,2,2,0.0000,-1.2333,-0.6188,-1.1687,171.9812,0.0000,0.0000,0.0000,-1.1960,-1.0829,161.8664,0.015,7965,-0.1000,-0.0030,0.6221,0,2,0.278
72.749,0,2,2,0.0000,-1.2333,-0.6122,-1.1701,171.9554,0.0000,0.0000,0.0000,-0.4792,-1.2414,173.1561,0.005,7970,-0.1000,-0.0031,0.6154,0,2,0.299
72.850,0,2,2,0.0000,-1.2333,-0.6040,-1.1736,171.9994,0.0000,0.0000,0.0000,-0.5720,-1.3472,169.7009,0.018,7976,-0.0999,-0.0036,0.6069,0,2,0.266
72.951,0,2,2,0.0000,-1.2333,-0.5904,-1.1764,172.0776,0.0000,0.0000,0.0000,-0.4589,-1.2415,173.2462,0.022,7980,-0.0999,-0.0038,0.5931,0,2,0.287
73.050,0,2,2,0.0000,-1.2333,-0.5752,-1.1793,172.2093,0.0000,0.0000,0.0000,-0.4919,-1.2342,175.8182,0.016,7985,-0.0999,-0.0040,0.5777,0,2,0.299
73.150,0,2,2,0.0000,-1.2333,-0.5623,-1.1838,172.2916,0.0000,0.0000,0.0000,-0.4652,-1.1909,176.5448,0.011,7990,-0.0999,-0.0046,0.5645,0,2,0.268
73.250,0,2,2,0.0000,-1.2333,-0.5468,-1.1864,172.5060,0.0000,0.0000,0.0000,-0.4732,-1.2354,175.9499,0.014,7994,-0.0999,-0.0048,0.5488,0,2,0.259
73.351,0,2,2,0.0000,-1.2333,-0.5337,-1.1888,172.5541,0.0000,0.0000,0.0000,-0.4503,-1.1908,176.8289,0.008,7999,-0.0999,-0.0051,0.5355,0,2,0.298
73.449,0,2,2,0.0000,-1.2333,-0.5186,-1.1909,172.5754,0.0000,0.0000,0.0000,-0.4519,-1.2338,176.0697,0.029,8003,-0.0999,-0.0052,0.5203,0,2,0.303
73.551,0,2,2,0.0000,-1.2333,-0.5056,-1.1927,172.5546,0.0000,0.0000,0.0000,-0.4274,-1.1846,176.9815,0.009,8008,-0.0999,-0.0054,0.5072,0,2,0.313
73.649,0,2,2,0.0000,-1.2333,-0.4915,-1.1944,172.6319,0.0000,0.0000,0.0000,-0.4307,-1.2335,176.1000,0.030,8012,-0.0998,-0.0055,0.4931,0,2,0.289
73.750,0,2,2,0.0000,-1.2333,-0.4779,-1.1964,172.5817,0.0000,0.0000,0.0000,-0.4061,-1.1960,176.4557,0.006,8017,-0.0998,-0.0057,0.4793,0,2,0.287
73.850,0,2,2,0.0000,-1.2333,-0.4633,-1.1980,172.7404,0.0000,0.0000,0.0000,-0.4053,-1.2292,176.2226,0.033,8021,-0.0998,-0.0058,0.4646,0,2,0.271
73.949,0,2,2,0.0000,-1.2333,-0.4493,-1.1995,172.7102,0.0000,0.0000,0.0000,-0.3852,-1.1923,176.5935,0.011,8026,-0.0998,-0.0059,0.4505,0,2,0.241
74.050,0,2,2,0.0000,-1.2333,-0.4366,-1.2012,172.6989,0.0000,0.0000,0.0000,-0.3872,-1.2299,176.2354,0.032,8030,-0.0945,-0.0007,0.4377,0,2,0.185
74.149,0,2,2,0.0000,-1.2333,-0.4351,-1.2020,172.4607,0.0000,0.0000,0.0000,-0.3425,-1.2455,174.1740,0.006,8035,-0.0913,0.0023,0.4362,0,2,0.176
74.249,0,2,2,0.0000,-1.2333,-0.4292,-1.2043,172.5886,0.0000,0.0000,0.0000,-0.3585,-1.2061,175.8272,0.017,8041,-0.0853,0.0078,0.4302,0,2,0.159
74.348,0,2,2,0.0000,-1.2333,-0.4318,-1.2056,172.4249,0.0000,0.0000,0.0000,-0.3499,-1.2699,175.3952,0.013,8047,-0.0927,0.0001,0.4327,0,2,0.180
74.451,0,2,2,0.0000,-1.2333,-0.4189,-1.2071,172.5453,0.0000,0.0000,0.0000,-1.1228,-1.1565,160.8889,0.006,8053,-0.0796,0.0130,0.4197,0,2,0.143
74.549,0,2,2,0.0000,-1.2333,-0.4145,-1.2105,172.4605,0.0000,0.0000,0.0000,-0.3290,-1.2140,175.8099,0.009,8058,-0.0728,0.0190,0.4151,0,2,0.124
74.650,0,2,2,0.0000,-1.2333,-0.4026,-1.2143,172.4443,0.0000,0.0000,0.0000,-0.3318,-1.2315,176.3805,0.020,8062,-0.0735,0.0175,0.4030,0,2,0.126
74.749,0,2,2,0.0000,-1.2333,-0.3930,-1.2180,172.5372,0.0000,0.0000,0.0000,-0.3149,-1.2172,175.9615,0.004,8067,-0.0872,0.0029,0.3933,0,2,0.165
74.850,0,2,2,0.0000,-1.2333,-0.3799,-1.2203,172.5916,0.0000,0.0000,0.0000,-0.3169,-1.2386,176.3287,0.029,8071,-0.0914,-0.0018,0.3801,0,2,0.177
74.950,0,2,2,0.0000,-1.2333,-0.3686,-1.2224,172.6108,0.0000,0.0000,0.0000,-0.2995,-1.2239,175.6832,0.011,8076,-0.0995,-0.0104,0.3688,0,2,0.328
75.049,0,2,2,0.0000,-1.2333,-0.3547,-1.2237,172.6742,0.0000,0.0000,0.0000,-0.2996,-1.2383,176.2668,0.031,8080,-0.0994,-0.0107,0.3548,0,2,0.307
75.149,0,2,2,0.0000,-1.2333,-0.3429,-1.2251,172.6015,0.0000,0.0000,0.0000,-0.2800,-1.2244,175.5413,0.009,8085,-0.0835,0.0274,0.3430,0,2,0.117
75.251,0,2,2,0.0000,-1.2333,-0.3305,-1.2286,172.6706,0.0000,0.0000,0.0000,-0.2772,-1.2375,176.1930,0.033,8089,-0.0834,0.0264,0.3306,0,2,0.117
75.349,0,2,2,0.0000,-1.2333,-0.3222,-1.2319,172.7184,0.0000,0.0000,0.0000,-0.2622,-1.2262,175.5856,0.007,8092,-0.0833,0.0254,0.3222,0,2,0.117
75.449,0,2,2,0.0000,-1.2333,-0.3110,-1.2355,172.7543,0.0000,0.0000,0.0000,-0.2608,-1.2412,176.2825,0.028,8095,-0.0831,0.0243,0.3110,0,2,0.117
75.556,0,2,2,0.0000,-1.2333,-0.3025,-1.2366,172.9199,0.0000,0.0000,0.0000,-0.2499,-1.3004,176.0274,0.003,8098,-0.0831,0.0239,0.3025,0,2,0.117
75.650,0,2,2,0.0000,-1.2333,-0.2915,-1.2401,172.8569,0.0000,0.0000,0.0000,-0.2417,-1.2393,175.5811,0.018,8103,-0.0831,-0.0535,0.2916,0,2,0.118
75.752,0,2,2,0.0000,-1.2333,-0.2812,-1.2369,172.4337,0.0000,0.0000,0.0000,-0.2306,-1.2432,175.0171,0.002,8107,-0.0882,-0.0405,0.2812,0,2,0.144
75.850,0,2,2,0.0000,-1.2333,-0.2686,-1.2308,172.8354,0.0000,0.0000,0.0000,-0.2143,-1.0691,-178.2976,0.026,8110,-0.0992,0.0171,0.2686,0,2,0.141
75.949,0,2,2,0.0000,-1.2333,-0.2579,-1.2318,172.9181,0.0000,0.0000,0.0000,-0.2128,-1.2378,175.0151,0.005,8113,-0.0992,0.0287,0.2579,0,2,0.117
76.050,0,2,2,0.0000,-1.2333,-0.2463,-1.2314,173.0486,0.0000,0.0000,0.0000,-0.1996,-1.0669,-177.9695,0.027,8116,-0.0992,0.0289,0.2463,0,2,0.117
76.152,0,2,2,0.0000,-1.2333,-0.2336,-1.2320,172.9601,0.0000,0.0000,0.0000,-0.1817,-1.0624,-177.9005,0.002,8120,-0.0992,0.0287,0.2336,0,2,0.117
76.250,0,2,2,0.0000,-1.2333,-0.2240,-1.2334,173.0447,0.0000,0.0000,0.0000,-0.1768,-1.0593,-177.9086,0.034,8122,-0.0991,-0.0549,0.2240,0,2,0.117
76.351,0,2,2,0.0000,-1.2333,-0.2124,-1.2304,173.0406,0.0000,0.0000,0.0000,-0.1717,-1.0594,-177.7637,0.002,8126,-0.0993,-0.0535,0.2124,0,2,0.117
76.450,0,2,2,0.0000,-1.2333,-0.2004,-1.2223,173.1477,0.0000,0.0000,0.0000,-0.1577,-1.0548,-177.6705,0.035,8128,-0.0997,-0.0409,0.2007,0,2,0.134
76.549,0,2,2,0.0000,-1.2333,-0.1886,-1.2191,173.1800,0.0000,0.0000,0.0000,-0.1541,-1.2458,174.9155,0.009,8131,-0.1157,0.0325,0.1891,0,2,0.117
76.650,0,2,2,0.0000,-1.2333,-0.1757,-1.2190,173.2725,0.0000,0.0000,0.0000,-0.1356,-1.0423,-177.8742,0.034,8134,-0.1157,0.0331,0.1763,0,2,0.117
76.748,0,2,2,0.0000,-1.2333,-0.1635,-1.2219,173.0864,0.0000,0.0000,0.0000,-0.1334,-1.2517,174.4842,0.012,8137,-0.1157,0.0319,0.1639,0,2,0.117
76.850,0,2,2,0.0000,-1.2333,-0.1510,-1.2207,173.2328,0.0000,0.0000,0.0000,-0.1250,-1.2556,174.2374,0.018,8140,-0.1073,-0.0231,0.1515,0,2,0.161
76.949,0,2,2,0.0000,-1.2333,-0.1389,-1.2173,172.8807,0.0000,0.0000,0.0000,-0.1183,-1.2579,174.4129,0.043,8142,-0.1159,-0.0403,0.1398,0,2,0.117
77.050,0,2,2,0.0000,-1.2333,-0.1254,-1.2109,173.1002,0.0000,0.0000,0.0000,-0.0913,-1.0262,-177.8782,0.026,8146,-0.1093,-0.0183,0.1274,0,2,0.151
77.150,0,2,2,0.0000,-1.2333,-0.1131,-1.2096,173.0554,0.0000,0.0000,0.0000,-0.0870,-1.2525,173.9349,0.017,8149,-0.1089,0.0234,0.1156,0,2,0.149
77.251,0,2,2,0.0000,-1.2333,-0.1024,-1.2112,173.1173,0.0000,0.0000,0.0000,-0.0656,-1.0150,-177.7590,0.012,8152,-0.1016,0.0247,0.1047,0,2,0.139
77.350,0,2,2,0.0000,-1.2333,-0.0904,-1.2105,173.2090,0.0000,0.0000,0.0000,-0.0668,-1.2614,173.7154,0.015,8155,-0.0871,0.0213,0.0933,0,2,0.151
77.449,0,2,2,0.0000,-1.2333,-0.0806,-1.2086,173.1641,0.0000,0.0000,0.0000,-0.0445,-1.0118,-177.4760,0.033,8158,-0.0761,0.0205,0.0843,0,2,0.160
77.550,0,2,2,0.0000,-1.2333,-0.0724,-1.2099,173.1396,0.0000,0.0000,0.0000,-0.0371,-1.0056,-177.5906,0.002,8162,-0.0672,0.0182,0.0761,0,2,0.166
77.652,0,2,2,0.0000,-1.2333,-0.0646,-1.2075,173.0087,0.0000,0.0000,0.0000,-0.0276,-1.0011,-177.5732,0.037,8164,0.0000,0.0000,0.0696,0,2,0.171
77.751,0,2,2,0.0000,-1.2333,-0.0622,-1.2059,173.0621,0.0000,0.0000,0.0000,-0.0363,-1.2741,172.8782,0.008,8167,0.0000,0.0000,0.0680,0,2,0.211
77.849,0,2,2,0.0000,-1.2333,-0.0599,-1.2022,173.2103,0.0000,0.0000,0.0000,-0.0213,-0.9990,-177.6449,0.023,8170,0.0000,0.0000,0.0675,0,2,0.198
77.948,0,2,2,0.0000,-1.2333,-0.0592,-1.2003,173.2629,0.0000,0.0000,0.0000,-0.0358,-1.2750,172.9515,0.005,8173,0.0000,0.0000,0.0678,0,2,0.189
78.050,0,2,2,0.0000,-1.2333,-0.0574,-1.1967,173.4015,0.0000,0.0000,0.0000,-0.0213,-0.9989,-177.6472,0.027,8176,0.0000,0.0000,0.0681,0,2,0.196
78.149,0,2,2,0.0000,-1.2333,-0.0566,-1.1950,173.4513,0.0000,0.0000,0.0000,-0.0213,-0.9989,-177.6471,0.065,8178,0.0000,0.0000,0.0684,0,2,0.203
78.249,0,2,2,0.0000,-1.2333,-0.0552,-1.1918,173.5794,0.0000,0.0000,0.0000,-0.0357,-1.2750,172.9524,0.022,8182,0.0000,0.0000,0.0691,0,2,0.200
78.351,0,2,2,0.0000,-1.2333,-0.0544,-1.1902,173.6236,0.0000,0.0000,0.0000,-0.0355,-1.2751,172.9611,0.002,8185,0.0000,0.0000,0.0694,0,2,0.199
78.449,0,2,2,0.0000,-1.2333,-0.0531,-1.1872,173.7432,0.0000,0.0000,0.0000,-0.0213,-0.9989,-177.6474,0.015,8188,0.0000,0.0000,0.0703,0,2,0.197
78.549,0,2,2,0.0000,-1.2333,-0.0523,-1.1870,173.7601,0.0000,0.0000,0.0000,-0.0358,-1.2750,172.9512,0.011,8191,0.0000,0.0000,0.0699,0,2,0.184
78.650,0,2,2,0.0000,-1.2333,-0.0513,-1.1831,173.8874,0.0000,0.0000,0.0000,-0.0212,-0.9989,-177.6468,0.025,8194,0.0000,0.0000,0.0718,0,2,0.209
78.748,0,2,2,0.0000,-1.2333,-0.0507,-1.1818,173.9230,0.0000,0.0000,0.0000,-0.0357,-1.2750,172.9530,0.011,8197,0.0000,0.0000,0.0723,1,3,0.209
78.851,0,2,2,0.0000,-1.2333,-0.0495,-1.1793,174.0297,0.0000,0.0000,0.0000,-0.0212,-0.9989,-177.6473,0.030,8200,0.0000,0.0000,0.0733,1,3,0.196
78.950,0,2,2,0.0000,-1.2333,-0.0489,-1.1794,174.0312,0.0000,0.0000,0.0000,-0.0357,-1.2750,172.9526,0.015,8203,0.0000,0.0000,0.0728,1,3,0.169
79.049,0,2,2,0.0000,-1.2333,-0.0481,-1.1758,174.1494,0.0000,0.0000,0.0000,-0.0212,-0.9989,-177.6462,0.031,8206,0.0000,0.0000,0.0749,1,3,0.183
79.149,0,2,2,0.0000,-1.2333,-0.0474,-1.1761,174.1539,0.0000,0.0000,0.0000,-0.0357,-1.2749,172.9528,0.011,8209,0.0000,0.0000,0.0743,1,3,0.216
79.250,0,2,2,0.0000,-1.2333,-0.0466,-1.1727,174.2596,0.0000,0.0000,0.0000,-0.0212,-0.9989,-177.6467,0.031,8212,0.0000,0.0000,0.0765,1,3,0.188
79.349,0,2,2,0.0000,-1.2333,-0.0460,-1.1731,174.2635,0.0000,0.0000,0.0000,-0.0356,-1.2750,172.9538,0.014,8215,0.0000,0.0000,0.0758,1,3,0.204
79.450,0,2,2,0.0000,-1.2333,-0.0453,-1.1698,174.3604,0.0000,0.0000,0.0000,-0.0211,-0.9989,-177.6446,0.035,8218,0.0000,0.0000,0.0780,1,3,0.173
79.548,0,2,2,0.0000,-1.2333,-0.0449,-1.1689,174.3806,0.0000,0.0000,0.0000,-0.0211,-0.9989,-177.6459,0.069,8220,0.0000,0.0000,0.0785,1,3,0.201
79.650,0,2,2,0.0000,-1.2333,-0.0440,-1.1672,174.4675,0.0000,0.0000,0.0000,-0.0356,-1.2750,172.9536,0.019,8224,0.0000,0.0000,0.0794,1,3,0.209
79.750,0,2,2,0.0000,-1.2333,-0.0436,-1.1664,174.4764,0.0000,0.0000,0.0000,-0.0210,-0.9989,-177.6423,0.002,8227,0.0000,0.0000,0.0799,1,3,0.193
79.848,0,2,2,0.0000,-1.2333,-0.0428,-1.1648,174.5584,0.0000,0.0000,0.0000,-0.0210,-0.9989,-177.6428,0.019,8230,0.0000,0.0000,0.0808,1,3,0.165
79.948,0,2,2,0.0000,-1.2333,-0.0425,-1.1641,174.5690,0.0000,0.0000,0.0000,-0.0351,-1.2751,172.9687,0.012,8233,0.0000,0.0000,0.0812,1,3,0.172
80.048,0,2,2,0.0000,-1.2333,-0.0421,-1.1648,174.5556,0.0000,0.0000,0.0000,-0.0210,-0.9989,-177.6430,0.003,8236,0.0000,0.0000,0.0804,1,3,0.203
80.150,0,2,2,0.0000,-1.2333,-0.0413,-1.1633,174.6275,0.0000,0.0000,0.0000,-0.0350,-1.2751,172.9713,0.012,8239,0.0000,0.0000,0.0813,1,3,0.181
80.250,0,2,2,0.0000,-1.2333,-0.0407,-1.1604,174.7156,0.0000,0.0000,0.0000,-0.0210,-0.9989,-177.6409,0.030,8242,0.0000,0.0000,0.0835,1,3,0.182
80.351,0,2,2,0.0000,-1.2333,-0.0403,-1.1597,174.7312,0.0000,0.0000,0.0000,-0.0329,-1.2679,173.1690,0.013,8245,0.0000,0.0000,0.0840,1,3,0.202
80.451,0,2,2,0.0000,-1.2333,-0.0397,-1.1583,174.7969,0.0000,0.0000,0.0000,-0.0210,-0.9988,-177.6423,0.029,8248,0.0000,0.0000,0.0849,1,3,0.179
80.548,0,2,2,0.0000,-1.2333,-0.0393,-1.1591,174.7879,0.0000,0.0000,0.0000,-0.0330,-1.2679,173.1687,0.012,8251,0.0000,0.0000,0.0840,1,3,0.194
80.651,0,2,2,0.0000,-1.2333,-0.0388,-1.1563,174.8716,0.0000,0.0000,0.0000,-0.0209,-0.9988,-177.6408,0.034,8254,0.0000,0.0000,0.0862,1,3,0.171
80.750,0,2,2,0.0000,-1.2333,-0.0384,-1.1557,174.8846,0.0000,0.0000,0.0000,-0.0209,-0.9988,-177.6415,0.002,8258,0.0000,0.0000,0.0866,1,3,0.181
80.850,0,2,2,0.0000,-1.2333,-0.0379,-1.1545,174.9397,0.0000,0.0000,0.0000,-0.0209,-0.9988,-177.6402,0.030,8260,0.0000,0.0000,0.0874,1,3,0.197
80.948,0,2,2,0.0000,-1.2333,-0.0376,-1.1540,174.9453,0.0000,0.0000,0.0000,-0.0333,-1.2680,173.1623,0.055,8262,0.0000,0.0000,0.0878,1,3,0.179
81.050,0,2,2,0.0000,-1.2333,-0.0371,-1.1529,175.0066,0.0000,0.0000,0.0000,-0.0332,-1.2681,173.1645,0.020,8266,0.0000,0.0000,0.0885,1,3,0.170
81.149,0,2,2,0.0000,-1.2333,-0.0368,-1.1524,175.0092,0.0000,0.0000,0.0000,-0.0333,-1.2681,173.1628,0.003,8269,0.0000,0.0000,0.0889,1,3,0.201
81.250,0,2,2,0.0000,-1.2333,-0.0363,-1.1514,175.0690,0.0000,0.0000,0.0000,-0.0209,-0.9988,-177.6418,0.015,8272,0.0000,0.0000,0.0896,1,3,0.173
81.349,0,2,2,0.0000,-1.2333,-0.0362,-1.1510,175.0672,0.0000,0.0000,0.0000,-0.0362,-1.2757,172.9485,0.007,8275,0.0000,0.0000,0.0899,1,3,0.212
81.449,0,2,2,0.0000,-1.2333,-0.0360,-1.1523,175.0439,0.0000,0.0000,0.0000,-0.0209,-0.9988,-177.6417,0.004,8278,0.0000,0.0000,0.0887,1,3,0.208
81.548,0,2,2,0.0000,-1.2333,-0.0356,-1.1515,175.0951,0.0000,0.0000,0.0000,-0.0362,-1.2757,172.9483,0.013,8281,0.0000,0.0000,0.0892,1,3,0.171
81.649,0,2,2,0.0000,-1.2333,-0.0352,-1.1492,175.1654,0.0000,0.0000,0.0000,-0.0208,-0.9988,-177.6412,0.034,8284,0.0000,0.0000,0.0912,1,3,0.168
81.751,0,2,2,0.0000,-1.2333,-0.0350,-1.1489,175.1701,0.0000,0.0000,0.0000,-0.0362,-1.2757,172.9490,0.010,8287,0.0000,0.0000,0.0914,1,3,0.164
81.850,0,2,2,0.0000,-1.2333,-0.0347,-1.1483,175.2116,0.0000,0.0000,0.0000,-0.0208,-0.9988,-177.6405,0.036,8290,0.0000,0.0000,0.0919,1,3,0.196
81.951,0,2,2,0.0000,-1.2333,-0.0346,-1.1480,175.2149,0.0000,0.0000,0.0000,-0.0208,-0.9988,-177.6409,0.002,8294,0.0000,0.0000,0.0921,1,3,0.174
82.050,0,2,2,0.0000,-1.2333,-0.0343,-1.1474,175.2549,0.0000,0.0000,0.0000,-0.0208,-0.9988,-177.6395,0.032,8296,0.0000,0.0000,0.0925,1,3,0.171
82.150,0,2,2,0.0000,-1.2333,-0.0341,-1.1488,175.2274,0.0000,0.0000,0.0000,-0.0362,-1.2757,172.9487,0.012,8299,0.0000,0.0000,0.0912,1,3,0.206
82.250,0,2,2,0.0000,-1.2333,-0.0338,-1.1466,175.2947,0.0000,0.0000,0.0000,-0.0207,-0.9988,-177.6387,0.034,8302,0.0000,0.0000,0.0931,1,3,0.218
82.351,0,2,2,0.0000,-1.2333,-0.0337,-1.1463,175.2904,0.0000,0.0000,0.0000,-0.0361,-1.2757,172.9498,0.005,8305,0.0000,0.0000,0.0933,1,3,0.168
82.450,0,2,2,0.0000,-1.2333,-0.0334,-1.1459,175.3365,0.0000,0.0000,0.0000,-0.0361,-1.2757,172.9496,0.019,8308,0.0000,0.0000,0.0936,1,3,0.191
82.548,0,2,2,0.0000,-1.2333,-0.0333,-1.1457,175.3269,0.0000,0.0000,0.0000,-0.0362,-1.2757,172.9484,0.003,8311,0.0000,0.0000,0.0938,1,3,0.206
82.650,0,2,2,0.0000,-1.2333,-0.0330,-1.1452,175.3654,0.0000,0.0000,0.0000,-0.0207,-0.9988,-177.6399,0.022,8314,0.0000,0.0000,0.0941,1,3,0.197
82.751,0,3,0,0.0000,-1.2333,-0.0329,-1.1450,175.3630,0.0000,0.0000,0.0000,-0.0361,-1.2757,172.9518,0.008,8317,0.0000,0.0000,0.0943,1,3,0.208
82.850,0,3,0,0.0000,-1.2333,-0.0319,-1.1458,175.3641,0.0000,0.0000,0.0000,-0.0207,-0.9987,-177.6405,0.027,8320,-0.0352,0.0655,0.0932,1,3,0.198
82.949,0,3,0,0.0000,-1.2333,-0.0291,-1.1518,174.7034,0.0000,0.0000,0.0000,0.0144,-1.1231,178.1543,0.003,8324,-0.0394,0.0691,0.0865,1,3,0.169
83.050,0,3,0,0.0000,-1.2333,-0.0250,-1.1629,174.3073,0.0000,0.0000,0.0000,0.0186,-1.1136,178.0035,0.032,8327,-0.0303,0.0562,0.0748,1,3,0.186
83.151,0,3,1,0.0000,-0.6167,-0.0230,-1.1764,173.5519,0.0000,0.0000,0.0000,0.0248,-1.1042,178.0375,0.003,8333,-0.0027,-0.0875,0.5602,1,3,0.166
83.250,0,3,1,0.0000,-0.6167,-0.0208,-1.1724,173.3654,0.0000,0.0000,0.0000,0.0259,-1.0997,177.8890,0.036,8336,0.0093,-0.0999,0.5561,1,3,0.199
83.349,0,3,1,0.0000,-0.6167,-0.0196,-1.1665,173.2600,0.0000,0.0000,0.0000,-0.0231,-1.2836,171.0527,0.008,8340,-0.0001,-0.0896,0.5502,1,3,0.172
83.450,0,3,1,0.0000,-0.6167,-0.0177,-1.1587,173.1043,0.0000,0.0000,0.0000,0.0268,-1.0930,177.7114,0.032,8343,0.0024,-0.0917,0.5423,1,3,0.178
83.549,0,3,1,0.0000,-0.6167,-0.0162,-1.1536,172.7361,0.0000,0.0000,0.0000,-0.0203,-1.2660,170.7398,0.014,8347,-0.0052,-0.0839,0.5372,1,3,0.156
83.650,0,3,1,0.0000,-0.6167,-0.0138,-1.1468,172.6378,0.0000,0.0000,0.0000,-0.0196,-1.2590,170.5449,0.017,8351,-0.0034,-0.0853,0.5303,1,3,0.160
83.749,0,3,1,0.0000,-0.6167,-0.0120,-1.1383,172.5872,0.0000,0.0000,0.0000,0.0362,-1.0541,177.2713,0.003,8354,0.0005,-0.0888,0.5217,1,3,0.170
83.850,0,3,1,0.0000,-0.6167,-0.0099,-1.1323,172.5087,0.0000,0.0000,0.0000,-0.0148,-1.2976,171.5771,0.030,8358,-0.0016,-0.0863,0.5157,1,3,0.163
83.949,0,3,1,0.0000,-0.6167,-0.0085,-1.1273,172.2430,0.0000,0.0000,0.0000,-0.0133,-1.2310,170.1565,0.013,8362,0.0117,-0.0993,0.5107,1,3,0.211
84.051,0,3,1,0.0000,-0.6167,-0.0079,-1.1172,172.3403,0.0000,0.0000,0.0000,0.0091,-0.8827,-178.5698,0.012,8365,0.0001,-0.0876,0.5005,1,3,0.167
84.149,0,3,1,0.0000,-0.6167,-0.0069,-1.1038,172.6776,0.0000,0.0000,0.0000,-0.0099,-1.2115,170.4097,0.008,8368,0.0120,-0.0993,0.4871,1,3,0.209
84.250,0,3,1,0.0000,-0.6167,-0.0062,-1.0915,172.6770,0.0000,0.0000,0.0000,0.0135,-0.8758,-178.5902,0.034,8371,0.0177,-0.0936,0.4748,1,3,0.184
84.350,0,3,1,0.0000,-0.6167,-0.0058,-1.0814,172.3943,0.0000,0.0000,0.0000,0.0142,-0.8620,-178.8757,0.003,8375,-0.0034,-0.0837,0.4648,1,3,0.156
84.450,0,3,1,0.0000,-0.6167,-0.0044,-1.0698,172.5867,0.0000,0.0000,0.0000,0.0130,-0.8608,-178.9674,0.037,8377,-0.0003,-0.0865,0.4531,1,3,0.164
84.549,0,3,1,0.0000,-0.6167,-0.0031,-1.0606,172.4737,0.0000,0.0000,0.0000,0.0128,-0.8548,-179.2193,0.003,8381,0.0127,-0.0992,0.4440,1,3,0.200
84.651,0,3,1,0.0000,-0.6167,-0.0027,-1.0464,172.4667,0.0000,0.0000,0.0000,-0.0109,-0.7655,-176.5957,0.036,8383,0.0043,-0.0907,0.4297,1,3,0.176
84.748,0,3,1,0.0000,-0.6167,-0.0022,-1.0364,172.4599,0.0000,0.0000,0.0000,-0.0003,-1.1567,169.7834,0.003,8386,0.0058,-0.0921,0.4197,1,3,0.180
84.850,0,3,1,0.0000,-0.6167,-0.0016,-1.0226,172.7166,0.0000,0.0000,0.0000,-0.0054,-0.7565,-177.1318,0.036,8389,0.0130,-0.0992,0.4060,1,3,0.200
84.948,0,3,1,0.0000,-0.6167,-0.0013,-1.0115,172.7887,0.0000,0.0000,0.0000,-0.0065,-0.7551,-177.2289,0.003,8392,0.0113,-0.1009,0.3948,1,3,0.195
85.050,0,3,1,0.0000,-0.6167,-0.0010,-0.9997,172.6547,0.0000,0.0000,0.0000,0.0035,-1.1329,169.9744,0.024,8395,0.0131,-0.0991,0.3830,1,3,0.200
85.149,0,3,1,0.0000,-0.6167,-0.0007,-0.9878,172.6587,0.0000,0.0000,0.0000,0.0052,-1.1234,169.6699,0.003,8398,0.0132,-0.0991,0.3711,1,3,0.203
85.249,0,3,1,0.0000,-0.6167,-0.0002,-0.9793,172.4855,0.0000,0.0000,0.0000,-0.0022,-0.7317,-177.6392,0.003,8401,0.0183,-0.0942,0.3626,1,3,0.186
85.350,0,3,1,0.0000,-0.6167,-0.0014,-0.9675,172.5339,0.0000,0.0000,0.0000,-0.0555,-1.1728,167.2025,0.015,8404,0.0020,-0.0882,0.3508,1,3,0.169
85.449,0,3,1,0.0000,-0.6167,-0.0013,-0.9538,172.6398,0.0000,0.0000,0.0000,-0.0041,-0.7251,-177.9950,0.031,8407,0.0045,-0.0907,0.3371,1,3,0.176
85.548,0,3,1,0.0000,-0.6167,-0.0010,-0.9442,172.6286,0.0000,0.0000,0.0000,0.0121,-1.0874,169.3169,0.003,8410,0.0131,-0.0991,0.3275,1,3,0.213
85.650,0,3,1,0.0000,-0.6167,-0.0017,-0.9322,172.5541,0.0000,0.0000,0.0000,0.0002,-0.7035,-178.1104,0.023,8413,0.0128,-0.0992,0.3155,1,3,0.206
85.749,0,3,1,0.0000,-0.6167,-0.0018,-0.9216,172.7076,0.0000,0.0000,0.0000,0.0165,-1.0643,169.2684,0.005,8416,0.0124,-0.0995,0.3050,1,3,0.199
85.849,0,3,1,0.0000,-0.6167,-0.0021,-0.9076,172.6136,0.0000,0.0000,0.0000,-0.0248,-0.6502,-176.9315,0.018,8419,0.0169,-0.0950,0.2909,1,3,0.188
85.951,0,3,1,0.0000,-0.6167,-0.0021,-0.8984,172.4912,0.0000,0.0000,0.0000,0.0197,-1.0496,168.9738,0.016,8422,0.0126,-0.0992,0.2818,1,3,0.205
86.050,0,3,1,0.0000,-0.6167,-0.0025,-0.8848,172.6854,0.0000,0.0000,0.0000,-0.0214,-0.6322,-177.2605,0.034,8425,0.0125,-0.0992,0.2681,1,3,0.205
86.150,0,3,1,0.0000,-0.6167,-0.0022,-0.8743,172.6044,0.0000,0.0000,0.0000,0.0231,-1.0242,169.2061,0.014,8428,0.0033,-0.0900,0.2577,1,3,0.174
86.249,0,3,1,0.0000,-0.6167,-0.0027,-0.8608,172.6738,0.0000,0.0000,0.0000,-0.0320,-0.5861,-176.5995,0.033,8431,0.0031,-0.0901,0.2441,1,3,0.174
86.349,0,3,1,0.0000,-0.6167,-0.0026,-0.8490,172.6350,0.0000,0.0000,0.0000,-0.0330,-0.5851,-176.6797,0.064,8433,0.0123,-0.0992,0.2324,1,3,0.200
86.450,0,3,1,0.0000,-0.6167,-0.0027,-0.8365,172.5540,0.0000,0.0000,0.0000,0.0298,-1.0073,168.5609,0.020,8437,0.0121,-0.0993,0.2199,1,3,0.205
86.550,0,3,1,0.0000,-0.6167,-0.0028,-0.8255,172.4980,0.0000,0.0000,0.0000,0.0311,-1.0024,168.4417,0.038,8439,0.0099,-0.1014,0.2089,1,3,0.194
86.651,0,3,1,0.0000,-0.6167,-0.0030,-0.8125,172.7080,0.0000,0.0000,0.0000,-0.0409,-0.5316,-176.2142,0.019,8443,0.0119,-0.0993,0.1958,1,3,0.203
86.749,0,3,1,0.0000,-0.6167,-0.0031,-0.8021,172.7480,0.0000,0.0000,0.0000,0.0364,-0.9764,168.4637,0.005,8446,0.0149,-0.0961,0.1855,1,3,0.191
86.850,0,3,1,0.0000,-0.6167,-0.0037,-0.7885,172.5760,0.0000,0.0000,0.0000,-0.0569,-0.4905,-175.3649,0.025,8449,0.0010,-0.0891,0.1719,1,3,0.171
86.951,0,3,1,0.0000,-0.6167,-0.0033,-0.7775,172.6628,0.0000,0.0000,0.0000,0.0416,-0.9671,167.8286,0.009,8452,-0.0000,-0.0880,0.1609,1,3,0.168
87.050,0,3,1,0.0000,-0.6167,-0.0035,-0.7661,172.5508,0.0000,0.0000,0.0000,0.0444,-0.9626,167.7189,0.045,8454,-0.0002,-0.0881,0.1495,1,3,0.168
87.151,0,3,1,0.0000,-0.6167,-0.0015,-0.7599,172.4133,0.0000,0.0000,0.0000,0.0500,-0.9512,167.4601,0.008,8456,0.0010,-0.0879,0.1432,1,3,0.168
87.251,0,3,1,0.0000,-0.6167,0.0011,-0.7560,172.2505,0.0000,0.0000,0.0000,0.0501,-0.9357,167.8166,0.042,8457,0.0046,-0.0894,0.1394,1,3,0.173
87.349,0,3,1,0.0000,-0.6167,0.0027,-0.7510,172.0468,0.0000,0.0000,0.0000,0.0519,-0.9553,166.7738,0.004,8459,0.0153,-0.0988,0.1344,1,3,0.207
87.449,0,3,1,0.0000,-0.6167,0.0047,-0.7474,171.9639,0.0000,0.0000,0.0000,0.0534,-0.9476,166.9162,0.034,8460,0.0035,-0.0851,0.1308,1,3,0.162
87.550,0,3,1,0.0000,-0.6167,0.0062,-0.7415,172.0674,0.0000,0.0000,0.0000,0.0558,-0.9341,167.1622,0.008,8462,0.0094,-0.0895,0.1250,1,3,0.175
87.650,0,3,1,0.0000,-0.6167,0.0087,-0.7434,171.8675,0.0000,0.0000,0.0000,0.0226,-0.9508,171.6166,0.016,8465,0.0113,-0.0891,0.1270,1,3,0.175
87.751,0,3,1,0.0000,-0.6167,0.0101,-0.7390,171.7455,0.0000,0.0000,0.0000,0.0258,-0.9486,171.6068,0.043,8467,0.0107,-0.0855,0.1227,1,3,0.170
87.852,0,3,1,0.0000,-0.6167,0.0179,-0.7426,171.3796,0.0000,0.0000,0.0000,0.3864,-0.9699,148.9630,0.021,8471,0.0162,-0.0853,0.1272,1,3,0.169
87.949,0,3,1,0.0000,-0.6167,0.0199,-0.7410,171.5412,0.0000,0.0000,0.0000,0.0310,-0.9430,172.0596,0.041,8475,0.0151,-0.0820,0.1259,1,3,0.161
88.050,0,3,1,0.0000,-0.6167,0.0220,-0.7386,171.6379,0.0000,0.0000,0.0000,0.1136,-0.6235,176.8830,0.009,8480,0.0179,-0.0817,0.1239,1,3,0.164
88.150,0,3,1,0.0000,-0.6167,0.0247,-0.7361,171.7620,0.0000,0.0000,0.0000,0.0495,-0.8978,167.6218,0.014,8485,0.0213,-0.0810,0.1219,1,3,0.168
88.249,0,3,1,0.0000,-0.6167,0.0256,-0.7343,171.8696,0.0000,0.0000,0.0000,-0.0939,-0.3080,-172.8824,0.007,8490,0.0220,-0.0796,0.1203,1,3,0.168
88.352,0,3,1,0.0000,-0.6167,0.0232,-0.7255,172.0286,0.0000,0.0000,0.0000,0.0500,-0.8721,168.0920,0.002,8493,0.0209,-0.0747,0.1113,1,3,0.171
88.451,0,3,1,0.0000,-0.6167,0.0249,-0.7234,171.9052,0.0000,0.0000,0.0000,0.0384,-0.9232,173.6792,0.019,8497,0.0349,-0.0783,0.1096,1,3,0.188
88.549,0,3,1,0.0000,-0.6167,0.0238,-0.7205,172.0232,0.0000,0.0000,0.0000,0.0495,-0.8555,168.1998,0.013,8500,0.0206,-0.0704,0.1065,1,3,0.169
88.650,0,3,1,0.0000,-0.6167,0.0235,-0.7182,172.0841,0.0000,0.0000,0.0000,0.0310,-0.9234,174.2646,0.008,8503,0.0222,-0.0706,0.1043,1,3,0.175
88.752,0,3,1,0.0000,-0.6167,0.0230,-0.7173,172.0570,0.0000,0.0000,0.0000,0.0583,-0.8093,169.1878,0.003,8506,0.0217,-0.0700,0.1032,1,3,0.175
88.848,0,3,1,0.0000,-0.6167,0.0230,-0.7174,172.0301,0.0000,0.0000,0.0000,0.0335,-0.9179,174.6753,0.013,8509,0.0238,-0.0722,0.1034,1,3,0.182
88.950,0,3,1,0.0000,-0.6167,0.0226,-0.7145,172.0652,0.0000,0.0000,0.0000,0.0574,-0.7894,169.4031,0.004,8512,0.0184,-0.0652,0.1004,1,3,0.165
89.050,0,3,1,0.0000,-0.6167,0.0220,-0.7132,172.0428,0.0000,0.0000,0.0000,0.0027,-0.8786,173.8022,0.015,8515,0.0199,-0.0664,0.0990,1,3,0.172
89.151,0,3,1,0.0000,-0.6167,0.0211,-0.7098,172.1241,0.0000,0.0000,0.0000,0.0044,-0.8760,174.0121,0.050,8517,0.0210,-0.0659,0.0955,1,3,0.179
89.249,0,3,1,0.0000,-0.6167,0.0202,-0.7078,172.1044,0.0000,0.0000,0.0000,0.0015,-0.8777,174.3794,0.004,8521,0.0186,-0.0629,0.0933,1,3,0.173
89.350,0,3,1,0.0000,-0.6167,0.0188,-0.7075,172.2507,0.0000,0.0000,0.0000,0.1223,-0.7894,167.2541,0.003,8524,0.0189,-0.0642,0.0928,1,3,0.178
89.448,0,3,1,0.0000,-0.6167,0.0202,-0.7046,171.9616,0.0000,0.0000,0.0000,0.0034,-0.8787,175.1088,0.005,8527,0.0175,-0.0596,0.0902,1,3,0.169
89.548,0,3,1,0.0000,-0.6167,0.0201,-0.7039,172.0718,0.0000,0.0000,0.0000,0.1184,-0.7875,167.0278,0.006,8530,0.0184,-0.0602,0.0895,1,3,0.173
89.650,0,3,1,0.0000,-0.6167,0.0214,-0.7041,171.9064,0.0000,0.0000,0.0000,0.0068,-0.8746,175.4435,0.016,8533,0.0192,-0.0599,0.0900,1,3,0.172
89.749,0,3,1,0.0000,-0.6167,0.0215,-0.7010,171.9706,0.0000,0.0000,0.0000,0.1245,-0.7663,167.1686,0.009,8536,0.0157,-0.0542,0.0871,1,3,0.158
89.849,0,3,1,0.0000,-0.6167,0.0229,-0.7016,171.9303,0.0000,0.0000,0.0000,0.0088,-0.8715,175.7079,0.016,8539,0.0203,-0.0579,0.0879,1,3,0.172
89.948,0,3,1,0.0000,-0.6167,0.0228,-0.6984,171.9838,0.0000,0.0000,0.0000,0.1234,-0.7642,167.1274,0.007,8542,0.0194,-0.0549,0.0849,1,3,0.169
90.050,0,3,1,0.0000,-0.6167,0.0238,-0.6993,171.8847,0.0000,0.0000,0.0000,0.0002,-0.8691,176.1134,0.019,8545,0.0175,-0.0528,0.0860,1,3,0.158
90.148,0,3,1,0.0000,-0.6167,0.0237,-0.6967,172.0130,0.0000,0.0000,0.0000,0.1253,-0.7476,167.2874,0.011,8548,0.0233,-0.0569,0.0835,1,3,0.183
90.250,0,3,1,0.0000,-0.6167,0.0243,-0.6962,171.9168,0.0000,0.0000,0.0000,0.0023,-0.8650,176.4567,0.014,8551,0.0212,-0.0539,0.0832,1,3,0.172
90.351,0,3,1,0.0000,-0.6167,0.0313,-0.6954,171.7246,0.0000,0.0000,0.0000,-0.0151,-0.6255,173.4291,0.003,8557,0.0258,-0.0516,0.0847,1,3,0.169
90.449,0,3,1,0.0000,-0.6167,0.0274,-0.6926,171.9809,0.0000,0.0000,0.0000,0.0009,-0.8650,177.0363,0.018,8560,0.0233,-0.0507,0.0808,1,3,0.171
90.551,0,3,1,0.0000,-0.6167,0.0250,-0.6894,172.0600,0.0000,0.0000,0.0000,-0.0160,-0.6257,173.4658,0.003,8563,0.0276,-0.0550,0.0769,1,3,0.201
90.649,0,3,2,0.6167,-0.6167,0.0224,-0.6852,172.0893,0.0000,0.0000,0.0000,-0.0312,-0.6175,173.3631,0.036,8565,-0.1082,-0.0133,0.5982,1,3,0.168
90.748,0,3,2,0.6167,-0.6167,0.0300,-0.6890,172.2179,0.0000,0.0000,0.0000,-0.0048,-0.8635,177.4564,0.034,8568,-0.1041,-0.0180,0.5911,1,3,0.179
90.848,0,3,2,0.6167,-0.6167,0.0376,-0.6910,172.4490,0.0000,0.0000,0.0000,-0.0034,-0.8623,177.5512,0.007,8572,-0.1086,-0.0139,0.5838,1,3,0.166
90.951,0,3,2,0.6167,-0.6167,0.0472,-0.6926,172.7531,0.0000,0.0000,0.0000,0.0309,-0.8924,178.7868,0.052,8574,-0.0965,-0.0263,0.5745,1,3,0.210
91.050,0,3,2,0.6167,-0.6167,0.0568,-0.6960,172.6061,0.0000,0.0000,0.0000,0.0334,-0.8905,178.9195,0.018,8579,-0.1097,-0.0137,0.5655,1,3,0.162
91.151,0,3,2,0.6167,-0.6167,0.0667,-0.6977,172.7062,0.0000,0.0000,0.0000,-0.0158,-0.6304,173.0602,0.003,8584,-0.1074,-0.0164,0.5559,1,3,0.168
91.250,0,3,2,0.6167,-0.6167,0.0782,-0.7004,172.6196,0.0000,0.0000,0.0000,0.0510,-0.8795,178.6522,0.018,8588,-0.1051,-0.0192,0.5449,1,3,0.174
91.350,0,3,2,0.6167,-0.6167,0.0877,-0.7010,172.6547,0.0000,0.0000,0.0000,0.0133,-0.6115,173.7271,0.003,8593,-0.1046,-0.0200,0.5356,1,3,0.175
91.452,0,3,2,0.6167,-0.6167,0.0979,-0.7028,172.5433,0.0000,0.0000,0.0000,0.0681,-0.8554,177.9526,0.019,8598,-0.1058,-0.0192,0.5259,1,3,0.171
91.549,0,3,2,0.6167,-0.6167,0.1078,-0.7037,172.5381,0.0000,0.0000,0.0000,0.1928,-0.7001,168.7191,0.005,8604,-0.1029,-0.0225,0.5163,1,3,0.179
91.652,0,3,2,0.6167,-0.6167,0.1194,-0.7039,172.5538,0.0000,0.0000,0.0000,0.0823,-0.8330,177.4211,0.019,8610,-0.1041,-0.0215,0.5049,1,3,0.175
91.749,0,3,2,0.6167,-0.6167,0.1300,-0.7036,172.5385,0.0000,0.0000,0.0000,0.0654,-0.6138,173.5825,0.003,8616,-0.0945,-0.0299,0.4944,1,3,0.198
91.853,0,3,2,0.6167,-0.6167,0.1408,-0.7028,172.5332,0.0000,0.0000,0.0000,0.1864,-0.6969,170.9424,0.024,8621,-0.1061,-0.0199,0.4836,1,3,0.169
91.949,0,3,2,0.6167,-0.6167,0.1508,-0.7042,172.6199,0.0000,0.0000,0.0000,0.2086,-0.6939,170.6369,0.004,8627,-0.1013,-0.0251,0.4740,1,3,0.182
92.051,0,3,2,0.6167,-0.6167,0.1612,-0.7025,172.5228,0.0000,0.0000,0.0000,0.1257,-0.8266,177.6968,0.007,8634,-0.1055,-0.0209,0.4635,1,3,0.170
92.149,0,3,2,0.6167,-0.6167,0.1722,-0.7029,172.5585,0.0000,0.0000,0.0000,0.1775,-0.7053,170.6115,0.005,8640,-0.1071,-0.0196,0.4527,1,3,0.165
92.254,0,3,2,0.6167,-0.6167,0.1815,-0.7027,172.6275,0.0000,0.0000,0.0000,0.1570,-0.8296,177.9510,0.017,8646,-0.0946,-0.0323,0.4436,1,3,0.201
92.349,0,3,2,0.6167,-0.6167,0.1924,-0.7018,172.5317,0.0000,0.0000,0.0000,0.1995,-0.7053,170.6290,0.006,8652,-0.1048,-0.0224,0.4327,1,3,0.171
92.453,0,3,2,0.6167,-0.6167,0.2020,-0.7018,172.3978,0.0000,0.0000,0.0000,0.1790,-0.8278,177.9124,0.022,8658,-0.1082,-0.0192,0.4233,1,3,0.161
92.551,0,3,2,0.6167,-0.6167,0.2129,-0.7010,172.4341,0.0000,0.0000,0.0000,0.1483,-0.6043,173.5817,0.003,8665,-0.1038,-0.0238,0.4125,1,3,0.173
92.650,0,3,2,0.6167,-0.6167,0.2218,-0.6990,172.4600,0.0000,0.0000,0.0000,0.2035,-0.8225,177.9699,0.017,8670,-0.1053,-0.0223,0.4033,1,3,0.169
92.749,0,3,2,0.6167,-0.6167,0.2314,-0.6957,172.3675,0.0000,0.0000,0.0000,0.2412,-0.7014,170.5610,0.003,8676,-0.1054,-0.0220,0.3933,1,3,0.169
92.851,0,3,2,0.6167,-0.6167,0.2419,-0.6943,172.5741,0.0000,0.0000,0.0000,0.2244,-0.8124,177.8092,0.020,8682,-0.1074,-0.0201,0.3827,1,3,0.163
92.949,0,3,2,0.6167,-0.6167,0.2512,-0.6918,172.5758,0.0000,0.0000,0.0000,0.2610,-0.6985,170.6709,0.005,8688,-0.1096,-0.0179,0.3731,1,3,0.157
93.050,0,3,2,0.6167,-0.6167,0.2619,-0.6910,172.5861,0.0000,0.0000,0.0000,0.2407,-0.8069,177.9922,0.015,8694,-0.1088,-0.0189,0.3625,1,3,0.159
93.150,0,3,2,0.6167,-0.6167,0.2713,-0.6888,172.6124,0.0000,0.0000,0.0000,0.2295,-0.5983,173.9139,0.007,8700,-0.1038,-0.0238,0.3528,1,3,0.173
93.250,0,3,2,0.6167,-0.6167,0.2820,-0.6864,172.5607,0.0000,0.0000,0.0000,0.2590,-0.7945,177.4707,0.006,8706,-0.0943,-0.0333,0.3418,1,3,0.202
93.349,0,3,2,0.6167,-0.6167,0.2912,-0.6853,172.5419,0.0000,0.0000,0.0000,0.2656,-0.7907,177.4596,0.025,8710,-0.0907,-0.0300,0.3326,1,3,0.190
93.450,0,3,2,0.6167,-0.6167,0.2992,-0.6820,172.4951,0.0000,0.0000,0.0000,0.2801,-0.7886,177.4619,0.010,8718,-0.0944,-0.0331,0.3241,1,3,0.204
93.548,0,3,2,0.6167,-0.6167,0.3080,-0.6801,172.6317,0.0000,0.0000,0.0000,0.3221,-0.6895,170.6778,0.004,8724,-0.0926,-0.0313,0.3151,1,3,0.195
93.648,0,3,2,0.6167,-0.6167,0.3179,-0.6789,172.4765,0.0000,0.0000,0.0000,0.2606,-0.6117,173.3616,0.006,8730,-0.0943,-0.0333,0.3052,1,3,0.206
93.749,0,3,2,0.6167,-0.6167,0.3256,-0.6760,172.4663,0.0000,0.0000,0.0000,0.3402,-0.6863,170.6228,0.005,8736,-0.0944,-0.0329,0.2970,1,3,0.204
93.851,0,3,2,0.6167,-0.6167,0.3347,-0.6742,172.4300,0.0000,0.0000,0.0000,0.3191,-0.7742,177.2638,0.018,8742,-0.0944,-0.0329,0.2878,1,3,0.215
93.950,0,3,2,0.6167,-0.6167,0.3440,-0.6717,172.4037,0.0000,0.0000,0.0000,0.3609,-0.6821,170.6537,0.011,8748,-0.0945,-0.0327,0.2782,1,3,0.208
94.051,0,3,2,0.6167,-0.6167,0.3535,-0.6696,172.6386,0.0000,0.0000,0.0000,0.3287,-0.7514,176.7445,0.022,8754,-0.0913,-0.0295,0.2684,1,3,0.191
94.151,0,3,2,0.6167,-0.6167,0.3619,-0.6675,172.4757,0.0000,0.0000,0.0000,0.3801,-0.6793,170.6438,0.008,8760,-0.1052,-0.0219,0.2598,1,3,0.170
94.250,0,3,2,0.6167,-0.6167,0.3721,-0.6661,172.6185,0.0000,0.0000,0.0000,0.3502,-0.7497,176.9464,0.017,8766,-0.1002,-0.0271,0.2495,1,3,0.184
94.351,0,3,2,0.6167,-0.6167,0.3809,-0.6644,172.6415,0.0000,0.0000,0.0000,0.3998,-0.6812,170.6368,0.009,8772,-0.1037,-0.0236,0.2406,1,3,0.174
94.449,0,3,2,0.6167,-0.6167,0.3913,-0.6633,172.4424,0.0000,0.0000,0.0000,0.3744,-0.7441,176.9677,0.019,8778,-0.1025,-0.0250,0.2301,1,3,0.177
94.552,0,3,2,0.6167,-0.6167,0.4016,-0.6615,172.5141,0.0000,0.0000,0.0000,0.3545,-0.5909,173.1670,0.002,8783,-0.0975,-0.0302,0.2197,1,3,0.191
94.653,0,3,2,0.6167,-0.6167,0.4112,-0.6604,172.5314,0.0000,0.0000,0.0000,0.4159,-0.6566,174.1812,0.021,8789,-0.1047,-0.0231,0.2101,1,3,0.170
94.751,0,3,2,0.6167,-0.6167,0.4215,-0.6601,172.6178,0.0000,0.0000,0.0000,0.4286,-0.6596,174.3450,0.024,8795,-0.1044,-0.0240,0.2000,1,3,0.170
94.851,0,3,2,0.6167,-0.6167,0.4312,-0.6584,172.5421,0.0000,0.0000,0.0000,0.3714,-0.5914,173.1884,0.018,8801,-0.1005,-0.0281,0.1901,1,3,0.181
94.952,0,3,2,0.6167,-0.6167,0.4402,-0.6573,172.6337,0.0000,0.0000,0.0000,0.4621,-0.6736,170.6189,0.012,8808,-0.1010,-0.0278,0.1810,1,3,0.179
95.049,0,3,2,0.6167,-0.6167,0.4504,-0.6563,172.6465,0.0000,0.0000,0.0000,0.5998,-0.5005,176.1890,0.009,8814,-0.1053,-0.0240,0.1709,1,3,0.166
95.148,0,3,2,0.6167,-0.6167,0.4639,-0.6529,172.6264,0.0000,0.0000,0.0000,0.4818,-0.6684,170.7044,0.005,8820,-0.1001,-0.0292,0.1570,1,3,0.181
95.250,0,3,2,0.6167,-0.6167,0.4770,-0.6503,172.6023,0.0000,0.0000,0.0000,0.4519,-0.7121,176.3488,0.017,8826,-0.1024,-0.0270,0.1436,1,3,0.174
95.349,0,3,2,0.6167,-0.6167,0.4873,-0.6486,172.7443,0.0000,0.0000,0.0000,0.5026,-0.6632,170.7383,0.006,8832,-0.1015,-0.0282,0.1332,1,3,0.176
95.450,0,3,2,0.6167,-0.6167,0.4999,-0.6461,172.7176,0.0000,0.0000,0.0000,0.4710,-0.7033,176.3938,0.021,8838,-0.1000,-0.0253,0.1204,1,3,0.169
95.550,0,3,2,0.6167,-0.6167,0.5105,-0.6444,172.7449,0.0000,0.0000,0.0000,0.5228,-0.6567,170.7818,0.004,8844,-0.0890,-0.0256,0.1097,1,3,0.175
95.651,0,3,2,0.6167,-0.6167,0.5224,-0.6418,172.6377,0.0000,0.0000,0.0000,0.4865,-0.6875,175.9090,0.015,8850,-0.0817,-0.0203,0.0975,1,3,0.165
95.749,0,3,2,0.6167,-0.6167,0.5320,-0.6399,172.5621,0.0000,0.0000,0.0000,0.5415,-0.6528,170.7536,0.006,8856,-0.0738,-0.0183,0.0878,1,3,0.163
95.850,0,3,2,0.6167,-0.6167,0.5417,-0.6377,172.4504,0.0000,0.0000,0.0000,0.5030,-0.6837,175.7120,0.022,8862,-0.0629,-0.0190,0.0778,1,3,0.174
95.952,0,3,3,0.6167,0.0000,0.5503,-0.6353,172.4542,0.0000,0.0000,0.0000,0.6332,-0.6081,170.6630,0.015,8867,-0.0069,-0.0901,0.6387,1,3,0.172
96.049,0,3,3,0.6167,0.0000,0.5558,-0.6286,172.4070,0.0000,0.0000,0.0000,0.5058,-0.6706,175.3187,0.003,8874,0.0037,-0.0999,0.6315,1,3,0.216
96.150,0,3,3,0.6167,0.0000,0.5587,-0.6186,172.5528,0.0000,0.0000,0.0000,0.6401,-0.6044,170.9537,0.016,8879,-0.0076,-0.0882,0.6213,1,3,0.167
96.253,0,3,3,0.6167,0.0000,0.5624,-0.6099,172.4395,0.0000,0.0000,0.0000,0.5188,-0.6618,175.8611,0.011,8886,-0.0054,-0.0900,0.6123,1,3,0.172
96.350,0,3,3,0.6167,0.0000,0.5646,-0.6028,172.4073,0.0000,0.0000,0.0000,0.4559,-0.8062,166.1718,0.008,8892,-0.0047,-0.0903,0.6050,1,3,0.173
96.450,0,3,3,0.6167,0.0000,0.5657,-0.5960,172.2811,0.0000,0.0000,0.0000,0.5183,-0.6525,176.2718,0.016,8898,-0.0029,-0.0921,0.5982,1,3,0.178
96.551,0,3,3,0.6167,0.0000,0.5680,-0.5889,172.0884,0.0000,0.0000,0.0000,0.4508,-0.8039,165.7426,0.007,8904,-0.0047,-0.0900,0.5909,1,3,0.172
96.651,0,3,3,0.6167,0.0000,0.5686,-0.5819,172.0649,0.0000,0.0000,0.0000,0.5230,-0.6455,176.4980,0.018,8910,0.0052,-0.0999,0.5838,1,3,0.211
96.752,0,3,3,0.6167,0.0000,0.5701,-0.5739,172.1482,0.0000,0.0000,0.0000,0.4472,-0.8017,165.4500,0.010,8916,-0.0014,-0.0931,0.5758,1,3,0.181
96.848,0,3,3,0.6167,0.0000,0.5703,-0.5671,172.0905,0.0000,0.0000,0.0000,0.5200,-0.6323,176.8755,0.020,8922,-0.0040,-0.0907,0.5690,1,3,0.174
96.950,0,3,3,0.6167,0.0000,0.5710,-0.5607,172.1128,0.0000,0.0000,0.0000,0.6446,-0.4199,175.5163,0.002,8929,0.0053,-0.0999,0.5626,1,3,0.202
97.051,0,3,3,0.6167,0.0000,0.5718,-0.5514,172.0321,0.0000,0.0000,0.0000,0.5207,-0.6232,177.2667,0.022,8934,0.0053,-0.0999,0.5532,1,3,0.210
97.150,0,3,3,0.6167,0.0000,0.5734,-0.5431,172.0972,0.0000,0.0000,0.0000,0.7944,-0.4124,177.8827,0.003,8941,0.0055,-0.0999,0.5448,1,3,0.208
97.250,0,3,3,0.6167,0.0000,0.5765,-0.5337,172.1083,0.0000,0.0000,0.0000,0.4423,-0.7522,165.7183,0.012,8946,0.0059,-0.0998,0.5352,1,3,0.207
97.349,0,3,3,0.6167,0.0000,0.5781,-0.5261,172.0920,0.0000,0.0000,0.0000,0.7944,-0.4132,177.7100,0.003,8952,0.0089,-0.1026,0.5275,1,3,0.192
97.452,0,3,3,0.6167,0.0000,0.5809,-0.5171,172.1525,0.0000,0.0000,0.0000,0.6551,-0.4713,171.4919,0.026,8957,0.0065,-0.0998,0.5183,1,3,0.208
97.549,0,3,3,0.6167,0.0000,0.5824,-0.5095,172.1320,0.0000,0.0000,0.0000,0.4359,-0.7484,165.1613,0.006,8964,0.0067,-0.0998,0.5106,1,3,0.214
97.651,0,3,3,0.6167,0.0000,0.5836,-0.5031,172.1003,0.0000,0.0000,0.0000,0.5150,-0.6012,179.0290,0.018,8970,0.0068,-0.0998,0.5042,1,3,0.203
97.750,0,3,3,0.6167,0.0000,0.5856,-0.4947,172.2414,0.0000,0.0000,0.0000,0.3728,-0.9988,158.5106,0.007,8976,0.0071,-0.0997,0.4957,1,3,0.207
97.851,0,3,3,0.6167,0.0000,0.5864,-0.4875,172.3804,0.0000,0.0000,0.0000,0.5271,-0.6272,-178.7989,0.023,8981,0.0072,-0.0997,0.4884,1,3,0.208
97.950,0,3,3,0.6167,0.0000,0.5880,-0.4769,172.3825,0.0000,0.0000,0.0000,0.6387,-0.3123,176.0704,0.006,8986,0.0074,-0.0997,0.4778,1,3,0.207
98.051,0,3,3,0.6167,0.0000,0.5887,-0.4664,172.5349,0.0000,0.0000,0.0000,0.5332,-0.6372,-177.6285,0.021,8990,0.0074,-0.0997,0.4672,1,3,0.218
98.149,0,3,3,0.6167,0.0000,0.5902,-0.4554,172.5898,0.0000,0.0000,0.0000,0.6309,-0.3000,175.8259,0.004,8995,0.0076,-0.0997,0.4562,1,3,0.208
98.251,0,3,3,0.6167,0.0000,0.5907,-0.4444,172.6468,0.0000,0.0000,0.0000,0.5303,-0.6351,-176.9080,0.022,8999,0.0076,-0.0997,0.4452,1,3,0.209
98.349,0,3,3,0.6167,0.0000,0.5925,-0.4349,172.4843,0.0000,0.0000,0.0000,0.5417,-0.3582,173.3715,0.004,9004,-0.0031,-0.0887,0.4356,1,3,0.169
98.451,0,3,3,0.6167,0.0000,0.5921,-0.4271,172.7442,0.0000,0.0000,0.0000,0.5531,-0.6669,-174.8589,0.023,9008,-0.0019,-0.0902,0.4278,1,3,0.173
98.550,0,3,3,0.6167,0.0000,0.5937,-0.4164,172.7731,0.0000,0.0000,0.0000,0.5412,-0.3579,173.2383,0.008,9012,0.0079,-0.0997,0.4170,1,3,0.202
98.651,0,3,3,0.6167,0.0000,0.5916,-0.4081,172.5300,0.0000,0.0000,0.0000,0.4652,-0.5927,166.6076,0.028,9016,0.0073,-0.0997,0.4089,1,3,0.210
98.749,0,3,3,0.6167,0.0000,0.5908,-0.4038,172.4786,0.0000,0.0000,0.0000,0.6533,-0.3319,172.1558,0.014,9022,-0.0043,-0.0884,0.4046,1,3,0.168
98.849,0,3,3,0.6167,0.0000,0.5888,-0.4000,172.5021,0.0000,0.0000,0.0000,0.5555,-0.6733,-173.2395,0.003,9029,0.0065,-0.0998,0.4010,1,3,0.205
98.950,0,3,3,0.6167,0.0000,0.5886,-0.3962,172.5038,0.0000,0.0000,0.0000,0.4591,-0.5857,165.6613,0.010,9035,-0.0025,-0.0910,0.3972,1,3,0.175
99.049,0,3,3,0.6167,0.0000,0.5870,-0.3921,172.5069,0.0000,0.0000,0.0000,0.5367,-0.3545,171.8494,0.034,9040,-0.0071,-0.0945,0.3932,1,3,0.172
99.148,0,3,3,0.6167,0.0000,0.5869,-0.3884,172.3866,0.0000,0.0000,0.0000,0.5362,-0.3538,171.5722,0.004,9047,-0.0066,-0.0875,0.3896,1,3,0.165
99.250,0,3,3,0.6167,0.0000,0.5866,-0.3866,172.7130,0.0000,0.0000,0.0000,0.5854,-0.7308,-169.2783,0.017,9052,-0.0057,-0.0885,0.3878,1,3,0.168
99.351,0,3,3,0.6167,0.0000,0.5863,-0.3785,172.4392,0.0000,0.0000,0.0000,0.5362,-0.3532,171.3250,0.006,9058,-0.0088,-0.0939,0.3797,1,3,0.169
99.453,0,3,3,0.6167,0.0000,0.5869,-0.3757,172.5903,0.0000,0.0000,0.0000,0.6244,-0.7856,-165.8162,0.024,9062,-0.0030,-0.0914,0.3769,1,3,0.176
99.549,0,3,3,0.6167,0.0000,0.5870,-0.3679,172.2622,0.0000,0.0000,0.0000,0.5346,-0.3515,170.6162,0.006,9068,-0.0074,-0.0871,0.3691,1,3,0.164
99.650,0,3,3,0.6167,0.0000,0.5873,-0.3641,172.3734,0.0000,0.0000,0.0000,0.6435,-0.8145,-163.7512,0.015,9072,-0.0063,-0.0882,0.3653,1,3,0.167
99.750,0,3,3,0.6167,0.0000,0.5871,-0.3570,172.1471,0.0000,0.0000,0.0000,0.4456,-0.5717,163.9985,0.015,9076,-0.0016,-0.0931,0.3582,1,3,0.181
99.852,0,3,3,0.6167,0.0000,0.5893,-0.3467,172.0949,0.0000,0.0000,0.0000,0.7541,-0.1600,177.0384,0.040,9079,-0.0012,-0.0931,0.3477,1,3,0.181
99.950,0,3,3,0.6167,0.0000,0.5917,-0.3364,172.2492,0.0000,0.0000,0.0000,0.7534,-0.1590,177.1220,0.007,9084,-0.0049,-0.0889,0.3373,1,3,0.169
100.050,0,3,3,0.6167,0.0000,0.5943,-0.3263,172.1848,0.0000,0.0000,0.0000,0.4433,-0.5690,163.7577,0.024,9088,-0.0119,-0.0998,0.3271,1,3,0.163
100.150,0,3,3,0.6167,0.0000,0.5970,-0.3167,171.9905,0.0000,0.0000,0.0000,0.7539,-0.1595,176.8873,0.007,9092,-0.0118,-0.0997,0.3173,1,3,0.162
100.250,0,3,3,0.6167,0.0000,0.6003,-0.3069,171.9915,0.0000,0.0000,0.0000,0.7545,-0.1602,176.6509,0.026,9097,-0.0084,-0.0997,0.3073,1,3,0.167
100.351,0,3,3,0.6167,0.0000,0.6017,-0.2990,172.0124,0.0000,0.0000,0.0000,0.4377,-0.5640,163.0870,0.018,9102,-0.0086,-0.0996,0.2994,1,3,0.166
100.449,0,3,3,0.6167,0.0000,0.6072,-0.2851,172.0401,0.0000,0.0000,0.0000,0.7537,-0.1593,176.6733,0.016,9105,-0.0044,-0.0995,0.2853,1,3,0.171
100.551,0,3,3,0.6167,0.0000,0.6106,-0.2714,172.1409,0.0000,0.0000,0.0000,0.7384,-0.1036,177.0457,0.009,9109,-0.0030,-0.0852,0.2714,1,3,0.160
100.648,0,3,3,0.6167,0.0000,0.6146,-0.2578,172.0881,0.0000,0.0000,0.0000,0.7390,-0.1041,176.9271,0.043,9111,-0.0005,-0.0861,0.2578,1,3,0.163
100.749,0,3,3,0.6167,0.0000,0.6171,-0.2459,172.3877,0.0000,0.0000,0.0000,0.7386,-0.1030,176.9209,0.002,9115,0.0136,-0.0991,0.2459,1,3,0.203
100.850,0,3,3,0.6167,0.0000,0.6204,-0.2314,172.3247,0.0000,0.0000,0.0000,0.7382,-0.1025,176.9611,0.042,9117,0.0093,-0.0932,0.2314,1,3,0.184
100.950,0,3,3,0.6167,0.0000,0.6223,-0.2192,172.2602,0.0000,0.0000,0.0000,0.7397,-0.1032,176.6118,0.012,9121,0.0044,-0.1035,0.2192,1,3,0.175
101.051,0,3,3,0.6167,0.0000,0.6256,-0.2053,172.4177,0.0000,0.0000,0.0000,0.7403,-0.1035,176.4283,0.040,9123,0.0039,-0.0846,0.2055,1,3,0.161
101.150,0,3,3,0.6167,0.0000,0.6262,-0.1914,172.4634,0.0000,0.0000,0.0000,0.6403,0.0131,176.5116,0.004,9127,0.0077,-0.0877,0.1917,1,3,0.170
101.251,0,3,3,0.6167,0.0000,0.6266,-0.1765,172.4562,0.0000,0.0000,0.0000,0.6390,0.0162,176.3476,0.038,9129,0.0076,-0.0869,0.1768,1,3,0.168
101.348,0,3,3,0.6167,0.0000,0.6267,-0.1638,172.3733,0.0000,0.0000,0.0000,0.6153,-0.0869,174.8758,0.005,9132,0.0098,-0.0886,0.1641,1,3,0.173
101.451,0,3,3,0.6167,0.0000,0.6263,-0.1480,172.6474,0.0000,0.0000,0.0000,0.6153,-0.0865,174.8853,0.035,9135,0.0190,-0.0987,0.1484,1,3,0.198
101.551,0,3,3,0.6167,0.0000,0.6254,-0.1343,172.6795,0.0000,0.0000,0.0000,0.6128,-0.0728,175.1880,0.022,9138,0.0198,-0.0980,0.1346,1,3,0.212
101.650,0,3,3,0.6167,0.0000,0.6249,-0.1199,172.6396,0.0000,0.0000,0.0000,0.6347,0.0554,176.4898,0.015,9141,0.0095,-0.0843,0.1202,1,3,0.171
101.751,0,3,3,0.6167,0.0000,0.6244,-0.1085,172.5553,0.0000,0.0000,0.0000,0.6008,-0.0509,175.2967,0.036,9144,0.0070,-0.0744,0.1088,1,3,0.165
101.850,0,3,3,0.6167,0.0000,0.6232,-0.0984,172.5751,0.0000,0.0000,0.0000,0.6401,0.0939,176.6800,0.022,9148,0.0154,-0.0776,0.0986,1,3,0.199
101.951,0,3,3,0.6167,0.0000,0.6202,-0.0891,172.4598,0.0000,0.0000,0.0000,0.6365,0.0976,176.3403,0.007,9154,0.0050,-0.0630,0.0892,1,3,0.171
102.052,0,3,3,0.6167,0.0000,0.6192,-0.0786,172.5400,0.0000,0.0000,0.0000,0.6341,0.0991,176.3022,0.038,9157,0.0104,-0.0621,0.0787,1,3,0.250
102.151,0,3,4,0.6167,0.6167,0.6166,-0.0717,172.3493,0.0000,0.0000,0.0000,0.5293,-0.1764,168.6279,0.016,9162,0.0042,-0.0899,0.6884,1,3,0.174
102.250,0,3,4,0.6167,0.6167,0.6161,-0.0602,172.4901,0.0000,0.0000,0.0000,0.6298,0.1052,176.0136,0.039,9166,0.0009,-0.0867,0.6768,1,3,0.165
102.351,0,3,4,0.6167,0.6167,0.6146,-0.0513,172.3227,0.0000,0.0000,0.0000,0.6354,0.1320,176.4107,0.006,9172,-0.0007,-0.0854,0.6679,1,3,0.161
102.449,0,3,4,0.6167,0.6167,0.6148,-0.0388,172.5506,0.0000,0.0000,0.0000,0.6344,0.1343,176.2382,0.037,9175,0.0064,-0.1059,0.6554,1,3,0.181
102.549,0,3,4,0.6167,0.6167,0.6132,-0.0298,172.3288,0.0000,0.0000,0.0000,0.6313,0.1387,176.2790,0.005,9181,0.0082,-0.1038,0.6465,1,3,0.187
102.649,0,3,4,0.6167,0.6167,0.6139,-0.0179,172.2254,0.0000,0.0000,0.0000,0.7164,0.1116,176.9790,0.034,9184,0.0129,-0.0992,0.6345,1,3,0.208
102.751,0,3,4,0.6167,0.6167,0.6138,-0.0081,172.3366,0.0000,0.0000,0.0000,0.7178,0.1107,176.7935,0.009,9189,0.0129,-0.0992,0.6248,1,3,0.206
102.849,0,3,4,0.6167,0.6167,0.6141,0.0000,172.3551,0.0000,0.0000,0.0000,0.5216,-0.1708,167.2567,0.018,9193,0.0009,-0.0871,0.6166,1,3,0.166
102.951,0,3,4,0.6167,0.6167,0.6148,0.0091,172.2548,0.0000,0.0000,0.0000,0.5808,0.0417,175.7819,0.007,9197,0.0010,-0.0871,0.6076,1,3,0.166
103.049,0,3,4,0.6167,0.6167,0.6149,0.0169,172.3306,0.0000,0.0000,0.0000,0.7009,0.1263,176.3595,0.025,9202,0.0131,-0.0991,0.5998,1,3,0.206
103.151,0,3,4,0.6167,0.6167,0.6133,0.0243,172.2209,0.0000,0.0000,0.0000,0.5207,-0.1690,166.6038,0.011,9207,-0.0020,-0.0843,0.5924,1,3,0.158
103.250,0,3,4,0.6167,0.6167,0.6145,0.0336,172.3284,0.0000,0.0000,0.0000,0.7031,0.1259,176.1133,0.033,9211,0.0197,-0.0924,0.5831,1,3,0.181
103.350,0,3,4,0.6167,0.6167,0.6138,0.0419,172.2311,0.0000,0.0000,0.0000,0.6392,0.2426,176.8891,0.003,9216,0.0001,-0.0864,0.5748,1,3,0.164
103.452,0,3,4,0.6167,0.6167,0.6150,0.0555,172.4409,0.0000,0.0000,0.0000,0.6334,0.2412,176.6416,0.040,9218,0.0131,-0.0991,0.5611,1,3,0.206
103.548,0,3,4,0.6167,0.6167,0.6154,0.0689,172.4135,0.0000,0.0000,0.0000,0.6347,0.2589,176.8841,0.003,9222,0.0131,-0.0991,0.5477,1,3,0.213
103.648,0,3,4,0.6167,0.6167,0.6158,0.0832,172.3926,0.0000,0.0000,0.0000,0.6321,0.2604,176.7949,0.037,9224,0.0019,-0.0878,0.5335,1,3,0.168
103.749,0,3,4,0.6167,0.6167,0.6163,0.0949,172.4942,0.0000,0.0000,0.0000,0.5938,0.1336,175.4687,0.026,9227,0.0133,-0.0991,0.5217,1,3,0.222
103.849,0,3,4,0.6167,0.6167,0.6165,0.1085,172.5582,0.0000,0.0000,0.0000,0.6285,0.2657,176.4989,0.036,9230,0.0063,-0.0920,0.5081,1,3,0.180
103.953,0,3,4,0.6167,0.6167,0.6165,0.1201,172.4848,0.0000,0.0000,0.0000,0.6366,0.3032,176.9680,0.002,9234,0.0034,-0.0892,0.4966,1,3,0.172
104.050,0,3,4,0.6167,0.6167,0.6171,0.1335,172.4063,0.0000,0.0000,0.0000,0.6352,0.3048,176.7462,0.038,9236,0.0057,-0.0913,0.4831,1,3,0.178
104.153,0,3,4,0.6167,0.6167,0.6172,0.1442,172.6936,0.0000,0.0000,0.0000,0.6322,0.3099,176.6618,0.004,9240,0.0015,-0.0871,0.4724,1,3,0.166
104.249,0,3,4,0.6167,0.6167,0.6155,0.1576,172.6521,0.0000,0.0000,0.0000,0.5737,0.1691,176.2267,0.023,9244,0.0021,-0.0882,0.4591,1,3,0.169
104.349,0,3,4,0.6167,0.6167,0.6145,0.1673,172.5584,0.0000,0.0000,0.0000,0.5679,0.1016,170.2880,0.007,9249,0.0009,-0.0871,0.4494,1,3,0.166
104.452,0,3,4,0.6167,0.6167,0.6137,0.1810,172.5408,0.0000,0.0000,0.0000,0.6369,0.3545,176.9680,0.022,9253,0.0035,-0.0900,0.4357,1,3,0.174
104.550,0,3,4,0.6167,0.6167,0.6115,0.1938,172.6152,0.0000,0.0000,0.0000,0.5373,0.2702,173.7023,0.015,9258,0.0122,-0.0993,0.4229,1,3,0.204
104.651,0,3,4,0.6167,0.6167,0.6108,0.2070,172.6393,0.0000,0.0000,0.0000,0.6335,0.3579,176.6591,0.036,9262,0.0049,-0.0922,0.4097,1,3,0.180
104.749,0,3,4,0.6167,0.6167,0.6094,0.2186,172.5358,0.0000,0.0000,0.0000,0.5368,0.2959,173.6029,0.008,9267,0.0006,-0.0884,0.3981,1,3,0.169
104.852,0,3,4,0.6167,0.6167,0.6086,0.2342,172.6602,0.0000,0.0000,0.0000,0.6345,0.3809,176.5016,0.037,9271,0.0007,-0.0888,0.3826,1,3,0.170
104.954,0,3,4,0.6167,0.6167,0.6066,0.2459,172.8429,0.0000,0.0000,0.0000,0.5294,0.3343,174.1770,0.010,9276,-0.0003,-0.0885,0.3709,1,3,0.169
105.053,0,3,4,0.6167,0.6167,0.6069,0.2560,172.6966,0.0000,0.0000,0.0000,0.6371,0.4028,176.8169,0.038,9280,-0.0020,-0.0867,0.3608,1,3,0.164
105.150,0,3,4,0.6167,0.6167,0.6057,0.2631,172.6712,0.0000,0.0000,0.0000,0.5725,0.1172,168.4891,0.015,9285,-0.0017,-0.0874,0.3538,1,3,0.166
105.249,0,3,4,0.6167,0.6167,0.6058,0.2733,172.4355,0.0000,0.0000,0.0000,0.6390,0.4323,176.7322,0.030,9289,0.0003,-0.0896,0.3436,1,3,0.172
105.351,0,3,4,0.6167,0.6167,0.6049,0.2819,172.5458,0.0000,0.0000,0.0000,0.5738,0.1190,167.7568,0.012,9294,-0.0004,-0.0893,0.3349,1,3,0.171
105.449,0,3,4,0.6167,0.6167,0.6052,0.2912,172.4835,0.0000,0.0000,0.0000,0.6409,0.4588,176.7117,0.025,9298,0.0099,-0.0995,0.3256,1,3,0.212
105.551,0,3,4,0.6167,0.6167,0.6039,0.2995,172.5271,0.0000,0.0000,0.0000,0.6398,0.4607,176.5192,0.003,9303,0.0009,-0.0911,0.3174,1,3,0.176
105.650,0,3,4,0.6167,0.6167,0.6032,0.3125,172.6086,0.0000,0.0000,0.0000,0.5706,0.8426,-174.9419,0.016,9307,0.0090,-0.0996,0.3045,1,3,0.202
105.750,0,3,4,0.6167,0.6167,0.6020,0.3247,172.7312,0.0000,0.0000,0.0000,0.5171,0.2963,177.2117,0.003,9312,-0.0005,-0.0908,0.2923,1,3,0.175
105.851,0,3,4,0.6167,0.6167,0.5999,0.3406,172.7580,0.0000,0.0000,0.0000,0.5746,0.8435,-175.2389,0.023,9316,0.0073,-0.0997,0.2766,1,3,0.207
105.950,0,3,4,0.6167,0.6167,0.5977,0.3499,172.5803,0.0000,0.0000,0.0000,0.5793,0.1226,166.6190,0.016,9321,0.0070,-0.0991,0.2674,1,3,0.198
106.052,0,3,4,0.6167,0.6167,0.5966,0.3684,172.6963,0.0000,0.0000,0.0000,0.5833,0.8463,-175.9567,0.038,9325,-0.0056,-0.0889,0.2491,1,3,0.169
106.151,0,3,4,0.6167,0.6167,0.5966,0.3755,172.8273,0.0000,0.0000,0.0000,0.5813,0.1241,166.0044,0.011,9331,-0.0115,-0.0833,0.2420,1,3,0.153
106.253,0,3,4,0.6167,0.6167,0.5994,0.3808,172.7770,0.0000,0.0000,0.0000,0.6545,0.3235,175.7409,0.027,9337,0.0061,-0.0998,0.2365,1,3,0.216
106.349,0,3,4,0.6167,0.6167,0.5948,0.3870,172.8200,0.0000,0.0000,0.0000,0.6688,0.6208,178.0300,0.003,9344,0.0039,-0.0999,0.2308,1,3,0.211
106.452,0,3,4,0.6167,0.6167,0.5947,0.4006,172.9221,0.0000,0.0000,0.0000,0.6440,0.3606,174.7280,0.024,9349,-0.0070,-0.0897,0.2172,1,3,0.171
106.549,0,3,4,0.6167,0.6167,0.5905,0.4100,173.1514,0.0000,0.0000,0.0000,0.6756,0.6747,178.7677,0.003,9356,0.0008,-0.1000,0.2083,1,3,0.208
106.650,0,3,4,0.6167,0.6167,0.5918,0.4229,173.0287,0.0000,0.0000,0.0000,0.6449,0.3715,174.9964,0.023,9361,0.0006,-0.1000,0.1954,1,3,0.212
106.749,0,3,4,0.6167,0.6167,0.5889,0.4311,172.9371,0.0000,0.0000,0.0000,0.6836,0.6779,177.9002,0.003,9367,-0.0074,-0.0940,0.1876,1,3,0.183
106.849,0,3,4,0.6167,0.6167,0.5902,0.4427,172.9983,0.0000,0.0000,0.0000,0.6472,0.3921,174.4729,0.004,9373,-0.0151,-0.0866,0.1760,1,3,0.162
106.956,0,3,4,0.6167,0.6167,0.5912,0.4542,172.9122,0.0000,0.0000,0.0000,0.6838,0.7488,178.8131,0.010,9378,-0.0138,-0.0883,0.1645,1,3,0.167
107.050,0,3,4,0.6167,0.6167,0.5912,0.4657,173.1084,0.0000,0.0000,0.0000,0.6477,0.4138,174.1751,0.009,9385,-0.0143,-0.0890,0.1531,1,3,0.169
107.150,0,3,4,0.6167,0.6167,0.5906,0.4751,172.9315,0.0000,0.0000,0.0000,0.5880,0.5121,171.8651,0.011,9391,-0.0048,-0.0999,0.1440,1,3,0.218
107.253,0,3,4,0.6167,0.6167,0.5931,0.4883,172.9454,0.0000,0.0000,0.0000,0.6414,0.4401,173.4366,0.025,9397,-0.0048,-0.0999,0.1306,1,3,0.209
107.350,0,3,4,0.6167,0.6167,0.5927,0.4976,172.8391,0.0000,0.0000,0.0000,0.6931,0.8148,179.0205,0.003,9404,-0.0107,-0.0925,0.1215,1,3,0.187
107.451,0,3,4,0.6167,0.6167,0.5958,0.5103,172.9086,0.0000,0.0000,0.0000,0.6480,0.4545,173.6503,0.026,9409,-0.0162,-0.0755,0.1084,1,3,0.164
107.550,0,3,4,0.6167,0.6167,0.5963,0.5198,172.7461,0.0000,0.0000,0.0000,0.5886,0.5705,171.6948,0.019,9415,-0.0125,-0.0722,0.0990,1,3,0.176
107.651,0,3,4,0.6167,0.6167,0.5992,0.5300,172.6969,0.0000,0.0000,0.0000,0.6547,0.4690,173.5021,0.019,9421,-0.0134,-0.0618,0.0884,1,3,0.165
107.752,0,3,4,0.6167,0.6167,0.6006,0.5384,172.7859,0.0000,0.0000,0.0000,0.5943,0.5879,171.6230,0.013,9427,-0.0064,-0.0617,0.0799,1,3,0.191
107.856,0,3,5,0.0000,0.6167,0.6038,0.5488,172.6947,0.0000,0.0000,0.0000,0.6503,0.4853,173.2770,0.027,9433,0.0915,0.0107,0.6076,1,3,0.176
107.952,0,3,5,0.0000,0.6167,0.5994,0.5541,172.5715,0.0000,0.0000,0.0000,0.5910,0.6072,171.6237,0.018,9439,0.0911,0.0118,0.6027,1,3,0.175
108.051,0,3,5,0.0000,0.6167,0.5936,0.5592,172.4475,0.0000,0.0000,0.0000,0.6548,0.4872,173.0913,0.015,9445,0.0861,0.0176,0.5964,1,3,0.161
108.149,0,3,5,0.0000,0.6167,0.5840,0.5612,172.4503,0.0000,0.0000,0.0000,0.3533,0.3678,179.3559,0.005,9450,0.0893,0.0145,0.5866,1,3,0.170
108.249,0,3,5,0.0000,0.6167,0.5734,0.5650,172.5670,0.0000,0.0000,0.0000,0.6331,0.4948,172.6650,0.003,9457,0.0939,0.0104,0.5758,1,3,0.183
108.350,0,3,5,0.0000,0.6167,0.5641,0.5653,172.5218,0.0000,0.0000,0.0000,0.5304,0.5065,174.1652,0.020,9462,0.0918,0.0125,0.5665,1,3,0.177
108.449,0,3,5,0.0000,0.6167,0.5566,0.5718,172.5690,0.0000,0.0000,0.0000,0.6643,0.9371,179.5268,0.013,9468,0.0896,0.0156,0.5584,1,3,0.171
108.551,0,3,5,0.0000,0.6167,0.5454,0.5726,172.5309,0.0000,0.0000,0.0000,0.5416,0.6201,171.1961,0.016,9473,0.0999,0.0054,0.5472,1,3,0.208
108.651,0,3,5,0.0000,0.6167,0.5356,0.5754,172.5431,0.0000,0.0000,0.0000,0.5355,0.6207,171.2052,0.052,9476,0.0896,0.0160,0.5372,1,3,0.171
108.751,0,3,5,0.0000,0.6167,0.5237,0.5797,172.4859,0.0000,0.0000,0.0000,0.5203,0.6253,171.2522,0.007,9482,0.0881,0.0180,0.5250,1,3,0.167
108.851,0,3,5,0.0000,0.6167,0.5152,0.5847,172.5082,0.0000,0.0000,0.0000,0.6245,0.9457,179.6013,0.037,9486,0.0997,0.0072,0.5162,1,3,0.216
108.949,0,3,5,0.0000,0.6167,0.5032,0.5851,172.5262,0.0000,0.0000,0.0000,0.5039,0.6240,171.0443,0.011,9491,0.0997,0.0071,0.5042,1,3,0.205
109.048,0,3,5,0.0000,0.6167,0.4939,0.5908,172.4592,0.0000,0.0000,0.0000,0.6033,0.9517,179.8250,0.034,9495,0.0933,0.0145,0.4946,1,3,0.182
109.150,0,3,5,0.0000,0.6167,0.4819,0.5906,172.5639,0.0000,0.0000,0.0000,0.4835,0.6275,170.9767,0.002,9500,0.0930,0.0147,0.4826,1,3,0.181
109.249,0,3,5,0.0000,0.6167,0.4736,0.5959,172.3589,0.0000,0.0000,0.0000,0.5843,0.9538,179.7365,0.034,9504,0.0883,0.0203,0.4740,1,3,0.168
109.351,0,3,5,0.0000,0.6167,0.4604,0.5951,172.3774,0.0000,0.0000,0.0000,0.4645,0.6316,170.7973,0.015,9509,0.0901,0.0183,0.4609,1,3,0.173
109.449,0,3,5,0.0000,0.6167,0.4510,0.6001,172.3817,0.0000,0.0000,0.0000,0.5652,0.9625,179.7702,0.030,9513,0.0995,0.0097,0.4513,1,3,0.212
109.550,0,3,5,0.0000,0.6167,0.4412,0.6016,172.4775,0.0000,0.0000,0.0000,0.4451,0.6323,170.8073,0.003,9518,0.0995,0.0100,0.4414,1,3,0.200
109.649,0,3,5,0.0000,0.6167,0.4287,0.6045,172.5048,0.0000,0.0000,0.0000,0.4391,0.6310,170.8120,0.013,9522,0.0892,0.0208,0.4289,1,3,0.171
109.750,0,3,5,0.0000,0.6167,0.4180,0.6056,172.4057,0.0000,0.0000,0.0000,0.4323,0.6332,170.7991,0.053,9525,0.0994,0.0107,0.4181,1,3,0.201
109.850,0,3,5,0.0000,0.6167,0.4046,0.6047,172.6120,0.0000,0.0000,0.0000,0.5255,0.9682,179.7821,0.011,9531,0.0995,0.0104,0.4048,1,3,0.212
109.949,0,3,5,0.0000,0.6167,0.3927,0.6070,172.6010,0.0000,0.0000,0.0000,0.4063,0.6343,170.6684,0.010,9536,0.0994,0.0109,0.3928,1,3,0.207
110.053,0,3,5,0.0000,0.6167,0.3824,0.6123,172.5718,0.0000,0.0000,0.0000,0.5025,0.9750,179.9617,0.019,9540,0.0992,0.0122,0.3825,1,3,0.211
110.150,0,3,5,0.0000,0.6167,0.3693,0.6105,172.4833,0.0000,0.0000,0.0000,0.4845,0.9875,-179.8662,0.003,9546,0.0993,0.0117,0.3693,1,3,0.217
110.248,0,3,5,0.0000,0.6167,0.3584,0.6158,172.5546,0.0000,0.0000,0.0000,0.4801,0.9903,-179.9877,0.036,9549,0.0991,0.0131,0.3584,1,3,0.241
110.348,0,3,5,0.0000,0.6167,0.3444,0.6139,172.5067,0.0000,0.0000,0.0000,0.3655,0.6426,170.5508,0.012,9554,0.0992,0.0126,0.3444,1,3,0.212
110.450,0,3,5,0.0000,0.6167,0.3375,0.6215,172.3932,0.0000,0.0000,0.0000,0.4556,1.0167,-179.5385,0.035,9558,0.0989,0.0148,0.3375,1,3,0.201
110.548,0,3,5,0.0000,0.6167,0.3235,0.6178,172.2952,0.0000,0.0000,0.0000,0.4446,0.9993,-179.8579,0.003,9565,0.0991,0.0137,0.3235,1,3,0.203
110.650,0,3,5,0.0000,0.6167,0.3229,0.6237,172.1453,0.0000,0.0000,0.0000,0.3833,0.5271,167.7090,0.021,9570,0.0988,0.0155,0.3230,1,3,0.216
110.753,0,3,5,0.0000,0.6167,0.3229,0.6253,171.9456,0.0000,0.0000,0.0000,0.4216,1.0077,-179.6324,0.005,9577,0.1015,0.0188,0.3230,1,3,0.192
110.849,0,3,5,0.0000,0.6167,0.3210,0.6301,171.8780,0.0000,0.0000,0.0000,0.3155,0.6503,170.2315,0.019,9582,0.0985,0.0175,0.3213,1,3,0.217
110.948,0,3,5,0.0000,0.6167,0.3184,0.6313,171.7558,0.0000,0.0000,0.0000,0.4743,0.5215,167.2281,0.007,9587,0.0984,0.0179,0.3187,1,3,0.203
111.050,0,3,5,0.0000,0.6167,0.3133,0.6337,171.8074,0.0000,0.0000,0.0000,0.3440,0.5429,167.8086,0.005,9594,0.0982,0.0187,0.3137,1,3,0.202
111.150,0,3,5,0.0000,0.6167,0.3154,0.6337,171.4749,0.0000,0.0000,0.0000,0.2814,0.6485,170.3500,0.011,9600,0.0982,0.0187,0.3158,1,3,0.232
111.250,0,3,5,0.0000,0.6167,0.3082,0.6355,171.6683,0.0000,0.0000,0.0000,0.3717,0.9058,178.7073,0.020,9606,0.0981,0.0194,0.3088,1,3,0.204
111.351,0,3,5,0.0000,0.6167,0.3006,0.6344,171.5826,0.0000,0.0000,0.0000,0.2631,0.6438,170.5121,0.020,9612,0.1010,0.0164,0.3012,1,3,0.192
111.454,0,3,5,0.0000,0.6167,0.2909,0.6364,171.4254,0.0000,0.0000,0.0000,0.2769,0.5579,167.1402,0.026,9618,0.0980,0.0200,0.2916,1,3,0.220
111.550,0,3,5,0.0000,0.6167,0.2852,0.6355,171.5128,0.0000,0.0000,0.0000,0.2433,0.6421,170.5811,0.016,9624,0.0980,0.0199,0.2859,1,3,0.207
111.651,0,3,5,0.0000,0.6167,0.2750,0.6388,171.4994,0.0000,0.0000,0.0000,0.3347,0.8930,178.6240,0.042,9629,0.0995,0.0230,0.2759,1,3,0.195
111.751,0,3,5,0.0000,0.6167,0.2670,0.6381,171.5618,0.0000,0.0000,0.0000,0.2238,0.6377,170.8064,0.009,9634,0.0977,0.0212,0.2679,1,3,0.203
111.848,0,3,5,0.0000,0.6167,0.2604,0.6411,171.5546,0.0000,0.0000,0.0000,0.3146,0.8918,178.8960,0.034,9638,0.0974,0.0226,0.2616,1,3,0.204
111.950,0,3,5,0.0000,0.6167,0.2536,0.6403,171.5321,0.0000,0.0000,0.0000,0.2029,0.6369,170.8827,0.013,9643,0.0974,0.0225,0.2547,1,3,0.231
112.051,0,3,5,0.0000,0.6167,0.2440,0.6427,171.6173,0.0000,0.0000,0.0000,0.2975,0.8741,178.6810,0.033,9647,0.0869,0.0341,0.2454,1,3,0.171
112.149,0,3,5,0.0000,0.6167,0.2388,0.6408,171.7885,0.0000,0.0000,0.0000,0.1836,0.6302,171.0087,0.004,9652,0.1001,0.0261,0.2400,1,3,0.192
112.250,0,3,5,0.0000,0.6167,0.2290,0.6426,171.6536,0.0000,0.0000,0.0000,0.2784,0.8544,178.6309,0.033,9656,0.0963,0.0237,0.2304,1,3,0.198
112.349,0,3,5,0.0000,0.6167,0.2219,0.6412,171.7368,0.0000,0.0000,0.0000,0.1993,0.5550,170.1940,0.008,9661,0.0970,0.0242,0.2233,1,3,0.210
112.450,0,3,5,0.0000,0.6167,0.2102,0.6405,171.7599,0.0000,0.0000,0.0000,0.0874,0.6749,172.9163,0.017,9665,0.0970,0.0244,0.2115,1,3,0.205
112.554,0,3,5,0.0000,0.6167,0.2011,0.6386,171.7120,0.0000,0.0000,0.0000,0.0784,0.6692,172.8540,0.004,9670,0.0882,0.0329,0.2023,1,3,0.175
112.650,0,3,5,0.0000,0.6167,0.1915,0.6401,171.9445,0.0000,0.0000,0.0000,0.2433,0.8338,178.3013,0.015,9674,0.0967,0.0253,0.1929,1,3,0.208
112.749,0,3,5,0.0000,0.6167,0.1820,0.6380,171.8736,0.0000,0.0000,0.0000,0.0583,0.6649,173.0492,0.012,9679,0.0969,0.0248,0.1833,1,3,0.201
112.851,0,3,5,0.0000,0.6167,0.1733,0.6388,172.0058,0.0000,0.0000,0.0000,0.2259,0.8187,178.2663,0.025,9683,0.0966,0.0258,0.1747,1,3,0.205
112.950,0,3,5,0.0000,0.6167,0.1646,0.6366,171.9388,0.0000,0.0000,0.0000,0.2137,0.8046,178.1377,0.003,9689,0.0947,0.0273,0.1658,1,3,0.194
113.050,0,3,5,0.0000,0.6167,0.1554,0.6375,171.7280,0.0000,0.0000,0.0000,0.2089,0.8065,178.0820,0.035,9692,0.0918,0.0310,0.1568,1,3,0.187
113.150,0,3,5,0.0000,0.6167,0.1426,0.6326,171.8798,0.0000,0.0000,0.0000,0.0127,0.6635,173.0865,0.019,9697,0.0970,0.0243,0.1435,1,3,0.202
113.250,0,3,5,0.0000,0.6167,0.1329,0.6346,172.0392,0.0000,0.0000,0.0000,0.1899,0.7949,177.9626,0.036,9700,0.0964,0.0265,0.1341,1,3,0.206
113.349,0,3,5,0.0000,0.6167,0.1212,0.6351,172.0346,0.0000,0.0000,0.0000,0.0001,0.6524,173.1908,0.012,9703,0.1000,0.0217,0.1226,1,3,0.183
113.451,0,3,5,0.0000,0.6167,0.1113,0.6369,172.1034,0.0000,0.0000,0.0000,0.1732,0.7823,177.8984,0.037,9706,0.0861,0.0279,0.1132,1,3,0.210
113.552,0,3,5,0.0000,0.6167,0.1030,0.6366,172.0675,0.0000,0.0000,0.0000,0.1668,0.7757,177.8074,0.068,9708,0.0774,0.0248,0.1049,1,3,0.193
113.650,0,3,5,0.0000,0.6167,0.0929,0.6377,171.8447,0.0000,0.0000,0.0000,-0.0303,0.6510,173.3570,0.022,9712,0.0612,0.0368,0.0953,1,3,0.162
113.751,0,3,5,0.0000,0.6167,0.0855,0.6367,172.0916,0.0000,0.0000,0.0000,0.1468,0.7599,177.3861,0.003,9715,0.0657,0.0250,0.0878,1,3,0.204
113.849,0,3,5,0.0000,0.6167,0.0769,0.6350,172.1032,0.0000,0.0000,0.0000,0.0673,0.5143,170.3639,0.016,9718,0.0517,0.0302,0.0791,1,3,0.167
113.951,0,3,6,-0.6167,0.6167,0.0690,0.6341,172.1785,0.0000,0.0000,0.0000,-0.0534,0.6421,173.3538,0.014,9721,0.0917,0.0229,0.6859,1,3,0.180
114.050,0,3,6,-0.6167,0.6167,0.0612,0.6340,172.2112,0.0000,0.0000,0.0000,0.1236,0.7071,176.4408,0.007,9724,0.0987,0.0159,0.6781,1,3,0.203
114.149,0,3,6,-0.6167,0.6167,0.0500,0.6326,172.1925,0.0000,0.0000,0.0000,0.1324,0.5323,173.0581,0.003,9728,0.0843,0.0302,0.6668,1,3,0.159
114.250,0,3,6,-0.6167,0.6167,0.0412,0.6308,172.0544,0.0000,0.0000,0.0000,0.1066,0.6976,176.3116,0.038,9730,0.0878,0.0265,0.6580,1,3,0.169
114.350,0,3,6,-0.6167,0.6167,0.0321,0.6306,172.1518,0.0000,0.0000,0.0000,0.0974,0.7034,176.3152,0.003,9734,0.0885,0.0257,0.6489,1,3,0.171
114.450,0,3,6,-0.6167,0.6167,0.0211,0.6308,172.2060,0.0000,0.0000,0.0000,0.0911,0.7015,176.5355,0.033,9736,0.1016,0.0127,0.6379,1,3,0.192
114.548,0,3,6,-0.6167,0.6167,0.0094,0.6312,172.1230,0.0000,0.0000,0.0000,-0.1030,0.6315,173.3809,0.011,9739,0.0867,0.0277,0.6262,1,3,0.166
114.650,0,3,6,-0.6167,0.6167,0.0002,0.6317,172.1499,0.0000,0.0000,0.0000,0.0742,0.6978,176.3833,0.037,9742,0.0867,0.0278,0.6171,1,3,0.166
114.749,0,3,6,-0.6167,0.6167,-0.0108,0.6315,172.2026,0.0000,0.0000,0.0000,-0.1260,0.6298,173.5861,0.017,9745,0.0892,0.0253,0.6060,1,3,0.173
114.851,0,3,6,-0.6167,0.6167,-0.0201,0.6269,172.2000,0.0000,0.0000,0.0000,0.0697,0.5193,173.1452,0.037,9749,0.0918,0.0221,0.5967,1,3,0.180
114.949,0,3,6,-0.6167,0.6167,-0.0273,0.6248,172.1561,0.0000,0.0000,0.0000,-0.1363,0.6265,173.6099,0.055,9752,0.0989,0.0147,0.5894,1,3,0.213
115.050,0,3,6,-0.6167,0.6167,-0.0352,0.6220,172.0146,0.0000,0.0000,0.0000,0.1194,0.4737,167.5984,0.021,9758,0.0898,0.0235,0.5815,1,3,0.174
115.150,0,3,6,-0.6167,0.6167,-0.0405,0.6170,171.9489,0.0000,0.0000,0.0000,0.1173,0.4718,167.1665,0.025,9762,0.0991,0.0134,0.5761,1,3,0.208
115.255,0,3,6,-0.6167,0.6167,-0.0495,0.6168,171.8830,0.0000,0.0000,0.0000,0.0202,0.6874,176.2862,0.022,9767,0.0991,0.0134,0.5672,1,3,0.211
115.350,0,3,6,-0.6167,0.6167,-0.0568,0.6131,171.8439,0.0000,0.0000,0.0000,-0.1862,0.6309,173.5910,0.015,9772,0.0914,0.0205,0.5599,1,3,0.178
115.452,0,3,6,-0.6167,0.6167,-0.0646,0.6128,172.0160,0.0000,0.0000,0.0000,0.0044,0.6923,176.3438,0.027,9776,0.0907,0.0212,0.5520,1,3,0.176
115.550,0,3,6,-0.6167,0.6167,-0.0725,0.6102,172.0075,0.0000,0.0000,0.0000,-0.2068,0.6271,173.8187,0.015,9781,0.0858,0.0256,0.5442,1,3,0.162
115.651,0,3,6,-0.6167,0.6167,-0.0795,0.6097,172.0390,0.0000,0.0000,0.0000,0.0845,0.4769,166.8983,0.002,9786,0.0883,0.0230,0.5373,1,3,0.169
115.750,0,3,6,-0.6167,0.6167,-0.0862,0.6068,172.0531,0.0000,0.0000,0.0000,-0.2223,0.6238,173.7592,0.012,9790,0.0887,0.0221,0.5306,1,3,0.170
115.852,0,3,6,-0.6167,0.6167,-0.0954,0.6061,171.8666,0.0000,0.0000,0.0000,0.0413,0.4678,167.2799,0.002,9795,0.0994,0.0114,0.5214,1,3,0.209
115.948,0,3,6,-0.6167,0.6167,-0.1050,0.6037,171.9236,0.0000,0.0000,0.0000,-0.2527,0.6290,173.9398,0.012,9799,0.0994,0.0108,0.5119,1,3,0.216
116.048,0,3,6,-0.6167,0.6167,-0.1119,0.6020,171.9161,0.0000,0.0000,0.0000,-0.0496,0.6738,176.3157,0.034,9803,0.0892,0.0207,0.5050,1,3,0.171
116.149,0,3,6,-0.6167,0.6167,-0.1213,0.6000,171.9619,0.0000,0.0000,0.0000,-0.0601,0.6756,176.3436,0.003,9809,0.0928,0.0167,0.4956,1,3,0.181
116.251,0,3,6,-0.6167,0.6167,-0.1282,0.5989,171.9145,0.0000,0.0000,0.0000,-0.0660,0.6731,176.3084,0.036,9812,0.0946,0.0147,0.4888,1,3,0.186
116.351,0,3,6,-0.6167,0.6167,-0.1370,0.5982,171.9145,0.0000,0.0000,0.0000,-0.0777,0.6739,176.4091,0.004,9817,0.0904,0.0187,0.4800,1,3,0.174
116.450,0,3,6,-0.6167,0.6167,-0.1451,0.5959,171.9079,0.0000,0.0000,0.0000,-0.2167,0.5060,169.5673,0.017,9821,0.0879,0.0207,0.4720,1,3,0.167
116.549,0,3,6,-0.6167,0.6167,-0.1532,0.5950,172.0138,0.0000,0.0000,0.0000,-0.3019,0.6243,174.1267,0.059,9824,0.0887,0.0197,0.4640,1,3,0.169
116.648,0,3,6,-0.6167,0.6167,-0.1616,0.5937,172.0235,0.0000,0.0000,0.0000,-0.1014,0.6637,176.3765,0.032,9830,0.0898,0.0183,0.4557,1,3,0.172
116.749,0,3,6,-0.6167,0.6167,-0.1681,0.5919,172.1187,0.0000,0.0000,0.0000,-0.3253,0.6170,174.3838,0.012,9835,0.0901,0.0174,0.4492,1,3,0.173
116.849,0,3,6,-0.6167,0.6167,-0.1792,0.5925,171.8965,0.0000,0.0000,0.0000,-0.1191,0.6596,176.3142,0.034,9839,0.0997,0.0079,0.4382,1,3,0.201
116.949,0,3,6,-0.6167,0.6167,-0.1893,0.5911,172.1006,0.0000,0.0000,0.0000,-0.0802,0.5095,174.8887,0.007,9845,0.0881,0.0191,0.4282,1,3,0.167
117.049,0,3,6,-0.6167,0.6167,-0.1975,0.5892,171.9524,0.0000,0.0000,0.0000,-0.1373,0.6546,176.3007,0.037,9848,0.1044,0.0115,0.4201,1,3,0.187
117.150,0,3,6,-0.6167,0.6167,-0.2044,0.5858,171.9962,0.0000,0.0000,0.0000,-0.1489,0.6538,176.2649,0.002,9854,0.0906,0.0151,0.4134,1,3,0.174
117.251,0,3,6,-0.6167,0.6167,-0.2153,0.5861,171.9069,0.0000,0.0000,0.0000,-0.1533,0.6560,176.2813,0.043,9857,0.0938,0.0118,0.4025,1,3,0.183
117.348,0,3,6,-0.6167,0.6167,-0.2217,0.5831,171.8545,0.0000,0.0000,0.0000,-0.3903,0.6210,174.6788,0.016,9862,0.0889,0.0159,0.3964,1,3,0.169
117.450,0,3,6,-0.6167,0.6167,-0.2324,0.5840,172.0337,0.0000,0.0000,0.0000,-0.1635,0.6602,176.2576,0.034,9866,0.0889,0.0159,0.3857,1,3,0.169
117.549,0,3,6,-0.6167,0.6167,-0.2434,0.5817,171.9167,0.0000,0.0000,0.0000,-0.4508,1.0253,-168.7932,0.003,9871,0.0897,0.0143,0.3749,1,3,0.171
117.648,0,3,6,-0.6167,0.6167,-0.2571,0.5898,172.1885,0.0000,0.0000,0.0000,-0.4161,0.6212,174.7103,0.020,9874,0.0906,0.0151,0.3605,1,3,0.174
117.753,0,3,6,-0.6167,0.6167,-0.2683,0.5944,172.1804,0.0000,0.0000,0.0000,-0.4787,1.0254,-168.3856,0.004,9879,0.0998,0.0070,0.3490,1,3,0.207
117.852,0,3,6,-0.6167,0.6167,-0.2815,0.6024,172.3434,0.0000,0.0000,0.0000,-0.1786,0.4480,168.3811,0.030,9883,0.0911,0.0176,0.3354,1,3,0.176
117.953,0,3,6,-0.6167,0.6167,-0.2896,0.5999,172.1833,0.0000,0.0000,0.0000,-0.4530,0.6217,175.1355,0.003,9887,0.0880,0.0199,0.3275,1,3,0.167
118.053,0,3,6,-0.6167,0.6167,-0.3039,0.6027,172.3769,0.0000,0.0000,0.0000,-0.5216,1.0372,-167.5522,0.003,9891,0.0904,0.0181,0.3131,1,3,0.174
118.150,0,3,6,-0.6167,0.6167,-0.3210,0.6071,172.4897,0.0000,0.0000,0.0000,-0.3793,0.4941,169.6648,0.018,9895,0.0878,0.0218,0.2958,1,3,0.167
118.252,0,3,6,-0.6167,0.6167,-0.3357,0.6136,172.5808,0.0000,0.0000,0.0000,-0.5285,1.0303,-167.6575,0.045,9898,0.0992,0.0123,0.2810,1,3,0.213
118.349,0,3,6,-0.6167,0.6167,-0.3473,0.6165,172.3860,0.0000,0.0000,0.0000,-0.4987,0.6274,175.1946,0.010,9901,0.0881,0.0243,0.2694,1,3,0.169
118.452,0,3,6,-0.6167,0.6167,-0.3598,0.6155,172.4295,0.0000,0.0000,0.0000,-0.5099,0.6297,175.3020,0.043,9902,0.1009,0.0147,0.2568,1,3,0.195
118.552,0,3,6,-0.6167,0.6167,-0.3726,0.6135,172.2403,0.0000,0.0000,0.0000,-0.5212,0.6287,175.2926,0.003,9904,0.0876,0.0237,0.2441,1,3,0.167
118.651,0,3,6,-0.6167,0.6167,-0.3824,0.6111,172.3368,0.0000,0.0000,0.0000,-0.4293,0.5042,169.6806,0.043,9905,0.0895,0.0209,0.2343,1,3,0.172
118.749,0,3,6,-0.6167,0.6167,-0.3937,0.6088,172.0813,0.0000,0.0000,0.0000,-0.4330,0.4870,169.0235,0.015,9907,0.1002,0.0106,0.2231,1,3,0.198
118.852,0,3,6,-0.6167,0.6167,-0.4042,0.6074,172.0618,0.0000,0.0000,0.0000,-0.4415,0.4909,169.0288,0.048,9908,0.0900,0.0186,0.2127,1,3,0.173
118.949,0,3,6,-0.6167,0.6167,-0.4144,0.6041,172.1096,0.0000,0.0000,0.0000,-0.4541,0.4906,169.1752,0.014,9910,0.0895,0.0175,0.2027,1,3,0.171
119.051,0,3,6,-0.6167,0.6167,-0.4242,0.6023,171.9847,0.0000,0.0000,0.0000,-0.4706,0.5074,169.9479,0.043,9911,0.0910,0.0148,0.1930,1,3,0.175
119.150,0,3,6,-0.6167,0.6167,-0.4333,0.6010,171.9437,0.0000,0.0000,0.0000,-0.4760,0.5073,169.8712,0.065,9912,0.0914,0.0134,0.1840,1,3,0.176
119.250,0,3,6,-0.6167,0.6167,-0.4448,0.5985,171.9377,0.0000,0.0000,0.0000,-0.4874,0.5039,169.6419,0.026,9914,0.0911,0.0117,0.1728,1,3,0.175
119.349,0,3,6,-0.6167,0.6167,-0.4546,0.5959,171.8788,0.0000,0.0000,0.0000,-0.5006,0.5005,169.5612,0.016,9916,0.0915,0.0091,0.1634,1,3,0.176
119.452,0,3,6,-0.6167,0.6167,-0.4640,0.5948,171.8913,0.0000,0.0000,0.0000,-0.5010,0.5004,169.5711,0.049,9917,0.0908,0.0083,0.1542,1,3,0.174
119.551,0,3,6,-0.6167,0.6167,-0.4751,0.5923,171.8058,0.0000,0.0000,0.0000,-0.5157,0.4997,169.5317,0.017,9919,0.0900,0.0063,0.1436,1,3,0.172
119.651,0,3,6,-0.6167,0.6167,-0.4858,0.5875,171.9104,0.0000,0.0000,0.0000,-0.5218,0.4990,169.5064,0.048,9921,0.0943,-0.0032,0.1341,1,3,0.185
119.748,0,3,6,-0.6167,0.6167,-0.4937,0.5820,171.7203,0.0000,0.0000,0.0000,-0.5326,0.4981,169.4783,0.012,9925,0.0895,-0.0045,0.1277,1,3,0.173
119.849,0,3,6,-0.6167,0.6167,-0.5012,0.5806,171.7150,0.0000,0.0000,0.0000,-0.5405,0.5006,169.4005,0.050,9927,0.0861,-0.0070,0.1209,1,3,0.173
119.949,0,3,6,-0.6167,0.6167,-0.5072,0.5765,171.6616,0.0000,0.0000,0.0000,-0.5497,0.4989,169.5182,0.015,9931,0.0818,-0.0109,0.1166,1,3,0.172
120.050,0,3,6,-0.6167,0.6167,-0.5145,0.5762,171.7170,0.0000,0.0000,0.0000,-0.5556,0.5023,169.4239,0.047,9933,0.0732,-0.0090,0.1099,1,3,0.161
120.148,0,3,6,-0.6167,0.6167,-0.5195,0.5733,171.6371,0.0000,0.0000,0.0000,-0.5664,0.5035,169.5295,0.017,9937,0.0729,-0.0152,0.1064,1,3,0.171
120.252,0,3,6,-0.6167,0.6167,-0.5263,0.5738,171.5586,0.0000,0.0000,0.0000,-0.5719,0.5054,169.4728,0.057,9939,0.0669,-0.0150,0.1000,1,3,0.167
120.349,0,3,6,-0.6167,0.6167,-0.5325,0.5732,171.8095,0.0000,0.0000,0.0000,-0.5756,0.5081,169.4173,0.082,9941,0.0641,-0.0182,0.0947,1,3,0.173
120.448,0,3,6,-0.6167,0.6167,-0.5406,0.5744,171.7627,0.0000,0.0000,0.0000,-0.5803,0.5060,169.5945,0.019,9943,0.0567,-0.0172,0.0870,1,3,0.167
120.552,0,3,6,-0.6167,0.6167,-0.5461,0.5758,171.8762,0.0000,0.0000,0.0000,-0.5902,0.5081,169.7198,0.063,9944,0.0603,-0.0249,0.0816,1,3,0.212
120.649,0,3,6,-0.6167,0.6167,-0.5532,0.5770,171.8424,0.0000,0.0000,0.0000,-0.5935,0.5094,169.7818,0.036,9946,0.0558,-0.0259,0.0748,1,3,0.194
120.748,0,3,7,-0.6167,1.2333,-0.5590,0.5790,171.8163,0.0000,0.0000,0.0000,-0.6059,0.5208,170.1557,0.012,9948,0.0103,-0.0859,0.6569,1,3,0.167
120.855,0,3,7,-0.6167,1.2333,-0.5600,0.5877,171.8967,0.0000,0.0000,0.0000,-0.6115,0.5220,170.1666,0.058,9949,0.0227,-0.0968,0.6481,1,3,0.198
120.948,0,3,7,-0.6167,1.2333,-0.5622,0.5945,172.1396,0.0000,0.0000,0.0000,-0.6116,0.5229,170.1319,0.016,9951,0.0133,-0.0891,0.6412,1,3,0.176
121.051,0,3,7,-0.6167,1.2333,-0.5629,0.6027,171.9871,0.0000,0.0000,0.0000,-0.6139,0.5430,170.8151,0.050,9952,0.0111,-0.0870,0.6329,1,3,0.170
121.151,0,3,7,-0.6167,1.2333,-0.5644,0.6100,172.0942,0.0000,0.0000,0.0000,-0.6123,0.5505,170.5048,0.017,9954,0.0110,-0.0870,0.6256,1,3,0.170
121.251,0,3,7,-0.6167,1.2333,-0.5654,0.6182,172.0458,0.0000,0.0000,0.0000,-0.6185,0.5688,171.2639,0.055,9955,0.0106,-0.0867,0.6173,1,3,0.169
121.350,0,3,7,-0.6167,1.2333,-0.5671,0.6251,171.9903,0.0000,0.0000,0.0000,-0.6155,0.5765,170.9458,0.019,9957,0.0108,-0.0871,0.6103,1,3,0.170
121.450,0,3,7,-0.6167,1.2333,-0.5677,0.6338,171.9496,0.0000,0.0000,0.0000,-0.6145,0.5806,170.7819,0.046,9958,0.0090,-0.0853,0.6015,1,3,0.165
121.548,0,3,7,-0.6167,1.2333,-0.5690,0.6402,172.1580,0.0000,0.0000,0.0000,-0.6123,0.5847,170.7273,0.016,9960,0.0107,-0.0871,0.5950,1,3,0.170
121.650,0,3,7,-0.6167,1.2333,-0.5695,0.6490,172.0318,0.0000,0.0000,0.0000,-0.6168,0.6096,171.6842,0.047,9961,0.0086,-0.0850,0.5862,1,3,0.164
121.749,0,3,7,-0.6167,1.2333,-0.5700,0.6570,171.9295,0.0000,0.0000,0.0000,-0.6156,0.6139,171.5020,0.044,9962,0.0139,-0.0903,0.5783,1,3,0.179
121.850,0,3,7,-0.6167,1.2333,-0.5715,0.6646,172.0738,0.0000,0.0000,0.0000,-0.6134,0.6215,171.1938,0.027,9964,0.0099,-0.0864,0.5705,1,3,0.168
121.950,0,3,7,-0.6167,1.2333,-0.5721,0.6719,172.0622,0.0000,0.0000,0.0000,-0.6164,0.6358,171.5632,0.003,9966,0.0212,-0.0977,0.5632,1,3,0.208
122.050,0,3,7,-0.6167,1.2333,-0.5739,0.6805,172.0266,0.0000,0.0000,0.0000,-0.6154,0.6383,171.4602,0.045,9967,0.0171,-0.0939,0.5545,1,3,0.189
122.152,0,3,7,-0.6167,1.2333,-0.5747,0.6887,172.0750,0.0000,0.0000,0.0000,-0.6168,0.6555,171.9385,0.079,9968,0.0082,-0.0851,0.5463,1,3,0.164
122.250,0,3,7,-0.6167,1.2333,-0.5743,0.6981,172.1139,0.0000,0.0000,0.0000,-0.6168,0.6555,171.9385,0.178,9968,0.0123,-0.0889,0.5369,1,3,0.175
122.351,0,3,7,-0.6167,1.2333,-0.5742,0.7070,172.0827,0.0000,0.0000,0.0000,-0.6168,0.6555,171.9385,0.278,9968,0.0142,-0.0906,0.5281,1,3,0.180
122.451,0,3,7,-0.6167,1.2333,-0.5742,0.7158,171.9977,0.0000,0.0000,0.0000,-0.6168,0.6555,171.9385,0.378,9968,0.0214,-0.0977,0.5193,1,3,0.203
122.549,0,3,7,-0.6167,1.2333,-0.5743,0.7249,172.0049,0.0000,0.0000,0.0000,-0.6168,0.6555,171.9385,0.476,9968,0.0138,-0.0899,0.5102,1,3,0.178
122.650,0,3,7,-0.6167,1.2333,-0.5746,0.7342,172.0280,0.0000,0.0000,0.0000,-0.5702,0.7322,174.2415,0.042,9969,0.0100,-0.0860,0.5009,1,3,0.167
122.749,0,3,7,-0.6167,1.2333,-0.5747,0.7423,172.1108,0.0000,0.0000,0.0000,-0.5686,0.7380,174.0213,0.003,9971,0.0218,-0.0976,0.4928,1,3,0.212
122.852,0,3,7,-0.6167,1.2333,-0.5751,0.7516,172.1515,0.0000,0.0000,0.0000,-0.5710,0.7406,174.0136,0.037,9972,0.0141,-0.0898,0.4835,1,3,0.178
122.950,0,3,7,-0.6167,1.2333,-0.5753,0.7609,172.1825,0.0000,0.0000,0.0000,-0.5709,0.7468,173.8556,0.006,9974,0.0053,-0.0809,0.4742,1,3,0.153
123.051,0,3,7,-0.6167,1.2333,-0.5750,0.7700,172.3319,0.0000,0.0000,0.0000,-0.5631,0.7814,174.9332,0.039,9975,0.0137,-0.0890,0.4652,1,3,0.176
123.148,0,3,7,-0.6167,1.2333,-0.5752,0.7786,172.2580,0.0000,0.0000,0.0000,-0.5654,0.7846,174.8889,0.005,9977,0.0223,-0.0975,0.4567,1,3,0.212
123.249,0,3,7,-0.6167,1.2333,-0.5756,0.7883,172.2792,0.0000,0.0000,0.0000,-0.5656,0.7909,174.7025,0.044,9978,0.0104,-0.0854,0.4470,1,3,0.166
123.349,0,3,7,-0.6167,1.2333,-0.5759,0.7976,172.0848,0.0000,0.0000,0.0000,-0.5673,0.7953,174.6356,0.069,9979,0.0176,-0.0925,0.4377,1,3,0.186
123.451,0,3,7,-0.6167,1.2333,-0.5781,0.8007,172.1526,0.0000,0.0000,0.0000,-0.5674,0.8048,174.3407,0.026,9983,0.0221,-0.0975,0.4344,1,3,0.209
123.550,0,3,7,-0.6167,1.2333,-0.5803,0.8046,172.1116,0.0000,0.0000,0.0000,-0.6354,0.6466,165.8293,0.017,9986,0.0093,-0.0852,0.4302,1,3,0.165
123.651,0,3,7,-0.6167,1.2333,-0.5807,0.8115,172.0045,0.0000,0.0000,0.0000,-0.5716,0.8157,174.2505,0.037,9989,0.0108,-0.0866,0.4234,1,3,0.169
123.751,0,3,7,-0.6167,1.2333,-0.5821,0.8152,171.8926,0.0000,0.0000,0.0000,-0.5702,0.8237,174.0327,0.006,9993,0.0081,-0.0842,0.4195,1,3,0.162
123.850,0,3,7,-0.6167,1.2333,-0.5823,0.8225,171.8271,0.0000,0.0000,0.0000,-0.5589,0.8711,175.8388,0.041,9995,0.0216,-0.0976,0.4122,1,3,0.206
123.948,0,3,7,-0.6167,1.2333,-0.5839,0.8275,171.7509,0.0000,0.0000,0.0000,-0.5602,0.8800,175.6465,0.008,9999,0.0104,-0.0867,0.4071,1,3,0.169
124.052,0,3,7,-0.6167,1.2333,-0.5841,0.8347,171.8516,0.0000,0.0000,0.0000,-0.6340,0.6965,166.3305,0.051,10000,0.0129,-0.0892,0.4000,1,3,0.176
124.150,0,3,7,-0.6167,1.2333,-0.5853,0.8403,171.9543,0.0000,0.0000,0.0000,-0.5609,0.8859,175.5054,0.003,10004,0.0092,-0.0857,0.3943,1,3,0.166
124.251,0,3,7,-0.6167,1.2333,-0.5853,0.8488,171.9919,0.0000,0.0000,0.0000,-0.5639,0.8868,175.5690,0.041,10006,0.0065,-0.0828,0.3858,1,3,0.158
124.349,0,3,7,-0.6167,1.2333,-0.5863,0.8542,172.0140,0.0000,0.0000,0.0000,-0.5629,0.8941,175.3679,0.004,10010,0.0120,-0.0885,0.3804,1,3,0.174
124.449,0,3,7,-0.6167,1.2333,-0.5866,0.8627,171.8096,0.0000,0.0000,0.0000,-0.6350,0.7264,166.7242,0.020,10012,0.0136,-0.0899,0.3719,1,3,0.178
124.549,0,3,7,-0.6167,1.2333,-0.5868,0.8722,171.8822,0.0000,0.0000,0.0000,-0.5555,0.9401,176.4216,0.013,10015,0.0105,-0.0867,0.3624,1,3,0.169
124.650,0,3,7,-0.6167,1.2333,-0.5878,0.8783,172.0472,0.0000,0.0000,0.0000,-0.6362,0.7438,166.5069,0.036,10018,0.0125,-0.0889,0.3562,1,3,0.175
124.751,0,3,7,-0.6167,1.2333,-0.5885,0.8843,171.9541,0.0000,0.0000,0.0000,-0.6319,0.7692,167.3792,0.011,10021,0.0082,-0.0846,0.3502,1,3,0.163
124.850,0,3,7,-0.6167,1.2333,-0.5882,0.8932,171.9186,0.0000,0.0000,0.0000,-0.5559,0.9517,176.2206,0.025,10024,0.0085,-0.0846,0.3413,1,3,0.163
124.949,0,3,7,-0.6167,1.2333,-0.5890,0.9000,171.9982,0.0000,0.0000,0.0000,-0.5553,1.0021,177.9036,0.003,10028,0.0134,-0.0895,0.3345,1,3,0.177
125.051,0,3,7,-0.6167,1.2333,-0.5891,0.9107,171.9789,0.0000,0.0000,0.0000,-0.5539,1.0037,177.8303,0.046,10030,0.0119,-0.0877,0.3238,1,3,0.172
125.149,0,3,7,-0.6167,1.2333,-0.5901,0.9161,171.9209,0.0000,0.0000,0.0000,-0.5564,1.0141,177.6803,0.005,10033,0.0096,-0.0856,0.3183,1,3,0.166
125.251,0,3,7,-0.6167,1.2333,-0.5898,0.9266,172.1546,0.0000,0.0000,0.0000,-0.5549,1.0165,177.5839,0.045,10035,0.0149,-0.0905,0.3079,1,3,0.180
125.350,0,3,7,-0.6167,1.2333,-0.5907,0.9334,172.1639,0.0000,0.0000,0.0000,-0.5563,1.0204,177.5615,0.010,10039,0.0099,-0.0856,0.3011,1,3,0.166
125.452,0,3,7,-0.6167,1.2333,-0.5906,0.9435,172.1143,0.0000,0.0000,0.0000,-0.5579,1.0253,177.5123,0.043,10041,0.0222,-0.0975,0.2910,1,3,0.204
125.549,0,3,7,-0.6167,1.2333,-0.5922,0.9521,172.0732,0.0000,0.0000,0.0000,-0.5571,1.0857,179.4732,0.005,10045,0.0134,-0.0891,0.2823,1,3,0.176
125.650,0,3,7,-0.6167,1.2333,-0.5923,0.9639,172.0971,0.0000,0.0000,0.0000,-0.5590,1.0905,179.3902,0.040,10047,0.0222,-0.0975,0.2705,1,3,0.201
125.750,0,3,7,-0.6167,1.2333,-0.5912,0.9783,172.0705,0.0000,0.0000,0.0000,-0.5616,1.0999,179.2426,0.003,10052,0.0157,-0.0899,0.2563,1,3,0.179
125.850,0,3,7,-0.6167,1.2333,-0.5903,0.9938,172.1583,0.0000,0.0000,0.0000,-0.4718,1.3467,164.5004,0.035,10055,0.0245,-0.0974,0.2410,1,3,0.199
125.953,0,3,7,-0.6167,1.2333,-0.5871,1.0141,171.9278,0.0000,0.0000,0.0000,-0.5632,1.1106,179.0816,0.016,10060,0.0265,-0.0964,0.2212,1,3,0.200
126.050,0,3,7,-0.6167,1.2333,-0.5872,1.0277,171.8076,0.0000,0.0000,0.0000,-0.6348,0.9032,168.5590,0.018,10064,0.0273,-0.0962,0.2077,1,3,0.200
126.149,0,3,7,-0.6167,1.2333,-0.5871,1.0376,171.7470,0.0000,0.0000,0.0000,-0.5714,1.1746,-178.9087,0.003,10069,0.0142,-0.0822,0.1980,1,3,0.161
126.250,0,3,7,-0.6167,1.2333,-0.5819,1.0598,171.6404,0.0000,0.0000,0.0000,-0.5724,1.1800,-179.0465,0.020,10072,0.0266,-0.0885,0.1770,1,3,0.183
126.350,0,3,7,-0.6167,1.2333,-0.5807,1.0741,171.6122,0.0000,0.0000,0.0000,-0.6381,0.9228,168.3156,0.019,10076,0.0229,-0.0817,0.1633,1,3,0.166
126.452,0,3,7,-0.6167,1.2333,-0.5841,1.0844,172.1025,0.0000,0.0000,0.0000,-0.6540,1.0290,174.4130,0.028,10080,0.0233,-0.0830,0.1524,1,3,0.169
126.550,0,3,7,-0.6167,1.2333,-0.5879,1.0912,172.2242,0.0000,0.0000,0.0000,-0.5915,1.2362,-177.1325,0.011,10085,0.0268,-0.0885,0.1450,1,3,0.183
126.650,0,3,7,-0.6167,1.2333,-0.5911,1.1014,172.4169,0.0000,0.0000,0.0000,-0.6164,1.0786,174.2178,0.023,10089,0.0320,-0.0947,0.1344,1,3,0.200
126.749,0,3,7,-0.6167,1.2333,-0.5935,1.1086,172.2594,0.0000,0.0000,0.0000,-0.5940,1.2487,-177.3704,0.004,10093,0.0312,-0.0950,0.1268,1,3,0.208
126.851,0,3,7,-0.6167,1.2333,-0.5974,1.1196,172.4326,0.0000,0.0000,0.0000,-0.6263,1.1244,173.3217,0.028,10097,0.0275,-0.0881,0.1154,1,3,0.216
126.950,0,3,7,-0.6167,1.2333,-0.6005,1.1257,172.3959,0.0000,0.0000,0.0000,-0.5970,1.2620,-177.6400,0.006,10101,0.0243,-0.0836,0.1088,1,3,0.211
127.050,0,3,7,-0.6167,1.2333,-0.6030,1.1360,172.5406,0.0000,0.0000,0.0000,-0.5985,1.2671,-177.7177,0.043,10103,0.0132,-0.0677,0.0983,1,3,0.171
127.151,0,3,7,-0.6167,1.2333,-0.6046,1.1450,172.5573,0.0000,0.0000,0.0000,-0.6114,1.3045,-176.5386,0.015,10106,0.0190,-0.0687,0.0891,1,3,0.214
127.250,0,3,7,-0.6167,1.2333,-0.6067,1.1510,172.4761,0.0000,0.0000,0.0000,-0.6484,1.0254,169.7405,0.017,10109,0.0167,-0.0642,0.0830,1,3,0.209
127.350,0,3,7,-0.6167,1.2333,-0.6085,1.1598,172.7370,0.0000,0.0000,0.0000,-0.6100,1.3133,-176.7567,0.013,10112,0.0144,-0.0574,0.0740,1,3,0.202
127.450,0,3,8,-1.2333,1.2333,-0.6106,1.1644,172.5399,0.0000,0.0000,0.0000,-0.6106,1.3180,-176.8404,0.023,10115,0.1000,0.0024,0.6266,1,3,0.214
127.550,0,3,8,-1.2333,1.2333,-0.6205,1.1650,172.4784,0.0000,0.0000,0.0000,-0.6523,1.0668,170.5285,0.017,10118,0.1000,0.0023,0.6167,1,3,0.203
127.652,0,3,8,-1.2333,1.2333,-0.6310,1.1692,172.5664,0.0000,0.0000,0.0000,-0.6263,1.3414,-176.3801,0.040,10121,0.0901,0.0127,0.6057,1,3,0.172
127.751,0,3,8,-1.2333,1.2333,-0.6403,1.1703,172.5147,0.0000,0.0000,0.0000,-0.6416,1.3437,-176.1392,0.003,10125,0.0925,0.0102,0.5964,1,3,0.179
127.851,0,3,8,-1.2333,1.2333,-0.6513,1.1725,172.5181,0.0000,0.0000,0.0000,-0.6467,1.3470,-176.1663,0.045,10127,0.1000,0.0030,0.5852,1,3,0.209
127.950,0,3,8,-1.2333,1.2333,-0.6613,1.1727,172.6028,0.0000,0.0000,0.0000,-0.6611,1.3477,-176.0271,0.014,10131,0.1000,0.0029,0.5752,1,3,0.221
128.049,0,3,8,-1.2333,1.2333,-0.6730,1.1767,172.6581,0.0000,0.0000,0.0000,-0.6821,1.1654,173.3304,0.030,10135,0.0908,0.0125,0.5632,1,3,0.174
128.148,0,3,8,-1.2333,1.2333,-0.6826,1.1769,172.4557,0.0000,0.0000,0.0000,-0.6830,1.3514,-175.9880,0.005,10139,0.0999,0.0032,0.5536,1,3,0.206
128.250,0,3,8,-1.2333,1.2333,-0.6939,1.1802,172.5400,0.0000,0.0000,0.0000,-0.6955,1.1567,173.2004,0.027,10143,0.0890,0.0145,0.5420,1,3,0.169
128.351,0,3,8,-1.2333,1.2333,-0.7043,1.1815,172.5936,0.0000,0.0000,0.0000,-0.7031,1.3516,-176.0815,0.012,10148,0.0925,0.0111,0.5316,1,3,0.179
128.451,0,3,8,-1.2333,1.2333,-0.7141,1.1819,172.5627,0.0000,0.0000,0.0000,-0.7202,1.1612,173.0411,0.031,10152,0.0911,0.0124,0.5218,1,3,0.175
128.550,0,3,8,-1.2333,1.2333,-0.7239,1.1852,172.4299,0.0000,0.0000,0.0000,0.5569,0.6819,147.2018,0.006,10156,0.0893,0.0146,0.5117,1,3,0.170
128.649,0,3,8,-1.2333,1.2333,-0.7190,1.1793,172.2680,0.0000,0.0000,0.0000,-0.7403,1.1588,172.6798,0.003,10160,0.1000,0.0029,0.5171,1,3,0.201
128.750,0,3,8,-1.2333,1.2333,-0.7112,1.1760,171.9265,0.0000,0.0000,0.0000,-0.7676,1.0881,169.8621,0.008,10166,0.0929,0.0095,0.5253,1,3,0.180
128.852,0,3,8,-1.2333,1.2333,-0.7202,1.1846,171.8686,0.0000,0.0000,0.0000,-0.4245,1.7124,158.8102,0.002,10172,0.0893,0.0146,0.5155,1,3,0.170
128.949,0,3,8,-1.2333,1.2333,-0.7264,1.1962,171.6572,0.0000,0.0000,0.0000,-0.7592,1.3425,-176.4432,0.010,10178,0.0998,0.0061,0.5083,1,3,0.238
129.051,0,3,8,-1.2333,1.2333,-0.7371,1.1998,171.8220,0.0000,0.0000,0.0000,-0.6261,1.5124,164.1586,0.003,10184,0.0998,0.0067,0.4974,1,3,0.216
129.150,0,3,8,-1.2333,1.2333,-0.7446,1.2027,171.6977,0.0000,0.0000,0.0000,-0.7809,1.3421,-176.0823,0.010,10190,0.0997,0.0072,0.4897,1,3,0.210
129.251,0,3,8,-1.2333,1.2333,-0.7545,1.2044,171.9209,0.0000,0.0000,0.0000,-0.7908,1.3439,-175.9997,0.043,10194,0.0997,0.0074,0.4797,1,3,0.215
129.349,0,3,8,-1.2333,1.2333,-0.7611,1.2122,171.8384,0.0000,0.0000,0.0000,-0.8043,1.3408,-175.7595,0.009,10200,0.0922,0.0164,0.4727,1,3,0.179
129.450,0,3,8,-1.2333,1.2333,-0.7713,1.2179,171.9079,0.0000,0.0000,0.0000,-0.8121,1.3384,-175.6695,0.045,10203,0.0995,0.0100,0.4623,1,3,0.211
129.548,0,3,8,-1.2333,1.2333,-0.7797,1.2217,171.9987,0.0000,0.0000,0.0000,-0.8252,1.3374,-175.5546,0.011,10210,0.0994,0.0108,0.4538,1,3,0.204
129.649,0,3,8,-1.2333,1.2333,-0.7889,1.2254,171.8290,0.0000,0.0000,0.0000,-0.5514,1.6840,160.6279,0.003,10215,0.0983,0.0105,0.4445,1,3,0.197
129.750,0,3,8,-1.2333,1.2333,-0.7957,1.2284,171.9287,0.0000,0.0000,0.0000,-0.8461,1.3234,-176.0309,0.006,10220,0.0985,0.0115,0.4377,1,3,0.198
129.850,0,3,8,-1.2333,1.2333,-0.8058,1.2280,172.0508,0.0000,0.0000,0.0000,-0.8628,1.1584,173.4161,0.026,10224,0.0993,0.0121,0.4276,1,3,0.200
129.951,0,3,8,-1.2333,1.2333,-0.8127,1.2331,172.1791,0.0000,0.0000,0.0000,-0.8688,1.3225,-175.6049,0.015,10229,0.0991,0.0133,0.4206,1,3,0.205
130.050,0,3,8,-1.2333,1.2333,-0.8218,1.2358,171.9064,0.0000,0.0000,0.0000,-0.8928,1.0832,170.2506,0.022,10233,0.0902,0.0228,0.4116,1,3,0.175
130.151,0,3,8,-1.2333,1.2333,-0.8322,1.2368,171.8384,0.0000,0.0000,0.0000,-0.8877,1.3168,-175.8378,0.003,10239,0.0990,0.0142,0.4012,1,3,0.231
130.250,0,3,8,-1.2333,1.2333,-0.8431,1.2371,172.1266,0.0000,0.0000,0.0000,-0.9034,1.1548,173.3585,0.024,10244,0.0990,0.0143,0.3903,1,3,0.211
130.350,0,3,8,-1.2333,1.2333,-0.8532,1.2399,171.9192,0.0000,0.0000,0.0000,-0.9280,1.0771,169.9535,0.020,10250,0.0989,0.0151,0.3802,1,3,0.201
130.450,0,3,8,-1.2333,1.2333,-0.8641,1.2415,172.0407,0.0000,0.0000,0.0000,-0.9077,1.1542,173.4937,0.027,10255,0.0988,0.0156,0.3693,1,3,0.202
130.551,0,3,8,-1.2333,1.2333,-0.8735,1.2413,171.9423,0.0000,0.0000,0.0000,-0.9276,1.3030,-175.9028,0.017,10262,0.0931,0.0212,0.3599,1,3,0.184
130.650,0,3,8,-1.2333,1.2333,-0.8839,1.2408,172.2004,0.0000,0.0000,0.0000,-0.6919,1.2202,169.4795,0.003,10268,0.0988,0.0155,0.3496,1,3,0.208
130.751,0,3,8,-1.2333,1.2333,-0.8923,1.2397,172.1077,0.0000,0.0000,0.0000,-0.9518,1.3033,-175.2632,0.010,10274,0.0988,0.0152,0.3411,1,3,0.206
130.849,0,3,8,-1.2333,1.2333,-0.9032,1.2365,172.3155,0.0000,0.0000,0.0000,-0.8939,1.1320,174.3488,0.024,10279,0.0990,0.0143,0.3302,1,3,0.206
130.948,0,3,8,-1.2333,1.2333,-0.9125,1.2361,172.2717,0.0000,0.0000,0.0000,-0.9734,1.3007,-175.1082,0.011,10286,0.0976,0.0128,0.3208,1,3,0.196
131.048,0,3,8,-1.2333,1.2333,-0.9214,1.2321,172.3676,0.0000,0.0000,0.0000,-0.9156,1.1303,174.2085,0.025,10290,0.0992,0.0130,0.3120,1,3,0.204
131.150,0,3,8,-1.2333,1.2333,-0.9306,1.2287,172.2529,0.0000,0.0000,0.0000,-0.9955,1.2982,-174.9849,0.016,10297,0.0993,0.0119,0.3028,1,3,0.203
131.250,0,3,8,-1.2333,1.2333,-0.9404,1.2259,172.4091,0.0000,0.0000,0.0000,-0.9356,1.1288,174.1811,0.026,10302,0.0994,0.0108,0.2930,1,3,0.205
131.348,0,3,8,-1.2333,1.2333,-0.9508,1.2244,172.3110,0.0000,0.0000,0.0000,-1.0169,1.2975,-174.9457,0.010,10307,0.0995,0.0102,0.2826,1,3,0.203
131.450,0,3,8,-1.2333,1.2333,-0.9601,1.2213,172.3491,0.0000,0.0000,0.0000,-0.9605,1.1262,173.9835,0.006,10314,0.0996,0.0090,0.2735,1,3,0.203
131.550,0,3,8,-1.2333,1.2333,-0.9692,1.2174,172.3128,0.0000,0.0000,0.0000,-1.0496,1.0769,169.6437,0.017,10320,0.0997,0.0074,0.2646,1,3,0.209
131.650,0,3,8,-1.2333,1.2333,-0.9805,1.2160,172.4133,0.0000,0.0000,0.0000,-0.8632,1.1864,170.2779,0.004,10327,0.0998,0.0066,0.2535,1,3,0.217
131.754,0,3,8,-1.2333,1.2333,-0.9894,1.2133,172.4446,0.0000,0.0000,0.0000,-1.0656,1.3021,-174.3442,0.002,10333,0.0999,0.0052,0.2448,1,3,0.211
131.852,0,3,8,-1.2333,1.2333,-1.0005,1.2157,172.2705,0.0000,0.0000,0.0000,-0.8944,1.1817,170.4545,0.002,10338,0.0998,0.0059,0.2335,1,3,0.211
131.950,0,3,8,-1.2333,1.2333,-1.0111,1.2139,172.3045,0.0000,0.0000,0.0000,-1.0907,1.3140,-173.4543,0.011,10344,0.0999,0.0047,0.2231,1,3,0.200
132.053,0,3,8,-1.2333,1.2333,-1.0217,1.2123,172.4386,0.0000,0.0000,0.0000,-1.0192,1.1342,173.3161,0.034,10349,0.0999,0.0035,0.2127,1,3,0.203
132.149,0,3,8,-1.2333,1.2333,-1.0310,1.2101,172.3940,0.0000,0.0000,0.0000,-1.1135,1.3109,-173.3409,0.012,10356,0.1000,0.0020,0.2036,1,3,0.211
132.249,0,3,8,-1.2333,1.2333,-1.0432,1.2099,172.4022,0.0000,0.0000,0.0000,-1.0401,1.1329,173.4269,0.025,10361,0.1000,0.0011,0.1916,1,3,0.221
132.352,0,3,8,-1.2333,1.2333,-1.0543,1.2091,172.4215,0.0000,0.0000,0.0000,-1.1393,1.3214,-172.5919,0.015,10368,0.1000,-0.0000,0.1807,1,3,0.208
132.450,0,3,8,-1.2333,1.2333,-1.0639,1.2072,172.3961,0.0000,0.0000,0.0000,-1.0595,1.1371,173.0954,0.028,10372,0.0894,0.0087,0.1715,1,3,0.170
132.549,0,3,8,-1.2333,1.2333,-1.0731,1.2053,172.4357,0.0000,0.0000,0.0000,-1.1509,1.0887,169.1879,0.018,10378,0.0999,-0.0039,0.1627,1,3,0.207
132.649,0,3,8,-1.2333,1.2333,-1.0843,1.2051,172.2665,0.0000,0.0000,0.0000,-1.0807,1.1371,173.1229,0.030,10383,0.0999,-0.0053,0.1517,1,3,0.204
132.749,0,3,8,-1.2333,1.2333,-1.0930,1.2049,172.3168,0.0000,0.0000,0.0000,-1.0198,1.1649,170.4736,0.022,10388,0.0998,-0.0066,0.1432,1,3,0.212
132.849,0,3,8,-1.2333,1.2333,-1.1043,1.2044,172.4918,0.0000,0.0000,0.0000,-1.1757,1.0920,169.0447,0.034,10393,0.1017,-0.0065,0.1322,1,3,0.194
132.951,0,3,8,-1.2333,1.2333,-1.1147,1.2025,172.1366,0.0000,0.0000,0.0000,-1.1896,1.0942,169.0165,0.016,10399,0.0943,-0.0149,0.1226,1,3,0.191
133.049,0,3,8,-1.2333,1.2333,-1.1238,1.2024,172.0389,0.0000,0.0000,0.0000,-1.1196,1.1426,172.7370,0.026,10403,0.0892,-0.0138,0.1138,1,3,0.197
133.150,0,3,8,-1.2333,1.2333,-1.1298,1.2084,171.8647,0.0000,0.0000,0.0000,-1.2090,1.1009,169.0392,0.025,10408,0.0848,-0.0087,0.1065,1,3,0.248
133.250,0,3,8,-1.2333,1.2333,-1.1378,1.2141,171.7435,0.0000,0.0000,0.0000,-1.1426,1.1522,172.5752,0.027,10412,0.0778,-0.0050,0.0975,1,3,0.206
133.349,0,3,8,-1.2333,1.2333,-1.1425,1.2240,171.4916,0.0000,0.0000,0.0000,-1.2269,1.1072,169.3005,0.020,10417,0.0730,0.0023,0.0913,1,3,0.207
133.451,0,3,8,-1.2333,1.2333,-1.1496,1.2280,171.4205,0.0000,0.0000,0.0000,-1.1552,1.1520,172.7743,0.030,10421,0.0670,0.0047,0.0839,1,3,0.202
133.550,0,3,8,-1.2333,1.2333,-1.1545,1.2362,171.3061,0.0000,0.0000,0.0000,-1.2409,1.1082,169.4478,0.024,10426,0.0622,0.0107,0.0789,1,3,0.201
133.651,0,3,8,-1.2333,1.2333,-1.1604,1.2383,171.3101,0.0000,0.0000,0.0000,-1.1740,1.1515,173.0565,0.030,10430,0.0000,0.0000,0.0731,1,3,0.209
133.750,0,3,8,-1.2333,1.2333,-1.1610,1.2455,171.2320,0.0000,0.0000,0.0000,-1.2538,1.1047,169.6241,0.022,10435,0.0000,0.0000,0.0733,1,3,0.174
133.849,0,3,8,-1.2333,1.2333,-1.1611,1.2475,171.1159,0.0000,0.0000,0.0000,-1.1804,1.1619,173.0463,0.024,10439,0.0000,0.0000,0.0736,1,3,0.162
133.948,0,3,8,-1.2333,1.2333,-1.1595,1.2559,170.8722,0.0000,0.0000,0.0000,-1.0169,1.7524,161.5103,0.031,10443,0.0000,0.0000,0.0772,1,3,0.198
134.049,0,3,8,-1.2333,1.2333,-1.1603,1.2570,170.7406,0.0000,0.0000,0.0000,-1.1805,1.1619,173.0486,0.004,10448,0.0000,0.0000,0.0768,1,3,0.204
134.148,0,3,8,-1.2333,1.2333,-1.1602,1.2586,170.6442,0.0000,0.0000,0.0000,-1.2553,1.1046,169.6502,0.010,10452,0.0000,0.0000,0.0774,1,3,0.203
134.249,0,3,8,-1.2333,1.2333,-1.1594,1.2649,170.4152,0.0000,0.0000,0.0000,-1.1805,1.1619,173.0484,0.003,10457,0.0000,0.0000,0.0804,1,3,0.200
134.352,0,3,8,-1.2333,1.2333,-1.1589,1.2696,170.2387,0.0000,0.0000,0.0000,-1.2553,1.1046,169.6510,0.027,10462,0.0000,0.0000,0.0828,1,3,0.201
134.452,0,3,8,-1.2333,1.2333,-1.1588,1.2706,170.1493,0.0000,0.0000,0.0000,-1.1805,1.1619,173.0492,0.034,10466,0.0000,0.0000,0.0833,1,3,0.194
134.548,0,3,8,-1.2333,1.2333,-1.1581,1.2761,169.9551,0.0000,0.0000,0.0000,-1.2553,1.1046,169.6506,0.021,10471,0.0000,0.0000,0.0866,1,3,0.202
134.653,0,3,8,-1.2333,1.2333,-1.1580,1.2769,169.8833,0.0000,0.0000,0.0000,-1.1806,1.1618,173.0494,0.028,10475,0.0000,0.0000,0.0870,0,4,0.210
134.748,0,3,8,-1.2333,1.2333,-1.1574,1.2820,169.7096,0.0000,0.0000,0.0000,-1.2553,1.1046,169.6497,0.018,10480,0.0000,0.0000,0.0902,0,4,0.206
134.850,0,3,8,-1.2333,1.2333,-1.1573,1.2825,169.6462,0.0000,0.0000,0.0000,-1.0169,1.7522,161.5140,0.002,10485,0.0000,0.0000,0.0905,0,4,0.219
134.948,0,3,8,-1.2333,1.2333,-1.1567,1.2873,169.4858,0.0000,0.0000,0.0000,-1.2553,1.1046,169.6506,0.022,10489,0.0000,0.0000,0.0937,0,4,0.170
135.050,0,3,8,-1.2333,1.2333,-1.1567,1.2876,169.4304,0.0000,0.0000,0.0000,-1.0170,1.7521,161.5199,0.003,10494,0.0000,0.0000,0.0939,0,4,0.208
135.153,0,3,8,-1.2333,1.2333,-1.1561,1.2921,169.2784,0.0000,0.0000,0.0000,-1.2553,1.1046,169.6509,0.026,10498,0.0000,0.0000,0.0971,0,4,0.217
135.250,0,3,8,-1.2333,1.2333,-1.1561,1.2922,169.2329,0.0000,0.0000,0.0000,-1.1807,1.1617,173.0529,0.028,10502,0.0000,0.0000,0.0971,0,4,0.188
135.350,0,3,8,-1.2333,1.2333,-1.1560,1.2936,169.1581,0.0000,0.0000,0.0000,-1.0171,1.7521,161.5282,0.007,10506,0.0000,0.0000,0.0981,0,4,0.245
135.450,0,3,8,-1.2333,1.2333,-1.1554,1.2979,169.0135,0.0000,0.0000,0.0000,-1.1808,1.1617,173.0554,0.002,10511,0.0000,0.0000,0.1012,0,4,0.229
135.548,0,3,8,-1.2333,1.2333,-1.1551,1.3005,168.9176,0.0000,0.0000,0.0000,-1.2553,1.1046,169.6503,0.005,10516,0.0000,0.0000,0.1032,0,4,0.203
135.650,0,3,8,-1.2333,1.2333,-1.1549,1.3018,168.8458,0.0000,0.0000,0.0000,-1.1808,1.1616,173.0554,0.003,10520,0.0000,0.0000,0.1041,0,4,0.207
135.750,0,3,8,-1.2333,1.2333,-1.1546,1.3041,168.7577,0.0000,0.0000,0.0000,-1.2553,1.1046,169.6505,0.025,10525,0.0000,0.0000,0.1059,0,4,0.196
135.851,0,3,8,-1.2333,1.2333,-1.1548,1.3037,168.7274,0.0000,0.0000,0.0000,-1.1808,1.1616,173.0571,0.033,10529,0.0000,0.0000,0.1055,0,4,0.198
135.950,0,3,8,-1.2333,1.2333,-1.1543,1.3074,168.6132,0.0000,0.0000,0.0000,-1.2553,1.1046,169.6506,0.023,10534,0.0000,0.0000,0.1083,0,4,0.204
136.051,0,3,8,-1.2333,1.2333,-1.1544,1.3068,168.5822,0.0000,0.0000,0.0000,-1.0171,1.7520,161.5272,0.002,10539,0.0000,0.0000,0.1078,0,4,0.206
136.150,0,3,8,-1.2333,1.2333,-1.1540,1.3104,168.4780,0.0000,0.0000,0.0000,-1.2553,1.1046,169.6510,0.024,10543,0.0000,0.0000,0.1106,0,4,0.214
136.248,0,3,8,-1.2333,1.2333,-1.1541,1.3097,168.4515,0.0000,0.0000,0.0000,-1.0172,1.7519,161.5317,0.003,10548,0.0000,0.0000,0.1100,0,4,0.189
136.351,0,3,8,-1.2333,1.2333,-1.1537,1.3130,168.3530,0.0000,0.0000,0.0000,-1.2553,1.1046,169.6511,0.023,10552,0.0000,0.0000,0.1127,0,4,0.198
136.451,0,3,8,-1.2333,1.2333,-1.1538,1.3122,168.3295,0.0000,0.0000,0.0000,-1.1809,1.1614,173.0591,0.030,10556,0.0000,0.0000,0.1120,0,4,0.202
136.550,0,3,8,-1.2333,1.2333,-1.1534,1.3155,168.2352,0.0000,0.0000,0.0000,-1.2553,1.1046,169.6504,0.021,10561,0.0000,0.0000,0.1146,0,4,0.195
136.650,0,3,8,-1.2333,1.2333,-1.1536,1.3146,168.2211,0.0000,0.0000,0.0000,-1.1809,1.1614,173.0591,0.026,10565,0.0000,0.0000,0.1138,0,4,0.204
136.748,0,3,8,-1.2333,1.2333,-1.1520,1.3200,168.1089,0.0000,0.0000,0.0000,-1.0171,1.7518,161.5316,0.014,10569,0.0000,0.0000,0.1189,0,4,0.203
136.848,0,3,8,-1.2333,1.2333,-1.1531,1.3184,168.0682,0.0000,0.0000,0.0000,-1.1809,1.1614,173.0611,0.005,10574,0.0000,0.0000,0.1169,0,4,0.206
136.950,0,3,8,-1.2333,1.2333,-1.1544,1.3150,168.0756,0.0000,0.0000,0.0000,-1.0172,1.7517,161.5349,0.002,10579,0.0000,0.0000,0.1136,0,4,0.151
137.051,0,3,8,-1.2333,1.2333,-1.1532,1.3186,168.0133,0.0000,0.0000,0.0000,-1.0172,1.7517,161.5388,0.002,10584,0.0000,0.0000,0.1171,0,4,0.200
137.150,0,3,8,-1.2333,1.2333,-1.1528,1.3215,167.9318,0.0000,0.0000,0.0000,-1.2553,1.1046,169.6506,0.023,10588,0.0000,0.0000,0.1194,0,4,0.195
137.249,0,3,8,-1.2333,1.2333,-1.1530,1.3204,167.9211,0.0000,0.0000,0.0000,-1.0173,1.7517,161.5410,0.003,10593,0.0000,0.0000,0.1185,0,4,0.173
137.350,0,3,8,-1.2333,1.2333,-1.1526,1.3232,167.8447,0.0000,0.0000,0.0000,-1.2553,1.1046,169.6507,0.024,10597,0.0000,0.0000,0.1208,0,4,0.217
137.450,0,3,8,-1.2333,1.2333,-1.1529,1.3219,167.8444,0.0000,0.0000,0.0000,-1.1810,1.1613,173.0637,0.032,10601,0.0000,0.0000,0.1197,0,4,0.208
137.550,0,3,8,-1.2333,1.2333,-1.1525,1.3247,167.7640,0.0000,0.0000,0.0000,-1.2553,1.1045,169.6513,0.022,10606,0.0000,0.0000,0.1220,0,4,0.208
137.650,0,3,8,-1.2333,1.2333,-1.1527,1.3234,167.7611,0.0000,0.0000,0.0000,-1.0172,1.7516,161.5403,0.003,10611,0.0000,0.0000,0.1209,0,4,0.207
137.749,0,3,8,-1.2333,1.2333,-1.1523,1.3260,167.6844,0.0000,0.0000,0.0000,-1.2553,1.1046,169.6504,0.021,10615,0.0000,0.0000,0.1231,0,4,0.215
137.849,0,3,8,-1.2333,1.2333,-1.1526,1.3247,167.6877,0.0000,0.0000,0.0000,-1.0172,1.7516,161.5413,0.003,10620,0.0000,0.0000,0.1219,0,4,0.205
137.952,0,3,8,-1.2333,1.2333,-1.1522,1.3273,167.6175,0.0000,0.0000,0.0000,-1.2553,1.1046,169.6506,0.021,10624,0.0000,0.0000,0.1241,0,4,0.236
138.050,0,3,8,-1.2333,1.2333,-1.1525,1.3258,167.6187,0.0000,0.0000,0.0000,-1.1810,1.1612,173.0631,0.025,10628,0.0000,0.0000,0.1228,0,4,0.176
138.148,0,3,8,-1.2333,1.2333,-1.1525,1.3262,167.5849,0.0000,0.0000,0.0000,-1.2553,1.1045,169.6514,0.004,10633,0.0000,0.0000,0.1231,0,4,0.195
138.251,0,3,8,-1.2333,1.2333,-1.1521,1.3287,167.5150,0.0000,0.0000,0.0000,-1.1810,1.1612,173.0634,0.006,10637,0.0000,0.0000,0.1253,0,4,0.201
138.349,0,3,8,-1.2333,1.2333,-1.1520,1.3294,167.4919,0.0000,0.0000,0.0000,-1.2553,1.1046,169.6505,0.023,10642,0.0000,0.0000,0.1258,0,4,0.206
138.450,0,3,8,-1.2333,1.2333,-1.1523,1.3279,167.5065,0.0000,0.0000,0.0000,-1.0173,1.7514,161.5477,0.002,10647,0.0000,0.0000,0.1245,0,4,0.204
138.548,0,3,8,-1.2333,1.2333,-1.1519,1.3303,167.4397,0.0000,0.0000,0.0000,-1.2553,1.1046,169.6506,0.021,10651,0.0000,0.0000,0.1266,0,4,0.203
138.650,0,3,8,-1.2333,1.2333,-1.1522,1.3288,167.4455,0.0000,0.0000,0.0000,-1.0172,1.7514,161.5454,0.002,10656,0.0000,0.0000,0.1252,0,4,0.198
138.749,0,3,8,-1.2333,1.2333,-1.1519,1.3311,167.3879,0.0000,0.0000,0.0000,-1.2553,1.1046,169.6504,0.021,10660,0.0000,0.0000,0.1273,0,4,0.205
138.851,0,3,8,-1.2333,1.2333,-1.1507,1.3341,167.3428,0.0000,0.0000,0.0000,-1.0172,1.7514,161.5441,0.002,10665,0.0000,0.0000,0.1303,0,4,0.205
138.952,0,3,8,-1.2333,1.2333,-1.1518,1.3319,167.3397,0.0000,0.0000,0.0000,-1.2553,1.1046,169.6506,0.023,10669,0.0000,0.0000,0.1279,0,4,0.196
139.048,0,3,8,-1.2333,1.2333,-1.1521,1.3303,167.3544,0.0000,0.0000,0.0000,-1.1811,1.1611,173.0660,0.026,10673,0.0000,0.0000,0.1265,0,4,0.195
139.150,0,3,8,-1.2333,1.2333,-1.1517,1.3326,167.2954,0.0000,0.0000,0.0000,-1.2553,1.1046,169.6507,0.024,10678,0.0000,0.0000,0.1285,0,4,0.207
139.252,0,3,8,-1.2333,1.2333,-1.1520,1.3309,167.3074,0.0000,0.0000,0.0000,-1.0172,1.7513,161.5450,0.003,10683,0.0000,0.0000,0.1270,0,4,0.194
139.351,0,3,8,-1.2333,1.2333,-1.1517,1.3332,167.2547,0.0000,0.0000,0.0000,-1.2553,1.1046,169.6507,0.023,10687,0.0000,0.0000,0.1290,0,4,0.200
139.450,0,3,8,-1.2333,1.2333,-1.1520,1.3316,167.2656,0.0000,0.0000,0.0000,-1.1811,1.1610,173.0665,0.027,10691,0.0000,0.0000,0.1276,0,4,0.199
139.548,0,3,8,-1.2333,1.2333,-1.1505,1.3363,167.1946,0.0000,0.0000,0.0000,-1.0171,1.7513,161.5450,0.031,10695,0.0000,0.0000,0.1321,0,4,0.205
139.650,0,3,8,-1.2333,1.2333,-1.1516,1.3339,167.1858,0.0000,0.0000,0.0000,-1.1812,1.1610,173.0689,0.006,10700,0.0000,0.0000,0.1296,0,4,0.208
139.748,0,3,8,-1.2333,1.2333,-1.1516,1.3343,167.1753,0.0000,0.0000,0.0000,-1.0173,1.7512,161.5505,0.010,10705,0.0000,0.0000,0.1299,0,4,0.234
139.848,0,3,8,-1.2333,1.2333,-1.1519,1.3326,167.1922,0.0000,0.0000,0.0000,-1.1811,1.1610,173.0666,0.025,10709,0.0000,0.0000,0.1284,0,4,0.211
139.950,0,3,8,-1.2333,1.2333,-1.1516,1.3348,167.1378,0.0000,0.0000,0.0000,-1.2553,1.1046,169.6500,0.024,10714,0.0000,0.0000,0.1303,0,4,0.206
140.049,0,3,8,-1.2333,1.2333,-1.1519,1.3330,167.1581,0.0000,0.0000,0.0000,-1.0172,1.7511,161.5504,0.003,10719,0.0000,0.0000,0.1288,0,4,0.206
140.151,0,3,8,-1.2333,1.2333,-1.1515,1.3352,167.1068,0.0000,0.0000,0.0000,-1.2553,1.1046,169.6506,0.026,10723,0.0000,0.0000,0.1306,0,4,0.214
140.248,0,3,8,-1.2333,1.2333,-1.1518,1.3334,167.1323,0.0000,0.0000,0.0000,-1.0173,1.7511,161.5529,0.003,10728,0.0000,0.0000,0.1291,0,4,0.190
140.353,0,3,8,-1.2333,1.2333,-1.1515,1.3355,167.0801,0.0000,0.0000,0.0000,-1.2553,1.1045,169.6511,0.025,10732,0.0000,0.0000,0.1309,0,4,0.198
140.451,0,3,8,-1.2333,1.2333,-1.1518,1.3338,167.0979,0.0000,0.0000,0.0000,-1.0172,1.7511,161.5510,0.002,10737,0.0000,0.0000,0.1294,0,4,0.205
140.551,0,3,8,-1.2333,1.2333,-1.1515,1.3359,167.0523,0.0000,0.0000,0.0000,-1.2553,1.1046,169.6508,0.025,10741,0.0000,0.0000,0.1312,0,4,0.210
140.652,0,3,8,-1.2333,1.2333,-1.1504,1.3386,167.0210,0.0000,0.0000,0.0000,-1.0173,1.7510,161.5552,0.002,10746,0.0000,0.0000,0.1340,0,4,0.208
140.751,0,3,8,-1.2333,1.2333,-1.1504,1.3387,167.0047,0.0000,0.0000,0.0000,-1.0172,1.7510,161.5518,0.038,10749,0.0000,0.0000,0.1341,0,4,0.208
140.848,0,3,8,-1.2333,1.2333,-1.1515,1.3362,166.9948,0.0000,0.0000,0.0000,-1.1812,1.1609,173.0696,0.004,10754,0.0000,0.0000,0.1315,0,4,0.204
140.950,0,3,8,-1.2333,1.2333,-1.1529,1.3319,167.0427,0.0000,0.0000,0.0000,-1.0174,1.7510,161.5575,0.003,10759,0.0000,0.0000,0.1272,0,4,0.200
141.050,0,3,8,-1.2333,1.2333,-1.1518,1.3346,167.0206,0.0000,0.0000,0.0000,-1.1813,1.1609,173.0714,0.019,10763,0.0000,0.0000,0.1301,0,4,0.206
141.152,0,3,8,-1.2333,1.2333,-1.1514,1.3367,166.9722,0.0000,0.0000,0.0000,-1.2553,1.1046,169.6509,0.026,10768,0.0000,0.0000,0.1319,0,4,0.197
141.249,0,3,8,-1.2333,1.2333,-1.1518,1.3349,166.9975,0.0000,0.0000,0.0000,-1.0173,1.7509,161.5576,0.002,10773,0.0000,0.0000,0.1303,0,4,0.203
141.349,0,3,8,-1.2333,1.2333,-1.1514,1.3369,166.9509,0.0000,0.0000,0.0000,-1.2553,1.1046,169.6502,0.023,10777,0.0000,0.0000,0.1321,0,4,0.204
141.450,0,3,8,-1.2333,1.2333,-1.1517,1.3351,166.9815,0.0000,0.0000,0.0000,-1.0172,1.7509,161.5550,0.002,10782,0.0000,0.0000,0.1304,0,4,0.207
141.553,0,3,8,-1.2333,1.2333,-1.1514,1.3371,166.9423,0.0000,0.0000,0.0000,-1.2553,1.1046,169.6511,0.027,10786,0.0000,0.0000,0.1322,0,4,0.196
141.650,0,3,8,-1.2333,1.2333,-1.1517,1.3353,166.9637,0.0000,0.0000,0.0000,-1.0173,1.7509,161.5599,0.003,10791,0.0000,0.0000,0.1306,0,4,0.202
141.752,0,3,8,-1.2333,1.2333,-1.1514,1.3373,166.9253,0.0000,0.0000,0.0000,-1.2553,1.1046,169.6511,0.021,10795,0.0000,0.0000,0.1324,0,4,0.206
141.848,0,3,8,-1.2333,1.2333,-1.1517,1.3355,166.9473,0.0000,0.0000,0.0000,-1.0173,1.7508,161.5592,0.005,10800,0.0000,0.0000,0.1307,0,4,0.196
141.949,0,3,8,-1.2333,1.2333,-1.1514,1.3374,166.9071,0.0000,0.0000,0.0000,-1.2553,1.1046,169.6502,0.020,10804,0.0000,0.0000,0.1325,0,4,0.208
142.049,0,3,8,-1.2333,1.2333,-1.1517,1.3356,166.9312,0.0000,0.0000,0.0000,-1.0172,1.7508,161.5577,0.003,10809,0.0000,0.0000,0.1308,0,4,0.198
142.150,0,3,8,-1.2333,1.2333,-1.1517,1.3356,166.9082,0.0000,0.0000,0.0000,-1.0173,1.7508,161.5586,0.006,10812,0.0000,0.0000,0.1309,0,4,0.202
142.251,0,3,8,-1.2333,1.2333,-1.1514,1.3377,166.8643,0.0000,0.0000,0.0000,-1.1813,1.1607,173.0731,0.006,10817,0.0000,0.0000,0.1327,0,4,0.191
142.350,0,3,8,-1.2333,1.2333,-1.1514,1.3378,166.8746,0.0000,0.0000,0.0000,-1.2553,1.1046,169.6511,0.015,10822,0.0000,0.0000,0.1328,0,4,0.215
142.451,0,3,8,-1.2333,1.2333,-1.1514,1.3378,166.8508,0.0000,0.0000,0.0000,-1.1814,1.1607,173.0753,0.003,10826,0.0000,0.0000,0.1328,0,4,0.198
142.550,0,3,8,-1.2333,1.2333,-1.1514,1.3379,166.8645,0.0000,0.0000,0.0000,-1.2553,1.1046,169.6509,0.024,10831,0.0000,0.0000,0.1328,0,4,0.209
142.650,0,3,8,-1.2333,1.2333,-1.1517,1.3360,166.8893,0.0000,0.0000,0.0000,-1.0172,1.7507,161.5588,0.003,10836,0.0000,0.0000,0.1312,0,4,0.200
142.750,0,3,8,-1.2333,1.2333,-1.1514,1.3380,166.8469,0.0000,0.0000,0.0000,-1.2553,1.1046,169.6509,0.023,10840,0.0000,0.0000,0.1329,0,4,0.193
142.849,0,3,8,-1.2333,1.2333,-1.1517,1.3361,166.8766,0.0000,0.0000,0.0000,-1.0173,1.7507,161.5603,0.004,10845,0.0000,0.0000,0.1313,0,4,0.193
142.951,0,3,8,-1.2333,1.2333,-1.1514,1.3381,166.8363,0.0000,0.0000,0.0000,-1.2553,1.1046,169.6507,0.025,10849,0.0000,0.0000,0.1330,0,4,0.207
143.051,0,3,8,-1.2333,1.2333,-1.1517,1.3362,166.8671,0.0000,0.0000,0.0000,-1.1814,1.1607,173.0738,0.033,10853,0.0000,0.0000,0.1313,0,4,0.184
143.149,0,3,8,-1.2333,1.2333,-1.1514,1.3382,166.8319,0.0000,0.0000,0.0000,-1.2553,1.1046,169.6508,0.021,10858,0.0000,0.0000,0.1331,0,4,0.197
143.250,0,3,8,-1.2333,1.2333,-1.1517,1.3363,166.8568,0.0000,0.0000,0.0000,-1.0173,1.7507,161.5653,0.006,10863,0.0000,0.0000,0.1314,0,4,0.197
143.351,0,3,8,-1.2333,1.2333,-1.1514,1.3382,166.8191,0.0000,0.0000,0.0000,-1.2553,1.1046,169.6509,0.023,10867,0.0000,0.0000,0.1331,0,4,0.196
143.451,0,3,8,-1.2333,1.2333,-1.1517,1.3364,166.8526,0.0000,0.0000,0.0000,-1.1814,1.1607,173.0737,0.028,10871,0.0000,0.0000,0.1314,0,4,0.203
143.549,0,3,8,-1.2333,1.2333,-1.1502,1.3409,166.7884,0.0000,0.0000,0.0000,-1.2553,1.1046,169.6507,0.004,10876,0.0000,0.0000,0.1359,0,4,0.203
143.649,0,3,8,-1.2333,1.2333,-1.1514,1.3383,166.7918,0.0000,0.0000,0.0000,-1.1814,1.1607,173.0748,0.003,10880,0.0000,0.0000,0.1332,0,4,0.211
143.748,0,3,8,-1.2333,1.2333,-1.1528,1.3339,166.8446,0.0000,0.0000,0.0000,-1.0172,1.7506,161.5623,0.003,10885,0.0000,0.0000,0.1288,0,4,0.202
143.848,0,3,8,-1.2333,1.2333,-1.1517,1.3365,166.8314,0.0000,0.0000,0.0000,-1.0172,1.7506,161.5586,0.003,10890,0.0000,0.0000,0.1316,0,4,0.196
143.949,0,3,8,-1.2333,1.2333,-1.1514,1.3384,166.7932,0.0000,0.0000,0.0000,-1.2553,1.1046,169.6512,0.023,10894,0.0000,0.0000,0.1333,0,4,0.194
144.048,0,3,8,-1.2333,1.2333,-1.1517,1.3365,166.8237,0.0000,0.0000,0.0000,-1.0172,1.7506,161.5621,0.004,10899,0.0000,0.0000,0.1316,0,4,0.208
144.148,0,3,8,-1.2333,1.2333,-1.1514,1.3385,166.7905,0.0000,0.0000,0.0000,-1.2553,1.1046,169.6512,0.022,10903,0.0000,0.0000,0.1333,0,4,0.172
144.248,0,3,8,-1.2333,1.2333,-1.1517,1.3366,166.8170,0.0000,0.0000,0.0000,-1.0172,1.7506,161.5633,0.003,10908,0.0000,0.0000,0.1316,0,4,0.205
144.352,0,3,8,-1.2333,1.2333,-1.1514,1.3385,166.7778,0.0000,0.0000,0.0000,-1.2553,1.1046,169.6509,0.029,10912,0.0000,0.0000,0.1333,0,4,0.199
144.451,0,3,8,-1.2333,1.2333,-1.1517,1.3366,166.8111,0.0000,0.0000,0.0000,-1.1814,1.1606,173.0759,0.032,10916,0.0000,0.0000,0.1317,0,4,0.201
144.550,0,3,8,-1.2333,1.2333,-1.1514,1.3386,166.7726,0.0000,0.0000,0.0000,-1.2553,1.1046,169.6509,0.027,10921,0.0000,0.0000,0.1334,0,4,0.212
144.649,0,3,8,-1.2333,1.2333,-1.1517,1.3367,166.8061,0.0000,0.0000,0.0000,-1.0173,1.7504,161.5706,0.003,10926,0.0000,0.0000,0.1317,0,4,0.205
144.751,0,3,8,-1.2333,1.2333,-1.1514,1.3386,166.7668,0.0000,0.0000,0.0000,-1.2553,1.1046,169.6513,0.021,10930,0.0000,0.0000,0.1334,0,4,0.202
144.850,0,3,8,-1.2333,1.2333,-1.1517,1.3367,166.8094,0.0000,0.0000,0.0000,-1.1814,1.1606,173.0764,0.026,10934,0.0000,0.0000,0.1317,0,4,0.218
144.950,0,3,8,-1.2333,1.2333,-1.1528,1.3342,166.8168,0.0000,0.0000,0.0000,-1.0176,1.7502,161.5864,0.006,10939,0.0000,0.0000,0.1290,0,4,0.181
145.051,0,3,8,-1.2333,1.2333,-1.1517,1.3367,166.8059,0.0000,0.0000,0.0000,-1.1819,1.1604,173.0906,0.019,10943,0.0000,0.0000,0.1317,0,4,0.203
145.151,0,3,8,-1.2333,1.2333,-1.1514,1.3386,166.7724,0.0000,0.0000,0.0000,-1.2553,1.1044,169.6546,0.024,10948,0.0000,0.0000,0.1334,0,4,0.199
145.252,0,3,8,-1.2333,1.2333,-1.1514,1.3386,166.7582,0.0000,0.0000,0.0000,-1.0176,1.7502,161.5890,0.002,10953,0.0000,0.0000,0.1334,0,4,0.207
145.350,0,3,8,-1.2333,1.2333,-1.1514,1.3386,166.7726,0.0000,0.0000,0.0000,-1.2553,1.1044,169.6547,0.028,10957,0.0000,0.0000,0.1334,0,4,0.213
145.450,0,3,8,-1.2333,1.2333,-1.1518,1.3367,166.8016,0.0000,0.0000,0.0000,-1.0176,1.7501,161.5897,0.002,10962,0.0000,0.0000,0.1317,0,4,0.186
145.550,0,3,8,-1.2333,1.2333,-1.1515,1.3386,166.7647,0.0000,0.0000,0.0000,-1.2553,1.1044,169.6547,0.025,10966,0.0000,0.0000,0.1334,0,4,0.199
145.648,0,3,8,-1.2333,1.2333,-1.1518,1.3367,166.7983,0.0000,0.0000,0.0000,-1.0176,1.7501,161.5901,0.003,10971,0.0000,0.0000,0.1316,0,4,0.195
145.751,0,3,8,-1.2333,1.2333,-1.1515,1.3386,166.7611,0.0000,0.0000,0.0000,-1.2553,1.1044,169.6548,0.026,10975,0.0000,0.0000,0.1333,0,4,0.206
145.849,0,3,8,-1.2333,1.2333,-1.1518,1.3367,166.7944,0.0000,0.0000,0.0000,-1.0176,1.7501,161.5907,0.004,10980,0.0000,0.0000,0.1316,0,4,0.204
145.950,0,3,8,-1.2333,1.2333,-1.1515,1.3386,166.7637,0.0000,0.0000,0.0000,-1.2553,1.1044,169.6551,0.022,10984,0.0000,0.0000,0.1333,0,4,0.196
146.051,0,3,8,-1.2333,1.2333,-1.1518,1.3367,166.7904,0.0000,0.0000,0.0000,-1.0177,1.7500,161.5949,0.002,10989,0.0000,0.0000,0.1316,0,4,0.205
146.151,0,3,8,-1.2333,1.2333,-1.1515,1.3386,166.7592,0.0000,0.0000,0.0000,-1.2553,1.1044,169.6547,0.026,10993,0.0000,0.0000,0.1333,0,4,0.205
146.250,0,3,8,-1.2333,1.2333,-1.1518,1.3367,166.7899,0.0000,0.0000,0.0000,-1.1819,1.1603,173.0933,0.027,10997,0.0000,0.0000,0.1317,0,4,0.205
146.350,0,3,8,-1.2333,1.2333,-1.1504,1.3412,166.7275,0.0000,0.0000,0.0000,-1.0177,1.7500,161.5950,0.028,11001,0.0000,0.0000,0.1361,0,4,0.198
146.451,0,3,8,-1.2333,1.2333,-1.1515,1.3386,166.7335,0.0000,0.0000,0.0000,-1.1819,1.1603,173.0935,0.003,11006,0.0000,0.0000,0.1333,0,4,0.202
146.549,0,3,8,-1.2333,1.2333,-1.1515,1.3386,166.7523,0.0000,0.0000,0.0000,-1.0177,1.7500,161.5964,0.015,11011,0.0000,0.0000,0.1334,0,4,0.203
146.648,0,3,8,-1.2333,1.2333,-1.1519,1.3367,166.7831,0.0000,0.0000,0.0000,-1.0177,1.7500,161.5932,0.003,11016,0.0000,0.0000,0.1316,0,4,0.195
146.753,0,3,8,-1.2333,1.2333,-1.1515,1.3386,166.7443,0.0000,0.0000,0.0000,-1.2553,1.1044,169.6557,0.022,11020,0.0000,0.0000,0.1333,0,4,0.230
146.849,0,3,8,-1.2333,1.2333,-1.1519,1.3367,166.7852,0.0000,0.0000,0.0000,-1.0177,1.7500,161.5950,0.002,11025,0.0000,0.0000,0.1317,0,4,0.196
146.950,0,3,8,-1.2333,1.2333,-1.1515,1.3386,166.7491,0.0000,0.0000,0.0000,-1.2553,1.1044,169.6553,0.027,11029,0.0000,0.0000,0.1333,0,4,0.191
147.049,0,3,8,-1.2333,1.2333,-1.1519,1.3367,166.7782,0.0000,0.0000,0.0000,-1.0177,1.7499,161.5957,0.003,11034,0.0000,0.0000,0.1316,0,4,0.193
147.148,0,3,8,-1.2333,1.2333,-1.1516,1.3386,166.7475,0.0000,0.0000,0.0000,-1.2553,1.1044,169.6555,0.021,11038,0.0000,0.0000,0.1333,0,4,0.199
147.248,0,3,8,-1.2333,1.2333,-1.1519,1.3367,166.7759,0.0000,0.0000,0.0000,-1.0178,1.7499,161.5984,0.003,11043,0.0000,0.0000,0.1316,0,4,0.205
147.351,0,3,8,-1.2333,1.2333,-1.1516,1.3386,166.7403,0.0000,0.0000,0.0000,-1.2553,1.1043,169.6561,0.024,11047,0.0000,0.0000,0.1333,0,4,0.200
147.449,0,3,8,-1.2333,1.2333,-1.1519,1.3367,166.7760,0.0000,0.0000,0.0000,-1.0177,1.7499,161.5980,0.002,11052,0.0000,0.0000,0.1316,0,4,0.202
147.551,0,3,8,-1.2333,1.2333,-1.1505,1.3411,166.7220,0.0000,0.0000,0.0000,-1.0177,1.7499,161.5963,0.039,11055,0.0000,0.0000,0.1360,0,4,0.208
147.648,0,3,8,-1.2333,1.2333,-1.1516,1.3386,166.7225,0.0000,0.0000,0.0000,-1.1819,1.1603,173.0930,0.003,11060,0.0000,0.0000,0.1332,0,4,0.200
147.750,0,3,8,-1.2333,1.2333,-1.1531,1.3341,166.7839,0.0000,0.0000,0.0000,-1.0178,1.7498,161.6038,0.007,11065,0.0000,0.0000,0.1288,0,4,0.166
147.850,0,3,8,-1.2333,1.2333,-1.1519,1.3367,166.7733,0.0000,0.0000,0.0000,-1.1819,1.1603,173.0951,0.019,11069,0.0000,0.0000,0.1315,0,4,0.203
147.953,0,3,8,-1.2333,1.2333,-1.1516,1.3386,166.7436,0.0000,0.0000,0.0000,-1.2553,1.1044,169.6551,0.026,11074,0.0000,0.0000,0.1333,0,4,0.207
148.049,0,3,8,-1.2333,1.2333,-1.1519,1.3367,166.7724,0.0000,0.0000,0.0000,-1.0177,1.7498,161.5998,0.003,11079,0.0000,0.0000,0.1316,0,4,0.207
148.153,0,3,8,-1.2333,1.2333,-1.1516,1.3386,166.7371,0.0000,0.0000,0.0000,-1.2553,1.1044,169.6552,0.029,11083,0.0000,0.0000,0.1332,0,4,0.199
148.250,0,3,8,-1.2333,1.2333,-1.1519,1.3367,166.7714,0.0000,0.0000,0.0000,-1.0177,1.7498,161.5996,0.006,11088,0.0000,0.0000,0.1315,0,4,0.205
148.351,0,3,8,-1.2333,1.2333,-1.1516,1.3386,166.7359,0.0000,0.0000,0.0000,-1.2553,1.1044,169.6556,0.028,11092,0.0000,0.0000,0.1332,0,4,0.211
148.449,0,3,8,-1.2333,1.2333,-1.1520,1.3367,166.7688,0.0000,0.0000,0.0000,-1.0178,1.7497,161.6025,0.003,11097,0.0000,0.0000,0.1315,0,4,0.194
148.551,0,3,8,-1.2333,1.2333,-1.1516,1.3385,166.7332,0.0000,0.0000,0.0000,-1.2553,1.1044,169.6547,0.028,11101,0.0000,0.0000,0.1332,0,4,0.202
148.648,0,3,8,-1.2333,1.2333,-1.1520,1.3366,166.7743,0.0000,0.0000,0.0000,-1.0178,1.7497,161.6032,0.005,11106,0.0000,0.0000,0.1315,0,4,0.171
148.752,0,3,8,-1.2333,1.2333,-1.1517,1.3385,166.7383,0.0000,0.0000,0.0000,-1.2553,1.1044,169.6555,0.026,11110,0.0000,0.0000,0.1332,0,4,0.207
148.848,0,3,8,-1.2333,1.2333,-1.1520,1.3366,166.7726,0.0000,0.0000,0.0000,-1.0177,1.7497,161.6012,0.003,11115,0.0000,0.0000,0.1315,0,4,0.200
148.951,0,3,8,-1.2333,1.2333,-1.1516,1.3386,166.7283,0.0000,0.0000,0.0000,-1.0178,1.7497,161.6034,0.009,11119,0.0000,0.0000,0.1332,0,4,0.202
149.049,0,3,8,-1.2333,1.2333,-1.1516,1.3386,166.7186,0.0000,0.0000,0.0000,-1.1821,1.1600,173.1016,0.007,11123,0.0000,0.0000,0.1332,0,4,0.183
149.150,0,3,8,-1.2333,1.2333,-1.1505,1.3411,166.7061,0.0000,0.0000,0.0000,-1.0177,1.7497,161.6028,0.027,11127,0.0000,0.0000,0.1359,0,4,0.207
149.249,0,3,8,-1.2333,1.2333,-1.1517,1.3386,166.7122,0.0000,0.0000,0.0000,-1.1822,1.1600,173.1036,0.004,11132,0.0000,0.0000,0.1332,0,4,0.210
149.351,0,3,8,-1.2333,1.2333,-1.1517,1.3385,166.7340,0.0000,0.0000,0.0000,-1.2553,1.1044,169.6554,0.024,11137,0.0000,0.0000,0.1332,0,4,0.194
149.448,0,3,8,-1.2333,1.2333,-1.1520,1.3366,166.7627,0.0000,0.0000,0.0000,-1.1822,1.1600,173.1045,0.030,11141,0.0000,0.0000,0.1315,0,4,0.212
149.551,0,3,8,-1.2333,1.2333,-1.1517,1.3385,166.7274,0.0000,0.0000,0.0000,-1.2553,1.1044,169.6552,0.027,11146,0.0000,0.0000,0.1332,0,4,0.206
149.649,0,3,8,-1.2333,1.2333,-1.1520,1.3366,166.7620,0.0000,0.0000,0.0000,-1.0176,1.7496,161.6009,0.005,11151,0.0000,0.0000,0.1314,0,4,0.189
149.751,0,3,8,-1.2333,1.2333,-1.1517,1.3385,166.7323,0.0000,0.0000,0.0000,-1.2553,1.1044,169.6550,0.024,11155,0.0000,0.0000,0.1331,0,4,0.204
149.848,0,3,8,-1.2333,1.2333,-1.1520,1.3366,166.7624,0.0000,0.0000,0.0000,-1.1821,1.1600,173.1020,0.031,11159,0.0000,0.0000,0.1314,0,4,0.208
149.951,0,3,8,-1.2333,1.2333,-1.1517,1.3385,166.7272,0.0000,0.0000,0.0000,-1.2553,1.1043,169.6558,0.021,11164,0.0000,0.0000,0.1331,0,4,0.213
150.049,0,3,8,-1.2333,1.2333,-1.1520,1.3365,166.7613,0.0000,0.0000,0.0000,-1.0177,1.7496,161.6002,0.003,11169,0.0000,0.0000,0.1314,0,4,0.204
150.150,0,3,8,-1.2333,1.2333,-1.1517,1.3385,166.7253,0.0000,0.0000,0.0000,-1.2553,1.1043,169.6559,0.022,11173,0.0000,0.0000,0.1331,0,4,0.202
150.249,0,3,8,-1.2333,1.2333,-1.1520,1.3365,166.7604,0.0000,0.0000,0.0000,-1.1821,1.1599,173.1031,0.027,11177,0.0000,0.0000,0.1314,0,4,0.198
150.350,0,3,8,-1.2333,1.2333,-1.1506,1.3410,166.7041,0.0000,0.0000,0.0000,-1.2553,1.1043,169.6557,0.003,11182,0.0000,0.0000,0.1358,0,4,0.204
150.450,0,3,8,-1.2333,1.2333,-1.1517,1.3384,166.7089,0.0000,0.0000,0.0000,-1.1821,1.1599,173.1030,0.006,11186,0.0000,0.0000,0.1331,0,4,0.209
150.550,0,3,8,-1.2333,1.2333,-1.1532,1.3340,166.7726,0.0000,0.0000,0.0000,-1.0177,1.7495,161.6040,0.006,11191,0.0000,0.0000,0.1287,0,4,0.204
150.650,0,3,8,-1.2333,1.2333,-1.1520,1.3365,166.7626,0.0000,0.0000,0.0000,-1.0177,1.7495,161.6043,0.003,11196,0.0000,0.0000,0.1314,0,4,0.215
150.749,0,3,8,-1.2333,1.2333,-1.1517,1.3384,166.7339,0.0000,0.0000,0.0000,-1.2553,1.1044,169.6555,0.025,11200,0.0000,0.0000,0.1331,0,4,0.200
150.860,0,3,8,-1.2333,1.2333,-1.1520,1.3365,166.7720,0.0000,0.0000,0.0000,-1.1822,1.1599,173.1052,0.041,11204,0.0000,0.0000,0.1314,0,4,0.195
150.960,0,3,8,-1.2333,1.2333,-1.1517,1.3384,166.7298,0.0000,0.0000,0.0000,-1.2553,1.1044,169.6547,0.024,11209,0.0000,0.0000,0.1330,0,4,0.202
151.050,0,3,8,-1.2333,1.2333,-1.1520,1.3365,166.7728,0.0000,0.0000,0.0000,-1.1821,1.1599,173.1037,0.025,11213,0.0000,0.0000,0.1313,0,4,0.202
151.162,0,3,8,-1.2333,1.2333,-1.1517,1.3384,166.7457,0.0000,0.0000,0.0000,-1.2553,1.1043,169.6561,0.021,11218,0.0000,0.0000,0.1330,0,4,0.203
151.254,0,3,8,-1.2333,1.2333,-1.1517,1.3384,166.7395,0.0000,0.0000,0.0000,-1.1822,1.1599,173.1053,0.015,11222,0.0000,0.0000,0.1330,0,4,0.210
151.356,0,3,8,-1.2333,1.2333,-1.1517,1.3383,166.7429,0.0000,0.0000,0.0000,-1.2553,1.1044,169.6552,0.013,11227,0.0000,0.0000,0.1330,0,4,0.171
151.456,0,3,8,-1.2333,1.2333,-1.1521,1.3364,166.7820,0.0000,0.0000,0.0000,-1.1821,1.1599,173.1037,0.035,11231,0.0000,0.0000,0.1312,0,4,0.205
151.549,0,3,8,-1.2333,1.2333,-1.1517,1.3383,166.7355,0.0000,0.0000,0.0000,-1.2553,1.1043,169.6559,0.016,11236,0.0000,0.0000,0.1329,0,4,0.170
151.649,0,3,8,-1.2333,1.2333,-1.1510,1.3389,166.7576,0.0000,0.0000,0.0000,-1.1822,1.1598,173.1082,0.029,11239,0.0000,0.0000,0.1339,0,4,0.170
151.752,0,3,8,-1.2333,1.2333,-1.1521,1.3363,166.7691,0.0000,0.0000,0.0000,-1.1822,1.1598,173.1068,0.008,11243,0.0000,0.0000,0.1311,0,4,0.176
151.850,0,3,8,-1.2333,1.2333,-1.1518,1.3383,166.7230,0.0000,0.0000,0.0000,-1.1821,1.1598,173.1046,0.003,11249,0.0000,0.0000,0.1329,0,4,0.164
151.953,0,3,8,-1.2333,1.2333,-1.1517,1.3383,166.7364,0.0000,0.0000,0.0000,-1.2553,1.1043,169.6565,0.021,11254,0.0000,0.0000,0.1330,0,4,0.195
152.054,0,3,8,-1.2333,1.2333,-1.1521,1.3364,166.7772,0.0000,0.0000,0.0000,-1.0177,1.7494,161.6093,0.006,11259,0.0000,0.0000,0.1312,0,4,0.209
152.153,0,3,8,-1.2333,1.2333,-1.1521,1.3364,166.7747,0.0000,0.0000,0.0000,-1.0177,1.7494,161.6096,0.007,11262,0.0000,0.0000,0.1312,0,4,0.200
152.250,0,3,8,-1.2333,1.2333,-1.1521,1.3364,166.7747,0.0000,0.0000,0.0000,-1.1822,1.1598,173.1079,0.026,11267,0.0000,0.0000,0.1312,0,4,0.205
152.354,0,3,8,-1.2333,1.2333,-1.1518,1.3383,166.7419,0.0000,0.0000,0.0000,-1.2553,1.1044,169.6556,0.024,11272,0.0000,0.0000,0.1329,0,4,0.202
152.451,0,3,8,-1.2333,1.2333,-1.1521,1.3363,166.7799,0.0000,0.0000,0.0000,-1.1822,1.1598,173.1072,0.030,11276,0.0000,0.0000,0.1312,0,4,0.210
152.551,0,3,8,-1.2333,1.2333,-1.1518,1.3383,166.7417,0.0000,0.0000,0.0000,-1.2553,1.1043,169.6559,0.015,11281,0.0000,0.0000,0.1329,0,4,0.200
152.656,0,3,8,-1.2333,1.2333,-1.1521,1.3363,166.7760,0.0000,0.0000,0.0000,-1.1821,1.1599,173.1061,0.033,11285,0.0000,0.0000,0.1312,0,4,0.197
152.767,0,3,8,-1.2333,1.2333,-1.1517,1.3383,166.7384,0.0000,0.0000,0.0000,-1.2553,1.1043,169.6557,0.038,11290,0.0000,0.0000,0.1330,0,4,0.210
152.851,0,3,8,-1.2333,1.2333,-1.1517,1.3383,166.7282,0.0000,0.0000,0.0000,-1.1822,1.1599,173.1074,0.012,11294,0.0000,0.0000,0.1330,0,4,0.207
152.957,0,3,8,-1.2333,1.2333,-1.1506,1.3409,166.7128,0.0000,0.0000,0.0000,-1.2553,1.1044,169.6554,0.010,11299,0.0000,0.0000,0.1357,0,4,0.209
153.048,0,3,8,-1.2333,1.2333,-1.1517,1.3383,166.7244,0.0000,0.0000,0.0000,-1.1821,1.1598,173.1062,0.014,11303,0.0000,0.0000,0.1330,0,4,0.198
153.149,0,3,8,-1.2333,1.2333,-1.1521,1.3364,166.7553,0.0000,0.0000,0.0000,-1.1821,1.1599,173.1051,0.027,11306,0.0000,0.0000,0.1313,0,4,0.209
153.250,0,3,8,-1.2333,1.2333,-1.1517,1.3385,166.7118,0.0000,0.0000,0.0000,-1.1821,1.1599,173.1051,0.003,11312,0.0000,0.0000,0.1331,0,4,0.196
153.350,0,3,8,-1.2333,1.2333,-1.1517,1.3385,166.7299,0.0000,0.0000,0.0000,-1.0177,1.7493,161.6079,0.019,11317,0.0000,0.0000,0.1331,0,4,0.204
153.449,0,3,8,-1.2333,1.2333,-1.1520,1.3365,166.7710,0.0000,0.0000,0.0000,-1.0176,1.7492,161.6076,0.005,11322,0.0000,0.0000,0.1314,0,4,0.198
