time,lap_count,goal_index,wp_index,target_x,target_y,filtered_x,filtered_y,filtered_yaw,raw_odom_x,raw_odom_y,raw_odom_yaw,aruco_x,aruco_y,aruco_yaw,aruco_age,aruco_count,cmd_vx,cmd_vy,dist_to_target,lifter_up,lifter_toggle_count,min_dist
0.108,0,0,0,-0.6167,-1.2333,-0.4567,-0.8030,12.1266,0.0000,0.0000,0.0000,-0.6058,-1.3002,-5.3069,0.008,5,0.0000,0.0000,0.4591,0,0,0.445
0.221,0,0,0,-0.6167,-1.2333,-0.4696,-0.8353,11.1883,0.0000,0.0000,0.0000,-0.6405,-1.2174,-6.1022,0.005,10,0.0000,0.0000,0.4243,0,0,0.394
0.304,0,0,0,-0.6167,-1.2333,-0.4811,-0.8658,10.2922,0.0000,0.0000,0.0000,-0.6405,-1.2174,-6.1023,0.010,17,0.0000,0.0000,0.3918,0,0,0.400
0.401,0,0,0,-0.6167,-1.2333,-0.4926,-0.9018,9.4004,0.0000,0.0000,0.0000,-0.6405,-1.2176,-6.0934,0.006,24,0.0000,0.0000,0.3540,0,0,0.399
0.502,0,0,0,-0.6167,-1.2333,-0.5013,-0.9322,8.7097,0.0000,0.0000,0.0000,-0.6057,-1.3002,-5.3055,0.022,31,0.0000,0.0000,0.3224,0,0,0.394
0.610,0,0,0,-0.6167,-1.2333,-0.5075,-0.9486,8.1363,0.0000,0.0000,0.0000,-0.6575,-1.3036,-3.5698,0.002,37,0.0000,0.0000,0.3049,0,0,0.389
0.704,0,0,0,-0.6167,-1.2333,-0.5163,-0.9695,7.4039,0.0000,0.0000,0.0000,-0.6433,-1.2686,-3.2421,0.041,43,0.0000,0.0000,0.2823,0,0,0.383
0.801,0,0,0,-0.6167,-1.2333,-0.5242,-0.9897,6.7162,0.0000,0.0000,0.0000,-0.6432,-1.2686,-3.2406,0.005,50,0.0000,0.0000,0.2606,0,0,0.397
0.900,0,0,0,-0.6167,-1.2333,-0.5295,-1.0025,6.2095,0.0000,0.0000,0.0000,-0.6405,-1.2174,-6.0961,0.030,55,0.0000,0.0000,0.2468,0,0,0.384
1.004,0,0,0,-0.6167,-1.2333,-0.5352,-1.0172,5.6337,0.0000,0.0000,0.0000,-0.6433,-1.2686,-3.2428,0.006,62,0.0000,0.0000,0.2309,0,0,0.391
1.101,0,0,0,-0.6167,-1.2333,-0.5412,-1.0317,5.1179,0.0000,0.0000,0.0000,-0.6575,-1.3036,-3.5704,0.028,67,0.0000,0.0000,0.2153,0,0,0.408
1.208,0,0,0,-0.6167,-1.2333,-0.5471,-1.0469,4.5227,0.0000,0.0000,0.0000,-0.6575,-1.3036,-3.5699,0.005,75,0.0000,0.0000,0.1990,0,0,0.403
1.304,0,0,0,-0.6167,-1.2333,-0.5515,-1.0577,4.1191,0.0000,0.0000,0.0000,-0.6575,-1.3036,-3.5694,0.012,79,0.0000,0.0000,0.1874,0,0,0.405
1.415,0,0,0,-0.6167,-1.2333,-0.5547,-1.0717,3.7710,0.0000,0.0000,0.0000,-0.6575,-1.3036,-3.5700,0.010,85,0.0000,0.0000,0.1730,0,0,0.393
1.505,0,0,0,-0.6167,-1.2333,-0.5573,-1.0771,3.5492,0.0000,0.0000,0.0000,-0.6575,-1.3036,-3.5695,0.008,89,0.0000,0.0000,0.1671,0,0,0.402
1.610,0,0,0,-0.6167,-1.2333,-0.5644,-1.0985,2.8805,0.0000,0.0000,0.0000,-0.6405,-1.2174,-6.0955,0.012,97,0.0000,0.0000,0.1446,0,0,0.395
1.706,0,0,0,-0.6167,-1.2333,-0.5682,-1.1084,2.4666,0.0000,0.0000,0.0000,-0.6432,-1.2685,-3.2399,0.008,103,0.0000,0.0000,0.1340,0,0,0.403
1.806,0,0,0,-0.6167,-1.2333,-0.5716,-1.1163,2.1343,0.0000,0.0000,0.0000,-0.6405,-1.2174,-6.0955,0.005,109,0.0000,0.0000,0.1255,0,0,0.395
1.908,0,0,0,-0.6167,-1.2333,-0.5756,-1.1259,1.7042,0.0000,0.0000,0.0000,-0.6432,-1.2686,-3.2375,0.016,115,0.0000,0.0000,0.1150,0,0,0.448
2.007,0,0,0,-0.6167,-1.2333,-0.5772,-1.1305,1.5204,0.0000,0.0000,0.0000,-0.6405,-1.2174,-6.0955,0.002,119,0.0000,0.0000,0.1101,0,0,0.393
2.102,0,0,0,-0.6167,-1.2333,-0.5815,-1.1408,1.0358,0.0000,0.0000,0.0000,-0.6405,-1.2174,-6.0955,0.003,127,0.0000,0.0000,0.0990,0,0,0.395
2.204,0,0,0,-0.6167,-1.2333,-0.5855,-1.1504,0.6163,0.0000,0.0000,0.0000,-0.6099,-1.6222,2.7367,0.007,135,0.0000,0.0000,0.0886,0,0,0.399
2.301,0,0,0,-0.6167,-1.2333,-0.5876,-1.1591,0.3874,0.0000,0.0000,0.0000,-0.6432,-1.2685,-3.2400,0.037,139,0.0000,0.0000,0.0797,0,0,0.391
2.401,0,0,0,-0.6167,-1.2333,-0.5912,-1.1673,0.0008,0.0000,0.0000,0.0000,-0.6432,-1.2685,-3.2412,0.006,147,0.0000,0.0000,0.0708,0,0,0.388
2.504,0,0,0,-0.6167,-1.2333,-0.5929,-1.1711,-0.2200,0.0000,0.0000,0.0000,-0.6432,-1.2685,-3.2415,0.043,151,0.0000,0.0000,0.0666,0,0,0.397
2.612,0,0,0,-0.6167,-1.2333,-0.5950,-1.1769,-0.5062,0.0000,0.0000,0.0000,-0.6058,-1.3002,-5.3082,0.006,156,0.0000,0.0000,0.0605,0,0,0.397
2.701,0,0,0,-0.6167,-1.2333,-0.5967,-1.1870,-0.6861,0.0000,0.0000,0.0000,-0.6432,-1.2686,-3.2396,0.017,163,0.0000,0.0000,0.0505,0,0,0.414
2.801,0,0,0,-0.6167,-1.2333,-0.5992,-1.1924,-0.9921,0.0000,0.0000,0.0000,-0.6407,-1.2166,-6.1174,0.005,170,0.0000,0.0000,0.0445,0,0,0.408
2.901,0,0,0,-0.6167,-1.2333,-0.6009,-1.1960,-1.2009,0.0000,0.0000,0.0000,-0.6432,-1.2685,-3.2411,0.031,175,0.0000,0.0000,0.0405,0,0,0.396
3.003,0,0,0,-0.6167,-1.2333,-0.6022,-1.2061,-1.3874,0.0000,0.0000,0.0000,-0.6432,-1.2686,-3.2385,0.003,183,0.0000,0.0000,0.0308,0,0,0.417
3.102,0,0,0,-0.6167,-1.2333,-0.6030,-1.2143,-1.4966,0.0000,0.0000,0.0000,-0.6058,-1.3002,-5.3095,0.034,187,0.0000,0.0000,0.0235,0,0,0.409
3.203,0,0,0,-0.6167,-1.2333,-0.6050,-1.2172,-1.7334,0.0000,0.0000,0.0000,-0.6432,-1.2686,-3.2381,0.008,194,0.0000,0.0000,0.0199,0,0,0.384
3.303,0,0,0,-0.6167,-1.2333,-0.6056,-1.2259,-1.8526,0.0000,0.0000,0.0000,-0.5388,-1.8022,7.1256,0.029,199,0.0000,0.0000,0.0134,0,0,0.394
3.416,0,0,0,-0.6167,-1.2333,-0.6067,-1.2276,-2.0025,0.0000,0.0000,0.0000,-0.6575,-1.3036,-3.5691,0.007,204,0.0000,0.0000,0.0115,0,0,0.406
3.502,0,0,0,-0.6167,-1.2333,-0.6089,-1.2308,-2.2759,0.0000,0.0000,0.0000,-0.6057,-1.3002,-5.3053,0.021,211,0.0000,0.0000,0.0082,0,0,0.393
3.601,0,0,0,-0.6167,-1.2333,-0.6103,-1.2336,-2.4757,0.0000,0.0000,0.0000,-0.6432,-1.2686,-3.2378,0.002,218,0.0000,0.0000,0.0064,0,0,0.390
3.703,0,0,0,-0.6167,-1.2333,-0.6118,-1.2352,-2.6588,0.0000,0.0000,0.0000,-0.6405,-1.2175,-6.0950,0.037,223,0.0000,0.0000,0.0052,0,0,0.380
3.804,0,0,0,-0.6167,-1.2333,-0.6127,-1.2372,-2.8265,0.0000,0.0000,0.0000,-0.6432,-1.2686,-3.2392,0.002,230,0.0000,0.0000,0.0055,0,0,0.399
3.902,0,0,0,-0.6167,-1.2333,-0.6145,-1.2392,-3.0123,0.0000,0.0000,0.0000,-0.6575,-1.3036,-3.5694,0.034,235,0.0000,0.0000,0.0062,0,0,0.397
4.001,0,0,0,-0.6167,-1.2333,-0.6149,-1.2466,-3.1116,0.0000,0.0000,0.0000,-0.6575,-1.3036,-3.5695,0.008,242,0.0000,0.0000,0.0134,0,0,0.409
4.104,0,0,0,-0.6167,-1.2333,-0.6160,-1.2477,-3.2504,0.0000,0.0000,0.0000,-0.6432,-1.2686,-3.2410,0.036,247,0.0000,0.0000,0.0144,0,0,0.407
4.202,0,0,0,-0.6167,-1.2333,-0.6172,-1.2493,-3.4287,0.0000,0.0000,0.0000,-0.6404,-1.2177,-6.0943,0.010,254,0.0000,0.0000,0.0160,0,0,0.401
4.306,0,0,0,-0.6167,-1.2333,-0.6179,-1.2502,-3.5568,0.0000,0.0000,0.0000,-0.6432,-1.2686,-3.2383,0.003,259,0.0000,0.0000,0.0169,0,0,0.385
4.401,0,0,0,-0.6167,-1.2333,-0.6194,-1.2513,-3.7030,0.0000,0.0000,0.0000,-0.6404,-1.2176,-6.0933,0.014,265,0.0000,0.0000,0.0182,0,0,0.387
4.504,0,0,0,-0.6167,-1.2333,-0.6201,-1.2527,-3.8338,0.0000,0.0000,0.0000,-0.6057,-1.3002,-5.3042,0.016,271,0.0000,0.0000,0.0197,0,0,0.387
4.612,0,0,0,-0.6167,-1.2333,-0.6200,-1.2594,-3.8831,0.0000,0.0000,0.0000,-0.6058,-1.3002,-5.3081,0.007,277,0.0000,0.0000,0.0263,0,0,0.387
4.707,0,0,0,-0.6167,-1.2333,-0.6210,-1.2596,-4.0107,0.0000,0.0000,0.0000,-0.6404,-1.2178,-6.0890,0.032,283,0.0000,0.0000,0.0266,0,0,0.394
4.804,0,0,0,-0.6167,-1.2333,-0.6220,-1.2609,-4.1299,0.0000,0.0000,0.0000,-0.6432,-1.2687,-3.2397,0.014,290,0.0000,0.0000,0.0281,0,0,0.391
4.901,0,0,0,-0.6167,-1.2333,-0.6227,-1.2609,-4.2608,0.0000,0.0000,0.0000,-0.6404,-1.2178,-6.0890,0.027,295,0.0000,0.0000,0.0282,0,0,0.386
5.003,0,0,0,-0.6167,-1.2333,-0.6237,-1.2617,-4.3683,0.0000,0.0000,0.0000,-0.6432,-1.2686,-3.2419,0.006,303,0.0000,0.0000,0.0293,0,0,0.396
5.105,0,0,0,-0.6167,-1.2333,-0.6242,-1.2621,-4.4693,0.0000,0.0000,0.0000,-0.6575,-1.3036,-3.5689,0.038,307,0.0000,0.0000,0.0298,0,0,0.407
5.201,0,0,0,-0.6167,-1.2333,-0.6248,-1.2625,-4.5869,0.0000,0.0000,0.0000,-0.6575,-1.3036,-3.5686,0.002,315,0.0000,0.0000,0.0303,0,0,0.395
5.304,0,0,0,-0.6167,-1.2333,-0.6246,-1.2684,-4.5841,0.0000,0.0000,0.0000,-0.6432,-1.2686,-3.2402,0.043,319,0.0000,0.0000,0.0360,0,0,0.378
5.401,0,0,0,-0.6167,-1.2333,-0.6245,-1.2740,-4.6019,0.0000,0.0000,0.0000,-0.5452,-1.7886,6.8000,0.016,326,0.0000,0.0000,0.0414,0,0,0.412
5.502,0,0,0,-0.6167,-1.2333,-0.6242,-1.2791,-4.6016,0.0000,0.0000,0.0000,-0.6432,-1.2686,-3.2388,0.022,331,0.0000,0.0000,0.0464,0,0,0.392
5.602,0,0,0,-0.6167,-1.2333,-0.6251,-1.2785,-4.7070,0.0000,0.0000,0.0000,-0.6058,-1.3002,-5.3045,0.002,338,0.0000,0.0000,0.0460,0,0,0.396
5.701,0,0,0,-0.6167,-1.2333,-0.6255,-1.2784,-4.7935,0.0000,0.0000,0.0000,-0.6432,-1.2686,-3.2413,0.028,343,0.0000,0.0000,0.0459,0,0,0.385
5.803,0,0,0,-0.6167,-1.2333,-0.6253,-1.2833,-4.8065,0.0000,0.0000,0.0000,-0.6432,-1.2686,-3.2397,0.002,351,0.0000,0.0000,0.0507,0,0,0.398
5.902,0,0,0,-0.6167,-1.2333,-0.6259,-1.2828,-4.8843,0.0000,0.0000,0.0000,-0.6058,-1.3002,-5.3069,0.032,355,0.0000,0.0000,0.0503,0,0,0.408
6.000,0,0,0,-0.6167,-1.2333,-0.6256,-1.2876,-4.8772,0.0000,0.0000,0.0000,-0.6432,-1.2687,-3.2387,0.007,362,0.0000,0.0000,0.0550,0,0,0.404
6.102,0,0,0,-0.6167,-1.2333,-0.6262,-1.2864,-4.9756,0.0000,0.0000,0.0000,-0.6404,-1.2176,-6.0990,0.031,367,0.0000,0.0000,0.0539,0,0,0.388
6.202,0,0,0,-0.6167,-1.2333,-0.6268,-1.2860,-5.0501,0.0000,0.0000,0.0000,-0.6432,-1.2686,-3.2396,0.008,374,0.0000,0.0000,0.0536,0,0,0.396
6.301,0,0,0,-0.6167,-1.2333,-0.6273,-1.2849,-5.1383,0.0000,0.0000,0.0000,-0.6404,-1.2175,-6.1000,0.031,379,0.0000,0.0000,0.0526,0,0,0.393
6.401,0,0,0,-0.6167,-1.2333,-0.6278,-1.2841,-5.2261,0.0000,0.0000,0.0000,-0.6432,-1.2687,-3.2406,0.006,387,0.0000,0.0000,0.0520,0,0,0.399
6.503,0,0,0,-0.6167,-1.2333,-0.6283,-1.2836,-5.2928,0.0000,0.0000,0.0000,-0.6432,-1.2686,-3.2401,0.030,391,0.0000,0.0000,0.0516,0,0,0.382
6.601,0,0,0,-0.6167,-1.2333,-0.6286,-1.2826,-5.3669,0.0000,0.0000,0.0000,-0.6432,-1.2686,-3.2425,0.008,398,0.0000,0.0000,0.0507,0,0,0.415
6.702,0,0,0,-0.6167,-1.2333,-0.6292,-1.2824,-5.4315,0.0000,0.0000,0.0000,-0.6575,-1.3036,-3.5692,0.038,403,0.0000,0.0000,0.0506,0,0,0.435
6.801,0,0,0,-0.6167,-1.2333,-0.6296,-1.2818,-5.5032,0.0000,0.0000,0.0000,-0.6404,-1.2175,-6.1008,0.007,410,0.0000,0.0000,0.0502,0,0,0.381
6.902,0,0,0,-0.6167,-1.2333,-0.6300,-1.2813,-5.5581,0.0000,0.0000,0.0000,-0.6432,-1.2686,-3.2410,0.036,415,0.0000,0.0000,0.0498,0,0,0.402
7.002,0,0,0,-0.6167,-1.2333,-0.6216,-1.2712,-5.8790,0.0000,0.0000,0.0000,-0.6404,-1.2175,-6.1013,0.005,422,0.0000,0.0000,0.0382,0,0,0.403
7.101,0,0,0,-0.6167,-1.2333,-0.6226,-1.2692,-5.9498,0.0000,0.0000,0.0000,-0.6432,-1.2686,-3.2401,0.030,427,0.0000,0.0000,0.0363,0,0,0.397
7.204,0,0,0,-0.6167,-1.2333,-0.6240,-1.2676,-6.0100,0.0000,0.0000,0.0000,-0.6237,-1.1251,-9.3800,0.003,435,0.0000,0.0000,0.0350,0,0,0.416
7.304,0,0,0,-0.6167,-1.2333,-0.6246,-1.2649,-6.1171,0.0000,0.0000,0.0000,-0.6404,-1.2175,-6.1013,0.034,439,0.0000,0.0000,0.0325,0,0,0.396
7.401,0,0,0,-0.6167,-1.2333,-0.6257,-1.2627,-6.1938,0.0000,0.0000,0.0000,-0.6432,-1.2686,-3.2408,0.009,446,0.0000,0.0000,0.0307,0,0,0.410
7.502,0,0,0,-0.6167,-1.2333,-0.6264,-1.2611,-6.2690,0.0000,0.0000,0.0000,-0.6432,-1.2686,-3.2412,0.032,451,0.0000,0.0000,0.0294,0,0,0.400
7.601,0,0,0,-0.6167,-1.2333,-0.6264,-1.2644,-6.2467,0.0000,0.0000,0.0000,-0.6432,-1.2686,-3.2405,0.010,458,0.0000,0.0000,0.0325,0,0,0.407
7.703,0,0,0,-0.6167,-1.2333,-0.6271,-1.2627,-6.3250,0.0000,0.0000,0.0000,-0.6405,-1.2175,-6.0955,0.043,463,0.0000,0.0000,0.0311,0,0,0.410
7.803,0,0,0,-0.6167,-1.2333,-0.6277,-1.2598,-6.4281,0.0000,0.0000,0.0000,-0.6432,-1.2686,-3.2400,0.002,470,0.0000,0.0000,0.0286,0,0,0.395
7.903,0,0,0,-0.6167,-1.2333,-0.6276,-1.2644,-6.3697,0.0000,0.0000,0.0000,-0.6575,-1.3036,-3.5678,0.038,475,0.0000,0.0000,0.0329,0,0,0.388
8.005,0,0,0,-0.6167,-1.2333,-0.6282,-1.2614,-6.4698,0.0000,0.0000,0.0000,-0.6575,-1.3036,-3.5691,0.003,483,0.0000,0.0000,0.0304,0,0,0.398
8.104,0,0,0,-0.6167,-1.2333,-0.6282,-1.2658,-6.4128,0.0000,0.0000,0.0000,-0.6432,-1.2686,-3.2391,0.040,487,0.0000,0.0000,0.0345,0,0,0.403
8.203,0,0,0,-0.6167,-1.2333,-0.6290,-1.2631,-6.4957,0.0000,0.0000,0.0000,-0.6405,-1.2175,-6.0969,0.016,494,0.0000,0.0000,0.0323,0,0,0.415
8.301,0,0,0,-0.6167,-1.2333,-0.6296,-1.2619,-6.5489,0.0000,0.0000,0.0000,-0.6432,-1.2686,-3.2388,0.018,499,0.0000,0.0000,0.0314,0,0,0.382
8.404,0,0,0,-0.6167,-1.2333,-0.6303,-1.2594,-6.6245,0.0000,0.0000,0.0000,-0.6238,-1.1251,-9.3813,0.010,506,0.0000,0.0000,0.0295,0,0,0.397
8.501,0,0,0,-0.6167,-1.2333,-0.6308,-1.2584,-6.6659,0.0000,0.0000,0.0000,-0.6238,-1.1251,-9.3801,0.034,511,0.0000,0.0000,0.0288,0,0,0.405
8.602,0,0,0,-0.6167,-1.2333,-0.6315,-1.2574,-6.7174,0.0000,0.0000,0.0000,-0.6238,-1.1251,-9.3795,0.002,518,0.0000,0.0000,0.0282,0,0,0.400
8.703,0,0,0,-0.6167,-1.2333,-0.6319,-1.2552,-6.7762,0.0000,0.0000,0.0000,-0.6432,-1.2686,-3.2409,0.039,523,0.0000,0.0000,0.0267,0,0,0.379
8.803,0,0,0,-0.6167,-1.2333,-0.6321,-1.2575,-6.7560,0.0000,0.0000,0.0000,-0.6432,-1.2686,-3.2405,0.009,530,0.0000,0.0000,0.0287,0,0,0.399
8.902,0,0,0,-0.6167,-1.2333,-0.6321,-1.2599,-6.7512,0.0000,0.0000,0.0000,-0.6405,-1.2175,-6.0989,0.028,535,0.0000,0.0000,0.0308,0,0,0.399
9.001,0,0,0,-0.6167,-1.2333,-0.6327,-1.2581,-6.7969,0.0000,0.0000,0.0000,-0.6432,-1.2686,-3.2395,0.010,542,0.0000,0.0000,0.0295,0,0,0.389
9.102,0,0,0,-0.6167,-1.2333,-0.6331,-1.2566,-6.8537,0.0000,0.0000,0.0000,-0.6432,-1.2686,-3.2393,0.032,547,0.0000,0.0000,0.0285,0,0,0.410
9.204,0,0,0,-0.6167,-1.2333,-0.6326,-1.2601,-6.8256,0.0000,0.0000,0.0000,-0.6404,-1.2178,-6.0900,0.009,554,0.0000,0.0000,0.0312,0,0,0.388
9.303,0,0,0,-0.6167,-1.2333,-0.6331,-1.2587,-6.8619,0.0000,0.0000,0.0000,-0.6431,-1.2686,-3.2381,0.040,559,0.0000,0.0000,0.0302,0,0,0.388
9.404,0,0,0,-0.6167,-1.2333,-0.6335,-1.2561,-6.9197,0.0000,0.0000,0.0000,-0.6575,-1.3036,-3.5680,0.006,567,0.0000,0.0000,0.0283,0,0,0.402
9.502,0,0,0,-0.6167,-1.2333,-0.6340,-1.2556,-6.9568,0.0000,0.0000,0.0000,-0.6432,-1.2686,-3.2401,0.017,571,0.0000,0.0000,0.0282,0,0,0.390
9.601,0,0,0,-0.6167,-1.2333,-0.6344,-1.2535,-7.0091,0.0000,0.0000,0.0000,-0.6404,-1.2178,-6.0896,0.011,578,0.0000,0.0000,0.0269,0,0,0.382
9.701,0,0,0,-0.6167,-1.2333,-0.6347,-1.2527,-7.0425,0.0000,0.0000,0.0000,-0.6432,-1.2686,-3.2380,0.032,583,0.0000,0.0000,0.0265,0,0,0.394
9.803,0,0,0,-0.6167,-1.2333,-0.6343,-1.2574,-6.9819,0.0000,0.0000,0.0000,-0.6239,-1.1251,-9.3823,0.009,590,0.0000,0.0000,0.0298,0,0,0.393
9.903,0,0,0,-0.6167,-1.2333,-0.6345,-1.2553,-7.0339,0.0000,0.0000,0.0000,-0.6239,-1.1251,-9.3797,0.034,595,0.0000,0.0000,0.0283,0,0,0.407
10.001,0,0,0,-0.6167,-1.2333,-0.6350,-1.2544,-7.0709,0.0000,0.0000,0.0000,-0.6432,-1.2685,-3.2401,0.002,602,0.0000,0.0000,0.0279,0,0,0.399
10.102,0,0,0,-0.6167,-1.2333,-0.6343,-1.2576,-7.0263,0.0000,0.0000,0.0000,-0.5444,-1.7816,6.6352,0.029,607,0.0000,0.0000,0.0300,0,0,0.395
10.203,0,0,0,-0.6167,-1.2333,-0.6348,-1.2559,-7.0561,0.0000,0.0000,0.0000,-0.6406,-1.2170,-6.1043,0.002,615,0.0000,0.0000,0.0289,0,0,0.419
10.302,0,0,0,-0.6167,-1.2333,-0.6351,-1.2546,-7.1073,0.0000,0.0000,0.0000,-0.6406,-1.2170,-6.1043,0.038,619,0.0000,0.0000,0.0281,0,0,0.390
10.401,0,0,0,-0.6167,-1.2333,-0.6354,-1.2529,-7.1590,0.0000,0.0000,0.0000,-0.6432,-1.2685,-3.2422,0.008,626,0.0000,0.0000,0.0271,0,0,0.403
10.502,0,0,0,-0.6167,-1.2333,-0.6357,-1.2518,-7.1828,0.0000,0.0000,0.0000,-0.6432,-1.2685,-3.2441,0.032,631,0.0000,0.0000,0.0266,0,0,0.393
10.604,0,0,0,-0.6167,-1.2333,-0.6359,-1.2495,-7.2508,0.0000,0.0000,0.0000,-0.6432,-1.2685,-3.2437,0.009,638,0.0000,0.0000,0.0251,0,0,0.395
10.703,0,0,0,-0.6167,-1.2333,-0.6363,-1.2494,-7.2489,0.0000,0.0000,0.0000,-0.6576,-1.3036,-3.5686,0.034,643,0.0000,0.0000,0.0254,0,0,0.401
10.802,0,0,0,-0.6167,-1.2333,-0.6366,-1.2478,-7.2882,0.0000,0.0000,0.0000,-0.6576,-1.3036,-3.5689,0.011,650,0.0000,0.0000,0.0247,0,0,0.381
10.901,0,0,0,-0.6167,-1.2333,-0.6369,-1.2473,-7.3105,0.0000,0.0000,0.0000,-0.6432,-1.2685,-3.2403,0.037,655,0.0000,0.0000,0.0245,0,0,0.392
11.002,0,0,0,-0.6167,-1.2333,-0.6363,-1.2536,-7.2180,0.0000,0.0000,0.0000,-0.5950,-1.6481,3.4029,0.011,662,0.0000,0.0000,0.0282,0,0,0.403
11.101,0,0,0,-0.6167,-1.2333,-0.6366,-1.2528,-7.2474,0.0000,0.0000,0.0000,-0.6432,-1.2685,-3.2408,0.011,667,0.0000,0.0000,0.0278,0,0,0.394
11.201,0,0,0,-0.6167,-1.2333,-0.6360,-1.2573,-7.1731,0.0000,0.0000,0.0000,-0.5424,-1.7885,6.8012,0.016,673,0.0000,0.0000,0.0309,0,0,0.400
11.305,0,0,0,-0.6167,-1.2333,-0.6362,-1.2552,-7.2165,0.0000,0.0000,0.0000,-0.6432,-1.2685,-3.2402,0.033,679,0.0000,0.0000,0.0293,0,0,0.378
11.401,0,0,0,-0.6167,-1.2333,-0.6356,-1.2582,-7.1712,0.0000,0.0000,0.0000,-0.6407,-1.2169,-6.1051,0.007,686,0.0000,0.0000,0.0313,0,0,0.391
11.502,0,0,0,-0.6167,-1.2333,-0.6359,-1.2572,-7.1970,0.0000,0.0000,0.0000,-0.6432,-1.2686,-3.2391,0.035,691,0.0000,0.0000,0.0307,0,0,0.394
11.602,0,0,0,-0.6167,-1.2333,-0.6363,-1.2556,-7.2238,0.0000,0.0000,0.0000,-0.6432,-1.2685,-3.2420,0.012,698,0.0000,0.0000,0.0296,0,0,0.403
11.702,0,0,0,-0.6167,-1.2333,-0.6365,-1.2542,-7.2663,0.0000,0.0000,0.0000,-0.6405,-1.2174,-6.0973,0.031,703,0.0000,0.0000,0.0288,0,0,0.400
11.804,0,0,0,-0.6167,-1.2333,-0.6368,-1.2523,-7.3086,0.0000,0.0000,0.0000,-0.6432,-1.2685,-3.2416,0.002,711,0.0000,0.0000,0.0276,0,0,0.406
11.901,0,0,0,-0.6167,-1.2333,-0.6370,-1.2516,-7.3292,0.0000,0.0000,0.0000,-0.6576,-1.3036,-3.5695,0.032,715,0.0000,0.0000,0.0273,0,0,0.407
12.002,0,0,0,-0.6167,-1.2333,-0.6364,-1.2572,-7.2314,0.0000,0.0000,0.0000,-0.6575,-1.3036,-3.5682,0.002,723,0.0000,0.0000,0.0309,0,0,0.388
12.103,0,0,0,-0.6167,-1.2333,-0.6363,-1.2604,-7.1904,0.0000,0.0000,0.0000,-0.6576,-1.3036,-3.5701,0.038,727,0.0000,0.0000,0.0335,0,0,0.402
12.203,0,0,0,-0.6167,-1.2333,-0.6366,-1.2581,-7.2340,0.0000,0.0000,0.0000,-0.6405,-1.2173,-6.1004,0.015,734,0.0000,0.0000,0.0318,0,0,0.399
12.306,0,0,0,-0.6167,-1.2333,-0.6369,-1.2571,-7.2568,0.0000,0.0000,0.0000,-0.6432,-1.2685,-3.2434,0.024,739,0.0000,0.0000,0.0312,0,0,0.406
12.405,0,0,0,-0.6167,-1.2333,-0.6373,-1.2562,-7.2794,0.0000,0.0000,0.0000,-0.6240,-1.1251,-9.3777,0.007,746,0.0000,0.0000,0.0307,0,0,0.400
12.504,0,0,0,-0.6167,-1.2333,-0.6373,-1.2541,-7.3172,0.0000,0.0000,0.0000,-0.6432,-1.2686,-3.2408,0.037,751,0.0000,0.0000,0.0293,0,0,0.395
12.602,0,0,0,-0.6167,-1.2333,-0.6376,-1.2521,-7.3565,0.0000,0.0000,0.0000,-0.6240,-1.1251,-9.3779,0.010,758,0.0000,0.0000,0.0281,0,0,0.372
12.702,0,0,0,-0.6167,-1.2333,-0.6378,-1.2514,-7.3746,0.0000,0.0000,0.0000,-0.6240,-1.1251,-9.3781,0.025,763,0.0000,0.0000,0.0278,0,0,0.405
12.801,0,0,0,-0.6167,-1.2333,-0.6380,-1.2500,-7.3882,0.0000,0.0000,0.0000,-0.6432,-1.2686,-3.2413,0.009,770,0.0000,0.0000,0.0271,0,0,0.395
12.902,0,0,0,-0.6167,-1.2333,-0.6381,-1.2490,-7.4274,0.0000,0.0000,0.0000,-0.6405,-1.2173,-6.0986,0.026,775,0.0000,0.0000,0.0266,0,0,0.395
13.001,0,0,0,-0.6167,-1.2333,-0.6383,-1.2478,-7.4402,0.0000,0.0000,0.0000,-0.6432,-1.2686,-3.2399,0.010,782,0.0000,0.0000,0.0261,0,0,0.398
13.101,0,0,0,-0.6167,-1.2333,-0.6385,-1.2468,-7.4770,0.0000,0.0000,0.0000,-0.6405,-1.2173,-6.0979,0.030,787,0.0000,0.0000,0.0256,0,0,0.397
13.201,0,0,0,-0.6167,-1.2333,-0.6387,-1.2455,-7.4790,0.0000,0.0000,0.0000,-0.6432,-1.2686,-3.2402,0.007,795,0.0000,0.0000,0.0252,0,0,0.391
13.303,0,0,0,-0.6167,-1.2333,-0.6388,-1.2449,-7.5228,0.0000,0.0000,0.0000,-0.6576,-1.3036,-3.5702,0.036,799,0.0000,0.0000,0.0250,0,0,0.395
13.401,0,0,0,-0.6167,-1.2333,-0.6379,-1.2485,-7.4562,0.0000,0.0000,0.0000,-0.6432,-1.2686,-3.2394,0.009,806,0.0000,0.0000,0.0261,0,0,0.403
13.502,0,0,0,-0.6167,-1.2333,-0.6373,-1.2535,-7.3838,0.0000,0.0000,0.0000,-0.6576,-1.3036,-3.5683,0.029,811,0.0000,0.0000,0.0288,0,0,0.400
13.601,0,0,0,-0.6167,-1.2333,-0.6375,-1.2515,-7.4151,0.0000,0.0000,0.0000,-0.6575,-1.3036,-3.5675,0.009,818,0.0000,0.0000,0.0277,0,0,0.409
13.702,0,0,0,-0.6167,-1.2333,-0.6368,-1.2562,-7.3424,0.0000,0.0000,0.0000,-0.6432,-1.2685,-3.2419,0.041,823,0.0000,0.0000,0.0304,0,0,0.394
13.805,0,0,0,-0.6167,-1.2333,-0.6371,-1.2541,-7.3784,0.0000,0.0000,0.0000,-0.6576,-1.3036,-3.5680,0.016,830,0.0000,0.0000,0.0291,0,0,0.391
13.903,0,0,0,-0.6167,-1.2333,-0.6363,-1.2585,-7.3044,0.0000,0.0000,0.0000,-0.6432,-1.2686,-3.2403,0.033,835,0.0000,0.0000,0.0320,0,0,0.384
14.004,0,0,0,-0.6167,-1.2333,-0.6368,-1.2576,-7.2981,0.0000,0.0000,0.0000,-0.6241,-1.1251,-9.3754,0.006,843,0.0000,0.0000,0.0315,0,0,0.396
14.102,0,0,0,-0.6167,-1.2333,-0.6369,-1.2553,-7.3635,0.0000,0.0000,0.0000,-0.6431,-1.2686,-3.2382,0.032,847,0.0000,0.0000,0.0298,0,0,0.392
14.202,0,0,0,-0.6167,-1.2333,-0.6371,-1.2537,-7.3784,0.0000,0.0000,0.0000,-0.6432,-1.2686,-3.2434,0.011,854,0.0000,0.0000,0.0289,0,0,0.413
14.303,0,0,0,-0.6167,-1.2333,-0.6366,-1.2574,-7.3342,0.0000,0.0000,0.0000,-0.6431,-1.2687,-3.2379,0.039,859,0.0000,0.0000,0.0312,0,0,0.393
14.402,0,0,0,-0.6167,-1.2333,-0.6369,-1.2557,-7.3504,0.0000,0.0000,0.0000,-0.6406,-1.2171,-6.1036,0.002,867,0.0000,0.0000,0.0301,0,0,0.392
14.503,0,0,0,-0.6167,-1.2333,-0.6367,-1.2582,-7.3235,0.0000,0.0000,0.0000,-0.6432,-1.2686,-3.2422,0.040,871,0.0000,0.0000,0.0319,0,0,0.402
14.605,0,0,0,-0.6167,-1.2333,-0.6370,-1.2561,-7.3328,0.0000,0.0000,0.0000,-0.6576,-1.3036,-3.5686,0.007,879,0.0000,0.0000,0.0305,0,0,0.389
14.702,0,0,0,-0.6167,-1.2333,-0.6372,-1.2551,-7.3778,0.0000,0.0000,0.0000,-0.6576,-1.3036,-3.5688,0.034,883,0.0000,0.0000,0.0299,0,0,0.394
14.801,0,0,0,-0.6167,-1.2333,-0.6370,-1.2570,-7.3413,0.0000,0.0000,0.0000,-0.6431,-1.2685,-3.2389,0.007,891,0.0000,0.0000,0.0312,0,0,0.395
14.903,0,0,0,-0.6167,-1.2333,-0.6373,-1.2561,-7.3646,0.0000,0.0000,0.0000,-0.6576,-1.3036,-3.5680,0.034,895,0.0000,0.0000,0.0307,0,0,0.400
15.004,0,0,0,-0.6167,-1.2333,-0.6375,-1.2540,-7.4012,0.0000,0.0000,0.0000,-0.6431,-1.2685,-3.2426,0.002,903,0.0000,0.0000,0.0293,0,0,0.404
15.104,0,0,0,-0.6167,-1.2333,-0.6377,-1.2532,-7.4171,0.0000,0.0000,0.0000,-0.6431,-1.2685,-3.2398,0.017,907,0.0000,0.0000,0.0289,0,0,0.385
15.203,0,0,0,-0.6167,-1.2333,-0.6380,-1.2524,-7.4333,0.0000,0.0000,0.0000,-0.6243,-1.1251,-9.3810,0.007,914,0.0000,0.0000,0.0287,0,0,0.382
15.302,0,0,0,-0.6167,-1.2333,-0.6381,-1.2506,-7.4619,0.0000,0.0000,0.0000,-0.6242,-1.1251,-9.3796,0.034,919,0.0000,0.0000,0.0275,0,0,0.396
15.401,0,0,0,-0.6167,-1.2333,-0.6384,-1.2501,-7.4494,0.0000,0.0000,0.0000,-0.6431,-1.2685,-3.2404,0.010,926,0.0000,0.0000,0.0275,0,0,0.389
15.505,0,0,0,-0.6167,-1.2333,-0.6384,-1.2482,-7.5072,0.0000,0.0000,0.0000,-0.6431,-1.2686,-3.2396,0.042,931,0.0000,0.0000,0.0264,0,0,0.397
15.601,0,0,0,-0.6167,-1.2333,-0.6386,-1.2471,-7.5140,0.0000,0.0000,0.0000,-0.6431,-1.2686,-3.2378,0.010,938,0.0000,0.0000,0.0259,0,0,0.402
15.701,0,0,0,-0.6167,-1.2333,-0.6378,-1.2515,-7.4564,0.0000,0.0000,0.0000,-0.5426,-1.7937,6.9197,0.029,943,0.0000,0.0000,0.0279,0,0,0.380
15.802,0,0,0,-0.6167,-1.2333,-0.6380,-1.2500,-7.4930,0.0000,0.0000,0.0000,-0.6430,-1.2686,-3.2353,0.010,950,0.0000,0.0000,0.0271,0,0,0.388
15.903,0,0,0,-0.6167,-1.2333,-0.6378,-1.2529,-7.4369,0.0000,0.0000,0.0000,-0.6430,-1.2686,-3.2367,0.038,955,0.0000,0.0000,0.0288,0,0,0.379
16.001,0,0,0,-0.6167,-1.2333,-0.6381,-1.2512,-7.4396,0.0000,0.0000,0.0000,-0.6430,-1.2686,-3.2367,0.009,963,0.0000,0.0000,0.0279,0,0,0.396
16.104,0,0,0,-0.6167,-1.2333,-0.6382,-1.2504,-7.4844,0.0000,0.0000,0.0000,-0.6430,-1.2686,-3.2356,0.039,967,0.0000,0.0000,0.0275,0,0,0.403
16.202,0,0,0,-0.6167,-1.2333,-0.6382,-1.2483,-7.5110,0.0000,0.0000,0.0000,-0.6430,-1.2686,-3.2362,0.013,974,0.0000,0.0000,0.0263,0,0,0.385
16.302,0,0,0,-0.6167,-1.2333,-0.6385,-1.2481,-7.5270,0.0000,0.0000,0.0000,-0.6431,-1.2685,-3.2411,0.018,979,0.0000,0.0000,0.0264,0,0,0.411
16.402,0,0,0,-0.6167,-1.2333,-0.6387,-1.2466,-7.5550,0.0000,0.0000,0.0000,-0.6404,-1.2177,-6.0961,0.009,986,0.0000,0.0000,0.0257,0,0,0.391
16.503,0,0,0,-0.6167,-1.2333,-0.6388,-1.2461,-7.5640,0.0000,0.0000,0.0000,-0.6431,-1.2685,-3.2384,0.033,991,0.0000,0.0000,0.0256,0,0,0.394
16.602,0,0,0,-0.6167,-1.2333,-0.6389,-1.2449,-7.5976,0.0000,0.0000,0.0000,-0.6404,-1.2177,-6.0961,0.003,998,0.0000,0.0000,0.0251,0,0,0.415
16.703,0,0,0,-0.6167,-1.2333,-0.6391,-1.2442,-7.5995,0.0000,0.0000,0.0000,-0.6242,-1.1251,-9.3753,0.032,1003,0.0000,0.0000,0.0249,0,0,0.399
16.803,0,0,0,-0.6167,-1.2333,-0.6393,-1.2440,-7.6102,0.0000,0.0000,0.0000,-0.6430,-1.2686,-3.2359,0.002,1011,0.0000,0.0000,0.0250,0,0,0.392
16.902,0,0,0,-0.6167,-1.2333,-0.6393,-1.2426,-7.6336,0.0000,0.0000,0.0000,-0.6404,-1.2177,-6.0961,0.030,1015,0.0000,0.0000,0.0245,0,0,0.408
17.003,0,0,0,-0.6167,-1.2333,-0.6394,-1.2418,-7.6358,0.0000,0.0000,0.0000,-0.6431,-1.2686,-3.2392,0.006,1022,0.0000,0.0000,0.0243,0,0,0.392
17.105,0,0,0,-0.6167,-1.2333,-0.6395,-1.2411,-7.6626,0.0000,0.0000,0.0000,-0.6404,-1.2177,-6.0961,0.044,1027,0.0000,0.0000,0.0241,0,0,0.384
17.203,0,0,0,-0.6167,-1.2333,-0.6396,-1.2405,-7.6590,0.0000,0.0000,0.0000,-0.6430,-1.2686,-3.2375,0.012,1034,0.0000,0.0000,0.0241,0,0,0.399
17.302,0,0,0,-0.6167,-1.2333,-0.6393,-1.2437,-7.6220,0.0000,0.0000,0.0000,-0.6431,-1.2686,-3.2379,0.039,1039,0.0000,0.0000,0.0249,0,0,0.386
17.401,0,0,0,-0.6167,-1.2333,-0.6393,-1.2421,-7.6442,0.0000,0.0000,0.0000,-0.6430,-1.2687,-3.2367,0.009,1046,0.0000,0.0000,0.0243,0,0,0.396
17.503,0,0,0,-0.6167,-1.2333,-0.6395,-1.2422,-7.6525,0.0000,0.0000,0.0000,-0.6575,-1.3036,-3.5671,0.036,1051,0.0000,0.0000,0.0245,0,0,0.402
17.601,0,0,0,-0.6167,-1.2333,-0.6397,-1.2410,-7.6750,0.0000,0.0000,0.0000,-0.6576,-1.3036,-3.5683,0.009,1058,0.0000,0.0000,0.0242,0,0,0.401
17.703,0,0,0,-0.6167,-1.2333,-0.6397,-1.2408,-7.6825,0.0000,0.0000,0.0000,-0.6430,-1.2687,-3.2374,0.028,1063,0.0000,0.0000,0.0242,0,0,0.403
17.801,0,0,0,-0.6167,-1.2333,-0.6398,-1.2397,-7.7031,0.0000,0.0000,0.0000,-0.6430,-1.2687,-3.2369,0.002,1071,0.0000,0.0000,0.0240,0,0,0.389
17.902,0,0,0,-0.6167,-1.2333,-0.6399,-1.2395,-7.7121,0.0000,0.0000,0.0000,-0.6430,-1.2687,-3.2369,0.015,1075,0.0000,0.0000,0.0241,0,0,0.409
18.002,0,0,0,-0.6167,-1.2333,-0.6401,-1.2395,-7.7180,0.0000,0.0000,0.0000,-0.6243,-1.1251,-9.3768,0.002,1082,0.0000,0.0000,0.0243,0,0,0.449
18.102,0,0,0,-0.6167,-1.2333,-0.6392,-1.2436,-7.6445,0.0000,0.0000,0.0000,-0.5444,-1.7870,6.7517,0.038,1087,0.0000,0.0000,0.0247,0,0,0.400
18.203,0,0,0,-0.6167,-1.2333,-0.6393,-1.2425,-7.6386,0.0000,0.0000,0.0000,-0.6430,-1.2686,-3.2368,0.006,1095,0.0000,0.0000,0.0245,0,0,0.402
18.303,0,0,0,-0.6167,-1.2333,-0.6394,-1.2420,-7.6783,0.0000,0.0000,0.0000,-0.6430,-1.2687,-3.2353,0.042,1099,0.0000,0.0000,0.0243,0,0,0.403
18.402,0,0,0,-0.6167,-1.2333,-0.6395,-1.2413,-7.6803,0.0000,0.0000,0.0000,-0.6430,-1.2686,-3.2382,0.010,1106,0.0000,0.0000,0.0242,0,0,0.393
18.503,0,0,0,-0.6167,-1.2333,-0.6396,-1.2406,-7.7043,0.0000,0.0000,0.0000,-0.6404,-1.2176,-6.0927,0.031,1111,0.0000,0.0000,0.0241,0,0,0.401
18.601,0,0,0,-0.6167,-1.2333,-0.6397,-1.2398,-7.6894,0.0000,0.0000,0.0000,-0.6431,-1.2686,-3.2418,0.002,1119,0.0000,0.0000,0.0240,0,0,0.395
18.702,0,0,0,-0.6167,-1.2333,-0.6389,-1.2446,-7.6367,0.0000,0.0000,0.0000,-0.6576,-1.3036,-3.5676,0.033,1123,0.0000,0.0000,0.0249,0,0,0.404
18.801,0,0,0,-0.6167,-1.2333,-0.6391,-1.2435,-7.6283,0.0000,0.0000,0.0000,-0.6430,-1.2686,-3.2400,0.002,1131,0.0000,0.0000,0.0246,0,0,0.386
18.903,0,0,0,-0.6167,-1.2333,-0.6392,-1.2430,-7.6681,0.0000,0.0000,0.0000,-0.6576,-1.3036,-3.5684,0.039,1135,0.0000,0.0000,0.0245,0,0,0.407
19.001,0,0,0,-0.6167,-1.2333,-0.6383,-1.2471,-7.5957,0.0000,0.0000,0.0000,-0.6576,-1.3036,-3.5676,0.009,1142,0.0000,0.0000,0.0256,0,0,0.403
19.103,0,0,0,-0.6167,-1.2333,-0.6385,-1.2466,-7.6058,0.0000,0.0000,0.0000,-0.6430,-1.2686,-3.2397,0.018,1147,0.0000,0.0000,0.0255,0,0,0.389
19.203,0,0,0,-0.6167,-1.2333,-0.6388,-1.2462,-7.6139,0.0000,0.0000,0.0000,-0.6243,-1.1251,-9.3753,0.002,1154,0.0000,0.0000,0.0256,0,0,0.395
19.305,0,0,0,-0.6167,-1.2333,-0.6388,-1.2447,-7.6373,0.0000,0.0000,0.0000,-0.6430,-1.2687,-3.2376,0.026,1159,0.0000,0.0000,0.0249,0,0,0.398
19.405,0,0,0,-0.6167,-1.2333,-0.6389,-1.2433,-7.6592,0.0000,0.0000,0.0000,-0.6430,-1.2686,-3.2385,0.002,1167,0.0000,0.0000,0.0244,0,0,0.403
19.504,0,0,0,-0.6167,-1.2333,-0.6391,-1.2430,-7.6666,0.0000,0.0000,0.0000,-0.6244,-1.1251,-9.3776,0.030,1171,0.0000,0.0000,0.0244,0,0,0.393
19.602,0,0,0,-0.6167,-1.2333,-0.6392,-1.2422,-7.6685,0.0000,0.0000,0.0000,-0.6430,-1.2686,-3.2404,0.008,1178,0.0000,0.0000,0.0242,0,0,0.406
19.705,0,0,0,-0.6167,-1.2333,-0.6384,-1.2468,-7.6021,0.0000,0.0000,0.0000,-0.6244,-1.1251,-9.3750,0.002,1184,0.0000,0.0000,0.0256,0,0,0.382
19.802,0,0,0,-0.6167,-1.2333,-0.6386,-1.2453,-7.6255,0.0000,0.0000,0.0000,-0.6404,-1.2175,-6.1043,0.010,1190,0.0000,0.0000,0.0250,0,0,0.410
19.901,0,0,0,-0.6167,-1.2333,-0.6387,-1.2449,-7.6347,0.0000,0.0000,0.0000,-0.6404,-1.2175,-6.1043,0.036,1195,0.0000,0.0000,0.0249,0,0,0.405
20.003,0,0,0,-0.6167,-1.2333,-0.6389,-1.2438,-7.6258,0.0000,0.0000,0.0000,-0.6430,-1.2686,-3.2365,0.009,1203,0.0000,0.0000,0.0246,0,0,0.399
20.104,0,0,0,-0.6167,-1.2333,-0.6390,-1.2433,-7.6650,0.0000,0.0000,0.0000,-0.6576,-1.3036,-3.5676,0.036,1207,0.0000,0.0000,0.0244,0,0,0.425
20.204,0,0,0,-0.6167,-1.2333,-0.6390,-1.2417,-7.6828,0.0000,0.0000,0.0000,-0.6430,-1.2686,-3.2367,0.010,1214,0.0000,0.0000,0.0238,0,0,0.398
20.303,0,0,0,-0.6167,-1.2333,-0.6392,-1.2418,-7.6918,0.0000,0.0000,0.0000,-0.6575,-1.3036,-3.5674,0.038,1219,0.0000,0.0000,0.0241,0,0,0.388
20.401,0,0,0,-0.6167,-1.2333,-0.6394,-1.2406,-7.7120,0.0000,0.0000,0.0000,-0.6404,-1.2175,-6.1035,0.012,1226,0.0000,0.0000,0.0238,0,0,0.393
20.504,0,0,0,-0.6167,-1.2333,-0.6395,-1.2404,-7.7177,0.0000,0.0000,0.0000,-0.6430,-1.2686,-3.2387,0.040,1231,0.0000,0.0000,0.0239,0,0,0.404
20.601,0,0,0,-0.6167,-1.2333,-0.6396,-1.2393,-7.7363,0.0000,0.0000,0.0000,-0.6404,-1.2175,-6.1036,0.008,1238,0.0000,0.0000,0.0237,0,0,0.389
20.702,0,0,0,-0.6167,-1.2333,-0.6397,-1.2392,-7.7428,0.0000,0.0000,0.0000,-0.6430,-1.2686,-3.2362,0.032,1243,0.0000,0.0000,0.0237,0,0,0.385
20.801,0,0,0,-0.6167,-1.2333,-0.6395,-1.2433,-7.6515,0.0000,0.0000,0.0000,-0.6430,-1.2686,-3.2354,0.010,1250,0.0000,0.0000,0.0249,0,0,0.402
20.901,0,0,0,-0.6167,-1.2333,-0.6395,-1.2417,-7.7022,0.0000,0.0000,0.0000,-0.6245,-1.1251,-9.3765,0.031,1255,0.0000,0.0000,0.0243,0,0,0.412
21.002,0,0,0,-0.6167,-1.2333,-0.6396,-1.2408,-7.6918,0.0000,0.0000,0.0000,-0.6430,-1.2686,-3.2375,0.009,1263,0.0000,0.0000,0.0241,0,0,0.403
21.107,0,0,0,-0.6167,-1.2333,-0.6387,-1.2456,-7.6379,0.0000,0.0000,0.0000,-0.6430,-1.2686,-3.2375,0.046,1267,0.0000,0.0000,0.0253,0,0,0.395
21.201,0,0,0,-0.6167,-1.2333,-0.6389,-1.2447,-7.6399,0.0000,0.0000,0.0000,-0.6430,-1.2686,-3.2379,0.010,1274,0.0000,0.0000,0.0250,0,0,0.382
21.305,0,0,0,-0.6167,-1.2333,-0.6390,-1.2438,-7.6693,0.0000,0.0000,0.0000,-0.6405,-1.2172,-6.1022,0.038,1279,0.0000,0.0000,0.0247,0,0,0.386
21.402,0,0,0,-0.6167,-1.2333,-0.6387,-1.2460,-7.6229,0.0000,0.0000,0.0000,-0.6576,-1.3036,-3.5684,0.006,1287,0.0000,0.0000,0.0254,0,0,0.401
21.502,0,0,0,-0.6167,-1.2333,-0.6389,-1.2459,-7.6365,0.0000,0.0000,0.0000,-0.6576,-1.3036,-3.5682,0.036,1291,0.0000,0.0000,0.0255,0,0,0.415
21.601,0,0,0,-0.6167,-1.2333,-0.6391,-1.2447,-7.6253,0.0000,0.0000,0.0000,-0.6430,-1.2686,-3.2375,0.014,1299,0.0000,0.0000,0.0251,0,0,0.404
21.703,0,0,0,-0.6167,-1.2333,-0.6388,-1.2480,-7.5999,0.0000,0.0000,0.0000,-0.6430,-1.2686,-3.2361,0.043,1303,0.0000,0.0000,0.0265,0,0,0.406
21.805,0,0,0,-0.6167,-1.2333,-0.6389,-1.2465,-7.6243,0.0000,0.0000,0.0000,-0.6430,-1.2686,-3.2358,0.002,1311,0.0000,0.0000,0.0258,0,0,0.391
21.902,0,0,0,-0.6167,-1.2333,-0.6390,-1.2460,-7.6332,0.0000,0.0000,0.0000,-0.6431,-1.2685,-3.2432,0.021,1315,0.0000,0.0000,0.0257,0,0,0.384
22.004,0,0,0,-0.6167,-1.2333,-0.6392,-1.2445,-7.6583,0.0000,0.0000,0.0000,-0.6430,-1.2686,-3.2352,0.002,1323,0.0000,0.0000,0.0251,0,0,0.392
22.102,0,0,0,-0.6167,-1.2333,-0.6389,-1.2480,-7.6005,0.0000,0.0000,0.0000,-0.6245,-1.1251,-9.3759,0.038,1327,0.0000,0.0000,0.0266,0,0,0.388
22.205,0,0,0,-0.6167,-1.2333,-0.6391,-1.2466,-7.5966,0.0000,0.0000,0.0000,-0.6430,-1.2686,-3.2357,0.010,1335,0.0000,0.0000,0.0260,0,0,0.382
22.302,0,0,0,-0.6167,-1.2333,-0.6392,-1.2459,-7.6335,0.0000,0.0000,0.0000,-0.6430,-1.2687,-3.2345,0.041,1339,0.0000,0.0000,0.0258,0,0,0.395
22.403,0,0,0,-0.6167,-1.2333,-0.6393,-1.2450,-7.6346,0.0000,0.0000,0.0000,-0.6430,-1.2687,-3.2363,0.011,1346,0.0000,0.0000,0.0255,0,0,0.406
22.503,0,0,0,-0.6167,-1.2333,-0.6394,-1.2441,-7.6641,0.0000,0.0000,0.0000,-0.6404,-1.2176,-6.0977,0.025,1351,0.0000,0.0000,0.0252,0,0,0.396
22.605,0,0,0,-0.6167,-1.2333,-0.6395,-1.2433,-7.6675,0.0000,0.0000,0.0000,-0.6404,-1.2176,-6.0977,0.002,1359,0.0000,0.0000,0.0249,0,0,0.392
22.707,0,0,0,-0.6167,-1.2333,-0.6396,-1.2425,-7.6950,0.0000,0.0000,0.0000,-0.6246,-1.1251,-9.3769,0.002,1364,0.0000,0.0000,0.0247,0,0,0.391
22.801,0,0,0,-0.6167,-1.2333,-0.6398,-1.2415,-7.6836,0.0000,0.0000,0.0000,-0.6430,-1.2687,-3.2388,0.011,1371,0.0000,0.0000,0.0245,0,0,0.386
22.903,0,0,0,-0.6167,-1.2333,-0.6398,-1.2411,-7.7247,0.0000,0.0000,0.0000,-0.6431,-1.2686,-3.2403,0.045,1375,0.0000,0.0000,0.0244,0,0,0.400
23.005,0,0,0,-0.6167,-1.2333,-0.6398,-1.2396,-7.7389,0.0000,0.0000,0.0000,-0.6430,-1.2687,-3.2396,0.004,1382,0.0000,0.0000,0.0239,0,0,0.396
23.102,0,0,0,-0.6167,-1.2333,-0.6400,-1.2398,-7.7450,0.0000,0.0000,0.0000,-0.6430,-1.2687,-3.2388,0.017,1387,0.0000,0.0000,0.0242,0,0,0.385
23.201,0,0,0,-0.6167,-1.2333,-0.6392,-1.2439,-7.6710,0.0000,0.0000,0.0000,-0.6404,-1.2176,-6.0974,0.010,1394,0.0000,0.0000,0.0249,0,0,0.376
23.304,0,0,0,-0.6167,-1.2333,-0.6393,-1.2436,-7.6795,0.0000,0.0000,0.0000,-0.6431,-1.2686,-3.2408,0.034,1399,0.0000,0.0000,0.0248,0,0,0.409
23.402,0,0,0,-0.6167,-1.2333,-0.6394,-1.2427,-7.6774,0.0000,0.0000,0.0000,-0.6404,-1.2176,-6.0974,0.008,1407,0.0000,0.0000,0.0246,0,0,0.379
23.503,0,0,0,-0.6167,-1.2333,-0.6386,-1.2473,-7.6166,0.0000,0.0000,0.0000,-0.6246,-1.1251,-9.3754,0.039,1411,0.0000,0.0000,0.0260,0,0,0.399
23.602,0,0,0,-0.6167,-1.2333,-0.6388,-1.2459,-7.6090,0.0000,0.0000,0.0000,-0.6430,-1.2687,-3.2365,0.005,1419,0.0000,0.0000,0.0255,0,0,0.398
23.701,0,0,0,-0.6167,-1.2333,-0.6389,-1.2453,-7.6502,0.0000,0.0000,0.0000,-0.6403,-1.2179,-6.0882,0.030,1423,0.0000,0.0000,0.0252,0,0,0.406
23.802,0,0,0,-0.6167,-1.2333,-0.6391,-1.2444,-7.6515,0.0000,0.0000,0.0000,-0.5454,-1.7851,6.7167,0.002,1431,0.0000,0.0000,0.0250,0,0,0.393
23.902,0,0,0,-0.6167,-1.2333,-0.6383,-1.2486,-7.5948,0.0000,0.0000,0.0000,-0.6405,-1.2174,-6.1011,0.035,1435,0.0000,0.0000,0.0265,0,0,0.401
24.001,0,0,0,-0.6167,-1.2333,-0.6385,-1.2475,-7.5971,0.0000,0.0000,0.0000,-0.6429,-1.2687,-3.2336,0.011,1442,0.0000,0.0000,0.0260,0,0,0.463
24.103,0,0,0,-0.6167,-1.2333,-0.6378,-1.2517,-7.5420,0.0000,0.0000,0.0000,-0.6405,-1.2175,-6.0943,0.037,1447,0.0000,0.0000,0.0279,0,0,0.415
24.203,0,0,0,-0.6167,-1.2333,-0.6378,-1.2495,-7.5691,0.0000,0.0000,0.0000,-0.6430,-1.2686,-3.2379,0.010,1454,0.0000,0.0000,0.0267,0,0,0.400
24.301,0,0,0,-0.6167,-1.2333,-0.6382,-1.2493,-7.5798,0.0000,0.0000,0.0000,-0.6575,-1.3036,-3.5669,0.032,1459,0.0000,0.0000,0.0268,0,0,0.400
24.401,0,0,0,-0.6167,-1.2333,-0.6384,-1.2476,-7.6040,0.0000,0.0000,0.0000,-0.6575,-1.3036,-3.5665,0.010,1466,0.0000,0.0000,0.0260,0,0,0.411
24.502,0,0,0,-0.6167,-1.2333,-0.6385,-1.2471,-7.6150,0.0000,0.0000,0.0000,-0.6430,-1.2686,-3.2367,0.040,1471,0.0000,0.0000,0.0258,0,0,0.399
24.601,0,0,0,-0.6167,-1.2333,-0.6387,-1.2456,-7.6394,0.0000,0.0000,0.0000,-0.6405,-1.2174,-6.0949,0.009,1478,0.0000,0.0000,0.0252,0,0,0.409
24.703,0,0,0,-0.6167,-1.2333,-0.6388,-1.2452,-7.6490,0.0000,0.0000,0.0000,-0.6430,-1.2686,-3.2367,0.021,1483,0.0000,0.0000,0.0251,0,0,0.399
24.803,0,0,0,-0.6167,-1.2333,-0.6391,-1.2449,-7.6558,0.0000,0.0000,0.0000,-0.6429,-1.2686,-3.2340,0.004,1490,0.0000,0.0000,0.0252,0,0,0.399
24.902,0,0,0,-0.6167,-1.2333,-0.6382,-1.2487,-7.5906,0.0000,0.0000,0.0000,-0.6246,-1.1251,-9.3767,0.042,1495,0.0000,0.0000,0.0264,0,0,0.409
25.001,0,0,0,-0.6167,-1.2333,-0.6384,-1.2472,-7.5873,0.0000,0.0000,0.0000,-0.6406,-1.2172,-6.0998,0.007,1503,0.0000,0.0000,0.0258,0,0,0.391
25.105,0,0,0,-0.6167,-1.2333,-0.6385,-1.2466,-7.6268,0.0000,0.0000,0.0000,-0.6406,-1.2172,-6.1000,0.043,1507,0.0000,0.0000,0.0256,0,0,0.397
25.201,0,0,0,-0.6167,-1.2333,-0.6387,-1.2456,-7.6288,0.0000,0.0000,0.0000,-0.6429,-1.2686,-3.2370,0.015,1514,0.0000,0.0000,0.0252,0,0,0.394
25.303,0,0,0,-0.6167,-1.2333,-0.6388,-1.2447,-7.6581,0.0000,0.0000,0.0000,-0.6404,-1.2178,-6.0922,0.034,1519,0.0000,0.0000,0.0249,0,0,0.390
25.401,0,0,0,-0.6167,-1.2333,-0.6386,-1.2474,-7.5827,0.0000,0.0000,0.0000,-0.6430,-1.2686,-3.2364,0.007,1527,0.0000,0.0000,0.0261,0,0,0.399
25.502,0,0,0,-0.6167,-1.2333,-0.6387,-1.2467,-7.6246,0.0000,0.0000,0.0000,-0.6576,-1.3036,-3.5673,0.040,1531,0.0000,0.0000,0.0258,0,0,0.393
25.602,0,0,0,-0.6167,-1.2333,-0.6378,-1.2502,-7.5526,0.0000,0.0000,0.0000,-0.6575,-1.3036,-3.5671,0.006,1539,0.0000,0.0000,0.0270,0,0,0.405
25.702,0,0,0,-0.6167,-1.2333,-0.6381,-1.2499,-7.5680,0.0000,0.0000,0.0000,-0.6405,-1.2173,-6.0994,0.033,1543,0.0000,0.0000,0.0271,0,0,0.396
25.803,0,0,0,-0.6167,-1.2333,-0.6383,-1.2482,-7.5916,0.0000,0.0000,0.0000,-0.6575,-1.3036,-3.5666,0.012,1550,0.0000,0.0000,0.0263,0,0,0.402
25.902,0,0,0,-0.6167,-1.2333,-0.6385,-1.2477,-7.6038,0.0000,0.0000,0.0000,-0.6430,-1.2686,-3.2390,0.017,1555,0.0000,0.0000,0.0261,0,0,0.405
26.001,0,0,0,-0.6167,-1.2333,-0.6388,-1.2472,-7.6121,0.0000,0.0000,0.0000,-0.6247,-1.1251,-9.3766,0.002,1562,0.0000,0.0000,0.0261,0,0,0.395
26.104,0,0,0,-0.6167,-1.2333,-0.6388,-1.2456,-7.6389,0.0000,0.0000,0.0000,-0.6430,-1.2686,-3.2389,0.038,1567,0.0000,0.0000,0.0253,0,0,0.406
26.202,0,0,0,-0.6167,-1.2333,-0.6390,-1.2444,-7.6287,0.0000,0.0000,0.0000,-0.6429,-1.2686,-3.2367,0.005,1575,0.0000,0.0000,0.0249,0,0,0.379
26.302,0,0,0,-0.6167,-1.2333,-0.6391,-1.2438,-7.6736,0.0000,0.0000,0.0000,-0.6247,-1.1251,-9.3765,0.030,1579,0.0000,0.0000,0.0247,0,0,0.422
26.402,0,0,0,-0.6167,-1.2333,-0.6392,-1.2430,-7.6718,0.0000,0.0000,0.0000,-0.6429,-1.2686,-3.2362,0.013,1586,0.0000,0.0000,0.0245,0,0,0.397
26.502,0,0,0,-0.6167,-1.2333,-0.6384,-1.2474,-7.6086,0.0000,0.0000,0.0000,-0.6405,-1.2171,-6.1035,0.032,1591,0.0000,0.0000,0.0259,0,0,0.381
26.601,0,0,0,-0.6167,-1.2333,-0.6386,-1.2461,-7.6021,0.0000,0.0000,0.0000,-0.6405,-1.2171,-6.1042,0.004,1599,0.0000,0.0000,0.0254,0,0,0.384
26.703,0,0,0,-0.6167,-1.2333,-0.6387,-1.2454,-7.6416,0.0000,0.0000,0.0000,-0.6405,-1.2171,-6.1038,0.030,1603,0.0000,0.0000,0.0252,0,0,0.390
26.802,0,0,0,-0.6167,-1.2333,-0.6389,-1.2440,-7.6586,0.0000,0.0000,0.0000,-0.6430,-1.2686,-3.2383,0.005,1611,0.0000,0.0000,0.0246,0,0,0.412
26.902,0,0,0,-0.6167,-1.2333,-0.6390,-1.2437,-7.6716,0.0000,0.0000,0.0000,-0.6430,-1.2686,-3.2375,0.039,1615,0.0000,0.0000,0.0246,0,0,0.387
27.001,0,0,0,-0.6167,-1.2333,-0.6390,-1.2420,-7.6870,0.0000,0.0000,0.0000,-0.6430,-1.2686,-3.2383,0.010,1622,0.0000,0.0000,0.0240,0,0,0.398
27.103,0,0,0,-0.6167,-1.2333,-0.6384,-1.2474,-7.6081,0.0000,0.0000,0.0000,-0.6575,-1.3036,-3.5668,0.040,1627,0.0000,0.0000,0.0258,0,0,0.395
27.202,0,0,0,-0.6167,-1.2333,-0.6385,-1.2458,-7.6263,0.0000,0.0000,0.0000,-0.6404,-1.2176,-6.0945,0.018,1634,0.0000,0.0000,0.0252,0,0,0.393
27.304,0,0,0,-0.6167,-1.2333,-0.6387,-1.2454,-7.6392,0.0000,0.0000,0.0000,-0.6430,-1.2686,-3.2370,0.041,1639,0.0000,0.0000,0.0251,0,0,0.404
27.402,0,0,0,-0.6167,-1.2333,-0.6388,-1.2440,-7.6616,0.0000,0.0000,0.0000,-0.6404,-1.2176,-6.0945,0.007,1646,0.0000,0.0000,0.0246,0,0,0.399
27.503,0,0,0,-0.6167,-1.2333,-0.6390,-1.2436,-7.6695,0.0000,0.0000,0.0000,-0.6429,-1.2687,-3.2364,0.029,1651,0.0000,0.0000,0.0246,0,0,0.396
27.602,0,0,0,-0.6167,-1.2333,-0.6393,-1.2436,-7.6482,0.0000,0.0000,0.0000,-0.6247,-1.1250,-9.3749,0.004,1659,0.0000,0.0000,0.0249,0,0,0.393
27.704,0,0,0,-0.6167,-1.2333,-0.6392,-1.2420,-7.7003,0.0000,0.0000,0.0000,-0.6404,-1.2176,-6.0945,0.035,1663,0.0000,0.0000,0.0242,0,0,0.416
27.803,0,0,0,-0.6167,-1.2333,-0.6394,-1.2411,-7.6856,0.0000,0.0000,0.0000,-0.6430,-1.2686,-3.2371,0.012,1671,0.0000,0.0000,0.0240,0,0,0.391
27.903,0,0,0,-0.6167,-1.2333,-0.6395,-1.2407,-7.7263,0.0000,0.0000,0.0000,-0.6404,-1.2176,-6.0945,0.045,1675,0.0000,0.0000,0.0239,0,0,0.393
28.003,0,0,0,-0.6167,-1.2333,-0.6388,-1.2449,-7.6432,0.0000,0.0000,0.0000,-0.6430,-1.2686,-3.2383,0.008,1682,0.0000,0.0000,0.0250,0,0,0.418
28.103,0,0,0,-0.6167,-1.2333,-0.6389,-1.2440,-7.6683,0.0000,0.0000,0.0000,-0.6430,-1.2686,-3.2367,0.034,1687,0.0000,0.0000,0.0247,0,0,0.400
28.205,0,0,0,-0.6167,-1.2333,-0.6389,-1.2421,-7.7129,0.0000,0.0000,0.0000,-0.6430,-1.2686,-3.2371,0.004,1694,0.0000,0.0000,0.0239,0,0,0.423
28.303,0,0,0,-0.6167,-1.2333,-0.6392,-1.2424,-7.6952,0.0000,0.0000,0.0000,-0.6575,-1.3036,-3.5667,0.041,1699,0.0000,0.0000,0.0243,0,0,0.399
28.402,0,0,0,-0.6167,-1.2333,-0.6394,-1.2415,-7.6816,0.0000,0.0000,0.0000,-0.6430,-1.2686,-3.2386,0.011,1707,0.0000,0.0000,0.0241,0,0,0.384
28.511,0,0,0,-0.6167,-1.2333,-0.6394,-1.2410,-7.7210,0.0000,0.0000,0.0000,-0.6575,-1.3036,-3.5669,0.049,1711,0.0000,0.0000,0.0240,0,0,0.406
28.603,0,0,0,-0.6167,-1.2333,-0.6387,-1.2452,-7.6456,0.0000,0.0000,0.0000,-0.6430,-1.2686,-3.2364,0.005,1719,0.0000,0.0000,0.0250,0,0,0.408
28.703,0,0,0,-0.6167,-1.2333,-0.6388,-1.2448,-7.6580,0.0000,0.0000,0.0000,-0.6429,-1.2686,-3.2334,0.024,1723,0.0000,0.0000,0.0250,0,0,0.399
28.802,0,0,0,-0.6167,-1.2333,-0.6381,-1.2500,-7.5674,0.0000,0.0000,0.0000,-0.6248,-1.1251,-9.3763,0.005,1730,0.0000,0.0000,0.0272,0,0,0.404
28.902,0,0,0,-0.6167,-1.2333,-0.6372,-1.2537,-7.5022,0.0000,0.0000,0.0000,-0.6430,-1.2686,-3.2361,0.038,1735,0.0000,0.0000,0.0289,0,0,0.384
29.003,0,0,0,-0.6167,-1.2333,-0.6376,-1.2530,-7.4760,0.0000,0.0000,0.0000,-0.6248,-1.1251,-9.3735,0.002,1743,0.0000,0.0000,0.0288,0,0,0.403
29.104,0,0,0,-0.6167,-1.2333,-0.6377,-1.2510,-7.5326,0.0000,0.0000,0.0000,-0.6430,-1.2685,-3.2393,0.034,1747,0.0000,0.0000,0.0274,0,0,0.394
29.202,0,0,0,-0.6167,-1.2333,-0.6379,-1.2497,-7.5383,0.0000,0.0000,0.0000,-0.6429,-1.2686,-3.2341,0.012,1754,0.0000,0.0000,0.0268,0,0,0.393
29.302,0,0,0,-0.6167,-1.2333,-0.6372,-1.2538,-7.4881,0.0000,0.0000,0.0000,-0.6403,-1.2179,-6.0894,0.007,1759,0.0000,0.0000,0.0290,0,0,0.408
29.403,0,0,0,-0.6167,-1.2333,-0.6374,-1.2523,-7.4870,0.0000,0.0000,0.0000,-0.6403,-1.2179,-6.0894,0.002,1767,0.0000,0.0000,0.0281,0,0,0.404
29.504,0,0,0,-0.6167,-1.2333,-0.6376,-1.2512,-7.5223,0.0000,0.0000,0.0000,-0.6403,-1.2179,-6.0894,0.041,1771,0.0000,0.0000,0.0275,0,0,0.411
29.601,0,0,0,-0.6167,-1.2333,-0.6379,-1.2496,-7.5176,0.0000,0.0000,0.0000,-0.6429,-1.2686,-3.2359,0.010,1779,0.0000,0.0000,0.0267,0,0,0.402
29.704,0,0,0,-0.6167,-1.2333,-0.6376,-1.2527,-7.4951,0.0000,0.0000,0.0000,-0.6575,-1.3036,-3.5671,0.039,1783,0.0000,0.0000,0.0285,0,0,0.393
29.804,0,0,0,-0.6167,-1.2333,-0.6377,-1.2504,-7.5451,0.0000,0.0000,0.0000,-0.6429,-1.2686,-3.2363,0.010,1790,0.0000,0.0000,0.0270,0,0,0.397
29.903,0,0,0,-0.6167,-1.2333,-0.6380,-1.2502,-7.5326,0.0000,0.0000,0.0000,-0.6429,-1.2686,-3.2358,0.020,1795,0.0000,0.0000,0.0272,0,0,0.376
30.001,0,0,0,-0.6167,-1.2333,-0.6382,-1.2485,-7.5553,0.0000,0.0000,0.0000,-0.6405,-1.2175,-6.0959,0.015,1802,0.0000,0.0000,0.0264,0,0,0.390
30.103,0,0,0,-0.6167,-1.2333,-0.6384,-1.2480,-7.5696,0.0000,0.0000,0.0000,-0.6429,-1.2686,-3.2366,0.038,1807,0.0000,0.0000,0.0262,0,0,0.393
30.202,0,0,0,-0.6167,-1.2333,-0.6386,-1.2464,-7.5970,0.0000,0.0000,0.0000,-0.6405,-1.2175,-6.0959,0.010,1814,0.0000,0.0000,0.0255,0,0,0.391
30.302,0,0,0,-0.6167,-1.2333,-0.6387,-1.2459,-7.6054,0.0000,0.0000,0.0000,-0.6248,-1.1251,-9.3748,0.038,1819,0.0000,0.0000,0.0254,0,0,0.386
30.404,0,0,0,-0.6167,-1.2333,-0.6390,-1.2455,-7.6147,0.0000,0.0000,0.0000,-0.6429,-1.2686,-3.2369,0.010,1826,0.0000,0.0000,0.0254,0,0,0.382
30.504,0,0,0,-0.6167,-1.2333,-0.6390,-1.2440,-7.6377,0.0000,0.0000,0.0000,-0.6405,-1.2175,-6.0959,0.021,1831,0.0000,0.0000,0.0248,0,0,0.403
30.603,0,0,0,-0.6167,-1.2333,-0.6392,-1.2432,-7.6370,0.0000,0.0000,0.0000,-0.6405,-1.2175,-6.0959,0.005,1839,0.0000,0.0000,0.0245,0,0,0.399
30.702,0,0,0,-0.6167,-1.2333,-0.6392,-1.2424,-7.6696,0.0000,0.0000,0.0000,-0.6405,-1.2175,-6.0959,0.038,1843,0.0000,0.0000,0.0243,0,0,0.389
30.803,0,0,0,-0.6167,-1.2333,-0.6394,-1.2417,-7.6666,0.0000,0.0000,0.0000,-0.6405,-1.2175,-6.0959,0.002,1851,0.0000,0.0000,0.0242,0,0,0.400
30.904,0,0,0,-0.6167,-1.2333,-0.6395,-1.2410,-7.6965,0.0000,0.0000,0.0000,-0.6430,-1.2686,-3.2385,0.049,1855,0.0000,0.0000,0.0241,0,0,0.397
31.003,0,0,0,-0.6167,-1.2333,-0.6395,-1.2395,-7.7143,0.0000,0.0000,0.0000,-0.6429,-1.2686,-3.2374,0.003,1862,0.0000,0.0000,0.0236,0,0,0.385
31.103,0,0,0,-0.6167,-1.2333,-0.6397,-1.2397,-7.7232,0.0000,0.0000,0.0000,-0.6575,-1.3036,-3.5650,0.039,1867,0.0000,0.0000,0.0239,0,0,0.397
31.201,0,0,0,-0.6167,-1.2333,-0.6398,-1.2387,-7.7387,0.0000,0.0000,0.0000,-0.6405,-1.2175,-6.0959,0.011,1874,0.0000,0.0000,0.0237,0,0,0.388
31.305,0,0,0,-0.6167,-1.2333,-0.6399,-1.2386,-7.7480,0.0000,0.0000,0.0000,-0.6429,-1.2687,-3.2367,0.041,1879,0.0000,0.0000,0.0238,0,0,0.409
31.402,0,0,0,-0.6167,-1.2333,-0.6400,-1.2376,-7.7652,0.0000,0.0000,0.0000,-0.6405,-1.2175,-6.0959,0.020,1886,0.0000,0.0000,0.0237,0,0,0.399
31.504,0,0,0,-0.6167,-1.2333,-0.6401,-1.2376,-7.7722,0.0000,0.0000,0.0000,-0.6430,-1.2687,-3.2371,0.018,1891,0.0000,0.0000,0.0238,0,0,0.399
31.602,0,0,0,-0.6167,-1.2333,-0.6403,-1.2379,-7.7463,0.0000,0.0000,0.0000,-0.6430,-1.2686,-3.2380,0.010,1898,0.0000,0.0000,0.0241,0,0,0.402
31.701,0,0,0,-0.6167,-1.2333,-0.6402,-1.2366,-7.7919,0.0000,0.0000,0.0000,-0.6249,-1.1251,-9.3762,0.031,1903,0.0000,0.0000,0.0238,0,0,0.415
31.801,0,0,0,-0.6167,-1.2333,-0.6403,-1.2360,-7.7698,0.0000,0.0000,0.0000,-0.6430,-1.2687,-3.2380,0.010,1911,0.0000,0.0000,0.0238,0,0,0.391
31.904,0,0,0,-0.6167,-1.2333,-0.6399,-1.2397,-7.7418,0.0000,0.0000,0.0000,-0.5933,-1.6506,3.4322,0.044,1915,0.0000,0.0000,0.0241,0,0,0.396
32.001,0,0,0,-0.6167,-1.2333,-0.6400,-1.2391,-7.7345,0.0000,0.0000,0.0000,-0.6430,-1.2686,-3.2397,0.011,1922,0.0000,0.0000,0.0241,0,0,0.394
32.106,0,0,0,-0.6167,-1.2333,-0.6401,-1.2386,-7.7629,0.0000,0.0000,0.0000,-0.6249,-1.1251,-9.3760,0.002,1928,0.0000,0.0000,0.0240,0,0,0.392
32.203,0,0,0,-0.6167,-1.2333,-0.6402,-1.2379,-7.7490,0.0000,0.0000,0.0000,-0.6430,-1.2687,-3.2373,0.010,1935,0.0000,0.0000,0.0239,0,0,0.386
32.302,0,0,0,-0.6167,-1.2333,-0.6402,-1.2376,-7.7829,0.0000,0.0000,0.0000,-0.6576,-1.3036,-3.5675,0.040,1939,0.0000,0.0000,0.0239,0,0,0.405
32.401,0,0,0,-0.6167,-1.2333,-0.6403,-1.2370,-7.7649,0.0000,0.0000,0.0000,-0.6430,-1.2686,-3.2387,0.009,1947,0.0000,0.0000,0.0239,0,0,0.375
32.511,0,0,0,-0.6167,-1.2333,-0.6395,-1.2418,-7.7127,0.0000,0.0000,0.0000,-0.6249,-1.1250,-9.3749,0.006,1952,0.0000,0.0000,0.0243,0,0,0.396
32.603,0,0,0,-0.6167,-1.2333,-0.6396,-1.2406,-7.7307,0.0000,0.0000,0.0000,-0.6405,-1.2170,-6.1112,0.015,1958,0.0000,0.0000,0.0241,0,0,0.402
32.703,0,0,0,-0.6167,-1.2333,-0.6397,-1.2404,-7.7413,0.0000,0.0000,0.0000,-0.6429,-1.2686,-3.2363,0.019,1963,0.0000,0.0000,0.0241,0,0,0.413
32.802,0,0,0,-0.6167,-1.2333,-0.6399,-1.2404,-7.7399,0.0000,0.0000,0.0000,-0.6249,-1.1250,-9.3768,0.002,1970,0.0000,0.0000,0.0243,0,0,0.399
32.901,0,0,0,-0.6167,-1.2333,-0.6399,-1.2392,-7.7602,0.0000,0.0000,0.0000,-0.6430,-1.2686,-3.2392,0.031,1975,0.0000,0.0000,0.0239,0,0,0.413
33.002,0,0,0,-0.6167,-1.2333,-0.6396,-1.2424,-7.6928,0.0000,0.0000,0.0000,-0.6429,-1.2686,-3.2368,0.008,1982,0.0000,0.0000,0.0247,0,0,0.399
33.101,0,0,0,-0.6167,-1.2333,-0.6397,-1.2417,-7.7174,0.0000,0.0000,0.0000,-0.6249,-1.1250,-9.3737,0.035,1987,0.0000,0.0000,0.0245,0,0,0.385
33.201,0,0,0,-0.6167,-1.2333,-0.6398,-1.2410,-7.7167,0.0000,0.0000,0.0000,-0.6430,-1.2686,-3.2382,0.014,1994,0.0000,0.0000,0.0243,0,0,0.413
33.306,0,0,0,-0.6167,-1.2333,-0.6399,-1.2403,-7.7430,0.0000,0.0000,0.0000,-0.6249,-1.1250,-9.3753,0.002,2000,0.0000,0.0000,0.0242,0,0,0.392
33.401,0,0,0,-0.6167,-1.2333,-0.6400,-1.2397,-7.7379,0.0000,0.0000,0.0000,-0.6404,-1.2179,-6.0866,0.006,2007,0.0000,0.0000,0.0242,0,0,0.404
33.507,0,0,0,-0.6167,-1.2333,-0.6392,-1.2443,-7.6786,0.0000,0.0000,0.0000,-0.6249,-1.1250,-9.3734,0.002,2012,0.0000,0.0000,0.0250,0,0,0.413
33.601,0,0,0,-0.6167,-1.2333,-0.6393,-1.2430,-7.6956,0.0000,0.0000,0.0000,-0.6429,-1.2686,-3.2365,0.002,2019,0.0000,0.0000,0.0246,0,0,0.406
33.703,0,0,0,-0.6167,-1.2333,-0.6394,-1.2427,-7.7065,0.0000,0.0000,0.0000,-0.6576,-1.3036,-3.5677,0.034,2023,0.0000,0.0000,0.0246,0,0,0.400
33.801,0,0,0,-0.6167,-1.2333,-0.6394,-1.2412,-7.7163,0.0000,0.0000,0.0000,-0.6429,-1.2686,-3.2365,0.014,2030,0.0000,0.0000,0.0240,0,0,0.407
33.902,0,0,0,-0.6167,-1.2333,-0.6396,-1.2413,-7.7288,0.0000,0.0000,0.0000,-0.6250,-1.1250,-9.3757,0.002,2036,0.0000,0.0000,0.0243,0,0,0.388
34.001,0,0,0,-0.6167,-1.2333,-0.6397,-1.2401,-7.7442,0.0000,0.0000,0.0000,-0.6404,-1.2177,-6.0946,0.012,2042,0.0000,0.0000,0.0240,0,0,0.403
34.106,0,0,0,-0.6167,-1.2333,-0.6398,-1.2400,-7.7525,0.0000,0.0000,0.0000,-0.6250,-1.1250,-9.3751,0.002,2048,0.0000,0.0000,0.0241,0,0,0.393
34.201,0,0,0,-0.6167,-1.2333,-0.6399,-1.2389,-7.7665,0.0000,0.0000,0.0000,-0.6404,-1.2177,-6.0946,0.019,2054,0.0000,0.0000,0.0239,0,0,0.401
34.303,0,0,0,-0.6167,-1.2333,-0.6400,-1.2388,-7.7717,0.0000,0.0000,0.0000,-0.6429,-1.2686,-3.2347,0.032,2059,0.0000,0.0000,0.0240,0,0,0.397
34.404,0,0,0,-0.6167,-1.2333,-0.6402,-1.2391,-7.7467,0.0000,0.0000,0.0000,-0.6429,-1.2686,-3.2359,0.011,2066,0.0000,0.0000,0.0243,0,0,0.386
34.503,0,0,0,-0.6167,-1.2333,-0.6401,-1.2377,-7.7928,0.0000,0.0000,0.0000,-0.6429,-1.2686,-3.2362,0.036,2071,0.0000,0.0000,0.0239,0,0,0.393
34.604,0,0,0,-0.6167,-1.2333,-0.6402,-1.2372,-7.7866,0.0000,0.0000,0.0000,-0.6404,-1.2177,-6.0946,0.010,2079,0.0000,0.0000,0.0239,0,0,0.398
34.702,0,0,0,-0.6167,-1.2333,-0.6403,-1.2368,-7.8101,0.0000,0.0000,0.0000,-0.6404,-1.2177,-6.0946,0.037,2083,0.0000,0.0000,0.0239,0,0,0.396
34.801,0,0,0,-0.6167,-1.2333,-0.6400,-1.2402,-7.7357,0.0000,0.0000,0.0000,-0.6429,-1.2686,-3.2366,0.014,2090,0.0000,0.0000,0.0243,0,0,0.384
34.902,0,0,0,-0.6167,-1.2333,-0.6400,-1.2396,-7.7659,0.0000,0.0000,0.0000,-0.6405,-1.2176,-6.0879,0.033,2095,0.0000,0.0000,0.0242,0,0,0.403
35.001,0,0,0,-0.6167,-1.2333,-0.6400,-1.2382,-7.7772,0.0000,0.0000,0.0000,-0.6575,-1.3036,-3.5669,0.006,2103,0.0000,0.0000,0.0238,0,0,0.399
35.103,0,0,0,-0.6167,-1.2333,-0.6402,-1.2385,-7.7853,0.0000,0.0000,0.0000,-0.6575,-1.3036,-3.5663,0.041,2107,0.0000,0.0000,0.0241,0,0,0.384
35.201,0,0,0,-0.6167,-1.2333,-0.6394,-1.2430,-7.6777,0.0000,0.0000,0.0000,-0.6429,-1.2686,-3.2357,0.010,2115,0.0000,0.0000,0.0247,0,0,0.409
35.306,0,0,0,-0.6167,-1.2333,-0.6395,-1.2425,-7.7158,0.0000,0.0000,0.0000,-0.6576,-1.3036,-3.5673,0.033,2119,0.0000,0.0000,0.0246,0,0,0.399
35.401,0,0,0,-0.6167,-1.2333,-0.6396,-1.2412,-7.7343,0.0000,0.0000,0.0000,-0.6405,-1.2174,-6.1000,0.015,2126,0.0000,0.0000,0.0243,0,0,0.421
35.502,0,0,0,-0.6167,-1.2333,-0.6397,-1.2410,-7.7399,0.0000,0.0000,0.0000,-0.6429,-1.2685,-3.2373,0.031,2131,0.0000,0.0000,0.0243,0,0,0.387
35.603,0,0,0,-0.6167,-1.2333,-0.6389,-1.2449,-7.6669,0.0000,0.0000,0.0000,-0.6429,-1.2686,-3.2356,0.005,2139,0.0000,0.0000,0.0251,0,0,0.396
35.704,0,0,0,-0.6167,-1.2333,-0.6387,-1.2483,-7.6130,0.0000,0.0000,0.0000,-0.6429,-1.2686,-3.2346,0.043,2143,0.0000,0.0000,0.0267,0,0,0.391
35.803,0,0,0,-0.6167,-1.2333,-0.6389,-1.2469,-7.6079,0.0000,0.0000,0.0000,-0.6250,-1.1250,-9.3760,0.009,2151,0.0000,0.0000,0.0261,0,0,0.407
35.906,0,0,0,-0.6167,-1.2333,-0.6390,-1.2462,-7.6477,0.0000,0.0000,0.0000,-0.6250,-1.1250,-9.3760,0.002,2156,0.0000,0.0000,0.0258,0,0,0.386
36.002,0,0,0,-0.6167,-1.2333,-0.6383,-1.2503,-7.5601,0.0000,0.0000,0.0000,-0.6430,-1.2686,-3.2379,0.011,2162,0.0000,0.0000,0.0275,0,0,0.400
36.104,0,0,0,-0.6167,-1.2333,-0.6384,-1.2492,-7.5941,0.0000,0.0000,0.0000,-0.6406,-1.2172,-6.1043,0.041,2167,0.0000,0.0000,0.0270,0,0,0.404
36.203,0,0,0,-0.6167,-1.2333,-0.6386,-1.2481,-7.5931,0.0000,0.0000,0.0000,-0.6429,-1.2686,-3.2362,0.016,2174,0.0000,0.0000,0.0264,0,0,0.400
36.303,0,0,0,-0.6167,-1.2333,-0.6388,-1.2471,-7.6258,0.0000,0.0000,0.0000,-0.6406,-1.2172,-6.1042,0.040,2179,0.0000,0.0000,0.0260,0,0,0.407
36.401,0,0,0,-0.6167,-1.2333,-0.6389,-1.2456,-7.6446,0.0000,0.0000,0.0000,-0.6429,-1.2686,-3.2350,0.005,2187,0.0000,0.0000,0.0254,0,0,0.398
36.505,0,0,0,-0.6167,-1.2333,-0.6391,-1.2452,-7.6569,0.0000,0.0000,0.0000,-0.6250,-1.1250,-9.3740,0.002,2192,0.0000,0.0000,0.0253,0,0,0.385
36.603,0,0,0,-0.6167,-1.2333,-0.6391,-1.2434,-7.6737,0.0000,0.0000,0.0000,-0.6575,-1.3036,-3.5663,0.002,2199,0.0000,0.0000,0.0246,0,0,0.417
36.702,0,0,0,-0.6167,-1.2333,-0.6384,-1.2487,-7.5942,0.0000,0.0000,0.0000,-0.6429,-1.2686,-3.2369,0.021,2203,0.0000,0.0000,0.0266,0,0,0.394
36.802,0,0,0,-0.6167,-1.2333,-0.6386,-1.2470,-7.6151,0.0000,0.0000,0.0000,-0.6407,-1.2168,-6.1111,0.023,2210,0.0000,0.0000,0.0259,0,0,0.384
36.903,0,0,0,-0.6167,-1.2333,-0.6388,-1.2466,-7.6285,0.0000,0.0000,0.0000,-0.6429,-1.2686,-3.2356,0.040,2215,0.0000,0.0000,0.0257,0,0,0.388
37.001,0,0,0,-0.6167,-1.2333,-0.6390,-1.2453,-7.6102,0.0000,0.0000,0.0000,-0.6429,-1.2686,-3.2379,0.008,2223,0.0000,0.0000,0.0253,0,0,0.408
37.102,0,0,0,-0.6167,-1.2333,-0.6390,-1.2447,-7.6499,0.0000,0.0000,0.0000,-0.6250,-1.1250,-9.3749,0.042,2227,0.0000,0.0000,0.0251,0,0,0.390
37.201,0,0,0,-0.6167,-1.2333,-0.6392,-1.2435,-7.6404,0.0000,0.0000,0.0000,-0.6429,-1.2686,-3.2363,0.006,2235,0.0000,0.0000,0.0247,0,0,0.396
37.302,0,0,0,-0.6167,-1.2333,-0.6389,-1.2470,-7.6137,0.0000,0.0000,0.0000,-0.5946,-1.6513,3.4423,0.037,2239,0.0000,0.0000,0.0261,0,0,0.400
37.402,0,0,0,-0.6167,-1.2333,-0.6382,-1.2509,-7.5154,0.0000,0.0000,0.0000,-0.6429,-1.2686,-3.2371,0.010,2247,0.0000,0.0000,0.0278,0,0,0.402
37.505,0,0,0,-0.6167,-1.2333,-0.6374,-1.2554,-7.4571,0.0000,0.0000,0.0000,-0.5428,-1.7890,6.8085,0.043,2251,0.0000,0.0000,0.0302,0,0,0.383
37.601,0,0,0,-0.6167,-1.2333,-0.6377,-1.2534,-7.4639,0.0000,0.0000,0.0000,-0.6406,-1.2170,-6.1083,0.010,2259,0.0000,0.0000,0.0291,0,0,0.409
37.705,0,0,0,-0.6167,-1.2333,-0.6378,-1.2525,-7.5146,0.0000,0.0000,0.0000,-0.6251,-1.1250,-9.3767,0.004,2264,0.0000,0.0000,0.0286,0,0,0.394
37.802,0,0,0,-0.6167,-1.2333,-0.6379,-1.2504,-7.5354,0.0000,0.0000,0.0000,-0.6429,-1.2686,-3.2364,0.011,2270,0.0000,0.0000,0.0272,0,0,0.391
37.902,0,0,0,-0.6167,-1.2333,-0.6379,-1.2539,-7.4895,0.0000,0.0000,0.0000,-0.6251,-1.1250,-9.3753,0.006,2276,0.0000,0.0000,0.0295,0,0,0.403
38.005,0,0,0,-0.6167,-1.2333,-0.6381,-1.2519,-7.5143,0.0000,0.0000,0.0000,-0.6404,-1.2174,-6.1015,0.020,2282,0.0000,0.0000,0.0284,0,0,0.400
38.102,0,0,0,-0.6167,-1.2333,-0.6382,-1.2512,-7.5329,0.0000,0.0000,0.0000,-0.6429,-1.2685,-3.2368,0.035,2287,0.0000,0.0000,0.0280,0,0,0.401
38.201,0,0,0,-0.6167,-1.2333,-0.6384,-1.2495,-7.5562,0.0000,0.0000,0.0000,-0.6404,-1.2175,-6.1000,0.015,2294,0.0000,0.0000,0.0271,0,0,0.455
38.305,0,0,0,-0.6167,-1.2333,-0.6386,-1.2489,-7.5777,0.0000,0.0000,0.0000,-0.6575,-1.3036,-3.5663,0.003,2300,0.0000,0.0000,0.0269,0,0,0.417
38.401,0,0,0,-0.6167,-1.2333,-0.6389,-1.2484,-7.5812,0.0000,0.0000,0.0000,-0.6429,-1.2686,-3.2348,0.005,2306,0.0000,0.0000,0.0268,0,0,0.390
38.504,0,0,0,-0.6167,-1.2333,-0.6389,-1.2467,-7.6065,0.0000,0.0000,0.0000,-0.6250,-1.1250,-9.3729,0.035,2311,0.0000,0.0000,0.0259,0,0,0.390
38.602,0,0,0,-0.6167,-1.2333,-0.6391,-1.2454,-7.6037,0.0000,0.0000,0.0000,-0.6429,-1.2686,-3.2371,0.011,2319,0.0000,0.0000,0.0254,0,0,0.381
38.706,0,0,0,-0.6167,-1.2333,-0.6392,-1.2448,-7.6412,0.0000,0.0000,0.0000,-0.6575,-1.3036,-3.5662,0.002,2325,0.0000,0.0000,0.0252,0,0,0.387
38.801,0,0,0,-0.6167,-1.2333,-0.6393,-1.2439,-7.6398,0.0000,0.0000,0.0000,-0.6429,-1.2686,-3.2362,0.013,2330,0.0000,0.0000,0.0250,0,0,0.382
38.901,0,0,0,-0.6167,-1.2333,-0.6394,-1.2431,-7.6724,0.0000,0.0000,0.0000,-0.6404,-1.2175,-6.0999,0.031,2335,0.0000,0.0000,0.0247,0,0,0.388
39.002,0,0,0,-0.6167,-1.2333,-0.6396,-1.2421,-7.6644,0.0000,0.0000,0.0000,-0.6429,-1.2686,-3.2353,0.012,2343,0.0000,0.0000,0.0245,0,0,0.403
39.101,0,0,0,-0.6167,-1.2333,-0.6396,-1.2416,-7.6999,0.0000,0.0000,0.0000,-0.6575,-1.3036,-3.5657,0.034,2347,0.0000,0.0000,0.0244,0,0,0.408
39.201,0,0,0,-0.6167,-1.2333,-0.6396,-1.2401,-7.7141,0.0000,0.0000,0.0000,-0.6575,-1.3036,-3.5662,0.008,2355,0.0000,0.0000,0.0239,0,0,0.398
39.302,0,0,0,-0.6167,-1.2333,-0.6398,-1.2403,-7.7255,0.0000,0.0000,0.0000,-0.6575,-1.3036,-3.5665,0.038,2359,0.0000,0.0000,0.0242,0,0,0.402
39.403,0,0,0,-0.6167,-1.2333,-0.6399,-1.2392,-7.7428,0.0000,0.0000,0.0000,-0.6575,-1.3036,-3.5665,0.014,2366,0.0000,0.0000,0.0240,0,0,0.420
39.503,0,0,0,-0.6167,-1.2333,-0.6392,-1.2443,-7.6587,0.0000,0.0000,0.0000,-0.6430,-1.2686,-3.2384,0.021,2371,0.0000,0.0000,0.0250,0,0,0.409
39.602,0,0,0,-0.6167,-1.2333,-0.6376,-1.2532,-7.5019,0.0000,0.0000,0.0000,-0.6251,-1.1250,-9.3727,0.008,2378,0.0000,0.0000,0.0288,0,0,0.383
39.703,0,0,0,-0.6167,-1.2333,-0.6378,-1.2524,-7.5141,0.0000,0.0000,0.0000,-0.6429,-1.2686,-3.2356,0.033,2383,0.0000,0.0000,0.0284,0,0,0.388
39.803,0,0,0,-0.6167,-1.2333,-0.6380,-1.2505,-7.5441,0.0000,0.0000,0.0000,-0.6251,-1.1250,-9.3717,0.008,2390,0.0000,0.0000,0.0274,0,0,0.416
39.902,0,0,0,-0.6167,-1.2333,-0.6382,-1.2499,-7.5541,0.0000,0.0000,0.0000,-0.6251,-1.1250,-9.3734,0.038,2395,0.0000,0.0000,0.0271,0,0,0.399
40.001,0,0,0,-0.6167,-1.2333,-0.6375,-1.2536,-7.4753,0.0000,0.0000,0.0000,-0.6430,-1.2686,-3.2376,0.008,2402,0.0000,0.0000,0.0291,0,0,0.394
40.106,0,0,0,-0.6167,-1.2333,-0.6368,-1.2575,-7.4207,0.0000,0.0000,0.0000,-0.6252,-1.1250,-9.3760,0.003,2408,0.0000,0.0000,0.0314,0,0,0.395
40.201,0,0,0,-0.6167,-1.2333,-0.6371,-1.2558,-7.4316,0.0000,0.0000,0.0000,-0.6404,-1.2174,-6.1015,0.006,2415,0.0000,0.0000,0.0303,0,0,0.400
40.303,0,0,0,-0.6167,-1.2333,-0.6373,-1.2544,-7.4704,0.0000,0.0000,0.0000,-0.6404,-1.2174,-6.1015,0.040,2419,0.0000,0.0000,0.0295,0,0,0.395
40.403,0,0,0,-0.6167,-1.2333,-0.6367,-1.2576,-7.3846,0.0000,0.0000,0.0000,-0.6430,-1.2686,-3.2369,0.009,2427,0.0000,0.0000,0.0315,0,0,0.398
40.503,0,0,0,-0.6167,-1.2333,-0.6359,-1.2620,-7.3347,0.0000,0.0000,0.0000,-0.6251,-1.1250,-9.3738,0.002,2432,0.0000,0.0000,0.0346,0,0,0.385
40.604,0,0,0,-0.6167,-1.2333,-0.6362,-1.2592,-7.3671,0.0000,0.0000,0.0000,-0.6576,-1.3036,-3.5675,0.006,2439,0.0000,0.0000,0.0324,0,0,0.402
40.706,0,0,0,-0.6167,-1.2333,-0.6365,-1.2585,-7.3922,0.0000,0.0000,0.0000,-0.6252,-1.1250,-9.3753,0.005,2444,0.0000,0.0000,0.0321,0,0,0.405
40.804,0,0,0,-0.6167,-1.2333,-0.6368,-1.2563,-7.4217,0.0000,0.0000,0.0000,-0.6404,-1.2176,-6.0931,0.018,2450,0.0000,0.0000,0.0306,0,0,0.406
40.904,0,0,0,-0.6167,-1.2333,-0.6371,-1.2554,-7.4413,0.0000,0.0000,0.0000,-0.6430,-1.2687,-3.2390,0.046,2455,0.0000,0.0000,0.0301,0,0,0.398
41.001,0,0,0,-0.6167,-1.2333,-0.6373,-1.2534,-7.4739,0.0000,0.0000,0.0000,-0.6252,-1.1250,-9.3753,0.007,2462,0.0000,0.0000,0.0288,0,0,0.403
41.101,0,0,0,-0.6167,-1.2333,-0.6375,-1.2526,-7.4881,0.0000,0.0000,0.0000,-0.6430,-1.2687,-3.2378,0.034,2467,0.0000,0.0000,0.0284,0,0,0.391
41.204,0,0,0,-0.6167,-1.2333,-0.6378,-1.2507,-7.5170,0.0000,0.0000,0.0000,-0.6430,-1.2687,-3.2382,0.002,2475,0.0000,0.0000,0.0273,0,0,0.408
41.308,0,0,0,-0.6167,-1.2333,-0.6380,-1.2500,-7.5300,0.0000,0.0000,0.0000,-0.6252,-1.1250,-9.3738,0.003,2480,0.0000,0.0000,0.0271,0,0,0.388
41.401,0,0,0,-0.6167,-1.2333,-0.6382,-1.2485,-7.5277,0.0000,0.0000,0.0000,-0.6430,-1.2687,-3.2381,0.008,2487,0.0000,0.0000,0.0264,0,0,0.385
41.502,0,0,0,-0.6167,-1.2333,-0.6383,-1.2478,-7.5703,0.0000,0.0000,0.0000,-0.6405,-1.2176,-6.0933,0.041,2491,0.0000,0.0000,0.0261,0,0,0.397
41.601,0,0,0,-0.6167,-1.2333,-0.6385,-1.2467,-7.5722,0.0000,0.0000,0.0000,-0.6429,-1.2686,-3.2363,0.011,2498,0.0000,0.0000,0.0256,0,0,0.393
41.702,0,0,0,-0.6167,-1.2333,-0.6387,-1.2458,-7.6064,0.0000,0.0000,0.0000,-0.6405,-1.2176,-6.0933,0.021,2503,0.0000,0.0000,0.0253,0,0,0.394
41.802,0,0,0,-0.6167,-1.2333,-0.6389,-1.2446,-7.6011,0.0000,0.0000,0.0000,-0.6575,-1.3036,-3.5659,0.003,2511,0.0000,0.0000,0.0249,0,0,0.381
41.904,0,0,0,-0.6167,-1.2333,-0.6381,-1.2493,-7.5485,0.0000,0.0000,0.0000,-0.6252,-1.1250,-9.3760,0.003,2516,0.0000,0.0000,0.0267,0,0,0.403
42.002,0,0,0,-0.6167,-1.2333,-0.6383,-1.2478,-7.5444,0.0000,0.0000,0.0000,-0.6429,-1.2686,-3.2356,0.012,2523,0.0000,0.0000,0.0261,0,0,0.394
42.104,0,0,0,-0.6167,-1.2333,-0.6385,-1.2471,-7.5852,0.0000,0.0000,0.0000,-0.6252,-1.1250,-9.3758,0.004,2528,0.0000,0.0000,0.0258,0,0,0.407
42.202,0,0,0,-0.6167,-1.2333,-0.6386,-1.2456,-7.6070,0.0000,0.0000,0.0000,-0.6404,-1.2177,-6.0909,0.016,2534,0.0000,0.0000,0.0252,0,0,0.409
42.302,0,0,0,-0.6167,-1.2333,-0.6388,-1.2452,-7.6240,0.0000,0.0000,0.0000,-0.6429,-1.2686,-3.2373,0.010,2539,0.0000,0.0000,0.0251,0,0,0.398
42.402,0,0,0,-0.6167,-1.2333,-0.6390,-1.2440,-7.6121,0.0000,0.0000,0.0000,-0.6429,-1.2686,-3.2370,0.010,2547,0.0000,0.0000,0.0248,0,0,0.389
42.504,0,0,0,-0.6167,-1.2333,-0.6391,-1.2435,-7.6530,0.0000,0.0000,0.0000,-0.6575,-1.3036,-3.5669,0.003,2552,0.0000,0.0000,0.0246,0,0,0.382
42.602,0,0,0,-0.6167,-1.2333,-0.6394,-1.2435,-7.6321,0.0000,0.0000,0.0000,-0.6429,-1.2685,-3.2368,0.011,2558,0.0000,0.0000,0.0249,0,0,0.398
42.702,0,0,0,-0.6167,-1.2333,-0.6393,-1.2419,-7.6848,0.0000,0.0000,0.0000,-0.6252,-1.1250,-9.3744,0.039,2563,0.0000,0.0000,0.0242,0,0,0.403
42.804,0,0,0,-0.6167,-1.2333,-0.6395,-1.2412,-7.6835,0.0000,0.0000,0.0000,-0.6429,-1.2685,-3.2388,0.017,2570,0.0000,0.0000,0.0241,0,0,0.394
42.902,0,0,0,-0.6167,-1.2333,-0.6396,-1.2405,-7.7136,0.0000,0.0000,0.0000,-0.6404,-1.2177,-6.0908,0.022,2575,0.0000,0.0000,0.0240,0,0,0.399
43.002,0,0,0,-0.6167,-1.2333,-0.6397,-1.2399,-7.7077,0.0000,0.0000,0.0000,-0.6404,-1.2177,-6.0908,0.003,2583,0.0000,0.0000,0.0239,0,0,0.388
43.112,0,0,0,-0.6167,-1.2333,-0.6398,-1.2393,-7.7366,0.0000,0.0000,0.0000,-0.6251,-1.1250,-9.3714,0.004,2588,0.0000,0.0000,0.0239,0,0,0.383
43.201,0,0,0,-0.6167,-1.2333,-0.6399,-1.2385,-7.7188,0.0000,0.0000,0.0000,-0.6429,-1.2686,-3.2358,0.013,2595,0.0000,0.0000,0.0238,0,0,0.390
43.304,0,0,0,-0.6167,-1.2333,-0.6400,-1.2382,-7.7601,0.0000,0.0000,0.0000,-0.6575,-1.3036,-3.5662,0.040,2599,0.0000,0.0000,0.0238,0,0,0.392
43.404,0,0,0,-0.6167,-1.2333,-0.6399,-1.2366,-7.8083,0.0000,0.0000,0.0000,-0.6576,-1.3036,-3.5672,0.002,2607,0.0000,0.0000,0.0234,0,0,0.404
43.506,0,0,0,-0.6167,-1.2333,-0.6401,-1.2372,-7.7786,0.0000,0.0000,0.0000,-0.6252,-1.1250,-9.3724,0.003,2612,0.0000,0.0000,0.0238,0,0,0.395
43.602,0,0,0,-0.6167,-1.2333,-0.6402,-1.2363,-7.7883,0.0000,0.0000,0.0000,-0.6404,-1.2177,-6.0908,0.028,2618,0.0000,0.0000,0.0237,0,0,0.454
43.702,0,0,0,-0.6167,-1.2333,-0.6403,-1.2363,-7.7975,0.0000,0.0000,0.0000,-0.6429,-1.2686,-3.2365,0.033,2623,0.0000,0.0000,0.0238,0,0,0.400
43.803,0,0,0,-0.6167,-1.2333,-0.6404,-1.2358,-7.7762,0.0000,0.0000,0.0000,-0.6429,-1.2686,-3.2356,0.007,2631,0.0000,0.0000,0.0238,0,0,0.395
43.902,0,0,0,-0.6167,-1.2333,-0.6404,-1.2355,-7.8140,0.0000,0.0000,0.0000,-0.6252,-1.1250,-9.3738,0.041,2635,0.0000,0.0000,0.0238,0,0,0.404
44.002,0,0,0,-0.6167,-1.2333,-0.6406,-1.2360,-7.7871,0.0000,0.0000,0.0000,-0.6429,-1.2687,-3.2336,0.010,2642,0.0000,0.0000,0.0241,0,0,0.403
44.101,0,0,0,-0.6167,-1.2333,-0.6405,-1.2348,-7.8303,0.0000,0.0000,0.0000,-0.6404,-1.2177,-6.0908,0.031,2647,0.0000,0.0000,0.0239,0,0,0.397
44.201,0,0,0,-0.6167,-1.2333,-0.6406,-1.2345,-7.8185,0.0000,0.0000,0.0000,-0.6404,-1.2177,-6.0908,0.006,2655,0.0000,0.0000,0.0240,0,0,0.393
44.305,0,0,0,-0.6167,-1.2333,-0.6406,-1.2341,-7.8468,0.0000,0.0000,0.0000,-0.6576,-1.3036,-3.5666,0.004,2660,0.0000,0.0000,0.0240,0,0,0.402
44.401,0,0,0,-0.6167,-1.2333,-0.6407,-1.2339,-7.8343,0.0000,0.0000,0.0000,-0.5377,-1.7999,7.0749,0.006,2667,0.0000,0.0000,0.0240,0,0,0.402
44.505,0,0,0,-0.6167,-1.2333,-0.6398,-1.2387,-7.7705,0.0000,0.0000,0.0000,-0.6253,-1.1250,-9.3747,0.004,2672,0.0000,0.0000,0.0238,0,0,0.412
44.602,0,0,0,-0.6167,-1.2333,-0.6398,-1.2375,-7.7856,0.0000,0.0000,0.0000,-0.6575,-1.3036,-3.5663,0.002,2679,0.0000,0.0000,0.0235,0,0,0.406
44.705,0,0,0,-0.6167,-1.2333,-0.6400,-1.2377,-7.7940,0.0000,0.0000,0.0000,-0.6252,-1.1250,-9.3722,0.003,2684,0.0000,0.0000,0.0237,0,0,0.409
44.802,0,0,0,-0.6167,-1.2333,-0.6397,-1.2408,-7.7402,0.0000,0.0000,0.0000,-0.6576,-1.3036,-3.5668,0.021,2690,0.0000,0.0000,0.0242,0,0,0.388
44.903,0,0,0,-0.6167,-1.2333,-0.6393,-1.2446,-7.6799,0.0000,0.0000,0.0000,-0.6429,-1.2686,-3.2376,0.041,2695,0.0000,0.0000,0.0253,0,0,0.410
45.001,0,0,0,-0.6167,-1.2333,-0.6395,-1.2432,-7.6976,0.0000,0.0000,0.0000,-0.6406,-1.2171,-6.1013,0.017,2702,0.0000,0.0000,0.0249,0,0,0.399
45.101,0,0,0,-0.6167,-1.2333,-0.6396,-1.2429,-7.7127,0.0000,0.0000,0.0000,-0.6429,-1.2686,-3.2372,0.010,2707,0.0000,0.0000,0.0248,0,0,0.392
45.203,0,0,0,-0.6167,-1.2333,-0.6398,-1.2427,-7.7114,0.0000,0.0000,0.0000,-0.6429,-1.2685,-3.2386,0.008,2714,0.0000,0.0000,0.0250,0,0,0.399
45.301,0,0,0,-0.6167,-1.2333,-0.6394,-1.2452,-7.6666,0.0000,0.0000,0.0000,-0.6252,-1.1250,-9.3735,0.039,2719,0.0000,0.0000,0.0257,0,0,0.402
45.401,0,0,0,-0.6167,-1.2333,-0.6396,-1.2440,-7.6595,0.0000,0.0000,0.0000,-0.6429,-1.2686,-3.2379,0.006,2727,0.0000,0.0000,0.0253,0,0,0.404
45.506,0,0,0,-0.6167,-1.2333,-0.6396,-1.2435,-7.6967,0.0000,0.0000,0.0000,-0.6253,-1.1250,-9.3759,0.002,2732,0.0000,0.0000,0.0251,0,0,0.389
45.601,0,0,0,-0.6167,-1.2333,-0.6398,-1.2427,-7.6956,0.0000,0.0000,0.0000,-0.6429,-1.2686,-3.2358,0.020,2738,0.0000,0.0000,0.0249,0,0,0.405
45.702,0,0,0,-0.6167,-1.2333,-0.6398,-1.2419,-7.7222,0.0000,0.0000,0.0000,-0.6404,-1.2175,-6.0958,0.033,2743,0.0000,0.0000,0.0247,0,0,0.394
45.802,0,0,0,-0.6167,-1.2333,-0.6400,-1.2410,-7.7046,0.0000,0.0000,0.0000,-0.6429,-1.2686,-3.2373,0.013,2751,0.0000,0.0000,0.0245,0,0,0.380
45.901,0,0,0,-0.6167,-1.2333,-0.6400,-1.2405,-7.7457,0.0000,0.0000,0.0000,-0.6252,-1.1250,-9.3725,0.005,2756,0.0000,0.0000,0.0244,0,0,0.399
46.003,0,0,0,-0.6167,-1.2333,-0.6401,-1.2397,-7.7313,0.0000,0.0000,0.0000,-0.6429,-1.2686,-3.2361,0.009,2763,0.0000,0.0000,0.0243,0,0,0.401
46.108,0,0,0,-0.6167,-1.2333,-0.6402,-1.2393,-7.7671,0.0000,0.0000,0.0000,-0.6253,-1.1250,-9.3756,0.004,2768,0.0000,0.0000,0.0243,0,0,0.391
46.201,0,0,0,-0.6167,-1.2333,-0.6403,-1.2383,-7.7802,0.0000,0.0000,0.0000,-0.6404,-1.2175,-6.0958,0.011,2774,0.0000,0.0000,0.0241,0,0,0.391
46.304,0,0,0,-0.6167,-1.2333,-0.6403,-1.2382,-7.7876,0.0000,0.0000,0.0000,-0.6429,-1.2686,-3.2387,0.022,2779,0.0000,0.0000,0.0242,0,0,0.392
46.402,0,0,0,-0.6167,-1.2333,-0.6404,-1.2373,-7.7996,0.0000,0.0000,0.0000,-0.6253,-1.1250,-9.3746,0.013,2786,0.0000,0.0000,0.0241,0,0,0.413
46.502,0,0,0,-0.6167,-1.2333,-0.6405,-1.2372,-7.8076,0.0000,0.0000,0.0000,-0.6429,-1.2686,-3.2365,0.040,2791,0.0000,0.0000,0.0241,0,0,0.389
46.601,0,0,0,-0.6167,-1.2333,-0.6398,-1.2427,-7.6874,0.0000,0.0000,0.0000,-0.6253,-1.1250,-9.3728,0.003,2799,0.0000,0.0000,0.0250,0,0,0.390
46.703,0,0,0,-0.6167,-1.2333,-0.6393,-1.2451,-7.6720,0.0000,0.0000,0.0000,-0.6253,-1.1250,-9.3723,0.038,2803,0.0000,0.0000,0.0255,0,0,0.428
46.803,0,0,0,-0.6167,-1.2333,-0.6391,-1.2480,-7.6025,0.0000,0.0000,0.0000,-0.6429,-1.2686,-3.2348,0.019,2810,0.0000,0.0000,0.0268,0,0,0.443
46.905,0,0,0,-0.6167,-1.2333,-0.6383,-1.2524,-7.5448,0.0000,0.0000,0.0000,-0.6253,-1.1250,-9.3745,0.003,2816,0.0000,0.0000,0.0288,0,0,0.422
47.001,0,0,0,-0.6167,-1.2333,-0.6385,-1.2510,-7.5461,0.0000,0.0000,0.0000,-0.6405,-1.2172,-6.1080,0.006,2823,0.0000,0.0000,0.0281,0,0,0.399
47.109,0,0,0,-0.6167,-1.2333,-0.6382,-1.2539,-7.5142,0.0000,0.0000,0.0000,-0.6253,-1.1250,-9.3721,0.007,2828,0.0000,0.0000,0.0297,0,0,0.394
47.202,0,0,0,-0.6167,-1.2333,-0.6384,-1.2521,-7.5141,0.0000,0.0000,0.0000,-0.6429,-1.2686,-3.2352,0.017,2835,0.0000,0.0000,0.0287,0,0,0.392
47.302,0,0,0,-0.6167,-1.2333,-0.6385,-1.2512,-7.5558,0.0000,0.0000,0.0000,-0.6576,-1.3036,-3.5665,0.042,2839,0.0000,0.0000,0.0283,0,0,0.394
47.402,0,0,0,-0.6167,-1.2333,-0.6379,-1.2546,-7.4647,0.0000,0.0000,0.0000,-0.6575,-1.3036,-3.5654,0.005,2847,0.0000,0.0000,0.0301,0,0,0.390
47.503,0,0,0,-0.6167,-1.2333,-0.6376,-1.2576,-7.4413,0.0000,0.0000,0.0000,-0.6253,-1.1250,-9.3755,0.003,2852,0.0000,0.0000,0.0321,0,0,0.399
47.601,0,0,0,-0.6167,-1.2333,-0.6375,-1.2592,-7.4044,0.0000,0.0000,0.0000,-0.6404,-1.2176,-6.0972,0.012,2858,0.0000,0.0000,0.0332,0,0,0.392
47.702,0,0,0,-0.6167,-1.2333,-0.6377,-1.2582,-7.4227,0.0000,0.0000,0.0000,-0.6429,-1.2686,-3.2357,0.039,2863,0.0000,0.0000,0.0326,0,0,0.419
47.801,0,0,0,-0.6167,-1.2333,-0.6379,-1.2560,-7.4568,0.0000,0.0000,0.0000,-0.6253,-1.1250,-9.3736,0.008,2870,0.0000,0.0000,0.0310,0,0,0.388
47.901,0,0,0,-0.6167,-1.2333,-0.6381,-1.2551,-7.4728,0.0000,0.0000,0.0000,-0.6429,-1.2686,-3.2363,0.032,2875,0.0000,0.0000,0.0305,0,0,0.382
48.003,0,0,0,-0.6167,-1.2333,-0.6385,-1.2543,-7.4598,0.0000,0.0000,0.0000,-0.6253,-1.1250,-9.3730,0.003,2883,0.0000,0.0000,0.0303,0,0,0.379
48.102,0,0,0,-0.6167,-1.2333,-0.6384,-1.2522,-7.5174,0.0000,0.0000,0.0000,-0.6429,-1.2686,-3.2363,0.040,2887,0.0000,0.0000,0.0288,0,0,0.397
48.201,0,0,0,-0.6167,-1.2333,-0.6387,-1.2506,-7.5040,0.0000,0.0000,0.0000,-0.6429,-1.2686,-3.2348,0.010,2895,0.0000,0.0000,0.0280,0,0,0.394
48.309,0,0,0,-0.6167,-1.2333,-0.6388,-1.2498,-7.5483,0.0000,0.0000,0.0000,-0.6404,-1.2176,-6.0973,0.048,2899,0.0000,0.0000,0.0276,0,0,0.398
48.402,0,0,0,-0.6167,-1.2333,-0.6385,-1.2524,-7.4846,0.0000,0.0000,0.0000,-0.6429,-1.2686,-3.2354,0.013,2906,0.0000,0.0000,0.0290,0,0,0.391
48.504,0,0,0,-0.6167,-1.2333,-0.6387,-1.2513,-7.5220,0.0000,0.0000,0.0000,-0.6253,-1.1250,-9.3706,0.004,2912,0.0000,0.0000,0.0284,0,0,0.399
48.601,0,0,0,-0.6167,-1.2333,-0.6378,-1.2542,-7.4914,0.0000,0.0000,0.0000,-0.6429,-1.2686,-3.2358,0.003,2918,0.0000,0.0000,0.0296,0,0,0.407
48.703,0,0,0,-0.6167,-1.2333,-0.6381,-1.2538,-7.4739,0.0000,0.0000,0.0000,-0.6576,-1.3036,-3.5668,0.044,2923,0.0000,0.0000,0.0297,0,0,0.416
48.802,0,0,0,-0.6167,-1.2333,-0.6375,-1.2571,-7.3872,0.0000,0.0000,0.0000,-0.6429,-1.2686,-3.2370,0.017,2931,0.0000,0.0000,0.0316,0,0,0.406
48.901,0,0,0,-0.6167,-1.2333,-0.6376,-1.2561,-7.4330,0.0000,0.0000,0.0000,-0.6253,-1.1250,-9.3737,0.005,2936,0.0000,0.0000,0.0309,0,0,0.396
49.002,0,0,0,-0.6167,-1.2333,-0.6379,-1.2540,-7.4643,0.0000,0.0000,0.0000,-0.6405,-1.2174,-6.0993,0.018,2942,0.0000,0.0000,0.0296,0,0,0.404
49.104,0,0,0,-0.6167,-1.2333,-0.6381,-1.2532,-7.4814,0.0000,0.0000,0.0000,-0.6429,-1.2686,-3.2357,0.020,2947,0.0000,0.0000,0.0292,0,0,0.412
49.201,0,0,0,-0.6167,-1.2333,-0.6384,-1.2525,-7.4930,0.0000,0.0000,0.0000,-0.6405,-1.2174,-6.0981,0.018,2953,0.0000,0.0000,0.0289,0,0,0.410
49.304,0,0,0,-0.6167,-1.2333,-0.6384,-1.2506,-7.5217,0.0000,0.0000,0.0000,-0.6575,-1.3036,-3.5663,0.002,2960,0.0000,0.0000,0.0278,0,0,0.408
49.401,0,0,0,-0.6167,-1.2333,-0.6386,-1.2490,-7.5204,0.0000,0.0000,0.0000,-0.6429,-1.2687,-3.2351,0.007,2967,0.0000,0.0000,0.0270,0,0,0.401
49.501,0,0,0,-0.6167,-1.2333,-0.6388,-1.2482,-7.5621,0.0000,0.0000,0.0000,-0.6429,-1.2686,-3.2362,0.051,2971,0.0000,0.0000,0.0266,0,0,0.403
49.601,0,0,0,-0.6167,-1.2333,-0.6389,-1.2471,-7.5637,0.0000,0.0000,0.0000,-0.6429,-1.2686,-3.2372,0.016,2978,0.0000,0.0000,0.0262,0,0,0.404
49.701,0,0,0,-0.6167,-1.2333,-0.6391,-1.2462,-7.5985,0.0000,0.0000,0.0000,-0.6405,-1.2174,-6.0990,0.019,2983,0.0000,0.0000,0.0258,0,0,0.400
49.801,0,0,0,-0.6167,-1.2333,-0.6383,-1.2501,-7.5007,0.0000,0.0000,0.0000,-0.6405,-1.2174,-6.1003,0.009,2991,0.0000,0.0000,0.0274,0,0,0.389
49.903,0,0,0,-0.6167,-1.2333,-0.6385,-1.2493,-7.5458,0.0000,0.0000,0.0000,-0.6253,-1.1250,-9.3711,0.005,2996,0.0000,0.0000,0.0270,0,0,0.394
50.001,0,0,0,-0.6167,-1.2333,-0.6386,-1.2476,-7.5683,0.0000,0.0000,0.0000,-0.6429,-1.2686,-3.2370,0.002,3003,0.0000,0.0000,0.0262,0,0,0.384
50.102,0,0,0,-0.6167,-1.2333,-0.6388,-1.2471,-7.5842,0.0000,0.0000,0.0000,-0.6254,-1.1250,-9.3749,0.006,3008,0.0000,0.0000,0.0261,0,0,0.389
50.202,0,0,0,-0.6167,-1.2333,-0.6388,-1.2453,-7.6073,0.0000,0.0000,0.0000,-0.6576,-1.3036,-3.5668,0.006,3015,0.0000,0.0000,0.0252,0,0,0.410
50.302,0,0,0,-0.6167,-1.2333,-0.6391,-1.2452,-7.6206,0.0000,0.0000,0.0000,-0.6429,-1.2687,-3.2377,0.030,3019,0.0000,0.0000,0.0254,0,0,0.382
50.401,0,0,0,-0.6167,-1.2333,-0.6392,-1.2438,-7.6437,0.0000,0.0000,0.0000,-0.6429,-1.2687,-3.2382,0.002,3027,0.0000,0.0000,0.0249,0,0,0.388
50.503,0,0,0,-0.6167,-1.2333,-0.6384,-1.2488,-7.5607,0.0000,0.0000,0.0000,-0.6429,-1.2687,-3.2365,0.039,3031,0.0000,0.0000,0.0267,0,0,0.390
50.601,0,0,0,-0.6167,-1.2333,-0.6386,-1.2471,-7.5844,0.0000,0.0000,0.0000,-0.6429,-1.2687,-3.2370,0.001,3039,0.0000,0.0000,0.0259,0,0,0.391
50.701,0,0,0,-0.6167,-1.2333,-0.6387,-1.2466,-7.5962,0.0000,0.0000,0.0000,-0.6254,-1.1250,-9.3752,0.038,3043,0.0000,0.0000,0.0258,0,0,0.393
50.801,0,0,0,-0.6167,-1.2333,-0.6389,-1.2451,-7.6209,0.0000,0.0000,0.0000,-0.6254,-1.1250,-9.3744,0.011,3050,0.0000,0.0000,0.0252,0,0,0.394
50.902,0,0,0,-0.6167,-1.2333,-0.6390,-1.2447,-7.6313,0.0000,0.0000,0.0000,-0.6254,-1.1250,-9.3750,0.002,3056,0.0000,0.0000,0.0251,0,0,0.405
51.001,0,0,0,-0.6167,-1.2333,-0.6383,-1.2487,-7.5317,0.0000,0.0000,0.0000,-0.6406,-1.2170,-6.1079,0.013,3063,0.0000,0.0000,0.0266,0,0,0.403
51.104,0,0,0,-0.6167,-1.2333,-0.6385,-1.2480,-7.5766,0.0000,0.0000,0.0000,-0.6253,-1.1250,-9.3729,0.003,3068,0.0000,0.0000,0.0263,0,0,0.387
51.201,0,0,0,-0.6167,-1.2333,-0.6387,-1.2469,-7.5801,0.0000,0.0000,0.0000,-0.6404,-1.2174,-6.0990,0.005,3075,0.0000,0.0000,0.0258,0,0,0.399
51.305,0,0,0,-0.6167,-1.2333,-0.6388,-1.2460,-7.6150,0.0000,0.0000,0.0000,-0.6429,-1.2687,-3.2360,0.044,3079,0.0000,0.0000,0.0255,0,0,0.396
51.406,0,0,0,-0.6167,-1.2333,-0.6388,-1.2442,-7.6401,0.0000,0.0000,0.0000,-0.6576,-1.3036,-3.5667,0.008,3087,0.0000,0.0000,0.0247,0,0,0.408
51.502,0,0,0,-0.6167,-1.2333,-0.6391,-1.2442,-7.6448,0.0000,0.0000,0.0000,-0.6254,-1.1250,-9.3736,0.003,3092,0.0000,0.0000,0.0249,0,0,0.390
51.603,0,0,0,-0.6167,-1.2333,-0.6387,-1.2463,-7.6028,0.0000,0.0000,0.0000,-0.6576,-1.3036,-3.5666,0.002,3099,0.0000,0.0000,0.0256,0,0,0.411
51.706,0,0,0,-0.6167,-1.2333,-0.6390,-1.2461,-7.6125,0.0000,0.0000,0.0000,-0.6254,-1.1250,-9.3742,0.003,3104,0.0000,0.0000,0.0257,0,0,0.408
51.802,0,0,0,-0.6167,-1.2333,-0.6392,-1.2447,-7.6305,0.0000,0.0000,0.0000,-0.6406,-1.2171,-6.1051,0.019,3110,0.0000,0.0000,0.0252,0,0,0.391
51.904,0,0,0,-0.6167,-1.2333,-0.6393,-1.2443,-7.6449,0.0000,0.0000,0.0000,-0.6575,-1.3036,-3.5662,0.003,3116,0.0000,0.0000,0.0251,0,0,0.392
52.003,0,0,0,-0.6167,-1.2333,-0.6396,-1.2442,-7.6278,0.0000,0.0000,0.0000,-0.6429,-1.2687,-3.2361,0.016,3122,0.0000,0.0000,0.0254,0,0,0.398
52.101,0,0,0,-0.6167,-1.2333,-0.6386,-1.2478,-7.5851,0.0000,0.0000,0.0000,-0.6254,-1.1250,-9.3750,0.030,3127,0.0000,0.0000,0.0263,0,0,0.416
52.203,0,0,0,-0.6167,-1.2333,-0.6388,-1.2464,-7.5787,0.0000,0.0000,0.0000,-0.6429,-1.2686,-3.2404,0.003,3135,0.0000,0.0000,0.0257,0,0,0.404
52.302,0,0,0,-0.6167,-1.2333,-0.6389,-1.2458,-7.6104,0.0000,0.0000,0.0000,-0.6404,-1.2177,-6.0896,0.043,3139,0.0000,0.0000,0.0255,0,0,0.389
52.401,0,0,0,-0.6167,-1.2333,-0.6391,-1.2448,-7.6233,0.0000,0.0000,0.0000,-0.6429,-1.2687,-3.2363,0.007,3146,0.0000,0.0000,0.0252,0,0,0.385
52.504,0,0,0,-0.6167,-1.2333,-0.6392,-1.2440,-7.6512,0.0000,0.0000,0.0000,-0.6404,-1.2177,-6.0903,0.034,3151,0.0000,0.0000,0.0249,0,0,0.412
52.600,0,0,0,-0.6167,-1.2333,-0.6394,-1.2429,-7.6392,0.0000,0.0000,0.0000,-0.6428,-1.2687,-3.2350,0.006,3159,0.0000,0.0000,0.0246,0,0,0.401
52.702,0,0,0,-0.6167,-1.2333,-0.6394,-1.2424,-7.6805,0.0000,0.0000,0.0000,-0.6254,-1.1250,-9.3732,0.002,3164,0.0000,0.0000,0.0245,0,0,0.376
52.801,0,0,0,-0.6167,-1.2333,-0.6396,-1.2414,-7.6702,0.0000,0.0000,0.0000,-0.6576,-1.3036,-3.5673,0.004,3171,0.0000,0.0000,0.0243,0,0,0.409
52.901,0,0,0,-0.6167,-1.2333,-0.6397,-1.2410,-7.7066,0.0000,0.0000,0.0000,-0.6254,-1.1250,-9.3730,0.002,3176,0.0000,0.0000,0.0242,0,0,0.393
53.002,0,0,0,-0.6167,-1.2333,-0.6398,-1.2399,-7.7188,0.0000,0.0000,0.0000,-0.6403,-1.2178,-6.0908,0.020,3182,0.0000,0.0000,0.0240,0,0,0.402
53.103,0,0,0,-0.6167,-1.2333,-0.6399,-1.2397,-7.7225,0.0000,0.0000,0.0000,-0.6254,-1.1250,-9.3747,0.003,3188,0.0000,0.0000,0.0241,0,0,0.395
53.202,0,0,0,-0.6167,-1.2333,-0.6400,-1.2387,-7.7400,0.0000,0.0000,0.0000,-0.6254,-1.1250,-9.3758,0.014,3194,0.0000,0.0000,0.0239,0,0,0.389
53.304,0,0,0,-0.6167,-1.2333,-0.6391,-1.2439,-7.6551,0.0000,0.0000,0.0000,-0.6576,-1.3036,-3.5667,0.003,3200,0.0000,0.0000,0.0248,0,0,0.399
53.400,0,0,0,-0.6167,-1.2333,-0.6393,-1.2428,-7.6460,0.0000,0.0000,0.0000,-0.6254,-1.1250,-9.3752,0.005,3207,0.0000,0.0000,0.0245,0,0,0.398
53.501,0,0,0,-0.6167,-1.2333,-0.6394,-1.2423,-7.6838,0.0000,0.0000,0.0000,-0.6254,-1.1250,-9.3750,0.042,3211,0.0000,0.0000,0.0244,0,0,0.387
53.601,0,0,0,-0.6167,-1.2333,-0.6392,-1.2452,-7.6195,0.0000,0.0000,0.0000,-0.6428,-1.2686,-3.2363,0.018,3218,0.0000,0.0000,0.0255,0,0,0.405
53.701,0,0,0,-0.6167,-1.2333,-0.6393,-1.2444,-7.6468,0.0000,0.0000,0.0000,-0.6405,-1.2172,-6.1018,0.020,3223,0.0000,0.0000,0.0252,0,0,0.389
53.801,0,0,0,-0.6167,-1.2333,-0.6395,-1.2435,-7.6547,0.0000,0.0000,0.0000,-0.6405,-1.2172,-6.1008,0.002,3231,0.0000,0.0000,0.0250,0,0,0.397
53.901,0,0,0,-0.6167,-1.2333,-0.6396,-1.2427,-7.6792,0.0000,0.0000,0.0000,-0.6405,-1.2172,-6.1008,0.040,3235,0.0000,0.0000,0.0247,0,0,0.396
54.001,0,0,0,-0.6167,-1.2333,-0.6397,-1.2419,-7.6777,0.0000,0.0000,0.0000,-0.6405,-1.2172,-6.1012,0.006,3243,0.0000,0.0000,0.0246,0,0,0.404
54.103,0,0,0,-0.6167,-1.2333,-0.6398,-1.2412,-7.7066,0.0000,0.0000,0.0000,-0.6254,-1.1250,-9.3745,0.002,3248,0.0000,0.0000,0.0244,0,0,0.405
54.204,0,0,0,-0.6167,-1.2333,-0.6397,-1.2398,-7.7235,0.0000,0.0000,0.0000,-0.6576,-1.3036,-3.5672,0.003,3255,0.0000,0.0000,0.0240,0,0,0.427
54.302,0,0,0,-0.6167,-1.2333,-0.6396,-1.2438,-7.6656,0.0000,0.0000,0.0000,-0.6576,-1.3036,-3.5670,0.041,3259,0.0000,0.0000,0.0252,0,0,0.410
54.403,0,0,0,-0.6167,-1.2333,-0.6397,-1.2425,-7.6816,0.0000,0.0000,0.0000,-0.6429,-1.2687,-3.2370,0.002,3267,0.0000,0.0000,0.0248,0,0,0.387
54.502,0,0,0,-0.6167,-1.2333,-0.6398,-1.2423,-7.6924,0.0000,0.0000,0.0000,-0.6254,-1.1250,-9.3750,0.002,3272,0.0000,0.0000,0.0248,0,0,0.400
54.602,0,0,0,-0.6167,-1.2333,-0.6400,-1.2421,-7.6996,0.0000,0.0000,0.0000,-0.6254,-1.1250,-9.3735,0.008,3278,0.0000,0.0000,0.0250,0,0,0.388
54.701,0,0,0,-0.6167,-1.2333,-0.6400,-1.2408,-7.7221,0.0000,0.0000,0.0000,-0.6576,-1.3036,-3.5667,0.002,3284,0.0000,0.0000,0.0245,0,0,0.386
54.801,0,0,0,-0.6167,-1.2333,-0.6402,-1.2410,-7.6942,0.0000,0.0000,0.0000,-0.6254,-1.1250,-9.3749,0.008,3291,0.0000,0.0000,0.0248,0,0,0.392
54.902,0,0,0,-0.6167,-1.2333,-0.6401,-1.2395,-7.7454,0.0000,0.0000,0.0000,-0.6255,-1.1250,-9.3759,0.008,3296,0.0000,0.0000,0.0243,0,0,0.403
55.003,0,0,0,-0.6167,-1.2333,-0.6403,-1.2387,-7.7308,0.0000,0.0000,0.0000,-0.6405,-1.2176,-6.0946,0.006,3303,0.0000,0.0000,0.0242,0,0,0.413
55.101,0,0,0,-0.6167,-1.2333,-0.6403,-1.2384,-7.7693,0.0000,0.0000,0.0000,-0.6254,-1.1250,-9.3755,0.006,3308,0.0000,0.0000,0.0242,0,0,0.393
55.201,0,0,0,-0.6167,-1.2333,-0.6404,-1.2379,-7.7613,0.0000,0.0000,0.0000,-0.6428,-1.2686,-3.2358,0.015,3314,0.0000,0.0000,0.0242,0,0,0.399
55.301,0,0,0,-0.6167,-1.2333,-0.6404,-1.2374,-7.7892,0.0000,0.0000,0.0000,-0.6254,-1.1250,-9.3743,0.006,3320,0.0000,0.0000,0.0241,0,0,0.406
55.403,0,0,0,-0.6167,-1.2333,-0.6404,-1.2362,-7.8020,0.0000,0.0000,0.0000,-0.6576,-1.3036,-3.5667,0.002,3327,0.0000,0.0000,0.0239,0,0,0.405
55.501,0,0,0,-0.6167,-1.2333,-0.6406,-1.2365,-7.8085,0.0000,0.0000,0.0000,-0.6254,-1.1250,-9.3737,0.008,3332,0.0000,0.0000,0.0241,0,0,0.410
55.601,0,0,0,-0.6167,-1.2333,-0.6405,-1.2353,-7.8181,0.0000,0.0000,0.0000,-0.6576,-1.3036,-3.5674,0.005,3339,0.0000,0.0000,0.0239,0,0,0.394
55.701,0,0,0,-0.6167,-1.2333,-0.6407,-1.2357,-7.8242,0.0000,0.0000,0.0000,-0.6254,-1.1250,-9.3739,0.008,3344,0.0000,0.0000,0.0241,0,0,0.385
55.801,0,0,0,-0.6167,-1.2333,-0.6407,-1.2349,-7.8348,0.0000,0.0000,0.0000,-0.6405,-1.2176,-6.0946,0.014,3350,0.0000,0.0000,0.0241,0,0,0.407
55.905,0,0,0,-0.6167,-1.2333,-0.6408,-1.2350,-7.8390,0.0000,0.0000,0.0000,-0.6575,-1.3036,-3.5653,0.004,3356,0.0000,0.0000,0.0242,0,0,0.393
56.001,0,0,0,-0.6167,-1.2333,-0.6406,-1.2393,-7.7486,0.0000,0.0000,0.0000,-0.6428,-1.2686,-3.2347,0.007,3362,0.0000,0.0000,0.0247,0,0,0.402
56.105,0,0,0,-0.6167,-1.2333,-0.6405,-1.2379,-7.7952,0.0000,0.0000,0.0000,-0.6576,-1.3036,-3.5671,0.004,3368,0.0000,0.0000,0.0243,0,0,0.398
56.201,0,0,0,-0.6167,-1.2333,-0.6407,-1.2382,-7.7616,0.0000,0.0000,0.0000,-0.6254,-1.1250,-9.3722,0.007,3375,0.0000,0.0000,0.0245,0,0,0.416
56.303,0,0,0,-0.6167,-1.2333,-0.6406,-1.2369,-7.8116,0.0000,0.0000,0.0000,-0.6575,-1.3036,-3.5668,0.003,3380,0.0000,0.0000,0.0242,0,0,0.392
56.402,0,0,0,-0.6167,-1.2333,-0.6407,-1.2364,-7.8060,0.0000,0.0000,0.0000,-0.6428,-1.2686,-3.2317,0.017,3386,0.0000,0.0000,0.0242,0,0,0.388
56.503,0,0,0,-0.6167,-1.2333,-0.6407,-1.2360,-7.8302,0.0000,0.0000,0.0000,-0.6254,-1.1250,-9.3733,0.005,3392,0.0000,0.0000,0.0242,0,0,0.405
56.603,0,0,0,-0.6167,-1.2333,-0.6408,-1.2356,-7.8237,0.0000,0.0000,0.0000,-0.6407,-1.2167,-6.1107,0.002,3399,0.0000,0.0000,0.0242,0,0,0.389
56.704,0,0,0,-0.6167,-1.2333,-0.6408,-1.2352,-7.8463,0.0000,0.0000,0.0000,-0.6575,-1.3036,-3.5663,0.003,3405,0.0000,0.0000,0.0242,0,0,0.391
56.800,0,0,0,-0.6167,-1.2333,-0.6409,-1.2347,-7.8260,0.0000,0.0000,0.0000,-0.6429,-1.2685,-3.2376,0.007,3411,0.0000,0.0000,0.0242,0,0,0.398
56.901,0,0,0,-0.6167,-1.2333,-0.6409,-1.2345,-7.8615,0.0000,0.0000,0.0000,-0.6255,-1.1250,-9.3737,0.008,3416,0.0000,0.0000,0.0243,0,0,0.393
57.002,0,0,0,-0.6167,-1.2333,-0.6408,-1.2335,-7.8732,0.0000,0.0000,0.0000,-0.6575,-1.3036,-3.5658,0.002,3423,0.0000,0.0000,0.0241,0,0,0.410
57.103,0,0,0,-0.6167,-1.2333,-0.6410,-1.2339,-7.8725,0.0000,0.0000,0.0000,-0.6255,-1.1250,-9.3744,0.008,3428,0.0000,0.0000,0.0243,0,0,0.396
57.202,0,0,0,-0.6167,-1.2333,-0.6410,-1.2332,-7.8807,0.0000,0.0000,0.0000,-0.6428,-1.2687,-3.2340,0.002,3435,0.0000,0.0000,0.0243,0,0,0.401
57.305,0,0,0,-0.6167,-1.2333,-0.6410,-1.2334,-7.8848,0.0000,0.0000,0.0000,-0.6575,-1.3036,-3.5663,0.004,3440,0.0000,0.0000,0.0244,0,0,0.406
57.400,0,0,0,-0.6167,-1.2333,-0.6411,-1.2330,-7.8634,0.0000,0.0000,0.0000,-0.6428,-1.2687,-3.2357,0.012,3447,0.0000,0.0000,0.0244,0,0,0.411
57.501,0,0,0,-0.6167,-1.2333,-0.6411,-1.2329,-7.8973,0.0000,0.0000,0.0000,-0.6575,-1.3036,-3.5666,0.002,3452,0.0000,0.0000,0.0244,0,0,0.390
57.601,0,0,0,-0.6167,-1.2333,-0.6411,-1.2325,-7.8747,0.0000,0.0000,0.0000,-0.6255,-1.1250,-9.3743,0.004,3459,0.0000,0.0000,0.0245,0,0,0.394
57.702,0,0,0,-0.6167,-1.2333,-0.6411,-1.2324,-7.9052,0.0000,0.0000,0.0000,-0.6255,-1.1250,-9.3735,0.003,3464,0.0000,0.0000,0.0245,0,0,0.399
57.801,0,0,0,-0.6167,-1.2333,-0.6412,-1.2321,-7.8822,0.0000,0.0000,0.0000,-0.6403,-1.2175,-6.1006,0.010,3471,0.0000,0.0000,0.0245,0,0,0.382
57.903,0,0,0,-0.6167,-1.2333,-0.6412,-1.2320,-7.9143,0.0000,0.0000,0.0000,-0.6255,-1.1250,-9.3743,0.003,3476,0.0000,0.0000,0.0246,0,0,0.406
58.001,0,0,0,-0.6167,-1.2333,-0.6412,-1.2319,-7.9005,0.0000,0.0000,0.0000,-0.5408,-1.7855,6.7401,0.002,3483,0.0000,0.0000,0.0246,0,0,0.395
58.101,0,0,0,-0.6167,-1.2333,-0.6403,-1.2367,-7.8346,0.0000,0.0000,0.0000,-0.6403,-1.2178,-6.0954,0.039,3487,0.0000,0.0000,0.0239,0,0,0.379
58.202,0,0,0,-0.6167,-1.2333,-0.6404,-1.2362,-7.8138,0.0000,0.0000,0.0000,-0.6575,-1.3036,-3.5665,0.011,3495,0.0000,0.0000,0.0239,0,0,0.403
58.303,0,0,0,-0.6167,-1.2333,-0.6405,-1.2359,-7.8502,0.0000,0.0000,0.0000,-0.6255,-1.1250,-9.3756,0.002,3500,0.0000,0.0000,0.0239,0,0,0.405
58.402,0,0,0,-0.6167,-1.2333,-0.6400,-1.2383,-7.8232,0.0000,0.0000,0.0000,-0.6428,-1.2687,-3.2345,0.004,3506,0.0000,0.0000,0.0238,0,0,0.409
58.503,0,0,0,-0.6167,-1.2333,-0.6402,-1.2388,-7.8011,0.0000,0.0000,0.0000,-0.6575,-1.3036,-3.5665,0.004,3513,0.0000,0.0000,0.0242,0,0,0.390
58.603,0,0,0,-0.6167,-1.2333,-0.6403,-1.2378,-7.8165,0.0000,0.0000,0.0000,-0.6428,-1.2687,-3.2348,0.002,3519,0.0000,0.0000,0.0241,0,0,0.402
58.701,0,0,0,-0.6167,-1.2333,-0.6404,-1.2378,-7.8243,0.0000,0.0000,0.0000,-0.6429,-1.2687,-3.2374,0.009,3523,0.0000,0.0000,0.0241,0,0,0.396
58.801,0,0,0,-0.6167,-1.2333,-0.6406,-1.2382,-7.7897,0.0000,0.0000,0.0000,-0.6428,-1.2687,-3.2356,0.007,3530,0.0000,0.0000,0.0244,0,0,0.405
58.901,0,0,0,-0.6167,-1.2333,-0.6405,-1.2368,-7.8354,0.0000,0.0000,0.0000,-0.6576,-1.3035,-3.5679,0.003,3536,0.0000,0.0000,0.0241,0,0,0.400
59.002,0,0,0,-0.6167,-1.2333,-0.6406,-1.2362,-7.8157,0.0000,0.0000,0.0000,-0.6428,-1.2687,-3.2354,0.012,3543,0.0000,0.0000,0.0241,0,0,0.410
59.102,0,0,0,-0.6167,-1.2333,-0.6406,-1.2359,-7.8503,0.0000,0.0000,0.0000,-0.6255,-1.1250,-9.3744,0.008,3548,0.0000,0.0000,0.0241,0,0,0.403
59.201,0,0,0,-0.6167,-1.2333,-0.6407,-1.2356,-7.8437,0.0000,0.0000,0.0000,-0.6429,-1.2686,-3.2375,0.015,3554,0.0000,0.0000,0.0241,0,0,0.387
59.304,0,0,0,-0.6167,-1.2333,-0.6407,-1.2352,-7.8636,0.0000,0.0000,0.0000,-0.6404,-1.2177,-6.0930,0.038,3559,0.0000,0.0000,0.0241,0,0,0.399
59.402,0,0,0,-0.6167,-1.2333,-0.6408,-1.2347,-7.8405,0.0000,0.0000,0.0000,-0.6428,-1.2687,-3.2342,0.005,3567,0.0000,0.0000,0.0241,0,0,0.391
59.505,0,0,0,-0.6167,-1.2333,-0.6408,-1.2345,-7.8739,0.0000,0.0000,0.0000,-0.6255,-1.1250,-9.3728,0.007,3572,0.0000,0.0000,0.0242,0,0,0.403
59.602,0,0,0,-0.6167,-1.2333,-0.6409,-1.2341,-7.8530,0.0000,0.0000,0.0000,-0.6428,-1.2687,-3.2346,0.013,3579,0.0000,0.0000,0.0242,0,0,0.391
59.702,0,0,0,-0.6167,-1.2333,-0.6409,-1.2340,-7.8859,0.0000,0.0000,0.0000,-0.6255,-1.1250,-9.3742,0.008,3584,0.0000,0.0000,0.0242,0,0,0.408
59.801,0,0,0,-0.6167,-1.2333,-0.6409,-1.2333,-7.8949,0.0000,0.0000,0.0000,-0.6575,-1.3036,-3.5669,0.011,3590,0.0000,0.0000,0.0243,0,0,0.384
59.905,0,0,0,-0.6167,-1.2333,-0.6400,-1.2387,-7.8060,0.0000,0.0000,0.0000,-0.6255,-1.1250,-9.3750,0.002,3596,0.0000,0.0000,0.0240,0,0,0.407
60.001,0,0,0,-0.6167,-1.2333,-0.6401,-1.2377,-7.8198,0.0000,0.0000,0.0000,-0.6428,-1.2687,-3.2359,0.002,3603,0.0000,0.0000,0.0239,0,0,0.407
60.102,0,0,0,-0.6167,-1.2333,-0.6402,-1.2377,-7.8240,0.0000,0.0000,0.0000,-0.6428,-1.2687,-3.2348,0.035,3607,0.0000,0.0000,0.0239,0,0,0.386
60.201,0,0,0,-0.6167,-1.2333,-0.6403,-1.2367,-7.8364,0.0000,0.0000,0.0000,-0.6255,-1.1250,-9.3730,0.012,3614,0.0000,0.0000,0.0238,0,0,0.387
60.302,0,0,0,-0.6167,-1.2333,-0.6403,-1.2367,-7.8382,0.0000,0.0000,0.0000,-0.6575,-1.3036,-3.5671,0.002,3620,0.0000,0.0000,0.0239,0,0,0.400
60.401,0,0,0,-0.6167,-1.2333,-0.6404,-1.2363,-7.8306,0.0000,0.0000,0.0000,-0.6428,-1.2687,-3.2355,0.009,3626,0.0000,0.0000,0.0239,0,0,0.388
60.501,0,0,0,-0.6167,-1.2333,-0.6405,-1.2358,-7.8520,0.0000,0.0000,0.0000,-0.6575,-1.3036,-3.5669,0.002,3633,0.0000,0.0000,0.0239,0,0,0.389
60.600,0,0,0,-0.6167,-1.2333,-0.6405,-1.2353,-7.8329,0.0000,0.0000,0.0000,-0.6404,-1.2177,-6.0939,0.013,3639,0.0000,0.0000,0.0240,0,0,0.389
60.701,0,0,0,-0.6167,-1.2333,-0.6406,-1.2351,-7.8682,0.0000,0.0000,0.0000,-0.6255,-1.1250,-9.3748,0.002,3644,0.0000,0.0000,0.0240,0,0,0.402
60.802,0,0,0,-0.6167,-1.2333,-0.6407,-1.2347,-7.8503,0.0000,0.0000,0.0000,-0.6428,-1.2687,-3.2341,0.007,3651,0.0000,0.0000,0.0240,0,0,0.415
60.901,0,0,0,-0.6167,-1.2333,-0.6398,-1.2397,-7.7892,0.0000,0.0000,0.0000,-0.6255,-1.1250,-9.3716,0.004,3656,0.0000,0.0000,0.0240,0,0,0.414
61.000,0,0,0,-0.6167,-1.2333,-0.6397,-1.2384,-7.8003,0.0000,0.0000,0.0000,-0.6575,-1.3036,-3.5664,0.003,3663,0.0000,0.0000,0.0236,0,0,0.397
61.101,0,0,0,-0.6167,-1.2333,-0.6400,-1.2386,-7.8105,0.0000,0.0000,0.0000,-0.6255,-1.1250,-9.3723,0.008,3668,0.0000,0.0000,0.0239,0,0,0.389
61.203,0,0,0,-0.6167,-1.2333,-0.6401,-1.2376,-7.8233,0.0000,0.0000,0.0000,-0.6428,-1.2687,-3.2335,0.002,3675,0.0000,0.0000,0.0238,0,0,0.420
61.302,0,0,0,-0.6167,-1.2333,-0.6401,-1.2376,-7.8270,0.0000,0.0000,0.0000,-0.6255,-1.1250,-9.3746,0.003,3680,0.0000,0.0000,0.0239,0,0,0.385
61.400,0,0,0,-0.6167,-1.2333,-0.6402,-1.2367,-7.8374,0.0000,0.0000,0.0000,-0.6255,-1.1250,-9.3752,0.012,3686,0.0000,0.0000,0.0238,0,0,0.391
61.504,0,0,0,-0.6167,-1.2333,-0.6403,-1.2366,-7.8404,0.0000,0.0000,0.0000,-0.6575,-1.3036,-3.5664,0.003,3692,0.0000,0.0000,0.0239,0,0,0.417
61.600,0,0,0,-0.6167,-1.2333,-0.6404,-1.2360,-7.8237,0.0000,0.0000,0.0000,-0.6255,-1.1250,-9.3744,0.004,3699,0.0000,0.0000,0.0239,0,0,0.400
61.701,0,0,0,-0.6167,-1.2333,-0.6404,-1.2358,-7.8571,0.0000,0.0000,0.0000,-0.6575,-1.3036,-3.5665,0.002,3705,0.0000,0.0000,0.0239,0,0,0.421
61.802,0,0,0,-0.6167,-1.2333,-0.6405,-1.2353,-7.8370,0.0000,0.0000,0.0000,-0.6404,-1.2174,-6.0955,0.010,3711,0.0000,0.0000,0.0239,0,0,0.412
61.904,0,0,0,-0.6167,-1.2333,-0.6405,-1.2350,-7.8720,0.0000,0.0000,0.0000,-0.6575,-1.3036,-3.5668,0.002,3717,0.0000,0.0000,0.0239,0,0,0.385
62.000,0,0,0,-0.6167,-1.2333,-0.6406,-1.2347,-7.8620,0.0000,0.0000,0.0000,-0.6428,-1.2687,-3.2367,0.016,3722,0.0000,0.0000,0.0240,0,0,0.395
62.101,0,0,0,-0.6167,-1.2333,-0.6407,-1.2344,-7.8837,0.0000,0.0000,0.0000,-0.6256,-1.1250,-9.3762,0.003,3728,0.0000,0.0000,0.0240,0,0,0.381
62.201,0,0,0,-0.6167,-1.2333,-0.6397,-1.2384,-7.8042,0.0000,0.0000,0.0000,-0.6575,-1.3036,-3.5667,0.002,3735,0.0000,0.0000,0.0236,0,0,0.404
62.301,0,0,0,-0.6167,-1.2333,-0.6400,-1.2386,-7.8099,0.0000,0.0000,0.0000,-0.6575,-1.3036,-3.5671,0.041,3739,0.0000,0.0000,0.0239,0,0,0.401
62.402,0,0,0,-0.6167,-1.2333,-0.6401,-1.2379,-7.7925,0.0000,0.0000,0.0000,-0.6428,-1.2687,-3.2358,0.007,3747,0.0000,0.0000,0.0239,0,0,0.408
62.502,0,0,0,-0.6167,-1.2333,-0.6401,-1.2376,-7.8246,0.0000,0.0000,0.0000,-0.6256,-1.1250,-9.3750,0.005,3752,0.0000,0.0000,0.0239,0,0,0.382
62.603,0,0,0,-0.6167,-1.2333,-0.6393,-1.2419,-7.7458,0.0000,0.0000,0.0000,-0.6428,-1.2687,-3.2362,0.002,3759,0.0000,0.0000,0.0242,0,0,0.400
62.702,0,0,0,-0.6167,-1.2333,-0.6394,-1.2417,-7.7513,0.0000,0.0000,0.0000,-0.6576,-1.3036,-3.5670,0.005,3764,0.0000,0.0000,0.0243,0,0,0.398
62.803,0,0,0,-0.6167,-1.2333,-0.6397,-1.2416,-7.7513,0.0000,0.0000,0.0000,-0.6255,-1.1250,-9.3736,0.003,3770,0.0000,0.0000,0.0244,0,0,0.388
62.904,0,0,0,-0.6167,-1.2333,-0.6397,-1.2403,-7.7729,0.0000,0.0000,0.0000,-0.6575,-1.3036,-3.5661,0.006,3776,0.0000,0.0000,0.0240,0,0,0.412
63.001,0,0,0,-0.6167,-1.2333,-0.6399,-1.2405,-7.7462,0.0000,0.0000,0.0000,-0.6255,-1.1250,-9.3741,0.002,3783,0.0000,0.0000,0.0243,0,0,0.400
63.101,0,0,0,-0.6167,-1.2333,-0.6398,-1.2391,-7.7946,0.0000,0.0000,0.0000,-0.6428,-1.2687,-3.2361,0.038,3787,0.0000,0.0000,0.0239,0,0,0.396
63.201,0,0,0,-0.6167,-1.2333,-0.6400,-1.2385,-7.7860,0.0000,0.0000,0.0000,-0.6428,-1.2687,-3.2355,0.017,3794,0.0000,0.0000,0.0239,0,0,0.391
63.303,0,0,0,-0.6167,-1.2333,-0.6392,-1.2431,-7.7233,0.0000,0.0000,0.0000,-0.6406,-1.2171,-6.1038,0.040,3799,0.0000,0.0000,0.0245,0,0,0.400
63.401,0,0,0,-0.6167,-1.2333,-0.6393,-1.2423,-7.7198,0.0000,0.0000,0.0000,-0.6405,-1.2173,-6.0993,0.003,3807,0.0000,0.0000,0.0244,0,0,0.410
63.506,0,0,0,-0.6167,-1.2333,-0.6394,-1.2416,-7.7490,0.0000,0.0000,0.0000,-0.6575,-1.3036,-3.5664,0.003,3813,0.0000,0.0000,0.0242,0,0,0.391
63.601,0,0,0,-0.6167,-1.2333,-0.6386,-1.2460,-7.6444,0.0000,0.0000,0.0000,-0.6428,-1.2687,-3.2339,0.020,3819,0.0000,0.0000,0.0254,0,0,0.399
63.701,0,0,0,-0.6167,-1.2333,-0.6387,-1.2454,-7.6807,0.0000,0.0000,0.0000,-0.6256,-1.1250,-9.3759,0.002,3824,0.0000,0.0000,0.0252,0,0,0.397
63.802,0,0,0,-0.6167,-1.2333,-0.6390,-1.2442,-7.6695,0.0000,0.0000,0.0000,-0.6576,-1.3036,-3.5671,0.007,3831,0.0000,0.0000,0.0248,0,0,0.395
63.903,0,0,0,-0.6167,-1.2333,-0.6391,-1.2437,-7.7066,0.0000,0.0000,0.0000,-0.6255,-1.1250,-9.3725,0.008,3836,0.0000,0.0000,0.0247,0,0,0.404
0.021,0,0,0,-0.6167,-1.2333,-0.6389,-1.2461,-7.6645,0.0000,0.0000,0.0000,-0.6406,-1.2173,-6.1003,0.016,3842,0.0000,0.0000,0.0256,0,0,0.392
0.122,0,0,0,-0.6167,-1.2333,-0.6390,-1.2456,-7.6747,0.0000,0.0000,0.0000,-0.6428,-1.2687,-3.2351,0.047,3847,0.0000,0.0000,0.0255,0,0,0.407
0.217,0,0,0,-0.6167,-1.2333,-0.6392,-1.2444,-7.6637,0.0000,0.0000,0.0000,-0.6428,-1.2687,-3.2364,0.015,3855,0.0000,0.0000,0.0251,0,0,0.397
0.319,0,0,0,-0.6167,-1.2333,-0.6393,-1.2438,-7.7036,0.0000,0.0000,0.0000,-0.6575,-1.3036,-3.5666,0.006,3860,0.0000,0.0000,0.0249,0,0,0.398
0.418,0,0,0,-0.6167,-1.2333,-0.6396,-1.2438,-7.6776,0.0000,0.0000,0.0000,-0.6256,-1.1250,-9.3745,0.004,3867,0.0000,0.0000,0.0252,0,0,0.397
0.520,0,0,0,-0.6167,-1.2333,-0.6395,-1.2422,-7.7299,0.0000,0.0000,0.0000,-0.6406,-1.2173,-6.1004,0.040,3871,0.0000,0.0000,0.0245,0,0,0.386
0.616,0,0,0,-0.6167,-1.2333,-0.6388,-1.2464,-7.6281,0.0000,0.0000,0.0000,-0.6405,-1.2172,-6.1016,0.007,3879,0.0000,0.0000,0.0257,0,0,0.383
0.717,0,0,0,-0.6167,-1.2333,-0.6389,-1.2457,-7.6674,0.0000,0.0000,0.0000,-0.6256,-1.1250,-9.3761,0.007,3884,0.0000,0.0000,0.0254,0,0,0.396
0.817,0,0,0,-0.6167,-1.2333,-0.6390,-1.2448,-7.6677,0.0000,0.0000,0.0000,-0.6405,-1.2172,-6.1009,0.004,3891,0.0000,0.0000,0.0251,0,0,0.391
0.917,0,0,0,-0.6167,-1.2333,-0.6392,-1.2439,-7.6972,0.0000,0.0000,0.0000,-0.6256,-1.1250,-9.3736,0.005,3896,0.0000,0.0000,0.0249,0,0,0.383
1.016,0,0,0,-0.6167,-1.2333,-0.6392,-1.2423,-7.7120,0.0000,0.0000,0.0000,-0.6575,-1.3036,-3.5662,0.004,3903,0.0000,0.0000,0.0242,0,0,0.406
1.117,0,0,0,-0.6167,-1.2333,-0.6394,-1.2424,-7.7218,0.0000,0.0000,0.0000,-0.6256,-1.1250,-9.3729,0.005,3908,0.0000,0.0000,0.0245,0,0,0.401
1.217,0,0,0,-0.6167,-1.2333,-0.6396,-1.2414,-7.7106,0.0000,0.0000,0.0000,-0.6575,-1.3036,-3.5666,0.004,3915,0.0000,0.0000,0.0243,0,0,0.400
1.319,0,0,0,-0.6167,-1.2333,-0.6397,-1.2409,-7.7466,0.0000,0.0000,0.0000,-0.6575,-1.3036,-3.5662,0.003,3921,0.0000,0.0000,0.0242,0,0,0.398
1.416,0,0,0,-0.6167,-1.2333,-0.6398,-1.2398,-7.7619,0.0000,0.0000,0.0000,-0.6406,-1.2171,-6.1017,0.020,3926,0.0000,0.0000,0.0240,0,0,0.389
1.520,0,0,0,-0.6167,-1.2333,-0.6399,-1.2396,-7.7706,0.0000,0.0000,0.0000,-0.6575,-1.3036,-3.5665,0.003,3932,0.0000,0.0000,0.0240,0,0,0.406
1.617,0,0,0,-0.6167,-1.2333,-0.6400,-1.2388,-7.7530,0.0000,0.0000,0.0000,-0.6427,-1.2686,-3.2339,0.006,3939,0.0000,0.0000,0.0240,0,0,0.386
1.716,0,0,0,-0.6167,-1.2333,-0.6400,-1.2384,-7.7889,0.0000,0.0000,0.0000,-0.6575,-1.3036,-3.5665,0.006,3944,0.0000,0.0000,0.0239,0,0,0.400
1.816,0,0,0,-0.6167,-1.2333,-0.6401,-1.2375,-7.8017,0.0000,0.0000,0.0000,-0.6428,-1.2686,-3.2348,0.006,3951,0.0000,0.0000,0.0238,0,0,0.393
1.919,0,0,0,-0.6167,-1.2333,-0.6402,-1.2374,-7.8087,0.0000,0.0000,0.0000,-0.6575,-1.3036,-3.5661,0.003,3957,0.0000,0.0000,0.0239,0,0,0.389
2.016,0,0,0,-0.6167,-1.2333,-0.6403,-1.2370,-7.7960,0.0000,0.0000,0.0000,-0.6427,-1.2686,-3.2331,0.018,3962,0.0000,0.0000,0.0239,0,0,0.405
2.117,0,0,0,-0.6167,-1.2333,-0.6404,-1.2365,-7.8128,0.0000,0.0000,0.0000,-0.6256,-1.1250,-9.3732,0.006,3968,0.0000,0.0000,0.0239,0,0,0.380
2.217,0,0,0,-0.6167,-1.2333,-0.6404,-1.2361,-7.8141,0.0000,0.0000,0.0000,-0.6406,-1.2172,-6.1010,0.007,3975,0.0000,0.0000,0.0239,0,0,0.408
2.319,0,0,0,-0.6167,-1.2333,-0.6396,-1.2409,-7.7493,0.0000,0.0000,0.0000,-0.6576,-1.3036,-3.5667,0.003,3981,0.0000,0.0000,0.0242,0,0,0.416
2.417,0,0,0,-0.6167,-1.2333,-0.6398,-1.2400,-7.7337,0.0000,0.0000,0.0000,-0.6427,-1.2687,-3.2327,0.015,3987,0.0000,0.0000,0.0240,0,0,0.399
2.517,0,0,0,-0.6167,-1.2333,-0.6398,-1.2396,-7.7714,0.0000,0.0000,0.0000,-0.6256,-1.1250,-9.3734,0.008,3992,0.0000,0.0000,0.0240,0,0,0.405
2.616,0,0,0,-0.6167,-1.2333,-0.6399,-1.2386,-7.7874,0.0000,0.0000,0.0000,-0.6405,-1.2174,-6.1008,0.022,3998,0.0000,0.0000,0.0238,0,0,0.408
2.720,0,0,0,-0.6167,-1.2333,-0.6400,-1.2385,-7.7879,0.0000,0.0000,0.0000,-0.6256,-1.1250,-9.3722,0.010,4004,0.0000,0.0000,0.0239,0,0,0.398
2.819,0,0,0,-0.6167,-1.2333,-0.6401,-1.2375,-7.8008,0.0000,0.0000,0.0000,-0.6427,-1.2687,-3.2326,0.002,4011,0.0000,0.0000,0.0238,0,0,0.388
2.920,0,0,0,-0.6167,-1.2333,-0.6402,-1.2375,-7.8070,0.0000,0.0000,0.0000,-0.6575,-1.3036,-3.5662,0.008,4016,0.0000,0.0000,0.0239,0,0,0.395
3.018,0,0,0,-0.6167,-1.2333,-0.6404,-1.2379,-7.7776,0.0000,0.0000,0.0000,-0.6256,-1.1250,-9.3733,0.005,4023,0.0000,0.0000,0.0242,0,0,0.418
3.121,0,0,0,-0.6167,-1.2333,-0.6403,-1.2365,-7.8257,0.0000,0.0000,0.0000,-0.6256,-1.1250,-9.3729,0.049,4027,0.0000,0.0000,0.0239,0,0,0.391
3.217,0,0,0,-0.6167,-1.2333,-0.6395,-1.2412,-7.7288,0.0000,0.0000,0.0000,-0.6406,-1.2174,-6.0899,0.002,4035,0.0000,0.0000,0.0242,0,0,0.397
3.321,0,0,0,-0.6167,-1.2333,-0.6396,-1.2406,-7.7580,0.0000,0.0000,0.0000,-0.6256,-1.1250,-9.3725,0.005,4040,0.0000,0.0000,0.0240,0,0,0.381
3.417,0,0,0,-0.6167,-1.2333,-0.6397,-1.2397,-7.7443,0.0000,0.0000,0.0000,-0.6405,-1.2174,-6.0932,0.008,4047,0.0000,0.0000,0.0239,0,0,0.411
3.520,0,0,0,-0.6167,-1.2333,-0.6398,-1.2393,-7.7805,0.0000,0.0000,0.0000,-0.6575,-1.3036,-3.5666,0.002,4053,0.0000,0.0000,0.0239,0,0,0.386
3.617,0,0,0,-0.6167,-1.2333,-0.6391,-1.2439,-7.6820,0.0000,0.0000,0.0000,-0.6403,-1.2180,-6.0859,0.002,4059,0.0000,0.0000,0.0247,0,0,0.402
3.717,0,0,0,-0.6167,-1.2333,-0.6392,-1.2431,-7.7103,0.0000,0.0000,0.0000,-0.6256,-1.1250,-9.3736,0.008,4064,0.0000,0.0000,0.0245,0,0,0.409
3.818,0,0,0,-0.6167,-1.2333,-0.6392,-1.2415,-7.7293,0.0000,0.0000,0.0000,-0.6427,-1.2686,-3.2321,0.021,4070,0.0000,0.0000,0.0240,0,0,0.399
3.917,0,0,0,-0.6167,-1.2333,-0.6394,-1.2418,-7.7490,0.0000,0.0000,0.0000,-0.6256,-1.1250,-9.3747,0.005,4076,0.0000,0.0000,0.0243,0,0,0.390
4.016,0,0,0,-0.6167,-1.2333,-0.6395,-1.2407,-7.7599,0.0000,0.0000,0.0000,-0.6404,-1.2179,-6.0879,0.012,4082,0.0000,0.0000,0.0240,0,0,0.391
4.116,0,0,0,-0.6167,-1.2333,-0.6395,-1.2394,-7.7880,0.0000,0.0000,0.0000,-0.6256,-1.1250,-9.3730,0.009,4088,0.0000,0.0000,0.0236,0,0,0.399
4.217,0,0,0,-0.6167,-1.2333,-0.6398,-1.2394,-7.7847,0.0000,0.0000,0.0000,-0.6256,-1.1250,-9.3736,0.016,4094,0.0000,0.0000,0.0239,0,0,0.390
4.319,0,0,0,-0.6167,-1.2333,-0.6399,-1.2392,-7.7892,0.0000,0.0000,0.0000,-0.6575,-1.3036,-3.5663,0.008,4100,0.0000,0.0000,0.0239,0,0,0.396
4.417,0,0,0,-0.6167,-1.2333,-0.6401,-1.2395,-7.7599,0.0000,0.0000,0.0000,-0.6256,-1.1250,-9.3743,0.007,4107,0.0000,0.0000,0.0242,0,0,0.408
4.518,0,0,0,-0.6167,-1.2333,-0.6400,-1.2381,-7.8083,0.0000,0.0000,0.0000,-0.6575,-1.3036,-3.5672,0.004,4112,0.0000,0.0000,0.0238,0,0,0.388
4.617,0,0,0,-0.6167,-1.2333,-0.6393,-1.2424,-7.6970,0.0000,0.0000,0.0000,-0.6405,-1.2173,-6.0986,0.015,4119,0.0000,0.0000,0.0244,0,0,0.399
4.719,0,0,0,-0.6167,-1.2333,-0.6392,-1.2409,-7.7601,0.0000,0.0000,0.0000,-0.6575,-1.3036,-3.5669,0.003,4125,0.0000,0.0000,0.0238,0,0,0.394
4.817,0,0,0,-0.6167,-1.2333,-0.6386,-1.2464,-7.6450,0.0000,0.0000,0.0000,-0.6427,-1.2687,-3.2324,0.019,4130,0.0000,0.0000,0.0256,0,0,0.387
4.918,0,0,0,-0.6167,-1.2333,-0.6388,-1.2455,-7.6767,0.0000,0.0000,0.0000,-0.6256,-1.1250,-9.3746,0.008,4136,0.0000,0.0000,0.0252,0,0,0.392
5.018,0,0,0,-0.6167,-1.2333,-0.6379,-1.2492,-7.6143,0.0000,0.0000,0.0000,-0.6575,-1.3036,-3.5666,0.002,4143,0.0000,0.0000,0.0265,0,0,0.401
5.118,0,0,0,-0.6167,-1.2333,-0.6381,-1.2475,-7.6366,0.0000,0.0000,0.0000,-0.6257,-1.1250,-9.3761,0.009,4148,0.0000,0.0000,0.0257,0,0,0.391
5.217,0,0,0,-0.6167,-1.2333,-0.6385,-1.2473,-7.6057,0.0000,0.0000,0.0000,-0.6427,-1.2687,-3.2335,0.020,4155,0.0000,0.0000,0.0259,0,0,0.391
5.317,0,0,0,-0.6167,-1.2333,-0.6386,-1.2466,-7.6500,0.0000,0.0000,0.0000,-0.6257,-1.1250,-9.3769,0.007,4160,0.0000,0.0000,0.0256,0,0,0.406
5.417,0,0,0,-0.6167,-1.2333,-0.6388,-1.2451,-7.6711,0.0000,0.0000,0.0000,-0.6405,-1.2177,-6.0905,0.016,4166,0.0000,0.0000,0.0251,0,0,0.390
5.519,0,0,0,-0.6167,-1.2333,-0.6389,-1.2448,-7.6775,0.0000,0.0000,0.0000,-0.6575,-1.3036,-3.5662,0.004,4172,0.0000,0.0000,0.0250,0,0,0.393
5.618,0,0,0,-0.6167,-1.2333,-0.6391,-1.2436,-7.6691,0.0000,0.0000,0.0000,-0.6427,-1.2686,-3.2376,0.009,4179,0.0000,0.0000,0.0247,0,0,0.385
5.724,0,0,0,-0.6167,-1.2333,-0.6392,-1.2430,-7.7069,0.0000,0.0000,0.0000,-0.6575,-1.3036,-3.5666,0.014,4184,0.0000,0.0000,0.0245,0,0,0.392
5.816,0,0,0,-0.6167,-1.2333,-0.6385,-1.2472,-7.6068,0.0000,0.0000,0.0000,-0.6256,-1.1250,-9.3735,0.002,4191,0.0000,0.0000,0.0258,0,0,0.404
5.921,0,0,0,-0.6167,-1.2333,-0.6377,-1.2517,-7.5555,0.0000,0.0000,0.0000,-0.6256,-1.1250,-9.3724,0.003,4197,0.0000,0.0000,0.0279,0,0,0.396
6.017,0,0,0,-0.6167,-1.2333,-0.6380,-1.2503,-7.5600,0.0000,0.0000,0.0000,-0.6426,-1.2687,-3.2290,0.023,4202,0.0000,0.0000,0.0272,0,0,0.380
6.119,0,0,0,-0.6167,-1.2333,-0.6380,-1.2481,-7.6129,0.0000,0.0000,0.0000,-0.6575,-1.3036,-3.5665,0.003,4209,0.0000,0.0000,0.0259,0,0,0.396
6.217,0,0,0,-0.6167,-1.2333,-0.6376,-1.2527,-7.5054,0.0000,0.0000,0.0000,-0.5547,-1.7582,6.0260,0.013,4215,0.0000,0.0000,0.0285,0,0,0.403
6.319,0,0,0,-0.6167,-1.2333,-0.6377,-1.2519,-7.5474,0.0000,0.0000,0.0000,-0.6575,-1.3036,-3.5662,0.002,4221,0.0000,0.0000,0.0281,0,0,0.390
6.417,0,0,0,-0.6167,-1.2333,-0.6380,-1.2502,-7.5430,0.0000,0.0000,0.0000,-0.6427,-1.2686,-3.2355,0.002,4227,0.0000,0.0000,0.0272,0,0,0.407
6.519,0,0,0,-0.6167,-1.2333,-0.6381,-1.2494,-7.5875,0.0000,0.0000,0.0000,-0.6256,-1.1250,-9.3731,0.010,4232,0.0000,0.0000,0.0268,0,0,0.394
6.619,0,0,0,-0.6167,-1.2333,-0.6374,-1.2525,-7.5223,0.0000,0.0000,0.0000,-0.6575,-1.3036,-3.5669,0.006,4239,0.0000,0.0000,0.0282,0,0,0.402
6.717,0,0,0,-0.6167,-1.2333,-0.6377,-1.2521,-7.5250,0.0000,0.0000,0.0000,-0.6575,-1.3036,-3.5662,0.002,4245,0.0000,0.0000,0.0282,0,0,0.399
6.818,0,0,0,-0.6167,-1.2333,-0.6379,-1.2503,-7.5600,0.0000,0.0000,0.0000,-0.6427,-1.2687,-3.2316,0.002,4251,0.0000,0.0000,0.0272,0,0,0.403
6.924,0,0,0,-0.6167,-1.2333,-0.6381,-1.2496,-7.5751,0.0000,0.0000,0.0000,-0.6256,-1.1250,-9.3722,0.002,4257,0.0000,0.0000,0.0270,0,0,0.393
7.017,0,0,0,-0.6167,-1.2333,-0.6384,-1.2481,-7.5689,0.0000,0.0000,0.0000,-0.6427,-1.2687,-3.2311,0.008,4263,0.0000,0.0000,0.0263,0,0,0.457
7.118,0,0,0,-0.6167,-1.2333,-0.6381,-1.2513,-7.5459,0.0000,0.0000,0.0000,-0.6257,-1.1250,-9.3755,0.047,4267,0.0000,0.0000,0.0280,0,0,0.399
7.219,0,0,0,-0.6167,-1.2333,-0.6383,-1.2495,-7.5741,0.0000,0.0000,0.0000,-0.6427,-1.2687,-3.2330,0.008,4275,0.0000,0.0000,0.0270,0,0,0.394
7.320,0,0,0,-0.6167,-1.2333,-0.6383,-1.2478,-7.6044,0.0000,0.0000,0.0000,-0.6575,-1.3036,-3.5669,0.007,4281,0.0000,0.0000,0.0260,0,0,0.395
7.417,0,0,0,-0.6167,-1.2333,-0.6387,-1.2475,-7.5769,0.0000,0.0000,0.0000,-0.6427,-1.2686,-3.2333,0.011,4287,0.0000,0.0000,0.0262,0,0,0.441
7.519,0,0,0,-0.6167,-1.2333,-0.6388,-1.2468,-7.6214,0.0000,0.0000,0.0000,-0.6257,-1.1250,-9.3746,0.008,4292,0.0000,0.0000,0.0259,0,0,0.401
7.616,0,0,0,-0.6167,-1.2333,-0.6390,-1.2455,-7.6157,0.0000,0.0000,0.0000,-0.6403,-1.2177,-6.0954,0.008,4299,0.0000,0.0000,0.0254,0,0,0.363
7.718,0,0,0,-0.6167,-1.2333,-0.6391,-1.2449,-7.6536,0.0000,0.0000,0.0000,-0.6256,-1.1250,-9.3727,0.007,4304,0.0000,0.0000,0.0252,0,0,0.405
7.818,0,0,0,-0.6167,-1.2333,-0.6393,-1.2438,-7.6447,0.0000,0.0000,0.0000,-0.6575,-1.3035,-3.5673,0.006,4311,0.0000,0.0000,0.0249,0,0,0.402
7.918,0,0,0,-0.6167,-1.2333,-0.6384,-1.2485,-7.5917,0.0000,0.0000,0.0000,-0.6256,-1.1250,-9.3740,0.007,4316,0.0000,0.0000,0.0265,0,0,0.408
8.019,0,0,0,-0.6167,-1.2333,-0.6387,-1.2471,-7.5885,0.0000,0.0000,0.0000,-0.6575,-1.3036,-3.5666,0.006,4323,0.0000,0.0000,0.0260,0,0,0.397
8.122,0,0,0,-0.6167,-1.2333,-0.6386,-1.2453,-7.6463,0.0000,0.0000,0.0000,-0.6575,-1.3036,-3.5665,0.002,4329,0.0000,0.0000,0.0250,0,0,0.384
8.216,0,0,0,-0.6167,-1.2333,-0.6380,-1.2502,-7.5489,0.0000,0.0000,0.0000,-0.5433,-1.7825,6.6613,0.025,4334,0.0000,0.0000,0.0272,0,0,0.384
8.318,0,0,0,-0.6167,-1.2333,-0.6382,-1.2496,-7.5641,0.0000,0.0000,0.0000,-0.6575,-1.3036,-3.5668,0.008,4340,0.0000,0.0000,0.0270,0,0,0.404
8.417,0,0,0,-0.6167,-1.2333,-0.6382,-1.2530,-7.4831,0.0000,0.0000,0.0000,-0.6427,-1.2687,-3.2319,0.014,4346,0.0000,0.0000,0.0292,0,0,0.406
8.524,0,0,0,-0.6167,-1.2333,-0.6382,-1.2510,-7.5382,0.0000,0.0000,0.0000,-0.6575,-1.3036,-3.5664,0.007,4352,0.0000,0.0000,0.0278,0,0,0.394
8.617,0,0,0,-0.6167,-1.2333,-0.6384,-1.2494,-7.5362,0.0000,0.0000,0.0000,-0.6427,-1.2685,-3.2366,0.019,4359,0.0000,0.0000,0.0271,0,0,0.398
8.718,0,0,0,-0.6167,-1.2333,-0.6386,-1.2487,-7.5778,0.0000,0.0000,0.0000,-0.6576,-1.3036,-3.5671,0.002,4365,0.0000,0.0000,0.0267,0,0,0.400
8.818,0,0,0,-0.6167,-1.2333,-0.6379,-1.2526,-7.4936,0.0000,0.0000,0.0000,-0.6427,-1.2686,-3.2338,0.019,4370,0.0000,0.0000,0.0287,0,0,0.405
8.917,0,0,0,-0.6167,-1.2333,-0.6380,-1.2515,-7.5269,0.0000,0.0000,0.0000,-0.6256,-1.1250,-9.3721,0.003,4376,0.0000,0.0000,0.0280,0,0,0.402
9.019,0,0,0,-0.6167,-1.2333,-0.6383,-1.2498,-7.5271,0.0000,0.0000,0.0000,-0.6406,-1.2173,-6.0964,0.008,4383,0.0000,0.0000,0.0272,0,0,0.397
9.118,0,0,0,-0.6167,-1.2333,-0.6384,-1.2491,-7.5680,0.0000,0.0000,0.0000,-0.6256,-1.1250,-9.3730,0.009,4388,0.0000,0.0000,0.0268,0,0,0.406
9.216,0,0,0,-0.6167,-1.2333,-0.6378,-1.2525,-7.4795,0.0000,0.0000,0.0000,-0.6427,-1.2687,-3.2332,0.016,4395,0.0000,0.0000,0.0286,0,0,0.395
9.317,0,0,0,-0.6167,-1.2333,-0.6378,-1.2505,-7.5446,0.0000,0.0000,0.0000,-0.6256,-1.1250,-9.3711,0.006,4400,0.0000,0.0000,0.0272,0,0,0.410
9.417,0,0,0,-0.6167,-1.2333,-0.6382,-1.2499,-7.5434,0.0000,0.0000,0.0000,-0.6576,-1.3036,-3.5673,0.014,4406,0.0000,0.0000,0.0271,0,0,0.403
9.523,0,0,0,-0.6167,-1.2333,-0.6382,-1.2481,-7.5828,0.0000,0.0000,0.0000,-0.6575,-1.3036,-3.5665,0.002,4413,0.0000,0.0000,0.0261,0,0,0.399
9.618,0,0,0,-0.6167,-1.2333,-0.6385,-1.2476,-7.5826,0.0000,0.0000,0.0000,-0.6427,-1.2687,-3.2341,0.003,4419,0.0000,0.0000,0.0261,0,0,0.404
9.717,0,0,0,-0.6167,-1.2333,-0.6387,-1.2471,-7.6020,0.0000,0.0000,0.0000,-0.6575,-1.3036,-3.5662,0.006,4424,0.0000,0.0000,0.0260,0,0,0.389
9.817,0,0,0,-0.6167,-1.2333,-0.6389,-1.2456,-7.6244,0.0000,0.0000,0.0000,-0.6257,-1.1250,-9.3765,0.012,4430,0.0000,0.0000,0.0253,0,0,0.396
9.923,0,0,0,-0.6167,-1.2333,-0.6390,-1.2451,-7.6358,0.0000,0.0000,0.0000,-0.6575,-1.3036,-3.5662,0.003,4436,0.0000,0.0000,0.0252,0,0,0.395
0.006,0,0,0,-0.6167,-1.2333,-0.6392,-1.2442,-7.6346,0.0000,0.0000,0.0000,-0.6427,-1.2688,-3.2325,0.017,4442,0.0000,0.0000,0.0250,0,0,0.405
0.105,0,0,0,-0.6167,-1.2333,-0.6379,-1.2481,-7.5787,0.0000,0.0000,0.0000,-0.6257,-1.1250,-9.3748,0.011,4448,0.0152,0.0140,0.0259,0,0,0.416
0.202,0,0,1,-1.2333,-1.2333,-0.6369,-1.2514,-7.4876,0.0000,0.0000,0.0000,-0.5468,-1.7861,6.7274,0.010,4455,-0.0995,-0.0103,0.5967,0,0,0.387
0.306,0,0,1,-1.2333,-1.2333,-0.6457,-1.2504,-7.5248,0.0000,0.0000,0.0000,-0.6253,-1.1250,-9.3567,0.005,4460,-0.0995,-0.0104,0.5879,0,0,0.398
0.402,0,0,1,-1.2333,-1.2333,-0.6547,-1.2485,-7.8653,0.0000,0.0000,0.0000,-0.6419,-1.2699,-3.1464,0.014,4467,-0.0994,-0.0107,0.5788,0,0,0.401
0.502,0,0,1,-1.2333,-1.2333,-0.6632,-1.2528,-7.9068,0.0000,0.0000,0.0000,-0.6384,-1.1249,-9.9652,0.007,4472,-0.0995,-0.0099,0.5705,0,0,0.399
0.605,0,0,1,-1.2333,-1.2333,-0.6728,-1.2510,-7.8148,0.0000,0.0000,0.0000,-0.6863,-1.3002,-3.9115,0.012,4479,-0.0995,-0.0102,0.5608,0,0,0.396
0.705,0,0,1,-1.2333,-1.2333,-0.6824,-1.2487,-7.6104,0.0000,0.0000,0.0000,-0.6517,-1.1161,-9.9087,0.013,4484,-0.0994,-0.0106,0.5512,0,0,0.393
0.802,0,0,1,-1.2333,-1.2333,-0.6922,-1.2483,-7.8276,0.0000,0.0000,0.0000,-0.6943,-1.2721,-3.5874,0.008,4491,-0.0994,-0.0106,0.5414,0,0,0.398
0.905,0,0,1,-1.2333,-1.2333,-0.7021,-1.2460,-7.7604,0.0000,0.0000,0.0000,-0.7218,-1.2994,-3.6039,0.003,4497,-0.0994,-0.0110,0.5314,0,0,0.389
1.002,0,0,1,-1.2333,-1.2333,-0.7120,-1.2455,-7.8294,0.0000,0.0000,0.0000,-0.6898,-1.1001,-10.0704,0.014,4502,-0.0994,-0.0110,0.5214,0,0,0.359
1.103,0,0,1,-1.2333,-1.2333,-0.7211,-1.2451,-7.6958,0.0000,0.0000,0.0000,-0.7411,-1.3002,-3.4804,0.002,4508,-0.0994,-0.0110,0.5123,0,0,0.376
1.202,0,0,1,-1.2333,-1.2333,-0.7311,-1.2437,-7.8286,0.0000,0.0000,0.0000,-0.7399,-1.2769,-3.7169,0.007,4515,-0.0994,-0.0113,0.5023,0,0,0.359
1.306,0,0,1,-1.2333,-1.2333,-0.7415,-1.2415,-7.8262,0.0000,0.0000,0.0000,-0.7633,-1.2984,-3.4468,0.003,4521,-0.0993,-0.0117,0.4919,0,0,0.327
1.404,0,0,1,-1.2333,-1.2333,-0.7513,-1.2418,-7.8757,0.0000,0.0000,0.0000,-0.7373,-1.2514,-5.8743,0.010,4527,-0.0993,-0.0116,0.4821,0,0,0.320
1.510,0,0,1,-1.2333,-1.2333,-0.7613,-1.2395,-7.9949,0.0000,0.0000,0.0000,-0.7865,-1.2963,-2.9768,0.002,4533,-0.0993,-0.0120,0.4720,0,0,0.298
1.603,0,0,1,-1.2333,-1.2333,-0.7711,-1.2398,-8.0069,0.0000,0.0000,0.0000,-0.7573,-1.2538,-6.1700,0.005,4539,-0.0993,-0.0119,0.4623,0,0,0.284
1.707,0,0,1,-1.2333,-1.2333,-0.7814,-1.2378,-7.8352,0.0000,0.0000,0.0000,-0.8061,-1.2957,-3.2549,0.009,4545,-0.0993,-0.0120,0.4519,0,0,0.268
1.803,0,0,1,-1.2333,-1.2333,-0.7906,-1.2420,-7.6136,0.0000,0.0000,0.0000,-0.8139,-1.2941,-2.7518,0.012,4551,-0.0993,-0.0114,0.4429,0,0,0.280
1.906,0,0,1,-1.2333,-1.2333,-0.7997,-1.2448,-7.7184,0.0000,0.0000,0.0000,-0.7143,-1.4156,-2.9670,0.010,4556,-0.0994,-0.0107,0.4338,0,0,0.273
2.003,0,0,1,-1.2333,-1.2333,-0.8083,-1.2492,-7.6175,0.0000,0.0000,0.0000,-0.8204,-1.2896,-3.8617,0.017,4563,-0.0995,-0.0096,0.4254,0,0,0.267
2.103,0,0,1,-1.2333,-1.2333,-0.8170,-1.2508,-7.4859,0.0000,0.0000,0.0000,-0.8453,-1.2912,-2.5375,0.046,4567,-0.0996,-0.0091,0.4167,0,0,0.282
2.205,0,0,1,-1.2333,-1.2333,-0.8279,-1.2519,-7.2755,0.0000,0.0000,0.0000,-0.8451,-1.2924,-3.7105,0.003,4573,-0.0996,-0.0088,0.4059,0,0,0.258
2.306,0,0,1,-1.2333,-1.2333,-0.8384,-1.2531,-7.5384,0.0000,0.0000,0.0000,-0.8755,-1.2884,-1.8924,0.011,4577,-0.0996,-0.0084,0.3954,0,0,0.236
2.402,0,0,1,-1.2333,-1.2333,-0.8495,-1.2544,-7.6265,0.0000,0.0000,0.0000,-0.8644,-1.2554,-2.9904,0.014,4582,-0.0997,-0.0079,0.3844,0,0,0.275
2.508,0,0,1,-1.2333,-1.2333,-0.8609,-1.2552,-7.3289,0.0000,0.0000,0.0000,-0.9001,-1.2812,-1.6394,0.013,4586,-0.0997,-0.0075,0.3731,0,0,0.253
2.602,0,0,1,-1.2333,-1.2333,-0.8703,-1.2560,-7.1984,0.0000,0.0000,0.0000,-0.8300,-1.2990,-5.0410,0.017,4591,-0.0997,-0.0071,0.3637,0,0,0.222
2.704,0,0,1,-1.2333,-1.2333,-0.8805,-1.2560,-7.5711,0.0000,0.0000,0.0000,-0.8957,-1.2575,-2.6383,0.044,4594,-0.0998,-0.0069,0.3536,0,0,0.201
2.802,0,0,1,-1.2333,-1.2333,-0.8916,-1.2562,-7.6218,0.0000,0.0000,0.0000,-0.9147,-1.2581,-3.3695,0.019,4599,-0.0998,-0.0067,0.3425,0,0,0.203
2.905,0,0,1,-1.2333,-1.2333,-0.9021,-1.2561,-7.3993,0.0000,0.0000,0.0000,-0.9307,-1.2578,-2.2823,0.002,4603,-0.0998,-0.0065,0.3320,0,0,0.202
3.003,0,0,1,-1.2333,-1.2333,-0.9125,-1.2560,-7.3468,0.0000,0.0000,0.0000,-0.9220,-1.2591,-2.7334,0.025,4606,-0.0998,-0.0063,0.3216,0,0,0.219
3.103,0,0,1,-1.2333,-1.2333,-0.9225,-1.2552,-7.8104,0.0000,0.0000,0.0000,-0.9378,-1.2564,-2.8277,0.054,4607,-0.0924,-0.0138,0.3116,0,0,0.179
3.203,0,0,1,-1.2333,-1.2333,-0.9322,-1.2562,-7.7246,0.0000,0.0000,0.0000,-0.9455,-1.2615,-3.2844,0.025,4611,-0.0885,-0.0171,0.3020,0,0,0.168
3.302,0,0,1,-1.2333,-1.2333,-0.9411,-1.2571,-7.6376,0.0000,0.0000,0.0000,-0.9607,-1.2578,-3.3597,0.051,4613,-0.0924,-0.0127,0.2932,0,0,0.179
3.403,0,0,1,-1.2333,-1.2333,-0.9605,-1.2528,-7.7219,0.0000,0.0000,0.0000,-0.9467,-1.2967,-4.2737,0.023,4616,-0.0899,-0.0161,0.2735,0,0,0.182
3.505,0,0,1,-1.2333,-1.2333,-0.9790,-1.2485,-8.0331,0.0000,0.0000,0.0000,-1.8543,-0.8224,-18.8944,0.010,4619,-0.0997,-0.0404,0.2548,0,0,0.136
3.603,0,0,1,-1.2333,-1.2333,-1.0089,-1.2390,-8.2534,0.0000,0.0000,0.0000,-1.8529,-0.8271,-18.6873,0.031,4620,-0.0868,0.0197,0.2245,0,0,0.134
3.707,0,0,1,-1.2333,-1.2333,-1.0271,-1.2311,-8.3638,0.0000,0.0000,0.0000,-1.5956,-1.1098,-12.8953,0.002,4622,-0.0831,0.0241,0.2062,0,0,0.117
3.802,0,0,1,-1.2333,-1.2333,-1.0387,-1.2313,-7.9681,0.0000,0.0000,0.0000,-0.8230,-1.5440,-0.3118,0.021,4624,-0.0831,0.0240,0.1947,0,0,0.117
3.905,0,0,1,-1.2333,-1.2333,-1.0434,-1.2326,-7.8944,0.0000,0.0000,0.0000,-0.8156,-1.5461,0.1492,0.034,4626,-0.0832,0.0246,0.1900,0,0,0.117
4.002,0,0,1,-1.2333,-1.2333,-1.0673,-1.2231,-8.1556,0.0000,0.0000,0.0000,-1.7682,-0.8781,-16.3422,0.013,4632,-0.0870,0.0074,0.1663,0,0,0.142
4.103,0,0,1,-1.2333,-1.2333,-1.0833,-1.2183,-8.2778,0.0000,0.0000,0.0000,-1.5333,-1.1363,-11.3641,0.007,4635,-0.0929,-0.0338,0.1507,0,0,0.177
4.202,0,0,1,-1.2333,-1.2333,-1.1046,-1.2180,-8.2073,0.0000,0.0000,0.0000,-1.0456,-1.2605,-2.5093,0.026,4639,-0.0810,-0.0633,0.1297,0,0,0.117
4.304,0,0,1,-1.2333,-1.2333,-1.1164,-1.2233,-7.9263,0.0000,0.0000,0.0000,-1.0256,-1.3004,-3.3158,0.048,4642,-0.0785,-0.0521,0.1173,0,0,0.127
4.404,0,0,1,-1.2333,-1.2333,-1.1282,-1.2283,-8.0766,0.0000,0.0000,0.0000,-1.0594,-1.2726,-2.0388,0.024,4646,-0.0829,0.0198,0.1053,0,0,0.117
4.505,0,0,1,-1.2333,-1.2333,-1.1416,-1.2256,-7.9694,0.0000,0.0000,0.0000,-1.7591,-0.9766,-14.6407,0.004,4650,-0.0719,0.0146,0.0921,0,0,0.117
4.605,0,0,1,-1.2333,-1.2333,-1.1492,-1.2280,-7.6573,0.0000,0.0000,0.0000,-1.0541,-1.3094,-3.0324,0.018,4655,-0.0662,0.0148,0.0843,0,0,0.117
4.706,0,0,1,-1.2333,-1.2333,-1.1597,-1.2248,-7.6627,0.0000,0.0000,0.0000,-1.7275,-1.0249,-13.3714,0.012,4658,-0.0575,0.0100,0.0741,0,0,0.117
4.802,0,0,1,-1.2333,-1.2333,-1.1692,-1.2233,-7.5442,0.0000,0.0000,0.0000,-1.0886,-1.2758,-1.6301,0.024,4661,0.0000,0.0000,0.0649,0,0,0.117
4.906,0,0,1,-1.2333,-1.2333,-1.1733,-1.2232,-7.6176,0.0000,0.0000,0.0000,-1.6915,-1.0644,-12.3490,0.009,4665,0.0000,0.0000,0.0608,0,0,0.117
5.005,0,0,1,-1.2333,-1.2333,-1.1734,-1.2275,-7.5125,0.0000,0.0000,0.0000,-1.0949,-1.2697,-1.3481,0.002,4670,0.0000,0.0000,0.0602,0,0,0.117
5.102,0,0,1,-1.2333,-1.2333,-1.1678,-1.2331,-7.3598,0.0000,0.0000,0.0000,-1.0949,-1.2697,-1.3487,0.030,4673,0.0000,0.0000,0.0655,0,0,0.117
5.203,0,0,1,-1.2333,-1.2333,-1.1589,-1.2424,-7.0960,0.0000,0.0000,0.0000,-0.9378,-1.5065,-0.0552,0.008,4679,0.0000,0.0000,0.0750,0,0,0.117
5.302,0,0,1,-1.2333,-1.2333,-1.1570,-1.2441,-7.0714,0.0000,0.0000,0.0000,-1.0696,-1.3045,-2.6406,0.048,4682,0.0000,0.0000,0.0771,0,0,0.117
5.403,0,0,1,-1.2333,-1.2333,-1.1492,-1.2520,-6.8430,0.0000,0.0000,0.0000,-1.0696,-1.3045,-2.6406,0.014,4688,0.0000,0.0000,0.0862,0,0,0.117
5.504,0,0,1,-1.2333,-1.2333,-1.1455,-1.2557,-6.7868,0.0000,0.0000,0.0000,-1.5560,-1.1318,-10.2150,0.002,4692,0.0000,0.0000,0.0907,0,0,0.122
5.603,0,0,1,-1.2333,-1.2333,-1.1448,-1.2587,-6.6935,0.0000,0.0000,0.0000,-1.0696,-1.3045,-2.6406,0.009,4697,0.0000,0.0000,0.0921,0,0,0.117
5.704,0,0,1,-1.2333,-1.2333,-1.1412,-1.2622,-6.6404,0.0000,0.0000,0.0000,-0.9430,-1.5018,-0.1553,0.003,4701,0.0000,0.0000,0.0966,0,0,0.117
5.807,0,0,1,-1.2333,-1.2333,-1.1343,-1.2688,-6.4553,0.0000,0.0000,0.0000,-1.0696,-1.3045,-2.6391,0.021,4706,0.0000,0.0000,0.1052,1,1,0.117
5.908,0,0,1,-1.2333,-1.2333,-1.1317,-1.2715,-6.4524,0.0000,0.0000,0.0000,-0.9428,-1.5020,-0.1544,0.009,4709,0.0000,0.0000,0.1086,1,1,0.117
6.002,0,0,1,-1.2333,-1.2333,-1.1260,-1.2772,-6.3094,0.0000,0.0000,0.0000,-1.0950,-1.2697,-1.3500,0.022,4713,0.0000,0.0000,0.1159,1,1,0.117
6.104,0,0,1,-1.2333,-1.2333,-1.1230,-1.2801,-6.2722,0.0000,0.0000,0.0000,-1.0950,-1.2698,-1.3488,0.054,4716,0.0000,0.0000,0.1199,1,1,0.117
6.202,0,0,1,-1.2333,-1.2333,-1.1175,-1.2857,-6.1514,0.0000,0.0000,0.0000,-1.0697,-1.3104,-2.4285,0.028,4721,0.0000,0.0000,0.1271,1,1,0.117
6.306,0,0,1,-1.2333,-1.2333,-1.1150,-1.2878,-6.1095,0.0000,0.0000,0.0000,-0.9424,-1.5022,-0.1344,0.003,4725,0.0000,0.0000,0.1302,1,1,0.151
6.402,0,0,1,-1.2333,-1.2333,-1.1109,-1.2925,-6.0607,0.0000,0.0000,0.0000,-1.0951,-1.2697,-1.3522,0.005,4728,0.0000,0.0000,0.1360,1,1,0.164
6.503,0,0,1,-1.2333,-1.2333,-1.1149,-1.2906,-6.0873,0.0000,0.0000,0.0000,-1.0951,-1.2698,-1.3469,0.049,4731,0.0000,0.0000,0.1315,1,1,0.160
6.603,0,0,1,-1.2333,-1.2333,-1.1235,-1.2870,-6.1562,0.0000,0.0000,0.0000,-1.5445,-1.1422,-9.9935,0.009,4736,0.0000,0.0000,0.1223,1,1,0.147
6.704,0,0,1,-1.2333,-1.2333,-1.1281,-1.2852,-6.2510,0.0000,0.0000,0.0000,-1.5445,-1.1421,-9.9959,0.021,4738,0.0000,0.0000,0.1173,1,1,0.142
6.804,0,0,1,-1.2333,-1.2333,-1.1295,-1.2858,-6.2173,0.0000,0.0000,0.0000,-1.5515,-1.1364,-10.1137,0.014,4743,0.0000,0.0000,0.1163,1,1,0.130
6.907,0,0,1,-1.2333,-1.2333,-1.1293,-1.2856,-6.2596,0.0000,0.0000,0.0000,-1.5495,-1.1374,-10.0898,0.004,4746,0.0000,0.0000,0.1164,1,1,0.126
7.002,0,0,1,-1.2333,-1.2333,-1.1365,-1.2825,-6.2848,0.0000,0.0000,0.0000,-1.0695,-1.3106,-2.4209,0.013,4751,0.0000,0.0000,0.1086,1,1,0.122
7.105,0,0,1,-1.2333,-1.2333,-1.1354,-1.2827,-6.2924,0.0000,0.0000,0.0000,-1.5451,-1.1410,-10.0155,0.003,4755,0.0000,0.0000,0.1096,1,1,0.132
7.202,0,0,1,-1.2333,-1.2333,-1.1392,-1.2808,-6.3299,0.0000,0.0000,0.0000,-1.0951,-1.2698,-1.3477,0.022,4758,0.0000,0.0000,0.1054,1,1,0.135
7.309,0,0,1,-1.2333,-1.2333,-1.1366,-1.2831,-6.3348,0.0000,0.0000,0.0000,-1.5481,-1.1402,-10.0463,0.002,4761,0.0000,0.0000,0.1088,1,1,0.129
7.403,0,0,1,-1.2333,-1.2333,-1.1442,-1.2799,-6.3837,0.0000,0.0000,0.0000,-1.0951,-1.2698,-1.3486,0.020,4765,0.0000,0.0000,0.1006,1,1,0.126
7.504,0,0,1,-1.2333,-1.2333,-1.1483,-1.2782,-6.4743,0.0000,0.0000,0.0000,-1.6645,-1.0697,-11.9573,0.003,4768,0.0000,0.0000,0.0961,1,1,0.127
7.602,0,0,1,-1.2333,-1.2333,-1.1576,-1.2739,-6.5744,0.0000,0.0000,0.0000,-1.0951,-1.2699,-1.3480,0.010,4771,0.0000,0.0000,0.0860,1,1,0.134
7.707,0,0,1,-1.2333,-1.2333,-1.1604,-1.2727,-6.6205,0.0000,0.0000,0.0000,-1.5485,-1.1382,-10.0754,0.008,4775,0.0000,0.0000,0.0829,1,1,0.128
7.802,0,0,1,-1.2333,-1.2333,-1.1656,-1.2705,-6.6225,0.0000,0.0000,0.0000,-1.0951,-1.2699,-1.3475,0.010,4780,0.0000,0.0000,0.0773,1,1,0.135
7.903,0,0,1,-1.2333,-1.2333,-1.1681,-1.2694,-6.6698,0.0000,0.0000,0.0000,-1.5485,-1.1382,-10.0750,0.047,4783,0.0000,0.0000,0.0745,1,1,0.138
8.003,0,0,1,-1.2333,-1.2333,-1.1708,-1.2679,-6.7100,0.0000,0.0000,0.0000,-1.0951,-1.2699,-1.3469,0.023,4786,0.0000,0.0000,0.0714,1,1,0.126
8.104,0,0,1,-1.2333,-1.2333,-1.1660,-1.2712,-6.6509,0.0000,0.0000,0.0000,-0.9567,-1.4889,-0.4224,0.028,4790,0.0000,0.0000,0.0772,1,1,0.129
8.203,0,0,1,-1.2333,-1.2333,-1.1688,-1.2693,-6.6568,0.0000,0.0000,0.0000,-1.1434,-1.2876,-4.2581,0.012,4795,0.0000,0.0000,0.0739,1,1,0.135
8.302,0,0,1,-1.2333,-1.2333,-1.1665,-1.2700,-6.6532,0.0000,0.0000,0.0000,-1.6749,-1.0445,-12.3018,0.007,4799,0.0000,0.0000,0.0762,1,1,0.127
8.403,0,0,1,-1.2333,-1.2333,-1.1668,-1.2706,-6.6229,0.0000,0.0000,0.0000,-1.0693,-1.3098,-2.4520,0.009,4803,0.0000,0.0000,0.0763,1,1,0.122
8.508,0,0,1,-1.2333,-1.2333,-1.1703,-1.2692,-6.7042,0.0000,0.0000,0.0000,-1.5429,-1.1443,-9.9575,0.003,4806,0.0000,0.0000,0.0725,1,1,0.134
8.603,0,0,1,-1.2333,-1.2333,-1.1771,-1.2663,-6.7684,0.0000,0.0000,0.0000,-1.0951,-1.2699,-1.3470,0.027,4809,0.0000,0.0000,0.0652,1,1,0.133
8.705,0,0,1,-1.2333,-1.2333,-1.1791,-1.2655,-6.8135,0.0000,0.0000,0.0000,-1.5437,-1.1439,-9.9780,0.003,4813,0.0000,0.0000,0.0630,1,1,0.121
8.802,0,0,1,-1.2333,-1.2333,-1.1856,-1.2628,-6.8781,0.0000,0.0000,0.0000,-1.0951,-1.2699,-1.3490,0.018,4816,0.0000,0.0000,0.0561,1,1,0.127
8.906,0,0,1,-1.2333,-1.2333,-1.1873,-1.2620,-6.9191,0.0000,0.0000,0.0000,-1.5431,-1.1424,-9.9799,0.008,4820,0.0000,0.0000,0.0542,1,1,0.132
9.002,0,0,1,-1.2333,-1.2333,-1.1885,-1.2616,-6.9390,0.0000,0.0000,0.0000,-1.0951,-1.2698,-1.3512,0.002,4824,0.0000,0.0000,0.0530,1,1,0.133
9.104,0,0,1,-1.2333,-1.2333,-1.1857,-1.2621,-6.9162,0.0000,0.0000,0.0000,-1.0951,-1.2698,-1.3509,0.028,4826,0.0000,0.0000,0.0556,1,1,0.129
9.203,0,0,1,-1.2333,-1.2333,-1.1846,-1.2624,-6.8479,0.0000,0.0000,0.0000,-1.0951,-1.2699,-1.3483,0.010,4832,0.0000,0.0000,0.0568,1,1,0.130
9.302,0,0,1,-1.2333,-1.2333,-1.1864,-1.2616,-6.8771,0.0000,0.0000,0.0000,-1.0695,-1.3113,-2.3975,0.041,4835,0.0000,0.0000,0.0548,1,1,0.130
9.405,0,0,1,-1.2333,-1.2333,-1.1803,-1.2650,-6.7977,0.0000,0.0000,0.0000,-1.5415,-1.1451,-9.9336,0.003,4840,0.0000,0.0000,0.0617,1,1,0.132
9.506,0,0,1,-1.2333,-1.2333,-1.1830,-1.2640,-6.8539,0.0000,0.0000,0.0000,-1.1388,-1.2925,-4.1663,0.050,4842,0.0000,0.0000,0.0590,1,1,0.126
9.603,0,0,1,-1.2333,-1.2333,-1.1909,-1.2602,-6.9373,0.0000,0.0000,0.0000,-1.0951,-1.2699,-1.3498,0.025,4846,0.0000,0.0000,0.0502,1,1,0.134
9.702,0,0,1,-1.2333,-1.2333,-1.1924,-1.2595,-6.9759,0.0000,0.0000,0.0000,-1.5474,-1.1394,-10.0535,0.002,4850,0.0000,0.0000,0.0485,1,1,0.126
9.803,0,0,1,-1.2333,-1.2333,-1.1969,-1.2576,-6.9948,0.0000,0.0000,0.0000,-1.0951,-1.2699,-1.3498,0.029,4854,0.0000,0.0000,0.0437,1,1,0.140
9.905,0,0,1,-1.2333,-1.2333,-1.1968,-1.2576,-6.9939,0.0000,0.0000,0.0000,-1.5473,-1.1394,-10.0491,0.011,4859,0.0000,0.0000,0.0438,1,1,0.128
10.003,0,0,1,-1.2333,-1.2333,-1.1964,-1.2575,-6.9607,0.0000,0.0000,0.0000,-1.0952,-1.2700,-1.3470,0.021,4863,0.0000,0.0000,0.0442,1,1,0.129
10.105,0,0,1,-1.2333,-1.2333,-1.1992,-1.2560,-7.0197,0.0000,0.0000,0.0000,-1.5490,-1.1374,-10.0876,0.006,4867,0.0000,0.0000,0.0409,1,1,0.129
10.202,0,0,1,-1.2333,-1.2333,-1.2018,-1.2549,-7.0002,0.0000,0.0000,0.0000,-1.0952,-1.2699,-1.3498,0.015,4872,0.0000,0.0000,0.0382,1,1,0.137
10.303,0,0,1,-1.2333,-1.2333,-1.1984,-1.2561,-6.9896,0.0000,0.0000,0.0000,-1.0952,-1.2699,-1.3507,0.042,4875,0.0000,0.0000,0.0417,1,1,0.132
10.403,0,0,1,-1.2333,-1.2333,-1.2038,-1.2540,-7.0625,0.0000,0.0000,0.0000,-1.0952,-1.2700,-1.3490,0.005,4880,0.0000,0.0000,0.0361,1,1,0.128
10.505,0,0,1,-1.2333,-1.2333,-1.2038,-1.2537,-7.0531,0.0000,0.0000,0.0000,-1.0952,-1.2700,-1.3489,0.052,4883,0.0000,0.0000,0.0359,1,1,0.126
10.602,0,0,1,-1.2333,-1.2333,-1.2008,-1.2562,-6.9856,0.0000,0.0000,0.0000,-1.5422,-1.1450,-9.9468,0.011,4888,0.0000,0.0000,0.0398,1,1,0.122
10.704,0,0,1,-1.2333,-1.2333,-1.2035,-1.2551,-7.0627,0.0000,0.0000,0.0000,-1.5421,-1.1453,-9.9334,0.026,4890,0.0000,0.0000,0.0369,1,1,0.127
10.802,0,0,1,-1.2333,-1.2333,-1.2034,-1.2548,-7.0503,0.0000,0.0000,0.0000,-1.0952,-1.2699,-1.3505,0.022,4894,0.0000,0.0000,0.0368,1,1,0.436
10.904,0,0,1,-1.2333,-1.2333,-1.2099,-1.2524,-7.1560,0.0000,0.0000,0.0000,-1.5421,-1.1450,-9.9395,0.051,4897,0.0000,0.0000,0.0302,1,1,0.125
11.003,0,0,1,-1.2333,-1.2333,-1.2132,-1.2511,-7.1662,0.0000,0.0000,0.0000,-1.0952,-1.2700,-1.3501,0.028,4902,0.0000,0.0000,0.0268,1,1,0.132
11.102,0,0,1,-1.2333,-1.2333,-1.2140,-1.2508,-7.1967,0.0000,0.0000,0.0000,-1.5424,-1.1449,-9.9421,0.006,4906,0.0000,0.0000,0.0261,1,1,0.125
11.202,0,0,1,-1.2333,-1.2333,-1.2187,-1.2488,-7.2472,0.0000,0.0000,0.0000,-1.0952,-1.2700,-1.3488,0.026,4909,0.0000,0.0000,0.0213,1,1,0.125
11.306,0,0,1,-1.2333,-1.2333,-1.2089,-1.2572,-7.1271,0.0000,0.0000,0.0000,-1.0456,-1.3035,-4.6359,0.004,4913,0.0000,0.0000,0.0342,1,1,0.128
11.402,0,0,1,-1.2333,-1.2333,-1.2045,-1.2619,-7.0230,0.0000,0.0000,0.0000,-1.0952,-1.2699,-1.3530,0.014,4918,0.0000,0.0000,0.0406,1,1,0.121
11.506,0,0,1,-1.2333,-1.2333,-1.2033,-1.2620,-7.0719,0.0000,0.0000,0.0000,-1.0951,-1.2700,-1.3505,0.064,4919,0.0000,0.0000,0.0415,1,1,0.131
11.603,0,0,1,-1.2333,-1.2333,-1.1992,-1.2628,-7.0307,0.0000,0.0000,0.0000,-1.0952,-1.2700,-1.3491,0.025,4922,0.0000,0.0000,0.0451,1,1,0.127
11.705,0,0,1,-1.2333,-1.2333,-1.1946,-1.2637,-7.0448,0.0000,0.0000,0.0000,-1.0593,-1.2979,-4.7406,0.011,4925,0.0000,0.0000,0.0492,1,1,0.143
11.802,0,0,1,-1.2333,-1.2333,-1.1934,-1.2638,-7.0964,0.0000,0.0000,0.0000,-1.0952,-1.2700,-1.3494,0.081,4926,0.0000,0.0000,0.0502,1,1,0.129
11.906,0,0,1,-1.2333,-1.2333,-1.1936,-1.2633,-7.0725,0.0000,0.0000,0.0000,-1.0952,-1.2700,-1.3489,0.035,4930,0.0000,0.0000,0.0498,1,1,0.124
12.002,0,0,1,-1.2333,-1.2333,-1.1891,-1.2720,-6.9256,0.0000,0.0000,0.0000,-1.6747,-1.3007,-9.8512,0.011,4935,0.0000,0.0000,0.0588,1,1,0.133
12.106,0,0,1,-1.2333,-1.2333,-1.1923,-1.2728,-6.9619,0.0000,0.0000,0.0000,-1.0952,-1.2700,-1.3505,0.048,4938,0.0000,0.0000,0.0569,1,1,0.129
12.202,0,0,1,-1.2333,-1.2333,-1.1933,-1.2713,-6.9559,0.0000,0.0000,0.0000,-1.0952,-1.2700,-1.3510,0.013,4942,0.0000,0.0000,0.0552,1,1,0.128
12.303,0,0,1,-1.2333,-1.2333,-1.1921,-1.2713,-7.0070,0.0000,0.0000,0.0000,-1.0562,-1.3011,-4.6154,0.006,4944,0.0000,0.0000,0.0560,1,1,0.130
12.402,0,0,1,-1.2333,-1.2333,-1.1881,-1.2716,-6.9860,0.0000,0.0000,0.0000,-1.0952,-1.2700,-1.3502,0.027,4946,0.0000,0.0000,0.0593,1,1,0.136
12.504,0,0,1,-1.2333,-1.2333,-1.1855,-1.2721,-6.9946,0.0000,0.0000,0.0000,-1.0952,-1.2700,-1.3511,0.062,4948,0.0000,0.0000,0.0616,1,1,0.129
12.602,0,0,1,-1.2333,-1.2333,-1.1832,-1.2720,-6.9804,0.0000,0.0000,0.0000,-1.0952,-1.2700,-1.3518,0.024,4950,0.0000,0.0000,0.0633,1,1,0.124
12.709,0,0,1,-1.2333,-1.2333,-1.1821,-1.2720,-7.0309,0.0000,0.0000,0.0000,-1.5712,-1.1321,-10.2918,0.011,4952,0.0000,0.0000,0.0642,1,1,0.121
12.802,0,0,1,-1.2333,-1.2333,-1.1898,-1.2684,-7.0858,0.0000,0.0000,0.0000,-1.0952,-1.2700,-1.3523,0.022,4955,0.0000,0.0000,0.0559,1,1,0.125
12.903,0,0,1,-1.2333,-1.2333,-1.1951,-1.2685,-7.1634,0.0000,0.0000,0.0000,-1.1428,-1.2930,-4.1489,0.002,4958,0.0000,0.0000,0.0520,1,1,0.134
13.005,0,0,1,-1.2333,-1.2333,-1.1978,-1.2690,-7.1679,0.0000,0.0000,0.0000,-1.0952,-1.2700,-1.3518,0.002,4962,0.0000,0.0000,0.0504,1,1,0.133
13.106,0,0,1,-1.2333,-1.2333,-1.1951,-1.2690,-7.1569,0.0000,0.0000,0.0000,-1.0952,-1.2700,-1.3529,0.035,4963,0.0000,0.0000,0.0523,1,1,0.125
13.203,0,0,1,-1.2333,-1.2333,-1.1893,-1.2701,-7.0562,0.0000,0.0000,0.0000,-1.0952,-1.2700,-1.3530,0.019,4967,0.0000,0.0000,0.0574,1,1,0.131
13.305,0,0,1,-1.2333,-1.2333,-1.1870,-1.2706,-7.0733,0.0000,0.0000,0.0000,-1.0952,-1.2699,-1.3539,0.053,4969,0.0000,0.0000,0.0595,1,1,0.125
13.403,0,0,1,-1.2333,-1.2333,-1.1831,-1.2711,-7.0188,0.0000,0.0000,0.0000,-1.0952,-1.2699,-1.3538,0.027,4972,0.0000,0.0000,0.0629,1,1,0.129
13.503,0,0,1,-1.2333,-1.2333,-1.1804,-1.2717,-7.0215,0.0000,0.0000,0.0000,-1.0952,-1.2700,-1.3533,0.057,4974,0.0000,0.0000,0.0654,1,1,0.124
13.603,0,0,1,-1.2333,-1.2333,-1.1749,-1.2723,-6.9673,0.0000,0.0000,0.0000,-1.0688,-1.3104,-2.4444,0.008,4979,0.0000,0.0000,0.0702,1,1,0.127
13.702,0,0,1,-1.2333,-1.2333,-1.1697,-1.2736,-6.9034,0.0000,0.0000,0.0000,-1.0688,-1.3104,-2.4456,0.040,4982,0.0000,0.0000,0.0753,1,1,0.130
13.802,0,0,1,-1.2333,-1.2333,-1.1665,-1.2740,-6.8590,0.0000,0.0000,0.0000,-1.0689,-1.3104,-2.4396,0.012,4985,0.0000,0.0000,0.0783,1,1,0.128
13.903,0,0,1,-1.2333,-1.2333,-1.1643,-1.2744,-6.8599,0.0000,0.0000,0.0000,-1.0689,-1.3104,-2.4406,0.026,4987,0.0000,0.0000,0.0804,1,1,0.129
14.004,0,0,1,-1.2333,-1.2333,-1.1625,-1.2743,-6.8490,0.0000,0.0000,0.0000,-1.0953,-1.2699,-1.3548,0.030,4989,0.0000,0.0000,0.0819,1,1,0.136
14.102,0,0,1,-1.2333,-1.2333,-1.1603,-1.2747,-6.8589,0.0000,0.0000,0.0000,-1.0953,-1.2699,-1.3551,0.052,4991,0.0000,0.0000,0.0839,1,1,0.123
14.202,0,0,1,-1.2333,-1.2333,-1.1574,-1.2751,-6.7978,0.0000,0.0000,0.0000,-1.0953,-1.2699,-1.3552,0.019,4994,0.0000,0.0000,0.0867,1,1,0.133
14.303,0,0,1,-1.2333,-1.2333,-1.1565,-1.2750,-6.8455,0.0000,0.0000,0.0000,-1.0953,-1.2700,-1.3535,0.061,4995,0.0000,0.0000,0.0874,1,1,0.127
14.404,0,0,1,-1.2333,-1.2333,-1.1557,-1.2750,-6.8951,0.0000,0.0000,0.0000,-1.0953,-1.2700,-1.3533,0.009,4997,0.0000,0.0000,0.0881,1,1,0.135
14.505,0,0,1,-1.2333,-1.2333,-1.1540,-1.2748,-6.8815,0.0000,0.0000,0.0000,-1.0953,-1.2700,-1.3530,0.053,4998,0.0000,0.0000,0.0895,1,1,0.134
14.602,0,0,1,-1.2333,-1.2333,-1.1512,-1.2752,-6.8290,0.0000,0.0000,0.0000,-1.0953,-1.2701,-1.3511,0.010,5001,0.0000,0.0000,0.0922,1,1,0.136
14.704,0,0,1,-1.2333,-1.2333,-1.1492,-1.2756,-6.8210,0.0000,0.0000,0.0000,-1.0953,-1.2700,-1.3528,0.056,5003,0.0000,0.0000,0.0941,1,1,0.118
14.803,0,0,1,-1.2333,-1.2333,-1.1444,-1.2773,-6.6763,0.0000,0.0000,0.0000,-1.1135,-1.3053,-5.0174,0.012,5009,0.0000,0.0000,0.0992,1,1,0.123
14.904,0,0,1,-1.2333,-1.2333,-1.1423,-1.2780,-6.6634,0.0000,0.0000,0.0000,-1.1135,-1.3053,-5.0174,0.008,5013,0.0000,0.0000,0.1014,1,1,0.127
15.002,0,0,1,-1.2333,-1.2333,-1.1407,-1.2781,-6.6444,0.0000,0.0000,0.0000,-1.0953,-1.2700,-1.3538,0.029,5015,0.0000,0.0000,0.1029,1,1,0.136
15.103,0,0,1,-1.2333,-1.2333,-1.1391,-1.2785,-6.6493,0.0000,0.0000,0.0000,-1.0695,-1.3094,-2.4686,0.049,5017,0.0000,0.0000,0.1045,1,1,0.135
15.202,0,0,1,-1.2333,-1.2333,-1.1351,-1.2790,-6.5700,0.0000,0.0000,0.0000,-1.0695,-1.3093,-2.4697,0.008,5023,0.0000,0.0000,0.1083,1,1,0.133
15.303,0,0,1,-1.2333,-1.2333,-1.1319,-1.2798,-6.5251,0.0000,0.0000,0.0000,-1.0695,-1.3093,-2.4690,0.053,5026,0.0000,0.0000,0.1115,1,1,0.132
15.403,0,0,1,-1.2333,-1.2333,-1.1302,-1.2799,-6.4899,0.0000,0.0000,0.0000,-1.0953,-1.2700,-1.3532,0.025,5029,0.0000,0.0000,0.1132,1,1,0.125
15.503,0,0,1,-1.2333,-1.2333,-1.1297,-1.2798,-6.5420,0.0000,0.0000,0.0000,-1.0953,-1.2699,-1.3575,0.060,5030,0.0000,0.0000,0.1135,1,1,0.128
15.603,0,0,1,-1.2333,-1.2333,-1.1280,-1.2799,-6.4989,0.0000,0.0000,0.0000,-1.0953,-1.2699,-1.3577,0.020,5033,0.0000,0.0000,0.1151,1,1,0.127
15.704,0,0,1,-1.2333,-1.2333,-1.1268,-1.2802,-6.5086,0.0000,0.0000,0.0000,-1.0953,-1.2700,-1.3556,0.054,5035,0.0000,0.0000,0.1164,1,1,0.123
15.803,0,0,1,-1.2333,-1.2333,-1.1249,-1.2808,-6.4805,0.0000,0.0000,0.0000,-1.0953,-1.2700,-1.3559,0.002,5039,0.0000,0.0000,0.1184,1,1,0.131
15.905,0,0,1,-1.2333,-1.2333,-1.1233,-1.2809,-6.4394,0.0000,0.0000,0.0000,-1.0953,-1.2700,-1.3560,0.044,5041,0.0000,0.0000,0.1199,1,1,0.137
16.002,0,0,1,-1.2333,-1.2333,-1.1219,-1.2810,-6.3991,0.0000,0.0000,0.0000,-1.0953,-1.2700,-1.3557,0.020,5044,0.0000,0.0000,0.1213,1,1,0.130
16.104,0,0,1,-1.2333,-1.2333,-1.1215,-1.2809,-6.4499,0.0000,0.0000,0.0000,-1.0953,-1.2700,-1.3560,0.052,5045,0.0000,0.0000,0.1215,1,1,0.127
16.205,0,0,1,-1.2333,-1.2333,-1.1194,-1.2814,-6.3666,0.0000,0.0000,0.0000,-1.0953,-1.2700,-1.3552,0.022,5049,0.0000,0.0000,0.1237,1,1,0.134
16.303,0,0,1,-1.2333,-1.2333,-1.1173,-1.2823,-6.3382,0.0000,0.0000,0.0000,-1.1010,-1.3066,-4.1067,0.049,5053,0.0000,0.0000,0.1259,1,1,0.136
16.405,0,0,1,-1.2333,-1.2333,-1.1162,-1.2828,-6.2801,0.0000,0.0000,0.0000,-1.0690,-1.3116,-2.3934,0.002,5059,0.0000,0.0000,0.1271,1,1,0.131
16.504,0,0,1,-1.2333,-1.2333,-1.1148,-1.2834,-6.2599,0.0000,0.0000,0.0000,-1.0691,-1.3115,-2.3955,0.027,5061,0.0000,0.0000,0.1287,1,1,0.128
16.606,0,0,1,-1.2333,-1.2333,-1.1137,-1.2834,-6.2337,0.0000,0.0000,0.0000,-1.0953,-1.2700,-1.3557,0.031,5064,0.0000,0.0000,0.1297,1,1,0.129
16.706,0,0,1,-1.2333,-1.2333,-1.1127,-1.2834,-6.2653,0.0000,0.0000,0.0000,-1.0593,-1.2984,-4.7322,0.009,5067,0.0000,0.0000,0.1306,1,1,0.130
16.803,0,0,1,-1.2333,-1.2333,-1.1109,-1.2834,-6.2436,0.0000,0.0000,0.0000,-1.0953,-1.2700,-1.3552,0.027,5070,0.0000,0.0000,0.1323,1,1,0.126
16.907,0,1,0,-1.2333,-1.2333,-1.1107,-1.2833,-6.2976,0.0000,0.0000,0.0000,-1.0955,-1.3129,-3.9986,0.007,5072,0.0000,0.0000,0.1324,1,1,0.135
17.002,0,1,0,-1.2333,-1.2333,-1.1099,-1.2836,-6.1988,0.0000,0.0000,0.0000,-1.0953,-1.2700,-1.3563,0.026,5077,-0.0968,-0.0100,0.1333,1,1,0.130
17.103,0,1,0,-1.2333,-1.2333,-1.1179,-1.2831,-6.5875,0.0000,0.0000,0.0000,-1.0992,-1.3080,-4.0523,0.010,5081,-0.0963,-0.0140,0.1257,1,1,0.118
17.203,0,1,0,-1.2333,-1.2333,-1.1254,-1.2830,-6.8222,0.0000,0.0000,0.0000,-1.1032,-1.2659,-2.0231,0.011,5085,-0.0909,0.0012,0.1188,1,1,0.144
17.306,0,1,0,-1.2333,-1.2333,-1.1331,-1.2823,-6.8869,0.0000,0.0000,0.0000,-1.1055,-1.2711,-2.1631,0.060,5087,-0.0847,-0.0053,0.1116,1,1,0.123
17.402,0,1,0,-1.2333,-1.2333,-1.1394,-1.2823,-7.0806,0.0000,0.0000,0.0000,-1.0757,-1.2927,-5.6412,0.012,5091,-0.0797,-0.0034,0.1060,1,1,0.124
17.503,0,1,0,-1.2333,-1.2333,-1.1465,-1.2819,-7.1674,0.0000,0.0000,0.0000,-1.1192,-1.3038,-5.2822,0.042,5093,-0.0740,-0.0022,0.0995,1,1,0.121
17.603,0,1,0,-1.2333,-1.2333,-1.1525,-1.2817,-7.4133,0.0000,0.0000,0.0000,-1.1084,-1.3052,-3.8767,0.020,5097,-0.0693,-0.0015,0.0942,1,1,0.117
17.703,0,1,0,-1.2333,-1.2333,-1.1585,-1.2812,-7.4104,0.0000,0.0000,0.0000,-1.1139,-1.3067,-4.1720,0.041,5099,-0.0644,0.0005,0.0888,1,1,0.117
17.803,0,1,0,-1.2333,-1.2333,-1.1640,-1.2810,-6.9235,0.0000,0.0000,0.0000,-1.1230,-1.3062,-4.0621,0.022,5102,-0.0601,0.0024,0.0841,1,1,0.117
17.903,0,1,0,-1.2333,-1.2333,-1.1692,-1.2804,-6.4212,0.0000,0.0000,0.0000,-1.1262,-1.3084,-3.3059,0.048,5104,-0.0559,0.0041,0.0796,1,1,0.117
18.007,0,1,1,-1.2333,-0.6167,-1.1732,-1.2801,-5.7356,0.0000,0.0000,0.0000,-1.1294,-1.3026,-2.3780,0.021,5108,-0.0222,0.0560,0.6661,1,1,0.117
18.104,0,1,1,-1.2333,-0.6167,-1.1756,-1.2766,-5.5643,0.0000,0.0000,0.0000,-1.1640,-1.2716,-0.8255,0.056,5110,-0.0219,0.0561,0.6624,1,1,0.117
18.203,0,1,1,-1.2333,-0.6167,-1.1766,-1.2711,-6.1649,0.0000,0.0000,0.0000,-1.1619,-1.2670,-0.5039,0.028,5113,-0.0218,0.0561,0.6569,1,1,0.117
18.303,0,1,1,-1.2333,-0.6167,-1.1775,-1.2658,-8.1559,0.0000,0.0000,0.0000,-1.1345,-1.2993,-1.9969,0.068,5114,-0.0218,0.0606,0.6515,1,1,0.141
18.403,0,1,1,-1.2333,-0.6167,-1.1784,-1.2594,-8.0866,0.0000,0.0000,0.0000,-1.1761,-1.2501,-3.5390,0.024,5117,-0.0217,0.0876,0.6451,1,1,0.180
18.505,0,1,1,-1.2333,-0.6167,-1.1788,-1.2517,-8.0534,0.0000,0.0000,0.0000,-1.1734,-1.2714,-6.1448,0.010,5121,-0.0218,0.0931,0.6374,1,1,0.194
18.603,0,1,1,-1.2333,-0.6167,-1.1788,-1.2441,-8.0856,0.0000,0.0000,0.0000,-1.1722,-1.2364,-3.3984,0.002,5126,-0.0377,0.1359,0.6298,1,1,0.117
18.702,0,1,1,-1.2333,-0.6167,-1.1799,-1.2337,-8.0125,0.0000,0.0000,0.0000,-1.1772,-1.2294,-3.5632,0.040,5128,-0.0280,0.1124,0.6193,1,1,0.168
18.803,0,1,1,-1.2333,-0.6167,-1.1804,-1.2221,-7.9113,0.0000,0.0000,0.0000,-1.1497,-1.2568,-4.5496,0.015,5132,-0.0378,0.1359,0.6078,1,1,0.117
18.903,0,1,1,-1.2333,-0.6167,-1.1819,-1.2088,-7.8114,0.0000,0.0000,0.0000,-1.1752,-1.2081,-3.2758,0.053,5134,-0.0377,0.1359,0.5943,1,1,0.117
19.004,0,1,1,-1.2333,-0.6167,-1.1812,-1.1988,-7.9522,0.0000,0.0000,0.0000,-1.1836,-1.1882,-3.3636,0.009,5140,-0.0380,0.1359,0.5844,1,1,0.117
19.103,0,1,1,-1.2333,-0.6167,-1.1815,-1.1885,-7.7220,0.0000,0.0000,0.0000,-1.1166,-1.3462,-4.3585,0.010,5144,-0.0381,0.1358,0.5742,1,1,0.117
19.203,0,1,1,-1.2333,-0.6167,-1.1821,-1.1771,-7.6900,0.0000,0.0000,0.0000,-1.1915,-1.1591,-3.3820,0.035,5148,-0.0382,0.1358,0.5627,1,1,0.117
19.304,0,1,1,-1.2333,-0.6167,-1.1818,-1.1669,-7.3399,0.0000,0.0000,0.0000,-1.0915,-1.3544,-3.0610,0.010,5153,-0.0384,0.1358,0.5527,1,1,0.117
19.403,0,1,1,-1.2333,-0.6167,-1.1825,-1.1565,-7.3969,0.0000,0.0000,0.0000,-1.1853,-1.1309,-2.8784,0.019,5158,-0.0384,0.1358,0.5422,1,1,0.117
19.506,0,1,1,-1.2333,-0.6167,-1.1834,-1.1453,-7.4291,0.0000,0.0000,0.0000,-1.0749,-1.3585,-2.2332,0.011,5162,-0.0385,0.1358,0.5310,1,1,0.117
19.603,0,1,1,-1.2333,-0.6167,-1.1834,-1.1358,-7.2449,0.0000,0.0000,0.0000,-1.1927,-1.1017,-3.1732,0.016,5167,-0.0386,0.1357,0.5215,1,1,0.117
19.704,0,1,1,-1.2333,-0.6167,-1.1840,-1.1253,-7.5914,0.0000,0.0000,0.0000,-1.0644,-1.3606,-1.7207,0.006,5170,-0.0136,0.0752,0.5110,1,1,0.157
19.804,0,1,1,-1.2333,-0.6167,-1.1827,-1.1200,-7.5499,0.0000,0.0000,0.0000,-1.1987,-1.0753,-3.5317,0.003,5175,-0.0186,0.0862,0.5058,1,1,0.176
19.903,0,1,1,-1.2333,-0.6167,-1.1815,-1.1147,-7.4083,0.0000,0.0000,0.0000,-1.0545,-1.3612,-1.2938,0.012,5179,-0.0235,0.0972,0.5007,1,1,0.214
20.002,0,1,1,-1.2333,-0.6167,-1.1817,-1.1068,-7.5401,0.0000,0.0000,0.0000,-1.2005,-1.0570,-3.4025,0.009,5184,-0.0135,0.0727,0.4928,1,1,0.147
20.102,0,1,1,-1.2333,-0.6167,-1.1811,-1.1018,-7.6076,0.0000,0.0000,0.0000,-1.1796,-1.1049,-4.0007,0.053,5186,-0.0239,0.0971,0.4879,1,1,0.218
20.203,0,1,1,-1.2333,-0.6167,-1.1806,-1.0957,-7.4004,0.0000,0.0000,0.0000,-1.0559,-1.3586,-1.4629,0.016,5192,-0.0534,0.1264,0.4819,1,1,0.117
20.304,0,1,1,-1.2333,-0.6167,-1.1829,-1.0846,-7.5333,0.0000,0.0000,0.0000,-1.1375,-1.1612,-5.0927,0.034,5195,-0.0532,0.1265,0.4706,1,1,0.117
20.403,0,1,1,-1.2333,-0.6167,-1.1846,-1.0743,-7.4832,0.0000,0.0000,0.0000,-1.1335,-1.1633,-4.8187,0.031,5198,-0.0531,0.1265,0.4603,1,1,0.117
20.503,0,1,1,-1.2333,-0.6167,-1.1870,-1.0632,-7.7018,0.0000,0.0000,0.0000,-1.1264,-1.1667,-4.3548,0.012,5202,-0.0528,0.1265,0.4489,1,1,0.117
20.602,0,1,1,-1.2333,-0.6167,-1.1899,-1.0514,-7.5496,0.0000,0.0000,0.0000,-1.1921,-1.0374,-4.5395,0.021,5205,-0.0525,0.1266,0.4369,1,1,0.117
20.705,0,1,1,-1.2333,-0.6167,-1.1927,-1.0395,-7.5734,0.0000,0.0000,0.0000,-1.1171,-1.1707,-3.7595,0.003,5208,-0.0521,0.1267,0.4248,1,1,0.117
20.802,0,1,1,-1.2333,-0.6167,-1.1947,-1.0289,-7.5564,0.0000,0.0000,0.0000,-1.1975,-1.0075,-4.3802,0.027,5211,-0.0519,0.1268,0.4141,1,1,0.117
20.904,0,1,1,-1.2333,-0.6167,-1.1964,-1.0185,-7.6204,0.0000,0.0000,0.0000,-1.1063,-1.1754,-3.0274,0.011,5214,-0.0517,0.1268,0.4035,1,1,0.117
21.003,0,1,1,-1.2333,-0.6167,-1.1989,-1.0070,-7.6042,0.0000,0.0000,0.0000,-1.2034,-0.9809,-4.5246,0.019,5217,0.0045,0.0710,0.3918,1,1,0.125
21.104,0,1,1,-1.2333,-0.6167,-1.1996,-0.9956,-7.6108,0.0000,0.0000,0.0000,-1.2281,-0.9294,-3.4275,0.052,5220,0.0027,0.0728,0.3805,1,1,0.141
21.202,0,1,1,-1.2333,-0.6167,-1.1982,-0.9854,-7.7246,0.0000,0.0000,0.0000,-1.2123,-0.9478,-4.6514,0.024,5224,-0.0046,0.0794,0.3704,1,1,0.149
21.305,0,1,1,-1.2333,-0.6167,-1.1977,-0.9762,-7.7266,0.0000,0.0000,0.0000,-1.2102,-0.9464,-4.6470,0.061,5226,-0.0160,0.0902,0.3613,1,1,0.180
21.403,0,1,1,-1.2333,-0.6167,-1.1975,-0.9651,-7.8243,0.0000,0.0000,0.0000,-1.2258,-0.8994,-3.2420,0.002,5231,-0.0138,0.0877,0.3502,1,1,0.173
21.504,0,1,1,-1.2333,-0.6167,-1.1977,-0.9552,-7.7856,0.0000,0.0000,0.0000,-1.1541,-0.9329,-6.4519,0.041,5233,-0.0042,0.0777,0.3404,1,1,0.145
21.602,0,1,1,-1.2333,-0.6167,-1.1970,-0.9442,-7.7903,0.0000,0.0000,0.0000,-1.1552,-0.8847,-7.0734,0.011,5238,-0.0086,0.0815,0.3295,1,1,0.156
21.705,0,1,1,-1.2333,-0.6167,-1.1968,-0.9347,-7.8115,0.0000,0.0000,0.0000,-1.1529,-0.8860,-6.9023,0.004,5242,-0.0108,0.0832,0.3201,1,1,0.161
21.802,0,1,1,-1.2333,-0.6167,-1.1979,-0.9216,-7.7307,0.0000,0.0000,0.0000,-1.2282,-0.8187,-6.4951,0.011,5247,-0.0630,0.1128,0.3069,1,1,0.117
21.903,0,1,1,-1.2333,-0.6167,-1.2016,-0.9083,-7.7069,0.0000,0.0000,0.0000,-1.1559,-0.8410,-7.1042,0.003,5251,-0.0127,0.0858,0.2933,1,1,0.168
22.003,0,1,1,-1.2333,-0.6167,-1.2031,-0.8944,-7.7520,0.0000,0.0000,0.0000,-1.2280,-0.8447,-2.9465,0.029,5255,-0.0623,0.1130,0.2794,1,1,0.117
22.106,0,1,1,-1.2333,-0.6167,-1.2079,-0.8794,-7.8367,0.0000,0.0000,0.0000,-1.1587,-0.8392,-6.7975,0.007,5260,-0.0612,0.1132,0.2639,1,1,0.117
22.203,0,1,1,-1.2333,-0.6167,-1.2112,-0.8799,-7.6229,0.0000,0.0000,0.0000,-1.1601,-1.4095,4.5655,0.020,5264,-0.0599,0.1135,0.2642,1,1,0.117
22.303,0,1,1,-1.2333,-0.6167,-1.2149,-0.8755,-7.6543,0.0000,0.0000,0.0000,-1.1618,-1.4058,4.7390,0.058,5266,-0.0587,0.1138,0.2595,1,1,0.117
22.403,0,1,1,-1.2333,-0.6167,-1.2180,-0.8727,-7.4179,0.0000,0.0000,0.0000,-1.1800,-1.3675,4.1886,0.016,5271,-0.0576,0.1140,0.2565,1,1,0.117
22.506,0,1,1,-1.2333,-0.6167,-1.2214,-0.8659,-7.5617,0.0000,0.0000,0.0000,-1.1817,-0.7841,-7.0794,0.004,5274,-0.0564,0.1142,0.2495,1,1,0.117
22.602,0,1,1,-1.2333,-0.6167,-1.2244,-0.8628,-7.2897,0.0000,0.0000,0.0000,-1.2496,-0.7760,-2.8903,0.007,5279,-0.0552,0.1144,0.2463,1,1,0.117
22.703,0,1,1,-1.2333,-0.6167,-1.2279,-0.8546,-7.3873,0.0000,0.0000,0.0000,-1.1873,-0.7407,-7.4612,0.060,5281,-0.0539,0.1147,0.2380,1,1,0.117
22.803,0,1,1,-1.2333,-0.6167,-1.2311,-0.8390,-7.4892,0.0000,0.0000,0.0000,-1.1895,-0.7397,-7.4608,0.023,5284,-0.0526,0.1149,0.2224,1,1,0.117
22.903,0,1,1,-1.2333,-0.6167,-1.2342,-0.8259,-7.5514,0.0000,0.0000,0.0000,-1.1940,-0.7377,-7.3538,0.061,5285,0.0148,0.0877,0.2093,1,1,0.140
23.002,0,1,1,-1.2333,-0.6167,-1.2334,-0.8151,-7.9429,0.0000,0.0000,0.0000,-1.1985,-0.7325,-7.1919,0.092,5286,0.0214,0.0848,0.1984,1,1,0.125
23.103,0,1,1,-1.2333,-0.6167,-1.2300,-0.8045,-8.2551,0.0000,0.0000,0.0000,-1.2022,-0.7294,-7.2060,0.042,5288,0.0099,0.0885,0.1879,1,1,0.146
23.203,0,1,1,-1.2333,-0.6167,-1.2292,-0.7919,-7.8803,0.0000,0.0000,0.0000,-1.2006,-0.7191,-7.5379,0.031,5291,0.0162,0.0856,0.1753,1,1,0.131
23.304,0,1,1,-1.2333,-0.6167,-1.2284,-0.7808,-8.0288,0.0000,0.0000,0.0000,-1.1997,-0.6647,-7.7739,0.003,5293,0.0091,0.0881,0.1642,1,1,0.145
23.402,0,1,1,-1.2333,-0.6167,-1.2256,-0.7690,-8.1533,0.0000,0.0000,0.0000,-1.2004,-0.6644,-7.7957,0.031,5294,0.0098,0.0866,0.1525,1,1,0.139
23.505,0,1,1,-1.2333,-0.6167,-1.2236,-0.7591,-7.9960,0.0000,0.0000,0.0000,-1.1996,-0.6658,-7.4577,0.004,5296,0.0076,0.0865,0.1428,1,1,0.140
23.602,0,1,1,-1.2333,-0.6167,-1.2221,-0.7470,-7.8515,0.0000,0.0000,0.0000,-1.1998,-0.6633,-7.1561,0.034,5298,0.0027,0.0875,0.1308,1,1,0.147
23.702,0,1,1,-1.2333,-0.6167,-1.2205,-0.7370,-8.1010,0.0000,0.0000,0.0000,-1.2002,-0.6585,-6.9064,0.007,5300,0.0012,0.0840,0.1210,1,1,0.146
23.803,0,1,1,-1.2333,-0.6167,-1.2189,-0.7265,-8.2226,0.0000,0.0000,0.0000,-1.1987,-0.6552,-7.1000,0.037,5301,-0.0047,0.0780,0.1108,1,1,0.155
23.903,0,1,1,-1.2333,-0.6167,-1.2181,-0.7177,-8.0047,0.0000,0.0000,0.0000,-1.1948,-0.5879,-7.9169,0.009,5303,-0.0066,0.0718,0.1022,1,1,0.117
24.003,0,1,1,-1.2333,-0.6167,-1.2199,-0.7051,-7.8260,0.0000,0.0000,0.0000,-1.2525,-0.6382,-2.2540,0.022,5307,-0.0068,0.0632,0.0895,1,1,0.160
24.104,0,1,1,-1.2333,-0.6167,-1.2225,-0.6967,-7.7926,0.0000,0.0000,0.0000,-1.3191,-0.6965,-1.7492,0.009,5310,-0.0058,0.0576,0.0808,1,1,0.162
24.203,0,1,1,-1.2333,-0.6167,-1.2240,-0.6858,-7.6885,0.0000,0.0000,0.0000,-1.2227,-0.4632,-9.4633,0.024,5314,-0.0047,0.0497,0.0698,1,1,0.161
24.305,0,1,2,-0.6167,-0.6167,-1.2242,-0.6784,-7.7683,0.0000,0.0000,0.0000,-1.3198,-0.6762,-1.7965,0.010,5317,0.1102,0.0179,0.6107,1,1,0.164
24.403,0,1,2,-0.6167,-0.6167,-1.2169,-0.6750,-7.6462,0.0000,0.0000,0.0000,-1.3212,-0.6733,-1.7376,0.042,5319,0.1112,0.0171,0.6031,1,1,0.170
24.503,0,1,2,-0.6167,-0.6167,-1.2063,-0.6685,-7.9428,0.0000,0.0000,0.0000,-1.2187,-0.4671,-9.0188,0.046,5322,0.1211,0.0122,0.5919,1,1,0.151
24.603,0,1,2,-0.6167,-0.6167,-1.1970,-0.6615,-7.7337,0.0000,0.0000,0.0000,-1.2287,-0.6136,-2.2630,0.031,5325,0.0594,0.0368,0.5820,1,1,0.117
24.702,0,1,2,-0.6167,-0.6167,-1.1915,-0.6530,-7.7634,0.0000,0.0000,0.0000,-1.2171,-0.4688,-8.8999,0.011,5328,0.0597,0.0354,0.5760,1,1,0.117
24.803,0,1,2,-0.6167,-0.6167,-1.1869,-0.6481,-7.8619,0.0000,0.0000,0.0000,-1.2138,-0.6083,-2.0500,0.031,5330,0.0599,0.0346,0.5711,1,1,0.117
24.905,0,1,2,-0.6167,-0.6167,-1.1821,-0.6433,-8.0155,0.0000,0.0000,0.0000,-1.1756,-0.4543,-9.0807,0.010,5333,0.0600,0.0339,0.5660,1,1,0.117
25.003,0,1,2,-0.6167,-0.6167,-1.1763,-0.6346,-8.0012,0.0000,0.0000,0.0000,-1.1990,-0.6019,-2.3752,0.030,5336,0.0603,0.0324,0.5599,1,1,0.117
25.103,0,1,2,-0.6167,-0.6167,-1.1704,-0.6294,-7.9929,0.0000,0.0000,0.0000,-1.1717,-0.4579,-8.7564,0.006,5339,0.0604,0.0315,0.5539,1,1,0.117
25.203,0,1,2,-0.6167,-0.6167,-1.1646,-0.6223,-8.0318,0.0000,0.0000,0.0000,-1.2175,-0.6206,-4.9512,0.029,5341,0.0606,0.0302,0.5479,1,1,0.117
25.304,0,1,2,-0.6167,-0.6167,-1.1593,-0.6179,-7.8751,0.0000,0.0000,0.0000,-1.1698,-0.4596,-8.6516,0.010,5344,0.0607,0.0294,0.5427,1,1,0.117
25.403,0,1,2,-0.6167,-0.6167,-1.1533,-0.6117,-8.1556,0.0000,0.0000,0.0000,-1.1727,-0.5908,-1.9449,0.002,5346,0.0609,0.0283,0.5367,1,1,0.117
25.504,0,1,2,-0.6167,-0.6167,-1.1484,-0.6092,-7.9989,0.0000,0.0000,0.0000,-1.1896,-0.7834,-2.1231,0.003,5350,0.0609,0.0278,0.5318,1,1,0.117
25.604,0,1,2,-0.6167,-0.6167,-1.1444,-0.6096,-7.8232,0.0000,0.0000,0.0000,-1.1614,-0.5876,-1.9758,0.033,5354,0.0609,0.0279,0.5278,1,1,0.117
25.702,0,1,2,-0.6167,-0.6167,-1.1386,-0.6077,-7.8668,0.0000,0.0000,0.0000,-1.1625,-0.4659,-8.1705,0.041,5358,0.0610,0.0275,0.5221,1,1,0.117
25.802,0,1,2,-0.6167,-0.6167,-1.1342,-0.6078,-7.6888,0.0000,0.0000,0.0000,-1.0890,-0.6939,-1.8792,0.014,5363,0.0610,0.0275,0.5176,1,1,0.117
25.903,0,1,2,-0.6167,-0.6167,-1.1297,-0.6066,-7.9272,0.0000,0.0000,0.0000,-1.1772,-0.7913,-1.3699,0.049,5365,0.0610,0.0273,0.5131,1,1,0.117
26.003,0,1,2,-0.6167,-0.6167,-1.1266,-0.6040,-8.0669,0.0000,0.0000,0.0000,-1.1602,-0.6000,-4.8755,0.032,5370,0.0611,0.0267,0.5101,1,1,0.117
26.104,0,1,2,-0.6167,-0.6167,-1.1229,-0.6055,-7.5073,0.0000,0.0000,0.0000,-1.1922,-0.4954,-7.6502,0.010,5375,0.0610,0.0270,0.5063,1,1,0.117
26.203,0,1,2,-0.6167,-0.6167,-1.1262,-0.6077,-7.7223,0.0000,0.0000,0.0000,-1.1459,-0.5959,-4.5419,0.019,5380,0.0610,0.0275,0.5096,1,1,0.117
26.305,0,1,2,-0.6167,-0.6167,-1.1215,-0.6051,-7.5247,0.0000,0.0000,0.0000,-1.1769,-0.4957,-7.3762,0.011,5384,0.0610,0.0269,0.5050,1,1,0.117
26.403,0,1,2,-0.6167,-0.6167,-1.1175,-0.6065,-7.6591,0.0000,0.0000,0.0000,-1.1333,-0.5912,-4.3485,0.024,5389,0.0610,0.0272,0.5009,1,1,0.117
26.503,0,1,2,-0.6167,-0.6167,-1.1126,-0.6045,-8.5208,0.0000,0.0000,0.0000,-1.1627,-0.5085,-7.7284,0.010,5393,0.0611,0.0268,0.4961,1,1,0.117
26.604,0,1,2,-0.6167,-0.6167,-1.1155,-0.6076,-9.3554,0.0000,0.0000,0.0000,-1.1501,-0.8211,-2.1292,0.024,5397,0.0610,0.0274,0.4989,1,1,0.117
26.704,0,1,2,-0.6167,-0.6167,-1.1171,-0.6068,-10.2722,0.0000,0.0000,0.0000,-1.1582,-0.8185,-3.7101,0.003,5403,0.0610,0.0273,0.5006,1,1,0.117
26.803,0,1,2,-0.6167,-0.6167,-1.1123,-0.6085,-10.8232,0.0000,0.0000,0.0000,-1.1704,-0.5219,-10.3254,0.013,5407,0.0610,0.0276,0.4957,1,1,0.117
26.902,0,1,2,-0.6167,-0.6167,-1.1070,-0.6080,-11.4090,0.0000,0.0000,0.0000,-1.1013,-0.5843,-7.9596,0.050,5410,0.0610,0.0275,0.4905,1,1,0.117
27.005,0,1,2,-0.6167,-0.6167,-1.1114,-0.6125,-12.0286,0.0000,0.0000,0.0000,-1.1793,-0.5307,-11.9080,0.010,5416,0.0609,0.0284,0.4947,1,1,0.117
27.106,0,1,2,-0.6167,-0.6167,-1.1070,-0.6112,-12.3599,0.0000,0.0000,0.0000,-1.1652,-0.8202,-7.2188,0.004,5420,0.0609,0.0281,0.4904,1,1,0.117
27.204,0,1,2,-0.6167,-0.6167,-1.1094,-0.6106,-12.9400,0.0000,0.0000,0.0000,-1.1715,-0.8170,-7.6444,0.003,5425,0.0609,0.0280,0.4927,1,1,0.117
27.306,0,1,2,-0.6167,-0.6167,-1.1138,-0.6109,-13.3319,0.0000,0.0000,0.0000,-1.6266,-0.2751,-21.9878,0.008,5429,0.0609,0.0281,0.4972,1,1,0.117
27.404,0,1,2,-0.6167,-0.6167,-1.1194,-0.6060,-13.6200,0.0000,0.0000,0.0000,-1.1782,-0.8144,-8.9969,0.012,5434,0.0610,0.0271,0.5028,1,1,0.117
27.504,0,1,2,-0.6167,-0.6167,-1.1191,-0.6028,-13.8553,0.0000,0.0000,0.0000,-1.1846,-0.8105,-9.4543,0.052,5437,0.0611,0.0265,0.5027,1,1,0.117
27.603,0,1,2,-0.6167,-0.6167,-1.1178,-0.5967,-14.0061,0.0000,0.0000,0.0000,-1.0729,-0.5847,-12.1141,0.020,5440,0.0612,0.0253,0.5016,1,1,0.117
27.705,0,1,2,-0.6167,-0.6167,-1.1146,-0.5965,-14.2270,0.0000,0.0000,0.0000,-1.3870,-0.6543,-19.2741,0.055,5441,0.0612,0.0252,0.4983,1,1,0.117
27.803,0,1,2,-0.6167,-0.6167,-1.1107,-0.5961,-14.4631,0.0000,0.0000,0.0000,-1.0657,-0.5871,-12.7422,0.026,5443,0.0612,0.0251,0.4945,1,1,0.117
27.905,0,1,2,-0.6167,-0.6167,-1.1037,-0.5951,-14.5085,0.0000,0.0000,0.0000,-1.0632,-0.5880,-13.0262,0.063,5444,0.0613,0.0248,0.4875,1,1,0.117
28.003,0,1,2,-0.6167,-0.6167,-1.0961,-0.5941,-14.6311,0.0000,0.0000,0.0000,-1.0593,-0.5891,-13.3890,0.022,5446,0.0613,0.0245,0.4799,1,1,0.117
28.103,0,1,2,-0.6167,-0.6167,-1.0892,-0.5932,-14.7403,0.0000,0.0000,0.0000,-1.0551,-0.6423,-16.2304,0.007,5448,0.0613,0.0243,0.4731,1,1,0.117
28.203,0,1,2,-0.6167,-0.6167,-1.0850,-0.5943,-14.8176,0.0000,0.0000,0.0000,-1.0593,-0.6400,-16.5517,0.019,5450,0.0613,0.0245,0.4689,1,1,0.117
28.303,0,1,2,-0.6167,-0.6167,-1.0779,-0.5934,-14.9475,0.0000,0.0000,0.0000,-1.0612,-0.6390,-16.7167,0.002,5453,0.0613,0.0242,0.4618,1,1,0.117
28.403,0,1,2,-0.6167,-0.6167,-1.0703,-0.5939,-15.0565,0.0000,0.0000,0.0000,-1.0510,-0.5935,-14.5350,0.027,5456,0.0613,0.0242,0.4542,1,1,0.117
28.504,0,1,2,-0.6167,-0.6167,-1.0636,-0.5943,-15.1784,0.0000,0.0000,0.0000,-1.0698,-0.6343,-17.4776,0.027,5459,0.0613,0.0242,0.4475,1,1,0.117
28.603,0,1,2,-0.6167,-0.6167,-1.0602,-0.5955,-15.2834,0.0000,0.0000,0.0000,-1.0503,-0.6609,-17.5524,0.013,5463,0.0613,0.0245,0.4440,1,1,0.117
28.704,0,1,2,-0.6167,-0.6167,-1.0536,-0.5957,-15.3449,0.0000,0.0000,0.0000,-1.0553,-0.6581,-17.9382,0.009,5466,0.0613,0.0244,0.4375,1,1,0.117
28.803,0,1,2,-0.6167,-0.6167,-1.0528,-0.5936,-15.4318,0.0000,0.0000,0.0000,-1.2998,-0.6106,-21.1493,0.031,5469,0.0613,0.0240,0.4367,1,1,0.117
28.904,0,1,2,-0.6167,-0.6167,-1.0461,-0.5930,-15.4926,0.0000,0.0000,0.0000,-1.0416,-0.5977,-15.5419,0.057,5470,0.0614,0.0237,0.4301,1,1,0.117
29.005,0,1,2,-0.6167,-0.6167,-1.0418,-0.5925,-15.4530,0.0000,0.0000,0.0000,-1.2401,-0.5989,-20.2261,0.016,5472,0.0614,0.0236,0.4258,1,1,0.117
29.104,0,1,2,-0.6167,-0.6167,-1.0383,-0.5921,-15.5054,0.0000,0.0000,0.0000,-1.2401,-0.5972,-20.3142,0.054,5473,0.0614,0.0234,0.4224,1,1,0.117
29.203,0,1,2,-0.6167,-0.6167,-1.0349,-0.5916,-15.4592,0.0000,0.0000,0.0000,-1.2728,-0.5833,-21.3704,0.028,5475,0.0614,0.0232,0.4190,1,1,0.117
29.303,0,1,2,-0.6167,-0.6167,-1.0286,-0.5912,-15.4403,0.0000,0.0000,0.0000,-1.0335,-0.6023,-16.2637,0.055,5476,0.0614,0.0231,0.4127,1,1,0.117
29.404,0,1,2,-0.6167,-0.6167,-1.0221,-0.5908,-15.3379,0.0000,0.0000,0.0000,-1.0324,-0.6038,-16.4325,0.078,5477,0.0614,0.0229,0.4063,1,1,0.117
29.502,0,1,2,-0.6167,-0.6167,-1.0198,-0.5905,-15.3782,0.0000,0.0000,0.0000,-1.0313,-0.6052,-16.5775,0.040,5479,0.0614,0.0227,0.4040,1,1,0.117
29.604,0,1,2,-0.6167,-0.6167,-1.0163,-0.5904,-15.3388,0.0000,0.0000,0.0000,-1.2113,-0.6004,-20.5222,0.024,5481,0.0614,0.0227,0.4005,1,1,0.117
29.703,0,1,2,-0.6167,-0.6167,-1.0100,-0.5900,-14.3491,0.0000,0.0000,0.0000,-1.0278,-0.6084,-16.9169,0.060,5482,0.0614,0.0225,0.3943,1,1,0.117
29.802,0,1,2,-0.6167,-0.6167,-1.0008,-0.5925,-10.6641,0.0000,0.0000,0.0000,-0.8107,-0.8012,-9.8863,0.031,5484,0.0614,0.0230,0.3849,1,1,0.117
29.903,0,1,2,-0.6167,-0.6167,-0.9929,-0.5921,-4.1428,0.0000,0.0000,0.0000,-0.8107,-0.8012,-9.8863,0.132,5484,0.0704,0.0362,0.3770,1,1,0.117
30.003,0,1,2,-0.6167,-0.6167,-0.9837,-0.5903,2.3569,0.0000,0.0000,0.0000,-0.8107,-0.8012,-9.8863,0.232,5484,0.1292,-0.0232,0.3680,1,1,0.117
30.106,0,1,2,-0.6167,-0.6167,-0.9732,-0.5909,1.6645,0.0000,0.0000,0.0000,-1.0682,-0.4138,-0.7332,0.002,5485,0.1292,-0.0232,0.3574,1,1,0.117
30.203,0,1,2,-0.6167,-0.6167,-0.9611,-0.5961,0.0023,0.0000,0.0000,0.0000,-0.9051,-0.9247,8.5372,0.050,5486,0.1291,-0.0219,0.3450,1,1,0.117
30.303,0,1,2,-0.6167,-0.6167,-0.9503,-0.5957,-1.3719,0.0000,0.0000,0.0000,-1.0807,-0.4131,-3.4291,0.068,5487,0.1291,-0.0223,0.3343,1,1,0.117
30.403,0,1,2,-0.6167,-0.6167,-0.9461,-0.5937,-2.4491,0.0000,0.0000,0.0000,-1.2033,-0.6725,8.2600,0.015,5490,0.1291,-0.0230,0.3303,1,1,0.117
30.506,0,1,2,-0.6167,-0.6167,-0.9385,-0.5957,-3.5907,0.0000,0.0000,0.0000,-1.0820,-0.4283,-6.5954,0.007,5494,0.1291,-0.0225,0.3225,1,1,0.117
30.604,0,1,2,-0.6167,-0.6167,-0.9354,-0.5951,-5.7530,0.0000,0.0000,0.0000,-0.8738,-0.6384,-6.9869,0.008,5499,0.1291,-0.0227,0.3195,1,1,0.117
30.705,0,1,2,-0.6167,-0.6167,-0.9344,-0.5916,-7.8450,0.0000,0.0000,0.0000,-0.8998,-0.6180,-8.3599,0.003,5503,0.1292,-0.0238,0.3187,1,1,0.117
30.803,0,1,2,-0.6167,-0.6167,-0.9147,-0.5906,-9.1039,0.0000,0.0000,0.0000,-0.2856,-0.5240,7.5016,0.019,5509,0.1292,-0.0247,0.2991,1,1,0.117
30.909,0,1,2,-0.6167,-0.6167,-0.9042,-0.5904,-10.4478,0.0000,0.0000,0.0000,-1.5293,-0.2114,-22.4293,0.003,5515,0.1293,-0.0251,0.2887,1,1,0.117
31.003,0,1,2,-0.6167,-0.6167,-0.8898,-0.5892,-11.4100,0.0000,0.0000,0.0000,-0.3574,-0.5371,2.2361,0.027,5520,0.1293,-0.0260,0.2746,1,1,0.117
31.103,0,1,2,-0.6167,-0.6167,-0.8747,-0.5942,-12.3555,0.0000,0.0000,0.0000,-0.9440,-0.5874,-11.3434,0.003,5524,0.1292,-0.0247,0.2590,1,1,0.117
31.205,0,1,2,-0.6167,-0.6167,-0.8562,-0.6002,-13.0948,0.0000,0.0000,0.0000,-0.4600,-0.5744,-3.3169,0.028,5529,0.1291,-0.0228,0.2401,1,1,0.117
31.302,0,1,2,-0.6167,-0.6167,-0.8408,-0.6074,-14.1247,0.0000,0.0000,0.0000,-0.8842,-0.6879,-19.3565,0.010,5533,0.1289,-0.0201,0.2243,1,1,0.117
31.402,0,1,2,-0.6167,-0.6167,-0.8236,-0.6129,-14.8572,0.0000,0.0000,0.0000,-0.8394,-0.5600,-19.4563,0.007,5538,0.1287,-0.0178,0.2069,1,1,0.117
31.507,0,1,2,-0.6167,-0.6167,-0.8106,-0.6184,-15.6567,0.0000,0.0000,0.0000,-0.8556,-0.7216,-22.9516,0.004,5542,0.1283,-0.0151,0.1939,1,1,0.117
31.603,0,1,2,-0.6167,-0.6167,-0.8078,-0.6252,-16.6970,0.0000,0.0000,0.0000,-0.8332,-0.5912,-21.3705,0.014,5547,0.1278,-0.0116,0.1913,1,1,0.117
31.705,0,1,2,-0.6167,-0.6167,-0.8048,-0.6303,-16.8828,0.0000,0.0000,0.0000,-0.8314,-0.5979,-22.0178,0.053,5550,0.1272,-0.0089,0.1887,1,1,0.117
31.803,0,1,2,-0.6167,-0.6167,-0.8103,-0.6346,-15.3372,0.0000,0.0000,0.0000,-0.8749,-0.7225,-22.9015,0.013,5556,0.1268,-0.0069,0.1944,1,1,0.117
31.903,0,1,2,-0.6167,-0.6167,-0.7986,-0.6371,-11.0778,0.0000,0.0000,0.0000,-0.8156,-0.5983,-20.4340,0.072,5557,0.0828,0.0585,0.1831,1,1,0.126
32.003,0,1,2,-0.6167,-0.6167,-0.7885,-0.6362,-10.3541,0.0000,0.0000,0.0000,-0.8454,-0.6797,-11.9008,0.011,5559,0.0826,0.0591,0.1729,1,1,0.125
32.103,0,1,2,-0.6167,-0.6167,-0.7800,-0.6323,-10.5533,0.0000,0.0000,0.0000,-0.8372,-0.6824,-11.6268,0.051,5561,0.0846,0.0537,0.1641,1,1,0.133
32.203,0,1,2,-0.6167,-0.6167,-0.7723,-0.6319,-10.6823,0.0000,0.0000,0.0000,-0.8421,-0.7931,-10.0220,0.014,5565,0.0820,0.0599,0.1564,1,1,0.120
32.307,0,1,2,-0.6167,-0.6167,-0.7635,-0.6343,-10.0945,0.0000,0.0000,0.0000,-0.8229,-0.6761,-11.3631,0.012,5568,0.0832,0.0578,0.1479,1,1,0.127
32.403,0,1,2,-0.6167,-0.6167,-0.7562,-0.6380,-10.1719,0.0000,0.0000,0.0000,-0.8191,-0.7999,-8.9532,0.028,5571,0.0812,0.0637,0.1412,1,1,0.123
32.503,0,1,2,-0.6167,-0.6167,-0.7487,-0.6364,-9.6296,0.0000,0.0000,0.0000,-0.8009,-0.6793,-10.7332,0.002,5574,0.0851,0.0541,0.1335,1,1,0.143
32.603,0,1,2,-0.6167,-0.6167,-0.7409,-0.6325,-9.4620,0.0000,0.0000,0.0000,-0.7506,-0.6340,-11.6195,0.023,5577,0.0844,0.0553,0.1253,1,1,0.136
32.706,0,1,2,-0.6167,-0.6167,-0.7323,-0.6292,-9.6763,0.0000,0.0000,0.0000,-0.7865,-0.6765,-10.4384,0.071,5578,0.0773,0.0536,0.1163,1,1,0.127
32.803,0,1,2,-0.6167,-0.6167,-0.7250,-0.6265,-9.5025,0.0000,0.0000,0.0000,-0.7795,-0.6703,-10.4389,0.035,5580,0.0734,0.0470,0.1088,1,1,0.131
32.903,0,1,2,-0.6167,-0.6167,-0.7178,-0.6233,-9.2104,0.0000,0.0000,0.0000,-0.7623,-0.6677,-10.2186,0.007,5582,0.0686,0.0422,0.1013,1,1,0.130
33.003,0,1,2,-0.6167,-0.6167,-0.7112,-0.6213,-9.2192,0.0000,0.0000,0.0000,-0.7553,-0.6677,-10.0292,0.034,5583,0.0652,0.0362,0.0947,1,1,0.136
33.103,0,1,2,-0.6167,-0.6167,-0.7056,-0.6203,-9.5677,0.0000,0.0000,0.0000,-0.7511,-0.6645,-10.0273,0.069,5584,0.0428,0.0010,0.0890,1,1,0.117
33.202,0,1,2,-0.6167,-0.6167,-0.7024,-0.6220,-9.3115,0.0000,0.0000,0.0000,-0.7461,-0.6636,-10.5016,0.020,5586,0.0411,0.0025,0.0859,1,1,0.117
33.306,0,1,2,-0.6167,-0.6167,-0.6990,-0.6231,-9.3555,0.0000,0.0000,0.0000,-0.7432,-0.6661,-10.3630,0.047,5587,0.0393,0.0034,0.0826,1,1,0.117
33.404,0,1,2,-0.6167,-0.6167,-0.6963,-0.6247,-9.4747,0.0000,0.0000,0.0000,-0.7426,-0.6654,-10.3495,0.014,5589,0.0377,0.0047,0.0801,1,1,0.117
33.503,0,1,2,-0.6167,-0.6167,-0.6932,-0.6255,-9.4533,0.0000,0.0000,0.0000,-0.7430,-0.6654,-10.3525,0.006,5591,0.0361,0.0054,0.0771,1,1,0.117
33.604,0,1,3,-0.6167,0.0000,-0.6915,-0.6262,-9.4919,0.0000,0.0000,0.0000,-0.7423,-0.6661,-10.3133,0.034,5592,-0.0398,0.0841,0.6306,1,1,0.117
33.706,0,1,3,-0.6167,0.0000,-0.6945,-0.6183,-9.4210,0.0000,0.0000,0.0000,-0.7417,-0.6666,-10.2880,0.004,5594,-0.0392,0.0841,0.6232,1,1,0.117
33.802,0,1,3,-0.6167,0.0000,-0.6982,-0.6112,-9.5474,0.0000,0.0000,0.0000,-0.7395,-0.6646,-10.2883,0.036,5595,-0.0127,0.1305,0.6166,1,1,0.134
33.906,0,1,3,-0.6167,0.0000,-0.6998,-0.6016,-9.6667,0.0000,0.0000,0.0000,-0.7402,-0.6530,-10.5862,0.004,5597,-0.0380,0.0841,0.6073,1,1,0.117
34.004,0,1,3,-0.6167,0.0000,-0.7033,-0.5944,-9.9118,0.0000,0.0000,0.0000,-0.7409,-0.6464,-10.7567,0.041,5598,-0.0372,0.0841,0.6007,1,1,0.117
34.103,0,1,3,-0.6167,0.0000,-0.7060,-0.5863,-10.0213,0.0000,0.0000,0.0000,-0.7438,-0.6373,-11.0233,0.002,5600,-0.0366,0.0841,0.5931,1,1,0.117
34.203,0,1,3,-0.6167,0.0000,-0.7244,-0.5803,-10.1919,0.0000,0.0000,0.0000,-1.6890,-0.6283,-30.0080,0.029,5602,-0.0333,0.0840,0.5902,1,1,0.117
34.306,0,1,3,-0.6167,0.0000,-0.7412,-0.5733,-10.5118,0.0000,0.0000,0.0000,-0.7449,-0.6260,-11.2982,0.011,5605,-0.0303,0.0838,0.5867,1,1,0.117
34.403,0,1,3,-0.6167,0.0000,-0.7696,-0.5673,-10.9341,0.0000,0.0000,0.0000,-1.6897,-0.6250,-30.0632,0.028,5608,-0.0254,0.0833,0.5875,1,1,0.117
34.503,0,1,3,-0.6167,0.0000,-0.7827,-0.5590,-11.5237,0.0000,0.0000,0.0000,-0.7456,-0.6166,-11.5156,0.042,5610,-0.0229,0.0829,0.5832,1,1,0.117
34.605,0,1,3,-0.6167,0.0000,-0.8086,-0.5533,-11.5925,0.0000,0.0000,0.0000,-0.7508,-0.6016,-11.9909,0.020,5614,-0.0185,0.0821,0.5856,1,1,0.117
34.702,0,1,3,-0.6167,0.0000,-0.8207,-0.5464,-11.6313,0.0000,0.0000,0.0000,-0.7489,-0.6003,-11.9508,0.060,5616,-0.0161,0.0816,0.5832,1,1,0.117
34.802,0,1,3,-0.6167,0.0000,-0.8433,-0.5410,-12.0100,0.0000,0.0000,0.0000,-1.6962,-0.5822,-30.5854,0.029,5620,-0.0033,0.0672,0.5866,1,1,0.117
34.905,0,1,3,-0.6167,0.0000,-0.8534,-0.5349,-12.1361,0.0000,0.0000,0.0000,-0.7502,-0.5842,-12.3091,0.010,5623,-0.0136,0.0960,0.5850,1,1,0.117
35.003,0,1,3,-0.6167,0.0000,-0.8733,-0.5291,-12.6054,0.0000,0.0000,0.0000,-1.6965,-0.5588,-30.8928,0.013,5626,-0.0071,0.0791,0.5880,1,1,0.117
35.107,0,1,3,-0.6167,0.0000,-0.8822,-0.5225,-12.9467,0.0000,0.0000,0.0000,-0.7557,-0.5674,-12.8113,0.003,5629,-0.0085,0.0944,0.5861,1,1,0.117
35.203,0,1,3,-0.6167,0.0000,-0.8997,-0.5154,-13.2046,0.0000,0.0000,0.0000,-1.6928,-0.5414,-31.5269,0.022,5632,-0.0023,0.0774,0.5880,1,1,0.117
35.303,0,1,3,-0.6167,0.0000,-0.9072,-0.5086,-13.3409,0.0000,0.0000,0.0000,-0.7577,-0.5522,-13.1743,0.003,5635,-0.0008,0.0768,0.5858,1,1,0.117
35.405,0,1,3,-0.6167,0.0000,-0.9209,-0.5032,-13.4813,0.0000,0.0000,0.0000,-1.5634,-0.5554,-28.7435,0.030,5638,0.0015,0.0758,0.5881,1,1,0.117
35.505,0,1,3,-0.6167,0.0000,-0.9256,-0.4976,-13.5188,0.0000,0.0000,0.0000,-0.7579,-0.5410,-13.3853,0.009,5641,0.0026,0.0753,0.5857,1,1,0.117
35.604,0,1,3,-0.6167,0.0000,-0.9363,-0.4929,-13.8002,0.0000,0.0000,0.0000,-1.5713,-0.5350,-29.1077,0.028,5644,0.0044,0.0745,0.5875,1,1,0.117
35.703,0,1,3,-0.6167,0.0000,-0.9377,-0.4872,-13.8269,0.0000,0.0000,0.0000,-0.7600,-0.5281,-13.7082,0.011,5647,0.0051,0.0742,0.5834,1,1,0.117
35.802,0,1,3,-0.6167,0.0000,-0.9479,-0.4840,-14.0376,0.0000,0.0000,0.0000,-0.7598,-0.5236,-13.7899,0.015,5651,0.0066,0.0734,0.5865,1,1,0.117
35.906,0,1,3,-0.6167,0.0000,-0.9484,-0.4804,-13.2912,0.0000,0.0000,0.0000,-0.7599,-0.5175,-13.9070,0.004,5655,0.0747,0.0598,0.5838,1,1,0.117
36.004,0,1,3,-0.6167,0.0000,-0.9511,-0.4802,-11.0346,0.0000,0.0000,0.0000,-0.7466,-0.5267,-13.2434,0.021,5660,0.0074,0.0731,0.5852,1,1,0.117
36.102,0,1,3,-0.6167,0.0000,-0.9559,-0.4739,-10.0322,0.0000,0.0000,0.0000,-0.7915,-0.4943,-6.8444,0.002,5663,0.0085,0.0725,0.5828,1,1,0.117
36.203,0,1,3,-0.6167,0.0000,-0.9495,-0.4673,-9.8387,0.0000,0.0000,0.0000,-0.7993,-0.4826,-7.3625,0.039,5664,0.0083,0.0726,0.5737,1,1,0.117
36.302,0,1,3,-0.6167,0.0000,-0.9430,-0.4604,-9.5353,0.0000,0.0000,0.0000,-0.7918,-0.4799,-7.1917,0.007,5666,0.0081,0.0727,0.5643,1,1,0.117
36.403,0,1,3,-0.6167,0.0000,-0.9391,-0.4537,-9.3002,0.0000,0.0000,0.0000,-0.7874,-0.4780,-7.1066,0.037,5667,0.0307,0.1268,0.5565,1,1,0.117
36.503,0,1,3,-0.6167,0.0000,-0.9316,-0.4446,-9.3236,0.0000,0.0000,0.0000,-0.7815,-0.4719,-7.0544,0.010,5669,0.0081,0.0727,0.5449,1,1,0.117
36.603,0,1,3,-0.6167,0.0000,-0.9394,-0.4383,-9.7349,0.0000,0.0000,0.0000,-1.7753,-0.4292,-29.3306,0.029,5671,0.0097,0.0718,0.5443,1,1,0.117
36.705,0,1,3,-0.6167,0.0000,-0.9465,-0.4317,-10.2582,0.0000,0.0000,0.0000,-0.7836,-0.4553,-7.4813,0.009,5674,0.0112,0.0710,0.5433,1,1,0.117
36.802,0,1,3,-0.6167,0.0000,-0.9619,-0.4253,-11.1052,0.0000,0.0000,0.0000,-1.7683,-0.4090,-30.1574,0.029,5677,0.0138,0.0695,0.5478,1,1,0.117
36.904,0,1,3,-0.6167,0.0000,-0.9677,-0.4189,-12.0403,0.0000,0.0000,0.0000,-0.7987,-0.4318,-8.5477,0.003,5680,0.0151,0.0686,0.5465,1,1,0.117
37.002,0,1,3,-0.6167,0.0000,-0.9789,-0.4136,-12.8597,0.0000,0.0000,0.0000,-1.6553,-0.4387,-29.3657,0.028,5683,0.0169,0.0675,0.5498,1,1,0.117
37.103,0,1,3,-0.6167,0.0000,-0.9826,-0.4077,-13.4383,0.0000,0.0000,0.0000,-0.7957,-0.4186,-10.3231,0.008,5686,0.0179,0.0668,0.5478,1,1,0.117
37.203,0,1,3,-0.6167,0.0000,-0.9918,-0.4024,-14.0681,0.0000,0.0000,0.0000,-0.7995,-0.4123,-10.6020,0.028,5689,0.0195,0.0657,0.5502,1,1,0.117
37.303,0,1,3,-0.6167,0.0000,-0.9944,-0.3971,-14.6076,0.0000,0.0000,0.0000,-0.8033,-0.4060,-10.8759,0.049,5691,0.0172,0.0810,0.5480,1,1,0.117
37.403,0,1,3,-0.6167,0.0000,-1.0024,-0.3908,-15.1346,0.0000,0.0000,0.0000,-0.8109,-0.3935,-11.4478,0.014,5695,0.0186,0.0799,0.5492,1,1,0.117
37.503,0,1,3,-0.6167,0.0000,-1.0043,-0.3840,-15.7747,0.0000,0.0000,0.0000,-0.8181,-0.3799,-12.0228,0.009,5698,0.0195,0.0792,0.5457,1,1,0.117
37.604,0,1,3,-0.6167,0.0000,-1.0110,-0.3775,-16.4770,0.0000,0.0000,0.0000,-1.5918,-0.4073,-32.7045,0.030,5701,0.0209,0.0782,0.5459,1,1,0.117
37.703,0,1,3,-0.6167,0.0000,-1.0118,-0.3718,-16.5495,0.0000,0.0000,0.0000,-0.8300,-0.3567,-12.9930,0.002,5704,0.0247,0.0617,0.5426,1,1,0.117
37.802,0,1,3,-0.6167,0.0000,-1.0171,-0.3676,-15.8108,0.0000,0.0000,0.0000,-1.5762,-0.3977,-33.2989,0.027,5707,0.0257,0.0610,0.5436,1,1,0.117
37.905,0,1,3,-0.6167,0.0000,-1.0170,-0.3631,-14.6833,0.0000,0.0000,0.0000,-0.7781,-0.3829,-13.3821,0.007,5710,0.0261,0.0606,0.5405,1,1,0.117
38.002,0,1,3,-0.6167,0.0000,-1.0201,-0.3602,-14.2615,0.0000,0.0000,0.0000,-1.5666,-0.4150,-30.3168,0.028,5713,0.0267,0.0601,0.5408,1,1,0.117
38.106,0,1,3,-0.6167,0.0000,-1.0180,-0.3569,-14.5649,0.0000,0.0000,0.0000,-0.7678,-0.3807,-13.0406,0.008,5716,0.0269,0.0599,0.5371,1,1,0.117
38.203,0,1,3,-0.6167,0.0000,-1.0214,-0.3535,-14.9399,0.0000,0.0000,0.0000,-1.5635,-0.4020,-30.8020,0.028,5719,0.0638,0.0803,0.5374,1,1,0.189
38.306,0,1,3,-0.6167,0.0000,-1.0193,-0.3481,-15.2813,0.0000,0.0000,0.0000,-0.7718,-0.3671,-13.5112,0.004,5722,0.0279,0.0590,0.5323,1,1,0.117
38.402,0,1,3,-0.6167,0.0000,-1.0222,-0.3438,-15.7310,0.0000,0.0000,0.0000,-1.5521,-0.3881,-31.6976,0.024,5725,0.0255,0.0742,0.5316,1,1,0.117
38.502,0,1,3,-0.6167,0.0000,-1.0215,-0.3383,-15.9967,0.0000,0.0000,0.0000,-1.5498,-0.3814,-31.9737,0.062,5727,0.0260,0.0738,0.5275,1,1,0.117
38.602,0,1,3,-0.6167,0.0000,-1.0238,-0.3333,-16.2329,0.0000,0.0000,0.0000,-0.7801,-0.3402,-14.4650,0.018,5731,0.0299,0.0572,0.5262,1,1,0.117
38.704,0,1,3,-0.6167,0.0000,-1.0229,-0.3290,-16.2008,0.0000,0.0000,0.0000,-0.7801,-0.3348,-14.5961,0.061,5733,0.0303,0.0569,0.5227,1,1,0.117
38.803,0,1,3,-0.6167,0.0000,-1.0250,-0.3258,-16.1742,0.0000,0.0000,0.0000,-0.7798,-0.3297,-14.7052,0.011,5737,0.0308,0.0563,0.5224,1,1,0.117
38.903,0,1,3,-0.6167,0.0000,-1.0241,-0.3222,-16.1001,0.0000,0.0000,0.0000,-0.7791,-0.3264,-14.7527,0.002,5740,0.0311,0.0561,0.5194,1,1,0.117
39.004,0,1,3,-0.6167,0.0000,-1.0196,-0.3186,-16.0062,0.0000,0.0000,0.0000,-1.5392,-0.3734,-32.4279,0.003,5743,0.0311,0.0560,0.5136,1,1,0.117
39.102,0,1,3,-0.6167,0.0000,-1.0253,-0.3159,-15.1141,0.0000,0.0000,0.0000,-0.7757,-0.3240,-14.6818,0.002,5746,0.0319,0.0553,0.5165,1,1,0.117
39.203,0,1,3,-0.6167,0.0000,-1.0277,-0.3132,-13.0686,0.0000,0.0000,0.0000,-1.5674,-0.3691,-31.1818,0.028,5749,0.0324,0.0548,0.5168,1,1,0.117
39.304,0,1,3,-0.6167,0.0000,-1.0269,-0.3100,-11.9638,0.0000,0.0000,0.0000,-0.7798,-0.3365,-9.7043,0.008,5752,0.0327,0.0545,0.5142,1,1,0.117
39.403,0,1,3,-0.6167,0.0000,-1.0313,-0.3073,-12.0924,0.0000,0.0000,0.0000,-1.6157,-0.3452,-29.6912,0.029,5755,0.0334,0.0538,0.5161,1,1,0.117
39.504,0,1,3,-0.6167,0.0000,-1.0329,-0.3015,-12.2666,0.0000,0.0000,0.0000,-0.7819,-0.3278,-9.9882,0.008,5759,0.0341,0.0530,0.5139,1,1,0.117
39.603,0,1,3,-0.6167,0.0000,-1.0379,-0.2959,-12.5040,0.0000,0.0000,0.0000,-1.6148,-0.3409,-29.8411,0.029,5763,0.0351,0.0520,0.5147,1,1,0.117
39.704,0,1,3,-0.6167,0.0000,-1.0403,-0.2865,-12.6388,0.0000,0.0000,0.0000,-0.7813,-0.3178,-10.2078,0.007,5768,0.0331,0.0666,0.5114,1,1,0.117
39.803,0,1,3,-0.6167,0.0000,-1.0448,-0.2807,-12.7975,0.0000,0.0000,0.0000,-1.6185,-0.3269,-29.9856,0.027,5772,0.0341,0.0655,0.5119,1,1,0.117
39.904,0,1,3,-0.6167,0.0000,-1.0462,-0.2717,-13.3637,0.0000,0.0000,0.0000,-0.7796,-0.3039,-10.5098,0.003,5777,0.0351,0.0642,0.5082,1,1,0.117
40.003,0,1,3,-0.6167,0.0000,-1.0498,-0.2661,-13.8633,0.0000,0.0000,0.0000,-0.7828,-0.2979,-10.7748,0.023,5781,0.0360,0.0632,0.5083,1,1,0.117
40.103,0,1,3,-0.6167,0.0000,-1.0514,-0.2569,-13.0794,0.0000,0.0000,0.0000,-1.1903,-0.0606,-19.2441,0.016,5785,0.0370,0.0619,0.5050,1,1,0.117
40.202,0,1,3,-0.6167,0.0000,-1.0466,-0.2527,-12.7660,0.0000,0.0000,0.0000,-1.6731,-0.2972,-31.1186,0.007,5790,0.0372,0.0617,0.4987,1,1,0.117
40.305,0,1,3,-0.6167,0.0000,-1.0525,-0.2467,-13.3192,0.0000,0.0000,0.0000,-0.7669,-0.2876,-10.4793,0.003,5795,0.0382,0.0604,0.5008,1,1,0.117
40.403,0,1,3,-0.6167,0.0000,-1.0531,-0.2432,-13.3272,0.0000,0.0000,0.0000,-1.5655,-0.3114,-29.4739,0.027,5799,0.0386,0.0599,0.4996,1,1,0.117
40.504,0,1,3,-0.6167,0.0000,-1.0477,-0.2387,-12.7828,0.0000,0.0000,0.0000,-0.7973,-0.2996,-10.0531,0.010,5803,0.0388,0.0597,0.4927,1,1,0.117
40.603,0,1,3,-0.6167,0.0000,-1.0511,-0.2350,-13.1446,0.0000,0.0000,0.0000,-0.9992,-0.1842,-13.3310,0.012,5808,0.0393,0.0589,0.4939,1,1,0.117
40.704,0,1,3,-0.6167,0.0000,-1.0454,-0.2317,-13.7035,0.0000,0.0000,0.0000,-0.7984,-0.2878,-10.5613,0.012,5812,0.0394,0.0588,0.4873,1,1,0.117
40.802,0,1,3,-0.6167,0.0000,-1.0509,-0.2258,-13.9720,0.0000,0.0000,0.0000,-1.5643,-0.2966,-29.7865,0.021,5817,0.0403,0.0576,0.4895,1,1,0.117
40.903,0,1,3,-0.6167,0.0000,-1.0502,-0.2183,-14.2257,0.0000,0.0000,0.0000,-0.8005,-0.2817,-11.4768,0.002,5822,0.0410,0.0565,0.4855,1,1,0.117
41.002,0,1,3,-0.6167,0.0000,-1.0529,-0.2148,-12.7956,0.0000,0.0000,0.0000,-0.8038,-0.2806,-11.0384,0.021,5826,0.0447,0.0716,0.4863,1,1,0.117
41.104,0,1,3,-0.6167,0.0000,-1.0520,-0.2074,-12.9064,0.0000,0.0000,0.0000,-0.7862,-0.2750,-9.4462,0.003,5831,0.0454,0.0705,0.4822,1,1,0.117
41.203,0,1,3,-0.6167,0.0000,-1.0527,-0.2033,-13.0158,0.0000,0.0000,0.0000,-1.6181,-0.2752,-29.7164,0.027,5835,0.0459,0.0698,0.4811,1,1,0.117
41.305,0,1,3,-0.6167,0.0000,-1.0501,-0.1960,-12.6937,0.0000,0.0000,0.0000,-1.0707,-0.0641,-15.2049,0.013,5839,0.0465,0.0689,0.4757,1,1,0.117
41.406,0,1,3,-0.6167,0.0000,-1.0510,-0.1924,-12.5912,0.0000,0.0000,0.0000,-0.7837,-0.2624,-9.0778,0.020,5844,0.0469,0.0682,0.4750,1,1,0.117
41.506,0,1,3,-0.6167,0.0000,-1.0476,-0.1856,-13.2347,0.0000,0.0000,0.0000,-1.0340,-0.0683,-14.6119,0.012,5848,0.0474,0.0673,0.4693,1,1,0.117
41.604,0,1,3,-0.6167,0.0000,-1.0478,-0.1825,-13.9238,0.0000,0.0000,0.0000,-1.6069,-0.2538,-30.4723,0.019,5853,0.0477,0.0668,0.4682,1,1,0.117
41.705,0,1,3,-0.6167,0.0000,-1.0451,-0.1753,-14.4837,0.0000,0.0000,0.0000,-0.7884,-0.2399,-10.5312,0.003,5858,0.0483,0.0657,0.4629,1,1,0.117
41.804,0,1,3,-0.6167,0.0000,-1.0445,-0.1719,-15.0558,0.0000,0.0000,0.0000,-1.4894,-0.2718,-28.8348,0.009,5862,0.0487,0.0652,0.4611,1,1,0.117
41.902,0,1,3,-0.6167,0.0000,-1.0303,-0.1666,-14.9580,0.0000,0.0000,0.0000,-0.7814,-0.2403,-12.2307,0.010,5866,0.0486,0.0653,0.4459,1,1,0.117
42.002,0,1,3,-0.6167,0.0000,-1.0175,-0.1589,-13.2783,0.0000,0.0000,0.0000,-1.1228,0.0022,-18.8943,0.012,5871,0.0489,0.0648,0.4312,1,1,0.117
42.105,0,1,3,-0.6167,0.0000,-1.0038,-0.1504,-11.2736,0.0000,0.0000,0.0000,-0.7703,-0.2187,-7.8130,0.006,5876,0.0759,0.0765,0.4153,1,1,0.130
42.202,0,1,3,-0.6167,0.0000,-0.9868,-0.1448,-10.9143,0.0000,0.0000,0.0000,-0.7059,-0.1522,-4.3747,0.028,5880,0.0581,0.0779,0.3974,1,1,0.117
42.304,0,1,3,-0.6167,0.0000,-0.9743,-0.1386,-10.3897,0.0000,0.0000,0.0000,-0.9770,-0.0861,-11.5908,0.003,5884,0.0582,0.0776,0.3836,1,1,0.117
42.402,0,1,3,-0.6167,0.0000,-0.9567,-0.1322,-9.7129,0.0000,0.0000,0.0000,-0.6855,-0.1380,-3.2187,0.029,5889,0.0582,0.0777,0.3648,1,1,0.117
42.506,0,1,3,-0.6167,0.0000,-0.9443,-0.1246,-9.6348,0.0000,0.0000,0.0000,-0.7011,-0.1999,-7.0550,0.003,5894,0.0586,0.0770,0.3506,1,1,0.117
42.602,0,1,3,-0.6167,0.0000,-0.9266,-0.1194,-9.1870,0.0000,0.0000,0.0000,-0.6487,-0.2037,-8.3039,0.020,5898,0.0590,0.0767,0.3322,1,1,0.119
42.704,0,1,3,-0.6167,0.0000,-0.9103,-0.1139,-9.0552,0.0000,0.0000,0.0000,-0.4984,-0.2068,-12.5010,0.008,5903,0.0614,0.0744,0.3149,1,1,0.126
42.802,0,1,3,-0.6167,0.0000,-0.8897,-0.1097,-9.1654,0.0000,0.0000,0.0000,-0.5595,-0.2333,-10.1017,0.016,5907,0.0723,0.0849,0.2943,1,1,0.123
42.903,0,1,3,-0.6167,0.0000,-0.8759,-0.1023,-9.0016,0.0000,0.0000,0.0000,-0.8864,-0.0431,-9.2810,0.013,5911,0.0714,0.0871,0.2787,1,1,0.117
43.003,0,1,3,-0.6167,0.0000,-0.8587,-0.0958,-8.8684,0.0000,0.0000,0.0000,-0.6674,-0.1014,-2.1651,0.002,5916,0.0714,0.0872,0.2604,1,1,0.117
43.105,0,1,3,-0.6167,0.0000,-0.8393,-0.0889,-8.7721,0.0000,0.0000,0.0000,-0.5388,-0.1552,-9.2238,0.012,5920,0.0718,0.0861,0.2398,1,1,0.133
43.202,0,1,3,-0.6167,0.0000,-0.8248,-0.0812,-8.7909,0.0000,0.0000,0.0000,-0.6400,-0.0782,-1.6544,0.015,5925,0.0791,0.0688,0.2234,1,1,0.156
43.303,0,1,3,-0.6167,0.0000,-0.8079,-0.0755,-8.7110,0.0000,0.0000,0.0000,-0.5263,-0.1409,-8.8821,0.011,5929,0.0789,0.0691,0.2056,1,1,0.157
43.403,0,1,3,-0.6167,0.0000,-0.7935,-0.0692,-8.3969,0.0000,0.0000,0.0000,-0.8394,-0.0094,-8.4285,0.012,5934,0.0790,0.0689,0.1899,1,1,0.156
43.506,0,1,3,-0.6167,0.0000,-0.7811,-0.0626,-8.5637,0.0000,0.0000,0.0000,-0.5450,-0.1158,-7.6262,0.006,5939,0.0816,0.0630,0.1759,1,1,0.161
43.602,0,1,3,-0.6167,0.0000,-0.7633,-0.0580,-8.5553,0.0000,0.0000,0.0000,-0.6665,-0.0854,-2.0107,0.010,5944,0.0804,0.0655,0.1577,1,1,0.164
43.704,0,1,3,-0.6167,0.0000,-0.7488,-0.0540,-8.2817,0.0000,0.0000,0.0000,-0.5181,-0.1127,-7.9796,0.011,5950,0.0867,0.0613,0.1428,1,1,0.146
43.803,0,1,3,-0.6167,0.0000,-0.7353,-0.0482,-8.5463,0.0000,0.0000,0.0000,-0.5891,-0.0353,-0.9278,0.029,5954,0.0868,0.0587,0.1281,1,1,0.182
43.909,0,1,3,-0.6167,0.0000,-0.7216,-0.0416,-8.2769,0.0000,0.0000,0.0000,-0.5728,-0.0228,-0.9768,0.002,5960,0.0732,0.0575,0.1128,1,1,0.168
44.002,0,1,3,-0.6167,0.0000,-0.7098,-0.0359,-8.2411,0.0000,0.0000,0.0000,-0.5248,-0.0769,-6.7993,0.015,5963,0.0700,0.0491,0.0998,1,1,0.173
44.103,0,1,3,-0.6167,0.0000,-0.7002,-0.0304,-8.3265,0.0000,0.0000,0.0000,-0.7631,0.0306,-7.6491,0.009,5967,0.0448,0.0330,0.0889,1,1,0.165
44.203,0,1,3,-0.6167,0.0000,-0.6890,-0.0287,-8.1971,0.0000,0.0000,0.0000,-0.5142,-0.0696,-6.7093,0.015,5974,0.0521,0.0359,0.0778,1,1,0.181
44.307,0,1,4,-0.6167,0.6167,-0.6815,-0.0251,-8.1081,0.0000,0.0000,0.0000,-0.5111,-0.0720,-6.4883,0.006,5980,-0.0035,0.1004,0.6450,1,1,0.199
44.403,0,1,4,-0.6167,0.6167,-0.6734,-0.0194,-8.0926,0.0000,0.0000,0.0000,-0.5452,0.0009,-0.9163,0.011,5986,-0.0073,0.1068,0.6386,1,1,0.185
44.505,0,1,4,-0.6167,0.6167,-0.6678,-0.0097,-7.7001,0.0000,0.0000,0.0000,-0.7611,0.0323,-7.7793,0.002,5992,-0.0052,0.1034,0.6284,1,1,0.209
44.602,0,1,4,-0.6167,0.6167,-0.6641,0.0001,-7.5892,0.0000,0.0000,0.0000,-0.7483,0.0659,-7.9059,0.023,5998,-0.0057,0.0998,0.6183,1,1,0.238
44.703,0,1,4,-0.6167,0.6167,-0.6592,0.0097,-7.8439,0.0000,0.0000,0.0000,-0.4834,-0.0451,-6.8298,0.011,6003,-0.0064,0.0998,0.6085,1,1,0.237
44.802,0,1,4,-0.6167,0.6167,-0.6559,0.0201,-7.8744,0.0000,0.0000,0.0000,-0.7371,0.0750,-7.8438,0.008,6010,-0.0068,0.0998,0.5979,1,1,0.209
44.906,0,1,4,-0.6167,0.6167,-0.6523,0.0298,-7.8687,0.0000,0.0000,0.0000,-0.4798,-0.0281,-7.3740,0.010,6016,-0.0073,0.0997,0.5880,1,1,0.237
45.002,0,1,4,-0.6167,0.6167,-0.6489,0.0390,-7.6737,0.0000,0.0000,0.0000,-0.6493,-0.0029,-0.6224,0.022,6022,-0.0078,0.0997,0.5786,1,1,0.261
45.105,0,1,4,-0.6167,0.6167,-0.6475,0.0486,-7.8801,0.0000,0.0000,0.0000,-0.4738,-0.0146,-7.4670,0.007,6028,-0.0079,0.0997,0.5689,1,1,0.250
45.202,0,1,4,-0.6167,0.6167,-0.6429,0.0574,-7.6689,0.0000,0.0000,0.0000,-0.6584,0.0221,-0.8198,0.023,6034,-0.0087,0.0996,0.5599,1,1,0.266
45.306,0,1,4,-0.6167,0.6167,-0.6418,0.0682,-7.6629,0.0000,0.0000,0.0000,-0.5479,0.0923,-1.0960,0.003,6040,-0.0088,0.0996,0.5491,1,1,0.274
45.403,0,1,4,-0.6167,0.6167,-0.6377,0.0770,-7.6372,0.0000,0.0000,0.0000,-0.4527,0.0125,-8.0384,0.017,6046,-0.0095,0.0996,0.5401,1,1,0.275
45.506,0,1,4,-0.6167,0.6167,-0.6371,0.0869,-7.7000,0.0000,0.0000,0.0000,-0.5421,0.1159,-0.9723,0.002,6052,-0.0095,0.0995,0.5302,1,1,0.286
45.603,0,1,4,-0.6167,0.6167,-0.6332,0.0958,-7.8616,0.0000,0.0000,0.0000,-0.4464,0.0260,-8.3869,0.013,6058,-0.0102,0.0995,0.5212,1,1,0.289
45.707,0,1,4,-0.6167,0.6167,-0.6343,0.1061,-7.6615,0.0000,0.0000,0.0000,-0.6784,0.0295,-0.0389,0.002,6063,-0.0099,0.0995,0.5108,1,1,0.310
45.803,0,1,4,-0.6167,0.6167,-0.6353,0.1155,-7.6010,0.0000,0.0000,0.0000,-0.6962,0.0511,0.1993,0.026,6066,-0.0096,0.0995,0.5015,1,1,0.310
45.902,0,1,4,-0.6167,0.6167,-0.6349,0.1257,-7.7068,0.0000,0.0000,0.0000,-0.5428,0.1505,-0.9895,0.039,6070,-0.0096,0.0995,0.4913,1,1,0.348
46.004,0,1,4,-0.6167,0.6167,-0.6359,0.1363,-7.5872,0.0000,0.0000,0.0000,-0.5467,0.1636,-1.2889,0.007,6076,-0.0094,0.0996,0.4807,1,1,0.364
46.105,0,1,4,-0.6167,0.6167,-0.6362,0.1455,-7.6847,0.0000,0.0000,0.0000,-0.6956,0.0512,0.3673,0.047,6079,-0.0092,0.0996,0.4716,1,1,0.355
46.204,0,1,4,-0.6167,0.6167,-0.6372,0.1564,-7.4942,0.0000,0.0000,0.0000,-0.5520,0.1818,-1.6651,0.012,6085,-0.0089,0.0996,0.4608,1,1,0.393
46.302,0,1,4,-0.6167,0.6167,-0.6375,0.1675,-7.5311,0.0000,0.0000,0.0000,-0.7044,0.2341,-7.8729,0.016,6088,-0.0087,0.0996,0.4496,1,1,0.404
46.404,0,1,4,-0.6167,0.6167,-0.6361,0.1786,-7.7925,0.0000,0.0000,0.0000,-0.5503,0.2031,-1.3983,0.031,6091,-0.0089,0.0996,0.4385,1,1,0.417
46.504,0,1,4,-0.6167,0.6167,-0.6363,0.1898,-8.0104,0.0000,0.0000,0.0000,-0.7023,0.2351,-8.0627,0.014,6094,-0.0088,0.0996,0.4273,1,1,0.375
46.602,0,1,4,-0.6167,0.6167,-0.6348,0.2009,-7.7743,0.0000,0.0000,0.0000,-0.5450,0.2277,-1.3863,0.024,6097,-0.0090,0.0996,0.4162,1,1,0.269
46.706,0,1,4,-0.6167,0.6167,-0.6348,0.2120,-7.8477,0.0000,0.0000,0.0000,-0.6940,0.2480,-7.5980,0.024,6100,-0.0089,0.0996,0.4051,1,1,0.368
46.803,0,1,4,-0.6167,0.6167,-0.6333,0.2230,-8.0588,0.0000,0.0000,0.0000,-0.5500,0.2437,-1.7090,0.030,6103,-0.0091,0.0996,0.3940,1,1,0.362
46.902,0,1,4,-0.6167,0.6167,-0.6334,0.2337,-7.9511,0.0000,0.0000,0.0000,-0.6953,0.2484,-7.4553,0.018,6106,-0.0090,0.0996,0.3834,1,1,0.361
47.002,0,1,4,-0.6167,0.6167,-0.6328,0.2440,-7.8624,0.0000,0.0000,0.0000,-0.5518,0.2651,-1.6331,0.006,6109,-0.0090,0.0996,0.3730,1,1,0.376
47.105,0,1,4,-0.6167,0.6167,-0.6287,0.2538,-7.7859,0.0000,0.0000,0.0000,-0.3811,0.1723,-10.2499,0.010,6114,-0.0100,0.0995,0.3631,1,1,0.386
47.202,0,1,4,-0.6167,0.6167,-0.6218,0.2628,-8.1677,0.0000,0.0000,0.0000,-0.5468,0.2887,-1.2387,0.021,6118,-0.0119,0.0993,0.3539,1,1,0.409
47.303,0,1,4,-0.6167,0.6167,-0.6160,0.2722,-8.3722,0.0000,0.0000,0.0000,-0.6822,0.3002,-7.7026,0.003,6123,-0.0135,0.0991,0.3445,1,1,0.414
47.402,0,1,4,-0.6167,0.6167,-0.6134,0.2826,-8.0427,0.0000,0.0000,0.0000,-0.6847,0.2998,-7.4956,0.016,6127,-0.0143,0.0990,0.3341,1,1,0.356
47.505,0,1,4,-0.6167,0.6167,-0.6082,0.2913,-8.1520,0.0000,0.0000,0.0000,-0.6798,0.3474,-7.4520,0.003,6132,-0.0159,0.0987,0.3255,1,1,0.300
47.604,0,1,4,-0.6167,0.6167,-0.6061,0.3018,-8.2108,0.0000,0.0000,0.0000,-0.5461,0.3310,-1.0905,0.034,6136,-0.0166,0.0986,0.3150,1,1,0.322
47.705,0,1,4,-0.6167,0.6167,-0.6048,0.3122,-8.3269,0.0000,0.0000,0.0000,-0.3679,0.2204,-10.6320,0.004,6141,-0.0172,0.0985,0.3047,1,1,0.273
47.804,0,1,4,-0.6167,0.6167,-0.5996,0.3213,-8.3407,0.0000,0.0000,0.0000,-0.5433,0.3545,-0.9086,0.028,6145,-0.0190,0.0982,0.2958,1,1,0.306
47.903,0,1,4,-0.6167,0.6167,-0.5960,0.3304,-8.2610,0.0000,0.0000,0.0000,-0.3626,0.2350,-10.8031,0.007,6150,-0.0204,0.0979,0.2870,1,1,0.264
48.003,0,1,4,-0.6167,0.6167,-0.5940,0.3409,-8.0399,0.0000,0.0000,0.0000,-0.5528,0.3691,-0.9292,0.032,6154,-0.0214,0.0977,0.2767,1,1,0.293
48.103,0,1,4,-0.6167,0.6167,-0.5958,0.3512,-8.1183,0.0000,0.0000,0.0000,-0.6780,0.3916,-6.9302,0.020,6158,-0.0210,0.0978,0.2663,1,1,0.307
48.203,0,1,4,-0.6167,0.6167,-0.5959,0.3616,-8.0925,0.0000,0.0000,0.0000,-0.5429,0.2996,-5.6400,0.008,6163,-0.0213,0.0977,0.2559,1,1,0.280
48.306,0,1,4,-0.6167,0.6167,-0.5976,0.3718,-8.2823,0.0000,0.0000,0.0000,-0.3474,0.2870,-11.1053,0.003,6168,-0.0210,0.0978,0.2456,1,1,0.310
48.403,0,1,4,-0.6167,0.6167,-0.5929,0.3812,-8.1248,0.0000,0.0000,0.0000,-0.5502,0.4148,-0.5839,0.018,6172,-0.0232,0.0973,0.2367,1,1,0.551
48.503,0,1,4,-0.6167,0.6167,-0.5897,0.3904,-7.9880,0.0000,0.0000,0.0000,-0.3385,0.2998,-10.8758,0.008,6177,-0.0250,0.0968,0.2279,1,1,0.291
48.603,0,1,4,-0.6167,0.6167,-0.5885,0.3999,-8.2988,0.0000,0.0000,0.0000,-0.5605,0.3573,-1.2055,0.003,6181,-0.0260,0.0966,0.2186,1,1,0.575
48.704,0,1,4,-0.6167,0.6167,-0.5844,0.4080,-8.0959,0.0000,0.0000,0.0000,-0.3316,0.3151,-11.3330,0.013,6185,-0.0283,0.0959,0.2111,1,1,0.469
48.803,0,1,4,-0.6167,0.6167,-0.5844,0.4182,-8.2193,0.0000,0.0000,0.0000,-0.5560,0.4552,-0.0799,0.036,6190,-0.0291,0.0957,0.2011,1,1,0.296
48.906,0,1,4,-0.6167,0.6167,-0.5848,0.4277,-8.1072,0.0000,0.0000,0.0000,-0.5605,0.4661,-0.2374,0.003,6196,-0.0296,0.0955,0.1916,1,1,0.471
49.002,0,1,4,-0.6167,0.6167,-0.5813,0.4365,-8.0851,0.0000,0.0000,0.0000,-0.5569,0.4785,-0.0299,0.032,6199,-0.0322,0.0947,0.1836,1,1,0.296
49.102,0,1,4,-0.6167,0.6167,-0.5792,0.4459,-7.9917,0.0000,0.0000,0.0000,-0.3176,0.3427,-11.5503,0.006,6204,-0.0342,0.0940,0.1748,1,1,0.443
49.202,0,1,4,-0.6167,0.6167,-0.5791,0.4551,-7.9086,0.0000,0.0000,0.0000,-0.5641,0.4951,0.1539,0.026,6208,-0.0354,0.0935,0.1659,1,1,0.478
49.306,0,1,4,-0.6167,0.6167,-0.5778,0.4645,-8.0330,0.0000,0.0000,0.0000,-0.3373,0.3864,-10.8989,0.012,6213,-0.0374,0.0927,0.1570,1,1,0.480
49.402,0,1,4,-0.6167,0.6167,-0.5788,0.4734,-7.9719,0.0000,0.0000,0.0000,-0.3375,0.3873,-10.9831,0.013,6217,-0.0368,0.0910,0.1482,1,1,0.196
49.503,0,1,4,-0.6167,0.6167,-0.5806,0.4816,-8.0303,0.0000,0.0000,0.0000,-0.6696,0.5071,-5.3205,0.020,6221,-0.0384,0.0923,0.1398,1,1,0.243
49.602,0,1,4,-0.6167,0.6167,-0.5791,0.4885,-7.9189,0.0000,0.0000,0.0000,-0.3290,0.4047,-11.2868,0.023,6226,-0.0318,0.0825,0.1336,1,1,0.175
49.702,0,1,4,-0.6167,0.6167,-0.5809,0.4960,-8.1327,0.0000,0.0000,0.0000,-0.6750,0.5073,-4.9363,0.021,6230,-0.0339,0.0842,0.1259,1,1,0.180
49.802,0,1,4,-0.6167,0.6167,-0.5789,0.5026,-8.1925,0.0000,0.0000,0.0000,-0.6181,0.4647,-2.1613,0.002,6235,-0.0506,0.0949,0.1202,1,1,0.175
49.904,0,1,4,-0.6167,0.6167,-0.5777,0.5090,-7.9612,0.0000,0.0000,0.0000,-0.3106,0.4264,-11.4490,0.015,6239,-0.0466,0.0770,0.1145,1,1,0.187
50.003,0,1,4,-0.6167,0.6167,-0.5806,0.5163,-7.9524,0.0000,0.0000,0.0000,-0.6135,0.4872,-1.2319,0.022,6244,-0.0444,0.0706,0.1066,1,1,0.183
50.104,0,1,4,-0.6167,0.6167,-0.5789,0.5224,-8.1127,0.0000,0.0000,0.0000,-0.3102,0.4306,-11.7926,0.011,6248,-0.0452,0.0656,0.1016,1,1,0.182
50.202,0,1,4,-0.6167,0.6167,-0.5819,0.5287,-8.2273,0.0000,0.0000,0.0000,-0.6788,0.5798,-5.3161,0.018,6253,-0.0310,0.0602,0.0946,1,1,0.178
50.305,0,1,4,-0.6167,0.6167,-0.5795,0.5337,-8.1047,0.0000,0.0000,0.0000,-0.6802,0.5796,-5.2317,0.004,6258,-0.0332,0.0567,0.0909,1,1,0.180
50.403,0,1,4,-0.6167,0.6167,-0.5823,0.5393,-7.8612,0.0000,0.0000,0.0000,-0.6338,0.5083,-1.3506,0.034,6262,-0.0252,0.0474,0.0847,1,1,0.157
50.503,0,1,4,-0.6167,0.6167,-0.5812,0.5438,-8.0287,0.0000,0.0000,0.0000,-0.6384,0.5165,-1.3494,0.002,6268,-0.0290,0.0471,0.0811,1,1,0.170
50.602,0,1,4,-0.6167,0.6167,-0.5827,0.5477,-7.9319,0.0000,0.0000,0.0000,-0.6388,0.5164,-1.3323,0.030,6271,-0.0408,0.0446,0.0769,1,1,0.170
50.704,0,1,5,-1.2333,0.6167,-0.5839,0.5506,-7.9112,0.0000,0.0000,0.0000,-0.2983,0.4558,-11.9408,0.008,6276,-0.0883,-0.0149,0.6528,1,1,0.167
50.802,0,1,5,-1.2333,0.6167,-0.5918,0.5494,-7.7024,0.0000,0.0000,0.0000,-0.2983,0.4558,-11.9401,0.019,6280,-0.0922,-0.0107,0.6450,1,1,0.178
50.902,0,1,5,-1.2333,0.6167,-0.6003,0.5495,-7.9524,0.0000,0.0000,0.0000,-0.6566,0.5237,-0.8216,0.007,6285,-0.0890,-0.0138,0.6365,1,1,0.169
51.002,0,1,5,-1.2333,0.6167,-0.6048,0.5478,-7.9725,0.0000,0.0000,0.0000,-0.2923,0.4703,-12.5102,0.020,6289,-0.1127,-0.0152,0.6323,1,1,0.164
51.105,0,1,5,-1.2333,0.6167,-0.6109,0.5470,-7.9217,0.0000,0.0000,0.0000,-0.2927,0.4700,-12.5070,0.013,6294,-0.0897,-0.0125,0.6263,1,1,0.171
51.202,0,1,5,-1.2333,0.6167,-0.6183,0.5459,-7.6009,0.0000,0.0000,0.0000,-0.6720,0.5187,-0.3108,0.025,6298,-0.1095,-0.0115,0.6191,1,1,0.173
51.304,0,1,5,-1.2333,0.6167,-0.6298,0.5460,-7.8852,0.0000,0.0000,0.0000,-0.7130,0.5942,-3.3223,0.009,6303,-0.0897,-0.0120,0.6076,1,1,0.171
51.403,0,1,5,-1.2333,0.6167,-0.6428,0.5460,-7.6918,0.0000,0.0000,0.0000,-0.6922,0.5081,-0.6552,0.021,6307,-0.0890,-0.0124,0.5947,1,1,0.169
51.505,0,1,5,-1.2333,0.6167,-0.6552,0.5460,-7.5220,0.0000,0.0000,0.0000,-0.7028,0.4998,-0.0839,0.002,6312,-0.0929,-0.0083,0.5825,1,1,0.180
51.602,0,1,5,-1.2333,0.6167,-0.6671,0.5461,-7.4681,0.0000,0.0000,0.0000,-0.7028,0.5001,-0.0880,0.021,6316,-0.0926,-0.0084,0.5706,1,1,0.179
51.705,0,1,5,-1.2333,0.6167,-0.6792,0.5466,-7.6155,0.0000,0.0000,0.0000,-0.6750,0.5414,-4.2570,0.011,6321,-0.0880,-0.0128,0.5585,1,1,0.166
51.802,0,1,5,-1.2333,0.6167,-0.6897,0.5461,-7.7385,0.0000,0.0000,0.0000,-0.7192,0.4939,-0.3048,0.036,6325,-0.1106,-0.0111,0.5482,1,1,0.170
51.904,0,1,5,-1.2333,0.6167,-0.7026,0.5478,-7.5037,0.0000,0.0000,0.0000,-0.7283,0.4926,-0.0189,0.003,6331,-0.0905,-0.0100,0.5352,1,1,0.173
52.004,0,1,5,-1.2333,0.6167,-0.7134,0.5489,-7.1793,0.0000,0.0000,0.0000,-0.7325,0.4898,0.1847,0.038,6334,-0.0919,-0.0085,0.5243,1,1,0.177
52.104,0,1,5,-1.2333,0.6167,-0.7251,0.5506,-7.5144,0.0000,0.0000,0.0000,-0.7373,0.4895,0.3068,0.004,6339,-0.0947,-0.0057,0.5125,1,1,0.185
52.203,0,1,5,-1.2333,0.6167,-0.7367,0.5513,-7.4239,0.0000,0.0000,0.0000,-0.7452,0.6174,-1.2383,0.019,6343,-0.0894,-0.0109,0.5009,1,1,0.170
52.305,0,1,5,-1.2333,0.6167,-0.7482,0.5518,-7.3060,0.0000,0.0000,0.0000,-0.7583,0.6131,-1.2343,0.007,6348,-0.0869,-0.0132,0.4894,1,1,0.163
52.402,0,1,5,-1.2333,0.6167,-0.7596,0.5494,-7.0525,0.0000,0.0000,0.0000,-0.7629,0.6126,-1.1718,0.022,6352,-0.0912,-0.0081,0.4785,1,1,0.175
52.503,0,1,5,-1.2333,0.6167,-0.7718,0.5467,-7.1046,0.0000,0.0000,0.0000,-0.7763,0.6105,-1.0901,0.009,6357,-0.0901,-0.0082,0.4668,1,1,0.172
52.604,0,1,5,-1.2333,0.6167,-0.7821,0.5445,-7.2061,0.0000,0.0000,0.0000,-0.7976,0.4695,-0.7452,0.003,6361,-0.0915,-0.0060,0.4570,1,1,0.176
52.704,0,1,5,-1.2333,0.6167,-0.7930,0.5415,-7.1105,0.0000,0.0000,0.0000,-0.7901,0.5439,-4.4989,0.010,6365,-0.0907,-0.0057,0.4467,1,1,0.174
52.802,0,1,5,-1.2333,0.6167,-0.8037,0.5374,-6.8873,0.0000,0.0000,0.0000,-0.7950,0.5439,-4.5511,0.020,6370,-0.1115,-0.0068,0.4369,1,1,0.167
52.903,0,1,5,-1.2333,0.6167,-0.8155,0.5359,-7.0258,0.0000,0.0000,0.0000,-0.8107,0.4613,0.1327,0.003,6375,-0.0899,-0.0042,0.4256,1,1,0.172
53.002,0,1,5,-1.2333,0.6167,-0.8265,0.5324,-7.1405,0.0000,0.0000,0.0000,-0.8104,0.4639,0.0031,0.027,6379,-0.0884,-0.0043,0.4154,1,1,0.168
53.102,0,1,5,-1.2333,0.6167,-0.8379,0.5310,-7.0483,0.0000,0.0000,0.0000,-0.8300,0.5803,-3.1255,0.002,6384,-0.1092,-0.0016,0.4046,1,1,0.173
53.203,0,1,5,-1.2333,0.6167,-0.8477,0.5297,-6.9348,0.0000,0.0000,0.0000,-0.8187,0.4612,0.3166,0.035,6388,-0.0925,0.0017,0.3953,1,1,0.180
53.304,0,1,5,-1.2333,0.6167,-0.8587,0.5288,-7.1570,0.0000,0.0000,0.0000,-0.7938,0.4660,1.9987,0.002,6394,-0.0903,0.0005,0.3848,1,1,0.174
53.402,0,1,5,-1.2333,0.6167,-0.8664,0.5276,-7.0758,0.0000,0.0000,0.0000,-0.7926,0.4670,1.9363,0.033,6397,-0.0934,0.0044,0.3775,1,1,0.183
53.504,0,1,5,-1.2333,0.6167,-0.8767,0.5267,-6.8268,0.0000,0.0000,0.0000,-0.8716,0.5765,-3.4190,0.008,6402,-0.0895,0.0014,0.3678,1,1,0.172
53.602,0,1,5,-1.2333,0.6167,-0.8918,0.5236,-6.9081,0.0000,0.0000,0.0000,-0.8024,0.4652,2.2922,0.020,6408,-0.0896,0.0037,0.3540,1,1,0.173
53.704,0,1,5,-1.2333,0.6167,-0.9014,0.5232,-6.7722,0.0000,0.0000,0.0000,-0.8092,0.4636,2.5436,0.002,6413,-0.0912,0.0063,0.3448,1,1,0.178
53.802,0,1,5,-1.2333,0.6167,-0.9087,0.5235,-7.1310,0.0000,0.0000,0.0000,-0.8083,0.4643,2.5024,0.013,6417,-0.1092,0.0043,0.3377,1,1,0.171
53.904,0,1,5,-1.2333,0.6167,-0.9193,0.5236,-6.9031,0.0000,0.0000,0.0000,-0.9087,0.5660,-4.8881,0.007,6422,-0.0910,0.0076,0.3275,1,1,0.178
54.002,0,1,5,-1.2333,0.6167,-0.9267,0.5241,-7.1250,0.0000,0.0000,0.0000,-0.8170,0.4644,2.8183,0.029,6426,-0.0906,0.0077,0.3203,1,1,0.177
54.105,0,1,5,-1.2333,0.6167,-0.9357,0.5254,-6.9262,0.0000,0.0000,0.0000,-1.0156,0.4737,-4.1279,0.003,6431,-0.0873,0.0050,0.3113,1,1,0.168
54.202,0,1,5,-1.2333,0.6167,-0.9426,0.5256,-7.2354,0.0000,0.0000,0.0000,-1.0188,0.4722,-3.9244,0.023,6435,-0.1102,0.0052,0.3046,1,1,0.167
54.303,0,1,5,-1.2333,0.6167,-0.9498,0.5271,-7.0203,0.0000,0.0000,0.0000,-0.7341,0.5016,7.3260,0.007,6440,-0.0918,0.0104,0.2974,1,1,0.181
54.402,0,1,5,-1.2333,0.6167,-0.9596,0.5272,-7.2217,0.0000,0.0000,0.0000,-1.1879,0.4714,0.1500,0.017,6445,-0.1068,0.0266,0.2880,1,1,0.176
54.502,0,1,5,-1.2333,0.6167,-0.9714,0.5290,-6.8074,0.0000,0.0000,0.0000,-0.9908,0.5722,-5.2007,0.008,6451,-0.0873,0.0079,0.2762,1,1,0.169
54.602,0,1,5,-1.2333,0.6167,-0.9794,0.5291,-6.8833,0.0000,0.0000,0.0000,-1.2274,0.4811,0.2064,0.015,6457,-0.0874,0.0091,0.2686,1,1,0.170
54.704,0,1,5,-1.2333,0.6167,-0.9902,0.5308,-6.9392,0.0000,0.0000,0.0000,-0.6798,0.5370,10.7558,0.003,6464,-0.0862,0.0088,0.2579,1,1,0.167
54.802,0,1,5,-1.2333,0.6167,-0.9979,0.5316,-6.4630,0.0000,0.0000,0.0000,-1.2263,0.4961,-0.9155,0.022,6469,-0.0910,0.0144,0.2503,1,1,0.181
54.906,0,1,5,-1.2333,0.6167,-1.0068,0.5337,-6.8788,0.0000,0.0000,0.0000,-1.1792,0.5365,-2.1688,0.008,6475,-0.0874,0.0113,0.2412,1,1,0.171
55.002,0,1,5,-1.2333,0.6167,-1.0136,0.5365,-6.4498,0.0000,0.0000,0.0000,-1.0437,0.5859,-5.4040,0.020,6481,-0.0881,0.0119,0.2339,1,1,0.173
55.104,0,1,5,-1.2333,0.6167,-1.0221,0.5386,-6.8588,0.0000,0.0000,0.0000,-0.6423,0.5668,13.3211,0.008,6487,-0.1092,0.0102,0.2252,1,1,0.167
55.203,0,1,5,-1.2333,0.6167,-1.0295,0.5415,-6.6850,0.0000,0.0000,0.0000,-0.6446,0.5649,13.4267,0.025,6493,-0.0884,0.0126,0.2172,1,1,0.174
55.302,0,1,5,-1.2333,0.6167,-1.0396,0.5436,-6.6794,0.0000,0.0000,0.0000,-1.0825,0.5960,-5.3943,0.010,6499,-0.0861,0.0112,0.2070,1,1,0.168
55.405,0,1,5,-1.2333,0.6167,-1.0499,0.5448,-6.6791,0.0000,0.0000,0.0000,-0.6475,0.5590,13.7407,0.003,6505,-0.0894,0.0160,0.1970,1,1,0.178
55.503,0,1,5,-1.2333,0.6167,-1.0549,0.5473,-6.7473,0.0000,0.0000,0.0000,-1.2784,0.4985,-2.0002,0.004,6511,-0.0898,0.0161,0.1915,1,1,0.179
55.602,0,1,5,-1.2333,0.6167,-1.0612,0.5486,-6.8410,0.0000,0.0000,0.0000,-0.6200,0.5845,15.3779,0.021,6517,-0.0875,0.0145,0.1851,1,1,0.173
55.704,0,1,5,-1.2333,0.6167,-1.0697,0.5508,-6.9281,0.0000,0.0000,0.0000,-1.1017,0.5726,-9.4727,0.005,6523,-0.0881,0.0158,0.1763,1,1,0.175
55.802,0,1,5,-1.2333,0.6167,-1.0749,0.5531,-6.7845,0.0000,0.0000,0.0000,-1.2671,0.5230,-3.3714,0.020,6529,-0.0885,0.0160,0.1707,1,1,0.176
55.905,0,1,5,-1.2333,0.6167,-1.0844,0.5559,-6.7399,0.0000,0.0000,0.0000,-0.6283,0.5779,15.7939,0.003,6536,-0.0901,0.0184,0.1609,1,1,0.181
56.002,0,1,5,-1.2333,0.6167,-1.0887,0.5585,-6.8762,0.0000,0.0000,0.0000,-1.2681,0.5255,-3.5227,0.010,6541,-0.1139,0.0416,0.1559,1,1,0.152
56.103,0,1,5,-1.2333,0.6167,-1.0979,0.5632,-6.9440,0.0000,0.0000,0.0000,-1.1447,0.5818,-10.2098,0.007,6547,-0.0900,0.0169,0.1456,1,1,0.180
56.202,0,1,5,-1.2333,0.6167,-1.1008,0.5667,-6.8570,0.0000,0.0000,0.0000,-1.2913,0.5780,-4.6507,0.023,6553,-0.0904,0.0154,0.1416,1,1,0.180
56.304,0,1,5,-1.2333,0.6167,-1.1094,0.5708,-6.7752,0.0000,0.0000,0.0000,-0.5553,0.6406,20.2525,0.004,6560,-0.0870,0.0113,0.1322,1,1,0.170
56.403,0,1,5,-1.2333,0.6167,-1.1118,0.5737,-6.6282,0.0000,0.0000,0.0000,-0.5566,0.6340,20.5076,0.029,6564,-0.0912,0.0138,0.1289,1,1,0.181
56.503,0,1,5,-1.2333,0.6167,-1.1194,0.5763,-7.1164,0.0000,0.0000,0.0000,-1.2909,0.5941,-5.7339,0.002,6569,-0.0871,0.0123,0.1209,1,1,0.178
56.603,0,1,5,-1.2333,0.6167,-1.1267,0.5797,-7.0724,0.0000,0.0000,0.0000,-0.4914,0.6991,23.9739,0.003,6573,-0.0821,0.0115,0.1128,1,1,0.180
56.705,0,1,5,-1.2333,0.6167,-1.1257,0.5836,-6.8586,0.0000,0.0000,0.0000,-1.2923,0.6005,-6.1881,0.003,6577,-0.0806,0.0064,0.1126,1,1,0.174
56.802,0,1,5,-1.2333,0.6167,-1.1263,0.5869,-6.6338,0.0000,0.0000,0.0000,-1.2540,0.5777,-9.1880,0.024,6581,-0.0796,0.0037,0.1111,1,1,0.173
56.904,0,1,5,-1.2333,0.6167,-1.1309,0.5895,-6.7287,0.0000,0.0000,0.0000,-0.4511,0.7226,26.9690,0.002,6586,-0.0916,0.0032,0.1060,1,1,0.175
57.002,0,1,5,-1.2333,0.6167,-1.1290,0.5931,-6.8763,0.0000,0.0000,0.0000,-1.2679,0.5887,-9.5474,0.007,6588,-0.0767,-0.0009,0.1069,1,1,0.172
57.104,0,1,5,-1.2333,0.6167,-1.1306,0.5949,-6.6327,0.0000,0.0000,0.0000,-0.4317,0.7480,28.3033,0.008,6591,-0.0906,0.0132,0.1050,1,1,0.177
57.203,0,1,5,-1.2333,0.6167,-1.1277,0.5985,-6.7336,0.0000,0.0000,0.0000,-0.4326,0.7472,28.3511,0.038,6594,-0.0790,-0.0035,0.1072,1,1,0.178
57.302,0,1,5,-1.2333,0.6167,-1.1289,0.6001,-6.4980,0.0000,0.0000,0.0000,-0.4146,0.7581,29.4163,0.004,6598,-0.0753,-0.0073,0.1057,1,1,0.169
57.402,0,1,5,-1.2333,0.6167,-1.1256,0.6029,-6.6361,0.0000,0.0000,0.0000,-0.3870,0.7792,30.8857,0.033,6600,-0.0804,-0.0070,0.1086,1,1,0.179
57.503,0,1,5,-1.2333,0.6167,-1.1296,0.6043,-6.8574,0.0000,0.0000,0.0000,-0.3841,0.7815,30.7360,0.008,6604,-0.0907,-0.0084,0.1045,1,1,0.176
57.602,0,1,5,-1.2333,0.6167,-1.1240,0.6073,-6.4456,0.0000,0.0000,0.0000,-0.3861,0.7803,30.8102,0.038,6606,-0.0939,-0.0104,0.1097,1,1,0.180
57.705,0,1,5,-1.2333,0.6167,-1.1304,0.6098,-6.5906,0.0000,0.0000,0.0000,-0.3889,0.7785,30.9296,0.003,6610,-0.0747,-0.0131,0.1031,1,1,0.174
57.802,0,1,5,-1.2333,0.6167,-1.1243,0.6120,-6.2986,0.0000,0.0000,0.0000,-0.3916,0.7760,31.0740,0.037,6612,-0.0805,-0.0144,0.1091,1,1,0.179
57.902,0,1,5,-1.2333,0.6167,-1.1285,0.6128,-6.5971,0.0000,0.0000,0.0000,-1.3581,0.5958,-11.9941,0.017,6615,-0.0749,-0.0167,0.1049,1,1,0.171
58.002,0,1,5,-1.2333,0.6167,-1.1210,0.6152,-6.0599,0.0000,0.0000,0.0000,-0.3515,0.8008,33.0456,0.028,6618,-0.0803,-0.0197,0.1123,1,1,0.172
58.103,0,1,5,-1.2333,0.6167,-1.1265,0.6152,-5.0221,0.0000,0.0000,0.0000,-1.3654,0.5968,-11.2535,0.010,6621,-0.0924,-0.0178,0.1069,1,1,0.175
58.202,0,1,5,-1.2333,0.6167,-1.1373,0.6140,-4.3085,0.0000,0.0000,0.0000,-1.3602,0.5941,-10.3851,0.028,6622,-0.0838,-0.0155,0.0961,1,1,0.173
58.304,0,1,5,-1.2333,0.6167,-1.1478,0.6129,-3.8250,0.0000,0.0000,0.0000,-1.3577,0.5930,-9.4639,0.051,6623,-0.0738,-0.0117,0.0856,1,1,0.177
58.402,0,1,5,-1.2333,0.6167,-1.1603,0.6133,-3.4505,0.0000,0.0000,0.0000,-1.4057,0.7028,-11.4640,0.039,6625,-0.0641,-0.0109,0.0731,1,1,0.172
58.504,0,1,5,-1.2333,0.6167,-1.1715,0.6152,-3.2759,0.0000,0.0000,0.0000,-1.3983,0.6902,-9.7965,0.013,6627,0.0000,0.0000,0.0618,1,1,0.176
58.602,0,1,5,-1.2333,0.6167,-1.1746,0.6163,-3.3007,0.0000,0.0000,0.0000,-1.3962,0.6903,-9.3745,0.056,6628,0.0000,0.0000,0.0587,1,1,0.165
58.702,0,1,5,-1.2333,0.6167,-1.1807,0.6185,-3.5145,0.0000,0.0000,0.0000,-1.3983,0.6898,-9.2657,0.020,6630,0.0000,0.0000,0.0527,1,1,0.173
58.802,0,1,5,-1.2333,0.6167,-1.1836,0.6196,-3.6731,0.0000,0.0000,0.0000,-1.3983,0.6898,-9.2648,0.056,6631,0.0000,0.0000,0.0498,1,1,0.182
58.902,0,1,5,-1.2333,0.6167,-1.1896,0.6217,-3.8976,0.0000,0.0000,0.0000,-1.3983,0.6898,-9.2640,0.021,6633,0.0000,0.0000,0.0440,1,1,0.166
59.002,0,1,5,-1.2333,0.6167,-1.1925,0.6228,-4.0577,0.0000,0.0000,0.0000,-1.3983,0.6898,-9.2643,0.051,6634,0.0000,0.0000,0.0412,1,1,0.181
59.103,0,1,5,-1.2333,0.6167,-1.1984,0.6249,-4.2797,0.0000,0.0000,0.0000,-1.3983,0.6899,-9.2631,0.022,6636,0.0000,0.0000,0.0359,1,1,0.175
59.202,0,1,5,-1.2333,0.6167,-1.2013,0.6259,-4.4399,0.0000,0.0000,0.0000,-1.3983,0.6898,-9.2622,0.051,6637,0.0000,0.0000,0.0334,1,1,0.178
59.301,0,1,5,-1.2333,0.6167,-1.2070,0.6280,-4.6595,0.0000,0.0000,0.0000,-1.3983,0.6899,-9.2630,0.020,6639,0.0000,0.0000,0.0286,1,1,0.176
59.402,0,1,5,-1.2333,0.6167,-1.2099,0.6290,-4.8184,0.0000,0.0000,0.0000,-1.3983,0.6899,-9.2631,0.054,6640,0.0000,0.0000,0.0265,1,1,0.168
59.508,0,1,5,-1.2333,0.6167,-1.2127,0.6299,-4.9767,0.0000,0.0000,0.0000,-1.3983,0.6899,-9.2627,0.002,6642,0.0000,0.0000,0.0245,0,2,0.164
59.602,0,1,5,-1.2333,0.6167,-1.2183,0.6319,-5.1838,0.0000,0.0000,0.0000,-1.3983,0.6899,-9.2625,0.043,6643,0.0000,0.0000,0.0214,0,2,0.175
59.703,0,1,5,-1.2333,0.6167,-1.2210,0.6328,-5.3524,0.0000,0.0000,0.0000,-1.3982,0.6900,-9.2636,0.082,6644,0.0000,0.0000,0.0203,0,2,0.178
59.802,0,1,5,-1.2333,0.6167,-1.2256,0.6332,-5.4997,0.0000,0.0000,0.0000,-1.3423,0.5981,-6.0519,0.049,6646,0.0000,0.0000,0.0183,0,2,0.178
59.902,0,1,5,-1.2333,0.6167,-1.2292,0.6321,-5.6146,0.0000,0.0000,0.0000,-1.3424,0.5981,-6.0507,0.019,6648,0.0000,0.0000,0.0160,0,2,0.178
60.002,0,1,5,-1.2333,0.6167,-1.2318,0.6331,-5.7640,0.0000,0.0000,0.0000,-1.3943,0.6905,-9.1939,0.053,6649,0.0000,0.0000,0.0165,0,2,0.167
60.102,0,1,5,-1.2333,0.6167,-1.2361,0.6335,-5.9140,0.0000,0.0000,0.0000,-1.3942,0.6924,-9.2329,0.019,6651,0.0000,0.0000,0.0171,0,2,0.187
60.202,0,1,5,-1.2333,0.6167,-1.2386,0.6345,-6.0575,0.0000,0.0000,0.0000,-1.3942,0.6924,-9.2332,0.056,6652,0.0000,0.0000,0.0186,0,2,0.173
60.302,0,1,5,-1.2333,0.6167,-1.2436,0.6364,-6.2372,0.0000,0.0000,0.0000,-1.3941,0.6924,-9.2341,0.020,6654,0.0000,0.0000,0.0223,0,2,0.172
60.402,0,1,5,-1.2333,0.6167,-1.2460,0.6374,-6.3819,0.0000,0.0000,0.0000,-1.3942,0.6924,-9.2331,0.058,6655,0.0000,0.0000,0.0243,0,2,0.188
60.503,0,1,5,-1.2333,0.6167,-1.2492,0.6361,-6.4677,0.0000,0.0000,0.0000,-1.3424,0.5989,-6.0624,0.020,6657,0.0000,0.0000,0.0251,0,2,0.181
60.601,0,1,5,-1.2333,0.6167,-1.2515,0.6370,-6.6077,0.0000,0.0000,0.0000,-1.3943,0.6906,-9.1919,0.051,6658,0.0000,0.0000,0.0273,0,2,0.179
60.703,0,1,5,-1.2333,0.6167,-1.2562,0.6388,-6.7808,0.0000,0.0000,0.0000,-1.3942,0.6906,-9.1924,0.022,6660,0.0000,0.0000,0.0319,0,2,0.189
60.802,0,1,5,-1.2333,0.6167,-1.2585,0.6397,-6.9225,0.0000,0.0000,0.0000,-1.3942,0.6906,-9.1938,0.056,6661,0.0000,0.0000,0.0341,0,2,0.177
60.902,0,1,5,-1.2333,0.6167,-1.2599,0.6390,-7.0173,0.0000,0.0000,0.0000,-1.3942,0.6939,-9.2634,0.002,6663,0.0000,0.0000,0.0347,0,2,0.181
61.002,0,1,5,-1.2333,0.6167,-1.2644,0.6409,-7.1850,0.0000,0.0000,0.0000,-1.3941,0.6939,-9.2644,0.027,6664,0.0000,0.0000,0.0394,0,2,0.172
61.105,0,1,5,-1.2333,0.6167,-1.2666,0.6418,-7.3135,0.0000,0.0000,0.0000,-1.3941,0.6939,-9.2642,0.004,6666,0.0000,0.0000,0.0417,0,2,0.175
61.202,0,1,5,-1.2333,0.6167,-1.2709,0.6436,-7.4702,0.0000,0.0000,0.0000,-1.3941,0.6939,-9.2636,0.047,6667,0.0000,0.0000,0.0462,0,2,0.184
61.302,0,1,5,-1.2333,0.6167,-1.2751,0.6453,-7.6207,0.0000,0.0000,0.0000,-1.3941,0.6939,-9.2647,0.020,6669,0.0000,0.0000,0.0506,0,2,0.184
61.402,0,1,5,-1.2333,0.6167,-1.2771,0.6462,-7.7506,0.0000,0.0000,0.0000,-1.3941,0.6939,-9.2644,0.059,6670,0.0000,0.0000,0.0528,0,2,0.187
61.502,0,1,5,-1.2333,0.6167,-1.2802,0.6462,-7.8504,0.0000,0.0000,0.0000,-1.3937,0.6926,-9.2295,0.010,6672,0.0000,0.0000,0.0554,0,2,0.189
61.602,0,1,5,-1.2333,0.6167,-1.2822,0.6470,-7.9746,0.0000,0.0000,0.0000,-1.3937,0.6926,-9.2304,0.051,6673,0.0000,0.0000,0.0575,0,2,0.188
61.703,0,1,5,-1.2333,0.6167,-1.2843,0.6452,-8.0262,0.0000,0.0000,0.0000,-1.3429,0.5967,-6.0250,0.021,6675,0.0000,0.0000,0.0584,0,2,0.184
61.802,0,1,5,-1.2333,0.6167,-1.2853,0.6444,-8.1038,0.0000,0.0000,0.0000,-1.3429,0.5967,-6.0241,0.051,6676,0.0000,0.0000,0.0589,0,2,0.183
61.902,0,1,5,-1.2333,0.6167,-1.2890,0.6459,-8.2363,0.0000,0.0000,0.0000,-1.3933,0.6898,-9.1611,0.020,6678,0.0000,0.0000,0.0629,0,2,0.183
62.002,0,1,5,-1.2333,0.6167,-1.2908,0.6467,-8.3533,0.0000,0.0000,0.0000,-1.3933,0.6898,-9.1611,0.049,6679,0.0000,0.0000,0.0649,0,2,0.181
62.103,0,1,5,-1.2333,0.6167,-1.2944,0.6482,-8.4839,0.0000,0.0000,0.0000,-1.3933,0.6898,-9.1607,0.019,6681,0.0000,0.0000,0.0687,0,2,0.179
62.202,0,1,5,-1.2333,0.6167,-1.2953,0.6473,-8.5415,0.0000,0.0000,0.0000,-1.3427,0.5972,-6.0357,0.029,6682,0.0000,0.0000,0.0691,0,2,0.188
62.302,0,1,5,-1.2333,0.6167,-1.2970,0.6481,-8.6548,0.0000,0.0000,0.0000,-1.3935,0.6934,-9.2410,0.062,6683,0.0000,0.0000,0.0710,0,2,0.187
62.402,0,1,5,-1.2333,0.6167,-1.3004,0.6497,-8.7771,0.0000,0.0000,0.0000,-1.3935,0.6934,-9.2404,0.042,6685,0.0000,0.0000,0.0748,0,2,0.174
62.502,0,1,5,-1.2333,0.6167,-1.3028,0.6496,-8.8519,0.0000,0.0000,0.0000,-1.3424,0.5981,-6.0445,0.017,6687,0.0000,0.0000,0.0768,0,2,0.184
62.603,0,1,5,-1.2333,0.6167,-1.3035,0.6486,-8.9213,0.0000,0.0000,0.0000,-1.3424,0.5981,-6.0450,0.054,6688,0.0000,0.0000,0.0771,0,2,0.181
62.703,0,1,5,-1.2333,0.6167,-1.3057,0.6484,-8.9862,0.0000,0.0000,0.0000,-1.3426,0.5982,-6.0533,0.019,6690,0.0000,0.0000,0.0791,0,2,0.175
62.802,0,1,5,-1.2333,0.6167,-1.3073,0.6492,-9.0942,0.0000,0.0000,0.0000,-1.3937,0.6922,-9.2269,0.057,6691,0.0000,0.0000,0.0808,0,2,0.171
62.902,0,1,5,-1.2333,0.6167,-1.3104,0.6507,-9.2015,0.0000,0.0000,0.0000,-1.3937,0.6922,-9.2280,0.021,6693,0.0000,0.0000,0.0842,0,2,0.190
63.002,0,1,5,-1.2333,0.6167,-1.3109,0.6497,-9.2640,0.0000,0.0000,0.0000,-1.3433,0.5953,-6.0031,0.049,6694,0.0000,0.0000,0.0844,0,2,0.184
63.102,0,1,5,-1.2333,0.6167,-1.3139,0.6512,-9.3635,0.0000,0.0000,0.0000,-1.3936,0.6901,-9.1692,0.021,6696,0.0000,0.0000,0.0876,0,2,0.178
63.202,0,1,5,-1.2333,0.6167,-1.3153,0.6519,-9.4638,0.0000,0.0000,0.0000,-1.3937,0.6901,-9.1688,0.056,6697,0.0000,0.0000,0.0892,0,2,0.186
63.303,0,1,5,-1.2333,0.6167,-1.3181,0.6532,-9.5601,0.0000,0.0000,0.0000,-1.3937,0.6901,-9.1688,0.022,6699,0.0000,0.0000,0.0923,0,2,0.186
63.402,0,1,5,-1.2333,0.6167,-1.3185,0.6522,-9.6166,0.0000,0.0000,0.0000,-1.3424,0.5985,-6.0557,0.057,6700,0.0000,0.0000,0.0923,0,2,0.185
63.509,0,2,0,-1.2333,0.6167,-1.3199,0.6530,-9.7166,0.0000,0.0000,0.0000,-1.3938,0.6944,-9.2679,0.002,6702,0.0000,0.0000,0.0939,0,2,0.171
63.602,0,2,0,-1.2333,0.6167,-1.3206,0.6519,-9.7409,0.0000,0.0000,0.0000,-1.3427,0.5980,-6.0457,0.027,6703,0.0807,-0.0263,0.0941,0,2,0.171
63.702,0,2,0,-1.2333,0.6167,-1.3153,0.6478,-10.8414,0.0000,0.0000,0.0000,-1.3431,0.5963,-6.0487,0.009,6705,0.0710,-0.0187,0.0876,0,2,0.189
63.801,0,2,0,-1.2333,0.6167,-1.3120,0.6478,-12.4815,0.0000,0.0000,0.0000,-1.4721,0.8080,-15.0079,0.027,6706,0.0591,-0.0136,0.0846,0,2,0.179
63.902,0,2,0,-1.2333,0.6167,-1.3096,0.6452,-11.8964,0.0000,0.0000,0.0000,-1.3660,0.5979,-9.8349,0.011,6708,0.0533,-0.0102,0.0815,0,2,0.166
64.002,0,2,0,-1.2333,0.6167,-1.3063,0.6436,-11.0169,0.0000,0.0000,0.0000,-1.4156,0.6803,-12.4287,0.051,6709,0.0607,-0.0136,0.0778,0,2,0.213
64.103,0,2,1,-1.2333,0.0000,-1.3043,0.6401,-10.3894,0.0000,0.0000,0.0000,-1.4016,0.6890,-11.1425,0.020,6711,0.0242,-0.0970,0.6440,0,2,0.215
64.202,0,2,1,-1.2333,0.0000,-1.3052,0.6315,-9.7155,0.0000,0.0000,0.0000,-1.3967,0.6857,-10.7260,0.056,6712,0.0301,-0.0913,0.6355,0,2,0.184
64.303,0,2,1,-1.2333,0.0000,-1.3057,0.6220,-9.2050,0.0000,0.0000,0.0000,-1.3852,0.6647,-9.2720,0.021,6714,0.0346,-0.0870,0.6262,0,2,0.172
64.402,0,2,1,-1.2333,0.0000,-1.3040,0.6120,-9.0550,0.0000,0.0000,0.0000,-1.3241,0.5633,-5.7215,0.050,6715,0.0366,-0.0849,0.6161,0,2,0.166
64.502,0,2,1,-1.2333,0.0000,-1.3036,0.6030,-8.6715,0.0000,0.0000,0.0000,-1.3213,0.5495,-5.4052,0.019,6717,0.0392,-0.0824,0.6070,0,2,0.159
64.602,0,2,1,-1.2333,0.0000,-1.3022,0.5927,-8.3831,0.0000,0.0000,0.0000,-1.2949,0.5645,-7.6556,0.040,6719,-0.0017,-0.0860,0.5967,0,2,0.143
64.703,0,2,1,-1.2333,0.0000,-1.3032,0.5808,-8.4218,0.0000,0.0000,0.0000,-1.2849,0.5511,-7.4603,0.009,6723,0.0251,-0.0968,0.5850,0,2,0.218
64.802,0,2,1,-1.2333,0.0000,-1.3035,0.5709,-8.2917,0.0000,0.0000,0.0000,-1.2868,0.5440,-7.7918,0.045,6725,-0.0130,-0.0809,0.5752,0,2,0.117
64.903,0,2,1,-1.2333,0.0000,-1.3050,0.5611,-8.0870,0.0000,0.0000,0.0000,-1.3130,0.5120,-4.3671,0.005,6729,-0.0126,-0.0807,0.5657,0,2,0.117
65.003,0,2,1,-1.2333,0.0000,-1.3074,0.5517,-8.0066,0.0000,0.0000,0.0000,-1.3148,0.5052,-4.3264,0.028,6730,-0.0119,-0.0806,0.5567,0,2,0.117
65.102,0,2,1,-1.2333,0.0000,-1.3097,0.5430,-7.8889,0.0000,0.0000,0.0000,-1.3154,0.4978,-4.1315,0.049,6731,-0.0113,-0.0804,0.5484,0,2,0.117
65.202,0,2,1,-1.2333,0.0000,-1.3108,0.5334,-7.7863,0.0000,0.0000,0.0000,-1.3169,0.4856,-3.9284,0.039,6733,0.0589,-0.0832,0.5390,0,2,0.132
65.303,0,2,1,-1.2333,0.0000,-1.3065,0.5227,-7.8983,0.0000,0.0000,0.0000,-1.2808,0.5469,0.3506,0.005,6736,0.0579,-0.0835,0.5278,0,2,0.133
65.402,0,2,1,-1.2333,0.0000,-1.3016,0.5137,-7.8044,0.0000,0.0000,0.0000,-1.2779,0.5410,0.4152,0.037,6738,-0.0152,-0.0965,0.5182,0,2,0.117
65.504,0,2,1,-1.2333,0.0000,-1.3027,0.5030,-7.3952,0.0000,0.0000,0.0000,-1.2744,0.5260,0.2789,0.005,6742,-0.0148,-0.0964,0.5077,0,2,0.117
65.601,0,2,1,-1.2333,0.0000,-1.3040,0.4935,-7.3838,0.0000,0.0000,0.0000,-1.2763,0.5212,0.6114,0.038,6744,-0.0143,-0.0962,0.4985,0,2,0.117
65.705,0,2,1,-1.2333,0.0000,-1.3086,0.4866,-7.3590,0.0000,0.0000,0.0000,-1.2813,0.5056,0.3663,0.002,6748,-0.0132,-0.0959,0.4924,0,2,0.117
65.802,0,2,1,-1.2333,0.0000,-1.3100,0.4769,-7.3631,0.0000,0.0000,0.0000,-1.2847,0.4965,0.0446,0.026,6750,-0.0126,-0.0957,0.4831,0,2,0.117
65.904,0,2,1,-1.2333,0.0000,-1.3110,0.4658,-7.3418,0.0000,0.0000,0.0000,-1.2886,0.4854,0.0789,0.007,6754,0.0704,-0.0956,0.4723,0,2,0.118
66.002,0,2,1,-1.2333,0.0000,-1.3051,0.4553,-7.1882,0.0000,0.0000,0.0000,-1.2905,0.4791,-0.1013,0.039,6756,0.0701,-0.0958,0.4610,0,2,0.117
66.102,0,2,1,-1.2333,0.0000,-1.3009,0.4462,-7.2995,0.0000,0.0000,0.0000,-1.2887,0.4722,0.0389,0.058,6758,-0.0103,-0.1119,0.4513,0,2,0.117
66.202,0,2,1,-1.2333,0.0000,-1.2999,0.4355,-7.1493,0.0000,0.0000,0.0000,-1.2839,0.4639,-0.1729,0.086,6759,-0.0102,-0.1118,0.4406,0,2,0.117
66.303,0,2,1,-1.2333,0.0000,-1.3022,0.4245,-7.2511,0.0000,0.0000,0.0000,-1.2839,0.4639,-0.1729,0.188,6759,-0.0093,-0.1116,0.4301,0,2,0.117
66.402,0,2,1,-1.2333,0.0000,-1.3049,0.4145,-7.2965,0.0000,0.0000,0.0000,-1.3474,0.4614,-5.6100,0.048,6760,0.0231,-0.0983,0.4206,0,2,0.185
66.504,0,2,1,-1.2333,0.0000,-1.3040,0.4053,-7.2883,0.0000,0.0000,0.0000,-1.2926,0.4232,-0.2226,0.006,6763,0.0422,-0.1003,0.4114,0,2,0.174
66.602,0,2,1,-1.2333,0.0000,-1.3035,0.3977,-7.6115,0.0000,0.0000,0.0000,-1.2946,0.4166,-0.3248,0.031,6766,0.0516,-0.1041,0.4039,0,2,0.154
66.702,0,2,1,-1.2333,0.0000,-1.3023,0.3850,-7.2490,0.0000,0.0000,0.0000,-1.2801,0.4078,0.2127,0.002,6770,0.0012,-0.1246,0.3911,0,2,0.117
66.802,0,2,1,-1.2333,0.0000,-1.3032,0.3720,-7.4402,0.0000,0.0000,0.0000,-1.3165,0.3065,-3.6287,0.056,6771,0.0020,-0.1243,0.3785,0,2,0.117
66.902,0,2,1,-1.2333,0.0000,-1.3047,0.3576,-7.5454,0.0000,0.0000,0.0000,-1.3225,0.2898,-4.0456,0.016,6773,0.0173,-0.1098,0.3647,0,2,0.157
67.002,0,2,1,-1.2333,0.0000,-1.3047,0.3454,-7.3753,0.0000,0.0000,0.0000,-1.3241,0.2795,-4.0466,0.045,6774,0.0432,-0.0699,0.3527,0,2,0.147
67.102,0,2,1,-1.2333,0.0000,-1.3012,0.3350,-7.4390,0.0000,0.0000,0.0000,-1.3222,0.2641,-3.7603,0.013,6777,0.0452,-0.0645,0.3418,0,2,0.135
67.201,0,2,1,-1.2333,0.0000,-1.2992,0.3261,-7.6240,0.0000,0.0000,0.0000,-1.3226,0.2607,-4.0440,0.053,6778,0.0184,-0.0886,0.3327,0,2,0.169
67.303,0,2,1,-1.2333,0.0000,-1.2993,0.3144,-7.4549,0.0000,0.0000,0.0000,-1.3208,0.2362,-3.8014,0.016,6780,0.0109,-0.0943,0.3213,0,2,0.155
67.402,0,2,1,-1.2333,0.0000,-1.2990,0.3039,-7.5826,0.0000,0.0000,0.0000,-1.3195,0.2367,-3.8534,0.053,6781,0.0275,-0.1098,0.3109,0,2,0.166
67.502,0,2,1,-1.2333,0.0000,-1.2983,0.2909,-7.6346,0.0000,0.0000,0.0000,-1.3201,0.2284,-3.9401,0.020,6783,0.0304,-0.0921,0.2980,0,2,0.191
67.602,0,2,1,-1.2333,0.0000,-1.2964,0.2801,-7.7158,0.0000,0.0000,0.0000,-1.3204,0.2209,-3.9895,0.046,6784,0.0556,-0.0729,0.2872,0,2,0.141
67.704,0,2,1,-1.2333,0.0000,-1.2922,0.2714,-7.8663,0.0000,0.0000,0.0000,-1.3186,0.2226,-4.1393,0.076,6785,0.0634,-0.0647,0.2777,0,2,0.117
67.802,0,2,1,-1.2333,0.0000,-1.2876,0.2615,-7.8202,0.0000,0.0000,0.0000,-1.3198,0.1931,-4.1022,0.022,6787,0.0625,-0.0650,0.2671,0,2,0.117
67.903,0,2,1,-1.2333,0.0000,-1.2829,0.2532,-7.9106,0.0000,0.0000,0.0000,-1.3178,0.1950,-4.2372,0.040,6788,0.0565,-0.0703,0.2580,0,2,0.131
68.002,0,2,1,-1.2333,0.0000,-1.2795,0.2428,-7.7176,0.0000,0.0000,0.0000,-1.3092,0.1764,-4.0239,0.030,6790,0.0256,-0.0924,0.2471,0,2,0.187
68.102,0,2,1,-1.2333,0.0000,-1.2786,0.2305,-7.5410,0.0000,0.0000,0.0000,-1.3025,0.1659,-3.7785,0.018,6792,0.0310,-0.0975,0.2349,0,2,0.194
68.202,0,2,1,-1.2333,0.0000,-1.2777,0.2196,-7.6944,0.0000,0.0000,0.0000,-1.2988,0.1526,-3.3221,0.051,6793,0.0165,-0.0878,0.2240,0,2,0.165
68.302,0,2,1,-1.2333,0.0000,-1.2768,0.2088,-7.6228,0.0000,0.0000,0.0000,-1.2988,0.1448,-3.4931,0.016,6795,0.0716,-0.0784,0.2133,0,2,0.117
68.402,0,2,1,-1.2333,0.0000,-1.2713,0.1988,-7.6334,0.0000,0.0000,0.0000,-1.3008,0.1252,-3.3948,0.052,6796,0.0700,-0.0790,0.2024,0,2,0.117
68.502,0,2,1,-1.2333,0.0000,-1.2662,0.1878,-7.6155,0.0000,0.0000,0.0000,-1.2943,0.1277,-3.5672,0.017,6798,0.0685,-0.0795,0.1906,0,2,0.117
68.602,0,2,1,-1.2333,0.0000,-1.2620,0.1775,-7.7259,0.0000,0.0000,0.0000,-1.2901,0.1087,-3.3100,0.052,6799,0.0535,-0.0856,0.1798,0,2,0.147
68.702,0,2,1,-1.2333,0.0000,-1.2617,0.1662,-7.4088,0.0000,0.0000,0.0000,-1.2875,0.1119,-3.5686,0.010,6801,-0.0117,-0.0955,0.1686,0,2,0.117
68.802,0,2,1,-1.2333,0.0000,-1.2640,0.1556,-7.5601,0.0000,0.0000,0.0000,-1.2816,0.0812,-2.8230,0.050,6802,-0.0092,-0.0947,0.1586,0,2,0.117
68.903,0,2,1,-1.2333,0.0000,-1.2665,0.1439,-7.6684,0.0000,0.0000,0.0000,-1.2858,0.0736,-3.0855,0.021,6804,-0.0063,-0.0936,0.1477,0,2,0.117
69.001,0,2,1,-1.2333,0.0000,-1.2685,0.1335,-7.6051,0.0000,0.0000,0.0000,-1.2905,0.0602,-3.2154,0.021,6805,0.0796,-0.0924,0.1380,0,2,0.117
69.105,0,2,1,-1.2333,0.0000,-1.2645,0.1222,-7.5926,0.0000,0.0000,0.0000,-1.2898,0.0353,-2.7076,0.003,6807,0.0789,-0.0927,0.1261,0,2,0.117
69.203,0,2,1,-1.2333,0.0000,-1.2589,0.1094,-7.4772,0.0000,0.0000,0.0000,-1.2911,0.0366,-2.8602,0.051,6808,0.0557,-0.0840,0.1123,0,2,0.147
69.303,0,2,1,-1.2333,0.0000,-1.2557,0.0988,-7.7223,0.0000,0.0000,0.0000,-1.2859,0.0376,-2.8325,0.082,6809,-0.0028,-0.0888,0.1013,0,2,0.117
69.402,0,2,1,-1.2333,0.0000,-1.2570,0.0900,-7.3586,0.0000,0.0000,0.0000,-1.2859,0.0376,-2.8325,0.181,6809,-0.0002,-0.0807,0.0930,0,2,0.117
69.502,0,2,1,-1.2333,0.0000,-1.2943,0.0753,-7.0692,0.0000,0.0000,0.0000,-2.2916,-0.1108,29.5509,0.020,6811,0.0267,-0.0655,0.0969,0,2,0.117
69.602,0,2,1,-1.2333,0.0000,-1.3105,0.0651,-6.9693,0.0000,0.0000,0.0000,-2.2847,-0.1211,29.5140,0.045,6812,0.0371,-0.0562,0.1009,0,2,0.117
69.703,0,2,1,-1.2333,0.0000,-1.3420,0.0525,-6.8526,0.0000,0.0000,0.0000,-2.2855,-0.1216,29.5045,0.017,6814,0.0842,-0.0332,0.1207,0,2,0.183
69.803,0,2,1,-1.2333,0.0000,-1.3315,0.0512,-7.1707,0.0000,0.0000,0.0000,-1.2267,0.1647,-1.7416,0.017,6816,0.0866,-0.0315,0.1107,0,2,0.192
69.902,0,2,1,-1.2333,0.0000,-1.3220,0.0466,-7.2853,0.0000,0.0000,0.0000,-1.2820,-0.0571,-2.8346,0.017,6818,0.0517,-0.0510,0.1001,0,2,0.117
70.002,0,2,1,-1.2333,0.0000,-1.3137,0.0460,-7.3097,0.0000,0.0000,0.0000,-1.2342,0.3859,-1.9772,0.026,6820,0.0469,-0.0496,0.0926,0,2,0.117
70.106,0,2,1,-1.2333,0.0000,-1.3056,0.0389,-7.1143,0.0000,0.0000,0.0000,-1.2122,0.1342,-1.8839,0.011,6823,0.0422,-0.0424,0.0821,0,2,0.117
70.203,0,2,1,-1.2333,0.0000,-1.2817,0.0292,-7.2037,0.0000,0.0000,0.0000,-0.1454,-0.1868,-34.6591,0.038,6825,0.0282,-0.0313,0.0565,0,2,0.117
70.304,0,2,1,-1.2333,0.0000,-1.2760,0.0284,-6.9770,0.0000,0.0000,0.0000,-1.1948,0.1211,-2.2275,0.018,6828,0.0000,0.0000,0.0513,0,2,0.117
70.403,0,2,1,-1.2333,0.0000,-1.2738,0.0268,-6.9061,0.0000,0.0000,0.0000,-1.2668,-0.0777,-2.8249,0.041,6831,0.0000,0.0000,0.0485,0,2,0.117
70.504,0,2,1,-1.2333,0.0000,-1.2704,0.0280,-6.8088,0.0000,0.0000,0.0000,-1.1934,0.1158,-2.0935,0.013,6834,0.0000,0.0000,0.0464,0,2,0.117
70.602,0,2,1,-1.2333,0.0000,-1.2685,0.0260,-6.7535,0.0000,0.0000,0.0000,-1.2666,-0.0772,-2.8567,0.010,6837,0.0000,0.0000,0.0438,0,2,0.117
70.705,0,2,1,-1.2333,0.0000,-1.2657,0.0274,-6.6645,0.0000,0.0000,0.0000,-1.2666,-0.0772,-2.8567,0.004,6841,0.0000,0.0000,0.0424,0,2,0.117
70.803,0,2,1,-1.2333,0.0000,-1.2643,0.0256,-6.6230,0.0000,0.0000,0.0000,-1.1934,0.1158,-2.0936,0.041,6843,0.0000,0.0000,0.0402,0,2,0.117
70.903,0,2,1,-1.2333,0.0000,-1.2618,0.0254,-6.5157,0.0000,0.0000,0.0000,-1.1934,0.1158,-2.0936,0.012,6847,0.0000,0.0000,0.0382,0,2,0.117
71.003,0,2,1,-1.2333,0.0000,-1.2607,0.0253,-6.5192,0.0000,0.0000,0.0000,-1.1934,0.1158,-2.0936,0.037,6849,0.0000,0.0000,0.0373,0,2,0.117
71.102,0,2,1,-1.2333,0.0000,-1.2586,0.0251,-6.4284,0.0000,0.0000,0.0000,-1.1934,0.1158,-2.0936,0.010,6853,0.0000,0.0000,0.0356,0,2,0.117
71.203,0,2,1,-1.2333,0.0000,-1.2576,0.0250,-6.4307,0.0000,0.0000,0.0000,-1.1934,0.1158,-2.0936,0.022,6855,0.0000,0.0000,0.0349,0,2,0.117
71.304,0,2,1,-1.2333,0.0000,-1.2568,0.0235,-6.4036,0.0000,0.0000,0.0000,-1.2666,-0.0772,-2.8569,0.017,6858,0.0000,0.0000,0.0332,1,3,0.117
71.402,0,2,1,-1.2333,0.0000,-1.2549,0.0248,-6.3564,0.0000,0.0000,0.0000,-1.1934,0.1158,-2.0937,0.029,6861,0.0000,0.0000,0.0329,1,3,0.117
71.505,0,2,1,-1.2333,0.0000,-1.2533,0.0246,-6.2813,0.0000,0.0000,0.0000,-1.1934,0.1158,-2.0937,0.012,6865,0.0000,0.0000,0.0317,1,3,0.117
71.602,0,2,1,-1.2333,0.0000,-1.2526,0.0245,-6.2928,0.0000,0.0000,0.0000,-1.1934,0.1158,-2.0937,0.043,6867,0.0000,0.0000,0.0312,1,3,0.117
71.705,0,2,1,-1.2333,0.0000,-1.2510,0.0258,-6.2535,0.0000,0.0000,0.0000,-1.2666,-0.0772,-2.8569,0.011,6871,0.0000,0.0000,0.0312,1,3,0.117
71.804,0,2,1,-1.2333,0.0000,-1.2505,0.0242,-6.2345,0.0000,0.0000,0.0000,-1.2666,-0.0771,-2.8649,0.029,6873,0.0000,0.0000,0.0297,1,3,0.117
71.904,0,2,1,-1.2333,0.0000,-1.2491,0.0254,-6.2053,0.0000,0.0000,0.0000,-1.2681,-0.0776,-2.8811,0.009,6877,0.0000,0.0000,0.0299,1,3,0.117
72.003,0,2,1,-1.2333,0.0000,-1.2487,0.0239,-6.1937,0.0000,0.0000,0.0000,-1.2681,-0.0776,-2.8811,0.037,6879,0.0000,0.0000,0.0285,1,3,0.117
72.105,0,2,1,-1.2333,0.0000,-1.2477,0.0238,-6.1391,0.0000,0.0000,0.0000,-1.1934,0.1158,-2.0958,0.013,6883,0.0000,0.0000,0.0277,1,3,0.117
72.203,0,2,1,-1.2333,0.0000,-1.2472,0.0236,-6.1542,0.0000,0.0000,0.0000,-1.1934,0.1158,-2.0958,0.035,6885,0.0000,0.0000,0.0274,1,3,0.117
72.303,0,2,1,-1.2333,0.0000,-1.2462,0.0235,-6.1064,0.0000,0.0000,0.0000,-1.1934,0.1158,-2.0958,0.011,6889,0.0000,0.0000,0.0268,1,3,0.117
72.405,0,2,1,-1.2333,0.0000,-1.2457,0.0234,-6.1259,0.0000,0.0000,0.0000,-1.1934,0.1158,-2.0958,0.035,6891,0.0000,0.0000,0.0265,1,3,0.117
72.504,0,2,1,-1.2333,0.0000,-1.2456,0.0219,-6.1187,0.0000,0.0000,0.0000,-1.2681,-0.0776,-2.8811,0.022,6894,0.0000,0.0000,0.0251,1,3,0.117
72.602,0,2,1,-1.2333,0.0000,-1.2444,0.0232,-6.1023,0.0000,0.0000,0.0000,-1.1934,0.1158,-2.0958,0.020,6897,0.0000,0.0000,0.0257,1,3,0.117
72.707,0,2,1,-1.2333,0.0000,-1.2436,0.0230,-6.0557,0.0000,0.0000,0.0000,-1.1934,0.1158,-2.0958,0.009,6901,0.0000,0.0000,0.0252,1,3,0.117
72.804,0,2,1,-1.2333,0.0000,-1.2297,0.0189,-6.3855,0.0000,0.0000,0.0000,-0.1812,-0.1807,-33.2830,0.033,6903,0.0000,0.0000,0.0193,1,3,0.117
72.903,0,2,1,-1.2333,0.0000,-1.2296,0.0189,-6.3311,0.0000,0.0000,0.0000,-1.1904,0.1148,-2.1871,0.012,6907,0.0000,0.0000,0.0193,1,3,0.117
73.005,0,2,1,-1.2333,0.0000,-1.2296,0.0190,-6.3555,0.0000,0.0000,0.0000,-1.1904,0.1148,-2.1871,0.041,6909,0.0000,0.0000,0.0193,1,3,0.117
73.106,0,2,1,-1.2333,0.0000,-1.2290,0.0203,-6.3306,0.0000,0.0000,0.0000,-1.1904,0.1148,-2.1866,0.016,6912,0.0000,0.0000,0.0207,1,3,0.117
73.202,0,2,1,-1.2333,0.0000,-1.2295,0.0189,-6.3197,0.0000,0.0000,0.0000,-1.2681,-0.0776,-2.8811,0.037,6915,0.0000,0.0000,0.0193,1,3,0.117
73.308,0,2,1,-1.2333,0.0000,-1.2289,0.0202,-6.3021,0.0000,0.0000,0.0000,-1.1904,0.1148,-2.1860,0.018,6918,0.0000,0.0000,0.0207,1,3,0.117
73.404,0,2,1,-1.2333,0.0000,-1.2294,0.0189,-6.2916,0.0000,0.0000,0.0000,-1.2681,-0.0776,-2.8811,0.024,6921,0.0000,0.0000,0.0193,1,3,0.117
73.502,0,2,1,-1.2333,0.0000,-1.2294,0.0189,-6.2445,0.0000,0.0000,0.0000,-1.1904,0.1148,-2.1868,0.009,6925,0.0000,0.0000,0.0193,1,3,0.117
73.604,0,2,1,-1.2333,0.0000,-1.2294,0.0189,-6.2652,0.0000,0.0000,0.0000,-1.1904,0.1148,-2.1868,0.046,6927,0.0000,0.0000,0.0194,1,3,0.117
73.702,0,2,1,-1.2333,0.0000,-1.2294,0.0190,-6.2212,0.0000,0.0000,0.0000,-1.1904,0.1148,-2.1868,0.010,6931,0.0000,0.0000,0.0194,1,3,0.117
73.803,0,2,1,-1.2333,0.0000,-1.2293,0.0190,-6.2451,0.0000,0.0000,0.0000,-1.1904,0.1148,-2.1868,0.040,6933,0.0000,0.0000,0.0194,1,3,0.117
73.905,0,2,1,-1.2333,0.0000,-1.2293,0.0190,-6.2031,0.0000,0.0000,0.0000,-1.1904,0.1148,-2.1868,0.010,6937,0.0000,0.0000,0.0194,1,3,0.117
74.002,0,2,1,-1.2333,0.0000,-1.2293,0.0190,-6.2283,0.0000,0.0000,0.0000,-1.1904,0.1148,-2.1855,0.020,6939,0.0000,0.0000,0.0194,1,3,0.117
74.103,0,2,1,-1.2333,0.0000,-1.2298,0.0177,-6.2225,0.0000,0.0000,0.0000,-1.2681,-0.0776,-2.8810,0.020,6942,0.0000,0.0000,0.0181,1,3,0.117
74.203,0,2,1,-1.2333,0.0000,-1.2293,0.0190,-6.2098,0.0000,0.0000,0.0000,-1.1904,0.1148,-2.1855,0.036,6945,0.0000,0.0000,0.0195,1,3,0.117
74.305,0,2,1,-1.2333,0.0000,-1.2292,0.0190,-6.1711,0.0000,0.0000,0.0000,-1.1904,0.1148,-2.1855,0.011,6949,0.0000,0.0000,0.0195,1,3,0.117
74.403,0,2,1,-1.2333,0.0000,-1.2292,0.0190,-6.1948,0.0000,0.0000,0.0000,-1.1904,0.1148,-2.1855,0.037,6951,0.0000,0.0000,0.0195,1,3,0.117
74.505,0,2,1,-1.2333,0.0000,-1.2287,0.0203,-6.1832,0.0000,0.0000,0.0000,-1.2681,-0.0776,-2.8810,0.004,6955,0.0000,0.0000,0.0208,1,3,0.117
74.603,0,2,1,-1.2333,0.0000,-1.2292,0.0190,-6.1843,0.0000,0.0000,0.0000,-1.2681,-0.0776,-2.8810,0.021,6957,0.0000,0.0000,0.0194,1,3,0.117
74.704,0,2,1,-1.2333,0.0000,-1.2153,0.0163,-6.4854,0.0000,0.0000,0.0000,-0.1769,-0.1839,-33.4381,0.020,6960,0.0000,0.0000,0.0243,1,3,0.117
74.803,0,2,1,-1.2333,0.0000,-1.2164,0.0151,-6.4725,0.0000,0.0000,0.0000,-1.2681,-0.0776,-2.8810,0.037,6963,0.0000,0.0000,0.0227,1,3,0.117
74.904,0,2,1,-1.2333,0.0000,-1.2170,0.0153,-6.4153,0.0000,0.0000,0.0000,-1.1907,0.1152,-2.1724,0.013,6967,0.0000,0.0000,0.0224,1,3,0.117
75.002,0,2,1,-1.2333,0.0000,-1.2173,0.0154,-6.4430,0.0000,0.0000,0.0000,-1.1907,0.1152,-2.1724,0.037,6969,0.0000,0.0000,0.0222,1,3,0.117
75.102,0,2,1,-1.2333,0.0000,-1.2180,0.0156,-6.3902,0.0000,0.0000,0.0000,-1.1907,0.1152,-2.1773,0.011,6973,0.0000,0.0000,0.0219,1,3,0.117
75.202,0,2,1,-1.2333,0.0000,-1.2183,0.0157,-6.4122,0.0000,0.0000,0.0000,-1.1907,0.1152,-2.1773,0.048,6975,0.0000,0.0000,0.0218,1,3,0.117
75.305,0,2,1,-1.2333,0.0000,-1.2192,0.0146,-6.4012,0.0000,0.0000,0.0000,-1.2681,-0.0776,-2.8809,0.022,6978,0.0000,0.0000,0.0203,1,3,0.117
75.402,0,2,1,-1.2333,0.0000,-1.2191,0.0160,-6.3864,0.0000,0.0000,0.0000,-1.1907,0.1152,-2.1773,0.027,6981,0.0000,0.0000,0.0214,1,3,0.117
75.504,0,2,1,-1.2333,0.0000,-1.2196,0.0162,-6.3395,0.0000,0.0000,0.0000,-1.1907,0.1152,-2.1773,0.011,6985,0.0000,0.0000,0.0212,1,3,0.117
75.603,0,2,1,-1.2333,0.0000,-1.2199,0.0162,-6.3584,0.0000,0.0000,0.0000,-1.1907,0.1152,-2.1762,0.048,6987,0.0000,0.0000,0.0211,1,3,0.117
75.702,0,2,1,-1.2333,0.0000,-1.2203,0.0164,-6.3158,0.0000,0.0000,0.0000,-1.1907,0.1151,-2.1772,0.009,6991,0.0000,0.0000,0.0209,1,3,0.117
75.803,0,2,1,-1.2333,0.0000,-1.2206,0.0164,-6.3393,0.0000,0.0000,0.0000,-1.2681,-0.0776,-2.8809,0.026,6993,0.0000,0.0000,0.0208,1,3,0.117
75.903,0,2,1,-1.2333,0.0000,-1.2204,0.0178,-6.3212,0.0000,0.0000,0.0000,-1.1907,0.1151,-2.1753,0.018,6996,0.0000,0.0000,0.0220,1,3,0.117
76.003,0,2,1,-1.2333,0.0000,-1.2213,0.0166,-6.3182,0.0000,0.0000,0.0000,-1.2681,-0.0776,-2.8809,0.038,6999,0.0000,0.0000,0.0205,1,3,0.117
76.106,0,2,1,-1.2333,0.0000,-1.2217,0.0167,-6.2724,0.0000,0.0000,0.0000,-1.1907,0.1151,-2.1753,0.014,7003,0.0000,0.0000,0.0204,1,3,0.117
76.203,0,2,1,-1.2333,0.0000,-1.2219,0.0168,-6.2987,0.0000,0.0000,0.0000,-1.1907,0.1151,-2.1753,0.047,7005,0.0000,0.0000,0.0203,1,3,0.117
76.304,0,2,1,-1.2333,0.0000,-1.2223,0.0169,-6.2534,0.0000,0.0000,0.0000,-1.1907,0.1151,-2.1753,0.011,7009,0.0000,0.0000,0.0202,1,3,0.117
76.402,0,2,1,-1.2333,0.0000,-1.2224,0.0169,-6.2771,0.0000,0.0000,0.0000,-1.1907,0.1151,-2.1753,0.041,7011,0.0000,0.0000,0.0201,1,3,0.117
76.503,0,2,1,-1.2333,0.0000,-1.2228,0.0170,-6.2311,0.0000,0.0000,0.0000,-1.1907,0.1151,-2.1753,0.013,7015,0.0000,0.0000,0.0200,1,3,0.117
76.603,0,2,1,-1.2333,0.0000,-1.2230,0.0171,-6.2604,0.0000,0.0000,0.0000,-1.1907,0.1151,-2.1753,0.046,7017,0.0000,0.0000,0.0200,1,3,0.117
76.702,0,2,1,-1.2333,0.0000,-1.2233,0.0172,-6.2195,0.0000,0.0000,0.0000,-1.1907,0.1151,-2.1749,0.008,7021,0.0000,0.0000,0.0199,1,3,0.117
76.803,0,2,1,-1.2333,0.0000,-1.2234,0.0172,-6.2418,0.0000,0.0000,0.0000,-1.1907,0.1151,-2.1749,0.017,7023,0.0000,0.0000,0.0199,1,3,0.117
76.905,0,2,1,-1.2333,0.0000,-1.2242,0.0160,-6.2391,0.0000,0.0000,0.0000,-1.1907,0.1151,-2.1757,0.003,7027,0.0000,0.0000,0.0185,1,3,0.117
77.002,0,2,1,-1.2333,0.0000,-1.2239,0.0174,-6.2290,0.0000,0.0000,0.0000,-1.1907,0.1151,-2.1757,0.037,7029,0.0000,0.0000,0.0198,1,3,0.117
77.102,0,2,1,-1.2333,0.0000,-1.2236,0.0187,-6.2186,0.0000,0.0000,0.0000,-1.1907,0.1151,-2.1757,0.002,7032,0.0000,0.0000,0.0211,1,3,0.117
77.203,0,2,1,-1.2333,0.0000,-1.2243,0.0175,-6.2135,0.0000,0.0000,0.0000,-1.2681,-0.0776,-2.8809,0.041,7035,0.0000,0.0000,0.0197,1,3,0.117
77.304,0,2,1,-1.2333,0.0000,-1.2240,0.0188,-6.2029,0.0000,0.0000,0.0000,-1.1907,0.1151,-2.1751,0.014,7038,0.0000,0.0000,0.0210,1,3,0.117
77.403,0,2,1,-1.2333,0.0000,-1.2247,0.0175,-6.2022,0.0000,0.0000,0.0000,-1.2681,-0.0776,-2.8809,0.011,7041,0.0000,0.0000,0.0195,1,3,0.117
77.505,0,2,1,-1.2333,0.0000,-1.2250,0.0176,-6.1645,0.0000,0.0000,0.0000,-1.2681,-0.0776,-2.8809,0.010,7045,0.0000,0.0000,0.0195,1,3,0.117
77.603,0,2,1,-1.2333,0.0000,-1.2251,0.0176,-6.1868,0.0000,0.0000,0.0000,-1.1907,0.1151,-2.1751,0.045,7047,0.0000,0.0000,0.0195,1,3,0.117
77.709,0,2,1,-1.2333,0.0000,-1.2253,0.0177,-6.1477,0.0000,0.0000,0.0000,-1.1907,0.1151,-2.1751,0.017,7051,0.0000,0.0000,0.0194,1,3,0.117
77.802,0,2,1,-1.2333,0.0000,-1.2254,0.0177,-6.1740,0.0000,0.0000,0.0000,-1.1907,0.1151,-2.1751,0.045,7053,0.0000,0.0000,0.0194,1,3,0.117
77.905,0,2,1,-1.2333,0.0000,-1.2256,0.0178,-6.1323,0.0000,0.0000,0.0000,-1.1907,0.1151,-2.1751,0.014,7057,0.0000,0.0000,0.0194,1,3,0.117
78.002,0,2,1,-1.2333,0.0000,-1.2257,0.0178,-6.1615,0.0000,0.0000,0.0000,-1.1907,0.1151,-2.1751,0.025,7059,0.0000,0.0000,0.0194,1,3,0.117
78.106,0,2,1,-1.2333,0.0000,-1.2263,0.0166,-6.1618,0.0000,0.0000,0.0000,-1.2681,-0.0776,-2.8809,0.023,7062,0.0000,0.0000,0.0180,1,3,0.117
78.202,0,2,1,-1.2333,0.0000,-1.2260,0.0179,-6.1576,0.0000,0.0000,0.0000,-1.1907,0.1151,-2.1751,0.039,7065,0.0000,0.0000,0.0194,1,3,0.117
78.304,0,2,1,-1.2333,0.0000,-1.2266,0.0167,-6.1539,0.0000,0.0000,0.0000,-1.1907,0.1151,-2.1751,0.004,7069,0.0000,0.0000,0.0180,1,3,0.117
78.403,0,2,1,-1.2333,0.0000,-1.2262,0.0180,-6.1457,0.0000,0.0000,0.0000,-1.1907,0.1151,-2.1751,0.048,7071,0.0000,0.0000,0.0194,1,3,0.117
78.503,0,2,1,-1.2333,0.0000,-1.2258,0.0193,-6.1377,0.0000,0.0000,0.0000,-1.2681,-0.0776,-2.8809,0.008,7075,0.0000,0.0000,0.0207,1,3,0.117
78.603,0,2,1,-1.2333,0.0000,-1.2265,0.0180,-6.1353,0.0000,0.0000,0.0000,-1.2681,-0.0776,-2.8809,0.023,7077,0.0000,0.0000,0.0193,1,3,0.199
78.703,0,2,1,-1.2333,0.0000,-1.2261,0.0193,-6.1268,0.0000,0.0000,0.0000,-1.1907,0.1151,-2.1751,0.015,7080,0.0000,0.0000,0.0206,1,3,0.117
78.802,0,2,1,-1.2333,0.0000,-1.2267,0.0180,-6.1241,0.0000,0.0000,0.0000,-1.2681,-0.0776,-2.8809,0.023,7083,0.0000,0.0000,0.0192,1,3,0.117
78.905,0,2,1,-1.2333,0.0000,-1.2269,0.0181,-6.0878,0.0000,0.0000,0.0000,-1.1907,0.1151,-2.1751,0.012,7087,0.0000,0.0000,0.0192,1,3,0.117
79.003,0,2,1,-1.2333,0.0000,-1.2269,0.0181,-6.1136,0.0000,0.0000,0.0000,-1.1907,0.1151,-2.1751,0.035,7089,0.0000,0.0000,0.0192,1,3,0.117
79.102,0,2,1,-1.2333,0.0000,-1.2270,0.0181,-6.0766,0.0000,0.0000,0.0000,-1.1907,0.1151,-2.1751,0.014,7093,0.0000,0.0000,0.0192,1,3,0.117
79.202,0,2,1,-1.2333,0.0000,-1.2271,0.0182,-6.1069,0.0000,0.0000,0.0000,-1.1907,0.1151,-2.1751,0.047,7095,0.0000,0.0000,0.0192,1,3,0.117
79.304,0,2,1,-1.2333,0.0000,-1.2277,0.0169,-6.1071,0.0000,0.0000,0.0000,-1.2681,-0.0776,-2.8809,0.021,7098,0.0000,0.0000,0.0178,1,3,0.117
79.402,0,2,1,-1.2333,0.0000,-1.2273,0.0182,-6.0996,0.0000,0.0000,0.0000,-1.1907,0.1151,-2.1751,0.023,7101,0.0000,0.0000,0.0192,1,3,0.117
79.505,0,2,1,-1.2333,0.0000,-1.2274,0.0183,-6.0658,0.0000,0.0000,0.0000,-1.1907,0.1151,-2.1751,0.012,7105,0.0000,0.0000,0.0192,1,3,0.117
79.603,0,2,1,-1.2333,0.0000,-1.2274,0.0183,-6.0935,0.0000,0.0000,0.0000,-1.1907,0.1151,-2.1751,0.020,7107,0.0000,0.0000,0.0192,1,3,0.117
79.703,0,2,1,-1.2333,0.0000,-1.2147,0.0146,-6.3618,0.0000,0.0000,0.0000,-1.1923,0.1136,-2.1448,0.011,7111,0.0000,0.0000,0.0236,1,3,0.117
79.802,0,2,1,-1.2333,0.0000,-1.2151,0.0147,-6.3887,0.0000,0.0000,0.0000,-1.1923,0.1136,-2.1435,0.047,7113,0.0000,0.0000,0.0234,1,3,0.117
79.908,0,2,1,-1.2333,0.0000,-1.2152,0.0160,-6.3673,0.0000,0.0000,0.0000,-1.2681,-0.0776,-2.8809,0.006,7117,0.0000,0.0000,0.0242,1,3,0.117
80.002,0,2,1,-1.2333,0.0000,-1.2163,0.0149,-6.3582,0.0000,0.0000,0.0000,-1.2681,-0.0776,-2.8809,0.039,7119,0.0000,0.0000,0.0226,1,3,0.117
80.103,0,2,1,-1.2333,0.0000,-1.2163,0.0163,-6.3408,0.0000,0.0000,0.0000,-1.1923,0.1136,-2.1412,0.014,7122,0.0000,0.0000,0.0235,1,3,0.117
80.202,0,2,1,-1.2333,0.0000,-1.2174,0.0151,-6.3332,0.0000,0.0000,0.0000,-1.2681,-0.0776,-2.8809,0.039,7125,0.0000,0.0000,0.0220,1,3,0.117
80.307,0,2,1,-1.2333,0.0000,-1.2180,0.0153,-6.2917,0.0000,0.0000,0.0000,-1.1934,0.1137,-2.1003,0.012,7129,0.0000,0.0000,0.0216,1,3,0.117
80.402,0,2,1,-1.2333,0.0000,-1.2184,0.0154,-6.3147,0.0000,0.0000,0.0000,-1.1934,0.1137,-2.1003,0.046,7131,0.0000,0.0000,0.0214,1,3,0.117
80.502,0,2,1,-1.2333,0.0000,-1.2190,0.0155,-6.2675,0.0000,0.0000,0.0000,-1.1934,0.1137,-2.0998,0.010,7135,0.0000,0.0000,0.0211,1,3,0.117
80.602,0,2,1,-1.2333,0.0000,-1.2193,0.0156,-6.2961,0.0000,0.0000,0.0000,-1.1934,0.1137,-2.0998,0.046,7137,0.0000,0.0000,0.0210,1,3,0.117
80.702,0,2,1,-1.2333,0.0000,-1.2199,0.0157,-6.2534,0.0000,0.0000,0.0000,-1.1934,0.1137,-2.0998,0.002,7141,0.0000,0.0000,0.0207,1,3,0.117
80.803,0,2,1,-1.2333,0.0000,-1.2202,0.0158,-6.2778,0.0000,0.0000,0.0000,-1.1934,0.1137,-2.0998,0.027,7143,0.0000,0.0000,0.0206,1,3,0.117
80.902,0,2,1,-1.2333,0.0000,-1.2211,0.0146,-6.2733,0.0000,0.0000,0.0000,-1.2681,-0.0776,-2.8809,0.020,7146,0.0000,0.0000,0.0191,1,3,0.117
81.001,0,2,1,-1.2333,0.0000,-1.2210,0.0160,-6.2611,0.0000,0.0000,0.0000,-1.1934,0.1137,-2.0998,0.033,7149,0.0000,0.0000,0.0202,1,3,0.117
81.103,0,2,1,-1.2333,0.0000,-1.2214,0.0161,-6.2176,0.0000,0.0000,0.0000,-1.1931,0.1141,-2.1003,0.010,7153,0.0000,0.0000,0.0200,1,3,0.117
81.202,0,2,1,-1.2333,0.0000,-1.2217,0.0162,-6.2444,0.0000,0.0000,0.0000,-1.1931,0.1141,-2.1003,0.042,7155,0.0000,0.0000,0.0199,1,3,0.117
81.304,0,2,1,-1.2333,0.0000,-1.2215,0.0175,-6.2282,0.0000,0.0000,0.0000,-1.2681,-0.0776,-2.8809,0.008,7159,0.0000,0.0000,0.0211,1,3,0.117
81.403,0,2,1,-1.2333,0.0000,-1.2224,0.0163,-6.2272,0.0000,0.0000,0.0000,-1.2681,-0.0776,-2.8809,0.026,7161,0.0000,0.0000,0.0197,1,3,0.117
81.502,0,2,1,-1.2333,0.0000,-1.2228,0.0164,-6.1823,0.0000,0.0000,0.0000,-1.2681,-0.0776,-2.8809,0.006,7165,0.0000,0.0000,0.0195,1,3,0.117
81.602,0,2,1,-1.2333,0.0000,-1.2230,0.0164,-6.2081,0.0000,0.0000,0.0000,-1.1931,0.1141,-2.1003,0.038,7167,0.0000,0.0000,0.0194,1,3,0.117
81.703,0,2,1,-1.2333,0.0000,-1.2234,0.0165,-6.1671,0.0000,0.0000,0.0000,-1.1931,0.1141,-2.1003,0.009,7171,0.0000,0.0000,0.0193,1,3,0.117
81.802,0,2,1,-1.2333,0.0000,-1.2236,0.0166,-6.1938,0.0000,0.0000,0.0000,-1.1931,0.1141,-2.1011,0.043,7173,0.0000,0.0000,0.0193,1,3,0.117
81.903,0,2,1,-1.2333,0.0000,-1.2243,0.0154,-6.1917,0.0000,0.0000,0.0000,-1.1931,0.1141,-2.1012,0.006,7177,0.0000,0.0000,0.0178,1,3,0.117
82.002,0,2,1,-1.2333,0.0000,-1.2241,0.0167,-6.1807,0.0000,0.0000,0.0000,-1.1931,0.1141,-2.1012,0.044,7179,0.0000,0.0000,0.0191,1,3,0.117
82.104,0,2,1,-1.2333,0.0000,-1.2248,0.0155,-6.1786,0.0000,0.0000,0.0000,-1.2681,-0.0776,-2.8809,0.022,7182,0.0000,0.0000,0.0177,1,3,0.117
82.202,0,2,1,-1.2333,0.0000,-1.2246,0.0169,-6.1735,0.0000,0.0000,0.0000,-1.1931,0.1141,-2.1032,0.038,7185,0.0000,0.0000,0.0190,1,3,0.117
82.303,0,2,1,-1.2333,0.0000,-1.2253,0.0157,-6.1699,0.0000,0.0000,0.0000,-1.1931,0.1141,-2.1032,0.008,7189,0.0000,0.0000,0.0176,1,3,0.117
82.402,0,2,1,-1.2333,0.0000,-1.2250,0.0170,-6.1632,0.0000,0.0000,0.0000,-1.1931,0.1141,-2.1032,0.040,7191,0.0000,0.0000,0.0189,1,3,0.117
82.502,0,2,1,-1.2333,0.0000,-1.2253,0.0171,-6.1217,0.0000,0.0000,0.0000,-1.1931,0.1141,-2.1032,0.010,7195,0.0000,0.0000,0.0189,1,3,0.117
82.602,0,2,1,-1.2333,0.0000,-1.2255,0.0171,-6.1499,0.0000,0.0000,0.0000,-1.2681,-0.0776,-2.8809,0.027,7197,0.0000,0.0000,0.0188,1,3,0.117
82.704,0,2,1,-1.2333,0.0000,-1.2252,0.0184,-6.1411,0.0000,0.0000,0.0000,-1.1931,0.1141,-2.1032,0.019,7200,0.0000,0.0000,0.0201,1,3,0.117
82.802,0,3,0,-1.2333,0.0000,-1.2259,0.0172,-6.1404,0.0000,0.0000,0.0000,-1.2681,-0.0776,-2.8809,0.036,7203,-0.0085,-0.0188,0.0187,1,3,0.117
82.905,0,3,1,-1.2333,-0.6167,-1.2269,0.0159,-6.1659,0.0000,0.0000,0.0000,-1.1931,0.1141,-2.1032,0.012,7207,-0.0170,-0.1286,0.6326,1,3,0.117
83.002,0,3,1,-1.2333,-0.6167,-1.2292,0.0085,-6.4235,0.0000,0.0000,0.0000,-1.1934,0.1146,-2.1238,0.042,7209,-0.0167,-0.1285,0.6252,1,3,0.117
83.102,0,3,1,-1.2333,-0.6167,-1.2324,-0.0028,-6.7584,0.0000,0.0000,0.0000,-1.1971,0.1200,-2.4055,0.009,7213,-0.0162,-0.1285,0.6138,1,3,0.117
83.202,0,3,1,-1.2333,-0.6167,-1.2360,-0.0157,-6.7287,0.0000,0.0000,0.0000,-1.2255,0.0156,-3.9206,0.041,7215,-0.0156,-0.1284,0.6009,1,3,0.117
83.302,0,3,1,-1.2333,-0.6167,-1.2268,-0.0326,-7.2911,0.0000,0.0000,0.0000,-1.2890,-0.1204,-3.5113,0.016,7218,-0.0171,-0.1286,0.5841,1,3,0.117
83.402,0,3,1,-1.2333,-0.6167,-1.2310,-0.0464,-7.5728,0.0000,0.0000,0.0000,-1.2257,-0.0091,-4.2112,0.044,7220,-0.0286,-0.0992,0.5702,1,3,0.117
83.503,0,3,1,-1.2333,-0.6167,-1.2366,-0.0596,-7.4150,0.0000,0.0000,0.0000,-1.3110,-0.1657,-3.9798,0.023,7223,-0.0154,-0.1284,0.5571,1,3,0.117
83.602,0,3,1,-1.2333,-0.6167,-1.2407,-0.0732,-7.4377,0.0000,0.0000,0.0000,-1.2300,-0.0368,-4.2989,0.026,7225,-0.0147,-0.1283,0.5436,1,3,0.117
83.703,0,3,1,-1.2333,-0.6167,-1.2455,-0.0879,-7.3126,0.0000,0.0000,0.0000,-1.2329,-0.0522,-4.1656,0.010,7229,-0.0137,-0.1281,0.5289,1,3,0.117
83.802,0,3,1,-1.2333,-0.6167,-1.2492,-0.1009,-7.5003,0.0000,0.0000,0.0000,-1.2373,-0.0642,-4.0702,0.046,7231,-0.0130,-0.1280,0.5160,1,3,0.117
83.902,0,3,1,-1.2333,-0.6167,-1.2528,-0.1097,-7.5932,0.0000,0.0000,0.0000,-1.2405,-0.0811,-4.2487,0.014,7234,-0.0122,-0.1279,0.5073,1,3,0.117
84.002,0,3,1,-1.2333,-0.6167,-1.2569,-0.1184,-7.6235,0.0000,0.0000,0.0000,-1.3099,-0.0185,-6.6213,0.038,7237,-0.0114,-0.1277,0.4988,1,3,0.117
84.104,0,3,1,-1.2333,-0.6167,-1.2598,-0.1289,-7.4576,0.0000,0.0000,0.0000,-1.2430,-0.1057,-4.1877,0.019,7240,-0.0107,-0.1276,0.4885,1,3,0.117
84.202,0,3,1,-1.2333,-0.6167,-1.2637,-0.1380,-7.7410,0.0000,0.0000,0.0000,-1.3126,-0.0089,-6.7294,0.021,7243,-0.0098,-0.1274,0.4796,1,3,0.117
84.304,0,3,1,-1.2333,-0.6167,-1.2669,-0.1465,-7.8335,0.0000,0.0000,0.0000,-1.3090,-0.0003,-7.3996,0.010,7247,-0.0090,-0.1273,0.4714,1,3,0.117
84.403,0,3,1,-1.2333,-0.6167,-1.2697,-0.1570,-7.7877,0.0000,0.0000,0.0000,-1.2465,-0.1440,-4.4180,0.047,7249,-0.0082,-0.1271,0.4612,1,3,0.117
84.502,0,3,1,-1.2333,-0.6167,-1.2728,-0.1659,-7.8504,0.0000,0.0000,0.0000,-1.2440,-0.1613,-4.4655,0.009,7253,-0.0074,-0.1269,0.4525,1,3,0.117
84.603,0,3,1,-1.2333,-0.6167,-1.2735,-0.1727,-7.5031,0.0000,0.0000,0.0000,-1.2153,-0.1173,-1.3037,0.034,7257,-0.0071,-0.1268,0.4458,1,3,0.117
84.704,0,3,1,-1.2333,-0.6167,-1.2738,-0.1763,-7.5250,0.0000,0.0000,0.0000,-1.2199,-0.1375,-0.9892,0.002,7265,-0.0070,-0.1268,0.4423,1,3,0.117
84.802,0,3,1,-1.2333,-0.6167,-1.2739,-0.1817,-7.7731,0.0000,0.0000,0.0000,-1.2436,-0.1961,-4.3249,0.019,7269,-0.0069,-0.1268,0.4368,1,3,0.117
84.904,0,3,1,-1.2333,-0.6167,-1.2739,-0.1883,-7.5913,0.0000,0.0000,0.0000,-1.2238,-0.1618,-1.3603,0.004,7274,-0.0067,-0.1268,0.4303,1,3,0.117
85.003,0,3,1,-1.2333,-0.6167,-1.2721,-0.1949,-7.5187,0.0000,0.0000,0.0000,-1.2030,0.0045,-6.0990,0.025,7280,-0.0070,-0.1268,0.4236,1,3,0.117
85.104,0,3,1,-1.2333,-0.6167,-1.2715,-0.2022,-7.4725,0.0000,0.0000,0.0000,-1.2052,-0.0300,-6.0114,0.002,7287,-0.0070,-0.1268,0.4162,1,3,0.117
85.202,0,3,1,-1.2333,-0.6167,-1.2704,-0.2093,-7.3440,0.0000,0.0000,0.0000,-1.2283,-0.1987,-1.2651,0.035,7292,-0.0071,-0.1268,0.4091,1,3,0.117
85.303,0,3,1,-1.2333,-0.6167,-1.2711,-0.2194,-7.6232,0.0000,0.0000,0.0000,-1.4422,-0.3125,3.3978,0.003,7297,-0.0067,-0.1267,0.3990,1,3,0.117
85.402,0,3,1,-1.2333,-0.6167,-1.2734,-0.2312,-7.3417,0.0000,0.0000,0.0000,-1.2321,-0.2301,-1.7115,0.015,7303,-0.0058,-0.1265,0.3875,1,3,0.117
85.505,0,3,1,-1.2333,-0.6167,-1.2756,-0.2440,-7.2381,0.0000,0.0000,0.0000,-1.4293,-0.3140,2.7220,0.002,7309,-0.0049,-0.1263,0.3751,1,3,0.117
85.602,0,3,1,-1.2333,-0.6167,-1.2791,-0.2559,-7.1338,0.0000,0.0000,0.0000,-1.4243,-0.3455,3.0121,0.020,7314,-0.0037,-0.1260,0.3637,1,3,0.117
85.703,0,3,1,-1.2333,-0.6167,-1.2798,-0.2676,-7.1215,0.0000,0.0000,0.0000,-1.1649,-0.2749,0.3396,0.002,7321,-0.0031,-0.1258,0.3521,1,3,0.117
85.802,0,3,1,-1.2333,-0.6167,-1.2822,-0.2808,-7.1994,0.0000,0.0000,0.0000,-1.4105,-0.3615,2.4355,0.019,7325,-0.0019,-0.1255,0.3394,1,3,0.117
85.903,0,3,1,-1.2333,-0.6167,-1.2850,-0.2939,-7.2148,0.0000,0.0000,0.0000,-1.1770,-0.3034,-0.3129,0.002,7332,-0.0005,-0.1251,0.3268,1,3,0.117
86.002,0,3,1,-1.2333,-0.6167,-1.2869,-0.3079,-6.9871,0.0000,0.0000,0.0000,-1.3984,-0.3816,1.7963,0.018,7337,0.0007,-0.1247,0.3134,1,3,0.117
86.104,0,3,1,-1.2333,-0.6167,-1.2911,-0.3196,-7.0908,0.0000,0.0000,0.0000,-1.1902,-0.3294,-0.4273,0.003,7342,0.0027,-0.1241,0.3027,1,3,0.117
86.202,0,3,1,-1.2333,-0.6167,-1.2921,-0.3337,-7.1539,0.0000,0.0000,0.0000,-1.2507,-0.3828,-5.0382,0.019,7348,0.0039,-0.1237,0.2890,1,3,0.117
86.302,0,3,1,-1.2333,-0.6167,-1.2957,-0.3449,-7.3482,0.0000,0.0000,0.0000,-1.2506,-0.4008,-5.4538,0.008,7352,0.0058,-0.1230,0.2788,1,3,0.117
86.402,0,3,1,-1.2333,-0.6167,-1.2964,-0.3558,-7.4215,0.0000,0.0000,0.0000,-1.2137,-0.2404,-6.1861,0.030,7357,0.0069,-0.1225,0.2683,1,3,0.117
86.502,0,3,1,-1.2333,-0.6167,-1.2969,-0.3671,-7.6153,0.0000,0.0000,0.0000,-1.2402,-0.4087,-5.3640,0.009,7363,0.0080,-0.1221,0.2575,1,3,0.117
86.602,0,3,1,-1.2333,-0.6167,-1.2968,-0.3778,-7.2492,0.0000,0.0000,0.0000,-1.1847,-0.3760,0.0941,0.002,7369,0.0090,-0.1217,0.2472,1,3,0.117
86.703,0,3,1,-1.2333,-0.6167,-1.2977,-0.3900,-7.2605,0.0000,0.0000,0.0000,-1.3763,-0.4685,1.3799,0.010,7373,0.0105,-0.1211,0.2356,1,3,0.117
86.802,0,3,1,-1.2333,-0.6167,-1.2997,-0.4018,-7.2684,0.0000,0.0000,0.0000,-1.3699,-0.4809,1.1198,0.021,7378,0.0126,-0.1201,0.2248,1,3,0.117
86.903,0,3,1,-1.2333,-0.6167,-1.3012,-0.4153,-7.1848,0.0000,0.0000,0.0000,-1.3658,-0.4990,1.0585,0.009,7382,0.0149,-0.1190,0.2125,1,3,0.117
87.002,0,3,1,-1.2333,-0.6167,-1.3021,-0.4248,-7.4953,0.0000,0.0000,0.0000,-1.3640,-0.5039,0.9424,0.017,7387,0.0167,-0.1181,0.2038,1,3,0.117
87.102,0,3,1,-1.2333,-0.6167,-1.3040,-0.4342,-7.4831,0.0000,0.0000,0.0000,-1.2025,-0.4463,-0.9986,0.006,7392,0.0189,-0.1170,0.1956,1,3,0.117
87.202,0,3,1,-1.2333,-0.6167,-1.3045,-0.4463,-7.2308,0.0000,0.0000,0.0000,-1.3489,-0.5142,0.2060,0.018,7395,0.0211,-0.1157,0.1846,1,3,0.117
87.303,0,3,1,-1.2333,-0.6167,-1.3059,-0.4552,-7.4806,0.0000,0.0000,0.0000,-1.2088,-0.4714,-0.8322,0.007,7400,0.0234,-0.1143,0.1770,1,3,0.117
87.403,0,3,1,-1.2333,-0.6167,-1.3046,-0.4668,-7.2294,0.0000,0.0000,0.0000,-1.3430,-0.5485,0.3463,0.026,7404,0.0252,-0.1131,0.1660,1,3,0.117
87.503,0,3,1,-1.2333,-0.6167,-1.3054,-0.4753,-7.3245,0.0000,0.0000,0.0000,-1.2413,-0.4466,-4.2862,0.006,7409,0.0275,-0.1116,0.1587,1,3,0.117
87.602,0,3,1,-1.2333,-0.6167,-1.3020,-0.4857,-7.4128,0.0000,0.0000,0.0000,-1.2390,-0.4495,-4.4412,0.022,7413,0.0285,-0.1109,0.1478,1,3,0.117
87.704,0,3,1,-1.2333,-0.6167,-1.3020,-0.4961,-7.5161,0.0000,0.0000,0.0000,-1.2092,-0.5181,-1.2029,0.005,7418,0.0313,-0.1089,0.1388,1,3,0.117
87.802,0,3,1,-1.2333,-0.6167,-1.2993,-0.5066,-7.5598,0.0000,0.0000,0.0000,-1.2328,-0.4789,-4.5510,0.034,7421,0.0330,-0.1075,0.1283,1,3,0.117
87.902,0,3,1,-1.2333,-0.6167,-1.3000,-0.5162,-7.9176,0.0000,0.0000,0.0000,-1.2293,-0.4966,-4.6708,0.002,7425,0.0353,-0.1008,0.1205,1,3,0.117
88.002,0,3,1,-1.2333,-0.6167,-1.2958,-0.5260,-7.8329,0.0000,0.0000,0.0000,-1.2073,-0.5518,-1.6791,0.026,7429,0.0334,-0.0911,0.1101,1,3,0.117
88.104,0,3,1,-1.2333,-0.6167,-1.2934,-0.5346,-7.7782,0.0000,0.0000,0.0000,-1.2160,-0.5700,-2.0398,0.008,7433,0.0325,-0.0825,0.1017,1,3,0.117
88.205,0,3,1,-1.2333,-0.6167,-1.2887,-0.5439,-7.6412,0.0000,0.0000,0.0000,-1.2565,-0.6221,-5.1795,0.006,7438,0.0302,-0.0732,0.0915,1,3,0.117
88.303,0,3,1,-1.2333,-0.6167,-1.2840,-0.5530,-7.6503,0.0000,0.0000,0.0000,-1.2580,-0.6132,-5.4440,0.025,7441,0.0279,-0.0642,0.0814,1,3,0.117
88.404,0,3,1,-1.2333,-0.6167,-1.2784,-0.5615,-7.6687,0.0000,0.0000,0.0000,-1.1981,-0.5564,-4.9087,0.007,7446,0.0256,-0.0566,0.0712,1,3,0.117
88.504,0,3,2,-1.2333,-1.2333,-1.2763,-0.5693,-7.3596,0.0000,0.0000,0.0000,-1.1969,-0.5944,-1.2207,0.008,7451,-0.0097,-0.1274,0.6654,1,3,0.117
88.605,0,3,2,-1.2333,-1.2333,-1.2764,-0.5818,-7.3684,0.0000,0.0000,0.0000,-1.1942,-0.5688,-4.5696,0.007,7455,-0.0095,-0.1274,0.6529,1,3,0.117
88.702,0,3,2,-1.2333,-1.2333,-1.2756,-0.5944,-7.3629,0.0000,0.0000,0.0000,-1.2501,-0.6517,-5.2456,0.003,7459,-0.0095,-0.1274,0.6403,1,3,0.117
88.803,0,3,2,-1.2333,-1.2333,-1.2736,-0.6084,-7.2022,0.0000,0.0000,0.0000,-1.1965,-0.5997,-4.5600,0.011,7464,-0.0097,-0.1274,0.6262,1,3,0.117
88.902,0,3,2,-1.2333,-1.2333,-1.2741,-0.6206,-7.3485,0.0000,0.0000,0.0000,-1.2674,-0.6424,-5.7177,0.016,7468,-0.0095,-0.1273,0.6141,1,3,0.117
89.003,0,3,2,-1.2333,-1.2333,-1.2740,-0.6338,-7.3549,0.0000,0.0000,0.0000,-1.2022,-0.6281,-4.7460,0.025,7472,-0.0093,-0.1273,0.6009,1,3,0.117
89.102,0,3,2,-1.2333,-1.2333,-1.2744,-0.6471,-7.2274,0.0000,0.0000,0.0000,-1.2087,-0.6664,-1.3230,0.004,7477,-0.0091,-0.1273,0.5876,1,3,0.117
89.203,0,3,2,-1.2333,-1.2333,-1.2754,-0.6588,-7.2970,0.0000,0.0000,0.0000,-1.2109,-0.6478,-4.4741,0.035,7480,-0.0088,-0.1272,0.5761,1,3,0.117
89.303,0,3,2,-1.2333,-1.2333,-1.2770,-0.6706,-7.4919,0.0000,0.0000,0.0000,-1.2128,-0.6597,-4.7638,0.003,7485,-0.0084,-0.1271,0.5645,1,3,0.117
89.404,0,3,2,-1.2333,-1.2333,-1.2775,-0.6828,-7.5242,0.0000,0.0000,0.0000,-1.2583,-0.7375,-5.3431,0.021,7487,-0.0081,-0.1271,0.5523,1,3,0.117
89.505,0,3,2,-1.2333,-1.2333,-1.2783,-0.6977,-7.3871,0.0000,0.0000,0.0000,-1.2118,-0.7226,-1.3138,0.012,7490,-0.0078,-0.1270,0.5375,1,3,0.117
89.602,0,3,2,-1.2333,-1.2333,-1.2788,-0.7117,-7.5931,0.0000,0.0000,0.0000,-1.3082,-0.8125,-3.6327,0.031,7494,-0.0075,-0.1269,0.5236,1,3,0.117
89.704,0,3,2,-1.2333,-1.2333,-1.2801,-0.7263,-7.2338,0.0000,0.0000,0.0000,-1.2144,-0.7244,-4.6319,0.003,7499,-0.0070,-0.1268,0.5092,1,3,0.117
89.802,0,3,2,-1.2333,-1.2333,-1.2805,-0.7398,-7.5345,0.0000,0.0000,0.0000,-1.2151,-0.7340,-4.4495,0.017,7502,-0.0067,-0.1267,0.4958,1,3,0.117
89.902,0,3,2,-1.2333,-1.2333,-1.2812,-0.7552,-7.5594,0.0000,0.0000,0.0000,-1.2304,-0.7748,-2.2085,0.007,7507,-0.0062,-0.1266,0.4806,1,3,0.117
90.002,0,3,2,-1.2333,-1.2333,-1.2809,-0.7684,-7.2711,0.0000,0.0000,0.0000,-1.2036,-0.7497,-5.5665,0.007,7511,-0.0060,-0.1266,0.4674,1,3,0.117
90.104,0,3,2,-1.2333,-1.2333,-1.2817,-0.7821,-7.4315,0.0000,0.0000,0.0000,-1.2983,-0.8604,-4.2849,0.021,7515,-0.0055,-0.1265,0.4539,1,3,0.117
90.202,0,3,2,-1.2333,-1.2333,-1.2812,-0.7946,-7.2827,0.0000,0.0000,0.0000,-1.2257,-0.8110,-1.6655,0.030,7518,-0.0053,-0.1264,0.4414,1,3,0.117
90.302,0,3,2,-1.2333,-1.2333,-1.2830,-0.8080,-7.5521,0.0000,0.0000,0.0000,-1.2306,-0.8288,-1.7854,0.006,7522,-0.0046,-0.1262,0.4282,1,3,0.117
90.402,0,3,2,-1.2333,-1.2333,-1.2820,-0.8217,-7.5379,0.0000,0.0000,0.0000,-1.2399,-0.8355,-2.2678,0.026,7526,-0.0045,-0.1262,0.4145,1,3,0.117
90.502,0,3,2,-1.2333,-1.2333,-1.2832,-0.8353,-7.3637,0.0000,0.0000,0.0000,-1.2057,-0.8271,-5.5798,0.004,7530,-0.0038,-0.1260,0.4012,1,3,0.117
90.602,0,3,2,-1.2333,-1.2333,-1.2826,-0.8487,-7.4613,0.0000,0.0000,0.0000,-1.2324,-0.8638,-1.6648,0.015,7533,-0.0035,-0.1260,0.3878,1,3,0.117
90.703,0,3,2,-1.2333,-1.2333,-1.2830,-0.8620,-7.3671,0.0000,0.0000,0.0000,-1.2098,-0.8561,-5.4730,0.003,7537,-0.0030,-0.1258,0.3746,1,3,0.117
90.802,0,3,2,-1.2333,-1.2333,-1.2815,-0.8765,-7.4645,0.0000,0.0000,0.0000,-1.2412,-0.8857,-1.8718,0.024,7542,-0.0029,-0.1258,0.3601,1,3,0.117
90.906,0,3,2,-1.2333,-1.2333,-1.2816,-0.8901,-7.5626,0.0000,0.0000,0.0000,-1.2114,-0.8863,-5.6597,0.007,7545,-0.0022,-0.1256,0.3466,1,3,0.117
91.006,0,3,2,-1.2333,-1.2333,-1.2821,-0.9029,-7.5287,0.0000,0.0000,0.0000,-1.2789,-0.9652,-5.0547,0.003,7548,-0.0017,-0.1254,0.3340,1,3,0.117
91.102,0,3,2,-1.2333,-1.2333,-1.2823,-0.9177,-7.3063,0.0000,0.0000,0.0000,-1.2425,-0.9366,-1.9530,0.008,7551,-0.0010,-0.1252,0.3194,1,3,0.117
91.202,0,3,2,-1.2333,-1.2333,-1.2820,-0.9310,-7.4112,0.0000,0.0000,0.0000,-1.2148,-0.9239,-5.2827,0.021,7555,-0.0004,-0.1251,0.3063,1,3,0.117
91.302,0,3,2,-1.2333,-1.2333,-1.2819,-0.9447,-7.4587,0.0000,0.0000,0.0000,-1.2562,-0.9610,-2.4023,0.006,7560,0.0002,-0.1249,0.2927,1,3,0.117
91.404,0,3,2,-1.2333,-1.2333,-1.2818,-0.9579,-7.4877,0.0000,0.0000,0.0000,-1.2528,-0.9682,-2.2281,0.041,7563,0.0009,-0.1246,0.2797,1,3,0.117
91.503,0,3,2,-1.2333,-1.2333,-1.2810,-0.9716,-7.4944,0.0000,0.0000,0.0000,-1.2752,-1.0205,-5.2615,0.017,7568,0.0015,-0.1245,0.2660,1,3,0.117
91.603,0,3,2,-1.2333,-1.2333,-1.2802,-0.9845,-7.2420,0.0000,0.0000,0.0000,-1.2496,-1.0000,-2.2263,0.029,7572,0.0021,-0.1243,0.2532,1,3,0.117
91.705,0,3,2,-1.2333,-1.2333,-1.2795,-0.9991,-7.3316,0.0000,0.0000,0.0000,-1.2559,-1.0120,-2.1586,0.002,7578,0.0029,-0.1240,0.2388,1,3,0.117
91.803,0,3,2,-1.2333,-1.2333,-1.2790,-1.0116,-7.1839,0.0000,0.0000,0.0000,-1.2573,-1.0212,-2.1973,0.030,7581,0.0037,-0.1237,0.2264,1,3,0.117
91.902,0,3,2,-1.2333,-1.2333,-1.2786,-1.0257,-7.3713,0.0000,0.0000,0.0000,-1.2200,-1.0282,-5.2095,0.009,7585,0.0048,-0.1233,0.2125,1,3,0.117
92.003,0,3,2,-1.2333,-1.2333,-1.2776,-1.0381,-7.4922,0.0000,0.0000,0.0000,-1.2515,-1.0435,-2.0623,0.027,7589,0.0056,-0.1230,0.2001,1,3,0.117
92.103,0,3,2,-1.2333,-1.2333,-1.2768,-1.0515,-7.4564,0.0000,0.0000,0.0000,-1.2417,-1.1035,-5.3062,0.002,7594,0.0067,-0.1226,0.1870,1,3,0.117
92.203,0,3,2,-1.2333,-1.2333,-1.2762,-1.0649,-7.3552,0.0000,0.0000,0.0000,-1.2694,-1.0990,-5.4526,0.024,7597,0.0080,-0.1221,0.1738,1,3,0.117
92.304,0,3,2,-1.2333,-1.2333,-1.2752,-1.0779,-7.3743,0.0000,0.0000,0.0000,-1.2238,-1.0800,-5.2909,0.009,7601,0.0093,-0.1216,0.1609,1,3,0.117
92.403,0,3,2,-1.2333,-1.2333,-1.2746,-1.0913,-7.2845,0.0000,0.0000,0.0000,-1.2714,-1.1196,-5.4198,0.010,7605,0.0111,-0.1208,0.1479,1,3,0.117
92.502,0,3,2,-1.2333,-1.2333,-1.2739,-1.1045,-7.2979,0.0000,0.0000,0.0000,-1.2668,-1.1350,-5.4025,0.008,7609,0.0131,-0.1199,0.1351,1,3,0.117
92.603,0,3,2,-1.2333,-1.2333,-1.2723,-1.1165,-7.4555,0.0000,0.0000,0.0000,-1.2245,-1.1187,-5.2898,0.027,7614,0.0145,-0.1174,0.1231,1,3,0.117
92.703,0,3,2,-1.2333,-1.2333,-1.2711,-1.1289,-7.4684,0.0000,0.0000,0.0000,-1.2667,-1.1411,-2.8610,0.007,7619,0.0150,-0.1048,0.1111,1,3,0.117
92.803,0,3,2,-1.2333,-1.2333,-1.2694,-1.1405,-7.3611,0.0000,0.0000,0.0000,-1.2237,-1.1458,-5.5191,0.022,7623,0.0151,-0.0932,0.0996,1,3,0.117
92.903,0,3,2,-1.2333,-1.2333,-1.2677,-1.1514,-7.3572,0.0000,0.0000,0.0000,-1.2261,-1.1581,-5.4922,0.008,7628,0.0151,-0.0821,0.0888,1,3,0.117
93.002,0,3,2,-1.2333,-1.2333,-1.2661,-1.1601,-7.2962,0.0000,0.0000,0.0000,-1.2239,-1.1654,-5.4360,0.020,7632,0.0150,-0.0734,0.0802,1,3,0.117
93.102,0,3,2,-1.2333,-1.2333,-1.2643,-1.1686,-7.3508,0.0000,0.0000,0.0000,-1.2226,-1.1791,-5.2789,0.010,7636,0.0146,-0.0649,0.0718,1,3,0.117
93.202,0,3,3,-0.6167,-1.2333,-1.2616,-1.1752,-7.2958,0.0000,0.0000,0.0000,-1.2563,-1.1880,-2.3721,0.031,7640,0.0706,-0.0250,0.6475,1,3,0.117
93.303,0,3,3,-0.6167,-1.2333,-1.2544,-1.1797,-7.6500,0.0000,0.0000,0.0000,-1.2200,-1.1938,-5.3805,0.003,7645,0.0705,-0.0244,0.6399,1,3,0.117
93.405,0,3,3,-0.6167,-1.2333,-1.2470,-1.1837,-7.6090,0.0000,0.0000,0.0000,-1.2550,-1.1970,-2.9946,0.003,7649,0.0705,-0.0238,0.6323,1,3,0.117
93.503,0,3,3,-0.6167,-1.2333,-1.2394,-1.1880,-7.6650,0.0000,0.0000,0.0000,-1.2074,-1.2017,-5.5209,0.010,7653,0.0705,-0.0232,0.6244,1,3,0.117
93.602,0,3,3,-0.6167,-1.2333,-1.2333,-1.1919,-7.8816,0.0000,0.0000,0.0000,-1.2035,-1.2032,-5.7944,0.022,7657,0.0704,-0.0227,0.6181,1,3,0.117
93.704,0,3,3,-0.6167,-1.2333,-1.2266,-1.1956,-7.6920,0.0000,0.0000,0.0000,-1.2256,-1.2114,-2.9197,0.005,7661,0.0704,-0.0222,0.6111,1,3,0.117
93.802,0,3,3,-0.6167,-1.2333,-1.2195,-1.1997,-7.4799,0.0000,0.0000,0.0000,-1.2288,-1.2082,-6.3471,0.027,7664,0.0704,-0.0216,0.6037,1,3,0.117
93.903,0,3,3,-0.6167,-1.2333,-1.2120,-1.2034,-7.5409,0.0000,0.0000,0.0000,-1.2210,-1.2106,-2.7050,0.011,7668,0.0703,-0.0210,0.5961,1,3,0.117
94.004,0,3,3,-0.6167,-1.2333,-1.2041,-1.2069,-8.0397,0.0000,0.0000,0.0000,-1.1794,-1.2114,-5.5234,0.009,7671,0.0703,-0.0205,0.5881,1,3,0.117
94.105,0,3,3,-0.6167,-1.2333,-1.1973,-1.2102,-7.3277,0.0000,0.0000,0.0000,-1.1702,-1.2184,-5.7729,0.002,7677,0.0702,-0.0200,0.5811,1,3,0.117
94.202,0,3,3,-0.6167,-1.2333,-1.1905,-1.2134,-6.8856,0.0000,0.0000,0.0000,-1.2064,-1.2181,-2.0740,0.037,7680,0.0702,-0.0195,0.5741,1,3,0.117
94.303,0,3,3,-0.6167,-1.2333,-1.1828,-1.2168,-7.2045,0.0000,0.0000,0.0000,-1.1602,-1.2177,-4.7962,0.010,7684,0.0701,-0.0189,0.5664,1,3,0.117
94.402,0,3,3,-0.6167,-1.2333,-1.1765,-1.2195,-7.2099,0.0000,0.0000,0.0000,-1.1927,-1.2207,-2.2197,0.035,7687,0.0701,-0.0185,0.5600,1,3,0.117
94.502,0,3,3,-0.6167,-1.2333,-1.1692,-1.2226,-7.0671,0.0000,0.0000,0.0000,-1.1879,-1.2215,-2.2154,0.004,7693,0.0700,-0.0180,0.5526,1,3,0.117
94.604,0,3,3,-0.6167,-1.2333,-1.1625,-1.2259,-7.3492,0.0000,0.0000,0.0000,-1.1382,-1.2250,-4.7306,0.043,7695,0.0699,-0.0174,0.5459,1,3,0.117
94.702,0,3,3,-0.6167,-1.2333,-1.1558,-1.2301,-7.8199,0.0000,0.0000,0.0000,-1.1320,-1.2288,-5.3341,0.002,7700,0.0698,-0.0166,0.5391,1,3,0.117
94.802,0,3,3,-0.6167,-1.2333,-1.1488,-1.2333,-7.3535,0.0000,0.0000,0.0000,-1.1627,-1.2269,-2.8541,0.032,7704,0.1083,0.0095,0.5321,1,3,0.180
94.904,0,3,3,-0.6167,-1.2333,-1.1409,-1.2345,-7.2385,0.0000,0.0000,0.0000,-1.1576,-1.2295,-2.1936,0.003,7709,0.0697,-0.0158,0.5242,1,3,0.117
95.002,0,3,3,-0.6167,-1.2333,-1.1342,-1.2383,-7.3218,0.0000,0.0000,0.0000,-1.1451,-1.3129,-3.8703,0.011,7713,0.0696,-0.0151,0.5176,1,3,0.117
95.103,0,3,3,-0.6167,-1.2333,-1.1271,-1.2413,-7.2605,0.0000,0.0000,0.0000,-1.1290,-1.2503,-5.5150,0.006,7717,0.0695,-0.0145,0.5105,1,3,0.117
95.204,0,3,3,-0.6167,-1.2333,-1.1203,-1.2433,-7.4195,0.0000,0.0000,0.0000,-1.0951,-1.2387,-4.8922,0.024,7722,0.0695,-0.0141,0.5037,1,3,0.117
95.305,0,3,3,-0.6167,-1.2333,-1.1129,-1.2456,-7.8040,0.0000,0.0000,0.0000,-1.0869,-1.2416,-5.3716,0.003,7728,0.0694,-0.0136,0.4963,1,3,0.117
95.402,0,3,3,-0.6167,-1.2333,-1.1059,-1.2479,-8.3366,0.0000,0.0000,0.0000,-1.0845,-1.2457,-5.8179,0.028,7731,0.0693,-0.0131,0.4894,1,3,0.117
95.502,0,3,3,-0.6167,-1.2333,-1.0987,-1.2503,-7.6936,0.0000,0.0000,0.0000,-1.1157,-1.2453,-3.3370,0.009,7736,0.0692,-0.0125,0.4823,1,3,0.117
95.602,0,3,3,-0.6167,-1.2333,-1.0908,-1.2596,-7.7487,0.0000,0.0000,0.0000,-0.9786,-1.9385,7.9630,0.034,7740,0.0689,-0.0106,0.4749,1,3,0.117
95.703,0,3,3,-0.6167,-1.2333,-1.0834,-1.2610,-7.6597,0.0000,0.0000,0.0000,-1.1038,-1.2424,-3.0964,0.002,7746,0.0688,-0.0102,0.4675,1,3,0.117
95.802,0,3,3,-0.6167,-1.2333,-1.0772,-1.2622,-7.5949,0.0000,0.0000,0.0000,-1.1034,-1.2423,-3.0940,0.037,7749,0.0687,-0.0099,0.4615,1,3,0.117
95.903,0,3,3,-0.6167,-1.2333,-1.0699,-1.2639,-7.7486,0.0000,0.0000,0.0000,-1.0465,-1.2545,-5.6435,0.002,7755,0.0686,-0.0094,0.4543,1,3,0.117
96.002,0,3,3,-0.6167,-1.2333,-1.0631,-1.2652,-8.0578,0.0000,0.0000,0.0000,-1.0822,-1.2458,-3.2088,0.035,7758,0.0686,-0.0090,0.4476,1,3,0.117
96.103,0,3,3,-0.6167,-1.2333,-1.0546,-1.2736,-7.5761,0.0000,0.0000,0.0000,-1.0332,-1.2594,-5.9080,0.012,7763,0.0681,-0.0070,0.4398,1,3,0.117
96.202,0,3,3,-0.6167,-1.2333,-1.0473,-1.2813,-7.6026,0.0000,0.0000,0.0000,-1.0663,-1.2487,-2.8764,0.010,7767,0.0677,-0.0051,0.4333,1,3,0.117
96.304,0,3,3,-0.6167,-1.2333,-1.0403,-1.2816,-7.5749,0.0000,0.0000,0.0000,-1.0655,-1.2469,-3.2608,0.002,7772,0.0676,-0.0049,0.4264,1,3,0.117
96.402,0,3,3,-0.6167,-1.2333,-1.0344,-1.2815,-7.3753,0.0000,0.0000,0.0000,-1.0166,-1.2601,-5.6775,0.027,7776,0.0676,-0.0048,0.4205,1,3,0.117
96.506,0,3,3,-0.6167,-1.2333,-1.0262,-1.2886,-7.4059,0.0000,0.0000,0.0000,-1.0410,-1.2531,-2.6797,0.003,7782,0.0671,-0.0029,0.4133,1,3,0.117
96.602,0,3,3,-0.6167,-1.2333,-1.0199,-1.2885,-7.8527,0.0000,0.0000,0.0000,-1.0036,-1.2629,-5.5855,0.020,7785,0.0670,-0.0027,0.4070,1,3,0.117
96.702,0,3,3,-0.6167,-1.2333,-1.0122,-1.2950,-7.4416,0.0000,0.0000,0.0000,-1.0365,-1.2529,-3.3464,0.007,7790,0.0665,-0.0009,0.4003,1,3,0.117
96.803,0,3,3,-0.6167,-1.2333,-1.0039,-1.3080,-7.3518,0.0000,0.0000,0.0000,-0.8965,-1.9085,7.5425,0.026,7794,0.0654,0.0025,0.3943,1,3,0.117
96.905,0,3,3,-0.6167,-1.2333,-0.9972,-1.3063,-7.2817,0.0000,0.0000,0.0000,-0.9822,-1.2659,-5.7447,0.002,7800,0.0655,0.0024,0.3875,1,3,0.117
97.003,0,3,3,-0.6167,-1.2333,-0.9910,-1.3050,-6.9783,0.0000,0.0000,0.0000,-1.0157,-1.2580,-2.8079,0.035,7803,0.0655,0.0024,0.3812,1,3,0.117
97.103,0,3,3,-0.6167,-1.2333,-0.9845,-1.3034,-7.1294,0.0000,0.0000,0.0000,-0.9728,-1.2538,-5.4677,0.002,7809,0.0655,0.0023,0.3744,1,3,0.117
97.202,0,3,3,-0.6167,-1.2333,-0.9781,-1.3022,-7.5687,0.0000,0.0000,0.0000,-0.9651,-1.2639,-5.4653,0.024,7812,0.0655,0.0023,0.3680,1,3,0.117
97.302,0,3,3,-0.6167,-1.2333,-0.9710,-1.3014,-7.3029,0.0000,0.0000,0.0000,-0.9564,-1.2677,-5.8107,0.007,7817,0.0655,0.0024,0.3608,1,3,0.117
97.404,0,3,3,-0.6167,-1.2333,-0.9639,-1.3070,-7.2427,0.0000,0.0000,0.0000,-0.9963,-1.2592,-2.9457,0.023,7821,0.0648,0.0043,0.3550,1,3,0.117
97.507,0,3,3,-0.6167,-1.2333,-0.9565,-1.3122,-7.2991,0.0000,0.0000,0.0000,-0.9779,-1.2527,-2.9025,0.005,7826,0.0642,0.0060,0.3488,1,3,0.117
97.602,0,3,3,-0.6167,-1.2333,-0.9503,-1.3102,-7.0413,0.0000,0.0000,0.0000,-0.9778,-1.2544,-2.8461,0.027,7830,0.0642,0.0059,0.3424,1,3,0.117
97.703,0,3,3,-0.6167,-1.2333,-0.9428,-1.3148,-7.2358,0.0000,0.0000,0.0000,-0.9692,-1.2536,-2.8062,0.004,7835,0.0636,0.0076,0.3361,1,3,0.117
97.802,0,3,3,-0.6167,-1.2333,-0.9367,-1.3124,-7.6482,0.0000,0.0000,0.0000,-0.9410,-1.2864,-5.9380,0.011,7839,0.0637,0.0074,0.3296,1,3,0.117
97.903,0,3,3,-0.6167,-1.2333,-0.9311,-1.3103,-7.2904,0.0000,0.0000,0.0000,-0.9325,-1.2825,-6.6820,0.003,7844,0.0638,0.0072,0.3237,1,3,0.117
98.002,0,3,3,-0.6167,-1.2333,-0.9256,-1.3067,-7.1632,0.0000,0.0000,0.0000,-0.9190,-1.2528,-5.8256,0.023,7850,0.0640,0.0065,0.3175,1,3,0.117
98.103,0,3,3,-0.6167,-1.2333,-0.9188,-1.3029,-7.2488,0.0000,0.0000,0.0000,-0.9093,-1.2557,-6.0063,0.002,7858,0.0642,0.0059,0.3100,1,3,0.117
98.203,0,3,3,-0.6167,-1.2333,-0.9118,-1.3005,-6.7514,0.0000,0.0000,0.0000,-0.9025,-1.2603,-5.8081,0.015,7862,0.0643,0.0057,0.3027,1,3,0.117
98.304,0,3,3,-0.6167,-1.2333,-0.9062,-1.2989,-6.9938,0.0000,0.0000,0.0000,-0.8610,-1.3201,-2.4245,0.007,7869,0.0644,0.0055,0.2968,1,3,0.117
98.402,0,3,3,-0.6167,-1.2333,-0.8996,-1.2977,-7.3471,0.0000,0.0000,0.0000,-0.9519,-1.2550,-0.7053,0.022,7874,0.0643,0.0056,0.2902,1,3,0.117
98.504,0,3,3,-0.6167,-1.2333,-0.8934,-1.2961,-7.0270,0.0000,0.0000,0.0000,-0.9194,-1.2823,-4.1757,0.009,7881,0.0644,0.0056,0.2838,1,3,0.117
98.602,0,3,3,-0.6167,-1.2333,-0.8884,-1.2947,-7.1906,0.0000,0.0000,0.0000,-0.8752,-1.2572,-5.6696,0.034,7886,0.0644,0.0055,0.2786,1,3,0.117
98.703,0,3,3,-0.6167,-1.2333,-0.8824,-1.2930,-7.1404,0.0000,0.0000,0.0000,-0.8687,-1.2561,-6.1068,0.010,7893,0.0644,0.0054,0.2724,1,3,0.117
98.802,0,3,3,-0.6167,-1.2333,-0.8760,-1.2925,-7.0131,0.0000,0.0000,0.0000,-0.8367,-1.3128,-3.0322,0.029,7898,0.0643,0.0057,0.2660,1,3,0.117
98.906,0,3,3,-0.6167,-1.2333,-0.8697,-1.2914,-7.3060,0.0000,0.0000,0.0000,-0.8691,-1.2807,-6.1906,0.003,7905,0.0643,0.0058,0.2596,1,3,0.117
99.002,0,3,3,-0.6167,-1.2333,-0.8636,-1.2906,-7.5867,0.0000,0.0000,0.0000,-0.8401,-1.2989,-6.1617,0.018,7910,0.0642,0.0060,0.2534,1,3,0.117
99.102,0,3,3,-0.6167,-1.2333,-0.8576,-1.2897,-7.1912,0.0000,0.0000,0.0000,-0.8801,-1.2781,-4.6838,0.009,7916,0.0641,0.0062,0.2475,1,3,0.117
99.202,0,3,3,-0.6167,-1.2333,-0.8516,-1.2886,-7.3161,0.0000,0.0000,0.0000,-0.8745,-1.2779,-4.3041,0.024,7922,0.0641,0.0063,0.2413,1,3,0.117
99.308,0,3,3,-0.6167,-1.2333,-0.8452,-1.2880,-7.2593,0.0000,0.0000,0.0000,-0.8644,-1.2786,-4.4146,0.009,7929,0.0640,0.0066,0.2350,1,3,0.117
99.402,0,3,3,-0.6167,-1.2333,-0.8388,-1.2872,-7.2479,0.0000,0.0000,0.0000,-0.8279,-1.2534,-6.1324,0.027,7934,0.0638,0.0070,0.2286,1,3,0.117
99.503,0,3,3,-0.6167,-1.2333,-0.8326,-1.2867,-7.5216,0.0000,0.0000,0.0000,-0.7928,-1.2996,-3.3323,0.007,7941,0.0637,0.0074,0.2225,1,3,0.117
99.602,0,3,3,-0.6167,-1.2333,-0.8254,-1.2863,-7.6523,0.0000,0.0000,0.0000,-0.8147,-1.2519,-6.5420,0.026,7946,0.0634,0.0079,0.2153,1,3,0.117
99.702,0,3,3,-0.6167,-1.2333,-0.8196,-1.2861,-7.3144,0.0000,0.0000,0.0000,-0.8070,-1.2522,-6.5701,0.002,7952,0.0632,0.0085,0.2096,1,3,0.117
99.802,0,3,3,-0.6167,-1.2333,-0.8122,-1.2851,-7.3925,0.0000,0.0000,0.0000,-0.8121,-1.2737,-5.5516,0.027,7958,0.0630,0.0089,0.2023,1,3,0.117
99.903,0,3,3,-0.6167,-1.2333,-0.8051,-1.2840,-7.4085,0.0000,0.0000,0.0000,-0.7952,-1.2494,-6.5140,0.004,7966,0.0629,0.0093,0.1951,1,3,0.117
100.003,0,3,3,-0.6167,-1.2333,-0.7983,-1.2837,-7.3979,0.0000,0.0000,0.0000,-0.7830,-1.2802,-7.2095,0.022,7970,0.0626,0.0100,0.1885,1,3,0.117
100.102,0,3,3,-0.6167,-1.2333,-0.7918,-1.2828,-7.5999,0.0000,0.0000,0.0000,-0.7808,-1.2475,-6.4887,0.011,7975,0.0624,0.0104,0.1820,1,3,0.117
100.204,0,3,3,-0.6167,-1.2333,-0.7843,-1.2824,-7.8381,0.0000,0.0000,0.0000,-0.7530,-1.2890,-3.6438,0.019,7979,0.0620,0.0113,0.1747,1,3,0.117
100.302,0,3,3,-0.6167,-1.2333,-0.7774,-1.2815,-7.5395,0.0000,0.0000,0.0000,-0.7700,-1.2451,-6.5981,0.010,7983,0.0618,0.0119,0.1678,1,3,0.117
100.402,0,3,3,-0.6167,-1.2333,-0.7711,-1.2807,-7.7864,0.0000,0.0000,0.0000,-0.7898,-1.2682,-4.2658,0.026,7988,0.0615,0.0125,0.1615,1,3,0.117
100.502,0,3,3,-0.6167,-1.2333,-0.7648,-1.2792,-7.6900,0.0000,0.0000,0.0000,-0.7837,-1.2653,-4.4809,0.007,7993,0.0614,0.0127,0.1551,1,3,0.117
100.602,0,3,3,-0.6167,-1.2333,-0.7581,-1.2785,-7.6841,0.0000,0.0000,0.0000,-0.7396,-1.2931,-6.1649,0.024,7997,0.0610,0.0135,0.1485,1,3,0.117
100.702,0,3,3,-0.6167,-1.2333,-0.7512,-1.2779,-7.9355,0.0000,0.0000,0.0000,-0.7234,-1.2792,-3.5125,0.007,8002,0.0605,0.0145,0.1418,1,3,0.117
100.802,0,3,3,-0.6167,-1.2333,-0.7449,-1.2763,-8.5633,0.0000,0.0000,0.0000,-0.7445,-1.2378,-6.9858,0.022,8006,0.0604,0.0148,0.1352,1,3,0.117
100.903,0,3,3,-0.6167,-1.2333,-0.7384,-1.2753,-9.0152,0.0000,0.0000,0.0000,-0.7206,-1.2706,-4.8213,0.008,8011,0.0600,0.0155,0.1288,1,3,0.117
101.002,0,3,3,-0.6167,-1.2333,-0.7326,-1.2737,-9.5191,0.0000,0.0000,0.0000,-0.7611,-1.2545,-5.9555,0.027,8015,0.0588,0.0155,0.1227,1,3,0.117
101.102,0,3,3,-0.6167,-1.2333,-0.7265,-1.2724,-10.0857,0.0000,0.0000,0.0000,-0.7315,-1.2854,-9.9989,0.006,8021,0.0556,0.0153,0.1166,1,3,0.117
101.203,0,3,3,-0.6167,-1.2333,-0.7215,-1.2715,-10.6120,0.0000,0.0000,0.0000,-0.7522,-1.2772,-8.6444,0.021,8026,0.0528,0.0152,0.1115,1,3,0.117
101.303,0,3,3,-0.6167,-1.2333,-0.7165,-1.2707,-11.0606,0.0000,0.0000,0.0000,-0.7329,-1.2488,-10.4777,0.008,8032,0.0501,0.0153,0.1066,1,3,0.117
101.402,0,3,3,-0.6167,-1.2333,-0.7133,-1.2699,-11.3434,0.0000,0.0000,0.0000,-0.7470,-1.2488,-8.5063,0.017,8038,0.0485,0.0151,0.1033,1,3,0.117
101.504,0,3,3,-0.6167,-1.2333,-0.7098,-1.2698,-11.5958,0.0000,0.0000,0.0000,-0.7404,-1.2499,-9.0324,0.002,8046,0.0465,0.0153,0.1000,1,3,0.117
101.602,0,3,3,-0.6167,-1.2333,-0.7065,-1.2691,-11.8614,0.0000,0.0000,0.0000,-0.7404,-1.2490,-9.3637,0.024,8050,0.0447,0.0152,0.0967,1,3,0.117
101.703,0,3,3,-0.6167,-1.2333,-0.7037,-1.2682,-12.0554,0.0000,0.0000,0.0000,-0.7266,-1.2570,-12.3266,0.009,8056,0.0433,0.0149,0.0937,1,3,0.117
101.802,0,3,3,-0.6167,-1.2333,-0.7008,-1.2672,-12.1465,0.0000,0.0000,0.0000,-0.7156,-1.2668,-13.4355,0.023,8062,0.0418,0.0145,0.0907,1,3,0.117
101.903,0,3,3,-0.6167,-1.2333,-0.6987,-1.2662,-12.2748,0.0000,0.0000,0.0000,-0.7325,-1.2488,-10.3289,0.002,8070,0.0408,0.0140,0.0883,1,3,0.117
102.002,0,3,3,-0.6167,-1.2333,-0.6960,-1.2655,-12.3605,0.0000,0.0000,0.0000,-0.7249,-1.2595,-12.9534,0.019,8074,0.0394,0.0138,0.0856,1,3,0.117
102.102,0,3,3,-0.6167,-1.2333,-0.6941,-1.2648,-12.4283,0.0000,0.0000,0.0000,-0.7293,-1.2491,-10.7563,0.009,8081,0.0384,0.0135,0.0836,1,3,0.117
102.202,0,3,3,-0.6167,-1.2333,-0.6919,-1.2642,-12.4943,0.0000,0.0000,0.0000,-0.7236,-1.2620,-13.3178,0.017,8086,0.0372,0.0134,0.0813,1,3,0.117
102.303,0,3,3,-0.6167,-1.2333,-0.6901,-1.2638,-12.5206,0.0000,0.0000,0.0000,-0.7284,-1.2500,-11.0892,0.008,8093,0.0363,0.0133,0.0795,1,3,0.117
102.406,0,3,4,0.0000,-1.2333,-0.6885,-1.2631,-12.5645,0.0000,0.0000,0.0000,-0.7296,-1.2490,-11.1904,0.037,8098,0.0691,-0.0117,0.6892,1,3,0.117
102.502,0,3,4,0.0000,-1.2333,-0.6850,-1.2648,-11.7303,0.0000,0.0000,0.0000,-0.7262,-1.2519,-10.9345,0.008,8105,0.0690,-0.0115,0.6857,1,3,0.117
102.602,0,3,4,0.0000,-1.2333,-0.6797,-1.2747,-9.5878,0.0000,0.0000,0.0000,-0.7517,-1.2752,-10.4012,0.030,8110,0.0688,-0.0100,0.6810,1,3,0.117
102.704,0,3,4,0.0000,-1.2333,-0.6731,-1.2846,-8.9241,0.0000,0.0000,0.0000,-0.7022,-1.2546,-9.3223,0.009,8116,0.0685,-0.0085,0.6751,1,3,0.117
102.802,0,3,4,0.0000,-1.2333,-0.6679,-1.2858,-8.8044,0.0000,0.0000,0.0000,-0.6843,-1.2711,-6.6795,0.032,8120,0.0684,-0.0083,0.6700,1,3,0.117
102.902,0,3,4,0.0000,-1.2333,-0.6624,-1.2869,-8.5885,0.0000,0.0000,0.0000,-0.6937,-1.2550,-9.2159,0.011,8125,0.0684,-0.0081,0.6646,1,3,0.117
103.002,0,3,4,0.0000,-1.2333,-0.6568,-1.2880,-8.5870,0.0000,0.0000,0.0000,-0.6638,-1.2774,-6.0383,0.012,8129,0.0683,-0.0078,0.6590,1,3,0.117
103.104,0,3,4,0.0000,-1.2333,-0.6512,-1.2891,-8.4698,0.0000,0.0000,0.0000,-0.6583,-1.2791,-6.0130,0.002,8134,0.0683,-0.0076,0.6536,1,3,0.117
103.202,0,3,4,0.0000,-1.2333,-0.6455,-1.2902,-8.1987,0.0000,0.0000,0.0000,-0.6716,-1.2866,-9.4497,0.017,8138,0.0682,-0.0074,0.6480,1,3,0.117
103.302,0,3,4,0.0000,-1.2333,-0.6397,-1.2916,-8.3433,0.0000,0.0000,0.0000,-0.6766,-1.2736,-6.0882,0.005,8143,0.0681,-0.0071,0.6424,1,3,0.117
103.402,0,3,4,0.0000,-1.2333,-0.6348,-1.2922,-8.1628,0.0000,0.0000,0.0000,-0.6626,-1.2611,-8.7009,0.021,8147,0.0681,-0.0069,0.6375,1,3,0.117
103.502,0,3,4,0.0000,-1.2333,-0.6289,-1.2934,-8.1248,0.0000,0.0000,0.0000,-0.6611,-1.2774,-5.6628,0.009,8152,0.0680,-0.0067,0.6318,1,3,0.117
103.602,0,3,4,0.0000,-1.2333,-0.6235,-1.2942,-8.3656,0.0000,0.0000,0.0000,-0.6489,-1.2605,-8.4068,0.022,8156,0.0680,-0.0065,0.6265,1,3,0.117
103.703,0,3,4,0.0000,-1.2333,-0.6177,-1.2952,-8.2936,0.0000,0.0000,0.0000,-0.6494,-1.2786,-5.9802,0.002,8162,0.0679,-0.0062,0.6208,1,3,0.117
103.803,0,3,4,0.0000,-1.2333,-0.6123,-1.2960,-7.8840,0.0000,0.0000,0.0000,-0.6365,-1.2828,-5.4294,0.036,8165,0.0679,-0.0060,0.6155,1,3,0.117
103.902,0,3,4,0.0000,-1.2333,-0.6059,-1.2971,-8.0418,0.0000,0.0000,0.0000,-0.6345,-1.2828,-5.3000,0.006,8171,0.0678,-0.0057,0.6092,1,3,0.117
104.002,0,3,4,0.0000,-1.2333,-0.6003,-1.2980,-7.8962,0.0000,0.0000,0.0000,-0.6347,-1.2824,-5.3199,0.037,8174,0.0678,-0.0055,0.6038,1,3,0.117
104.102,0,3,4,0.0000,-1.2333,-0.5948,-1.2989,-7.7928,0.0000,0.0000,0.0000,-0.6157,-1.2610,-7.7669,0.011,8179,0.0677,-0.0052,0.5984,1,3,0.117
104.202,0,3,4,0.0000,-1.2333,-0.5888,-1.2999,-8.0891,0.0000,0.0000,0.0000,-0.6159,-1.2866,-4.8532,0.019,8183,0.0676,-0.0050,0.5925,1,3,0.117
104.302,0,3,4,0.0000,-1.2333,-0.5827,-1.3006,-8.2474,0.0000,0.0000,0.0000,-0.6057,-1.2631,-8.2638,0.010,8187,0.0676,-0.0047,0.5866,1,3,0.117
104.402,0,3,4,0.0000,-1.2333,-0.5771,-1.3018,-7.7967,0.0000,0.0000,0.0000,-0.5997,-1.2893,-4.9590,0.028,8192,0.0675,-0.0044,0.5811,1,3,0.117
104.503,0,3,4,0.0000,-1.2333,-0.5712,-1.3021,-7.8613,0.0000,0.0000,0.0000,-0.5968,-1.2893,-4.6833,0.010,8197,0.0675,-0.0043,0.5753,1,3,0.117
104.602,0,3,4,0.0000,-1.2333,-0.5652,-1.3031,-7.7259,0.0000,0.0000,0.0000,-0.5583,-1.3272,-7.1198,0.024,8201,0.0674,-0.0040,0.5695,1,3,0.117
104.702,0,3,4,0.0000,-1.2333,-0.5589,-1.3041,-7.6663,0.0000,0.0000,0.0000,-0.5817,-1.2929,-4.3007,0.008,8206,0.0673,-0.0037,0.5634,1,3,0.117
104.802,0,3,4,0.0000,-1.2333,-0.5534,-1.3043,-7.9870,0.0000,0.0000,0.0000,-0.5780,-1.2538,-7.5266,0.020,8210,0.0673,-0.0035,0.5579,1,3,0.117
104.904,0,3,4,0.0000,-1.2333,-0.5472,-1.3052,-8.0769,0.0000,0.0000,0.0000,-0.5708,-1.2544,-7.9383,0.002,8216,0.0672,-0.0032,0.5519,1,3,0.117
105.004,0,3,4,0.0000,-1.2333,-0.5414,-1.3053,-7.6282,0.0000,0.0000,0.0000,-0.5672,-1.2521,-7.8744,0.013,8219,0.0671,-0.0031,0.5462,1,3,0.117
105.104,0,3,4,0.0000,-1.2333,-0.5349,-1.3061,-7.6861,0.0000,0.0000,0.0000,-0.5318,-1.3043,-6.2880,0.002,8225,0.0671,-0.0028,0.5398,1,3,0.117
105.203,0,3,4,0.0000,-1.2333,-0.5279,-1.3085,-7.5256,0.0000,0.0000,0.0000,-0.5480,-1.2965,-3.9620,0.030,8228,0.0669,-0.0022,0.5332,1,3,0.117
105.306,0,3,4,0.0000,-1.2333,-0.5201,-1.3117,-7.5778,0.0000,0.0000,0.0000,-0.5646,-1.2839,-3.7234,0.004,8234,0.0667,-0.0014,0.5260,1,3,0.117
105.402,0,3,4,0.0000,-1.2333,-0.5144,-1.3128,-7.8448,0.0000,0.0000,0.0000,-0.5527,-1.2866,-3.8073,0.037,8237,0.0666,-0.0010,0.5205,1,3,0.117
105.502,0,3,4,0.0000,-1.2333,-0.5077,-1.3152,-8.0375,0.0000,0.0000,0.0000,-0.5109,-1.3081,-6.5950,0.010,8242,0.0664,-0.0004,0.5142,1,3,0.117
105.602,0,3,4,0.0000,-1.2333,-0.5018,-1.3162,-7.3072,0.0000,0.0000,0.0000,-0.5415,-1.2885,-4.1358,0.035,8246,0.0956,0.0293,0.5086,1,3,0.254
105.704,0,3,4,0.0000,-1.2333,-0.4932,-1.3167,-7.4841,0.0000,0.0000,0.0000,-0.4832,-1.3947,-4.2442,0.002,8251,0.0662,0.0003,0.5002,1,3,0.117
105.802,0,3,4,0.0000,-1.2333,-0.4873,-1.3181,-7.2074,0.0000,0.0000,0.0000,-0.4780,-1.3953,-4.3414,0.018,8255,0.0660,0.0008,0.4947,1,3,0.117
105.904,0,3,4,0.0000,-1.2333,-0.4803,-1.3191,-7.3410,0.0000,0.0000,0.0000,-0.4036,-1.4438,-2.8343,0.002,8261,0.0659,0.0012,0.4879,1,3,0.117
106.002,0,3,4,0.0000,-1.2333,-0.4730,-1.3218,-7.7287,0.0000,0.0000,0.0000,-0.4722,-1.3106,-5.6030,0.022,8264,0.0656,0.0020,0.4812,1,3,0.117
106.104,0,3,4,0.0000,-1.2333,-0.4660,-1.3236,-7.6085,0.0000,0.0000,0.0000,-0.4683,-1.3127,-6.2979,0.002,8270,0.0654,0.0026,0.4747,1,3,0.117
106.202,0,3,4,0.0000,-1.2333,-0.4601,-1.3242,-6.9615,0.0000,0.0000,0.0000,-0.4617,-1.3106,-5.8494,0.030,8273,0.0653,0.0029,0.4690,1,3,0.117
106.302,0,3,4,0.0000,-1.2333,-0.4535,-1.3253,-7.1352,0.0000,0.0000,0.0000,-0.4978,-1.2784,-2.7900,0.009,8278,0.0651,0.0034,0.4628,1,3,0.117
106.402,0,3,4,0.0000,-1.2333,-0.4477,-1.3254,-6.9896,0.0000,0.0000,0.0000,-0.4483,-1.3076,-5.4065,0.030,8282,0.0650,0.0037,0.4571,1,3,0.117
106.504,0,3,4,0.0000,-1.2333,-0.4407,-1.3267,-7.0274,0.0000,0.0000,0.0000,-0.4519,-1.2979,-2.5158,0.004,8288,0.0648,0.0042,0.4505,1,3,0.117
106.601,0,3,4,0.0000,-1.2333,-0.4337,-1.3274,-7.4189,0.0000,0.0000,0.0000,-0.4514,-1.2962,-2.7772,0.035,8291,0.0647,0.0047,0.4438,1,3,0.117
106.703,0,3,4,0.0000,-1.2333,-0.4262,-1.3289,-7.4601,0.0000,0.0000,0.0000,-0.4465,-1.2942,-3.3740,0.002,8297,0.0645,0.0053,0.4368,1,3,0.117
106.802,0,3,4,0.0000,-1.2333,-0.4204,-1.3287,-6.9728,0.0000,0.0000,0.0000,-0.4354,-1.2963,-2.9010,0.036,8300,0.0644,0.0056,0.4311,1,3,0.117
106.902,0,3,4,0.0000,-1.2333,-0.4133,-1.3306,-7.2127,0.0000,0.0000,0.0000,-0.4113,-1.3095,-5.1305,0.007,8307,0.0641,0.0063,0.4246,1,3,0.117
107.002,0,3,4,0.0000,-1.2333,-0.4076,-1.3303,-7.0818,0.0000,0.0000,0.0000,-0.4275,-1.2927,-2.8561,0.019,8311,0.0640,0.0066,0.4190,1,3,0.117
107.105,0,3,4,0.0000,-1.2333,-0.4007,-1.3359,-7.1012,0.0000,0.0000,0.0000,-0.4017,-1.3890,-3.7583,0.002,8318,0.0634,0.0081,0.4137,1,3,0.117
107.202,0,3,4,0.0000,-1.2333,-0.3952,-1.3359,-7.3893,0.0000,0.0000,0.0000,-0.3943,-1.3092,-5.3113,0.024,8323,0.0632,0.0084,0.4083,1,3,0.117
107.305,0,3,4,0.0000,-1.2333,-0.3892,-1.3356,-7.4100,0.0000,0.0000,0.0000,-0.4050,-1.2894,-3.2379,0.002,8329,0.0631,0.0087,0.4024,1,3,0.117
107.402,0,3,4,0.0000,-1.2333,-0.3831,-1.3356,-7.1147,0.0000,0.0000,0.0000,-0.3811,-1.3966,-4.1232,0.019,8334,0.0630,0.0091,0.3965,1,3,0.117
107.504,0,3,4,0.0000,-1.2333,-0.3775,-1.3360,-7.2848,0.0000,0.0000,0.0000,-0.3893,-1.2886,-2.9941,0.007,8341,0.0628,0.0095,0.3912,1,3,0.117
107.602,0,3,4,0.0000,-1.2333,-0.3716,-1.3349,-7.2475,0.0000,0.0000,0.0000,-0.3900,-1.2879,-3.1396,0.036,8346,0.0627,0.0096,0.3852,1,3,0.117
107.702,0,3,4,0.0000,-1.2333,-0.3650,-1.3357,-7.3174,0.0000,0.0000,0.0000,-0.3701,-1.2858,-2.9400,0.002,8353,0.0625,0.0102,0.3791,1,3,0.117
107.802,0,3,4,0.0000,-1.2333,-0.3581,-1.3349,-7.6067,0.0000,0.0000,0.0000,-0.3564,-1.3031,-5.7515,0.029,8358,0.0624,0.0105,0.3722,1,3,0.117
107.904,0,3,4,0.0000,-1.2333,-0.3517,-1.3349,-7.7148,0.0000,0.0000,0.0000,-0.3531,-1.2840,-3.4543,0.002,8365,0.0622,0.0109,0.3660,1,3,0.117
108.002,0,3,4,0.0000,-1.2333,-0.3454,-1.3346,-7.3406,0.0000,0.0000,0.0000,-0.3815,-1.3467,-5.3641,0.025,8370,0.0620,0.0113,0.3599,1,3,0.117
108.103,0,3,4,0.0000,-1.2333,-0.3375,-1.3388,-7.4016,0.0000,0.0000,0.0000,-0.3311,-1.2810,-2.9333,0.008,8377,0.0613,0.0129,0.3536,1,3,0.117
108.202,0,3,4,0.0000,-1.2333,-0.3323,-1.3379,-7.2752,0.0000,0.0000,0.0000,-0.3331,-1.2807,-3.1487,0.020,8382,0.0612,0.0131,0.3483,1,3,0.117
108.305,0,3,4,0.0000,-1.2333,-0.3260,-1.3371,-7.1671,0.0000,0.0000,0.0000,-0.3755,-1.2858,-3.8297,0.003,8389,0.0611,0.0134,0.3421,1,3,0.117
108.403,0,3,4,0.0000,-1.2333,-0.3212,-1.3357,-7.5878,0.0000,0.0000,0.0000,-0.3759,-1.2846,-3.9019,0.031,8393,0.0610,0.0135,0.3371,1,3,0.117
108.504,0,3,4,0.0000,-1.2333,-0.3150,-1.3393,-7.5170,0.0000,0.0000,0.0000,-0.3082,-1.3970,-4.5274,0.002,8400,0.0603,0.0149,0.3323,1,3,0.117
108.602,0,3,4,0.0000,-1.2333,-0.3091,-1.3387,-7.0661,0.0000,0.0000,0.0000,-0.2302,-1.4501,-2.9615,0.022,8405,0.0602,0.0152,0.3266,1,3,0.117
108.705,0,3,4,0.0000,-1.2333,-0.3040,-1.3370,-7.2187,0.0000,0.0000,0.0000,-0.3020,-1.3867,-4.0765,0.003,8412,0.0602,0.0153,0.3212,1,3,0.117
108.802,0,3,4,0.0000,-1.2333,-0.2990,-1.3356,-6.9313,0.0000,0.0000,0.0000,-0.3454,-1.2779,-3.7475,0.031,8417,0.0601,0.0153,0.3160,1,3,0.117
108.904,0,3,4,0.0000,-1.2333,-0.2941,-1.3341,-6.9935,0.0000,0.0000,0.0000,-0.2854,-1.2953,-5.3610,0.002,8425,0.0601,0.0154,0.3109,1,3,0.117
109.002,0,3,4,0.0000,-1.2333,-0.2879,-1.3330,-7.5373,0.0000,0.0000,0.0000,-0.2801,-1.2977,-5.5243,0.011,8429,0.0600,0.0157,0.3047,1,3,0.117
109.102,0,3,4,0.0000,-1.2333,-0.2822,-1.3321,-7.5132,0.0000,0.0000,0.0000,-0.3256,-1.2733,-4.5673,0.006,8436,0.0598,0.0160,0.2990,1,3,0.117
109.203,0,3,4,0.0000,-1.2333,-0.2763,-1.3311,-7.0528,0.0000,0.0000,0.0000,-0.3205,-1.2802,-4.1404,0.040,8441,0.0596,0.0163,0.2931,1,3,0.117
109.307,0,3,4,0.0000,-1.2333,-0.2701,-1.3303,-7.2692,0.0000,0.0000,0.0000,-0.3267,-1.2769,-4.0973,0.011,8448,0.0594,0.0167,0.2870,1,3,0.117
109.402,0,3,4,0.0000,-1.2333,-0.2657,-1.3284,-7.0938,0.0000,0.0000,0.0000,-0.3277,-1.2746,-4.2481,0.032,8453,0.0595,0.0166,0.2822,1,3,0.117
109.504,0,3,4,0.0000,-1.2333,-0.2592,-1.3319,-7.0990,0.0000,0.0000,0.0000,-0.3118,-1.2750,-3.9583,0.009,8461,0.0586,0.0183,0.2773,1,3,0.117
109.603,0,3,4,0.0000,-1.2333,-0.2537,-1.3301,-7.3649,0.0000,0.0000,0.0000,-0.3139,-1.2716,-4.1735,0.033,8465,0.0585,0.0184,0.2716,1,3,0.117
109.702,0,3,4,0.0000,-1.2333,-0.2480,-1.3328,-7.2926,0.0000,0.0000,0.0000,-0.1725,-1.7663,7.0689,0.010,8472,0.0577,0.0199,0.2672,1,3,0.117
109.803,0,3,4,0.0000,-1.2333,-0.2432,-1.3303,-7.3504,0.0000,0.0000,0.0000,-0.3056,-1.2725,-4.4921,0.014,8477,0.0578,0.0197,0.2618,1,3,0.117
109.905,0,3,4,0.0000,-1.2333,-0.2380,-1.3278,-7.5402,0.0000,0.0000,0.0000,-0.2386,-1.3716,-4.4227,0.004,8484,0.0579,0.0196,0.2561,1,3,0.117
110.003,0,3,4,0.0000,-1.2333,-0.2328,-1.3254,-7.4585,0.0000,0.0000,0.0000,-0.2667,-1.2534,-3.9891,0.024,8489,0.0579,0.0195,0.2504,1,3,0.117
110.103,0,3,4,0.0000,-1.2333,-0.2268,-1.3225,-7.5479,0.0000,0.0000,0.0000,-0.1956,-1.2416,-2.8603,0.006,8497,0.0580,0.0193,0.2437,1,3,0.117
110.204,0,3,4,0.0000,-1.2333,-0.2210,-1.3207,-8.0322,0.0000,0.0000,0.0000,-0.2111,-1.2778,-6.3734,0.023,8500,0.0579,0.0195,0.2376,1,3,0.117
110.303,0,3,4,0.0000,-1.2333,-0.2142,-1.3236,-7.5601,0.0000,0.0000,0.0000,-0.2619,-1.2699,-5.2801,0.010,8507,0.0568,0.0214,0.2324,1,3,0.117
110.404,0,3,4,0.0000,-1.2333,-0.2088,-1.3212,-7.3849,0.0000,0.0000,0.0000,-0.2002,-1.2720,-6.3084,0.021,8511,0.0568,0.0214,0.2266,1,3,0.117
110.505,0,3,4,0.0000,-1.2333,-0.2034,-1.3189,-7.5127,0.0000,0.0000,0.0000,-0.2541,-1.2686,-4.8043,0.002,8519,0.0568,0.0214,0.2206,1,3,0.117
110.604,0,3,4,0.0000,-1.2333,-0.1982,-1.3170,-7.3614,0.0000,0.0000,0.0000,-0.2541,-1.2683,-4.8294,0.032,8523,0.0568,0.0215,0.2151,1,3,0.117
110.703,0,3,4,0.0000,-1.2333,-0.1922,-1.3153,-7.4629,0.0000,0.0000,0.0000,-0.2343,-1.2597,-4.3773,0.002,8531,0.0566,0.0218,0.2089,1,3,0.117
110.803,0,3,4,0.0000,-1.2333,-0.1874,-1.3128,-7.6871,0.0000,0.0000,0.0000,-0.2167,-1.3108,-5.7126,0.030,8535,0.0567,0.0216,0.2036,1,3,0.117
110.903,0,3,4,0.0000,-1.2333,-0.1806,-1.3116,-7.3290,0.0000,0.0000,0.0000,-0.2151,-1.3072,-5.7691,0.010,8542,0.0563,0.0223,0.1968,1,3,0.117
111.008,0,3,4,0.0000,-1.2333,-0.1762,-1.3091,-7.4150,0.0000,0.0000,0.0000,-0.2274,-1.2630,-4.6352,0.025,8547,0.0564,0.0220,0.1918,1,3,0.117
111.102,0,3,4,0.0000,-1.2333,-0.1710,-1.3068,-7.4751,0.0000,0.0000,0.0000,-0.1569,-1.2573,-6.3912,0.010,8554,0.0565,0.0220,0.1861,1,3,0.117
111.202,0,3,4,0.0000,-1.2333,-0.1669,-1.3046,-7.3076,0.0000,0.0000,0.0000,-0.2317,-1.2837,-5.5939,0.020,8559,0.0566,0.0218,0.1814,1,3,0.117
111.305,0,3,4,0.0000,-1.2333,-0.1610,-1.3024,-7.5275,0.0000,0.0000,0.0000,-0.0287,-1.2880,-1.3890,0.007,8565,0.0565,0.0220,0.1752,1,3,0.117
111.404,0,3,4,0.0000,-1.2333,-0.1521,-1.3013,-7.7093,0.0000,0.0000,0.0000,-0.1681,-1.3411,-4.5717,0.027,8570,0.0557,0.0233,0.1666,1,3,0.117
111.504,0,3,4,0.0000,-1.2333,-0.1459,-1.2998,-7.4742,0.0000,0.0000,0.0000,-0.0371,-1.2853,-2.0882,0.005,8577,0.0553,0.0238,0.1603,1,3,0.117
111.603,0,3,4,0.0000,-1.2333,-0.1386,-1.2973,-7.7167,0.0000,0.0000,0.0000,-0.1254,-1.2519,-6.2262,0.026,8582,0.0551,0.0243,0.1526,1,3,0.117
111.706,0,3,4,0.0000,-1.2333,-0.1319,-1.2963,-7.5702,0.0000,0.0000,0.0000,-0.0406,-1.2841,-2.3890,0.011,8589,0.0544,0.0254,0.1462,1,3,0.117
111.805,0,3,4,0.0000,-1.2333,-0.1248,-1.2935,-7.4735,0.0000,0.0000,0.0000,-0.1146,-1.2485,-6.3462,0.025,8594,0.0541,0.0257,0.1386,1,3,0.117
111.902,0,3,4,0.0000,-1.2333,-0.1182,-1.2922,-7.7292,0.0000,0.0000,0.0000,-0.0436,-1.2828,-2.6291,0.002,8601,0.0534,0.0268,0.1320,1,3,0.117
112.003,0,3,4,0.0000,-1.2333,-0.1117,-1.2894,-7.8310,0.0000,0.0000,0.0000,-0.1511,-1.2861,-6.0325,0.028,8606,0.0532,0.0270,0.1250,1,3,0.117
112.104,0,3,4,0.0000,-1.2333,-0.1045,-1.2876,-7.3144,0.0000,0.0000,0.0000,-0.0454,-1.2827,-2.8070,0.011,8613,0.0494,0.0265,0.1178,1,3,0.117
112.202,0,3,4,0.0000,-1.2333,-0.0989,-1.2860,-7.5946,0.0000,0.0000,0.0000,-0.1364,-1.2829,-5.6687,0.031,8618,0.0465,0.0260,0.1121,1,3,0.117
112.305,0,3,4,0.0000,-1.2333,-0.0934,-1.2840,-7.5263,0.0000,0.0000,0.0000,-0.0829,-1.2394,-6.3194,0.013,8625,0.0437,0.0252,0.1062,1,3,0.117
112.404,0,3,4,0.0000,-1.2333,-0.0888,-1.2818,-7.5138,0.0000,0.0000,0.0000,-0.0487,-1.2816,-3.1183,0.036,8630,0.0415,0.0242,0.1012,1,3,0.117
112.502,0,3,4,0.0000,-1.2333,-0.0848,-1.2792,-7.5549,0.0000,0.0000,0.0000,-0.0102,-1.3792,-2.6479,0.005,8637,0.0397,0.0227,0.0964,1,3,0.117
112.603,0,3,4,0.0000,-1.2333,-0.0789,-1.2786,-7.8111,0.0000,0.0000,0.0000,-0.0105,-1.3790,-2.7787,0.017,8642,0.0364,0.0230,0.0910,1,3,0.117
112.702,0,3,4,0.0000,-1.2333,-0.0740,-1.2777,-7.5416,0.0000,0.0000,0.0000,-0.0564,-1.2794,-3.7802,0.006,8650,0.0337,0.0228,0.0863,1,3,0.117
112.806,0,3,4,0.0000,-1.2333,-0.0707,-1.2755,-7.5404,0.0000,0.0000,0.0000,-0.0524,-1.2809,-3.4576,0.030,8654,0.0323,0.0217,0.0824,1,3,0.117
112.902,0,3,4,0.0000,-1.2333,-0.0661,-1.2749,-7.6474,0.0000,0.0000,0.0000,-0.0559,-1.2219,-6.5834,0.002,8662,0.0296,0.0217,0.0781,1,3,0.117
113.006,0,3,5,0.6167,-1.2333,-0.0626,-1.2731,-7.8122,0.0000,0.0000,0.0000,-0.0541,-1.2222,-6.6367,0.029,8666,0.0982,0.0191,0.6804,1,3,0.218
113.102,0,3,5,0.6167,-1.2333,-0.0568,-1.2731,-7.6429,0.0000,0.0000,0.0000,-0.0603,-1.2778,-4.1456,0.010,8673,0.0688,-0.0102,0.6746,1,3,0.117
113.203,0,3,5,0.6167,-1.2333,-0.0512,-1.2739,-7.4866,0.0000,0.0000,0.0000,-0.0449,-1.2163,-6.6056,0.018,8678,0.0688,-0.0100,0.6691,1,3,0.117
113.308,0,3,5,0.6167,-1.2333,-0.0447,-1.2755,-7.6950,0.0000,0.0000,0.0000,-0.0601,-1.2777,-4.1852,0.002,8685,0.0687,-0.0097,0.6627,1,3,0.117
113.403,0,3,5,0.6167,-1.2333,-0.0387,-1.2773,-7.8618,0.0000,0.0000,0.0000,-0.0816,-1.2640,-6.1337,0.026,8690,0.0686,-0.0094,0.6569,1,3,0.117
113.504,0,3,5,0.6167,-1.2333,-0.0314,-1.2796,-7.5526,0.0000,0.0000,0.0000,-0.0628,-1.2773,-4.5132,0.003,8697,0.0686,-0.0090,0.6497,1,3,0.117
113.603,0,3,5,0.6167,-1.2333,-0.0253,-1.2813,-7.6009,0.0000,0.0000,0.0000,-0.0678,-1.2670,-5.9887,0.027,8702,0.0685,-0.0087,0.6438,1,3,0.117
113.703,0,3,5,0.6167,-1.2333,-0.0181,-1.2834,-7.5479,0.0000,0.0000,0.0000,-0.0104,-1.2237,-6.6045,0.010,8709,0.0684,-0.0083,0.6368,1,3,0.117
113.802,0,3,5,0.6167,-1.2333,-0.0123,-1.2850,-7.5347,0.0000,0.0000,0.0000,-0.0625,-1.2779,-4.6142,0.013,8714,0.0683,-0.0080,0.6311,1,3,0.117
113.906,0,3,5,0.6167,-1.2333,-0.0034,-1.2852,-7.5756,0.0000,0.0000,0.0000,0.0694,-1.3804,-2.4532,0.002,8721,0.0683,-0.0078,0.6223,1,3,0.117
114.003,0,3,5,0.6167,-1.2333,0.0061,-1.2878,-7.7944,0.0000,0.0000,0.0000,0.0081,-1.2312,-6.4948,0.040,8725,0.0682,-0.0073,0.6130,1,3,0.117
114.103,0,3,5,0.6167,-1.2333,0.0127,-1.2890,-7.5446,0.0000,0.0000,0.0000,0.0159,-1.2324,-6.8296,0.013,8730,0.0681,-0.0070,0.6065,1,3,0.117
114.203,0,3,5,0.6167,-1.2333,0.0203,-1.2918,-7.6679,0.0000,0.0000,0.0000,0.0228,-1.2343,-6.3237,0.037,8734,0.0680,-0.0064,0.5992,1,3,0.117
114.304,0,3,5,0.6167,-1.2333,0.0276,-1.2943,-7.6757,0.0000,0.0000,0.0000,-0.0125,-1.2769,-6.2207,0.017,8739,0.0679,-0.0059,0.5922,1,3,0.117
114.404,0,3,5,0.6167,-1.2333,0.0351,-1.2993,-7.4914,0.0000,0.0000,0.0000,0.0807,-1.6482,6.2568,0.031,8743,0.0676,-0.0049,0.5853,1,3,0.117
114.502,0,3,5,0.6167,-1.2333,0.0422,-1.3013,-7.5900,0.0000,0.0000,0.0000,0.0031,-1.2825,-6.0043,0.014,8748,0.0675,-0.0045,0.5785,1,3,0.117
114.603,0,3,5,0.6167,-1.2333,0.0491,-1.3021,-7.8176,0.0000,0.0000,0.0000,0.0498,-1.2395,-6.4439,0.035,8752,0.0674,-0.0042,0.5717,1,3,0.117
114.703,0,3,5,0.6167,-1.2333,0.0556,-1.3031,-7.6551,0.0000,0.0000,0.0000,0.0125,-1.2856,-6.4472,0.002,8758,0.0674,-0.0039,0.5654,1,3,0.117
114.804,0,3,5,0.6167,-1.2333,0.0620,-1.3042,-7.5879,0.0000,0.0000,0.0000,0.0185,-1.2877,-6.2311,0.030,8761,0.0673,-0.0036,0.5592,1,3,0.117
114.903,0,3,5,0.6167,-1.2333,0.0696,-1.3058,-7.6959,0.0000,0.0000,0.0000,0.0724,-1.2448,-6.4291,0.014,8766,0.0672,-0.0031,0.5518,1,3,0.117
115.003,0,3,5,0.6167,-1.2333,0.0762,-1.3068,-7.4789,0.0000,0.0000,0.0000,0.0350,-1.2910,-6.3490,0.041,8770,0.0671,-0.0028,0.5455,1,3,0.117
115.103,0,3,5,0.6167,-1.2333,0.0837,-1.3080,-7.4595,0.0000,0.0000,0.0000,0.0855,-1.2433,-6.1980,0.011,8776,0.0670,-0.0024,0.5382,1,3,0.117
115.203,0,3,5,0.6167,-1.2333,0.0904,-1.3091,-7.6083,0.0000,0.0000,0.0000,0.0903,-1.2453,-6.1842,0.043,8779,0.0669,-0.0020,0.5317,1,3,0.117
115.302,0,3,5,0.6167,-1.2333,0.0979,-1.3103,-7.5147,0.0000,0.0000,0.0000,0.1605,-1.4007,-2.1755,0.007,8785,0.0667,-0.0016,0.5244,1,3,0.117
115.402,0,3,5,0.6167,-1.2333,0.1045,-1.3110,-7.4279,0.0000,0.0000,0.0000,0.1638,-1.3991,-2.0885,0.027,8789,0.0666,-0.0013,0.5180,1,3,0.117
115.505,0,3,5,0.6167,-1.2333,0.1118,-1.3121,-7.4745,0.0000,0.0000,0.0000,0.1128,-1.2490,-6.1378,0.003,8796,0.0665,-0.0009,0.5109,1,3,0.117
115.603,0,3,5,0.6167,-1.2333,0.1182,-1.3117,-7.2176,0.0000,0.0000,0.0000,0.1032,-1.2838,-3.7045,0.034,8801,0.0665,-0.0008,0.5045,1,3,0.117
115.705,0,3,5,0.6167,-1.2333,0.1254,-1.3126,-7.2214,0.0000,0.0000,0.0000,0.1046,-1.2842,-3.6164,0.010,8808,0.0664,-0.0004,0.4976,1,3,0.117
115.804,0,3,5,0.6167,-1.2333,0.1317,-1.3124,-7.4549,0.0000,0.0000,0.0000,0.1307,-1.2498,-5.9678,0.028,8813,0.0663,-0.0002,0.4914,1,3,0.117
115.902,0,3,5,0.6167,-1.2333,0.1383,-1.3134,-7.4545,0.0000,0.0000,0.0000,0.0947,-1.2833,-4.4752,0.009,8820,0.0662,0.0002,0.4851,1,3,0.117
116.004,0,3,5,0.6167,-1.2333,0.1443,-1.3133,-7.1283,0.0000,0.0000,0.0000,0.0979,-1.2842,-4.2547,0.026,8825,0.0661,0.0003,0.4791,1,3,0.117
116.102,0,3,5,0.6167,-1.2333,0.1515,-1.3141,-7.3417,0.0000,0.0000,0.0000,0.0988,-1.2848,-4.2598,0.003,8832,0.0660,0.0007,0.4722,1,3,0.117
116.202,0,3,5,0.6167,-1.2333,0.1570,-1.3141,-7.2152,0.0000,0.0000,0.0000,0.1204,-1.2966,-5.9622,0.030,8837,0.0660,0.0009,0.4667,1,3,0.117
116.302,0,3,5,0.6167,-1.2333,0.1643,-1.3150,-7.2634,0.0000,0.0000,0.0000,0.0971,-1.2850,-4.4615,0.002,8843,0.0658,0.0014,0.4597,1,3,0.117
116.404,0,3,5,0.6167,-1.2333,0.1695,-1.3149,-7.3309,0.0000,0.0000,0.0000,0.0950,-1.2851,-4.6836,0.030,8848,0.0658,0.0016,0.4546,1,3,0.117
116.503,0,3,5,0.6167,-1.2333,0.1752,-1.3138,-7.4274,0.0000,0.0000,0.0000,0.1774,-1.2547,-6.2454,0.016,8854,0.0658,0.0015,0.4487,1,3,0.117
116.602,0,3,5,0.6167,-1.2333,0.1801,-1.3132,-7.2117,0.0000,0.0000,0.0000,0.0931,-1.2862,-4.9894,0.026,8859,0.0657,0.0016,0.4438,1,3,0.117
116.705,0,3,5,0.6167,-1.2333,0.1863,-1.3122,-7.4964,0.0000,0.0000,0.0000,0.0947,-1.2877,-5.0064,0.003,8866,0.0657,0.0016,0.4376,1,3,0.117
116.803,0,3,5,0.6167,-1.2333,0.1926,-1.3114,-7.3890,0.0000,0.0000,0.0000,0.2468,-1.2535,-2.6475,0.028,8869,0.0657,0.0017,0.4312,1,3,0.117
116.903,0,3,5,0.6167,-1.2333,0.1999,-1.3103,-7.3532,0.0000,0.0000,0.0000,0.2476,-1.2535,-2.5910,0.007,8874,0.0657,0.0018,0.4238,1,3,0.117
117.002,0,3,5,0.6167,-1.2333,0.2076,-1.3092,-7.5208,0.0000,0.0000,0.0000,0.2104,-1.2554,-6.0315,0.026,8879,0.0657,0.0018,0.4161,1,3,0.117
117.104,0,3,5,0.6167,-1.2333,0.2145,-1.3089,-7.7166,0.0000,0.0000,0.0000,0.2380,-1.2544,-3.4035,0.008,8885,0.1046,0.0274,0.4092,1,3,0.117
117.204,0,3,5,0.6167,-1.2333,0.2233,-1.3066,-7.3782,0.0000,0.0000,0.0000,0.2218,-1.2584,-6.4721,0.030,8890,0.0657,0.0019,0.4002,1,3,0.117
117.303,0,3,5,0.6167,-1.2333,0.2305,-1.3059,-7.5538,0.0000,0.0000,0.0000,0.2347,-1.2562,-6.1987,0.018,8895,0.0656,0.0021,0.3930,1,3,0.117
117.404,0,3,5,0.6167,-1.2333,0.2373,-1.3062,-7.6410,0.0000,0.0000,0.0000,0.2385,-1.2547,-6.3110,0.050,8897,0.1078,0.0264,0.3863,1,3,0.172
117.502,0,3,5,0.6167,-1.2333,0.2463,-1.3052,-7.5740,0.0000,0.0000,0.0000,0.2470,-1.2547,-6.1861,0.014,8901,0.0654,0.0026,0.3773,1,3,0.117
117.604,0,3,5,0.6167,-1.2333,0.2530,-1.3055,-7.7752,0.0000,0.0000,0.0000,0.2527,-1.2538,-6.2885,0.047,8903,0.0653,0.0030,0.3707,1,3,0.117
117.702,0,3,5,0.6167,-1.2333,0.2601,-1.3054,-7.7407,0.0000,0.0000,0.0000,0.2629,-1.2547,-6.2811,0.013,8907,0.0652,0.0033,0.3638,1,3,0.117
117.805,0,3,5,0.6167,-1.2333,0.2669,-1.3056,-7.9078,0.0000,0.0000,0.0000,0.2668,-1.2550,-6.2628,0.051,8909,0.0650,0.0038,0.3571,1,3,0.117
117.902,0,3,5,0.6167,-1.2333,0.2738,-1.3055,-7.8091,0.0000,0.0000,0.0000,0.2745,-1.2529,-6.5043,0.016,8913,0.0649,0.0041,0.3504,1,3,0.117
118.003,0,3,5,0.6167,-1.2333,0.2805,-1.3056,-7.6665,0.0000,0.0000,0.0000,0.2795,-1.2522,-6.3413,0.049,8915,0.0647,0.0045,0.3439,1,3,0.117
118.103,0,3,5,0.6167,-1.2333,0.2873,-1.3051,-7.8179,0.0000,0.0000,0.0000,0.2897,-1.2539,-6.1300,0.015,8918,0.0647,0.0048,0.3371,1,3,0.117
118.203,0,3,5,0.6167,-1.2333,0.2942,-1.3054,-8.1226,0.0000,0.0000,0.0000,0.3096,-1.3355,-4.2038,0.032,8921,0.0645,0.0053,0.3304,1,3,0.117
118.302,0,3,5,0.6167,-1.2333,0.3015,-1.3097,-7.6605,0.0000,0.0000,0.0000,0.3157,-1.3395,-4.3256,0.030,8924,0.0638,0.0069,0.3243,1,3,0.117
118.405,0,3,5,0.6167,-1.2333,0.3081,-1.3088,-7.8379,0.0000,0.0000,0.0000,0.3060,-1.2504,-6.1316,0.030,8927,0.0638,0.0071,0.3176,1,3,0.117
118.502,0,3,5,0.6167,-1.2333,0.3149,-1.3088,-7.7586,0.0000,0.0000,0.0000,0.3283,-1.3364,-4.1431,0.030,8930,0.0636,0.0076,0.3111,1,3,0.117
118.603,0,3,5,0.6167,-1.2333,0.3216,-1.3077,-7.6489,0.0000,0.0000,0.0000,0.3180,-1.2499,-6.1780,0.013,8933,0.0635,0.0078,0.3043,1,3,0.117
118.702,0,3,5,0.6167,-1.2333,0.3286,-1.3069,-7.8068,0.0000,0.0000,0.0000,0.3273,-1.2467,-6.1491,0.010,8937,0.0634,0.0081,0.2973,1,3,0.117
118.802,0,3,5,0.6167,-1.2333,0.3347,-1.3065,-8.0292,0.0000,0.0000,0.0000,0.3298,-1.2479,-6.3479,0.047,8939,0.0632,0.0084,0.2913,1,3,0.117
118.902,0,3,5,0.6167,-1.2333,0.3414,-1.3058,-7.5957,0.0000,0.0000,0.0000,0.3370,-1.2481,-6.3772,0.019,8943,0.0631,0.0088,0.2846,1,3,0.117
119.002,0,3,5,0.6167,-1.2333,0.3479,-1.3053,-7.8886,0.0000,0.0000,0.0000,0.3429,-1.2439,-6.1306,0.044,8945,0.0629,0.0092,0.2782,1,3,0.117
119.102,0,3,5,0.6167,-1.2333,0.3545,-1.3043,-7.7304,0.0000,0.0000,0.0000,0.3509,-1.2447,-6.3124,0.017,8949,0.0628,0.0094,0.2716,1,3,0.117
119.204,0,3,5,0.6167,-1.2333,0.3611,-1.3038,-7.5264,0.0000,0.0000,0.0000,0.3746,-1.3315,-3.5222,0.002,8952,0.0627,0.0098,0.2651,1,3,0.117
119.303,0,3,5,0.6167,-1.2333,0.3673,-1.3023,-7.8750,0.0000,0.0000,0.0000,0.3753,-1.3312,-3.5034,0.007,8955,0.0626,0.0099,0.2587,1,3,0.117
119.403,0,3,5,0.6167,-1.2333,0.3738,-1.3021,-7.8739,0.0000,0.0000,0.0000,0.3822,-1.3360,-3.6489,0.032,8957,0.1074,0.0333,0.2524,1,3,0.166
119.503,0,3,5,0.6167,-1.2333,0.3823,-1.2999,-7.4076,0.0000,0.0000,0.0000,0.3882,-1.3310,-3.4727,0.002,8961,0.0624,0.0105,0.2436,1,3,0.117
119.604,0,3,5,0.6167,-1.2333,0.3890,-1.2994,-7.5480,0.0000,0.0000,0.0000,0.3807,-1.2383,-5.7165,0.034,8963,0.0621,0.0111,0.2370,1,3,0.117
119.704,0,3,5,0.6167,-1.2333,0.3954,-1.2989,-7.4385,0.0000,0.0000,0.0000,0.4071,-1.3305,-3.2411,0.032,8966,0.0619,0.0116,0.2308,1,3,0.117
119.805,0,3,5,0.6167,-1.2333,0.4017,-1.2973,-7.5209,0.0000,0.0000,0.0000,0.3937,-1.2338,-5.8808,0.030,8969,0.0619,0.0117,0.2243,1,3,0.117
119.903,0,3,5,0.6167,-1.2333,0.4081,-1.2968,-7.7600,0.0000,0.0000,0.0000,0.4184,-1.3305,-3.3021,0.031,8972,0.0616,0.0123,0.2180,1,3,0.117
120.005,0,3,5,0.6167,-1.2333,0.4143,-1.2951,-7.4532,0.0000,0.0000,0.0000,0.4053,-1.2312,-6.3057,0.033,8975,0.0616,0.0123,0.2116,1,3,0.117
120.104,0,3,5,0.6167,-1.2333,0.4207,-1.2936,-7.5030,0.0000,0.0000,0.0000,0.4141,-1.2270,-5.9772,0.020,8979,0.0615,0.0125,0.2050,1,3,0.117
120.204,0,3,5,0.6167,-1.2333,0.4271,-1.2927,-7.6012,0.0000,0.0000,0.0000,0.4176,-1.2272,-6.0755,0.051,8981,0.0613,0.0130,0.1987,1,3,0.117
120.304,0,3,5,0.6167,-1.2333,0.4333,-1.2912,-7.4137,0.0000,0.0000,0.0000,0.4264,-1.2249,-6.0482,0.014,8985,0.0612,0.0132,0.1923,1,3,0.117
120.402,0,3,5,0.6167,-1.2333,0.4395,-1.2902,-7.6254,0.0000,0.0000,0.0000,0.4304,-1.2233,-5.9806,0.048,8987,0.0609,0.0136,0.1860,1,3,0.117
120.503,0,3,5,0.6167,-1.2333,0.4458,-1.2878,-8.3596,0.0000,0.0000,0.0000,0.4351,-1.2201,-6.5653,0.018,8991,0.0610,0.0135,0.1793,1,3,0.117
120.603,0,3,5,0.6167,-1.2333,0.4518,-1.2863,-9.0113,0.0000,0.0000,0.0000,0.4370,-1.2247,-7.0794,0.044,8993,0.0609,0.0137,0.1732,1,3,0.117
120.703,0,3,5,0.6167,-1.2333,0.4579,-1.2842,-9.8180,0.0000,0.0000,0.0000,0.4556,-1.2861,-6.8501,0.010,8997,0.0610,0.0136,0.1667,1,3,0.117
120.803,0,3,5,0.6167,-1.2333,0.4635,-1.2833,-10.3545,0.0000,0.0000,0.0000,0.4417,-1.2326,-8.6354,0.040,8999,0.0607,0.0141,0.1611,1,3,0.117
120.903,0,3,5,0.6167,-1.2333,0.4692,-1.2823,-10.8213,0.0000,0.0000,0.0000,0.4628,-1.3109,-7.5960,0.009,9003,0.0605,0.0146,0.1554,1,3,0.117
121.002,0,3,5,0.6167,-1.2333,0.4747,-1.2819,-11.2770,0.0000,0.0000,0.0000,0.4442,-1.2394,-9.8047,0.048,9005,0.0601,0.0153,0.1501,1,3,0.117
121.102,0,3,5,0.6167,-1.2333,0.4803,-1.2822,-11.7417,0.0000,0.0000,0.0000,0.4717,-1.3323,-8.3117,0.031,9008,0.0595,0.0166,0.1449,1,3,0.117
121.204,0,3,5,0.6167,-1.2333,0.4854,-1.2815,-12.1132,0.0000,0.0000,0.0000,0.4474,-1.2481,-10.9141,0.047,9011,0.0591,0.0173,0.1398,1,3,0.117
121.303,0,3,5,0.6167,-1.2333,0.4908,-1.2823,-12.4334,0.0000,0.0000,0.0000,0.4786,-1.3497,-8.9504,0.026,9014,0.0582,0.0190,0.1350,1,3,0.117
121.406,0,3,5,0.6167,-1.2333,0.4957,-1.2818,-12.7439,0.0000,0.0000,0.0000,0.4492,-1.2551,-11.7973,0.030,9017,0.0577,0.0199,0.1303,1,3,0.117
121.503,0,3,5,0.6167,-1.2333,0.4954,-1.2639,-12.4937,0.0000,0.0000,0.0000,0.4500,-1.2586,-12.3334,0.014,9022,0.0635,0.0078,0.1250,1,3,0.117
121.604,0,3,5,0.6167,-1.2333,0.4965,-1.2476,-12.4060,0.0000,0.0000,0.0000,0.4504,-1.2605,-12.5501,0.050,9025,0.0653,-0.0043,0.1210,1,3,0.117
121.703,0,3,5,0.6167,-1.2333,0.4938,-1.2193,-11.9126,0.0000,0.0000,0.0000,0.1821,0.0804,19.3098,0.011,9031,0.0699,-0.0271,0.1237,1,3,0.117
121.803,0,3,5,0.6167,-1.2333,0.4993,-1.2255,-10.8212,0.0000,0.0000,0.0000,0.4526,-1.2710,-13.3195,0.050,9033,0.0663,-0.0213,0.1176,1,3,0.117
121.905,0,3,5,0.6167,-1.2333,0.5048,-1.2332,-7.5479,0.0000,0.0000,0.0000,0.4976,-1.4229,-6.3050,0.036,9036,0.0678,-0.0091,0.1118,1,3,0.145
122.003,0,3,5,0.6167,-1.2333,0.5114,-1.2384,-6.4929,0.0000,0.0000,0.0000,0.4986,-1.5091,0.5066,0.065,9037,0.0582,-0.0095,0.1054,1,3,0.117
122.103,0,3,5,0.6167,-1.2333,0.5167,-1.2412,-6.6248,0.0000,0.0000,0.0000,0.5083,-1.2902,-6.9902,0.011,9041,0.0549,-0.0067,0.1003,1,3,0.117
122.202,0,3,5,0.6167,-1.2333,0.5212,-1.2430,-6.8527,0.0000,0.0000,0.0000,0.5098,-1.2886,-6.9150,0.029,9043,0.0521,-0.0047,0.0960,1,3,0.117
122.306,0,3,5,0.6167,-1.2333,0.5250,-1.2450,-7.2088,0.0000,0.0000,0.0000,0.5156,-1.2947,-6.9543,0.002,9048,0.0497,-0.0027,0.0924,1,3,0.117
122.404,0,3,5,0.6167,-1.2333,0.5296,-1.2472,-7.3064,0.0000,0.0000,0.0000,0.5195,-1.2985,-6.9499,0.044,9050,0.0469,-0.0004,0.0882,1,3,0.117
122.504,0,3,5,0.6167,-1.2333,0.5330,-1.2500,-7.5552,0.0000,0.0000,0.0000,0.5057,-1.2440,-8.1143,0.003,9056,0.0446,0.0021,0.0853,1,3,0.117
122.604,0,3,5,0.6167,-1.2333,0.5367,-1.2515,-7.7410,0.0000,0.0000,0.0000,0.5092,-1.2430,-8.1794,0.020,9059,0.0422,0.0036,0.0820,1,3,0.117
122.703,0,3,5,0.6167,-1.2333,0.5404,-1.2535,-7.8744,0.0000,0.0000,0.0000,0.5360,-1.3062,-6.8243,0.031,9063,0.0398,0.0056,0.0789,1,3,0.117
122.806,0,3,6,1.2333,-1.2333,0.5437,-1.2539,-8.1210,0.0000,0.0000,0.0000,0.5172,-1.2419,-8.3572,0.045,9066,0.0693,-0.0131,0.6899,1,3,0.117
122.903,0,3,6,1.2333,-1.2333,0.5489,-1.2567,-8.0999,0.0000,0.0000,0.0000,0.5210,-1.2434,-8.5446,0.018,9070,0.0693,-0.0127,0.6848,1,3,0.117
123.002,0,3,6,1.2333,-1.2333,0.5550,-1.2592,-7.5601,0.0000,0.0000,0.0000,0.5247,-1.2406,-8.4000,0.051,9072,0.0692,-0.0123,0.6788,1,3,0.117
123.103,0,3,6,1.2333,-1.2333,0.5609,-1.2616,-7.7605,0.0000,0.0000,0.0000,0.5339,-1.2382,-7.8621,0.019,9076,0.0691,-0.0119,0.6731,1,3,0.117
123.204,0,3,6,1.2333,-1.2333,0.5672,-1.2640,-7.8172,0.0000,0.0000,0.0000,0.5377,-1.2396,-8.0524,0.049,9078,0.0690,-0.0115,0.6669,1,3,0.117
123.302,0,3,6,1.2333,-1.2333,0.5731,-1.2665,-7.7141,0.0000,0.0000,0.0000,0.5468,-1.2413,-7.9300,0.018,9082,0.0690,-0.0111,0.6611,1,3,0.117
123.403,0,3,6,1.2333,-1.2333,0.5794,-1.2687,-7.8183,0.0000,0.0000,0.0000,0.5743,-1.3097,-6.1264,0.036,9084,0.0689,-0.0107,0.6549,1,3,0.117
123.502,0,3,6,1.2333,-1.2333,0.5853,-1.2710,-8.2460,0.0000,0.0000,0.0000,0.5588,-1.2395,-8.1962,0.015,9088,0.0688,-0.0103,0.6492,1,3,0.117
123.603,0,3,6,1.2333,-1.2333,0.5916,-1.2732,-7.9772,0.0000,0.0000,0.0000,0.5627,-1.2439,-8.3608,0.047,9090,0.0687,-0.0099,0.6430,1,3,0.117
123.702,0,3,6,1.2333,-1.2333,0.5979,-1.2755,-7.9883,0.0000,0.0000,0.0000,0.5980,-1.3175,-5.8007,0.012,9094,0.0687,-0.0095,0.6369,1,3,0.117
123.803,0,3,6,1.2333,-1.2333,0.6040,-1.2774,-8.0581,0.0000,0.0000,0.0000,0.5785,-1.2393,-8.3057,0.023,9096,0.0686,-0.0091,0.6309,1,3,0.117
123.904,0,3,6,1.2333,-1.2333,0.6106,-1.2799,-7.8586,0.0000,0.0000,0.0000,0.6111,-1.3236,-5.7299,0.030,9099,0.0685,-0.0087,0.6245,1,3,0.117
124.003,0,3,6,1.2333,-1.2333,0.6164,-1.2811,-8.0065,0.0000,0.0000,0.0000,0.5911,-1.2377,-8.1157,0.039,9102,0.0684,-0.0084,0.6188,1,3,0.117
124.102,0,3,6,1.2333,-1.2333,0.6225,-1.2828,-8.2783,0.0000,0.0000,0.0000,0.5996,-1.2374,-8.4238,0.016,9106,0.0684,-0.0081,0.6128,1,3,0.117
124.205,0,3,6,1.2333,-1.2333,0.6293,-1.2846,-7.9124,0.0000,0.0000,0.0000,0.6026,-1.2400,-8.5549,0.053,9108,0.1101,0.0165,0.6062,1,3,0.173
124.302,0,3,6,1.2333,-1.2333,0.6376,-1.2848,-7.6292,0.0000,0.0000,0.0000,0.6137,-1.2267,-8.2625,0.012,9112,0.0682,-0.0075,0.5980,1,3,0.117
124.403,0,3,6,1.2333,-1.2333,0.6440,-1.2861,-7.7188,0.0000,0.0000,0.0000,0.6198,-1.2230,-8.4308,0.047,9114,0.0975,0.0221,0.5917,1,3,0.204
124.502,0,3,6,1.2333,-1.2333,0.6521,-1.2856,-7.7717,0.0000,0.0000,0.0000,0.6314,-1.2172,-8.7733,0.011,9118,0.0682,-0.0072,0.5836,1,3,0.117
124.603,0,3,6,1.2333,-1.2333,0.6586,-1.2867,-7.8132,0.0000,0.0000,0.0000,0.6372,-1.2132,-8.9194,0.048,9120,0.0961,0.0257,0.5772,1,3,0.193
124.702,0,3,6,1.2333,-1.2333,0.6668,-1.2858,-7.8808,0.0000,0.0000,0.0000,0.6469,-1.2112,-9.3326,0.016,9124,0.0681,-0.0069,0.5690,1,3,0.117
124.803,0,3,6,1.2333,-1.2333,0.6742,-1.2915,-7.5295,0.0000,0.0000,0.0000,0.7168,-1.5802,8.0571,0.051,9126,0.0679,-0.0058,0.5621,1,3,0.117
124.904,0,3,6,1.2333,-1.2333,0.6804,-1.2910,-7.7495,0.0000,0.0000,0.0000,0.6634,-1.1950,-9.7167,0.018,9129,0.0678,-0.0058,0.5559,1,3,0.117
125.003,0,3,6,1.2333,-1.2333,0.6879,-1.2967,-7.5932,0.0000,0.0000,0.0000,0.6853,-1.3312,-4.5583,0.033,9132,0.0676,-0.0047,0.5491,1,3,0.117
125.102,0,3,6,1.2333,-1.2333,0.6949,-1.3020,-7.4918,0.0000,0.0000,0.0000,0.6966,-1.3314,-4.3807,0.029,9135,0.0673,-0.0036,0.5428,1,3,0.117
125.205,0,3,6,1.2333,-1.2333,0.7026,-1.3098,-7.6251,0.0000,0.0000,0.0000,0.7377,-1.5627,7.6583,0.044,9138,0.0668,-0.0020,0.5362,1,3,0.117
125.305,0,3,6,1.2333,-1.2333,0.7096,-1.3146,-7.3325,0.0000,0.0000,0.0000,0.7439,-1.5696,7.5438,0.002,9142,0.0665,-0.0010,0.5300,1,3,0.117
125.405,0,3,6,1.2333,-1.2333,0.7173,-1.3219,-7.0920,0.0000,0.0000,0.0000,0.7179,-1.3350,-4.1862,0.002,9145,0.0661,0.0006,0.5236,1,3,0.117
125.503,0,3,6,1.2333,-1.2333,0.7248,-1.3286,-7.1228,0.0000,0.0000,0.0000,0.7571,-1.5563,7.3379,0.019,9148,0.0656,0.0020,0.5174,1,3,0.117
125.604,0,3,6,1.2333,-1.2333,0.7318,-1.3320,-6.9899,0.0000,0.0000,0.0000,0.7616,-1.5581,7.3639,0.049,9150,0.0653,0.0029,0.5112,1,3,0.117
125.703,0,3,6,1.2333,-1.2333,0.7393,-1.3377,-6.8907,0.0000,0.0000,0.0000,0.7729,-1.5562,7.5598,0.020,9154,0.0649,0.0042,0.5049,1,3,0.117
125.804,0,3,6,1.2333,-1.2333,0.7467,-1.3407,-7.3523,0.0000,0.0000,0.0000,0.7766,-1.5575,7.5480,0.046,9156,0.0646,0.0050,0.4983,1,3,0.117
125.902,0,3,6,1.2333,-1.2333,0.7538,-1.3462,-7.1318,0.0000,0.0000,0.0000,0.7835,-1.5666,7.3783,0.017,9160,0.0641,0.0063,0.4927,1,3,0.117
126.005,0,3,6,1.2333,-1.2333,0.7609,-1.3489,-6.8681,0.0000,0.0000,0.0000,0.7618,-1.3328,-4.5470,0.003,9163,0.0638,0.0072,0.4863,1,3,0.117
126.103,0,3,6,1.2333,-1.2333,0.7683,-1.3534,-6.9260,0.0000,0.0000,0.0000,0.7667,-1.3359,-4.5644,0.011,9166,0.0633,0.0083,0.4803,1,3,0.117
126.202,0,3,6,1.2333,-1.2333,0.7748,-1.3555,-6.9017,0.0000,0.0000,0.0000,0.7705,-1.3398,-4.6173,0.038,9168,0.0630,0.0090,0.4745,1,3,0.117
126.303,0,3,6,1.2333,-1.2333,0.7818,-1.3595,-6.8175,0.0000,0.0000,0.0000,0.8094,-1.5519,7.3791,0.012,9172,0.0625,0.0102,0.4688,1,3,0.117
126.403,0,3,6,1.2333,-1.2333,0.7887,-1.3614,-7.1810,0.0000,0.0000,0.0000,0.7838,-1.3412,-4.4729,0.051,9174,0.0622,0.0109,0.4627,1,3,0.117
126.502,0,3,6,1.2333,-1.2333,0.7957,-1.3651,-7.9900,0.0000,0.0000,0.0000,0.8159,-1.5665,6.9734,0.009,9178,0.0617,0.0120,0.4570,1,3,0.117
126.606,0,3,6,1.2333,-1.2333,0.8020,-1.3670,-8.6690,0.0000,0.0000,0.0000,0.8193,-1.5758,6.7835,0.034,9180,0.0614,0.0127,0.4515,1,3,0.117
126.702,0,3,6,1.2333,-1.2333,0.8080,-1.3688,-9.3915,0.0000,0.0000,0.0000,0.7954,-1.3519,-7.1079,0.032,9183,0.0610,0.0134,0.4464,1,3,0.117
126.806,0,3,6,1.2333,-1.2333,0.8149,-1.3739,-9.8409,0.0000,0.0000,0.0000,0.8025,-1.3505,-8.5787,0.003,9187,0.0604,0.0149,0.4414,1,3,0.117
126.902,0,3,6,1.2333,-1.2333,0.8208,-1.3791,-10.2431,0.0000,0.0000,0.0000,0.8398,-1.6364,6.8404,0.019,9190,0.0597,0.0162,0.4375,1,3,0.117
127.004,0,3,6,1.2333,-1.2333,0.8274,-1.3818,-10.8055,0.0000,0.0000,0.0000,0.8453,-1.6503,7.0115,0.054,9192,0.0592,0.0172,0.4322,1,3,0.117
127.103,0,3,6,1.2333,-1.2333,0.8334,-1.3881,-11.0157,0.0000,0.0000,0.0000,0.8567,-1.6821,7.6631,0.023,9196,0.0849,0.0547,0.4288,1,3,0.186
127.203,0,3,6,1.2333,-1.2333,0.8363,-1.3660,-11.1280,0.0000,0.0000,0.0000,0.4319,0.3560,22.9304,0.022,9199,0.0604,0.0147,0.4186,1,3,0.117
127.302,0,3,6,1.2333,-1.2333,0.8425,-1.3746,-11.5966,0.0000,0.0000,0.0000,0.8795,-1.7415,9.1227,0.014,9203,0.0593,0.0169,0.4156,1,3,0.117
127.404,0,3,6,1.2333,-1.2333,0.8445,-1.3539,-11.5699,0.0000,0.0000,0.0000,0.5254,0.1597,16.6066,0.060,9205,0.0614,0.0127,0.4071,1,3,0.117
127.502,0,3,6,1.2333,-1.2333,0.8465,-1.3354,-11.6417,0.0000,0.0000,0.0000,0.8243,-1.3915,-12.4695,0.010,9208,0.0631,0.0088,0.4001,1,3,0.117
127.605,0,3,6,1.2333,-1.2333,0.8524,-1.3365,-12.0865,0.0000,0.0000,0.0000,0.8262,-1.3974,-12.6312,0.062,9209,0.0628,0.0094,0.3946,1,3,0.117
127.703,0,3,6,1.2333,-1.2333,0.8512,-1.3004,-11.7212,0.0000,0.0000,0.0000,0.8319,-1.3984,-13.6002,0.009,9213,0.0660,0.0009,0.3880,1,3,0.117
127.802,0,3,6,1.2333,-1.2333,0.8537,-1.2864,-10.7430,0.0000,0.0000,0.0000,0.8338,-1.4037,-13.7323,0.049,9215,0.0921,0.0371,0.3833,1,3,0.178
127.903,0,3,6,1.2333,-1.2333,0.8613,-1.2894,-7.7132,0.0000,0.0000,0.0000,0.8481,-1.4272,-10.7557,0.038,9217,0.0935,0.0340,0.3762,1,3,0.187
128.006,0,3,6,1.2333,-1.2333,0.8703,-1.2973,-7.0025,0.0000,0.0000,0.0000,0.8563,-1.3713,-9.3028,0.002,9220,0.0894,0.0446,0.3686,1,3,0.117
128.103,0,3,6,1.2333,-1.2333,0.8779,-1.3032,-7.2932,0.0000,0.0000,0.0000,0.8591,-1.3737,-9.3322,0.033,9222,0.0653,0.0028,0.3622,1,3,0.117
128.203,0,3,6,1.2333,-1.2333,0.8791,-1.2898,-6.3567,0.0000,0.0000,0.0000,0.9137,-1.6761,8.5102,0.032,9226,0.0714,0.0044,0.3587,1,3,0.131
128.302,0,3,6,1.2333,-1.2333,0.8865,-1.3021,-6.5868,0.0000,0.0000,0.0000,0.9202,-1.6651,8.4452,0.014,9230,0.0663,0.0041,0.3536,1,3,0.120
128.406,0,3,6,1.2333,-1.2333,0.8874,-1.2835,-6.6423,0.0000,0.0000,0.0000,0.8838,-1.3736,-10.0245,0.002,9234,0.0743,0.0055,0.3496,1,3,0.139
128.503,0,3,6,1.2333,-1.2333,0.8955,-1.2964,-6.5657,0.0000,0.0000,0.0000,0.9449,-1.6969,9.4799,0.017,9237,0.0656,0.0019,0.3437,1,3,0.117
128.604,0,3,6,1.2333,-1.2333,0.9033,-1.3028,-6.5219,0.0000,0.0000,0.0000,0.9507,-1.6932,9.6476,0.056,9239,0.0677,0.0069,0.3372,1,3,0.125
128.702,0,3,6,1.2333,-1.2333,0.9110,-1.3144,-6.7425,0.0000,0.0000,0.0000,0.9606,-1.6940,9.7708,0.019,9243,0.0653,0.0095,0.3324,1,3,0.122
128.804,0,3,6,1.2333,-1.2333,0.9186,-1.3200,-6.6474,0.0000,0.0000,0.0000,0.9678,-1.6988,10.0034,0.054,9245,0.0651,0.0123,0.3265,1,3,0.124
128.902,0,3,6,1.2333,-1.2333,0.9263,-1.3305,-6.7797,0.0000,0.0000,0.0000,0.9162,-1.3809,-9.7647,0.010,9249,0.0671,0.0193,0.3221,1,3,0.134
129.004,0,3,6,1.2333,-1.2333,0.9283,-1.3118,-6.9095,0.0000,0.0000,0.0000,0.9211,-1.3840,-9.7965,0.032,9252,0.0651,0.0100,0.3150,1,3,0.122
129.102,0,3,6,1.2333,-1.2333,0.9294,-1.2908,-6.2858,0.0000,0.0000,0.0000,0.9255,-1.3823,-10.7752,0.017,9255,0.0779,0.0145,0.3093,1,3,0.152
129.204,0,3,6,1.2333,-1.2333,0.9379,-1.2906,-6.5585,0.0000,0.0000,0.0000,0.9373,-1.3709,-10.5050,0.003,9257,0.0831,0.0203,0.3009,1,3,0.167
129.304,0,3,6,1.2333,-1.2333,0.9461,-1.2916,-6.9895,0.0000,0.0000,0.0000,0.9432,-1.3763,-10.5513,0.032,9258,0.0878,0.0489,0.2931,1,3,0.165
129.403,0,3,6,1.2333,-1.2333,0.9499,-1.2671,-6.7966,0.0000,0.0000,0.0000,0.5559,0.3821,21.6661,0.056,9260,0.0834,0.0115,0.2854,1,3,0.162
129.503,0,3,6,1.2333,-1.2333,0.9582,-1.2702,-7.3806,0.0000,0.0000,0.0000,0.9617,-1.3803,-10.4318,0.030,9262,0.0898,0.0425,0.2776,1,3,0.165
129.605,0,3,6,1.2333,-1.2333,0.9684,-1.2702,-7.1834,0.0000,0.0000,0.0000,0.9747,-1.3737,-10.5586,0.003,9264,0.0822,0.0127,0.2675,1,3,0.160
129.702,0,3,6,1.2333,-1.2333,0.9778,-1.2728,-7.4760,0.0000,0.0000,0.0000,0.9819,-1.3734,-10.4488,0.032,9265,0.1010,0.0262,0.2586,1,3,0.189
129.803,0,3,6,1.2333,-1.2333,0.9891,-1.2733,-7.6996,0.0000,0.0000,0.0000,0.9886,-1.3753,-10.4064,0.069,9266,0.0699,0.0033,0.2475,1,3,0.127
129.904,0,3,6,1.2333,-1.2333,0.9922,-1.2508,-7.4860,0.0000,0.0000,0.0000,0.9990,-1.3715,-10.8732,0.035,9269,0.0799,0.0024,0.2418,1,3,0.149
130.006,0,3,6,1.2333,-1.2333,0.9908,-1.2037,-6.5650,0.0000,0.0000,0.0000,1.0127,-1.3709,-10.6463,0.002,9273,0.0950,0.0132,0.2444,1,3,0.186
130.103,0,3,6,1.2333,-1.2333,1.0008,-1.2090,-6.9740,0.0000,0.0000,0.0000,1.0188,-1.3743,-10.6541,0.037,9274,0.0979,0.0080,0.2338,1,3,0.189
130.202,0,3,6,1.2333,-1.2333,1.0113,-1.2119,-7.2099,0.0000,0.0000,0.0000,1.0248,-1.3769,-10.6378,0.050,9275,0.0940,0.0181,0.2231,1,3,0.169
130.303,0,3,6,1.2333,-1.2333,1.0156,-1.1929,-7.2520,0.0000,0.0000,0.0000,1.0397,-1.3820,-10.5997,0.010,9278,0.0930,0.0116,0.2214,1,3,0.169
130.402,0,3,6,1.2333,-1.2333,1.0251,-1.1968,-7.3821,0.0000,0.0000,0.0000,1.0479,-1.3810,-10.9003,0.057,9279,0.1138,-0.0097,0.2114,1,3,0.170
130.503,0,3,6,1.2333,-1.2333,1.0355,-1.2047,-7.8520,0.0000,0.0000,0.0000,1.0598,-1.3823,-10.8396,0.034,9281,0.1092,-0.0049,0.1999,1,3,0.180
130.604,0,3,6,1.2333,-1.2333,1.0410,-1.1854,-7.3698,0.0000,0.0000,0.0000,0.7230,0.3289,18.0788,0.060,9283,0.0931,0.0042,0.1982,1,3,0.167
130.703,0,3,6,1.2333,-1.2333,1.0458,-1.1702,-7.4444,0.0000,0.0000,0.0000,1.0772,-1.3822,-11.2645,0.037,9286,0.0968,-0.0158,0.1979,1,3,0.193
130.805,0,3,6,1.2333,-1.2333,1.0507,-1.1532,-6.9899,0.0000,0.0000,0.0000,0.7245,0.3290,17.8526,0.059,9288,0.0763,-0.0474,0.1995,1,3,0.202
130.902,0,3,6,1.2333,-1.2333,1.0592,-1.1651,-7.5129,0.0000,0.0000,0.0000,1.0957,-1.3909,-11.3667,0.035,9290,0.0914,-0.0099,0.1870,1,3,0.170
131.003,0,3,6,1.2333,-1.2333,1.0689,-1.1710,-7.6515,0.0000,0.0000,0.0000,1.1086,-1.4042,-11.0789,0.002,9292,0.0911,-0.0074,0.1759,1,3,0.167
131.103,0,3,6,1.2333,-1.2333,1.0789,-1.1805,-7.8638,0.0000,0.0000,0.0000,1.1136,-1.4039,-11.0144,0.032,9293,0.0943,-0.0102,0.1632,1,3,0.180
131.203,0,3,6,1.2333,-1.2333,1.0889,-1.1867,-8.3303,0.0000,0.0000,0.0000,1.1265,-1.4104,-11.0359,0.005,9295,0.0934,-0.0057,0.1518,1,3,0.173
131.302,0,3,6,1.2333,-1.2333,1.0982,-1.1969,-8.2596,0.0000,0.0000,0.0000,1.1336,-1.4126,-11.1181,0.030,9296,0.0804,-0.0317,0.1400,1,3,0.147
131.406,0,3,6,1.2333,-1.2333,1.1072,-1.2042,-8.4797,0.0000,0.0000,0.0000,1.1448,-1.4137,-10.9503,0.004,9298,0.0919,0.0092,0.1295,1,3,0.160
131.503,0,3,6,1.2333,-1.2333,1.1075,-1.1604,-7.3025,0.0000,0.0000,0.0000,0.7923,0.4002,18.7753,0.027,9301,0.0874,-0.0262,0.1455,1,3,0.174
131.603,0,3,6,1.2333,-1.2333,1.1108,-1.1430,-6.6008,0.0000,0.0000,0.0000,0.7605,0.4482,20.2039,0.058,9303,0.0848,-0.0412,0.1523,1,3,0.185
131.702,0,3,6,1.2333,-1.2333,1.1084,-1.1013,-5.8613,0.0000,0.0000,0.0000,1.1634,-1.4229,-10.3891,0.006,9307,0.0591,-0.0816,0.1818,1,3,0.147
131.803,0,3,6,1.2333,-1.2333,1.1111,-1.0950,-5.8021,0.0000,0.0000,0.0000,1.1672,-1.4302,-10.5137,0.048,9309,0.0586,-0.0824,0.1846,1,3,0.152
131.903,0,3,6,1.2333,-1.2333,1.1132,-1.0890,-5.8439,0.0000,0.0000,0.0000,0.7944,0.4592,20.1927,0.027,9312,0.0704,-0.0598,0.1878,1,3,0.183
132.005,0,3,6,1.2333,-1.2333,1.1153,-1.0785,-6.1068,0.0000,0.0000,0.0000,1.1804,-1.4609,-10.9303,0.002,9315,0.0488,-0.0927,0.1947,1,3,0.167
132.103,0,3,6,1.2333,-1.2333,1.1215,-1.0991,-6.4194,0.0000,0.0000,0.0000,1.1863,-1.4684,-11.0629,0.032,9316,0.0592,-0.0821,0.1747,1,3,0.159
132.203,0,3,6,1.2333,-1.2333,1.1232,-1.0896,-6.3106,0.0000,0.0000,0.0000,1.1903,-1.4829,-10.8550,0.003,9319,0.0838,-0.0759,0.1810,1,3,0.172
132.302,0,3,6,1.2333,-1.2333,1.1265,-1.0857,-6.5302,0.0000,0.0000,0.0000,1.1935,-1.4920,-10.9788,0.036,9321,0.0480,-0.0934,0.1822,1,3,0.141
132.405,0,3,6,1.2333,-1.2333,1.1321,-1.1020,-6.8278,0.0000,0.0000,0.0000,1.2016,-1.5078,-11.0018,0.003,9323,0.0608,-0.0806,0.1658,1,3,0.171
132.503,0,3,6,1.2333,-1.2333,1.1337,-1.0988,-6.8200,0.0000,0.0000,0.0000,0.7992,0.4556,19.6483,0.002,9326,0.0563,-0.0851,0.1674,1,3,0.162
132.602,0,3,6,1.2333,-1.2333,1.1345,-1.0907,-6.5451,0.0000,0.0000,0.0000,1.2071,-1.5237,-10.9803,0.070,9327,0.0647,-0.0674,0.1735,1,3,0.186
132.703,0,3,6,1.2333,-1.2333,1.1324,-1.0649,-6.0593,0.0000,0.0000,0.0000,0.8018,0.4577,19.8338,0.026,9331,0.0419,-0.0987,0.1963,1,3,0.142
132.804,0,3,6,1.2333,-1.2333,1.1330,-1.0588,-6.0834,0.0000,0.0000,0.0000,1.2191,-1.5570,-10.7667,0.006,9334,0.0426,-0.0977,0.2013,1,3,0.147
132.902,0,3,6,1.2333,-1.2333,1.1384,-1.0842,-6.7210,0.0000,0.0000,0.0000,1.2210,-1.5660,-10.6872,0.010,9335,0.0793,-0.0826,0.1768,1,3,0.168
133.002,0,3,6,1.2333,-1.2333,1.1409,-1.0771,-6.6525,0.0000,0.0000,0.0000,1.2215,-1.5752,-10.8506,0.033,9337,0.0432,-0.0972,0.1815,1,3,0.147
133.102,0,3,6,1.2333,-1.2333,1.1388,-1.0540,-6.2663,0.0000,0.0000,0.0000,0.8202,0.4761,19.8031,0.014,9341,0.0453,-0.0942,0.2027,1,3,0.164
133.202,0,3,6,1.2333,-1.2333,1.1438,-1.0721,-6.6170,0.0000,0.0000,0.0000,1.2367,-1.6117,-10.3791,0.002,9343,0.0424,-0.0975,0.1844,1,3,0.151
133.302,0,3,6,1.2333,-1.2333,1.1459,-1.0738,-6.6768,0.0000,0.0000,0.0000,0.8188,0.4768,19.9116,0.027,9345,0.0580,-0.0773,0.1820,1,3,0.193
133.402,0,3,6,1.2333,-1.2333,1.1518,-1.0917,-6.9845,0.0000,0.0000,0.0000,1.2457,-1.6385,-10.1319,0.002,9347,0.0433,-0.0969,0.1634,1,3,0.150
133.503,0,3,6,1.2333,-1.2333,1.1532,-1.0935,-6.9643,0.0000,0.0000,0.0000,0.8187,0.4770,19.9082,0.028,9349,0.0453,-0.0949,0.1612,1,3,0.156
133.606,0,3,6,1.2333,-1.2333,1.1544,-1.0881,-6.7133,0.0000,0.0000,0.0000,0.8493,0.4941,19.9284,0.063,9351,0.0573,-0.0766,0.1654,1,3,0.191
133.703,0,3,6,1.2333,-1.2333,1.1617,-1.1142,-7.4155,0.0000,0.0000,0.0000,1.2610,-1.6774,-9.4247,0.038,9353,0.0331,-0.1074,0.1390,1,3,0.117
133.802,0,3,6,1.2333,-1.2333,1.1625,-1.1086,-7.4792,0.0000,0.0000,0.0000,1.2721,-1.6974,-9.2365,0.002,9356,0.0312,-0.1090,0.1434,1,3,0.117
133.902,0,3,6,1.2333,-1.2333,1.1584,-1.0792,-6.9968,0.0000,0.0000,0.0000,0.8510,0.4916,19.6183,0.020,9358,0.0373,-0.1013,0.1714,1,3,0.149
134.004,0,3,6,1.2333,-1.2333,1.1630,-1.0995,-7.5414,0.0000,0.0000,0.0000,1.2783,-1.7246,-8.7315,0.003,9360,0.0562,-0.0774,0.1512,1,3,0.191
134.103,0,3,6,1.2333,-1.2333,1.1708,-1.1264,-7.7751,0.0000,0.0000,0.0000,1.2830,-1.7355,-8.5872,0.034,9361,0.0512,-0.1020,0.1239,1,3,0.148
134.203,0,3,6,1.2333,-1.2333,1.1725,-1.1225,-7.2322,0.0000,0.0000,0.0000,0.8734,0.4484,18.4507,0.058,9363,0.0435,-0.1188,0.1265,1,3,0.117
134.303,0,3,6,1.2333,-1.2333,1.1713,-1.1049,-6.8257,0.0000,0.0000,0.0000,1.2849,-1.7509,-8.0340,0.011,9367,0.0499,-0.0710,0.1427,1,3,0.173
134.404,0,3,6,1.2333,-1.2333,1.1724,-1.0998,-7.0647,0.0000,0.0000,0.0000,1.2892,-1.7616,-7.7700,0.052,9369,0.0445,-0.0634,0.1468,1,3,0.154
134.502,0,3,6,1.2333,-1.2333,1.1691,-1.0612,-6.5636,0.0000,0.0000,0.0000,0.8823,0.4469,18.2952,0.029,9371,0.0368,-0.0632,0.1837,1,3,0.146
134.602,0,3,6,1.2333,-1.2333,1.1723,-1.0685,-6.3702,0.0000,0.0000,0.0000,0.8823,0.4469,18.2952,0.129,9371,0.0469,-0.1163,0.1757,1,3,0.144
134.702,0,3,6,1.2333,-1.2333,1.1715,-1.0536,-6.0945,0.0000,0.0000,0.0000,0.8469,0.5205,20.3196,0.095,9372,0.0448,-0.1284,0.1901,1,3,0.122
134.803,0,3,6,1.2333,-1.2333,1.1704,-1.0412,-6.6289,0.0000,0.0000,0.0000,0.8448,0.5224,20.6850,0.057,9373,0.0435,-0.1315,0.2021,1,3,0.117
134.902,0,3,6,1.2333,-1.2333,1.1688,-1.0266,-6.6868,0.0000,0.0000,0.0000,0.8578,0.4850,19.3034,0.029,9374,0.0264,-0.0523,0.2166,1,3,0.117
135.005,0,3,6,1.2333,-1.2333,1.1670,-1.0073,-6.6690,0.0000,0.0000,0.0000,0.8583,0.4848,19.1369,0.062,9375,0.0248,-0.0530,0.2355,1,3,0.117
135.103,0,3,6,1.2333,-1.2333,1.1613,-0.9628,-6.3903,0.0000,0.0000,0.0000,0.8788,0.4585,18.3417,0.011,9377,0.0225,-0.0540,0.2799,1,3,0.117
135.204,0,3,6,1.2333,-1.2333,1.1599,-0.9449,-6.5912,0.0000,0.0000,0.0000,0.9149,0.4069,16.9138,0.039,9378,0.0215,-0.0544,0.2976,1,3,0.117
135.303,0,3,6,1.2333,-1.2333,1.1614,-0.9503,-6.8069,0.0000,0.0000,0.0000,0.9733,0.3098,14.3045,0.008,9379,0.0214,-0.0544,0.2920,1,3,0.117
135.402,0,3,6,1.2333,-1.2333,1.1587,-0.9123,-6.1798,0.0000,0.0000,0.0000,0.9733,0.3103,14.3570,0.053,9380,0.0195,-0.0552,0.3296,1,3,0.117
135.502,0,3,6,1.2333,-1.2333,1.1541,-0.8728,-5.6354,0.0000,0.0000,0.0000,0.9250,0.3833,16.1262,0.029,9382,0.0184,-0.0556,0.3691,1,3,0.117
135.603,0,3,6,1.2333,-1.2333,1.1525,-0.8566,-5.4980,0.0000,0.0000,0.0000,0.9251,0.3832,16.1375,0.060,9383,0.0179,-0.0558,0.3853,1,3,0.117
135.703,0,3,6,1.2333,-1.2333,1.1479,-0.8187,-5.0342,0.0000,0.0000,0.0000,0.9251,0.3831,16.1155,0.028,9385,0.0172,-0.0560,0.4234,1,3,0.117
135.802,0,3,6,1.2333,-1.2333,1.1462,-0.8033,-4.9344,0.0000,0.0000,0.0000,0.9251,0.3831,16.1135,0.060,9386,0.0169,-0.0561,0.4387,1,3,0.117
135.903,0,3,6,1.2333,-1.2333,1.1415,-0.7670,-4.5061,0.0000,0.0000,0.0000,0.9250,0.3830,16.1145,0.028,9388,0.0163,-0.0563,0.4753,1,3,0.117
136.003,0,3,6,1.2333,-1.2333,1.1398,-0.7524,-4.4365,0.0000,0.0000,0.0000,0.9249,0.3830,16.1090,0.061,9389,0.0161,-0.0564,0.4899,1,3,0.117
136.102,0,3,6,1.2333,-1.2333,1.1352,-0.7178,-4.0586,0.0000,0.0000,0.0000,0.9248,0.3828,16.1043,0.028,9391,0.0157,-0.0565,0.5248,1,3,0.117
136.204,0,3,6,1.2333,-1.2333,1.1335,-0.7040,-3.9698,0.0000,0.0000,0.0000,0.9250,0.3826,16.0908,0.061,9392,0.0156,-0.0566,0.5387,1,3,0.117
136.302,0,3,6,1.2333,-1.2333,1.1290,-0.6710,-3.6191,0.0000,0.0000,0.0000,0.9272,0.3811,16.0632,0.029,9394,0.0153,-0.0567,0.5719,1,3,0.117
136.403,0,3,6,1.2333,-1.2333,1.1274,-0.6580,-3.5418,0.0000,0.0000,0.0000,0.9269,0.3812,16.0549,0.059,9395,0.0152,-0.0567,0.5850,1,3,0.117
136.503,0,3,6,1.2333,-1.2333,1.1285,-0.6636,-3.8692,0.0000,0.0000,0.0000,0.9269,0.3812,16.0549,0.159,9395,0.0152,-0.0567,0.5794,1,3,0.117
136.604,0,3,6,1.2333,-1.2333,1.1267,-0.6498,-3.8357,0.0000,0.0000,0.0000,0.9269,0.3812,16.0437,0.041,9396,0.0150,-0.0568,0.5932,1,3,0.117
136.703,0,3,6,1.2333,-1.2333,1.1220,-0.6171,-3.4973,0.0000,0.0000,0.0000,0.9265,0.3815,16.0526,0.012,9398,0.0148,-0.0568,0.6262,1,3,0.117
136.803,0,3,6,1.2333,-1.2333,1.1204,-0.6044,-3.4840,0.0000,0.0000,0.0000,0.9265,0.3815,16.0494,0.061,9399,0.0148,-0.0569,0.6390,1,3,0.117
136.903,0,3,6,1.2333,-1.2333,1.1159,-0.5736,-3.1766,0.0000,0.0000,0.0000,0.9267,0.3816,16.0526,0.027,9401,0.0146,-0.0569,0.6701,1,3,0.117
137.002,0,3,6,1.2333,-1.2333,1.1143,-0.5616,-3.1792,0.0000,0.0000,0.0000,0.9268,0.3816,16.0476,0.057,9402,0.0145,-0.0569,0.6822,1,3,0.117
137.102,0,3,6,1.2333,-1.2333,1.1126,-0.5496,-3.1824,0.0000,0.0000,0.0000,0.9268,0.3816,16.0502,0.081,9403,0.0145,-0.0569,0.6943,1,3,0.117
137.204,0,3,6,1.2333,-1.2333,1.1109,-0.5378,-3.1967,0.0000,0.0000,0.0000,0.9223,0.3791,16.1067,0.063,9404,0.0144,-0.0570,0.7062,1,3,0.117
137.304,0,3,6,1.2333,-1.2333,1.1064,-0.5091,-2.9279,0.0000,0.0000,0.0000,0.9222,0.3791,16.1038,0.029,9406,0.0143,-0.0570,0.7353,1,3,0.117
137.406,0,3,6,1.2333,-1.2333,1.1048,-0.4981,-2.9591,0.0000,0.0000,0.0000,0.9222,0.3790,16.1009,0.062,9407,0.0143,-0.0570,0.7464,1,3,0.117
137.503,0,3,6,1.2333,-1.2333,1.1005,-0.4708,-2.6914,0.0000,0.0000,0.0000,0.9226,0.3789,16.0898,0.030,9409,0.0143,-0.0570,0.7741,1,3,0.117
137.603,0,3,6,1.2333,-1.2333,1.0990,-0.4606,-2.7297,0.0000,0.0000,0.0000,0.9229,0.3788,16.0906,0.060,9410,0.0142,-0.0570,0.7843,1,3,0.117
137.703,0,3,6,1.2333,-1.2333,1.0949,-0.4347,-2.4917,0.0000,0.0000,0.0000,0.9228,0.3787,16.0853,0.031,9412,0.0142,-0.0570,0.8106,1,3,0.117
137.804,0,3,6,1.2333,-1.2333,1.0935,-0.4253,-2.5561,0.0000,0.0000,0.0000,0.9227,0.3788,16.0795,0.060,9413,0.0141,-0.0570,0.8200,1,3,0.117
137.903,0,3,6,1.2333,-1.2333,1.0920,-0.4155,-2.5810,0.0000,0.0000,0.0000,0.9226,0.3787,16.0813,0.008,9415,0.0141,-0.0571,0.8300,1,3,0.117
138.004,0,3,6,1.2333,-1.2333,1.0882,-0.3917,-2.3856,0.0000,0.0000,0.0000,0.9227,0.3787,16.0850,0.029,9416,0.0141,-0.0571,0.8541,1,3,0.117
138.103,0,3,6,1.2333,-1.2333,1.0844,-0.3682,-2.1582,0.0000,0.0000,0.0000,0.9236,0.3783,16.0660,0.017,9418,0.0141,-0.0571,0.8778,1,3,0.117
138.204,0,3,6,1.2333,-1.2333,1.0832,-0.3600,-2.2274,0.0000,0.0000,0.0000,0.9236,0.3783,16.0650,0.063,9419,0.0140,-0.0571,0.8862,1,3,0.117
138.302,0,3,6,1.2333,-1.2333,1.0796,-0.3380,-2.0394,0.0000,0.0000,0.0000,0.9236,0.3782,16.0607,0.030,9421,0.0140,-0.0571,0.9084,1,3,0.117
138.402,0,3,6,1.2333,-1.2333,1.0784,-0.3302,-2.1082,0.0000,0.0000,0.0000,0.9233,0.3782,16.0576,0.058,9422,0.0140,-0.0571,0.9163,1,3,0.117
138.503,0,3,6,1.2333,-1.2333,1.0750,-0.3097,-1.9372,0.0000,0.0000,0.0000,0.9233,0.3782,16.0604,0.030,9424,0.0140,-0.0571,0.9371,1,3,0.117
138.605,0,3,6,1.2333,-1.2333,1.0762,-0.3154,-2.2577,0.0000,0.0000,0.0000,0.9233,0.3782,16.0604,0.132,9424,0.0140,-0.0571,0.9313,1,3,0.117
138.702,0,3,6,1.2333,-1.2333,1.0728,-0.2948,-2.0613,0.0000,0.0000,0.0000,0.9234,0.3782,16.0580,0.031,9426,0.0140,-0.0571,0.9522,1,3,0.117
138.802,0,3,6,1.2333,-1.2333,1.0718,-0.2878,-2.1450,0.0000,0.0000,0.0000,0.9233,0.3782,16.0663,0.056,9427,0.0139,-0.0571,0.9592,1,3,0.117
138.902,0,3,6,1.2333,-1.2333,1.0685,-0.2682,-1.9571,0.0000,0.0000,0.0000,0.9234,0.3782,16.0599,0.031,9429,0.0139,-0.0571,0.9791,1,3,0.117
139.003,0,3,6,1.2333,-1.2333,1.0675,-0.2618,-2.0464,0.0000,0.0000,0.0000,0.9233,0.3782,16.0594,0.062,9430,0.0139,-0.0571,0.9856,1,3,0.117
139.102,0,3,6,1.2333,-1.2333,1.0644,-0.2431,-1.8569,0.0000,0.0000,0.0000,0.9232,0.3782,16.0624,0.023,9432,0.0139,-0.0571,1.0045,1,3,0.117
139.202,0,3,6,1.2333,-1.2333,1.0635,-0.2371,-1.9461,0.0000,0.0000,0.0000,0.9233,0.3782,16.0631,0.030,9433,0.0139,-0.0571,1.0106,1,3,0.117
139.303,0,3,6,1.2333,-1.2333,1.0626,-0.2309,-2.0132,0.0000,0.0000,0.0000,0.9240,0.3781,16.0569,0.002,9435,0.0139,-0.0571,1.0169,1,3,0.117
139.403,0,3,6,1.2333,-1.2333,1.0597,-0.2136,-1.8322,0.0000,0.0000,0.0000,0.9240,0.3781,16.0534,0.053,9436,0.0139,-0.0571,1.0344,1,3,0.117
139.502,0,3,6,1.2333,-1.2333,1.0569,-0.1970,-1.6721,0.0000,0.0000,0.0000,0.9239,0.3780,16.0521,0.029,9438,0.0139,-0.0571,1.0512,1,3,0.117
139.604,0,3,6,1.2333,-1.2333,1.0562,-0.1921,-1.7864,0.0000,0.0000,0.0000,0.9238,0.3780,16.0548,0.063,9439,0.0139,-0.0571,1.0562,1,3,0.117
139.702,0,3,6,1.2333,-1.2333,1.0534,-0.1761,-1.6161,0.0000,0.0000,0.0000,0.9235,0.3781,16.0514,0.026,9441,0.0139,-0.0571,1.0724,1,3,0.117
139.803,0,3,6,1.2333,-1.2333,1.0528,-0.1715,-1.7216,0.0000,0.0000,0.0000,0.9236,0.3781,16.0502,0.060,9442,0.0139,-0.0571,1.0771,1,3,0.117
139.902,0,3,6,1.2333,-1.2333,1.0502,-0.1565,-1.5573,0.0000,0.0000,0.0000,0.9241,0.3780,16.0503,0.030,9444,0.0139,-0.0571,1.0923,1,3,0.117
140.003,0,3,6,1.2333,-1.2333,1.0496,-0.1523,-1.6807,0.0000,0.0000,0.0000,0.9241,0.3780,16.0483,0.058,9445,0.0139,-0.0571,1.0966,1,3,0.117
140.102,0,3,6,1.2333,-1.2333,1.0472,-0.1379,-1.5247,0.0000,0.0000,0.0000,0.9237,0.3781,16.0486,0.025,9447,0.0139,-0.0571,1.1112,1,3,0.117
140.203,0,3,6,1.2333,-1.2333,1.0466,-0.1340,-1.6338,0.0000,0.0000,0.0000,0.9236,0.3782,16.0539,0.061,9448,0.0139,-0.0571,1.1151,1,3,0.117
140.303,0,3,6,1.2333,-1.2333,1.0443,-0.1204,-1.4849,0.0000,0.0000,0.0000,0.9237,0.3782,16.0515,0.029,9450,0.0139,-0.0571,1.1289,1,3,0.117
140.405,0,3,6,1.2333,-1.2333,1.0438,-0.1169,-1.6054,0.0000,0.0000,0.0000,0.9237,0.3782,16.0499,0.061,9451,0.0138,-0.0571,1.1324,1,3,0.117
140.502,0,3,6,1.2333,-1.2333,1.0416,-0.1042,-1.4830,0.0000,0.0000,0.0000,0.9237,0.3782,16.0543,0.009,9453,0.0138,-0.0571,1.1453,1,3,0.117
140.603,0,3,6,1.2333,-1.2333,1.0411,-0.1007,-1.5853,0.0000,0.0000,0.0000,0.9237,0.3781,16.0368,0.053,9454,0.0138,-0.0571,1.1489,1,3,0.117
140.703,0,3,6,1.2333,-1.2333,1.0389,-0.0882,-1.4538,0.0000,0.0000,0.0000,0.9240,0.3779,16.0111,0.014,9456,0.0138,-0.0571,1.1616,1,3,0.117
140.803,0,3,6,1.2333,-1.2333,1.0385,-0.0852,-1.5633,0.0000,0.0000,0.0000,0.9238,0.3775,15.9948,0.038,9457,0.0138,-0.0571,1.1645,1,3,0.117
140.902,0,3,6,1.2333,-1.2333,1.0365,-0.0735,-1.3383,0.0000,0.0000,0.0000,0.9239,0.3774,15.9989,0.030,9459,0.0138,-0.0571,1.1765,1,3,0.117
141.004,0,3,6,1.2333,-1.2333,1.0378,-0.0796,-1.6777,0.0000,0.0000,0.0000,0.9239,0.3774,15.9989,0.132,9459,0.0138,-0.0571,1.1702,1,3,0.117
141.102,0,3,6,1.2333,-1.2333,1.0372,-0.0759,-1.7449,0.0000,0.0000,0.0000,0.9239,0.3783,16.1178,0.027,9460,0.0138,-0.0571,1.1739,1,3,0.117
141.204,0,3,6,1.2333,-1.2333,1.0368,-0.0729,-1.8387,0.0000,0.0000,0.0000,0.9239,0.3783,16.1229,0.061,9461,0.0138,-0.0572,1.1769,1,3,0.117
141.302,0,3,6,1.2333,-1.2333,1.0363,-0.0697,-1.8741,0.0000,0.0000,0.0000,0.9235,0.3783,16.1059,0.097,9462,0.0138,-0.0572,1.1802,1,3,0.117
141.403,0,3,6,1.2333,-1.2333,1.0359,-0.0666,-1.9882,0.0000,0.0000,0.0000,0.9236,0.3788,16.1707,0.063,9463,0.0138,-0.0572,1.1833,1,3,0.117
141.502,0,3,6,1.2333,-1.2333,1.0354,-0.0633,-1.9829,0.0000,0.0000,0.0000,0.9235,0.3789,16.1622,0.027,9464,0.0138,-0.0572,1.1866,1,3,0.117
141.604,0,3,6,1.2333,-1.2333,1.0350,-0.0605,-2.0918,0.0000,0.0000,0.0000,0.9235,0.3793,16.2123,0.059,9465,0.0138,-0.0572,1.1895,1,3,0.117
141.703,0,3,6,1.2333,-1.2333,1.0328,-0.0485,-1.9363,0.0000,0.0000,0.0000,0.9227,0.3796,16.1619,0.029,9467,0.0138,-0.0572,1.2017,1,3,0.117
141.802,0,3,6,1.2333,-1.2333,1.0324,-0.0458,-1.9903,0.0000,0.0000,0.0000,0.9225,0.3797,16.1083,0.058,9468,0.0138,-0.0572,1.2044,1,3,0.117
141.904,0,3,6,1.2333,-1.2333,1.0305,-0.0350,-1.8312,0.0000,0.0000,0.0000,0.9225,0.3799,16.1452,0.009,9470,0.0138,-0.0572,1.2154,1,3,0.117
142.003,0,3,6,1.2333,-1.2333,1.0316,-0.0404,-2.1452,0.0000,0.0000,0.0000,0.9225,0.3799,16.1452,0.107,9470,0.0138,-0.0572,1.2099,1,3,0.117
142.103,0,3,6,1.2333,-1.2333,1.0311,-0.0376,-2.1927,0.0000,0.0000,0.0000,0.9229,0.3800,16.1497,0.004,9472,0.0138,-0.0572,1.2128,1,3,0.117
142.205,0,3,6,1.2333,-1.2333,1.0292,-0.0269,-2.0004,0.0000,0.0000,0.0000,0.9230,0.3800,16.1571,0.053,9473,0.0138,-0.0572,1.2236,1,3,0.117
142.303,0,3,6,1.2333,-1.2333,1.0273,-0.0163,-1.7960,0.0000,0.0000,0.0000,0.9229,0.3801,16.1597,0.031,9475,0.0138,-0.0572,1.2344,1,3,0.117
142.402,0,3,6,1.2333,-1.2333,1.0270,-0.0142,-1.8791,0.0000,0.0000,0.0000,0.9227,0.3802,16.1629,0.059,9476,0.0138,-0.0572,1.2365,1,3,0.117
142.502,0,3,6,1.2333,-1.2333,1.0252,-0.0043,-1.7040,0.0000,0.0000,0.0000,0.9227,0.3802,16.1468,0.029,9478,0.0138,-0.0572,1.2465,1,3,0.117
142.603,0,3,6,1.2333,-1.2333,1.0250,-0.0025,-1.8051,0.0000,0.0000,0.0000,0.9226,0.3802,16.1522,0.061,9479,0.0138,-0.0572,1.2483,1,3,0.117
142.702,0,3,6,1.2333,-1.2333,1.0233,0.0069,-1.6173,0.0000,0.0000,0.0000,0.9228,0.3803,16.1579,0.027,9481,0.0138,-0.0572,1.2579,1,3,0.117
142.803,0,3,6,1.2333,-1.2333,1.0231,0.0083,-1.7152,0.0000,0.0000,0.0000,0.9228,0.3803,16.1571,0.056,9482,0.0138,-0.0572,1.2593,1,3,0.117
142.902,0,3,6,1.2333,-1.2333,1.0215,0.0173,-1.5484,0.0000,0.0000,0.0000,0.9227,0.3805,16.1750,0.030,9484,0.0138,-0.0572,1.2684,1,3,0.117
143.003,0,3,6,1.2333,-1.2333,1.0227,0.0114,-1.9038,0.0000,0.0000,0.0000,0.9227,0.3805,16.1750,0.131,9484,0.0138,-0.0572,1.2625,1,3,0.117
143.102,0,3,6,1.2333,-1.2333,1.0239,0.0057,-2.2355,0.0000,0.0000,0.0000,0.9227,0.3805,16.1750,0.230,9484,0.0138,-0.0572,1.2566,1,3,0.117
143.203,0,3,6,1.2333,-1.2333,1.0236,0.0076,-2.2948,0.0000,0.0000,0.0000,0.9225,0.3807,16.1736,0.061,9485,0.0138,-0.0572,1.2585,1,3,0.117
143.302,0,3,6,1.2333,-1.2333,1.0247,0.0018,-2.6150,0.0000,0.0000,0.0000,0.9225,0.3807,16.1736,0.160,9485,0.0138,-0.0572,1.2527,1,3,0.117
143.403,0,3,6,1.2333,-1.2333,1.0244,0.0040,-2.6460,0.0000,0.0000,0.0000,0.9227,0.3807,16.1622,0.057,9486,0.0138,-0.0572,1.2549,1,3,0.117
143.502,0,3,6,1.2333,-1.2333,1.0225,0.0142,-2.3892,0.0000,0.0000,0.0000,0.9227,0.3808,16.1645,0.019,9488,0.0138,-0.0572,1.2652,1,3,0.117
143.605,0,3,6,1.2333,-1.2333,1.0223,0.0160,-2.4292,0.0000,0.0000,0.0000,0.9227,0.3808,16.1625,0.063,9489,0.0138,-0.0572,1.2670,1,3,0.117
143.702,0,3,6,1.2333,-1.2333,1.0205,0.0255,-2.1986,0.0000,0.0000,0.0000,0.9229,0.3807,16.1456,0.029,9491,0.0138,-0.0572,1.2767,1,3,0.117
143.803,0,3,6,1.2333,-1.2333,1.0203,0.0270,-2.2574,0.0000,0.0000,0.0000,0.9228,0.3808,16.1524,0.061,9492,0.0138,-0.0572,1.2782,1,3,0.117
143.903,0,3,6,1.2333,-1.2333,1.0187,0.0360,-2.0276,0.0000,0.0000,0.0000,0.9229,0.3807,16.1456,0.030,9494,0.0138,-0.0572,1.2873,1,3,0.117
144.004,0,3,6,1.2333,-1.2333,1.0185,0.0372,-2.0978,0.0000,0.0000,0.0000,0.9229,0.3807,16.1433,0.062,9495,0.0138,-0.0572,1.2885,1,3,0.117
144.103,0,3,6,1.2333,-1.2333,1.0170,0.0455,-1.8886,0.0000,0.0000,0.0000,0.9229,0.3807,16.1403,0.029,9497,0.0138,-0.0572,1.2970,1,3,0.117
144.203,0,3,6,1.2333,-1.2333,1.0169,0.0464,-1.9669,0.0000,0.0000,0.0000,0.9229,0.3807,16.1393,0.065,9498,0.0138,-0.0572,1.2979,1,3,0.117
144.303,0,3,6,1.2333,-1.2333,1.0155,0.0543,-1.7681,0.0000,0.0000,0.0000,0.9229,0.3807,16.1404,0.030,9500,0.0138,-0.0572,1.3059,1,3,0.117
144.404,0,3,6,1.2333,-1.2333,1.0154,0.0550,-1.8579,0.0000,0.0000,0.0000,0.9229,0.3807,16.1407,0.064,9501,0.0138,-0.0572,1.3066,1,3,0.117
144.502,0,3,6,1.2333,-1.2333,1.0140,0.0624,-1.6674,0.0000,0.0000,0.0000,0.9229,0.3806,16.1350,0.030,9503,0.0138,-0.0572,1.3142,1,3,0.117
144.603,0,3,6,1.2333,-1.2333,1.0141,0.0628,-1.7734,0.0000,0.0000,0.0000,0.9230,0.3806,16.1326,0.063,9504,0.0138,-0.0572,1.3146,1,3,0.117
144.703,0,3,6,1.2333,-1.2333,1.0127,0.0700,-1.5820,0.0000,0.0000,0.0000,0.9229,0.3807,16.1320,0.018,9506,0.0138,-0.0572,1.3219,1,3,0.117
144.803,0,3,6,1.2333,-1.2333,1.0128,0.0703,-1.6814,0.0000,0.0000,0.0000,0.9230,0.3807,16.1336,0.037,9507,0.0138,-0.0572,1.3222,1,3,0.117
144.902,0,3,6,1.2333,-1.2333,1.0114,0.0813,-1.5474,0.0000,0.0000,0.0000,0.9709,0.3461,15.1194,0.020,9509,0.0138,-0.0572,1.3332,1,3,0.117
145.003,0,3,6,1.2333,-1.2333,1.0114,0.0812,-1.6858,0.0000,0.0000,0.0000,0.9709,0.3461,15.1194,0.121,9509,0.0138,-0.0572,1.3331,1,3,0.117
145.103,0,3,6,1.2333,-1.2333,1.0112,0.0865,-1.5410,0.0000,0.0000,0.0000,0.9724,0.3439,14.8343,0.029,9510,0.0137,-0.0572,1.3384,1,3,0.117
145.206,0,3,6,1.2333,-1.2333,1.0156,0.0525,-1.6594,0.0000,0.0000,0.0000,1.2730,-1.8878,-15.5255,0.032,9512,0.0138,-0.0572,1.3041,1,3,0.117
145.306,0,3,6,1.2333,-1.2333,1.0152,0.0584,-1.5134,0.0000,0.0000,0.0000,0.9724,0.3438,14.8290,0.030,9513,0.0138,-0.0572,1.3100,1,3,0.117
145.407,0,3,6,1.2333,-1.2333,1.0148,0.0641,-1.3794,0.0000,0.0000,0.0000,0.9724,0.3438,14.8282,0.063,9514,0.0137,-0.0572,1.3157,1,3,0.117
145.502,0,3,6,1.2333,-1.2333,1.0140,0.0752,-0.9975,0.0000,0.0000,0.0000,0.9724,0.3438,14.8293,0.030,9516,0.0136,-0.0572,1.3268,1,3,0.117
145.606,0,3,6,1.2333,-1.2333,1.0136,0.0806,-0.8688,0.0000,0.0000,0.0000,0.9725,0.3438,14.8281,0.063,9517,0.0136,-0.0572,1.3321,1,3,0.117
145.703,0,3,6,1.2333,-1.2333,1.0127,0.0909,-0.5068,0.0000,0.0000,0.0000,0.9724,0.3437,14.8257,0.030,9519,0.0135,-0.0572,1.3425,1,3,0.117
145.804,0,3,6,1.2333,-1.2333,1.0123,0.0959,-0.3873,0.0000,0.0000,0.0000,0.9724,0.3437,14.8266,0.062,9520,0.0135,-0.0572,1.3475,1,3,0.117
145.903,0,3,6,1.2333,-1.2333,1.0114,0.1056,-0.0436,0.0000,0.0000,0.0000,0.9725,0.3436,14.8263,0.030,9522,0.0135,-0.0573,1.3572,1,3,0.117
146.002,0,3,6,1.2333,-1.2333,1.0109,0.1104,0.0700,0.0000,0.0000,0.0000,0.9725,0.3436,14.8252,0.032,9523,0.0135,-0.0573,1.3620,1,3,0.117
146.103,0,3,6,1.2333,-1.2333,1.0104,0.1150,0.1897,0.0000,0.0000,0.0000,0.9725,0.3436,14.8244,0.009,9525,0.0134,-0.0573,1.3666,1,3,0.117
146.204,0,3,6,1.2333,-1.2333,1.0094,0.1239,0.5082,0.0000,0.0000,0.0000,0.9725,0.3435,14.8248,0.053,9526,0.0134,-0.0573,1.3756,1,3,0.117
146.303,0,3,6,1.2333,-1.2333,1.0085,0.1324,0.8258,0.0000,0.0000,0.0000,0.9724,0.3434,14.8190,0.030,9528,0.0134,-0.0573,1.3841,1,3,0.117
146.402,0,3,6,1.2333,-1.2333,1.0080,0.1365,0.9207,0.0000,0.0000,0.0000,0.9724,0.3434,14.8189,0.060,9529,0.0134,-0.0573,1.3882,1,3,0.117
146.504,0,3,6,1.2333,-1.2333,1.0075,0.1406,1.0249,0.0000,0.0000,0.0000,0.9724,0.3434,14.8183,0.031,9530,0.0133,-0.0573,1.3923,1,3,0.117
146.605,0,3,6,1.2333,-1.2333,1.0070,0.1446,1.1219,0.0000,0.0000,0.0000,0.9724,0.3434,14.8181,0.065,9531,0.0133,-0.0573,1.3964,1,3,0.117
146.702,0,3,6,1.2333,-1.2333,1.0061,0.1523,1.4216,0.0000,0.0000,0.0000,0.9725,0.3431,14.8142,0.026,9533,0.0133,-0.0573,1.4041,1,3,0.117
146.802,0,3,6,1.2333,-1.2333,1.0056,0.1560,1.5109,0.0000,0.0000,0.0000,0.9724,0.3430,14.8114,0.061,9534,0.0133,-0.0573,1.4079,1,3,0.117
146.902,0,3,6,1.2333,-1.2333,1.0046,0.1632,1.7979,0.0000,0.0000,0.0000,0.9724,0.3430,14.8148,0.028,9536,0.0133,-0.0573,1.4152,1,3,0.117
147.005,0,3,6,1.2333,-1.2333,1.0041,0.1667,1.8811,0.0000,0.0000,0.0000,0.9724,0.3430,14.8140,0.063,9537,0.0133,-0.0573,1.4187,1,3,0.117
147.102,0,3,6,1.2333,-1.2333,1.0032,0.1735,2.1569,0.0000,0.0000,0.0000,0.9723,0.3429,14.8109,0.028,9539,0.0133,-0.0573,1.4255,1,3,0.117
147.205,0,3,6,1.2333,-1.2333,1.0027,0.1768,2.2334,0.0000,0.0000,0.0000,0.9724,0.3429,14.8090,0.063,9540,0.0133,-0.0573,1.4289,1,3,0.117
147.302,0,3,6,1.2333,-1.2333,1.0018,0.1831,2.4968,0.0000,0.0000,0.0000,0.9723,0.3429,14.8116,0.028,9542,0.0133,-0.0573,1.4353,1,3,0.117
147.403,0,3,6,1.2333,-1.2333,1.0013,0.1862,2.5687,0.0000,0.0000,0.0000,0.9723,0.3429,14.8122,0.060,9543,0.0133,-0.0573,1.4384,1,3,0.117
147.502,0,3,6,1.2333,-1.2333,1.0009,0.1892,2.6454,0.0000,0.0000,0.0000,0.9723,0.3428,14.8108,0.002,9545,0.0133,-0.0573,1.4414,1,3,0.117
147.603,0,3,6,1.2333,-1.2333,1.0000,0.1951,2.8903,0.0000,0.0000,0.0000,0.9723,0.3428,14.8084,0.038,9546,0.0132,-0.0573,1.4474,1,3,0.117
147.702,0,3,6,1.2333,-1.2333,0.9991,0.2007,3.1338,0.0000,0.0000,0.0000,0.9723,0.3428,14.8084,0.030,9548,0.0132,-0.0573,1.4530,1,3,0.117
147.804,0,3,6,1.2333,-1.2333,1.0036,0.1647,2.9221,0.0000,0.0000,0.0000,0.9723,0.3428,14.8075,0.062,9550,0.0133,-0.0573,1.4168,1,3,0.117
147.904,0,3,6,1.2333,-1.2333,1.0026,0.1713,3.1585,0.0000,0.0000,0.0000,0.9723,0.3427,14.8079,0.028,9552,0.0133,-0.0573,1.4234,1,3,0.117
148.003,0,3,6,1.2333,-1.2333,1.0021,0.1745,3.2177,0.0000,0.0000,0.0000,0.9723,0.3427,14.8078,0.063,9553,0.0133,-0.0573,1.4267,1,3,0.117
148.102,0,3,6,1.2333,-1.2333,1.0012,0.1807,3.4449,0.0000,0.0000,0.0000,0.9723,0.3427,14.8075,0.030,9555,0.0133,-0.0573,1.4330,1,3,0.117
148.204,0,3,6,1.2333,-1.2333,1.0007,0.1837,3.4969,0.0000,0.0000,0.0000,0.9723,0.3427,14.8067,0.063,9556,0.0133,-0.0573,1.4360,1,3,0.117
148.302,0,3,6,1.2333,-1.2333,0.9998,0.1896,3.7148,0.0000,0.0000,0.0000,0.9722,0.3426,14.8048,0.029,9558,0.0133,-0.0573,1.4420,1,3,0.117
148.404,0,3,6,1.2333,-1.2333,0.9993,0.1925,3.7657,0.0000,0.0000,0.0000,0.9722,0.3426,14.8049,0.064,9559,0.0133,-0.0573,1.4449,1,3,0.117
148.502,0,3,6,1.2333,-1.2333,0.9984,0.1980,3.9762,0.0000,0.0000,0.0000,0.9722,0.3426,14.8062,0.031,9561,0.0133,-0.0573,1.4505,1,3,0.117
148.604,0,3,6,1.2333,-1.2333,0.9980,0.2007,4.0243,0.0000,0.0000,0.0000,0.9723,0.3426,14.8051,0.067,9562,0.0133,-0.0573,1.4532,1,3,0.117
148.704,0,3,6,1.2333,-1.2333,0.9975,0.2033,4.0742,0.0000,0.0000,0.0000,0.9722,0.3425,14.8042,0.003,9564,0.0133,-0.0573,1.4559,1,3,0.117
148.802,0,3,6,1.2333,-1.2333,0.9967,0.2085,4.2719,0.0000,0.0000,0.0000,0.9723,0.3425,14.8021,0.029,9565,0.0133,-0.0573,1.4611,1,3,0.117
148.902,0,3,6,1.2333,-1.2333,1.0008,0.1758,4.1884,0.0000,0.0000,0.0000,0.9722,0.3425,14.7996,0.010,9568,0.0134,-0.0573,1.4282,1,3,0.117
149.003,0,3,6,1.2333,-1.2333,1.0003,0.1788,4.2316,0.0000,0.0000,0.0000,0.9723,0.3424,14.7997,0.057,9569,0.0134,-0.0573,1.4313,1,3,0.117
149.103,0,3,6,1.2333,-1.2333,0.9994,0.1848,4.4274,0.0000,0.0000,0.0000,0.9721,0.3424,14.7990,0.030,9571,0.0134,-0.0573,1.4373,1,3,0.117
149.203,0,3,6,1.2333,-1.2333,0.9989,0.1876,4.4631,0.0000,0.0000,0.0000,0.9721,0.3423,14.8017,0.063,9572,0.0134,-0.0573,1.4402,1,3,0.117
149.302,0,3,6,1.2333,-1.2333,0.9985,0.1905,4.5080,0.0000,0.0000,0.0000,0.9721,0.3423,14.8005,0.098,9573,0.0134,-0.0573,1.4430,1,3,0.117
149.402,0,3,6,1.2333,-1.2333,0.9980,0.1933,4.5463,0.0000,0.0000,0.0000,0.9721,0.3423,14.8006,0.061,9574,0.0134,-0.0573,1.4459,1,3,0.117
149.502,0,3,6,1.2333,-1.2333,0.9971,0.1988,4.7344,0.0000,0.0000,0.0000,0.9722,0.3422,14.7972,0.029,9576,0.0134,-0.0573,1.4515,1,3,0.117
149.602,0,3,6,1.2333,-1.2333,0.9967,0.2014,4.7704,0.0000,0.0000,0.0000,0.9721,0.3422,14.7987,0.062,9577,0.0134,-0.0573,1.4542,1,3,0.117
149.702,0,3,6,1.2333,-1.2333,0.9958,0.2066,4.9486,0.0000,0.0000,0.0000,0.9721,0.3422,14.7993,0.029,9579,0.0134,-0.0573,1.4594,1,3,0.117
149.804,0,3,6,1.2333,-1.2333,0.9954,0.2091,4.9802,0.0000,0.0000,0.0000,0.9721,0.3421,14.7984,0.061,9580,0.0134,-0.0573,1.4620,1,3,0.117
149.902,0,3,6,1.2333,-1.2333,0.9946,0.2140,5.1564,0.0000,0.0000,0.0000,0.9721,0.3421,14.7952,0.030,9582,0.0134,-0.0573,1.4669,1,3,0.117
150.002,0,3,6,1.2333,-1.2333,0.9942,0.2164,5.1858,0.0000,0.0000,0.0000,0.9721,0.3421,14.7968,0.063,9583,0.0134,-0.0573,1.4693,1,3,0.117
150.104,0,3,6,1.2333,-1.2333,0.9990,0.1796,4.9266,0.0000,0.0000,0.0000,0.9721,0.3421,14.7965,0.002,9586,0.0135,-0.0573,1.4322,1,3,0.117
150.203,0,3,6,1.2333,-1.2333,0.9981,0.1855,5.0945,0.0000,0.0000,0.0000,0.9721,0.3420,14.7957,0.034,9587,0.0135,-0.0573,1.4382,1,3,0.117
150.302,0,3,6,1.2333,-1.2333,0.9972,0.1912,5.2645,0.0000,0.0000,0.0000,1.2763,-1.8863,-15.4620,0.006,9590,0.0135,-0.0573,1.4439,1,3,0.117
150.407,0,3,6,1.2333,-1.2333,1.0016,0.1571,5.0036,0.0000,0.0000,0.0000,0.9720,0.3420,14.7965,0.067,9591,0.0136,-0.0572,1.4097,1,3,0.117
150.502,0,3,6,1.2333,-1.2333,1.0006,0.1637,5.1720,0.0000,0.0000,0.0000,0.9720,0.3419,14.7955,0.028,9593,0.0135,-0.0572,1.4163,1,3,0.117
150.603,0,3,6,1.2333,-1.2333,1.0001,0.1669,5.2094,0.0000,0.0000,0.0000,0.9721,0.3419,14.7891,0.063,9594,0.0135,-0.0572,1.4195,1,3,0.117
150.703,0,3,6,1.2333,-1.2333,0.9991,0.1731,5.3635,0.0000,0.0000,0.0000,0.9721,0.3418,14.7936,0.032,9596,0.0135,-0.0572,1.4258,1,3,0.117
150.804,0,3,6,1.2333,-1.2333,0.9987,0.1762,5.3900,0.0000,0.0000,0.0000,0.9721,0.3418,14.7908,0.059,9597,0.0135,-0.0572,1.4289,1,3,0.117
150.914,0,3,6,1.2333,-1.2333,0.9977,0.1821,5.5536,0.0000,0.0000,0.0000,0.9720,0.3417,14.7918,0.021,9599,0.0135,-0.0572,1.4349,1,3,0.117
151.008,0,3,6,1.2333,-1.2333,0.9973,0.1850,5.5941,0.0000,0.0000,0.0000,0.9720,0.3417,14.7885,0.065,9600,0.0135,-0.0572,1.4379,1,3,0.117
151.123,0,3,6,1.2333,-1.2333,0.9968,0.1879,5.6406,0.0000,0.0000,0.0000,0.9720,0.3417,14.7860,0.027,9602,0.0135,-0.0572,1.4407,1,3,0.117
151.208,0,3,6,1.2333,-1.2333,0.9959,0.1934,5.7523,0.0000,0.0000,0.0000,0.9719,0.3417,14.7903,0.039,9603,0.0135,-0.0572,1.4464,1,3,0.117
151.309,0,3,6,1.2333,-1.2333,0.9951,0.1988,5.8930,0.0000,0.0000,0.0000,0.9720,0.3416,14.7873,0.024,9605,0.0135,-0.0572,1.4518,1,3,0.117
151.409,0,3,6,1.2333,-1.2333,0.9947,0.2014,5.9105,0.0000,0.0000,0.0000,0.9720,0.3416,14.7878,0.057,9606,0.0135,-0.0572,1.4544,1,3,0.117
151.512,0,3,6,1.2333,-1.2333,0.9938,0.2065,6.0469,0.0000,0.0000,0.0000,0.9719,0.3415,14.7859,0.003,9608,0.0135,-0.0572,1.4596,1,3,0.117
151.609,0,3,6,1.2333,-1.2333,0.9935,0.2090,6.0917,0.0000,0.0000,0.0000,0.9719,0.3414,14.7834,0.020,9609,0.0135,-0.0572,1.4621,1,3,0.117
151.707,0,3,6,1.2333,-1.2333,0.9931,0.2114,6.1147,0.0000,0.0000,0.0000,0.9719,0.3414,14.7822,0.073,9610,0.0135,-0.0572,1.4646,1,3,0.117
151.806,0,3,6,1.2333,-1.2333,0.9927,0.2139,6.0939,0.0000,0.0000,0.0000,0.9719,0.3414,14.7825,0.002,9612,0.0135,-0.0572,1.4671,1,3,0.117
151.903,0,3,6,1.2333,-1.2333,0.9919,0.2185,6.2449,0.0000,0.0000,0.0000,0.9720,0.3411,14.7803,0.006,9614,0.0135,-0.0572,1.4718,1,3,0.117
152.003,0,3,6,1.2333,-1.2333,0.9912,0.2230,6.3873,0.0000,0.0000,0.0000,0.9720,0.3411,14.7783,0.052,9615,0.0135,-0.0572,1.4763,1,3,0.117
